Linux 6.8.0-136-generic (856a17914eb3) 	08/10/26 	_x86_64_	(72 CPU)

14:25:45     CPU    %usr   %nice    %sys %iowait    %irq   %soft  %steal  %guest  %gnice   %idle
14:25:46     all    7.46    0.00    1.09    0.00    0.00    0.00    0.00    0.00    0.00   91.46
14:25:47     all    2.21    0.00    1.36    0.00    0.00    0.00    0.00    0.00    0.00   96.43
14:25:48     all    2.20    0.00    1.14    0.00    0.00    0.00    0.00    0.00    0.00   96.66
14:25:49     all    2.36    0.00    0.86    0.00    0.00    0.01    0.00    0.00    0.00   96.76
14:25:50     all    2.76    0.00    1.04    0.00    0.00    0.00    0.00    0.00    0.00   96.20
14:25:51     all    1.50    0.00    0.90    0.00    0.00    0.00    0.00    0.00    0.00   97.59
14:25:52     all    1.65    0.00    0.29    0.01    0.00    0.00    0.00    0.00    0.00   98.04
14:25:53     all    1.49    0.00    0.19    0.00    0.00    0.00    0.00    0.00    0.00   98.32
14:25:54     all    2.06    0.00    0.25    0.00    0.00    0.00    0.00    0.00    0.00   97.69
14:25:55     all    1.50    0.00    0.18    0.00    0.00    0.00    0.00    0.00    0.00   98.32
14:25:56     all    1.46    0.00    0.24    0.00    0.00    0.00    0.00    0.00    0.00   98.31
14:25:57     all    1.61    0.00    0.29    0.00    0.00    0.00    0.00    0.00    0.00   98.10
14:25:58     all    1.60    0.00    0.21    0.00    0.00    0.00    0.00    0.00    0.00   98.19
14:25:59     all    1.31    0.00    0.29    0.00    0.00    0.00    0.00    0.00    0.00   98.40
14:26:00     all    1.60    0.00    0.22    0.00    0.00    0.00    0.00    0.00    0.00   98.18
14:26:01     all    1.64    0.00    0.31    0.00    0.00    0.00    0.00    0.00    0.00   98.06
14:26:02     all    1.43    0.00    0.24    0.00    0.00    0.00    0.00    0.00    0.00   98.33
14:26:03     all    1.79    0.00    0.42    0.00    0.00    0.00    0.00    0.00    0.00   97.79
14:26:04     all    1.58    0.00    0.22    0.00    0.00    0.00    0.00    0.00    0.00   98.19
14:26:05     all    1.37    0.00    0.22    0.00    0.00    0.00    0.00    0.00    0.00   98.40
14:26:06     all    1.61    0.00    0.25    0.00    0.00    0.00    0.00    0.00    0.00   98.14
14:26:07     all    1.76    0.00    0.32    0.00    0.00    0.00    0.00    0.00    0.00   97.92
14:26:08     all    1.44    0.00    0.24    0.00    0.00    0.00    0.00    0.00    0.00   98.32
14:26:09     all    1.73    0.00    0.36    0.00    0.00    0.00    0.00    0.00    0.00   97.91
14:26:10     all    2.92    0.00    0.29    0.00    0.00    0.00    0.00    0.00    0.00   96.79
14:26:11     all    1.13    0.00    0.67    0.01    0.00    0.00    0.00    0.00    0.00   98.19
14:26:12     all    2.15    0.00    0.28    0.00    0.00    0.00    0.00    0.00    0.00   97.57
14:26:13     all    3.18    0.00    0.28    0.00    0.00    0.00    0.00    0.00    0.00   96.54
14:26:14     all    2.28    0.00    0.15    0.00    0.00    0.00    0.00    0.00    0.00   97.57
14:26:15     all    2.65    0.00    0.29    0.00    0.00    0.01    0.00    0.00    0.00   97.04
14:26:16     all    4.01    0.00    0.31    0.00    0.00    0.00    0.00    0.00    0.00   95.68
14:26:17     all    1.56    0.00    0.24    0.00    0.00    0.00    0.00    0.00    0.00   98.21
14:26:18     all    3.75    0.00    0.25    0.00    0.00    0.00    0.00    0.00    0.00   95.99
14:26:19     all    1.88    0.00    0.42    0.00    0.00    0.00    0.00    0.00    0.00   97.71
14:26:20     all    3.49    0.00    0.19    0.00    0.00    0.00    0.00    0.00    0.00   96.31
14:26:21     all    1.67    0.00    0.15    0.00    0.00    0.00    0.00    0.00    0.00   98.18
14:26:22     all    3.74    0.00    0.37    0.00    0.00    0.00    0.00    0.00    0.00   95.89
14:26:23     all    3.68    0.00    0.24    0.00    0.00    0.00    0.00    0.00    0.00   96.09
14:26:24     all    1.67    0.00    0.21    0.00    0.00    0.00    0.00    0.00    0.00   98.12
14:26:25     all    3.72    0.01    0.25    0.00    0.00    0.00    0.00    0.00    0.00   96.01
14:26:26     all    1.42    0.00    0.11    0.00    0.00    0.00    0.00    0.00    0.00   98.47
14:26:27     all    3.85    0.00    0.35    0.00    0.00    0.00    0.00    0.00    0.00   95.81
14:26:28     all    1.74    0.00    0.18    0.00    0.00    0.00    0.00    0.00    0.00   98.08
14:26:29     all    3.65    0.00    0.33    0.00    0.00    0.00    0.00    0.00    0.00   96.01
14:26:30     all    2.18    0.00    0.29    0.00    0.00    0.01    0.00    0.00    0.00   97.51
14:26:31     all    3.75    0.00    0.26    0.00    0.00    0.00    0.00    0.00    0.00   95.98
14:26:32     all    4.08    0.00    0.32    0.00    0.00    0.00    0.00    0.00    0.00   95.60
14:26:33     all    1.77    0.00    0.24    0.00    0.00    0.01    0.00    0.00    0.00   97.98
14:26:34     all    4.23    0.00    0.38    0.00    0.00    0.00    0.00    0.00    0.00   95.40
14:26:35     all    1.83    0.00    0.22    0.00    0.00    0.00    0.00    0.00    0.00   97.94
14:26:36     all    3.86    0.00    0.31    0.00    0.00    0.00    0.00    0.00    0.00   95.83
14:26:37     all    1.65    0.00    0.10    0.00    0.00    0.00    0.00    0.00    0.00   98.25
14:26:38     all    3.62    0.00    0.40    0.00    0.00    0.00    0.00    0.00    0.00   95.97
14:26:39     all    1.63    0.00    0.14    0.00    0.00    0.00    0.00    0.00    0.00   98.24
14:26:40     all    3.81    0.00    0.25    0.00    0.00    0.00    0.00    0.00    0.00   95.94
14:26:41     all    3.52    0.00    0.22    0.00    0.00    0.00    0.00    0.00    0.00   96.26
14:26:42     all    1.67    0.00    0.22    0.00    0.00    0.00    0.00    0.00    0.00   98.11
14:26:43     all    3.75    0.00    0.36    0.00    0.00    0.00    0.00    0.00    0.00   95.89
14:26:44     all    1.49    0.00    0.17    0.00    0.00    0.00    0.00    0.00    0.00   98.35
14:26:45     all    3.70    0.00    0.19    0.00    0.00    0.00    0.00    0.00    0.00   96.11
14:26:46     all    1.68    0.00    0.17    0.00    0.00    0.00    0.00    0.00    0.00   98.15
14:26:47     all    3.47    0.00    0.28    0.00    0.00    0.00    0.00    0.00    0.00   96.25
14:26:48     all    1.75    0.00    0.25    0.00    0.00    0.00    0.00    0.00    0.00   98.00
14:26:49     all    3.85    0.00    0.25    0.00    0.00    0.00    0.00    0.00    0.00   95.90
14:26:50     all    1.43    0.00    0.12    0.00    0.00    0.00    0.00    0.00    0.00   98.45
14:26:51     all    3.94    0.00    0.49    0.00    0.00    0.00    0.00    0.00    0.00   95.57
14:26:52     all    1.67    0.00    0.13    0.00    0.00    0.00    0.00    0.00    0.00   98.21
14:26:53     all    3.43    0.00    0.32    0.00    0.00    0.00    0.00    0.00    0.00   96.25
14:26:54     all    1.71    0.00    0.25    0.00    0.00    0.00    0.00    0.00    0.00   98.04
14:26:55     all    3.92    0.00    0.37    0.00    0.00    0.00    0.00    0.00    0.00   95.71
14:26:56     all    1.71    0.00    0.25    0.00    0.00    0.00    0.00    0.00    0.00   98.04
14:26:57     all    3.92    0.00    0.28    0.00    0.00    0.00    0.00    0.00    0.00   95.80
14:26:58     all    4.04    0.00    0.28    0.00    0.00    0.00    0.00    0.00    0.00   95.69
14:26:59     all    1.40    0.00    0.15    0.00    0.00    0.00    0.00    0.00    0.00   98.44
14:27:00     all    3.88    0.00    0.26    0.00    0.00    0.00    0.00    0.00    0.00   95.86
14:27:01     all    1.68    0.01    0.15    0.00    0.00    0.00    0.00    0.00    0.00   98.15
14:27:02     all    3.65    0.00    0.15    0.00    0.00    0.00    0.00    0.00    0.00   96.19
14:27:03     all    1.71    0.00    0.18    0.00    0.00    0.01    0.00    0.00    0.00   98.09
14:27:04     all    3.97    0.00    0.44    0.00    0.00    0.00    0.00    0.00    0.00   95.59
14:27:05     all    1.50    0.00    0.14    0.00    0.00    0.00    0.00    0.00    0.00   98.36
14:27:06     all    3.74    0.00    0.24    0.00    0.00    0.00    0.00    0.00    0.00   96.02
14:27:07     all    3.85    0.00    0.49    0.00    0.00    0.00    0.00    0.00    0.00   95.67
14:27:08     all    1.46    0.00    0.26    0.00    0.00    0.00    0.00    0.00    0.00   98.28
14:27:09     all    3.82    0.00    0.31    0.01    0.00    0.00    0.00    0.00    0.00   95.86
14:27:10     all    1.65    0.00    0.14    0.00    0.00    0.00    0.00    0.00    0.00   98.21
14:27:11     all    3.56    0.00    0.28    0.00    0.00    0.00    0.00    0.00    0.00   96.16
14:27:12     all    1.67    0.00    0.12    0.00    0.00    0.00    0.00    0.00    0.00   98.21
14:27:13     all    3.77    0.00    0.29    0.00    0.00    0.00    0.00    0.00    0.00   95.94
14:27:14     all    1.42    0.00    0.13    0.00    0.00    0.00    0.00    0.00    0.00   98.46
14:27:15     all    3.64    0.00    0.25    0.00    0.00    0.00    0.00    0.00    0.00   96.11
14:27:16     all    2.72    0.00    0.19    0.00    0.00    0.00    0.00    0.00    0.00   97.09
14:27:17     all    2.67    0.00    0.25    0.00    0.00    0.00    0.00    0.00    0.00   97.08
14:27:18     all    4.36    0.00    0.49    0.00    0.00    0.00    0.00    0.00    0.00   95.15
14:27:19     all    2.15    0.00    0.31    0.00    0.00    0.01    0.00    0.00    0.00   97.53
14:27:20     all    3.56    0.00    0.18    0.00    0.00    0.00    0.00    0.00    0.00   96.26
14:27:21     all    1.65    0.00    0.13    0.00    0.00    0.00    0.00    0.00    0.00   98.22
14:27:22     all    3.69    0.00    0.31    0.00    0.00    0.00    0.00    0.00    0.00   96.00
14:27:23     all    1.46    0.00    0.19    0.00    0.00    0.00    0.00    0.00    0.00   98.35
14:27:24     all    3.93    0.00    0.36    0.00    0.00    0.00    0.00    0.00    0.00   95.71
14:27:25     all    1.71    0.00    0.15    0.00    0.00    0.00    0.00    0.00    0.00   98.14
14:27:26     all    3.98    0.00    0.35    0.00    0.00    0.00    0.00    0.00    0.00   95.68
14:27:27     all    3.54    0.07    0.26    0.00    0.00    0.00    0.00    0.00    0.00   96.13
14:27:28     all    2.17    0.00    0.21    0.00    0.00    0.00    0.00    0.00    0.00   97.62
14:27:29     all    1.47    0.00    0.22    0.00    0.00    0.00    0.00    0.00    0.00   98.31
14:27:30     all    3.81    0.00    0.21    0.00    0.00    0.00    0.00    0.00    0.00   95.98
14:27:31     all    1.65    0.00    0.13    0.00    0.00    0.00    0.00    0.00    0.00   98.22
14:27:32     all    3.52    0.00    0.29    0.00    0.00    0.00    0.00    0.00    0.00   96.19
14:27:33     all    1.65    0.00    0.11    0.00    0.00    0.00    0.00    0.00    0.00   98.24
14:27:34     all    3.86    0.00    0.26    0.00    0.00    0.00    0.00    0.00    0.00   95.87
14:27:35     all    1.42    0.00    0.10    0.00    0.00    0.00    0.00    0.00    0.00   98.49
14:27:36     all    3.86    0.00    0.35    0.00    0.00    0.00    0.00    0.00    0.00   95.79
14:27:37     all    2.48    0.00    0.26    0.00    0.00    0.00    0.00    0.00    0.00   97.26
14:27:38     all    3.40    0.00    0.38    0.00    0.00    0.00    0.00    0.00    0.00   96.23
14:27:39     all    3.89    0.00    0.56    0.00    0.00    0.00    0.00    0.00    0.00   95.55
14:27:40     all    1.74    0.00    0.11    0.00    0.00    0.00    0.00    0.00    0.00   98.15
14:27:41     all    3.97    0.00    0.39    0.00    0.00    0.00    0.00    0.00    0.00   95.64
14:27:42     all    1.64    0.00    0.11    0.00    0.00    0.00    0.00    0.00    0.00   98.25
14:27:43     all    3.70    0.00    0.29    0.00    0.00    0.00    0.00    0.00    0.00   96.01
14:27:44     all    1.51    0.00    0.22    0.00    0.00    0.00    0.00    0.00    0.00   98.26
14:27:45     all    3.76    0.00    0.32    0.00    0.00    0.00    0.00    0.00    0.00   95.92
14:27:46     all    1.63    0.00    0.10    0.00    0.00    0.00    0.00    0.00    0.00   98.28
14:27:47     all    3.53    0.00    0.28    0.00    0.00    0.00    0.00    0.00    0.00   96.19
14:27:48     all    1.74    0.00    0.17    0.00    0.00    0.00    0.00    0.00    0.00   98.10
14:27:49     all    3.89    0.00    0.35    0.00    0.00    0.00    0.00    0.00    0.00   95.76
14:27:50     all    3.63    0.00    0.32    0.00    0.00    0.00    0.00    0.00    0.00   96.05
14:27:51     all    1.67    0.00    0.17    0.00    0.00    0.01    0.00    0.00    0.00   98.15
14:27:52     all    3.65    0.00    0.21    0.00    0.00    0.00    0.00    0.00    0.00   96.14
14:27:53     all    1.53    0.00    0.17    0.00    0.00    0.00    0.00    0.00    0.00   98.30
14:27:54     all    3.90    0.00    0.33    0.00    0.00    0.00    0.00    0.00    0.00   95.76
14:27:55     all    1.76    0.00    0.31    0.00    0.00    0.00    0.00    0.00    0.00   97.93
14:27:56     all    3.49    0.00    0.25    0.00    0.00    0.00    0.00    0.00    0.00   96.26
14:27:57     all    2.22    0.00    0.14    0.00    0.00    0.00    0.00    0.00    0.00   97.64
14:27:58     all    3.24    0.00    0.25    0.00    0.00    0.00    0.00    0.00    0.00   96.51
14:27:59     all    3.55    0.00    0.31    0.00    0.00    0.00    0.00    0.00    0.00   96.15
14:28:00     all    1.65    0.00    0.19    0.00    0.00    0.00    0.00    0.00    0.00   98.15
14:28:01     all    3.78    0.00    0.36    0.00    0.00    0.00    0.00    0.00    0.00   95.86
14:28:02     all    1.49    0.00    0.14    0.00    0.00    0.00    0.00    0.00    0.00   98.38
14:28:03     all    4.27    0.00    0.38    0.00    0.00    0.00    0.00    0.00    0.00   95.36
14:28:04     all    1.78    0.00    0.28    0.00    0.00    0.00    0.00    0.00    0.00   97.94
14:28:05     all    3.70    0.00    0.28    0.00    0.00    0.00    0.00    0.00    0.00   96.03
14:28:06     all    1.65    0.00    0.15    0.00    0.00    0.00    0.00    0.00    0.00   98.19
14:28:07     all    3.74    0.00    0.29    0.00    0.00    0.00    0.00    0.00    0.00   95.97
14:28:08     all    1.42    0.00    0.11    0.00    0.00    0.00    0.00    0.00    0.00   98.47
14:28:09     all    3.85    0.00    0.31    0.00    0.00    0.00    0.00    0.00    0.00   95.84
14:28:10     all    1.72    0.00    0.15    0.00    0.00    0.00    0.00    0.00    0.00   98.13
14:28:11     all    3.84    0.00    0.32    0.01    0.00    0.00    0.00    0.00    0.00   95.83
14:28:12     all    1.75    0.00    0.38    0.00    0.00    0.00    0.00    0.00    0.00   97.87
14:28:13     all    3.50    0.00    0.38    0.00    0.00    0.00    0.00    0.00    0.00   96.12
14:28:14     all    1.46    0.00    0.18    0.00    0.00    0.00    0.00    0.00    0.00   98.36
14:28:15     all    3.89    0.00    0.31    0.00    0.00    0.00    0.00    0.00    0.00   95.80
14:28:16     all    1.82    0.00    0.06    0.01    0.00    0.00    0.00    0.00    0.00   98.11
14:28:17     all    3.57    0.00    0.29    0.00    0.00    0.00    0.00    0.00    0.00   96.14
14:28:18     all    1.68    0.00    0.11    0.00    0.00    0.00    0.00    0.00    0.00   98.21
14:28:19     all    3.81    0.00    0.32    0.00    0.00    0.00    0.00    0.00    0.00   95.87
14:28:20     all    1.99    0.00    0.22    0.00    0.00    0.00    0.00    0.00    0.00   97.79
14:28:21     all    3.68    0.00    0.31    0.00    0.00    0.00    0.00    0.00    0.00   96.01
14:28:22     all    1.63    0.00    0.13    0.00    0.00    0.00    0.00    0.00    0.00   98.25
14:28:23     all    3.63    0.00    0.22    0.00    0.00    0.00    0.00    0.00    0.00   96.15
14:28:24     all    1.71    0.00    0.26    0.00    0.00    0.00    0.00    0.00    0.00   98.03
14:28:25     all    3.40    0.00    0.39    0.00    0.00    0.00    0.00    0.00    0.00   96.21
14:28:26     all    2.51    0.00    0.28    0.00    0.00    0.00    0.00    0.00    0.00   97.22
14:28:27     all    1.86    0.00    0.39    0.00    0.00    0.00    0.00    0.00    0.00   97.75
14:28:28     all    3.66    0.00    0.21    0.00    0.00    0.00    0.00    0.00    0.00   96.14
14:28:29     all    1.47    0.00    0.17    0.00    0.00    0.00    0.00    0.00    0.00   98.36
14:28:30     all    3.76    0.00    0.32    0.00    0.00    0.00    0.00    0.00    0.00   95.92
14:28:31     all    1.67    0.00    0.14    0.00    0.00    0.01    0.00    0.00    0.00   98.18
14:28:32     all    3.50    0.00    0.25    0.00    0.00    0.00    0.00    0.00    0.00   96.25
14:28:33     all    1.58    0.00    0.15    0.00    0.00    0.00    0.00    0.00    0.00   98.26
14:28:34     all    3.90    0.00    0.31    0.00    0.00    0.00    0.00    0.00    0.00   95.79
14:28:35     all    1.57    0.00    0.19    0.00    0.00    0.00    0.00    0.00    0.00   98.24
14:28:36     all    3.71    0.00    0.22    0.00    0.00    0.00    0.00    0.00    0.00   96.07
14:28:37     all    1.65    0.00    0.13    0.00    0.00    0.00    0.00    0.00    0.00   98.22
14:28:38     all    3.55    0.00    0.28    0.00    0.00    0.00    0.00    0.00    0.00   96.17
14:28:39     all    1.67    0.00    0.18    0.00    0.00    0.00    0.00    0.00    0.00   98.15
14:28:40     all    4.42    0.00    0.44    0.00    0.00    0.00    0.00    0.00    0.00   95.14
14:28:41     all    1.51    0.00    0.25    0.00    0.00    0.00    0.00    0.00    0.00   98.24
14:28:42     all    3.42    0.00    0.15    0.00    0.00    0.00    0.00    0.00    0.00   96.43
14:28:43     all    2.09    0.00    0.46    0.00    0.00    0.00    0.00    0.00    0.00   97.45
14:28:44     all    1.43    0.00    0.17    0.00    0.00    0.00    0.00    0.00    0.00   98.40
14:28:45     all    3.83    0.00    0.37    0.00    0.00    0.00    0.00    0.00    0.00   95.80
14:28:46     all    1.71    0.00    0.11    0.00    0.00    0.00    0.00    0.00    0.00   98.18
14:28:47     all    3.73    0.00    0.29    0.00    0.00    0.00    0.00    0.00    0.00   95.98
14:28:48     all    2.10    0.00    0.24    0.00    0.00    0.00    0.00    0.00    0.00   97.66
14:28:49     all    3.80    0.00    0.24    0.00    0.00    0.00    0.00    0.00    0.00   95.96
14:28:50     all    1.50    0.00    0.18    0.00    0.00    0.00    0.00    0.00    0.00   98.32
14:28:51     all    3.76    0.00    0.33    0.00    0.00    0.01    0.00    0.00    0.00   95.89
14:28:52     all    1.61    0.00    0.14    0.00    0.00    0.00    0.00    0.00    0.00   98.25
14:28:53     all    3.54    0.00    0.28    0.00    0.00    0.00    0.00    0.00    0.00   96.18
14:28:54     all    1.67    0.00    0.15    0.00    0.00    0.01    0.00    0.00    0.00   98.17
14:28:55     all    3.87    0.00    0.38    0.00    0.00    0.00    0.00    0.00    0.00   95.76
14:28:56     all    1.39    0.00    0.06    0.00    0.00    0.00    0.00    0.00    0.00   98.55
14:28:57     all    3.75    0.00    0.33    0.00    0.00    0.00    0.00    0.00    0.00   95.91
14:28:58     all    1.93    0.00    0.26    0.00    0.00    0.00    0.00    0.00    0.00   97.81
14:28:59     all    4.01    0.00    0.56    0.00    0.00    0.01    0.00    0.00    0.00   95.42
14:29:00     all    1.70    0.00    0.21    0.01    0.00    0.00    0.00    0.00    0.00   98.08
14:29:01     all    3.81    0.00    0.26    0.00    0.00    0.00    0.00    0.00    0.00   95.92
14:29:02     all    1.68    0.00    0.25    0.00    0.00    0.00    0.00    0.00    0.00   98.07
14:29:03     all    4.11    0.00    0.50    0.00    0.00    0.00    0.00    0.00    0.00   95.39
14:29:04     all    1.83    0.00    0.19    0.00    0.00    0.00    0.00    0.00    0.00   97.97
14:29:05     all    3.88    0.00    0.38    0.00    0.00    0.00    0.00    0.00    0.00   95.75
14:29:06     all    1.63    0.00    0.14    0.00    0.00    0.01    0.00    0.00    0.00   98.22
14:29:07     all    3.73    0.00    0.17    0.00    0.00    0.00    0.00    0.00    0.00   96.11
14:29:08     all    1.43    0.00    0.15    0.00    0.00    0.00    0.00    0.00    0.00   98.42
14:29:09     all    1.65    0.00    0.19    0.00    0.00    0.00    0.00    0.00    0.00   98.15
14:29:10     all    4.36    0.00    0.43    0.00    0.00    0.00    0.00    0.00    0.00   95.21
14:29:11     all    1.49    0.00    0.19    0.01    0.00    0.00    0.00    0.00    0.00   98.31
14:29:12     all    3.64    0.00    0.24    0.00    0.00    0.00    0.00    0.00    0.00   96.12
14:29:13     all    1.74    0.00    0.19    0.00    0.00    0.00    0.00    0.00    0.00   98.07
14:29:14     all    3.76    0.00    0.31    0.00    0.00    0.00    0.00    0.00    0.00   95.93
14:29:15     all    1.74    0.00    0.29    0.00    0.00    0.00    0.00    0.00    0.00   97.97
14:29:16     all    3.83    0.00    0.32    0.00    0.00    0.00    0.00    0.00    0.00   95.85
14:29:17     all    1.39    0.00    0.14    0.00    0.00    0.00    0.00    0.00    0.00   98.47
14:29:18     all    3.73    0.00    0.26    0.00    0.00    0.00    0.00    0.00    0.00   96.01
14:29:19     all    1.67    0.00    0.13    0.00    0.00    0.00    0.00    0.00    0.00   98.21
14:29:20     all    3.50    0.00    0.26    0.00    0.00    0.00    0.00    0.00    0.00   96.24
14:29:21     all    1.82    0.00    0.24    0.00    0.00    0.00    0.00    0.00    0.00   97.94
14:29:22     all    4.36    0.00    0.33    0.00    0.00    0.00    0.00    0.00    0.00   95.30
14:29:23     all    1.43    0.00    0.15    0.00    0.00    0.00    0.00    0.00    0.00   98.42
14:29:24     all    3.66    0.00    0.32    0.00    0.00    0.00    0.00    0.00    0.00   96.02
14:29:25     all    1.65    0.00    0.10    0.00    0.00    0.00    0.00    0.00    0.00   98.25
14:29:26     all    3.71    0.00    0.26    0.00    0.00    0.00    0.00    0.00    0.00   96.03
14:29:27     all    1.56    0.03    0.18    0.00    0.00    0.00    0.00    0.00    0.00   98.23
14:29:28     all    1.74    0.00    0.14    0.00    0.00    0.00    0.00    0.00    0.00   98.12
14:29:29     all    3.78    0.00    0.57    0.00    0.00    0.00    0.00    0.00    0.00   95.65
14:29:30     all    1.64    0.00    0.17    0.00    0.00    0.00    0.00    0.00    0.00   98.19
14:29:31     all    4.10    0.00    0.60    0.00    0.00    0.00    0.00    0.00    0.00   95.30
14:29:32     all    3.78    0.00    0.47    0.00    0.00    0.00    0.00    0.00    0.00   95.75
14:29:33     all    1.76    0.00    0.19    0.00    0.00    0.00    0.00    0.00    0.00   98.04
14:29:34     all    3.70    0.00    0.18    0.00    0.00    0.00    0.00    0.00    0.00   96.12
14:29:35     all    1.40    0.00    0.06    0.00    0.00    0.00    0.00    0.00    0.00   98.54
14:29:36     all    3.89    0.00    0.35    0.00    0.00    0.00    0.00    0.00    0.00   95.77
14:29:37     all    1.64    0.00    0.14    0.00    0.00    0.00    0.00    0.00    0.00   98.22
14:29:38     all    3.58    0.00    0.25    0.00    0.00    0.00    0.00    0.00    0.00   96.17
14:29:39     all    1.72    0.00    0.21    0.00    0.00    0.00    0.00    0.00    0.00   98.07
14:29:40     all    3.71    0.00    0.29    0.00    0.00    0.00    0.00    0.00    0.00   96.00
14:29:41     all    1.53    0.00    0.13    0.00    0.00    0.00    0.00    0.00    0.00   98.35
14:29:42     all    4.27    0.00    0.38    0.00    0.00    0.00    0.00    0.00    0.00   95.36
14:29:43     all    3.67    0.00    0.22    0.00    0.00    0.00    0.00    0.00    0.00   96.11
14:29:44     all    1.38    0.00    0.26    0.00    0.00    0.00    0.00    0.00    0.00   98.36
14:29:45     all    3.89    0.00    0.36    0.00    0.00    0.00    0.00    0.00    0.00   95.75
14:29:46     all    1.74    0.00    0.21    0.00    0.00    0.00    0.00    0.00    0.00   98.06
14:29:47     all    3.33    0.00    0.22    0.00    0.00    0.00    0.00    0.00    0.00   96.44
14:29:48     all    1.65    0.00    0.14    0.01    0.00    0.00    0.00    0.00    0.00   98.19
14:29:49     all    3.93    0.00    0.33    0.00    0.00    0.00    0.00    0.00    0.00   95.74
14:29:50     all    1.43    0.00    0.11    0.00    0.00    0.00    0.00    0.00    0.00   98.46
14:29:51     all    4.60    0.00    1.25    0.01    0.00    0.01    0.00    0.00    0.00   94.12
14:29:52     all    1.71    0.00    0.15    0.00    0.00    0.00    0.00    0.00    0.00   98.14
14:29:53     all    3.59    0.01    0.33    0.00    0.00    0.00    0.00    0.00    0.00   96.07
14:29:54     all    3.69    0.00    0.25    0.00    0.00    0.00    0.00    0.00    0.00   96.06
14:29:55     all    2.22    0.00    0.32    0.00    0.00    0.00    0.00    0.00    0.00   97.46
14:29:56     all    3.76    0.00    1.82    0.00    0.00    0.03    0.00    0.00    0.00   94.39
14:29:57     all    1.63    0.00    0.11    0.00    0.00    0.00    0.00    0.00    0.00   98.26
14:29:58     all    3.82    0.00    0.22    0.00    0.00    0.00    0.00    0.00    0.00   95.95
14:29:59     all    1.40    0.00    0.14    0.00    0.00    0.00    0.00    0.00    0.00   98.46
14:30:00     all    3.86    0.00    0.33    0.00    0.00    0.00    0.00    0.00    0.00   95.80
14:30:01     all    2.35    0.00    0.43    0.00    0.00    0.00    0.00    0.00    0.00   97.22
14:30:02     all    4.06    0.00    0.90    0.00    0.00    0.00    0.00    0.00    0.00   95.04
14:30:03     all    4.75    0.00    0.71    0.00    0.00    0.00    0.00    0.00    0.00   94.54
14:30:04     all    1.59    0.00    0.17    0.00    0.00    0.00    0.00    0.00    0.00   98.25
14:30:05     all    3.62    0.00    0.32    0.00    0.00    0.00    0.00    0.00    0.00   96.06
14:30:06     all    1.77    0.00    0.17    0.00    0.00    0.00    0.00    0.00    0.00   98.07
14:30:07     all    3.72    0.01    0.43    0.00    0.00    0.00    0.00    0.00    0.00   95.83
14:30:08     all    1.40    0.00    0.10    0.00    0.00    0.00    0.00    0.00    0.00   98.50
14:30:09     all    3.82    0.00    0.26    0.00    0.00    0.00    0.00    0.00    0.00   95.92
14:30:10     all    1.61    0.00    0.18    0.00    0.00    0.00    0.00    0.00    0.00   98.21
14:30:11     all    3.69    0.00    0.21    0.00    0.00    0.00    0.00    0.00    0.00   96.10
14:30:12     all    1.72    0.00    0.22    0.00    0.00    0.00    0.00    0.00    0.00   98.06
14:30:13     all    3.85    0.00    0.26    0.00    0.00    0.00    0.00    0.00    0.00   95.89
14:30:14     all    1.42    0.00    0.10    0.00    0.00    0.00    0.00    0.00    0.00   98.49
14:30:15     all    3.84    0.00    0.29    0.00    0.00    0.00    0.00    0.00    0.00   95.87
14:30:16     all    1.68    0.00    0.17    0.00    0.00    0.00    0.00    0.00    0.00   98.15
14:30:17     all    4.10    0.00    0.42    0.00    0.00    0.00    0.00    0.00    0.00   95.48
14:30:18     all    1.83    0.00    0.21    0.00    0.00    0.00    0.00    0.00    0.00   97.96
14:30:19     all    3.64    0.00    0.54    0.00    0.00    0.00    0.00    0.00    0.00   95.81
14:30:20     all    1.39    0.00    0.13    0.00    0.00    0.00    0.00    0.00    0.00   98.49
14:30:21     all    3.82    0.00    0.28    0.00    0.00    0.00    0.00    0.00    0.00   95.90
14:30:22     all    3.84    0.00    0.32    0.00    0.00    0.00    0.00    0.00    0.00   95.84
14:30:23     all    1.47    0.00    0.19    0.00    0.00    0.00    0.00    0.00    0.00   98.33
14:30:24     all    4.02    0.00    0.40    0.00    0.00    0.00    0.00    0.00    0.00   95.58
14:30:25     all    1.97    0.00    0.17    0.00    0.00    0.00    0.00    0.00    0.00   97.86
14:30:26     all    3.46    0.00    0.26    0.00    0.00    0.00    0.00    0.00    0.00   96.28
14:30:27     all    1.74    0.00    0.21    0.01    0.00    0.00    0.00    0.00    0.00   98.04
14:30:28     all    3.67    0.00    0.24    0.00    0.00    0.00    0.00    0.00    0.00   96.09
14:30:29     all    1.54    0.00    0.21    0.00    0.00    0.00    0.00    0.00    0.00   98.25
14:30:30     all    3.90    0.00    0.24    0.00    0.00    0.00    0.00    0.00    0.00   95.86
14:30:31     all    4.18    0.00    0.42    0.00    0.00    0.00    0.00    0.00    0.00   95.40
14:30:32     all    1.43    0.00    0.19    0.00    0.00    0.00    0.00    0.00    0.00   98.37
14:30:33     all    3.77    0.00    0.24    0.00    0.00    0.00    0.00    0.00    0.00   96.00
14:30:34     all    1.68    0.00    0.14    0.00    0.00    0.00    0.00    0.00    0.00   98.18
14:30:35     all    3.65    0.00    0.24    0.00    0.00    0.00    0.00    0.00    0.00   96.11
14:30:36     all    1.64    0.00    0.11    0.00    0.00    0.00    0.00    0.00    0.00   98.25
14:30:37     all    3.97    0.00    0.38    0.00    0.00    0.00    0.00    0.00    0.00   95.65
14:30:38     all    1.43    0.00    0.18    0.00    0.00    0.00    0.00    0.00    0.00   98.39
14:30:39     all    4.28    0.00    0.39    0.00    0.00    0.00    0.00    0.00    0.00   95.33
14:30:40     all    1.67    0.00    0.10    0.00    0.00    0.00    0.00    0.00    0.00   98.23
14:30:41     all    3.27    0.00    0.35    0.00    0.00    0.00    0.00    0.00    0.00   96.39
14:30:42     all    2.45    0.00    0.19    0.00    0.00    0.00    0.00    0.00    0.00   97.35
14:30:43     all    3.13    0.00    0.39    0.00    0.00    0.00    0.00    0.00    0.00   96.48
14:30:44     all    3.99    0.00    0.38    0.00    0.00    0.00    0.00    0.00    0.00   95.64
14:30:45     all    1.69    0.00    0.14    0.00    0.00    0.00    0.00    0.00    0.00   98.17
14:30:46     all    3.84    0.00    0.26    0.00    0.00    0.00    0.00    0.00    0.00   95.89
14:30:47     all    1.63    0.00    0.44    0.00    0.00    0.00    0.00    0.00    0.00   97.93
14:30:48     all    1.98    0.00    0.14    0.00    0.00    0.00    0.00    0.00    0.00   97.88
14:30:49     all    3.41    0.00    0.22    0.00    0.00    0.00    0.00    0.00    0.00   96.37
14:30:50     all    1.49    0.00    0.15    0.00    0.00    0.00    0.00    0.00    0.00   98.36
14:30:51     all    3.82    0.00    0.24    0.00    0.00    0.00    0.00    0.00    0.00   95.94
14:30:52     all    1.81    0.00    0.29    0.00    0.00    0.00    0.00    0.00    0.00   97.90
14:30:53     all    3.49    0.00    0.24    0.00    0.00    0.00    0.00    0.00    0.00   96.27
14:30:54     all    1.65    0.00    0.18    0.00    0.00    0.00    0.00    0.00    0.00   98.17
14:30:55     all    3.67    0.00    0.19    0.00    0.00    0.00    0.00    0.00    0.00   96.13
14:30:56     all    1.43    0.00    0.11    0.00    0.00    0.00    0.00    0.00    0.00   98.46
14:30:57     all    3.79    0.00    0.26    0.00    0.00    0.01    0.00    0.00    0.00   95.93
14:30:58     all    1.68    0.00    0.21    0.00    0.00    0.00    0.00    0.00    0.00   98.11
14:30:59     all    3.68    0.00    0.32    0.00    0.00    0.00    0.00    0.00    0.00   96.00
14:31:00     all    1.72    0.00    0.14    0.00    0.00    0.00    0.00    0.00    0.00   98.14
14:31:01     all    4.14    0.00    0.40    0.00    0.00    0.00    0.00    0.00    0.00   95.45
14:31:02     all    1.54    0.00    0.13    0.00    0.00    0.00    0.00    0.00    0.00   98.33
14:31:03     all    3.55    0.00    0.25    0.00    0.00    0.00    0.00    0.00    0.00   96.20
14:31:04     all    2.10    0.00    0.26    0.00    0.00    0.00    0.00    0.00    0.00   97.64
14:31:05     all    1.49    0.00    0.17    0.00    0.00    0.00    0.00    0.00    0.00   98.35
14:31:06     all    3.57    0.00    0.32    0.00    0.00    0.00    0.00    0.00    0.00   96.11
14:31:07     all    1.79    0.00    0.43    0.00    0.00    0.00    0.00    0.00    0.00   97.78
14:31:08     all    3.70    0.00    0.36    0.00    0.00    0.00    0.00    0.00    0.00   95.94
14:31:09     all    3.72    0.00    0.19    0.00    0.00    0.00    0.00    0.00    0.00   96.08
14:31:10     all    1.63    0.00    0.18    0.00    0.00    0.00    0.00    0.00    0.00   98.19
14:31:11     all    6.09    0.00    1.32    0.00    0.00    0.00    0.00    0.00    0.00   92.59
14:31:12     all   23.99    0.00    2.73    0.00    0.00    0.00    0.00    0.00    0.00   73.29
14:31:13     all   24.27    0.00    1.57    0.00    0.00    0.00    0.00    0.00    0.00   74.16
14:31:14     all   23.09    0.00    2.77    0.00    0.00    0.00    0.00    0.00    0.00   74.14
14:31:15     all   31.65    0.00    3.33    0.00    0.00    0.00    0.00    0.00    0.00   65.02
14:31:16     all   19.89    0.00    2.40    0.00    0.00    0.01    0.00    0.00    0.00   77.69
14:31:17     all   24.00    0.00    1.95    0.00    0.00    0.01    0.00    0.00    0.00   74.04
14:31:18     all   18.43    0.00    1.78    0.00    0.00    0.00    0.00    0.00    0.00   79.79
14:31:19     all   23.50    0.00    1.82    0.00    0.00    0.00    0.00    0.00    0.00   74.67
14:31:20     all   18.43    0.00    1.18    0.00    0.00    0.00    0.00    0.00    0.00   80.39
14:31:21     all   17.60    0.00    0.81    0.00    0.00    0.00    0.00    0.00    0.00   81.59
14:31:22     all   16.80    0.00    0.79    0.00    0.00    0.00    0.00    0.00    0.00   82.41
14:31:23     all   18.27    0.00    1.47    0.00    0.00    0.00    0.00    0.00    0.00   80.25
14:31:24     all   15.71    0.00    1.35    0.00    0.00    0.01    0.00    0.00    0.00   82.93
14:31:25     all   12.54    0.01    1.31    0.00    0.00    0.00    0.00    0.00    0.00   86.14
14:31:26     all   11.13    0.00    1.24    0.00    0.00    0.00    0.00    0.00    0.00   87.63
14:31:27     all   19.01    0.00    1.29    0.00    0.00    0.00    0.00    0.00    0.00   79.70
14:31:28     all   19.58    0.00    2.15    0.00    0.00    0.00    0.00    0.00    0.00   78.27
14:31:29     all   21.67    0.00    3.32    0.00    0.00    0.00    0.00    0.00    0.00   75.01
14:31:30     all   15.95    0.00    2.47    0.00    0.00    0.00    0.00    0.00    0.00   81.58
14:31:31     all   20.52    0.00    2.27    0.00    0.00    0.00    0.00    0.00    0.00   77.21
14:31:32     all   21.76    0.00    2.96    0.00    0.00    0.00    0.00    0.00    0.00   75.28
14:31:33     all   27.91    0.00    3.80    0.00    0.00    0.00    0.00    0.00    0.00   68.29
14:31:34     all   19.32    0.00    2.84    0.00    0.00    0.00    0.00    0.00    0.00   77.84
14:31:35     all   20.45    0.00    3.51    0.00    0.00    0.00    0.00    0.00    0.00   76.05
14:31:36     all   27.48    0.00    4.21    0.00    0.00    0.00    0.00    0.00    0.00   68.31
14:31:37     all   21.21    0.00    4.26    0.00    0.00    0.01    0.00    0.00    0.00   74.51
14:31:38     all   17.62    0.00    3.49    0.00    0.00    0.00    0.00    0.00    0.00   78.89
14:31:39     all   21.58    0.00    3.38    0.00    0.00    0.00    0.00    0.00    0.00   75.03
14:31:40     all   19.80    0.00    3.28    0.00    0.00    0.00    0.00    0.00    0.00   76.92
14:31:41     all   18.86    0.00    3.07    0.00    0.00    0.01    0.00    0.00    0.00   78.05
14:31:42     all   17.34    0.00    3.01    0.00    0.00    0.00    0.00    0.00    0.00   79.65
14:31:43     all   25.29    0.00    3.74    0.00    0.00    0.00    0.00    0.00    0.00   70.97
14:31:44     all   18.30    0.00    4.22    0.00    0.00    0.00    0.00    0.00    0.00   77.48
14:31:45     all   23.99    0.00    6.09    0.00    0.00    0.00    0.00    0.00    0.00   69.91
14:31:46     all   18.72    0.00    4.63    0.00    0.00    0.01    0.00    0.00    0.00   76.64
14:31:47     all   18.96    0.00    5.71    0.00    0.00    0.00    0.00    0.00    0.00   75.34
14:31:48     all   17.97    0.00    6.22    0.00    0.00    0.01    0.00    0.00    0.00   75.80
14:31:49     all   19.54    0.00    5.07    0.00    0.00    0.00    0.00    0.00    0.00   75.39
14:31:50     all   23.33    0.00    6.57    0.00    0.00    0.00    0.00    0.00    0.00   70.10
14:31:51     all   25.55    0.00    6.94    0.00    0.00    0.01    0.00    0.00    0.00   67.50
14:31:52     all   22.92    0.00    6.58    0.00    0.00    0.00    0.00    0.00    0.00   70.50
14:31:53     all   23.54    0.00    6.57    0.00    0.00    0.00    0.00    0.00    0.00   69.89
14:31:54     all   26.80    0.00    8.23    0.00    0.00    0.00    0.00    0.00    0.00   64.97
14:31:55     all   23.66    0.00    8.01    0.00    0.00    0.00    0.00    0.00    0.00   68.33
14:31:56     all   26.76    0.00    9.87    0.00    0.00    0.00    0.00    0.00    0.00   63.37
14:31:57     all   23.10    0.00    8.99    0.00    0.00    0.00    0.00    0.00    0.00   67.91
14:31:58     all   26.51    0.00    9.04    0.00    0.00    0.01    0.00    0.00    0.00   64.44
14:31:59     all   20.53    0.00    8.80    0.01    0.00    0.00    0.00    0.00    0.00   70.66
14:32:00     all   27.77    0.00    8.54    0.00    0.00    0.01    0.00    0.00    0.00   63.68
14:32:01     all   22.27    0.00    9.16    0.00    0.00    0.01    0.00    0.00    0.00   68.55
14:32:02     all   31.35    0.00   15.16    0.00    0.00    0.01    0.00    0.00    0.00   53.48
14:32:03     all   28.63    0.01   13.48    0.00    0.00    0.01    0.00    0.00    0.00   57.87
14:32:04     all   23.30    0.00   11.69    0.00    0.00    0.00    0.00    0.00    0.00   65.01
14:32:05     all   25.89    0.00   11.38    0.00    0.00    0.01    0.00    0.00    0.00   62.71
14:32:06     all   29.15    0.00   15.00    0.00    0.00    0.01    0.00    0.00    0.00   55.84
14:32:07     all   24.78    0.00   12.51    0.00    0.00    0.00    0.00    0.00    0.00   62.71
14:32:08     all   29.14    0.00   16.36    0.00    0.00    0.00    0.00    0.00    0.00   54.50
14:32:09     all   30.47    0.00   16.62    0.00    0.00    0.01    0.00    0.00    0.00   52.90
14:32:10     all   29.81    0.00   17.82    0.00    0.00    0.00    0.00    0.00    0.00   52.38
14:32:11     all   30.41    0.00   17.26    0.00    0.00    0.00    0.00    0.00    0.00   52.33
14:32:12     all   30.60    0.00   18.00    0.00    0.00    0.01    0.00    0.00    0.00   51.39
14:32:13     all   29.91    0.00   19.16    0.00    0.00    0.01    0.00    0.00    0.00   50.91
14:32:14     all   28.37    0.00   20.70    0.00    0.00    0.00    0.00    0.00    0.00   50.93
14:32:15     all   27.82    0.00   19.35    0.00    0.00    0.00    0.00    0.00    0.00   52.83
14:32:16     all   27.43    0.00   19.30    0.00    0.00    0.03    0.00    0.00    0.00   53.25
14:32:17     all   27.54    0.00   18.95    0.00    0.00    0.00    0.00    0.00    0.00   53.51
14:32:18     all   28.07    0.00   20.33    0.00    0.00    0.01    0.00    0.00    0.00   51.58
14:32:19     all   24.99    0.00   18.88    0.00    0.00    0.00    0.00    0.00    0.00   56.13
14:32:20     all   25.16    0.00   18.26    0.00    0.00    0.00    0.00    0.00    0.00   56.58
14:32:21     all   29.48    0.00   18.74    0.00    0.00    0.01    0.00    0.00    0.00   51.77
14:32:22     all   29.31    0.00   17.84    0.00    0.00    0.00    0.00    0.00    0.00   52.86
14:32:23     all   29.48    0.00   16.70    0.00    0.00    0.00    0.00    0.00    0.00   53.82
14:32:24     all   28.31    0.00   19.57    0.00    0.00    0.01    0.00    0.00    0.00   52.11
14:32:25     all   29.73    0.00   20.12    0.00    0.00    0.00    0.00    0.00    0.00   50.15
14:32:26     all   29.26    0.00   19.54    0.00    0.00    0.00    0.00    0.00    0.00   51.20
14:32:27     all   28.58    0.00   21.35    0.00    0.00    0.01    0.00    0.00    0.00   50.05
14:32:28     all   27.23    0.00   21.21    0.00    0.00    0.01    0.00    0.00    0.00   51.54
14:32:29     all   27.07    0.00   16.98    0.01    0.00    0.00    0.00    0.00    0.00   55.93
14:32:30     all   28.07    0.00   21.15    0.00    0.00    0.01    0.00    0.00    0.00   50.77
14:32:31     all   26.19    0.00   21.30    0.00    0.00    0.00    0.00    0.00    0.00   52.51
14:32:32     all   29.64    0.00   20.13    0.00    0.00    0.01    0.00    0.00    0.00   50.22
14:32:33     all   28.22    0.00   21.57    0.00    0.00    0.00    0.00    0.00    0.00   50.21
14:32:34     all   27.83    0.00   21.88    0.00    0.00    0.00    0.00    0.00    0.00   50.28
14:32:35     all   27.83    0.00   21.50    0.00    0.00    0.00    0.00    0.00    0.00   50.67
14:32:36     all   26.95    0.00   22.25    0.00    0.00    0.00    0.00    0.00    0.00   50.80
14:32:37     all   26.38    0.00   23.41    0.00    0.00    0.01    0.00    0.00    0.00   50.19
14:32:38     all   28.99    0.00   20.29    0.00    0.00    0.00    0.00    0.00    0.00   50.72
14:32:39     all   28.22    0.00   20.61    0.00    0.00    0.00    0.00    0.00    0.00   51.17
14:32:40     all   26.46    0.00   22.38    0.00    0.00    0.00    0.00    0.00    0.00   51.16
14:32:41     all   27.88    0.00   21.50    0.00    0.00    0.00    0.00    0.00    0.00   50.63
14:32:42     all   28.23    0.00   21.00    0.00    0.00    0.00    0.00    0.00    0.00   50.77
14:32:43     all   30.72    0.00   19.08    0.00    0.00    0.00    0.00    0.00    0.00   50.19
14:32:44     all   29.73    0.00   19.48    0.00    0.00    0.00    0.00    0.00    0.00   50.79
14:32:45     all   29.26    0.00   18.82    0.00    0.00    0.00    0.00    0.00    0.00   51.92
14:32:46     all   26.37    0.00   21.67    0.00    0.00    0.03    0.00    0.00    0.00   51.93
14:32:47     all   26.06    0.00   21.82    0.00    0.00    0.00    0.00    0.00    0.00   52.11
14:32:48     all   26.89    0.00   20.13    0.00    0.00    0.01    0.00    0.00    0.00   52.97
14:32:49     all   27.42    0.00   23.51    0.00    0.00    0.01    0.00    0.00    0.00   49.05
14:32:50     all   29.89    0.00   19.87    0.00    0.00    0.00    0.00    0.00    0.00   50.24
14:32:51     all   28.28    0.00   21.71    0.01    0.00    0.00    0.00    0.00    0.00   50.00
14:32:52     all   26.78    0.00   21.72    0.00    0.00    0.01    0.00    0.00    0.00   51.49
14:32:53     all   27.78    0.00   22.12    0.00    0.00    0.00    0.00    0.00    0.00   50.10
14:32:54     all   30.23    0.00   19.27    0.00    0.00    0.00    0.00    0.00    0.00   50.50
14:32:55     all   30.09    0.03   19.81    0.00    0.00    0.00    0.00    0.00    0.00   50.07
14:32:56     all   28.72    0.00   19.81    0.00    0.00    0.00    0.00    0.00    0.00   51.47
14:32:57     all   28.40    0.00   21.32    0.00    0.00    0.00    0.00    0.00    0.00   50.29
14:32:58     all   26.77    0.00   18.83    0.00    0.00    0.01    0.00    0.00    0.00   54.38
14:32:59     all   25.27    0.00   17.52    0.00    0.00    0.01    0.00    0.00    0.00   57.19
14:33:00     all   28.91    0.00   20.19    0.00    0.00    0.00    0.00    0.00    0.00   50.90
14:33:01     all   28.33    0.00   19.47    0.01    0.00    0.00    0.00    0.00    0.00   52.19
14:33:02     all   28.07    0.00   20.38    0.00    0.00    0.01    0.00    0.00    0.00   51.53
14:33:03     all   28.44    0.01   21.08    0.00    0.00    0.00    0.00    0.00    0.00   50.47
14:33:04     all   27.96    0.00   19.67    0.00    0.00    0.01    0.00    0.00    0.00   52.36
14:33:05     all   29.41    0.00   19.73    0.00    0.00    0.00    0.00    0.00    0.00   50.86
14:33:06     all   31.45    0.00   17.83    0.01    0.00    0.00    0.00    0.00    0.00   50.70
14:33:07     all   29.68    0.00   19.65    0.00    0.00    0.00    0.00    0.00    0.00   50.67
14:33:08     all   29.52    0.00   18.83    0.00    0.00    0.01    0.00    0.00    0.00   51.64
14:33:09     all   27.97    0.00   18.16    0.00    0.00    0.00    0.00    0.00    0.00   53.87
14:33:10     all   26.63    0.00   20.09    0.00    0.00    0.00    0.00    0.00    0.00   53.27
14:33:11     all   28.42    0.00   21.05    0.00    0.00    0.00    0.00    0.00    0.00   50.54
14:33:12     all   26.38    0.00   23.97    0.00    0.00    0.03    0.00    0.00    0.00   49.62
14:33:13     all   28.70    0.00   20.98    0.00    0.00    0.00    0.00    0.00    0.00   50.31
14:33:14     all   27.72    0.01   21.95    0.00    0.00    0.00    0.00    0.00    0.00   50.32
14:33:15     all   28.76    0.00   21.44    0.00    0.00    0.00    0.00    0.00    0.00   49.81
14:33:16     all   27.40    0.00   21.19    0.00    0.00    0.00    0.00    0.00    0.00   51.41
14:33:17     all   28.44    0.00   20.77    0.00    0.00    0.01    0.00    0.00    0.00   50.78
14:33:18     all   29.57    0.00   20.00    0.00    0.00    0.00    0.00    0.00    0.00   50.43
14:33:19     all   27.79    0.00   20.61    0.00    0.00    0.00    0.00    0.00    0.00   51.60
14:33:20     all   27.84    0.00   22.79    0.00    0.00    0.01    0.00    0.00    0.00   49.36
14:33:21     all   29.07    0.00   21.17    0.00    0.00    0.00    0.00    0.00    0.00   49.76
14:33:22     all   27.56    0.00   22.30    0.00    0.00    0.00    0.00    0.00    0.00   50.14
14:33:23     all   28.13    0.00   21.62    0.00    0.00    0.00    0.00    0.00    0.00   50.25
14:33:24     all   28.22    0.00   20.85    0.00    0.00    0.00    0.00    0.00    0.00   50.93
14:33:25     all   27.87    0.00   21.86    0.00    0.00    0.00    0.00    0.00    0.00   50.27
14:33:26     all   27.30    0.00   21.02    0.00    0.00    0.00    0.00    0.00    0.00   51.68
14:33:27     all   26.71    0.00   21.28    0.00    0.00    0.00    0.00    0.00    0.00   52.02
14:33:28     all   27.55    0.00   21.22    0.00    0.00    0.01    0.00    0.00    0.00   51.22
14:33:29     all   27.39    0.00   20.86    0.00    0.00    0.00    0.00    0.00    0.00   51.75
14:33:30     all   28.36    0.00   19.80    0.00    0.00    0.00    0.00    0.00    0.00   51.84
14:33:31     all   29.58    0.00   21.13    0.00    0.00    0.01    0.00    0.00    0.00   49.27
14:33:32     all   30.65    0.00   20.40    0.00    0.00    0.00    0.00    0.00    0.00   48.95
14:33:33     all   28.10    0.00   21.82    0.00    0.00    0.00    0.00    0.00    0.00   50.08
14:33:34     all   27.42    0.00   22.67    0.00    0.00    0.01    0.00    0.00    0.00   49.90
14:33:35     all   26.89    0.00   21.95    0.00    0.00    0.00    0.00    0.00    0.00   51.15
14:33:36     all   29.69    0.00   20.51    0.00    0.00    0.00    0.00    0.00    0.00   49.81
14:33:37     all   27.94    0.00   22.41    0.00    0.00    0.01    0.00    0.00    0.00   49.64
14:33:38     all   26.98    0.00   23.34    0.00    0.00    0.00    0.00    0.00    0.00   49.68
14:33:39     all   26.65    0.00   24.29    0.00    0.00    0.00    0.00    0.00    0.00   49.06
14:33:40     all   26.47    0.00   23.13    0.00    0.00    0.00    0.00    0.00    0.00   50.40
14:33:41     all   26.96    0.00   22.58    0.00    0.00    0.00    0.00    0.00    0.00   50.46
14:33:42     all   26.79    0.00   22.23    0.00    0.00    0.01    0.00    0.00    0.00   50.96
14:33:43     all   27.32    0.00   23.27    0.00    0.00    0.00    0.00    0.00    0.00   49.42
14:33:44     all   26.92    0.00   22.08    0.00    0.00    0.00    0.00    0.00    0.00   51.01
14:33:45     all   27.76    0.00   22.34    0.00    0.00    0.01    0.00    0.00    0.00   49.89
14:33:46     all   28.47    0.00   20.68    0.00    0.00    0.00    0.00    0.00    0.00   50.85
14:33:47     all   26.55    0.00   22.47    0.00    0.00    0.01    0.00    0.00    0.00   50.97
14:33:48     all   28.43    0.00   21.70    0.00    0.00    0.01    0.00    0.00    0.00   49.85
14:33:49     all   28.41    0.00   20.76    0.00    0.00    0.00    0.00    0.00    0.00   50.83
14:33:50     all   29.55    0.00   19.12    0.00    0.00    0.01    0.00    0.00    0.00   51.31
14:33:51     all   29.54    0.00   20.49    0.00    0.00    0.00    0.00    0.00    0.00   49.97
14:33:52     all   29.03    0.00   21.85    0.00    0.00    0.00    0.00    0.00    0.00   49.12
14:33:53     all   28.62    0.00   21.10    0.00    0.00    0.00    0.00    0.00    0.00   50.28
14:33:54     all   30.14    0.00   19.87    0.00    0.00    0.00    0.00    0.00    0.00   49.99
14:33:55     all   25.44    0.00   24.00    0.00    0.00    0.01    0.00    0.00    0.00   50.55
14:33:56     all   27.58    0.00   22.63    0.00    0.00    0.00    0.00    0.00    0.00   49.80
14:33:57     all   28.26    0.00   21.04    0.00    0.00    0.00    0.00    0.00    0.00   50.70
14:33:58     all   28.26    0.00   21.40    0.00    0.00    0.00    0.00    0.00    0.00   50.33
14:33:59     all   27.08    0.00   22.58    0.00    0.00    0.00    0.00    0.00    0.00   50.34
14:34:00     all   27.85    0.00   22.23    0.00    0.00    0.00    0.00    0.00    0.00   49.92
14:34:01     all   25.94    0.00   24.04    0.00    0.00    0.01    0.00    0.00    0.00   50.01
14:34:02     all   28.14    0.00   23.15    0.00    0.00    0.00    0.00    0.00    0.00   48.72
14:34:03     all   27.85    0.00   22.44    0.00    0.00    0.01    0.00    0.00    0.00   49.70
14:34:04     all   24.92    0.00   23.07    0.00    0.00    0.00    0.00    0.00    0.00   52.00
14:34:05     all   25.88    0.00   24.26    0.00    0.00    0.01    0.00    0.00    0.00   49.85
14:34:06     all   24.89    0.00   25.36    0.00    0.00    0.00    0.00    0.00    0.00   49.76
14:34:07     all   24.13    0.00   25.78    0.00    0.00    0.00    0.00    0.00    0.00   50.09
14:34:08     all   27.04    0.00   23.13    0.00    0.00    0.00    0.00    0.00    0.00   49.83
14:34:09     all   25.98    0.00   23.53    0.00    0.00    0.01    0.00    0.00    0.00   50.48
14:34:10     all   26.25    0.00   23.77    0.00    0.00    0.00    0.00    0.00    0.00   49.98
14:34:11     all   25.82    0.00   24.57    0.00    0.00    0.00    0.00    0.00    0.00   49.61
14:34:12     all   26.24    0.00   23.36    0.00    0.00    0.00    0.00    0.00    0.00   50.40
14:34:13     all   27.45    0.00   22.76    0.00    0.00    0.00    0.00    0.00    0.00   49.78
14:34:14     all   27.93    0.00   21.80    0.00    0.00    0.00    0.00    0.00    0.00   50.26
14:34:15     all   26.39    0.00   23.04    0.00    0.00    0.00    0.00    0.00    0.00   50.57
14:34:16     all   27.39    0.00   22.54    0.00    0.00    0.01    0.00    0.00    0.00   50.06
14:34:17     all   26.88    0.00   21.78    0.00    0.00    0.00    0.00    0.00    0.00   51.35
14:34:18     all   26.49    0.00   23.20    0.00    0.00    0.00    0.00    0.00    0.00   50.31
14:34:19     all   26.06    0.00   24.36    0.00    0.00    0.00    0.00    0.00    0.00   49.58
14:34:20     all   26.33    0.00   23.81    0.00    0.00    0.00    0.00    0.00    0.00   49.87
14:34:21     all   26.98    0.00   22.47    0.00    0.00    0.01    0.00    0.00    0.00   50.54
14:34:22     all   28.46    0.00   20.29    0.00    0.00    0.03    0.00    0.00    0.00   51.22
14:34:23     all   30.07    0.00   19.50    0.00    0.00    0.01    0.00    0.00    0.00   50.42
14:34:24     all   27.80    0.00   22.40    0.00    0.00    0.00    0.00    0.00    0.00   49.81
14:34:25     all   29.37    0.00   21.38    0.00    0.00    0.03    0.00    0.00    0.00   49.22
14:34:26     all   26.09    0.00   23.36    0.00    0.00    0.00    0.00    0.00    0.00   50.55
14:34:27     all   26.67    0.00   23.45    0.01    0.00    0.00    0.00    0.00    0.00   49.87
14:34:28     all   25.09    0.00   25.50    0.00    0.00    0.01    0.00    0.00    0.00   49.40
14:34:29     all   26.93    0.00   22.71    0.00    0.00    0.00    0.00    0.00    0.00   50.35
14:34:30     all   26.16    0.00   24.51    0.00    0.00    0.00    0.00    0.00    0.00   49.33
14:34:31     all   26.41    0.00   23.67    0.00    0.00    0.00    0.00    0.00    0.00   49.92
14:34:32     all   26.11    0.00   23.59    0.00    0.00    0.00    0.00    0.00    0.00   50.31
14:34:33     all   27.19    0.00   22.67    0.00    0.00    0.01    0.00    0.00    0.00   50.13
14:34:34     all   28.00    0.00   21.49    0.00    0.00    0.00    0.00    0.00    0.00   50.51
14:34:35     all   28.13    0.00   23.14    0.00    0.00    0.00    0.00    0.00    0.00   48.73
14:34:36     all   26.48    0.00   23.44    0.00    0.00    0.01    0.00    0.00    0.00   50.07
14:34:37     all   27.31    0.00   21.25    0.00    0.00    0.00    0.00    0.00    0.00   51.44
14:34:38     all   28.03    0.00   21.68    0.00    0.00    0.00    0.00    0.00    0.00   50.30
14:34:39     all   27.73    0.00   22.27    0.00    0.00    0.01    0.00    0.00    0.00   49.99
14:34:40     all   26.38    0.00   23.17    0.00    0.00    0.00    0.00    0.00    0.00   50.45
14:34:41     all   26.77    0.00   23.36    0.00    0.00    0.00    0.00    0.00    0.00   49.87
14:34:42     all   28.53    0.00   21.38    0.00    0.00    0.01    0.00    0.00    0.00   50.08
14:34:43     all   27.97    0.00   21.19    0.00    0.00    0.00    0.00    0.00    0.00   50.84
14:34:44     all   27.39    0.01   21.76    0.00    0.00    0.01    0.00    0.00    0.00   50.82
14:34:45     all   29.84    0.00   19.96    0.00    0.00    0.00    0.00    0.00    0.00   50.20
14:34:46     all   28.67    0.01   20.95    0.00    0.00    0.03    0.00    0.00    0.00   50.34
14:34:47     all   27.37    0.00   22.70    0.00    0.00    0.01    0.00    0.00    0.00   49.92
14:34:48     all   29.28    0.00   20.61    0.00    0.00    0.01    0.00    0.00    0.00   50.09
14:34:49     all   29.52    0.00   19.50    0.00    0.00    0.03    0.00    0.00    0.00   50.96
14:34:50     all   29.27    0.00   19.81    0.00    0.00    0.00    0.00    0.00    0.00   50.92
14:34:51     all   29.55    0.00   20.80    0.00    0.00    0.00    0.00    0.00    0.00   49.65
14:34:52     all   28.57    0.00   20.82    0.00    0.00    0.00    0.00    0.00    0.00   50.61
14:34:53     all   29.57    0.00   20.48    0.00    0.00    0.03    0.00    0.00    0.00   49.92
14:34:54     all   29.36    0.00   18.85    0.00    0.00    0.00    0.00    0.00    0.00   51.80
14:34:55     all   30.88    0.00   18.64    0.01    0.00    0.00    0.00    0.00    0.00   50.46
14:34:56     all   30.75    0.00   18.55    0.01    0.00    0.03    0.00    0.00    0.00   50.66
14:34:57     all   28.82    0.00   18.37    0.00    0.00    0.00    0.00    0.00    0.00   52.81
14:34:58     all   28.77    0.00   17.77    0.00    0.00    0.01    0.00    0.00    0.00   53.45
14:34:59     all   30.74    0.00   18.70    0.00    0.00    0.00    0.00    0.00    0.00   50.56
14:35:00     all   29.45    0.00   19.89    0.00    0.00    0.00    0.00    0.00    0.00   50.66
14:35:01     all   30.95    0.00   21.41    0.00    0.00    0.04    0.00    0.00    0.00   47.60
14:35:02     all   30.07    0.00   22.26    0.00    0.00    0.00    0.00    0.00    0.00   47.67
14:35:03     all   31.99    0.00   19.92    0.00    0.00    0.03    0.00    0.00    0.00   48.06
14:35:04     all   32.28    0.00   18.06    0.00    0.00    0.01    0.00    0.00    0.00   49.65
14:35:05     all   32.18    0.00   17.64    0.00    0.00    0.00    0.00    0.00    0.00   50.17
14:35:06     all   31.75    0.01   17.53    0.00    0.00    0.00    0.00    0.00    0.00   50.70
14:35:07     all   28.21    0.00   20.77    0.00    0.00    0.00    0.00    0.00    0.00   51.02
14:35:08     all   30.26    0.00   17.63    0.00    0.00    0.00    0.00    0.00    0.00   52.11
14:35:09     all   31.37    0.00   17.88    0.00    0.00    0.01    0.00    0.00    0.00   50.74
14:35:10     all   31.11    0.00   18.95    0.00    0.00    0.00    0.00    0.00    0.00   49.94
14:35:11     all   28.88    0.00   18.76    0.00    0.00    0.00    0.00    0.00    0.00   52.35
14:35:12     all   30.60    0.00   19.06    0.00    0.00    0.01    0.00    0.00    0.00   50.33
14:35:13     all   28.62    0.00   20.39    0.00    0.00    0.01    0.00    0.00    0.00   50.97
14:35:14     all   28.25    0.00   21.47    0.00    0.00    0.00    0.00    0.00    0.00   50.28
14:35:15     all   30.62    0.00   17.51    0.00    0.00    0.00    0.00    0.00    0.00   51.86
14:35:16     all   29.29    0.00   20.56    0.00    0.00    0.00    0.00    0.00    0.00   50.15
14:35:17     all   29.05    0.00   19.75    0.00    0.00    0.00    0.00    0.00    0.00   51.20
14:35:18     all   28.99    0.00   21.33    0.00    0.00    0.01    0.00    0.00    0.00   49.66
14:35:19     all   29.34    0.00   19.16    0.00    0.00    0.00    0.00    0.00    0.00   51.50
14:35:20     all   24.05    0.00   16.71    0.01    0.00    0.00    0.00    0.00    0.00   59.22
14:35:21     all   26.79    0.00   17.82    0.00    0.00    0.00    0.00    0.00    0.00   55.39
14:35:22     all   28.04    0.00   18.26    0.00    0.00    0.00    0.00    0.00    0.00   53.69
14:35:23     all   27.93    0.00   20.97    0.00    0.00    0.00    0.00    0.00    0.00   51.11
14:35:24     all   28.95    0.00   20.39    0.00    0.00    0.00    0.00    0.00    0.00   50.66
14:35:25     all   28.52    0.00   20.24    0.00    0.00    0.00    0.00    0.00    0.00   51.24
14:35:26     all   32.34    0.00   16.94    0.00    0.00    0.01    0.00    0.00    0.00   50.71
14:35:27     all   32.09    0.00   17.49    0.00    0.00    0.00    0.00    0.00    0.00   50.42
14:35:28     all   29.88    0.00   17.46    0.00    0.00    0.00    0.00    0.00    0.00   52.66
14:35:29     all   30.53    0.00   19.49    0.00    0.00    0.01    0.00    0.00    0.00   49.97
14:35:30     all   29.68    0.00   20.48    0.00    0.00    0.00    0.00    0.00    0.00   49.84
14:35:31     all   28.73    0.00   20.40    0.00    0.00    0.00    0.00    0.00    0.00   50.87
14:35:32     all   29.59    0.00   20.80    0.00    0.00    0.00    0.00    0.00    0.00   49.60
14:35:33     all   28.92    0.00   21.73    0.00    0.00    0.01    0.00    0.00    0.00   49.33
14:35:34     all   28.87    0.00   21.19    0.00    0.00    0.00    0.00    0.00    0.00   49.94
14:35:35     all   28.82    0.00   20.45    0.00    0.00    0.00    0.00    0.00    0.00   50.73
14:35:36     all   28.49    0.00   21.01    0.00    0.00    0.04    0.00    0.00    0.00   50.46
14:35:37     all   29.37    0.00   21.63    0.00    0.00    0.00    0.00    0.00    0.00   49.00
14:35:38     all   30.84    0.00   20.22    0.00    0.00    0.01    0.00    0.00    0.00   48.93
14:35:39     all   31.14    0.00   20.43    0.00    0.00    0.00    0.00    0.00    0.00   48.44
14:35:40     all   29.78    0.00   21.30    0.00    0.00    0.00    0.00    0.00    0.00   48.92
14:35:41     all   28.69    0.00   21.91    0.01    0.00    0.00    0.00    0.00    0.00   49.39
14:35:42     all   28.12    0.00   22.40    0.00    0.00    0.00    0.00    0.00    0.00   49.47
14:35:43     all   27.62    0.00   22.49    0.00    0.00    0.00    0.00    0.00    0.00   49.89
14:35:44     all   28.06    0.00   21.24    0.00    0.00    0.01    0.00    0.00    0.00   50.68
14:35:45     all   28.08    0.00   22.08    0.00    0.00    0.00    0.00    0.00    0.00   49.84
14:35:46     all   27.07    0.00   22.55    0.00    0.00    0.00    0.00    0.00    0.00   50.38
14:35:47     all   29.14    0.01   21.23    0.00    0.00    0.00    0.00    0.00    0.00   49.62
14:35:48     all   27.19    0.00   23.12    0.00    0.00    0.00    0.00    0.00    0.00   49.69
14:35:49     all   27.12    0.00   22.77    0.00    0.00    0.01    0.00    0.00    0.00   50.09
14:35:50     all   27.23    0.00   22.96    0.00    0.00    0.00    0.00    0.00    0.00   49.81
14:35:52     all   28.46    0.00   20.49    0.00    0.00    0.00    0.00    0.00    0.00   51.05
14:35:53     all   27.68    0.00   21.69    0.00    0.00    0.00    0.00    0.00    0.00   50.63
14:35:54     all   27.67    0.00   21.68    0.00    0.00    0.00    0.00    0.00    0.00   50.65
14:35:55     all   30.05    0.00   18.65    0.00    0.00    0.01    0.00    0.00    0.00   51.28
14:35:56     all   29.88    0.00   19.01    0.00    0.00    0.00    0.00    0.00    0.00   51.11
14:35:57     all   31.46    0.00   19.41    0.00    0.00    0.00    0.00    0.00    0.00   49.14
14:35:58     all   32.78    0.00   17.39    0.00    0.00    0.00    0.00    0.00    0.00   49.83
14:35:59     all   33.20    0.00   17.69    0.00    0.00    0.01    0.00    0.00    0.00   49.09
14:36:00     all   32.37    0.00   18.57    0.01    0.00    0.00    0.00    0.00    0.00   49.05
14:36:01     all   28.51    0.00   19.21    0.00    0.00    0.00    0.00    0.00    0.00   52.28
14:36:02     all   30.25    0.00   19.60    0.00    0.00    0.00    0.00    0.00    0.00   50.15
14:36:03     all   29.89    0.00   20.65    0.00    0.00    0.00    0.00    0.00    0.00   49.46
14:36:04     all   31.66    0.00   18.93    0.00    0.00    0.00    0.00    0.00    0.00   49.41
14:36:05     all   29.66    0.00   20.25    0.00    0.00    0.00    0.00    0.00    0.00   50.09
14:36:06     all   30.18    0.00   19.34    0.00    0.00    0.00    0.00    0.00    0.00   50.49
14:36:07     all   30.75    0.00   18.84    0.00    0.00    0.01    0.00    0.00    0.00   50.40
14:36:08     all   31.83    0.00   18.28    0.00    0.00    0.00    0.00    0.00    0.00   49.89
14:36:09     all   30.87    0.00   16.88    0.00    0.00    0.00    0.00    0.00    0.00   52.25
14:36:10     all   31.52    0.00   17.39    0.00    0.00    0.00    0.00    0.00    0.00   51.09
14:36:11     all   30.48    0.00   18.18    0.00    0.00    0.00    0.00    0.00    0.00   51.34
14:36:12     all   28.83    0.00   19.18    0.00    0.00    0.01    0.00    0.00    0.00   51.98
14:36:13     all   31.53    0.00   16.35    0.00    0.00    0.00    0.00    0.00    0.00   52.12
14:36:14     all   30.91    0.00   17.68    0.00    0.00    0.00    0.00    0.00    0.00   51.41
14:36:15     all   31.62    0.00   18.07    0.00    0.00    0.00    0.00    0.00    0.00   50.31
14:36:16     all   33.06    0.00   17.01    0.00    0.00    0.01    0.00    0.00    0.00   49.91
14:36:17     all   31.31    0.00   18.88    0.00    0.00    0.00    0.00    0.00    0.00   49.82
14:36:18     all   31.95    0.00   18.67    0.00    0.00    0.01    0.00    0.00    0.00   49.36
14:36:19     all   32.44    0.03   17.28    0.00    0.00    0.00    0.00    0.00    0.00   50.26
14:36:20     all   32.83    0.00   15.96    0.00    0.00    0.01    0.00    0.00    0.00   51.20
14:36:21     all   30.11    0.00   19.57    0.00    0.00    0.00    0.00    0.00    0.00   50.31
14:36:22     all   31.02    0.00   18.70    0.00    0.00    0.00    0.00    0.00    0.00   50.28
14:36:23     all   29.39    0.00   20.25    0.00    0.00    0.00    0.00    0.00    0.00   50.36
14:36:24     all   29.70    0.00   20.01    0.00    0.00    0.00    0.00    0.00    0.00   50.28
14:36:25     all   29.17    0.00   17.64    0.00    0.00    0.01    0.00    0.00    0.00   53.18
14:36:26     all   29.11    0.00   18.31    0.01    0.00    0.00    0.00    0.00    0.00   52.57
14:36:27     all   29.45    0.00   20.50    0.00    0.00    0.00    0.00    0.00    0.00   50.05
14:36:28     all   30.81    0.00   18.78    0.00    0.00    0.01    0.00    0.00    0.00   50.40
14:36:29     all   30.41    0.00   17.83    0.00    0.00    0.00    0.00    0.00    0.00   51.76
14:36:30     all   31.94    0.00   17.76    0.00    0.00    0.00    0.00    0.00    0.00   50.31
14:36:31     all   31.57    0.00   18.07    0.00    0.00    0.01    0.00    0.00    0.00   50.34
14:36:32     all   31.57    0.00   18.17    0.01    0.00    0.00    0.00    0.00    0.00   50.25
14:36:33     all   31.14    0.01   18.14    0.00    0.00    0.00    0.00    0.00    0.00   50.71
14:36:34     all   28.83    0.00   17.97    0.00    0.00    0.00    0.00    0.00    0.00   53.20
14:36:35     all   28.85    0.00   17.34    0.00    0.00    0.00    0.00    0.00    0.00   53.81
14:36:36     all   33.75    0.00   17.96    0.00    0.00    0.01    0.00    0.00    0.00   48.28
14:36:37     all   31.77    0.00   20.51    0.00    0.00    0.00    0.00    0.00    0.00   47.73
14:36:38     all   29.52    0.00   20.59    0.00    0.00    0.00    0.00    0.00    0.00   49.89
14:36:39     all   30.41    0.00   18.48    0.00    0.00    0.00    0.00    0.00    0.00   51.11
14:36:40     all   30.67    0.00   17.82    0.00    0.00    0.01    0.00    0.00    0.00   51.50
14:36:41     all   31.46    0.00   19.43    0.00    0.00    0.01    0.00    0.00    0.00   49.10
14:36:42     all   30.03    0.00   21.75    0.00    0.00    0.00    0.00    0.00    0.00   48.22
14:36:43     all   31.28    0.00   20.39    0.00    0.00    0.00    0.00    0.00    0.00   48.34
14:36:44     all   30.44    0.00   19.69    0.00    0.00    0.01    0.00    0.00    0.00   49.85
14:36:45     all   31.19    0.00   18.31    0.00    0.00    0.00    0.00    0.00    0.00   50.50
14:36:46     all   31.36    0.00   17.89    0.00    0.00    0.00    0.00    0.00    0.00   50.75
14:36:47     all   32.15    0.00   17.91    0.00    0.00    0.00    0.00    0.00    0.00   49.94
14:36:48     all   30.58    0.00   15.77    0.00    0.00    0.01    0.00    0.00    0.00   53.63
14:36:49     all   28.47    0.00   18.49    0.00    0.00    0.01    0.00    0.00    0.00   53.02
14:36:50     all   31.36    0.00   17.01    0.00    0.00    0.00    0.00    0.00    0.00   51.64
14:36:51     all   32.00    0.00   16.01    0.00    0.00    0.00    0.00    0.00    0.00   52.00
14:36:52     all   31.55    0.00   17.52    0.00    0.00    0.03    0.00    0.00    0.00   50.90
14:36:53     all   28.51    0.00   20.65    0.00    0.00    0.00    0.00    0.00    0.00   50.85
14:36:54     all   30.54    0.00   17.54    0.01    0.00    0.00    0.00    0.00    0.00   51.90
14:36:55     all   32.90    0.00   18.01    0.00    0.00    0.00    0.00    0.00    0.00   49.10
14:36:56     all   31.13    0.00   17.34    0.00    0.00    0.00    0.00    0.00    0.00   51.54
14:36:57     all   31.03    0.00   17.01    0.00    0.00    0.01    0.00    0.00    0.00   51.94
14:36:58     all   30.94    0.00   15.68    0.00    0.00    0.00    0.00    0.00    0.00   53.38
14:36:59     all   30.75    0.00   17.47    0.00    0.00    0.00    0.00    0.00    0.00   51.78
14:37:00     all   29.96    0.00   17.75    0.00    0.00    0.00    0.00    0.00    0.00   52.29
14:37:01     all   28.17    0.00   17.67    0.00    0.00    0.01    0.00    0.00    0.00   54.14
14:37:02     all   30.99    0.00   17.66    0.00    0.00    0.01    0.00    0.00    0.00   51.34
14:37:03     all   30.81    0.00   17.65    0.00    0.00    0.00    0.00    0.00    0.00   51.54
14:37:04     all   31.65    0.00   15.84    0.00    0.00    0.00    0.00    0.00    0.00   52.51
14:37:05     all   30.16    0.00   15.59    0.00    0.00    0.00    0.00    0.00    0.00   54.25
14:37:06     all   30.44    0.00   17.13    0.00    0.00    0.01    0.00    0.00    0.00   52.42
14:37:07     all   29.48    0.00   15.48    0.00    0.00    0.00    0.00    0.00    0.00   55.04
14:37:08     all   29.43    0.00   16.67    0.00    0.00    0.00    0.00    0.00    0.00   53.90
14:37:09     all   31.20    0.00   18.36    0.00    0.00    0.00    0.00    0.00    0.00   50.45
14:37:10     all   30.10    0.00   19.76    0.00    0.00    0.00    0.00    0.00    0.00   50.14
14:37:11     all   30.23    0.00   18.91    0.00    0.00    0.00    0.00    0.00    0.00   50.86
14:37:12     all   32.18    0.00   19.32    0.01    0.00    0.03    0.00    0.00    0.00   48.46
14:37:13     all   29.75    0.00   20.26    0.00    0.00    0.00    0.00    0.00    0.00   49.99
14:37:14     all   30.41    0.00   20.64    0.00    0.00    0.00    0.00    0.00    0.00   48.94
14:37:15     all   29.71    0.00   20.51    0.00    0.00    0.00    0.00    0.00    0.00   49.78
14:37:16     all   29.43    0.00   19.97    0.00    0.00    0.00    0.00    0.00    0.00   50.61
14:37:17     all   28.66    0.00   21.60    0.00    0.00    0.00    0.00    0.00    0.00   49.74
14:37:18     all   28.93    0.00   20.56    0.00    0.00    0.00    0.00    0.00    0.00   50.51
14:37:19     all   29.68    0.00   20.07    0.00    0.00    0.01    0.00    0.00    0.00   50.24
14:37:20     all   30.08    0.00   20.44    0.00    0.00    0.00    0.00    0.00    0.00   49.48
14:37:21     all   30.22    0.00   18.42    0.00    0.00    0.00    0.00    0.00    0.00   51.36
14:37:22     all   30.33    0.00   18.75    0.00    0.00    0.00    0.00    0.00    0.00   50.92
14:37:23     all   28.83    0.00   21.49    0.00    0.00    0.01    0.00    0.00    0.00   49.67
14:37:24     all   28.26    0.00   21.29    0.00    0.00    0.00    0.00    0.00    0.00   50.45
14:37:25     all   27.72    0.00   22.47    0.00    0.00    0.00    0.00    0.00    0.00   49.81
14:37:26     all   27.64    0.00   22.67    0.00    0.00    0.00    0.00    0.00    0.00   49.69
14:37:27     all   28.06    0.00   22.05    0.00    0.00    0.00    0.00    0.00    0.00   49.89
14:37:28     all   28.01    0.00   22.27    0.00    0.00    0.01    0.00    0.00    0.00   49.70
14:37:29     all   30.35    0.00   21.65    0.00    0.00    0.00    0.00    0.00    0.00   48.00
14:37:30     all   28.80    0.01   22.69    0.00    0.00    0.01    0.00    0.00    0.00   48.48
14:37:31     all   30.74    0.00   20.79    0.00    0.00    0.01    0.00    0.00    0.00   48.45
14:37:32     all   30.50    0.00   20.23    0.00    0.00    0.00    0.00    0.00    0.00   49.27
14:37:33     all   29.27    0.00   20.93    0.00    0.00    0.00    0.00    0.00    0.00   49.80
14:37:34     all   29.07    0.00   21.23    0.00    0.00    0.01    0.00    0.00    0.00   49.68
14:37:35     all   29.64    0.00   20.71    0.00    0.00    0.00    0.00    0.00    0.00   49.65
14:37:36     all   29.87    0.00   19.84    0.00    0.00    0.00    0.00    0.00    0.00   50.30
14:37:37     all   28.96    0.00   18.05    0.00    0.00    0.00    0.00    0.00    0.00   52.99
14:37:38     all   30.12    0.00   18.65    0.00    0.00    0.00    0.00    0.00    0.00   51.22
14:37:39     all   29.86    0.00   20.02    0.00    0.00    0.01    0.00    0.00    0.00   50.10
14:37:40     all   28.80    0.00   21.07    0.00    0.00    0.00    0.00    0.00    0.00   50.13
14:37:41     all   28.24    0.00   21.09    0.00    0.00    0.00    0.00    0.00    0.00   50.67
14:37:42     all   30.38    0.00   19.81    0.00    0.00    0.00    0.00    0.00    0.00   49.81
14:37:43     all   30.65    0.00   20.03    0.00    0.00    0.01    0.00    0.00    0.00   49.31
14:37:44     all   31.24    0.00   18.19    0.00    0.00    0.00    0.00    0.00    0.00   50.56
14:37:45     all   30.90    0.00   19.05    0.00    0.00    0.01    0.00    0.00    0.00   50.04
14:37:46     all   31.46    0.00   18.89    0.01    0.00    0.00    0.00    0.00    0.00   49.63
14:37:47     all   31.60    0.00   18.19    0.00    0.00    0.01    0.00    0.00    0.00   50.19
14:37:48     all   31.95    0.00   17.00    0.00    0.00    0.00    0.00    0.00    0.00   51.05
14:37:49     all   34.36    0.00   16.34    0.00    0.00    0.00    0.00    0.00    0.00   49.30
14:37:50     all   33.79    0.00   16.27    0.00    0.00    0.01    0.00    0.00    0.00   49.92
14:37:51     all   31.87    0.00   18.03    0.00    0.00    0.01    0.00    0.00    0.00   50.09
14:37:52     all   31.06    0.00   17.34    0.00    0.00    0.00    0.00    0.00    0.00   51.60
14:37:53     all   27.06    0.00   16.10    0.00    0.00    0.00    0.00    0.00    0.00   56.84
14:37:54     all   28.80    0.00   16.12    0.00    0.00    0.00    0.00    0.00    0.00   55.08
14:37:55     all   32.40    0.00   15.84    0.00    0.00    0.00    0.00    0.00    0.00   51.76
14:37:56     all   33.81    0.00   16.19    0.00    0.00    0.01    0.00    0.00    0.00   49.99
14:37:57     all   34.63    0.00   15.31    0.00    0.00    0.01    0.00    0.00    0.00   50.05
14:37:58     all   32.43    0.00   17.30    0.00    0.00    0.00    0.00    0.00    0.00   50.28
14:37:59     all   31.86    0.00   17.88    0.00    0.00    0.00    0.00    0.00    0.00   50.26
14:38:00     all   32.99    0.00   16.05    0.00    0.00    0.03    0.00    0.00    0.00   50.93
14:38:01     all   26.91    0.00   14.71    0.00    0.00    0.00    0.00    0.00    0.00   58.38
14:38:02     all   16.68    0.00    9.97    0.00    0.00    0.00    0.00    0.00    0.00   73.35
14:38:03     all   32.48    0.00   15.11    0.00    0.00    0.00    0.00    0.00    0.00   52.41
14:38:04     all   32.46    0.00   17.38    0.00    0.00    0.00    0.00    0.00    0.00   50.16
14:38:05     all   33.12    0.00   18.01    0.00    0.00    0.03    0.00    0.00    0.00   48.84
14:38:06     all   28.57    0.00   16.62    0.00    0.00    0.00    0.00    0.00    0.00   54.81
14:38:07     all   30.39    0.00   18.19    0.00    0.00    0.01    0.00    0.00    0.00   51.41
14:38:08     all   28.73    0.00   17.68    0.00    0.00    0.00    0.00    0.00    0.00   53.58
14:38:09     all   24.09    0.00   15.85    0.01    0.00    0.01    0.00    0.00    0.00   60.03
14:38:10     all   27.14    0.00   14.95    0.00    0.00    0.00    0.00    0.00    0.00   57.92
14:38:11     all   29.57    0.00   14.70    0.00    0.00    0.00    0.00    0.00    0.00   55.73
14:38:12     all   30.43    0.00   17.56    0.01    0.00    0.00    0.00    0.00    0.00   52.00
14:38:13     all   30.62    0.00   19.41    0.00    0.00    0.01    0.00    0.00    0.00   49.96
14:38:14     all   29.57    0.00   18.70    0.00    0.00    0.01    0.00    0.00    0.00   51.71
14:38:15     all   28.63    0.01   19.56    0.00    0.00    0.00    0.00    0.00    0.00   51.79
14:38:16     all   28.09    0.00   16.17    0.00    0.00    0.00    0.00    0.00    0.00   55.74
14:38:17     all   32.58    0.00   17.91    0.00    0.00    0.00    0.00    0.00    0.00   49.51
14:38:18     all   31.62    0.00   17.39    0.00    0.00    0.00    0.00    0.00    0.00   50.99
14:38:19     all   31.99    0.00   17.51    0.00    0.00    0.01    0.00    0.00    0.00   50.49
14:38:20     all   32.91    0.00   16.81    0.00    0.00    0.00    0.00    0.00    0.00   50.28
14:38:21     all   30.96    0.00   17.13    0.00    0.00    0.00    0.00    0.00    0.00   51.91
14:38:22     all   31.36    0.00   18.51    0.00    0.00    0.00    0.00    0.00    0.00   50.13
14:38:23     all   30.88    0.00   19.10    0.00    0.00    0.00    0.00    0.00    0.00   50.01
14:38:24     all   31.61    0.00   18.83    0.00    0.00    0.00    0.00    0.00    0.00   49.56
14:38:25     all   33.41    0.00   18.09    0.00    0.00    0.01    0.00    0.00    0.00   48.49
14:38:26     all   29.18    0.00   15.74    0.00    0.00    0.00    0.00    0.00    0.00   55.08
14:38:27     all   32.93    0.00   17.49    0.00    0.00    0.00    0.00    0.00    0.00   49.58
14:38:28     all   30.23    0.00   18.82    0.01    0.00    0.00    0.00    0.00    0.00   50.94
14:38:29     all   30.15    0.00   17.78    0.00    0.00    0.01    0.00    0.00    0.00   52.05
14:38:30     all   30.41    0.00   18.92    0.00    0.00    0.00    0.00    0.00    0.00   50.67
14:38:31     all   31.96    0.00   18.32    0.00    0.00    0.00    0.00    0.00    0.00   49.71
14:38:32     all   32.66    0.00   17.81    0.00    0.00    0.00    0.00    0.00    0.00   49.53
14:38:33     all   30.13    0.00   19.07    0.00    0.00    0.00    0.00    0.00    0.00   50.80
14:38:34     all   32.66    0.00   16.40    0.00    0.00    0.01    0.00    0.00    0.00   50.93
14:38:35     all   33.18    0.00   13.15    0.00    0.00    0.00    0.00    0.00    0.00   53.67
14:38:36     all   29.22    0.00   15.63    0.00    0.00    0.00    0.00    0.00    0.00   55.15
14:38:37     all   30.57    0.00   16.14    0.00    0.00    0.01    0.00    0.00    0.00   53.27
14:38:38     all   33.26    0.00   14.18    0.00    0.00    0.00    0.00    0.00    0.00   52.56
14:38:39     all   30.42    0.00   13.97    0.01    0.00    0.00    0.00    0.00    0.00   55.59
14:38:40     all   27.76    0.00   15.59    0.00    0.00    0.00    0.00    0.00    0.00   56.65
14:38:41     all   30.47    0.00   15.01    0.00    0.00    0.00    0.00    0.00    0.00   54.52
14:38:42     all   25.69    0.00   13.70    0.00    0.00    0.00    0.00    0.00    0.00   60.61
14:38:43     all   28.45    0.00   14.61    0.00    0.00    0.01    0.00    0.00    0.00   56.92
14:38:44     all   30.18    0.00   14.86    0.00    0.00    0.00    0.00    0.00    0.00   54.95
14:38:45     all   32.47    0.00   15.82    0.00    0.00    0.01    0.00    0.00    0.00   51.70
14:38:46     all   29.58    0.00   14.83    0.00    0.00    0.00    0.00    0.00    0.00   55.59
14:38:47     all   29.33    0.00   13.58    0.00    0.00    0.00    0.00    0.00    0.00   57.10
14:38:48     all   30.19    0.00   14.51    0.00    0.00    0.01    0.00    0.00    0.00   55.29
14:38:49     all   28.01    0.00   13.22    0.00    0.00    0.00    0.00    0.00    0.00   58.77
14:38:50     all   25.95    0.00   10.73    0.00    0.00    0.00    0.00    0.00    0.00   63.32
14:38:51     all   30.72    0.00   12.31    0.00    0.00    0.01    0.00    0.00    0.00   56.96
14:38:52     all   26.34    0.00   12.76    0.00    0.00    0.00    0.00    0.00    0.00   60.90
14:38:53     all   19.72    0.00   10.82    0.00    0.00    0.00    0.00    0.00    0.00   69.46
14:38:54     all   29.47    0.00   12.80    0.00    0.00    0.00    0.00    0.00    0.00   57.73
14:38:55     all   27.74    0.00   14.51    0.00    0.00    0.00    0.00    0.00    0.00   57.75
14:38:56     all   23.74    0.00   12.30    0.00    0.00    0.00    0.00    0.00    0.00   63.96
14:38:57     all   33.00    0.00   14.12    0.00    0.00    0.00    0.00    0.00    0.00   52.87
14:38:58     all   30.13    0.00   15.74    0.00    0.00    0.01    0.00    0.00    0.00   54.11
14:38:59     all   28.06    0.00   14.38    0.00    0.00    0.00    0.00    0.00    0.00   57.56
14:39:00     all   30.36    0.00   14.45    0.00    0.00    0.01    0.00    0.00    0.00   55.17
14:39:01     all   31.94    0.00   15.91    0.00    0.00    0.00    0.00    0.00    0.00   52.15
14:39:02     all   21.23    0.00   14.48    0.00    0.00    0.00    0.00    0.00    0.00   64.29
14:39:03     all   25.66    0.00   15.49    0.00    0.00    0.00    0.00    0.00    0.00   58.84
14:39:04     all   28.70    0.00   13.24    0.00    0.00    0.01    0.00    0.00    0.00   58.04
14:39:05     all   31.53    0.00   13.36    0.00    0.00    0.00    0.00    0.00    0.00   55.11
14:39:06     all   30.25    0.00   16.26    0.00    0.00    0.00    0.00    0.00    0.00   53.49
14:39:07     all   30.02    0.00   15.14    0.00    0.00    0.00    0.00    0.00    0.00   54.83
14:39:08     all   31.40    0.00   15.00    0.01    0.00    0.00    0.00    0.00    0.00   53.59
14:39:09     all   25.77    0.00   13.40    0.00    0.00    0.01    0.00    0.00    0.00   60.82
14:39:10     all   26.97    0.00   14.57    0.00    0.00    0.00    0.00    0.00    0.00   58.47
14:39:11     all   29.29    0.00   15.45    0.00    0.00    0.00    0.00    0.00    0.00   55.26
14:39:12     all   30.85    0.00   16.54    0.00    0.00    0.01    0.00    0.00    0.00   52.59
14:39:13     all   33.02    0.00   16.61    0.00    0.00    0.00    0.00    0.00    0.00   50.37
14:39:14     all   33.23    0.00   17.25    0.00    0.00    0.00    0.00    0.00    0.00   49.52
14:39:15     all   31.84    0.00   17.49    0.00    0.00    0.00    0.00    0.00    0.00   50.67
14:39:16     all   33.64    0.00   15.67    0.00    0.00    0.00    0.00    0.00    0.00   50.69
14:39:17     all   33.96    0.00   15.48    0.00    0.00    0.01    0.00    0.00    0.00   50.54
14:39:18     all   31.44    0.00   14.18    0.00    0.00    0.01    0.00    0.00    0.00   54.37
14:39:19     all   29.27    0.00   14.24    0.00    0.00    0.00    0.00    0.00    0.00   56.49
14:39:20     all   31.38    0.00   13.19    0.00    0.00    0.00    0.00    0.00    0.00   55.43
14:39:21     all   32.90    0.00   15.00    0.00    0.00    0.01    0.00    0.00    0.00   52.09
14:39:22     all   27.23    0.00   14.77    0.00    0.00    0.00    0.00    0.00    0.00   58.00
14:39:23     all   30.53    0.00   13.08    0.00    0.00    0.00    0.00    0.00    0.00   56.39
14:39:24     all   28.06    0.00   11.96    0.00    0.00    0.01    0.00    0.00    0.00   59.97
14:39:25     all   32.22    0.00   14.45    0.00    0.00    0.00    0.00    0.00    0.00   53.33
14:39:26     all   30.50    0.00   17.06    0.00    0.00    0.01    0.00    0.00    0.00   52.43
14:39:27     all   29.64    0.00   14.65    0.00    0.00    0.00    0.00    0.00    0.00   55.71
14:39:28     all   30.12    0.00   12.86    0.00    0.00    0.00    0.00    0.00    0.00   57.02
14:39:29     all   28.75    0.01   12.34    0.00    0.00    0.01    0.00    0.00    0.00   58.88
14:39:30     all   28.34    0.00   11.97    0.00    0.00    0.00    0.00    0.00    0.00   59.68
14:39:31     all   31.72    0.00   13.99    0.00    0.00    0.00    0.00    0.00    0.00   54.29
14:39:32     all   19.86    0.00   10.56    0.00    0.00    0.00    0.00    0.00    0.00   69.58
14:39:33     all   34.39    0.00   15.27    0.00    0.00    0.01    0.00    0.00    0.00   50.32
14:39:34     all   23.31    0.01   13.30    0.00    0.00    0.00    0.00    0.00    0.00   63.38
14:39:35     all   24.30    0.00    9.03    0.00    0.00    0.00    0.00    0.00    0.00   66.67
14:39:36     all   25.34    0.00    9.73    0.00    0.00    0.00    0.00    0.00    0.00   64.93
14:39:37     all   31.19    0.00   11.41    0.00    0.00    0.00    0.00    0.00    0.00   57.39
14:39:38     all   27.92    0.00   11.07    0.00    0.00    0.00    0.00    0.00    0.00   61.02
14:39:39     all   31.19    0.00    9.05    0.00    0.00    0.01    0.00    0.00    0.00   59.75
14:39:40     all   25.18    0.00    8.06    0.00    0.00    0.01    0.00    0.00    0.00   66.75
14:39:41     all   30.10    0.00   11.90    0.00    0.00    0.01    0.00    0.00    0.00   57.99
14:39:42     all   26.78    0.00   11.22    0.00    0.00    0.00    0.00    0.00    0.00   62.00
14:39:43     all   32.76    0.00   12.24    0.00    0.00    0.04    0.00    0.00    0.00   54.96
14:39:44     all   23.51    0.01    9.08    0.00    0.00    0.00    0.00    0.00    0.00   67.40
14:39:45     all   29.84    0.00   10.42    0.00    0.00    0.01    0.00    0.00    0.00   59.73
14:39:46     all   25.28    0.00    8.08    0.00    0.00    0.00    0.00    0.00    0.00   66.64
14:39:47     all   29.85    0.00   11.87    0.00    0.00    0.00    0.00    0.00    0.00   58.28
14:39:48     all   28.19    0.00   11.26    0.00    0.00    0.01    0.00    0.00    0.00   60.54
14:39:49     all   29.83    0.00    9.42    0.00    0.00    0.00    0.00    0.00    0.00   60.75
14:39:50     all   26.47    0.00   10.48    0.00    0.00    0.01    0.00    0.00    0.00   63.04
14:39:51     all   27.86    0.00   10.49    0.00    0.00    0.00    0.00    0.00    0.00   61.65
14:39:52     all   26.26    0.00    9.83    0.00    0.00    0.00    0.00    0.00    0.00   63.91
14:39:53     all   27.20    0.00   10.73    0.00    0.00    0.00    0.00    0.00    0.00   62.08
14:39:54     all   25.39    0.00    9.56    0.00    0.00    0.01    0.00    0.00    0.00   65.04
14:39:55     all   23.84    0.00    8.21    0.00    0.00    0.00    0.00    0.00    0.00   67.95
14:39:56     all   25.73    0.00   10.18    0.00    0.00    0.00    0.00    0.00    0.00   64.08
14:39:57     all   23.95    0.00    8.44    0.00    0.00    0.00    0.00    0.00    0.00   67.61
14:39:58     all   30.37    0.00   10.95    0.00    0.00    0.01    0.00    0.00    0.00   58.67
14:39:59     all   28.42    0.00   10.96    0.00    0.00    0.00    0.00    0.00    0.00   60.62
14:40:00     all   35.67    0.00   13.41    0.00    0.00    0.00    0.00    0.00    0.00   50.92
14:40:01     all   24.69    0.00   11.09    0.00    0.00    0.01    0.00    0.00    0.00   64.21
14:40:02     all   27.51    0.00   11.76    0.00    0.00    0.00    0.00    0.00    0.00   60.73
14:40:03     all   23.58    0.00   11.12    0.00    0.00    0.00    0.00    0.00    0.00   65.30
14:40:04     all   30.59    0.00   12.88    0.00    0.00    0.00    0.00    0.00    0.00   56.54
14:40:05     all   28.08    0.00   12.64    0.00    0.00    0.00    0.00    0.00    0.00   59.29
14:40:06     all   28.05    0.00   12.70    0.00    0.00    0.00    0.00    0.00    0.00   59.25
14:40:07     all   33.44    0.00   13.34    0.00    0.00    0.00    0.00    0.00    0.00   53.21
14:40:08     all   31.12    0.00   15.97    0.00    0.00    0.03    0.00    0.00    0.00   52.88
14:40:09     all   33.82    0.00   15.59    0.00    0.00    0.00    0.00    0.00    0.00   50.60
14:40:10     all   30.04    0.00   14.84    0.00    0.00    0.01    0.00    0.00    0.00   55.10
14:40:11     all   30.01    0.00   13.72    0.00    0.00    0.00    0.00    0.00    0.00   56.27
14:40:12     all   30.14    0.00   14.86    0.01    0.00    0.00    0.00    0.00    0.00   54.99
14:40:13     all   30.79    0.00   13.14    0.00    0.00    0.01    0.00    0.00    0.00   56.06
14:40:14     all   29.82    0.00   14.40    0.00    0.00    0.00    0.00    0.00    0.00   55.78
14:40:15     all   29.60    0.00   15.00    0.00    0.00    0.00    0.00    0.00    0.00   55.41
14:40:16     all   30.02    0.00   14.29    0.00    0.00    0.01    0.00    0.00    0.00   55.69
14:40:17     all   33.12    0.00   14.91    0.00    0.00    0.00    0.00    0.00    0.00   51.97
14:40:18     all   32.04    0.00   15.01    0.00    0.00    0.00    0.00    0.00    0.00   52.95
14:40:19     all   30.47    0.00   14.70    0.00    0.00    0.01    0.00    0.00    0.00   54.82
14:40:20     all   31.18    0.00   15.37    0.00    0.00    0.00    0.00    0.00    0.00   53.46
14:40:21     all   32.25    0.00   16.92    0.00    0.00    0.01    0.00    0.00    0.00   50.82
14:40:22     all   31.82    0.00   15.74    0.00    0.00    0.00    0.00    0.00    0.00   52.44
14:40:23     all   28.12    0.00   13.95    0.00    0.00    0.00    0.00    0.00    0.00   57.92
14:40:24     all   31.21    0.00   13.98    0.00    0.00    0.01    0.00    0.00    0.00   54.80
14:40:25     all   34.18    0.00   15.11    0.00    0.00    0.01    0.00    0.00    0.00   50.69
14:40:26     all   28.40    0.00   14.37    0.00    0.00    0.00    0.00    0.00    0.00   57.22
14:40:27     all   30.94    0.00   15.77    0.00    0.00    0.01    0.00    0.00    0.00   53.28
14:40:28     all   32.64    0.00   16.76    0.00    0.00    0.00    0.00    0.00    0.00   50.60
14:40:29     all   32.08    0.00   16.91    0.00    0.00    0.00    0.00    0.00    0.00   51.01
14:40:30     all   31.51    0.00   17.37    0.00    0.00    0.00    0.00    0.00    0.00   51.12
14:40:31     all   32.62    0.00   15.37    0.00    0.00    0.03    0.00    0.00    0.00   51.98
14:40:32     all   29.56    0.00   13.25    0.01    0.00    0.00    0.00    0.00    0.00   57.18
14:40:33     all   34.52    0.00   14.75    0.00    0.00    0.00    0.00    0.00    0.00   50.73
14:40:34     all   30.80    0.00   14.61    0.00    0.00    0.00    0.00    0.00    0.00   54.60
14:40:35     all   30.55    0.00   15.21    0.00    0.00    0.00    0.00    0.00    0.00   54.24
14:40:36     all   26.84    0.00   14.82    0.00    0.00    0.01    0.00    0.00    0.00   58.32
14:40:37     all   21.47    0.00   11.48    0.00    0.00    0.00    0.00    0.00    0.00   67.05
14:40:38     all   33.88    0.00   14.75    0.00    0.00    0.00    0.00    0.00    0.00   51.37
14:40:39     all   28.87    0.00   16.44    0.00    0.00    0.01    0.00    0.00    0.00   54.68
14:40:40     all   29.53    0.00   15.09    0.00    0.00    0.00    0.00    0.00    0.00   55.38
14:40:41     all   35.38    0.00   14.80    0.00    0.00    0.01    0.00    0.00    0.00   49.81
14:40:42     all   28.37    0.00   14.70    0.00    0.00    0.00    0.00    0.00    0.00   56.93
14:40:43     all   31.91    0.00   14.94    0.00    0.00    0.00    0.00    0.00    0.00   53.14
14:40:44     all   30.92    0.00   14.41    0.00    0.00    0.01    0.00    0.00    0.00   54.65
14:40:45     all   22.28    0.00   12.83    0.00    0.00    0.00    0.00    0.00    0.00   64.89
14:40:46     all   28.82    0.00   14.19    0.00    0.00    0.00    0.00    0.00    0.00   57.00
14:40:47     all   31.31    0.01   16.71    0.00    0.00    0.03    0.00    0.00    0.00   51.94
14:40:48     all   33.25    0.01   15.88    0.00    0.00    0.00    0.00    0.00    0.00   50.86
14:40:49     all   29.22    0.00   15.38    0.00    0.00    0.00    0.00    0.00    0.00   55.40
14:40:50     all   30.32    0.00   13.24    0.00    0.00    0.00    0.00    0.00    0.00   56.44
14:40:51     all   32.95    0.00   14.73    0.00    0.00    0.00    0.00    0.00    0.00   52.31
14:40:52     all   30.99    0.00   15.03    0.00    0.00    0.00    0.00    0.00    0.00   53.97
14:40:53     all   27.53    0.00   17.50    0.00    0.00    0.03    0.00    0.00    0.00   54.94
14:40:54     all   32.81    0.00   15.38    0.00    0.00    0.00    0.00    0.00    0.00   51.81
14:40:55     all   30.26    0.00   16.48    0.00    0.00    0.00    0.00    0.00    0.00   53.26
14:40:56     all   32.03    0.00   16.02    0.00    0.00    0.00    0.00    0.00    0.00   51.95
14:40:57     all   29.99    0.00   14.32    0.00    0.00    0.00    0.00    0.00    0.00   55.69
14:40:58     all   30.63    0.00   13.92    0.00    0.00    0.01    0.00    0.00    0.00   55.43
14:40:59     all   33.73    0.01   15.55    0.00    0.00    0.00    0.00    0.00    0.00   50.71
14:41:00     all   27.06    0.00   14.95    0.00    0.00    0.00    0.00    0.00    0.00   57.99
14:41:01     all   26.06    0.00   11.63    0.01    0.00    0.00    0.00    0.00    0.00   62.29
14:41:02     all   33.05    0.00   12.31    0.00    0.00    0.01    0.00    0.00    0.00   54.63
14:41:03     all   31.65    0.00   14.18    0.00    0.00    0.00    0.00    0.00    0.00   54.17
14:41:04     all   24.63    0.00   11.62    0.00    0.00    0.00    0.00    0.00    0.00   63.75
14:41:05     all   32.04    0.00   14.23    0.00    0.00    0.00    0.00    0.00    0.00   53.73
14:41:06     all   31.77    0.00   14.50    0.00    0.00    0.01    0.00    0.00    0.00   53.71
14:41:07     all   32.02    0.00   15.31    0.00    0.00    0.01    0.00    0.00    0.00   52.66
14:41:08     all   27.53    0.00   13.57    0.00    0.00    0.00    0.00    0.00    0.00   58.90
14:41:09     all   31.90    0.00   12.88    0.00    0.00    0.00    0.00    0.00    0.00   55.22
14:41:10     all   16.05    0.00    9.47    0.00    0.00    0.00    0.00    0.00    0.00   74.48
14:41:11     all   35.27    0.01   13.15    0.00    0.00    0.00    0.00    0.00    0.00   51.56
14:41:12     all   26.57    0.00   12.62    0.00    0.00    0.01    0.00    0.00    0.00   60.80
14:41:13     all   35.21    0.00   15.24    0.00    0.00    0.00    0.00    0.00    0.00   49.55
14:41:14     all   29.63    0.00   15.12    0.00    0.00    0.00    0.00    0.00    0.00   55.25
14:41:15     all   33.14    0.00   14.30    0.00    0.00    0.01    0.00    0.00    0.00   52.55
14:41:16     all   32.93    0.00   14.56    0.00    0.00    0.00    0.00    0.00    0.00   52.51
14:41:17     all   30.99    0.00   12.60    0.00    0.00    0.00    0.00    0.00    0.00   56.41
14:41:18     all   20.62    0.00   12.40    0.00    0.00    0.00    0.00    0.00    0.00   66.97
14:41:19     all   28.45    0.00   13.73    0.00    0.00    0.01    0.00    0.00    0.00   57.80
14:41:20     all   29.74    0.00   14.75    0.00    0.00    0.00    0.00    0.00    0.00   55.51
14:41:21     all   29.36    0.00   13.35    0.00    0.00    0.00    0.00    0.00    0.00   57.29
14:41:22     all   18.92    0.00   11.28    0.00    0.00    0.00    0.00    0.00    0.00   69.79
14:41:23     all   25.94    0.00   10.79    0.00    0.00    0.00    0.00    0.00    0.00   63.27
14:41:24     all   27.10    0.00   11.34    0.00    0.00    0.00    0.00    0.00    0.00   61.55
14:41:25     all   27.13    0.00   10.69    0.00    0.00    0.00    0.00    0.00    0.00   62.18
14:41:26     all   29.19    0.00   11.86    0.00    0.00    0.00    0.00    0.00    0.00   58.94
14:41:27     all   30.44    0.00   14.28    0.00    0.00    0.00    0.00    0.00    0.00   55.28
14:41:28     all   30.27    0.04   11.74    0.00    0.00    0.00    0.00    0.00    0.00   57.95
14:41:29     all   19.94    0.00   11.14    0.00    0.00    0.00    0.00    0.00    0.00   68.92
14:41:30     all   34.81    0.00   13.57    0.00    0.00    0.00    0.00    0.00    0.00   51.62
14:41:31     all   29.85    0.00   15.19    0.00    0.00    0.03    0.00    0.00    0.00   54.93
14:41:32     all   33.83    0.00   14.44    0.00    0.00    0.00    0.00    0.00    0.00   51.73
14:41:33     all   29.61    0.00   11.48    0.00    0.00    0.00    0.00    0.00    0.00   58.91
14:41:34     all   19.90    0.00    9.46    0.00    0.00    0.00    0.00    0.00    0.00   70.64
14:41:35     all   36.71    0.00   12.93    0.00    0.00    0.01    0.00    0.00    0.00   50.35
14:41:36     all   33.70    0.00   13.55    0.00    0.00    0.00    0.00    0.00    0.00   52.75
14:41:37     all   28.09    0.00   12.47    0.00    0.00    0.01    0.00    0.00    0.00   59.42
14:41:38     all   28.48    0.00   11.74    0.00    0.00    0.01    0.00    0.00    0.00   59.76
14:41:39     all   29.29    0.00   12.43    0.00    0.00    0.01    0.00    0.00    0.00   58.27
14:41:40     all   34.16    0.00   15.19    0.00    0.00    0.00    0.00    0.00    0.00   50.65
14:41:41     all   24.70    0.00   12.09    0.00    0.00    0.00    0.00    0.00    0.00   63.21
14:41:42     all   30.30    0.00   14.37    0.00    0.00    0.00    0.00    0.00    0.00   55.33
14:41:43     all   23.06    0.00   11.47    0.00    0.00    0.00    0.00    0.00    0.00   65.47
14:41:44     all   35.40    0.01   13.73    0.00    0.00    0.01    0.00    0.00    0.00   50.83
14:41:45     all   27.75    0.00   13.95    0.00    0.00    0.00    0.00    0.00    0.00   58.30
14:41:46     all   30.05    0.00   16.53    0.01    0.00    0.00    0.00    0.00    0.00   53.41
14:41:47     all   34.04    0.00   15.83    0.00    0.00    0.01    0.00    0.00    0.00   50.11
14:41:48     all   25.98    0.00   14.63    0.00    0.00    0.00    0.00    0.00    0.00   59.39
14:41:49     all   23.58    0.00   13.35    0.00    0.00    0.00    0.00    0.00    0.00   63.07
14:41:50     all   32.77    0.00   15.85    0.00    0.00    0.00    0.00    0.00    0.00   51.38
14:41:51     all   33.46    0.00   16.64    0.00    0.00    0.00    0.00    0.00    0.00   49.90
14:41:52     all   31.42    0.00   16.66    0.00    0.00    0.00    0.00    0.00    0.00   51.92
14:41:53     all   25.59    0.00   14.42    0.00    0.00    0.00    0.00    0.00    0.00   59.98
14:41:54     all   34.40    0.00   16.05    0.00    0.00    0.01    0.00    0.00    0.00   49.54
14:41:55     all   30.53    0.00   14.68    0.00    0.00    0.00    0.00    0.00    0.00   54.79
14:41:56     all   30.63    0.00   15.75    0.00    0.00    0.00    0.00    0.00    0.00   53.62
14:41:57     all   26.35    0.00   15.19    0.00    0.00    0.01    0.00    0.00    0.00   58.45
14:41:58     all   29.99    0.00   16.10    0.00    0.00    0.00    0.00    0.00    0.00   53.91
14:41:59     all   31.99    0.00   14.88    0.00    0.00    0.00    0.00    0.00    0.00   53.13
14:42:00     all   30.92    0.00   15.76    0.00    0.00    0.00    0.00    0.00    0.00   53.32
14:42:01     all   31.63    0.00   16.47    0.00    0.00    0.00    0.00    0.00    0.00   51.90
14:42:02     all   34.64    0.00   14.86    0.00    0.00    0.00    0.00    0.00    0.00   50.50
14:42:03     all   28.25    0.00   15.80    0.00    0.00    0.03    0.00    0.00    0.00   55.92
14:42:04     all   24.67    0.00   13.18    0.00    0.00    0.00    0.00    0.00    0.00   62.15
14:42:05     all   26.84    0.00   14.58    0.00    0.00    0.00    0.00    0.00    0.00   58.58
14:42:06     all   32.75    0.00   15.28    0.00    0.00    0.00    0.00    0.00    0.00   51.97
14:42:07     all   32.76    0.00   16.55    0.01    0.00    0.01    0.00    0.00    0.00   50.66
14:42:08     all   28.24    0.00   15.56    0.00    0.00    0.00    0.00    0.00    0.00   56.20
14:42:09     all   26.87    0.00   14.03    0.00    0.00    0.00    0.00    0.00    0.00   59.11
14:42:10     all   30.30    0.00   13.52    0.00    0.00    0.00    0.00    0.00    0.00   56.18
14:42:11     all   30.99    0.00   14.36    0.00    0.00    0.00    0.00    0.00    0.00   54.66
14:42:12     all   32.79    0.00   15.87    0.00    0.00    0.00    0.00    0.00    0.00   51.34
14:42:13     all   26.89    0.00   13.21    0.00    0.00    0.00    0.00    0.00    0.00   59.89
14:42:14     all   28.73    0.00   14.02    0.00    0.00    0.01    0.00    0.00    0.00   57.23
14:42:15     all   27.45    0.00   13.48    0.00    0.00    0.00    0.00    0.00    0.00   59.07
14:42:16     all   28.26    0.00   14.35    0.00    0.00    0.01    0.00    0.00    0.00   57.38
14:42:17     all   28.64    0.00   14.73    0.00    0.00    0.00    0.00    0.00    0.00   56.63
14:42:18     all   33.78    0.00   14.39    0.00    0.00    0.00    0.00    0.00    0.00   51.83
14:42:19     all   32.00    0.00   14.35    0.00    0.00    0.00    0.00    0.00    0.00   53.65
14:42:20     all   34.74    0.00   13.91    0.00    0.00    0.01    0.00    0.00    0.00   51.33
14:42:21     all   32.87    0.00   14.01    0.00    0.00    0.00    0.00    0.00    0.00   53.12
14:42:22     all   33.16    0.00   14.99    0.00    0.00    0.01    0.00    0.00    0.00   51.84
14:42:23     all   35.12    0.00   16.02    0.00    0.00    0.00    0.00    0.00    0.00   48.86
14:42:24     all   29.88    0.00   15.62    0.00    0.00    0.01    0.00    0.00    0.00   54.49
14:42:25     all   30.74    0.00   14.61    0.00    0.00    0.00    0.00    0.00    0.00   54.65
14:42:26     all   18.53    0.00    9.52    0.00    0.00    0.00    0.00    0.00    0.00   71.95
14:42:27     all   33.76    0.00   13.79    0.00    0.00    0.00    0.00    0.00    0.00   52.45
14:42:28     all   29.79    0.00   15.77    0.00    0.00    0.00    0.00    0.00    0.00   54.44
14:42:29     all   30.74    0.00   15.70    0.00    0.00    0.03    0.00    0.00    0.00   53.53
14:42:30     all   28.85    0.00   16.24    0.00    0.00    0.00    0.00    0.00    0.00   54.91
14:42:31     all   28.81    0.00   15.36    0.00    0.00    0.00    0.00    0.00    0.00   55.83
14:42:32     all   30.99    0.00   14.15    0.00    0.00    0.00    0.00    0.00    0.00   54.85
14:42:33     all   27.85    0.00   12.38    0.00    0.00    0.00    0.00    0.00    0.00   59.78
14:42:34     all   18.32    0.00    9.06    0.00    0.00    0.01    0.00    0.00    0.00   72.61
14:42:35     all   33.79    0.00   10.77    0.00    0.00    0.00    0.00    0.00    0.00   55.44
14:42:36     all   25.70    0.00    9.91    0.00    0.00    0.00    0.00    0.00    0.00   64.40
14:42:37     all   23.27    0.00   10.83    0.00    0.00    0.03    0.00    0.00    0.00   65.87
14:42:38     all   35.04    0.00   14.26    0.00    0.00    0.00    0.00    0.00    0.00   50.70
14:42:39     all   32.05    0.00   13.99    0.00    0.00    0.00    0.00    0.00    0.00   53.96
14:42:40     all   19.31    0.00   10.43    0.00    0.00    0.01    0.00    0.00    0.00   70.25
14:42:41     all   32.98    0.00   12.17    0.00    0.00    0.00    0.00    0.00    0.00   54.85
14:42:42     all   26.48    0.00   13.07    0.00    0.00    0.00    0.00    0.00    0.00   60.45
14:42:43     all   27.61    0.00   10.49    0.00    0.00    0.00    0.00    0.00    0.00   61.91
14:42:44     all   21.96    0.00    8.70    0.00    0.00    0.00    0.00    0.00    0.00   69.34
14:42:45     all   33.04    0.00   12.45    0.00    0.00    0.01    0.00    0.00    0.00   54.50
14:42:46     all   28.33    0.00   12.35    0.00    0.00    0.00    0.00    0.00    0.00   59.32
14:42:47     all   26.70    0.00   11.27    0.00    0.00    0.01    0.00    0.00    0.00   62.02
14:42:48     all   27.50    0.00   10.25    0.00    0.00    0.01    0.00    0.00    0.00   62.24
14:42:49     all   37.02    0.00   10.74    0.00    0.00    0.01    0.00    0.00    0.00   52.23
14:42:50     all   23.17    0.00    9.92    0.00    0.00    0.01    0.00    0.00    0.00   66.90
14:42:51     all   30.44    0.00   11.77    0.00    0.00    0.00    0.00    0.00    0.00   57.79
14:42:52     all   31.96    0.00   12.62    0.00    0.00    0.00    0.00    0.00    0.00   55.42
14:42:53     all   25.09    0.00    9.76    0.00    0.00    0.01    0.00    0.00    0.00   65.14
14:42:54     all   34.77    0.00   11.96    0.00    0.00    0.00    0.00    0.00    0.00   53.28
14:42:55     all   31.16    0.00   11.34    0.00    0.00    0.01    0.00    0.00    0.00   57.48
14:42:56     all   29.94    0.00   10.65    0.00    0.00    0.00    0.00    0.00    0.00   59.41
14:42:57     all   25.13    0.00    8.87    0.00    0.00    0.01    0.00    0.00    0.00   65.99
14:42:58     all   29.29    0.00    9.21    0.00    0.00    0.01    0.00    0.00    0.00   61.49
14:42:59     all   27.92    0.00   11.11    0.00    0.00    0.00    0.00    0.00    0.00   60.97
14:43:00     all   25.81    0.01   11.83    0.00    0.00    0.01    0.00    0.00    0.00   62.33
14:43:01     all   32.02    0.01   14.72    0.00    0.00    0.00    0.00    0.00    0.00   53.25
14:43:02     all   23.46    0.00   12.96    0.00    0.00    0.01    0.00    0.00    0.00   63.57
14:43:03     all   23.82    0.00   13.12    0.00    0.00    0.00    0.00    0.00    0.00   63.06
14:43:04     all   20.97    0.00    8.16    0.00    0.00    0.00    0.00    0.00    0.00   70.86
14:43:05     all   32.32    0.00   10.46    0.01    0.00    0.00    0.00    0.00    0.00   57.21
14:43:06     all   27.65    0.00    9.18    0.00    0.00    0.00    0.00    0.00    0.00   63.17
14:43:07     all   20.29    0.00    9.09    0.00    0.00    0.01    0.00    0.00    0.00   70.60
14:43:08     all   29.27    0.00   11.41    0.00    0.00    0.00    0.00    0.00    0.00   59.32
14:43:09     all   32.31    0.00   12.59    0.00    0.00    0.01    0.00    0.00    0.00   55.08
14:43:10     all   30.30    0.00   10.70    0.00    0.00    0.00    0.00    0.00    0.00   59.00
14:43:11     all   26.83    0.00    9.87    0.00    0.00    0.00    0.00    0.00    0.00   63.30
14:43:12     all   18.26    0.00    8.34    0.00    0.00    0.00    0.00    0.00    0.00   73.40
14:43:13     all   32.50    0.00   10.88    0.00    0.00    0.00    0.00    0.00    0.00   56.63
14:43:14     all   30.98    0.00   13.19    0.00    0.00    0.00    0.00    0.00    0.00   55.83
14:43:15     all   25.15    0.00   10.76    0.00    0.00    0.00    0.00    0.00    0.00   64.09
14:43:16     all   26.72    0.00    8.80    0.00    0.00    0.00    0.00    0.00    0.00   64.47
14:43:17     all   29.79    0.00   10.75    0.00    0.00    0.01    0.00    0.00    0.00   59.45
14:43:18     all   32.77    0.00   14.11    0.00    0.00    0.01    0.00    0.00    0.00   53.11
14:43:19     all   27.93    0.00   13.49    0.00    0.00    0.00    0.00    0.00    0.00   58.58
14:43:20     all   25.27    0.00   12.02    0.00    0.00    0.00    0.00    0.00    0.00   62.71
14:43:21     all   27.60    0.00   11.09    0.00    0.00    0.00    0.00    0.00    0.00   61.30
14:43:22     all   25.04    0.00   10.27    0.00    0.00    0.00    0.00    0.00    0.00   64.69
14:43:23     all   27.55    0.00    9.97    0.00    0.00    0.00    0.00    0.00    0.00   62.49
14:43:24     all   30.48    0.00   12.17    0.00    0.00    0.00    0.00    0.00    0.00   57.36
14:43:25     all   28.84    0.00   13.34    0.00    0.00    0.00    0.00    0.00    0.00   57.82
14:43:26     all   34.40    0.00   14.50    0.00    0.00    0.00    0.00    0.00    0.00   51.10
14:43:27     all   28.49    0.00   13.01    0.00    0.00    0.01    0.00    0.00    0.00   58.49
14:43:28     all   23.47    0.00   11.18    0.00    0.00    0.00    0.00    0.00    0.00   65.35
14:43:29     all   36.69    0.03   12.83    0.00    0.00    0.00    0.00    0.00    0.00   50.45
14:43:30     all   29.44    0.01   13.64    0.00    0.00    0.00    0.00    0.00    0.00   56.91
14:43:31     all   31.02    0.00   12.27    0.00    0.00    0.01    0.00    0.00    0.00   56.70
14:43:32     all   27.68    0.00   11.96    0.00    0.00    0.00    0.00    0.00    0.00   60.36
14:43:33     all   32.24    0.00   13.36    0.00    0.00    0.00    0.00    0.00    0.00   54.41
14:43:34     all   31.21    0.00   12.77    0.00    0.00    0.00    0.00    0.00    0.00   56.02
14:43:35     all   24.32    0.00   12.11    0.00    0.00    0.00    0.00    0.00    0.00   63.57
14:43:36     all   29.68    0.00   12.59    0.00    0.00    0.00    0.00    0.00    0.00   57.73
14:43:37     all   30.14    0.00   12.63    0.00    0.00    0.00    0.00    0.00    0.00   57.23
14:43:38     all   22.92    0.00   10.15    0.00    0.00    0.00    0.00    0.00    0.00   66.94
14:43:39     all   36.49    0.00   12.03    0.00    0.00    0.01    0.00    0.00    0.00   51.47
14:43:40     all   33.86    0.00   12.99    0.00    0.00    0.01    0.00    0.00    0.00   53.14
14:43:41     all   16.88    0.00    9.81    0.00    0.00    0.00    0.00    0.00    0.00   73.31
14:43:42     all   36.52    0.00   11.42    0.00    0.00    0.00    0.00    0.00    0.00   52.05
14:43:43     all   24.26    0.00   11.33    0.00    0.00    0.00    0.00    0.00    0.00   64.41
14:43:44     all   28.82    0.00    9.33    0.00    0.00    0.00    0.00    0.00    0.00   61.85
14:43:45     all   26.71    0.00    9.13    0.00    0.00    0.00    0.00    0.00    0.00   64.16
14:43:46     all   27.01    0.00    8.86    0.00    0.00    0.00    0.00    0.00    0.00   64.12
14:43:47     all   29.79    0.00   12.21    0.00    0.00    0.00    0.00    0.00    0.00   58.00
14:43:48     all   33.86    0.00   11.85    0.00    0.00    0.01    0.00    0.00    0.00   54.28
14:43:49     all   13.80    0.00    6.81    0.00    0.00    0.00    0.00    0.00    0.00   79.39
14:43:50     all   35.88    0.00   10.57    0.00    0.00    0.00    0.00    0.00    0.00   53.55
14:43:51     all   28.73    0.00   10.70    0.00    0.00    0.00    0.00    0.00    0.00   60.57
14:43:52     all   25.77    0.00   10.99    0.00    0.00    0.00    0.00    0.00    0.00   63.24
14:43:53     all   28.67    0.00    9.79    0.00    0.00    0.01    0.00    0.00    0.00   61.52
14:43:54     all   30.81    0.00   11.37    0.00    0.00    0.01    0.00    0.00    0.00   57.81
14:43:55     all   30.31    0.00   11.08    0.00    0.00    0.00    0.00    0.00    0.00   58.61
14:43:56     all   26.59    0.00    9.35    0.00    0.00    0.00    0.00    0.00    0.00   64.07
14:43:57     all   27.59    0.00    9.59    0.00    0.00    0.00    0.00    0.00    0.00   62.82
14:43:58     all   31.53    0.00   10.95    0.00    0.00    0.01    0.00    0.00    0.00   57.50
14:43:59     all   17.43    0.00    8.44    0.00    0.00    0.00    0.00    0.00    0.00   74.13
14:44:00     all   35.13    0.00    9.89    0.00    0.00    0.01    0.00    0.00    0.00   54.97
14:44:01     all   27.91    0.00    9.82    0.00    0.00    0.00    0.00    0.00    0.00   62.27
14:44:02     all   18.89    0.00    7.94    0.00    0.00    0.00    0.00    0.00    0.00   73.17
14:44:03     all   27.67    0.00   10.79    0.00    0.00    0.00    0.00    0.00    0.00   61.54
14:44:04     all   27.65    0.00   10.41    0.00    0.00    0.00    0.00    0.00    0.00   61.94
14:44:05     all   25.93    0.00    8.89    0.00    0.00    0.01    0.00    0.00    0.00   65.17
14:44:06     all   27.97    0.00   10.33    0.00    0.00    0.00    0.00    0.00    0.00   61.70
14:44:07     all   12.25    0.00    6.04    0.00    0.00    0.01    0.00    0.00    0.00   81.69
14:44:08     all   26.07    0.00    8.27    0.00    0.00    0.00    0.00    0.00    0.00   65.66
14:44:09     all   27.34    0.00    8.40    0.00    0.00    0.00    0.00    0.00    0.00   64.26
14:44:10     all   27.19    0.00    9.41    0.00    0.00    0.00    0.00    0.00    0.00   63.40
14:44:11     all   27.09    0.00    9.36    0.00    0.00    0.01    0.00    0.00    0.00   63.54
14:44:12     all   28.08    0.00   10.35    0.00    0.00    0.00    0.00    0.00    0.00   61.57
14:44:13     all   26.55    0.00    8.58    0.00    0.00    0.00    0.00    0.00    0.00   64.87
14:44:14     all   31.25    0.00   11.52    0.00    0.00    0.00    0.00    0.00    0.00   57.23
14:44:15     all   29.03    0.00    9.94    0.00    0.00    0.00    0.00    0.00    0.00   61.03
14:44:16     all   27.36    0.00    8.43    0.00    0.00    0.01    0.00    0.00    0.00   64.20
14:44:17     all   27.89    0.00    8.44    0.00    0.00    0.00    0.00    0.00    0.00   63.67
14:44:18     all   28.20    0.00    8.53    0.00    0.00    0.00    0.00    0.00    0.00   63.27
14:44:19     all   28.33    0.00    9.28    0.00    0.00    0.01    0.00    0.00    0.00   62.38
14:44:20     all   26.95    0.00    8.88    0.00    0.00    0.00    0.00    0.00    0.00   64.18
14:44:21     all   26.04    0.00    9.32    0.00    0.00    0.00    0.00    0.00    0.00   64.64
14:44:22     all   25.47    0.00    8.49    0.00    0.00    0.00    0.00    0.00    0.00   66.04
14:44:23     all   32.43    0.00   10.49    0.00    0.00    0.00    0.00    0.00    0.00   57.09
14:44:24     all   30.00    0.00   11.82    0.00    0.00    0.00    0.00    0.00    0.00   58.18
14:44:25     all   26.93    0.00   10.88    0.00    0.00    0.00    0.00    0.00    0.00   62.19
14:44:26     all   35.33    0.00   12.75    0.00    0.00    0.01    0.00    0.00    0.00   51.91
14:44:27     all   24.54    0.00   11.66    0.00    0.00    0.00    0.00    0.00    0.00   63.81
14:44:28     all   36.83    0.00   13.31    0.00    0.00    0.00    0.00    0.00    0.00   49.86
14:44:29     all   23.66    0.00   11.68    0.00    0.00    0.00    0.00    0.00    0.00   64.66
14:44:30     all   35.59    0.00   14.23    0.00    0.00    0.00    0.00    0.00    0.00   50.17
14:44:31     all   30.03    0.00   14.90    0.00    0.00    0.01    0.00    0.00    0.00   55.05
14:44:32     all   28.77    0.00   13.58    0.00    0.00    0.00    0.00    0.00    0.00   57.66
14:44:33     all   29.07    0.00   13.01    0.00    0.00    0.00    0.00    0.00    0.00   57.93
14:44:34     all   18.01    0.00    9.37    0.00    0.00    0.00    0.00    0.00    0.00   72.63
14:44:35     all   28.83    0.00   13.45    0.00    0.00    0.00    0.00    0.00    0.00   57.72
14:44:36     all   24.62    0.00   10.19    0.00    0.00    0.01    0.00    0.00    0.00   65.18
14:44:37     all   35.14    0.00   13.34    0.01    0.00    0.00    0.00    0.00    0.00   51.51
14:44:38     all   19.58    0.00   10.76    0.00    0.00    0.00    0.00    0.00    0.00   69.66
14:44:39     all   36.98    0.00   12.51    0.00    0.00    0.01    0.00    0.00    0.00   50.49
14:44:40     all   28.17    0.00   12.30    0.00    0.00    0.00    0.00    0.00    0.00   59.52
14:44:41     all   30.46    0.00   11.82    0.00    0.00    0.00    0.00    0.00    0.00   57.72
14:44:42     all   14.09    0.00    8.29    0.00    0.00    0.00    0.00    0.00    0.00   77.62
14:44:43     all   32.67    0.00   12.14    0.00    0.00    0.00    0.00    0.00    0.00   55.18
14:44:44     all   33.86    0.00   13.12    0.00    0.00    0.00    0.00    0.00    0.00   53.02
14:44:45     all   27.23    0.00   12.46    0.00    0.00    0.00    0.00    0.00    0.00   60.31
14:44:46     all   26.87    0.00    9.47    0.00    0.00    0.00    0.00    0.00    0.00   63.66
14:44:47     all   28.87    0.00   10.37    0.00    0.00    0.00    0.00    0.00    0.00   60.75
14:44:48     all   31.54    0.00   11.38    0.00    0.00    0.00    0.00    0.00    0.00   57.08
14:44:49     all   25.02    0.00   10.38    0.00    0.00    0.00    0.00    0.00    0.00   64.60
14:44:50     all   33.28    0.01   10.13    0.00    0.00    0.01    0.00    0.00    0.00   56.55
14:44:51     all   16.55    0.00    7.84    0.00    0.00    0.00    0.00    0.00    0.00   75.61
14:44:52     all   34.59    0.00   11.12    0.00    0.00    0.00    0.00    0.00    0.00   54.30
14:44:53     all   20.84    0.00    9.13    0.00    0.00    0.00    0.00    0.00    0.00   70.03
14:44:54     all   35.57    0.00    9.98    0.00    0.00    0.00    0.00    0.00    0.00   54.44
14:44:55     all   23.17    0.00    8.48    0.00    0.00    0.00    0.00    0.00    0.00   68.34
14:44:56     all   27.08    0.00    9.04    0.00    0.00    0.00    0.00    0.00    0.00   63.89
14:44:57     all   29.20    0.00    9.34    0.00    0.00    0.00    0.00    0.00    0.00   61.46
14:44:58     all   28.41    0.00   10.83    0.00    0.00    0.00    0.00    0.00    0.00   60.76
14:44:59     all   33.45    0.00   10.79    0.00    0.00    0.00    0.00    0.00    0.00   55.76
14:45:00     all   28.02    0.01   10.11    0.00    0.00    0.00    0.00    0.00    0.00   61.85
14:45:01     all   29.98    0.00   11.33    0.00    0.00    0.01    0.00    0.00    0.00   58.67
14:45:02     all   32.86    0.00   12.84    0.00    0.00    0.00    0.00    0.00    0.00   54.30
14:45:03     all   30.62    0.00   13.58    0.00    0.00    0.00    0.00    0.00    0.00   55.80
14:45:04     all   33.12    0.00   12.35    0.01    0.00    0.01    0.00    0.00    0.00   54.50
14:45:05     all   25.20    0.00   10.77    0.00    0.00    0.00    0.00    0.00    0.00   64.03
14:45:06     all   29.08    0.00   10.65    0.00    0.00    0.00    0.00    0.00    0.00   60.27
14:45:07     all   32.98    0.00   11.40    0.00    0.00    0.00    0.00    0.00    0.00   55.62
14:45:08     all   24.06    0.00    8.79    0.00    0.00    0.00    0.00    0.00    0.00   67.15
14:45:09     all   33.72    0.00   10.72    0.00    0.00    0.00    0.00    0.00    0.00   55.56
14:45:10     all   31.58    0.00   12.33    0.00    0.00    0.01    0.00    0.00    0.00   56.08
14:45:11     all   23.55    0.00    8.65    0.00    0.00    0.00    0.00    0.00    0.00   67.80
14:45:12     all   37.08    0.00   11.14    0.00    0.00    0.00    0.00    0.00    0.00   51.79
14:45:13     all   28.68    0.00   11.03    0.00    0.00    0.00    0.00    0.00    0.00   60.29
14:45:14     all   34.39    0.00   13.92    0.00    0.00    0.00    0.00    0.00    0.00   51.68
14:45:15     all   25.47    0.00   10.56    0.00    0.00    0.00    0.00    0.00    0.00   63.97
14:45:16     all   33.97    0.00   11.18    0.00    0.00    0.01    0.00    0.00    0.00   54.84
14:45:17     all   30.07    0.00   11.00    0.00    0.00    0.00    0.00    0.00    0.00   58.94
14:45:18     all   26.28    0.00    9.92    0.00    0.00    0.00    0.00    0.00    0.00   63.81
14:45:19     all   30.23    0.00   12.59    0.00    0.00    0.00    0.00    0.00    0.00   57.18
14:45:20     all   31.81    0.00   12.53    0.00    0.00    0.03    0.00    0.00    0.00   55.63
14:45:21     all   23.65    0.00   11.05    0.00    0.00    0.00    0.00    0.00    0.00   65.30
14:45:22     all   36.66    0.00   12.41    0.00    0.00    0.01    0.00    0.00    0.00   50.91
14:45:23     all   26.68    0.00   11.92    0.13    0.00    0.03    0.00    0.00    0.00   61.24
14:45:24     all   36.87    0.01   14.36    0.03    0.00    0.01    0.00    0.00    0.00   48.71
14:45:25     all   27.76    0.00   12.71    0.08    0.00    0.01    0.00    0.00    0.00   59.43
14:45:26     all   35.82    0.00   13.29    0.00    0.00    0.01    0.00    0.00    0.00   50.88
14:45:27     all   22.91    0.00    9.86    0.00    0.00    0.01    0.00    0.00    0.00   67.22
14:45:28     all   31.61    0.00   12.20    0.00    0.00    0.00    0.00    0.00    0.00   56.19
14:45:29     all   31.65    0.00   12.44    0.00    0.00    0.00    0.00    0.00    0.00   55.91
14:45:30     all   31.73    0.00   12.31    0.00    0.00    0.00    0.00    0.00    0.00   55.95
14:45:31     all   29.23    0.00   10.94    0.00    0.00    0.00    0.00    0.00    0.00   59.83
14:45:32     all   29.28    0.00   11.41    0.00    0.00    0.00    0.00    0.00    0.00   59.31
14:45:33     all   25.21    0.00    9.55    0.00    0.00    0.00    0.00    0.00    0.00   65.24
14:45:34     all   34.76    0.00   12.51    0.00    0.00    0.00    0.00    0.00    0.00   52.72
14:45:35     all   32.18    0.00   13.66    0.00    0.00    0.01    0.00    0.00    0.00   54.15
14:45:36     all   28.25    0.00   13.86    0.00    0.00    0.00    0.00    0.00    0.00   57.90
14:45:37     all   31.00    0.01   13.59    0.00    0.00    0.00    0.00    0.00    0.00   55.39
14:45:38     all   31.99    0.00   13.67    0.00    0.00    0.00    0.00    0.00    0.00   54.33
14:45:39     all   31.95    0.00   14.60    0.00    0.00    0.03    0.00    0.00    0.00   53.42
14:45:40     all   33.98    0.00   12.36    0.00    0.00    0.00    0.00    0.00    0.00   53.66
14:45:41     all   32.78    0.00   13.48    0.00    0.00    0.00    0.00    0.00    0.00   53.74
14:45:42     all   27.13    0.00   12.22    0.00    0.00    0.00    0.00    0.00    0.00   60.65
14:45:43     all   36.21    0.00   13.55    0.00    0.00    0.00    0.00    0.00    0.00   50.24
14:45:44     all   23.41    0.00   11.87    0.00    0.00    0.01    0.00    0.00    0.00   64.70
14:45:45     all   36.40    0.00   13.38    0.00    0.00    0.01    0.00    0.00    0.00   50.21
14:45:46     all   29.03    0.00   14.38    0.00    0.00    0.00    0.00    0.00    0.00   56.59
14:45:47     all   33.49    0.00   15.16    0.00    0.00    0.00    0.00    0.00    0.00   51.35
14:45:48     all   36.03    0.00   14.50    0.00    0.00    0.01    0.00    0.00    0.00   49.45
14:45:49     all   32.40    0.00   15.27    0.00    0.00    0.00    0.00    0.00    0.00   52.33
14:45:50     all   31.48    0.00   14.65    0.00    0.00    0.00    0.00    0.00    0.00   53.87
14:45:51     all   29.65    0.00   11.72    0.00    0.00    0.01    0.00    0.00    0.00   58.61
14:45:52     all   27.24    0.00   11.72    0.00    0.00    0.00    0.00    0.00    0.00   61.04
14:45:53     all   30.24    0.00   11.79    0.00    0.00    0.00    0.00    0.00    0.00   57.97
14:45:54     all   35.03    0.00   13.51    0.00    0.00    0.01    0.00    0.00    0.00   51.44
14:45:55     all   33.85    0.00   14.61    0.00    0.00    0.00    0.00    0.00    0.00   51.54
14:45:56     all   24.34    0.00   10.55    0.00    0.00    0.00    0.00    0.00    0.00   65.11
14:45:57     all   35.05    0.00   13.37    0.00    0.00    0.00    0.00    0.00    0.00   51.58
14:45:58     all   33.97    0.00   15.38    0.00    0.00    0.00    0.00    0.00    0.00   50.65
14:45:59     all   29.51    0.00   13.80    0.00    0.00    0.01    0.00    0.00    0.00   56.67
14:46:00     all   22.54    0.00   10.49    0.00    0.00    0.00    0.00    0.00    0.00   66.97
14:46:01     all   36.73    0.01   13.15    0.00    0.00    0.00    0.00    0.00    0.00   50.10
14:46:02     all   24.78    0.00   12.51    0.00    0.00    0.00    0.00    0.00    0.00   62.72
14:46:03     all   34.42    0.00   12.59    0.00    0.00    0.00    0.00    0.00    0.00   52.99
14:46:04     all   24.07    0.00   10.12    0.00    0.00    0.00    0.00    0.00    0.00   65.81
14:46:05     all   19.21    0.00    7.92    0.01    0.00    0.00    0.00    0.00    0.00   72.85
14:46:06     all   36.37    0.00   13.06    0.00    0.00    0.01    0.00    0.00    0.00   50.56
14:46:07     all   25.86    0.00   12.17    0.00    0.00    0.00    0.00    0.00    0.00   61.97
14:46:08     all   34.33    0.00   12.85    0.00    0.00    0.01    0.00    0.00    0.00   52.82
14:46:09     all   30.96    0.01   13.60    0.00    0.00    0.00    0.00    0.00    0.00   55.43
14:46:10     all   34.80    0.00   15.17    0.00    0.00    0.01    0.00    0.00    0.00   50.01
14:46:11     all   25.32    0.00   11.49    0.00    0.00    0.00    0.00    0.00    0.00   63.19
14:46:12     all   26.18    0.00   10.67    0.00    0.00    0.00    0.00    0.00    0.00   63.15
14:46:13     all   31.60    0.00   10.64    0.00    0.00    0.00    0.00    0.00    0.00   57.75
14:46:14     all   31.80    0.00   12.51    0.00    0.00    0.01    0.00    0.00    0.00   55.68
14:46:15     all   35.84    0.00   13.84    0.00    0.00    0.00    0.00    0.00    0.00   50.32
14:46:16     all   26.12    0.00   11.64    0.00    0.00    0.01    0.00    0.00    0.00   62.23
14:46:17     all   32.21    0.00   11.98    0.00    0.00    0.00    0.00    0.00    0.00   55.82
14:46:18     all   30.97    0.00   11.22    0.01    0.00    0.00    0.00    0.00    0.00   57.80
14:46:19     all   31.50    0.00   10.31    0.00    0.00    0.00    0.00    0.00    0.00   58.19
14:46:20     all   26.26    0.00   10.34    0.00    0.00    0.00    0.00    0.00    0.00   63.40
14:46:21     all   23.75    0.00   10.92    0.00    0.00    0.00    0.00    0.00    0.00   65.32
14:46:22     all   31.96    0.00   11.55    0.00    0.00    0.00    0.00    0.00    0.00   56.49
14:46:23     all   25.27    0.00    9.48    0.00    0.00    0.01    0.00    0.00    0.00   65.23
14:46:24     all   25.16    0.00    8.83    0.00    0.00    0.00    0.00    0.00    0.00   66.01
14:46:25     all   28.30    0.00   10.21    0.00    0.00    0.00    0.00    0.00    0.00   61.49
14:46:26     all   35.44    0.00   13.83    0.00    0.00    0.00    0.00    0.00    0.00   50.73
14:46:27     all   30.57    0.00   15.27    0.00    0.00    0.00    0.00    0.00    0.00   54.16
14:46:28     all   31.90    0.00   12.39    0.00    0.00    0.00    0.00    0.00    0.00   55.71
14:46:29     all   20.67    0.00    8.26    0.00    0.00    0.00    0.00    0.00    0.00   71.07
14:46:30     all   33.46    0.00   12.20    0.00    0.00    0.00    0.00    0.00    0.00   54.34
14:46:31     all   28.73    0.00   11.15    0.00    0.00    0.00    0.00    0.00    0.00   60.12
14:46:32     all   30.94    0.00   10.63    0.00    0.00    0.01    0.00    0.00    0.00   58.42
14:46:33     all   33.95    0.00   11.46    0.00    0.00    0.00    0.00    0.00    0.00   54.59
14:46:34     all   27.89    0.00    9.57    0.00    0.00    0.01    0.00    0.00    0.00   62.53
14:46:35     all   22.99    0.00    8.32    0.00    0.00    0.00    0.00    0.00    0.00   68.69
14:46:36     all   28.58    0.00   10.69    0.00    0.00    0.00    0.00    0.00    0.00   60.73
14:46:37     all   29.15    0.00   10.63    0.00    0.00    0.01    0.00    0.00    0.00   60.21
14:46:38     all   31.61    0.00   11.44    0.00    0.00    0.00    0.00    0.00    0.00   56.95
14:46:39     all   32.18    0.00   12.98    0.01    0.00    0.00    0.00    0.00    0.00   54.82
14:46:40     all   21.38    0.00    8.81    0.00    0.00    0.00    0.00    0.00    0.00   69.82
14:46:41     all   17.94    0.00    7.50    0.00    0.00    0.00    0.00    0.00    0.00   74.56
14:46:42     all   32.64    0.00   11.94    0.00    0.00    0.00    0.00    0.00    0.00   55.42
14:46:43     all   34.58    0.00   13.33    0.00    0.00    0.00    0.00    0.00    0.00   52.09
14:46:44     all   29.60    0.00   13.29    0.00    0.00    0.00    0.00    0.00    0.00   57.11
14:46:45     all   29.54    0.00   12.48    0.00    0.00    0.00    0.00    0.00    0.00   57.98
14:46:46     all   24.91    0.00    9.54    0.00    0.00    0.01    0.00    0.00    0.00   65.54
14:46:47     all   18.64    0.00    8.11    0.00    0.00    0.00    0.00    0.00    0.00   73.26
14:46:48     all   26.55    0.00    8.52    0.00    0.00    0.01    0.00    0.00    0.00   64.92
14:46:49     all   27.14    0.00    8.45    0.00    0.00    0.01    0.00    0.00    0.00   64.40
14:46:50     all   31.52    0.00   10.15    0.00    0.00    0.00    0.00    0.00    0.00   58.33
14:46:51     all   30.14    0.00   11.16    0.00    0.00    0.00    0.00    0.00    0.00   58.70
14:46:52     all   29.43    0.00   11.29    0.00    0.00    0.00    0.00    0.00    0.00   59.28
14:46:53     all   13.38    0.00    8.03    0.01    0.00    0.00    0.00    0.00    0.00   78.57
14:46:54     all   23.08    0.00    9.44    0.00    0.00    0.00    0.00    0.00    0.00   67.48
14:46:55     all   12.52    0.00    6.37    0.00    0.00    0.00    0.00    0.00    0.00   81.12
14:46:56     all   38.24    0.00   10.73    0.00    0.00    0.00    0.00    0.00    0.00   51.03
14:46:57     all   21.67    0.00    9.46    0.00    0.00    0.00    0.00    0.00    0.00   68.87
14:46:58     all   29.72    0.00    9.36    0.00    0.00    0.00    0.00    0.00    0.00   60.92
14:46:59     all   27.06    0.00   11.03    0.00    0.00    0.00    0.00    0.00    0.00   61.91
14:47:00     all   20.37    0.00    8.62    0.00    0.00    0.00    0.00    0.00    0.00   71.01
14:47:01     all   29.63    0.00    9.17    0.00    0.00    0.00    0.00    0.00    0.00   61.20
14:47:02     all   28.35    0.01    9.70    0.00    0.00    0.00    0.00    0.00    0.00   61.94
14:47:03     all   29.43    0.00    8.55    0.00    0.00    0.01    0.00    0.00    0.00   62.00
14:47:04     all   24.68    0.00   10.01    0.00    0.00    0.00    0.00    0.00    0.00   65.30
14:47:05     all   28.18    0.00    9.33    0.00    0.00    0.00    0.00    0.00    0.00   62.49
14:47:06     all   28.38    0.00   11.23    0.00    0.00    0.00    0.00    0.00    0.00   60.38
14:47:07     all   33.59    0.00   10.01    0.00    0.00    0.01    0.00    0.00    0.00   56.39
14:47:08     all   22.51    0.00    9.61    0.00    0.00    0.01    0.00    0.00    0.00   67.87
14:47:09     all   37.34    0.00   11.90    0.00    0.00    0.01    0.00    0.00    0.00   50.76
14:47:10     all   22.03    0.00   10.02    0.00    0.00    0.00    0.00    0.00    0.00   67.95
14:47:11     all   25.72    0.00    9.20    0.00    0.00    0.01    0.00    0.00    0.00   65.06
14:47:12     all   26.40    0.00    7.50    0.00    0.00    0.00    0.00    0.00    0.00   66.10
14:47:13     all   26.18    0.00    6.86    0.00    0.00    0.00    0.00    0.00    0.00   66.95
14:47:14     all   28.25    0.00    9.32    0.00    0.00    0.01    0.00    0.00    0.00   62.41
14:47:15     all   27.34    0.00   12.18    0.00    0.00    0.00    0.00    0.00    0.00   60.49
14:47:16     all   32.07    0.00   11.78    0.00    0.00    0.00    0.00    0.00    0.00   56.15
14:47:17     all   29.27    0.00   12.70    0.00    0.00    0.01    0.00    0.00    0.00   58.02
14:47:18     all   24.74    0.00   10.66    0.00    0.00    0.00    0.00    0.00    0.00   64.60
14:47:19     all   29.39    0.00    9.51    0.00    0.00    0.00    0.00    0.00    0.00   61.11
14:47:20     all   29.98    0.00   11.35    0.00    0.00    0.00    0.00    0.00    0.00   58.67
14:47:21     all   18.64    0.00   10.29    0.00    0.00    0.00    0.00    0.00    0.00   71.07
14:47:22     all   34.06    0.00   13.44    0.00    0.00    0.01    0.00    0.00    0.00   52.48
14:47:23     all   24.77    0.00   11.30    0.01    0.00    0.00    0.00    0.00    0.00   63.91
14:47:24     all   22.90    0.00    8.13    0.00    0.00    0.00    0.00    0.00    0.00   68.97
14:47:25     all   30.18    0.00    9.29    0.00    0.00    0.04    0.00    0.00    0.00   60.49
14:47:26     all   24.88    0.00    7.63    0.00    0.00    0.01    0.00    0.00    0.00   67.47
14:47:27     all   27.15    0.00   10.10    0.00    0.00    0.00    0.00    0.00    0.00   62.74
14:47:28     all   33.30    0.00    9.76    0.00    0.00    0.00    0.00    0.00    0.00   56.94
14:47:29     all   28.08    0.03    8.84    0.00    0.00    0.01    0.00    0.00    0.00   63.04
14:47:30     all   27.97    0.00    9.26    0.00    0.00    0.00    0.00    0.00    0.00   62.77
14:47:31     all   26.44    0.00   10.87    0.00    0.00    0.00    0.00    0.00    0.00   62.69
14:47:32     all   35.64    0.00   11.97    0.00    0.00    0.01    0.00    0.00    0.00   52.38
14:47:33     all   24.70    0.00    8.97    0.00    0.00    0.00    0.00    0.00    0.00   66.32
14:47:34     all   29.73    0.00    8.18    0.00    0.00    0.00    0.00    0.00    0.00   62.09
14:47:35     all   25.82    0.00    7.80    0.00    0.00    0.00    0.00    0.00    0.00   66.38
14:47:36     all   24.58    0.00    7.47    0.00    0.00    0.00    0.00    0.00    0.00   67.94
14:47:37     all   28.07    0.00    8.30    0.00    0.00    0.01    0.00    0.00    0.00   63.62
14:47:38     all   27.28    0.00    8.52    0.00    0.00    0.00    0.00    0.00    0.00   64.20
14:47:39     all   28.78    0.00    8.55    0.00    0.00    0.00    0.00    0.00    0.00   62.67
14:47:40     all   29.68    0.00    9.93    0.00    0.00    0.01    0.00    0.00    0.00   60.38
14:47:41     all   29.38    0.00    9.75    0.00    0.00    0.00    0.00    0.00    0.00   60.87
14:47:42     all   30.92    0.00   10.54    0.00    0.00    0.00    0.00    0.00    0.00   58.54
14:47:43     all   25.10    0.00    9.48    0.01    0.00    0.00    0.00    0.00    0.00   65.40
14:47:44     all   23.12    0.01    8.40    0.00    0.00    0.00    0.00    0.00    0.00   68.46
14:47:45     all   27.81    0.00    9.65    0.00    0.00    0.00    0.00    0.00    0.00   62.53
14:47:46     all   24.35    0.00    8.80    0.00    0.00    0.00    0.00    0.00    0.00   66.85
14:47:47     all   27.08    0.00    9.14    0.00    0.00    0.00    0.00    0.00    0.00   63.79
14:47:48     all   29.77    0.00   10.20    0.00    0.00    0.01    0.00    0.00    0.00   60.01
14:47:49     all   29.17    0.00   10.42    0.00    0.00    0.00    0.00    0.00    0.00   60.41
14:47:50     all   16.48    0.00    7.57    0.00    0.00    0.00    0.00    0.00    0.00   75.94
14:47:51     all   32.06    0.01    8.97    0.00    0.00    0.00    0.00    0.00    0.00   58.95
14:47:52     all   27.17    0.00    7.71    0.00    0.00    0.00    0.00    0.00    0.00   65.12
14:47:53     all   26.03    0.00    8.20    0.00    0.00    0.00    0.00    0.00    0.00   65.77
14:47:54     all   31.36    0.00    8.27    0.00    0.00    0.01    0.00    0.00    0.00   60.36
14:47:55     all   24.60    0.00    9.01    0.00    0.00    0.01    0.00    0.00    0.00   66.37
14:47:56     all   27.73    0.00    8.95    0.00    0.00    0.00    0.00    0.00    0.00   63.33
14:47:57     all    0.19    0.00    1.51    0.00    0.00    0.00    0.00    0.00    0.00   98.29
14:47:58     all    0.25    0.00    1.60    0.00    0.00    0.00    0.00    0.00    0.00   98.15
14:47:59     all    0.31    0.00    0.81    0.00    0.00    0.00    0.00    0.00    0.00   98.89
14:48:00     all    0.14    0.00    0.12    0.00    0.00    0.00    0.00    0.00    0.00   99.74
14:48:01     all    0.90    0.00    0.31    0.00    0.00    0.00    0.00    0.00    0.00   98.79
14:48:02     all    6.98    0.00    0.46    0.00    0.00    0.00    0.00    0.00    0.00   92.56
14:48:03     all    1.58    0.00    0.54    0.00    0.00    0.00    0.00    0.00    0.00   97.87
14:48:04     all    1.29    0.00    0.57    0.00    0.00    0.00    0.00    0.00    0.00   98.14
14:48:05     all    1.33    0.00    0.49    0.00    0.00    0.00    0.00    0.00    0.00   98.18
14:48:06     all    1.38    0.00    0.21    0.00    0.00    0.00    0.00    0.00    0.00   98.42
14:48:07     all    1.56    0.00    0.22    0.00    0.00    0.00    0.00    0.00    0.00   98.22
14:48:08     all    1.65    0.00    0.25    0.00    0.00    0.00    0.00    0.00    0.00   98.10
14:48:09     all    1.58    0.00    0.32    0.00    0.00    0.00    0.00    0.00    0.00   98.10
14:48:10     all    2.07    0.00    0.32    0.00    0.00    0.00    0.00    0.00    0.00   97.61
14:48:11     all    1.80    0.00    0.46    0.00    0.00    0.00    0.00    0.00    0.00   97.74
14:48:12     all    1.45    0.00    0.17    0.00    0.00    0.00    0.00    0.00    0.00   98.39
14:48:13     all    1.63    0.00    0.22    0.00    0.00    0.00    0.00    0.00    0.00   98.15
14:48:14     all    1.57    0.00    0.31    0.00    0.00    0.00    0.00    0.00    0.00   98.12
14:48:15     all    1.42    0.00    0.24    0.00    0.00    0.00    0.00    0.00    0.00   98.35
14:48:16     all    1.56    0.00    0.15    0.00    0.00    0.00    0.00    0.00    0.00   98.29
14:48:17     all    1.51    0.00    0.21    0.00    0.00    0.00    0.00    0.00    0.00   98.28
14:48:18     all    1.36    0.00    0.22    0.00    0.00    0.00    0.00    0.00    0.00   98.42
14:48:19     all    1.67    0.00    0.28    0.00    0.00    0.00    0.00    0.00    0.00   98.05
14:48:20     all    1.57    0.00    0.19    0.00    0.00    0.00    0.00    0.00    0.00   98.24
14:48:21     all    1.43    0.00    0.19    0.00    0.00    0.00    0.00    0.00    0.00   98.37
14:48:22     all    1.57    0.00    0.22    0.00    0.00    0.00    0.00    0.00    0.00   98.21
14:48:23     all    1.76    0.00    0.19    0.00    0.00    0.00    0.00    0.00    0.00   98.04
14:48:24     all    1.40    0.00    0.33    0.00    0.00    0.00    0.00    0.00    0.00   98.26
14:48:25     all    2.03    0.00    0.35    0.00    0.00    0.00    0.00    0.00    0.00   97.62
14:48:26     all    1.63    0.00    0.17    0.00    0.00    0.00    0.00    0.00    0.00   98.21
14:48:27     all    1.36    0.00    0.17    0.00    0.00    0.00    0.00    0.00    0.00   98.47
14:48:28     all    1.61    0.00    0.24    0.00    0.00    0.00    0.00    0.00    0.00   98.15
14:48:29     all    1.63    0.00    0.24    0.00    0.00    0.00    0.00    0.00    0.00   98.14
14:48:30     all    1.43    0.00    0.21    0.00    0.00    0.00    0.00    0.00    0.00   98.36
14:48:31     all    1.50    0.01    0.32    0.01    0.00    0.00    0.00    0.00    0.00   98.15
14:48:32     all    6.77    0.00    1.46    0.00    0.00    0.00    0.00    0.00    0.00   91.77
14:48:33     all   23.10    0.00    2.60    0.00    0.00    0.00    0.00    0.00    0.00   74.30
14:48:34     all   20.25    0.00    1.89    0.00    0.00    0.00    0.00    0.00    0.00   77.86
14:48:35     all   16.32    0.00    1.67    0.00    0.00    0.00    0.00    0.00    0.00   82.01
14:48:36     all   21.41    0.00    3.78    0.00    0.00    0.00    0.00    0.00    0.00   74.81
14:48:37     all   32.62    0.00    3.17    0.00    0.00    0.01    0.00    0.00    0.00   64.20
14:48:38     all   28.47    0.00    4.85    0.00    0.00    0.03    0.00    0.00    0.00   66.65
14:48:39     all   19.43    0.00    2.48    0.00    0.00    0.00    0.00    0.00    0.00   78.09
14:48:40     all   20.36    0.00    1.89    0.00    0.00    0.00    0.00    0.00    0.00   77.75
14:48:41     all   28.27    0.00    1.92    0.00    0.00    0.01    0.00    0.00    0.00   69.80
14:48:42     all   19.23    0.00    1.75    0.00    0.00    0.00    0.00    0.00    0.00   79.02
14:48:43     all   22.49    0.00    1.84    0.00    0.00    0.00    0.00    0.00    0.00   75.67
14:48:44     all   20.35    0.00    1.31    0.00    0.00    0.00    0.00    0.00    0.00   78.35
14:48:45     all   16.70    0.00    0.94    0.00    0.00    0.01    0.00    0.00    0.00   82.34
14:48:46     all   19.05    0.00    0.99    0.00    0.00    0.00    0.00    0.00    0.00   79.96
14:48:47     all   19.08    0.00    1.42    0.00    0.00    0.00    0.00    0.00    0.00   79.50
14:48:48     all   13.81    0.00    1.00    0.00    0.00    0.00    0.00    0.00    0.00   85.19
14:48:49     all   12.33    0.00    1.36    0.00    0.00    0.00    0.00    0.00    0.00   86.31
14:48:50     all   13.69    0.00    1.41    0.00    0.00    0.00    0.00    0.00    0.00   84.91
14:48:51     all   21.95    0.00    1.24    0.00    0.00    0.00    0.00    0.00    0.00   76.81
14:48:52     all   22.83    0.00    3.38    0.00    0.00    0.00    0.00    0.00    0.00   73.79
14:48:53     all   21.02    0.00    4.27    0.00    0.00    0.00    0.00    0.00    0.00   74.70
14:48:54     all   27.20    0.00    5.18    0.00    0.00    0.01    0.00    0.00    0.00   67.60
14:48:55     all   19.98    0.00    5.87    0.01    0.00    0.00    0.00    0.00    0.00   74.14
14:48:56     all   19.55    0.00    3.72    0.00    0.00    0.00    0.00    0.00    0.00   76.73
14:48:57     all   21.12    0.00    4.33    0.00    0.00    0.00    0.00    0.00    0.00   74.55
14:48:58     all   21.79    0.00    4.54    0.00    0.00    0.01    0.00    0.00    0.00   73.66
14:48:59     all   24.19    0.00    5.04    0.00    0.00    0.00    0.00    0.00    0.00   70.77
14:49:00     all   28.00    0.00    4.94    0.00    0.00    0.00    0.00    0.00    0.00   67.06
14:49:01     all   27.48    0.00    4.57    0.00    0.00    0.00    0.00    0.00    0.00   67.95
14:49:02     all   21.19    0.00    7.16    0.00    0.00    0.01    0.00    0.00    0.00   71.64
14:49:03     all   39.31    0.00    8.52    0.00    0.00    0.00    0.00    0.00    0.00   52.18
14:49:04     all   20.08    0.00    4.02    0.00    0.00    0.00    0.00    0.00    0.00   75.90
14:49:05     all   36.39    0.00   10.45    0.00    0.00    0.00    0.00    0.00    0.00   53.16
14:49:06     all   28.21    0.00    7.01    0.00    0.00    0.00    0.00    0.00    0.00   64.79
14:49:07     all   38.26    0.00   11.09    0.00    0.00    0.01    0.00    0.00    0.00   50.63
14:49:08     all   31.36    0.00    9.58    0.00    0.00    0.00    0.00    0.00    0.00   59.06
14:49:09     all   14.05    0.00    5.39    0.00    0.00    0.00    0.00    0.00    0.00   80.56
14:49:10     all   33.74    0.00    8.54    0.00    0.00    0.00    0.00    0.00    0.00   57.72
14:49:11     all   23.09    0.00    5.88    0.00    0.00    0.00    0.00    0.00    0.00   71.03
14:49:12     all   15.80    0.00    5.41    0.00    0.00    0.00    0.00    0.00    0.00   78.79
14:49:13     all   34.89    0.00    8.90    0.00    0.00    0.03    0.00    0.00    0.00   56.18
14:49:14     all   26.55    0.00    7.17    0.00    0.00    0.00    0.00    0.00    0.00   66.27
14:49:15     all   13.27    0.00    4.69    0.00    0.00    0.00    0.00    0.00    0.00   82.04
14:49:16     all   39.40    0.00    9.09    0.00    0.00    0.00    0.00    0.00    0.00   51.52
14:49:17     all   20.68    0.00    7.44    0.00    0.00    0.00    0.00    0.00    0.00   71.88
14:49:18     all   19.96    0.00    6.43    0.00    0.00    0.00    0.00    0.00    0.00   73.62
14:49:19     all   22.72    0.00    5.42    0.00    0.00    0.00    0.00    0.00    0.00   71.86
14:49:20     all   24.37    0.00    6.06    0.00    0.00    0.00    0.00    0.00    0.00   69.56
14:49:21     all   34.16    0.00   10.45    0.00    0.00    0.00    0.00    0.00    0.00   55.39
14:49:22     all   10.43    0.00    4.83    0.00    0.00    0.01    0.00    0.00    0.00   84.73
14:49:23     all   29.30    0.00    8.89    0.00    0.00    0.00    0.00    0.00    0.00   61.81
14:49:24     all   33.13    0.00    9.31    0.00    0.00    0.00    0.00    0.00    0.00   57.56
14:49:25     all   17.71    0.00    5.66    0.00    0.00    0.00    0.00    0.00    0.00   76.63
14:49:26     all   25.80    0.00    8.27    0.00    0.00    0.01    0.00    0.00    0.00   65.92
14:49:27     all   26.88    0.00    8.60    0.00    0.00    0.00    0.00    0.00    0.00   64.52
14:49:28     all   37.61    0.00   12.94    0.00    0.00    0.00    0.00    0.00    0.00   49.45
14:49:29     all   23.45    0.01    8.90    0.00    0.00    0.01    0.00    0.00    0.00   67.62
14:49:30     all   21.96    0.00    8.29    0.00    0.00    0.00    0.00    0.00    0.00   69.75
14:49:31     all   37.38    0.00   12.57    0.00    0.00    0.01    0.00    0.00    0.00   50.03
14:49:32     all   26.35    0.00   10.75    0.00    0.00    0.00    0.00    0.00    0.00   62.90
14:49:33     all   33.51    0.00   10.31    0.00    0.00    0.01    0.00    0.00    0.00   56.16
14:49:34     all   25.85    0.00    9.14    0.00    0.00    0.00    0.00    0.00    0.00   65.01
14:49:35     all   27.10    0.00   10.56    0.00    0.00    0.00    0.00    0.00    0.00   62.35
14:49:36     all   35.71    0.00   14.90    0.00    0.00    0.00    0.00    0.00    0.00   49.39
14:49:37     all   28.22    0.00   14.43    0.00    0.00    0.00    0.00    0.00    0.00   57.35
14:49:38     all   35.00    0.00   14.93    0.00    0.00    0.01    0.00    0.00    0.00   50.05
14:49:39     all   35.88    0.00   13.72    0.00    0.00    0.00    0.00    0.00    0.00   50.40
14:49:40     all   25.32    0.01   11.48    0.00    0.00    0.01    0.00    0.00    0.00   63.17
14:49:41     all   34.57    0.00   15.69    0.00    0.00    0.00    0.00    0.00    0.00   49.74
14:49:42     all   19.19    0.00    9.77    0.00    0.00    0.01    0.00    0.00    0.00   71.03
14:49:43     all   23.27    0.00   12.38    0.00    0.00    0.00    0.00    0.00    0.00   64.35
14:49:44     all   33.90    0.00   15.92    0.00    0.00    0.00    0.00    0.00    0.00   50.18
14:49:45     all   33.44    0.00   16.29    0.00    0.00    0.01    0.00    0.00    0.00   50.26
14:49:46     all   32.90    0.00   16.85    0.00    0.00    0.00    0.00    0.00    0.00   50.25
14:49:47     all   31.91    0.00   18.63    0.00    0.00    0.00    0.00    0.00    0.00   49.46
14:49:48     all   33.67    0.00   16.79    0.00    0.00    0.01    0.00    0.00    0.00   49.52
14:49:49     all   32.87    0.00   17.43    0.00    0.00    0.00    0.00    0.00    0.00   49.70
14:49:50     all   32.51    0.00   17.62    0.00    0.00    0.00    0.00    0.00    0.00   49.87
14:49:51     all   30.56    0.00   19.22    0.00    0.00    0.00    0.00    0.00    0.00   50.22
14:49:52     all   33.60    0.00   17.11    0.00    0.00    0.00    0.00    0.00    0.00   49.28
14:49:53     all   32.09    0.00   18.32    0.00    0.00    0.01    0.00    0.00    0.00   49.58
14:49:54     all   34.11    0.00   16.68    0.00    0.00    0.03    0.00    0.00    0.00   49.18
14:49:55     all   33.68    0.00   17.54    0.00    0.00    0.00    0.00    0.00    0.00   48.78
14:49:56     all   30.91    0.00   18.57    0.00    0.00    0.00    0.00    0.00    0.00   50.52
14:49:57     all   22.67    0.00   17.02    0.00    0.00    0.00    0.00    0.00    0.00   60.31
14:49:58     all   33.19    0.00   17.04    0.00    0.00    0.00    0.00    0.00    0.00   49.78
14:49:59     all   32.21    0.00   18.15    0.00    0.00    0.00    0.00    0.00    0.00   49.64
14:50:00     all   31.28    0.00   18.75    0.00    0.00    0.01    0.00    0.00    0.00   49.96
14:50:01     all   31.36    0.00   18.57    0.00    0.00    0.01    0.00    0.00    0.00   50.06
14:50:02     all   32.74    0.00   19.76    0.00    0.00    0.01    0.00    0.00    0.00   47.48
14:50:03     all   29.47    0.00   21.76    0.00    0.00    0.00    0.00    0.00    0.00   48.77
14:50:04     all   29.73    0.00   20.68    0.00    0.00    0.00    0.00    0.00    0.00   49.59
14:50:05     all   31.94    0.00   17.48    0.00    0.00    0.00    0.00    0.00    0.00   50.58
14:50:06     all   30.19    0.00   20.28    0.00    0.00    0.00    0.00    0.00    0.00   49.53
14:50:07     all   31.24    0.00   19.25    0.00    0.00    0.00    0.00    0.00    0.00   49.51
14:50:08     all   30.61    0.00   19.99    0.00    0.00    0.01    0.00    0.00    0.00   49.38
14:50:09     all   29.27    0.00   20.61    0.00    0.00    0.01    0.00    0.00    0.00   50.10
14:50:10     all   29.12    0.00   20.24    0.00    0.00    0.00    0.00    0.00    0.00   50.65
14:50:11     all   29.68    0.00   19.87    0.00    0.00    0.00    0.00    0.00    0.00   50.45
14:50:12     all   29.61    0.00   20.57    0.01    0.00    0.01    0.00    0.00    0.00   49.79
14:50:13     all   30.37    0.00   19.76    0.00    0.00    0.00    0.00    0.00    0.00   49.87
14:50:14     all   30.18    0.00   19.96    0.00    0.00    0.00    0.00    0.00    0.00   49.86
14:50:15     all   31.34    0.00   19.71    0.00    0.00    0.00    0.00    0.00    0.00   48.95
14:50:16     all   32.02    0.00   19.20    0.00    0.00    0.01    0.00    0.00    0.00   48.76
14:50:17     all   29.28    0.00   21.97    0.00    0.00    0.00    0.00    0.00    0.00   48.75
14:50:18     all   30.49    0.00   20.92    0.00    0.00    0.01    0.00    0.00    0.00   48.58
14:50:19     all   29.06    0.00   21.70    0.00    0.00    0.01    0.00    0.00    0.00   49.23
14:50:20     all   28.20    0.00   22.53    0.00    0.00    0.00    0.00    0.00    0.00   49.26
14:50:21     all   29.17    0.00   20.92    0.00    0.00    0.00    0.00    0.00    0.00   49.92
14:50:22     all   29.99    0.00   19.75    0.00    0.00    0.00    0.00    0.00    0.00   50.26
14:50:23     all   32.29    0.00   18.20    0.00    0.00    0.00    0.00    0.00    0.00   49.51
14:50:24     all   30.14    0.00   19.96    0.00    0.00    0.01    0.00    0.00    0.00   49.88
14:50:25     all   30.01    0.00   20.48    0.00    0.00    0.00    0.00    0.00    0.00   49.51
14:50:26     all   31.08    0.00   19.29    0.00    0.00    0.00    0.00    0.00    0.00   49.63
14:50:27     all   30.36    0.00   19.82    0.00    0.00    0.00    0.00    0.00    0.00   49.83
14:50:28     all   31.15    0.00   19.53    0.00    0.00    0.01    0.00    0.00    0.00   49.31
14:50:29     all   31.01    0.00   19.36    0.00    0.00    0.00    0.00    0.00    0.00   49.63
14:50:30     all   30.51    0.00   20.18    0.00    0.00    0.00    0.00    0.00    0.00   49.31
14:50:31     all   30.23    0.00   20.11    0.00    0.00    0.00    0.00    0.00    0.00   49.66
14:50:32     all   29.25    0.00   20.38    0.00    0.00    0.00    0.00    0.00    0.00   50.37
14:50:33     all   30.94    0.00   19.48    0.00    0.00    0.01    0.00    0.00    0.00   49.57
14:50:34     all   30.21    0.00   19.22    0.00    0.00    0.01    0.00    0.00    0.00   50.55
14:50:35     all   31.33    0.00   18.72    0.00    0.00    0.00    0.00    0.00    0.00   49.95
14:50:36     all   33.46    0.00   17.18    0.00    0.00    0.00    0.00    0.00    0.00   49.36
14:50:37     all   32.20    0.00   18.56    0.00    0.00    0.00    0.00    0.00    0.00   49.23
14:50:38     all   29.92    0.00   20.37    0.00    0.00    0.01    0.00    0.00    0.00   49.70
14:50:39     all   30.41    0.00   19.92    0.00    0.00    0.00    0.00    0.00    0.00   49.67
14:50:40     all   31.80    0.00   19.45    0.00    0.00    0.00    0.00    0.00    0.00   48.75
14:50:41     all   29.72    0.00   20.93    0.00    0.00    0.00    0.00    0.00    0.00   49.35
14:50:42     all   29.58    0.00   20.60    0.00    0.00    0.00    0.00    0.00    0.00   49.81
14:50:43     all   30.79    0.00   19.14    0.00    0.00    0.00    0.00    0.00    0.00   50.07
14:50:44     all   31.49    0.00   18.82    0.00    0.00    0.01    0.00    0.00    0.00   49.67
14:50:45     all   27.28    0.00   23.27    0.00    0.00    0.00    0.00    0.00    0.00   49.45
14:50:46     all   28.59    0.00   21.42    0.00    0.00    0.00    0.00    0.00    0.00   49.99
14:50:47     all   29.11    0.00   21.31    0.00    0.00    0.00    0.00    0.00    0.00   49.58
14:50:48     all   29.74    0.00   20.56    0.00    0.00    0.00    0.00    0.00    0.00   49.70
14:50:49     all   29.59    0.00   20.80    0.00    0.00    0.00    0.00    0.00    0.00   49.62
14:50:50     all   28.18    0.00   22.47    0.00    0.00    0.00    0.00    0.00    0.00   49.35
14:50:51     all   28.35    0.00   21.87    0.00    0.00    0.00    0.00    0.00    0.00   49.77
14:50:52     all   29.87    0.00   20.60    0.00    0.00    0.01    0.00    0.00    0.00   49.52
14:50:53     all   28.83    0.00   21.70    0.00    0.00    0.00    0.00    0.00    0.00   49.47
14:50:54     all   29.86    0.00   20.63    0.00    0.00    0.00    0.00    0.00    0.00   49.51
14:50:55     all   28.05    0.00   22.21    0.00    0.00    0.00    0.00    0.00    0.00   49.74
14:50:56     all   30.82    0.00   19.54    0.00    0.00    0.00    0.00    0.00    0.00   49.64
14:50:57     all   28.74    0.00   21.46    0.00    0.00    0.00    0.00    0.00    0.00   49.81
14:50:58     all   29.21    0.00   20.91    0.00    0.00    0.00    0.00    0.00    0.00   49.88
14:50:59     all   28.52    0.00   21.88    0.00    0.00    0.01    0.00    0.00    0.00   49.58
14:51:00     all   29.19    0.00   21.25    0.00    0.00    0.00    0.00    0.00    0.00   49.56
14:51:01     all   29.81    0.00   20.79    0.00    0.00    0.00    0.00    0.00    0.00   49.40
14:51:02     all   30.60    0.01   20.08    0.00    0.00    0.01    0.00    0.00    0.00   49.30
14:51:03     all   30.88    0.00   20.04    0.00    0.00    0.01    0.00    0.00    0.00   49.06
14:51:04     all   32.25    0.00   18.44    0.00    0.00    0.04    0.00    0.00    0.00   49.27
14:51:05     all   31.42    0.00   20.21    0.00    0.00    0.01    0.00    0.00    0.00   48.36
14:51:06     all   29.81    0.00   20.38    0.00    0.00    0.00    0.00    0.00    0.00   49.81
14:51:07     all   31.03    0.00   19.51    0.00    0.00    0.00    0.00    0.00    0.00   49.47
14:51:08     all   29.17    0.00   21.85    0.00    0.00    0.00    0.00    0.00    0.00   48.99
14:51:09     all   30.91    0.00   18.84    0.00    0.00    0.00    0.00    0.00    0.00   50.26
14:51:10     all   30.23    0.00   20.42    0.00    0.00    0.00    0.00    0.00    0.00   49.35
14:51:11     all   30.20    0.00   20.15    0.00    0.00    0.00    0.00    0.00    0.00   49.65
14:51:12     all   30.47    0.00   19.84    0.01    0.00    0.03    0.00    0.00    0.00   49.65
14:51:13     all   30.90    0.01   19.59    0.01    0.00    0.00    0.00    0.00    0.00   49.49
14:51:14     all   30.04    0.00   19.83    0.00    0.00    0.00    0.00    0.00    0.00   50.13
14:51:15     all   31.79    0.00   18.81    0.00    0.00    0.01    0.00    0.00    0.00   49.39
14:51:16     all   33.04    0.00   17.52    0.00    0.00    0.00    0.00    0.00    0.00   49.44
14:51:17     all   31.21    0.00   18.84    0.00    0.00    0.00    0.00    0.00    0.00   49.95
14:51:18     all   33.05    0.00   18.28    0.00    0.00    0.01    0.00    0.00    0.00   48.65
14:51:19     all   32.35    0.00   18.57    0.00    0.00    0.00    0.00    0.00    0.00   49.07
14:51:20     all   32.46    0.00   17.81    0.00    0.00    0.00    0.00    0.00    0.00   49.73
14:51:21     all   34.10    0.00   16.08    0.00    0.00    0.00    0.00    0.00    0.00   49.82
14:51:22     all   31.46    0.00   18.96    0.00    0.00    0.00    0.00    0.00    0.00   49.58
14:51:23     all   32.43    0.00   17.98    0.00    0.00    0.01    0.00    0.00    0.00   49.58
14:51:24     all   32.25    0.00   18.22    0.00    0.00    0.00    0.00    0.00    0.00   49.53
14:51:25     all   32.29    0.00   18.48    0.00    0.00    0.03    0.00    0.00    0.00   49.19
14:51:26     all   32.98    0.00   18.61    0.00    0.00    0.00    0.00    0.00    0.00   48.40
14:51:27     all   30.63    0.00   20.23    0.00    0.00    0.00    0.00    0.00    0.00   49.14
14:51:28     all   31.36    0.00   18.86    0.00    0.00    0.00    0.00    0.00    0.00   49.79
14:51:29     all   33.31    0.00   16.95    0.00    0.00    0.01    0.00    0.00    0.00   49.73
14:51:30     all   33.38    0.00   16.78    0.00    0.00    0.00    0.00    0.00    0.00   49.84
14:51:31     all   33.17    0.00   17.22    0.01    0.00    0.00    0.00    0.00    0.00   49.60
14:51:32     all   30.16    0.00   20.16    0.00    0.00    0.00    0.00    0.00    0.00   49.67
14:51:33     all   31.11    0.00   19.56    0.00    0.00    0.00    0.00    0.00    0.00   49.33
14:51:34     all   30.96    0.00   19.31    0.00    0.00    0.00    0.00    0.00    0.00   49.73
14:51:35     all   30.29    0.00   20.15    0.00    0.00    0.01    0.00    0.00    0.00   49.54
14:51:36     all   30.78    0.00   19.83    0.00    0.00    0.00    0.00    0.00    0.00   49.39
14:51:37     all   34.10    0.00   16.04    0.00    0.00    0.00    0.00    0.00    0.00   49.86
14:51:38     all   31.91    0.00   18.80    0.00    0.00    0.00    0.00    0.00    0.00   49.29
14:51:39     all   31.20    0.00   19.74    0.00    0.00    0.00    0.00    0.00    0.00   49.05
14:51:40     all   33.07    0.00   18.37    0.00    0.00    0.01    0.00    0.00    0.00   48.54
14:51:41     all   33.21    0.00   17.21    0.00    0.00    0.01    0.00    0.00    0.00   49.57
14:51:42     all   32.06    0.00   18.18    0.00    0.00    0.00    0.00    0.00    0.00   49.76
14:51:43     all   33.09    0.00   17.01    0.01    0.00    0.00    0.00    0.00    0.00   49.89
14:51:44     all   31.24    0.00   18.42    0.00    0.00    0.00    0.00    0.00    0.00   50.34
14:51:45     all   31.55    0.00   18.25    0.00    0.00    0.00    0.00    0.00    0.00   50.20
14:51:46     all   33.34    0.00   17.38    0.00    0.00    0.01    0.00    0.00    0.00   49.26
14:51:47     all   33.83    0.00   16.64    0.00    0.00    0.00    0.00    0.00    0.00   49.53
14:51:48     all   32.76    0.00   17.28    0.00    0.00    0.00    0.00    0.00    0.00   49.97
14:51:49     all   32.96    0.00   18.28    0.00    0.00    0.01    0.00    0.00    0.00   48.74
14:51:50     all   31.78    0.00   14.89    0.00    0.00    0.00    0.00    0.00    0.00   53.33
14:51:51     all   33.50    0.00   16.49    0.00    0.00    0.00    0.00    0.00    0.00   50.01
14:51:52     all   33.14    0.00   17.72    0.00    0.00    0.01    0.00    0.00    0.00   49.12
14:51:53     all   34.51    0.00   16.41    0.00    0.00    0.00    0.00    0.00    0.00   49.08
14:51:54     all   32.68    0.00   16.14    0.00    0.00    0.00    0.00    0.00    0.00   51.18
14:51:55     all   33.83    0.00   16.85    0.00    0.00    0.00    0.00    0.00    0.00   49.32
14:51:56     all   27.08    0.00   15.29    0.00    0.00    0.00    0.00    0.00    0.00   57.63
14:51:57     all   34.26    0.00   15.82    0.00    0.00    0.00    0.00    0.00    0.00   49.92
14:51:58     all   35.19    0.00   15.26    0.00    0.00    0.01    0.00    0.00    0.00   49.53
14:51:59     all   31.18    0.00   15.47    0.00    0.00    0.00    0.00    0.00    0.00   53.35
14:52:00     all   33.95    0.00   14.68    0.00    0.00    0.00    0.00    0.00    0.00   51.38
14:52:01     all   30.39    0.00   14.74    0.00    0.00    0.00    0.00    0.00    0.00   54.87
14:52:02     all   28.35    0.00   12.34    0.00    0.00    0.03    0.00    0.00    0.00   59.28
14:52:03     all   34.46    0.00   14.14    0.00    0.00    0.01    0.00    0.00    0.00   51.38
14:52:04     all   32.93    0.00   13.95    0.00    0.00    0.00    0.00    0.00    0.00   53.12
14:52:05     all   21.59    0.00    9.56    0.00    0.00    0.01    0.00    0.00    0.00   68.84
14:52:06     all   36.90    0.00   13.70    0.00    0.00    0.01    0.00    0.00    0.00   49.39
14:52:07     all   30.87    0.00   12.08    0.00    0.00    0.00    0.00    0.00    0.00   57.06
14:52:08     all   29.62    0.00   10.33    0.00    0.00    0.01    0.00    0.00    0.00   60.03
14:52:09     all   36.41    0.00   11.64    0.00    0.00    0.00    0.00    0.00    0.00   51.95
14:52:10     all   21.66    0.00   11.79    0.00    0.00    0.00    0.00    0.00    0.00   66.55
14:52:11     all   37.85    0.00   12.44    0.00    0.00    0.00    0.00    0.00    0.00   49.71
14:52:12     all   35.90    0.00   14.92    0.00    0.00    0.00    0.00    0.00    0.00   49.18
14:52:13     all   25.64    0.00   10.57    0.00    0.00    0.03    0.00    0.00    0.00   63.77
14:52:14     all   37.91    0.00   11.99    0.00    0.00    0.01    0.00    0.00    0.00   50.09
14:52:15     all   24.43    0.00   10.87    0.00    0.00    0.00    0.00    0.00    0.00   64.70
14:52:16     all   26.47    0.00   10.20    0.00    0.00    0.00    0.00    0.00    0.00   63.33
14:52:17     all   36.73    0.00   13.44    0.00    0.00    0.00    0.00    0.00    0.00   49.83
14:52:18     all   21.92    0.00   12.34    0.00    0.00    0.00    0.00    0.00    0.00   65.73
14:52:19     all   36.15    0.00   13.90    0.00    0.00    0.01    0.00    0.00    0.00   49.94
14:52:20     all   30.06    0.00   13.72    0.00    0.00    0.00    0.00    0.00    0.00   56.23
14:52:21     all   24.03    0.00   11.09    0.00    0.00    0.01    0.00    0.00    0.00   64.86
14:52:22     all   35.40    0.00   14.49    0.00    0.00    0.00    0.00    0.00    0.00   50.11
14:52:23     all   28.58    0.00   11.62    0.00    0.00    0.00    0.00    0.00    0.00   59.79
14:52:24     all   38.28    0.00   12.03    0.00    0.00    0.01    0.00    0.00    0.00   49.68
14:52:25     all   30.15    0.00   12.58    0.00    0.00    0.00    0.00    0.00    0.00   57.28
14:52:26     all   26.46    0.00   10.84    0.00    0.00    0.00    0.00    0.00    0.00   62.70
14:52:27     all   35.86    0.01   11.61    0.00    0.00    0.00    0.00    0.00    0.00   52.52
14:52:28     all   29.70    0.00   11.64    0.00    0.00    0.00    0.00    0.00    0.00   58.66
14:52:29     all   36.65    0.00   13.62    0.00    0.00    0.01    0.00    0.00    0.00   49.72
14:52:30     all   27.70    0.00   11.55    0.00    0.00    0.00    0.00    0.00    0.00   60.75
14:52:31     all   26.98    0.00   12.56    0.00    0.00    0.00    0.00    0.00    0.00   60.46
14:52:32     all   32.37    0.00   12.17    0.00    0.00    0.01    0.00    0.00    0.00   55.44
14:52:33     all   29.02    0.00   11.09    0.00    0.00    0.00    0.00    0.00    0.00   59.89
14:52:34     all   36.19    0.00   13.88    0.01    0.00    0.00    0.00    0.00    0.00   49.92
14:52:35     all   36.93    0.00   12.22    0.00    0.00    0.01    0.00    0.00    0.00   50.83
14:52:36     all   18.03    0.00    8.40    0.00    0.00    0.00    0.00    0.00    0.00   73.57
14:52:37     all   32.05    0.00   11.52    0.00    0.00    0.01    0.00    0.00    0.00   56.42
14:52:38     all   32.45    0.00   11.97    0.00    0.00    0.00    0.00    0.00    0.00   55.57
14:52:39     all   34.85    0.01   15.26    0.00    0.00    0.00    0.00    0.00    0.00   49.87
14:52:40     all   26.18    0.00   13.37    0.00    0.00    0.00    0.00    0.00    0.00   60.44
14:52:41     all   37.87    0.00   13.52    0.00    0.00    0.01    0.00    0.00    0.00   48.60
14:52:42     all   23.65    0.00   12.28    0.00    0.00    0.00    0.00    0.00    0.00   64.08
14:52:43     all   31.44    0.00   13.16    0.00    0.00    0.00    0.00    0.00    0.00   55.40
14:52:44     all   35.38    0.00   14.30    0.00    0.00    0.01    0.00    0.00    0.00   50.31
14:52:45     all   16.88    0.00   10.28    0.00    0.00    0.00    0.00    0.00    0.00   72.84
14:52:46     all   32.98    0.00   12.62    0.00    0.00    0.00    0.00    0.00    0.00   54.40
14:52:47     all   33.41    0.00   13.06    0.01    0.00    0.00    0.00    0.00    0.00   53.52
14:52:48     all   32.95    0.00   14.34    0.00    0.00    0.00    0.00    0.00    0.00   52.71
14:52:49     all   32.70    0.01   14.02    0.00    0.00    0.00    0.00    0.00    0.00   53.26
14:52:50     all   26.66    0.00   10.45    0.00    0.00    0.00    0.00    0.00    0.00   62.88
14:52:51     all   24.77    0.00   11.12    0.00    0.00    0.00    0.00    0.00    0.00   64.11
14:52:52     all   37.12    0.00   12.81    0.00    0.00    0.01    0.00    0.00    0.00   50.06
14:52:53     all   26.18    0.00   11.33    0.00    0.00    0.00    0.00    0.00    0.00   62.48
14:52:54     all   34.55    0.00   11.59    0.00    0.00    0.00    0.00    0.00    0.00   53.86
14:52:55     all   29.69    0.00   11.38    0.00    0.00    0.01    0.00    0.00    0.00   58.92
14:52:56     all   22.07    0.00    8.98    0.00    0.00    0.00    0.00    0.00    0.00   68.95
14:52:57     all   35.96    0.00   11.64    0.00    0.00    0.00    0.00    0.00    0.00   52.40
14:52:58     all   35.03    0.00   13.43    0.00    0.00    0.01    0.00    0.00    0.00   51.53
14:52:59     all   24.90    0.00   11.47    0.00    0.00    0.00    0.00    0.00    0.00   63.63
14:53:00     all   32.02    0.00   12.02    0.00    0.00    0.00    0.00    0.00    0.00   55.97
14:53:01     all   28.40    0.00   10.40    0.00    0.00    0.00    0.00    0.00    0.00   61.20
14:53:02     all   26.39    0.00   10.48    0.00    0.00    0.00    0.00    0.00    0.00   63.13
14:53:03     all   28.87    0.00   12.18    0.00    0.00    0.00    0.00    0.00    0.00   58.94
14:53:04     all   11.59    0.00    6.50    0.00    0.00    0.00    0.00    0.00    0.00   81.91
14:53:05     all   22.81    0.00    9.49    0.00    0.00    0.00    0.00    0.00    0.00   67.70
14:53:06     all   36.56    0.00   12.53    0.00    0.00    0.01    0.00    0.00    0.00   50.89
14:53:07     all   30.70    0.00   12.08    0.00    0.00    0.01    0.00    0.00    0.00   57.21
14:53:08     all   29.61    0.00   11.43    0.00    0.00    0.00    0.00    0.00    0.00   58.96
14:53:09     all   33.62    0.00   13.10    0.00    0.00    0.00    0.00    0.00    0.00   53.28
14:53:10     all   24.45    0.00    9.89    0.00    0.00    0.00    0.00    0.00    0.00   65.66
14:53:11     all   35.34    0.00   13.68    0.00    0.00    0.01    0.00    0.00    0.00   50.97
14:53:12     all   30.00    0.00   14.80    0.00    0.00    0.00    0.00    0.00    0.00   55.20
14:53:13     all   34.58    0.00   15.02    0.00    0.00    0.01    0.00    0.00    0.00   50.39
14:53:14     all   25.63    0.01   12.54    0.00    0.00    0.00    0.00    0.00    0.00   61.81
14:53:15     all   30.44    0.00   11.99    0.00    0.00    0.00    0.00    0.00    0.00   57.57
14:53:16     all   32.01    0.00   13.78    0.00    0.00    0.00    0.00    0.00    0.00   54.21
14:53:17     all   30.67    0.01   12.28    0.00    0.00    0.03    0.00    0.00    0.00   57.01
14:53:18     all   26.75    0.00    9.85    0.00    0.00    0.03    0.00    0.00    0.00   63.37
14:53:19     all   28.16    0.00   12.05    0.00    0.00    0.00    0.00    0.00    0.00   59.79
14:53:20     all   27.81    0.00   10.28    0.00    0.00    0.01    0.00    0.00    0.00   61.89
14:53:21     all   36.76    0.00   13.04    0.00    0.00    0.01    0.00    0.00    0.00   50.18
14:53:22     all   25.04    0.00   11.93    0.00    0.00    0.01    0.00    0.00    0.00   63.02
14:53:23     all   37.13    0.00   13.37    0.00    0.00    0.00    0.00    0.00    0.00   49.50
14:53:24     all   31.55    0.00   13.74    0.00    0.00    0.00    0.00    0.00    0.00   54.71
14:53:25     all   31.59    0.00   12.11    0.00    0.00    0.00    0.00    0.00    0.00   56.30
14:53:26     all   33.70    0.00   12.81    0.00    0.00    0.00    0.00    0.00    0.00   53.49
14:53:27     all   31.73    0.00   12.10    0.00    0.00    0.01    0.00    0.00    0.00   56.16
14:53:28     all   34.35    0.00   13.50    0.00    0.00    0.01    0.00    0.00    0.00   52.13
14:53:29     all   30.00    0.01   10.53    0.00    0.00    0.00    0.00    0.00    0.00   59.45
14:53:30     all   32.80    0.00   10.77    0.00    0.00    0.01    0.00    0.00    0.00   56.42
14:53:31     all   28.15    0.00   10.34    0.00    0.00    0.01    0.00    0.00    0.00   61.49
14:53:32     all   29.49    0.00   10.92    0.00    0.00    0.01    0.00    0.00    0.00   59.58
14:53:33     all   30.82    0.00   10.43    0.00    0.00    0.00    0.00    0.00    0.00   58.74
14:53:34     all   34.99    0.00    9.80    0.00    0.00    0.01    0.00    0.00    0.00   55.20
14:53:35     all   26.67    0.00    8.35    0.00    0.00    0.00    0.00    0.00    0.00   64.97
14:53:36     all   35.83    0.00   11.17    0.00    0.00    0.00    0.00    0.00    0.00   53.01
14:53:37     all   13.47    0.00    7.32    0.00    0.00    0.00    0.00    0.00    0.00   79.21
14:53:38     all   36.20    0.00   11.54    0.00    0.00    0.00    0.00    0.00    0.00   52.26
14:53:39     all   30.90    0.00    9.73    0.00    0.00    0.01    0.00    0.00    0.00   59.36
14:53:40     all   24.28    0.00    9.62    0.00    0.00    0.00    0.00    0.00    0.00   66.09
14:53:41     all   31.39    0.00   12.30    0.00    0.00    0.00    0.00    0.00    0.00   56.31
14:53:42     all   30.41    0.00   11.30    0.00    0.00    0.00    0.00    0.00    0.00   58.28
14:53:43     all   31.53    0.00   12.43    0.00    0.00    0.01    0.00    0.00    0.00   56.03
14:53:44     all   35.56    0.00   13.50    0.00    0.00    0.00    0.00    0.00    0.00   50.94
14:53:45     all   33.28    0.00   14.32    0.00    0.00    0.00    0.00    0.00    0.00   52.40
14:53:46     all   33.17    0.00   13.93    0.00    0.00    0.01    0.00    0.00    0.00   52.89
14:53:47     all   19.05    0.00   10.22    0.00    0.00    0.00    0.00    0.00    0.00   70.73
14:53:48     all   25.13    0.00    9.48    0.00    0.00    0.00    0.00    0.00    0.00   65.39
14:53:49     all   36.07    0.00   11.64    0.00    0.00    0.00    0.00    0.00    0.00   52.29
14:53:50     all   27.86    0.00   11.76    0.00    0.00    0.01    0.00    0.00    0.00   60.37
14:53:51     all   30.17    0.00   10.23    0.00    0.00    0.00    0.00    0.00    0.00   59.60
14:53:52     all   29.50    0.00   10.90    0.00    0.00    0.01    0.00    0.00    0.00   59.59
14:53:53     all   30.45    0.00   11.02    0.00    0.00    0.00    0.00    0.00    0.00   58.53
14:53:54     all   31.30    0.00   12.02    0.00    0.00    0.01    0.00    0.00    0.00   56.66
14:53:55     all   30.12    0.00   10.53    0.00    0.00    0.00    0.00    0.00    0.00   59.35
14:53:56     all   32.89    0.00   12.57    0.00    0.00    0.00    0.00    0.00    0.00   54.54
14:53:57     all   20.26    0.00    8.44    0.00    0.00    0.00    0.00    0.00    0.00   71.29
14:53:58     all   36.36    0.00   12.43    0.00    0.00    0.03    0.00    0.00    0.00   51.18
14:53:59     all   18.62    0.00    9.41    0.00    0.00    0.00    0.00    0.00    0.00   71.97
14:54:00     all   24.90    0.00    9.13    0.00    0.00    0.00    0.00    0.00    0.00   65.97
14:54:01     all   26.94    0.00    9.94    0.00    0.00    0.00    0.00    0.00    0.00   63.12
14:54:02     all   32.79    0.00   12.01    0.00    0.00    0.01    0.00    0.00    0.00   55.19
14:54:03     all   27.53    0.00    9.41    0.00    0.00    0.00    0.00    0.00    0.00   63.06
14:54:04     all   32.94    0.00   11.65    0.00    0.00    0.01    0.00    0.00    0.00   55.40
14:54:05     all   25.40    0.00    9.60    0.00    0.00    0.01    0.00    0.00    0.00   64.99
14:54:06     all   26.97    0.00    7.82    0.00    0.00    0.00    0.00    0.00    0.00   65.20
14:54:07     all   27.08    0.00    8.68    0.00    0.00    0.00    0.00    0.00    0.00   64.24
14:54:08     all   26.31    0.00    8.35    0.00    0.00    0.00    0.00    0.00    0.00   65.34
14:54:09     all   30.42    0.00   10.58    0.00    0.00    0.00    0.00    0.00    0.00   59.00
14:54:10     all   24.89    0.00   10.15    0.00    0.00    0.01    0.00    0.00    0.00   64.95
14:54:11     all   37.95    0.00   12.15    0.00    0.00    0.00    0.00    0.00    0.00   49.90
14:54:12     all   27.93    0.00   10.86    0.01    0.00    0.00    0.00    0.00    0.00   61.19
14:54:13     all   28.54    0.00   11.49    0.00    0.00    0.01    0.00    0.00    0.00   59.95
14:54:14     all   36.30    0.00   12.03    0.00    0.00    0.00    0.00    0.00    0.00   51.67
14:54:15     all   18.04    0.00    8.64    0.00    0.00    0.00    0.00    0.00    0.00   73.31
14:54:16     all   25.93    0.00    9.84    0.00    0.00    0.00    0.00    0.00    0.00   64.22
14:54:17     all   27.53    0.00    9.85    0.00    0.00    0.00    0.00    0.00    0.00   62.62
14:54:18     all   25.22    0.00   10.54    0.00    0.00    0.00    0.00    0.00    0.00   64.25
14:54:19     all   13.57    0.00    7.33    0.00    0.00    0.00    0.00    0.00    0.00   79.09
14:54:20     all   15.03    0.00    7.01    0.00    0.00    0.00    0.00    0.00    0.00   77.97
14:54:21     all   33.53    0.00   12.18    0.00    0.00    0.01    0.00    0.00    0.00   54.28
14:54:22     all   36.33    0.00   13.46    0.00    0.00    0.01    0.00    0.00    0.00   50.19
14:54:23     all   34.71    0.00   13.57    0.00    0.00    0.00    0.00    0.00    0.00   51.71
14:54:24     all   17.72    0.00    9.77    0.00    0.00    0.00    0.00    0.00    0.00   72.51
14:54:25     all   35.91    0.00   14.14    0.00    0.00    0.00    0.00    0.00    0.00   49.95
14:54:26     all   32.60    0.00   14.04    0.00    0.00    0.00    0.00    0.00    0.00   53.37
14:54:27     all   32.95    0.00   14.35    0.00    0.00    0.01    0.00    0.00    0.00   52.69
14:54:28     all   34.72    0.00   14.27    0.00    0.00    0.00    0.00    0.00    0.00   51.01
14:54:29     all   31.75    0.00   14.50    0.00    0.00    0.00    0.00    0.00    0.00   53.76
14:54:30     all   33.90    0.00   15.09    0.00    0.00    0.00    0.00    0.00    0.00   51.01
14:54:31     all   29.92    0.00   12.80    0.00    0.00    0.01    0.00    0.00    0.00   57.27
14:54:32     all   30.11    0.00   14.23    0.00    0.00    0.00    0.00    0.00    0.00   55.66
14:54:33     all   31.86    0.00   12.83    0.00    0.00    0.00    0.00    0.00    0.00   55.30
14:54:34     all   33.89    0.00   13.36    0.00    0.00    0.01    0.00    0.00    0.00   52.74
14:54:35     all   24.89    0.00   12.40    0.00    0.00    0.00    0.00    0.00    0.00   62.71
14:54:36     all   31.08    0.00   11.40    0.00    0.00    0.03    0.00    0.00    0.00   57.49
14:54:37     all   27.14    0.00   10.74    0.00    0.00    0.00    0.00    0.00    0.00   62.12
14:54:38     all   27.50    0.00   10.88    0.00    0.00    0.00    0.00    0.00    0.00   61.62
14:54:39     all   31.62    0.00   12.11    0.00    0.00    0.00    0.00    0.00    0.00   56.26
14:54:40     all   29.75    0.00   12.45    0.00    0.00    0.00    0.00    0.00    0.00   57.80
14:54:41     all   28.36    0.00   10.42    0.00    0.00    0.00    0.00    0.00    0.00   61.22
14:54:42     all   23.28    0.00   10.46    0.00    0.00    0.01    0.00    0.00    0.00   66.24
14:54:43     all   30.50    0.00   11.56    0.00    0.00    0.00    0.00    0.00    0.00   57.95
14:54:44     all   30.01    0.00   11.35    0.00    0.00    0.00    0.00    0.00    0.00   58.64
14:54:45     all   28.74    0.00   10.64    0.00    0.00    0.00    0.00    0.00    0.00   60.62
14:54:46     all   33.82    0.00   14.32    0.00    0.00    0.00    0.00    0.00    0.00   51.86
14:54:47     all   26.26    0.00   11.15    0.00    0.00    0.01    0.00    0.00    0.00   62.58
14:54:48     all   36.27    0.00   13.64    0.00    0.00    0.00    0.00    0.00    0.00   50.08
14:54:49     all   28.44    0.00   11.27    0.00    0.00    0.00    0.00    0.00    0.00   60.29
14:54:50     all   30.29    0.00   11.01    0.00    0.00    0.01    0.00    0.00    0.00   58.69
14:54:51     all   25.61    0.00    8.95    0.00    0.00    0.00    0.00    0.00    0.00   65.44
14:54:52     all   39.14    0.00   11.85    0.00    0.00    0.01    0.00    0.00    0.00   49.00
14:54:53     all   30.68    0.00    9.82    0.00    0.00    0.01    0.00    0.00    0.00   59.48
14:54:54     all   21.05    0.01    8.46    0.00    0.00    0.00    0.00    0.00    0.00   70.48
14:54:55     all   27.68    0.00    9.15    0.00    0.00    0.00    0.00    0.00    0.00   63.17
14:54:56     all   29.15    0.00    8.39    0.00    0.00    0.00    0.00    0.00    0.00   62.46
14:54:57     all   27.12    0.00    8.77    0.00    0.00    0.01    0.00    0.00    0.00   64.10
14:54:58     all   33.90    0.00   12.79    0.00    0.00    0.00    0.00    0.00    0.00   53.30
14:54:59     all   23.43    0.00    9.38    0.00    0.00    0.00    0.00    0.00    0.00   67.18
14:55:00     all   34.12    0.00   10.10    0.00    0.00    0.00    0.00    0.00    0.00   55.78
14:55:01     all   25.36    0.01    8.76    0.00    0.00    0.00    0.00    0.00    0.00   65.87
14:55:02     all   25.92    0.00    8.21    0.00    0.00    0.03    0.00    0.00    0.00   65.84
14:55:03     all   38.58    0.00   12.14    0.00    0.00    0.01    0.00    0.00    0.00   49.27
14:55:04     all   20.97    0.00    8.23    0.00    0.00    0.00    0.00    0.00    0.00   70.80
14:55:05     all   31.41    0.00    9.79    0.01    0.00    0.00    0.00    0.00    0.00   58.79
14:55:06     all   21.87    0.00    7.83    0.00    0.00    0.00    0.00    0.00    0.00   70.31
14:55:07     all   37.95    0.00   11.06    0.00    0.00    0.00    0.00    0.00    0.00   50.99
14:55:08     all   20.05    0.00    8.69    0.00    0.00    0.01    0.00    0.00    0.00   71.24
14:55:09     all   34.38    0.00    9.93    0.00    0.00    0.00    0.00    0.00    0.00   55.69
14:55:10     all   19.79    0.00    8.23    0.00    0.00    0.00    0.00    0.00    0.00   71.97
14:55:11     all   36.57    0.00   11.01    0.00    0.00    0.01    0.00    0.00    0.00   52.41
14:55:12     all   33.77    0.00   11.95    0.00    0.00    0.00    0.00    0.00    0.00   54.28
14:55:13     all   14.94    0.00    6.64    0.00    0.00    0.00    0.00    0.00    0.00   78.42
14:55:14     all   36.84    0.00   11.68    0.00    0.00    0.01    0.00    0.00    0.00   51.46
14:55:15     all   27.83    0.00   10.89    0.00    0.00    0.00    0.00    0.00    0.00   61.28
14:55:16     all   25.11    0.00    7.40    0.00    0.00    0.00    0.00    0.00    0.00   67.49
14:55:17     all   30.16    0.00    9.26    0.00    0.00    0.01    0.00    0.00    0.00   60.56
14:55:18     all   24.77    0.00    8.27    0.00    0.00    0.00    0.00    0.00    0.00   66.96
14:55:19     all   26.12    0.00    7.66    0.00    0.00    0.00    0.00    0.00    0.00   66.22
14:55:20     all   29.53    0.00   10.31    0.00    0.00    0.00    0.00    0.00    0.00   60.16
14:55:21     all   22.35    0.00    9.14    0.00    0.00    0.00    0.00    0.00    0.00   68.51
14:55:22     all   29.42    0.00   10.38    0.01    0.00    0.01    0.00    0.00    0.00   60.17
14:55:23     all   26.90    0.00    9.03    0.00    0.00    0.00    0.00    0.00    0.00   64.06
14:55:24     all   26.88    0.00    9.53    0.00    0.00    0.00    0.00    0.00    0.00   63.59
14:55:25     all   25.64    0.00    7.80    0.00    0.00    0.00    0.00    0.00    0.00   66.55
14:55:26     all   21.74    0.00    8.39    0.00    0.00    0.00    0.00    0.00    0.00   69.86
14:55:27     all   35.76    0.00   11.58    0.00    0.00    0.01    0.00    0.00    0.00   52.65
14:55:28     all   18.62    0.00    7.59    0.00    0.00    0.00    0.00    0.00    0.00   73.79
14:55:29     all   37.73    0.00   10.93    0.00    0.00    0.01    0.00    0.00    0.00   51.32
14:55:30     all   23.90    0.01    9.15    0.00    0.00    0.00    0.00    0.00    0.00   66.94
14:55:31     all   17.96    0.00    7.88    0.00    0.00    0.00    0.00    0.00    0.00   74.16
14:55:32     all   31.29    0.00    9.40    0.00    0.00    0.01    0.00    0.00    0.00   59.30
14:55:33     all   28.27    0.00    9.76    0.00    0.00    0.00    0.00    0.00    0.00   61.97
14:55:34     all   26.12    0.00    9.42    0.00    0.00    0.00    0.00    0.00    0.00   64.46
14:55:35     all   22.92    0.00    7.72    0.00    0.00    0.00    0.00    0.00    0.00   69.36
14:55:36     all   33.73    0.00   10.83    0.00    0.00    0.00    0.00    0.00    0.00   55.44
14:55:37     all    9.68    0.00    4.71    0.00    0.00    0.01    0.00    0.00    0.00   85.59
14:55:38     all   38.03    0.00   10.63    0.00    0.00    0.00    0.00    0.00    0.00   51.33
14:55:39     all   15.25    0.00    5.57    0.00    0.00    0.00    0.00    0.00    0.00   79.18
14:55:40     all   39.11    0.00   10.85    0.00    0.00    0.01    0.00    0.00    0.00   50.03
14:55:41     all   20.56    0.00    8.42    0.00    0.00    0.00    0.00    0.00    0.00   71.01
14:55:42     all   33.75    0.00   10.08    0.00    0.00    0.00    0.00    0.00    0.00   56.17
14:55:43     all   25.18    0.00    8.24    0.00    0.00    0.00    0.00    0.00    0.00   66.58
14:55:44     all   31.25    0.00   10.04    0.00    0.00    0.00    0.00    0.00    0.00   58.72
14:55:45     all   36.92    0.00   13.33    0.00    0.00    0.00    0.00    0.00    0.00   49.74
14:55:46     all   29.26    0.00   11.81    0.00    0.00    0.01    0.00    0.00    0.00   58.92
14:55:47     all   16.36    0.00    7.25    0.00    0.00    0.00    0.00    0.00    0.00   76.39
14:55:48     all   36.95    0.00   12.35    0.00    0.00    0.00    0.00    0.00    0.00   50.70
14:55:49     all   21.25    0.00    8.34    0.00    0.00    0.01    0.00    0.00    0.00   70.39
14:55:50     all   27.67    0.03    8.55    0.00    0.00    0.00    0.00    0.00    0.00   63.75
14:55:51     all   33.37    0.00   10.85    0.00    0.00    0.00    0.00    0.00    0.00   55.78
14:55:52     all   26.99    0.00    8.32    0.00    0.00    0.03    0.00    0.00    0.00   64.66
14:55:53     all   33.77    0.00   12.05    0.00    0.00    0.00    0.00    0.00    0.00   54.18
14:55:54     all   27.21    0.00   11.98    0.00    0.00    0.00    0.00    0.00    0.00   60.81
14:55:55     all   36.97    0.00   13.48    0.00    0.00    0.00    0.00    0.00    0.00   49.55
14:55:56     all   22.39    0.00   10.54    0.00    0.00    0.00    0.00    0.00    0.00   67.07
14:55:57     all   35.99    0.00   12.75    0.00    0.00    0.00    0.00    0.00    0.00   51.26
14:55:58     all   26.90    0.00   11.82    0.00    0.00    0.03    0.00    0.00    0.00   61.25
14:55:59     all   32.83    0.00   12.64    0.00    0.00    0.00    0.00    0.00    0.00   54.53
14:56:00     all   30.19    0.00   10.99    0.00    0.00    0.00    0.00    0.00    0.00   58.83
14:56:01     all   18.11    0.00    7.42    0.00    0.00    0.00    0.00    0.00    0.00   74.47
14:56:02     all   31.73    0.01    9.73    0.00    0.00    0.01    0.00    0.00    0.00   58.50
14:56:03     all   19.87    0.00    6.29    0.00    0.00    0.00    0.00    0.00    0.00   73.84
14:56:04     all   36.84    0.00   11.46    0.00    0.00    0.00    0.00    0.00    0.00   51.70
14:56:05     all   21.41    0.00    8.22    0.00    0.00    0.00    0.00    0.00    0.00   70.36
14:56:06     all   25.93    0.00   11.44    0.00    0.00    0.00    0.00    0.00    0.00   62.63
14:56:07     all   35.88    0.00   12.59    0.00    0.00    0.01    0.00    0.00    0.00   51.52
14:56:08     all   22.64    0.00    8.93    0.00    0.00    0.00    0.00    0.00    0.00   68.43
14:56:09     all   18.38    0.00    8.17    0.00    0.00    0.01    0.00    0.00    0.00   73.43
14:56:10     all   34.43    0.00   12.62    0.00    0.00    0.00    0.00    0.00    0.00   52.95
14:56:11     all   19.46    0.00    8.36    0.00    0.00    0.00    0.00    0.00    0.00   72.19
14:56:12     all   34.62    0.00   13.97    0.00    0.00    0.01    0.00    0.00    0.00   51.39
14:56:13     all   25.57    0.00   13.86    0.00    0.00    0.00    0.00    0.00    0.00   60.57
14:56:14     all   34.33    0.01   13.70    0.00    0.00    0.00    0.00    0.00    0.00   51.96
14:56:15     all   35.41    0.00   12.16    0.00    0.00    0.01    0.00    0.00    0.00   52.41
14:56:16     all   24.44    0.00   10.12    0.00    0.00    0.00    0.00    0.00    0.00   65.44
14:56:17     all   12.15    0.00   15.05    0.00    0.00    0.01    0.00    0.00    0.00   72.79
14:56:18     all    7.28    0.00    4.09    0.00    0.00    0.00    0.00    0.00    0.00   88.63
14:56:19     all    5.49    0.00    3.45    0.00    0.00    0.00    0.00    0.00    0.00   91.06
14:56:20     all    5.01    0.00    3.50    0.00    0.00    0.00    0.00    0.00    0.00   91.49
14:56:21     all    5.77    0.00    3.18    0.00    0.00    0.00    0.00    0.00    0.00   91.05
14:56:22     all    5.50    0.00    3.63    0.00    0.00    0.00    0.00    0.00    0.00   90.87
14:56:23     all    5.46    0.00    3.36    0.00    0.00    0.00    0.00    0.00    0.00   91.18
14:56:24     all    5.13    0.00    3.61    0.00    0.00    0.01    0.00    0.00    0.00   91.25
14:56:25     all    5.61    0.00    2.83    0.01    0.00    0.00    0.00    0.00    0.00   91.54
14:56:26     all    4.38    0.00    2.81    0.00    0.00    0.00    0.00    0.00    0.00   92.81
14:56:27     all    4.29    0.00    2.21    0.00    0.00    0.00    0.00    0.00    0.00   93.50
14:56:28     all    4.03    0.00    2.01    0.00    0.00    0.00    0.00    0.00    0.00   93.96
14:56:29     all    3.53    0.00    2.13    0.00    0.00    0.00    0.00    0.00    0.00   94.34
14:56:30     all    2.86    0.01    1.79    0.00    0.00    0.00    0.00    0.00    0.00   95.33
14:56:31     all    2.92    0.00    1.96    0.00    0.00    0.00    0.00    0.00    0.00   95.12
14:56:32     all    2.86    0.00    2.08    0.00    0.00    0.00    0.00    0.00    0.00   95.05
14:56:33     all    2.74    0.00    1.85    0.00    0.00    0.00    0.00    0.00    0.00   95.41
14:56:34     all    3.13    0.00    1.71    0.00    0.00    0.00    0.00    0.00    0.00   95.16
14:56:35     all    2.99    0.00    1.39    0.00    0.00    0.00    0.00    0.00    0.00   95.62
14:56:36     all    3.18    0.00    1.54    0.00    0.00    0.00    0.00    0.00    0.00   95.28
14:56:37     all    3.18    0.00    1.42    0.00    0.00    0.00    0.00    0.00    0.00   95.40
14:56:38     all    3.03    0.00    1.36    0.00    0.00    0.00    0.00    0.00    0.00   95.61
14:56:39     all    3.54    0.00    1.76    0.00    0.00    0.00    0.00    0.00    0.00   94.69
14:56:40     all    3.58    0.00    1.57    0.00    0.00    0.00    0.00    0.00    0.00   94.85
14:56:41     all    2.01    0.00    0.99    0.00    0.00    0.00    0.00    0.00    0.00   97.00
14:56:42     all    2.60    0.00    0.81    0.00    0.00    0.00    0.00    0.00    0.00   96.59
14:56:43     all    2.37    0.00    1.19    0.00    0.00    0.00    0.00    0.00    0.00   96.43
14:56:44     all    2.18    0.00    0.90    0.00    0.00    0.00    0.00    0.00    0.00   96.92
14:56:45     all    2.47    0.00    0.78    0.00    0.00    0.00    0.00    0.00    0.00   96.75
14:56:46     all    1.15    0.00    0.58    0.00    0.00    0.00    0.00    0.00    0.00   98.26
14:56:47     all    1.29    0.00    0.39    0.00    0.00    0.00    0.00    0.00    0.00   98.32
14:56:48     all    1.29    0.00    0.46    0.00    0.00    0.00    0.00    0.00    0.00   98.25
14:56:49     all    1.28    0.00    0.57    0.00    0.00    0.00    0.00    0.00    0.00   98.15
14:56:50     all    1.06    0.01    0.50    0.00    0.00    0.00    0.00    0.00    0.00   98.43
14:56:51     all    1.18    0.00    0.58    0.00    0.00    0.00    0.00    0.00    0.00   98.24
14:56:52     all    1.47    0.00    0.56    0.00    0.00    0.00    0.00    0.00    0.00   97.97
14:56:53     all    1.47    0.00    0.60    0.00    0.00    0.00    0.00    0.00    0.00   97.93
14:56:54     all    1.33    0.00    0.53    0.00    0.00    0.00    0.00    0.00    0.00   98.14
14:56:55     all    1.26    0.00    0.53    0.00    0.00    0.00    0.00    0.00    0.00   98.21
14:56:56     all    1.10    0.00    0.42    0.00    0.00    0.00    0.00    0.00    0.00   98.49
14:56:57     all    1.29    0.00    0.62    0.00    0.00    0.00    0.00    0.00    0.00   98.08
14:56:58     all    1.39    0.00    0.64    0.00    0.00    0.00    0.00    0.00    0.00   97.97
14:56:59     all    1.28    0.00    0.61    0.00    0.00    0.00    0.00    0.00    0.00   98.11
14:57:00     all    1.22    0.00    0.71    0.00    0.00    0.00    0.00    0.00    0.00   98.07
14:57:01     all    1.22    0.00    0.53    0.00    0.00    0.00    0.00    0.00    0.00   98.25
14:57:02     all    1.10    0.00    0.57    0.00    0.00    0.00    0.00    0.00    0.00   98.33
14:57:03     all    1.36    0.00    0.46    0.00    0.00    0.00    0.00    0.00    0.00   98.18
14:57:04     all    1.31    0.00    0.51    0.00    0.00    0.00    0.00    0.00    0.00   98.18
14:57:05     all    1.10    0.00    0.56    0.00    0.00    0.00    0.00    0.00    0.00   98.35
14:57:06     all    1.53    0.00    0.33    0.00    0.00    0.00    0.00    0.00    0.00   98.14
14:57:07     all    1.67    0.00    0.78    0.00    0.00    0.00    0.00    0.00    0.00   97.56
14:57:08     all    1.11    0.00    0.40    0.00    0.00    0.00    0.00    0.00    0.00   98.49
14:57:09     all    1.35    0.00    0.46    0.00    0.00    0.01    0.00    0.00    0.00   98.18
14:57:10     all    1.21    0.00    0.57    0.00    0.00    0.00    0.00    0.00    0.00   98.22
14:57:11     all    1.08    0.00    0.50    0.00    0.00    0.00    0.00    0.00    0.00   98.42
14:57:12     all    1.47    0.00    0.44    0.00    0.00    0.00    0.00    0.00    0.00   98.08
14:57:13     all    1.31    0.00    0.44    0.00    0.00    0.00    0.00    0.00    0.00   98.25
14:57:14     all    1.14    0.00    0.40    0.00    0.00    0.00    0.00    0.00    0.00   98.46
14:57:15     all    1.28    0.00    0.51    0.00    0.00    0.00    0.00    0.00    0.00   98.21
14:57:16     all    1.31    0.00    0.50    0.00    0.00    0.00    0.00    0.00    0.00   98.19
14:57:17     all    1.18    0.00    0.62    0.00    0.00    0.00    0.00    0.00    0.00   98.19
14:57:18     all    1.57    0.00    0.35    0.00    0.00    0.00    0.00    0.00    0.00   98.08
14:57:19     all    0.40    0.00    1.50    0.00    0.00    0.00    0.00    0.00    0.00   98.10
14:57:20     all    0.01    0.00    0.74    0.00    0.00    0.00    0.00    0.00    0.00   99.25
14:57:21     all    0.21    0.00    0.07    0.00    0.00    0.00    0.00    0.00    0.00   99.72
14:57:22     all    0.32    0.00    0.13    0.00    0.00    0.00    0.00    0.00    0.00   99.56
14:57:23     all    0.17    0.00    0.28    0.00    0.00    0.00    0.00    0.00    0.00   99.56
14:57:24     all    0.32    0.00    0.14    0.00    0.00    0.00    0.00    0.00    0.00   99.54
14:57:25     all    0.32    0.00    0.10    0.00    0.00    0.00    0.00    0.00    0.00   99.58
14:57:26     all    0.47    0.00    0.17    0.00    0.00    0.00    0.00    0.00    0.00   99.36
14:57:27     all    0.42    0.00    0.18    0.00    0.00    0.01    0.00    0.00    0.00   99.39
14:57:28     all    0.71    0.00    0.28    0.00    0.00    0.00    0.00    0.00    0.00   99.01
14:57:29     all    0.60    0.00    0.24    0.00    0.00    0.00    0.00    0.00    0.00   99.17
14:57:30     all    0.38    0.01    0.28    0.00    0.00    0.00    0.00    0.00    0.00   99.33
14:57:31     all    0.32    0.00    0.18    0.00    0.00    0.00    0.00    0.00    0.00   99.50
14:57:32     all    0.14    0.00    0.33    0.00    0.00    0.00    0.00    0.00    0.00   99.53
14:57:33     all    0.31    0.00    0.07    0.01    0.00    0.00    0.00    0.00    0.00   99.61
14:57:34     all    0.70    0.00    0.19    0.00    0.00    0.00    0.00    0.00    0.00   99.11
14:57:35     all    0.03    0.00    0.10    0.00    0.00    0.00    0.00    0.00    0.00   99.87
14:57:36     all    0.29    0.00    0.15    0.00    0.00    0.00    0.00    0.00    0.00   99.56
14:57:37     all    0.28    0.00    0.08    0.00    0.00    0.00    0.00    0.00    0.00   99.64
14:57:38     all    0.07    0.00    0.17    0.00    0.00    0.00    0.00    0.00    0.00   99.76
14:57:39     all    0.33    0.00    0.13    0.00    0.00    0.00    0.00    0.00    0.00   99.54
14:57:40     all    0.33    0.00    0.18    0.00    0.00    0.00    0.00    0.00    0.00   99.49
14:57:41     all    0.04    0.00    0.06    0.00    0.00    0.00    0.00    0.00    0.00   99.90
14:57:42     all    0.25    0.00    0.10    0.00    0.00    0.00    0.00    0.00    0.00   99.65
14:57:43     all    0.28    0.00    0.17    0.00    0.00    0.00    0.00    0.00    0.00   99.56
14:57:44     all    0.06    0.00    0.07    0.00    0.00    0.00    0.00    0.00    0.00   99.87
14:57:45     all    0.28    0.00    0.07    0.00    0.00    0.00    0.00    0.00    0.00   99.65
14:57:46     all    0.39    0.00    0.11    0.00    0.00    0.00    0.00    0.00    0.00   99.50
Average:     all   22.60    0.00   10.89    0.00    0.00    0.00    0.00    0.00    0.00   66.50
