[train] runs/v5_aux_125m at 1feb485 seed=95 {'depth': 2, 'iters': 64, 'minutes': 125.0, 'warm_minutes': 5.0, 'snapshot_every': 25.0, 'seed': 95, 'ladder_games': 0, 'note': 'depth-2 baseline with the auxiliary label repaired'}
[train] depth-2 baseline with the auxiliary label repaired
[cpu] pinned to 36 physical cores
[train] CUDA stream priority -1
[gpu] solve services up on [0, 1]
[cfg] PUBFEAT=897 CFEAT=15 architecture=v5 depth=2 iters=64 budget=7500s warm=300s snapshot_every=25min device=cuda:1 draft=random train_gen_ratio=4.0 recent_mix=0.5/0.2 canonical_views=2 cap=2000000 aux_weight=0.15 matmul=high
[t=   1.7s] greedy ep  0 games=  96 dec= 18853 rows= 18069 horizon=0.29 L=1.80730 L/var=11.66 tgt=-0.043/0.394 pstd=0.045 aux=0.8970/0.615 gen=0.1s train=1.4s
[t=   2.8s] greedy ep  1 games=  96 dec= 19648 rows= 18830 horizon=0.34 L=0.35512 L/var=2.16 tgt=-0.090/0.406 pstd=0.093 aux=0.8175/0.712 gen=0.1s train=0.9s
[t=   4.0s] greedy ep  2 games=  96 dec= 19176 rows= 18356 horizon=0.35 L=0.25776 L/var=1.50 tgt=-0.088/0.415 pstd=0.112 aux=0.6591/0.730 gen=0.1s train=1.0s
[t=   5.2s] greedy ep  3 games=  96 dec= 18652 rows= 17858 horizon=0.29 L=0.26932 L/var=1.42 tgt=-0.096/0.436 pstd=0.155 aux=0.6156/0.743 gen=0.1s train=1.0s
[t=   6.5s] greedy ep  4 games=  96 dec= 19078 rows= 18228 horizon=0.35 L=0.46203 L/var=2.69 tgt=-0.093/0.414 pstd=0.043 aux=0.5888/0.755 gen=0.1s train=1.0s
[t=   7.8s] greedy ep  5 games=  96 dec= 18818 rows= 18043 horizon=0.35 L=0.37359 L/var=2.05 tgt=-0.089/0.427 pstd=0.039 aux=0.6102/0.742 gen=0.1s train=1.0s
[t=   9.1s] greedy ep  6 games=  96 dec= 18874 rows= 18050 horizon=0.28 L=0.31758 L/var=2.07 tgt=-0.083/0.391 pstd=0.039 aux=0.6512/0.721 gen=0.1s train=1.0s
[t=  10.3s] greedy ep  7 games=  96 dec= 18496 rows= 17707 horizon=0.27 L=0.27631 L/var=2.00 tgt=-0.094/0.372 pstd=0.038 aux=0.5968/0.748 gen=0.1s train=1.0s
[t=  11.6s] greedy ep  8 games=  96 dec= 18882 rows= 18018 horizon=0.28 L=0.25104 L/var=1.85 tgt=-0.063/0.368 pstd=0.049 aux=0.5870/0.751 gen=0.1s train=1.0s
[t=  12.8s] greedy ep  9 games=  96 dec= 18567 rows= 17820 horizon=0.30 L=0.25061 L/var=1.58 tgt=-0.059/0.398 pstd=0.049 aux=0.5947/0.745 gen=0.1s train=1.0s
[t=  14.1s] greedy ep 10 games=  96 dec= 18793 rows= 18035 horizon=0.29 L=0.23970 L/var=1.55 tgt=-0.092/0.393 pstd=0.056 aux=0.5756/0.755 gen=0.1s train=1.0s
[t=  15.3s] greedy ep 11 games=  96 dec= 18170 rows= 17446 horizon=0.32 L=0.22465 L/var=1.34 tgt=-0.053/0.410 pstd=0.074 aux=0.5467/0.773 gen=0.1s train=1.0s
[t=  16.5s] greedy ep 12 games=  96 dec= 17686 rows= 16974 horizon=0.27 L=0.21357 L/var=1.37 tgt=-0.071/0.394 pstd=0.082 aux=0.5229/0.789 gen=0.1s train=1.0s
[t=  17.6s] greedy ep 13 games=  96 dec= 19259 rows= 18477 horizon=0.39 L=0.21589 L/var=1.55 tgt=-0.042/0.373 pstd=0.084 aux=0.5070/0.792 gen=0.1s train=0.9s
[t=  18.7s] greedy ep 14 games=  96 dec= 18669 rows= 17882 horizon=0.30 L=0.20475 L/var=1.33 tgt=-0.086/0.392 pstd=0.114 aux=0.4845/0.803 gen=0.1s train=0.9s
[t=  19.8s] greedy ep 15 games=  96 dec= 18379 rows= 17558 horizon=0.27 L=0.20648 L/var=1.29 tgt=-0.082/0.400 pstd=0.143 aux=0.4852/0.803 gen=0.1s train=0.9s
[t=  20.9s] greedy ep 16 games=  96 dec= 17832 rows= 17106 horizon=0.24 L=0.20657 L/var=1.18 tgt=-0.081/0.418 pstd=0.119 aux=0.4976/0.795 gen=0.1s train=0.9s
[t=  22.0s] greedy ep 17 games=  96 dec= 19410 rows= 18581 horizon=0.32 L=0.19671 L/var=1.14 tgt=-0.081/0.416 pstd=0.108 aux=0.4975/0.796 gen=0.1s train=0.9s
[t=  23.1s] greedy ep 18 games=  96 dec= 18273 rows= 17416 horizon=0.23 L=0.21010 L/var=1.36 tgt=-0.070/0.393 pstd=0.149 aux=0.5078/0.787 gen=0.1s train=0.9s
[t=  24.1s] greedy ep 19 games=  96 dec= 17525 rows= 16824 horizon=0.25 L=0.26346 L/var=1.78 tgt=-0.059/0.385 pstd=0.096 aux=0.5340/0.781 gen=0.1s train=0.8s
[t=  25.2s] greedy ep 20 games=  96 dec= 17691 rows= 16922 horizon=0.22 L=0.23816 L/var=1.50 tgt=-0.087/0.399 pstd=0.077 aux=0.5203/0.789 gen=0.1s train=0.9s
[t=  26.3s] greedy ep 21 games=  96 dec= 19033 rows= 18205 horizon=0.35 L=0.20501 L/var=1.40 tgt=-0.058/0.382 pstd=0.169 aux=0.4895/0.800 gen=0.1s train=0.9s
[t=  27.5s] greedy ep 22 games=  96 dec= 18692 rows= 17986 horizon=0.33 L=0.25012 L/var=1.49 tgt=-0.077/0.410 pstd=0.079 aux=0.5028/0.796 gen=0.1s train=0.9s
[t=  28.6s] greedy ep 23 games=  96 dec= 18345 rows= 17557 horizon=0.27 L=0.21146 L/var=1.38 tgt=-0.071/0.392 pstd=0.094 aux=0.4900/0.800 gen=0.1s train=0.9s
[t=  29.6s] greedy ep 24 games=  96 dec= 17545 rows= 16862 horizon=0.24 L=0.19935 L/var=1.30 tgt=-0.075/0.391 pstd=0.159 aux=0.4835/0.802 gen=0.1s train=0.8s
[t=  30.8s] greedy ep 25 games=  96 dec= 18771 rows= 17942 horizon=0.35 L=0.20515 L/var=1.29 tgt=-0.039/0.399 pstd=0.113 aux=0.4781/0.802 gen=0.1s train=0.9s
[t=  31.8s] greedy ep 26 games=  96 dec= 18524 rows= 17729 horizon=0.31 L=0.21196 L/var=1.32 tgt=-0.078/0.401 pstd=0.096 aux=0.4956/0.790 gen=0.1s train=0.9s
[t=  32.9s] greedy ep 27 games=  96 dec= 18467 rows= 17765 horizon=0.29 L=0.22756 L/var=1.30 tgt=-0.075/0.418 pstd=0.096 aux=0.5089/0.788 gen=0.1s train=0.9s
[t=  34.0s] greedy ep 28 games=  96 dec= 18349 rows= 17482 horizon=0.28 L=0.21051 L/var=1.36 tgt=-0.078/0.393 pstd=0.108 aux=0.4926/0.795 gen=0.1s train=0.9s
[t=  35.1s] greedy ep 29 games=  96 dec= 17979 rows= 17287 horizon=0.27 L=0.19758 L/var=1.35 tgt=-0.080/0.383 pstd=0.129 aux=0.4857/0.797 gen=0.1s train=0.9s
[t=  36.2s] greedy ep 30 games=  96 dec= 19069 rows= 18180 horizon=0.31 L=0.19819 L/var=1.21 tgt=-0.067/0.404 pstd=0.145 aux=0.4788/0.800 gen=0.1s train=0.9s
[t=  37.3s] greedy ep 31 games=  96 dec= 18861 rows= 18112 horizon=0.34 L=0.19288 L/var=1.07 tgt=-0.102/0.425 pstd=0.188 aux=0.4772/0.799 gen=0.1s train=0.9s
[t=  38.5s] greedy ep 32 games=  96 dec= 19129 rows= 18332 horizon=0.34 L=0.22865 L/var=1.47 tgt=-0.086/0.394 pstd=0.114 aux=0.4970/0.788 gen=0.1s train=0.9s
[t=  39.6s] greedy ep 33 games=  96 dec= 18913 rows= 17958 horizon=0.27 L=0.19789 L/var=1.25 tgt=-0.095/0.398 pstd=0.200 aux=0.4761/0.801 gen=0.1s train=0.9s
[t=  40.7s] greedy ep 34 games=  96 dec= 17630 rows= 16913 horizon=0.21 L=0.39574 L/var=2.31 tgt=-0.083/0.414 pstd=0.075 aux=0.5878/0.736 gen=0.1s train=0.9s
[t=  41.7s] greedy ep 35 games=  96 dec= 18569 rows= 17779 horizon=0.31 L=0.23913 L/var=1.44 tgt=-0.066/0.408 pstd=0.079 aux=0.5336/0.784 gen=0.1s train=0.9s
[t=  42.9s] greedy ep 36 games=  96 dec= 18706 rows= 17959 horizon=0.30 L=0.21047 L/var=1.26 tgt=-0.095/0.408 pstd=0.116 aux=0.4920/0.800 gen=0.1s train=0.9s
[t=  44.1s] greedy ep 37 games=  96 dec= 19117 rows= 18316 horizon=0.33 L=0.20284 L/var=1.33 tgt=-0.068/0.390 pstd=0.140 aux=0.4839/0.800 gen=0.1s train=1.0s
[t=  45.2s] greedy ep 38 games=  96 dec= 18646 rows= 17879 horizon=0.28 L=0.20639 L/var=1.25 tgt=-0.077/0.406 pstd=0.141 aux=0.4749/0.804 gen=0.1s train=0.9s
[t=  46.5s] greedy ep 39 games=  96 dec= 18107 rows= 17347 horizon=0.28 L=0.20366 L/var=1.16 tgt=-0.068/0.419 pstd=0.128 aux=0.4721/0.804 gen=0.1s train=1.0s
[t=  47.6s] greedy ep 40 games=  96 dec= 18950 rows= 18159 horizon=0.33 L=0.20097 L/var=1.41 tgt=-0.068/0.378 pstd=0.134 aux=0.4761/0.801 gen=0.1s train=0.9s
[t=  48.8s] greedy ep 41 games=  96 dec= 18590 rows= 17770 horizon=0.28 L=0.19991 L/var=1.34 tgt=-0.059/0.387 pstd=0.145 aux=0.4807/0.799 gen=0.1s train=0.9s
[t=  49.9s] greedy ep 42 games=  96 dec= 18858 rows= 17987 horizon=0.28 L=0.19735 L/var=1.26 tgt=-0.082/0.395 pstd=0.141 aux=0.4770/0.801 gen=0.1s train=1.0s
[t=  51.0s] greedy ep 43 games=  96 dec= 17876 rows= 17106 horizon=0.27 L=0.19277 L/var=1.05 tgt=-0.093/0.428 pstd=0.159 aux=0.4743/0.802 gen=0.1s train=0.9s
[t=  52.2s] greedy ep 44 games=  96 dec= 18395 rows= 17544 horizon=0.26 L=0.19098 L/var=1.13 tgt=-0.059/0.411 pstd=0.162 aux=0.4847/0.798 gen=0.1s train=0.9s
[t=  53.3s] greedy ep 45 games=  96 dec= 18304 rows= 17541 horizon=0.27 L=0.18370 L/var=1.15 tgt=-0.086/0.400 pstd=0.223 aux=0.4793/0.801 gen=0.1s train=0.9s
[t=  54.5s] greedy ep 46 games=  96 dec= 18963 rows= 18276 horizon=0.36 L=0.22595 L/var=1.41 tgt=-0.057/0.400 pstd=0.098 aux=0.5049/0.793 gen=0.1s train=0.9s
[t=  55.5s] greedy ep 47 games=  96 dec= 17323 rows= 16593 horizon=0.24 L=0.20826 L/var=1.22 tgt=-0.099/0.413 pstd=0.131 aux=0.5021/0.797 gen=0.1s train=0.8s
[t=  56.8s] greedy ep 48 games=  96 dec= 19310 rows= 18515 horizon=0.32 L=0.20281 L/var=1.26 tgt=-0.070/0.402 pstd=0.159 aux=0.4851/0.801 gen=0.1s train=1.0s
[t=  57.9s] greedy ep 49 games=  96 dec= 18285 rows= 17559 horizon=0.26 L=0.28292 L/var=1.94 tgt=-0.076/0.382 pstd=0.084 aux=0.5036/0.787 gen=0.1s train=0.9s
[t=  59.0s] greedy ep 50 games=  96 dec= 18926 rows= 18168 horizon=0.30 L=0.20874 L/var=1.21 tgt=-0.079/0.416 pstd=0.164 aux=0.4905/0.797 gen=0.1s train=0.9s
[t=  60.1s] greedy ep 51 games=  96 dec= 18443 rows= 17663 horizon=0.29 L=0.18996 L/var=1.26 tgt=-0.068/0.388 pstd=0.114 aux=0.4909/0.796 gen=0.1s train=0.9s
[t=  61.4s] greedy ep 52 games=  96 dec= 18192 rows= 17487 horizon=0.27 L=0.15288 L/var=0.98 tgt=-0.086/0.395 pstd=0.109 aux=0.4950/0.793 gen=0.1s train=1.0s
[t=  62.6s] greedy ep 53 games=  96 dec= 18972 rows= 18164 horizon=0.32 L=0.14730 L/var=0.89 tgt=-0.068/0.407 pstd=0.191 aux=0.4863/0.798 gen=0.1s train=1.0s
[t=  63.7s] greedy ep 54 games=  96 dec= 18781 rows= 18082 horizon=0.35 L=0.07465 L/var=0.45 tgt=-0.067/0.406 pstd=0.348 aux=0.4797/0.804 gen=0.1s train=1.0s
[t=  64.9s] greedy ep 55 games=  96 dec= 18170 rows= 17299 horizon=0.23 L=0.05774 L/var=0.39 tgt=-0.070/0.385 pstd=0.340 aux=0.4788/0.804 gen=0.1s train=0.9s
[t=  66.1s] greedy ep 56 games=  96 dec= 18827 rows= 18033 horizon=0.31 L=0.03225 L/var=0.21 tgt=-0.056/0.392 pstd=0.366 aux=0.4847/0.801 gen=0.1s train=1.0s
[t=  67.2s] greedy ep 57 games=  96 dec= 18588 rows= 17840 horizon=0.33 L=0.02090 L/var=0.14 tgt=-0.078/0.393 pstd=0.356 aux=0.4756/0.805 gen=0.1s train=0.9s
[t=  68.3s] greedy ep 58 games=  96 dec= 18407 rows= 17575 horizon=0.28 L=0.02021 L/var=0.13 tgt=-0.055/0.393 pstd=0.356 aux=0.4747/0.805 gen=0.1s train=0.9s
[t=  69.4s] greedy ep 59 games=  96 dec= 18148 rows= 17468 horizon=0.25 L=0.01723 L/var=0.11 tgt=-0.079/0.397 pstd=0.351 aux=0.4785/0.802 gen=0.1s train=0.9s
[t=  70.6s] greedy ep 60 games=  96 dec= 19240 rows= 18506 horizon=0.39 L=0.01423 L/var=0.09 tgt=-0.058/0.394 pstd=0.371 aux=0.4736/0.803 gen=0.1s train=1.0s
[t=  71.7s] greedy ep 61 games=  96 dec= 17480 rows= 16650 horizon=0.21 L=0.01159 L/var=0.07 tgt=-0.082/0.415 pstd=0.367 aux=0.4734/0.805 gen=0.1s train=0.9s
[t=  72.8s] greedy ep 62 games=  96 dec= 17696 rows= 16904 horizon=0.23 L=0.01363 L/var=0.09 tgt=-0.078/0.393 pstd=0.378 aux=0.4722/0.805 gen=0.1s train=0.9s
[t=  74.0s] greedy ep 63 games=  96 dec= 18115 rows= 17315 horizon=0.25 L=0.01188 L/var=0.07 tgt=-0.074/0.425 pstd=0.377 aux=0.4668/0.807 gen=0.1s train=0.9s
[t=  75.1s] greedy ep 64 games=  96 dec= 17961 rows= 17228 horizon=0.30 L=0.00881 L/var=0.05 tgt=-0.081/0.430 pstd=0.380 aux=0.4698/0.807 gen=0.1s train=0.9s
[t=  76.3s] greedy ep 65 games=  96 dec= 19091 rows= 18359 horizon=0.33 L=0.00923 L/var=0.06 tgt=-0.054/0.380 pstd=0.366 aux=0.4718/0.804 gen=0.1s train=1.0s
[t=  77.5s] greedy ep 66 games=  96 dec= 18892 rows= 18141 horizon=0.34 L=0.00688 L/var=0.04 tgt=-0.083/0.425 pstd=0.381 aux=0.4686/0.805 gen=0.1s train=1.0s
[t=  78.6s] greedy ep 67 games=  96 dec= 18700 rows= 17909 horizon=0.33 L=0.00899 L/var=0.06 tgt=-0.068/0.402 pstd=0.357 aux=0.4708/0.804 gen=0.1s train=0.9s
[t=  79.8s] greedy ep 68 games=  96 dec= 17768 rows= 16989 horizon=0.26 L=0.00720 L/var=0.05 tgt=-0.080/0.398 pstd=0.388 aux=0.4714/0.803 gen=0.1s train=0.9s
[t=  80.9s] greedy ep 69 games=  96 dec= 18920 rows= 18066 horizon=0.31 L=0.00592 L/var=0.04 tgt=-0.081/0.373 pstd=0.378 aux=0.4679/0.804 gen=0.1s train=1.0s
[t=  82.1s] greedy ep 70 games=  96 dec= 18272 rows= 17482 horizon=0.23 L=0.00615 L/var=0.04 tgt=-0.079/0.393 pstd=0.380 aux=0.4693/0.804 gen=0.1s train=0.9s
[t=  83.2s] greedy ep 71 games=  96 dec= 19474 rows= 18684 horizon=0.42 L=0.00680 L/var=0.05 tgt=-0.081/0.388 pstd=0.370 aux=0.4662/0.804 gen=0.1s train=0.9s
[t=  84.4s] greedy ep 72 games=  96 dec= 18516 rows= 17831 horizon=0.32 L=0.00541 L/var=0.04 tgt=-0.063/0.392 pstd=0.384 aux=0.4663/0.804 gen=0.1s train=0.9s
[t=  85.5s] greedy ep 73 games=  96 dec= 18517 rows= 17766 horizon=0.31 L=0.00502 L/var=0.03 tgt=-0.085/0.409 pstd=0.377 aux=0.4655/0.804 gen=0.1s train=0.9s
[t=  86.7s] greedy ep 74 games=  96 dec= 18370 rows= 17557 horizon=0.25 L=0.00394 L/var=0.03 tgt=-0.051/0.375 pstd=0.382 aux=0.4661/0.804 gen=0.1s train=0.9s
[t=  87.8s] greedy ep 75 games=  96 dec= 18616 rows= 17846 horizon=0.31 L=0.00410 L/var=0.03 tgt=-0.054/0.385 pstd=0.383 aux=0.4699/0.803 gen=0.1s train=0.9s
[t=  88.9s] greedy ep 76 games=  96 dec= 18935 rows= 18095 horizon=0.31 L=0.00597 L/var=0.04 tgt=-0.087/0.404 pstd=0.375 aux=0.4679/0.803 gen=0.1s train=0.9s
[t=  90.1s] greedy ep 77 games=  96 dec= 18457 rows= 17724 horizon=0.29 L=0.00558 L/var=0.04 tgt=-0.071/0.393 pstd=0.377 aux=0.4649/0.804 gen=0.1s train=0.9s
[t=  91.2s] greedy ep 78 games=  96 dec= 17709 rows= 17003 horizon=0.25 L=0.00364 L/var=0.02 tgt=-0.063/0.403 pstd=0.386 aux=0.4683/0.803 gen=0.1s train=0.9s
[t=  92.3s] greedy ep 79 games=  96 dec= 18236 rows= 17407 horizon=0.22 L=0.00354 L/var=0.02 tgt=-0.070/0.392 pstd=0.387 aux=0.4625/0.805 gen=0.1s train=0.9s
[t=  93.5s] greedy ep 80 games=  96 dec= 18576 rows= 17800 horizon=0.31 L=0.00300 L/var=0.02 tgt=-0.085/0.414 pstd=0.390 aux=0.4654/0.803 gen=0.1s train=0.9s
[t=  94.6s] greedy ep 81 games=  96 dec= 17602 rows= 16911 horizon=0.23 L=0.00362 L/var=0.02 tgt=-0.088/0.416 pstd=0.382 aux=0.4662/0.803 gen=0.1s train=0.9s
[t=  95.7s] greedy ep 82 games=  96 dec= 18011 rows= 17307 horizon=0.28 L=0.00547 L/var=0.03 tgt=-0.110/0.422 pstd=0.377 aux=0.4693/0.801 gen=0.1s train=0.9s
[t=  96.9s] greedy ep 83 games=  96 dec= 19229 rows= 18365 horizon=0.28 L=0.00404 L/var=0.03 tgt=-0.096/0.384 pstd=0.394 aux=0.4647/0.804 gen=0.1s train=1.0s
[t=  98.0s] greedy ep 84 games=  96 dec= 17370 rows= 16534 horizon=0.22 L=0.00309 L/var=0.02 tgt=-0.078/0.400 pstd=0.383 aux=0.4658/0.804 gen=0.1s train=0.9s
[t=  99.1s] greedy ep 85 games=  96 dec= 18514 rows= 17718 horizon=0.31 L=0.00258 L/var=0.02 tgt=-0.067/0.409 pstd=0.386 aux=0.4685/0.802 gen=0.1s train=0.9s
[t= 100.3s] greedy ep 86 games=  96 dec= 18400 rows= 17629 horizon=0.30 L=0.00370 L/var=0.02 tgt=-0.054/0.416 pstd=0.380 aux=0.4695/0.801 gen=0.1s train=1.0s
[t= 101.6s] greedy ep 87 games=  96 dec= 18328 rows= 17540 horizon=0.28 L=0.00338 L/var=0.02 tgt=-0.057/0.416 pstd=0.382 aux=0.4647/0.803 gen=0.1s train=1.0s
[t= 103.0s] greedy ep 88 games=  96 dec= 18836 rows= 18104 horizon=0.34 L=0.00307 L/var=0.02 tgt=-0.069/0.451 pstd=0.384 aux=0.4603/0.805 gen=0.1s train=1.1s
[t= 104.2s] greedy ep 89 games=  96 dec= 18112 rows= 17376 horizon=0.29 L=0.00286 L/var=0.02 tgt=-0.099/0.422 pstd=0.391 aux=0.4617/0.804 gen=0.1s train=1.0s
[t= 105.5s] greedy ep 90 games=  96 dec= 18009 rows= 17292 horizon=0.29 L=0.00248 L/var=0.02 tgt=-0.067/0.396 pstd=0.386 aux=0.4661/0.801 gen=0.1s train=1.0s
[t= 106.9s] greedy ep 91 games=  96 dec= 19007 rows= 18272 horizon=0.31 L=0.00259 L/var=0.02 tgt=-0.071/0.393 pstd=0.380 aux=0.4622/0.804 gen=0.1s train=1.1s
[t= 108.2s] greedy ep 92 games=  96 dec= 18386 rows= 17545 horizon=0.28 L=0.00371 L/var=0.02 tgt=-0.079/0.427 pstd=0.396 aux=0.4623/0.805 gen=0.1s train=1.0s
[t= 109.5s] greedy ep 93 games=  96 dec= 17611 rows= 16917 horizon=0.24 L=0.00282 L/var=0.02 tgt=-0.089/0.416 pstd=0.387 aux=0.4610/0.805 gen=0.1s train=1.0s
[t= 110.8s] greedy ep 94 games=  96 dec= 18028 rows= 17248 horizon=0.23 L=0.00250 L/var=0.02 tgt=-0.088/0.397 pstd=0.390 aux=0.4622/0.804 gen=0.1s train=1.0s
[t= 112.1s] greedy ep 95 games=  96 dec= 18694 rows= 17878 horizon=0.30 L=0.00222 L/var=0.01 tgt=-0.061/0.389 pstd=0.387 aux=0.4571/0.807 gen=0.1s train=1.0s
[t= 113.5s] greedy ep 96 games=  96 dec= 18817 rows= 18070 horizon=0.31 L=0.00238 L/var=0.01 tgt=-0.091/0.405 pstd=0.392 aux=0.4612/0.804 gen=0.1s train=1.1s
[t= 114.8s] greedy ep 97 games=  96 dec= 17744 rows= 16965 horizon=0.22 L=0.00260 L/var=0.02 tgt=-0.087/0.408 pstd=0.389 aux=0.4595/0.805 gen=0.1s train=1.0s
[t= 116.1s] greedy ep 98 games=  96 dec= 18854 rows= 18081 horizon=0.32 L=0.00256 L/var=0.02 tgt=-0.075/0.405 pstd=0.395 aux=0.4617/0.804 gen=0.1s train=1.1s
[t= 117.4s] greedy ep 99 games=  96 dec= 18115 rows= 17468 horizon=0.29 L=0.00238 L/var=0.01 tgt=-0.088/0.402 pstd=0.392 aux=0.4589/0.805 gen=0.1s train=1.0s
[t= 118.7s] greedy ep100 games=  96 dec= 17901 rows= 17067 horizon=0.24 L=0.00453 L/var=0.03 tgt=-0.064/0.404 pstd=0.374 aux=0.4620/0.805 gen=0.1s train=1.0s
[t= 120.0s] greedy ep101 games=  96 dec= 17329 rows= 16564 horizon=0.18 L=0.00251 L/var=0.01 tgt=-0.094/0.419 pstd=0.392 aux=0.4624/0.803 gen=0.1s train=1.0s
[t= 121.3s] greedy ep102 games=  96 dec= 19175 rows= 18365 horizon=0.30 L=0.00188 L/var=0.01 tgt=-0.085/0.413 pstd=0.397 aux=0.4667/0.801 gen=0.1s train=1.1s
[t= 122.7s] greedy ep103 games=  96 dec= 19349 rows= 18446 horizon=0.34 L=0.00211 L/var=0.01 tgt=-0.090/0.408 pstd=0.391 aux=0.4632/0.803 gen=0.1s train=1.1s
[t= 124.0s] greedy ep104 games=  96 dec= 18780 rows= 17994 horizon=0.29 L=0.00165 L/var=0.01 tgt=-0.043/0.400 pstd=0.390 aux=0.4635/0.803 gen=0.1s train=1.1s
[t= 125.3s] greedy ep105 games=  96 dec= 18193 rows= 17415 horizon=0.31 L=0.00253 L/var=0.02 tgt=-0.064/0.394 pstd=0.380 aux=0.4587/0.805 gen=0.1s train=1.0s
[t= 126.6s] greedy ep106 games=  96 dec= 18319 rows= 17592 horizon=0.30 L=0.00251 L/var=0.01 tgt=-0.074/0.433 pstd=0.394 aux=0.4600/0.805 gen=0.1s train=1.0s
[t= 127.9s] greedy ep107 games=  96 dec= 18453 rows= 17669 horizon=0.27 L=0.00394 L/var=0.02 tgt=-0.065/0.402 pstd=0.397 aux=0.4574/0.805 gen=0.1s train=1.0s
[t= 129.3s] greedy ep108 games=  96 dec= 19645 rows= 18855 horizon=0.39 L=0.00244 L/var=0.01 tgt=-0.073/0.414 pstd=0.394 aux=0.4596/0.805 gen=0.1s train=1.1s
[t= 130.6s] greedy ep109 games=  96 dec= 18220 rows= 17470 horizon=0.26 L=0.00153 L/var=0.01 tgt=-0.051/0.395 pstd=0.395 aux=0.4611/0.804 gen=0.1s train=1.0s
[t= 132.0s] greedy ep110 games=  96 dec= 19366 rows= 18466 horizon=0.34 L=0.00165 L/var=0.01 tgt=-0.074/0.395 pstd=0.393 aux=0.4659/0.802 gen=0.1s train=1.1s
[t= 133.0s] greedy ep111 games=  96 dec= 17474 rows= 16655 horizon=0.23 L=0.00137 L/var=0.01 tgt=-0.093/0.413 pstd=0.392 aux=0.4638/0.802 gen=0.1s train=0.8s
[t= 134.1s] greedy ep112 games=  96 dec= 18454 rows= 17765 horizon=0.29 L=0.00299 L/var=0.02 tgt=-0.070/0.392 pstd=0.377 aux=0.4616/0.804 gen=0.1s train=0.8s
[t= 135.2s] greedy ep113 games=  96 dec= 18390 rows= 17620 horizon=0.32 L=0.00452 L/var=0.03 tgt=-0.084/0.412 pstd=0.380 aux=0.4613/0.804 gen=0.1s train=0.9s
[t= 136.3s] greedy ep114 games=  96 dec= 18074 rows= 17390 horizon=0.25 L=0.00216 L/var=0.01 tgt=-0.077/0.413 pstd=0.389 aux=0.4625/0.803 gen=0.1s train=0.9s
[t= 137.4s] greedy ep115 games=  96 dec= 18082 rows= 17334 horizon=0.27 L=0.00160 L/var=0.01 tgt=-0.064/0.378 pstd=0.392 aux=0.4602/0.804 gen=0.1s train=0.9s
[t= 138.5s] greedy ep116 games=  96 dec= 18772 rows= 18031 horizon=0.34 L=0.00141 L/var=0.01 tgt=-0.053/0.378 pstd=0.391 aux=0.4575/0.805 gen=0.1s train=0.9s
[t= 139.7s] greedy ep117 games=  96 dec= 18903 rows= 18078 horizon=0.28 L=0.00145 L/var=0.01 tgt=-0.055/0.409 pstd=0.398 aux=0.4626/0.802 gen=0.1s train=0.9s
[t= 140.8s] greedy ep118 games=  96 dec= 18299 rows= 17525 horizon=0.24 L=0.00145 L/var=0.01 tgt=-0.101/0.393 pstd=0.393 aux=0.4586/0.804 gen=0.1s train=0.9s
[t= 141.9s] greedy ep119 games=  96 dec= 18037 rows= 17324 horizon=0.27 L=0.00181 L/var=0.01 tgt=-0.113/0.423 pstd=0.384 aux=0.4573/0.805 gen=0.1s train=0.9s
[t= 143.0s] greedy ep120 games=  96 dec= 18139 rows= 17418 horizon=0.25 L=0.00270 L/var=0.02 tgt=-0.078/0.408 pstd=0.377 aux=0.4600/0.803 gen=0.1s train=0.9s
[t= 144.2s] greedy ep121 games=  96 dec= 19044 rows= 18264 horizon=0.32 L=0.00153 L/var=0.01 tgt=-0.083/0.400 pstd=0.387 aux=0.4611/0.802 gen=0.1s train=0.9s
[t= 145.3s] greedy ep122 games=  96 dec= 17722 rows= 16951 horizon=0.26 L=0.00119 L/var=0.01 tgt=-0.079/0.397 pstd=0.389 aux=0.4626/0.803 gen=0.1s train=0.8s
[t= 146.4s] greedy ep123 games=  96 dec= 17658 rows= 16990 horizon=0.23 L=0.00128 L/var=0.01 tgt=-0.073/0.403 pstd=0.391 aux=0.4574/0.805 gen=0.1s train=0.9s
[t= 147.5s] greedy ep124 games=  96 dec= 19187 rows= 18459 horizon=0.35 L=0.00131 L/var=0.01 tgt=-0.053/0.403 pstd=0.392 aux=0.4600/0.803 gen=0.1s train=0.9s
[t= 148.7s] greedy ep125 games=  96 dec= 19478 rows= 18670 horizon=0.38 L=0.00265 L/var=0.02 tgt=-0.061/0.383 pstd=0.377 aux=0.4594/0.804 gen=0.1s train=0.9s
[t= 149.8s] greedy ep126 games=  96 dec= 18706 rows= 18051 horizon=0.31 L=0.00500 L/var=0.03 tgt=-0.057/0.386 pstd=0.384 aux=0.4565/0.806 gen=0.1s train=0.9s
[t= 150.9s] greedy ep127 games=  96 dec= 17748 rows= 16959 horizon=0.21 L=0.00227 L/var=0.01 tgt=-0.058/0.397 pstd=0.384 aux=0.4624/0.803 gen=0.1s train=0.9s
[t= 152.1s] greedy ep128 games=  96 dec= 18849 rows= 18000 horizon=0.25 L=0.00130 L/var=0.01 tgt=-0.092/0.412 pstd=0.392 aux=0.4576/0.804 gen=0.1s train=0.9s
[t= 153.2s] greedy ep129 games=  96 dec= 19027 rows= 18186 horizon=0.33 L=0.00121 L/var=0.01 tgt=-0.073/0.401 pstd=0.393 aux=0.4614/0.803 gen=0.1s train=0.9s
[t= 154.4s] greedy ep130 games=  96 dec= 18257 rows= 17535 horizon=0.29 L=0.00163 L/var=0.01 tgt=-0.063/0.385 pstd=0.387 aux=0.4569/0.806 gen=0.1s train=0.9s
[t= 155.5s] greedy ep131 games=  96 dec= 18325 rows= 17546 horizon=0.30 L=0.00122 L/var=0.01 tgt=-0.071/0.397 pstd=0.395 aux=0.4552/0.806 gen=0.1s train=0.9s
[t= 156.5s] greedy ep132 games=  96 dec= 17681 rows= 16849 horizon=0.23 L=0.00108 L/var=0.01 tgt=-0.080/0.417 pstd=0.390 aux=0.4561/0.806 gen=0.1s train=0.8s
[t= 157.7s] greedy ep133 games=  96 dec= 19329 rows= 18584 horizon=0.39 L=0.00140 L/var=0.01 tgt=-0.086/0.389 pstd=0.386 aux=0.4562/0.806 gen=0.1s train=0.9s
[t= 158.8s] greedy ep134 games=  96 dec= 18581 rows= 17770 horizon=0.26 L=0.00146 L/var=0.01 tgt=-0.083/0.394 pstd=0.389 aux=0.4591/0.804 gen=0.1s train=0.9s
[t= 159.9s] greedy ep135 games=  96 dec= 17697 rows= 16960 horizon=0.21 L=0.00121 L/var=0.01 tgt=-0.098/0.429 pstd=0.389 aux=0.4604/0.804 gen=0.1s train=0.9s
[t= 161.1s] greedy ep136 games=  96 dec= 18737 rows= 17959 horizon=0.27 L=0.00096 L/var=0.01 tgt=-0.075/0.405 pstd=0.388 aux=0.4571/0.805 gen=0.1s train=0.9s
[t= 162.2s] greedy ep137 games=  96 dec= 18130 rows= 17349 horizon=0.26 L=0.00108 L/var=0.01 tgt=-0.093/0.412 pstd=0.394 aux=0.4578/0.805 gen=0.1s train=0.9s
[t= 163.3s] greedy ep138 games=  96 dec= 17758 rows= 17071 horizon=0.23 L=0.00153 L/var=0.01 tgt=-0.087/0.413 pstd=0.389 aux=0.4578/0.805 gen=0.1s train=0.9s
[t= 164.4s] greedy ep139 games=  96 dec= 18995 rows= 18206 horizon=0.36 L=0.00099 L/var=0.01 tgt=-0.088/0.398 pstd=0.395 aux=0.4563/0.805 gen=0.1s train=0.9s
[t= 165.6s] greedy ep140 games=  96 dec= 18262 rows= 17544 horizon=0.30 L=0.00116 L/var=0.01 tgt=-0.089/0.395 pstd=0.396 aux=0.4558/0.805 gen=0.1s train=0.9s
[t= 166.7s] greedy ep141 games=  96 dec= 18842 rows= 18025 horizon=0.29 L=0.00149 L/var=0.01 tgt=-0.054/0.383 pstd=0.388 aux=0.4543/0.806 gen=0.1s train=0.9s
[t= 167.8s] greedy ep142 games=  96 dec= 18683 rows= 17902 horizon=0.27 L=0.00118 L/var=0.01 tgt=-0.071/0.395 pstd=0.389 aux=0.4613/0.804 gen=0.1s train=0.9s
[t= 168.9s] greedy ep143 games=  96 dec= 18305 rows= 17550 horizon=0.29 L=0.00133 L/var=0.01 tgt=-0.040/0.379 pstd=0.386 aux=0.4613/0.803 gen=0.1s train=0.9s
[t= 170.0s] greedy ep144 games=  96 dec= 18099 rows= 17296 horizon=0.22 L=0.00144 L/var=0.01 tgt=-0.065/0.408 pstd=0.393 aux=0.4588/0.805 gen=0.1s train=0.9s
[t= 171.1s] greedy ep145 games=  96 dec= 18425 rows= 17718 horizon=0.29 L=0.00135 L/var=0.01 tgt=-0.061/0.367 pstd=0.391 aux=0.4579/0.804 gen=0.1s train=0.9s
[t= 172.2s] greedy ep146 games=  96 dec= 17807 rows= 17049 horizon=0.26 L=0.00109 L/var=0.01 tgt=-0.075/0.398 pstd=0.388 aux=0.4587/0.804 gen=0.1s train=0.9s
[t= 173.4s] greedy ep147 games=  96 dec= 18780 rows= 17959 horizon=0.33 L=0.00125 L/var=0.01 tgt=-0.048/0.388 pstd=0.396 aux=0.4578/0.805 gen=0.1s train=0.9s
[t= 174.5s] greedy ep148 games=  96 dec= 18264 rows= 17519 horizon=0.30 L=0.00142 L/var=0.01 tgt=-0.073/0.411 pstd=0.385 aux=0.4589/0.804 gen=0.1s train=0.8s
[t= 175.6s] greedy ep149 games=  96 dec= 18573 rows= 17775 horizon=0.31 L=0.00151 L/var=0.01 tgt=-0.057/0.404 pstd=0.387 aux=0.4574/0.805 gen=0.1s train=0.9s
[t= 176.8s] greedy ep150 games=  96 dec= 18706 rows= 17863 horizon=0.28 L=0.00102 L/var=0.01 tgt=-0.076/0.408 pstd=0.389 aux=0.4591/0.804 gen=0.1s train=1.0s
[t= 178.0s] greedy ep151 games=  96 dec= 18756 rows= 17995 horizon=0.36 L=0.00095 L/var=0.01 tgt=-0.080/0.400 pstd=0.390 aux=0.4592/0.804 gen=0.1s train=0.9s
[t= 179.1s] greedy ep152 games=  96 dec= 19514 rows= 18734 horizon=0.36 L=0.00169 L/var=0.01 tgt=-0.071/0.393 pstd=0.384 aux=0.4585/0.803 gen=0.1s train=0.9s
[t= 180.2s] greedy ep153 games=  96 dec= 18649 rows= 17892 horizon=0.33 L=0.00118 L/var=0.01 tgt=-0.084/0.403 pstd=0.393 aux=0.4578/0.805 gen=0.1s train=0.8s
[t= 181.3s] greedy ep154 games=  96 dec= 19354 rows= 18483 horizon=0.32 L=0.00124 L/var=0.01 tgt=-0.081/0.402 pstd=0.388 aux=0.4538/0.806 gen=0.1s train=0.9s
[t= 182.3s] greedy ep155 games=  96 dec= 17944 rows= 17191 horizon=0.25 L=0.00134 L/var=0.01 tgt=-0.059/0.382 pstd=0.393 aux=0.4561/0.806 gen=0.1s train=0.8s
[t= 183.4s] greedy ep156 games=  96 dec= 17976 rows= 17152 horizon=0.21 L=0.00297 L/var=0.02 tgt=-0.061/0.405 pstd=0.372 aux=0.4596/0.803 gen=0.1s train=0.9s
[t= 184.5s] greedy ep157 games=  96 dec= 17368 rows= 16647 horizon=0.20 L=0.00290 L/var=0.02 tgt=-0.100/0.424 pstd=0.393 aux=0.4554/0.806 gen=0.1s train=0.8s
[t= 185.6s] greedy ep158 games=  96 dec= 19134 rows= 18369 horizon=0.33 L=0.00117 L/var=0.01 tgt=-0.067/0.401 pstd=0.390 aux=0.4541/0.807 gen=0.1s train=0.9s
[t= 186.7s] greedy ep159 games=  96 dec= 18687 rows= 17865 horizon=0.25 L=0.00106 L/var=0.01 tgt=-0.058/0.404 pstd=0.396 aux=0.4518/0.807 gen=0.1s train=0.9s
[t= 187.9s] greedy ep160 games=  96 dec= 19087 rows= 18332 horizon=0.33 L=0.00076 L/var=0.00 tgt=-0.043/0.409 pstd=0.389 aux=0.4554/0.806 gen=0.1s train=0.9s
[t= 189.0s] greedy ep161 games=  96 dec= 18271 rows= 17508 horizon=0.26 L=0.00079 L/var=0.00 tgt=-0.092/0.408 pstd=0.394 aux=0.4539/0.806 gen=0.1s train=0.9s
[t= 190.1s] greedy ep162 games=  96 dec= 18957 rows= 18136 horizon=0.35 L=0.00104 L/var=0.01 tgt=-0.067/0.398 pstd=0.390 aux=0.4550/0.806 gen=0.1s train=0.9s
[t= 191.2s] greedy ep163 games=  96 dec= 19329 rows= 18496 horizon=0.39 L=0.00102 L/var=0.01 tgt=-0.059/0.385 pstd=0.393 aux=0.4512/0.808 gen=0.1s train=0.9s
[t= 192.3s] greedy ep164 games=  96 dec= 18683 rows= 17902 horizon=0.33 L=0.00171 L/var=0.01 tgt=-0.062/0.401 pstd=0.398 aux=0.4536/0.807 gen=0.1s train=0.8s
[t= 193.4s] greedy ep165 games=  96 dec= 18194 rows= 17393 horizon=0.25 L=0.00260 L/var=0.02 tgt=-0.080/0.404 pstd=0.372 aux=0.4528/0.808 gen=0.1s train=0.9s
[t= 194.5s] greedy ep166 games=  96 dec= 18226 rows= 17440 horizon=0.25 L=0.00125 L/var=0.01 tgt=-0.069/0.385 pstd=0.401 aux=0.4507/0.808 gen=0.1s train=0.9s
[t= 195.6s] greedy ep167 games=  96 dec= 18250 rows= 17416 horizon=0.23 L=0.00096 L/var=0.01 tgt=-0.080/0.419 pstd=0.389 aux=0.4519/0.807 gen=0.1s train=0.9s
[t= 196.7s] greedy ep168 games=  96 dec= 17832 rows= 17162 horizon=0.30 L=0.00086 L/var=0.01 tgt=-0.082/0.395 pstd=0.391 aux=0.4534/0.807 gen=0.1s train=0.9s
[t= 197.8s] greedy ep169 games=  96 dec= 18265 rows= 17512 horizon=0.28 L=0.00080 L/var=0.01 tgt=-0.060/0.388 pstd=0.392 aux=0.4554/0.804 gen=0.1s train=0.9s
[t= 198.9s] greedy ep170 games=  96 dec= 18535 rows= 17809 horizon=0.32 L=0.00098 L/var=0.01 tgt=-0.082/0.441 pstd=0.389 aux=0.4579/0.804 gen=0.1s train=0.9s
[t= 200.0s] greedy ep171 games=  96 dec= 18681 rows= 17918 horizon=0.34 L=0.00105 L/var=0.01 tgt=-0.056/0.398 pstd=0.387 aux=0.4593/0.804 gen=0.1s train=0.9s
[t= 201.1s] greedy ep172 games=  96 dec= 19139 rows= 18372 horizon=0.33 L=0.00108 L/var=0.01 tgt=-0.081/0.390 pstd=0.385 aux=0.4539/0.806 gen=0.1s train=0.9s
[t= 202.2s] greedy ep173 games=  96 dec= 18084 rows= 17272 horizon=0.25 L=0.00097 L/var=0.01 tgt=-0.069/0.401 pstd=0.394 aux=0.4568/0.805 gen=0.1s train=0.9s
[t= 203.4s] greedy ep174 games=  96 dec= 18780 rows= 17953 horizon=0.29 L=0.00065 L/var=0.00 tgt=-0.096/0.421 pstd=0.391 aux=0.4540/0.806 gen=0.1s train=0.9s
[t= 204.4s] greedy ep175 games=  96 dec= 18203 rows= 17456 horizon=0.27 L=0.00133 L/var=0.01 tgt=-0.072/0.417 pstd=0.380 aux=0.4559/0.805 gen=0.1s train=0.9s
[t= 205.5s] greedy ep176 games=  96 dec= 18609 rows= 17781 horizon=0.29 L=0.00097 L/var=0.01 tgt=-0.075/0.403 pstd=0.391 aux=0.4520/0.806 gen=0.1s train=0.9s
[t= 206.6s] greedy ep177 games=  96 dec= 17843 rows= 17052 horizon=0.28 L=0.00137 L/var=0.01 tgt=-0.066/0.396 pstd=0.395 aux=0.4550/0.805 gen=0.1s train=0.8s
[t= 207.7s] greedy ep178 games=  96 dec= 18053 rows= 17258 horizon=0.23 L=0.00129 L/var=0.01 tgt=-0.064/0.394 pstd=0.390 aux=0.4535/0.806 gen=0.1s train=0.9s
[t= 208.8s] greedy ep179 games=  96 dec= 17899 rows= 17155 horizon=0.26 L=0.00104 L/var=0.01 tgt=-0.096/0.411 pstd=0.392 aux=0.4591/0.803 gen=0.1s train=0.9s
[t= 209.9s] greedy ep180 games=  96 dec= 18344 rows= 17539 horizon=0.27 L=0.00067 L/var=0.00 tgt=-0.068/0.398 pstd=0.391 aux=0.4611/0.803 gen=0.1s train=0.9s
[t= 211.0s] greedy ep181 games=  96 dec= 19487 rows= 18628 horizon=0.31 L=0.00153 L/var=0.01 tgt=-0.079/0.393 pstd=0.390 aux=0.4517/0.806 gen=0.1s train=0.9s
[t= 212.2s] greedy ep182 games=  96 dec= 19581 rows= 18743 horizon=0.34 L=0.00081 L/var=0.01 tgt=-0.056/0.400 pstd=0.392 aux=0.4573/0.803 gen=0.1s train=0.9s
[t= 213.3s] greedy ep183 games=  96 dec= 18980 rows= 18170 horizon=0.35 L=0.00066 L/var=0.00 tgt=-0.071/0.414 pstd=0.396 aux=0.4581/0.803 gen=0.1s train=0.9s
[t= 214.4s] greedy ep184 games=  96 dec= 17880 rows= 17121 horizon=0.29 L=0.00096 L/var=0.01 tgt=-0.058/0.393 pstd=0.394 aux=0.4571/0.804 gen=0.1s train=0.9s
[t= 215.6s] greedy ep185 games=  96 dec= 18714 rows= 17979 horizon=0.36 L=0.00080 L/var=0.00 tgt=-0.069/0.408 pstd=0.391 aux=0.4497/0.807 gen=0.1s train=0.9s
[t= 216.8s] greedy ep186 games=  96 dec= 18926 rows= 18148 horizon=0.36 L=0.00207 L/var=0.01 tgt=-0.090/0.418 pstd=0.389 aux=0.4620/0.803 gen=0.1s train=1.0s
[t= 218.0s] greedy ep187 games=  96 dec= 19039 rows= 18250 horizon=0.34 L=0.00224 L/var=0.01 tgt=-0.073/0.399 pstd=0.413 aux=0.4539/0.806 gen=0.1s train=0.9s
[t= 219.1s] greedy ep188 games=  96 dec= 18807 rows= 18097 horizon=0.35 L=0.00457 L/var=0.03 tgt=-0.071/0.398 pstd=0.402 aux=0.4559/0.804 gen=0.1s train=0.9s
[t= 220.4s] greedy ep189 games=  96 dec= 18526 rows= 17715 horizon=0.27 L=0.00109 L/var=0.01 tgt=-0.073/0.378 pstd=0.389 aux=0.4511/0.807 gen=0.1s train=0.9s
[t= 221.5s] greedy ep190 games=  96 dec= 19300 rows= 18503 horizon=0.30 L=0.00077 L/var=0.00 tgt=-0.069/0.408 pstd=0.391 aux=0.4509/0.807 gen=0.1s train=0.9s
[t= 222.6s] greedy ep191 games=  96 dec= 18595 rows= 17867 horizon=0.30 L=0.00062 L/var=0.00 tgt=-0.052/0.368 pstd=0.391 aux=0.4465/0.809 gen=0.1s train=0.9s
[t= 223.7s] greedy ep192 games=  96 dec= 17815 rows= 17118 horizon=0.26 L=0.00060 L/var=0.00 tgt=-0.096/0.403 pstd=0.395 aux=0.4524/0.806 gen=0.1s train=0.9s
[t= 224.8s] greedy ep193 games=  96 dec= 18241 rows= 17519 horizon=0.27 L=0.00069 L/var=0.00 tgt=-0.070/0.392 pstd=0.391 aux=0.4577/0.804 gen=0.1s train=0.9s
[t= 225.9s] greedy ep194 games=  96 dec= 18375 rows= 17595 horizon=0.31 L=0.00066 L/var=0.00 tgt=-0.091/0.388 pstd=0.392 aux=0.4554/0.804 gen=0.1s train=0.9s
[t= 227.0s] greedy ep195 games=  96 dec= 18343 rows= 17542 horizon=0.25 L=0.00094 L/var=0.01 tgt=-0.061/0.389 pstd=0.397 aux=0.4525/0.806 gen=0.1s train=0.9s
[t= 228.1s] greedy ep196 games=  96 dec= 18699 rows= 17846 horizon=0.27 L=0.00097 L/var=0.01 tgt=-0.064/0.393 pstd=0.388 aux=0.4537/0.805 gen=0.1s train=0.9s
[t= 229.2s] greedy ep197 games=  96 dec= 18400 rows= 17624 horizon=0.22 L=0.00062 L/var=0.00 tgt=-0.058/0.381 pstd=0.389 aux=0.4532/0.806 gen=0.1s train=0.9s
[t= 230.4s] greedy ep198 games=  96 dec= 18763 rows= 17973 horizon=0.30 L=0.00071 L/var=0.00 tgt=-0.050/0.399 pstd=0.389 aux=0.4538/0.805 gen=0.1s train=0.9s
[t= 231.5s] greedy ep199 games=  96 dec= 17769 rows= 16975 horizon=0.21 L=0.00093 L/var=0.01 tgt=-0.055/0.399 pstd=0.394 aux=0.4553/0.805 gen=0.1s train=0.9s
[t= 232.6s] greedy ep200 games=  96 dec= 18099 rows= 17317 horizon=0.21 L=0.00084 L/var=0.00 tgt=-0.079/0.411 pstd=0.389 aux=0.4509/0.806 gen=0.1s train=0.9s
[t= 233.7s] greedy ep201 games=  96 dec= 19401 rows= 18629 horizon=0.35 L=0.00070 L/var=0.00 tgt=-0.085/0.388 pstd=0.394 aux=0.4547/0.804 gen=0.1s train=0.9s
[t= 234.9s] greedy ep202 games=  96 dec= 19269 rows= 18381 horizon=0.31 L=0.00115 L/var=0.01 tgt=-0.063/0.390 pstd=0.397 aux=0.4526/0.806 gen=0.1s train=0.9s
[t= 236.0s] greedy ep203 games=  96 dec= 18076 rows= 17302 horizon=0.24 L=0.00064 L/var=0.00 tgt=-0.081/0.394 pstd=0.393 aux=0.4508/0.807 gen=0.1s train=0.9s
[t= 237.0s] greedy ep204 games=  96 dec= 18394 rows= 17607 horizon=0.30 L=0.00062 L/var=0.00 tgt=-0.068/0.396 pstd=0.389 aux=0.4533/0.805 gen=0.1s train=0.8s
[t= 238.1s] greedy ep205 games=  96 dec= 18305 rows= 17526 horizon=0.26 L=0.00076 L/var=0.00 tgt=-0.080/0.419 pstd=0.387 aux=0.4549/0.805 gen=0.1s train=0.9s
[t= 239.3s] greedy ep206 games=  96 dec= 18763 rows= 17956 horizon=0.31 L=0.00098 L/var=0.01 tgt=-0.075/0.395 pstd=0.388 aux=0.4548/0.804 gen=0.1s train=0.9s
[t= 240.3s] greedy ep207 games=  96 dec= 16846 rows= 16080 horizon=0.20 L=0.00085 L/var=0.00 tgt=-0.094/0.436 pstd=0.392 aux=0.4560/0.805 gen=0.1s train=0.8s
[t= 241.5s] greedy ep208 games=  96 dec= 19273 rows= 18493 horizon=0.42 L=0.00078 L/var=0.00 tgt=-0.064/0.415 pstd=0.395 aux=0.4549/0.803 gen=0.1s train=0.9s
[t= 242.6s] greedy ep209 games=  96 dec= 18178 rows= 17433 horizon=0.29 L=0.00138 L/var=0.01 tgt=-0.060/0.388 pstd=0.391 aux=0.4559/0.805 gen=0.1s train=0.9s
[t= 243.7s] greedy ep210 games=  96 dec= 18645 rows= 17902 horizon=0.26 L=0.00062 L/var=0.00 tgt=-0.063/0.397 pstd=0.392 aux=0.4602/0.803 gen=0.1s train=0.9s
[t= 244.8s] greedy ep211 games=  96 dec= 18462 rows= 17542 horizon=0.28 L=0.00121 L/var=0.01 tgt=-0.060/0.390 pstd=0.399 aux=0.4568/0.803 gen=0.1s train=0.9s
[t= 245.9s] greedy ep212 games=  96 dec= 18386 rows= 17654 horizon=0.28 L=0.00102 L/var=0.01 tgt=-0.065/0.406 pstd=0.396 aux=0.4624/0.801 gen=0.1s train=0.9s
[t= 247.1s] greedy ep213 games=  96 dec= 18949 rows= 18154 horizon=0.31 L=0.00079 L/var=0.01 tgt=-0.065/0.388 pstd=0.394 aux=0.4572/0.803 gen=0.1s train=0.9s
[t= 248.2s] greedy ep214 games=  96 dec= 18514 rows= 17719 horizon=0.26 L=0.00087 L/var=0.01 tgt=-0.070/0.388 pstd=0.393 aux=0.4550/0.805 gen=0.1s train=0.9s
[t= 249.3s] greedy ep215 games=  96 dec= 18792 rows= 18037 horizon=0.34 L=0.00087 L/var=0.01 tgt=-0.099/0.409 pstd=0.389 aux=0.4575/0.804 gen=0.1s train=0.9s
[t= 250.4s] greedy ep216 games=  96 dec= 17946 rows= 17150 horizon=0.26 L=0.00152 L/var=0.01 tgt=-0.054/0.381 pstd=0.384 aux=0.4530/0.806 gen=0.1s train=0.9s
[t= 251.5s] greedy ep217 games=  96 dec= 17498 rows= 16838 horizon=0.28 L=0.00100 L/var=0.01 tgt=-0.058/0.390 pstd=0.396 aux=0.4546/0.805 gen=0.1s train=0.8s
[t= 252.6s] greedy ep218 games=  96 dec= 17952 rows= 17223 horizon=0.26 L=0.00121 L/var=0.01 tgt=-0.074/0.397 pstd=0.393 aux=0.4563/0.804 gen=0.1s train=0.9s
[t= 253.9s] greedy ep219 games=  96 dec= 19368 rows= 18591 horizon=0.38 L=0.00082 L/var=0.01 tgt=-0.064/0.372 pstd=0.393 aux=0.4571/0.804 gen=0.1s train=1.0s
[t= 255.1s] greedy ep220 games=  96 dec= 17976 rows= 17256 horizon=0.28 L=0.00071 L/var=0.00 tgt=-0.075/0.416 pstd=0.390 aux=0.4532/0.806 gen=0.1s train=0.9s
[t= 256.3s] greedy ep221 games=  96 dec= 17686 rows= 16924 horizon=0.27 L=0.00189 L/var=0.01 tgt=-0.069/0.384 pstd=0.390 aux=0.4536/0.806 gen=0.1s train=1.0s
[t= 257.6s] greedy ep222 games=  96 dec= 18382 rows= 17598 horizon=0.26 L=0.00061 L/var=0.00 tgt=-0.075/0.390 pstd=0.394 aux=0.4505/0.808 gen=0.1s train=0.9s
[t= 258.8s] greedy ep223 games=  96 dec= 18096 rows= 17390 horizon=0.26 L=0.00139 L/var=0.01 tgt=-0.066/0.394 pstd=0.397 aux=0.4512/0.807 gen=0.1s train=1.0s
[t= 260.1s] greedy ep224 games=  96 dec= 19163 rows= 18302 horizon=0.29 L=0.00087 L/var=0.01 tgt=-0.090/0.415 pstd=0.392 aux=0.4523/0.806 gen=0.1s train=1.0s
[t= 261.4s] greedy ep225 games=  96 dec= 18415 rows= 17705 horizon=0.32 L=0.00058 L/var=0.00 tgt=-0.060/0.408 pstd=0.393 aux=0.4564/0.804 gen=0.1s train=1.0s
[t= 262.6s] greedy ep226 games=  96 dec= 18477 rows= 17640 horizon=0.29 L=0.00065 L/var=0.00 tgt=-0.054/0.403 pstd=0.391 aux=0.4491/0.807 gen=0.1s train=1.0s
[t= 263.8s] greedy ep227 games=  96 dec= 18652 rows= 17859 horizon=0.34 L=0.00054 L/var=0.00 tgt=-0.072/0.416 pstd=0.393 aux=0.4500/0.807 gen=0.1s train=1.0s
[t= 265.1s] greedy ep228 games=  96 dec= 18021 rows= 17273 horizon=0.27 L=0.00176 L/var=0.01 tgt=-0.076/0.385 pstd=0.390 aux=0.4551/0.805 gen=0.1s train=1.0s
[t= 266.3s] greedy ep229 games=  96 dec= 18549 rows= 17770 horizon=0.29 L=0.00060 L/var=0.00 tgt=-0.082/0.411 pstd=0.390 aux=0.4535/0.805 gen=0.1s train=1.0s
[t= 267.6s] greedy ep230 games=  96 dec= 19141 rows= 18308 horizon=0.33 L=0.00063 L/var=0.00 tgt=-0.067/0.397 pstd=0.388 aux=0.4523/0.805 gen=0.1s train=1.0s
[t= 268.9s] greedy ep231 games=  96 dec= 18527 rows= 17619 horizon=0.27 L=0.00062 L/var=0.00 tgt=-0.060/0.413 pstd=0.394 aux=0.4470/0.809 gen=0.1s train=1.0s
[t= 270.1s] greedy ep232 games=  96 dec= 17714 rows= 16837 horizon=0.20 L=0.00185 L/var=0.01 tgt=-0.070/0.407 pstd=0.385 aux=0.4516/0.805 gen=0.1s train=0.9s
[t= 271.3s] greedy ep233 games=  96 dec= 18674 rows= 17880 horizon=0.35 L=0.00147 L/var=0.01 tgt=-0.062/0.401 pstd=0.381 aux=0.4502/0.806 gen=0.1s train=1.0s
[t= 272.6s] greedy ep234 games=  96 dec= 18391 rows= 17655 horizon=0.31 L=0.00061 L/var=0.00 tgt=-0.072/0.411 pstd=0.392 aux=0.4516/0.806 gen=0.1s train=1.0s
[t= 273.9s] greedy ep235 games=  96 dec= 19394 rows= 18616 horizon=0.34 L=0.00066 L/var=0.00 tgt=-0.066/0.388 pstd=0.384 aux=0.4478/0.808 gen=0.1s train=1.0s
[t= 275.1s] greedy ep236 games=  96 dec= 19038 rows= 18211 horizon=0.32 L=0.00077 L/var=0.01 tgt=-0.058/0.383 pstd=0.392 aux=0.4507/0.806 gen=0.1s train=1.0s
[t= 276.4s] greedy ep237 games=  96 dec= 18922 rows= 18125 horizon=0.33 L=0.00057 L/var=0.00 tgt=-0.088/0.408 pstd=0.395 aux=0.4526/0.805 gen=0.1s train=1.0s
[t= 277.7s] greedy ep238 games=  96 dec= 18876 rows= 18057 horizon=0.33 L=0.00085 L/var=0.01 tgt=-0.102/0.407 pstd=0.391 aux=0.4529/0.806 gen=0.1s train=1.0s
[t= 278.9s] greedy ep239 games=  96 dec= 17188 rows= 16394 horizon=0.17 L=0.00067 L/var=0.00 tgt=-0.084/0.424 pstd=0.389 aux=0.4557/0.804 gen=0.1s train=0.9s
[t= 280.1s] greedy ep240 games=  96 dec= 17419 rows= 16701 horizon=0.23 L=0.00058 L/var=0.00 tgt=-0.094/0.405 pstd=0.386 aux=0.4476/0.807 gen=0.1s train=0.9s
[t= 281.2s] greedy ep241 games=  96 dec= 18485 rows= 17642 horizon=0.33 L=0.00106 L/var=0.01 tgt=-0.080/0.453 pstd=0.390 aux=0.4500/0.806 gen=0.1s train=0.9s
[t= 282.2s] greedy ep242 games=  96 dec= 17475 rows= 16653 horizon=0.24 L=0.00107 L/var=0.01 tgt=-0.096/0.403 pstd=0.391 aux=0.4526/0.805 gen=0.1s train=0.8s
[t= 283.3s] greedy ep243 games=  96 dec= 18678 rows= 17868 horizon=0.30 L=0.00099 L/var=0.01 tgt=-0.095/0.397 pstd=0.391 aux=0.4509/0.806 gen=0.1s train=0.9s
[t= 284.5s] greedy ep244 games=  96 dec= 19023 rows= 18252 horizon=0.31 L=0.00073 L/var=0.00 tgt=-0.074/0.389 pstd=0.395 aux=0.4549/0.804 gen=0.1s train=0.9s
[t= 285.6s] greedy ep245 games=  96 dec= 18759 rows= 17955 horizon=0.29 L=0.00077 L/var=0.01 tgt=-0.069/0.383 pstd=0.392 aux=0.4535/0.806 gen=0.1s train=0.9s
[t= 286.7s] greedy ep246 games=  96 dec= 17255 rows= 16598 horizon=0.24 L=0.00090 L/var=0.01 tgt=-0.078/0.405 pstd=0.393 aux=0.4511/0.806 gen=0.1s train=0.8s
[t= 287.8s] greedy ep247 games=  96 dec= 19005 rows= 18166 horizon=0.32 L=0.00059 L/var=0.00 tgt=-0.084/0.404 pstd=0.389 aux=0.4532/0.805 gen=0.1s train=0.9s
[t= 288.8s] greedy ep248 games=  96 dec= 17091 rows= 16380 horizon=0.23 L=0.00121 L/var=0.01 tgt=-0.072/0.405 pstd=0.394 aux=0.4564/0.803 gen=0.1s train=0.8s
[t= 289.9s] greedy ep249 games=  96 dec= 18065 rows= 17269 horizon=0.29 L=0.00125 L/var=0.01 tgt=-0.060/0.387 pstd=0.392 aux=0.4521/0.804 gen=0.1s train=0.9s
[t= 291.1s] greedy ep250 games=  96 dec= 18790 rows= 17962 horizon=0.33 L=0.00060 L/var=0.00 tgt=-0.106/0.416 pstd=0.399 aux=0.4509/0.805 gen=0.1s train=0.9s
[t= 292.2s] greedy ep251 games=  96 dec= 18893 rows= 18047 horizon=0.31 L=0.00057 L/var=0.00 tgt=-0.075/0.379 pstd=0.391 aux=0.4566/0.802 gen=0.1s train=0.9s
[t= 293.4s] greedy ep252 games=  96 dec= 18898 rows= 18101 horizon=0.33 L=0.00081 L/var=0.01 tgt=-0.072/0.400 pstd=0.387 aux=0.4535/0.806 gen=0.1s train=0.9s
[t= 294.5s] greedy ep253 games=  96 dec= 17806 rows= 17010 horizon=0.21 L=0.00093 L/var=0.01 tgt=-0.081/0.410 pstd=0.396 aux=0.4578/0.803 gen=0.1s train=0.9s
[t= 295.5s] greedy ep254 games=  96 dec= 18065 rows= 17292 horizon=0.26 L=0.00073 L/var=0.00 tgt=-0.063/0.385 pstd=0.389 aux=0.4513/0.806 gen=0.1s train=0.9s
[t= 296.6s] greedy ep255 games=  96 dec= 18331 rows= 17565 horizon=0.31 L=0.00080 L/var=0.00 tgt=-0.082/0.408 pstd=0.393 aux=0.4516/0.805 gen=0.1s train=0.9s
[t= 297.7s] greedy ep256 games=  96 dec= 18288 rows= 17561 horizon=0.33 L=0.00192 L/var=0.01 tgt=-0.086/0.415 pstd=0.380 aux=0.4506/0.806 gen=0.1s train=0.9s
[t= 298.8s] greedy ep257 games=  96 dec= 18579 rows= 17783 horizon=0.35 L=0.00118 L/var=0.01 tgt=-0.073/0.409 pstd=0.389 aux=0.4494/0.806 gen=0.1s train=0.9s
[t= 299.9s] greedy ep258 games=  96 dec= 18191 rows= 17404 horizon=0.27 L=0.00074 L/var=0.00 tgt=-0.078/0.411 pstd=0.396 aux=0.4556/0.803 gen=0.1s train=0.9s
[t= 301.0s] greedy ep259 games=  96 dec= 17620 rows= 16859 horizon=0.24 L=0.00055 L/var=0.00 tgt=-0.065/0.396 pstd=0.388 aux=0.4580/0.802 gen=0.1s train=0.8s
[t= 301.0s] --- snapshot snap_00.pt (init) ---
[t= 301.0s] --- switching to ReBeL ---
[t= 311.0s] rebel stream solves=0 raw=0/s balanced=0/s debt=0 rows steps=0 horizon=0.00 games=0 over=0 card=0 drop=0 L=0.00000 L/var=0.00 tgt=+0.000/0.000 aux=0.0000/0.000 cfg/b=0 prep=0.00s gpu=0.00s conv=0.00s add=0.00s train=0.00s
[t= 321.0s] rebel stream solves=0 raw=0/s balanced=0/s debt=0 rows steps=0 horizon=0.00 games=0 over=0 card=0 drop=0 L=0.00000 L/var=0.00 tgt=+0.000/0.000 aux=0.0000/0.000 cfg/b=0 prep=0.00s gpu=0.00s conv=0.00s add=0.00s train=0.00s
[t= 331.1s] rebel stream solves=0 raw=0/s balanced=0/s debt=0 rows steps=0 horizon=0.00 games=0 over=0 card=0 drop=0 L=0.00000 L/var=0.00 tgt=+0.000/0.000 aux=0.0000/0.000 cfg/b=0 prep=0.00s gpu=0.00s conv=0.00s add=0.00s train=0.00s
[t= 341.1s] rebel stream solves=0 raw=0/s balanced=0/s debt=0 rows steps=0 horizon=0.00 games=0 over=0 card=0 drop=0 L=0.00000 L/var=0.00 tgt=+0.000/0.000 aux=0.0000/0.000 cfg/b=0 prep=0.00s gpu=0.00s conv=0.00s add=0.00s train=0.00s
[t= 351.1s] rebel stream solves=0 raw=0/s balanced=0/s debt=0 rows steps=0 horizon=0.00 games=0 over=0 card=0 drop=0 L=0.00000 L/var=0.00 tgt=+0.000/0.000 aux=0.0000/0.000 cfg/b=0 prep=0.00s gpu=0.00s conv=0.00s add=0.00s train=0.00s
[t= 363.1s] rebel stream solves=1025 raw=17/s balanced=16/s debt=4 rows steps=4 horizon=0.00 games=34 over=0 card=0 drop=0 L=0.18475 L/var=1.91 tgt=-0.032/0.311 aux=0.5690/0.727 cfg/b=15414 prep=0.19s gpu=0.00s conv=0.00s add=0.02s train=2.38s
[t= 373.1s] rebel stream solves=2050 raw=28/s balanced=28/s debt=8 rows steps=8 horizon=0.00 games=28 over=0 card=0 drop=0 L=0.06889 L/var=0.42 tgt=-0.083/0.407 aux=0.5407/0.742 cfg/b=22686 prep=0.02s gpu=0.00s conv=0.00s add=0.03s train=0.52s
[t= 383.1s] rebel stream solves=3107 raw=38/s balanced=37/s debt=140 rows steps=12 horizon=0.00 games=25 over=0 card=0 drop=0 L=0.03458 L/var=0.27 tgt=-0.037/0.358 aux=0.5862/0.716 cfg/b=17423 prep=0.02s gpu=0.00s conv=0.00s add=0.03s train=0.26s
[t= 393.2s] rebel stream solves=6221 raw=68/s balanced=67/s debt=308 rows steps=24 horizon=0.00 games=66 over=0 card=0 drop=0 L=0.02370 L/var=0.13 tgt=-0.161/0.429 aux=0.5593/0.737 cfg/b=18701 prep=0.07s gpu=0.00s conv=0.00s add=0.08s train=0.77s
[t= 403.2s] rebel stream solves=13628 raw=133/s balanced=133/s debt=240 rows steps=53 horizon=0.00 games=133 over=0 card=0 drop=0 L=0.01478 L/var=0.09 tgt=-0.083/0.412 aux=0.5509/0.742 cfg/b=16126 prep=0.14s gpu=0.00s conv=0.00s add=0.15s train=1.87s
[t= 413.2s] rebel stream solves=22169 raw=198/s balanced=196/s debt=612 rows steps=86 horizon=0.00 games=137 over=0 card=0 drop=0 L=0.01443 L/var=0.09 tgt=-0.100/0.405 aux=0.5185/0.760 cfg/b=14684 prep=0.17s gpu=0.00s conv=0.00s add=0.14s train=2.10s
[t= 423.2s] rebel stream solves=30614 raw=251/s balanced=249/s debt=600 rows steps=119 horizon=0.00 games=122 over=0 card=0 drop=0 L=0.01344 L/var=0.07 tgt=-0.096/0.443 aux=0.5448/0.750 cfg/b=13729 prep=0.16s gpu=0.00s conv=0.00s add=0.14s train=2.75s
[t= 433.3s] rebel stream solves=35894 raw=271/s balanced=271/s debt=216 rows steps=140 horizon=0.00 games=73 over=0 card=0 drop=0 L=0.01325 L/var=0.08 tgt=-0.103/0.414 aux=0.5292/0.754 cfg/b=13046 prep=0.10s gpu=0.00s conv=0.00s add=0.09s train=1.31s
[t= 443.3s] rebel stream solves=39067 raw=275/s balanced=273/s debt=620 rows steps=152 horizon=0.00 games=49 over=0 card=0 drop=0 L=0.01320 L/var=0.05 tgt=-0.178/0.520 aux=0.5374/0.750 cfg/b=13010 prep=0.05s gpu=0.00s conv=0.00s add=0.05s train=0.75s
[t= 453.3s] rebel stream solves=42171 raw=277/s balanced=276/s debt=748 rows steps=164 horizon=0.00 games=55 over=0 card=0 drop=0 L=0.01275 L/var=0.06 tgt=-0.145/0.464 aux=0.5338/0.753 cfg/b=13761 prep=0.07s gpu=0.00s conv=0.00s add=0.06s train=0.75s
[t= 463.4s] rebel stream solves=46328 raw=285/s balanced=284/s debt=992 rows steps=180 horizon=0.00 games=78 over=0 card=0 drop=0 L=0.01355 L/var=0.06 tgt=-0.110/0.461 aux=0.5255/0.759 cfg/b=14178 prep=0.07s gpu=0.00s conv=0.00s add=0.08s train=1.00s
[t= 473.4s] rebel stream solves=50578 raw=293/s balanced=293/s debt=584 rows steps=197 horizon=0.00 games=83 over=0 card=0 drop=0 L=0.01336 L/var=0.06 tgt=-0.131/0.468 aux=0.5179/0.767 cfg/b=14896 prep=0.09s gpu=0.00s conv=0.00s add=0.09s train=1.06s
[t= 483.4s] rebel stream solves=57984 raw=318/s balanced=317/s debt=512 rows steps=226 horizon=0.14 games=117 over=0 card=0 drop=0 L=0.01365 L/var=0.07 tgt=-0.093/0.444 aux=0.4954/0.778 cfg/b=14348 prep=0.15s gpu=0.00s conv=0.00s add=0.13s train=1.86s
[t= 493.5s] rebel stream solves=84881 raw=441/s balanced=440/s debt=580 rows steps=331 horizon=0.63 games=262 over=0 card=0 drop=0 L=0.01201 L/var=0.05 tgt=-0.119/0.493 aux=0.3972/0.824 cfg/b=11188 prep=0.47s gpu=0.00s conv=0.01s add=0.25s train=6.04s
[t= 503.5s] rebel stream solves=108587 raw=536/s balanced=536/s debt=172 rows steps=424 horizon=0.60 games=243 over=0 card=0 drop=0 L=0.01084 L/var=0.05 tgt=-0.105/0.478 aux=0.3598/0.844 cfg/b=10658 prep=0.40s gpu=0.00s conv=0.01s add=0.25s train=5.36s
[t= 514.6s] rebel stream solves=119273 raw=558/s balanced=556/s debt=1956 rows steps=464 horizon=0.34 games=142 over=0 card=0 drop=0 L=0.01104 L/var=0.06 tgt=-0.069/0.446 aux=0.3551/0.846 cfg/b=11002 prep=0.18s gpu=0.00s conv=0.00s add=0.16s train=2.45s
[t= 524.7s] rebel stream solves=126771 raw=567/s balanced=567/s debt=204 rows steps=495 horizon=0.22 games=118 over=0 card=0 drop=0 L=0.01146 L/var=0.05 tgt=-0.143/0.476 aux=0.3711/0.837 cfg/b=11454 prep=0.13s gpu=0.00s conv=0.00s add=0.14s train=1.94s
[t= 534.7s] rebel stream solves=132039 raw=565/s balanced=564/s debt=796 rows steps=515 horizon=0.07 games=107 over=0 card=0 drop=0 L=0.01207 L/var=0.07 tgt=-0.034/0.406 aux=0.3923/0.826 cfg/b=12050 prep=0.09s gpu=0.00s conv=0.00s add=0.10s train=1.27s
[t= 544.7s] rebel stream solves=137421 raw=564/s balanced=563/s debt=820 rows steps=536 horizon=0.07 games=125 over=0 card=0 drop=0 L=0.01367 L/var=0.09 tgt=-0.032/0.392 aux=0.3965/0.825 cfg/b=12281 prep=0.09s gpu=0.00s conv=0.00s add=0.11s train=1.31s
[t= 555.3s] rebel stream solves=143969 raw=566/s balanced=564/s debt=2436 rows steps=560 horizon=0.09 games=150 over=0 card=0 drop=0 L=0.01381 L/var=0.07 tgt=-0.057/0.432 aux=0.4054/0.821 cfg/b=12779 prep=0.12s gpu=0.00s conv=0.00s add=0.13s train=1.51s
[t= 565.3s] rebel stream solves=150340 raw=569/s balanced=569/s debt=272 rows steps=587 horizon=0.05 games=149 over=0 card=0 drop=0 L=0.01292 L/var=0.07 tgt=-0.036/0.424 aux=0.4144/0.817 cfg/b=12796 prep=0.12s gpu=0.00s conv=0.00s add=0.13s train=1.71s
[t= 575.3s] rebel stream solves=155556 raw=567/s balanced=566/s debt=656 rows steps=607 horizon=0.01 games=139 over=0 card=0 drop=0 L=0.01378 L/var=0.09 tgt=-0.040/0.383 aux=0.4144/0.818 cfg/b=13537 prep=0.09s gpu=0.00s conv=0.00s add=0.11s train=1.23s
[t= 585.4s] rebel stream solves=161879 raw=569/s balanced=569/s debt=348 rows steps=632 horizon=0.06 games=140 over=0 card=0 drop=0 L=0.01393 L/var=0.09 tgt=-0.039/0.404 aux=0.4268/0.812 cfg/b=14063 prep=0.11s gpu=0.00s conv=0.00s add=0.12s train=1.53s
[t= 596.5s] rebel stream solves=168199 raw=569/s balanced=568/s debt=1052 rows steps=656 horizon=0.04 games=148 over=0 card=0 drop=0 L=0.01402 L/var=0.08 tgt=-0.058/0.430 aux=0.4278/0.812 cfg/b=14460 prep=0.11s gpu=0.00s conv=0.00s add=0.12s train=1.45s
[t= 606.5s] rebel stream solves=175530 raw=575/s balanced=574/s debt=680 rows steps=685 horizon=0.04 games=166 over=0 card=0 drop=0 L=0.01472 L/var=0.08 tgt=-0.035/0.419 aux=0.4299/0.812 cfg/b=14004 prep=0.14s gpu=0.00s conv=0.00s add=0.14s train=1.82s
[t= 616.6s] rebel stream solves=180737 raw=573/s balanced=573/s debt=4 rows steps=706 horizon=0.04 games=129 over=0 card=0 drop=0 L=0.01467 L/var=0.09 tgt=-0.013/0.414 aux=0.4354/0.809 cfg/b=14359 prep=0.10s gpu=0.00s conv=0.00s add=0.11s train=1.35s
[t= 626.6s] rebel stream solves=185985 raw=571/s balanced=571/s debt=516 rows steps=726 horizon=0.05 games=122 over=0 card=0 drop=0 L=0.01659 L/var=0.10 tgt=-0.041/0.411 aux=0.4354/0.808 cfg/b=13758 prep=0.09s gpu=0.00s conv=0.00s add=0.11s train=1.26s
[t= 636.6s] rebel stream solves=190166 raw=567/s balanced=566/s debt=856 rows steps=742 horizon=0.02 games=104 over=0 card=0 drop=0 L=0.01764 L/var=0.10 tgt=-0.023/0.418 aux=0.4392/0.807 cfg/b=14229 prep=0.08s gpu=0.00s conv=0.00s add=0.10s train=0.99s
[t= 646.7s] rebel stream solves=195385 raw=565/s balanced=565/s debt=228 rows steps=763 horizon=0.03 games=130 over=0 card=0 drop=0 L=0.01567 L/var=0.09 tgt=-0.055/0.421 aux=0.4399/0.807 cfg/b=14733 prep=0.09s gpu=0.00s conv=0.00s add=0.11s train=1.30s
[t= 658.3s] rebel stream solves=201624 raw=564/s balanced=562/s debt=3680 rows steps=784 horizon=0.02 games=159 over=0 card=0 drop=0 L=0.01514 L/var=0.08 tgt=-0.032/0.423 aux=0.4387/0.807 cfg/b=14763 prep=0.10s gpu=0.00s conv=0.00s add=0.14s train=1.32s
[t= 668.3s] rebel stream solves=209938 raw=572/s balanced=571/s debt=72 rows steps=820 horizon=0.01 games=196 over=0 card=0 drop=0 L=0.01556 L/var=0.08 tgt=+0.002/0.428 aux=0.4436/0.805 cfg/b=14918 prep=0.18s gpu=0.00s conv=0.01s add=0.16s train=2.25s
[t= 678.4s] rebel stream solves=214147 raw=567/s balanced=567/s debt=524 rows steps=836 horizon=0.01 games=106 over=0 card=0 drop=0 L=0.01551 L/var=0.08 tgt=-0.016/0.443 aux=0.4447/0.805 cfg/b=14944 prep=0.10s gpu=0.00s conv=0.00s add=0.10s train=1.03s
[t= 688.4s] rebel stream solves=219401 raw=566/s balanced=566/s debt=36 rows steps=857 horizon=0.01 games=142 over=0 card=0 drop=0 L=0.01686 L/var=0.09 tgt=-0.019/0.425 aux=0.4467/0.803 cfg/b=15214 prep=0.09s gpu=0.00s conv=0.00s add=0.13s train=1.27s
[t= 698.4s] rebel stream solves=223550 raw=563/s balanced=562/s debt=248 rows steps=873 horizon=0.00 games=110 over=0 card=0 drop=0 L=0.01547 L/var=0.08 tgt=-0.001/0.439 aux=0.4535/0.800 cfg/b=15296 prep=0.08s gpu=0.00s conv=0.00s add=0.10s train=1.02s
[t= 708.4s] rebel stream solves=228865 raw=562/s balanced=562/s debt=4 rows steps=894 horizon=0.01 games=125 over=0 card=0 drop=0 L=0.01638 L/var=0.07 tgt=-0.019/0.481 aux=0.4565/0.799 cfg/b=15417 prep=0.10s gpu=0.00s conv=0.00s add=0.12s train=1.33s
[t= 719.6s] rebel stream solves=234086 raw=559/s balanced=558/s debt=2456 rows steps=912 horizon=0.00 games=142 over=0 card=0 drop=0 L=0.01859 L/var=0.12 tgt=-0.004/0.400 aux=0.4530/0.802 cfg/b=15542 prep=0.08s gpu=0.00s conv=0.00s add=0.13s train=1.13s
[t= 729.7s] rebel stream solves=239263 raw=558/s balanced=558/s debt=636 rows steps=934 horizon=0.00 games=134 over=0 card=0 drop=0 L=0.01622 L/var=0.09 tgt=+0.009/0.435 aux=0.4545/0.802 cfg/b=16071 prep=0.10s gpu=0.00s conv=0.00s add=0.11s train=1.39s
[t= 739.7s] rebel stream solves=244493 raw=557/s balanced=557/s debt=52 rows steps=955 horizon=0.01 games=129 over=0 card=0 drop=0 L=0.01615 L/var=0.08 tgt=-0.027/0.462 aux=0.4554/0.800 cfg/b=15676 prep=0.11s gpu=0.00s conv=0.00s add=0.14s train=1.33s
[t= 749.7s] rebel stream solves=252914 raw=564/s balanced=563/s debt=968 rows steps=987 horizon=0.00 games=198 over=0 card=0 drop=0 L=0.01653 L/var=0.07 tgt=+0.019/0.488 aux=0.4514/0.804 cfg/b=16128 prep=0.15s gpu=0.00s conv=0.00s add=0.19s train=2.04s
[t= 759.8s] rebel stream solves=258134 raw=563/s balanced=562/s debt=344 rows steps=1008 horizon=0.00 games=133 over=0 card=0 drop=0 L=0.01629 L/var=0.07 tgt=+0.003/0.472 aux=0.4536/0.803 cfg/b=15887 prep=0.09s gpu=0.00s conv=0.00s add=0.13s train=1.28s
[t= 769.8s] rebel stream solves=264352 raw=564/s balanced=564/s debt=640 rows steps=1032 horizon=0.02 games=168 over=0 card=0 drop=0 L=0.01639 L/var=0.08 tgt=-0.015/0.450 aux=0.4451/0.807 cfg/b=16415 prep=0.11s gpu=0.00s conv=0.00s add=0.15s train=1.47s
[t= 779.8s] rebel stream solves=268505 raw=561/s balanced=560/s debt=868 rows steps=1048 horizon=0.00 games=112 over=0 card=0 drop=0 L=0.01531 L/var=0.09 tgt=-0.003/0.421 aux=0.4449/0.809 cfg/b=16613 prep=0.07s gpu=0.00s conv=0.00s add=0.12s train=0.97s
[t= 789.8s] rebel stream solves=272664 raw=558/s balanced=558/s debt=96 rows steps=1065 horizon=0.00 games=114 over=0 card=0 drop=0 L=0.01598 L/var=0.09 tgt=-0.010/0.428 aux=0.4438/0.809 cfg/b=16535 prep=0.07s gpu=0.00s conv=0.00s add=0.12s train=1.07s
[t= 799.9s] rebel stream solves=277913 raw=557/s balanced=557/s debt=612 rows steps=1085 horizon=0.01 games=144 over=0 card=0 drop=0 L=0.01659 L/var=0.08 tgt=+0.000/0.452 aux=0.4434/0.810 cfg/b=16586 prep=0.10s gpu=0.00s conv=0.00s add=0.12s train=1.20s
[t= 809.9s] rebel stream solves=284251 raw=559/s balanced=558/s debt=364 rows steps=1110 horizon=0.00 games=163 over=0 card=0 drop=0 L=0.01893 L/var=0.09 tgt=-0.005/0.460 aux=0.4377/0.814 cfg/b=16930 prep=0.13s gpu=0.00s conv=0.00s add=0.15s train=1.59s
[t= 819.9s] rebel stream solves=289477 raw=558/s balanced=558/s debt=788 rows steps=1130 horizon=0.00 games=135 over=0 card=0 drop=0 L=0.01679 L/var=0.08 tgt=+0.002/0.470 aux=0.4383/0.815 cfg/b=17643 prep=0.10s gpu=0.00s conv=0.00s add=0.15s train=1.25s
[t= 829.9s] rebel stream solves=294666 raw=557/s balanced=557/s debt=40 rows steps=1151 horizon=0.01 games=134 over=0 card=0 drop=0 L=0.01755 L/var=0.08 tgt=-0.001/0.459 aux=0.4287/0.819 cfg/b=17589 prep=0.09s gpu=0.00s conv=0.00s add=0.15s train=1.29s
[t= 839.9s] rebel stream solves=300939 raw=558/s balanced=558/s debt=556 rows steps=1175 horizon=0.00 games=168 over=0 card=0 drop=0 L=0.01713 L/var=0.09 tgt=+0.011/0.448 aux=0.4297/0.819 cfg/b=17590 prep=0.12s gpu=0.00s conv=0.00s add=0.16s train=1.50s
[t= 850.0s] rebel stream solves=304035 raw=554/s balanced=554/s debt=652 rows steps=1187 horizon=0.01 games=80 over=0 card=0 drop=0 L=0.01786 L/var=0.09 tgt=+0.012/0.442 aux=0.4285/0.821 cfg/b=17829 prep=0.05s gpu=0.00s conv=0.00s add=0.08s train=0.76s
[t= 860.1s] rebel stream solves=308181 raw=551/s balanced=551/s debt=852 rows steps=1203 horizon=0.00 games=118 over=0 card=0 drop=0 L=0.01878 L/var=0.10 tgt=-0.012/0.429 aux=0.4298/0.820 cfg/b=17908 prep=0.08s gpu=0.00s conv=0.00s add=0.13s train=1.01s
[t= 870.1s] rebel stream solves=311306 raw=547/s balanced=547/s debt=40 rows steps=1216 horizon=0.00 games=84 over=0 card=0 drop=0 L=0.02118 L/var=0.10 tgt=+0.012/0.471 aux=0.4295/0.820 cfg/b=18512 prep=0.07s gpu=0.00s conv=0.00s add=0.10s train=0.81s
[t= 880.1s] rebel stream solves=315427 raw=545/s balanced=545/s debt=140 rows steps=1232 horizon=0.00 games=117 over=0 card=0 drop=0 L=0.01949 L/var=0.11 tgt=+0.023/0.417 aux=0.4326/0.819 cfg/b=17323 prep=0.07s gpu=0.00s conv=0.00s add=0.11s train=0.97s
[t= 890.2s] rebel stream solves=320669 raw=544/s balanced=544/s debt=628 rows steps=1252 horizon=0.00 games=141 over=0 card=0 drop=0 L=0.01892 L/var=0.09 tgt=+0.002/0.447 aux=0.4294/0.822 cfg/b=18242 prep=0.08s gpu=0.00s conv=0.00s add=0.13s train=1.23s
[t= 900.2s] rebel stream solves=325911 raw=544/s balanced=544/s debt=92 rows steps=1273 horizon=0.00 games=139 over=0 card=0 drop=0 L=0.01882 L/var=0.10 tgt=+0.001/0.435 aux=0.4352/0.818 cfg/b=18283 prep=0.09s gpu=0.00s conv=0.00s add=0.15s train=1.32s
[t= 910.2s] rebel stream solves=330114 raw=542/s balanced=542/s debt=520 rows steps=1289 horizon=0.00 games=103 over=0 card=0 drop=0 L=0.01832 L/var=0.07 tgt=+0.019/0.525 aux=0.4341/0.819 cfg/b=18903 prep=0.09s gpu=0.00s conv=0.00s add=0.12s train=1.04s
[t= 920.3s] rebel stream solves=336428 raw=543/s balanced=543/s debt=176 rows steps=1314 horizon=0.01 games=160 over=0 card=0 drop=0 L=0.01932 L/var=0.09 tgt=+0.016/0.458 aux=0.4367/0.817 cfg/b=18777 prep=0.13s gpu=0.00s conv=0.00s add=0.18s train=1.61s
[t= 930.3s] rebel stream solves=342706 raw=545/s balanced=544/s debt=712 rows steps=1338 horizon=0.01 games=161 over=0 card=0 drop=0 L=0.01851 L/var=0.07 tgt=-0.032/0.497 aux=0.4410/0.817 cfg/b=18683 prep=0.10s gpu=0.00s conv=0.00s add=0.17s train=1.48s
[t= 940.4s] rebel stream solves=345871 raw=541/s balanced=541/s debt=60 rows steps=1351 horizon=0.01 games=86 over=0 card=0 drop=0 L=0.01864 L/var=0.10 tgt=-0.009/0.439 aux=0.4441/0.815 cfg/b=18933 prep=0.07s gpu=0.00s conv=0.00s add=0.08s train=0.81s
[t= 950.4s] rebel stream solves=348996 raw=537/s balanced=537/s debt=272 rows steps=1363 horizon=0.01 games=81 over=0 card=0 drop=0 L=0.02167 L/var=0.10 tgt=-0.009/0.469 aux=0.4443/0.816 cfg/b=19232 prep=0.05s gpu=0.00s conv=0.00s add=0.09s train=0.73s
[t= 960.4s] rebel stream solves=352111 raw=534/s balanced=534/s debt=444 rows steps=1375 horizon=0.00 games=83 over=0 card=0 drop=0 L=0.02150 L/var=0.09 tgt=+0.012/0.490 aux=0.4446/0.815 cfg/b=19607 prep=0.05s gpu=0.00s conv=0.00s add=0.10s train=0.73s
[t= 970.5s] rebel stream solves=355232 raw=531/s balanced=530/s debt=640 rows steps=1387 horizon=0.00 games=78 over=0 card=0 drop=0 L=0.01819 L/var=0.07 tgt=-0.013/0.518 aux=0.4440/0.816 cfg/b=19050 prep=0.06s gpu=0.00s conv=0.00s add=0.09s train=0.78s
[t= 980.5s] rebel stream solves=360470 raw=531/s balanced=530/s debt=88 rows steps=1408 horizon=0.00 games=137 over=0 card=0 drop=0 L=0.01815 L/var=0.08 tgt=-0.004/0.485 aux=0.4500/0.813 cfg/b=19722 prep=0.10s gpu=0.00s conv=0.00s add=0.15s train=1.29s
[t= 990.6s] rebel stream solves=365671 raw=530/s balanced=530/s debt=412 rows steps=1428 horizon=0.00 games=135 over=0 card=0 drop=0 L=0.01825 L/var=0.08 tgt=+0.014/0.484 aux=0.4449/0.814 cfg/b=19381 prep=0.09s gpu=0.00s conv=0.00s add=0.15s train=1.21s
[t=1000.6s] rebel stream solves=369842 raw=529/s balanced=528/s debt=712 rows steps=1444 horizon=0.00 games=106 over=0 card=0 drop=0 L=0.01765 L/var=0.07 tgt=+0.026/0.493 aux=0.4456/0.816 cfg/b=19543 prep=0.09s gpu=0.00s conv=0.00s add=0.13s train=1.03s
[t=1010.6s] rebel stream solves=376103 raw=530/s balanced=530/s debt=156 rows steps=1469 horizon=0.00 games=145 over=0 card=0 drop=0 L=0.01810 L/var=0.06 tgt=+0.008/0.540 aux=0.4479/0.814 cfg/b=19867 prep=0.12s gpu=0.00s conv=0.00s add=0.19s train=1.59s
[t=1020.6s] rebel stream solves=380299 raw=528/s balanced=528/s debt=556 rows steps=1485 horizon=0.00 games=102 over=0 card=0 drop=0 L=0.01993 L/var=0.08 tgt=+0.021/0.505 aux=0.4445/0.816 cfg/b=20146 prep=0.09s gpu=0.00s conv=0.00s add=0.14s train=1.03s
[t=1030.6s] rebel stream solves=386622 raw=530/s balanced=530/s debt=248 rows steps=1510 horizon=0.00 games=157 over=0 card=0 drop=0 L=0.01926 L/var=0.09 tgt=+0.017/0.464 aux=0.4439/0.816 cfg/b=20093 prep=0.12s gpu=0.00s conv=0.00s add=0.20s train=1.56s
[t=1040.6s] rebel stream solves=389738 raw=527/s balanced=527/s debt=424 rows steps=1522 horizon=0.01 games=75 over=0 card=0 drop=0 L=0.01820 L/var=0.06 tgt=-0.018/0.548 aux=0.4415/0.817 cfg/b=20472 prep=0.05s gpu=0.00s conv=0.00s add=0.11s train=0.76s
[t=1050.7s] rebel stream solves=392887 raw=524/s balanced=524/s debt=732 rows steps=1534 horizon=0.00 games=86 over=0 card=0 drop=0 L=0.01900 L/var=0.09 tgt=+0.005/0.450 aux=0.4433/0.818 cfg/b=20647 prep=0.05s gpu=0.00s conv=0.00s add=0.11s train=0.75s
[t=1060.7s] rebel stream solves=397091 raw=523/s balanced=523/s debt=140 rows steps=1551 horizon=0.00 games=112 over=0 card=0 drop=0 L=0.01802 L/var=0.08 tgt=-0.015/0.487 aux=0.4433/0.817 cfg/b=20448 prep=0.08s gpu=0.00s conv=0.00s add=0.15s train=1.06s
[t=1070.7s] rebel stream solves=400194 raw=520/s balanced=520/s debt=264 rows steps=1563 horizon=0.00 games=82 over=0 card=0 drop=0 L=0.01709 L/var=0.08 tgt=+0.029/0.471 aux=0.4446/0.815 cfg/b=20812 prep=0.10s gpu=0.00s conv=0.00s add=0.10s train=0.84s
[t=1080.7s] rebel stream solves=405443 raw=520/s balanced=520/s debt=780 rows steps=1583 horizon=0.00 games=146 over=0 card=0 drop=0 L=0.01804 L/var=0.07 tgt=-0.038/0.496 aux=0.4486/0.814 cfg/b=20608 prep=0.11s gpu=0.00s conv=0.00s add=0.18s train=1.25s
[t=1090.8s] rebel stream solves=409648 raw=519/s balanced=519/s debt=192 rows steps=1600 horizon=0.00 games=111 over=0 card=0 drop=0 L=0.01738 L/var=0.09 tgt=-0.002/0.446 aux=0.4425/0.817 cfg/b=21143 prep=0.08s gpu=0.00s conv=0.00s add=0.13s train=1.09s
[t=1100.8s] rebel stream solves=413865 raw=517/s balanced=517/s debt=676 rows steps=1616 horizon=0.01 games=113 over=0 card=0 drop=0 L=0.01793 L/var=0.09 tgt=-0.001/0.436 aux=0.4501/0.814 cfg/b=21120 prep=0.07s gpu=0.00s conv=0.00s add=0.15s train=0.97s
[t=1110.8s] rebel stream solves=418028 raw=516/s balanced=516/s debt=944 rows steps=1632 horizon=0.00 games=111 over=0 card=0 drop=0 L=0.01709 L/var=0.07 tgt=-0.032/0.483 aux=0.4487/0.815 cfg/b=20950 prep=0.06s gpu=0.00s conv=0.00s add=0.15s train=0.97s
[t=1120.8s] rebel stream solves=421188 raw=514/s balanced=514/s debt=272 rows steps=1645 horizon=0.00 games=82 over=0 card=0 drop=0 L=0.01732 L/var=0.09 tgt=+0.003/0.443 aux=0.4431/0.818 cfg/b=21332 prep=0.07s gpu=0.00s conv=0.00s add=0.11s train=0.80s
[t=1130.9s] rebel stream solves=425333 raw=513/s balanced=512/s debt=468 rows steps=1661 horizon=0.00 games=108 over=0 card=0 drop=0 L=0.01708 L/var=0.07 tgt=-0.028/0.479 aux=0.4440/0.818 cfg/b=21359 prep=0.06s gpu=0.00s conv=0.00s add=0.13s train=0.97s
[t=1140.9s] rebel stream solves=430566 raw=513/s balanced=512/s debt=920 rows steps=1681 horizon=0.00 games=132 over=0 card=0 drop=0 L=0.01688 L/var=0.08 tgt=-0.003/0.460 aux=0.4439/0.818 cfg/b=21499 prep=0.08s gpu=0.00s conv=0.00s add=0.18s train=1.27s
[t=1150.9s] rebel stream solves=433708 raw=510/s balanced=510/s debt=176 rows steps=1694 horizon=0.00 games=82 over=0 card=0 drop=0 L=0.01658 L/var=0.07 tgt=-0.030/0.481 aux=0.4493/0.815 cfg/b=22050 prep=0.05s gpu=0.00s conv=0.00s add=0.11s train=0.77s
[t=1160.9s] rebel stream solves=440030 raw=512/s balanced=511/s debt=888 rows steps=1718 horizon=0.00 games=165 over=0 card=0 drop=0 L=0.01737 L/var=0.09 tgt=+0.001/0.444 aux=0.4482/0.816 cfg/b=22002 prep=0.16s gpu=0.00s conv=0.00s add=0.20s train=1.56s
[t=1171.0s] rebel stream solves=444209 raw=511/s balanced=511/s debt=196 rows steps=1735 horizon=0.00 games=108 over=0 card=0 drop=0 L=0.01722 L/var=0.08 tgt=-0.010/0.474 aux=0.4479/0.817 cfg/b=22297 prep=0.07s gpu=0.00s conv=0.00s add=0.13s train=1.02s
[t=1181.0s] rebel stream solves=448348 raw=509/s balanced=509/s debt=368 rows steps=1751 horizon=0.00 games=113 over=0 card=0 drop=0 L=0.01682 L/var=0.08 tgt=-0.009/0.447 aux=0.4516/0.815 cfg/b=22044 prep=0.07s gpu=0.00s conv=0.00s add=0.13s train=1.02s
[t=1191.1s] rebel stream solves=452521 raw=508/s balanced=508/s debt=676 rows steps=1767 horizon=0.00 games=116 over=0 card=0 drop=0 L=0.01958 L/var=0.10 tgt=-0.008/0.447 aux=0.4456/0.819 cfg/b=22049 prep=0.07s gpu=0.00s conv=0.00s add=0.13s train=0.98s
[t=1201.1s] rebel stream solves=457717 raw=509/s balanced=508/s debt=980 rows steps=1787 horizon=0.00 games=141 over=0 card=0 drop=0 L=0.01790 L/var=0.09 tgt=-0.017/0.453 aux=0.4468/0.819 cfg/b=22574 prep=0.09s gpu=0.00s conv=0.00s add=0.19s train=1.25s
[t=1211.1s] rebel stream solves=461877 raw=508/s balanced=507/s debt=212 rows steps=1804 horizon=0.00 games=112 over=0 card=0 drop=0 L=0.01808 L/var=0.09 tgt=+0.029/0.449 aux=0.4458/0.818 cfg/b=22414 prep=0.10s gpu=0.00s conv=0.00s add=0.13s train=1.07s
[t=1221.1s] rebel stream solves=466061 raw=507/s balanced=506/s debt=564 rows steps=1820 horizon=0.00 games=113 over=0 card=0 drop=0 L=0.01725 L/var=0.08 tgt=-0.014/0.473 aux=0.4439/0.819 cfg/b=22838 prep=0.06s gpu=0.00s conv=0.00s add=0.15s train=0.97s
[t=1231.1s] rebel stream solves=469189 raw=504/s balanced=504/s debt=788 rows steps=1832 horizon=0.00 games=89 over=0 card=0 drop=0 L=0.01804 L/var=0.09 tgt=+0.000/0.454 aux=0.4450/0.819 cfg/b=22569 prep=0.06s gpu=0.00s conv=0.00s add=0.10s train=0.71s
[t=1241.2s] rebel stream solves=473376 raw=504/s balanced=503/s debt=128 rows steps=1849 horizon=0.00 games=107 over=0 card=0 drop=0 L=0.01958 L/var=0.08 tgt=-0.010/0.482 aux=0.4476/0.819 cfg/b=22769 prep=0.07s gpu=0.00s conv=0.00s add=0.16s train=1.01s
[t=1251.3s] rebel stream solves=477555 raw=503/s balanced=502/s debt=460 rows steps=1865 horizon=0.00 games=113 over=0 card=0 drop=0 L=0.02007 L/var=0.10 tgt=-0.033/0.459 aux=0.4454/0.820 cfg/b=22651 prep=0.07s gpu=0.00s conv=0.00s add=0.16s train=1.00s
[t=1261.3s] rebel stream solves=481744 raw=502/s balanced=501/s debt=832 rows steps=1881 horizon=0.00 games=107 over=0 card=0 drop=0 L=0.02194 L/var=0.09 tgt=+0.004/0.484 aux=0.4416/0.820 cfg/b=22937 prep=0.09s gpu=0.00s conv=0.00s add=0.15s train=0.98s
[t=1271.6s] rebel stream solves=486935 raw=502/s balanced=502/s debt=92 rows steps=1902 horizon=0.00 games=144 over=0 card=0 drop=0 L=0.01886 L/var=0.10 tgt=-0.019/0.439 aux=0.4366/0.824 cfg/b=23386 prep=0.09s gpu=0.00s conv=0.01s add=0.20s train=1.29s
[t=1281.6s] rebel stream solves=490061 raw=500/s balanced=500/s debt=308 rows steps=1914 horizon=0.00 games=82 over=0 card=0 drop=0 L=0.01944 L/var=0.09 tgt=-0.032/0.467 aux=0.4357/0.824 cfg/b=22863 prep=0.07s gpu=0.00s conv=0.00s add=0.12s train=0.79s
[t=1291.6s] rebel stream solves=493165 raw=498/s balanced=498/s debt=436 rows steps=1926 horizon=0.00 games=82 over=0 card=0 drop=0 L=0.01769 L/var=0.08 tgt=-0.033/0.470 aux=0.4352/0.824 cfg/b=22981 prep=0.05s gpu=0.00s conv=0.00s add=0.11s train=0.76s
[t=1301.7s] rebel stream solves=498337 raw=498/s balanced=498/s debt=644 rows steps=1946 horizon=0.00 games=132 over=0 card=0 drop=0 L=0.01758 L/var=0.08 tgt=-0.026/0.466 aux=0.4357/0.824 cfg/b=23365 prep=0.09s gpu=0.00s conv=0.00s add=0.18s train=1.25s
[t=1311.7s] rebel stream solves=502568 raw=497/s balanced=497/s debt=160 rows steps=1963 horizon=0.00 games=106 over=0 card=0 drop=0 L=0.01891 L/var=0.08 tgt=-0.057/0.484 aux=0.4340/0.825 cfg/b=23590 prep=0.07s gpu=0.00s conv=0.00s add=0.15s train=1.05s
[t=1321.7s] rebel stream solves=506734 raw=496/s balanced=496/s debt=440 rows steps=1979 horizon=0.00 games=108 over=0 card=0 drop=0 L=0.01769 L/var=0.08 tgt=-0.012/0.478 aux=0.4329/0.826 cfg/b=23260 prep=0.07s gpu=0.00s conv=0.00s add=0.14s train=1.02s
[t=1331.7s] rebel stream solves=509879 raw=495/s balanced=495/s debt=732 rows steps=1991 horizon=0.00 games=84 over=0 card=0 drop=0 L=0.01733 L/var=0.08 tgt=+0.001/0.467 aux=0.4343/0.825 cfg/b=23377 prep=0.06s gpu=0.00s conv=0.00s add=0.11s train=0.78s
[t=1342.0s] rebel stream solves=514074 raw=494/s balanced=494/s debt=104 rows steps=2008 horizon=0.00 games=111 over=0 card=0 drop=0 L=0.01814 L/var=0.08 tgt=-0.009/0.463 aux=0.4338/0.826 cfg/b=23138 prep=0.07s gpu=0.00s conv=0.00s add=0.16s train=1.03s
[t=1352.0s] rebel stream solves=518315 raw=493/s balanced=493/s debt=684 rows steps=2024 horizon=0.00 games=108 over=0 card=0 drop=0 L=0.01662 L/var=0.07 tgt=-0.014/0.483 aux=0.4374/0.824 cfg/b=23962 prep=0.07s gpu=0.00s conv=0.00s add=0.12s train=1.00s
[t=1362.0s] rebel stream solves=522476 raw=492/s balanced=492/s debt=944 rows steps=2040 horizon=0.00 games=112 over=0 card=0 drop=0 L=0.01654 L/var=0.07 tgt=-0.029/0.496 aux=0.4360/0.824 cfg/b=24112 prep=0.08s gpu=0.00s conv=0.00s add=0.13s train=0.98s
[t=1372.2s] rebel stream solves=528826 raw=494/s balanced=493/s debt=1768 rows steps=2064 horizon=0.00 games=159 over=0 card=0 drop=0 L=0.01753 L/var=0.08 tgt=-0.016/0.473 aux=0.4391/0.824 cfg/b=23507 prep=0.12s gpu=0.00s conv=0.00s add=0.21s train=1.47s
[t=1382.2s] rebel stream solves=535127 raw=495/s balanced=495/s debt=348 rows steps=2090 horizon=0.00 games=160 over=0 card=0 drop=0 L=0.01813 L/var=0.07 tgt=-0.031/0.514 aux=0.4369/0.823 cfg/b=23611 prep=0.11s gpu=0.00s conv=0.00s add=0.18s train=1.59s
[t=1392.2s] rebel stream solves=539321 raw=494/s balanced=494/s debt=740 rows steps=2106 horizon=0.00 games=109 over=0 card=0 drop=0 L=0.01665 L/var=0.08 tgt=-0.037/0.451 aux=0.4410/0.822 cfg/b=23826 prep=0.07s gpu=0.00s conv=0.00s add=0.13s train=0.98s
[t=1402.3s] rebel stream solves=543524 raw=494/s balanced=494/s debt=144 rows steps=2123 horizon=0.00 games=105 over=0 card=0 drop=0 L=0.01687 L/var=0.08 tgt=+0.001/0.465 aux=0.4422/0.821 cfg/b=23721 prep=0.08s gpu=0.00s conv=0.00s add=0.13s train=1.05s
[t=1412.3s] rebel stream solves=547699 raw=493/s balanced=493/s debt=460 rows steps=2139 horizon=0.00 games=111 over=0 card=0 drop=0 L=0.01686 L/var=0.08 tgt=-0.028/0.470 aux=0.4448/0.819 cfg/b=23610 prep=0.08s gpu=0.00s conv=0.00s add=0.15s train=1.02s
[t=1422.3s] rebel stream solves=552920 raw=493/s balanced=493/s debt=864 rows steps=2159 horizon=0.00 games=135 over=0 card=0 drop=0 L=0.01916 L/var=0.09 tgt=-0.007/0.466 aux=0.4500/0.818 cfg/b=24214 prep=0.11s gpu=0.00s conv=0.00s add=0.15s train=1.20s
[t=1432.5s] rebel stream solves=559177 raw=494/s balanced=494/s debt=292 rows steps=2184 horizon=0.00 games=158 over=0 card=0 drop=0 L=0.01814 L/var=0.08 tgt=-0.041/0.476 aux=0.4486/0.819 cfg/b=23709 prep=0.11s gpu=0.00s conv=0.00s add=0.21s train=1.57s
[t=1442.5s] rebel stream solves=563383 raw=494/s balanced=493/s debt=732 rows steps=2200 horizon=0.00 games=117 over=0 card=0 drop=0 L=0.01631 L/var=0.08 tgt=+0.003/0.455 aux=0.4494/0.819 cfg/b=24510 prep=0.07s gpu=0.00s conv=0.00s add=0.15s train=0.99s
[t=1452.5s] rebel stream solves=566486 raw=492/s balanced=492/s debt=856 rows steps=2212 horizon=0.01 games=84 over=0 card=0 drop=0 L=0.01735 L/var=0.08 tgt=-0.018/0.478 aux=0.4458/0.819 cfg/b=23647 prep=0.06s gpu=0.00s conv=0.00s add=0.10s train=0.73s
[t=1462.6s] rebel stream solves=570679 raw=491/s balanced=491/s debt=220 rows steps=2229 horizon=0.00 games=114 over=0 card=0 drop=0 L=0.01766 L/var=0.07 tgt=-0.075/0.502 aux=0.4498/0.818 cfg/b=24340 prep=0.10s gpu=0.00s conv=0.00s add=0.16s train=1.08s
[t=1472.6s] rebel stream solves=574858 raw=491/s balanced=491/s debt=552 rows steps=2245 horizon=0.00 games=111 over=0 card=0 drop=0 L=0.01709 L/var=0.07 tgt=-0.053/0.497 aux=0.4473/0.820 cfg/b=24377 prep=0.07s gpu=0.00s conv=0.00s add=0.15s train=0.99s
[t=1482.6s] rebel stream solves=577995 raw=489/s balanced=489/s debt=812 rows steps=2257 horizon=0.00 games=88 over=0 card=0 drop=0 L=0.01777 L/var=0.08 tgt=-0.030/0.461 aux=0.4443/0.819 cfg/b=23972 prep=0.07s gpu=0.00s conv=0.00s add=0.09s train=0.78s
[t=1492.7s] rebel stream solves=582173 raw=489/s balanced=488/s debt=2164 rows steps=2272 horizon=0.00 games=110 over=0 card=0 drop=0 L=0.01664 L/var=0.08 tgt=-0.038/0.444 aux=0.4465/0.820 cfg/b=24512 prep=0.06s gpu=0.00s conv=0.00s add=0.14s train=0.92s
[t=1502.7s] rebel stream solves=585270 raw=487/s balanced=487/s debt=216 rows steps=2286 horizon=0.00 games=83 over=0 card=0 drop=0 L=0.01720 L/var=0.09 tgt=+0.010/0.441 aux=0.4494/0.819 cfg/b=24870 prep=0.06s gpu=0.00s conv=0.00s add=0.11s train=0.86s
[t=1512.7s] rebel stream solves=588405 raw=486/s balanced=486/s debt=468 rows steps=2298 horizon=0.00 games=81 over=0 card=0 drop=0 L=0.01774 L/var=0.08 tgt=-0.007/0.471 aux=0.4502/0.818 cfg/b=24720 prep=0.05s gpu=0.00s conv=0.00s add=0.09s train=0.76s
[t=1522.8s] rebel stream solves=592609 raw=485/s balanced=485/s debt=900 rows steps=2314 horizon=0.00 games=111 over=0 card=0 drop=0 L=0.01771 L/var=0.07 tgt=-0.028/0.489 aux=0.4498/0.819 cfg/b=24333 prep=0.06s gpu=0.00s conv=0.00s add=0.14s train=0.98s
[t=1532.8s] rebel stream solves=598896 raw=486/s balanced=486/s debt=448 rows steps=2339 horizon=0.00 games=155 over=0 card=0 drop=0 L=0.01613 L/var=0.06 tgt=-0.039/0.505 aux=0.4459/0.820 cfg/b=24574 prep=0.12s gpu=0.00s conv=0.00s add=0.19s train=1.57s
[t=1542.9s] rebel stream solves=603107 raw=486/s balanced=485/s debt=908 rows steps=2355 horizon=0.00 games=111 over=0 card=0 drop=0 L=0.01794 L/var=0.09 tgt=+0.004/0.440 aux=0.4476/0.819 cfg/b=24954 prep=0.07s gpu=0.00s conv=0.00s add=0.16s train=1.00s
[t=1552.9s] rebel stream solves=606230 raw=484/s balanced=484/s debt=88 rows steps=2368 horizon=0.00 games=84 over=0 card=0 drop=0 L=0.01730 L/var=0.08 tgt=-0.042/0.468 aux=0.4446/0.819 cfg/b=24445 prep=0.05s gpu=0.00s conv=0.00s add=0.10s train=0.81s
[t=1562.9s] rebel stream solves=611461 raw=485/s balanced=484/s debt=532 rows steps=2388 horizon=0.00 games=138 over=0 card=0 drop=0 L=0.01801 L/var=0.08 tgt=-0.045/0.470 aux=0.4465/0.820 cfg/b=25026 prep=0.09s gpu=0.00s conv=0.00s add=0.17s train=1.23s
[t=1572.9s] rebel stream solves=614647 raw=483/s balanced=483/s debt=988 rows steps=2400 horizon=0.00 games=87 over=0 card=0 drop=0 L=0.01578 L/var=0.08 tgt=-0.001/0.440 aux=0.4407/0.822 cfg/b=24574 prep=0.05s gpu=0.00s conv=0.00s add=0.12s train=0.74s
[t=1583.0s] rebel stream solves=618803 raw=483/s balanced=483/s debt=204 rows steps=2417 horizon=0.00 games=102 over=0 card=0 drop=0 L=0.01673 L/var=0.08 tgt=-0.013/0.455 aux=0.4427/0.823 cfg/b=24973 prep=0.07s gpu=0.00s conv=0.00s add=0.12s train=1.05s
[t=1593.0s] rebel stream solves=624072 raw=483/s balanced=483/s debt=800 rows steps=2437 horizon=0.00 games=127 over=0 card=0 drop=0 L=0.01776 L/var=0.08 tgt=+0.011/0.468 aux=0.4418/0.822 cfg/b=24780 prep=0.09s gpu=0.00s conv=0.00s add=0.18s train=1.26s
[t=1603.1s] rebel stream solves=628227 raw=482/s balanced=482/s debt=12 rows steps=2454 horizon=0.00 games=119 over=0 card=0 drop=0 L=0.01656 L/var=0.08 tgt=-0.032/0.454 aux=0.4397/0.823 cfg/b=24338 prep=0.09s gpu=0.00s conv=0.00s add=0.15s train=1.06s
[t=1613.1s] rebel stream solves=631327 raw=481/s balanced=481/s debt=124 rows steps=2466 horizon=0.00 games=87 over=0 card=0 drop=0 L=0.01620 L/var=0.07 tgt=-0.056/0.469 aux=0.4398/0.824 cfg/b=24458 prep=0.05s gpu=0.00s conv=0.00s add=0.12s train=0.73s
[t=1623.1s] rebel stream solves=633422 raw=479/s balanced=479/s debt=312 rows steps=2474 horizon=0.00 games=55 over=0 card=0 drop=0 L=0.01586 L/var=0.08 tgt=-0.021/0.441 aux=0.4437/0.822 cfg/b=24520 prep=0.03s gpu=0.00s conv=0.00s add=0.08s train=0.50s
[t=1633.2s] rebel stream solves=637588 raw=479/s balanced=479/s debt=592 rows steps=2490 horizon=0.00 games=109 over=0 card=0 drop=0 L=0.01556 L/var=0.07 tgt=-0.017/0.463 aux=0.4390/0.824 cfg/b=24932 prep=0.07s gpu=0.00s conv=0.00s add=0.14s train=1.02s
[t=1643.2s] rebel stream solves=641755 raw=478/s balanced=478/s debt=876 rows steps=2506 horizon=0.00 games=107 over=0 card=0 drop=0 L=0.01619 L/var=0.07 tgt=-0.013/0.482 aux=0.4365/0.824 cfg/b=24776 prep=0.08s gpu=0.00s conv=0.00s add=0.16s train=1.04s
[t=1653.5s] rebel stream solves=646985 raw=478/s balanced=478/s debt=292 rows steps=2527 horizon=0.00 games=137 over=0 card=0 drop=0 L=0.01591 L/var=0.06 tgt=-0.069/0.498 aux=0.4400/0.824 cfg/b=25049 prep=0.13s gpu=0.00s conv=0.00s add=0.19s train=1.35s
[t=1663.5s] rebel stream solves=650114 raw=477/s balanced=477/s debt=520 rows steps=2539 horizon=0.00 games=79 over=0 card=0 drop=0 L=0.01658 L/var=0.08 tgt=-0.015/0.448 aux=0.4363/0.825 cfg/b=24905 prep=0.07s gpu=0.00s conv=0.00s add=0.11s train=0.80s
[t=1673.6s] rebel stream solves=653251 raw=476/s balanced=476/s debt=780 rows steps=2551 horizon=0.01 games=80 over=0 card=0 drop=0 L=0.01761 L/var=0.07 tgt=-0.063/0.508 aux=0.4397/0.823 cfg/b=25001 prep=0.05s gpu=0.00s conv=0.00s add=0.12s train=0.77s
[t=1683.6s] rebel stream solves=657414 raw=475/s balanced=475/s debt=24 rows steps=2568 horizon=0.00 games=109 over=0 card=0 drop=0 L=0.01846 L/var=0.08 tgt=-0.034/0.495 aux=0.4412/0.823 cfg/b=24341 prep=0.08s gpu=0.00s conv=0.00s add=0.14s train=1.06s
[t=1693.6s] rebel stream solves=660533 raw=474/s balanced=474/s debt=212 rows steps=2580 horizon=0.00 games=79 over=0 card=0 drop=0 L=0.01743 L/var=0.07 tgt=-0.022/0.492 aux=0.4392/0.824 cfg/b=24385 prep=0.05s gpu=0.00s conv=0.00s add=0.10s train=0.74s
[t=1703.7s] rebel stream solves=663682 raw=473/s balanced=473/s debt=520 rows steps=2592 horizon=0.00 games=80 over=0 card=0 drop=0 L=0.01675 L/var=0.06 tgt=-0.043/0.532 aux=0.4391/0.824 cfg/b=24984 prep=0.07s gpu=0.00s conv=0.00s add=0.11s train=0.74s
[t=1713.7s] rebel stream solves=667820 raw=473/s balanced=473/s debt=688 rows steps=2608 horizon=0.00 games=102 over=0 card=0 drop=0 L=0.01584 L/var=0.07 tgt=-0.037/0.480 aux=0.4403/0.822 cfg/b=24596 prep=0.07s gpu=0.00s conv=0.00s add=0.15s train=1.01s
[t=1723.7s] rebel stream solves=670930 raw=472/s balanced=471/s debt=840 rows steps=2620 horizon=0.00 games=81 over=0 card=0 drop=0 L=0.01572 L/var=0.06 tgt=-0.030/0.508 aux=0.4401/0.824 cfg/b=24914 prep=0.09s gpu=0.00s conv=0.00s add=0.12s train=0.79s
[t=1733.8s] rebel stream solves=674066 raw=470/s balanced=470/s debt=72 rows steps=2633 horizon=0.00 games=78 over=0 card=0 drop=0 L=0.01633 L/var=0.07 tgt=-0.024/0.470 aux=0.4414/0.823 cfg/b=24690 prep=0.05s gpu=0.00s conv=0.00s add=0.11s train=0.77s
[t=1743.8s] rebel stream solves=678238 raw=470/s balanced=470/s debt=376 rows steps=2649 horizon=0.00 games=106 over=0 card=0 drop=0 L=0.01583 L/var=0.07 tgt=-0.048/0.492 aux=0.4413/0.822 cfg/b=24840 prep=0.06s gpu=0.00s conv=0.00s add=0.14s train=0.97s
[t=1753.9s] rebel stream solves=682390 raw=470/s balanced=470/s debt=600 rows steps=2665 horizon=0.01 games=105 over=0 card=0 drop=0 L=0.01527 L/var=0.07 tgt=-0.022/0.463 aux=0.4393/0.824 cfg/b=25194 prep=0.06s gpu=0.00s conv=0.00s add=0.13s train=0.97s
[t=1763.9s] rebel stream solves=686605 raw=469/s balanced=469/s debt=52 rows steps=2682 horizon=0.01 games=107 over=0 card=0 drop=0 L=0.01615 L/var=0.07 tgt=-0.031/0.473 aux=0.4393/0.823 cfg/b=24765 prep=0.09s gpu=0.00s conv=0.00s add=0.16s train=1.03s
[t=1773.9s] rebel stream solves=690813 raw=469/s balanced=469/s debt=500 rows steps=2698 horizon=0.00 games=111 over=0 card=0 drop=0 L=0.01578 L/var=0.07 tgt=-0.025/0.468 aux=0.4425/0.822 cfg/b=24724 prep=0.09s gpu=0.00s conv=0.00s add=0.17s train=1.01s
[t=1783.9s] rebel stream solves=693963 raw=468/s balanced=468/s debt=812 rows steps=2710 horizon=0.00 games=88 over=0 card=0 drop=0 L=0.01562 L/var=0.07 tgt=-0.024/0.476 aux=0.4395/0.823 cfg/b=24652 prep=0.06s gpu=0.00s conv=0.00s add=0.12s train=0.77s
[t=1793.9s] rebel stream solves=697087 raw=467/s balanced=467/s debt=1020 rows steps=2722 horizon=0.00 games=80 over=0 card=0 drop=0 L=0.01555 L/var=0.07 tgt=-0.014/0.469 aux=0.4404/0.822 cfg/b=24704 prep=0.06s gpu=0.00s conv=0.00s add=0.12s train=0.75s
[t=1801.0s] --- snapshot snap_01.pt (s1) ---
[t=1803.9s] rebel stream solves=701248 raw=467/s balanced=467/s debt=256 rows steps=2739 horizon=0.00 games=110 over=0 card=0 drop=0 L=0.01639 L/var=0.07 tgt=-0.072/0.499 aux=0.4438/0.822 cfg/b=24988 prep=0.07s gpu=0.00s conv=0.00s add=0.17s train=1.06s
[t=1814.0s] rebel stream solves=705401 raw=466/s balanced=466/s debt=3556 rows steps=2752 horizon=0.00 games=115 over=0 card=0 drop=0 L=0.01615 L/var=0.07 tgt=-0.026/0.481 aux=0.4478/0.820 cfg/b=24374 prep=0.06s gpu=0.00s conv=0.00s add=0.14s train=0.80s
[t=1824.0s] rebel stream solves=709566 raw=466/s balanced=466/s debt=760 rows steps=2771 horizon=0.00 games=103 over=0 card=0 drop=0 L=0.01651 L/var=0.07 tgt=-0.053/0.503 aux=0.4387/0.824 cfg/b=24693 prep=0.09s gpu=0.00s conv=0.00s add=0.16s train=1.19s
[t=1834.0s] rebel stream solves=712668 raw=465/s balanced=465/s debt=880 rows steps=2783 horizon=0.00 games=86 over=0 card=0 drop=0 L=0.01501 L/var=0.07 tgt=-0.029/0.462 aux=0.4429/0.822 cfg/b=25003 prep=0.04s gpu=0.00s conv=0.00s add=0.12s train=0.72s
[t=1844.2s] rebel stream solves=716849 raw=465/s balanced=465/s debt=196 rows steps=2800 horizon=0.00 games=112 over=0 card=0 drop=0 L=0.01594 L/var=0.07 tgt=-0.033/0.493 aux=0.4408/0.823 cfg/b=25178 prep=0.09s gpu=0.00s conv=0.00s add=0.16s train=1.08s
[t=1854.2s] rebel stream solves=719985 raw=464/s balanced=463/s debt=452 rows steps=2812 horizon=0.00 games=83 over=0 card=0 drop=0 L=0.01608 L/var=0.08 tgt=-0.032/0.451 aux=0.4467/0.820 cfg/b=25208 prep=0.05s gpu=0.00s conv=0.00s add=0.10s train=0.74s
[t=1864.2s] rebel stream solves=724171 raw=463/s balanced=463/s debt=812 rows steps=2828 horizon=0.00 games=111 over=0 card=0 drop=0 L=0.01620 L/var=0.08 tgt=-0.021/0.455 aux=0.4422/0.822 cfg/b=24924 prep=0.07s gpu=0.00s conv=0.00s add=0.13s train=0.98s
[t=1874.2s] rebel stream solves=727278 raw=462/s balanced=462/s debt=952 rows steps=2840 horizon=0.00 games=73 over=0 card=0 drop=0 L=0.01542 L/var=0.07 tgt=+0.013/0.471 aux=0.4453/0.821 cfg/b=24633 prep=0.05s gpu=0.00s conv=0.00s add=0.09s train=0.72s
[t=1884.2s] rebel stream solves=729356 raw=461/s balanced=461/s debt=48 rows steps=2849 horizon=0.00 games=55 over=0 card=0 drop=0 L=0.01593 L/var=0.07 tgt=+0.021/0.465 aux=0.4499/0.819 cfg/b=25033 prep=0.05s gpu=0.00s conv=0.00s add=0.08s train=0.58s
[t=1894.3s] rebel stream solves=734537 raw=461/s balanced=461/s debt=292 rows steps=2869 horizon=0.00 games=134 over=0 card=0 drop=0 L=0.01715 L/var=0.06 tgt=-0.058/0.527 aux=0.4453/0.820 cfg/b=24702 prep=0.10s gpu=0.00s conv=0.00s add=0.19s train=1.25s
[t=1904.3s] rebel stream solves=739770 raw=461/s balanced=461/s debt=744 rows steps=2889 horizon=0.00 games=135 over=0 card=0 drop=0 L=0.01668 L/var=0.06 tgt=-0.049/0.527 aux=0.4435/0.822 cfg/b=24577 prep=0.08s gpu=0.00s conv=0.00s add=0.20s train=1.24s
[t=1914.3s] rebel stream solves=743930 raw=461/s balanced=461/s debt=1000 rows steps=2905 horizon=0.00 games=108 over=0 card=0 drop=0 L=0.01754 L/var=0.07 tgt=-0.026/0.507 aux=0.4440/0.822 cfg/b=25113 prep=0.07s gpu=0.00s conv=0.00s add=0.15s train=0.97s
[t=1924.6s] rebel stream solves=749131 raw=461/s balanced=461/s debt=300 rows steps=2926 horizon=0.01 games=129 over=0 card=0 drop=0 L=0.01719 L/var=0.07 tgt=+0.015/0.492 aux=0.4450/0.822 cfg/b=24749 prep=0.10s gpu=0.00s conv=0.00s add=0.19s train=1.30s
[t=1934.6s] rebel stream solves=751246 raw=460/s balanced=460/s debt=568 rows steps=2934 horizon=0.00 games=55 over=0 card=0 drop=0 L=0.01758 L/var=0.06 tgt=-0.027/0.530 aux=0.4480/0.820 cfg/b=24746 prep=0.04s gpu=0.00s conv=0.00s add=0.08s train=0.52s
[t=1944.7s] rebel stream solves=754387 raw=459/s balanced=459/s debt=844 rows steps=2946 horizon=0.00 games=82 over=0 card=0 drop=0 L=0.01602 L/var=0.07 tgt=-0.033/0.476 aux=0.4466/0.820 cfg/b=24620 prep=0.05s gpu=0.00s conv=0.00s add=0.12s train=0.75s
[t=1954.7s] rebel stream solves=756462 raw=457/s balanced=457/s debt=952 rows steps=2954 horizon=0.00 games=53 over=0 card=0 drop=0 L=0.01585 L/var=0.06 tgt=-0.073/0.494 aux=0.4414/0.824 cfg/b=24667 prep=0.03s gpu=0.00s conv=0.00s add=0.08s train=0.51s
[t=1964.8s] rebel stream solves=759604 raw=457/s balanced=457/s debt=208 rows steps=2967 horizon=0.00 games=81 over=0 card=0 drop=0 L=0.01599 L/var=0.07 tgt=-0.040/0.481 aux=0.4409/0.823 cfg/b=24864 prep=0.07s gpu=0.00s conv=0.00s add=0.11s train=0.80s
[t=1974.8s] rebel stream solves=764814 raw=457/s balanced=457/s debt=568 rows steps=2987 horizon=0.00 games=132 over=0 card=0 drop=0 L=0.01769 L/var=0.06 tgt=-0.050/0.526 aux=0.4405/0.824 cfg/b=24629 prep=0.10s gpu=0.00s conv=0.00s add=0.18s train=1.27s
[t=1984.8s] rebel stream solves=766868 raw=455/s balanced=455/s debt=592 rows steps=2995 horizon=0.00 games=51 over=0 card=0 drop=0 L=0.01815 L/var=0.11 tgt=-0.010/0.410 aux=0.4409/0.822 cfg/b=24495 prep=0.04s gpu=0.00s conv=0.00s add=0.07s train=0.50s
[t=1994.8s] rebel stream solves=774183 raw=457/s balanced=457/s debt=156 rows steps=3024 horizon=0.00 games=172 over=0 card=0 drop=0 L=0.01780 L/var=0.06 tgt=-0.048/0.559 aux=0.4363/0.825 cfg/b=24595 prep=0.13s gpu=0.00s conv=0.00s add=0.26s train=1.81s
[t=2005.1s] rebel stream solves=780438 raw=458/s balanced=458/s debt=600 rows steps=3048 horizon=0.01 games=154 over=0 card=0 drop=0 L=0.01683 L/var=0.06 tgt=-0.041/0.519 aux=0.4348/0.826 cfg/b=25093 prep=0.14s gpu=0.00s conv=0.00s add=0.21s train=1.48s
[t=2015.1s] rebel stream solves=783542 raw=457/s balanced=457/s debt=728 rows steps=3060 horizon=0.00 games=73 over=0 card=0 drop=0 L=0.01599 L/var=0.06 tgt=-0.007/0.505 aux=0.4362/0.825 cfg/b=24964 prep=0.06s gpu=0.00s conv=0.00s add=0.11s train=0.74s
[t=2025.1s] rebel stream solves=787726 raw=457/s balanced=457/s debt=56 rows steps=3077 horizon=0.00 games=111 over=0 card=0 drop=0 L=0.01571 L/var=0.06 tgt=-0.064/0.513 aux=0.4429/0.822 cfg/b=25406 prep=0.08s gpu=0.00s conv=0.00s add=0.14s train=1.06s
[t=2035.1s] rebel stream solves=790855 raw=456/s balanced=456/s debt=284 rows steps=3089 horizon=0.00 games=83 over=0 card=0 drop=0 L=0.01648 L/var=0.07 tgt=-0.027/0.481 aux=0.4428/0.821 cfg/b=25009 prep=0.05s gpu=0.00s conv=0.00s add=0.11s train=0.72s
[t=2045.2s] rebel stream solves=794004 raw=455/s balanced=455/s debt=592 rows steps=3101 horizon=0.00 games=86 over=0 card=0 drop=0 L=0.01641 L/var=0.07 tgt=-0.019/0.483 aux=0.4412/0.823 cfg/b=24841 prep=0.06s gpu=0.00s conv=0.00s add=0.12s train=0.76s
[t=2055.2s] rebel stream solves=797127 raw=454/s balanced=454/s debt=796 rows steps=3113 horizon=0.00 games=81 over=0 card=0 drop=0 L=0.01609 L/var=0.07 tgt=-0.045/0.479 aux=0.4411/0.823 cfg/b=25412 prep=0.05s gpu=0.00s conv=0.00s add=0.11s train=0.74s
[t=2065.2s] rebel stream solves=800221 raw=454/s balanced=453/s debt=884 rows steps=3125 horizon=0.00 games=82 over=0 card=0 drop=0 L=0.01774 L/var=0.07 tgt=-0.025/0.520 aux=0.4392/0.823 cfg/b=24712 prep=0.05s gpu=0.00s conv=0.00s add=0.10s train=0.76s
[t=2075.2s] rebel stream solves=802309 raw=452/s balanced=452/s debt=20 rows steps=3134 horizon=0.00 games=54 over=0 card=0 drop=0 L=0.01769 L/var=0.07 tgt=-0.039/0.505 aux=0.4356/0.826 cfg/b=24370 prep=0.04s gpu=0.00s conv=0.00s add=0.08s train=0.56s
[t=2085.3s] rebel stream solves=805433 raw=451/s balanced=451/s debt=228 rows steps=3146 horizon=0.00 games=80 over=0 card=0 drop=0 L=0.01719 L/var=0.08 tgt=-0.005/0.468 aux=0.4404/0.823 cfg/b=24718 prep=0.06s gpu=0.00s conv=0.00s add=0.12s train=0.77s
[t=2095.3s] rebel stream solves=809595 raw=451/s balanced=451/s debt=492 rows steps=3162 horizon=0.01 games=108 over=0 card=0 drop=0 L=0.01661 L/var=0.06 tgt=-0.025/0.510 aux=0.4390/0.824 cfg/b=24957 prep=0.08s gpu=0.00s conv=0.00s add=0.14s train=1.02s
[t=2105.3s] rebel stream solves=813764 raw=451/s balanced=451/s debt=784 rows steps=3178 horizon=0.00 games=110 over=0 card=0 drop=0 L=0.01574 L/var=0.06 tgt=-0.043/0.519 aux=0.4371/0.824 cfg/b=25414 prep=0.08s gpu=0.00s conv=0.00s add=0.13s train=1.01s
[t=2115.4s] rebel stream solves=816947 raw=450/s balanced=450/s debt=204 rows steps=3191 horizon=0.01 games=80 over=0 card=0 drop=0 L=0.01511 L/var=0.06 tgt=-0.014/0.516 aux=0.4396/0.823 cfg/b=25026 prep=0.06s gpu=0.00s conv=0.00s add=0.11s train=0.82s
[t=2125.4s] rebel stream solves=821119 raw=450/s balanced=450/s debt=508 rows steps=3207 horizon=0.00 games=108 over=0 card=0 drop=0 L=0.01572 L/var=0.07 tgt=-0.020/0.473 aux=0.4380/0.824 cfg/b=24919 prep=0.07s gpu=0.00s conv=0.00s add=0.13s train=0.99s
[t=2135.4s] rebel stream solves=825284 raw=450/s balanced=450/s debt=784 rows steps=3223 horizon=0.00 games=108 over=0 card=0 drop=0 L=0.01568 L/var=0.07 tgt=-0.035/0.491 aux=0.4413/0.823 cfg/b=25049 prep=0.08s gpu=0.00s conv=0.00s add=0.16s train=1.02s
[t=2145.4s] rebel stream solves=828416 raw=449/s balanced=449/s debt=0 rows steps=3236 horizon=0.00 games=76 over=0 card=0 drop=0 L=0.01703 L/var=0.07 tgt=-0.002/0.491 aux=0.4433/0.822 cfg/b=25333 prep=0.05s gpu=0.00s conv=0.00s add=0.09s train=0.81s
[t=2155.5s] rebel stream solves=833668 raw=450/s balanced=449/s debt=528 rows steps=3256 horizon=0.00 games=124 over=0 card=0 drop=0 L=0.01692 L/var=0.07 tgt=-0.005/0.507 aux=0.4435/0.822 cfg/b=24349 prep=0.09s gpu=0.00s conv=0.00s add=0.16s train=1.20s
[t=2165.6s] rebel stream solves=836819 raw=449/s balanced=449/s debt=844 rows steps=3268 horizon=0.00 games=77 over=0 card=0 drop=0 L=0.01676 L/var=0.07 tgt=-0.053/0.494 aux=0.4352/0.826 cfg/b=24368 prep=0.05s gpu=0.00s conv=0.00s add=0.11s train=0.74s
[t=2175.6s] rebel stream solves=841016 raw=449/s balanced=449/s debt=224 rows steps=3285 horizon=0.00 games=97 over=0 card=0 drop=0 L=0.01703 L/var=0.06 tgt=-0.048/0.541 aux=0.4348/0.826 cfg/b=24546 prep=0.08s gpu=0.00s conv=0.00s add=0.15s train=1.10s
[t=2185.8s] rebel stream solves=845229 raw=448/s balanced=448/s debt=692 rows steps=3301 horizon=0.00 games=111 over=0 card=0 drop=0 L=0.01607 L/var=0.06 tgt=-0.036/0.527 aux=0.4351/0.825 cfg/b=24838 prep=0.07s gpu=0.00s conv=0.00s add=0.16s train=0.99s
[t=2195.9s] rebel stream solves=847284 raw=447/s balanced=447/s debt=720 rows steps=3309 horizon=0.00 games=55 over=0 card=0 drop=0 L=0.01681 L/var=0.08 tgt=-0.016/0.465 aux=0.4408/0.822 cfg/b=24741 prep=0.03s gpu=0.00s conv=0.00s add=0.08s train=0.50s
[t=2205.9s] rebel stream solves=850477 raw=446/s balanced=446/s debt=180 rows steps=3322 horizon=0.01 games=80 over=0 card=0 drop=0 L=0.01661 L/var=0.07 tgt=-0.030/0.503 aux=0.4409/0.823 cfg/b=24852 prep=0.06s gpu=0.00s conv=0.00s add=0.11s train=0.82s
[t=2215.9s] rebel stream solves=854658 raw=446/s balanced=446/s debt=520 rows steps=3338 horizon=0.00 games=106 over=0 card=0 drop=0 L=0.01837 L/var=0.07 tgt=-0.017/0.523 aux=0.4385/0.823 cfg/b=24788 prep=0.07s gpu=0.00s conv=0.00s add=0.13s train=0.99s
[t=2226.1s] rebel stream solves=860976 raw=447/s balanced=447/s debt=192 rows steps=3363 horizon=0.01 games=146 over=0 card=0 drop=0 L=0.01645 L/var=0.05 tgt=-0.038/0.548 aux=0.4387/0.824 cfg/b=24795 prep=0.14s gpu=0.00s conv=0.00s add=0.23s train=1.60s
[t=2236.1s] rebel stream solves=865201 raw=447/s balanced=447/s debt=708 rows steps=3379 horizon=0.01 games=96 over=0 card=0 drop=0 L=0.01583 L/var=0.06 tgt=+0.024/0.515 aux=0.4358/0.825 cfg/b=24795 prep=0.07s gpu=0.00s conv=0.00s add=0.13s train=1.01s
[t=2246.2s] rebel stream solves=869416 raw=447/s balanced=447/s debt=160 rows steps=3396 horizon=0.00 games=100 over=0 card=0 drop=0 L=0.01531 L/var=0.06 tgt=-0.021/0.492 aux=0.4360/0.825 cfg/b=24723 prep=0.08s gpu=0.00s conv=0.00s add=0.15s train=1.07s
[t=2256.2s] rebel stream solves=872566 raw=446/s balanced=446/s debt=472 rows steps=3408 horizon=0.03 games=74 over=0 card=0 drop=0 L=0.01630 L/var=0.07 tgt=+0.013/0.480 aux=0.4373/0.826 cfg/b=24056 prep=0.05s gpu=0.00s conv=0.00s add=0.11s train=0.73s
[t=2266.3s] rebel stream solves=878819 raw=447/s balanced=447/s debt=908 rows steps=3432 horizon=0.00 games=153 over=0 card=0 drop=0 L=0.01563 L/var=0.06 tgt=-0.035/0.505 aux=0.4390/0.824 cfg/b=24431 prep=0.10s gpu=0.00s conv=0.00s add=0.23s train=1.49s
[t=2276.3s] rebel stream solves=883036 raw=447/s balanced=447/s debt=368 rows steps=3449 horizon=0.00 games=103 over=0 card=0 drop=0 L=0.01563 L/var=0.05 tgt=-0.031/0.544 aux=0.4384/0.824 cfg/b=24499 prep=0.07s gpu=0.00s conv=0.00s add=0.16s train=1.05s
[t=2286.4s] rebel stream solves=886180 raw=446/s balanced=446/s debt=656 rows steps=3461 horizon=0.00 games=77 over=0 card=0 drop=0 L=0.01513 L/var=0.06 tgt=-0.034/0.514 aux=0.4365/0.825 cfg/b=24470 prep=0.05s gpu=0.00s conv=0.00s add=0.11s train=0.73s
[t=2296.4s] rebel stream solves=888326 raw=445/s balanced=445/s debt=24 rows steps=3470 horizon=0.00 games=54 over=0 card=0 drop=0 L=0.01558 L/var=0.08 tgt=+0.020/0.453 aux=0.4353/0.825 cfg/b=24425 prep=0.04s gpu=0.00s conv=0.00s add=0.08s train=0.55s
[t=2306.4s] rebel stream solves=892478 raw=445/s balanced=445/s debt=248 rows steps=3486 horizon=0.00 games=104 over=0 card=0 drop=0 L=0.01566 L/var=0.06 tgt=-0.035/0.503 aux=0.4415/0.822 cfg/b=24622 prep=0.07s gpu=0.00s conv=0.00s add=0.16s train=0.99s
[t=2316.5s] rebel stream solves=897672 raw=445/s balanced=445/s debt=544 rows steps=3506 horizon=0.01 games=126 over=0 card=0 drop=0 L=0.01550 L/var=0.05 tgt=-0.069/0.540 aux=0.4377/0.824 cfg/b=24616 prep=0.09s gpu=0.00s conv=0.00s add=0.18s train=1.23s
[t=2326.6s] rebel stream solves=902893 raw=446/s balanced=446/s debt=948 rows steps=3526 horizon=0.00 games=129 over=0 card=0 drop=0 L=0.01599 L/var=0.06 tgt=-0.054/0.532 aux=0.4399/0.822 cfg/b=24529 prep=0.08s gpu=0.00s conv=0.00s add=0.20s train=1.24s
[t=2336.6s] rebel stream solves=904972 raw=445/s balanced=445/s debt=48 rows steps=3535 horizon=0.00 games=57 over=0 card=0 drop=0 L=0.01586 L/var=0.07 tgt=+0.017/0.476 aux=0.4408/0.822 cfg/b=24203 prep=0.04s gpu=0.00s conv=0.00s add=0.08s train=0.57s
[t=2346.6s] rebel stream solves=908133 raw=444/s balanced=444/s debt=404 rows steps=3547 horizon=0.00 games=83 over=0 card=0 drop=0 L=0.01605 L/var=0.06 tgt=-0.048/0.505 aux=0.4403/0.823 cfg/b=24183 prep=0.06s gpu=0.00s conv=0.00s add=0.11s train=0.75s
[t=2356.7s] rebel stream solves=912381 raw=444/s balanced=444/s debt=1012 rows steps=3563 horizon=0.00 games=101 over=0 card=0 drop=0 L=0.01584 L/var=0.06 tgt=-0.046/0.504 aux=0.4411/0.823 cfg/b=24543 prep=0.08s gpu=0.00s conv=0.00s add=0.16s train=1.02s
[t=2366.7s] rebel stream solves=917666 raw=444/s balanced=444/s debt=648 rows steps=3584 horizon=0.00 games=131 over=0 card=0 drop=0 L=0.01587 L/var=0.06 tgt=-0.006/0.536 aux=0.4449/0.821 cfg/b=24596 prep=0.08s gpu=0.00s conv=0.00s add=0.20s train=1.29s
[t=2376.7s] rebel stream solves=922886 raw=445/s balanced=445/s debt=24 rows steps=3605 horizon=0.00 games=123 over=0 card=0 drop=0 L=0.01595 L/var=0.05 tgt=-0.032/0.549 aux=0.4419/0.822 cfg/b=24686 prep=0.09s gpu=0.00s conv=0.00s add=0.18s train=1.29s
[t=2386.8s] rebel stream solves=928137 raw=445/s balanced=445/s debt=548 rows steps=3625 horizon=0.01 games=131 over=0 card=0 drop=0 L=0.01660 L/var=0.06 tgt=-0.048/0.530 aux=0.4409/0.823 cfg/b=24772 prep=0.09s gpu=0.00s conv=0.00s add=0.20s train=1.22s
[t=2396.8s] rebel stream solves=932295 raw=445/s balanced=445/s debt=796 rows steps=3641 horizon=0.00 games=112 over=0 card=0 drop=0 L=0.01626 L/var=0.06 tgt=-0.063/0.517 aux=0.4375/0.824 cfg/b=25135 prep=0.07s gpu=0.00s conv=0.00s add=0.16s train=0.98s
[t=2406.8s] rebel stream solves=935476 raw=444/s balanced=444/s debt=208 rows steps=3654 horizon=0.01 games=80 over=0 card=0 drop=0 L=0.01576 L/var=0.06 tgt=-0.004/0.509 aux=0.4402/0.823 cfg/b=24996 prep=0.05s gpu=0.00s conv=0.00s add=0.12s train=0.80s
[t=2416.8s] rebel stream solves=938580 raw=444/s balanced=444/s debt=336 rows steps=3666 horizon=0.00 games=74 over=0 card=0 drop=0 L=0.01636 L/var=0.07 tgt=-0.043/0.488 aux=0.4444/0.820 cfg/b=24666 prep=0.05s gpu=0.00s conv=0.00s add=0.11s train=0.73s
[t=2426.9s] rebel stream solves=941707 raw=443/s balanced=443/s debt=556 rows steps=3678 horizon=0.00 games=88 over=0 card=0 drop=0 L=0.01552 L/var=0.07 tgt=-0.032/0.485 aux=0.4392/0.824 cfg/b=25191 prep=0.05s gpu=0.00s conv=0.00s add=0.12s train=0.75s
[t=2436.9s] rebel stream solves=945877 raw=443/s balanced=443/s debt=852 rows steps=3694 horizon=0.00 games=109 over=0 card=0 drop=0 L=0.01568 L/var=0.06 tgt=-0.050/0.517 aux=0.4373/0.825 cfg/b=24779 prep=0.07s gpu=0.00s conv=0.00s add=0.14s train=1.00s
[t=2446.9s] rebel stream solves=950049 raw=443/s balanced=443/s debt=132 rows steps=3711 horizon=0.00 games=99 over=0 card=0 drop=0 L=0.01617 L/var=0.06 tgt=+0.021/0.503 aux=0.4389/0.823 cfg/b=24411 prep=0.09s gpu=0.00s conv=0.00s add=0.15s train=1.07s
[t=2457.0s] rebel stream solves=954256 raw=443/s balanced=443/s debt=576 rows steps=3727 horizon=0.01 games=104 over=0 card=0 drop=0 L=0.01538 L/var=0.05 tgt=-0.029/0.529 aux=0.4417/0.822 cfg/b=24760 prep=0.07s gpu=0.00s conv=0.00s add=0.13s train=1.01s
[t=2467.0s] rebel stream solves=958428 raw=442/s balanced=442/s debt=880 rows steps=3743 horizon=0.00 games=114 over=0 card=0 drop=0 L=0.01573 L/var=0.07 tgt=-0.009/0.481 aux=0.4466/0.821 cfg/b=24888 prep=0.10s gpu=0.00s conv=0.00s add=0.16s train=1.05s
[t=2477.0s] rebel stream solves=961599 raw=442/s balanced=442/s debt=252 rows steps=3756 horizon=0.00 games=86 over=0 card=0 drop=0 L=0.01577 L/var=0.07 tgt=+0.009/0.482 aux=0.4441/0.822 cfg/b=24527 prep=0.05s gpu=0.00s conv=0.00s add=0.12s train=0.80s
[t=2487.1s] rebel stream solves=965786 raw=442/s balanced=442/s debt=616 rows steps=3772 horizon=0.01 games=101 over=0 card=0 drop=0 L=0.01494 L/var=0.05 tgt=-0.025/0.539 aux=0.4451/0.821 cfg/b=24738 prep=0.07s gpu=0.00s conv=0.00s add=0.16s train=0.95s
[t=2497.1s] rebel stream solves=968962 raw=441/s balanced=441/s debt=8 rows steps=3785 horizon=0.00 games=80 over=0 card=0 drop=0 L=0.01517 L/var=0.06 tgt=-0.063/0.518 aux=0.4425/0.821 cfg/b=24207 prep=0.07s gpu=0.00s conv=0.00s add=0.11s train=0.79s
[t=2507.1s] rebel stream solves=972110 raw=441/s balanced=441/s debt=312 rows steps=3797 horizon=0.00 games=84 over=0 card=0 drop=0 L=0.01628 L/var=0.07 tgt=-0.044/0.473 aux=0.4508/0.819 cfg/b=24472 prep=0.06s gpu=0.00s conv=0.00s add=0.10s train=0.72s
[t=2517.1s] rebel stream solves=974169 raw=440/s balanced=440/s debt=356 rows steps=3805 horizon=0.00 games=53 over=0 card=0 drop=0 L=0.01803 L/var=0.08 tgt=-0.007/0.462 aux=0.4436/0.822 cfg/b=24202 prep=0.05s gpu=0.00s conv=0.00s add=0.08s train=0.50s
[t=2527.2s] rebel stream solves=977307 raw=439/s balanced=439/s debt=620 rows steps=3817 horizon=0.00 games=75 over=0 card=0 drop=0 L=0.01697 L/var=0.06 tgt=-0.131/0.531 aux=0.4526/0.819 cfg/b=25160 prep=0.05s gpu=0.00s conv=0.00s add=0.11s train=0.73s
[t=2537.2s] rebel stream solves=979392 raw=438/s balanced=438/s debt=768 rows steps=3825 horizon=0.00 games=50 over=0 card=0 drop=0 L=0.01793 L/var=0.08 tgt=-0.011/0.484 aux=0.4487/0.820 cfg/b=24489 prep=0.04s gpu=0.00s conv=0.00s add=0.06s train=0.50s
[t=2547.2s] rebel stream solves=984648 raw=438/s balanced=438/s debt=288 rows steps=3846 horizon=0.00 games=131 over=0 card=0 drop=0 L=0.01678 L/var=0.07 tgt=-0.023/0.491 aux=0.4509/0.819 cfg/b=24378 prep=0.09s gpu=0.00s conv=0.00s add=0.19s train=1.34s
[t=2557.2s] rebel stream solves=987802 raw=438/s balanced=438/s debt=616 rows steps=3858 horizon=0.01 games=85 over=0 card=0 drop=0 L=0.01643 L/var=0.06 tgt=-0.010/0.527 aux=0.4483/0.819 cfg/b=24334 prep=0.06s gpu=0.00s conv=0.00s add=0.12s train=0.76s
[t=2567.2s] rebel stream solves=992005 raw=438/s balanced=438/s debt=20 rows steps=3875 horizon=0.00 games=106 over=0 card=0 drop=0 L=0.01526 L/var=0.05 tgt=-0.060/0.532 aux=0.4493/0.819 cfg/b=24829 prep=0.09s gpu=0.00s conv=0.00s add=0.15s train=1.09s
[t=2577.3s] rebel stream solves=996140 raw=438/s balanced=438/s debt=176 rows steps=3891 horizon=0.00 games=98 over=0 card=0 drop=0 L=0.01519 L/var=0.06 tgt=-0.026/0.514 aux=0.4506/0.819 cfg/b=24005 prep=0.08s gpu=0.00s conv=0.00s add=0.15s train=1.01s
[t=2587.3s] rebel stream solves=1002397 raw=438/s balanced=438/s debt=628 rows steps=3915 horizon=0.00 games=144 over=0 card=0 drop=0 L=0.01688 L/var=0.06 tgt=-0.050/0.549 aux=0.4449/0.822 cfg/b=24455 prep=0.11s gpu=0.00s conv=0.00s add=0.19s train=1.50s
[t=2597.3s] rebel stream solves=1006581 raw=438/s balanced=438/s debt=980 rows steps=3931 horizon=0.00 games=105 over=0 card=0 drop=0 L=0.01757 L/var=0.07 tgt=+0.018/0.490 aux=0.4405/0.823 cfg/b=23988 prep=0.07s gpu=0.00s conv=0.00s add=0.14s train=1.00s
[t=2607.4s] rebel stream solves=1009718 raw=438/s balanced=438/s debt=216 rows steps=3944 horizon=0.00 games=79 over=0 card=0 drop=0 L=0.01649 L/var=0.07 tgt=-0.023/0.484 aux=0.4441/0.820 cfg/b=24387 prep=0.05s gpu=0.00s conv=0.00s add=0.12s train=0.79s
[t=2617.4s] rebel stream solves=1012872 raw=437/s balanced=437/s debt=544 rows steps=3956 horizon=0.01 games=75 over=0 card=0 drop=0 L=0.01642 L/var=0.07 tgt=-0.030/0.492 aux=0.4480/0.819 cfg/b=24152 prep=0.05s gpu=0.00s conv=0.00s add=0.12s train=0.73s
[t=2627.4s] rebel stream solves=1016017 raw=437/s balanced=437/s debt=836 rows steps=3968 horizon=0.01 games=73 over=0 card=0 drop=0 L=0.01615 L/var=0.06 tgt=+0.025/0.529 aux=0.4565/0.815 cfg/b=24470 prep=0.05s gpu=0.00s conv=0.00s add=0.11s train=0.74s
[t=2637.4s] rebel stream solves=1020213 raw=437/s balanced=437/s debt=212 rows steps=3985 horizon=0.00 games=106 over=0 card=0 drop=0 L=0.01688 L/var=0.07 tgt=+0.003/0.497 aux=0.4477/0.819 cfg/b=24225 prep=0.07s gpu=0.00s conv=0.00s add=0.15s train=1.04s
[t=2647.5s] rebel stream solves=1024409 raw=437/s balanced=437/s debt=612 rows steps=4001 horizon=0.00 games=99 over=0 card=0 drop=0 L=0.01630 L/var=0.07 tgt=-0.004/0.498 aux=0.4529/0.817 cfg/b=24307 prep=0.08s gpu=0.00s conv=0.00s add=0.16s train=1.00s
[t=2657.5s] rebel stream solves=1027540 raw=436/s balanced=436/s debt=848 rows steps=4013 horizon=0.00 games=80 over=0 card=0 drop=0 L=0.01686 L/var=0.07 tgt=-0.020/0.495 aux=0.4509/0.818 cfg/b=24271 prep=0.07s gpu=0.00s conv=0.00s add=0.09s train=0.75s
[t=2667.6s] rebel stream solves=1031709 raw=436/s balanced=436/s debt=116 rows steps=4030 horizon=0.00 games=103 over=0 card=0 drop=0 L=0.01787 L/var=0.06 tgt=-0.008/0.538 aux=0.4476/0.819 cfg/b=24265 prep=0.08s gpu=0.00s conv=0.00s add=0.13s train=1.04s
[t=2677.0s] --- lr -> 5.00e-04 ---
[t=2677.6s] rebel stream solves=1034820 raw=435/s balanced=435/s debt=272 rows steps=4042 horizon=0.00 games=78 over=0 card=0 drop=0 L=0.01456 L/var=0.05 tgt=-0.069/0.545 aux=0.4513/0.817 cfg/b=24290 prep=0.05s gpu=0.00s conv=0.00s add=0.09s train=0.76s
[t=2687.6s] rebel stream solves=1037956 raw=435/s balanced=435/s debt=528 rows steps=4054 horizon=0.00 games=78 over=0 card=0 drop=0 L=0.01573 L/var=0.06 tgt=-0.015/0.504 aux=0.4477/0.819 cfg/b=24574 prep=0.05s gpu=0.00s conv=0.00s add=0.09s train=0.73s
[t=2697.7s] rebel stream solves=1042097 raw=435/s balanced=435/s debt=708 rows steps=4070 horizon=0.00 games=110 over=0 card=0 drop=0 L=0.01514 L/var=0.06 tgt=-0.027/0.516 aux=0.4427/0.821 cfg/b=24028 prep=0.07s gpu=0.00s conv=0.00s add=0.12s train=0.98s
[t=2707.7s] rebel stream solves=1046274 raw=435/s balanced=435/s debt=8 rows steps=4087 horizon=0.00 games=103 over=0 card=0 drop=0 L=0.01443 L/var=0.05 tgt=-0.037/0.552 aux=0.4432/0.820 cfg/b=24405 prep=0.10s gpu=0.00s conv=0.00s add=0.15s train=1.08s
[t=2718.2s] rebel stream solves=1049422 raw=434/s balanced=434/s debt=3384 rows steps=4096 horizon=0.00 games=79 over=0 card=0 drop=0 L=0.01455 L/var=0.05 tgt=-0.069/0.549 aux=0.4493/0.818 cfg/b=23904 prep=0.04s gpu=0.00s conv=0.00s add=0.12s train=0.55s
[t=2728.2s] rebel stream solves=1052607 raw=434/s balanced=434/s debt=764 rows steps=4111 horizon=0.00 games=84 over=0 card=0 drop=0 L=0.01479 L/var=0.06 tgt=-0.040/0.506 aux=0.4493/0.818 cfg/b=24476 prep=0.07s gpu=0.00s conv=0.00s add=0.12s train=0.90s
[t=2738.2s] rebel stream solves=1055717 raw=433/s balanced=433/s debt=916 rows steps=4123 horizon=0.00 games=75 over=0 card=0 drop=0 L=0.01456 L/var=0.05 tgt=-0.020/0.520 aux=0.4516/0.817 cfg/b=24118 prep=0.07s gpu=0.00s conv=0.00s add=0.12s train=0.77s
[t=2748.3s] rebel stream solves=1059975 raw=433/s balanced=433/s debt=540 rows steps=4140 horizon=0.01 games=100 over=0 card=0 drop=0 L=0.01543 L/var=0.05 tgt=-0.044/0.556 aux=0.4470/0.820 cfg/b=24568 prep=0.08s gpu=0.00s conv=0.00s add=0.15s train=1.06s
[t=2758.3s] rebel stream solves=1064130 raw=433/s balanced=433/s debt=776 rows steps=4156 horizon=0.02 games=95 over=0 card=0 drop=0 L=0.01442 L/var=0.05 tgt=-0.003/0.563 aux=0.4467/0.820 cfg/b=24480 prep=0.08s gpu=0.00s conv=0.00s add=0.14s train=0.99s
[t=2768.3s] rebel stream solves=1068349 raw=433/s balanced=433/s debt=244 rows steps=4173 horizon=0.00 games=109 over=0 card=0 drop=0 L=0.01487 L/var=0.06 tgt=-0.019/0.495 aux=0.4472/0.819 cfg/b=24496 prep=0.09s gpu=0.00s conv=0.00s add=0.16s train=1.07s
[t=2778.3s] rebel stream solves=1072520 raw=433/s balanced=433/s debt=544 rows steps=4189 horizon=0.00 games=109 over=0 card=0 drop=0 L=0.01469 L/var=0.06 tgt=-0.019/0.511 aux=0.4475/0.820 cfg/b=24757 prep=0.07s gpu=0.00s conv=0.00s add=0.15s train=0.99s
[t=2788.4s] rebel stream solves=1075649 raw=432/s balanced=432/s debt=772 rows steps=4201 horizon=0.00 games=77 over=0 card=0 drop=0 L=0.01489 L/var=0.06 tgt=-0.022/0.518 aux=0.4488/0.819 cfg/b=24523 prep=0.07s gpu=0.00s conv=0.00s add=0.11s train=0.74s
[t=2798.4s] rebel stream solves=1079842 raw=432/s balanced=432/s debt=136 rows steps=4218 horizon=0.00 games=102 over=0 card=0 drop=0 L=0.01410 L/var=0.05 tgt=-0.026/0.523 aux=0.4488/0.820 cfg/b=24806 prep=0.09s gpu=0.00s conv=0.00s add=0.13s train=1.08s
[t=2808.4s] rebel stream solves=1083991 raw=432/s balanced=432/s debt=348 rows steps=4234 horizon=0.02 games=100 over=0 card=0 drop=0 L=0.01391 L/var=0.05 tgt=-0.023/0.509 aux=0.4493/0.820 cfg/b=24806 prep=0.08s gpu=0.00s conv=0.00s add=0.15s train=1.03s
[t=2818.4s] rebel stream solves=1087215 raw=432/s balanced=432/s debt=956 rows steps=4246 horizon=0.01 games=80 over=0 card=0 drop=0 L=0.01469 L/var=0.06 tgt=-0.010/0.507 aux=0.4475/0.821 cfg/b=24498 prep=0.05s gpu=0.00s conv=0.00s add=0.11s train=0.78s
[t=2828.4s] rebel stream solves=1090328 raw=431/s balanced=431/s debt=96 rows steps=4259 horizon=0.00 games=76 over=0 card=0 drop=0 L=0.01427 L/var=0.05 tgt=-0.047/0.526 aux=0.4491/0.820 cfg/b=24220 prep=0.05s gpu=0.00s conv=0.00s add=0.10s train=0.79s
[t=2838.4s] rebel stream solves=1093455 raw=431/s balanced=431/s debt=316 rows steps=4271 horizon=0.00 games=81 over=0 card=0 drop=0 L=0.01426 L/var=0.06 tgt=+0.006/0.476 aux=0.4527/0.818 cfg/b=24461 prep=0.05s gpu=0.00s conv=0.00s add=0.12s train=0.75s
[t=2848.5s] rebel stream solves=1095530 raw=430/s balanced=430/s debt=424 rows steps=4279 horizon=0.00 games=51 over=0 card=0 drop=0 L=0.01486 L/var=0.06 tgt=-0.031/0.488 aux=0.4542/0.817 cfg/b=24791 prep=0.04s gpu=0.00s conv=0.00s add=0.07s train=0.54s
[t=2858.5s] rebel stream solves=1098671 raw=430/s balanced=430/s debt=700 rows steps=4291 horizon=0.03 games=77 over=0 card=0 drop=0 L=0.01475 L/var=0.05 tgt=-0.040/0.553 aux=0.4504/0.819 cfg/b=24489 prep=0.06s gpu=0.00s conv=0.00s add=0.11s train=0.76s
[t=2868.5s] rebel stream solves=1102870 raw=430/s balanced=430/s debt=88 rows steps=4308 horizon=0.00 games=99 over=0 card=0 drop=0 L=0.01441 L/var=0.05 tgt=-0.049/0.542 aux=0.4545/0.818 cfg/b=24369 prep=0.08s gpu=0.00s conv=0.00s add=0.13s train=1.06s
[t=2878.7s] rebel stream solves=1107057 raw=429/s balanced=429/s debt=452 rows steps=4324 horizon=0.00 games=104 over=0 card=0 drop=0 L=0.01402 L/var=0.04 tgt=-0.052/0.562 aux=0.4551/0.816 cfg/b=24371 prep=0.08s gpu=0.00s conv=0.00s add=0.13s train=1.00s
[t=2888.7s] rebel stream solves=1110165 raw=429/s balanced=429/s debt=596 rows steps=4336 horizon=0.00 games=71 over=0 card=0 drop=0 L=0.01530 L/var=0.05 tgt=-0.046/0.550 aux=0.4538/0.818 cfg/b=24694 prep=0.05s gpu=0.00s conv=0.00s add=0.10s train=0.72s
[t=2898.7s] rebel stream solves=1115479 raw=429/s balanced=429/s debt=348 rows steps=4357 horizon=0.00 games=113 over=0 card=0 drop=0 L=0.01434 L/var=0.04 tgt=-0.069/0.612 aux=0.4579/0.816 cfg/b=24558 prep=0.09s gpu=0.00s conv=0.00s add=0.20s train=1.27s
[t=2908.7s] rebel stream solves=1119661 raw=429/s balanced=429/s debt=692 rows steps=4373 horizon=0.00 games=94 over=0 card=0 drop=0 L=0.01476 L/var=0.04 tgt=-0.041/0.601 aux=0.4568/0.816 cfg/b=24673 prep=0.10s gpu=0.00s conv=0.00s add=0.15s train=1.05s
[t=2918.8s] rebel stream solves=1123859 raw=429/s balanced=429/s debt=76 rows steps=4390 horizon=0.00 games=101 over=0 card=0 drop=0 L=0.01458 L/var=0.05 tgt=-0.000/0.517 aux=0.4569/0.816 cfg/b=24535 prep=0.07s gpu=0.00s conv=0.00s add=0.14s train=1.06s
[t=2928.8s] rebel stream solves=1128091 raw=429/s balanced=429/s debt=620 rows steps=4406 horizon=0.00 games=98 over=0 card=0 drop=0 L=0.01432 L/var=0.05 tgt=-0.032/0.524 aux=0.4561/0.816 cfg/b=24807 prep=0.08s gpu=0.00s conv=0.00s add=0.14s train=1.02s
[t=2938.8s] rebel stream solves=1131219 raw=429/s balanced=429/s debt=844 rows steps=4418 horizon=0.00 games=84 over=0 card=0 drop=0 L=0.01405 L/var=0.05 tgt=-0.008/0.517 aux=0.4589/0.814 cfg/b=24776 prep=0.06s gpu=0.00s conv=0.00s add=0.13s train=0.77s
[t=2948.9s] rebel stream solves=1134360 raw=428/s balanced=428/s debt=96 rows steps=4431 horizon=0.00 games=74 over=0 card=0 drop=0 L=0.01521 L/var=0.06 tgt=-0.036/0.514 aux=0.4576/0.814 cfg/b=24556 prep=0.05s gpu=0.00s conv=0.00s add=0.11s train=0.81s
[t=2958.9s] rebel stream solves=1137476 raw=428/s balanced=428/s debt=272 rows steps=4443 horizon=0.00 games=76 over=0 card=0 drop=0 L=0.01473 L/var=0.05 tgt=-0.086/0.532 aux=0.4543/0.816 cfg/b=24524 prep=0.05s gpu=0.00s conv=0.00s add=0.12s train=0.77s
[t=2968.9s] rebel stream solves=1142688 raw=428/s balanced=428/s debt=640 rows steps=4463 horizon=0.00 games=133 over=0 card=0 drop=0 L=0.01436 L/var=0.06 tgt=-0.008/0.506 aux=0.4538/0.817 cfg/b=24723 prep=0.09s gpu=0.00s conv=0.00s add=0.19s train=1.25s
[t=2979.0s] rebel stream solves=1146881 raw=428/s balanced=428/s debt=4 rows steps=4480 horizon=0.01 games=103 over=0 card=0 drop=0 L=0.01473 L/var=0.06 tgt=-0.016/0.516 aux=0.4506/0.819 cfg/b=24534 prep=0.08s gpu=0.00s conv=0.00s add=0.15s train=1.07s
[t=2989.0s] rebel stream solves=1151099 raw=428/s balanced=428/s debt=492 rows steps=4496 horizon=0.01 games=101 over=0 card=0 drop=0 L=0.01424 L/var=0.05 tgt=-0.033/0.517 aux=0.4485/0.819 cfg/b=24656 prep=0.06s gpu=0.00s conv=0.00s add=0.11s train=0.96s
[t=2999.0s] rebel stream solves=1156322 raw=429/s balanced=428/s debt=904 rows steps=4516 horizon=0.01 games=122 over=0 card=0 drop=0 L=0.01461 L/var=0.05 tgt=-0.001/0.544 aux=0.4449/0.821 cfg/b=24633 prep=0.10s gpu=0.00s conv=0.00s add=0.19s train=1.24s
[t=3009.1s] rebel stream solves=1158409 raw=428/s balanced=428/s debt=36 rows steps=4525 horizon=0.02 games=48 over=0 card=0 drop=0 L=0.01387 L/var=0.05 tgt=-0.011/0.523 aux=0.4460/0.821 cfg/b=24184 prep=0.04s gpu=0.00s conv=0.00s add=0.07s train=0.58s
[t=3019.1s] rebel stream solves=1161525 raw=427/s balanced=427/s debt=212 rows steps=4537 horizon=0.00 games=77 over=0 card=0 drop=0 L=0.01470 L/var=0.05 tgt=-0.047/0.551 aux=0.4454/0.819 cfg/b=24441 prep=0.06s gpu=0.00s conv=0.00s add=0.11s train=0.75s
[t=3029.3s] rebel stream solves=1166722 raw=428/s balanced=428/s debt=520 rows steps=4557 horizon=0.01 games=128 over=0 card=0 drop=0 L=0.01484 L/var=0.06 tgt=-0.046/0.512 aux=0.4482/0.820 cfg/b=24206 prep=0.10s gpu=0.00s conv=0.00s add=0.21s train=1.25s
[t=3039.4s] rebel stream solves=1170884 raw=428/s balanced=428/s debt=784 rows steps=4573 horizon=0.01 games=92 over=0 card=0 drop=0 L=0.01463 L/var=0.05 tgt=+0.017/0.534 aux=0.4499/0.818 cfg/b=24190 prep=0.07s gpu=0.00s conv=0.01s add=0.15s train=1.01s
[t=3049.4s] rebel stream solves=1174042 raw=427/s balanced=427/s debt=104 rows steps=4586 horizon=0.00 games=78 over=0 card=0 drop=0 L=0.01496 L/var=0.05 tgt=-0.026/0.535 aux=0.4448/0.820 cfg/b=24166 prep=0.05s gpu=0.00s conv=0.00s add=0.13s train=0.80s
[t=3059.4s] rebel stream solves=1177187 raw=427/s balanced=427/s debt=396 rows steps=4598 horizon=0.01 games=77 over=0 card=0 drop=0 L=0.01498 L/var=0.05 tgt=-0.010/0.534 aux=0.4460/0.820 cfg/b=23861 prep=0.06s gpu=0.00s conv=0.00s add=0.13s train=0.80s
[t=3069.4s] rebel stream solves=1180299 raw=426/s balanced=426/s debt=556 rows steps=4610 horizon=0.00 games=80 over=0 card=0 drop=0 L=0.01383 L/var=0.06 tgt=-0.028/0.486 aux=0.4506/0.818 cfg/b=24434 prep=0.05s gpu=0.00s conv=0.00s add=0.11s train=0.74s
[t=3080.1s] rebel stream solves=1184518 raw=426/s balanced=426/s debt=3096 rows steps=4624 horizon=0.00 games=100 over=0 card=0 drop=0 L=0.01438 L/var=0.05 tgt=-0.017/0.535 aux=0.4505/0.818 cfg/b=24062 prep=0.06s gpu=0.00s conv=0.00s add=0.15s train=0.87s
[t=3090.1s] rebel stream solves=1187655 raw=426/s balanced=426/s debt=284 rows steps=4639 horizon=0.00 games=82 over=0 card=0 drop=0 L=0.01420 L/var=0.05 tgt=-0.031/0.525 aux=0.4519/0.817 cfg/b=24136 prep=0.06s gpu=0.00s conv=0.00s add=0.12s train=0.92s
[t=3100.3s] rebel stream solves=1190875 raw=425/s balanced=425/s debt=876 rows steps=4651 horizon=0.00 games=78 over=0 card=0 drop=0 L=0.01463 L/var=0.05 tgt=-0.026/0.518 aux=0.4506/0.817 cfg/b=23914 prep=0.05s gpu=0.00s conv=0.00s add=0.12s train=0.76s
[t=3110.3s] rebel stream solves=1195050 raw=425/s balanced=425/s debt=168 rows steps=4668 horizon=0.00 games=101 over=0 card=0 drop=0 L=0.01501 L/var=0.05 tgt=-0.040/0.531 aux=0.4553/0.816 cfg/b=24480 prep=0.08s gpu=0.00s conv=0.00s add=0.16s train=1.10s
[t=3120.4s] rebel stream solves=1199242 raw=425/s balanced=425/s debt=552 rows steps=4684 horizon=0.00 games=95 over=0 card=0 drop=0 L=0.01399 L/var=0.05 tgt=+0.002/0.541 aux=0.4540/0.817 cfg/b=24267 prep=0.08s gpu=0.00s conv=0.00s add=0.15s train=0.95s
[t=3130.4s] rebel stream solves=1203444 raw=425/s balanced=425/s debt=976 rows steps=4700 horizon=0.00 games=105 over=0 card=0 drop=0 L=0.01447 L/var=0.05 tgt=-0.019/0.517 aux=0.4493/0.818 cfg/b=24472 prep=0.09s gpu=0.00s conv=0.00s add=0.15s train=1.01s
[t=3140.5s] rebel stream solves=1207621 raw=425/s balanced=425/s debt=276 rows steps=4717 horizon=0.00 games=108 over=0 card=0 drop=0 L=0.01412 L/var=0.05 tgt=-0.024/0.515 aux=0.4533/0.817 cfg/b=24495 prep=0.07s gpu=0.00s conv=0.00s add=0.17s train=1.05s
[t=3150.5s] rebel stream solves=1210742 raw=425/s balanced=425/s debt=472 rows steps=4729 horizon=0.00 games=78 over=0 card=0 drop=0 L=0.01449 L/var=0.05 tgt=+0.016/0.515 aux=0.4511/0.817 cfg/b=24842 prep=0.05s gpu=0.00s conv=0.00s add=0.12s train=0.75s
[t=3160.5s] rebel stream solves=1212853 raw=424/s balanced=424/s debt=724 rows steps=4737 horizon=0.02 games=44 over=0 card=0 drop=0 L=0.01395 L/var=0.05 tgt=+0.016/0.526 aux=0.4562/0.815 cfg/b=24071 prep=0.04s gpu=0.00s conv=0.00s add=0.08s train=0.51s
[t=3170.5s] rebel stream solves=1217013 raw=424/s balanced=424/s debt=980 rows steps=4753 horizon=0.00 games=102 over=0 card=0 drop=0 L=0.01450 L/var=0.05 tgt=-0.052/0.531 aux=0.4528/0.816 cfg/b=24179 prep=0.08s gpu=0.00s conv=0.00s add=0.15s train=1.03s
[t=3180.6s] rebel stream solves=1220133 raw=424/s balanced=424/s debt=148 rows steps=4766 horizon=0.00 games=74 over=0 card=0 drop=0 L=0.01426 L/var=0.05 tgt=-0.010/0.510 aux=0.4560/0.815 cfg/b=24244 prep=0.05s gpu=0.00s conv=0.00s add=0.11s train=0.80s
[t=3190.6s] rebel stream solves=1223263 raw=423/s balanced=423/s debt=380 rows steps=4778 horizon=0.00 games=82 over=0 card=0 drop=0 L=0.01472 L/var=0.06 tgt=-0.017/0.494 aux=0.4535/0.817 cfg/b=24223 prep=0.07s gpu=0.00s conv=0.00s add=0.11s train=0.78s
[t=3200.6s] rebel stream solves=1225406 raw=423/s balanced=423/s debt=760 rows steps=4786 horizon=0.02 games=50 over=0 card=0 drop=0 L=0.01511 L/var=0.05 tgt=+0.001/0.531 aux=0.4470/0.819 cfg/b=24408 prep=0.04s gpu=0.00s conv=0.00s add=0.08s train=0.51s
[t=3211.6s] rebel stream solves=1229559 raw=422/s balanced=422/s debt=3036 rows steps=4800 horizon=0.00 games=100 over=0 card=0 drop=0 L=0.01457 L/var=0.05 tgt=-0.047/0.557 aux=0.4519/0.816 cfg/b=24109 prep=0.07s gpu=0.00s conv=0.00s add=0.15s train=0.91s
[t=3221.8s] rebel stream solves=1233701 raw=422/s balanced=422/s debt=148 rows steps=4819 horizon=0.00 games=101 over=0 card=0 drop=0 L=0.01424 L/var=0.05 tgt=-0.064/0.542 aux=0.4510/0.818 cfg/b=23727 prep=0.08s gpu=0.00s conv=0.00s add=0.16s train=1.18s
[t=3231.8s] rebel stream solves=1237903 raw=422/s balanced=422/s debt=572 rows steps=4835 horizon=0.02 games=101 over=0 card=0 drop=0 L=0.01438 L/var=0.05 tgt=-0.065/0.552 aux=0.4469/0.819 cfg/b=24133 prep=0.07s gpu=0.00s conv=0.00s add=0.14s train=1.01s
[t=3241.8s] rebel stream solves=1243146 raw=423/s balanced=423/s debt=40 rows steps=4856 horizon=0.01 games=124 over=0 card=0 drop=0 L=0.01436 L/var=0.05 tgt=-0.036/0.527 aux=0.4542/0.816 cfg/b=23812 prep=0.09s gpu=0.00s conv=0.00s add=0.18s train=1.34s
[t=3251.9s] rebel stream solves=1246285 raw=422/s balanced=422/s debt=308 rows steps=4868 horizon=0.03 games=72 over=0 card=0 drop=0 L=0.01409 L/var=0.05 tgt=+0.009/0.526 aux=0.4525/0.817 cfg/b=24298 prep=0.05s gpu=0.00s conv=0.00s add=0.12s train=0.73s
[t=3261.9s] rebel stream solves=1248359 raw=422/s balanced=422/s debt=412 rows steps=4876 horizon=0.00 games=47 over=0 card=0 drop=0 L=0.01449 L/var=0.05 tgt=-0.045/0.542 aux=0.4555/0.817 cfg/b=23570 prep=0.03s gpu=0.00s conv=0.00s add=0.08s train=0.50s
[t=3271.9s] rebel stream solves=1251519 raw=421/s balanced=421/s debt=764 rows steps=4888 horizon=0.00 games=76 over=0 card=0 drop=0 L=0.01475 L/var=0.05 tgt=-0.065/0.522 aux=0.4552/0.815 cfg/b=23568 prep=0.05s gpu=0.00s conv=0.00s add=0.12s train=0.73s
[t=3281.9s] rebel stream solves=1255694 raw=421/s balanced=421/s debt=56 rows steps=4905 horizon=0.01 games=91 over=0 card=0 drop=0 L=0.01459 L/var=0.05 tgt=-0.009/0.540 aux=0.4557/0.816 cfg/b=23807 prep=0.08s gpu=0.00s conv=0.00s add=0.14s train=1.08s
[t=3291.9s] rebel stream solves=1259894 raw=421/s balanced=421/s debt=472 rows steps=4921 horizon=0.01 games=94 over=0 card=0 drop=0 L=0.01437 L/var=0.04 tgt=-0.011/0.578 aux=0.4538/0.817 cfg/b=23670 prep=0.07s gpu=0.00s conv=0.00s add=0.16s train=0.99s
[t=3301.1s] --- snapshot snap_02.pt (s2) ---
[t=3302.0s] rebel stream solves=1264063 raw=421/s balanced=421/s debt=764 rows steps=4937 horizon=0.01 games=92 over=0 card=0 drop=0 L=0.01487 L/var=0.05 tgt=+0.008/0.562 aux=0.4566/0.815 cfg/b=23575 prep=0.07s gpu=0.00s conv=0.00s add=0.13s train=1.00s
[t=3312.0s] rebel stream solves=1266145 raw=421/s balanced=420/s debt=900 rows steps=4945 horizon=0.00 games=54 over=0 card=0 drop=0 L=0.01420 L/var=0.06 tgt=+0.007/0.503 aux=0.4572/0.814 cfg/b=23962 prep=0.04s gpu=0.00s conv=0.00s add=0.08s train=0.49s
[t=3322.0s] rebel stream solves=1269276 raw=420/s balanced=420/s debt=112 rows steps=4958 horizon=0.00 games=79 over=0 card=0 drop=0 L=0.01573 L/var=0.05 tgt=-0.024/0.541 aux=0.4565/0.816 cfg/b=23978 prep=0.06s gpu=0.00s conv=0.00s add=0.12s train=0.80s
[t=3332.0s] rebel stream solves=1272380 raw=420/s balanced=420/s debt=240 rows steps=4970 horizon=0.01 games=70 over=0 card=0 drop=0 L=0.01446 L/var=0.04 tgt=-0.032/0.578 aux=0.4515/0.816 cfg/b=24027 prep=0.05s gpu=0.00s conv=0.00s add=0.11s train=0.73s
[t=3342.0s] rebel stream solves=1276531 raw=420/s balanced=420/s debt=460 rows steps=4986 horizon=0.00 games=103 over=0 card=0 drop=0 L=0.01467 L/var=0.05 tgt=-0.056/0.548 aux=0.4503/0.817 cfg/b=23880 prep=0.07s gpu=0.00s conv=0.00s add=0.15s train=0.99s
[t=3352.1s] rebel stream solves=1280715 raw=420/s balanced=420/s debt=812 rows steps=5002 horizon=0.00 games=96 over=0 card=0 drop=0 L=0.01413 L/var=0.05 tgt=-0.034/0.543 aux=0.4542/0.816 cfg/b=23868 prep=0.07s gpu=0.00s conv=0.00s add=0.15s train=1.01s
[t=3362.2s] rebel stream solves=1283855 raw=419/s balanced=419/s debt=60 rows steps=5015 horizon=0.00 games=77 over=0 card=0 drop=0 L=0.01446 L/var=0.06 tgt=+0.012/0.507 aux=0.4572/0.815 cfg/b=24072 prep=0.06s gpu=0.00s conv=0.00s add=0.12s train=0.82s
[t=3372.2s] rebel stream solves=1286987 raw=419/s balanced=419/s debt=300 rows steps=5027 horizon=0.00 games=70 over=0 card=0 drop=0 L=0.01456 L/var=0.06 tgt=-0.025/0.508 aux=0.4585/0.814 cfg/b=23205 prep=0.06s gpu=0.00s conv=0.00s add=0.09s train=0.77s
[t=3382.2s] rebel stream solves=1291164 raw=419/s balanced=419/s debt=624 rows steps=5043 horizon=0.00 games=105 over=0 card=0 drop=0 L=0.01367 L/var=0.04 tgt=-0.056/0.571 aux=0.4532/0.816 cfg/b=23651 prep=0.08s gpu=0.00s conv=0.00s add=0.16s train=1.02s
[t=3392.2s] rebel stream solves=1294317 raw=419/s balanced=419/s debt=948 rows steps=5055 horizon=0.01 games=74 over=0 card=0 drop=0 L=0.01386 L/var=0.05 tgt=-0.042/0.520 aux=0.4528/0.816 cfg/b=23753 prep=0.05s gpu=0.00s conv=0.00s add=0.07s train=0.72s
[t=3402.2s] rebel stream solves=1297467 raw=418/s balanced=418/s debt=236 rows steps=5068 horizon=0.03 games=69 over=0 card=0 drop=0 L=0.01431 L/var=0.05 tgt=-0.041/0.532 aux=0.4533/0.817 cfg/b=23878 prep=0.06s gpu=0.00s conv=0.00s add=0.10s train=0.82s
[t=3412.3s] rebel stream solves=1301625 raw=418/s balanced=418/s debt=484 rows steps=5084 horizon=0.00 games=100 over=0 card=0 drop=0 L=0.01413 L/var=0.05 tgt=-0.056/0.534 aux=0.4511/0.818 cfg/b=23822 prep=0.09s gpu=0.00s conv=0.00s add=0.13s train=1.00s
[t=3422.5s] rebel stream solves=1304742 raw=418/s balanced=418/s debt=664 rows steps=5096 horizon=0.00 games=77 over=0 card=0 drop=0 L=0.01453 L/var=0.05 tgt=-0.049/0.529 aux=0.4526/0.817 cfg/b=23818 prep=0.06s gpu=0.00s conv=0.00s add=0.11s train=0.77s
[t=3432.5s] rebel stream solves=1307899 raw=418/s balanced=418/s debt=1004 rows steps=5108 horizon=0.00 games=68 over=0 card=0 drop=0 L=0.01536 L/var=0.05 tgt=-0.043/0.570 aux=0.4542/0.816 cfg/b=23725 prep=0.05s gpu=0.00s conv=0.00s add=0.11s train=0.75s
[t=3442.6s] rebel stream solves=1312096 raw=418/s balanced=418/s debt=384 rows steps=5125 horizon=0.01 games=98 over=0 card=0 drop=0 L=0.01438 L/var=0.05 tgt=+0.003/0.552 aux=0.4520/0.818 cfg/b=23760 prep=0.08s gpu=0.00s conv=0.00s add=0.14s train=1.09s
[t=3452.6s] rebel stream solves=1316261 raw=418/s balanced=418/s debt=660 rows steps=5141 horizon=0.01 games=96 over=0 card=0 drop=0 L=0.01468 L/var=0.04 tgt=+0.018/0.594 aux=0.4555/0.816 cfg/b=23194 prep=0.06s gpu=0.00s conv=0.00s add=0.13s train=0.96s
[t=3462.6s] rebel stream solves=1319396 raw=417/s balanced=417/s debt=912 rows steps=5153 horizon=0.00 games=77 over=0 card=0 drop=0 L=0.01427 L/var=0.05 tgt=-0.003/0.542 aux=0.4568/0.815 cfg/b=23625 prep=0.05s gpu=0.00s conv=0.00s add=0.12s train=0.74s
[t=3472.6s] rebel stream solves=1322494 raw=417/s balanced=417/s debt=1016 rows steps=5165 horizon=0.01 games=77 over=0 card=0 drop=0 L=0.01426 L/var=0.05 tgt=-0.027/0.540 aux=0.4610/0.813 cfg/b=23896 prep=0.06s gpu=0.00s conv=0.00s add=0.11s train=0.74s
[t=3482.6s] rebel stream solves=1326664 raw=417/s balanced=417/s debt=288 rows steps=5182 horizon=0.00 games=99 over=0 card=0 drop=0 L=0.01444 L/var=0.05 tgt=-0.035/0.547 aux=0.4543/0.816 cfg/b=23800 prep=0.10s gpu=0.00s conv=0.00s add=0.16s train=1.03s
[t=3492.6s] rebel stream solves=1330844 raw=417/s balanced=417/s debt=624 rows steps=5198 horizon=0.00 games=98 over=0 card=0 drop=0 L=0.01403 L/var=0.05 tgt=-0.049/0.540 aux=0.4591/0.813 cfg/b=23896 prep=0.07s gpu=0.00s conv=0.00s add=0.13s train=1.00s
[t=3503.0s] rebel stream solves=1335067 raw=417/s balanced=417/s debt=108 rows steps=5215 horizon=0.01 games=96 over=0 card=0 drop=0 L=0.01443 L/var=0.05 tgt=-0.014/0.557 aux=0.4625/0.811 cfg/b=23892 prep=0.08s gpu=0.00s conv=0.00s add=0.15s train=1.03s
[t=3513.0s] rebel stream solves=1338208 raw=417/s balanced=417/s debt=384 rows steps=5227 horizon=0.00 games=75 over=0 card=0 drop=0 L=0.01531 L/var=0.06 tgt=-0.001/0.517 aux=0.4562/0.815 cfg/b=23631 prep=0.07s gpu=0.00s conv=0.00s add=0.10s train=0.77s
[t=3523.0s] rebel stream solves=1341299 raw=416/s balanced=416/s debt=460 rows steps=5239 horizon=0.00 games=69 over=0 card=0 drop=0 L=0.01494 L/var=0.06 tgt=-0.015/0.510 aux=0.4589/0.812 cfg/b=23971 prep=0.06s gpu=0.00s conv=0.00s add=0.11s train=0.77s
[t=3533.0s] rebel stream solves=1344477 raw=416/s balanced=416/s debt=884 rows steps=5251 horizon=0.00 games=72 over=0 card=0 drop=0 L=0.01438 L/var=0.05 tgt=-0.016/0.514 aux=0.4571/0.813 cfg/b=24066 prep=0.06s gpu=0.00s conv=0.00s add=0.12s train=0.75s
[t=3543.1s] rebel stream solves=1348672 raw=416/s balanced=416/s debt=256 rows steps=5268 horizon=0.00 games=104 over=0 card=0 drop=0 L=0.01415 L/var=0.05 tgt=-0.047/0.546 aux=0.4560/0.814 cfg/b=23878 prep=0.09s gpu=0.00s conv=0.00s add=0.14s train=1.06s
[t=3553.1s] rebel stream solves=1351829 raw=416/s balanced=416/s debt=596 rows steps=5280 horizon=0.00 games=79 over=0 card=0 drop=0 L=0.01486 L/var=0.06 tgt=-0.020/0.507 aux=0.4577/0.814 cfg/b=23955 prep=0.06s gpu=0.00s conv=0.00s add=0.10s train=0.75s
[t=3563.1s] rebel stream solves=1354932 raw=415/s balanced=415/s debt=720 rows steps=5292 horizon=0.00 games=76 over=0 card=0 drop=0 L=0.01381 L/var=0.05 tgt=+0.007/0.536 aux=0.4568/0.814 cfg/b=24223 prep=0.07s gpu=0.00s conv=0.00s add=0.11s train=0.76s
[t=3573.1s] rebel stream solves=1358063 raw=415/s balanced=415/s debt=956 rows steps=5304 horizon=0.00 games=80 over=0 card=0 drop=0 L=0.01511 L/var=0.05 tgt=+0.003/0.543 aux=0.4579/0.813 cfg/b=24012 prep=0.05s gpu=0.00s conv=0.00s add=0.11s train=0.75s
[t=3583.2s] rebel stream solves=1362211 raw=415/s balanced=415/s debt=140 rows steps=5321 horizon=0.00 games=96 over=0 card=0 drop=0 L=0.01454 L/var=0.06 tgt=-0.006/0.492 aux=0.4602/0.812 cfg/b=24002 prep=0.08s gpu=0.00s conv=0.00s add=0.14s train=1.06s
[t=3593.2s] rebel stream solves=1364316 raw=414/s balanced=414/s debt=368 rows steps=5329 horizon=0.00 games=51 over=0 card=0 drop=0 L=0.01498 L/var=0.05 tgt=-0.060/0.559 aux=0.4631/0.811 cfg/b=24081 prep=0.03s gpu=0.00s conv=0.00s add=0.08s train=0.49s
[t=3603.2s] rebel stream solves=1366403 raw=414/s balanced=414/s debt=524 rows steps=5337 horizon=0.02 games=51 over=0 card=0 drop=0 L=0.01500 L/var=0.05 tgt=-0.019/0.550 aux=0.4582/0.813 cfg/b=24194 prep=0.04s gpu=0.00s conv=0.00s add=0.08s train=0.51s
[t=3613.3s] rebel stream solves=1369588 raw=413/s balanced=413/s debt=976 rows steps=5349 horizon=0.00 games=72 over=0 card=0 drop=0 L=0.01487 L/var=0.05 tgt=+0.024/0.529 aux=0.4669/0.808 cfg/b=23932 prep=0.05s gpu=0.00s conv=0.00s add=0.11s train=0.75s
[t=3623.3s] rebel stream solves=1375854 raw=414/s balanced=414/s debt=440 rows steps=5374 horizon=0.00 games=140 over=0 card=0 drop=0 L=0.01479 L/var=0.04 tgt=-0.059/0.596 aux=0.4607/0.813 cfg/b=23818 prep=0.11s gpu=0.00s conv=0.00s add=0.22s train=1.55s
[t=3633.3s] rebel stream solves=1380045 raw=414/s balanced=414/s debt=820 rows steps=5390 horizon=0.01 games=94 over=0 card=0 drop=0 L=0.01468 L/var=0.04 tgt=-0.004/0.593 aux=0.4581/0.813 cfg/b=23677 prep=0.08s gpu=0.00s conv=0.00s add=0.14s train=1.01s
[t=3643.3s] rebel stream solves=1382139 raw=414/s balanced=413/s debt=1004 rows steps=5398 horizon=0.00 games=53 over=0 card=0 drop=0 L=0.01421 L/var=0.06 tgt=+0.034/0.499 aux=0.4589/0.813 cfg/b=24101 prep=0.05s gpu=0.00s conv=0.00s add=0.07s train=0.54s
[t=3653.3s] rebel stream solves=1384238 raw=413/s balanced=413/s debt=184 rows steps=5407 horizon=0.00 games=55 over=0 card=0 drop=0 L=0.01501 L/var=0.06 tgt=+0.010/0.490 aux=0.4610/0.813 cfg/b=24216 prep=0.04s gpu=0.00s conv=0.00s add=0.08s train=0.56s
[t=3663.3s] rebel stream solves=1388481 raw=413/s balanced=413/s debt=772 rows steps=5423 horizon=0.01 games=94 over=0 card=0 drop=0 L=0.01465 L/var=0.05 tgt=-0.018/0.550 aux=0.4578/0.814 cfg/b=23613 prep=0.07s gpu=0.00s conv=0.00s add=0.15s train=1.03s
[t=3673.5s] rebel stream solves=1392645 raw=413/s balanced=413/s debt=20 rows steps=5440 horizon=0.00 games=98 over=0 card=0 drop=0 L=0.01456 L/var=0.05 tgt=+0.003/0.541 aux=0.4577/0.812 cfg/b=23998 prep=0.10s gpu=0.00s conv=0.00s add=0.16s train=1.07s
[t=3683.7s] rebel stream solves=1396826 raw=413/s balanced=413/s debt=360 rows steps=5456 horizon=0.00 games=101 over=0 card=0 drop=0 L=0.01481 L/var=0.05 tgt=-0.055/0.547 aux=0.4572/0.813 cfg/b=23664 prep=0.06s gpu=0.00s conv=0.00s add=0.14s train=0.97s
[t=3693.7s] rebel stream solves=1400994 raw=413/s balanced=413/s debt=648 rows steps=5472 horizon=0.00 games=97 over=0 card=0 drop=0 L=0.01518 L/var=0.05 tgt=+0.012/0.546 aux=0.4562/0.815 cfg/b=23784 prep=0.07s gpu=0.00s conv=0.00s add=0.15s train=0.99s
[t=3703.8s] rebel stream solves=1404130 raw=413/s balanced=413/s debt=904 rows steps=5484 horizon=0.00 games=75 over=0 card=0 drop=0 L=0.01533 L/var=0.06 tgt=+0.002/0.522 aux=0.4617/0.812 cfg/b=24167 prep=0.06s gpu=0.00s conv=0.00s add=0.11s train=0.75s
[t=3713.8s] rebel stream solves=1407275 raw=412/s balanced=412/s debt=172 rows steps=5497 horizon=0.03 games=73 over=0 card=0 drop=0 L=0.01504 L/var=0.06 tgt=+0.038/0.521 aux=0.4589/0.812 cfg/b=23830 prep=0.06s gpu=0.00s conv=0.00s add=0.12s train=0.80s
[t=3724.0s] rebel stream solves=1409336 raw=412/s balanced=412/s debt=1248 rows steps=5504 horizon=0.00 games=52 over=0 card=0 drop=0 L=0.01593 L/var=0.07 tgt=+0.003/0.483 aux=0.4559/0.815 cfg/b=24037 prep=0.03s gpu=0.00s conv=0.00s add=0.07s train=0.43s
[t=3734.1s] rebel stream solves=1413545 raw=412/s balanced=412/s debt=676 rows steps=5521 horizon=0.00 games=96 over=0 card=0 drop=0 L=0.01568 L/var=0.06 tgt=+0.004/0.529 aux=0.4647/0.810 cfg/b=23675 prep=0.09s gpu=0.00s conv=0.00s add=0.13s train=1.07s
[t=3744.1s] rebel stream solves=1416711 raw=411/s balanced=411/s debt=28 rows steps=5534 horizon=0.00 games=72 over=0 card=0 drop=0 L=0.01489 L/var=0.05 tgt=+0.013/0.555 aux=0.4579/0.813 cfg/b=23822 prep=0.06s gpu=0.00s conv=0.00s add=0.10s train=0.81s
[t=3754.1s] rebel stream solves=1420873 raw=411/s balanced=411/s debt=292 rows steps=5550 horizon=0.01 games=101 over=0 card=0 drop=0 L=0.01529 L/var=0.06 tgt=-0.014/0.502 aux=0.4614/0.811 cfg/b=23836 prep=0.06s gpu=0.00s conv=0.00s add=0.15s train=0.98s
[t=3764.1s] rebel stream solves=1424031 raw=411/s balanced=411/s debt=636 rows steps=5562 horizon=0.00 games=73 over=0 card=0 drop=0 L=0.01355 L/var=0.05 tgt=-0.042/0.546 aux=0.4588/0.812 cfg/b=23596 prep=0.06s gpu=0.00s conv=0.00s add=0.12s train=0.79s
[t=3774.1s] rebel stream solves=1428269 raw=411/s balanced=411/s debt=180 rows steps=5579 horizon=0.01 games=95 over=0 card=0 drop=0 L=0.01525 L/var=0.05 tgt=+0.027/0.531 aux=0.4597/0.812 cfg/b=23571 prep=0.07s gpu=0.00s conv=0.00s add=0.13s train=1.08s
[t=3784.2s] rebel stream solves=1432426 raw=411/s balanced=411/s debt=424 rows steps=5595 horizon=0.01 games=95 over=0 card=0 drop=0 L=0.01509 L/var=0.05 tgt=-0.007/0.527 aux=0.4589/0.813 cfg/b=23265 prep=0.09s gpu=0.00s conv=0.00s add=0.14s train=1.04s
[t=3794.2s] rebel stream solves=1436572 raw=411/s balanced=411/s debt=624 rows steps=5611 horizon=0.00 games=99 over=0 card=0 drop=0 L=0.01467 L/var=0.05 tgt=-0.004/0.557 aux=0.4601/0.812 cfg/b=23509 prep=0.07s gpu=0.00s conv=0.00s add=0.13s train=1.00s
[t=3804.2s] rebel stream solves=1440724 raw=411/s balanced=411/s debt=848 rows steps=5627 horizon=0.00 games=100 over=0 card=0 drop=0 L=0.01556 L/var=0.05 tgt=-0.044/0.539 aux=0.4646/0.810 cfg/b=23340 prep=0.07s gpu=0.00s conv=0.00s add=0.15s train=1.01s
[t=3814.3s] rebel stream solves=1443899 raw=411/s balanced=411/s debt=236 rows steps=5640 horizon=0.00 games=73 over=0 card=0 drop=0 L=0.01648 L/var=0.06 tgt=+0.015/0.540 aux=0.4594/0.812 cfg/b=23554 prep=0.06s gpu=0.00s conv=0.00s add=0.12s train=0.80s
[t=3824.3s] rebel stream solves=1448140 raw=411/s balanced=411/s debt=816 rows steps=5656 horizon=0.01 games=91 over=0 card=0 drop=0 L=0.01494 L/var=0.05 tgt=+0.020/0.548 aux=0.4644/0.810 cfg/b=23269 prep=0.06s gpu=0.00s conv=0.00s add=0.13s train=0.95s
[t=3834.3s] rebel stream solves=1451251 raw=411/s balanced=411/s debt=972 rows steps=5668 horizon=0.00 games=66 over=0 card=0 drop=0 L=0.01532 L/var=0.05 tgt=-0.010/0.573 aux=0.4649/0.808 cfg/b=23363 prep=0.06s gpu=0.00s conv=0.00s add=0.09s train=0.74s
[t=3844.4s] rebel stream solves=1454355 raw=410/s balanced=410/s debt=76 rows steps=5681 horizon=0.01 games=70 over=0 card=0 drop=0 L=0.01452 L/var=0.05 tgt=-0.058/0.557 aux=0.4630/0.808 cfg/b=23211 prep=0.05s gpu=0.00s conv=0.00s add=0.12s train=0.81s
[t=3854.4s] rebel stream solves=1457476 raw=410/s balanced=410/s debt=272 rows steps=5693 horizon=0.01 games=72 over=0 card=0 drop=0 L=0.01488 L/var=0.05 tgt=+0.023/0.532 aux=0.4600/0.812 cfg/b=23405 prep=0.06s gpu=0.00s conv=0.00s add=0.10s train=0.75s
[t=3864.5s] rebel stream solves=1460711 raw=410/s balanced=410/s debt=924 rows steps=5705 horizon=0.00 games=78 over=0 card=0 drop=0 L=0.01477 L/var=0.05 tgt=-0.050/0.532 aux=0.4668/0.807 cfg/b=23301 prep=0.06s gpu=0.00s conv=0.00s add=0.11s train=0.71s
[t=3874.5s] rebel stream solves=1463847 raw=410/s balanced=410/s debt=156 rows steps=5718 horizon=0.00 games=78 over=0 card=0 drop=0 L=0.01516 L/var=0.06 tgt=-0.006/0.519 aux=0.4595/0.811 cfg/b=23314 prep=0.07s gpu=0.00s conv=0.00s add=0.11s train=0.82s
[t=3884.5s] rebel stream solves=1468016 raw=410/s balanced=410/s debt=448 rows steps=5734 horizon=0.01 games=93 over=0 card=0 drop=0 L=0.01522 L/var=0.04 tgt=-0.029/0.599 aux=0.4630/0.811 cfg/b=23331 prep=0.07s gpu=0.00s conv=0.00s add=0.14s train=1.02s
[t=3894.5s] rebel stream solves=1471133 raw=409/s balanced=409/s debt=628 rows steps=5746 horizon=0.01 games=69 over=0 card=0 drop=0 L=0.01476 L/var=0.06 tgt=-0.004/0.508 aux=0.4624/0.811 cfg/b=22988 prep=0.06s gpu=0.00s conv=0.00s add=0.11s train=0.75s
[t=3904.5s] rebel stream solves=1474312 raw=409/s balanced=409/s debt=32 rows steps=5759 horizon=0.00 games=74 over=0 card=0 drop=0 L=0.01453 L/var=0.05 tgt=-0.030/0.552 aux=0.4631/0.811 cfg/b=22987 prep=0.05s gpu=0.00s conv=0.00s add=0.11s train=0.81s
[t=3914.6s] rebel stream solves=1478498 raw=409/s balanced=409/s debt=392 rows steps=5775 horizon=0.00 games=95 over=0 card=0 drop=0 L=0.01477 L/var=0.05 tgt=-0.041/0.572 aux=0.4620/0.811 cfg/b=23240 prep=0.07s gpu=0.00s conv=0.00s add=0.15s train=1.02s
[t=3924.6s] rebel stream solves=1481655 raw=409/s balanced=409/s debt=732 rows steps=5787 horizon=0.00 games=69 over=0 card=0 drop=0 L=0.01458 L/var=0.05 tgt=-0.069/0.554 aux=0.4634/0.809 cfg/b=23281 prep=0.05s gpu=0.00s conv=0.00s add=0.11s train=0.77s
[t=3934.6s] rebel stream solves=1484799 raw=409/s balanced=409/s debt=1020 rows steps=5799 horizon=0.00 games=75 over=0 card=0 drop=0 L=0.01399 L/var=0.05 tgt=-0.060/0.526 aux=0.4690/0.807 cfg/b=23168 prep=0.06s gpu=0.00s conv=0.00s add=0.12s train=0.76s
[t=3944.6s] rebel stream solves=1488949 raw=409/s balanced=409/s debt=212 rows steps=5816 horizon=0.00 games=99 over=0 card=0 drop=0 L=0.01407 L/var=0.05 tgt=-0.027/0.554 aux=0.4628/0.810 cfg/b=23289 prep=0.07s gpu=0.00s conv=0.00s add=0.15s train=1.02s
[t=3954.8s] rebel stream solves=1494201 raw=409/s balanced=409/s debt=740 rows steps=5836 horizon=0.02 games=109 over=0 card=0 drop=0 L=0.01414 L/var=0.04 tgt=+0.005/0.574 aux=0.4630/0.810 cfg/b=23159 prep=0.10s gpu=0.00s conv=0.00s add=0.18s train=1.25s
[t=3964.9s] rebel stream solves=1498400 raw=409/s balanced=409/s debt=128 rows steps=5853 horizon=0.00 games=93 over=0 card=0 drop=0 L=0.01489 L/var=0.05 tgt=-0.019/0.558 aux=0.4639/0.809 cfg/b=22918 prep=0.06s gpu=0.00s conv=0.00s add=0.13s train=1.00s
[t=3974.9s] rebel stream solves=1502582 raw=409/s balanced=409/s debt=472 rows steps=5869 horizon=0.00 games=96 over=0 card=0 drop=0 L=0.01491 L/var=0.05 tgt=-0.008/0.538 aux=0.4621/0.810 cfg/b=22630 prep=0.07s gpu=0.00s conv=0.00s add=0.14s train=0.99s
[t=3984.9s] rebel stream solves=1505688 raw=409/s balanced=409/s debt=608 rows steps=5881 horizon=0.01 games=71 over=0 card=0 drop=0 L=0.01479 L/var=0.05 tgt=-0.090/0.565 aux=0.4682/0.807 cfg/b=23529 prep=0.06s gpu=0.00s conv=0.00s add=0.12s train=0.74s
[t=3995.0s] rebel stream solves=1508870 raw=408/s balanced=408/s debt=24 rows steps=5894 horizon=0.01 games=69 over=0 card=0 drop=0 L=0.01427 L/var=0.05 tgt=-0.040/0.551 aux=0.4599/0.811 cfg/b=23095 prep=0.06s gpu=0.00s conv=0.00s add=0.09s train=0.80s
[t=4005.0s] rebel stream solves=1510982 raw=408/s balanced=408/s debt=280 rows steps=5902 horizon=0.02 games=45 over=0 card=0 drop=0 L=0.01576 L/var=0.05 tgt=-0.037/0.585 aux=0.4708/0.806 cfg/b=22813 prep=0.03s gpu=0.00s conv=0.00s add=0.08s train=0.49s
[t=4015.0s] rebel stream solves=1513036 raw=407/s balanced=407/s debt=304 rows steps=5910 horizon=0.00 games=50 over=0 card=0 drop=0 L=0.01400 L/var=0.04 tgt=+0.004/0.562 aux=0.4630/0.811 cfg/b=22778 prep=0.03s gpu=0.00s conv=0.00s add=0.07s train=0.50s
[t=4025.1s] rebel stream solves=1515126 raw=407/s balanced=407/s debt=472 rows steps=5918 horizon=0.02 games=46 over=0 card=0 drop=0 L=0.01458 L/var=0.05 tgt=-0.040/0.528 aux=0.4699/0.807 cfg/b=22468 prep=0.03s gpu=0.00s conv=0.00s add=0.05s train=0.47s
[t=4035.1s] rebel stream solves=1517189 raw=406/s balanced=406/s debt=532 rows steps=5926 horizon=0.00 games=49 over=0 card=0 drop=0 L=0.01512 L/var=0.06 tgt=-0.030/0.502 aux=0.4699/0.807 cfg/b=22874 prep=0.04s gpu=0.00s conv=0.00s add=0.08s train=0.51s
[t=4045.2s] rebel stream solves=1521371 raw=406/s balanced=406/s debt=876 rows steps=5942 horizon=0.00 games=102 over=0 card=0 drop=0 L=0.01525 L/var=0.05 tgt=-0.031/0.569 aux=0.4698/0.806 cfg/b=23634 prep=0.07s gpu=0.00s conv=0.00s add=0.16s train=1.01s
[t=4055.2s] rebel stream solves=1524551 raw=406/s balanced=406/s debt=284 rows steps=5955 horizon=0.03 games=72 over=0 card=0 drop=0 L=0.01512 L/var=0.05 tgt=-0.022/0.560 aux=0.4714/0.806 cfg/b=22932 prep=0.06s gpu=0.00s conv=0.00s add=0.12s train=0.83s
[t=4065.2s] rebel stream solves=1529800 raw=406/s balanced=406/s debt=800 rows steps=5975 horizon=0.01 games=118 over=0 card=0 drop=0 L=0.01512 L/var=0.04 tgt=-0.008/0.580 aux=0.4689/0.807 cfg/b=23139 prep=0.08s gpu=0.00s conv=0.00s add=0.19s train=1.24s
[t=4075.6s] rebel stream solves=1532906 raw=406/s balanced=406/s debt=4008 rows steps=5984 horizon=0.01 games=71 over=0 card=0 drop=0 L=0.01511 L/var=0.05 tgt=-0.028/0.547 aux=0.4690/0.808 cfg/b=22896 prep=0.04s gpu=0.00s conv=0.00s add=0.12s train=0.54s
[t=4085.6s] rebel stream solves=1534958 raw=406/s balanced=406/s debt=952 rows steps=5995 horizon=0.00 games=42 over=0 card=0 drop=0 L=0.01555 L/var=0.05 tgt=-0.061/0.580 aux=0.4662/0.809 cfg/b=22992 prep=0.05s gpu=0.00s conv=0.00s add=0.06s train=0.67s
[t=4095.6s] rebel stream solves=1537049 raw=405/s balanced=405/s debt=100 rows steps=6004 horizon=0.00 games=47 over=0 card=0 drop=0 L=0.01605 L/var=0.05 tgt=-0.034/0.543 aux=0.4706/0.808 cfg/b=23068 prep=0.04s gpu=0.00s conv=0.00s add=0.09s train=0.54s
[t=4105.6s] rebel stream solves=1540218 raw=405/s balanced=405/s debt=488 rows steps=6016 horizon=0.00 games=67 over=0 card=0 drop=0 L=0.01642 L/var=0.05 tgt=-0.060/0.551 aux=0.4716/0.807 cfg/b=23174 prep=0.06s gpu=0.00s conv=0.00s add=0.11s train=0.76s
[t=4115.7s] rebel stream solves=1544434 raw=405/s balanced=405/s debt=968 rows steps=6032 horizon=0.01 games=87 over=0 card=0 drop=0 L=0.01599 L/var=0.04 tgt=-0.019/0.614 aux=0.4682/0.808 cfg/b=23438 prep=0.07s gpu=0.00s conv=0.01s add=0.15s train=0.96s
[t=4125.7s] rebel stream solves=1547557 raw=405/s balanced=405/s debt=148 rows steps=6045 horizon=0.00 games=74 over=0 card=0 drop=0 L=0.01491 L/var=0.05 tgt=-0.012/0.561 aux=0.4644/0.810 cfg/b=23085 prep=0.07s gpu=0.00s conv=0.00s add=0.09s train=0.78s
[t=4135.7s] rebel stream solves=1548620 raw=404/s balanced=404/s debt=304 rows steps=6049 horizon=0.00 games=27 over=0 card=0 drop=0 L=0.01398 L/var=0.04 tgt=+0.017/0.568 aux=0.4635/0.810 cfg/b=23383 prep=0.02s gpu=0.00s conv=0.00s add=0.04s train=0.27s
[t=4145.8s] rebel stream solves=1551777 raw=404/s balanced=404/s debt=644 rows steps=6061 horizon=0.03 games=74 over=0 card=0 drop=0 L=0.01452 L/var=0.05 tgt=+0.030/0.542 aux=0.4643/0.810 cfg/b=23314 prep=0.05s gpu=0.00s conv=0.00s add=0.11s train=0.75s
[t=4155.8s] rebel stream solves=1552837 raw=403/s balanced=403/s debt=788 rows steps=6065 horizon=0.00 games=25 over=0 card=0 drop=0 L=0.01432 L/var=0.06 tgt=-0.020/0.480 aux=0.4700/0.807 cfg/b=23405 prep=0.02s gpu=0.00s conv=0.00s add=0.04s train=0.27s
[t=4167.0s] rebel stream solves=1557031 raw=403/s balanced=403/s debt=2204 rows steps=6080 horizon=0.02 games=91 over=0 card=0 drop=0 L=0.01495 L/var=0.04 tgt=-0.087/0.585 aux=0.4691/0.807 cfg/b=23557 prep=0.08s gpu=0.00s conv=0.00s add=0.14s train=0.91s
[t=4177.0s] rebel stream solves=1561178 raw=403/s balanced=403/s debt=2408 rows steps=6096 horizon=0.00 games=92 over=0 card=0 drop=0 L=0.01627 L/var=0.05 tgt=-0.023/0.548 aux=0.4646/0.810 cfg/b=23501 prep=0.08s gpu=0.00s conv=0.00s add=0.15s train=0.97s
[t=4187.1s] rebel stream solves=1563317 raw=402/s balanced=402/s debt=724 rows steps=6106 horizon=0.00 games=47 over=0 card=0 drop=0 L=0.01538 L/var=0.05 tgt=-0.023/0.561 aux=0.4619/0.811 cfg/b=23010 prep=0.05s gpu=0.00s conv=0.00s add=0.07s train=0.62s
[t=4197.1s] rebel stream solves=1565436 raw=402/s balanced=402/s debt=1008 rows steps=6114 horizon=0.00 games=44 over=0 card=0 drop=0 L=0.01677 L/var=0.06 tgt=+0.012/0.536 aux=0.4650/0.809 cfg/b=23153 prep=0.04s gpu=0.00s conv=0.00s add=0.07s train=0.51s
[t=4207.1s] rebel stream solves=1569662 raw=402/s balanced=402/s debt=504 rows steps=6131 horizon=0.00 games=82 over=0 card=0 drop=0 L=0.01590 L/var=0.05 tgt=-0.028/0.589 aux=0.4649/0.810 cfg/b=23559 prep=0.08s gpu=0.00s conv=0.00s add=0.15s train=1.07s
[t=4217.1s] rebel stream solves=1572796 raw=402/s balanced=402/s debt=752 rows steps=6143 horizon=0.05 games=65 over=0 card=0 drop=0 L=0.01494 L/var=0.04 tgt=+0.001/0.608 aux=0.4668/0.809 cfg/b=23332 prep=0.05s gpu=0.00s conv=0.00s add=0.10s train=0.76s
[t=4227.1s] rebel stream solves=1575932 raw=401/s balanced=401/s debt=1008 rows steps=6155 horizon=0.01 games=74 over=0 card=0 drop=0 L=0.01441 L/var=0.04 tgt=-0.106/0.627 aux=0.4588/0.813 cfg/b=23316 prep=0.05s gpu=0.00s conv=0.00s add=0.11s train=0.74s
[t=4237.1s] rebel stream solves=1579083 raw=401/s balanced=401/s debt=300 rows steps=6168 horizon=0.00 games=68 over=0 card=0 drop=0 L=0.01490 L/var=0.04 tgt=-0.038/0.635 aux=0.4633/0.810 cfg/b=23416 prep=0.06s gpu=0.00s conv=0.00s add=0.12s train=0.80s
[t=4247.2s] rebel stream solves=1583251 raw=401/s balanced=401/s debt=588 rows steps=6184 horizon=0.01 games=84 over=0 card=0 drop=0 L=0.01532 L/var=0.04 tgt=-0.072/0.590 aux=0.4630/0.809 cfg/b=23285 prep=0.09s gpu=0.00s conv=0.00s add=0.12s train=0.99s
[t=4257.3s] rebel stream solves=1588530 raw=402/s balanced=402/s debt=200 rows steps=6205 horizon=0.01 games=104 over=0 card=0 drop=0 L=0.01628 L/var=0.04 tgt=-0.074/0.610 aux=0.4669/0.808 cfg/b=23155 prep=0.09s gpu=0.00s conv=0.00s add=0.20s train=1.28s
[t=4267.3s] rebel stream solves=1592724 raw=402/s balanced=402/s debt=592 rows steps=6221 horizon=0.00 games=82 over=0 card=0 drop=0 L=0.01550 L/var=0.04 tgt=+0.019/0.631 aux=0.4646/0.809 cfg/b=23335 prep=0.11s gpu=0.00s conv=0.00s add=0.14s train=1.05s
[t=4277.3s] rebel stream solves=1595946 raw=401/s balanced=401/s debt=168 rows steps=6234 horizon=0.01 games=67 over=0 card=0 drop=0 L=0.01518 L/var=0.04 tgt=-0.008/0.593 aux=0.4672/0.807 cfg/b=23310 prep=0.06s gpu=0.00s conv=0.00s add=0.10s train=0.80s
[t=4287.3s] rebel stream solves=1598018 raw=401/s balanced=401/s debt=264 rows steps=6242 horizon=0.02 games=50 over=0 card=0 drop=0 L=0.01714 L/var=0.06 tgt=+0.005/0.554 aux=0.4691/0.806 cfg/b=22775 prep=0.04s gpu=0.00s conv=0.00s add=0.07s train=0.49s
[t=4297.4s] rebel stream solves=1601136 raw=401/s balanced=401/s debt=448 rows steps=6254 horizon=0.00 games=69 over=0 card=0 drop=0 L=0.01601 L/var=0.04 tgt=-0.057/0.600 aux=0.4672/0.806 cfg/b=23299 prep=0.05s gpu=0.00s conv=0.00s add=0.12s train=0.73s
[t=4307.6s] rebel stream solves=1604346 raw=400/s balanced=400/s debt=1000 rows steps=6266 horizon=0.00 games=70 over=0 card=0 drop=0 L=0.01424 L/var=0.04 tgt=-0.037/0.626 aux=0.4669/0.806 cfg/b=23629 prep=0.05s gpu=0.00s conv=0.00s add=0.12s train=0.73s
[t=4317.6s] rebel stream solves=1606433 raw=400/s balanced=400/s debt=132 rows steps=6275 horizon=0.00 games=46 over=0 card=0 drop=0 L=0.01386 L/var=0.04 tgt=-0.010/0.586 aux=0.4613/0.809 cfg/b=23629 prep=0.04s gpu=0.00s conv=0.00s add=0.08s train=0.56s
[t=4327.7s] rebel stream solves=1612795 raw=401/s balanced=400/s debt=1004 rows steps=6299 horizon=0.03 games=123 over=0 card=0 drop=0 L=0.01427 L/var=0.04 tgt=-0.031/0.622 aux=0.4683/0.805 cfg/b=23416 prep=0.11s gpu=0.00s conv=0.00s add=0.21s train=1.51s
[t=4337.7s] rebel stream solves=1615922 raw=400/s balanced=400/s debt=200 rows steps=6312 horizon=0.00 games=76 over=0 card=0 drop=0 L=0.01447 L/var=0.05 tgt=-0.050/0.559 aux=0.4658/0.807 cfg/b=23180 prep=0.05s gpu=0.00s conv=0.00s add=0.12s train=0.78s
[t=4347.7s] rebel stream solves=1619057 raw=400/s balanced=400/s debt=452 rows steps=6324 horizon=0.01 games=73 over=0 card=0 drop=0 L=0.01406 L/var=0.04 tgt=-0.022/0.599 aux=0.4679/0.806 cfg/b=23165 prep=0.05s gpu=0.00s conv=0.00s add=0.10s train=0.75s
[t=4357.8s] rebel stream solves=1621153 raw=400/s balanced=400/s debt=644 rows steps=6332 horizon=0.00 games=45 over=0 card=0 drop=0 L=0.01326 L/var=0.04 tgt=-0.034/0.584 aux=0.4659/0.806 cfg/b=23569 prep=0.04s gpu=0.00s conv=0.00s add=0.06s train=0.50s
[t=4367.8s] rebel stream solves=1623219 raw=399/s balanced=399/s debt=716 rows steps=6340 horizon=0.02 games=47 over=0 card=0 drop=0 L=0.01430 L/var=0.04 tgt=+0.048/0.564 aux=0.4705/0.805 cfg/b=24142 prep=0.03s gpu=0.00s conv=0.00s add=0.04s train=0.49s
[t=4377.8s] rebel stream solves=1625305 raw=399/s balanced=399/s debt=868 rows steps=6348 horizon=0.00 games=42 over=0 card=0 drop=0 L=0.01384 L/var=0.05 tgt=-0.015/0.536 aux=0.4754/0.802 cfg/b=23625 prep=0.03s gpu=0.00s conv=0.00s add=0.08s train=0.49s
[t=4387.9s] rebel stream solves=1629609 raw=399/s balanced=399/s debt=676 rows steps=6365 horizon=0.00 games=87 over=0 card=0 drop=0 L=0.01432 L/var=0.04 tgt=-0.049/0.624 aux=0.4743/0.802 cfg/b=23460 prep=0.12s gpu=0.00s conv=0.00s add=0.16s train=1.13s
[t=4397.9s] rebel stream solves=1634868 raw=399/s balanced=399/s debt=208 rows steps=6386 horizon=0.01 games=115 over=0 card=0 drop=0 L=0.01362 L/var=0.04 tgt=+0.002/0.592 aux=0.4717/0.805 cfg/b=23773 prep=0.10s gpu=0.00s conv=0.00s add=0.19s train=1.30s
[t=4407.9s] rebel stream solves=1639010 raw=399/s balanced=399/s debt=392 rows steps=6402 horizon=0.00 games=97 over=0 card=0 drop=0 L=0.01404 L/var=0.04 tgt=-0.050/0.579 aux=0.4694/0.806 cfg/b=23700 prep=0.08s gpu=0.00s conv=0.00s add=0.13s train=0.99s
[t=4418.0s] rebel stream solves=1644248 raw=399/s balanced=399/s debt=864 rows steps=6422 horizon=0.00 games=124 over=0 card=0 drop=0 L=0.01439 L/var=0.04 tgt=-0.052/0.581 aux=0.4711/0.805 cfg/b=23664 prep=0.09s gpu=0.00s conv=0.00s add=0.16s train=1.21s
[t=4428.0s] rebel stream solves=1646366 raw=399/s balanced=399/s debt=120 rows steps=6431 horizon=0.00 games=52 over=0 card=0 drop=0 L=0.01416 L/var=0.05 tgt=+0.003/0.515 aux=0.4706/0.807 cfg/b=23933 prep=0.04s gpu=0.00s conv=0.00s add=0.07s train=0.56s
[t=4438.1s] rebel stream solves=1649498 raw=399/s balanced=399/s debt=360 rows steps=6443 horizon=0.00 games=69 over=0 card=0 drop=0 L=0.01446 L/var=0.04 tgt=-0.084/0.573 aux=0.4776/0.802 cfg/b=23535 prep=0.06s gpu=0.00s conv=0.00s add=0.09s train=0.75s
[t=4448.1s] rebel stream solves=1653741 raw=399/s balanced=399/s debt=948 rows steps=6459 horizon=0.01 games=91 over=0 card=0 drop=0 L=0.01453 L/var=0.04 tgt=-0.046/0.594 aux=0.4734/0.804 cfg/b=23344 prep=0.07s gpu=0.00s conv=0.00s add=0.13s train=0.99s
[t=4458.1s] rebel stream solves=1656874 raw=399/s balanced=399/s debt=168 rows steps=6472 horizon=0.00 games=70 over=0 card=0 drop=0 L=0.01494 L/var=0.05 tgt=+0.024/0.551 aux=0.4725/0.804 cfg/b=23937 prep=0.09s gpu=0.00s conv=0.00s add=0.11s train=0.85s
[t=4468.2s] rebel stream solves=1660022 raw=398/s balanced=398/s debt=472 rows steps=6484 horizon=0.00 games=77 over=0 card=0 drop=0 L=0.01436 L/var=0.05 tgt=-0.024/0.526 aux=0.4757/0.803 cfg/b=23637 prep=0.05s gpu=0.00s conv=0.00s add=0.11s train=0.74s
[t=4478.2s] rebel stream solves=1662120 raw=398/s balanced=398/s debt=672 rows steps=6492 horizon=0.00 games=47 over=0 card=0 drop=0 L=0.01363 L/var=0.04 tgt=-0.092/0.574 aux=0.4781/0.803 cfg/b=23250 prep=0.03s gpu=0.00s conv=0.00s add=0.08s train=0.49s
[t=4488.2s] rebel stream solves=1667309 raw=398/s balanced=398/s debt=948 rows steps=6512 horizon=0.01 games=111 over=0 card=0 drop=0 L=0.01430 L/var=0.04 tgt=-0.066/0.620 aux=0.4766/0.803 cfg/b=23786 prep=0.09s gpu=0.00s conv=0.00s add=0.19s train=1.21s
[t=4498.2s] rebel stream solves=1671514 raw=398/s balanced=398/s debt=360 rows steps=6529 horizon=0.00 games=92 over=0 card=0 drop=0 L=0.01455 L/var=0.04 tgt=-0.102/0.608 aux=0.4755/0.803 cfg/b=23670 prep=0.07s gpu=0.00s conv=0.00s add=0.16s train=1.04s
[t=4508.3s] rebel stream solves=1674703 raw=398/s balanced=398/s debt=828 rows steps=6541 horizon=0.00 games=73 over=0 card=0 drop=0 L=0.01456 L/var=0.06 tgt=+0.029/0.514 aux=0.4711/0.805 cfg/b=23651 prep=0.05s gpu=0.00s conv=0.00s add=0.12s train=0.74s
[t=4518.3s] rebel stream solves=1677853 raw=398/s balanced=398/s debt=116 rows steps=6554 horizon=0.01 games=70 over=0 card=0 drop=0 L=0.01412 L/var=0.05 tgt=-0.022/0.542 aux=0.4699/0.807 cfg/b=23310 prep=0.07s gpu=0.00s conv=0.00s add=0.10s train=0.82s
[t=4528.3s] rebel stream solves=1682072 raw=398/s balanced=398/s debt=608 rows steps=6570 horizon=0.01 games=96 over=0 card=0 drop=0 L=0.01388 L/var=0.04 tgt=-0.031/0.557 aux=0.4719/0.805 cfg/b=23425 prep=0.08s gpu=0.00s conv=0.00s add=0.16s train=1.02s
[t=4538.3s] rebel stream solves=1685212 raw=398/s balanced=398/s debt=880 rows steps=6582 horizon=0.00 games=73 over=0 card=0 drop=0 L=0.01467 L/var=0.06 tgt=+0.010/0.509 aux=0.4829/0.800 cfg/b=23363 prep=0.05s gpu=0.00s conv=0.00s add=0.09s train=0.77s
[t=4548.4s] rebel stream solves=1688377 raw=398/s balanced=397/s debt=228 rows steps=6595 horizon=0.00 games=71 over=0 card=0 drop=0 L=0.01504 L/var=0.05 tgt=+0.052/0.532 aux=0.4792/0.802 cfg/b=23474 prep=0.06s gpu=0.00s conv=0.00s add=0.11s train=0.80s
[t=4558.4s] rebel stream solves=1692597 raw=398/s balanced=398/s debt=724 rows steps=6611 horizon=0.00 games=95 over=0 card=0 drop=0 L=0.01488 L/var=0.05 tgt=-0.028/0.561 aux=0.4785/0.803 cfg/b=23143 prep=0.07s gpu=0.00s conv=0.00s add=0.14s train=0.99s
[t=4568.4s] rebel stream solves=1696765 raw=398/s balanced=398/s debt=1012 rows steps=6627 horizon=0.01 games=90 over=0 card=0 drop=0 L=0.01577 L/var=0.05 tgt=-0.026/0.550 aux=0.4806/0.801 cfg/b=23212 prep=0.09s gpu=0.00s conv=0.00s add=0.11s train=0.99s
[t=4578.4s] rebel stream solves=1701017 raw=398/s balanced=398/s debt=612 rows steps=6644 horizon=0.00 games=92 over=0 card=0 drop=0 L=0.01493 L/var=0.05 tgt=-0.013/0.543 aux=0.4807/0.802 cfg/b=23290 prep=0.07s gpu=0.00s conv=0.00s add=0.15s train=1.03s
[t=4588.5s] rebel stream solves=1705264 raw=398/s balanced=398/s debt=192 rows steps=6661 horizon=0.00 games=93 over=0 card=0 drop=0 L=0.01339 L/var=0.04 tgt=-0.047/0.601 aux=0.4775/0.804 cfg/b=22804 prep=0.09s gpu=0.00s conv=0.00s add=0.16s train=1.05s
[t=4598.5s] rebel stream solves=1708409 raw=398/s balanced=398/s debt=484 rows steps=6673 horizon=0.00 games=72 over=0 card=0 drop=0 L=0.01392 L/var=0.04 tgt=+0.038/0.562 aux=0.4795/0.802 cfg/b=23224 prep=0.05s gpu=0.00s conv=0.00s add=0.11s train=0.75s
[t=4608.5s] rebel stream solves=1711594 raw=397/s balanced=397/s debt=936 rows steps=6685 horizon=0.00 games=68 over=0 card=0 drop=0 L=0.01461 L/var=0.05 tgt=+0.014/0.569 aux=0.4759/0.804 cfg/b=22810 prep=0.06s gpu=0.00s conv=0.00s add=0.09s train=0.74s
[t=4618.5s] rebel stream solves=1714782 raw=397/s balanced=397/s debt=376 rows steps=6698 horizon=0.00 games=67 over=0 card=0 drop=0 L=0.01423 L/var=0.04 tgt=-0.005/0.569 aux=0.4833/0.800 cfg/b=23356 prep=0.07s gpu=0.00s conv=0.00s add=0.12s train=0.84s
[t=4628.5s] rebel stream solves=1717959 raw=397/s balanced=397/s debt=796 rows steps=6710 horizon=0.00 games=69 over=0 card=0 drop=0 L=0.01536 L/var=0.05 tgt=-0.008/0.561 aux=0.4808/0.801 cfg/b=23387 prep=0.06s gpu=0.00s conv=0.00s add=0.13s train=0.74s
[t=4638.6s] rebel stream solves=1721109 raw=397/s balanced=397/s debt=84 rows steps=6723 horizon=0.01 games=73 over=0 card=0 drop=0 L=0.01486 L/var=0.05 tgt=-0.040/0.561 aux=0.4860/0.799 cfg/b=23015 prep=0.09s gpu=0.00s conv=0.00s add=0.10s train=0.87s
[t=4648.6s] rebel stream solves=1724333 raw=397/s balanced=397/s debt=692 rows steps=6735 horizon=0.03 games=65 over=0 card=0 drop=0 L=0.01446 L/var=0.04 tgt=+0.017/0.584 aux=0.4840/0.800 cfg/b=23297 prep=0.05s gpu=0.00s conv=0.00s add=0.11s train=0.73s
[t=4658.8s] rebel stream solves=1727550 raw=396/s balanced=396/s debt=248 rows steps=6748 horizon=0.00 games=74 over=0 card=0 drop=0 L=0.01336 L/var=0.04 tgt=-0.008/0.546 aux=0.4809/0.800 cfg/b=22900 prep=0.06s gpu=0.00s conv=0.00s add=0.12s train=0.80s
[t=4668.8s] rebel stream solves=1731674 raw=396/s balanced=396/s debt=360 rows steps=6764 horizon=0.01 games=92 over=0 card=0 drop=0 L=0.01448 L/var=0.05 tgt=-0.005/0.527 aux=0.4797/0.802 cfg/b=23248 prep=0.07s gpu=0.00s conv=0.00s add=0.15s train=1.00s
[t=4678.8s] rebel stream solves=1734826 raw=396/s balanced=396/s debt=680 rows steps=6776 horizon=0.01 games=68 over=0 card=0 drop=0 L=0.01421 L/var=0.05 tgt=-0.034/0.533 aux=0.4816/0.800 cfg/b=22935 prep=0.09s gpu=0.00s conv=0.00s add=0.11s train=0.79s
[t=4688.8s] rebel stream solves=1737981 raw=396/s balanced=396/s debt=1012 rows steps=6788 horizon=0.03 games=69 over=0 card=0 drop=0 L=0.01393 L/var=0.05 tgt=-0.056/0.556 aux=0.4819/0.801 cfg/b=23283 prep=0.05s gpu=0.00s conv=0.00s add=0.09s train=0.72s
[t=4698.9s] rebel stream solves=1744281 raw=397/s balanced=397/s debt=612 rows steps=6813 horizon=0.01 games=131 over=0 card=0 drop=0 L=0.01476 L/var=0.04 tgt=-0.005/0.578 aux=0.4789/0.801 cfg/b=23103 prep=0.10s gpu=0.00s conv=0.00s add=0.20s train=1.55s
[t=4708.9s] rebel stream solves=1747382 raw=396/s balanced=396/s debt=728 rows steps=6825 horizon=0.00 games=59 over=0 card=0 drop=0 L=0.01521 L/var=0.04 tgt=+0.000/0.635 aux=0.4863/0.798 cfg/b=23028 prep=0.05s gpu=0.00s conv=0.00s add=0.10s train=0.75s
[t=4720.1s] rebel stream solves=1749526 raw=396/s balanced=396/s debt=2136 rows steps=6832 horizon=0.00 games=46 over=0 card=0 drop=0 L=0.01397 L/var=0.05 tgt=+0.019/0.534 aux=0.4771/0.802 cfg/b=23293 prep=0.04s gpu=0.00s conv=0.00s add=0.08s train=0.44s
[t=4730.1s] rebel stream solves=1750556 raw=395/s balanced=395/s debt=112 rows steps=6838 horizon=0.00 games=25 over=0 card=0 drop=0 L=0.01431 L/var=0.05 tgt=-0.020/0.526 aux=0.4798/0.800 cfg/b=23128 prep=0.02s gpu=0.00s conv=0.00s add=0.03s train=0.37s
[t=4740.1s] rebel stream solves=1752670 raw=395/s balanced=395/s debt=376 rows steps=6846 horizon=0.02 games=48 over=0 card=0 drop=0 L=0.01387 L/var=0.04 tgt=-0.067/0.557 aux=0.4833/0.799 cfg/b=23695 prep=0.03s gpu=0.00s conv=0.00s add=0.09s train=0.48s
[t=4750.1s] rebel stream solves=1755806 raw=395/s balanced=395/s debt=632 rows steps=6858 horizon=0.01 games=69 over=0 card=0 drop=0 L=0.01458 L/var=0.04 tgt=-0.058/0.586 aux=0.4788/0.802 cfg/b=23057 prep=0.06s gpu=0.00s conv=0.00s add=0.13s train=0.76s
[t=4760.1s] rebel stream solves=1759007 raw=394/s balanced=394/s debt=124 rows steps=6871 horizon=0.00 games=69 over=0 card=0 drop=0 L=0.01421 L/var=0.04 tgt=-0.041/0.572 aux=0.4836/0.799 cfg/b=23123 prep=0.06s gpu=0.00s conv=0.00s add=0.12s train=0.83s
[t=4770.2s] rebel stream solves=1763208 raw=395/s balanced=394/s debt=544 rows steps=6887 horizon=0.00 games=90 over=0 card=0 drop=0 L=0.01556 L/var=0.05 tgt=+0.000/0.567 aux=0.4777/0.801 cfg/b=23541 prep=0.07s gpu=0.00s conv=0.00s add=0.14s train=1.02s
[t=4780.2s] rebel stream solves=1766376 raw=394/s balanced=394/s debt=928 rows steps=6899 horizon=0.00 games=70 over=0 card=0 drop=0 L=0.01511 L/var=0.05 tgt=-0.007/0.563 aux=0.4782/0.802 cfg/b=23154 prep=0.06s gpu=0.00s conv=0.00s add=0.13s train=0.74s
[t=4790.2s] rebel stream solves=1771600 raw=395/s balanced=395/s debt=320 rows steps=6920 horizon=0.02 games=104 over=0 card=0 drop=0 L=0.01403 L/var=0.04 tgt=+0.040/0.597 aux=0.4767/0.802 cfg/b=22769 prep=0.09s gpu=0.00s conv=0.00s add=0.19s train=1.32s
[t=4800.2s] rebel stream solves=1774723 raw=394/s balanced=394/s debt=524 rows steps=6932 horizon=0.00 games=70 over=0 card=0 drop=0 L=0.01387 L/var=0.04 tgt=-0.062/0.584 aux=0.4829/0.798 cfg/b=23303 prep=0.05s gpu=0.00s conv=0.00s add=0.12s train=0.75s
[t=4801.1s] --- snapshot snap_03.pt (s3) ---
[t=4810.2s] rebel stream solves=1776860 raw=394/s balanced=394/s debt=880 rows steps=6940 horizon=0.00 games=49 over=0 card=0 drop=0 L=0.01321 L/var=0.04 tgt=-0.004/0.557 aux=0.4754/0.803 cfg/b=23079 prep=0.03s gpu=0.00s conv=0.00s add=0.08s train=0.50s
[t=4820.2s] rebel stream solves=1778975 raw=394/s balanced=394/s debt=124 rows steps=6949 horizon=0.04 games=49 over=0 card=0 drop=0 L=0.01351 L/var=0.04 tgt=+0.007/0.560 aux=0.4803/0.799 cfg/b=23529 prep=0.04s gpu=0.00s conv=0.00s add=0.07s train=0.54s
[t=4830.2s] rebel stream solves=1782066 raw=393/s balanced=393/s debt=200 rows steps=6961 horizon=0.03 games=63 over=0 card=0 drop=0 L=0.01386 L/var=0.04 tgt=-0.053/0.588 aux=0.4766/0.801 cfg/b=23611 prep=0.05s gpu=0.00s conv=0.00s add=0.12s train=0.75s
[t=4840.3s] rebel stream solves=1784190 raw=393/s balanced=393/s debt=504 rows steps=6969 horizon=0.02 games=41 over=0 card=0 drop=0 L=0.01470 L/var=0.05 tgt=+0.047/0.562 aux=0.4728/0.803 cfg/b=23109 prep=0.04s gpu=0.00s conv=0.00s add=0.06s train=0.51s
[t=4850.3s] rebel stream solves=1786341 raw=393/s balanced=393/s debt=916 rows steps=6977 horizon=0.02 games=41 over=0 card=0 drop=0 L=0.01572 L/var=0.04 tgt=-0.006/0.596 aux=0.4800/0.798 cfg/b=22208 prep=0.05s gpu=0.00s conv=0.00s add=0.08s train=0.50s
[t=4860.3s] rebel stream solves=1790503 raw=393/s balanced=393/s debt=156 rows steps=6994 horizon=0.00 games=92 over=0 card=0 drop=0 L=0.01505 L/var=0.04 tgt=-0.018/0.586 aux=0.4772/0.800 cfg/b=22720 prep=0.07s gpu=0.00s conv=0.00s add=0.12s train=1.01s
[t=4870.4s] rebel stream solves=1793713 raw=393/s balanced=393/s debt=708 rows steps=7006 horizon=0.03 games=60 over=0 card=0 drop=0 L=0.01441 L/var=0.04 tgt=+0.050/0.609 aux=0.4784/0.801 cfg/b=22826 prep=0.06s gpu=0.00s conv=0.00s add=0.09s train=0.74s
[t=4880.4s] rebel stream solves=1795792 raw=392/s balanced=392/s debt=832 rows steps=7014 horizon=0.00 games=47 over=0 card=0 drop=0 L=0.01351 L/var=0.05 tgt=-0.065/0.545 aux=0.4785/0.800 cfg/b=23468 prep=0.04s gpu=0.00s conv=0.00s add=0.08s train=0.53s
[t=4890.4s] rebel stream solves=1798923 raw=392/s balanced=392/s debt=44 rows steps=7027 horizon=0.04 games=70 over=0 card=0 drop=0 L=0.01437 L/var=0.04 tgt=-0.011/0.569 aux=0.4747/0.802 cfg/b=22960 prep=0.08s gpu=0.00s conv=0.00s add=0.11s train=0.87s
[t=4900.5s] rebel stream solves=1804163 raw=392/s balanced=392/s debt=524 rows steps=7047 horizon=0.01 games=109 over=0 card=0 drop=0 L=0.01520 L/var=0.04 tgt=-0.043/0.607 aux=0.4711/0.804 cfg/b=23086 prep=0.09s gpu=0.00s conv=0.00s add=0.16s train=1.28s
[t=4910.5s] rebel stream solves=1807291 raw=392/s balanced=392/s debt=748 rows steps=7059 horizon=0.02 games=64 over=0 card=0 drop=0 L=0.01509 L/var=0.04 tgt=-0.018/0.622 aux=0.4748/0.802 cfg/b=22985 prep=0.06s gpu=0.00s conv=0.00s add=0.09s train=0.77s
[t=4920.5s] rebel stream solves=1810420 raw=392/s balanced=392/s debt=976 rows steps=7071 horizon=0.04 games=66 over=0 card=0 drop=0 L=0.01368 L/var=0.04 tgt=+0.008/0.600 aux=0.4701/0.804 cfg/b=22737 prep=0.07s gpu=0.00s conv=0.00s add=0.10s train=0.79s
[t=4930.5s] rebel stream solves=1813537 raw=392/s balanced=392/s debt=132 rows steps=7084 horizon=0.00 games=66 over=0 card=0 drop=0 L=0.01376 L/var=0.04 tgt=-0.045/0.567 aux=0.4774/0.800 cfg/b=23142 prep=0.06s gpu=0.00s conv=0.00s add=0.11s train=0.83s
[t=4940.5s] rebel stream solves=1815626 raw=391/s balanced=391/s debt=296 rows steps=7092 horizon=0.00 games=45 over=0 card=0 drop=0 L=0.01446 L/var=0.05 tgt=-0.016/0.558 aux=0.4718/0.805 cfg/b=23444 prep=0.04s gpu=0.00s conv=0.00s add=0.07s train=0.50s
[t=4950.8s] rebel stream solves=1819803 raw=391/s balanced=391/s debt=620 rows steps=7108 horizon=0.00 games=86 over=0 card=0 drop=0 L=0.01453 L/var=0.04 tgt=+0.000/0.613 aux=0.4778/0.800 cfg/b=23092 prep=0.07s gpu=0.00s conv=0.00s add=0.15s train=1.00s
[t=4960.8s] rebel stream solves=1821887 raw=391/s balanced=391/s debt=764 rows steps=7116 horizon=0.02 games=42 over=0 card=0 drop=0 L=0.01377 L/var=0.04 tgt=+0.012/0.567 aux=0.4832/0.797 cfg/b=23181 prep=0.08s gpu=0.00s conv=0.00s add=0.07s train=0.54s
[t=4970.8s] rebel stream solves=1825065 raw=391/s balanced=391/s debt=164 rows steps=7129 horizon=0.00 games=71 over=0 card=0 drop=0 L=0.01461 L/var=0.04 tgt=-0.016/0.574 aux=0.4727/0.803 cfg/b=23005 prep=0.05s gpu=0.00s conv=0.00s add=0.09s train=0.79s
[t=4980.8s] rebel stream solves=1829447 raw=391/s balanced=391/s debt=284 rows steps=7146 horizon=0.03 games=88 over=0 card=0 drop=0 L=0.01374 L/var=0.03 tgt=-0.050/0.630 aux=0.4803/0.800 cfg/b=22896 prep=0.09s gpu=0.00s conv=0.00s add=0.16s train=1.10s
[t=4990.9s] rebel stream solves=1831566 raw=391/s balanced=391/s debt=568 rows steps=7154 horizon=0.00 games=46 over=0 card=0 drop=0 L=0.01423 L/var=0.04 tgt=+0.058/0.568 aux=0.4795/0.800 cfg/b=22864 prep=0.05s gpu=0.00s conv=0.00s add=0.07s train=0.53s
[t=5000.9s] rebel stream solves=1833701 raw=390/s balanced=390/s debt=916 rows steps=7162 horizon=0.00 games=46 over=0 card=0 drop=0 L=0.01391 L/var=0.05 tgt=+0.004/0.548 aux=0.4723/0.803 cfg/b=22977 prep=0.04s gpu=0.00s conv=0.00s add=0.08s train=0.51s
[t=5010.9s] rebel stream solves=1835909 raw=390/s balanced=390/s debt=3604 rows steps=7168 horizon=0.04 games=47 over=0 card=0 drop=0 L=0.01438 L/var=0.05 tgt=+0.010/0.525 aux=0.4771/0.803 cfg/b=22514 prep=0.03s gpu=0.00s conv=0.00s add=0.07s train=0.36s
[t=5021.0s] rebel stream solves=1838004 raw=389/s balanced=389/s debt=720 rows steps=7179 horizon=0.02 games=44 over=0 card=0 drop=0 L=0.01435 L/var=0.04 tgt=-0.002/0.572 aux=0.4732/0.803 cfg/b=22886 prep=0.05s gpu=0.00s conv=0.00s add=0.07s train=0.68s
[t=5031.0s] rebel stream solves=1840135 raw=389/s balanced=389/s debt=28 rows steps=7188 horizon=0.02 games=47 over=0 card=0 drop=0 L=0.01381 L/var=0.05 tgt=+0.039/0.522 aux=0.4772/0.802 cfg/b=22821 prep=0.06s gpu=0.00s conv=0.00s add=0.07s train=0.58s
[t=5041.0s] rebel stream solves=1846505 raw=390/s balanced=390/s debt=932 rows steps=7212 horizon=0.02 games=129 over=0 card=0 drop=0 L=0.01345 L/var=0.04 tgt=+0.007/0.617 aux=0.4727/0.804 cfg/b=23081 prep=0.11s gpu=0.00s conv=0.01s add=0.22s train=1.43s
[t=5051.0s] rebel stream solves=1850693 raw=390/s balanced=390/s debt=276 rows steps=7229 horizon=0.00 games=87 over=0 card=0 drop=0 L=0.01400 L/var=0.04 tgt=+0.009/0.594 aux=0.4722/0.804 cfg/b=22808 prep=0.08s gpu=0.00s conv=0.00s add=0.13s train=1.06s
[t=5061.1s] rebel stream solves=1853877 raw=389/s balanced=389/s debt=724 rows steps=7241 horizon=0.05 games=62 over=0 card=0 drop=0 L=0.01405 L/var=0.04 tgt=+0.013/0.573 aux=0.4722/0.805 cfg/b=22750 prep=0.08s gpu=0.00s conv=0.00s add=0.10s train=0.81s
[t=5071.4s] rebel stream solves=1859148 raw=390/s balanced=390/s debt=304 rows steps=7262 horizon=0.00 games=114 over=0 card=0 drop=0 L=0.01399 L/var=0.04 tgt=+0.010/0.569 aux=0.4731/0.804 cfg/b=22730 prep=0.09s gpu=0.00s conv=0.00s add=0.16s train=1.30s
[t=5081.4s] rebel stream solves=1862243 raw=390/s balanced=390/s debt=396 rows steps=7274 horizon=0.01 games=69 over=0 card=0 drop=0 L=0.01340 L/var=0.04 tgt=-0.005/0.573 aux=0.4715/0.804 cfg/b=22749 prep=0.06s gpu=0.00s conv=0.00s add=0.12s train=0.78s
[t=5091.4s] rebel stream solves=1865350 raw=389/s balanced=389/s debt=536 rows steps=7286 horizon=0.05 games=63 over=0 card=0 drop=0 L=0.01468 L/var=0.05 tgt=+0.010/0.563 aux=0.4720/0.804 cfg/b=22454 prep=0.06s gpu=0.00s conv=0.00s add=0.09s train=0.75s
[t=5101.4s] rebel stream solves=1868541 raw=389/s balanced=389/s debt=1012 rows steps=7298 horizon=0.01 games=68 over=0 card=0 drop=0 L=0.01387 L/var=0.04 tgt=-0.020/0.559 aux=0.4767/0.802 cfg/b=22731 prep=0.06s gpu=0.00s conv=0.00s add=0.09s train=0.74s
[t=5111.7s] rebel stream solves=1874825 raw=390/s balanced=390/s debt=548 rows steps=7323 horizon=0.01 games=132 over=0 card=0 drop=0 L=0.01348 L/var=0.04 tgt=+0.003/0.588 aux=0.4774/0.801 cfg/b=22444 prep=0.11s gpu=0.00s conv=0.00s add=0.20s train=1.53s
[t=5121.7s] rebel stream solves=1876916 raw=389/s balanced=389/s debt=720 rows steps=7331 horizon=0.00 games=43 over=0 card=0 drop=0 L=0.01306 L/var=0.03 tgt=-0.024/0.619 aux=0.4784/0.803 cfg/b=22564 prep=0.04s gpu=0.00s conv=0.00s add=0.07s train=0.53s
[t=5125.0s] --- lr -> 2.50e-04 ---
[t=5131.7s] rebel stream solves=1879998 raw=389/s balanced=389/s debt=760 rows steps=7343 horizon=0.05 games=61 over=0 card=0 drop=0 L=0.01377 L/var=0.04 tgt=-0.074/0.619 aux=0.4761/0.802 cfg/b=22567 prep=0.05s gpu=0.00s conv=0.00s add=0.11s train=0.74s
[t=5141.7s] rebel stream solves=1883123 raw=389/s balanced=389/s debt=972 rows steps=7355 horizon=0.01 games=69 over=0 card=0 drop=0 L=0.01323 L/var=0.04 tgt=-0.010/0.563 aux=0.4740/0.803 cfg/b=22501 prep=0.05s gpu=0.00s conv=0.00s add=0.10s train=0.75s
[t=5151.8s] rebel stream solves=1887292 raw=389/s balanced=389/s debt=240 rows steps=7372 horizon=0.01 games=91 over=0 card=0 drop=0 L=0.01312 L/var=0.04 tgt=-0.058/0.594 aux=0.4763/0.802 cfg/b=22191 prep=0.07s gpu=0.00s conv=0.00s add=0.14s train=1.03s
[t=5161.8s] rebel stream solves=1889347 raw=389/s balanced=389/s debt=268 rows steps=7380 horizon=0.02 games=46 over=0 card=0 drop=0 L=0.01286 L/var=0.04 tgt=+0.011/0.546 aux=0.4786/0.801 cfg/b=22488 prep=0.03s gpu=0.00s conv=0.00s add=0.07s train=0.50s
[t=5171.8s] rebel stream solves=1893510 raw=389/s balanced=389/s debt=536 rows steps=7396 horizon=0.03 games=89 over=0 card=0 drop=0 L=0.01352 L/var=0.04 tgt=-0.023/0.600 aux=0.4801/0.799 cfg/b=22455 prep=0.08s gpu=0.00s conv=0.00s add=0.15s train=0.98s
[t=5181.8s] rebel stream solves=1896729 raw=389/s balanced=389/s debt=100 rows steps=7409 horizon=0.03 games=69 over=0 card=0 drop=0 L=0.01364 L/var=0.04 tgt=+0.037/0.552 aux=0.4810/0.799 cfg/b=22485 prep=0.06s gpu=0.00s conv=0.00s add=0.11s train=0.82s
[t=5191.8s] rebel stream solves=1900956 raw=389/s balanced=389/s debt=624 rows steps=7425 horizon=0.02 games=89 over=0 card=0 drop=0 L=0.01305 L/var=0.04 tgt=-0.012/0.558 aux=0.4803/0.799 cfg/b=22629 prep=0.08s gpu=0.00s conv=0.00s add=0.13s train=1.01s
[t=5201.8s] rebel stream solves=1904124 raw=389/s balanced=388/s debt=1008 rows steps=7437 horizon=0.00 games=70 over=0 card=0 drop=0 L=0.01347 L/var=0.04 tgt=+0.023/0.563 aux=0.4770/0.800 cfg/b=22070 prep=0.05s gpu=0.00s conv=0.00s add=0.11s train=0.74s
[t=5211.9s] rebel stream solves=1907258 raw=388/s balanced=388/s debt=232 rows steps=7450 horizon=0.03 games=69 over=0 card=0 drop=0 L=0.01380 L/var=0.04 tgt=-0.009/0.576 aux=0.4813/0.799 cfg/b=22465 prep=0.07s gpu=0.00s conv=0.00s add=0.11s train=0.81s
[t=5221.9s] rebel stream solves=1910404 raw=388/s balanced=388/s debt=528 rows steps=7462 horizon=0.01 games=69 over=0 card=0 drop=0 L=0.01387 L/var=0.04 tgt=-0.019/0.581 aux=0.4829/0.798 cfg/b=22583 prep=0.06s gpu=0.00s conv=0.00s add=0.10s train=0.76s
[t=5231.9s] rebel stream solves=1915739 raw=389/s balanced=388/s debt=364 rows steps=7483 horizon=0.02 games=108 over=0 card=0 drop=0 L=0.01388 L/var=0.04 tgt=-0.017/0.599 aux=0.4809/0.798 cfg/b=22215 prep=0.10s gpu=0.00s conv=0.00s add=0.18s train=1.27s
[t=5241.9s] rebel stream solves=1918911 raw=388/s balanced=388/s debt=764 rows steps=7495 horizon=0.00 games=68 over=0 card=0 drop=0 L=0.01329 L/var=0.04 tgt=+0.006/0.575 aux=0.4795/0.800 cfg/b=22245 prep=0.05s gpu=0.00s conv=0.00s add=0.10s train=0.75s
[t=5252.0s] rebel stream solves=1922033 raw=388/s balanced=388/s debt=964 rows steps=7507 horizon=0.03 games=71 over=0 card=0 drop=0 L=0.01424 L/var=0.05 tgt=-0.018/0.545 aux=0.4822/0.799 cfg/b=22340 prep=0.05s gpu=0.00s conv=0.00s add=0.10s train=0.73s
[t=5262.0s] rebel stream solves=1926193 raw=388/s balanced=388/s debt=196 rows steps=7524 horizon=0.01 games=90 over=0 card=0 drop=0 L=0.01342 L/var=0.04 tgt=+0.000/0.556 aux=0.4839/0.798 cfg/b=22416 prep=0.07s gpu=0.00s conv=0.00s add=0.13s train=1.04s
[t=5272.6s] rebel stream solves=1929321 raw=388/s balanced=388/s debt=420 rows steps=7536 horizon=0.00 games=72 over=0 card=0 drop=0 L=0.01458 L/var=0.04 tgt=-0.011/0.596 aux=0.4864/0.796 cfg/b=22752 prep=0.06s gpu=0.00s conv=0.00s add=0.12s train=0.74s
[t=5282.6s] rebel stream solves=1931420 raw=388/s balanced=388/s debt=624 rows steps=7544 horizon=0.00 games=45 over=0 card=0 drop=0 L=0.01363 L/var=0.05 tgt=+0.009/0.543 aux=0.4869/0.797 cfg/b=22585 prep=0.04s gpu=0.00s conv=0.00s add=0.08s train=0.49s
[t=5292.6s] rebel stream solves=1933551 raw=387/s balanced=387/s debt=956 rows steps=7552 horizon=0.00 games=44 over=0 card=0 drop=0 L=0.01484 L/var=0.05 tgt=-0.026/0.565 aux=0.4881/0.795 cfg/b=22023 prep=0.04s gpu=0.00s conv=0.00s add=0.07s train=0.50s
[t=5302.6s] rebel stream solves=1936656 raw=387/s balanced=387/s debt=64 rows steps=7565 horizon=0.00 games=69 over=0 card=0 drop=0 L=0.01376 L/var=0.03 tgt=-0.005/0.633 aux=0.4884/0.795 cfg/b=23004 prep=0.06s gpu=0.00s conv=0.00s add=0.12s train=0.80s
[t=5312.7s] rebel stream solves=1941873 raw=387/s balanced=387/s debt=1476 rows steps=7584 horizon=0.00 games=109 over=0 card=0 drop=0 L=0.01337 L/var=0.04 tgt=-0.022/0.590 aux=0.4858/0.798 cfg/b=22778 prep=0.08s gpu=0.00s conv=0.00s add=0.16s train=1.18s
[t=5322.8s] rebel stream solves=1946066 raw=388/s balanced=387/s debt=840 rows steps=7601 horizon=0.02 games=82 over=0 card=0 drop=0 L=0.01345 L/var=0.04 tgt=-0.012/0.597 aux=0.4837/0.798 cfg/b=21959 prep=0.08s gpu=0.00s conv=0.00s add=0.15s train=1.08s
[t=5332.8s] rebel stream solves=1949269 raw=387/s balanced=387/s debt=340 rows steps=7614 horizon=0.00 games=69 over=0 card=0 drop=0 L=0.01358 L/var=0.04 tgt=-0.009/0.550 aux=0.4830/0.799 cfg/b=22503 prep=0.06s gpu=0.00s conv=0.00s add=0.11s train=0.78s
[t=5342.8s] rebel stream solves=1952394 raw=387/s balanced=387/s debt=552 rows steps=7626 horizon=0.05 games=61 over=0 card=0 drop=0 L=0.01315 L/var=0.04 tgt=+0.085/0.577 aux=0.4853/0.798 cfg/b=22442 prep=0.05s gpu=0.00s conv=0.00s add=0.10s train=0.78s
[t=5352.8s] rebel stream solves=1956580 raw=387/s balanced=387/s debt=912 rows steps=7642 horizon=0.01 games=95 over=0 card=0 drop=0 L=0.01277 L/var=0.04 tgt=-0.011/0.551 aux=0.4853/0.797 cfg/b=22631 prep=0.07s gpu=0.00s conv=0.00s add=0.16s train=1.01s
[t=5362.9s] rebel stream solves=1959693 raw=387/s balanced=387/s debt=52 rows steps=7655 horizon=0.00 games=64 over=0 card=0 drop=0 L=0.01371 L/var=0.05 tgt=+0.007/0.540 aux=0.4881/0.797 cfg/b=22911 prep=0.06s gpu=0.00s conv=0.00s add=0.11s train=0.82s
[t=5372.9s] rebel stream solves=1962827 raw=387/s balanced=387/s debt=300 rows steps=7667 horizon=0.01 games=68 over=0 card=0 drop=0 L=0.01370 L/var=0.05 tgt=-0.024/0.547 aux=0.4900/0.796 cfg/b=22389 prep=0.06s gpu=0.00s conv=0.00s add=0.11s train=0.78s
[t=5382.9s] rebel stream solves=1967019 raw=387/s balanced=387/s debt=684 rows steps=7683 horizon=0.01 games=85 over=0 card=0 drop=0 L=0.01334 L/var=0.04 tgt=-0.019/0.590 aux=0.4939/0.793 cfg/b=22535 prep=0.09s gpu=0.00s conv=0.00s add=0.16s train=1.02s
[t=5393.0s] rebel stream solves=1970233 raw=387/s balanced=387/s debt=228 rows steps=7696 horizon=0.00 games=67 over=0 card=0 drop=0 L=0.01345 L/var=0.04 tgt=-0.030/0.567 aux=0.4884/0.797 cfg/b=22527 prep=0.05s gpu=0.00s conv=0.00s add=0.09s train=0.80s
[t=5403.0s] rebel stream solves=1974480 raw=387/s balanced=387/s debt=832 rows steps=7712 horizon=0.01 games=84 over=0 card=0 drop=0 L=0.01334 L/var=0.03 tgt=-0.017/0.620 aux=0.4875/0.797 cfg/b=22404 prep=0.08s gpu=0.00s conv=0.00s add=0.14s train=1.01s
[t=5413.0s] rebel stream solves=1976549 raw=387/s balanced=387/s debt=916 rows steps=7720 horizon=0.00 games=50 over=0 card=0 drop=0 L=0.01326 L/var=0.04 tgt=-0.061/0.613 aux=0.4945/0.795 cfg/b=23018 prep=0.05s gpu=0.00s conv=0.00s add=0.09s train=0.51s
[t=5423.0s] rebel stream solves=1979715 raw=387/s balanced=387/s debt=268 rows steps=7733 horizon=0.00 games=72 over=0 card=0 drop=0 L=0.01305 L/var=0.04 tgt=-0.014/0.585 aux=0.4933/0.794 cfg/b=22119 prep=0.06s gpu=0.00s conv=0.00s add=0.12s train=0.82s
[t=5433.0s] rebel stream solves=1982933 raw=386/s balanced=386/s debt=852 rows steps=7745 horizon=0.01 games=73 over=0 card=0 drop=0 L=0.01327 L/var=0.04 tgt=-0.021/0.572 aux=0.4908/0.795 cfg/b=22264 prep=0.05s gpu=0.00s conv=0.00s add=0.12s train=0.75s
[t=5443.0s] rebel stream solves=1984989 raw=386/s balanced=386/s debt=884 rows steps=7753 horizon=0.02 games=43 over=0 card=0 drop=0 L=0.01389 L/var=0.04 tgt=+0.031/0.585 aux=0.4908/0.796 cfg/b=22516 prep=0.04s gpu=0.00s conv=0.00s add=0.07s train=0.51s
[t=5453.1s] rebel stream solves=1987108 raw=386/s balanced=386/s debt=144 rows steps=7762 horizon=0.00 games=45 over=0 card=0 drop=0 L=0.01355 L/var=0.04 tgt=-0.041/0.580 aux=0.4918/0.795 cfg/b=22316 prep=0.04s gpu=0.00s conv=0.00s add=0.09s train=0.55s
[t=5463.1s] rebel stream solves=1989195 raw=385/s balanced=385/s debt=300 rows steps=7770 horizon=0.00 games=49 over=0 card=0 drop=0 L=0.01285 L/var=0.05 tgt=+0.001/0.521 aux=0.4886/0.797 cfg/b=22321 prep=0.04s gpu=0.00s conv=0.00s add=0.07s train=0.51s
[t=5473.1s] rebel stream solves=1992329 raw=385/s balanced=385/s debt=548 rows steps=7782 horizon=0.00 games=59 over=0 card=0 drop=0 L=0.01409 L/var=0.04 tgt=+0.061/0.632 aux=0.4910/0.795 cfg/b=22498 prep=0.05s gpu=0.00s conv=0.00s add=0.10s train=0.74s
[t=5483.1s] rebel stream solves=1996552 raw=385/s balanced=385/s debt=32 rows steps=7799 horizon=0.02 games=87 over=0 card=0 drop=0 L=0.01432 L/var=0.04 tgt=-0.016/0.629 aux=0.4938/0.793 cfg/b=22575 prep=0.08s gpu=0.00s conv=0.00s add=0.16s train=1.07s
[t=5493.1s] rebel stream solves=1999742 raw=385/s balanced=385/s debt=504 rows steps=7811 horizon=0.00 games=80 over=0 card=0 drop=0 L=0.01322 L/var=0.04 tgt=-0.015/0.565 aux=0.4861/0.797 cfg/b=22637 prep=0.06s gpu=0.00s conv=0.00s add=0.10s train=0.74s
[t=5503.2s] rebel stream solves=2001792 raw=385/s balanced=385/s debt=512 rows steps=7819 horizon=0.02 games=43 over=0 card=0 drop=0 L=0.01326 L/var=0.04 tgt=+0.055/0.570 aux=0.4861/0.799 cfg/b=22736 prep=0.03s gpu=0.00s conv=0.00s add=0.07s train=0.48s
[t=5513.2s] rebel stream solves=2004932 raw=385/s balanced=385/s debt=784 rows steps=7831 horizon=0.07 games=57 over=0 card=0 drop=0 L=0.01326 L/var=0.04 tgt=+0.018/0.581 aux=0.4897/0.794 cfg/b=22620 prep=0.06s gpu=0.00s conv=0.00s add=0.11s train=0.78s
[t=5523.2s] rebel stream solves=2007042 raw=384/s balanced=384/s debt=8 rows steps=7840 horizon=0.00 games=44 over=0 card=0 drop=0 L=0.01377 L/var=0.05 tgt=+0.002/0.544 aux=0.4843/0.797 cfg/b=22382 prep=0.04s gpu=0.00s conv=0.00s add=0.08s train=0.56s
[t=5533.2s] rebel stream solves=2012325 raw=385/s balanced=385/s debt=660 rows steps=7860 horizon=0.01 games=113 over=0 card=0 drop=0 L=0.01336 L/var=0.04 tgt=-0.009/0.614 aux=0.4872/0.797 cfg/b=22554 prep=0.09s gpu=0.00s conv=0.00s add=0.17s train=1.21s
[t=5543.3s] rebel stream solves=2013349 raw=384/s balanced=384/s debt=660 rows steps=7864 horizon=0.00 games=22 over=0 card=0 drop=0 L=0.01327 L/var=0.05 tgt=+0.009/0.500 aux=0.4928/0.794 cfg/b=22397 prep=0.02s gpu=0.00s conv=0.00s add=0.03s train=0.24s
[t=5553.3s] rebel stream solves=2017545 raw=384/s balanced=384/s debt=36 rows steps=7881 horizon=0.02 games=88 over=0 card=0 drop=0 L=0.01337 L/var=0.04 tgt=+0.023/0.563 aux=0.4864/0.798 cfg/b=22796 prep=0.09s gpu=0.00s conv=0.00s add=0.12s train=1.06s
[t=5563.3s] rebel stream solves=2020685 raw=384/s balanced=384/s debt=308 rows steps=7893 horizon=0.01 games=70 over=0 card=0 drop=0 L=0.01378 L/var=0.04 tgt=-0.049/0.574 aux=0.4859/0.798 cfg/b=22585 prep=0.05s gpu=0.00s conv=0.00s add=0.13s train=0.76s
[t=5573.3s] rebel stream solves=2023792 raw=384/s balanced=384/s debt=448 rows steps=7905 horizon=0.07 games=54 over=0 card=0 drop=0 L=0.01360 L/var=0.03 tgt=-0.046/0.652 aux=0.4796/0.801 cfg/b=22982 prep=0.05s gpu=0.00s conv=0.00s add=0.10s train=0.74s
[t=5583.3s] rebel stream solves=2026932 raw=384/s balanced=384/s debt=720 rows steps=7917 horizon=0.00 games=73 over=0 card=0 drop=0 L=0.01356 L/var=0.04 tgt=-0.081/0.608 aux=0.4823/0.799 cfg/b=22812 prep=0.07s gpu=0.00s conv=0.00s add=0.13s train=0.77s
[t=5593.4s] rebel stream solves=2030123 raw=384/s balanced=384/s debt=172 rows steps=7930 horizon=0.00 games=67 over=0 card=0 drop=0 L=0.01309 L/var=0.04 tgt=-0.055/0.602 aux=0.4862/0.798 cfg/b=23098 prep=0.06s gpu=0.00s conv=0.00s add=0.10s train=0.81s
[t=5603.4s] rebel stream solves=2034308 raw=384/s balanced=384/s debt=528 rows steps=7946 horizon=0.01 games=88 over=0 card=0 drop=0 L=0.01345 L/var=0.04 tgt=+0.005/0.589 aux=0.4839/0.798 cfg/b=22830 prep=0.07s gpu=0.00s conv=0.00s add=0.15s train=0.99s
[t=5613.4s] rebel stream solves=2038593 raw=384/s balanced=384/s debt=260 rows steps=7963 horizon=0.03 games=90 over=0 card=0 drop=0 L=0.01364 L/var=0.04 tgt=+0.003/0.571 aux=0.4828/0.800 cfg/b=23249 prep=0.08s gpu=0.00s conv=0.00s add=0.16s train=1.07s
[t=5623.4s] rebel stream solves=2041749 raw=384/s balanced=384/s debt=596 rows steps=7975 horizon=0.00 games=70 over=0 card=0 drop=0 L=0.01388 L/var=0.04 tgt=-0.015/0.581 aux=0.4850/0.798 cfg/b=23278 prep=0.06s gpu=0.00s conv=0.00s add=0.12s train=0.78s
[t=5633.4s] rebel stream solves=2045960 raw=384/s balanced=384/s debt=32 rows steps=7992 horizon=0.05 games=83 over=0 card=0 drop=0 L=0.01316 L/var=0.03 tgt=-0.007/0.624 aux=0.4843/0.799 cfg/b=23249 prep=0.07s gpu=0.00s conv=0.00s add=0.14s train=1.02s
[t=5643.5s] rebel stream solves=2049149 raw=384/s balanced=384/s debt=500 rows steps=8004 horizon=0.01 games=67 over=0 card=0 drop=0 L=0.01351 L/var=0.03 tgt=-0.010/0.635 aux=0.4812/0.800 cfg/b=22951 prep=0.05s gpu=0.00s conv=0.00s add=0.11s train=0.75s
[t=5653.5s] rebel stream solves=2052309 raw=383/s balanced=383/s debt=852 rows steps=8016 horizon=0.03 games=68 over=0 card=0 drop=0 L=0.01358 L/var=0.04 tgt=-0.064/0.573 aux=0.4868/0.797 cfg/b=22622 prep=0.05s gpu=0.00s conv=0.00s add=0.12s train=0.75s
[t=5663.5s] rebel stream solves=2055579 raw=383/s balanced=383/s debt=620 rows steps=8029 horizon=0.00 games=67 over=0 card=0 drop=0 L=0.01334 L/var=0.04 tgt=-0.030/0.612 aux=0.4861/0.798 cfg/b=23218 prep=0.06s gpu=0.00s conv=0.00s add=0.11s train=0.82s
[t=5673.8s] rebel stream solves=2058785 raw=383/s balanced=383/s debt=132 rows steps=8042 horizon=0.01 games=69 over=0 card=0 drop=0 L=0.01334 L/var=0.04 tgt=-0.020/0.582 aux=0.4864/0.798 cfg/b=22766 prep=0.06s gpu=0.00s conv=0.00s add=0.11s train=0.82s
[t=5683.8s] rebel stream solves=2060883 raw=383/s balanced=383/s debt=332 rows steps=8050 horizon=0.00 games=50 over=0 card=0 drop=0 L=0.01327 L/var=0.05 tgt=+0.010/0.527 aux=0.4812/0.799 cfg/b=22958 prep=0.04s gpu=0.00s conv=0.00s add=0.08s train=0.52s
[t=5693.8s] rebel stream solves=2063017 raw=383/s balanced=383/s debt=676 rows steps=8058 horizon=0.00 games=48 over=0 card=0 drop=0 L=0.01335 L/var=0.04 tgt=+0.007/0.552 aux=0.4883/0.796 cfg/b=23221 prep=0.03s gpu=0.00s conv=0.00s add=0.08s train=0.50s
[t=5703.9s] rebel stream solves=2065165 raw=382/s balanced=382/s debt=52 rows steps=8067 horizon=0.05 games=42 over=0 card=0 drop=0 L=0.01308 L/var=0.04 tgt=-0.096/0.594 aux=0.4836/0.798 cfg/b=22777 prep=0.04s gpu=0.00s conv=0.00s add=0.07s train=0.59s
[t=5713.9s] rebel stream solves=2068353 raw=382/s balanced=382/s debt=516 rows steps=8079 horizon=0.03 games=65 over=0 card=0 drop=0 L=0.01294 L/var=0.03 tgt=-0.141/0.641 aux=0.4868/0.797 cfg/b=22781 prep=0.05s gpu=0.00s conv=0.00s add=0.12s train=0.70s
[t=5723.9s] rebel stream solves=2072535 raw=382/s balanced=382/s debt=860 rows steps=8095 horizon=0.03 games=91 over=0 card=0 drop=0 L=0.01345 L/var=0.04 tgt=-0.000/0.589 aux=0.4846/0.797 cfg/b=22947 prep=0.13s gpu=0.00s conv=0.00s add=0.13s train=1.09s
[t=5734.3s] rebel stream solves=2076734 raw=382/s balanced=382/s debt=248 rows steps=8112 horizon=0.03 games=80 over=0 card=0 drop=0 L=0.01282 L/var=0.03 tgt=+0.047/0.624 aux=0.4813/0.798 cfg/b=22651 prep=0.08s gpu=0.00s conv=0.00s add=0.12s train=1.07s
[t=5744.3s] rebel stream solves=2079881 raw=382/s balanced=382/s debt=548 rows steps=8124 horizon=0.01 games=71 over=0 card=0 drop=0 L=0.01265 L/var=0.04 tgt=+0.036/0.566 aux=0.4874/0.795 cfg/b=22660 prep=0.06s gpu=0.00s conv=0.00s add=0.10s train=0.77s
[t=5754.3s] rebel stream solves=2083047 raw=382/s balanced=382/s debt=924 rows steps=8136 horizon=0.03 games=68 over=0 card=0 drop=0 L=0.01322 L/var=0.04 tgt=-0.038/0.577 aux=0.4797/0.800 cfg/b=22712 prep=0.05s gpu=0.00s conv=0.00s add=0.11s train=0.75s
[t=5764.3s] rebel stream solves=2085137 raw=382/s balanced=382/s debt=68 rows steps=8145 horizon=0.02 games=44 over=0 card=0 drop=0 L=0.01262 L/var=0.04 tgt=-0.014/0.568 aux=0.4828/0.797 cfg/b=22995 prep=0.04s gpu=0.00s conv=0.00s add=0.07s train=0.56s
[t=5774.3s] rebel stream solves=2088253 raw=382/s balanced=382/s debt=244 rows steps=8157 horizon=0.00 games=69 over=0 card=0 drop=0 L=0.01278 L/var=0.04 tgt=-0.027/0.586 aux=0.4828/0.797 cfg/b=22687 prep=0.05s gpu=0.00s conv=0.00s add=0.08s train=0.75s
[t=5784.3s] rebel stream solves=2090387 raw=381/s balanced=381/s debt=588 rows steps=8165 horizon=0.00 games=46 over=0 card=0 drop=0 L=0.01229 L/var=0.04 tgt=-0.017/0.543 aux=0.4699/0.803 cfg/b=22650 prep=0.04s gpu=0.00s conv=0.00s add=0.06s train=0.52s
[t=5794.4s] rebel stream solves=2093564 raw=381/s balanced=381/s debt=1008 rows steps=8177 horizon=0.00 games=68 over=0 card=0 drop=0 L=0.01269 L/var=0.04 tgt=-0.015/0.596 aux=0.4810/0.798 cfg/b=22746 prep=0.06s gpu=0.00s conv=0.00s add=0.11s train=0.77s
[t=5804.4s] rebel stream solves=2097876 raw=381/s balanced=381/s debt=848 rows steps=8194 horizon=0.02 games=88 over=0 card=0 drop=0 L=0.01282 L/var=0.03 tgt=-0.038/0.618 aux=0.4815/0.798 cfg/b=22761 prep=0.09s gpu=0.00s conv=0.00s add=0.15s train=1.11s
[t=5814.5s] rebel stream solves=2101054 raw=381/s balanced=381/s debt=248 rows steps=8207 horizon=0.01 games=65 over=0 card=0 drop=0 L=0.01296 L/var=0.04 tgt=+0.019/0.554 aux=0.4801/0.799 cfg/b=22217 prep=0.06s gpu=0.00s conv=0.00s add=0.11s train=0.82s
[t=5824.5s] rebel stream solves=2103164 raw=381/s balanced=381/s debt=496 rows steps=8215 horizon=0.00 games=50 over=0 card=0 drop=0 L=0.01376 L/var=0.04 tgt=+0.004/0.596 aux=0.4808/0.800 cfg/b=22279 prep=0.04s gpu=0.00s conv=0.00s add=0.05s train=0.52s
[t=5834.5s] rebel stream solves=2106330 raw=381/s balanced=381/s debt=872 rows steps=8227 horizon=0.03 games=72 over=0 card=0 drop=0 L=0.01312 L/var=0.04 tgt=-0.028/0.611 aux=0.4825/0.798 cfg/b=22704 prep=0.06s gpu=0.00s conv=0.00s add=0.11s train=0.78s
[t=5844.5s] rebel stream solves=2109485 raw=381/s balanced=381/s debt=180 rows steps=8240 horizon=0.00 games=70 over=0 card=0 drop=0 L=0.01289 L/var=0.04 tgt=-0.039/0.581 aux=0.4806/0.798 cfg/b=22563 prep=0.06s gpu=0.00s conv=0.00s add=0.10s train=0.81s
[t=5854.5s] rebel stream solves=2111580 raw=380/s balanced=380/s debt=368 rows steps=8248 horizon=0.02 games=43 over=0 card=0 drop=0 L=0.01299 L/var=0.04 tgt=-0.017/0.564 aux=0.4908/0.794 cfg/b=22901 prep=0.04s gpu=0.00s conv=0.00s add=0.07s train=0.49s
[t=5864.6s] rebel stream solves=2113662 raw=380/s balanced=380/s debt=504 rows steps=8256 horizon=0.00 games=49 over=0 card=0 drop=0 L=0.01270 L/var=0.04 tgt=-0.047/0.584 aux=0.4831/0.796 cfg/b=23000 prep=0.03s gpu=0.00s conv=0.00s add=0.07s train=0.50s
[t=5874.6s] rebel stream solves=2117861 raw=380/s balanced=380/s debt=916 rows steps=8272 horizon=0.01 games=84 over=0 card=0 drop=0 L=0.01313 L/var=0.03 tgt=-0.032/0.623 aux=0.4893/0.793 cfg/b=22283 prep=0.08s gpu=0.00s conv=0.00s add=0.14s train=1.01s
[t=5884.6s] rebel stream solves=2122054 raw=380/s balanced=380/s debt=280 rows steps=8289 horizon=0.00 games=90 over=0 card=0 drop=0 L=0.01275 L/var=0.04 tgt=-0.062/0.570 aux=0.4875/0.795 cfg/b=22992 prep=0.08s gpu=0.00s conv=0.00s add=0.15s train=1.05s
[t=5894.6s] rebel stream solves=2125159 raw=380/s balanced=380/s debt=412 rows steps=8301 horizon=0.00 games=69 over=0 card=0 drop=0 L=0.01413 L/var=0.04 tgt=+0.014/0.583 aux=0.4870/0.794 cfg/b=22308 prep=0.06s gpu=0.00s conv=0.00s add=0.11s train=0.77s
[t=5904.6s] rebel stream solves=2127257 raw=380/s balanced=380/s debt=612 rows steps=8309 horizon=0.00 games=45 over=0 card=0 drop=0 L=0.01364 L/var=0.04 tgt=-0.089/0.621 aux=0.4850/0.796 cfg/b=22726 prep=0.04s gpu=0.00s conv=0.00s add=0.08s train=0.52s
[t=5914.7s] rebel stream solves=2131564 raw=380/s balanced=380/s debt=432 rows steps=8326 horizon=0.00 games=91 over=0 card=0 drop=0 L=0.01406 L/var=0.04 tgt=+0.026/0.580 aux=0.4850/0.796 cfg/b=22468 prep=0.07s gpu=0.00s conv=0.00s add=0.13s train=1.06s
[t=5924.7s] rebel stream solves=2134741 raw=380/s balanced=380/s debt=852 rows steps=8338 horizon=0.01 games=66 over=0 card=0 drop=0 L=0.01248 L/var=0.03 tgt=-0.063/0.630 aux=0.4817/0.799 cfg/b=22508 prep=0.07s gpu=0.00s conv=0.00s add=0.10s train=0.78s
[t=5934.7s] rebel stream solves=2137921 raw=379/s balanced=379/s debt=260 rows steps=8351 horizon=0.01 games=66 over=0 card=0 drop=0 L=0.01258 L/var=0.04 tgt=-0.008/0.580 aux=0.4788/0.800 cfg/b=22924 prep=0.05s gpu=0.00s conv=0.00s add=0.12s train=0.80s
[t=5944.7s] rebel stream solves=2141085 raw=379/s balanced=379/s debt=628 rows steps=8363 horizon=0.00 games=65 over=0 card=0 drop=0 L=0.01346 L/var=0.04 tgt=+0.013/0.565 aux=0.4818/0.797 cfg/b=22867 prep=0.06s gpu=0.00s conv=0.00s add=0.11s train=0.76s
[t=5954.7s] rebel stream solves=2144307 raw=379/s balanced=379/s debt=204 rows steps=8376 horizon=0.00 games=73 over=0 card=0 drop=0 L=0.01311 L/var=0.04 tgt=-0.122/0.602 aux=0.4795/0.799 cfg/b=22889 prep=0.06s gpu=0.00s conv=0.00s add=0.13s train=0.81s
[t=5964.7s] rebel stream solves=2147465 raw=379/s balanced=379/s debt=548 rows steps=8388 horizon=0.03 games=68 over=0 card=0 drop=0 L=0.01292 L/var=0.03 tgt=-0.038/0.610 aux=0.4854/0.797 cfg/b=22890 prep=0.06s gpu=0.00s conv=0.00s add=0.09s train=0.75s
[t=5974.8s] rebel stream solves=2151618 raw=379/s balanced=379/s debt=776 rows steps=8404 horizon=0.01 games=88 over=0 card=0 drop=0 L=0.01320 L/var=0.04 tgt=+0.008/0.594 aux=0.4759/0.801 cfg/b=22650 prep=0.07s gpu=0.00s conv=0.00s add=0.14s train=0.97s
[t=5984.8s] rebel stream solves=2155800 raw=379/s balanced=379/s debt=96 rows steps=8421 horizon=0.01 games=94 over=0 card=0 drop=0 L=0.01276 L/var=0.03 tgt=-0.036/0.608 aux=0.4759/0.802 cfg/b=22821 prep=0.07s gpu=0.00s conv=0.00s add=0.15s train=1.05s
[t=5994.9s] rebel stream solves=2159998 raw=379/s balanced=379/s debt=504 rows steps=8437 horizon=0.00 games=84 over=0 card=0 drop=0 L=0.01361 L/var=0.04 tgt=+0.015/0.552 aux=0.4755/0.802 cfg/b=22832 prep=0.09s gpu=0.00s conv=0.00s add=0.14s train=1.06s
[t=6004.9s] rebel stream solves=2163113 raw=379/s balanced=379/s debt=676 rows steps=8449 horizon=0.02 games=64 over=0 card=0 drop=0 L=0.01299 L/var=0.04 tgt=-0.024/0.578 aux=0.4809/0.799 cfg/b=22340 prep=0.05s gpu=0.00s conv=0.00s add=0.09s train=0.73s
[t=6014.9s] rebel stream solves=2166294 raw=379/s balanced=379/s debt=88 rows steps=8462 horizon=0.03 games=67 over=0 card=0 drop=0 L=0.01276 L/var=0.04 tgt=-0.002/0.603 aux=0.4774/0.802 cfg/b=23235 prep=0.06s gpu=0.00s conv=0.00s add=0.06s train=0.81s
[t=6025.0s] rebel stream solves=2168463 raw=379/s balanced=379/s debt=572 rows steps=8470 horizon=0.07 games=46 over=0 card=0 drop=0 L=0.01316 L/var=0.04 tgt=+0.001/0.575 aux=0.4746/0.802 cfg/b=22783 prep=0.04s gpu=0.00s conv=0.00s add=0.07s train=0.52s
[t=6035.0s] rebel stream solves=2170526 raw=379/s balanced=379/s debt=632 rows steps=8478 horizon=0.00 games=44 over=0 card=0 drop=0 L=0.01272 L/var=0.04 tgt=+0.012/0.562 aux=0.4708/0.804 cfg/b=21893 prep=0.07s gpu=0.00s conv=0.00s add=0.07s train=0.52s
[t=6045.0s] rebel stream solves=2173667 raw=378/s balanced=378/s debt=908 rows steps=8490 horizon=0.00 games=65 over=0 card=0 drop=0 L=0.01278 L/var=0.04 tgt=-0.005/0.568 aux=0.4782/0.801 cfg/b=22874 prep=0.05s gpu=0.00s conv=0.00s add=0.09s train=0.74s
[t=6055.0s] rebel stream solves=2176906 raw=378/s balanced=378/s debt=552 rows steps=8503 horizon=0.00 games=70 over=0 card=0 drop=0 L=0.01332 L/var=0.04 tgt=-0.019/0.569 aux=0.4758/0.801 cfg/b=23060 prep=0.06s gpu=0.00s conv=0.00s add=0.11s train=0.80s
[t=6065.1s] rebel stream solves=2181087 raw=378/s balanced=378/s debt=892 rows steps=8519 horizon=0.04 games=79 over=0 card=0 drop=0 L=0.01291 L/var=0.04 tgt=-0.022/0.604 aux=0.4730/0.803 cfg/b=22579 prep=0.09s gpu=0.00s conv=0.00s add=0.13s train=1.05s
[t=6075.1s] rebel stream solves=2185279 raw=378/s balanced=378/s debt=252 rows steps=8536 horizon=0.01 games=90 over=0 card=0 drop=0 L=0.01271 L/var=0.03 tgt=+0.010/0.606 aux=0.4772/0.802 cfg/b=22750 prep=0.07s gpu=0.00s conv=0.00s add=0.14s train=1.03s
[t=6085.1s] rebel stream solves=2189412 raw=379/s balanced=379/s debt=400 rows steps=8552 horizon=0.03 games=77 over=0 card=0 drop=0 L=0.01267 L/var=0.03 tgt=-0.017/0.614 aux=0.4779/0.801 cfg/b=22366 prep=0.07s gpu=0.00s conv=0.00s add=0.14s train=1.00s
[t=6095.1s] rebel stream solves=2193605 raw=379/s balanced=379/s debt=788 rows steps=8568 horizon=0.00 games=87 over=0 card=0 drop=0 L=0.01319 L/var=0.04 tgt=-0.058/0.598 aux=0.4832/0.798 cfg/b=22566 prep=0.08s gpu=0.00s conv=0.00s add=0.15s train=1.00s
[t=6105.1s] rebel stream solves=2197843 raw=379/s balanced=379/s debt=332 rows steps=8585 horizon=0.00 games=93 over=0 card=0 drop=0 L=0.01269 L/var=0.03 tgt=-0.017/0.608 aux=0.4811/0.799 cfg/b=22137 prep=0.07s gpu=0.00s conv=0.01s add=0.15s train=1.07s
[t=6115.2s] rebel stream solves=2201003 raw=379/s balanced=379/s debt=684 rows steps=8597 horizon=0.02 games=62 over=0 card=0 drop=0 L=0.01299 L/var=0.04 tgt=-0.121/0.593 aux=0.4828/0.798 cfg/b=22099 prep=0.04s gpu=0.00s conv=0.00s add=0.10s train=0.71s
[t=6125.2s] rebel stream solves=2203079 raw=378/s balanced=378/s debt=796 rows steps=8605 horizon=0.08 games=39 over=0 card=0 drop=0 L=0.01273 L/var=0.04 tgt=-0.048/0.591 aux=0.4810/0.798 cfg/b=21954 prep=0.03s gpu=0.00s conv=0.00s add=0.08s train=0.48s
[t=6135.2s] rebel stream solves=2206316 raw=378/s balanced=378/s debt=432 rows steps=8618 horizon=0.00 games=69 over=0 card=0 drop=0 L=0.01321 L/var=0.04 tgt=-0.001/0.570 aux=0.4874/0.795 cfg/b=22386 prep=0.06s gpu=0.00s conv=0.00s add=0.10s train=0.79s
[t=6145.2s] rebel stream solves=2208446 raw=378/s balanced=378/s debt=760 rows steps=8626 horizon=0.05 games=39 over=0 card=0 drop=0 L=0.01267 L/var=0.04 tgt=+0.045/0.552 aux=0.4828/0.798 cfg/b=22631 prep=0.03s gpu=0.00s conv=0.00s add=0.06s train=0.50s
[t=6155.4s] rebel stream solves=2212708 raw=378/s balanced=378/s debt=3472 rows steps=8640 horizon=0.05 games=87 over=0 card=0 drop=0 L=0.01292 L/var=0.03 tgt=-0.044/0.616 aux=0.4858/0.797 cfg/b=22369 prep=0.07s gpu=0.00s conv=0.00s add=0.14s train=0.86s
[t=6165.5s] rebel stream solves=2215853 raw=378/s balanced=378/s debt=692 rows steps=8655 horizon=0.00 games=68 over=0 card=0 drop=0 L=0.01244 L/var=0.04 tgt=-0.010/0.556 aux=0.4824/0.798 cfg/b=22040 prep=0.09s gpu=0.00s conv=0.00s add=0.12s train=0.95s
[t=6175.8s] rebel stream solves=2220058 raw=378/s balanced=378/s debt=104 rows steps=8672 horizon=0.01 games=91 over=0 card=0 drop=0 L=0.01300 L/var=0.04 tgt=-0.013/0.580 aux=0.4840/0.796 cfg/b=22099 prep=0.08s gpu=0.00s conv=0.00s add=0.14s train=1.08s
[t=6185.8s] rebel stream solves=2222151 raw=378/s balanced=378/s debt=284 rows steps=8680 horizon=0.00 games=45 over=0 card=0 drop=0 L=0.01281 L/var=0.04 tgt=+0.007/0.579 aux=0.4807/0.799 cfg/b=22677 prep=0.03s gpu=0.00s conv=0.00s add=0.08s train=0.48s
[t=6196.1s] rebel stream solves=2226335 raw=378/s balanced=378/s debt=636 rows steps=8696 horizon=0.01 games=91 over=0 card=0 drop=0 L=0.01344 L/var=0.04 tgt=-0.052/0.571 aux=0.4894/0.793 cfg/b=22626 prep=0.07s gpu=0.00s conv=0.00s add=0.14s train=0.99s
[t=6206.2s] rebel stream solves=2229467 raw=378/s balanced=378/s debt=876 rows steps=8708 horizon=0.01 games=65 over=0 card=0 drop=0 L=0.01271 L/var=0.04 tgt=+0.032/0.589 aux=0.4897/0.792 cfg/b=22480 prep=0.05s gpu=0.00s conv=0.00s add=0.11s train=0.75s
[t=6216.2s] rebel stream solves=2231619 raw=377/s balanced=377/s debt=268 rows steps=8717 horizon=0.02 games=47 over=0 card=0 drop=0 L=0.01289 L/var=0.04 tgt=-0.026/0.599 aux=0.4829/0.796 cfg/b=22627 prep=0.05s gpu=0.00s conv=0.00s add=0.09s train=0.58s
[t=6226.2s] rebel stream solves=2235768 raw=377/s balanced=377/s debt=480 rows steps=8733 horizon=0.01 games=84 over=0 card=0 drop=0 L=0.01262 L/var=0.04 tgt=-0.062/0.582 aux=0.4854/0.797 cfg/b=22606 prep=0.07s gpu=0.00s conv=0.00s add=0.16s train=1.02s
[t=6236.2s] rebel stream solves=2240949 raw=378/s balanced=378/s debt=724 rows steps=8753 horizon=0.01 games=108 over=0 card=0 drop=0 L=0.01289 L/var=0.04 tgt=-0.035/0.593 aux=0.4838/0.797 cfg/b=22479 prep=0.09s gpu=0.00s conv=0.00s add=0.18s train=1.26s
[t=6246.3s] rebel stream solves=2244158 raw=377/s balanced=377/s debt=248 rows steps=8766 horizon=0.03 games=65 over=0 card=0 drop=0 L=0.01303 L/var=0.04 tgt=-0.025/0.598 aux=0.4913/0.794 cfg/b=23064 prep=0.05s gpu=0.00s conv=0.00s add=0.11s train=0.79s
[t=6256.3s] rebel stream solves=2248291 raw=378/s balanced=378/s debt=396 rows steps=8782 horizon=0.00 games=93 over=0 card=0 drop=0 L=0.01287 L/var=0.04 tgt=-0.046/0.587 aux=0.4885/0.795 cfg/b=22660 prep=0.10s gpu=0.00s conv=0.00s add=0.12s train=1.06s
[t=6266.4s] rebel stream solves=2251416 raw=377/s balanced=377/s debt=608 rows steps=8794 horizon=0.05 games=56 over=0 card=0 drop=0 L=0.01267 L/var=0.03 tgt=+0.009/0.605 aux=0.4811/0.799 cfg/b=22826 prep=0.06s gpu=0.00s conv=0.00s add=0.10s train=0.76s
[t=6276.4s] rebel stream solves=2253527 raw=377/s balanced=377/s debt=860 rows steps=8802 horizon=0.02 games=44 over=0 card=0 drop=0 L=0.01273 L/var=0.04 tgt=+0.003/0.590 aux=0.4934/0.793 cfg/b=22318 prep=0.04s gpu=0.00s conv=0.00s add=0.07s train=0.50s
[t=6286.6s] rebel stream solves=2257687 raw=377/s balanced=377/s debt=3164 rows steps=8816 horizon=0.01 games=90 over=0 card=0 drop=0 L=0.01301 L/var=0.04 tgt=-0.034/0.590 aux=0.4846/0.797 cfg/b=22940 prep=0.08s gpu=0.00s conv=0.00s add=0.15s train=0.88s
[t=6296.7s] rebel stream solves=2260797 raw=377/s balanced=377/s debt=244 rows steps=8831 horizon=0.00 games=64 over=0 card=0 drop=0 L=0.01278 L/var=0.04 tgt=-0.005/0.556 aux=0.4846/0.799 cfg/b=22668 prep=0.06s gpu=0.00s conv=0.00s add=0.09s train=0.89s
[t=6301.1s] --- snapshot snap_04.pt (s4) ---
[t=6306.7s] rebel stream solves=2262954 raw=377/s balanced=377/s debt=680 rows steps=8839 horizon=0.00 games=47 over=0 card=0 drop=0 L=0.01308 L/var=0.04 tgt=+0.062/0.584 aux=0.4861/0.798 cfg/b=23223 prep=0.04s gpu=0.00s conv=0.00s add=0.09s train=0.52s
[t=6316.7s] rebel stream solves=2267155 raw=377/s balanced=377/s debt=76 rows steps=8856 horizon=0.05 games=84 over=0 card=0 drop=0 L=0.01309 L/var=0.04 tgt=+0.005/0.595 aux=0.4873/0.796 cfg/b=22348 prep=0.07s gpu=0.00s conv=0.00s add=0.12s train=1.07s
[t=6326.8s] rebel stream solves=2271395 raw=377/s balanced=377/s debt=652 rows steps=8872 horizon=0.01 games=87 over=0 card=0 drop=0 L=0.01265 L/var=0.03 tgt=-0.056/0.602 aux=0.4875/0.797 cfg/b=22652 prep=0.06s gpu=0.00s conv=0.00s add=0.16s train=1.00s
[t=6336.8s] rebel stream solves=2273479 raw=377/s balanced=377/s debt=796 rows steps=8880 horizon=0.00 games=42 over=0 card=0 drop=0 L=0.01152 L/var=0.03 tgt=-0.014/0.603 aux=0.4843/0.798 cfg/b=22157 prep=0.05s gpu=0.00s conv=0.00s add=0.08s train=0.52s
[t=6346.8s] rebel stream solves=2277723 raw=377/s balanced=377/s debt=364 rows steps=8897 horizon=0.01 games=82 over=0 card=0 drop=0 L=0.01327 L/var=0.04 tgt=-0.035/0.608 aux=0.4841/0.797 cfg/b=22360 prep=0.08s gpu=0.00s conv=0.00s add=0.15s train=1.05s
[t=6356.9s] rebel stream solves=2280846 raw=377/s balanced=377/s debt=568 rows steps=8909 horizon=0.07 games=55 over=0 card=0 drop=0 L=0.01240 L/var=0.03 tgt=-0.041/0.657 aux=0.4892/0.794 cfg/b=22184 prep=0.05s gpu=0.00s conv=0.00s add=0.11s train=0.75s
[t=6366.9s] rebel stream solves=2284030 raw=377/s balanced=376/s debt=1016 rows steps=8921 horizon=0.02 games=64 over=0 card=0 drop=0 L=0.01331 L/var=0.03 tgt=-0.030/0.636 aux=0.4892/0.795 cfg/b=22168 prep=0.06s gpu=0.00s conv=0.00s add=0.11s train=0.75s
[t=6376.9s] rebel stream solves=2288237 raw=377/s balanced=377/s debt=436 rows steps=8938 horizon=0.00 games=87 over=0 card=0 drop=0 L=0.01271 L/var=0.04 tgt=-0.003/0.570 aux=0.4865/0.794 cfg/b=21901 prep=0.07s gpu=0.00s conv=0.00s add=0.13s train=1.06s
[t=6386.9s] rebel stream solves=2291341 raw=377/s balanced=376/s debt=564 rows steps=8950 horizon=0.01 games=71 over=0 card=0 drop=0 L=0.01273 L/var=0.04 tgt=-0.056/0.596 aux=0.4854/0.795 cfg/b=21534 prep=0.05s gpu=0.00s conv=0.00s add=0.12s train=0.75s
[t=6397.0s] rebel stream solves=2295539 raw=377/s balanced=377/s debt=972 rows steps=8966 horizon=0.02 games=91 over=0 card=0 drop=0 L=0.01266 L/var=0.04 tgt=-0.002/0.564 aux=0.4930/0.791 cfg/b=22274 prep=0.08s gpu=0.00s conv=0.00s add=0.15s train=1.03s
[t=6407.3s] rebel stream solves=2298670 raw=376/s balanced=376/s debt=3256 rows steps=8976 horizon=0.00 games=64 over=0 card=0 drop=0 L=0.01361 L/var=0.04 tgt=-0.011/0.579 aux=0.4888/0.793 cfg/b=21968 prep=0.05s gpu=0.00s conv=0.00s add=0.11s train=0.63s
[t=6417.3s] rebel stream solves=2300761 raw=376/s balanced=376/s debt=356 rows steps=8987 horizon=0.03 games=38 over=0 card=0 drop=0 L=0.01335 L/var=0.04 tgt=-0.035/0.589 aux=0.4849/0.796 cfg/b=21946 prep=0.05s gpu=0.00s conv=0.00s add=0.08s train=0.69s
[t=6427.3s] rebel stream solves=2303878 raw=376/s balanced=376/s debt=536 rows steps=8999 horizon=0.02 games=64 over=0 card=0 drop=0 L=0.01269 L/var=0.04 tgt=+0.002/0.546 aux=0.4893/0.794 cfg/b=22169 prep=0.06s gpu=0.00s conv=0.00s add=0.10s train=0.76s
[t=6437.3s] rebel stream solves=2306060 raw=376/s balanced=376/s debt=48 rows steps=9008 horizon=0.05 games=43 over=0 card=0 drop=0 L=0.01279 L/var=0.04 tgt=+0.011/0.582 aux=0.4944/0.789 cfg/b=21796 prep=0.04s gpu=0.00s conv=0.00s add=0.07s train=0.55s
[t=6447.4s] rebel stream solves=2309234 raw=376/s balanced=376/s debt=456 rows steps=9020 horizon=0.05 games=60 over=0 card=0 drop=0 L=0.01407 L/var=0.04 tgt=-0.018/0.606 aux=0.4915/0.793 cfg/b=22060 prep=0.05s gpu=0.00s conv=0.00s add=0.10s train=0.73s
[t=6457.4s] rebel stream solves=2312329 raw=376/s balanced=376/s debt=548 rows steps=9032 horizon=0.00 games=63 over=0 card=0 drop=0 L=0.01295 L/var=0.03 tgt=-0.087/0.622 aux=0.4872/0.794 cfg/b=21809 prep=0.05s gpu=0.00s conv=0.00s add=0.12s train=0.75s
[t=6467.4s] rebel stream solves=2316495 raw=376/s balanced=376/s debt=828 rows steps=9048 horizon=0.00 games=88 over=0 card=0 drop=0 L=0.01394 L/var=0.04 tgt=-0.028/0.625 aux=0.4925/0.791 cfg/b=22000 prep=0.07s gpu=0.00s conv=0.00s add=0.13s train=0.98s
[t=6477.6s] rebel stream solves=2320742 raw=376/s balanced=376/s debt=408 rows steps=9065 horizon=0.02 games=85 over=0 card=0 drop=0 L=0.01339 L/var=0.04 tgt=-0.016/0.609 aux=0.4900/0.792 cfg/b=22183 prep=0.08s gpu=0.00s conv=0.00s add=0.13s train=1.07s
[t=6487.6s] rebel stream solves=2323950 raw=376/s balanced=376/s debt=952 rows steps=9077 horizon=0.01 games=67 over=0 card=0 drop=0 L=0.01305 L/var=0.04 tgt=+0.004/0.571 aux=0.4956/0.790 cfg/b=21843 prep=0.05s gpu=0.00s conv=0.00s add=0.09s train=0.75s
[t=6497.6s] rebel stream solves=2326035 raw=375/s balanced=375/s debt=76 rows steps=9086 horizon=0.05 games=43 over=0 card=0 drop=0 L=0.01357 L/var=0.04 tgt=-0.038/0.592 aux=0.4898/0.792 cfg/b=21876 prep=0.05s gpu=0.00s conv=0.00s add=0.08s train=0.56s
[t=6507.7s] rebel stream solves=2330205 raw=375/s balanced=375/s debt=372 rows steps=9102 horizon=0.01 games=89 over=0 card=0 drop=0 L=0.01362 L/var=0.04 tgt=+0.048/0.585 aux=0.4882/0.794 cfg/b=21712 prep=0.08s gpu=0.00s conv=0.00s add=0.11s train=1.02s
[t=6517.7s] rebel stream solves=2334466 raw=376/s balanced=376/s debt=8 rows steps=9119 horizon=0.01 games=83 over=0 card=0 drop=0 L=0.01368 L/var=0.03 tgt=+0.041/0.639 aux=0.4921/0.792 cfg/b=21754 prep=0.10s gpu=0.00s conv=0.00s add=0.14s train=1.09s
[t=6527.7s] rebel stream solves=2337698 raw=375/s balanced=375/s debt=648 rows steps=9131 horizon=0.02 games=63 over=0 card=0 drop=0 L=0.01309 L/var=0.03 tgt=-0.071/0.645 aux=0.4883/0.794 cfg/b=21657 prep=0.06s gpu=0.00s conv=0.00s add=0.11s train=0.77s
[t=6537.7s] rebel stream solves=2340817 raw=375/s balanced=375/s debt=836 rows steps=9143 horizon=0.02 games=62 over=0 card=0 drop=0 L=0.01298 L/var=0.04 tgt=-0.120/0.608 aux=0.4859/0.796 cfg/b=22311 prep=0.05s gpu=0.00s conv=0.00s add=0.09s train=0.74s
[t=6547.8s] rebel stream solves=2344030 raw=375/s balanced=375/s debt=376 rows steps=9156 horizon=0.03 games=60 over=0 card=0 drop=0 L=0.01310 L/var=0.04 tgt=+0.050/0.601 aux=0.4852/0.795 cfg/b=22207 prep=0.06s gpu=0.00s conv=0.00s add=0.10s train=0.83s
[t=6558.1s] rebel stream solves=2348174 raw=375/s balanced=375/s debt=568 rows steps=9172 horizon=0.01 games=75 over=0 card=0 drop=0 L=0.01249 L/var=0.03 tgt=+0.009/0.645 aux=0.4814/0.798 cfg/b=22174 prep=0.07s gpu=0.00s conv=0.00s add=0.13s train=0.99s
[t=6568.1s] rebel stream solves=2350246 raw=375/s balanced=375/s debt=664 rows steps=9180 horizon=0.05 games=40 over=0 card=0 drop=0 L=0.01302 L/var=0.04 tgt=-0.043/0.602 aux=0.4821/0.798 cfg/b=21609 prep=0.04s gpu=0.00s conv=0.00s add=0.06s train=0.50s
[t=6578.1s] rebel stream solves=2353376 raw=375/s balanced=375/s debt=896 rows steps=9192 horizon=0.00 games=60 over=0 card=0 drop=0 L=0.01240 L/var=0.04 tgt=+0.003/0.583 aux=0.4872/0.795 cfg/b=22048 prep=0.06s gpu=0.00s conv=0.00s add=0.11s train=0.75s
[t=6588.1s] rebel stream solves=2356629 raw=375/s balanced=375/s debt=596 rows steps=9205 horizon=0.03 games=62 over=0 card=0 drop=0 L=0.01283 L/var=0.04 tgt=-0.002/0.576 aux=0.4890/0.794 cfg/b=22333 prep=0.05s gpu=0.00s conv=0.00s add=0.09s train=0.79s
[t=6598.2s] rebel stream solves=2358807 raw=375/s balanced=375/s debt=92 rows steps=9214 horizon=0.00 games=45 over=0 card=0 drop=0 L=0.01354 L/var=0.04 tgt=-0.012/0.605 aux=0.4869/0.794 cfg/b=22152 prep=0.04s gpu=0.00s conv=0.00s add=0.09s train=0.56s
[t=6608.2s] rebel stream solves=2363085 raw=375/s balanced=375/s debt=820 rows steps=9230 horizon=0.02 games=85 over=0 card=0 drop=0 L=0.01235 L/var=0.03 tgt=-0.031/0.617 aux=0.4943/0.792 cfg/b=22118 prep=0.08s gpu=0.00s conv=0.00s add=0.12s train=1.02s
[t=6618.2s] rebel stream solves=2365182 raw=374/s balanced=374/s debt=1016 rows steps=9238 horizon=0.02 games=43 over=0 card=0 drop=0 L=0.01289 L/var=0.03 tgt=-0.011/0.609 aux=0.4913/0.792 cfg/b=22246 prep=0.04s gpu=0.00s conv=0.00s add=0.07s train=0.52s
[t=6628.2s] rebel stream solves=2368289 raw=374/s balanced=374/s debt=132 rows steps=9251 horizon=0.02 games=63 over=0 card=0 drop=0 L=0.01228 L/var=0.03 tgt=+0.036/0.609 aux=0.4926/0.791 cfg/b=22158 prep=0.07s gpu=0.00s conv=0.00s add=0.11s train=0.85s
[t=6638.2s] rebel stream solves=2370375 raw=374/s balanced=374/s debt=284 rows steps=9259 horizon=0.05 games=42 over=0 card=0 drop=0 L=0.01306 L/var=0.03 tgt=-0.027/0.613 aux=0.4910/0.793 cfg/b=22723 prep=0.04s gpu=0.00s conv=0.00s add=0.07s train=0.50s
[t=6648.3s] rebel stream solves=2373508 raw=374/s balanced=374/s debt=528 rows steps=9271 horizon=0.01 games=66 over=0 card=0 drop=0 L=0.01321 L/var=0.03 tgt=-0.095/0.637 aux=0.4854/0.794 cfg/b=22501 prep=0.06s gpu=0.00s conv=0.00s add=0.12s train=0.76s
[t=6658.3s] rebel stream solves=2376725 raw=374/s balanced=374/s debt=84 rows steps=9284 horizon=0.00 games=67 over=0 card=0 drop=0 L=0.01304 L/var=0.04 tgt=-0.043/0.567 aux=0.4905/0.792 cfg/b=22275 prep=0.05s gpu=0.00s conv=0.00s add=0.09s train=0.79s
[t=6668.3s] rebel stream solves=2379946 raw=374/s balanced=374/s debt=680 rows steps=9296 horizon=0.01 games=69 over=0 card=0 drop=0 L=0.01309 L/var=0.04 tgt=-0.028/0.608 aux=0.4890/0.792 cfg/b=22228 prep=0.05s gpu=0.00s conv=0.00s add=0.11s train=0.74s
[t=6678.3s] rebel stream solves=2383112 raw=374/s balanced=374/s debt=32 rows steps=9309 horizon=0.03 games=68 over=0 card=0 drop=0 L=0.01289 L/var=0.04 tgt=-0.034/0.570 aux=0.4849/0.795 cfg/b=21958 prep=0.06s gpu=0.00s conv=0.00s add=0.11s train=0.80s
[t=6688.3s] rebel stream solves=2385188 raw=373/s balanced=373/s debt=144 rows steps=9317 horizon=0.03 games=38 over=0 card=0 drop=0 L=0.01273 L/var=0.03 tgt=+0.080/0.619 aux=0.4917/0.793 cfg/b=22010 prep=0.04s gpu=0.00s conv=0.00s add=0.05s train=0.52s
[t=6698.7s] rebel stream solves=2388290 raw=373/s balanced=373/s debt=1288 rows steps=9328 horizon=0.07 games=60 over=0 card=0 drop=0 L=0.01240 L/var=0.03 tgt=-0.042/0.601 aux=0.4901/0.794 cfg/b=22063 prep=0.05s gpu=0.00s conv=0.00s add=0.10s train=0.70s
[t=6708.7s] rebel stream solves=2390483 raw=373/s balanced=373/s debt=844 rows steps=9337 horizon=0.02 games=42 over=0 card=0 drop=0 L=0.01240 L/var=0.03 tgt=+0.019/0.602 aux=0.4860/0.796 cfg/b=21643 prep=0.04s gpu=0.00s conv=0.00s add=0.08s train=0.55s
[t=6718.7s] rebel stream solves=2391604 raw=373/s balanced=373/s debt=208 rows steps=9342 horizon=0.12 games=17 over=0 card=0 drop=0 L=0.01261 L/var=0.03 tgt=-0.039/0.671 aux=0.4922/0.791 cfg/b=21390 prep=0.02s gpu=0.00s conv=0.00s add=0.04s train=0.31s
[t=6729.0s] rebel stream solves=2394805 raw=373/s balanced=373/s debt=724 rows steps=9354 horizon=0.05 games=63 over=0 card=0 drop=0 L=0.01356 L/var=0.04 tgt=-0.007/0.560 aux=0.4935/0.791 cfg/b=21975 prep=0.06s gpu=0.00s conv=0.00s add=0.10s train=0.76s
[t=6739.0s] rebel stream solves=2397981 raw=372/s balanced=372/s debt=116 rows steps=9367 horizon=0.02 games=63 over=0 card=0 drop=0 L=0.01265 L/var=0.04 tgt=+0.002/0.591 aux=0.4909/0.792 cfg/b=21918 prep=0.07s gpu=0.00s conv=0.00s add=0.09s train=0.82s
[t=6749.0s] rebel stream solves=2401104 raw=372/s balanced=372/s debt=320 rows steps=9379 horizon=0.03 games=59 over=0 card=0 drop=0 L=0.01302 L/var=0.03 tgt=+0.001/0.631 aux=0.4970/0.789 cfg/b=22028 prep=0.06s gpu=0.00s conv=0.00s add=0.11s train=0.77s
[t=6759.0s] rebel stream solves=2405298 raw=372/s balanced=372/s debt=712 rows steps=9395 horizon=0.00 games=87 over=0 card=0 drop=0 L=0.01298 L/var=0.04 tgt=-0.007/0.584 aux=0.4916/0.792 cfg/b=22182 prep=0.07s gpu=0.00s conv=0.00s add=0.14s train=0.99s
[t=6769.1s] rebel stream solves=2408460 raw=372/s balanced=372/s debt=48 rows steps=9408 horizon=0.00 games=60 over=0 card=0 drop=0 L=0.01348 L/var=0.04 tgt=-0.023/0.605 aux=0.4905/0.793 cfg/b=21950 prep=0.10s gpu=0.00s conv=0.00s add=0.11s train=0.89s
[t=6779.1s] rebel stream solves=2411592 raw=372/s balanced=372/s debt=288 rows steps=9420 horizon=0.03 games=61 over=0 card=0 drop=0 L=0.01352 L/var=0.03 tgt=+0.055/0.631 aux=0.4897/0.792 cfg/b=22702 prep=0.05s gpu=0.00s conv=0.00s add=0.10s train=0.72s
[t=6789.1s] rebel stream solves=2414829 raw=372/s balanced=372/s debt=948 rows steps=9432 horizon=0.03 games=61 over=0 card=0 drop=0 L=0.01261 L/var=0.04 tgt=+0.022/0.600 aux=0.4896/0.793 cfg/b=22104 prep=0.05s gpu=0.00s conv=0.00s add=0.10s train=0.75s
[t=6799.2s] rebel stream solves=2418990 raw=372/s balanced=372/s debt=184 rows steps=9449 horizon=0.03 games=81 over=0 card=0 drop=0 L=0.01246 L/var=0.03 tgt=-0.027/0.629 aux=0.4809/0.797 cfg/b=21692 prep=0.10s gpu=0.00s conv=0.00s add=0.13s train=1.06s
[t=6809.3s] rebel stream solves=2423180 raw=372/s balanced=372/s debt=560 rows steps=9465 horizon=0.01 games=74 over=0 card=0 drop=0 L=0.01319 L/var=0.03 tgt=-0.090/0.672 aux=0.4831/0.796 cfg/b=21644 prep=0.08s gpu=0.00s conv=0.00s add=0.15s train=0.97s
[t=6819.3s] rebel stream solves=2428505 raw=373/s balanced=373/s debt=356 rows steps=9486 horizon=0.04 games=91 over=0 card=0 drop=0 L=0.01296 L/var=0.03 tgt=-0.124/0.671 aux=0.4874/0.793 cfg/b=22214 prep=0.09s gpu=0.00s conv=0.00s add=0.20s train=1.27s
[t=6829.3s] rebel stream solves=2431819 raw=373/s balanced=372/s debt=300 rows steps=9499 horizon=0.02 games=61 over=0 card=0 drop=0 L=0.01184 L/var=0.03 tgt=-0.086/0.663 aux=0.4867/0.794 cfg/b=22211 prep=0.06s gpu=0.00s conv=0.00s add=0.13s train=0.82s
[t=6841.6s] rebel stream solves=2437160 raw=373/s balanced=373/s debt=160 rows steps=9520 horizon=0.02 games=101 over=0 card=0 drop=0 L=0.01248 L/var=0.03 tgt=+0.009/0.628 aux=0.4883/0.794 cfg/b=22209 prep=0.10s gpu=0.00s conv=0.00s add=0.15s train=1.30s
[t=6851.6s] rebel stream solves=2440375 raw=373/s balanced=373/s debt=732 rows steps=9532 horizon=0.00 games=72 over=0 card=0 drop=0 L=0.01295 L/var=0.05 tgt=+0.034/0.515 aux=0.4871/0.794 cfg/b=22385 prep=0.05s gpu=0.00s conv=0.00s add=0.10s train=0.72s
[t=6861.6s] rebel stream solves=2443517 raw=372/s balanced=372/s debt=1012 rows steps=9544 horizon=0.04 games=55 over=0 card=0 drop=0 L=0.01163 L/var=0.03 tgt=-0.035/0.633 aux=0.4859/0.793 cfg/b=22104 prep=0.05s gpu=0.00s conv=0.00s add=0.10s train=0.76s
[t=6871.6s] rebel stream solves=2446743 raw=372/s balanced=372/s debt=604 rows steps=9557 horizon=0.03 games=64 over=0 card=0 drop=0 L=0.01322 L/var=0.04 tgt=+0.014/0.601 aux=0.4876/0.793 cfg/b=22278 prep=0.06s gpu=0.00s conv=0.00s add=0.11s train=0.83s
[t=6881.6s] rebel stream solves=2448806 raw=372/s balanced=372/s debt=664 rows steps=9565 horizon=0.03 games=39 over=0 card=0 drop=0 L=0.01259 L/var=0.03 tgt=-0.068/0.607 aux=0.4840/0.796 cfg/b=22027 prep=0.04s gpu=0.00s conv=0.00s add=0.07s train=0.51s
[t=6891.6s] rebel stream solves=2453050 raw=372/s balanced=372/s debt=232 rows steps=9582 horizon=0.04 games=86 over=0 card=0 drop=0 L=0.01311 L/var=0.04 tgt=+0.000/0.604 aux=0.4929/0.790 cfg/b=21783 prep=0.10s gpu=0.00s conv=0.00s add=0.14s train=1.08s
[t=6901.7s] rebel stream solves=2456231 raw=372/s balanced=372/s debt=668 rows steps=9594 horizon=0.02 games=64 over=0 card=0 drop=0 L=0.01278 L/var=0.03 tgt=-0.057/0.624 aux=0.4904/0.792 cfg/b=22062 prep=0.05s gpu=0.00s conv=0.00s add=0.10s train=0.77s
[t=6911.7s] rebel stream solves=2459366 raw=372/s balanced=372/s debt=920 rows steps=9606 horizon=0.02 games=59 over=0 card=0 drop=0 L=0.01238 L/var=0.03 tgt=+0.006/0.626 aux=0.4880/0.794 cfg/b=22454 prep=0.12s gpu=0.00s conv=0.00s add=0.12s train=0.86s
[t=6921.7s] rebel stream solves=2463545 raw=372/s balanced=372/s debt=228 rows steps=9623 horizon=0.00 games=76 over=0 card=0 drop=0 L=0.01231 L/var=0.03 tgt=-0.008/0.616 aux=0.4904/0.793 cfg/b=21849 prep=0.08s gpu=0.00s conv=0.00s add=0.11s train=1.09s
[t=6931.7s] rebel stream solves=2465660 raw=372/s balanced=372/s debt=496 rows steps=9631 horizon=0.02 games=43 over=0 card=0 drop=0 L=0.01249 L/var=0.03 tgt=-0.040/0.620 aux=0.4913/0.790 cfg/b=21451 prep=0.03s gpu=0.00s conv=0.00s add=0.07s train=0.51s
[t=6941.7s] rebel stream solves=2468895 raw=372/s balanced=372/s debt=124 rows steps=9644 horizon=0.05 games=58 over=0 card=0 drop=0 L=0.01294 L/var=0.03 tgt=-0.060/0.667 aux=0.4941/0.791 cfg/b=22039 prep=0.06s gpu=0.00s conv=0.00s add=0.12s train=0.85s
[t=6951.8s] rebel stream solves=2472067 raw=372/s balanced=372/s debt=524 rows steps=9656 horizon=0.03 games=63 over=0 card=0 drop=0 L=0.01307 L/var=0.03 tgt=+0.015/0.628 aux=0.4951/0.790 cfg/b=21561 prep=0.05s gpu=0.00s conv=0.00s add=0.08s train=0.72s
[t=6961.8s] rebel stream solves=2474181 raw=371/s balanced=371/s debt=788 rows steps=9664 horizon=0.06 games=36 over=0 card=0 drop=0 L=0.01316 L/var=0.03 tgt=-0.028/0.632 aux=0.4984/0.787 cfg/b=21848 prep=0.03s gpu=0.00s conv=0.00s add=0.06s train=0.49s
[t=6971.8s] rebel stream solves=2477285 raw=371/s balanced=371/s debt=916 rows steps=9676 horizon=0.02 games=63 over=0 card=0 drop=0 L=0.01265 L/var=0.03 tgt=+0.011/0.635 aux=0.5010/0.787 cfg/b=22222 prep=0.05s gpu=0.00s conv=0.00s add=0.09s train=0.74s
[t=6981.8s] rebel stream solves=2479472 raw=371/s balanced=371/s debt=448 rows steps=9685 horizon=0.04 games=44 over=0 card=0 drop=0 L=0.01348 L/var=0.03 tgt=-0.005/0.633 aux=0.5041/0.786 cfg/b=21396 prep=0.04s gpu=0.00s conv=0.00s add=0.07s train=0.58s
[t=6991.9s] rebel stream solves=2483629 raw=371/s balanced=371/s debt=692 rows steps=9701 horizon=0.01 games=84 over=0 card=0 drop=0 L=0.01344 L/var=0.03 tgt=-0.067/0.620 aux=0.5002/0.787 cfg/b=21548 prep=0.07s gpu=0.00s conv=0.00s add=0.14s train=1.02s
[t=7003.3s] rebel stream solves=2486800 raw=371/s balanced=371/s debt=2112 rows steps=9712 horizon=0.03 games=60 over=0 card=0 drop=0 L=0.01222 L/var=0.03 tgt=-0.028/0.630 aux=0.4982/0.788 cfg/b=21573 prep=0.05s gpu=0.00s conv=0.00s add=0.11s train=0.69s
[t=7013.3s] rebel stream solves=2488932 raw=371/s balanced=371/s debt=400 rows steps=9722 horizon=0.02 games=42 over=0 card=0 drop=0 L=0.01306 L/var=0.03 tgt=-0.030/0.641 aux=0.4956/0.788 cfg/b=21333 prep=0.04s gpu=0.00s conv=0.00s add=0.06s train=0.60s
[t=7023.3s] rebel stream solves=2490997 raw=371/s balanced=371/s debt=468 rows steps=9730 horizon=0.00 games=41 over=0 card=0 drop=0 L=0.01364 L/var=0.04 tgt=+0.040/0.558 aux=0.4947/0.790 cfg/b=20796 prep=0.03s gpu=0.00s conv=0.00s add=0.06s train=0.48s
[t=7033.3s] rebel stream solves=2494163 raw=370/s balanced=370/s debt=844 rows steps=9742 horizon=0.00 games=69 over=0 card=0 drop=0 L=0.01332 L/var=0.04 tgt=-0.042/0.592 aux=0.5021/0.786 cfg/b=21612 prep=0.05s gpu=0.00s conv=0.00s add=0.12s train=0.75s
[t=7043.3s] rebel stream solves=2497294 raw=370/s balanced=370/s debt=56 rows steps=9755 horizon=0.03 games=59 over=0 card=0 drop=0 L=0.01284 L/var=0.03 tgt=-0.019/0.653 aux=0.5039/0.785 cfg/b=21428 prep=0.06s gpu=0.00s conv=0.00s add=0.09s train=0.81s
[t=7053.3s] rebel stream solves=2500515 raw=370/s balanced=370/s debt=652 rows steps=9767 horizon=0.05 games=57 over=0 card=0 drop=0 L=0.01256 L/var=0.03 tgt=+0.071/0.677 aux=0.5010/0.787 cfg/b=21196 prep=0.05s gpu=0.00s conv=0.00s add=0.11s train=0.75s
[t=7063.3s] rebel stream solves=2503719 raw=370/s balanced=370/s debt=156 rows steps=9780 horizon=0.00 games=62 over=0 card=0 drop=0 L=0.01264 L/var=0.03 tgt=-0.036/0.609 aux=0.4975/0.789 cfg/b=21512 prep=0.07s gpu=0.00s conv=0.00s add=0.09s train=0.80s
[t=7073.4s] rebel stream solves=2505814 raw=370/s balanced=370/s debt=344 rows steps=9788 horizon=0.05 games=43 over=0 card=0 drop=0 L=0.01250 L/var=0.03 tgt=-0.074/0.651 aux=0.4952/0.788 cfg/b=21246 prep=0.04s gpu=0.00s conv=0.00s add=0.08s train=0.49s
[t=7083.4s] rebel stream solves=2508996 raw=370/s balanced=370/s debt=784 rows steps=9800 horizon=0.00 games=66 over=0 card=0 drop=0 L=0.01347 L/var=0.04 tgt=+0.034/0.578 aux=0.5005/0.787 cfg/b=21432 prep=0.05s gpu=0.00s conv=0.00s add=0.11s train=0.71s
[t=7093.4s] rebel stream solves=2511121 raw=370/s balanced=370/s debt=68 rows steps=9809 horizon=0.00 games=43 over=0 card=0 drop=0 L=0.01262 L/var=0.03 tgt=-0.021/0.605 aux=0.4999/0.789 cfg/b=21402 prep=0.04s gpu=0.00s conv=0.00s add=0.07s train=0.54s
[t=7103.5s] rebel stream solves=2514283 raw=370/s balanced=370/s debt=428 rows steps=9821 horizon=0.02 games=60 over=0 card=0 drop=0 L=0.01345 L/var=0.04 tgt=+0.042/0.619 aux=0.4992/0.788 cfg/b=21427 prep=0.05s gpu=0.00s conv=0.00s add=0.11s train=0.74s
[t=7113.5s] rebel stream solves=2516453 raw=369/s balanced=369/s debt=916 rows steps=9829 horizon=0.02 games=41 over=0 card=0 drop=0 L=0.01288 L/var=0.03 tgt=-0.079/0.636 aux=0.5011/0.786 cfg/b=21774 prep=0.03s gpu=0.00s conv=0.00s add=0.08s train=0.49s
[t=7124.2s] rebel stream solves=2519653 raw=369/s balanced=369/s debt=2452 rows steps=9840 horizon=0.07 games=59 over=0 card=0 drop=0 L=0.01296 L/var=0.04 tgt=-0.025/0.599 aux=0.5027/0.787 cfg/b=21833 prep=0.05s gpu=0.00s conv=0.00s add=0.09s train=0.66s
[t=7134.5s] rebel stream solves=2522788 raw=369/s balanced=369/s debt=656 rows steps=9854 horizon=0.04 games=54 over=0 card=0 drop=0 L=0.01313 L/var=0.04 tgt=+0.034/0.595 aux=0.5032/0.787 cfg/b=21697 prep=0.06s gpu=0.00s conv=0.00s add=0.10s train=0.88s
[t=7144.5s] rebel stream solves=2525950 raw=369/s balanced=369/s debt=1016 rows steps=9866 horizon=0.00 games=68 over=0 card=0 drop=0 L=0.01358 L/var=0.04 tgt=-0.062/0.572 aux=0.4971/0.790 cfg/b=21449 prep=0.05s gpu=0.00s conv=0.00s add=0.13s train=0.76s
[t=7154.5s] rebel stream solves=2529068 raw=369/s balanced=369/s debt=176 rows steps=9879 horizon=0.00 games=66 over=0 card=0 drop=0 L=0.01324 L/var=0.04 tgt=-0.033/0.612 aux=0.4957/0.790 cfg/b=21610 prep=0.07s gpu=0.00s conv=0.00s add=0.11s train=0.83s
[t=7164.6s] rebel stream solves=2532230 raw=369/s balanced=369/s debt=536 rows steps=9891 horizon=0.03 games=66 over=0 card=0 drop=0 L=0.01222 L/var=0.03 tgt=-0.025/0.605 aux=0.4965/0.789 cfg/b=21883 prep=0.05s gpu=0.00s conv=0.00s add=0.12s train=0.77s
[t=7174.6s] rebel stream solves=2535399 raw=369/s balanced=369/s debt=924 rows steps=9903 horizon=0.03 games=61 over=0 card=0 drop=0 L=0.01328 L/var=0.04 tgt=+0.027/0.603 aux=0.4962/0.789 cfg/b=21842 prep=0.05s gpu=0.00s conv=0.00s add=0.12s train=0.75s
[t=7184.6s] rebel stream solves=2537458 raw=369/s balanced=369/s debt=968 rows steps=9911 horizon=0.05 games=41 over=0 card=0 drop=0 L=0.01221 L/var=0.03 tgt=-0.001/0.628 aux=0.4982/0.790 cfg/b=21725 prep=0.04s gpu=0.00s conv=0.00s add=0.08s train=0.53s
[t=7194.6s] rebel stream solves=2541689 raw=369/s balanced=369/s debt=484 rows steps=9928 horizon=0.01 games=75 over=0 card=0 drop=0 L=0.01319 L/var=0.03 tgt=-0.096/0.631 aux=0.5023/0.787 cfg/b=21606 prep=0.07s gpu=0.00s conv=0.00s add=0.15s train=1.03s
[t=7204.7s] rebel stream solves=2544905 raw=369/s balanced=369/s debt=36 rows steps=9941 horizon=0.07 games=54 over=0 card=0 drop=0 L=0.01346 L/var=0.03 tgt=-0.100/0.633 aux=0.4964/0.791 cfg/b=21830 prep=0.07s gpu=0.00s conv=0.00s add=0.11s train=0.80s
[t=7214.7s] rebel stream solves=2548105 raw=369/s balanced=369/s debt=548 rows steps=9953 horizon=0.03 games=60 over=0 card=0 drop=0 L=0.01269 L/var=0.03 tgt=-0.083/0.627 aux=0.5001/0.788 cfg/b=21897 prep=0.06s gpu=0.00s conv=0.00s add=0.12s train=0.73s
[t=7224.7s] rebel stream solves=2552368 raw=369/s balanced=369/s debt=192 rows steps=9970 horizon=0.04 games=77 over=0 card=0 drop=0 L=0.01261 L/var=0.03 tgt=-0.034/0.631 aux=0.5003/0.787 cfg/b=21995 prep=0.07s gpu=0.00s conv=0.00s add=0.15s train=1.05s
[t=7234.8s] rebel stream solves=2555576 raw=369/s balanced=369/s debt=736 rows steps=9982 horizon=0.04 games=57 over=0 card=0 drop=0 L=0.01275 L/var=0.03 tgt=-0.077/0.653 aux=0.4954/0.790 cfg/b=22040 prep=0.06s gpu=0.00s conv=0.00s add=0.11s train=0.77s
[t=7244.8s] rebel stream solves=2557705 raw=368/s balanced=368/s debt=36 rows steps=9991 horizon=0.05 games=42 over=0 card=0 drop=0 L=0.01195 L/var=0.04 tgt=-0.042/0.568 aux=0.4989/0.788 cfg/b=21995 prep=0.05s gpu=0.00s conv=0.00s add=0.07s train=0.56s
[t=7254.8s] rebel stream solves=2560920 raw=368/s balanced=368/s debt=608 rows steps=10003 horizon=0.00 games=66 over=0 card=0 drop=0 L=0.01267 L/var=0.04 tgt=-0.014/0.572 aux=0.5021/0.786 cfg/b=21903 prep=0.07s gpu=0.00s conv=0.00s add=0.09s train=0.77s
[t=7264.8s] rebel stream solves=2565105 raw=368/s balanced=368/s debt=964 rows steps=10019 horizon=0.03 games=74 over=0 card=0 drop=0 L=0.01291 L/var=0.03 tgt=-0.017/0.625 aux=0.5027/0.786 cfg/b=21868 prep=0.09s gpu=0.00s conv=0.00s add=0.13s train=1.03s
[t=7274.8s] rebel stream solves=2569300 raw=368/s balanced=368/s debt=336 rows steps=10036 horizon=0.00 games=80 over=0 card=0 drop=0 L=0.01239 L/var=0.03 tgt=-0.037/0.644 aux=0.4996/0.786 cfg/b=21696 prep=0.07s gpu=0.00s conv=0.00s add=0.13s train=1.07s
[t=7284.9s] rebel stream solves=2573523 raw=368/s balanced=368/s debt=844 rows steps=10052 horizon=0.01 games=85 over=0 card=0 drop=0 L=0.01247 L/var=0.03 tgt=-0.034/0.615 aux=0.5030/0.785 cfg/b=21574 prep=0.08s gpu=0.00s conv=0.00s add=0.14s train=0.98s
[t=7294.9s] rebel stream solves=2575580 raw=368/s balanced=368/s debt=880 rows steps=10060 horizon=0.02 games=41 over=0 card=0 drop=0 L=0.01408 L/var=0.03 tgt=-0.048/0.637 aux=0.4989/0.788 cfg/b=21651 prep=0.04s gpu=0.00s conv=0.00s add=0.06s train=0.49s
[t=7304.9s] rebel stream solves=2579726 raw=368/s balanced=368/s debt=56 rows steps=10077 horizon=0.00 games=86 over=0 card=0 drop=0 L=0.01266 L/var=0.03 tgt=-0.044/0.611 aux=0.5001/0.786 cfg/b=21842 prep=0.07s gpu=0.00s conv=0.00s add=0.12s train=1.01s
[t=7315.0s] rebel stream solves=2582880 raw=368/s balanced=368/s debt=384 rows steps=10089 horizon=0.07 games=56 over=0 card=0 drop=0 L=0.01251 L/var=0.03 tgt=+0.001/0.631 aux=0.5020/0.787 cfg/b=21905 prep=0.06s gpu=0.00s conv=0.00s add=0.11s train=0.77s
[t=7325.0s] rebel stream solves=2584935 raw=368/s balanced=368/s debt=412 rows steps=10097 horizon=0.10 games=39 over=0 card=0 drop=0 L=0.01270 L/var=0.03 tgt=-0.072/0.681 aux=0.4989/0.788 cfg/b=22010 prep=0.04s gpu=0.00s conv=0.00s add=0.08s train=0.49s
[t=7335.2s] rebel stream solves=2589190 raw=368/s balanced=368/s debt=2072 rows steps=10112 horizon=0.02 games=82 over=0 card=0 drop=0 L=0.01213 L/var=0.03 tgt=-0.003/0.624 aux=0.4960/0.788 cfg/b=22133 prep=0.08s gpu=0.00s conv=0.00s add=0.14s train=0.94s
[t=7345.2s] rebel stream solves=2593387 raw=368/s balanced=368/s debt=428 rows steps=10130 horizon=0.04 games=81 over=1 card=0 drop=0 L=0.01270 L/var=0.04 tgt=-0.051/0.598 aux=0.4980/0.788 cfg/b=21829 prep=0.08s gpu=0.00s conv=0.00s add=0.13s train=1.13s
[t=7355.2s] rebel stream solves=2596543 raw=368/s balanced=368/s debt=764 rows steps=10142 horizon=0.00 games=62 over=1 card=0 drop=0 L=0.01176 L/var=0.03 tgt=-0.095/0.624 aux=0.4938/0.791 cfg/b=21963 prep=0.05s gpu=0.00s conv=0.00s add=0.11s train=0.74s
[t=7365.3s] rebel stream solves=2597600 raw=368/s balanced=368/s debt=896 rows steps=10146 horizon=0.00 games=24 over=1 card=0 drop=0 L=0.01338 L/var=0.05 tgt=+0.038/0.493 aux=0.4881/0.791 cfg/b=22320 prep=0.02s gpu=0.00s conv=0.00s add=0.03s train=0.27s
[t=7375.3s] rebel stream solves=2600758 raw=368/s balanced=368/s debt=216 rows steps=10159 horizon=0.01 games=65 over=1 card=0 drop=0 L=0.01260 L/var=0.04 tgt=-0.012/0.594 aux=0.4993/0.788 cfg/b=21995 prep=0.06s gpu=0.00s conv=0.00s add=0.10s train=0.81s
[t=7385.3s] rebel stream solves=2602864 raw=367/s balanced=367/s debt=448 rows steps=10167 horizon=0.05 games=43 over=1 card=0 drop=0 L=0.01269 L/var=0.04 tgt=+0.015/0.552 aux=0.4957/0.790 cfg/b=21820 prep=0.04s gpu=0.00s conv=0.00s add=0.06s train=0.53s
[t=7395.7s] rebel stream solves=2606002 raw=367/s balanced=367/s debt=3784 rows steps=10176 horizon=0.05 games=59 over=1 card=0 drop=0 L=0.01307 L/var=0.03 tgt=+0.036/0.616 aux=0.4960/0.790 cfg/b=21686 prep=0.04s gpu=0.00s conv=0.00s add=0.10s train=0.56s
[t=7405.7s] rebel stream solves=2609153 raw=367/s balanced=367/s debt=4 rows steps=10192 horizon=0.02 games=59 over=1 card=0 drop=0 L=0.01285 L/var=0.04 tgt=+0.006/0.595 aux=0.4996/0.788 cfg/b=21720 prep=0.08s gpu=0.00s conv=0.00s add=0.10s train=1.00s
[t=7416.2s] rebel stream solves=2613390 raw=367/s balanced=367/s debt=568 rows steps=10208 horizon=0.01 games=81 over=1 card=0 drop=0 L=0.01248 L/var=0.03 tgt=+0.019/0.636 aux=0.5006/0.788 cfg/b=21844 prep=0.07s gpu=0.00s conv=0.00s add=0.13s train=1.00s
[t=7426.2s] rebel stream solves=2616558 raw=367/s balanced=367/s debt=952 rows steps=10220 horizon=0.02 games=60 over=1 card=0 drop=0 L=0.01286 L/var=0.03 tgt=-0.042/0.616 aux=0.5078/0.784 cfg/b=21784 prep=0.06s gpu=0.00s conv=0.00s add=0.11s train=0.75s
[t=7436.6s] rebel stream solves=2621818 raw=367/s balanced=367/s debt=1512 rows steps=10240 horizon=0.04 games=95 over=1 card=0 drop=0 L=0.01335 L/var=0.03 tgt=-0.017/0.627 aux=0.4976/0.789 cfg/b=21947 prep=0.09s gpu=0.00s conv=0.00s add=0.15s train=1.23s
[t=7446.6s] rebel stream solves=2625053 raw=367/s balanced=367/s debt=116 rows steps=10254 horizon=0.05 games=58 over=1 card=0 drop=0 L=0.01289 L/var=0.03 tgt=-0.094/0.696 aux=0.5030/0.787 cfg/b=21597 prep=0.06s gpu=0.00s conv=0.00s add=0.11s train=0.89s
[t=7456.6s] rebel stream solves=2627251 raw=367/s balanced=367/s debt=716 rows steps=10262 horizon=0.08 games=36 over=1 card=0 drop=0 L=0.01299 L/var=0.03 tgt=+0.053/0.638 aux=0.5049/0.785 cfg/b=21453 prep=0.04s gpu=0.00s conv=0.00s add=0.07s train=0.53s
[t=7466.7s] rebel stream solves=2630477 raw=367/s balanced=367/s debt=308 rows steps=10275 horizon=0.05 games=60 over=1 card=0 drop=0 L=0.01234 L/var=0.03 tgt=+0.013/0.652 aux=0.5054/0.783 cfg/b=21948 prep=0.07s gpu=0.00s conv=0.00s add=0.11s train=0.82s
[t=7476.7s] rebel stream solves=2633682 raw=367/s balanced=367/s debt=840 rows steps=10287 horizon=0.02 games=64 over=1 card=0 drop=0 L=0.01238 L/var=0.03 tgt=-0.053/0.638 aux=0.5013/0.786 cfg/b=21673 prep=0.05s gpu=0.00s conv=0.00s add=0.11s train=0.72s
[t=7480.0s] --- stopping GPU admission; draining ---
[t=7484.1s] rebel stream solves=2636086 raw=367/s balanced=367/s debt=216 rows steps=10297 horizon=0.02 games=41 over=1 card=0 drop=0 L=0.01234 L/var=0.03 tgt=-0.061/0.654 aux=0.5056/0.783 cfg/b=21737 prep=0.04s gpu=0.00s conv=0.00s add=0.08s train=0.62s
[gpu-summary] solves=2636086 optimizer_rows=10544128 debt=216 raw=366.2/s balanced=366.2/s horizon=0.02 games=59554 over=1 card=0 exact=0 censored=1152 dropped=0 overrun=0.00s
[t=7500.0s] --- snapshot snap_05.pt (final) ---
