[cfg] PUBFEAT=972 CFEAT=16 hidden=384 dg=64 rank=64 depth=2 iters=64 budget=16200s warm=300s device=cpu draft=starter snapshot_every=60.0min train_gen_ratio=4.0 recent_mix=0.5/0.2 augment=True cap=2000000
[t=   3.2s] greedy ep  0 games=  96 dec= 17044 rows= 17044 cap=0.28 cfgs= 24.5 L=0.07613 old=0.04045 new=0.01380 tgt=-0.014/0.503 pstd=0.447 capv=0.040 lr=1.0e-03 gen=0.1s train=3.0s
[t=   6.2s] greedy ep  1 games=  96 dec= 17606 rows= 17606 cap=0.35 cfgs= 24.0 L=0.05097 old=0.04997 new=0.01124 tgt=-0.034/0.500 pstd=0.410 capv=0.040 lr=1.0e-03 gen=0.1s train=2.9s
[t=   9.5s] greedy ep  2 games=  96 dec= 17336 rows= 17336 cap=0.30 cfgs= 26.4 L=0.05374 old=0.05140 new=0.02269 tgt=-0.040/0.501 pstd=0.440 capv=0.040 lr=1.0e-03 gen=0.1s train=3.1s
[t=  12.7s] greedy ep  3 games=  96 dec= 17516 rows= 17516 cap=0.31 cfgs= 24.7 L=0.05731 old=0.05157 new=0.02004 tgt=-0.027/0.486 pstd=0.436 capv=0.040 lr=1.0e-03 gen=0.1s train=3.0s
[t=  15.9s] greedy ep  4 games=  96 dec= 16016 rows= 16016 cap=0.19 cfgs= 28.0 L=0.07009 old=0.05327 new=0.04191 tgt=-0.008/0.523 pstd=0.471 capv=0.040 lr=1.0e-03 gen=0.1s train=3.0s
[t=  19.2s] greedy ep  5 games=  96 dec= 17792 rows= 17792 cap=0.34 cfgs= 23.2 L=0.06134 old=0.05060 new=0.03408 tgt=-0.007/0.465 pstd=0.435 capv=0.040 lr=1.0e-03 gen=0.2s train=3.0s
[t=  22.3s] greedy ep  6 games=  96 dec= 17282 rows= 17282 cap=0.29 cfgs= 24.3 L=0.06012 old=0.05515 new=0.03509 tgt=+0.022/0.474 pstd=0.409 capv=0.040 lr=1.0e-03 gen=0.1s train=3.0s
[t=  25.3s] greedy ep  7 games=  96 dec= 16726 rows= 16726 cap=0.24 cfgs= 25.1 L=0.06211 old=0.05360 new=0.03555 tgt=-0.012/0.491 pstd=0.392 capv=0.040 lr=1.0e-03 gen=0.1s train=2.8s
[t=  28.3s] greedy ep  8 games=  96 dec= 17907 rows= 17907 cap=0.33 cfgs= 23.8 L=0.06062 old=0.05832 new=0.03744 tgt=-0.005/0.469 pstd=0.396 capv=0.040 lr=1.0e-03 gen=0.1s train=2.8s
[t=  31.5s] greedy ep  9 games=  96 dec= 17591 rows= 17591 cap=0.31 cfgs= 23.8 L=0.06008 old=0.05726 new=0.03927 tgt=-0.008/0.489 pstd=0.424 capv=0.040 lr=1.0e-03 gen=0.1s train=2.9s
[t=  34.5s] greedy ep 10 games=  96 dec= 16542 rows= 16542 cap=0.24 cfgs= 25.9 L=0.06253 old=0.06604 new=0.05774 tgt=-0.014/0.504 pstd=0.417 capv=0.040 lr=1.0e-03 gen=0.1s train=2.8s
[t=  37.7s] greedy ep 11 games=  96 dec= 17076 rows= 17076 cap=0.29 cfgs= 23.9 L=0.06465 old=0.05841 new=0.03905 tgt=-0.038/0.484 pstd=0.401 capv=0.040 lr=1.0e-03 gen=0.1s train=3.0s
[t=  41.0s] greedy ep 12 games=  96 dec= 18337 rows= 18337 cap=0.34 cfgs= 22.1 L=0.06331 old=0.06267 new=0.04464 tgt=-0.029/0.467 pstd=0.426 capv=0.040 lr=1.0e-03 gen=0.1s train=3.1s
[t=  44.2s] greedy ep 13 games=  96 dec= 17578 rows= 17578 cap=0.30 cfgs= 23.7 L=0.06284 old=0.06038 new=0.04597 tgt=-0.057/0.492 pstd=0.394 capv=0.040 lr=1.0e-03 gen=0.1s train=3.0s
[t=  47.4s] greedy ep 14 games=  96 dec= 17866 rows= 17866 cap=0.38 cfgs= 22.3 L=0.06423 old=0.06488 new=0.04642 tgt=-0.015/0.463 pstd=0.408 capv=0.040 lr=1.0e-03 gen=0.1s train=3.0s
[t=  50.9s] greedy ep 15 games=  96 dec= 16197 rows= 16197 cap=0.25 cfgs= 27.1 L=0.06469 old=0.06260 new=0.04937 tgt=-0.029/0.526 pstd=0.397 capv=0.040 lr=1.0e-03 gen=0.2s train=3.2s
[t=  54.6s] greedy ep 16 games=  96 dec= 17376 rows= 17376 cap=0.29 cfgs= 25.8 L=0.06462 old=0.06982 new=0.05396 tgt=-0.008/0.486 pstd=0.433 capv=0.040 lr=1.0e-03 gen=0.1s train=3.4s
[t=  57.9s] greedy ep 17 games=  96 dec= 17130 rows= 17130 cap=0.29 cfgs= 25.5 L=0.06390 old=0.06816 new=0.05607 tgt=-0.004/0.492 pstd=0.424 capv=0.040 lr=1.0e-03 gen=0.1s train=3.1s
[t=  61.4s] greedy ep 18 games=  96 dec= 17958 rows= 17958 cap=0.39 cfgs= 23.6 L=0.06167 old=0.05855 new=0.05109 tgt=-0.010/0.437 pstd=0.387 capv=0.040 lr=1.0e-03 gen=0.1s train=3.3s
[t=  64.8s] greedy ep 19 games=  96 dec= 17413 rows= 17413 cap=0.29 cfgs= 24.7 L=0.06398 old=0.06298 new=0.05198 tgt=-0.021/0.487 pstd=0.379 capv=0.040 lr=1.0e-03 gen=0.1s train=3.2s
[t=  68.1s] greedy ep 20 games=  96 dec= 17600 rows= 17600 cap=0.31 cfgs= 23.4 L=0.06495 old=0.06275 new=0.05266 tgt=-0.028/0.480 pstd=0.391 capv=0.040 lr=1.0e-03 gen=0.1s train=3.1s
[t=  71.2s] greedy ep 21 games=  96 dec= 16878 rows= 16878 cap=0.25 cfgs= 24.1 L=0.06629 old=0.06906 new=0.05735 tgt=-0.059/0.523 pstd=0.383 capv=0.040 lr=1.0e-03 gen=0.2s train=2.8s
[t=  74.2s] greedy ep 22 games=  96 dec= 16617 rows= 16617 cap=0.23 cfgs= 25.8 L=0.06989 old=0.06450 new=0.06135 tgt=-0.044/0.515 pstd=0.387 capv=0.040 lr=1.0e-03 gen=0.1s train=2.8s
[t=  77.3s] greedy ep 23 games=  96 dec= 16513 rows= 16513 cap=0.21 cfgs= 25.1 L=0.07216 old=0.07225 new=0.07102 tgt=-0.004/0.496 pstd=0.403 capv=0.040 lr=1.0e-03 gen=0.1s train=2.9s
[t=  80.5s] greedy ep 24 games=  96 dec= 17573 rows= 17573 cap=0.32 cfgs= 23.0 L=0.07170 old=0.07222 new=0.05724 tgt=-0.028/0.489 pstd=0.358 capv=0.040 lr=1.0e-03 gen=0.1s train=3.0s
[t=  83.7s] greedy ep 25 games=  96 dec= 17161 rows= 17161 cap=0.25 cfgs= 23.5 L=0.07270 old=0.07266 new=0.06616 tgt=-0.057/0.495 pstd=0.402 capv=0.040 lr=1.0e-03 gen=0.1s train=3.0s
[t=  86.9s] greedy ep 26 games=  96 dec= 17009 rows= 17009 cap=0.24 cfgs= 25.5 L=0.07301 old=0.06703 new=0.06261 tgt=-0.014/0.492 pstd=0.400 capv=0.040 lr=1.0e-03 gen=0.1s train=3.0s
[t=  90.2s] greedy ep 27 games=  96 dec= 16307 rows= 16307 cap=0.23 cfgs= 25.3 L=0.07323 old=0.06785 new=0.06109 tgt=-0.012/0.500 pstd=0.395 capv=0.040 lr=1.0e-03 gen=0.3s train=2.9s
[t=  93.6s] greedy ep 28 games=  96 dec= 17743 rows= 17743 cap=0.30 cfgs= 24.2 L=0.07412 old=0.07519 new=0.05902 tgt=-0.034/0.467 pstd=0.383 capv=0.040 lr=1.0e-03 gen=0.1s train=3.2s
[t=  96.7s] greedy ep 29 games=  96 dec= 16753 rows= 16753 cap=0.28 cfgs= 24.3 L=0.07404 old=0.07289 new=0.06253 tgt=+0.006/0.460 pstd=0.368 capv=0.040 lr=1.0e-03 gen=0.1s train=2.9s
[t= 100.1s] greedy ep 30 games=  96 dec= 18155 rows= 18155 cap=0.31 cfgs= 22.4 L=0.07306 old=0.07018 new=0.06485 tgt=-0.013/0.490 pstd=0.373 capv=0.040 lr=1.0e-03 gen=0.1s train=3.1s
[t= 103.4s] greedy ep 31 games=  96 dec= 17647 rows= 17647 cap=0.33 cfgs= 25.1 L=0.07250 old=0.08566 new=0.07603 tgt=-0.032/0.493 pstd=0.349 capv=0.040 lr=1.0e-03 gen=0.1s train=3.1s
[t= 106.7s] greedy ep 32 games=  96 dec= 17976 rows= 17976 cap=0.35 cfgs= 22.9 L=0.07263 old=0.08048 new=0.05885 tgt=-0.031/0.475 pstd=0.380 capv=0.040 lr=1.0e-03 gen=0.1s train=3.1s
[t= 110.1s] greedy ep 33 games=  96 dec= 18115 rows= 18115 cap=0.36 cfgs= 23.9 L=0.07204 old=0.07273 new=0.06276 tgt=-0.035/0.456 pstd=0.416 capv=0.040 lr=1.0e-03 gen=0.1s train=3.2s
[t= 113.1s] greedy ep 34 games=  96 dec= 16437 rows= 16437 cap=0.24 cfgs= 24.4 L=0.07277 old=0.07675 new=0.06474 tgt=-0.029/0.498 pstd=0.378 capv=0.040 lr=1.0e-03 gen=0.1s train=2.8s
[t= 116.6s] greedy ep 35 games=  96 dec= 18164 rows= 18164 cap=0.40 cfgs= 23.0 L=0.07275 old=0.08156 new=0.06108 tgt=-0.026/0.456 pstd=0.380 capv=0.040 lr=1.0e-03 gen=0.1s train=3.2s
[t= 119.7s] greedy ep 36 games=  96 dec= 17516 rows= 17516 cap=0.35 cfgs= 24.8 L=0.07053 old=0.07623 new=0.06479 tgt=-0.040/0.504 pstd=0.369 capv=0.040 lr=1.0e-03 gen=0.1s train=2.9s
[t= 122.7s] greedy ep 37 games=  96 dec= 17308 rows= 17308 cap=0.28 cfgs= 23.2 L=0.07149 old=0.07432 new=0.06228 tgt=-0.031/0.479 pstd=0.375 capv=0.040 lr=1.0e-03 gen=0.1s train=2.8s
[t= 125.7s] greedy ep 38 games=  96 dec= 16388 rows= 16388 cap=0.23 cfgs= 25.8 L=0.07320 old=0.08062 new=0.06495 tgt=+0.009/0.501 pstd=0.362 capv=0.040 lr=1.0e-03 gen=0.1s train=2.8s
[t= 129.0s] greedy ep 39 games=  96 dec= 18048 rows= 18048 cap=0.36 cfgs= 24.3 L=0.07142 old=0.07678 new=0.06168 tgt=-0.018/0.466 pstd=0.392 capv=0.040 lr=1.0e-03 gen=0.1s train=3.2s
[t= 132.1s] greedy ep 40 games=  96 dec= 16659 rows= 16659 cap=0.28 cfgs= 24.2 L=0.07331 old=0.07664 new=0.07077 tgt=-0.006/0.479 pstd=0.383 capv=0.040 lr=1.0e-03 gen=0.1s train=2.8s
[t= 135.7s] greedy ep 41 games=  96 dec= 16790 rows= 16790 cap=0.22 cfgs= 25.6 L=0.07554 old=0.07371 new=0.06814 tgt=-0.013/0.513 pstd=0.383 capv=0.040 lr=1.0e-03 gen=0.5s train=3.0s
[t= 139.0s] greedy ep 42 games=  96 dec= 17050 rows= 17050 cap=0.27 cfgs= 24.1 L=0.07622 old=0.08303 new=0.07054 tgt=+0.017/0.480 pstd=0.386 capv=0.040 lr=1.0e-03 gen=0.1s train=3.0s
[t= 142.1s] greedy ep 43 games=  96 dec= 16918 rows= 16918 cap=0.28 cfgs= 26.0 L=0.07624 old=0.08570 new=0.06830 tgt=-0.018/0.502 pstd=0.367 capv=0.040 lr=1.0e-03 gen=0.1s train=3.0s
[t= 145.2s] greedy ep 44 games=  96 dec= 16035 rows= 16035 cap=0.18 cfgs= 26.9 L=0.07805 old=0.07638 new=0.06679 tgt=-0.011/0.507 pstd=0.370 capv=0.040 lr=1.0e-03 gen=0.1s train=2.8s
[t= 148.5s] greedy ep 45 games=  96 dec= 17670 rows= 17670 cap=0.28 cfgs= 25.0 L=0.07946 old=0.07794 new=0.06957 tgt=-0.021/0.476 pstd=0.359 capv=0.040 lr=1.0e-03 gen=0.1s train=3.1s
[t= 151.8s] greedy ep 46 games=  96 dec= 18222 rows= 18222 cap=0.34 cfgs= 23.4 L=0.07732 old=0.08651 new=0.06646 tgt=+0.000/0.446 pstd=0.391 capv=0.040 lr=1.0e-03 gen=0.1s train=3.1s
[t= 155.1s] greedy ep 47 games=  96 dec= 17639 rows= 17639 cap=0.32 cfgs= 23.6 L=0.07654 old=0.08603 new=0.06832 tgt=-0.041/0.500 pstd=0.368 capv=0.040 lr=1.0e-03 gen=0.1s train=3.1s
[t= 158.3s] greedy ep 48 games=  96 dec= 16332 rows= 16332 cap=0.25 cfgs= 24.9 L=0.07726 old=0.07474 new=0.07027 tgt=-0.022/0.528 pstd=0.399 capv=0.040 lr=1.0e-03 gen=0.1s train=2.9s
[t= 161.3s] greedy ep 49 games=  96 dec= 16513 rows= 16513 cap=0.24 cfgs= 25.4 L=0.07921 old=0.08391 new=0.07128 tgt=-0.014/0.491 pstd=0.369 capv=0.040 lr=1.0e-03 gen=0.1s train=2.8s
[t= 164.6s] greedy ep 50 games=  96 dec= 17692 rows= 17692 cap=0.36 cfgs= 24.6 L=0.07904 old=0.09109 new=0.07310 tgt=-0.025/0.460 pstd=0.377 capv=0.040 lr=1.0e-03 gen=0.1s train=3.0s
[t= 167.5s] greedy ep 51 games=  96 dec= 16331 rows= 16331 cap=0.21 cfgs= 25.8 L=0.07937 old=0.09073 new=0.07093 tgt=-0.020/0.501 pstd=0.384 capv=0.040 lr=1.0e-03 gen=0.1s train=2.7s
[t= 170.6s] greedy ep 52 games=  96 dec= 17249 rows= 17249 cap=0.32 cfgs= 24.1 L=0.07912 old=0.07918 new=0.07056 tgt=-0.045/0.480 pstd=0.402 capv=0.040 lr=1.0e-03 gen=0.1s train=2.9s
[t= 173.8s] greedy ep 53 games=  96 dec= 16896 rows= 16896 cap=0.26 cfgs= 23.7 L=0.08055 old=0.08977 new=0.07174 tgt=-0.017/0.504 pstd=0.373 capv=0.040 lr=1.0e-03 gen=0.1s train=3.0s
[t= 177.1s] greedy ep 54 games=  96 dec= 17519 rows= 17519 cap=0.32 cfgs= 25.4 L=0.07957 old=0.08516 new=0.07638 tgt=-0.008/0.483 pstd=0.418 capv=0.040 lr=1.0e-03 gen=0.1s train=3.1s
[t= 180.4s] greedy ep 55 games=  96 dec= 17265 rows= 17265 cap=0.26 cfgs= 25.4 L=0.08179 old=0.07844 new=0.07502 tgt=-0.059/0.498 pstd=0.375 capv=0.040 lr=1.0e-03 gen=0.1s train=3.1s
[t= 183.7s] greedy ep 56 games=  96 dec= 17637 rows= 17637 cap=0.34 cfgs= 25.5 L=0.08140 old=0.08911 new=0.08279 tgt=-0.005/0.478 pstd=0.373 capv=0.040 lr=1.0e-03 gen=0.1s train=3.1s
[t= 187.0s] greedy ep 57 games=  96 dec= 17704 rows= 17704 cap=0.34 cfgs= 23.7 L=0.08167 old=0.07699 new=0.08023 tgt=-0.045/0.477 pstd=0.339 capv=0.040 lr=1.0e-03 gen=0.1s train=3.1s
[t= 190.4s] greedy ep 58 games=  96 dec= 18404 rows= 18404 cap=0.39 cfgs= 23.7 L=0.07949 old=0.08107 new=0.07355 tgt=+0.011/0.453 pstd=0.382 capv=0.040 lr=1.0e-03 gen=0.1s train=3.2s
[t= 193.5s] greedy ep 59 games=  96 dec= 16616 rows= 16616 cap=0.25 cfgs= 26.0 L=0.08020 old=0.08583 new=0.08223 tgt=-0.040/0.498 pstd=0.373 capv=0.040 lr=1.0e-03 gen=0.1s train=2.9s
[t= 196.7s] greedy ep 60 games=  96 dec= 17263 rows= 17263 cap=0.27 cfgs= 24.1 L=0.08011 old=0.08659 new=0.07581 tgt=-0.044/0.495 pstd=0.355 capv=0.040 lr=1.0e-03 gen=0.1s train=3.0s
[t= 200.1s] greedy ep 61 games=  96 dec= 17578 rows= 17578 cap=0.32 cfgs= 24.0 L=0.08019 old=0.07921 new=0.07341 tgt=-0.012/0.487 pstd=0.351 capv=0.040 lr=1.0e-03 gen=0.1s train=3.1s
[t= 203.3s] greedy ep 62 games=  96 dec= 16941 rows= 16941 cap=0.24 cfgs= 24.6 L=0.08034 old=0.08905 new=0.07734 tgt=-0.032/0.494 pstd=0.391 capv=0.040 lr=1.0e-03 gen=0.1s train=3.0s
[t= 206.8s] greedy ep 63 games=  96 dec= 17820 rows= 17820 cap=0.33 cfgs= 25.2 L=0.08000 old=0.08469 new=0.07771 tgt=-0.000/0.450 pstd=0.356 capv=0.040 lr=1.0e-03 gen=0.2s train=3.2s
[t= 210.1s] greedy ep 64 games=  96 dec= 18709 rows= 18709 cap=0.38 cfgs= 23.4 L=0.08064 old=0.09001 new=0.06599 tgt=-0.013/0.472 pstd=0.322 capv=0.040 lr=1.0e-03 gen=0.1s train=3.1s
[t= 213.3s] greedy ep 65 games=  96 dec= 17626 rows= 17626 cap=0.30 cfgs= 23.2 L=0.07909 old=0.08926 new=0.07532 tgt=-0.018/0.485 pstd=0.361 capv=0.040 lr=1.0e-03 gen=0.1s train=3.0s
[t= 216.6s] greedy ep 66 games=  96 dec= 17840 rows= 17840 cap=0.34 cfgs= 23.5 L=0.07881 old=0.08590 new=0.06850 tgt=-0.016/0.468 pstd=0.371 capv=0.040 lr=1.0e-03 gen=0.1s train=3.1s
[t= 219.8s] greedy ep 67 games=  96 dec= 16996 rows= 16996 cap=0.29 cfgs= 26.3 L=0.07995 old=0.08299 new=0.06903 tgt=-0.056/0.508 pstd=0.359 capv=0.040 lr=1.0e-03 gen=0.1s train=3.0s
[t= 223.0s] greedy ep 68 games=  96 dec= 17706 rows= 17706 cap=0.34 cfgs= 24.3 L=0.07835 old=0.08202 new=0.06829 tgt=+0.005/0.442 pstd=0.363 capv=0.040 lr=1.0e-03 gen=0.1s train=3.0s
[t= 226.4s] greedy ep 69 games=  96 dec= 18013 rows= 18013 cap=0.34 cfgs= 23.6 L=0.07852 old=0.08984 new=0.08326 tgt=-0.025/0.486 pstd=0.352 capv=0.040 lr=1.0e-03 gen=0.2s train=3.2s
[t= 229.7s] greedy ep 70 games=  96 dec= 16826 rows= 16826 cap=0.24 cfgs= 24.6 L=0.08037 old=0.09118 new=0.07773 tgt=-0.001/0.496 pstd=0.339 capv=0.040 lr=1.0e-03 gen=0.1s train=3.0s
[t= 232.8s] greedy ep 71 games=  96 dec= 17414 rows= 17414 cap=0.31 cfgs= 25.4 L=0.07970 old=0.09465 new=0.07471 tgt=-0.002/0.475 pstd=0.387 capv=0.040 lr=1.0e-03 gen=0.1s train=2.9s
[t= 235.9s] greedy ep 72 games=  96 dec= 16590 rows= 16590 cap=0.21 cfgs= 25.9 L=0.08001 old=0.08257 new=0.06709 tgt=-0.031/0.509 pstd=0.362 capv=0.040 lr=1.0e-03 gen=0.1s train=2.9s
[t= 239.2s] greedy ep 73 games=  96 dec= 17613 rows= 17613 cap=0.35 cfgs= 24.6 L=0.08024 old=0.09204 new=0.07501 tgt=-0.042/0.462 pstd=0.387 capv=0.040 lr=1.0e-03 gen=0.1s train=3.0s
[t= 242.5s] greedy ep 74 games=  96 dec= 17870 rows= 17870 cap=0.31 cfgs= 25.2 L=0.08127 old=0.08510 new=0.08192 tgt=-0.023/0.464 pstd=0.387 capv=0.040 lr=1.0e-03 gen=0.1s train=3.1s
[t= 245.7s] greedy ep 75 games=  96 dec= 16826 rows= 16826 cap=0.26 cfgs= 25.4 L=0.08223 old=0.08749 new=0.07634 tgt=-0.030/0.504 pstd=0.401 capv=0.040 lr=1.0e-03 gen=0.1s train=3.0s
[t= 248.9s] greedy ep 76 games=  96 dec= 17514 rows= 17514 cap=0.29 cfgs= 24.2 L=0.08217 old=0.09264 new=0.07921 tgt=-0.030/0.489 pstd=0.357 capv=0.040 lr=1.0e-03 gen=0.1s train=3.0s
[t= 252.2s] greedy ep 77 games=  96 dec= 17387 rows= 17387 cap=0.30 cfgs= 23.3 L=0.08353 old=0.08554 new=0.07096 tgt=-0.010/0.480 pstd=0.345 capv=0.040 lr=1.0e-03 gen=0.1s train=3.0s
[t= 255.7s] greedy ep 78 games=  96 dec= 17689 rows= 17689 cap=0.34 cfgs= 22.6 L=0.08291 old=0.08416 new=0.07595 tgt=-0.045/0.477 pstd=0.344 capv=0.040 lr=1.0e-03 gen=0.3s train=3.1s
[t= 259.0s] greedy ep 79 games=  96 dec= 17873 rows= 17873 cap=0.35 cfgs= 24.4 L=0.08216 old=0.08506 new=0.08140 tgt=-0.023/0.485 pstd=0.331 capv=0.040 lr=1.0e-03 gen=0.1s train=3.1s
[t= 262.2s] greedy ep 80 games=  96 dec= 17148 rows= 17148 cap=0.27 cfgs= 25.7 L=0.08268 old=0.08716 new=0.07478 tgt=-0.062/0.520 pstd=0.362 capv=0.040 lr=1.0e-03 gen=0.1s train=3.0s
[t= 265.2s] greedy ep 81 games=  96 dec= 16919 rows= 16919 cap=0.26 cfgs= 24.7 L=0.08261 old=0.08286 new=0.07098 tgt=-0.001/0.488 pstd=0.345 capv=0.040 lr=1.0e-03 gen=0.1s train=2.8s
[t= 268.5s] greedy ep 82 games=  96 dec= 17758 rows= 17758 cap=0.34 cfgs= 23.8 L=0.08300 old=0.08946 new=0.07557 tgt=-0.011/0.465 pstd=0.342 capv=0.040 lr=1.0e-03 gen=0.1s train=3.0s
[t= 271.8s] greedy ep 83 games=  96 dec= 17199 rows= 17199 cap=0.34 cfgs= 25.8 L=0.08271 old=0.09040 new=0.07674 tgt=-0.027/0.462 pstd=0.366 capv=0.040 lr=1.0e-03 gen=0.1s train=3.1s
[t= 275.2s] greedy ep 84 games=  96 dec= 18303 rows= 18303 cap=0.38 cfgs= 22.9 L=0.08295 old=0.08378 new=0.07413 tgt=-0.034/0.464 pstd=0.369 capv=0.040 lr=1.0e-03 gen=0.1s train=3.2s
[t= 278.5s] greedy ep 85 games=  96 dec= 17705 rows= 17705 cap=0.33 cfgs= 24.2 L=0.08362 old=0.09973 new=0.09418 tgt=-0.015/0.477 pstd=0.402 capv=0.040 lr=1.0e-03 gen=0.1s train=3.1s
[t= 281.6s] greedy ep 86 games=  96 dec= 17273 rows= 17273 cap=0.30 cfgs= 24.6 L=0.08326 old=0.08824 new=0.06689 tgt=-0.008/0.496 pstd=0.373 capv=0.040 lr=1.0e-03 gen=0.1s train=2.9s
[t= 285.4s] greedy ep 87 games=  96 dec= 17878 rows= 17878 cap=0.35 cfgs= 24.8 L=0.08358 old=0.08797 new=0.06768 tgt=-0.076/0.505 pstd=0.358 capv=0.040 lr=1.0e-03 gen=0.5s train=3.1s
[t= 288.7s] greedy ep 88 games=  96 dec= 17820 rows= 17820 cap=0.29 cfgs= 24.3 L=0.08273 old=0.08656 new=0.07027 tgt=-0.024/0.498 pstd=0.368 capv=0.040 lr=1.0e-03 gen=0.1s train=3.1s
[t= 292.0s] greedy ep 89 games=  96 dec= 17038 rows= 17038 cap=0.28 cfgs= 26.2 L=0.08383 old=0.08175 new=0.07686 tgt=-0.037/0.488 pstd=0.363 capv=0.040 lr=1.0e-03 gen=0.1s train=3.0s
[t= 295.1s] greedy ep 90 games=  96 dec= 16399 rows= 16399 cap=0.27 cfgs= 25.6 L=0.08362 old=0.08972 new=0.07644 tgt=-0.055/0.508 pstd=0.380 capv=0.040 lr=1.0e-03 gen=0.1s train=3.0s
[t= 298.5s] greedy ep 91 games=  96 dec= 17861 rows= 17861 cap=0.35 cfgs= 21.5 L=0.08301 old=0.09016 new=0.07244 tgt=-0.025/0.481 pstd=0.353 capv=0.040 lr=1.0e-03 gen=0.1s train=3.2s
[t= 302.0s] greedy ep 92 games=  96 dec= 17516 rows= 17516 cap=0.34 cfgs= 23.7 L=0.08247 old=0.08986 new=0.07337 tgt=-0.039/0.471 pstd=0.358 capv=0.040 lr=1.0e-03 gen=0.1s train=3.2s
[t= 302.0s] --- snapshot snap_00.pt (init) ---
[t= 302.0s] --- switching to ReBeL ---
[t= 322.6s] rebel  ep 93 games=  48 dec=  6288 rows= 24320 cap=0.06 cfgs= 16.1 L=0.02115 old=0.01580 new=0.01105 tgt=+0.001/0.400 pstd=0.326 capv=0.040 lr=1.0e-03 gen=20.1s train=0.4s
[t= 347.7s] rebel  ep 94 games=  48 dec=  6086 rows= 23536 cap=0.04 cfgs= 21.0 L=0.01947 old=0.01582 new=0.01032 tgt=-0.030/0.403 pstd=0.325 capv=0.040 lr=1.0e-03 gen=24.5s train=0.5s
[t= 370.9s] rebel  ep 95 games=  48 dec=  5106 rows= 19712 cap=0.00 cfgs= 21.0 L=0.01590 old=0.01304 new=0.00909 tgt=-0.049/0.397 pstd=0.326 capv=0.040 lr=1.0e-03 gen=22.7s train=0.4s
[t= 392.4s] rebel  ep 96 games=  48 dec=  4552 rows= 17616 cap=0.00 cfgs= 20.5 L=0.01516 old=0.01410 new=0.01146 tgt=-0.047/0.423 pstd=0.334 capv=0.040 lr=1.0e-03 gen=21.1s train=0.3s
[t= 413.9s] rebel  ep 97 games=  48 dec=  4420 rows= 16984 cap=0.00 cfgs= 23.1 L=0.01484 old=0.01282 new=0.01174 tgt=-0.095/0.449 pstd=0.322 capv=0.039 lr=1.0e-03 gen=21.1s train=0.3s
[t= 436.1s] rebel  ep 98 games=  48 dec=  4843 rows= 18672 cap=0.02 cfgs= 20.4 L=0.01421 old=0.01286 new=0.01164 tgt=-0.082/0.472 pstd=0.323 capv=0.039 lr=1.0e-03 gen=21.8s train=0.4s
[t= 457.3s] rebel  ep 99 games=  48 dec=  4525 rows= 17376 cap=0.00 cfgs= 19.0 L=0.01388 old=0.01030 new=0.01043 tgt=-0.106/0.439 pstd=0.328 capv=0.039 lr=1.0e-03 gen=20.8s train=0.3s
[t= 475.6s] rebel  ep100 games=  48 dec=  4607 rows= 17680 cap=0.02 cfgs= 16.6 L=0.01445 old=0.01219 new=0.01189 tgt=-0.142/0.441 pstd=0.321 capv=0.039 lr=1.0e-03 gen=17.8s train=0.3s
[t= 496.1s] rebel  ep101 games=  48 dec=  5050 rows= 19472 cap=0.00 cfgs= 14.7 L=0.01501 old=0.01454 new=0.01205 tgt=-0.072/0.475 pstd=0.323 capv=0.039 lr=1.0e-03 gen=20.1s train=0.3s
[t= 513.8s] rebel  ep102 games=  48 dec=  4463 rows= 17176 cap=0.02 cfgs= 14.9 L=0.01585 old=0.01151 new=0.01200 tgt=-0.057/0.402 pstd=0.324 capv=0.039 lr=1.0e-03 gen=17.3s train=0.3s
[t= 532.2s] rebel  ep103 games=  48 dec=  4344 rows= 16704 cap=0.00 cfgs= 15.0 L=0.01663 old=0.01072 new=0.01237 tgt=-0.089/0.449 pstd=0.318 capv=0.039 lr=1.0e-03 gen=18.1s train=0.3s
[t= 553.1s] rebel  ep104 games=  48 dec=  4713 rows= 18112 cap=0.00 cfgs= 15.9 L=0.01482 old=0.01040 new=0.01281 tgt=-0.059/0.429 pstd=0.322 capv=0.039 lr=1.0e-03 gen=20.5s train=0.3s
[t= 571.0s] rebel  ep105 games=  48 dec=  4355 rows= 16704 cap=0.00 cfgs= 14.4 L=0.01404 old=0.01329 new=0.00894 tgt=-0.088/0.434 pstd=0.321 capv=0.038 lr=1.0e-03 gen=17.5s train=0.3s
[t= 590.1s] rebel  ep106 games=  48 dec=  4461 rows= 17048 cap=0.02 cfgs= 16.8 L=0.01299 old=0.01095 new=0.01004 tgt=-0.159/0.468 pstd=0.320 capv=0.038 lr=1.0e-03 gen=18.7s train=0.3s
[t= 609.0s] rebel  ep107 games=  48 dec=  4616 rows= 17640 cap=0.00 cfgs= 16.2 L=0.01331 old=0.01269 new=0.01318 tgt=-0.134/0.456 pstd=0.317 capv=0.038 lr=1.0e-03 gen=18.5s train=0.3s
[t= 631.0s] rebel  ep108 games=  48 dec=  5391 rows= 20752 cap=0.06 cfgs= 16.3 L=0.01342 old=0.01161 new=0.01073 tgt=-0.113/0.489 pstd=0.324 capv=0.038 lr=1.0e-03 gen=21.6s train=0.3s
[t= 650.4s] rebel  ep109 games=  48 dec=  4823 rows= 18488 cap=0.02 cfgs= 14.7 L=0.01400 old=0.01303 new=0.01110 tgt=-0.092/0.469 pstd=0.326 capv=0.038 lr=1.0e-03 gen=19.0s train=0.3s
[t= 668.5s] rebel  ep110 games=  48 dec=  4344 rows= 16688 cap=0.00 cfgs= 15.1 L=0.01402 old=0.01273 new=0.01207 tgt=-0.018/0.440 pstd=0.323 capv=0.038 lr=1.0e-03 gen=17.8s train=0.3s
[t= 688.5s] rebel  ep111 games=  48 dec=  4691 rows= 18040 cap=0.00 cfgs= 16.1 L=0.01383 old=0.01350 new=0.01278 tgt=-0.101/0.495 pstd=0.316 capv=0.038 lr=1.0e-03 gen=19.7s train=0.3s
[t= 706.8s] rebel  ep112 games=  48 dec=  4443 rows= 17008 cap=0.00 cfgs= 14.1 L=0.01384 old=0.01282 new=0.01193 tgt=-0.068/0.455 pstd=0.324 capv=0.038 lr=1.0e-03 gen=18.0s train=0.3s
[t= 725.2s] rebel  ep113 games=  48 dec=  4105 rows= 15776 cap=0.00 cfgs= 16.2 L=0.01363 old=0.01167 new=0.01198 tgt=-0.076/0.449 pstd=0.323 capv=0.037 lr=1.0e-03 gen=18.0s train=0.3s
[t= 745.4s] rebel  ep114 games=  48 dec=  5179 rows= 19888 cap=0.06 cfgs= 14.2 L=0.01364 old=0.01169 new=0.01122 tgt=-0.101/0.458 pstd=0.324 capv=0.037 lr=1.0e-03 gen=19.8s train=0.3s
[t= 763.1s] rebel  ep115 games=  48 dec=  4156 rows= 15992 cap=0.00 cfgs= 15.0 L=0.01342 old=0.01066 new=0.01109 tgt=-0.109/0.452 pstd=0.328 capv=0.037 lr=1.0e-03 gen=17.3s train=0.3s
[t= 782.4s] rebel  ep116 games=  48 dec=  4540 rows= 17360 cap=0.00 cfgs= 14.3 L=0.01383 old=0.01073 new=0.01549 tgt=-0.064/0.463 pstd=0.322 capv=0.037 lr=1.0e-03 gen=18.9s train=0.3s
[t= 802.1s] rebel  ep117 games=  48 dec=  4676 rows= 18024 cap=0.02 cfgs= 14.2 L=0.01395 old=0.01195 new=0.01066 tgt=-0.050/0.456 pstd=0.324 capv=0.037 lr=1.0e-03 gen=19.3s train=0.3s
[t= 823.2s] rebel  ep118 games=  48 dec=  4498 rows= 17272 cap=0.00 cfgs= 16.8 L=0.01341 old=0.01160 new=0.01216 tgt=-0.171/0.542 pstd=0.335 capv=0.037 lr=1.0e-03 gen=20.7s train=0.3s
[t= 842.5s] rebel  ep119 games=  48 dec=  4567 rows= 17520 cap=0.02 cfgs= 14.2 L=0.01303 old=0.01139 new=0.01210 tgt=-0.090/0.465 pstd=0.331 capv=0.037 lr=1.0e-03 gen=19.0s train=0.3s
[t= 860.9s] rebel  ep120 games=  48 dec=  4448 rows= 17128 cap=0.02 cfgs= 15.1 L=0.01403 old=0.01073 new=0.01237 tgt=-0.099/0.484 pstd=0.324 capv=0.037 lr=1.0e-03 gen=18.0s train=0.3s
[t= 879.6s] rebel  ep121 games=  48 dec=  4466 rows= 17112 cap=0.02 cfgs= 14.1 L=0.01337 old=0.01324 new=0.01222 tgt=-0.089/0.475 pstd=0.327 capv=0.036 lr=1.0e-03 gen=18.4s train=0.3s
[t= 900.2s] rebel  ep122 games=  48 dec=  4717 rows= 18112 cap=0.00 cfgs= 15.6 L=0.01278 old=0.01130 new=0.01122 tgt=-0.120/0.472 pstd=0.327 capv=0.036 lr=1.0e-03 gen=20.2s train=0.3s
[t= 920.1s] rebel  ep123 games=  48 dec=  4783 rows= 18288 cap=0.02 cfgs= 14.8 L=0.01345 old=0.01187 new=0.01229 tgt=-0.082/0.468 pstd=0.330 capv=0.036 lr=1.0e-03 gen=19.5s train=0.3s
[t= 938.9s] rebel  ep124 games=  48 dec=  4452 rows= 17024 cap=0.00 cfgs= 13.9 L=0.01302 old=0.01170 new=0.01028 tgt=-0.023/0.457 pstd=0.327 capv=0.036 lr=1.0e-03 gen=18.5s train=0.2s
[t= 960.1s] rebel  ep125 games=  48 dec=  4913 rows= 18816 cap=0.02 cfgs= 14.4 L=0.01354 old=0.01267 new=0.01152 tgt=-0.122/0.482 pstd=0.331 capv=0.036 lr=1.0e-03 gen=20.8s train=0.3s
[t= 979.0s] rebel  ep126 games=  48 dec=  4422 rows= 16920 cap=0.00 cfgs= 13.8 L=0.01282 old=0.01159 new=0.01411 tgt=-0.080/0.454 pstd=0.329 capv=0.036 lr=1.0e-03 gen=18.5s train=0.3s
[t= 999.3s] rebel  ep127 games=  48 dec=  4614 rows= 17656 cap=0.00 cfgs= 16.4 L=0.01312 old=0.01433 new=0.01132 tgt=-0.174/0.482 pstd=0.323 capv=0.036 lr=1.0e-03 gen=19.9s train=0.3s
[t=1018.0s] rebel  ep128 games=  48 dec=  4197 rows= 16032 cap=0.00 cfgs= 14.6 L=0.01297 old=0.01104 new=0.00956 tgt=-0.039/0.437 pstd=0.320 capv=0.036 lr=1.0e-03 gen=18.4s train=0.3s
[t=1036.2s] rebel  ep129 games=  48 dec=  4267 rows= 16280 cap=0.00 cfgs= 14.1 L=0.01270 old=0.01351 new=0.01446 tgt=-0.070/0.459 pstd=0.322 capv=0.035 lr=1.0e-03 gen=17.8s train=0.3s
[t=1056.3s] rebel  ep130 games=  48 dec=  4635 rows= 17792 cap=0.00 cfgs= 14.7 L=0.01291 old=0.01023 new=0.01144 tgt=-0.135/0.488 pstd=0.329 capv=0.035 lr=1.0e-03 gen=19.8s train=0.3s
[t=1077.0s] rebel  ep131 games=  48 dec=  4414 rows= 16912 cap=0.00 cfgs= 16.5 L=0.01302 old=0.01255 new=0.01270 tgt=-0.142/0.463 pstd=0.324 capv=0.035 lr=1.0e-03 gen=20.3s train=0.2s
[t=1097.6s] rebel  ep132 games=  48 dec=  4467 rows= 17160 cap=0.02 cfgs= 16.1 L=0.01267 old=0.01193 new=0.01081 tgt=-0.129/0.500 pstd=0.329 capv=0.035 lr=1.0e-03 gen=20.3s train=0.3s
[t=1116.2s] rebel  ep133 games=  48 dec=  4396 rows= 16816 cap=0.00 cfgs= 12.6 L=0.01253 old=0.01083 new=0.01241 tgt=-0.054/0.470 pstd=0.332 capv=0.035 lr=1.0e-03 gen=18.3s train=0.2s
[t=1136.0s] rebel  ep134 games=  48 dec=  4762 rows= 18280 cap=0.04 cfgs= 15.5 L=0.01364 old=0.01355 new=0.01045 tgt=-0.164/0.531 pstd=0.320 capv=0.035 lr=1.0e-03 gen=19.4s train=0.3s
[t=1157.1s] rebel  ep135 games=  48 dec=  4210 rows= 16104 cap=0.00 cfgs= 17.4 L=0.01356 old=0.01382 new=0.01127 tgt=-0.111/0.490 pstd=0.315 capv=0.035 lr=1.0e-03 gen=20.8s train=0.2s
[t=1176.5s] rebel  ep136 games=  48 dec=  4317 rows= 16544 cap=0.02 cfgs= 15.4 L=0.01366 old=0.01160 new=0.01037 tgt=-0.127/0.480 pstd=0.331 capv=0.035 lr=1.0e-03 gen=19.1s train=0.2s
[t=1194.4s] rebel  ep137 games=  48 dec=  4243 rows= 16224 cap=0.00 cfgs= 13.8 L=0.01270 old=0.01465 new=0.01011 tgt=-0.098/0.512 pstd=0.322 capv=0.034 lr=1.0e-03 gen=17.5s train=0.2s
[t=1213.1s] rebel  ep138 games=  48 dec=  4673 rows= 17952 cap=0.04 cfgs= 13.5 L=0.01333 old=0.01241 new=0.01032 tgt=-0.105/0.505 pstd=0.317 capv=0.034 lr=1.0e-03 gen=18.4s train=0.3s
[t=1232.4s] rebel  ep139 games=  48 dec=  4274 rows= 16256 cap=0.00 cfgs= 13.6 L=0.01279 old=0.01139 new=0.01089 tgt=-0.099/0.461 pstd=0.321 capv=0.034 lr=1.0e-03 gen=18.9s train=0.2s
[t=1253.1s] rebel  ep140 games=  48 dec=  4234 rows= 16192 cap=0.00 cfgs= 17.9 L=0.01256 old=0.01069 new=0.01079 tgt=-0.194/0.529 pstd=0.331 capv=0.034 lr=1.0e-03 gen=20.3s train=0.3s
[t=1271.6s] rebel  ep141 games=  48 dec=  4548 rows= 17456 cap=0.00 cfgs= 13.9 L=0.01235 old=0.01143 new=0.01149 tgt=-0.099/0.478 pstd=0.330 capv=0.034 lr=1.0e-03 gen=18.2s train=0.3s
[t=1292.0s] rebel  ep142 games=  48 dec=  4564 rows= 17536 cap=0.00 cfgs= 15.8 L=0.01242 old=0.01104 new=0.01355 tgt=-0.108/0.492 pstd=0.326 capv=0.034 lr=1.0e-03 gen=20.0s train=0.3s
[t=1311.0s] rebel  ep143 games=  48 dec=  4366 rows= 16688 cap=0.00 cfgs= 14.6 L=0.01251 old=0.01439 new=0.01057 tgt=-0.116/0.520 pstd=0.323 capv=0.034 lr=1.0e-03 gen=18.7s train=0.3s
[t=1330.1s] rebel  ep144 games=  48 dec=  4449 rows= 17032 cap=0.00 cfgs= 13.0 L=0.01247 old=0.01055 new=0.01130 tgt=-0.052/0.436 pstd=0.327 capv=0.034 lr=1.0e-03 gen=18.8s train=0.2s
[t=1350.8s] rebel  ep145 games=  48 dec=  4867 rows= 18568 cap=0.02 cfgs= 13.9 L=0.01226 old=0.01187 new=0.01102 tgt=-0.123/0.502 pstd=0.328 capv=0.034 lr=1.0e-03 gen=20.3s train=0.3s
[t=1369.0s] rebel  ep146 games=  48 dec=  4333 rows= 16712 cap=0.00 cfgs= 14.1 L=0.01254 old=0.01085 new=0.01054 tgt=-0.131/0.505 pstd=0.331 capv=0.033 lr=1.0e-03 gen=18.0s train=0.2s
[t=1388.9s] rebel  ep147 games=  48 dec=  4506 rows= 17288 cap=0.00 cfgs= 14.8 L=0.01281 old=0.01104 new=0.01261 tgt=-0.097/0.522 pstd=0.333 capv=0.033 lr=1.0e-03 gen=19.6s train=0.3s
[t=1408.1s] rebel  ep148 games=  48 dec=  4705 rows= 18080 cap=0.00 cfgs= 13.2 L=0.01238 old=0.01091 new=0.01099 tgt=-0.060/0.513 pstd=0.322 capv=0.033 lr=1.0e-03 gen=18.8s train=0.3s
[t=1427.8s] rebel  ep149 games=  48 dec=  5007 rows= 19232 cap=0.04 cfgs= 12.8 L=0.01380 old=0.01281 new=0.01311 tgt=-0.072/0.487 pstd=0.332 capv=0.033 lr=1.0e-03 gen=19.3s train=0.3s
[t=1448.3s] rebel  ep150 games=  48 dec=  4592 rows= 17600 cap=0.02 cfgs= 15.6 L=0.01267 old=0.01270 new=0.01216 tgt=-0.127/0.491 pstd=0.324 capv=0.033 lr=1.0e-03 gen=20.1s train=0.3s
[t=1466.8s] rebel  ep151 games=  48 dec=  4180 rows= 15912 cap=0.00 cfgs= 14.1 L=0.01260 old=0.01461 new=0.01117 tgt=-0.089/0.456 pstd=0.333 capv=0.033 lr=1.0e-03 gen=18.2s train=0.2s
[t=1485.6s] rebel  ep152 games=  48 dec=  4730 rows= 18088 cap=0.04 cfgs= 11.8 L=0.01287 old=0.01209 new=0.01269 tgt=-0.080/0.513 pstd=0.330 capv=0.033 lr=1.0e-03 gen=18.4s train=0.3s
[t=1505.0s] rebel  ep153 games=  48 dec=  4056 rows= 15520 cap=0.00 cfgs= 14.6 L=0.01292 old=0.01195 new=0.01205 tgt=-0.047/0.466 pstd=0.329 capv=0.033 lr=1.0e-03 gen=19.1s train=0.2s
[t=1525.2s] rebel  ep154 games=  48 dec=  3836 rows= 14680 cap=0.00 cfgs= 17.8 L=0.01272 old=0.00972 new=0.01120 tgt=-0.214/0.494 pstd=0.325 capv=0.032 lr=1.0e-03 gen=20.0s train=0.2s
[t=1544.5s] rebel  ep155 games=  48 dec=  4174 rows= 15928 cap=0.00 cfgs= 14.9 L=0.01335 old=0.01299 new=0.01111 tgt=-0.138/0.512 pstd=0.326 capv=0.032 lr=1.0e-03 gen=19.0s train=0.2s
[t=1562.2s] rebel  ep156 games=  48 dec=  4042 rows= 15432 cap=0.00 cfgs= 13.6 L=0.01291 old=0.01137 new=0.01288 tgt=-0.065/0.478 pstd=0.327 capv=0.032 lr=1.0e-03 gen=17.4s train=0.2s
[t=1582.1s] rebel  ep157 games=  48 dec=  4313 rows= 16448 cap=0.00 cfgs= 16.2 L=0.01219 old=0.01251 new=0.01115 tgt=-0.150/0.565 pstd=0.320 capv=0.032 lr=1.0e-03 gen=19.6s train=0.2s
[t=1603.2s] rebel  ep158 games=  48 dec=  4390 rows= 16704 cap=0.00 cfgs= 14.3 L=0.01186 old=0.01378 new=0.01122 tgt=-0.097/0.471 pstd=0.330 capv=0.032 lr=1.0e-03 gen=20.8s train=0.2s
[t=1621.9s] rebel  ep159 games=  48 dec=  4458 rows= 17072 cap=0.00 cfgs= 12.7 L=0.01254 old=0.01127 new=0.01174 tgt=-0.077/0.502 pstd=0.333 capv=0.032 lr=1.0e-03 gen=18.3s train=0.2s
[t=1646.2s] rebel  ep160 games=  48 dec=  5030 rows= 19312 cap=0.04 cfgs= 19.5 L=0.01267 old=0.01159 new=0.01141 tgt=-0.307/0.604 pstd=0.322 capv=0.032 lr=1.0e-03 gen=24.0s train=0.3s
[t=1667.5s] rebel  ep161 games=  48 dec=  4649 rows= 17720 cap=0.00 cfgs= 13.6 L=0.01213 old=0.01091 new=0.00887 tgt=-0.074/0.462 pstd=0.334 capv=0.032 lr=1.0e-03 gen=20.9s train=0.3s
[t=1687.1s] rebel  ep162 games=  48 dec=  4258 rows= 16224 cap=0.02 cfgs= 14.1 L=0.01194 old=0.01012 new=0.01039 tgt=-0.055/0.539 pstd=0.334 capv=0.031 lr=1.0e-03 gen=19.3s train=0.2s
[t=1708.4s] rebel  ep163 games=  48 dec=  4834 rows= 18448 cap=0.00 cfgs= 13.2 L=0.01240 old=0.01094 new=0.01138 tgt=-0.116/0.517 pstd=0.321 capv=0.031 lr=1.0e-03 gen=20.9s train=0.3s
[t=1728.5s] rebel  ep164 games=  48 dec=  4251 rows= 16280 cap=0.00 cfgs= 13.2 L=0.01256 old=0.01064 new=0.01066 tgt=-0.060/0.447 pstd=0.327 capv=0.031 lr=1.0e-03 gen=19.7s train=0.2s
[t=1748.6s] rebel  ep165 games=  48 dec=  4312 rows= 16448 cap=0.02 cfgs= 14.4 L=0.01241 old=0.01170 new=0.01065 tgt=-0.101/0.462 pstd=0.330 capv=0.031 lr=1.0e-03 gen=19.9s train=0.2s
[t=1770.8s] rebel  ep166 games=  48 dec=  4375 rows= 16784 cap=0.00 cfgs= 15.8 L=0.01289 old=0.01205 new=0.01079 tgt=-0.133/0.539 pstd=0.335 capv=0.031 lr=1.0e-03 gen=21.9s train=0.2s
[t=1790.1s] rebel  ep167 games=  48 dec=  4069 rows= 15544 cap=0.00 cfgs= 14.4 L=0.01240 old=0.01192 new=0.01016 tgt=-0.112/0.483 pstd=0.331 capv=0.031 lr=1.0e-03 gen=18.9s train=0.2s
[t=1811.1s] rebel  ep168 games=  48 dec=  4689 rows= 17824 cap=0.02 cfgs= 14.9 L=0.01226 old=0.01097 new=0.01172 tgt=-0.190/0.510 pstd=0.332 capv=0.031 lr=1.0e-03 gen=20.6s train=0.3s
[t=1833.0s] rebel  ep169 games=  48 dec=  4441 rows= 16872 cap=0.00 cfgs= 14.7 L=0.01126 old=0.01079 new=0.00961 tgt=-0.109/0.485 pstd=0.327 capv=0.030 lr=1.0e-03 gen=21.6s train=0.2s
[t=1856.5s] rebel  ep170 games=  48 dec=  4584 rows= 17456 cap=0.00 cfgs= 14.6 L=0.01233 old=0.01160 new=0.00921 tgt=-0.074/0.459 pstd=0.330 capv=0.030 lr=1.0e-03 gen=23.1s train=0.3s
[t=1877.1s] rebel  ep171 games=  48 dec=  4564 rows= 17344 cap=0.00 cfgs= 13.4 L=0.01211 old=0.01279 new=0.00909 tgt=-0.087/0.493 pstd=0.324 capv=0.030 lr=1.0e-03 gen=20.3s train=0.3s
[t=1897.7s] rebel  ep172 games=  48 dec=  4668 rows= 17808 cap=0.02 cfgs= 12.2 L=0.01155 old=0.01233 new=0.00941 tgt=-0.065/0.471 pstd=0.321 capv=0.030 lr=1.0e-03 gen=20.2s train=0.3s
[t=1919.3s] rebel  ep173 games=  48 dec=  4319 rows= 16472 cap=0.00 cfgs= 14.8 L=0.01239 old=0.00971 new=0.00944 tgt=-0.063/0.445 pstd=0.325 capv=0.030 lr=1.0e-03 gen=21.3s train=0.2s
[t=1942.0s] rebel  ep174 games=  48 dec=  4964 rows= 18976 cap=0.04 cfgs= 14.7 L=0.01286 old=0.01054 new=0.01109 tgt=-0.190/0.547 pstd=0.322 capv=0.030 lr=1.0e-03 gen=22.3s train=0.3s
[t=1963.1s] rebel  ep175 games=  48 dec=  4562 rows= 17440 cap=0.00 cfgs= 13.8 L=0.01214 old=0.01178 new=0.01184 tgt=-0.117/0.518 pstd=0.315 capv=0.030 lr=1.0e-03 gen=20.8s train=0.3s
[t=1983.1s] rebel  ep176 games=  48 dec=  3996 rows= 15232 cap=0.00 cfgs= 14.8 L=0.01257 old=0.01154 new=0.01072 tgt=-0.068/0.433 pstd=0.320 capv=0.030 lr=1.0e-03 gen=19.7s train=0.2s
[t=2004.4s] rebel  ep177 games=  48 dec=  4398 rows= 16784 cap=0.02 cfgs= 15.5 L=0.01266 old=0.01319 new=0.01165 tgt=-0.152/0.542 pstd=0.324 capv=0.029 lr=1.0e-03 gen=21.0s train=0.2s
[t=2026.0s] rebel  ep178 games=  48 dec=  4345 rows= 16520 cap=0.00 cfgs= 14.0 L=0.01214 old=0.01161 new=0.01261 tgt=-0.087/0.504 pstd=0.323 capv=0.029 lr=1.0e-03 gen=21.3s train=0.2s
[t=2047.2s] rebel  ep179 games=  48 dec=  5103 rows= 19456 cap=0.02 cfgs= 12.9 L=0.01237 old=0.01162 new=0.01319 tgt=-0.125/0.539 pstd=0.331 capv=0.029 lr=1.0e-03 gen=20.8s train=0.3s
[t=2070.0s] rebel  ep180 games=  48 dec=  4873 rows= 18648 cap=0.00 cfgs= 14.0 L=0.01212 old=0.00999 new=0.00974 tgt=-0.118/0.512 pstd=0.330 capv=0.029 lr=1.0e-03 gen=22.5s train=0.3s
[t=2091.9s] rebel  ep181 games=  48 dec=  4477 rows= 17088 cap=0.00 cfgs= 14.2 L=0.01229 old=0.01173 new=0.01161 tgt=-0.120/0.523 pstd=0.327 capv=0.029 lr=1.0e-03 gen=21.5s train=0.2s
[t=2113.1s] rebel  ep182 games=  48 dec=  4362 rows= 16680 cap=0.00 cfgs= 15.1 L=0.01286 old=0.01094 new=0.01228 tgt=-0.150/0.525 pstd=0.326 capv=0.029 lr=1.0e-03 gen=20.9s train=0.2s
[t=2133.2s] rebel  ep183 games=  48 dec=  4385 rows= 16616 cap=0.00 cfgs= 12.6 L=0.01198 old=0.01293 new=0.01091 tgt=-0.062/0.467 pstd=0.325 capv=0.029 lr=1.0e-03 gen=19.8s train=0.2s
[t=2152.9s] rebel  ep184 games=  48 dec=  4615 rows= 17608 cap=0.00 cfgs= 12.9 L=0.01225 old=0.01104 new=0.01184 tgt=-0.053/0.478 pstd=0.328 capv=0.028 lr=1.0e-03 gen=19.4s train=0.3s
[t=2174.4s] rebel  ep185 games=  48 dec=  4143 rows= 15856 cap=0.00 cfgs= 15.3 L=0.01210 old=0.01292 new=0.01141 tgt=-0.151/0.546 pstd=0.332 capv=0.028 lr=1.0e-03 gen=21.2s train=0.2s
[t=2196.9s] rebel  ep186 games=  48 dec=  4482 rows= 17208 cap=0.02 cfgs= 16.3 L=0.01304 old=0.01022 new=0.01108 tgt=-0.204/0.549 pstd=0.331 capv=0.028 lr=1.0e-03 gen=22.1s train=0.3s
[t=2219.6s] rebel  ep187 games=  48 dec=  4811 rows= 18432 cap=0.02 cfgs= 13.8 L=0.01162 old=0.01166 new=0.01062 tgt=-0.135/0.557 pstd=0.327 capv=0.028 lr=1.0e-03 gen=22.4s train=0.3s
[t=2239.8s] rebel  ep188 games=  48 dec=  4097 rows= 15680 cap=0.00 cfgs= 14.2 L=0.01207 old=0.01066 new=0.01180 tgt=-0.096/0.478 pstd=0.332 capv=0.028 lr=1.0e-03 gen=19.9s train=0.2s
[t=2260.2s] rebel  ep189 games=  48 dec=  4374 rows= 16736 cap=0.00 cfgs= 14.5 L=0.01197 old=0.01225 new=0.01151 tgt=-0.117/0.481 pstd=0.335 capv=0.028 lr=1.0e-03 gen=20.1s train=0.2s
[t=2282.4s] rebel  ep190 games=  48 dec=  4532 rows= 17352 cap=0.00 cfgs= 15.2 L=0.01184 old=0.01337 new=0.00951 tgt=-0.165/0.561 pstd=0.324 capv=0.028 lr=1.0e-03 gen=21.8s train=0.3s
[t=2303.6s] rebel  ep191 games=  48 dec=  4108 rows= 15648 cap=0.00 cfgs= 14.5 L=0.01303 old=0.01199 new=0.01258 tgt=-0.128/0.475 pstd=0.320 capv=0.028 lr=1.0e-03 gen=20.9s train=0.2s
[t=2324.9s] rebel  ep192 games=  48 dec=  4487 rows= 17104 cap=0.00 cfgs= 13.6 L=0.01212 old=0.01321 new=0.00997 tgt=-0.122/0.477 pstd=0.336 capv=0.027 lr=1.0e-03 gen=21.0s train=0.3s
[t=2345.2s] rebel  ep193 games=  48 dec=  4361 rows= 16640 cap=0.00 cfgs= 13.3 L=0.01344 old=0.01334 new=0.01249 tgt=-0.116/0.520 pstd=0.336 capv=0.027 lr=1.0e-03 gen=20.0s train=0.2s
[t=2366.2s] rebel  ep194 games=  48 dec=  4670 rows= 17872 cap=0.02 cfgs= 11.4 L=0.01264 old=0.01199 new=0.01038 tgt=-0.040/0.470 pstd=0.323 capv=0.027 lr=1.0e-03 gen=20.6s train=0.3s
[t=2388.9s] rebel  ep195 games=  48 dec=  4698 rows= 17904 cap=0.02 cfgs= 16.3 L=0.01201 old=0.01188 new=0.01054 tgt=-0.210/0.550 pstd=0.330 capv=0.027 lr=1.0e-03 gen=22.4s train=0.3s
[t=2410.3s] rebel  ep196 games=  48 dec=  4395 rows= 16832 cap=0.00 cfgs= 13.3 L=0.01208 old=0.01076 new=0.00896 tgt=-0.076/0.545 pstd=0.333 capv=0.027 lr=1.0e-03 gen=21.1s train=0.2s
[t=2431.9s] rebel  ep197 games=  48 dec=  4517 rows= 17296 cap=0.02 cfgs= 12.7 L=0.01129 old=0.01164 new=0.01039 tgt=-0.064/0.513 pstd=0.328 capv=0.027 lr=1.0e-03 gen=21.3s train=0.3s
[t=2452.8s] rebel  ep198 games=  48 dec=  4257 rows= 16224 cap=0.00 cfgs= 14.2 L=0.01189 old=0.00997 new=0.01096 tgt=-0.112/0.497 pstd=0.333 capv=0.027 lr=1.0e-03 gen=20.5s train=0.2s
[t=2475.8s] rebel  ep199 games=  48 dec=  4556 rows= 17440 cap=0.00 cfgs= 15.4 L=0.01223 old=0.01088 new=0.01009 tgt=-0.170/0.585 pstd=0.332 capv=0.026 lr=1.0e-03 gen=22.7s train=0.2s
[t=2498.6s] rebel  ep200 games=  48 dec=  5230 rows= 19944 cap=0.04 cfgs= 13.6 L=0.01109 old=0.01745 new=0.01115 tgt=-0.118/0.555 pstd=0.330 capv=0.026 lr=1.0e-03 gen=22.4s train=0.3s
[t=2520.2s] rebel  ep201 games=  48 dec=  4735 rows= 18136 cap=0.04 cfgs= 13.2 L=0.01255 old=0.01223 new=0.00979 tgt=-0.095/0.488 pstd=0.330 capv=0.026 lr=1.0e-03 gen=21.3s train=0.2s
[t=2539.6s] rebel  ep202 games=  48 dec=  4166 rows= 15928 cap=0.02 cfgs= 13.2 L=0.01220 old=0.01297 new=0.00939 tgt=-0.057/0.504 pstd=0.331 capv=0.026 lr=1.0e-03 gen=19.2s train=0.2s
[t=2561.7s] rebel  ep203 games=  48 dec=  4562 rows= 17488 cap=0.04 cfgs= 13.7 L=0.01161 old=0.01140 new=0.01022 tgt=-0.097/0.537 pstd=0.329 capv=0.026 lr=1.0e-03 gen=21.7s train=0.2s
[t=2583.9s] rebel  ep204 games=  48 dec=  4398 rows= 16688 cap=0.02 cfgs= 14.5 L=0.01191 old=0.00969 new=0.01043 tgt=-0.074/0.473 pstd=0.335 capv=0.026 lr=1.0e-03 gen=21.9s train=0.2s
[t=2606.8s] rebel  ep205 games=  48 dec=  5017 rows= 19272 cap=0.02 cfgs= 12.5 L=0.01188 old=0.01096 new=0.01141 tgt=-0.149/0.551 pstd=0.324 capv=0.026 lr=1.0e-03 gen=22.5s train=0.3s
[t=2629.3s] rebel  ep206 games=  48 dec=  4794 rows= 18264 cap=0.00 cfgs= 14.3 L=0.01226 old=0.01237 new=0.01093 tgt=-0.161/0.547 pstd=0.334 capv=0.025 lr=1.0e-03 gen=22.2s train=0.3s
[t=2649.5s] rebel  ep207 games=  48 dec=  4366 rows= 16680 cap=0.00 cfgs= 13.2 L=0.01128 old=0.01191 new=0.01060 tgt=-0.077/0.503 pstd=0.335 capv=0.025 lr=1.0e-03 gen=19.9s train=0.2s
[t=2671.1s] rebel  ep208 games=  48 dec=  4073 rows= 15512 cap=0.00 cfgs= 15.7 L=0.01135 old=0.01155 new=0.00976 tgt=-0.099/0.496 pstd=0.333 capv=0.025 lr=1.0e-03 gen=21.3s train=0.2s
[t=2692.5s] rebel  ep209 games=  48 dec=  4882 rows= 18704 cap=0.02 cfgs= 13.7 L=0.01171 old=0.00956 new=0.01111 tgt=-0.176/0.551 pstd=0.325 capv=0.025 lr=1.0e-03 gen=21.0s train=0.3s
[t=2714.6s] rebel  ep210 games=  48 dec=  4457 rows= 16960 cap=0.02 cfgs= 15.1 L=0.01237 old=0.01231 new=0.00969 tgt=-0.197/0.546 pstd=0.332 capv=0.025 lr=1.0e-03 gen=21.8s train=0.2s
[t=2735.1s] rebel  ep211 games=  48 dec=  4128 rows= 15688 cap=0.00 cfgs= 13.6 L=0.01149 old=0.00909 new=0.00999 tgt=-0.044/0.507 pstd=0.330 capv=0.025 lr=1.0e-03 gen=20.2s train=0.2s
[t=2756.5s] rebel  ep212 games=  48 dec=  4628 rows= 17608 cap=0.02 cfgs= 14.0 L=0.01153 old=0.01008 new=0.01007 tgt=-0.131/0.553 pstd=0.322 capv=0.025 lr=1.0e-03 gen=21.1s train=0.2s
[t=2778.1s] rebel  ep213 games=  48 dec=  4591 rows= 17560 cap=0.02 cfgs= 13.9 L=0.01130 old=0.01163 new=0.00927 tgt=-0.079/0.483 pstd=0.327 capv=0.025 lr=1.0e-03 gen=21.3s train=0.3s
[t=2798.8s] rebel  ep214 games=  48 dec=  4423 rows= 16864 cap=0.00 cfgs= 13.2 L=0.01218 old=0.01408 new=0.01613 tgt=-0.104/0.497 pstd=0.330 capv=0.024 lr=1.0e-03 gen=20.4s train=0.2s
[t=2821.3s] rebel  ep215 games=  48 dec=  5034 rows= 19280 cap=0.02 cfgs= 12.7 L=0.01251 old=0.01001 new=0.01189 tgt=-0.129/0.530 pstd=0.334 capv=0.024 lr=1.0e-03 gen=22.1s train=0.3s
[t=2841.7s] rebel  ep216 games=  48 dec=  4432 rows= 16928 cap=0.00 cfgs= 12.8 L=0.01150 old=0.01346 new=0.00850 tgt=-0.101/0.522 pstd=0.333 capv=0.024 lr=1.0e-03 gen=20.1s train=0.2s
[t=2862.7s] rebel  ep217 games=  48 dec=  4858 rows= 18512 cap=0.02 cfgs= 12.9 L=0.01121 old=0.00998 new=0.00905 tgt=-0.106/0.523 pstd=0.325 capv=0.024 lr=1.0e-03 gen=20.7s train=0.2s
[t=2885.2s] rebel  ep218 games=  48 dec=  4921 rows= 18840 cap=0.02 cfgs= 12.6 L=0.01077 old=0.00971 new=0.01102 tgt=-0.092/0.523 pstd=0.330 capv=0.024 lr=1.0e-03 gen=22.1s train=0.2s
[t=2905.3s] rebel  ep219 games=  48 dec=  4239 rows= 16152 cap=0.00 cfgs= 13.9 L=0.01187 old=0.01380 new=0.01060 tgt=-0.104/0.500 pstd=0.341 capv=0.024 lr=1.0e-03 gen=19.8s train=0.2s
[t=2927.7s] rebel  ep220 games=  48 dec=  4604 rows= 17576 cap=0.00 cfgs= 13.4 L=0.01074 old=0.01062 new=0.01109 tgt=-0.037/0.556 pstd=0.327 capv=0.024 lr=1.0e-03 gen=22.1s train=0.2s
[t=2947.6s] rebel  ep221 games=  48 dec=  4309 rows= 16416 cap=0.02 cfgs= 13.4 L=0.01190 old=0.01098 new=0.01183 tgt=-0.064/0.442 pstd=0.334 capv=0.023 lr=1.0e-03 gen=19.6s train=0.2s
[t=2969.3s] rebel  ep222 games=  48 dec=  4722 rows= 18008 cap=0.04 cfgs= 12.6 L=0.01180 old=0.01187 new=0.01191 tgt=-0.096/0.484 pstd=0.341 capv=0.023 lr=1.0e-03 gen=21.4s train=0.2s
[t=2991.4s] rebel  ep223 games=  48 dec=  5220 rows= 19936 cap=0.06 cfgs= 12.1 L=0.01189 old=0.00936 new=0.00984 tgt=-0.087/0.545 pstd=0.335 capv=0.023 lr=1.0e-03 gen=21.8s train=0.3s
[t=3013.7s] rebel  ep224 games=  48 dec=  4676 rows= 17888 cap=0.02 cfgs= 15.6 L=0.01190 old=0.00999 new=0.00934 tgt=-0.174/0.557 pstd=0.332 capv=0.023 lr=1.0e-03 gen=22.0s train=0.3s
[t=3033.8s] rebel  ep225 games=  48 dec=  4514 rows= 17248 cap=0.02 cfgs= 13.4 L=0.01144 old=0.01042 new=0.01165 tgt=-0.130/0.523 pstd=0.331 capv=0.023 lr=1.0e-03 gen=19.8s train=0.2s
[t=3054.2s] rebel  ep226 games=  48 dec=  4152 rows= 15912 cap=0.02 cfgs= 14.3 L=0.01150 old=0.01027 new=0.01435 tgt=-0.064/0.427 pstd=0.335 capv=0.023 lr=1.0e-03 gen=20.1s train=0.2s
[t=3076.9s] rebel  ep227 games=  48 dec=  5005 rows= 19152 cap=0.00 cfgs= 15.0 L=0.01250 old=0.01353 new=0.01123 tgt=-0.220/0.573 pstd=0.328 capv=0.023 lr=1.0e-03 gen=22.4s train=0.3s
[t=3097.7s] rebel  ep228 games=  48 dec=  4246 rows= 16168 cap=0.00 cfgs= 13.9 L=0.01249 old=0.00998 new=0.00867 tgt=-0.079/0.517 pstd=0.332 capv=0.023 lr=1.0e-03 gen=20.5s train=0.2s
[t=3117.3s] rebel  ep229 games=  48 dec=  4277 rows= 16360 cap=0.02 cfgs= 12.4 L=0.01221 old=0.01105 new=0.01016 tgt=-0.098/0.465 pstd=0.332 capv=0.022 lr=1.0e-03 gen=19.4s train=0.2s
[t=3136.6s] rebel  ep230 games=  48 dec=  4144 rows= 15808 cap=0.00 cfgs= 12.9 L=0.01113 old=0.01006 new=0.01195 tgt=-0.066/0.469 pstd=0.332 capv=0.022 lr=1.0e-03 gen=19.0s train=0.2s
[t=3157.9s] rebel  ep231 games=  48 dec=  4366 rows= 16632 cap=0.00 cfgs= 14.0 L=0.01128 old=0.01011 new=0.01100 tgt=-0.098/0.542 pstd=0.346 capv=0.022 lr=1.0e-03 gen=21.0s train=0.2s
[t=3178.5s] rebel  ep232 games=  48 dec=  4691 rows= 17952 cap=0.06 cfgs= 12.3 L=0.01123 old=0.01141 new=0.01071 tgt=-0.057/0.508 pstd=0.338 capv=0.022 lr=1.0e-03 gen=20.3s train=0.2s
[t=3203.2s] rebel  ep233 games=  48 dec=  4903 rows= 18784 cap=0.02 cfgs= 15.1 L=0.01160 old=0.00981 new=0.00950 tgt=-0.128/0.578 pstd=0.341 capv=0.022 lr=1.0e-03 gen=24.4s train=0.2s
[t=3222.9s] rebel  ep234 games=  48 dec=  4163 rows= 15880 cap=0.02 cfgs= 12.5 L=0.01164 old=0.01167 new=0.00919 tgt=-0.062/0.450 pstd=0.342 capv=0.022 lr=1.0e-03 gen=19.4s train=0.2s
[t=3244.2s] rebel  ep235 games=  48 dec=  4234 rows= 16184 cap=0.00 cfgs= 13.2 L=0.01121 old=0.01271 new=0.01085 tgt=-0.111/0.506 pstd=0.335 capv=0.022 lr=1.0e-03 gen=21.0s train=0.2s
[t=3267.3s] rebel  ep236 games=  48 dec=  4919 rows= 18736 cap=0.02 cfgs= 15.8 L=0.01327 old=0.01286 new=0.00950 tgt=-0.221/0.535 pstd=0.341 capv=0.021 lr=1.0e-03 gen=22.7s train=0.2s
[t=3288.9s] rebel  ep237 games=  48 dec=  4955 rows= 18920 cap=0.04 cfgs= 12.4 L=0.01143 old=0.01316 new=0.01164 tgt=-0.077/0.473 pstd=0.341 capv=0.021 lr=1.0e-03 gen=21.3s train=0.2s
[t=3309.1s] rebel  ep238 games=  48 dec=  3791 rows= 14440 cap=0.00 cfgs= 16.0 L=0.01083 old=0.00886 new=0.01114 tgt=-0.164/0.555 pstd=0.342 capv=0.021 lr=1.0e-03 gen=19.9s train=0.2s
[t=3328.9s] rebel  ep239 games=  48 dec=  4137 rows= 15736 cap=0.00 cfgs= 12.6 L=0.01159 old=0.01274 new=0.00946 tgt=-0.060/0.454 pstd=0.340 capv=0.021 lr=1.0e-03 gen=19.5s train=0.2s
[t=3352.2s] rebel  ep240 games=  48 dec=  4506 rows= 17224 cap=0.00 cfgs= 14.3 L=0.01149 old=0.01310 new=0.01031 tgt=-0.152/0.548 pstd=0.338 capv=0.021 lr=1.0e-03 gen=23.0s train=0.2s
[t=3372.9s] rebel  ep241 games=  48 dec=  4290 rows= 16400 cap=0.00 cfgs= 12.9 L=0.01221 old=0.00908 new=0.01088 tgt=-0.057/0.471 pstd=0.340 capv=0.021 lr=1.0e-03 gen=20.4s train=0.2s
[t=3393.6s] rebel  ep242 games=  48 dec=  4097 rows= 15616 cap=0.02 cfgs= 14.0 L=0.01138 old=0.00925 new=0.00985 tgt=-0.092/0.463 pstd=0.342 capv=0.021 lr=1.0e-03 gen=20.4s train=0.2s
[t=3416.2s] rebel  ep243 games=  48 dec=  4728 rows= 18040 cap=0.00 cfgs= 13.2 L=0.01107 old=0.01283 new=0.00996 tgt=-0.104/0.509 pstd=0.335 capv=0.021 lr=1.0e-03 gen=22.3s train=0.2s
[t=3438.5s] rebel  ep244 games=  48 dec=  4698 rows= 17880 cap=0.00 cfgs= 13.0 L=0.01150 old=0.01030 new=0.01099 tgt=-0.111/0.488 pstd=0.328 capv=0.020 lr=1.0e-03 gen=21.9s train=0.2s
[t=3459.8s] rebel  ep245 games=  48 dec=  4676 rows= 17736 cap=0.00 cfgs= 13.2 L=0.01138 old=0.00922 new=0.01098 tgt=-0.123/0.541 pstd=0.339 capv=0.020 lr=1.0e-03 gen=21.0s train=0.2s
[t=3480.2s] rebel  ep246 games=  48 dec=  4531 rows= 17304 cap=0.02 cfgs= 13.2 L=0.01107 old=0.01081 new=0.01116 tgt=-0.157/0.531 pstd=0.340 capv=0.020 lr=1.0e-03 gen=20.1s train=0.2s
[t=3502.5s] rebel  ep247 games=  48 dec=  4907 rows= 18712 cap=0.02 cfgs= 12.7 L=0.01241 old=0.01225 new=0.00840 tgt=-0.116/0.505 pstd=0.340 capv=0.020 lr=1.0e-03 gen=22.0s train=0.2s
[t=3524.1s] rebel  ep248 games=  48 dec=  4329 rows= 16568 cap=0.02 cfgs= 12.6 L=0.01158 old=0.01071 new=0.01183 tgt=-0.057/0.488 pstd=0.338 capv=0.020 lr=1.0e-03 gen=21.3s train=0.2s
[t=3545.9s] rebel  ep249 games=  48 dec=  4546 rows= 17336 cap=0.00 cfgs= 14.4 L=0.01192 old=0.01051 new=0.01071 tgt=-0.147/0.545 pstd=0.341 capv=0.020 lr=1.0e-03 gen=21.4s train=0.2s
[t=3568.2s] rebel  ep250 games=  48 dec=  4425 rows= 16880 cap=0.00 cfgs= 14.5 L=0.01046 old=0.01213 new=0.01064 tgt=-0.134/0.520 pstd=0.338 capv=0.020 lr=1.0e-03 gen=22.0s train=0.2s
[t=3587.5s] rebel  ep251 games=  48 dec=  4392 rows= 16592 cap=0.00 cfgs= 12.4 L=0.01097 old=0.01017 new=0.01065 tgt=-0.095/0.491 pstd=0.347 capv=0.019 lr=1.0e-03 gen=19.0s train=0.2s
[t=3609.9s] rebel  ep252 games=  48 dec=  5020 rows= 19216 cap=0.04 cfgs= 13.2 L=0.01182 old=0.01097 new=0.01114 tgt=-0.099/0.538 pstd=0.343 capv=0.019 lr=1.0e-03 gen=22.1s train=0.3s
[t=3632.0s] rebel  ep253 games=  48 dec=  4648 rows= 17800 cap=0.02 cfgs= 13.2 L=0.01107 old=0.00973 new=0.01025 tgt=-0.127/0.532 pstd=0.342 capv=0.019 lr=1.0e-03 gen=21.7s train=0.2s
[t=3654.8s] rebel  ep254 games=  48 dec=  4634 rows= 17760 cap=0.02 cfgs= 13.2 L=0.01172 old=0.00905 new=0.00983 tgt=-0.049/0.465 pstd=0.348 capv=0.019 lr=1.0e-03 gen=22.4s train=0.2s
[t=3676.5s] rebel  ep255 games=  48 dec=  4751 rows= 18200 cap=0.04 cfgs= 12.2 L=0.01161 old=0.01168 new=0.01098 tgt=-0.088/0.500 pstd=0.337 capv=0.019 lr=1.0e-03 gen=21.5s train=0.2s
[t=3697.9s] rebel  ep256 games=  48 dec=  4289 rows= 16368 cap=0.00 cfgs= 13.6 L=0.01128 old=0.00979 new=0.00985 tgt=-0.125/0.478 pstd=0.339 capv=0.019 lr=1.0e-03 gen=21.0s train=0.2s
[t=3721.5s] rebel  ep257 games=  48 dec=  4988 rows= 19048 cap=0.02 cfgs= 14.1 L=0.01132 old=0.01114 new=0.00995 tgt=-0.120/0.565 pstd=0.340 capv=0.019 lr=1.0e-03 gen=23.3s train=0.2s
[t=3744.2s] rebel  ep258 games=  48 dec=  4747 rows= 18112 cap=0.00 cfgs= 13.5 L=0.01196 old=0.01231 new=0.01283 tgt=-0.073/0.478 pstd=0.338 capv=0.018 lr=1.0e-03 gen=22.4s train=0.2s
[t=3766.8s] rebel  ep259 games=  48 dec=  4276 rows= 16344 cap=0.02 cfgs= 15.9 L=0.01173 old=0.01024 new=0.01187 tgt=-0.218/0.536 pstd=0.345 capv=0.018 lr=1.0e-03 gen=22.3s train=0.2s
[t=3790.8s] rebel  ep260 games=  48 dec=  4566 rows= 17520 cap=0.00 cfgs= 17.2 L=0.01154 old=0.01113 new=0.01009 tgt=-0.259/0.588 pstd=0.346 capv=0.018 lr=1.0e-03 gen=23.7s train=0.2s
[t=3811.9s] rebel  ep261 games=  48 dec=  4906 rows= 18776 cap=0.00 cfgs= 12.2 L=0.01153 old=0.00906 new=0.01190 tgt=-0.071/0.540 pstd=0.343 capv=0.018 lr=1.0e-03 gen=20.8s train=0.2s
[t=3832.2s] rebel  ep262 games=  48 dec=  4285 rows= 16248 cap=0.00 cfgs= 13.5 L=0.01277 old=0.01133 new=0.01412 tgt=-0.063/0.467 pstd=0.347 capv=0.018 lr=1.0e-03 gen=20.0s train=0.2s
[t=3852.9s] rebel  ep263 games=  48 dec=  4517 rows= 17232 cap=0.00 cfgs= 12.8 L=0.01250 old=0.01043 new=0.01233 tgt=-0.094/0.515 pstd=0.343 capv=0.018 lr=1.0e-03 gen=20.4s train=0.2s
[t=3875.6s] rebel  ep264 games=  48 dec=  4725 rows= 18056 cap=0.02 cfgs= 12.7 L=0.01164 old=0.00996 new=0.00942 tgt=-0.071/0.460 pstd=0.345 capv=0.018 lr=1.0e-03 gen=22.4s train=0.2s
[t=3899.7s] rebel  ep265 games=  48 dec=  4777 rows= 18288 cap=0.02 cfgs= 15.7 L=0.01152 old=0.01045 new=0.01102 tgt=-0.175/0.553 pstd=0.340 capv=0.018 lr=1.0e-03 gen=23.8s train=0.2s
[t=3922.0s] --- snapshot snap_01.pt (s1) ---
[t=3922.0s] rebel  ep266 games=  48 dec=  4434 rows= 16888 cap=0.00 cfgs= 14.6 L=0.01191 old=0.00982 new=0.00909 tgt=-0.166/0.543 pstd=0.350 capv=0.017 lr=1.0e-03 gen=22.0s train=0.2s
[t=3943.3s] rebel  ep267 games=  48 dec=  4512 rows= 17272 cap=0.00 cfgs= 14.1 L=0.01244 old=0.00828 new=0.01114 tgt=-0.148/0.538 pstd=0.346 capv=0.017 lr=1.0e-03 gen=21.0s train=0.2s
[t=3964.7s] rebel  ep268 games=  48 dec=  4656 rows= 17704 cap=0.00 cfgs= 12.1 L=0.01171 old=0.00992 new=0.00975 tgt=-0.067/0.498 pstd=0.347 capv=0.017 lr=1.0e-03 gen=21.1s train=0.2s
[t=3986.3s] rebel  ep269 games=  48 dec=  4644 rows= 17720 cap=0.00 cfgs= 12.6 L=0.01143 old=0.01117 new=0.01075 tgt=-0.054/0.533 pstd=0.347 capv=0.017 lr=1.0e-03 gen=21.3s train=0.2s
[t=4007.2s] rebel  ep270 games=  48 dec=  4153 rows= 15808 cap=0.00 cfgs= 15.1 L=0.01238 old=0.01140 new=0.01032 tgt=-0.182/0.542 pstd=0.344 capv=0.017 lr=1.0e-03 gen=20.6s train=0.2s
[t=4029.5s] rebel  ep271 games=  48 dec=  4749 rows= 18152 cap=0.02 cfgs= 13.0 L=0.01163 old=0.01042 new=0.01218 tgt=-0.102/0.512 pstd=0.343 capv=0.017 lr=1.0e-03 gen=21.9s train=0.2s
[t=4047.8s] rebel  ep272 games=  48 dec=  4228 rows= 15936 cap=0.00 cfgs= 12.6 L=0.01169 old=0.00974 new=0.01029 tgt=-0.115/0.491 pstd=0.350 capv=0.017 lr=1.0e-03 gen=18.0s train=0.2s
[t=4069.7s] rebel  ep273 games=  48 dec=  4667 rows= 17848 cap=0.02 cfgs= 14.1 L=0.01173 old=0.00852 new=0.01095 tgt=-0.218/0.553 pstd=0.351 capv=0.016 lr=1.0e-03 gen=21.6s train=0.2s
[t=4089.3s] rebel  ep274 games=  48 dec=  4137 rows= 15824 cap=0.02 cfgs= 13.3 L=0.01199 old=0.01022 new=0.01211 tgt=-0.112/0.539 pstd=0.344 capv=0.016 lr=1.0e-03 gen=19.3s train=0.2s
[t=4110.4s] rebel  ep275 games=  48 dec=  4316 rows= 16488 cap=0.00 cfgs= 14.1 L=0.01143 old=0.01207 new=0.01077 tgt=-0.165/0.523 pstd=0.346 capv=0.016 lr=1.0e-03 gen=20.8s train=0.2s
[t=4131.3s] rebel  ep276 games=  48 dec=  4525 rows= 17208 cap=0.00 cfgs= 11.7 L=0.01165 old=0.00999 new=0.01030 tgt=-0.044/0.472 pstd=0.334 capv=0.016 lr=1.0e-03 gen=20.6s train=0.2s
[t=4152.8s] rebel  ep277 games=  48 dec=  4724 rows= 17928 cap=0.00 cfgs= 12.3 L=0.01077 old=0.01089 new=0.00986 tgt=-0.093/0.494 pstd=0.345 capv=0.016 lr=1.0e-03 gen=21.2s train=0.2s
[t=4173.9s] rebel  ep278 games=  48 dec=  4810 rows= 18296 cap=0.04 cfgs= 13.3 L=0.01209 old=0.01164 new=0.01410 tgt=-0.186/0.591 pstd=0.332 capv=0.016 lr=1.0e-03 gen=20.8s train=0.2s
[t=4193.7s] rebel  ep279 games=  48 dec=  4158 rows= 15768 cap=0.00 cfgs= 12.6 L=0.01122 old=0.01061 new=0.01121 tgt=-0.006/0.411 pstd=0.352 capv=0.016 lr=1.0e-03 gen=19.5s train=0.2s
[t=4215.4s] rebel  ep280 games=  48 dec=  4689 rows= 17864 cap=0.04 cfgs= 11.9 L=0.01160 old=0.01025 new=0.01117 tgt=-0.086/0.525 pstd=0.345 capv=0.016 lr=1.0e-03 gen=21.4s train=0.2s
[t=4236.5s] rebel  ep281 games=  48 dec=  4438 rows= 16912 cap=0.02 cfgs= 13.2 L=0.01164 old=0.01256 new=0.01166 tgt=-0.098/0.537 pstd=0.346 capv=0.015 lr=1.0e-03 gen=20.8s train=0.2s
[t=4256.1s] rebel  ep282 games=  48 dec=  4088 rows= 15520 cap=0.00 cfgs= 12.4 L=0.01169 old=0.00947 new=0.00936 tgt=-0.064/0.494 pstd=0.345 capv=0.015 lr=1.0e-03 gen=19.3s train=0.2s
[t=4277.9s] rebel  ep283 games=  48 dec=  4366 rows= 16704 cap=0.00 cfgs= 13.6 L=0.01085 old=0.01221 new=0.01135 tgt=-0.060/0.488 pstd=0.347 capv=0.015 lr=1.0e-03 gen=21.5s train=0.2s
[t=4299.6s] rebel  ep284 games=  48 dec=  4739 rows= 17936 cap=0.00 cfgs= 13.3 L=0.01169 old=0.00895 new=0.01142 tgt=-0.054/0.571 pstd=0.337 capv=0.015 lr=1.0e-03 gen=21.4s train=0.2s
[t=4320.5s] rebel  ep285 games=  48 dec=  4724 rows= 18040 cap=0.02 cfgs= 12.3 L=0.01096 old=0.01095 new=0.00894 tgt=-0.082/0.475 pstd=0.350 capv=0.015 lr=1.0e-03 gen=20.6s train=0.2s
[t=4340.5s] rebel  ep286 games=  48 dec=  4303 rows= 16360 cap=0.00 cfgs= 13.3 L=0.01162 old=0.01065 new=0.01215 tgt=-0.141/0.538 pstd=0.349 capv=0.015 lr=1.0e-03 gen=19.7s train=0.2s
[t=4359.3s] rebel  ep287 games=  48 dec=  4213 rows= 15992 cap=0.00 cfgs= 11.6 L=0.01098 old=0.01012 new=0.01107 tgt=-0.048/0.486 pstd=0.340 capv=0.015 lr=1.0e-03 gen=18.6s train=0.2s
[t=4380.3s] rebel  ep288 games=  48 dec=  4666 rows= 17824 cap=0.02 cfgs= 12.7 L=0.01205 old=0.01038 new=0.01147 tgt=-0.104/0.495 pstd=0.350 capv=0.014 lr=1.0e-03 gen=20.6s train=0.2s
[t=4398.9s] rebel  ep289 games=  48 dec=  4106 rows= 15624 cap=0.00 cfgs= 12.8 L=0.01123 old=0.01012 new=0.01123 tgt=-0.118/0.541 pstd=0.360 capv=0.014 lr=1.0e-03 gen=18.4s train=0.2s
[t=4419.6s] rebel  ep290 games=  48 dec=  4562 rows= 17344 cap=0.02 cfgs= 12.2 L=0.01175 old=0.00959 new=0.01025 tgt=-0.085/0.585 pstd=0.354 capv=0.014 lr=1.0e-03 gen=20.3s train=0.2s
[t=4442.3s] rebel  ep291 games=  48 dec=  4516 rows= 17184 cap=0.00 cfgs= 13.1 L=0.01115 old=0.01055 new=0.01074 tgt=-0.089/0.505 pstd=0.356 capv=0.014 lr=1.0e-03 gen=22.4s train=0.2s
[t=4464.1s] rebel  ep292 games=  48 dec=  4741 rows= 17992 cap=0.02 cfgs= 13.3 L=0.01176 old=0.00897 new=0.01286 tgt=-0.128/0.548 pstd=0.357 capv=0.014 lr=1.0e-03 gen=21.5s train=0.2s
[t=4486.2s] rebel  ep293 games=  48 dec=  4634 rows= 17680 cap=0.02 cfgs= 13.2 L=0.01128 old=0.01182 new=0.01039 tgt=-0.130/0.605 pstd=0.345 capv=0.014 lr=1.0e-03 gen=21.8s train=0.2s
[t=4508.7s] rebel  ep294 games=  48 dec=  4573 rows= 17384 cap=0.00 cfgs= 14.8 L=0.01128 old=0.01056 new=0.01003 tgt=-0.169/0.520 pstd=0.349 capv=0.014 lr=1.0e-03 gen=22.2s train=0.2s
[t=4529.7s] rebel  ep295 games=  48 dec=  4653 rows= 17888 cap=0.02 cfgs= 13.1 L=0.01159 old=0.00852 new=0.01048 tgt=-0.100/0.525 pstd=0.358 capv=0.014 lr=1.0e-03 gen=20.7s train=0.2s
[t=4549.5s] rebel  ep296 games=  48 dec=  4248 rows= 16096 cap=0.00 cfgs= 12.2 L=0.01172 old=0.01254 new=0.01111 tgt=-0.076/0.516 pstd=0.352 capv=0.013 lr=1.0e-03 gen=19.4s train=0.2s
[t=4570.5s] rebel  ep297 games=  48 dec=  4188 rows= 15920 cap=0.00 cfgs= 14.0 L=0.01287 old=0.00954 new=0.01241 tgt=-0.121/0.541 pstd=0.346 capv=0.013 lr=1.0e-03 gen=20.7s train=0.2s
[t=4591.2s] rebel  ep298 games=  48 dec=  4272 rows= 16376 cap=0.00 cfgs= 13.5 L=0.01223 old=0.00925 new=0.01163 tgt=-0.106/0.546 pstd=0.346 capv=0.013 lr=1.0e-03 gen=20.5s train=0.2s
[t=4612.3s] rebel  ep299 games=  48 dec=  4620 rows= 17592 cap=0.00 cfgs= 13.7 L=0.01220 old=0.00973 new=0.01117 tgt=-0.188/0.573 pstd=0.357 capv=0.013 lr=1.0e-03 gen=20.8s train=0.2s
[t=4633.5s] rebel  ep300 games=  48 dec=  4470 rows= 17032 cap=0.02 cfgs= 12.6 L=0.01179 old=0.01054 new=0.01248 tgt=-0.054/0.513 pstd=0.348 capv=0.013 lr=1.0e-03 gen=20.9s train=0.2s
[t=4653.4s] rebel  ep301 games=  48 dec=  3944 rows= 14936 cap=0.00 cfgs= 14.4 L=0.01097 old=0.01017 new=0.01027 tgt=-0.122/0.514 pstd=0.351 capv=0.013 lr=1.0e-03 gen=19.6s train=0.2s
[t=4677.0s] rebel  ep302 games=  48 dec=  4800 rows= 18376 cap=0.00 cfgs= 14.6 L=0.01152 old=0.00963 new=0.01126 tgt=-0.188/0.557 pstd=0.353 capv=0.013 lr=1.0e-03 gen=23.3s train=0.2s
[t=4695.2s] rebel  ep303 games=  48 dec=  3500 rows= 13312 cap=0.00 cfgs= 14.9 L=0.01238 old=0.01046 new=0.01022 tgt=-0.156/0.535 pstd=0.349 capv=0.012 lr=1.0e-03 gen=18.0s train=0.2s
[t=4717.0s] rebel  ep304 games=  48 dec=  4642 rows= 17776 cap=0.00 cfgs= 14.3 L=0.01166 old=0.00990 new=0.00991 tgt=-0.173/0.519 pstd=0.352 capv=0.012 lr=1.0e-03 gen=21.5s train=0.2s
[t=4740.5s] rebel  ep305 games=  48 dec=  4608 rows= 17584 cap=0.00 cfgs= 14.4 L=0.01138 old=0.01048 new=0.00867 tgt=-0.130/0.554 pstd=0.352 capv=0.012 lr=1.0e-03 gen=23.2s train=0.2s
[t=4762.0s] rebel  ep306 games=  48 dec=  4554 rows= 17400 cap=0.00 cfgs= 13.0 L=0.01151 old=0.01411 new=0.00904 tgt=-0.077/0.530 pstd=0.359 capv=0.012 lr=1.0e-03 gen=21.2s train=0.2s
[t=4781.6s] rebel  ep307 games=  48 dec=  4207 rows= 16056 cap=0.00 cfgs= 12.6 L=0.01113 old=0.01031 new=0.01047 tgt=-0.092/0.526 pstd=0.351 capv=0.012 lr=1.0e-03 gen=19.2s train=0.2s
[t=4803.6s] rebel  ep308 games=  48 dec=  4210 rows= 16008 cap=0.00 cfgs= 14.4 L=0.01155 old=0.00851 new=0.01266 tgt=-0.062/0.492 pstd=0.348 capv=0.012 lr=1.0e-03 gen=21.8s train=0.2s
[t=4825.0s] rebel  ep309 games=  48 dec=  4610 rows= 17624 cap=0.02 cfgs= 14.0 L=0.01087 old=0.01120 new=0.01097 tgt=-0.182/0.552 pstd=0.355 capv=0.012 lr=1.0e-03 gen=21.1s train=0.2s
[t=4845.6s] rebel  ep310 games=  48 dec=  4549 rows= 17336 cap=0.02 cfgs= 11.8 L=0.01114 old=0.00934 new=0.01184 tgt=-0.054/0.496 pstd=0.358 capv=0.012 lr=1.0e-03 gen=20.2s train=0.2s
[t=4866.9s] rebel  ep311 games=  48 dec=  4518 rows= 17240 cap=0.02 cfgs= 12.7 L=0.01113 old=0.01020 new=0.00848 tgt=-0.074/0.517 pstd=0.358 capv=0.011 lr=1.0e-03 gen=21.1s train=0.2s
[t=4888.2s] rebel  ep312 games=  48 dec=  4568 rows= 17344 cap=0.00 cfgs= 11.7 L=0.01183 old=0.01136 new=0.01079 tgt=-0.028/0.478 pstd=0.350 capv=0.011 lr=1.0e-03 gen=20.9s train=0.2s
[t=4910.3s] rebel  ep313 games=  48 dec=  4843 rows= 18552 cap=0.00 cfgs= 13.4 L=0.01225 old=0.01298 new=0.01187 tgt=-0.173/0.547 pstd=0.349 capv=0.011 lr=1.0e-03 gen=21.8s train=0.2s
[t=4930.8s] rebel  ep314 games=  48 dec=  4191 rows= 15952 cap=0.00 cfgs= 12.7 L=0.01147 old=0.00868 new=0.01032 tgt=-0.097/0.485 pstd=0.352 capv=0.011 lr=1.0e-03 gen=20.2s train=0.2s
[t=4950.9s] rebel  ep315 games=  48 dec=  4533 rows= 17224 cap=0.00 cfgs= 13.3 L=0.01240 old=0.01048 new=0.01082 tgt=-0.192/0.592 pstd=0.359 capv=0.011 lr=1.0e-03 gen=19.8s train=0.2s
[t=4971.1s] rebel  ep316 games=  48 dec=  4322 rows= 16496 cap=0.00 cfgs= 12.7 L=0.01124 old=0.00901 new=0.01400 tgt=-0.076/0.511 pstd=0.352 capv=0.011 lr=1.0e-03 gen=19.9s train=0.2s
[t=4991.1s] rebel  ep317 games=  48 dec=  4297 rows= 16480 cap=0.00 cfgs= 12.2 L=0.01134 old=0.00938 new=0.00924 tgt=-0.048/0.496 pstd=0.353 capv=0.011 lr=1.0e-03 gen=19.8s train=0.2s
[t=5012.1s] rebel  ep318 games=  48 dec=  4445 rows= 17000 cap=0.00 cfgs= 13.7 L=0.01123 old=0.00909 new=0.01038 tgt=-0.166/0.556 pstd=0.357 capv=0.010 lr=1.0e-03 gen=20.7s train=0.2s
[t=5034.2s] rebel  ep319 games=  48 dec=  5084 rows= 19392 cap=0.04 cfgs= 10.7 L=0.01146 old=0.00857 new=0.01029 tgt=-0.048/0.540 pstd=0.349 capv=0.010 lr=1.0e-03 gen=21.7s train=0.3s
[t=5055.1s] rebel  ep320 games=  48 dec=  4428 rows= 16880 cap=0.02 cfgs= 12.9 L=0.01107 old=0.00961 new=0.01006 tgt=-0.077/0.516 pstd=0.357 capv=0.010 lr=1.0e-03 gen=20.7s train=0.2s
[t=5076.7s] rebel  ep321 games=  48 dec=  4455 rows= 17040 cap=0.00 cfgs= 12.6 L=0.01143 old=0.01158 new=0.01203 tgt=-0.047/0.485 pstd=0.366 capv=0.010 lr=1.0e-03 gen=21.3s train=0.2s
[t=5098.2s] rebel  ep322 games=  48 dec=  4760 rows= 18224 cap=0.02 cfgs= 11.5 L=0.01146 old=0.01067 new=0.01493 tgt=-0.044/0.530 pstd=0.349 capv=0.010 lr=1.0e-03 gen=21.2s train=0.2s
[t=5119.9s] rebel  ep323 games=  48 dec=  4348 rows= 16520 cap=0.02 cfgs= 14.3 L=0.01223 old=0.00968 new=0.01156 tgt=-0.103/0.510 pstd=0.352 capv=0.010 lr=1.0e-03 gen=21.5s train=0.2s
[t=5142.3s] rebel  ep324 games=  48 dec=  4319 rows= 16432 cap=0.00 cfgs= 14.3 L=0.01184 old=0.00874 new=0.01232 tgt=-0.119/0.519 pstd=0.356 capv=0.010 lr=1.0e-03 gen=22.1s train=0.2s
[t=5164.6s] rebel  ep325 games=  48 dec=  4473 rows= 17080 cap=0.02 cfgs= 13.5 L=0.01189 old=0.01136 new=0.01012 tgt=-0.066/0.493 pstd=0.355 capv=0.010 lr=1.0e-03 gen=21.9s train=0.2s
[t=5186.5s] rebel  ep326 games=  48 dec=  4564 rows= 17456 cap=0.02 cfgs= 15.6 L=0.01140 old=0.01017 new=0.00937 tgt=-0.306/0.590 pstd=0.359 capv=0.009 lr=1.0e-03 gen=21.7s train=0.2s
[t=5207.4s] rebel  ep327 games=  48 dec=  4214 rows= 15960 cap=0.00 cfgs= 13.4 L=0.01092 old=0.01300 new=0.01144 tgt=-0.137/0.504 pstd=0.351 capv=0.009 lr=1.0e-03 gen=20.6s train=0.2s
[t=5230.0s] rebel  ep328 games=  48 dec=  4529 rows= 17288 cap=0.00 cfgs= 15.2 L=0.01149 old=0.00994 new=0.01218 tgt=-0.177/0.538 pstd=0.362 capv=0.009 lr=1.0e-03 gen=22.3s train=0.2s
[t=5253.4s] rebel  ep329 games=  48 dec=  4473 rows= 17056 cap=0.00 cfgs= 16.8 L=0.01173 old=0.01175 new=0.01129 tgt=-0.259/0.621 pstd=0.359 capv=0.009 lr=1.0e-03 gen=23.1s train=0.2s
[t=5274.9s] rebel  ep330 games=  48 dec=  4516 rows= 17248 cap=0.02 cfgs= 14.5 L=0.01220 old=0.01240 new=0.01388 tgt=-0.230/0.565 pstd=0.357 capv=0.009 lr=1.0e-03 gen=21.2s train=0.2s
[t=5295.0s] rebel  ep331 games=  48 dec=  4442 rows= 16936 cap=0.00 cfgs= 11.9 L=0.01197 old=0.01266 new=0.01036 tgt=-0.038/0.524 pstd=0.355 capv=0.009 lr=1.0e-03 gen=19.8s train=0.2s
[t=5316.0s] rebel  ep332 games=  48 dec=  4532 rows= 17424 cap=0.02 cfgs= 11.5 L=0.01075 old=0.00964 new=0.01317 tgt=-0.013/0.490 pstd=0.361 capv=0.009 lr=1.0e-03 gen=20.7s train=0.2s
[t=5337.0s] rebel  ep333 games=  48 dec=  4863 rows= 18528 cap=0.00 cfgs= 11.2 L=0.01093 old=0.01059 new=0.01311 tgt=-0.099/0.513 pstd=0.363 capv=0.008 lr=1.0e-03 gen=20.7s train=0.2s
[t=5360.3s] rebel  ep334 games=  48 dec=  4569 rows= 17400 cap=0.00 cfgs= 14.3 L=0.01117 old=0.01139 new=0.01065 tgt=-0.171/0.550 pstd=0.366 capv=0.008 lr=1.0e-03 gen=23.0s train=0.2s
[t=5384.9s] rebel  ep335 games=  48 dec=  4837 rows= 18464 cap=0.00 cfgs= 13.8 L=0.01062 old=0.01292 new=0.01127 tgt=-0.138/0.549 pstd=0.364 capv=0.008 lr=1.0e-03 gen=24.3s train=0.2s
[t=5408.0s] rebel  ep336 games=  48 dec=  5242 rows= 20064 cap=0.08 cfgs= 12.3 L=0.01156 old=0.00989 new=0.01088 tgt=-0.090/0.553 pstd=0.360 capv=0.008 lr=1.0e-03 gen=22.8s train=0.3s
[t=5429.8s] rebel  ep337 games=  48 dec=  4404 rows= 16816 cap=0.02 cfgs= 14.2 L=0.01159 old=0.01087 new=0.00987 tgt=-0.156/0.589 pstd=0.357 capv=0.008 lr=1.0e-03 gen=21.5s train=0.2s
[t=5451.8s] rebel  ep338 games=  48 dec=  4626 rows= 17736 cap=0.02 cfgs= 13.7 L=0.01227 old=0.01146 new=0.01200 tgt=-0.158/0.587 pstd=0.366 capv=0.008 lr=1.0e-03 gen=21.7s train=0.2s
[t=5473.1s] rebel  ep339 games=  48 dec=  4403 rows= 16784 cap=0.00 cfgs= 13.7 L=0.01130 old=0.01219 new=0.01207 tgt=-0.145/0.539 pstd=0.362 capv=0.008 lr=1.0e-03 gen=21.0s train=0.2s
[t=5496.5s] rebel  ep340 games=  48 dec=  4943 rows= 18848 cap=0.00 cfgs= 13.0 L=0.01089 old=0.01124 new=0.01208 tgt=-0.064/0.464 pstd=0.365 capv=0.007 lr=1.0e-03 gen=23.1s train=0.2s
[t=5517.0s] rebel  ep341 games=  48 dec=  4585 rows= 17488 cap=0.00 cfgs= 13.3 L=0.01212 old=0.01052 new=0.01024 tgt=-0.019/0.578 pstd=0.353 capv=0.007 lr=1.0e-03 gen=20.2s train=0.2s
[t=5537.6s] rebel  ep342 games=  48 dec=  4152 rows= 15768 cap=0.00 cfgs= 13.4 L=0.01205 old=0.01045 new=0.01009 tgt=-0.093/0.492 pstd=0.360 capv=0.007 lr=1.0e-03 gen=20.3s train=0.2s
[t=5558.6s] rebel  ep343 games=  48 dec=  4588 rows= 17464 cap=0.00 cfgs= 12.1 L=0.01230 old=0.01100 new=0.01293 tgt=-0.067/0.514 pstd=0.362 capv=0.007 lr=1.0e-03 gen=20.7s train=0.2s
[t=5558.6s] --- lr -> 5.00e-04 ---
[t=5582.3s] rebel  ep344 games=  48 dec=  4991 rows= 19056 cap=0.02 cfgs= 14.4 L=0.01229 old=0.01050 new=0.01315 tgt=-0.177/0.595 pstd=0.366 capv=0.007 lr=5.0e-04 gen=23.3s train=0.2s
[t=5603.0s] rebel  ep345 games=  48 dec=  4449 rows= 16976 cap=0.04 cfgs= 12.2 L=0.01142 old=0.01093 new=0.01242 tgt=-0.077/0.497 pstd=0.361 capv=0.007 lr=5.0e-04 gen=20.5s train=0.2s
[t=5624.5s] rebel  ep346 games=  48 dec=  4495 rows= 17120 cap=0.02 cfgs= 13.2 L=0.01171 old=0.01078 new=0.01082 tgt=-0.076/0.513 pstd=0.361 capv=0.007 lr=5.0e-04 gen=21.2s train=0.2s
[t=5645.9s] rebel  ep347 games=  48 dec=  4929 rows= 18864 cap=0.04 cfgs= 11.7 L=0.01116 old=0.01203 new=0.01076 tgt=-0.081/0.538 pstd=0.358 capv=0.007 lr=5.0e-04 gen=21.0s train=0.2s
[t=5666.3s] rebel  ep348 games=  48 dec=  4414 rows= 16792 cap=0.00 cfgs= 12.1 L=0.01091 old=0.00799 new=0.00909 tgt=-0.042/0.481 pstd=0.361 capv=0.006 lr=5.0e-04 gen=20.2s train=0.2s
[t=5686.8s] rebel  ep349 games=  48 dec=  4627 rows= 17648 cap=0.00 cfgs= 12.6 L=0.01084 old=0.00914 new=0.01257 tgt=-0.107/0.531 pstd=0.365 capv=0.006 lr=5.0e-04 gen=20.1s train=0.2s
[t=5707.2s] rebel  ep350 games=  48 dec=  4542 rows= 17312 cap=0.00 cfgs= 12.1 L=0.01157 old=0.01099 new=0.01036 tgt=-0.084/0.492 pstd=0.361 capv=0.006 lr=5.0e-04 gen=20.1s train=0.2s
[t=5727.9s] rebel  ep351 games=  48 dec=  4175 rows= 15880 cap=0.00 cfgs= 13.8 L=0.01102 old=0.01075 new=0.00940 tgt=-0.049/0.573 pstd=0.363 capv=0.006 lr=5.0e-04 gen=20.4s train=0.2s
[t=5752.5s] rebel  ep352 games=  48 dec=  4809 rows= 18304 cap=0.02 cfgs= 13.0 L=0.01095 old=0.00770 new=0.01006 tgt=-0.061/0.490 pstd=0.364 capv=0.006 lr=5.0e-04 gen=24.3s train=0.2s
[t=5775.8s] rebel  ep353 games=  48 dec=  4713 rows= 17960 cap=0.02 cfgs= 13.8 L=0.01125 old=0.00790 new=0.01315 tgt=-0.097/0.540 pstd=0.360 capv=0.006 lr=5.0e-04 gen=23.0s train=0.2s
[t=5797.3s] rebel  ep354 games=  48 dec=  4856 rows= 18464 cap=0.00 cfgs= 12.8 L=0.01152 old=0.00936 new=0.01167 tgt=-0.160/0.568 pstd=0.364 capv=0.006 lr=5.0e-04 gen=21.2s train=0.2s
[t=5820.1s] rebel  ep355 games=  48 dec=  4410 rows= 16840 cap=0.00 cfgs= 15.5 L=0.01094 old=0.01159 new=0.01211 tgt=-0.212/0.572 pstd=0.364 capv=0.005 lr=5.0e-04 gen=22.5s train=0.2s
[t=5841.3s] rebel  ep356 games=  48 dec=  4774 rows= 18288 cap=0.02 cfgs= 11.6 L=0.01026 old=0.01108 new=0.00914 tgt=-0.035/0.531 pstd=0.360 capv=0.005 lr=5.0e-04 gen=20.9s train=0.2s
[t=5863.3s] rebel  ep357 games=  48 dec=  4674 rows= 17856 cap=0.00 cfgs= 13.1 L=0.01139 old=0.00887 new=0.01005 tgt=-0.137/0.549 pstd=0.365 capv=0.005 lr=5.0e-04 gen=21.7s train=0.2s
[t=5885.0s] rebel  ep358 games=  48 dec=  4341 rows= 16536 cap=0.00 cfgs= 14.1 L=0.01070 old=0.00950 new=0.00872 tgt=-0.088/0.554 pstd=0.364 capv=0.005 lr=5.0e-04 gen=21.4s train=0.2s
[t=5908.0s] rebel  ep359 games=  48 dec=  4468 rows= 16960 cap=0.00 cfgs= 13.0 L=0.01065 old=0.01154 new=0.01258 tgt=-0.074/0.511 pstd=0.363 capv=0.005 lr=5.0e-04 gen=22.7s train=0.2s
[t=5929.0s] rebel  ep360 games=  48 dec=  4814 rows= 18408 cap=0.02 cfgs= 10.9 L=0.01133 old=0.00994 new=0.00980 tgt=-0.048/0.509 pstd=0.368 capv=0.005 lr=5.0e-04 gen=20.7s train=0.2s
[t=5952.5s] rebel  ep361 games=  48 dec=  5512 rows= 21080 cap=0.02 cfgs= 11.7 L=0.01194 old=0.01184 new=0.01154 tgt=-0.120/0.582 pstd=0.365 capv=0.005 lr=5.0e-04 gen=23.1s train=0.3s
[t=5973.6s] rebel  ep362 games=  48 dec=  4756 rows= 18192 cap=0.02 cfgs= 12.9 L=0.01143 old=0.01069 new=0.01019 tgt=-0.127/0.621 pstd=0.365 capv=0.004 lr=5.0e-04 gen=20.8s train=0.2s
[t=5995.1s] rebel  ep363 games=  48 dec=  4568 rows= 17432 cap=0.00 cfgs= 13.1 L=0.01077 old=0.01059 new=0.01102 tgt=-0.144/0.568 pstd=0.361 capv=0.004 lr=5.0e-04 gen=21.2s train=0.2s
[t=6016.7s] rebel  ep364 games=  48 dec=  4698 rows= 17920 cap=0.04 cfgs= 13.0 L=0.01145 old=0.00951 new=0.01161 tgt=-0.083/0.583 pstd=0.359 capv=0.004 lr=5.0e-04 gen=21.3s train=0.2s
[t=6037.8s] rebel  ep365 games=  48 dec=  4369 rows= 16608 cap=0.00 cfgs= 13.7 L=0.01095 old=0.01104 new=0.00983 tgt=-0.109/0.504 pstd=0.366 capv=0.004 lr=5.0e-04 gen=20.8s train=0.2s
[t=6060.0s] rebel  ep366 games=  48 dec=  4913 rows= 18704 cap=0.02 cfgs= 12.3 L=0.01128 old=0.01073 new=0.00961 tgt=-0.078/0.576 pstd=0.363 capv=0.004 lr=5.0e-04 gen=21.9s train=0.2s
[t=6079.5s] rebel  ep367 games=  48 dec=  4107 rows= 15632 cap=0.00 cfgs= 14.7 L=0.01046 old=0.00841 new=0.01067 tgt=-0.182/0.600 pstd=0.363 capv=0.004 lr=5.0e-04 gen=19.2s train=0.2s
[t=6100.6s] rebel  ep368 games=  48 dec=  4785 rows= 18184 cap=0.00 cfgs= 12.4 L=0.01092 old=0.01116 new=0.00851 tgt=-0.117/0.541 pstd=0.370 capv=0.004 lr=5.0e-04 gen=20.8s train=0.2s
[t=6125.5s] rebel  ep369 games=  48 dec=  5097 rows= 19544 cap=0.02 cfgs= 17.9 L=0.01092 old=0.00810 new=0.01186 tgt=-0.347/0.631 pstd=0.369 capv=0.004 lr=5.0e-04 gen=24.5s train=0.3s
[t=6146.4s] rebel  ep370 games=  48 dec=  4767 rows= 18200 cap=0.02 cfgs= 11.2 L=0.01136 old=0.01264 new=0.00817 tgt=-0.061/0.516 pstd=0.360 capv=0.003 lr=5.0e-04 gen=20.5s train=0.2s
[t=6167.4s] rebel  ep371 games=  48 dec=  4438 rows= 16840 cap=0.00 cfgs= 12.5 L=0.01109 old=0.01015 new=0.00996 tgt=-0.063/0.528 pstd=0.358 capv=0.003 lr=5.0e-04 gen=20.7s train=0.2s
[t=6190.3s] rebel  ep372 games=  48 dec=  4427 rows= 16880 cap=0.00 cfgs= 13.7 L=0.01024 old=0.01131 new=0.00810 tgt=-0.136/0.540 pstd=0.366 capv=0.003 lr=5.0e-04 gen=22.6s train=0.2s
[t=6211.1s] rebel  ep373 games=  48 dec=  4545 rows= 17296 cap=0.00 cfgs= 11.8 L=0.01216 old=0.01145 new=0.00892 tgt=-0.058/0.487 pstd=0.368 capv=0.003 lr=5.0e-04 gen=20.6s train=0.2s
[t=6232.4s] rebel  ep374 games=  48 dec=  4505 rows= 17112 cap=0.02 cfgs= 14.0 L=0.01171 old=0.00948 new=0.00966 tgt=-0.116/0.604 pstd=0.359 capv=0.003 lr=5.0e-04 gen=21.0s train=0.2s
[t=6255.0s] rebel  ep375 games=  48 dec=  4398 rows= 16744 cap=0.00 cfgs= 14.3 L=0.01084 old=0.01070 new=0.00977 tgt=-0.150/0.541 pstd=0.362 capv=0.003 lr=5.0e-04 gen=22.3s train=0.2s
[t=6276.6s] rebel  ep376 games=  48 dec=  4256 rows= 16208 cap=0.00 cfgs= 14.0 L=0.01133 old=0.01082 new=0.01133 tgt=-0.096/0.514 pstd=0.372 capv=0.003 lr=5.0e-04 gen=21.3s train=0.2s
[t=6299.9s] rebel  ep377 games=  48 dec=  4657 rows= 17776 cap=0.00 cfgs= 16.5 L=0.01121 old=0.01221 new=0.01070 tgt=-0.130/0.640 pstd=0.367 capv=0.002 lr=5.0e-04 gen=22.9s train=0.2s
[t=6320.7s] rebel  ep378 games=  48 dec=  4599 rows= 17552 cap=0.02 cfgs= 11.5 L=0.01108 old=0.01047 new=0.01069 tgt=-0.070/0.516 pstd=0.365 capv=0.002 lr=5.0e-04 gen=20.5s train=0.2s
[t=6343.0s] rebel  ep379 games=  48 dec=  4707 rows= 17968 cap=0.00 cfgs= 12.8 L=0.01162 old=0.01009 new=0.01039 tgt=-0.064/0.499 pstd=0.363 capv=0.002 lr=5.0e-04 gen=22.0s train=0.2s
[t=6362.9s] rebel  ep380 games=  48 dec=  4068 rows= 15424 cap=0.00 cfgs= 12.7 L=0.01182 old=0.01049 new=0.00928 tgt=-0.059/0.470 pstd=0.371 capv=0.002 lr=5.0e-04 gen=19.6s train=0.2s
[t=6385.2s] rebel  ep381 games=  48 dec=  4552 rows= 17352 cap=0.00 cfgs= 13.7 L=0.01103 old=0.00891 new=0.01000 tgt=-0.152/0.566 pstd=0.364 capv=0.002 lr=5.0e-04 gen=22.0s train=0.2s
[t=6407.5s] rebel  ep382 games=  48 dec=  4615 rows= 17576 cap=0.00 cfgs= 13.8 L=0.01043 old=0.01082 new=0.00890 tgt=-0.109/0.582 pstd=0.362 capv=0.002 lr=5.0e-04 gen=22.0s train=0.2s
[t=6429.9s] rebel  ep383 games=  48 dec=  4666 rows= 17784 cap=0.00 cfgs= 13.0 L=0.01147 old=0.01016 new=0.01263 tgt=-0.070/0.541 pstd=0.363 capv=0.002 lr=5.0e-04 gen=22.1s train=0.2s
[t=6454.0s] rebel  ep384 games=  48 dec=  4762 rows= 18176 cap=0.00 cfgs= 14.9 L=0.01177 old=0.01006 new=0.00906 tgt=-0.200/0.558 pstd=0.365 capv=0.001 lr=5.0e-04 gen=23.8s train=0.2s
[t=6473.5s] rebel  ep385 games=  48 dec=  4576 rows= 17424 cap=0.02 cfgs= 11.0 L=0.01083 old=0.00995 new=0.00953 tgt=-0.074/0.560 pstd=0.363 capv=0.001 lr=5.0e-04 gen=19.1s train=0.2s
[t=6496.6s] rebel  ep386 games=  48 dec=  4878 rows= 18528 cap=0.00 cfgs= 12.3 L=0.01160 old=0.00944 new=0.01130 tgt=-0.102/0.538 pstd=0.365 capv=0.001 lr=5.0e-04 gen=22.8s train=0.2s
[t=6519.2s] rebel  ep387 games=  48 dec=  4919 rows= 18648 cap=0.04 cfgs= 14.0 L=0.01078 old=0.00858 new=0.00759 tgt=-0.166/0.587 pstd=0.366 capv=0.001 lr=5.0e-04 gen=22.3s train=0.2s
[t=6541.9s] rebel  ep388 games=  48 dec=  4757 rows= 18184 cap=0.00 cfgs= 12.8 L=0.01062 old=0.00910 new=0.00959 tgt=-0.085/0.538 pstd=0.362 capv=0.001 lr=5.0e-04 gen=22.4s train=0.2s
[t=6564.5s] rebel  ep389 games=  48 dec=  4638 rows= 17672 cap=0.02 cfgs= 13.8 L=0.01099 old=0.01062 new=0.01078 tgt=-0.099/0.576 pstd=0.366 capv=0.001 lr=5.0e-04 gen=22.2s train=0.2s
[t=6587.4s] rebel  ep390 games=  48 dec=  5066 rows= 19352 cap=0.00 cfgs= 11.7 L=0.01111 old=0.01235 new=0.01074 tgt=-0.042/0.534 pstd=0.365 capv=0.001 lr=5.0e-04 gen=22.6s train=0.3s
[t=6609.1s] rebel  ep391 games=  48 dec=  4362 rows= 16584 cap=0.00 cfgs= 13.4 L=0.01150 old=0.00888 new=0.01116 tgt=-0.079/0.536 pstd=0.363 capv=0.000 lr=5.0e-04 gen=21.4s train=0.2s
[t=6631.2s] rebel  ep392 games=  48 dec=  4514 rows= 17200 cap=0.00 cfgs= 12.4 L=0.01103 old=0.00958 new=0.01064 tgt=-0.074/0.490 pstd=0.370 capv=0.000 lr=5.0e-04 gen=21.8s train=0.2s
[t=6652.6s] rebel  ep393 games=  48 dec=  4960 rows= 18928 cap=0.02 cfgs= 10.8 L=0.01053 old=0.01027 new=0.01052 tgt=-0.069/0.528 pstd=0.366 capv=0.000 lr=5.0e-04 gen=21.1s train=0.2s
[t=6674.4s] rebel  ep394 games=  48 dec=  4986 rows= 18936 cap=0.00 cfgs= 11.6 L=0.01174 old=0.01101 new=0.01111 tgt=-0.056/0.558 pstd=0.365 capv=0.000 lr=5.0e-04 gen=21.5s train=0.2s
[t=6697.1s] rebel  ep395 games=  48 dec=  5000 rows= 19120 cap=0.02 cfgs= 12.4 L=0.01124 old=0.00774 new=0.00973 tgt=-0.114/0.540 pstd=0.361 capv=0.000 lr=5.0e-04 gen=22.4s train=0.2s
[t=6721.2s] rebel  ep396 games=  48 dec=  5367 rows= 20576 cap=0.00 cfgs= 14.2 L=0.01126 old=0.00978 new=0.00982 tgt=-0.199/0.603 pstd=0.365 capv=0.000 lr=5.0e-04 gen=23.7s train=0.3s
[t=6743.9s] rebel  ep397 games=  48 dec=  4917 rows= 18712 cap=0.00 cfgs= 13.7 L=0.01110 old=0.00971 new=0.01064 tgt=-0.120/0.589 pstd=0.366 capv=0.000 lr=5.0e-04 gen=22.4s train=0.2s
[t=6766.5s] rebel  ep398 games=  48 dec=  5313 rows= 20208 cap=0.04 cfgs= 12.6 L=0.01115 old=0.01262 new=0.00830 tgt=-0.094/0.542 pstd=0.369 capv=0.000 lr=5.0e-04 gen=22.3s train=0.3s
[t=6787.5s] rebel  ep399 games=  48 dec=  4406 rows= 16776 cap=0.00 cfgs= 12.6 L=0.01158 old=0.00994 new=0.01093 tgt=-0.085/0.542 pstd=0.364 capv=0.000 lr=5.0e-04 gen=20.7s train=0.2s
[t=6812.3s] rebel  ep400 games=  48 dec=  4674 rows= 17776 cap=0.00 cfgs= 14.8 L=0.01166 old=0.00988 new=0.00811 tgt=-0.170/0.574 pstd=0.366 capv=0.000 lr=5.0e-04 gen=24.5s train=0.2s
[t=6834.4s] rebel  ep401 games=  48 dec=  4224 rows= 16136 cap=0.00 cfgs= 14.4 L=0.01086 old=0.01032 new=0.01407 tgt=-0.120/0.547 pstd=0.362 capv=0.000 lr=5.0e-04 gen=21.8s train=0.2s
[t=6857.5s] rebel  ep402 games=  48 dec=  5097 rows= 19544 cap=0.00 cfgs= 13.5 L=0.01055 old=0.01106 new=0.01129 tgt=-0.176/0.546 pstd=0.365 capv=0.000 lr=5.0e-04 gen=22.7s train=0.3s
[t=6882.3s] rebel  ep403 games=  48 dec=  5234 rows= 19968 cap=0.02 cfgs= 18.0 L=0.01019 old=0.01013 new=0.01013 tgt=-0.336/0.593 pstd=0.366 capv=0.000 lr=5.0e-04 gen=24.4s train=0.3s
[t=6904.7s] rebel  ep404 games=  48 dec=  4502 rows= 17184 cap=0.00 cfgs= 14.4 L=0.01135 old=0.01035 new=0.01142 tgt=-0.165/0.593 pstd=0.369 capv=0.000 lr=5.0e-04 gen=22.1s train=0.2s
[t=6927.5s] rebel  ep405 games=  48 dec=  5156 rows= 19752 cap=0.02 cfgs= 12.8 L=0.01126 old=0.00930 new=0.01013 tgt=-0.141/0.611 pstd=0.372 capv=0.000 lr=5.0e-04 gen=22.4s train=0.3s
[t=6953.0s] rebel  ep406 games=  48 dec=  4828 rows= 18416 cap=0.02 cfgs= 18.8 L=0.01129 old=0.00956 new=0.00992 tgt=-0.322/0.627 pstd=0.366 capv=0.000 lr=5.0e-04 gen=25.2s train=0.2s
[t=6972.9s] rebel  ep407 games=  48 dec=  4458 rows= 17000 cap=0.00 cfgs= 12.4 L=0.01122 old=0.00904 new=0.01139 tgt=-0.095/0.565 pstd=0.369 capv=0.000 lr=5.0e-04 gen=19.5s train=0.2s
[t=6994.3s] rebel  ep408 games=  48 dec=  4353 rows= 16552 cap=0.00 cfgs= 14.6 L=0.01115 old=0.01263 new=0.01003 tgt=-0.124/0.521 pstd=0.370 capv=0.000 lr=5.0e-04 gen=21.1s train=0.2s
[t=7016.9s] rebel  ep409 games=  48 dec=  4828 rows= 18464 cap=0.00 cfgs= 13.2 L=0.01099 old=0.01086 new=0.00945 tgt=-0.098/0.562 pstd=0.369 capv=0.000 lr=5.0e-04 gen=22.3s train=0.2s
[t=7038.2s] rebel  ep410 games=  48 dec=  5186 rows= 19792 cap=0.04 cfgs= 11.2 L=0.01163 old=0.00981 new=0.01199 tgt=-0.054/0.538 pstd=0.371 capv=0.000 lr=5.0e-04 gen=20.9s train=0.3s
[t=7059.3s] rebel  ep411 games=  48 dec=  4769 rows= 18224 cap=0.00 cfgs= 12.7 L=0.01268 old=0.01256 new=0.01230 tgt=-0.145/0.579 pstd=0.365 capv=0.000 lr=5.0e-04 gen=20.8s train=0.2s
[t=7083.7s] rebel  ep412 games=  48 dec=  5098 rows= 19544 cap=0.02 cfgs= 13.6 L=0.01127 old=0.01108 new=0.01178 tgt=-0.144/0.558 pstd=0.363 capv=0.000 lr=5.0e-04 gen=24.0s train=0.3s
[t=7105.2s] rebel  ep413 games=  48 dec=  4394 rows= 16784 cap=0.00 cfgs= 14.0 L=0.01132 old=0.01291 new=0.00797 tgt=-0.095/0.495 pstd=0.375 capv=0.000 lr=5.0e-04 gen=21.3s train=0.2s
[t=7126.7s] rebel  ep414 games=  48 dec=  5015 rows= 19144 cap=0.00 cfgs= 11.8 L=0.01175 old=0.00945 new=0.01014 tgt=-0.034/0.572 pstd=0.365 capv=0.000 lr=5.0e-04 gen=21.1s train=0.3s
[t=7148.5s] rebel  ep415 games=  48 dec=  4737 rows= 18024 cap=0.00 cfgs= 12.0 L=0.01140 old=0.01189 new=0.01029 tgt=-0.047/0.540 pstd=0.367 capv=0.000 lr=5.0e-04 gen=21.5s train=0.2s
[t=7169.2s] rebel  ep416 games=  48 dec=  4616 rows= 17560 cap=0.00 cfgs= 13.1 L=0.01096 old=0.00980 new=0.00925 tgt=-0.083/0.562 pstd=0.367 capv=0.000 lr=5.0e-04 gen=20.4s train=0.2s
[t=7190.3s] rebel  ep417 games=  48 dec=  4730 rows= 17944 cap=0.00 cfgs= 12.9 L=0.01138 old=0.00990 new=0.01245 tgt=-0.137/0.576 pstd=0.367 capv=0.000 lr=5.0e-04 gen=20.8s train=0.2s
[t=7211.4s] rebel  ep418 games=  48 dec=  4433 rows= 16848 cap=0.02 cfgs= 13.2 L=0.01138 old=0.01272 new=0.01062 tgt=-0.109/0.580 pstd=0.375 capv=0.000 lr=5.0e-04 gen=20.7s train=0.2s
[t=7235.3s] rebel  ep419 games=  48 dec=  4902 rows= 18736 cap=0.00 cfgs= 14.3 L=0.01083 old=0.01039 new=0.01122 tgt=-0.217/0.608 pstd=0.367 capv=0.000 lr=5.0e-04 gen=23.6s train=0.2s
[t=7257.7s] rebel  ep420 games=  48 dec=  4645 rows= 17672 cap=0.00 cfgs= 13.0 L=0.01112 old=0.01035 new=0.00966 tgt=-0.091/0.508 pstd=0.368 capv=0.000 lr=5.0e-04 gen=22.1s train=0.2s
[t=7281.1s] rebel  ep421 games=  48 dec=  4728 rows= 18024 cap=0.00 cfgs= 15.9 L=0.01106 old=0.00980 new=0.01077 tgt=-0.215/0.637 pstd=0.373 capv=0.000 lr=5.0e-04 gen=23.1s train=0.2s
[t=7302.9s] rebel  ep422 games=  48 dec=  5028 rows= 19160 cap=0.02 cfgs= 12.3 L=0.01067 old=0.01054 new=0.01116 tgt=-0.075/0.556 pstd=0.370 capv=0.000 lr=5.0e-04 gen=21.5s train=0.3s
[t=7324.3s] rebel  ep423 games=  48 dec=  4334 rows= 16504 cap=0.00 cfgs= 13.4 L=0.01099 old=0.01075 new=0.00866 tgt=-0.102/0.555 pstd=0.374 capv=0.000 lr=5.0e-04 gen=21.1s train=0.2s
[t=7347.4s] rebel  ep424 games=  48 dec=  4948 rows= 18896 cap=0.02 cfgs= 14.0 L=0.01155 old=0.01192 new=0.01204 tgt=-0.153/0.574 pstd=0.373 capv=0.000 lr=5.0e-04 gen=22.8s train=0.2s
[t=7369.0s] rebel  ep425 games=  48 dec=  4813 rows= 18288 cap=0.00 cfgs= 12.5 L=0.01122 old=0.01281 new=0.00973 tgt=-0.072/0.551 pstd=0.373 capv=0.000 lr=5.0e-04 gen=21.2s train=0.2s
[t=7390.9s] rebel  ep426 games=  48 dec=  4755 rows= 18144 cap=0.02 cfgs= 13.3 L=0.01115 old=0.01211 new=0.01125 tgt=-0.135/0.574 pstd=0.371 capv=0.000 lr=5.0e-04 gen=21.6s train=0.2s
[t=7413.8s] rebel  ep427 games=  48 dec=  4316 rows= 16464 cap=0.00 cfgs= 17.3 L=0.01176 old=0.01024 new=0.01163 tgt=-0.263/0.608 pstd=0.376 capv=0.000 lr=5.0e-04 gen=22.6s train=0.2s
[t=7436.2s] rebel  ep428 games=  48 dec=  4722 rows= 17992 cap=0.00 cfgs= 14.3 L=0.01162 old=0.01033 new=0.01239 tgt=-0.193/0.600 pstd=0.370 capv=0.000 lr=5.0e-04 gen=22.0s train=0.2s
[t=7456.7s] rebel  ep429 games=  48 dec=  4779 rows= 18248 cap=0.00 cfgs= 11.3 L=0.01030 old=0.01000 new=0.01130 tgt=-0.080/0.525 pstd=0.372 capv=0.000 lr=5.0e-04 gen=20.2s train=0.2s
[t=7480.3s] rebel  ep430 games=  48 dec=  4561 rows= 17384 cap=0.00 cfgs= 13.1 L=0.01076 old=0.01113 new=0.01138 tgt=-0.048/0.537 pstd=0.374 capv=0.000 lr=5.0e-04 gen=23.3s train=0.2s
[t=7502.9s] rebel  ep431 games=  48 dec=  5152 rows= 19624 cap=0.00 cfgs= 11.8 L=0.01171 old=0.01201 new=0.00959 tgt=-0.057/0.512 pstd=0.375 capv=0.000 lr=5.0e-04 gen=22.2s train=0.3s
[t=7525.0s] --- snapshot snap_02.pt (s2) ---
[t=7525.0s] rebel  ep432 games=  48 dec=  4981 rows= 19056 cap=0.04 cfgs= 12.1 L=0.01094 old=0.01010 new=0.01145 tgt=-0.074/0.529 pstd=0.376 capv=0.000 lr=5.0e-04 gen=21.9s train=0.2s
[t=7547.2s] rebel  ep433 games=  48 dec=  4851 rows= 18576 cap=0.00 cfgs= 12.5 L=0.01092 old=0.01184 new=0.00914 tgt=-0.105/0.595 pstd=0.376 capv=0.000 lr=5.0e-04 gen=21.8s train=0.2s
[t=7569.5s] rebel  ep434 games=  48 dec=  4869 rows= 18520 cap=0.02 cfgs= 11.9 L=0.01105 old=0.00856 new=0.00924 tgt=-0.058/0.532 pstd=0.375 capv=0.000 lr=5.0e-04 gen=22.0s train=0.2s
[t=7592.6s] rebel  ep435 games=  48 dec=  4987 rows= 19024 cap=0.02 cfgs= 13.2 L=0.01096 old=0.00993 new=0.01040 tgt=-0.117/0.575 pstd=0.378 capv=0.000 lr=5.0e-04 gen=22.8s train=0.2s
[t=7614.9s] rebel  ep436 games=  48 dec=  4722 rows= 18064 cap=0.00 cfgs= 13.5 L=0.01163 old=0.01275 new=0.01126 tgt=-0.157/0.574 pstd=0.375 capv=0.000 lr=5.0e-04 gen=22.0s train=0.2s
[t=7636.2s] rebel  ep437 games=  48 dec=  4760 rows= 18024 cap=0.00 cfgs= 11.8 L=0.01101 old=0.01105 new=0.01345 tgt=-0.062/0.536 pstd=0.372 capv=0.000 lr=5.0e-04 gen=21.0s train=0.2s
[t=7657.1s] rebel  ep438 games=  48 dec=  4448 rows= 16816 cap=0.00 cfgs= 12.5 L=0.01077 old=0.00923 new=0.01015 tgt=-0.095/0.528 pstd=0.377 capv=0.000 lr=5.0e-04 gen=20.6s train=0.2s
[t=7679.7s] rebel  ep439 games=  48 dec=  5327 rows= 20472 cap=0.08 cfgs= 13.7 L=0.01119 old=0.00883 new=0.01023 tgt=-0.180/0.656 pstd=0.374 capv=0.000 lr=5.0e-04 gen=22.3s train=0.3s
[t=7700.1s] rebel  ep440 games=  48 dec=  5336 rows= 20376 cap=0.06 cfgs= 10.3 L=0.01140 old=0.01059 new=0.00955 tgt=-0.047/0.520 pstd=0.371 capv=0.000 lr=5.0e-04 gen=20.1s train=0.3s
[t=7722.5s] rebel  ep441 games=  48 dec=  4939 rows= 18784 cap=0.02 cfgs= 15.8 L=0.01104 old=0.01022 new=0.01092 tgt=-0.240/0.587 pstd=0.372 capv=0.000 lr=5.0e-04 gen=22.1s train=0.2s
[t=7744.7s] rebel  ep442 games=  48 dec=  4761 rows= 18144 cap=0.02 cfgs= 13.3 L=0.01170 old=0.01074 new=0.01048 tgt=-0.062/0.548 pstd=0.368 capv=0.000 lr=5.0e-04 gen=21.9s train=0.2s
[t=7767.7s] rebel  ep443 games=  48 dec=  4772 rows= 18096 cap=0.00 cfgs= 13.1 L=0.01171 old=0.01105 new=0.01156 tgt=-0.050/0.563 pstd=0.374 capv=0.000 lr=5.0e-04 gen=22.7s train=0.2s
[t=7789.7s] rebel  ep444 games=  48 dec=  4971 rows= 18864 cap=0.02 cfgs= 11.6 L=0.01121 old=0.01135 new=0.01076 tgt=-0.061/0.565 pstd=0.376 capv=0.000 lr=5.0e-04 gen=21.7s train=0.2s
[t=7810.5s] rebel  ep445 games=  48 dec=  4606 rows= 17520 cap=0.00 cfgs= 12.1 L=0.01197 old=0.01072 new=0.01216 tgt=-0.023/0.528 pstd=0.371 capv=0.000 lr=5.0e-04 gen=20.4s train=0.2s
[t=7831.8s] rebel  ep446 games=  48 dec=  4715 rows= 17992 cap=0.02 cfgs= 13.3 L=0.01142 old=0.00964 new=0.00994 tgt=-0.115/0.550 pstd=0.372 capv=0.000 lr=5.0e-04 gen=21.0s train=0.2s
[t=7853.7s] rebel  ep447 games=  48 dec=  4811 rows= 18272 cap=0.00 cfgs= 12.1 L=0.01165 old=0.01052 new=0.01162 tgt=-0.028/0.533 pstd=0.373 capv=0.000 lr=5.0e-04 gen=21.6s train=0.2s
[t=7876.6s] rebel  ep448 games=  48 dec=  5169 rows= 19664 cap=0.02 cfgs= 12.5 L=0.01140 old=0.00977 new=0.00968 tgt=-0.092/0.556 pstd=0.378 capv=0.000 lr=5.0e-04 gen=22.5s train=0.3s
[t=7895.6s] rebel  ep449 games=  48 dec=  4214 rows= 15936 cap=0.00 cfgs= 12.6 L=0.01114 old=0.00943 new=0.01105 tgt=-0.055/0.543 pstd=0.375 capv=0.000 lr=5.0e-04 gen=18.8s train=0.2s
[t=7916.9s] rebel  ep450 games=  48 dec=  4742 rows= 17976 cap=0.00 cfgs= 12.5 L=0.01194 old=0.01432 new=0.01274 tgt=-0.105/0.552 pstd=0.373 capv=0.000 lr=5.0e-04 gen=21.0s train=0.2s
[t=7938.0s] rebel  ep451 games=  48 dec=  4470 rows= 17024 cap=0.00 cfgs= 13.0 L=0.01197 old=0.00999 new=0.00984 tgt=-0.005/0.480 pstd=0.377 capv=0.000 lr=5.0e-04 gen=20.8s train=0.2s
[t=7959.3s] rebel  ep452 games=  48 dec=  4617 rows= 17592 cap=0.00 cfgs= 12.2 L=0.01167 old=0.01059 new=0.00878 tgt=-0.012/0.533 pstd=0.371 capv=0.000 lr=5.0e-04 gen=21.0s train=0.2s
[t=7982.0s] rebel  ep453 games=  48 dec=  4730 rows= 17960 cap=0.02 cfgs= 13.0 L=0.01116 old=0.01071 new=0.01144 tgt=-0.085/0.564 pstd=0.382 capv=0.000 lr=5.0e-04 gen=22.4s train=0.2s
[t=8004.9s] rebel  ep454 games=  48 dec=  4797 rows= 18312 cap=0.02 cfgs= 12.8 L=0.01136 old=0.00969 new=0.01329 tgt=-0.073/0.619 pstd=0.376 capv=0.000 lr=5.0e-04 gen=22.6s train=0.2s
[t=8026.3s] rebel  ep455 games=  48 dec=  4859 rows= 18576 cap=0.04 cfgs= 13.6 L=0.01102 old=0.01166 new=0.01192 tgt=-0.187/0.579 pstd=0.375 capv=0.000 lr=5.0e-04 gen=21.1s train=0.2s
[t=8047.7s] rebel  ep456 games=  48 dec=  4580 rows= 17400 cap=0.00 cfgs= 13.2 L=0.01200 old=0.01196 new=0.01260 tgt=-0.087/0.566 pstd=0.377 capv=0.000 lr=5.0e-04 gen=21.1s train=0.2s
[t=8070.4s] rebel  ep457 games=  48 dec=  5073 rows= 19320 cap=0.02 cfgs= 13.0 L=0.01190 old=0.01180 new=0.01054 tgt=-0.104/0.585 pstd=0.382 capv=0.000 lr=5.0e-04 gen=22.3s train=0.2s
[t=8092.9s] rebel  ep458 games=  48 dec=  4535 rows= 17328 cap=0.00 cfgs= 14.7 L=0.01059 old=0.00831 new=0.01218 tgt=-0.123/0.608 pstd=0.386 capv=0.000 lr=5.0e-04 gen=22.2s train=0.2s
[t=8115.1s] rebel  ep459 games=  48 dec=  5264 rows= 20080 cap=0.04 cfgs= 12.3 L=0.01181 old=0.01013 new=0.01081 tgt=-0.089/0.642 pstd=0.383 capv=0.000 lr=5.0e-04 gen=21.8s train=0.3s
[t=8137.1s] rebel  ep460 games=  48 dec=  4711 rows= 17896 cap=0.00 cfgs= 12.0 L=0.01134 old=0.01282 new=0.00955 tgt=-0.064/0.508 pstd=0.378 capv=0.000 lr=5.0e-04 gen=21.7s train=0.2s
[t=8158.6s] rebel  ep461 games=  48 dec=  4412 rows= 16768 cap=0.00 cfgs= 13.6 L=0.01089 old=0.01071 new=0.01083 tgt=-0.102/0.555 pstd=0.372 capv=0.000 lr=5.0e-04 gen=21.2s train=0.2s
[t=8180.1s] rebel  ep462 games=  48 dec=  4852 rows= 18536 cap=0.00 cfgs= 12.1 L=0.01162 old=0.00933 new=0.01063 tgt=-0.123/0.573 pstd=0.378 capv=0.000 lr=5.0e-04 gen=21.2s train=0.2s
[t=8201.0s] rebel  ep463 games=  48 dec=  4639 rows= 17688 cap=0.00 cfgs= 11.7 L=0.01157 old=0.01029 new=0.01077 tgt=-0.058/0.544 pstd=0.376 capv=0.000 lr=5.0e-04 gen=20.6s train=0.2s
[t=8223.0s] rebel  ep464 games=  48 dec=  4635 rows= 17608 cap=0.00 cfgs= 11.9 L=0.01116 old=0.00964 new=0.01064 tgt=-0.035/0.537 pstd=0.378 capv=0.000 lr=5.0e-04 gen=21.6s train=0.2s
[t=8244.4s] rebel  ep465 games=  48 dec=  4777 rows= 18216 cap=0.02 cfgs= 12.4 L=0.01194 old=0.01167 new=0.01405 tgt=-0.086/0.615 pstd=0.379 capv=0.000 lr=5.0e-04 gen=21.2s train=0.2s
[t=8266.8s] rebel  ep466 games=  48 dec=  4689 rows= 17824 cap=0.02 cfgs= 13.4 L=0.01195 old=0.01152 new=0.01116 tgt=-0.104/0.572 pstd=0.374 capv=0.000 lr=5.0e-04 gen=22.1s train=0.2s
[t=8289.0s] rebel  ep467 games=  48 dec=  4960 rows= 18760 cap=0.00 cfgs= 11.8 L=0.01172 old=0.01066 new=0.01138 tgt=-0.030/0.500 pstd=0.377 capv=0.000 lr=5.0e-04 gen=21.8s train=0.2s
[t=8310.5s] rebel  ep468 games=  48 dec=  4721 rows= 17936 cap=0.00 cfgs= 12.9 L=0.01229 old=0.00987 new=0.01161 tgt=-0.034/0.578 pstd=0.375 capv=0.000 lr=5.0e-04 gen=21.2s train=0.2s
[t=8332.6s] rebel  ep469 games=  48 dec=  4851 rows= 18600 cap=0.00 cfgs= 12.6 L=0.01115 old=0.00986 new=0.01220 tgt=-0.103/0.595 pstd=0.379 capv=0.000 lr=5.0e-04 gen=21.8s train=0.2s
[t=8354.8s] rebel  ep470 games=  48 dec=  4824 rows= 18392 cap=0.02 cfgs= 11.9 L=0.01107 old=0.00859 new=0.01070 tgt=-0.100/0.577 pstd=0.370 capv=0.000 lr=5.0e-04 gen=21.9s train=0.2s
[t=8378.0s] rebel  ep471 games=  48 dec=  5090 rows= 19384 cap=0.00 cfgs= 11.5 L=0.01127 old=0.00983 new=0.01082 tgt=-0.046/0.563 pstd=0.371 capv=0.000 lr=5.0e-04 gen=22.9s train=0.3s
[t=8399.5s] rebel  ep472 games=  48 dec=  5166 rows= 19792 cap=0.02 cfgs= 12.2 L=0.01175 old=0.01103 new=0.01042 tgt=-0.102/0.576 pstd=0.371 capv=0.000 lr=5.0e-04 gen=21.1s train=0.3s
[t=8421.2s] rebel  ep473 games=  48 dec=  4617 rows= 17576 cap=0.00 cfgs= 12.0 L=0.01157 old=0.01026 new=0.01197 tgt=-0.042/0.541 pstd=0.372 capv=0.000 lr=5.0e-04 gen=21.5s train=0.2s
[t=8444.7s] rebel  ep474 games=  48 dec=  5113 rows= 19536 cap=0.04 cfgs= 12.1 L=0.01160 old=0.01056 new=0.01441 tgt=-0.065/0.543 pstd=0.370 capv=0.000 lr=5.0e-04 gen=23.1s train=0.3s
[t=8466.9s] rebel  ep475 games=  48 dec=  5100 rows= 19432 cap=0.02 cfgs= 11.8 L=0.01241 old=0.01221 new=0.01053 tgt=-0.059/0.584 pstd=0.376 capv=0.000 lr=5.0e-04 gen=21.9s train=0.3s
[t=8489.4s] rebel  ep476 games=  48 dec=  4704 rows= 18024 cap=0.00 cfgs= 14.2 L=0.01148 old=0.00882 new=0.01086 tgt=-0.118/0.613 pstd=0.378 capv=0.000 lr=5.0e-04 gen=22.1s train=0.2s
[t=8512.4s] rebel  ep477 games=  48 dec=  4955 rows= 18896 cap=0.02 cfgs= 12.2 L=0.01201 old=0.01044 new=0.01134 tgt=-0.020/0.533 pstd=0.379 capv=0.000 lr=5.0e-04 gen=22.7s train=0.2s
[t=8532.6s] rebel  ep478 games=  48 dec=  4337 rows= 16520 cap=0.00 cfgs= 12.5 L=0.01164 old=0.00999 new=0.01238 tgt=-0.040/0.551 pstd=0.371 capv=0.000 lr=5.0e-04 gen=20.0s train=0.2s
[t=8555.9s] rebel  ep479 games=  48 dec=  5030 rows= 19248 cap=0.00 cfgs= 13.2 L=0.01132 old=0.01049 new=0.01427 tgt=-0.127/0.550 pstd=0.374 capv=0.000 lr=5.0e-04 gen=22.9s train=0.2s
[t=8577.7s] rebel  ep480 games=  48 dec=  5119 rows= 19496 cap=0.02 cfgs= 11.3 L=0.01208 old=0.01234 new=0.01383 tgt=-0.110/0.546 pstd=0.370 capv=0.000 lr=5.0e-04 gen=21.5s train=0.3s
[t=8601.6s] rebel  ep481 games=  48 dec=  5067 rows= 19368 cap=0.00 cfgs= 13.9 L=0.01154 old=0.01074 new=0.01023 tgt=-0.081/0.583 pstd=0.379 capv=0.000 lr=5.0e-04 gen=23.6s train=0.2s
[t=8624.2s] rebel  ep482 games=  48 dec=  5004 rows= 19056 cap=0.02 cfgs= 13.4 L=0.01118 old=0.01109 new=0.01413 tgt=-0.156/0.603 pstd=0.383 capv=0.000 lr=5.0e-04 gen=22.3s train=0.2s
[t=8646.8s] rebel  ep483 games=  48 dec=  4967 rows= 18880 cap=0.00 cfgs= 12.2 L=0.01216 old=0.01018 new=0.00886 tgt=-0.091/0.556 pstd=0.377 capv=0.000 lr=5.0e-04 gen=22.3s train=0.2s
[t=8670.6s] rebel  ep484 games=  48 dec=  5235 rows= 20008 cap=0.02 cfgs= 12.6 L=0.01165 old=0.01073 new=0.01335 tgt=-0.139/0.588 pstd=0.384 capv=0.000 lr=5.0e-04 gen=23.5s train=0.3s
[t=8691.9s] rebel  ep485 games=  48 dec=  4438 rows= 16944 cap=0.00 cfgs= 13.1 L=0.01155 old=0.01110 new=0.01198 tgt=-0.016/0.518 pstd=0.381 capv=0.000 lr=5.0e-04 gen=21.0s train=0.2s
[t=8718.0s] rebel  ep486 games=  48 dec=  6015 rows= 23056 cap=0.10 cfgs= 16.1 L=0.01160 old=0.00899 new=0.01002 tgt=-0.326/0.628 pstd=0.367 capv=0.000 lr=5.0e-04 gen=25.7s train=0.3s
[t=8741.6s] rebel  ep487 games=  48 dec=  4766 rows= 18240 cap=0.00 cfgs= 12.9 L=0.01057 old=0.01162 new=0.01101 tgt=-0.032/0.541 pstd=0.379 capv=0.000 lr=5.0e-04 gen=23.3s train=0.2s
[t=8766.1s] rebel  ep488 games=  48 dec=  4984 rows= 19064 cap=0.00 cfgs= 12.9 L=0.01115 old=0.01268 new=0.01007 tgt=+0.010/0.547 pstd=0.381 capv=0.000 lr=5.0e-04 gen=24.2s train=0.2s
[t=8788.1s] rebel  ep489 games=  48 dec=  4927 rows= 18784 cap=0.02 cfgs= 12.6 L=0.01166 old=0.01179 new=0.01028 tgt=-0.160/0.619 pstd=0.370 capv=0.000 lr=5.0e-04 gen=21.6s train=0.2s
[t=8809.9s] rebel  ep490 games=  48 dec=  4967 rows= 18912 cap=0.02 cfgs= 11.6 L=0.01190 old=0.00996 new=0.01188 tgt=-0.110/0.573 pstd=0.372 capv=0.000 lr=5.0e-04 gen=21.5s train=0.2s
[t=8833.2s] rebel  ep491 games=  48 dec=  5301 rows= 20176 cap=0.00 cfgs= 12.0 L=0.01135 old=0.00917 new=0.00757 tgt=-0.048/0.542 pstd=0.379 capv=0.000 lr=5.0e-04 gen=23.0s train=0.3s
[t=8855.6s] rebel  ep492 games=  48 dec=  4988 rows= 18992 cap=0.00 cfgs= 13.0 L=0.01100 old=0.01080 new=0.00863 tgt=-0.117/0.592 pstd=0.376 capv=0.000 lr=5.0e-04 gen=22.1s train=0.2s
[t=8876.9s] rebel  ep493 games=  48 dec=  4478 rows= 17088 cap=0.00 cfgs= 12.6 L=0.01154 old=0.00943 new=0.01102 tgt=-0.050/0.533 pstd=0.381 capv=0.000 lr=5.0e-04 gen=21.0s train=0.2s
[t=8898.4s] rebel  ep494 games=  48 dec=  4657 rows= 17792 cap=0.00 cfgs= 12.9 L=0.01185 old=0.01028 new=0.01185 tgt=-0.024/0.504 pstd=0.382 capv=0.000 lr=5.0e-04 gen=21.2s train=0.2s
[t=8922.1s] rebel  ep495 games=  48 dec=  4968 rows= 18984 cap=0.00 cfgs= 13.9 L=0.01109 old=0.01045 new=0.01054 tgt=-0.194/0.611 pstd=0.384 capv=0.000 lr=5.0e-04 gen=23.4s train=0.2s
[t=8945.9s] rebel  ep496 games=  48 dec=  5331 rows= 20416 cap=0.04 cfgs= 15.7 L=0.01163 old=0.00985 new=0.01337 tgt=-0.317/0.646 pstd=0.381 capv=0.000 lr=5.0e-04 gen=23.4s train=0.3s
[t=8969.0s] rebel  ep497 games=  48 dec=  5057 rows= 19336 cap=0.04 cfgs= 13.0 L=0.01156 old=0.01133 new=0.00952 tgt=-0.092/0.578 pstd=0.390 capv=0.000 lr=5.0e-04 gen=22.8s train=0.3s
[t=8991.6s] rebel  ep498 games=  48 dec=  5343 rows= 20432 cap=0.04 cfgs= 12.6 L=0.01113 old=0.01064 new=0.01353 tgt=-0.143/0.604 pstd=0.385 capv=0.000 lr=5.0e-04 gen=22.3s train=0.3s
[t=9013.8s] rebel  ep499 games=  48 dec=  4867 rows= 18520 cap=0.00 cfgs= 13.1 L=0.01116 old=0.01008 new=0.01126 tgt=-0.131/0.617 pstd=0.380 capv=0.000 lr=5.0e-04 gen=21.9s train=0.2s
[t=9036.3s] rebel  ep500 games=  48 dec=  5228 rows= 20040 cap=0.04 cfgs= 11.0 L=0.01140 old=0.01249 new=0.01074 tgt=-0.014/0.540 pstd=0.390 capv=0.000 lr=5.0e-04 gen=22.2s train=0.3s
[t=9058.9s] rebel  ep501 games=  48 dec=  4537 rows= 17304 cap=0.00 cfgs= 14.0 L=0.01149 old=0.01053 new=0.00967 tgt=-0.117/0.578 pstd=0.384 capv=0.000 lr=5.0e-04 gen=22.3s train=0.2s
[t=9080.8s] rebel  ep502 games=  48 dec=  4778 rows= 18176 cap=0.00 cfgs= 14.0 L=0.01056 old=0.00889 new=0.00879 tgt=-0.145/0.594 pstd=0.377 capv=0.000 lr=5.0e-04 gen=21.6s train=0.2s
[t=9101.8s] rebel  ep503 games=  48 dec=  4748 rows= 18120 cap=0.02 cfgs= 11.8 L=0.01061 old=0.00997 new=0.01080 tgt=-0.052/0.552 pstd=0.384 capv=0.000 lr=5.0e-04 gen=20.7s train=0.2s
[t=9122.9s] rebel  ep504 games=  48 dec=  4502 rows= 17136 cap=0.00 cfgs= 12.6 L=0.01135 old=0.01088 new=0.01245 tgt=-0.052/0.549 pstd=0.382 capv=0.000 lr=5.0e-04 gen=20.7s train=0.2s
[t=9144.3s] rebel  ep505 games=  48 dec=  4921 rows= 18800 cap=0.02 cfgs= 13.4 L=0.01161 old=0.01024 new=0.00994 tgt=-0.143/0.634 pstd=0.383 capv=0.000 lr=5.0e-04 gen=21.1s train=0.2s
[t=9165.6s] rebel  ep506 games=  48 dec=  4627 rows= 17576 cap=0.00 cfgs= 13.0 L=0.01192 old=0.01298 new=0.00931 tgt=-0.109/0.580 pstd=0.385 capv=0.000 lr=5.0e-04 gen=21.0s train=0.2s
[t=9187.2s] rebel  ep507 games=  48 dec=  4733 rows= 18056 cap=0.02 cfgs= 11.7 L=0.01101 old=0.00919 new=0.01214 tgt=+0.003/0.521 pstd=0.380 capv=0.000 lr=5.0e-04 gen=21.3s train=0.2s
[t=9209.0s] rebel  ep508 games=  48 dec=  5147 rows= 19544 cap=0.04 cfgs= 11.6 L=0.01092 old=0.01142 new=0.01048 tgt=-0.050/0.567 pstd=0.383 capv=0.000 lr=5.0e-04 gen=21.5s train=0.3s
[t=9230.8s] rebel  ep509 games=  48 dec=  4359 rows= 16656 cap=0.00 cfgs= 14.6 L=0.01175 old=0.01160 new=0.01293 tgt=-0.101/0.570 pstd=0.377 capv=0.000 lr=5.0e-04 gen=21.5s train=0.2s
[t=9252.0s] rebel  ep510 games=  48 dec=  4535 rows= 17336 cap=0.00 cfgs= 12.2 L=0.01164 old=0.01387 new=0.01161 tgt=-0.021/0.501 pstd=0.376 capv=0.000 lr=5.0e-04 gen=20.9s train=0.2s
[t=9275.8s] rebel  ep511 games=  48 dec=  4601 rows= 17560 cap=0.00 cfgs= 15.2 L=0.01222 old=0.01021 new=0.01257 tgt=-0.200/0.582 pstd=0.382 capv=0.000 lr=5.0e-04 gen=23.5s train=0.2s
[t=9298.1s] rebel  ep512 games=  48 dec=  5050 rows= 19248 cap=0.00 cfgs= 14.0 L=0.01234 old=0.00928 new=0.00836 tgt=-0.213/0.626 pstd=0.381 capv=0.000 lr=5.0e-04 gen=22.0s train=0.2s
[t=9318.4s] rebel  ep513 games=  48 dec=  4162 rows= 15888 cap=0.00 cfgs= 13.2 L=0.01126 old=0.01400 new=0.00953 tgt=-0.027/0.552 pstd=0.383 capv=0.000 lr=5.0e-04 gen=20.0s train=0.2s
[t=9341.5s] rebel  ep514 games=  48 dec=  4823 rows= 18368 cap=0.00 cfgs= 12.4 L=0.01127 old=0.00977 new=0.01047 tgt=-0.056/0.519 pstd=0.386 capv=0.000 lr=5.0e-04 gen=22.8s train=0.2s
[t=9365.2s] rebel  ep515 games=  48 dec=  5153 rows= 19744 cap=0.02 cfgs= 12.5 L=0.01197 old=0.00983 new=0.01355 tgt=-0.080/0.578 pstd=0.378 capv=0.000 lr=5.0e-04 gen=23.4s train=0.2s
[t=9387.4s] rebel  ep516 games=  48 dec=  4673 rows= 17776 cap=0.00 cfgs= 13.0 L=0.01164 old=0.01291 new=0.01610 tgt=-0.042/0.511 pstd=0.378 capv=0.000 lr=5.0e-04 gen=22.0s train=0.2s
[t=9407.8s] rebel  ep517 games=  48 dec=  4589 rows= 17472 cap=0.00 cfgs= 11.4 L=0.01176 old=0.01127 new=0.01265 tgt=-0.032/0.572 pstd=0.377 capv=0.000 lr=5.0e-04 gen=20.0s train=0.2s
[t=9429.3s] rebel  ep518 games=  48 dec=  4577 rows= 17408 cap=0.02 cfgs= 12.6 L=0.01235 old=0.01071 new=0.00856 tgt=-0.091/0.529 pstd=0.382 capv=0.000 lr=5.0e-04 gen=21.2s train=0.2s
[t=9454.3s] rebel  ep519 games=  48 dec=  5678 rows= 21720 cap=0.02 cfgs= 11.5 L=0.01148 old=0.01140 new=0.01074 tgt=-0.061/0.529 pstd=0.387 capv=0.000 lr=5.0e-04 gen=24.6s train=0.3s
[t=9476.9s] rebel  ep520 games=  48 dec=  4963 rows= 18960 cap=0.02 cfgs= 11.8 L=0.01135 old=0.01077 new=0.01033 tgt=-0.052/0.570 pstd=0.387 capv=0.000 lr=5.0e-04 gen=22.2s train=0.2s
[t=9500.0s] rebel  ep521 games=  48 dec=  5118 rows= 19592 cap=0.02 cfgs= 11.6 L=0.01140 old=0.01394 new=0.01194 tgt=-0.033/0.536 pstd=0.381 capv=0.000 lr=5.0e-04 gen=22.8s train=0.2s
[t=9521.8s] rebel  ep522 games=  48 dec=  4301 rows= 16384 cap=0.00 cfgs= 13.3 L=0.01120 old=0.01205 new=0.00988 tgt=-0.046/0.516 pstd=0.382 capv=0.000 lr=5.0e-04 gen=21.5s train=0.2s
[t=9546.8s] rebel  ep523 games=  48 dec=  5383 rows= 20592 cap=0.04 cfgs= 13.2 L=0.01153 old=0.00957 new=0.01297 tgt=-0.106/0.556 pstd=0.379 capv=0.000 lr=5.0e-04 gen=24.6s train=0.3s
[t=9570.9s] rebel  ep524 games=  48 dec=  4815 rows= 18392 cap=0.00 cfgs= 13.9 L=0.01165 old=0.00980 new=0.01095 tgt=-0.041/0.562 pstd=0.379 capv=0.000 lr=5.0e-04 gen=23.8s train=0.2s
[t=9593.3s] rebel  ep525 games=  48 dec=  5235 rows= 20024 cap=0.00 cfgs= 11.5 L=0.01279 old=0.01107 new=0.01229 tgt=-0.042/0.515 pstd=0.382 capv=0.000 lr=5.0e-04 gen=22.1s train=0.3s
[t=9615.7s] rebel  ep526 games=  48 dec=  5102 rows= 19576 cap=0.00 cfgs= 11.6 L=0.01125 old=0.00933 new=0.01391 tgt=-0.078/0.544 pstd=0.383 capv=0.000 lr=5.0e-04 gen=22.1s train=0.3s
[t=9639.8s] rebel  ep527 games=  48 dec=  5093 rows= 19440 cap=0.00 cfgs= 12.1 L=0.01174 old=0.01063 new=0.01083 tgt=-0.023/0.522 pstd=0.385 capv=0.000 lr=5.0e-04 gen=23.7s train=0.3s
[t=9662.6s] rebel  ep528 games=  48 dec=  5321 rows= 20288 cap=0.00 cfgs= 11.3 L=0.01115 old=0.01111 new=0.01039 tgt=-0.025/0.531 pstd=0.390 capv=0.000 lr=5.0e-04 gen=22.5s train=0.3s
[t=9686.8s] rebel  ep529 games=  48 dec=  5169 rows= 19752 cap=0.02 cfgs= 12.2 L=0.01191 old=0.01181 new=0.01035 tgt=-0.066/0.580 pstd=0.397 capv=0.000 lr=5.0e-04 gen=23.9s train=0.2s
[t=9710.4s] rebel  ep530 games=  48 dec=  4990 rows= 19032 cap=0.02 cfgs= 13.8 L=0.01193 old=0.01136 new=0.01265 tgt=+0.017/0.638 pstd=0.384 capv=0.000 lr=5.0e-04 gen=23.3s train=0.2s
[t=9732.2s] rebel  ep531 games=  48 dec=  4645 rows= 17696 cap=0.00 cfgs= 12.4 L=0.01217 old=0.01171 new=0.01123 tgt=-0.095/0.566 pstd=0.382 capv=0.000 lr=5.0e-04 gen=21.6s train=0.2s
[t=9754.6s] rebel  ep532 games=  48 dec=  4760 rows= 18176 cap=0.00 cfgs= 12.6 L=0.01160 old=0.01227 new=0.01182 tgt=-0.079/0.540 pstd=0.389 capv=0.000 lr=5.0e-04 gen=22.1s train=0.2s
[t=9778.7s] rebel  ep533 games=  48 dec=  4932 rows= 18832 cap=0.02 cfgs= 12.3 L=0.01185 old=0.01169 new=0.01170 tgt=-0.083/0.565 pstd=0.392 capv=0.000 lr=5.0e-04 gen=23.7s train=0.2s
[t=9801.8s] rebel  ep534 games=  48 dec=  4577 rows= 17472 cap=0.00 cfgs= 14.2 L=0.01175 old=0.01172 new=0.01243 tgt=-0.080/0.621 pstd=0.386 capv=0.000 lr=5.0e-04 gen=22.9s train=0.2s
[t=9823.7s] rebel  ep535 games=  48 dec=  4620 rows= 17560 cap=0.00 cfgs= 12.9 L=0.01202 old=0.01045 new=0.01005 tgt=-0.086/0.537 pstd=0.384 capv=0.000 lr=5.0e-04 gen=21.6s train=0.2s
[t=9846.6s] rebel  ep536 games=  48 dec=  4913 rows= 18656 cap=0.00 cfgs= 12.7 L=0.01234 old=0.00940 new=0.01241 tgt=-0.120/0.565 pstd=0.388 capv=0.000 lr=5.0e-04 gen=22.6s train=0.2s
[t=9868.0s] rebel  ep537 games=  48 dec=  4796 rows= 18224 cap=0.00 cfgs= 13.3 L=0.01130 old=0.01071 new=0.01065 tgt=-0.103/0.621 pstd=0.385 capv=0.000 lr=5.0e-04 gen=21.1s train=0.2s
[t=9891.1s] rebel  ep538 games=  48 dec=  5507 rows= 20984 cap=0.00 cfgs= 11.2 L=0.01248 old=0.00997 new=0.01027 tgt=-0.009/0.537 pstd=0.389 capv=0.000 lr=5.0e-04 gen=22.7s train=0.2s
[t=9913.4s] rebel  ep539 games=  48 dec=  4728 rows= 17992 cap=0.00 cfgs= 13.3 L=0.01120 old=0.00935 new=0.01093 tgt=-0.102/0.582 pstd=0.384 capv=0.000 lr=5.0e-04 gen=22.0s train=0.2s
[t=9935.3s] rebel  ep540 games=  48 dec=  5049 rows= 19272 cap=0.02 cfgs= 12.0 L=0.01178 old=0.01148 new=0.01112 tgt=-0.098/0.527 pstd=0.390 capv=0.000 lr=5.0e-04 gen=21.6s train=0.2s
[t=9958.1s] rebel  ep541 games=  48 dec=  4953 rows= 18792 cap=0.02 cfgs= 12.5 L=0.01221 old=0.01356 new=0.01122 tgt=-0.026/0.593 pstd=0.387 capv=0.000 lr=5.0e-04 gen=22.5s train=0.2s
[t=9982.5s] rebel  ep542 games=  48 dec=  5452 rows= 20840 cap=0.02 cfgs= 12.7 L=0.01267 old=0.01103 new=0.01244 tgt=-0.074/0.637 pstd=0.384 capv=0.000 lr=5.0e-04 gen=24.0s train=0.2s
[t=10004.3s] rebel  ep543 games=  48 dec=  5523 rows= 20984 cap=0.00 cfgs= 10.3 L=0.01195 old=0.01139 new=0.01206 tgt=-0.015/0.509 pstd=0.385 capv=0.000 lr=5.0e-04 gen=21.5s train=0.2s
[t=10028.3s] rebel  ep544 games=  48 dec=  5001 rows= 19120 cap=0.02 cfgs= 13.7 L=0.01173 old=0.01120 new=0.01041 tgt=-0.175/0.583 pstd=0.385 capv=0.000 lr=5.0e-04 gen=23.7s train=0.2s
[t=10050.1s] rebel  ep545 games=  48 dec=  4708 rows= 17912 cap=0.00 cfgs= 12.0 L=0.01129 old=0.01048 new=0.01374 tgt=+0.003/0.474 pstd=0.382 capv=0.000 lr=5.0e-04 gen=21.5s train=0.2s
[t=10072.0s] rebel  ep546 games=  48 dec=  4745 rows= 18184 cap=0.02 cfgs= 11.7 L=0.01198 old=0.01183 new=0.01253 tgt=-0.027/0.531 pstd=0.392 capv=0.000 lr=5.0e-04 gen=21.6s train=0.2s
[t=10094.0s] rebel  ep547 games=  48 dec=  4777 rows= 18144 cap=0.00 cfgs= 12.4 L=0.01231 old=0.00917 new=0.01072 tgt=-0.040/0.568 pstd=0.393 capv=0.000 lr=5.0e-04 gen=21.7s train=0.2s
[t=10115.9s] rebel  ep548 games=  48 dec=  5277 rows= 20144 cap=0.02 cfgs= 11.4 L=0.01133 old=0.01027 new=0.01225 tgt=-0.066/0.569 pstd=0.392 capv=0.000 lr=5.0e-04 gen=21.5s train=0.2s
[t=10137.8s] rebel  ep549 games=  48 dec=  5144 rows= 19712 cap=0.02 cfgs= 11.6 L=0.01106 old=0.01210 new=0.01114 tgt=-0.073/0.556 pstd=0.392 capv=0.000 lr=5.0e-04 gen=21.6s train=0.2s
[t=10162.7s] rebel  ep550 games=  48 dec=  5223 rows= 19952 cap=0.02 cfgs= 13.0 L=0.01173 old=0.00918 new=0.01271 tgt=-0.075/0.592 pstd=0.389 capv=0.000 lr=5.0e-04 gen=24.5s train=0.3s
[t=10185.8s] rebel  ep551 games=  48 dec=  5398 rows= 20632 cap=0.02 cfgs= 11.6 L=0.01240 old=0.01001 new=0.01014 tgt=-0.040/0.554 pstd=0.385 capv=0.000 lr=5.0e-04 gen=22.8s train=0.2s
[t=10208.3s] rebel  ep552 games=  48 dec=  4915 rows= 18616 cap=0.00 cfgs= 12.8 L=0.01228 old=0.01004 new=0.01240 tgt=-0.101/0.581 pstd=0.385 capv=0.000 lr=5.0e-04 gen=22.3s train=0.2s
[t=10228.6s] rebel  ep553 games=  48 dec=  4567 rows= 17312 cap=0.00 cfgs= 11.7 L=0.01199 old=0.01080 new=0.01306 tgt=-0.083/0.534 pstd=0.391 capv=0.000 lr=5.0e-04 gen=20.0s train=0.2s
[t=10251.5s] rebel  ep554 games=  48 dec=  5015 rows= 19096 cap=0.00 cfgs= 12.3 L=0.01134 old=0.01224 new=0.01022 tgt=-0.077/0.581 pstd=0.388 capv=0.000 lr=5.0e-04 gen=22.6s train=0.2s
[t=10274.0s] rebel  ep555 games=  48 dec=  4841 rows= 18488 cap=0.00 cfgs= 12.3 L=0.01247 old=0.00935 new=0.01244 tgt=-0.064/0.525 pstd=0.389 capv=0.000 lr=5.0e-04 gen=22.2s train=0.2s
[t=10297.5s] rebel  ep556 games=  48 dec=  4895 rows= 18712 cap=0.02 cfgs= 12.7 L=0.01278 old=0.01116 new=0.01236 tgt=-0.016/0.506 pstd=0.395 capv=0.000 lr=5.0e-04 gen=23.2s train=0.2s
[t=10321.6s] rebel  ep557 games=  48 dec=  5091 rows= 19440 cap=0.00 cfgs= 13.4 L=0.01159 old=0.01213 new=0.01062 tgt=-0.110/0.587 pstd=0.388 capv=0.000 lr=5.0e-04 gen=23.7s train=0.2s
[t=10344.4s] rebel  ep558 games=  48 dec=  5373 rows= 20552 cap=0.04 cfgs= 11.2 L=0.01263 old=0.01148 new=0.01086 tgt=-0.042/0.552 pstd=0.392 capv=0.000 lr=5.0e-04 gen=22.5s train=0.2s
[t=10367.9s] rebel  ep559 games=  48 dec=  5351 rows= 20480 cap=0.04 cfgs= 11.6 L=0.01183 old=0.01131 new=0.01257 tgt=-0.005/0.553 pstd=0.397 capv=0.000 lr=5.0e-04 gen=23.3s train=0.2s
[t=10390.4s] rebel  ep560 games=  48 dec=  5299 rows= 20264 cap=0.02 cfgs= 11.5 L=0.01304 old=0.00895 new=0.01185 tgt=-0.099/0.536 pstd=0.389 capv=0.000 lr=5.0e-04 gen=22.1s train=0.2s
[t=10410.6s] rebel  ep561 games=  48 dec=  4545 rows= 17392 cap=0.00 cfgs= 12.2 L=0.01208 old=0.01052 new=0.01394 tgt=-0.063/0.559 pstd=0.389 capv=0.000 lr=5.0e-04 gen=19.9s train=0.2s
[t=10433.8s] rebel  ep562 games=  48 dec=  5628 rows= 21488 cap=0.04 cfgs= 11.2 L=0.01241 old=0.00925 new=0.01043 tgt=+0.010/0.538 pstd=0.387 capv=0.000 lr=5.0e-04 gen=22.9s train=0.3s
[t=10454.4s] rebel  ep563 games=  48 dec=  4795 rows= 18336 cap=0.04 cfgs= 11.5 L=0.01252 old=0.00920 new=0.01258 tgt=-0.064/0.554 pstd=0.394 capv=0.000 lr=5.0e-04 gen=20.3s train=0.2s
[t=10474.7s] rebel  ep564 games=  48 dec=  4864 rows= 18384 cap=0.00 cfgs= 10.2 L=0.01183 old=0.00939 new=0.01062 tgt=-0.003/0.499 pstd=0.393 capv=0.000 lr=5.0e-04 gen=20.0s train=0.2s
[t=10497.3s] rebel  ep565 games=  48 dec=  4857 rows= 18504 cap=0.00 cfgs= 11.7 L=0.01184 old=0.01021 new=0.01322 tgt=-0.037/0.549 pstd=0.394 capv=0.000 lr=5.0e-04 gen=22.3s train=0.2s
[t=10519.0s] rebel  ep566 games=  48 dec=  4589 rows= 17512 cap=0.00 cfgs= 13.0 L=0.01248 old=0.01025 new=0.01279 tgt=-0.050/0.599 pstd=0.392 capv=0.000 lr=5.0e-04 gen=21.4s train=0.2s
[t=10541.3s] rebel  ep567 games=  48 dec=  5015 rows= 19072 cap=0.02 cfgs= 11.4 L=0.01148 old=0.01084 new=0.01177 tgt=-0.031/0.552 pstd=0.401 capv=0.000 lr=5.0e-04 gen=22.0s train=0.2s
[t=10566.3s] rebel  ep568 games=  48 dec=  5532 rows= 21112 cap=0.06 cfgs= 12.5 L=0.01177 old=0.01107 new=0.01211 tgt=-0.124/0.626 pstd=0.400 capv=0.000 lr=5.0e-04 gen=24.7s train=0.2s
[t=10587.4s] rebel  ep569 games=  48 dec=  5081 rows= 19344 cap=0.00 cfgs= 11.0 L=0.01170 old=0.01002 new=0.01192 tgt=-0.031/0.535 pstd=0.398 capv=0.000 lr=5.0e-04 gen=20.8s train=0.2s
[t=10611.7s] rebel  ep570 games=  48 dec=  4870 rows= 18552 cap=0.00 cfgs= 12.8 L=0.01201 old=0.00948 new=0.01587 tgt=-0.037/0.527 pstd=0.395 capv=0.000 lr=5.0e-04 gen=24.0s train=0.2s
[t=10635.4s] rebel  ep571 games=  48 dec=  4868 rows= 18576 cap=0.00 cfgs= 12.7 L=0.01255 old=0.01135 new=0.01308 tgt=-0.047/0.560 pstd=0.404 capv=0.000 lr=5.0e-04 gen=23.4s train=0.2s
[t=10658.3s] rebel  ep572 games=  48 dec=  5341 rows= 20456 cap=0.04 cfgs= 12.1 L=0.01246 old=0.00923 new=0.01006 tgt=-0.104/0.627 pstd=0.404 capv=0.000 lr=5.0e-04 gen=22.7s train=0.2s
[t=10681.5s] rebel  ep573 games=  48 dec=  5416 rows= 20752 cap=0.06 cfgs= 11.4 L=0.01198 old=0.01108 new=0.01112 tgt=-0.026/0.602 pstd=0.394 capv=0.000 lr=5.0e-04 gen=22.8s train=0.2s
[t=10702.5s] rebel  ep574 games=  48 dec=  4784 rows= 18224 cap=0.00 cfgs= 11.1 L=0.01203 old=0.00851 new=0.01159 tgt=+0.007/0.513 pstd=0.396 capv=0.000 lr=5.0e-04 gen=20.7s train=0.2s
[t=10725.5s] rebel  ep575 games=  48 dec=  5201 rows= 19832 cap=0.02 cfgs= 11.9 L=0.01231 old=0.01002 new=0.01313 tgt=-0.091/0.582 pstd=0.400 capv=0.000 lr=5.0e-04 gen=22.7s train=0.2s
[t=10746.5s] rebel  ep576 games=  48 dec=  4564 rows= 17440 cap=0.00 cfgs= 13.1 L=0.01174 old=0.01071 new=0.00996 tgt=-0.140/0.602 pstd=0.397 capv=0.000 lr=5.0e-04 gen=20.7s train=0.2s
[t=10768.6s] rebel  ep577 games=  48 dec=  4847 rows= 18504 cap=0.00 cfgs= 12.8 L=0.01254 old=0.01016 new=0.01174 tgt=-0.083/0.584 pstd=0.405 capv=0.000 lr=5.0e-04 gen=21.8s train=0.2s
[t=10790.8s] rebel  ep578 games=  48 dec=  5336 rows= 20400 cap=0.04 cfgs= 11.3 L=0.01196 old=0.01229 new=0.01169 tgt=-0.031/0.584 pstd=0.398 capv=0.000 lr=5.0e-04 gen=21.9s train=0.2s
[t=10812.9s] rebel  ep579 games=  48 dec=  4737 rows= 18144 cap=0.00 cfgs= 13.2 L=0.01222 old=0.01035 new=0.01286 tgt=-0.102/0.569 pstd=0.400 capv=0.000 lr=5.0e-04 gen=21.7s train=0.2s
[t=10834.2s] rebel  ep580 games=  48 dec=  4802 rows= 18344 cap=0.00 cfgs= 11.6 L=0.01138 old=0.00914 new=0.01020 tgt=-0.017/0.529 pstd=0.402 capv=0.000 lr=5.0e-04 gen=21.1s train=0.2s
[t=10856.5s] rebel  ep581 games=  48 dec=  5210 rows= 19872 cap=0.00 cfgs= 12.1 L=0.01269 old=0.01121 new=0.01304 tgt=-0.057/0.549 pstd=0.401 capv=0.000 lr=5.0e-04 gen=21.9s train=0.2s
[t=10879.7s] rebel  ep582 games=  48 dec=  5157 rows= 19736 cap=0.02 cfgs= 12.1 L=0.01149 old=0.01071 new=0.01581 tgt=-0.049/0.570 pstd=0.394 capv=0.000 lr=5.0e-04 gen=23.0s train=0.2s
[t=10902.5s] rebel  ep583 games=  48 dec=  5017 rows= 19200 cap=0.00 cfgs= 11.7 L=0.01201 old=0.01115 new=0.01064 tgt=-0.064/0.515 pstd=0.399 capv=0.000 lr=5.0e-04 gen=22.4s train=0.2s
[t=10925.2s] rebel  ep584 games=  48 dec=  4935 rows= 18848 cap=0.00 cfgs= 12.3 L=0.01153 old=0.01188 new=0.01258 tgt=-0.074/0.522 pstd=0.398 capv=0.000 lr=5.0e-04 gen=22.4s train=0.2s
[t=10946.9s] rebel  ep585 games=  48 dec=  4978 rows= 18976 cap=0.04 cfgs= 12.0 L=0.01203 old=0.00913 new=0.01080 tgt=-0.042/0.536 pstd=0.400 capv=0.000 lr=5.0e-04 gen=21.4s train=0.2s
[t=10969.8s] rebel  ep586 games=  48 dec=  5069 rows= 19392 cap=0.02 cfgs= 12.7 L=0.01199 old=0.01009 new=0.01316 tgt=-0.062/0.608 pstd=0.395 capv=0.000 lr=5.0e-04 gen=22.6s train=0.2s
[t=10969.8s] --- lr -> 2.50e-04 ---
[t=10993.2s] rebel  ep587 games=  48 dec=  5390 rows= 20656 cap=0.00 cfgs= 11.1 L=0.01170 old=0.01132 new=0.01068 tgt=+0.023/0.525 pstd=0.403 capv=0.000 lr=2.5e-04 gen=23.1s train=0.2s
[t=11014.4s] rebel  ep588 games=  48 dec=  4736 rows= 18080 cap=0.00 cfgs= 12.2 L=0.01188 old=0.00821 new=0.01079 tgt=-0.032/0.582 pstd=0.401 capv=0.000 lr=2.5e-04 gen=20.9s train=0.2s
[t=11037.5s] rebel  ep589 games=  48 dec=  4820 rows= 18312 cap=0.02 cfgs= 14.5 L=0.01117 old=0.01246 new=0.01055 tgt=-0.119/0.595 pstd=0.400 capv=0.000 lr=2.5e-04 gen=22.8s train=0.2s
[t=11058.0s] rebel  ep590 games=  48 dec=  4519 rows= 17328 cap=0.00 cfgs= 11.9 L=0.01181 old=0.01047 new=0.01315 tgt=-0.024/0.517 pstd=0.403 capv=0.000 lr=2.5e-04 gen=20.2s train=0.2s
[t=11080.0s] rebel  ep591 games=  48 dec=  5279 rows= 20128 cap=0.02 cfgs= 10.4 L=0.01088 old=0.00890 new=0.00988 tgt=-0.022/0.577 pstd=0.403 capv=0.000 lr=2.5e-04 gen=21.7s train=0.2s
[t=11101.1s] rebel  ep592 games=  48 dec=  4918 rows= 18784 cap=0.02 cfgs= 12.6 L=0.01127 old=0.01127 new=0.01082 tgt=-0.079/0.573 pstd=0.401 capv=0.000 lr=2.5e-04 gen=20.7s train=0.2s
[t=11124.3s] rebel  ep593 games=  48 dec=  4919 rows= 18728 cap=0.00 cfgs= 12.6 L=0.01089 old=0.01229 new=0.01034 tgt=-0.078/0.601 pstd=0.399 capv=0.000 lr=2.5e-04 gen=22.9s train=0.2s
[t=11146.2s] --- snapshot snap_03.pt (s3) ---
[t=11146.2s] rebel  ep594 games=  48 dec=  4959 rows= 18952 cap=0.00 cfgs= 11.9 L=0.01156 old=0.01064 new=0.00934 tgt=-0.106/0.559 pstd=0.398 capv=0.000 lr=2.5e-04 gen=21.6s train=0.2s
[t=11169.0s] rebel  ep595 games=  48 dec=  4948 rows= 18880 cap=0.00 cfgs= 12.6 L=0.01181 old=0.00963 new=0.00931 tgt=-0.082/0.575 pstd=0.401 capv=0.000 lr=2.5e-04 gen=22.5s train=0.2s
[t=11189.6s] rebel  ep596 games=  48 dec=  4615 rows= 17592 cap=0.00 cfgs= 11.4 L=0.01079 old=0.01069 new=0.01255 tgt=-0.067/0.550 pstd=0.403 capv=0.000 lr=2.5e-04 gen=20.3s train=0.2s
[t=11211.1s] rebel  ep597 games=  48 dec=  4528 rows= 17224 cap=0.00 cfgs= 13.2 L=0.01119 old=0.01429 new=0.00935 tgt=-0.115/0.574 pstd=0.398 capv=0.000 lr=2.5e-04 gen=21.2s train=0.2s
[t=11234.1s] rebel  ep598 games=  48 dec=  5112 rows= 19496 cap=0.02 cfgs= 12.9 L=0.01106 old=0.00981 new=0.01024 tgt=-0.049/0.591 pstd=0.403 capv=0.000 lr=2.5e-04 gen=22.7s train=0.2s
[t=11256.6s] rebel  ep599 games=  48 dec=  5017 rows= 19128 cap=0.00 cfgs= 11.4 L=0.01146 old=0.00955 new=0.00957 tgt=-0.006/0.544 pstd=0.401 capv=0.000 lr=2.5e-04 gen=22.2s train=0.2s
[t=11278.8s] rebel  ep600 games=  48 dec=  5222 rows= 19936 cap=0.02 cfgs= 11.6 L=0.01122 old=0.01107 new=0.00896 tgt=-0.048/0.558 pstd=0.397 capv=0.000 lr=2.5e-04 gen=21.9s train=0.2s
[t=11301.0s] rebel  ep601 games=  48 dec=  5268 rows= 20040 cap=0.02 cfgs= 10.5 L=0.01094 old=0.01050 new=0.01197 tgt=+0.014/0.508 pstd=0.399 capv=0.000 lr=2.5e-04 gen=21.9s train=0.2s
[t=11324.1s] rebel  ep602 games=  48 dec=  4968 rows= 18968 cap=0.00 cfgs= 12.1 L=0.01092 old=0.01183 new=0.01159 tgt=-0.041/0.500 pstd=0.401 capv=0.000 lr=2.5e-04 gen=22.8s train=0.2s
[t=11346.5s] rebel  ep603 games=  48 dec=  5114 rows= 19520 cap=0.02 cfgs= 12.2 L=0.01121 old=0.01190 new=0.01235 tgt=-0.101/0.566 pstd=0.399 capv=0.000 lr=2.5e-04 gen=22.2s train=0.2s
[t=11375.4s] rebel  ep604 games=  48 dec=  5227 rows= 20000 cap=0.00 cfgs= 14.6 L=0.01211 old=0.01156 new=0.01231 tgt=-0.197/0.634 pstd=0.394 capv=0.000 lr=2.5e-04 gen=28.6s train=0.2s
[t=11398.5s] rebel  ep605 games=  48 dec=  4712 rows= 18056 cap=0.00 cfgs= 13.7 L=0.01162 old=0.01095 new=0.01308 tgt=-0.062/0.577 pstd=0.393 capv=0.000 lr=2.5e-04 gen=22.8s train=0.2s
[t=11421.4s] rebel  ep606 games=  48 dec=  5251 rows= 20112 cap=0.02 cfgs= 11.9 L=0.01157 old=0.00880 new=0.00957 tgt=-0.068/0.548 pstd=0.397 capv=0.000 lr=2.5e-04 gen=22.6s train=0.2s
[t=11443.9s] rebel  ep607 games=  48 dec=  5258 rows= 20016 cap=0.02 cfgs= 11.1 L=0.01112 old=0.00975 new=0.01076 tgt=-0.029/0.537 pstd=0.397 capv=0.000 lr=2.5e-04 gen=22.1s train=0.2s
[t=11466.9s] rebel  ep608 games=  48 dec=  5182 rows= 19832 cap=0.00 cfgs= 13.2 L=0.01217 old=0.00838 new=0.01306 tgt=-0.121/0.634 pstd=0.394 capv=0.000 lr=2.5e-04 gen=22.7s train=0.2s
[t=11488.7s] rebel  ep609 games=  48 dec=  4698 rows= 17928 cap=0.02 cfgs= 12.9 L=0.01231 old=0.01151 new=0.01163 tgt=-0.066/0.537 pstd=0.395 capv=0.000 lr=2.5e-04 gen=21.5s train=0.2s
[t=11510.5s] rebel  ep610 games=  48 dec=  5184 rows= 19808 cap=0.02 cfgs= 10.9 L=0.01167 old=0.01036 new=0.00995 tgt=-0.046/0.519 pstd=0.398 capv=0.000 lr=2.5e-04 gen=21.5s train=0.2s
[t=11532.2s] rebel  ep611 games=  48 dec=  5149 rows= 19648 cap=0.00 cfgs= 11.0 L=0.01140 old=0.01043 new=0.00971 tgt=-0.037/0.560 pstd=0.401 capv=0.000 lr=2.5e-04 gen=21.3s train=0.2s
[t=11556.4s] rebel  ep612 games=  48 dec=  5449 rows= 20888 cap=0.04 cfgs= 12.0 L=0.01187 old=0.01330 new=0.01235 tgt=-0.076/0.585 pstd=0.398 capv=0.000 lr=2.5e-04 gen=23.9s train=0.2s
[t=11578.9s] rebel  ep613 games=  48 dec=  5009 rows= 19176 cap=0.02 cfgs= 12.1 L=0.01140 old=0.01100 new=0.01354 tgt=-0.087/0.567 pstd=0.396 capv=0.000 lr=2.5e-04 gen=22.2s train=0.2s
[t=11603.4s] rebel  ep614 games=  48 dec=  5492 rows= 21032 cap=0.02 cfgs= 12.6 L=0.01171 old=0.01141 new=0.01055 tgt=-0.140/0.586 pstd=0.398 capv=0.000 lr=2.5e-04 gen=24.2s train=0.2s
[t=11628.2s] rebel  ep615 games=  48 dec=  5497 rows= 20904 cap=0.00 cfgs= 12.4 L=0.01189 old=0.01001 new=0.01008 tgt=-0.098/0.618 pstd=0.397 capv=0.000 lr=2.5e-04 gen=24.5s train=0.2s
[t=11648.7s] rebel  ep616 games=  48 dec=  4662 rows= 17728 cap=0.02 cfgs= 13.4 L=0.01191 old=0.00934 new=0.01011 tgt=-0.100/0.586 pstd=0.404 capv=0.000 lr=2.5e-04 gen=20.2s train=0.2s
[t=11672.8s] rebel  ep617 games=  48 dec=  5489 rows= 20888 cap=0.04 cfgs= 11.7 L=0.01243 old=0.01003 new=0.01304 tgt=-0.065/0.597 pstd=0.395 capv=0.000 lr=2.5e-04 gen=23.8s train=0.2s
[t=11696.9s] rebel  ep618 games=  48 dec=  5204 rows= 19848 cap=0.00 cfgs= 12.0 L=0.01187 old=0.01137 new=0.00927 tgt=-0.009/0.515 pstd=0.389 capv=0.000 lr=2.5e-04 gen=23.8s train=0.2s
[t=11719.3s] rebel  ep619 games=  48 dec=  4727 rows= 18056 cap=0.00 cfgs= 12.7 L=0.01129 old=0.00873 new=0.01016 tgt=+0.038/0.533 pstd=0.404 capv=0.000 lr=2.5e-04 gen=22.0s train=0.2s
[t=11741.8s] rebel  ep620 games=  48 dec=  5107 rows= 19488 cap=0.00 cfgs= 11.9 L=0.01219 old=0.01040 new=0.01022 tgt=-0.050/0.572 pstd=0.402 capv=0.000 lr=2.5e-04 gen=22.2s train=0.2s
[t=11766.0s] rebel  ep621 games=  48 dec=  6384 rows= 24488 cap=0.10 cfgs= 10.1 L=0.01154 old=0.01162 new=0.01051 tgt=-0.033/0.633 pstd=0.398 capv=0.000 lr=2.5e-04 gen=23.9s train=0.3s
[t=11788.9s] rebel  ep622 games=  48 dec=  5259 rows= 20080 cap=0.02 cfgs= 11.0 L=0.01152 old=0.01212 new=0.00976 tgt=-0.028/0.540 pstd=0.396 capv=0.000 lr=2.5e-04 gen=22.6s train=0.2s
[t=11812.5s] rebel  ep623 games=  48 dec=  5493 rows= 20928 cap=0.02 cfgs= 12.0 L=0.01218 old=0.00976 new=0.01034 tgt=-0.078/0.569 pstd=0.393 capv=0.000 lr=2.5e-04 gen=23.3s train=0.2s
[t=11836.2s] rebel  ep624 games=  48 dec=  5271 rows= 20152 cap=0.00 cfgs= 12.7 L=0.01194 old=0.01082 new=0.01119 tgt=-0.052/0.573 pstd=0.401 capv=0.000 lr=2.5e-04 gen=23.4s train=0.2s
[t=11858.5s] rebel  ep625 games=  48 dec=  4930 rows= 18880 cap=0.02 cfgs= 12.4 L=0.01169 old=0.01308 new=0.01019 tgt=-0.068/0.555 pstd=0.396 capv=0.000 lr=2.5e-04 gen=22.0s train=0.2s
[t=11881.0s] rebel  ep626 games=  48 dec=  5140 rows= 19688 cap=0.04 cfgs= 11.9 L=0.01168 old=0.01164 new=0.01171 tgt=-0.036/0.546 pstd=0.401 capv=0.000 lr=2.5e-04 gen=22.1s train=0.2s
[t=11904.1s] rebel  ep627 games=  48 dec=  5006 rows= 19064 cap=0.02 cfgs= 12.0 L=0.01238 old=0.01096 new=0.01061 tgt=-0.080/0.545 pstd=0.403 capv=0.000 lr=2.5e-04 gen=22.8s train=0.2s
[t=11926.4s] rebel  ep628 games=  48 dec=  5081 rows= 19440 cap=0.04 cfgs= 11.5 L=0.01164 old=0.01118 new=0.01196 tgt=-0.004/0.586 pstd=0.403 capv=0.000 lr=2.5e-04 gen=22.0s train=0.2s
[t=11947.6s] rebel  ep629 games=  48 dec=  5134 rows= 19440 cap=0.00 cfgs= 11.1 L=0.01184 old=0.00953 new=0.01088 tgt=-0.045/0.599 pstd=0.397 capv=0.000 lr=2.5e-04 gen=20.9s train=0.2s
[t=11971.5s] rebel  ep630 games=  48 dec=  5177 rows= 19792 cap=0.00 cfgs= 12.6 L=0.01148 old=0.01076 new=0.01113 tgt=-0.145/0.565 pstd=0.400 capv=0.000 lr=2.5e-04 gen=23.6s train=0.2s
[t=11995.4s] rebel  ep631 games=  48 dec=  5339 rows= 20432 cap=0.06 cfgs= 13.4 L=0.01198 old=0.01102 new=0.01113 tgt=-0.089/0.641 pstd=0.399 capv=0.000 lr=2.5e-04 gen=23.6s train=0.2s
[t=12018.0s] rebel  ep632 games=  48 dec=  4742 rows= 18128 cap=0.00 cfgs= 13.6 L=0.01099 old=0.00907 new=0.01113 tgt=-0.126/0.579 pstd=0.400 capv=0.000 lr=2.5e-04 gen=22.3s train=0.2s
[t=12040.4s] rebel  ep633 games=  48 dec=  5079 rows= 19328 cap=0.02 cfgs= 12.0 L=0.01205 old=0.01139 new=0.01097 tgt=-0.089/0.574 pstd=0.396 capv=0.000 lr=2.5e-04 gen=22.0s train=0.2s
[t=12062.3s] rebel  ep634 games=  48 dec=  5136 rows= 19664 cap=0.02 cfgs= 11.4 L=0.01196 old=0.01090 new=0.01049 tgt=-0.063/0.529 pstd=0.399 capv=0.000 lr=2.5e-04 gen=21.6s train=0.2s
[t=12084.6s] rebel  ep635 games=  48 dec=  4912 rows= 18712 cap=0.00 cfgs= 12.4 L=0.01157 old=0.00942 new=0.01147 tgt=-0.068/0.549 pstd=0.399 capv=0.000 lr=2.5e-04 gen=22.0s train=0.2s
[t=12106.5s] rebel  ep636 games=  48 dec=  4691 rows= 17880 cap=0.00 cfgs= 13.8 L=0.01264 old=0.01240 new=0.01182 tgt=-0.163/0.619 pstd=0.398 capv=0.000 lr=2.5e-04 gen=21.7s train=0.2s
[t=12130.8s] rebel  ep637 games=  48 dec=  5298 rows= 20240 cap=0.02 cfgs= 13.7 L=0.01120 old=0.01192 new=0.01087 tgt=-0.169/0.625 pstd=0.394 capv=0.000 lr=2.5e-04 gen=23.9s train=0.2s
[t=12155.9s] rebel  ep638 games=  48 dec=  5832 rows= 22408 cap=0.06 cfgs= 12.0 L=0.01151 old=0.00963 new=0.01316 tgt=-0.044/0.576 pstd=0.401 capv=0.000 lr=2.5e-04 gen=24.8s train=0.3s
[t=12179.5s] rebel  ep639 games=  48 dec=  5646 rows= 21632 cap=0.02 cfgs= 11.4 L=0.01246 old=0.01101 new=0.01016 tgt=+0.033/0.576 pstd=0.404 capv=0.000 lr=2.5e-04 gen=23.3s train=0.2s
[t=12203.5s] rebel  ep640 games=  48 dec=  5156 rows= 19696 cap=0.00 cfgs= 13.3 L=0.01171 old=0.00819 new=0.01068 tgt=-0.108/0.598 pstd=0.405 capv=0.000 lr=2.5e-04 gen=23.7s train=0.2s
[t=12225.4s] rebel  ep641 games=  48 dec=  4858 rows= 18552 cap=0.00 cfgs= 11.3 L=0.01324 old=0.01023 new=0.01076 tgt=-0.050/0.544 pstd=0.401 capv=0.000 lr=2.5e-04 gen=21.6s train=0.2s
[t=12248.9s] rebel  ep642 games=  48 dec=  4827 rows= 18432 cap=0.00 cfgs= 12.5 L=0.01231 old=0.01120 new=0.00990 tgt=-0.070/0.535 pstd=0.393 capv=0.000 lr=2.5e-04 gen=23.2s train=0.2s
[t=12272.2s] rebel  ep643 games=  48 dec=  5219 rows= 19968 cap=0.02 cfgs= 11.5 L=0.01224 old=0.00869 new=0.01141 tgt=-0.014/0.548 pstd=0.399 capv=0.000 lr=2.5e-04 gen=23.0s train=0.2s
[t=12293.8s] rebel  ep644 games=  48 dec=  4684 rows= 17936 cap=0.00 cfgs= 12.7 L=0.01223 old=0.01257 new=0.01186 tgt=-0.124/0.573 pstd=0.402 capv=0.000 lr=2.5e-04 gen=21.3s train=0.2s
[t=12315.8s] rebel  ep645 games=  48 dec=  4863 rows= 18544 cap=0.00 cfgs= 12.2 L=0.01155 old=0.01167 new=0.01210 tgt=-0.036/0.557 pstd=0.401 capv=0.000 lr=2.5e-04 gen=21.7s train=0.2s
[t=12339.8s] rebel  ep646 games=  48 dec=  5053 rows= 19296 cap=0.00 cfgs= 13.4 L=0.01144 old=0.00910 new=0.01051 tgt=-0.089/0.619 pstd=0.402 capv=0.000 lr=2.5e-04 gen=23.7s train=0.2s
[t=12361.2s] rebel  ep647 games=  48 dec=  5655 rows= 21784 cap=0.08 cfgs= 13.2 L=0.01136 old=0.00972 new=0.01202 tgt=-0.186/0.645 pstd=0.403 capv=0.000 lr=2.5e-04 gen=21.1s train=0.3s
[t=12381.3s] rebel  ep648 games=  48 dec=  4555 rows= 17376 cap=0.00 cfgs= 12.3 L=0.01175 old=0.01199 new=0.01029 tgt=-0.086/0.567 pstd=0.395 capv=0.000 lr=2.5e-04 gen=19.8s train=0.2s
[t=12400.9s] rebel  ep649 games=  48 dec=  5214 rows= 19936 cap=0.04 cfgs= 10.6 L=0.01174 old=0.01299 new=0.01284 tgt=+0.029/0.527 pstd=0.407 capv=0.000 lr=2.5e-04 gen=19.3s train=0.2s
[t=12423.1s] rebel  ep650 games=  48 dec=  4492 rows= 17088 cap=0.00 cfgs= 13.3 L=0.01225 old=0.00975 new=0.01034 tgt=-0.029/0.544 pstd=0.396 capv=0.000 lr=2.5e-04 gen=21.9s train=0.2s
[t=12449.2s] rebel  ep651 games=  48 dec=  5239 rows= 20080 cap=0.02 cfgs= 14.3 L=0.01100 old=0.01245 new=0.00916 tgt=+0.015/0.640 pstd=0.403 capv=0.000 lr=2.5e-04 gen=25.8s train=0.2s
[t=12471.5s] rebel  ep652 games=  48 dec=  5162 rows= 19752 cap=0.00 cfgs= 12.5 L=0.01142 old=0.01222 new=0.01061 tgt=-0.043/0.564 pstd=0.397 capv=0.000 lr=2.5e-04 gen=21.9s train=0.3s
[t=12493.6s] rebel  ep653 games=  48 dec=  4960 rows= 18888 cap=0.00 cfgs= 12.6 L=0.01081 old=0.00961 new=0.01278 tgt=-0.086/0.549 pstd=0.401 capv=0.000 lr=2.5e-04 gen=21.9s train=0.2s
[t=12516.5s] rebel  ep654 games=  48 dec=  5163 rows= 19792 cap=0.00 cfgs= 12.8 L=0.01217 old=0.01070 new=0.01119 tgt=-0.104/0.597 pstd=0.403 capv=0.000 lr=2.5e-04 gen=22.6s train=0.2s
[t=12538.1s] rebel  ep655 games=  48 dec=  4998 rows= 19072 cap=0.00 cfgs= 11.7 L=0.01104 old=0.00874 new=0.01509 tgt=-0.052/0.563 pstd=0.403 capv=0.000 lr=2.5e-04 gen=21.3s train=0.2s
[t=12561.9s] rebel  ep656 games=  48 dec=  5350 rows= 20400 cap=0.02 cfgs= 13.0 L=0.01114 old=0.01191 new=0.01281 tgt=-0.079/0.611 pstd=0.406 capv=0.000 lr=2.5e-04 gen=23.5s train=0.2s
[t=12583.6s] rebel  ep657 games=  48 dec=  5246 rows= 20064 cap=0.06 cfgs= 11.4 L=0.01126 old=0.00937 new=0.01063 tgt=-0.015/0.613 pstd=0.403 capv=0.000 lr=2.5e-04 gen=21.3s train=0.2s
[t=12607.6s] rebel  ep658 games=  48 dec=  5286 rows= 20152 cap=0.00 cfgs= 12.5 L=0.01191 old=0.01011 new=0.01259 tgt=-0.008/0.564 pstd=0.407 capv=0.000 lr=2.5e-04 gen=23.7s train=0.2s
[t=12629.9s] rebel  ep659 games=  48 dec=  4854 rows= 18608 cap=0.02 cfgs= 14.8 L=0.01169 old=0.01161 new=0.01118 tgt=-0.114/0.639 pstd=0.399 capv=0.000 lr=2.5e-04 gen=22.0s train=0.2s
[t=12651.8s] rebel  ep660 games=  48 dec=  5246 rows= 20080 cap=0.00 cfgs= 11.5 L=0.01160 old=0.00990 new=0.01062 tgt=+0.002/0.536 pstd=0.400 capv=0.000 lr=2.5e-04 gen=21.7s train=0.2s
[t=12673.6s] rebel  ep661 games=  48 dec=  4805 rows= 18408 cap=0.00 cfgs= 14.1 L=0.01211 old=0.00786 new=0.01191 tgt=-0.162/0.628 pstd=0.402 capv=0.000 lr=2.5e-04 gen=21.4s train=0.2s
[t=12697.0s] rebel  ep662 games=  48 dec=  5082 rows= 19312 cap=0.04 cfgs= 13.0 L=0.01150 old=0.01152 new=0.01119 tgt=-0.113/0.565 pstd=0.405 capv=0.000 lr=2.5e-04 gen=23.1s train=0.2s
[t=12721.1s] rebel  ep663 games=  48 dec=  5571 rows= 21368 cap=0.00 cfgs= 13.7 L=0.01284 old=0.00791 new=0.00998 tgt=-0.202/0.631 pstd=0.398 capv=0.000 lr=2.5e-04 gen=23.8s train=0.3s
[t=12741.6s] rebel  ep664 games=  48 dec=  4752 rows= 18096 cap=0.02 cfgs= 12.0 L=0.01181 old=0.01002 new=0.01149 tgt=-0.097/0.563 pstd=0.400 capv=0.000 lr=2.5e-04 gen=20.2s train=0.2s
[t=12762.9s] rebel  ep665 games=  48 dec=  5012 rows= 19176 cap=0.00 cfgs= 12.2 L=0.01154 old=0.01126 new=0.00991 tgt=-0.052/0.575 pstd=0.398 capv=0.000 lr=2.5e-04 gen=20.9s train=0.2s
[t=12785.3s] rebel  ep666 games=  48 dec=  5426 rows= 20792 cap=0.02 cfgs= 11.2 L=0.01189 old=0.01016 new=0.01060 tgt=-0.034/0.558 pstd=0.407 capv=0.000 lr=2.5e-04 gen=22.1s train=0.2s
[t=12808.8s] rebel  ep667 games=  48 dec=  5494 rows= 20984 cap=0.02 cfgs= 12.0 L=0.01187 old=0.01167 new=0.01144 tgt=-0.026/0.532 pstd=0.405 capv=0.000 lr=2.5e-04 gen=23.3s train=0.2s
[t=12831.1s] rebel  ep668 games=  48 dec=  5146 rows= 19568 cap=0.02 cfgs= 12.5 L=0.01145 old=0.01019 new=0.01275 tgt=-0.112/0.581 pstd=0.397 capv=0.000 lr=2.5e-04 gen=21.9s train=0.2s
[t=12853.5s] rebel  ep669 games=  48 dec=  5192 rows= 19896 cap=0.00 cfgs= 11.8 L=0.01189 old=0.01199 new=0.01181 tgt=-0.041/0.541 pstd=0.396 capv=0.000 lr=2.5e-04 gen=22.1s train=0.2s
[t=12875.6s] rebel  ep670 games=  48 dec=  5048 rows= 19296 cap=0.04 cfgs= 11.8 L=0.01114 old=0.01101 new=0.01337 tgt=+0.004/0.567 pstd=0.402 capv=0.000 lr=2.5e-04 gen=21.8s train=0.2s
[t=12897.0s] rebel  ep671 games=  48 dec=  4844 rows= 18488 cap=0.00 cfgs= 12.7 L=0.01108 old=0.00973 new=0.01061 tgt=-0.048/0.547 pstd=0.402 capv=0.000 lr=2.5e-04 gen=21.1s train=0.2s
[t=12918.6s] rebel  ep672 games=  48 dec=  5002 rows= 19168 cap=0.04 cfgs= 13.2 L=0.01161 old=0.01162 new=0.01051 tgt=-0.134/0.610 pstd=0.410 capv=0.000 lr=2.5e-04 gen=21.2s train=0.2s
[t=12940.1s] rebel  ep673 games=  48 dec=  4832 rows= 18600 cap=0.02 cfgs= 11.9 L=0.01154 old=0.01099 new=0.01419 tgt=-0.086/0.578 pstd=0.403 capv=0.000 lr=2.5e-04 gen=21.3s train=0.2s
[t=12964.8s] rebel  ep674 games=  48 dec=  5462 rows= 20904 cap=0.02 cfgs= 13.6 L=0.01097 old=0.01043 new=0.00961 tgt=-0.128/0.609 pstd=0.404 capv=0.000 lr=2.5e-04 gen=24.3s train=0.2s
[t=12988.7s] rebel  ep675 games=  48 dec=  5609 rows= 21496 cap=0.04 cfgs= 12.0 L=0.01182 old=0.01131 new=0.01142 tgt=-0.003/0.510 pstd=0.401 capv=0.000 lr=2.5e-04 gen=23.6s train=0.3s
[t=13010.3s] rebel  ep676 games=  48 dec=  5231 rows= 19960 cap=0.02 cfgs= 11.7 L=0.01193 old=0.01303 new=0.01171 tgt=-0.035/0.550 pstd=0.403 capv=0.000 lr=2.5e-04 gen=21.2s train=0.2s
[t=13030.7s] rebel  ep677 games=  48 dec=  4673 rows= 17856 cap=0.00 cfgs= 11.9 L=0.01192 old=0.01013 new=0.01110 tgt=-0.075/0.541 pstd=0.403 capv=0.000 lr=2.5e-04 gen=20.2s train=0.2s
[t=13054.0s] rebel  ep678 games=  48 dec=  5639 rows= 21576 cap=0.04 cfgs= 11.5 L=0.01159 old=0.01365 new=0.01140 tgt=-0.034/0.581 pstd=0.404 capv=0.000 lr=2.5e-04 gen=22.9s train=0.3s
[t=13075.2s] rebel  ep679 games=  48 dec=  5571 rows= 21432 cap=0.02 cfgs= 10.9 L=0.01129 old=0.01240 new=0.00989 tgt=-0.036/0.565 pstd=0.404 capv=0.000 lr=2.5e-04 gen=20.8s train=0.3s
[t=13098.6s] rebel  ep680 games=  48 dec=  5328 rows= 20280 cap=0.00 cfgs= 12.5 L=0.01158 old=0.00961 new=0.01443 tgt=-0.152/0.572 pstd=0.404 capv=0.000 lr=2.5e-04 gen=23.1s train=0.2s
[t=13121.1s] rebel  ep681 games=  48 dec=  4921 rows= 18848 cap=0.00 cfgs= 12.9 L=0.01170 old=0.01062 new=0.00950 tgt=-0.092/0.596 pstd=0.404 capv=0.000 lr=2.5e-04 gen=22.3s train=0.2s
[t=13142.6s] rebel  ep682 games=  48 dec=  4869 rows= 18568 cap=0.00 cfgs= 13.1 L=0.01140 old=0.00925 new=0.01072 tgt=-0.094/0.617 pstd=0.399 capv=0.000 lr=2.5e-04 gen=21.2s train=0.2s
[t=13165.3s] rebel  ep683 games=  48 dec=  5066 rows= 19328 cap=0.00 cfgs= 12.6 L=0.01166 old=0.00996 new=0.00954 tgt=-0.093/0.557 pstd=0.410 capv=0.000 lr=2.5e-04 gen=22.3s train=0.2s
[t=13187.8s] rebel  ep684 games=  48 dec=  4981 rows= 19080 cap=0.02 cfgs= 13.3 L=0.01183 old=0.01127 new=0.01150 tgt=-0.094/0.598 pstd=0.405 capv=0.000 lr=2.5e-04 gen=22.3s train=0.2s
[t=13209.4s] rebel  ep685 games=  48 dec=  4788 rows= 18304 cap=0.04 cfgs= 12.6 L=0.01213 old=0.01259 new=0.01029 tgt=-0.040/0.538 pstd=0.407 capv=0.000 lr=2.5e-04 gen=21.2s train=0.2s
[t=13232.7s] rebel  ep686 games=  48 dec=  5221 rows= 20056 cap=0.00 cfgs= 12.4 L=0.01219 old=0.01002 new=0.00999 tgt=-0.036/0.555 pstd=0.404 capv=0.000 lr=2.5e-04 gen=23.0s train=0.2s
[t=13254.4s] rebel  ep687 games=  48 dec=  5074 rows= 19368 cap=0.00 cfgs= 12.2 L=0.01202 old=0.00974 new=0.01077 tgt=-0.086/0.573 pstd=0.407 capv=0.000 lr=2.5e-04 gen=21.3s train=0.2s
[t=13277.2s] rebel  ep688 games=  48 dec=  5233 rows= 20056 cap=0.04 cfgs= 12.5 L=0.01219 old=0.01004 new=0.01411 tgt=-0.077/0.575 pstd=0.406 capv=0.000 lr=2.5e-04 gen=22.4s train=0.2s
[t=13300.6s] rebel  ep689 games=  48 dec=  5689 rows= 21776 cap=0.02 cfgs= 12.0 L=0.01212 old=0.01111 new=0.01063 tgt=-0.068/0.594 pstd=0.407 capv=0.000 lr=2.5e-04 gen=23.1s train=0.3s
[t=13322.4s] rebel  ep690 games=  48 dec=  4888 rows= 18568 cap=0.00 cfgs= 13.0 L=0.01230 old=0.01028 new=0.01191 tgt=-0.113/0.604 pstd=0.402 capv=0.000 lr=2.5e-04 gen=21.4s train=0.2s
[t=13344.0s] rebel  ep691 games=  48 dec=  5500 rows= 21024 cap=0.02 cfgs= 10.4 L=0.01181 old=0.01075 new=0.01397 tgt=-0.010/0.562 pstd=0.405 capv=0.000 lr=2.5e-04 gen=21.3s train=0.2s
[t=13366.0s] rebel  ep692 games=  48 dec=  4872 rows= 18568 cap=0.00 cfgs= 12.0 L=0.01219 old=0.01194 new=0.01257 tgt=-0.050/0.510 pstd=0.409 capv=0.000 lr=2.5e-04 gen=21.7s train=0.2s
[t=13387.8s] rebel  ep693 games=  48 dec=  5464 rows= 20928 cap=0.06 cfgs= 11.3 L=0.01235 old=0.01053 new=0.01023 tgt=-0.052/0.570 pstd=0.401 capv=0.000 lr=2.5e-04 gen=21.5s train=0.2s
[t=13412.5s] rebel  ep694 games=  48 dec=  5468 rows= 20896 cap=0.02 cfgs= 11.9 L=0.01139 old=0.01152 new=0.01138 tgt=-0.064/0.558 pstd=0.408 capv=0.000 lr=2.5e-04 gen=24.3s train=0.2s
[t=13436.3s] rebel  ep695 games=  48 dec=  5876 rows= 22456 cap=0.06 cfgs= 11.3 L=0.01224 old=0.01167 new=0.01070 tgt=-0.071/0.576 pstd=0.399 capv=0.000 lr=2.5e-04 gen=23.5s train=0.3s
[t=13460.3s] rebel  ep696 games=  48 dec=  5306 rows= 20272 cap=0.02 cfgs= 13.7 L=0.01196 old=0.00978 new=0.01001 tgt=-0.130/0.601 pstd=0.400 capv=0.000 lr=2.5e-04 gen=23.6s train=0.2s
[t=13481.7s] rebel  ep697 games=  48 dec=  5003 rows= 19224 cap=0.02 cfgs= 12.0 L=0.01222 old=0.01215 new=0.01345 tgt=-0.076/0.595 pstd=0.407 capv=0.000 lr=2.5e-04 gen=21.2s train=0.2s
[t=13504.2s] rebel  ep698 games=  48 dec=  5350 rows= 20400 cap=0.00 cfgs= 12.8 L=0.01193 old=0.00897 new=0.01115 tgt=-0.119/0.611 pstd=0.398 capv=0.000 lr=2.5e-04 gen=22.1s train=0.2s
[t=13525.9s] rebel  ep699 games=  48 dec=  5134 rows= 19520 cap=0.00 cfgs= 11.8 L=0.01246 old=0.01346 new=0.01098 tgt=-0.024/0.538 pstd=0.410 capv=0.000 lr=2.5e-04 gen=21.4s train=0.2s
[t=13551.1s] rebel  ep700 games=  48 dec=  5146 rows= 19760 cap=0.02 cfgs= 17.6 L=0.01272 old=0.01115 new=0.01475 tgt=-0.283/0.627 pstd=0.406 capv=0.000 lr=2.5e-04 gen=24.9s train=0.2s
[t=13574.3s] rebel  ep701 games=  48 dec=  5395 rows= 20720 cap=0.06 cfgs= 11.9 L=0.01101 old=0.00984 new=0.01258 tgt=-0.063/0.552 pstd=0.403 capv=0.000 lr=2.5e-04 gen=22.9s train=0.2s
[t=13596.8s] rebel  ep702 games=  48 dec=  5178 rows= 19776 cap=0.00 cfgs= 11.1 L=0.01273 old=0.00976 new=0.01161 tgt=+0.007/0.548 pstd=0.413 capv=0.000 lr=2.5e-04 gen=22.1s train=0.2s
[t=13618.8s] rebel  ep703 games=  48 dec=  5040 rows= 19280 cap=0.02 cfgs= 12.3 L=0.01134 old=0.01318 new=0.00968 tgt=-0.067/0.587 pstd=0.403 capv=0.000 lr=2.5e-04 gen=21.7s train=0.2s
[t=13641.0s] rebel  ep704 games=  48 dec=  5073 rows= 19384 cap=0.00 cfgs= 12.1 L=0.01193 old=0.00971 new=0.01090 tgt=-0.067/0.523 pstd=0.409 capv=0.000 lr=2.5e-04 gen=21.9s train=0.2s
[t=13665.6s] rebel  ep705 games=  48 dec=  5792 rows= 22200 cap=0.00 cfgs= 11.7 L=0.01211 old=0.00994 new=0.01249 tgt=-0.063/0.579 pstd=0.409 capv=0.000 lr=2.5e-04 gen=24.3s train=0.3s
[t=13688.8s] rebel  ep706 games=  48 dec=  5219 rows= 20008 cap=0.04 cfgs= 13.2 L=0.01216 old=0.01070 new=0.01169 tgt=-0.159/0.624 pstd=0.399 capv=0.000 lr=2.5e-04 gen=22.9s train=0.2s
[t=13713.0s] rebel  ep707 games=  48 dec=  5605 rows= 21424 cap=0.00 cfgs= 12.7 L=0.01195 old=0.00970 new=0.00884 tgt=-0.131/0.614 pstd=0.410 capv=0.000 lr=2.5e-04 gen=23.8s train=0.3s
[t=13735.1s] rebel  ep708 games=  48 dec=  5186 rows= 19824 cap=0.02 cfgs= 11.9 L=0.01229 old=0.01303 new=0.01032 tgt=-0.049/0.565 pstd=0.403 capv=0.000 lr=2.5e-04 gen=21.8s train=0.2s
[t=13758.1s] rebel  ep709 games=  48 dec=  5555 rows= 21312 cap=0.04 cfgs= 12.0 L=0.01177 old=0.00965 new=0.01062 tgt=-0.110/0.628 pstd=0.408 capv=0.000 lr=2.5e-04 gen=22.7s train=0.3s
[t=13781.7s] rebel  ep710 games=  48 dec=  5269 rows= 20056 cap=0.00 cfgs= 13.1 L=0.01208 old=0.01245 new=0.01461 tgt=-0.179/0.607 pstd=0.409 capv=0.000 lr=2.5e-04 gen=23.2s train=0.2s
[t=13805.3s] rebel  ep711 games=  48 dec=  5598 rows= 21288 cap=0.02 cfgs= 11.1 L=0.01205 old=0.01033 new=0.01223 tgt=-0.058/0.547 pstd=0.404 capv=0.000 lr=2.5e-04 gen=23.3s train=0.3s
[t=13829.0s] rebel  ep712 games=  48 dec=  5263 rows= 20112 cap=0.00 cfgs= 11.7 L=0.01151 old=0.01051 new=0.01073 tgt=-0.011/0.515 pstd=0.405 capv=0.000 lr=2.5e-04 gen=23.3s train=0.2s
[t=13853.0s] rebel  ep713 games=  48 dec=  5526 rows= 21208 cap=0.04 cfgs= 11.8 L=0.01169 old=0.01110 new=0.01280 tgt=-0.046/0.571 pstd=0.409 capv=0.000 lr=2.5e-04 gen=23.7s train=0.3s
[t=13875.4s] rebel  ep714 games=  48 dec=  5016 rows= 19216 cap=0.02 cfgs= 14.0 L=0.01215 old=0.00971 new=0.01131 tgt=-0.110/0.630 pstd=0.409 capv=0.000 lr=2.5e-04 gen=22.0s train=0.2s
[t=13898.5s] rebel  ep715 games=  48 dec=  5484 rows= 21000 cap=0.04 cfgs= 12.7 L=0.01212 old=0.00947 new=0.01044 tgt=-0.122/0.611 pstd=0.405 capv=0.000 lr=2.5e-04 gen=22.8s train=0.2s
[t=13920.6s] rebel  ep716 games=  48 dec=  5168 rows= 19752 cap=0.00 cfgs= 11.7 L=0.01268 old=0.01105 new=0.00907 tgt=-0.062/0.557 pstd=0.410 capv=0.000 lr=2.5e-04 gen=21.8s train=0.2s
[t=13942.8s] rebel  ep717 games=  48 dec=  5120 rows= 19616 cap=0.02 cfgs= 11.6 L=0.01206 old=0.01049 new=0.01028 tgt=-0.014/0.520 pstd=0.411 capv=0.000 lr=2.5e-04 gen=21.9s train=0.2s
[t=13966.9s] rebel  ep718 games=  48 dec=  5651 rows= 21616 cap=0.00 cfgs= 11.7 L=0.01230 old=0.01324 new=0.01000 tgt=-0.066/0.536 pstd=0.410 capv=0.000 lr=2.5e-04 gen=23.7s train=0.3s
[t=13989.5s] rebel  ep719 games=  48 dec=  5516 rows= 21136 cap=0.02 cfgs= 10.7 L=0.01210 old=0.01311 new=0.01058 tgt=+0.007/0.529 pstd=0.403 capv=0.000 lr=2.5e-04 gen=22.3s train=0.2s
[t=14012.5s] rebel  ep720 games=  48 dec=  5697 rows= 21816 cap=0.02 cfgs= 10.7 L=0.01200 old=0.01241 new=0.00953 tgt=-0.033/0.549 pstd=0.405 capv=0.000 lr=2.5e-04 gen=22.7s train=0.3s
[t=14035.0s] rebel  ep721 games=  48 dec=  5362 rows= 20576 cap=0.00 cfgs= 11.0 L=0.01167 old=0.01119 new=0.00898 tgt=-0.020/0.570 pstd=0.407 capv=0.000 lr=2.5e-04 gen=22.1s train=0.2s
[t=14057.8s] rebel  ep722 games=  48 dec=  4978 rows= 19000 cap=0.02 cfgs= 12.7 L=0.01227 old=0.00981 new=0.00999 tgt=-0.072/0.552 pstd=0.403 capv=0.000 lr=2.5e-04 gen=22.5s train=0.2s
[t=14078.1s] rebel  ep723 games=  48 dec=  4918 rows= 18816 cap=0.04 cfgs= 11.0 L=0.01226 old=0.01165 new=0.01472 tgt=-0.051/0.569 pstd=0.401 capv=0.000 lr=2.5e-04 gen=20.0s train=0.2s
[t=14101.5s] rebel  ep724 games=  48 dec=  5435 rows= 20688 cap=0.02 cfgs= 11.1 L=0.01210 old=0.01079 new=0.01110 tgt=-0.024/0.510 pstd=0.406 capv=0.000 lr=2.5e-04 gen=23.1s train=0.2s
[t=14124.5s] rebel  ep725 games=  48 dec=  5100 rows= 19496 cap=0.00 cfgs= 12.4 L=0.01169 old=0.00976 new=0.01004 tgt=-0.005/0.478 pstd=0.412 capv=0.000 lr=2.5e-04 gen=22.7s train=0.2s
[t=14146.2s] rebel  ep726 games=  48 dec=  5325 rows= 20400 cap=0.02 cfgs= 11.4 L=0.01210 old=0.01244 new=0.00783 tgt=+0.002/0.586 pstd=0.411 capv=0.000 lr=2.5e-04 gen=21.4s train=0.2s
[t=14167.8s] rebel  ep727 games=  48 dec=  5019 rows= 19272 cap=0.02 cfgs= 12.3 L=0.01241 old=0.01012 new=0.01021 tgt=-0.035/0.577 pstd=0.413 capv=0.000 lr=2.5e-04 gen=21.3s train=0.2s
[t=14188.9s] rebel  ep728 games=  48 dec=  5113 rows= 19552 cap=0.00 cfgs= 12.6 L=0.01128 old=0.01294 new=0.01243 tgt=-0.137/0.596 pstd=0.412 capv=0.000 lr=2.5e-04 gen=20.8s train=0.2s
[t=14211.5s] rebel  ep729 games=  48 dec=  4946 rows= 18888 cap=0.00 cfgs= 12.9 L=0.01178 old=0.01122 new=0.01079 tgt=-0.099/0.566 pstd=0.404 capv=0.000 lr=2.5e-04 gen=22.3s train=0.2s
[t=14233.7s] rebel  ep730 games=  48 dec=  4803 rows= 18408 cap=0.02 cfgs= 13.6 L=0.01188 old=0.01150 new=0.01132 tgt=-0.170/0.599 pstd=0.411 capv=0.000 lr=2.5e-04 gen=21.8s train=0.2s
[t=14255.3s] rebel  ep731 games=  48 dec=  5090 rows= 19528 cap=0.02 cfgs= 11.3 L=0.01139 old=0.01207 new=0.01034 tgt=-0.031/0.538 pstd=0.407 capv=0.000 lr=2.5e-04 gen=21.3s train=0.2s
[t=14277.6s] rebel  ep732 games=  48 dec=  5404 rows= 20696 cap=0.02 cfgs= 11.4 L=0.01181 old=0.01030 new=0.01139 tgt=-0.061/0.549 pstd=0.410 capv=0.000 lr=2.5e-04 gen=22.0s train=0.2s
[t=14299.5s] rebel  ep733 games=  48 dec=  5114 rows= 19440 cap=0.00 cfgs= 11.9 L=0.01338 old=0.01286 new=0.01135 tgt=-0.067/0.543 pstd=0.409 capv=0.000 lr=2.5e-04 gen=21.6s train=0.2s
[t=14322.3s] rebel  ep734 games=  48 dec=  5531 rows= 21240 cap=0.02 cfgs= 11.1 L=0.01250 old=0.01194 new=0.01210 tgt=-0.050/0.551 pstd=0.406 capv=0.000 lr=2.5e-04 gen=22.4s train=0.3s
[t=14346.2s] rebel  ep735 games=  48 dec=  5832 rows= 22256 cap=0.06 cfgs= 11.2 L=0.01222 old=0.01307 new=0.01055 tgt=-0.058/0.543 pstd=0.412 capv=0.000 lr=2.5e-04 gen=23.6s train=0.3s
[t=14368.3s] rebel  ep736 games=  48 dec=  4812 rows= 18448 cap=0.00 cfgs= 13.1 L=0.01252 old=0.01123 new=0.01162 tgt=-0.160/0.585 pstd=0.411 capv=0.000 lr=2.5e-04 gen=21.9s train=0.2s
[t=14391.4s] rebel  ep737 games=  48 dec=  5670 rows= 21728 cap=0.04 cfgs= 10.8 L=0.01245 old=0.01062 new=0.01147 tgt=-0.031/0.558 pstd=0.408 capv=0.000 lr=2.5e-04 gen=22.7s train=0.2s
[t=14413.7s] rebel  ep738 games=  48 dec=  5322 rows= 20464 cap=0.02 cfgs= 11.5 L=0.01198 old=0.01057 new=0.01008 tgt=-0.047/0.546 pstd=0.405 capv=0.000 lr=2.5e-04 gen=22.1s train=0.2s
[t=14436.0s] rebel  ep739 games=  48 dec=  5285 rows= 20328 cap=0.02 cfgs= 11.6 L=0.01209 old=0.01028 new=0.01185 tgt=-0.044/0.561 pstd=0.412 capv=0.000 lr=2.5e-04 gen=22.0s train=0.2s
[t=14459.2s] rebel  ep740 games=  48 dec=  5726 rows= 21976 cap=0.04 cfgs= 11.1 L=0.01188 old=0.01021 new=0.01050 tgt=-0.064/0.561 pstd=0.421 capv=0.000 lr=2.5e-04 gen=22.9s train=0.3s
[t=14483.4s] rebel  ep741 games=  48 dec=  5329 rows= 20360 cap=0.00 cfgs= 12.2 L=0.01242 old=0.01177 new=0.01244 tgt=-0.011/0.558 pstd=0.414 capv=0.000 lr=2.5e-04 gen=23.9s train=0.2s
[t=14504.9s] rebel  ep742 games=  48 dec=  5443 rows= 20896 cap=0.04 cfgs= 10.6 L=0.01215 old=0.01142 new=0.01112 tgt=-0.027/0.555 pstd=0.411 capv=0.000 lr=2.5e-04 gen=21.1s train=0.2s
[t=14530.7s] rebel  ep743 games=  48 dec=  5115 rows= 19688 cap=0.02 cfgs= 15.6 L=0.01251 old=0.01135 new=0.01193 tgt=-0.266/0.631 pstd=0.409 capv=0.000 lr=2.5e-04 gen=25.5s train=0.2s
[t=14553.5s] rebel  ep744 games=  48 dec=  5088 rows= 19520 cap=0.02 cfgs= 12.4 L=0.01263 old=0.01121 new=0.01074 tgt=-0.121/0.580 pstd=0.402 capv=0.000 lr=2.5e-04 gen=22.4s train=0.2s
[t=14576.2s] rebel  ep745 games=  48 dec=  4958 rows= 19008 cap=0.02 cfgs= 13.9 L=0.01272 old=0.01144 new=0.01228 tgt=-0.087/0.588 pstd=0.406 capv=0.000 lr=2.5e-04 gen=22.4s train=0.2s
[t=14597.0s] rebel  ep746 games=  48 dec=  5274 rows= 20264 cap=0.04 cfgs= 10.4 L=0.01193 old=0.01094 new=0.01129 tgt=-0.024/0.547 pstd=0.406 capv=0.000 lr=2.5e-04 gen=20.6s train=0.2s
[t=14619.8s] rebel  ep747 games=  48 dec=  4962 rows= 18896 cap=0.00 cfgs= 12.5 L=0.01258 old=0.01043 new=0.01273 tgt=-0.029/0.559 pstd=0.408 capv=0.000 lr=2.5e-04 gen=22.4s train=0.2s
[t=14641.5s] rebel  ep748 games=  48 dec=  4851 rows= 18520 cap=0.02 cfgs= 12.0 L=0.01179 old=0.01088 new=0.01382 tgt=+0.003/0.543 pstd=0.415 capv=0.000 lr=2.5e-04 gen=21.4s train=0.2s
[t=14664.4s] rebel  ep749 games=  48 dec=  5308 rows= 20400 cap=0.04 cfgs= 12.4 L=0.01187 old=0.01079 new=0.01257 tgt=-0.067/0.587 pstd=0.414 capv=0.000 lr=2.5e-04 gen=22.6s train=0.2s
[t=14687.3s] rebel  ep750 games=  48 dec=  5565 rows= 21456 cap=0.08 cfgs= 11.5 L=0.01174 old=0.01177 new=0.01236 tgt=-0.117/0.598 pstd=0.408 capv=0.000 lr=2.5e-04 gen=22.6s train=0.3s
[t=14708.6s] rebel  ep751 games=  48 dec=  5094 rows= 19432 cap=0.00 cfgs= 11.2 L=0.01173 old=0.00867 new=0.01122 tgt=-0.044/0.543 pstd=0.410 capv=0.000 lr=2.5e-04 gen=20.9s train=0.2s
[t=14732.3s] rebel  ep752 games=  48 dec=  5101 rows= 19584 cap=0.00 cfgs= 13.3 L=0.01235 old=0.01053 new=0.01198 tgt=-0.109/0.573 pstd=0.416 capv=0.000 lr=2.5e-04 gen=23.4s train=0.2s
[t=14756.8s] --- snapshot snap_04.pt (s4) ---
[t=14756.8s] rebel  ep753 games=  48 dec=  5522 rows= 21112 cap=0.04 cfgs= 11.9 L=0.01228 old=0.01094 new=0.01595 tgt=+0.001/0.538 pstd=0.416 capv=0.000 lr=2.5e-04 gen=24.2s train=0.2s
[t=14779.6s] rebel  ep754 games=  48 dec=  5164 rows= 19768 cap=0.04 cfgs= 13.3 L=0.01253 old=0.01161 new=0.01511 tgt=-0.098/0.616 pstd=0.415 capv=0.000 lr=2.5e-04 gen=22.5s train=0.2s
[t=14803.4s] rebel  ep755 games=  48 dec=  5480 rows= 20952 cap=0.00 cfgs= 12.4 L=0.01155 old=0.01006 new=0.01108 tgt=-0.057/0.618 pstd=0.414 capv=0.000 lr=2.5e-04 gen=23.5s train=0.2s
[t=14827.4s] rebel  ep756 games=  48 dec=  5532 rows= 21168 cap=0.04 cfgs= 12.8 L=0.01114 old=0.01175 new=0.01234 tgt=-0.037/0.603 pstd=0.415 capv=0.000 lr=2.5e-04 gen=23.7s train=0.2s
[t=14852.0s] rebel  ep757 games=  48 dec=  5890 rows= 22600 cap=0.02 cfgs= 12.6 L=0.01180 old=0.01044 new=0.01176 tgt=-0.140/0.623 pstd=0.419 capv=0.000 lr=2.5e-04 gen=24.2s train=0.3s
[t=14875.7s] rebel  ep758 games=  48 dec=  5199 rows= 19880 cap=0.00 cfgs= 12.7 L=0.01223 old=0.01268 new=0.00977 tgt=-0.024/0.555 pstd=0.415 capv=0.000 lr=2.5e-04 gen=23.3s train=0.2s
[t=14899.1s] rebel  ep759 games=  48 dec=  5481 rows= 20920 cap=0.00 cfgs= 11.6 L=0.01200 old=0.01423 new=0.00943 tgt=-0.081/0.567 pstd=0.420 capv=0.000 lr=2.5e-04 gen=23.1s train=0.2s
[t=14922.3s] rebel  ep760 games=  48 dec=  5738 rows= 21936 cap=0.04 cfgs= 12.0 L=0.01167 old=0.00900 new=0.01068 tgt=-0.145/0.607 pstd=0.413 capv=0.000 lr=2.5e-04 gen=22.8s train=0.3s
[t=14944.2s] rebel  ep761 games=  48 dec=  5116 rows= 19496 cap=0.00 cfgs= 12.6 L=0.01124 old=0.01102 new=0.01235 tgt=-0.063/0.592 pstd=0.414 capv=0.000 lr=2.5e-04 gen=21.6s train=0.2s
[t=14967.2s] rebel  ep762 games=  48 dec=  4831 rows= 18544 cap=0.02 cfgs= 13.7 L=0.01186 old=0.00944 new=0.01259 tgt=-0.164/0.570 pstd=0.414 capv=0.000 lr=2.5e-04 gen=22.7s train=0.2s
[t=14990.4s] rebel  ep763 games=  48 dec=  5852 rows= 22368 cap=0.00 cfgs= 11.5 L=0.01186 old=0.01064 new=0.01033 tgt=-0.110/0.601 pstd=0.412 capv=0.000 lr=2.5e-04 gen=22.8s train=0.3s
[t=15012.9s] rebel  ep764 games=  48 dec=  5117 rows= 19600 cap=0.02 cfgs= 12.0 L=0.01150 old=0.01073 new=0.01034 tgt=-0.036/0.587 pstd=0.418 capv=0.000 lr=2.5e-04 gen=22.2s train=0.2s
[t=15035.3s] rebel  ep765 games=  48 dec=  5317 rows= 20408 cap=0.00 cfgs= 11.2 L=0.01160 old=0.01217 new=0.01100 tgt=-0.060/0.534 pstd=0.413 capv=0.000 lr=2.5e-04 gen=22.1s train=0.2s
[t=15056.8s] rebel  ep766 games=  48 dec=  5372 rows= 20608 cap=0.02 cfgs= 10.7 L=0.01244 old=0.00951 new=0.01063 tgt=-0.041/0.569 pstd=0.411 capv=0.000 lr=2.5e-04 gen=21.1s train=0.2s
[t=15078.5s] rebel  ep767 games=  48 dec=  5249 rows= 20096 cap=0.00 cfgs= 11.2 L=0.01137 old=0.00996 new=0.01161 tgt=-0.049/0.551 pstd=0.412 capv=0.000 lr=2.5e-04 gen=21.4s train=0.2s
[t=15100.8s] rebel  ep768 games=  48 dec=  5613 rows= 21520 cap=0.02 cfgs= 11.3 L=0.01152 old=0.01226 new=0.01270 tgt=+0.059/0.546 pstd=0.420 capv=0.000 lr=2.5e-04 gen=21.9s train=0.3s
[t=15123.8s] rebel  ep769 games=  48 dec=  5706 rows= 21848 cap=0.00 cfgs= 12.5 L=0.01188 old=0.01159 new=0.01154 tgt=-0.179/0.608 pstd=0.420 capv=0.000 lr=2.5e-04 gen=22.7s train=0.3s
[t=15146.6s] rebel  ep770 games=  48 dec=  5434 rows= 20864 cap=0.02 cfgs= 11.9 L=0.01287 old=0.01134 new=0.01207 tgt=-0.031/0.568 pstd=0.418 capv=0.000 lr=2.5e-04 gen=22.6s train=0.2s
[t=15168.7s] rebel  ep771 games=  48 dec=  5725 rows= 21936 cap=0.02 cfgs= 11.0 L=0.01281 old=0.01072 new=0.01143 tgt=-0.065/0.580 pstd=0.418 capv=0.000 lr=2.5e-04 gen=21.7s train=0.3s
[t=15192.2s] rebel  ep772 games=  48 dec=  5956 rows= 22856 cap=0.02 cfgs= 10.8 L=0.01174 old=0.01390 new=0.00925 tgt=+0.022/0.563 pstd=0.424 capv=0.000 lr=2.5e-04 gen=23.2s train=0.3s
[t=15214.1s] rebel  ep773 games=  48 dec=  5005 rows= 19072 cap=0.00 cfgs= 12.1 L=0.01157 old=0.00961 new=0.01071 tgt=-0.053/0.537 pstd=0.414 capv=0.000 lr=2.5e-04 gen=21.6s train=0.2s
[t=15237.0s] rebel  ep774 games=  48 dec=  5154 rows= 19768 cap=0.04 cfgs= 13.0 L=0.01232 old=0.01330 new=0.01224 tgt=-0.067/0.565 pstd=0.411 capv=0.000 lr=2.5e-04 gen=22.6s train=0.2s
[t=15258.8s] rebel  ep775 games=  48 dec=  5280 rows= 20184 cap=0.00 cfgs= 11.3 L=0.01224 old=0.01302 new=0.01352 tgt=-0.037/0.543 pstd=0.423 capv=0.000 lr=2.5e-04 gen=21.5s train=0.2s
[t=15281.5s] rebel  ep776 games=  48 dec=  5182 rows= 19808 cap=0.02 cfgs= 12.4 L=0.01195 old=0.01096 new=0.01150 tgt=-0.091/0.561 pstd=0.418 capv=0.000 lr=2.5e-04 gen=22.3s train=0.2s
[t=15303.3s] rebel  ep777 games=  48 dec=  5481 rows= 21008 cap=0.04 cfgs= 11.1 L=0.01250 old=0.01417 new=0.01071 tgt=+0.005/0.531 pstd=0.414 capv=0.000 lr=2.5e-04 gen=21.5s train=0.2s
[t=15325.1s] rebel  ep778 games=  48 dec=  5165 rows= 19768 cap=0.02 cfgs= 12.1 L=0.01225 old=0.01253 new=0.01112 tgt=-0.115/0.572 pstd=0.408 capv=0.000 lr=2.5e-04 gen=21.5s train=0.2s
[t=15344.8s] rebel  ep779 games=  48 dec=  4693 rows= 17952 cap=0.00 cfgs= 11.8 L=0.01261 old=0.01163 new=0.01232 tgt=-0.068/0.570 pstd=0.419 capv=0.000 lr=2.5e-04 gen=19.4s train=0.2s
[t=15367.2s] rebel  ep780 games=  48 dec=  4847 rows= 18536 cap=0.00 cfgs= 12.6 L=0.01190 old=0.00975 new=0.01124 tgt=-0.095/0.579 pstd=0.413 capv=0.000 lr=2.5e-04 gen=22.1s train=0.2s
[t=15387.5s] rebel  ep781 games=  48 dec=  4653 rows= 17864 cap=0.00 cfgs= 11.9 L=0.01284 old=0.01111 new=0.01081 tgt=-0.054/0.548 pstd=0.417 capv=0.000 lr=2.5e-04 gen=20.0s train=0.2s
[t=15410.0s] rebel  ep782 games=  48 dec=  4713 rows= 18088 cap=0.00 cfgs= 15.6 L=0.01190 old=0.01187 new=0.01158 tgt=-0.003/0.662 pstd=0.414 capv=0.000 lr=2.5e-04 gen=22.3s train=0.2s
[t=15431.8s] rebel  ep783 games=  48 dec=  5822 rows= 22280 cap=0.06 cfgs= 10.5 L=0.01151 old=0.01136 new=0.01198 tgt=-0.037/0.563 pstd=0.416 capv=0.000 lr=2.5e-04 gen=21.4s train=0.3s
[t=15454.2s] rebel  ep784 games=  48 dec=  5904 rows= 22664 cap=0.06 cfgs= 10.2 L=0.01251 old=0.01076 new=0.01024 tgt=+0.001/0.534 pstd=0.412 capv=0.000 lr=2.5e-04 gen=22.0s train=0.3s
[t=15476.2s] rebel  ep785 games=  48 dec=  5601 rows= 21504 cap=0.06 cfgs= 11.0 L=0.01129 old=0.01355 new=0.00928 tgt=-0.022/0.543 pstd=0.418 capv=0.000 lr=2.5e-04 gen=21.6s train=0.3s
[t=15497.6s] rebel  ep786 games=  48 dec=  4863 rows= 18616 cap=0.00 cfgs= 11.9 L=0.01246 old=0.00939 new=0.01163 tgt=-0.037/0.515 pstd=0.418 capv=0.000 lr=2.5e-04 gen=21.2s train=0.2s
[t=15517.5s] rebel  ep787 games=  48 dec=  4649 rows= 17808 cap=0.00 cfgs= 12.1 L=0.01189 old=0.01219 new=0.01091 tgt=-0.100/0.570 pstd=0.419 capv=0.000 lr=2.5e-04 gen=19.6s train=0.2s
[t=15541.8s] rebel  ep788 games=  48 dec=  5818 rows= 22320 cap=0.04 cfgs= 11.5 L=0.01295 old=0.00932 new=0.01103 tgt=-0.073/0.546 pstd=0.418 capv=0.000 lr=2.5e-04 gen=23.9s train=0.2s
[t=15564.2s] rebel  ep789 games=  48 dec=  5193 rows= 19912 cap=0.00 cfgs= 11.6 L=0.01284 old=0.01165 new=0.01095 tgt=-0.017/0.592 pstd=0.422 capv=0.000 lr=2.5e-04 gen=22.1s train=0.2s
[t=15587.0s] rebel  ep790 games=  48 dec=  5211 rows= 19984 cap=0.00 cfgs= 11.4 L=0.01192 old=0.00929 new=0.01126 tgt=-0.033/0.494 pstd=0.422 capv=0.000 lr=2.5e-04 gen=22.5s train=0.2s
[t=15608.7s] rebel  ep791 games=  48 dec=  4998 rows= 19104 cap=0.00 cfgs= 12.4 L=0.01255 old=0.01412 new=0.01115 tgt=-0.132/0.569 pstd=0.420 capv=0.000 lr=2.5e-04 gen=21.4s train=0.2s
[t=15630.7s] rebel  ep792 games=  48 dec=  5172 rows= 19840 cap=0.02 cfgs= 13.0 L=0.01210 old=0.01001 new=0.01427 tgt=-0.099/0.600 pstd=0.417 capv=0.000 lr=2.5e-04 gen=21.6s train=0.2s
[t=15651.5s] rebel  ep793 games=  48 dec=  5014 rows= 19152 cap=0.02 cfgs= 11.3 L=0.01255 old=0.01289 new=0.01263 tgt=-0.086/0.574 pstd=0.413 capv=0.000 lr=2.5e-04 gen=20.6s train=0.2s
[t=15673.4s] rebel  ep794 games=  48 dec=  5305 rows= 20272 cap=0.04 cfgs= 12.4 L=0.01197 old=0.01327 new=0.01094 tgt=-0.049/0.604 pstd=0.419 capv=0.000 lr=2.5e-04 gen=21.6s train=0.2s
[t=15695.1s] rebel  ep795 games=  48 dec=  5440 rows= 20832 cap=0.04 cfgs= 11.4 L=0.01143 old=0.01177 new=0.01054 tgt=-0.083/0.588 pstd=0.412 capv=0.000 lr=2.5e-04 gen=21.4s train=0.2s
[t=15718.0s] rebel  ep796 games=  48 dec=  5625 rows= 21536 cap=0.06 cfgs= 10.9 L=0.01310 old=0.01133 new=0.01012 tgt=-0.063/0.510 pstd=0.419 capv=0.000 lr=2.5e-04 gen=22.6s train=0.3s
[t=15740.0s] rebel  ep797 games=  48 dec=  5105 rows= 19520 cap=0.00 cfgs= 11.7 L=0.01198 old=0.01029 new=0.01164 tgt=-0.053/0.528 pstd=0.421 capv=0.000 lr=2.5e-04 gen=21.7s train=0.2s
[t=15762.9s] rebel  ep798 games=  48 dec=  6087 rows= 23392 cap=0.08 cfgs= 10.7 L=0.01264 old=0.01208 new=0.01067 tgt=-0.047/0.605 pstd=0.425 capv=0.000 lr=2.5e-04 gen=22.5s train=0.3s
[t=15786.4s] rebel  ep799 games=  48 dec=  5991 rows= 23136 cap=0.06 cfgs= 11.3 L=0.01245 old=0.00946 new=0.01065 tgt=-0.055/0.561 pstd=0.422 capv=0.000 lr=2.5e-04 gen=23.1s train=0.3s
[t=15808.7s] rebel  ep800 games=  48 dec=  5577 rows= 21440 cap=0.02 cfgs= 10.8 L=0.01295 old=0.01135 new=0.01294 tgt=-0.060/0.504 pstd=0.423 capv=0.000 lr=2.5e-04 gen=22.0s train=0.2s
[t=15829.8s] rebel  ep801 games=  48 dec=  4841 rows= 18584 cap=0.00 cfgs= 12.1 L=0.01311 old=0.00992 new=0.01214 tgt=-0.066/0.542 pstd=0.422 capv=0.000 lr=2.5e-04 gen=20.8s train=0.2s
[t=15852.0s] rebel  ep802 games=  48 dec=  5094 rows= 19632 cap=0.04 cfgs= 11.9 L=0.01196 old=0.01195 new=0.01001 tgt=-0.103/0.615 pstd=0.416 capv=0.000 lr=2.5e-04 gen=21.9s train=0.2s
[t=15873.2s] rebel  ep803 games=  48 dec=  5057 rows= 19312 cap=0.04 cfgs= 11.2 L=0.01203 old=0.01016 new=0.01036 tgt=-0.016/0.542 pstd=0.420 capv=0.000 lr=2.5e-04 gen=20.9s train=0.2s
[t=15896.2s] rebel  ep804 games=  48 dec=  5218 rows= 19904 cap=0.02 cfgs= 12.5 L=0.01210 old=0.01189 new=0.01160 tgt=-0.052/0.567 pstd=0.421 capv=0.000 lr=2.5e-04 gen=22.6s train=0.2s
[t=15917.0s] rebel  ep805 games=  48 dec=  4856 rows= 18496 cap=0.00 cfgs= 12.4 L=0.01184 old=0.01053 new=0.01065 tgt=-0.107/0.583 pstd=0.416 capv=0.000 lr=2.5e-04 gen=20.6s train=0.2s
[t=15938.5s] rebel  ep806 games=  48 dec=  5424 rows= 20856 cap=0.06 cfgs= 11.3 L=0.01266 old=0.01006 new=0.01262 tgt=-0.050/0.577 pstd=0.415 capv=0.000 lr=2.5e-04 gen=21.2s train=0.2s
[t=15959.5s] rebel  ep807 games=  48 dec=  4865 rows= 18592 cap=0.02 cfgs= 12.0 L=0.01208 old=0.00933 new=0.01242 tgt=-0.038/0.555 pstd=0.421 capv=0.000 lr=2.5e-04 gen=20.7s train=0.2s
[t=15980.7s] rebel  ep808 games=  48 dec=  5317 rows= 20328 cap=0.02 cfgs= 11.1 L=0.01234 old=0.01382 new=0.01339 tgt=-0.011/0.546 pstd=0.421 capv=0.000 lr=2.5e-04 gen=20.9s train=0.2s
[t=16002.8s] rebel  ep809 games=  48 dec=  4956 rows= 18936 cap=0.00 cfgs= 13.0 L=0.01234 old=0.01010 new=0.01176 tgt=-0.028/0.589 pstd=0.413 capv=0.000 lr=2.5e-04 gen=21.9s train=0.2s
[t=16026.1s] rebel  ep810 games=  48 dec=  5705 rows= 21864 cap=0.08 cfgs= 10.7 L=0.01220 old=0.01066 new=0.01199 tgt=+0.003/0.533 pstd=0.425 capv=0.000 lr=2.5e-04 gen=22.9s train=0.3s
[t=16048.8s] rebel  ep811 games=  48 dec=  5311 rows= 20304 cap=0.00 cfgs= 11.9 L=0.01272 old=0.01008 new=0.01238 tgt=-0.048/0.550 pstd=0.422 capv=0.000 lr=2.5e-04 gen=22.4s train=0.2s
[t=16070.7s] rebel  ep812 games=  48 dec=  5514 rows= 21152 cap=0.04 cfgs= 11.4 L=0.01237 old=0.00937 new=0.01294 tgt=-0.099/0.590 pstd=0.416 capv=0.000 lr=2.5e-04 gen=21.6s train=0.2s
[t=16093.8s] rebel  ep813 games=  48 dec=  5310 rows= 20240 cap=0.02 cfgs= 12.2 L=0.01212 old=0.01244 new=0.01161 tgt=-0.089/0.549 pstd=0.409 capv=0.000 lr=2.5e-04 gen=22.8s train=0.2s
[t=16116.4s] rebel  ep814 games=  48 dec=  5081 rows= 19512 cap=0.02 cfgs= 12.8 L=0.01230 old=0.01119 new=0.01069 tgt=-0.093/0.570 pstd=0.416 capv=0.000 lr=2.5e-04 gen=22.3s train=0.2s
[t=16138.1s] rebel  ep815 games=  48 dec=  5750 rows= 21984 cap=0.04 cfgs= 11.7 L=0.01329 old=0.01199 new=0.01208 tgt=-0.171/0.604 pstd=0.422 capv=0.000 lr=2.5e-04 gen=21.4s train=0.2s
[t=16158.8s] rebel  ep816 games=  48 dec=  5123 rows= 19632 cap=0.00 cfgs= 11.1 L=0.01283 old=0.01003 new=0.01134 tgt=-0.034/0.527 pstd=0.422 capv=0.000 lr=2.5e-04 gen=20.3s train=0.2s
[t=16182.8s] rebel  ep817 games=  48 dec=  5317 rows= 20416 cap=0.02 cfgs= 13.5 L=0.01216 old=0.01052 new=0.01093 tgt=-0.128/0.580 pstd=0.426 capv=0.000 lr=2.5e-04 gen=23.7s train=0.2s
[t=16207.1s] rebel  ep818 games=  48 dec=  5796 rows= 22120 cap=0.04 cfgs= 12.4 L=0.01242 old=0.01173 new=0.01224 tgt=-0.044/0.637 pstd=0.423 capv=0.000 lr=2.5e-04 gen=23.9s train=0.2s
[t=16207.1s] --- snapshot snap_05.pt (final) ---
