[train] runs/value_v4_depth1_30 at 9a85700+dirty seed=93 {'minutes': 30.0, 'warm_minutes': 5.0, 'ladder_games': 0, 'seed': 93, 'note': 'depth-one-production-throughput-verification'}
[train] depth-one-production-throughput-verification
[cpu] pinned to 36 physical cores
[train] CUDA stream priority -1
[gpu] solve services up on [0, 1]
[cfg] PUBFEAT=897 CFEAT=15 architecture=v4 depth=1 iters=32 budget=1800s warm=300s snapshot_every=6min device=cuda:1 draft=random train_gen_ratio=4.0 recent_mix=0.5/0.2 canonical_views=2 cap=2000000 matmul=high
[t=   1.2s] greedy ep  0 games=  96 dec= 19325 rows= 18506 horizon=0.36 L=0.12859 L/var=0.76 tgt=-0.085/0.412 pstd=0.331 gen=0.1s train=1.0s
[t=   1.7s] greedy ep  1 games=  96 dec= 18720 rows= 17902 horizon=0.31 L=0.07993 L/var=0.51 tgt=-0.079/0.396 pstd=0.351 gen=0.1s train=0.4s
[t=   2.4s] greedy ep  2 games=  96 dec= 19282 rows= 18415 horizon=0.35 L=0.06182 L/var=0.39 tgt=-0.086/0.397 pstd=0.360 gen=0.1s train=0.4s
[t=   3.0s] greedy ep  3 games=  96 dec= 18011 rows= 17341 horizon=0.32 L=0.06201 L/var=0.35 tgt=-0.076/0.419 pstd=0.417 gen=0.1s train=0.4s
[t=   3.6s] greedy ep  4 games=  96 dec= 18439 rows= 17616 horizon=0.24 L=0.03744 L/var=0.26 tgt=-0.070/0.378 pstd=0.398 gen=0.1s train=0.4s
[t=   4.2s] greedy ep  5 games=  96 dec= 17827 rows= 17067 horizon=0.24 L=0.02214 L/var=0.13 tgt=-0.070/0.413 pstd=0.407 gen=0.1s train=0.4s
[t=   4.8s] greedy ep  6 games=  96 dec= 18191 rows= 17399 horizon=0.27 L=0.01469 L/var=0.09 tgt=-0.078/0.404 pstd=0.401 gen=0.1s train=0.5s
[t=   5.5s] greedy ep  7 games=  96 dec= 19809 rows= 18977 horizon=0.38 L=0.01779 L/var=0.12 tgt=-0.070/0.388 pstd=0.360 gen=0.1s train=0.5s
[t=   6.2s] greedy ep  8 games=  96 dec= 17738 rows= 16979 horizon=0.25 L=0.01286 L/var=0.08 tgt=-0.065/0.404 pstd=0.442 gen=0.1s train=0.5s
[t=   6.9s] greedy ep  9 games=  96 dec= 18190 rows= 17384 horizon=0.29 L=0.00816 L/var=0.05 tgt=-0.088/0.397 pstd=0.412 gen=0.1s train=0.5s
[t=   7.6s] greedy ep 10 games=  96 dec= 18082 rows= 17345 horizon=0.30 L=0.00699 L/var=0.04 tgt=-0.047/0.401 pstd=0.425 gen=0.1s train=0.5s
[t=   8.3s] greedy ep 11 games=  96 dec= 18852 rows= 18085 horizon=0.32 L=0.00585 L/var=0.04 tgt=-0.052/0.395 pstd=0.422 gen=0.1s train=0.5s
[t=   9.0s] greedy ep 12 games=  96 dec= 18700 rows= 17913 horizon=0.32 L=0.00637 L/var=0.04 tgt=-0.083/0.382 pstd=0.419 gen=0.1s train=0.5s
[t=   9.7s] greedy ep 13 games=  96 dec= 18729 rows= 17865 horizon=0.30 L=0.00694 L/var=0.05 tgt=-0.069/0.380 pstd=0.420 gen=0.1s train=0.5s
[t=  10.4s] greedy ep 14 games=  96 dec= 18839 rows= 18026 horizon=0.26 L=0.00649 L/var=0.05 tgt=-0.068/0.378 pstd=0.422 gen=0.1s train=0.5s
[t=  11.1s] greedy ep 15 games=  96 dec= 18032 rows= 17184 horizon=0.22 L=0.00767 L/var=0.05 tgt=-0.089/0.401 pstd=0.421 gen=0.1s train=0.5s
[t=  11.8s] greedy ep 16 games=  96 dec= 18435 rows= 17638 horizon=0.28 L=0.00489 L/var=0.03 tgt=-0.065/0.416 pstd=0.415 gen=0.1s train=0.5s
[t=  12.5s] greedy ep 17 games=  96 dec= 18809 rows= 17934 horizon=0.27 L=0.00469 L/var=0.03 tgt=-0.075/0.387 pstd=0.421 gen=0.1s train=0.5s
[t=  13.3s] greedy ep 18 games=  96 dec= 17969 rows= 17229 horizon=0.28 L=0.00421 L/var=0.03 tgt=-0.064/0.409 pstd=0.423 gen=0.1s train=0.5s
[t=  14.0s] greedy ep 19 games=  96 dec= 18249 rows= 17481 horizon=0.31 L=0.00403 L/var=0.03 tgt=-0.056/0.384 pstd=0.423 gen=0.1s train=0.5s
[t=  14.7s] greedy ep 20 games=  96 dec= 18654 rows= 17848 horizon=0.32 L=0.00392 L/var=0.02 tgt=-0.060/0.405 pstd=0.408 gen=0.1s train=0.5s
[t=  15.5s] greedy ep 21 games=  96 dec= 18393 rows= 17612 horizon=0.27 L=0.00995 L/var=0.06 tgt=-0.075/0.402 pstd=0.414 gen=0.1s train=0.5s
[t=  16.2s] greedy ep 22 games=  96 dec= 17925 rows= 17123 horizon=0.25 L=0.00524 L/var=0.03 tgt=-0.109/0.408 pstd=0.413 gen=0.1s train=0.5s
[t=  16.9s] greedy ep 23 games=  96 dec= 18372 rows= 17582 horizon=0.29 L=0.00408 L/var=0.02 tgt=-0.079/0.415 pstd=0.408 gen=0.1s train=0.5s
[t=  17.7s] greedy ep 24 games=  96 dec= 18126 rows= 17325 horizon=0.27 L=0.00361 L/var=0.02 tgt=-0.113/0.402 pstd=0.415 gen=0.1s train=0.5s
[t=  18.4s] greedy ep 25 games=  96 dec= 18357 rows= 17625 horizon=0.30 L=0.00329 L/var=0.02 tgt=-0.090/0.414 pstd=0.418 gen=0.1s train=0.5s
[t=  19.2s] greedy ep 26 games=  96 dec= 19020 rows= 18233 horizon=0.28 L=0.00317 L/var=0.02 tgt=-0.077/0.416 pstd=0.419 gen=0.1s train=0.5s
[t=  20.0s] greedy ep 27 games=  96 dec= 18042 rows= 17333 horizon=0.32 L=0.00329 L/var=0.02 tgt=-0.077/0.398 pstd=0.413 gen=0.1s train=0.5s
[t=  20.7s] greedy ep 28 games=  96 dec= 18996 rows= 18122 horizon=0.28 L=0.00481 L/var=0.03 tgt=-0.073/0.410 pstd=0.425 gen=0.1s train=0.5s
[t=  21.4s] greedy ep 29 games=  96 dec= 18236 rows= 17430 horizon=0.29 L=0.00565 L/var=0.04 tgt=-0.087/0.401 pstd=0.394 gen=0.1s train=0.5s
[t=  22.2s] greedy ep 30 games=  96 dec= 18274 rows= 17579 horizon=0.32 L=0.00339 L/var=0.02 tgt=-0.083/0.392 pstd=0.422 gen=0.1s train=0.5s
[t=  22.8s] greedy ep 31 games=  96 dec= 18795 rows= 18071 horizon=0.31 L=0.00329 L/var=0.02 tgt=-0.091/0.393 pstd=0.419 gen=0.1s train=0.4s
[t=  23.4s] greedy ep 32 games=  96 dec= 18090 rows= 17360 horizon=0.28 L=0.00565 L/var=0.04 tgt=-0.074/0.397 pstd=0.393 gen=0.1s train=0.4s
[t=  24.0s] greedy ep 33 games=  96 dec= 18374 rows= 17633 horizon=0.30 L=0.00370 L/var=0.02 tgt=-0.094/0.404 pstd=0.429 gen=0.1s train=0.4s
[t=  24.6s] greedy ep 34 games=  96 dec= 18201 rows= 17415 horizon=0.27 L=0.00272 L/var=0.02 tgt=-0.065/0.403 pstd=0.407 gen=0.1s train=0.4s
[t=  25.2s] greedy ep 35 games=  96 dec= 18051 rows= 17394 horizon=0.35 L=0.00244 L/var=0.01 tgt=-0.056/0.410 pstd=0.413 gen=0.1s train=0.4s
[t=  25.8s] greedy ep 36 games=  96 dec= 17884 rows= 17109 horizon=0.30 L=0.00254 L/var=0.01 tgt=-0.069/0.412 pstd=0.414 gen=0.1s train=0.4s
[t=  26.5s] greedy ep 37 games=  96 dec= 19534 rows= 18694 horizon=0.35 L=0.00270 L/var=0.02 tgt=-0.088/0.404 pstd=0.408 gen=0.1s train=0.4s
[t=  27.1s] greedy ep 38 games=  96 dec= 17965 rows= 17255 horizon=0.26 L=0.00239 L/var=0.02 tgt=-0.070/0.394 pstd=0.418 gen=0.1s train=0.4s
[t=  27.7s] greedy ep 39 games=  96 dec= 19055 rows= 18231 horizon=0.33 L=0.00406 L/var=0.02 tgt=-0.064/0.408 pstd=0.391 gen=0.1s train=0.4s
[t=  28.3s] greedy ep 40 games=  96 dec= 19137 rows= 18373 horizon=0.33 L=0.00571 L/var=0.04 tgt=-0.046/0.397 pstd=0.396 gen=0.1s train=0.4s
[t=  28.9s] greedy ep 41 games=  96 dec= 19509 rows= 18716 horizon=0.40 L=0.00318 L/var=0.02 tgt=-0.065/0.393 pstd=0.419 gen=0.1s train=0.4s
[t=  29.5s] greedy ep 42 games=  96 dec= 16863 rows= 16131 horizon=0.17 L=0.00220 L/var=0.01 tgt=-0.079/0.410 pstd=0.415 gen=0.1s train=0.4s
[t=  30.1s] greedy ep 43 games=  96 dec= 18526 rows= 17672 horizon=0.29 L=0.00202 L/var=0.01 tgt=-0.081/0.417 pstd=0.412 gen=0.1s train=0.4s
[t=  30.7s] greedy ep 44 games=  96 dec= 18324 rows= 17547 horizon=0.28 L=0.00185 L/var=0.01 tgt=-0.090/0.410 pstd=0.412 gen=0.1s train=0.4s
[t=  31.3s] greedy ep 45 games=  96 dec= 18596 rows= 17807 horizon=0.32 L=0.00191 L/var=0.01 tgt=-0.065/0.390 pstd=0.410 gen=0.1s train=0.4s
[t=  32.0s] greedy ep 46 games=  96 dec= 18501 rows= 17704 horizon=0.27 L=0.00184 L/var=0.01 tgt=-0.060/0.390 pstd=0.415 gen=0.1s train=0.4s
[t=  32.6s] greedy ep 47 games=  96 dec= 18225 rows= 17459 horizon=0.26 L=0.00173 L/var=0.01 tgt=-0.089/0.437 pstd=0.411 gen=0.1s train=0.4s
[t=  33.1s] greedy ep 48 games=  96 dec= 17423 rows= 16697 horizon=0.22 L=0.00166 L/var=0.01 tgt=-0.073/0.404 pstd=0.416 gen=0.1s train=0.4s
[t=  33.7s] greedy ep 49 games=  96 dec= 18508 rows= 17705 horizon=0.29 L=0.00165 L/var=0.01 tgt=-0.067/0.383 pstd=0.414 gen=0.1s train=0.4s
[t=  34.4s] greedy ep 50 games=  96 dec= 18766 rows= 17977 horizon=0.27 L=0.00166 L/var=0.01 tgt=-0.062/0.401 pstd=0.413 gen=0.1s train=0.4s
[t=  35.0s] greedy ep 51 games=  96 dec= 17748 rows= 16939 horizon=0.21 L=0.00156 L/var=0.01 tgt=-0.046/0.360 pstd=0.409 gen=0.1s train=0.4s
[t=  35.6s] greedy ep 52 games=  96 dec= 18439 rows= 17667 horizon=0.28 L=0.00295 L/var=0.02 tgt=-0.056/0.407 pstd=0.416 gen=0.1s train=0.4s
[t=  36.2s] greedy ep 53 games=  96 dec= 18358 rows= 17607 horizon=0.30 L=0.00375 L/var=0.02 tgt=-0.091/0.409 pstd=0.409 gen=0.1s train=0.4s
[t=  36.8s] greedy ep 54 games=  96 dec= 18634 rows= 17875 horizon=0.28 L=0.00336 L/var=0.02 tgt=-0.077/0.398 pstd=0.410 gen=0.1s train=0.4s
[t=  37.4s] greedy ep 55 games=  96 dec= 17822 rows= 17162 horizon=0.24 L=0.00192 L/var=0.01 tgt=-0.061/0.409 pstd=0.407 gen=0.1s train=0.4s
[t=  38.1s] greedy ep 56 games=  96 dec= 18645 rows= 17784 horizon=0.27 L=0.00166 L/var=0.01 tgt=-0.068/0.402 pstd=0.412 gen=0.1s train=0.4s
[t=  38.7s] greedy ep 57 games=  96 dec= 18747 rows= 18022 horizon=0.30 L=0.00154 L/var=0.01 tgt=-0.090/0.398 pstd=0.411 gen=0.1s train=0.4s
[t=  39.3s] greedy ep 58 games=  96 dec= 18838 rows= 18056 horizon=0.34 L=0.00153 L/var=0.01 tgt=-0.050/0.413 pstd=0.413 gen=0.1s train=0.4s
[t=  40.0s] greedy ep 59 games=  96 dec= 18583 rows= 17788 horizon=0.26 L=0.00150 L/var=0.01 tgt=-0.082/0.396 pstd=0.410 gen=0.1s train=0.4s
[t=  40.6s] greedy ep 60 games=  96 dec= 18345 rows= 17425 horizon=0.23 L=0.00160 L/var=0.01 tgt=-0.058/0.383 pstd=0.413 gen=0.1s train=0.4s
[t=  41.2s] greedy ep 61 games=  96 dec= 18589 rows= 17845 horizon=0.32 L=0.00150 L/var=0.01 tgt=-0.077/0.401 pstd=0.414 gen=0.1s train=0.4s
[t=  41.8s] greedy ep 62 games=  96 dec= 18299 rows= 17510 horizon=0.28 L=0.00138 L/var=0.01 tgt=-0.062/0.367 pstd=0.411 gen=0.1s train=0.4s
[t=  42.5s] greedy ep 63 games=  96 dec= 18811 rows= 18061 horizon=0.30 L=0.00138 L/var=0.01 tgt=-0.067/0.409 pstd=0.409 gen=0.1s train=0.4s
[t=  43.0s] greedy ep 64 games=  96 dec= 17621 rows= 16887 horizon=0.27 L=0.00141 L/var=0.01 tgt=-0.071/0.396 pstd=0.410 gen=0.1s train=0.4s
[t=  43.7s] greedy ep 65 games=  96 dec= 18425 rows= 17605 horizon=0.27 L=0.00135 L/var=0.01 tgt=-0.062/0.400 pstd=0.409 gen=0.1s train=0.4s
[t=  44.3s] greedy ep 66 games=  96 dec= 18314 rows= 17552 horizon=0.27 L=0.00198 L/var=0.01 tgt=-0.085/0.405 pstd=0.406 gen=0.1s train=0.4s
[t=  44.9s] greedy ep 67 games=  96 dec= 17767 rows= 16977 horizon=0.23 L=0.00157 L/var=0.01 tgt=-0.060/0.380 pstd=0.409 gen=0.1s train=0.4s
[t=  45.5s] greedy ep 68 games=  96 dec= 19118 rows= 18259 horizon=0.31 L=0.00142 L/var=0.01 tgt=-0.061/0.400 pstd=0.412 gen=0.1s train=0.4s
[t=  46.2s] greedy ep 69 games=  96 dec= 18649 rows= 17840 horizon=0.34 L=0.00130 L/var=0.01 tgt=-0.071/0.424 pstd=0.408 gen=0.1s train=0.4s
[t=  46.8s] greedy ep 70 games=  96 dec= 18566 rows= 17842 horizon=0.33 L=0.00156 L/var=0.01 tgt=-0.077/0.387 pstd=0.403 gen=0.1s train=0.4s
[t=  47.4s] greedy ep 71 games=  96 dec= 18608 rows= 17830 horizon=0.33 L=0.00175 L/var=0.01 tgt=-0.077/0.400 pstd=0.410 gen=0.1s train=0.4s
[t=  48.0s] greedy ep 72 games=  96 dec= 19162 rows= 18329 horizon=0.29 L=0.00139 L/var=0.01 tgt=-0.073/0.403 pstd=0.413 gen=0.1s train=0.4s
[t=  48.7s] greedy ep 73 games=  96 dec= 18889 rows= 18091 horizon=0.34 L=0.00130 L/var=0.01 tgt=-0.072/0.384 pstd=0.407 gen=0.1s train=0.4s
[t=  49.3s] greedy ep 74 games=  96 dec= 18885 rows= 18022 horizon=0.27 L=0.00191 L/var=0.01 tgt=-0.065/0.399 pstd=0.408 gen=0.1s train=0.4s
[t=  50.0s] greedy ep 75 games=  96 dec= 19240 rows= 18424 horizon=0.32 L=0.00133 L/var=0.01 tgt=-0.085/0.410 pstd=0.413 gen=0.1s train=0.4s
[t=  50.6s] greedy ep 76 games=  96 dec= 18600 rows= 17766 horizon=0.30 L=0.00140 L/var=0.01 tgt=-0.060/0.388 pstd=0.411 gen=0.1s train=0.4s
[t=  51.2s] greedy ep 77 games=  96 dec= 18643 rows= 17865 horizon=0.27 L=0.00142 L/var=0.01 tgt=-0.092/0.407 pstd=0.411 gen=0.1s train=0.4s
[t=  51.8s] greedy ep 78 games=  96 dec= 18099 rows= 17279 horizon=0.24 L=0.00131 L/var=0.01 tgt=-0.070/0.387 pstd=0.404 gen=0.1s train=0.4s
[t=  52.4s] greedy ep 79 games=  96 dec= 17372 rows= 16660 horizon=0.25 L=0.00127 L/var=0.01 tgt=-0.057/0.394 pstd=0.410 gen=0.1s train=0.4s
[t=  53.1s] greedy ep 80 games=  96 dec= 19008 rows= 18168 horizon=0.35 L=0.00110 L/var=0.01 tgt=-0.087/0.418 pstd=0.416 gen=0.1s train=0.4s
[t=  53.7s] greedy ep 81 games=  96 dec= 19221 rows= 18357 horizon=0.35 L=0.00269 L/var=0.02 tgt=-0.106/0.412 pstd=0.397 gen=0.1s train=0.4s
[t=  54.3s] greedy ep 82 games=  96 dec= 18603 rows= 17932 horizon=0.34 L=0.00306 L/var=0.02 tgt=-0.086/0.407 pstd=0.428 gen=0.1s train=0.4s
[t=  55.0s] greedy ep 83 games=  96 dec= 19416 rows= 18653 horizon=0.34 L=0.00524 L/var=0.04 tgt=-0.064/0.380 pstd=0.413 gen=0.1s train=0.4s
[t=  55.6s] greedy ep 84 games=  96 dec= 18121 rows= 17346 horizon=0.26 L=0.00223 L/var=0.01 tgt=-0.079/0.394 pstd=0.414 gen=0.1s train=0.4s
[t=  56.2s] greedy ep 85 games=  96 dec= 19202 rows= 18341 horizon=0.32 L=0.00132 L/var=0.01 tgt=-0.066/0.382 pstd=0.408 gen=0.1s train=0.4s
[t=  56.9s] greedy ep 86 games=  96 dec= 19364 rows= 18579 horizon=0.36 L=0.00115 L/var=0.01 tgt=-0.105/0.431 pstd=0.409 gen=0.1s train=0.4s
[t=  57.5s] greedy ep 87 games=  96 dec= 19061 rows= 18264 horizon=0.34 L=0.00108 L/var=0.01 tgt=-0.074/0.411 pstd=0.412 gen=0.1s train=0.4s
[t=  58.1s] greedy ep 88 games=  96 dec= 17241 rows= 16489 horizon=0.20 L=0.00103 L/var=0.01 tgt=-0.089/0.414 pstd=0.410 gen=0.1s train=0.4s
[t=  58.8s] greedy ep 89 games=  96 dec= 19327 rows= 18544 horizon=0.31 L=0.00101 L/var=0.01 tgt=-0.073/0.411 pstd=0.408 gen=0.1s train=0.4s
[t=  59.4s] greedy ep 90 games=  96 dec= 18750 rows= 17965 horizon=0.31 L=0.00099 L/var=0.01 tgt=-0.055/0.422 pstd=0.414 gen=0.1s train=0.4s
[t=  60.0s] greedy ep 91 games=  96 dec= 19234 rows= 18421 horizon=0.31 L=0.00092 L/var=0.01 tgt=-0.085/0.410 pstd=0.412 gen=0.1s train=0.4s
[t=  60.7s] greedy ep 92 games=  96 dec= 17780 rows= 16976 horizon=0.22 L=0.00094 L/var=0.01 tgt=-0.053/0.388 pstd=0.414 gen=0.1s train=0.4s
[t=  61.2s] greedy ep 93 games=  96 dec= 17559 rows= 16782 horizon=0.22 L=0.00095 L/var=0.01 tgt=-0.107/0.406 pstd=0.410 gen=0.1s train=0.4s
[t=  61.9s] greedy ep 94 games=  96 dec= 17834 rows= 17118 horizon=0.30 L=0.00086 L/var=0.01 tgt=-0.069/0.401 pstd=0.411 gen=0.1s train=0.4s
[t=  62.5s] greedy ep 95 games=  96 dec= 18234 rows= 17493 horizon=0.25 L=0.00093 L/var=0.01 tgt=-0.080/0.407 pstd=0.407 gen=0.1s train=0.4s
[t=  63.1s] greedy ep 96 games=  96 dec= 18140 rows= 17420 horizon=0.30 L=0.00088 L/var=0.01 tgt=-0.081/0.391 pstd=0.408 gen=0.1s train=0.4s
[t=  63.7s] greedy ep 97 games=  96 dec= 18874 rows= 18061 horizon=0.34 L=0.00105 L/var=0.01 tgt=-0.057/0.380 pstd=0.405 gen=0.1s train=0.4s
[t=  64.3s] greedy ep 98 games=  96 dec= 18078 rows= 17337 horizon=0.29 L=0.00088 L/var=0.01 tgt=-0.068/0.393 pstd=0.408 gen=0.1s train=0.4s
[t=  65.0s] greedy ep 99 games=  96 dec= 19006 rows= 18320 horizon=0.36 L=0.00089 L/var=0.01 tgt=-0.078/0.399 pstd=0.414 gen=0.1s train=0.4s
[t=  65.6s] greedy ep100 games=  96 dec= 18701 rows= 17874 horizon=0.29 L=0.00141 L/var=0.01 tgt=-0.078/0.391 pstd=0.412 gen=0.1s train=0.4s
[t=  66.2s] greedy ep101 games=  96 dec= 18206 rows= 17392 horizon=0.26 L=0.00094 L/var=0.01 tgt=-0.072/0.408 pstd=0.409 gen=0.1s train=0.4s
[t=  66.8s] greedy ep102 games=  96 dec= 18528 rows= 17735 horizon=0.31 L=0.00081 L/var=0.00 tgt=-0.085/0.418 pstd=0.410 gen=0.1s train=0.4s
[t=  67.4s] greedy ep103 games=  96 dec= 18258 rows= 17472 horizon=0.22 L=0.00081 L/var=0.01 tgt=-0.072/0.384 pstd=0.411 gen=0.1s train=0.4s
[t=  68.0s] greedy ep104 games=  96 dec= 18247 rows= 17517 horizon=0.31 L=0.00169 L/var=0.01 tgt=-0.065/0.391 pstd=0.410 gen=0.1s train=0.4s
[t=  68.7s] greedy ep105 games=  96 dec= 18770 rows= 17900 horizon=0.26 L=0.00098 L/var=0.01 tgt=-0.052/0.393 pstd=0.412 gen=0.1s train=0.4s
[t=  69.3s] greedy ep106 games=  96 dec= 18136 rows= 17362 horizon=0.23 L=0.00072 L/var=0.00 tgt=-0.065/0.406 pstd=0.413 gen=0.1s train=0.4s
[t=  69.9s] greedy ep107 games=  96 dec= 18793 rows= 17936 horizon=0.29 L=0.00068 L/var=0.00 tgt=-0.093/0.414 pstd=0.413 gen=0.1s train=0.4s
[t=  70.6s] greedy ep108 games=  96 dec= 19445 rows= 18617 horizon=0.38 L=0.00077 L/var=0.00 tgt=-0.098/0.412 pstd=0.412 gen=0.1s train=0.4s
[t=  71.2s] greedy ep109 games=  96 dec= 17917 rows= 17105 horizon=0.28 L=0.00075 L/var=0.00 tgt=-0.084/0.399 pstd=0.408 gen=0.1s train=0.4s
[t=  71.8s] greedy ep110 games=  96 dec= 18212 rows= 17444 horizon=0.26 L=0.00095 L/var=0.01 tgt=-0.052/0.383 pstd=0.409 gen=0.1s train=0.4s
[t=  72.4s] greedy ep111 games=  96 dec= 19022 rows= 18193 horizon=0.31 L=0.00123 L/var=0.01 tgt=-0.085/0.411 pstd=0.406 gen=0.1s train=0.4s
[t=  73.1s] greedy ep112 games=  96 dec= 19117 rows= 18347 horizon=0.34 L=0.00081 L/var=0.01 tgt=-0.087/0.375 pstd=0.411 gen=0.1s train=0.4s
[t=  73.7s] greedy ep113 games=  96 dec= 18042 rows= 17265 horizon=0.28 L=0.00074 L/var=0.00 tgt=-0.052/0.401 pstd=0.412 gen=0.1s train=0.4s
[t=  74.3s] greedy ep114 games=  96 dec= 18449 rows= 17729 horizon=0.31 L=0.00068 L/var=0.00 tgt=-0.074/0.387 pstd=0.412 gen=0.1s train=0.4s
[t=  74.9s] greedy ep115 games=  96 dec= 18402 rows= 17621 horizon=0.29 L=0.00085 L/var=0.01 tgt=-0.066/0.400 pstd=0.409 gen=0.1s train=0.4s
[t=  75.5s] greedy ep116 games=  96 dec= 17323 rows= 16562 horizon=0.20 L=0.00154 L/var=0.01 tgt=-0.065/0.411 pstd=0.410 gen=0.1s train=0.4s
[t=  76.1s] greedy ep117 games=  96 dec= 18491 rows= 17723 horizon=0.28 L=0.00084 L/var=0.01 tgt=-0.070/0.389 pstd=0.411 gen=0.1s train=0.4s
[t=  76.7s] greedy ep118 games=  96 dec= 19130 rows= 18353 horizon=0.40 L=0.00065 L/var=0.00 tgt=-0.065/0.409 pstd=0.408 gen=0.1s train=0.4s
[t=  77.4s] greedy ep119 games=  96 dec= 19372 rows= 18582 horizon=0.36 L=0.00062 L/var=0.00 tgt=-0.064/0.398 pstd=0.412 gen=0.1s train=0.4s
[t=  78.0s] greedy ep120 games=  96 dec= 18964 rows= 18191 horizon=0.34 L=0.00059 L/var=0.00 tgt=-0.086/0.394 pstd=0.413 gen=0.1s train=0.4s
[t=  78.6s] greedy ep121 games=  96 dec= 19036 rows= 18305 horizon=0.33 L=0.00082 L/var=0.01 tgt=-0.067/0.387 pstd=0.411 gen=0.1s train=0.4s
[t=  79.3s] greedy ep122 games=  96 dec= 17646 rows= 17006 horizon=0.28 L=0.00083 L/var=0.01 tgt=-0.075/0.402 pstd=0.407 gen=0.1s train=0.4s
[t=  79.9s] greedy ep123 games=  96 dec= 18389 rows= 17696 horizon=0.24 L=0.00064 L/var=0.00 tgt=-0.080/0.402 pstd=0.410 gen=0.1s train=0.4s
[t=  80.5s] greedy ep124 games=  96 dec= 19187 rows= 18405 horizon=0.35 L=0.00076 L/var=0.00 tgt=-0.076/0.405 pstd=0.410 gen=0.1s train=0.4s
[t=  81.2s] greedy ep125 games=  96 dec= 18043 rows= 17320 horizon=0.27 L=0.00073 L/var=0.00 tgt=-0.095/0.407 pstd=0.409 gen=0.1s train=0.4s
[t=  81.8s] greedy ep126 games=  96 dec= 19160 rows= 18369 horizon=0.36 L=0.00059 L/var=0.00 tgt=-0.071/0.406 pstd=0.410 gen=0.1s train=0.5s
[t=  82.5s] greedy ep127 games=  96 dec= 18232 rows= 17491 horizon=0.28 L=0.00094 L/var=0.01 tgt=-0.085/0.426 pstd=0.407 gen=0.1s train=0.4s
[t=  83.1s] greedy ep128 games=  96 dec= 17735 rows= 16960 horizon=0.26 L=0.00066 L/var=0.00 tgt=-0.090/0.395 pstd=0.415 gen=0.1s train=0.4s
[t=  83.7s] greedy ep129 games=  96 dec= 18345 rows= 17687 horizon=0.28 L=0.00061 L/var=0.00 tgt=-0.097/0.405 pstd=0.415 gen=0.1s train=0.4s
[t=  84.3s] greedy ep130 games=  96 dec= 17085 rows= 16353 horizon=0.18 L=0.00059 L/var=0.00 tgt=-0.098/0.435 pstd=0.412 gen=0.1s train=0.4s
[t=  85.0s] greedy ep131 games=  96 dec= 18713 rows= 17948 horizon=0.25 L=0.00155 L/var=0.01 tgt=-0.072/0.411 pstd=0.410 gen=0.1s train=0.4s
[t=  85.6s] greedy ep132 games=  96 dec= 18730 rows= 17903 horizon=0.31 L=0.00092 L/var=0.00 tgt=-0.091/0.430 pstd=0.414 gen=0.1s train=0.4s
[t=  86.2s] greedy ep133 games=  96 dec= 18281 rows= 17556 horizon=0.29 L=0.00059 L/var=0.00 tgt=-0.062/0.401 pstd=0.410 gen=0.1s train=0.4s
[t=  86.9s] greedy ep134 games=  96 dec= 18508 rows= 17711 horizon=0.30 L=0.00051 L/var=0.00 tgt=-0.048/0.391 pstd=0.412 gen=0.1s train=0.4s
[t=  87.5s] greedy ep135 games=  96 dec= 18240 rows= 17437 horizon=0.29 L=0.00050 L/var=0.00 tgt=-0.072/0.412 pstd=0.408 gen=0.1s train=0.4s
[t=  88.1s] greedy ep136 games=  96 dec= 18239 rows= 17446 horizon=0.24 L=0.00047 L/var=0.00 tgt=-0.058/0.410 pstd=0.411 gen=0.1s train=0.4s
[t=  88.8s] greedy ep137 games=  96 dec= 19544 rows= 18728 horizon=0.36 L=0.00048 L/var=0.00 tgt=-0.081/0.396 pstd=0.410 gen=0.1s train=0.4s
[t=  89.4s] greedy ep138 games=  96 dec= 17972 rows= 17202 horizon=0.28 L=0.00052 L/var=0.00 tgt=-0.086/0.406 pstd=0.406 gen=0.1s train=0.4s
[t=  90.0s] greedy ep139 games=  96 dec= 18494 rows= 17666 horizon=0.27 L=0.00105 L/var=0.01 tgt=-0.072/0.395 pstd=0.412 gen=0.1s train=0.4s
[t=  90.6s] greedy ep140 games=  96 dec= 17232 rows= 16508 horizon=0.19 L=0.00075 L/var=0.01 tgt=-0.075/0.384 pstd=0.409 gen=0.1s train=0.4s
[t=  91.2s] greedy ep141 games=  96 dec= 18640 rows= 17833 horizon=0.31 L=0.00050 L/var=0.00 tgt=-0.053/0.395 pstd=0.407 gen=0.1s train=0.4s
[t=  91.8s] greedy ep142 games=  96 dec= 18089 rows= 17321 horizon=0.30 L=0.00052 L/var=0.00 tgt=-0.067/0.403 pstd=0.409 gen=0.1s train=0.4s
[t=  92.5s] greedy ep143 games=  96 dec= 18751 rows= 17965 horizon=0.35 L=0.00049 L/var=0.00 tgt=-0.069/0.402 pstd=0.410 gen=0.1s train=0.5s
[t=  93.2s] greedy ep144 games=  96 dec= 19415 rows= 18602 horizon=0.30 L=0.00048 L/var=0.00 tgt=-0.071/0.392 pstd=0.413 gen=0.1s train=0.4s
[t=  93.8s] greedy ep145 games=  96 dec= 18399 rows= 17665 horizon=0.33 L=0.00051 L/var=0.00 tgt=-0.076/0.419 pstd=0.411 gen=0.1s train=0.4s
[t=  94.4s] greedy ep146 games=  96 dec= 18263 rows= 17432 horizon=0.24 L=0.00089 L/var=0.01 tgt=-0.071/0.399 pstd=0.413 gen=0.1s train=0.4s
[t=  95.0s] greedy ep147 games=  96 dec= 18646 rows= 17789 horizon=0.24 L=0.00066 L/var=0.00 tgt=-0.096/0.392 pstd=0.410 gen=0.1s train=0.4s
[t=  95.6s] greedy ep148 games=  96 dec= 18131 rows= 17355 horizon=0.29 L=0.00058 L/var=0.00 tgt=-0.062/0.374 pstd=0.411 gen=0.1s train=0.4s
[t=  96.3s] greedy ep149 games=  96 dec= 18145 rows= 17403 horizon=0.23 L=0.00050 L/var=0.00 tgt=-0.081/0.422 pstd=0.413 gen=0.1s train=0.4s
[t=  96.9s] greedy ep150 games=  96 dec= 19039 rows= 18254 horizon=0.29 L=0.00043 L/var=0.00 tgt=-0.087/0.415 pstd=0.408 gen=0.1s train=0.4s
[t=  97.5s] greedy ep151 games=  96 dec= 18394 rows= 17530 horizon=0.26 L=0.00055 L/var=0.00 tgt=-0.049/0.383 pstd=0.409 gen=0.1s train=0.4s
[t=  98.1s] greedy ep152 games=  96 dec= 18324 rows= 17510 horizon=0.24 L=0.00046 L/var=0.00 tgt=-0.043/0.376 pstd=0.412 gen=0.1s train=0.4s
[t=  98.8s] greedy ep153 games=  96 dec= 18170 rows= 17351 horizon=0.27 L=0.00047 L/var=0.00 tgt=-0.071/0.397 pstd=0.408 gen=0.1s train=0.4s
[t=  99.4s] greedy ep154 games=  96 dec= 18261 rows= 17466 horizon=0.25 L=0.00055 L/var=0.00 tgt=-0.072/0.412 pstd=0.412 gen=0.1s train=0.4s
[t= 100.0s] greedy ep155 games=  96 dec= 18562 rows= 17791 horizon=0.30 L=0.00064 L/var=0.00 tgt=-0.073/0.378 pstd=0.410 gen=0.1s train=0.4s
[t= 100.6s] greedy ep156 games=  96 dec= 17369 rows= 16657 horizon=0.21 L=0.00054 L/var=0.00 tgt=-0.060/0.400 pstd=0.407 gen=0.1s train=0.4s
[t= 101.2s] greedy ep157 games=  96 dec= 19066 rows= 18300 horizon=0.31 L=0.00052 L/var=0.00 tgt=-0.089/0.386 pstd=0.412 gen=0.1s train=0.4s
[t= 101.9s] greedy ep158 games=  96 dec= 19556 rows= 18757 horizon=0.32 L=0.00051 L/var=0.00 tgt=-0.076/0.402 pstd=0.411 gen=0.1s train=0.4s
[t= 102.5s] greedy ep159 games=  96 dec= 18308 rows= 17482 horizon=0.24 L=0.00042 L/var=0.00 tgt=-0.071/0.384 pstd=0.416 gen=0.1s train=0.4s
[t= 103.1s] greedy ep160 games=  96 dec= 17888 rows= 17117 horizon=0.23 L=0.00039 L/var=0.00 tgt=-0.080/0.416 pstd=0.411 gen=0.1s train=0.4s
[t= 103.7s] greedy ep161 games=  96 dec= 17515 rows= 16752 horizon=0.25 L=0.00105 L/var=0.01 tgt=-0.065/0.386 pstd=0.400 gen=0.1s train=0.4s
[t= 104.4s] greedy ep162 games=  96 dec= 18902 rows= 18090 horizon=0.36 L=0.00113 L/var=0.01 tgt=-0.079/0.398 pstd=0.414 gen=0.1s train=0.4s
[t= 105.0s] greedy ep163 games=  96 dec= 18189 rows= 17374 horizon=0.24 L=0.00056 L/var=0.00 tgt=-0.095/0.406 pstd=0.409 gen=0.1s train=0.4s
[t= 105.6s] greedy ep164 games=  96 dec= 17930 rows= 17183 horizon=0.23 L=0.00042 L/var=0.00 tgt=-0.052/0.397 pstd=0.414 gen=0.1s train=0.4s
[t= 106.2s] greedy ep165 games=  96 dec= 18131 rows= 17322 horizon=0.27 L=0.00037 L/var=0.00 tgt=-0.062/0.400 pstd=0.411 gen=0.1s train=0.4s
[t= 106.9s] greedy ep166 games=  96 dec= 19875 rows= 19071 horizon=0.36 L=0.00036 L/var=0.00 tgt=-0.064/0.374 pstd=0.411 gen=0.1s train=0.5s
[t= 107.5s] greedy ep167 games=  96 dec= 18729 rows= 17965 horizon=0.32 L=0.00044 L/var=0.00 tgt=-0.071/0.402 pstd=0.406 gen=0.1s train=0.4s
[t= 108.2s] greedy ep168 games=  96 dec= 18955 rows= 18132 horizon=0.31 L=0.00038 L/var=0.00 tgt=-0.073/0.405 pstd=0.412 gen=0.1s train=0.5s
[t= 108.8s] greedy ep169 games=  96 dec= 17426 rows= 16700 horizon=0.20 L=0.00062 L/var=0.00 tgt=-0.074/0.412 pstd=0.407 gen=0.1s train=0.4s
[t= 109.5s] greedy ep170 games=  96 dec= 19362 rows= 18658 horizon=0.39 L=0.00055 L/var=0.00 tgt=-0.066/0.388 pstd=0.412 gen=0.1s train=0.4s
[t= 110.1s] greedy ep171 games=  96 dec= 17541 rows= 16840 horizon=0.27 L=0.00046 L/var=0.00 tgt=-0.095/0.407 pstd=0.415 gen=0.1s train=0.4s
[t= 110.8s] greedy ep172 games=  96 dec= 19005 rows= 18198 horizon=0.30 L=0.00036 L/var=0.00 tgt=-0.067/0.411 pstd=0.411 gen=0.1s train=0.4s
[t= 111.4s] greedy ep173 games=  96 dec= 19625 rows= 18817 horizon=0.34 L=0.00039 L/var=0.00 tgt=-0.079/0.396 pstd=0.408 gen=0.1s train=0.4s
[t= 112.0s] greedy ep174 games=  96 dec= 17938 rows= 17160 horizon=0.22 L=0.00036 L/var=0.00 tgt=-0.059/0.392 pstd=0.411 gen=0.1s train=0.4s
[t= 112.6s] greedy ep175 games=  96 dec= 17828 rows= 17034 horizon=0.24 L=0.00067 L/var=0.00 tgt=-0.065/0.388 pstd=0.414 gen=0.1s train=0.4s
[t= 113.3s] greedy ep176 games=  96 dec= 18439 rows= 17696 horizon=0.25 L=0.00059 L/var=0.00 tgt=-0.082/0.392 pstd=0.410 gen=0.1s train=0.4s
[t= 113.9s] greedy ep177 games=  96 dec= 17568 rows= 16797 horizon=0.23 L=0.00037 L/var=0.00 tgt=-0.055/0.413 pstd=0.412 gen=0.1s train=0.4s
[t= 114.5s] greedy ep178 games=  96 dec= 18388 rows= 17590 horizon=0.25 L=0.00032 L/var=0.00 tgt=-0.070/0.374 pstd=0.411 gen=0.1s train=0.4s
[t= 115.1s] greedy ep179 games=  96 dec= 17304 rows= 16612 horizon=0.25 L=0.00059 L/var=0.00 tgt=-0.079/0.398 pstd=0.414 gen=0.1s train=0.4s
[t= 115.8s] greedy ep180 games=  96 dec= 19999 rows= 19227 horizon=0.41 L=0.00046 L/var=0.00 tgt=-0.047/0.375 pstd=0.417 gen=0.1s train=0.5s
[t= 116.5s] greedy ep181 games=  96 dec= 17947 rows= 17152 horizon=0.25 L=0.00052 L/var=0.00 tgt=-0.065/0.385 pstd=0.403 gen=0.1s train=0.5s
[t= 117.1s] greedy ep182 games=  96 dec= 17788 rows= 17051 horizon=0.26 L=0.00037 L/var=0.00 tgt=-0.083/0.399 pstd=0.407 gen=0.1s train=0.4s
[t= 117.7s] greedy ep183 games=  96 dec= 19177 rows= 18305 horizon=0.32 L=0.00060 L/var=0.00 tgt=-0.089/0.393 pstd=0.411 gen=0.1s train=0.4s
[t= 118.4s] greedy ep184 games=  96 dec= 18995 rows= 18260 horizon=0.38 L=0.00039 L/var=0.00 tgt=-0.073/0.390 pstd=0.408 gen=0.1s train=0.4s
[t= 119.0s] greedy ep185 games=  96 dec= 18618 rows= 17813 horizon=0.27 L=0.00038 L/var=0.00 tgt=-0.054/0.406 pstd=0.412 gen=0.1s train=0.4s
[t= 119.6s] greedy ep186 games=  96 dec= 17259 rows= 16525 horizon=0.23 L=0.00033 L/var=0.00 tgt=-0.084/0.425 pstd=0.413 gen=0.1s train=0.4s
[t= 120.2s] greedy ep187 games=  96 dec= 18657 rows= 17898 horizon=0.24 L=0.00045 L/var=0.00 tgt=-0.078/0.403 pstd=0.414 gen=0.1s train=0.4s
[t= 120.8s] greedy ep188 games=  96 dec= 18258 rows= 17418 horizon=0.28 L=0.00056 L/var=0.00 tgt=-0.070/0.403 pstd=0.410 gen=0.1s train=0.4s
[t= 121.4s] greedy ep189 games=  96 dec= 18365 rows= 17572 horizon=0.28 L=0.00037 L/var=0.00 tgt=-0.077/0.407 pstd=0.413 gen=0.1s train=0.4s
[t= 122.1s] greedy ep190 games=  96 dec= 18935 rows= 18133 horizon=0.27 L=0.00028 L/var=0.00 tgt=-0.083/0.398 pstd=0.412 gen=0.1s train=0.4s
[t= 122.7s] greedy ep191 games=  96 dec= 17837 rows= 17124 horizon=0.25 L=0.00060 L/var=0.00 tgt=-0.062/0.388 pstd=0.412 gen=0.1s train=0.4s
[t= 123.4s] greedy ep192 games=  96 dec= 19058 rows= 18247 horizon=0.33 L=0.00062 L/var=0.00 tgt=-0.080/0.367 pstd=0.411 gen=0.1s train=0.4s
[t= 124.0s] greedy ep193 games=  96 dec= 18873 rows= 18054 horizon=0.28 L=0.00048 L/var=0.00 tgt=-0.059/0.382 pstd=0.410 gen=0.1s train=0.4s
[t= 124.7s] greedy ep194 games=  96 dec= 18840 rows= 18066 horizon=0.34 L=0.00039 L/var=0.00 tgt=-0.089/0.401 pstd=0.408 gen=0.1s train=0.4s
[t= 125.3s] greedy ep195 games=  96 dec= 19053 rows= 18215 horizon=0.33 L=0.00035 L/var=0.00 tgt=-0.057/0.414 pstd=0.409 gen=0.1s train=0.4s
[t= 125.9s] greedy ep196 games=  96 dec= 18664 rows= 17880 horizon=0.30 L=0.00026 L/var=0.00 tgt=-0.061/0.385 pstd=0.410 gen=0.1s train=0.4s
[t= 126.6s] greedy ep197 games=  96 dec= 18923 rows= 18083 horizon=0.29 L=0.00026 L/var=0.00 tgt=-0.076/0.393 pstd=0.414 gen=0.1s train=0.5s
[t= 127.3s] greedy ep198 games=  96 dec= 18455 rows= 17665 horizon=0.29 L=0.00030 L/var=0.00 tgt=-0.074/0.409 pstd=0.412 gen=0.1s train=0.5s
[t= 128.0s] greedy ep199 games=  96 dec= 18328 rows= 17488 horizon=0.30 L=0.00065 L/var=0.00 tgt=-0.081/0.404 pstd=0.408 gen=0.1s train=0.5s
[t= 128.6s] greedy ep200 games=  96 dec= 17560 rows= 16789 horizon=0.23 L=0.00058 L/var=0.00 tgt=-0.065/0.410 pstd=0.416 gen=0.1s train=0.4s
[t= 129.4s] greedy ep201 games=  96 dec= 18934 rows= 18105 horizon=0.30 L=0.00030 L/var=0.00 tgt=-0.074/0.405 pstd=0.410 gen=0.1s train=0.5s
[t= 130.0s] greedy ep202 games=  96 dec= 19139 rows= 18361 horizon=0.35 L=0.00027 L/var=0.00 tgt=-0.091/0.409 pstd=0.411 gen=0.1s train=0.5s
[t= 130.7s] greedy ep203 games=  96 dec= 18217 rows= 17430 horizon=0.29 L=0.00025 L/var=0.00 tgt=-0.064/0.408 pstd=0.414 gen=0.1s train=0.4s
[t= 131.3s] greedy ep204 games=  96 dec= 18670 rows= 17985 horizon=0.33 L=0.00036 L/var=0.00 tgt=-0.062/0.392 pstd=0.415 gen=0.1s train=0.4s
[t= 132.0s] greedy ep205 games=  96 dec= 18741 rows= 17967 horizon=0.31 L=0.00036 L/var=0.00 tgt=-0.072/0.404 pstd=0.408 gen=0.1s train=0.4s
[t= 132.6s] greedy ep206 games=  96 dec= 17778 rows= 17016 horizon=0.20 L=0.00027 L/var=0.00 tgt=-0.076/0.387 pstd=0.406 gen=0.1s train=0.4s
[t= 133.2s] greedy ep207 games=  96 dec= 19055 rows= 18283 horizon=0.35 L=0.00039 L/var=0.00 tgt=-0.070/0.417 pstd=0.409 gen=0.1s train=0.4s
[t= 133.9s] greedy ep208 games=  96 dec= 18809 rows= 18004 horizon=0.31 L=0.00032 L/var=0.00 tgt=-0.064/0.423 pstd=0.411 gen=0.1s train=0.4s
[t= 134.5s] greedy ep209 games=  96 dec= 17807 rows= 17026 horizon=0.24 L=0.00027 L/var=0.00 tgt=-0.061/0.408 pstd=0.410 gen=0.1s train=0.4s
[t= 135.1s] greedy ep210 games=  96 dec= 17950 rows= 17151 horizon=0.23 L=0.00038 L/var=0.00 tgt=-0.078/0.403 pstd=0.414 gen=0.1s train=0.4s
[t= 135.9s] greedy ep211 games=  96 dec= 19374 rows= 18569 horizon=0.36 L=0.00026 L/var=0.00 tgt=-0.103/0.437 pstd=0.412 gen=0.1s train=0.5s
[t= 136.5s] greedy ep212 games=  96 dec= 18827 rows= 18003 horizon=0.30 L=0.00027 L/var=0.00 tgt=-0.087/0.406 pstd=0.408 gen=0.1s train=0.4s
[t= 137.2s] greedy ep213 games=  96 dec= 18398 rows= 17644 horizon=0.32 L=0.00078 L/var=0.00 tgt=-0.057/0.408 pstd=0.403 gen=0.1s train=0.4s
[t= 137.8s] greedy ep214 games=  96 dec= 18370 rows= 17636 horizon=0.28 L=0.00055 L/var=0.00 tgt=-0.051/0.411 pstd=0.409 gen=0.1s train=0.4s
[t= 138.4s] greedy ep215 games=  96 dec= 18397 rows= 17639 horizon=0.29 L=0.00034 L/var=0.00 tgt=-0.066/0.391 pstd=0.410 gen=0.1s train=0.4s
[t= 139.0s] greedy ep216 games=  96 dec= 18625 rows= 17800 horizon=0.30 L=0.00027 L/var=0.00 tgt=-0.061/0.429 pstd=0.412 gen=0.1s train=0.4s
[t= 139.7s] greedy ep217 games=  96 dec= 18470 rows= 17666 horizon=0.32 L=0.00025 L/var=0.00 tgt=-0.075/0.417 pstd=0.412 gen=0.1s train=0.4s
[t= 140.3s] greedy ep218 games=  96 dec= 19151 rows= 18409 horizon=0.34 L=0.00024 L/var=0.00 tgt=-0.078/0.405 pstd=0.412 gen=0.1s train=0.4s
[t= 140.9s] greedy ep219 games=  96 dec= 18336 rows= 17573 horizon=0.30 L=0.00041 L/var=0.00 tgt=-0.062/0.394 pstd=0.414 gen=0.1s train=0.4s
[t= 141.5s] greedy ep220 games=  96 dec= 16739 rows= 16034 horizon=0.17 L=0.00034 L/var=0.00 tgt=-0.058/0.387 pstd=0.410 gen=0.1s train=0.4s
[t= 142.1s] greedy ep221 games=  96 dec= 18195 rows= 17447 horizon=0.34 L=0.00035 L/var=0.00 tgt=-0.070/0.419 pstd=0.412 gen=0.1s train=0.4s
[t= 142.7s] greedy ep222 games=  96 dec= 17542 rows= 16814 horizon=0.21 L=0.00035 L/var=0.00 tgt=-0.085/0.384 pstd=0.411 gen=0.1s train=0.4s
[t= 143.3s] greedy ep223 games=  96 dec= 18195 rows= 17436 horizon=0.29 L=0.00025 L/var=0.00 tgt=-0.073/0.422 pstd=0.410 gen=0.1s train=0.4s
[t= 144.0s] greedy ep224 games=  96 dec= 18938 rows= 18016 horizon=0.29 L=0.00021 L/var=0.00 tgt=-0.057/0.394 pstd=0.411 gen=0.1s train=0.4s
[t= 144.6s] greedy ep225 games=  96 dec= 18312 rows= 17497 horizon=0.27 L=0.00035 L/var=0.00 tgt=-0.099/0.408 pstd=0.415 gen=0.1s train=0.4s
[t= 145.2s] greedy ep226 games=  96 dec= 18395 rows= 17619 horizon=0.32 L=0.00026 L/var=0.00 tgt=-0.106/0.401 pstd=0.412 gen=0.1s train=0.4s
[t= 145.8s] greedy ep227 games=  96 dec= 17832 rows= 17116 horizon=0.24 L=0.00040 L/var=0.00 tgt=-0.096/0.414 pstd=0.413 gen=0.1s train=0.4s
[t= 146.4s] greedy ep228 games=  96 dec= 17843 rows= 17032 horizon=0.24 L=0.00031 L/var=0.00 tgt=-0.098/0.409 pstd=0.413 gen=0.1s train=0.4s
[t= 147.0s] greedy ep229 games=  96 dec= 18013 rows= 17199 horizon=0.24 L=0.00023 L/var=0.00 tgt=-0.075/0.408 pstd=0.412 gen=0.1s train=0.4s
[t= 147.6s] greedy ep230 games=  96 dec= 17851 rows= 17139 horizon=0.26 L=0.00019 L/var=0.00 tgt=-0.080/0.407 pstd=0.410 gen=0.1s train=0.4s
[t= 148.2s] greedy ep231 games=  96 dec= 18433 rows= 17669 horizon=0.25 L=0.00029 L/var=0.00 tgt=-0.058/0.394 pstd=0.411 gen=0.1s train=0.4s
[t= 148.9s] greedy ep232 games=  96 dec= 18109 rows= 17351 horizon=0.25 L=0.00022 L/var=0.00 tgt=-0.079/0.416 pstd=0.414 gen=0.1s train=0.4s
[t= 149.5s] greedy ep233 games=  96 dec= 18913 rows= 18047 horizon=0.29 L=0.00037 L/var=0.00 tgt=-0.072/0.396 pstd=0.414 gen=0.1s train=0.4s
[t= 150.1s] greedy ep234 games=  96 dec= 18141 rows= 17479 horizon=0.32 L=0.00021 L/var=0.00 tgt=-0.066/0.390 pstd=0.410 gen=0.1s train=0.4s
[t= 150.8s] greedy ep235 games=  96 dec= 19351 rows= 18603 horizon=0.38 L=0.00028 L/var=0.00 tgt=-0.049/0.381 pstd=0.407 gen=0.1s train=0.4s
[t= 151.4s] greedy ep236 games=  96 dec= 18209 rows= 17443 horizon=0.25 L=0.00033 L/var=0.00 tgt=-0.096/0.411 pstd=0.408 gen=0.1s train=0.4s
[t= 152.0s] greedy ep237 games=  96 dec= 16914 rows= 16218 horizon=0.23 L=0.00029 L/var=0.00 tgt=-0.074/0.406 pstd=0.411 gen=0.1s train=0.4s
[t= 152.6s] greedy ep238 games=  96 dec= 18017 rows= 17166 horizon=0.24 L=0.00025 L/var=0.00 tgt=-0.073/0.413 pstd=0.415 gen=0.1s train=0.4s
[t= 153.2s] greedy ep239 games=  96 dec= 17940 rows= 17197 horizon=0.23 L=0.00028 L/var=0.00 tgt=-0.052/0.401 pstd=0.410 gen=0.1s train=0.4s
[t= 153.8s] greedy ep240 games=  96 dec= 18055 rows= 17303 horizon=0.23 L=0.00044 L/var=0.00 tgt=-0.053/0.397 pstd=0.407 gen=0.1s train=0.4s
[t= 154.4s] greedy ep241 games=  96 dec= 17113 rows= 16403 horizon=0.20 L=0.00032 L/var=0.00 tgt=-0.076/0.402 pstd=0.413 gen=0.1s train=0.4s
[t= 155.0s] greedy ep242 games=  96 dec= 17538 rows= 16748 horizon=0.24 L=0.00022 L/var=0.00 tgt=-0.079/0.401 pstd=0.416 gen=0.1s train=0.4s
[t= 155.6s] greedy ep243 games=  96 dec= 18725 rows= 17964 horizon=0.27 L=0.00024 L/var=0.00 tgt=-0.092/0.418 pstd=0.410 gen=0.1s train=0.4s
[t= 156.2s] greedy ep244 games=  96 dec= 17854 rows= 17069 horizon=0.27 L=0.00028 L/var=0.00 tgt=-0.069/0.397 pstd=0.410 gen=0.1s train=0.4s
[t= 156.8s] greedy ep245 games=  96 dec= 17849 rows= 17080 horizon=0.28 L=0.00026 L/var=0.00 tgt=-0.081/0.403 pstd=0.410 gen=0.1s train=0.4s
[t= 157.4s] greedy ep246 games=  96 dec= 17722 rows= 16969 horizon=0.25 L=0.00020 L/var=0.00 tgt=-0.096/0.416 pstd=0.409 gen=0.1s train=0.4s
[t= 158.1s] greedy ep247 games=  96 dec= 17942 rows= 17115 horizon=0.24 L=0.00027 L/var=0.00 tgt=-0.079/0.407 pstd=0.409 gen=0.1s train=0.4s
[t= 158.7s] greedy ep248 games=  96 dec= 17379 rows= 16704 horizon=0.19 L=0.00028 L/var=0.00 tgt=-0.069/0.411 pstd=0.410 gen=0.1s train=0.4s
[t= 159.3s] greedy ep249 games=  96 dec= 17624 rows= 16863 horizon=0.21 L=0.00031 L/var=0.00 tgt=-0.124/0.429 pstd=0.410 gen=0.1s train=0.4s
[t= 159.9s] greedy ep250 games=  96 dec= 18377 rows= 17634 horizon=0.30 L=0.00024 L/var=0.00 tgt=-0.089/0.403 pstd=0.411 gen=0.1s train=0.4s
[t= 160.5s] greedy ep251 games=  96 dec= 19166 rows= 18445 horizon=0.36 L=0.00020 L/var=0.00 tgt=-0.093/0.408 pstd=0.408 gen=0.1s train=0.4s
[t= 161.1s] greedy ep252 games=  96 dec= 18239 rows= 17511 horizon=0.26 L=0.00016 L/var=0.00 tgt=-0.059/0.397 pstd=0.406 gen=0.1s train=0.4s
[t= 161.8s] greedy ep253 games=  96 dec= 19694 rows= 18889 horizon=0.39 L=0.00030 L/var=0.00 tgt=-0.081/0.406 pstd=0.411 gen=0.1s train=0.4s
[t= 162.4s] greedy ep254 games=  96 dec= 16533 rows= 15862 horizon=0.18 L=0.00026 L/var=0.00 tgt=-0.075/0.405 pstd=0.413 gen=0.1s train=0.4s
[t= 163.0s] greedy ep255 games=  96 dec= 18439 rows= 17686 horizon=0.33 L=0.00019 L/var=0.00 tgt=-0.089/0.400 pstd=0.415 gen=0.1s train=0.4s
[t= 163.7s] greedy ep256 games=  96 dec= 19421 rows= 18619 horizon=0.36 L=0.00028 L/var=0.00 tgt=-0.069/0.391 pstd=0.409 gen=0.1s train=0.4s
[t= 164.3s] greedy ep257 games=  96 dec= 18655 rows= 17814 horizon=0.32 L=0.00049 L/var=0.00 tgt=-0.095/0.398 pstd=0.412 gen=0.1s train=0.4s
[t= 164.9s] greedy ep258 games=  96 dec= 17670 rows= 16805 horizon=0.21 L=0.00023 L/var=0.00 tgt=-0.054/0.400 pstd=0.411 gen=0.1s train=0.4s
[t= 165.5s] greedy ep259 games=  96 dec= 18638 rows= 17902 horizon=0.30 L=0.00022 L/var=0.00 tgt=-0.074/0.390 pstd=0.410 gen=0.1s train=0.4s
[t= 166.1s] greedy ep260 games=  96 dec= 17606 rows= 16809 horizon=0.25 L=0.00019 L/var=0.00 tgt=-0.056/0.364 pstd=0.409 gen=0.1s train=0.4s
[t= 166.7s] greedy ep261 games=  96 dec= 18031 rows= 17270 horizon=0.25 L=0.00019 L/var=0.00 tgt=-0.072/0.407 pstd=0.413 gen=0.1s train=0.4s
[t= 167.3s] greedy ep262 games=  96 dec= 18224 rows= 17494 horizon=0.33 L=0.00026 L/var=0.00 tgt=-0.077/0.404 pstd=0.412 gen=0.1s train=0.4s
[t= 167.9s] greedy ep263 games=  96 dec= 18361 rows= 17576 horizon=0.29 L=0.00069 L/var=0.00 tgt=-0.059/0.411 pstd=0.408 gen=0.1s train=0.4s
[t= 168.6s] greedy ep264 games=  96 dec= 18511 rows= 17690 horizon=0.27 L=0.00023 L/var=0.00 tgt=-0.082/0.419 pstd=0.404 gen=0.1s train=0.4s
[t= 169.2s] greedy ep265 games=  96 dec= 18187 rows= 17417 horizon=0.23 L=0.00018 L/var=0.00 tgt=-0.070/0.389 pstd=0.416 gen=0.1s train=0.4s
[t= 169.9s] greedy ep266 games=  96 dec= 18451 rows= 17637 horizon=0.26 L=0.00015 L/var=0.00 tgt=-0.059/0.391 pstd=0.409 gen=0.1s train=0.5s
[t= 170.5s] greedy ep267 games=  96 dec= 18664 rows= 17820 horizon=0.28 L=0.00016 L/var=0.00 tgt=-0.082/0.393 pstd=0.410 gen=0.1s train=0.4s
[t= 171.2s] greedy ep268 games=  96 dec= 18767 rows= 18064 horizon=0.30 L=0.00041 L/var=0.00 tgt=-0.079/0.410 pstd=0.412 gen=0.1s train=0.4s
[t= 171.8s] greedy ep269 games=  96 dec= 19249 rows= 18454 horizon=0.35 L=0.00023 L/var=0.00 tgt=-0.075/0.388 pstd=0.418 gen=0.1s train=0.4s
[t= 172.5s] greedy ep270 games=  96 dec= 16799 rows= 16031 horizon=0.17 L=0.00024 L/var=0.00 tgt=-0.080/0.382 pstd=0.413 gen=0.1s train=0.4s
[t= 173.1s] greedy ep271 games=  96 dec= 18199 rows= 17443 horizon=0.30 L=0.00026 L/var=0.00 tgt=-0.092/0.415 pstd=0.409 gen=0.1s train=0.4s
[t= 173.7s] greedy ep272 games=  96 dec= 18110 rows= 17306 horizon=0.27 L=0.00021 L/var=0.00 tgt=-0.069/0.401 pstd=0.412 gen=0.1s train=0.4s
[t= 174.4s] greedy ep273 games=  96 dec= 18443 rows= 17686 horizon=0.26 L=0.00014 L/var=0.00 tgt=-0.065/0.407 pstd=0.411 gen=0.1s train=0.4s
[t= 175.1s] greedy ep274 games=  96 dec= 19533 rows= 18672 horizon=0.36 L=0.00020 L/var=0.00 tgt=-0.103/0.411 pstd=0.412 gen=0.1s train=0.4s
[t= 175.7s] greedy ep275 games=  96 dec= 19061 rows= 18299 horizon=0.34 L=0.00025 L/var=0.00 tgt=-0.068/0.385 pstd=0.416 gen=0.1s train=0.4s
[t= 176.3s] greedy ep276 games=  96 dec= 18082 rows= 17318 horizon=0.25 L=0.00028 L/var=0.00 tgt=-0.075/0.395 pstd=0.406 gen=0.1s train=0.4s
[t= 177.0s] greedy ep277 games=  96 dec= 18483 rows= 17734 horizon=0.31 L=0.00143 L/var=0.01 tgt=-0.066/0.391 pstd=0.409 gen=0.1s train=0.4s
[t= 177.6s] greedy ep278 games=  96 dec= 19019 rows= 18316 horizon=0.33 L=0.00051 L/var=0.00 tgt=-0.075/0.408 pstd=0.400 gen=0.1s train=0.4s
[t= 178.3s] greedy ep279 games=  96 dec= 18921 rows= 18093 horizon=0.27 L=0.00117 L/var=0.01 tgt=-0.064/0.389 pstd=0.401 gen=0.1s train=0.4s
[t= 178.9s] greedy ep280 games=  96 dec= 18508 rows= 17751 horizon=0.26 L=0.00051 L/var=0.00 tgt=-0.066/0.375 pstd=0.419 gen=0.1s train=0.4s
[t= 179.5s] greedy ep281 games=  96 dec= 18618 rows= 17801 horizon=0.30 L=0.00025 L/var=0.00 tgt=-0.078/0.411 pstd=0.413 gen=0.1s train=0.4s
[t= 180.1s] greedy ep282 games=  96 dec= 18184 rows= 17499 horizon=0.31 L=0.00017 L/var=0.00 tgt=-0.071/0.411 pstd=0.406 gen=0.1s train=0.4s
[t= 180.8s] greedy ep283 games=  96 dec= 18852 rows= 18147 horizon=0.34 L=0.00016 L/var=0.00 tgt=-0.069/0.389 pstd=0.409 gen=0.1s train=0.4s
[t= 181.4s] greedy ep284 games=  96 dec= 18502 rows= 17656 horizon=0.26 L=0.00014 L/var=0.00 tgt=-0.100/0.430 pstd=0.407 gen=0.1s train=0.4s
[t= 182.0s] greedy ep285 games=  96 dec= 17143 rows= 16543 horizon=0.24 L=0.00013 L/var=0.00 tgt=-0.088/0.402 pstd=0.410 gen=0.1s train=0.4s
[t= 182.7s] greedy ep286 games=  96 dec= 18823 rows= 17973 horizon=0.27 L=0.00012 L/var=0.00 tgt=-0.056/0.408 pstd=0.410 gen=0.1s train=0.4s
[t= 183.4s] greedy ep287 games=  96 dec= 18502 rows= 17751 horizon=0.28 L=0.00011 L/var=0.00 tgt=-0.068/0.398 pstd=0.411 gen=0.1s train=0.4s
[t= 184.0s] greedy ep288 games=  96 dec= 17253 rows= 16586 horizon=0.24 L=0.00011 L/var=0.00 tgt=-0.066/0.393 pstd=0.412 gen=0.1s train=0.4s
[t= 184.7s] greedy ep289 games=  96 dec= 18602 rows= 17691 horizon=0.27 L=0.00012 L/var=0.00 tgt=-0.056/0.392 pstd=0.410 gen=0.1s train=0.5s
[t= 185.4s] greedy ep290 games=  96 dec= 18693 rows= 18004 horizon=0.31 L=0.00013 L/var=0.00 tgt=-0.068/0.390 pstd=0.411 gen=0.1s train=0.5s
[t= 186.1s] greedy ep291 games=  96 dec= 18306 rows= 17457 horizon=0.28 L=0.00011 L/var=0.00 tgt=-0.073/0.397 pstd=0.412 gen=0.1s train=0.5s
[t= 186.8s] greedy ep292 games=  96 dec= 18964 rows= 18174 horizon=0.33 L=0.00014 L/var=0.00 tgt=-0.074/0.400 pstd=0.411 gen=0.1s train=0.5s
[t= 187.5s] greedy ep293 games=  96 dec= 17704 rows= 16953 horizon=0.24 L=0.00012 L/var=0.00 tgt=-0.076/0.403 pstd=0.410 gen=0.1s train=0.5s
[t= 188.2s] greedy ep294 games=  96 dec= 18592 rows= 17844 horizon=0.28 L=0.00020 L/var=0.00 tgt=-0.102/0.407 pstd=0.412 gen=0.1s train=0.5s
[t= 188.8s] greedy ep295 games=  96 dec= 17648 rows= 16873 horizon=0.23 L=0.00162 L/var=0.01 tgt=-0.092/0.409 pstd=0.386 gen=0.1s train=0.4s
[t= 189.6s] greedy ep296 games=  96 dec= 19099 rows= 18265 horizon=0.31 L=0.00321 L/var=0.02 tgt=-0.100/0.395 pstd=0.455 gen=0.1s train=0.5s
[t= 190.3s] greedy ep297 games=  96 dec= 19203 rows= 18433 horizon=0.35 L=0.00225 L/var=0.01 tgt=-0.086/0.405 pstd=0.396 gen=0.1s train=0.5s
[t= 191.0s] greedy ep298 games=  96 dec= 18311 rows= 17494 horizon=0.27 L=0.00054 L/var=0.00 tgt=-0.078/0.409 pstd=0.405 gen=0.1s train=0.5s
[t= 191.7s] greedy ep299 games=  96 dec= 18657 rows= 17910 horizon=0.30 L=0.00021 L/var=0.00 tgt=-0.058/0.402 pstd=0.410 gen=0.1s train=0.4s
[t= 192.3s] greedy ep300 games=  96 dec= 18465 rows= 17742 horizon=0.30 L=0.00014 L/var=0.00 tgt=-0.074/0.387 pstd=0.409 gen=0.1s train=0.5s
[t= 193.0s] greedy ep301 games=  96 dec= 17977 rows= 17268 horizon=0.30 L=0.00012 L/var=0.00 tgt=-0.064/0.380 pstd=0.411 gen=0.1s train=0.5s
[t= 193.6s] greedy ep302 games=  96 dec= 17281 rows= 16486 horizon=0.18 L=0.00011 L/var=0.00 tgt=-0.085/0.412 pstd=0.409 gen=0.1s train=0.4s
[t= 194.3s] greedy ep303 games=  96 dec= 18589 rows= 17786 horizon=0.30 L=0.00010 L/var=0.00 tgt=-0.066/0.391 pstd=0.410 gen=0.1s train=0.5s
[t= 195.1s] greedy ep304 games=  96 dec= 18889 rows= 18120 horizon=0.35 L=0.00011 L/var=0.00 tgt=-0.085/0.407 pstd=0.409 gen=0.1s train=0.5s
[t= 195.8s] greedy ep305 games=  96 dec= 18700 rows= 17942 horizon=0.33 L=0.00020 L/var=0.00 tgt=-0.106/0.392 pstd=0.411 gen=0.1s train=0.5s
[t= 196.4s] greedy ep306 games=  96 dec= 18414 rows= 17660 horizon=0.33 L=0.00011 L/var=0.00 tgt=-0.081/0.399 pstd=0.410 gen=0.1s train=0.5s
[t= 197.1s] greedy ep307 games=  96 dec= 17546 rows= 16804 horizon=0.24 L=0.00011 L/var=0.00 tgt=-0.058/0.393 pstd=0.411 gen=0.1s train=0.4s
[t= 197.8s] greedy ep308 games=  96 dec= 18591 rows= 17796 horizon=0.29 L=0.00011 L/var=0.00 tgt=-0.092/0.411 pstd=0.411 gen=0.1s train=0.4s
[t= 198.5s] greedy ep309 games=  96 dec= 18388 rows= 17621 horizon=0.29 L=0.00011 L/var=0.00 tgt=-0.080/0.414 pstd=0.409 gen=0.1s train=0.5s
[t= 199.1s] greedy ep310 games=  96 dec= 18616 rows= 17806 horizon=0.35 L=0.00012 L/var=0.00 tgt=-0.069/0.383 pstd=0.410 gen=0.1s train=0.5s
[t= 199.9s] greedy ep311 games=  96 dec= 19348 rows= 18539 horizon=0.35 L=0.00010 L/var=0.00 tgt=-0.087/0.408 pstd=0.411 gen=0.1s train=0.5s
[t= 200.5s] greedy ep312 games=  96 dec= 18489 rows= 17683 horizon=0.30 L=0.00011 L/var=0.00 tgt=-0.063/0.406 pstd=0.410 gen=0.1s train=0.5s
[t= 201.2s] greedy ep313 games=  96 dec= 18547 rows= 17790 horizon=0.31 L=0.00009 L/var=0.00 tgt=-0.081/0.413 pstd=0.410 gen=0.1s train=0.5s
[t= 201.9s] greedy ep314 games=  96 dec= 17704 rows= 16945 horizon=0.20 L=0.00009 L/var=0.00 tgt=-0.054/0.377 pstd=0.412 gen=0.1s train=0.5s
[t= 202.6s] greedy ep315 games=  96 dec= 19047 rows= 18279 horizon=0.28 L=0.00016 L/var=0.00 tgt=-0.077/0.399 pstd=0.410 gen=0.1s train=0.5s
[t= 203.3s] greedy ep316 games=  96 dec= 18001 rows= 17193 horizon=0.26 L=0.00014 L/var=0.00 tgt=-0.079/0.416 pstd=0.411 gen=0.1s train=0.5s
[t= 204.1s] greedy ep317 games=  96 dec= 19132 rows= 18358 horizon=0.33 L=0.00015 L/var=0.00 tgt=-0.071/0.393 pstd=0.409 gen=0.1s train=0.5s
[t= 204.8s] greedy ep318 games=  96 dec= 18714 rows= 17882 horizon=0.27 L=0.00013 L/var=0.00 tgt=-0.062/0.391 pstd=0.411 gen=0.1s train=0.5s
[t= 205.5s] greedy ep319 games=  96 dec= 17312 rows= 16576 horizon=0.22 L=0.00011 L/var=0.00 tgt=-0.074/0.394 pstd=0.411 gen=0.1s train=0.4s
[t= 206.2s] greedy ep320 games=  96 dec= 17762 rows= 16989 horizon=0.23 L=0.00010 L/var=0.00 tgt=-0.113/0.422 pstd=0.409 gen=0.1s train=0.5s
[t= 206.8s] greedy ep321 games=  96 dec= 17436 rows= 16695 horizon=0.23 L=0.00009 L/var=0.00 tgt=-0.081/0.435 pstd=0.410 gen=0.1s train=0.4s
[t= 207.5s] greedy ep322 games=  96 dec= 18483 rows= 17639 horizon=0.25 L=0.00009 L/var=0.00 tgt=-0.093/0.410 pstd=0.412 gen=0.1s train=0.5s
[t= 208.2s] greedy ep323 games=  96 dec= 19430 rows= 18584 horizon=0.28 L=0.00010 L/var=0.00 tgt=-0.062/0.380 pstd=0.413 gen=0.1s train=0.5s
[t= 208.9s] greedy ep324 games=  96 dec= 18761 rows= 17955 horizon=0.30 L=0.00010 L/var=0.00 tgt=-0.089/0.417 pstd=0.410 gen=0.1s train=0.5s
[t= 209.6s] greedy ep325 games=  96 dec= 18551 rows= 17757 horizon=0.28 L=0.00013 L/var=0.00 tgt=-0.088/0.425 pstd=0.411 gen=0.1s train=0.5s
[t= 210.3s] greedy ep326 games=  96 dec= 18635 rows= 17827 horizon=0.32 L=0.00011 L/var=0.00 tgt=-0.088/0.408 pstd=0.410 gen=0.1s train=0.5s
[t= 211.0s] greedy ep327 games=  96 dec= 18970 rows= 18200 horizon=0.32 L=0.00010 L/var=0.00 tgt=-0.098/0.406 pstd=0.409 gen=0.1s train=0.5s
[t= 211.7s] greedy ep328 games=  96 dec= 18071 rows= 17269 horizon=0.29 L=0.00010 L/var=0.00 tgt=-0.095/0.414 pstd=0.410 gen=0.1s train=0.5s
[t= 212.4s] greedy ep329 games=  96 dec= 19439 rows= 18603 horizon=0.40 L=0.00011 L/var=0.00 tgt=-0.064/0.386 pstd=0.411 gen=0.1s train=0.5s
[t= 213.1s] greedy ep330 games=  96 dec= 18759 rows= 18050 horizon=0.30 L=0.00011 L/var=0.00 tgt=-0.073/0.396 pstd=0.412 gen=0.1s train=0.5s
[t= 213.8s] greedy ep331 games=  96 dec= 18330 rows= 17549 horizon=0.30 L=0.00009 L/var=0.00 tgt=-0.083/0.431 pstd=0.412 gen=0.1s train=0.5s
[t= 214.5s] greedy ep332 games=  96 dec= 18791 rows= 17964 horizon=0.32 L=0.00019 L/var=0.00 tgt=-0.062/0.394 pstd=0.411 gen=0.1s train=0.5s
[t= 215.2s] greedy ep333 games=  96 dec= 18308 rows= 17632 horizon=0.31 L=0.00016 L/var=0.00 tgt=-0.062/0.401 pstd=0.411 gen=0.1s train=0.5s
[t= 216.0s] greedy ep334 games=  96 dec= 18662 rows= 17939 horizon=0.35 L=0.00009 L/var=0.00 tgt=-0.089/0.426 pstd=0.410 gen=0.1s train=0.5s
[t= 216.7s] greedy ep335 games=  96 dec= 18933 rows= 18186 horizon=0.31 L=0.00009 L/var=0.00 tgt=-0.092/0.432 pstd=0.410 gen=0.1s train=0.5s
[t= 217.4s] greedy ep336 games=  96 dec= 19094 rows= 18278 horizon=0.32 L=0.00010 L/var=0.00 tgt=-0.066/0.393 pstd=0.410 gen=0.1s train=0.5s
[t= 218.1s] greedy ep337 games=  96 dec= 17891 rows= 17085 horizon=0.21 L=0.00009 L/var=0.00 tgt=-0.074/0.388 pstd=0.410 gen=0.1s train=0.5s
[t= 218.8s] greedy ep338 games=  96 dec= 18937 rows= 18108 horizon=0.29 L=0.00013 L/var=0.00 tgt=-0.087/0.405 pstd=0.410 gen=0.1s train=0.5s
[t= 219.5s] greedy ep339 games=  96 dec= 19040 rows= 18285 horizon=0.34 L=0.00011 L/var=0.00 tgt=-0.091/0.415 pstd=0.410 gen=0.1s train=0.5s
[t= 220.1s] greedy ep340 games=  96 dec= 17857 rows= 17055 horizon=0.24 L=0.00009 L/var=0.00 tgt=-0.060/0.392 pstd=0.412 gen=0.1s train=0.5s
[t= 220.8s] greedy ep341 games=  96 dec= 18667 rows= 17822 horizon=0.29 L=0.00008 L/var=0.00 tgt=-0.080/0.420 pstd=0.411 gen=0.1s train=0.5s
[t= 221.5s] greedy ep342 games=  96 dec= 19725 rows= 18904 horizon=0.43 L=0.00018 L/var=0.00 tgt=-0.083/0.422 pstd=0.409 gen=0.1s train=0.5s
[t= 222.3s] greedy ep343 games=  96 dec= 18383 rows= 17603 horizon=0.28 L=0.00010 L/var=0.00 tgt=-0.097/0.418 pstd=0.410 gen=0.1s train=0.5s
[t= 223.0s] greedy ep344 games=  96 dec= 18339 rows= 17605 horizon=0.27 L=0.00010 L/var=0.00 tgt=-0.075/0.390 pstd=0.411 gen=0.1s train=0.5s
[t= 223.8s] greedy ep345 games=  96 dec= 18271 rows= 17562 horizon=0.30 L=0.00014 L/var=0.00 tgt=-0.085/0.414 pstd=0.409 gen=0.1s train=0.5s
[t= 224.5s] greedy ep346 games=  96 dec= 18385 rows= 17601 horizon=0.27 L=0.00008 L/var=0.00 tgt=-0.063/0.400 pstd=0.410 gen=0.1s train=0.5s
[t= 225.1s] greedy ep347 games=  96 dec= 17585 rows= 16876 horizon=0.25 L=0.00008 L/var=0.00 tgt=-0.071/0.441 pstd=0.413 gen=0.1s train=0.4s
[t= 225.8s] greedy ep348 games=  96 dec= 18835 rows= 18034 horizon=0.32 L=0.00014 L/var=0.00 tgt=-0.076/0.392 pstd=0.412 gen=0.1s train=0.4s
[t= 226.4s] greedy ep349 games=  96 dec= 18950 rows= 18244 horizon=0.36 L=0.00018 L/var=0.00 tgt=-0.086/0.391 pstd=0.412 gen=0.1s train=0.4s
[t= 227.0s] greedy ep350 games=  96 dec= 17038 rows= 16357 horizon=0.21 L=0.00013 L/var=0.00 tgt=-0.093/0.420 pstd=0.409 gen=0.1s train=0.4s
[t= 227.6s] greedy ep351 games=  96 dec= 19017 rows= 18172 horizon=0.33 L=0.00014 L/var=0.00 tgt=-0.071/0.395 pstd=0.409 gen=0.1s train=0.4s
[t= 228.3s] greedy ep352 games=  96 dec= 18365 rows= 17612 horizon=0.27 L=0.00011 L/var=0.00 tgt=-0.086/0.417 pstd=0.409 gen=0.1s train=0.4s
[t= 228.9s] greedy ep353 games=  96 dec= 18959 rows= 18066 horizon=0.31 L=0.00009 L/var=0.00 tgt=-0.047/0.398 pstd=0.410 gen=0.1s train=0.4s
[t= 229.5s] greedy ep354 games=  96 dec= 18635 rows= 17907 horizon=0.31 L=0.00014 L/var=0.00 tgt=-0.059/0.386 pstd=0.412 gen=0.1s train=0.4s
[t= 230.1s] greedy ep355 games=  96 dec= 18019 rows= 17176 horizon=0.24 L=0.00014 L/var=0.00 tgt=-0.051/0.385 pstd=0.410 gen=0.1s train=0.4s
[t= 230.8s] greedy ep356 games=  96 dec= 18899 rows= 18062 horizon=0.32 L=0.00008 L/var=0.00 tgt=-0.103/0.439 pstd=0.411 gen=0.1s train=0.4s
[t= 231.4s] greedy ep357 games=  96 dec= 17960 rows= 17174 horizon=0.25 L=0.00008 L/var=0.00 tgt=-0.064/0.411 pstd=0.411 gen=0.1s train=0.4s
[t= 232.0s] greedy ep358 games=  96 dec= 18306 rows= 17525 horizon=0.29 L=0.00024 L/var=0.00 tgt=-0.084/0.392 pstd=0.409 gen=0.1s train=0.4s
[t= 232.8s] greedy ep359 games=  96 dec= 19750 rows= 18863 horizon=0.38 L=0.00019 L/var=0.00 tgt=-0.071/0.394 pstd=0.409 gen=0.1s train=0.5s
[t= 233.5s] greedy ep360 games=  96 dec= 17845 rows= 17179 horizon=0.32 L=0.00012 L/var=0.00 tgt=-0.088/0.385 pstd=0.412 gen=0.1s train=0.5s
[t= 234.2s] greedy ep361 games=  96 dec= 18511 rows= 17748 horizon=0.28 L=0.00009 L/var=0.00 tgt=-0.084/0.405 pstd=0.413 gen=0.1s train=0.5s
[t= 235.0s] greedy ep362 games=  96 dec= 18596 rows= 17723 horizon=0.28 L=0.00008 L/var=0.00 tgt=-0.104/0.400 pstd=0.412 gen=0.1s train=0.5s
[t= 235.7s] greedy ep363 games=  96 dec= 18682 rows= 17905 horizon=0.27 L=0.00020 L/var=0.00 tgt=-0.111/0.424 pstd=0.412 gen=0.1s train=0.5s
[t= 236.5s] greedy ep364 games=  96 dec= 18577 rows= 17791 horizon=0.31 L=0.00009 L/var=0.00 tgt=-0.092/0.433 pstd=0.408 gen=0.1s train=0.5s
[t= 237.2s] greedy ep365 games=  96 dec= 18682 rows= 17916 horizon=0.33 L=0.00008 L/var=0.00 tgt=-0.057/0.390 pstd=0.410 gen=0.1s train=0.5s
[t= 237.9s] greedy ep366 games=  96 dec= 18340 rows= 17538 horizon=0.28 L=0.00008 L/var=0.00 tgt=-0.073/0.415 pstd=0.412 gen=0.1s train=0.5s
[t= 238.7s] greedy ep367 games=  96 dec= 17720 rows= 16956 horizon=0.22 L=0.00011 L/var=0.00 tgt=-0.063/0.430 pstd=0.411 gen=0.1s train=0.5s
[t= 239.4s] greedy ep368 games=  96 dec= 17910 rows= 17193 horizon=0.29 L=0.00024 L/var=0.00 tgt=-0.069/0.390 pstd=0.414 gen=0.1s train=0.5s
[t= 240.1s] greedy ep369 games=  96 dec= 17923 rows= 17159 horizon=0.24 L=0.00012 L/var=0.00 tgt=-0.062/0.410 pstd=0.411 gen=0.1s train=0.5s
[t= 240.8s] greedy ep370 games=  96 dec= 18541 rows= 17783 horizon=0.30 L=0.00009 L/var=0.00 tgt=-0.066/0.386 pstd=0.411 gen=0.1s train=0.5s
[t= 241.6s] greedy ep371 games=  96 dec= 18669 rows= 17877 horizon=0.31 L=0.00008 L/var=0.00 tgt=-0.089/0.394 pstd=0.412 gen=0.1s train=0.5s
[t= 242.3s] greedy ep372 games=  96 dec= 18211 rows= 17407 horizon=0.21 L=0.00017 L/var=0.00 tgt=-0.042/0.395 pstd=0.412 gen=0.1s train=0.5s
[t= 243.1s] greedy ep373 games=  96 dec= 19319 rows= 18428 horizon=0.33 L=0.00008 L/var=0.00 tgt=-0.071/0.398 pstd=0.409 gen=0.1s train=0.5s
[t= 243.8s] greedy ep374 games=  96 dec= 18873 rows= 18139 horizon=0.35 L=0.00012 L/var=0.00 tgt=-0.073/0.394 pstd=0.412 gen=0.1s train=0.5s
[t= 244.6s] greedy ep375 games=  96 dec= 18864 rows= 18132 horizon=0.32 L=0.00019 L/var=0.00 tgt=-0.061/0.402 pstd=0.409 gen=0.1s train=0.5s
[t= 245.3s] greedy ep376 games=  96 dec= 19098 rows= 18167 horizon=0.30 L=0.00010 L/var=0.00 tgt=-0.049/0.365 pstd=0.413 gen=0.1s train=0.5s
[t= 246.1s] greedy ep377 games=  96 dec= 18318 rows= 17598 horizon=0.34 L=0.00014 L/var=0.00 tgt=-0.086/0.446 pstd=0.410 gen=0.1s train=0.5s
[t= 246.8s] greedy ep378 games=  96 dec= 18649 rows= 17873 horizon=0.33 L=0.00012 L/var=0.00 tgt=-0.091/0.403 pstd=0.411 gen=0.1s train=0.5s
[t= 247.6s] greedy ep379 games=  96 dec= 18300 rows= 17496 horizon=0.27 L=0.00018 L/var=0.00 tgt=-0.085/0.403 pstd=0.407 gen=0.1s train=0.5s
[t= 248.3s] greedy ep380 games=  96 dec= 18220 rows= 17438 horizon=0.31 L=0.00019 L/var=0.00 tgt=-0.056/0.389 pstd=0.412 gen=0.1s train=0.5s
[t= 249.0s] greedy ep381 games=  96 dec= 18573 rows= 17849 horizon=0.29 L=0.00014 L/var=0.00 tgt=-0.081/0.425 pstd=0.411 gen=0.1s train=0.5s
[t= 249.7s] greedy ep382 games=  96 dec= 18474 rows= 17789 horizon=0.29 L=0.00012 L/var=0.00 tgt=-0.079/0.425 pstd=0.414 gen=0.1s train=0.5s
[t= 250.4s] greedy ep383 games=  96 dec= 18275 rows= 17492 horizon=0.26 L=0.00013 L/var=0.00 tgt=-0.086/0.432 pstd=0.407 gen=0.1s train=0.5s
[t= 251.2s] greedy ep384 games=  96 dec= 18072 rows= 17381 horizon=0.30 L=0.00009 L/var=0.00 tgt=-0.070/0.399 pstd=0.411 gen=0.1s train=0.5s
[t= 251.9s] greedy ep385 games=  96 dec= 18670 rows= 17852 horizon=0.27 L=0.00011 L/var=0.00 tgt=-0.067/0.368 pstd=0.410 gen=0.1s train=0.5s
[t= 252.7s] greedy ep386 games=  96 dec= 18380 rows= 17541 horizon=0.25 L=0.00007 L/var=0.00 tgt=-0.076/0.395 pstd=0.411 gen=0.1s train=0.5s
[t= 253.4s] greedy ep387 games=  96 dec= 18243 rows= 17479 horizon=0.22 L=0.00021 L/var=0.00 tgt=-0.050/0.394 pstd=0.408 gen=0.1s train=0.5s
[t= 254.1s] greedy ep388 games=  96 dec= 18440 rows= 17698 horizon=0.27 L=0.00016 L/var=0.00 tgt=-0.077/0.401 pstd=0.409 gen=0.1s train=0.5s
[t= 254.9s] greedy ep389 games=  96 dec= 18475 rows= 17650 horizon=0.29 L=0.00010 L/var=0.00 tgt=-0.057/0.375 pstd=0.410 gen=0.1s train=0.5s
[t= 255.7s] greedy ep390 games=  96 dec= 18774 rows= 18016 horizon=0.31 L=0.00010 L/var=0.00 tgt=-0.090/0.417 pstd=0.412 gen=0.1s train=0.5s
[t= 256.4s] greedy ep391 games=  96 dec= 18158 rows= 17262 horizon=0.20 L=0.00008 L/var=0.00 tgt=-0.086/0.418 pstd=0.409 gen=0.1s train=0.5s
[t= 257.1s] greedy ep392 games=  96 dec= 18399 rows= 17583 horizon=0.25 L=0.00015 L/var=0.00 tgt=-0.083/0.411 pstd=0.410 gen=0.1s train=0.5s
[t= 257.9s] greedy ep393 games=  96 dec= 18735 rows= 18128 horizon=0.40 L=0.00019 L/var=0.00 tgt=-0.094/0.417 pstd=0.410 gen=0.1s train=0.5s
[t= 258.6s] greedy ep394 games=  96 dec= 19609 rows= 18803 horizon=0.43 L=0.00009 L/var=0.00 tgt=-0.080/0.422 pstd=0.412 gen=0.1s train=0.5s
[t= 259.4s] greedy ep395 games=  96 dec= 18705 rows= 17816 horizon=0.29 L=0.00007 L/var=0.00 tgt=-0.061/0.391 pstd=0.413 gen=0.1s train=0.5s
[t= 260.1s] greedy ep396 games=  96 dec= 18722 rows= 17934 horizon=0.31 L=0.00011 L/var=0.00 tgt=-0.076/0.384 pstd=0.413 gen=0.1s train=0.5s
[t= 260.9s] greedy ep397 games=  96 dec= 18742 rows= 17880 horizon=0.32 L=0.00012 L/var=0.00 tgt=-0.053/0.396 pstd=0.411 gen=0.1s train=0.5s
[t= 261.6s] greedy ep398 games=  96 dec= 17226 rows= 16428 horizon=0.23 L=0.00012 L/var=0.00 tgt=-0.070/0.396 pstd=0.411 gen=0.1s train=0.4s
[t= 262.3s] greedy ep399 games=  96 dec= 18895 rows= 18166 horizon=0.36 L=0.00007 L/var=0.00 tgt=-0.078/0.392 pstd=0.410 gen=0.1s train=0.5s
[t= 263.0s] greedy ep400 games=  96 dec= 18442 rows= 17712 horizon=0.35 L=0.00019 L/var=0.00 tgt=-0.075/0.404 pstd=0.410 gen=0.1s train=0.5s
[t= 263.8s] greedy ep401 games=  96 dec= 18635 rows= 17856 horizon=0.32 L=0.00026 L/var=0.00 tgt=-0.048/0.383 pstd=0.410 gen=0.1s train=0.5s
[t= 264.5s] greedy ep402 games=  96 dec= 18215 rows= 17481 horizon=0.30 L=0.00010 L/var=0.00 tgt=-0.102/0.439 pstd=0.411 gen=0.1s train=0.5s
[t= 265.2s] greedy ep403 games=  96 dec= 17407 rows= 16748 horizon=0.29 L=0.00008 L/var=0.00 tgt=-0.075/0.421 pstd=0.409 gen=0.1s train=0.4s
[t= 266.0s] greedy ep404 games=  96 dec= 18331 rows= 17593 horizon=0.30 L=0.00009 L/var=0.00 tgt=-0.097/0.402 pstd=0.410 gen=0.1s train=0.5s
[t= 266.7s] greedy ep405 games=  96 dec= 18509 rows= 17753 horizon=0.32 L=0.00010 L/var=0.00 tgt=-0.059/0.413 pstd=0.410 gen=0.1s train=0.5s
[t= 267.4s] greedy ep406 games=  96 dec= 17964 rows= 17231 horizon=0.24 L=0.00011 L/var=0.00 tgt=-0.077/0.407 pstd=0.410 gen=0.1s train=0.5s
[t= 268.2s] greedy ep407 games=  96 dec= 18471 rows= 17642 horizon=0.30 L=0.00007 L/var=0.00 tgt=-0.094/0.410 pstd=0.411 gen=0.1s train=0.5s
[t= 268.9s] greedy ep408 games=  96 dec= 18815 rows= 18038 horizon=0.31 L=0.00020 L/var=0.00 tgt=-0.089/0.406 pstd=0.413 gen=0.1s train=0.5s
[t= 269.7s] greedy ep409 games=  96 dec= 18249 rows= 17522 horizon=0.31 L=0.00010 L/var=0.00 tgt=-0.052/0.398 pstd=0.411 gen=0.1s train=0.5s
[t= 270.4s] greedy ep410 games=  96 dec= 17705 rows= 16947 horizon=0.22 L=0.00006 L/var=0.00 tgt=-0.067/0.403 pstd=0.411 gen=0.1s train=0.5s
[t= 271.1s] greedy ep411 games=  96 dec= 18074 rows= 17378 horizon=0.30 L=0.00022 L/var=0.00 tgt=-0.070/0.403 pstd=0.410 gen=0.1s train=0.5s
[t= 271.9s] greedy ep412 games=  96 dec= 19154 rows= 18280 horizon=0.31 L=0.00013 L/var=0.00 tgt=-0.090/0.395 pstd=0.414 gen=0.1s train=0.5s
[t= 272.6s] greedy ep413 games=  96 dec= 18423 rows= 17624 horizon=0.26 L=0.00008 L/var=0.00 tgt=-0.066/0.409 pstd=0.410 gen=0.1s train=0.5s
[t= 273.4s] greedy ep414 games=  96 dec= 18720 rows= 17858 horizon=0.25 L=0.00007 L/var=0.00 tgt=-0.077/0.376 pstd=0.410 gen=0.1s train=0.5s
[t= 274.1s] greedy ep415 games=  96 dec= 19296 rows= 18513 horizon=0.31 L=0.00011 L/var=0.00 tgt=-0.067/0.397 pstd=0.409 gen=0.1s train=0.5s
[t= 274.9s] greedy ep416 games=  96 dec= 18408 rows= 17571 horizon=0.27 L=0.00008 L/var=0.00 tgt=-0.081/0.387 pstd=0.409 gen=0.1s train=0.5s
[t= 275.6s] greedy ep417 games=  96 dec= 18872 rows= 18151 horizon=0.32 L=0.00014 L/var=0.00 tgt=-0.081/0.407 pstd=0.410 gen=0.1s train=0.5s
[t= 276.3s] greedy ep418 games=  96 dec= 18165 rows= 17371 horizon=0.24 L=0.00010 L/var=0.00 tgt=-0.076/0.408 pstd=0.410 gen=0.1s train=0.5s
[t= 277.1s] greedy ep419 games=  96 dec= 18003 rows= 17249 horizon=0.26 L=0.00010 L/var=0.00 tgt=-0.082/0.386 pstd=0.412 gen=0.1s train=0.5s
[t= 277.8s] greedy ep420 games=  96 dec= 19359 rows= 18517 horizon=0.34 L=0.00011 L/var=0.00 tgt=-0.072/0.404 pstd=0.411 gen=0.1s train=0.5s
[t= 278.6s] greedy ep421 games=  96 dec= 18570 rows= 17827 horizon=0.35 L=0.00007 L/var=0.00 tgt=-0.089/0.420 pstd=0.413 gen=0.1s train=0.5s
[t= 279.3s] greedy ep422 games=  96 dec= 18698 rows= 17891 horizon=0.26 L=0.00018 L/var=0.00 tgt=-0.053/0.401 pstd=0.411 gen=0.1s train=0.5s
[t= 279.9s] greedy ep423 games=  96 dec= 18373 rows= 17673 horizon=0.30 L=0.00018 L/var=0.00 tgt=-0.073/0.425 pstd=0.407 gen=0.1s train=0.4s
[t= 280.5s] greedy ep424 games=  96 dec= 18156 rows= 17387 horizon=0.30 L=0.00010 L/var=0.00 tgt=-0.079/0.421 pstd=0.411 gen=0.1s train=0.4s
[t= 281.1s] greedy ep425 games=  96 dec= 18751 rows= 17933 horizon=0.31 L=0.00007 L/var=0.00 tgt=-0.056/0.389 pstd=0.409 gen=0.1s train=0.4s
[t= 281.8s] greedy ep426 games=  96 dec= 18981 rows= 18213 horizon=0.31 L=0.00007 L/var=0.00 tgt=-0.087/0.411 pstd=0.406 gen=0.1s train=0.4s
[t= 282.4s] greedy ep427 games=  96 dec= 18001 rows= 17260 horizon=0.29 L=0.00007 L/var=0.00 tgt=-0.072/0.403 pstd=0.413 gen=0.1s train=0.4s
[t= 283.1s] greedy ep428 games=  96 dec= 18125 rows= 17309 horizon=0.28 L=0.00034 L/var=0.00 tgt=-0.065/0.386 pstd=0.409 gen=0.1s train=0.5s
[t= 283.8s] greedy ep429 games=  96 dec= 19499 rows= 18667 horizon=0.39 L=0.00016 L/var=0.00 tgt=-0.082/0.394 pstd=0.411 gen=0.1s train=0.5s
[t= 284.5s] greedy ep430 games=  96 dec= 18493 rows= 17766 horizon=0.31 L=0.00009 L/var=0.00 tgt=-0.072/0.395 pstd=0.413 gen=0.1s train=0.4s
[t= 285.2s] greedy ep431 games=  96 dec= 18407 rows= 17567 horizon=0.21 L=0.00006 L/var=0.00 tgt=-0.075/0.420 pstd=0.411 gen=0.1s train=0.5s
[t= 285.8s] greedy ep432 games=  96 dec= 18204 rows= 17383 horizon=0.27 L=0.00005 L/var=0.00 tgt=-0.081/0.416 pstd=0.411 gen=0.1s train=0.4s
[t= 286.5s] greedy ep433 games=  96 dec= 17428 rows= 16605 horizon=0.18 L=0.00005 L/var=0.00 tgt=-0.071/0.389 pstd=0.409 gen=0.1s train=0.4s
[t= 287.2s] greedy ep434 games=  96 dec= 18990 rows= 18181 horizon=0.35 L=0.00007 L/var=0.00 tgt=-0.076/0.418 pstd=0.410 gen=0.1s train=0.5s
[t= 287.8s] greedy ep435 games=  96 dec= 17429 rows= 16636 horizon=0.21 L=0.00022 L/var=0.00 tgt=-0.066/0.389 pstd=0.411 gen=0.1s train=0.4s
[t= 288.6s] greedy ep436 games=  96 dec= 17932 rows= 17133 horizon=0.30 L=0.00011 L/var=0.00 tgt=-0.103/0.406 pstd=0.411 gen=0.1s train=0.5s
[t= 289.2s] greedy ep437 games=  96 dec= 18538 rows= 17675 horizon=0.25 L=0.00006 L/var=0.00 tgt=-0.075/0.395 pstd=0.411 gen=0.1s train=0.4s
[t= 289.8s] greedy ep438 games=  96 dec= 18162 rows= 17424 horizon=0.29 L=0.00009 L/var=0.00 tgt=-0.067/0.401 pstd=0.413 gen=0.1s train=0.4s
[t= 290.5s] greedy ep439 games=  96 dec= 18694 rows= 17923 horizon=0.32 L=0.00011 L/var=0.00 tgt=-0.071/0.391 pstd=0.411 gen=0.1s train=0.4s
[t= 291.1s] greedy ep440 games=  96 dec= 18534 rows= 17742 horizon=0.25 L=0.00010 L/var=0.00 tgt=-0.076/0.415 pstd=0.411 gen=0.1s train=0.4s
[t= 291.7s] greedy ep441 games=  96 dec= 19105 rows= 18237 horizon=0.27 L=0.00008 L/var=0.00 tgt=-0.077/0.395 pstd=0.409 gen=0.1s train=0.4s
[t= 292.4s] greedy ep442 games=  96 dec= 17697 rows= 16983 horizon=0.24 L=0.00011 L/var=0.00 tgt=-0.089/0.400 pstd=0.411 gen=0.1s train=0.4s
[t= 293.0s] greedy ep443 games=  96 dec= 18075 rows= 17320 horizon=0.25 L=0.00013 L/var=0.00 tgt=-0.056/0.405 pstd=0.411 gen=0.1s train=0.4s
[t= 293.6s] greedy ep444 games=  96 dec= 18734 rows= 17912 horizon=0.31 L=0.00007 L/var=0.00 tgt=-0.055/0.420 pstd=0.410 gen=0.1s train=0.4s
[t= 294.3s] greedy ep445 games=  96 dec= 18977 rows= 18216 horizon=0.31 L=0.00009 L/var=0.00 tgt=-0.081/0.413 pstd=0.410 gen=0.1s train=0.4s
[t= 295.0s] greedy ep446 games=  96 dec= 18338 rows= 17592 horizon=0.26 L=0.00009 L/var=0.00 tgt=-0.086/0.407 pstd=0.411 gen=0.1s train=0.5s
[t= 295.7s] greedy ep447 games=  96 dec= 18867 rows= 18078 horizon=0.30 L=0.00008 L/var=0.00 tgt=-0.083/0.394 pstd=0.411 gen=0.1s train=0.5s
[t= 296.5s] greedy ep448 games=  96 dec= 18994 rows= 18183 horizon=0.35 L=0.00015 L/var=0.00 tgt=-0.087/0.402 pstd=0.413 gen=0.1s train=0.5s
[t= 297.2s] greedy ep449 games=  96 dec= 18347 rows= 17628 horizon=0.28 L=0.00016 L/var=0.00 tgt=-0.096/0.412 pstd=0.411 gen=0.1s train=0.5s
[t= 297.9s] greedy ep450 games=  96 dec= 18729 rows= 17939 horizon=0.28 L=0.00011 L/var=0.00 tgt=-0.086/0.391 pstd=0.411 gen=0.1s train=0.4s
[t= 298.5s] greedy ep451 games=  96 dec= 17563 rows= 16718 horizon=0.22 L=0.00008 L/var=0.00 tgt=-0.091/0.418 pstd=0.412 gen=0.1s train=0.4s
[t= 299.1s] greedy ep452 games=  96 dec= 17545 rows= 16816 horizon=0.23 L=0.00007 L/var=0.00 tgt=-0.091/0.424 pstd=0.408 gen=0.1s train=0.4s
[t= 299.7s] greedy ep453 games=  96 dec= 17612 rows= 16893 horizon=0.22 L=0.00009 L/var=0.00 tgt=-0.077/0.405 pstd=0.408 gen=0.1s train=0.4s
[t= 300.4s] greedy ep454 games=  96 dec= 18137 rows= 17402 horizon=0.29 L=0.00007 L/var=0.00 tgt=-0.083/0.425 pstd=0.412 gen=0.1s train=0.4s
[t= 300.4s] --- snapshot snap_00.pt (init) ---
[t= 300.4s] --- switching to ReBeL ---
[t= 310.4s] rebel stream solves=50176 raw=5013/s balanced=5013/s debt=0 rows steps=196 horizon=0.00 games=0 over=0 card=0 drop=0 L=0.05702 L/var=2.61 tgt=-0.301/0.148 cfg/b=84384 prep=1.05s gpu=0.00s conv=0.12s add=2.15s train=6.85s
[t= 320.4s] rebel stream solves=124928 raw=6241/s balanced=6241/s debt=0 rows steps=488 horizon=0.00 games=0 over=0 card=0 drop=0 L=0.00678 L/var=0.55 tgt=-0.290/0.111 cfg/b=51724 prep=1.06s gpu=0.00s conv=0.03s add=0.98s train=8.16s
[t= 330.5s] rebel stream solves=208896 raw=6934/s balanced=6934/s debt=0 rows steps=816 horizon=0.00 games=1 over=0 card=0 drop=0 L=0.00300 L/var=0.15 tgt=-0.258/0.144 cfg/b=32854 prep=1.09s gpu=0.00s conv=0.02s add=0.72s train=8.32s
[t= 340.6s] rebel stream solves=292864 raw=7281/s balanced=7281/s debt=0 rows steps=1144 horizon=0.00 games=34 over=0 card=0 drop=0 L=0.00216 L/var=0.07 tgt=-0.194/0.172 cfg/b=21339 prep=1.17s gpu=0.00s conv=0.01s add=0.48s train=8.41s
[t= 350.6s] rebel stream solves=374784 raw=7459/s balanced=7459/s debt=0 rows steps=1464 horizon=0.00 games=658 over=0 card=0 drop=0 L=0.00222 L/var=0.06 tgt=-0.203/0.193 cfg/b=12233 prep=1.14s gpu=0.00s conv=0.02s add=0.53s train=8.03s
[t= 360.7s] rebel stream solves=457728 raw=7585/s balanced=7585/s debt=0 rows steps=1788 horizon=0.00 games=1408 over=0 card=0 drop=0 L=0.00509 L/var=0.20 tgt=-0.268/0.160 cfg/b=14884 prep=1.15s gpu=0.00s conv=0.03s add=1.11s train=7.93s
[t= 370.8s] rebel stream solves=540672 raw=7682/s balanced=7682/s debt=0 rows steps=2112 horizon=0.00 games=1084 over=0 card=0 drop=0 L=0.00544 L/var=0.15 tgt=-0.255/0.188 cfg/b=18796 prep=1.06s gpu=0.00s conv=0.03s add=1.16s train=7.73s
[t= 380.9s] rebel stream solves=626688 raw=7788/s balanced=7788/s debt=0 rows steps=2448 horizon=0.00 games=805 over=0 card=0 drop=0 L=0.00498 L/var=0.10 tgt=-0.211/0.219 cfg/b=18203 prep=1.13s gpu=0.00s conv=0.02s add=0.95s train=8.10s
[t= 390.9s] rebel stream solves=712704 raw=7877/s balanced=7877/s debt=0 rows steps=2784 horizon=0.00 games=935 over=0 card=0 drop=0 L=0.00485 L/var=0.08 tgt=-0.189/0.245 cfg/b=17691 prep=1.14s gpu=0.00s conv=0.02s add=0.88s train=8.15s
[t= 401.0s] rebel stream solves=798720 raw=7941/s balanced=7941/s debt=0 rows steps=3120 horizon=0.00 games=1272 over=0 card=0 drop=0 L=0.00525 L/var=0.07 tgt=-0.182/0.273 cfg/b=17300 prep=1.12s gpu=0.00s conv=0.02s add=0.99s train=8.10s
[t= 411.1s] rebel stream solves=882688 raw=7976/s balanced=7976/s debt=0 rows steps=3448 horizon=0.00 games=1184 over=0 card=0 drop=0 L=0.00555 L/var=0.07 tgt=-0.167/0.285 cfg/b=17434 prep=1.10s gpu=0.00s conv=0.02s add=1.01s train=8.03s
[t= 421.1s] rebel stream solves=965632 raw=8001/s balanced=8001/s debt=0 rows steps=3772 horizon=0.00 games=1058 over=0 card=0 drop=0 L=0.00579 L/var=0.07 tgt=-0.146/0.296 cfg/b=17540 prep=1.07s gpu=0.00s conv=0.02s add=0.96s train=7.90s
[t= 431.1s] rebel stream solves=1045504 raw=7999/s balanced=7999/s debt=0 rows steps=4084 horizon=0.00 games=1058 over=0 card=0 drop=0 L=0.00608 L/var=0.06 tgt=-0.130/0.314 cfg/b=17736 prep=1.05s gpu=0.00s conv=0.02s add=0.99s train=7.89s
[t= 441.2s] rebel stream solves=1130496 raw=8029/s balanced=8029/s debt=0 rows steps=4416 horizon=0.00 games=1213 over=0 card=0 drop=0 L=0.00624 L/var=0.06 tgt=-0.122/0.332 cfg/b=18540 prep=1.09s gpu=0.00s conv=0.02s add=1.09s train=8.04s
[t= 451.2s] rebel stream solves=1213440 raw=8045/s balanced=8045/s debt=0 rows steps=4740 horizon=0.04 games=1118 over=0 card=0 drop=0 L=0.00622 L/var=0.06 tgt=-0.110/0.325 cfg/b=19210 prep=1.06s gpu=0.00s conv=0.02s add=1.08s train=7.94s
[t= 461.4s] rebel stream solves=1298432 raw=8066/s balanced=8066/s debt=0 rows steps=5072 horizon=0.00 games=1108 over=0 card=0 drop=0 L=0.00631 L/var=0.06 tgt=-0.094/0.338 cfg/b=19589 prep=1.14s gpu=0.00s conv=0.02s add=1.08s train=8.06s
[t= 471.5s] rebel stream solves=1382400 raw=8081/s balanced=8081/s debt=0 rows steps=5400 horizon=0.00 games=1079 over=0 card=0 drop=0 L=0.00642 L/var=0.05 tgt=-0.083/0.354 cfg/b=19949 prep=1.10s gpu=0.00s conv=0.02s add=1.13s train=7.89s
[t= 481.5s] rebel stream solves=1463296 raw=8080/s balanced=8080/s debt=0 rows steps=5716 horizon=0.00 games=1109 over=0 card=0 drop=0 L=0.00645 L/var=0.05 tgt=-0.082/0.355 cfg/b=20322 prep=1.07s gpu=0.00s conv=0.03s add=1.11s train=7.90s
[t= 491.6s] rebel stream solves=1546240 raw=8089/s balanced=8089/s debt=0 rows steps=6040 horizon=0.00 games=1106 over=0 card=0 drop=0 L=0.00624 L/var=0.05 tgt=-0.076/0.351 cfg/b=20693 prep=1.08s gpu=0.00s conv=0.02s add=1.09s train=7.86s
[t= 501.7s] rebel stream solves=1626112 raw=8079/s balanced=8079/s debt=0 rows steps=6352 horizon=0.01 games=1075 over=0 card=0 drop=0 L=0.00625 L/var=0.05 tgt=-0.071/0.359 cfg/b=21118 prep=1.06s gpu=0.00s conv=0.02s add=1.13s train=7.78s
[t= 511.8s] rebel stream solves=1710080 raw=8091/s balanced=8091/s debt=0 rows steps=6680 horizon=0.00 games=1154 over=0 card=0 drop=0 L=0.00621 L/var=0.05 tgt=-0.069/0.357 cfg/b=21699 prep=1.07s gpu=0.00s conv=0.02s add=1.20s train=7.89s
[t= 521.8s] rebel stream solves=1793024 raw=8098/s balanced=8098/s debt=0 rows steps=7004 horizon=0.00 games=1126 over=0 card=0 drop=0 L=0.00626 L/var=0.05 tgt=-0.063/0.357 cfg/b=22436 prep=1.07s gpu=0.00s conv=0.03s add=1.18s train=7.89s
[t= 531.8s] rebel stream solves=1871872 raw=8089/s balanced=8089/s debt=0 rows steps=7312 horizon=0.00 games=1053 over=0 card=0 drop=0 L=0.00610 L/var=0.05 tgt=-0.058/0.361 cfg/b=23269 prep=1.06s gpu=0.00s conv=0.03s add=1.18s train=7.66s
[t= 541.9s] rebel stream solves=1951744 raw=8081/s balanced=8081/s debt=0 rows steps=7624 horizon=0.00 games=1080 over=0 card=0 drop=0 L=0.00615 L/var=0.04 tgt=-0.051/0.373 cfg/b=23726 prep=1.06s gpu=0.00s conv=0.02s add=1.23s train=7.76s
[t= 551.9s] rebel stream solves=2031616 raw=8077/s balanced=8077/s debt=0 rows steps=7936 horizon=0.00 games=1070 over=0 card=0 drop=0 L=0.00621 L/var=0.04 tgt=-0.046/0.377 cfg/b=23898 prep=1.03s gpu=0.00s conv=0.03s add=1.23s train=7.65s
[t= 562.1s] rebel stream solves=2111488 raw=8070/s balanced=8070/s debt=0 rows steps=8248 horizon=0.00 games=1115 over=0 card=0 drop=0 L=0.00630 L/var=0.04 tgt=-0.041/0.377 cfg/b=24413 prep=1.07s gpu=0.00s conv=0.03s add=1.20s train=7.79s
[t= 572.1s] rebel stream solves=2192384 raw=8070/s balanced=8070/s debt=0 rows steps=8564 horizon=0.00 games=1038 over=0 card=0 drop=0 L=0.00621 L/var=0.04 tgt=-0.043/0.380 cfg/b=24786 prep=1.03s gpu=0.00s conv=0.03s add=1.19s train=7.67s
[t= 582.1s] rebel stream solves=2272256 raw=8066/s balanced=8066/s debt=0 rows steps=8876 horizon=0.00 games=1051 over=0 card=0 drop=0 L=0.00650 L/var=0.04 tgt=-0.033/0.383 cfg/b=24822 prep=1.07s gpu=0.00s conv=0.02s add=1.23s train=7.77s
[t= 592.2s] rebel stream solves=2351104 raw=8057/s balanced=8057/s debt=0 rows steps=9184 horizon=0.00 games=1073 over=0 card=0 drop=0 L=0.00635 L/var=0.04 tgt=-0.025/0.387 cfg/b=24699 prep=1.05s gpu=0.00s conv=0.03s add=1.22s train=7.80s
[t= 602.3s] rebel stream solves=2428928 raw=8045/s balanced=8045/s debt=0 rows steps=9488 horizon=0.00 games=1050 over=0 card=0 drop=0 L=0.00627 L/var=0.04 tgt=-0.028/0.389 cfg/b=24884 prep=1.05s gpu=0.00s conv=0.03s add=1.21s train=7.72s
[t= 612.4s] rebel stream solves=2511872 raw=8050/s balanced=8050/s debt=0 rows steps=9812 horizon=0.00 games=1093 over=0 card=0 drop=0 L=0.00649 L/var=0.04 tgt=-0.024/0.391 cfg/b=24954 prep=1.05s gpu=0.00s conv=0.03s add=1.25s train=7.81s
[t= 622.5s] rebel stream solves=2592768 raw=8051/s balanced=8051/s debt=0 rows steps=10128 horizon=0.00 games=1102 over=0 card=0 drop=0 L=0.00643 L/var=0.04 tgt=-0.017/0.396 cfg/b=25029 prep=1.04s gpu=0.00s conv=0.03s add=1.29s train=7.71s
[t= 632.5s] rebel stream solves=2672640 raw=8047/s balanced=8047/s debt=0 rows steps=10440 horizon=0.00 games=1054 over=0 card=0 drop=0 L=0.00636 L/var=0.04 tgt=-0.017/0.401 cfg/b=25308 prep=1.09s gpu=0.00s conv=0.03s add=1.21s train=7.89s
[t= 642.6s] rebel stream solves=2750464 raw=8038/s balanced=8038/s debt=0 rows steps=10744 horizon=0.00 games=1004 over=0 card=0 drop=0 L=0.00626 L/var=0.04 tgt=-0.012/0.402 cfg/b=25347 prep=1.05s gpu=0.00s conv=0.02s add=1.21s train=7.71s
[t= 652.7s] rebel stream solves=2829312 raw=8032/s balanced=8032/s debt=0 rows steps=11052 horizon=0.00 games=1044 over=0 card=0 drop=0 L=0.00648 L/var=0.04 tgt=-0.009/0.410 cfg/b=25362 prep=1.03s gpu=0.00s conv=0.03s add=1.25s train=7.73s
[t= 660.4s] --- snapshot snap_01.pt (s1) ---
[t= 662.8s] rebel stream solves=2909184 raw=8028/s balanced=8028/s debt=0 rows steps=11364 horizon=0.00 games=999 over=0 card=0 drop=0 L=0.00641 L/var=0.04 tgt=+0.005/0.415 cfg/b=25237 prep=1.07s gpu=0.00s conv=0.02s add=1.27s train=7.77s
[t= 672.8s] rebel stream solves=2989056 raw=8026/s balanced=8026/s debt=0 rows steps=11676 horizon=0.00 games=1106 over=0 card=0 drop=0 L=0.00668 L/var=0.04 tgt=+0.005/0.417 cfg/b=25202 prep=1.06s gpu=0.00s conv=0.03s add=1.21s train=7.76s
[t= 682.9s] rebel stream solves=3068928 raw=8024/s balanced=8024/s debt=0 rows steps=11988 horizon=0.00 games=1060 over=0 card=0 drop=0 L=0.00663 L/var=0.04 tgt=+0.012/0.417 cfg/b=25192 prep=1.05s gpu=0.00s conv=0.02s add=1.21s train=7.78s
[t= 692.9s] rebel stream solves=3147776 raw=8020/s balanced=8020/s debt=0 rows steps=12296 horizon=0.00 games=1054 over=0 card=0 drop=0 L=0.00659 L/var=0.04 tgt=+0.014/0.416 cfg/b=24851 prep=1.04s gpu=0.00s conv=0.03s add=1.22s train=7.66s
[t= 703.0s] rebel stream solves=3227648 raw=8016/s balanced=8016/s debt=0 rows steps=12608 horizon=0.00 games=1034 over=0 card=0 drop=0 L=0.00679 L/var=0.04 tgt=+0.020/0.420 cfg/b=24480 prep=1.08s gpu=0.00s conv=0.03s add=1.21s train=7.88s
[t= 713.2s] rebel stream solves=3307520 raw=8013/s balanced=8013/s debt=0 rows steps=12920 horizon=0.00 games=1054 over=0 card=0 drop=0 L=0.00686 L/var=0.04 tgt=+0.022/0.425 cfg/b=24682 prep=1.05s gpu=0.00s conv=0.02s add=1.22s train=7.76s
[t= 723.3s] rebel stream solves=3386368 raw=8008/s balanced=8008/s debt=0 rows steps=13228 horizon=0.00 games=1050 over=0 card=0 drop=0 L=0.00667 L/var=0.04 tgt=+0.032/0.420 cfg/b=24625 prep=1.07s gpu=0.00s conv=0.03s add=1.23s train=7.75s
[t= 733.4s] rebel stream solves=3466240 raw=8006/s balanced=8006/s debt=0 rows steps=13540 horizon=0.00 games=1069 over=0 card=0 drop=0 L=0.00655 L/var=0.04 tgt=+0.026/0.427 cfg/b=24929 prep=1.09s gpu=0.00s conv=0.03s add=1.27s train=7.86s
[t= 743.4s] rebel stream solves=3544064 raw=7999/s balanced=7999/s debt=0 rows steps=13844 horizon=0.00 games=1001 over=0 card=0 drop=0 L=0.00674 L/var=0.04 tgt=+0.037/0.428 cfg/b=24680 prep=1.05s gpu=0.00s conv=0.03s add=1.19s train=7.60s
[t= 753.5s] rebel stream solves=3625984 raw=8003/s balanced=8003/s debt=0 rows steps=14164 horizon=0.00 games=1071 over=0 card=0 drop=0 L=0.00669 L/var=0.03 tgt=+0.044/0.438 cfg/b=24926 prep=1.08s gpu=0.00s conv=0.03s add=1.20s train=7.91s
[t= 763.6s] rebel stream solves=3705856 raw=8001/s balanced=8001/s debt=0 rows steps=14476 horizon=0.00 games=1063 over=0 card=0 drop=0 L=0.00669 L/var=0.04 tgt=+0.046/0.431 cfg/b=24795 prep=1.06s gpu=0.00s conv=0.03s add=1.23s train=7.89s
[t= 773.6s] rebel stream solves=3781632 raw=7992/s balanced=7992/s debt=0 rows steps=14772 horizon=0.00 games=952 over=0 card=0 drop=0 L=0.00665 L/var=0.03 tgt=+0.049/0.439 cfg/b=24746 prep=1.03s gpu=0.00s conv=0.02s add=1.21s train=7.60s
[t= 783.7s] rebel stream solves=3860480 raw=7988/s balanced=7988/s debt=0 rows steps=15080 horizon=0.00 games=1011 over=0 card=0 drop=0 L=0.00665 L/var=0.03 tgt=+0.049/0.455 cfg/b=24702 prep=1.06s gpu=0.00s conv=0.03s add=1.19s train=7.67s
[t= 793.8s] rebel stream solves=3940352 raw=7987/s balanced=7987/s debt=0 rows steps=15392 horizon=0.00 games=1046 over=0 card=0 drop=0 L=0.00661 L/var=0.03 tgt=+0.058/0.442 cfg/b=24826 prep=1.06s gpu=0.00s conv=0.03s add=1.25s train=7.74s
[t= 795.4s] --- lr -> 5.00e-04 ---
[t= 803.8s] rebel stream solves=4024320 raw=7994/s balanced=7994/s debt=0 rows steps=15720 horizon=0.00 games=1106 over=0 card=0 drop=0 L=0.00642 L/var=0.03 tgt=+0.058/0.442 cfg/b=24719 prep=1.06s gpu=0.00s conv=0.03s add=1.26s train=7.84s
[t= 813.8s] rebel stream solves=4105216 raw=7995/s balanced=7995/s debt=0 rows steps=16036 horizon=0.00 games=1003 over=0 card=0 drop=0 L=0.00639 L/var=0.03 tgt=+0.067/0.449 cfg/b=24613 prep=1.05s gpu=0.00s conv=0.02s add=1.17s train=7.73s
[t= 824.0s] rebel stream solves=4185088 raw=7994/s balanced=7994/s debt=0 rows steps=16348 horizon=0.00 games=994 over=0 card=0 drop=0 L=0.00635 L/var=0.03 tgt=+0.065/0.464 cfg/b=24394 prep=1.09s gpu=0.00s conv=0.02s add=1.23s train=7.84s
[t= 834.0s] rebel stream solves=4263936 raw=7991/s balanced=7991/s debt=0 rows steps=16656 horizon=0.00 games=1064 over=0 card=0 drop=0 L=0.00643 L/var=0.03 tgt=+0.078/0.461 cfg/b=24469 prep=1.05s gpu=0.00s conv=0.02s add=1.19s train=7.70s
[t= 844.1s] rebel stream solves=4340736 raw=7984/s balanced=7984/s debt=0 rows steps=16956 horizon=0.00 games=992 over=1 card=0 drop=0 L=0.00627 L/var=0.03 tgt=+0.081/0.449 cfg/b=24369 prep=1.04s gpu=0.00s conv=0.03s add=1.23s train=7.60s
[t= 854.2s] rebel stream solves=4419584 raw=7981/s balanced=7981/s debt=0 rows steps=17264 horizon=0.00 games=976 over=1 card=0 drop=0 L=0.00638 L/var=0.03 tgt=+0.088/0.459 cfg/b=24421 prep=1.08s gpu=0.00s conv=0.03s add=1.17s train=7.77s
[t= 864.2s] rebel stream solves=4498432 raw=7979/s balanced=7979/s debt=0 rows steps=17572 horizon=0.00 games=930 over=1 card=0 drop=0 L=0.00651 L/var=0.03 tgt=+0.094/0.472 cfg/b=24261 prep=1.09s gpu=0.00s conv=0.03s add=1.19s train=7.78s
[t= 874.2s] rebel stream solves=4577280 raw=7977/s balanced=7977/s debt=0 rows steps=17880 horizon=0.01 games=997 over=1 card=0 drop=0 L=0.00658 L/var=0.03 tgt=+0.099/0.478 cfg/b=24257 prep=1.07s gpu=0.00s conv=0.03s add=1.23s train=7.66s
[t= 884.3s] rebel stream solves=4657152 raw=7976/s balanced=7976/s debt=0 rows steps=18192 horizon=0.00 games=969 over=1 card=0 drop=0 L=0.00652 L/var=0.03 tgt=+0.107/0.487 cfg/b=24172 prep=1.09s gpu=0.00s conv=0.03s add=1.22s train=7.83s
[t= 894.4s] rebel stream solves=4736000 raw=7973/s balanced=7973/s debt=0 rows steps=18500 horizon=0.00 games=988 over=1 card=0 drop=0 L=0.00653 L/var=0.03 tgt=+0.103/0.498 cfg/b=23994 prep=1.08s gpu=0.00s conv=0.03s add=1.17s train=7.78s
[t= 904.4s] rebel stream solves=4814848 raw=7971/s balanced=7971/s debt=0 rows steps=18808 horizon=0.01 games=974 over=1 card=0 drop=0 L=0.00643 L/var=0.03 tgt=+0.110/0.483 cfg/b=23793 prep=1.09s gpu=0.00s conv=0.02s add=1.18s train=7.80s
[t= 914.6s] rebel stream solves=4894720 raw=7970/s balanced=7970/s debt=0 rows steps=19120 horizon=0.00 games=930 over=1 card=0 drop=0 L=0.00652 L/var=0.03 tgt=+0.109/0.493 cfg/b=23656 prep=1.15s gpu=0.00s conv=0.03s add=1.19s train=7.84s
[t= 924.6s] rebel stream solves=4972544 raw=7966/s balanced=7966/s debt=0 rows steps=19424 horizon=0.00 games=899 over=1 card=0 drop=0 L=0.00646 L/var=0.03 tgt=+0.109/0.495 cfg/b=23574 prep=1.07s gpu=0.00s conv=0.03s add=1.15s train=7.66s
[t= 934.7s] rebel stream solves=5050368 raw=7962/s balanced=7962/s debt=0 rows steps=19728 horizon=0.00 games=917 over=1 card=0 drop=0 L=0.00659 L/var=0.03 tgt=+0.128/0.494 cfg/b=23012 prep=1.07s gpu=0.00s conv=0.02s add=1.13s train=7.74s
[t= 944.7s] rebel stream solves=5131264 raw=7963/s balanced=7963/s debt=0 rows steps=20044 horizon=0.01 games=1031 over=1 card=0 drop=0 L=0.00667 L/var=0.03 tgt=+0.135/0.494 cfg/b=22954 prep=1.10s gpu=0.00s conv=0.03s add=1.15s train=7.85s
[t= 954.8s] rebel stream solves=5209088 raw=7960/s balanced=7960/s debt=0 rows steps=20348 horizon=0.01 games=942 over=1 card=0 drop=0 L=0.00648 L/var=0.03 tgt=+0.131/0.488 cfg/b=23162 prep=1.08s gpu=0.00s conv=0.03s add=1.21s train=7.68s
[t= 964.9s] rebel stream solves=5286912 raw=7956/s balanced=7956/s debt=0 rows steps=20652 horizon=0.01 games=928 over=1 card=0 drop=0 L=0.00656 L/var=0.03 tgt=+0.129/0.496 cfg/b=23203 prep=1.06s gpu=0.00s conv=0.02s add=1.14s train=7.73s
[t= 975.0s] rebel stream solves=5367808 raw=7957/s balanced=7957/s debt=0 rows steps=20968 horizon=0.01 games=888 over=1 card=0 drop=0 L=0.00643 L/var=0.03 tgt=+0.138/0.507 cfg/b=23137 prep=1.09s gpu=0.00s conv=0.03s add=1.13s train=7.87s
[t= 985.0s] rebel stream solves=5446656 raw=7955/s balanced=7955/s debt=0 rows steps=21276 horizon=0.00 games=962 over=1 card=0 drop=0 L=0.00641 L/var=0.02 tgt=+0.150/0.509 cfg/b=23032 prep=1.10s gpu=0.00s conv=0.02s add=1.15s train=7.81s
[t= 995.1s] rebel stream solves=5526528 raw=7955/s balanced=7955/s debt=0 rows steps=21588 horizon=0.01 games=907 over=1 card=0 drop=0 L=0.00648 L/var=0.03 tgt=+0.161/0.506 cfg/b=22978 prep=1.08s gpu=0.00s conv=0.03s add=1.13s train=7.85s
[t=1005.3s] rebel stream solves=5607424 raw=7955/s balanced=7955/s debt=0 rows steps=21904 horizon=0.00 games=901 over=1 card=0 drop=0 L=0.00656 L/var=0.02 tgt=+0.166/0.520 cfg/b=22634 prep=1.05s gpu=0.00s conv=0.02s add=1.14s train=7.86s
[t=1015.3s] rebel stream solves=5687296 raw=7955/s balanced=7955/s debt=0 rows steps=22216 horizon=0.00 games=958 over=1 card=0 drop=0 L=0.00640 L/var=0.02 tgt=+0.174/0.513 cfg/b=22529 prep=1.13s gpu=0.00s conv=0.02s add=1.14s train=7.89s
[t=1020.5s] --- snapshot snap_02.pt (s2) ---
[t=1025.3s] rebel stream solves=5765120 raw=7953/s balanced=7953/s debt=0 rows steps=22520 horizon=0.01 games=904 over=1 card=0 drop=0 L=0.00639 L/var=0.02 tgt=+0.176/0.513 cfg/b=22668 prep=1.05s gpu=0.00s conv=0.02s add=1.13s train=7.69s
[t=1035.4s] rebel stream solves=5841920 raw=7949/s balanced=7949/s debt=0 rows steps=22820 horizon=0.01 games=887 over=1 card=0 drop=0 L=0.00632 L/var=0.02 tgt=+0.172/0.507 cfg/b=22700 prep=1.12s gpu=0.00s conv=0.03s add=1.10s train=7.84s
[t=1045.4s] rebel stream solves=5921792 raw=7949/s balanced=7949/s debt=0 rows steps=23132 horizon=0.01 games=926 over=1 card=0 drop=0 L=0.00630 L/var=0.02 tgt=+0.173/0.517 cfg/b=22632 prep=1.17s gpu=0.00s conv=0.02s add=1.11s train=7.96s
[t=1055.5s] rebel stream solves=6002688 raw=7949/s balanced=7949/s debt=0 rows steps=23448 horizon=0.00 games=986 over=1 card=0 drop=0 L=0.00622 L/var=0.02 tgt=+0.174/0.509 cfg/b=22804 prep=1.11s gpu=0.00s conv=0.03s add=1.16s train=7.81s
[t=1065.6s] rebel stream solves=6081536 raw=7948/s balanced=7948/s debt=0 rows steps=23756 horizon=0.01 games=913 over=1 card=0 drop=0 L=0.00628 L/var=0.02 tgt=+0.161/0.508 cfg/b=22881 prep=1.10s gpu=0.00s conv=0.03s add=1.19s train=7.82s
[t=1075.7s] rebel stream solves=6161408 raw=7947/s balanced=7947/s debt=0 rows steps=24068 horizon=0.01 games=948 over=1 card=0 drop=0 L=0.00642 L/var=0.03 tgt=+0.172/0.505 cfg/b=22976 prep=1.09s gpu=0.00s conv=0.03s add=1.13s train=7.80s
[t=1085.7s] rebel stream solves=6240256 raw=7946/s balanced=7946/s debt=0 rows steps=24376 horizon=0.01 games=899 over=1 card=0 drop=0 L=0.00627 L/var=0.02 tgt=+0.169/0.513 cfg/b=22742 prep=1.08s gpu=0.00s conv=0.02s add=1.14s train=7.73s
[t=1095.8s] rebel stream solves=6319104 raw=7945/s balanced=7945/s debt=0 rows steps=24684 horizon=0.01 games=904 over=1 card=0 drop=0 L=0.00638 L/var=0.02 tgt=+0.180/0.509 cfg/b=22863 prep=1.05s gpu=0.00s conv=0.02s add=1.15s train=7.71s
[t=1105.8s] rebel stream solves=6398976 raw=7945/s balanced=7945/s debt=0 rows steps=24996 horizon=0.01 games=914 over=1 card=0 drop=0 L=0.00625 L/var=0.02 tgt=+0.187/0.507 cfg/b=22816 prep=1.17s gpu=0.00s conv=0.02s add=1.17s train=7.90s
[t=1115.9s] rebel stream solves=6478848 raw=7945/s balanced=7945/s debt=0 rows steps=25308 horizon=0.01 games=887 over=1 card=0 drop=0 L=0.00630 L/var=0.02 tgt=+0.197/0.513 cfg/b=22671 prep=1.12s gpu=0.00s conv=0.03s add=1.12s train=7.90s
[t=1126.0s] rebel stream solves=6561792 raw=7948/s balanced=7948/s debt=0 rows steps=25632 horizon=0.01 games=957 over=1 card=0 drop=0 L=0.00624 L/var=0.02 tgt=+0.199/0.516 cfg/b=22558 prep=1.13s gpu=0.00s conv=0.02s add=1.12s train=7.93s
[t=1136.1s] rebel stream solves=6641664 raw=7948/s balanced=7948/s debt=0 rows steps=25944 horizon=0.01 games=900 over=1 card=0 drop=0 L=0.00643 L/var=0.02 tgt=+0.206/0.510 cfg/b=22434 prep=1.09s gpu=0.00s conv=0.03s add=1.16s train=7.86s
[t=1146.1s] rebel stream solves=6722560 raw=7949/s balanced=7949/s debt=0 rows steps=26260 horizon=0.01 games=885 over=1 card=0 drop=0 L=0.00631 L/var=0.02 tgt=+0.206/0.515 cfg/b=22444 prep=1.11s gpu=0.00s conv=0.03s add=1.10s train=7.83s
[t=1156.1s] rebel stream solves=6799360 raw=7946/s balanced=7946/s debt=0 rows steps=26560 horizon=0.01 games=867 over=1 card=0 drop=0 L=0.00639 L/var=0.02 tgt=+0.209/0.524 cfg/b=22472 prep=1.08s gpu=0.00s conv=0.02s add=1.10s train=7.63s
[t=1166.2s] rebel stream solves=6879232 raw=7946/s balanced=7946/s debt=0 rows steps=26872 horizon=0.01 games=883 over=1 card=0 drop=0 L=0.00627 L/var=0.02 tgt=+0.209/0.522 cfg/b=22441 prep=1.08s gpu=0.00s conv=0.03s add=1.13s train=7.85s
[t=1176.3s] rebel stream solves=6958080 raw=7944/s balanced=7944/s debt=0 rows steps=27180 horizon=0.02 games=870 over=1 card=0 drop=0 L=0.00628 L/var=0.02 tgt=+0.214/0.521 cfg/b=22415 prep=1.11s gpu=0.00s conv=0.02s add=1.16s train=7.74s
[t=1186.4s] rebel stream solves=7036928 raw=7942/s balanced=7942/s debt=0 rows steps=27488 horizon=0.01 games=879 over=1 card=0 drop=0 L=0.00606 L/var=0.02 tgt=+0.220/0.523 cfg/b=22514 prep=1.12s gpu=0.00s conv=0.03s add=1.10s train=7.86s
[t=1196.5s] rebel stream solves=7116800 raw=7942/s balanced=7942/s debt=0 rows steps=27800 horizon=0.01 games=880 over=1 card=0 drop=0 L=0.00620 L/var=0.02 tgt=+0.216/0.514 cfg/b=22379 prep=1.10s gpu=0.00s conv=0.02s add=1.13s train=7.87s
[t=1206.6s] rebel stream solves=7197696 raw=7943/s balanced=7943/s debt=0 rows steps=28116 horizon=0.01 games=827 over=1 card=0 drop=0 L=0.00606 L/var=0.02 tgt=+0.216/0.517 cfg/b=22281 prep=1.09s gpu=0.00s conv=0.02s add=1.14s train=7.87s
[t=1216.7s] rebel stream solves=7279616 raw=7944/s balanced=7944/s debt=0 rows steps=28436 horizon=0.02 games=872 over=1 card=0 drop=0 L=0.00613 L/var=0.02 tgt=+0.214/0.531 cfg/b=21971 prep=1.10s gpu=0.00s conv=0.02s add=1.10s train=7.91s
[t=1226.8s] rebel stream solves=7357440 raw=7942/s balanced=7942/s debt=0 rows steps=28740 horizon=0.02 games=875 over=1 card=0 drop=0 L=0.00616 L/var=0.02 tgt=+0.214/0.527 cfg/b=21754 prep=1.09s gpu=0.00s conv=0.03s add=1.08s train=7.79s
[t=1236.9s] rebel stream solves=7436288 raw=7941/s balanced=7941/s debt=0 rows steps=29048 horizon=0.02 games=868 over=1 card=0 drop=0 L=0.00615 L/var=0.02 tgt=+0.222/0.522 cfg/b=21736 prep=1.13s gpu=0.00s conv=0.03s add=1.13s train=7.82s
[t=1247.0s] rebel stream solves=7515136 raw=7939/s balanced=7939/s debt=0 rows steps=29356 horizon=0.02 games=844 over=1 card=0 drop=0 L=0.00620 L/var=0.02 tgt=+0.229/0.518 cfg/b=22021 prep=1.12s gpu=0.00s conv=0.03s add=1.17s train=7.80s
[t=1257.1s] rebel stream solves=7592960 raw=7937/s balanced=7937/s debt=0 rows steps=29660 horizon=0.02 games=797 over=1 card=0 drop=0 L=0.00610 L/var=0.02 tgt=+0.227/0.525 cfg/b=22083 prep=1.14s gpu=0.00s conv=0.02s add=1.08s train=7.76s
[t=1267.2s] rebel stream solves=7671808 raw=7935/s balanced=7935/s debt=0 rows steps=29968 horizon=0.02 games=815 over=1 card=0 drop=0 L=0.00609 L/var=0.02 tgt=+0.229/0.535 cfg/b=21934 prep=1.14s gpu=0.00s conv=0.02s add=1.10s train=7.84s
[t=1277.3s] rebel stream solves=7750656 raw=7934/s balanced=7934/s debt=0 rows steps=30276 horizon=0.03 games=844 over=1 card=0 drop=0 L=0.00615 L/var=0.02 tgt=+0.230/0.538 cfg/b=21790 prep=1.11s gpu=0.00s conv=0.02s add=1.10s train=7.75s
[t=1287.4s] rebel stream solves=7826432 raw=7930/s balanced=7930/s debt=0 rows steps=30572 horizon=0.02 games=823 over=1 card=0 drop=0 L=0.00612 L/var=0.02 tgt=+0.234/0.527 cfg/b=21937 prep=1.12s gpu=0.00s conv=0.02s add=1.10s train=7.75s
[t=1297.5s] rebel stream solves=7905280 raw=7928/s balanced=7928/s debt=0 rows steps=30880 horizon=0.02 games=818 over=1 card=0 drop=0 L=0.00606 L/var=0.02 tgt=+0.235/0.523 cfg/b=21817 prep=1.14s gpu=0.00s conv=0.02s add=1.07s train=7.93s
[t=1305.5s] --- lr -> 2.50e-04 ---
[t=1307.6s] rebel stream solves=7986176 raw=7929/s balanced=7929/s debt=0 rows steps=31196 horizon=0.03 games=790 over=1 card=0 drop=0 L=0.00584 L/var=0.02 tgt=+0.233/0.535 cfg/b=21636 prep=1.12s gpu=0.00s conv=0.03s add=1.10s train=7.88s
[t=1317.6s] rebel stream solves=8064000 raw=7928/s balanced=7928/s debt=0 rows steps=31500 horizon=0.03 games=853 over=1 card=0 drop=0 L=0.00604 L/var=0.02 tgt=+0.242/0.529 cfg/b=21797 prep=1.07s gpu=0.00s conv=0.02s add=1.16s train=7.70s
[t=1327.6s] rebel stream solves=8142848 raw=7927/s balanced=7927/s debt=0 rows steps=31808 horizon=0.03 games=892 over=1 card=0 drop=0 L=0.00606 L/var=0.02 tgt=+0.238/0.528 cfg/b=22045 prep=1.09s gpu=0.00s conv=0.03s add=1.15s train=7.79s
[t=1337.7s] rebel stream solves=8221696 raw=7926/s balanced=7926/s debt=0 rows steps=32116 horizon=0.04 games=792 over=1 card=0 drop=0 L=0.00606 L/var=0.02 tgt=+0.248/0.525 cfg/b=22453 prep=1.11s gpu=0.00s conv=0.03s add=1.12s train=7.78s
[t=1347.7s] rebel stream solves=8300544 raw=7926/s balanced=7926/s debt=0 rows steps=32424 horizon=0.03 games=789 over=1 card=0 drop=0 L=0.00607 L/var=0.02 tgt=+0.244/0.531 cfg/b=22331 prep=1.11s gpu=0.00s conv=0.02s add=1.14s train=7.73s
[t=1357.8s] rebel stream solves=8380416 raw=7926/s balanced=7926/s debt=0 rows steps=32736 horizon=0.02 games=806 over=1 card=0 drop=0 L=0.00615 L/var=0.02 tgt=+0.239/0.542 cfg/b=22296 prep=1.10s gpu=0.00s conv=0.02s add=1.17s train=7.86s
[t=1367.9s] rebel stream solves=8460288 raw=7925/s balanced=7925/s debt=0 rows steps=33048 horizon=0.03 games=780 over=1 card=0 drop=0 L=0.00601 L/var=0.02 tgt=+0.251/0.545 cfg/b=22171 prep=1.15s gpu=0.00s conv=0.03s add=1.11s train=7.91s
[t=1378.0s] rebel stream solves=8539136 raw=7924/s balanced=7924/s debt=0 rows steps=33356 horizon=0.03 games=802 over=1 card=0 drop=0 L=0.00604 L/var=0.02 tgt=+0.257/0.539 cfg/b=22160 prep=1.09s gpu=0.00s conv=0.02s add=1.11s train=7.78s
[t=1380.6s] --- snapshot snap_03.pt (s3) ---
[t=1388.1s] rebel stream solves=8616960 raw=7923/s balanced=7923/s debt=0 rows steps=33660 horizon=0.03 games=777 over=1 card=0 drop=0 L=0.00597 L/var=0.02 tgt=+0.253/0.548 cfg/b=21943 prep=1.13s gpu=0.00s conv=0.02s add=1.14s train=7.78s
[t=1398.2s] rebel stream solves=8692736 raw=7919/s balanced=7919/s debt=0 rows steps=33956 horizon=0.05 games=756 over=1 card=0 drop=0 L=0.00592 L/var=0.02 tgt=+0.269/0.541 cfg/b=22220 prep=1.10s gpu=0.00s conv=0.02s add=1.14s train=7.72s
[t=1408.2s] rebel stream solves=8772608 raw=7919/s balanced=7919/s debt=0 rows steps=34268 horizon=0.05 games=784 over=1 card=0 drop=0 L=0.00599 L/var=0.02 tgt=+0.269/0.545 cfg/b=22025 prep=1.10s gpu=0.00s conv=0.02s add=1.07s train=7.86s
[t=1418.2s] rebel stream solves=8851456 raw=7918/s balanced=7918/s debt=0 rows steps=34576 horizon=0.04 games=818 over=1 card=0 drop=0 L=0.00607 L/var=0.02 tgt=+0.282/0.533 cfg/b=22196 prep=1.06s gpu=0.00s conv=0.03s add=1.15s train=7.71s
[t=1428.3s] rebel stream solves=8929280 raw=7916/s balanced=7916/s debt=0 rows steps=34880 horizon=0.05 games=729 over=1 card=0 drop=0 L=0.00596 L/var=0.02 tgt=+0.276/0.537 cfg/b=22235 prep=1.11s gpu=0.00s conv=0.03s add=1.15s train=7.77s
[t=1438.4s] rebel stream solves=9007104 raw=7915/s balanced=7915/s debt=0 rows steps=35184 horizon=0.04 games=762 over=1 card=0 drop=0 L=0.00609 L/var=0.02 tgt=+0.275/0.556 cfg/b=22057 prep=1.12s gpu=0.00s conv=0.03s add=1.11s train=7.81s
[t=1448.4s] rebel stream solves=9084928 raw=7914/s balanced=7914/s debt=0 rows steps=35488 horizon=0.04 games=792 over=1 card=0 drop=0 L=0.00596 L/var=0.02 tgt=+0.275/0.553 cfg/b=22172 prep=1.11s gpu=0.00s conv=0.02s add=1.09s train=7.67s
[t=1458.4s] rebel stream solves=9162752 raw=7912/s balanced=7912/s debt=0 rows steps=35792 horizon=0.04 games=733 over=1 card=0 drop=0 L=0.00578 L/var=0.02 tgt=+0.273/0.551 cfg/b=22208 prep=1.14s gpu=0.00s conv=0.03s add=1.11s train=7.83s
[t=1468.5s] rebel stream solves=9242624 raw=7912/s balanced=7912/s debt=0 rows steps=36104 horizon=0.05 games=746 over=1 card=0 drop=0 L=0.00598 L/var=0.02 tgt=+0.272/0.560 cfg/b=22138 prep=1.08s gpu=0.00s conv=0.02s add=1.16s train=7.90s
[t=1478.6s] rebel stream solves=9320448 raw=7910/s balanced=7910/s debt=0 rows steps=36408 horizon=0.06 games=783 over=1 card=0 drop=0 L=0.00611 L/var=0.02 tgt=+0.278/0.557 cfg/b=21950 prep=1.08s gpu=0.00s conv=0.02s add=1.10s train=7.65s
[t=1488.7s] rebel stream solves=9398272 raw=7909/s balanced=7909/s debt=0 rows steps=36712 horizon=0.04 games=797 over=1 card=0 drop=0 L=0.00595 L/var=0.02 tgt=+0.282/0.549 cfg/b=21920 prep=1.09s gpu=0.00s conv=0.03s add=1.10s train=7.64s
[t=1498.8s] rebel stream solves=9476096 raw=7907/s balanced=7907/s debt=0 rows steps=37016 horizon=0.05 games=756 over=2 card=0 drop=0 L=0.00593 L/var=0.02 tgt=+0.277/0.544 cfg/b=22071 prep=1.08s gpu=0.00s conv=0.02s add=1.11s train=7.65s
[t=1508.8s] rebel stream solves=9550848 raw=7904/s balanced=7904/s debt=0 rows steps=37308 horizon=0.06 games=677 over=2 card=0 drop=0 L=0.00575 L/var=0.02 tgt=+0.281/0.549 cfg/b=21921 prep=1.09s gpu=0.00s conv=0.02s add=1.08s train=7.47s
[t=1518.8s] rebel stream solves=9629696 raw=7903/s balanced=7903/s debt=0 rows steps=37616 horizon=0.05 games=775 over=2 card=0 drop=0 L=0.00580 L/var=0.02 tgt=+0.272/0.553 cfg/b=21910 prep=1.11s gpu=0.00s conv=0.02s add=1.07s train=7.82s
[t=1528.9s] rebel stream solves=9709568 raw=7903/s balanced=7903/s debt=0 rows steps=37928 horizon=0.04 games=741 over=2 card=0 drop=0 L=0.00584 L/var=0.02 tgt=+0.269/0.547 cfg/b=21712 prep=1.17s gpu=0.00s conv=0.03s add=1.08s train=7.98s
[t=1538.9s] rebel stream solves=9787392 raw=7902/s balanced=7902/s debt=0 rows steps=38232 horizon=0.05 games=773 over=2 card=0 drop=0 L=0.00597 L/var=0.02 tgt=+0.280/0.544 cfg/b=21600 prep=1.12s gpu=0.00s conv=0.02s add=1.07s train=7.70s
[t=1548.9s] rebel stream solves=9866240 raw=7902/s balanced=7902/s debt=0 rows steps=38540 horizon=0.05 games=746 over=2 card=0 drop=0 L=0.00602 L/var=0.02 tgt=+0.279/0.540 cfg/b=21477 prep=1.12s gpu=0.00s conv=0.02s add=1.08s train=7.82s
[t=1559.0s] rebel stream solves=9946112 raw=7902/s balanced=7902/s debt=0 rows steps=38852 horizon=0.04 games=789 over=2 card=0 drop=0 L=0.00582 L/var=0.02 tgt=+0.279/0.547 cfg/b=21404 prep=1.12s gpu=0.00s conv=0.03s add=1.09s train=7.89s
[t=1569.1s] rebel stream solves=10023936 raw=7901/s balanced=7901/s debt=0 rows steps=39156 horizon=0.05 games=737 over=2 card=0 drop=0 L=0.00601 L/var=0.02 tgt=+0.280/0.542 cfg/b=21644 prep=1.07s gpu=0.00s conv=0.02s add=1.11s train=7.71s
[t=1579.1s] rebel stream solves=10101760 raw=7900/s balanced=7900/s debt=0 rows steps=39460 horizon=0.05 games=746 over=2 card=0 drop=0 L=0.00572 L/var=0.02 tgt=+0.285/0.546 cfg/b=21753 prep=1.10s gpu=0.00s conv=0.02s add=1.13s train=7.73s
[t=1589.1s] rebel stream solves=10177536 raw=7897/s balanced=7897/s debt=0 rows steps=39756 horizon=0.07 games=756 over=2 card=0 drop=0 L=0.00590 L/var=0.02 tgt=+0.283/0.543 cfg/b=21699 prep=1.11s gpu=0.00s conv=0.02s add=1.06s train=7.71s
[t=1599.2s] rebel stream solves=10256384 raw=7897/s balanced=7897/s debt=0 rows steps=40064 horizon=0.06 games=729 over=2 card=0 drop=0 L=0.00599 L/var=0.02 tgt=+0.289/0.548 cfg/b=21779 prep=1.08s gpu=0.00s conv=0.02s add=1.09s train=7.77s
[t=1609.2s] rebel stream solves=10333184 raw=7895/s balanced=7895/s debt=0 rows steps=40364 horizon=0.06 games=732 over=2 card=0 drop=0 L=0.00600 L/var=0.02 tgt=+0.293/0.545 cfg/b=21732 prep=1.04s gpu=0.00s conv=0.02s add=1.11s train=7.84s
[t=1619.2s] rebel stream solves=10411008 raw=7894/s balanced=7894/s debt=0 rows steps=40668 horizon=0.06 games=751 over=2 card=0 drop=0 L=0.00589 L/var=0.02 tgt=+0.296/0.540 cfg/b=21783 prep=1.11s gpu=0.00s conv=0.02s add=1.14s train=7.64s
[t=1629.2s] rebel stream solves=10484736 raw=7890/s balanced=7890/s debt=0 rows steps=40956 horizon=0.04 games=732 over=2 card=0 drop=0 L=0.00588 L/var=0.02 tgt=+0.280/0.539 cfg/b=21978 prep=1.05s gpu=0.00s conv=0.02s add=1.04s train=7.36s
[t=1639.3s] rebel stream solves=10564608 raw=7891/s balanced=7891/s debt=0 rows steps=41268 horizon=0.04 games=765 over=2 card=0 drop=0 L=0.00597 L/var=0.02 tgt=+0.272/0.540 cfg/b=21850 prep=1.08s gpu=0.00s conv=0.02s add=1.09s train=7.84s
[t=1649.4s] rebel stream solves=10643456 raw=7890/s balanced=7890/s debt=0 rows steps=41576 horizon=0.04 games=744 over=2 card=0 drop=0 L=0.00572 L/var=0.02 tgt=+0.285/0.542 cfg/b=21818 prep=1.10s gpu=0.00s conv=0.02s add=1.12s train=7.77s
[t=1659.5s] rebel stream solves=10723328 raw=7890/s balanced=7890/s debt=0 rows steps=41888 horizon=0.03 games=746 over=2 card=0 drop=0 L=0.00583 L/var=0.02 tgt=+0.292/0.534 cfg/b=21623 prep=1.09s gpu=0.00s conv=0.02s add=1.12s train=7.85s
[t=1669.5s] rebel stream solves=10802176 raw=7890/s balanced=7890/s debt=0 rows steps=42196 horizon=0.05 games=736 over=2 card=0 drop=0 L=0.00575 L/var=0.02 tgt=+0.283/0.548 cfg/b=21528 prep=1.09s gpu=0.00s conv=0.02s add=1.08s train=7.73s
[t=1679.6s] rebel stream solves=10881024 raw=7890/s balanced=7890/s debt=0 rows steps=42504 horizon=0.05 games=751 over=2 card=0 drop=0 L=0.00572 L/var=0.02 tgt=+0.288/0.544 cfg/b=21628 prep=1.09s gpu=0.00s conv=0.03s add=1.11s train=7.80s
[t=1689.6s] rebel stream solves=10963968 raw=7892/s balanced=7892/s debt=0 rows steps=42828 horizon=0.03 games=815 over=2 card=0 drop=0 L=0.00562 L/var=0.02 tgt=+0.289/0.538 cfg/b=21627 prep=1.11s gpu=0.00s conv=0.02s add=1.15s train=7.99s
[t=1699.7s] rebel stream solves=11043840 raw=7893/s balanced=7893/s debt=0 rows steps=43140 horizon=0.03 games=826 over=2 card=0 drop=0 L=0.00565 L/var=0.02 tgt=+0.285/0.530 cfg/b=21672 prep=1.11s gpu=0.00s conv=0.03s add=1.11s train=7.92s
[t=1709.7s] rebel stream solves=11125760 raw=7894/s balanced=7894/s debt=0 rows steps=43460 horizon=0.04 games=741 over=2 card=0 drop=0 L=0.00555 L/var=0.02 tgt=+0.285/0.528 cfg/b=21478 prep=1.10s gpu=0.00s conv=0.03s add=1.10s train=7.83s
[t=1719.7s] rebel stream solves=11206656 raw=7896/s balanced=7896/s debt=0 rows steps=43776 horizon=0.04 games=770 over=2 card=0 drop=0 L=0.00562 L/var=0.02 tgt=+0.280/0.531 cfg/b=21695 prep=1.08s gpu=0.00s conv=0.02s add=1.12s train=7.88s
[t=1729.8s] rebel stream solves=11285504 raw=7895/s balanced=7895/s debt=0 rows steps=44084 horizon=0.03 games=754 over=2 card=0 drop=0 L=0.00562 L/var=0.02 tgt=+0.268/0.537 cfg/b=21440 prep=1.06s gpu=0.00s conv=0.02s add=1.12s train=7.80s
[t=1739.9s] rebel stream solves=11364352 raw=7895/s balanced=7895/s debt=0 rows steps=44392 horizon=0.03 games=761 over=2 card=0 drop=0 L=0.00576 L/var=0.02 tgt=+0.274/0.531 cfg/b=21360 prep=1.11s gpu=0.00s conv=0.02s add=1.06s train=7.84s
[t=1740.6s] --- snapshot snap_04.pt (s4) ---
[t=1749.9s] rebel stream solves=11442176 raw=7894/s balanced=7894/s debt=0 rows steps=44696 horizon=0.03 games=730 over=2 card=0 drop=0 L=0.00559 L/var=0.02 tgt=+0.266/0.537 cfg/b=21272 prep=1.11s gpu=0.00s conv=0.02s add=1.08s train=7.73s
[t=1760.0s] rebel stream solves=11523072 raw=7895/s balanced=7895/s debt=0 rows steps=45012 horizon=0.03 games=802 over=2 card=0 drop=0 L=0.00565 L/var=0.02 tgt=+0.272/0.534 cfg/b=21274 prep=1.09s gpu=0.00s conv=0.02s add=1.11s train=7.84s
[t=1770.1s] rebel stream solves=11603968 raw=7895/s balanced=7895/s debt=0 rows steps=45328 horizon=0.03 games=810 over=2 card=0 drop=0 L=0.00560 L/var=0.02 tgt=+0.271/0.529 cfg/b=21536 prep=1.15s gpu=0.00s conv=0.02s add=1.15s train=7.99s
[t=1780.0s] --- stopping GPU admission; draining ---
[t=1780.2s] rebel stream solves=11685888 raw=7897/s balanced=7897/s debt=0 rows steps=45648 horizon=0.03 games=791 over=2 card=0 drop=0 L=0.00547 L/var=0.02 tgt=+0.267/0.532 cfg/b=21652 prep=1.10s gpu=0.00s conv=0.03s add=1.11s train=7.91s
[t=1780.8s] rebel stream solves=11691276 raw=7897/s balanced=7897/s debt=48 rows steps=45669 horizon=0.07 games=41 over=2 card=0 drop=0 L=0.00573 L/var=0.02 tgt=+0.281/0.530 cfg/b=21845 prep=0.06s gpu=0.00s conv=0.00s add=0.06s train=0.47s
[gpu-summary] solves=11691276 optimizer_rows=46765056 debt=48 raw=7796.3/s balanced=7796.2/s horizon=0.02 games=130914 over=2 card=0 exact=0 censored=4608 dropped=0 overrun=0.00s
[report] runs/value_v4_depth1_30/report.html
