Linux 6.8.0-136-generic (856a17914eb3) 	08/10/26 	_x86_64_	(72 CPU)

15:28:34     CPU    %usr   %nice    %sys %iowait    %irq   %soft  %steal  %guest  %gnice   %idle
15:28:35     all    6.83    0.00    0.40    0.00    0.00    0.01    0.00    0.00    0.00   92.76
15:28:36     all    1.00    0.00    0.67    0.00    0.00    0.00    0.00    0.00    0.00   98.33
15:28:37     all    1.31    0.00    0.46    0.00    0.00    0.00    0.00    0.00    0.00   98.24
15:28:38     all    1.40    0.00    0.38    0.00    0.00    0.00    0.00    0.00    0.00   98.22
15:28:39     all    1.42    0.00    0.18    0.00    0.00    0.00    0.00    0.00    0.00   98.40
15:28:40     all    1.71    0.00    0.26    0.00    0.00    0.00    0.00    0.00    0.00   98.03
15:28:41     all    1.39    0.00    0.21    0.00    0.00    0.00    0.00    0.00    0.00   98.40
15:28:42     all    2.04    0.00    0.31    0.00    0.00    0.00    0.00    0.00    0.00   97.65
15:28:43     all    2.03    0.00    0.43    0.00    0.00    0.00    0.00    0.00    0.00   97.54
15:28:44     all    1.39    0.00    0.18    0.00    0.00    0.00    0.00    0.00    0.00   98.43
15:28:45     all    1.58    0.00    0.28    0.00    0.00    0.00    0.00    0.00    0.00   98.14
15:28:46     all    1.38    0.00    0.15    0.00    0.00    0.00    0.00    0.00    0.00   98.47
15:28:47     all    1.60    0.01    0.24    0.00    0.00    0.00    0.00    0.00    0.00   98.15
15:28:48     all    1.61    0.00    0.26    0.01    0.00    0.00    0.00    0.00    0.00   98.11
15:28:49     all    1.43    0.00    0.33    0.00    0.00    0.00    0.00    0.00    0.00   98.24
15:28:50     all    1.58    0.00    0.24    0.00    0.00    0.00    0.00    0.00    0.00   98.18
15:28:51     all    1.61    0.00    0.26    0.00    0.00    0.00    0.00    0.00    0.00   98.13
15:28:52     all    1.42    0.00    0.18    0.00    0.00    0.00    0.00    0.00    0.00   98.40
15:28:53     all    1.63    0.00    0.25    0.00    0.00    0.00    0.00    0.00    0.00   98.12
15:28:54     all    1.33    0.00    0.19    0.00    0.00    0.00    0.00    0.00    0.00   98.47
15:28:55     all    1.65    0.00    0.15    0.00    0.00    0.00    0.00    0.00    0.00   98.19
15:28:56     all    1.58    0.00    0.19    0.00    0.00    0.00    0.00    0.00    0.00   98.22
15:28:57     all    1.40    0.00    0.18    0.00    0.00    0.00    0.00    0.00    0.00   98.42
15:28:58     all    1.54    0.00    0.28    0.00    0.00    0.00    0.00    0.00    0.00   98.18
15:28:59     all    2.13    0.00    0.32    0.00    0.00    0.00    0.00    0.00    0.00   97.55
15:29:00     all    1.39    0.00    0.15    0.00    0.00    0.00    0.00    0.00    0.00   98.46
15:29:01     all    1.54    0.00    0.29    0.00    0.00    0.00    0.00    0.00    0.00   98.17
15:29:02     all    1.56    0.01    0.21    0.00    0.00    0.00    0.00    0.00    0.00   98.22
15:29:03     all    1.43    0.00    0.25    0.00    0.00    0.01    0.00    0.00    0.00   98.30
15:29:04     all    2.11    0.00    0.36    0.00    0.00    0.00    0.00    0.00    0.00   97.53
15:29:05     all    2.65    0.00    0.74    0.00    0.00    0.00    0.00    0.00    0.00   96.61
15:29:06     all    1.49    0.00    0.10    0.00    0.00    0.00    0.00    0.00    0.00   98.42
15:29:07     all    3.38    0.00    0.28    0.00    0.00    0.00    0.00    0.00    0.00   96.35
15:29:08     all    1.61    0.00    0.13    0.00    0.00    0.00    0.00    0.00    0.00   98.26
15:29:09     all    4.16    0.00    0.50    0.00    0.00    0.00    0.00    0.00    0.00   95.34
15:29:10     all    3.78    0.00    0.22    0.00    0.00    0.00    0.00    0.00    0.00   96.00
15:29:11     all    1.65    0.00    0.10    0.00    0.00    0.00    0.00    0.00    0.00   98.25
15:29:12     all    3.64    0.00    0.22    0.00    0.00    0.00    0.00    0.00    0.00   96.14
15:29:13     all    1.69    0.00    0.15    0.00    0.00    0.00    0.00    0.00    0.00   98.15
15:29:14     all    3.69    0.00    0.33    0.00    0.00    0.00    0.00    0.00    0.00   95.97
15:29:15     all    1.46    0.00    0.17    0.00    0.00    0.00    0.00    0.00    0.00   98.37
15:29:16     all    3.46    0.00    0.24    0.00    0.00    0.00    0.00    0.00    0.00   96.30
15:29:17     all    3.56    0.00    0.11    0.00    0.00    0.00    0.00    0.00    0.00   96.33
15:29:18     all    1.51    0.00    0.24    0.00    0.00    0.00    0.00    0.00    0.00   98.25
15:29:19     all    3.88    0.00    0.28    0.00    0.00    0.00    0.00    0.00    0.00   95.85
15:29:20     all    2.07    0.00    0.29    0.00    0.00    0.00    0.00    0.00    0.00   97.64
15:29:21     all    3.53    0.00    0.25    0.00    0.00    0.00    0.00    0.00    0.00   96.22
15:29:22     all    1.63    0.00    0.14    0.00    0.00    0.00    0.00    0.00    0.00   98.24
15:29:23     all    3.93    0.00    0.28    0.00    0.00    0.00    0.00    0.00    0.00   95.80
15:29:24     all    1.66    0.00    0.25    0.00    0.00    0.00    0.00    0.00    0.00   98.09
15:29:25     all    3.71    0.00    0.32    0.00    0.00    0.00    0.00    0.00    0.00   95.97
15:29:26     all    4.03    0.00    0.32    0.00    0.00    0.00    0.00    0.00    0.00   95.65
15:29:27     all    1.56    0.00    0.15    0.00    0.00    0.00    0.00    0.00    0.00   98.29
15:29:28     all    3.87    0.00    0.33    0.00    0.00    0.00    0.00    0.00    0.00   95.80
15:29:29     all    1.71    0.00    0.14    0.00    0.00    0.00    0.00    0.00    0.00   98.15
15:29:30     all    3.59    0.00    0.25    0.00    0.00    0.00    0.00    0.00    0.00   96.16
15:29:31     all    3.10    0.00    0.26    0.00    0.00    0.00    0.00    0.00    0.00   96.64
15:29:32     all    2.60    0.00    0.32    0.00    0.00    0.00    0.00    0.00    0.00   97.08
15:29:33     all    3.85    0.00    0.49    0.00    0.00    0.00    0.00    0.00    0.00   95.67
15:29:34     all    1.74    0.00    0.22    0.00    0.00    0.01    0.00    0.00    0.00   98.03
15:29:35     all    3.74    0.00    0.26    0.00    0.00    0.00    0.00    0.00    0.00   96.00
15:29:36     all    1.43    0.00    0.08    0.00    0.00    0.00    0.00    0.00    0.00   98.49
15:29:37     all    3.86    0.00    0.28    0.00    0.00    0.00    0.00    0.00    0.00   95.86
15:29:38     all    1.65    0.00    0.12    0.00    0.00    0.00    0.00    0.00    0.00   98.22
15:29:39     all    3.69    0.00    0.31    0.00    0.00    0.00    0.00    0.00    0.00   96.00
15:29:40     all    3.82    0.00    0.24    0.00    0.00    0.00    0.00    0.00    0.00   95.94
15:29:41     all    1.63    0.00    0.15    0.00    0.00    0.00    0.00    0.00    0.00   98.22
15:29:42     all    3.63    0.00    0.25    0.00    0.00    0.00    0.00    0.00    0.00   96.12
15:29:43     all    1.62    0.00    0.15    0.00    0.00    0.00    0.00    0.00    0.00   98.22
15:29:44     all    4.03    0.00    0.45    0.00    0.00    0.00    0.00    0.00    0.00   95.52
15:29:45     all    1.60    0.00    0.22    0.00    0.00    0.00    0.00    0.00    0.00   98.18
15:29:46     all    3.70    0.00    0.22    0.00    0.00    0.00    0.00    0.00    0.00   96.08
15:29:47     all    1.69    0.00    0.15    0.01    0.00    0.00    0.00    0.00    0.00   98.14
15:29:48     all    3.81    0.00    0.32    0.00    0.00    0.00    0.00    0.00    0.00   95.87
15:29:49     all    4.10    0.00    0.24    0.00    0.00    0.00    0.00    0.00    0.00   95.66
15:29:50     all    1.68    0.00    0.26    0.00    0.00    0.00    0.00    0.00    0.00   98.06
15:29:51     all    3.72    0.00    0.22    0.00    0.00    0.00    0.00    0.00    0.00   96.06
15:29:52     all    2.66    0.00    1.17    0.00    0.00    0.00    0.00    0.00    0.00   96.17
15:29:53     all    3.79    0.00    0.32    0.00    0.00    0.00    0.00    0.00    0.00   95.89
15:29:54     all    1.47    0.00    0.13    0.00    0.00    0.00    0.00    0.00    0.00   98.40
15:29:55     all    3.75    0.01    0.35    0.00    0.00    0.00    0.00    0.00    0.00   95.89
15:29:56     all    1.78    0.00    1.50    0.00    0.00    0.01    0.00    0.00    0.00   96.70
15:29:57     all    3.62    0.00    0.22    0.00    0.00    0.00    0.00    0.00    0.00   96.15
15:29:58     all    3.96    0.00    0.26    0.00    0.00    0.00    0.00    0.00    0.00   95.78
15:29:59     all    1.79    0.00    0.21    0.00    0.00    0.00    0.00    0.00    0.00   98.00
15:30:00     all    3.63    0.00    0.36    0.00    0.00    0.00    0.00    0.00    0.00   96.01
15:30:01     all    3.15    0.00    0.67    0.00    0.00    0.00    0.00    0.00    0.00   96.18
15:30:02     all    4.35    0.00    0.79    0.00    0.00    0.01    0.00    0.00    0.00   94.84
15:30:03     all    2.83    0.00    0.61    0.00    0.00    0.00    0.00    0.00    0.00   96.56
15:30:04     all    3.93    0.00    0.35    0.00    0.00    0.00    0.00    0.00    0.00   95.73
15:30:05     all    1.83    0.00    0.40    0.00    0.00    0.00    0.00    0.00    0.00   97.76
15:30:06     all    3.56    0.00    0.25    0.00    0.00    0.00    0.00    0.00    0.00   96.19
15:30:07     all    3.81    0.00    0.49    0.00    0.00    0.00    0.00    0.00    0.00   95.71
15:30:08     all    1.61    0.00    0.18    0.00    0.00    0.00    0.00    0.00    0.00   98.21
15:30:09     all    3.60    0.00    0.22    0.00    0.00    0.00    0.00    0.00    0.00   96.18
15:30:10     all    1.75    0.00    0.22    0.00    0.00    0.00    0.00    0.00    0.00   98.03
15:30:11     all    4.28    0.00    0.33    0.00    0.00    0.00    0.00    0.00    0.00   95.38
15:30:12     all    1.44    0.00    0.13    0.00    0.00    0.00    0.00    0.00    0.00   98.43
15:30:13     all    3.81    0.00    0.31    0.00    0.00    0.00    0.00    0.00    0.00   95.89
15:30:14     all    1.70    0.00    0.10    0.00    0.00    0.00    0.00    0.00    0.00   98.21
15:30:15     all    4.17    0.00    0.60    0.00    0.00    0.00    0.00    0.00    0.00   95.23
15:30:16     all    3.84    0.00    0.26    0.00    0.00    0.00    0.00    0.00    0.00   95.90
15:30:17     all    1.65    0.00    0.15    0.00    0.00    0.00    0.00    0.00    0.00   98.19
15:30:18     all    3.71    0.00    0.28    0.00    0.00    0.00    0.00    0.00    0.00   96.01
15:30:19     all    1.74    0.00    0.10    0.00    0.00    0.01    0.00    0.00    0.00   98.15
15:30:20     all    3.85    0.00    0.39    0.00    0.00    0.00    0.00    0.00    0.00   95.76
15:30:21     all    1.49    0.00    0.15    0.00    0.00    0.00    0.00    0.00    0.00   98.36
15:30:22     all    3.99    0.00    0.32    0.00    0.00    0.00    0.00    0.00    0.00   95.69
15:30:23     all    1.92    0.00    0.15    0.00    0.00    0.00    0.00    0.00    0.00   97.93
15:30:24     all    3.60    0.00    0.25    0.00    0.00    0.00    0.00    0.00    0.00   96.15
15:30:25     all    1.72    0.01    0.21    0.00    0.00    0.00    0.00    0.00    0.00   98.05
15:30:26     all    3.75    0.00    0.28    0.00    0.00    0.00    0.00    0.00    0.00   95.97
15:30:27     all    3.57    0.00    0.24    0.00    0.00    0.00    0.00    0.00    0.00   96.19
15:30:28     all    1.65    0.00    0.14    0.00    0.00    0.00    0.00    0.00    0.00   98.21
15:30:29     all    3.70    0.00    0.24    0.00    0.00    0.00    0.00    0.00    0.00   96.07
15:30:30     all    1.47    0.00    0.11    0.00    0.00    0.00    0.00    0.00    0.00   98.42
15:30:31     all    3.88    0.00    0.32    0.00    0.00    0.00    0.00    0.00    0.00   95.80
15:30:32     all    1.68    0.00    0.18    0.00    0.00    0.00    0.00    0.00    0.00   98.14
15:30:33     all    4.03    0.00    0.26    0.00    0.00    0.00    0.00    0.00    0.00   95.70
15:30:34     all    1.72    0.00    0.13    0.00    0.00    0.00    0.00    0.00    0.00   98.15
15:30:35     all    3.78    0.00    0.33    0.00    0.00    0.00    0.00    0.00    0.00   95.89
15:30:36     all    3.84    0.00    0.31    0.00    0.00    0.00    0.00    0.00    0.00   95.85
15:30:37     all    1.60    0.00    0.22    0.00    0.00    0.00    0.00    0.00    0.00   98.18
15:30:38     all    3.93    0.00    0.19    0.00    0.00    0.00    0.00    0.00    0.00   95.87
15:30:39     all    1.39    0.00    0.11    0.00    0.00    0.00    0.00    0.00    0.00   98.50
15:30:40     all    3.85    0.00    0.31    0.00    0.00    0.01    0.00    0.00    0.00   95.84
15:30:41     all    2.25    0.00    0.32    0.00    0.00    0.00    0.00    0.00    0.00   97.43
15:30:42     all    3.61    0.00    0.26    0.00    0.00    0.00    0.00    0.00    0.00   96.12
15:30:43     all    1.75    0.00    0.21    0.00    0.00    0.00    0.00    0.00    0.00   98.04
15:30:44     all    3.56    0.00    0.26    0.00    0.00    0.00    0.00    0.00    0.00   96.18
15:30:45     all    3.69    0.00    0.36    0.00    0.00    0.00    0.00    0.00    0.00   95.94
15:30:46     all    1.75    0.00    0.21    0.00    0.00    0.00    0.00    0.00    0.00   98.04
15:30:47     all    3.64    0.00    0.28    0.00    0.00    0.00    0.00    0.00    0.00   96.08
15:30:48     all    1.42    0.00    0.12    0.00    0.00    0.00    0.00    0.00    0.00   98.46
15:30:49     all    3.66    0.00    0.25    0.00    0.00    0.00    0.00    0.00    0.00   96.09
15:30:50     all    1.65    0.00    0.15    0.00    0.00    0.00    0.00    0.00    0.00   98.19
15:30:51     all    3.83    0.00    0.42    0.00    0.00    0.00    0.00    0.00    0.00   95.75
15:30:52     all    1.67    0.00    0.17    0.00    0.00    0.01    0.00    0.00    0.00   98.15
15:30:53     all    3.96    0.00    0.43    0.00    0.00    0.00    0.00    0.00    0.00   95.61
15:30:54     all    1.50    0.00    0.11    0.00    0.00    0.00    0.00    0.00    0.00   98.39
15:30:55     all    4.26    0.00    0.53    0.01    0.00    0.00    0.00    0.00    0.00   95.20
15:30:56     all    3.71    0.00    0.25    0.00    0.00    0.00    0.00    0.00    0.00   96.04
15:30:57     all    1.53    0.00    0.14    0.00    0.00    0.00    0.00    0.00    0.00   98.33
15:30:58     all    3.88    0.00    0.33    0.00    0.00    0.00    0.00    0.00    0.00   95.78
15:30:59     all    1.64    0.00    0.11    0.00    0.00    0.00    0.00    0.00    0.00   98.25
15:31:00     all    3.57    0.01    0.33    0.00    0.00    0.00    0.00    0.00    0.00   96.08
15:31:01     all    1.74    0.00    0.24    0.01    0.00    0.00    0.00    0.00    0.00   98.01
15:31:02     all    3.89    0.00    0.31    0.00    0.00    0.00    0.00    0.00    0.00   95.80
15:31:03     all    1.90    0.00    0.22    0.00    0.00    0.00    0.00    0.00    0.00   97.88
15:31:04     all    3.78    0.00    0.31    0.00    0.00    0.00    0.00    0.00    0.00   95.92
15:31:05     all    3.92    0.00    0.35    0.00    0.00    0.00    0.00    0.00    0.00   95.73
15:31:06     all    1.47    0.00    0.24    0.00    0.00    0.00    0.00    0.00    0.00   98.29
15:31:07     all    3.85    0.00    0.28    0.00    0.00    0.00    0.00    0.00    0.00   95.87
15:31:08     all    1.74    0.00    0.19    0.00    0.00    0.00    0.00    0.00    0.00   98.07
15:31:09     all    3.67    0.00    0.50    0.00    0.00    0.00    0.00    0.00    0.00   95.83
15:31:10     all    1.67    0.00    0.17    0.00    0.00    0.00    0.00    0.00    0.00   98.17
15:31:11     all    3.75    0.00    0.28    0.00    0.00    0.00    0.00    0.00    0.00   95.97
15:31:12     all    1.43    0.00    0.14    0.00    0.00    0.00    0.00    0.00    0.00   98.43
15:31:13     all    3.85    0.00    0.31    0.00    0.00    0.00    0.00    0.00    0.00   95.85
15:31:14     all    3.74    0.00    0.24    0.00    0.00    0.00    0.00    0.00    0.00   96.03
15:31:15     all    1.43    0.00    0.13    0.00    0.00    0.00    0.00    0.00    0.00   98.44
15:31:16     all    3.79    0.00    0.32    0.00    0.00    0.00    0.00    0.00    0.00   95.89
15:31:17     all    2.15    0.00    0.22    0.00    0.00    0.00    0.00    0.00    0.00   97.62
15:31:18     all    3.64    0.00    0.26    0.00    0.00    0.00    0.00    0.00    0.00   96.10
15:31:19     all    1.74    0.00    0.17    0.00    0.00    0.00    0.00    0.00    0.00   98.10
15:31:20     all    3.79    0.00    0.25    0.00    0.00    0.00    0.00    0.00    0.00   95.96
15:31:21     all    1.46    0.00    0.10    0.00    0.00    0.00    0.00    0.00    0.00   98.44
15:31:22     all    3.70    0.00    0.38    0.00    0.00    0.00    0.00    0.00    0.00   95.92
15:31:23     all    2.23    0.00    0.21    0.00    0.00    0.00    0.00    0.00    0.00   97.56
15:31:24     all    3.20    0.00    0.50    0.00    0.00    0.00    0.00    0.00    0.00   96.30
15:31:25     all    4.22    0.00    0.60    0.00    0.00    0.00    0.00    0.00    0.00   95.18
15:31:26     all    1.67    0.00    0.17    0.00    0.00    0.00    0.00    0.00    0.00   98.17
15:31:27     all    3.53    0.00    0.36    0.00    0.00    0.00    0.00    0.00    0.00   96.11
15:31:28     all    1.65    0.00    0.14    0.00    0.00    0.00    0.00    0.00    0.00   98.21
15:31:29     all    3.76    0.00    0.28    0.00    0.00    0.00    0.00    0.00    0.00   95.96
15:31:30     all    1.42    0.00    0.08    0.00    0.00    0.00    0.00    0.00    0.00   98.50
15:31:31     all    3.80    0.00    0.28    0.00    0.00    0.00    0.00    0.00    0.00   95.92
15:31:32     all    3.86    0.00    0.44    0.00    0.00    0.00    0.00    0.00    0.00   95.70
15:31:33     all    1.49    0.03    0.13    0.00    0.00    0.00    0.00    0.00    0.00   98.36
15:31:34     all    3.85    0.00    0.22    0.00    0.00    0.00    0.00    0.00    0.00   95.93
15:31:35     all    1.63    0.00    0.17    0.00    0.00    0.00    0.00    0.00    0.00   98.21
15:31:36     all    3.55    0.00    0.25    0.00    0.00    0.00    0.00    0.00    0.00   96.20
15:31:37     all    1.72    0.00    0.25    0.00    0.00    0.00    0.00    0.00    0.00   98.03
15:31:38     all    3.93    0.00    0.22    0.00    0.00    0.00    0.00    0.00    0.00   95.85
15:31:39     all    2.14    0.00    0.21    0.00    0.00    0.00    0.00    0.00    0.00   97.65
15:31:40     all    3.52    0.00    0.28    0.00    0.00    0.00    0.00    0.00    0.00   96.21
15:31:41     all    3.61    0.00    0.25    0.00    0.00    0.00    0.00    0.00    0.00   96.14
15:31:42     all    1.61    0.00    0.29    0.00    0.00    0.00    0.00    0.00    0.00   98.09
15:31:43     all    3.78    0.00    0.29    0.00    0.00    0.00    0.00    0.00    0.00   95.93
15:31:44     all    1.67    0.01    0.14    0.00    0.00    0.00    0.00    0.00    0.00   98.18
15:31:45     all    3.32    0.00    0.18    0.00    0.00    0.00    0.00    0.00    0.00   96.50
15:31:46     all    1.72    0.00    0.19    0.00    0.00    0.00    0.00    0.00    0.00   98.08
15:31:47     all    4.32    0.00    0.56    0.00    0.00    0.00    0.00    0.00    0.00   95.13
15:31:48     all    3.81    0.00    0.21    0.00    0.00    0.00    0.00    0.00    0.00   95.98
15:31:49     all    1.60    0.00    0.19    0.00    0.00    0.00    0.00    0.00    0.00   98.21
15:31:50     all    3.71    0.01    0.22    0.00    0.00    0.00    0.00    0.00    0.00   96.05
15:31:51     all    1.42    0.00    0.17    0.00    0.00    0.00    0.00    0.00    0.00   98.42
15:31:52     all    3.83    0.00    0.28    0.00    0.00    0.00    0.00    0.00    0.00   95.89
15:31:53     all    1.74    0.00    0.22    0.00    0.00    0.00    0.00    0.00    0.00   98.04
15:31:54     all    3.50    0.00    0.17    0.00    0.00    0.00    0.00    0.00    0.00   96.33
15:31:55     all    1.74    0.00    0.19    0.00    0.00    0.00    0.00    0.00    0.00   98.07
15:31:56     all    3.84    0.00    0.28    0.00    0.00    0.00    0.00    0.00    0.00   95.89
15:31:57     all    1.64    0.00    0.39    0.00    0.00    0.00    0.00    0.00    0.00   97.97
15:31:58     all    3.87    0.00    0.31    0.00    0.00    0.00    0.00    0.00    0.00   95.83
15:31:59     all    3.78    0.00    0.17    0.00    0.00    0.00    0.00    0.00    0.00   96.05
15:32:00     all    1.46    0.00    0.18    0.00    0.00    0.00    0.00    0.00    0.00   98.36
15:32:01     all    3.80    0.00    0.32    0.00    0.00    0.00    0.00    0.00    0.00   95.88
15:32:02     all    2.18    0.00    0.33    0.00    0.00    0.00    0.00    0.00    0.00   97.49
15:32:03     all    3.68    0.00    0.36    0.00    0.00    0.00    0.00    0.00    0.00   95.96
15:32:04     all    1.68    0.00    0.11    0.00    0.00    0.00    0.00    0.00    0.00   98.21
15:32:05     all    3.91    0.00    0.47    0.00    0.00    0.00    0.00    0.00    0.00   95.61
15:32:06     all    2.27    0.00    0.21    0.00    0.00    0.01    0.00    0.00    0.00   97.51
15:32:07     all    3.45    0.00    0.26    0.00    0.00    0.00    0.00    0.00    0.00   96.29
15:32:08     all    3.81    0.00    0.32    0.01    0.00    0.00    0.00    0.00    0.00   95.86
15:32:09     all    1.47    0.00    0.11    0.00    0.00    0.00    0.00    0.00    0.00   98.42
15:32:10     all    3.53    0.00    0.29    0.00    0.00    0.00    0.00    0.00    0.00   96.18
15:32:11     all    1.72    0.00    0.25    0.00    0.00    0.00    0.00    0.00    0.00   98.03
15:32:12     all    3.70    0.00    0.26    0.00    0.00    0.00    0.00    0.00    0.00   96.04
15:32:13     all    2.52    0.00    0.57    0.00    0.00    0.00    0.00    0.00    0.00   96.91
15:32:14     all    3.50    0.00    0.22    0.00    0.00    0.01    0.00    0.00    0.00   96.26
15:32:15     all    3.60    0.00    0.22    0.00    0.00    0.00    0.00    0.00    0.00   96.18
15:32:16     all    1.65    0.00    0.28    0.00    0.00    0.00    0.00    0.00    0.00   98.07
15:32:17     all    3.69    0.00    0.25    0.00    0.00    0.01    0.00    0.00    0.00   96.04
15:32:18     all    1.54    0.00    0.15    0.00    0.00    0.00    0.00    0.00    0.00   98.30
15:32:19     all    3.85    0.00    0.33    0.00    0.00    0.00    0.00    0.00    0.00   95.82
15:32:20     all    1.61    0.00    0.06    0.00    0.00    0.00    0.00    0.00    0.00   98.33
15:32:21     all    3.66    0.00    0.18    0.00    0.00    0.00    0.00    0.00    0.00   96.16
15:32:22     all    1.68    0.00    0.17    0.00    0.00    0.00    0.00    0.00    0.00   98.15
15:32:23     all    3.80    0.00    0.39    0.00    0.00    0.00    0.00    0.00    0.00   95.81
15:32:24     all    4.00    0.00    0.35    0.00    0.00    0.00    0.00    0.00    0.00   95.65
15:32:25     all    1.69    0.00    0.18    0.00    0.00    0.00    0.00    0.00    0.00   98.13
15:32:26     all    3.91    0.00    0.40    0.00    0.00    0.00    0.00    0.00    0.00   95.69
15:32:27     all    1.99    0.00    0.35    0.00    0.00    0.00    0.00    0.00    0.00   97.67
15:32:28     all    4.02    0.00    0.40    0.00    0.00    0.00    0.00    0.00    0.00   95.58
15:32:29     all    1.68    0.00    0.32    0.00    0.00    0.00    0.00    0.00    0.00   98.00
15:32:30     all    3.76    0.00    0.33    0.00    0.00    0.00    0.00    0.00    0.00   95.91
15:32:31     all    1.61    0.00    0.15    0.00    0.00    0.01    0.00    0.00    0.00   98.22
15:32:32     all    3.70    0.00    0.26    0.00    0.00    0.00    0.00    0.00    0.00   96.04
15:32:33     all    3.67    0.00    0.19    0.00    0.00    0.00    0.00    0.00    0.00   96.14
15:32:34     all    1.81    0.01    0.18    0.00    0.00    0.00    0.00    0.00    0.00   98.00
15:32:35     all    3.41    0.00    0.26    0.00    0.00    0.00    0.00    0.00    0.00   96.33
15:32:36     all    1.47    0.00    0.13    0.00    0.00    0.00    0.00    0.00    0.00   98.40
15:32:37     all    4.06    0.00    0.33    0.00    0.00    0.00    0.00    0.00    0.00   95.61
15:32:38     all    1.68    0.00    0.21    0.00    0.00    0.00    0.00    0.00    0.00   98.11
15:32:39     all    3.29    0.00    0.31    0.00    0.00    0.00    0.00    0.00    0.00   96.40
15:32:40     all    1.63    0.00    0.07    0.00    0.00    0.00    0.00    0.00    0.00   98.31
15:32:41     all    3.71    0.00    0.32    0.00    0.00    0.00    0.00    0.00    0.00   95.97
15:32:42     all    1.58    0.00    0.31    0.00    0.00    0.00    0.00    0.00    0.00   98.11
15:32:43     all    3.92    0.00    0.40    0.00    0.00    0.00    0.00    0.00    0.00   95.68
15:32:44     all    1.59    0.00    0.14    0.00    0.00    0.00    0.00    0.00    0.00   98.28
15:32:45     all    3.61    0.00    0.51    0.00    0.00    0.00    0.00    0.00    0.00   95.87
15:32:46     all    2.11    0.00    0.33    0.00    0.00    0.00    0.00    0.00    0.00   97.56
15:32:47     all    3.76    0.00    0.28    0.00    0.00    0.00    0.00    0.00    0.00   95.96
15:32:48     all    3.86    0.00    0.32    0.00    0.00    0.00    0.00    0.00    0.00   95.82
15:32:49     all    1.60    0.00    0.18    0.00    0.00    0.00    0.00    0.00    0.00   98.22
15:32:50     all    3.79    0.00    0.35    0.00    0.00    0.01    0.00    0.00    0.00   95.85
15:32:51     all    1.45    0.00    0.13    0.00    0.00    0.00    0.00    0.00    0.00   98.43
15:32:52     all    3.71    0.00    0.32    0.00    0.00    0.00    0.00    0.00    0.00   95.97
15:32:53     all    1.60    0.00    0.17    0.00    0.00    0.00    0.00    0.00    0.00   98.24
15:32:54     all    3.55    0.00    0.24    0.00    0.00    0.00    0.00    0.00    0.00   96.22
15:32:55     all    1.67    0.00    0.17    0.00    0.00    0.00    0.00    0.00    0.00   98.17
15:32:56     all    3.76    0.00    0.26    0.00    0.00    0.01    0.00    0.00    0.00   95.96
15:32:57     all    1.53    0.00    0.13    0.00    0.00    0.00    0.00    0.00    0.00   98.35
15:32:58     all    3.73    0.00    0.24    0.00    0.00    0.00    0.00    0.00    0.00   96.04
15:32:59     all    1.65    0.00    0.21    0.00    0.00    0.00    0.00    0.00    0.00   98.14
15:33:00     all    3.73    0.00    0.19    0.00    0.00    0.00    0.00    0.00    0.00   96.07
15:33:01     all    2.58    0.00    0.39    0.00    0.00    0.00    0.00    0.00    0.00   97.03
15:33:02     all    2.96    0.00    0.33    0.00    0.00    0.00    0.00    0.00    0.00   96.71
15:33:03     all    3.72    0.00    0.32    0.00    0.00    0.00    0.00    0.00    0.00   95.96
15:33:04     all    1.71    0.00    0.19    0.00    0.00    0.00    0.00    0.00    0.00   98.10
15:33:05     all    3.68    0.00    0.17    0.00    0.00    0.00    0.00    0.00    0.00   96.15
15:33:06     all    1.57    0.00    0.19    0.00    0.00    0.00    0.00    0.00    0.00   98.24
15:33:07     all    1.74    0.00    0.18    0.00    0.00    0.00    0.00    0.00    0.00   98.08
15:33:08     all    4.38    0.00    0.40    0.00    0.00    0.00    0.00    0.00    0.00   95.22
15:33:09     all    4.03    0.00    0.25    0.00    0.00    0.00    0.00    0.00    0.00   95.72
15:33:10     all    1.67    0.00    0.29    0.00    0.00    0.00    0.00    0.00    0.00   98.04
15:33:11     all    1.57    0.00    0.19    0.00    0.00    0.00    0.00    0.00    0.00   98.23
15:33:12     all    3.75    0.00    0.26    0.00    0.00    0.00    0.00    0.00    0.00   95.98
15:33:13     all    1.82    0.00    0.25    0.00    0.00    0.00    0.00    0.00    0.00   97.93
15:33:14     all    3.77    0.01    0.36    0.00    0.00    0.00    0.00    0.00    0.00   95.86
15:33:15     all    1.61    0.00    0.21    0.00    0.00    0.00    0.00    0.00    0.00   98.18
15:33:16     all    3.93    0.00    0.31    0.00    0.00    0.00    0.00    0.00    0.00   95.77
15:33:17     all    1.71    0.00    0.35    0.00    0.00    0.00    0.00    0.00    0.00   97.94
15:33:18     all    3.74    0.00    0.28    0.00    0.00    0.00    0.00    0.00    0.00   95.98
15:33:19     all    1.78    0.00    0.31    0.00    0.00    0.00    0.00    0.00    0.00   97.92
15:33:20     all    4.09    0.00    0.25    0.00    0.00    0.00    0.00    0.00    0.00   95.66
15:33:21     all    1.52    0.00    0.07    0.00    0.00    0.00    0.00    0.00    0.00   98.42
15:33:22     all    3.74    0.00    0.29    0.00    0.00    0.01    0.00    0.00    0.00   95.96
15:33:23     all    1.50    0.00    0.10    0.00    0.00    0.00    0.00    0.00    0.00   98.40
15:33:24     all    3.68    0.00    0.28    0.00    0.00    0.00    0.00    0.00    0.00   96.04
15:33:25     all    2.35    0.00    0.17    0.00    0.00    0.00    0.00    0.00    0.00   97.49
15:33:26     all    3.22    0.00    0.26    0.00    0.00    0.00    0.00    0.00    0.00   96.52
15:33:27     all    3.88    0.00    0.25    0.00    0.00    0.00    0.00    0.00    0.00   95.87
15:33:28     all    1.71    0.00    0.18    0.00    0.00    0.00    0.00    0.00    0.00   98.11
15:33:29     all    4.20    0.00    0.54    0.00    0.00    0.00    0.00    0.00    0.00   95.26
15:33:30     all    1.63    0.00    0.14    0.00    0.00    0.00    0.00    0.00    0.00   98.23
15:33:31     all    4.20    0.00    0.38    0.00    0.00    0.00    0.00    0.00    0.00   95.43
15:33:32     all    1.47    0.00    0.17    0.00    0.00    0.00    0.00    0.00    0.00   98.36
15:33:33     all    3.86    0.00    0.49    0.00    0.00    0.00    0.00    0.00    0.00   95.65
15:33:34     all    1.72    0.00    0.17    0.00    0.00    0.00    0.00    0.00    0.00   98.11
15:33:35     all    3.61    0.00    0.25    0.00    0.00    0.00    0.00    0.00    0.00   96.14
15:33:36     all    1.68    0.00    0.21    0.00    0.00    0.00    0.00    0.00    0.00   98.11
15:33:37     all    1.63    0.00    0.18    0.00    0.00    0.00    0.00    0.00    0.00   98.19
15:33:38     all    3.61    0.00    0.28    0.00    0.00    0.00    0.00    0.00    0.00   96.11
15:33:39     all    1.74    0.00    0.21    0.00    0.00    0.00    0.00    0.00    0.00   98.06
15:33:40     all    3.83    0.01    0.21    0.00    0.00    0.00    0.00    0.00    0.00   95.94
15:33:41     all    1.42    0.00    0.14    0.00    0.00    0.00    0.00    0.00    0.00   98.44
15:33:42     all    3.85    0.00    0.28    0.00    0.00    0.00    0.00    0.00    0.00   95.87
15:33:43     all    1.65    0.00    0.13    0.00    0.00    0.00    0.00    0.00    0.00   98.22
15:33:44     all    3.67    0.00    0.40    0.00    0.00    0.00    0.00    0.00    0.00   95.93
15:33:45     all    1.86    0.00    0.19    0.00    0.00    0.00    0.00    0.00    0.00   97.94
15:33:46     all    4.14    0.00    0.31    0.00    0.00    0.00    0.00    0.00    0.00   95.55
15:33:47     all    1.48    0.00    0.25    0.00    0.00    0.00    0.00    0.00    0.00   98.27
15:33:48     all    3.77    0.00    0.28    0.00    0.00    0.00    0.00    0.00    0.00   95.96
15:33:49     all    1.85    0.00    0.39    0.00    0.00    0.00    0.00    0.00    0.00   97.76
15:33:50     all    3.57    0.00    0.31    0.00    0.00    0.00    0.00    0.00    0.00   96.12
15:33:51     all    3.73    0.00    0.19    0.00    0.00    0.00    0.00    0.00    0.00   96.08
15:33:52     all    1.60    0.00    0.25    0.00    0.00    0.00    0.00    0.00    0.00   98.15
15:33:53     all    4.12    0.00    0.39    0.00    0.00    0.00    0.00    0.00    0.00   95.49
15:33:54     all    1.75    0.00    0.15    0.00    0.00    0.00    0.00    0.00    0.00   98.10
15:33:55     all    3.84    0.00    0.36    0.00    0.00    0.00    0.00    0.00    0.00   95.80
15:33:56     all    1.47    0.00    0.17    0.00    0.00    0.00    0.00    0.00    0.00   98.36
15:33:57     all    3.89    0.00    0.26    0.00    0.00    0.00    0.00    0.00    0.00   95.84
15:33:58     all    1.64    0.00    0.10    0.00    0.00    0.00    0.00    0.00    0.00   98.26
15:33:59     all    3.35    0.00    0.53    0.00    0.00    0.00    0.00    0.00    0.00   96.12
15:34:00     all    1.74    0.00    0.12    0.00    0.00    0.00    0.00    0.00    0.00   98.14
15:34:01     all    3.77    0.00    0.31    0.00    0.00    0.00    0.00    0.00    0.00   95.93
15:34:02     all    1.42    0.00    0.19    0.00    0.00    0.00    0.00    0.00    0.00   98.39
15:34:03     all    3.71    0.00    0.33    0.00    0.00    0.00    0.00    0.00    0.00   95.95
15:34:04     all    1.67    0.00    0.14    0.00    0.00    0.00    0.00    0.00    0.00   98.20
15:34:05     all   11.90    0.00    2.16    0.00    0.00    0.00    0.00    0.00    0.00   85.94
15:34:06     all   30.11    0.00    2.76    0.00    0.00    0.00    0.00    0.00    0.00   67.14
15:34:07     all   37.14    0.00    3.50    0.03    0.00    0.01    0.00    0.00    0.00   59.32
15:34:08     all   35.55    0.00    4.20    0.00    0.00    0.00    0.00    0.00    0.00   60.25
15:34:09     all   33.58    0.00    3.54    0.00    0.00    0.00    0.00    0.00    0.00   62.88
15:34:10     all   30.92    0.00    2.88    0.00    0.00    0.00    0.00    0.00    0.00   66.19
15:34:11     all   30.20    0.00    2.78    0.00    0.00    0.01    0.00    0.00    0.00   67.00
15:34:12     all   32.18    0.00    2.05    0.00    0.00    0.00    0.00    0.00    0.00   65.78
15:34:13     all   32.76    0.00    1.50    0.01    0.00    0.00    0.00    0.00    0.00   65.73
15:34:14     all   27.77    0.00    1.31    0.00    0.00    0.00    0.00    0.00    0.00   70.92
15:34:15     all   22.90    0.00    1.50    0.00    0.00    0.01    0.00    0.00    0.00   75.58
15:34:16     all   32.22    0.00    1.57    0.00    0.00    0.01    0.00    0.00    0.00   66.19
15:34:17     all   32.78    0.00    4.16    0.00    0.00    0.00    0.00    0.00    0.00   63.06
15:34:18     all   27.30    0.00    3.90    0.01    0.00    0.00    0.00    0.00    0.00   68.79
15:34:19     all   25.52    0.00    4.01    0.00    0.00    0.00    0.00    0.00    0.00   70.47
15:34:20     all   29.87    0.00    3.91    0.00    0.00    0.00    0.00    0.00    0.00   66.22
15:34:21     all   39.88    0.00    8.77    0.00    0.00    0.01    0.00    0.00    0.00   51.33
15:34:22     all   39.25    0.00    7.34    0.00    0.00    0.00    0.00    0.00    0.00   53.41
15:34:23     all   32.36    0.00    6.31    0.00    0.00    0.00    0.00    0.00    0.00   61.33
15:34:24     all   28.71    0.00    5.51    0.00    0.00    0.00    0.00    0.00    0.00   65.78
15:34:25     all   27.20    0.00    4.85    0.00    0.00    0.00    0.00    0.00    0.00   67.95
15:34:26     all   24.40    0.00    4.34    0.00    0.00    0.00    0.00    0.00    0.00   71.26
15:34:27     all   32.92    0.00    4.87    0.00    0.00    0.00    0.00    0.00    0.00   62.20
15:34:28     all   36.98    0.00    7.08    0.00    0.00    0.00    0.00    0.00    0.00   55.94
15:34:29     all   31.43    0.00    7.97    0.00    0.00    0.01    0.00    0.00    0.00   60.59
15:34:30     all   28.12    0.00    8.01    0.00    0.00    0.00    0.00    0.00    0.00   63.87
15:34:31     all   20.16    0.00    7.65    0.00    0.00    0.00    0.00    0.00    0.00   72.19
15:34:32     all   18.99    0.00    4.96    0.00    0.00    0.01    0.00    0.00    0.00   76.04
15:34:33     all   30.21    0.00    8.15    0.00    0.00    0.01    0.00    0.00    0.00   61.63
15:34:34     all   33.03    0.00   12.42    0.00    0.00    0.00    0.00    0.00    0.00   54.55
15:34:35     all   34.52    0.00   11.57    0.00    0.00    0.00    0.00    0.00    0.00   53.91
15:34:36     all   29.43    0.00    9.46    0.00    0.00    0.01    0.00    0.00    0.00   61.09
15:34:37     all   31.14    0.00   12.22    0.00    0.00    0.00    0.00    0.00    0.00   56.64
15:34:38     all   28.92    0.00   10.91    0.00    0.00    0.01    0.00    0.00    0.00   60.16
15:34:39     all   26.09    0.00   10.12    0.00    0.00    0.00    0.00    0.00    0.00   63.79
15:34:40     all   26.28    0.00    9.79    0.00    0.00    0.01    0.00    0.00    0.00   63.91
15:34:41     all   32.39    0.00   12.84    0.00    0.00    0.00    0.00    0.00    0.00   54.77
15:34:42     all   33.41    0.00   12.82    0.00    0.00    0.00    0.00    0.00    0.00   53.77
15:34:43     all   31.88    0.00   14.77    0.00    0.00    0.00    0.00    0.00    0.00   53.35
15:34:44     all   30.66    0.01   15.43    0.00    0.00    0.01    0.00    0.00    0.00   53.88
15:34:45     all   32.19    0.00   14.78    0.00    0.00    0.00    0.00    0.00    0.00   53.02
15:34:46     all   32.42    0.00   15.90    0.00    0.00    0.01    0.00    0.00    0.00   51.66
15:34:47     all   30.11    0.00   13.15    0.00    0.00    0.00    0.00    0.00    0.00   56.75
15:34:48     all   26.62    0.00   12.83    0.00    0.00    0.00    0.00    0.00    0.00   60.55
15:34:49     all   28.19    0.00   16.36    0.00    0.00    0.00    0.00    0.00    0.00   55.44
15:34:50     all   30.14    0.00   19.11    0.00    0.00    0.01    0.00    0.00    0.00   50.74
15:34:51     all   31.63    0.00   18.33    0.00    0.00    0.01    0.00    0.00    0.00   50.02
15:34:52     all   31.34    0.00   18.99    0.00    0.00    0.00    0.00    0.00    0.00   49.67
15:34:53     all   30.34    0.00   16.74    0.00    0.00    0.00    0.00    0.00    0.00   52.93
15:34:54     all   30.38    0.00   18.42    0.00    0.00    0.00    0.00    0.00    0.00   51.20
15:34:55     all   30.23    0.00   18.17    0.00    0.00    0.01    0.00    0.00    0.00   51.59
15:34:56     all   28.18    0.01   18.62    0.00    0.00    0.00    0.00    0.00    0.00   53.18
15:34:57     all   30.94    0.00   17.64    0.00    0.00    0.01    0.00    0.00    0.00   51.40
15:34:58     all   29.77    0.00   17.96    0.00    0.00    0.00    0.00    0.00    0.00   52.27
15:34:59     all   30.85    0.00   18.80    0.00    0.00    0.00    0.00    0.00    0.00   50.35
15:35:00     all   29.42    0.00   18.65    0.00    0.00    0.01    0.00    0.00    0.00   51.92
15:35:01     all   28.69    0.00   14.12    0.00    0.00    0.01    0.00    0.00    0.00   57.17
15:35:02     all   27.83    0.00   16.67    0.00    0.00    0.04    0.00    0.00    0.00   55.46
15:35:03     all   30.73    0.00   20.16    0.00    0.00    0.04    0.00    0.00    0.00   49.07
15:35:04     all   30.48    0.00   21.08    0.00    0.00    0.00    0.00    0.00    0.00   48.44
15:35:05     all   30.72    0.00   20.15    0.00    0.00    0.00    0.00    0.00    0.00   49.13
15:35:06     all   30.33    0.00   19.53    0.00    0.00    0.00    0.00    0.00    0.00   50.14
15:35:07     all   28.66    0.00   19.14    0.00    0.00    0.00    0.00    0.00    0.00   52.20
15:35:08     all   28.86    0.00   19.06    0.00    0.00    0.00    0.00    0.00    0.00   52.08
15:35:09     all   29.23    0.00   20.20    0.00    0.00    0.00    0.00    0.00    0.00   50.57
15:35:10     all   29.27    0.00   19.65    0.00    0.00    0.01    0.00    0.00    0.00   51.07
15:35:11     all   29.96    0.00   19.55    0.00    0.00    0.00    0.00    0.00    0.00   50.49
15:35:12     all   28.97    0.00   19.92    0.00    0.00    0.00    0.00    0.00    0.00   51.11
15:35:13     all   29.94    0.00   20.96    0.00    0.00    0.01    0.00    0.00    0.00   49.09
15:35:14     all   29.40    0.00   20.28    0.00    0.00    0.01    0.00    0.00    0.00   50.31
15:35:15     all   28.35    0.00   21.26    0.00    0.00    0.00    0.00    0.00    0.00   50.40
15:35:16     all   28.79    0.00   20.73    0.00    0.00    0.00    0.00    0.00    0.00   50.47
15:35:17     all   29.76    0.00   19.39    0.00    0.00    0.00    0.00    0.00    0.00   50.85
15:35:18     all   30.61    0.00   19.62    0.00    0.00    0.00    0.00    0.00    0.00   49.78
15:35:19     all   30.01    0.00   20.09    0.00    0.00    0.00    0.00    0.00    0.00   49.90
15:35:20     all   29.16    0.00   20.15    0.00    0.00    0.01    0.00    0.00    0.00   50.67
15:35:21     all   28.87    0.00   20.48    0.00    0.00    0.00    0.00    0.00    0.00   50.65
15:35:22     all   29.55    0.00   19.53    0.00    0.00    0.01    0.00    0.00    0.00   50.91
15:35:23     all   30.18    0.00   21.48    0.00    0.00    0.00    0.00    0.00    0.00   48.34
15:35:24     all   31.43    0.00   18.66    0.00    0.00    0.00    0.00    0.00    0.00   49.90
15:35:25     all   29.34    0.00   20.07    0.01    0.00    0.01    0.00    0.00    0.00   50.56
15:35:26     all   29.40    0.00   20.30    0.00    0.00    0.00    0.00    0.00    0.00   50.30
15:35:27     all   28.20    0.00   22.03    0.00    0.00    0.00    0.00    0.00    0.00   49.76
15:35:28     all   27.21    0.00   22.03    0.00    0.00    0.00    0.00    0.00    0.00   50.76
15:35:29     all   26.92    0.00   20.85    0.00    0.00    0.00    0.00    0.00    0.00   52.23
15:35:30     all   28.53    0.00   20.53    0.00    0.00    0.00    0.00    0.00    0.00   50.94
15:35:31     all   30.04    0.00   20.18    0.00    0.00    0.00    0.00    0.00    0.00   49.78
15:35:32     all   29.11    0.01   19.79    0.00    0.00    0.00    0.00    0.00    0.00   51.08
15:35:33     all   29.18    0.00   20.51    0.00    0.00    0.01    0.00    0.00    0.00   50.29
15:35:34     all   31.09    0.01   19.05    0.00    0.00    0.00    0.00    0.00    0.00   49.85
15:35:35     all   28.17    0.00   19.67    0.00    0.00    0.00    0.00    0.00    0.00   52.16
15:35:36     all   27.44    0.00   21.03    0.00    0.00    0.00    0.00    0.00    0.00   51.54
15:35:37     all   27.75    0.00   21.99    0.00    0.00    0.00    0.00    0.00    0.00   50.25
15:35:38     all   28.17    0.00   21.67    0.00    0.00    0.00    0.00    0.00    0.00   50.16
15:35:39     all   28.18    0.00   21.89    0.00    0.00    0.03    0.00    0.00    0.00   49.90
15:35:40     all   28.05    0.00   23.09    0.00    0.00    0.00    0.00    0.00    0.00   48.87
15:35:41     all   29.28    0.00   22.39    0.00    0.00    0.00    0.00    0.00    0.00   48.33
15:35:42     all   30.52    0.00   19.41    0.00    0.00    0.00    0.00    0.00    0.00   50.06
15:35:43     all   28.72    0.00   21.18    0.00    0.00    0.00    0.00    0.00    0.00   50.10
15:35:44     all   27.98    0.00   21.82    0.00    0.00    0.01    0.00    0.00    0.00   50.18
15:35:45     all   28.11    0.00   22.03    0.00    0.00    0.00    0.00    0.00    0.00   49.86
15:35:46     all   28.15    0.00   22.18    0.00    0.00    0.00    0.00    0.00    0.00   49.67
15:35:47     all   25.25    0.00   24.83    0.00    0.00    0.00    0.00    0.00    0.00   49.92
15:35:48     all   26.26    0.00   24.18    0.00    0.00    0.00    0.00    0.00    0.00   49.56
15:35:49     all   27.43    0.00   22.11    0.00    0.00    0.00    0.00    0.00    0.00   50.45
15:35:50     all   27.39    0.00   21.77    0.00    0.00    0.01    0.00    0.00    0.00   50.83
15:35:51     all   27.14    0.00   22.11    0.00    0.00    0.00    0.00    0.00    0.00   50.75
15:35:52     all   27.30    0.00   21.78    0.00    0.00    0.00    0.00    0.00    0.00   50.92
15:35:53     all   27.91    0.00   22.53    0.00    0.00    0.01    0.00    0.00    0.00   49.56
15:35:54     all   27.98    0.00   22.50    0.00    0.00    0.00    0.00    0.00    0.00   49.53
15:35:55     all   27.32    0.00   22.66    0.00    0.00    0.00    0.00    0.00    0.00   50.02
15:35:56     all   26.74    0.00   23.44    0.00    0.00    0.01    0.00    0.00    0.00   49.81
15:35:57     all   26.90    0.00   23.04    0.00    0.00    0.00    0.00    0.00    0.00   50.06
15:35:58     all   29.25    0.00   20.61    0.01    0.00    0.00    0.00    0.00    0.00   50.13
15:35:59     all   27.77    0.00   23.38    0.00    0.00    0.03    0.00    0.00    0.00   48.82
15:36:00     all   28.68    0.00   22.31    0.00    0.00    0.00    0.00    0.00    0.00   49.01
15:36:01     all   29.44    0.00   21.78    0.00    0.00    0.00    0.00    0.00    0.00   48.78
15:36:02     all   26.93    0.00   21.42    0.00    0.00    0.00    0.00    0.00    0.00   51.65
15:36:03     all   24.29    0.00   25.58    0.00    0.00    0.01    0.00    0.00    0.00   50.12
15:36:04     all   26.74    0.00   23.71    0.00    0.00    0.01    0.00    0.00    0.00   49.54
15:36:05     all   27.20    0.00   23.35    0.00    0.00    0.00    0.00    0.00    0.00   49.46
15:36:06     all   26.74    0.00   23.22    0.00    0.00    0.00    0.00    0.00    0.00   50.04
15:36:07     all   28.20    0.00   22.06    0.00    0.00    0.00    0.00    0.00    0.00   49.74
15:36:08     all   26.14    0.00   23.80    0.00    0.00    0.01    0.00    0.00    0.00   50.05
15:36:09     all   30.03    0.00   21.04    0.00    0.00    0.00    0.00    0.00    0.00   48.94
15:36:10     all   28.76    0.00   21.74    0.00    0.00    0.00    0.00    0.00    0.00   49.50
15:36:11     all   27.18    0.00   22.93    0.00    0.00    0.00    0.00    0.00    0.00   49.89
15:36:12     all   29.38    0.00   20.36    0.00    0.00    0.00    0.00    0.00    0.00   50.26
15:36:13     all   28.60    0.00   21.27    0.00    0.00    0.01    0.00    0.00    0.00   50.11
15:36:14     all   27.16    0.00   22.77    0.00    0.00    0.01    0.00    0.00    0.00   50.06
15:36:15     all   27.04    0.00   22.61    0.00    0.00    0.00    0.00    0.00    0.00   50.34
15:36:16     all   31.03    0.00   19.18    0.00    0.00    0.01    0.00    0.00    0.00   49.78
15:36:17     all   29.80    0.00   20.78    0.08    0.00    0.00    0.00    0.00    0.00   49.33
15:36:18     all   30.72    0.00   19.39    0.00    0.00    0.00    0.00    0.00    0.00   49.89
15:36:19     all   30.57    0.00   18.40    0.00    0.00    0.00    0.00    0.00    0.00   51.04
15:36:20     all   28.43    0.00   18.45    0.00    0.00    0.00    0.00    0.00    0.00   53.13
15:36:21     all   29.07    0.00   20.45    0.00    0.00    0.01    0.00    0.00    0.00   50.46
15:36:22     all   29.03    0.00   21.08    0.00    0.00    0.00    0.00    0.00    0.00   49.89
15:36:23     all   27.97    0.00   21.13    0.00    0.00    0.00    0.00    0.00    0.00   50.90
15:36:24     all   27.63    0.00   22.19    0.00    0.00    0.00    0.00    0.00    0.00   50.18
15:36:25     all   27.84    0.00   23.07    0.00    0.00    0.00    0.00    0.00    0.00   49.09
15:36:26     all   25.45    0.00   24.65    0.00    0.00    0.01    0.00    0.00    0.00   49.89
15:36:27     all   28.54    0.00   21.24    0.00    0.00    0.00    0.00    0.00    0.00   50.22
15:36:28     all   26.93    0.00   22.31    0.00    0.00    0.00    0.00    0.00    0.00   50.76
15:36:29     all   29.59    0.00   20.64    0.00    0.00    0.01    0.00    0.00    0.00   49.76
15:36:30     all   28.77    0.00   21.40    0.00    0.00    0.00    0.00    0.00    0.00   49.83
15:36:31     all   23.96    0.00   25.24    0.00    0.00    0.01    0.00    0.00    0.00   50.79
15:36:32     all   26.11    0.00   25.00    0.00    0.00    0.00    0.00    0.00    0.00   48.89
15:36:33     all   27.73    0.01   23.18    0.00    0.00    0.00    0.00    0.00    0.00   49.08
15:36:34     all   27.04    0.00   22.80    0.00    0.00    0.01    0.00    0.00    0.00   50.15
15:36:35     all   26.74    0.00   23.28    0.00    0.00    0.00    0.00    0.00    0.00   49.98
15:36:36     all   26.62    0.00   24.45    0.00    0.00    0.01    0.00    0.00    0.00   48.91
15:36:37     all   28.00    0.00   24.36    0.00    0.00    0.00    0.00    0.00    0.00   47.64
15:36:38     all   28.79    0.00   22.76    0.00    0.00    0.01    0.00    0.00    0.00   48.43
15:36:39     all   26.65    0.00   23.32    0.00    0.00    0.00    0.00    0.00    0.00   50.03
15:36:40     all   28.30    0.00   20.11    0.00    0.00    0.01    0.00    0.00    0.00   51.57
15:36:41     all   28.61    0.00   21.39    0.00    0.00    0.00    0.00    0.00    0.00   49.99
15:36:42     all   26.04    0.00   23.60    0.00    0.00    0.00    0.00    0.00    0.00   50.35
15:36:43     all   27.53    0.00   22.43    0.00    0.00    0.00    0.00    0.00    0.00   50.03
15:36:44     all   28.26    0.00   21.02    0.00    0.00    0.01    0.00    0.00    0.00   50.71
15:36:45     all   28.98    0.00   21.45    0.00    0.00    0.00    0.00    0.00    0.00   49.58
15:36:46     all   28.63    0.00   21.63    0.00    0.00    0.01    0.00    0.00    0.00   49.72
15:36:47     all   27.38    0.00   22.59    0.00    0.00    0.00    0.00    0.00    0.00   50.03
15:36:48     all   29.78    0.00   18.93    0.01    0.00    0.00    0.00    0.00    0.00   51.28
15:36:49     all   30.68    0.00   18.27    0.00    0.00    0.00    0.00    0.00    0.00   51.05
15:36:50     all   30.00    0.00   18.76    0.01    0.00    0.01    0.00    0.00    0.00   51.22
15:36:51     all   31.42    0.01   17.99    0.00    0.00    0.00    0.00    0.00    0.00   50.58
15:36:52     all   30.05    0.00   19.59    0.00    0.00    0.00    0.00    0.00    0.00   50.36
15:36:53     all   28.26    0.00   21.18    0.00    0.00    0.01    0.00    0.00    0.00   50.55
15:36:54     all   29.02    0.00   21.25    0.00    0.00    0.00    0.00    0.00    0.00   49.73
15:36:55     all   30.50    0.00   19.81    0.00    0.00    0.00    0.00    0.00    0.00   49.69
15:36:56     all   30.18    0.00   21.05    0.00    0.00    0.00    0.00    0.00    0.00   48.78
15:36:57     all   30.20    0.00   20.66    0.00    0.00    0.01    0.00    0.00    0.00   49.12
15:36:58     all   29.22    0.00   21.15    0.00    0.00    0.00    0.00    0.00    0.00   49.63
15:36:59     all   27.58    0.00   20.75    0.00    0.00    0.00    0.00    0.00    0.00   51.68
15:37:00     all   30.20    0.00   19.64    0.00    0.00    0.00    0.00    0.00    0.00   50.16
15:37:01     all   27.49    0.00   22.70    0.00    0.00    0.03    0.00    0.00    0.00   49.78
15:37:02     all   29.14    0.00   20.35    0.00    0.00    0.00    0.00    0.00    0.00   50.51
15:37:03     all   29.34    0.00   19.57    0.00    0.00    0.00    0.00    0.00    0.00   51.09
15:37:04     all   31.03    0.00   19.09    0.00    0.00    0.00    0.00    0.00    0.00   49.89
15:37:05     all   29.84    0.00   19.77    0.01    0.00    0.00    0.00    0.00    0.00   50.38
15:37:06     all   29.09    0.00   20.88    0.00    0.00    0.01    0.00    0.00    0.00   50.01
15:37:07     all   26.56    0.00   23.42    0.00    0.00    0.00    0.00    0.00    0.00   50.01
15:37:08     all   28.11    0.00   21.69    0.00    0.00    0.00    0.00    0.00    0.00   50.20
15:37:09     all   29.89    0.00   18.41    0.00    0.00    0.00    0.00    0.00    0.00   51.70
15:37:10     all   29.30    0.00   20.22    0.00    0.00    0.00    0.00    0.00    0.00   50.48
15:37:11     all   27.30    0.00   22.88    0.00    0.00    0.00    0.00    0.00    0.00   49.82
15:37:12     all   25.81    0.00   24.71    0.01    0.00    0.00    0.00    0.00    0.00   49.47
15:37:13     all   27.35    0.00   23.70    0.00    0.00    0.00    0.00    0.00    0.00   48.95
15:37:14     all   29.26    0.00   21.92    0.00    0.00    0.00    0.00    0.00    0.00   48.81
15:37:15     all   27.56    0.00   22.35    0.00    0.00    0.01    0.00    0.00    0.00   50.08
15:37:16     all   27.74    0.00   22.28    0.00    0.00    0.00    0.00    0.00    0.00   49.99
15:37:17     all   29.64    0.00   20.16    0.00    0.00    0.04    0.00    0.00    0.00   50.16
15:37:18     all   32.71    0.00   17.19    0.00    0.00    0.00    0.00    0.00    0.00   50.10
15:37:19     all   28.79    0.00   20.29    0.00    0.00    0.00    0.00    0.00    0.00   50.92
15:37:20     all   29.97    0.00   19.84    0.00    0.00    0.00    0.00    0.00    0.00   50.19
15:37:21     all   30.11    0.00   18.73    0.00    0.00    0.00    0.00    0.00    0.00   51.16
15:37:22     all   28.11    0.00   21.57    0.00    0.00    0.01    0.00    0.00    0.00   50.31
15:37:23     all   28.50    0.00   21.35    0.00    0.00    0.00    0.00    0.00    0.00   50.15
15:37:24     all   28.72    0.00   21.22    0.00    0.00    0.00    0.00    0.00    0.00   50.06
15:37:25     all   27.62    0.00   19.96    0.00    0.00    0.00    0.00    0.00    0.00   52.42
15:37:26     all   28.13    0.00   21.67    0.00    0.00    0.00    0.00    0.00    0.00   50.19
15:37:27     all   28.24    0.00   21.98    0.00    0.00    0.00    0.00    0.00    0.00   49.78
15:37:28     all   27.85    0.00   22.25    0.00    0.00    0.01    0.00    0.00    0.00   49.88
15:37:29     all   26.65    0.00   22.99    0.00    0.00    0.00    0.00    0.00    0.00   50.37
15:37:30     all   29.83    0.00   19.76    0.00    0.00    0.00    0.00    0.00    0.00   50.41
15:37:31     all   31.95    0.00   18.74    0.00    0.00    0.00    0.00    0.00    0.00   49.31
15:37:32     all   32.10    0.00   17.86    0.00    0.00    0.00    0.00    0.00    0.00   50.04
15:37:33     all   30.09    0.00   20.71    0.00    0.00    0.00    0.00    0.00    0.00   49.20
15:37:34     all   30.81    0.01   19.76    0.00    0.00    0.00    0.00    0.00    0.00   49.42
15:37:35     all   28.89    0.00   18.15    0.00    0.00    0.00    0.00    0.00    0.00   52.96
15:37:36     all   29.14    0.00   19.60    0.00    0.00    0.01    0.00    0.00    0.00   51.25
15:37:37     all   29.31    0.00   17.81    0.00    0.00    0.00    0.00    0.00    0.00   52.89
15:37:38     all   29.88    0.00   19.71    0.00    0.00    0.00    0.00    0.00    0.00   50.41
15:37:39     all   29.48    0.00   19.38    0.00    0.00    0.01    0.00    0.00    0.00   51.12
15:37:40     all   30.52    0.00   21.46    0.00    0.00    0.00    0.00    0.00    0.00   48.01
15:37:41     all   30.05    0.00   20.20    0.00    0.00    0.00    0.00    0.00    0.00   49.75
15:37:42     all   28.37    0.00   20.68    0.00    0.00    0.00    0.00    0.00    0.00   50.95
15:37:43     all   29.37    0.00   20.25    0.00    0.00    0.01    0.00    0.00    0.00   50.37
15:37:44     all   28.37    0.00   21.50    0.01    0.00    0.00    0.00    0.00    0.00   50.12
15:37:45     all   29.64    0.00   16.89    0.00    0.00    0.01    0.00    0.00    0.00   53.45
15:37:46     all   29.34    0.00   19.00    0.00    0.00    0.00    0.00    0.00    0.00   51.67
15:37:47     all   29.10    0.00   20.75    0.00    0.00    0.00    0.00    0.00    0.00   50.15
15:37:48     all   31.26    0.00   18.25    0.00    0.00    0.03    0.00    0.00    0.00   50.46
15:37:49     all   29.75    0.00   18.87    0.00    0.00    0.00    0.00    0.00    0.00   51.38
15:37:50     all   31.29    0.00   18.89    0.00    0.00    0.00    0.00    0.00    0.00   49.82
15:37:51     all   31.43    0.00   18.24    0.00    0.00    0.00    0.00    0.00    0.00   50.33
15:37:52     all   30.24    0.00   18.82    0.01    0.00    0.01    0.00    0.00    0.00   50.91
15:37:53     all   31.76    0.00   18.97    0.01    0.00    0.00    0.00    0.00    0.00   49.26
15:37:54     all   29.99    0.00   19.70    0.00    0.00    0.00    0.00    0.00    0.00   50.31
15:37:55     all   28.90    0.00   20.48    0.00    0.00    0.01    0.00    0.00    0.00   50.61
15:37:56     all   29.88    0.00   20.24    0.00    0.00    0.00    0.00    0.00    0.00   49.88
15:37:57     all   30.66    0.00   19.65    0.00    0.00    0.01    0.00    0.00    0.00   49.67
15:37:58     all   28.25    0.00   22.01    0.00    0.00    0.00    0.00    0.00    0.00   49.74
15:37:59     all   26.52    0.00   23.43    0.00    0.00    0.00    0.00    0.00    0.00   50.06
15:38:00     all   27.01    0.00   23.27    0.00    0.00    0.00    0.00    0.00    0.00   49.72
15:38:01     all   28.58    0.00   21.35    0.00    0.00    0.00    0.00    0.00    0.00   50.08
15:38:02     all   27.59    0.01   21.35    0.00    0.00    0.01    0.00    0.00    0.00   51.03
15:38:03     all   30.26    0.00   20.36    0.00    0.00    0.00    0.00    0.00    0.00   49.38
15:38:04     all   29.62    0.00   19.86    0.00    0.00    0.00    0.00    0.00    0.00   50.51
15:38:05     all   29.91    0.00   19.94    0.00    0.00    0.01    0.00    0.00    0.00   50.13
15:38:06     all   28.77    0.00   20.76    0.01    0.00    0.00    0.00    0.00    0.00   50.45
15:38:07     all   28.67    0.00   21.12    0.00    0.00    0.00    0.00    0.00    0.00   50.22
15:38:08     all   31.56    0.00   18.44    0.00    0.00    0.00    0.00    0.00    0.00   49.99
15:38:09     all   32.28    0.00   18.99    0.00    0.00    0.01    0.00    0.00    0.00   48.71
15:38:10     all   30.36    0.00   20.27    0.00    0.00    0.00    0.00    0.00    0.00   49.37
15:38:11     all   30.39    0.00   21.03    0.00    0.00    0.00    0.00    0.00    0.00   48.58
15:38:12     all   31.32    0.00   18.30    0.00    0.00    0.00    0.00    0.00    0.00   50.38
15:38:13     all   31.96    0.00   17.13    0.00    0.00    0.01    0.00    0.00    0.00   50.90
15:38:14     all   30.17    0.00   18.74    0.00    0.00    0.00    0.00    0.00    0.00   51.09
15:38:15     all   29.83    0.00   18.44    0.00    0.00    0.01    0.00    0.00    0.00   51.72
15:38:16     all   31.04    0.00   18.11    0.00    0.00    0.00    0.00    0.00    0.00   50.85
15:38:17     all   29.77    0.00   19.44    0.00    0.00    0.01    0.00    0.00    0.00   50.77
15:38:18     all   28.54    0.00   19.96    0.00    0.00    0.00    0.00    0.00    0.00   51.50
15:38:19     all   31.42    0.00   18.35    0.00    0.00    0.01    0.00    0.00    0.00   50.21
15:38:20     all   30.97    0.00   18.40    0.00    0.00    0.01    0.00    0.00    0.00   50.61
15:38:21     all   31.03    0.00   20.24    0.00    0.00    0.00    0.00    0.00    0.00   48.74
15:38:22     all   30.66    0.00   19.37    0.00    0.00    0.01    0.00    0.00    0.00   49.95
15:38:23     all   29.72    0.00   20.41    0.00    0.00    0.00    0.00    0.00    0.00   49.88
15:38:24     all   30.07    0.00   20.59    0.00    0.00    0.01    0.00    0.00    0.00   49.33
15:38:25     all   29.74    0.00   19.22    0.00    0.00    0.00    0.00    0.00    0.00   51.04
15:38:26     all   27.58    0.00   19.47    0.00    0.00    0.00    0.00    0.00    0.00   52.96
15:38:27     all   28.69    0.00   21.56    0.00    0.00    0.00    0.00    0.00    0.00   49.75
15:38:28     all   30.16    0.00   20.45    0.00    0.00    0.03    0.00    0.00    0.00   49.36
15:38:29     all   32.83    0.00   18.60    0.01    0.00    0.00    0.00    0.00    0.00   48.56
15:38:30     all   32.33    0.00   18.37    0.00    0.00    0.00    0.00    0.00    0.00   49.30
15:38:31     all   31.28    0.00   18.89    0.00    0.00    0.00    0.00    0.00    0.00   49.83
15:38:32     all   31.26    0.00   18.42    0.00    0.00    0.00    0.00    0.00    0.00   50.32
15:38:33     all   29.67    0.00   19.27    0.00    0.00    0.00    0.00    0.00    0.00   51.07
15:38:34     all   28.90    0.00   20.86    0.00    0.00    0.00    0.00    0.00    0.00   50.24
15:38:35     all   31.43    0.01   18.90    0.00    0.00    0.00    0.00    0.00    0.00   49.65
15:38:36     all   31.06    0.00   17.92    0.00    0.00    0.01    0.00    0.00    0.00   51.01
15:38:37     all   31.22    0.00   19.61    0.00    0.00    0.00    0.00    0.00    0.00   49.16
15:38:38     all   31.97    0.01   18.06    0.00    0.00    0.01    0.00    0.00    0.00   49.94
15:38:39     all   32.21    0.00   16.62    0.00    0.00    0.00    0.00    0.00    0.00   51.17
15:38:40     all   31.52    0.00   18.31    0.00    0.00    0.00    0.00    0.00    0.00   50.17
15:38:41     all   32.36    0.00   17.45    0.00    0.00    0.00    0.00    0.00    0.00   50.19
15:38:42     all   33.13    0.00   16.53    0.00    0.00    0.01    0.00    0.00    0.00   50.32
15:38:43     all   32.63    0.00   16.13    0.00    0.00    0.00    0.00    0.00    0.00   51.24
15:38:44     all   31.13    0.00   17.71    0.00    0.00    0.01    0.00    0.00    0.00   51.15
15:38:45     all   32.81    0.00   16.55    0.00    0.00    0.01    0.00    0.00    0.00   50.63
15:38:46     all   31.81    0.00   17.11    0.00    0.00    0.00    0.00    0.00    0.00   51.08
15:38:47     all   32.73    0.00   16.99    0.00    0.00    0.01    0.00    0.00    0.00   50.26
15:38:48     all   31.22    0.00   18.11    0.00    0.00    0.00    0.00    0.00    0.00   50.67
15:38:49     all   31.19    0.00   18.45    0.00    0.00    0.00    0.00    0.00    0.00   50.35
15:38:50     all   31.01    0.00   17.98    0.00    0.00    0.01    0.00    0.00    0.00   50.99
15:38:51     all   30.72    0.00   18.27    0.00    0.00    0.00    0.00    0.00    0.00   51.01
15:38:52     all   30.88    0.00   18.92    0.00    0.00    0.00    0.00    0.00    0.00   50.19
15:38:53     all   29.92    0.00   18.45    0.00    0.00    0.00    0.00    0.00    0.00   51.64
15:38:54     all   27.75    0.01   19.37    0.00    0.00    0.00    0.00    0.00    0.00   52.87
15:38:55     all   27.83    0.00   22.15    0.01    0.00    0.00    0.00    0.00    0.00   50.01
15:38:56     all   28.69    0.00   20.31    0.00    0.00    0.00    0.00    0.00    0.00   51.00
15:38:57     all   30.37    0.00   16.51    0.00    0.00    0.01    0.00    0.00    0.00   53.11
15:38:58     all   32.43    0.00   17.16    0.00    0.00    0.00    0.00    0.00    0.00   50.40
15:38:59     all   30.03    0.00   19.78    0.00    0.00    0.00    0.00    0.00    0.00   50.19
15:39:00     all   31.87    0.00   18.19    0.00    0.00    0.00    0.00    0.00    0.00   49.94
15:39:01     all   30.65    0.00   18.73    0.00    0.00    0.00    0.00    0.00    0.00   50.62
15:39:02     all   31.49    0.01   18.74    0.00    0.00    0.00    0.00    0.00    0.00   49.76
15:39:03     all   30.16    0.00   18.22    0.00    0.00    0.01    0.00    0.00    0.00   51.60
15:39:04     all   31.37    0.00   17.47    0.00    0.00    0.00    0.00    0.00    0.00   51.16
15:39:05     all   31.46    0.00   17.76    0.00    0.00    0.01    0.00    0.00    0.00   50.77
15:39:06     all   33.13    0.00   16.70    0.00    0.00    0.00    0.00    0.00    0.00   50.17
15:39:07     all   32.83    0.00   15.99    0.00    0.00    0.01    0.00    0.00    0.00   51.17
15:39:08     all   31.23    0.00   17.22    0.00    0.00    0.00    0.00    0.00    0.00   51.55
15:39:09     all   30.86    0.00   16.65    0.00    0.00    0.00    0.00    0.00    0.00   52.49
15:39:10     all   32.84    0.00   16.70    0.00    0.00    0.01    0.00    0.00    0.00   50.44
15:39:11     all   33.42    0.00   17.28    0.00    0.00    0.00    0.00    0.00    0.00   49.30
15:39:12     all   32.22    0.00   19.06    0.00    0.00    0.01    0.00    0.00    0.00   48.70
15:39:13     all   30.45    0.00   17.62    0.00    0.00    0.00    0.00    0.00    0.00   51.93
15:39:14     all   29.79    0.00   19.45    0.00    0.00    0.00    0.00    0.00    0.00   50.76
15:39:15     all   29.04    0.00   18.92    0.00    0.00    0.00    0.00    0.00    0.00   52.04
15:39:16     all   30.44    0.00   17.65    0.00    0.00    0.00    0.00    0.00    0.00   51.91
15:39:17     all   29.47    0.00   16.95    0.00    0.00    0.01    0.00    0.00    0.00   53.57
15:39:18     all   31.00    0.00   18.04    0.00    0.00    0.00    0.00    0.00    0.00   50.96
15:39:19     all   30.71    0.00   17.94    0.00    0.00    0.00    0.00    0.00    0.00   51.35
15:39:20     all   31.37    0.00   17.84    0.00    0.00    0.00    0.00    0.00    0.00   50.79
15:39:21     all   31.98    0.00   17.05    0.00    0.00    0.00    0.00    0.00    0.00   50.97
15:39:22     all   31.41    0.00   18.38    0.00    0.00    0.01    0.00    0.00    0.00   50.19
15:39:23     all   31.01    0.00   18.15    0.00    0.00    0.01    0.00    0.00    0.00   50.83
15:39:24     all   31.76    0.00   17.63    0.00    0.00    0.00    0.00    0.00    0.00   50.60
15:39:25     all   31.02    0.00   19.52    0.00    0.00    0.03    0.00    0.00    0.00   49.43
15:39:26     all   30.62    0.00   19.28    0.00    0.00    0.00    0.00    0.00    0.00   50.10
15:39:27     all   29.84    0.00   20.35    0.00    0.00    0.00    0.00    0.00    0.00   49.82
15:39:28     all   29.35    0.00   20.65    0.00    0.00    0.00    0.00    0.00    0.00   49.99
15:39:29     all   30.13    0.00   19.72    0.00    0.00    0.00    0.00    0.00    0.00   50.15
15:39:30     all   30.03    0.00   20.34    0.00    0.00    0.00    0.00    0.00    0.00   49.62
15:39:31     all   30.04    0.00   21.07    0.00    0.00    0.03    0.00    0.00    0.00   48.85
15:39:32     all   31.22    0.00   17.26    0.00    0.00    0.01    0.00    0.00    0.00   51.51
15:39:33     all   31.11    0.00   16.72    0.00    0.00    0.00    0.00    0.00    0.00   52.17
15:39:34     all   30.31    0.00   15.76    0.00    0.00    0.01    0.00    0.00    0.00   53.92
15:39:35     all   26.74    0.00   14.79    0.00    0.00    0.01    0.00    0.00    0.00   58.45
15:39:36     all   30.20    0.00   15.99    0.00    0.00    0.00    0.00    0.00    0.00   53.81
15:39:37     all   31.04    0.00   18.38    0.00    0.00    0.00    0.00    0.00    0.00   50.58
15:39:38     all   31.88    0.00   17.99    0.00    0.00    0.00    0.00    0.00    0.00   50.13
15:39:39     all   31.58    0.00   18.88    0.00    0.00    0.03    0.00    0.00    0.00   49.51
15:39:40     all   33.01    0.00   16.89    0.00    0.00    0.00    0.00    0.00    0.00   50.10
15:39:41     all   32.65    0.00   17.21    0.00    0.00    0.00    0.00    0.00    0.00   50.14
15:39:42     all   32.57    0.00   16.20    0.00    0.00    0.01    0.00    0.00    0.00   51.21
15:39:43     all   28.76    0.00   14.70    0.00    0.00    0.00    0.00    0.00    0.00   56.54
15:39:44     all   28.26    0.00   12.98    0.00    0.00    0.00    0.00    0.00    0.00   58.76
15:39:45     all   25.76    0.00   11.64    0.00    0.00    0.00    0.00    0.00    0.00   62.60
15:39:46     all   25.97    0.00   11.26    0.00    0.00    0.00    0.00    0.00    0.00   62.77
15:39:47     all   32.44    0.00   14.01    0.00    0.00    0.01    0.00    0.00    0.00   53.53
15:39:48     all   34.27    0.00   14.79    0.00    0.00    0.00    0.00    0.00    0.00   50.93
15:39:49     all   32.21    0.00   17.04    0.00    0.00    0.00    0.00    0.00    0.00   50.76
15:39:50     all   32.95    0.00   16.64    0.00    0.00    0.03    0.00    0.00    0.00   50.38
15:39:51     all   29.90    0.00   15.82    0.00    0.00    0.00    0.00    0.00    0.00   54.28
15:39:52     all   32.35    0.00   15.11    0.00    0.00    0.00    0.00    0.00    0.00   52.54
15:39:53     all   29.53    0.00   16.66    0.00    0.00    0.00    0.00    0.00    0.00   53.82
15:39:54     all   30.48    0.00   15.90    0.00    0.00    0.01    0.00    0.00    0.00   53.61
15:39:55     all   32.88    0.00   14.54    0.00    0.00    0.01    0.00    0.00    0.00   52.57
15:39:56     all   34.46    0.00   14.06    0.00    0.00    0.00    0.00    0.00    0.00   51.48
15:39:57     all   34.27    0.00   15.13    0.00    0.00    0.01    0.00    0.00    0.00   50.58
15:39:58     all   35.11    0.00   13.88    0.00    0.00    0.00    0.00    0.00    0.00   51.01
15:39:59     all   31.60    0.00   10.92    0.00    0.00    0.00    0.00    0.00    0.00   57.48
15:40:00     all   34.79    0.00   12.23    0.00    0.00    0.01    0.00    0.00    0.00   52.97
15:40:01     all   30.46    0.00   11.57    0.00    0.00    0.00    0.00    0.00    0.00   57.96
15:40:02     all   36.08    0.00   13.75    0.00    0.00    0.00    0.00    0.00    0.00   50.17
15:40:03     all   35.48    0.00   14.93    0.00    0.00    0.00    0.00    0.00    0.00   49.60
15:40:04     all   32.66    0.00   13.83    0.00    0.00    0.00    0.00    0.00    0.00   53.51
15:40:05     all   33.48    0.00   14.30    0.00    0.00    0.00    0.00    0.00    0.00   52.23
15:40:06     all   32.14    0.00   13.00    0.00    0.00    0.00    0.00    0.00    0.00   54.86
15:40:07     all   30.73    0.00   13.95    0.00    0.00    0.00    0.00    0.00    0.00   55.32
15:40:08     all   34.81    0.00   15.36    0.00    0.00    0.03    0.00    0.00    0.00   49.80
15:40:09     all   35.18    0.00   13.41    0.00    0.00    0.01    0.00    0.00    0.00   51.39
15:40:10     all   33.90    0.00   13.78    0.00    0.00    0.00    0.00    0.00    0.00   52.32
15:40:11     all   32.21    0.00   13.84    0.00    0.00    0.00    0.00    0.00    0.00   53.94
15:40:12     all   34.31    0.00   14.03    0.00    0.00    0.00    0.00    0.00    0.00   51.65
15:40:13     all   33.43    0.00   15.52    0.00    0.00    0.00    0.00    0.00    0.00   51.05
15:40:14     all   33.12    0.00   15.53    0.00    0.00    0.00    0.00    0.00    0.00   51.34
15:40:15     all   33.48    0.00   15.16    0.00    0.00    0.01    0.00    0.00    0.00   51.34
15:40:16     all   34.78    0.00   14.81    0.00    0.00    0.01    0.00    0.00    0.00   50.39
15:40:17     all   33.78    0.00   14.83    0.00    0.00    0.00    0.00    0.00    0.00   51.39
15:40:18     all   35.29    0.00   14.64    0.00    0.00    0.00    0.00    0.00    0.00   50.07
15:40:19     all   33.59    0.00   16.03    0.00    0.00    0.01    0.00    0.00    0.00   50.36
15:40:20     all   33.25    0.00   16.92    0.00    0.00    0.00    0.00    0.00    0.00   49.83
15:40:21     all   27.92    0.00   13.77    0.00    0.00    0.00    0.00    0.00    0.00   58.31
15:40:22     all   27.22    0.00   13.61    0.00    0.00    0.01    0.00    0.00    0.00   59.15
15:40:23     all   30.84    0.00   16.24    0.00    0.00    0.00    0.00    0.00    0.00   52.93
15:40:24     all   33.41    0.00   14.85    0.00    0.00    0.01    0.00    0.00    0.00   51.72
15:40:25     all   31.24    0.01   16.51    0.00    0.00    0.00    0.00    0.00    0.00   52.24
15:40:26     all   30.03    0.00   14.24    0.00    0.00    0.01    0.00    0.00    0.00   55.72
15:40:27     all   31.82    0.00   13.08    0.00    0.00    0.00    0.00    0.00    0.00   55.10
15:40:28     all   32.65    0.00   12.92    0.00    0.00    0.00    0.00    0.00    0.00   54.43
15:40:29     all   33.72    0.01   16.00    0.00    0.00    0.00    0.00    0.00    0.00   50.27
15:40:30     all   34.82    0.00   13.34    0.00    0.00    0.03    0.00    0.00    0.00   51.82
15:40:31     all   34.42    0.00   14.57    0.00    0.00    0.00    0.00    0.00    0.00   51.01
15:40:32     all   32.20    0.00   15.03    0.00    0.00    0.00    0.00    0.00    0.00   52.76
15:40:33     all   32.03    0.00   16.06    0.00    0.00    0.00    0.00    0.00    0.00   51.91
15:40:34     all   31.14    0.00   15.31    0.00    0.00    0.00    0.00    0.00    0.00   53.55
15:40:35     all   32.80    0.00   15.01    0.00    0.00    0.01    0.00    0.00    0.00   52.18
15:40:36     all   32.93    0.00   14.19    0.00    0.00    0.01    0.00    0.00    0.00   52.87
15:40:37     all   34.08    0.00   15.95    0.00    0.00    0.01    0.00    0.00    0.00   49.95
15:40:38     all   34.46    0.00   15.19    0.00    0.00    0.00    0.00    0.00    0.00   50.35
15:40:39     all   33.48    0.00   16.23    0.00    0.00    0.00    0.00    0.00    0.00   50.29
15:40:40     all   33.23    0.00   15.09    0.00    0.00    0.00    0.00    0.00    0.00   51.68
15:40:41     all   33.65    0.01   15.41    0.00    0.00    0.00    0.00    0.00    0.00   50.92
15:40:42     all   34.03    0.00   14.15    0.00    0.00    0.01    0.00    0.00    0.00   51.81
15:40:43     all   34.35    0.00   15.49    0.00    0.00    0.01    0.00    0.00    0.00   50.15
15:40:44     all   33.77    0.00   15.70    0.00    0.00    0.00    0.00    0.00    0.00   50.53
15:40:45     all   31.73    0.00   15.58    0.00    0.00    0.01    0.00    0.00    0.00   52.67
15:40:46     all   33.15    0.00   15.40    0.00    0.00    0.03    0.00    0.00    0.00   51.42
15:40:47     all   33.90    0.00   14.79    0.00    0.00    0.00    0.00    0.00    0.00   51.31
15:40:48     all   33.90    0.00   16.50    0.00    0.00    0.00    0.00    0.00    0.00   49.60
15:40:49     all   35.33    0.00   16.37    0.00    0.00    0.00    0.00    0.00    0.00   48.30
15:40:50     all   33.68    0.00   15.88    0.00    0.00    0.01    0.00    0.00    0.00   50.43
15:40:51     all   34.39    0.00   15.29    0.00    0.00    0.01    0.00    0.00    0.00   50.31
15:40:52     all   32.56    0.00   16.51    0.00    0.00    0.00    0.00    0.00    0.00   50.93
15:40:53     all   32.74    0.00   17.18    0.00    0.00    0.00    0.00    0.00    0.00   50.08
15:40:54     all   31.77    0.00   18.33    0.00    0.00    0.00    0.00    0.00    0.00   49.90
15:40:55     all   31.87    0.00   17.68    0.01    0.00    0.00    0.00    0.00    0.00   50.44
15:40:56     all   31.93    0.00   18.18    0.00    0.00    0.01    0.00    0.00    0.00   49.87
15:40:57     all   31.58    0.00   18.53    0.00    0.00    0.00    0.00    0.00    0.00   49.89
15:40:58     all   30.71    0.00   18.86    0.00    0.00    0.01    0.00    0.00    0.00   50.42
15:40:59     all   30.86    0.00   19.75    0.00    0.00    0.00    0.00    0.00    0.00   49.39
15:41:00     all   31.08    0.00   19.10    0.00    0.00    0.00    0.00    0.00    0.00   49.82
15:41:01     all   31.01    0.00   19.38    0.00    0.00    0.00    0.00    0.00    0.00   49.62
15:41:02     all   32.01    0.00   17.75    0.00    0.00    0.00    0.00    0.00    0.00   50.24
15:41:03     all   31.43    0.00   18.26    0.00    0.00    0.00    0.00    0.00    0.00   50.31
15:41:04     all   29.54    0.00   19.92    0.00    0.00    0.01    0.00    0.00    0.00   50.52
15:41:05     all   29.27    0.00   20.48    0.00    0.00    0.01    0.00    0.00    0.00   50.24
15:41:06     all   32.71    0.00   18.42    0.00    0.00    0.00    0.00    0.00    0.00   48.86
15:41:07     all   30.39    0.00   18.65    0.00    0.00    0.00    0.00    0.00    0.00   50.97
15:41:08     all   32.30    0.00   17.80    0.00    0.00    0.01    0.00    0.00    0.00   49.89
15:41:09     all   29.98    0.00   19.43    0.00    0.00    0.01    0.00    0.00    0.00   50.58
15:41:10     all   32.63    0.00   16.88    0.00    0.00    0.00    0.00    0.00    0.00   50.49
15:41:11     all   30.90    0.00   16.20    0.00    0.00    0.00    0.00    0.00    0.00   52.90
15:41:12     all   31.91    0.00   17.64    0.00    0.00    0.00    0.00    0.00    0.00   50.45
15:41:13     all   32.56    0.00   17.48    0.00    0.00    0.01    0.00    0.00    0.00   49.94
15:41:14     all   30.38    0.00   19.00    0.00    0.00    0.00    0.00    0.00    0.00   50.62
15:41:15     all   30.49    0.00   19.98    0.00    0.00    0.00    0.00    0.00    0.00   49.53
15:41:16     all   32.02    0.00   18.56    0.00    0.00    0.01    0.00    0.00    0.00   49.41
15:41:17     all   28.79    0.00   19.32    0.00    0.00    0.01    0.00    0.00    0.00   51.88
15:41:18     all   27.37    0.00   18.26    0.01    0.00    0.01    0.00    0.00    0.00   54.35
15:41:19     all   28.65    0.00   17.73    0.00    0.00    0.00    0.00    0.00    0.00   53.62
15:41:20     all   25.25    0.00   16.01    0.00    0.00    0.01    0.00    0.00    0.00   58.72
15:41:21     all   26.28    0.00   14.92    0.00    0.00    0.00    0.00    0.00    0.00   58.80
15:41:22     all   24.01    0.00   14.30    0.00    0.00    0.00    0.00    0.00    0.00   61.69
15:41:23     all   32.01    0.00   16.75    0.00    0.00    0.00    0.00    0.00    0.00   51.23
15:41:24     all   31.32    0.00   19.18    0.00    0.00    0.01    0.00    0.00    0.00   49.49
15:41:25     all   30.54    0.00   19.59    0.00    0.00    0.00    0.00    0.00    0.00   49.87
15:41:26     all   30.88    0.00   19.33    0.00    0.00    0.00    0.00    0.00    0.00   49.79
15:41:27     all   29.68    0.00   20.46    0.00    0.00    0.01    0.00    0.00    0.00   49.85
15:41:28     all   29.68    0.00   20.72    0.00    0.00    0.00    0.00    0.00    0.00   49.60
15:41:29     all   32.80    0.00   19.69    0.00    0.00    0.00    0.00    0.00    0.00   47.51
15:41:30     all   33.08    0.00   16.64    0.00    0.00    0.00    0.00    0.00    0.00   50.28
15:41:31     all   31.66    0.00   17.93    0.00    0.00    0.01    0.00    0.00    0.00   50.40
15:41:32     all   31.40    0.00   18.05    0.00    0.00    0.00    0.00    0.00    0.00   50.55
15:41:33     all   32.39    0.00   17.80    0.00    0.00    0.01    0.00    0.00    0.00   49.79
15:41:34     all   32.21    0.00   16.35    0.00    0.00    0.00    0.00    0.00    0.00   51.44
15:41:35     all   33.10    0.00   17.09    0.00    0.00    0.00    0.00    0.00    0.00   49.81
15:41:36     all   32.53    0.00   17.28    0.00    0.00    0.00    0.00    0.00    0.00   50.19
15:41:37     all   30.77    0.00   17.24    0.00    0.00    0.01    0.00    0.00    0.00   51.98
15:41:38     all   29.67    0.01   17.39    0.00    0.00    0.00    0.00    0.00    0.00   52.93
15:41:39     all   31.69    0.00   15.43    0.00    0.00    0.01    0.00    0.00    0.00   52.87
15:41:40     all   31.88    0.00   15.37    0.00    0.00    0.00    0.00    0.00    0.00   52.76
15:41:41     all   33.21    0.00   16.43    0.00    0.00    0.00    0.00    0.00    0.00   50.36
15:41:42     all   32.47    0.00   16.01    0.00    0.00    0.00    0.00    0.00    0.00   51.52
15:41:43     all   30.02    0.00   14.80    0.00    0.00    0.01    0.00    0.00    0.00   55.16
15:41:44     all   29.73    0.00   13.84    0.00    0.00    0.00    0.00    0.00    0.00   56.43
15:41:45     all   32.27    0.00   15.04    0.00    0.00    0.00    0.00    0.00    0.00   52.69
15:41:46     all   32.65    0.00   15.31    0.00    0.00    0.01    0.00    0.00    0.00   52.03
15:41:47     all   28.48    0.00   15.12    0.00    0.00    0.01    0.00    0.00    0.00   56.38
15:41:48     all   28.08    0.00   14.68    0.00    0.00    0.00    0.00    0.00    0.00   57.25
15:41:49     all   29.42    0.00   15.27    0.00    0.00    0.01    0.00    0.00    0.00   55.29
15:41:50     all   31.14    0.00   16.39    0.00    0.00    0.00    0.00    0.00    0.00   52.48
15:41:51     all   32.90    0.00   16.67    0.00    0.00    0.00    0.00    0.00    0.00   50.43
15:41:52     all   35.13    0.00   16.34    0.00    0.00    0.01    0.00    0.00    0.00   48.52
15:41:53     all   33.23    0.00   13.82    0.00    0.00    0.00    0.00    0.00    0.00   52.96
15:41:54     all   33.05    0.00   14.84    0.00    0.00    0.00    0.00    0.00    0.00   52.11
15:41:55     all   33.79    0.00   14.72    0.00    0.00    0.00    0.00    0.00    0.00   51.49
15:41:56     all   33.14    0.00   14.34    0.00    0.00    0.01    0.00    0.00    0.00   52.51
15:41:57     all   33.29    0.01   14.90    0.00    0.00    0.00    0.00    0.00    0.00   51.79
15:41:58     all   35.53    0.00   15.09    0.00    0.00    0.01    0.00    0.00    0.00   49.37
15:41:59     all   33.62    0.00   16.09    0.00    0.00    0.01    0.00    0.00    0.00   50.28
15:42:00     all   33.10    0.01   16.08    0.00    0.00    0.00    0.00    0.00    0.00   50.80
15:42:01     all   32.86    0.00   16.60    0.00    0.00    0.00    0.00    0.00    0.00   50.54
15:42:02     all   34.11    0.00   15.13    0.00    0.00    0.00    0.00    0.00    0.00   50.76
15:42:03     all   31.89    0.00   15.50    0.00    0.00    0.01    0.00    0.00    0.00   52.59
15:42:04     all   34.81    0.00   14.92    0.00    0.00    0.00    0.00    0.00    0.00   50.27
15:42:05     all   32.79    0.00   15.69    0.00    0.00    0.00    0.00    0.00    0.00   51.52
15:42:06     all   33.14    0.00   15.89    0.00    0.00    0.00    0.00    0.00    0.00   50.97
15:42:07     all   31.17    0.00   14.90    0.00    0.00    0.01    0.00    0.00    0.00   53.92
15:42:08     all   33.15    0.00   14.01    0.00    0.00    0.00    0.00    0.00    0.00   52.84
15:42:09     all   32.41    0.00   14.08    0.00    0.00    0.00    0.00    0.00    0.00   53.51
15:42:10     all   32.55    0.00   13.55    0.00    0.00    0.00    0.00    0.00    0.00   53.90
15:42:11     all   32.83    0.00   15.36    0.00    0.00    0.00    0.00    0.00    0.00   51.81
15:42:12     all   34.39    0.00   15.28    0.00    0.00    0.00    0.00    0.00    0.00   50.33
15:42:13     all   34.22    0.00   16.01    0.00    0.00    0.03    0.00    0.00    0.00   49.74
15:42:14     all   35.94    0.00   13.88    0.00    0.00    0.00    0.00    0.00    0.00   50.18
15:42:15     all   35.53    0.00   15.25    0.00    0.00    0.00    0.00    0.00    0.00   49.22
15:42:16     all   35.57    0.00   14.27    0.00    0.00    0.00    0.00    0.00    0.00   50.17
15:42:17     all   32.91    0.00   15.71    0.00    0.00    0.01    0.00    0.00    0.00   51.37
15:42:18     all   35.90    0.00   14.12    0.00    0.00    0.00    0.00    0.00    0.00   49.98
15:42:19     all   31.60    0.00   13.79    0.00    0.00    0.00    0.00    0.00    0.00   54.61
15:42:20     all   29.34    0.00   11.82    0.00    0.00    0.01    0.00    0.00    0.00   58.83
15:42:21     all   30.57    0.00   13.76    0.00    0.00    0.01    0.00    0.00    0.00   55.65
15:42:22     all   33.99    0.00   14.93    0.01    0.00    0.01    0.00    0.00    0.00   51.05
15:42:23     all   33.90    0.00   15.79    0.00    0.00    0.00    0.00    0.00    0.00   50.31
15:42:24     all   31.39    0.00   13.65    0.00    0.00    0.00    0.00    0.00    0.00   54.96
15:42:25     all   34.18    0.00   14.16    0.00    0.00    0.00    0.00    0.00    0.00   51.66
15:42:26     all   31.32    0.00   12.48    0.00    0.00    0.01    0.00    0.00    0.00   56.18
15:42:27     all   30.70    0.00   13.70    0.00    0.00    0.03    0.00    0.00    0.00   55.57
15:42:28     all   28.61    0.00   11.98    0.00    0.00    0.00    0.00    0.00    0.00   59.42
15:42:29     all   30.55    0.00   11.47    0.00    0.00    0.00    0.00    0.00    0.00   57.99
15:42:30     all   32.67    0.00   13.07    0.00    0.00    0.00    0.00    0.00    0.00   54.26
15:42:31     all   29.10    0.00   12.15    0.00    0.00    0.01    0.00    0.00    0.00   58.74
15:42:32     all   28.76    0.00   12.31    0.00    0.00    0.01    0.00    0.00    0.00   58.92
15:42:33     all   27.89    0.00   13.45    0.00    0.00    0.00    0.00    0.00    0.00   58.66
15:42:34     all   30.50    0.00   14.67    0.00    0.00    0.03    0.00    0.00    0.00   54.80
15:42:35     all   29.81    0.00   16.39    0.00    0.00    0.00    0.00    0.00    0.00   53.81
15:42:36     all   33.03    0.00   16.13    0.00    0.00    0.00    0.00    0.00    0.00   50.84
15:42:37     all   25.72    0.00   15.09    0.00    0.00    0.01    0.00    0.00    0.00   59.18
15:42:38     all   31.92    0.00   13.51    0.00    0.00    0.00    0.00    0.00    0.00   54.57
15:42:39     all   27.00    0.00   12.30    0.00    0.00    0.00    0.00    0.00    0.00   60.70
15:42:40     all   31.31    0.00   13.84    0.00    0.00    0.00    0.00    0.00    0.00   54.85
15:42:41     all   31.44    0.00   13.98    0.01    0.00    0.03    0.00    0.00    0.00   54.54
15:42:42     all   30.79    0.00   15.25    0.00    0.00    0.00    0.00    0.00    0.00   53.97
15:42:43     all   34.62    0.00   15.07    0.00    0.00    0.00    0.00    0.00    0.00   50.31
15:42:44     all   33.59    0.00   15.99    0.00    0.00    0.00    0.00    0.00    0.00   50.42
15:42:45     all   31.49    0.00   14.83    0.00    0.00    0.00    0.00    0.00    0.00   53.68
15:42:46     all   30.54    0.00   14.70    0.00    0.00    0.00    0.00    0.00    0.00   54.76
15:42:47     all   32.57    0.00   15.56    0.00    0.00    0.01    0.00    0.00    0.00   51.85
15:42:48     all   29.76    0.00   15.95    0.00    0.00    0.01    0.00    0.00    0.00   54.27
15:42:49     all   29.94    0.00   14.52    0.00    0.00    0.00    0.00    0.00    0.00   55.54
15:42:50     all   31.37    0.00   14.14    0.00    0.00    0.00    0.00    0.00    0.00   54.48
15:42:51     all   35.19    0.00   14.80    0.00    0.00    0.00    0.00    0.00    0.00   50.01
15:42:52     all   31.93    0.00   15.90    0.00    0.00    0.03    0.00    0.00    0.00   52.14
15:42:53     all   34.40    0.00   16.28    0.00    0.00    0.01    0.00    0.00    0.00   49.31
15:42:54     all   33.49    0.00   15.92    0.00    0.00    0.00    0.00    0.00    0.00   50.59
15:42:55     all   34.67    0.00   15.36    0.00    0.00    0.00    0.00    0.00    0.00   49.97
15:42:56     all   34.64    0.00   15.65    0.00    0.00    0.01    0.00    0.00    0.00   49.70
15:42:57     all   33.66    0.00   15.54    0.00    0.00    0.00    0.00    0.00    0.00   50.80
15:42:58     all   32.07    0.00   15.04    0.00    0.00    0.00    0.00    0.00    0.00   52.88
15:42:59     all   33.46    0.00   16.74    0.01    0.00    0.00    0.00    0.00    0.00   49.79
15:43:00     all   33.58    0.00   16.58    0.00    0.00    0.01    0.00    0.00    0.00   49.83
15:43:01     all   34.82    0.00   16.06    0.00    0.00    0.01    0.00    0.00    0.00   49.11
15:43:02     all   33.56    0.00   16.02    0.00    0.00    0.00    0.00    0.00    0.00   50.42
15:43:03     all   34.64    0.00   15.25    0.00    0.00    0.00    0.00    0.00    0.00   50.11
15:43:04     all   32.90    0.00   16.58    0.00    0.00    0.00    0.00    0.00    0.00   50.52
15:43:05     all   32.72    0.00   17.43    0.00    0.00    0.00    0.00    0.00    0.00   49.85
15:43:06     all   28.43    0.00   14.28    0.00    0.00    0.00    0.00    0.00    0.00   57.29
15:43:07     all   33.58    0.00   15.54    0.00    0.00    0.00    0.00    0.00    0.00   50.88
15:43:08     all   33.64    0.00   14.44    0.00    0.00    0.00    0.00    0.00    0.00   51.92
15:43:09     all   30.26    0.00   15.27    0.00    0.00    0.04    0.00    0.00    0.00   54.43
15:43:10     all   33.74    0.00   15.77    0.00    0.00    0.00    0.00    0.00    0.00   50.49
15:43:11     all   34.64    0.00   15.18    0.00    0.00    0.00    0.00    0.00    0.00   50.18
15:43:12     all   34.33    0.00   14.49    0.00    0.00    0.00    0.00    0.00    0.00   51.18
15:43:13     all   32.51    0.00   16.90    0.00    0.00    0.00    0.00    0.00    0.00   50.58
15:43:14     all   32.78    0.00   17.09    0.00    0.00    0.01    0.00    0.00    0.00   50.11
15:43:15     all   32.44    0.00   17.62    0.00    0.00    0.00    0.00    0.00    0.00   49.94
15:43:16     all   32.73    0.00   16.64    0.00    0.00    0.00    0.00    0.00    0.00   50.63
15:43:17     all   32.44    0.00   16.98    0.00    0.00    0.00    0.00    0.00    0.00   50.58
15:43:18     all   32.88    0.00   17.36    0.00    0.00    0.00    0.00    0.00    0.00   49.76
15:43:19     all   31.36    0.00   17.04    0.00    0.00    0.01    0.00    0.00    0.00   51.58
15:43:20     all   34.15    0.00   15.75    0.00    0.00    0.03    0.00    0.00    0.00   50.07
15:43:21     all   33.11    0.00   16.61    0.00    0.00    0.00    0.00    0.00    0.00   50.29
15:43:22     all   34.17    0.00   15.95    0.00    0.00    0.00    0.00    0.00    0.00   49.88
15:43:23     all   33.78    0.00   15.61    0.00    0.00    0.00    0.00    0.00    0.00   50.61
15:43:24     all   35.31    0.01   14.97    0.00    0.00    0.01    0.00    0.00    0.00   49.69
15:43:25     all   34.23    0.00   16.67    0.00    0.00    0.00    0.00    0.00    0.00   49.09
15:43:26     all   32.44    0.00   17.42    0.00    0.00    0.00    0.00    0.00    0.00   50.14
15:43:27     all   33.06    0.00   16.66    0.00    0.00    0.00    0.00    0.00    0.00   50.29
15:43:28     all   30.08    0.00   16.44    0.00    0.00    0.00    0.00    0.00    0.00   53.47
15:43:29     all   31.58    0.00   14.58    0.00    0.00    0.01    0.00    0.00    0.00   53.83
15:43:30     all   35.08    0.00   14.50    0.00    0.00    0.01    0.00    0.00    0.00   50.40
15:43:31     all   30.46    0.00   12.77    0.00    0.00    0.00    0.00    0.00    0.00   56.76
15:43:32     all   33.84    0.00   15.01    0.00    0.00    0.00    0.00    0.00    0.00   51.15
15:43:33     all   35.15    0.00   14.56    0.00    0.00    0.00    0.00    0.00    0.00   50.29
15:43:34     all   33.58    0.03   15.50    0.00    0.00    0.01    0.00    0.00    0.00   50.88
15:43:35     all   36.86    0.00   13.51    0.00    0.00    0.00    0.00    0.00    0.00   49.62
15:43:36     all   36.28    0.00   14.11    0.00    0.00    0.00    0.00    0.00    0.00   49.62
15:43:37     all   34.72    0.00   13.93    0.00    0.00    0.00    0.00    0.00    0.00   51.35
15:43:38     all   33.73    0.00   14.39    0.00    0.00    0.01    0.00    0.00    0.00   51.87
15:43:39     all   35.59    0.00   14.27    0.00    0.00    0.00    0.00    0.00    0.00   50.14
15:43:40     all   33.71    0.00   14.97    0.00    0.00    0.00    0.00    0.00    0.00   51.32
15:43:41     all   33.66    0.00   16.38    0.00    0.00    0.01    0.00    0.00    0.00   49.94
15:43:42     all   33.72    0.00   15.89    0.00    0.00    0.00    0.00    0.00    0.00   50.39
15:43:43     all   33.76    0.00   15.70    0.00    0.00    0.01    0.00    0.00    0.00   50.53
15:43:44     all   35.03    0.00   14.99    0.00    0.00    0.01    0.00    0.00    0.00   49.97
15:43:45     all   34.32    0.00   14.39    0.00    0.00    0.00    0.00    0.00    0.00   51.29
15:43:46     all   34.40    0.00   14.71    0.01    0.00    0.01    0.00    0.00    0.00   50.86
15:43:47     all   33.70    0.00   15.47    0.00    0.00    0.00    0.00    0.00    0.00   50.83
15:43:48     all   33.23    0.00   15.27    0.00    0.00    0.01    0.00    0.00    0.00   51.49
15:43:49     all   32.40    0.00   14.91    0.00    0.00    0.01    0.00    0.00    0.00   52.67
15:43:50     all   33.18    0.00   13.66    0.00    0.00    0.00    0.00    0.00    0.00   53.16
15:43:51     all   32.78    0.00   16.42    0.00    0.00    0.01    0.00    0.00    0.00   50.79
15:43:52     all   32.36    0.00   17.45    0.00    0.00    0.01    0.00    0.00    0.00   50.18
15:43:53     all   30.14    0.00   13.95    0.00    0.00    0.00    0.00    0.00    0.00   55.90
15:43:54     all   25.10    0.00   12.36    0.00    0.00    0.00    0.00    0.00    0.00   62.54
15:43:55     all   23.35    0.00   11.76    0.00    0.00    0.00    0.00    0.00    0.00   64.89
15:43:56     all   27.39    0.00   13.52    0.00    0.00    0.00    0.00    0.00    0.00   59.10
15:43:57     all   26.13    0.00   14.22    0.00    0.00    0.01    0.00    0.00    0.00   59.63
15:43:58     all   25.48    0.00   14.50    0.00    0.00    0.00    0.00    0.00    0.00   60.02
15:43:59     all   17.84    0.00   10.04    0.00    0.00    0.00    0.00    0.00    0.00   72.12
15:44:00     all   18.81    0.00    9.25    0.00    0.00    0.00    0.00    0.00    0.00   71.94
15:44:01     all   24.92    0.00    9.89    0.00    0.00    0.01    0.00    0.00    0.00   65.17
15:44:02     all   25.36    0.00   10.80    0.00    0.00    0.00    0.00    0.00    0.00   63.84
15:44:03     all   26.11    0.00   10.95    0.00    0.00    0.00    0.00    0.00    0.00   62.94
15:44:04     all   25.16    0.00   11.26    0.00    0.00    0.00    0.00    0.00    0.00   63.58
15:44:05     all   29.14    0.00   14.78    0.00    0.00    0.00    0.00    0.00    0.00   56.08
15:44:06     all   34.78    0.00   14.67    0.00    0.00    0.01    0.00    0.00    0.00   50.53
15:44:07     all   35.64    0.00   15.24    0.00    0.00    0.00    0.00    0.00    0.00   49.11
15:44:08     all   34.16    0.00   15.20    0.01    0.00    0.00    0.00    0.00    0.00   50.63
15:44:09     all   35.24    0.00   15.26    0.00    0.00    0.00    0.00    0.00    0.00   49.51
15:44:10     all   34.85    0.00   16.16    0.00    0.00    0.01    0.00    0.00    0.00   48.98
15:44:11     all   34.94    0.00   15.70    0.00    0.00    0.00    0.00    0.00    0.00   49.35
15:44:12     all   35.08    0.00   14.94    0.00    0.00    0.00    0.00    0.00    0.00   49.98
15:44:13     all   34.72    0.00   15.46    0.00    0.00    0.01    0.00    0.00    0.00   49.80
15:44:14     all   32.92    0.00   15.05    0.00    0.00    0.00    0.00    0.00    0.00   52.03
15:44:15     all   34.52    0.00   15.04    0.00    0.00    0.00    0.00    0.00    0.00   50.45
15:44:16     all   34.24    0.00   15.12    0.00    0.00    0.00    0.00    0.00    0.00   50.64
15:44:17     all   30.10    0.00   14.58    0.00    0.00    0.01    0.00    0.00    0.00   55.31
15:44:18     all   34.01    0.00   14.15    0.00    0.00    0.00    0.00    0.00    0.00   51.84
15:44:19     all   36.36    0.00   13.82    0.00    0.00    0.00    0.00    0.00    0.00   49.82
15:44:20     all   35.93    0.00   13.72    0.00    0.00    0.00    0.00    0.00    0.00   50.35
15:44:21     all   34.56    0.00   13.24    0.00    0.00    0.01    0.00    0.00    0.00   52.19
15:44:22     all   33.47    0.00   15.06    0.00    0.00    0.00    0.00    0.00    0.00   51.46
15:44:23     all   34.09    0.00   14.93    0.00    0.00    0.01    0.00    0.00    0.00   50.97
15:44:24     all   31.88    0.00   12.28    0.00    0.00    0.00    0.00    0.00    0.00   55.85
15:44:25     all   33.52    0.00   13.02    0.00    0.00    0.00    0.00    0.00    0.00   53.47
15:44:26     all   34.04    0.00   13.90    0.00    0.00    0.00    0.00    0.00    0.00   52.06
15:44:27     all   33.84    0.00   12.88    0.00    0.00    0.01    0.00    0.00    0.00   53.27
15:44:28     all   33.94    0.00   11.46    0.00    0.00    0.00    0.00    0.00    0.00   54.60
15:44:29     all   36.35    0.00   13.11    0.00    0.00    0.01    0.00    0.00    0.00   50.53
15:44:30     all   33.49    0.00   11.78    0.00    0.00    0.00    0.00    0.00    0.00   54.73
15:44:31     all   31.00    0.00   12.13    0.00    0.00    0.00    0.00    0.00    0.00   56.88
15:44:32     all   33.90    0.01   15.40    0.00    0.00    0.01    0.00    0.00    0.00   50.67
15:44:33     all   35.66    0.00   14.80    0.00    0.00    0.01    0.00    0.00    0.00   49.53
15:44:34     all   33.10    0.00   16.01    0.00    0.00    0.00    0.00    0.00    0.00   50.90
15:44:35     all   34.27    0.00   17.19    0.00    0.00    0.01    0.00    0.00    0.00   48.53
15:44:36     all   32.83    0.00   16.24    0.00    0.00    0.00    0.00    0.00    0.00   50.93
15:44:37     all   32.83    0.00   14.69    0.00    0.00    0.01    0.00    0.00    0.00   52.47
15:44:38     all   26.14    0.00   11.53    0.00    0.00    0.01    0.00    0.00    0.00   62.31
15:44:39     all   29.51    0.01   13.12    0.00    0.00    0.00    0.00    0.00    0.00   57.36
15:44:40     all   33.80    0.00   13.21    0.00    0.00    0.00    0.00    0.00    0.00   52.99
15:44:41     all   36.31    0.00   13.31    0.00    0.00    0.01    0.00    0.00    0.00   50.36
15:44:42     all   37.39    0.00   12.67    0.00    0.00    0.00    0.00    0.00    0.00   49.94
15:44:43     all   36.31    0.00   13.06    0.00    0.00    0.00    0.00    0.00    0.00   50.63
15:44:44     all   35.28    0.00   13.88    0.00    0.00    0.00    0.00    0.00    0.00   50.84
15:44:45     all   31.61    0.00   14.15    0.00    0.00    0.00    0.00    0.00    0.00   54.25
15:44:46     all   34.34    0.00   14.53    0.00    0.00    0.00    0.00    0.00    0.00   51.13
15:44:47     all   32.95    0.00   16.53    0.00    0.00    0.01    0.00    0.00    0.00   50.50
15:44:48     all   29.38    0.00   14.45    0.00    0.00    0.00    0.00    0.00    0.00   56.17
15:44:49     all   29.47    0.00   13.19    0.00    0.00    0.00    0.00    0.00    0.00   57.34
15:44:50     all   34.67    0.00   13.14    0.00    0.00    0.00    0.00    0.00    0.00   52.20
15:44:51     all   34.17    0.00   12.93    0.00    0.00    0.01    0.00    0.00    0.00   52.88
15:44:52     all   37.07    0.00   12.93    0.00    0.00    0.01    0.00    0.00    0.00   49.98
15:44:53     all   36.00    0.00   13.84    0.00    0.00    0.00    0.00    0.00    0.00   50.16
15:44:54     all   32.71    0.00   14.39    0.00    0.00    0.00    0.00    0.00    0.00   52.90
15:44:55     all   36.72    0.00   12.70    0.00    0.00    0.03    0.00    0.00    0.00   50.56
15:44:56     all   34.12    0.00   13.08    0.00    0.00    0.01    0.00    0.00    0.00   52.79
15:44:57     all   34.74    0.00   13.43    0.00    0.00    0.00    0.00    0.00    0.00   51.83
15:44:58     all   36.31    0.00   13.80    0.00    0.00    0.00    0.00    0.00    0.00   49.90
15:44:59     all   35.49    0.00   14.61    0.00    0.00    0.01    0.00    0.00    0.00   49.89
15:45:00     all   34.69    0.00   13.72    0.00    0.00    0.00    0.00    0.00    0.00   51.59
15:45:01     all   32.39    0.01   13.43    0.00    0.00    0.00    0.00    0.00    0.00   54.17
15:45:02     all   35.72    0.00   16.92    0.00    0.00    0.03    0.00    0.00    0.00   47.33
15:45:03     all   35.09    0.00   15.87    0.00    0.00    0.01    0.00    0.00    0.00   49.03
15:45:04     all   34.34    0.00   14.34    0.00    0.00    0.01    0.00    0.00    0.00   51.30
15:45:05     all   32.07    0.00   13.51    0.00    0.00    0.00    0.00    0.00    0.00   54.42
15:45:06     all   36.09    0.00   13.79    0.00    0.00    0.00    0.00    0.00    0.00   50.13
15:45:07     all   37.63    0.00   13.55    0.00    0.00    0.01    0.00    0.00    0.00   48.80
15:45:08     all   34.02    0.00   14.39    0.03    0.00    0.01    0.00    0.00    0.00   51.54
15:45:09     all   33.75    0.00   14.57    0.00    0.00    0.00    0.00    0.00    0.00   51.68
15:45:10     all   36.00    0.00   13.83    0.00    0.00    0.00    0.00    0.00    0.00   50.17
15:45:11     all   32.50    0.00   14.91    0.00    0.00    0.00    0.00    0.00    0.00   52.59
15:45:12     all   33.16    0.00   13.31    0.00    0.00    0.01    0.00    0.00    0.00   53.51
15:45:13     all   37.08    0.00   12.53    0.00    0.00    0.00    0.00    0.00    0.00   50.40
15:45:14     all   35.75    0.00   13.69    0.00    0.00    0.00    0.00    0.00    0.00   50.56
15:45:15     all   36.54    0.00   13.89    0.00    0.00    0.00    0.00    0.00    0.00   49.57
15:45:16     all   32.39    0.00   13.28    0.00    0.00    0.00    0.00    0.00    0.00   54.34
15:45:17     all   34.11    0.00   11.11    0.01    0.00    0.01    0.00    0.00    0.00   54.75
15:45:18     all   30.35    0.00   10.90    0.00    0.00    0.01    0.00    0.00    0.00   58.73
15:45:19     all   34.67    0.00   12.45    0.00    0.00    0.01    0.00    0.00    0.00   52.87
15:45:20     all   35.44    0.00   11.36    0.00    0.00    0.00    0.00    0.00    0.00   53.20
15:45:21     all   36.29    0.00   12.90    0.00    0.00    0.03    0.00    0.00    0.00   50.79
15:45:22     all   36.56    0.00   12.10    0.00    0.00    0.00    0.00    0.00    0.00   51.34
15:45:23     all   37.12    0.00   12.36    0.00    0.00    0.01    0.00    0.00    0.00   50.51
15:45:24     all   34.01    0.00   15.67    0.00    0.00    0.00    0.00    0.00    0.00   50.33
15:45:25     all   33.09    0.00   12.91    0.00    0.00    0.01    0.00    0.00    0.00   53.98
15:45:26     all   33.36    0.00   12.42    0.00    0.00    0.00    0.00    0.00    0.00   54.23
15:45:27     all   33.56    0.00   11.25    0.00    0.00    0.03    0.00    0.00    0.00   55.17
15:45:28     all   34.56    0.00   12.62    0.01    0.00    0.00    0.00    0.00    0.00   52.81
15:45:29     all   33.23    0.00   13.88    0.00    0.00    0.00    0.00    0.00    0.00   52.89
15:45:30     all   35.20    0.00   16.06    0.00    0.00    0.00    0.00    0.00    0.00   48.74
15:45:31     all   31.79    0.00   14.57    0.00    0.00    0.04    0.00    0.00    0.00   53.59
15:45:32     all   31.11    0.00   13.17    0.00    0.00    0.01    0.00    0.00    0.00   55.70
15:45:33     all   34.57    0.00   10.03    0.00    0.00    0.00    0.00    0.00    0.00   55.41
15:45:34     all   35.05    0.00   11.39    0.00    0.00    0.00    0.00    0.00    0.00   53.56
15:45:35     all   34.19    0.00   11.89    0.00    0.00    0.01    0.00    0.00    0.00   53.91
15:45:36     all   36.44    0.00   12.28    0.00    0.00    0.00    0.00    0.00    0.00   51.28
15:45:37     all   35.92    0.00   13.17    0.00    0.00    0.00    0.00    0.00    0.00   50.91
15:45:38     all   35.46    0.00   12.94    0.00    0.00    0.00    0.00    0.00    0.00   51.60
15:45:39     all   33.19    0.00   12.51    0.00    0.00    0.01    0.00    0.00    0.00   54.28
15:45:40     all   36.86    0.00   13.83    0.00    0.00    0.00    0.00    0.00    0.00   49.31
15:45:41     all   38.45    0.00   12.58    0.00    0.00    0.01    0.00    0.00    0.00   48.96
15:45:42     all   34.70    0.00   12.88    0.00    0.00    0.00    0.00    0.00    0.00   52.42
15:45:43     all   32.41    0.00   14.89    0.00    0.00    0.01    0.00    0.00    0.00   52.69
15:45:44     all   29.83    0.00   10.56    0.00    0.00    0.00    0.00    0.00    0.00   59.61
15:45:45     all   31.63    0.00   11.40    0.00    0.00    0.00    0.00    0.00    0.00   56.97
15:45:46     all   37.32    0.00   12.64    0.00    0.00    0.01    0.00    0.00    0.00   50.02
15:45:47     all   36.32    0.01   12.65    0.00    0.00    0.00    0.00    0.00    0.00   51.01
15:45:48     all   36.75    0.00   11.91    0.00    0.00    0.00    0.00    0.00    0.00   51.34
15:45:49     all   37.34    0.00   13.23    0.00    0.00    0.00    0.00    0.00    0.00   49.43
15:45:50     all   36.36    0.00   13.19    0.00    0.00    0.00    0.00    0.00    0.00   50.45
15:45:51     all   33.00    0.00   12.93    0.00    0.00    0.00    0.00    0.00    0.00   54.07
15:45:52     all   30.12    0.00   11.10    0.00    0.00    0.03    0.00    0.00    0.00   58.75
15:45:53     all   31.07    0.00   13.30    0.00    0.00    0.00    0.00    0.00    0.00   55.62
15:45:54     all   33.93    0.01   13.85    0.00    0.00    0.00    0.00    0.00    0.00   52.21
15:45:55     all   35.00    0.00   13.11    0.00    0.00    0.01    0.00    0.00    0.00   51.88
15:45:56     all   36.14    0.00   13.38    0.00    0.00    0.00    0.00    0.00    0.00   50.49
15:45:57     all   35.54    0.00   14.14    0.00    0.00    0.00    0.00    0.00    0.00   50.32
15:45:58     all   33.05    0.00   12.89    0.00    0.00    0.01    0.00    0.00    0.00   54.05
15:45:59     all   34.84    0.00   13.88    0.00    0.00    0.00    0.00    0.00    0.00   51.27
15:46:00     all   36.17    0.00   14.06    0.00    0.00    0.00    0.00    0.00    0.00   49.77
15:46:01     all   35.04    0.00   14.34    0.00    0.00    0.01    0.00    0.00    0.00   50.61
15:46:02     all   34.56    0.00   14.10    0.00    0.00    0.00    0.00    0.00    0.00   51.34
15:46:03     all   37.32    0.00   13.96    0.00    0.00    0.01    0.00    0.00    0.00   48.71
15:46:04     all   34.58    0.00   14.11    0.00    0.00    0.00    0.00    0.00    0.00   51.31
15:46:05     all   33.29    0.00   14.88    0.00    0.00    0.01    0.00    0.00    0.00   51.81
15:46:06     all   34.27    0.00   14.48    0.00    0.00    0.01    0.00    0.00    0.00   51.24
15:46:07     all   35.22    0.00   13.35    0.00    0.00    0.01    0.00    0.00    0.00   51.41
15:46:08     all   35.80    0.00   13.40    0.00    0.00    0.00    0.00    0.00    0.00   50.80
15:46:09     all   33.14    0.00   13.93    0.00    0.00    0.00    0.00    0.00    0.00   52.93
15:46:10     all   35.00    0.00   14.44    0.00    0.00    0.00    0.00    0.00    0.00   50.56
15:46:11     all   31.46    0.00   12.87    0.00    0.00    0.03    0.00    0.00    0.00   55.65
15:46:12     all   28.13    0.00   11.93    0.00    0.00    0.00    0.00    0.00    0.00   59.94
15:46:13     all   35.01    0.00   13.09    0.00    0.00    0.00    0.00    0.00    0.00   51.90
15:46:14     all   35.84    0.00   14.13    0.00    0.00    0.01    0.00    0.00    0.00   50.02
15:46:15     all   35.12    0.00   14.93    0.00    0.00    0.00    0.00    0.00    0.00   49.94
15:46:16     all   34.76    0.00   14.53    0.00    0.00    0.00    0.00    0.00    0.00   50.70
15:46:17     all   33.88    0.00   14.31    0.00    0.00    0.00    0.00    0.00    0.00   51.81
15:46:18     all   33.35    0.00   14.82    0.00    0.00    0.01    0.00    0.00    0.00   51.81
15:46:19     all   32.21    0.00   12.75    0.00    0.00    0.00    0.00    0.00    0.00   55.03
15:46:20     all   32.09    0.00   13.21    0.00    0.00    0.00    0.00    0.00    0.00   54.71
15:46:21     all   33.86    0.00   14.05    0.00    0.00    0.01    0.00    0.00    0.00   52.07
15:46:22     all   36.29    0.00   12.84    0.00    0.00    0.00    0.00    0.00    0.00   50.87
15:46:23     all   33.80    0.00   12.46    0.00    0.00    0.00    0.00    0.00    0.00   53.74
15:46:24     all   32.73    0.00   13.08    0.00    0.00    0.00    0.00    0.00    0.00   54.19
15:46:25     all   36.06    0.00   13.91    0.00    0.00    0.01    0.00    0.00    0.00   50.01
15:46:26     all   34.31    0.00   15.35    0.00    0.00    0.01    0.00    0.00    0.00   50.33
15:46:27     all   35.82    0.00   13.51    0.00    0.00    0.01    0.00    0.00    0.00   50.66
15:46:28     all   32.83    0.00   14.63    0.00    0.00    0.00    0.00    0.00    0.00   52.54
15:46:29     all   34.64    0.00   14.80    0.00    0.00    0.01    0.00    0.00    0.00   50.54
15:46:30     all   34.52    0.00   12.63    0.00    0.00    0.00    0.00    0.00    0.00   52.85
15:46:31     all   28.06    0.00   10.48    0.00    0.00    0.00    0.00    0.00    0.00   61.47
15:46:32     all   35.11    0.00   11.90    0.00    0.00    0.00    0.00    0.00    0.00   52.99
15:46:33     all   34.29    0.00   13.34    0.00    0.00    0.00    0.00    0.00    0.00   52.36
15:46:34     all   33.99    0.00   13.95    0.00    0.00    0.00    0.00    0.00    0.00   52.05
15:46:35     all   37.31    0.00   12.76    0.00    0.00    0.01    0.00    0.00    0.00   49.92
15:46:36     all   35.94    0.00   13.83    0.00    0.00    0.00    0.00    0.00    0.00   50.24
15:46:37     all   33.96    0.00   14.56    0.00    0.00    0.00    0.00    0.00    0.00   51.48
15:46:38     all   34.83    0.00   14.09    0.00    0.00    0.00    0.00    0.00    0.00   51.08
15:46:39     all   29.40    0.00   12.21    0.00    0.00    0.00    0.00    0.00    0.00   58.39
15:46:40     all   33.56    0.00   12.83    0.00    0.00    0.01    0.00    0.00    0.00   53.60
15:46:41     all   33.95    0.00   12.98    0.00    0.00    0.00    0.00    0.00    0.00   53.07
15:46:42     all   34.74    0.00   14.94    0.00    0.00    0.00    0.00    0.00    0.00   50.33
15:46:43     all   37.79    0.00   12.65    0.00    0.00    0.00    0.00    0.00    0.00   49.57
15:46:44     all   33.99    0.00   13.87    0.00    0.00    0.01    0.00    0.00    0.00   52.13
15:46:45     all   36.13    0.00   13.51    0.00    0.00    0.00    0.00    0.00    0.00   50.35
15:46:46     all   34.86    0.00   12.28    0.01    0.00    0.01    0.00    0.00    0.00   52.83
15:46:47     all   36.08    0.00   12.74    0.00    0.00    0.01    0.00    0.00    0.00   51.17
15:46:48     all   36.78    0.00   13.59    0.00    0.00    0.01    0.00    0.00    0.00   49.62
15:46:49     all   36.13    0.00   13.39    0.00    0.00    0.00    0.00    0.00    0.00   50.49
15:46:50     all   32.37    0.00   11.47    0.00    0.00    0.03    0.00    0.00    0.00   56.13
15:46:51     all   35.34    0.00   10.41    0.00    0.00    0.00    0.00    0.00    0.00   54.26
15:46:52     all   38.08    0.00   11.56    0.00    0.00    0.00    0.00    0.00    0.00   50.36
15:46:53     all   32.88    0.00   11.33    0.00    0.00    0.00    0.00    0.00    0.00   55.79
15:46:54     all   36.35    0.01   13.29    0.00    0.00    0.01    0.00    0.00    0.00   50.33
15:46:55     all   33.15    0.00   14.05    0.00    0.00    0.00    0.00    0.00    0.00   52.80
15:46:56     all   33.57    0.00   12.51    0.00    0.00    0.00    0.00    0.00    0.00   53.92
15:46:57     all   34.70    0.00   12.41    0.00    0.00    0.00    0.00    0.00    0.00   52.89
15:46:58     all   33.68    0.00   13.31    0.00    0.00    0.01    0.00    0.00    0.00   53.00
15:46:59     all   34.83    0.00   14.58    0.00    0.00    0.00    0.00    0.00    0.00   50.59
15:47:00     all   35.56    0.00   14.11    0.00    0.00    0.01    0.00    0.00    0.00   50.31
15:47:01     all   35.79    0.00   13.77    0.00    0.00    0.00    0.00    0.00    0.00   50.43
15:47:02     all   36.12    0.00   13.65    0.00    0.00    0.01    0.00    0.00    0.00   50.22
15:47:03     all   33.86    0.00   13.92    0.00    0.00    0.01    0.00    0.00    0.00   52.20
15:47:04     all   35.53    0.00   13.98    0.00    0.00    0.01    0.00    0.00    0.00   50.47
15:47:05     all   34.34    0.01   14.88    0.00    0.00    0.00    0.00    0.00    0.00   50.76
15:47:06     all   35.06    0.00   14.47    0.00    0.00    0.01    0.00    0.00    0.00   50.46
15:47:07     all   34.26    0.00   14.49    0.00    0.00    0.01    0.00    0.00    0.00   51.24
15:47:08     all   34.91    0.00   14.19    0.00    0.00    0.00    0.00    0.00    0.00   50.90
15:47:09     all   35.77    0.00   14.53    0.00    0.00    0.01    0.00    0.00    0.00   49.69
15:47:10     all   36.13    0.00   13.61    0.00    0.00    0.00    0.00    0.00    0.00   50.26
15:47:11     all   37.06    0.00   12.99    0.00    0.00    0.03    0.00    0.00    0.00   49.92
15:47:12     all   35.67    0.00   11.82    0.00    0.00    0.00    0.00    0.00    0.00   52.51
15:47:13     all   32.18    0.00   10.44    0.00    0.00    0.00    0.00    0.00    0.00   57.38
15:47:14     all   36.23    0.00   12.27    0.00    0.00    0.01    0.00    0.00    0.00   51.49
15:47:15     all   36.35    0.00   13.77    0.00    0.00    0.00    0.00    0.00    0.00   49.88
15:47:16     all   33.50    0.00   15.63    0.00    0.00    0.00    0.00    0.00    0.00   50.86
15:47:17     all   34.70    0.00   15.65    0.00    0.00    0.00    0.00    0.00    0.00   49.65
15:47:18     all   35.73    0.00   13.75    0.01    0.00    0.01    0.00    0.00    0.00   50.49
15:47:19     all   34.23    0.00   12.79    0.00    0.00    0.00    0.00    0.00    0.00   52.98
15:47:20     all   35.52    0.00   12.19    0.00    0.00    0.00    0.00    0.00    0.00   52.30
15:47:21     all   33.70    0.00   12.79    0.00    0.00    0.00    0.00    0.00    0.00   53.51
15:47:22     all   34.97    0.00   12.44    0.00    0.00    0.00    0.00    0.00    0.00   52.59
15:47:23     all   30.48    0.00   10.86    0.00    0.00    0.01    0.00    0.00    0.00   58.65
15:47:24     all   32.29    0.00    8.74    0.00    0.00    0.00    0.00    0.00    0.00   58.97
15:47:25     all   33.40    0.00    9.39    0.00    0.00    0.00    0.00    0.00    0.00   57.20
15:47:26     all   34.34    0.01   10.74    0.00    0.00    0.00    0.00    0.00    0.00   54.91
15:47:27     all   35.52    0.01   12.62    0.00    0.00    0.03    0.00    0.00    0.00   51.82
15:47:28     all   35.44    0.00   12.26    0.00    0.00    0.01    0.00    0.00    0.00   52.28
15:47:29     all   33.24    0.00   14.43    0.00    0.00    0.00    0.00    0.00    0.00   52.33
15:47:30     all   34.49    0.00   12.88    0.00    0.00    0.00    0.00    0.00    0.00   52.63
15:47:31     all   34.44    0.00   13.32    0.00    0.00    0.00    0.00    0.00    0.00   52.24
15:47:32     all   35.30    0.00   13.62    0.00    0.00    0.01    0.00    0.00    0.00   51.07
15:47:33     all   34.76    0.00   11.09    0.00    0.00    0.00    0.00    0.00    0.00   54.16
15:47:34     all   32.99    0.00   10.53    0.00    0.00    0.01    0.00    0.00    0.00   56.46
15:47:35     all   32.96    0.00   11.40    0.00    0.00    0.01    0.00    0.00    0.00   55.63
15:47:36     all   34.71    0.00   12.00    0.00    0.00    0.00    0.00    0.00    0.00   53.29
15:47:37     all   35.81    0.00   13.60    0.00    0.00    0.00    0.00    0.00    0.00   50.59
15:47:38     all   34.71    0.01   14.50    0.00    0.00    0.00    0.00    0.00    0.00   50.77
15:47:39     all   34.97    0.00   12.13    0.00    0.00    0.00    0.00    0.00    0.00   52.89
15:47:40     all   33.82    0.00   12.55    0.00    0.00    0.01    0.00    0.00    0.00   53.61
15:47:41     all   34.45    0.00   13.33    0.00    0.00    0.00    0.00    0.00    0.00   52.22
15:47:42     all   31.10    0.00    9.89    0.00    0.00    0.00    0.00    0.00    0.00   59.01
15:47:43     all   36.55    0.00   11.27    0.00    0.00    0.00    0.00    0.00    0.00   52.18
15:47:44     all   33.90    0.00   12.19    0.00    0.00    0.00    0.00    0.00    0.00   53.91
15:47:45     all   32.92    0.00   10.94    0.00    0.00    0.03    0.00    0.00    0.00   56.12
15:47:46     all   34.69    0.00   11.99    0.00    0.00    0.00    0.00    0.00    0.00   53.33
15:47:47     all   34.45    0.00   11.14    0.00    0.00    0.00    0.00    0.00    0.00   54.42
15:47:48     all   34.31    0.00   11.05    0.00    0.00    0.00    0.00    0.00    0.00   54.64
15:47:49     all   35.97    0.00   12.59    0.00    0.00    0.01    0.00    0.00    0.00   51.43
15:47:50     all   35.44    0.00   12.22    0.00    0.00    0.00    0.00    0.00    0.00   52.33
15:47:51     all   34.13    0.00   12.02    0.00    0.00    0.00    0.00    0.00    0.00   53.85
15:47:52     all   35.46    0.00   13.48    0.00    0.00    0.00    0.00    0.00    0.00   51.06
15:47:53     all   37.27    0.00   12.52    0.00    0.00    0.03    0.00    0.00    0.00   50.18
15:47:54     all   32.80    0.00   10.75    0.00    0.00    0.01    0.00    0.00    0.00   56.44
15:47:55     all   32.85    0.00   10.61    0.00    0.00    0.00    0.00    0.00    0.00   56.54
15:47:56     all   29.25    0.00    9.53    0.00    0.00    0.01    0.00    0.00    0.00   61.21
15:47:57     all   25.98    0.01    8.83    0.00    0.00    0.00    0.00    0.00    0.00   65.17
15:47:58     all   35.54    0.00   12.07    0.00    0.00    0.00    0.00    0.00    0.00   52.38
15:47:59     all   37.64    0.00   12.43    0.00    0.00    0.00    0.00    0.00    0.00   49.93
15:48:00     all   31.64    0.00   11.48    0.00    0.00    0.01    0.00    0.00    0.00   56.87
15:48:01     all   37.65    0.00   10.59    0.00    0.00    0.01    0.00    0.00    0.00   51.75
15:48:02     all   36.02    0.00   10.21    0.00    0.00    0.00    0.00    0.00    0.00   53.77
15:48:03     all   32.44    0.00   10.36    0.00    0.00    0.00    0.00    0.00    0.00   57.20
15:48:04     all   33.41    0.01   10.33    0.00    0.00    0.00    0.00    0.00    0.00   56.25
15:48:05     all   35.21    0.00   10.30    0.00    0.00    0.01    0.00    0.00    0.00   54.48
15:48:06     all   33.43    0.00   11.96    0.01    0.00    0.01    0.00    0.00    0.00   54.59
15:48:07     all   38.88    0.00   11.48    0.00    0.00    0.01    0.00    0.00    0.00   49.62
15:48:08     all   36.58    0.00   10.24    0.00    0.00    0.00    0.00    0.00    0.00   53.18
15:48:09     all   35.57    0.00   10.79    0.00    0.00    0.00    0.00    0.00    0.00   53.64
15:48:10     all   34.92    0.00   12.02    0.00    0.00    0.01    0.00    0.00    0.00   53.04
15:48:11     all   36.76    0.00   12.63    0.00    0.00    0.00    0.00    0.00    0.00   50.61
15:48:12     all   34.23    0.00   11.01    0.00    0.00    0.00    0.00    0.00    0.00   54.76
15:48:13     all   29.58    0.01    9.97    0.00    0.00    0.00    0.00    0.00    0.00   60.43
15:48:14     all   37.25    0.00   11.09    0.00    0.00    0.01    0.00    0.00    0.00   51.65
15:48:15     all   36.62    0.00   11.55    0.00    0.00    0.00    0.00    0.00    0.00   51.83
15:48:16     all   35.40    0.00   10.48    0.00    0.00    0.00    0.00    0.00    0.00   54.12
15:48:17     all   36.47    0.00   12.91    0.00    0.00    0.00    0.00    0.00    0.00   50.62
15:48:18     all   36.72    0.00   11.19    0.00    0.00    0.00    0.00    0.00    0.00   52.09
15:48:19     all   31.25    0.00   11.53    0.00    0.00    0.00    0.00    0.00    0.00   57.22
15:48:20     all   37.11    0.00   11.42    0.00    0.00    0.01    0.00    0.00    0.00   51.45
15:48:21     all   34.79    0.00   12.31    0.00    0.00    0.01    0.00    0.00    0.00   52.89
15:48:22     all   35.55    0.00   11.80    0.00    0.00    0.00    0.00    0.00    0.00   52.65
15:48:23     all   34.91    0.00   13.70    0.01    0.00    0.00    0.00    0.00    0.00   51.37
15:48:24     all   33.29    0.00   13.54    0.00    0.00    0.01    0.00    0.00    0.00   53.16
15:48:25     all   33.92    0.00   14.72    0.00    0.00    0.00    0.00    0.00    0.00   51.35
15:48:26     all   36.25    0.00   13.70    0.00    0.00    0.00    0.00    0.00    0.00   50.06
15:48:27     all   33.40    0.00   13.38    0.00    0.00    0.00    0.00    0.00    0.00   53.22
15:48:28     all   35.47    0.00   13.82    0.00    0.00    0.00    0.00    0.00    0.00   50.71
15:48:29     all   35.01    0.00   12.86    0.00    0.00    0.03    0.00    0.00    0.00   52.10
15:48:31     all   35.50    0.00   12.61    0.00    0.00    0.00    0.00    0.00    0.00   51.90
15:48:32     all   35.51    0.00   13.10    0.00    0.00    0.00    0.00    0.00    0.00   51.39
15:48:33     all   34.22    0.00   12.70    0.00    0.00    0.00    0.00    0.00    0.00   53.07
15:48:34     all   33.35    0.00   13.73    0.00    0.00    0.00    0.00    0.00    0.00   52.92
15:48:35     all   36.46    0.00   12.45    0.00    0.00    0.00    0.00    0.00    0.00   51.09
15:48:36     all   31.35    0.00   13.01    0.00    0.00    0.01    0.00    0.00    0.00   55.62
15:48:37     all   32.95    0.00   11.14    0.00    0.00    0.00    0.00    0.00    0.00   55.92
15:48:38     all   33.01    0.00   11.28    0.00    0.00    0.00    0.00    0.00    0.00   55.71
15:48:39     all   29.18    0.00    9.18    0.00    0.00    0.00    0.00    0.00    0.00   61.64
15:48:40     all   33.52    0.00   10.71    0.00    0.00    0.00    0.00    0.00    0.00   55.77
15:48:41     all   37.64    0.00   11.88    0.00    0.00    0.03    0.00    0.00    0.00   50.45
15:48:42     all   32.64    0.00   10.86    0.00    0.00    0.00    0.00    0.00    0.00   56.50
15:48:43     all   32.19    0.00   11.81    0.00    0.00    0.00    0.00    0.00    0.00   56.00
15:48:44     all   34.67    0.00   13.89    0.00    0.00    0.01    0.00    0.00    0.00   51.42
15:48:45     all   35.88    0.00   12.60    0.00    0.00    0.01    0.00    0.00    0.00   51.50
15:48:46     all   34.79    0.00   11.45    0.00    0.00    0.00    0.00    0.00    0.00   53.76
15:48:47     all   34.52    0.00   12.53    0.00    0.00    0.01    0.00    0.00    0.00   52.93
15:48:48     all   35.58    0.00   12.20    0.00    0.00    0.00    0.00    0.00    0.00   52.22
15:48:49     all   35.11    0.00   14.17    0.00    0.00    0.00    0.00    0.00    0.00   50.72
15:48:50     all   36.60    0.00   12.49    0.00    0.00    0.00    0.00    0.00    0.00   50.92
15:48:51     all   35.28    0.00   12.62    0.00    0.00    0.01    0.00    0.00    0.00   52.08
15:48:52     all   35.84    0.00   13.37    0.00    0.00    0.01    0.00    0.00    0.00   50.78
15:48:53     all   34.88    0.00   12.94    0.00    0.00    0.00    0.00    0.00    0.00   52.18
15:48:54     all   36.94    0.00   12.62    0.00    0.00    0.00    0.00    0.00    0.00   50.45
15:48:55     all   35.81    0.00   12.71    0.00    0.00    0.00    0.00    0.00    0.00   51.48
15:48:56     all   35.56    0.00   13.21    0.00    0.00    0.01    0.00    0.00    0.00   51.22
15:48:57     all   36.20    0.00   12.62    0.00    0.00    0.00    0.00    0.00    0.00   51.18
15:48:58     all   34.74    0.00   12.10    0.00    0.00    0.00    0.00    0.00    0.00   53.15
15:48:59     all   36.28    0.00   11.48    0.00    0.00    0.01    0.00    0.00    0.00   52.23
15:49:00     all   35.65    0.00   10.92    0.00    0.00    0.00    0.00    0.00    0.00   53.43
15:49:01     all   29.92    0.00    7.88    0.00    0.00    0.00    0.00    0.00    0.00   62.19
15:49:02     all   34.76    0.00    8.85    0.00    0.00    0.01    0.00    0.00    0.00   56.38
15:49:03     all   37.50    0.00   11.40    0.00    0.00    0.01    0.00    0.00    0.00   51.09
15:49:04     all   36.73    0.00   12.48    0.00    0.00    0.00    0.00    0.00    0.00   50.79
15:49:05     all   37.61    0.00   11.18    0.00    0.00    0.00    0.00    0.00    0.00   51.21
15:49:06     all   31.40    0.00   11.26    0.00    0.00    0.00    0.00    0.00    0.00   57.34
15:49:07     all   31.89    0.00   11.45    0.00    0.00    0.01    0.00    0.00    0.00   56.65
15:49:08     all   36.32    0.00   12.53    0.00    0.00    0.00    0.00    0.00    0.00   51.15
15:49:09     all   32.68    0.00   11.39    0.00    0.00    0.00    0.00    0.00    0.00   55.93
15:49:10     all   34.48    0.00   13.09    0.00    0.00    0.00    0.00    0.00    0.00   52.43
15:49:11     all   35.52    0.00   13.34    0.00    0.00    0.01    0.00    0.00    0.00   51.13
15:49:12     all   36.20    0.00   12.31    0.00    0.00    0.00    0.00    0.00    0.00   51.49
15:49:13     all   37.59    0.00   12.11    0.00    0.00    0.01    0.00    0.00    0.00   50.29
15:49:14     all   32.13    0.00   10.96    0.00    0.00    0.01    0.00    0.00    0.00   56.89
15:49:15     all   27.22    0.01   10.68    0.00    0.00    0.00    0.00    0.00    0.00   62.09
15:49:16     all   31.20    0.00   13.23    0.00    0.00    0.00    0.00    0.00    0.00   55.57
15:49:17     all   33.94    0.00   11.78    0.00    0.00    0.00    0.00    0.00    0.00   54.28
15:49:18     all   35.81    0.00   11.82    0.00    0.00    0.01    0.00    0.00    0.00   52.36
15:49:19     all   36.56    0.00   12.57    0.00    0.00    0.00    0.00    0.00    0.00   50.87
15:49:20     all   35.74    0.00   13.97    0.00    0.00    0.00    0.00    0.00    0.00   50.30
15:49:21     all   35.30    0.00   14.24    0.00    0.00    0.00    0.00    0.00    0.00   50.47
15:49:22     all   35.29    0.00   13.16    0.00    0.00    0.00    0.00    0.00    0.00   51.55
15:49:23     all   31.06    0.00   12.18    0.00    0.00    0.00    0.00    0.00    0.00   56.76
15:49:24     all   33.70    0.00   12.82    0.00    0.00    0.01    0.00    0.00    0.00   53.47
15:49:25     all   35.58    0.00   11.59    0.00    0.00    0.00    0.00    0.00    0.00   52.82
15:49:26     all   34.04    0.00   12.19    0.00    0.00    0.00    0.00    0.00    0.00   53.78
15:49:27     all   35.27    0.00   13.69    0.00    0.00    0.00    0.00    0.00    0.00   51.04
15:49:28     all   36.61    0.00   13.04    0.00    0.00    0.01    0.00    0.00    0.00   50.33
15:49:29     all   35.07    0.00   13.52    0.00    0.00    0.01    0.00    0.00    0.00   51.39
15:49:30     all   35.83    0.00   12.62    0.00    0.00    0.00    0.00    0.00    0.00   51.55
15:49:31     all   35.63    0.00   14.96    0.00    0.00    0.00    0.00    0.00    0.00   49.42
15:49:32     all   35.24    0.00   13.48    0.00    0.00    0.00    0.00    0.00    0.00   51.29
15:49:33     all   36.02    0.00   14.40    0.00    0.00    0.00    0.00    0.00    0.00   49.58
15:49:34     all   32.54    0.00   13.69    0.00    0.00    0.00    0.00    0.00    0.00   53.77
15:49:35     all   35.78    0.03   14.05    0.00    0.00    0.03    0.00    0.00    0.00   50.11
15:49:36     all   35.76    0.00   13.63    0.00    0.00    0.00    0.00    0.00    0.00   50.61
15:49:37     all   33.75    0.00   14.51    0.00    0.00    0.03    0.00    0.00    0.00   51.71
15:49:38     all   33.36    0.00   14.78    0.00    0.00    0.01    0.00    0.00    0.00   51.85
15:49:39     all   31.04    0.00   15.97    0.00    0.00    0.01    0.00    0.00    0.00   52.98
15:49:40     all   31.05    0.00   13.94    0.00    0.00    0.00    0.00    0.00    0.00   55.02
15:49:41     all   34.38    0.00   14.54    0.00    0.00    0.01    0.00    0.00    0.00   51.06
15:49:42     all   35.86    0.00   13.97    0.00    0.00    0.00    0.00    0.00    0.00   50.17
15:49:43     all   35.16    0.00   14.24    0.00    0.00    0.01    0.00    0.00    0.00   50.58
15:49:44     all   34.65    0.00   14.21    0.00    0.00    0.00    0.00    0.00    0.00   51.14
15:49:45     all   36.26    0.00   12.02    0.00    0.00    0.00    0.00    0.00    0.00   51.72
15:49:46     all   31.77    0.00   12.89    0.01    0.00    0.00    0.00    0.00    0.00   55.33
15:49:47     all   34.22    0.00   13.19    0.00    0.00    0.00    0.00    0.00    0.00   52.59
15:49:48     all   35.82    0.00   14.13    0.00    0.00    0.00    0.00    0.00    0.00   50.05
15:49:49     all   33.70    0.00   14.44    0.00    0.00    0.00    0.00    0.00    0.00   51.86
15:49:50     all   34.38    0.00   12.21    0.00    0.00    0.01    0.00    0.00    0.00   53.40
15:49:51     all   35.38    0.00   14.35    0.00    0.00    0.00    0.00    0.00    0.00   50.27
15:49:52     all   35.76    0.00   12.56    0.00    0.00    0.01    0.00    0.00    0.00   51.67
15:49:53     all   34.81    0.00   14.04    0.00    0.00    0.01    0.00    0.00    0.00   51.14
15:49:54     all   37.57    0.00   13.50    0.00    0.00    0.00    0.00    0.00    0.00   48.92
15:49:55     all   37.34    0.00   12.30    0.00    0.00    0.01    0.00    0.00    0.00   50.35
15:49:56     all   35.54    0.00   12.51    0.01    0.00    0.00    0.00    0.00    0.00   51.93
15:49:57     all   36.76    0.00   12.39    0.00    0.00    0.03    0.00    0.00    0.00   50.83
15:49:58     all   33.01    0.00   10.88    0.00    0.00    0.00    0.00    0.00    0.00   56.10
15:49:59     all   35.70    0.00   11.69    0.00    0.00    0.00    0.00    0.00    0.00   52.61
15:50:00     all   36.34    0.00   12.15    0.00    0.00    0.00    0.00    0.00    0.00   51.51
15:50:01     all   36.10    0.00   12.11    0.00    0.00    0.00    0.00    0.00    0.00   51.80
15:50:02     all   33.10    0.00   12.02    0.01    0.00    0.01    0.00    0.00    0.00   54.86
15:50:03     all   36.75    0.00   13.17    0.00    0.00    0.00    0.00    0.00    0.00   50.08
15:50:04     all   36.47    0.00   14.08    0.00    0.00    0.03    0.00    0.00    0.00   49.42
15:50:05     all   35.10    0.01   13.88    0.00    0.00    0.00    0.00    0.00    0.00   51.00
15:50:06     all   35.65    0.00   12.13    0.00    0.00    0.00    0.00    0.00    0.00   52.22
15:50:07     all   35.82    0.00   11.37    0.00    0.00    0.00    0.00    0.00    0.00   52.80
15:50:08     all   34.69    0.00   12.09    0.00    0.00    0.01    0.00    0.00    0.00   53.20
15:50:09     all   36.33    0.00   12.07    0.00    0.00    0.01    0.00    0.00    0.00   51.59
15:50:10     all   34.14    0.00   10.82    0.00    0.00    0.00    0.00    0.00    0.00   55.04
15:50:11     all   35.96    0.00   11.89    0.00    0.00    0.00    0.00    0.00    0.00   52.15
15:50:12     all   36.79    0.00   11.76    0.00    0.00    0.01    0.00    0.00    0.00   51.44
15:50:13     all   32.68    0.00    9.82    0.00    0.00    0.00    0.00    0.00    0.00   57.50
15:50:14     all   34.68    0.00   12.33    0.00    0.00    0.01    0.00    0.00    0.00   52.98
15:50:15     all   36.00    0.00   13.37    0.00    0.00    0.00    0.00    0.00    0.00   50.63
15:50:16     all   34.88    0.00   14.19    0.00    0.00    0.01    0.00    0.00    0.00   50.91
15:50:17     all   37.22    0.00   11.87    0.00    0.00    0.01    0.00    0.00    0.00   50.89
15:50:18     all   36.57    0.00   12.79    0.00    0.00    0.00    0.00    0.00    0.00   50.65
15:50:19     all   35.53    0.00   12.81    0.00    0.00    0.00    0.00    0.00    0.00   51.67
15:50:20     all   35.18    0.00   12.90    0.00    0.00    0.00    0.00    0.00    0.00   51.91
15:50:21     all   33.26    0.01   10.96    0.00    0.00    0.00    0.00    0.00    0.00   55.77
15:50:22     all   36.00    0.00   11.89    0.00    0.00    0.00    0.00    0.00    0.00   52.11
15:50:23     all   36.21    0.00   13.32    0.00    0.00    0.00    0.00    0.00    0.00   50.47
15:50:24     all   35.67    0.00   11.29    0.00    0.00    0.01    0.00    0.00    0.00   53.03
15:50:25     all   36.94    0.00   12.47    0.00    0.00    0.01    0.00    0.00    0.00   50.58
15:50:26     all   36.72    0.00   13.64    0.00    0.00    0.00    0.00    0.00    0.00   49.64
15:50:27     all   35.56    0.00   13.02    0.00    0.00    0.01    0.00    0.00    0.00   51.41
15:50:28     all   35.84    0.00   13.12    0.00    0.00    0.00    0.00    0.00    0.00   51.04
15:50:29     all   28.47    0.00   10.21    0.00    0.00    0.01    0.00    0.00    0.00   61.31
15:50:30     all   33.53    0.00   11.76    0.00    0.00    0.00    0.00    0.00    0.00   54.71
15:50:31     all   36.84    0.00   11.70    0.00    0.00    0.00    0.00    0.00    0.00   51.45
15:50:32     all   36.82    0.00   11.98    0.00    0.00    0.01    0.00    0.00    0.00   51.19
15:50:33     all   38.10    0.00   11.44    0.00    0.00    0.00    0.00    0.00    0.00   50.46
15:50:34     all   35.06    0.00   11.75    0.00    0.00    0.00    0.00    0.00    0.00   53.19
15:50:35     all   29.68    0.00   11.50    0.00    0.00    0.00    0.00    0.00    0.00   58.82
15:50:36     all   34.69    0.00   11.04    0.00    0.00    0.00    0.00    0.00    0.00   54.27
15:50:37     all   32.11    0.00   11.81    0.00    0.00    0.01    0.00    0.00    0.00   56.07
15:50:38     all   29.41    0.00    9.09    0.00    0.00    0.01    0.00    0.00    0.00   61.49
15:50:39     all   23.25    0.00    8.71    0.00    0.00    0.00    0.00    0.00    0.00   68.05
15:50:40     all   28.78    0.00   11.17    0.00    0.00    0.00    0.00    0.00    0.00   60.05
15:50:41     all   34.98    0.00   10.80    0.00    0.00    0.00    0.00    0.00    0.00   54.22
15:50:42     all   30.65    0.00   12.63    0.00    0.00    0.00    0.00    0.00    0.00   56.72
15:50:43     all   36.97    0.00   13.16    0.00    0.00    0.01    0.00    0.00    0.00   49.86
15:50:44     all   31.20    0.00   13.45    0.00    0.00    0.00    0.00    0.00    0.00   55.35
15:50:45     all   31.77    0.00   14.23    0.01    0.00    0.00    0.00    0.00    0.00   53.99
15:50:46     all   34.43    0.00   13.60    0.00    0.00    0.03    0.00    0.00    0.00   51.95
15:50:47     all   34.55    0.00   12.83    0.00    0.00    0.00    0.00    0.00    0.00   52.63
15:50:48     all   34.39    0.00   13.58    0.00    0.00    0.03    0.00    0.00    0.00   52.00
15:50:49     all   31.24    0.00   13.85    0.00    0.00    0.00    0.00    0.00    0.00   54.91
15:50:50     all   35.32    0.00   13.49    0.00    0.00    0.00    0.00    0.00    0.00   51.19
15:50:51     all   35.46    0.00   13.82    0.00    0.00    0.01    0.00    0.00    0.00   50.70
15:50:52     all   31.80    0.00   12.94    0.00    0.00    0.00    0.00    0.00    0.00   55.26
15:50:53     all   25.81    0.00   10.06    0.00    0.00    0.00    0.00    0.00    0.00   64.13
15:50:54     all   25.70    0.00    8.41    0.00    0.00    0.00    0.00    0.00    0.00   65.89
15:50:55     all   27.08    0.00   10.06    0.00    0.00    0.01    0.00    0.00    0.00   62.84
15:50:56     all   29.35    0.00   12.07    0.00    0.00    0.00    0.00    0.00    0.00   58.58
15:50:57     all   33.75    0.00   12.10    0.00    0.00    0.00    0.00    0.00    0.00   54.15
15:50:58     all   27.18    0.00   11.02    0.00    0.00    0.01    0.00    0.00    0.00   61.79
15:50:59     all   31.75    0.03   12.13    0.00    0.00    0.00    0.00    0.00    0.00   56.09
15:51:00     all   36.93    0.00   11.98    0.00    0.00    0.00    0.00    0.00    0.00   51.09
15:51:01     all   35.78    0.00   13.08    0.00    0.00    0.00    0.00    0.00    0.00   51.15
15:51:02     all   36.17    0.00   13.25    0.00    0.00    0.01    0.00    0.00    0.00   50.56
15:51:03     all   37.58    0.00   13.69    0.00    0.00    0.01    0.00    0.00    0.00   48.72
15:51:04     all   33.78    0.00   14.73    0.00    0.00    0.04    0.00    0.00    0.00   51.45
15:51:05     all   35.22    0.00   12.07    0.00    0.00    0.00    0.00    0.00    0.00   52.71
15:51:06     all   36.24    0.00   12.05    0.00    0.00    0.00    0.00    0.00    0.00   51.71
15:51:07     all   33.59    0.00   12.31    0.00    0.00    0.00    0.00    0.00    0.00   54.10
15:51:08     all   31.41    0.00   11.13    0.00    0.00    0.00    0.00    0.00    0.00   57.46
15:51:09     all   32.74    0.00   14.67    0.00    0.00    0.01    0.00    0.00    0.00   52.57
15:51:10     all   35.24    0.00   14.04    0.01    0.00    0.00    0.00    0.00    0.00   50.70
15:51:11     all   35.04    0.00   14.90    0.00    0.00    0.01    0.00    0.00    0.00   50.04
15:51:12     all   32.19    0.00   12.64    0.00    0.00    0.00    0.00    0.00    0.00   55.17
15:51:13     all   33.74    0.00   12.73    0.00    0.00    0.00    0.00    0.00    0.00   53.53
15:51:14     all   35.66    0.00   13.47    0.00    0.00    0.00    0.00    0.00    0.00   50.86
15:51:15     all   36.56    0.00   12.88    0.00    0.00    0.00    0.00    0.00    0.00   50.56
15:51:16     all   35.74    0.00   14.47    0.00    0.00    0.01    0.00    0.00    0.00   49.78
15:51:17     all   36.12    0.00   13.12    0.00    0.00    0.01    0.00    0.00    0.00   50.74
15:51:18     all   36.12    0.00   15.24    0.00    0.00    0.01    0.00    0.00    0.00   48.63
15:51:19     all   35.40    0.00   14.08    0.00    0.00    0.00    0.00    0.00    0.00   50.52
15:51:20     all   31.68    0.00   13.55    0.00    0.00    0.00    0.00    0.00    0.00   54.77
15:51:21     all   33.41    0.00   12.33    0.00    0.00    0.00    0.00    0.00    0.00   54.26
15:51:22     all   34.45    0.00   13.54    0.00    0.00    0.00    0.00    0.00    0.00   52.00
15:51:23     all   34.60    0.00   13.60    0.00    0.00    0.01    0.00    0.00    0.00   51.78
15:51:24     all   33.42    0.00   12.69    0.00    0.00    0.00    0.00    0.00    0.00   53.89
15:51:25     all   34.01    0.00   12.98    0.00    0.00    0.00    0.00    0.00    0.00   53.01
15:51:26     all   36.46    0.00   14.15    0.00    0.00    0.00    0.00    0.00    0.00   49.39
15:51:27     all   36.96    0.00   12.31    0.00    0.00    0.01    0.00    0.00    0.00   50.72
15:51:28     all   36.61    0.00   11.65    0.00    0.00    0.00    0.00    0.00    0.00   51.74
15:51:29     all   35.45    0.00   12.51    0.00    0.00    0.00    0.00    0.00    0.00   52.04
15:51:30     all   35.74    0.00   12.45    0.00    0.00    0.00    0.00    0.00    0.00   51.81
15:51:31     all   35.03    0.00   13.13    0.00    0.00    0.00    0.00    0.00    0.00   51.84
15:51:32     all   32.42    0.00   11.37    0.00    0.00    0.01    0.00    0.00    0.00   56.20
15:51:33     all   37.36    0.00   12.73    0.00    0.00    0.00    0.00    0.00    0.00   49.91
15:51:34     all   35.34    0.00   14.12    0.00    0.00    0.00    0.00    0.00    0.00   50.54
15:51:35     all   32.11    0.00   11.63    0.00    0.00    0.01    0.00    0.00    0.00   56.25
15:51:36     all   31.91    0.00   13.03    0.00    0.00    0.00    0.00    0.00    0.00   55.06
15:51:37     all   35.43    0.00   12.56    0.00    0.00    0.00    0.00    0.00    0.00   52.00
15:51:38     all   35.94    0.00   11.89    0.00    0.00    0.01    0.00    0.00    0.00   52.15
15:51:39     all   33.54    0.00   11.77    0.00    0.00    0.00    0.00    0.00    0.00   54.68
15:51:40     all   35.73    0.00   14.07    0.00    0.00    0.00    0.00    0.00    0.00   50.20
15:51:41     all   36.35    0.00   14.67    0.00    0.00    0.00    0.00    0.00    0.00   48.98
15:51:42     all   36.34    0.00   13.10    0.00    0.00    0.00    0.00    0.00    0.00   50.56
15:51:43     all   34.60    0.00   14.42    0.00    0.00    0.00    0.00    0.00    0.00   50.97
15:51:44     all   34.90    0.00   13.13    0.00    0.00    0.01    0.00    0.00    0.00   51.95
15:51:45     all   34.25    0.01   11.84    0.00    0.00    0.00    0.00    0.00    0.00   53.89
15:51:46     all   32.14    0.00   12.42    0.00    0.00    0.00    0.00    0.00    0.00   55.44
15:51:47     all   35.06    0.00   10.62    0.00    0.00    0.01    0.00    0.00    0.00   54.31
15:51:48     all   36.77    0.00   11.34    0.00    0.00    0.01    0.00    0.00    0.00   51.87
15:51:49     all   33.06    0.00   10.34    0.00    0.00    0.00    0.00    0.00    0.00   56.60
15:51:50     all   31.85    0.01    8.89    0.00    0.00    0.00    0.00    0.00    0.00   59.25
15:51:51     all   34.01    0.00   10.34    0.00    0.00    0.01    0.00    0.00    0.00   55.64
15:51:52     all   37.37    0.00   12.51    0.00    0.00    0.00    0.00    0.00    0.00   50.11
15:51:53     all   33.40    0.00   11.64    0.00    0.00    0.00    0.00    0.00    0.00   54.96
15:51:54     all   34.65    0.00   10.18    0.00    0.00    0.00    0.00    0.00    0.00   55.17
15:51:55     all   31.42    0.00    8.86    0.00    0.00    0.00    0.00    0.00    0.00   59.72
15:51:56     all   31.92    0.00    9.74    0.00    0.00    0.00    0.00    0.00    0.00   58.34
15:51:57     all   37.37    0.00   10.20    0.00    0.00    0.01    0.00    0.00    0.00   52.42
15:51:58     all   37.61    0.00   10.91    0.00    0.00    0.01    0.00    0.00    0.00   51.47
15:51:59     all   34.84    0.00   10.38    0.00    0.00    0.00    0.00    0.00    0.00   54.78
15:52:00     all   34.67    0.00   11.58    0.00    0.00    0.00    0.00    0.00    0.00   53.75
15:52:01     all   35.61    0.00   11.75    0.00    0.00    0.00    0.00    0.00    0.00   52.64
15:52:02     all   34.70    0.00   10.56    0.00    0.00    0.01    0.00    0.00    0.00   54.72
15:52:03     all   36.71    0.00   11.78    0.00    0.00    0.01    0.00    0.00    0.00   51.50
15:52:04     all   36.58    0.00   12.03    0.00    0.00    0.01    0.00    0.00    0.00   51.38
15:52:05     all   34.54    0.00   10.16    0.00    0.00    0.00    0.00    0.00    0.00   55.30
15:52:06     all   26.11    0.00    7.48    0.00    0.00    0.00    0.00    0.00    0.00   66.41
15:52:07     all   33.06    0.00    9.04    0.00    0.00    0.01    0.00    0.00    0.00   57.89
15:52:08     all   36.86    0.00   11.28    0.00    0.00    0.00    0.00    0.00    0.00   51.86
15:52:09     all   34.12    0.00   11.29    0.00    0.00    0.00    0.00    0.00    0.00   54.59
15:52:10     all   33.92    0.00   10.60    0.00    0.00    0.01    0.00    0.00    0.00   55.47
15:52:11     all   36.69    0.00   10.78    0.00    0.00    0.03    0.00    0.00    0.00   52.50
15:52:12     all   37.44    0.01    9.78    0.00    0.00    0.00    0.00    0.00    0.00   52.77
15:52:13     all   27.14    0.00    6.93    0.00    0.00    0.00    0.00    0.00    0.00   65.93
15:52:14     all   35.12    0.00    8.47    0.00    0.00    0.00    0.00    0.00    0.00   56.41
15:52:15     all   36.86    0.00   11.47    0.00    0.00    0.00    0.00    0.00    0.00   51.67
15:52:16     all   35.11    0.00   10.06    0.00    0.00    0.01    0.00    0.00    0.00   54.82
15:52:17     all   34.66    0.00    9.36    0.00    0.00    0.00    0.00    0.00    0.00   55.98
15:52:18     all   36.71    0.00    9.74    0.00    0.00    0.00    0.00    0.00    0.00   53.55
15:52:19     all   36.16    0.00    8.08    0.00    0.00    0.00    0.00    0.00    0.00   55.76
15:52:20     all   35.00    0.00   10.18    0.00    0.00    0.01    0.00    0.00    0.00   54.80
15:52:21     all   37.84    0.00   10.50    0.00    0.00    0.00    0.00    0.00    0.00   51.66
15:52:22     all   35.51    0.00   10.02    0.00    0.00    0.00    0.00    0.00    0.00   54.47
15:52:23     all   34.85    0.00   11.15    0.00    0.00    0.00    0.00    0.00    0.00   54.00
15:52:24     all   35.27    0.00   12.08    0.00    0.00    0.01    0.00    0.00    0.00   52.64
15:52:25     all   37.78    0.00   11.59    0.00    0.00    0.00    0.00    0.00    0.00   50.63
15:52:26     all   35.81    0.00   13.70    0.00    0.00    0.00    0.00    0.00    0.00   50.49
15:52:27     all   34.02    0.00   11.11    0.00    0.00    0.00    0.00    0.00    0.00   54.87
15:52:28     all   34.67    0.00   12.46    0.00    0.00    0.01    0.00    0.00    0.00   52.86
15:52:29     all   37.32    0.00   12.27    0.01    0.00    0.00    0.00    0.00    0.00   50.40
15:52:30     all   33.19    0.00   10.82    0.00    0.00    0.01    0.00    0.00    0.00   55.97
15:52:31     all   32.31    0.00   10.99    0.00    0.00    0.00    0.00    0.00    0.00   56.70
15:52:32     all   29.78    0.00    9.43    0.00    0.00    0.00    0.00    0.00    0.00   60.79
15:52:33     all   31.61    0.00    8.67    0.00    0.00    0.01    0.00    0.00    0.00   59.71
15:52:34     all   32.32    0.00   11.05    0.00    0.00    0.00    0.00    0.00    0.00   56.63
15:52:35     all   32.81    0.00    8.61    0.00    0.00    0.00    0.00    0.00    0.00   58.58
15:52:36     all   33.06    0.00   10.29    0.00    0.00    0.01    0.00    0.00    0.00   56.64
15:52:37     all   31.48    0.00   10.53    0.00    0.00    0.01    0.00    0.00    0.00   57.97
15:52:38     all   32.33    0.00   11.00    0.00    0.00    0.00    0.00    0.00    0.00   56.67
15:52:39     all   34.77    0.00   11.84    0.00    0.00    0.00    0.00    0.00    0.00   53.39
15:52:40     all   33.75    0.00   11.53    0.00    0.00    0.00    0.00    0.00    0.00   54.72
15:52:41     all   35.23    0.00   11.02    0.00    0.00    0.01    0.00    0.00    0.00   53.74
15:52:42     all   32.15    0.00   12.88    0.00    0.00    0.00    0.00    0.00    0.00   54.97
15:52:43     all   30.60    0.00   11.72    0.00    0.00    0.00    0.00    0.00    0.00   57.68
15:52:44     all   33.54    0.00   10.38    0.00    0.00    0.00    0.00    0.00    0.00   56.08
15:52:45     all   34.75    0.00   11.69    0.00    0.00    0.01    0.00    0.00    0.00   53.54
15:52:46     all   32.29    0.00   11.39    0.00    0.00    0.00    0.00    0.00    0.00   56.32
15:52:47     all   25.40    0.00    8.76    0.00    0.00    0.00    0.00    0.00    0.00   65.84
15:52:48     all   24.10    0.00    7.98    0.00    0.00    0.01    0.00    0.00    0.00   67.91
15:52:49     all   27.15    0.00    9.37    0.00    0.00    0.00    0.00    0.00    0.00   63.48
15:52:50     all   31.82    0.00   10.25    0.00    0.00    0.00    0.00    0.00    0.00   57.92
15:52:51     all   34.72    0.00   11.91    0.00    0.00    0.00    0.00    0.00    0.00   53.37
15:52:52     all   31.97    0.00   10.80    0.00    0.00    0.01    0.00    0.00    0.00   57.21
15:52:53     all   36.86    0.00   11.29    0.00    0.00    0.00    0.00    0.00    0.00   51.85
15:52:54     all   30.74    0.00    8.44    0.00    0.00    0.00    0.00    0.00    0.00   60.82
15:52:55     all   31.22    0.00   10.11    0.00    0.00    0.00    0.00    0.00    0.00   58.66
15:52:56     all   35.17    0.00   11.58    0.00    0.00    0.00    0.00    0.00    0.00   53.26
15:52:57     all   37.24    0.01   11.33    0.00    0.00    0.01    0.00    0.00    0.00   51.41
15:52:58     all   36.66    0.00   12.30    0.00    0.00    0.00    0.00    0.00    0.00   51.04
15:52:59     all   35.93    0.00   11.94    0.00    0.00    0.00    0.00    0.00    0.00   52.13
15:53:00     all   36.65    0.00   13.11    0.00    0.00    0.01    0.00    0.00    0.00   50.23
15:53:01     all   35.04    0.00   13.09    0.00    0.00    0.00    0.00    0.00    0.00   51.87
15:53:02     all   34.12    0.00   12.10    0.00    0.00    0.00    0.00    0.00    0.00   53.78
15:53:03     all   29.37    0.00    9.63    0.00    0.00    0.00    0.00    0.00    0.00   61.00
15:53:04     all   33.38    0.00   10.03    0.00    0.00    0.01    0.00    0.00    0.00   56.58
15:53:05     all   36.71    0.00   12.44    0.00    0.00    0.00    0.00    0.00    0.00   50.85
15:53:06     all   36.10    0.00   12.13    0.00    0.00    0.00    0.00    0.00    0.00   51.77
15:53:07     all   28.13    0.00   10.20    0.00    0.00    0.00    0.00    0.00    0.00   61.68
15:53:08     all   34.67    0.00   11.30    0.00    0.00    0.01    0.00    0.00    0.00   54.02
15:53:09     all   30.64    0.00    9.62    0.00    0.00    0.01    0.00    0.00    0.00   59.72
15:53:10     all   32.54    0.00    9.21    0.00    0.00    0.00    0.00    0.00    0.00   58.24
15:53:11     all   34.12    0.01   10.39    0.00    0.00    0.00    0.00    0.00    0.00   55.48
15:53:12     all   35.78    0.00   11.41    0.00    0.00    0.00    0.00    0.00    0.00   52.81
15:53:13     all   38.76    0.00   11.32    0.01    0.00    0.01    0.00    0.00    0.00   49.90
15:53:14     all   34.09    0.01   11.60    0.00    0.00    0.00    0.00    0.00    0.00   54.29
15:53:15     all   34.95    0.00   12.02    0.00    0.00    0.01    0.00    0.00    0.00   53.02
15:53:16     all   36.24    0.00   13.65    0.00    0.00    0.00    0.00    0.00    0.00   50.11
15:53:17     all   37.24    0.00   12.36    0.00    0.00    0.00    0.00    0.00    0.00   50.40
15:53:18     all   34.30    0.00   12.61    0.00    0.00    0.01    0.00    0.00    0.00   53.07
15:53:19     all   36.91    0.00   10.64    0.00    0.00    0.00    0.00    0.00    0.00   52.44
15:53:20     all   34.76    0.00   11.54    0.00    0.00    0.01    0.00    0.00    0.00   53.68
15:53:21     all   34.35    0.00   10.12    0.00    0.00    0.00    0.00    0.00    0.00   55.53
15:53:22     all   28.51    0.00    9.42    0.00    0.00    0.00    0.00    0.00    0.00   62.07
15:53:23     all   34.10    0.00   11.15    0.00    0.00    0.01    0.00    0.00    0.00   54.73
15:53:24     all   36.66    0.00   11.52    0.00    0.00    0.00    0.00    0.00    0.00   51.82
15:53:25     all   35.70    0.00   11.83    0.00    0.00    0.01    0.00    0.00    0.00   52.45
15:53:26     all   34.53    0.00   12.47    0.00    0.00    0.00    0.00    0.00    0.00   53.00
15:53:27     all   36.93    0.00   12.08    0.00    0.00    0.01    0.00    0.00    0.00   50.97
15:53:28     all   36.05    0.00   10.75    0.00    0.00    0.00    0.00    0.00    0.00   53.20
15:53:29     all   33.76    0.00   12.32    0.00    0.00    0.01    0.00    0.00    0.00   53.90
15:53:30     all   35.30    0.00   13.26    0.00    0.00    0.00    0.00    0.00    0.00   51.43
15:53:31     all   34.47    0.00   10.70    0.00    0.00    0.00    0.00    0.00    0.00   54.84
15:53:32     all   28.82    0.00    9.29    0.00    0.00    0.01    0.00    0.00    0.00   61.88
15:53:33     all   31.20    0.00   11.44    0.00    0.00    0.01    0.00    0.00    0.00   57.35
15:53:34     all   33.08    0.00    9.90    0.00    0.00    0.00    0.00    0.00    0.00   57.03
15:53:35     all   36.11    0.00   11.11    0.00    0.00    0.00    0.00    0.00    0.00   52.77
15:53:36     all   37.96    0.00   11.75    0.00    0.00    0.00    0.00    0.00    0.00   50.30
15:53:37     all   36.33    0.00   11.57    0.00    0.00    0.00    0.00    0.00    0.00   52.10
15:53:38     all   34.68    0.00   12.60    0.00    0.00    0.01    0.00    0.00    0.00   52.70
15:53:39     all   33.29    0.00   10.93    0.00    0.00    0.01    0.00    0.00    0.00   55.77
15:53:40     all   33.73    0.00   10.64    0.00    0.00    0.00    0.00    0.00    0.00   55.63
15:53:41     all   31.08    0.00   11.36    0.00    0.00    0.00    0.00    0.00    0.00   57.56
15:53:42     all   34.97    0.00   13.06    0.01    0.00    0.04    0.00    0.00    0.00   51.91
15:53:43     all   35.81    0.00   12.13    0.00    0.00    0.00    0.00    0.00    0.00   52.06
15:53:44     all   37.14    0.00   11.66    0.00    0.00    0.01    0.00    0.00    0.00   51.19
15:53:45     all   33.94    0.00   11.80    0.00    0.00    0.01    0.00    0.00    0.00   54.25
15:53:46     all   34.54    0.00    9.42    0.00    0.00    0.00    0.00    0.00    0.00   56.04
15:53:47     all   33.65    0.00   10.08    0.00    0.00    0.00    0.00    0.00    0.00   56.27
15:53:48     all   35.87    0.00   10.02    0.00    0.00    0.00    0.00    0.00    0.00   54.11
15:53:49     all   33.40    0.00   11.95    0.00    0.00    0.01    0.00    0.00    0.00   54.64
15:53:50     all   31.59    0.00   10.68    0.00    0.00    0.00    0.00    0.00    0.00   57.73
15:53:51     all   33.38    0.00   11.50    0.00    0.00    0.00    0.00    0.00    0.00   55.12
15:53:52     all   34.15    0.00   12.00    0.00    0.00    0.03    0.00    0.00    0.00   53.82
15:53:53     all   36.95    0.00   10.76    0.00    0.00    0.01    0.00    0.00    0.00   52.28
15:53:54     all   32.80    0.00   11.32    0.00    0.00    0.00    0.00    0.00    0.00   55.88
15:53:55     all   35.36    0.00   12.84    0.00    0.00    0.01    0.00    0.00    0.00   51.78
15:53:56     all   35.43    0.00   13.19    0.00    0.00    0.01    0.00    0.00    0.00   51.37
15:53:57     all   33.69    0.00   10.73    0.00    0.00    0.01    0.00    0.00    0.00   55.56
15:53:58     all   32.46    0.00    9.52    0.00    0.00    0.00    0.00    0.00    0.00   58.01
15:53:59     all   31.25    0.00    9.66    0.00    0.00    0.01    0.00    0.00    0.00   59.08
15:54:00     all   33.77    0.00   10.90    0.00    0.00    0.00    0.00    0.00    0.00   55.33
15:54:01     all   36.81    0.00   11.19    0.00    0.00    0.01    0.00    0.00    0.00   51.98
15:54:02     all   37.42    0.00   11.73    0.00    0.00    0.01    0.00    0.00    0.00   50.84
15:54:03     all   38.49    0.00   11.84    0.00    0.00    0.00    0.00    0.00    0.00   49.67
15:54:04     all   37.50    0.00   10.49    0.00    0.00    0.03    0.00    0.00    0.00   51.98
15:54:05     all   32.02    0.00    8.86    0.00    0.00    0.00    0.00    0.00    0.00   59.12
15:54:06     all   36.86    0.00   10.33    0.00    0.00    0.01    0.00    0.00    0.00   52.80
15:54:07     all   37.65    0.00   11.85    0.00    0.00    0.01    0.00    0.00    0.00   50.49
15:54:08     all   36.94    0.00   11.64    0.00    0.00    0.00    0.00    0.00    0.00   51.43
15:54:09     all   32.82    0.00   10.63    0.00    0.00    0.01    0.00    0.00    0.00   56.53
15:54:10     all   34.50    0.00   10.06    0.00    0.00    0.01    0.00    0.00    0.00   55.42
15:54:11     all   33.95    0.00   12.01    0.00    0.00    0.00    0.00    0.00    0.00   54.04
15:54:12     all   36.47    0.00   12.82    0.00    0.00    0.00    0.00    0.00    0.00   50.71
15:54:13     all   30.69    0.00   10.29    0.00    0.00    0.01    0.00    0.00    0.00   59.01
15:54:14     all   32.07    0.00   11.57    0.00    0.00    0.00    0.00    0.00    0.00   56.36
15:54:15     all   34.26    0.00   11.66    0.00    0.00    0.00    0.00    0.00    0.00   54.08
15:54:16     all   32.90    0.00   13.16    0.00    0.00    0.00    0.00    0.00    0.00   53.94
15:54:17     all   31.84    0.00   11.36    0.00    0.00    0.01    0.00    0.00    0.00   56.79
15:54:18     all   32.65    0.00   10.18    0.00    0.00    0.00    0.00    0.00    0.00   57.18
15:54:19     all   32.48    0.00   10.12    0.00    0.00    0.00    0.00    0.00    0.00   57.41
15:54:20     all   30.79    0.00    9.62    0.00    0.00    0.00    0.00    0.00    0.00   59.59
15:54:21     all   34.55    0.00   10.60    0.00    0.00    0.00    0.00    0.00    0.00   54.85
15:54:22     all   37.07    0.00   12.40    0.00    0.00    0.00    0.00    0.00    0.00   50.54
15:54:23     all   34.99    0.00   10.61    0.00    0.00    0.00    0.00    0.00    0.00   54.41
15:54:24     all   30.64    0.00    8.61    0.00    0.00    0.01    0.00    0.00    0.00   60.73
15:54:25     all   32.37    0.00    9.54    0.00    0.00    0.00    0.00    0.00    0.00   58.09
15:54:26     all   35.09    0.00   14.50    0.00    0.00    0.00    0.00    0.00    0.00   50.41
15:54:27     all   35.47    0.01   13.36    0.00    0.00    0.00    0.00    0.00    0.00   51.16
15:54:28     all   36.58    0.00   12.53    0.00    0.00    0.00    0.00    0.00    0.00   50.90
15:54:29     all   35.33    0.00   10.81    0.00    0.00    0.01    0.00    0.00    0.00   53.85
15:54:30     all   33.42    0.00    9.49    0.00    0.00    0.00    0.00    0.00    0.00   57.09
15:54:31     all   34.45    0.00   12.35    0.00    0.00    0.00    0.00    0.00    0.00   53.21
15:54:32     all   35.44    0.00   13.32    0.00    0.00    0.00    0.00    0.00    0.00   51.24
15:54:33     all   34.97    0.00    9.57    0.00    0.00    0.00    0.00    0.00    0.00   55.46
15:54:34     all   33.44    0.00   11.28    0.00    0.00    0.00    0.00    0.00    0.00   55.28
15:54:35     all   34.05    0.00   11.53    0.00    0.00    0.04    0.00    0.00    0.00   54.38
15:54:36     all   37.09    0.00   11.09    0.00    0.00    0.00    0.00    0.00    0.00   51.82
15:54:37     all   31.32    0.00    9.96    0.00    0.00    0.00    0.00    0.00    0.00   58.71
15:54:38     all   38.23    0.00   10.42    0.00    0.00    0.01    0.00    0.00    0.00   51.34
15:54:39     all   33.24    0.00   10.76    0.00    0.00    0.00    0.00    0.00    0.00   56.00
15:54:40     all   38.01    0.00   11.15    0.00    0.00    0.00    0.00    0.00    0.00   50.84
15:54:41     all   35.11    0.00   11.81    0.00    0.00    0.00    0.00    0.00    0.00   53.08
15:54:42     all   37.47    0.00   11.36    0.00    0.00    0.00    0.00    0.00    0.00   51.17
15:54:43     all   34.22    0.00   12.28    0.00    0.00    0.01    0.00    0.00    0.00   53.49
15:54:44     all   35.19    0.00   11.12    0.00    0.00    0.00    0.00    0.00    0.00   53.69
15:54:45     all   35.85    0.00   10.68    0.00    0.00    0.00    0.00    0.00    0.00   53.47
15:54:46     all   36.44    0.00   11.17    0.00    0.00    0.01    0.00    0.00    0.00   52.37
15:54:47     all   35.05    0.00   11.41    0.00    0.00    0.01    0.00    0.00    0.00   53.52
15:54:48     all   33.60    0.00    9.60    0.00    0.00    0.00    0.00    0.00    0.00   56.80
15:54:49     all   33.78    0.00   10.61    0.00    0.00    0.01    0.00    0.00    0.00   55.60
15:54:50     all   34.16    0.00    9.91    0.00    0.00    0.00    0.00    0.00    0.00   55.93
15:54:51     all   35.14    0.00    9.16    0.00    0.00    0.00    0.00    0.00    0.00   55.70
15:54:52     all   35.11    0.00   11.81    0.00    0.00    0.01    0.00    0.00    0.00   53.07
15:54:53     all   32.13    0.00   11.19    0.00    0.00    0.03    0.00    0.00    0.00   56.65
15:54:54     all   31.96    0.00   10.62    0.00    0.00    0.00    0.00    0.00    0.00   57.41
15:54:55     all   37.43    0.00   10.84    0.00    0.00    0.00    0.00    0.00    0.00   51.74
15:54:56     all   35.75    0.00   12.43    0.00    0.00    0.01    0.00    0.00    0.00   51.81
15:54:57     all   33.82    0.00   10.34    0.01    0.00    0.00    0.00    0.00    0.00   55.82
15:54:58     all   32.07    0.00   11.58    0.00    0.00    0.00    0.00    0.00    0.00   56.35
15:54:59     all   35.68    0.00   13.53    0.00    0.00    0.00    0.00    0.00    0.00   50.78
15:55:00     all   37.25    0.00   12.82    0.00    0.00    0.01    0.00    0.00    0.00   49.92
15:55:01     all   32.93    0.00   12.29    0.00    0.00    0.00    0.00    0.00    0.00   54.78
15:55:02     all   33.19    0.00   11.77    0.00    0.00    0.00    0.00    0.00    0.00   55.04
15:55:03     all   29.07    0.00   11.32    0.00    0.00    0.03    0.00    0.00    0.00   59.59
15:55:04     all   37.64    0.00   12.83    0.00    0.00    0.03    0.00    0.00    0.00   49.50
15:55:05     all   32.69    0.00   10.34    0.00    0.00    0.00    0.00    0.00    0.00   56.97
15:55:06     all   35.36    0.00   12.00    0.00    0.00    0.01    0.00    0.00    0.00   52.62
15:55:07     all   35.77    0.00   12.93    0.00    0.00    0.00    0.00    0.00    0.00   51.30
15:55:08     all   36.39    0.00   12.47    0.00    0.00    0.01    0.00    0.00    0.00   51.13
15:55:09     all   34.35    0.00   12.79    0.00    0.00    0.00    0.00    0.00    0.00   52.87
15:55:10     all   29.10    0.00   11.35    0.00    0.00    0.00    0.00    0.00    0.00   59.55
15:55:11     all   31.79    0.00   10.26    0.00    0.00    0.00    0.00    0.00    0.00   57.94
15:55:12     all   37.42    0.00   11.87    0.00    0.00    0.00    0.00    0.00    0.00   50.71
15:55:13     all   34.88    0.00   10.54    0.00    0.00    0.01    0.00    0.00    0.00   54.56
15:55:14     all   35.85    0.00   10.11    0.00    0.00    0.01    0.00    0.00    0.00   54.03
15:55:15     all   35.67    0.00   11.91    0.00    0.00    0.03    0.00    0.00    0.00   52.40
15:55:16     all   36.37    0.00   13.00    0.00    0.00    0.00    0.00    0.00    0.00   50.63
15:55:17     all   36.33    0.00   12.80    0.00    0.00    0.01    0.00    0.00    0.00   50.86
15:55:18     all   38.09    0.00   11.72    0.00    0.00    0.00    0.00    0.00    0.00   50.19
15:55:19     all   35.80    0.00   11.00    0.00    0.00    0.00    0.00    0.00    0.00   53.20
15:55:20     all   35.99    0.00   10.73    0.00    0.00    0.00    0.00    0.00    0.00   53.28
15:55:21     all   34.02    0.00   10.31    0.00    0.00    0.01    0.00    0.00    0.00   55.66
15:55:22     all   31.94    0.00   11.03    0.00    0.00    0.00    0.00    0.00    0.00   57.03
15:55:23     all   33.77    0.00   10.29    0.00    0.00    0.00    0.00    0.00    0.00   55.94
15:55:24     all   34.66    0.00   10.28    0.00    0.00    0.01    0.00    0.00    0.00   55.05
15:55:25     all   33.47    0.00   10.24    0.00    0.00    0.00    0.00    0.00    0.00   56.29
15:55:26     all   35.33    0.00   10.79    0.00    0.00    0.01    0.00    0.00    0.00   53.87
15:55:27     all   36.59    0.00    9.59    0.00    0.00    0.01    0.00    0.00    0.00   53.81
15:55:28     all   33.48    0.00    9.26    0.00    0.00    0.00    0.00    0.00    0.00   57.27
15:55:29     all   33.28    0.00    9.14    0.00    0.00    0.00    0.00    0.00    0.00   57.58
15:55:30     all   33.84    0.00    9.00    0.00    0.00    0.01    0.00    0.00    0.00   57.15
15:55:31     all   31.28    0.00    9.43    0.00    0.00    0.00    0.00    0.00    0.00   59.29
15:55:32     all   36.18    0.00   10.40    0.00    0.00    0.00    0.00    0.00    0.00   53.42
15:55:33     all   35.77    0.00   12.24    0.00    0.00    0.00    0.00    0.00    0.00   51.98
15:55:34     all   36.95    0.00   13.15    0.00    0.00    0.00    0.00    0.00    0.00   49.90
15:55:35     all   34.50    0.03   11.96    0.00    0.00    0.00    0.00    0.00    0.00   53.51
15:55:36     all   29.42    0.00    9.93    0.00    0.00    0.01    0.00    0.00    0.00   60.64
15:55:37     all   37.27    0.00   11.55    0.00    0.00    0.01    0.00    0.00    0.00   51.17
15:55:38     all   35.38    0.00   12.27    0.00    0.00    0.00    0.00    0.00    0.00   52.35
15:55:39     all   35.91    0.00    9.80    0.00    0.00    0.01    0.00    0.00    0.00   54.27
15:55:40     all   37.22    0.00   12.43    0.00    0.00    0.00    0.00    0.00    0.00   50.35
15:55:41     all   32.79    0.00   10.72    0.00    0.00    0.00    0.00    0.00    0.00   56.49
15:55:42     all   34.15    0.00    8.97    0.00    0.00    0.01    0.00    0.00    0.00   56.86
15:55:43     all   35.12    0.00   11.28    0.00    0.00    0.00    0.00    0.00    0.00   53.60
15:55:44     all   34.20    0.01   10.89    0.00    0.00    0.00    0.00    0.00    0.00   54.90
15:55:45     all   33.95    0.00   10.34    0.00    0.00    0.00    0.00    0.00    0.00   55.71
15:55:46     all   33.77    0.00    9.92    0.00    0.00    0.00    0.00    0.00    0.00   56.30
15:55:47     all   34.29    0.00    9.72    0.00    0.00    0.03    0.00    0.00    0.00   55.96
15:55:48     all   31.88    0.00    9.16    0.00    0.00    0.00    0.00    0.00    0.00   58.96
15:55:49     all   32.40    0.00   10.43    0.00    0.00    0.00    0.00    0.00    0.00   57.17
15:55:50     all   37.52    0.00    9.95    0.00    0.00    0.00    0.00    0.00    0.00   52.53
15:55:51     all   37.00    0.00   11.58    0.00    0.00    0.01    0.00    0.00    0.00   51.40
15:55:52     all   32.18    0.00   10.44    0.00    0.00    0.00    0.00    0.00    0.00   57.38
15:55:53     all   36.29    0.00   10.15    0.00    0.00    0.00    0.00    0.00    0.00   53.56
15:55:54     all   35.42    0.00   10.35    0.00    0.00    0.01    0.00    0.00    0.00   54.22
15:55:55     all   34.49    0.00   10.52    0.01    0.00    0.00    0.00    0.00    0.00   54.97
15:55:56     all   36.45    0.00   10.82    0.00    0.00    0.00    0.00    0.00    0.00   52.73
15:55:57     all   31.66    0.00    8.76    0.00    0.00    0.00    0.00    0.00    0.00   59.59
15:55:58     all   33.42    0.00    9.41    0.01    0.00    0.00    0.00    0.00    0.00   57.16
15:55:59     all   35.50    0.00    9.15    0.00    0.00    0.00    0.00    0.00    0.00   55.35
15:56:00     all   35.82    0.00    9.77    0.00    0.00    0.03    0.00    0.00    0.00   54.38
15:56:01     all   26.65    0.00    7.65    0.00    0.00    0.00    0.00    0.00    0.00   65.70
15:56:02     all   33.92    0.00    9.78    0.00    0.00    0.01    0.00    0.00    0.00   56.29
15:56:03     all   36.10    0.00   11.03    0.01    0.00    0.00    0.00    0.00    0.00   52.85
15:56:04     all   34.85    0.00   10.78    0.00    0.00    0.00    0.00    0.00    0.00   54.37
15:56:05     all   35.17    0.00   10.36    0.00    0.00    0.01    0.00    0.00    0.00   54.46
15:56:06     all   33.35    0.00   10.15    0.00    0.00    0.00    0.00    0.00    0.00   56.51
15:56:07     all   32.29    0.00    8.70    0.00    0.00    0.00    0.00    0.00    0.00   59.01
15:56:08     all   30.29    0.00    8.44    0.00    0.00    0.00    0.00    0.00    0.00   61.27
15:56:09     all   36.03    0.00    9.76    0.00    0.00    0.00    0.00    0.00    0.00   54.22
15:56:10     all   35.57    0.00   10.56    0.00    0.00    0.01    0.00    0.00    0.00   53.85
15:56:11     all   31.72    0.00    9.23    0.00    0.00    0.00    0.00    0.00    0.00   59.05
15:56:12     all   36.29    0.00   11.17    0.00    0.00    0.01    0.00    0.00    0.00   52.52
15:56:13     all   38.04    0.00   11.69    0.00    0.00    0.00    0.00    0.00    0.00   50.27
15:56:14     all    3.34    0.00    2.42    0.00    0.00    0.00    0.00    0.00    0.00   94.24
15:56:15     all    0.28    0.00    1.50    0.00    0.00    0.00    0.00    0.00    0.00   98.22
15:56:16     all    0.14    0.00    0.85    0.00    0.00    0.00    0.00    0.00    0.00   99.01
15:56:17     all    0.19    0.00    0.06    0.00    0.00    0.00    0.00    0.00    0.00   99.75
15:56:18     all    0.19    0.00    0.10    0.00    0.00    0.00    0.00    0.00    0.00   99.71
15:56:19     all    0.07    0.00    0.17    0.01    0.00    0.00    0.00    0.00    0.00   99.75
15:56:20     all    0.29    0.00    0.11    0.00    0.00    0.00    0.00    0.00    0.00   99.60
15:56:21     all    0.36    0.00    0.15    0.00    0.00    0.00    0.00    0.00    0.00   99.49
15:56:22     all    0.49    0.00    0.26    0.00    0.00    0.00    0.00    0.00    0.00   99.25
15:56:23     all    0.32    0.00    0.14    0.00    0.00    0.00    0.00    0.00    0.00   99.54
15:56:24     all    0.17    0.00    0.11    0.00    0.00    0.00    0.00    0.00    0.00   99.72
15:56:25     all    0.83    0.00    0.26    0.00    0.00    0.00    0.00    0.00    0.00   98.90
15:56:26     all    0.35    0.00    0.21    0.00    0.00    0.00    0.00    0.00    0.00   99.44
15:56:27     all    0.19    0.01    0.08    0.00    0.00    0.00    0.00    0.00    0.00   99.71
15:56:28     all    0.21    0.00    0.13    0.00    0.00    0.00    0.00    0.00    0.00   99.67
15:56:29     all    0.29    0.00    0.11    0.00    0.00    0.00    0.00    0.00    0.00   99.60
15:56:30     all    0.33    0.00    0.33    0.00    0.00    0.00    0.00    0.00    0.00   99.33
15:56:31     all    0.22    0.00    0.19    0.00    0.00    0.00    0.00    0.00    0.00   99.58
15:56:32     all    0.75    0.00    0.26    0.00    0.00    0.00    0.00    0.00    0.00   98.98
15:56:33     all    0.25    0.00    0.14    0.00    0.00    0.00    0.00    0.00    0.00   99.61
15:56:34     all    0.13    0.00    0.06    0.00    0.00    0.00    0.00    0.00    0.00   99.82
15:56:35     all    0.39    0.00    0.15    0.00    0.00    0.00    0.00    0.00    0.00   99.46
15:56:36     all    0.78    0.00    0.28    0.00    0.00    0.00    0.00    0.00    0.00   98.94
15:56:37     all   11.81    0.00    0.83    0.00    0.00    0.03    0.00    0.00    0.00   87.33
15:56:38     all    1.49    0.00    0.50    0.00    0.00    0.00    0.00    0.00    0.00   98.01
15:56:39     all    1.13    0.00    0.63    0.00    0.00    0.00    0.00    0.00    0.00   98.25
15:56:40     all    1.36    0.00    0.21    0.00    0.00    0.00    0.00    0.00    0.00   98.43
15:56:41     all    1.61    0.00    0.26    0.00    0.00    0.00    0.00    0.00    0.00   98.12
15:56:42     all    1.62    0.00    0.18    0.00    0.00    0.00    0.00    0.00    0.00   98.19
15:56:43     all    1.43    0.00    0.14    0.00    0.00    0.00    0.00    0.00    0.00   98.43
15:56:44     all    2.11    0.00    0.43    0.00    0.00    0.01    0.00    0.00    0.00   97.44
15:56:45     all    1.60    0.00    0.22    0.00    0.00    0.00    0.00    0.00    0.00   98.18
15:56:46     all    1.56    0.00    0.49    0.00    0.00    0.00    0.00    0.00    0.00   97.96
15:56:47     all    2.02    0.00    0.33    0.00    0.00    0.00    0.00    0.00    0.00   97.65
15:56:48     all    1.56    0.00    0.25    0.00    0.00    0.00    0.00    0.00    0.00   98.19
15:56:49     all    1.39    0.00    0.22    0.00    0.00    0.00    0.00    0.00    0.00   98.39
15:56:50     all    1.58    0.00    0.19    0.00    0.00    0.00    0.00    0.00    0.00   98.22
15:56:51     all    1.58    0.00    0.26    0.00    0.00    0.00    0.00    0.00    0.00   98.15
15:56:52     all    1.19    0.00    0.46    0.00    0.00    0.01    0.00    0.00    0.00   98.33
15:56:53     all    1.54    0.00    0.18    0.00    0.00    0.00    0.00    0.00    0.00   98.28
15:56:54     all    1.49    0.00    0.22    0.00    0.00    0.00    0.00    0.00    0.00   98.29
15:56:55     all    1.39    0.00    0.19    0.00    0.00    0.00    0.00    0.00    0.00   98.42
15:56:56     all    1.57    0.00    0.21    0.00    0.00    0.00    0.00    0.00    0.00   98.22
15:56:57     all    1.68    0.00    0.29    0.00    0.00    0.00    0.00    0.00    0.00   98.03
15:56:58     all    1.76    0.00    0.33    0.00    0.00    0.00    0.00    0.00    0.00   97.90
15:56:59     all    1.77    0.00    0.24    0.00    0.00    0.00    0.00    0.00    0.00   98.00
15:57:00     all    1.70    0.00    0.24    0.00    0.00    0.00    0.00    0.00    0.00   98.07
15:57:01     all    1.35    0.00    0.21    0.00    0.00    0.00    0.00    0.00    0.00   98.45
15:57:02     all    1.76    0.00    0.58    0.00    0.00    0.00    0.00    0.00    0.00   97.65
15:57:03     all    1.62    0.00    0.18    0.00    0.00    0.00    0.00    0.00    0.00   98.20
15:57:04     all    1.32    0.00    0.19    0.00    0.00    0.00    0.00    0.00    0.00   98.49
15:57:05     all    7.71    0.00    1.64    0.00    0.00    0.01    0.00    0.00    0.00   90.63
15:57:06     all   36.22    0.00    3.47    0.01    0.00    0.00    0.00    0.00    0.00   60.30
15:57:07     all   47.75    0.00    3.62    0.00    0.00    0.00    0.00    0.00    0.00   48.64
15:57:08     all   45.17    0.00    7.08    0.00    0.00    0.00    0.00    0.00    0.00   47.76
15:57:09     all   41.11    0.00    5.50    0.00    0.00    0.01    0.00    0.00    0.00   53.38
15:57:10     all   41.04    0.00    4.90    0.00    0.00    0.00    0.00    0.00    0.00   54.06
15:57:11     all   37.15    0.00    3.40    0.00    0.00    0.01    0.00    0.00    0.00   59.43
15:57:12     all   33.15    0.00    3.40    0.00    0.00    0.01    0.00    0.00    0.00   63.44
15:57:13     all   34.60    0.00    2.91    0.00    0.00    0.01    0.00    0.00    0.00   62.48
15:57:14     all   41.30    0.01    2.20    0.00    0.00    0.00    0.00    0.00    0.00   56.49
15:57:15     all   46.04    0.00    1.70    0.00    0.00    0.00    0.00    0.00    0.00   52.26
15:57:16     all   33.50    0.00    1.50    0.00    0.00    0.00    0.00    0.00    0.00   64.99
15:57:17     all   34.77    0.00    1.81    0.00    0.00    0.00    0.00    0.00    0.00   63.41
15:57:18     all   51.14    0.00    2.54    0.00    0.00    0.00    0.00    0.00    0.00   46.33
15:57:19     all   45.10    0.00    8.64    0.00    0.00    0.00    0.00    0.00    0.00   46.26
15:57:20     all   35.26    0.00    7.95    0.00    0.00    0.00    0.00    0.00    0.00   56.79
15:57:21     all   27.57    0.00    5.90    0.00    0.00    0.00    0.00    0.00    0.00   66.53
15:57:22     all   26.12    0.00    5.15    0.00    0.00    0.00    0.00    0.00    0.00   68.73
15:57:23     all   35.00    0.00    6.19    0.00    0.00    0.00    0.00    0.00    0.00   58.80
15:57:24     all   34.42    0.00    7.83    0.00    0.00    0.00    0.00    0.00    0.00   57.75
15:57:25     all   45.74    0.00    9.45    0.00    0.00    0.00    0.00    0.00    0.00   44.82
15:57:26     all   45.66    0.00   10.97    0.00    0.00    0.00    0.00    0.00    0.00   43.37
15:57:27     all   47.59    0.00   14.84    0.00    0.00    0.00    0.00    0.00    0.00   37.56
15:57:28     all   53.85    0.00   13.62    0.00    0.00    0.01    0.00    0.00    0.00   32.52
15:57:29     all   50.24    0.00   14.62    0.00    0.00    0.01    0.00    0.00    0.00   35.13
15:57:30     all   48.60    0.00   15.53    0.00    0.00    0.00    0.00    0.00    0.00   35.87
15:57:31     all   49.66    0.00   13.33    0.00    0.00    0.03    0.00    0.00    0.00   36.98
15:57:32     all   43.17    0.00   14.19    0.00    0.00    0.00    0.00    0.00    0.00   42.64
15:57:33     all   39.18    0.00   13.46    0.00    0.00    0.00    0.00    0.00    0.00   47.36
15:57:34     all   34.69    0.00   10.56    0.01    0.00    0.00    0.00    0.00    0.00   54.73
15:57:35     all   28.12    0.01    8.94    0.06    0.00    0.06    0.00    0.00    0.00   62.82
15:57:36     all   33.14    0.00   10.81    0.00    0.00    0.00    0.00    0.00    0.00   56.05
15:57:37     all   32.66    0.00   10.04    0.00    0.00    0.00    0.00    0.00    0.00   57.30
15:57:38     all   26.35    0.00    8.58    0.00    0.00    0.00    0.00    0.00    0.00   65.07
15:57:39     all   30.04    0.00    9.32    0.00    0.00    0.00    0.00    0.00    0.00   60.64
15:57:40     all   30.02    0.00    8.41    0.00    0.00    0.00    0.00    0.00    0.00   61.58
15:57:41     all   32.31    0.00    8.00    0.00    0.00    0.00    0.00    0.00    0.00   59.69
15:57:42     all   35.71    0.00    9.18    0.00    0.00    0.00    0.00    0.00    0.00   55.11
15:57:43     all   40.19    0.00   10.97    0.00    0.00    0.13    0.00    0.00    0.00   48.72
15:57:44     all   36.32    0.00    9.67    0.00    0.00    0.00    0.00    0.00    0.00   54.01
15:57:45     all   44.12    0.00   10.82    0.00    0.00    0.00    0.00    0.00    0.00   45.06
15:57:46     all   30.35    0.00    8.20    0.00    0.00    0.01    0.00    0.00    0.00   61.44
15:57:47     all   43.71    0.00    8.76    0.00    0.00    0.00    0.00    0.00    0.00   47.53
15:57:48     all   42.95    0.00   11.39    0.00    0.00    0.00    0.00    0.00    0.00   45.66
15:57:49     all   45.20    0.00   12.07    0.00    0.00    0.01    0.00    0.00    0.00   42.71
15:57:50     all   34.95    0.00    9.90    0.00    0.00    0.00    0.00    0.00    0.00   55.15
15:57:51     all   32.59    0.00    9.96    0.00    0.00    0.00    0.00    0.00    0.00   57.45
15:57:52     all   36.26    0.00   10.86    0.00    0.00    0.00    0.00    0.00    0.00   52.88
15:57:53     all   29.20    0.00    8.35    0.00    0.00    0.01    0.00    0.00    0.00   62.44
15:57:54     all   33.03    0.00    9.97    0.00    0.00    0.00    0.00    0.00    0.00   57.00
15:57:55     all   31.77    0.00    7.73    0.00    0.00    0.00    0.00    0.00    0.00   60.51
15:57:56     all   35.30    0.00    9.11    0.00    0.00    0.00    0.00    0.00    0.00   55.59
15:57:57     all   40.51    0.00   11.65    0.00    0.00    0.00    0.00    0.00    0.00   47.84
15:57:58     all   45.68    0.00   10.93    0.00    0.00    0.00    0.00    0.00    0.00   43.39
15:57:59     all   33.06    0.00    9.07    0.00    0.00    0.00    0.00    0.00    0.00   57.87
15:58:00     all   39.70    0.00   10.97    0.00    0.00    0.00    0.00    0.00    0.00   49.32
15:58:01     all   45.50    0.00   11.63    0.00    0.00    0.03    0.00    0.00    0.00   42.85
15:58:02     all   38.13    0.00   11.96    0.00    0.00    0.01    0.00    0.00    0.00   49.90
15:58:03     all   38.20    0.00   11.38    0.00    0.00    0.00    0.00    0.00    0.00   50.42
15:58:04     all   33.68    0.00   11.56    0.00    0.00    0.00    0.00    0.00    0.00   54.76
15:58:05     all   42.15    0.00   13.42    0.00    0.00    0.01    0.00    0.00    0.00   44.41
15:58:06     all   38.53    0.00   13.41    0.00    0.00    0.00    0.00    0.00    0.00   48.05
15:58:07     all   43.75    0.00   13.49    0.00    0.00    0.01    0.00    0.00    0.00   42.75
15:58:08     all   41.22    0.00   12.95    0.00    0.00    0.01    0.00    0.00    0.00   45.81
15:58:09     all   44.73    0.00   15.11    0.00    0.00    0.00    0.00    0.00    0.00   40.17
15:58:10     all   39.12    0.01   14.91    0.00    0.00    0.03    0.00    0.00    0.00   45.92
15:58:11     all   44.39    0.00   14.92    0.00    0.00    0.00    0.00    0.00    0.00   40.69
15:58:12     all   40.81    0.00   16.45    0.00    0.00    0.00    0.00    0.00    0.00   42.74
15:58:13     all   42.50    0.00   16.03    0.00    0.00    0.00    0.00    0.00    0.00   41.47
15:58:14     all   39.64    0.00   14.32    0.00    0.00    0.00    0.00    0.00    0.00   46.04
15:58:15     all   40.79    0.00   11.06    0.00    0.00    0.01    0.00    0.00    0.00   48.13
15:58:16     all   34.84    0.00   11.29    0.00    0.00    0.00    0.00    0.00    0.00   53.87
15:58:17     all   39.16    0.00   13.04    0.00    0.00    0.01    0.00    0.00    0.00   47.79
15:58:18     all   38.43    0.00   13.13    0.00    0.00    0.01    0.00    0.00    0.00   48.43
15:58:19     all   40.53    0.00   13.21    0.00    0.00    0.01    0.00    0.00    0.00   46.25
15:58:20     all   39.71    0.00   13.91    0.00    0.00    0.00    0.00    0.00    0.00   46.38
15:58:21     all   42.51    0.00   15.62    0.00    0.00    0.00    0.00    0.00    0.00   41.87
15:58:22     all   50.56    0.00   16.20    0.00    0.00    0.00    0.00    0.00    0.00   33.24
15:58:23     all   42.50    0.00   14.46    0.00    0.00    0.00    0.00    0.00    0.00   43.04
15:58:24     all   43.83    0.00   14.22    0.00    0.00    0.00    0.00    0.00    0.00   41.96
15:58:25     all   45.48    0.00   12.90    0.00    0.00    0.00    0.00    0.00    0.00   41.62
15:58:26     all   45.43    0.00   14.83    0.00    0.00    0.00    0.00    0.00    0.00   39.73
15:58:27     all   45.13    0.00   17.56    0.00    0.00    0.01    0.00    0.00    0.00   37.30
15:58:28     all   44.17    0.00   15.88    0.00    0.00    0.01    0.00    0.00    0.00   39.94
15:58:29     all   45.24    0.00   15.77    0.00    0.00    0.00    0.00    0.00    0.00   38.99
15:58:30     all   42.19    0.00   14.45    0.00    0.00    0.01    0.00    0.00    0.00   43.35
15:58:31     all   44.77    0.00   15.12    0.00    0.00    0.00    0.00    0.00    0.00   40.12
15:58:32     all   48.12    0.00   15.26    0.00    0.00    0.01    0.00    0.00    0.00   36.60
15:58:33     all   43.77    0.00   14.08    0.00    0.00    0.01    0.00    0.00    0.00   42.13
15:58:34     all   43.13    0.00   14.14    0.00    0.00    0.00    0.00    0.00    0.00   42.73
15:58:35     all   40.74    0.00   15.39    0.00    0.00    0.01    0.00    0.00    0.00   43.86
15:58:36     all   41.23    0.00   14.50    0.00    0.00    0.00    0.00    0.00    0.00   44.27
15:58:37     all   39.35    0.00   14.66    0.00    0.00    0.00    0.00    0.00    0.00   45.98
15:58:38     all   48.69    0.00   15.48    0.00    0.00    0.01    0.00    0.00    0.00   35.82
15:58:39     all   40.80    0.00   14.11    0.00    0.00    0.01    0.00    0.00    0.00   45.08
15:58:40     all   47.48    0.00   16.16    0.00    0.00    0.01    0.00    0.00    0.00   36.35
15:58:41     all   38.61    0.00   14.49    0.00    0.00    0.01    0.00    0.00    0.00   46.88
15:58:42     all   42.07    0.00   14.05    0.00    0.00    0.01    0.00    0.00    0.00   43.87
15:58:43     all   34.75    0.00   13.46    0.00    0.00    0.00    0.00    0.00    0.00   51.78
15:58:44     all   40.73    0.00   14.06    0.00    0.00    0.01    0.00    0.00    0.00   45.19
15:58:45     all   40.51    0.00   13.93    0.00    0.00    0.00    0.00    0.00    0.00   45.56
15:58:46     all   40.08    0.00   14.64    0.00    0.00    0.00    0.00    0.00    0.00   45.28
15:58:47     all   41.86    0.00   14.18    0.00    0.00    0.01    0.00    0.00    0.00   43.95
15:58:48     all   43.97    0.00   13.39    0.00    0.00    0.00    0.00    0.00    0.00   42.64
15:58:49     all   41.45    0.00   15.80    0.00    0.00    0.00    0.00    0.00    0.00   42.75
15:58:50     all   47.25    0.00   17.28    0.00    0.00    0.00    0.00    0.00    0.00   35.47
15:58:51     all   35.22    0.00   15.79    0.00    0.00    0.00    0.00    0.00    0.00   49.00
15:58:52     all   35.17    0.00   15.26    0.00    0.00    0.00    0.00    0.00    0.00   49.57
15:58:53     all   40.28    0.00   15.46    0.00    0.00    0.01    0.00    0.00    0.00   44.24
15:58:54     all   38.56    0.00   15.95    0.00    0.00    0.00    0.00    0.00    0.00   45.49
15:58:55     all   41.00    0.00   16.29    0.00    0.00    0.00    0.00    0.00    0.00   42.71
15:58:56     all   45.34    0.00   17.36    0.00    0.00    0.01    0.00    0.00    0.00   37.29
15:58:57     all   42.11    0.00   15.76    0.00    0.00    0.01    0.00    0.00    0.00   42.11
15:58:58     all   37.49    0.00   17.07    0.01    0.00    0.00    0.00    0.00    0.00   45.43
15:58:59     all   45.51    0.00   17.00    0.00    0.00    0.00    0.00    0.00    0.00   37.49
15:59:00     all   46.96    0.00   15.68    0.00    0.00    0.00    0.00    0.00    0.00   37.36
15:59:01     all   44.03    0.00   18.28    0.00    0.00    0.01    0.00    0.00    0.00   37.68
15:59:02     all   45.16    0.01   18.04    0.00    0.00    0.00    0.00    0.00    0.00   36.78
15:59:03     all   46.70    0.00   17.44    0.00    0.00    0.00    0.00    0.00    0.00   35.86
15:59:04     all   43.36    0.00   16.69    0.00    0.00    0.01    0.00    0.00    0.00   39.93
15:59:05     all   42.25    0.00   19.25    0.00    0.00    0.01    0.00    0.00    0.00   38.49
15:59:06     all   31.30    0.00   15.92    0.01    0.00    0.00    0.00    0.00    0.00   52.76
15:59:07     all   15.65    0.00   11.00    0.00    0.00    0.00    0.00    0.00    0.00   73.35
15:59:08     all   14.61    0.00    8.02    0.00    0.00    0.00    0.00    0.00    0.00   77.37
15:59:09     all   10.93    0.00    6.28    0.00    0.00    0.00    0.00    0.00    0.00   82.80
15:59:10     all    9.00    0.00    5.84    0.00    0.00    0.00    0.00    0.00    0.00   85.16
15:59:11     all    8.05    0.00    4.02    0.00    0.00    0.00    0.00    0.00    0.00   87.93
15:59:12     all    7.11    0.00    3.56    0.00    0.00    0.00    0.00    0.00    0.00   89.33
15:59:13     all    6.71    0.00    3.22    0.00    0.00    0.01    0.00    0.00    0.00   90.05
15:59:14     all    5.85    0.01    2.93    0.01    0.00    0.00    0.00    0.00    0.00   91.19
15:59:15     all    5.71    0.00    2.99    0.00    0.00    0.00    0.00    0.00    0.00   91.30
15:59:16     all    5.16    0.00    2.82    0.00    0.00    0.00    0.00    0.00    0.00   92.02
15:59:17     all    5.11    0.00    2.28    0.00    0.00    0.00    0.00    0.00    0.00   92.61
15:59:18     all    5.40    0.00    2.31    0.00    0.00    0.01    0.00    0.00    0.00   92.28
15:59:19     all    4.63    0.00    1.93    0.00    0.00    0.01    0.00    0.00    0.00   93.43
15:59:20     all    3.34    0.00    1.20    0.00    0.00    0.00    0.00    0.00    0.00   95.46
15:59:21     all    3.27    0.00    1.40    0.00    0.00    0.00    0.00    0.00    0.00   95.33
15:59:22     all    3.14    0.00    1.22    0.00    0.00    0.00    0.00    0.00    0.00   95.64
15:59:23     all    3.17    0.00    1.35    0.00    0.00    0.00    0.00    0.00    0.00   95.48
15:59:24     all    2.50    0.00    1.08    0.00    0.00    0.00    0.00    0.00    0.00   96.41
15:59:25     all    1.92    0.00    1.17    0.00    0.00    0.00    0.00    0.00    0.00   96.91
15:59:26     all    2.08    0.00    1.18    0.00    0.00    0.00    0.00    0.00    0.00   96.73
15:59:27     all    1.36    0.00    0.56    0.00    0.00    0.00    0.00    0.00    0.00   98.08
15:59:28     all    1.03    0.00    0.71    0.00    0.00    0.00    0.00    0.00    0.00   98.26
15:59:29     all    1.40    0.00    0.49    0.00    0.00    0.00    0.00    0.00    0.00   98.11
15:59:30     all    1.25    0.00    0.60    0.00    0.00    0.00    0.00    0.00    0.00   98.15
15:59:31     all    1.11    0.00    0.65    0.00    0.00    0.00    0.00    0.00    0.00   98.23
15:59:32     all    1.26    0.00    0.53    0.00    0.00    0.00    0.00    0.00    0.00   98.21
15:59:33     all    1.18    0.00    0.57    0.00    0.00    0.00    0.00    0.00    0.00   98.25
15:59:34     all    0.85    0.00    0.68    0.00    0.00    0.00    0.00    0.00    0.00   98.47
15:59:35     all    1.29    0.00    0.63    0.00    0.00    0.00    0.00    0.00    0.00   98.08
15:59:36     all    1.20    0.00    0.68    0.00    0.00    0.00    0.00    0.00    0.00   98.12
15:59:37     all    0.93    0.00    0.69    0.00    0.00    0.00    0.00    0.00    0.00   98.38
15:59:38     all    1.18    0.00    0.57    0.00    0.00    0.00    0.00    0.00    0.00   98.25
15:59:39     all    1.22    0.00    0.78    0.00    0.00    0.00    0.00    0.00    0.00   98.00
15:59:40     all    1.44    0.00    0.72    0.01    0.00    0.00    0.00    0.00    0.00   97.82
15:59:41     all    1.21    0.00    0.69    0.00    0.00    0.00    0.00    0.00    0.00   98.10
15:59:42     all    1.61    0.00    0.79    0.00    0.00    0.00    0.00    0.00    0.00   97.60
15:59:43     all    0.79    0.00    0.70    0.00    0.00    0.00    0.00    0.00    0.00   98.51
15:59:44     all    1.07    0.00    0.74    0.00    0.00    0.00    0.00    0.00    0.00   98.19
15:59:45     all    1.28    0.01    0.57    0.00    0.00    0.00    0.00    0.00    0.00   98.14
15:59:46     all    1.04    0.00    0.53    0.00    0.00    0.00    0.00    0.00    0.00   98.43
15:59:47     all    1.45    0.00    0.93    0.00    0.00    0.00    0.00    0.00    0.00   97.62
15:59:48     all    1.67    0.01    0.65    0.00    0.00    0.00    0.00    0.00    0.00   97.67
15:59:49     all    0.94    0.00    0.61    0.00    0.00    0.00    0.00    0.00    0.00   98.44
15:59:50     all    1.18    0.00    0.67    0.00    0.00    0.00    0.00    0.00    0.00   98.15
15:59:51     all    1.13    0.00    0.72    0.00    0.00    0.00    0.00    0.00    0.00   98.15
15:59:52     all    1.92    0.00    1.49    0.01    0.00    0.00    0.00    0.00    0.00   96.57
15:59:53     all    1.54    0.00    0.46    0.00    0.00    0.00    0.00    0.00    0.00   98.00
15:59:54     all    1.61    0.00    0.76    0.00    0.00    0.00    0.00    0.00    0.00   97.63
15:59:55     all    0.89    0.00    0.61    0.00    0.00    0.00    0.00    0.00    0.00   98.50
15:59:56     all    1.36    0.00    1.95    0.00    0.00    0.01    0.00    0.00    0.00   96.67
15:59:57     all    1.11    0.00    0.75    0.00    0.00    0.00    0.00    0.00    0.00   98.14
15:59:58     all    1.01    0.00    0.83    0.00    0.00    0.00    0.00    0.00    0.00   98.15
15:59:59     all    1.29    0.00    0.57    0.00    0.00    0.01    0.00    0.00    0.00   98.12
16:00:00     all    1.22    0.00    0.57    0.00    0.00    0.00    0.00    0.00    0.00   98.21
16:00:01     all    1.54    0.00    0.86    0.00    0.00    0.00    0.00    0.00    0.00   97.60
16:00:02     all    1.69    0.01    1.38    0.00    0.00    0.01    0.00    0.00    0.00   96.91
16:00:03     all    2.13    0.00    1.10    0.00    0.00    0.00    0.00    0.00    0.00   96.77
16:00:04     all    1.14    0.00    0.75    0.00    0.00    0.00    0.00    0.00    0.00   98.11
16:00:05     all    1.20    0.00    0.56    0.00    0.00    0.00    0.00    0.00    0.00   98.25
16:00:06     all    1.17    0.00    0.60    0.00    0.00    0.00    0.00    0.00    0.00   98.24
16:00:07     all    1.03    0.00    0.58    0.00    0.00    0.00    0.00    0.00    0.00   98.39
16:00:08     all    1.22    0.00    0.67    0.00    0.00    0.00    0.00    0.00    0.00   98.11
16:00:09     all    1.19    0.00    0.65    0.00    0.00    0.00    0.00    0.00    0.00   98.15
16:00:10     all    1.38    0.00    0.75    0.00    0.00    0.00    0.00    0.00    0.00   97.88
16:00:11     all    1.17    0.00    0.75    0.00    0.00    0.00    0.00    0.00    0.00   98.08
16:00:12     all    1.39    0.00    0.63    0.00    0.00    0.00    0.00    0.00    0.00   97.98
16:00:13     all    1.04    0.00    0.69    0.00    0.00    0.00    0.00    0.00    0.00   98.26
16:00:14     all    1.29    0.00    0.85    0.00    0.00    0.00    0.00    0.00    0.00   97.86
16:00:15     all    1.15    0.00    0.58    0.00    0.00    0.00    0.00    0.00    0.00   98.26
16:00:16     all    0.85    0.00    0.69    0.00    0.00    0.00    0.00    0.00    0.00   98.46
16:00:17     all    1.15    0.00    0.79    0.01    0.00    0.00    0.00    0.00    0.00   98.04
16:00:18     all    1.40    0.00    0.53    0.00    0.00    0.00    0.00    0.00    0.00   98.07
16:00:19     all    0.81    0.00    1.32    0.00    0.00    0.00    0.00    0.00    0.00   97.87
16:00:20     all    0.88    0.00    1.70    0.00    0.00    0.00    0.00    0.00    0.00   97.43
16:00:21     all    0.74    0.00    0.85    0.00    0.00    0.00    0.00    0.00    0.00   98.42
16:00:22     all    0.10    0.00    0.14    0.00    0.00    0.00    0.00    0.00    0.00   99.76
16:00:23     all    0.24    0.00    0.10    0.00    0.00    0.00    0.00    0.00    0.00   99.67
16:00:24     all    0.24    0.00    0.10    0.00    0.00    0.00    0.00    0.00    0.00   99.67
16:00:25     all    0.19    0.00    0.28    0.00    0.00    0.00    0.00    0.00    0.00   99.53
16:00:26     all    0.26    0.00    0.10    0.00    0.00    0.01    0.00    0.00    0.00   99.62
16:00:27     all    0.36    0.00    0.22    0.00    0.00    0.00    0.00    0.00    0.00   99.42
16:00:28     all    0.17    0.00    0.14    0.00    0.00    0.00    0.00    0.00    0.00   99.69
16:00:29     all    0.25    0.00    0.07    0.00    0.00    0.00    0.00    0.00    0.00   99.68
16:00:30     all    0.35    0.00    0.35    0.00    0.00    0.00    0.00    0.00    0.00   99.31
16:00:31     all    0.15    0.00    0.07    0.00    0.00    0.00    0.00    0.00    0.00   99.78
16:00:32     all    0.49    0.00    0.26    0.00    0.00    0.00    0.00    0.00    0.00   99.25
16:00:33     all    0.46    0.00    0.15    0.01    0.00    0.00    0.00    0.00    0.00   99.38
16:00:34     all    0.08    0.00    0.35    0.00    0.00    0.00    0.00    0.00    0.00   99.57
16:00:35     all    0.28    0.00    0.11    0.00    0.00    0.00    0.00    0.00    0.00   99.61
Average:     all   25.74    0.00   10.81    0.00    0.00    0.00    0.00    0.00    0.00   63.45
