2026/08/10 15:28:34.317, 0, 93, 0
2026/08/10 15:28:34.319, 1, 15, 0
2026/08/10 15:28:35.358, 0, 93, 0
2026/08/10 15:28:35.360, 1, 15, 0
2026/08/10 15:28:36.397, 0, 95, 0
2026/08/10 15:28:36.399, 1, 321, 3
2026/08/10 15:28:37.436, 0, 443, 0
2026/08/10 15:28:37.438, 1, 321, 1
2026/08/10 15:28:38.474, 0, 443, 1
2026/08/10 15:28:38.476, 1, 321, 0
2026/08/10 15:28:39.513, 0, 475, 0
2026/08/10 15:28:39.515, 1, 321, 0
2026/08/10 15:28:40.549, 0, 475, 0
2026/08/10 15:28:40.551, 1, 321, 0
2026/08/10 15:28:41.587, 0, 475, 0
2026/08/10 15:28:41.589, 1, 321, 0
2026/08/10 15:28:42.627, 0, 475, 0
2026/08/10 15:28:42.629, 1, 321, 0
2026/08/10 15:28:43.666, 0, 475, 0
2026/08/10 15:28:43.668, 1, 321, 0
2026/08/10 15:28:44.702, 0, 475, 0
2026/08/10 15:28:44.704, 1, 321, 0
2026/08/10 15:28:45.738, 0, 475, 0
2026/08/10 15:28:45.740, 1, 321, 0
2026/08/10 15:28:46.774, 0, 507, 0
2026/08/10 15:28:46.776, 1, 321, 0
2026/08/10 15:28:47.812, 0, 507, 0
2026/08/10 15:28:47.814, 1, 321, 0
2026/08/10 15:28:48.850, 0, 509, 0
2026/08/10 15:28:48.852, 1, 321, 0
2026/08/10 15:28:49.886, 0, 511, 0
2026/08/10 15:28:49.887, 1, 321, 0
2026/08/10 15:28:50.924, 0, 511, 0
2026/08/10 15:28:50.926, 1, 407, 0
2026/08/10 15:28:51.965, 0, 511, 0
2026/08/10 15:28:51.967, 1, 439, 0
2026/08/10 15:28:53.003, 0, 511, 0
2026/08/10 15:28:53.004, 1, 439, 0
2026/08/10 15:28:54.040, 0, 511, 0
2026/08/10 15:28:54.042, 1, 439, 0
2026/08/10 15:28:55.078, 0, 511, 0
2026/08/10 15:28:55.080, 1, 439, 0
2026/08/10 15:28:56.116, 0, 511, 0
2026/08/10 15:28:56.117, 1, 439, 0
2026/08/10 15:28:57.155, 0, 511, 0
2026/08/10 15:28:57.156, 1, 439, 0
2026/08/10 15:28:58.192, 0, 511, 0
2026/08/10 15:28:58.194, 1, 439, 0
2026/08/10 15:28:59.228, 0, 511, 0
2026/08/10 15:28:59.230, 1, 439, 0
2026/08/10 15:29:00.265, 0, 511, 0
2026/08/10 15:29:00.267, 1, 471, 0
2026/08/10 15:29:01.304, 0, 511, 0
2026/08/10 15:29:01.306, 1, 473, 0
2026/08/10 15:29:02.344, 0, 511, 0
2026/08/10 15:29:02.346, 1, 475, 0
2026/08/10 15:29:03.382, 0, 511, 0
2026/08/10 15:29:03.384, 1, 475, 5
2026/08/10 15:29:04.422, 0, 511, 0
2026/08/10 15:29:04.424, 1, 515, 0
2026/08/10 15:29:05.466, 0, 511, 0
2026/08/10 15:29:05.468, 1, 1125, 26
2026/08/10 15:29:06.505, 0, 511, 0
2026/08/10 15:29:06.507, 1, 1347, 30
2026/08/10 15:29:07.547, 0, 511, 0
2026/08/10 15:29:07.550, 1, 1721, 29
2026/08/10 15:29:08.591, 0, 511, 0
2026/08/10 15:29:08.595, 1, 1721, 27
2026/08/10 15:29:09.637, 0, 511, 0
2026/08/10 15:29:09.640, 1, 1721, 26
2026/08/10 15:29:10.684, 0, 511, 0
2026/08/10 15:29:10.688, 1, 1721, 23
2026/08/10 15:29:11.730, 0, 511, 0
2026/08/10 15:29:11.733, 1, 1723, 29
2026/08/10 15:29:12.776, 0, 511, 0
2026/08/10 15:29:12.780, 1, 1723, 31
2026/08/10 15:29:13.822, 0, 511, 0
2026/08/10 15:29:13.826, 1, 1723, 25
2026/08/10 15:29:14.866, 0, 511, 0
2026/08/10 15:29:14.869, 1, 1723, 30
2026/08/10 15:29:15.909, 0, 511, 0
2026/08/10 15:29:15.912, 1, 1723, 26
2026/08/10 15:29:16.954, 0, 511, 0
2026/08/10 15:29:16.957, 1, 1723, 26
2026/08/10 15:29:17.999, 0, 511, 0
2026/08/10 15:29:18.003, 1, 1723, 27
2026/08/10 15:29:19.064, 0, 511, 0
2026/08/10 15:29:19.068, 1, 1723, 27
2026/08/10 15:29:20.112, 0, 511, 0
2026/08/10 15:29:20.116, 1, 1723, 6
2026/08/10 15:29:21.155, 0, 511, 0
2026/08/10 15:29:21.158, 1, 1723, 31
2026/08/10 15:29:22.200, 0, 511, 0
2026/08/10 15:29:22.203, 1, 1723, 29
2026/08/10 15:29:23.245, 0, 511, 0
2026/08/10 15:29:23.248, 1, 1723, 28
2026/08/10 15:29:24.290, 0, 511, 0
2026/08/10 15:29:24.294, 1, 1723, 32
2026/08/10 15:29:25.335, 0, 511, 0
2026/08/10 15:29:25.338, 1, 1723, 27
2026/08/10 15:29:26.379, 0, 511, 0
2026/08/10 15:29:26.383, 1, 1723, 0
2026/08/10 15:29:27.423, 0, 511, 0
2026/08/10 15:29:27.426, 1, 1723, 28
2026/08/10 15:29:28.468, 0, 511, 0
2026/08/10 15:29:28.472, 1, 1723, 28
2026/08/10 15:29:29.515, 0, 511, 0
2026/08/10 15:29:29.519, 1, 1723, 28
2026/08/10 15:29:30.561, 0, 511, 0
2026/08/10 15:29:30.566, 1, 1723, 26
2026/08/10 15:29:31.607, 0, 511, 0
2026/08/10 15:29:31.611, 1, 1723, 26
2026/08/10 15:29:32.653, 0, 511, 0
2026/08/10 15:29:32.657, 1, 1723, 28
2026/08/10 15:29:33.699, 0, 511, 0
2026/08/10 15:29:33.702, 1, 1723, 0
2026/08/10 15:29:34.745, 0, 511, 0
2026/08/10 15:29:34.748, 1, 1723, 27
2026/08/10 15:29:35.791, 0, 511, 0
2026/08/10 15:29:35.795, 1, 1723, 29
2026/08/10 15:29:36.839, 0, 511, 0
2026/08/10 15:29:36.842, 1, 1723, 25
2026/08/10 15:29:37.884, 0, 511, 0
2026/08/10 15:29:37.888, 1, 1723, 27
2026/08/10 15:29:38.929, 0, 511, 0
2026/08/10 15:29:38.933, 1, 1723, 26
2026/08/10 15:29:39.974, 0, 511, 0
2026/08/10 15:29:39.977, 1, 1723, 27
2026/08/10 15:29:41.019, 0, 511, 0
2026/08/10 15:29:41.023, 1, 1723, 10
2026/08/10 15:29:42.077, 0, 511, 0
2026/08/10 15:29:42.081, 1, 1723, 29
2026/08/10 15:29:43.126, 0, 511, 0
2026/08/10 15:29:43.130, 1, 1723, 29
2026/08/10 15:29:44.171, 0, 511, 0
2026/08/10 15:29:44.175, 1, 1723, 24
2026/08/10 15:29:45.217, 0, 511, 0
2026/08/10 15:29:45.221, 1, 1723, 27
2026/08/10 15:29:46.262, 0, 511, 0
2026/08/10 15:29:46.266, 1, 1723, 24
2026/08/10 15:29:47.308, 0, 511, 0
2026/08/10 15:29:47.311, 1, 1723, 25
2026/08/10 15:29:48.353, 0, 511, 0
2026/08/10 15:29:48.356, 1, 1723, 23
2026/08/10 15:29:49.399, 0, 511, 0
2026/08/10 15:29:49.403, 1, 1723, 16
2026/08/10 15:29:50.444, 0, 511, 0
2026/08/10 15:29:50.447, 1, 1723, 27
2026/08/10 15:29:51.490, 0, 511, 0
2026/08/10 15:29:51.494, 1, 1723, 25
2026/08/10 15:29:52.535, 0, 511, 0
2026/08/10 15:29:52.539, 1, 1723, 25
2026/08/10 15:29:53.580, 0, 511, 0
2026/08/10 15:29:53.584, 1, 1723, 27
2026/08/10 15:29:54.626, 0, 511, 0
2026/08/10 15:29:54.630, 1, 1723, 24
2026/08/10 15:29:55.673, 0, 511, 0
2026/08/10 15:29:55.676, 1, 1723, 27
2026/08/10 15:29:56.717, 0, 511, 0
2026/08/10 15:29:56.720, 1, 1723, 27
2026/08/10 15:29:57.761, 0, 511, 0
2026/08/10 15:29:57.764, 1, 1723, 26
2026/08/10 15:29:58.805, 0, 511, 0
2026/08/10 15:29:58.809, 1, 1723, 0
2026/08/10 15:29:59.852, 0, 511, 0
2026/08/10 15:29:59.856, 1, 1723, 26
2026/08/10 15:30:00.898, 0, 511, 0
2026/08/10 15:30:00.902, 1, 1723, 18
2026/08/10 15:30:01.945, 0, 511, 0
2026/08/10 15:30:01.948, 1, 1723, 30
2026/08/10 15:30:02.989, 0, 511, 0
2026/08/10 15:30:02.993, 1, 1723, 27
2026/08/10 15:30:04.037, 0, 511, 0
2026/08/10 15:30:04.040, 1, 1723, 28
2026/08/10 15:30:05.089, 0, 511, 0
2026/08/10 15:30:05.092, 1, 1723, 28
2026/08/10 15:30:06.136, 0, 511, 0
2026/08/10 15:30:06.139, 1, 1723, 30
2026/08/10 15:30:07.180, 0, 511, 0
2026/08/10 15:30:07.183, 1, 1723, 26
2026/08/10 15:30:08.235, 0, 511, 0
2026/08/10 15:30:08.239, 1, 1723, 0
2026/08/10 15:30:09.281, 0, 511, 0
2026/08/10 15:30:09.285, 1, 1723, 26
2026/08/10 15:30:10.327, 0, 511, 0
2026/08/10 15:30:10.331, 1, 1723, 32
2026/08/10 15:30:11.374, 0, 511, 0
2026/08/10 15:30:11.377, 1, 1723, 28
2026/08/10 15:30:12.420, 0, 511, 0
2026/08/10 15:30:12.424, 1, 1723, 28
2026/08/10 15:30:13.466, 0, 511, 0
2026/08/10 15:30:13.469, 1, 1723, 26
2026/08/10 15:30:14.512, 0, 511, 0
2026/08/10 15:30:14.516, 1, 1723, 27
2026/08/10 15:30:15.558, 0, 511, 0
2026/08/10 15:30:15.561, 1, 1723, 29
2026/08/10 15:30:16.603, 0, 511, 0
2026/08/10 15:30:16.606, 1, 1723, 5
2026/08/10 15:30:17.646, 0, 511, 0
2026/08/10 15:30:17.649, 1, 1723, 28
2026/08/10 15:30:18.690, 0, 511, 0
2026/08/10 15:30:18.694, 1, 1723, 11
2026/08/10 15:30:19.734, 0, 511, 0
2026/08/10 15:30:19.737, 1, 1723, 24
2026/08/10 15:30:20.779, 0, 511, 0
2026/08/10 15:30:20.783, 1, 1723, 30
2026/08/10 15:30:21.824, 0, 511, 0
2026/08/10 15:30:21.828, 1, 1723, 25
2026/08/10 15:30:22.873, 0, 511, 0
2026/08/10 15:30:22.876, 1, 1723, 25
2026/08/10 15:30:23.918, 0, 511, 0
2026/08/10 15:30:23.921, 1, 1723, 27
2026/08/10 15:30:24.963, 0, 511, 0
2026/08/10 15:30:24.966, 1, 1723, 27
2026/08/10 15:30:26.008, 0, 511, 0
2026/08/10 15:30:26.011, 1, 1723, 24
2026/08/10 15:30:27.053, 0, 511, 0
2026/08/10 15:30:27.056, 1, 1723, 28
2026/08/10 15:30:28.099, 0, 511, 0
2026/08/10 15:30:28.102, 1, 1723, 0
2026/08/10 15:30:29.143, 0, 511, 0
2026/08/10 15:30:29.146, 1, 1723, 27
2026/08/10 15:30:30.187, 0, 511, 0
2026/08/10 15:30:30.191, 1, 1723, 27
2026/08/10 15:30:31.232, 0, 511, 0
2026/08/10 15:30:31.236, 1, 1723, 29
2026/08/10 15:30:32.279, 0, 511, 0
2026/08/10 15:30:32.283, 1, 1723, 27
2026/08/10 15:30:33.326, 0, 511, 0
2026/08/10 15:30:33.329, 1, 1723, 27
2026/08/10 15:30:34.374, 0, 511, 0
2026/08/10 15:30:34.378, 1, 1723, 27
2026/08/10 15:30:35.420, 0, 511, 0
2026/08/10 15:30:35.424, 1, 1723, 28
2026/08/10 15:30:36.466, 0, 511, 0
2026/08/10 15:30:36.470, 1, 1723, 25
2026/08/10 15:30:37.513, 0, 511, 0
2026/08/10 15:30:37.517, 1, 1723, 27
2026/08/10 15:30:38.561, 0, 511, 0
2026/08/10 15:30:38.564, 1, 1723, 16
2026/08/10 15:30:39.609, 0, 511, 0
2026/08/10 15:30:39.612, 1, 1723, 26
2026/08/10 15:30:40.656, 0, 511, 0
2026/08/10 15:30:40.659, 1, 1723, 26
2026/08/10 15:30:41.701, 0, 511, 0
2026/08/10 15:30:41.705, 1, 1723, 28
2026/08/10 15:30:42.751, 0, 511, 0
2026/08/10 15:30:42.754, 1, 1723, 28
2026/08/10 15:30:43.798, 0, 511, 0
2026/08/10 15:30:43.802, 1, 1723, 27
2026/08/10 15:30:44.846, 0, 511, 0
2026/08/10 15:30:44.849, 1, 1723, 29
2026/08/10 15:30:45.895, 0, 511, 0
2026/08/10 15:30:45.898, 1, 1723, 0
2026/08/10 15:30:46.945, 0, 511, 0
2026/08/10 15:30:46.949, 1, 1723, 33
2026/08/10 15:30:47.998, 0, 511, 0
2026/08/10 15:30:48.001, 1, 1723, 29
2026/08/10 15:30:49.044, 0, 511, 0
2026/08/10 15:30:49.047, 1, 1723, 28
2026/08/10 15:30:50.092, 0, 511, 0
2026/08/10 15:30:50.096, 1, 1723, 25
2026/08/10 15:30:51.139, 0, 511, 0
2026/08/10 15:30:51.143, 1, 1723, 27
2026/08/10 15:30:52.186, 0, 511, 0
2026/08/10 15:30:52.189, 1, 1723, 28
2026/08/10 15:30:53.233, 0, 511, 0
2026/08/10 15:30:53.237, 1, 1723, 26
2026/08/10 15:30:54.280, 0, 511, 0
2026/08/10 15:30:54.283, 1, 1723, 31
2026/08/10 15:30:55.328, 0, 511, 0
2026/08/10 15:30:55.331, 1, 1723, 27
2026/08/10 15:30:56.378, 0, 511, 0
2026/08/10 15:30:56.381, 1, 1723, 0
2026/08/10 15:30:57.428, 0, 511, 0
2026/08/10 15:30:57.431, 1, 1723, 29
2026/08/10 15:30:58.476, 0, 511, 0
2026/08/10 15:30:58.479, 1, 1723, 23
2026/08/10 15:30:59.524, 0, 511, 0
2026/08/10 15:30:59.527, 1, 1723, 24
2026/08/10 15:31:00.575, 0, 511, 0
2026/08/10 15:31:00.579, 1, 1723, 30
2026/08/10 15:31:01.626, 0, 511, 0
2026/08/10 15:31:01.630, 1, 1723, 26
2026/08/10 15:31:02.679, 0, 511, 0
2026/08/10 15:31:02.683, 1, 1723, 27
2026/08/10 15:31:03.729, 0, 511, 0
2026/08/10 15:31:03.732, 1, 1723, 27
2026/08/10 15:31:04.776, 0, 511, 0
2026/08/10 15:31:04.780, 1, 1723, 28
2026/08/10 15:31:05.824, 0, 511, 0
2026/08/10 15:31:05.828, 1, 1723, 19
2026/08/10 15:31:06.871, 0, 511, 0
2026/08/10 15:31:06.874, 1, 1723, 26
2026/08/10 15:31:07.920, 0, 511, 0
2026/08/10 15:31:07.924, 1, 1723, 3
2026/08/10 15:31:08.969, 0, 511, 0
2026/08/10 15:31:08.972, 1, 1723, 31
2026/08/10 15:31:10.019, 0, 511, 0
2026/08/10 15:31:10.022, 1, 1723, 29
2026/08/10 15:31:11.068, 0, 511, 0
2026/08/10 15:31:11.072, 1, 1723, 28
2026/08/10 15:31:12.119, 0, 511, 0
2026/08/10 15:31:12.122, 1, 1723, 29
2026/08/10 15:31:13.169, 0, 511, 0
2026/08/10 15:31:13.172, 1, 1723, 31
2026/08/10 15:31:14.215, 0, 511, 0
2026/08/10 15:31:14.219, 1, 1723, 29
2026/08/10 15:31:15.272, 0, 511, 0
2026/08/10 15:31:15.275, 1, 1723, 16
2026/08/10 15:31:16.320, 0, 511, 0
2026/08/10 15:31:16.323, 1, 1723, 0
2026/08/10 15:31:17.365, 0, 511, 0
2026/08/10 15:31:17.369, 1, 1723, 31
2026/08/10 15:31:18.410, 0, 511, 0
2026/08/10 15:31:18.413, 1, 1723, 27
2026/08/10 15:31:19.459, 0, 511, 0
2026/08/10 15:31:19.463, 1, 1723, 27
2026/08/10 15:31:20.507, 0, 511, 0
2026/08/10 15:31:20.511, 1, 1723, 31
2026/08/10 15:31:21.563, 0, 511, 0
2026/08/10 15:31:21.567, 1, 1723, 26
2026/08/10 15:31:22.616, 0, 511, 0
2026/08/10 15:31:22.619, 1, 1723, 31
2026/08/10 15:31:23.668, 0, 511, 0
2026/08/10 15:31:23.672, 1, 1723, 31
2026/08/10 15:31:24.720, 0, 511, 0
2026/08/10 15:31:24.723, 1, 1723, 28
2026/08/10 15:31:25.772, 0, 511, 0
2026/08/10 15:31:25.775, 1, 1723, 2
2026/08/10 15:31:26.823, 0, 511, 0
2026/08/10 15:31:26.826, 1, 1723, 31
2026/08/10 15:31:27.873, 0, 511, 0
2026/08/10 15:31:27.876, 1, 1723, 31
2026/08/10 15:31:28.924, 0, 511, 0
2026/08/10 15:31:28.927, 1, 1723, 24
2026/08/10 15:31:29.973, 0, 511, 0
2026/08/10 15:31:29.977, 1, 1723, 28
2026/08/10 15:31:31.022, 0, 511, 0
2026/08/10 15:31:31.025, 1, 1723, 29
2026/08/10 15:31:32.072, 0, 511, 0
2026/08/10 15:31:32.078, 1, 1723, 28
2026/08/10 15:31:33.121, 0, 511, 0
2026/08/10 15:31:33.125, 1, 1723, 0
2026/08/10 15:31:34.168, 0, 511, 0
2026/08/10 15:31:34.171, 1, 1723, 27
2026/08/10 15:31:35.216, 0, 511, 0
2026/08/10 15:31:35.220, 1, 1723, 29
2026/08/10 15:31:36.264, 0, 511, 0
2026/08/10 15:31:36.267, 1, 1723, 24
2026/08/10 15:31:37.311, 0, 511, 0
2026/08/10 15:31:37.314, 1, 1723, 26
2026/08/10 15:31:38.358, 0, 511, 0
2026/08/10 15:31:38.361, 1, 1723, 29
2026/08/10 15:31:39.404, 0, 511, 0
2026/08/10 15:31:39.408, 1, 1723, 30
2026/08/10 15:31:40.453, 0, 511, 0
2026/08/10 15:31:40.456, 1, 1723, 28
2026/08/10 15:31:41.502, 0, 511, 0
2026/08/10 15:31:41.506, 1, 1723, 0
2026/08/10 15:31:42.551, 0, 511, 0
2026/08/10 15:31:42.554, 1, 1723, 29
2026/08/10 15:31:43.603, 0, 511, 0
2026/08/10 15:31:43.607, 1, 1723, 30
2026/08/10 15:31:44.655, 0, 511, 0
2026/08/10 15:31:44.659, 1, 1723, 28
2026/08/10 15:31:45.709, 0, 511, 0
2026/08/10 15:31:45.712, 1, 1723, 30
2026/08/10 15:31:46.759, 0, 511, 0
2026/08/10 15:31:46.763, 1, 1723, 27
2026/08/10 15:31:47.810, 0, 511, 0
2026/08/10 15:31:47.814, 1, 1723, 27
2026/08/10 15:31:48.863, 0, 511, 0
2026/08/10 15:31:48.866, 1, 1723, 27
2026/08/10 15:31:49.911, 0, 511, 0
2026/08/10 15:31:49.915, 1, 1723, 27
2026/08/10 15:31:50.960, 0, 511, 0
2026/08/10 15:31:50.963, 1, 1723, 0
2026/08/10 15:31:52.015, 0, 511, 0
2026/08/10 15:31:52.018, 1, 1723, 29
2026/08/10 15:31:53.065, 0, 511, 0
2026/08/10 15:31:53.068, 1, 1723, 24
2026/08/10 15:31:54.114, 0, 511, 0
2026/08/10 15:31:54.118, 1, 1723, 30
2026/08/10 15:31:55.163, 0, 511, 0
2026/08/10 15:31:55.166, 1, 1723, 29
2026/08/10 15:31:56.212, 0, 511, 0
2026/08/10 15:31:56.215, 1, 1723, 28
2026/08/10 15:31:57.258, 0, 511, 0
2026/08/10 15:31:57.262, 1, 1723, 33
2026/08/10 15:31:58.306, 0, 511, 0
2026/08/10 15:31:58.310, 1, 1723, 28
2026/08/10 15:31:59.354, 0, 511, 0
2026/08/10 15:31:59.358, 1, 1723, 17
2026/08/10 15:32:00.404, 0, 511, 0
2026/08/10 15:32:00.408, 1, 1723, 25
2026/08/10 15:32:01.454, 0, 511, 0
2026/08/10 15:32:01.458, 1, 1723, 28
2026/08/10 15:32:02.502, 0, 511, 0
2026/08/10 15:32:02.506, 1, 1723, 27
2026/08/10 15:32:03.551, 0, 511, 0
2026/08/10 15:32:03.555, 1, 1723, 26
2026/08/10 15:32:04.611, 0, 511, 0
2026/08/10 15:32:04.615, 1, 1723, 28
2026/08/10 15:32:05.661, 0, 511, 0
2026/08/10 15:32:05.664, 1, 1723, 28
2026/08/10 15:32:06.711, 0, 511, 0
2026/08/10 15:32:06.715, 1, 1723, 29
2026/08/10 15:32:07.762, 0, 511, 0
2026/08/10 15:32:07.766, 1, 1723, 29
2026/08/10 15:32:08.811, 0, 511, 0
2026/08/10 15:32:08.814, 1, 1723, 0
2026/08/10 15:32:09.860, 0, 511, 0
2026/08/10 15:32:09.864, 1, 1723, 27
2026/08/10 15:32:10.913, 0, 511, 0
2026/08/10 15:32:10.916, 1, 1723, 30
2026/08/10 15:32:11.963, 0, 511, 0
2026/08/10 15:32:11.966, 1, 1723, 27
2026/08/10 15:32:13.010, 0, 511, 0
2026/08/10 15:32:13.013, 1, 1723, 28
2026/08/10 15:32:14.060, 0, 511, 0
2026/08/10 15:32:14.064, 1, 1723, 29
2026/08/10 15:32:15.112, 0, 511, 0
2026/08/10 15:32:15.116, 1, 1723, 27
2026/08/10 15:32:16.163, 0, 511, 0
2026/08/10 15:32:16.166, 1, 1723, 0
2026/08/10 15:32:17.214, 0, 511, 0
2026/08/10 15:32:17.217, 1, 1723, 32
2026/08/10 15:32:18.264, 0, 511, 0
2026/08/10 15:32:18.267, 1, 1723, 31
2026/08/10 15:32:19.315, 0, 511, 0
2026/08/10 15:32:19.318, 1, 1723, 26
2026/08/10 15:32:20.363, 0, 511, 0
2026/08/10 15:32:20.367, 1, 1723, 25
2026/08/10 15:32:21.411, 0, 511, 0
2026/08/10 15:32:21.418, 1, 1723, 27
2026/08/10 15:32:22.461, 0, 511, 0
2026/08/10 15:32:22.469, 1, 1723, 27
2026/08/10 15:32:23.515, 0, 511, 0
2026/08/10 15:32:23.520, 1, 1723, 26
2026/08/10 15:32:24.571, 0, 511, 0
2026/08/10 15:32:24.578, 1, 1723, 5
2026/08/10 15:32:25.623, 0, 511, 0
2026/08/10 15:32:25.630, 1, 1723, 28
2026/08/10 15:32:26.677, 0, 511, 0
2026/08/10 15:32:26.685, 1, 1723, 20
2026/08/10 15:32:27.732, 0, 511, 0
2026/08/10 15:32:27.739, 1, 1723, 27
2026/08/10 15:32:28.784, 0, 511, 0
2026/08/10 15:32:28.791, 1, 1723, 26
2026/08/10 15:32:29.837, 0, 511, 0
2026/08/10 15:32:29.845, 1, 1723, 24
2026/08/10 15:32:30.891, 0, 511, 0
2026/08/10 15:32:30.901, 1, 1723, 28
2026/08/10 15:32:31.946, 0, 511, 0
2026/08/10 15:32:31.954, 1, 1723, 26
2026/08/10 15:32:32.997, 0, 511, 0
2026/08/10 15:32:33.006, 1, 1723, 25
2026/08/10 15:32:34.052, 0, 511, 0
2026/08/10 15:32:34.061, 1, 1723, 25
2026/08/10 15:32:35.104, 0, 511, 0
2026/08/10 15:32:35.111, 1, 1723, 25
2026/08/10 15:32:36.159, 0, 511, 0
2026/08/10 15:32:36.164, 1, 1723, 0
2026/08/10 15:32:37.214, 0, 511, 0
2026/08/10 15:32:37.225, 1, 1723, 26
2026/08/10 15:32:38.269, 0, 511, 0
2026/08/10 15:32:38.273, 1, 1723, 25
2026/08/10 15:32:39.326, 0, 511, 0
2026/08/10 15:32:39.334, 1, 1723, 26
2026/08/10 15:32:40.376, 0, 511, 0
2026/08/10 15:32:40.382, 1, 1723, 28
2026/08/10 15:32:41.432, 0, 511, 0
2026/08/10 15:32:41.440, 1, 1723, 25
2026/08/10 15:32:42.489, 0, 511, 0
2026/08/10 15:32:42.497, 1, 1723, 30
2026/08/10 15:32:43.545, 0, 511, 0
2026/08/10 15:32:43.550, 1, 1723, 26
2026/08/10 15:32:44.599, 0, 511, 0
2026/08/10 15:32:44.604, 1, 1723, 25
2026/08/10 15:32:45.649, 0, 511, 0
2026/08/10 15:32:45.653, 1, 1723, 25
2026/08/10 15:32:46.702, 0, 511, 0
2026/08/10 15:32:46.711, 1, 1723, 26
2026/08/10 15:32:47.756, 0, 511, 0
2026/08/10 15:32:47.762, 1, 1723, 26
2026/08/10 15:32:48.812, 0, 511, 0
2026/08/10 15:32:48.820, 1, 1723, 27
2026/08/10 15:32:49.867, 0, 511, 0
2026/08/10 15:32:49.873, 1, 1723, 26
2026/08/10 15:32:50.925, 0, 511, 0
2026/08/10 15:32:50.930, 1, 1723, 0
2026/08/10 15:32:51.980, 0, 511, 0
2026/08/10 15:32:51.983, 1, 1723, 25
2026/08/10 15:32:53.032, 0, 511, 0
2026/08/10 15:32:53.036, 1, 1723, 7
2026/08/10 15:32:54.081, 0, 511, 0
2026/08/10 15:32:54.087, 1, 1723, 31
2026/08/10 15:32:55.128, 0, 511, 0
2026/08/10 15:32:55.134, 1, 1723, 25
2026/08/10 15:32:56.182, 0, 511, 0
2026/08/10 15:32:56.187, 1, 1723, 29
2026/08/10 15:32:57.232, 0, 511, 0
2026/08/10 15:32:57.238, 1, 1723, 26
2026/08/10 15:32:58.283, 0, 511, 0
2026/08/10 15:32:58.290, 1, 1723, 24
2026/08/10 15:32:59.335, 0, 511, 0
2026/08/10 15:32:59.340, 1, 1723, 27
2026/08/10 15:33:00.387, 0, 511, 0
2026/08/10 15:33:00.394, 1, 1723, 27
2026/08/10 15:33:01.441, 0, 511, 0
2026/08/10 15:33:01.448, 1, 1723, 27
2026/08/10 15:33:02.494, 0, 511, 0
2026/08/10 15:33:02.498, 1, 1723, 27
2026/08/10 15:33:03.543, 0, 511, 0
2026/08/10 15:33:03.547, 1, 1723, 0
2026/08/10 15:33:04.594, 0, 511, 0
2026/08/10 15:33:04.598, 1, 1723, 26
2026/08/10 15:33:05.644, 0, 511, 0
2026/08/10 15:33:05.648, 1, 1723, 22
2026/08/10 15:33:06.692, 0, 511, 0
2026/08/10 15:33:06.696, 1, 1723, 20
2026/08/10 15:33:07.741, 0, 511, 0
2026/08/10 15:33:07.744, 1, 1723, 20
2026/08/10 15:33:08.788, 0, 511, 0
2026/08/10 15:33:08.792, 1, 1723, 24
2026/08/10 15:33:09.838, 0, 511, 0
2026/08/10 15:33:09.842, 1, 1723, 22
2026/08/10 15:33:10.888, 0, 511, 0
2026/08/10 15:33:10.892, 1, 1723, 23
2026/08/10 15:33:11.938, 0, 511, 0
2026/08/10 15:33:11.942, 1, 1723, 23
2026/08/10 15:33:12.987, 0, 511, 0
2026/08/10 15:33:12.991, 1, 1723, 27
2026/08/10 15:33:14.039, 0, 511, 0
2026/08/10 15:33:14.043, 1, 1723, 23
2026/08/10 15:33:15.090, 0, 511, 0
2026/08/10 15:33:15.095, 1, 1723, 29
2026/08/10 15:33:16.143, 0, 511, 0
2026/08/10 15:33:16.148, 1, 1723, 24
2026/08/10 15:33:17.195, 0, 511, 0
2026/08/10 15:33:17.200, 1, 1723, 27
2026/08/10 15:33:18.247, 0, 511, 0
2026/08/10 15:33:18.252, 1, 1723, 23
2026/08/10 15:33:19.298, 0, 511, 0
2026/08/10 15:33:19.303, 1, 1723, 24
2026/08/10 15:33:20.351, 0, 511, 0
2026/08/10 15:33:20.356, 1, 1723, 27
2026/08/10 15:33:21.404, 0, 511, 0
2026/08/10 15:33:21.408, 1, 1723, 28
2026/08/10 15:33:22.455, 0, 511, 0
2026/08/10 15:33:22.459, 1, 1723, 32
2026/08/10 15:33:23.504, 0, 511, 0
2026/08/10 15:33:23.508, 1, 1723, 25
2026/08/10 15:33:24.557, 0, 511, 0
2026/08/10 15:33:24.562, 1, 1723, 31
2026/08/10 15:33:25.612, 0, 511, 0
2026/08/10 15:33:25.617, 1, 1723, 28
2026/08/10 15:33:26.667, 0, 511, 0
2026/08/10 15:33:26.672, 1, 1723, 26
2026/08/10 15:33:27.722, 0, 511, 0
2026/08/10 15:33:27.726, 1, 1723, 3
2026/08/10 15:33:28.773, 0, 511, 0
2026/08/10 15:33:28.777, 1, 1723, 26
2026/08/10 15:33:29.826, 0, 511, 0
2026/08/10 15:33:29.831, 1, 1723, 0
2026/08/10 15:33:30.879, 0, 511, 0
2026/08/10 15:33:30.884, 1, 1723, 20
2026/08/10 15:33:31.937, 0, 511, 0
2026/08/10 15:33:31.942, 1, 1723, 0
2026/08/10 15:33:32.990, 0, 511, 0
2026/08/10 15:33:32.994, 1, 1723, 23
2026/08/10 15:33:34.044, 0, 511, 0
2026/08/10 15:33:34.048, 1, 1723, 3
2026/08/10 15:33:35.098, 0, 511, 0
2026/08/10 15:33:35.103, 1, 1723, 26
2026/08/10 15:33:36.151, 0, 511, 0
2026/08/10 15:33:36.155, 1, 1723, 11
2026/08/10 15:33:37.203, 0, 511, 0
2026/08/10 15:33:37.207, 1, 1723, 22
2026/08/10 15:33:38.255, 0, 511, 0
2026/08/10 15:33:38.258, 1, 1723, 23
2026/08/10 15:33:39.305, 0, 511, 0
2026/08/10 15:33:39.309, 1, 1723, 25
2026/08/10 15:33:40.358, 0, 511, 0
2026/08/10 15:33:40.364, 1, 1723, 24
2026/08/10 15:33:41.414, 0, 511, 0
2026/08/10 15:33:41.418, 1, 1723, 26
2026/08/10 15:33:42.467, 0, 511, 0
2026/08/10 15:33:42.472, 1, 1723, 24
2026/08/10 15:33:43.519, 0, 511, 0
2026/08/10 15:33:43.523, 1, 1723, 21
2026/08/10 15:33:44.570, 0, 511, 0
2026/08/10 15:33:44.574, 1, 1723, 24
2026/08/10 15:33:45.622, 0, 511, 0
2026/08/10 15:33:45.626, 1, 1723, 21
2026/08/10 15:33:46.674, 0, 511, 0
2026/08/10 15:33:46.678, 1, 1723, 19
2026/08/10 15:33:47.727, 0, 511, 0
2026/08/10 15:33:47.731, 1, 1723, 29
2026/08/10 15:33:48.781, 0, 511, 0
2026/08/10 15:33:48.786, 1, 1723, 30
2026/08/10 15:33:49.835, 0, 511, 0
2026/08/10 15:33:49.839, 1, 1723, 35
2026/08/10 15:33:50.888, 0, 511, 0
2026/08/10 15:33:50.892, 1, 1723, 33
2026/08/10 15:33:51.940, 0, 511, 0
2026/08/10 15:33:51.944, 1, 1723, 29
2026/08/10 15:33:53.014, 0, 511, 0
2026/08/10 15:33:53.017, 1, 1723, 32
2026/08/10 15:33:54.064, 0, 511, 0
2026/08/10 15:33:54.073, 1, 1723, 21
2026/08/10 15:33:55.115, 0, 511, 0
2026/08/10 15:33:55.123, 1, 1723, 29
2026/08/10 15:33:56.170, 0, 511, 0
2026/08/10 15:33:56.174, 1, 1723, 27
2026/08/10 15:33:57.224, 0, 511, 0
2026/08/10 15:33:57.234, 1, 1723, 24
2026/08/10 15:33:58.283, 0, 511, 0
2026/08/10 15:33:58.288, 1, 1723, 29
2026/08/10 15:33:59.334, 0, 511, 0
2026/08/10 15:33:59.338, 1, 1723, 23
2026/08/10 15:34:00.385, 0, 511, 0
2026/08/10 15:34:00.389, 1, 1723, 26
2026/08/10 15:34:01.438, 0, 511, 0
2026/08/10 15:34:01.442, 1, 1723, 31
2026/08/10 15:34:02.492, 0, 511, 0
2026/08/10 15:34:02.500, 1, 1723, 23
2026/08/10 15:34:03.550, 0, 511, 0
2026/08/10 15:34:03.554, 1, 1723, 24
2026/08/10 15:34:04.600, 0, 511, 0
2026/08/10 15:34:04.604, 1, 1723, 24
2026/08/10 15:34:05.651, 0, 1989, 29
2026/08/10 15:34:05.653, 1, 3201, 70
2026/08/10 15:34:06.705, 0, 3237, 83
2026/08/10 15:34:06.708, 1, 3331, 80
2026/08/10 15:34:07.759, 0, 2405, 99
2026/08/10 15:34:07.763, 1, 3459, 100
2026/08/10 15:34:08.826, 0, 2949, 100
2026/08/10 15:34:08.836, 1, 4387, 95
2026/08/10 15:34:09.904, 0, 2853, 98
2026/08/10 15:34:09.907, 1, 3939, 67
2026/08/10 15:34:10.961, 0, 2693, 90
2026/08/10 15:34:10.965, 1, 3939, 38
2026/08/10 15:34:12.012, 0, 2757, 80
2026/08/10 15:34:12.015, 1, 3843, 92
2026/08/10 15:34:13.056, 0, 3557, 98
2026/08/10 15:34:13.059, 1, 4837, 100
2026/08/10 15:34:14.101, 0, 3685, 91
2026/08/10 15:34:14.105, 1, 4933, 74
2026/08/10 15:34:15.148, 0, 2981, 100
2026/08/10 15:34:15.151, 1, 3845, 72
2026/08/10 15:34:16.202, 0, 2661, 84
2026/08/10 15:34:16.205, 1, 3909, 88
2026/08/10 15:34:17.273, 0, 4677, 93
2026/08/10 15:34:17.276, 1, 5253, 81
2026/08/10 15:34:18.328, 0, 4581, 91
2026/08/10 15:34:18.332, 1, 7301, 100
2026/08/10 15:34:19.393, 0, 5157, 93
2026/08/10 15:34:19.397, 1, 8037, 100
2026/08/10 15:34:20.462, 0, 4293, 95
2026/08/10 15:34:20.468, 1, 5477, 100
2026/08/10 15:34:21.569, 0, 3813, 100
2026/08/10 15:34:21.579, 1, 4709, 100
2026/08/10 15:34:22.658, 0, 3589, 100
2026/08/10 15:34:22.661, 1, 6853, 92
2026/08/10 15:34:23.711, 0, 3653, 97
2026/08/10 15:34:23.715, 1, 4869, 100
2026/08/10 15:34:24.761, 0, 3877, 90
2026/08/10 15:34:24.763, 1, 5893, 98
2026/08/10 15:34:25.821, 0, 3301, 100
2026/08/10 15:34:25.825, 1, 5125, 95
2026/08/10 15:34:26.873, 0, 3237, 82
2026/08/10 15:34:26.876, 1, 5157, 91
2026/08/10 15:34:27.939, 0, 3653, 95
2026/08/10 15:34:27.943, 1, 4133, 100
2026/08/10 15:34:29.000, 0, 4581, 100
2026/08/10 15:34:29.004, 1, 7109, 97
2026/08/10 15:34:30.050, 0, 4453, 91
2026/08/10 15:34:30.054, 1, 7141, 88
2026/08/10 15:34:31.102, 0, 6309, 75
2026/08/10 15:34:31.104, 1, 8869, 100
2026/08/10 15:34:32.153, 0, 7365, 100
2026/08/10 15:34:32.156, 1, 6821, 96
2026/08/10 15:34:33.205, 0, 3941, 99
2026/08/10 15:34:33.209, 1, 5861, 91
2026/08/10 15:34:34.264, 0, 3653, 100
2026/08/10 15:34:34.268, 1, 5733, 100
2026/08/10 15:34:35.335, 0, 4741, 100
2026/08/10 15:34:35.339, 1, 6021, 100
2026/08/10 15:34:36.402, 0, 7141, 100
2026/08/10 15:34:36.405, 1, 10021, 99
2026/08/10 15:34:37.451, 0, 4325, 100
2026/08/10 15:34:37.454, 1, 6405, 100
2026/08/10 15:34:38.517, 0, 5669, 74
2026/08/10 15:34:38.520, 1, 8037, 100
2026/08/10 15:34:39.576, 0, 10917, 100
2026/08/10 15:34:39.579, 1, 9221, 95
2026/08/10 15:34:40.642, 0, 5669, 93
2026/08/10 15:34:40.647, 1, 6245, 95
2026/08/10 15:34:41.717, 0, 5701, 80
2026/08/10 15:34:41.720, 1, 4901, 91
2026/08/10 15:34:42.785, 0, 6725, 93
2026/08/10 15:34:42.789, 1, 6501, 100
2026/08/10 15:34:43.864, 0, 5637, 95
2026/08/10 15:34:43.867, 1, 4773, 93
2026/08/10 15:34:44.921, 0, 5445, 100
2026/08/10 15:34:44.925, 1, 7653, 86
2026/08/10 15:34:45.985, 0, 8549, 93
2026/08/10 15:34:45.990, 1, 8613, 92
2026/08/10 15:34:47.055, 0, 6565, 54
2026/08/10 15:34:47.063, 1, 7109, 98
2026/08/10 15:34:48.127, 0, 8709, 77
2026/08/10 15:34:48.131, 1, 9445, 85
2026/08/10 15:34:49.208, 0, 7589, 77
2026/08/10 15:34:49.211, 1, 8677, 96
2026/08/10 15:34:50.287, 0, 3173, 99
2026/08/10 15:34:50.290, 1, 7205, 99
2026/08/10 15:34:51.351, 0, 3461, 100
2026/08/10 15:34:51.354, 1, 7493, 100
2026/08/10 15:34:52.424, 0, 4805, 67
2026/08/10 15:34:52.427, 1, 6821, 100
2026/08/10 15:34:53.502, 0, 7461, 80
2026/08/10 15:34:53.508, 1, 7205, 96
2026/08/10 15:34:54.581, 0, 8229, 100
2026/08/10 15:34:54.585, 1, 6821, 93
2026/08/10 15:34:55.641, 0, 10853, 81
2026/08/10 15:34:55.646, 1, 9221, 100
2026/08/10 15:34:56.731, 0, 5445, 93
2026/08/10 15:34:56.734, 1, 4933, 80
2026/08/10 15:34:57.796, 0, 3365, 66
2026/08/10 15:34:57.799, 1, 5701, 96
2026/08/10 15:34:58.874, 0, 5509, 80
2026/08/10 15:34:58.881, 1, 5701, 100
2026/08/10 15:34:59.948, 0, 5445, 62
2026/08/10 15:34:59.952, 1, 5445, 83
2026/08/10 15:35:01.006, 0, 4869, 100
2026/08/10 15:35:01.011, 1, 10501, 100
2026/08/10 15:35:02.072, 0, 7365, 84
2026/08/10 15:35:02.075, 1, 11941, 64
2026/08/10 15:35:03.144, 0, 5093, 99
2026/08/10 15:35:03.148, 1, 5637, 90
2026/08/10 15:35:04.222, 0, 3397, 99
2026/08/10 15:35:04.228, 1, 4549, 100
2026/08/10 15:35:05.320, 0, 5605, 94
2026/08/10 15:35:05.324, 1, 7621, 71
2026/08/10 15:35:06.397, 0, 8901, 100
2026/08/10 15:35:06.404, 1, 7045, 96
2026/08/10 15:35:07.475, 0, 7557, 75
2026/08/10 15:35:07.479, 1, 10341, 80
2026/08/10 15:35:08.564, 0, 3877, 100
2026/08/10 15:35:08.570, 1, 5925, 99
2026/08/10 15:35:09.645, 0, 4837, 86
2026/08/10 15:35:09.648, 1, 7013, 75
2026/08/10 15:35:10.719, 0, 3525, 98
2026/08/10 15:35:10.730, 1, 8101, 71
2026/08/10 15:35:11.815, 0, 7301, 100
2026/08/10 15:35:11.820, 1, 5669, 91
2026/08/10 15:35:12.911, 0, 2853, 100
2026/08/10 15:35:12.914, 1, 4677, 90
2026/08/10 15:35:14.014, 0, 5829, 97
2026/08/10 15:35:14.018, 1, 4261, 37
2026/08/10 15:35:15.105, 0, 4197, 70
2026/08/10 15:35:15.109, 1, 7525, 53
2026/08/10 15:35:16.188, 0, 5669, 69
2026/08/10 15:35:16.199, 1, 6437, 83
2026/08/10 15:35:17.278, 0, 7077, 100
2026/08/10 15:35:17.282, 1, 7301, 94
2026/08/10 15:35:18.375, 0, 3205, 100
2026/08/10 15:35:18.383, 1, 6629, 70
2026/08/10 15:35:19.449, 0, 4197, 96
2026/08/10 15:35:19.452, 1, 5125, 76
2026/08/10 15:35:20.520, 0, 4549, 34
2026/08/10 15:35:20.528, 1, 4517, 92
2026/08/10 15:35:21.600, 0, 7173, 100
2026/08/10 15:35:21.605, 1, 8037, 58
2026/08/10 15:35:22.676, 0, 4101, 92
2026/08/10 15:35:22.681, 1, 5989, 96
2026/08/10 15:35:23.759, 0, 3141, 81
2026/08/10 15:35:23.765, 1, 3877, 94
2026/08/10 15:35:24.841, 0, 3077, 95
2026/08/10 15:35:24.844, 1, 7269, 68
2026/08/10 15:35:25.943, 0, 3973, 77
2026/08/10 15:35:25.948, 1, 4741, 60
2026/08/10 15:35:27.033, 0, 4901, 16
2026/08/10 15:35:27.037, 1, 6629, 88
2026/08/10 15:35:28.097, 0, 5413, 0
2026/08/10 15:35:28.100, 1, 6341, 98
2026/08/10 15:35:29.160, 0, 3077, 11
2026/08/10 15:35:29.163, 1, 8613, 93
2026/08/10 15:35:30.223, 0, 2661, 87
2026/08/10 15:35:30.226, 1, 4549, 92
2026/08/10 15:35:31.320, 0, 2981, 77
2026/08/10 15:35:31.323, 1, 5221, 74
2026/08/10 15:35:32.393, 0, 5989, 100
2026/08/10 15:35:32.397, 1, 6533, 76
2026/08/10 15:35:33.481, 0, 5157, 68
2026/08/10 15:35:33.485, 1, 6053, 55
2026/08/10 15:35:34.538, 0, 2917, 86
2026/08/10 15:35:34.541, 1, 5413, 72
2026/08/10 15:35:35.600, 0, 4101, 90
2026/08/10 15:35:35.603, 1, 4325, 52
2026/08/10 15:35:36.660, 0, 3333, 71
2026/08/10 15:35:36.665, 1, 6341, 56
2026/08/10 15:35:37.758, 0, 3557, 66
2026/08/10 15:35:37.761, 1, 4037, 0
2026/08/10 15:35:38.869, 0, 6981, 95
2026/08/10 15:35:38.873, 1, 4389, 100
2026/08/10 15:35:39.974, 0, 6533, 86
2026/08/10 15:35:39.978, 1, 5125, 21
2026/08/10 15:35:41.065, 0, 6405, 100
2026/08/10 15:35:41.072, 1, 6661, 32
2026/08/10 15:35:42.197, 0, 4933, 46
2026/08/10 15:35:42.200, 1, 4197, 0
2026/08/10 15:35:43.294, 0, 4293, 98
2026/08/10 15:35:43.300, 1, 4389, 41
2026/08/10 15:35:44.405, 0, 4325, 53
2026/08/10 15:35:44.408, 1, 4677, 91
2026/08/10 15:35:45.496, 0, 4005, 48
2026/08/10 15:35:45.503, 1, 3941, 55
2026/08/10 15:35:46.587, 0, 6917, 84
2026/08/10 15:35:46.590, 1, 5541, 0
2026/08/10 15:35:47.686, 0, 2981, 94
2026/08/10 15:35:47.692, 1, 6117, 53
2026/08/10 15:35:48.770, 0, 2821, 90
2026/08/10 15:35:48.774, 1, 6213, 0
2026/08/10 15:35:49.880, 0, 2789, 60
2026/08/10 15:35:49.900, 1, 7973, 88
2026/08/10 15:35:50.981, 0, 5221, 27
2026/08/10 15:35:50.983, 1, 4517, 96
2026/08/10 15:35:52.071, 0, 5861, 82
2026/08/10 15:35:52.076, 1, 5733, 100
2026/08/10 15:35:53.155, 0, 2597, 40
2026/08/10 15:35:53.158, 1, 5413, 97
2026/08/10 15:35:54.264, 0, 5157, 81
2026/08/10 15:35:54.271, 1, 6597, 98
2026/08/10 15:35:55.376, 0, 5573, 7
2026/08/10 15:35:55.379, 1, 5573, 83
2026/08/10 15:35:56.476, 0, 3173, 84
2026/08/10 15:35:56.478, 1, 5413, 11
2026/08/10 15:35:57.581, 0, 4037, 48
2026/08/10 15:35:57.587, 1, 5797, 88
2026/08/10 15:35:58.671, 0, 3621, 87
2026/08/10 15:35:58.677, 1, 4133, 86
2026/08/10 15:35:59.794, 0, 6437, 51
2026/08/10 15:35:59.802, 1, 4357, 7
2026/08/10 15:36:00.899, 0, 3397, 85
2026/08/10 15:36:00.905, 1, 4005, 100
2026/08/10 15:36:01.997, 0, 3397, 76
2026/08/10 15:36:02.003, 1, 4485, 76
2026/08/10 15:36:03.083, 0, 3941, 93
2026/08/10 15:36:03.085, 1, 4325, 65
2026/08/10 15:36:04.163, 0, 5477, 84
2026/08/10 15:36:04.175, 1, 4069, 52
2026/08/10 15:36:05.285, 0, 5189, 100
2026/08/10 15:36:05.292, 1, 4837, 73
2026/08/10 15:36:06.399, 0, 4197, 83
2026/08/10 15:36:06.406, 1, 6149, 49
2026/08/10 15:36:07.487, 0, 3077, 91
2026/08/10 15:36:07.494, 1, 6149, 80
2026/08/10 15:36:08.560, 0, 5541, 94
2026/08/10 15:36:08.568, 1, 5509, 0
2026/08/10 15:36:09.639, 0, 5317, 85
2026/08/10 15:36:09.644, 1, 6405, 100
2026/08/10 15:36:10.739, 0, 2949, 77
2026/08/10 15:36:10.742, 1, 5957, 83
2026/08/10 15:36:11.845, 0, 4645, 43
2026/08/10 15:36:11.851, 1, 6053, 87
2026/08/10 15:36:12.930, 0, 4005, 93
2026/08/10 15:36:12.933, 1, 8005, 100
2026/08/10 15:36:14.022, 0, 5381, 74
2026/08/10 15:36:14.025, 1, 5797, 86
2026/08/10 15:36:15.136, 0, 3813, 78
2026/08/10 15:36:15.140, 1, 5893, 50
2026/08/10 15:36:16.220, 0, 4261, 89
2026/08/10 15:36:16.226, 1, 6373, 23
2026/08/10 15:36:17.340, 0, 4933, 33
2026/08/10 15:36:17.344, 1, 4933, 94
2026/08/10 15:36:18.405, 0, 4517, 83
2026/08/10 15:36:18.408, 1, 6277, 52
2026/08/10 15:36:19.493, 0, 4965, 89
2026/08/10 15:36:19.497, 1, 9829, 100
2026/08/10 15:36:20.563, 0, 7173, 91
2026/08/10 15:36:20.566, 1, 4773, 100
2026/08/10 15:36:21.630, 0, 3525, 72
2026/08/10 15:36:21.636, 1, 6789, 65
2026/08/10 15:36:22.729, 0, 3237, 99
2026/08/10 15:36:22.736, 1, 6757, 76
2026/08/10 15:36:23.839, 0, 4005, 85
2026/08/10 15:36:23.843, 1, 5861, 93
2026/08/10 15:36:24.907, 0, 4613, 90
2026/08/10 15:36:24.910, 1, 6149, 50
2026/08/10 15:36:26.016, 0, 4037, 61
2026/08/10 15:36:26.023, 1, 6213, 100
2026/08/10 15:36:27.101, 0, 7141, 85
2026/08/10 15:36:27.105, 1, 8389, 48
2026/08/10 15:36:28.198, 0, 5573, 100
2026/08/10 15:36:28.201, 1, 5093, 88
2026/08/10 15:36:29.323, 0, 4581, 99
2026/08/10 15:36:29.331, 1, 4453, 92
2026/08/10 15:36:30.395, 0, 3333, 91
2026/08/10 15:36:30.400, 1, 6277, 100
2026/08/10 15:36:31.504, 0, 3845, 87
2026/08/10 15:36:31.507, 1, 4773, 61
2026/08/10 15:36:32.594, 0, 4005, 61
2026/08/10 15:36:32.603, 1, 4741, 89
2026/08/10 15:36:33.690, 0, 3301, 38
2026/08/10 15:36:33.696, 1, 4357, 64
2026/08/10 15:36:34.783, 0, 3845, 55
2026/08/10 15:36:34.791, 1, 6117, 32
2026/08/10 15:36:35.855, 0, 6725, 64
2026/08/10 15:36:35.858, 1, 4133, 99
2026/08/10 15:36:36.940, 0, 6373, 60
2026/08/10 15:36:36.946, 1, 8037, 48
2026/08/10 15:36:38.046, 0, 4837, 17
2026/08/10 15:36:38.055, 1, 4933, 45
2026/08/10 15:36:39.158, 0, 3013, 100
2026/08/10 15:36:39.160, 1, 4165, 100
2026/08/10 15:36:40.247, 0, 5285, 26
2026/08/10 15:36:40.253, 1, 8229, 1
2026/08/10 15:36:41.344, 0, 3749, 78
2026/08/10 15:36:41.347, 1, 4453, 92
2026/08/10 15:36:42.456, 0, 3845, 94
2026/08/10 15:36:42.463, 1, 6629, 38
2026/08/10 15:36:43.540, 0, 4901, 100
2026/08/10 15:36:43.546, 1, 7173, 96
2026/08/10 15:36:44.633, 0, 5989, 82
2026/08/10 15:36:44.636, 1, 5925, 61
2026/08/10 15:36:45.700, 0, 4869, 100
2026/08/10 15:36:45.703, 1, 6245, 60
2026/08/10 15:36:46.796, 0, 7653, 99
2026/08/10 15:36:46.805, 1, 4229, 93
2026/08/10 15:36:47.884, 0, 5125, 72
2026/08/10 15:36:47.888, 1, 9509, 78
2026/08/10 15:36:48.964, 0, 6149, 100
2026/08/10 15:36:48.968, 1, 4421, 84
2026/08/10 15:36:50.047, 0, 4357, 79
2026/08/10 15:36:50.051, 1, 6021, 100
2026/08/10 15:36:51.108, 0, 5381, 92
2026/08/10 15:36:51.113, 1, 6661, 95
2026/08/10 15:36:52.186, 0, 3685, 94
2026/08/10 15:36:52.193, 1, 5349, 95
2026/08/10 15:36:53.281, 0, 4197, 81
2026/08/10 15:36:53.288, 1, 6021, 85
2026/08/10 15:36:54.379, 0, 4901, 94
2026/08/10 15:36:54.392, 1, 4581, 99
2026/08/10 15:36:55.468, 0, 5157, 100
2026/08/10 15:36:55.473, 1, 10245, 100
2026/08/10 15:36:56.540, 0, 4005, 80
2026/08/10 15:36:56.548, 1, 5189, 73
2026/08/10 15:36:57.640, 0, 3269, 96
2026/08/10 15:36:57.645, 1, 6565, 99
2026/08/10 15:36:58.749, 0, 5317, 90
2026/08/10 15:36:58.754, 1, 9381, 87
2026/08/10 15:36:59.828, 0, 3045, 87
2026/08/10 15:36:59.832, 1, 4549, 86
2026/08/10 15:37:00.914, 0, 3941, 97
2026/08/10 15:37:00.917, 1, 6213, 100
2026/08/10 15:37:01.990, 0, 5477, 37
2026/08/10 15:37:01.994, 1, 6405, 86
2026/08/10 15:37:03.047, 0, 6149, 91
2026/08/10 15:37:03.051, 1, 8293, 78
2026/08/10 15:37:04.133, 0, 3461, 92
2026/08/10 15:37:04.139, 1, 5605, 48
2026/08/10 15:37:05.233, 0, 4229, 92
2026/08/10 15:37:05.238, 1, 5029, 82
2026/08/10 15:37:06.349, 0, 4005, 62
2026/08/10 15:37:06.355, 1, 4869, 92
2026/08/10 15:37:07.433, 0, 4933, 100
2026/08/10 15:37:07.436, 1, 5445, 88
2026/08/10 15:37:08.534, 0, 6981, 67
2026/08/10 15:37:08.540, 1, 7877, 97
2026/08/10 15:37:09.628, 0, 4069, 97
2026/08/10 15:37:09.632, 1, 4869, 100
2026/08/10 15:37:10.747, 0, 3493, 66
2026/08/10 15:37:10.754, 1, 7077, 85
2026/08/10 15:37:11.820, 0, 6693, 21
2026/08/10 15:37:11.822, 1, 5221, 100
2026/08/10 15:37:12.923, 0, 3013, 72
2026/08/10 15:37:12.933, 1, 4933, 94
2026/08/10 15:37:14.035, 0, 7493, 58
2026/08/10 15:37:14.047, 1, 6277, 3
2026/08/10 15:37:15.159, 0, 2917, 62
2026/08/10 15:37:15.165, 1, 4933, 54
2026/08/10 15:37:16.235, 0, 6821, 93
2026/08/10 15:37:16.245, 1, 5381, 78
2026/08/10 15:37:17.316, 0, 4773, 29
2026/08/10 15:37:17.323, 1, 5573, 89
2026/08/10 15:37:18.388, 0, 6245, 70
2026/08/10 15:37:18.392, 1, 5349, 93
2026/08/10 15:37:19.496, 0, 5765, 100
2026/08/10 15:37:19.502, 1, 4613, 74
2026/08/10 15:37:20.579, 0, 3877, 81
2026/08/10 15:37:20.585, 1, 4965, 84
2026/08/10 15:37:21.645, 0, 3333, 100
2026/08/10 15:37:21.648, 1, 7653, 89
2026/08/10 15:37:22.751, 0, 3685, 100
2026/08/10 15:37:22.757, 1, 7109, 70
2026/08/10 15:37:23.840, 0, 3077, 76
2026/08/10 15:37:23.847, 1, 4805, 32
2026/08/10 15:37:24.933, 0, 2949, 82
2026/08/10 15:37:24.936, 1, 6405, 83
2026/08/10 15:37:26.003, 0, 3653, 80
2026/08/10 15:37:26.009, 1, 6149, 92
2026/08/10 15:37:27.093, 0, 4005, 98
2026/08/10 15:37:27.096, 1, 5253, 28
2026/08/10 15:37:28.189, 0, 6885, 70
2026/08/10 15:37:28.197, 1, 4133, 100
2026/08/10 15:37:29.267, 0, 4421, 80
2026/08/10 15:37:29.271, 1, 3941, 43
2026/08/10 15:37:30.334, 0, 5989, 56
2026/08/10 15:37:30.339, 1, 7237, 83
2026/08/10 15:37:31.430, 0, 3941, 70
2026/08/10 15:37:31.439, 1, 4645, 83
2026/08/10 15:37:32.509, 0, 8677, 80
2026/08/10 15:37:32.512, 1, 6693, 89
2026/08/10 15:37:33.576, 0, 4773, 84
2026/08/10 15:37:33.582, 1, 5669, 86
2026/08/10 15:37:34.661, 0, 5573, 92
2026/08/10 15:37:34.675, 1, 8293, 88
2026/08/10 15:37:35.745, 0, 3205, 100
2026/08/10 15:37:35.750, 1, 7813, 100
2026/08/10 15:37:36.815, 0, 7173, 76
2026/08/10 15:37:36.818, 1, 8709, 89
2026/08/10 15:37:37.907, 0, 3013, 95
2026/08/10 15:37:37.911, 1, 5125, 93
2026/08/10 15:37:39.002, 0, 4933, 89
2026/08/10 15:37:39.005, 1, 5381, 100
2026/08/10 15:37:40.097, 0, 5445, 61
2026/08/10 15:37:40.100, 1, 5285, 100
2026/08/10 15:37:41.182, 0, 4581, 94
2026/08/10 15:37:41.187, 1, 4517, 93
2026/08/10 15:37:42.261, 0, 3749, 100
2026/08/10 15:37:42.265, 1, 4709, 81
2026/08/10 15:37:43.367, 0, 3813, 88
2026/08/10 15:37:43.370, 1, 5157, 81
2026/08/10 15:37:44.470, 0, 5605, 85
2026/08/10 15:37:44.477, 1, 7397, 95
2026/08/10 15:37:45.535, 0, 8133, 93
2026/08/10 15:37:45.539, 1, 6245, 93
2026/08/10 15:37:46.637, 0, 4485, 87
2026/08/10 15:37:46.644, 1, 5125, 70
2026/08/10 15:37:47.721, 0, 4741, 84
2026/08/10 15:37:47.725, 1, 9285, 85
2026/08/10 15:37:48.824, 0, 3973, 87
2026/08/10 15:37:48.830, 1, 4581, 99
2026/08/10 15:37:49.951, 0, 4197, 93
2026/08/10 15:37:49.955, 1, 5381, 84
2026/08/10 15:37:51.036, 0, 3397, 100
2026/08/10 15:37:51.043, 1, 7429, 99
2026/08/10 15:37:52.153, 0, 8229, 80
2026/08/10 15:37:52.164, 1, 7493, 96
2026/08/10 15:37:53.228, 0, 3909, 97
2026/08/10 15:37:53.232, 1, 4965, 92
2026/08/10 15:37:54.302, 0, 5445, 57
2026/08/10 15:37:54.306, 1, 6533, 93
2026/08/10 15:37:55.365, 0, 3813, 95
2026/08/10 15:37:55.369, 1, 4485, 89
2026/08/10 15:37:56.457, 0, 3013, 88
2026/08/10 15:37:56.460, 1, 6149, 60
2026/08/10 15:37:57.534, 0, 3109, 99
2026/08/10 15:37:57.542, 1, 6501, 75
2026/08/10 15:37:58.612, 0, 5285, 77
2026/08/10 15:37:58.615, 1, 5125, 58
2026/08/10 15:37:59.711, 0, 4197, 94
2026/08/10 15:37:59.720, 1, 4325, 100
2026/08/10 15:38:00.801, 0, 3621, 90
2026/08/10 15:38:00.805, 1, 4645, 67
2026/08/10 15:38:01.868, 0, 7941, 81
2026/08/10 15:38:01.871, 1, 5957, 82
2026/08/10 15:38:02.941, 0, 5381, 93
2026/08/10 15:38:02.955, 1, 6629, 80
2026/08/10 15:38:04.052, 0, 4741, 99
2026/08/10 15:38:04.059, 1, 7109, 81
2026/08/10 15:38:05.133, 0, 5349, 96
2026/08/10 15:38:05.140, 1, 4197, 73
2026/08/10 15:38:06.203, 0, 8965, 91
2026/08/10 15:38:06.211, 1, 7269, 37
2026/08/10 15:38:07.295, 0, 5349, 84
2026/08/10 15:38:07.301, 1, 4517, 97
2026/08/10 15:38:08.365, 0, 3333, 96
2026/08/10 15:38:08.372, 1, 4517, 94
2026/08/10 15:38:09.453, 0, 3589, 92
2026/08/10 15:38:09.463, 1, 4549, 93
2026/08/10 15:38:10.540, 0, 4965, 78
2026/08/10 15:38:10.544, 1, 5381, 77
2026/08/10 15:38:11.595, 0, 5957, 89
2026/08/10 15:38:11.604, 1, 6341, 89
2026/08/10 15:38:12.719, 0, 5253, 88
2026/08/10 15:38:12.723, 1, 5413, 91
2026/08/10 15:38:13.795, 0, 6277, 100
2026/08/10 15:38:13.799, 1, 6949, 78
2026/08/10 15:38:14.859, 0, 5029, 97
2026/08/10 15:38:14.863, 1, 9349, 64
2026/08/10 15:38:15.956, 0, 3557, 79
2026/08/10 15:38:15.962, 1, 4709, 96
2026/08/10 15:38:17.020, 0, 4421, 94
2026/08/10 15:38:17.023, 1, 5701, 79
2026/08/10 15:38:18.081, 0, 8613, 89
2026/08/10 15:38:18.085, 1, 6021, 55
2026/08/10 15:38:19.156, 0, 5733, 98
2026/08/10 15:38:19.160, 1, 4517, 44
2026/08/10 15:38:20.268, 0, 6533, 93
2026/08/10 15:38:20.274, 1, 4549, 96
2026/08/10 15:38:21.356, 0, 5221, 82
2026/08/10 15:38:21.359, 1, 7781, 100
2026/08/10 15:38:22.432, 0, 4869, 90
2026/08/10 15:38:22.439, 1, 4421, 87
2026/08/10 15:38:23.547, 0, 4069, 25
2026/08/10 15:38:23.557, 1, 7141, 64
2026/08/10 15:38:24.642, 0, 5349, 58
2026/08/10 15:38:24.645, 1, 5413, 64
2026/08/10 15:38:25.712, 0, 9125, 92
2026/08/10 15:38:25.715, 1, 9285, 99
2026/08/10 15:38:26.796, 0, 3525, 90
2026/08/10 15:38:26.802, 1, 8069, 97
2026/08/10 15:38:27.912, 0, 5861, 0
2026/08/10 15:38:27.917, 1, 6565, 91
2026/08/10 15:38:28.997, 0, 3013, 41
2026/08/10 15:38:29.003, 1, 7045, 100
2026/08/10 15:38:30.109, 0, 3333, 95
2026/08/10 15:38:30.116, 1, 9989, 80
2026/08/10 15:38:31.186, 0, 5189, 31
2026/08/10 15:38:31.189, 1, 5509, 82
2026/08/10 15:38:32.306, 0, 5669, 97
2026/08/10 15:38:32.313, 1, 4837, 100
2026/08/10 15:38:33.372, 0, 7461, 78
2026/08/10 15:38:33.376, 1, 6021, 94
2026/08/10 15:38:34.460, 0, 5477, 75
2026/08/10 15:38:34.463, 1, 6245, 87
2026/08/10 15:38:35.538, 0, 5221, 98
2026/08/10 15:38:35.542, 1, 6565, 93
2026/08/10 15:38:36.617, 0, 4037, 97
2026/08/10 15:38:36.621, 1, 6565, 91
2026/08/10 15:38:37.714, 0, 3589, 85
2026/08/10 15:38:37.721, 1, 4837, 97
2026/08/10 15:38:38.786, 0, 5573, 50
2026/08/10 15:38:38.789, 1, 5285, 86
2026/08/10 15:38:39.849, 0, 3525, 93
2026/08/10 15:38:39.852, 1, 4773, 90
2026/08/10 15:38:40.937, 0, 3685, 78
2026/08/10 15:38:40.940, 1, 4709, 93
2026/08/10 15:38:42.012, 0, 6149, 84
2026/08/10 15:38:42.020, 1, 5957, 91
2026/08/10 15:38:43.087, 0, 5061, 86
2026/08/10 15:38:43.094, 1, 4517, 100
2026/08/10 15:38:44.168, 0, 4069, 100
2026/08/10 15:38:44.172, 1, 7269, 72
2026/08/10 15:38:45.238, 0, 3397, 98
2026/08/10 15:38:45.241, 1, 4709, 97
2026/08/10 15:38:46.333, 0, 4773, 93
2026/08/10 15:38:46.341, 1, 5445, 82
2026/08/10 15:38:47.415, 0, 3301, 91
2026/08/10 15:38:47.423, 1, 6213, 92
2026/08/10 15:38:48.495, 0, 5509, 35
2026/08/10 15:38:48.498, 1, 7205, 100
2026/08/10 15:38:49.592, 0, 5445, 59
2026/08/10 15:38:49.597, 1, 4805, 84
2026/08/10 15:38:50.687, 0, 3109, 90
2026/08/10 15:38:50.695, 1, 4613, 86
2026/08/10 15:38:51.779, 0, 3813, 77
2026/08/10 15:38:51.785, 1, 5413, 82
2026/08/10 15:38:52.846, 0, 5541, 100
2026/08/10 15:38:52.853, 1, 5381, 95
2026/08/10 15:38:53.915, 0, 3205, 3
2026/08/10 15:38:53.919, 1, 8293, 100
2026/08/10 15:38:54.979, 0, 5541, 23
2026/08/10 15:38:54.982, 1, 7237, 90
2026/08/10 15:38:56.060, 0, 5381, 5
2026/08/10 15:38:56.064, 1, 7205, 99
2026/08/10 15:38:57.132, 0, 5381, 91
2026/08/10 15:38:57.135, 1, 5413, 40
2026/08/10 15:38:58.187, 0, 3493, 97
2026/08/10 15:38:58.193, 1, 6949, 98
2026/08/10 15:38:59.286, 0, 2917, 94
2026/08/10 15:38:59.289, 1, 4133, 94
2026/08/10 15:39:00.388, 0, 3973, 82
2026/08/10 15:39:00.396, 1, 5221, 95
2026/08/10 15:39:01.484, 0, 5029, 92
2026/08/10 15:39:01.487, 1, 5861, 85
2026/08/10 15:39:02.553, 0, 5061, 96
2026/08/10 15:39:02.558, 1, 4933, 84
2026/08/10 15:39:03.649, 0, 6373, 38
2026/08/10 15:39:03.652, 1, 6565, 97
2026/08/10 15:39:04.715, 0, 4581, 76
2026/08/10 15:39:04.721, 1, 5477, 75
2026/08/10 15:39:05.813, 0, 5029, 51
2026/08/10 15:39:05.819, 1, 5893, 89
2026/08/10 15:39:06.887, 0, 5413, 91
2026/08/10 15:39:06.891, 1, 5669, 76
2026/08/10 15:39:07.991, 0, 6629, 97
2026/08/10 15:39:07.996, 1, 6309, 87
2026/08/10 15:39:09.059, 0, 7173, 95
2026/08/10 15:39:09.064, 1, 6181, 92
2026/08/10 15:39:10.134, 0, 4485, 81
2026/08/10 15:39:10.143, 1, 4293, 93
2026/08/10 15:39:11.245, 0, 4485, 94
2026/08/10 15:39:11.249, 1, 7877, 74
2026/08/10 15:39:12.338, 0, 4389, 76
2026/08/10 15:39:12.344, 1, 6085, 56
2026/08/10 15:39:13.423, 0, 6181, 78
2026/08/10 15:39:13.431, 1, 7333, 88
2026/08/10 15:39:14.497, 0, 7557, 100
2026/08/10 15:39:14.501, 1, 7429, 98
2026/08/10 15:39:15.589, 0, 9957, 89
2026/08/10 15:39:15.591, 1, 6661, 100
2026/08/10 15:39:16.686, 0, 6181, 91
2026/08/10 15:39:16.694, 1, 10053, 97
2026/08/10 15:39:17.769, 0, 6245, 90
2026/08/10 15:39:17.773, 1, 8805, 100
2026/08/10 15:39:18.843, 0, 4453, 100
2026/08/10 15:39:18.847, 1, 7237, 74
2026/08/10 15:39:19.939, 0, 4005, 96
2026/08/10 15:39:19.943, 1, 6693, 100
2026/08/10 15:39:21.018, 0, 3557, 88
2026/08/10 15:39:21.021, 1, 5189, 100
2026/08/10 15:39:22.141, 0, 6085, 95
2026/08/10 15:39:22.149, 1, 6981, 91
2026/08/10 15:39:23.207, 0, 6213, 79
2026/08/10 15:39:23.211, 1, 5701, 96
2026/08/10 15:39:24.272, 0, 3909, 80
2026/08/10 15:39:24.279, 1, 7301, 97
2026/08/10 15:39:25.375, 0, 2981, 100
2026/08/10 15:39:25.381, 1, 4229, 91
2026/08/10 15:39:26.486, 0, 3045, 88
2026/08/10 15:39:26.493, 1, 4581, 78
2026/08/10 15:39:27.605, 0, 3781, 54
2026/08/10 15:39:27.614, 1, 5221, 75
2026/08/10 15:39:28.700, 0, 4869, 69
2026/08/10 15:39:28.707, 1, 4485, 100
2026/08/10 15:39:29.803, 0, 6117, 78
2026/08/10 15:39:29.813, 1, 6181, 100
2026/08/10 15:39:30.879, 0, 3525, 61
2026/08/10 15:39:30.885, 1, 6533, 68
2026/08/10 15:39:31.949, 0, 5349, 25
2026/08/10 15:39:31.952, 1, 7397, 100
2026/08/10 15:39:33.010, 0, 6917, 98
2026/08/10 15:39:33.015, 1, 11333, 77
2026/08/10 15:39:34.091, 0, 7269, 66
2026/08/10 15:39:34.096, 1, 6789, 84
2026/08/10 15:39:35.161, 0, 7141, 56
2026/08/10 15:39:35.164, 1, 8325, 100
2026/08/10 15:39:36.220, 0, 4837, 100
2026/08/10 15:39:36.224, 1, 8229, 100
2026/08/10 15:39:37.294, 0, 6277, 100
2026/08/10 15:39:37.302, 1, 4965, 100
2026/08/10 15:39:38.406, 0, 3333, 92
2026/08/10 15:39:38.409, 1, 5221, 93
2026/08/10 15:39:39.508, 0, 3333, 86
2026/08/10 15:39:39.514, 1, 5797, 97
2026/08/10 15:39:40.594, 0, 8261, 70
2026/08/10 15:39:40.598, 1, 7269, 73
2026/08/10 15:39:41.672, 0, 8229, 100
2026/08/10 15:39:41.677, 1, 6981, 91
2026/08/10 15:39:42.790, 0, 4485, 100
2026/08/10 15:39:42.799, 1, 4421, 78
2026/08/10 15:39:43.867, 0, 7173, 70
2026/08/10 15:39:43.871, 1, 10245, 100
2026/08/10 15:39:44.925, 0, 13093, 93
2026/08/10 15:39:44.928, 1, 9893, 100
2026/08/10 15:39:45.974, 0, 3909, 97
2026/08/10 15:39:45.977, 1, 9765, 100
2026/08/10 15:39:47.035, 0, 3109, 98
2026/08/10 15:39:47.044, 1, 7141, 100
2026/08/10 15:39:48.122, 0, 3493, 98
2026/08/10 15:39:48.126, 1, 5317, 100
2026/08/10 15:39:49.214, 0, 8229, 99
2026/08/10 15:39:49.219, 1, 4805, 88
2026/08/10 15:39:50.314, 0, 4261, 99
2026/08/10 15:39:50.322, 1, 4165, 90
2026/08/10 15:39:51.406, 0, 8549, 96
2026/08/10 15:39:51.411, 1, 6917, 100
2026/08/10 15:39:52.485, 0, 4069, 34
2026/08/10 15:39:52.494, 1, 9701, 100
2026/08/10 15:39:53.558, 0, 5317, 86
2026/08/10 15:39:53.561, 1, 8581, 98
2026/08/10 15:39:54.637, 0, 5925, 100
2026/08/10 15:39:54.640, 1, 5253, 82
2026/08/10 15:39:55.698, 0, 6981, 99
2026/08/10 15:39:55.702, 1, 6661, 86
2026/08/10 15:39:56.776, 0, 7781, 83
2026/08/10 15:39:56.779, 1, 4613, 83
2026/08/10 15:39:57.850, 0, 6181, 99
2026/08/10 15:39:57.854, 1, 5637, 96
2026/08/10 15:39:58.922, 0, 6277, 96
2026/08/10 15:39:58.926, 1, 8133, 98
2026/08/10 15:39:59.979, 0, 4901, 78
2026/08/10 15:39:59.983, 1, 6181, 97
2026/08/10 15:40:01.047, 0, 3813, 91
2026/08/10 15:40:01.051, 1, 7141, 100
2026/08/10 15:40:02.115, 0, 5285, 100
2026/08/10 15:40:02.119, 1, 6949, 100
2026/08/10 15:40:03.206, 0, 4677, 89
2026/08/10 15:40:03.213, 1, 9093, 96
2026/08/10 15:40:04.286, 0, 5381, 100
2026/08/10 15:40:04.289, 1, 7589, 95
2026/08/10 15:40:05.375, 0, 4741, 43
2026/08/10 15:40:05.378, 1, 6565, 88
2026/08/10 15:40:06.426, 0, 5797, 69
2026/08/10 15:40:06.430, 1, 6789, 100
2026/08/10 15:40:07.508, 0, 4517, 83
2026/08/10 15:40:07.517, 1, 5061, 100
2026/08/10 15:40:08.609, 0, 4101, 99
2026/08/10 15:40:08.612, 1, 7045, 88
2026/08/10 15:40:09.721, 0, 4517, 100
2026/08/10 15:40:09.724, 1, 6981, 100
2026/08/10 15:40:10.817, 0, 5989, 94
2026/08/10 15:40:10.820, 1, 6917, 100
2026/08/10 15:40:11.905, 0, 4293, 100
2026/08/10 15:40:11.909, 1, 5989, 100
2026/08/10 15:40:12.998, 0, 4805, 78
2026/08/10 15:40:13.007, 1, 8773, 90
2026/08/10 15:40:14.122, 0, 4613, 78
2026/08/10 15:40:14.126, 1, 7877, 100
2026/08/10 15:40:15.196, 0, 6373, 93
2026/08/10 15:40:15.199, 1, 6309, 84
2026/08/10 15:40:16.269, 0, 5541, 87
2026/08/10 15:40:16.273, 1, 5189, 93
2026/08/10 15:40:17.344, 0, 3525, 89
2026/08/10 15:40:17.351, 1, 5285, 67
2026/08/10 15:40:18.464, 0, 4389, 97
2026/08/10 15:40:18.468, 1, 5989, 82
2026/08/10 15:40:19.528, 0, 5221, 100
2026/08/10 15:40:19.532, 1, 6533, 57
2026/08/10 15:40:20.590, 0, 6213, 80
2026/08/10 15:40:20.598, 1, 4773, 100
2026/08/10 15:40:21.662, 0, 6981, 100
2026/08/10 15:40:21.665, 1, 6917, 64
2026/08/10 15:40:22.713, 0, 6245, 64
2026/08/10 15:40:22.716, 1, 6853, 100
2026/08/10 15:40:23.776, 0, 6085, 81
2026/08/10 15:40:23.780, 1, 6405, 0
2026/08/10 15:40:24.845, 0, 5861, 90
2026/08/10 15:40:24.850, 1, 6629, 98
2026/08/10 15:40:25.907, 0, 5253, 99
2026/08/10 15:40:25.910, 1, 4933, 68
2026/08/10 15:40:26.974, 0, 8549, 98
2026/08/10 15:40:26.978, 1, 5893, 100
2026/08/10 15:40:28.038, 0, 6341, 100
2026/08/10 15:40:28.041, 1, 5477, 100
2026/08/10 15:40:29.107, 0, 4485, 98
2026/08/10 15:40:29.114, 1, 9733, 93
2026/08/10 15:40:30.172, 0, 3877, 100
2026/08/10 15:40:30.176, 1, 6981, 96
2026/08/10 15:40:31.244, 0, 4133, 100
2026/08/10 15:40:31.248, 1, 7013, 91
2026/08/10 15:40:32.349, 0, 7365, 84
2026/08/10 15:40:32.357, 1, 9029, 54
2026/08/10 15:40:33.437, 0, 4709, 98
2026/08/10 15:40:33.441, 1, 7173, 100
2026/08/10 15:40:34.504, 0, 4165, 96
2026/08/10 15:40:34.507, 1, 7685, 100
2026/08/10 15:40:35.567, 0, 6853, 98
2026/08/10 15:40:35.570, 1, 5509, 100
2026/08/10 15:40:36.651, 0, 5893, 100
2026/08/10 15:40:36.659, 1, 6149, 97
2026/08/10 15:40:37.726, 0, 3269, 85
2026/08/10 15:40:37.729, 1, 4837, 86
2026/08/10 15:40:38.825, 0, 4133, 100
2026/08/10 15:40:38.833, 1, 5477, 96
2026/08/10 15:40:39.940, 0, 4421, 80
2026/08/10 15:40:39.951, 1, 5317, 100
2026/08/10 15:40:41.019, 0, 6277, 54
2026/08/10 15:40:41.022, 1, 7173, 100
2026/08/10 15:40:42.086, 0, 5765, 81
2026/08/10 15:40:42.089, 1, 5893, 92
2026/08/10 15:40:43.155, 0, 5477, 80
2026/08/10 15:40:43.167, 1, 5317, 46
2026/08/10 15:40:44.254, 0, 5317, 99
2026/08/10 15:40:44.260, 1, 6597, 87
2026/08/10 15:40:45.332, 0, 5957, 91
2026/08/10 15:40:45.335, 1, 6341, 100
2026/08/10 15:40:46.401, 0, 4229, 100
2026/08/10 15:40:46.406, 1, 4997, 100
2026/08/10 15:40:47.467, 0, 6917, 100
2026/08/10 15:40:47.471, 1, 7173, 90
2026/08/10 15:40:48.521, 0, 4805, 100
2026/08/10 15:40:48.524, 1, 5541, 94
2026/08/10 15:40:49.598, 0, 5445, 100
2026/08/10 15:40:49.602, 1, 6053, 93
2026/08/10 15:40:50.694, 0, 3589, 85
2026/08/10 15:40:50.699, 1, 5317, 99
2026/08/10 15:40:51.792, 0, 4389, 76
2026/08/10 15:40:51.800, 1, 7397, 96
2026/08/10 15:40:52.887, 0, 3205, 93
2026/08/10 15:40:52.894, 1, 4357, 88
2026/08/10 15:40:53.962, 0, 5701, 73
2026/08/10 15:40:53.966, 1, 5413, 100
2026/08/10 15:40:55.046, 0, 3941, 85
2026/08/10 15:40:55.049, 1, 7205, 100
2026/08/10 15:40:56.156, 0, 4229, 88
2026/08/10 15:40:56.166, 1, 4549, 87
2026/08/10 15:40:57.260, 0, 3525, 100
2026/08/10 15:40:57.266, 1, 5029, 100
2026/08/10 15:40:58.343, 0, 4133, 32
2026/08/10 15:40:58.347, 1, 6373, 98
2026/08/10 15:40:59.419, 0, 3013, 99
2026/08/10 15:40:59.425, 1, 5285, 79
2026/08/10 15:41:00.520, 0, 3557, 84
2026/08/10 15:41:00.523, 1, 6981, 40
2026/08/10 15:41:01.586, 0, 3429, 27
2026/08/10 15:41:01.593, 1, 9797, 59
2026/08/10 15:41:02.699, 0, 5381, 100
2026/08/10 15:41:02.703, 1, 7045, 58
2026/08/10 15:41:03.786, 0, 5669, 100
2026/08/10 15:41:03.792, 1, 4549, 49
2026/08/10 15:41:04.905, 0, 5701, 100
2026/08/10 15:41:04.908, 1, 6341, 34
2026/08/10 15:41:06.000, 0, 3109, 74
2026/08/10 15:41:06.003, 1, 5605, 100
2026/08/10 15:41:07.100, 0, 6373, 83
2026/08/10 15:41:07.107, 1, 4837, 65
2026/08/10 15:41:08.201, 0, 7557, 100
2026/08/10 15:41:08.208, 1, 4261, 34
2026/08/10 15:41:09.287, 0, 5381, 87
2026/08/10 15:41:09.293, 1, 4613, 64
2026/08/10 15:41:10.382, 0, 9413, 100
2026/08/10 15:41:10.390, 1, 6277, 100
2026/08/10 15:41:11.462, 0, 6469, 96
2026/08/10 15:41:11.465, 1, 7685, 100
2026/08/10 15:41:12.519, 0, 5797, 88
2026/08/10 15:41:12.521, 1, 5733, 100
2026/08/10 15:41:13.636, 0, 4581, 73
2026/08/10 15:41:13.643, 1, 7237, 77
2026/08/10 15:41:14.734, 0, 4005, 85
2026/08/10 15:41:14.739, 1, 5701, 91
2026/08/10 15:41:15.832, 0, 3333, 83
2026/08/10 15:41:15.839, 1, 6501, 93
2026/08/10 15:41:16.944, 0, 5989, 91
2026/08/10 15:41:16.948, 1, 6757, 95
2026/08/10 15:41:18.011, 0, 8293, 100
2026/08/10 15:41:18.014, 1, 6757, 19
2026/08/10 15:41:19.104, 0, 5541, 100
2026/08/10 15:41:19.111, 1, 7653, 0
2026/08/10 15:41:20.167, 0, 8869, 52
2026/08/10 15:41:20.169, 1, 9701, 0
2026/08/10 15:41:21.228, 0, 9029, 99
2026/08/10 15:41:21.232, 1, 8133, 100
2026/08/10 15:41:22.291, 0, 8997, 100
2026/08/10 15:41:22.294, 1, 7077, 83
2026/08/10 15:41:23.379, 0, 5733, 95
2026/08/10 15:41:23.386, 1, 4741, 82
2026/08/10 15:41:24.487, 0, 4997, 76
2026/08/10 15:41:24.490, 1, 4965, 75
2026/08/10 15:41:25.610, 0, 5541, 100
2026/08/10 15:41:25.616, 1, 6149, 79
2026/08/10 15:41:26.720, 0, 4421, 70
2026/08/10 15:41:26.726, 1, 4453, 62
2026/08/10 15:41:27.826, 0, 5317, 100
2026/08/10 15:41:27.832, 1, 5029, 99
2026/08/10 15:41:28.929, 0, 6405, 83
2026/08/10 15:41:28.937, 1, 6565, 62
2026/08/10 15:41:30.007, 0, 6949, 50
2026/08/10 15:41:30.011, 1, 6597, 99
2026/08/10 15:41:31.066, 0, 6021, 100
2026/08/10 15:41:31.069, 1, 8357, 86
2026/08/10 15:41:32.122, 0, 6085, 80
2026/08/10 15:41:32.125, 1, 7781, 44
2026/08/10 15:41:33.193, 0, 6501, 25
2026/08/10 15:41:33.199, 1, 7589, 96
2026/08/10 15:41:34.265, 0, 6469, 100
2026/08/10 15:41:34.268, 1, 5349, 100
2026/08/10 15:41:35.356, 0, 5413, 98
2026/08/10 15:41:35.367, 1, 4581, 91
2026/08/10 15:41:36.466, 0, 5221, 83
2026/08/10 15:41:36.470, 1, 9285, 28
2026/08/10 15:41:37.523, 0, 9893, 95
2026/08/10 15:41:37.526, 1, 9765, 91
2026/08/10 15:41:38.589, 0, 6213, 100
2026/08/10 15:41:38.592, 1, 7813, 85
2026/08/10 15:41:39.682, 0, 7813, 89
2026/08/10 15:41:39.686, 1, 6149, 99
2026/08/10 15:41:40.777, 0, 4293, 100
2026/08/10 15:41:40.783, 1, 7045, 54
2026/08/10 15:41:41.871, 0, 5989, 100
2026/08/10 15:41:41.875, 1, 4773, 100
2026/08/10 15:41:42.944, 0, 4037, 64
2026/08/10 15:41:42.948, 1, 6629, 99
2026/08/10 15:41:43.997, 0, 6213, 54
2026/08/10 15:41:43.999, 1, 6661, 100
2026/08/10 15:41:45.063, 0, 5381, 82
2026/08/10 15:41:45.066, 1, 8677, 100
2026/08/10 15:41:46.124, 0, 5445, 84
2026/08/10 15:41:46.128, 1, 8645, 77
2026/08/10 15:41:47.185, 0, 4069, 94
2026/08/10 15:41:47.189, 1, 9765, 57
2026/08/10 15:41:48.257, 0, 3813, 35
2026/08/10 15:41:48.260, 1, 10533, 73
2026/08/10 15:41:49.322, 0, 6949, 100
2026/08/10 15:41:49.326, 1, 5509, 88
2026/08/10 15:41:50.410, 0, 4101, 71
2026/08/10 15:41:50.414, 1, 8837, 84
2026/08/10 15:41:51.471, 0, 6661, 73
2026/08/10 15:41:51.474, 1, 4389, 93
2026/08/10 15:41:52.546, 0, 4613, 91
2026/08/10 15:41:52.552, 1, 10277, 39
2026/08/10 15:41:53.608, 0, 6533, 61
2026/08/10 15:41:53.611, 1, 9701, 94
2026/08/10 15:41:54.680, 0, 5093, 100
2026/08/10 15:41:54.689, 1, 5221, 77
2026/08/10 15:41:55.775, 0, 6181, 56
2026/08/10 15:41:55.780, 1, 6021, 97
2026/08/10 15:41:56.868, 0, 6085, 60
2026/08/10 15:41:56.875, 1, 6853, 87
2026/08/10 15:41:57.991, 0, 4229, 100
2026/08/10 15:41:57.998, 1, 4325, 100
2026/08/10 15:41:59.109, 0, 3205, 70
2026/08/10 15:41:59.115, 1, 6565, 99
2026/08/10 15:42:00.184, 0, 4869, 83
2026/08/10 15:42:00.188, 1, 5125, 95
2026/08/10 15:42:01.261, 0, 3845, 71
2026/08/10 15:42:01.267, 1, 9061, 74
2026/08/10 15:42:02.354, 0, 7301, 100
2026/08/10 15:42:02.358, 1, 6597, 68
2026/08/10 15:42:03.456, 0, 6917, 98
2026/08/10 15:42:03.463, 1, 4645, 100
2026/08/10 15:42:04.545, 0, 3813, 89
2026/08/10 15:42:04.548, 1, 5253, 100
2026/08/10 15:42:05.618, 0, 3493, 86
2026/08/10 15:42:05.624, 1, 5701, 41
2026/08/10 15:42:06.716, 0, 4261, 99
2026/08/10 15:42:06.722, 1, 10149, 100
2026/08/10 15:42:07.814, 0, 6789, 100
2026/08/10 15:42:07.822, 1, 8453, 100
2026/08/10 15:42:08.931, 0, 4997, 100
2026/08/10 15:42:08.941, 1, 7045, 95
2026/08/10 15:42:10.013, 0, 5669, 74
2026/08/10 15:42:10.016, 1, 6181, 100
2026/08/10 15:42:11.070, 0, 5381, 100
2026/08/10 15:42:11.074, 1, 9029, 100
2026/08/10 15:42:12.166, 0, 5637, 95
2026/08/10 15:42:12.176, 1, 5253, 100
2026/08/10 15:42:13.266, 0, 5317, 100
2026/08/10 15:42:13.273, 1, 5509, 70
2026/08/10 15:42:14.367, 0, 3429, 95
2026/08/10 15:42:14.371, 1, 7173, 74
2026/08/10 15:42:15.451, 0, 5253, 100
2026/08/10 15:42:15.455, 1, 8005, 98
2026/08/10 15:42:16.513, 0, 4869, 100
2026/08/10 15:42:16.516, 1, 5349, 85
2026/08/10 15:42:17.594, 0, 4869, 86
2026/08/10 15:42:17.599, 1, 6501, 100
2026/08/10 15:42:18.672, 0, 4741, 80
2026/08/10 15:42:18.677, 1, 6117, 99
2026/08/10 15:42:19.746, 0, 7493, 100
2026/08/10 15:42:19.750, 1, 7877, 85
2026/08/10 15:42:20.806, 0, 8645, 84
2026/08/10 15:42:20.809, 1, 7973, 100
2026/08/10 15:42:21.872, 0, 7141, 100
2026/08/10 15:42:21.876, 1, 5541, 68
2026/08/10 15:42:22.937, 0, 4005, 94
2026/08/10 15:42:22.944, 1, 4997, 100
2026/08/10 15:42:24.008, 0, 5285, 52
2026/08/10 15:42:24.011, 1, 6437, 91
2026/08/10 15:42:25.099, 0, 3397, 100
2026/08/10 15:42:25.105, 1, 6917, 51
2026/08/10 15:42:26.174, 0, 6117, 88
2026/08/10 15:42:26.177, 1, 7973, 73
2026/08/10 15:42:27.224, 0, 6949, 100
2026/08/10 15:42:27.227, 1, 7045, 33
2026/08/10 15:42:28.276, 0, 7909, 100
2026/08/10 15:42:28.280, 1, 8965, 100
2026/08/10 15:42:29.336, 0, 9349, 68
2026/08/10 15:42:29.339, 1, 8165, 83
2026/08/10 15:42:30.429, 0, 4229, 84
2026/08/10 15:42:30.435, 1, 6437, 92
2026/08/10 15:42:31.491, 0, 4485, 92
2026/08/10 15:42:31.494, 1, 9317, 100
2026/08/10 15:42:32.541, 0, 8069, 74
2026/08/10 15:42:32.544, 1, 6341, 58
2026/08/10 15:42:33.616, 0, 5765, 99
2026/08/10 15:42:33.620, 1, 10277, 100
2026/08/10 15:42:34.677, 0, 6053, 100
2026/08/10 15:42:34.681, 1, 7237, 100
2026/08/10 15:42:35.732, 0, 2757, 27
2026/08/10 15:42:35.736, 1, 6277, 100
2026/08/10 15:42:36.825, 0, 3877, 65
2026/08/10 15:42:36.828, 1, 10309, 100
2026/08/10 15:42:37.876, 0, 6533, 85
2026/08/10 15:42:37.879, 1, 8421, 84
2026/08/10 15:42:38.926, 0, 7557, 95
2026/08/10 15:42:38.929, 1, 9541, 97
2026/08/10 15:42:39.976, 0, 3461, 100
2026/08/10 15:42:39.980, 1, 7941, 86
2026/08/10 15:42:41.040, 0, 3621, 74
2026/08/10 15:42:41.046, 1, 5061, 72
2026/08/10 15:42:42.108, 0, 5381, 92
2026/08/10 15:42:42.112, 1, 7589, 98
2026/08/10 15:42:43.209, 0, 3941, 96
2026/08/10 15:42:43.222, 1, 6917, 100
2026/08/10 15:42:44.314, 0, 3813, 78
2026/08/10 15:42:44.316, 1, 5957, 100
2026/08/10 15:42:45.388, 0, 2597, 100
2026/08/10 15:42:45.394, 1, 5157, 100
2026/08/10 15:42:46.460, 0, 5989, 43
2026/08/10 15:42:46.466, 1, 6085, 98
2026/08/10 15:42:47.570, 0, 5189, 0
2026/08/10 15:42:47.576, 1, 6149, 100
2026/08/10 15:42:48.641, 0, 6629, 100
2026/08/10 15:42:48.645, 1, 8005, 87
2026/08/10 15:42:49.699, 0, 5765, 100
2026/08/10 15:42:49.702, 1, 8069, 93
2026/08/10 15:42:50.780, 0, 4485, 100
2026/08/10 15:42:50.792, 1, 7045, 77
2026/08/10 15:42:51.898, 0, 3237, 84
2026/08/10 15:42:51.904, 1, 7077, 97
2026/08/10 15:42:53.000, 0, 6181, 100
2026/08/10 15:42:53.006, 1, 6245, 100
2026/08/10 15:42:54.073, 0, 3205, 64
2026/08/10 15:42:54.082, 1, 4709, 92
2026/08/10 15:42:55.195, 0, 3909, 90
2026/08/10 15:42:55.203, 1, 5701, 98
2026/08/10 15:42:56.285, 0, 5061, 96
2026/08/10 15:42:56.292, 1, 4389, 78
2026/08/10 15:42:57.366, 0, 3269, 94
2026/08/10 15:42:57.373, 1, 6181, 91
2026/08/10 15:42:58.443, 0, 5253, 95
2026/08/10 15:42:58.446, 1, 6501, 100
2026/08/10 15:42:59.511, 0, 2597, 36
2026/08/10 15:42:59.518, 1, 8453, 89
2026/08/10 15:43:00.613, 0, 2885, 80
2026/08/10 15:43:00.616, 1, 7685, 90
2026/08/10 15:43:01.728, 0, 4357, 79
2026/08/10 15:43:01.733, 1, 6565, 98
2026/08/10 15:43:02.826, 0, 4933, 55
2026/08/10 15:43:02.830, 1, 4773, 72
2026/08/10 15:43:03.927, 0, 5925, 67
2026/08/10 15:43:03.931, 1, 5061, 76
2026/08/10 15:43:05.025, 0, 5765, 100
2026/08/10 15:43:05.030, 1, 4485, 100
2026/08/10 15:43:06.105, 0, 5509, 87
2026/08/10 15:43:06.108, 1, 8261, 83
2026/08/10 15:43:07.168, 0, 3429, 80
2026/08/10 15:43:07.171, 1, 8101, 8
2026/08/10 15:43:08.244, 0, 4005, 100
2026/08/10 15:43:08.248, 1, 5605, 92
2026/08/10 15:43:09.335, 0, 6341, 90
2026/08/10 15:43:09.346, 1, 7621, 98
2026/08/10 15:43:10.418, 0, 4485, 71
2026/08/10 15:43:10.421, 1, 5925, 93
2026/08/10 15:43:11.528, 0, 3525, 100
2026/08/10 15:43:11.533, 1, 4869, 100
2026/08/10 15:43:12.625, 0, 2917, 72
2026/08/10 15:43:12.628, 1, 5669, 73
2026/08/10 15:43:13.698, 0, 3813, 53
2026/08/10 15:43:13.701, 1, 6021, 77
2026/08/10 15:43:14.798, 0, 2757, 79
2026/08/10 15:43:14.811, 1, 4709, 100
2026/08/10 15:43:15.925, 0, 4805, 96
2026/08/10 15:43:15.933, 1, 8613, 85
2026/08/10 15:43:17.036, 0, 3909, 65
2026/08/10 15:43:17.042, 1, 4581, 88
2026/08/10 15:43:18.150, 0, 3621, 64
2026/08/10 15:43:18.156, 1, 5317, 100
2026/08/10 15:43:19.238, 0, 5477, 100
2026/08/10 15:43:19.242, 1, 4421, 78
2026/08/10 15:43:20.358, 0, 3589, 60
2026/08/10 15:43:20.361, 1, 3781, 83
2026/08/10 15:43:21.427, 0, 5061, 100
2026/08/10 15:43:21.433, 1, 7173, 93
2026/08/10 15:43:22.508, 0, 3621, 70
2026/08/10 15:43:22.522, 1, 4613, 99
2026/08/10 15:43:23.608, 0, 6277, 97
2026/08/10 15:43:23.617, 1, 4485, 98
2026/08/10 15:43:24.727, 0, 3429, 94
2026/08/10 15:43:24.733, 1, 4837, 93
2026/08/10 15:43:25.820, 0, 5125, 92
2026/08/10 15:43:25.827, 1, 4325, 100
2026/08/10 15:43:26.939, 0, 4965, 96
2026/08/10 15:43:26.946, 1, 5605, 98
2026/08/10 15:43:28.017, 0, 4581, 91
2026/08/10 15:43:28.021, 1, 8133, 98
2026/08/10 15:43:29.070, 0, 9285, 81
2026/08/10 15:43:29.073, 1, 6533, 43
2026/08/10 15:43:30.136, 0, 4133, 16
2026/08/10 15:43:30.143, 1, 6309, 100
2026/08/10 15:43:31.201, 0, 7429, 100
2026/08/10 15:43:31.204, 1, 6373, 94
2026/08/10 15:43:32.263, 0, 3077, 80
2026/08/10 15:43:32.267, 1, 5029, 90
2026/08/10 15:43:33.341, 0, 3781, 53
2026/08/10 15:43:33.346, 1, 6789, 100
2026/08/10 15:43:34.405, 0, 3909, 85
2026/08/10 15:43:34.415, 1, 6565, 65
2026/08/10 15:43:35.527, 0, 3589, 72
2026/08/10 15:43:35.530, 1, 5605, 85
2026/08/10 15:43:36.611, 0, 3557, 80
2026/08/10 15:43:36.617, 1, 7269, 100
2026/08/10 15:43:37.703, 0, 2757, 85
2026/08/10 15:43:37.712, 1, 7525, 90
2026/08/10 15:43:38.790, 0, 4677, 98
2026/08/10 15:43:38.793, 1, 6789, 93
2026/08/10 15:43:39.862, 0, 4613, 89
2026/08/10 15:43:39.866, 1, 7525, 100
2026/08/10 15:43:40.936, 0, 5157, 69
2026/08/10 15:43:40.939, 1, 4901, 100
2026/08/10 15:43:42.011, 0, 3653, 55
2026/08/10 15:43:42.014, 1, 7173, 100
2026/08/10 15:43:43.073, 0, 3973, 66
2026/08/10 15:43:43.077, 1, 4805, 97
2026/08/10 15:43:44.169, 0, 4037, 100
2026/08/10 15:43:44.173, 1, 5541, 100
2026/08/10 15:43:45.275, 0, 5189, 69
2026/08/10 15:43:45.281, 1, 7365, 100
2026/08/10 15:43:46.350, 0, 5637, 67
2026/08/10 15:43:46.356, 1, 5829, 100
2026/08/10 15:43:47.424, 0, 5573, 55
2026/08/10 15:43:47.438, 1, 5477, 98
2026/08/10 15:43:48.535, 0, 4805, 100
2026/08/10 15:43:48.539, 1, 6533, 98
2026/08/10 15:43:49.607, 0, 5413, 100
2026/08/10 15:43:49.610, 1, 7333, 90
2026/08/10 15:43:50.676, 0, 4517, 92
2026/08/10 15:43:50.680, 1, 7429, 94
2026/08/10 15:43:51.743, 0, 4005, 100
2026/08/10 15:43:51.750, 1, 7045, 67
2026/08/10 15:43:52.832, 0, 5605, 100
2026/08/10 15:43:52.839, 1, 5029, 94
2026/08/10 15:43:53.895, 0, 9509, 100
2026/08/10 15:43:53.898, 1, 5349, 84
2026/08/10 15:43:54.947, 0, 6341, 100
2026/08/10 15:43:54.950, 1, 5253, 19
2026/08/10 15:43:56.007, 0, 5093, 79
2026/08/10 15:43:56.010, 1, 5253, 0
2026/08/10 15:43:57.057, 0, 4965, 100
2026/08/10 15:43:57.060, 1, 5253, 0
2026/08/10 15:43:58.129, 0, 5285, 90
2026/08/10 15:43:58.133, 1, 5253, 5
2026/08/10 15:43:59.185, 0, 7781, 100
2026/08/10 15:43:59.188, 1, 5253, 0
2026/08/10 15:44:00.234, 0, 8229, 98
2026/08/10 15:44:00.237, 1, 8293, 0
2026/08/10 15:44:01.283, 0, 5573, 100
2026/08/10 15:44:01.286, 1, 8293, 100
2026/08/10 15:44:02.336, 0, 7365, 78
2026/08/10 15:44:02.341, 1, 8293, 11
2026/08/10 15:44:03.391, 0, 4869, 100
2026/08/10 15:44:03.393, 1, 8293, 0
2026/08/10 15:44:04.444, 0, 6693, 100
2026/08/10 15:44:04.448, 1, 8293, 0
2026/08/10 15:44:05.507, 0, 5509, 100
2026/08/10 15:44:05.511, 1, 7429, 100
2026/08/10 15:44:06.585, 0, 5093, 100
2026/08/10 15:44:06.592, 1, 4677, 96
2026/08/10 15:44:07.686, 0, 4357, 81
2026/08/10 15:44:07.692, 1, 4933, 100
2026/08/10 15:44:08.762, 0, 5349, 100
2026/08/10 15:44:08.766, 1, 3909, 82
2026/08/10 15:44:09.842, 0, 3909, 80
2026/08/10 15:44:09.850, 1, 6405, 100
2026/08/10 15:44:10.944, 0, 3973, 85
2026/08/10 15:44:10.947, 1, 4677, 100
2026/08/10 15:44:12.042, 0, 3845, 100
2026/08/10 15:44:12.047, 1, 3461, 64
2026/08/10 15:44:13.154, 0, 5605, 88
2026/08/10 15:44:13.163, 1, 6757, 53
2026/08/10 15:44:14.245, 0, 3205, 99
2026/08/10 15:44:14.252, 1, 7461, 83
2026/08/10 15:44:15.340, 0, 4229, 66
2026/08/10 15:44:15.344, 1, 4421, 98
2026/08/10 15:44:16.433, 0, 3557, 100
2026/08/10 15:44:16.437, 1, 4485, 92
2026/08/10 15:44:17.519, 0, 4325, 88
2026/08/10 15:44:17.522, 1, 6309, 100
2026/08/10 15:44:18.606, 0, 5861, 30
2026/08/10 15:44:18.613, 1, 6373, 100
2026/08/10 15:44:19.739, 0, 3461, 74
2026/08/10 15:44:19.747, 1, 3941, 100
2026/08/10 15:44:20.841, 0, 5157, 86
2026/08/10 15:44:20.850, 1, 4773, 71
2026/08/10 15:44:21.929, 0, 6021, 65
2026/08/10 15:44:21.933, 1, 6309, 81
2026/08/10 15:44:22.986, 0, 3525, 82
2026/08/10 15:44:22.990, 1, 7045, 100
2026/08/10 15:44:24.052, 0, 5445, 100
2026/08/10 15:44:24.056, 1, 5349, 98
2026/08/10 15:44:25.118, 0, 6021, 100
2026/08/10 15:44:25.122, 1, 5125, 100
2026/08/10 15:44:26.228, 0, 6693, 98
2026/08/10 15:44:26.233, 1, 5477, 63
2026/08/10 15:44:27.308, 0, 4581, 25
2026/08/10 15:44:27.317, 1, 4613, 100
2026/08/10 15:44:28.391, 0, 5477, 76
2026/08/10 15:44:28.399, 1, 5701, 100
2026/08/10 15:44:29.500, 0, 3717, 96
2026/08/10 15:44:29.507, 1, 4741, 100
2026/08/10 15:44:30.578, 0, 5925, 100
2026/08/10 15:44:30.581, 1, 5253, 81
2026/08/10 15:44:31.629, 0, 4517, 100
2026/08/10 15:44:31.632, 1, 6917, 86
2026/08/10 15:44:32.697, 0, 3141, 100
2026/08/10 15:44:32.703, 1, 4165, 89
2026/08/10 15:44:33.807, 0, 6309, 90
2026/08/10 15:44:33.814, 1, 5541, 97
2026/08/10 15:44:34.922, 0, 6437, 100
2026/08/10 15:44:34.930, 1, 4645, 19
2026/08/10 15:44:36.026, 0, 4453, 76
2026/08/10 15:44:36.030, 1, 3973, 92
2026/08/10 15:44:37.127, 0, 3461, 100
2026/08/10 15:44:37.137, 1, 5157, 92
2026/08/10 15:44:38.201, 0, 8133, 76
2026/08/10 15:44:38.204, 1, 6373, 82
2026/08/10 15:44:39.274, 0, 7333, 14
2026/08/10 15:44:39.276, 1, 6245, 49
2026/08/10 15:44:40.331, 0, 7397, 100
2026/08/10 15:44:40.335, 1, 6661, 26
2026/08/10 15:44:41.401, 0, 4133, 100
2026/08/10 15:44:41.404, 1, 5989, 100
2026/08/10 15:44:42.481, 0, 3429, 98
2026/08/10 15:44:42.489, 1, 6021, 100
2026/08/10 15:44:43.594, 0, 3813, 81
2026/08/10 15:44:43.600, 1, 6757, 97
2026/08/10 15:44:44.705, 0, 5605, 66
2026/08/10 15:44:44.708, 1, 5125, 70
2026/08/10 15:44:45.771, 0, 5637, 100
2026/08/10 15:44:45.774, 1, 7301, 85
2026/08/10 15:44:46.843, 0, 4581, 78
2026/08/10 15:44:46.849, 1, 5413, 98
2026/08/10 15:44:47.940, 0, 2949, 0
2026/08/10 15:44:47.946, 1, 5765, 100
2026/08/10 15:44:49.018, 0, 4613, 82
2026/08/10 15:44:49.021, 1, 5829, 100
2026/08/10 15:44:50.080, 0, 4357, 65
2026/08/10 15:44:50.091, 1, 7397, 100
2026/08/10 15:44:51.161, 0, 5189, 100
2026/08/10 15:44:51.166, 1, 5637, 100
2026/08/10 15:44:52.295, 0, 3461, 100
2026/08/10 15:44:52.300, 1, 5125, 100
2026/08/10 15:44:53.371, 0, 3813, 53
2026/08/10 15:44:53.379, 1, 5349, 60
2026/08/10 15:44:54.467, 0, 5253, 100
2026/08/10 15:44:54.471, 1, 9605, 100
2026/08/10 15:44:55.544, 0, 3749, 100
2026/08/10 15:44:55.549, 1, 7141, 100
2026/08/10 15:44:56.623, 0, 4645, 100
2026/08/10 15:44:56.627, 1, 6693, 94
2026/08/10 15:44:57.720, 0, 3013, 96
2026/08/10 15:44:57.724, 1, 5093, 91
2026/08/10 15:44:58.836, 0, 2821, 99
2026/08/10 15:44:58.839, 1, 5029, 100
2026/08/10 15:44:59.915, 0, 3845, 96
2026/08/10 15:44:59.919, 1, 6565, 100
2026/08/10 15:45:01.035, 0, 5669, 92
2026/08/10 15:45:01.039, 1, 7269, 69
2026/08/10 15:45:02.149, 0, 6085, 79
2026/08/10 15:45:02.152, 1, 6085, 98
2026/08/10 15:45:03.231, 0, 5701, 100
2026/08/10 15:45:03.235, 1, 5061, 72
2026/08/10 15:45:04.344, 0, 5541, 91
2026/08/10 15:45:04.348, 1, 8165, 54
2026/08/10 15:45:05.409, 0, 5253, 100
2026/08/10 15:45:05.413, 1, 7237, 82
2026/08/10 15:45:06.493, 0, 3781, 61
2026/08/10 15:45:06.499, 1, 5061, 98
2026/08/10 15:45:07.583, 0, 4485, 97
2026/08/10 15:45:07.587, 1, 4581, 97
2026/08/10 15:45:08.693, 0, 3813, 100
2026/08/10 15:45:08.697, 1, 6309, 72
2026/08/10 15:45:09.774, 0, 4709, 57
2026/08/10 15:45:09.779, 1, 4837, 98
2026/08/10 15:45:10.878, 0, 4517, 100
2026/08/10 15:45:10.884, 1, 4325, 92
2026/08/10 15:45:11.949, 0, 4645, 93
2026/08/10 15:45:11.952, 1, 7333, 62
2026/08/10 15:45:13.030, 0, 5797, 100
2026/08/10 15:45:13.035, 1, 4453, 97
2026/08/10 15:45:14.106, 0, 3941, 59
2026/08/10 15:45:14.110, 1, 5381, 90
2026/08/10 15:45:15.212, 0, 4229, 56
2026/08/10 15:45:15.218, 1, 4581, 68
2026/08/10 15:45:16.286, 0, 4709, 100
2026/08/10 15:45:16.291, 1, 6949, 89
2026/08/10 15:45:17.367, 0, 5957, 41
2026/08/10 15:45:17.370, 1, 6725, 99
2026/08/10 15:45:18.425, 0, 5477, 91
2026/08/10 15:45:18.428, 1, 8133, 100
2026/08/10 15:45:19.485, 0, 4677, 100
2026/08/10 15:45:19.493, 1, 9221, 100
2026/08/10 15:45:20.558, 0, 4389, 99
2026/08/10 15:45:20.561, 1, 6149, 77
2026/08/10 15:45:21.644, 0, 4677, 87
2026/08/10 15:45:21.653, 1, 5285, 68
2026/08/10 15:45:22.743, 0, 4261, 89
2026/08/10 15:45:22.749, 1, 6245, 100
2026/08/10 15:45:23.815, 0, 4613, 100
2026/08/10 15:45:23.819, 1, 5157, 100
2026/08/10 15:45:24.890, 0, 4869, 83
2026/08/10 15:45:24.894, 1, 5541, 89
2026/08/10 15:45:25.955, 0, 5829, 81
2026/08/10 15:45:25.958, 1, 9061, 34
2026/08/10 15:45:27.013, 0, 8837, 90
2026/08/10 15:45:27.016, 1, 7397, 94
2026/08/10 15:45:28.066, 0, 6405, 100
2026/08/10 15:45:28.069, 1, 6245, 81
2026/08/10 15:45:29.131, 0, 4389, 67
2026/08/10 15:45:29.134, 1, 7269, 100
2026/08/10 15:45:30.192, 0, 4453, 86
2026/08/10 15:45:30.196, 1, 4293, 100
2026/08/10 15:45:31.258, 0, 6437, 94
2026/08/10 15:45:31.262, 1, 6533, 77
2026/08/10 15:45:32.329, 0, 4965, 64
2026/08/10 15:45:32.333, 1, 5573, 100
2026/08/10 15:45:33.397, 0, 6661, 100
2026/08/10 15:45:33.401, 1, 5573, 92
2026/08/10 15:45:34.499, 0, 5605, 99
2026/08/10 15:45:34.507, 1, 5925, 100
2026/08/10 15:45:35.598, 0, 5221, 87
2026/08/10 15:45:35.606, 1, 5189, 90
2026/08/10 15:45:36.695, 0, 4357, 73
2026/08/10 15:45:36.707, 1, 4613, 100
2026/08/10 15:45:37.795, 0, 4197, 100
2026/08/10 15:45:37.801, 1, 6565, 100
2026/08/10 15:45:38.869, 0, 5541, 94
2026/08/10 15:45:38.873, 1, 7941, 96
2026/08/10 15:45:39.975, 0, 4581, 100
2026/08/10 15:45:39.979, 1, 4901, 90
2026/08/10 15:45:41.072, 0, 3493, 88
2026/08/10 15:45:41.076, 1, 6853, 100
2026/08/10 15:45:42.145, 0, 3589, 89
2026/08/10 15:45:42.152, 1, 6021, 94
2026/08/10 15:45:43.203, 0, 5413, 99
2026/08/10 15:45:43.206, 1, 7045, 100
2026/08/10 15:45:44.284, 0, 5413, 96
2026/08/10 15:45:44.287, 1, 6789, 89
2026/08/10 15:45:45.361, 0, 5637, 100
2026/08/10 15:45:45.368, 1, 7173, 91
2026/08/10 15:45:46.430, 0, 4101, 96
2026/08/10 15:45:46.434, 1, 7781, 100
2026/08/10 15:45:47.506, 0, 4421, 93
2026/08/10 15:45:47.511, 1, 5669, 69
2026/08/10 15:45:48.613, 0, 4805, 100
2026/08/10 15:45:48.621, 1, 4837, 100
2026/08/10 15:45:49.700, 0, 3941, 98
2026/08/10 15:45:49.703, 1, 8485, 100
2026/08/10 15:45:50.797, 0, 4645, 97
2026/08/10 15:45:50.801, 1, 5061, 96
2026/08/10 15:45:51.872, 0, 4357, 93
2026/08/10 15:45:51.876, 1, 8677, 100
2026/08/10 15:45:52.946, 0, 4837, 67
2026/08/10 15:45:52.949, 1, 5829, 100
2026/08/10 15:45:54.007, 0, 5349, 48
2026/08/10 15:45:54.010, 1, 6117, 100
2026/08/10 15:45:55.074, 0, 6725, 91
2026/08/10 15:45:55.082, 1, 5253, 96
2026/08/10 15:45:56.166, 0, 4581, 32
2026/08/10 15:45:56.173, 1, 6053, 97
2026/08/10 15:45:57.283, 0, 4869, 99
2026/08/10 15:45:57.291, 1, 4933, 100
2026/08/10 15:45:58.360, 0, 3909, 47
2026/08/10 15:45:58.362, 1, 6181, 100
2026/08/10 15:45:59.446, 0, 5797, 57
2026/08/10 15:45:59.454, 1, 5221, 100
2026/08/10 15:46:00.549, 0, 4453, 86
2026/08/10 15:46:00.556, 1, 6053, 100
2026/08/10 15:46:01.650, 0, 5125, 100
2026/08/10 15:46:01.654, 1, 6469, 94
2026/08/10 15:46:02.722, 0, 4901, 100
2026/08/10 15:46:02.725, 1, 5893, 100
2026/08/10 15:46:03.790, 0, 3493, 91
2026/08/10 15:46:03.798, 1, 7013, 97
2026/08/10 15:46:04.901, 0, 5669, 100
2026/08/10 15:46:04.905, 1, 5797, 100
2026/08/10 15:46:05.976, 0, 4613, 76
2026/08/10 15:46:05.979, 1, 5701, 96
2026/08/10 15:46:07.049, 0, 6405, 82
2026/08/10 15:46:07.052, 1, 4453, 100
2026/08/10 15:46:08.126, 0, 3941, 100
2026/08/10 15:46:08.133, 1, 5381, 100
2026/08/10 15:46:09.225, 0, 4677, 79
2026/08/10 15:46:09.230, 1, 7749, 100
2026/08/10 15:46:10.323, 0, 4133, 91
2026/08/10 15:46:10.331, 1, 6085, 99
2026/08/10 15:46:11.418, 0, 6309, 72
2026/08/10 15:46:11.421, 1, 5701, 99
2026/08/10 15:46:12.471, 0, 6533, 100
2026/08/10 15:46:12.474, 1, 8389, 84
2026/08/10 15:46:13.528, 0, 3109, 38
2026/08/10 15:46:13.531, 1, 8933, 100
2026/08/10 15:46:14.620, 0, 4677, 96
2026/08/10 15:46:14.624, 1, 5189, 100
2026/08/10 15:46:15.731, 0, 3365, 97
2026/08/10 15:46:15.735, 1, 5349, 100
2026/08/10 15:46:16.802, 0, 3717, 89
2026/08/10 15:46:16.809, 1, 5253, 83
2026/08/10 15:46:17.888, 0, 5541, 79
2026/08/10 15:46:17.894, 1, 5765, 66
2026/08/10 15:46:18.993, 0, 5061, 86
2026/08/10 15:46:19.000, 1, 5157, 81
2026/08/10 15:46:20.071, 0, 6661, 100
2026/08/10 15:46:20.076, 1, 8005, 89
2026/08/10 15:46:21.161, 0, 5541, 100
2026/08/10 15:46:21.172, 1, 5349, 100
2026/08/10 15:46:22.269, 0, 5701, 100
2026/08/10 15:46:22.276, 1, 6309, 100
2026/08/10 15:46:23.377, 0, 3909, 97
2026/08/10 15:46:23.381, 1, 5285, 89
2026/08/10 15:46:24.463, 0, 3365, 100
2026/08/10 15:46:24.472, 1, 8165, 100
2026/08/10 15:46:25.563, 0, 5029, 58
2026/08/10 15:46:25.567, 1, 5285, 94
2026/08/10 15:46:26.626, 0, 6757, 53
2026/08/10 15:46:26.630, 1, 5509, 97
2026/08/10 15:46:27.711, 0, 5573, 91
2026/08/10 15:46:27.721, 1, 4965, 100
2026/08/10 15:46:28.815, 0, 4549, 94
2026/08/10 15:46:28.824, 1, 5189, 99
2026/08/10 15:46:29.932, 0, 4645, 93
2026/08/10 15:46:29.936, 1, 6597, 90
2026/08/10 15:46:30.998, 0, 7557, 82
2026/08/10 15:46:31.001, 1, 8773, 98
2026/08/10 15:46:32.061, 0, 4069, 96
2026/08/10 15:46:32.064, 1, 7077, 100
2026/08/10 15:46:33.165, 0, 7333, 98
2026/08/10 15:46:33.172, 1, 5125, 58
2026/08/10 15:46:34.248, 0, 5541, 100
2026/08/10 15:46:34.252, 1, 6533, 89
2026/08/10 15:46:35.343, 0, 3909, 86
2026/08/10 15:46:35.350, 1, 6629, 99
2026/08/10 15:46:36.443, 0, 5317, 96
2026/08/10 15:46:36.447, 1, 4549, 92
2026/08/10 15:46:37.526, 0, 5925, 72
2026/08/10 15:46:37.531, 1, 5221, 99
2026/08/10 15:46:38.621, 0, 6181, 100
2026/08/10 15:46:38.629, 1, 6373, 100
2026/08/10 15:46:39.704, 0, 7877, 91
2026/08/10 15:46:39.707, 1, 6405, 86
2026/08/10 15:46:40.773, 0, 5349, 100
2026/08/10 15:46:40.777, 1, 5829, 94
2026/08/10 15:46:41.876, 0, 4421, 85
2026/08/10 15:46:41.879, 1, 7013, 79
2026/08/10 15:46:42.997, 0, 3653, 100
2026/08/10 15:46:43.005, 1, 4549, 93
2026/08/10 15:46:44.107, 0, 4389, 95
2026/08/10 15:46:44.110, 1, 5797, 100
2026/08/10 15:46:45.218, 0, 4997, 100
2026/08/10 15:46:45.226, 1, 6021, 82
2026/08/10 15:46:46.301, 0, 5477, 90
2026/08/10 15:46:46.304, 1, 7109, 96
2026/08/10 15:46:47.396, 0, 4325, 95
2026/08/10 15:46:47.399, 1, 5925, 92
2026/08/10 15:46:48.482, 0, 3525, 100
2026/08/10 15:46:48.485, 1, 4549, 83
2026/08/10 15:46:49.574, 0, 3653, 65
2026/08/10 15:46:49.578, 1, 6053, 100
2026/08/10 15:46:50.636, 0, 5637, 86
2026/08/10 15:46:50.639, 1, 6373, 100
2026/08/10 15:46:51.715, 0, 5925, 97
2026/08/10 15:46:51.719, 1, 4869, 90
2026/08/10 15:46:52.808, 0, 3845, 100
2026/08/10 15:46:52.816, 1, 5253, 88
2026/08/10 15:46:53.890, 0, 6213, 100
2026/08/10 15:46:53.893, 1, 6277, 99
2026/08/10 15:46:54.948, 0, 4261, 100
2026/08/10 15:46:54.951, 1, 5637, 91
2026/08/10 15:46:56.027, 0, 7269, 67
2026/08/10 15:46:56.032, 1, 6405, 100
2026/08/10 15:46:57.102, 0, 4005, 59
2026/08/10 15:46:57.109, 1, 6437, 96
2026/08/10 15:46:58.167, 0, 4933, 67
2026/08/10 15:46:58.170, 1, 5925, 83
2026/08/10 15:46:59.251, 0, 4773, 87
2026/08/10 15:46:59.259, 1, 7045, 100
2026/08/10 15:47:00.336, 0, 3653, 22
2026/08/10 15:47:00.346, 1, 5317, 100
2026/08/10 15:47:01.455, 0, 4261, 64
2026/08/10 15:47:01.459, 1, 4613, 100
2026/08/10 15:47:02.563, 0, 4357, 98
2026/08/10 15:47:02.570, 1, 4613, 89
2026/08/10 15:47:03.652, 0, 5701, 100
2026/08/10 15:47:03.663, 1, 7077, 79
2026/08/10 15:47:04.766, 0, 4901, 100
2026/08/10 15:47:04.776, 1, 5669, 100
2026/08/10 15:47:05.859, 0, 3845, 100
2026/08/10 15:47:05.866, 1, 6277, 76
2026/08/10 15:47:06.991, 0, 5701, 99
2026/08/10 15:47:06.995, 1, 5029, 86
2026/08/10 15:47:08.073, 0, 4101, 100
2026/08/10 15:47:08.080, 1, 5317, 100
2026/08/10 15:47:09.198, 0, 4229, 99
2026/08/10 15:47:09.205, 1, 4741, 84
2026/08/10 15:47:10.285, 0, 3973, 96
2026/08/10 15:47:10.288, 1, 4485, 36
2026/08/10 15:47:11.381, 0, 3397, 86
2026/08/10 15:47:11.388, 1, 4645, 82
2026/08/10 15:47:12.457, 0, 6277, 85
2026/08/10 15:47:12.460, 1, 6501, 77
2026/08/10 15:47:13.520, 0, 7621, 83
2026/08/10 15:47:13.525, 1, 5637, 95
2026/08/10 15:47:14.602, 0, 4421, 100
2026/08/10 15:47:14.608, 1, 5349, 100
2026/08/10 15:47:15.681, 0, 5797, 87
2026/08/10 15:47:15.688, 1, 6053, 69
2026/08/10 15:47:16.797, 0, 3205, 89
2026/08/10 15:47:16.804, 1, 5221, 100
2026/08/10 15:47:17.895, 0, 4037, 88
2026/08/10 15:47:17.899, 1, 5285, 80
2026/08/10 15:47:18.959, 0, 4677, 100
2026/08/10 15:47:18.970, 1, 7205, 94
2026/08/10 15:47:20.074, 0, 4581, 91
2026/08/10 15:47:20.080, 1, 6405, 79
2026/08/10 15:47:21.150, 0, 3781, 97
2026/08/10 15:47:21.157, 1, 6405, 91
2026/08/10 15:47:22.255, 0, 5989, 88
2026/08/10 15:47:22.263, 1, 5477, 76
2026/08/10 15:47:23.323, 0, 7141, 100
2026/08/10 15:47:23.325, 1, 6981, 90
2026/08/10 15:47:24.375, 0, 6245, 97
2026/08/10 15:47:24.378, 1, 8069, 86
2026/08/10 15:47:25.440, 0, 7013, 100
2026/08/10 15:47:25.445, 1, 8421, 79
2026/08/10 15:47:26.497, 0, 5381, 100
2026/08/10 15:47:26.501, 1, 6949, 100
2026/08/10 15:47:27.556, 0, 4549, 82
2026/08/10 15:47:27.560, 1, 6917, 89
2026/08/10 15:47:28.626, 0, 4197, 100
2026/08/10 15:47:28.634, 1, 6373, 96
2026/08/10 15:47:29.706, 0, 4805, 100
2026/08/10 15:47:29.709, 1, 6213, 100
2026/08/10 15:47:30.761, 0, 4069, 82
2026/08/10 15:47:30.765, 1, 4741, 84
2026/08/10 15:47:31.850, 0, 3589, 100
2026/08/10 15:47:31.857, 1, 6309, 95
2026/08/10 15:47:32.945, 0, 5989, 91
2026/08/10 15:47:32.952, 1, 7877, 81
2026/08/10 15:47:34.007, 0, 5957, 100
2026/08/10 15:47:34.010, 1, 5829, 100
2026/08/10 15:47:35.058, 0, 6341, 90
2026/08/10 15:47:35.061, 1, 6373, 100
2026/08/10 15:47:36.136, 0, 4133, 100
2026/08/10 15:47:36.147, 1, 5765, 89
2026/08/10 15:47:37.227, 0, 4069, 85
2026/08/10 15:47:37.231, 1, 5477, 85
2026/08/10 15:47:38.297, 0, 4709, 62
2026/08/10 15:47:38.301, 1, 5925, 100
2026/08/10 15:47:39.397, 0, 4229, 98
2026/08/10 15:47:39.403, 1, 4901, 90
2026/08/10 15:47:40.477, 0, 4293, 100
2026/08/10 15:47:40.481, 1, 5637, 18
2026/08/10 15:47:41.550, 0, 6821, 84
2026/08/10 15:47:41.554, 1, 7429, 83
2026/08/10 15:47:42.624, 0, 6405, 100
2026/08/10 15:47:42.627, 1, 6373, 100
2026/08/10 15:47:43.715, 0, 5093, 97
2026/08/10 15:47:43.723, 1, 5669, 100
2026/08/10 15:47:44.800, 0, 4933, 91
2026/08/10 15:47:44.805, 1, 6309, 89
2026/08/10 15:47:45.866, 0, 5157, 100
2026/08/10 15:47:45.869, 1, 5925, 100
2026/08/10 15:47:46.931, 0, 6469, 97
2026/08/10 15:47:46.935, 1, 5413, 87
2026/08/10 15:47:47.999, 0, 6309, 73
2026/08/10 15:47:48.004, 1, 5701, 100
2026/08/10 15:47:49.064, 0, 4837, 100
2026/08/10 15:47:49.069, 1, 4997, 65
2026/08/10 15:47:50.134, 0, 5189, 90
2026/08/10 15:47:50.139, 1, 5189, 96
2026/08/10 15:47:51.223, 0, 4805, 87
2026/08/10 15:47:51.227, 1, 6469, 94
2026/08/10 15:47:52.305, 0, 4773, 71
2026/08/10 15:47:52.312, 1, 5445, 97
2026/08/10 15:47:53.384, 0, 3365, 95
2026/08/10 15:47:53.392, 1, 5157, 92
2026/08/10 15:47:54.460, 0, 5413, 100
2026/08/10 15:47:54.464, 1, 8229, 100
2026/08/10 15:47:55.525, 0, 4677, 93
2026/08/10 15:47:55.528, 1, 7237, 100
2026/08/10 15:47:56.599, 0, 5893, 51
2026/08/10 15:47:56.606, 1, 7621, 100
2026/08/10 15:47:57.667, 0, 5349, 100
2026/08/10 15:47:57.670, 1, 10469, 66
2026/08/10 15:47:58.726, 0, 4453, 100
2026/08/10 15:47:58.732, 1, 7461, 89
2026/08/10 15:47:59.797, 0, 3621, 100
2026/08/10 15:47:59.803, 1, 4325, 100
2026/08/10 15:48:00.913, 0, 5733, 100
2026/08/10 15:48:00.917, 1, 5701, 100
2026/08/10 15:48:02.012, 0, 5861, 93
2026/08/10 15:48:02.017, 1, 5893, 100
2026/08/10 15:48:03.118, 0, 4293, 87
2026/08/10 15:48:03.123, 1, 5253, 100
2026/08/10 15:48:04.200, 0, 5573, 100
2026/08/10 15:48:04.204, 1, 8293, 100
2026/08/10 15:48:05.270, 0, 4421, 100
2026/08/10 15:48:05.278, 1, 6789, 100
2026/08/10 15:48:06.371, 0, 4613, 100
2026/08/10 15:48:06.377, 1, 7333, 100
2026/08/10 15:48:07.479, 0, 3173, 77
2026/08/10 15:48:07.489, 1, 5733, 86
2026/08/10 15:48:08.586, 0, 3845, 98
2026/08/10 15:48:08.590, 1, 7109, 100
2026/08/10 15:48:09.647, 0, 3941, 95
2026/08/10 15:48:09.650, 1, 7653, 100
2026/08/10 15:48:10.704, 0, 5317, 94
2026/08/10 15:48:10.708, 1, 8197, 90
2026/08/10 15:48:11.777, 0, 4485, 100
2026/08/10 15:48:11.788, 1, 5957, 100
2026/08/10 15:48:12.869, 0, 9125, 98
2026/08/10 15:48:12.873, 1, 5765, 96
2026/08/10 15:48:13.934, 0, 4645, 99
2026/08/10 15:48:13.938, 1, 5221, 95
2026/08/10 15:48:15.010, 0, 4453, 98
2026/08/10 15:48:15.016, 1, 5605, 88
2026/08/10 15:48:16.076, 0, 4389, 100
2026/08/10 15:48:16.079, 1, 6341, 100
2026/08/10 15:48:17.148, 0, 4645, 100
2026/08/10 15:48:17.156, 1, 7013, 100
2026/08/10 15:48:18.229, 0, 5157, 93
2026/08/10 15:48:18.233, 1, 7685, 83
2026/08/10 15:48:19.328, 0, 5669, 99
2026/08/10 15:48:19.331, 1, 7301, 70
2026/08/10 15:48:20.429, 0, 5605, 100
2026/08/10 15:48:20.433, 1, 5349, 100
2026/08/10 15:48:21.506, 0, 6853, 90
2026/08/10 15:48:21.510, 1, 7013, 100
2026/08/10 15:48:22.581, 0, 4421, 89
2026/08/10 15:48:22.589, 1, 6981, 85
2026/08/10 15:48:23.695, 0, 5509, 87
2026/08/10 15:48:23.704, 1, 5317, 97
2026/08/10 15:48:24.780, 0, 6085, 91
2026/08/10 15:48:24.785, 1, 5189, 100
2026/08/10 15:48:25.889, 0, 4229, 100
2026/08/10 15:48:25.896, 1, 4805, 66
2026/08/10 15:48:26.989, 0, 4037, 100
2026/08/10 15:48:26.999, 1, 6853, 61
2026/08/10 15:48:28.095, 0, 4421, 100
2026/08/10 15:48:28.101, 1, 6629, 98
2026/08/10 15:48:29.180, 0, 3813, 84
2026/08/10 15:48:29.191, 1, 5413, 95
2026/08/10 15:48:30.277, 0, 3973, 85
2026/08/10 15:48:30.281, 1, 6693, 89
2026/08/10 15:48:31.340, 0, 4421, 64
2026/08/10 15:48:31.344, 1, 6181, 97
2026/08/10 15:48:32.431, 0, 4229, 98
2026/08/10 15:48:32.435, 1, 5957, 100
2026/08/10 15:48:33.509, 0, 5061, 100
2026/08/10 15:48:33.513, 1, 10309, 100
2026/08/10 15:48:34.585, 0, 3557, 96
2026/08/10 15:48:34.594, 1, 4517, 85
2026/08/10 15:48:35.688, 0, 6501, 69
2026/08/10 15:48:35.696, 1, 8101, 100
2026/08/10 15:48:36.757, 0, 5413, 100
2026/08/10 15:48:36.760, 1, 7237, 83
2026/08/10 15:48:37.840, 0, 6373, 100
2026/08/10 15:48:37.844, 1, 7237, 100
2026/08/10 15:48:38.905, 0, 5029, 88
2026/08/10 15:48:38.908, 1, 6309, 100
2026/08/10 15:48:39.974, 0, 4165, 100
2026/08/10 15:48:39.978, 1, 5701, 100
2026/08/10 15:48:41.050, 0, 4197, 95
2026/08/10 15:48:41.054, 1, 5765, 76
2026/08/10 15:48:42.110, 0, 4325, 95
2026/08/10 15:48:42.113, 1, 6085, 100
2026/08/10 15:48:43.181, 0, 6501, 100
2026/08/10 15:48:43.185, 1, 7173, 100
2026/08/10 15:48:44.251, 0, 5989, 100
2026/08/10 15:48:44.255, 1, 6341, 100
2026/08/10 15:48:45.309, 0, 5093, 100
2026/08/10 15:48:45.313, 1, 6277, 98
2026/08/10 15:48:46.368, 0, 6277, 93
2026/08/10 15:48:46.372, 1, 6629, 73
2026/08/10 15:48:47.440, 0, 4741, 100
2026/08/10 15:48:47.446, 1, 5637, 94
2026/08/10 15:48:48.538, 0, 4581, 100
2026/08/10 15:48:48.542, 1, 7845, 100
2026/08/10 15:48:49.610, 0, 3621, 95
2026/08/10 15:48:49.614, 1, 5093, 93
2026/08/10 15:48:50.727, 0, 4517, 80
2026/08/10 15:48:50.735, 1, 5669, 100
2026/08/10 15:48:51.817, 0, 4805, 95
2026/08/10 15:48:51.824, 1, 5029, 86
2026/08/10 15:48:52.913, 0, 5509, 95
2026/08/10 15:48:52.917, 1, 5957, 72
2026/08/10 15:48:53.972, 0, 4709, 73
2026/08/10 15:48:53.976, 1, 6021, 58
2026/08/10 15:48:55.055, 0, 4901, 77
2026/08/10 15:48:55.061, 1, 5413, 95
2026/08/10 15:48:56.127, 0, 4741, 87
2026/08/10 15:48:56.131, 1, 7557, 29
2026/08/10 15:48:57.198, 0, 5861, 99
2026/08/10 15:48:57.202, 1, 5669, 80
2026/08/10 15:48:58.251, 0, 5477, 97
2026/08/10 15:48:58.255, 1, 6277, 84
2026/08/10 15:48:59.304, 0, 4357, 97
2026/08/10 15:48:59.308, 1, 7173, 100
2026/08/10 15:49:00.356, 0, 5477, 96
2026/08/10 15:49:00.360, 1, 6693, 96
2026/08/10 15:49:01.417, 0, 7429, 100
2026/08/10 15:49:01.420, 1, 5829, 97
2026/08/10 15:49:02.499, 0, 4037, 98
2026/08/10 15:49:02.506, 1, 4997, 100
2026/08/10 15:49:03.591, 0, 4357, 97
2026/08/10 15:49:03.597, 1, 5477, 100
2026/08/10 15:49:04.680, 0, 5029, 100
2026/08/10 15:49:04.684, 1, 5093, 100
2026/08/10 15:49:05.746, 0, 5317, 85
2026/08/10 15:49:05.749, 1, 8581, 78
2026/08/10 15:49:06.830, 0, 6117, 90
2026/08/10 15:49:06.834, 1, 5093, 100
2026/08/10 15:49:07.902, 0, 4965, 100
2026/08/10 15:49:07.910, 1, 5221, 100
2026/08/10 15:49:08.964, 0, 7813, 78
2026/08/10 15:49:08.967, 1, 7205, 86
2026/08/10 15:49:10.031, 0, 3685, 79
2026/08/10 15:49:10.035, 1, 4741, 100
2026/08/10 15:49:11.085, 0, 4549, 47
2026/08/10 15:49:11.092, 1, 6501, 100
2026/08/10 15:49:12.197, 0, 4741, 83
2026/08/10 15:49:12.200, 1, 5029, 100
2026/08/10 15:49:13.275, 0, 4069, 100
2026/08/10 15:49:13.279, 1, 6341, 100
2026/08/10 15:49:14.338, 0, 6373, 67
2026/08/10 15:49:14.341, 1, 7621, 100
2026/08/10 15:49:15.400, 0, 7397, 100
2026/08/10 15:49:15.407, 1, 8197, 100
2026/08/10 15:49:16.487, 0, 4069, 40
2026/08/10 15:49:16.491, 1, 6885, 100
2026/08/10 15:49:17.558, 0, 3493, 100
2026/08/10 15:49:17.562, 1, 7525, 82
2026/08/10 15:49:18.630, 0, 4517, 85
2026/08/10 15:49:18.638, 1, 5061, 99
2026/08/10 15:49:19.752, 0, 3493, 98
2026/08/10 15:49:19.760, 1, 4933, 48
2026/08/10 15:49:20.842, 0, 3685, 66
2026/08/10 15:49:20.850, 1, 5605, 94
2026/08/10 15:49:21.951, 0, 3749, 79
2026/08/10 15:49:21.954, 1, 5797, 96
2026/08/10 15:49:23.014, 0, 5733, 99
2026/08/10 15:49:23.018, 1, 5925, 95
2026/08/10 15:49:24.096, 0, 3877, 100
2026/08/10 15:49:24.102, 1, 6373, 94
2026/08/10 15:49:25.171, 0, 4389, 76
2026/08/10 15:49:25.175, 1, 5989, 96
2026/08/10 15:49:26.272, 0, 5477, 81
2026/08/10 15:49:26.277, 1, 6309, 100
2026/08/10 15:49:27.337, 0, 5701, 100
2026/08/10 15:49:27.345, 1, 5125, 100
2026/08/10 15:49:28.437, 0, 4069, 89
2026/08/10 15:49:28.445, 1, 5829, 94
2026/08/10 15:49:29.550, 0, 5509, 99
2026/08/10 15:49:29.560, 1, 5925, 94
2026/08/10 15:49:30.655, 0, 4677, 77
2026/08/10 15:49:30.665, 1, 7557, 97
2026/08/10 15:49:31.773, 0, 4933, 100
2026/08/10 15:49:31.778, 1, 5733, 68
2026/08/10 15:49:32.858, 0, 3813, 90
2026/08/10 15:49:32.866, 1, 5285, 93
2026/08/10 15:49:33.926, 0, 5797, 75
2026/08/10 15:49:33.929, 1, 6661, 100
2026/08/10 15:49:35.012, 0, 4677, 85
2026/08/10 15:49:35.015, 1, 8229, 95
2026/08/10 15:49:36.090, 0, 3717, 100
2026/08/10 15:49:36.097, 1, 5829, 74
2026/08/10 15:49:37.172, 0, 8229, 85
2026/08/10 15:49:37.176, 1, 5125, 96
2026/08/10 15:49:38.233, 0, 5829, 51
2026/08/10 15:49:38.237, 1, 6981, 80
2026/08/10 15:49:39.309, 0, 5861, 74
2026/08/10 15:49:39.312, 1, 5445, 73
2026/08/10 15:49:40.422, 0, 4325, 98
2026/08/10 15:49:40.428, 1, 5061, 98
2026/08/10 15:49:41.535, 0, 3813, 100
2026/08/10 15:49:41.542, 1, 5317, 86
2026/08/10 15:49:42.634, 0, 6117, 97
2026/08/10 15:49:42.637, 1, 4805, 98
2026/08/10 15:49:43.707, 0, 4165, 97
2026/08/10 15:49:43.712, 1, 8549, 75
2026/08/10 15:49:44.789, 0, 4005, 100
2026/08/10 15:49:44.797, 1, 5893, 98
2026/08/10 15:49:45.876, 0, 4709, 100
2026/08/10 15:49:45.884, 1, 5445, 100
2026/08/10 15:49:46.970, 0, 5413, 74
2026/08/10 15:49:46.978, 1, 5253, 11
2026/08/10 15:49:48.095, 0, 5221, 59
2026/08/10 15:49:48.098, 1, 5381, 89
2026/08/10 15:49:49.162, 0, 5285, 100
2026/08/10 15:49:49.169, 1, 5253, 56
2026/08/10 15:49:50.280, 0, 4933, 96
2026/08/10 15:49:50.290, 1, 7493, 93
2026/08/10 15:49:51.358, 0, 4389, 95
2026/08/10 15:49:51.362, 1, 5253, 100
2026/08/10 15:49:52.434, 0, 3429, 99
2026/08/10 15:49:52.440, 1, 5957, 100
2026/08/10 15:49:53.538, 0, 4069, 78
2026/08/10 15:49:53.546, 1, 7301, 83
2026/08/10 15:49:54.656, 0, 4133, 81
2026/08/10 15:49:54.660, 1, 5957, 96
2026/08/10 15:49:55.726, 0, 5029, 100
2026/08/10 15:49:55.730, 1, 10629, 50
2026/08/10 15:49:56.812, 0, 4613, 83
2026/08/10 15:49:56.825, 1, 5093, 100
2026/08/10 15:49:57.914, 0, 4741, 100
2026/08/10 15:49:57.925, 1, 8485, 67
2026/08/10 15:49:59.003, 0, 5573, 100
2026/08/10 15:49:59.011, 1, 5861, 86
2026/08/10 15:50:00.086, 0, 5733, 100
2026/08/10 15:50:00.093, 1, 6917, 92
2026/08/10 15:50:01.190, 0, 4677, 97
2026/08/10 15:50:01.197, 1, 5765, 99
2026/08/10 15:50:02.280, 0, 4677, 100
2026/08/10 15:50:02.287, 1, 5733, 100
2026/08/10 15:50:03.365, 0, 5221, 96
2026/08/10 15:50:03.368, 1, 4933, 93
2026/08/10 15:50:04.438, 0, 5157, 97
2026/08/10 15:50:04.447, 1, 5925, 82
2026/08/10 15:50:05.542, 0, 7109, 24
2026/08/10 15:50:05.553, 1, 6085, 70
2026/08/10 15:50:06.643, 0, 4741, 100
2026/08/10 15:50:06.650, 1, 5221, 93
2026/08/10 15:50:07.752, 0, 5573, 100
2026/08/10 15:50:07.757, 1, 6629, 100
2026/08/10 15:50:08.844, 0, 5125, 100
2026/08/10 15:50:08.848, 1, 6501, 100
2026/08/10 15:50:09.901, 0, 5125, 100
2026/08/10 15:50:09.904, 1, 5893, 100
2026/08/10 15:50:10.990, 0, 4901, 89
2026/08/10 15:50:10.997, 1, 5861, 92
2026/08/10 15:50:12.102, 0, 5285, 100
2026/08/10 15:50:12.110, 1, 6565, 100
2026/08/10 15:50:13.177, 0, 5893, 94
2026/08/10 15:50:13.181, 1, 9061, 96
2026/08/10 15:50:14.270, 0, 4197, 92
2026/08/10 15:50:14.274, 1, 5349, 97
2026/08/10 15:50:15.351, 0, 3909, 90
2026/08/10 15:50:15.355, 1, 6373, 100
2026/08/10 15:50:16.435, 0, 4645, 100
2026/08/10 15:50:16.446, 1, 5541, 91
2026/08/10 15:50:17.506, 0, 4581, 94
2026/08/10 15:50:17.509, 1, 7813, 97
2026/08/10 15:50:18.578, 0, 4549, 95
2026/08/10 15:50:18.585, 1, 5189, 96
2026/08/10 15:50:19.660, 0, 5701, 66
2026/08/10 15:50:19.664, 1, 5509, 100
2026/08/10 15:50:20.739, 0, 5541, 100
2026/08/10 15:50:20.746, 1, 6373, 100
2026/08/10 15:50:21.842, 0, 4005, 88
2026/08/10 15:50:21.851, 1, 6885, 95
2026/08/10 15:50:22.935, 0, 5637, 94
2026/08/10 15:50:22.942, 1, 5637, 95
2026/08/10 15:50:24.030, 0, 5509, 98
2026/08/10 15:50:24.036, 1, 4933, 100
2026/08/10 15:50:25.125, 0, 4677, 100
2026/08/10 15:50:25.132, 1, 5541, 100
2026/08/10 15:50:26.194, 0, 6149, 79
2026/08/10 15:50:26.198, 1, 5829, 83
2026/08/10 15:50:27.282, 0, 3557, 96
2026/08/10 15:50:27.286, 1, 5253, 100
2026/08/10 15:50:28.345, 0, 4837, 96
2026/08/10 15:50:28.347, 1, 5381, 90
2026/08/10 15:50:29.398, 0, 5317, 76
2026/08/10 15:50:29.402, 1, 5957, 99
2026/08/10 15:50:30.485, 0, 5125, 69
2026/08/10 15:50:30.493, 1, 5445, 73
2026/08/10 15:50:31.585, 0, 4485, 90
2026/08/10 15:50:31.593, 1, 6501, 97
2026/08/10 15:50:32.665, 0, 3653, 81
2026/08/10 15:50:32.675, 1, 5381, 100
2026/08/10 15:50:33.744, 0, 5605, 96
2026/08/10 15:50:33.747, 1, 4517, 100
2026/08/10 15:50:34.842, 0, 6693, 100
2026/08/10 15:50:34.846, 1, 7045, 100
2026/08/10 15:50:35.914, 0, 7269, 100
2026/08/10 15:50:35.918, 1, 5989, 91
2026/08/10 15:50:36.976, 0, 4965, 86
2026/08/10 15:50:36.984, 1, 5605, 100
2026/08/10 15:50:38.058, 0, 6213, 75
2026/08/10 15:50:38.062, 1, 7813, 88
2026/08/10 15:50:39.138, 0, 5061, 100
2026/08/10 15:50:39.141, 1, 8517, 100
2026/08/10 15:50:40.198, 0, 2949, 6
2026/08/10 15:50:40.202, 1, 7077, 77
2026/08/10 15:50:41.262, 0, 6309, 19
2026/08/10 15:50:41.266, 1, 5669, 100
2026/08/10 15:50:42.338, 0, 4933, 93
2026/08/10 15:50:42.341, 1, 6725, 96
2026/08/10 15:50:43.426, 0, 3621, 93
2026/08/10 15:50:43.433, 1, 7589, 90
2026/08/10 15:50:44.523, 0, 7045, 99
2026/08/10 15:50:44.526, 1, 9253, 100
2026/08/10 15:50:45.633, 0, 4517, 85
2026/08/10 15:50:45.636, 1, 6533, 96
2026/08/10 15:50:46.707, 0, 4805, 90
2026/08/10 15:50:46.715, 1, 5861, 92
2026/08/10 15:50:47.791, 0, 7589, 86
2026/08/10 15:50:47.797, 1, 6149, 100
2026/08/10 15:50:48.856, 0, 6597, 100
2026/08/10 15:50:48.859, 1, 6693, 69
2026/08/10 15:50:49.918, 0, 4645, 100
2026/08/10 15:50:49.923, 1, 7237, 100
2026/08/10 15:50:51.011, 0, 5605, 100
2026/08/10 15:50:51.021, 1, 6085, 82
2026/08/10 15:50:52.082, 0, 5669, 48
2026/08/10 15:50:52.086, 1, 7685, 100
2026/08/10 15:50:53.137, 0, 6757, 98
2026/08/10 15:50:53.140, 1, 7845, 84
2026/08/10 15:50:54.188, 0, 8549, 100
2026/08/10 15:50:54.191, 1, 7813, 100
2026/08/10 15:50:55.239, 0, 6277, 99
2026/08/10 15:50:55.247, 1, 5573, 100
2026/08/10 15:50:56.354, 0, 5285, 64
2026/08/10 15:50:56.356, 1, 5957, 94
2026/08/10 15:50:57.428, 0, 6341, 100
2026/08/10 15:50:57.431, 1, 8229, 99
2026/08/10 15:50:58.491, 0, 7781, 13
2026/08/10 15:50:58.495, 1, 8197, 100
2026/08/10 15:50:59.567, 0, 3941, 100
2026/08/10 15:50:59.575, 1, 5125, 83
2026/08/10 15:51:00.652, 0, 4133, 82
2026/08/10 15:51:00.656, 1, 4613, 100
2026/08/10 15:51:01.741, 0, 4773, 100
2026/08/10 15:51:01.744, 1, 5093, 100
2026/08/10 15:51:02.825, 0, 3813, 96
2026/08/10 15:51:02.831, 1, 7173, 62
2026/08/10 15:51:03.911, 0, 3653, 67
2026/08/10 15:51:03.915, 1, 7749, 54
2026/08/10 15:51:04.973, 0, 7845, 80
2026/08/10 15:51:04.976, 1, 5989, 76
2026/08/10 15:51:06.031, 0, 5765, 46
2026/08/10 15:51:06.035, 1, 7301, 100
2026/08/10 15:51:07.102, 0, 5765, 100
2026/08/10 15:51:07.106, 1, 6629, 100
2026/08/10 15:51:08.162, 0, 4773, 80
2026/08/10 15:51:08.166, 1, 7429, 84
2026/08/10 15:51:09.253, 0, 5317, 89
2026/08/10 15:51:09.261, 1, 7205, 54
2026/08/10 15:51:10.377, 0, 4549, 100
2026/08/10 15:51:10.385, 1, 4549, 90
2026/08/10 15:51:11.521, 0, 4037, 89
2026/08/10 15:51:11.527, 1, 7941, 100
2026/08/10 15:51:12.604, 0, 8613, 76
2026/08/10 15:51:12.611, 1, 6245, 100
2026/08/10 15:51:13.670, 0, 3909, 95
2026/08/10 15:51:13.678, 1, 4613, 80
2026/08/10 15:51:14.796, 0, 3397, 100
2026/08/10 15:51:14.801, 1, 6405, 100
2026/08/10 15:51:15.911, 0, 3557, 86
2026/08/10 15:51:15.921, 1, 5573, 80
2026/08/10 15:51:17.005, 0, 4485, 92
2026/08/10 15:51:17.008, 1, 6309, 39
2026/08/10 15:51:18.098, 0, 5829, 98
2026/08/10 15:51:18.105, 1, 5029, 100
2026/08/10 15:51:19.190, 0, 6597, 100
2026/08/10 15:51:19.194, 1, 6341, 83
2026/08/10 15:51:20.276, 0, 5637, 56
2026/08/10 15:51:20.280, 1, 5989, 100
2026/08/10 15:51:21.350, 0, 5573, 88
2026/08/10 15:51:21.354, 1, 7013, 92
2026/08/10 15:51:22.409, 0, 6725, 71
2026/08/10 15:51:22.413, 1, 6725, 95
2026/08/10 15:51:23.498, 0, 5381, 66
2026/08/10 15:51:23.506, 1, 5157, 92
2026/08/10 15:51:24.579, 0, 4677, 100
2026/08/10 15:51:24.583, 1, 4709, 100
2026/08/10 15:51:25.661, 0, 6469, 98
2026/08/10 15:51:25.668, 1, 5477, 59
2026/08/10 15:51:26.741, 0, 6085, 99
2026/08/10 15:51:26.747, 1, 4581, 47
2026/08/10 15:51:27.820, 0, 4645, 97
2026/08/10 15:51:27.824, 1, 6533, 83
2026/08/10 15:51:28.895, 0, 4165, 79
2026/08/10 15:51:28.899, 1, 7205, 60
2026/08/10 15:51:29.986, 0, 6245, 88
2026/08/10 15:51:29.998, 1, 7045, 79
2026/08/10 15:51:31.084, 0, 3557, 100
2026/08/10 15:51:31.087, 1, 7589, 74
2026/08/10 15:51:32.143, 0, 6085, 100
2026/08/10 15:51:32.147, 1, 5797, 100
2026/08/10 15:51:33.231, 0, 3589, 85
2026/08/10 15:51:33.241, 1, 4805, 99
2026/08/10 15:51:34.359, 0, 4965, 100
2026/08/10 15:51:34.364, 1, 5253, 89
2026/08/10 15:51:35.423, 0, 7269, 90
2026/08/10 15:51:35.427, 1, 8965, 9
2026/08/10 15:51:36.501, 0, 5861, 100
2026/08/10 15:51:36.505, 1, 5701, 100
2026/08/10 15:51:37.593, 0, 5765, 100
2026/08/10 15:51:37.602, 1, 5701, 80
2026/08/10 15:51:38.692, 0, 3909, 78
2026/08/10 15:51:38.697, 1, 6117, 65
2026/08/10 15:51:39.776, 0, 4453, 98
2026/08/10 15:51:39.782, 1, 5573, 84
2026/08/10 15:51:40.902, 0, 4197, 99
2026/08/10 15:51:40.906, 1, 5605, 86
2026/08/10 15:51:41.972, 0, 4677, 82
2026/08/10 15:51:41.976, 1, 5381, 96
2026/08/10 15:51:43.061, 0, 5829, 90
2026/08/10 15:51:43.073, 1, 6565, 86
2026/08/10 15:51:44.182, 0, 5221, 100
2026/08/10 15:51:44.204, 1, 4805, 98
2026/08/10 15:51:45.307, 0, 6309, 87
2026/08/10 15:51:45.311, 1, 5605, 96
2026/08/10 15:51:46.380, 0, 6341, 91
2026/08/10 15:51:46.384, 1, 5253, 84
2026/08/10 15:51:47.466, 0, 6821, 91
2026/08/10 15:51:47.469, 1, 5925, 100
2026/08/10 15:51:48.560, 0, 5637, 86
2026/08/10 15:51:48.566, 1, 8613, 100
2026/08/10 15:51:49.653, 0, 3909, 97
2026/08/10 15:51:49.656, 1, 5829, 99
2026/08/10 15:51:50.734, 0, 5925, 100
2026/08/10 15:51:50.738, 1, 7301, 100
2026/08/10 15:51:51.814, 0, 4133, 87
2026/08/10 15:51:51.821, 1, 5029, 96
2026/08/10 15:51:52.900, 0, 6213, 100
2026/08/10 15:51:52.905, 1, 8005, 67
2026/08/10 15:51:53.983, 0, 5445, 96
2026/08/10 15:51:53.988, 1, 10245, 87
2026/08/10 15:51:55.040, 0, 6181, 95
2026/08/10 15:51:55.045, 1, 6821, 100
2026/08/10 15:51:56.101, 0, 6181, 100
2026/08/10 15:51:56.105, 1, 6597, 100
2026/08/10 15:51:57.178, 0, 4389, 99
2026/08/10 15:51:57.182, 1, 5701, 77
2026/08/10 15:51:58.281, 0, 3525, 98
2026/08/10 15:51:58.285, 1, 6117, 100
2026/08/10 15:51:59.349, 0, 6725, 100
2026/08/10 15:51:59.353, 1, 6661, 94
2026/08/10 15:52:00.416, 0, 4357, 97
2026/08/10 15:52:00.420, 1, 6661, 74
2026/08/10 15:52:01.471, 0, 4933, 100
2026/08/10 15:52:01.474, 1, 6213, 97
2026/08/10 15:52:02.566, 0, 4005, 94
2026/08/10 15:52:02.572, 1, 5189, 99
2026/08/10 15:52:03.652, 0, 4741, 100
2026/08/10 15:52:03.660, 1, 5253, 88
2026/08/10 15:52:04.733, 0, 4101, 94
2026/08/10 15:52:04.736, 1, 7621, 98
2026/08/10 15:52:05.826, 0, 7557, 100
2026/08/10 15:52:05.831, 1, 9733, 100
2026/08/10 15:52:06.902, 0, 5349, 82
2026/08/10 15:52:06.907, 1, 6693, 89
2026/08/10 15:52:07.983, 0, 4901, 87
2026/08/10 15:52:07.989, 1, 5093, 100
2026/08/10 15:52:09.064, 0, 4645, 87
2026/08/10 15:52:09.072, 1, 7013, 79
2026/08/10 15:52:10.145, 0, 4229, 83
2026/08/10 15:52:10.153, 1, 7973, 81
2026/08/10 15:52:11.208, 0, 2917, 100
2026/08/10 15:52:11.215, 1, 5349, 100
2026/08/10 15:52:12.297, 0, 7781, 100
2026/08/10 15:52:12.302, 1, 9445, 77
2026/08/10 15:52:13.354, 0, 5253, 100
2026/08/10 15:52:13.357, 1, 8613, 100
2026/08/10 15:52:14.425, 0, 4197, 98
2026/08/10 15:52:14.430, 1, 5221, 97
2026/08/10 15:52:15.499, 0, 5637, 99
2026/08/10 15:52:15.504, 1, 6373, 94
2026/08/10 15:52:16.578, 0, 4741, 99
2026/08/10 15:52:16.584, 1, 6693, 92
2026/08/10 15:52:17.679, 0, 5765, 97
2026/08/10 15:52:17.684, 1, 5317, 100
2026/08/10 15:52:18.756, 0, 4549, 100
2026/08/10 15:52:18.762, 1, 6501, 84
2026/08/10 15:52:19.836, 0, 5669, 99
2026/08/10 15:52:19.842, 1, 8069, 100
2026/08/10 15:52:20.916, 0, 4613, 100
2026/08/10 15:52:20.920, 1, 6277, 99
2026/08/10 15:52:21.969, 0, 5989, 84
2026/08/10 15:52:21.973, 1, 6917, 100
2026/08/10 15:52:23.035, 0, 5125, 100
2026/08/10 15:52:23.038, 1, 6757, 100
2026/08/10 15:52:24.131, 0, 5029, 78
2026/08/10 15:52:24.134, 1, 5125, 100
2026/08/10 15:52:25.231, 0, 6373, 100
2026/08/10 15:52:25.239, 1, 5285, 100
2026/08/10 15:52:26.313, 0, 3589, 100
2026/08/10 15:52:26.319, 1, 6853, 100
2026/08/10 15:52:27.377, 0, 5541, 100
2026/08/10 15:52:27.380, 1, 7141, 65
2026/08/10 15:52:28.434, 0, 4869, 100
2026/08/10 15:52:28.438, 1, 5637, 100
2026/08/10 15:52:29.528, 0, 6437, 100
2026/08/10 15:52:29.531, 1, 7109, 100
2026/08/10 15:52:30.602, 0, 8517, 100
2026/08/10 15:52:30.605, 1, 7301, 100
2026/08/10 15:52:31.655, 0, 9061, 100
2026/08/10 15:52:31.659, 1, 9253, 88
2026/08/10 15:52:32.702, 0, 5157, 83
2026/08/10 15:52:32.706, 1, 8773, 92
2026/08/10 15:52:33.756, 0, 5861, 83
2026/08/10 15:52:33.761, 1, 6437, 99
2026/08/10 15:52:34.841, 0, 7013, 99
2026/08/10 15:52:34.845, 1, 7493, 83
2026/08/10 15:52:35.903, 0, 4709, 100
2026/08/10 15:52:35.907, 1, 8069, 100
2026/08/10 15:52:36.961, 0, 5349, 75
2026/08/10 15:52:36.964, 1, 7141, 89
2026/08/10 15:52:38.020, 0, 6853, 100
2026/08/10 15:52:38.027, 1, 7813, 100
2026/08/10 15:52:39.095, 0, 3877, 67
2026/08/10 15:52:39.099, 1, 5989, 99
2026/08/10 15:52:40.158, 0, 5637, 99
2026/08/10 15:52:40.162, 1, 6149, 99
2026/08/10 15:52:41.227, 0, 4773, 99
2026/08/10 15:52:41.235, 1, 8581, 75
2026/08/10 15:52:42.289, 0, 5029, 100
2026/08/10 15:52:42.293, 1, 5573, 97
2026/08/10 15:52:43.374, 0, 4165, 70
2026/08/10 15:52:43.377, 1, 7909, 100
2026/08/10 15:52:44.451, 0, 6597, 96
2026/08/10 15:52:44.462, 1, 6629, 95
2026/08/10 15:52:45.564, 0, 3333, 100
2026/08/10 15:52:45.568, 1, 7845, 100
2026/08/10 15:52:46.636, 0, 6853, 94
2026/08/10 15:52:46.641, 1, 10021, 80
2026/08/10 15:52:47.690, 0, 6437, 10
2026/08/10 15:52:47.694, 1, 7109, 97
2026/08/10 15:52:48.743, 0, 7109, 9
2026/08/10 15:52:48.747, 1, 7301, 100
2026/08/10 15:52:49.797, 0, 5189, 100
2026/08/10 15:52:49.800, 1, 8453, 100
2026/08/10 15:52:50.862, 0, 5221, 100
2026/08/10 15:52:50.865, 1, 7077, 83
2026/08/10 15:52:51.911, 0, 5413, 100
2026/08/10 15:52:51.914, 1, 6885, 100
2026/08/10 15:52:52.970, 0, 6309, 97
2026/08/10 15:52:52.973, 1, 8101, 62
2026/08/10 15:52:54.024, 0, 5061, 98
2026/08/10 15:52:54.027, 1, 6821, 86
2026/08/10 15:52:55.098, 0, 4677, 100
2026/08/10 15:52:55.106, 1, 6341, 100
2026/08/10 15:52:56.189, 0, 5125, 92
2026/08/10 15:52:56.200, 1, 5765, 100
2026/08/10 15:52:57.288, 0, 6149, 97
2026/08/10 15:52:57.296, 1, 5413, 100
2026/08/10 15:52:58.358, 0, 4517, 100
2026/08/10 15:52:58.361, 1, 8901, 100
2026/08/10 15:52:59.411, 0, 4389, 93
2026/08/10 15:52:59.415, 1, 5381, 100
2026/08/10 15:53:00.529, 0, 3429, 96
2026/08/10 15:53:00.538, 1, 5573, 94
2026/08/10 15:53:01.622, 0, 6021, 74
2026/08/10 15:53:01.626, 1, 6981, 89
2026/08/10 15:53:02.693, 0, 6853, 100
2026/08/10 15:53:02.697, 1, 9637, 100
2026/08/10 15:53:03.762, 0, 4485, 92
2026/08/10 15:53:03.766, 1, 4805, 65
2026/08/10 15:53:04.868, 0, 4133, 89
2026/08/10 15:53:04.876, 1, 5253, 99
2026/08/10 15:53:05.945, 0, 3845, 100
2026/08/10 15:53:05.950, 1, 7013, 88
2026/08/10 15:53:07.006, 0, 4229, 100
2026/08/10 15:53:07.010, 1, 7717, 90
2026/08/10 15:53:08.066, 0, 6309, 84
2026/08/10 15:53:08.074, 1, 6853, 93
2026/08/10 15:53:09.157, 0, 5029, 93
2026/08/10 15:53:09.160, 1, 7845, 94
2026/08/10 15:53:10.215, 0, 4613, 69
2026/08/10 15:53:10.222, 1, 6821, 100
2026/08/10 15:53:11.323, 0, 4773, 100
2026/08/10 15:53:11.331, 1, 5861, 100
2026/08/10 15:53:12.445, 0, 3685, 100
2026/08/10 15:53:12.453, 1, 4517, 89
2026/08/10 15:53:13.537, 0, 4837, 100
2026/08/10 15:53:13.541, 1, 7141, 100
2026/08/10 15:53:14.615, 0, 4229, 89
2026/08/10 15:53:14.619, 1, 6853, 100
2026/08/10 15:53:15.695, 0, 4421, 88
2026/08/10 15:53:15.702, 1, 5125, 95
2026/08/10 15:53:16.772, 0, 5637, 100
2026/08/10 15:53:16.782, 1, 5125, 96
2026/08/10 15:53:17.850, 0, 3621, 100
2026/08/10 15:53:17.858, 1, 5317, 100
2026/08/10 15:53:18.945, 0, 3845, 100
2026/08/10 15:53:18.949, 1, 6565, 100
2026/08/10 15:53:20.021, 0, 5317, 98
2026/08/10 15:53:20.026, 1, 5125, 100
2026/08/10 15:53:21.081, 0, 6405, 92
2026/08/10 15:53:21.085, 1, 7717, 75
2026/08/10 15:53:22.137, 0, 5669, 99
2026/08/10 15:53:22.141, 1, 6341, 75
2026/08/10 15:53:23.197, 0, 4069, 87
2026/08/10 15:53:23.202, 1, 8005, 100
2026/08/10 15:53:24.277, 0, 6501, 100
2026/08/10 15:53:24.282, 1, 6021, 68
2026/08/10 15:53:25.370, 0, 5445, 97
2026/08/10 15:53:25.377, 1, 5413, 100
2026/08/10 15:53:26.443, 0, 6469, 82
2026/08/10 15:53:26.447, 1, 7589, 100
2026/08/10 15:53:27.503, 0, 4069, 100
2026/08/10 15:53:27.511, 1, 6757, 70
2026/08/10 15:53:28.580, 0, 6821, 100
2026/08/10 15:53:28.584, 1, 5701, 100
2026/08/10 15:53:29.639, 0, 5157, 100
2026/08/10 15:53:29.642, 1, 6693, 95
2026/08/10 15:53:30.703, 0, 4645, 80
2026/08/10 15:53:30.708, 1, 6533, 96
2026/08/10 15:53:31.766, 0, 4261, 100
2026/08/10 15:53:31.769, 1, 7781, 100
2026/08/10 15:53:32.844, 0, 5989, 66
2026/08/10 15:53:32.848, 1, 9381, 100
2026/08/10 15:53:33.913, 0, 4421, 99
2026/08/10 15:53:33.920, 1, 6085, 100
2026/08/10 15:53:35.016, 0, 4389, 100
2026/08/10 15:53:35.027, 1, 5445, 100
2026/08/10 15:53:36.111, 0, 4517, 99
2026/08/10 15:53:36.119, 1, 5605, 85
2026/08/10 15:53:37.211, 0, 4805, 100
2026/08/10 15:53:37.215, 1, 5413, 78
2026/08/10 15:53:38.290, 0, 6085, 100
2026/08/10 15:53:38.295, 1, 5893, 100
2026/08/10 15:53:39.372, 0, 5957, 87
2026/08/10 15:53:39.375, 1, 7045, 100
2026/08/10 15:53:40.425, 0, 6341, 100
2026/08/10 15:53:40.429, 1, 8581, 100
2026/08/10 15:53:41.498, 0, 4197, 100
2026/08/10 15:53:41.502, 1, 6949, 69
2026/08/10 15:53:42.591, 0, 4805, 100
2026/08/10 15:53:42.595, 1, 6917, 92
2026/08/10 15:53:43.671, 0, 7301, 65
2026/08/10 15:53:43.679, 1, 5957, 100
2026/08/10 15:53:44.752, 0, 6213, 95
2026/08/10 15:53:44.763, 1, 8069, 100
2026/08/10 15:53:45.852, 0, 4229, 97
2026/08/10 15:53:45.856, 1, 6341, 97
2026/08/10 15:53:46.919, 0, 7269, 64
2026/08/10 15:53:46.923, 1, 6053, 98
2026/08/10 15:53:48.000, 0, 4197, 98
2026/08/10 15:53:48.007, 1, 5925, 100
2026/08/10 15:53:49.091, 0, 6245, 90
2026/08/10 15:53:49.100, 1, 5221, 97
2026/08/10 15:53:50.192, 0, 6405, 100
2026/08/10 15:53:50.196, 1, 7685, 56
2026/08/10 15:53:51.245, 0, 8261, 100
2026/08/10 15:53:51.249, 1, 6725, 100
2026/08/10 15:53:52.331, 0, 4101, 88
2026/08/10 15:53:52.334, 1, 5509, 84
2026/08/10 15:53:53.389, 0, 6501, 99
2026/08/10 15:53:53.393, 1, 7749, 100
2026/08/10 15:53:54.480, 0, 5541, 70
2026/08/10 15:53:54.487, 1, 5893, 96
2026/08/10 15:53:55.553, 0, 5061, 100
2026/08/10 15:53:55.557, 1, 6341, 100
2026/08/10 15:53:56.607, 0, 5541, 78
2026/08/10 15:53:56.611, 1, 7813, 91
2026/08/10 15:53:57.678, 0, 5765, 80
2026/08/10 15:53:57.682, 1, 7941, 80
2026/08/10 15:53:58.757, 0, 5317, 46
2026/08/10 15:53:58.765, 1, 5541, 96
2026/08/10 15:53:59.839, 0, 5413, 96
2026/08/10 15:53:59.847, 1, 6597, 98
2026/08/10 15:54:00.956, 0, 4101, 100
2026/08/10 15:54:00.959, 1, 6245, 100
2026/08/10 15:54:02.065, 0, 4549, 97
2026/08/10 15:54:02.075, 1, 6885, 100
2026/08/10 15:54:03.187, 0, 3429, 100
2026/08/10 15:54:03.193, 1, 4869, 100
2026/08/10 15:54:04.263, 0, 6245, 48
2026/08/10 15:54:04.266, 1, 7909, 100
2026/08/10 15:54:05.343, 0, 4293, 100
2026/08/10 15:54:05.347, 1, 6725, 100
2026/08/10 15:54:06.451, 0, 4325, 100
2026/08/10 15:54:06.458, 1, 5477, 91
2026/08/10 15:54:07.538, 0, 8293, 94
2026/08/10 15:54:07.547, 1, 5669, 95
2026/08/10 15:54:08.622, 0, 4709, 100
2026/08/10 15:54:08.626, 1, 8933, 100
2026/08/10 15:54:09.678, 0, 5701, 100
2026/08/10 15:54:09.682, 1, 6661, 91
2026/08/10 15:54:10.755, 0, 5893, 82
2026/08/10 15:54:10.762, 1, 7301, 100
2026/08/10 15:54:11.831, 0, 4005, 95
2026/08/10 15:54:11.836, 1, 7685, 100
2026/08/10 15:54:12.899, 0, 5349, 72
2026/08/10 15:54:12.904, 1, 6021, 96
2026/08/10 15:54:13.975, 0, 5797, 100
2026/08/10 15:54:13.978, 1, 11109, 99
2026/08/10 15:54:15.061, 0, 4421, 100
2026/08/10 15:54:15.067, 1, 8133, 99
2026/08/10 15:54:16.147, 0, 4293, 100
2026/08/10 15:54:16.152, 1, 8741, 100
2026/08/10 15:54:17.209, 0, 9189, 77
2026/08/10 15:54:17.213, 1, 7429, 100
2026/08/10 15:54:18.275, 0, 7653, 61
2026/08/10 15:54:18.279, 1, 9573, 100
2026/08/10 15:54:19.329, 0, 5541, 98
2026/08/10 15:54:19.333, 1, 8773, 100
2026/08/10 15:54:20.387, 0, 4677, 94
2026/08/10 15:54:20.390, 1, 6885, 96
2026/08/10 15:54:21.444, 0, 4933, 81
2026/08/10 15:54:21.448, 1, 5605, 91
2026/08/10 15:54:22.516, 0, 4549, 91
2026/08/10 15:54:22.523, 1, 7685, 70
2026/08/10 15:54:23.609, 0, 7301, 100
2026/08/10 15:54:23.614, 1, 8933, 99
2026/08/10 15:54:24.662, 0, 6117, 100
2026/08/10 15:54:24.665, 1, 7493, 100
2026/08/10 15:54:25.757, 0, 4229, 100
2026/08/10 15:54:25.765, 1, 5733, 100
2026/08/10 15:54:26.828, 0, 5157, 100
2026/08/10 15:54:26.834, 1, 8005, 67
2026/08/10 15:54:27.887, 0, 7685, 96
2026/08/10 15:54:27.893, 1, 4933, 100
2026/08/10 15:54:28.949, 0, 5381, 83
2026/08/10 15:54:28.951, 1, 5765, 100
2026/08/10 15:54:30.000, 0, 4517, 79
2026/08/10 15:54:30.003, 1, 7813, 100
2026/08/10 15:54:31.050, 0, 6853, 100
2026/08/10 15:54:31.054, 1, 7077, 99
2026/08/10 15:54:32.135, 0, 4581, 100
2026/08/10 15:54:32.139, 1, 6469, 83
2026/08/10 15:54:33.201, 0, 4869, 81
2026/08/10 15:54:33.207, 1, 6661, 96
2026/08/10 15:54:34.270, 0, 6341, 100
2026/08/10 15:54:34.274, 1, 9253, 96
2026/08/10 15:54:35.363, 0, 5093, 93
2026/08/10 15:54:35.367, 1, 4965, 83
2026/08/10 15:54:36.424, 0, 4485, 98
2026/08/10 15:54:36.428, 1, 7109, 99
2026/08/10 15:54:37.501, 0, 4581, 99
2026/08/10 15:54:37.508, 1, 6085, 73
2026/08/10 15:54:38.576, 0, 4485, 75
2026/08/10 15:54:38.580, 1, 7045, 100
2026/08/10 15:54:39.673, 0, 4933, 100
2026/08/10 15:54:39.684, 1, 5317, 100
2026/08/10 15:54:40.758, 0, 5029, 100
2026/08/10 15:54:40.763, 1, 7877, 100
2026/08/10 15:54:41.854, 0, 4037, 92
2026/08/10 15:54:41.858, 1, 5061, 99
2026/08/10 15:54:42.926, 0, 4133, 100
2026/08/10 15:54:42.929, 1, 7077, 92
2026/08/10 15:54:44.017, 0, 4421, 76
2026/08/10 15:54:44.024, 1, 6085, 69
2026/08/10 15:54:45.100, 0, 4485, 87
2026/08/10 15:54:45.109, 1, 8709, 100
2026/08/10 15:54:46.186, 0, 4709, 95
2026/08/10 15:54:46.189, 1, 5189, 95
2026/08/10 15:54:47.286, 0, 4869, 85
2026/08/10 15:54:47.295, 1, 4453, 92
2026/08/10 15:54:48.403, 0, 4645, 98
2026/08/10 15:54:48.411, 1, 7365, 97
2026/08/10 15:54:49.477, 0, 5125, 61
2026/08/10 15:54:49.482, 1, 6501, 100
2026/08/10 15:54:50.537, 0, 3845, 100
2026/08/10 15:54:50.540, 1, 6757, 96
2026/08/10 15:54:51.596, 0, 6277, 81
2026/08/10 15:54:51.600, 1, 6021, 100
2026/08/10 15:54:52.662, 0, 5061, 99
2026/08/10 15:54:52.666, 1, 6885, 78
2026/08/10 15:54:53.719, 0, 5541, 100
2026/08/10 15:54:53.722, 1, 6597, 94
2026/08/10 15:54:54.788, 0, 4645, 100
2026/08/10 15:54:54.791, 1, 5413, 91
2026/08/10 15:54:55.855, 0, 4197, 85
2026/08/10 15:54:55.858, 1, 8005, 90
2026/08/10 15:54:56.944, 0, 4677, 91
2026/08/10 15:54:56.948, 1, 6565, 99
2026/08/10 15:54:58.016, 0, 4101, 100
2026/08/10 15:54:58.020, 1, 6021, 100
2026/08/10 15:54:59.092, 0, 4069, 59
2026/08/10 15:54:59.099, 1, 6885, 79
2026/08/10 15:55:00.195, 0, 4613, 100
2026/08/10 15:55:00.203, 1, 5189, 96
2026/08/10 15:55:01.280, 0, 7717, 92
2026/08/10 15:55:01.284, 1, 8837, 92
2026/08/10 15:55:02.339, 0, 6405, 100
2026/08/10 15:55:02.342, 1, 8421, 100
2026/08/10 15:55:03.414, 0, 6053, 100
2026/08/10 15:55:03.422, 1, 6117, 100
2026/08/10 15:55:04.505, 0, 4741, 97
2026/08/10 15:55:04.509, 1, 5509, 100
2026/08/10 15:55:05.573, 0, 4325, 78
2026/08/10 15:55:05.577, 1, 8101, 94
2026/08/10 15:55:06.655, 0, 6405, 87
2026/08/10 15:55:06.660, 1, 5061, 97
2026/08/10 15:55:07.756, 0, 6277, 88
2026/08/10 15:55:07.760, 1, 6277, 100
2026/08/10 15:55:08.821, 0, 4933, 97
2026/08/10 15:55:08.824, 1, 5797, 89
2026/08/10 15:55:09.881, 0, 7077, 13
2026/08/10 15:55:09.885, 1, 7909, 100
2026/08/10 15:55:10.964, 0, 4933, 96
2026/08/10 15:55:10.968, 1, 7813, 100
2026/08/10 15:55:12.033, 0, 4389, 100
2026/08/10 15:55:12.040, 1, 6085, 100
2026/08/10 15:55:13.128, 0, 4581, 100
2026/08/10 15:55:13.136, 1, 7301, 96
2026/08/10 15:55:14.205, 0, 4453, 100
2026/08/10 15:55:14.209, 1, 5509, 100
2026/08/10 15:55:15.297, 0, 5349, 100
2026/08/10 15:55:15.300, 1, 4869, 99
2026/08/10 15:55:16.394, 0, 3845, 90
2026/08/10 15:55:16.400, 1, 7109, 89
2026/08/10 15:55:17.485, 0, 4709, 100
2026/08/10 15:55:17.490, 1, 5253, 100
2026/08/10 15:55:18.592, 0, 4165, 100
2026/08/10 15:55:18.595, 1, 5573, 98
2026/08/10 15:55:19.687, 0, 4997, 100
2026/08/10 15:55:19.694, 1, 5573, 84
2026/08/10 15:55:20.763, 0, 5253, 99
2026/08/10 15:55:20.767, 1, 7141, 100
2026/08/10 15:55:21.856, 0, 5189, 100
2026/08/10 15:55:21.860, 1, 6949, 98
2026/08/10 15:55:22.928, 0, 5381, 100
2026/08/10 15:55:22.931, 1, 6085, 100
2026/08/10 15:55:23.994, 0, 5189, 88
2026/08/10 15:55:24.001, 1, 6149, 100
2026/08/10 15:55:25.068, 0, 5349, 80
2026/08/10 15:55:25.076, 1, 7749, 57
2026/08/10 15:55:26.140, 0, 5221, 92
2026/08/10 15:55:26.144, 1, 5381, 100
2026/08/10 15:55:27.222, 0, 5157, 83
2026/08/10 15:55:27.227, 1, 7941, 100
2026/08/10 15:55:28.299, 0, 6597, 100
2026/08/10 15:55:28.302, 1, 8517, 100
2026/08/10 15:55:29.356, 0, 4037, 98
2026/08/10 15:55:29.362, 1, 6245, 100
2026/08/10 15:55:30.429, 0, 5637, 100
2026/08/10 15:55:30.433, 1, 5509, 100
2026/08/10 15:55:31.496, 0, 4901, 48
2026/08/10 15:55:31.499, 1, 5989, 97
2026/08/10 15:55:32.576, 0, 4293, 100
2026/08/10 15:55:32.582, 1, 5125, 100
2026/08/10 15:55:33.703, 0, 4901, 95
2026/08/10 15:55:33.708, 1, 5349, 94
2026/08/10 15:55:34.789, 0, 4037, 89
2026/08/10 15:55:34.800, 1, 6213, 98
2026/08/10 15:55:35.889, 0, 6533, 100
2026/08/10 15:55:35.892, 1, 8613, 72
2026/08/10 15:55:36.970, 0, 4261, 67
2026/08/10 15:55:36.976, 1, 7365, 99
2026/08/10 15:55:38.054, 0, 5413, 74
2026/08/10 15:55:38.059, 1, 5861, 95
2026/08/10 15:55:39.142, 0, 6533, 95
2026/08/10 15:55:39.150, 1, 5669, 92
2026/08/10 15:55:40.217, 0, 4709, 98
2026/08/10 15:55:40.224, 1, 5445, 100
2026/08/10 15:55:41.292, 0, 5573, 71
2026/08/10 15:55:41.296, 1, 8581, 96
2026/08/10 15:55:42.364, 0, 4229, 100
2026/08/10 15:55:42.369, 1, 6309, 98
2026/08/10 15:55:43.477, 0, 4037, 93
2026/08/10 15:55:43.482, 1, 7813, 63
2026/08/10 15:55:44.549, 0, 5445, 89
2026/08/10 15:55:44.553, 1, 6693, 100
2026/08/10 15:55:45.650, 0, 4805, 73
2026/08/10 15:55:45.658, 1, 6149, 100
2026/08/10 15:55:46.731, 0, 6981, 100
2026/08/10 15:55:46.742, 1, 9029, 11
2026/08/10 15:55:47.792, 0, 5445, 100
2026/08/10 15:55:47.795, 1, 6501, 100
2026/08/10 15:55:48.850, 0, 5413, 100
2026/08/10 15:55:48.859, 1, 6917, 100
2026/08/10 15:55:49.940, 0, 5157, 99
2026/08/10 15:55:49.947, 1, 5733, 100
2026/08/10 15:55:51.037, 0, 4645, 98
2026/08/10 15:55:51.041, 1, 8069, 91
2026/08/10 15:55:52.097, 0, 4997, 65
2026/08/10 15:55:52.109, 1, 5157, 86
2026/08/10 15:55:53.180, 0, 6725, 78
2026/08/10 15:55:53.184, 1, 6725, 100
2026/08/10 15:55:54.237, 0, 4901, 100
2026/08/10 15:55:54.240, 1, 8965, 100
2026/08/10 15:55:55.319, 0, 5221, 100
2026/08/10 15:55:55.326, 1, 5797, 100
2026/08/10 15:55:56.425, 0, 5605, 97
2026/08/10 15:55:56.435, 1, 5829, 100
2026/08/10 15:55:57.501, 0, 5221, 100
2026/08/10 15:55:57.505, 1, 7877, 84
2026/08/10 15:55:58.567, 0, 6213, 100
2026/08/10 15:55:58.570, 1, 5349, 100
2026/08/10 15:55:59.624, 0, 5381, 100
2026/08/10 15:55:59.629, 1, 7909, 80
2026/08/10 15:56:00.695, 0, 6789, 100
2026/08/10 15:56:00.699, 1, 7749, 60
2026/08/10 15:56:01.751, 0, 4069, 99
2026/08/10 15:56:01.753, 1, 8773, 86
2026/08/10 15:56:02.806, 0, 6117, 100
2026/08/10 15:56:02.812, 1, 6117, 94
2026/08/10 15:56:03.879, 0, 4709, 100
2026/08/10 15:56:03.887, 1, 6277, 100
2026/08/10 15:56:04.968, 0, 5957, 97
2026/08/10 15:56:04.973, 1, 6757, 83
2026/08/10 15:56:06.042, 0, 5541, 86
2026/08/10 15:56:06.045, 1, 9445, 97
2026/08/10 15:56:07.096, 0, 4645, 94
2026/08/10 15:56:07.100, 1, 7077, 33
2026/08/10 15:56:08.178, 0, 5477, 75
2026/08/10 15:56:08.182, 1, 6085, 100
2026/08/10 15:56:09.244, 0, 4517, 91
2026/08/10 15:56:09.252, 1, 6181, 100
2026/08/10 15:56:10.323, 0, 6213, 97
2026/08/10 15:56:10.327, 1, 7941, 92
2026/08/10 15:56:11.385, 0, 4581, 100
2026/08/10 15:56:11.388, 1, 5669, 100
2026/08/10 15:56:12.469, 0, 4197, 76
2026/08/10 15:56:12.473, 1, 7397, 99
2026/08/10 15:56:13.519, 0, 4997, 98
2026/08/10 15:56:13.521, 1, 6661, 81
2026/08/10 15:56:14.558, 0, 4997, 0
2026/08/10 15:56:14.559, 1, 6661, 0
2026/08/10 15:56:15.595, 0, 4997, 0
2026/08/10 15:56:15.596, 1, 6661, 0
