[train] runs/d3_125m at 66c49c2 seed=95 {'depth': 3, 'iters': 16, 'minutes': 125.0, 'warm_minutes': 5.0, 'snapshot_every': 25.0, 'seed': 95, 'ladder_games': 0, 'note': 'depth-3, 16 iters, matched wall clock against v5_d2_125m'}
[train] depth-3, 16 iters, matched wall clock against v5_d2_125m
[cpu] pinned to 36 physical cores
[train] CUDA stream priority -1
[gpu] solve services up on [0, 1]
[cfg] PUBFEAT=897 CFEAT=15 architecture=v5 depth=3 iters=16 budget=7500s warm=300s snapshot_every=25min device=cuda:1 draft=random train_gen_ratio=4.0 recent_mix=0.5/0.2 canonical_views=2 cap=2000000 aux_weight=0.15 matmul=high
[t=   1.6s] greedy ep  0 games=  96 dec= 18853 rows= 18069 horizon=0.29 L=1.80729 L/var=11.66 tgt=-0.043/0.394 pstd=0.045 aux=0.8970/0.615 gen=0.1s train=1.4s
[t=   2.8s] greedy ep  1 games=  96 dec= 19648 rows= 18830 horizon=0.34 L=0.35514 L/var=2.16 tgt=-0.090/0.406 pstd=0.093 aux=0.8174/0.712 gen=0.1s train=0.9s
[t=   3.9s] greedy ep  2 games=  96 dec= 19176 rows= 18356 horizon=0.35 L=0.26041 L/var=1.51 tgt=-0.088/0.415 pstd=0.082 aux=0.6632/0.728 gen=0.1s train=0.9s
[t=   4.9s] greedy ep  3 games=  96 dec= 18652 rows= 17858 horizon=0.29 L=0.24653 L/var=1.30 tgt=-0.096/0.436 pstd=0.103 aux=0.6313/0.734 gen=0.1s train=0.9s
[t=   6.1s] greedy ep  4 games=  96 dec= 19078 rows= 18228 horizon=0.35 L=0.23770 L/var=1.38 tgt=-0.093/0.414 pstd=0.107 aux=0.6019/0.745 gen=0.1s train=0.9s
[t=   7.3s] greedy ep  5 games=  96 dec= 18818 rows= 18043 horizon=0.35 L=0.22523 L/var=1.24 tgt=-0.089/0.427 pstd=0.113 aux=0.5960/0.747 gen=0.1s train=0.9s
[t=   8.5s] greedy ep  6 games=  96 dec= 18874 rows= 18050 horizon=0.28 L=0.21356 L/var=1.39 tgt=-0.083/0.391 pstd=0.107 aux=0.5594/0.767 gen=0.1s train=1.0s
[t=   9.6s] greedy ep  7 games=  96 dec= 18496 rows= 17707 horizon=0.27 L=0.20721 L/var=1.50 tgt=-0.094/0.372 pstd=0.111 aux=0.5462/0.776 gen=0.1s train=0.9s
[t=  10.7s] greedy ep  8 games=  96 dec= 18882 rows= 18018 horizon=0.28 L=0.29365 L/var=2.16 tgt=-0.063/0.368 pstd=0.072 aux=0.5367/0.781 gen=0.1s train=1.0s
[t=  11.8s] greedy ep  9 games=  96 dec= 18567 rows= 17820 horizon=0.30 L=0.37915 L/var=2.40 tgt=-0.059/0.398 pstd=0.066 aux=0.6337/0.747 gen=0.1s train=0.9s
[t=  13.0s] greedy ep 10 games=  96 dec= 18793 rows= 18035 horizon=0.29 L=0.23970 L/var=1.55 tgt=-0.092/0.393 pstd=0.112 aux=0.5702/0.760 gen=0.1s train=1.0s
[t=  14.1s] greedy ep 11 games=  96 dec= 18170 rows= 17446 horizon=0.32 L=0.29057 L/var=1.73 tgt=-0.053/0.410 pstd=0.089 aux=0.5407/0.774 gen=0.1s train=0.9s
[t=  15.3s] greedy ep 12 games=  96 dec= 17686 rows= 16974 horizon=0.27 L=0.21443 L/var=1.38 tgt=-0.071/0.394 pstd=0.125 aux=0.5436/0.773 gen=0.1s train=0.9s
[t=  16.4s] greedy ep 13 games=  96 dec= 19259 rows= 18477 horizon=0.39 L=0.21188 L/var=1.53 tgt=-0.042/0.373 pstd=0.104 aux=0.5107/0.790 gen=0.1s train=1.0s
[t=  17.5s] greedy ep 14 games=  96 dec= 18669 rows= 17882 horizon=0.30 L=0.20323 L/var=1.32 tgt=-0.086/0.392 pstd=0.129 aux=0.4886/0.803 gen=0.1s train=0.9s
[t=  18.7s] greedy ep 15 games=  96 dec= 18379 rows= 17558 horizon=0.27 L=0.20433 L/var=1.28 tgt=-0.082/0.400 pstd=0.136 aux=0.4956/0.797 gen=0.1s train=0.9s
[t=  19.8s] greedy ep 16 games=  96 dec= 17832 rows= 17106 horizon=0.24 L=0.20366 L/var=1.16 tgt=-0.081/0.418 pstd=0.124 aux=0.4903/0.799 gen=0.1s train=0.9s
[t=  21.0s] greedy ep 17 games=  96 dec= 19410 rows= 18581 horizon=0.32 L=0.19515 L/var=1.13 tgt=-0.081/0.416 pstd=0.184 aux=0.4941/0.797 gen=0.1s train=1.0s
[t=  22.1s] greedy ep 18 games=  96 dec= 18273 rows= 17416 horizon=0.23 L=0.27781 L/var=1.79 tgt=-0.070/0.393 pstd=0.098 aux=0.6380/0.718 gen=0.1s train=0.9s
[t=  23.2s] greedy ep 19 games=  96 dec= 17525 rows= 16824 horizon=0.25 L=0.22458 L/var=1.51 tgt=-0.059/0.385 pstd=0.099 aux=0.5820/0.755 gen=0.1s train=0.8s
[t=  24.3s] greedy ep 20 games=  96 dec= 17691 rows= 16922 horizon=0.22 L=0.20910 L/var=1.32 tgt=-0.087/0.399 pstd=0.129 aux=0.5192/0.791 gen=0.1s train=0.9s
[t=  25.4s] greedy ep 21 games=  96 dec= 19033 rows= 18205 horizon=0.35 L=0.26395 L/var=1.81 tgt=-0.058/0.382 pstd=0.066 aux=0.5169/0.789 gen=0.1s train=1.0s
[t=  26.6s] greedy ep 22 games=  96 dec= 18692 rows= 17986 horizon=0.33 L=0.22437 L/var=1.33 tgt=-0.077/0.410 pstd=0.090 aux=0.5082/0.790 gen=0.1s train=1.0s
[t=  27.7s] greedy ep 23 games=  96 dec= 18345 rows= 17557 horizon=0.27 L=0.21818 L/var=1.42 tgt=-0.071/0.392 pstd=0.117 aux=0.4964/0.798 gen=0.1s train=0.9s
[t=  28.8s] greedy ep 24 games=  96 dec= 17545 rows= 16862 horizon=0.24 L=0.19837 L/var=1.30 tgt=-0.075/0.391 pstd=0.264 aux=0.4961/0.796 gen=0.1s train=0.9s
[t=  30.0s] greedy ep 25 games=  96 dec= 18771 rows= 17942 horizon=0.35 L=0.28158 L/var=1.77 tgt=-0.039/0.399 pstd=0.072 aux=0.5920/0.744 gen=0.1s train=1.0s
[t=  31.1s] greedy ep 26 games=  96 dec= 18524 rows= 17729 horizon=0.31 L=0.29698 L/var=1.84 tgt=-0.078/0.401 pstd=0.054 aux=0.5796/0.767 gen=0.1s train=0.9s
[t=  32.2s] greedy ep 27 games=  96 dec= 18467 rows= 17765 horizon=0.29 L=0.22331 L/var=1.28 tgt=-0.075/0.418 pstd=0.076 aux=0.5137/0.791 gen=0.1s train=0.9s
[t=  33.4s] greedy ep 28 games=  96 dec= 18349 rows= 17482 horizon=0.28 L=0.20876 L/var=1.35 tgt=-0.078/0.393 pstd=0.113 aux=0.4940/0.797 gen=0.1s train=0.9s
[t=  34.5s] greedy ep 29 games=  96 dec= 17979 rows= 17287 horizon=0.27 L=0.19893 L/var=1.35 tgt=-0.080/0.383 pstd=0.130 aux=0.4859/0.799 gen=0.1s train=0.9s
[t=  35.7s] greedy ep 30 games=  96 dec= 19069 rows= 18180 horizon=0.31 L=0.20049 L/var=1.23 tgt=-0.067/0.404 pstd=0.139 aux=0.4817/0.799 gen=0.1s train=1.0s
[t=  36.8s] greedy ep 31 games=  96 dec= 18861 rows= 18112 horizon=0.34 L=0.20422 L/var=1.13 tgt=-0.102/0.425 pstd=0.130 aux=0.4799/0.799 gen=0.1s train=1.0s
[t=  38.0s] greedy ep 32 games=  96 dec= 19129 rows= 18332 horizon=0.34 L=0.19796 L/var=1.27 tgt=-0.086/0.394 pstd=0.145 aux=0.4786/0.799 gen=0.1s train=1.0s
[t=  39.2s] greedy ep 33 games=  96 dec= 18913 rows= 17958 horizon=0.27 L=0.19661 L/var=1.24 tgt=-0.095/0.398 pstd=0.139 aux=0.4688/0.803 gen=0.1s train=1.0s
[t=  40.3s] greedy ep 34 games=  96 dec= 17630 rows= 16913 horizon=0.21 L=0.19925 L/var=1.16 tgt=-0.083/0.414 pstd=0.158 aux=0.4718/0.802 gen=0.1s train=0.9s
[t=  41.4s] greedy ep 35 games=  96 dec= 18569 rows= 17779 horizon=0.31 L=0.19514 L/var=1.17 tgt=-0.066/0.408 pstd=0.172 aux=0.4714/0.802 gen=0.1s train=0.9s
[t=  42.6s] greedy ep 36 games=  96 dec= 18706 rows= 17959 horizon=0.30 L=0.20979 L/var=1.26 tgt=-0.095/0.408 pstd=0.117 aux=0.4936/0.794 gen=0.1s train=0.9s
[t=  43.7s] greedy ep 37 games=  96 dec= 19117 rows= 18316 horizon=0.33 L=0.22860 L/var=1.50 tgt=-0.068/0.390 pstd=0.071 aux=0.5265/0.777 gen=0.1s train=1.0s
[t=  44.9s] greedy ep 38 games=  96 dec= 18646 rows= 17879 horizon=0.28 L=0.21092 L/var=1.28 tgt=-0.077/0.406 pstd=0.142 aux=0.4829/0.802 gen=0.1s train=0.9s
[t=  46.0s] greedy ep 39 games=  96 dec= 18107 rows= 17347 horizon=0.28 L=0.22268 L/var=1.27 tgt=-0.068/0.419 pstd=0.135 aux=0.4803/0.801 gen=0.1s train=0.9s
[t=  47.2s] greedy ep 40 games=  96 dec= 18950 rows= 18159 horizon=0.33 L=0.20232 L/var=1.41 tgt=-0.068/0.378 pstd=0.097 aux=0.5279/0.775 gen=0.1s train=1.0s
[t=  48.3s] greedy ep 41 games=  96 dec= 18590 rows= 17770 horizon=0.28 L=0.24301 L/var=1.62 tgt=-0.059/0.387 pstd=0.062 aux=0.5570/0.770 gen=0.1s train=0.9s
[t=  49.5s] greedy ep 42 games=  96 dec= 18858 rows= 17987 horizon=0.28 L=0.21339 L/var=1.36 tgt=-0.082/0.395 pstd=0.080 aux=0.4951/0.797 gen=0.1s train=1.0s
[t=  50.6s] greedy ep 43 games=  96 dec= 17876 rows= 17106 horizon=0.27 L=0.20609 L/var=1.13 tgt=-0.093/0.428 pstd=0.137 aux=0.4849/0.801 gen=0.1s train=0.9s
[t=  51.7s] greedy ep 44 games=  96 dec= 18395 rows= 17544 horizon=0.26 L=0.20247 L/var=1.20 tgt=-0.059/0.411 pstd=0.132 aux=0.4866/0.799 gen=0.1s train=0.9s
[t=  52.8s] greedy ep 45 games=  96 dec= 18304 rows= 17541 horizon=0.27 L=0.19771 L/var=1.23 tgt=-0.086/0.400 pstd=0.196 aux=0.4801/0.801 gen=0.1s train=0.9s
[t=  54.0s] greedy ep 46 games=  96 dec= 18963 rows= 18276 horizon=0.36 L=0.21735 L/var=1.36 tgt=-0.057/0.400 pstd=0.103 aux=0.5312/0.776 gen=0.1s train=0.9s
[t=  55.0s] greedy ep 47 games=  96 dec= 17323 rows= 16593 horizon=0.24 L=0.21126 L/var=1.24 tgt=-0.099/0.413 pstd=0.144 aux=0.4987/0.794 gen=0.1s train=0.8s
[t=  56.2s] greedy ep 48 games=  96 dec= 19310 rows= 18515 horizon=0.32 L=0.18220 L/var=1.13 tgt=-0.070/0.402 pstd=0.240 aux=0.4874/0.799 gen=0.1s train=0.9s
[t=  57.3s] greedy ep 49 games=  96 dec= 18285 rows= 17559 horizon=0.26 L=0.15990 L/var=1.10 tgt=-0.076/0.382 pstd=0.294 aux=0.5018/0.792 gen=0.1s train=0.9s
[t=  58.5s] greedy ep 50 games=  96 dec= 18926 rows= 18168 horizon=0.30 L=0.20018 L/var=1.16 tgt=-0.079/0.416 pstd=0.120 aux=0.5174/0.780 gen=0.1s train=1.0s
[t=  59.6s] greedy ep 51 games=  96 dec= 18443 rows= 17663 horizon=0.29 L=0.19182 L/var=1.27 tgt=-0.068/0.388 pstd=0.136 aux=0.5167/0.780 gen=0.1s train=0.9s
[t=  60.8s] greedy ep 52 games=  96 dec= 18192 rows= 17487 horizon=0.27 L=0.15420 L/var=0.99 tgt=-0.086/0.395 pstd=0.310 aux=0.5133/0.785 gen=0.1s train=1.0s
[t=  62.2s] greedy ep 53 games=  96 dec= 18972 rows= 18164 horizon=0.32 L=0.17195 L/var=1.04 tgt=-0.068/0.407 pstd=0.162 aux=0.4987/0.793 gen=0.1s train=1.1s
[t=  63.3s] greedy ep 54 games=  96 dec= 18781 rows= 18082 horizon=0.35 L=0.06743 L/var=0.41 tgt=-0.067/0.406 pstd=0.286 aux=0.4924/0.798 gen=0.1s train=1.0s
[t=  64.5s] greedy ep 55 games=  96 dec= 18170 rows= 17299 horizon=0.23 L=0.03255 L/var=0.22 tgt=-0.070/0.385 pstd=0.371 aux=0.4877/0.801 gen=0.1s train=0.9s
[t=  65.7s] greedy ep 56 games=  96 dec= 18827 rows= 18033 horizon=0.31 L=0.02351 L/var=0.15 tgt=-0.056/0.392 pstd=0.352 aux=0.4896/0.800 gen=0.1s train=1.0s
[t=  66.8s] greedy ep 57 games=  96 dec= 18588 rows= 17840 horizon=0.33 L=0.01898 L/var=0.12 tgt=-0.078/0.393 pstd=0.367 aux=0.4794/0.804 gen=0.1s train=0.9s
[t=  67.9s] greedy ep 58 games=  96 dec= 18407 rows= 17575 horizon=0.28 L=0.01585 L/var=0.10 tgt=-0.055/0.393 pstd=0.369 aux=0.4784/0.804 gen=0.1s train=0.9s
[t=  69.0s] greedy ep 59 games=  96 dec= 18148 rows= 17468 horizon=0.25 L=0.01430 L/var=0.09 tgt=-0.079/0.397 pstd=0.368 aux=0.4817/0.802 gen=0.1s train=0.9s
[t=  70.2s] greedy ep 60 games=  96 dec= 19240 rows= 18506 horizon=0.39 L=0.01415 L/var=0.09 tgt=-0.058/0.394 pstd=0.369 aux=0.4770/0.802 gen=0.1s train=1.0s
[t=  71.3s] greedy ep 61 games=  96 dec= 17480 rows= 16650 horizon=0.21 L=0.01099 L/var=0.06 tgt=-0.082/0.415 pstd=0.370 aux=0.4765/0.804 gen=0.1s train=0.8s
[t=  72.4s] greedy ep 62 games=  96 dec= 17696 rows= 16904 horizon=0.23 L=0.01056 L/var=0.07 tgt=-0.078/0.393 pstd=0.369 aux=0.4751/0.804 gen=0.1s train=0.9s
[t=  73.5s] greedy ep 63 games=  96 dec= 18115 rows= 17315 horizon=0.25 L=0.00946 L/var=0.05 tgt=-0.074/0.425 pstd=0.372 aux=0.4699/0.807 gen=0.1s train=0.9s
[t=  74.6s] greedy ep 64 games=  96 dec= 17961 rows= 17228 horizon=0.30 L=0.01026 L/var=0.06 tgt=-0.081/0.430 pstd=0.374 aux=0.4725/0.806 gen=0.1s train=0.9s
[t=  75.8s] greedy ep 65 games=  96 dec= 19091 rows= 18359 horizon=0.33 L=0.00968 L/var=0.07 tgt=-0.054/0.380 pstd=0.376 aux=0.4750/0.804 gen=0.1s train=1.0s
[t=  77.0s] greedy ep 66 games=  96 dec= 18892 rows= 18141 horizon=0.34 L=0.00710 L/var=0.04 tgt=-0.083/0.425 pstd=0.374 aux=0.4717/0.804 gen=0.1s train=0.9s
[t=  78.1s] greedy ep 67 games=  96 dec= 18700 rows= 17909 horizon=0.33 L=0.00609 L/var=0.04 tgt=-0.068/0.402 pstd=0.378 aux=0.4738/0.803 gen=0.1s train=0.9s
[t=  79.2s] greedy ep 68 games=  96 dec= 17768 rows= 16989 horizon=0.26 L=0.00568 L/var=0.04 tgt=-0.080/0.398 pstd=0.376 aux=0.4744/0.803 gen=0.1s train=0.9s
[t=  80.4s] greedy ep 69 games=  96 dec= 18920 rows= 18066 horizon=0.31 L=0.00840 L/var=0.06 tgt=-0.081/0.373 pstd=0.373 aux=0.4714/0.803 gen=0.1s train=1.0s
[t=  81.5s] greedy ep 70 games=  96 dec= 18272 rows= 17482 horizon=0.23 L=0.00848 L/var=0.05 tgt=-0.079/0.393 pstd=0.372 aux=0.4731/0.803 gen=0.1s train=0.9s
[t=  82.7s] greedy ep 71 games=  96 dec= 19474 rows= 18684 horizon=0.42 L=0.00606 L/var=0.04 tgt=-0.081/0.388 pstd=0.379 aux=0.4704/0.804 gen=0.1s train=1.0s
[t=  83.8s] greedy ep 72 games=  96 dec= 18516 rows= 17831 horizon=0.32 L=0.00454 L/var=0.03 tgt=-0.063/0.392 pstd=0.381 aux=0.4700/0.803 gen=0.1s train=0.9s
[t=  85.0s] greedy ep 73 games=  96 dec= 18517 rows= 17766 horizon=0.31 L=0.00388 L/var=0.02 tgt=-0.085/0.409 pstd=0.386 aux=0.4692/0.804 gen=0.1s train=0.9s
[t=  86.1s] greedy ep 74 games=  96 dec= 18370 rows= 17557 horizon=0.25 L=0.00371 L/var=0.03 tgt=-0.051/0.375 pstd=0.388 aux=0.4697/0.804 gen=0.1s train=0.9s
[t=  87.2s] greedy ep 75 games=  96 dec= 18616 rows= 17846 horizon=0.31 L=0.00373 L/var=0.03 tgt=-0.054/0.385 pstd=0.385 aux=0.4739/0.802 gen=0.1s train=0.9s
[t=  88.3s] greedy ep 76 games=  96 dec= 18935 rows= 18095 horizon=0.31 L=0.00576 L/var=0.04 tgt=-0.087/0.404 pstd=0.381 aux=0.4718/0.802 gen=0.1s train=0.9s
[t=  89.5s] greedy ep 77 games=  96 dec= 18457 rows= 17724 horizon=0.29 L=0.00452 L/var=0.03 tgt=-0.071/0.393 pstd=0.387 aux=0.4686/0.804 gen=0.1s train=0.9s
[t=  90.6s] greedy ep 78 games=  96 dec= 17709 rows= 17003 horizon=0.25 L=0.00323 L/var=0.02 tgt=-0.063/0.403 pstd=0.389 aux=0.4717/0.802 gen=0.1s train=0.9s
[t=  91.7s] greedy ep 79 games=  96 dec= 18236 rows= 17407 horizon=0.22 L=0.00355 L/var=0.02 tgt=-0.070/0.392 pstd=0.383 aux=0.4662/0.804 gen=0.1s train=0.9s
[t=  92.8s] greedy ep 80 games=  96 dec= 18576 rows= 17800 horizon=0.31 L=0.00283 L/var=0.02 tgt=-0.085/0.414 pstd=0.387 aux=0.4692/0.803 gen=0.1s train=0.9s
[t=  94.0s] greedy ep 81 games=  96 dec= 17602 rows= 16911 horizon=0.23 L=0.00388 L/var=0.02 tgt=-0.088/0.416 pstd=0.382 aux=0.4694/0.803 gen=0.1s train=0.9s
[t=  95.1s] greedy ep 82 games=  96 dec= 18011 rows= 17307 horizon=0.28 L=0.00599 L/var=0.03 tgt=-0.110/0.422 pstd=0.381 aux=0.4725/0.801 gen=0.1s train=0.9s
[t=  96.3s] greedy ep 83 games=  96 dec= 19229 rows= 18365 horizon=0.28 L=0.00391 L/var=0.03 tgt=-0.096/0.384 pstd=0.386 aux=0.4677/0.804 gen=0.1s train=0.9s
[t=  97.4s] greedy ep 84 games=  96 dec= 17370 rows= 16534 horizon=0.22 L=0.00304 L/var=0.02 tgt=-0.078/0.400 pstd=0.389 aux=0.4688/0.803 gen=0.1s train=0.8s
[t=  98.5s] greedy ep 85 games=  96 dec= 18514 rows= 17718 horizon=0.31 L=0.00274 L/var=0.02 tgt=-0.067/0.409 pstd=0.387 aux=0.4714/0.801 gen=0.1s train=0.9s
[t=  99.6s] greedy ep 86 games=  96 dec= 18400 rows= 17629 horizon=0.30 L=0.00316 L/var=0.02 tgt=-0.054/0.416 pstd=0.383 aux=0.4717/0.801 gen=0.1s train=0.9s
[t= 100.7s] greedy ep 87 games=  96 dec= 18328 rows= 17540 horizon=0.28 L=0.00292 L/var=0.02 tgt=-0.057/0.416 pstd=0.386 aux=0.4664/0.803 gen=0.1s train=0.9s
[t= 101.9s] greedy ep 88 games=  96 dec= 18836 rows= 18104 horizon=0.34 L=0.00241 L/var=0.01 tgt=-0.069/0.451 pstd=0.387 aux=0.4622/0.804 gen=0.1s train=1.0s
[t= 103.1s] greedy ep 89 games=  96 dec= 18112 rows= 17376 horizon=0.29 L=0.00363 L/var=0.02 tgt=-0.099/0.422 pstd=0.380 aux=0.4633/0.804 gen=0.1s train=0.9s
[t= 104.2s] greedy ep 90 games=  96 dec= 18009 rows= 17292 horizon=0.29 L=0.00276 L/var=0.02 tgt=-0.067/0.396 pstd=0.383 aux=0.4679/0.801 gen=0.1s train=0.9s
[t= 105.4s] greedy ep 91 games=  96 dec= 19007 rows= 18272 horizon=0.31 L=0.00294 L/var=0.02 tgt=-0.071/0.393 pstd=0.385 aux=0.4641/0.804 gen=0.1s train=0.9s
[t= 106.5s] greedy ep 92 games=  96 dec= 18386 rows= 17545 horizon=0.28 L=0.00258 L/var=0.01 tgt=-0.079/0.427 pstd=0.391 aux=0.4635/0.804 gen=0.1s train=0.9s
[t= 107.6s] greedy ep 93 games=  96 dec= 17611 rows= 16917 horizon=0.24 L=0.00212 L/var=0.01 tgt=-0.089/0.416 pstd=0.388 aux=0.4622/0.805 gen=0.1s train=0.9s
[t= 108.8s] greedy ep 94 games=  96 dec= 18028 rows= 17248 horizon=0.23 L=0.00344 L/var=0.02 tgt=-0.088/0.397 pstd=0.383 aux=0.4634/0.803 gen=0.1s train=0.9s
[t= 109.9s] greedy ep 95 games=  96 dec= 18694 rows= 17878 horizon=0.30 L=0.00313 L/var=0.02 tgt=-0.061/0.389 pstd=0.386 aux=0.4582/0.806 gen=0.1s train=0.9s
[t= 111.1s] greedy ep 96 games=  96 dec= 18817 rows= 18070 horizon=0.31 L=0.00229 L/var=0.01 tgt=-0.091/0.405 pstd=0.386 aux=0.4622/0.804 gen=0.1s train=0.9s
[t= 112.2s] greedy ep 97 games=  96 dec= 17744 rows= 16965 horizon=0.22 L=0.00230 L/var=0.01 tgt=-0.087/0.408 pstd=0.391 aux=0.4603/0.805 gen=0.1s train=0.9s
[t= 113.3s] greedy ep 98 games=  96 dec= 18854 rows= 18081 horizon=0.32 L=0.00290 L/var=0.02 tgt=-0.075/0.405 pstd=0.392 aux=0.4631/0.804 gen=0.1s train=0.9s
[t= 114.4s] greedy ep 99 games=  96 dec= 18115 rows= 17468 horizon=0.29 L=0.00217 L/var=0.01 tgt=-0.088/0.402 pstd=0.390 aux=0.4604/0.804 gen=0.1s train=0.9s
[t= 115.5s] greedy ep100 games=  96 dec= 17901 rows= 17067 horizon=0.24 L=0.00186 L/var=0.01 tgt=-0.064/0.404 pstd=0.389 aux=0.4622/0.805 gen=0.1s train=0.9s
[t= 116.7s] greedy ep101 games=  96 dec= 17329 rows= 16564 horizon=0.18 L=0.00243 L/var=0.01 tgt=-0.094/0.419 pstd=0.389 aux=0.4629/0.803 gen=0.1s train=0.9s
[t= 117.8s] greedy ep102 games=  96 dec= 19175 rows= 18365 horizon=0.30 L=0.00189 L/var=0.01 tgt=-0.085/0.413 pstd=0.398 aux=0.4664/0.801 gen=0.1s train=1.0s
[t= 119.0s] greedy ep103 games=  96 dec= 19349 rows= 18446 horizon=0.34 L=0.00286 L/var=0.02 tgt=-0.090/0.408 pstd=0.393 aux=0.4635/0.803 gen=0.1s train=1.0s
[t= 120.2s] greedy ep104 games=  96 dec= 18780 rows= 17994 horizon=0.29 L=0.00235 L/var=0.01 tgt=-0.043/0.400 pstd=0.387 aux=0.4637/0.802 gen=0.1s train=1.0s
[t= 121.3s] greedy ep105 games=  96 dec= 18193 rows= 17415 horizon=0.31 L=0.00221 L/var=0.01 tgt=-0.064/0.394 pstd=0.392 aux=0.4589/0.805 gen=0.1s train=0.9s
[t= 122.5s] greedy ep106 games=  96 dec= 18319 rows= 17592 horizon=0.30 L=0.00150 L/var=0.01 tgt=-0.074/0.433 pstd=0.390 aux=0.4598/0.805 gen=0.1s train=0.9s
[t= 123.6s] greedy ep107 games=  96 dec= 18453 rows= 17669 horizon=0.27 L=0.00707 L/var=0.04 tgt=-0.065/0.402 pstd=0.386 aux=0.4583/0.804 gen=0.1s train=0.9s
[t= 124.8s] greedy ep108 games=  96 dec= 19645 rows= 18855 horizon=0.39 L=0.00406 L/var=0.02 tgt=-0.073/0.414 pstd=0.382 aux=0.4605/0.804 gen=0.1s train=0.9s
[t= 125.9s] greedy ep109 games=  96 dec= 18220 rows= 17470 horizon=0.26 L=0.00202 L/var=0.01 tgt=-0.051/0.395 pstd=0.396 aux=0.4615/0.804 gen=0.1s train=0.9s
[t= 127.1s] greedy ep110 games=  96 dec= 19366 rows= 18466 horizon=0.34 L=0.00172 L/var=0.01 tgt=-0.074/0.395 pstd=0.388 aux=0.4663/0.802 gen=0.1s train=0.9s
[t= 128.2s] greedy ep111 games=  96 dec= 17474 rows= 16655 horizon=0.23 L=0.00166 L/var=0.01 tgt=-0.093/0.413 pstd=0.394 aux=0.4637/0.802 gen=0.1s train=0.8s
[t= 129.3s] greedy ep112 games=  96 dec= 18454 rows= 17765 horizon=0.29 L=0.00217 L/var=0.01 tgt=-0.070/0.392 pstd=0.383 aux=0.4621/0.804 gen=0.1s train=0.9s
[t= 130.5s] greedy ep113 games=  96 dec= 18390 rows= 17620 horizon=0.32 L=0.00229 L/var=0.01 tgt=-0.084/0.412 pstd=0.388 aux=0.4611/0.804 gen=0.1s train=1.0s
[t= 131.7s] greedy ep114 games=  96 dec= 18074 rows= 17390 horizon=0.25 L=0.00165 L/var=0.01 tgt=-0.077/0.413 pstd=0.390 aux=0.4623/0.803 gen=0.1s train=1.0s
[t= 133.0s] greedy ep115 games=  96 dec= 18082 rows= 17334 horizon=0.27 L=0.00168 L/var=0.01 tgt=-0.064/0.378 pstd=0.390 aux=0.4604/0.804 gen=0.1s train=1.0s
[t= 134.3s] greedy ep116 games=  96 dec= 18772 rows= 18031 horizon=0.34 L=0.00157 L/var=0.01 tgt=-0.053/0.378 pstd=0.387 aux=0.4573/0.805 gen=0.1s train=1.0s
[t= 135.6s] greedy ep117 games=  96 dec= 18903 rows= 18078 horizon=0.28 L=0.00153 L/var=0.01 tgt=-0.055/0.409 pstd=0.396 aux=0.4627/0.802 gen=0.1s train=1.0s
[t= 136.8s] greedy ep118 games=  96 dec= 18299 rows= 17525 horizon=0.24 L=0.00140 L/var=0.01 tgt=-0.101/0.393 pstd=0.387 aux=0.4586/0.804 gen=0.1s train=1.0s
[t= 138.1s] greedy ep119 games=  96 dec= 18037 rows= 17324 horizon=0.27 L=0.00158 L/var=0.01 tgt=-0.113/0.423 pstd=0.389 aux=0.4573/0.805 gen=0.1s train=1.0s
[t= 139.3s] greedy ep120 games=  96 dec= 18139 rows= 17418 horizon=0.25 L=0.00186 L/var=0.01 tgt=-0.078/0.408 pstd=0.391 aux=0.4600/0.803 gen=0.1s train=1.0s
[t= 140.6s] greedy ep121 games=  96 dec= 19044 rows= 18264 horizon=0.32 L=0.00238 L/var=0.01 tgt=-0.083/0.400 pstd=0.383 aux=0.4617/0.802 gen=0.1s train=1.0s
[t= 141.8s] greedy ep122 games=  96 dec= 17722 rows= 16951 horizon=0.26 L=0.00268 L/var=0.02 tgt=-0.079/0.397 pstd=0.386 aux=0.4626/0.802 gen=0.1s train=1.0s
[t= 143.1s] greedy ep123 games=  96 dec= 17658 rows= 16990 horizon=0.23 L=0.00198 L/var=0.01 tgt=-0.073/0.403 pstd=0.392 aux=0.4575/0.805 gen=0.1s train=1.0s
[t= 144.4s] greedy ep124 games=  96 dec= 19187 rows= 18459 horizon=0.35 L=0.00120 L/var=0.01 tgt=-0.053/0.403 pstd=0.394 aux=0.4599/0.803 gen=0.1s train=1.0s
[t= 145.6s] greedy ep125 games=  96 dec= 19478 rows= 18670 horizon=0.38 L=0.00142 L/var=0.01 tgt=-0.061/0.383 pstd=0.397 aux=0.4595/0.804 gen=0.1s train=1.0s
[t= 146.9s] greedy ep126 games=  96 dec= 18706 rows= 18051 horizon=0.31 L=0.00210 L/var=0.01 tgt=-0.057/0.386 pstd=0.393 aux=0.4564/0.806 gen=0.1s train=1.0s
[t= 148.1s] greedy ep127 games=  96 dec= 17748 rows= 16959 horizon=0.21 L=0.00178 L/var=0.01 tgt=-0.058/0.397 pstd=0.391 aux=0.4620/0.803 gen=0.1s train=1.0s
[t= 149.4s] greedy ep128 games=  96 dec= 18849 rows= 18000 horizon=0.25 L=0.00128 L/var=0.01 tgt=-0.092/0.412 pstd=0.389 aux=0.4577/0.804 gen=0.1s train=1.0s
[t= 150.8s] greedy ep129 games=  96 dec= 19027 rows= 18186 horizon=0.33 L=0.00111 L/var=0.01 tgt=-0.073/0.401 pstd=0.397 aux=0.4614/0.803 gen=0.1s train=1.1s
[t= 152.0s] greedy ep130 games=  96 dec= 18257 rows= 17535 horizon=0.29 L=0.00139 L/var=0.01 tgt=-0.063/0.385 pstd=0.386 aux=0.4567/0.806 gen=0.1s train=1.0s
[t= 153.3s] greedy ep131 games=  96 dec= 18325 rows= 17546 horizon=0.30 L=0.00157 L/var=0.01 tgt=-0.071/0.397 pstd=0.392 aux=0.4551/0.806 gen=0.1s train=1.0s
[t= 154.5s] greedy ep132 games=  96 dec= 17681 rows= 16849 horizon=0.23 L=0.00162 L/var=0.01 tgt=-0.080/0.417 pstd=0.386 aux=0.4558/0.805 gen=0.1s train=0.9s
[t= 155.6s] greedy ep133 games=  96 dec= 19329 rows= 18584 horizon=0.39 L=0.00162 L/var=0.01 tgt=-0.086/0.389 pstd=0.386 aux=0.4559/0.806 gen=0.1s train=0.9s
[t= 156.7s] greedy ep134 games=  96 dec= 18581 rows= 17770 horizon=0.26 L=0.00124 L/var=0.01 tgt=-0.083/0.394 pstd=0.390 aux=0.4595/0.804 gen=0.1s train=0.8s
[t= 157.8s] greedy ep135 games=  96 dec= 17697 rows= 16960 horizon=0.21 L=0.00223 L/var=0.01 tgt=-0.098/0.429 pstd=0.379 aux=0.4604/0.803 gen=0.1s train=0.9s
[t= 159.0s] greedy ep136 games=  96 dec= 18737 rows= 17959 horizon=0.27 L=0.00154 L/var=0.01 tgt=-0.075/0.405 pstd=0.390 aux=0.4572/0.804 gen=0.1s train=0.9s
[t= 160.1s] greedy ep137 games=  96 dec= 18130 rows= 17349 horizon=0.26 L=0.00085 L/var=0.00 tgt=-0.093/0.412 pstd=0.390 aux=0.4579/0.805 gen=0.1s train=0.9s
[t= 161.2s] greedy ep138 games=  96 dec= 17758 rows= 17071 horizon=0.23 L=0.00087 L/var=0.01 tgt=-0.087/0.413 pstd=0.395 aux=0.4581/0.804 gen=0.1s train=0.9s
[t= 162.3s] greedy ep139 games=  96 dec= 18995 rows= 18206 horizon=0.36 L=0.00115 L/var=0.01 tgt=-0.088/0.398 pstd=0.391 aux=0.4564/0.805 gen=0.1s train=0.9s
[t= 163.4s] greedy ep140 games=  96 dec= 18262 rows= 17544 horizon=0.30 L=0.00110 L/var=0.01 tgt=-0.089/0.395 pstd=0.392 aux=0.4558/0.805 gen=0.1s train=0.9s
[t= 164.5s] greedy ep141 games=  96 dec= 18842 rows= 18025 horizon=0.29 L=0.00147 L/var=0.01 tgt=-0.054/0.383 pstd=0.385 aux=0.4547/0.806 gen=0.1s train=0.9s
[t= 165.7s] greedy ep142 games=  96 dec= 18683 rows= 17902 horizon=0.27 L=0.00121 L/var=0.01 tgt=-0.071/0.395 pstd=0.392 aux=0.4613/0.804 gen=0.1s train=0.9s
[t= 166.8s] greedy ep143 games=  96 dec= 18305 rows= 17550 horizon=0.29 L=0.00144 L/var=0.01 tgt=-0.040/0.379 pstd=0.384 aux=0.4612/0.803 gen=0.1s train=0.9s
[t= 167.9s] greedy ep144 games=  96 dec= 18099 rows= 17296 horizon=0.22 L=0.00197 L/var=0.01 tgt=-0.065/0.408 pstd=0.387 aux=0.4590/0.804 gen=0.1s train=0.9s
[t= 169.0s] greedy ep145 games=  96 dec= 18425 rows= 17718 horizon=0.29 L=0.00131 L/var=0.01 tgt=-0.061/0.367 pstd=0.387 aux=0.4579/0.804 gen=0.1s train=0.9s
[t= 170.0s] greedy ep146 games=  96 dec= 17807 rows= 17049 horizon=0.26 L=0.00085 L/var=0.01 tgt=-0.075/0.398 pstd=0.393 aux=0.4586/0.804 gen=0.1s train=0.8s
[t= 171.2s] greedy ep147 games=  96 dec= 18780 rows= 17959 horizon=0.33 L=0.00145 L/var=0.01 tgt=-0.048/0.388 pstd=0.397 aux=0.4570/0.805 gen=0.1s train=0.9s
[t= 172.3s] greedy ep148 games=  96 dec= 18264 rows= 17519 horizon=0.30 L=0.00162 L/var=0.01 tgt=-0.073/0.411 pstd=0.401 aux=0.4591/0.804 gen=0.1s train=0.9s
[t= 173.4s] greedy ep149 games=  96 dec= 18573 rows= 17775 horizon=0.31 L=0.00231 L/var=0.01 tgt=-0.057/0.404 pstd=0.394 aux=0.4576/0.805 gen=0.1s train=0.9s
[t= 174.5s] greedy ep150 games=  96 dec= 18706 rows= 17863 horizon=0.28 L=0.00104 L/var=0.01 tgt=-0.076/0.408 pstd=0.394 aux=0.4587/0.804 gen=0.1s train=0.9s
[t= 175.7s] greedy ep151 games=  96 dec= 18756 rows= 17995 horizon=0.36 L=0.00113 L/var=0.01 tgt=-0.080/0.400 pstd=0.388 aux=0.4589/0.804 gen=0.1s train=0.9s
[t= 176.8s] greedy ep152 games=  96 dec= 19514 rows= 18734 horizon=0.36 L=0.00100 L/var=0.01 tgt=-0.071/0.393 pstd=0.392 aux=0.4582/0.803 gen=0.1s train=0.9s
[t= 177.9s] greedy ep153 games=  96 dec= 18649 rows= 17892 horizon=0.33 L=0.00090 L/var=0.01 tgt=-0.084/0.403 pstd=0.389 aux=0.4578/0.805 gen=0.1s train=0.9s
[t= 179.1s] greedy ep154 games=  96 dec= 19354 rows= 18483 horizon=0.32 L=0.00097 L/var=0.01 tgt=-0.081/0.402 pstd=0.388 aux=0.4541/0.806 gen=0.1s train=0.9s
[t= 180.1s] greedy ep155 games=  96 dec= 17944 rows= 17191 horizon=0.25 L=0.00146 L/var=0.01 tgt=-0.059/0.382 pstd=0.387 aux=0.4563/0.806 gen=0.1s train=0.9s
[t= 181.2s] greedy ep156 games=  96 dec= 17976 rows= 17152 horizon=0.21 L=0.00208 L/var=0.01 tgt=-0.061/0.405 pstd=0.384 aux=0.4597/0.803 gen=0.1s train=0.9s
[t= 182.3s] greedy ep157 games=  96 dec= 17368 rows= 16647 horizon=0.20 L=0.00118 L/var=0.01 tgt=-0.100/0.424 pstd=0.398 aux=0.4552/0.806 gen=0.1s train=0.8s
[t= 183.4s] greedy ep158 games=  96 dec= 19134 rows= 18369 horizon=0.33 L=0.00113 L/var=0.01 tgt=-0.067/0.401 pstd=0.392 aux=0.4540/0.807 gen=0.1s train=0.9s
[t= 184.5s] greedy ep159 games=  96 dec= 18687 rows= 17865 horizon=0.25 L=0.00113 L/var=0.01 tgt=-0.058/0.404 pstd=0.387 aux=0.4522/0.807 gen=0.1s train=0.9s
[t= 185.7s] greedy ep160 games=  96 dec= 19087 rows= 18332 horizon=0.33 L=0.00125 L/var=0.01 tgt=-0.043/0.409 pstd=0.391 aux=0.4552/0.806 gen=0.1s train=0.9s
[t= 186.8s] greedy ep161 games=  96 dec= 18271 rows= 17508 horizon=0.26 L=0.00145 L/var=0.01 tgt=-0.092/0.408 pstd=0.395 aux=0.4536/0.806 gen=0.1s train=0.9s
[t= 187.9s] greedy ep162 games=  96 dec= 18957 rows= 18136 horizon=0.35 L=0.00158 L/var=0.01 tgt=-0.067/0.398 pstd=0.394 aux=0.4550/0.806 gen=0.1s train=0.9s
[t= 189.1s] greedy ep163 games=  96 dec= 19329 rows= 18496 horizon=0.39 L=0.00105 L/var=0.01 tgt=-0.059/0.385 pstd=0.392 aux=0.4514/0.808 gen=0.1s train=0.9s
[t= 190.2s] greedy ep164 games=  96 dec= 18683 rows= 17902 horizon=0.33 L=0.00081 L/var=0.01 tgt=-0.062/0.401 pstd=0.388 aux=0.4533/0.807 gen=0.1s train=0.9s
[t= 191.3s] greedy ep165 games=  96 dec= 18194 rows= 17393 horizon=0.25 L=0.00096 L/var=0.01 tgt=-0.080/0.404 pstd=0.390 aux=0.4526/0.807 gen=0.1s train=0.9s
[t= 192.5s] greedy ep166 games=  96 dec= 18226 rows= 17440 horizon=0.25 L=0.00075 L/var=0.01 tgt=-0.069/0.385 pstd=0.392 aux=0.4505/0.808 gen=0.1s train=1.0s
[t= 193.7s] greedy ep167 games=  96 dec= 18250 rows= 17416 horizon=0.23 L=0.00082 L/var=0.00 tgt=-0.080/0.419 pstd=0.392 aux=0.4517/0.807 gen=0.1s train=0.9s
[t= 194.8s] greedy ep168 games=  96 dec= 17832 rows= 17162 horizon=0.30 L=0.00123 L/var=0.01 tgt=-0.082/0.395 pstd=0.386 aux=0.4531/0.807 gen=0.1s train=0.9s
[t= 195.9s] greedy ep169 games=  96 dec= 18265 rows= 17512 horizon=0.28 L=0.00187 L/var=0.01 tgt=-0.060/0.388 pstd=0.382 aux=0.4548/0.804 gen=0.1s train=0.9s
[t= 197.0s] greedy ep170 games=  96 dec= 18535 rows= 17809 horizon=0.32 L=0.00107 L/var=0.01 tgt=-0.082/0.441 pstd=0.395 aux=0.4583/0.804 gen=0.1s train=0.9s
[t= 198.1s] greedy ep171 games=  96 dec= 18681 rows= 17918 horizon=0.34 L=0.00092 L/var=0.01 tgt=-0.056/0.398 pstd=0.391 aux=0.4595/0.804 gen=0.1s train=0.9s
[t= 199.3s] greedy ep172 games=  96 dec= 19139 rows= 18372 horizon=0.33 L=0.00094 L/var=0.01 tgt=-0.081/0.390 pstd=0.392 aux=0.4541/0.806 gen=0.1s train=0.9s
[t= 200.4s] greedy ep173 games=  96 dec= 18084 rows= 17272 horizon=0.25 L=0.00082 L/var=0.01 tgt=-0.069/0.401 pstd=0.392 aux=0.4569/0.805 gen=0.1s train=0.9s
[t= 201.5s] greedy ep174 games=  96 dec= 18780 rows= 17953 horizon=0.29 L=0.00068 L/var=0.00 tgt=-0.096/0.421 pstd=0.397 aux=0.4540/0.806 gen=0.1s train=0.9s
[t= 202.6s] greedy ep175 games=  96 dec= 18203 rows= 17456 horizon=0.27 L=0.00086 L/var=0.00 tgt=-0.072/0.417 pstd=0.382 aux=0.4557/0.805 gen=0.1s train=0.9s
[t= 203.7s] greedy ep176 games=  96 dec= 18609 rows= 17781 horizon=0.29 L=0.00146 L/var=0.01 tgt=-0.075/0.403 pstd=0.390 aux=0.4517/0.806 gen=0.1s train=0.9s
[t= 204.8s] greedy ep177 games=  96 dec= 17843 rows= 17052 horizon=0.28 L=0.00123 L/var=0.01 tgt=-0.066/0.396 pstd=0.391 aux=0.4550/0.805 gen=0.1s train=0.8s
[t= 205.9s] greedy ep178 games=  96 dec= 18053 rows= 17258 horizon=0.23 L=0.00113 L/var=0.01 tgt=-0.064/0.394 pstd=0.395 aux=0.4535/0.805 gen=0.1s train=0.9s
[t= 207.0s] greedy ep179 games=  96 dec= 17899 rows= 17155 horizon=0.26 L=0.00111 L/var=0.01 tgt=-0.096/0.411 pstd=0.383 aux=0.4591/0.803 gen=0.1s train=0.8s
[t= 208.1s] greedy ep180 games=  96 dec= 18344 rows= 17539 horizon=0.27 L=0.00141 L/var=0.01 tgt=-0.068/0.398 pstd=0.382 aux=0.4614/0.803 gen=0.1s train=0.9s
[t= 209.2s] greedy ep181 games=  96 dec= 19487 rows= 18628 horizon=0.31 L=0.00287 L/var=0.02 tgt=-0.079/0.393 pstd=0.401 aux=0.4520/0.806 gen=0.1s train=0.9s
[t= 210.4s] greedy ep182 games=  96 dec= 19581 rows= 18743 horizon=0.34 L=0.00201 L/var=0.01 tgt=-0.056/0.400 pstd=0.395 aux=0.4578/0.803 gen=0.1s train=0.9s
[t= 211.5s] greedy ep183 games=  96 dec= 18980 rows= 18170 horizon=0.35 L=0.00083 L/var=0.00 tgt=-0.071/0.414 pstd=0.391 aux=0.4591/0.803 gen=0.1s train=0.9s
[t= 212.6s] greedy ep184 games=  96 dec= 17880 rows= 17121 horizon=0.29 L=0.00066 L/var=0.00 tgt=-0.058/0.393 pstd=0.393 aux=0.4576/0.804 gen=0.1s train=0.9s
[t= 213.8s] greedy ep185 games=  96 dec= 18714 rows= 17979 horizon=0.36 L=0.00054 L/var=0.00 tgt=-0.069/0.408 pstd=0.392 aux=0.4498/0.807 gen=0.1s train=0.9s
[t= 214.9s] greedy ep186 games=  96 dec= 18926 rows= 18148 horizon=0.36 L=0.00061 L/var=0.00 tgt=-0.090/0.418 pstd=0.392 aux=0.4622/0.803 gen=0.1s train=0.9s
[t= 216.1s] greedy ep187 games=  96 dec= 19039 rows= 18250 horizon=0.34 L=0.00057 L/var=0.00 tgt=-0.073/0.399 pstd=0.396 aux=0.4534/0.806 gen=0.1s train=0.9s
[t= 217.2s] greedy ep188 games=  96 dec= 18807 rows= 18097 horizon=0.35 L=0.00058 L/var=0.00 tgt=-0.071/0.398 pstd=0.388 aux=0.4556/0.804 gen=0.1s train=0.9s
[t= 218.3s] greedy ep189 games=  96 dec= 18526 rows= 17715 horizon=0.27 L=0.00053 L/var=0.00 tgt=-0.073/0.378 pstd=0.394 aux=0.4507/0.808 gen=0.1s train=0.9s
[t= 219.5s] greedy ep190 games=  96 dec= 19300 rows= 18503 horizon=0.30 L=0.00096 L/var=0.01 tgt=-0.069/0.408 pstd=0.397 aux=0.4510/0.807 gen=0.1s train=0.9s
[t= 220.6s] greedy ep191 games=  96 dec= 18595 rows= 17867 horizon=0.30 L=0.00081 L/var=0.01 tgt=-0.052/0.368 pstd=0.390 aux=0.4466/0.809 gen=0.1s train=0.9s
[t= 221.7s] greedy ep192 games=  96 dec= 17815 rows= 17118 horizon=0.26 L=0.00122 L/var=0.01 tgt=-0.096/0.403 pstd=0.392 aux=0.4522/0.806 gen=0.1s train=0.9s
[t= 222.8s] greedy ep193 games=  96 dec= 18241 rows= 17519 horizon=0.27 L=0.00129 L/var=0.01 tgt=-0.070/0.392 pstd=0.394 aux=0.4575/0.805 gen=0.1s train=0.9s
[t= 223.9s] greedy ep194 games=  96 dec= 18375 rows= 17595 horizon=0.31 L=0.00067 L/var=0.00 tgt=-0.091/0.388 pstd=0.390 aux=0.4552/0.804 gen=0.1s train=0.9s
[t= 225.0s] greedy ep195 games=  96 dec= 18343 rows= 17542 horizon=0.25 L=0.00072 L/var=0.00 tgt=-0.061/0.389 pstd=0.395 aux=0.4526/0.806 gen=0.1s train=0.8s
[t= 226.3s] greedy ep196 games=  96 dec= 18699 rows= 17846 horizon=0.27 L=0.00066 L/var=0.00 tgt=-0.064/0.393 pstd=0.389 aux=0.4536/0.805 gen=0.1s train=1.0s
[t= 227.4s] greedy ep197 games=  96 dec= 18400 rows= 17624 horizon=0.22 L=0.00105 L/var=0.01 tgt=-0.058/0.381 pstd=0.386 aux=0.4530/0.806 gen=0.1s train=0.9s
[t= 228.7s] greedy ep198 games=  96 dec= 18763 rows= 17973 horizon=0.30 L=0.00078 L/var=0.00 tgt=-0.050/0.399 pstd=0.390 aux=0.4535/0.805 gen=0.1s train=1.0s
[t= 229.8s] greedy ep199 games=  96 dec= 17769 rows= 16975 horizon=0.21 L=0.00108 L/var=0.01 tgt=-0.055/0.399 pstd=0.392 aux=0.4550/0.804 gen=0.1s train=0.9s
[t= 230.9s] greedy ep200 games=  96 dec= 18099 rows= 17317 horizon=0.21 L=0.00077 L/var=0.00 tgt=-0.079/0.411 pstd=0.400 aux=0.4506/0.806 gen=0.1s train=0.9s
[t= 232.1s] greedy ep201 games=  96 dec= 19401 rows= 18629 horizon=0.35 L=0.00131 L/var=0.01 tgt=-0.085/0.388 pstd=0.399 aux=0.4548/0.805 gen=0.1s train=0.9s
[t= 233.3s] greedy ep202 games=  96 dec= 19269 rows= 18381 horizon=0.31 L=0.00084 L/var=0.01 tgt=-0.063/0.390 pstd=0.393 aux=0.4526/0.806 gen=0.1s train=0.9s
[t= 234.5s] greedy ep203 games=  96 dec= 18076 rows= 17302 horizon=0.24 L=0.00050 L/var=0.00 tgt=-0.081/0.394 pstd=0.390 aux=0.4508/0.807 gen=0.1s train=1.0s
[t= 235.6s] greedy ep204 games=  96 dec= 18394 rows= 17607 horizon=0.30 L=0.00084 L/var=0.01 tgt=-0.068/0.396 pstd=0.396 aux=0.4533/0.805 gen=0.1s train=0.9s
[t= 236.9s] greedy ep205 games=  96 dec= 18305 rows= 17526 horizon=0.26 L=0.00126 L/var=0.01 tgt=-0.080/0.419 pstd=0.387 aux=0.4549/0.805 gen=0.1s train=1.0s
[t= 238.2s] greedy ep206 games=  96 dec= 18763 rows= 17956 horizon=0.31 L=0.00057 L/var=0.00 tgt=-0.075/0.395 pstd=0.391 aux=0.4553/0.804 gen=0.1s train=1.0s
[t= 239.3s] greedy ep207 games=  96 dec= 16846 rows= 16080 horizon=0.20 L=0.00054 L/var=0.00 tgt=-0.094/0.436 pstd=0.392 aux=0.4561/0.805 gen=0.1s train=0.8s
[t= 240.5s] greedy ep208 games=  96 dec= 19273 rows= 18493 horizon=0.42 L=0.00190 L/var=0.01 tgt=-0.064/0.415 pstd=0.386 aux=0.4549/0.804 gen=0.1s train=1.0s
[t= 241.7s] greedy ep209 games=  96 dec= 18178 rows= 17433 horizon=0.29 L=0.00093 L/var=0.01 tgt=-0.060/0.388 pstd=0.394 aux=0.4558/0.805 gen=0.1s train=0.9s
[t= 243.0s] greedy ep210 games=  96 dec= 18645 rows= 17902 horizon=0.26 L=0.00053 L/var=0.00 tgt=-0.063/0.397 pstd=0.388 aux=0.4605/0.802 gen=0.1s train=1.0s
[t= 244.3s] greedy ep211 games=  96 dec= 18462 rows= 17542 horizon=0.28 L=0.00083 L/var=0.01 tgt=-0.060/0.390 pstd=0.394 aux=0.4571/0.803 gen=0.1s train=1.0s
[t= 245.5s] greedy ep212 games=  96 dec= 18386 rows= 17654 horizon=0.28 L=0.00094 L/var=0.01 tgt=-0.065/0.406 pstd=0.391 aux=0.4626/0.801 gen=0.1s train=1.0s
[t= 246.7s] greedy ep213 games=  96 dec= 18949 rows= 18154 horizon=0.31 L=0.00094 L/var=0.01 tgt=-0.065/0.388 pstd=0.395 aux=0.4573/0.803 gen=0.1s train=0.9s
[t= 247.8s] greedy ep214 games=  96 dec= 18514 rows= 17719 horizon=0.26 L=0.00109 L/var=0.01 tgt=-0.070/0.388 pstd=0.391 aux=0.4552/0.805 gen=0.1s train=0.9s
[t= 249.0s] greedy ep215 games=  96 dec= 18792 rows= 18037 horizon=0.34 L=0.00075 L/var=0.00 tgt=-0.099/0.409 pstd=0.396 aux=0.4572/0.804 gen=0.1s train=0.9s
[t= 250.1s] greedy ep216 games=  96 dec= 17946 rows= 17150 horizon=0.26 L=0.00063 L/var=0.00 tgt=-0.054/0.381 pstd=0.388 aux=0.4529/0.806 gen=0.1s train=0.9s
[t= 251.1s] greedy ep217 games=  96 dec= 17498 rows= 16838 horizon=0.28 L=0.00145 L/var=0.01 tgt=-0.058/0.390 pstd=0.395 aux=0.4545/0.804 gen=0.1s train=0.8s
[t= 252.2s] greedy ep218 games=  96 dec= 17952 rows= 17223 horizon=0.26 L=0.00139 L/var=0.01 tgt=-0.074/0.397 pstd=0.395 aux=0.4564/0.804 gen=0.1s train=0.9s
[t= 253.4s] greedy ep219 games=  96 dec= 19368 rows= 18591 horizon=0.38 L=0.00074 L/var=0.01 tgt=-0.064/0.372 pstd=0.394 aux=0.4571/0.804 gen=0.1s train=0.9s
[t= 254.5s] greedy ep220 games=  96 dec= 17976 rows= 17256 horizon=0.28 L=0.00087 L/var=0.01 tgt=-0.075/0.416 pstd=0.394 aux=0.4528/0.805 gen=0.1s train=0.9s
[t= 255.6s] greedy ep221 games=  96 dec= 17686 rows= 16924 horizon=0.27 L=0.00114 L/var=0.01 tgt=-0.069/0.384 pstd=0.394 aux=0.4533/0.806 gen=0.1s train=0.9s
[t= 256.7s] greedy ep222 games=  96 dec= 18382 rows= 17598 horizon=0.26 L=0.00061 L/var=0.00 tgt=-0.075/0.390 pstd=0.396 aux=0.4504/0.808 gen=0.1s train=0.9s
[t= 257.8s] greedy ep223 games=  96 dec= 18096 rows= 17390 horizon=0.26 L=0.00060 L/var=0.00 tgt=-0.066/0.394 pstd=0.393 aux=0.4510/0.807 gen=0.1s train=0.9s
[t= 258.9s] greedy ep224 games=  96 dec= 19163 rows= 18302 horizon=0.29 L=0.00051 L/var=0.00 tgt=-0.090/0.415 pstd=0.390 aux=0.4522/0.806 gen=0.1s train=0.9s
[t= 260.0s] greedy ep225 games=  96 dec= 18415 rows= 17705 horizon=0.32 L=0.00118 L/var=0.01 tgt=-0.060/0.408 pstd=0.394 aux=0.4559/0.804 gen=0.1s train=0.9s
[t= 261.1s] greedy ep226 games=  96 dec= 18477 rows= 17640 horizon=0.29 L=0.00080 L/var=0.00 tgt=-0.054/0.403 pstd=0.387 aux=0.4491/0.807 gen=0.1s train=0.9s
[t= 262.2s] greedy ep227 games=  96 dec= 18652 rows= 17859 horizon=0.34 L=0.00068 L/var=0.00 tgt=-0.072/0.416 pstd=0.397 aux=0.4500/0.807 gen=0.1s train=0.9s
[t= 263.3s] greedy ep228 games=  96 dec= 18021 rows= 17273 horizon=0.27 L=0.00103 L/var=0.01 tgt=-0.076/0.385 pstd=0.390 aux=0.4545/0.804 gen=0.1s train=0.9s
[t= 264.4s] greedy ep229 games=  96 dec= 18549 rows= 17770 horizon=0.29 L=0.00100 L/var=0.01 tgt=-0.082/0.411 pstd=0.392 aux=0.4534/0.805 gen=0.1s train=0.9s
[t= 265.6s] greedy ep230 games=  96 dec= 19141 rows= 18308 horizon=0.33 L=0.00056 L/var=0.00 tgt=-0.067/0.397 pstd=0.388 aux=0.4519/0.806 gen=0.1s train=0.9s
[t= 266.7s] greedy ep231 games=  96 dec= 18527 rows= 17619 horizon=0.27 L=0.00065 L/var=0.00 tgt=-0.060/0.413 pstd=0.393 aux=0.4464/0.809 gen=0.1s train=0.9s
[t= 267.7s] greedy ep232 games=  96 dec= 17714 rows= 16837 horizon=0.20 L=0.00089 L/var=0.01 tgt=-0.070/0.407 pstd=0.391 aux=0.4515/0.805 gen=0.1s train=0.8s
[t= 268.8s] greedy ep233 games=  96 dec= 18674 rows= 17880 horizon=0.35 L=0.00041 L/var=0.00 tgt=-0.062/0.401 pstd=0.394 aux=0.4501/0.806 gen=0.1s train=0.9s
[t= 269.9s] greedy ep234 games=  96 dec= 18391 rows= 17655 horizon=0.31 L=0.00156 L/var=0.01 tgt=-0.072/0.411 pstd=0.390 aux=0.4515/0.806 gen=0.1s train=0.9s
[t= 271.0s] greedy ep235 games=  96 dec= 19394 rows= 18616 horizon=0.34 L=0.00085 L/var=0.01 tgt=-0.066/0.388 pstd=0.387 aux=0.4474/0.808 gen=0.1s train=0.9s
[t= 272.2s] greedy ep236 games=  96 dec= 19038 rows= 18211 horizon=0.32 L=0.00059 L/var=0.00 tgt=-0.058/0.383 pstd=0.393 aux=0.4509/0.806 gen=0.1s train=0.9s
[t= 273.4s] greedy ep237 games=  96 dec= 18922 rows= 18125 horizon=0.33 L=0.00094 L/var=0.01 tgt=-0.088/0.408 pstd=0.391 aux=0.4521/0.805 gen=0.1s train=0.9s
[t= 274.5s] greedy ep238 games=  96 dec= 18876 rows= 18057 horizon=0.33 L=0.00056 L/var=0.00 tgt=-0.102/0.407 pstd=0.394 aux=0.4527/0.806 gen=0.1s train=0.9s
[t= 275.6s] greedy ep239 games=  96 dec= 17188 rows= 16394 horizon=0.17 L=0.00092 L/var=0.01 tgt=-0.084/0.424 pstd=0.389 aux=0.4558/0.804 gen=0.1s train=0.8s
[t= 276.6s] greedy ep240 games=  96 dec= 17419 rows= 16701 horizon=0.23 L=0.00066 L/var=0.00 tgt=-0.094/0.405 pstd=0.387 aux=0.4477/0.807 gen=0.1s train=0.8s
[t= 277.7s] greedy ep241 games=  96 dec= 18485 rows= 17642 horizon=0.33 L=0.00060 L/var=0.00 tgt=-0.080/0.453 pstd=0.388 aux=0.4497/0.807 gen=0.1s train=0.9s
[t= 278.7s] greedy ep242 games=  96 dec= 17475 rows= 16653 horizon=0.24 L=0.00081 L/var=0.00 tgt=-0.096/0.403 pstd=0.395 aux=0.4525/0.805 gen=0.1s train=0.8s
[t= 279.8s] greedy ep243 games=  96 dec= 18678 rows= 17868 horizon=0.30 L=0.00110 L/var=0.01 tgt=-0.095/0.397 pstd=0.388 aux=0.4509/0.806 gen=0.1s train=0.9s
[t= 281.0s] greedy ep244 games=  96 dec= 19023 rows= 18252 horizon=0.31 L=0.00077 L/var=0.01 tgt=-0.074/0.389 pstd=0.394 aux=0.4548/0.804 gen=0.1s train=0.9s
[t= 282.2s] greedy ep245 games=  96 dec= 18759 rows= 17955 horizon=0.29 L=0.00075 L/var=0.01 tgt=-0.069/0.383 pstd=0.393 aux=0.4534/0.806 gen=0.1s train=0.9s
[t= 283.2s] greedy ep246 games=  96 dec= 17255 rows= 16598 horizon=0.24 L=0.00093 L/var=0.01 tgt=-0.078/0.405 pstd=0.393 aux=0.4511/0.806 gen=0.1s train=0.8s
[t= 284.4s] greedy ep247 games=  96 dec= 19005 rows= 18166 horizon=0.32 L=0.00082 L/var=0.01 tgt=-0.084/0.404 pstd=0.389 aux=0.4531/0.805 gen=0.1s train=0.9s
[t= 285.4s] greedy ep248 games=  96 dec= 17091 rows= 16380 horizon=0.23 L=0.00075 L/var=0.00 tgt=-0.072/0.405 pstd=0.391 aux=0.4562/0.803 gen=0.1s train=0.8s
[t= 286.5s] greedy ep249 games=  96 dec= 18065 rows= 17269 horizon=0.29 L=0.00097 L/var=0.01 tgt=-0.060/0.387 pstd=0.393 aux=0.4521/0.804 gen=0.1s train=0.9s
[t= 287.7s] greedy ep250 games=  96 dec= 18790 rows= 17962 horizon=0.33 L=0.00055 L/var=0.00 tgt=-0.106/0.416 pstd=0.395 aux=0.4510/0.806 gen=0.1s train=0.9s
[t= 288.8s] greedy ep251 games=  96 dec= 18893 rows= 18047 horizon=0.31 L=0.00110 L/var=0.01 tgt=-0.075/0.379 pstd=0.397 aux=0.4563/0.803 gen=0.1s train=0.9s
[t= 290.0s] greedy ep252 games=  96 dec= 18898 rows= 18101 horizon=0.33 L=0.00120 L/var=0.01 tgt=-0.072/0.400 pstd=0.396 aux=0.4535/0.805 gen=0.1s train=0.9s
[t= 291.1s] greedy ep253 games=  96 dec= 17806 rows= 17010 horizon=0.21 L=0.00087 L/var=0.01 tgt=-0.081/0.410 pstd=0.399 aux=0.4583/0.802 gen=0.1s train=0.9s
[t= 292.2s] greedy ep254 games=  96 dec= 18065 rows= 17292 horizon=0.26 L=0.00121 L/var=0.01 tgt=-0.063/0.385 pstd=0.398 aux=0.4513/0.806 gen=0.1s train=0.9s
[t= 293.3s] greedy ep255 games=  96 dec= 18331 rows= 17565 horizon=0.31 L=0.00103 L/var=0.01 tgt=-0.082/0.408 pstd=0.401 aux=0.4518/0.805 gen=0.1s train=0.9s
[t= 294.4s] greedy ep256 games=  96 dec= 18288 rows= 17561 horizon=0.33 L=0.00109 L/var=0.01 tgt=-0.086/0.415 pstd=0.391 aux=0.4503/0.806 gen=0.1s train=0.9s
[t= 295.5s] greedy ep257 games=  96 dec= 18579 rows= 17783 horizon=0.35 L=0.00068 L/var=0.00 tgt=-0.073/0.409 pstd=0.387 aux=0.4491/0.806 gen=0.1s train=0.9s
[t= 296.6s] greedy ep258 games=  96 dec= 18191 rows= 17404 horizon=0.27 L=0.00058 L/var=0.00 tgt=-0.078/0.411 pstd=0.390 aux=0.4556/0.803 gen=0.1s train=0.9s
[t= 297.6s] greedy ep259 games=  96 dec= 17620 rows= 16859 horizon=0.24 L=0.00062 L/var=0.00 tgt=-0.065/0.396 pstd=0.392 aux=0.4582/0.802 gen=0.1s train=0.8s
[t= 298.7s] greedy ep260 games=  96 dec= 18246 rows= 17406 horizon=0.25 L=0.00086 L/var=0.01 tgt=-0.071/0.399 pstd=0.393 aux=0.4561/0.803 gen=0.1s train=0.9s
[t= 299.8s] greedy ep261 games=  96 dec= 18642 rows= 17836 horizon=0.30 L=0.00056 L/var=0.00 tgt=-0.058/0.397 pstd=0.397 aux=0.4519/0.805 gen=0.1s train=0.9s
[t= 300.9s] greedy ep262 games=  96 dec= 17750 rows= 17010 horizon=0.26 L=0.00060 L/var=0.00 tgt=-0.081/0.407 pstd=0.392 aux=0.4569/0.804 gen=0.1s train=0.9s
[t= 300.9s] --- snapshot snap_00.pt (init) ---
[t= 301.0s] --- switching to ReBeL ---
[t= 311.0s] rebel stream solves=1024 raw=102/s balanced=102/s debt=0 rows steps=4 horizon=0.00 games=0 over=0 card=0 drop=0 L=0.12206 L/var=4.79 tgt=-0.004/0.160 aux=0.3388/0.850 cfg/b=53248 prep=0.09s gpu=0.00s conv=0.00s add=0.01s train=0.38s
[t= 321.0s] rebel stream solves=2048 raw=102/s balanced=102/s debt=0 rows steps=8 horizon=0.00 games=0 over=0 card=0 drop=0 L=0.02113 L/var=1.37 tgt=-0.032/0.124 aux=0.0129/1.000 cfg/b=32528 prep=0.09s gpu=0.00s conv=0.00s add=0.03s train=0.52s
[t= 331.1s] rebel stream solves=4096 raw=136/s balanced=136/s debt=0 rows steps=16 horizon=0.00 games=0 over=0 card=0 drop=0 L=0.02567 L/var=1.19 tgt=-0.035/0.147 aux=0.0062/1.000 cfg/b=78310 prep=0.10s gpu=0.00s conv=0.00s add=0.14s train=0.60s
[t= 341.1s] rebel stream solves=5120 raw=128/s balanced=128/s debt=0 rows steps=20 horizon=0.00 games=0 over=0 card=0 drop=0 L=0.03522 L/var=0.70 tgt=-0.043/0.224 aux=0.0016/1.000 cfg/b=46934 prep=0.02s gpu=0.00s conv=0.00s add=0.04s train=0.27s
[t= 351.1s] rebel stream solves=6144 raw=123/s balanced=123/s debt=0 rows steps=24 horizon=0.00 games=0 over=0 card=0 drop=0 L=0.01676 L/var=1.08 tgt=-0.050/0.125 aux=0.0011/1.000 cfg/b=32363 prep=0.02s gpu=0.00s conv=0.00s add=0.01s train=0.28s
[t= 361.1s] rebel stream solves=7168 raw=119/s balanced=119/s debt=0 rows steps=28 horizon=0.00 games=0 over=0 card=0 drop=0 L=0.01209 L/var=7.00 tgt=-0.031/0.042 aux=0.0017/1.000 cfg/b=29031 prep=0.02s gpu=0.00s conv=0.00s add=0.01s train=0.28s
[t= 371.1s] rebel stream solves=7168 raw=102/s balanced=102/s debt=0 rows steps=28 horizon=0.00 games=0 over=0 card=0 drop=0 L=0.00000 L/var=0.00 tgt=+0.000/0.000 aux=0.0000/0.000 cfg/b=0 prep=0.00s gpu=0.00s conv=0.00s add=0.00s train=0.00s
[t= 381.2s] rebel stream solves=8192 raw=102/s balanced=102/s debt=0 rows steps=32 horizon=0.00 games=0 over=0 card=0 drop=0 L=0.00966 L/var=5.60 tgt=-0.026/0.042 aux=0.0026/0.999 cfg/b=32808 prep=0.03s gpu=0.00s conv=0.00s add=0.02s train=0.28s
[t= 391.2s] rebel stream solves=8192 raw=91/s balanced=91/s debt=0 rows steps=32 horizon=0.00 games=0 over=0 card=0 drop=0 L=0.00000 L/var=0.00 tgt=+0.000/0.000 aux=0.0000/0.000 cfg/b=0 prep=0.00s gpu=0.00s conv=0.00s add=0.00s train=0.00s
[t= 401.2s] rebel stream solves=9216 raw=92/s balanced=92/s debt=0 rows steps=36 horizon=0.00 games=0 over=0 card=0 drop=0 L=0.00798 L/var=3.12 tgt=-0.040/0.051 aux=0.0020/1.000 cfg/b=34196 prep=0.04s gpu=0.00s conv=0.00s add=0.02s train=0.27s
[t= 411.3s] rebel stream solves=9216 raw=84/s balanced=84/s debt=0 rows steps=36 horizon=0.00 games=0 over=0 card=0 drop=0 L=0.00000 L/var=0.00 tgt=+0.000/0.000 aux=0.0000/0.000 cfg/b=0 prep=0.00s gpu=0.00s conv=0.00s add=0.00s train=0.00s
[t= 421.3s] rebel stream solves=10240 raw=85/s balanced=85/s debt=0 rows steps=40 horizon=0.00 games=0 over=0 card=0 drop=0 L=0.00665 L/var=1.54 tgt=-0.053/0.066 aux=0.0015/1.000 cfg/b=32722 prep=0.03s gpu=0.00s conv=0.00s add=0.03s train=0.27s
[t= 431.3s] rebel stream solves=10240 raw=79/s balanced=79/s debt=0 rows steps=40 horizon=0.00 games=0 over=0 card=0 drop=0 L=0.00000 L/var=0.00 tgt=+0.000/0.000 aux=0.0000/0.000 cfg/b=0 prep=0.00s gpu=0.00s conv=0.00s add=0.00s train=0.00s
[t= 441.3s] rebel stream solves=11264 raw=80/s balanced=80/s debt=0 rows steps=44 horizon=0.00 games=0 over=0 card=0 drop=0 L=0.00643 L/var=1.61 tgt=-0.039/0.063 aux=0.0015/1.000 cfg/b=31069 prep=0.02s gpu=0.00s conv=0.00s add=0.01s train=0.24s
[t= 451.4s] rebel stream solves=11264 raw=75/s balanced=75/s debt=0 rows steps=44 horizon=0.00 games=0 over=0 card=0 drop=0 L=0.00000 L/var=0.00 tgt=+0.000/0.000 aux=0.0000/0.000 cfg/b=0 prep=0.00s gpu=0.00s conv=0.00s add=0.00s train=0.00s
[t= 461.4s] rebel stream solves=12288 raw=77/s balanced=77/s debt=0 rows steps=48 horizon=0.00 games=0 over=0 card=0 drop=0 L=0.00584 L/var=1.41 tgt=-0.035/0.064 aux=0.0011/1.000 cfg/b=29198 prep=0.04s gpu=0.00s conv=0.00s add=0.02s train=0.28s
[t= 471.5s] rebel stream solves=12288 raw=72/s balanced=72/s debt=0 rows steps=48 horizon=0.00 games=0 over=0 card=0 drop=0 L=0.00000 L/var=0.00 tgt=+0.000/0.000 aux=0.0000/0.000 cfg/b=0 prep=0.00s gpu=0.00s conv=0.00s add=0.00s train=0.00s
[t= 481.5s] rebel stream solves=13312 raw=74/s balanced=74/s debt=0 rows steps=52 horizon=0.00 games=0 over=0 card=0 drop=0 L=0.00478 L/var=1.12 tgt=-0.025/0.065 aux=0.0008/1.000 cfg/b=27145 prep=0.34s gpu=0.00s conv=0.00s add=0.02s train=1.05s
[t= 491.5s] rebel stream solves=14336 raw=75/s balanced=75/s debt=0 rows steps=56 horizon=0.00 games=1 over=0 card=0 drop=0 L=0.00476 L/var=1.43 tgt=-0.024/0.058 aux=0.0007/1.000 cfg/b=24795 prep=0.04s gpu=0.00s conv=0.00s add=0.02s train=0.30s
[t= 501.6s] rebel stream solves=14336 raw=71/s balanced=71/s debt=0 rows steps=56 horizon=0.00 games=0 over=0 card=0 drop=0 L=0.00000 L/var=0.00 tgt=+0.000/0.000 aux=0.0000/0.000 cfg/b=0 prep=0.00s gpu=0.00s conv=0.00s add=0.00s train=0.00s
[t= 511.6s] rebel stream solves=15360 raw=73/s balanced=73/s debt=0 rows steps=60 horizon=0.00 games=0 over=0 card=0 drop=0 L=0.00414 L/var=0.94 tgt=-0.028/0.066 aux=0.0007/1.000 cfg/b=24784 prep=0.04s gpu=0.00s conv=0.00s add=0.02s train=0.29s
[t= 521.6s] rebel stream solves=15360 raw=70/s balanced=70/s debt=0 rows steps=60 horizon=0.00 games=0 over=0 card=0 drop=0 L=0.00000 L/var=0.00 tgt=+0.000/0.000 aux=0.0000/0.000 cfg/b=0 prep=0.00s gpu=0.00s conv=0.00s add=0.00s train=0.00s
[t= 531.6s] rebel stream solves=16384 raw=71/s balanced=71/s debt=0 rows steps=64 horizon=0.00 games=3 over=0 card=0 drop=0 L=0.00368 L/var=0.50 tgt=-0.012/0.085 aux=0.0006/1.000 cfg/b=24297 prep=0.12s gpu=0.00s conv=0.00s add=0.02s train=0.37s
[t= 541.6s] rebel stream solves=17408 raw=72/s balanced=72/s debt=0 rows steps=68 horizon=0.00 games=2 over=0 card=0 drop=0 L=0.00393 L/var=0.92 tgt=+0.002/0.065 aux=0.0006/1.000 cfg/b=23085 prep=0.10s gpu=0.00s conv=0.00s add=0.02s train=0.39s
[t= 551.7s] rebel stream solves=17408 raw=69/s balanced=69/s debt=0 rows steps=68 horizon=0.00 games=0 over=0 card=0 drop=0 L=0.00000 L/var=0.00 tgt=+0.000/0.000 aux=0.0000/0.000 cfg/b=0 prep=0.00s gpu=0.00s conv=0.00s add=0.00s train=0.00s
[t= 561.7s] rebel stream solves=18432 raw=71/s balanced=71/s debt=0 rows steps=72 horizon=0.00 games=3 over=0 card=0 drop=0 L=0.00440 L/var=0.67 tgt=-0.001/0.081 aux=0.0005/1.000 cfg/b=21124 prep=0.02s gpu=0.00s conv=0.00s add=0.01s train=0.23s
[t= 571.7s] rebel stream solves=19456 raw=72/s balanced=72/s debt=0 rows steps=76 horizon=0.00 games=8 over=0 card=0 drop=0 L=0.00446 L/var=0.52 tgt=-0.013/0.092 aux=0.0004/1.000 cfg/b=21574 prep=0.04s gpu=0.00s conv=0.00s add=0.01s train=0.26s
[t= 581.7s] rebel stream solves=19456 raw=69/s balanced=69/s debt=0 rows steps=76 horizon=0.00 games=0 over=0 card=0 drop=0 L=0.00000 L/var=0.00 tgt=+0.000/0.000 aux=0.0000/0.000 cfg/b=0 prep=0.00s gpu=0.00s conv=0.00s add=0.00s train=0.00s
[t= 591.7s] rebel stream solves=20480 raw=70/s balanced=70/s debt=0 rows steps=80 horizon=0.00 games=4 over=0 card=0 drop=0 L=0.00514 L/var=0.69 tgt=-0.018/0.086 aux=0.0003/1.000 cfg/b=21025 prep=0.02s gpu=0.00s conv=0.00s add=0.01s train=0.26s
[t= 601.7s] rebel stream solves=20480 raw=68/s balanced=68/s debt=0 rows steps=80 horizon=0.00 games=0 over=0 card=0 drop=0 L=0.00000 L/var=0.00 tgt=+0.000/0.000 aux=0.0000/0.000 cfg/b=0 prep=0.00s gpu=0.00s conv=0.00s add=0.00s train=0.00s
[t= 611.8s] rebel stream solves=21504 raw=69/s balanced=69/s debt=0 rows steps=84 horizon=0.00 games=3 over=0 card=0 drop=0 L=0.00492 L/var=0.64 tgt=-0.011/0.087 aux=0.0002/1.000 cfg/b=21145 prep=0.04s gpu=0.00s conv=0.00s add=0.02s train=0.29s
[t= 621.8s] rebel stream solves=22528 raw=70/s balanced=70/s debt=0 rows steps=88 horizon=0.00 games=5 over=0 card=0 drop=0 L=0.00440 L/var=0.41 tgt=-0.017/0.104 aux=0.0002/1.000 cfg/b=23024 prep=0.03s gpu=0.00s conv=0.00s add=0.02s train=0.29s
[t= 631.8s] rebel stream solves=22528 raw=68/s balanced=68/s debt=0 rows steps=88 horizon=0.00 games=0 over=0 card=0 drop=0 L=0.00000 L/var=0.00 tgt=+0.000/0.000 aux=0.0000/0.000 cfg/b=0 prep=0.00s gpu=0.00s conv=0.00s add=0.00s train=0.00s
[t= 641.8s] rebel stream solves=23552 raw=69/s balanced=69/s debt=0 rows steps=92 horizon=0.00 games=1 over=0 card=0 drop=0 L=0.00402 L/var=1.21 tgt=+0.000/0.058 aux=0.0002/1.000 cfg/b=21310 prep=0.02s gpu=0.00s conv=0.00s add=0.02s train=0.26s
[t= 651.8s] rebel stream solves=24576 raw=70/s balanced=70/s debt=0 rows steps=96 horizon=0.00 games=4 over=0 card=0 drop=0 L=0.00442 L/var=0.57 tgt=-0.008/0.088 aux=0.0002/1.000 cfg/b=20952 prep=0.02s gpu=0.00s conv=0.00s add=0.01s train=0.29s
[t= 661.9s] rebel stream solves=24576 raw=68/s balanced=68/s debt=0 rows steps=96 horizon=0.00 games=0 over=0 card=0 drop=0 L=0.00000 L/var=0.00 tgt=+0.000/0.000 aux=0.0000/0.000 cfg/b=0 prep=0.00s gpu=0.00s conv=0.00s add=0.00s train=0.00s
[t= 671.9s] rebel stream solves=25600 raw=69/s balanced=69/s debt=0 rows steps=100 horizon=0.00 games=5 over=0 card=0 drop=0 L=0.00380 L/var=0.51 tgt=-0.005/0.087 aux=0.0002/1.000 cfg/b=18921 prep=0.02s gpu=0.00s conv=0.00s add=0.01s train=0.27s
[t= 681.9s] rebel stream solves=26624 raw=70/s balanced=70/s debt=0 rows steps=104 horizon=0.00 games=3 over=0 card=0 drop=0 L=0.00542 L/var=0.68 tgt=+0.006/0.089 aux=0.0002/1.000 cfg/b=20249 prep=0.02s gpu=0.00s conv=0.00s add=0.01s train=0.28s
[t= 692.0s] rebel stream solves=26624 raw=68/s balanced=68/s debt=0 rows steps=104 horizon=0.00 games=0 over=0 card=0 drop=0 L=0.00000 L/var=0.00 tgt=+0.000/0.000 aux=0.0000/0.000 cfg/b=0 prep=0.00s gpu=0.00s conv=0.00s add=0.00s train=0.00s
[t= 702.0s] rebel stream solves=27648 raw=69/s balanced=69/s debt=0 rows steps=108 horizon=0.00 games=6 over=0 card=0 drop=0 L=0.00491 L/var=0.22 tgt=-0.023/0.149 aux=0.0002/1.000 cfg/b=18278 prep=0.03s gpu=0.00s conv=0.00s add=0.01s train=0.29s
[t= 712.0s] rebel stream solves=28672 raw=70/s balanced=70/s debt=0 rows steps=112 horizon=0.00 games=8 over=0 card=0 drop=0 L=0.00574 L/var=0.37 tgt=-0.008/0.125 aux=0.0002/1.000 cfg/b=18050 prep=0.02s gpu=0.00s conv=0.00s add=0.01s train=0.26s
[t= 722.0s] rebel stream solves=28672 raw=68/s balanced=68/s debt=0 rows steps=112 horizon=0.00 games=0 over=0 card=0 drop=0 L=0.00000 L/var=0.00 tgt=+0.000/0.000 aux=0.0000/0.000 cfg/b=0 prep=0.00s gpu=0.00s conv=0.00s add=0.00s train=0.00s
[t= 732.1s] rebel stream solves=29696 raw=69/s balanced=69/s debt=0 rows steps=116 horizon=0.00 games=8 over=0 card=0 drop=0 L=0.00547 L/var=0.39 tgt=-0.001/0.119 aux=0.0002/1.000 cfg/b=17094 prep=0.04s gpu=0.00s conv=0.00s add=0.01s train=0.29s
[t= 742.2s] rebel stream solves=30720 raw=70/s balanced=70/s debt=0 rows steps=120 horizon=0.00 games=11 over=0 card=0 drop=0 L=0.00467 L/var=0.36 tgt=-0.000/0.114 aux=0.0002/1.000 cfg/b=18229 prep=0.03s gpu=0.00s conv=0.00s add=0.01s train=0.28s
[t= 752.2s] rebel stream solves=30720 raw=68/s balanced=68/s debt=0 rows steps=120 horizon=0.00 games=0 over=0 card=0 drop=0 L=0.00000 L/var=0.00 tgt=+0.000/0.000 aux=0.0000/0.000 cfg/b=0 prep=0.00s gpu=0.00s conv=0.00s add=0.00s train=0.00s
[t= 762.2s] rebel stream solves=31744 raw=69/s balanced=69/s debt=0 rows steps=124 horizon=0.12 games=8 over=0 card=0 drop=0 L=0.00549 L/var=0.29 tgt=-0.001/0.137 aux=0.0002/1.000 cfg/b=17852 prep=0.04s gpu=0.00s conv=0.00s add=0.01s train=0.31s
[t= 772.3s] rebel stream solves=32768 raw=70/s balanced=70/s debt=0 rows steps=128 horizon=0.00 games=7 over=0 card=0 drop=0 L=0.00634 L/var=0.46 tgt=-0.017/0.117 aux=0.0002/1.000 cfg/b=16012 prep=0.02s gpu=0.00s conv=0.00s add=0.01s train=0.25s
[t= 782.4s] rebel stream solves=33792 raw=70/s balanced=70/s debt=0 rows steps=132 horizon=0.00 games=15 over=0 card=0 drop=0 L=0.00633 L/var=0.44 tgt=-0.020/0.120 aux=0.0001/1.000 cfg/b=16841 prep=0.03s gpu=0.00s conv=0.00s add=0.01s train=0.27s
[t= 792.5s] rebel stream solves=33792 raw=69/s balanced=69/s debt=0 rows steps=132 horizon=0.00 games=0 over=0 card=0 drop=0 L=0.00000 L/var=0.00 tgt=+0.000/0.000 aux=0.0000/0.000 cfg/b=0 prep=0.00s gpu=0.00s conv=0.00s add=0.00s train=0.00s
[t= 802.5s] rebel stream solves=34816 raw=69/s balanced=69/s debt=0 rows steps=136 horizon=0.00 games=10 over=0 card=0 drop=0 L=0.00643 L/var=0.67 tgt=-0.013/0.098 aux=0.0001/1.000 cfg/b=15948 prep=0.02s gpu=0.00s conv=0.00s add=0.01s train=0.26s
[t= 812.5s] rebel stream solves=35840 raw=70/s balanced=70/s debt=0 rows steps=140 horizon=0.08 games=13 over=0 card=0 drop=0 L=0.00601 L/var=0.27 tgt=-0.046/0.149 aux=0.0001/1.000 cfg/b=16395 prep=0.03s gpu=0.00s conv=0.00s add=0.02s train=0.29s
[t= 822.6s] rebel stream solves=35840 raw=69/s balanced=69/s debt=0 rows steps=140 horizon=0.00 games=0 over=0 card=0 drop=0 L=0.00000 L/var=0.00 tgt=+0.000/0.000 aux=0.0000/0.000 cfg/b=0 prep=0.00s gpu=0.00s conv=0.00s add=0.00s train=0.00s
[t= 832.6s] rebel stream solves=36864 raw=69/s balanced=69/s debt=0 rows steps=144 horizon=0.00 games=9 over=0 card=0 drop=0 L=0.00626 L/var=0.43 tgt=-0.027/0.121 aux=0.0001/1.000 cfg/b=15640 prep=0.02s gpu=0.00s conv=0.00s add=0.02s train=0.25s
[t= 842.6s] rebel stream solves=37888 raw=70/s balanced=70/s debt=0 rows steps=148 horizon=0.00 games=18 over=0 card=0 drop=0 L=0.00704 L/var=0.30 tgt=-0.019/0.152 aux=0.0001/1.000 cfg/b=15088 prep=0.02s gpu=0.00s conv=0.00s add=0.01s train=0.27s
[t= 852.7s] rebel stream solves=38912 raw=71/s balanced=71/s debt=0 rows steps=152 horizon=0.00 games=10 over=0 card=0 drop=0 L=0.00760 L/var=0.75 tgt=-0.000/0.101 aux=0.0001/1.000 cfg/b=15195 prep=0.02s gpu=0.00s conv=0.00s add=0.01s train=0.27s
[t= 862.7s] rebel stream solves=39936 raw=71/s balanced=71/s debt=0 rows steps=156 horizon=0.00 games=13 over=0 card=0 drop=0 L=0.00759 L/var=0.79 tgt=+0.011/0.098 aux=0.0002/1.000 cfg/b=15026 prep=0.02s gpu=0.00s conv=0.00s add=0.01s train=0.26s
[t= 872.7s] rebel stream solves=39936 raw=70/s balanced=70/s debt=0 rows steps=156 horizon=0.00 games=0 over=0 card=0 drop=0 L=0.00000 L/var=0.00 tgt=+0.000/0.000 aux=0.0000/0.000 cfg/b=0 prep=0.00s gpu=0.00s conv=0.00s add=0.00s train=0.00s
[t= 882.7s] rebel stream solves=40960 raw=70/s balanced=70/s debt=0 rows steps=160 horizon=0.00 games=17 over=0 card=0 drop=0 L=0.00790 L/var=0.79 tgt=+0.001/0.100 aux=0.0001/1.000 cfg/b=15098 prep=0.02s gpu=0.00s conv=0.00s add=0.01s train=0.27s
[t= 892.7s] rebel stream solves=41984 raw=71/s balanced=71/s debt=0 rows steps=164 horizon=0.00 games=15 over=0 card=0 drop=0 L=0.00799 L/var=0.65 tgt=-0.006/0.111 aux=0.0001/1.000 cfg/b=14684 prep=0.03s gpu=0.00s conv=0.00s add=0.01s train=0.28s
[t= 902.8s] rebel stream solves=43008 raw=71/s balanced=71/s debt=0 rows steps=168 horizon=0.00 games=19 over=0 card=0 drop=0 L=0.00867 L/var=0.78 tgt=-0.011/0.105 aux=0.0001/1.000 cfg/b=14913 prep=0.02s gpu=0.00s conv=0.00s add=0.01s train=0.28s
[t= 912.8s] rebel stream solves=44032 raw=72/s balanced=72/s debt=0 rows steps=172 horizon=0.07 games=14 over=0 card=0 drop=0 L=0.00845 L/var=0.74 tgt=-0.025/0.107 aux=0.0001/1.000 cfg/b=12978 prep=0.02s gpu=0.00s conv=0.00s add=0.01s train=0.27s
[t= 922.8s] rebel stream solves=44032 raw=71/s balanced=71/s debt=0 rows steps=172 horizon=0.00 games=0 over=0 card=0 drop=0 L=0.00000 L/var=0.00 tgt=+0.000/0.000 aux=0.0000/0.000 cfg/b=0 prep=0.00s gpu=0.00s conv=0.00s add=0.00s train=0.00s
[t= 932.8s] rebel stream solves=45056 raw=71/s balanced=71/s debt=0 rows steps=176 horizon=0.04 games=28 over=0 card=0 drop=0 L=0.00971 L/var=0.48 tgt=-0.015/0.142 aux=0.0002/1.000 cfg/b=14194 prep=0.02s gpu=0.00s conv=0.00s add=0.01s train=0.24s
[t= 942.8s] rebel stream solves=46080 raw=72/s balanced=72/s debt=0 rows steps=180 horizon=0.06 games=16 over=0 card=0 drop=0 L=0.00957 L/var=0.98 tgt=-0.018/0.099 aux=0.0002/1.000 cfg/b=14484 prep=0.02s gpu=0.00s conv=0.00s add=0.02s train=0.27s
[t= 952.8s] rebel stream solves=47104 raw=72/s balanced=72/s debt=0 rows steps=184 horizon=0.06 games=16 over=0 card=0 drop=0 L=0.00878 L/var=0.62 tgt=-0.018/0.119 aux=0.0001/1.000 cfg/b=15174 prep=0.03s gpu=0.00s conv=0.00s add=0.02s train=0.28s
[t= 962.9s] rebel stream solves=48128 raw=73/s balanced=73/s debt=0 rows steps=188 horizon=0.05 games=19 over=0 card=0 drop=0 L=0.00923 L/var=0.46 tgt=-0.009/0.142 aux=0.0001/1.000 cfg/b=15326 prep=0.03s gpu=0.00s conv=0.00s add=0.02s train=0.27s
[t= 972.9s] rebel stream solves=49152 raw=73/s balanced=73/s debt=0 rows steps=192 horizon=0.00 games=19 over=0 card=0 drop=0 L=0.01080 L/var=0.79 tgt=-0.002/0.117 aux=0.0001/1.000 cfg/b=14230 prep=0.06s gpu=0.00s conv=0.00s add=0.01s train=0.33s
[t= 982.9s] rebel stream solves=50176 raw=74/s balanced=74/s debt=0 rows steps=196 horizon=0.06 games=17 over=0 card=0 drop=0 L=0.00990 L/var=0.91 tgt=-0.000/0.104 aux=0.0002/1.000 cfg/b=14613 prep=0.03s gpu=0.00s conv=0.00s add=0.01s train=0.27s
[t= 992.9s] rebel stream solves=51200 raw=74/s balanced=74/s debt=0 rows steps=200 horizon=0.00 games=23 over=0 card=0 drop=0 L=0.01139 L/var=0.58 tgt=-0.007/0.140 aux=0.0001/1.000 cfg/b=14888 prep=0.03s gpu=0.00s conv=0.00s add=0.01s train=0.28s
[t=1003.0s] rebel stream solves=52224 raw=74/s balanced=74/s debt=0 rows steps=204 horizon=0.00 games=22 over=0 card=0 drop=0 L=0.00988 L/var=0.62 tgt=+0.002/0.126 aux=0.0001/1.000 cfg/b=15945 prep=0.03s gpu=0.00s conv=0.00s add=0.01s train=0.27s
[t=1013.0s] rebel stream solves=53248 raw=75/s balanced=75/s debt=0 rows steps=208 horizon=0.00 games=18 over=0 card=0 drop=0 L=0.01171 L/var=1.03 tgt=+0.004/0.107 aux=0.0001/1.000 cfg/b=14208 prep=0.02s gpu=0.00s conv=0.00s add=0.01s train=0.27s
[t=1023.0s] rebel stream solves=53248 raw=74/s balanced=74/s debt=0 rows steps=208 horizon=0.00 games=0 over=0 card=0 drop=0 L=0.00000 L/var=0.00 tgt=+0.000/0.000 aux=0.0000/0.000 cfg/b=0 prep=0.00s gpu=0.00s conv=0.00s add=0.00s train=0.00s
[t=1033.1s] rebel stream solves=54272 raw=74/s balanced=74/s debt=0 rows steps=212 horizon=0.04 games=24 over=0 card=0 drop=0 L=0.01049 L/var=0.31 tgt=-0.015/0.185 aux=0.0001/1.000 cfg/b=16099 prep=0.02s gpu=0.00s conv=0.00s add=0.01s train=0.25s
[t=1043.1s] rebel stream solves=55296 raw=75/s balanced=75/s debt=0 rows steps=216 horizon=0.00 games=25 over=0 card=0 drop=0 L=0.01175 L/var=0.84 tgt=-0.007/0.118 aux=0.0001/1.000 cfg/b=15252 prep=0.03s gpu=0.00s conv=0.00s add=0.01s train=0.28s
[t=1053.1s] rebel stream solves=56320 raw=75/s balanced=75/s debt=0 rows steps=220 horizon=0.00 games=24 over=0 card=0 drop=0 L=0.01099 L/var=0.75 tgt=-0.015/0.121 aux=0.0002/1.000 cfg/b=15100 prep=0.03s gpu=0.00s conv=0.00s add=0.02s train=0.27s
[t=1063.1s] rebel stream solves=57344 raw=75/s balanced=75/s debt=0 rows steps=224 horizon=0.03 games=31 over=0 card=0 drop=0 L=0.01074 L/var=0.29 tgt=-0.030/0.191 aux=0.0001/1.000 cfg/b=14910 prep=0.02s gpu=0.00s conv=0.00s add=0.01s train=0.26s
[t=1073.2s] rebel stream solves=58368 raw=76/s balanced=76/s debt=0 rows steps=228 horizon=0.00 games=36 over=0 card=0 drop=0 L=0.01235 L/var=0.47 tgt=-0.021/0.162 aux=0.0001/1.000 cfg/b=16544 prep=0.04s gpu=0.00s conv=0.00s add=0.01s train=0.26s
[t=1083.2s] rebel stream solves=58368 raw=75/s balanced=75/s debt=0 rows steps=228 horizon=0.00 games=0 over=0 card=0 drop=0 L=0.00000 L/var=0.00 tgt=+0.000/0.000 aux=0.0000/0.000 cfg/b=0 prep=0.00s gpu=0.00s conv=0.00s add=0.00s train=0.00s
[t=1093.2s] rebel stream solves=59392 raw=75/s balanced=75/s debt=0 rows steps=232 horizon=0.00 games=19 over=0 card=0 drop=0 L=0.01277 L/var=0.81 tgt=-0.012/0.126 aux=0.0001/1.000 cfg/b=15988 prep=0.03s gpu=0.00s conv=0.00s add=0.01s train=0.27s
[t=1103.3s] rebel stream solves=60416 raw=75/s balanced=75/s debt=0 rows steps=236 horizon=0.04 games=28 over=0 card=0 drop=0 L=0.01269 L/var=0.64 tgt=-0.007/0.140 aux=0.0002/1.000 cfg/b=14549 prep=0.02s gpu=0.00s conv=0.00s add=0.01s train=0.27s
[t=1113.3s] rebel stream solves=61440 raw=76/s balanced=76/s debt=0 rows steps=240 horizon=0.00 games=23 over=0 card=0 drop=0 L=0.01223 L/var=1.00 tgt=-0.012/0.111 aux=0.0002/1.000 cfg/b=15452 prep=0.02s gpu=0.00s conv=0.00s add=0.02s train=0.25s
[t=1123.4s] rebel stream solves=62464 raw=76/s balanced=76/s debt=0 rows steps=244 horizon=0.00 games=25 over=0 card=0 drop=0 L=0.01259 L/var=0.67 tgt=-0.010/0.137 aux=0.0002/1.000 cfg/b=15898 prep=0.05s gpu=0.00s conv=0.00s add=0.01s train=0.26s
[t=1133.4s] rebel stream solves=63488 raw=76/s balanced=76/s debt=0 rows steps=248 horizon=0.00 games=25 over=0 card=0 drop=0 L=0.01193 L/var=0.64 tgt=-0.021/0.137 aux=0.0002/1.000 cfg/b=15808 prep=0.03s gpu=0.00s conv=0.00s add=0.01s train=0.28s
[t=1143.4s] rebel stream solves=64512 raw=77/s balanced=77/s debt=0 rows steps=252 horizon=0.00 games=26 over=0 card=0 drop=0 L=0.01417 L/var=0.93 tgt=-0.024/0.123 aux=0.0002/1.000 cfg/b=15322 prep=0.02s gpu=0.00s conv=0.00s add=0.01s train=0.24s
[t=1153.4s] rebel stream solves=65536 raw=77/s balanced=77/s debt=0 rows steps=256 horizon=0.00 games=22 over=0 card=0 drop=0 L=0.01428 L/var=0.70 tgt=-0.024/0.143 aux=0.0002/1.000 cfg/b=15804 prep=0.06s gpu=0.00s conv=0.00s add=0.02s train=0.29s
[t=1163.4s] rebel stream solves=66560 raw=77/s balanced=77/s debt=0 rows steps=260 horizon=0.04 games=23 over=0 card=0 drop=0 L=0.01266 L/var=0.89 tgt=-0.022/0.120 aux=0.0002/1.000 cfg/b=15972 prep=0.03s gpu=0.00s conv=0.00s add=0.02s train=0.28s
[t=1173.5s] rebel stream solves=67584 raw=77/s balanced=77/s debt=0 rows steps=264 horizon=0.00 games=23 over=0 card=0 drop=0 L=0.01224 L/var=0.56 tgt=-0.014/0.148 aux=0.0002/1.000 cfg/b=14801 prep=0.02s gpu=0.00s conv=0.00s add=0.01s train=0.27s
[t=1183.5s] rebel stream solves=68608 raw=78/s balanced=78/s debt=0 rows steps=268 horizon=0.00 games=22 over=0 card=0 drop=0 L=0.01307 L/var=0.69 tgt=-0.020/0.138 aux=0.0002/1.000 cfg/b=15564 prep=0.02s gpu=0.00s conv=0.00s add=0.01s train=0.26s
[t=1193.6s] rebel stream solves=69632 raw=78/s balanced=78/s debt=0 rows steps=272 horizon=0.00 games=24 over=0 card=0 drop=0 L=0.01204 L/var=0.62 tgt=-0.009/0.140 aux=0.0002/1.000 cfg/b=14447 prep=0.03s gpu=0.00s conv=0.00s add=0.01s train=0.29s
[t=1203.6s] rebel stream solves=70656 raw=78/s balanced=78/s debt=0 rows steps=276 horizon=0.00 games=23 over=0 card=0 drop=0 L=0.01542 L/var=0.89 tgt=-0.011/0.131 aux=0.0002/1.000 cfg/b=15340 prep=0.03s gpu=0.00s conv=0.00s add=0.01s train=0.28s
[t=1213.6s] rebel stream solves=70656 raw=77/s balanced=77/s debt=0 rows steps=276 horizon=0.00 games=0 over=0 card=0 drop=0 L=0.00000 L/var=0.00 tgt=+0.000/0.000 aux=0.0000/0.000 cfg/b=0 prep=0.00s gpu=0.00s conv=0.00s add=0.00s train=0.00s
[t=1223.7s] rebel stream solves=71680 raw=78/s balanced=78/s debt=0 rows steps=280 horizon=0.06 games=17 over=0 card=0 drop=0 L=0.01285 L/var=0.64 tgt=-0.005/0.141 aux=0.0003/1.000 cfg/b=14591 prep=0.05s gpu=0.00s conv=0.00s add=0.02s train=0.30s
[t=1233.7s] rebel stream solves=72704 raw=78/s balanced=78/s debt=0 rows steps=284 horizon=0.00 games=21 over=0 card=0 drop=0 L=0.01439 L/var=0.85 tgt=-0.006/0.130 aux=0.0003/1.000 cfg/b=15350 prep=0.02s gpu=0.00s conv=0.00s add=0.01s train=0.26s
[t=1243.7s] rebel stream solves=73728 raw=78/s balanced=78/s debt=0 rows steps=288 horizon=0.04 games=22 over=0 card=0 drop=0 L=0.01418 L/var=0.76 tgt=-0.004/0.136 aux=0.0004/1.000 cfg/b=14486 prep=0.02s gpu=0.00s conv=0.00s add=0.02s train=0.25s
[t=1253.7s] rebel stream solves=74752 raw=78/s balanced=78/s debt=0 rows steps=292 horizon=0.05 games=21 over=0 card=0 drop=0 L=0.01599 L/var=0.94 tgt=-0.010/0.131 aux=0.0002/1.000 cfg/b=14959 prep=0.02s gpu=0.00s conv=0.00s add=0.01s train=0.27s
[t=1263.8s] rebel stream solves=75776 raw=79/s balanced=79/s debt=0 rows steps=296 horizon=0.18 games=22 over=0 card=0 drop=0 L=0.01400 L/var=0.89 tgt=+0.010/0.126 aux=0.0003/1.000 cfg/b=14907 prep=0.02s gpu=0.00s conv=0.00s add=0.01s train=0.26s
[t=1273.8s] rebel stream solves=75776 raw=78/s balanced=78/s debt=0 rows steps=296 horizon=0.00 games=0 over=0 card=0 drop=0 L=0.00000 L/var=0.00 tgt=+0.000/0.000 aux=0.0000/0.000 cfg/b=0 prep=0.00s gpu=0.00s conv=0.00s add=0.00s train=0.00s
[t=1283.8s] rebel stream solves=76800 raw=78/s balanced=78/s debt=0 rows steps=300 horizon=0.28 games=32 over=0 card=0 drop=0 L=0.01168 L/var=0.72 tgt=+0.014/0.127 aux=0.0003/1.000 cfg/b=15332 prep=0.02s gpu=0.00s conv=0.00s add=0.01s train=0.26s
[t=1293.9s] rebel stream solves=77824 raw=78/s balanced=78/s debt=0 rows steps=304 horizon=0.27 games=30 over=0 card=0 drop=0 L=0.01308 L/var=0.69 tgt=+0.010/0.138 aux=0.0002/1.000 cfg/b=14762 prep=0.02s gpu=0.00s conv=0.00s add=0.02s train=0.26s
[t=1303.9s] rebel stream solves=77824 raw=78/s balanced=78/s debt=0 rows steps=304 horizon=0.00 games=0 over=0 card=0 drop=0 L=0.00000 L/var=0.00 tgt=+0.000/0.000 aux=0.0000/0.000 cfg/b=0 prep=0.00s gpu=0.00s conv=0.00s add=0.00s train=0.00s
[t=1313.9s] rebel stream solves=78848 raw=78/s balanced=78/s debt=0 rows steps=308 horizon=0.14 games=28 over=0 card=0 drop=0 L=0.01198 L/var=0.76 tgt=+0.020/0.125 aux=0.0003/1.000 cfg/b=15348 prep=0.02s gpu=0.00s conv=0.00s add=0.02s train=0.24s
[t=1324.0s] rebel stream solves=79872 raw=78/s balanced=78/s debt=0 rows steps=312 horizon=0.20 games=20 over=0 card=0 drop=0 L=0.01544 L/var=1.10 tgt=+0.001/0.119 aux=0.0003/1.000 cfg/b=15733 prep=0.03s gpu=0.00s conv=0.00s add=0.02s train=0.26s
[t=1334.0s] rebel stream solves=80896 raw=78/s balanced=78/s debt=0 rows steps=316 horizon=0.29 games=17 over=0 card=0 drop=0 L=0.01099 L/var=1.03 tgt=+0.003/0.103 aux=0.0003/1.000 cfg/b=14986 prep=0.03s gpu=0.00s conv=0.00s add=0.02s train=0.25s
[t=1344.0s] rebel stream solves=80896 raw=78/s balanced=78/s debt=0 rows steps=316 horizon=0.00 games=0 over=0 card=0 drop=0 L=0.00000 L/var=0.00 tgt=+0.000/0.000 aux=0.0000/0.000 cfg/b=0 prep=0.00s gpu=0.00s conv=0.00s add=0.00s train=0.00s
[t=1354.0s] rebel stream solves=81920 raw=78/s balanced=78/s debt=0 rows steps=320 horizon=0.15 games=34 over=0 card=0 drop=0 L=0.01236 L/var=0.68 tgt=+0.003/0.135 aux=0.0002/1.000 cfg/b=14967 prep=0.02s gpu=0.00s conv=0.00s add=0.02s train=0.26s
[t=1364.1s] rebel stream solves=82944 raw=78/s balanced=78/s debt=0 rows steps=324 horizon=0.12 games=26 over=0 card=0 drop=0 L=0.01277 L/var=0.98 tgt=-0.005/0.114 aux=0.0002/1.000 cfg/b=15504 prep=0.02s gpu=0.00s conv=0.00s add=0.02s train=0.26s
[t=1374.1s] rebel stream solves=82944 raw=77/s balanced=77/s debt=0 rows steps=324 horizon=0.00 games=0 over=0 card=0 drop=0 L=0.00000 L/var=0.00 tgt=+0.000/0.000 aux=0.0000/0.000 cfg/b=0 prep=0.00s gpu=0.00s conv=0.00s add=0.00s train=0.00s
[t=1384.1s] rebel stream solves=83968 raw=78/s balanced=78/s debt=0 rows steps=328 horizon=0.10 games=29 over=0 card=0 drop=0 L=0.01351 L/var=0.70 tgt=+0.002/0.139 aux=0.0002/1.000 cfg/b=15498 prep=0.02s gpu=0.00s conv=0.00s add=0.01s train=0.27s
[t=1394.2s] rebel stream solves=84992 raw=78/s balanced=78/s debt=0 rows steps=332 horizon=0.14 games=28 over=0 card=0 drop=0 L=0.01501 L/var=0.55 tgt=-0.010/0.165 aux=0.0003/1.000 cfg/b=15709 prep=0.02s gpu=0.00s conv=0.00s add=0.02s train=0.27s
[t=1404.2s] rebel stream solves=84992 raw=77/s balanced=77/s debt=0 rows steps=332 horizon=0.00 games=0 over=0 card=0 drop=0 L=0.00000 L/var=0.00 tgt=+0.000/0.000 aux=0.0000/0.000 cfg/b=0 prep=0.00s gpu=0.00s conv=0.00s add=0.00s train=0.00s
[t=1414.2s] rebel stream solves=86016 raw=77/s balanced=77/s debt=0 rows steps=336 horizon=0.19 games=36 over=0 card=0 drop=0 L=0.01143 L/var=0.50 tgt=+0.007/0.151 aux=0.0002/1.000 cfg/b=15812 prep=0.02s gpu=0.00s conv=0.00s add=0.01s train=0.27s
[t=1424.5s] rebel stream solves=87040 raw=77/s balanced=77/s debt=0 rows steps=340 horizon=0.24 games=25 over=0 card=0 drop=0 L=0.01380 L/var=0.84 tgt=+0.008/0.128 aux=0.0002/1.000 cfg/b=15572 prep=0.02s gpu=0.00s conv=0.00s add=0.01s train=0.27s
[t=1434.6s] rebel stream solves=87040 raw=77/s balanced=77/s debt=0 rows steps=340 horizon=0.00 games=0 over=0 card=0 drop=0 L=0.00000 L/var=0.00 tgt=+0.000/0.000 aux=0.0000/0.000 cfg/b=0 prep=0.00s gpu=0.00s conv=0.00s add=0.00s train=0.00s
[t=1444.6s] rebel stream solves=88064 raw=77/s balanced=77/s debt=0 rows steps=344 horizon=0.07 games=27 over=0 card=0 drop=0 L=0.01161 L/var=0.49 tgt=-0.020/0.155 aux=0.0003/1.000 cfg/b=16684 prep=0.02s gpu=0.00s conv=0.00s add=0.02s train=0.26s
[t=1454.6s] rebel stream solves=89088 raw=77/s balanced=77/s debt=0 rows steps=348 horizon=0.37 games=27 over=0 card=0 drop=0 L=0.01247 L/var=0.79 tgt=-0.008/0.126 aux=0.0003/1.000 cfg/b=16312 prep=0.03s gpu=0.00s conv=0.00s add=0.02s train=0.28s
[t=1464.7s] rebel stream solves=89088 raw=77/s balanced=77/s debt=0 rows steps=348 horizon=0.00 games=0 over=0 card=0 drop=0 L=0.00000 L/var=0.00 tgt=+0.000/0.000 aux=0.0000/0.000 cfg/b=0 prep=0.00s gpu=0.00s conv=0.00s add=0.00s train=0.00s
[t=1474.7s] rebel stream solves=90112 raw=77/s balanced=77/s debt=0 rows steps=352 horizon=0.20 games=25 over=0 card=0 drop=0 L=0.01394 L/var=0.71 tgt=-0.006/0.140 aux=0.0003/1.000 cfg/b=16286 prep=0.02s gpu=0.00s conv=0.00s add=0.02s train=0.26s
[t=1484.7s] rebel stream solves=90112 raw=76/s balanced=76/s debt=0 rows steps=352 horizon=0.00 games=0 over=0 card=0 drop=0 L=0.00000 L/var=0.00 tgt=+0.000/0.000 aux=0.0000/0.000 cfg/b=0 prep=0.00s gpu=0.00s conv=0.00s add=0.00s train=0.00s
[t=1494.8s] rebel stream solves=91136 raw=76/s balanced=76/s debt=0 rows steps=356 horizon=0.09 games=22 over=0 card=0 drop=0 L=0.01285 L/var=0.57 tgt=-0.004/0.150 aux=0.0003/1.000 cfg/b=16291 prep=0.02s gpu=0.00s conv=0.00s add=0.02s train=0.26s
[t=1504.8s] rebel stream solves=92160 raw=77/s balanced=77/s debt=0 rows steps=360 horizon=0.21 games=33 over=0 card=0 drop=0 L=0.01299 L/var=0.42 tgt=-0.001/0.176 aux=0.0002/1.000 cfg/b=16177 prep=0.03s gpu=0.00s conv=0.00s add=0.02s train=0.28s
[t=1514.9s] rebel stream solves=92160 raw=76/s balanced=76/s debt=0 rows steps=360 horizon=0.00 games=0 over=0 card=0 drop=0 L=0.00000 L/var=0.00 tgt=+0.000/0.000 aux=0.0000/0.000 cfg/b=0 prep=0.00s gpu=0.00s conv=0.00s add=0.00s train=0.00s
[t=1524.9s] rebel stream solves=93184 raw=76/s balanced=76/s debt=0 rows steps=364 horizon=0.17 games=36 over=0 card=0 drop=0 L=0.01580 L/var=0.47 tgt=-0.000/0.183 aux=0.0002/1.000 cfg/b=17833 prep=0.02s gpu=0.00s conv=0.00s add=0.02s train=0.26s
[t=1534.9s] rebel stream solves=93184 raw=76/s balanced=76/s debt=0 rows steps=364 horizon=0.00 games=0 over=0 card=0 drop=0 L=0.00000 L/var=0.00 tgt=+0.000/0.000 aux=0.0000/0.000 cfg/b=0 prep=0.00s gpu=0.00s conv=0.00s add=0.00s train=0.00s
[t=1545.0s] rebel stream solves=94208 raw=76/s balanced=76/s debt=0 rows steps=368 horizon=0.15 games=34 over=0 card=0 drop=0 L=0.01260 L/var=0.31 tgt=+0.004/0.201 aux=0.0002/1.000 cfg/b=18210 prep=0.02s gpu=0.00s conv=0.00s add=0.01s train=0.26s
[t=1555.0s] rebel stream solves=95232 raw=76/s balanced=76/s debt=0 rows steps=372 horizon=0.17 games=41 over=0 card=0 drop=0 L=0.01232 L/var=0.42 tgt=+0.005/0.171 aux=0.0002/1.000 cfg/b=16906 prep=0.02s gpu=0.00s conv=0.00s add=0.02s train=0.26s
[t=1565.0s] rebel stream solves=95232 raw=75/s balanced=75/s debt=0 rows steps=372 horizon=0.00 games=0 over=0 card=0 drop=0 L=0.00000 L/var=0.00 tgt=+0.000/0.000 aux=0.0000/0.000 cfg/b=0 prep=0.00s gpu=0.00s conv=0.00s add=0.00s train=0.00s
[t=1575.0s] rebel stream solves=96256 raw=76/s balanced=76/s debt=0 rows steps=376 horizon=0.04 games=24 over=0 card=0 drop=0 L=0.01228 L/var=0.43 tgt=+0.009/0.169 aux=0.0002/1.000 cfg/b=16830 prep=0.03s gpu=0.00s conv=0.00s add=0.02s train=0.28s
[t=1585.1s] rebel stream solves=96256 raw=75/s balanced=75/s debt=0 rows steps=376 horizon=0.00 games=0 over=0 card=0 drop=0 L=0.00000 L/var=0.00 tgt=+0.000/0.000 aux=0.0000/0.000 cfg/b=0 prep=0.00s gpu=0.00s conv=0.00s add=0.00s train=0.00s
[t=1595.1s] rebel stream solves=97280 raw=75/s balanced=75/s debt=0 rows steps=380 horizon=0.14 games=28 over=0 card=0 drop=0 L=0.01295 L/var=0.59 tgt=-0.002/0.148 aux=0.0003/1.000 cfg/b=16974 prep=0.02s gpu=0.00s conv=0.00s add=0.02s train=0.26s
[t=1605.7s] rebel stream solves=98304 raw=75/s balanced=75/s debt=0 rows steps=384 horizon=0.16 games=32 over=0 card=0 drop=0 L=0.01268 L/var=0.48 tgt=+0.001/0.162 aux=0.0003/1.000 cfg/b=17462 prep=0.03s gpu=0.00s conv=0.00s add=0.02s train=0.27s
[t=1615.7s] rebel stream solves=98304 raw=75/s balanced=75/s debt=0 rows steps=384 horizon=0.00 games=0 over=0 card=0 drop=0 L=0.00000 L/var=0.00 tgt=+0.000/0.000 aux=0.0000/0.000 cfg/b=0 prep=0.00s gpu=0.00s conv=0.00s add=0.00s train=0.00s
[t=1625.8s] rebel stream solves=99328 raw=75/s balanced=75/s debt=0 rows steps=388 horizon=0.03 games=29 over=0 card=0 drop=0 L=0.01159 L/var=0.41 tgt=+0.000/0.169 aux=0.0003/1.000 cfg/b=16896 prep=0.02s gpu=0.00s conv=0.00s add=0.02s train=0.27s
[t=1635.8s] rebel stream solves=99328 raw=74/s balanced=74/s debt=0 rows steps=388 horizon=0.00 games=0 over=0 card=0 drop=0 L=0.00000 L/var=0.00 tgt=+0.000/0.000 aux=0.0000/0.000 cfg/b=0 prep=0.00s gpu=0.00s conv=0.00s add=0.00s train=0.00s
[t=1645.8s] rebel stream solves=100352 raw=75/s balanced=75/s debt=0 rows steps=392 horizon=0.14 games=22 over=0 card=0 drop=0 L=0.01294 L/var=0.50 tgt=-0.009/0.160 aux=0.0003/1.000 cfg/b=17727 prep=0.02s gpu=0.00s conv=0.00s add=0.02s train=0.25s
[t=1655.8s] rebel stream solves=100352 raw=74/s balanced=74/s debt=0 rows steps=392 horizon=0.00 games=0 over=0 card=0 drop=0 L=0.00000 L/var=0.00 tgt=+0.000/0.000 aux=0.0000/0.000 cfg/b=0 prep=0.00s gpu=0.00s conv=0.00s add=0.00s train=0.00s
[t=1665.9s] rebel stream solves=101376 raw=74/s balanced=74/s debt=0 rows steps=396 horizon=0.10 games=31 over=0 card=0 drop=0 L=0.01500 L/var=0.42 tgt=-0.010/0.189 aux=0.0002/1.000 cfg/b=18452 prep=0.02s gpu=0.00s conv=0.00s add=0.02s train=0.27s
[t=1675.9s] rebel stream solves=101376 raw=74/s balanced=74/s debt=0 rows steps=396 horizon=0.00 games=0 over=0 card=0 drop=0 L=0.00000 L/var=0.00 tgt=+0.000/0.000 aux=0.0000/0.000 cfg/b=0 prep=0.00s gpu=0.00s conv=0.00s add=0.00s train=0.00s
[t=1685.9s] rebel stream solves=102400 raw=74/s balanced=74/s debt=0 rows steps=400 horizon=0.12 games=32 over=0 card=0 drop=0 L=0.01534 L/var=0.36 tgt=-0.017/0.206 aux=0.0005/1.000 cfg/b=16806 prep=0.13s gpu=0.00s conv=0.00s add=0.02s train=0.36s
[t=1695.9s] rebel stream solves=102400 raw=73/s balanced=73/s debt=0 rows steps=400 horizon=0.00 games=0 over=0 card=0 drop=0 L=0.00000 L/var=0.00 tgt=+0.000/0.000 aux=0.0000/0.000 cfg/b=0 prep=0.00s gpu=0.00s conv=0.00s add=0.00s train=0.00s
[t=1706.0s] rebel stream solves=103424 raw=74/s balanced=74/s debt=0 rows steps=404 horizon=0.15 games=27 over=0 card=0 drop=0 L=0.01324 L/var=0.37 tgt=-0.009/0.190 aux=0.0003/1.000 cfg/b=19098 prep=0.02s gpu=0.00s conv=0.00s add=0.03s train=0.27s
[t=1716.0s] rebel stream solves=103424 raw=73/s balanced=73/s debt=0 rows steps=404 horizon=0.00 games=0 over=0 card=0 drop=0 L=0.00000 L/var=0.00 tgt=+0.000/0.000 aux=0.0000/0.000 cfg/b=0 prep=0.00s gpu=0.00s conv=0.00s add=0.00s train=0.00s
[t=1726.1s] rebel stream solves=104448 raw=73/s balanced=73/s debt=0 rows steps=408 horizon=0.07 games=29 over=0 card=0 drop=0 L=0.01349 L/var=0.33 tgt=+0.009/0.201 aux=0.0002/1.000 cfg/b=18476 prep=0.07s gpu=0.00s conv=0.00s add=0.02s train=0.32s
[t=1736.1s] rebel stream solves=105472 raw=73/s balanced=73/s debt=0 rows steps=412 horizon=0.11 games=36 over=0 card=0 drop=0 L=0.01368 L/var=0.28 tgt=+0.009/0.223 aux=0.0003/1.000 cfg/b=18585 prep=0.02s gpu=0.00s conv=0.00s add=0.03s train=0.24s
[t=1746.1s] rebel stream solves=105472 raw=73/s balanced=73/s debt=0 rows steps=412 horizon=0.00 games=0 over=0 card=0 drop=0 L=0.00000 L/var=0.00 tgt=+0.000/0.000 aux=0.0000/0.000 cfg/b=0 prep=0.00s gpu=0.00s conv=0.00s add=0.00s train=0.00s
[t=1756.1s] rebel stream solves=105472 raw=72/s balanced=72/s debt=0 rows steps=412 horizon=0.00 games=0 over=0 card=0 drop=0 L=0.00000 L/var=0.00 tgt=+0.000/0.000 aux=0.0000/0.000 cfg/b=0 prep=0.00s gpu=0.00s conv=0.00s add=0.00s train=0.00s
[t=1766.1s] rebel stream solves=106496 raw=73/s balanced=73/s debt=0 rows steps=416 horizon=0.06 games=52 over=0 card=0 drop=0 L=0.01255 L/var=0.20 tgt=-0.002/0.248 aux=0.0003/1.000 cfg/b=18983 prep=0.03s gpu=0.00s conv=0.00s add=0.02s train=0.28s
[t=1776.2s] rebel stream solves=106496 raw=72/s balanced=72/s debt=0 rows steps=416 horizon=0.00 games=0 over=0 card=0 drop=0 L=0.00000 L/var=0.00 tgt=+0.000/0.000 aux=0.0000/0.000 cfg/b=0 prep=0.00s gpu=0.00s conv=0.00s add=0.00s train=0.00s
[t=1786.2s] rebel stream solves=107520 raw=72/s balanced=72/s debt=0 rows steps=420 horizon=0.00 games=19 over=0 card=0 drop=0 L=0.01502 L/var=0.37 tgt=+0.014/0.203 aux=0.0005/1.000 cfg/b=18539 prep=0.02s gpu=0.00s conv=0.00s add=0.02s train=0.25s
[t=1796.2s] rebel stream solves=108544 raw=73/s balanced=73/s debt=0 rows steps=424 horizon=0.04 games=28 over=0 card=0 drop=0 L=0.01471 L/var=0.38 tgt=+0.004/0.197 aux=0.0003/1.000 cfg/b=18354 prep=0.02s gpu=0.00s conv=0.00s add=0.02s train=0.27s
[t=1801.0s] --- snapshot snap_01.pt (s1) ---
[t=1806.3s] rebel stream solves=108544 raw=72/s balanced=72/s debt=0 rows steps=424 horizon=0.00 games=0 over=0 card=0 drop=0 L=0.00000 L/var=0.00 tgt=+0.000/0.000 aux=0.0000/0.000 cfg/b=0 prep=0.00s gpu=0.00s conv=0.00s add=0.00s train=0.00s
[t=1816.3s] rebel stream solves=109568 raw=72/s balanced=72/s debt=0 rows steps=428 horizon=0.03 games=31 over=0 card=0 drop=0 L=0.01464 L/var=0.52 tgt=+0.009/0.168 aux=0.0003/1.000 cfg/b=20051 prep=0.03s gpu=0.00s conv=0.00s add=0.03s train=0.27s
[t=1826.3s] rebel stream solves=109568 raw=72/s balanced=72/s debt=0 rows steps=428 horizon=0.00 games=0 over=0 card=0 drop=0 L=0.00000 L/var=0.00 tgt=+0.000/0.000 aux=0.0000/0.000 cfg/b=0 prep=0.00s gpu=0.00s conv=0.00s add=0.00s train=0.00s
[t=1836.5s] rebel stream solves=110592 raw=72/s balanced=72/s debt=0 rows steps=432 horizon=0.06 games=33 over=0 card=0 drop=0 L=0.01415 L/var=0.32 tgt=+0.003/0.210 aux=0.0002/1.000 cfg/b=18635 prep=0.02s gpu=0.00s conv=0.00s add=0.02s train=0.25s
[t=1846.5s] rebel stream solves=110592 raw=72/s balanced=72/s debt=0 rows steps=432 horizon=0.00 games=0 over=0 card=0 drop=0 L=0.00000 L/var=0.00 tgt=+0.000/0.000 aux=0.0000/0.000 cfg/b=0 prep=0.00s gpu=0.00s conv=0.00s add=0.00s train=0.00s
[t=1856.6s] rebel stream solves=111616 raw=72/s balanced=72/s debt=0 rows steps=436 horizon=0.00 games=37 over=0 card=0 drop=0 L=0.01326 L/var=0.31 tgt=+0.013/0.206 aux=0.0004/1.000 cfg/b=19403 prep=0.03s gpu=0.00s conv=0.00s add=0.02s train=0.27s
[t=1866.6s] rebel stream solves=111616 raw=71/s balanced=71/s debt=0 rows steps=436 horizon=0.00 games=0 over=0 card=0 drop=0 L=0.00000 L/var=0.00 tgt=+0.000/0.000 aux=0.0000/0.000 cfg/b=0 prep=0.00s gpu=0.00s conv=0.00s add=0.00s train=0.00s
[t=1876.6s] rebel stream solves=112640 raw=71/s balanced=71/s debt=0 rows steps=440 horizon=0.05 games=37 over=0 card=0 drop=0 L=0.01266 L/var=0.34 tgt=+0.008/0.193 aux=0.0003/1.000 cfg/b=19611 prep=0.02s gpu=0.00s conv=0.00s add=0.02s train=0.28s
[t=1886.6s] rebel stream solves=112640 raw=71/s balanced=71/s debt=0 rows steps=440 horizon=0.00 games=0 over=0 card=0 drop=0 L=0.00000 L/var=0.00 tgt=+0.000/0.000 aux=0.0000/0.000 cfg/b=0 prep=0.00s gpu=0.00s conv=0.00s add=0.00s train=0.00s
[t=1896.6s] rebel stream solves=113664 raw=71/s balanced=71/s debt=0 rows steps=444 horizon=0.00 games=36 over=0 card=0 drop=0 L=0.01272 L/var=0.29 tgt=+0.001/0.208 aux=0.0002/1.000 cfg/b=19519 prep=0.02s gpu=0.00s conv=0.00s add=0.02s train=0.26s
[t=1906.6s] rebel stream solves=113664 raw=71/s balanced=71/s debt=0 rows steps=444 horizon=0.00 games=0 over=0 card=0 drop=0 L=0.00000 L/var=0.00 tgt=+0.000/0.000 aux=0.0000/0.000 cfg/b=0 prep=0.00s gpu=0.00s conv=0.00s add=0.00s train=0.00s
[t=1916.7s] rebel stream solves=114688 raw=71/s balanced=71/s debt=0 rows steps=448 horizon=0.00 games=23 over=0 card=0 drop=0 L=0.01355 L/var=0.39 tgt=+0.015/0.187 aux=0.0003/1.000 cfg/b=19712 prep=0.02s gpu=0.00s conv=0.00s add=0.03s train=0.26s
[t=1926.7s] rebel stream solves=114688 raw=71/s balanced=71/s debt=0 rows steps=448 horizon=0.00 games=0 over=0 card=0 drop=0 L=0.00000 L/var=0.00 tgt=+0.000/0.000 aux=0.0000/0.000 cfg/b=0 prep=0.00s gpu=0.00s conv=0.00s add=0.00s train=0.00s
[t=1936.7s] rebel stream solves=115712 raw=71/s balanced=71/s debt=0 rows steps=452 horizon=0.04 games=28 over=0 card=0 drop=0 L=0.01184 L/var=0.31 tgt=+0.003/0.197 aux=0.0003/1.000 cfg/b=19060 prep=0.02s gpu=0.00s conv=0.00s add=0.02s train=0.27s
[t=1946.7s] rebel stream solves=115712 raw=70/s balanced=70/s debt=0 rows steps=452 horizon=0.00 games=0 over=0 card=0 drop=0 L=0.00000 L/var=0.00 tgt=+0.000/0.000 aux=0.0000/0.000 cfg/b=0 prep=0.00s gpu=0.00s conv=0.00s add=0.00s train=0.00s
[t=1956.7s] rebel stream solves=116736 raw=71/s balanced=71/s debt=0 rows steps=456 horizon=0.00 games=29 over=0 card=0 drop=0 L=0.01121 L/var=0.30 tgt=+0.018/0.192 aux=0.0003/1.000 cfg/b=19501 prep=0.02s gpu=0.00s conv=0.00s add=0.01s train=0.24s
[t=1966.8s] rebel stream solves=116736 raw=70/s balanced=70/s debt=0 rows steps=456 horizon=0.00 games=0 over=0 card=0 drop=0 L=0.00000 L/var=0.00 tgt=+0.000/0.000 aux=0.0000/0.000 cfg/b=0 prep=0.00s gpu=0.00s conv=0.00s add=0.00s train=0.00s
[t=1976.8s] rebel stream solves=117760 raw=70/s balanced=70/s debt=0 rows steps=460 horizon=0.00 games=29 over=0 card=0 drop=0 L=0.01318 L/var=0.27 tgt=+0.015/0.221 aux=0.0002/1.000 cfg/b=19758 prep=0.02s gpu=0.00s conv=0.00s add=0.02s train=0.27s
[t=1986.8s] rebel stream solves=118784 raw=70/s balanced=70/s debt=0 rows steps=464 horizon=0.00 games=37 over=0 card=0 drop=0 L=0.01323 L/var=0.28 tgt=+0.011/0.216 aux=0.0002/1.000 cfg/b=19992 prep=0.02s gpu=0.00s conv=0.00s add=0.02s train=0.28s
[t=1996.8s] rebel stream solves=118784 raw=70/s balanced=70/s debt=0 rows steps=464 horizon=0.00 games=0 over=0 card=0 drop=0 L=0.00000 L/var=0.00 tgt=+0.000/0.000 aux=0.0000/0.000 cfg/b=0 prep=0.00s gpu=0.00s conv=0.00s add=0.00s train=0.00s
[t=2006.8s] rebel stream solves=118784 raw=70/s balanced=70/s debt=0 rows steps=464 horizon=0.00 games=0 over=0 card=0 drop=0 L=0.00000 L/var=0.00 tgt=+0.000/0.000 aux=0.0000/0.000 cfg/b=0 prep=0.00s gpu=0.00s conv=0.00s add=0.00s train=0.00s
[t=2016.9s] rebel stream solves=119808 raw=70/s balanced=70/s debt=0 rows steps=468 horizon=0.03 games=34 over=0 card=0 drop=0 L=0.01360 L/var=0.30 tgt=+0.013/0.215 aux=0.0003/1.000 cfg/b=20138 prep=0.02s gpu=0.00s conv=0.00s add=0.02s train=0.27s
[t=2026.9s] rebel stream solves=119808 raw=69/s balanced=69/s debt=0 rows steps=468 horizon=0.00 games=0 over=0 card=0 drop=0 L=0.00000 L/var=0.00 tgt=+0.000/0.000 aux=0.0000/0.000 cfg/b=0 prep=0.00s gpu=0.00s conv=0.00s add=0.00s train=0.00s
[t=2036.9s] rebel stream solves=120832 raw=70/s balanced=70/s debt=0 rows steps=472 horizon=0.00 games=32 over=0 card=0 drop=0 L=0.01176 L/var=0.33 tgt=+0.023/0.188 aux=0.0002/1.000 cfg/b=20151 prep=0.02s gpu=0.00s conv=0.00s add=0.02s train=0.25s
[t=2046.9s] rebel stream solves=120832 raw=69/s balanced=69/s debt=0 rows steps=472 horizon=0.00 games=0 over=0 card=0 drop=0 L=0.00000 L/var=0.00 tgt=+0.000/0.000 aux=0.0000/0.000 cfg/b=0 prep=0.00s gpu=0.00s conv=0.00s add=0.00s train=0.00s
[t=2057.0s] rebel stream solves=121856 raw=69/s balanced=69/s debt=0 rows steps=476 horizon=0.05 games=40 over=0 card=0 drop=0 L=0.01256 L/var=0.33 tgt=+0.021/0.196 aux=0.0003/1.000 cfg/b=20901 prep=0.02s gpu=0.00s conv=0.00s add=0.02s train=0.26s
[t=2067.0s] rebel stream solves=121856 raw=69/s balanced=69/s debt=0 rows steps=476 horizon=0.00 games=0 over=0 card=0 drop=0 L=0.00000 L/var=0.00 tgt=+0.000/0.000 aux=0.0000/0.000 cfg/b=0 prep=0.00s gpu=0.00s conv=0.00s add=0.00s train=0.00s
[t=2077.0s] rebel stream solves=122880 raw=69/s balanced=69/s debt=0 rows steps=480 horizon=0.03 games=29 over=0 card=0 drop=0 L=0.01329 L/var=0.37 tgt=+0.030/0.190 aux=0.0004/1.000 cfg/b=21192 prep=0.02s gpu=0.00s conv=0.00s add=0.02s train=0.27s
[t=2087.0s] rebel stream solves=122880 raw=69/s balanced=69/s debt=0 rows steps=480 horizon=0.00 games=0 over=0 card=0 drop=0 L=0.00000 L/var=0.00 tgt=+0.000/0.000 aux=0.0000/0.000 cfg/b=0 prep=0.00s gpu=0.00s conv=0.00s add=0.00s train=0.00s
[t=2097.0s] rebel stream solves=122880 raw=68/s balanced=68/s debt=0 rows steps=480 horizon=0.00 games=0 over=0 card=0 drop=0 L=0.00000 L/var=0.00 tgt=+0.000/0.000 aux=0.0000/0.000 cfg/b=0 prep=0.00s gpu=0.00s conv=0.00s add=0.00s train=0.00s
[t=2107.1s] rebel stream solves=123904 raw=69/s balanced=69/s debt=0 rows steps=484 horizon=0.00 games=34 over=0 card=0 drop=0 L=0.01224 L/var=0.29 tgt=+0.023/0.206 aux=0.0003/1.000 cfg/b=20360 prep=0.03s gpu=0.00s conv=0.00s add=0.03s train=0.25s
[t=2117.1s] rebel stream solves=123904 raw=68/s balanced=68/s debt=0 rows steps=484 horizon=0.00 games=0 over=0 card=0 drop=0 L=0.00000 L/var=0.00 tgt=+0.000/0.000 aux=0.0000/0.000 cfg/b=0 prep=0.00s gpu=0.00s conv=0.00s add=0.00s train=0.00s
[t=2127.1s] rebel stream solves=124928 raw=68/s balanced=68/s debt=0 rows steps=488 horizon=0.03 games=31 over=0 card=0 drop=0 L=0.01188 L/var=0.26 tgt=+0.013/0.212 aux=0.0003/1.000 cfg/b=20326 prep=0.08s gpu=0.00s conv=0.00s add=0.03s train=0.33s
[t=2137.1s] rebel stream solves=124928 raw=68/s balanced=68/s debt=0 rows steps=488 horizon=0.00 games=0 over=0 card=0 drop=0 L=0.00000 L/var=0.00 tgt=+0.000/0.000 aux=0.0000/0.000 cfg/b=0 prep=0.00s gpu=0.00s conv=0.00s add=0.00s train=0.00s
[t=2147.1s] rebel stream solves=125952 raw=68/s balanced=68/s debt=0 rows steps=492 horizon=0.00 games=36 over=0 card=0 drop=0 L=0.01164 L/var=0.24 tgt=+0.007/0.220 aux=0.0002/1.000 cfg/b=20359 prep=0.02s gpu=0.00s conv=0.00s add=0.03s train=0.28s
[t=2157.2s] rebel stream solves=125952 raw=68/s balanced=68/s debt=0 rows steps=492 horizon=0.00 games=0 over=0 card=0 drop=0 L=0.00000 L/var=0.00 tgt=+0.000/0.000 aux=0.0000/0.000 cfg/b=0 prep=0.00s gpu=0.00s conv=0.00s add=0.00s train=0.00s
[t=2167.2s] rebel stream solves=126976 raw=68/s balanced=68/s debt=0 rows steps=496 horizon=0.00 games=38 over=0 card=0 drop=0 L=0.01323 L/var=0.23 tgt=-0.004/0.240 aux=0.0002/1.000 cfg/b=21609 prep=0.03s gpu=0.00s conv=0.00s add=0.02s train=0.28s
[t=2177.2s] rebel stream solves=126976 raw=68/s balanced=68/s debt=0 rows steps=496 horizon=0.00 games=0 over=0 card=0 drop=0 L=0.00000 L/var=0.00 tgt=+0.000/0.000 aux=0.0000/0.000 cfg/b=0 prep=0.00s gpu=0.00s conv=0.00s add=0.00s train=0.00s
[t=2187.3s] rebel stream solves=128000 raw=68/s balanced=68/s debt=0 rows steps=500 horizon=0.00 games=42 over=0 card=0 drop=0 L=0.01661 L/var=0.26 tgt=+0.014/0.252 aux=0.0004/1.000 cfg/b=20975 prep=0.04s gpu=0.00s conv=0.00s add=0.02s train=0.27s
[t=2197.3s] rebel stream solves=128000 raw=67/s balanced=67/s debt=0 rows steps=500 horizon=0.00 games=0 over=0 card=0 drop=0 L=0.00000 L/var=0.00 tgt=+0.000/0.000 aux=0.0000/0.000 cfg/b=0 prep=0.00s gpu=0.00s conv=0.00s add=0.00s train=0.00s
[t=2207.3s] rebel stream solves=128000 raw=67/s balanced=67/s debt=0 rows steps=500 horizon=0.00 games=0 over=0 card=0 drop=0 L=0.00000 L/var=0.00 tgt=+0.000/0.000 aux=0.0000/0.000 cfg/b=0 prep=0.00s gpu=0.00s conv=0.00s add=0.00s train=0.00s
[t=2217.4s] rebel stream solves=129024 raw=67/s balanced=67/s debt=0 rows steps=504 horizon=0.00 games=25 over=0 card=0 drop=0 L=0.01604 L/var=0.28 tgt=+0.005/0.240 aux=0.0003/1.000 cfg/b=21088 prep=0.03s gpu=0.00s conv=0.00s add=0.01s train=0.26s
[t=2227.4s] rebel stream solves=129024 raw=67/s balanced=67/s debt=0 rows steps=504 horizon=0.00 games=0 over=0 card=0 drop=0 L=0.00000 L/var=0.00 tgt=+0.000/0.000 aux=0.0000/0.000 cfg/b=0 prep=0.00s gpu=0.00s conv=0.00s add=0.00s train=0.00s
[t=2237.4s] rebel stream solves=130048 raw=67/s balanced=67/s debt=0 rows steps=508 horizon=0.00 games=34 over=0 card=0 drop=0 L=0.01529 L/var=0.27 tgt=+0.007/0.238 aux=0.0004/1.000 cfg/b=20528 prep=0.02s gpu=0.00s conv=0.00s add=0.03s train=0.28s
[t=2247.4s] rebel stream solves=130048 raw=67/s balanced=67/s debt=0 rows steps=508 horizon=0.00 games=0 over=0 card=0 drop=0 L=0.00000 L/var=0.00 tgt=+0.000/0.000 aux=0.0000/0.000 cfg/b=0 prep=0.00s gpu=0.00s conv=0.00s add=0.00s train=0.00s
[t=2257.4s] rebel stream solves=131072 raw=67/s balanced=67/s debt=0 rows steps=512 horizon=0.00 games=40 over=0 card=0 drop=0 L=0.01475 L/var=0.22 tgt=-0.002/0.260 aux=0.0005/1.000 cfg/b=21212 prep=0.02s gpu=0.00s conv=0.00s add=0.03s train=0.26s
[t=2267.4s] rebel stream solves=131072 raw=67/s balanced=67/s debt=0 rows steps=512 horizon=0.00 games=0 over=0 card=0 drop=0 L=0.00000 L/var=0.00 tgt=+0.000/0.000 aux=0.0000/0.000 cfg/b=0 prep=0.00s gpu=0.00s conv=0.00s add=0.00s train=0.00s
[t=2277.4s] rebel stream solves=131072 raw=66/s balanced=66/s debt=0 rows steps=512 horizon=0.00 games=0 over=0 card=0 drop=0 L=0.00000 L/var=0.00 tgt=+0.000/0.000 aux=0.0000/0.000 cfg/b=0 prep=0.00s gpu=0.00s conv=0.00s add=0.00s train=0.00s
[t=2287.5s] rebel stream solves=132096 raw=66/s balanced=66/s debt=0 rows steps=516 horizon=0.03 games=33 over=0 card=0 drop=0 L=0.01517 L/var=0.21 tgt=-0.001/0.268 aux=0.0006/1.000 cfg/b=20574 prep=0.02s gpu=0.00s conv=0.00s add=0.01s train=0.25s
[t=2297.5s] rebel stream solves=132096 raw=66/s balanced=66/s debt=0 rows steps=516 horizon=0.00 games=0 over=0 card=0 drop=0 L=0.00000 L/var=0.00 tgt=+0.000/0.000 aux=0.0000/0.000 cfg/b=0 prep=0.00s gpu=0.00s conv=0.00s add=0.00s train=0.00s
[t=2307.5s] rebel stream solves=133120 raw=66/s balanced=66/s debt=0 rows steps=520 horizon=0.00 games=38 over=0 card=0 drop=0 L=0.01420 L/var=0.20 tgt=+0.005/0.263 aux=0.0003/1.000 cfg/b=22058 prep=0.02s gpu=0.00s conv=0.00s add=0.01s train=0.24s
[t=2317.5s] rebel stream solves=133120 raw=66/s balanced=66/s debt=0 rows steps=520 horizon=0.00 games=0 over=0 card=0 drop=0 L=0.00000 L/var=0.00 tgt=+0.000/0.000 aux=0.0000/0.000 cfg/b=0 prep=0.00s gpu=0.00s conv=0.00s add=0.00s train=0.00s
[t=2327.5s] rebel stream solves=134144 raw=66/s balanced=66/s debt=0 rows steps=524 horizon=0.00 games=52 over=0 card=0 drop=0 L=0.01373 L/var=0.19 tgt=+0.001/0.271 aux=0.0003/1.000 cfg/b=20581 prep=0.02s gpu=0.00s conv=0.00s add=0.02s train=0.24s
[t=2337.5s] rebel stream solves=134144 raw=66/s balanced=66/s debt=0 rows steps=524 horizon=0.00 games=0 over=0 card=0 drop=0 L=0.00000 L/var=0.00 tgt=+0.000/0.000 aux=0.0000/0.000 cfg/b=0 prep=0.00s gpu=0.00s conv=0.00s add=0.00s train=0.00s
[t=2347.5s] rebel stream solves=135168 raw=66/s balanced=66/s debt=0 rows steps=528 horizon=0.00 games=29 over=0 card=0 drop=0 L=0.01296 L/var=0.22 tgt=+0.012/0.241 aux=0.0003/1.000 cfg/b=21328 prep=0.02s gpu=0.00s conv=0.00s add=0.03s train=0.29s
[t=2357.5s] rebel stream solves=135168 raw=66/s balanced=66/s debt=0 rows steps=528 horizon=0.00 games=0 over=0 card=0 drop=0 L=0.00000 L/var=0.00 tgt=+0.000/0.000 aux=0.0000/0.000 cfg/b=0 prep=0.00s gpu=0.00s conv=0.00s add=0.00s train=0.00s
[t=2367.6s] rebel stream solves=136192 raw=66/s balanced=66/s debt=0 rows steps=532 horizon=0.00 games=35 over=0 card=0 drop=0 L=0.01707 L/var=0.26 tgt=+0.005/0.256 aux=0.0003/1.000 cfg/b=21633 prep=0.03s gpu=0.00s conv=0.00s add=0.03s train=0.25s
[t=2377.6s] rebel stream solves=136192 raw=66/s balanced=66/s debt=0 rows steps=532 horizon=0.00 games=0 over=0 card=0 drop=0 L=0.00000 L/var=0.00 tgt=+0.000/0.000 aux=0.0000/0.000 cfg/b=0 prep=0.00s gpu=0.00s conv=0.00s add=0.00s train=0.00s
[t=2387.6s] rebel stream solves=137216 raw=66/s balanced=66/s debt=0 rows steps=536 horizon=0.02 games=43 over=0 card=0 drop=0 L=0.01672 L/var=0.27 tgt=-0.004/0.250 aux=0.0003/1.000 cfg/b=21287 prep=0.03s gpu=0.00s conv=0.00s add=0.02s train=0.26s
[t=2397.6s] rebel stream solves=137216 raw=65/s balanced=65/s debt=0 rows steps=536 horizon=0.00 games=0 over=0 card=0 drop=0 L=0.00000 L/var=0.00 tgt=+0.000/0.000 aux=0.0000/0.000 cfg/b=0 prep=0.00s gpu=0.00s conv=0.00s add=0.00s train=0.00s
[t=2407.6s] rebel stream solves=138240 raw=66/s balanced=66/s debt=0 rows steps=540 horizon=0.00 games=35 over=0 card=0 drop=0 L=0.01597 L/var=0.20 tgt=-0.001/0.280 aux=0.0010/1.000 cfg/b=21542 prep=0.02s gpu=0.00s conv=0.00s add=0.02s train=0.26s
[t=2417.6s] rebel stream solves=138240 raw=65/s balanced=65/s debt=0 rows steps=540 horizon=0.00 games=0 over=0 card=0 drop=0 L=0.00000 L/var=0.00 tgt=+0.000/0.000 aux=0.0000/0.000 cfg/b=0 prep=0.00s gpu=0.00s conv=0.00s add=0.00s train=0.00s
[t=2427.7s] rebel stream solves=138240 raw=65/s balanced=65/s debt=0 rows steps=540 horizon=0.00 games=0 over=0 card=0 drop=0 L=0.00000 L/var=0.00 tgt=+0.000/0.000 aux=0.0000/0.000 cfg/b=0 prep=0.00s gpu=0.00s conv=0.00s add=0.00s train=0.00s
[t=2437.7s] rebel stream solves=139264 raw=65/s balanced=65/s debt=0 rows steps=544 horizon=0.02 games=51 over=0 card=0 drop=0 L=0.01484 L/var=0.19 tgt=+0.010/0.277 aux=0.0005/1.000 cfg/b=21554 prep=0.02s gpu=0.00s conv=0.00s add=0.03s train=0.28s
[t=2447.7s] rebel stream solves=139264 raw=65/s balanced=65/s debt=0 rows steps=544 horizon=0.00 games=0 over=0 card=0 drop=0 L=0.00000 L/var=0.00 tgt=+0.000/0.000 aux=0.0000/0.000 cfg/b=0 prep=0.00s gpu=0.00s conv=0.00s add=0.00s train=0.00s
[t=2457.7s] rebel stream solves=140288 raw=65/s balanced=65/s debt=0 rows steps=548 horizon=0.00 games=53 over=0 card=0 drop=0 L=0.01291 L/var=0.18 tgt=+0.022/0.266 aux=0.0003/1.000 cfg/b=21994 prep=0.03s gpu=0.00s conv=0.00s add=0.03s train=0.28s
[t=2467.7s] rebel stream solves=140288 raw=65/s balanced=65/s debt=0 rows steps=548 horizon=0.00 games=0 over=0 card=0 drop=0 L=0.00000 L/var=0.00 tgt=+0.000/0.000 aux=0.0000/0.000 cfg/b=0 prep=0.00s gpu=0.00s conv=0.00s add=0.00s train=0.00s
[t=2477.7s] rebel stream solves=141312 raw=65/s balanced=65/s debt=0 rows steps=552 horizon=0.00 games=38 over=0 card=0 drop=0 L=0.01404 L/var=0.21 tgt=+0.011/0.258 aux=0.0002/1.000 cfg/b=20885 prep=0.03s gpu=0.00s conv=0.00s add=0.03s train=0.27s
[t=2487.7s] rebel stream solves=141312 raw=65/s balanced=65/s debt=0 rows steps=552 horizon=0.00 games=0 over=0 card=0 drop=0 L=0.00000 L/var=0.00 tgt=+0.000/0.000 aux=0.0000/0.000 cfg/b=0 prep=0.00s gpu=0.00s conv=0.00s add=0.00s train=0.00s
[t=2497.8s] rebel stream solves=142336 raw=65/s balanced=65/s debt=0 rows steps=556 horizon=0.03 games=33 over=0 card=0 drop=0 L=0.01382 L/var=0.23 tgt=+0.015/0.244 aux=0.0003/1.000 cfg/b=21729 prep=0.02s gpu=0.00s conv=0.00s add=0.03s train=0.26s
[t=2507.8s] rebel stream solves=142336 raw=64/s balanced=64/s debt=0 rows steps=556 horizon=0.00 games=0 over=0 card=0 drop=0 L=0.00000 L/var=0.00 tgt=+0.000/0.000 aux=0.0000/0.000 cfg/b=0 prep=0.00s gpu=0.00s conv=0.00s add=0.00s train=0.00s
[t=2517.8s] rebel stream solves=143360 raw=65/s balanced=65/s debt=0 rows steps=560 horizon=0.00 games=33 over=0 card=0 drop=0 L=0.01334 L/var=0.23 tgt=+0.019/0.241 aux=0.0003/1.000 cfg/b=22363 prep=0.02s gpu=0.00s conv=0.00s add=0.03s train=0.27s
[t=2527.8s] rebel stream solves=143360 raw=64/s balanced=64/s debt=0 rows steps=560 horizon=0.00 games=0 over=0 card=0 drop=0 L=0.00000 L/var=0.00 tgt=+0.000/0.000 aux=0.0000/0.000 cfg/b=0 prep=0.00s gpu=0.00s conv=0.00s add=0.00s train=0.00s
[t=2537.8s] rebel stream solves=144384 raw=65/s balanced=65/s debt=0 rows steps=564 horizon=0.03 games=36 over=0 card=0 drop=0 L=0.01504 L/var=0.26 tgt=+0.018/0.243 aux=0.0002/1.000 cfg/b=22026 prep=0.02s gpu=0.00s conv=0.00s add=0.03s train=0.28s
[t=2547.8s] rebel stream solves=144384 raw=64/s balanced=64/s debt=0 rows steps=564 horizon=0.00 games=0 over=0 card=0 drop=0 L=0.00000 L/var=0.00 tgt=+0.000/0.000 aux=0.0000/0.000 cfg/b=0 prep=0.00s gpu=0.00s conv=0.00s add=0.00s train=0.00s
[t=2557.8s] rebel stream solves=144384 raw=64/s balanced=64/s debt=0 rows steps=564 horizon=0.00 games=0 over=0 card=0 drop=0 L=0.00000 L/var=0.00 tgt=+0.000/0.000 aux=0.0000/0.000 cfg/b=0 prep=0.00s gpu=0.00s conv=0.00s add=0.00s train=0.00s
[t=2567.9s] rebel stream solves=145408 raw=64/s balanced=64/s debt=0 rows steps=568 horizon=0.00 games=32 over=0 card=0 drop=0 L=0.01315 L/var=0.14 tgt=-0.015/0.304 aux=0.0003/1.000 cfg/b=21942 prep=0.03s gpu=0.00s conv=0.00s add=0.03s train=0.26s
[t=2577.9s] rebel stream solves=145408 raw=64/s balanced=64/s debt=0 rows steps=568 horizon=0.00 games=0 over=0 card=0 drop=0 L=0.00000 L/var=0.00 tgt=+0.000/0.000 aux=0.0000/0.000 cfg/b=0 prep=0.00s gpu=0.00s conv=0.00s add=0.00s train=0.00s
[t=2587.9s] rebel stream solves=146432 raw=64/s balanced=64/s debt=0 rows steps=572 horizon=0.00 games=32 over=0 card=0 drop=0 L=0.01284 L/var=0.22 tgt=+0.011/0.244 aux=0.0002/1.000 cfg/b=21665 prep=0.03s gpu=0.00s conv=0.00s add=0.02s train=0.28s
[t=2597.9s] rebel stream solves=146432 raw=64/s balanced=64/s debt=0 rows steps=572 horizon=0.00 games=0 over=0 card=0 drop=0 L=0.00000 L/var=0.00 tgt=+0.000/0.000 aux=0.0000/0.000 cfg/b=0 prep=0.00s gpu=0.00s conv=0.00s add=0.00s train=0.00s
[t=2607.9s] rebel stream solves=147456 raw=64/s balanced=64/s debt=0 rows steps=576 horizon=0.00 games=39 over=0 card=0 drop=0 L=0.01483 L/var=0.21 tgt=+0.027/0.263 aux=0.0003/1.000 cfg/b=22870 prep=0.02s gpu=0.00s conv=0.00s add=0.03s train=0.26s
[t=2617.9s] rebel stream solves=147456 raw=64/s balanced=64/s debt=0 rows steps=576 horizon=0.00 games=0 over=0 card=0 drop=0 L=0.00000 L/var=0.00 tgt=+0.000/0.000 aux=0.0000/0.000 cfg/b=0 prep=0.00s gpu=0.00s conv=0.00s add=0.00s train=0.00s
[t=2627.9s] rebel stream solves=148480 raw=64/s balanced=64/s debt=0 rows steps=580 horizon=0.00 games=32 over=0 card=0 drop=0 L=0.01387 L/var=0.22 tgt=+0.023/0.253 aux=0.0004/1.000 cfg/b=22721 prep=0.02s gpu=0.00s conv=0.00s add=0.03s train=0.27s
[t=2638.0s] rebel stream solves=148480 raw=64/s balanced=64/s debt=0 rows steps=580 horizon=0.00 games=0 over=0 card=0 drop=0 L=0.00000 L/var=0.00 tgt=+0.000/0.000 aux=0.0000/0.000 cfg/b=0 prep=0.00s gpu=0.00s conv=0.00s add=0.00s train=0.00s
[t=2648.0s] rebel stream solves=149504 raw=64/s balanced=64/s debt=0 rows steps=584 horizon=0.00 games=40 over=0 card=0 drop=0 L=0.01401 L/var=0.20 tgt=+0.014/0.262 aux=0.0004/1.000 cfg/b=22342 prep=0.03s gpu=0.00s conv=0.00s add=0.02s train=0.27s
[t=2658.0s] rebel stream solves=149504 raw=63/s balanced=63/s debt=0 rows steps=584 horizon=0.00 games=0 over=0 card=0 drop=0 L=0.00000 L/var=0.00 tgt=+0.000/0.000 aux=0.0000/0.000 cfg/b=0 prep=0.00s gpu=0.00s conv=0.00s add=0.00s train=0.00s
[t=2668.0s] rebel stream solves=149504 raw=63/s balanced=63/s debt=0 rows steps=584 horizon=0.00 games=0 over=0 card=0 drop=0 L=0.00000 L/var=0.00 tgt=+0.000/0.000 aux=0.0000/0.000 cfg/b=0 prep=0.00s gpu=0.00s conv=0.00s add=0.00s train=0.00s
[t=2677.0s] --- lr -> 5.00e-04 ---
[t=2678.0s] rebel stream solves=150528 raw=63/s balanced=63/s debt=0 rows steps=588 horizon=0.00 games=38 over=0 card=0 drop=0 L=0.01482 L/var=0.21 tgt=+0.024/0.268 aux=0.0004/1.000 cfg/b=22434 prep=0.02s gpu=0.00s conv=0.00s add=0.02s train=0.27s
[t=2688.0s] rebel stream solves=150528 raw=63/s balanced=63/s debt=0 rows steps=588 horizon=0.00 games=0 over=0 card=0 drop=0 L=0.00000 L/var=0.00 tgt=+0.000/0.000 aux=0.0000/0.000 cfg/b=0 prep=0.00s gpu=0.00s conv=0.00s add=0.00s train=0.00s
[t=2698.0s] rebel stream solves=151552 raw=63/s balanced=63/s debt=0 rows steps=592 horizon=0.00 games=37 over=0 card=0 drop=0 L=0.01568 L/var=0.23 tgt=+0.014/0.263 aux=0.0004/1.000 cfg/b=22379 prep=0.07s gpu=0.00s conv=0.00s add=0.02s train=0.31s
[t=2708.0s] rebel stream solves=151552 raw=63/s balanced=63/s debt=0 rows steps=592 horizon=0.00 games=0 over=0 card=0 drop=0 L=0.00000 L/var=0.00 tgt=+0.000/0.000 aux=0.0000/0.000 cfg/b=0 prep=0.00s gpu=0.00s conv=0.00s add=0.00s train=0.00s
[t=2718.1s] rebel stream solves=152576 raw=63/s balanced=63/s debt=0 rows steps=596 horizon=0.00 games=46 over=0 card=0 drop=0 L=0.01457 L/var=0.19 tgt=+0.008/0.274 aux=0.0003/1.000 cfg/b=22206 prep=0.04s gpu=0.00s conv=0.00s add=0.02s train=0.26s
[t=2728.1s] rebel stream solves=152576 raw=63/s balanced=63/s debt=0 rows steps=596 horizon=0.00 games=0 over=0 card=0 drop=0 L=0.00000 L/var=0.00 tgt=+0.000/0.000 aux=0.0000/0.000 cfg/b=0 prep=0.00s gpu=0.00s conv=0.00s add=0.00s train=0.00s
[t=2738.1s] rebel stream solves=153600 raw=63/s balanced=63/s debt=0 rows steps=600 horizon=0.00 games=47 over=0 card=0 drop=0 L=0.01322 L/var=0.18 tgt=+0.010/0.270 aux=0.0003/1.000 cfg/b=22896 prep=0.03s gpu=0.00s conv=0.00s add=0.02s train=0.27s
[t=2748.1s] rebel stream solves=153600 raw=63/s balanced=63/s debt=0 rows steps=600 horizon=0.00 games=0 over=0 card=0 drop=0 L=0.00000 L/var=0.00 tgt=+0.000/0.000 aux=0.0000/0.000 cfg/b=0 prep=0.00s gpu=0.00s conv=0.00s add=0.00s train=0.00s
[t=2758.1s] rebel stream solves=154624 raw=63/s balanced=63/s debt=0 rows steps=604 horizon=0.00 games=37 over=0 card=0 drop=0 L=0.01391 L/var=0.19 tgt=+0.013/0.272 aux=0.0003/1.000 cfg/b=22230 prep=0.06s gpu=0.00s conv=0.00s add=0.03s train=0.31s
[t=2768.1s] rebel stream solves=154624 raw=63/s balanced=63/s debt=0 rows steps=604 horizon=0.00 games=0 over=0 card=0 drop=0 L=0.00000 L/var=0.00 tgt=+0.000/0.000 aux=0.0000/0.000 cfg/b=0 prep=0.00s gpu=0.00s conv=0.00s add=0.00s train=0.00s
[t=2778.1s] rebel stream solves=154624 raw=62/s balanced=62/s debt=0 rows steps=604 horizon=0.00 games=0 over=0 card=0 drop=0 L=0.00000 L/var=0.00 tgt=+0.000/0.000 aux=0.0000/0.000 cfg/b=0 prep=0.00s gpu=0.00s conv=0.00s add=0.00s train=0.00s
[t=2788.1s] rebel stream solves=155648 raw=63/s balanced=63/s debt=0 rows steps=608 horizon=0.00 games=42 over=0 card=0 drop=0 L=0.01378 L/var=0.19 tgt=+0.008/0.273 aux=0.0004/1.000 cfg/b=22638 prep=0.03s gpu=0.00s conv=0.00s add=0.03s train=0.28s
[t=2798.2s] rebel stream solves=155648 raw=62/s balanced=62/s debt=0 rows steps=608 horizon=0.00 games=0 over=0 card=0 drop=0 L=0.00000 L/var=0.00 tgt=+0.000/0.000 aux=0.0000/0.000 cfg/b=0 prep=0.00s gpu=0.00s conv=0.00s add=0.00s train=0.00s
[t=2808.2s] rebel stream solves=156672 raw=62/s balanced=62/s debt=0 rows steps=612 horizon=0.03 games=37 over=0 card=0 drop=0 L=0.01449 L/var=0.21 tgt=+0.016/0.266 aux=0.0004/1.000 cfg/b=22678 prep=0.06s gpu=0.00s conv=0.00s add=0.03s train=0.30s
[t=2818.2s] rebel stream solves=156672 raw=62/s balanced=62/s debt=0 rows steps=612 horizon=0.00 games=0 over=0 card=0 drop=0 L=0.00000 L/var=0.00 tgt=+0.000/0.000 aux=0.0000/0.000 cfg/b=0 prep=0.00s gpu=0.00s conv=0.00s add=0.00s train=0.00s
[t=2828.3s] rebel stream solves=157696 raw=62/s balanced=62/s debt=0 rows steps=616 horizon=0.00 games=29 over=0 card=0 drop=0 L=0.01408 L/var=0.22 tgt=+0.014/0.256 aux=0.0003/1.000 cfg/b=22654 prep=0.04s gpu=0.00s conv=0.00s add=0.02s train=0.30s
[t=2838.3s] rebel stream solves=157696 raw=62/s balanced=62/s debt=0 rows steps=616 horizon=0.00 games=0 over=0 card=0 drop=0 L=0.00000 L/var=0.00 tgt=+0.000/0.000 aux=0.0000/0.000 cfg/b=0 prep=0.00s gpu=0.00s conv=0.00s add=0.00s train=0.00s
[t=2848.3s] rebel stream solves=158720 raw=62/s balanced=62/s debt=0 rows steps=620 horizon=0.00 games=35 over=0 card=0 drop=0 L=0.01426 L/var=0.19 tgt=-0.008/0.276 aux=0.0004/1.000 cfg/b=22826 prep=0.03s gpu=0.00s conv=0.00s add=0.02s train=0.26s
[t=2858.3s] rebel stream solves=158720 raw=62/s balanced=62/s debt=0 rows steps=620 horizon=0.00 games=0 over=0 card=0 drop=0 L=0.00000 L/var=0.00 tgt=+0.000/0.000 aux=0.0000/0.000 cfg/b=0 prep=0.00s gpu=0.00s conv=0.00s add=0.00s train=0.00s
[t=2868.3s] rebel stream solves=159744 raw=62/s balanced=62/s debt=0 rows steps=624 horizon=0.00 games=40 over=0 card=0 drop=0 L=0.01495 L/var=0.20 tgt=+0.009/0.270 aux=0.0002/1.000 cfg/b=22963 prep=0.02s gpu=0.00s conv=0.00s add=0.02s train=0.26s
[t=2878.3s] rebel stream solves=159744 raw=62/s balanced=62/s debt=0 rows steps=624 horizon=0.00 games=0 over=0 card=0 drop=0 L=0.00000 L/var=0.00 tgt=+0.000/0.000 aux=0.0000/0.000 cfg/b=0 prep=0.00s gpu=0.00s conv=0.00s add=0.00s train=0.00s
[t=2888.4s] rebel stream solves=159744 raw=62/s balanced=62/s debt=0 rows steps=624 horizon=0.00 games=0 over=0 card=0 drop=0 L=0.00000 L/var=0.00 tgt=+0.000/0.000 aux=0.0000/0.000 cfg/b=0 prep=0.00s gpu=0.00s conv=0.00s add=0.00s train=0.00s
[t=2898.4s] rebel stream solves=160768 raw=62/s balanced=62/s debt=0 rows steps=628 horizon=0.00 games=45 over=0 card=0 drop=0 L=0.01282 L/var=0.14 tgt=+0.021/0.305 aux=0.0002/1.000 cfg/b=21908 prep=0.05s gpu=0.00s conv=0.00s add=0.02s train=0.29s
[t=2908.4s] rebel stream solves=160768 raw=62/s balanced=62/s debt=0 rows steps=628 horizon=0.00 games=0 over=0 card=0 drop=0 L=0.00000 L/var=0.00 tgt=+0.000/0.000 aux=0.0000/0.000 cfg/b=0 prep=0.00s gpu=0.00s conv=0.00s add=0.00s train=0.00s
[t=2918.4s] rebel stream solves=161792 raw=62/s balanced=62/s debt=0 rows steps=632 horizon=0.00 games=30 over=0 card=0 drop=0 L=0.01402 L/var=0.20 tgt=+0.005/0.263 aux=0.0002/1.000 cfg/b=22840 prep=0.02s gpu=0.00s conv=0.00s add=0.02s train=0.26s
[t=2928.4s] rebel stream solves=161792 raw=62/s balanced=62/s debt=0 rows steps=632 horizon=0.00 games=0 over=0 card=0 drop=0 L=0.00000 L/var=0.00 tgt=+0.000/0.000 aux=0.0000/0.000 cfg/b=0 prep=0.00s gpu=0.00s conv=0.00s add=0.00s train=0.00s
[t=2938.5s] rebel stream solves=162816 raw=62/s balanced=62/s debt=0 rows steps=636 horizon=0.00 games=32 over=0 card=0 drop=0 L=0.01369 L/var=0.19 tgt=+0.024/0.266 aux=0.0002/1.000 cfg/b=22069 prep=0.02s gpu=0.00s conv=0.00s add=0.03s train=0.26s
[t=2948.5s] rebel stream solves=162816 raw=61/s balanced=61/s debt=0 rows steps=636 horizon=0.00 games=0 over=0 card=0 drop=0 L=0.00000 L/var=0.00 tgt=+0.000/0.000 aux=0.0000/0.000 cfg/b=0 prep=0.00s gpu=0.00s conv=0.00s add=0.00s train=0.00s
[t=2958.5s] rebel stream solves=163840 raw=62/s balanced=62/s debt=0 rows steps=640 horizon=0.00 games=35 over=0 card=0 drop=0 L=0.01373 L/var=0.18 tgt=+0.010/0.280 aux=0.0002/1.000 cfg/b=23061 prep=0.02s gpu=0.00s conv=0.00s add=0.02s train=0.27s
[t=2968.5s] rebel stream solves=163840 raw=61/s balanced=61/s debt=0 rows steps=640 horizon=0.00 games=0 over=0 card=0 drop=0 L=0.00000 L/var=0.00 tgt=+0.000/0.000 aux=0.0000/0.000 cfg/b=0 prep=0.00s gpu=0.00s conv=0.00s add=0.00s train=0.00s
[t=2978.6s] rebel stream solves=164864 raw=62/s balanced=62/s debt=0 rows steps=644 horizon=0.00 games=34 over=0 card=0 drop=0 L=0.01442 L/var=0.21 tgt=+0.018/0.264 aux=0.0002/1.000 cfg/b=22930 prep=0.02s gpu=0.00s conv=0.00s add=0.02s train=0.27s
[t=2988.6s] rebel stream solves=164864 raw=61/s balanced=61/s debt=0 rows steps=644 horizon=0.00 games=0 over=0 card=0 drop=0 L=0.00000 L/var=0.00 tgt=+0.000/0.000 aux=0.0000/0.000 cfg/b=0 prep=0.00s gpu=0.00s conv=0.00s add=0.00s train=0.00s
[t=2998.6s] rebel stream solves=165888 raw=61/s balanced=61/s debt=0 rows steps=648 horizon=0.00 games=37 over=0 card=0 drop=0 L=0.01352 L/var=0.16 tgt=+0.018/0.289 aux=0.0002/1.000 cfg/b=22770 prep=0.07s gpu=0.00s conv=0.00s add=0.03s train=0.32s
[t=3008.6s] rebel stream solves=165888 raw=61/s balanced=61/s debt=0 rows steps=648 horizon=0.00 games=0 over=0 card=0 drop=0 L=0.00000 L/var=0.00 tgt=+0.000/0.000 aux=0.0000/0.000 cfg/b=0 prep=0.00s gpu=0.00s conv=0.00s add=0.00s train=0.00s
[t=3018.7s] rebel stream solves=165888 raw=61/s balanced=61/s debt=0 rows steps=648 horizon=0.00 games=0 over=0 card=0 drop=0 L=0.00000 L/var=0.00 tgt=+0.000/0.000 aux=0.0000/0.000 cfg/b=0 prep=0.00s gpu=0.00s conv=0.00s add=0.00s train=0.00s
[t=3028.7s] rebel stream solves=166912 raw=61/s balanced=61/s debt=0 rows steps=652 horizon=0.04 games=53 over=0 card=0 drop=0 L=0.01326 L/var=0.14 tgt=+0.018/0.305 aux=0.0002/1.000 cfg/b=22966 prep=0.06s gpu=0.00s conv=0.00s add=0.03s train=0.32s
[t=3038.7s] rebel stream solves=166912 raw=61/s balanced=61/s debt=0 rows steps=652 horizon=0.00 games=0 over=0 card=0 drop=0 L=0.00000 L/var=0.00 tgt=+0.000/0.000 aux=0.0000/0.000 cfg/b=0 prep=0.00s gpu=0.00s conv=0.00s add=0.00s train=0.00s
[t=3048.7s] rebel stream solves=167936 raw=61/s balanced=61/s debt=0 rows steps=656 horizon=0.00 games=36 over=0 card=0 drop=0 L=0.01345 L/var=0.16 tgt=+0.029/0.289 aux=0.0002/1.000 cfg/b=23420 prep=0.03s gpu=0.00s conv=0.00s add=0.03s train=0.30s
[t=3058.7s] rebel stream solves=167936 raw=61/s balanced=61/s debt=0 rows steps=656 horizon=0.00 games=0 over=0 card=0 drop=0 L=0.00000 L/var=0.00 tgt=+0.000/0.000 aux=0.0000/0.000 cfg/b=0 prep=0.00s gpu=0.00s conv=0.00s add=0.00s train=0.00s
[t=3068.7s] rebel stream solves=168960 raw=61/s balanced=61/s debt=0 rows steps=660 horizon=0.00 games=33 over=0 card=0 drop=0 L=0.01302 L/var=0.17 tgt=+0.031/0.276 aux=0.0002/1.000 cfg/b=23502 prep=0.08s gpu=0.00s conv=0.00s add=0.03s train=0.34s
[t=3078.7s] rebel stream solves=168960 raw=61/s balanced=61/s debt=0 rows steps=660 horizon=0.00 games=0 over=0 card=0 drop=0 L=0.00000 L/var=0.00 tgt=+0.000/0.000 aux=0.0000/0.000 cfg/b=0 prep=0.00s gpu=0.00s conv=0.00s add=0.00s train=0.00s
[t=3088.8s] rebel stream solves=169984 raw=61/s balanced=61/s debt=0 rows steps=664 horizon=0.00 games=45 over=0 card=0 drop=0 L=0.01353 L/var=0.15 tgt=+0.024/0.301 aux=0.0002/1.000 cfg/b=23328 prep=0.02s gpu=0.00s conv=0.00s add=0.02s train=0.27s
[t=3098.8s] rebel stream solves=169984 raw=61/s balanced=61/s debt=0 rows steps=664 horizon=0.00 games=0 over=0 card=0 drop=0 L=0.00000 L/var=0.00 tgt=+0.000/0.000 aux=0.0000/0.000 cfg/b=0 prep=0.00s gpu=0.00s conv=0.00s add=0.00s train=0.00s
[t=3108.8s] rebel stream solves=171008 raw=61/s balanced=61/s debt=0 rows steps=668 horizon=0.00 games=36 over=0 card=0 drop=0 L=0.01283 L/var=0.17 tgt=+0.027/0.275 aux=0.0002/1.000 cfg/b=22760 prep=0.02s gpu=0.00s conv=0.00s add=0.03s train=0.27s
[t=3118.9s] rebel stream solves=171008 raw=61/s balanced=61/s debt=0 rows steps=668 horizon=0.00 games=0 over=0 card=0 drop=0 L=0.00000 L/var=0.00 tgt=+0.000/0.000 aux=0.0000/0.000 cfg/b=0 prep=0.00s gpu=0.00s conv=0.00s add=0.00s train=0.00s
[t=3128.9s] rebel stream solves=172032 raw=61/s balanced=61/s debt=0 rows steps=672 horizon=0.00 games=37 over=0 card=0 drop=0 L=0.01402 L/var=0.18 tgt=+0.036/0.276 aux=0.0003/1.000 cfg/b=22714 prep=0.03s gpu=0.00s conv=0.00s add=0.02s train=0.29s
[t=3138.9s] rebel stream solves=172032 raw=61/s balanced=61/s debt=0 rows steps=672 horizon=0.00 games=0 over=0 card=0 drop=0 L=0.00000 L/var=0.00 tgt=+0.000/0.000 aux=0.0000/0.000 cfg/b=0 prep=0.00s gpu=0.00s conv=0.00s add=0.00s train=0.00s
[t=3148.9s] rebel stream solves=172032 raw=60/s balanced=60/s debt=0 rows steps=672 horizon=0.00 games=0 over=0 card=0 drop=0 L=0.00000 L/var=0.00 tgt=+0.000/0.000 aux=0.0000/0.000 cfg/b=0 prep=0.00s gpu=0.00s conv=0.00s add=0.00s train=0.00s
[t=3158.9s] rebel stream solves=173056 raw=61/s balanced=61/s debt=0 rows steps=676 horizon=0.00 games=41 over=0 card=0 drop=0 L=0.01371 L/var=0.17 tgt=+0.029/0.282 aux=0.0003/1.000 cfg/b=23136 prep=0.05s gpu=0.00s conv=0.00s add=0.02s train=0.26s
[t=3168.9s] rebel stream solves=173056 raw=60/s balanced=60/s debt=0 rows steps=676 horizon=0.00 games=0 over=0 card=0 drop=0 L=0.00000 L/var=0.00 tgt=+0.000/0.000 aux=0.0000/0.000 cfg/b=0 prep=0.00s gpu=0.00s conv=0.00s add=0.00s train=0.00s
[t=3179.0s] rebel stream solves=174080 raw=60/s balanced=60/s debt=0 rows steps=680 horizon=0.00 games=37 over=0 card=0 drop=0 L=0.01453 L/var=0.21 tgt=+0.024/0.263 aux=0.0003/1.000 cfg/b=22494 prep=0.02s gpu=0.00s conv=0.00s add=0.03s train=0.25s
[t=3189.0s] rebel stream solves=174080 raw=60/s balanced=60/s debt=0 rows steps=680 horizon=0.00 games=0 over=0 card=0 drop=0 L=0.00000 L/var=0.00 tgt=+0.000/0.000 aux=0.0000/0.000 cfg/b=0 prep=0.00s gpu=0.00s conv=0.00s add=0.00s train=0.00s
[t=3199.0s] rebel stream solves=175104 raw=60/s balanced=60/s debt=0 rows steps=684 horizon=0.00 games=49 over=0 card=0 drop=0 L=0.01438 L/var=0.17 tgt=+0.021/0.288 aux=0.0003/1.000 cfg/b=23342 prep=0.02s gpu=0.00s conv=0.00s add=0.02s train=0.27s
[t=3209.0s] rebel stream solves=175104 raw=60/s balanced=60/s debt=0 rows steps=684 horizon=0.00 games=0 over=0 card=0 drop=0 L=0.00000 L/var=0.00 tgt=+0.000/0.000 aux=0.0000/0.000 cfg/b=0 prep=0.00s gpu=0.00s conv=0.00s add=0.00s train=0.00s
[t=3219.1s] rebel stream solves=176128 raw=60/s balanced=60/s debt=0 rows steps=688 horizon=0.00 games=26 over=0 card=0 drop=0 L=0.01443 L/var=0.22 tgt=+0.023/0.256 aux=0.0002/1.000 cfg/b=23298 prep=0.02s gpu=0.00s conv=0.00s add=0.03s train=0.27s
[t=3229.1s] rebel stream solves=176128 raw=60/s balanced=60/s debt=0 rows steps=688 horizon=0.00 games=0 over=0 card=0 drop=0 L=0.00000 L/var=0.00 tgt=+0.000/0.000 aux=0.0000/0.000 cfg/b=0 prep=0.00s gpu=0.00s conv=0.00s add=0.00s train=0.00s
[t=3239.1s] rebel stream solves=177152 raw=60/s balanced=60/s debt=0 rows steps=692 horizon=0.00 games=39 over=0 card=0 drop=0 L=0.01439 L/var=0.19 tgt=+0.018/0.274 aux=0.0002/1.000 cfg/b=21782 prep=0.02s gpu=0.00s conv=0.00s add=0.02s train=0.27s
[t=3249.1s] rebel stream solves=177152 raw=60/s balanced=60/s debt=0 rows steps=692 horizon=0.00 games=0 over=0 card=0 drop=0 L=0.00000 L/var=0.00 tgt=+0.000/0.000 aux=0.0000/0.000 cfg/b=0 prep=0.00s gpu=0.00s conv=0.00s add=0.00s train=0.00s
[t=3259.1s] rebel stream solves=178176 raw=60/s balanced=60/s debt=0 rows steps=696 horizon=0.00 games=40 over=0 card=0 drop=0 L=0.01493 L/var=0.18 tgt=+0.001/0.292 aux=0.0003/1.000 cfg/b=22379 prep=0.05s gpu=0.00s conv=0.00s add=0.03s train=0.31s
[t=3269.2s] rebel stream solves=178176 raw=60/s balanced=60/s debt=0 rows steps=696 horizon=0.00 games=0 over=0 card=0 drop=0 L=0.00000 L/var=0.00 tgt=+0.000/0.000 aux=0.0000/0.000 cfg/b=0 prep=0.00s gpu=0.00s conv=0.00s add=0.00s train=0.00s
[t=3279.2s] rebel stream solves=179200 raw=60/s balanced=60/s debt=0 rows steps=700 horizon=0.00 games=44 over=0 card=0 drop=0 L=0.01416 L/var=0.15 tgt=-0.005/0.305 aux=0.0004/1.000 cfg/b=22121 prep=0.02s gpu=0.00s conv=0.00s add=0.03s train=0.27s
[t=3289.2s] rebel stream solves=179200 raw=60/s balanced=60/s debt=0 rows steps=700 horizon=0.00 games=0 over=0 card=0 drop=0 L=0.00000 L/var=0.00 tgt=+0.000/0.000 aux=0.0000/0.000 cfg/b=0 prep=0.00s gpu=0.00s conv=0.00s add=0.00s train=0.00s
[t=3299.2s] rebel stream solves=180224 raw=60/s balanced=60/s debt=0 rows steps=704 horizon=0.00 games=45 over=0 card=0 drop=0 L=0.01349 L/var=0.15 tgt=+0.001/0.303 aux=0.0005/1.000 cfg/b=22660 prep=0.03s gpu=0.00s conv=0.00s add=0.02s train=0.28s
[t=3301.0s] --- snapshot snap_02.pt (s2) ---
[t=3309.3s] rebel stream solves=180224 raw=60/s balanced=60/s debt=0 rows steps=704 horizon=0.00 games=0 over=0 card=0 drop=0 L=0.00000 L/var=0.00 tgt=+0.000/0.000 aux=0.0000/0.000 cfg/b=0 prep=0.00s gpu=0.00s conv=0.00s add=0.00s train=0.00s
[t=3319.3s] rebel stream solves=181248 raw=60/s balanced=60/s debt=0 rows steps=708 horizon=0.00 games=46 over=0 card=0 drop=0 L=0.01418 L/var=0.15 tgt=-0.004/0.306 aux=0.0003/1.000 cfg/b=23245 prep=0.05s gpu=0.00s conv=0.00s add=0.03s train=0.31s
[t=3329.3s] rebel stream solves=181248 raw=60/s balanced=60/s debt=0 rows steps=708 horizon=0.00 games=0 over=0 card=0 drop=0 L=0.00000 L/var=0.00 tgt=+0.000/0.000 aux=0.0000/0.000 cfg/b=0 prep=0.00s gpu=0.00s conv=0.00s add=0.00s train=0.00s
[t=3339.3s] rebel stream solves=182272 raw=60/s balanced=60/s debt=0 rows steps=712 horizon=0.00 games=36 over=0 card=0 drop=0 L=0.01578 L/var=0.20 tgt=+0.014/0.283 aux=0.0002/1.000 cfg/b=22407 prep=0.03s gpu=0.00s conv=0.00s add=0.03s train=0.27s
[t=3349.3s] rebel stream solves=182272 raw=60/s balanced=60/s debt=0 rows steps=712 horizon=0.00 games=0 over=0 card=0 drop=0 L=0.00000 L/var=0.00 tgt=+0.000/0.000 aux=0.0000/0.000 cfg/b=0 prep=0.00s gpu=0.00s conv=0.00s add=0.00s train=0.00s
[t=3359.3s] rebel stream solves=183296 raw=60/s balanced=60/s debt=0 rows steps=716 horizon=0.00 games=39 over=0 card=0 drop=0 L=0.01375 L/var=0.18 tgt=+0.009/0.274 aux=0.0002/1.000 cfg/b=22956 prep=0.02s gpu=0.00s conv=0.00s add=0.03s train=0.27s
[t=3369.3s] rebel stream solves=183296 raw=60/s balanced=60/s debt=0 rows steps=716 horizon=0.00 games=0 over=0 card=0 drop=0 L=0.00000 L/var=0.00 tgt=+0.000/0.000 aux=0.0000/0.000 cfg/b=0 prep=0.00s gpu=0.00s conv=0.00s add=0.00s train=0.00s
[t=3379.4s] rebel stream solves=184320 raw=60/s balanced=60/s debt=0 rows steps=720 horizon=0.00 games=36 over=0 card=0 drop=0 L=0.01478 L/var=0.19 tgt=+0.010/0.277 aux=0.0003/1.000 cfg/b=22601 prep=0.03s gpu=0.00s conv=0.00s add=0.03s train=0.29s
[t=3389.4s] rebel stream solves=184320 raw=60/s balanced=60/s debt=0 rows steps=720 horizon=0.00 games=0 over=0 card=0 drop=0 L=0.00000 L/var=0.00 tgt=+0.000/0.000 aux=0.0000/0.000 cfg/b=0 prep=0.00s gpu=0.00s conv=0.00s add=0.00s train=0.00s
[t=3399.4s] rebel stream solves=185344 raw=60/s balanced=60/s debt=0 rows steps=724 horizon=0.00 games=43 over=0 card=0 drop=0 L=0.01303 L/var=0.14 tgt=-0.004/0.306 aux=0.0004/1.000 cfg/b=22540 prep=0.02s gpu=0.00s conv=0.00s add=0.03s train=0.27s
[t=3409.4s] rebel stream solves=185344 raw=60/s balanced=60/s debt=0 rows steps=724 horizon=0.00 games=0 over=0 card=0 drop=0 L=0.00000 L/var=0.00 tgt=+0.000/0.000 aux=0.0000/0.000 cfg/b=0 prep=0.00s gpu=0.00s conv=0.00s add=0.00s train=0.00s
[t=3419.5s] rebel stream solves=186368 raw=60/s balanced=60/s debt=0 rows steps=728 horizon=0.00 games=50 over=0 card=0 drop=0 L=0.01478 L/var=0.14 tgt=-0.002/0.330 aux=0.0004/1.000 cfg/b=23567 prep=0.03s gpu=0.00s conv=0.00s add=0.02s train=0.28s
[t=3429.5s] rebel stream solves=186368 raw=60/s balanced=60/s debt=0 rows steps=728 horizon=0.00 games=0 over=0 card=0 drop=0 L=0.00000 L/var=0.00 tgt=+0.000/0.000 aux=0.0000/0.000 cfg/b=0 prep=0.00s gpu=0.00s conv=0.00s add=0.00s train=0.00s
[t=3439.5s] rebel stream solves=187392 raw=60/s balanced=60/s debt=0 rows steps=732 horizon=0.00 games=34 over=0 card=0 drop=0 L=0.01615 L/var=0.18 tgt=+0.010/0.301 aux=0.0004/1.000 cfg/b=23952 prep=0.04s gpu=0.00s conv=0.00s add=0.02s train=0.30s
[t=3449.5s] rebel stream solves=187392 raw=60/s balanced=60/s debt=0 rows steps=732 horizon=0.00 games=0 over=0 card=0 drop=0 L=0.00000 L/var=0.00 tgt=+0.000/0.000 aux=0.0000/0.000 cfg/b=0 prep=0.00s gpu=0.00s conv=0.00s add=0.00s train=0.00s
[t=3459.5s] rebel stream solves=188416 raw=60/s balanced=60/s debt=0 rows steps=736 horizon=0.00 games=37 over=0 card=0 drop=0 L=0.01573 L/var=0.15 tgt=+0.002/0.325 aux=0.0003/1.000 cfg/b=23336 prep=0.02s gpu=0.00s conv=0.00s add=0.03s train=0.27s
[t=3469.6s] rebel stream solves=188416 raw=59/s balanced=59/s debt=0 rows steps=736 horizon=0.00 games=0 over=0 card=0 drop=0 L=0.00000 L/var=0.00 tgt=+0.000/0.000 aux=0.0000/0.000 cfg/b=0 prep=0.00s gpu=0.00s conv=0.00s add=0.00s train=0.00s
[t=3479.6s] rebel stream solves=189440 raw=60/s balanced=60/s debt=0 rows steps=740 horizon=0.00 games=28 over=0 card=0 drop=0 L=0.01586 L/var=0.19 tgt=+0.007/0.292 aux=0.0003/1.000 cfg/b=23342 prep=0.04s gpu=0.00s conv=0.00s add=0.02s train=0.29s
[t=3489.6s] rebel stream solves=189440 raw=59/s balanced=59/s debt=0 rows steps=740 horizon=0.00 games=0 over=0 card=0 drop=0 L=0.00000 L/var=0.00 tgt=+0.000/0.000 aux=0.0000/0.000 cfg/b=0 prep=0.00s gpu=0.00s conv=0.00s add=0.00s train=0.00s
[t=3499.6s] rebel stream solves=190464 raw=60/s balanced=60/s debt=0 rows steps=744 horizon=0.00 games=40 over=0 card=0 drop=0 L=0.01493 L/var=0.19 tgt=+0.027/0.280 aux=0.0003/1.000 cfg/b=22714 prep=0.03s gpu=0.00s conv=0.00s add=0.02s train=0.27s
[t=3509.6s] rebel stream solves=190464 raw=59/s balanced=59/s debt=0 rows steps=744 horizon=0.00 games=0 over=0 card=0 drop=0 L=0.00000 L/var=0.00 tgt=+0.000/0.000 aux=0.0000/0.000 cfg/b=0 prep=0.00s gpu=0.00s conv=0.00s add=0.00s train=0.00s
[t=3519.6s] rebel stream solves=191488 raw=59/s balanced=59/s debt=0 rows steps=748 horizon=0.00 games=46 over=0 card=0 drop=0 L=0.01592 L/var=0.22 tgt=+0.020/0.267 aux=0.0004/1.000 cfg/b=23499 prep=0.02s gpu=0.00s conv=0.00s add=0.03s train=0.27s
[t=3529.7s] rebel stream solves=191488 raw=59/s balanced=59/s debt=0 rows steps=748 horizon=0.00 games=0 over=0 card=0 drop=0 L=0.00000 L/var=0.00 tgt=+0.000/0.000 aux=0.0000/0.000 cfg/b=0 prep=0.00s gpu=0.00s conv=0.00s add=0.00s train=0.00s
[t=3539.7s] rebel stream solves=192512 raw=59/s balanced=59/s debt=0 rows steps=752 horizon=0.00 games=45 over=0 card=0 drop=0 L=0.01425 L/var=0.18 tgt=+0.020/0.284 aux=0.0004/1.000 cfg/b=23156 prep=0.02s gpu=0.00s conv=0.00s add=0.02s train=0.27s
[t=3549.7s] rebel stream solves=192512 raw=59/s balanced=59/s debt=0 rows steps=752 horizon=0.00 games=0 over=0 card=0 drop=0 L=0.00000 L/var=0.00 tgt=+0.000/0.000 aux=0.0000/0.000 cfg/b=0 prep=0.00s gpu=0.00s conv=0.00s add=0.00s train=0.00s
[t=3559.8s] rebel stream solves=193536 raw=59/s balanced=59/s debt=0 rows steps=756 horizon=0.00 games=36 over=0 card=0 drop=0 L=0.01407 L/var=0.18 tgt=+0.026/0.279 aux=0.0004/1.000 cfg/b=23069 prep=0.08s gpu=0.00s conv=0.00s add=0.03s train=0.32s
[t=3569.8s] rebel stream solves=193536 raw=59/s balanced=59/s debt=0 rows steps=756 horizon=0.00 games=0 over=0 card=0 drop=0 L=0.00000 L/var=0.00 tgt=+0.000/0.000 aux=0.0000/0.000 cfg/b=0 prep=0.00s gpu=0.00s conv=0.00s add=0.00s train=0.00s
[t=3579.8s] rebel stream solves=193536 raw=59/s balanced=59/s debt=0 rows steps=756 horizon=0.00 games=0 over=0 card=0 drop=0 L=0.00000 L/var=0.00 tgt=+0.000/0.000 aux=0.0000/0.000 cfg/b=0 prep=0.00s gpu=0.00s conv=0.00s add=0.00s train=0.00s
[t=3589.8s] rebel stream solves=194560 raw=59/s balanced=59/s debt=0 rows steps=760 horizon=0.00 games=45 over=0 card=0 drop=0 L=0.01442 L/var=0.18 tgt=+0.021/0.287 aux=0.0003/1.000 cfg/b=22469 prep=0.02s gpu=0.00s conv=0.00s add=0.03s train=0.28s
[t=3599.9s] rebel stream solves=195584 raw=59/s balanced=59/s debt=0 rows steps=764 horizon=0.03 games=31 over=0 card=0 drop=0 L=0.01572 L/var=0.19 tgt=-0.001/0.290 aux=0.0003/1.000 cfg/b=22436 prep=0.02s gpu=0.00s conv=0.00s add=0.03s train=0.26s
[t=3609.9s] rebel stream solves=195584 raw=59/s balanced=59/s debt=0 rows steps=764 horizon=0.00 games=0 over=0 card=0 drop=0 L=0.00000 L/var=0.00 tgt=+0.000/0.000 aux=0.0000/0.000 cfg/b=0 prep=0.00s gpu=0.00s conv=0.00s add=0.00s train=0.00s
[t=3620.7s] rebel stream solves=196608 raw=59/s balanced=59/s debt=0 rows steps=768 horizon=0.00 games=34 over=0 card=0 drop=0 L=0.01415 L/var=0.16 tgt=+0.010/0.297 aux=0.0003/1.000 cfg/b=22526 prep=0.03s gpu=0.00s conv=0.00s add=0.03s train=0.30s
[t=3630.8s] rebel stream solves=196608 raw=59/s balanced=59/s debt=0 rows steps=768 horizon=0.00 games=0 over=0 card=0 drop=0 L=0.00000 L/var=0.00 tgt=+0.000/0.000 aux=0.0000/0.000 cfg/b=0 prep=0.00s gpu=0.00s conv=0.00s add=0.00s train=0.00s
[t=3640.8s] rebel stream solves=197632 raw=59/s balanced=59/s debt=0 rows steps=772 horizon=0.00 games=33 over=0 card=0 drop=0 L=0.01526 L/var=0.16 tgt=-0.000/0.313 aux=0.0003/1.000 cfg/b=23329 prep=0.03s gpu=0.00s conv=0.00s add=0.03s train=0.29s
[t=3650.8s] rebel stream solves=197632 raw=59/s balanced=59/s debt=0 rows steps=772 horizon=0.00 games=0 over=0 card=0 drop=0 L=0.00000 L/var=0.00 tgt=+0.000/0.000 aux=0.0000/0.000 cfg/b=0 prep=0.00s gpu=0.00s conv=0.00s add=0.00s train=0.00s
[t=3660.8s] rebel stream solves=198656 raw=59/s balanced=59/s debt=0 rows steps=776 horizon=0.00 games=41 over=0 card=0 drop=0 L=0.01448 L/var=0.17 tgt=+0.002/0.295 aux=0.0003/1.000 cfg/b=21959 prep=0.02s gpu=0.00s conv=0.00s add=0.03s train=0.28s
[t=3670.9s] rebel stream solves=198656 raw=59/s balanced=59/s debt=0 rows steps=776 horizon=0.00 games=0 over=0 card=0 drop=0 L=0.00000 L/var=0.00 tgt=+0.000/0.000 aux=0.0000/0.000 cfg/b=0 prep=0.00s gpu=0.00s conv=0.00s add=0.00s train=0.00s
[t=3680.9s] rebel stream solves=198656 raw=59/s balanced=59/s debt=0 rows steps=776 horizon=0.00 games=0 over=0 card=0 drop=0 L=0.00000 L/var=0.00 tgt=+0.000/0.000 aux=0.0000/0.000 cfg/b=0 prep=0.00s gpu=0.00s conv=0.00s add=0.00s train=0.00s
[t=3690.9s] rebel stream solves=199680 raw=59/s balanced=59/s debt=0 rows steps=780 horizon=0.00 games=51 over=0 card=0 drop=0 L=0.01388 L/var=0.16 tgt=+0.001/0.297 aux=0.0004/1.000 cfg/b=22851 prep=0.02s gpu=0.00s conv=0.00s add=0.02s train=0.28s
[t=3700.9s] rebel stream solves=199680 raw=59/s balanced=59/s debt=0 rows steps=780 horizon=0.00 games=0 over=0 card=0 drop=0 L=0.00000 L/var=0.00 tgt=+0.000/0.000 aux=0.0000/0.000 cfg/b=0 prep=0.00s gpu=0.00s conv=0.00s add=0.00s train=0.00s
[t=3710.9s] rebel stream solves=200704 raw=59/s balanced=59/s debt=0 rows steps=784 horizon=0.00 games=33 over=0 card=0 drop=0 L=0.01641 L/var=0.19 tgt=+0.019/0.295 aux=0.0004/1.000 cfg/b=21920 prep=0.04s gpu=0.00s conv=0.00s add=0.03s train=0.29s
[t=3721.0s] rebel stream solves=200704 raw=59/s balanced=59/s debt=0 rows steps=784 horizon=0.00 games=0 over=0 card=0 drop=0 L=0.00000 L/var=0.00 tgt=+0.000/0.000 aux=0.0000/0.000 cfg/b=0 prep=0.00s gpu=0.00s conv=0.00s add=0.00s train=0.00s
[t=3731.0s] rebel stream solves=201728 raw=59/s balanced=59/s debt=0 rows steps=788 horizon=0.00 games=43 over=0 card=0 drop=0 L=0.01413 L/var=0.17 tgt=+0.017/0.286 aux=0.0003/1.000 cfg/b=22375 prep=0.04s gpu=0.00s conv=0.00s add=0.03s train=0.27s
[t=3741.0s] rebel stream solves=201728 raw=59/s balanced=59/s debt=0 rows steps=788 horizon=0.00 games=0 over=0 card=0 drop=0 L=0.00000 L/var=0.00 tgt=+0.000/0.000 aux=0.0000/0.000 cfg/b=0 prep=0.00s gpu=0.00s conv=0.00s add=0.00s train=0.00s
[t=3751.0s] rebel stream solves=202752 raw=59/s balanced=59/s debt=0 rows steps=792 horizon=0.00 games=33 over=0 card=0 drop=0 L=0.01516 L/var=0.22 tgt=+0.009/0.262 aux=0.0003/1.000 cfg/b=23077 prep=0.04s gpu=0.00s conv=0.00s add=0.04s train=0.25s
[t=3761.1s] rebel stream solves=202752 raw=59/s balanced=59/s debt=0 rows steps=792 horizon=0.00 games=0 over=0 card=0 drop=0 L=0.00000 L/var=0.00 tgt=+0.000/0.000 aux=0.0000/0.000 cfg/b=0 prep=0.00s gpu=0.00s conv=0.00s add=0.00s train=0.00s
[t=3771.1s] rebel stream solves=203776 raw=59/s balanced=59/s debt=0 rows steps=796 horizon=0.00 games=36 over=0 card=0 drop=0 L=0.01543 L/var=0.17 tgt=+0.021/0.301 aux=0.0003/1.000 cfg/b=22316 prep=0.02s gpu=0.00s conv=0.00s add=0.03s train=0.26s
[t=3781.1s] rebel stream solves=203776 raw=59/s balanced=59/s debt=0 rows steps=796 horizon=0.00 games=0 over=0 card=0 drop=0 L=0.00000 L/var=0.00 tgt=+0.000/0.000 aux=0.0000/0.000 cfg/b=0 prep=0.00s gpu=0.00s conv=0.00s add=0.00s train=0.00s
[t=3791.1s] rebel stream solves=204800 raw=59/s balanced=59/s debt=0 rows steps=800 horizon=0.00 games=37 over=0 card=0 drop=0 L=0.01337 L/var=0.15 tgt=+0.013/0.300 aux=0.0003/1.000 cfg/b=24108 prep=0.02s gpu=0.00s conv=0.00s add=0.02s train=0.27s
[t=3801.1s] rebel stream solves=204800 raw=59/s balanced=59/s debt=0 rows steps=800 horizon=0.00 games=0 over=0 card=0 drop=0 L=0.00000 L/var=0.00 tgt=+0.000/0.000 aux=0.0000/0.000 cfg/b=0 prep=0.00s gpu=0.00s conv=0.00s add=0.00s train=0.00s
[t=3811.2s] rebel stream solves=205824 raw=59/s balanced=59/s debt=0 rows steps=804 horizon=0.00 games=39 over=0 card=0 drop=0 L=0.01397 L/var=0.15 tgt=+0.013/0.309 aux=0.0003/1.000 cfg/b=23316 prep=0.03s gpu=0.00s conv=0.00s add=0.02s train=0.27s
[t=3821.2s] rebel stream solves=205824 raw=58/s balanced=58/s debt=0 rows steps=804 horizon=0.00 games=0 over=0 card=0 drop=0 L=0.00000 L/var=0.00 tgt=+0.000/0.000 aux=0.0000/0.000 cfg/b=0 prep=0.00s gpu=0.00s conv=0.00s add=0.00s train=0.00s
[t=3831.2s] rebel stream solves=206848 raw=59/s balanced=59/s debt=0 rows steps=808 horizon=0.00 games=35 over=0 card=0 drop=0 L=0.01766 L/var=0.16 tgt=+0.004/0.334 aux=0.0003/1.000 cfg/b=23898 prep=0.03s gpu=0.00s conv=0.00s add=0.02s train=0.29s
[t=3841.2s] rebel stream solves=206848 raw=58/s balanced=58/s debt=0 rows steps=808 horizon=0.00 games=0 over=0 card=0 drop=0 L=0.00000 L/var=0.00 tgt=+0.000/0.000 aux=0.0000/0.000 cfg/b=0 prep=0.00s gpu=0.00s conv=0.00s add=0.00s train=0.00s
[t=3851.2s] rebel stream solves=207872 raw=59/s balanced=59/s debt=0 rows steps=812 horizon=0.00 games=40 over=0 card=0 drop=0 L=0.01505 L/var=0.16 tgt=+0.015/0.309 aux=0.0003/1.000 cfg/b=22750 prep=0.03s gpu=0.00s conv=0.00s add=0.03s train=0.27s
[t=3861.3s] rebel stream solves=207872 raw=58/s balanced=58/s debt=0 rows steps=812 horizon=0.00 games=0 over=0 card=0 drop=0 L=0.00000 L/var=0.00 tgt=+0.000/0.000 aux=0.0000/0.000 cfg/b=0 prep=0.00s gpu=0.00s conv=0.00s add=0.00s train=0.00s
[t=3871.3s] rebel stream solves=208896 raw=59/s balanced=59/s debt=0 rows steps=816 horizon=0.00 games=41 over=0 card=0 drop=0 L=0.01548 L/var=0.14 tgt=+0.028/0.338 aux=0.0003/1.000 cfg/b=22992 prep=0.03s gpu=0.00s conv=0.00s add=0.03s train=0.27s
[t=3881.3s] rebel stream solves=208896 raw=58/s balanced=58/s debt=0 rows steps=816 horizon=0.00 games=0 over=0 card=0 drop=0 L=0.00000 L/var=0.00 tgt=+0.000/0.000 aux=0.0000/0.000 cfg/b=0 prep=0.00s gpu=0.00s conv=0.00s add=0.00s train=0.00s
[t=3891.3s] rebel stream solves=208896 raw=58/s balanced=58/s debt=0 rows steps=816 horizon=0.00 games=0 over=0 card=0 drop=0 L=0.00000 L/var=0.00 tgt=+0.000/0.000 aux=0.0000/0.000 cfg/b=0 prep=0.00s gpu=0.00s conv=0.00s add=0.00s train=0.00s
[t=3901.3s] rebel stream solves=209920 raw=58/s balanced=58/s debt=0 rows steps=820 horizon=0.00 games=40 over=0 card=0 drop=0 L=0.01550 L/var=0.16 tgt=+0.016/0.307 aux=0.0003/1.000 cfg/b=23382 prep=0.02s gpu=0.00s conv=0.00s add=0.02s train=0.26s
[t=3911.4s] rebel stream solves=209920 raw=58/s balanced=58/s debt=0 rows steps=820 horizon=0.00 games=0 over=0 card=0 drop=0 L=0.00000 L/var=0.00 tgt=+0.000/0.000 aux=0.0000/0.000 cfg/b=0 prep=0.00s gpu=0.00s conv=0.00s add=0.00s train=0.00s
[t=3921.4s] rebel stream solves=210944 raw=58/s balanced=58/s debt=0 rows steps=824 horizon=0.00 games=39 over=0 card=0 drop=0 L=0.01458 L/var=0.15 tgt=+0.002/0.317 aux=0.0003/1.000 cfg/b=23684 prep=0.02s gpu=0.00s conv=0.00s add=0.03s train=0.27s
[t=3931.4s] rebel stream solves=210944 raw=58/s balanced=58/s debt=0 rows steps=824 horizon=0.00 games=0 over=0 card=0 drop=0 L=0.00000 L/var=0.00 tgt=+0.000/0.000 aux=0.0000/0.000 cfg/b=0 prep=0.00s gpu=0.00s conv=0.00s add=0.00s train=0.00s
[t=3941.4s] rebel stream solves=211968 raw=58/s balanced=58/s debt=0 rows steps=828 horizon=0.00 games=38 over=0 card=0 drop=0 L=0.01533 L/var=0.17 tgt=+0.004/0.303 aux=0.0004/1.000 cfg/b=23562 prep=0.03s gpu=0.00s conv=0.00s add=0.03s train=0.29s
[t=3951.5s] rebel stream solves=211968 raw=58/s balanced=58/s debt=0 rows steps=828 horizon=0.00 games=0 over=0 card=0 drop=0 L=0.00000 L/var=0.00 tgt=+0.000/0.000 aux=0.0000/0.000 cfg/b=0 prep=0.00s gpu=0.00s conv=0.00s add=0.00s train=0.00s
[t=3961.5s] rebel stream solves=212992 raw=58/s balanced=58/s debt=0 rows steps=832 horizon=0.00 games=36 over=0 card=0 drop=0 L=0.01613 L/var=0.15 tgt=-0.016/0.333 aux=0.0004/1.000 cfg/b=24325 prep=0.03s gpu=0.00s conv=0.00s add=0.03s train=0.26s
[t=3971.5s] rebel stream solves=212992 raw=58/s balanced=58/s debt=0 rows steps=832 horizon=0.00 games=0 over=0 card=0 drop=0 L=0.00000 L/var=0.00 tgt=+0.000/0.000 aux=0.0000/0.000 cfg/b=0 prep=0.00s gpu=0.00s conv=0.00s add=0.00s train=0.00s
[t=3981.6s] rebel stream solves=214016 raw=58/s balanced=58/s debt=0 rows steps=836 horizon=0.00 games=42 over=0 card=0 drop=0 L=0.01495 L/var=0.16 tgt=+0.008/0.305 aux=0.0003/1.000 cfg/b=23833 prep=0.04s gpu=0.00s conv=0.00s add=0.02s train=0.28s
[t=3991.6s] rebel stream solves=214016 raw=58/s balanced=58/s debt=0 rows steps=836 horizon=0.00 games=0 over=0 card=0 drop=0 L=0.00000 L/var=0.00 tgt=+0.000/0.000 aux=0.0000/0.000 cfg/b=0 prep=0.00s gpu=0.00s conv=0.00s add=0.00s train=0.00s
[t=4001.7s] rebel stream solves=215040 raw=58/s balanced=58/s debt=0 rows steps=840 horizon=0.00 games=34 over=0 card=0 drop=0 L=0.01609 L/var=0.19 tgt=+0.021/0.292 aux=0.0003/1.000 cfg/b=23690 prep=0.02s gpu=0.00s conv=0.00s add=0.02s train=0.26s
[t=4011.7s] rebel stream solves=215040 raw=58/s balanced=58/s debt=0 rows steps=840 horizon=0.00 games=0 over=0 card=0 drop=0 L=0.00000 L/var=0.00 tgt=+0.000/0.000 aux=0.0000/0.000 cfg/b=0 prep=0.00s gpu=0.00s conv=0.00s add=0.00s train=0.00s
[t=4021.7s] rebel stream solves=216064 raw=58/s balanced=58/s debt=0 rows steps=844 horizon=0.00 games=33 over=0 card=0 drop=0 L=0.01673 L/var=0.19 tgt=+0.021/0.295 aux=0.0003/1.000 cfg/b=23331 prep=0.03s gpu=0.00s conv=0.00s add=0.03s train=0.26s
[t=4031.7s] rebel stream solves=216064 raw=58/s balanced=58/s debt=0 rows steps=844 horizon=0.00 games=0 over=0 card=0 drop=0 L=0.00000 L/var=0.00 tgt=+0.000/0.000 aux=0.0000/0.000 cfg/b=0 prep=0.00s gpu=0.00s conv=0.00s add=0.00s train=0.00s
[t=4041.7s] rebel stream solves=217088 raw=58/s balanced=58/s debt=0 rows steps=848 horizon=0.00 games=34 over=0 card=0 drop=0 L=0.01540 L/var=0.16 tgt=+0.024/0.313 aux=0.0004/1.000 cfg/b=22770 prep=0.02s gpu=0.00s conv=0.00s add=0.03s train=0.25s
[t=4051.7s] rebel stream solves=217088 raw=58/s balanced=58/s debt=0 rows steps=848 horizon=0.00 games=0 over=0 card=0 drop=0 L=0.00000 L/var=0.00 tgt=+0.000/0.000 aux=0.0000/0.000 cfg/b=0 prep=0.00s gpu=0.00s conv=0.00s add=0.00s train=0.00s
[t=4061.8s] rebel stream solves=218112 raw=58/s balanced=58/s debt=0 rows steps=852 horizon=0.00 games=47 over=0 card=0 drop=0 L=0.01714 L/var=0.16 tgt=+0.015/0.327 aux=0.0004/1.000 cfg/b=23444 prep=0.02s gpu=0.00s conv=0.00s add=0.03s train=0.29s
[t=4071.8s] rebel stream solves=218112 raw=58/s balanced=58/s debt=0 rows steps=852 horizon=0.00 games=0 over=0 card=0 drop=0 L=0.00000 L/var=0.00 tgt=+0.000/0.000 aux=0.0000/0.000 cfg/b=0 prep=0.00s gpu=0.00s conv=0.00s add=0.00s train=0.00s
[t=4081.8s] rebel stream solves=219136 raw=58/s balanced=58/s debt=0 rows steps=856 horizon=0.00 games=24 over=0 card=0 drop=0 L=0.01559 L/var=0.16 tgt=+0.014/0.310 aux=0.0003/1.000 cfg/b=24360 prep=0.03s gpu=0.00s conv=0.00s add=0.02s train=0.30s
[t=4091.9s] rebel stream solves=219136 raw=58/s balanced=58/s debt=0 rows steps=856 horizon=0.00 games=0 over=0 card=0 drop=0 L=0.00000 L/var=0.00 tgt=+0.000/0.000 aux=0.0000/0.000 cfg/b=0 prep=0.00s gpu=0.00s conv=0.00s add=0.00s train=0.00s
[t=4101.9s] rebel stream solves=219136 raw=58/s balanced=58/s debt=0 rows steps=856 horizon=0.00 games=0 over=0 card=0 drop=0 L=0.00000 L/var=0.00 tgt=+0.000/0.000 aux=0.0000/0.000 cfg/b=0 prep=0.00s gpu=0.00s conv=0.00s add=0.00s train=0.00s
[t=4111.9s] rebel stream solves=220160 raw=58/s balanced=58/s debt=0 rows steps=860 horizon=0.00 games=43 over=0 card=0 drop=0 L=0.01615 L/var=0.17 tgt=+0.011/0.312 aux=0.0003/1.000 cfg/b=23868 prep=0.02s gpu=0.00s conv=0.00s add=0.03s train=0.26s
[t=4121.9s] rebel stream solves=220160 raw=58/s balanced=58/s debt=0 rows steps=860 horizon=0.00 games=0 over=0 card=0 drop=0 L=0.00000 L/var=0.00 tgt=+0.000/0.000 aux=0.0000/0.000 cfg/b=0 prep=0.00s gpu=0.00s conv=0.00s add=0.00s train=0.00s
[t=4132.0s] rebel stream solves=221184 raw=58/s balanced=58/s debt=0 rows steps=864 horizon=0.00 games=41 over=0 card=0 drop=0 L=0.01569 L/var=0.16 tgt=+0.009/0.314 aux=0.0003/1.000 cfg/b=22796 prep=0.02s gpu=0.00s conv=0.00s add=0.03s train=0.25s
[t=4142.0s] rebel stream solves=221184 raw=58/s balanced=58/s debt=0 rows steps=864 horizon=0.00 games=0 over=0 card=0 drop=0 L=0.00000 L/var=0.00 tgt=+0.000/0.000 aux=0.0000/0.000 cfg/b=0 prep=0.00s gpu=0.00s conv=0.00s add=0.00s train=0.00s
[t=4152.0s] rebel stream solves=222208 raw=58/s balanced=58/s debt=0 rows steps=868 horizon=0.00 games=45 over=0 card=0 drop=0 L=0.01593 L/var=0.15 tgt=-0.008/0.328 aux=0.0003/1.000 cfg/b=22950 prep=0.03s gpu=0.00s conv=0.00s add=0.04s train=0.25s
[t=4162.0s] rebel stream solves=222208 raw=58/s balanced=58/s debt=0 rows steps=868 horizon=0.00 games=0 over=0 card=0 drop=0 L=0.00000 L/var=0.00 tgt=+0.000/0.000 aux=0.0000/0.000 cfg/b=0 prep=0.00s gpu=0.00s conv=0.00s add=0.00s train=0.00s
[t=4172.0s] rebel stream solves=223232 raw=58/s balanced=58/s debt=0 rows steps=872 horizon=0.00 games=48 over=0 card=0 drop=0 L=0.01553 L/var=0.14 tgt=+0.004/0.328 aux=0.0003/1.000 cfg/b=23711 prep=0.03s gpu=0.00s conv=0.00s add=0.03s train=0.26s
[t=4182.1s] rebel stream solves=223232 raw=58/s balanced=58/s debt=0 rows steps=872 horizon=0.00 games=0 over=0 card=0 drop=0 L=0.00000 L/var=0.00 tgt=+0.000/0.000 aux=0.0000/0.000 cfg/b=0 prep=0.00s gpu=0.00s conv=0.00s add=0.00s train=0.00s
[t=4192.1s] rebel stream solves=224256 raw=58/s balanced=58/s debt=0 rows steps=876 horizon=0.00 games=35 over=0 card=0 drop=0 L=0.01609 L/var=0.16 tgt=+0.032/0.313 aux=0.0004/1.000 cfg/b=23578 prep=0.02s gpu=0.00s conv=0.00s add=0.03s train=0.29s
[t=4202.1s] rebel stream solves=224256 raw=57/s balanced=57/s debt=0 rows steps=876 horizon=0.00 games=0 over=0 card=0 drop=0 L=0.00000 L/var=0.00 tgt=+0.000/0.000 aux=0.0000/0.000 cfg/b=0 prep=0.00s gpu=0.00s conv=0.00s add=0.00s train=0.00s
[t=4212.2s] rebel stream solves=224256 raw=57/s balanced=57/s debt=0 rows steps=876 horizon=0.00 games=0 over=0 card=0 drop=0 L=0.00000 L/var=0.00 tgt=+0.000/0.000 aux=0.0000/0.000 cfg/b=0 prep=0.00s gpu=0.00s conv=0.00s add=0.00s train=0.00s
[t=4222.2s] rebel stream solves=225280 raw=57/s balanced=57/s debt=0 rows steps=880 horizon=0.00 games=27 over=0 card=0 drop=0 L=0.01607 L/var=0.16 tgt=+0.008/0.313 aux=0.0003/1.000 cfg/b=24052 prep=0.03s gpu=0.00s conv=0.00s add=0.02s train=0.28s
[t=4232.2s] rebel stream solves=225280 raw=57/s balanced=57/s debt=0 rows steps=880 horizon=0.00 games=0 over=0 card=0 drop=0 L=0.00000 L/var=0.00 tgt=+0.000/0.000 aux=0.0000/0.000 cfg/b=0 prep=0.00s gpu=0.00s conv=0.00s add=0.00s train=0.00s
[t=4242.3s] rebel stream solves=226304 raw=57/s balanced=57/s debt=0 rows steps=884 horizon=0.00 games=45 over=0 card=0 drop=0 L=0.01493 L/var=0.13 tgt=+0.002/0.339 aux=0.0003/1.000 cfg/b=23800 prep=0.03s gpu=0.00s conv=0.00s add=0.02s train=0.28s
[t=4252.3s] rebel stream solves=226304 raw=57/s balanced=57/s debt=0 rows steps=884 horizon=0.00 games=0 over=0 card=0 drop=0 L=0.00000 L/var=0.00 tgt=+0.000/0.000 aux=0.0000/0.000 cfg/b=0 prep=0.00s gpu=0.00s conv=0.00s add=0.00s train=0.00s
[t=4262.3s] rebel stream solves=227328 raw=57/s balanced=57/s debt=0 rows steps=888 horizon=0.00 games=43 over=0 card=0 drop=0 L=0.01628 L/var=0.16 tgt=+0.012/0.323 aux=0.0003/1.000 cfg/b=23962 prep=0.04s gpu=0.00s conv=0.00s add=0.02s train=0.31s
[t=4272.4s] rebel stream solves=227328 raw=57/s balanced=57/s debt=0 rows steps=888 horizon=0.00 games=0 over=0 card=0 drop=0 L=0.00000 L/var=0.00 tgt=+0.000/0.000 aux=0.0000/0.000 cfg/b=0 prep=0.00s gpu=0.00s conv=0.00s add=0.00s train=0.00s
[t=4282.4s] rebel stream solves=228352 raw=57/s balanced=57/s debt=0 rows steps=892 horizon=0.00 games=42 over=0 card=0 drop=0 L=0.01605 L/var=0.15 tgt=+0.004/0.329 aux=0.0003/1.000 cfg/b=25232 prep=0.03s gpu=0.00s conv=0.00s add=0.04s train=0.25s
[t=4292.4s] rebel stream solves=228352 raw=57/s balanced=57/s debt=0 rows steps=892 horizon=0.00 games=0 over=0 card=0 drop=0 L=0.00000 L/var=0.00 tgt=+0.000/0.000 aux=0.0000/0.000 cfg/b=0 prep=0.00s gpu=0.00s conv=0.00s add=0.00s train=0.00s
[t=4302.4s] rebel stream solves=228352 raw=57/s balanced=57/s debt=0 rows steps=892 horizon=0.00 games=0 over=0 card=0 drop=0 L=0.00000 L/var=0.00 tgt=+0.000/0.000 aux=0.0000/0.000 cfg/b=0 prep=0.00s gpu=0.00s conv=0.00s add=0.00s train=0.00s
[t=4312.5s] rebel stream solves=229376 raw=57/s balanced=57/s debt=0 rows steps=896 horizon=0.00 games=37 over=0 card=0 drop=0 L=0.01720 L/var=0.14 tgt=-0.026/0.349 aux=0.0003/1.000 cfg/b=23576 prep=0.02s gpu=0.00s conv=0.00s add=0.02s train=0.26s
[t=4322.5s] rebel stream solves=229376 raw=57/s balanced=57/s debt=0 rows steps=896 horizon=0.00 games=0 over=0 card=0 drop=0 L=0.00000 L/var=0.00 tgt=+0.000/0.000 aux=0.0000/0.000 cfg/b=0 prep=0.00s gpu=0.00s conv=0.00s add=0.00s train=0.00s
[t=4332.5s] rebel stream solves=230400 raw=57/s balanced=57/s debt=0 rows steps=900 horizon=0.00 games=42 over=0 card=0 drop=0 L=0.01579 L/var=0.14 tgt=-0.003/0.332 aux=0.0003/1.000 cfg/b=23637 prep=0.03s gpu=0.00s conv=0.00s add=0.04s train=0.26s
[t=4342.5s] rebel stream solves=230400 raw=57/s balanced=57/s debt=0 rows steps=900 horizon=0.00 games=0 over=0 card=0 drop=0 L=0.00000 L/var=0.00 tgt=+0.000/0.000 aux=0.0000/0.000 cfg/b=0 prep=0.00s gpu=0.00s conv=0.00s add=0.00s train=0.00s
[t=4352.6s] rebel stream solves=231424 raw=57/s balanced=57/s debt=0 rows steps=904 horizon=0.00 games=49 over=0 card=0 drop=0 L=0.01621 L/var=0.15 tgt=+0.032/0.334 aux=0.0004/1.000 cfg/b=23914 prep=0.03s gpu=0.00s conv=0.00s add=0.03s train=0.29s
[t=4362.6s] rebel stream solves=231424 raw=57/s balanced=57/s debt=0 rows steps=904 horizon=0.00 games=0 over=0 card=0 drop=0 L=0.00000 L/var=0.00 tgt=+0.000/0.000 aux=0.0000/0.000 cfg/b=0 prep=0.00s gpu=0.00s conv=0.00s add=0.00s train=0.00s
[t=4372.6s] rebel stream solves=232448 raw=57/s balanced=57/s debt=0 rows steps=908 horizon=0.00 games=35 over=0 card=0 drop=0 L=0.01669 L/var=0.16 tgt=+0.027/0.326 aux=0.0004/1.000 cfg/b=24700 prep=0.02s gpu=0.00s conv=0.00s add=0.03s train=0.26s
[t=4382.7s] rebel stream solves=232448 raw=57/s balanced=57/s debt=0 rows steps=908 horizon=0.00 games=0 over=0 card=0 drop=0 L=0.00000 L/var=0.00 tgt=+0.000/0.000 aux=0.0000/0.000 cfg/b=0 prep=0.00s gpu=0.00s conv=0.00s add=0.00s train=0.00s
[t=4392.7s] rebel stream solves=233472 raw=57/s balanced=57/s debt=0 rows steps=912 horizon=0.03 games=35 over=0 card=0 drop=0 L=0.01522 L/var=0.14 tgt=+0.019/0.325 aux=0.0004/1.000 cfg/b=23954 prep=0.02s gpu=0.00s conv=0.00s add=0.03s train=0.29s
[t=4402.7s] rebel stream solves=233472 raw=57/s balanced=57/s debt=0 rows steps=912 horizon=0.00 games=0 over=0 card=0 drop=0 L=0.00000 L/var=0.00 tgt=+0.000/0.000 aux=0.0000/0.000 cfg/b=0 prep=0.00s gpu=0.00s conv=0.00s add=0.00s train=0.00s
[t=4412.8s] rebel stream solves=234496 raw=57/s balanced=57/s debt=0 rows steps=916 horizon=0.00 games=40 over=0 card=0 drop=0 L=0.01531 L/var=0.10 tgt=-0.036/0.383 aux=0.0005/1.000 cfg/b=23098 prep=0.03s gpu=0.00s conv=0.00s add=0.03s train=0.29s
[t=4422.8s] rebel stream solves=234496 raw=57/s balanced=57/s debt=0 rows steps=916 horizon=0.00 games=0 over=0 card=0 drop=0 L=0.00000 L/var=0.00 tgt=+0.000/0.000 aux=0.0000/0.000 cfg/b=0 prep=0.00s gpu=0.00s conv=0.00s add=0.00s train=0.00s
[t=4432.8s] rebel stream solves=235520 raw=57/s balanced=57/s debt=0 rows steps=920 horizon=0.00 games=44 over=0 card=0 drop=0 L=0.01744 L/var=0.18 tgt=-0.036/0.311 aux=0.0003/1.000 cfg/b=24530 prep=0.03s gpu=0.00s conv=0.00s add=0.03s train=0.27s
[t=4442.9s] rebel stream solves=235520 raw=57/s balanced=57/s debt=0 rows steps=920 horizon=0.00 games=0 over=0 card=0 drop=0 L=0.00000 L/var=0.00 tgt=+0.000/0.000 aux=0.0000/0.000 cfg/b=0 prep=0.00s gpu=0.00s conv=0.00s add=0.00s train=0.00s
[t=4452.9s] rebel stream solves=236544 raw=57/s balanced=57/s debt=0 rows steps=924 horizon=0.00 games=42 over=0 card=0 drop=0 L=0.01606 L/var=0.14 tgt=-0.046/0.334 aux=0.0004/1.000 cfg/b=24104 prep=0.02s gpu=0.00s conv=0.00s add=0.03s train=0.26s
[t=4462.9s] rebel stream solves=236544 raw=57/s balanced=57/s debt=0 rows steps=924 horizon=0.00 games=0 over=0 card=0 drop=0 L=0.00000 L/var=0.00 tgt=+0.000/0.000 aux=0.0000/0.000 cfg/b=0 prep=0.00s gpu=0.00s conv=0.00s add=0.00s train=0.00s
[t=4472.9s] rebel stream solves=236544 raw=57/s balanced=57/s debt=0 rows steps=924 horizon=0.00 games=0 over=0 card=0 drop=0 L=0.00000 L/var=0.00 tgt=+0.000/0.000 aux=0.0000/0.000 cfg/b=0 prep=0.00s gpu=0.00s conv=0.00s add=0.00s train=0.00s
[t=4483.0s] rebel stream solves=237568 raw=57/s balanced=57/s debt=0 rows steps=928 horizon=0.00 games=30 over=0 card=0 drop=0 L=0.01517 L/var=0.17 tgt=-0.016/0.296 aux=0.0003/1.000 cfg/b=23536 prep=0.16s gpu=0.00s conv=0.00s add=0.03s train=0.42s
[t=4493.0s] rebel stream solves=237568 raw=57/s balanced=57/s debt=0 rows steps=928 horizon=0.00 games=0 over=0 card=0 drop=0 L=0.00000 L/var=0.00 tgt=+0.000/0.000 aux=0.0000/0.000 cfg/b=0 prep=0.00s gpu=0.00s conv=0.00s add=0.00s train=0.00s
[t=4503.0s] rebel stream solves=238592 raw=57/s balanced=57/s debt=0 rows steps=932 horizon=0.02 games=47 over=0 card=0 drop=0 L=0.01554 L/var=0.17 tgt=-0.025/0.301 aux=0.0003/1.000 cfg/b=25129 prep=0.04s gpu=0.00s conv=0.00s add=0.03s train=0.27s
[t=4513.1s] rebel stream solves=238592 raw=57/s balanced=57/s debt=0 rows steps=932 horizon=0.00 games=0 over=0 card=0 drop=0 L=0.00000 L/var=0.00 tgt=+0.000/0.000 aux=0.0000/0.000 cfg/b=0 prep=0.00s gpu=0.00s conv=0.00s add=0.00s train=0.00s
[t=4523.1s] rebel stream solves=239616 raw=57/s balanced=57/s debt=0 rows steps=936 horizon=0.00 games=33 over=0 card=0 drop=0 L=0.01664 L/var=0.20 tgt=+0.006/0.288 aux=0.0003/1.000 cfg/b=24728 prep=0.06s gpu=0.00s conv=0.00s add=0.03s train=0.32s
[t=4533.1s] rebel stream solves=239616 raw=57/s balanced=57/s debt=0 rows steps=936 horizon=0.00 games=0 over=0 card=0 drop=0 L=0.00000 L/var=0.00 tgt=+0.000/0.000 aux=0.0000/0.000 cfg/b=0 prep=0.00s gpu=0.00s conv=0.00s add=0.00s train=0.00s
[t=4543.2s] rebel stream solves=239616 raw=56/s balanced=56/s debt=0 rows steps=936 horizon=0.00 games=0 over=0 card=0 drop=0 L=0.00000 L/var=0.00 tgt=+0.000/0.000 aux=0.0000/0.000 cfg/b=0 prep=0.00s gpu=0.00s conv=0.00s add=0.00s train=0.00s
[t=4553.2s] rebel stream solves=240640 raw=57/s balanced=57/s debt=0 rows steps=940 horizon=0.00 games=30 over=0 card=0 drop=0 L=0.01620 L/var=0.16 tgt=+0.015/0.315 aux=0.0003/1.000 cfg/b=23513 prep=0.02s gpu=0.00s conv=0.00s add=0.02s train=0.27s
[t=4563.2s] rebel stream solves=240640 raw=56/s balanced=56/s debt=0 rows steps=940 horizon=0.00 games=0 over=0 card=0 drop=0 L=0.00000 L/var=0.00 tgt=+0.000/0.000 aux=0.0000/0.000 cfg/b=0 prep=0.00s gpu=0.00s conv=0.00s add=0.00s train=0.00s
[t=4573.2s] rebel stream solves=241664 raw=57/s balanced=57/s debt=0 rows steps=944 horizon=0.00 games=39 over=0 card=0 drop=0 L=0.01543 L/var=0.13 tgt=+0.003/0.347 aux=0.0003/1.000 cfg/b=24546 prep=0.04s gpu=0.00s conv=0.00s add=0.03s train=0.27s
[t=4583.2s] rebel stream solves=241664 raw=56/s balanced=56/s debt=0 rows steps=944 horizon=0.00 games=0 over=0 card=0 drop=0 L=0.00000 L/var=0.00 tgt=+0.000/0.000 aux=0.0000/0.000 cfg/b=0 prep=0.00s gpu=0.00s conv=0.00s add=0.00s train=0.00s
[t=4593.5s] rebel stream solves=242688 raw=57/s balanced=57/s debt=0 rows steps=948 horizon=0.00 games=50 over=0 card=0 drop=0 L=0.01512 L/var=0.15 tgt=+0.022/0.313 aux=0.0003/1.000 cfg/b=24966 prep=0.03s gpu=0.00s conv=0.00s add=0.03s train=0.27s
[t=4603.5s] rebel stream solves=242688 raw=56/s balanced=56/s debt=0 rows steps=948 horizon=0.00 games=0 over=0 card=0 drop=0 L=0.00000 L/var=0.00 tgt=+0.000/0.000 aux=0.0000/0.000 cfg/b=0 prep=0.00s gpu=0.00s conv=0.00s add=0.00s train=0.00s
[t=4613.6s] rebel stream solves=242688 raw=56/s balanced=56/s debt=0 rows steps=948 horizon=0.00 games=0 over=0 card=0 drop=0 L=0.00000 L/var=0.00 tgt=+0.000/0.000 aux=0.0000/0.000 cfg/b=0 prep=0.00s gpu=0.00s conv=0.00s add=0.00s train=0.00s
[t=4623.6s] rebel stream solves=243712 raw=56/s balanced=56/s debt=0 rows steps=952 horizon=0.00 games=38 over=0 card=0 drop=0 L=0.01542 L/var=0.14 tgt=-0.001/0.338 aux=0.0003/1.000 cfg/b=24713 prep=0.03s gpu=0.00s conv=0.00s add=0.03s train=0.28s
[t=4633.6s] rebel stream solves=243712 raw=56/s balanced=56/s debt=0 rows steps=952 horizon=0.00 games=0 over=0 card=0 drop=0 L=0.00000 L/var=0.00 tgt=+0.000/0.000 aux=0.0000/0.000 cfg/b=0 prep=0.00s gpu=0.00s conv=0.00s add=0.00s train=0.00s
[t=4643.7s] rebel stream solves=244736 raw=56/s balanced=56/s debt=0 rows steps=956 horizon=0.00 games=32 over=0 card=0 drop=0 L=0.01674 L/var=0.13 tgt=-0.041/0.363 aux=0.0003/1.000 cfg/b=24590 prep=0.03s gpu=0.00s conv=0.00s add=0.04s train=0.27s
[t=4653.7s] rebel stream solves=244736 raw=56/s balanced=56/s debt=0 rows steps=956 horizon=0.00 games=0 over=0 card=0 drop=0 L=0.00000 L/var=0.00 tgt=+0.000/0.000 aux=0.0000/0.000 cfg/b=0 prep=0.00s gpu=0.00s conv=0.00s add=0.00s train=0.00s
[t=4663.7s] rebel stream solves=245760 raw=56/s balanced=56/s debt=0 rows steps=960 horizon=0.00 games=35 over=0 card=0 drop=0 L=0.01589 L/var=0.12 tgt=-0.015/0.358 aux=0.0003/1.000 cfg/b=24833 prep=0.07s gpu=0.00s conv=0.00s add=0.02s train=0.33s
[t=4673.7s] rebel stream solves=245760 raw=56/s balanced=56/s debt=0 rows steps=960 horizon=0.00 games=0 over=0 card=0 drop=0 L=0.00000 L/var=0.00 tgt=+0.000/0.000 aux=0.0000/0.000 cfg/b=0 prep=0.00s gpu=0.00s conv=0.00s add=0.00s train=0.00s
[t=4683.8s] rebel stream solves=246784 raw=56/s balanced=56/s debt=0 rows steps=964 horizon=0.04 games=46 over=0 card=0 drop=0 L=0.01592 L/var=0.12 tgt=-0.012/0.361 aux=0.0003/1.000 cfg/b=25463 prep=0.06s gpu=0.00s conv=0.00s add=0.02s train=0.32s
[t=4693.8s] rebel stream solves=246784 raw=56/s balanced=56/s debt=0 rows steps=964 horizon=0.00 games=0 over=0 card=0 drop=0 L=0.00000 L/var=0.00 tgt=+0.000/0.000 aux=0.0000/0.000 cfg/b=0 prep=0.00s gpu=0.00s conv=0.00s add=0.00s train=0.00s
[t=4703.8s] rebel stream solves=247808 raw=56/s balanced=56/s debt=0 rows steps=968 horizon=0.00 games=47 over=0 card=0 drop=0 L=0.01746 L/var=0.16 tgt=+0.017/0.327 aux=0.0004/1.000 cfg/b=24347 prep=0.02s gpu=0.00s conv=0.00s add=0.03s train=0.25s
[t=4713.9s] rebel stream solves=247808 raw=56/s balanced=56/s debt=0 rows steps=968 horizon=0.00 games=0 over=0 card=0 drop=0 L=0.00000 L/var=0.00 tgt=+0.000/0.000 aux=0.0000/0.000 cfg/b=0 prep=0.00s gpu=0.00s conv=0.00s add=0.00s train=0.00s
[t=4723.9s] rebel stream solves=247808 raw=56/s balanced=56/s debt=0 rows steps=968 horizon=0.00 games=0 over=0 card=0 drop=0 L=0.00000 L/var=0.00 tgt=+0.000/0.000 aux=0.0000/0.000 cfg/b=0 prep=0.00s gpu=0.00s conv=0.00s add=0.00s train=0.00s
[t=4733.9s] rebel stream solves=248832 raw=56/s balanced=56/s debt=0 rows steps=972 horizon=0.00 games=31 over=0 card=0 drop=0 L=0.01708 L/var=0.16 tgt=+0.022/0.330 aux=0.0003/1.000 cfg/b=24074 prep=0.03s gpu=0.00s conv=0.00s add=0.03s train=0.27s
[t=4743.9s] rebel stream solves=248832 raw=56/s balanced=56/s debt=0 rows steps=972 horizon=0.00 games=0 over=0 card=0 drop=0 L=0.00000 L/var=0.00 tgt=+0.000/0.000 aux=0.0000/0.000 cfg/b=0 prep=0.00s gpu=0.00s conv=0.00s add=0.00s train=0.00s
[t=4753.9s] rebel stream solves=249856 raw=56/s balanced=56/s debt=0 rows steps=976 horizon=0.00 games=41 over=0 card=0 drop=0 L=0.01663 L/var=0.15 tgt=+0.030/0.335 aux=0.0003/1.000 cfg/b=23530 prep=0.02s gpu=0.00s conv=0.00s add=0.03s train=0.27s
[t=4764.0s] rebel stream solves=249856 raw=56/s balanced=56/s debt=0 rows steps=976 horizon=0.00 games=0 over=0 card=0 drop=0 L=0.00000 L/var=0.00 tgt=+0.000/0.000 aux=0.0000/0.000 cfg/b=0 prep=0.00s gpu=0.00s conv=0.00s add=0.00s train=0.00s
[t=4774.0s] rebel stream solves=250880 raw=56/s balanced=56/s debt=0 rows steps=980 horizon=0.00 games=40 over=0 card=0 drop=0 L=0.01532 L/var=0.15 tgt=+0.027/0.323 aux=0.0003/1.000 cfg/b=24119 prep=0.02s gpu=0.00s conv=0.00s add=0.02s train=0.26s
[t=4784.1s] rebel stream solves=250880 raw=56/s balanced=56/s debt=0 rows steps=980 horizon=0.00 games=0 over=0 card=0 drop=0 L=0.00000 L/var=0.00 tgt=+0.000/0.000 aux=0.0000/0.000 cfg/b=0 prep=0.00s gpu=0.00s conv=0.00s add=0.00s train=0.00s
[t=4794.1s] rebel stream solves=251904 raw=56/s balanced=56/s debt=0 rows steps=984 horizon=0.00 games=40 over=0 card=0 drop=0 L=0.01650 L/var=0.14 tgt=+0.017/0.341 aux=0.0004/1.000 cfg/b=24018 prep=0.02s gpu=0.00s conv=0.00s add=0.04s train=0.27s
[t=4801.0s] --- snapshot snap_03.pt (s3) ---
[t=4804.1s] rebel stream solves=251904 raw=56/s balanced=56/s debt=0 rows steps=984 horizon=0.00 games=0 over=0 card=0 drop=0 L=0.00000 L/var=0.00 tgt=+0.000/0.000 aux=0.0000/0.000 cfg/b=0 prep=0.00s gpu=0.00s conv=0.00s add=0.00s train=0.00s
[t=4814.2s] rebel stream solves=252928 raw=56/s balanced=56/s debt=0 rows steps=988 horizon=0.00 games=31 over=0 card=0 drop=0 L=0.01526 L/var=0.13 tgt=+0.008/0.349 aux=0.0005/1.000 cfg/b=24624 prep=0.02s gpu=0.00s conv=0.00s add=0.01s train=0.26s
[t=4824.2s] rebel stream solves=252928 raw=56/s balanced=56/s debt=0 rows steps=988 horizon=0.00 games=0 over=0 card=0 drop=0 L=0.00000 L/var=0.00 tgt=+0.000/0.000 aux=0.0000/0.000 cfg/b=0 prep=0.00s gpu=0.00s conv=0.00s add=0.00s train=0.00s
[t=4834.2s] rebel stream solves=253952 raw=56/s balanced=56/s debt=0 rows steps=992 horizon=0.00 games=41 over=0 card=0 drop=0 L=0.01541 L/var=0.14 tgt=+0.027/0.336 aux=0.0003/1.000 cfg/b=24785 prep=0.03s gpu=0.00s conv=0.00s add=0.04s train=0.30s
[t=4844.2s] rebel stream solves=253952 raw=56/s balanced=56/s debt=0 rows steps=992 horizon=0.00 games=0 over=0 card=0 drop=0 L=0.00000 L/var=0.00 tgt=+0.000/0.000 aux=0.0000/0.000 cfg/b=0 prep=0.00s gpu=0.00s conv=0.00s add=0.00s train=0.00s
[t=4854.3s] rebel stream solves=254976 raw=56/s balanced=56/s debt=0 rows steps=996 horizon=0.03 games=37 over=0 card=0 drop=0 L=0.01607 L/var=0.12 tgt=+0.018/0.359 aux=0.0003/1.000 cfg/b=24870 prep=0.03s gpu=0.00s conv=0.00s add=0.03s train=0.25s
[t=4864.3s] rebel stream solves=254976 raw=56/s balanced=56/s debt=0 rows steps=996 horizon=0.00 games=0 over=0 card=0 drop=0 L=0.00000 L/var=0.00 tgt=+0.000/0.000 aux=0.0000/0.000 cfg/b=0 prep=0.00s gpu=0.00s conv=0.00s add=0.00s train=0.00s
[t=4874.3s] rebel stream solves=256000 raw=56/s balanced=56/s debt=0 rows steps=1000 horizon=0.00 games=40 over=0 card=0 drop=0 L=0.01564 L/var=0.12 tgt=+0.029/0.355 aux=0.0003/1.000 cfg/b=23577 prep=0.03s gpu=0.00s conv=0.00s add=0.03s train=0.29s
[t=4884.3s] rebel stream solves=256000 raw=56/s balanced=56/s debt=0 rows steps=1000 horizon=0.00 games=0 over=0 card=0 drop=0 L=0.00000 L/var=0.00 tgt=+0.000/0.000 aux=0.0000/0.000 cfg/b=0 prep=0.00s gpu=0.00s conv=0.00s add=0.00s train=0.00s
[t=4894.4s] rebel stream solves=256000 raw=56/s balanced=56/s debt=0 rows steps=1000 horizon=0.00 games=0 over=0 card=0 drop=0 L=0.00000 L/var=0.00 tgt=+0.000/0.000 aux=0.0000/0.000 cfg/b=0 prep=0.00s gpu=0.00s conv=0.00s add=0.00s train=0.00s
[t=4904.4s] rebel stream solves=257024 raw=56/s balanced=56/s debt=0 rows steps=1004 horizon=0.00 games=44 over=0 card=0 drop=0 L=0.01589 L/var=0.12 tgt=+0.026/0.357 aux=0.0003/1.000 cfg/b=24247 prep=0.02s gpu=0.00s conv=0.00s add=0.02s train=0.26s
[t=4914.4s] rebel stream solves=257024 raw=56/s balanced=56/s debt=0 rows steps=1004 horizon=0.00 games=0 over=0 card=0 drop=0 L=0.00000 L/var=0.00 tgt=+0.000/0.000 aux=0.0000/0.000 cfg/b=0 prep=0.00s gpu=0.00s conv=0.00s add=0.00s train=0.00s
[t=4924.5s] rebel stream solves=258048 raw=56/s balanced=56/s debt=0 rows steps=1008 horizon=0.00 games=45 over=0 card=0 drop=0 L=0.01561 L/var=0.12 tgt=+0.023/0.359 aux=0.0003/1.000 cfg/b=24185 prep=0.03s gpu=0.00s conv=0.00s add=0.04s train=0.27s
[t=4934.5s] rebel stream solves=258048 raw=56/s balanced=56/s debt=0 rows steps=1008 horizon=0.00 games=0 over=0 card=0 drop=0 L=0.00000 L/var=0.00 tgt=+0.000/0.000 aux=0.0000/0.000 cfg/b=0 prep=0.00s gpu=0.00s conv=0.00s add=0.00s train=0.00s
[t=4944.5s] rebel stream solves=259072 raw=56/s balanced=56/s debt=0 rows steps=1012 horizon=0.00 games=40 over=0 card=0 drop=0 L=0.01692 L/var=0.15 tgt=+0.018/0.338 aux=0.0003/1.000 cfg/b=24612 prep=0.02s gpu=0.00s conv=0.00s add=0.03s train=0.26s
[t=4954.5s] rebel stream solves=259072 raw=56/s balanced=56/s debt=0 rows steps=1012 horizon=0.00 games=0 over=0 card=0 drop=0 L=0.00000 L/var=0.00 tgt=+0.000/0.000 aux=0.0000/0.000 cfg/b=0 prep=0.00s gpu=0.00s conv=0.00s add=0.00s train=0.00s
[t=4964.5s] rebel stream solves=260096 raw=56/s balanced=56/s debt=0 rows steps=1016 horizon=0.00 games=42 over=0 card=0 drop=0 L=0.01707 L/var=0.15 tgt=+0.011/0.337 aux=0.0003/1.000 cfg/b=23897 prep=0.02s gpu=0.00s conv=0.00s add=0.04s train=0.26s
[t=4974.5s] rebel stream solves=260096 raw=56/s balanced=56/s debt=0 rows steps=1016 horizon=0.00 games=0 over=0 card=0 drop=0 L=0.00000 L/var=0.00 tgt=+0.000/0.000 aux=0.0000/0.000 cfg/b=0 prep=0.00s gpu=0.00s conv=0.00s add=0.00s train=0.00s
[t=4984.6s] rebel stream solves=261120 raw=56/s balanced=56/s debt=0 rows steps=1020 horizon=0.00 games=28 over=0 card=0 drop=0 L=0.01549 L/var=0.12 tgt=-0.002/0.356 aux=0.0003/1.000 cfg/b=24705 prep=0.07s gpu=0.00s conv=0.00s add=0.03s train=0.33s
[t=4994.6s] rebel stream solves=261120 raw=56/s balanced=56/s debt=0 rows steps=1020 horizon=0.00 games=0 over=0 card=0 drop=0 L=0.00000 L/var=0.00 tgt=+0.000/0.000 aux=0.0000/0.000 cfg/b=0 prep=0.00s gpu=0.00s conv=0.00s add=0.00s train=0.00s
[t=5005.3s] rebel stream solves=262144 raw=56/s balanced=56/s debt=0 rows steps=1024 horizon=0.00 games=38 over=0 card=0 drop=0 L=0.01550 L/var=0.12 tgt=+0.002/0.366 aux=0.0003/1.000 cfg/b=24882 prep=0.07s gpu=0.00s conv=0.00s add=0.03s train=0.33s
[t=5015.3s] rebel stream solves=262144 raw=56/s balanced=56/s debt=0 rows steps=1024 horizon=0.00 games=0 over=0 card=0 drop=0 L=0.00000 L/var=0.00 tgt=+0.000/0.000 aux=0.0000/0.000 cfg/b=0 prep=0.00s gpu=0.00s conv=0.00s add=0.00s train=0.00s
[t=5025.3s] rebel stream solves=262144 raw=55/s balanced=55/s debt=0 rows steps=1024 horizon=0.00 games=0 over=0 card=0 drop=0 L=0.00000 L/var=0.00 tgt=+0.000/0.000 aux=0.0000/0.000 cfg/b=0 prep=0.00s gpu=0.00s conv=0.00s add=0.00s train=0.00s
[t=5035.4s] rebel stream solves=263168 raw=56/s balanced=56/s debt=0 rows steps=1028 horizon=0.00 games=38 over=0 card=0 drop=0 L=0.01671 L/var=0.13 tgt=+0.019/0.359 aux=0.0003/1.000 cfg/b=24191 prep=0.03s gpu=0.00s conv=0.00s add=0.02s train=0.26s
[t=5045.4s] rebel stream solves=263168 raw=55/s balanced=55/s debt=0 rows steps=1028 horizon=0.00 games=0 over=0 card=0 drop=0 L=0.00000 L/var=0.00 tgt=+0.000/0.000 aux=0.0000/0.000 cfg/b=0 prep=0.00s gpu=0.00s conv=0.00s add=0.00s train=0.00s
[t=5055.4s] rebel stream solves=264192 raw=56/s balanced=56/s debt=0 rows steps=1032 horizon=0.00 games=42 over=0 card=0 drop=0 L=0.01504 L/var=0.10 tgt=+0.021/0.384 aux=0.0003/1.000 cfg/b=25370 prep=0.03s gpu=0.00s conv=0.00s add=0.03s train=0.28s
[t=5065.4s] rebel stream solves=264192 raw=55/s balanced=55/s debt=0 rows steps=1032 horizon=0.00 games=0 over=0 card=0 drop=0 L=0.00000 L/var=0.00 tgt=+0.000/0.000 aux=0.0000/0.000 cfg/b=0 prep=0.00s gpu=0.00s conv=0.00s add=0.00s train=0.00s
[t=5075.4s] rebel stream solves=265216 raw=56/s balanced=56/s debt=0 rows steps=1036 horizon=0.00 games=42 over=0 card=0 drop=0 L=0.01550 L/var=0.13 tgt=+0.026/0.350 aux=0.0003/1.000 cfg/b=25288 prep=0.02s gpu=0.00s conv=0.00s add=0.03s train=0.27s
[t=5085.5s] rebel stream solves=265216 raw=55/s balanced=55/s debt=0 rows steps=1036 horizon=0.00 games=0 over=0 card=0 drop=0 L=0.00000 L/var=0.00 tgt=+0.000/0.000 aux=0.0000/0.000 cfg/b=0 prep=0.00s gpu=0.00s conv=0.00s add=0.00s train=0.00s
[t=5095.5s] rebel stream solves=265216 raw=55/s balanced=55/s debt=0 rows steps=1036 horizon=0.00 games=0 over=0 card=0 drop=0 L=0.00000 L/var=0.00 tgt=+0.000/0.000 aux=0.0000/0.000 cfg/b=0 prep=0.00s gpu=0.00s conv=0.00s add=0.00s train=0.00s
[t=5105.5s] rebel stream solves=266240 raw=55/s balanced=55/s debt=0 rows steps=1040 horizon=0.00 games=34 over=0 card=0 drop=0 L=0.01579 L/var=0.12 tgt=+0.036/0.359 aux=0.0003/1.000 cfg/b=25021 prep=0.02s gpu=0.00s conv=0.00s add=0.03s train=0.26s
[t=5115.5s] rebel stream solves=266240 raw=55/s balanced=55/s debt=0 rows steps=1040 horizon=0.00 games=0 over=0 card=0 drop=0 L=0.00000 L/var=0.00 tgt=+0.000/0.000 aux=0.0000/0.000 cfg/b=0 prep=0.00s gpu=0.00s conv=0.00s add=0.00s train=0.00s
[t=5125.0s] --- lr -> 2.50e-04 ---
[t=5125.6s] rebel stream solves=267264 raw=55/s balanced=55/s debt=0 rows steps=1044 horizon=0.00 games=52 over=0 card=0 drop=0 L=0.01586 L/var=0.10 tgt=+0.006/0.394 aux=0.0003/1.000 cfg/b=25668 prep=0.14s gpu=0.00s conv=0.00s add=0.03s train=0.38s
[t=5135.6s] rebel stream solves=267264 raw=55/s balanced=55/s debt=0 rows steps=1044 horizon=0.00 games=0 over=0 card=0 drop=0 L=0.00000 L/var=0.00 tgt=+0.000/0.000 aux=0.0000/0.000 cfg/b=0 prep=0.00s gpu=0.00s conv=0.00s add=0.00s train=0.00s
[t=5145.6s] rebel stream solves=268288 raw=55/s balanced=55/s debt=0 rows steps=1048 horizon=0.00 games=33 over=0 card=0 drop=0 L=0.01476 L/var=0.10 tgt=-0.001/0.379 aux=0.0004/1.000 cfg/b=24721 prep=0.02s gpu=0.00s conv=0.00s add=0.03s train=0.28s
[t=5155.7s] rebel stream solves=268288 raw=55/s balanced=55/s debt=0 rows steps=1048 horizon=0.00 games=0 over=0 card=0 drop=0 L=0.00000 L/var=0.00 tgt=+0.000/0.000 aux=0.0000/0.000 cfg/b=0 prep=0.00s gpu=0.00s conv=0.00s add=0.00s train=0.00s
[t=5165.7s] rebel stream solves=269312 raw=55/s balanced=55/s debt=0 rows steps=1052 horizon=0.00 games=34 over=0 card=0 drop=0 L=0.01646 L/var=0.11 tgt=-0.013/0.383 aux=0.0003/1.000 cfg/b=25620 prep=0.02s gpu=0.00s conv=0.00s add=0.03s train=0.26s
[t=5175.7s] rebel stream solves=269312 raw=55/s balanced=55/s debt=0 rows steps=1052 horizon=0.00 games=0 over=0 card=0 drop=0 L=0.00000 L/var=0.00 tgt=+0.000/0.000 aux=0.0000/0.000 cfg/b=0 prep=0.00s gpu=0.00s conv=0.00s add=0.00s train=0.00s
[t=5185.7s] rebel stream solves=269312 raw=55/s balanced=55/s debt=0 rows steps=1052 horizon=0.00 games=0 over=0 card=0 drop=0 L=0.00000 L/var=0.00 tgt=+0.000/0.000 aux=0.0000/0.000 cfg/b=0 prep=0.00s gpu=0.00s conv=0.00s add=0.00s train=0.00s
[t=5195.8s] rebel stream solves=270336 raw=55/s balanced=55/s debt=0 rows steps=1056 horizon=0.00 games=37 over=0 card=0 drop=0 L=0.01490 L/var=0.11 tgt=+0.020/0.377 aux=0.0003/1.000 cfg/b=25479 prep=0.02s gpu=0.00s conv=0.00s add=0.03s train=0.27s
[t=5205.8s] rebel stream solves=270336 raw=55/s balanced=55/s debt=0 rows steps=1056 horizon=0.00 games=0 over=0 card=0 drop=0 L=0.00000 L/var=0.00 tgt=+0.000/0.000 aux=0.0000/0.000 cfg/b=0 prep=0.00s gpu=0.00s conv=0.00s add=0.00s train=0.00s
[t=5215.8s] rebel stream solves=271360 raw=55/s balanced=55/s debt=0 rows steps=1060 horizon=0.00 games=36 over=0 card=0 drop=0 L=0.01642 L/var=0.12 tgt=+0.020/0.371 aux=0.0003/1.000 cfg/b=24652 prep=0.04s gpu=0.00s conv=0.00s add=0.03s train=0.29s
[t=5225.9s] rebel stream solves=271360 raw=55/s balanced=55/s debt=0 rows steps=1060 horizon=0.00 games=0 over=0 card=0 drop=0 L=0.00000 L/var=0.00 tgt=+0.000/0.000 aux=0.0000/0.000 cfg/b=0 prep=0.00s gpu=0.00s conv=0.00s add=0.00s train=0.00s
[t=5235.9s] rebel stream solves=272384 raw=55/s balanced=55/s debt=0 rows steps=1064 horizon=0.00 games=36 over=0 card=0 drop=0 L=0.01591 L/var=0.12 tgt=+0.008/0.368 aux=0.0003/1.000 cfg/b=25210 prep=0.02s gpu=0.00s conv=0.00s add=0.03s train=0.26s
[t=5245.9s] rebel stream solves=272384 raw=55/s balanced=55/s debt=0 rows steps=1064 horizon=0.00 games=0 over=0 card=0 drop=0 L=0.00000 L/var=0.00 tgt=+0.000/0.000 aux=0.0000/0.000 cfg/b=0 prep=0.00s gpu=0.00s conv=0.00s add=0.00s train=0.00s
[t=5255.9s] rebel stream solves=273408 raw=55/s balanced=55/s debt=0 rows steps=1068 horizon=0.03 games=38 over=0 card=0 drop=0 L=0.01634 L/var=0.13 tgt=+0.012/0.353 aux=0.0003/1.000 cfg/b=25763 prep=0.02s gpu=0.00s conv=0.00s add=0.03s train=0.27s
[t=5265.9s] rebel stream solves=273408 raw=55/s balanced=55/s debt=0 rows steps=1068 horizon=0.00 games=0 over=0 card=0 drop=0 L=0.00000 L/var=0.00 tgt=+0.000/0.000 aux=0.0000/0.000 cfg/b=0 prep=0.00s gpu=0.00s conv=0.00s add=0.00s train=0.00s
[t=5276.0s] rebel stream solves=273408 raw=55/s balanced=55/s debt=0 rows steps=1068 horizon=0.00 games=0 over=0 card=0 drop=0 L=0.00000 L/var=0.00 tgt=+0.000/0.000 aux=0.0000/0.000 cfg/b=0 prep=0.00s gpu=0.00s conv=0.00s add=0.00s train=0.00s
[t=5286.0s] rebel stream solves=274432 raw=55/s balanced=55/s debt=0 rows steps=1072 horizon=0.00 games=36 over=0 card=0 drop=0 L=0.01405 L/var=0.11 tgt=+0.013/0.357 aux=0.0003/1.000 cfg/b=25711 prep=0.12s gpu=0.00s conv=0.00s add=0.03s train=0.40s
[t=5296.1s] rebel stream solves=274432 raw=55/s balanced=55/s debt=0 rows steps=1072 horizon=0.00 games=0 over=0 card=0 drop=0 L=0.00000 L/var=0.00 tgt=+0.000/0.000 aux=0.0000/0.000 cfg/b=0 prep=0.00s gpu=0.00s conv=0.00s add=0.00s train=0.00s
[t=5306.1s] rebel stream solves=275456 raw=55/s balanced=55/s debt=0 rows steps=1076 horizon=0.02 games=46 over=0 card=0 drop=0 L=0.01578 L/var=0.10 tgt=-0.004/0.400 aux=0.0002/1.000 cfg/b=25490 prep=0.04s gpu=0.00s conv=0.00s add=0.03s train=0.30s
[t=5316.1s] rebel stream solves=275456 raw=55/s balanced=55/s debt=0 rows steps=1076 horizon=0.00 games=0 over=0 card=0 drop=0 L=0.00000 L/var=0.00 tgt=+0.000/0.000 aux=0.0000/0.000 cfg/b=0 prep=0.00s gpu=0.00s conv=0.00s add=0.00s train=0.00s
[t=5326.2s] rebel stream solves=276480 raw=55/s balanced=55/s debt=0 rows steps=1080 horizon=0.00 games=30 over=0 card=0 drop=0 L=0.01637 L/var=0.12 tgt=+0.002/0.371 aux=0.0002/1.000 cfg/b=24678 prep=0.02s gpu=0.00s conv=0.00s add=0.03s train=0.29s
[t=5336.2s] rebel stream solves=276480 raw=55/s balanced=55/s debt=0 rows steps=1080 horizon=0.00 games=0 over=0 card=0 drop=0 L=0.00000 L/var=0.00 tgt=+0.000/0.000 aux=0.0000/0.000 cfg/b=0 prep=0.00s gpu=0.00s conv=0.00s add=0.00s train=0.00s
[t=5346.2s] rebel stream solves=277504 raw=55/s balanced=55/s debt=0 rows steps=1084 horizon=0.00 games=30 over=0 card=0 drop=0 L=0.01503 L/var=0.09 tgt=+0.005/0.399 aux=0.0002/1.000 cfg/b=25052 prep=0.02s gpu=0.00s conv=0.00s add=0.03s train=0.27s
[t=5356.3s] rebel stream solves=277504 raw=55/s balanced=55/s debt=0 rows steps=1084 horizon=0.00 games=0 over=0 card=0 drop=0 L=0.00000 L/var=0.00 tgt=+0.000/0.000 aux=0.0000/0.000 cfg/b=0 prep=0.00s gpu=0.00s conv=0.00s add=0.00s train=0.00s
[t=5366.3s] rebel stream solves=277504 raw=55/s balanced=55/s debt=0 rows steps=1084 horizon=0.00 games=0 over=0 card=0 drop=0 L=0.00000 L/var=0.00 tgt=+0.000/0.000 aux=0.0000/0.000 cfg/b=0 prep=0.00s gpu=0.00s conv=0.00s add=0.00s train=0.00s
[t=5376.4s] rebel stream solves=278528 raw=55/s balanced=55/s debt=0 rows steps=1088 horizon=0.02 games=45 over=0 card=0 drop=0 L=0.01539 L/var=0.10 tgt=+0.021/0.384 aux=0.0003/1.000 cfg/b=25632 prep=0.02s gpu=0.00s conv=0.00s add=0.03s train=0.24s
[t=5386.4s] rebel stream solves=278528 raw=55/s balanced=55/s debt=0 rows steps=1088 horizon=0.00 games=0 over=0 card=0 drop=0 L=0.00000 L/var=0.00 tgt=+0.000/0.000 aux=0.0000/0.000 cfg/b=0 prep=0.00s gpu=0.00s conv=0.00s add=0.00s train=0.00s
[t=5396.4s] rebel stream solves=279552 raw=55/s balanced=55/s debt=0 rows steps=1092 horizon=0.03 games=37 over=0 card=0 drop=0 L=0.01382 L/var=0.08 tgt=-0.001/0.409 aux=0.0003/1.000 cfg/b=25346 prep=0.11s gpu=0.00s conv=0.00s add=0.03s train=0.38s
[t=5406.5s] rebel stream solves=279552 raw=55/s balanced=55/s debt=0 rows steps=1092 horizon=0.00 games=0 over=0 card=0 drop=0 L=0.00000 L/var=0.00 tgt=+0.000/0.000 aux=0.0000/0.000 cfg/b=0 prep=0.00s gpu=0.00s conv=0.00s add=0.00s train=0.00s
[t=5416.5s] rebel stream solves=280576 raw=55/s balanced=55/s debt=0 rows steps=1096 horizon=0.00 games=47 over=0 card=0 drop=0 L=0.01462 L/var=0.09 tgt=+0.002/0.402 aux=0.0003/1.000 cfg/b=24852 prep=0.03s gpu=0.00s conv=0.00s add=0.03s train=0.27s
[t=5426.5s] rebel stream solves=280576 raw=55/s balanced=55/s debt=0 rows steps=1096 horizon=0.00 games=0 over=0 card=0 drop=0 L=0.00000 L/var=0.00 tgt=+0.000/0.000 aux=0.0000/0.000 cfg/b=0 prep=0.00s gpu=0.00s conv=0.00s add=0.00s train=0.00s
[t=5436.6s] rebel stream solves=280576 raw=55/s balanced=55/s debt=0 rows steps=1096 horizon=0.00 games=0 over=0 card=0 drop=0 L=0.00000 L/var=0.00 tgt=+0.000/0.000 aux=0.0000/0.000 cfg/b=0 prep=0.00s gpu=0.00s conv=0.00s add=0.00s train=0.00s
[t=5446.6s] rebel stream solves=281600 raw=55/s balanced=55/s debt=0 rows steps=1100 horizon=0.00 games=33 over=0 card=0 drop=0 L=0.01659 L/var=0.13 tgt=+0.003/0.359 aux=0.0003/1.000 cfg/b=26508 prep=0.07s gpu=0.00s conv=0.00s add=0.03s train=0.32s
[t=5456.6s] rebel stream solves=281600 raw=55/s balanced=55/s debt=0 rows steps=1100 horizon=0.00 games=0 over=0 card=0 drop=0 L=0.00000 L/var=0.00 tgt=+0.000/0.000 aux=0.0000/0.000 cfg/b=0 prep=0.00s gpu=0.00s conv=0.00s add=0.00s train=0.00s
[t=5466.7s] rebel stream solves=282624 raw=55/s balanced=55/s debt=0 rows steps=1104 horizon=0.00 games=50 over=0 card=0 drop=0 L=0.01492 L/var=0.12 tgt=+0.016/0.354 aux=0.0004/1.000 cfg/b=25296 prep=0.03s gpu=0.00s conv=0.00s add=0.03s train=0.27s
[t=5476.7s] rebel stream solves=282624 raw=55/s balanced=55/s debt=0 rows steps=1104 horizon=0.00 games=0 over=0 card=0 drop=0 L=0.00000 L/var=0.00 tgt=+0.000/0.000 aux=0.0000/0.000 cfg/b=0 prep=0.00s gpu=0.00s conv=0.00s add=0.00s train=0.00s
[t=5486.7s] rebel stream solves=283648 raw=55/s balanced=55/s debt=0 rows steps=1108 horizon=0.00 games=35 over=0 card=0 drop=0 L=0.01611 L/var=0.12 tgt=-0.014/0.361 aux=0.0004/1.000 cfg/b=26176 prep=0.03s gpu=0.00s conv=0.00s add=0.04s train=0.27s
[t=5496.7s] rebel stream solves=283648 raw=55/s balanced=55/s debt=0 rows steps=1108 horizon=0.00 games=0 over=0 card=0 drop=0 L=0.00000 L/var=0.00 tgt=+0.000/0.000 aux=0.0000/0.000 cfg/b=0 prep=0.00s gpu=0.00s conv=0.00s add=0.00s train=0.00s
[t=5506.8s] rebel stream solves=284672 raw=55/s balanced=55/s debt=0 rows steps=1112 horizon=0.00 games=34 over=0 card=0 drop=0 L=0.01570 L/var=0.13 tgt=+0.006/0.349 aux=0.0003/1.000 cfg/b=24951 prep=0.06s gpu=0.00s conv=0.00s add=0.03s train=0.31s
[t=5516.8s] rebel stream solves=284672 raw=55/s balanced=55/s debt=0 rows steps=1112 horizon=0.00 games=0 over=0 card=0 drop=0 L=0.00000 L/var=0.00 tgt=+0.000/0.000 aux=0.0000/0.000 cfg/b=0 prep=0.00s gpu=0.00s conv=0.00s add=0.00s train=0.00s
[t=5526.8s] rebel stream solves=284672 raw=54/s balanced=54/s debt=0 rows steps=1112 horizon=0.00 games=0 over=0 card=0 drop=0 L=0.00000 L/var=0.00 tgt=+0.000/0.000 aux=0.0000/0.000 cfg/b=0 prep=0.00s gpu=0.00s conv=0.00s add=0.00s train=0.00s
[t=5536.8s] rebel stream solves=285696 raw=55/s balanced=55/s debt=0 rows steps=1116 horizon=0.00 games=45 over=0 card=0 drop=0 L=0.01650 L/var=0.13 tgt=+0.026/0.359 aux=0.0003/1.000 cfg/b=24653 prep=0.03s gpu=0.00s conv=0.00s add=0.04s train=0.32s
[t=5546.9s] rebel stream solves=285696 raw=54/s balanced=54/s debt=0 rows steps=1116 horizon=0.00 games=0 over=0 card=0 drop=0 L=0.00000 L/var=0.00 tgt=+0.000/0.000 aux=0.0000/0.000 cfg/b=0 prep=0.00s gpu=0.00s conv=0.00s add=0.00s train=0.00s
[t=5556.9s] rebel stream solves=286720 raw=55/s balanced=55/s debt=0 rows steps=1120 horizon=0.00 games=40 over=0 card=0 drop=0 L=0.01637 L/var=0.12 tgt=+0.037/0.365 aux=0.0003/1.000 cfg/b=25381 prep=0.02s gpu=0.00s conv=0.00s add=0.04s train=0.27s
[t=5567.0s] rebel stream solves=286720 raw=54/s balanced=54/s debt=0 rows steps=1120 horizon=0.00 games=0 over=0 card=0 drop=0 L=0.00000 L/var=0.00 tgt=+0.000/0.000 aux=0.0000/0.000 cfg/b=0 prep=0.00s gpu=0.00s conv=0.00s add=0.00s train=0.00s
[t=5577.0s] rebel stream solves=287744 raw=55/s balanced=55/s debt=0 rows steps=1124 horizon=0.00 games=29 over=0 card=0 drop=0 L=0.01598 L/var=0.11 tgt=+0.024/0.375 aux=0.0003/1.000 cfg/b=26022 prep=0.02s gpu=0.00s conv=0.00s add=0.03s train=0.26s
[t=5587.0s] rebel stream solves=287744 raw=54/s balanced=54/s debt=0 rows steps=1124 horizon=0.00 games=0 over=0 card=0 drop=0 L=0.00000 L/var=0.00 tgt=+0.000/0.000 aux=0.0000/0.000 cfg/b=0 prep=0.00s gpu=0.00s conv=0.00s add=0.00s train=0.00s
[t=5597.1s] rebel stream solves=288768 raw=55/s balanced=55/s debt=0 rows steps=1128 horizon=0.00 games=54 over=0 card=0 drop=0 L=0.01599 L/var=0.14 tgt=+0.024/0.338 aux=0.0003/1.000 cfg/b=26318 prep=0.03s gpu=0.00s conv=0.00s add=0.03s train=0.26s
[t=5607.1s] rebel stream solves=288768 raw=54/s balanced=54/s debt=0 rows steps=1128 horizon=0.00 games=0 over=0 card=0 drop=0 L=0.00000 L/var=0.00 tgt=+0.000/0.000 aux=0.0000/0.000 cfg/b=0 prep=0.00s gpu=0.00s conv=0.00s add=0.00s train=0.00s
[t=5617.1s] rebel stream solves=288768 raw=54/s balanced=54/s debt=0 rows steps=1128 horizon=0.00 games=0 over=0 card=0 drop=0 L=0.00000 L/var=0.00 tgt=+0.000/0.000 aux=0.0000/0.000 cfg/b=0 prep=0.00s gpu=0.00s conv=0.00s add=0.00s train=0.00s
[t=5627.1s] rebel stream solves=289792 raw=54/s balanced=54/s debt=0 rows steps=1132 horizon=0.02 games=46 over=0 card=0 drop=0 L=0.01618 L/var=0.14 tgt=+0.024/0.337 aux=0.0003/1.000 cfg/b=25963 prep=0.04s gpu=0.00s conv=0.00s add=0.03s train=0.29s
[t=5637.2s] rebel stream solves=290816 raw=54/s balanced=54/s debt=0 rows steps=1136 horizon=0.00 games=39 over=0 card=0 drop=0 L=0.01566 L/var=0.15 tgt=+0.014/0.320 aux=0.0003/1.000 cfg/b=25739 prep=0.02s gpu=0.00s conv=0.00s add=0.03s train=0.25s
[t=5647.2s] rebel stream solves=290816 raw=54/s balanced=54/s debt=0 rows steps=1136 horizon=0.00 games=0 over=0 card=0 drop=0 L=0.00000 L/var=0.00 tgt=+0.000/0.000 aux=0.0000/0.000 cfg/b=0 prep=0.00s gpu=0.00s conv=0.00s add=0.00s train=0.00s
[t=5657.3s] rebel stream solves=290816 raw=54/s balanced=54/s debt=0 rows steps=1136 horizon=0.00 games=0 over=0 card=0 drop=0 L=0.00000 L/var=0.00 tgt=+0.000/0.000 aux=0.0000/0.000 cfg/b=0 prep=0.00s gpu=0.00s conv=0.00s add=0.00s train=0.00s
[t=5667.3s] rebel stream solves=291840 raw=54/s balanced=54/s debt=0 rows steps=1140 horizon=0.00 games=41 over=0 card=0 drop=0 L=0.01461 L/var=0.14 tgt=+0.026/0.318 aux=0.0003/1.000 cfg/b=25584 prep=0.06s gpu=0.00s conv=0.00s add=0.03s train=0.31s
[t=5677.3s] rebel stream solves=291840 raw=54/s balanced=54/s debt=0 rows steps=1140 horizon=0.00 games=0 over=0 card=0 drop=0 L=0.00000 L/var=0.00 tgt=+0.000/0.000 aux=0.0000/0.000 cfg/b=0 prep=0.00s gpu=0.00s conv=0.00s add=0.00s train=0.00s
[t=5687.3s] rebel stream solves=292864 raw=54/s balanced=54/s debt=0 rows steps=1144 horizon=0.04 games=26 over=0 card=0 drop=0 L=0.01522 L/var=0.11 tgt=+0.030/0.370 aux=0.0003/1.000 cfg/b=25540 prep=0.02s gpu=0.00s conv=0.00s add=0.03s train=0.29s
[t=5697.4s] rebel stream solves=292864 raw=54/s balanced=54/s debt=0 rows steps=1144 horizon=0.00 games=0 over=0 card=0 drop=0 L=0.00000 L/var=0.00 tgt=+0.000/0.000 aux=0.0000/0.000 cfg/b=0 prep=0.00s gpu=0.00s conv=0.00s add=0.00s train=0.00s
[t=5707.4s] rebel stream solves=293888 raw=54/s balanced=54/s debt=0 rows steps=1148 horizon=0.00 games=38 over=0 card=0 drop=0 L=0.01651 L/var=0.11 tgt=+0.018/0.379 aux=0.0003/1.000 cfg/b=25362 prep=0.02s gpu=0.00s conv=0.00s add=0.03s train=0.28s
[t=5717.4s] rebel stream solves=293888 raw=54/s balanced=54/s debt=0 rows steps=1148 horizon=0.00 games=0 over=0 card=0 drop=0 L=0.00000 L/var=0.00 tgt=+0.000/0.000 aux=0.0000/0.000 cfg/b=0 prep=0.00s gpu=0.00s conv=0.00s add=0.00s train=0.00s
[t=5727.5s] rebel stream solves=294912 raw=54/s balanced=54/s debt=0 rows steps=1152 horizon=0.00 games=43 over=0 card=0 drop=0 L=0.01517 L/var=0.10 tgt=+0.045/0.388 aux=0.0003/1.000 cfg/b=26109 prep=0.03s gpu=0.00s conv=0.00s add=0.03s train=0.25s
[t=5737.5s] rebel stream solves=294912 raw=54/s balanced=54/s debt=0 rows steps=1152 horizon=0.00 games=0 over=0 card=0 drop=0 L=0.00000 L/var=0.00 tgt=+0.000/0.000 aux=0.0000/0.000 cfg/b=0 prep=0.00s gpu=0.00s conv=0.00s add=0.00s train=0.00s
[t=5747.5s] rebel stream solves=294912 raw=54/s balanced=54/s debt=0 rows steps=1152 horizon=0.00 games=0 over=0 card=0 drop=0 L=0.00000 L/var=0.00 tgt=+0.000/0.000 aux=0.0000/0.000 cfg/b=0 prep=0.00s gpu=0.00s conv=0.00s add=0.00s train=0.00s
[t=5757.5s] rebel stream solves=295936 raw=54/s balanced=54/s debt=0 rows steps=1156 horizon=0.00 games=45 over=0 card=0 drop=0 L=0.01547 L/var=0.09 tgt=+0.028/0.408 aux=0.0004/1.000 cfg/b=24496 prep=0.02s gpu=0.00s conv=0.00s add=0.03s train=0.26s
[t=5767.6s] rebel stream solves=295936 raw=54/s balanced=54/s debt=0 rows steps=1156 horizon=0.00 games=0 over=0 card=0 drop=0 L=0.00000 L/var=0.00 tgt=+0.000/0.000 aux=0.0000/0.000 cfg/b=0 prep=0.00s gpu=0.00s conv=0.00s add=0.00s train=0.00s
[t=5777.6s] rebel stream solves=296960 raw=54/s balanced=54/s debt=0 rows steps=1160 horizon=0.00 games=38 over=0 card=0 drop=0 L=0.01754 L/var=0.12 tgt=+0.023/0.385 aux=0.0003/1.000 cfg/b=25709 prep=0.05s gpu=0.00s conv=0.00s add=0.03s train=0.32s
[t=5787.6s] rebel stream solves=296960 raw=54/s balanced=54/s debt=0 rows steps=1160 horizon=0.00 games=0 over=0 card=0 drop=0 L=0.00000 L/var=0.00 tgt=+0.000/0.000 aux=0.0000/0.000 cfg/b=0 prep=0.00s gpu=0.00s conv=0.00s add=0.00s train=0.00s
[t=5797.6s] rebel stream solves=297984 raw=54/s balanced=54/s debt=0 rows steps=1164 horizon=0.00 games=51 over=0 card=0 drop=0 L=0.01599 L/var=0.12 tgt=+0.011/0.364 aux=0.0003/1.000 cfg/b=26559 prep=0.02s gpu=0.00s conv=0.00s add=0.04s train=0.26s
[t=5807.6s] rebel stream solves=297984 raw=54/s balanced=54/s debt=0 rows steps=1164 horizon=0.00 games=0 over=0 card=0 drop=0 L=0.00000 L/var=0.00 tgt=+0.000/0.000 aux=0.0000/0.000 cfg/b=0 prep=0.00s gpu=0.00s conv=0.00s add=0.00s train=0.00s
[t=5817.7s] rebel stream solves=299008 raw=54/s balanced=54/s debt=0 rows steps=1168 horizon=0.00 games=36 over=0 card=0 drop=0 L=0.01686 L/var=0.13 tgt=+0.016/0.361 aux=0.0003/1.000 cfg/b=25425 prep=0.04s gpu=0.00s conv=0.00s add=0.03s train=0.29s
[t=5827.7s] rebel stream solves=299008 raw=54/s balanced=54/s debt=0 rows steps=1168 horizon=0.00 games=0 over=0 card=0 drop=0 L=0.00000 L/var=0.00 tgt=+0.000/0.000 aux=0.0000/0.000 cfg/b=0 prep=0.00s gpu=0.00s conv=0.00s add=0.00s train=0.00s
[t=5837.7s] rebel stream solves=300032 raw=54/s balanced=54/s debt=0 rows steps=1172 horizon=0.00 games=38 over=0 card=0 drop=0 L=0.01622 L/var=0.13 tgt=+0.016/0.358 aux=0.0003/1.000 cfg/b=26111 prep=0.05s gpu=0.00s conv=0.00s add=0.03s train=0.30s
[t=5847.7s] rebel stream solves=300032 raw=54/s balanced=54/s debt=0 rows steps=1172 horizon=0.00 games=0 over=0 card=0 drop=0 L=0.00000 L/var=0.00 tgt=+0.000/0.000 aux=0.0000/0.000 cfg/b=0 prep=0.00s gpu=0.00s conv=0.00s add=0.00s train=0.00s
[t=5857.8s] rebel stream solves=300032 raw=54/s balanced=54/s debt=0 rows steps=1172 horizon=0.00 games=0 over=0 card=0 drop=0 L=0.00000 L/var=0.00 tgt=+0.000/0.000 aux=0.0000/0.000 cfg/b=0 prep=0.00s gpu=0.00s conv=0.00s add=0.00s train=0.00s
[t=5867.8s] rebel stream solves=301056 raw=54/s balanced=54/s debt=0 rows steps=1176 horizon=0.00 games=42 over=0 card=0 drop=0 L=0.01621 L/var=0.13 tgt=+0.027/0.357 aux=0.0003/1.000 cfg/b=25743 prep=0.02s gpu=0.00s conv=0.00s add=0.03s train=0.27s
[t=5877.8s] rebel stream solves=301056 raw=54/s balanced=54/s debt=0 rows steps=1176 horizon=0.00 games=0 over=0 card=0 drop=0 L=0.00000 L/var=0.00 tgt=+0.000/0.000 aux=0.0000/0.000 cfg/b=0 prep=0.00s gpu=0.00s conv=0.00s add=0.00s train=0.00s
[t=5887.9s] rebel stream solves=302080 raw=54/s balanced=54/s debt=0 rows steps=1180 horizon=0.00 games=47 over=0 card=0 drop=0 L=0.01657 L/var=0.12 tgt=+0.011/0.366 aux=0.0003/1.000 cfg/b=26086 prep=0.04s gpu=0.00s conv=0.00s add=0.04s train=0.27s
[t=5897.9s] rebel stream solves=302080 raw=54/s balanced=54/s debt=0 rows steps=1180 horizon=0.00 games=0 over=0 card=0 drop=0 L=0.00000 L/var=0.00 tgt=+0.000/0.000 aux=0.0000/0.000 cfg/b=0 prep=0.00s gpu=0.00s conv=0.00s add=0.00s train=0.00s
[t=5907.9s] rebel stream solves=303104 raw=54/s balanced=54/s debt=0 rows steps=1184 horizon=0.00 games=33 over=0 card=0 drop=0 L=0.01595 L/var=0.11 tgt=+0.014/0.379 aux=0.0003/1.000 cfg/b=25633 prep=0.04s gpu=0.00s conv=0.00s add=0.03s train=0.29s
[t=5918.0s] rebel stream solves=303104 raw=54/s balanced=54/s debt=0 rows steps=1184 horizon=0.00 games=0 over=0 card=0 drop=0 L=0.00000 L/var=0.00 tgt=+0.000/0.000 aux=0.0000/0.000 cfg/b=0 prep=0.00s gpu=0.00s conv=0.00s add=0.00s train=0.00s
[t=5928.0s] rebel stream solves=303104 raw=54/s balanced=54/s debt=0 rows steps=1184 horizon=0.00 games=0 over=0 card=0 drop=0 L=0.00000 L/var=0.00 tgt=+0.000/0.000 aux=0.0000/0.000 cfg/b=0 prep=0.00s gpu=0.00s conv=0.00s add=0.00s train=0.00s
[t=5938.0s] rebel stream solves=304128 raw=54/s balanced=54/s debt=0 rows steps=1188 horizon=0.00 games=49 over=0 card=0 drop=0 L=0.01737 L/var=0.12 tgt=+0.026/0.374 aux=0.0003/1.000 cfg/b=27112 prep=0.02s gpu=0.00s conv=0.00s add=0.02s train=0.28s
[t=5948.1s] rebel stream solves=304128 raw=54/s balanced=54/s debt=0 rows steps=1188 horizon=0.00 games=0 over=0 card=0 drop=0 L=0.00000 L/var=0.00 tgt=+0.000/0.000 aux=0.0000/0.000 cfg/b=0 prep=0.00s gpu=0.00s conv=0.00s add=0.00s train=0.00s
[t=5958.1s] rebel stream solves=305152 raw=54/s balanced=54/s debt=0 rows steps=1192 horizon=0.00 games=45 over=0 card=0 drop=0 L=0.01668 L/var=0.15 tgt=+0.023/0.335 aux=0.0003/1.000 cfg/b=25544 prep=0.02s gpu=0.00s conv=0.00s add=0.03s train=0.28s
[t=5968.1s] rebel stream solves=305152 raw=54/s balanced=54/s debt=0 rows steps=1192 horizon=0.00 games=0 over=0 card=0 drop=0 L=0.00000 L/var=0.00 tgt=+0.000/0.000 aux=0.0000/0.000 cfg/b=0 prep=0.00s gpu=0.00s conv=0.00s add=0.00s train=0.00s
[t=5978.2s] rebel stream solves=306176 raw=54/s balanced=54/s debt=0 rows steps=1196 horizon=0.00 games=34 over=0 card=0 drop=0 L=0.01610 L/var=0.14 tgt=+0.010/0.335 aux=0.0003/1.000 cfg/b=25025 prep=0.04s gpu=0.00s conv=0.00s add=0.03s train=0.30s
[t=5988.2s] rebel stream solves=306176 raw=54/s balanced=54/s debt=0 rows steps=1196 horizon=0.00 games=0 over=0 card=0 drop=0 L=0.00000 L/var=0.00 tgt=+0.000/0.000 aux=0.0000/0.000 cfg/b=0 prep=0.00s gpu=0.00s conv=0.00s add=0.00s train=0.00s
[t=5998.3s] rebel stream solves=307200 raw=54/s balanced=54/s debt=0 rows steps=1200 horizon=0.00 games=38 over=0 card=0 drop=0 L=0.01558 L/var=0.14 tgt=+0.004/0.338 aux=0.0003/1.000 cfg/b=25758 prep=0.04s gpu=0.00s conv=0.00s add=0.04s train=0.27s
[t=6008.3s] rebel stream solves=307200 raw=54/s balanced=54/s debt=0 rows steps=1200 horizon=0.00 games=0 over=0 card=0 drop=0 L=0.00000 L/var=0.00 tgt=+0.000/0.000 aux=0.0000/0.000 cfg/b=0 prep=0.00s gpu=0.00s conv=0.00s add=0.00s train=0.00s
[t=6018.3s] rebel stream solves=307200 raw=54/s balanced=54/s debt=0 rows steps=1200 horizon=0.00 games=0 over=0 card=0 drop=0 L=0.00000 L/var=0.00 tgt=+0.000/0.000 aux=0.0000/0.000 cfg/b=0 prep=0.00s gpu=0.00s conv=0.00s add=0.00s train=0.00s
[t=6028.4s] rebel stream solves=308224 raw=54/s balanced=54/s debt=0 rows steps=1204 horizon=0.00 games=30 over=0 card=0 drop=0 L=0.01682 L/var=0.15 tgt=+0.024/0.336 aux=0.0003/1.000 cfg/b=26018 prep=0.03s gpu=0.00s conv=0.00s add=0.03s train=0.28s
[t=6038.4s] rebel stream solves=308224 raw=54/s balanced=54/s debt=0 rows steps=1204 horizon=0.00 games=0 over=0 card=0 drop=0 L=0.00000 L/var=0.00 tgt=+0.000/0.000 aux=0.0000/0.000 cfg/b=0 prep=0.00s gpu=0.00s conv=0.00s add=0.00s train=0.00s
[t=6048.5s] rebel stream solves=309248 raw=54/s balanced=54/s debt=0 rows steps=1208 horizon=0.00 games=31 over=0 card=0 drop=0 L=0.01576 L/var=0.13 tgt=+0.007/0.348 aux=0.0003/1.000 cfg/b=26386 prep=0.02s gpu=0.00s conv=0.00s add=0.03s train=0.27s
[t=6058.5s] rebel stream solves=309248 raw=54/s balanced=54/s debt=0 rows steps=1208 horizon=0.00 games=0 over=0 card=0 drop=0 L=0.00000 L/var=0.00 tgt=+0.000/0.000 aux=0.0000/0.000 cfg/b=0 prep=0.00s gpu=0.00s conv=0.00s add=0.00s train=0.00s
[t=6068.5s] rebel stream solves=310272 raw=54/s balanced=54/s debt=0 rows steps=1212 horizon=0.00 games=32 over=0 card=0 drop=0 L=0.01517 L/var=0.12 tgt=+0.024/0.355 aux=0.0003/1.000 cfg/b=26179 prep=0.04s gpu=0.00s conv=0.00s add=0.03s train=0.31s
[t=6078.6s] rebel stream solves=310272 raw=54/s balanced=54/s debt=0 rows steps=1212 horizon=0.00 games=0 over=0 card=0 drop=0 L=0.00000 L/var=0.00 tgt=+0.000/0.000 aux=0.0000/0.000 cfg/b=0 prep=0.00s gpu=0.00s conv=0.00s add=0.00s train=0.00s
[t=6088.6s] rebel stream solves=310272 raw=54/s balanced=54/s debt=0 rows steps=1212 horizon=0.00 games=0 over=0 card=0 drop=0 L=0.00000 L/var=0.00 tgt=+0.000/0.000 aux=0.0000/0.000 cfg/b=0 prep=0.00s gpu=0.00s conv=0.00s add=0.00s train=0.00s
[t=6098.6s] rebel stream solves=311296 raw=54/s balanced=54/s debt=0 rows steps=1216 horizon=0.00 games=34 over=0 card=0 drop=0 L=0.01495 L/var=0.11 tgt=+0.017/0.371 aux=0.0003/1.000 cfg/b=25993 prep=0.02s gpu=0.00s conv=0.00s add=0.03s train=0.27s
[t=6108.7s] rebel stream solves=311296 raw=54/s balanced=54/s debt=0 rows steps=1216 horizon=0.00 games=0 over=0 card=0 drop=0 L=0.00000 L/var=0.00 tgt=+0.000/0.000 aux=0.0000/0.000 cfg/b=0 prep=0.00s gpu=0.00s conv=0.00s add=0.00s train=0.00s
[t=6118.7s] rebel stream solves=312320 raw=54/s balanced=54/s debt=0 rows steps=1220 horizon=0.00 games=28 over=0 card=0 drop=0 L=0.01679 L/var=0.12 tgt=+0.016/0.378 aux=0.0003/1.000 cfg/b=26276 prep=0.03s gpu=0.00s conv=0.00s add=0.03s train=0.27s
[t=6128.7s] rebel stream solves=312320 raw=54/s balanced=54/s debt=0 rows steps=1220 horizon=0.00 games=0 over=0 card=0 drop=0 L=0.00000 L/var=0.00 tgt=+0.000/0.000 aux=0.0000/0.000 cfg/b=0 prep=0.00s gpu=0.00s conv=0.00s add=0.00s train=0.00s
[t=6138.8s] rebel stream solves=313344 raw=54/s balanced=54/s debt=0 rows steps=1224 horizon=0.02 games=43 over=0 card=0 drop=0 L=0.01584 L/var=0.10 tgt=+0.003/0.408 aux=0.0003/1.000 cfg/b=25945 prep=0.02s gpu=0.00s conv=0.00s add=0.03s train=0.27s
[t=6148.8s] rebel stream solves=313344 raw=54/s balanced=54/s debt=0 rows steps=1224 horizon=0.00 games=0 over=0 card=0 drop=0 L=0.00000 L/var=0.00 tgt=+0.000/0.000 aux=0.0000/0.000 cfg/b=0 prep=0.00s gpu=0.00s conv=0.00s add=0.00s train=0.00s
[t=6158.8s] rebel stream solves=313344 raw=53/s balanced=53/s debt=0 rows steps=1224 horizon=0.00 games=0 over=0 card=0 drop=0 L=0.00000 L/var=0.00 tgt=+0.000/0.000 aux=0.0000/0.000 cfg/b=0 prep=0.00s gpu=0.00s conv=0.00s add=0.00s train=0.00s
[t=6168.9s] rebel stream solves=314368 raw=54/s balanced=54/s debt=0 rows steps=1228 horizon=0.00 games=28 over=0 card=0 drop=0 L=0.01537 L/var=0.10 tgt=+0.003/0.395 aux=0.0003/1.000 cfg/b=26164 prep=0.02s gpu=0.00s conv=0.00s add=0.03s train=0.27s
[t=6178.9s] rebel stream solves=314368 raw=53/s balanced=53/s debt=0 rows steps=1228 horizon=0.00 games=0 over=0 card=0 drop=0 L=0.00000 L/var=0.00 tgt=+0.000/0.000 aux=0.0000/0.000 cfg/b=0 prep=0.00s gpu=0.00s conv=0.00s add=0.00s train=0.00s
[t=6188.9s] rebel stream solves=315392 raw=54/s balanced=54/s debt=0 rows steps=1232 horizon=0.00 games=42 over=0 card=0 drop=0 L=0.01752 L/var=0.12 tgt=+0.028/0.386 aux=0.0003/1.000 cfg/b=26268 prep=0.03s gpu=0.00s conv=0.00s add=0.03s train=0.28s
[t=6198.9s] rebel stream solves=315392 raw=53/s balanced=53/s debt=0 rows steps=1232 horizon=0.00 games=0 over=0 card=0 drop=0 L=0.00000 L/var=0.00 tgt=+0.000/0.000 aux=0.0000/0.000 cfg/b=0 prep=0.00s gpu=0.00s conv=0.00s add=0.00s train=0.00s
[t=6208.9s] rebel stream solves=316416 raw=54/s balanced=54/s debt=0 rows steps=1236 horizon=0.00 games=31 over=0 card=0 drop=0 L=0.01593 L/var=0.10 tgt=-0.002/0.400 aux=0.0003/1.000 cfg/b=26906 prep=0.02s gpu=0.00s conv=0.00s add=0.02s train=0.30s
[t=6218.9s] rebel stream solves=316416 raw=53/s balanced=53/s debt=0 rows steps=1236 horizon=0.00 games=0 over=0 card=0 drop=0 L=0.00000 L/var=0.00 tgt=+0.000/0.000 aux=0.0000/0.000 cfg/b=0 prep=0.00s gpu=0.00s conv=0.00s add=0.00s train=0.00s
[t=6228.9s] rebel stream solves=316416 raw=53/s balanced=53/s debt=0 rows steps=1236 horizon=0.00 games=0 over=0 card=0 drop=0 L=0.00000 L/var=0.00 tgt=+0.000/0.000 aux=0.0000/0.000 cfg/b=0 prep=0.00s gpu=0.00s conv=0.00s add=0.00s train=0.00s
[t=6239.0s] rebel stream solves=317440 raw=53/s balanced=53/s debt=0 rows steps=1240 horizon=0.00 games=41 over=0 card=0 drop=0 L=0.01752 L/var=0.10 tgt=-0.005/0.428 aux=0.0003/1.000 cfg/b=26148 prep=0.02s gpu=0.00s conv=0.00s add=0.03s train=0.25s
[t=6249.0s] rebel stream solves=317440 raw=53/s balanced=53/s debt=0 rows steps=1240 horizon=0.00 games=0 over=0 card=0 drop=0 L=0.00000 L/var=0.00 tgt=+0.000/0.000 aux=0.0000/0.000 cfg/b=0 prep=0.00s gpu=0.00s conv=0.00s add=0.00s train=0.00s
[t=6259.0s] rebel stream solves=318464 raw=53/s balanced=53/s debt=0 rows steps=1244 horizon=0.00 games=38 over=0 card=0 drop=0 L=0.01793 L/var=0.09 tgt=-0.055/0.448 aux=0.0003/1.000 cfg/b=25902 prep=0.02s gpu=0.00s conv=0.00s add=0.02s train=0.24s
[t=6269.1s] rebel stream solves=318464 raw=53/s balanced=53/s debt=0 rows steps=1244 horizon=0.00 games=0 over=0 card=0 drop=0 L=0.00000 L/var=0.00 tgt=+0.000/0.000 aux=0.0000/0.000 cfg/b=0 prep=0.00s gpu=0.00s conv=0.00s add=0.00s train=0.00s
[t=6279.1s] rebel stream solves=319488 raw=53/s balanced=53/s debt=0 rows steps=1248 horizon=0.00 games=50 over=0 card=0 drop=0 L=0.01649 L/var=0.09 tgt=+0.012/0.419 aux=0.0003/1.000 cfg/b=26267 prep=0.03s gpu=0.00s conv=0.00s add=0.03s train=0.29s
[t=6289.1s] rebel stream solves=319488 raw=53/s balanced=53/s debt=0 rows steps=1248 horizon=0.00 games=0 over=0 card=0 drop=0 L=0.00000 L/var=0.00 tgt=+0.000/0.000 aux=0.0000/0.000 cfg/b=0 prep=0.00s gpu=0.00s conv=0.00s add=0.00s train=0.00s
[t=6299.2s] rebel stream solves=320512 raw=53/s balanced=53/s debt=0 rows steps=1252 horizon=0.00 games=35 over=0 card=0 drop=0 L=0.01598 L/var=0.10 tgt=+0.001/0.404 aux=0.0003/1.000 cfg/b=25991 prep=0.02s gpu=0.00s conv=0.00s add=0.03s train=0.26s
[t=6301.1s] --- snapshot snap_04.pt (s4) ---
[t=6309.2s] rebel stream solves=320512 raw=53/s balanced=53/s debt=0 rows steps=1252 horizon=0.00 games=0 over=0 card=0 drop=0 L=0.00000 L/var=0.00 tgt=+0.000/0.000 aux=0.0000/0.000 cfg/b=0 prep=0.00s gpu=0.00s conv=0.00s add=0.00s train=0.00s
[t=6319.2s] rebel stream solves=320512 raw=53/s balanced=53/s debt=0 rows steps=1252 horizon=0.00 games=0 over=0 card=0 drop=0 L=0.00000 L/var=0.00 tgt=+0.000/0.000 aux=0.0000/0.000 cfg/b=0 prep=0.00s gpu=0.00s conv=0.00s add=0.00s train=0.00s
[t=6329.2s] rebel stream solves=321536 raw=53/s balanced=53/s debt=0 rows steps=1256 horizon=0.00 games=31 over=0 card=0 drop=0 L=0.01706 L/var=0.12 tgt=+0.021/0.383 aux=0.0004/1.000 cfg/b=25624 prep=0.03s gpu=0.00s conv=0.00s add=0.03s train=0.27s
[t=6339.3s] rebel stream solves=321536 raw=53/s balanced=53/s debt=0 rows steps=1256 horizon=0.00 games=0 over=0 card=0 drop=0 L=0.00000 L/var=0.00 tgt=+0.000/0.000 aux=0.0000/0.000 cfg/b=0 prep=0.00s gpu=0.00s conv=0.00s add=0.00s train=0.00s
[t=6349.3s] rebel stream solves=322560 raw=53/s balanced=53/s debt=0 rows steps=1260 horizon=0.00 games=34 over=0 card=0 drop=0 L=0.01611 L/var=0.11 tgt=+0.004/0.388 aux=0.0003/1.000 cfg/b=26760 prep=0.03s gpu=0.00s conv=0.00s add=0.03s train=0.27s
[t=6359.3s] rebel stream solves=322560 raw=53/s balanced=53/s debt=0 rows steps=1260 horizon=0.00 games=0 over=0 card=0 drop=0 L=0.00000 L/var=0.00 tgt=+0.000/0.000 aux=0.0000/0.000 cfg/b=0 prep=0.00s gpu=0.00s conv=0.00s add=0.00s train=0.00s
[t=6369.3s] rebel stream solves=323584 raw=53/s balanced=53/s debt=0 rows steps=1264 horizon=0.00 games=40 over=0 card=0 drop=0 L=0.01667 L/var=0.10 tgt=+0.008/0.411 aux=0.0003/1.000 cfg/b=27156 prep=0.04s gpu=0.00s conv=0.00s add=0.04s train=0.27s
[t=6379.3s] rebel stream solves=323584 raw=53/s balanced=53/s debt=0 rows steps=1264 horizon=0.00 games=0 over=0 card=0 drop=0 L=0.00000 L/var=0.00 tgt=+0.000/0.000 aux=0.0000/0.000 cfg/b=0 prep=0.00s gpu=0.00s conv=0.00s add=0.00s train=0.00s
[t=6389.4s] rebel stream solves=324608 raw=53/s balanced=53/s debt=0 rows steps=1268 horizon=0.00 games=49 over=0 card=0 drop=0 L=0.01651 L/var=0.09 tgt=+0.013/0.437 aux=0.0003/1.000 cfg/b=26187 prep=0.03s gpu=0.00s conv=0.00s add=0.03s train=0.24s
[t=6399.4s] rebel stream solves=324608 raw=53/s balanced=53/s debt=0 rows steps=1268 horizon=0.00 games=0 over=0 card=0 drop=0 L=0.00000 L/var=0.00 tgt=+0.000/0.000 aux=0.0000/0.000 cfg/b=0 prep=0.00s gpu=0.00s conv=0.00s add=0.00s train=0.00s
[t=6409.4s] rebel stream solves=324608 raw=53/s balanced=53/s debt=0 rows steps=1268 horizon=0.00 games=0 over=0 card=0 drop=0 L=0.00000 L/var=0.00 tgt=+0.000/0.000 aux=0.0000/0.000 cfg/b=0 prep=0.00s gpu=0.00s conv=0.00s add=0.00s train=0.00s
[t=6419.5s] rebel stream solves=325632 raw=53/s balanced=53/s debt=0 rows steps=1272 horizon=0.00 games=50 over=0 card=0 drop=0 L=0.01572 L/var=0.08 tgt=-0.006/0.446 aux=0.0003/1.000 cfg/b=27746 prep=0.02s gpu=0.00s conv=0.00s add=0.03s train=0.26s
[t=6429.5s] rebel stream solves=325632 raw=53/s balanced=53/s debt=0 rows steps=1272 horizon=0.00 games=0 over=0 card=0 drop=0 L=0.00000 L/var=0.00 tgt=+0.000/0.000 aux=0.0000/0.000 cfg/b=0 prep=0.00s gpu=0.00s conv=0.00s add=0.00s train=0.00s
[t=6439.6s] rebel stream solves=326656 raw=53/s balanced=53/s debt=0 rows steps=1276 horizon=0.00 games=50 over=0 card=0 drop=0 L=0.01550 L/var=0.09 tgt=+0.012/0.426 aux=0.0003/1.000 cfg/b=26031 prep=0.04s gpu=0.00s conv=0.00s add=0.03s train=0.27s
[t=6449.6s] rebel stream solves=326656 raw=53/s balanced=53/s debt=0 rows steps=1276 horizon=0.00 games=0 over=0 card=0 drop=0 L=0.00000 L/var=0.00 tgt=+0.000/0.000 aux=0.0000/0.000 cfg/b=0 prep=0.00s gpu=0.00s conv=0.00s add=0.00s train=0.00s
[t=6459.6s] rebel stream solves=327680 raw=53/s balanced=53/s debt=0 rows steps=1280 horizon=0.02 games=49 over=0 card=0 drop=0 L=0.01612 L/var=0.11 tgt=+0.036/0.379 aux=0.0003/1.000 cfg/b=26342 prep=0.04s gpu=0.00s conv=0.00s add=0.03s train=0.28s
[t=6469.6s] rebel stream solves=327680 raw=53/s balanced=53/s debt=0 rows steps=1280 horizon=0.00 games=0 over=0 card=0 drop=0 L=0.00000 L/var=0.00 tgt=+0.000/0.000 aux=0.0000/0.000 cfg/b=0 prep=0.00s gpu=0.00s conv=0.00s add=0.00s train=0.00s
[t=6479.7s] rebel stream solves=328704 raw=53/s balanced=53/s debt=0 rows steps=1284 horizon=0.00 games=51 over=0 card=0 drop=0 L=0.01667 L/var=0.11 tgt=-0.002/0.394 aux=0.0003/1.000 cfg/b=26549 prep=0.02s gpu=0.00s conv=0.00s add=0.03s train=0.27s
[t=6489.7s] rebel stream solves=328704 raw=53/s balanced=53/s debt=0 rows steps=1284 horizon=0.00 games=0 over=0 card=0 drop=0 L=0.00000 L/var=0.00 tgt=+0.000/0.000 aux=0.0000/0.000 cfg/b=0 prep=0.00s gpu=0.00s conv=0.00s add=0.00s train=0.00s
[t=6499.7s] rebel stream solves=329728 raw=53/s balanced=53/s debt=0 rows steps=1288 horizon=0.03 games=39 over=0 card=0 drop=0 L=0.01672 L/var=0.12 tgt=+0.029/0.366 aux=0.0003/1.000 cfg/b=26854 prep=0.04s gpu=0.00s conv=0.00s add=0.03s train=0.26s
[t=6509.7s] rebel stream solves=329728 raw=53/s balanced=53/s debt=0 rows steps=1288 horizon=0.00 games=0 over=0 card=0 drop=0 L=0.00000 L/var=0.00 tgt=+0.000/0.000 aux=0.0000/0.000 cfg/b=0 prep=0.00s gpu=0.00s conv=0.00s add=0.00s train=0.00s
[t=6519.8s] rebel stream solves=330752 raw=53/s balanced=53/s debt=0 rows steps=1292 horizon=0.00 games=39 over=0 card=0 drop=0 L=0.01543 L/var=0.14 tgt=+0.027/0.327 aux=0.0003/1.000 cfg/b=26804 prep=0.02s gpu=0.00s conv=0.00s add=0.03s train=0.26s
[t=6529.8s] rebel stream solves=330752 raw=53/s balanced=53/s debt=0 rows steps=1292 horizon=0.00 games=0 over=0 card=0 drop=0 L=0.00000 L/var=0.00 tgt=+0.000/0.000 aux=0.0000/0.000 cfg/b=0 prep=0.00s gpu=0.00s conv=0.00s add=0.00s train=0.00s
[t=6539.8s] rebel stream solves=331776 raw=53/s balanced=53/s debt=0 rows steps=1296 horizon=0.00 games=34 over=0 card=0 drop=0 L=0.01548 L/var=0.11 tgt=+0.044/0.376 aux=0.0003/1.000 cfg/b=27127 prep=0.05s gpu=0.00s conv=0.00s add=0.03s train=0.30s
[t=6549.9s] rebel stream solves=331776 raw=53/s balanced=53/s debt=0 rows steps=1296 horizon=0.00 games=0 over=0 card=0 drop=0 L=0.00000 L/var=0.00 tgt=+0.000/0.000 aux=0.0000/0.000 cfg/b=0 prep=0.00s gpu=0.00s conv=0.00s add=0.00s train=0.00s
[t=6559.9s] rebel stream solves=332800 raw=53/s balanced=53/s debt=0 rows steps=1300 horizon=0.00 games=37 over=0 card=0 drop=0 L=0.01594 L/var=0.12 tgt=+0.035/0.371 aux=0.0003/1.000 cfg/b=26750 prep=0.02s gpu=0.00s conv=0.00s add=0.03s train=0.26s
[t=6569.9s] rebel stream solves=332800 raw=53/s balanced=53/s debt=0 rows steps=1300 horizon=0.00 games=0 over=0 card=0 drop=0 L=0.00000 L/var=0.00 tgt=+0.000/0.000 aux=0.0000/0.000 cfg/b=0 prep=0.00s gpu=0.00s conv=0.00s add=0.00s train=0.00s
[t=6580.0s] rebel stream solves=333824 raw=53/s balanced=53/s debt=0 rows steps=1304 horizon=0.00 games=38 over=0 card=0 drop=0 L=0.01561 L/var=0.10 tgt=+0.039/0.391 aux=0.0003/1.000 cfg/b=26394 prep=0.02s gpu=0.00s conv=0.00s add=0.04s train=0.28s
[t=6590.0s] rebel stream solves=333824 raw=53/s balanced=53/s debt=0 rows steps=1304 horizon=0.00 games=0 over=0 card=0 drop=0 L=0.00000 L/var=0.00 tgt=+0.000/0.000 aux=0.0000/0.000 cfg/b=0 prep=0.00s gpu=0.00s conv=0.00s add=0.00s train=0.00s
[t=6600.0s] rebel stream solves=333824 raw=53/s balanced=53/s debt=0 rows steps=1304 horizon=0.00 games=0 over=0 card=0 drop=0 L=0.00000 L/var=0.00 tgt=+0.000/0.000 aux=0.0000/0.000 cfg/b=0 prep=0.00s gpu=0.00s conv=0.00s add=0.00s train=0.00s
[t=6610.0s] rebel stream solves=334848 raw=53/s balanced=53/s debt=0 rows steps=1308 horizon=0.00 games=30 over=0 card=0 drop=0 L=0.01661 L/var=0.11 tgt=+0.019/0.390 aux=0.0003/1.000 cfg/b=26553 prep=0.06s gpu=0.00s conv=0.00s add=0.01s train=0.30s
[t=6620.0s] rebel stream solves=334848 raw=53/s balanced=53/s debt=0 rows steps=1308 horizon=0.00 games=0 over=0 card=0 drop=0 L=0.00000 L/var=0.00 tgt=+0.000/0.000 aux=0.0000/0.000 cfg/b=0 prep=0.00s gpu=0.00s conv=0.00s add=0.00s train=0.00s
[t=6630.1s] rebel stream solves=335872 raw=53/s balanced=53/s debt=0 rows steps=1312 horizon=0.00 games=35 over=0 card=0 drop=0 L=0.01725 L/var=0.12 tgt=+0.021/0.383 aux=0.0004/1.000 cfg/b=26872 prep=0.02s gpu=0.00s conv=0.00s add=0.03s train=0.27s
[t=6640.1s] rebel stream solves=335872 raw=53/s balanced=53/s debt=0 rows steps=1312 horizon=0.00 games=0 over=0 card=0 drop=0 L=0.00000 L/var=0.00 tgt=+0.000/0.000 aux=0.0000/0.000 cfg/b=0 prep=0.00s gpu=0.00s conv=0.00s add=0.00s train=0.00s
[t=6650.1s] rebel stream solves=336896 raw=53/s balanced=53/s debt=0 rows steps=1316 horizon=0.00 games=26 over=0 card=0 drop=0 L=0.01577 L/var=0.09 tgt=-0.002/0.424 aux=0.0003/1.000 cfg/b=26397 prep=0.04s gpu=0.00s conv=0.00s add=0.03s train=0.32s
[t=6660.1s] rebel stream solves=336896 raw=53/s balanced=53/s debt=0 rows steps=1316 horizon=0.00 games=0 over=0 card=0 drop=0 L=0.00000 L/var=0.00 tgt=+0.000/0.000 aux=0.0000/0.000 cfg/b=0 prep=0.00s gpu=0.00s conv=0.00s add=0.00s train=0.00s
[t=6670.1s] rebel stream solves=337920 raw=53/s balanced=53/s debt=0 rows steps=1320 horizon=0.00 games=40 over=0 card=0 drop=0 L=0.01549 L/var=0.09 tgt=-0.004/0.418 aux=0.0003/1.000 cfg/b=27418 prep=0.02s gpu=0.00s conv=0.00s add=0.03s train=0.27s
[t=6680.1s] rebel stream solves=337920 raw=53/s balanced=53/s debt=0 rows steps=1320 horizon=0.00 games=0 over=0 card=0 drop=0 L=0.00000 L/var=0.00 tgt=+0.000/0.000 aux=0.0000/0.000 cfg/b=0 prep=0.00s gpu=0.00s conv=0.00s add=0.00s train=0.00s
[t=6690.2s] rebel stream solves=337920 raw=53/s balanced=53/s debt=0 rows steps=1320 horizon=0.00 games=0 over=0 card=0 drop=0 L=0.00000 L/var=0.00 tgt=+0.000/0.000 aux=0.0000/0.000 cfg/b=0 prep=0.00s gpu=0.00s conv=0.00s add=0.00s train=0.00s
[t=6700.2s] rebel stream solves=338944 raw=53/s balanced=53/s debt=0 rows steps=1324 horizon=0.00 games=45 over=0 card=0 drop=0 L=0.01581 L/var=0.11 tgt=+0.034/0.383 aux=0.0003/1.000 cfg/b=26849 prep=0.02s gpu=0.00s conv=0.00s add=0.03s train=0.27s
[t=6710.2s] rebel stream solves=338944 raw=53/s balanced=53/s debt=0 rows steps=1324 horizon=0.00 games=0 over=0 card=0 drop=0 L=0.00000 L/var=0.00 tgt=+0.000/0.000 aux=0.0000/0.000 cfg/b=0 prep=0.00s gpu=0.00s conv=0.00s add=0.00s train=0.00s
[t=6720.2s] rebel stream solves=339968 raw=53/s balanced=53/s debt=0 rows steps=1328 horizon=0.00 games=39 over=0 card=0 drop=0 L=0.01645 L/var=0.11 tgt=+0.038/0.386 aux=0.0003/1.000 cfg/b=25507 prep=0.03s gpu=0.00s conv=0.00s add=0.03s train=0.26s
[t=6730.2s] rebel stream solves=339968 raw=53/s balanced=53/s debt=0 rows steps=1328 horizon=0.00 games=0 over=0 card=0 drop=0 L=0.00000 L/var=0.00 tgt=+0.000/0.000 aux=0.0000/0.000 cfg/b=0 prep=0.00s gpu=0.00s conv=0.00s add=0.00s train=0.00s
[t=6740.3s] rebel stream solves=339968 raw=53/s balanced=53/s debt=0 rows steps=1328 horizon=0.00 games=0 over=0 card=0 drop=0 L=0.00000 L/var=0.00 tgt=+0.000/0.000 aux=0.0000/0.000 cfg/b=0 prep=0.00s gpu=0.00s conv=0.00s add=0.00s train=0.00s
[t=6750.3s] rebel stream solves=340992 raw=53/s balanced=53/s debt=0 rows steps=1332 horizon=0.00 games=39 over=0 card=0 drop=0 L=0.01638 L/var=0.12 tgt=+0.026/0.376 aux=0.0003/1.000 cfg/b=26981 prep=0.02s gpu=0.00s conv=0.00s add=0.04s train=0.27s
[t=6760.3s] rebel stream solves=340992 raw=53/s balanced=53/s debt=0 rows steps=1332 horizon=0.00 games=0 over=0 card=0 drop=0 L=0.00000 L/var=0.00 tgt=+0.000/0.000 aux=0.0000/0.000 cfg/b=0 prep=0.00s gpu=0.00s conv=0.00s add=0.00s train=0.00s
[t=6770.4s] rebel stream solves=342016 raw=53/s balanced=53/s debt=0 rows steps=1336 horizon=0.00 games=48 over=0 card=0 drop=0 L=0.01544 L/var=0.10 tgt=+0.037/0.397 aux=0.0003/1.000 cfg/b=26899 prep=0.08s gpu=0.00s conv=0.00s add=0.04s train=0.34s
[t=6780.4s] rebel stream solves=342016 raw=53/s balanced=53/s debt=0 rows steps=1336 horizon=0.00 games=0 over=0 card=0 drop=0 L=0.00000 L/var=0.00 tgt=+0.000/0.000 aux=0.0000/0.000 cfg/b=0 prep=0.00s gpu=0.00s conv=0.00s add=0.00s train=0.00s
[t=6790.4s] rebel stream solves=343040 raw=53/s balanced=53/s debt=0 rows steps=1340 horizon=0.00 games=43 over=0 card=0 drop=0 L=0.01609 L/var=0.12 tgt=+0.031/0.364 aux=0.0003/1.000 cfg/b=27300 prep=0.02s gpu=0.00s conv=0.00s add=0.03s train=0.25s
[t=6800.5s] rebel stream solves=343040 raw=53/s balanced=53/s debt=0 rows steps=1340 horizon=0.00 games=0 over=0 card=0 drop=0 L=0.00000 L/var=0.00 tgt=+0.000/0.000 aux=0.0000/0.000 cfg/b=0 prep=0.00s gpu=0.00s conv=0.00s add=0.00s train=0.00s
[t=6810.5s] rebel stream solves=343040 raw=53/s balanced=53/s debt=0 rows steps=1340 horizon=0.00 games=0 over=0 card=0 drop=0 L=0.00000 L/var=0.00 tgt=+0.000/0.000 aux=0.0000/0.000 cfg/b=0 prep=0.00s gpu=0.00s conv=0.00s add=0.00s train=0.00s
[t=6820.5s] rebel stream solves=344064 raw=53/s balanced=53/s debt=0 rows steps=1344 horizon=0.03 games=40 over=0 card=0 drop=0 L=0.01539 L/var=0.11 tgt=+0.024/0.370 aux=0.0003/1.000 cfg/b=26392 prep=0.02s gpu=0.00s conv=0.00s add=0.04s train=0.26s
[t=6830.5s] rebel stream solves=344064 raw=53/s balanced=53/s debt=0 rows steps=1344 horizon=0.00 games=0 over=0 card=0 drop=0 L=0.00000 L/var=0.00 tgt=+0.000/0.000 aux=0.0000/0.000 cfg/b=0 prep=0.00s gpu=0.00s conv=0.00s add=0.00s train=0.00s
[t=6840.5s] rebel stream solves=345088 raw=53/s balanced=53/s debt=0 rows steps=1348 horizon=0.00 games=30 over=0 card=0 drop=0 L=0.01532 L/var=0.11 tgt=+0.013/0.373 aux=0.0004/1.000 cfg/b=26628 prep=0.02s gpu=0.00s conv=0.00s add=0.04s train=0.26s
[t=6850.5s] rebel stream solves=345088 raw=53/s balanced=53/s debt=0 rows steps=1348 horizon=0.00 games=0 over=0 card=0 drop=0 L=0.00000 L/var=0.00 tgt=+0.000/0.000 aux=0.0000/0.000 cfg/b=0 prep=0.00s gpu=0.00s conv=0.00s add=0.00s train=0.00s
[t=6860.6s] rebel stream solves=345088 raw=53/s balanced=53/s debt=0 rows steps=1348 horizon=0.00 games=0 over=0 card=0 drop=0 L=0.00000 L/var=0.00 tgt=+0.000/0.000 aux=0.0000/0.000 cfg/b=0 prep=0.00s gpu=0.00s conv=0.00s add=0.00s train=0.00s
[t=6870.6s] rebel stream solves=346112 raw=53/s balanced=53/s debt=0 rows steps=1352 horizon=0.00 games=30 over=0 card=0 drop=0 L=0.01538 L/var=0.10 tgt=+0.001/0.397 aux=0.0003/1.000 cfg/b=26165 prep=0.10s gpu=0.00s conv=0.00s add=0.02s train=0.36s
[t=6880.6s] rebel stream solves=346112 raw=53/s balanced=53/s debt=0 rows steps=1352 horizon=0.00 games=0 over=0 card=0 drop=0 L=0.00000 L/var=0.00 tgt=+0.000/0.000 aux=0.0000/0.000 cfg/b=0 prep=0.00s gpu=0.00s conv=0.00s add=0.00s train=0.00s
[t=6890.7s] rebel stream solves=347136 raw=53/s balanced=53/s debt=0 rows steps=1356 horizon=0.00 games=52 over=0 card=0 drop=0 L=0.01501 L/var=0.09 tgt=+0.002/0.409 aux=0.0004/1.000 cfg/b=26527 prep=0.03s gpu=0.00s conv=0.00s add=0.04s train=0.27s
[t=6900.7s] rebel stream solves=347136 raw=53/s balanced=53/s debt=0 rows steps=1356 horizon=0.00 games=0 over=0 card=0 drop=0 L=0.00000 L/var=0.00 tgt=+0.000/0.000 aux=0.0000/0.000 cfg/b=0 prep=0.00s gpu=0.00s conv=0.00s add=0.00s train=0.00s
[t=6910.7s] rebel stream solves=348160 raw=53/s balanced=53/s debt=0 rows steps=1360 horizon=0.00 games=41 over=0 card=0 drop=0 L=0.01553 L/var=0.10 tgt=+0.024/0.392 aux=0.0003/1.000 cfg/b=26753 prep=0.05s gpu=0.00s conv=0.00s add=0.03s train=0.28s
[t=6920.7s] rebel stream solves=348160 raw=53/s balanced=53/s debt=0 rows steps=1360 horizon=0.00 games=0 over=0 card=0 drop=0 L=0.00000 L/var=0.00 tgt=+0.000/0.000 aux=0.0000/0.000 cfg/b=0 prep=0.00s gpu=0.00s conv=0.00s add=0.00s train=0.00s
[t=6930.7s] rebel stream solves=348160 raw=53/s balanced=53/s debt=0 rows steps=1360 horizon=0.00 games=0 over=0 card=0 drop=0 L=0.00000 L/var=0.00 tgt=+0.000/0.000 aux=0.0000/0.000 cfg/b=0 prep=0.00s gpu=0.00s conv=0.00s add=0.00s train=0.00s
[t=6940.8s] rebel stream solves=349184 raw=53/s balanced=53/s debt=0 rows steps=1364 horizon=0.00 games=38 over=0 card=0 drop=0 L=0.01612 L/var=0.11 tgt=+0.016/0.388 aux=0.0003/1.000 cfg/b=26372 prep=0.05s gpu=0.00s conv=0.00s add=0.03s train=0.30s
[t=6950.8s] rebel stream solves=349184 raw=53/s balanced=53/s debt=0 rows steps=1364 horizon=0.00 games=0 over=0 card=0 drop=0 L=0.00000 L/var=0.00 tgt=+0.000/0.000 aux=0.0000/0.000 cfg/b=0 prep=0.00s gpu=0.00s conv=0.00s add=0.00s train=0.00s
[t=6960.8s] rebel stream solves=350208 raw=53/s balanced=53/s debt=0 rows steps=1368 horizon=0.00 games=35 over=0 card=0 drop=0 L=0.01494 L/var=0.10 tgt=+0.020/0.380 aux=0.0003/1.000 cfg/b=26427 prep=0.02s gpu=0.00s conv=0.00s add=0.03s train=0.27s
[t=6970.8s] rebel stream solves=350208 raw=53/s balanced=53/s debt=0 rows steps=1368 horizon=0.00 games=0 over=0 card=0 drop=0 L=0.00000 L/var=0.00 tgt=+0.000/0.000 aux=0.0000/0.000 cfg/b=0 prep=0.00s gpu=0.00s conv=0.00s add=0.00s train=0.00s
[t=6980.8s] rebel stream solves=351232 raw=53/s balanced=53/s debt=0 rows steps=1372 horizon=0.00 games=41 over=0 card=0 drop=0 L=0.01602 L/var=0.12 tgt=+0.017/0.366 aux=0.0003/1.000 cfg/b=26589 prep=0.05s gpu=0.00s conv=0.00s add=0.03s train=0.28s
[t=6990.9s] rebel stream solves=351232 raw=53/s balanced=53/s debt=0 rows steps=1372 horizon=0.00 games=0 over=0 card=0 drop=0 L=0.00000 L/var=0.00 tgt=+0.000/0.000 aux=0.0000/0.000 cfg/b=0 prep=0.00s gpu=0.00s conv=0.00s add=0.00s train=0.00s
[t=7000.9s] rebel stream solves=352256 raw=53/s balanced=53/s debt=0 rows steps=1376 horizon=0.00 games=30 over=0 card=0 drop=0 L=0.01662 L/var=0.12 tgt=+0.011/0.367 aux=0.0003/1.000 cfg/b=26172 prep=0.02s gpu=0.00s conv=0.00s add=0.03s train=0.26s
[t=7010.9s] rebel stream solves=352256 raw=52/s balanced=52/s debt=0 rows steps=1376 horizon=0.00 games=0 over=0 card=0 drop=0 L=0.00000 L/var=0.00 tgt=+0.000/0.000 aux=0.0000/0.000 cfg/b=0 prep=0.00s gpu=0.00s conv=0.00s add=0.00s train=0.00s
[t=7020.9s] rebel stream solves=352256 raw=52/s balanced=52/s debt=0 rows steps=1376 horizon=0.00 games=0 over=0 card=0 drop=0 L=0.00000 L/var=0.00 tgt=+0.000/0.000 aux=0.0000/0.000 cfg/b=0 prep=0.00s gpu=0.00s conv=0.00s add=0.00s train=0.00s
[t=7030.9s] rebel stream solves=353280 raw=52/s balanced=52/s debt=0 rows steps=1380 horizon=0.00 games=41 over=0 card=0 drop=0 L=0.01710 L/var=0.11 tgt=+0.017/0.399 aux=0.0003/1.000 cfg/b=26471 prep=0.02s gpu=0.00s conv=0.00s add=0.02s train=0.25s
[t=7041.0s] rebel stream solves=353280 raw=52/s balanced=52/s debt=0 rows steps=1380 horizon=0.00 games=0 over=0 card=0 drop=0 L=0.00000 L/var=0.00 tgt=+0.000/0.000 aux=0.0000/0.000 cfg/b=0 prep=0.00s gpu=0.00s conv=0.00s add=0.00s train=0.00s
[t=7051.0s] rebel stream solves=354304 raw=52/s balanced=52/s debt=0 rows steps=1384 horizon=0.00 games=30 over=0 card=0 drop=0 L=0.01682 L/var=0.12 tgt=+0.017/0.373 aux=0.0003/1.000 cfg/b=26351 prep=0.02s gpu=0.00s conv=0.00s add=0.04s train=0.26s
[t=7061.0s] rebel stream solves=354304 raw=52/s balanced=52/s debt=0 rows steps=1384 horizon=0.00 games=0 over=0 card=0 drop=0 L=0.00000 L/var=0.00 tgt=+0.000/0.000 aux=0.0000/0.000 cfg/b=0 prep=0.00s gpu=0.00s conv=0.00s add=0.00s train=0.00s
[t=7071.1s] rebel stream solves=355328 raw=52/s balanced=52/s debt=0 rows steps=1388 horizon=0.00 games=33 over=0 card=0 drop=0 L=0.01680 L/var=0.09 tgt=-0.016/0.430 aux=0.0003/1.000 cfg/b=26222 prep=0.03s gpu=0.00s conv=0.00s add=0.04s train=0.27s
[t=7081.1s] rebel stream solves=355328 raw=52/s balanced=52/s debt=0 rows steps=1388 horizon=0.00 games=0 over=0 card=0 drop=0 L=0.00000 L/var=0.00 tgt=+0.000/0.000 aux=0.0000/0.000 cfg/b=0 prep=0.00s gpu=0.00s conv=0.00s add=0.00s train=0.00s
[t=7091.1s] rebel stream solves=356352 raw=52/s balanced=52/s debt=0 rows steps=1392 horizon=0.00 games=27 over=0 card=0 drop=0 L=0.01510 L/var=0.09 tgt=+0.006/0.402 aux=0.0003/1.000 cfg/b=26642 prep=0.08s gpu=0.00s conv=0.00s add=0.02s train=0.30s
[t=7101.1s] rebel stream solves=356352 raw=52/s balanced=52/s debt=0 rows steps=1392 horizon=0.00 games=0 over=0 card=0 drop=0 L=0.00000 L/var=0.00 tgt=+0.000/0.000 aux=0.0000/0.000 cfg/b=0 prep=0.00s gpu=0.00s conv=0.00s add=0.00s train=0.00s
[t=7111.1s] rebel stream solves=356352 raw=52/s balanced=52/s debt=0 rows steps=1392 horizon=0.00 games=0 over=0 card=0 drop=0 L=0.00000 L/var=0.00 tgt=+0.000/0.000 aux=0.0000/0.000 cfg/b=0 prep=0.00s gpu=0.00s conv=0.00s add=0.00s train=0.00s
[t=7121.2s] rebel stream solves=357376 raw=52/s balanced=52/s debt=0 rows steps=1396 horizon=0.00 games=47 over=0 card=0 drop=0 L=0.01639 L/var=0.09 tgt=-0.006/0.418 aux=0.0003/1.000 cfg/b=26706 prep=0.02s gpu=0.00s conv=0.00s add=0.02s train=0.25s
[t=7131.2s] rebel stream solves=357376 raw=52/s balanced=52/s debt=0 rows steps=1396 horizon=0.00 games=0 over=0 card=0 drop=0 L=0.00000 L/var=0.00 tgt=+0.000/0.000 aux=0.0000/0.000 cfg/b=0 prep=0.00s gpu=0.00s conv=0.00s add=0.00s train=0.00s
[t=7141.2s] rebel stream solves=358400 raw=52/s balanced=52/s debt=0 rows steps=1400 horizon=0.05 games=40 over=0 card=0 drop=0 L=0.01635 L/var=0.09 tgt=-0.002/0.424 aux=0.0003/1.000 cfg/b=26775 prep=0.02s gpu=0.00s conv=0.00s add=0.03s train=0.29s
[t=7151.3s] rebel stream solves=358400 raw=52/s balanced=52/s debt=0 rows steps=1400 horizon=0.00 games=0 over=0 card=0 drop=0 L=0.00000 L/var=0.00 tgt=+0.000/0.000 aux=0.0000/0.000 cfg/b=0 prep=0.00s gpu=0.00s conv=0.00s add=0.00s train=0.00s
[t=7161.3s] rebel stream solves=359424 raw=52/s balanced=52/s debt=0 rows steps=1404 horizon=0.00 games=44 over=0 card=0 drop=0 L=0.01581 L/var=0.10 tgt=+0.016/0.392 aux=0.0003/1.000 cfg/b=26896 prep=0.02s gpu=0.00s conv=0.00s add=0.04s train=0.26s
[t=7171.3s] rebel stream solves=359424 raw=52/s balanced=52/s debt=0 rows steps=1404 horizon=0.00 games=0 over=0 card=0 drop=0 L=0.00000 L/var=0.00 tgt=+0.000/0.000 aux=0.0000/0.000 cfg/b=0 prep=0.00s gpu=0.00s conv=0.00s add=0.00s train=0.00s
[t=7181.3s] rebel stream solves=360448 raw=52/s balanced=52/s debt=0 rows steps=1408 horizon=0.00 games=38 over=1 card=0 drop=0 L=0.01517 L/var=0.08 tgt=+0.015/0.423 aux=0.0003/1.000 cfg/b=26998 prep=0.02s gpu=0.00s conv=0.00s add=0.03s train=0.26s
[t=7191.3s] rebel stream solves=360448 raw=52/s balanced=52/s debt=0 rows steps=1408 horizon=0.00 games=0 over=1 card=0 drop=0 L=0.00000 L/var=0.00 tgt=+0.000/0.000 aux=0.0000/0.000 cfg/b=0 prep=0.00s gpu=0.00s conv=0.00s add=0.00s train=0.00s
[t=7201.3s] rebel stream solves=360448 raw=52/s balanced=52/s debt=0 rows steps=1408 horizon=0.00 games=0 over=1 card=0 drop=0 L=0.00000 L/var=0.00 tgt=+0.000/0.000 aux=0.0000/0.000 cfg/b=0 prep=0.00s gpu=0.00s conv=0.00s add=0.00s train=0.00s
[t=7211.4s] rebel stream solves=361472 raw=52/s balanced=52/s debt=0 rows steps=1412 horizon=0.02 games=47 over=1 card=0 drop=0 L=0.01545 L/var=0.08 tgt=+0.003/0.433 aux=0.0002/1.000 cfg/b=27161 prep=0.02s gpu=0.00s conv=0.00s add=0.03s train=0.26s
[t=7221.4s] rebel stream solves=361472 raw=52/s balanced=52/s debt=0 rows steps=1412 horizon=0.00 games=0 over=1 card=0 drop=0 L=0.00000 L/var=0.00 tgt=+0.000/0.000 aux=0.0000/0.000 cfg/b=0 prep=0.00s gpu=0.00s conv=0.00s add=0.00s train=0.00s
[t=7231.4s] rebel stream solves=362496 raw=52/s balanced=52/s debt=0 rows steps=1416 horizon=0.00 games=33 over=1 card=0 drop=0 L=0.01514 L/var=0.10 tgt=+0.025/0.397 aux=0.0003/1.000 cfg/b=27086 prep=0.03s gpu=0.00s conv=0.00s add=0.03s train=0.30s
[t=7241.4s] rebel stream solves=362496 raw=52/s balanced=52/s debt=0 rows steps=1416 horizon=0.00 games=0 over=1 card=0 drop=0 L=0.00000 L/var=0.00 tgt=+0.000/0.000 aux=0.0000/0.000 cfg/b=0 prep=0.00s gpu=0.00s conv=0.00s add=0.00s train=0.00s
[t=7251.4s] rebel stream solves=363520 raw=52/s balanced=52/s debt=0 rows steps=1420 horizon=0.00 games=40 over=1 card=0 drop=0 L=0.01656 L/var=0.10 tgt=+0.046/0.404 aux=0.0003/1.000 cfg/b=26678 prep=0.02s gpu=0.00s conv=0.00s add=0.04s train=0.25s
[t=7261.5s] rebel stream solves=363520 raw=52/s balanced=52/s debt=0 rows steps=1420 horizon=0.00 games=0 over=1 card=0 drop=0 L=0.00000 L/var=0.00 tgt=+0.000/0.000 aux=0.0000/0.000 cfg/b=0 prep=0.00s gpu=0.00s conv=0.00s add=0.00s train=0.00s
[t=7271.5s] rebel stream solves=364544 raw=52/s balanced=52/s debt=0 rows steps=1424 horizon=0.05 games=42 over=1 card=0 drop=0 L=0.01782 L/var=0.12 tgt=+0.038/0.389 aux=0.0003/1.000 cfg/b=26059 prep=0.02s gpu=0.00s conv=0.00s add=0.02s train=0.23s
[t=7281.5s] rebel stream solves=364544 raw=52/s balanced=52/s debt=0 rows steps=1424 horizon=0.00 games=0 over=1 card=0 drop=0 L=0.00000 L/var=0.00 tgt=+0.000/0.000 aux=0.0000/0.000 cfg/b=0 prep=0.00s gpu=0.00s conv=0.00s add=0.00s train=0.00s
[t=7291.5s] rebel stream solves=365568 raw=52/s balanced=52/s debt=0 rows steps=1428 horizon=0.03 games=36 over=1 card=0 drop=0 L=0.01526 L/var=0.10 tgt=+0.030/0.388 aux=0.0003/1.000 cfg/b=27104 prep=0.02s gpu=0.00s conv=0.00s add=0.04s train=0.26s
[t=7301.6s] rebel stream solves=365568 raw=52/s balanced=52/s debt=0 rows steps=1428 horizon=0.00 games=0 over=1 card=0 drop=0 L=0.00000 L/var=0.00 tgt=+0.000/0.000 aux=0.0000/0.000 cfg/b=0 prep=0.00s gpu=0.00s conv=0.00s add=0.00s train=0.00s
[t=7311.6s] rebel stream solves=365568 raw=52/s balanced=52/s debt=0 rows steps=1428 horizon=0.00 games=0 over=1 card=0 drop=0 L=0.00000 L/var=0.00 tgt=+0.000/0.000 aux=0.0000/0.000 cfg/b=0 prep=0.00s gpu=0.00s conv=0.00s add=0.00s train=0.00s
[t=7321.6s] rebel stream solves=366592 raw=52/s balanced=52/s debt=0 rows steps=1432 horizon=0.00 games=37 over=1 card=0 drop=0 L=0.01548 L/var=0.11 tgt=+0.033/0.373 aux=0.0003/1.000 cfg/b=27292 prep=0.02s gpu=0.00s conv=0.00s add=0.02s train=0.25s
[t=7331.6s] rebel stream solves=366592 raw=52/s balanced=52/s debt=0 rows steps=1432 horizon=0.00 games=0 over=1 card=0 drop=0 L=0.00000 L/var=0.00 tgt=+0.000/0.000 aux=0.0000/0.000 cfg/b=0 prep=0.00s gpu=0.00s conv=0.00s add=0.00s train=0.00s
[t=7341.6s] rebel stream solves=367616 raw=52/s balanced=52/s debt=0 rows steps=1436 horizon=0.00 games=39 over=1 card=0 drop=0 L=0.01666 L/var=0.12 tgt=+0.031/0.380 aux=0.0003/1.000 cfg/b=27277 prep=0.07s gpu=0.00s conv=0.00s add=0.04s train=0.33s
[t=7351.6s] rebel stream solves=367616 raw=52/s balanced=52/s debt=0 rows steps=1436 horizon=0.00 games=0 over=1 card=0 drop=0 L=0.00000 L/var=0.00 tgt=+0.000/0.000 aux=0.0000/0.000 cfg/b=0 prep=0.00s gpu=0.00s conv=0.00s add=0.00s train=0.00s
[t=7361.7s] rebel stream solves=368640 raw=52/s balanced=52/s debt=0 rows steps=1440 horizon=0.00 games=42 over=1 card=0 drop=0 L=0.01627 L/var=0.12 tgt=+0.040/0.376 aux=0.0003/1.000 cfg/b=27638 prep=0.03s gpu=0.00s conv=0.00s add=0.03s train=0.28s
[t=7371.7s] rebel stream solves=368640 raw=52/s balanced=52/s debt=0 rows steps=1440 horizon=0.00 games=0 over=1 card=0 drop=0 L=0.00000 L/var=0.00 tgt=+0.000/0.000 aux=0.0000/0.000 cfg/b=0 prep=0.00s gpu=0.00s conv=0.00s add=0.00s train=0.00s
[t=7381.8s] rebel stream solves=369664 raw=52/s balanced=52/s debt=0 rows steps=1444 horizon=0.00 games=35 over=1 card=0 drop=0 L=0.01575 L/var=0.11 tgt=+0.060/0.373 aux=0.0003/1.000 cfg/b=27244 prep=0.02s gpu=0.00s conv=0.00s add=0.04s train=0.26s
[t=7391.8s] rebel stream solves=369664 raw=52/s balanced=52/s debt=0 rows steps=1444 horizon=0.00 games=0 over=1 card=0 drop=0 L=0.00000 L/var=0.00 tgt=+0.000/0.000 aux=0.0000/0.000 cfg/b=0 prep=0.00s gpu=0.00s conv=0.00s add=0.00s train=0.00s
[t=7401.8s] rebel stream solves=370688 raw=52/s balanced=52/s debt=0 rows steps=1448 horizon=0.00 games=50 over=1 card=0 drop=0 L=0.01658 L/var=0.11 tgt=+0.025/0.389 aux=0.0003/1.000 cfg/b=27350 prep=0.02s gpu=0.00s conv=0.00s add=0.04s train=0.27s
[t=7411.8s] rebel stream solves=370688 raw=52/s balanced=52/s debt=0 rows steps=1448 horizon=0.00 games=0 over=1 card=0 drop=0 L=0.00000 L/var=0.00 tgt=+0.000/0.000 aux=0.0000/0.000 cfg/b=0 prep=0.00s gpu=0.00s conv=0.00s add=0.00s train=0.00s
[t=7421.8s] rebel stream solves=370688 raw=52/s balanced=52/s debt=0 rows steps=1448 horizon=0.00 games=0 over=1 card=0 drop=0 L=0.00000 L/var=0.00 tgt=+0.000/0.000 aux=0.0000/0.000 cfg/b=0 prep=0.00s gpu=0.00s conv=0.00s add=0.00s train=0.00s
[t=7431.9s] rebel stream solves=371712 raw=52/s balanced=52/s debt=0 rows steps=1452 horizon=0.00 games=29 over=1 card=0 drop=0 L=0.01876 L/var=0.13 tgt=+0.033/0.387 aux=0.0004/1.000 cfg/b=26115 prep=0.03s gpu=0.00s conv=0.00s add=0.04s train=0.25s
[t=7441.9s] rebel stream solves=371712 raw=52/s balanced=52/s debt=0 rows steps=1452 horizon=0.00 games=0 over=1 card=0 drop=0 L=0.00000 L/var=0.00 tgt=+0.000/0.000 aux=0.0000/0.000 cfg/b=0 prep=0.00s gpu=0.00s conv=0.00s add=0.00s train=0.00s
[t=7451.9s] rebel stream solves=372736 raw=52/s balanced=52/s debt=0 rows steps=1456 horizon=0.00 games=33 over=1 card=0 drop=0 L=0.01549 L/var=0.10 tgt=+0.007/0.402 aux=0.0003/1.000 cfg/b=27036 prep=0.02s gpu=0.00s conv=0.00s add=0.04s train=0.27s
[t=7462.0s] rebel stream solves=372736 raw=52/s balanced=52/s debt=0 rows steps=1456 horizon=0.00 games=0 over=1 card=0 drop=0 L=0.00000 L/var=0.00 tgt=+0.000/0.000 aux=0.0000/0.000 cfg/b=0 prep=0.00s gpu=0.00s conv=0.00s add=0.00s train=0.00s
[t=7472.0s] rebel stream solves=373760 raw=52/s balanced=52/s debt=0 rows steps=1460 horizon=0.00 games=44 over=1 card=0 drop=0 L=0.01658 L/var=0.10 tgt=+0.008/0.401 aux=0.0003/1.000 cfg/b=27299 prep=0.04s gpu=0.00s conv=0.00s add=0.03s train=0.24s
[t=7480.0s] --- stopping GPU admission; draining ---
[t=7482.0s] rebel stream solves=373760 raw=52/s balanced=52/s debt=0 rows steps=1460 horizon=0.00 games=0 over=1 card=0 drop=0 L=0.00000 L/var=0.00 tgt=+0.000/0.000 aux=0.0000/0.000 cfg/b=0 prep=0.00s gpu=0.00s conv=0.00s add=0.00s train=0.00s
[t=7492.1s] rebel stream solves=374784 raw=52/s balanced=52/s debt=0 rows steps=1464 horizon=0.00 games=19 over=1 card=0 drop=0 L=0.01590 L/var=0.09 tgt=+0.022/0.415 aux=0.0003/1.000 cfg/b=28322 prep=0.02s gpu=0.00s conv=0.00s add=0.04s train=0.25s
[t=7502.1s] rebel stream solves=374784 raw=52/s balanced=52/s debt=0 rows steps=1464 horizon=0.00 games=0 over=1 card=0 drop=0 L=0.00000 L/var=0.00 tgt=+0.000/0.000 aux=0.0000/0.000 cfg/b=0 prep=0.00s gpu=0.00s conv=0.00s add=0.00s train=0.00s
[t=7512.1s] rebel stream solves=374784 raw=52/s balanced=52/s debt=0 rows steps=1464 horizon=0.00 games=0 over=1 card=0 drop=0 L=0.00000 L/var=0.00 tgt=+0.000/0.000 aux=0.0000/0.000 cfg/b=0 prep=0.00s gpu=0.00s conv=0.00s add=0.00s train=0.00s
[t=7522.2s] rebel stream solves=374784 raw=52/s balanced=52/s debt=0 rows steps=1464 horizon=0.00 games=0 over=1 card=0 drop=0 L=0.00000 L/var=0.00 tgt=+0.000/0.000 aux=0.0000/0.000 cfg/b=0 prep=0.00s gpu=0.00s conv=0.00s add=0.00s train=0.00s
[t=7532.2s] rebel stream solves=374784 raw=52/s balanced=52/s debt=0 rows steps=1464 horizon=0.00 games=0 over=1 card=0 drop=0 L=0.00000 L/var=0.00 tgt=+0.000/0.000 aux=0.0000/0.000 cfg/b=0 prep=0.00s gpu=0.00s conv=0.00s add=0.00s train=0.00s
[t=7542.2s] rebel stream solves=374784 raw=52/s balanced=52/s debt=0 rows steps=1464 horizon=0.00 games=0 over=1 card=0 drop=0 L=0.00000 L/var=0.00 tgt=+0.000/0.000 aux=0.0000/0.000 cfg/b=0 prep=0.00s gpu=0.00s conv=0.00s add=0.00s train=0.00s
[t=7542.6s] rebel stream solves=375482 raw=52/s balanced=52/s debt=744 rows steps=1466 horizon=0.00 games=0 over=1 card=0 drop=0 L=0.01481 L/var=0.09 tgt=+0.032/0.417 aux=0.0003/1.000 cfg/b=27650 prep=0.01s gpu=0.00s conv=0.00s add=0.01s train=0.12s
[gpu-summary] solves=375482 optimizer_rows=1501184 debt=744 raw=51.8/s balanced=51.8/s horizon=0.02 games=11834 over=1 card=0 exact=0 censored=1152 dropped=0 overrun=42.73s
[t=7542.7s] --- snapshot snap_05.pt (final) ---
