Linux 6.8.0-136-generic (856a17914eb3) 	08/10/26 	_x86_64_	(72 CPU)

13:42:21     CPU    %usr   %nice    %sys %iowait    %irq   %soft  %steal  %guest  %gnice   %idle
13:42:22     all    6.86    0.00    0.42    0.00    0.00    0.00    0.00    0.00    0.00   92.73
13:42:23     all    1.15    0.00    0.69    0.00    0.00    0.00    0.00    0.00    0.00   98.15
13:42:24     all    1.26    0.00    0.60    0.00    0.00    0.00    0.00    0.00    0.00   98.14
13:42:25     all    1.53    0.00    0.24    0.00    0.00    0.00    0.00    0.00    0.00   98.23
13:42:26     all    1.50    0.00    0.19    0.00    0.00    0.00    0.00    0.00    0.00   98.31
13:42:27     all    1.64    0.00    0.25    0.00    0.00    0.01    0.00    0.00    0.00   98.10
13:42:28     all    1.53    0.00    0.22    0.00    0.00    0.00    0.00    0.00    0.00   98.25
13:42:29     all    1.88    0.00    0.31    0.00    0.00    0.00    0.00    0.00    0.00   97.82
13:42:30     all    1.61    0.00    0.17    0.00    0.00    0.00    0.00    0.00    0.00   98.22
13:42:31     all    1.49    0.00    0.25    0.00    0.00    0.00    0.00    0.00    0.00   98.26
13:42:32     all    1.49    0.00    0.25    0.00    0.00    0.00    0.00    0.00    0.00   98.26
13:42:33     all    1.67    0.00    0.19    0.00    0.00    0.00    0.00    0.00    0.00   98.14
13:42:34     all    1.67    0.00    0.42    0.00    0.00    0.00    0.00    0.00    0.00   97.92
13:42:35     all    1.43    0.00    0.21    0.00    0.00    0.00    0.00    0.00    0.00   98.36
13:42:36     all    1.61    0.00    0.38    0.00    0.00    0.00    0.00    0.00    0.00   98.01
13:42:37     all    1.65    0.00    0.26    0.00    0.00    0.00    0.00    0.00    0.00   98.08
13:42:38     all    1.50    0.00    0.26    0.00    0.00    0.00    0.00    0.00    0.00   98.23
13:42:39     all    2.07    0.00    0.33    0.00    0.00    0.00    0.00    0.00    0.00   97.60
13:42:40     all    1.51    0.00    0.18    0.00    0.00    0.00    0.00    0.00    0.00   98.30
13:42:41     all    1.44    0.00    0.22    0.00    0.00    0.00    0.00    0.00    0.00   98.33
13:42:42     all    1.63    0.00    0.24    0.00    0.00    0.01    0.00    0.00    0.00   98.12
13:42:43     all    1.56    0.00    0.13    0.00    0.00    0.00    0.00    0.00    0.00   98.32
13:42:44     all    1.39    0.00    0.22    0.00    0.00    0.00    0.00    0.00    0.00   98.39
13:42:45     all    1.60    0.00    0.17    0.00    0.00    0.00    0.00    0.00    0.00   98.24
13:42:46     all    1.54    0.00    0.24    0.00    0.00    0.00    0.00    0.00    0.00   98.22
13:42:47     all    1.46    0.00    0.21    0.00    0.00    0.00    0.00    0.00    0.00   98.33
13:42:48     all    2.02    0.00    0.39    0.00    0.00    0.00    0.00    0.00    0.00   97.59
13:42:49     all    1.50    0.00    0.21    0.00    0.00    0.00    0.00    0.00    0.00   98.29
13:42:50     all    1.79    0.00    0.29    0.00    0.00    0.00    0.00    0.00    0.00   97.92
13:42:51     all    3.03    0.00    0.46    0.00    0.00    0.00    0.00    0.00    0.00   96.51
13:42:52     all    1.19    0.00    0.61    0.00    0.00    0.00    0.00    0.00    0.00   98.19
13:42:53     all    1.50    0.00    0.08    0.00    0.00    0.00    0.00    0.00    0.00   98.42
13:42:54     all    3.28    0.00    0.24    0.01    0.00    0.00    0.00    0.00    0.00   96.47
13:42:55     all    1.63    0.01    0.13    0.00    0.00    0.00    0.00    0.00    0.00   98.23
13:42:56     all    3.53    0.00    0.33    0.00    0.00    0.00    0.00    0.00    0.00   96.14
13:42:57     all    3.84    0.00    0.26    0.00    0.00    0.00    0.00    0.00    0.00   95.90
13:42:58     all    1.56    0.00    0.11    0.00    0.00    0.00    0.00    0.00    0.00   98.33
13:42:59     all    3.87    0.00    0.39    0.00    0.00    0.00    0.00    0.00    0.00   95.74
13:43:00     all    1.72    0.00    0.17    0.00    0.00    0.00    0.00    0.00    0.00   98.11
13:43:01     all    4.29    0.00    0.44    0.00    0.00    0.00    0.00    0.00    0.00   95.26
13:43:02     all    2.00    0.00    0.28    0.00    0.00    0.00    0.00    0.00    0.00   97.72
13:43:03     all    3.82    0.00    0.49    0.00    0.00    0.00    0.00    0.00    0.00   95.69
13:43:04     all    1.50    0.00    0.15    0.00    0.00    0.00    0.00    0.00    0.00   98.35
13:43:05     all    3.66    0.00    0.36    0.00    0.00    0.00    0.00    0.00    0.00   95.98
13:43:06     all    1.82    0.00    0.40    0.00    0.00    0.00    0.00    0.00    0.00   97.78
13:43:07     all    3.71    0.00    0.39    0.00    0.00    0.00    0.00    0.00    0.00   95.90
13:43:08     all    1.49    0.00    0.13    0.00    0.00    0.00    0.00    0.00    0.00   98.39
13:43:09     all    3.74    0.01    0.31    0.00    0.00    0.00    0.00    0.00    0.00   95.94
13:43:10     all    4.05    0.00    0.49    0.00    0.00    0.00    0.00    0.00    0.00   95.47
13:43:11     all    1.65    0.00    0.21    0.00    0.00    0.00    0.00    0.00    0.00   98.14
13:43:12     all    3.81    0.00    0.26    0.00    0.00    0.00    0.00    0.00    0.00   95.93
13:43:13     all    1.61    0.00    0.11    0.00    0.00    0.00    0.00    0.00    0.00   98.28
13:43:14     all    3.64    0.00    0.28    0.00    0.00    0.00    0.00    0.00    0.00   96.08
13:43:15     all    1.64    0.00    0.15    0.00    0.00    0.00    0.00    0.00    0.00   98.21
13:43:16     all    3.61    0.00    0.31    0.00    0.00    0.00    0.00    0.00    0.00   96.08
13:43:17     all    1.58    0.00    0.18    0.00    0.00    0.00    0.00    0.00    0.00   98.24
13:43:18     all    3.81    0.00    0.24    0.00    0.00    0.00    0.00    0.00    0.00   95.96
13:43:19     all    3.62    0.00    0.22    0.00    0.00    0.00    0.00    0.00    0.00   96.16
13:43:20     all    1.54    0.00    0.13    0.00    0.00    0.00    0.00    0.00    0.00   98.33
13:43:21     all    3.93    0.00    0.31    0.00    0.00    0.00    0.00    0.00    0.00   95.76
13:43:22     all    1.81    0.00    0.42    0.00    0.00    0.00    0.00    0.00    0.00   97.78
13:43:23     all    4.12    0.01    0.38    0.00    0.00    0.00    0.00    0.00    0.00   95.50
13:43:24     all    1.64    0.00    0.18    0.00    0.00    0.00    0.00    0.00    0.00   98.18
13:43:25     all    3.54    0.00    0.18    0.00    0.00    0.00    0.00    0.00    0.00   96.28
13:43:26     all    1.50    0.00    0.14    0.00    0.00    0.00    0.00    0.00    0.00   98.36
13:43:27     all    3.72    0.00    0.24    0.00    0.00    0.00    0.00    0.00    0.00   96.05
13:43:28     all    1.67    0.00    0.17    0.00    0.00    0.00    0.00    0.00    0.00   98.17
13:43:29     all    3.64    0.00    0.24    0.00    0.00    0.00    0.00    0.00    0.00   96.13
13:43:30     all    3.79    0.00    0.25    0.00    0.00    0.00    0.00    0.00    0.00   95.96
13:43:31     all    1.74    0.00    0.26    0.00    0.00    0.00    0.00    0.00    0.00   98.00
13:43:32     all    4.00    0.00    0.33    0.00    0.00    0.00    0.00    0.00    0.00   95.67
13:43:33     all    1.75    0.00    0.18    0.00    0.00    0.00    0.00    0.00    0.00   98.07
13:43:34     all    3.64    0.00    0.33    0.00    0.00    0.00    0.00    0.00    0.00   96.02
13:43:35     all    1.53    0.00    0.08    0.00    0.00    0.00    0.00    0.00    0.00   98.39
13:43:36     all    3.78    0.00    0.32    0.00    0.00    0.00    0.00    0.00    0.00   95.90
13:43:37     all    1.53    0.00    0.14    0.00    0.00    0.00    0.00    0.00    0.00   98.33
13:43:38     all    3.79    0.00    0.31    0.00    0.00    0.00    0.00    0.00    0.00   95.90
13:43:39     all    1.76    0.00    0.17    0.00    0.00    0.00    0.00    0.00    0.00   98.07
13:43:40     all    3.64    0.00    0.24    0.00    0.00    0.00    0.00    0.00    0.00   96.12
13:43:41     all    1.58    0.00    0.08    0.00    0.00    0.00    0.00    0.00    0.00   98.33
13:43:42     all    3.78    0.00    0.25    0.00    0.00    0.00    0.00    0.00    0.00   95.97
13:43:43     all    1.54    0.00    0.18    0.00    0.00    0.00    0.00    0.00    0.00   98.28
13:43:44     all    3.83    0.00    0.24    0.00    0.00    0.00    0.00    0.00    0.00   95.93
13:43:45     all    4.45    0.00    0.26    0.00    0.00    0.00    0.00    0.00    0.00   95.28
13:43:46     all    1.54    0.00    0.33    0.00    0.00    0.00    0.00    0.00    0.00   98.12
13:43:47     all    3.87    0.00    0.33    0.00    0.00    0.00    0.00    0.00    0.00   95.79
13:43:48     all    1.71    0.00    0.25    0.00    0.00    0.00    0.00    0.00    0.00   98.04
13:43:49     all    3.69    0.00    0.25    0.00    0.00    0.01    0.00    0.00    0.00   96.04
13:43:50     all    1.67    0.00    0.08    0.00    0.00    0.00    0.00    0.00    0.00   98.25
13:43:51     all    3.73    0.00    0.31    0.00    0.00    0.00    0.00    0.00    0.00   95.97
13:43:52     all    2.03    0.00    0.21    0.00    0.00    0.00    0.00    0.00    0.00   97.76
13:43:53     all    3.81    0.00    0.31    0.01    0.00    0.00    0.00    0.00    0.00   95.87
13:43:54     all    1.82    0.00    0.46    0.00    0.00    0.00    0.00    0.00    0.00   97.72
13:43:55     all    3.81    0.01    0.25    0.00    0.00    0.00    0.00    0.00    0.00   95.92
13:43:56     all    1.54    0.00    0.19    0.00    0.00    0.00    0.00    0.00    0.00   98.26
13:43:57     all    3.77    0.00    0.28    0.00    0.00    0.00    0.00    0.00    0.00   95.96
13:43:58     all    1.63    0.00    0.17    0.00    0.00    0.00    0.00    0.00    0.00   98.21
13:43:59     all    3.56    0.00    0.25    0.00    0.00    0.00    0.00    0.00    0.00   96.19
13:44:00     all    2.10    0.00    0.14    0.00    0.00    0.00    0.00    0.00    0.00   97.76
13:44:01     all    3.20    0.00    0.31    0.00    0.00    0.00    0.00    0.00    0.00   96.50
13:44:02     all    3.81    0.00    0.26    0.00    0.00    0.00    0.00    0.00    0.00   95.93
13:44:03     all    1.82    0.00    0.21    0.00    0.00    0.00    0.00    0.00    0.00   97.97
13:44:04     all    3.56    0.00    0.31    0.00    0.00    0.00    0.00    0.00    0.00   96.14
13:44:05     all    1.67    0.00    0.13    0.00    0.00    0.00    0.00    0.00    0.00   98.21
13:44:06     all    4.03    0.00    0.28    0.00    0.00    0.00    0.00    0.00    0.00   95.69
13:44:07     all    1.72    0.00    0.17    0.00    0.00    0.00    0.00    0.00    0.00   98.11
13:44:08     all    4.16    0.00    0.47    0.00    0.00    0.00    0.00    0.00    0.00   95.37
13:44:09     all    1.71    0.00    0.17    0.00    0.00    0.00    0.00    0.00    0.00   98.12
13:44:10     all    3.81    0.00    0.50    0.00    0.00    0.00    0.00    0.00    0.00   95.69
13:44:11     all    1.74    0.00    0.18    0.00    0.00    0.00    0.00    0.00    0.00   98.08
13:44:12     all    3.73    0.00    0.21    0.00    0.00    0.00    0.00    0.00    0.00   96.07
13:44:13     all    1.56    0.00    0.15    0.00    0.00    0.00    0.00    0.00    0.00   98.29
13:44:14     all    3.74    0.00    0.25    0.00    0.00    0.00    0.00    0.00    0.00   96.01
13:44:15     all    1.63    0.00    0.11    0.00    0.00    0.00    0.00    0.00    0.00   98.26
13:44:16     all    3.57    0.00    0.29    0.00    0.00    0.00    0.00    0.00    0.00   96.14
13:44:17     all    3.67    0.00    0.15    0.00    0.00    0.00    0.00    0.00    0.00   96.18
13:44:18     all    1.67    0.00    0.25    0.00    0.00    0.00    0.00    0.00    0.00   98.08
13:44:19     all    3.51    0.00    0.35    0.00    0.00    0.00    0.00    0.00    0.00   96.14
13:44:20     all    1.70    0.00    0.29    0.00    0.00    0.00    0.00    0.00    0.00   98.01
13:44:21     all    3.74    0.00    0.26    0.00    0.00    0.00    0.00    0.00    0.00   96.00
13:44:22     all    1.45    0.00    0.13    0.00    0.00    0.00    0.00    0.00    0.00   98.43
13:44:23     all    3.89    0.00    0.28    0.00    0.00    0.00    0.00    0.00    0.00   95.84
13:44:24     all    1.71    0.00    0.22    0.00    0.00    0.00    0.00    0.00    0.00   98.07
13:44:25     all    3.63    0.01    0.21    0.00    0.00    0.00    0.00    0.00    0.00   96.15
13:44:26     all    1.71    0.00    0.31    0.00    0.00    0.00    0.00    0.00    0.00   97.98
13:44:27     all    3.81    0.00    0.25    0.00    0.00    0.00    0.00    0.00    0.00   95.94
13:44:28     all    1.60    0.00    0.19    0.00    0.00    0.00    0.00    0.00    0.00   98.21
13:44:29     all    3.84    0.00    0.38    0.00    0.00    0.00    0.00    0.00    0.00   95.79
13:44:30     all    2.11    0.00    0.25    0.00    0.00    0.00    0.00    0.00    0.00   97.64
13:44:31     all    3.70    0.00    0.39    0.00    0.00    0.00    0.00    0.00    0.00   95.91
13:44:32     all    4.00    0.00    0.32    0.00    0.00    0.00    0.00    0.00    0.00   95.69
13:44:33     all    1.65    0.00    0.13    0.00    0.00    0.00    0.00    0.00    0.00   98.22
13:44:34     all    4.06    0.00    0.40    0.00    0.00    0.00    0.00    0.00    0.00   95.54
13:44:35     all    1.54    0.00    0.11    0.00    0.00    0.00    0.00    0.00    0.00   98.35
13:44:36     all    3.77    0.00    0.25    0.00    0.00    0.00    0.00    0.00    0.00   95.98
13:44:37     all    1.53    0.00    0.14    0.00    0.00    0.00    0.00    0.00    0.00   98.33
13:44:38     all    3.64    0.00    0.24    0.00    0.00    0.00    0.00    0.00    0.00   96.12
13:44:39     all    1.74    0.00    0.22    0.00    0.00    0.00    0.00    0.00    0.00   98.04
13:44:40     all    3.77    0.00    0.24    0.00    0.00    0.00    0.00    0.00    0.00   96.00
13:44:41     all    1.70    0.00    0.15    0.00    0.00    0.00    0.00    0.00    0.00   98.15
13:44:42     all    4.53    0.00    0.63    0.00    0.00    0.00    0.00    0.00    0.00   94.84
13:44:43     all    1.58    0.00    0.14    0.00    0.00    0.00    0.00    0.00    0.00   98.28
13:44:44     all    3.67    0.00    0.38    0.00    0.00    0.00    0.00    0.00    0.00   95.96
13:44:45     all    3.67    0.00    0.14    0.00    0.00    0.00    0.00    0.00    0.00   96.19
13:44:46     all    1.61    0.00    0.24    0.00    0.00    0.00    0.00    0.00    0.00   98.15
13:44:47     all    3.63    0.00    0.21    0.00    0.00    0.00    0.00    0.00    0.00   96.17
13:44:48     all    1.67    0.00    0.15    0.00    0.00    0.00    0.00    0.00    0.00   98.18
13:44:49     all    3.76    0.00    0.33    0.00    0.00    0.00    0.00    0.00    0.00   95.90
13:44:50     all    1.64    0.00    0.11    0.00    0.00    0.00    0.00    0.00    0.00   98.25
13:44:51     all    3.70    0.00    0.36    0.00    0.00    0.00    0.00    0.00    0.00   95.94
13:44:52     all    2.00    0.00    0.21    0.00    0.00    0.00    0.00    0.00    0.00   97.79
13:44:53     all    3.68    0.00    0.33    0.00    0.00    0.00    0.00    0.00    0.00   95.99
13:44:54     all    2.20    0.00    0.38    0.00    0.00    0.00    0.00    0.00    0.00   97.43
13:44:55     all    3.58    0.00    0.29    0.00    0.00    0.00    0.00    0.00    0.00   96.12
13:44:56     all    1.54    0.00    0.13    0.00    0.00    0.00    0.00    0.00    0.00   98.33
13:44:57     all    3.99    0.00    0.38    0.00    0.00    0.00    0.00    0.00    0.00   95.64
13:44:58     all    1.65    0.00    0.38    0.01    0.00    0.00    0.00    0.00    0.00   97.96
13:44:59     all    3.78    0.00    0.29    0.00    0.00    0.00    0.00    0.00    0.00   95.93
13:45:00     all    3.90    0.00    0.18    0.00    0.00    0.00    0.00    0.00    0.00   95.92
13:45:01     all    1.57    0.00    0.25    0.00    0.00    0.00    0.00    0.00    0.00   98.18
13:45:02     all    4.46    0.00    1.04    0.00    0.00    0.00    0.00    0.00    0.00   94.49
13:45:03     all    2.57    0.00    0.51    0.00    0.00    0.00    0.00    0.00    0.00   96.91
13:45:04     all    3.78    0.00    0.32    0.00    0.00    0.00    0.00    0.00    0.00   95.90
13:45:05     all    1.60    0.00    0.18    0.00    0.00    0.00    0.00    0.00    0.00   98.22
13:45:06     all    3.86    0.00    0.32    0.00    0.00    0.00    0.00    0.00    0.00   95.82
13:45:07     all    1.51    0.00    0.15    0.00    0.00    0.00    0.00    0.00    0.00   98.33
13:45:08     all    3.58    0.00    0.25    0.00    0.00    0.00    0.00    0.00    0.00   96.17
13:45:09     all    1.68    0.00    0.11    0.00    0.00    0.00    0.00    0.00    0.00   98.21
13:45:10     all    3.75    0.00    0.26    0.00    0.00    0.00    0.00    0.00    0.00   95.98
13:45:11     all    1.60    0.00    0.18    0.00    0.00    0.00    0.00    0.00    0.00   98.22
13:45:12     all    3.81    0.00    0.31    0.00    0.00    0.00    0.00    0.00    0.00   95.89
13:45:13     all    1.74    0.00    0.15    0.00    0.00    0.00    0.00    0.00    0.00   98.11
13:45:14     all    4.27    0.01    0.60    0.00    0.00    0.00    0.00    0.00    0.00   95.12
13:45:15     all    3.82    0.00    0.31    0.00    0.00    0.00    0.00    0.00    0.00   95.87
13:45:16     all    1.63    0.00    0.24    0.00    0.00    0.00    0.00    0.00    0.00   98.14
13:45:17     all    3.58    0.00    0.26    0.00    0.00    0.00    0.00    0.00    0.00   96.15
13:45:18     all    1.65    0.00    0.17    0.00    0.00    0.00    0.00    0.00    0.00   98.18
13:45:19     all    3.71    0.00    0.26    0.00    0.00    0.00    0.00    0.00    0.00   96.03
13:45:20     all    1.54    0.00    0.22    0.00    0.00    0.00    0.00    0.00    0.00   98.24
13:45:21     all    3.73    0.00    0.28    0.00    0.00    0.00    0.00    0.00    0.00   96.00
13:45:22     all    1.62    0.00    0.15    0.00    0.00    0.00    0.00    0.00    0.00   98.22
13:45:23     all    3.60    0.03    0.25    0.00    0.00    0.00    0.00    0.00    0.00   96.13
13:45:24     all    3.72    0.00    0.29    0.00    0.00    0.00    0.00    0.00    0.00   95.99
13:45:25     all    1.67    0.00    0.28    0.00    0.00    0.01    0.00    0.00    0.00   98.04
13:45:26     all    3.65    0.00    0.19    0.00    0.00    0.00    0.00    0.00    0.00   96.15
13:45:27     all    1.70    0.00    0.19    0.01    0.00    0.00    0.00    0.00    0.00   98.10
13:45:28     all    3.79    0.00    0.32    0.00    0.00    0.00    0.00    0.00    0.00   95.89
13:45:29     all    1.56    0.00    0.19    0.00    0.00    0.00    0.00    0.00    0.00   98.25
13:45:30     all    3.91    0.00    0.56    0.00    0.00    0.00    0.00    0.00    0.00   95.54
13:45:31     all    1.58    0.00    0.10    0.00    0.00    0.00    0.00    0.00    0.00   98.32
13:45:32     all    3.58    0.00    0.24    0.00    0.00    0.00    0.00    0.00    0.00   96.18
13:45:33     all    1.70    0.00    0.13    0.00    0.00    0.00    0.00    0.00    0.00   98.18
13:45:34     all    3.60    0.00    0.28    0.00    0.00    0.00    0.00    0.00    0.00   96.13
13:45:35     all    2.58    0.00    0.24    0.00    0.00    0.00    0.00    0.00    0.00   97.19
13:45:36     all    3.59    0.00    0.53    0.00    0.00    0.00    0.00    0.00    0.00   95.88
13:45:37     all    4.02    0.00    0.28    0.00    0.00    0.00    0.00    0.00    0.00   95.70
13:45:38     all    1.61    0.00    0.42    0.00    0.00    0.00    0.00    0.00    0.00   97.97
13:45:39     all    3.92    0.00    0.38    0.00    0.00    0.00    0.00    0.00    0.00   95.71
13:45:40     all    1.64    0.00    0.18    0.00    0.00    0.00    0.00    0.00    0.00   98.18
13:45:41     all    3.77    0.00    0.42    0.00    0.00    0.00    0.00    0.00    0.00   95.82
13:45:42     all    1.63    0.00    0.10    0.00    0.00    0.00    0.00    0.00    0.00   98.28
13:45:43     all    3.50    0.00    0.36    0.01    0.00    0.00    0.00    0.00    0.00   96.12
13:45:44     all    1.47    0.00    0.13    0.00    0.00    0.00    0.00    0.00    0.00   98.40
13:45:45     all    3.74    0.00    0.39    0.00    0.00    0.00    0.00    0.00    0.00   95.87
13:45:46     all    1.83    0.00    0.43    0.00    0.00    0.00    0.00    0.00    0.00   97.74
13:45:47     all    3.59    0.00    0.21    0.00    0.00    0.00    0.00    0.00    0.00   96.21
13:45:48     all    1.64    0.00    0.15    0.00    0.00    0.00    0.00    0.00    0.00   98.21
13:45:49     all    3.86    0.00    0.14    0.00    0.00    0.00    0.00    0.00    0.00   96.00
13:45:50     all    2.48    0.00    0.28    0.00    0.00    0.00    0.00    0.00    0.00   97.24
13:45:51     all    3.06    0.00    0.44    0.00    0.00    0.00    0.00    0.00    0.00   96.50
13:45:52     all    3.68    0.00    0.22    0.00    0.00    0.00    0.00    0.00    0.00   96.10
13:45:53     all    1.44    0.00    0.11    0.00    0.00    0.00    0.00    0.00    0.00   98.44
13:45:54     all    3.79    0.00    0.28    0.00    0.00    0.00    0.00    0.00    0.00   95.93
13:45:55     all    1.68    0.00    0.13    0.00    0.00    0.00    0.00    0.00    0.00   98.19
13:45:56     all    4.10    0.00    0.46    0.00    0.00    0.00    0.00    0.00    0.00   95.44
13:45:57     all    1.90    0.00    0.18    0.00    0.00    0.01    0.00    0.00    0.00   97.90
13:45:58     all    3.83    0.00    0.33    0.00    0.00    0.00    0.00    0.00    0.00   95.83
13:45:59     all    1.88    0.00    0.18    0.00    0.00    0.00    0.00    0.00    0.00   97.94
13:46:00     all    3.74    0.00    0.24    0.00    0.00    0.00    0.00    0.00    0.00   96.02
13:46:01     all    1.76    0.00    0.26    0.00    0.00    0.00    0.00    0.00    0.00   97.97
13:46:02     all    3.63    0.00    0.28    0.00    0.00    0.00    0.00    0.00    0.00   96.10
13:46:03     all    3.71    0.00    0.19    0.00    0.00    0.00    0.00    0.00    0.00   96.09
13:46:04     all    1.62    0.00    0.18    0.00    0.00    0.00    0.00    0.00    0.00   98.19
13:46:05     all    3.56    0.00    0.31    0.00    0.00    0.00    0.00    0.00    0.00   96.14
13:46:06     all    1.76    0.00    0.26    0.00    0.00    0.00    0.00    0.00    0.00   97.97
13:46:07     all    3.77    0.00    0.18    0.00    0.00    0.01    0.00    0.00    0.00   96.03
13:46:08     all    1.47    0.00    0.18    0.00    0.00    0.00    0.00    0.00    0.00   98.35
13:46:09     all    3.78    0.00    0.26    0.00    0.00    0.00    0.00    0.00    0.00   95.96
13:46:10     all    1.60    0.00    0.13    0.00    0.00    0.01    0.00    0.00    0.00   98.26
13:46:11     all    3.85    0.00    0.33    0.00    0.00    0.00    0.00    0.00    0.00   95.82
13:46:12     all    1.67    0.00    0.19    0.00    0.00    0.00    0.00    0.00    0.00   98.14
13:46:13     all    3.81    0.00    0.29    0.00    0.00    0.01    0.00    0.00    0.00   95.88
13:46:14     all    3.82    0.00    0.25    0.00    0.00    0.00    0.00    0.00    0.00   95.93
13:46:15     all    1.89    0.00    0.22    0.00    0.00    0.00    0.00    0.00    0.00   97.89
13:46:16     all    3.73    0.00    0.29    0.00    0.00    0.01    0.00    0.00    0.00   95.96
13:46:17     all    1.53    0.00    0.18    0.00    0.00    0.00    0.00    0.00    0.00   98.29
13:46:18     all    3.62    0.00    0.61    0.00    0.00    0.00    0.00    0.00    0.00   95.77
13:46:19     all    1.65    0.00    0.13    0.00    0.00    0.00    0.00    0.00    0.00   98.22
13:46:20     all    3.53    0.00    0.32    0.00    0.00    0.00    0.00    0.00    0.00   96.15
13:46:21     all    2.17    0.00    0.28    0.00    0.00    0.00    0.00    0.00    0.00   97.55
13:46:22     all    3.77    0.00    0.29    0.00    0.00    0.00    0.00    0.00    0.00   95.94
13:46:23     all    1.43    0.00    0.08    0.00    0.00    0.00    0.00    0.00    0.00   98.48
13:46:24     all    3.79    0.00    0.26    0.00    0.00    0.00    0.00    0.00    0.00   95.95
13:46:25     all    1.76    0.00    0.17    0.00    0.00    0.00    0.00    0.00    0.00   98.07
13:46:26     all    3.71    0.00    0.35    0.00    0.00    0.00    0.00    0.00    0.00   95.95
13:46:27     all    1.69    0.00    0.15    0.00    0.00    0.00    0.00    0.00    0.00   98.15
13:46:28     all    3.89    0.00    0.28    0.00    0.00    0.00    0.00    0.00    0.00   95.83
13:46:29     all    1.44    0.00    0.12    0.00    0.00    0.00    0.00    0.00    0.00   98.43
13:46:30     all    3.63    0.00    0.24    0.00    0.00    0.00    0.00    0.00    0.00   96.14
13:46:31     all    1.72    0.00    0.17    0.00    0.00    0.00    0.00    0.00    0.00   98.11
13:46:32     all    3.70    0.01    0.31    0.00    0.00    0.00    0.00    0.00    0.00   95.98
13:46:33     all    1.85    0.00    0.19    0.00    0.00    0.00    0.00    0.00    0.00   97.96
13:46:34     all    4.00    0.00    0.49    0.00    0.00    0.00    0.00    0.00    0.00   95.51
13:46:35     all    1.40    0.00    0.18    0.00    0.00    0.00    0.00    0.00    0.00   98.42
13:46:36     all    1.76    0.00    0.24    0.00    0.00    0.00    0.00    0.00    0.00   98.00
13:46:37     all    3.71    0.00    0.36    0.00    0.00    0.00    0.00    0.00    0.00   95.93
13:46:38     all    1.94    0.00    0.19    0.00    0.00    0.00    0.00    0.00    0.00   97.86
13:46:39     all    3.67    0.00    0.26    0.00    0.00    0.00    0.00    0.00    0.00   96.06
13:46:40     all    1.65    0.00    0.14    0.00    0.00    0.00    0.00    0.00    0.00   98.21
13:46:41     all    3.68    0.00    0.24    0.00    0.00    0.00    0.00    0.00    0.00   96.09
13:46:42     all    1.82    0.00    0.25    0.00    0.00    0.00    0.00    0.00    0.00   97.93
13:46:43     all    4.17    0.00    0.35    0.00    0.00    0.00    0.00    0.00    0.00   95.49
13:46:44     all    1.42    0.00    0.10    0.00    0.00    0.00    0.00    0.00    0.00   98.49
13:46:45     all    3.89    0.00    0.24    0.00    0.00    0.00    0.00    0.00    0.00   95.87
13:46:46     all    1.60    0.00    0.18    0.00    0.00    0.01    0.00    0.00    0.00   98.21
13:46:47     all    1.51    0.00    0.21    0.00    0.00    0.00    0.00    0.00    0.00   98.28
13:46:48     all    3.84    0.00    0.35    0.00    0.00    0.00    0.00    0.00    0.00   95.81
13:46:49     all    1.74    0.00    0.14    0.00    0.00    0.00    0.00    0.00    0.00   98.12
13:46:50     all    3.79    0.00    0.51    0.00    0.00    0.00    0.00    0.00    0.00   95.69
13:46:51     all    1.65    0.00    0.10    0.00    0.00    0.00    0.00    0.00    0.00   98.25
13:46:52     all    3.93    0.00    0.39    0.00    0.00    0.01    0.00    0.00    0.00   95.67
13:46:53     all    3.48    0.00    0.14    0.00    0.00    0.00    0.00    0.00    0.00   96.38
13:46:54     all    1.60    0.00    0.14    0.00    0.00    0.00    0.00    0.00    0.00   98.26
13:46:55     all    1.78    0.00    0.38    0.00    0.00    0.00    0.00    0.00    0.00   97.85
13:46:56     all    3.54    0.00    0.26    0.00    0.00    0.00    0.00    0.00    0.00   96.19
13:46:57     all    1.78    0.00    0.21    0.00    0.00    0.00    0.00    0.00    0.00   98.01
13:46:58     all    3.90    0.00    0.42    0.00    0.00    0.00    0.00    0.00    0.00   95.68
13:46:59     all    2.00    0.00    0.22    0.00    0.00    0.00    0.00    0.00    0.00   97.78
13:47:00     all    3.81    0.00    0.25    0.00    0.00    0.01    0.00    0.00    0.00   95.93
13:47:01     all    3.74    0.00    0.19    0.00    0.00    0.00    0.00    0.00    0.00   96.07
13:47:02     all    1.59    0.00    0.28    0.00    0.00    0.00    0.00    0.00    0.00   98.14
13:47:03     all    1.70    0.00    0.11    0.00    0.00    0.00    0.00    0.00    0.00   98.19
13:47:04     all    3.85    0.00    0.28    0.00    0.00    0.00    0.00    0.00    0.00   95.87
13:47:05     all    1.96    0.00    0.28    0.00    0.00    0.00    0.00    0.00    0.00   97.76
13:47:06     all    3.81    0.00    0.50    0.00    0.00    0.00    0.00    0.00    0.00   95.69
13:47:07     all    1.83    0.00    0.29    0.00    0.00    0.00    0.00    0.00    0.00   97.87
13:47:08     all    3.64    0.00    0.24    0.00    0.00    0.00    0.00    0.00    0.00   96.12
13:47:09     all    2.84    0.00    0.11    0.00    0.00    0.00    0.00    0.00    0.00   97.05
13:47:10     all    2.69    0.00    0.33    0.00    0.00    0.00    0.00    0.00    0.00   96.97
13:47:11     all    3.67    0.00    0.29    0.00    0.00    0.00    0.00    0.00    0.00   96.04
13:47:12     all    1.71    0.00    0.28    0.01    0.00    0.00    0.00    0.00    0.00   98.00
13:47:13     all    1.64    0.00    0.17    0.00    0.00    0.00    0.00    0.00    0.00   98.19
13:47:14     all    3.64    0.00    0.19    0.00    0.00    0.00    0.00    0.00    0.00   96.16
13:47:15     all    1.63    0.00    0.17    0.00    0.00    0.00    0.00    0.00    0.00   98.21
13:47:16     all    3.75    0.00    0.31    0.00    0.00    0.00    0.00    0.00    0.00   95.94
13:47:17     all    1.51    0.00    0.15    0.00    0.00    0.00    0.00    0.00    0.00   98.33
13:47:18     all    3.85    0.00    0.25    0.00    0.00    0.00    0.00    0.00    0.00   95.90
13:47:19     all    1.64    0.00    0.10    0.00    0.00    0.00    0.00    0.00    0.00   98.26
13:47:20     all    3.68    0.00    0.22    0.00    0.00    0.00    0.00    0.00    0.00   96.10
13:47:21     all    1.78    0.00    0.21    0.00    0.00    0.00    0.00    0.00    0.00   98.01
13:47:22     all    4.11    0.00    0.67    0.00    0.00    0.00    0.00    0.00    0.00   95.22
13:47:23     all    1.54    0.01    0.18    0.00    0.00    0.00    0.00    0.00    0.00   98.26
13:47:24     all    3.76    0.00    0.32    0.00    0.00    0.00    0.00    0.00    0.00   95.92
13:47:25     all    1.64    0.00    0.13    0.00    0.00    0.00    0.00    0.00    0.00   98.24
13:47:26     all    3.81    0.00    0.31    0.00    0.00    0.00    0.00    0.00    0.00   95.89
13:47:27     all    1.96    0.00    0.28    0.00    0.00    0.00    0.00    0.00    0.00   97.76
13:47:28     all    3.97    0.00    0.29    0.00    0.00    0.00    0.00    0.00    0.00   95.74
13:47:29     all    1.39    0.00    0.13    0.00    0.00    0.00    0.00    0.00    0.00   98.49
13:47:30     all    3.61    0.00    0.32    0.00    0.00    0.00    0.00    0.00    0.00   96.07
13:47:31     all    1.65    0.00    0.13    0.00    0.00    0.00    0.00    0.00    0.00   98.22
13:47:32     all    3.50    0.00    0.32    0.00    0.00    0.01    0.00    0.00    0.00   96.17
13:47:33     all    1.85    0.00    0.25    0.00    0.00    0.01    0.00    0.00    0.00   97.89
13:47:34     all    3.81    0.00    0.24    0.00    0.00    0.00    0.00    0.00    0.00   95.95
13:47:35     all    1.43    0.00    0.13    0.00    0.00    0.01    0.00    0.00    0.00   98.43
13:47:36     all    3.91    0.00    0.19    0.00    0.00    0.00    0.00    0.00    0.00   95.90
13:47:37     all    1.81    0.00    0.18    0.00    0.00    0.00    0.00    0.00    0.00   98.01
13:47:38     all    3.65    0.00    0.65    0.00    0.00    0.00    0.00    0.00    0.00   95.69
13:47:39     all    1.65    0.00    0.13    0.00    0.00    0.00    0.00    0.00    0.00   98.22
13:47:40     all    4.02    0.00    0.36    0.00    0.00    0.00    0.00    0.00    0.00   95.62
13:47:41     all    3.50    0.00    0.17    0.00    0.00    0.00    0.00    0.00    0.00   96.33
13:47:42     all    1.71    0.00    0.28    0.00    0.00    0.00    0.00    0.00    0.00   98.01
13:47:43     all    3.93    0.00    0.28    0.00    0.00    0.00    0.00    0.00    0.00   95.79
13:47:44     all    1.42    0.00    0.15    0.00    0.00    0.00    0.00    0.00    0.00   98.43
13:47:45     all    3.81    0.00    0.42    0.00    0.00    0.00    0.00    0.00    0.00   95.77
13:47:46     all    1.72    0.00    0.14    0.00    0.00    0.00    0.00    0.00    0.00   98.14
13:47:47     all    4.14    0.00    0.35    0.00    0.00    0.00    0.00    0.00    0.00   95.51
13:47:48     all    1.79    0.00    0.29    0.00    0.00    0.00    0.00    0.00    0.00   97.92
13:47:49     all    3.67    0.00    0.31    0.00    0.00    0.00    0.00    0.00    0.00   96.02
13:47:50     all    1.86    0.00    0.19    0.00    0.00    0.00    0.00    0.00    0.00   97.94
13:47:51     all    3.85    0.00    0.19    0.00    0.00    0.00    0.00    0.00    0.00   95.96
13:47:52     all    1.65    0.00    0.14    0.00    0.00    0.00    0.00    0.00    0.00   98.21
13:47:53     all   19.00    0.01    3.06    0.00    0.00    0.00    0.00    0.00    0.00   77.93
13:47:54     all   26.26    0.00    2.60    0.00    0.00    0.01    0.00    0.00    0.00   71.12
13:47:55     all   26.55    0.00    1.96    0.00    0.00    0.00    0.00    0.00    0.00   71.49
13:47:56     all   21.95    0.00    3.80    0.00    0.00    0.00    0.00    0.00    0.00   74.25
13:47:57     all   27.80    0.00    2.41    0.00    0.00    0.00    0.00    0.00    0.00   69.79
13:47:58     all   17.59    0.00    2.07    0.00    0.00    0.00    0.00    0.00    0.00   80.33
13:47:59     all   25.31    0.00    1.88    0.00    0.00    0.00    0.00    0.00    0.00   72.81
13:48:00     all   19.03    0.00    1.70    0.00    0.00    0.01    0.00    0.00    0.00   79.26
13:48:01     all   21.21    0.00    1.61    0.00    0.00    0.00    0.00    0.00    0.00   77.18
13:48:02     all   18.79    0.00    1.02    0.00    0.00    0.03    0.00    0.00    0.00   80.17
13:48:03     all   17.52    0.00    0.99    0.00    0.00    0.01    0.00    0.00    0.00   81.48
13:48:04     all   18.33    0.00    0.86    0.00    0.00    0.00    0.00    0.00    0.00   80.81
13:48:05     all   18.17    0.00    1.03    0.00    0.00    0.00    0.00    0.00    0.00   80.80
13:48:06     all   11.89    0.00    0.83    0.00    0.00    0.00    0.00    0.00    0.00   87.27
13:48:07     all   13.52    0.00    1.49    0.00    0.00    0.00    0.00    0.00    0.00   84.99
13:48:08     all   13.78    0.00    0.99    0.00    0.00    0.00    0.00    0.00    0.00   85.23
13:48:09     all   21.95    0.00    1.68    0.00    0.00    0.00    0.00    0.00    0.00   76.37
13:48:10     all   19.88    0.00    2.95    0.00    0.00    0.00    0.00    0.00    0.00   77.17
13:48:11     all   18.19    0.00    2.26    0.00    0.00    0.00    0.00    0.00    0.00   79.55
13:48:12     all   23.55    0.00    4.30    0.00    0.00    0.00    0.00    0.00    0.00   72.15
13:48:13     all   19.87    0.00    2.85    0.00    0.00    0.01    0.00    0.00    0.00   77.27
13:48:14     all   13.82    0.00    1.29    0.00    0.00    0.00    0.00    0.00    0.00   84.89
13:48:15     all   31.62    0.00    5.38    0.00    0.00    0.00    0.00    0.00    0.00   63.00
13:48:16     all   21.76    0.00    4.69    0.00    0.00    0.00    0.00    0.00    0.00   73.55
13:48:17     all   27.76    0.00    5.36    0.00    0.00    0.00    0.00    0.00    0.00   66.88
13:48:18     all   26.23    0.00    5.69    0.00    0.00    0.00    0.00    0.00    0.00   68.08
13:48:19     all   26.10    0.00    4.65    0.00    0.00    0.00    0.00    0.00    0.00   69.26
13:48:20     all   21.90    0.00    4.18    0.00    0.00    0.01    0.00    0.00    0.00   73.91
13:48:21     all   19.62    0.00    3.84    0.00    0.00    0.00    0.00    0.00    0.00   76.54
13:48:22     all   21.64    0.00    5.02    0.00    0.00    0.00    0.00    0.00    0.00   73.34
13:48:23     all   20.05    0.00    3.23    0.00    0.00    0.00    0.00    0.00    0.00   76.73
13:48:24     all   19.94    0.00    3.49    0.00    0.00    0.00    0.00    0.00    0.00   76.57
13:48:25     all   22.63    0.00    4.18    0.00    0.00    0.00    0.00    0.00    0.00   73.18
13:48:26     all   19.19    0.00    5.25    0.00    0.00    0.01    0.00    0.00    0.00   75.55
13:48:27     all   25.35    0.00    6.16    0.00    0.00    0.00    0.00    0.00    0.00   68.48
13:48:28     all   21.08    0.00    6.47    0.00    0.00    0.00    0.00    0.00    0.00   72.45
13:48:29     all   19.83    0.00    7.49    0.00    0.00    0.00    0.00    0.00    0.00   72.68
13:48:30     all   27.10    0.00    6.81    0.00    0.00    0.00    0.00    0.00    0.00   66.09
13:48:31     all   26.76    0.00    7.55    0.00    0.00    0.00    0.00    0.00    0.00   65.69
13:48:32     all   24.78    0.00    7.93    0.00    0.00    0.00    0.00    0.00    0.00   67.29
13:48:33     all   22.03    0.00    5.82    0.00    0.00    0.01    0.00    0.00    0.00   72.13
13:48:34     all   25.61    0.00    7.86    0.00    0.00    0.00    0.00    0.00    0.00   66.53
13:48:35     all   26.62    0.00   10.00    0.01    0.00    0.00    0.00    0.00    0.00   63.36
13:48:36     all   27.15    0.00    9.85    0.00    0.00    0.00    0.00    0.00    0.00   62.99
13:48:37     all   22.07    0.00    9.05    0.00    0.00    0.00    0.00    0.00    0.00   68.88
13:48:38     all   25.53    0.00    9.00    0.00    0.00    0.01    0.00    0.00    0.00   65.46
13:48:39     all   31.54    0.00    9.42    0.00    0.00    0.01    0.00    0.00    0.00   59.02
13:48:40     all   20.16    0.00    7.76    0.00    0.00    0.00    0.00    0.00    0.00   72.07
13:48:41     all   23.50    0.00    9.86    0.00    0.00    0.00    0.00    0.00    0.00   66.63
13:48:42     all   25.20    0.00   10.63    0.00    0.00    0.01    0.00    0.00    0.00   64.15
13:48:43     all   32.15    0.00   16.15    0.00    0.00    0.01    0.00    0.00    0.00   51.68
13:48:44     all   22.17    0.01   13.17    0.00    0.00    0.00    0.00    0.00    0.00   64.65
13:48:45     all   25.23    0.00   11.65    0.00    0.00    0.00    0.00    0.00    0.00   63.12
13:48:46     all   31.22    0.00   14.26    0.00    0.00    0.00    0.00    0.00    0.00   54.52
13:48:47     all   32.35    0.00   15.29    0.00    0.00    0.01    0.00    0.00    0.00   52.34
13:48:48     all   21.01    0.00   11.73    0.00    0.00    0.00    0.00    0.00    0.00   67.26
13:48:49     all   28.67    0.00   13.81    0.00    0.00    0.00    0.00    0.00    0.00   57.52
13:48:50     all   32.81    0.00   15.70    0.00    0.00    0.00    0.00    0.00    0.00   51.49
13:48:51     all   29.77    0.00   13.93    0.00    0.00    0.00    0.00    0.00    0.00   56.29
13:48:52     all   18.29    0.00   11.16    0.00    0.00    0.00    0.00    0.00    0.00   70.55
13:48:53     all   32.92    0.00   15.78    0.00    0.00    0.01    0.00    0.00    0.00   51.29
13:48:54     all   25.11    0.00   16.52    0.00    0.00    0.00    0.00    0.00    0.00   58.38
13:48:55     all   32.19    0.00   18.25    0.00    0.00    0.00    0.00    0.00    0.00   49.56
13:48:56     all   27.46    0.00   15.65    0.00    0.00    0.00    0.00    0.00    0.00   56.89
13:48:57     all   30.95    0.00   17.58    0.00    0.00    0.00    0.00    0.00    0.00   51.48
13:48:58     all   29.54    0.00   19.34    0.00    0.00    0.00    0.00    0.00    0.00   51.11
13:48:59     all   29.33    0.00   17.05    0.00    0.00    0.01    0.00    0.00    0.00   53.61
13:49:00     all   26.00    0.00   13.95    0.00    0.00    0.00    0.00    0.00    0.00   60.05
13:49:01     all   20.53    0.00   11.38    0.00    0.00    0.01    0.00    0.00    0.00   68.07
13:49:02     all   24.88    0.01   12.76    0.00    0.00    0.00    0.00    0.00    0.00   62.34
13:49:03     all   27.77    0.00   14.84    0.00    0.00    0.01    0.00    0.00    0.00   57.37
13:49:04     all   21.97    0.00   11.95    0.00    0.00    0.00    0.00    0.00    0.00   66.08
13:49:05     all   30.22    0.00   17.04    0.00    0.00    0.00    0.00    0.00    0.00   52.74
13:49:06     all   28.29    0.00   16.50    0.00    0.00    0.00    0.00    0.00    0.00   55.21
13:49:07     all   27.72    0.00   15.01    0.00    0.00    0.00    0.00    0.00    0.00   57.27
13:49:08     all   20.72    0.00   10.89    0.00    0.00    0.00    0.00    0.00    0.00   68.40
13:49:09     all   29.20    0.00   15.47    0.00    0.00    0.00    0.00    0.00    0.00   55.34
13:49:10     all   25.51    0.00   12.67    0.00    0.00    0.00    0.00    0.00    0.00   61.82
13:49:11     all   27.75    0.00   13.00    0.00    0.00    0.00    0.00    0.00    0.00   59.24
13:49:12     all   28.55    0.00   14.67    0.00    0.00    0.01    0.00    0.00    0.00   56.76
13:49:13     all   27.59    0.00   18.61    0.00    0.00    0.00    0.00    0.00    0.00   53.80
13:49:14     all   28.51    0.00   15.51    0.00    0.00    0.00    0.00    0.00    0.00   55.98
13:49:15     all   30.41    0.00   18.78    0.00    0.00    0.00    0.00    0.00    0.00   50.81
13:49:16     all   29.56    0.01   20.42    0.00    0.00    0.00    0.00    0.00    0.00   50.01
13:49:17     all   29.06    0.00   19.87    0.00    0.00    0.01    0.00    0.00    0.00   51.05
13:49:18     all   27.63    0.00   22.19    0.00    0.00    0.00    0.00    0.00    0.00   50.18
13:49:19     all   28.93    0.00   20.39    0.00    0.00    0.04    0.00    0.00    0.00   50.63
13:49:20     all   29.32    0.00   20.48    0.00    0.00    0.00    0.00    0.00    0.00   50.20
13:49:21     all   30.06    0.00   19.60    0.00    0.00    0.00    0.00    0.00    0.00   50.35
13:49:22     all   27.68    0.00   21.54    0.00    0.00    0.01    0.00    0.00    0.00   50.77
13:49:23     all   27.83    0.01   21.24    0.00    0.00    0.00    0.00    0.00    0.00   50.92
13:49:24     all   29.22    0.00   20.72    0.00    0.00    0.00    0.00    0.00    0.00   50.06
13:49:25     all   29.73    0.01   20.52    0.00    0.00    0.00    0.00    0.00    0.00   49.74
13:49:26     all   27.86    0.00   22.20    0.00    0.00    0.01    0.00    0.00    0.00   49.93
13:49:27     all   30.31    0.00   18.91    0.00    0.00    0.00    0.00    0.00    0.00   50.78
13:49:28     all   29.30    0.00   20.52    0.00    0.00    0.01    0.00    0.00    0.00   50.17
13:49:29     all   28.76    0.00   21.12    0.00    0.00    0.01    0.00    0.00    0.00   50.10
13:49:30     all   28.01    0.00   22.35    0.00    0.00    0.01    0.00    0.00    0.00   49.62
13:49:31     all   27.50    0.00   22.03    0.00    0.00    0.00    0.00    0.00    0.00   50.47
13:49:32     all   28.57    0.00   21.14    0.00    0.00    0.00    0.00    0.00    0.00   50.28
13:49:33     all   27.31    0.00   21.93    0.00    0.00    0.00    0.00    0.00    0.00   50.76
13:49:34     all   29.25    0.00   20.41    0.01    0.00    0.00    0.00    0.00    0.00   50.33
13:49:35     all   28.40    0.00   21.12    0.00    0.00    0.01    0.00    0.00    0.00   50.47
13:49:36     all   28.64    0.00   21.36    0.00    0.00    0.01    0.00    0.00    0.00   49.99
13:49:37     all   26.26    0.00   23.01    0.00    0.00    0.00    0.00    0.00    0.00   50.73
13:49:38     all   27.66    0.00   21.97    0.00    0.00    0.00    0.00    0.00    0.00   50.37
13:49:39     all   27.34    0.00   23.13    0.00    0.00    0.00    0.00    0.00    0.00   49.53
13:49:40     all   28.47    0.00   21.47    0.00    0.00    0.00    0.00    0.00    0.00   50.06
13:49:41     all   27.02    0.00   22.95    0.00    0.00    0.01    0.00    0.00    0.00   50.02
13:49:42     all   27.78    0.00   22.26    0.00    0.00    0.01    0.00    0.00    0.00   49.95
13:49:43     all   27.76    0.00   21.84    0.00    0.00    0.00    0.00    0.00    0.00   50.40
13:49:44     all   28.50    0.00   21.63    0.00    0.00    0.00    0.00    0.00    0.00   49.87
13:49:45     all   29.06    0.00   20.88    0.00    0.00    0.00    0.00    0.00    0.00   50.06
13:49:46     all   28.81    0.00   20.88    0.00    0.00    0.01    0.00    0.00    0.00   50.29
13:49:47     all   28.65    0.00   21.67    0.00    0.00    0.00    0.00    0.00    0.00   49.68
13:49:48     all   27.85    0.00   21.87    0.00    0.00    0.00    0.00    0.00    0.00   50.27
13:49:49     all   29.69    0.00   18.29    0.00    0.00    0.00    0.00    0.00    0.00   52.02
13:49:50     all   29.33    0.00   18.14    0.00    0.00    0.01    0.00    0.00    0.00   52.51
13:49:51     all   30.79    0.00   17.55    0.00    0.00    0.00    0.00    0.00    0.00   51.67
13:49:52     all   28.98    0.00   20.52    0.00    0.00    0.00    0.00    0.00    0.00   50.49
13:49:53     all   30.25    0.00   19.70    0.00    0.00    0.00    0.00    0.00    0.00   50.06
13:49:54     all   28.64    0.00   19.06    0.00    0.00    0.00    0.00    0.00    0.00   52.30
13:49:55     all   28.56    0.00   18.04    0.00    0.00    0.00    0.00    0.00    0.00   53.40
13:49:56     all   28.95    0.00   18.90    0.00    0.00    0.00    0.00    0.00    0.00   52.15
13:49:57     all   30.41    0.00   18.21    0.00    0.00    0.00    0.00    0.00    0.00   51.38
13:49:58     all   30.08    0.00   17.67    0.00    0.00    0.01    0.00    0.00    0.00   52.24
13:49:59     all   29.24    0.00   20.79    0.00    0.00    0.00    0.00    0.00    0.00   49.97
13:50:00     all   29.30    0.00   20.31    0.00    0.00    0.01    0.00    0.00    0.00   50.38
13:50:01     all   29.85    0.00   20.06    0.00    0.00    0.00    0.00    0.00    0.00   50.08
13:50:02     all   29.20    0.00   22.65    0.00    0.00    0.00    0.00    0.00    0.00   48.15
13:50:03     all   29.79    0.00   22.20    0.00    0.00    0.00    0.00    0.00    0.00   48.02
13:50:04     all   27.61    0.00   22.39    0.00    0.00    0.01    0.00    0.00    0.00   49.99
13:50:05     all   27.74    0.00   22.07    0.00    0.00    0.00    0.00    0.00    0.00   50.19
13:50:06     all   30.15    0.00   21.73    0.00    0.00    0.00    0.00    0.00    0.00   48.12
13:50:07     all   26.83    0.00   23.50    0.00    0.00    0.01    0.00    0.00    0.00   49.66
13:50:08     all   28.55    0.00   20.42    0.00    0.00    0.00    0.00    0.00    0.00   51.04
13:50:09     all   27.03    0.00   22.51    0.00    0.00    0.00    0.00    0.00    0.00   50.47
13:50:10     all   28.17    0.00   21.63    0.00    0.00    0.00    0.00    0.00    0.00   50.19
13:50:11     all   28.95    0.00   20.62    0.00    0.00    0.00    0.00    0.00    0.00   50.43
13:50:12     all   27.91    0.00   21.51    0.00    0.00    0.00    0.00    0.00    0.00   50.58
13:50:13     all   25.41    0.00   23.55    0.00    0.00    0.01    0.00    0.00    0.00   51.02
13:50:14     all   27.34    0.00   19.94    0.00    0.00    0.00    0.00    0.00    0.00   52.72
13:50:15     all   27.95    0.00   19.28    0.00    0.00    0.00    0.00    0.00    0.00   52.77
13:50:16     all   28.37    0.00   19.28    0.00    0.00    0.00    0.00    0.00    0.00   52.36
13:50:17     all   30.24    0.00   19.08    0.00    0.00    0.00    0.00    0.00    0.00   50.68
13:50:18     all   29.00    0.00   21.71    0.00    0.00    0.01    0.00    0.00    0.00   49.28
13:50:19     all   29.47    0.00   19.76    0.00    0.00    0.00    0.00    0.00    0.00   50.77
13:50:20     all   29.48    0.00   19.89    0.00    0.00    0.00    0.00    0.00    0.00   50.63
13:50:21     all   29.09    0.00   19.26    0.00    0.00    0.00    0.00    0.00    0.00   51.65
13:50:22     all   28.23    0.00   20.69    0.00    0.00    0.00    0.00    0.00    0.00   51.08
13:50:23     all   30.94    0.00   18.94    0.00    0.00    0.00    0.00    0.00    0.00   50.11
13:50:24     all   29.54    0.00   20.34    0.00    0.00    0.03    0.00    0.00    0.00   50.10
13:50:25     all   29.10    0.00   20.54    0.00    0.00    0.00    0.00    0.00    0.00   50.36
13:50:26     all   29.82    0.00   19.74    0.00    0.00    0.00    0.00    0.00    0.00   50.44
13:50:27     all   28.94    0.00   20.87    0.00    0.00    0.01    0.00    0.00    0.00   50.17
13:50:28     all   30.17    0.00   19.52    0.00    0.00    0.01    0.00    0.00    0.00   50.30
13:50:29     all   30.49    0.00   19.33    0.00    0.00    0.01    0.00    0.00    0.00   50.16
13:50:30     all   29.35    0.00   19.14    0.00    0.00    0.00    0.00    0.00    0.00   51.50
13:50:31     all   28.41    0.00   19.54    0.00    0.00    0.00    0.00    0.00    0.00   52.05
13:50:32     all   29.21    0.00   19.66    0.00    0.00    0.00    0.00    0.00    0.00   51.13
13:50:33     all   29.67    0.00   19.19    0.00    0.00    0.01    0.00    0.00    0.00   51.13
13:50:34     all   30.02    0.00   17.69    0.00    0.00    0.00    0.00    0.00    0.00   52.29
13:50:35     all   30.34    0.00   19.57    0.00    0.00    0.01    0.00    0.00    0.00   50.08
13:50:36     all   28.96    0.00   21.15    0.00    0.00    0.00    0.00    0.00    0.00   49.90
13:50:37     all   29.68    0.00   19.30    0.00    0.00    0.00    0.00    0.00    0.00   51.02
13:50:38     all   28.48    0.00   20.29    0.00    0.00    0.00    0.00    0.00    0.00   51.23
13:50:39     all   30.26    0.00   19.08    0.01    0.00    0.00    0.00    0.00    0.00   50.64
13:50:40     all   30.57    0.01   17.99    0.00    0.00    0.00    0.00    0.00    0.00   51.43
13:50:41     all   29.64    0.00   19.25    0.00    0.00    0.01    0.00    0.00    0.00   51.10
13:50:42     all   28.51    0.00   20.62    0.00    0.00    0.00    0.00    0.00    0.00   50.87
13:50:43     all   30.24    0.00   19.23    0.00    0.00    0.01    0.00    0.00    0.00   50.51
13:50:44     all   28.66    0.00   18.84    0.00    0.00    0.00    0.00    0.00    0.00   52.50
13:50:45     all   29.36    0.00   19.58    0.00    0.00    0.00    0.00    0.00    0.00   51.05
13:50:46     all   26.52    0.00   22.95    0.00    0.00    0.00    0.00    0.00    0.00   50.54
13:50:47     all   24.96    0.00   19.00    0.00    0.00    0.00    0.00    0.00    0.00   56.04
13:50:48     all   24.15    0.00   16.95    0.00    0.00    0.00    0.00    0.00    0.00   58.90
13:50:49     all   17.97    0.00   12.20    0.00    0.00    0.00    0.00    0.00    0.00   69.83
13:50:50     all   21.88    0.00   17.02    0.00    0.00    0.00    0.00    0.00    0.00   61.10
13:50:51     all   16.11    0.00   12.53    0.00    0.00    0.01    0.00    0.00    0.00   71.35
13:50:52     all   17.80    0.00    9.74    0.00    0.00    0.00    0.00    0.00    0.00   72.45
13:50:53     all   30.92    0.00   14.45    0.00    0.00    0.00    0.00    0.00    0.00   54.63
13:50:54     all   30.36    0.00   19.69    0.00    0.00    0.00    0.00    0.00    0.00   49.95
13:50:55     all   27.69    0.00   19.23    0.00    0.00    0.00    0.00    0.00    0.00   53.08
13:50:56     all   28.56    0.00   20.58    0.00    0.00    0.01    0.00    0.00    0.00   50.85
13:50:57     all   26.76    0.00   18.81    0.00    0.00    0.00    0.00    0.00    0.00   54.43
13:50:58     all   28.85    0.00   17.02    0.00    0.00    0.00    0.00    0.00    0.00   54.13
13:50:59     all   30.16    0.00   15.29    0.00    0.00    0.03    0.00    0.00    0.00   54.52
13:51:00     all   29.42    0.00   20.41    0.00    0.00    0.01    0.00    0.00    0.00   50.15
13:51:01     all   28.27    0.01   20.73    0.00    0.00    0.00    0.00    0.00    0.00   50.99
13:51:02     all   27.56    0.00   17.09    0.00    0.00    0.00    0.00    0.00    0.00   55.35
13:51:03     all   28.36    0.00   16.31    0.00    0.00    0.00    0.00    0.00    0.00   55.33
13:51:04     all   29.40    0.00   18.39    0.00    0.00    0.00    0.00    0.00    0.00   52.21
13:51:05     all   28.76    0.00   21.20    0.00    0.00    0.00    0.00    0.00    0.00   50.03
13:51:06     all   27.87    0.00   22.47    0.00    0.00    0.01    0.00    0.00    0.00   49.65
13:51:07     all   29.83    0.00   19.75    0.00    0.00    0.00    0.00    0.00    0.00   50.42
13:51:08     all   29.55    0.00   18.58    0.00    0.00    0.01    0.00    0.00    0.00   51.86
13:51:09     all   27.95    0.00   19.69    0.00    0.00    0.01    0.00    0.00    0.00   52.34
13:51:10     all   27.28    0.00   19.40    0.00    0.00    0.01    0.00    0.00    0.00   53.30
13:51:11     all   28.50    0.00   17.75    0.00    0.00    0.01    0.00    0.00    0.00   53.74
13:51:12     all   31.04    0.00   19.06    0.00    0.00    0.00    0.00    0.00    0.00   49.90
13:51:13     all   29.42    0.01   19.10    0.00    0.00    0.00    0.00    0.00    0.00   51.46
13:51:14     all   32.37    0.00   15.94    0.00    0.00    0.01    0.00    0.00    0.00   51.68
13:51:15     all   30.06    0.00   17.89    0.00    0.00    0.00    0.00    0.00    0.00   52.04
13:51:16     all   29.58    0.00   19.53    0.00    0.00    0.00    0.00    0.00    0.00   50.89
13:51:17     all   25.17    0.00   17.65    0.00    0.00    0.01    0.00    0.00    0.00   57.16
13:51:18     all   27.67    0.00   19.35    0.00    0.00    0.01    0.00    0.00    0.00   52.97
13:51:19     all   28.72    0.00   20.90    0.00    0.00    0.00    0.00    0.00    0.00   50.38
13:51:20     all   25.56    0.00   18.26    0.00    0.00    0.00    0.00    0.00    0.00   56.18
13:51:21     all   27.40    0.00   17.18    0.00    0.00    0.00    0.00    0.00    0.00   55.42
13:51:22     all   27.79    0.00   17.16    0.00    0.00    0.01    0.00    0.00    0.00   55.03
13:51:23     all   30.48    0.01   18.61    0.00    0.00    0.00    0.00    0.00    0.00   50.90
13:51:24     all   29.59    0.00   18.28    0.00    0.00    0.01    0.00    0.00    0.00   52.11
13:51:25     all   28.82    0.00   16.60    0.00    0.00    0.00    0.00    0.00    0.00   54.58
13:51:26     all   28.71    0.00   18.82    0.00    0.00    0.00    0.00    0.00    0.00   52.47
13:51:27     all   30.57    0.00   18.68    0.00    0.00    0.00    0.00    0.00    0.00   50.75
13:51:28     all   28.96    0.00   18.07    0.00    0.00    0.01    0.00    0.00    0.00   52.95
13:51:29     all   28.88    0.00   18.25    0.00    0.00    0.00    0.00    0.00    0.00   52.87
13:51:30     all   30.13    0.00   19.89    0.00    0.00    0.01    0.00    0.00    0.00   49.97
13:51:31     all   30.30    0.00   18.83    0.00    0.00    0.00    0.00    0.00    0.00   50.87
13:51:32     all   28.67    0.00   16.14    0.00    0.00    0.01    0.00    0.00    0.00   55.17
13:51:33     all   19.67    0.00   15.06    0.00    0.00    0.00    0.00    0.00    0.00   65.27
13:51:34     all   29.53    0.00   17.60    0.00    0.00    0.00    0.00    0.00    0.00   52.87
13:51:35     all   29.42    0.00   18.93    0.00    0.00    0.00    0.00    0.00    0.00   51.66
13:51:36     all   29.67    0.00   19.54    0.00    0.00    0.01    0.00    0.00    0.00   50.78
13:51:37     all   27.72    0.01   16.07    0.00    0.00    0.00    0.00    0.00    0.00   56.20
13:51:38     all   31.31    0.00   17.52    0.00    0.00    0.03    0.00    0.00    0.00   51.14
13:51:39     all   29.09    0.00   18.43    0.00    0.00    0.00    0.00    0.00    0.00   52.48
13:51:40     all   29.13    0.00   20.55    0.00    0.00    0.00    0.00    0.00    0.00   50.31
13:51:41     all   29.70    0.00   17.71    0.00    0.00    0.00    0.00    0.00    0.00   52.59
13:51:42     all   26.46    0.00   18.32    0.00    0.00    0.00    0.00    0.00    0.00   55.22
13:51:43     all   28.37    0.00   16.31    0.00    0.00    0.00    0.00    0.00    0.00   55.32
13:51:44     all   30.06    0.00   17.15    0.00    0.00    0.01    0.00    0.00    0.00   52.77
13:51:45     all   26.79    0.00   16.41    0.00    0.00    0.00    0.00    0.00    0.00   56.80
13:51:46     all   30.36    0.00   17.62    0.00    0.00    0.00    0.00    0.00    0.00   52.03
13:51:47     all   26.86    0.00   16.34    0.00    0.00    0.00    0.00    0.00    0.00   56.80
13:51:48     all   29.20    0.00   16.31    0.00    0.00    0.00    0.00    0.00    0.00   54.49
13:51:49     all   30.01    0.00   16.79    0.00    0.00    0.03    0.00    0.00    0.00   53.17
13:51:50     all   25.31    0.00   14.86    0.00    0.00    0.00    0.00    0.00    0.00   59.83
13:51:51     all   31.15    0.00   16.70    0.00    0.00    0.00    0.00    0.00    0.00   52.14
13:51:52     all   19.89    0.00   12.92    0.00    0.00    0.00    0.00    0.00    0.00   67.19
13:51:53     all   28.37    0.00   18.72    0.00    0.00    0.01    0.00    0.00    0.00   52.90
13:51:54     all   27.36    0.00   17.26    0.00    0.00    0.00    0.00    0.00    0.00   55.38
13:51:55     all   30.41    0.00   16.26    0.00    0.00    0.00    0.00    0.00    0.00   53.32
13:51:56     all   27.80    0.01   15.56    0.00    0.00    0.00    0.00    0.00    0.00   56.62
13:51:57     all   30.16    0.00   16.82    0.00    0.00    0.00    0.00    0.00    0.00   53.02
13:51:58     all   29.89    0.00   19.28    0.00    0.00    0.01    0.00    0.00    0.00   50.81
13:51:59     all   28.80    0.00   20.65    0.00    0.00    0.00    0.00    0.00    0.00   50.55
13:52:00     all   29.05    0.00   21.13    0.00    0.00    0.01    0.00    0.00    0.00   49.81
13:52:01     all   28.82    0.00   21.35    0.00    0.00    0.01    0.00    0.00    0.00   49.82
13:52:02     all   30.21    0.00   19.71    0.00    0.00    0.00    0.00    0.00    0.00   50.08
13:52:03     all   29.48    0.00   17.76    0.01    0.00    0.00    0.00    0.00    0.00   52.74
13:52:04     all   29.18    0.00   20.63    0.00    0.00    0.00    0.00    0.00    0.00   50.19
13:52:05     all   30.72    0.00   18.35    0.00    0.00    0.00    0.00    0.00    0.00   50.93
13:52:06     all   28.40    0.00   18.10    0.00    0.00    0.00    0.00    0.00    0.00   53.49
13:52:07     all   30.81    0.00   19.52    0.01    0.00    0.00    0.00    0.00    0.00   49.65
13:52:08     all   30.48    0.00   18.73    0.00    0.00    0.01    0.00    0.00    0.00   50.77
13:52:09     all   29.37    0.00   20.30    0.00    0.00    0.00    0.00    0.00    0.00   50.33
13:52:10     all   28.97    0.00   22.06    0.00    0.00    0.00    0.00    0.00    0.00   48.97
13:52:11     all   28.45    0.00   21.41    0.00    0.00    0.00    0.00    0.00    0.00   50.14
13:52:12     all   30.48    0.00   20.68    0.00    0.00    0.01    0.00    0.00    0.00   48.83
13:52:13     all   29.48    0.00   19.85    0.00    0.00    0.00    0.00    0.00    0.00   50.67
13:52:14     all   28.31    0.00   19.89    0.00    0.00    0.00    0.00    0.00    0.00   51.80
13:52:15     all   31.40    0.00   18.67    0.00    0.00    0.00    0.00    0.00    0.00   49.93
13:52:16     all   28.03    0.00   20.88    0.00    0.00    0.01    0.00    0.00    0.00   51.08
13:52:17     all   27.66    0.00   21.44    0.00    0.00    0.00    0.00    0.00    0.00   50.90
13:52:18     all   29.17    0.00   19.27    0.00    0.00    0.00    0.00    0.00    0.00   51.56
13:52:19     all   30.50    0.00   18.64    0.00    0.00    0.00    0.00    0.00    0.00   50.86
13:52:20     all   31.68    0.00   18.14    0.00    0.00    0.00    0.00    0.00    0.00   50.18
13:52:21     all   29.98    0.00   19.93    0.00    0.00    0.00    0.00    0.00    0.00   50.09
13:52:22     all   29.27    0.00   21.41    0.00    0.00    0.01    0.00    0.00    0.00   49.30
13:52:23     all   30.36    0.00   20.52    0.00    0.00    0.00    0.00    0.00    0.00   49.12
13:52:24     all   29.92    0.00   20.65    0.00    0.00    0.00    0.00    0.00    0.00   49.44
13:52:25     all   30.46    0.00   19.85    0.00    0.00    0.00    0.00    0.00    0.00   49.69
13:52:26     all   30.33    0.00   19.26    0.00    0.00    0.01    0.00    0.00    0.00   50.39
13:52:27     all   28.37    0.00   19.90    0.00    0.00    0.00    0.00    0.00    0.00   51.73
13:52:28     all   28.95    0.00   21.10    0.01    0.00    0.00    0.00    0.00    0.00   49.94
13:52:29     all   27.79    0.00   22.63    0.00    0.00    0.01    0.00    0.00    0.00   49.56
13:52:30     all   29.72    0.00   20.00    0.00    0.00    0.00    0.00    0.00    0.00   50.28
13:52:31     all   30.47    0.00   19.39    0.00    0.00    0.01    0.00    0.00    0.00   50.13
13:52:32     all   29.59    0.00   20.18    0.00    0.00    0.00    0.00    0.00    0.00   50.24
13:52:33     all   30.31    0.00   19.00    0.00    0.00    0.00    0.00    0.00    0.00   50.69
13:52:34     all   29.06    0.00   20.19    0.00    0.00    0.01    0.00    0.00    0.00   50.73
13:52:35     all   28.86    0.00   20.88    0.00    0.00    0.00    0.00    0.00    0.00   50.26
13:52:36     all   26.33    0.00   21.93    0.00    0.00    0.00    0.00    0.00    0.00   51.74
13:52:37     all   29.67    0.00   16.04    0.00    0.00    0.00    0.00    0.00    0.00   54.29
13:52:38     all   31.77    0.00   17.68    0.00    0.00    0.00    0.00    0.00    0.00   50.56
13:52:39     all   31.14    0.01   18.18    0.00    0.00    0.01    0.00    0.00    0.00   50.65
13:52:40     all   31.01    0.00   18.07    0.00    0.00    0.00    0.00    0.00    0.00   50.93
13:52:41     all   29.26    0.00   20.49    0.00    0.00    0.00    0.00    0.00    0.00   50.25
13:52:42     all   30.31    0.00   20.20    0.00    0.00    0.00    0.00    0.00    0.00   49.49
13:52:43     all   29.78    0.00   19.11    0.00    0.00    0.01    0.00    0.00    0.00   51.10
13:52:44     all   27.50    0.00   19.89    0.00    0.00    0.00    0.00    0.00    0.00   52.61
13:52:45     all   28.90    0.00   20.67    0.00    0.00    0.00    0.00    0.00    0.00   50.43
13:52:46     all   29.92    0.00   21.37    0.00    0.00    0.03    0.00    0.00    0.00   48.69
13:52:47     all   29.60    0.00   19.63    0.00    0.00    0.00    0.00    0.00    0.00   50.76
13:52:48     all   30.46    0.00   18.02    0.00    0.00    0.00    0.00    0.00    0.00   51.52
13:52:49     all   31.60    0.00   18.09    0.00    0.00    0.00    0.00    0.00    0.00   50.32
13:52:50     all   31.56    0.00   18.32    0.00    0.00    0.01    0.00    0.00    0.00   50.10
13:52:51     all   31.18    0.00   17.73    0.00    0.00    0.00    0.00    0.00    0.00   51.09
13:52:52     all   31.74    0.00   17.75    0.00    0.00    0.01    0.00    0.00    0.00   50.49
13:52:53     all   28.01    0.00   19.33    0.00    0.00    0.00    0.00    0.00    0.00   52.66
13:52:54     all   31.48    0.00   18.82    0.00    0.00    0.01    0.00    0.00    0.00   49.69
13:52:55     all   30.44    0.00   19.85    0.00    0.00    0.04    0.00    0.00    0.00   49.67
13:52:56     all   29.09    0.00   20.63    0.00    0.00    0.00    0.00    0.00    0.00   50.29
13:52:57     all   29.52    0.00   19.83    0.00    0.00    0.00    0.00    0.00    0.00   50.65
13:52:58     all   26.62    0.00   19.20    0.00    0.00    0.00    0.00    0.00    0.00   54.18
13:52:59     all   28.53    0.00   19.27    0.00    0.00    0.01    0.00    0.00    0.00   52.19
13:53:00     all   28.01    0.00   19.88    0.00    0.00    0.01    0.00    0.00    0.00   52.09
13:53:01     all   30.57    0.00   19.14    0.00    0.00    0.00    0.00    0.00    0.00   50.30
13:53:02     all   31.20    0.00   17.33    0.00    0.00    0.01    0.00    0.00    0.00   51.45
13:53:03     all   30.29    0.00   18.91    0.00    0.00    0.00    0.00    0.00    0.00   50.80
13:53:04     all   31.65    0.00   17.76    0.00    0.00    0.00    0.00    0.00    0.00   50.58
13:53:05     all   30.74    0.00   18.32    0.01    0.00    0.00    0.00    0.00    0.00   50.92
13:53:06     all   31.95    0.00   18.10    0.00    0.00    0.01    0.00    0.00    0.00   49.94
13:53:07     all   29.53    0.00   19.68    0.00    0.00    0.00    0.00    0.00    0.00   50.79
13:53:08     all   31.98    0.00   18.92    0.00    0.00    0.00    0.00    0.00    0.00   49.10
13:53:09     all   29.98    0.00   18.21    0.00    0.00    0.01    0.00    0.00    0.00   51.79
13:53:10     all   26.81    0.00   19.87    0.00    0.00    0.00    0.00    0.00    0.00   53.32
13:53:11     all   30.48    0.00   18.87    0.00    0.00    0.00    0.00    0.00    0.00   50.65
13:53:12     all   29.77    0.00   19.69    0.00    0.00    0.01    0.00    0.00    0.00   50.53
13:53:13     all   29.61    0.00   19.58    0.00    0.00    0.00    0.00    0.00    0.00   50.81
13:53:14     all   30.55    0.01   20.72    0.00    0.00    0.00    0.00    0.00    0.00   48.71
13:53:15     all   28.85    0.00   20.68    0.00    0.00    0.00    0.00    0.00    0.00   50.47
13:53:16     all   29.36    0.00   20.29    0.00    0.00    0.00    0.00    0.00    0.00   50.35
13:53:17     all   30.15    0.00   20.12    0.00    0.00    0.03    0.00    0.00    0.00   49.70
13:53:18     all   30.04    0.00   19.25    0.00    0.00    0.00    0.00    0.00    0.00   50.72
13:53:19     all   30.87    0.00   19.74    0.00    0.00    0.00    0.00    0.00    0.00   49.40
13:53:20     all   28.81    0.00   21.53    0.00    0.00    0.00    0.00    0.00    0.00   49.66
13:53:21     all   28.87    0.00   20.54    0.00    0.00    0.01    0.00    0.00    0.00   50.57
13:53:22     all   29.12    0.00   21.57    0.01    0.00    0.00    0.00    0.00    0.00   49.30
13:53:23     all   29.64    0.00   20.36    0.00    0.00    0.00    0.00    0.00    0.00   50.00
13:53:24     all   29.21    0.00   20.35    0.00    0.00    0.00    0.00    0.00    0.00   50.44
13:53:25     all   29.01    0.00   21.42    0.00    0.00    0.00    0.00    0.00    0.00   49.58
13:53:26     all   29.73    0.00   20.90    0.00    0.00    0.00    0.00    0.00    0.00   49.37
13:53:27     all   29.50    0.00   20.30    0.00    0.00    0.00    0.00    0.00    0.00   50.20
13:53:28     all   30.70    0.00   19.34    0.00    0.00    0.00    0.00    0.00    0.00   49.97
13:53:29     all   28.89    0.00   20.44    0.00    0.00    0.01    0.00    0.00    0.00   50.66
13:53:30     all   30.47    0.00   20.25    0.00    0.00    0.00    0.00    0.00    0.00   49.28
13:53:31     all   31.44    0.00   18.88    0.00    0.00    0.00    0.00    0.00    0.00   49.69
13:53:32     all   28.62    0.00   19.64    0.00    0.00    0.03    0.00    0.00    0.00   51.72
13:53:33     all   29.79    0.00   19.60    0.00    0.00    0.00    0.00    0.00    0.00   50.61
13:53:34     all   27.21    0.00   21.90    0.00    0.00    0.00    0.00    0.00    0.00   50.89
13:53:35     all   31.46    0.00   17.89    0.00    0.00    0.00    0.00    0.00    0.00   50.65
13:53:36     all   29.22    0.00   17.41    0.00    0.00    0.00    0.00    0.00    0.00   53.37
13:53:37     all   29.66    0.00   19.74    0.00    0.00    0.01    0.00    0.00    0.00   50.59
13:53:38     all   28.70    0.00   21.34    0.00    0.00    0.00    0.00    0.00    0.00   49.96
13:53:39     all   30.89    0.01   18.15    0.00    0.00    0.00    0.00    0.00    0.00   50.95
13:53:40     all   29.13    0.00   20.23    0.00    0.00    0.00    0.00    0.00    0.00   50.65
13:53:41     all   28.51    0.00   19.54    0.00    0.00    0.00    0.00    0.00    0.00   51.94
13:53:42     all   30.46    0.01   18.56    0.00    0.00    0.00    0.00    0.00    0.00   50.96
13:53:43     all   32.46    0.00   17.56    0.00    0.00    0.00    0.00    0.00    0.00   49.99
13:53:44     all   31.72    0.00   17.98    0.00    0.00    0.01    0.00    0.00    0.00   50.28
13:53:45     all   29.87    0.00   20.16    0.00    0.00    0.00    0.00    0.00    0.00   49.97
13:53:46     all   31.04    0.00   19.49    0.00    0.00    0.00    0.00    0.00    0.00   49.47
13:53:47     all   29.20    0.00   20.80    0.00    0.00    0.00    0.00    0.00    0.00   49.99
13:53:48     all   29.27    0.00   19.35    0.00    0.00    0.00    0.00    0.00    0.00   51.38
13:53:49     all   29.60    0.00   19.51    0.00    0.00    0.00    0.00    0.00    0.00   50.89
13:53:50     all   29.78    0.00   18.18    0.00    0.00    0.03    0.00    0.00    0.00   52.01
13:53:51     all   31.58    0.00   18.18    0.00    0.00    0.00    0.00    0.00    0.00   50.24
13:53:52     all   30.80    0.00   19.26    0.00    0.00    0.00    0.00    0.00    0.00   49.94
13:53:53     all   30.25    0.00   18.26    0.00    0.00    0.01    0.00    0.00    0.00   51.48
13:53:54     all   30.07    0.00   18.23    0.00    0.00    0.01    0.00    0.00    0.00   51.69
13:53:55     all   28.90    0.00   17.79    0.00    0.00    0.00    0.00    0.00    0.00   53.31
13:53:56     all   28.84    0.00   18.78    0.00    0.00    0.00    0.00    0.00    0.00   52.38
13:53:57     all   31.16    0.00   16.58    0.00    0.00    0.01    0.00    0.00    0.00   52.24
13:53:58     all   29.33    0.00   17.00    0.00    0.00    0.01    0.00    0.00    0.00   53.65
13:53:59     all   29.69    0.00   15.76    0.00    0.00    0.00    0.00    0.00    0.00   54.54
13:54:00     all   32.70    0.00   17.56    0.00    0.00    0.01    0.00    0.00    0.00   49.73
13:54:01     all   31.24    0.00   19.06    0.00    0.00    0.00    0.00    0.00    0.00   49.70
13:54:02     all   30.47    0.00   19.29    0.00    0.00    0.01    0.00    0.00    0.00   50.22
13:54:03     all   28.12    0.00   18.38    0.00    0.00    0.00    0.00    0.00    0.00   53.50
13:54:04     all   29.60    0.00   18.60    0.00    0.00    0.00    0.00    0.00    0.00   51.79
13:54:05     all   32.04    0.00   17.58    0.00    0.00    0.01    0.00    0.00    0.00   50.37
13:54:06     all   31.26    0.00   16.75    0.00    0.00    0.00    0.00    0.00    0.00   51.99
13:54:07     all   32.10    0.00   17.81    0.00    0.00    0.01    0.00    0.00    0.00   50.08
13:54:08     all   31.73    0.00   17.53    0.00    0.00    0.01    0.00    0.00    0.00   50.73
13:54:09     all   30.76    0.00   18.21    0.00    0.00    0.00    0.00    0.00    0.00   51.03
13:54:10     all   30.45    0.00   17.06    0.00    0.00    0.00    0.00    0.00    0.00   52.49
13:54:11     all   31.58    0.00   16.01    0.00    0.00    0.00    0.00    0.00    0.00   52.40
13:54:12     all   30.80    0.00   16.89    0.00    0.00    0.01    0.00    0.00    0.00   52.30
13:54:13     all   28.83    0.00   16.21    0.00    0.00    0.00    0.00    0.00    0.00   54.96
13:54:14     all   30.62    0.00   16.91    0.00    0.00    0.00    0.00    0.00    0.00   52.47
13:54:15     all   28.27    0.00   16.85    0.00    0.00    0.01    0.00    0.00    0.00   54.88
13:54:16     all   26.28    0.00   16.03    0.00    0.00    0.00    0.00    0.00    0.00   57.69
13:54:17     all   31.67    0.00   15.77    0.01    0.00    0.00    0.00    0.00    0.00   52.54
13:54:18     all   29.01    0.00   17.60    0.00    0.00    0.00    0.00    0.00    0.00   53.39
13:54:19     all   32.40    0.00   15.45    0.00    0.00    0.01    0.00    0.00    0.00   52.14
13:54:20     all   31.28    0.00   17.44    0.00    0.00    0.00    0.00    0.00    0.00   51.27
13:54:21     all   33.56    0.00   16.71    0.00    0.00    0.00    0.00    0.00    0.00   49.73
13:54:22     all   30.10    0.00   18.57    0.00    0.00    0.00    0.00    0.00    0.00   51.33
13:54:23     all   26.92    0.00   15.79    0.00    0.00    0.00    0.00    0.00    0.00   57.30
13:54:24     all   28.77    0.00   18.09    0.00    0.00    0.00    0.00    0.00    0.00   53.13
13:54:25     all   31.45    0.00   18.33    0.00    0.00    0.01    0.00    0.00    0.00   50.21
13:54:26     all   30.26    0.00   19.20    0.00    0.00    0.00    0.00    0.00    0.00   50.54
13:54:27     all   30.08    0.00   19.55    0.00    0.00    0.00    0.00    0.00    0.00   50.36
13:54:28     all   30.48    0.00   19.76    0.00    0.00    0.00    0.00    0.00    0.00   49.76
13:54:29     all   30.87    0.00   18.52    0.00    0.00    0.00    0.00    0.00    0.00   50.62
13:54:30     all   30.89    0.00   19.26    0.00    0.00    0.01    0.00    0.00    0.00   49.84
13:54:31     all   31.65    0.00   18.64    0.00    0.00    0.00    0.00    0.00    0.00   49.71
13:54:32     all   31.12    0.00   18.70    0.00    0.00    0.00    0.00    0.00    0.00   50.18
13:54:33     all   31.40    0.00   19.09    0.00    0.00    0.00    0.00    0.00    0.00   49.51
13:54:34     all   29.75    0.00   20.06    0.00    0.00    0.00    0.00    0.00    0.00   50.19
13:54:35     all   30.38    0.00   19.67    0.00    0.00    0.00    0.00    0.00    0.00   49.95
13:54:36     all   30.38    0.00   17.37    0.00    0.00    0.00    0.00    0.00    0.00   52.25
13:54:37     all   32.20    0.00   17.27    0.00    0.00    0.00    0.00    0.00    0.00   50.54
13:54:38     all   29.99    0.00   19.83    0.00    0.00    0.01    0.00    0.00    0.00   50.17
13:54:39     all   29.87    0.00   19.94    0.00    0.00    0.01    0.00    0.00    0.00   50.17
13:54:40     all   29.74    0.00   20.10    0.00    0.00    0.01    0.00    0.00    0.00   50.15
13:54:41     all   30.99    0.00   18.88    0.00    0.00    0.00    0.00    0.00    0.00   50.13
13:54:42     all   30.87    0.00   18.81    0.00    0.00    0.00    0.00    0.00    0.00   50.32
13:54:43     all   28.64    0.00   19.66    0.00    0.00    0.00    0.00    0.00    0.00   51.70
13:54:44     all   27.91    0.00   18.99    0.00    0.00    0.00    0.00    0.00    0.00   53.09
13:54:45     all   27.15    0.00   19.08    0.00    0.00    0.00    0.00    0.00    0.00   53.77
13:54:46     all   31.83    0.01   18.21    0.00    0.00    0.01    0.00    0.00    0.00   49.94
13:54:47     all   29.99    0.00   20.39    0.00    0.00    0.00    0.00    0.00    0.00   49.62
13:54:48     all   30.73    0.00   20.55    0.00    0.00    0.00    0.00    0.00    0.00   48.71
13:54:49     all   29.04    0.01   19.98    0.00    0.00    0.01    0.00    0.00    0.00   50.96
13:54:50     all   29.76    0.00   18.40    0.00    0.00    0.01    0.00    0.00    0.00   51.83
13:54:51     all   27.15    0.00   19.10    0.00    0.00    0.01    0.00    0.00    0.00   53.73
13:54:52     all   27.85    0.00   17.44    0.00    0.00    0.01    0.00    0.00    0.00   54.70
13:54:53     all   29.86    0.00   17.11    0.00    0.00    0.01    0.00    0.00    0.00   53.01
13:54:54     all   26.56    0.00   17.65    0.01    0.00    0.00    0.00    0.00    0.00   55.77
13:54:55     all   27.93    0.00   18.21    0.00    0.00    0.00    0.00    0.00    0.00   53.86
13:54:56     all   29.60    0.00   17.50    0.00    0.00    0.00    0.00    0.00    0.00   52.90
13:54:57     all   27.39    0.00   17.71    0.00    0.00    0.00    0.00    0.00    0.00   54.91
13:54:58     all   25.53    0.00   18.22    0.00    0.00    0.00    0.00    0.00    0.00   56.25
13:54:59     all   26.14    0.00   17.60    0.00    0.00    0.01    0.00    0.00    0.00   56.25
13:55:00     all   28.44    0.00   19.08    0.00    0.00    0.00    0.00    0.00    0.00   52.49
13:55:01     all   31.41    0.00   18.38    0.00    0.00    0.01    0.00    0.00    0.00   50.20
13:55:02     all   32.21    0.00   20.13    0.00    0.00    0.01    0.00    0.00    0.00   47.64
13:55:03     all   33.07    0.00   18.07    0.00    0.00    0.00    0.00    0.00    0.00   48.86
13:55:04     all   32.17    0.00   18.91    0.00    0.00    0.00    0.00    0.00    0.00   48.92
13:55:05     all   30.33    0.00   20.11    0.00    0.00    0.00    0.00    0.00    0.00   49.56
13:55:06     all   30.17    0.00   17.56    0.00    0.00    0.01    0.00    0.00    0.00   52.26
13:55:07     all   30.58    0.00   17.71    0.00    0.00    0.01    0.00    0.00    0.00   51.70
13:55:08     all   31.27    0.00   18.19    0.00    0.00    0.00    0.00    0.00    0.00   50.54
13:55:09     all   30.39    0.00   19.77    0.00    0.00    0.00    0.00    0.00    0.00   49.84
13:55:10     all   28.51    0.00   19.90    0.00    0.00    0.01    0.00    0.00    0.00   51.58
13:55:11     all   29.70    0.00   19.48    0.00    0.00    0.00    0.00    0.00    0.00   50.83
13:55:12     all   28.16    0.00   20.58    0.00    0.00    0.00    0.00    0.00    0.00   51.26
13:55:13     all   31.57    0.00   18.22    0.00    0.00    0.00    0.00    0.00    0.00   50.21
13:55:14     all   31.05    0.00   17.15    0.00    0.00    0.00    0.00    0.00    0.00   51.80
13:55:15     all   29.03    0.00   17.40    0.00    0.00    0.01    0.00    0.00    0.00   53.55
13:55:16     all   28.53    0.00   18.08    0.00    0.00    0.00    0.00    0.00    0.00   53.39
13:55:17     all   29.11    0.00   18.48    0.00    0.00    0.00    0.00    0.00    0.00   52.41
13:55:18     all   31.57    0.00   17.54    0.00    0.00    0.00    0.00    0.00    0.00   50.89
13:55:19     all   32.36    0.00   17.67    0.00    0.00    0.03    0.00    0.00    0.00   49.94
13:55:20     all   33.18    0.00   17.56    0.00    0.00    0.00    0.00    0.00    0.00   49.26
13:55:21     all   30.34    0.00   19.61    0.00    0.00    0.03    0.00    0.00    0.00   50.02
13:55:22     all   32.02    0.00   17.71    0.01    0.00    0.00    0.00    0.00    0.00   50.26
13:55:23     all   31.05    0.00   19.21    0.00    0.00    0.00    0.00    0.00    0.00   49.74
13:55:24     all   30.57    0.00   19.95    0.00    0.00    0.01    0.00    0.00    0.00   49.47
13:55:25     all   32.99    0.00   18.33    0.00    0.00    0.00    0.00    0.00    0.00   48.68
13:55:26     all   31.67    0.00   17.51    0.01    0.00    0.00    0.00    0.00    0.00   50.81
13:55:27     all   32.44    0.00   16.93    0.00    0.00    0.00    0.00    0.00    0.00   50.64
13:55:28     all   31.30    0.00   17.79    0.00    0.00    0.00    0.00    0.00    0.00   50.91
13:55:29     all   30.98    0.01   16.48    0.00    0.00    0.00    0.00    0.00    0.00   52.53
13:55:30     all   24.79    0.00   15.52    0.00    0.00    0.00    0.00    0.00    0.00   59.70
13:55:31     all   29.08    0.00   15.23    0.00    0.00    0.00    0.00    0.00    0.00   55.69
13:55:32     all   31.71    0.00   15.43    0.00    0.00    0.01    0.00    0.00    0.00   52.85
13:55:33     all   32.24    0.00   16.34    0.00    0.00    0.01    0.00    0.00    0.00   51.41
13:55:34     all   30.60    0.00   16.54    0.00    0.00    0.01    0.00    0.00    0.00   52.84
13:55:35     all   23.97    0.00   11.85    0.00    0.00    0.00    0.00    0.00    0.00   64.18
13:55:36     all   31.68    0.00   13.70    0.00    0.00    0.00    0.00    0.00    0.00   54.62
13:55:37     all   34.75    0.00   14.47    0.00    0.00    0.00    0.00    0.00    0.00   50.78
13:55:38     all   31.77    0.00   15.41    0.00    0.00    0.00    0.00    0.00    0.00   52.82
13:55:39     all   23.83    0.00   13.41    0.00    0.00    0.01    0.00    0.00    0.00   62.75
13:55:40     all   34.26    0.00   13.79    0.00    0.00    0.00    0.00    0.00    0.00   51.95
13:55:41     all   32.61    0.00   15.26    0.00    0.00    0.00    0.00    0.00    0.00   52.12
13:55:42     all   33.64    0.00   15.52    0.00    0.00    0.00    0.00    0.00    0.00   50.84
13:55:43     all   18.51    0.00   13.09    0.00    0.00    0.00    0.00    0.00    0.00   68.41
13:55:44     all   26.24    0.01   13.16    0.00    0.00    0.00    0.00    0.00    0.00   60.59
13:55:45     all   29.36    0.00   13.32    0.00    0.00    0.01    0.00    0.00    0.00   57.31
13:55:46     all   20.06    0.00    9.90    0.00    0.00    0.00    0.00    0.00    0.00   70.04
13:55:47     all   29.05    0.00   13.28    0.01    0.00    0.01    0.00    0.00    0.00   57.64
13:55:48     all   23.83    0.00   12.75    0.00    0.00    0.00    0.00    0.00    0.00   63.42
13:55:49     all   18.08    0.00    9.45    0.00    0.00    0.00    0.00    0.00    0.00   72.46
13:55:50     all   29.47    0.00   12.28    0.00    0.00    0.00    0.00    0.00    0.00   58.25
13:55:51     all   28.55    0.00   13.16    0.00    0.00    0.00    0.00    0.00    0.00   58.28
13:55:52     all   30.11    0.00   13.41    0.00    0.00    0.00    0.00    0.00    0.00   56.48
13:55:53     all   24.29    0.00   13.71    0.00    0.00    0.01    0.00    0.00    0.00   61.98
13:55:54     all   32.40    0.00   16.53    0.00    0.00    0.00    0.00    0.00    0.00   51.07
13:55:55     all   23.22    0.00   13.97    0.00    0.00    0.00    0.00    0.00    0.00   62.81
13:55:56     all   29.22    0.00   13.12    0.00    0.00    0.01    0.00    0.00    0.00   57.65
13:55:57     all   30.80    0.00   12.93    0.00    0.00    0.00    0.00    0.00    0.00   56.27
13:55:58     all   30.48    0.00   15.11    0.00    0.00    0.00    0.00    0.00    0.00   54.41
13:55:59     all   27.44    0.00   14.61    0.00    0.00    0.03    0.00    0.00    0.00   57.92
13:56:00     all   27.28    0.00   15.95    0.01    0.00    0.00    0.00    0.00    0.00   56.75
13:56:01     all   31.23    0.00   16.12    0.00    0.00    0.01    0.00    0.00    0.00   52.63
13:56:02     all   34.95    0.00   15.44    0.00    0.00    0.00    0.00    0.00    0.00   49.61
13:56:03     all   33.46    0.00   16.20    0.00    0.00    0.00    0.00    0.00    0.00   50.33
13:56:04     all   29.71    0.00   14.61    0.00    0.00    0.00    0.00    0.00    0.00   55.68
13:56:05     all   28.74    0.00   13.33    0.00    0.00    0.01    0.00    0.00    0.00   57.92
13:56:06     all   27.30    0.00   14.95    0.00    0.00    0.00    0.00    0.00    0.00   57.75
13:56:07     all   29.63    0.00   11.63    0.00    0.00    0.00    0.00    0.00    0.00   58.74
13:56:08     all   31.12    0.00   13.30    0.00    0.00    0.00    0.00    0.00    0.00   55.58
13:56:09     all   22.66    0.00   11.18    0.00    0.00    0.01    0.00    0.00    0.00   66.14
13:56:10     all   32.42    0.01   14.14    0.00    0.00    0.01    0.00    0.00    0.00   53.41
13:56:11     all   29.97    0.00   14.42    0.01    0.00    0.00    0.00    0.00    0.00   55.60
13:56:12     all   29.48    0.00   15.80    0.00    0.00    0.00    0.00    0.00    0.00   54.71
13:56:13     all   24.27    0.00   13.14    0.00    0.00    0.00    0.00    0.00    0.00   62.59
13:56:14     all   29.97    0.00   12.27    0.00    0.00    0.00    0.00    0.00    0.00   57.75
13:56:15     all   31.13    0.00   14.30    0.00    0.00    0.00    0.00    0.00    0.00   54.57
13:56:16     all   27.63    0.00   12.27    0.00    0.00    0.00    0.00    0.00    0.00   60.10
13:56:17     all   29.16    0.00   10.59    0.00    0.00    0.00    0.00    0.00    0.00   60.25
13:56:18     all   32.18    0.00   12.27    0.00    0.00    0.01    0.00    0.00    0.00   55.54
13:56:19     all   30.98    0.00   11.77    0.00    0.00    0.00    0.00    0.00    0.00   57.25
13:56:20     all   29.45    0.00   10.41    0.00    0.00    0.01    0.00    0.00    0.00   60.13
13:56:21     all   31.60    0.00   10.23    0.00    0.00    0.00    0.00    0.00    0.00   58.17
13:56:22     all   33.65    0.00   13.36    0.00    0.00    0.00    0.00    0.00    0.00   52.98
13:56:23     all   34.44    0.00   14.16    0.00    0.00    0.00    0.00    0.00    0.00   51.40
13:56:24     all   28.42    0.00   13.98    0.00    0.00    0.00    0.00    0.00    0.00   57.60
13:56:25     all   32.64    0.00   14.24    0.00    0.00    0.00    0.00    0.00    0.00   53.12
13:56:26     all   30.85    0.00   14.03    0.00    0.00    0.00    0.00    0.00    0.00   55.13
13:56:27     all   30.05    0.00   14.05    0.00    0.00    0.00    0.00    0.00    0.00   55.90
13:56:28     all   31.91    0.00   14.25    0.00    0.00    0.01    0.00    0.00    0.00   53.83
13:56:29     all   31.10    0.00   15.63    0.00    0.00    0.00    0.00    0.00    0.00   53.27
13:56:30     all   32.65    0.00   14.66    0.00    0.00    0.00    0.00    0.00    0.00   52.69
13:56:31     all   32.85    0.00   14.25    0.00    0.00    0.00    0.00    0.00    0.00   52.90
13:56:32     all   31.29    0.00   15.54    0.00    0.00    0.01    0.00    0.00    0.00   53.16
13:56:33     all   31.30    0.00   14.34    0.00    0.00    0.01    0.00    0.00    0.00   54.35
13:56:34     all   33.28    0.00   14.17    0.00    0.00    0.00    0.00    0.00    0.00   52.55
13:56:35     all   28.26    0.00   11.94    0.00    0.00    0.00    0.00    0.00    0.00   59.79
13:56:36     all   25.92    0.00   15.13    0.00    0.00    0.00    0.00    0.00    0.00   58.96
13:56:37     all   28.82    0.00   15.01    0.00    0.00    0.00    0.00    0.00    0.00   56.17
13:56:38     all   23.72    0.00   13.54    0.00    0.00    0.03    0.00    0.00    0.00   62.72
13:56:39     all   25.16    0.00   14.24    0.00    0.00    0.00    0.00    0.00    0.00   60.61
13:56:40     all   22.15    0.00   12.32    0.00    0.00    0.03    0.00    0.00    0.00   65.51
13:56:41     all   27.53    0.00   12.30    0.00    0.00    0.00    0.00    0.00    0.00   60.18
13:56:42     all   23.12    0.00   11.82    0.00    0.00    0.01    0.00    0.00    0.00   65.05
13:56:43     all   25.45    0.00   11.05    0.00    0.00    0.00    0.00    0.00    0.00   63.50
13:56:44     all   29.50    0.00   13.30    0.00    0.00    0.00    0.00    0.00    0.00   57.20
13:56:45     all   22.20    0.00   10.41    0.00    0.00    0.00    0.00    0.00    0.00   67.39
13:56:46     all   17.27    0.00    9.31    0.00    0.00    0.00    0.00    0.00    0.00   73.42
13:56:47     all   30.12    0.00   11.95    0.00    0.00    0.00    0.00    0.00    0.00   57.92
13:56:48     all   25.93    0.00   12.86    0.00    0.00    0.03    0.00    0.00    0.00   61.18
13:56:49     all   28.00    0.00   12.93    0.00    0.00    0.00    0.00    0.00    0.00   59.07
13:56:50     all   22.96    0.00   11.36    0.00    0.00    0.00    0.00    0.00    0.00   65.68
13:56:51     all   24.93    0.00    9.84    0.00    0.00    0.00    0.00    0.00    0.00   65.23
13:56:52     all   31.72    0.00   12.34    0.00    0.00    0.00    0.00    0.00    0.00   55.95
13:56:53     all   32.28    0.00   14.23    0.00    0.00    0.00    0.00    0.00    0.00   53.49
13:56:54     all   28.97    0.00   10.60    0.00    0.00    0.01    0.00    0.00    0.00   60.42
13:56:55     all   35.27    0.00   12.50    0.00    0.00    0.00    0.00    0.00    0.00   52.24
13:56:56     all   25.15    0.00   10.64    0.00    0.00    0.00    0.00    0.00    0.00   64.21
13:56:57     all   31.52    0.00   13.40    0.00    0.00    0.00    0.00    0.00    0.00   55.07
13:56:58     all   31.21    0.00   15.65    0.00    0.00    0.00    0.00    0.00    0.00   53.14
13:56:59     all   33.21    0.00   15.25    0.00    0.00    0.01    0.00    0.00    0.00   51.52
13:57:00     all   34.69    0.00   14.73    0.00    0.00    0.00    0.00    0.00    0.00   50.58
13:57:01     all   29.14    0.00   15.47    0.00    0.00    0.00    0.00    0.00    0.00   55.39
13:57:02     all   20.09    0.00    9.89    0.00    0.00    0.00    0.00    0.00    0.00   70.02
13:57:03     all   35.65    0.00   12.50    0.00    0.00    0.01    0.00    0.00    0.00   51.83
13:57:04     all   25.77    0.00   11.83    0.00    0.00    0.01    0.00    0.00    0.00   62.39
13:57:05     all   29.44    0.00   11.69    0.00    0.00    0.00    0.00    0.00    0.00   58.87
13:57:06     all   31.11    0.00   12.63    0.00    0.00    0.00    0.00    0.00    0.00   56.26
13:57:07     all   31.40    0.00   12.96    0.00    0.00    0.00    0.00    0.00    0.00   55.63
13:57:08     all   31.54    0.00   12.04    0.00    0.00    0.00    0.00    0.00    0.00   56.43
13:57:09     all   26.84    0.00   12.42    0.00    0.00    0.00    0.00    0.00    0.00   60.74
13:57:10     all   24.01    0.00    8.61    0.00    0.00    0.00    0.00    0.00    0.00   67.38
13:57:11     all   35.51    0.00   11.39    0.00    0.00    0.01    0.00    0.00    0.00   53.08
13:57:12     all   29.67    0.00   12.16    0.00    0.00    0.03    0.00    0.00    0.00   58.15
13:57:13     all   30.80    0.00   12.16    0.01    0.00    0.00    0.00    0.00    0.00   57.03
13:57:14     all   26.90    0.01   12.42    0.00    0.00    0.00    0.00    0.00    0.00   60.66
13:57:15     all   35.34    0.00   15.00    0.00    0.00    0.00    0.00    0.00    0.00   49.65
13:57:16     all   29.62    0.00   14.02    0.00    0.00    0.00    0.00    0.00    0.00   56.36
13:57:17     all   24.94    0.00   13.53    0.00    0.00    0.01    0.00    0.00    0.00   61.51
13:57:18     all   20.31    0.00   11.36    0.00    0.00    0.00    0.00    0.00    0.00   68.33
13:57:19     all   25.40    0.00   13.67    0.00    0.00    0.00    0.00    0.00    0.00   60.93
13:57:20     all   27.09    0.01   10.91    0.00    0.00    0.00    0.00    0.00    0.00   61.98
13:57:21     all   32.35    0.00   13.43    0.00    0.00    0.00    0.00    0.00    0.00   54.23
13:57:22     all   19.35    0.00   10.28    0.00    0.00    0.00    0.00    0.00    0.00   70.37
13:57:23     all   28.24    0.00   10.99    0.00    0.00    0.00    0.00    0.00    0.00   60.77
13:57:24     all   33.58    0.00   14.69    0.00    0.00    0.03    0.00    0.00    0.00   51.71
13:57:25     all   20.56    0.00   11.60    0.00    0.00    0.00    0.00    0.00    0.00   67.83
13:57:26     all   27.20    0.00   12.96    0.00    0.00    0.00    0.00    0.00    0.00   59.84
13:57:27     all   31.93    0.00   13.80    0.00    0.00    0.01    0.00    0.00    0.00   54.25
13:57:29     all   25.75    0.00   12.86    0.00    0.00    0.00    0.00    0.00    0.00   61.39
13:57:30     all   32.16    0.00   14.61    0.00    0.00    0.03    0.00    0.00    0.00   53.20
13:57:31     all   27.90    0.00   15.15    0.00    0.00    0.00    0.00    0.00    0.00   56.95
13:57:32     all   31.69    0.00   14.08    0.00    0.00    0.00    0.00    0.00    0.00   54.22
13:57:33     all   28.27    0.00   13.92    0.00    0.00    0.00    0.00    0.00    0.00   57.81
13:57:34     all   29.95    0.00   16.27    0.00    0.00    0.00    0.00    0.00    0.00   53.78
13:57:35     all   30.29    0.00   13.64    0.00    0.00    0.00    0.00    0.00    0.00   56.07
13:57:36     all   32.56    0.00   13.95    0.00    0.00    0.01    0.00    0.00    0.00   53.48
13:57:37     all   20.45    0.00   12.95    0.00    0.00    0.00    0.00    0.00    0.00   66.59
13:57:38     all   31.20    0.00   16.27    0.00    0.00    0.00    0.00    0.00    0.00   52.54
13:57:39     all   30.16    0.00   17.20    0.00    0.00    0.01    0.00    0.00    0.00   52.63
13:57:40     all   21.59    0.00   14.14    0.00    0.00    0.00    0.00    0.00    0.00   64.26
13:57:41     all   33.48    0.00   14.60    0.00    0.00    0.00    0.00    0.00    0.00   51.92
13:57:42     all   33.22    0.00   14.60    0.00    0.00    0.01    0.00    0.00    0.00   52.17
13:57:43     all   19.81    0.00   10.32    0.01    0.00    0.00    0.00    0.00    0.00   69.85
13:57:44     all   32.69    0.00   14.38    0.00    0.00    0.00    0.00    0.00    0.00   52.92
13:57:45     all   28.09    0.01   14.10    0.00    0.00    0.03    0.00    0.00    0.00   57.76
13:57:46     all   31.32    0.00   14.16    0.00    0.00    0.00    0.00    0.00    0.00   54.53
13:57:47     all   35.02    0.00   14.96    0.00    0.00    0.00    0.00    0.00    0.00   50.01
13:57:48     all   28.45    0.00   15.51    0.00    0.00    0.00    0.00    0.00    0.00   56.04
13:57:49     all   29.00    0.00   14.68    0.00    0.00    0.00    0.00    0.00    0.00   56.32
13:57:50     all   29.02    0.00   15.11    0.00    0.00    0.00    0.00    0.00    0.00   55.87
13:57:51     all   32.16    0.00   17.48    0.01    0.00    0.01    0.00    0.00    0.00   50.34
13:57:52     all   28.62    0.00   15.38    0.00    0.00    0.00    0.00    0.00    0.00   56.00
13:57:53     all   33.37    0.00   15.57    0.00    0.00    0.01    0.00    0.00    0.00   51.05
13:57:54     all   34.81    0.00   16.02    0.00    0.00    0.00    0.00    0.00    0.00   49.17
13:57:55     all   31.46    0.00   16.22    0.00    0.00    0.00    0.00    0.00    0.00   52.31
13:57:56     all   25.17    0.00   13.35    0.00    0.00    0.00    0.00    0.00    0.00   61.48
13:57:57     all   15.77    0.00    9.28    0.00    0.00    0.01    0.00    0.00    0.00   74.93
13:57:58     all   31.43    0.00   12.31    0.00    0.00    0.00    0.00    0.00    0.00   56.26
13:57:59     all   24.26    0.00   10.60    0.00    0.00    0.00    0.00    0.00    0.00   65.14
13:58:00     all   30.15    0.00    9.77    0.00    0.00    0.00    0.00    0.00    0.00   60.07
13:58:01     all   31.38    0.00   12.21    0.00    0.00    0.00    0.00    0.00    0.00   56.41
13:58:02     all   17.63    0.01    7.42    0.00    0.00    0.00    0.00    0.00    0.00   74.94
13:58:03     all   20.35    0.00    7.67    0.00    0.00    0.01    0.00    0.00    0.00   71.97
13:58:04     all   14.19    0.00    6.91    0.00    0.00    0.00    0.00    0.00    0.00   78.90
13:58:05     all   18.84    0.00    7.06    0.00    0.00    0.00    0.00    0.00    0.00   74.11
13:58:06     all   32.24    0.00    7.41    0.00    0.00    0.00    0.00    0.00    0.00   60.35
13:58:07     all   30.32    0.01    8.61    0.00    0.00    0.01    0.00    0.00    0.00   61.05
13:58:08     all   18.22    0.00    8.03    0.00    0.00    0.00    0.00    0.00    0.00   73.75
13:58:09     all   35.45    0.00    9.70    0.00    0.00    0.00    0.00    0.00    0.00   54.85
13:58:10     all   21.64    0.00    7.57    0.00    0.00    0.00    0.00    0.00    0.00   70.79
13:58:11     all   26.94    0.00    8.40    0.00    0.00    0.00    0.00    0.00    0.00   64.66
13:58:12     all   34.09    0.00   10.40    0.00    0.00    0.00    0.00    0.00    0.00   55.51
13:58:13     all   23.77    0.00    8.67    0.00    0.00    0.00    0.00    0.00    0.00   67.57
13:58:14     all   28.80    0.00    9.74    0.00    0.00    0.01    0.00    0.00    0.00   61.45
13:58:15     all   32.71    0.00   11.58    0.00    0.00    0.00    0.00    0.00    0.00   55.71
13:58:16     all   32.21    0.00   12.15    0.00    0.00    0.01    0.00    0.00    0.00   55.63
13:58:17     all   21.36    0.00    9.60    0.00    0.00    0.00    0.00    0.00    0.00   69.04
13:58:18     all   28.42    0.00    9.45    0.00    0.00    0.00    0.00    0.00    0.00   62.13
13:58:19     all   29.77    0.00    9.45    0.00    0.00    0.00    0.00    0.00    0.00   60.78
13:58:20     all   25.65    0.00    9.16    0.00    0.00    0.00    0.00    0.00    0.00   65.18
13:58:21     all   19.73    0.00    8.30    0.00    0.00    0.01    0.00    0.00    0.00   71.96
13:58:22     all   27.69    0.00    8.01    0.00    0.00    0.00    0.00    0.00    0.00   64.30
13:58:23     all   17.19    0.00    6.53    0.00    0.00    0.00    0.00    0.00    0.00   76.28
13:58:24     all   26.64    0.00    8.76    0.00    0.00    0.00    0.00    0.00    0.00   64.60
13:58:25     all   27.02    0.00    8.33    0.00    0.00    0.00    0.00    0.00    0.00   64.64
13:58:26     all   27.02    0.00    9.41    0.00    0.00    0.00    0.00    0.00    0.00   63.57
13:58:27     all   31.88    0.00    9.39    0.00    0.00    0.01    0.00    0.00    0.00   58.71
13:58:28     all   25.41    0.00    8.16    0.00    0.00    0.00    0.00    0.00    0.00   66.43
13:58:29     all   15.53    0.00    6.84    0.00    0.00    0.00    0.00    0.00    0.00   77.63
13:58:30     all   21.98    0.00    6.58    0.00    0.00    0.00    0.00    0.00    0.00   71.44
13:58:31     all   20.73    0.00    6.16    0.00    0.00    0.01    0.00    0.00    0.00   73.10
13:58:32     all   22.46    0.00    8.38    0.00    0.00    0.01    0.00    0.00    0.00   69.14
13:58:33     all   29.46    0.00    9.75    0.00    0.00    0.00    0.00    0.00    0.00   60.79
13:58:34     all   23.46    0.00    9.84    0.00    0.00    0.00    0.00    0.00    0.00   66.70
13:58:35     all   22.72    0.00    9.08    0.00    0.00    0.00    0.00    0.00    0.00   68.21
13:58:36     all   27.61    0.00    9.02    0.00    0.00    0.01    0.00    0.00    0.00   63.36
13:58:37     all   26.99    0.00    8.08    0.00    0.00    0.00    0.00    0.00    0.00   64.93
13:58:38     all   27.78    0.00   10.11    0.00    0.00    0.01    0.00    0.00    0.00   62.09
13:58:39     all   16.98    0.00    7.91    0.00    0.00    0.00    0.00    0.00    0.00   75.11
13:58:40     all   24.74    0.00    8.44    0.00    0.00    0.01    0.00    0.00    0.00   66.80
13:58:41     all   26.41    0.00    8.76    0.00    0.00    0.00    0.00    0.00    0.00   64.83
13:58:42     all   24.91    0.00    7.88    0.00    0.00    0.00    0.00    0.00    0.00   67.21
13:58:43     all   28.50    0.00    8.38    0.00    0.00    0.01    0.00    0.00    0.00   63.11
13:58:44     all   29.82    0.00    9.87    0.00    0.00    0.00    0.00    0.00    0.00   60.31
13:58:45     all   25.37    0.00    9.53    0.00    0.00    0.00    0.00    0.00    0.00   65.09
13:58:46     all   28.22    0.00    9.11    0.00    0.00    0.00    0.00    0.00    0.00   62.66
13:58:47     all   25.86    0.00    8.52    0.00    0.00    0.01    0.00    0.00    0.00   65.61
13:58:48     all   12.47    0.00    6.64    0.00    0.00    0.00    0.00    0.00    0.00   80.90
13:58:49     all   33.08    0.00    9.49    0.00    0.00    0.03    0.00    0.00    0.00   57.40
13:58:50     all   19.85    0.00    8.06    0.00    0.00    0.01    0.00    0.00    0.00   72.08
13:58:51     all   31.52    0.00    9.52    0.00    0.00    0.00    0.00    0.00    0.00   58.96
13:58:52     all   27.57    0.00   10.28    0.00    0.00    0.00    0.00    0.00    0.00   62.15
13:58:53     all   27.40    0.00    8.98    0.00    0.00    0.00    0.00    0.00    0.00   63.62
13:58:54     all   24.52    0.00    8.84    0.00    0.00    0.00    0.00    0.00    0.00   66.64
13:58:55     all   19.54    0.00    7.73    0.00    0.00    0.00    0.00    0.00    0.00   72.73
13:58:56     all   28.55    0.00    8.26    0.00    0.00    0.03    0.00    0.00    0.00   63.16
13:58:57     all   27.11    0.00    8.91    0.00    0.00    0.00    0.00    0.00    0.00   63.98
13:58:58     all   26.32    0.00    9.84    0.00    0.00    0.00    0.00    0.00    0.00   63.84
13:58:59     all   29.25    0.00    8.97    0.00    0.00    0.01    0.00    0.00    0.00   61.76
13:59:00     all   25.52    0.00   10.73    0.01    0.00    0.00    0.00    0.00    0.00   63.73
13:59:01     all   30.56    0.00   11.71    0.00    0.00    0.01    0.00    0.00    0.00   57.72
13:59:02     all   19.95    0.00    8.80    0.00    0.00    0.00    0.00    0.00    0.00   71.25
13:59:03     all   35.15    0.01   12.13    0.00    0.00    0.00    0.00    0.00    0.00   52.70
13:59:04     all   25.43    0.00    8.77    0.00    0.00    0.00    0.00    0.00    0.00   65.79
13:59:05     all   28.32    0.00    8.79    0.00    0.00    0.00    0.00    0.00    0.00   62.89
13:59:06     all   28.66    0.00    8.26    0.00    0.00    0.00    0.00    0.00    0.00   63.08
13:59:07     all   18.83    0.00    8.42    0.00    0.00    0.00    0.00    0.00    0.00   72.75
13:59:08     all   28.25    0.00    9.51    0.00    0.00    0.00    0.00    0.00    0.00   62.25
13:59:09     all   27.62    0.00    8.88    0.00    0.00    0.01    0.00    0.00    0.00   63.48
13:59:10     all   28.95    0.00    9.67    0.00    0.00    0.00    0.00    0.00    0.00   61.38
13:59:11     all   28.23    0.00    9.63    0.00    0.00    0.01    0.00    0.00    0.00   62.12
13:59:12     all   26.73    0.00    9.11    0.00    0.00    0.00    0.00    0.00    0.00   64.16
13:59:13     all   28.91    0.00    9.81    0.00    0.00    0.00    0.00    0.00    0.00   61.28
13:59:14     all   28.73    0.00   10.27    0.00    0.00    0.00    0.00    0.00    0.00   61.00
13:59:15     all   24.25    0.00   10.08    0.00    0.00    0.00    0.00    0.00    0.00   65.67
13:59:16     all   28.58    0.00    7.89    0.00    0.00    0.00    0.00    0.00    0.00   63.54
13:59:17     all   26.11    0.00   10.01    0.00    0.00    0.01    0.00    0.00    0.00   63.86
13:59:18     all   24.62    0.00    9.74    0.00    0.00    0.00    0.00    0.00    0.00   65.64
13:59:19     all   27.48    0.00    8.33    0.00    0.00    0.00    0.00    0.00    0.00   64.20
13:59:20     all   30.70    0.00    9.70    0.00    0.00    0.00    0.00    0.00    0.00   59.61
13:59:21     all   31.65    0.00    9.26    0.00    0.00    0.00    0.00    0.00    0.00   59.09
13:59:22     all   19.30    0.00    8.41    0.01    0.00    0.00    0.00    0.00    0.00   72.28
13:59:23     all   35.44    0.00   12.47    0.00    0.00    0.00    0.00    0.00    0.00   52.09
13:59:24     all   35.13    0.00   12.06    0.00    0.00    0.00    0.00    0.00    0.00   52.81
13:59:25     all   27.68    0.00    9.86    0.00    0.00    0.01    0.00    0.00    0.00   62.44
13:59:26     all   25.40    0.00   11.22    0.00    0.00    0.00    0.00    0.00    0.00   63.37
13:59:27     all   25.37    0.00   13.01    0.00    0.00    0.00    0.00    0.00    0.00   61.61
13:59:28     all   29.56    0.00   10.57    0.00    0.00    0.00    0.00    0.00    0.00   59.88
13:59:29     all   27.60    0.00    9.34    0.00    0.00    0.00    0.00    0.00    0.00   63.06
13:59:30     all   26.70    0.00    9.42    0.00    0.00    0.00    0.00    0.00    0.00   63.87
13:59:31     all   21.89    0.00    7.60    0.00    0.00    0.00    0.00    0.00    0.00   70.51
13:59:32     all   32.31    0.00    8.96    0.00    0.00    0.00    0.00    0.00    0.00   58.73
13:59:33     all   12.40    0.00    7.34    0.00    0.00    0.00    0.00    0.00    0.00   80.26
13:59:34     all   38.75    0.00   10.40    0.00    0.00    0.03    0.00    0.00    0.00   50.82
13:59:35     all   18.81    0.00    7.11    0.00    0.00    0.00    0.00    0.00    0.00   74.08
13:59:36     all   26.85    0.00    7.75    0.00    0.00    0.01    0.00    0.00    0.00   65.39
13:59:37     all   26.07    0.00    8.71    0.00    0.00    0.00    0.00    0.00    0.00   65.22
13:59:38     all   27.59    0.00    8.54    0.00    0.00    0.00    0.00    0.00    0.00   63.87
13:59:39     all   26.36    0.00    8.57    0.00    0.00    0.00    0.00    0.00    0.00   65.08
13:59:40     all   25.21    0.00    7.46    0.00    0.00    0.00    0.00    0.00    0.00   67.33
13:59:41     all   21.87    0.00    6.42    0.00    0.00    0.00    0.00    0.00    0.00   71.71
13:59:42     all   23.23    0.00    8.61    0.00    0.00    0.00    0.00    0.00    0.00   68.17
13:59:43     all   30.74    0.00   11.58    0.00    0.00    0.00    0.00    0.00    0.00   57.67
13:59:44     all   26.30    0.00    8.88    0.00    0.00    0.00    0.00    0.00    0.00   64.82
13:59:45     all   26.64    0.03    9.38    0.00    0.00    0.00    0.00    0.00    0.00   63.95
13:59:46     all   26.73    0.00   10.72    0.00    0.00    0.01    0.00    0.00    0.00   62.54
13:59:47     all   19.43    0.00    8.37    0.00    0.00    0.00    0.00    0.00    0.00   72.20
13:59:48     all   35.33    0.00    9.93    0.00    0.00    0.00    0.00    0.00    0.00   54.74
13:59:49     all   25.14    0.00    9.34    0.00    0.00    0.00    0.00    0.00    0.00   65.52
13:59:50     all   23.32    0.00   10.01    0.00    0.00    0.00    0.00    0.00    0.00   66.67
13:59:51     all   27.06    0.00    9.18    0.00    0.00    0.00    0.00    0.00    0.00   63.76
13:59:52     all    9.06    0.00    6.13    0.03    0.00    0.01    0.00    0.00    0.00   84.77
13:59:53     all   34.44    0.00    9.40    0.00    0.00    0.00    0.00    0.00    0.00   56.16
13:59:54     all   19.58    0.00    8.50    0.00    0.00    0.00    0.00    0.00    0.00   71.91
13:59:55     all   26.81    0.00    9.65    0.00    0.00    0.04    0.00    0.00    0.00   63.50
13:59:56     all   29.98    0.00   10.54    0.00    0.00    0.00    0.00    0.00    0.00   59.48
13:59:57     all   26.22    0.00    9.53    0.00    0.00    0.00    0.00    0.00    0.00   64.25
13:59:58     all   29.36    0.00   10.19    0.00    0.00    0.00    0.00    0.00    0.00   60.45
13:59:59     all   23.24    0.00    9.94    0.01    0.00    0.00    0.00    0.00    0.00   66.81
14:00:00     all   26.96    0.00   10.18    0.00    0.00    0.00    0.00    0.00    0.00   62.85
14:00:01     all   28.58    0.00    9.45    0.00    0.00    0.00    0.00    0.00    0.00   61.98
14:00:02     all   30.48    0.00    9.48    0.00    0.00    0.03    0.00    0.00    0.00   60.01
14:00:03     all   27.45    0.00    8.45    0.00    0.00    0.01    0.00    0.00    0.00   64.09
14:00:04     all   30.00    0.00    9.04    0.00    0.00    0.01    0.00    0.00    0.00   60.94
14:00:05     all   26.86    0.00    8.71    0.00    0.00    0.00    0.00    0.00    0.00   64.43
14:00:06     all   34.55    0.00   12.07    0.00    0.00    0.01    0.00    0.00    0.00   53.36
14:00:07     all   29.65    0.00   11.80    0.00    0.00    0.00    0.00    0.00    0.00   58.55
14:00:08     all   20.81    0.00    9.76    0.00    0.00    0.00    0.00    0.00    0.00   69.43
14:00:09     all   29.35    0.00   11.41    0.00    0.00    0.00    0.00    0.00    0.00   59.24
14:00:10     all   28.09    0.00    9.64    0.00    0.00    0.00    0.00    0.00    0.00   62.28
14:00:11     all   35.54    0.01   12.48    0.00    0.00    0.01    0.00    0.00    0.00   51.95
14:00:12     all   21.90    0.00    9.05    0.00    0.00    0.00    0.00    0.00    0.00   69.05
14:00:13     all   35.51    0.00   11.42    0.00    0.00    0.01    0.00    0.00    0.00   53.05
14:00:14     all   25.59    0.00   11.04    0.00    0.00    0.00    0.00    0.00    0.00   63.38
14:00:15     all   29.66    0.00    9.90    0.00    0.00    0.00    0.00    0.00    0.00   60.44
14:00:16     all   30.12    0.00    9.74    0.00    0.00    0.00    0.00    0.00    0.00   60.13
14:00:17     all   34.85    0.00   12.11    0.00    0.00    0.01    0.00    0.00    0.00   53.02
14:00:18     all   21.09    0.00    9.08    0.00    0.00    0.01    0.00    0.00    0.00   69.81
14:00:19     all   32.02    0.00   10.11    0.00    0.00    0.00    0.00    0.00    0.00   57.87
14:00:20     all   32.19    0.00   13.05    0.00    0.00    0.00    0.00    0.00    0.00   54.76
14:00:21     all   29.95    0.00   12.35    0.00    0.00    0.00    0.00    0.00    0.00   57.70
14:00:22     all   28.36    0.00   10.83    0.00    0.00    0.00    0.00    0.00    0.00   60.81
14:00:23     all   33.30    0.00   14.04    0.00    0.00    0.01    0.00    0.00    0.00   52.65
14:00:24     all   21.49    0.00   10.81    0.00    0.00    0.00    0.00    0.00    0.00   67.70
14:00:25     all   30.26    0.00    9.45    0.00    0.00    0.00    0.00    0.00    0.00   60.29
14:00:26     all   31.95    0.00   10.23    0.00    0.00    0.00    0.00    0.00    0.00   57.82
14:00:27     all   25.57    0.00   10.01    0.00    0.00    0.00    0.00    0.00    0.00   64.42
14:00:28     all   37.77    0.00   12.18    0.00    0.00    0.00    0.00    0.00    0.00   50.04
14:00:29     all   28.30    0.00   10.77    0.00    0.00    0.03    0.00    0.00    0.00   60.90
14:00:30     all   16.64    0.00    7.92    0.00    0.00    0.00    0.00    0.00    0.00   75.44
14:00:31     all   35.19    0.00   10.20    0.00    0.00    0.00    0.00    0.00    0.00   54.61
14:00:32     all   30.44    0.00   11.95    0.00    0.00    0.03    0.00    0.00    0.00   57.58
14:00:33     all   30.60    0.00   11.15    0.00    0.00    0.00    0.00    0.00    0.00   58.25
14:00:34     all   24.55    0.00    8.52    0.00    0.00    0.00    0.00    0.00    0.00   66.93
14:00:35     all   31.64    0.00   10.21    0.00    0.00    0.00    0.00    0.00    0.00   58.16
14:00:36     all   29.40    0.00    9.12    0.00    0.00    0.00    0.00    0.00    0.00   61.48
14:00:37     all   23.48    0.00   10.31    0.00    0.00    0.00    0.00    0.00    0.00   66.20
14:00:38     all   31.38    0.00   10.90    0.00    0.00    0.00    0.00    0.00    0.00   57.71
14:00:39     all   27.30    0.00   11.31    0.00    0.00    0.00    0.00    0.00    0.00   61.39
14:00:40     all   34.08    0.00   10.43    0.00    0.00    0.01    0.00    0.00    0.00   55.47
14:00:41     all   26.46    0.00   10.08    0.00    0.00    0.00    0.00    0.00    0.00   63.46
14:00:42     all   29.92    0.00    9.38    0.00    0.00    0.00    0.00    0.00    0.00   60.70
14:00:43     all   29.97    0.00    9.24    0.00    0.00    0.03    0.00    0.00    0.00   60.76
14:00:44     all   28.55    0.00    8.97    0.00    0.00    0.00    0.00    0.00    0.00   62.48
14:00:45     all   29.43    0.00    9.29    0.00    0.00    0.00    0.00    0.00    0.00   61.28
14:00:46     all   30.03    0.00    9.36    0.00    0.00    0.01    0.00    0.00    0.00   60.60
14:00:47     all   30.54    0.00    8.78    0.00    0.00    0.00    0.00    0.00    0.00   60.68
14:00:48     all   24.83    0.00    9.22    0.00    0.00    0.00    0.00    0.00    0.00   65.96
14:00:49     all   24.74    0.00    8.40    0.00    0.00    0.00    0.00    0.00    0.00   66.86
14:00:50     all   30.73    0.00   11.21    0.00    0.00    0.01    0.00    0.00    0.00   58.05
14:00:51     all   27.76    0.00    9.73    0.00    0.00    0.00    0.00    0.00    0.00   62.51
14:00:52     all   28.91    0.00   12.65    0.00    0.00    0.00    0.00    0.00    0.00   58.44
14:00:53     all   31.37    0.00   13.38    0.00    0.00    0.01    0.00    0.00    0.00   55.24
14:00:54     all   30.30    0.00   13.95    0.00    0.00    0.00    0.00    0.00    0.00   55.76
14:00:55     all   32.67    0.00   13.84    0.00    0.00    0.00    0.00    0.00    0.00   53.49
14:00:56     all   31.58    0.00   13.86    0.00    0.00    0.00    0.00    0.00    0.00   54.55
14:00:57     all   27.19    0.00   13.05    0.00    0.00    0.01    0.00    0.00    0.00   59.75
14:00:58     all   30.27    0.00   14.15    0.00    0.00    0.00    0.00    0.00    0.00   55.58
14:00:59     all   18.86    0.00   11.09    0.00    0.00    0.00    0.00    0.00    0.00   70.05
14:01:00     all   35.00    0.00   11.85    0.00    0.00    0.00    0.00    0.00    0.00   53.14
14:01:01     all   29.22    0.00   11.29    0.00    0.00    0.01    0.00    0.00    0.00   59.47
14:01:02     all   31.32    0.00   12.66    0.00    0.00    0.00    0.00    0.00    0.00   56.02
14:01:03     all   23.79    0.00   11.45    0.00    0.00    0.00    0.00    0.00    0.00   64.76
14:01:04     all   33.26    0.00   13.07    0.00    0.00    0.01    0.00    0.00    0.00   53.65
14:01:05     all   30.20    0.00   13.91    0.00    0.00    0.00    0.00    0.00    0.00   55.88
14:01:06     all   27.19    0.00   12.58    0.00    0.00    0.00    0.00    0.00    0.00   60.24
14:01:07     all   33.11    0.00   14.22    0.00    0.00    0.01    0.00    0.00    0.00   52.66
14:01:08     all   24.82    0.00   11.75    0.00    0.00    0.00    0.00    0.00    0.00   63.43
14:01:09     all   26.18    0.01    9.61    0.00    0.00    0.00    0.00    0.00    0.00   64.20
14:01:10     all   33.21    0.00   11.28    0.00    0.00    0.00    0.00    0.00    0.00   55.51
14:01:11     all   21.16    0.00    9.73    0.00    0.00    0.00    0.00    0.00    0.00   69.10
14:01:12     all   29.79    0.00   13.47    0.00    0.00    0.01    0.00    0.00    0.00   56.73
14:01:13     all   31.58    0.00   12.11    0.00    0.00    0.00    0.00    0.00    0.00   56.32
14:01:14     all   30.16    0.00   12.63    0.00    0.00    0.00    0.00    0.00    0.00   57.22
14:01:15     all   28.80    0.00   11.94    0.00    0.00    0.01    0.00    0.00    0.00   59.25
14:01:16     all   29.99    0.00   12.14    0.00    0.00    0.00    0.00    0.00    0.00   57.87
14:01:17     all   30.93    0.00   12.16    0.00    0.00    0.00    0.00    0.00    0.00   56.91
14:01:18     all   32.98    0.00   12.63    0.01    0.00    0.00    0.00    0.00    0.00   54.38
14:01:19     all   31.68    0.00   11.96    0.00    0.00    0.00    0.00    0.00    0.00   56.37
14:01:20     all   31.71    0.00   12.80    0.00    0.00    0.00    0.00    0.00    0.00   55.49
14:01:21     all   28.41    0.00   14.96    0.00    0.00    0.00    0.00    0.00    0.00   56.62
14:01:22     all   34.20    0.00   13.20    0.00    0.00    0.01    0.00    0.00    0.00   52.58
14:01:23     all   34.41    0.00   15.22    0.00    0.00    0.00    0.00    0.00    0.00   50.37
14:01:24     all   30.40    0.00   15.71    0.00    0.00    0.00    0.00    0.00    0.00   53.88
14:01:25     all   17.28    0.00   11.51    0.00    0.00    0.00    0.00    0.00    0.00   71.20
14:01:26     all   34.55    0.00   14.47    0.00    0.00    0.00    0.00    0.00    0.00   50.97
14:01:27     all   28.62    0.00   12.75    0.00    0.00    0.00    0.00    0.00    0.00   58.63
14:01:28     all   28.22    0.00   10.18    0.00    0.00    0.00    0.00    0.00    0.00   61.60
14:01:29     all   24.59    0.00    9.90    0.00    0.00    0.00    0.00    0.00    0.00   65.52
14:01:30     all   24.53    0.00   11.52    0.00    0.00    0.01    0.00    0.00    0.00   63.93
14:01:31     all   32.50    0.00   12.11    0.00    0.00    0.00    0.00    0.00    0.00   55.39
14:01:32     all   30.86    0.00   11.87    0.00    0.00    0.00    0.00    0.00    0.00   57.27
14:01:33     all   31.38    0.00   10.82    0.00    0.00    0.00    0.00    0.00    0.00   57.80
14:01:34     all   25.28    0.00    9.64    0.00    0.00    0.00    0.00    0.00    0.00   65.07
14:01:35     all   26.19    0.00   10.10    0.00    0.00    0.00    0.00    0.00    0.00   63.71
14:01:36     all   29.51    0.00   10.09    0.00    0.00    0.00    0.00    0.00    0.00   60.41
14:01:37     all   25.14    0.00    9.68    0.00    0.00    0.00    0.00    0.00    0.00   65.19
14:01:38     all   30.56    0.00   11.28    0.00    0.00    0.00    0.00    0.00    0.00   58.16
14:01:39     all   29.15    0.00   10.26    0.00    0.00    0.00    0.00    0.00    0.00   60.59
14:01:40     all   29.59    0.01   11.23    0.00    0.00    0.01    0.00    0.00    0.00   59.16
14:01:41     all   13.84    0.00    7.27    0.00    0.00    0.00    0.00    0.00    0.00   78.89
14:01:42     all   24.94    0.00    8.27    0.00    0.00    0.00    0.00    0.00    0.00   66.78
14:01:43     all   29.59    0.00   10.57    0.00    0.00    0.00    0.00    0.00    0.00   59.84
14:01:44     all   29.31    0.00   11.52    0.00    0.00    0.00    0.00    0.00    0.00   59.17
14:01:45     all   28.85    0.00   11.00    0.00    0.00    0.00    0.00    0.00    0.00   60.16
14:01:46     all   27.46    0.00   11.59    0.00    0.00    0.00    0.00    0.00    0.00   60.95
14:01:47     all   23.17    0.00   11.39    0.00    0.00    0.00    0.00    0.00    0.00   65.44
14:01:48     all   30.19    0.00   11.61    0.00    0.00    0.00    0.00    0.00    0.00   58.20
14:01:49     all   30.69    0.00   10.84    0.00    0.00    0.01    0.00    0.00    0.00   58.46
14:01:50     all   29.38    0.00   10.77    0.00    0.00    0.00    0.00    0.00    0.00   59.84
14:01:51     all   28.80    0.00   10.83    0.00    0.00    0.03    0.00    0.00    0.00   60.34
14:01:52     all   25.55    0.00   10.28    0.00    0.00    0.00    0.00    0.00    0.00   64.16
14:01:53     all   37.02    0.00   12.16    0.00    0.00    0.00    0.00    0.00    0.00   50.83
14:01:54     all   27.21    0.00   12.97    0.00    0.00    0.00    0.00    0.00    0.00   59.82
14:01:55     all   28.75    0.00   11.70    0.00    0.00    0.00    0.00    0.00    0.00   59.55
14:01:56     all   24.46    0.00   10.69    0.00    0.00    0.00    0.00    0.00    0.00   64.86
14:01:57     all   25.83    0.00   10.32    0.00    0.00    0.01    0.00    0.00    0.00   63.83
14:01:58     all   32.23    0.00   11.40    0.00    0.00    0.00    0.00    0.00    0.00   56.36
14:01:59     all   26.53    0.00    9.48    0.00    0.00    0.00    0.00    0.00    0.00   63.99
14:02:00     all   33.41    0.00   12.46    0.00    0.00    0.00    0.00    0.00    0.00   54.13
14:02:01     all   19.88    0.00    9.09    0.00    0.00    0.00    0.00    0.00    0.00   71.02
14:02:02     all   32.24    0.00   10.97    0.00    0.00    0.01    0.00    0.00    0.00   56.77
14:02:03     all   34.22    0.01   13.43    0.00    0.00    0.01    0.00    0.00    0.00   52.32
14:02:04     all   28.22    0.00   12.68    0.00    0.00    0.00    0.00    0.00    0.00   59.10
14:02:05     all   28.92    0.00   12.04    0.00    0.00    0.01    0.00    0.00    0.00   59.02
14:02:06     all   25.90    0.00   10.53    0.00    0.00    0.00    0.00    0.00    0.00   63.57
14:02:07     all   30.04    0.00   11.44    0.00    0.00    0.00    0.00    0.00    0.00   58.52
14:02:08     all   35.69    0.00   12.66    0.00    0.00    0.00    0.00    0.00    0.00   51.65
14:02:09     all   32.32    0.00   14.79    0.00    0.00    0.00    0.00    0.00    0.00   52.89
14:02:10     all   29.61    0.00   15.00    0.00    0.00    0.00    0.00    0.00    0.00   55.39
14:02:11     all   29.53    0.00   14.46    0.00    0.00    0.01    0.00    0.00    0.00   56.00
14:02:12     all   26.76    0.00   12.11    0.00    0.00    0.01    0.00    0.00    0.00   61.12
14:02:13     all   31.11    0.00   14.14    0.00    0.00    0.00    0.00    0.00    0.00   54.75
14:02:14     all   33.29    0.01   14.27    0.00    0.00    0.01    0.00    0.00    0.00   52.41
14:02:15     all   28.80    0.00   12.85    0.00    0.00    0.00    0.00    0.00    0.00   58.34
14:02:16     all   30.38    0.00   14.01    0.00    0.00    0.00    0.00    0.00    0.00   55.61
14:02:17     all   27.25    0.00   13.49    0.00    0.00    0.01    0.00    0.00    0.00   59.24
14:02:18     all   32.21    0.00   15.17    0.00    0.00    0.00    0.00    0.00    0.00   52.63
14:02:19     all   31.12    0.00   16.07    0.00    0.00    0.00    0.00    0.00    0.00   52.80
14:02:20     all   27.01    0.00   11.98    0.00    0.00    0.01    0.00    0.00    0.00   61.00
14:02:21     all   30.79    0.00   11.44    0.00    0.00    0.00    0.00    0.00    0.00   57.77
14:02:22     all   32.75    0.00   13.24    0.00    0.00    0.01    0.00    0.00    0.00   53.99
14:02:23     all   28.12    0.00   10.91    0.00    0.00    0.00    0.00    0.00    0.00   60.98
14:02:24     all   20.85    0.00    8.26    0.00    0.00    0.00    0.00    0.00    0.00   70.89
14:02:25     all   25.36    0.00    8.18    0.00    0.00    0.01    0.00    0.00    0.00   66.44
14:02:26     all   30.77    0.00   10.64    0.00    0.00    0.00    0.00    0.00    0.00   58.59
14:02:27     all   26.05    0.00   12.46    0.00    0.00    0.00    0.00    0.00    0.00   61.48
14:02:28     all   34.57    0.00   12.47    0.00    0.00    0.00    0.00    0.00    0.00   52.95
14:02:29     all   31.25    0.00   14.94    0.00    0.00    0.00    0.00    0.00    0.00   53.82
14:02:30     all   30.88    0.00   15.55    0.00    0.00    0.00    0.00    0.00    0.00   53.56
14:02:31     all   24.83    0.00   13.63    0.00    0.00    0.01    0.00    0.00    0.00   61.53
14:02:32     all   29.03    0.00   12.71    0.00    0.00    0.00    0.00    0.00    0.00   58.26
14:02:33     all   31.53    0.00   12.86    0.00    0.00    0.00    0.00    0.00    0.00   55.61
14:02:34     all   30.95    0.00   13.33    0.00    0.00    0.00    0.00    0.00    0.00   55.72
14:02:35     all   31.86    0.00   13.30    0.00    0.00    0.03    0.00    0.00    0.00   54.81
14:02:36     all   29.60    0.00   11.02    0.00    0.00    0.00    0.00    0.00    0.00   59.39
14:02:37     all   30.53    0.00   12.10    0.00    0.00    0.00    0.00    0.00    0.00   57.37
14:02:38     all   30.38    0.00   14.33    0.00    0.00    0.00    0.00    0.00    0.00   55.29
14:02:39     all   26.38    0.00   12.54    0.00    0.00    0.00    0.00    0.00    0.00   61.08
14:02:40     all   31.45    0.00   12.03    0.00    0.00    0.00    0.00    0.00    0.00   56.53
14:02:41     all   30.63    0.00   11.94    0.00    0.00    0.01    0.00    0.00    0.00   57.42
14:02:42     all   31.39    0.00   10.26    0.00    0.00    0.01    0.00    0.00    0.00   58.33
14:02:43     all   18.68    0.00    9.40    0.00    0.00    0.00    0.00    0.00    0.00   71.92
14:02:44     all   36.46    0.00   12.38    0.01    0.00    0.03    0.00    0.00    0.00   51.12
14:02:45     all   23.70    0.01   11.44    0.00    0.00    0.01    0.00    0.00    0.00   64.83
14:02:46     all   29.23    0.00    9.95    0.00    0.00    0.00    0.00    0.00    0.00   60.82
14:02:47     all   29.07    0.00   11.43    0.00    0.00    0.00    0.00    0.00    0.00   59.49
14:02:48     all   26.23    0.00   10.30    0.00    0.00    0.00    0.00    0.00    0.00   63.47
14:02:49     all   31.40    0.00   12.44    0.00    0.00    0.00    0.00    0.00    0.00   56.17
14:02:50     all   29.64    0.00   11.79    0.00    0.00    0.00    0.00    0.00    0.00   58.57
14:02:51     all   24.42    0.00   11.69    0.00    0.00    0.00    0.00    0.00    0.00   63.90
14:02:52     all   32.37    0.00   13.43    0.00    0.00    0.01    0.00    0.00    0.00   54.19
14:02:53     all   28.64    0.00   13.48    0.00    0.00    0.00    0.00    0.00    0.00   57.88
14:02:54     all   31.07    0.00   14.13    0.00    0.00    0.00    0.00    0.00    0.00   54.80
14:02:55     all   29.60    0.00   14.99    0.00    0.00    0.00    0.00    0.00    0.00   55.41
14:02:56     all   32.36    0.00   14.77    0.00    0.00    0.00    0.00    0.00    0.00   52.87
14:02:57     all   28.28    0.00   13.71    0.00    0.00    0.00    0.00    0.00    0.00   58.01
14:02:58     all   24.12    0.00   12.12    0.00    0.00    0.01    0.00    0.00    0.00   63.75
14:02:59     all   33.18    0.00   11.98    0.00    0.00    0.00    0.00    0.00    0.00   54.84
14:03:00     all   30.14    0.00   13.66    0.00    0.00    0.00    0.00    0.00    0.00   56.20
14:03:01     all   28.92    0.00   13.68    0.00    0.00    0.00    0.00    0.00    0.00   57.40
14:03:02     all   23.26    0.00   12.85    0.00    0.00    0.00    0.00    0.00    0.00   63.89
14:03:03     all   30.29    0.00   13.87    0.00    0.00    0.00    0.00    0.00    0.00   55.84
14:03:04     all   18.81    0.00   10.49    0.00    0.00    0.00    0.00    0.00    0.00   70.71
14:03:05     all   31.50    0.00   11.84    0.00    0.00    0.01    0.00    0.00    0.00   56.64
14:03:06     all   32.80    0.00   16.41    0.00    0.00    0.00    0.00    0.00    0.00   50.79
14:03:07     all   30.34    0.00   13.35    0.03    0.00    0.00    0.00    0.00    0.00   56.29
14:03:08     all   25.71    0.00   12.58    0.00    0.00    0.00    0.00    0.00    0.00   61.72
14:03:09     all   26.47    0.00   11.52    0.00    0.00    0.00    0.00    0.00    0.00   62.01
14:03:10     all   28.41    0.00   13.20    0.00    0.00    0.00    0.00    0.00    0.00   58.39
14:03:11     all   31.00    0.00   13.40    0.00    0.00    0.00    0.00    0.00    0.00   55.60
14:03:12     all   30.50    0.00   13.12    0.01    0.00    0.01    0.00    0.00    0.00   56.36
14:03:13     all   28.39    0.00   13.90    0.00    0.00    0.00    0.00    0.00    0.00   57.71
14:03:14     all   30.81    0.00   14.92    0.00    0.00    0.00    0.00    0.00    0.00   54.28
14:03:15     all   31.97    0.00   13.57    0.00    0.00    0.00    0.00    0.00    0.00   54.46
14:03:16     all   34.18    0.00   14.88    0.00    0.00    0.00    0.00    0.00    0.00   50.94
14:03:17     all   28.04    0.00   14.03    0.00    0.00    0.00    0.00    0.00    0.00   57.93
14:03:18     all   25.50    0.00   14.82    0.00    0.00    0.01    0.00    0.00    0.00   59.66
14:03:19     all   30.43    0.00   12.94    0.00    0.00    0.00    0.00    0.00    0.00   56.63
14:03:20     all   19.23    0.00   10.17    0.00    0.00    0.00    0.00    0.00    0.00   70.61
14:03:21     all   32.12    0.00   13.87    0.00    0.00    0.01    0.00    0.00    0.00   53.99
14:03:22     all   32.95    0.00   14.02    0.00    0.00    0.00    0.00    0.00    0.00   53.03
14:03:23     all   27.06    0.00   12.56    0.00    0.00    0.01    0.00    0.00    0.00   60.38
14:03:24     all   28.44    0.00   10.98    0.00    0.00    0.00    0.00    0.00    0.00   60.58
14:03:25     all   36.41    0.00   13.36    0.00    0.00    0.00    0.00    0.00    0.00   50.23
14:03:26     all   29.83    0.00   12.25    0.00    0.00    0.00    0.00    0.00    0.00   57.92
14:03:27     all   32.65    0.00   13.01    0.00    0.00    0.00    0.00    0.00    0.00   54.35
14:03:28     all   24.95    0.00   12.44    0.00    0.00    0.00    0.00    0.00    0.00   62.60
14:03:29     all   22.48    0.00   10.84    0.00    0.00    0.00    0.00    0.00    0.00   66.69
14:03:30     all   30.77    0.00   10.78    0.00    0.00    0.01    0.00    0.00    0.00   58.43
14:03:31     all   28.88    0.00   12.36    0.00    0.00    0.00    0.00    0.00    0.00   58.77
14:03:32     all   29.27    0.00   12.46    0.00    0.00    0.00    0.00    0.00    0.00   58.27
14:03:33     all   32.25    0.00   12.18    0.00    0.00    0.00    0.00    0.00    0.00   55.57
14:03:34     all   33.36    0.00   12.40    0.00    0.00    0.01    0.00    0.00    0.00   54.22
14:03:35     all   35.79    0.00   13.88    0.00    0.00    0.00    0.00    0.00    0.00   50.33
14:03:36     all   35.66    0.00   13.43    0.00    0.00    0.00    0.00    0.00    0.00   50.91
14:03:37     all   17.66    0.00    9.32    0.00    0.00    0.00    0.00    0.00    0.00   73.01
14:03:38     all   29.69    0.00   12.88    0.00    0.00    0.00    0.00    0.00    0.00   57.43
14:03:39     all   32.17    0.00   13.20    0.00    0.00    0.01    0.00    0.00    0.00   54.61
14:03:40     all   17.23    0.00   10.06    0.00    0.00    0.00    0.00    0.00    0.00   72.71
14:03:41     all   32.32    0.00   12.42    0.00    0.00    0.00    0.00    0.00    0.00   55.26
14:03:42     all   34.92    0.00   12.73    0.00    0.00    0.01    0.00    0.00    0.00   52.34
14:03:43     all   32.02    0.00   13.74    0.00    0.00    0.01    0.00    0.00    0.00   54.23
14:03:44     all   28.81    0.00   13.54    0.00    0.00    0.00    0.00    0.00    0.00   57.65
14:03:45     all   27.70    0.00   13.77    0.00    0.00    0.00    0.00    0.00    0.00   58.53
14:03:46     all   33.46    0.00   12.38    0.00    0.00    0.00    0.00    0.00    0.00   54.17
14:03:47     all   31.06    0.00   13.72    0.00    0.00    0.00    0.00    0.00    0.00   55.22
14:03:48     all   26.06    0.00   11.60    0.00    0.00    0.01    0.00    0.00    0.00   62.34
14:03:49     all   29.80    0.00   11.68    0.00    0.00    0.01    0.00    0.00    0.00   58.51
14:03:50     all   36.12    0.00   11.79    0.00    0.00    0.00    0.00    0.00    0.00   52.09
14:03:51     all   15.89    0.00    8.01    0.00    0.00    0.00    0.00    0.00    0.00   76.10
14:03:52     all   33.69    0.00   11.72    0.00    0.00    0.00    0.00    0.00    0.00   54.60
14:03:53     all   30.67    0.00   14.33    0.00    0.00    0.00    0.00    0.00    0.00   55.00
14:03:54     all   26.90    0.00   12.75    0.00    0.00    0.01    0.00    0.00    0.00   60.33
14:03:55     all   26.32    0.00   10.77    0.00    0.00    0.00    0.00    0.00    0.00   62.92
14:03:56     all   35.47    0.00   13.42    0.00    0.00    0.01    0.00    0.00    0.00   51.09
14:03:57     all   25.78    0.00   12.62    0.00    0.00    0.00    0.00    0.00    0.00   61.60
14:03:58     all   26.81    0.00   10.08    0.00    0.00    0.00    0.00    0.00    0.00   63.11
14:03:59     all   33.68    0.00   12.01    0.00    0.00    0.00    0.00    0.00    0.00   54.31
14:04:00     all   31.53    0.00    9.97    0.00    0.00    0.00    0.00    0.00    0.00   58.50
14:04:01     all   27.58    0.00   10.74    0.00    0.00    0.00    0.00    0.00    0.00   61.68
14:04:02     all   17.69    0.00    9.73    0.00    0.00    0.00    0.00    0.00    0.00   72.58
14:04:03     all   33.42    0.01   13.48    0.00    0.00    0.03    0.00    0.00    0.00   53.05
14:04:04     all   34.27    0.00   15.29    0.00    0.00    0.00    0.00    0.00    0.00   50.44
14:04:05     all   29.46    0.00   13.99    0.00    0.00    0.01    0.00    0.00    0.00   56.54
14:04:06     all   30.62    0.00   15.79    0.00    0.00    0.00    0.00    0.00    0.00   53.60
14:04:07     all   31.04    0.01   16.08    0.00    0.00    0.00    0.00    0.00    0.00   52.87
14:04:08     all   32.17    0.00   15.10    0.00    0.00    0.01    0.00    0.00    0.00   52.72
14:04:09     all   33.30    0.00   14.65    0.00    0.00    0.00    0.00    0.00    0.00   52.05
14:04:10     all   30.76    0.00   14.19    0.00    0.00    0.00    0.00    0.00    0.00   55.05
14:04:11     all   23.80    0.00   11.64    0.01    0.00    0.01    0.00    0.00    0.00   64.53
14:04:12     all   36.17    0.00   12.96    0.00    0.00    0.01    0.00    0.00    0.00   50.86
14:04:13     all   26.73    0.00   12.61    0.00    0.00    0.00    0.00    0.00    0.00   60.66
14:04:14     all   23.57    0.00   10.12    0.00    0.00    0.01    0.00    0.00    0.00   66.30
14:04:15     all   35.46    0.00   14.50    0.00    0.00    0.00    0.00    0.00    0.00   50.05
14:04:16     all   20.48    0.00    9.90    0.00    0.00    0.00    0.00    0.00    0.00   69.61
14:04:17     all   35.09    0.00   12.13    0.00    0.00    0.00    0.00    0.00    0.00   52.79
14:04:18     all   29.52    0.00   12.83    0.00    0.00    0.00    0.00    0.00    0.00   57.64
14:04:19     all   33.94    0.00   13.16    0.00    0.00    0.00    0.00    0.00    0.00   52.90
14:04:20     all   33.29    0.00   14.31    0.00    0.00    0.00    0.00    0.00    0.00   52.41
14:04:21     all   26.51    0.00   12.03    0.00    0.00    0.00    0.00    0.00    0.00   61.46
14:04:22     all   26.83    0.00    9.37    0.00    0.00    0.01    0.00    0.00    0.00   63.78
14:04:23     all   23.07    0.00    8.11    0.00    0.00    0.00    0.00    0.00    0.00   68.82
14:04:24     all   30.27    0.00   10.16    0.00    0.00    0.00    0.00    0.00    0.00   59.57
14:04:25     all   28.47    0.00    9.28    0.00    0.00    0.00    0.00    0.00    0.00   62.25
14:04:26     all   30.16    0.00    9.52    0.00    0.00    0.01    0.00    0.00    0.00   60.30
14:04:27     all   30.71    0.01   12.45    0.00    0.00    0.01    0.00    0.00    0.00   56.80
14:04:28     all   30.66    0.00   11.68    0.00    0.00    0.00    0.00    0.00    0.00   57.66
14:04:29     all   29.67    0.00   11.91    0.00    0.00    0.00    0.00    0.00    0.00   58.41
14:04:30     all   14.43    0.00    8.76    0.00    0.00    0.00    0.00    0.00    0.00   76.81
14:04:31     all   34.88    0.00   12.69    0.00    0.00    0.00    0.00    0.00    0.00   52.43
14:04:32     all   27.92    0.00   11.73    0.00    0.00    0.01    0.00    0.00    0.00   60.34
14:04:33     all   33.42    0.00   13.37    0.00    0.00    0.00    0.00    0.00    0.00   53.21
14:04:34     all   30.04    0.00   12.30    0.00    0.00    0.00    0.00    0.00    0.00   57.66
14:04:35     all   27.09    0.00    9.90    0.00    0.00    0.00    0.00    0.00    0.00   63.01
14:04:36     all   16.66    0.00    7.69    0.00    0.00    0.00    0.00    0.00    0.00   75.66
14:04:37     all   24.88    0.00    7.98    0.00    0.00    0.00    0.00    0.00    0.00   67.14
14:04:38     all   26.86    0.00    7.59    0.00    0.00    0.01    0.00    0.00    0.00   65.54
14:04:39     all   26.67    0.00    8.92    0.00    0.00    0.01    0.00    0.00    0.00   64.39
14:04:40     all   27.02    0.00    8.47    0.00    0.00    0.00    0.00    0.00    0.00   64.51
14:04:41     all   25.55    0.00    7.99    0.01    0.00    0.01    0.00    0.00    0.00   66.44
14:04:42     all   15.91    0.00    6.07    0.00    0.00    0.00    0.00    0.00    0.00   78.02
14:04:43     all   30.05    0.00    7.79    0.00    0.00    0.00    0.00    0.00    0.00   62.17
14:04:44     all   21.98    0.00    6.96    0.00    0.00    0.01    0.00    0.00    0.00   71.04
14:04:45     all   25.45    0.00    6.97    0.00    0.00    0.00    0.00    0.00    0.00   67.58
14:04:46     all   26.71    0.00    7.49    0.00    0.00    0.03    0.00    0.00    0.00   65.77
14:04:47     all   27.21    0.00    7.53    0.00    0.00    0.00    0.00    0.00    0.00   65.26
14:04:48     all   24.88    0.00    6.85    0.00    0.00    0.00    0.00    0.00    0.00   68.28
14:04:49     all   25.03    0.00    6.70    0.00    0.00    0.01    0.00    0.00    0.00   68.26
14:04:50     all   26.83    0.00    7.25    0.00    0.00    0.00    0.00    0.00    0.00   65.92
14:04:51     all   33.39    0.00    9.66    0.00    0.00    0.00    0.00    0.00    0.00   56.95
14:04:52     all   28.35    0.00    9.51    0.00    0.00    0.00    0.00    0.00    0.00   62.13
14:04:53     all   26.59    0.00    8.66    0.00    0.00    0.01    0.00    0.00    0.00   64.73
14:04:54     all   25.19    0.00    6.46    0.00    0.00    0.00    0.00    0.00    0.00   68.35
14:04:55     all   20.50    0.00    5.51    0.00    0.00    0.00    0.00    0.00    0.00   74.00
14:04:56     all   25.84    0.00    6.46    0.00    0.00    0.00    0.00    0.00    0.00   67.70
14:04:57     all   25.70    0.00    8.47    0.00    0.00    0.00    0.00    0.00    0.00   65.83
14:04:58     all   21.76    0.00    6.38    0.00    0.00    0.00    0.00    0.00    0.00   71.86
14:04:59     all   24.31    0.00    8.44    0.00    0.00    0.00    0.00    0.00    0.00   67.26
14:05:00     all   28.89    0.00    8.61    0.00    0.00    0.00    0.00    0.00    0.00   62.50
14:05:01     all   21.40    0.00    7.70    0.00    0.00    0.00    0.00    0.00    0.00   70.89
14:05:02     all   27.95    0.00    7.92    0.00    0.00    0.03    0.00    0.00    0.00   64.10
14:05:03     all   25.73    0.01    7.74    0.01    0.00    0.01    0.00    0.00    0.00   66.48
14:05:04     all   29.09    0.00    8.38    0.00    0.00    0.01    0.00    0.00    0.00   62.51
14:05:05     all   26.08    0.00    7.35    0.00    0.00    0.00    0.00    0.00    0.00   66.56
14:05:06     all   19.92    0.00    5.87    0.00    0.00    0.00    0.00    0.00    0.00   74.21
14:05:07     all   36.48    0.00    8.87    0.00    0.00    0.01    0.00    0.00    0.00   54.64
14:05:08     all   24.52    0.00    7.07    0.00    0.00    0.00    0.00    0.00    0.00   68.41
14:05:09     all   32.11    0.00    7.28    0.00    0.00    0.00    0.00    0.00    0.00   60.61
14:05:10     all   24.15    0.00    6.10    0.00    0.00    0.00    0.00    0.00    0.00   69.75
14:05:11     all   22.11    0.00    5.26    0.00    0.00    0.00    0.00    0.00    0.00   72.63
14:05:12     all   26.69    0.00    6.31    0.00    0.00    0.00    0.00    0.00    0.00   67.00
14:05:13     all   19.75    0.00    6.32    0.00    0.00    0.00    0.00    0.00    0.00   73.92
14:05:14     all   29.92    0.00    8.15    0.00    0.00    0.01    0.00    0.00    0.00   61.92
14:05:15     all   26.69    0.00    8.57    0.00    0.00    0.00    0.00    0.00    0.00   64.74
14:05:16     all   24.52    0.00    6.87    0.00    0.00    0.01    0.00    0.00    0.00   68.60
14:05:17     all   22.44    0.00    7.53    0.00    0.00    0.00    0.00    0.00    0.00   70.03
14:05:18     all   37.29    0.00    7.99    0.00    0.00    0.00    0.00    0.00    0.00   54.72
14:05:19     all   10.88    0.00    3.77    0.00    0.00    0.00    0.00    0.00    0.00   85.36
14:05:20     all   29.91    0.00    7.04    0.00    0.00    0.00    0.00    0.00    0.00   63.05
14:05:21     all   20.44    0.00    6.52    0.00    0.00    0.01    0.00    0.00    0.00   73.03
14:05:22     all   23.37    0.00    6.43    0.00    0.00    0.00    0.00    0.00    0.00   70.20
14:05:23     all   22.12    0.00    4.87    0.00    0.00    0.00    0.00    0.00    0.00   73.02
14:05:24     all   24.34    0.00    5.04    0.00    0.00    0.00    0.00    0.00    0.00   70.62
14:05:25     all   24.77    0.04    6.24    0.00    0.00    0.00    0.00    0.00    0.00   68.95
14:05:26     all   22.20    0.00    5.26    0.00    0.00    0.00    0.00    0.00    0.00   72.54
14:05:27     all   25.63    0.00    7.07    0.00    0.00    0.01    0.00    0.00    0.00   67.29
14:05:28     all   26.17    0.00    6.75    0.00    0.00    0.01    0.00    0.00    0.00   67.07
14:05:29     all   24.75    0.00    7.14    0.00    0.00    0.00    0.00    0.00    0.00   68.11
14:05:30     all   25.17    0.00    6.86    0.00    0.00    0.00    0.00    0.00    0.00   67.97
14:05:31     all   23.94    0.00    7.54    0.00    0.00    0.01    0.00    0.00    0.00   68.50
14:05:32     all   24.80    0.00    8.60    0.00    0.00    0.00    0.00    0.00    0.00   66.60
14:05:33     all   28.86    0.00    8.84    0.00    0.00    0.00    0.00    0.00    0.00   62.30
14:05:34     all   27.19    0.00    8.39    0.00    0.00    0.00    0.00    0.00    0.00   64.42
14:05:35     all   27.45    0.00    8.39    0.00    0.00    0.01    0.00    0.00    0.00   64.14
14:05:36     all   28.19    0.00    9.28    0.00    0.00    0.00    0.00    0.00    0.00   62.53
14:05:37     all   25.50    0.00    8.07    0.00    0.00    0.01    0.00    0.00    0.00   66.42
14:05:38     all   24.39    0.00    5.26    0.00    0.00    0.00    0.00    0.00    0.00   70.35
14:05:39     all   23.86    0.00    5.78    0.00    0.00    0.00    0.00    0.00    0.00   70.35
14:05:40     all   28.80    0.00    8.39    0.00    0.00    0.01    0.00    0.00    0.00   62.80
14:05:41     all   24.29    0.00    7.11    0.00    0.00    0.00    0.00    0.00    0.00   68.60
14:05:42     all   24.71    0.00    6.96    0.00    0.00    0.00    0.00    0.00    0.00   68.33
14:05:43     all   26.09    0.00    7.54    0.00    0.00    0.00    0.00    0.00    0.00   66.37
14:05:44     all   24.62    0.00    6.89    0.00    0.00    0.00    0.00    0.00    0.00   68.49
14:05:45     all   26.31    0.00    7.78    0.00    0.00    0.00    0.00    0.00    0.00   65.90
14:05:46     all   26.43    0.00    6.52    0.00    0.00    0.01    0.00    0.00    0.00   67.04
14:05:47     all   21.45    0.00    4.87    0.00    0.00    0.00    0.00    0.00    0.00   73.68
14:05:48     all   24.75    0.00    6.10    0.00    0.00    0.00    0.00    0.00    0.00   69.16
14:05:49     all   23.43    0.00    5.74    0.00    0.00    0.00    0.00    0.00    0.00   70.82
14:05:50     all   24.38    0.00    6.59    0.00    0.00    0.01    0.00    0.00    0.00   69.02
14:05:51     all   27.01    0.00    6.93    0.01    0.00    0.00    0.00    0.00    0.00   66.05
14:05:52     all   23.12    0.00    5.80    0.00    0.00    0.00    0.00    0.00    0.00   71.08
14:05:53     all   23.25    0.00    6.45    0.00    0.00    0.00    0.00    0.00    0.00   70.30
14:05:54     all   23.24    0.00    5.05    0.00    0.00    0.00    0.00    0.00    0.00   71.70
14:05:55     all   23.39    0.00    5.35    0.01    0.00    0.00    0.00    0.00    0.00   71.24
14:05:56     all   26.40    0.00    6.94    0.00    0.00    0.00    0.00    0.00    0.00   66.67
14:05:57     all   25.75    0.00    6.34    0.00    0.00    0.00    0.00    0.00    0.00   67.91
14:05:58     all   24.66    0.00    5.93    0.00    0.00    0.00    0.00    0.00    0.00   69.42
14:05:59     all   22.81    0.00    6.50    0.00    0.00    0.00    0.00    0.00    0.00   70.69
14:06:00     all   24.65    0.00    6.43    0.00    0.00    0.00    0.00    0.00    0.00   68.92
14:06:01     all   25.37    0.00    6.12    0.00    0.00    0.01    0.00    0.00    0.00   68.50
14:06:02     all   26.28    0.00    5.36    0.00    0.00    0.00    0.00    0.00    0.00   68.37
14:06:03     all   18.66    0.00    4.81    0.00    0.00    0.00    0.00    0.00    0.00   76.53
14:06:04     all   22.13    0.00    4.62    0.00    0.00    0.00    0.00    0.00    0.00   73.25
14:06:05     all   28.50    0.00    5.89    0.00    0.00    0.00    0.00    0.00    0.00   65.61
14:06:06     all   26.71    0.00    6.08    0.00    0.00    0.00    0.00    0.00    0.00   67.22
14:06:07     all   20.25    0.00    5.80    0.00    0.00    0.00    0.00    0.00    0.00   73.95
14:06:08     all   22.63    0.00    5.49    0.00    0.00    0.00    0.00    0.00    0.00   71.88
14:06:09     all   20.23    0.00    5.19    0.00    0.00    0.00    0.00    0.00    0.00   74.58
14:06:10     all   20.65    0.00    3.56    0.00    0.00    0.01    0.00    0.00    0.00   75.78
14:06:11     all   19.88    0.00    3.38    0.00    0.00    0.00    0.00    0.00    0.00   76.74
14:06:12     all   23.89    0.00    5.08    0.00    0.00    0.00    0.00    0.00    0.00   71.03
14:06:13     all   30.62    0.00    9.24    0.00    0.00    0.00    0.00    0.00    0.00   60.14
14:06:14     all   22.60    0.00    6.31    0.00    0.00    0.00    0.00    0.00    0.00   71.09
14:06:15     all   23.10    0.00    4.74    0.00    0.00    0.00    0.00    0.00    0.00   72.16
14:06:16     all   23.24    0.00    5.21    0.00    0.00    0.00    0.00    0.00    0.00   71.55
14:06:17     all   20.37    0.00    4.61    0.00    0.00    0.00    0.00    0.00    0.00   75.01
14:06:18     all   21.65    0.00    4.73    0.00    0.00    0.00    0.00    0.00    0.00   73.62
14:06:19     all   24.02    0.00    5.81    0.00    0.00    0.00    0.00    0.00    0.00   70.18
14:06:20     all   25.12    0.00    6.64    0.00    0.00    0.00    0.00    0.00    0.00   68.24
14:06:21     all   19.45    0.00    4.43    0.00    0.00    0.00    0.00    0.00    0.00   76.12
14:06:22     all   19.04    0.00    3.05    0.00    0.00    0.00    0.00    0.00    0.00   77.91
14:06:23     all   24.23    0.00    5.38    0.00    0.00    0.00    0.00    0.00    0.00   70.39
14:06:24     all   21.31    0.00    5.48    0.00    0.00    0.00    0.00    0.00    0.00   73.22
14:06:25     all   25.27    0.00    6.67    0.00    0.00    0.03    0.00    0.00    0.00   68.02
14:06:26     all   23.24    0.00    5.98    0.00    0.00    0.00    0.00    0.00    0.00   70.78
14:06:27     all   26.13    0.00    7.45    0.00    0.00    0.01    0.00    0.00    0.00   66.40
14:06:28     all   31.34    0.00    7.74    0.00    0.00    0.00    0.00    0.00    0.00   60.92
14:06:29     all   18.00    0.00    6.19    0.00    0.00    0.00    0.00    0.00    0.00   75.81
14:06:30     all   25.62    0.00    7.06    0.00    0.00    0.00    0.00    0.00    0.00   67.33
14:06:31     all   20.28    0.01    4.55    0.00    0.00    0.00    0.00    0.00    0.00   75.15
14:06:32     all   26.94    0.00    7.85    0.00    0.00    0.00    0.00    0.00    0.00   65.21
14:06:33     all   23.07    0.00    6.88    0.00    0.00    0.01    0.00    0.00    0.00   70.03
14:06:34     all   27.32    0.00    7.77    0.00    0.00    0.00    0.00    0.00    0.00   64.91
14:06:35     all   21.56    0.00    6.51    0.00    0.00    0.01    0.00    0.00    0.00   71.92
14:06:36     all   25.29    0.00    6.18    0.00    0.00    0.00    0.00    0.00    0.00   68.54
14:06:37     all   20.36    0.00    5.46    0.00    0.00    0.00    0.00    0.00    0.00   74.18
14:06:38     all   27.62    0.00    7.55    0.00    0.00    0.00    0.00    0.00    0.00   64.83
14:06:39     all   22.35    0.00    5.75    0.00    0.00    0.00    0.00    0.00    0.00   71.90
14:06:40     all   21.47    0.00    5.15    0.00    0.00    0.00    0.00    0.00    0.00   73.38
14:06:41     all   23.82    0.00    5.44    0.00    0.00    0.01    0.00    0.00    0.00   70.73
14:06:42     all   23.94    0.00    6.07    0.00    0.00    0.00    0.00    0.00    0.00   69.99
14:06:43     all   22.87    0.00    5.41    0.00    0.00    0.00    0.00    0.00    0.00   71.72
14:06:44     all   21.62    0.00    5.21    0.00    0.00    0.00    0.00    0.00    0.00   73.16
14:06:45     all   24.99    0.00    6.93    0.00    0.00    0.00    0.00    0.00    0.00   68.09
14:06:46     all   31.86    0.00    8.48    0.00    0.00    0.01    0.00    0.00    0.00   59.64
14:06:47     all   18.44    0.00    6.89    0.00    0.00    0.00    0.00    0.00    0.00   74.67
14:06:48     all   35.69    0.00    7.49    0.00    0.00    0.00    0.00    0.00    0.00   56.81
14:06:49     all   21.09    0.00    5.91    0.00    0.00    0.01    0.00    0.00    0.00   72.99
14:06:50     all   20.58    0.00    4.37    0.00    0.00    0.00    0.00    0.00    0.00   75.05
14:06:51     all   26.94    0.01    5.62    0.00    0.00    0.00    0.00    0.00    0.00   67.42
14:06:52     all   16.63    0.00    3.76    0.01    0.00    0.00    0.00    0.00    0.00   79.59
14:06:53     all   23.39    0.00    4.24    0.00    0.00    0.00    0.00    0.00    0.00   72.37
14:06:54     all   22.27    0.00    5.67    0.00    0.00    0.00    0.00    0.00    0.00   72.06
14:06:55     all   25.35    0.00    7.57    0.00    0.00    0.00    0.00    0.00    0.00   67.08
14:06:56     all   29.05    0.00    6.86    0.00    0.00    0.00    0.00    0.00    0.00   64.09
14:06:57     all   22.43    0.00    8.06    0.00    0.00    0.00    0.00    0.00    0.00   69.51
14:06:58     all   23.72    0.00    6.14    0.00    0.00    0.00    0.00    0.00    0.00   70.15
14:06:59     all   22.71    0.00    6.27    0.00    0.00    0.00    0.00    0.00    0.00   71.02
14:07:00     all   25.12    0.00    6.47    0.00    0.00    0.00    0.00    0.00    0.00   68.40
14:07:01     all   26.85    0.00    8.00    0.00    0.00    0.00    0.00    0.00    0.00   65.15
14:07:02     all   26.40    0.00    8.18    0.00    0.00    0.00    0.00    0.00    0.00   65.42
14:07:03     all   18.85    0.00    6.12    0.00    0.00    0.00    0.00    0.00    0.00   75.04
14:07:04     all   25.22    0.00    5.99    0.00    0.00    0.00    0.00    0.00    0.00   68.79
14:07:05     all   22.03    0.00    5.56    0.00    0.00    0.01    0.00    0.00    0.00   72.39
14:07:06     all   23.84    0.00    7.11    0.00    0.00    0.00    0.00    0.00    0.00   69.06
14:07:07     all   21.75    0.00    5.20    0.00    0.00    0.00    0.00    0.00    0.00   73.05
14:07:08     all   24.19    0.00    6.22    0.00    0.00    0.00    0.00    0.00    0.00   69.59
14:07:09     all   24.90    0.00    6.97    0.00    0.00    0.00    0.00    0.00    0.00   68.13
14:07:10     all   24.85    0.00    6.46    0.00    0.00    0.00    0.00    0.00    0.00   68.70
14:07:11     all   20.48    0.00    5.62    0.00    0.00    0.00    0.00    0.00    0.00   73.90
14:07:12     all   22.94    0.00    5.87    0.00    0.00    0.01    0.00    0.00    0.00   71.17
14:07:13     all   22.50    0.01    6.15    0.00    0.00    0.00    0.00    0.00    0.00   71.33
14:07:14     all   11.11    0.00    3.53    0.00    0.00    0.00    0.00    0.00    0.00   85.36
14:07:15     all   33.49    0.00    7.00    0.00    0.00    0.01    0.00    0.00    0.00   59.50
14:07:16     all   17.18    0.00    4.65    0.00    0.00    0.00    0.00    0.00    0.00   78.17
14:07:17     all   24.68    0.01    6.99    0.00    0.00    0.00    0.00    0.00    0.00   68.31
14:07:18     all   26.42    0.00    8.27    0.00    0.00    0.00    0.00    0.00    0.00   65.31
14:07:19     all   21.10    0.00    6.59    0.00    0.00    0.00    0.00    0.00    0.00   72.32
14:07:20     all   24.56    0.00    6.08    0.00    0.00    0.00    0.00    0.00    0.00   69.35
14:07:21     all   26.17    0.00    7.20    0.00    0.00    0.00    0.00    0.00    0.00   66.63
14:07:22     all   22.11    0.00    6.03    0.00    0.00    0.00    0.00    0.00    0.00   71.86
14:07:23     all   24.16    0.00    8.03    0.00    0.00    0.00    0.00    0.00    0.00   67.81
14:07:24     all   30.05    0.00    7.37    0.00    0.00    0.00    0.00    0.00    0.00   62.58
14:07:25     all   20.25    0.04    6.61    0.00    0.00    0.01    0.00    0.00    0.00   73.08
14:07:26     all   30.21    0.00    8.67    0.00    0.00    0.00    0.00    0.00    0.00   61.12
14:07:27     all   27.73    0.00    8.93    0.00    0.00    0.01    0.00    0.00    0.00   63.32
14:07:28     all   18.87    0.00    7.27    0.00    0.00    0.00    0.00    0.00    0.00   73.86
14:07:29     all   26.17    0.00    7.63    0.00    0.00    0.00    0.00    0.00    0.00   66.20
14:07:30     all   21.10    0.00    7.67    0.00    0.00    0.00    0.00    0.00    0.00   71.23
14:07:31     all   19.10    0.00    6.88    0.00    0.00    0.01    0.00    0.00    0.00   74.01
14:07:32     all   27.51    0.00    6.89    0.00    0.00    0.00    0.00    0.00    0.00   65.60
14:07:33     all   26.07    0.00    9.07    0.00    0.00    0.00    0.00    0.00    0.00   64.86
14:07:34     all   27.77    0.00   10.30    0.00    0.00    0.00    0.00    0.00    0.00   61.93
14:07:35     all   28.23    0.00   11.44    0.00    0.00    0.00    0.00    0.00    0.00   60.33
14:07:36     all   25.06    0.00    8.93    0.00    0.00    0.00    0.00    0.00    0.00   66.01
14:07:37     all   25.18    0.00    8.26    0.00    0.00    0.00    0.00    0.00    0.00   66.56
14:07:38     all   24.90    0.00    6.63    0.00    0.00    0.01    0.00    0.00    0.00   68.46
14:07:39     all   23.78    0.00    6.45    0.00    0.00    0.00    0.00    0.00    0.00   69.76
14:07:40     all   23.77    0.00    6.29    0.00    0.00    0.00    0.00    0.00    0.00   69.94
14:07:41     all   25.91    0.00    6.44    0.00    0.00    0.00    0.00    0.00    0.00   67.65
14:07:42     all   25.80    0.00    8.43    0.00    0.00    0.00    0.00    0.00    0.00   65.77
14:07:43     all   22.98    0.00    7.75    0.00    0.00    0.00    0.00    0.00    0.00   69.26
14:07:44     all   24.81    0.00    7.32    0.00    0.00    0.00    0.00    0.00    0.00   67.88
14:07:45     all   23.67    0.00    7.57    0.00    0.00    0.00    0.00    0.00    0.00   68.75
14:07:46     all   24.89    0.00    7.16    0.00    0.00    0.01    0.00    0.00    0.00   67.94
14:07:47     all   20.48    0.00    5.76    0.00    0.00    0.01    0.00    0.00    0.00   73.75
14:07:48     all   22.29    0.00    5.37    0.00    0.00    0.00    0.00    0.00    0.00   72.34
14:07:49     all   24.96    0.00    7.33    0.00    0.00    0.00    0.00    0.00    0.00   67.71
14:07:50     all   29.98    0.00    7.10    0.00    0.00    0.00    0.00    0.00    0.00   62.93
14:07:51     all   22.36    0.00    6.86    0.00    0.00    0.00    0.00    0.00    0.00   70.78
14:07:52     all   26.82    0.00    5.92    0.00    0.00    0.00    0.00    0.00    0.00   67.26
14:07:53     all   20.92    0.00    6.69    0.00    0.00    0.01    0.00    0.00    0.00   72.37
14:07:54     all   26.13    0.00    5.90    0.00    0.00    0.00    0.00    0.00    0.00   67.96
14:07:55     all   26.34    0.00    6.97    0.00    0.00    0.00    0.00    0.00    0.00   66.69
14:07:56     all   22.06    0.00    6.32    0.00    0.00    0.00    0.00    0.00    0.00   71.62
14:07:57     all   25.49    0.00    7.64    0.00    0.00    0.00    0.00    0.00    0.00   66.87
14:07:58     all   13.34    0.00    6.77    0.00    0.00    0.00    0.00    0.00    0.00   79.90
14:07:59     all   23.95    0.00    7.18    0.00    0.00    0.00    0.00    0.00    0.00   68.87
14:08:00     all   24.20    0.00    8.21    0.00    0.00    0.00    0.00    0.00    0.00   67.59
14:08:01     all   25.12    0.00    6.00    0.00    0.00    0.01    0.00    0.00    0.00   68.87
14:08:02     all   26.88    0.00    6.96    0.00    0.00    0.00    0.00    0.00    0.00   66.16
14:08:03     all   24.91    0.00    7.08    0.00    0.00    0.00    0.00    0.00    0.00   68.02
14:08:04     all   30.44    0.00    8.68    0.00    0.00    0.00    0.00    0.00    0.00   60.88
14:08:05     all   19.10    0.00    6.13    0.00    0.00    0.01    0.00    0.00    0.00   74.75
14:08:06     all   25.54    0.00    5.68    0.00    0.00    0.00    0.00    0.00    0.00   68.78
14:08:07     all   23.66    0.00    5.89    0.00    0.00    0.00    0.00    0.00    0.00   70.45
14:08:08     all   24.73    0.00    6.39    0.00    0.00    0.00    0.00    0.00    0.00   68.88
14:08:09     all   21.52    0.00    5.72    0.00    0.00    0.01    0.00    0.00    0.00   72.75
14:08:10     all   24.79    0.00    7.26    0.00    0.00    0.00    0.00    0.00    0.00   67.95
14:08:11     all   25.23    0.00    5.86    0.00    0.00    0.00    0.00    0.00    0.00   68.91
14:08:12     all   21.47    0.00    4.46    0.01    0.00    0.00    0.00    0.00    0.00   74.06
14:08:13     all   23.54    0.00    5.30    0.00    0.00    0.00    0.00    0.00    0.00   71.16
14:08:14     all   23.54    0.00    5.75    0.00    0.00    0.00    0.00    0.00    0.00   70.71
14:08:15     all   23.87    0.00    6.41    0.00    0.00    0.00    0.00    0.00    0.00   69.72
14:08:16     all   24.53    0.00    5.48    0.00    0.00    0.00    0.00    0.00    0.00   69.98
14:08:17     all   17.16    0.01    3.32    0.01    0.00    0.01    0.00    0.00    0.00   79.47
14:08:18     all   26.12    0.00    6.29    0.00    0.00    0.01    0.00    0.00    0.00   67.58
14:08:19     all   21.53    0.00    4.69    0.00    0.00    0.00    0.00    0.00    0.00   73.78
14:08:20     all   26.07    0.00    5.48    0.00    0.00    0.00    0.00    0.00    0.00   68.45
14:08:21     all   18.35    0.00    5.61    0.00    0.00    0.00    0.00    0.00    0.00   76.03
14:08:22     all   19.72    0.00    4.40    0.00    0.00    0.00    0.00    0.00    0.00   75.88
14:08:23     all   20.81    0.00    5.19    0.00    0.00    0.00    0.00    0.00    0.00   74.00
14:08:24     all   28.77    0.00    6.01    0.00    0.00    0.01    0.00    0.00    0.00   65.20
14:08:25     all   18.05    0.00    5.50    0.00    0.00    0.00    0.00    0.00    0.00   76.45
14:08:26     all   36.81    0.00    7.92    0.00    0.00    0.00    0.00    0.00    0.00   55.27
14:08:27     all   12.70    0.00    4.18    0.00    0.00    0.00    0.00    0.00    0.00   83.13
14:08:28     all   33.50    0.00    6.63    0.00    0.00    0.00    0.00    0.00    0.00   59.86
14:08:29     all   26.24    0.00    7.26    0.00    0.00    0.00    0.00    0.00    0.00   66.50
14:08:30     all   23.47    0.00    6.29    0.00    0.00    0.00    0.00    0.00    0.00   70.24
14:08:31     all   22.61    0.00    6.07    0.00    0.00    0.01    0.00    0.00    0.00   71.31
14:08:32     all   24.41    0.00    6.69    0.00    0.00    0.00    0.00    0.00    0.00   68.90
14:08:33     all   22.99    0.00    6.82    0.00    0.00    0.00    0.00    0.00    0.00   70.19
14:08:34     all   22.20    0.00    6.55    0.00    0.00    0.00    0.00    0.00    0.00   71.25
14:08:35     all   27.04    0.00    7.61    0.00    0.00    0.00    0.00    0.00    0.00   65.35
14:08:36     all   21.20    0.00    5.72    0.00    0.00    0.01    0.00    0.00    0.00   73.07
14:08:37     all   20.34    0.00    5.01    0.00    0.00    0.00    0.00    0.00    0.00   74.65
14:08:38     all   28.21    0.00    8.06    0.00    0.00    0.00    0.00    0.00    0.00   63.72
14:08:39     all   24.85    0.00    7.15    0.00    0.00    0.00    0.00    0.00    0.00   68.00
14:08:40     all   25.16    0.00    5.92    0.00    0.00    0.00    0.00    0.00    0.00   68.93
14:08:41     all   16.19    0.00    3.82    0.00    0.00    0.00    0.00    0.00    0.00   79.99
14:08:42     all   28.61    0.00    6.61    0.00    0.00    0.03    0.00    0.00    0.00   64.75
14:08:43     all   21.60    0.00    5.70    0.00    0.00    0.00    0.00    0.00    0.00   72.70
14:08:44     all   24.81    0.00    6.91    0.00    0.00    0.00    0.00    0.00    0.00   68.28
14:08:45     all   23.13    0.00    5.58    0.00    0.00    0.01    0.00    0.00    0.00   71.28
14:08:46     all   23.43    0.00    7.36    0.00    0.00    0.00    0.00    0.00    0.00   69.21
14:08:47     all   26.19    0.00    8.37    0.01    0.00    0.00    0.00    0.00    0.00   65.43
14:08:48     all   20.95    0.00    6.83    0.00    0.00    0.00    0.00    0.00    0.00   72.23
14:08:49     all   27.53    0.00    7.91    0.00    0.00    0.00    0.00    0.00    0.00   64.56
14:08:50     all   22.99    0.00    8.31    0.00    0.00    0.00    0.00    0.00    0.00   68.69
14:08:51     all   26.61    0.00    9.50    0.00    0.00    0.01    0.00    0.00    0.00   63.87
14:08:52     all   19.77    0.00    7.93    0.00    0.00    0.01    0.00    0.00    0.00   72.29
14:08:53     all   27.92    0.00    8.64    0.00    0.00    0.00    0.00    0.00    0.00   63.44
14:08:54     all   29.24    0.00   10.18    0.00    0.00    0.00    0.00    0.00    0.00   60.58
14:08:55     all   28.61    0.00   12.03    0.00    0.00    0.00    0.00    0.00    0.00   59.35
14:08:56     all   27.37    0.00   10.84    0.00    0.00    0.00    0.00    0.00    0.00   61.78
14:08:57     all   28.93    0.00   10.63    0.00    0.00    0.00    0.00    0.00    0.00   60.44
14:08:58     all   29.74    0.00   10.05    0.00    0.00    0.01    0.00    0.00    0.00   60.19
14:08:59     all   24.32    0.00    9.58    0.00    0.00    0.00    0.00    0.00    0.00   66.10
14:09:00     all   26.33    0.01   10.11    0.00    0.00    0.00    0.00    0.00    0.00   63.54
14:09:01     all   24.36    0.00   10.30    0.00    0.00    0.00    0.00    0.00    0.00   65.34
14:09:02     all   20.68    0.00    7.60    0.00    0.00    0.00    0.00    0.00    0.00   71.73
14:09:03     all   39.16    0.00   10.55    0.00    0.00    0.01    0.00    0.00    0.00   50.28
14:09:04     all   18.30    0.00    6.82    0.00    0.00    0.00    0.00    0.00    0.00   74.87
14:09:05     all   37.25    0.00    9.13    0.00    0.00    0.00    0.00    0.00    0.00   53.62
14:09:06     all   24.67    0.00    9.58    0.00    0.00    0.00    0.00    0.00    0.00   65.75
14:09:07     all   23.72    0.00    9.09    0.00    0.00    0.01    0.00    0.00    0.00   67.17
14:09:08     all   36.98    0.00   10.72    0.00    0.00    0.00    0.00    0.00    0.00   52.30
14:09:09     all   22.21    0.00    8.92    0.00    0.00    0.00    0.00    0.00    0.00   68.87
14:09:10     all   27.37    0.00   10.39    0.00    0.00    0.00    0.00    0.00    0.00   62.24
14:09:11     all   24.98    0.00    7.83    0.00    0.00    0.00    0.00    0.00    0.00   67.19
14:09:12     all   25.39    0.00    8.62    0.00    0.00    0.00    0.00    0.00    0.00   65.99
14:09:13     all   27.29    0.01    7.83    0.00    0.00    0.00    0.00    0.00    0.00   64.87
14:09:14     all   24.18    0.00    7.35    0.01    0.00    0.00    0.00    0.00    0.00   68.46
14:09:15     all   26.41    0.00    9.34    0.00    0.00    0.01    0.00    0.00    0.00   64.25
14:09:16     all   17.80    0.00    6.21    0.00    0.00    0.00    0.00    0.00    0.00   75.99
14:09:17     all   34.39    0.00   10.17    0.00    0.00    0.01    0.00    0.00    0.00   55.42
14:09:18     all   21.49    0.00    7.28    0.00    0.00    0.00    0.00    0.00    0.00   71.23
14:09:19     all   31.73    0.00   10.73    0.00    0.00    0.01    0.00    0.00    0.00   57.52
14:09:20     all   27.44    0.00    9.86    0.00    0.00    0.00    0.00    0.00    0.00   62.69
14:09:21     all   28.59    0.00    9.92    0.00    0.00    0.00    0.00    0.00    0.00   61.50
14:09:22     all   22.39    0.00    9.64    0.00    0.00    0.00    0.00    0.00    0.00   67.97
14:09:23     all   30.79    0.00    9.63    0.01    0.00    0.00    0.00    0.00    0.00   59.57
14:09:24     all   26.15    0.00    8.91    0.00    0.00    0.00    0.00    0.00    0.00   64.94
14:09:25     all   35.28    0.01   13.62    0.00    0.00    0.00    0.00    0.00    0.00   51.08
14:09:26     all   24.55    0.00   10.91    0.00    0.00    0.00    0.00    0.00    0.00   64.55
14:09:27     all   27.45    0.00    9.75    0.00    0.00    0.00    0.00    0.00    0.00   62.80
14:09:28     all   24.19    0.00   10.64    0.00    0.00    0.00    0.00    0.00    0.00   65.17
14:09:29     all   26.34    0.00    9.84    0.00    0.00    0.00    0.00    0.00    0.00   63.82
14:09:30     all   22.73    0.00    7.97    0.00    0.00    0.01    0.00    0.00    0.00   69.29
14:09:31     all   27.06    0.00   10.08    0.00    0.00    0.00    0.00    0.00    0.00   62.86
14:09:32     all   31.19    0.00   11.17    0.00    0.00    0.00    0.00    0.00    0.00   57.64
14:09:33     all   31.34    0.00   12.19    0.00    0.00    0.00    0.00    0.00    0.00   56.47
14:09:34     all   27.87    0.00   11.56    0.00    0.00    0.00    0.00    0.00    0.00   60.56
14:09:35     all   29.35    0.00   10.91    0.00    0.00    0.00    0.00    0.00    0.00   59.73
14:09:36     all   25.53    0.00   11.84    0.00    0.00    0.00    0.00    0.00    0.00   62.64
14:09:37     all   28.94    0.00   11.01    0.00    0.00    0.01    0.00    0.00    0.00   60.04
14:09:38     all   26.91    0.00   10.50    0.00    0.00    0.01    0.00    0.00    0.00   62.58
14:09:39     all   26.86    0.00    9.67    0.00    0.00    0.00    0.00    0.00    0.00   63.47
14:09:40     all   32.46    0.00   10.46    0.00    0.00    0.00    0.00    0.00    0.00   57.08
14:09:41     all   26.68    0.00    9.22    0.00    0.00    0.00    0.00    0.00    0.00   64.10
14:09:42     all   28.46    0.00   10.89    0.00    0.00    0.00    0.00    0.00    0.00   60.65
14:09:43     all   31.17    0.00   11.93    0.00    0.00    0.00    0.00    0.00    0.00   56.90
14:09:44     all   22.56    0.00   11.02    0.00    0.00    0.01    0.00    0.00    0.00   66.41
14:09:45     all   33.37    0.00   10.41    0.00    0.00    0.00    0.00    0.00    0.00   56.22
14:09:46     all   30.15    0.00    9.94    0.00    0.00    0.00    0.00    0.00    0.00   59.92
14:09:47     all   26.32    0.00    9.78    0.00    0.00    0.00    0.00    0.00    0.00   63.89
14:09:48     all   35.22    0.00   10.66    0.00    0.00    0.01    0.00    0.00    0.00   54.10
14:09:49     all   20.79    0.00    7.18    0.00    0.00    0.01    0.00    0.00    0.00   72.01
14:09:50     all   37.11    0.00   11.66    0.00    0.00    0.00    0.00    0.00    0.00   51.24
14:09:51     all   22.25    0.00    8.60    0.00    0.00    0.00    0.00    0.00    0.00   69.15
14:09:52     all   36.20    0.00   11.11    0.00    0.00    0.00    0.00    0.00    0.00   52.69
14:09:53     all   30.29    0.00   11.33    0.00    0.00    0.01    0.00    0.00    0.00   58.37
14:09:54     all   29.19    0.00   11.86    0.00    0.00    0.01    0.00    0.00    0.00   58.94
14:09:55     all   24.39    0.00    9.14    0.00    0.00    0.00    0.00    0.00    0.00   66.48
14:09:56     all   38.10    0.00   11.52    0.00    0.00    0.00    0.00    0.00    0.00   50.38
14:09:57     all   29.55    0.00   13.56    0.00    0.00    0.00    0.00    0.00    0.00   56.89
14:09:58     all   24.40    0.00   11.02    0.00    0.00    0.00    0.00    0.00    0.00   64.58
14:09:59     all   36.16    0.00   12.84    0.00    0.00    0.01    0.00    0.00    0.00   50.99
14:10:00     all   27.27    0.01   10.96    0.00    0.00    0.01    0.00    0.00    0.00   61.74
14:10:01     all   27.37    0.00   11.78    0.00    0.00    0.00    0.00    0.00    0.00   60.85
14:10:02     all   33.77    0.00   14.06    0.01    0.00    0.03    0.00    0.00    0.00   52.13
14:10:03     all   34.95    0.00   15.61    0.00    0.00    0.01    0.00    0.00    0.00   49.43
14:10:04     all   29.91    0.00   10.86    0.00    0.00    0.29    0.00    0.00    0.00   58.93
14:10:05     all   33.05    0.00   12.95    0.00    0.00    0.36    0.00    0.00    0.00   53.64
14:10:06     all   31.93    0.00   13.97    0.00    0.00    0.33    0.00    0.00    0.00   53.76
14:10:07     all   29.79    0.00   12.47    0.00    0.00    0.40    0.00    0.00    0.00   57.35
14:10:08     all   29.32    0.00   12.49    0.00    0.00    0.47    0.00    0.00    0.00   57.73
14:10:09     all   31.02    0.00   14.08    0.00    0.00    0.89    0.00    0.00    0.00   54.01
14:10:10     all   23.09    0.00   11.72    0.00    0.00    0.79    0.00    0.00    0.00   64.40
14:10:11     all   32.06    0.00   11.13    0.00    0.00    0.81    0.00    0.00    0.00   56.00
14:10:12     all   29.57    0.00   11.47    0.00    0.00    0.80    0.00    0.00    0.00   58.16
14:10:13     all   32.36    0.00   13.46    0.00    0.00    0.86    0.00    0.00    0.00   53.32
14:10:14     all   26.43    0.00   12.47    0.00    0.00    0.67    0.00    0.00    0.00   60.44
14:10:15     all   33.07    0.00   14.82    0.01    0.00    0.00    0.00    0.00    0.00   52.09
14:10:16     all   23.66    0.00   11.20    0.00    0.00    0.01    0.00    0.00    0.00   65.12
14:10:17     all   32.51    0.00   13.42    0.00    0.00    0.00    0.00    0.00    0.00   54.08
14:10:18     all   31.61    0.00   12.87    0.01    0.00    0.00    0.00    0.00    0.00   55.50
14:10:19     all   22.36    0.00   10.88    0.00    0.00    0.01    0.00    0.00    0.00   66.74
14:10:20     all   35.98    0.00   12.49    0.01    0.00    0.01    0.00    0.00    0.00   51.50
14:10:21     all   24.35    0.00    9.69    0.00    0.00    0.00    0.00    0.00    0.00   65.96
14:10:22     all   30.19    0.00   11.76    0.00    0.00    0.00    0.00    0.00    0.00   58.06
14:10:23     all   26.64    0.00    9.98    0.00    0.00    0.03    0.00    0.00    0.00   63.35
14:10:24     all   33.38    0.00   12.29    0.01    0.00    0.00    0.00    0.00    0.00   54.31
14:10:25     all   29.79    0.00   11.17    0.00    0.00    0.00    0.00    0.00    0.00   59.05
14:10:26     all   31.39    0.00   11.02    0.00    0.00    0.00    0.00    0.00    0.00   57.58
14:10:27     all   28.08    0.00    9.71    0.00    0.00    0.00    0.00    0.00    0.00   62.22
14:10:28     all   26.74    0.00    7.44    0.00    0.00    0.01    0.00    0.00    0.00   65.80
14:10:29     all   29.35    0.00    8.70    0.00    0.00    0.00    0.00    0.00    0.00   61.95
14:10:30     all   27.42    0.00    8.75    0.00    0.00    0.01    0.00    0.00    0.00   63.81
14:10:31     all   30.04    0.00    8.60    0.00    0.00    0.00    0.00    0.00    0.00   61.36
14:10:32     all   29.94    0.00   11.08    0.00    0.00    0.00    0.00    0.00    0.00   58.97
14:10:33     all   25.00    0.00   11.46    0.00    0.00    0.01    0.00    0.00    0.00   63.53
14:10:34     all   31.95    0.00   11.95    0.01    0.00    0.01    0.00    0.00    0.00   56.08
14:10:35     all   28.77    0.00   12.61    0.00    0.00    0.00    0.00    0.00    0.00   58.62
14:10:36     all   31.99    0.00   11.14    0.00    0.00    0.00    0.00    0.00    0.00   56.87
14:10:37     all   29.11    0.00    9.11    0.00    0.00    0.00    0.00    0.00    0.00   61.78
14:10:38     all   30.70    0.00    9.74    0.00    0.00    0.00    0.00    0.00    0.00   59.55
14:10:39     all   27.77    0.00    9.36    0.00    0.00    0.01    0.00    0.00    0.00   62.85
14:10:40     all   30.74    0.00    9.98    0.00    0.00    0.01    0.00    0.00    0.00   59.26
14:10:41     all   25.69    0.00    8.52    0.01    0.00    0.00    0.00    0.00    0.00   65.78
14:10:42     all   29.46    0.00   10.46    0.00    0.00    0.01    0.00    0.00    0.00   60.07
14:10:43     all   25.00    0.00    9.34    0.00    0.00    0.00    0.00    0.00    0.00   65.66
14:10:44     all   18.36    0.00    8.03    0.00    0.00    0.00    0.00    0.00    0.00   73.62
14:10:45     all   17.27    0.00    6.96    0.00    0.00    0.01    0.00    0.00    0.00   75.75
14:10:46     all   20.71    0.00    6.92    0.00    0.00    0.00    0.00    0.00    0.00   72.37
14:10:47     all   21.83    0.00    8.11    0.00    0.00    0.00    0.00    0.00    0.00   70.06
14:10:48     all   29.80    0.00    8.53    0.00    0.00    0.00    0.00    0.00    0.00   61.66
14:10:49     all   27.62    0.00    6.90    0.00    0.00    0.00    0.00    0.00    0.00   65.48
14:10:50     all   25.64    0.00    8.11    0.00    0.00    0.00    0.00    0.00    0.00   66.25
14:10:51     all   28.77    0.00    8.69    0.00    0.00    0.00    0.00    0.00    0.00   62.54
14:10:52     all   31.73    0.00    8.70    0.00    0.00    0.03    0.00    0.00    0.00   59.54
14:10:53     all   31.57    0.00   10.75    0.00    0.00    0.00    0.00    0.00    0.00   57.68
14:10:54     all   21.56    0.00    7.78    0.00    0.00    0.00    0.00    0.00    0.00   70.67
14:10:55     all   36.34    0.00    9.01    0.00    0.00    0.01    0.00    0.00    0.00   54.64
14:10:56     all   23.44    0.00    6.70    0.00    0.00    0.00    0.00    0.00    0.00   69.85
14:10:57     all   26.91    0.00    5.78    0.00    0.00    0.01    0.00    0.00    0.00   67.29
14:10:58     all   25.24    0.00    6.14    0.00    0.00    0.00    0.00    0.00    0.00   68.63
14:10:59     all   24.82    0.00    6.21    0.00    0.00    0.00    0.00    0.00    0.00   68.96
14:11:00     all   25.19    0.00    7.08    0.00    0.00    0.01    0.00    0.00    0.00   67.71
14:11:01     all   30.16    0.00    9.41    0.00    0.00    0.00    0.00    0.00    0.00   60.43
14:11:02     all   26.72    0.00    8.24    0.00    0.00    0.00    0.00    0.00    0.00   65.04
14:11:03     all   24.67    0.00    7.40    0.01    0.00    0.00    0.00    0.00    0.00   67.92
14:11:04     all   24.31    0.00    6.12    0.00    0.00    0.00    0.00    0.00    0.00   69.56
14:11:05     all   26.10    0.00    6.59    0.00    0.00    0.00    0.00    0.00    0.00   67.31
14:11:06     all   26.45    0.00    7.97    0.00    0.00    0.00    0.00    0.00    0.00   65.58
14:11:07     all   24.77    0.00    7.09    0.00    0.00    0.00    0.00    0.00    0.00   68.13
14:11:08     all   23.50    0.00    7.46    0.00    0.00    0.00    0.00    0.00    0.00   69.04
14:11:09     all   22.98    0.00    7.11    0.00    0.00    0.00    0.00    0.00    0.00   69.92
14:11:10     all   24.35    0.00    7.34    0.00    0.00    0.01    0.00    0.00    0.00   68.29
14:11:11     all   25.41    0.00    7.87    0.00    0.00    0.01    0.00    0.00    0.00   66.71
14:11:12     all   21.72    0.00    5.70    0.00    0.00    0.00    0.00    0.00    0.00   72.58
14:11:13     all   20.23    0.00    5.33    0.00    0.00    0.01    0.00    0.00    0.00   74.43
14:11:14     all   27.48    0.00    6.84    0.00    0.00    0.00    0.00    0.00    0.00   65.68
14:11:15     all   17.42    0.00    5.00    0.00    0.00    0.00    0.00    0.00    0.00   77.57
14:11:16     all   25.34    0.00    6.30    0.00    0.00    0.00    0.00    0.00    0.00   68.36
14:11:17     all   29.24    0.00    7.34    0.00    0.00    0.00    0.00    0.00    0.00   63.42
14:11:18     all   27.34    0.00    8.89    0.00    0.00    0.00    0.00    0.00    0.00   63.77
14:11:19     all   19.21    0.00    6.98    0.00    0.00    0.03    0.00    0.00    0.00   73.79
14:11:20     all   34.27    0.00   11.53    0.00    0.00    0.00    0.00    0.00    0.00   54.20
14:11:21     all   20.47    0.00    8.23    0.00    0.00    0.00    0.00    0.00    0.00   71.30
14:11:22     all   27.46    0.00    9.77    0.00    0.00    0.00    0.00    0.00    0.00   62.76
14:11:23     all   22.71    0.00    9.40    0.00    0.00    0.00    0.00    0.00    0.00   67.89
14:11:24     all   22.43    0.00    6.41    0.00    0.00    0.01    0.00    0.00    0.00   71.15
14:11:25     all   27.08    0.00    7.61    0.00    0.00    0.00    0.00    0.00    0.00   65.30
14:11:26     all   25.28    0.01    8.25    0.00    0.00    0.00    0.00    0.00    0.00   66.45
14:11:27     all   30.96    0.00    9.51    0.00    0.00    0.00    0.00    0.00    0.00   59.53
14:11:28     all   25.06    0.00    9.73    0.00    0.00    0.00    0.00    0.00    0.00   65.21
14:11:29     all   24.61    0.00    8.27    0.00    0.00    0.00    0.00    0.00    0.00   67.12
14:11:30     all   27.85    0.00    8.46    0.00    0.00    0.01    0.00    0.00    0.00   63.68
14:11:31     all   27.04    0.00    9.30    0.00    0.00    0.00    0.00    0.00    0.00   63.65
14:11:32     all   25.13    0.00    8.76    0.00    0.00    0.00    0.00    0.00    0.00   66.11
14:11:33     all   28.77    0.00    7.74    0.00    0.00    0.00    0.00    0.00    0.00   63.49
14:11:34     all   27.99    0.00    9.72    0.00    0.00    0.01    0.00    0.00    0.00   62.28
14:11:35     all   19.25    0.00    7.65    0.00    0.00    0.00    0.00    0.00    0.00   73.11
14:11:36     all   32.81    0.00    9.82    0.00    0.00    0.00    0.00    0.00    0.00   57.38
14:11:37     all   23.66    0.00    7.58    0.00    0.00    0.00    0.00    0.00    0.00   68.76
14:11:38     all   32.99    0.00   10.82    0.00    0.00    0.01    0.00    0.00    0.00   56.18
14:11:39     all   29.20    0.00   11.33    0.00    0.00    0.00    0.00    0.00    0.00   59.48
14:11:40     all   29.59    0.00    9.73    0.00    0.00    0.01    0.00    0.00    0.00   60.66
14:11:41     all   24.46    0.00    9.06    0.00    0.00    0.00    0.00    0.00    0.00   66.48
14:11:42     all   26.10    0.00    8.67    0.00    0.00    0.00    0.00    0.00    0.00   65.24
14:11:43     all   26.40    0.00    7.67    0.00    0.00    0.01    0.00    0.00    0.00   65.91
14:11:44     all   28.04    0.00    7.57    0.00    0.00    0.01    0.00    0.00    0.00   64.37
14:11:45     all   23.05    0.00    7.37    0.00    0.00    0.00    0.00    0.00    0.00   69.58
14:11:46     all   28.99    0.00   10.46    0.00    0.00    0.00    0.00    0.00    0.00   60.55
14:11:47     all   25.72    0.00   10.55    0.00    0.00    0.00    0.00    0.00    0.00   63.73
14:11:48     all   22.23    0.00    9.92    0.00    0.00    0.00    0.00    0.00    0.00   67.86
14:11:49     all   25.47    0.00    9.40    0.00    0.00    0.01    0.00    0.00    0.00   65.12
14:11:50     all   28.20    0.00    9.25    0.00    0.00    0.00    0.00    0.00    0.00   62.54
14:11:51     all   25.40    0.00    7.94    0.00    0.00    0.00    0.00    0.00    0.00   66.66
14:11:52     all   26.76    0.00    7.85    0.00    0.00    0.01    0.00    0.00    0.00   65.38
14:11:53     all   24.47    0.00    8.01    0.00    0.00    0.00    0.00    0.00    0.00   67.51
14:11:54     all   15.16    0.00    6.04    0.00    0.00    0.00    0.00    0.00    0.00   78.80
14:11:55     all   27.65    0.00    6.51    0.00    0.00    0.00    0.00    0.00    0.00   65.85
14:11:56     all   23.88    0.00    6.19    0.00    0.00    0.00    0.00    0.00    0.00   69.93
14:11:57     all   26.28    0.00    8.02    0.00    0.00    0.00    0.00    0.00    0.00   65.70
14:11:58     all   26.15    0.00    8.81    0.00    0.00    0.01    0.00    0.00    0.00   65.03
14:11:59     all   27.45    0.00    8.28    0.00    0.00    0.00    0.00    0.00    0.00   64.27
14:12:00     all   20.21    0.00    8.75    0.00    0.00    0.00    0.00    0.00    0.00   71.04
14:12:01     all   33.08    0.00    9.79    0.01    0.00    0.00    0.00    0.00    0.00   57.12
14:12:02     all   25.21    0.00    9.32    0.00    0.00    0.01    0.00    0.00    0.00   65.46
14:12:03     all   25.64    0.00    8.47    0.00    0.00    0.01    0.00    0.00    0.00   65.88
14:12:04     all   25.32    0.00    7.74    0.00    0.00    0.00    0.00    0.00    0.00   66.94
14:12:05     all   24.74    0.00    7.90    0.00    0.00    0.00    0.00    0.00    0.00   67.36
14:12:06     all   21.95    0.00    6.77    0.00    0.00    0.00    0.00    0.00    0.00   71.28
14:12:07     all   23.97    0.00    7.34    0.00    0.00    0.00    0.00    0.00    0.00   68.69
14:12:08     all   20.29    0.00    6.39    0.00    0.00    0.00    0.00    0.00    0.00   73.32
14:12:09     all   31.55    0.00    8.79    0.00    0.00    0.00    0.00    0.00    0.00   59.66
14:12:10     all   23.76    0.00    7.50    0.00    0.00    0.00    0.00    0.00    0.00   68.74
14:12:11     all   24.47    0.00    7.54    0.00    0.00    0.00    0.00    0.00    0.00   68.00
14:12:12     all   23.88    0.00    6.42    0.00    0.00    0.00    0.00    0.00    0.00   69.70
14:12:13     all   23.56    0.00    6.13    0.00    0.00    0.00    0.00    0.00    0.00   70.32
14:12:14     all   22.46    0.00    6.87    0.00    0.00    0.00    0.00    0.00    0.00   70.67
14:12:15     all   24.83    0.00    6.61    0.00    0.00    0.00    0.00    0.00    0.00   68.56
14:12:16     all   26.69    0.00    8.49    0.00    0.00    0.01    0.00    0.00    0.00   64.81
14:12:17     all   26.38    0.00    8.08    0.00    0.00    0.00    0.00    0.00    0.00   65.54
14:12:18     all   25.57    0.00    8.61    0.00    0.00    0.00    0.00    0.00    0.00   65.82
14:12:19     all   25.23    0.00    7.38    0.00    0.00    0.00    0.00    0.00    0.00   67.39
14:12:20     all   23.31    0.00    6.30    0.00    0.00    0.00    0.00    0.00    0.00   70.39
14:12:21     all   27.21    0.00    7.28    0.00    0.00    0.00    0.00    0.00    0.00   65.52
14:12:22     all   27.17    0.01    9.28    0.00    0.00    0.01    0.00    0.00    0.00   63.52
14:12:23     all   26.69    0.00    8.60    0.00    0.00    0.00    0.00    0.00    0.00   64.71
14:12:24     all   27.08    0.00    8.41    0.00    0.00    0.01    0.00    0.00    0.00   64.49
14:12:25     all   29.70    0.00    8.23    0.00    0.00    0.00    0.00    0.00    0.00   62.07
14:12:26     all   20.50    0.00    6.54    0.00    0.00    0.00    0.00    0.00    0.00   72.96
14:12:27     all   28.17    0.01    5.64    0.00    0.00    0.00    0.00    0.00    0.00   66.17
14:12:28     all   22.63    0.00    7.49    0.00    0.00    0.00    0.00    0.00    0.00   69.87
14:12:29     all   25.01    0.00    7.87    0.00    0.00    0.00    0.00    0.00    0.00   67.12
14:12:30     all   24.95    0.00    8.70    0.00    0.00    0.01    0.00    0.00    0.00   66.34
14:12:31     all   25.86    0.00    8.19    0.00    0.00    0.00    0.00    0.00    0.00   65.95
14:12:32     all   19.46    0.00    5.81    0.00    0.00    0.00    0.00    0.00    0.00   74.73
14:12:33     all    6.33    0.00   10.17    0.00    0.00    0.00    0.00    0.00    0.00   83.50
14:12:34     all    2.96    0.00    1.93    0.00    0.00    0.00    0.00    0.00    0.00   95.10
14:12:35     all    2.82    0.00    1.68    0.00    0.00    0.01    0.00    0.00    0.00   95.48
14:12:36     all    3.20    0.00    1.45    0.00    0.00    0.00    0.00    0.00    0.00   95.36
14:12:37     all    1.89    0.00    1.03    0.00    0.00    0.00    0.00    0.00    0.00   97.08
14:12:38     all    2.14    0.00    1.19    0.00    0.00    0.00    0.00    0.00    0.00   96.67
14:12:39     all    2.32    0.00    0.99    0.00    0.00    0.00    0.00    0.00    0.00   96.69
14:12:40     all    2.14    0.00    0.82    0.00    0.00    0.00    0.00    0.00    0.00   97.04
14:12:41     all    2.13    0.00    1.04    0.00    0.00    0.00    0.00    0.00    0.00   96.83
14:12:42     all    2.24    0.01    1.11    0.00    0.00    0.00    0.00    0.00    0.00   96.64
14:12:43     all    2.29    0.00    1.52    0.00    0.00    0.00    0.00    0.00    0.00   96.19
14:12:44     all    2.50    0.00    1.22    0.00    0.00    0.00    0.00    0.00    0.00   96.28
14:12:45     all    2.13    0.00    1.08    0.00    0.00    0.00    0.00    0.00    0.00   96.79
14:12:46     all    2.20    0.00    1.04    0.00    0.00    0.00    0.00    0.00    0.00   96.76
14:12:47     all    2.45    0.00    0.99    0.00    0.00    0.00    0.00    0.00    0.00   96.57
14:12:48     all    2.37    0.00    1.08    0.00    0.00    0.00    0.00    0.00    0.00   96.54
14:12:49     all    1.90    0.01    1.15    0.00    0.00    0.00    0.00    0.00    0.00   96.93
14:12:50     all    1.97    0.00    0.70    0.00    0.00    0.00    0.00    0.00    0.00   97.33
14:12:51     all    1.26    0.00    0.65    0.00    0.00    0.00    0.00    0.00    0.00   98.08
14:12:52     all    1.11    0.00    0.53    0.00    0.00    0.00    0.00    0.00    0.00   98.36
14:12:53     all    1.20    0.00    0.51    0.00    0.00    0.00    0.00    0.00    0.00   98.29
14:12:54     all    1.21    0.00    0.58    0.00    0.00    0.01    0.00    0.00    0.00   98.19
14:12:55     all    1.14    0.00    0.51    0.00    0.00    0.00    0.00    0.00    0.00   98.35
14:12:56     all    1.07    0.00    0.64    0.00    0.00    0.00    0.00    0.00    0.00   98.29
14:12:57     all    1.67    0.00    0.74    0.00    0.00    0.00    0.00    0.00    0.00   97.60
14:12:58     all    1.36    0.00    0.67    0.00    0.00    0.00    0.00    0.00    0.00   97.97
14:12:59     all    1.17    0.00    0.78    0.00    0.00    0.00    0.00    0.00    0.00   98.05
14:13:00     all    1.51    0.00    0.32    0.00    0.00    0.00    0.00    0.00    0.00   98.17
14:13:01     all    0.67    0.00    1.71    0.00    0.00    0.00    0.00    0.00    0.00   97.63
14:13:02     all    0.10    0.00    1.50    0.00    0.00    0.00    0.00    0.00    0.00   98.40
14:13:03     all    0.38    0.00    0.53    0.00    0.00    0.00    0.00    0.00    0.00   99.10
14:13:04     all    0.67    0.00    0.25    0.00    0.00    0.00    0.00    0.00    0.00   99.08
14:13:05     all    0.07    0.00    0.08    0.00    0.00    0.00    0.00    0.00    0.00   99.85
14:13:06     all    0.29    0.00    0.08    0.00    0.00    0.00    0.00    0.00    0.00   99.62
14:13:07     all    0.24    0.00    0.11    0.01    0.00    0.00    0.00    0.00    0.00   99.64
14:13:08     all    0.10    0.00    0.08    0.00    0.00    0.00    0.00    0.00    0.00   99.82
14:13:09     all    0.75    0.00    0.29    0.00    0.00    0.00    0.00    0.00    0.00   98.96
14:13:10     all    0.21    0.00    0.04    0.00    0.00    0.00    0.00    0.00    0.00   99.75
14:13:11     all    0.13    0.00    0.11    0.00    0.00    0.00    0.00    0.00    0.00   99.76
14:13:12     all    0.26    0.00    0.13    0.00    0.00    0.00    0.00    0.00    0.00   99.61
14:13:13     all    0.32    0.00    0.29    0.00    0.00    0.00    0.00    0.00    0.00   99.39
14:13:14     all    0.28    0.00    0.13    0.00    0.00    0.00    0.00    0.00    0.00   99.60
14:13:15     all    0.40    0.00    0.36    0.00    0.00    0.00    0.00    0.00    0.00   99.24
14:13:16     all    0.18    0.00    0.15    0.00    0.00    0.00    0.00    0.00    0.00   99.67
14:13:17     all    0.12    0.00    0.04    0.00    0.00    0.00    0.00    0.00    0.00   99.83
14:13:18     all    0.28    0.00    0.14    0.00    0.00    0.00    0.00    0.00    0.00   99.58
14:13:19     all    0.26    0.00    0.22    0.00    0.00    0.00    0.00    0.00    0.00   99.51
14:13:20     all    0.57    0.00    0.24    0.00    0.00    0.00    0.00    0.00    0.00   99.19
14:13:21     all    0.35    0.00    0.11    0.00    0.00    0.00    0.00    0.00    0.00   99.54
14:13:22     all    0.68    0.00    0.18    0.00    0.00    0.00    0.00    0.00    0.00   99.14
14:13:23     all    0.12    0.00    0.10    0.00    0.00    0.00    0.00    0.00    0.00   99.78
14:13:24     all    0.38    0.00    0.17    0.00    0.00    0.00    0.00    0.00    0.00   99.46
14:13:25     all    0.18    0.00    0.07    0.00    0.00    0.00    0.00    0.00    0.00   99.75
14:13:26     all    0.08    0.04    0.11    0.00    0.00    0.00    0.00    0.00    0.00   99.76
14:13:27     all    0.28    0.00    0.18    0.00    0.00    0.01    0.00    0.00    0.00   99.53
14:13:28     all    0.18    0.00    0.07    0.00    0.00    0.00    0.00    0.00    0.00   99.75
14:13:29     all    0.15    0.00    0.13    0.00    0.00    0.00    0.00    0.00    0.00   99.72
14:13:30     all    0.39    0.00    0.17    0.00    0.00    0.00    0.00    0.00    0.00   99.44
14:13:31     all    0.78    0.00    0.39    0.00    0.00    0.00    0.00    0.00    0.00   98.83
14:13:32     all    0.08    0.00    0.10    0.00    0.00    0.00    0.00    0.00    0.00   99.82
14:13:33     all    0.25    0.00    0.07    0.00    0.00    0.00    0.00    0.00    0.00   99.68
14:13:34     all    0.26    0.00    0.19    0.00    0.00    0.00    0.00    0.00    0.00   99.54
14:13:35     all    0.25    0.00    0.22    0.00    0.00    0.00    0.00    0.00    0.00   99.53
14:13:36     all    0.25    0.00    0.10    0.00    0.00    0.00    0.00    0.00    0.00   99.65
14:13:37     all    0.21    0.00    0.10    0.00    0.00    0.00    0.00    0.00    0.00   99.69
14:13:38     all    0.15    0.00    0.22    0.00    0.00    0.00    0.00    0.00    0.00   99.62
14:13:39     all    0.33    0.00    0.14    0.00    0.00    0.00    0.00    0.00    0.00   99.53
14:13:40     all    0.19    0.00    0.06    0.00    0.00    0.00    0.00    0.00    0.00   99.75
14:13:41     all    0.07    0.00    0.06    0.00    0.00    0.00    0.00    0.00    0.00   99.87
14:13:42     all    0.26    0.00    0.17    0.00    0.00    0.00    0.00    0.00    0.00   99.57
14:13:43     all    0.22    0.00    0.06    0.00    0.00    0.00    0.00    0.00    0.00   99.72
14:13:44     all    0.17    0.00    0.10    0.00    0.00    0.00    0.00    0.00    0.00   99.74
14:13:45     all    0.28    0.00    0.15    0.00    0.00    0.01    0.00    0.00    0.00   99.56
14:13:46     all    0.64    0.00    0.19    0.00    0.00    0.00    0.00    0.00    0.00   99.17
14:13:47     all    0.24    0.00    0.17    0.00    0.00    0.00    0.00    0.00    0.00   99.60
14:13:48     all    0.29    0.00    0.11    0.00    0.00    0.00    0.00    0.00    0.00   99.60
14:13:49     all    0.21    0.00    0.19    0.00    0.00    0.01    0.00    0.00    0.00   99.58
14:13:50     all    0.15    0.00    0.06    0.00    0.00    0.00    0.00    0.00    0.00   99.79
14:13:51     all    0.25    0.00    0.08    0.01    0.00    0.00    0.00    0.00    0.00   99.65
14:13:52     all    0.24    0.00    0.11    0.00    0.00    0.00    0.00    0.00    0.00   99.65
14:13:53     all    0.39    0.00    0.17    0.00    0.00    0.00    0.00    0.00    0.00   99.44
14:13:54     all    0.54    0.00    0.21    0.01    0.00    0.01    0.00    0.00    0.00   99.22
14:13:55     all    0.18    0.00    0.08    0.00    0.00    0.00    0.00    0.00    0.00   99.74
14:13:56     all    0.11    0.00    0.10    0.00    0.00    0.00    0.00    0.00    0.00   99.79
14:13:57     all    0.28    0.00    0.15    0.00    0.00    0.00    0.00    0.00    0.00   99.57
14:13:58     all    0.22    0.00    0.14    0.00    0.00    0.00    0.00    0.00    0.00   99.64
14:13:59     all    0.10    0.00    0.07    0.00    0.00    0.00    0.00    0.00    0.00   99.83
14:14:00     all    0.33    0.00    0.18    0.00    0.00    0.00    0.00    0.00    0.00   99.49
14:14:01     all    0.32    0.00    0.38    0.00    0.00    0.00    0.00    0.00    0.00   99.31
14:14:02     all    0.25    0.00    0.14    0.00    0.00    0.00    0.00    0.00    0.00   99.61
14:14:03     all    0.46    0.00    0.28    0.00    0.00    0.00    0.00    0.00    0.00   99.26
14:14:04     all    0.33    0.00    0.22    0.00    0.00    0.00    0.00    0.00    0.00   99.44
14:14:05     all    0.24    0.00    0.13    0.00    0.00    0.00    0.00    0.00    0.00   99.64
14:14:06     all    0.32    0.00    0.19    0.00    0.00    0.00    0.00    0.00    0.00   99.49
14:14:07     all    0.67    0.00    0.17    0.00    0.00    0.00    0.00    0.00    0.00   99.17
14:14:08     all    0.08    0.00    0.07    0.00    0.00    0.00    0.00    0.00    0.00   99.85
14:14:09     all    0.26    0.00    0.08    0.00    0.00    0.00    0.00    0.00    0.00   99.65
14:14:10     all    0.36    0.00    0.21    0.00    0.00    0.00    0.00    0.00    0.00   99.43
14:14:11     all    0.14    0.00    0.13    0.00    0.00    0.00    0.00    0.00    0.00   99.74
14:14:12     all    0.25    0.00    0.10    0.00    0.00    0.00    0.00    0.00    0.00   99.65
14:14:13     all    0.24    0.00    0.07    0.00    0.00    0.00    0.00    0.00    0.00   99.69
14:14:14     all    0.15    0.00    0.08    0.00    0.00    0.00    0.00    0.00    0.00   99.76
14:14:15     all    0.39    0.00    0.19    0.00    0.00    0.00    0.00    0.00    0.00   99.42
14:14:16     all    0.68    0.00    0.26    0.00    0.00    0.00    0.00    0.00    0.00   99.06
14:14:17     all    0.06    0.00    0.07    0.00    0.00    0.00    0.00    0.00    0.00   99.87
14:14:18     all    0.32    0.00    0.14    0.00    0.00    0.00    0.00    0.00    0.00   99.54
14:14:19     all    0.36    0.00    0.26    0.00    0.00    0.00    0.00    0.00    0.00   99.37
14:14:20     all    0.22    0.00    0.24    0.00    0.00    0.01    0.00    0.00    0.00   99.53
14:14:21     all    0.33    0.00    0.15    0.00    0.00    0.00    0.00    0.00    0.00   99.51
14:14:22     all    0.17    0.00    0.12    0.00    0.00    0.00    0.00    0.00    0.00   99.71
Average:     all   21.66    0.00    9.44    0.00    0.00    0.01    0.00    0.00    0.00   68.89
