2026/08/10 13:42:21.572, 0, 93, 0
2026/08/10 13:42:21.574, 1, 15, 0
2026/08/10 13:42:22.610, 0, 93, 0
2026/08/10 13:42:22.612, 1, 15, 0
2026/08/10 13:42:23.650, 0, 95, 0
2026/08/10 13:42:23.652, 1, 301, 0
2026/08/10 13:42:24.691, 0, 443, 0
2026/08/10 13:42:24.693, 1, 301, 0
2026/08/10 13:42:25.730, 0, 475, 0
2026/08/10 13:42:25.732, 1, 301, 0
2026/08/10 13:42:26.767, 0, 475, 0
2026/08/10 13:42:26.769, 1, 301, 0
2026/08/10 13:42:27.806, 0, 475, 2
2026/08/10 13:42:27.808, 1, 301, 0
2026/08/10 13:42:28.846, 0, 475, 0
2026/08/10 13:42:28.847, 1, 301, 0
2026/08/10 13:42:29.884, 0, 475, 0
2026/08/10 13:42:29.886, 1, 301, 0
2026/08/10 13:42:30.923, 0, 475, 0
2026/08/10 13:42:30.925, 1, 301, 0
2026/08/10 13:42:31.961, 0, 475, 2
2026/08/10 13:42:31.963, 1, 301, 0
2026/08/10 13:42:33.000, 0, 475, 0
2026/08/10 13:42:33.002, 1, 301, 0
2026/08/10 13:42:34.039, 0, 507, 0
2026/08/10 13:42:34.041, 1, 301, 0
2026/08/10 13:42:35.078, 0, 509, 0
2026/08/10 13:42:35.080, 1, 301, 0
2026/08/10 13:42:36.117, 0, 509, 2
2026/08/10 13:42:36.119, 1, 301, 0
2026/08/10 13:42:37.156, 0, 511, 0
2026/08/10 13:42:37.158, 1, 301, 0
2026/08/10 13:42:38.196, 0, 511, 0
2026/08/10 13:42:38.198, 1, 387, 0
2026/08/10 13:42:39.237, 0, 511, 0
2026/08/10 13:42:39.240, 1, 419, 22
2026/08/10 13:42:40.276, 0, 511, 0
2026/08/10 13:42:40.278, 1, 419, 0
2026/08/10 13:42:41.314, 0, 511, 0
2026/08/10 13:42:41.316, 1, 419, 0
2026/08/10 13:42:42.352, 0, 511, 0
2026/08/10 13:42:42.354, 1, 419, 0
2026/08/10 13:42:43.389, 0, 511, 0
2026/08/10 13:42:43.391, 1, 419, 0
2026/08/10 13:42:44.427, 0, 511, 0
2026/08/10 13:42:44.429, 1, 419, 0
2026/08/10 13:42:45.461, 0, 511, 0
2026/08/10 13:42:45.463, 1, 419, 0
2026/08/10 13:42:46.502, 0, 511, 0
2026/08/10 13:42:46.504, 1, 451, 0
2026/08/10 13:42:47.540, 0, 511, 0
2026/08/10 13:42:47.542, 1, 451, 0
2026/08/10 13:42:48.578, 0, 511, 0
2026/08/10 13:42:48.580, 1, 453, 0
2026/08/10 13:42:49.615, 0, 511, 0
2026/08/10 13:42:49.617, 1, 455, 2
2026/08/10 13:42:50.653, 0, 511, 0
2026/08/10 13:42:50.655, 1, 455, 0
2026/08/10 13:42:51.693, 0, 511, 0
2026/08/10 13:42:51.695, 1, 529, 0
2026/08/10 13:42:52.732, 0, 511, 0
2026/08/10 13:42:52.734, 1, 1105, 2
2026/08/10 13:42:53.771, 0, 511, 0
2026/08/10 13:42:53.772, 1, 1699, 31
2026/08/10 13:42:54.812, 0, 511, 0
2026/08/10 13:42:54.815, 1, 1701, 0
2026/08/10 13:42:55.856, 0, 511, 0
2026/08/10 13:42:55.858, 1, 1701, 27
2026/08/10 13:42:56.900, 0, 511, 0
2026/08/10 13:42:56.904, 1, 1701, 22
2026/08/10 13:42:57.946, 0, 511, 0
2026/08/10 13:42:57.949, 1, 1701, 23
2026/08/10 13:42:58.993, 0, 511, 0
2026/08/10 13:42:58.997, 1, 1703, 27
2026/08/10 13:43:00.043, 0, 511, 0
2026/08/10 13:43:00.047, 1, 1703, 29
2026/08/10 13:43:01.093, 0, 511, 0
2026/08/10 13:43:01.097, 1, 1703, 30
2026/08/10 13:43:02.140, 0, 511, 0
2026/08/10 13:43:02.144, 1, 1703, 26
2026/08/10 13:43:03.185, 0, 511, 0
2026/08/10 13:43:03.189, 1, 1703, 27
2026/08/10 13:43:04.231, 0, 511, 0
2026/08/10 13:43:04.234, 1, 1703, 27
2026/08/10 13:43:05.277, 0, 511, 0
2026/08/10 13:43:05.280, 1, 1703, 3
2026/08/10 13:43:06.323, 0, 511, 0
2026/08/10 13:43:06.326, 1, 1703, 24
2026/08/10 13:43:07.368, 0, 511, 0
2026/08/10 13:43:07.372, 1, 1703, 26
2026/08/10 13:43:08.416, 0, 511, 0
2026/08/10 13:43:08.420, 1, 1703, 28
2026/08/10 13:43:09.463, 0, 511, 0
2026/08/10 13:43:09.466, 1, 1703, 29
2026/08/10 13:43:10.509, 0, 511, 0
2026/08/10 13:43:10.513, 1, 1703, 23
2026/08/10 13:43:11.555, 0, 511, 0
2026/08/10 13:43:11.558, 1, 1703, 27
2026/08/10 13:43:12.602, 0, 511, 0
2026/08/10 13:43:12.605, 1, 1703, 29
2026/08/10 13:43:13.648, 0, 511, 0
2026/08/10 13:43:13.652, 1, 1703, 26
2026/08/10 13:43:14.696, 0, 511, 0
2026/08/10 13:43:14.700, 1, 1703, 27
2026/08/10 13:43:15.743, 0, 511, 0
2026/08/10 13:43:15.747, 1, 1703, 27
2026/08/10 13:43:16.788, 0, 511, 0
2026/08/10 13:43:16.791, 1, 1703, 0
2026/08/10 13:43:17.834, 0, 511, 0
2026/08/10 13:43:17.838, 1, 1703, 29
2026/08/10 13:43:18.880, 0, 511, 0
2026/08/10 13:43:18.884, 1, 1703, 27
2026/08/10 13:43:19.928, 0, 511, 0
2026/08/10 13:43:19.931, 1, 1703, 26
2026/08/10 13:43:20.972, 0, 511, 0
2026/08/10 13:43:20.976, 1, 1703, 26
2026/08/10 13:43:22.020, 0, 511, 0
2026/08/10 13:43:22.024, 1, 1703, 26
2026/08/10 13:43:23.065, 0, 511, 0
2026/08/10 13:43:23.068, 1, 1703, 23
2026/08/10 13:43:24.110, 0, 511, 0
2026/08/10 13:43:24.113, 1, 1703, 24
2026/08/10 13:43:25.173, 0, 511, 0
2026/08/10 13:43:25.177, 1, 1703, 27
2026/08/10 13:43:26.220, 0, 511, 0
2026/08/10 13:43:26.224, 1, 1703, 25
2026/08/10 13:43:27.266, 0, 511, 0
2026/08/10 13:43:27.270, 1, 1703, 23
2026/08/10 13:43:28.312, 0, 511, 0
2026/08/10 13:43:28.315, 1, 1703, 24
2026/08/10 13:43:29.357, 0, 511, 0
2026/08/10 13:43:29.361, 1, 1703, 27
2026/08/10 13:43:30.402, 0, 511, 0
2026/08/10 13:43:30.406, 1, 1703, 25
2026/08/10 13:43:31.449, 0, 511, 0
2026/08/10 13:43:31.453, 1, 1703, 26
2026/08/10 13:43:32.497, 0, 511, 0
2026/08/10 13:43:32.501, 1, 1703, 25
2026/08/10 13:43:33.543, 0, 511, 0
2026/08/10 13:43:33.547, 1, 1703, 28
2026/08/10 13:43:34.588, 0, 511, 0
2026/08/10 13:43:34.591, 1, 1703, 25
2026/08/10 13:43:35.632, 0, 511, 0
2026/08/10 13:43:35.635, 1, 1703, 25
2026/08/10 13:43:36.676, 0, 511, 0
2026/08/10 13:43:36.680, 1, 1703, 26
2026/08/10 13:43:37.722, 0, 511, 0
2026/08/10 13:43:37.726, 1, 1703, 23
2026/08/10 13:43:38.770, 0, 511, 0
2026/08/10 13:43:38.774, 1, 1703, 26
2026/08/10 13:43:39.835, 0, 511, 0
2026/08/10 13:43:39.839, 1, 1703, 25
2026/08/10 13:43:40.885, 0, 511, 0
2026/08/10 13:43:40.889, 1, 1703, 0
2026/08/10 13:43:41.933, 0, 511, 0
2026/08/10 13:43:41.937, 1, 1703, 24
2026/08/10 13:43:42.979, 0, 511, 0
2026/08/10 13:43:42.982, 1, 1703, 24
2026/08/10 13:43:44.025, 0, 511, 0
2026/08/10 13:43:44.029, 1, 1703, 25
2026/08/10 13:43:45.070, 0, 511, 0
2026/08/10 13:43:45.074, 1, 1703, 25
2026/08/10 13:43:46.117, 0, 511, 0
2026/08/10 13:43:46.120, 1, 1703, 29
2026/08/10 13:43:47.164, 0, 511, 0
2026/08/10 13:43:47.167, 1, 1703, 30
2026/08/10 13:43:48.210, 0, 511, 0
2026/08/10 13:43:48.214, 1, 1703, 27
2026/08/10 13:43:49.258, 0, 511, 0
2026/08/10 13:43:49.262, 1, 1703, 26
2026/08/10 13:43:50.305, 0, 511, 0
2026/08/10 13:43:50.309, 1, 1703, 28
2026/08/10 13:43:51.352, 0, 511, 0
2026/08/10 13:43:51.356, 1, 1703, 25
2026/08/10 13:43:52.400, 0, 511, 0
2026/08/10 13:43:52.404, 1, 1703, 27
2026/08/10 13:43:53.447, 0, 511, 0
2026/08/10 13:43:53.450, 1, 1703, 27
2026/08/10 13:43:54.490, 0, 511, 0
2026/08/10 13:43:54.494, 1, 1703, 28
2026/08/10 13:43:55.533, 0, 511, 0
2026/08/10 13:43:55.537, 1, 1703, 26
2026/08/10 13:43:56.578, 0, 511, 0
2026/08/10 13:43:56.581, 1, 1703, 26
2026/08/10 13:43:57.624, 0, 511, 0
2026/08/10 13:43:57.627, 1, 1703, 10
2026/08/10 13:43:58.670, 0, 511, 0
2026/08/10 13:43:58.676, 1, 1703, 30
2026/08/10 13:43:59.729, 0, 511, 0
2026/08/10 13:43:59.732, 1, 1703, 18
2026/08/10 13:44:00.776, 0, 511, 0
2026/08/10 13:44:00.781, 1, 1703, 26
2026/08/10 13:44:01.825, 0, 511, 0
2026/08/10 13:44:01.829, 1, 1703, 27
2026/08/10 13:44:02.872, 0, 511, 0
2026/08/10 13:44:02.875, 1, 1703, 27
2026/08/10 13:44:03.918, 0, 511, 0
2026/08/10 13:44:03.922, 1, 1703, 28
2026/08/10 13:44:04.964, 0, 511, 0
2026/08/10 13:44:04.967, 1, 1703, 24
2026/08/10 13:44:06.008, 0, 511, 0
2026/08/10 13:44:06.012, 1, 1703, 28
2026/08/10 13:44:07.054, 0, 511, 0
2026/08/10 13:44:07.057, 1, 1703, 27
2026/08/10 13:44:08.100, 0, 511, 0
2026/08/10 13:44:08.104, 1, 1703, 32
2026/08/10 13:44:09.146, 0, 511, 0
2026/08/10 13:44:09.149, 1, 1703, 27
2026/08/10 13:44:10.194, 0, 511, 0
2026/08/10 13:44:10.198, 1, 1703, 30
2026/08/10 13:44:11.237, 0, 511, 0
2026/08/10 13:44:11.240, 1, 1703, 26
2026/08/10 13:44:12.280, 0, 511, 0
2026/08/10 13:44:12.284, 1, 1703, 24
2026/08/10 13:44:13.322, 0, 511, 0
2026/08/10 13:44:13.325, 1, 1703, 28
2026/08/10 13:44:14.368, 0, 511, 0
2026/08/10 13:44:14.371, 1, 1703, 11
2026/08/10 13:44:15.413, 0, 511, 0
2026/08/10 13:44:15.416, 1, 1703, 27
2026/08/10 13:44:16.458, 0, 511, 0
2026/08/10 13:44:16.462, 1, 1703, 6
2026/08/10 13:44:17.504, 0, 511, 0
2026/08/10 13:44:17.508, 1, 1703, 27
2026/08/10 13:44:18.547, 0, 511, 0
2026/08/10 13:44:18.550, 1, 1703, 27
2026/08/10 13:44:19.593, 0, 511, 0
2026/08/10 13:44:19.597, 1, 1703, 26
2026/08/10 13:44:20.640, 0, 511, 0
2026/08/10 13:44:20.643, 1, 1703, 27
2026/08/10 13:44:21.688, 0, 511, 0
2026/08/10 13:44:21.694, 1, 1703, 25
2026/08/10 13:44:22.737, 0, 511, 0
2026/08/10 13:44:22.741, 1, 1703, 27
2026/08/10 13:44:23.782, 0, 511, 0
2026/08/10 13:44:23.785, 1, 1703, 28
2026/08/10 13:44:24.827, 0, 511, 0
2026/08/10 13:44:24.831, 1, 1703, 28
2026/08/10 13:44:25.873, 0, 511, 0
2026/08/10 13:44:25.877, 1, 1703, 26
2026/08/10 13:44:26.918, 0, 511, 0
2026/08/10 13:44:26.925, 1, 1703, 27
2026/08/10 13:44:27.977, 0, 511, 0
2026/08/10 13:44:27.981, 1, 1703, 26
2026/08/10 13:44:29.026, 0, 511, 0
2026/08/10 13:44:29.030, 1, 1703, 0
2026/08/10 13:44:30.073, 0, 511, 0
2026/08/10 13:44:30.077, 1, 1703, 29
2026/08/10 13:44:31.118, 0, 511, 0
2026/08/10 13:44:31.122, 1, 1703, 28
2026/08/10 13:44:32.163, 0, 511, 0
2026/08/10 13:44:32.166, 1, 1703, 27
2026/08/10 13:44:33.210, 0, 511, 0
2026/08/10 13:44:33.214, 1, 1703, 29
2026/08/10 13:44:34.253, 0, 511, 0
2026/08/10 13:44:34.257, 1, 1703, 24
2026/08/10 13:44:35.302, 0, 511, 0
2026/08/10 13:44:35.306, 1, 1703, 26
2026/08/10 13:44:36.349, 0, 511, 0
2026/08/10 13:44:36.353, 1, 1703, 29
2026/08/10 13:44:37.397, 0, 511, 0
2026/08/10 13:44:37.401, 1, 1703, 25
2026/08/10 13:44:38.443, 0, 511, 0
2026/08/10 13:44:38.446, 1, 1703, 18
2026/08/10 13:44:39.487, 0, 511, 0
2026/08/10 13:44:39.491, 1, 1703, 26
2026/08/10 13:44:40.533, 0, 511, 0
2026/08/10 13:44:40.536, 1, 1703, 0
2026/08/10 13:44:41.579, 0, 511, 0
2026/08/10 13:44:41.582, 1, 1703, 26
2026/08/10 13:44:42.623, 0, 511, 0
2026/08/10 13:44:42.626, 1, 1703, 0
2026/08/10 13:44:43.669, 0, 511, 0
2026/08/10 13:44:43.672, 1, 1703, 24
2026/08/10 13:44:44.718, 0, 511, 0
2026/08/10 13:44:44.721, 1, 1703, 19
2026/08/10 13:44:45.765, 0, 511, 0
2026/08/10 13:44:45.769, 1, 1703, 26
2026/08/10 13:44:46.812, 0, 511, 0
2026/08/10 13:44:46.816, 1, 1703, 28
2026/08/10 13:44:47.858, 0, 511, 0
2026/08/10 13:44:47.862, 1, 1703, 28
2026/08/10 13:44:48.903, 0, 511, 0
2026/08/10 13:44:48.907, 1, 1703, 28
2026/08/10 13:44:49.950, 0, 511, 0
2026/08/10 13:44:49.954, 1, 1703, 25
2026/08/10 13:44:50.995, 0, 511, 0
2026/08/10 13:44:50.998, 1, 1703, 24
2026/08/10 13:44:52.039, 0, 511, 0
2026/08/10 13:44:52.043, 1, 1703, 26
2026/08/10 13:44:53.085, 0, 511, 0
2026/08/10 13:44:53.089, 1, 1703, 26
2026/08/10 13:44:54.142, 0, 511, 0
2026/08/10 13:44:54.146, 1, 1703, 29
2026/08/10 13:44:55.191, 0, 511, 0
2026/08/10 13:44:55.196, 1, 1703, 27
2026/08/10 13:44:56.237, 0, 511, 0
2026/08/10 13:44:56.241, 1, 1703, 28
2026/08/10 13:44:57.284, 0, 511, 0
2026/08/10 13:44:57.287, 1, 1703, 0
2026/08/10 13:44:58.331, 0, 511, 0
2026/08/10 13:44:58.335, 1, 1703, 26
2026/08/10 13:44:59.378, 0, 511, 0
2026/08/10 13:44:59.382, 1, 1703, 13
2026/08/10 13:45:00.423, 0, 511, 0
2026/08/10 13:45:00.427, 1, 1703, 28
2026/08/10 13:45:01.471, 0, 511, 0
2026/08/10 13:45:01.475, 1, 1703, 28
2026/08/10 13:45:02.519, 0, 511, 0
2026/08/10 13:45:02.523, 1, 1703, 35
2026/08/10 13:45:03.566, 0, 511, 0
2026/08/10 13:45:03.570, 1, 1703, 32
2026/08/10 13:45:04.613, 0, 511, 0
2026/08/10 13:45:04.617, 1, 1703, 28
2026/08/10 13:45:05.659, 0, 511, 0
2026/08/10 13:45:05.662, 1, 1703, 26
2026/08/10 13:45:06.707, 0, 511, 0
2026/08/10 13:45:06.711, 1, 1703, 28
2026/08/10 13:45:07.750, 0, 511, 0
2026/08/10 13:45:07.754, 1, 1703, 29
2026/08/10 13:45:08.797, 0, 511, 0
2026/08/10 13:45:08.800, 1, 1703, 26
2026/08/10 13:45:09.847, 0, 511, 0
2026/08/10 13:45:09.851, 1, 1703, 27
2026/08/10 13:45:10.896, 0, 511, 0
2026/08/10 13:45:10.900, 1, 1703, 0
2026/08/10 13:45:11.945, 0, 511, 0
2026/08/10 13:45:11.949, 1, 1703, 28
2026/08/10 13:45:12.991, 0, 511, 0
2026/08/10 13:45:12.995, 1, 1703, 27
2026/08/10 13:45:14.036, 0, 511, 0
2026/08/10 13:45:14.040, 1, 1703, 28
2026/08/10 13:45:15.082, 0, 511, 0
2026/08/10 13:45:15.085, 1, 1703, 25
2026/08/10 13:45:16.127, 0, 511, 0
2026/08/10 13:45:16.130, 1, 1703, 28
2026/08/10 13:45:17.174, 0, 511, 0
2026/08/10 13:45:17.177, 1, 1703, 22
2026/08/10 13:45:18.219, 0, 511, 0
2026/08/10 13:45:18.222, 1, 1703, 26
2026/08/10 13:45:19.266, 0, 511, 0
2026/08/10 13:45:19.269, 1, 1703, 28
2026/08/10 13:45:20.311, 0, 511, 0
2026/08/10 13:45:20.315, 1, 1703, 28
2026/08/10 13:45:21.358, 0, 511, 0
2026/08/10 13:45:21.361, 1, 1703, 26
2026/08/10 13:45:22.402, 0, 511, 0
2026/08/10 13:45:22.405, 1, 1703, 27
2026/08/10 13:45:23.448, 0, 511, 0
2026/08/10 13:45:23.451, 1, 1703, 0
2026/08/10 13:45:24.491, 0, 511, 0
2026/08/10 13:45:24.498, 1, 1703, 30
2026/08/10 13:45:25.558, 0, 511, 0
2026/08/10 13:45:25.561, 1, 1703, 27
2026/08/10 13:45:26.603, 0, 511, 0
2026/08/10 13:45:26.606, 1, 1703, 28
2026/08/10 13:45:27.650, 0, 511, 0
2026/08/10 13:45:27.653, 1, 1703, 31
2026/08/10 13:45:28.695, 0, 511, 0
2026/08/10 13:45:28.699, 1, 1703, 28
2026/08/10 13:45:29.743, 0, 511, 0
2026/08/10 13:45:29.746, 1, 1703, 28
2026/08/10 13:45:30.788, 0, 511, 0
2026/08/10 13:45:30.791, 1, 1703, 24
2026/08/10 13:45:31.835, 0, 511, 0
2026/08/10 13:45:31.839, 1, 1703, 31
2026/08/10 13:45:32.879, 0, 511, 0
2026/08/10 13:45:32.882, 1, 1703, 0
2026/08/10 13:45:33.927, 0, 511, 0
2026/08/10 13:45:33.931, 1, 1703, 23
2026/08/10 13:45:34.975, 0, 511, 0
2026/08/10 13:45:34.978, 1, 1703, 0
2026/08/10 13:45:36.020, 0, 511, 0
2026/08/10 13:45:36.024, 1, 1703, 25
2026/08/10 13:45:37.066, 0, 511, 0
2026/08/10 13:45:37.069, 1, 1703, 29
2026/08/10 13:45:38.112, 0, 511, 0
2026/08/10 13:45:38.115, 1, 1703, 29
2026/08/10 13:45:39.157, 0, 511, 0
2026/08/10 13:45:39.161, 1, 1703, 24
2026/08/10 13:45:40.203, 0, 511, 0
2026/08/10 13:45:40.207, 1, 1703, 29
2026/08/10 13:45:41.249, 0, 511, 0
2026/08/10 13:45:41.253, 1, 1703, 25
2026/08/10 13:45:42.296, 0, 511, 0
2026/08/10 13:45:42.299, 1, 1703, 26
2026/08/10 13:45:43.341, 0, 511, 0
2026/08/10 13:45:43.345, 1, 1703, 26
2026/08/10 13:45:44.386, 0, 511, 0
2026/08/10 13:45:44.390, 1, 1703, 25
2026/08/10 13:45:45.432, 0, 511, 0
2026/08/10 13:45:45.435, 1, 1703, 27
2026/08/10 13:45:46.479, 0, 511, 0
2026/08/10 13:45:46.483, 1, 1703, 26
2026/08/10 13:45:47.524, 0, 511, 0
2026/08/10 13:45:47.528, 1, 1703, 0
2026/08/10 13:45:48.568, 0, 511, 0
2026/08/10 13:45:48.572, 1, 1703, 26
2026/08/10 13:45:49.615, 0, 511, 0
2026/08/10 13:45:49.619, 1, 1703, 12
2026/08/10 13:45:50.663, 0, 511, 0
2026/08/10 13:45:50.667, 1, 1703, 26
2026/08/10 13:45:51.712, 0, 511, 0
2026/08/10 13:45:51.716, 1, 1703, 24
2026/08/10 13:45:52.759, 0, 511, 0
2026/08/10 13:45:52.763, 1, 1703, 27
2026/08/10 13:45:53.804, 0, 511, 0
2026/08/10 13:45:53.808, 1, 1703, 24
2026/08/10 13:45:54.852, 0, 511, 0
2026/08/10 13:45:54.856, 1, 1703, 25
2026/08/10 13:45:55.897, 0, 511, 0
2026/08/10 13:45:55.900, 1, 1703, 26
2026/08/10 13:45:56.942, 0, 511, 0
2026/08/10 13:45:56.946, 1, 1703, 27
2026/08/10 13:45:57.990, 0, 511, 0
2026/08/10 13:45:57.993, 1, 1703, 25
2026/08/10 13:45:59.043, 0, 511, 0
2026/08/10 13:45:59.046, 1, 1703, 28
2026/08/10 13:46:00.090, 0, 511, 0
2026/08/10 13:46:00.095, 1, 1703, 0
2026/08/10 13:46:01.139, 0, 511, 0
2026/08/10 13:46:01.142, 1, 1703, 25
2026/08/10 13:46:02.185, 0, 511, 0
2026/08/10 13:46:02.188, 1, 1703, 17
2026/08/10 13:46:03.231, 0, 511, 0
2026/08/10 13:46:03.234, 1, 1703, 25
2026/08/10 13:46:04.277, 0, 511, 0
2026/08/10 13:46:04.280, 1, 1703, 25
2026/08/10 13:46:05.331, 0, 511, 0
2026/08/10 13:46:05.339, 1, 1703, 27
2026/08/10 13:46:06.384, 0, 511, 0
2026/08/10 13:46:06.387, 1, 1703, 27
2026/08/10 13:46:07.430, 0, 511, 0
2026/08/10 13:46:07.433, 1, 1703, 27
2026/08/10 13:46:08.476, 0, 511, 0
2026/08/10 13:46:08.480, 1, 1703, 26
2026/08/10 13:46:09.522, 0, 511, 0
2026/08/10 13:46:09.526, 1, 1703, 27
2026/08/10 13:46:10.567, 0, 511, 0
2026/08/10 13:46:10.570, 1, 1703, 28
2026/08/10 13:46:11.612, 0, 511, 0
2026/08/10 13:46:11.615, 1, 1703, 0
2026/08/10 13:46:12.657, 0, 511, 0
2026/08/10 13:46:12.660, 1, 1703, 26
2026/08/10 13:46:13.701, 0, 511, 0
2026/08/10 13:46:13.705, 1, 1703, 27
2026/08/10 13:46:14.746, 0, 511, 0
2026/08/10 13:46:14.749, 1, 1703, 29
2026/08/10 13:46:15.791, 0, 511, 0
2026/08/10 13:46:15.794, 1, 1703, 28
2026/08/10 13:46:16.837, 0, 511, 0
2026/08/10 13:46:16.840, 1, 1703, 28
2026/08/10 13:46:17.883, 0, 511, 0
2026/08/10 13:46:17.887, 1, 1703, 23
2026/08/10 13:46:18.929, 0, 511, 0
2026/08/10 13:46:18.933, 1, 1703, 24
2026/08/10 13:46:19.974, 0, 511, 0
2026/08/10 13:46:19.977, 1, 1703, 28
2026/08/10 13:46:21.018, 0, 511, 0
2026/08/10 13:46:21.022, 1, 1703, 29
2026/08/10 13:46:22.067, 0, 511, 0
2026/08/10 13:46:22.075, 1, 1703, 27
2026/08/10 13:46:23.130, 0, 511, 0
2026/08/10 13:46:23.133, 1, 1703, 26
2026/08/10 13:46:24.175, 0, 511, 0
2026/08/10 13:46:24.179, 1, 1703, 0
2026/08/10 13:46:25.221, 0, 511, 0
2026/08/10 13:46:25.225, 1, 1703, 26
2026/08/10 13:46:26.266, 0, 511, 0
2026/08/10 13:46:26.269, 1, 1703, 22
2026/08/10 13:46:27.313, 0, 511, 0
2026/08/10 13:46:27.317, 1, 1703, 22
2026/08/10 13:46:28.358, 0, 511, 0
2026/08/10 13:46:28.362, 1, 1703, 19
2026/08/10 13:46:29.404, 0, 511, 0
2026/08/10 13:46:29.407, 1, 1703, 23
2026/08/10 13:46:30.449, 0, 511, 0
2026/08/10 13:46:30.453, 1, 1703, 22
2026/08/10 13:46:31.494, 0, 511, 0
2026/08/10 13:46:31.497, 1, 1703, 21
2026/08/10 13:46:32.538, 0, 511, 0
2026/08/10 13:46:32.542, 1, 1703, 21
2026/08/10 13:46:33.584, 0, 511, 0
2026/08/10 13:46:33.587, 1, 1703, 24
2026/08/10 13:46:34.630, 0, 511, 0
2026/08/10 13:46:34.634, 1, 1703, 23
2026/08/10 13:46:35.677, 0, 511, 0
2026/08/10 13:46:35.680, 1, 1703, 25
2026/08/10 13:46:36.725, 0, 511, 0
2026/08/10 13:46:36.733, 1, 1703, 23
2026/08/10 13:46:37.786, 0, 511, 0
2026/08/10 13:46:37.790, 1, 1703, 17
2026/08/10 13:46:38.834, 0, 511, 0
2026/08/10 13:46:38.838, 1, 1703, 19
2026/08/10 13:46:39.881, 0, 511, 0
2026/08/10 13:46:39.885, 1, 1703, 4
2026/08/10 13:46:40.927, 0, 511, 0
2026/08/10 13:46:40.930, 1, 1703, 23
2026/08/10 13:46:41.973, 0, 511, 0
2026/08/10 13:46:41.976, 1, 1703, 22
2026/08/10 13:46:43.019, 0, 511, 0
2026/08/10 13:46:43.022, 1, 1703, 21
2026/08/10 13:46:44.066, 0, 511, 0
2026/08/10 13:46:44.069, 1, 1703, 23
2026/08/10 13:46:45.110, 0, 511, 0
2026/08/10 13:46:45.113, 1, 1703, 23
2026/08/10 13:46:46.154, 0, 511, 0
2026/08/10 13:46:46.158, 1, 1703, 25
2026/08/10 13:46:47.200, 0, 511, 0
2026/08/10 13:46:47.204, 1, 1703, 21
2026/08/10 13:46:48.246, 0, 511, 0
2026/08/10 13:46:48.250, 1, 1703, 9
2026/08/10 13:46:49.291, 0, 511, 0
2026/08/10 13:46:49.294, 1, 1703, 25
2026/08/10 13:46:50.337, 0, 511, 0
2026/08/10 13:46:50.341, 1, 1703, 7
2026/08/10 13:46:51.379, 0, 511, 0
2026/08/10 13:46:51.382, 1, 1703, 28
2026/08/10 13:46:52.426, 0, 511, 0
2026/08/10 13:46:52.429, 1, 1703, 18
2026/08/10 13:46:53.472, 0, 511, 0
2026/08/10 13:46:53.476, 1, 1703, 27
2026/08/10 13:46:54.520, 0, 511, 0
2026/08/10 13:46:54.524, 1, 1703, 25
2026/08/10 13:46:55.565, 0, 511, 0
2026/08/10 13:46:55.568, 1, 1703, 23
2026/08/10 13:46:56.613, 0, 511, 0
2026/08/10 13:46:56.617, 1, 1703, 13
2026/08/10 13:46:57.662, 0, 511, 0
2026/08/10 13:46:57.666, 1, 1703, 26
2026/08/10 13:46:58.710, 0, 511, 0
2026/08/10 13:46:58.713, 1, 1703, 11
2026/08/10 13:46:59.757, 0, 511, 0
2026/08/10 13:46:59.761, 1, 1703, 26
2026/08/10 13:47:00.805, 0, 511, 0
2026/08/10 13:47:00.809, 1, 1703, 28
2026/08/10 13:47:01.853, 0, 511, 0
2026/08/10 13:47:01.857, 1, 1703, 25
2026/08/10 13:47:02.904, 0, 511, 0
2026/08/10 13:47:02.907, 1, 1703, 24
2026/08/10 13:47:03.953, 0, 511, 0
2026/08/10 13:47:03.956, 1, 1703, 22
2026/08/10 13:47:05.004, 0, 511, 0
2026/08/10 13:47:05.007, 1, 1703, 22
2026/08/10 13:47:06.052, 0, 511, 0
2026/08/10 13:47:06.056, 1, 1703, 12
2026/08/10 13:47:07.104, 0, 511, 0
2026/08/10 13:47:07.107, 1, 1703, 21
2026/08/10 13:47:08.154, 0, 511, 0
2026/08/10 13:47:08.157, 1, 1703, 0
2026/08/10 13:47:09.200, 0, 511, 0
2026/08/10 13:47:09.204, 1, 1703, 26
2026/08/10 13:47:10.251, 0, 511, 0
2026/08/10 13:47:10.254, 1, 1703, 29
2026/08/10 13:47:11.300, 0, 511, 0
2026/08/10 13:47:11.303, 1, 1703, 24
2026/08/10 13:47:12.349, 0, 511, 0
2026/08/10 13:47:12.353, 1, 1703, 25
2026/08/10 13:47:13.400, 0, 511, 0
2026/08/10 13:47:13.404, 1, 1703, 23
2026/08/10 13:47:14.452, 0, 511, 0
2026/08/10 13:47:14.455, 1, 1703, 15
2026/08/10 13:47:15.502, 0, 511, 0
2026/08/10 13:47:15.506, 1, 1703, 23
2026/08/10 13:47:16.551, 0, 511, 0
2026/08/10 13:47:16.554, 1, 1703, 0
2026/08/10 13:47:17.598, 0, 511, 0
2026/08/10 13:47:17.602, 1, 1703, 21
2026/08/10 13:47:18.648, 0, 511, 0
2026/08/10 13:47:18.651, 1, 1703, 24
2026/08/10 13:47:19.696, 0, 511, 0
2026/08/10 13:47:19.699, 1, 1703, 23
2026/08/10 13:47:20.745, 0, 511, 0
2026/08/10 13:47:20.749, 1, 1703, 20
2026/08/10 13:47:21.797, 0, 511, 0
2026/08/10 13:47:21.801, 1, 1703, 23
2026/08/10 13:47:22.845, 0, 511, 0
2026/08/10 13:47:22.849, 1, 1703, 18
2026/08/10 13:47:23.894, 0, 511, 0
2026/08/10 13:47:23.897, 1, 1703, 28
2026/08/10 13:47:24.944, 0, 511, 0
2026/08/10 13:47:24.948, 1, 1703, 23
2026/08/10 13:47:25.994, 0, 511, 0
2026/08/10 13:47:25.997, 1, 1703, 23
2026/08/10 13:47:27.042, 0, 511, 0
2026/08/10 13:47:27.045, 1, 1703, 27
2026/08/10 13:47:28.091, 0, 511, 0
2026/08/10 13:47:28.094, 1, 1703, 24
2026/08/10 13:47:29.143, 0, 511, 0
2026/08/10 13:47:29.146, 1, 1703, 28
2026/08/10 13:47:30.188, 0, 511, 0
2026/08/10 13:47:30.191, 1, 1703, 27
2026/08/10 13:47:31.240, 0, 511, 0
2026/08/10 13:47:31.244, 1, 1703, 26
2026/08/10 13:47:32.290, 0, 511, 0
2026/08/10 13:47:32.297, 1, 1703, 27
2026/08/10 13:47:33.346, 0, 511, 0
2026/08/10 13:47:33.349, 1, 1703, 28
2026/08/10 13:47:34.392, 0, 511, 0
2026/08/10 13:47:34.395, 1, 1703, 5
2026/08/10 13:47:35.437, 0, 511, 0
2026/08/10 13:47:35.441, 1, 1703, 27
2026/08/10 13:47:36.483, 0, 511, 0
2026/08/10 13:47:36.486, 1, 1703, 0
2026/08/10 13:47:37.529, 0, 511, 0
2026/08/10 13:47:37.533, 1, 1703, 28
2026/08/10 13:47:38.578, 0, 511, 0
2026/08/10 13:47:38.581, 1, 1703, 23
2026/08/10 13:47:39.627, 0, 511, 0
2026/08/10 13:47:39.630, 1, 1703, 26
2026/08/10 13:47:40.677, 0, 511, 0
2026/08/10 13:47:40.681, 1, 1703, 28
2026/08/10 13:47:41.726, 0, 511, 0
2026/08/10 13:47:41.730, 1, 1703, 25
2026/08/10 13:47:42.777, 0, 511, 0
2026/08/10 13:47:42.780, 1, 1703, 30
2026/08/10 13:47:43.828, 0, 511, 0
2026/08/10 13:47:43.832, 1, 1703, 26
2026/08/10 13:47:44.881, 0, 511, 0
2026/08/10 13:47:44.885, 1, 1703, 25
2026/08/10 13:47:45.931, 0, 511, 0
2026/08/10 13:47:45.934, 1, 1703, 25
2026/08/10 13:47:46.978, 0, 511, 0
2026/08/10 13:47:46.981, 1, 1703, 30
2026/08/10 13:47:48.025, 0, 511, 0
2026/08/10 13:47:48.028, 1, 1703, 31
2026/08/10 13:47:49.089, 0, 511, 0
2026/08/10 13:47:49.093, 1, 1703, 27
2026/08/10 13:47:50.138, 0, 511, 0
2026/08/10 13:47:50.142, 1, 1703, 27
2026/08/10 13:47:51.185, 0, 511, 0
2026/08/10 13:47:51.189, 1, 1703, 0
2026/08/10 13:47:52.231, 0, 511, 0
2026/08/10 13:47:52.235, 1, 1703, 28
2026/08/10 13:47:53.279, 0, 1989, 60
2026/08/10 13:47:53.283, 1, 3245, 0
2026/08/10 13:47:54.334, 0, 3237, 89
2026/08/10 13:47:54.336, 1, 4141, 50
2026/08/10 13:47:55.408, 0, 2053, 69
2026/08/10 13:47:55.414, 1, 3407, 72
2026/08/10 13:47:56.483, 0, 2533, 100
2026/08/10 13:47:56.486, 1, 3631, 100
2026/08/10 13:47:57.537, 0, 2565, 69
2026/08/10 13:47:57.543, 1, 3919, 80
2026/08/10 13:47:58.589, 0, 2661, 100
2026/08/10 13:47:58.591, 1, 3823, 35
2026/08/10 13:47:59.627, 0, 2629, 100
2026/08/10 13:47:59.630, 1, 3791, 96
2026/08/10 13:48:00.671, 0, 2629, 44
2026/08/10 13:48:00.673, 1, 3791, 100
2026/08/10 13:48:01.716, 0, 2597, 82
2026/08/10 13:48:01.723, 1, 3791, 100
2026/08/10 13:48:02.774, 0, 2597, 31
2026/08/10 13:48:02.778, 1, 3915, 94
2026/08/10 13:48:03.831, 0, 2597, 4
2026/08/10 13:48:03.833, 1, 3915, 88
2026/08/10 13:48:04.869, 0, 2597, 0
2026/08/10 13:48:04.871, 1, 3915, 91
2026/08/10 13:48:05.911, 0, 2309, 7
2026/08/10 13:48:05.914, 1, 3915, 83
2026/08/10 13:48:06.962, 0, 2693, 66
2026/08/10 13:48:06.964, 1, 3883, 20
2026/08/10 13:48:08.009, 0, 2565, 29
2026/08/10 13:48:08.012, 1, 3915, 71
2026/08/10 13:48:09.054, 0, 2565, 62
2026/08/10 13:48:09.057, 1, 3915, 16
2026/08/10 13:48:10.097, 0, 3333, 43
2026/08/10 13:48:10.100, 1, 4619, 100
2026/08/10 13:48:11.143, 0, 2661, 38
2026/08/10 13:48:11.146, 1, 4331, 32
2026/08/10 13:48:12.194, 0, 3845, 92
2026/08/10 13:48:12.198, 1, 5227, 86
2026/08/10 13:48:13.246, 0, 3141, 98
2026/08/10 13:48:13.249, 1, 6475, 72
2026/08/10 13:48:14.291, 0, 2917, 69
2026/08/10 13:48:14.294, 1, 4459, 91
2026/08/10 13:48:15.368, 0, 3173, 98
2026/08/10 13:48:15.371, 1, 4843, 96
2026/08/10 13:48:16.434, 0, 4709, 1
2026/08/10 13:48:16.438, 1, 4267, 53
2026/08/10 13:48:17.482, 0, 3237, 95
2026/08/10 13:48:17.485, 1, 4299, 12
2026/08/10 13:48:18.548, 0, 3429, 100
2026/08/10 13:48:18.555, 1, 3915, 98
2026/08/10 13:48:19.616, 0, 3077, 41
2026/08/10 13:48:19.619, 1, 4363, 86
2026/08/10 13:48:20.668, 0, 3365, 100
2026/08/10 13:48:20.671, 1, 4555, 100
2026/08/10 13:48:21.731, 0, 3141, 0
2026/08/10 13:48:21.733, 1, 6539, 100
2026/08/10 13:48:22.804, 0, 3077, 78
2026/08/10 13:48:22.807, 1, 5195, 62
2026/08/10 13:48:23.859, 0, 3237, 100
2026/08/10 13:48:23.862, 1, 4011, 96
2026/08/10 13:48:24.911, 0, 2629, 58
2026/08/10 13:48:24.914, 1, 4171, 100
2026/08/10 13:48:25.990, 0, 3205, 25
2026/08/10 13:48:25.994, 1, 4427, 28
2026/08/10 13:48:27.042, 0, 4645, 85
2026/08/10 13:48:27.046, 1, 6571, 94
2026/08/10 13:48:28.089, 0, 4229, 100
2026/08/10 13:48:28.091, 1, 5323, 97
2026/08/10 13:48:29.152, 0, 4933, 31
2026/08/10 13:48:29.157, 1, 5643, 4
2026/08/10 13:48:30.205, 0, 3653, 89
2026/08/10 13:48:30.209, 1, 5259, 71
2026/08/10 13:48:31.252, 0, 5957, 100
2026/08/10 13:48:31.254, 1, 4459, 25
2026/08/10 13:48:32.308, 0, 6277, 100
2026/08/10 13:48:32.312, 1, 9483, 100
2026/08/10 13:48:33.363, 0, 7493, 94
2026/08/10 13:48:33.367, 1, 5323, 95
2026/08/10 13:48:34.422, 0, 3301, 97
2026/08/10 13:48:34.429, 1, 4619, 54
2026/08/10 13:48:35.495, 0, 9317, 100
2026/08/10 13:48:35.503, 1, 9067, 95
2026/08/10 13:48:36.571, 0, 5989, 100
2026/08/10 13:48:36.575, 1, 6347, 100
2026/08/10 13:48:37.636, 0, 2981, 64
2026/08/10 13:48:37.644, 1, 4107, 75
2026/08/10 13:48:38.738, 0, 5573, 100
2026/08/10 13:48:38.744, 1, 5515, 98
2026/08/10 13:48:39.797, 0, 6341, 88
2026/08/10 13:48:39.801, 1, 7371, 100
2026/08/10 13:48:40.883, 0, 3845, 75
2026/08/10 13:48:40.888, 1, 6827, 100
2026/08/10 13:48:41.955, 0, 8933, 100
2026/08/10 13:48:41.963, 1, 5547, 100
2026/08/10 13:48:43.040, 0, 3109, 50
2026/08/10 13:48:43.043, 1, 4299, 78
2026/08/10 13:48:44.110, 0, 6213, 98
2026/08/10 13:48:44.114, 1, 6891, 100
2026/08/10 13:48:45.162, 0, 5093, 100
2026/08/10 13:48:45.165, 1, 7403, 2
2026/08/10 13:48:46.230, 0, 6501, 100
2026/08/10 13:48:46.239, 1, 5739, 88
2026/08/10 13:48:47.302, 0, 6885, 79
2026/08/10 13:48:47.306, 1, 7019, 82
2026/08/10 13:48:48.356, 0, 8165, 91
2026/08/10 13:48:48.359, 1, 13419, 97
2026/08/10 13:48:49.411, 0, 5317, 49
2026/08/10 13:48:49.415, 1, 5163, 81
2026/08/10 13:48:50.479, 0, 4453, 100
2026/08/10 13:48:50.482, 1, 7339, 78
2026/08/10 13:48:51.554, 0, 6853, 100
2026/08/10 13:48:51.557, 1, 6155, 86
2026/08/10 13:48:52.606, 0, 3141, 41
2026/08/10 13:48:52.608, 1, 6731, 100
2026/08/10 13:48:53.673, 0, 5733, 100
2026/08/10 13:48:53.678, 1, 5067, 100
2026/08/10 13:48:54.751, 0, 2917, 51
2026/08/10 13:48:54.755, 1, 4555, 96
2026/08/10 13:48:55.843, 0, 6885, 93
2026/08/10 13:48:55.851, 1, 6859, 67
2026/08/10 13:48:56.929, 0, 4421, 62
2026/08/10 13:48:56.933, 1, 6699, 100
2026/08/10 13:48:58.007, 0, 5765, 91
2026/08/10 13:48:58.011, 1, 5611, 100
2026/08/10 13:48:59.099, 0, 3045, 85
2026/08/10 13:48:59.105, 1, 6347, 84
2026/08/10 13:49:00.175, 0, 4901, 90
2026/08/10 13:49:00.178, 1, 9515, 100
2026/08/10 13:49:01.222, 0, 5157, 49
2026/08/10 13:49:01.225, 1, 9771, 100
2026/08/10 13:49:02.274, 0, 2597, 74
2026/08/10 13:49:02.277, 1, 5355, 71
2026/08/10 13:49:03.328, 0, 3429, 74
2026/08/10 13:49:03.331, 1, 9387, 100
2026/08/10 13:49:04.381, 0, 6725, 12
2026/08/10 13:49:04.384, 1, 13899, 99
2026/08/10 13:49:05.455, 0, 4293, 32
2026/08/10 13:49:05.468, 1, 5803, 97
2026/08/10 13:49:06.550, 0, 3141, 97
2026/08/10 13:49:06.553, 1, 5067, 44
2026/08/10 13:49:07.606, 0, 8037, 89
2026/08/10 13:49:07.609, 1, 6667, 53
2026/08/10 13:49:08.667, 0, 5573, 67
2026/08/10 13:49:08.671, 1, 9195, 100
2026/08/10 13:49:09.726, 0, 3205, 54
2026/08/10 13:49:09.729, 1, 5611, 64
2026/08/10 13:49:10.790, 0, 4357, 10
2026/08/10 13:49:10.794, 1, 4555, 81
2026/08/10 13:49:11.864, 0, 5797, 99
2026/08/10 13:49:11.866, 1, 6443, 93
2026/08/10 13:49:12.976, 0, 3045, 90
2026/08/10 13:49:12.987, 1, 6475, 94
2026/08/10 13:49:14.054, 0, 4741, 100
2026/08/10 13:49:14.057, 1, 5483, 18
2026/08/10 13:49:15.121, 0, 3333, 81
2026/08/10 13:49:15.124, 1, 4971, 82
2026/08/10 13:49:16.213, 0, 3205, 85
2026/08/10 13:49:16.216, 1, 4651, 97
2026/08/10 13:49:17.305, 0, 7397, 97
2026/08/10 13:49:17.312, 1, 6539, 34
2026/08/10 13:49:18.382, 0, 6053, 100
2026/08/10 13:49:18.387, 1, 7339, 63
2026/08/10 13:49:19.466, 0, 4037, 85
2026/08/10 13:49:19.469, 1, 5387, 98
2026/08/10 13:49:20.546, 0, 6853, 76
2026/08/10 13:49:20.551, 1, 5931, 60
2026/08/10 13:49:21.632, 0, 3589, 96
2026/08/10 13:49:21.638, 1, 4843, 100
2026/08/10 13:49:22.737, 0, 7525, 67
2026/08/10 13:49:22.745, 1, 6411, 55
2026/08/10 13:49:23.823, 0, 3269, 87
2026/08/10 13:49:23.826, 1, 5579, 93
2026/08/10 13:49:24.920, 0, 4357, 87
2026/08/10 13:49:24.925, 1, 4939, 74
2026/08/10 13:49:26.033, 0, 6053, 87
2026/08/10 13:49:26.038, 1, 6347, 85
2026/08/10 13:49:27.112, 0, 4325, 46
2026/08/10 13:49:27.123, 1, 6123, 97
2026/08/10 13:49:28.215, 0, 5445, 93
2026/08/10 13:49:28.219, 1, 7051, 78
2026/08/10 13:49:29.304, 0, 4837, 67
2026/08/10 13:49:29.310, 1, 4747, 91
2026/08/10 13:49:30.407, 0, 5253, 43
2026/08/10 13:49:30.412, 1, 5899, 64
2026/08/10 13:49:31.498, 0, 5189, 99
2026/08/10 13:49:31.505, 1, 4523, 82
2026/08/10 13:49:32.585, 0, 4229, 70
2026/08/10 13:49:32.589, 1, 5067, 99
2026/08/10 13:49:33.657, 0, 4549, 86
2026/08/10 13:49:33.661, 1, 7243, 100
2026/08/10 13:49:34.721, 0, 5061, 87
2026/08/10 13:49:34.728, 1, 8299, 93
2026/08/10 13:49:35.815, 0, 4613, 50
2026/08/10 13:49:35.821, 1, 5163, 45
2026/08/10 13:49:36.887, 0, 3973, 90
2026/08/10 13:49:36.894, 1, 4331, 84
2026/08/10 13:49:37.972, 0, 7621, 42
2026/08/10 13:49:37.980, 1, 8875, 63
2026/08/10 13:49:39.101, 0, 3269, 92
2026/08/10 13:49:39.104, 1, 5163, 73
2026/08/10 13:49:40.176, 0, 7173, 49
2026/08/10 13:49:40.180, 1, 5259, 99
2026/08/10 13:49:41.249, 0, 7269, 52
2026/08/10 13:49:41.253, 1, 6987, 100
2026/08/10 13:49:42.347, 0, 3589, 92
2026/08/10 13:49:42.353, 1, 6763, 71
2026/08/10 13:49:43.436, 0, 5957, 97
2026/08/10 13:49:43.441, 1, 6379, 82
2026/08/10 13:49:44.534, 0, 4005, 87
2026/08/10 13:49:44.544, 1, 4107, 44
2026/08/10 13:49:45.606, 0, 8901, 90
2026/08/10 13:49:45.612, 1, 4811, 49
2026/08/10 13:49:46.702, 0, 4517, 78
2026/08/10 13:49:46.705, 1, 6411, 100
2026/08/10 13:49:47.781, 0, 5317, 99
2026/08/10 13:49:47.791, 1, 4459, 100
2026/08/10 13:49:48.878, 0, 3845, 89
2026/08/10 13:49:48.885, 1, 7211, 73
2026/08/10 13:49:49.969, 0, 6149, 100
2026/08/10 13:49:49.973, 1, 6827, 99
2026/08/10 13:49:51.024, 0, 4773, 92
2026/08/10 13:49:51.026, 1, 6219, 62
2026/08/10 13:49:52.101, 0, 4965, 100
2026/08/10 13:49:52.104, 1, 7787, 63
2026/08/10 13:49:53.192, 0, 3685, 88
2026/08/10 13:49:53.195, 1, 5259, 99
2026/08/10 13:49:54.274, 0, 6085, 79
2026/08/10 13:49:54.279, 1, 6891, 80
2026/08/10 13:49:55.361, 0, 9573, 95
2026/08/10 13:49:55.372, 1, 7435, 79
2026/08/10 13:49:56.466, 0, 6469, 76
2026/08/10 13:49:56.470, 1, 7403, 83
2026/08/10 13:49:57.541, 0, 4421, 100
2026/08/10 13:49:57.544, 1, 9131, 79
2026/08/10 13:49:58.613, 0, 3653, 91
2026/08/10 13:49:58.619, 1, 5131, 83
2026/08/10 13:49:59.700, 0, 3205, 93
2026/08/10 13:49:59.707, 1, 4779, 80
2026/08/10 13:50:00.788, 0, 7045, 81
2026/08/10 13:50:00.795, 1, 5707, 95
2026/08/10 13:50:01.867, 0, 5093, 100
2026/08/10 13:50:01.870, 1, 5323, 87
2026/08/10 13:50:02.943, 0, 3205, 86
2026/08/10 13:50:02.947, 1, 5995, 80
2026/08/10 13:50:04.008, 0, 3653, 47
2026/08/10 13:50:04.011, 1, 4171, 91
2026/08/10 13:50:05.091, 0, 4229, 46
2026/08/10 13:50:05.097, 1, 5067, 87
2026/08/10 13:50:06.168, 0, 5157, 87
2026/08/10 13:50:06.170, 1, 4619, 62
2026/08/10 13:50:07.244, 0, 3141, 42
2026/08/10 13:50:07.250, 1, 4171, 92
2026/08/10 13:50:08.328, 0, 5125, 89
2026/08/10 13:50:08.331, 1, 5003, 88
2026/08/10 13:50:09.402, 0, 3077, 50
2026/08/10 13:50:09.405, 1, 4267, 74
2026/08/10 13:50:10.493, 0, 3653, 90
2026/08/10 13:50:10.496, 1, 6251, 84
2026/08/10 13:50:11.564, 0, 4229, 100
2026/08/10 13:50:11.569, 1, 4459, 72
2026/08/10 13:50:12.646, 0, 2949, 88
2026/08/10 13:50:12.649, 1, 4171, 89
2026/08/10 13:50:13.705, 0, 3333, 0
2026/08/10 13:50:13.708, 1, 7531, 48
2026/08/10 13:50:14.779, 0, 5061, 92
2026/08/10 13:50:14.781, 1, 7467, 84
2026/08/10 13:50:15.856, 0, 3429, 99
2026/08/10 13:50:15.861, 1, 6283, 97
2026/08/10 13:50:16.938, 0, 3973, 97
2026/08/10 13:50:16.941, 1, 5515, 100
2026/08/10 13:50:18.023, 0, 3173, 84
2026/08/10 13:50:18.026, 1, 4107, 72
2026/08/10 13:50:19.107, 0, 5093, 69
2026/08/10 13:50:19.110, 1, 6827, 80
2026/08/10 13:50:20.195, 0, 4677, 48
2026/08/10 13:50:20.204, 1, 6571, 86
2026/08/10 13:50:21.301, 0, 7045, 58
2026/08/10 13:50:21.306, 1, 7019, 81
2026/08/10 13:50:22.372, 0, 5733, 99
2026/08/10 13:50:22.375, 1, 4843, 100
2026/08/10 13:50:23.451, 0, 4901, 74
2026/08/10 13:50:23.456, 1, 4747, 100
2026/08/10 13:50:24.518, 0, 5285, 92
2026/08/10 13:50:24.527, 1, 6219, 69
2026/08/10 13:50:25.596, 0, 4197, 32
2026/08/10 13:50:25.605, 1, 5611, 92
2026/08/10 13:50:26.672, 0, 3237, 51
2026/08/10 13:50:26.678, 1, 6763, 68
2026/08/10 13:50:27.753, 0, 3269, 70
2026/08/10 13:50:27.758, 1, 6571, 64
2026/08/10 13:50:28.823, 0, 3621, 87
2026/08/10 13:50:28.826, 1, 6571, 100
2026/08/10 13:50:29.918, 0, 3877, 100
2026/08/10 13:50:29.921, 1, 5099, 91
2026/08/10 13:50:30.988, 0, 5157, 62
2026/08/10 13:50:30.993, 1, 6251, 76
2026/08/10 13:50:32.069, 0, 4005, 71
2026/08/10 13:50:32.072, 1, 5099, 84
2026/08/10 13:50:33.156, 0, 5285, 95
2026/08/10 13:50:33.160, 1, 6059, 91
2026/08/10 13:50:34.249, 0, 4677, 100
2026/08/10 13:50:34.254, 1, 7275, 75
2026/08/10 13:50:35.317, 0, 3173, 96
2026/08/10 13:50:35.320, 1, 5419, 82
2026/08/10 13:50:36.397, 0, 5157, 74
2026/08/10 13:50:36.402, 1, 4715, 98
2026/08/10 13:50:37.489, 0, 6373, 69
2026/08/10 13:50:37.494, 1, 4331, 88
2026/08/10 13:50:38.557, 0, 5317, 100
2026/08/10 13:50:38.560, 1, 5323, 100
2026/08/10 13:50:39.619, 0, 6277, 72
2026/08/10 13:50:39.622, 1, 7019, 100
2026/08/10 13:50:40.686, 0, 4709, 86
2026/08/10 13:50:40.689, 1, 6475, 60
2026/08/10 13:50:41.758, 0, 6085, 86
2026/08/10 13:50:41.762, 1, 6443, 91
2026/08/10 13:50:42.838, 0, 5349, 91
2026/08/10 13:50:42.841, 1, 4139, 71
2026/08/10 13:50:43.910, 0, 5605, 77
2026/08/10 13:50:43.914, 1, 7787, 56
2026/08/10 13:50:45.006, 0, 3141, 100
2026/08/10 13:50:45.011, 1, 5963, 88
2026/08/10 13:50:46.104, 0, 2981, 100
2026/08/10 13:50:46.107, 1, 6283, 83
2026/08/10 13:50:47.167, 0, 2981, 0
2026/08/10 13:50:47.170, 1, 9003, 73
2026/08/10 13:50:48.221, 0, 3877, 0
2026/08/10 13:50:48.224, 1, 8747, 100
2026/08/10 13:50:49.286, 0, 5925, 100
2026/08/10 13:50:49.290, 1, 12171, 100
2026/08/10 13:50:50.336, 0, 5925, 0
2026/08/10 13:50:50.339, 1, 17099, 100
2026/08/10 13:50:51.386, 0, 5829, 0
2026/08/10 13:50:51.388, 1, 10219, 97
2026/08/10 13:50:52.434, 0, 11365, 68
2026/08/10 13:50:52.437, 1, 10859, 97
2026/08/10 13:50:53.503, 0, 4037, 100
2026/08/10 13:50:53.506, 1, 4587, 100
2026/08/10 13:50:54.580, 0, 3013, 93
2026/08/10 13:50:54.587, 1, 4843, 87
2026/08/10 13:50:55.649, 0, 2981, 97
2026/08/10 13:50:55.661, 1, 7659, 100
2026/08/10 13:50:56.752, 0, 4997, 90
2026/08/10 13:50:56.756, 1, 6475, 81
2026/08/10 13:50:57.825, 0, 5989, 39
2026/08/10 13:50:57.833, 1, 5771, 100
2026/08/10 13:50:58.892, 0, 6597, 84
2026/08/10 13:50:58.896, 1, 6731, 74
2026/08/10 13:50:59.967, 0, 3717, 100
2026/08/10 13:50:59.969, 1, 4427, 88
2026/08/10 13:51:01.070, 0, 5189, 94
2026/08/10 13:51:01.074, 1, 7019, 95
2026/08/10 13:51:02.148, 0, 4293, 54
2026/08/10 13:51:02.158, 1, 6603, 74
2026/08/10 13:51:03.216, 0, 5349, 91
2026/08/10 13:51:03.221, 1, 8171, 84
2026/08/10 13:51:04.277, 0, 3973, 97
2026/08/10 13:51:04.281, 1, 7947, 92
2026/08/10 13:51:05.354, 0, 6853, 100
2026/08/10 13:51:05.363, 1, 6571, 90
2026/08/10 13:51:06.435, 0, 4101, 74
2026/08/10 13:51:06.441, 1, 4747, 83
2026/08/10 13:51:07.527, 0, 3429, 100
2026/08/10 13:51:07.531, 1, 4651, 65
2026/08/10 13:51:08.585, 0, 5381, 100
2026/08/10 13:51:08.588, 1, 6379, 99
2026/08/10 13:51:09.660, 0, 5861, 84
2026/08/10 13:51:09.664, 1, 6475, 92
2026/08/10 13:51:10.717, 0, 7557, 100
2026/08/10 13:51:10.721, 1, 6315, 53
2026/08/10 13:51:11.778, 0, 4869, 83
2026/08/10 13:51:11.781, 1, 6059, 64
2026/08/10 13:51:12.841, 0, 5605, 100
2026/08/10 13:51:12.843, 1, 5195, 95
2026/08/10 13:51:13.910, 0, 3589, 62
2026/08/10 13:51:13.914, 1, 5451, 93
2026/08/10 13:51:15.005, 0, 4741, 100
2026/08/10 13:51:15.012, 1, 5387, 35
2026/08/10 13:51:16.069, 0, 6053, 96
2026/08/10 13:51:16.077, 1, 7691, 93
2026/08/10 13:51:17.166, 0, 3621, 82
2026/08/10 13:51:17.170, 1, 9995, 97
2026/08/10 13:51:18.237, 0, 3269, 66
2026/08/10 13:51:18.239, 1, 9771, 100
2026/08/10 13:51:19.314, 0, 4101, 85
2026/08/10 13:51:19.321, 1, 4779, 53
2026/08/10 13:51:20.395, 0, 5445, 84
2026/08/10 13:51:20.399, 1, 8651, 78
2026/08/10 13:51:21.461, 0, 6117, 0
2026/08/10 13:51:21.464, 1, 4939, 100
2026/08/10 13:51:22.531, 0, 4805, 92
2026/08/10 13:51:22.545, 1, 4491, 46
2026/08/10 13:51:23.619, 0, 3909, 93
2026/08/10 13:51:23.623, 1, 4267, 86
2026/08/10 13:51:24.702, 0, 6085, 100
2026/08/10 13:51:24.705, 1, 4779, 91
2026/08/10 13:51:25.790, 0, 5509, 15
2026/08/10 13:51:25.798, 1, 7339, 84
2026/08/10 13:51:26.864, 0, 5893, 97
2026/08/10 13:51:26.868, 1, 6443, 100
2026/08/10 13:51:27.928, 0, 4965, 88
2026/08/10 13:51:27.939, 1, 4683, 81
2026/08/10 13:51:29.041, 0, 5861, 53
2026/08/10 13:51:29.047, 1, 6315, 92
2026/08/10 13:51:30.134, 0, 4293, 96
2026/08/10 13:51:30.141, 1, 4171, 91
2026/08/10 13:51:31.224, 0, 3813, 57
2026/08/10 13:51:31.229, 1, 4459, 85
2026/08/10 13:51:32.307, 0, 5701, 100
2026/08/10 13:51:32.313, 1, 8267, 100
2026/08/10 13:51:33.376, 0, 8229, 30
2026/08/10 13:51:33.379, 1, 8235, 98
2026/08/10 13:51:34.452, 0, 3301, 72
2026/08/10 13:51:34.456, 1, 4555, 95
2026/08/10 13:51:35.524, 0, 3045, 83
2026/08/10 13:51:35.527, 1, 6123, 94
2026/08/10 13:51:36.624, 0, 4133, 90
2026/08/10 13:51:36.628, 1, 6283, 85
2026/08/10 13:51:37.692, 0, 4389, 100
2026/08/10 13:51:37.696, 1, 10251, 77
2026/08/10 13:51:38.759, 0, 4165, 65
2026/08/10 13:51:38.765, 1, 5803, 69
2026/08/10 13:51:39.881, 0, 3493, 93
2026/08/10 13:51:39.888, 1, 5355, 100
2026/08/10 13:51:40.966, 0, 3813, 84
2026/08/10 13:51:40.970, 1, 6859, 42
2026/08/10 13:51:42.031, 0, 5189, 46
2026/08/10 13:51:42.035, 1, 4971, 67
2026/08/10 13:51:43.087, 0, 8773, 41
2026/08/10 13:51:43.090, 1, 5963, 97
2026/08/10 13:51:44.172, 0, 4709, 95
2026/08/10 13:51:44.177, 1, 5675, 86
2026/08/10 13:51:45.233, 0, 6981, 100
2026/08/10 13:51:45.235, 1, 6699, 99
2026/08/10 13:51:46.300, 0, 5861, 82
2026/08/10 13:51:46.307, 1, 4523, 91
2026/08/10 13:51:47.383, 0, 7781, 100
2026/08/10 13:51:47.387, 1, 5387, 55
2026/08/10 13:51:48.453, 0, 3525, 74
2026/08/10 13:51:48.456, 1, 5643, 22
2026/08/10 13:51:49.531, 0, 7013, 94
2026/08/10 13:51:49.539, 1, 6443, 100
2026/08/10 13:51:50.611, 0, 6597, 91
2026/08/10 13:51:50.614, 1, 6411, 46
2026/08/10 13:51:51.669, 0, 5093, 99
2026/08/10 13:51:51.673, 1, 5643, 90
2026/08/10 13:51:52.722, 0, 6789, 0
2026/08/10 13:51:52.724, 1, 4395, 92
2026/08/10 13:51:53.773, 0, 4645, 0
2026/08/10 13:51:53.777, 1, 4491, 100
2026/08/10 13:51:54.836, 0, 5925, 83
2026/08/10 13:51:54.842, 1, 10443, 66
2026/08/10 13:51:55.922, 0, 5413, 66
2026/08/10 13:51:55.929, 1, 7179, 100
2026/08/10 13:51:56.986, 0, 5925, 99
2026/08/10 13:51:56.991, 1, 5995, 73
2026/08/10 13:51:58.085, 0, 3525, 81
2026/08/10 13:51:58.091, 1, 8363, 46
2026/08/10 13:51:59.185, 0, 4197, 97
2026/08/10 13:51:59.189, 1, 4427, 98
2026/08/10 13:52:00.282, 0, 6597, 72
2026/08/10 13:52:00.286, 1, 5675, 43
2026/08/10 13:52:01.361, 0, 2885, 74
2026/08/10 13:52:01.370, 1, 4299, 95
2026/08/10 13:52:02.461, 0, 3237, 90
2026/08/10 13:52:02.473, 1, 4203, 62
2026/08/10 13:52:03.580, 0, 3653, 100
2026/08/10 13:52:03.583, 1, 5003, 66
2026/08/10 13:52:04.668, 0, 4805, 75
2026/08/10 13:52:04.672, 1, 6411, 89
2026/08/10 13:52:05.748, 0, 7301, 81
2026/08/10 13:52:05.752, 1, 4235, 79
2026/08/10 13:52:06.814, 0, 3141, 98
2026/08/10 13:52:06.819, 1, 4587, 100
2026/08/10 13:52:07.896, 0, 3845, 87
2026/08/10 13:52:07.901, 1, 8043, 100
2026/08/10 13:52:08.992, 0, 4453, 97
2026/08/10 13:52:09.000, 1, 6539, 100
2026/08/10 13:52:10.074, 0, 4997, 100
2026/08/10 13:52:10.077, 1, 4299, 66
2026/08/10 13:52:11.133, 0, 6341, 63
2026/08/10 13:52:11.136, 1, 6763, 100
2026/08/10 13:52:12.198, 0, 3333, 36
2026/08/10 13:52:12.204, 1, 5035, 91
2026/08/10 13:52:13.306, 0, 4549, 79
2026/08/10 13:52:13.309, 1, 6091, 68
2026/08/10 13:52:14.375, 0, 5925, 88
2026/08/10 13:52:14.379, 1, 8875, 100
2026/08/10 13:52:15.468, 0, 3461, 87
2026/08/10 13:52:15.472, 1, 5227, 59
2026/08/10 13:52:16.528, 0, 3973, 100
2026/08/10 13:52:16.531, 1, 8043, 90
2026/08/10 13:52:17.610, 0, 3653, 51
2026/08/10 13:52:17.613, 1, 5803, 47
2026/08/10 13:52:18.707, 0, 5893, 84
2026/08/10 13:52:18.716, 1, 6987, 90
2026/08/10 13:52:19.786, 0, 6053, 87
2026/08/10 13:52:19.792, 1, 4715, 100
2026/08/10 13:52:20.883, 0, 4965, 88
2026/08/10 13:52:20.887, 1, 4619, 82
2026/08/10 13:52:21.993, 0, 4133, 47
2026/08/10 13:52:21.995, 1, 4907, 100
2026/08/10 13:52:23.103, 0, 5061, 78
2026/08/10 13:52:23.106, 1, 4619, 88
2026/08/10 13:52:24.195, 0, 4709, 79
2026/08/10 13:52:24.203, 1, 4715, 90
2026/08/10 13:52:25.273, 0, 4837, 55
2026/08/10 13:52:25.276, 1, 4459, 47
2026/08/10 13:52:26.368, 0, 3941, 100
2026/08/10 13:52:26.370, 1, 6955, 10
2026/08/10 13:52:27.433, 0, 6309, 73
2026/08/10 13:52:27.437, 1, 6507, 83
2026/08/10 13:52:28.513, 0, 2949, 18
2026/08/10 13:52:28.521, 1, 5515, 95
2026/08/10 13:52:29.592, 0, 3365, 74
2026/08/10 13:52:29.594, 1, 5483, 91
2026/08/10 13:52:30.670, 0, 3269, 75
2026/08/10 13:52:30.676, 1, 4907, 100
2026/08/10 13:52:31.772, 0, 4037, 81
2026/08/10 13:52:31.775, 1, 4491, 69
2026/08/10 13:52:32.892, 0, 3813, 100
2026/08/10 13:52:32.899, 1, 6731, 75
2026/08/10 13:52:33.998, 0, 6341, 100
2026/08/10 13:52:34.006, 1, 6699, 80
2026/08/10 13:52:35.109, 0, 4645, 74
2026/08/10 13:52:35.117, 1, 6795, 88
2026/08/10 13:52:36.191, 0, 5029, 17
2026/08/10 13:52:36.194, 1, 6859, 100
2026/08/10 13:52:37.288, 0, 4165, 85
2026/08/10 13:52:37.296, 1, 5995, 100
2026/08/10 13:52:38.399, 0, 4517, 86
2026/08/10 13:52:38.409, 1, 5643, 79
2026/08/10 13:52:39.473, 0, 5061, 73
2026/08/10 13:52:39.482, 1, 4555, 100
2026/08/10 13:52:40.551, 0, 4901, 91
2026/08/10 13:52:40.555, 1, 8331, 97
2026/08/10 13:52:41.628, 0, 5925, 95
2026/08/10 13:52:41.632, 1, 6443, 92
2026/08/10 13:52:42.720, 0, 4357, 98
2026/08/10 13:52:42.732, 1, 8139, 76
2026/08/10 13:52:43.808, 0, 7493, 81
2026/08/10 13:52:43.811, 1, 8043, 85
2026/08/10 13:52:44.862, 0, 3877, 90
2026/08/10 13:52:44.865, 1, 4587, 88
2026/08/10 13:52:45.948, 0, 4869, 87
2026/08/10 13:52:45.956, 1, 4459, 63
2026/08/10 13:52:47.062, 0, 6021, 93
2026/08/10 13:52:47.070, 1, 5227, 56
2026/08/10 13:52:48.151, 0, 5669, 61
2026/08/10 13:52:48.157, 1, 6987, 94
2026/08/10 13:52:49.238, 0, 4293, 91
2026/08/10 13:52:49.242, 1, 9035, 79
2026/08/10 13:52:50.307, 0, 3301, 88
2026/08/10 13:52:50.309, 1, 4459, 45
2026/08/10 13:52:51.411, 0, 4869, 94
2026/08/10 13:52:51.420, 1, 6411, 98
2026/08/10 13:52:52.509, 0, 6021, 79
2026/08/10 13:52:52.515, 1, 6059, 99
2026/08/10 13:52:53.572, 0, 8389, 100
2026/08/10 13:52:53.576, 1, 7947, 79
2026/08/10 13:52:54.646, 0, 3109, 90
2026/08/10 13:52:54.650, 1, 4299, 74
2026/08/10 13:52:55.750, 0, 3301, 86
2026/08/10 13:52:55.753, 1, 7371, 41
2026/08/10 13:52:56.862, 0, 4709, 100
2026/08/10 13:52:56.867, 1, 4427, 33
2026/08/10 13:52:57.927, 0, 8197, 93
2026/08/10 13:52:57.931, 1, 5387, 81
2026/08/10 13:52:58.980, 0, 5381, 84
2026/08/10 13:52:58.983, 1, 7115, 7
2026/08/10 13:53:00.038, 0, 7461, 88
2026/08/10 13:53:00.045, 1, 6667, 0
2026/08/10 13:53:01.125, 0, 3365, 100
2026/08/10 13:53:01.134, 1, 6155, 83
2026/08/10 13:53:02.195, 0, 3813, 100
2026/08/10 13:53:02.198, 1, 6795, 97
2026/08/10 13:53:03.276, 0, 3781, 94
2026/08/10 13:53:03.284, 1, 10411, 100
2026/08/10 13:53:04.365, 0, 3365, 91
2026/08/10 13:53:04.368, 1, 5803, 87
2026/08/10 13:53:05.443, 0, 5157, 81
2026/08/10 13:53:05.453, 1, 7595, 76
2026/08/10 13:53:06.526, 0, 5221, 100
2026/08/10 13:53:06.535, 1, 5803, 78
2026/08/10 13:53:07.611, 0, 3077, 95
2026/08/10 13:53:07.616, 1, 4203, 93
2026/08/10 13:53:08.702, 0, 3493, 98
2026/08/10 13:53:08.704, 1, 4811, 92
2026/08/10 13:53:09.784, 0, 5893, 0
2026/08/10 13:53:09.786, 1, 4875, 96
2026/08/10 13:53:10.847, 0, 4165, 0
2026/08/10 13:53:10.850, 1, 5067, 100
2026/08/10 13:53:11.931, 0, 5605, 72
2026/08/10 13:53:11.936, 1, 5387, 56
2026/08/10 13:53:13.008, 0, 3397, 70
2026/08/10 13:53:13.015, 1, 5387, 100
2026/08/10 13:53:14.087, 0, 3525, 87
2026/08/10 13:53:14.097, 1, 6315, 72
2026/08/10 13:53:15.185, 0, 3973, 80
2026/08/10 13:53:15.188, 1, 4523, 92
2026/08/10 13:53:16.286, 0, 3461, 88
2026/08/10 13:53:16.291, 1, 5579, 99
2026/08/10 13:53:17.371, 0, 3109, 100
2026/08/10 13:53:17.378, 1, 6187, 87
2026/08/10 13:53:18.483, 0, 5637, 69
2026/08/10 13:53:18.489, 1, 5451, 76
2026/08/10 13:53:19.577, 0, 3877, 33
2026/08/10 13:53:19.580, 1, 6187, 74
2026/08/10 13:53:20.675, 0, 4965, 88
2026/08/10 13:53:20.681, 1, 5483, 97
2026/08/10 13:53:21.771, 0, 4869, 82
2026/08/10 13:53:21.778, 1, 4363, 79
2026/08/10 13:53:22.862, 0, 6501, 47
2026/08/10 13:53:22.867, 1, 5067, 97
2026/08/10 13:53:23.932, 0, 4037, 82
2026/08/10 13:53:23.936, 1, 6443, 7
2026/08/10 13:53:25.000, 0, 5413, 100
2026/08/10 13:53:25.002, 1, 6411, 67
2026/08/10 13:53:26.079, 0, 3109, 81
2026/08/10 13:53:26.085, 1, 7435, 20
2026/08/10 13:53:27.187, 0, 3429, 100
2026/08/10 13:53:27.190, 1, 5963, 100
2026/08/10 13:53:28.302, 0, 3205, 49
2026/08/10 13:53:28.312, 1, 4171, 93
2026/08/10 13:53:29.394, 0, 7077, 75
2026/08/10 13:53:29.397, 1, 8363, 45
2026/08/10 13:53:30.466, 0, 2981, 84
2026/08/10 13:53:30.473, 1, 5195, 89
2026/08/10 13:53:31.568, 0, 3685, 59
2026/08/10 13:53:31.571, 1, 4651, 95
2026/08/10 13:53:32.670, 0, 7493, 100
2026/08/10 13:53:32.675, 1, 6443, 75
2026/08/10 13:53:33.748, 0, 3077, 65
2026/08/10 13:53:33.751, 1, 6411, 97
2026/08/10 13:53:34.842, 0, 4805, 18
2026/08/10 13:53:34.847, 1, 5611, 91
2026/08/10 13:53:35.932, 0, 6949, 16
2026/08/10 13:53:35.936, 1, 7211, 100
2026/08/10 13:53:37.007, 0, 5573, 100
2026/08/10 13:53:37.010, 1, 8523, 100
2026/08/10 13:53:38.094, 0, 5285, 100
2026/08/10 13:53:38.098, 1, 4267, 75
2026/08/10 13:53:39.175, 0, 5637, 89
2026/08/10 13:53:39.181, 1, 6091, 95
2026/08/10 13:53:40.253, 0, 5381, 100
2026/08/10 13:53:40.255, 1, 4427, 1
2026/08/10 13:53:41.305, 0, 5957, 100
2026/08/10 13:53:41.308, 1, 6955, 13
2026/08/10 13:53:42.361, 0, 5797, 90
2026/08/10 13:53:42.368, 1, 7979, 82
2026/08/10 13:53:43.426, 0, 4165, 100
2026/08/10 13:53:43.430, 1, 6347, 98
2026/08/10 13:53:44.503, 0, 3493, 99
2026/08/10 13:53:44.510, 1, 6379, 96
2026/08/10 13:53:45.600, 0, 3205, 82
2026/08/10 13:53:45.603, 1, 4235, 90
2026/08/10 13:53:46.697, 0, 3013, 85
2026/08/10 13:53:46.702, 1, 4235, 71
2026/08/10 13:53:47.790, 0, 3717, 73
2026/08/10 13:53:47.793, 1, 8395, 100
2026/08/10 13:53:48.864, 0, 6245, 100
2026/08/10 13:53:48.867, 1, 7851, 88
2026/08/10 13:53:49.935, 0, 4133, 0
2026/08/10 13:53:49.939, 1, 10379, 83
2026/08/10 13:53:50.996, 0, 4901, 95
2026/08/10 13:53:51.003, 1, 7115, 100
2026/08/10 13:53:52.105, 0, 2821, 35
2026/08/10 13:53:52.111, 1, 6443, 96
2026/08/10 13:53:53.214, 0, 3525, 86
2026/08/10 13:53:53.217, 1, 4971, 99
2026/08/10 13:53:54.298, 0, 6789, 43
2026/08/10 13:53:54.301, 1, 8875, 95
2026/08/10 13:53:55.361, 0, 5797, 100
2026/08/10 13:53:55.364, 1, 6347, 81
2026/08/10 13:53:56.415, 0, 9957, 100
2026/08/10 13:53:56.418, 1, 6795, 49
2026/08/10 13:53:57.492, 0, 3877, 100
2026/08/10 13:53:57.495, 1, 6539, 39
2026/08/10 13:53:58.563, 0, 6597, 100
2026/08/10 13:53:58.567, 1, 6539, 12
2026/08/10 13:53:59.622, 0, 7013, 100
2026/08/10 13:53:59.625, 1, 5323, 0
2026/08/10 13:54:00.721, 0, 2661, 95
2026/08/10 13:54:00.728, 1, 4683, 80
2026/08/10 13:54:01.810, 0, 3557, 97
2026/08/10 13:54:01.817, 1, 4171, 68
2026/08/10 13:54:02.890, 0, 2789, 83
2026/08/10 13:54:02.894, 1, 7211, 83
2026/08/10 13:54:03.948, 0, 5509, 86
2026/08/10 13:54:03.955, 1, 5387, 100
2026/08/10 13:54:05.027, 0, 6629, 7
2026/08/10 13:54:05.030, 1, 5067, 93
2026/08/10 13:54:06.080, 0, 2693, 69
2026/08/10 13:54:06.083, 1, 5419, 84
2026/08/10 13:54:07.172, 0, 2469, 39
2026/08/10 13:54:07.175, 1, 5611, 94
2026/08/10 13:54:08.256, 0, 5093, 92
2026/08/10 13:54:08.259, 1, 4619, 90
2026/08/10 13:54:09.329, 0, 4741, 76
2026/08/10 13:54:09.333, 1, 6539, 1
2026/08/10 13:54:10.390, 0, 5285, 96
2026/08/10 13:54:10.394, 1, 6219, 79
2026/08/10 13:54:11.454, 0, 3429, 97
2026/08/10 13:54:11.459, 1, 4555, 100
2026/08/10 13:54:12.538, 0, 3237, 8
2026/08/10 13:54:12.544, 1, 4683, 81
2026/08/10 13:54:13.613, 0, 3141, 20
2026/08/10 13:54:13.620, 1, 4939, 100
2026/08/10 13:54:14.676, 0, 5413, 100
2026/08/10 13:54:14.681, 1, 4747, 13
2026/08/10 13:54:15.750, 0, 5669, 87
2026/08/10 13:54:15.753, 1, 6091, 100
2026/08/10 13:54:16.832, 0, 6053, 99
2026/08/10 13:54:16.836, 1, 9995, 100
2026/08/10 13:54:17.910, 0, 7269, 92
2026/08/10 13:54:17.913, 1, 5035, 13
2026/08/10 13:54:18.985, 0, 8229, 100
2026/08/10 13:54:18.995, 1, 7019, 99
2026/08/10 13:54:20.101, 0, 5829, 93
2026/08/10 13:54:20.109, 1, 7595, 94
2026/08/10 13:54:21.215, 0, 3461, 84
2026/08/10 13:54:21.222, 1, 4779, 83
2026/08/10 13:54:22.299, 0, 4197, 100
2026/08/10 13:54:22.308, 1, 4235, 22
2026/08/10 13:54:23.371, 0, 8165, 91
2026/08/10 13:54:23.375, 1, 4363, 31
2026/08/10 13:54:24.441, 0, 5477, 96
2026/08/10 13:54:24.448, 1, 6411, 92
2026/08/10 13:54:25.551, 0, 6757, 86
2026/08/10 13:54:25.556, 1, 5131, 1
2026/08/10 13:54:26.632, 0, 3845, 88
2026/08/10 13:54:26.638, 1, 5803, 83
2026/08/10 13:54:27.733, 0, 3717, 82
2026/08/10 13:54:27.737, 1, 6347, 40
2026/08/10 13:54:28.831, 0, 5477, 94
2026/08/10 13:54:28.837, 1, 4299, 90
2026/08/10 13:54:29.939, 0, 3653, 93
2026/08/10 13:54:29.944, 1, 4427, 73
2026/08/10 13:54:31.021, 0, 3621, 93
2026/08/10 13:54:31.027, 1, 4171, 98
2026/08/10 13:54:32.106, 0, 3237, 92
2026/08/10 13:54:32.112, 1, 4171, 85
2026/08/10 13:54:33.202, 0, 3173, 80
2026/08/10 13:54:33.205, 1, 5611, 98
2026/08/10 13:54:34.293, 0, 3493, 49
2026/08/10 13:54:34.299, 1, 7243, 91
2026/08/10 13:54:35.391, 0, 8197, 57
2026/08/10 13:54:35.394, 1, 4427, 89
2026/08/10 13:54:36.455, 0, 2629, 41
2026/08/10 13:54:36.458, 1, 10219, 93
2026/08/10 13:54:37.565, 0, 4805, 100
2026/08/10 13:54:37.574, 1, 4587, 47
2026/08/10 13:54:38.659, 0, 4741, 93
2026/08/10 13:54:38.662, 1, 4779, 68
2026/08/10 13:54:39.752, 0, 5381, 75
2026/08/10 13:54:39.758, 1, 5323, 10
2026/08/10 13:54:40.837, 0, 3429, 79
2026/08/10 13:54:40.840, 1, 4619, 56
2026/08/10 13:54:41.915, 0, 4677, 75
2026/08/10 13:54:41.917, 1, 5003, 84
2026/08/10 13:54:42.988, 0, 5221, 84
2026/08/10 13:54:42.992, 1, 5003, 69
2026/08/10 13:54:44.085, 0, 5061, 100
2026/08/10 13:54:44.089, 1, 4907, 65
2026/08/10 13:54:45.168, 0, 6053, 100
2026/08/10 13:54:45.176, 1, 8139, 73
2026/08/10 13:54:46.252, 0, 5509, 94
2026/08/10 13:54:46.262, 1, 6923, 86
2026/08/10 13:54:47.387, 0, 3557, 84
2026/08/10 13:54:47.389, 1, 8299, 73
2026/08/10 13:54:48.466, 0, 8485, 4
2026/08/10 13:54:48.469, 1, 5803, 87
2026/08/10 13:54:49.519, 0, 8485, 6
2026/08/10 13:54:49.522, 1, 7883, 89
2026/08/10 13:54:50.584, 0, 5541, 19
2026/08/10 13:54:50.588, 1, 8555, 95
2026/08/10 13:54:51.633, 0, 5157, 78
2026/08/10 13:54:51.636, 1, 8555, 9
2026/08/10 13:54:52.707, 0, 4805, 98
2026/08/10 13:54:52.714, 1, 8555, 14
2026/08/10 13:54:53.784, 0, 4581, 97
2026/08/10 13:54:53.788, 1, 8555, 0
2026/08/10 13:54:54.839, 0, 4805, 45
2026/08/10 13:54:54.844, 1, 8555, 0
2026/08/10 13:54:55.908, 0, 6181, 100
2026/08/10 13:54:55.914, 1, 8555, 0
2026/08/10 13:54:56.993, 0, 4485, 95
2026/08/10 13:54:56.997, 1, 8555, 100
2026/08/10 13:54:58.068, 0, 6981, 94
2026/08/10 13:54:58.072, 1, 8555, 0
2026/08/10 13:54:59.146, 0, 6949, 100
2026/08/10 13:54:59.150, 1, 8555, 0
2026/08/10 13:55:00.230, 0, 6117, 100
2026/08/10 13:55:00.238, 1, 7979, 47
2026/08/10 13:55:01.324, 0, 3717, 86
2026/08/10 13:55:01.328, 1, 7339, 73
2026/08/10 13:55:02.418, 0, 4453, 73
2026/08/10 13:55:02.422, 1, 5003, 70
2026/08/10 13:55:03.522, 0, 6597, 87
2026/08/10 13:55:03.528, 1, 5483, 99
2026/08/10 13:55:04.627, 0, 3973, 100
2026/08/10 13:55:04.633, 1, 7307, 55
2026/08/10 13:55:05.709, 0, 3237, 74
2026/08/10 13:55:05.716, 1, 5995, 75
2026/08/10 13:55:06.788, 0, 6245, 97
2026/08/10 13:55:06.792, 1, 5963, 73
2026/08/10 13:55:07.844, 0, 10917, 60
2026/08/10 13:55:07.847, 1, 5835, 92
2026/08/10 13:55:08.918, 0, 3909, 26
2026/08/10 13:55:08.924, 1, 3883, 83
2026/08/10 13:55:09.996, 0, 3237, 43
2026/08/10 13:55:10.000, 1, 6187, 94
2026/08/10 13:55:11.070, 0, 7045, 100
2026/08/10 13:55:11.076, 1, 7211, 48
2026/08/10 13:55:12.155, 0, 6725, 100
2026/08/10 13:55:12.158, 1, 8491, 87
2026/08/10 13:55:13.241, 0, 4037, 85
2026/08/10 13:55:13.247, 1, 4651, 96
2026/08/10 13:55:14.322, 0, 4773, 100
2026/08/10 13:55:14.328, 1, 4523, 68
2026/08/10 13:55:15.419, 0, 6373, 100
2026/08/10 13:55:15.422, 1, 5483, 42
2026/08/10 13:55:16.478, 0, 7141, 64
2026/08/10 13:55:16.482, 1, 7531, 100
2026/08/10 13:55:17.532, 0, 5221, 40
2026/08/10 13:55:17.535, 1, 11019, 100
2026/08/10 13:55:18.605, 0, 5765, 100
2026/08/10 13:55:18.613, 1, 4395, 79
2026/08/10 13:55:19.695, 0, 3429, 95
2026/08/10 13:55:19.701, 1, 5963, 83
2026/08/10 13:55:20.787, 0, 3333, 75
2026/08/10 13:55:20.790, 1, 5291, 37
2026/08/10 13:55:21.863, 0, 6181, 100
2026/08/10 13:55:21.871, 1, 5515, 98
2026/08/10 13:55:22.963, 0, 3237, 100
2026/08/10 13:55:22.968, 1, 5547, 98
2026/08/10 13:55:24.064, 0, 4037, 100
2026/08/10 13:55:24.068, 1, 4331, 89
2026/08/10 13:55:25.139, 0, 3973, 24
2026/08/10 13:55:25.142, 1, 5323, 61
2026/08/10 13:55:26.202, 0, 5733, 84
2026/08/10 13:55:26.205, 1, 6123, 80
2026/08/10 13:55:27.294, 0, 7493, 83
2026/08/10 13:55:27.303, 1, 5867, 97
2026/08/10 13:55:28.400, 0, 4229, 79
2026/08/10 13:55:28.404, 1, 4075, 92
2026/08/10 13:55:29.496, 0, 3109, 24
2026/08/10 13:55:29.509, 1, 6347, 91
2026/08/10 13:55:30.592, 0, 7717, 7
2026/08/10 13:55:30.594, 1, 8491, 100
2026/08/10 13:55:31.647, 0, 6053, 93
2026/08/10 13:55:31.651, 1, 8683, 100
2026/08/10 13:55:32.699, 0, 4549, 70
2026/08/10 13:55:32.705, 1, 5003, 100
2026/08/10 13:55:33.786, 0, 6597, 100
2026/08/10 13:55:33.790, 1, 6283, 58
2026/08/10 13:55:34.845, 0, 6117, 100
2026/08/10 13:55:34.848, 1, 7051, 92
2026/08/10 13:55:35.906, 0, 7013, 84
2026/08/10 13:55:35.909, 1, 6859, 94
2026/08/10 13:55:36.989, 0, 3461, 92
2026/08/10 13:55:36.993, 1, 5835, 89
2026/08/10 13:55:38.081, 0, 3621, 99
2026/08/10 13:55:38.084, 1, 4619, 100
2026/08/10 13:55:39.183, 0, 3589, 73
2026/08/10 13:55:39.188, 1, 5291, 62
2026/08/10 13:55:40.246, 0, 3397, 73
2026/08/10 13:55:40.252, 1, 6059, 84
2026/08/10 13:55:41.353, 0, 4069, 99
2026/08/10 13:55:41.356, 1, 4939, 93
2026/08/10 13:55:42.458, 0, 4837, 87
2026/08/10 13:55:42.463, 1, 4843, 100
2026/08/10 13:55:43.519, 0, 5605, 98
2026/08/10 13:55:43.522, 1, 7819, 98
2026/08/10 13:55:44.570, 0, 6629, 87
2026/08/10 13:55:44.572, 1, 7147, 76
2026/08/10 13:55:45.664, 0, 4805, 100
2026/08/10 13:55:45.670, 1, 7787, 100
2026/08/10 13:55:46.724, 0, 4901, 100
2026/08/10 13:55:46.727, 1, 9835, 100
2026/08/10 13:55:47.797, 0, 6693, 95
2026/08/10 13:55:47.801, 1, 7563, 77
2026/08/10 13:55:48.852, 0, 3557, 15
2026/08/10 13:55:48.855, 1, 7083, 91
2026/08/10 13:55:49.916, 0, 5605, 0
2026/08/10 13:55:49.919, 1, 13003, 64
2026/08/10 13:55:50.984, 0, 4997, 9
2026/08/10 13:55:50.990, 1, 5323, 92
2026/08/10 13:55:52.089, 0, 5061, 95
2026/08/10 13:55:52.093, 1, 4427, 48
2026/08/10 13:55:53.161, 0, 5317, 85
2026/08/10 13:55:53.165, 1, 7019, 80
2026/08/10 13:55:54.223, 0, 3301, 100
2026/08/10 13:55:54.226, 1, 5547, 63
2026/08/10 13:55:55.284, 0, 3717, 89
2026/08/10 13:55:55.288, 1, 4779, 88
2026/08/10 13:55:56.366, 0, 7781, 100
2026/08/10 13:55:56.374, 1, 4555, 2
2026/08/10 13:55:57.445, 0, 3589, 93
2026/08/10 13:55:57.448, 1, 9099, 68
2026/08/10 13:55:58.515, 0, 3653, 91
2026/08/10 13:55:58.518, 1, 7275, 94
2026/08/10 13:55:59.580, 0, 4293, 100
2026/08/10 13:55:59.584, 1, 6155, 95
2026/08/10 13:56:00.632, 0, 9701, 100
2026/08/10 13:56:00.635, 1, 6411, 23
2026/08/10 13:56:01.723, 0, 3685, 59
2026/08/10 13:56:01.726, 1, 6091, 54
2026/08/10 13:56:02.826, 0, 3973, 32
2026/08/10 13:56:02.829, 1, 5899, 71
2026/08/10 13:56:03.916, 0, 5925, 82
2026/08/10 13:56:03.920, 1, 6443, 90
2026/08/10 13:56:04.980, 0, 8389, 83
2026/08/10 13:56:04.983, 1, 6795, 100
2026/08/10 13:56:06.054, 0, 5317, 98
2026/08/10 13:56:06.060, 1, 6635, 100
2026/08/10 13:56:07.119, 0, 3877, 55
2026/08/10 13:56:07.121, 1, 6283, 100
2026/08/10 13:56:08.203, 0, 3589, 24
2026/08/10 13:56:08.210, 1, 4491, 94
2026/08/10 13:56:09.281, 0, 8805, 78
2026/08/10 13:56:09.283, 1, 7051, 98
2026/08/10 13:56:10.348, 0, 2885, 77
2026/08/10 13:56:10.351, 1, 4747, 92
2026/08/10 13:56:11.400, 0, 4517, 90
2026/08/10 13:56:11.403, 1, 5611, 57
2026/08/10 13:56:12.475, 0, 3941, 93
2026/08/10 13:56:12.481, 1, 4299, 86
2026/08/10 13:56:13.535, 0, 5637, 100
2026/08/10 13:56:13.538, 1, 8939, 87
2026/08/10 13:56:14.584, 0, 3909, 100
2026/08/10 13:56:14.587, 1, 6699, 78
2026/08/10 13:56:15.632, 0, 3685, 97
2026/08/10 13:56:15.635, 1, 7435, 94
2026/08/10 13:56:16.686, 0, 4645, 67
2026/08/10 13:56:16.689, 1, 6731, 68
2026/08/10 13:56:17.735, 0, 3845, 21
2026/08/10 13:56:17.738, 1, 4779, 60
2026/08/10 13:56:18.788, 0, 3301, 24
2026/08/10 13:56:18.792, 1, 4779, 82
2026/08/10 13:56:19.845, 0, 5829, 92
2026/08/10 13:56:19.849, 1, 5099, 91
2026/08/10 13:56:20.897, 0, 3173, 82
2026/08/10 13:56:20.901, 1, 4267, 84
2026/08/10 13:56:21.972, 0, 4101, 84
2026/08/10 13:56:21.979, 1, 4651, 100
2026/08/10 13:56:23.047, 0, 3813, 100
2026/08/10 13:56:23.050, 1, 4715, 82
2026/08/10 13:56:24.098, 0, 5509, 84
2026/08/10 13:56:24.101, 1, 4715, 99
2026/08/10 13:56:25.157, 0, 3141, 87
2026/08/10 13:56:25.160, 1, 5451, 100
2026/08/10 13:56:26.215, 0, 4069, 100
2026/08/10 13:56:26.218, 1, 7019, 87
2026/08/10 13:56:27.284, 0, 3141, 100
2026/08/10 13:56:27.290, 1, 6251, 44
2026/08/10 13:56:28.398, 0, 2917, 97
2026/08/10 13:56:28.402, 1, 4395, 93
2026/08/10 13:56:29.501, 0, 3781, 91
2026/08/10 13:56:29.511, 1, 4555, 100
2026/08/10 13:56:30.609, 0, 3205, 52
2026/08/10 13:56:30.612, 1, 4779, 100
2026/08/10 13:56:31.697, 0, 3013, 37
2026/08/10 13:56:31.703, 1, 4523, 100
2026/08/10 13:56:32.807, 0, 3077, 90
2026/08/10 13:56:32.814, 1, 4715, 96
2026/08/10 13:56:33.913, 0, 3205, 98
2026/08/10 13:56:33.917, 1, 6251, 75
2026/08/10 13:56:34.963, 0, 5189, 95
2026/08/10 13:56:34.966, 1, 7627, 4
2026/08/10 13:56:36.047, 0, 4261, 68
2026/08/10 13:56:36.053, 1, 7307, 81
2026/08/10 13:56:37.114, 0, 4261, 0
2026/08/10 13:56:37.117, 1, 6123, 100
2026/08/10 13:56:38.170, 0, 4261, 0
2026/08/10 13:56:38.173, 1, 6155, 100
2026/08/10 13:56:39.218, 0, 4901, 0
2026/08/10 13:56:39.221, 1, 10251, 100
2026/08/10 13:56:40.275, 0, 4901, 0
2026/08/10 13:56:40.277, 1, 7339, 100
2026/08/10 13:56:41.328, 0, 4901, 0
2026/08/10 13:56:41.333, 1, 6635, 95
2026/08/10 13:56:42.390, 0, 8997, 43
2026/08/10 13:56:42.394, 1, 5291, 80
2026/08/10 13:56:43.445, 0, 8997, 100
2026/08/10 13:56:43.449, 1, 11563, 100
2026/08/10 13:56:44.515, 0, 8997, 14
2026/08/10 13:56:44.518, 1, 5707, 98
2026/08/10 13:56:45.562, 0, 8997, 13
2026/08/10 13:56:45.564, 1, 6315, 100
2026/08/10 13:56:46.607, 0, 8997, 0
2026/08/10 13:56:46.609, 1, 11915, 84
2026/08/10 13:56:47.651, 0, 8997, 6
2026/08/10 13:56:47.653, 1, 5515, 75
2026/08/10 13:56:48.699, 0, 8997, 0
2026/08/10 13:56:48.701, 1, 6539, 100
2026/08/10 13:56:49.766, 0, 3973, 59
2026/08/10 13:56:49.769, 1, 6443, 100
2026/08/10 13:56:50.831, 0, 6341, 73
2026/08/10 13:56:50.833, 1, 6443, 72
2026/08/10 13:56:51.892, 0, 5285, 34
2026/08/10 13:56:51.894, 1, 6763, 61
2026/08/10 13:56:52.939, 0, 7333, 64
2026/08/10 13:56:52.942, 1, 5003, 97
2026/08/10 13:56:53.992, 0, 5189, 8
2026/08/10 13:56:53.995, 1, 7275, 98
2026/08/10 13:56:55.064, 0, 2789, 74
2026/08/10 13:56:55.071, 1, 4747, 100
2026/08/10 13:56:56.128, 0, 3653, 96
2026/08/10 13:56:56.131, 1, 5099, 95
2026/08/10 13:56:57.229, 0, 2949, 49
2026/08/10 13:56:57.239, 1, 6091, 100
2026/08/10 13:56:58.327, 0, 3813, 96
2026/08/10 13:56:58.330, 1, 5291, 89
2026/08/10 13:56:59.417, 0, 4325, 100
2026/08/10 13:56:59.425, 1, 5035, 31
2026/08/10 13:57:00.520, 0, 4869, 79
2026/08/10 13:57:00.524, 1, 4779, 95
2026/08/10 13:57:01.581, 0, 5285, 96
2026/08/10 13:57:01.584, 1, 5227, 77
2026/08/10 13:57:02.631, 0, 11557, 100
2026/08/10 13:57:02.633, 1, 11883, 98
2026/08/10 13:57:03.706, 0, 5221, 92
2026/08/10 13:57:03.710, 1, 5323, 80
2026/08/10 13:57:04.756, 0, 6053, 97
2026/08/10 13:57:04.758, 1, 7531, 100
2026/08/10 13:57:05.801, 0, 3141, 81
2026/08/10 13:57:05.804, 1, 4683, 94
2026/08/10 13:57:06.850, 0, 4389, 61
2026/08/10 13:57:06.853, 1, 4331, 98
2026/08/10 13:57:07.907, 0, 3301, 23
2026/08/10 13:57:07.910, 1, 4491, 97
2026/08/10 13:57:08.975, 0, 5093, 86
2026/08/10 13:57:08.983, 1, 4235, 77
2026/08/10 13:57:10.074, 0, 5253, 99
2026/08/10 13:57:10.081, 1, 6283, 86
2026/08/10 13:57:11.156, 0, 6597, 83
2026/08/10 13:57:11.160, 1, 7499, 84
2026/08/10 13:57:12.255, 0, 3557, 80
2026/08/10 13:57:12.261, 1, 4779, 69
2026/08/10 13:57:13.358, 0, 5701, 87
2026/08/10 13:57:13.364, 1, 6539, 98
2026/08/10 13:57:14.418, 0, 3941, 100
2026/08/10 13:57:14.421, 1, 10571, 31
2026/08/10 13:57:15.505, 0, 3333, 83
2026/08/10 13:57:15.508, 1, 4971, 86
2026/08/10 13:57:16.584, 0, 4069, 100
2026/08/10 13:57:16.586, 1, 5579, 68
2026/08/10 13:57:17.634, 0, 4069, 48
2026/08/10 13:57:17.637, 1, 6411, 100
2026/08/10 13:57:18.686, 0, 7045, 0
2026/08/10 13:57:18.688, 1, 10251, 100
2026/08/10 13:57:19.731, 0, 7045, 11
2026/08/10 13:57:19.734, 1, 7851, 39
2026/08/10 13:57:20.778, 0, 3077, 0
2026/08/10 13:57:20.786, 1, 6859, 100
2026/08/10 13:57:21.865, 0, 7205, 100
2026/08/10 13:57:21.874, 1, 7563, 100
2026/08/10 13:57:22.948, 0, 6373, 100
2026/08/10 13:57:22.950, 1, 8075, 100
2026/08/10 13:57:24.002, 0, 5381, 9
2026/08/10 13:57:24.006, 1, 4779, 95
2026/08/10 13:57:25.079, 0, 4293, 100
2026/08/10 13:57:25.088, 1, 5771, 66
2026/08/10 13:57:26.157, 0, 7461, 81
2026/08/10 13:57:26.160, 1, 8139, 94
2026/08/10 13:57:27.227, 0, 3301, 0
2026/08/10 13:57:27.230, 1, 4107, 100
2026/08/10 13:57:28.283, 0, 5925, 97
2026/08/10 13:57:28.285, 1, 6923, 100
2026/08/10 13:57:29.364, 0, 2821, 100
2026/08/10 13:57:29.374, 1, 5355, 90
2026/08/10 13:57:30.446, 0, 5189, 100
2026/08/10 13:57:30.450, 1, 4267, 66
2026/08/10 13:57:31.544, 0, 3557, 0
2026/08/10 13:57:31.552, 1, 4363, 78
2026/08/10 13:57:32.665, 0, 3365, 8
2026/08/10 13:57:32.669, 1, 6667, 93
2026/08/10 13:57:33.722, 0, 4357, 100
2026/08/10 13:57:33.724, 1, 7051, 81
2026/08/10 13:57:34.784, 0, 3717, 91
2026/08/10 13:57:34.787, 1, 5291, 61
2026/08/10 13:57:35.878, 0, 2789, 95
2026/08/10 13:57:35.881, 1, 4587, 76
2026/08/10 13:57:36.930, 0, 4837, 67
2026/08/10 13:57:36.933, 1, 7499, 100
2026/08/10 13:57:37.978, 0, 3045, 54
2026/08/10 13:57:37.980, 1, 4683, 27
2026/08/10 13:57:39.038, 0, 6117, 77
2026/08/10 13:57:39.041, 1, 6923, 52
2026/08/10 13:57:40.102, 0, 7461, 67
2026/08/10 13:57:40.105, 1, 10667, 76
2026/08/10 13:57:41.215, 0, 3621, 6
2026/08/10 13:57:41.223, 1, 4779, 42
2026/08/10 13:57:42.293, 0, 8549, 74
2026/08/10 13:57:42.296, 1, 8203, 98
2026/08/10 13:57:43.363, 0, 4709, 66
2026/08/10 13:57:43.367, 1, 4555, 68
2026/08/10 13:57:44.440, 0, 3525, 96
2026/08/10 13:57:44.449, 1, 7403, 100
2026/08/10 13:57:45.529, 0, 3589, 34
2026/08/10 13:57:45.532, 1, 6411, 100
2026/08/10 13:57:46.613, 0, 5797, 90
2026/08/10 13:57:46.623, 1, 5675, 100
2026/08/10 13:57:47.699, 0, 5637, 95
2026/08/10 13:57:47.702, 1, 5931, 100
2026/08/10 13:57:48.766, 0, 6661, 100
2026/08/10 13:57:48.768, 1, 5099, 54
2026/08/10 13:57:49.851, 0, 3333, 80
2026/08/10 13:57:49.858, 1, 4139, 85
2026/08/10 13:57:50.958, 0, 4133, 69
2026/08/10 13:57:50.964, 1, 4939, 82
2026/08/10 13:57:52.059, 0, 5541, 98
2026/08/10 13:57:52.066, 1, 5899, 43
2026/08/10 13:57:53.153, 0, 4677, 81
2026/08/10 13:57:53.159, 1, 6443, 85
2026/08/10 13:57:54.222, 0, 4037, 37
2026/08/10 13:57:54.225, 1, 5739, 100
2026/08/10 13:57:55.312, 0, 3589, 66
2026/08/10 13:57:55.315, 1, 5611, 100
2026/08/10 13:57:56.369, 0, 9637, 100
2026/08/10 13:57:56.372, 1, 10475, 95
2026/08/10 13:57:57.428, 0, 10085, 50
2026/08/10 13:57:57.432, 1, 6859, 0
2026/08/10 13:57:58.489, 0, 5733, 82
2026/08/10 13:57:58.493, 1, 5387, 88
2026/08/10 13:57:59.543, 0, 5765, 100
2026/08/10 13:57:59.546, 1, 7435, 68
2026/08/10 13:58:00.618, 0, 4229, 80
2026/08/10 13:58:00.622, 1, 6731, 89
2026/08/10 13:58:01.680, 0, 6693, 100
2026/08/10 13:58:01.682, 1, 9963, 96
2026/08/10 13:58:02.724, 0, 8229, 89
2026/08/10 13:58:02.727, 1, 5259, 63
2026/08/10 13:58:03.773, 0, 8165, 61
2026/08/10 13:58:03.777, 1, 11403, 99
2026/08/10 13:58:04.820, 0, 4581, 78
2026/08/10 13:58:04.822, 1, 5451, 59
2026/08/10 13:58:05.886, 0, 3653, 100
2026/08/10 13:58:05.889, 1, 5067, 69
2026/08/10 13:58:06.958, 0, 5221, 100
2026/08/10 13:58:06.966, 1, 7307, 58
2026/08/10 13:58:08.015, 0, 5253, 96
2026/08/10 13:58:08.017, 1, 6987, 93
2026/08/10 13:58:09.080, 0, 3397, 33
2026/08/10 13:58:09.085, 1, 4587, 79
2026/08/10 13:58:10.166, 0, 2629, 100
2026/08/10 13:58:10.170, 1, 4491, 18
2026/08/10 13:58:11.255, 0, 8133, 7
2026/08/10 13:58:11.262, 1, 6475, 86
2026/08/10 13:58:12.350, 0, 3621, 98
2026/08/10 13:58:12.358, 1, 5419, 93
2026/08/10 13:58:13.448, 0, 2725, 18
2026/08/10 13:58:13.452, 1, 4171, 73
2026/08/10 13:58:14.520, 0, 3077, 0
2026/08/10 13:58:14.528, 1, 7051, 84
2026/08/10 13:58:15.585, 0, 4005, 100
2026/08/10 13:58:15.588, 1, 5323, 76
2026/08/10 13:58:16.635, 0, 5061, 91
2026/08/10 13:58:16.639, 1, 5451, 100
2026/08/10 13:58:17.684, 0, 5829, 90
2026/08/10 13:58:17.687, 1, 6219, 67
2026/08/10 13:58:18.753, 0, 3397, 58
2026/08/10 13:58:18.756, 1, 4747, 93
2026/08/10 13:58:19.831, 0, 4293, 100
2026/08/10 13:58:19.840, 1, 7563, 100
2026/08/10 13:58:20.913, 0, 6917, 100
2026/08/10 13:58:20.921, 1, 6251, 30
2026/08/10 13:58:21.990, 0, 5093, 95
2026/08/10 13:58:22.001, 1, 6923, 15
2026/08/10 13:58:23.072, 0, 5125, 95
2026/08/10 13:58:23.074, 1, 7979, 89
2026/08/10 13:58:24.116, 0, 5509, 52
2026/08/10 13:58:24.119, 1, 6187, 100
2026/08/10 13:58:25.163, 0, 3813, 45
2026/08/10 13:58:25.166, 1, 5931, 100
2026/08/10 13:58:26.212, 0, 3525, 79
2026/08/10 13:58:26.214, 1, 5995, 70
2026/08/10 13:58:27.257, 0, 3813, 100
2026/08/10 13:58:27.261, 1, 5387, 100
2026/08/10 13:58:28.305, 0, 5477, 94
2026/08/10 13:58:28.308, 1, 5739, 93
2026/08/10 13:58:29.355, 0, 3589, 0
2026/08/10 13:58:29.358, 1, 5419, 23
2026/08/10 13:58:30.404, 0, 5093, 1
2026/08/10 13:58:30.406, 1, 7755, 100
2026/08/10 13:58:31.449, 0, 5125, 100
2026/08/10 13:58:31.451, 1, 6187, 90
2026/08/10 13:58:32.495, 0, 4997, 100
2026/08/10 13:58:32.498, 1, 4875, 75
2026/08/10 13:58:33.545, 0, 4613, 65
2026/08/10 13:58:33.548, 1, 5643, 97
2026/08/10 13:58:34.593, 0, 5285, 84
2026/08/10 13:58:34.597, 1, 4939, 7
2026/08/10 13:58:35.644, 0, 3429, 77
2026/08/10 13:58:35.647, 1, 6603, 99
2026/08/10 13:58:36.693, 0, 3301, 69
2026/08/10 13:58:36.696, 1, 4811, 88
2026/08/10 13:58:37.747, 0, 3397, 66
2026/08/10 13:58:37.752, 1, 5003, 100
2026/08/10 13:58:38.799, 0, 5957, 84
2026/08/10 13:58:38.801, 1, 7851, 100
2026/08/10 13:58:39.843, 0, 3717, 91
2026/08/10 13:58:39.845, 1, 5675, 10
2026/08/10 13:58:40.887, 0, 6085, 81
2026/08/10 13:58:40.890, 1, 5643, 38
2026/08/10 13:58:41.934, 0, 4837, 48
2026/08/10 13:58:41.938, 1, 5771, 92
2026/08/10 13:58:42.981, 0, 3781, 26
2026/08/10 13:58:42.985, 1, 5163, 86
2026/08/10 13:58:44.028, 0, 4997, 71
2026/08/10 13:58:44.032, 1, 4907, 86
2026/08/10 13:58:45.080, 0, 4133, 43
2026/08/10 13:58:45.084, 1, 4843, 97
2026/08/10 13:58:46.132, 0, 4869, 100
2026/08/10 13:58:46.135, 1, 5579, 100
2026/08/10 13:58:47.178, 0, 6149, 98
2026/08/10 13:58:47.181, 1, 5099, 88
2026/08/10 13:58:48.245, 0, 4709, 45
2026/08/10 13:58:48.248, 1, 7499, 70
2026/08/10 13:58:49.295, 0, 4165, 100
2026/08/10 13:58:49.299, 1, 8203, 97
2026/08/10 13:58:50.354, 0, 6277, 58
2026/08/10 13:58:50.358, 1, 6443, 79
2026/08/10 13:58:51.425, 0, 3653, 69
2026/08/10 13:58:51.432, 1, 4779, 98
2026/08/10 13:58:52.519, 0, 8357, 66
2026/08/10 13:58:52.526, 1, 6795, 100
2026/08/10 13:58:53.622, 0, 4613, 98
2026/08/10 13:58:53.625, 1, 5675, 79
2026/08/10 13:58:54.690, 0, 6757, 100
2026/08/10 13:58:54.693, 1, 6795, 100
2026/08/10 13:58:55.735, 0, 3845, 85
2026/08/10 13:58:55.737, 1, 4811, 3
2026/08/10 13:58:56.780, 0, 4421, 77
2026/08/10 13:58:56.783, 1, 5931, 56
2026/08/10 13:58:57.826, 0, 4165, 91
2026/08/10 13:58:57.829, 1, 5035, 9
2026/08/10 13:58:58.873, 0, 4581, 100
2026/08/10 13:58:58.875, 1, 5035, 88
2026/08/10 13:58:59.919, 0, 3941, 96
2026/08/10 13:58:59.922, 1, 5835, 9
2026/08/10 13:59:00.966, 0, 4837, 20
2026/08/10 13:59:00.969, 1, 7499, 90
2026/08/10 13:59:02.035, 0, 6405, 100
2026/08/10 13:59:02.039, 1, 8043, 34
2026/08/10 13:59:03.098, 0, 4421, 41
2026/08/10 13:59:03.102, 1, 4811, 84
2026/08/10 13:59:04.184, 0, 3301, 100
2026/08/10 13:59:04.190, 1, 4555, 81
2026/08/10 13:59:05.258, 0, 3141, 100
2026/08/10 13:59:05.261, 1, 4235, 73
2026/08/10 13:59:06.313, 0, 3909, 81
2026/08/10 13:59:06.317, 1, 6699, 91
2026/08/10 13:59:07.383, 0, 3717, 0
2026/08/10 13:59:07.386, 1, 4683, 92
2026/08/10 13:59:08.434, 0, 3557, 94
2026/08/10 13:59:08.437, 1, 5163, 100
2026/08/10 13:59:09.487, 0, 3205, 100
2026/08/10 13:59:09.489, 1, 4587, 51
2026/08/10 13:59:10.535, 0, 3813, 18
2026/08/10 13:59:10.538, 1, 5259, 49
2026/08/10 13:59:11.609, 0, 5829, 0
2026/08/10 13:59:11.617, 1, 4587, 100
2026/08/10 13:59:12.717, 0, 2981, 79
2026/08/10 13:59:12.720, 1, 4683, 100
2026/08/10 13:59:13.825, 0, 3077, 88
2026/08/10 13:59:13.834, 1, 4363, 94
2026/08/10 13:59:14.927, 0, 2917, 96
2026/08/10 13:59:14.931, 1, 4619, 100
2026/08/10 13:59:15.997, 0, 2885, 100
2026/08/10 13:59:16.001, 1, 4363, 82
2026/08/10 13:59:17.077, 0, 5061, 100
2026/08/10 13:59:17.084, 1, 4203, 86
2026/08/10 13:59:18.162, 0, 5797, 98
2026/08/10 13:59:18.170, 1, 5579, 70
2026/08/10 13:59:19.276, 0, 3109, 90
2026/08/10 13:59:19.281, 1, 4395, 72
2026/08/10 13:59:20.369, 0, 7141, 100
2026/08/10 13:59:20.373, 1, 4843, 11
2026/08/10 13:59:21.424, 0, 6533, 100
2026/08/10 13:59:21.427, 1, 6923, 65
2026/08/10 13:59:22.487, 0, 3557, 97
2026/08/10 13:59:22.491, 1, 7019, 92
2026/08/10 13:59:23.557, 0, 3717, 97
2026/08/10 13:59:23.565, 1, 5355, 93
2026/08/10 13:59:24.630, 0, 5445, 80
2026/08/10 13:59:24.632, 1, 5771, 89
2026/08/10 13:59:25.698, 0, 4389, 95
2026/08/10 13:59:25.700, 1, 6635, 70
2026/08/10 13:59:26.747, 0, 3845, 88
2026/08/10 13:59:26.750, 1, 6763, 63
2026/08/10 13:59:27.803, 0, 3173, 12
2026/08/10 13:59:27.807, 1, 4363, 100
2026/08/10 13:59:28.873, 0, 5829, 0
2026/08/10 13:59:28.877, 1, 4587, 98
2026/08/10 13:59:29.966, 0, 3237, 99
2026/08/10 13:59:29.970, 1, 4555, 100
2026/08/10 13:59:31.056, 0, 4965, 85
2026/08/10 13:59:31.059, 1, 4939, 66
2026/08/10 13:59:32.105, 0, 5957, 98
2026/08/10 13:59:32.108, 1, 6091, 92
2026/08/10 13:59:33.167, 0, 7333, 100
2026/08/10 13:59:33.170, 1, 6347, 25
2026/08/10 13:59:34.261, 0, 3557, 98
2026/08/10 13:59:34.264, 1, 5067, 96
2026/08/10 13:59:35.315, 0, 4869, 0
2026/08/10 13:59:35.318, 1, 7979, 95
2026/08/10 13:59:36.365, 0, 4293, 96
2026/08/10 13:59:36.369, 1, 5323, 100
2026/08/10 13:59:37.449, 0, 4229, 81
2026/08/10 13:59:37.457, 1, 4171, 69
2026/08/10 13:59:38.553, 0, 7621, 100
2026/08/10 13:59:38.560, 1, 8235, 100
2026/08/10 13:59:39.620, 0, 4549, 100
2026/08/10 13:59:39.623, 1, 6219, 100
2026/08/10 13:59:40.668, 0, 6693, 95
2026/08/10 13:59:40.671, 1, 5003, 88
2026/08/10 13:59:41.715, 0, 4197, 96
2026/08/10 13:59:41.717, 1, 5771, 100
2026/08/10 13:59:42.767, 0, 4997, 46
2026/08/10 13:59:42.770, 1, 4683, 86
2026/08/10 13:59:43.828, 0, 3173, 87
2026/08/10 13:59:43.831, 1, 4395, 98
2026/08/10 13:59:44.893, 0, 3557, 88
2026/08/10 13:59:44.898, 1, 5291, 95
2026/08/10 13:59:45.980, 0, 5349, 92
2026/08/10 13:59:45.984, 1, 4075, 90
2026/08/10 13:59:47.038, 0, 9125, 95
2026/08/10 13:59:47.040, 1, 7883, 88
2026/08/10 13:59:48.124, 0, 3717, 56
2026/08/10 13:59:48.129, 1, 4939, 74
2026/08/10 13:59:49.190, 0, 6789, 100
2026/08/10 13:59:49.198, 1, 7659, 81
2026/08/10 13:59:50.255, 0, 4229, 18
2026/08/10 13:59:50.257, 1, 6251, 100
2026/08/10 13:59:51.299, 0, 5765, 100
2026/08/10 13:59:51.302, 1, 6283, 100
2026/08/10 13:59:52.386, 0, 5157, 0
2026/08/10 13:59:52.390, 1, 8683, 58
2026/08/10 13:59:53.440, 0, 4005, 84
2026/08/10 13:59:53.443, 1, 5643, 61
2026/08/10 13:59:54.506, 0, 7365, 66
2026/08/10 13:59:54.508, 1, 10091, 82
2026/08/10 13:59:55.595, 0, 3685, 100
2026/08/10 13:59:55.598, 1, 5163, 93
2026/08/10 13:59:56.680, 0, 4709, 93
2026/08/10 13:59:56.686, 1, 6891, 99
2026/08/10 13:59:57.781, 0, 4485, 100
2026/08/10 13:59:57.788, 1, 5675, 83
2026/08/10 13:59:58.853, 0, 5477, 84
2026/08/10 13:59:58.857, 1, 5931, 72
2026/08/10 13:59:59.903, 0, 4645, 67
2026/08/10 13:59:59.906, 1, 6923, 32
2026/08/10 14:00:00.952, 0, 3429, 83
2026/08/10 14:00:00.955, 1, 4587, 100
2026/08/10 14:00:01.999, 0, 5829, 99
2026/08/10 14:00:02.002, 1, 5195, 100
2026/08/10 14:00:03.046, 0, 3589, 73
2026/08/10 14:00:03.049, 1, 5611, 96
2026/08/10 14:00:04.093, 0, 4101, 89
2026/08/10 14:00:04.096, 1, 5195, 100
2026/08/10 14:00:05.143, 0, 3781, 95
2026/08/10 14:00:05.146, 1, 4235, 87
2026/08/10 14:00:06.190, 0, 4485, 100
2026/08/10 14:00:06.193, 1, 6987, 100
2026/08/10 14:00:07.247, 0, 7813, 67
2026/08/10 14:00:07.255, 1, 5163, 100
2026/08/10 14:00:08.310, 0, 5829, 37
2026/08/10 14:00:08.312, 1, 6059, 67
2026/08/10 14:00:09.357, 0, 7141, 93
2026/08/10 14:00:09.360, 1, 5163, 100
2026/08/10 14:00:10.412, 0, 4773, 98
2026/08/10 14:00:10.416, 1, 4811, 67
2026/08/10 14:00:11.463, 0, 4485, 87
2026/08/10 14:00:11.466, 1, 6699, 77
2026/08/10 14:00:12.518, 0, 3333, 95
2026/08/10 14:00:12.521, 1, 4939, 44
2026/08/10 14:00:13.571, 0, 3429, 80
2026/08/10 14:00:13.574, 1, 5195, 98
2026/08/10 14:00:14.657, 0, 4549, 10
2026/08/10 14:00:14.661, 1, 4651, 60
2026/08/10 14:00:15.719, 0, 4997, 71
2026/08/10 14:00:15.723, 1, 6027, 88
2026/08/10 14:00:16.786, 0, 3077, 100
2026/08/10 14:00:16.792, 1, 5483, 80
2026/08/10 14:00:17.870, 0, 5573, 92
2026/08/10 14:00:17.873, 1, 6443, 47
2026/08/10 14:00:18.957, 0, 3781, 79
2026/08/10 14:00:18.965, 1, 4363, 1
2026/08/10 14:00:20.029, 0, 3589, 65
2026/08/10 14:00:20.032, 1, 5003, 72
2026/08/10 14:00:21.096, 0, 4773, 59
2026/08/10 14:00:21.099, 1, 7563, 88
2026/08/10 14:00:22.151, 0, 4517, 100
2026/08/10 14:00:22.158, 1, 6187, 71
2026/08/10 14:00:23.223, 0, 5669, 100
2026/08/10 14:00:23.227, 1, 6027, 76
2026/08/10 14:00:24.330, 0, 4965, 72
2026/08/10 14:00:24.333, 1, 7723, 83
2026/08/10 14:00:25.389, 0, 2949, 73
2026/08/10 14:00:25.395, 1, 4555, 100
2026/08/10 14:00:26.448, 0, 5413, 55
2026/08/10 14:00:26.451, 1, 8971, 99
2026/08/10 14:00:27.533, 0, 3973, 95
2026/08/10 14:00:27.542, 1, 4587, 86
2026/08/10 14:00:28.611, 0, 3333, 98
2026/08/10 14:00:28.614, 1, 5835, 80
2026/08/10 14:00:29.678, 0, 6725, 100
2026/08/10 14:00:29.681, 1, 9067, 100
2026/08/10 14:00:30.744, 0, 3077, 100
2026/08/10 14:00:30.747, 1, 3947, 100
2026/08/10 14:00:31.817, 0, 3557, 87
2026/08/10 14:00:31.820, 1, 4779, 92
2026/08/10 14:00:32.870, 0, 3813, 13
2026/08/10 14:00:32.874, 1, 4971, 81
2026/08/10 14:00:33.950, 0, 3045, 58
2026/08/10 14:00:33.956, 1, 10379, 98
2026/08/10 14:00:35.038, 0, 4101, 67
2026/08/10 14:00:35.042, 1, 5067, 99
2026/08/10 14:00:36.125, 0, 3109, 100
2026/08/10 14:00:36.131, 1, 4427, 99
2026/08/10 14:00:37.202, 0, 3493, 84
2026/08/10 14:00:37.206, 1, 5131, 0
2026/08/10 14:00:38.266, 0, 5701, 38
2026/08/10 14:00:38.273, 1, 7051, 60
2026/08/10 14:00:39.353, 0, 3237, 100
2026/08/10 14:00:39.356, 1, 7499, 100
2026/08/10 14:00:40.444, 0, 3365, 99
2026/08/10 14:00:40.451, 1, 6859, 74
2026/08/10 14:00:41.523, 0, 3653, 76
2026/08/10 14:00:41.530, 1, 3979, 80
2026/08/10 14:00:42.628, 0, 3589, 60
2026/08/10 14:00:42.635, 1, 5707, 100
2026/08/10 14:00:43.723, 0, 3941, 0
2026/08/10 14:00:43.728, 1, 6507, 96
2026/08/10 14:00:44.815, 0, 3909, 84
2026/08/10 14:00:44.821, 1, 4299, 100
2026/08/10 14:00:45.921, 0, 3205, 98
2026/08/10 14:00:45.924, 1, 4875, 95
2026/08/10 14:00:47.000, 0, 3173, 100
2026/08/10 14:00:47.004, 1, 5003, 90
2026/08/10 14:00:48.069, 0, 3461, 84
2026/08/10 14:00:48.076, 1, 4363, 87
2026/08/10 14:00:49.170, 0, 3269, 100
2026/08/10 14:00:49.173, 1, 4203, 4
2026/08/10 14:00:50.251, 0, 3525, 96
2026/08/10 14:00:50.254, 1, 4395, 6
2026/08/10 14:00:51.348, 0, 3269, 90
2026/08/10 14:00:51.357, 1, 3755, 38
2026/08/10 14:00:52.440, 0, 5349, 89
2026/08/10 14:00:52.444, 1, 5803, 88
2026/08/10 14:00:53.522, 0, 3973, 98
2026/08/10 14:00:53.528, 1, 6603, 91
2026/08/10 14:00:54.605, 0, 3557, 100
2026/08/10 14:00:54.608, 1, 4779, 97
2026/08/10 14:00:55.667, 0, 3973, 84
2026/08/10 14:00:55.670, 1, 4587, 52
2026/08/10 14:00:56.721, 0, 6373, 27
2026/08/10 14:00:56.725, 1, 8715, 100
2026/08/10 14:00:57.786, 0, 7333, 91
2026/08/10 14:00:57.790, 1, 4363, 100
2026/08/10 14:00:58.839, 0, 9253, 100
2026/08/10 14:00:58.842, 1, 7787, 100
2026/08/10 14:00:59.897, 0, 3205, 99
2026/08/10 14:00:59.903, 1, 4747, 76
2026/08/10 14:01:00.969, 0, 4037, 100
2026/08/10 14:01:00.972, 1, 4651, 84
2026/08/10 14:01:02.029, 0, 3109, 100
2026/08/10 14:01:02.032, 1, 4683, 77
2026/08/10 14:01:03.093, 0, 3013, 100
2026/08/10 14:01:03.103, 1, 4395, 34
2026/08/10 14:01:04.208, 0, 2981, 73
2026/08/10 14:01:04.214, 1, 4011, 51
2026/08/10 14:01:05.284, 0, 6245, 79
2026/08/10 14:01:05.286, 1, 8811, 100
2026/08/10 14:01:06.343, 0, 3525, 100
2026/08/10 14:01:06.347, 1, 4459, 75
2026/08/10 14:01:07.450, 0, 5829, 91
2026/08/10 14:01:07.457, 1, 4523, 99
2026/08/10 14:01:08.509, 0, 8293, 99
2026/08/10 14:01:08.511, 1, 9387, 100
2026/08/10 14:01:09.574, 0, 4325, 74
2026/08/10 14:01:09.582, 1, 7243, 94
2026/08/10 14:01:10.639, 0, 5381, 93
2026/08/10 14:01:10.642, 1, 8875, 97
2026/08/10 14:01:11.699, 0, 4997, 60
2026/08/10 14:01:11.702, 1, 4043, 0
2026/08/10 14:01:12.778, 0, 3525, 68
2026/08/10 14:01:12.783, 1, 5419, 96
2026/08/10 14:01:13.863, 0, 3013, 100
2026/08/10 14:01:13.876, 1, 3979, 95
2026/08/10 14:01:14.983, 0, 4901, 95
2026/08/10 14:01:14.985, 1, 4107, 100
2026/08/10 14:01:16.070, 0, 3205, 91
2026/08/10 14:01:16.073, 1, 6123, 68
2026/08/10 14:01:17.140, 0, 4869, 80
2026/08/10 14:01:17.143, 1, 5867, 88
2026/08/10 14:01:18.206, 0, 3589, 73
2026/08/10 14:01:18.209, 1, 7019, 100
2026/08/10 14:01:19.256, 0, 3365, 95
2026/08/10 14:01:19.259, 1, 5067, 100
2026/08/10 14:01:20.323, 0, 3333, 57
2026/08/10 14:01:20.327, 1, 4843, 94
2026/08/10 14:01:21.405, 0, 3493, 66
2026/08/10 14:01:21.407, 1, 4715, 11
2026/08/10 14:01:22.491, 0, 4773, 53
2026/08/10 14:01:22.495, 1, 4587, 52
2026/08/10 14:01:23.595, 0, 5925, 100
2026/08/10 14:01:23.602, 1, 5675, 76
2026/08/10 14:01:24.673, 0, 7621, 72
2026/08/10 14:01:24.676, 1, 7659, 100
2026/08/10 14:01:25.757, 0, 5477, 3
2026/08/10 14:01:25.761, 1, 8203, 11
2026/08/10 14:01:26.813, 0, 5701, 100
2026/08/10 14:01:26.817, 1, 5227, 96
2026/08/10 14:01:27.875, 0, 7301, 28
2026/08/10 14:01:27.878, 1, 4779, 93
2026/08/10 14:01:28.971, 0, 4197, 63
2026/08/10 14:01:28.973, 1, 4043, 77
2026/08/10 14:01:30.032, 0, 5413, 88
2026/08/10 14:01:30.034, 1, 8203, 96
2026/08/10 14:01:31.092, 0, 2949, 25
2026/08/10 14:01:31.095, 1, 7371, 77
2026/08/10 14:01:32.147, 0, 4133, 100
2026/08/10 14:01:32.150, 1, 5227, 100
2026/08/10 14:01:33.201, 0, 4805, 100
2026/08/10 14:01:33.204, 1, 5579, 89
2026/08/10 14:01:34.265, 0, 3781, 92
2026/08/10 14:01:34.273, 1, 5419, 88
2026/08/10 14:01:35.343, 0, 3301, 97
2026/08/10 14:01:35.350, 1, 4587, 30
2026/08/10 14:01:36.451, 0, 3397, 89
2026/08/10 14:01:36.459, 1, 4875, 40
2026/08/10 14:01:37.541, 0, 5061, 75
2026/08/10 14:01:37.548, 1, 4587, 95
2026/08/10 14:01:38.634, 0, 2789, 93
2026/08/10 14:01:38.638, 1, 6059, 100
2026/08/10 14:01:39.716, 0, 3333, 93
2026/08/10 14:01:39.719, 1, 4747, 93
2026/08/10 14:01:40.781, 0, 4965, 90
2026/08/10 14:01:40.783, 1, 6731, 95
2026/08/10 14:01:41.827, 0, 3973, 74
2026/08/10 14:01:41.830, 1, 4843, 100
2026/08/10 14:01:42.880, 0, 3877, 24
2026/08/10 14:01:42.883, 1, 4683, 97
2026/08/10 14:01:43.929, 0, 4293, 0
2026/08/10 14:01:43.932, 1, 4363, 73
2026/08/10 14:01:44.988, 0, 3141, 84
2026/08/10 14:01:44.992, 1, 4235, 99
2026/08/10 14:01:46.085, 0, 3045, 100
2026/08/10 14:01:46.094, 1, 4203, 77
2026/08/10 14:01:47.183, 0, 7973, 46
2026/08/10 14:01:47.185, 1, 6507, 39
2026/08/10 14:01:48.244, 0, 3877, 18
2026/08/10 14:01:48.247, 1, 7915, 97
2026/08/10 14:01:49.293, 0, 3525, 89
2026/08/10 14:01:49.296, 1, 5451, 100
2026/08/10 14:01:50.347, 0, 3493, 57
2026/08/10 14:01:50.351, 1, 4555, 57
2026/08/10 14:01:51.434, 0, 3685, 48
2026/08/10 14:01:51.438, 1, 4715, 85
2026/08/10 14:01:52.516, 0, 3493, 41
2026/08/10 14:01:52.525, 1, 4075, 78
2026/08/10 14:01:53.637, 0, 4677, 100
2026/08/10 14:01:53.643, 1, 5483, 61
2026/08/10 14:01:54.729, 0, 8613, 99
2026/08/10 14:01:54.739, 1, 5259, 100
2026/08/10 14:01:55.808, 0, 6405, 100
2026/08/10 14:01:55.811, 1, 6731, 46
2026/08/10 14:01:56.855, 0, 3333, 84
2026/08/10 14:01:56.858, 1, 4971, 28
2026/08/10 14:01:57.908, 0, 4229, 62
2026/08/10 14:01:57.911, 1, 6187, 24
2026/08/10 14:01:58.997, 0, 3653, 99
2026/08/10 14:01:59.005, 1, 6603, 75
2026/08/10 14:02:00.074, 0, 3813, 94
2026/08/10 14:02:00.078, 1, 5995, 89
2026/08/10 14:02:01.148, 0, 7429, 100
2026/08/10 14:02:01.150, 1, 7051, 80
2026/08/10 14:02:02.206, 0, 4453, 6
2026/08/10 14:02:02.209, 1, 4619, 100
2026/08/10 14:02:03.257, 0, 3109, 96
2026/08/10 14:02:03.260, 1, 4971, 88
2026/08/10 14:02:04.332, 0, 3205, 100
2026/08/10 14:02:04.341, 1, 6251, 86
2026/08/10 14:02:05.422, 0, 3397, 43
2026/08/10 14:02:05.430, 1, 4363, 51
2026/08/10 14:02:06.514, 0, 3013, 2
2026/08/10 14:02:06.517, 1, 5355, 94
2026/08/10 14:02:07.597, 0, 2853, 99
2026/08/10 14:02:07.607, 1, 4267, 100
2026/08/10 14:02:08.672, 0, 3493, 100
2026/08/10 14:02:08.675, 1, 4267, 87
2026/08/10 14:02:09.755, 0, 5861, 87
2026/08/10 14:02:09.758, 1, 4267, 98
2026/08/10 14:02:10.830, 0, 3973, 100
2026/08/10 14:02:10.836, 1, 6955, 73
2026/08/10 14:02:11.901, 0, 3589, 75
2026/08/10 14:02:11.904, 1, 4779, 100
2026/08/10 14:02:12.948, 0, 3237, 80
2026/08/10 14:02:12.950, 1, 5803, 36
2026/08/10 14:02:14.005, 0, 4741, 11
2026/08/10 14:02:14.009, 1, 5739, 75
2026/08/10 14:02:15.088, 0, 3493, 100
2026/08/10 14:02:15.094, 1, 4875, 83
2026/08/10 14:02:16.169, 0, 6181, 94
2026/08/10 14:02:16.172, 1, 7147, 90
2026/08/10 14:02:17.240, 0, 3749, 93
2026/08/10 14:02:17.243, 1, 7371, 68
2026/08/10 14:02:18.315, 0, 3461, 100
2026/08/10 14:02:18.318, 1, 6923, 89
2026/08/10 14:02:19.373, 0, 4261, 97
2026/08/10 14:02:19.376, 1, 4491, 98
2026/08/10 14:02:20.443, 0, 3525, 96
2026/08/10 14:02:20.448, 1, 5515, 89
2026/08/10 14:02:21.530, 0, 3397, 97
2026/08/10 14:02:21.538, 1, 4715, 78
2026/08/10 14:02:22.632, 0, 3461, 100
2026/08/10 14:02:22.640, 1, 4843, 57
2026/08/10 14:02:23.699, 0, 8741, 96
2026/08/10 14:02:23.701, 1, 9995, 95
2026/08/10 14:02:24.744, 0, 3909, 59
2026/08/10 14:02:24.746, 1, 5355, 66
2026/08/10 14:02:25.801, 0, 3877, 91
2026/08/10 14:02:25.803, 1, 5099, 45
2026/08/10 14:02:26.853, 0, 4197, 92
2026/08/10 14:02:26.856, 1, 6315, 45
2026/08/10 14:02:27.940, 0, 5221, 70
2026/08/10 14:02:27.944, 1, 4555, 100
2026/08/10 14:02:29.019, 0, 4453, 98
2026/08/10 14:02:29.023, 1, 4875, 93
2026/08/10 14:02:30.103, 0, 3717, 72
2026/08/10 14:02:30.109, 1, 6059, 69
2026/08/10 14:02:31.181, 0, 3589, 98
2026/08/10 14:02:31.183, 1, 5835, 20
2026/08/10 14:02:32.271, 0, 5349, 28
2026/08/10 14:02:32.279, 1, 6059, 100
2026/08/10 14:02:33.357, 0, 4325, 90
2026/08/10 14:02:33.363, 1, 6347, 97
2026/08/10 14:02:34.485, 0, 5317, 89
2026/08/10 14:02:34.490, 1, 5035, 100
2026/08/10 14:02:35.594, 0, 5733, 96
2026/08/10 14:02:35.597, 1, 7307, 90
2026/08/10 14:02:36.698, 0, 3333, 100
2026/08/10 14:02:36.708, 1, 4843, 74
2026/08/10 14:02:37.774, 0, 6917, 88
2026/08/10 14:02:37.777, 1, 5067, 100
2026/08/10 14:02:38.844, 0, 4517, 85
2026/08/10 14:02:38.847, 1, 5899, 76
2026/08/10 14:02:39.900, 0, 3685, 29
2026/08/10 14:02:39.904, 1, 5131, 84
2026/08/10 14:02:40.958, 0, 3301, 89
2026/08/10 14:02:40.961, 1, 4939, 100
2026/08/10 14:02:42.053, 0, 3237, 20
2026/08/10 14:02:42.062, 1, 6475, 93
2026/08/10 14:02:43.132, 0, 8261, 98
2026/08/10 14:02:43.134, 1, 8075, 49
2026/08/10 14:02:44.242, 0, 3653, 52
2026/08/10 14:02:44.248, 1, 4811, 91
2026/08/10 14:02:45.304, 0, 5221, 41
2026/08/10 14:02:45.307, 1, 8683, 100
2026/08/10 14:02:46.370, 0, 3845, 90
2026/08/10 14:02:46.380, 1, 4555, 65
2026/08/10 14:02:47.438, 0, 4485, 95
2026/08/10 14:02:47.440, 1, 6347, 100
2026/08/10 14:02:48.488, 0, 3525, 100
2026/08/10 14:02:48.491, 1, 4555, 77
2026/08/10 14:02:49.536, 0, 3397, 82
2026/08/10 14:02:49.539, 1, 5227, 82
2026/08/10 14:02:50.590, 0, 5157, 75
2026/08/10 14:02:50.594, 1, 4907, 6
2026/08/10 14:02:51.656, 0, 2853, 25
2026/08/10 14:02:51.663, 1, 4139, 100
2026/08/10 14:02:52.747, 0, 4485, 93
2026/08/10 14:02:52.756, 1, 7531, 100
2026/08/10 14:02:53.867, 0, 3685, 100
2026/08/10 14:02:53.880, 1, 4587, 96
2026/08/10 14:02:54.939, 0, 3685, 95
2026/08/10 14:02:54.942, 1, 6251, 57
2026/08/10 14:02:56.013, 0, 3845, 83
2026/08/10 14:02:56.017, 1, 5227, 77
2026/08/10 14:02:57.096, 0, 3525, 100
2026/08/10 14:02:57.104, 1, 6059, 45
2026/08/10 14:02:58.174, 0, 4485, 28
2026/08/10 14:02:58.177, 1, 7179, 100
2026/08/10 14:02:59.220, 0, 3909, 21
2026/08/10 14:02:59.223, 1, 7147, 97
2026/08/10 14:03:00.283, 0, 4613, 84
2026/08/10 14:03:00.287, 1, 5931, 100
2026/08/10 14:03:01.347, 0, 3045, 61
2026/08/10 14:03:01.350, 1, 4811, 89
2026/08/10 14:03:02.447, 0, 3781, 0
2026/08/10 14:03:02.453, 1, 7275, 100
2026/08/10 14:03:03.520, 0, 5317, 9
2026/08/10 14:03:03.523, 1, 6539, 83
2026/08/10 14:03:04.611, 0, 2885, 0
2026/08/10 14:03:04.614, 1, 4363, 100
2026/08/10 14:03:05.694, 0, 3653, 84
2026/08/10 14:03:05.702, 1, 6571, 91
2026/08/10 14:03:06.810, 0, 7269, 97
2026/08/10 14:03:06.816, 1, 4651, 96
2026/08/10 14:03:07.882, 0, 5829, 98
2026/08/10 14:03:07.885, 1, 5131, 67
2026/08/10 14:03:08.929, 0, 4805, 75
2026/08/10 14:03:08.931, 1, 6699, 75
2026/08/10 14:03:09.985, 0, 4869, 100
2026/08/10 14:03:09.988, 1, 6923, 100
2026/08/10 14:03:11.050, 0, 7237, 100
2026/08/10 14:03:11.054, 1, 8139, 100
2026/08/10 14:03:12.140, 0, 2981, 97
2026/08/10 14:03:12.143, 1, 4459, 100
2026/08/10 14:03:13.254, 0, 2789, 91
2026/08/10 14:03:13.260, 1, 4971, 13
2026/08/10 14:03:14.348, 0, 5029, 62
2026/08/10 14:03:14.355, 1, 4939, 65
2026/08/10 14:03:15.461, 0, 5989, 93
2026/08/10 14:03:15.470, 1, 8587, 62
2026/08/10 14:03:16.528, 0, 4997, 94
2026/08/10 14:03:16.531, 1, 6827, 95
2026/08/10 14:03:17.604, 0, 3493, 61
2026/08/10 14:03:17.612, 1, 5131, 87
2026/08/10 14:03:18.680, 0, 2981, 5
2026/08/10 14:03:18.683, 1, 7403, 91
2026/08/10 14:03:19.734, 0, 5765, 100
2026/08/10 14:03:19.736, 1, 11307, 58
2026/08/10 14:03:20.785, 0, 6309, 89
2026/08/10 14:03:20.788, 1, 5611, 40
2026/08/10 14:03:21.876, 0, 2789, 83
2026/08/10 14:03:21.883, 1, 7723, 100
2026/08/10 14:03:22.981, 0, 4517, 98
2026/08/10 14:03:22.988, 1, 4747, 100
2026/08/10 14:03:24.087, 0, 3333, 83
2026/08/10 14:03:24.094, 1, 8395, 17
2026/08/10 14:03:25.206, 0, 4421, 100
2026/08/10 14:03:25.216, 1, 5163, 89
2026/08/10 14:03:26.301, 0, 4645, 77
2026/08/10 14:03:26.308, 1, 4299, 38
2026/08/10 14:03:27.395, 0, 5989, 100
2026/08/10 14:03:27.400, 1, 6443, 9
2026/08/10 14:03:28.455, 0, 7589, 42
2026/08/10 14:03:28.458, 1, 9483, 28
2026/08/10 14:03:29.510, 0, 3877, 0
2026/08/10 14:03:29.512, 1, 7115, 16
2026/08/10 14:03:30.565, 0, 5797, 79
2026/08/10 14:03:30.568, 1, 6859, 95
2026/08/10 14:03:31.641, 0, 4773, 82
2026/08/10 14:03:31.647, 1, 4427, 100
2026/08/10 14:03:32.728, 0, 3557, 70
2026/08/10 14:03:32.731, 1, 4299, 99
2026/08/10 14:03:33.832, 0, 2917, 100
2026/08/10 14:03:33.838, 1, 6347, 95
2026/08/10 14:03:34.918, 0, 3333, 100
2026/08/10 14:03:34.927, 1, 5259, 100
2026/08/10 14:03:36.016, 0, 4389, 96
2026/08/10 14:03:36.022, 1, 7051, 100
2026/08/10 14:03:37.083, 0, 7301, 88
2026/08/10 14:03:37.086, 1, 8427, 100
2026/08/10 14:03:38.127, 0, 7877, 4
2026/08/10 14:03:38.130, 1, 6763, 100
2026/08/10 14:03:39.184, 0, 2693, 98
2026/08/10 14:03:39.187, 1, 7595, 100
2026/08/10 14:03:40.253, 0, 6053, 100
2026/08/10 14:03:40.255, 1, 7563, 100
2026/08/10 14:03:41.340, 0, 3621, 93
2026/08/10 14:03:41.348, 1, 5195, 100
2026/08/10 14:03:42.415, 0, 3845, 87
2026/08/10 14:03:42.419, 1, 6923, 100
2026/08/10 14:03:43.468, 0, 2981, 93
2026/08/10 14:03:43.470, 1, 5323, 91
2026/08/10 14:03:44.555, 0, 3429, 64
2026/08/10 14:03:44.558, 1, 7883, 23
2026/08/10 14:03:45.646, 0, 4613, 59
2026/08/10 14:03:45.649, 1, 5707, 100
2026/08/10 14:03:46.714, 0, 3877, 100
2026/08/10 14:03:46.725, 1, 7083, 78
2026/08/10 14:03:47.803, 0, 5477, 88
2026/08/10 14:03:47.807, 1, 7947, 100
2026/08/10 14:03:48.859, 0, 4549, 93
2026/08/10 14:03:48.863, 1, 8651, 91
2026/08/10 14:03:49.930, 0, 3845, 64
2026/08/10 14:03:49.934, 1, 5739, 19
2026/08/10 14:03:50.984, 0, 5253, 100
2026/08/10 14:03:50.987, 1, 6123, 89
2026/08/10 14:03:52.041, 0, 3429, 25
2026/08/10 14:03:52.044, 1, 4779, 94
2026/08/10 14:03:53.104, 0, 3909, 99
2026/08/10 14:03:53.107, 1, 4811, 56
2026/08/10 14:03:54.155, 0, 7365, 90
2026/08/10 14:03:54.158, 1, 6571, 76
2026/08/10 14:03:55.241, 0, 6501, 43
2026/08/10 14:03:55.251, 1, 6699, 88
2026/08/10 14:03:56.353, 0, 4485, 80
2026/08/10 14:03:56.361, 1, 5291, 100
2026/08/10 14:03:57.440, 0, 5349, 100
2026/08/10 14:03:57.443, 1, 7083, 100
2026/08/10 14:03:58.537, 0, 4165, 99
2026/08/10 14:03:58.545, 1, 5803, 82
2026/08/10 14:03:59.626, 0, 4133, 100
2026/08/10 14:03:59.630, 1, 6347, 97
2026/08/10 14:04:00.688, 0, 5125, 97
2026/08/10 14:04:00.691, 1, 6027, 86
2026/08/10 14:04:01.733, 0, 3813, 42
2026/08/10 14:04:01.736, 1, 5835, 91
2026/08/10 14:04:02.783, 0, 3429, 12
2026/08/10 14:04:02.786, 1, 4811, 44
2026/08/10 14:04:03.874, 0, 4133, 96
2026/08/10 14:04:03.882, 1, 6315, 97
2026/08/10 14:04:04.977, 0, 5093, 98
2026/08/10 14:04:04.983, 1, 7595, 73
2026/08/10 14:04:06.083, 0, 4389, 87
2026/08/10 14:04:06.088, 1, 7339, 80
2026/08/10 14:04:07.182, 0, 4453, 95
2026/08/10 14:04:07.190, 1, 5291, 78
2026/08/10 14:04:08.271, 0, 5733, 100
2026/08/10 14:04:08.275, 1, 5931, 95
2026/08/10 14:04:09.326, 0, 6437, 100
2026/08/10 14:04:09.329, 1, 7915, 100
2026/08/10 14:04:10.382, 0, 6949, 100
2026/08/10 14:04:10.385, 1, 4907, 77
2026/08/10 14:04:11.444, 0, 4453, 95
2026/08/10 14:04:11.447, 1, 8171, 44
2026/08/10 14:04:12.520, 0, 4133, 100
2026/08/10 14:04:12.527, 1, 5515, 100
2026/08/10 14:04:13.600, 0, 6053, 92
2026/08/10 14:04:13.603, 1, 8523, 95
2026/08/10 14:04:14.651, 0, 5605, 35
2026/08/10 14:04:14.656, 1, 5099, 87
2026/08/10 14:04:15.711, 0, 5541, 97
2026/08/10 14:04:15.714, 1, 5963, 100
2026/08/10 14:04:16.798, 0, 3909, 41
2026/08/10 14:04:16.804, 1, 6635, 100
2026/08/10 14:04:17.872, 0, 5349, 91
2026/08/10 14:04:17.875, 1, 5227, 85
2026/08/10 14:04:18.931, 0, 4389, 96
2026/08/10 14:04:18.935, 1, 7083, 100
2026/08/10 14:04:19.995, 0, 5477, 89
2026/08/10 14:04:19.999, 1, 7179, 98
2026/08/10 14:04:21.085, 0, 6501, 100
2026/08/10 14:04:21.092, 1, 6603, 87
2026/08/10 14:04:22.183, 0, 4261, 68
2026/08/10 14:04:22.186, 1, 6251, 90
2026/08/10 14:04:23.262, 0, 6501, 0
2026/08/10 14:04:23.265, 1, 6411, 98
2026/08/10 14:04:24.319, 0, 4005, 94
2026/08/10 14:04:24.322, 1, 6795, 100
2026/08/10 14:04:25.368, 0, 3909, 96
2026/08/10 14:04:25.370, 1, 5131, 100
2026/08/10 14:04:26.413, 0, 3365, 100
2026/08/10 14:04:26.415, 1, 5963, 96
2026/08/10 14:04:27.458, 0, 3845, 83
2026/08/10 14:04:27.460, 1, 5707, 93
2026/08/10 14:04:28.507, 0, 3589, 100
2026/08/10 14:04:28.510, 1, 5483, 88
2026/08/10 14:04:29.560, 0, 4325, 45
2026/08/10 14:04:29.564, 1, 7211, 82
2026/08/10 14:04:30.610, 0, 2725, 0
2026/08/10 14:04:30.613, 1, 6827, 88
2026/08/10 14:04:31.687, 0, 3813, 97
2026/08/10 14:04:31.697, 1, 5195, 100
2026/08/10 14:04:32.800, 0, 3365, 87
2026/08/10 14:04:32.805, 1, 4459, 91
2026/08/10 14:04:33.895, 0, 8421, 100
2026/08/10 14:04:33.903, 1, 5387, 100
2026/08/10 14:04:34.978, 0, 5605, 51
2026/08/10 14:04:34.984, 1, 4843, 100
2026/08/10 14:04:36.055, 0, 5701, 28
2026/08/10 14:04:36.057, 1, 7915, 100
2026/08/10 14:04:37.103, 0, 3269, 26
2026/08/10 14:04:37.107, 1, 8843, 75
2026/08/10 14:04:38.148, 0, 3237, 77
2026/08/10 14:04:38.151, 1, 4395, 76
2026/08/10 14:04:39.195, 0, 4069, 100
2026/08/10 14:04:39.197, 1, 5387, 82
2026/08/10 14:04:40.254, 0, 2949, 66
2026/08/10 14:04:40.258, 1, 4459, 82
2026/08/10 14:04:41.324, 0, 4773, 14
2026/08/10 14:04:41.332, 1, 4523, 53
2026/08/10 14:04:42.417, 0, 5509, 7
2026/08/10 14:04:42.421, 1, 5515, 93
2026/08/10 14:04:43.521, 0, 3589, 55
2026/08/10 14:04:43.526, 1, 4299, 100
2026/08/10 14:04:44.601, 0, 2917, 5
2026/08/10 14:04:44.604, 1, 4235, 100
2026/08/10 14:04:45.718, 0, 3237, 28
2026/08/10 14:04:45.722, 1, 4683, 75
2026/08/10 14:04:46.790, 0, 3973, 78
2026/08/10 14:04:46.797, 1, 4587, 84
2026/08/10 14:04:47.913, 0, 3077, 100
2026/08/10 14:04:47.916, 1, 4139, 96
2026/08/10 14:04:48.986, 0, 5253, 94
2026/08/10 14:04:48.988, 1, 6827, 100
2026/08/10 14:04:50.032, 0, 3493, 100
2026/08/10 14:04:50.035, 1, 4651, 100
2026/08/10 14:04:51.085, 0, 3205, 93
2026/08/10 14:04:51.088, 1, 4843, 89
2026/08/10 14:04:52.139, 0, 4229, 86
2026/08/10 14:04:52.143, 1, 6251, 100
2026/08/10 14:04:53.190, 0, 3141, 100
2026/08/10 14:04:53.193, 1, 5035, 80
2026/08/10 14:04:54.242, 0, 5125, 97
2026/08/10 14:04:54.244, 1, 6667, 93
2026/08/10 14:04:55.297, 0, 3173, 75
2026/08/10 14:04:55.300, 1, 4491, 20
2026/08/10 14:04:56.364, 0, 3685, 85
2026/08/10 14:04:56.369, 1, 4875, 30
2026/08/10 14:04:57.428, 0, 5029, 82
2026/08/10 14:04:57.431, 1, 4811, 4
2026/08/10 14:04:58.488, 0, 3269, 6
2026/08/10 14:04:58.491, 1, 4715, 68
2026/08/10 14:04:59.561, 0, 3461, 28
2026/08/10 14:04:59.565, 1, 4875, 100
2026/08/10 14:05:00.631, 0, 5509, 86
2026/08/10 14:05:00.634, 1, 5515, 45
2026/08/10 14:05:01.684, 0, 3237, 75
2026/08/10 14:05:01.686, 1, 4555, 80
2026/08/10 14:05:02.733, 0, 3301, 65
2026/08/10 14:05:02.736, 1, 4907, 96
2026/08/10 14:05:03.791, 0, 3685, 62
2026/08/10 14:05:03.793, 1, 4811, 99
2026/08/10 14:05:04.836, 0, 3621, 63
2026/08/10 14:05:04.838, 1, 5259, 100
2026/08/10 14:05:05.887, 0, 6437, 60
2026/08/10 14:05:05.890, 1, 6763, 90
2026/08/10 14:05:06.940, 0, 3717, 100
2026/08/10 14:05:06.948, 1, 5067, 96
2026/08/10 14:05:08.002, 0, 4165, 85
2026/08/10 14:05:08.005, 1, 5451, 97
2026/08/10 14:05:09.064, 0, 3685, 45
2026/08/10 14:05:09.077, 1, 8779, 100
2026/08/10 14:05:10.158, 0, 5765, 87
2026/08/10 14:05:10.161, 1, 6827, 6
2026/08/10 14:05:11.227, 0, 3045, 96
2026/08/10 14:05:11.230, 1, 6027, 17
2026/08/10 14:05:12.310, 0, 4101, 90
2026/08/10 14:05:12.316, 1, 4875, 32
2026/08/10 14:05:13.389, 0, 3045, 0
2026/08/10 14:05:13.393, 1, 4491, 77
2026/08/10 14:05:14.464, 0, 5541, 58
2026/08/10 14:05:14.469, 1, 5163, 55
2026/08/10 14:05:15.537, 0, 3365, 44
2026/08/10 14:05:15.541, 1, 4843, 42
2026/08/10 14:05:16.610, 0, 3493, 94
2026/08/10 14:05:16.613, 1, 4907, 100
2026/08/10 14:05:17.661, 0, 3109, 87
2026/08/10 14:05:17.664, 1, 4747, 100
2026/08/10 14:05:18.707, 0, 4677, 91
2026/08/10 14:05:18.710, 1, 7531, 100
2026/08/10 14:05:19.752, 0, 3301, 7
2026/08/10 14:05:19.754, 1, 4811, 94
2026/08/10 14:05:20.800, 0, 3717, 44
2026/08/10 14:05:20.804, 1, 5195, 100
2026/08/10 14:05:21.852, 0, 6405, 67
2026/08/10 14:05:21.856, 1, 5675, 100
2026/08/10 14:05:22.913, 0, 3269, 100
2026/08/10 14:05:22.916, 1, 4747, 93
2026/08/10 14:05:23.963, 0, 4037, 100
2026/08/10 14:05:23.966, 1, 4779, 100
2026/08/10 14:05:25.015, 0, 5573, 75
2026/08/10 14:05:25.019, 1, 5707, 100
2026/08/10 14:05:26.066, 0, 5029, 76
2026/08/10 14:05:26.069, 1, 5259, 100
2026/08/10 14:05:27.115, 0, 3813, 100
2026/08/10 14:05:27.118, 1, 5131, 98
2026/08/10 14:05:28.163, 0, 3653, 73
2026/08/10 14:05:28.166, 1, 5675, 100
2026/08/10 14:05:29.211, 0, 5669, 97
2026/08/10 14:05:29.214, 1, 6763, 100
2026/08/10 14:05:30.262, 0, 3525, 57
2026/08/10 14:05:30.265, 1, 6219, 16
2026/08/10 14:05:31.319, 0, 3877, 99
2026/08/10 14:05:31.321, 1, 6667, 96
2026/08/10 14:05:32.371, 0, 3941, 84
2026/08/10 14:05:32.374, 1, 4939, 85
2026/08/10 14:05:33.421, 0, 3525, 100
2026/08/10 14:05:33.424, 1, 5131, 59
2026/08/10 14:05:34.474, 0, 4101, 100
2026/08/10 14:05:34.476, 1, 5003, 89
2026/08/10 14:05:35.521, 0, 4037, 93
2026/08/10 14:05:35.524, 1, 4491, 79
2026/08/10 14:05:36.568, 0, 4901, 100
2026/08/10 14:05:36.571, 1, 6443, 39
2026/08/10 14:05:37.614, 0, 5925, 87
2026/08/10 14:05:37.616, 1, 5803, 40
2026/08/10 14:05:38.665, 0, 6021, 100
2026/08/10 14:05:38.668, 1, 5451, 92
2026/08/10 14:05:39.773, 0, 3813, 92
2026/08/10 14:05:39.780, 1, 4875, 72
2026/08/10 14:05:40.834, 0, 5125, 95
2026/08/10 14:05:40.836, 1, 6571, 95
2026/08/10 14:05:41.919, 0, 4709, 96
2026/08/10 14:05:41.929, 1, 5707, 24
2026/08/10 14:05:43.031, 0, 3813, 99
2026/08/10 14:05:43.041, 1, 4843, 76
2026/08/10 14:05:44.145, 0, 3237, 98
2026/08/10 14:05:44.147, 1, 4139, 95
2026/08/10 14:05:45.196, 0, 3813, 89
2026/08/10 14:05:45.200, 1, 4939, 92
2026/08/10 14:05:46.252, 0, 4741, 100
2026/08/10 14:05:46.255, 1, 7083, 100
2026/08/10 14:05:47.304, 0, 5925, 100
2026/08/10 14:05:47.307, 1, 4811, 81
2026/08/10 14:05:48.351, 0, 3621, 83
2026/08/10 14:05:48.354, 1, 4331, 76
2026/08/10 14:05:49.397, 0, 4389, 93
2026/08/10 14:05:49.400, 1, 4459, 72
2026/08/10 14:05:50.448, 0, 5061, 98
2026/08/10 14:05:50.452, 1, 4715, 58
2026/08/10 14:05:51.496, 0, 5541, 100
2026/08/10 14:05:51.499, 1, 6507, 100
2026/08/10 14:05:52.541, 0, 4933, 92
2026/08/10 14:05:52.543, 1, 5035, 74
2026/08/10 14:05:53.587, 0, 4453, 89
2026/08/10 14:05:53.590, 1, 5227, 47
2026/08/10 14:05:54.636, 0, 5989, 89
2026/08/10 14:05:54.638, 1, 6251, 95
2026/08/10 14:05:55.694, 0, 6373, 91
2026/08/10 14:05:55.700, 1, 6507, 91
2026/08/10 14:05:56.788, 0, 6213, 100
2026/08/10 14:05:56.796, 1, 6315, 97
2026/08/10 14:05:57.884, 0, 4581, 100
2026/08/10 14:05:57.889, 1, 4459, 80
2026/08/10 14:05:58.978, 0, 3429, 100
2026/08/10 14:05:58.988, 1, 5067, 73
2026/08/10 14:06:00.048, 0, 3397, 100
2026/08/10 14:06:00.051, 1, 6379, 75
2026/08/10 14:06:01.098, 0, 3813, 100
2026/08/10 14:06:01.101, 1, 4587, 100
2026/08/10 14:06:02.198, 0, 3717, 99
2026/08/10 14:06:02.203, 1, 4299, 95
2026/08/10 14:06:03.264, 0, 4261, 55
2026/08/10 14:06:03.267, 1, 6091, 88
2026/08/10 14:06:04.308, 0, 5573, 100
2026/08/10 14:06:04.310, 1, 6187, 93
2026/08/10 14:06:05.400, 0, 4485, 82
2026/08/10 14:06:05.407, 1, 5867, 100
2026/08/10 14:06:06.522, 0, 3333, 38
2026/08/10 14:06:06.526, 1, 6123, 92
2026/08/10 14:06:07.603, 0, 4325, 77
2026/08/10 14:06:07.606, 1, 6923, 87
2026/08/10 14:06:08.659, 0, 7141, 89
2026/08/10 14:06:08.661, 1, 8459, 100
2026/08/10 14:06:09.702, 0, 3973, 87
2026/08/10 14:06:09.705, 1, 7019, 96
2026/08/10 14:06:10.785, 0, 5765, 40
2026/08/10 14:06:10.791, 1, 4747, 100
2026/08/10 14:06:11.884, 0, 5541, 90
2026/08/10 14:06:11.892, 1, 5931, 100
2026/08/10 14:06:12.955, 0, 5061, 100
2026/08/10 14:06:12.958, 1, 5771, 68
2026/08/10 14:06:14.017, 0, 6085, 93
2026/08/10 14:06:14.022, 1, 5963, 100
2026/08/10 14:06:15.077, 0, 7109, 100
2026/08/10 14:06:15.080, 1, 5643, 77
2026/08/10 14:06:16.122, 0, 3653, 100
2026/08/10 14:06:16.124, 1, 4651, 75
2026/08/10 14:06:17.168, 0, 3333, 94
2026/08/10 14:06:17.170, 1, 4299, 92
2026/08/10 14:06:18.213, 0, 4165, 80
2026/08/10 14:06:18.216, 1, 4907, 100
2026/08/10 14:06:19.258, 0, 3493, 100
2026/08/10 14:06:19.261, 1, 4843, 72
2026/08/10 14:06:20.305, 0, 4133, 100
2026/08/10 14:06:20.308, 1, 5739, 100
2026/08/10 14:06:21.352, 0, 3717, 84
2026/08/10 14:06:21.354, 1, 4651, 60
2026/08/10 14:06:22.395, 0, 3973, 100
2026/08/10 14:06:22.398, 1, 4267, 79
2026/08/10 14:06:23.439, 0, 4165, 100
2026/08/10 14:06:23.441, 1, 7211, 92
2026/08/10 14:06:24.484, 0, 3557, 100
2026/08/10 14:06:24.486, 1, 5419, 98
2026/08/10 14:06:25.527, 0, 4357, 91
2026/08/10 14:06:25.529, 1, 5227, 74
2026/08/10 14:06:26.578, 0, 4357, 91
2026/08/10 14:06:26.582, 1, 5163, 100
2026/08/10 14:06:27.645, 0, 4709, 100
2026/08/10 14:06:27.648, 1, 5355, 96
2026/08/10 14:06:28.709, 0, 5157, 92
2026/08/10 14:06:28.713, 1, 6539, 95
2026/08/10 14:06:29.773, 0, 5989, 99
2026/08/10 14:06:29.776, 1, 4555, 79
2026/08/10 14:06:30.846, 0, 3429, 100
2026/08/10 14:06:30.854, 1, 4331, 100
2026/08/10 14:06:31.913, 0, 4005, 100
2026/08/10 14:06:31.916, 1, 5003, 89
2026/08/10 14:06:32.970, 0, 3685, 100
2026/08/10 14:06:32.974, 1, 4619, 98
2026/08/10 14:06:34.021, 0, 3845, 91
2026/08/10 14:06:34.024, 1, 5387, 69
2026/08/10 14:06:35.075, 0, 3397, 100
2026/08/10 14:06:35.080, 1, 4203, 85
2026/08/10 14:06:36.129, 0, 4037, 100
2026/08/10 14:06:36.133, 1, 4811, 96
2026/08/10 14:06:37.178, 0, 3397, 99
2026/08/10 14:06:37.182, 1, 4747, 76
2026/08/10 14:06:38.226, 0, 4389, 97
2026/08/10 14:06:38.228, 1, 5003, 100
2026/08/10 14:06:39.271, 0, 4613, 79
2026/08/10 14:06:39.274, 1, 6123, 100
2026/08/10 14:06:40.317, 0, 4229, 92
2026/08/10 14:06:40.319, 1, 5195, 79
2026/08/10 14:06:41.358, 0, 4293, 91
2026/08/10 14:06:41.361, 1, 4747, 100
2026/08/10 14:06:42.403, 0, 4453, 100
2026/08/10 14:06:42.406, 1, 5643, 73
2026/08/10 14:06:43.446, 0, 4709, 100
2026/08/10 14:06:43.448, 1, 5035, 85
2026/08/10 14:06:44.516, 0, 4581, 100
2026/08/10 14:06:44.519, 1, 5739, 67
2026/08/10 14:06:45.624, 0, 9221, 100
2026/08/10 14:06:45.630, 1, 5163, 92
2026/08/10 14:06:46.686, 0, 4325, 100
2026/08/10 14:06:46.688, 1, 5131, 47
2026/08/10 14:06:47.732, 0, 3333, 34
2026/08/10 14:06:47.734, 1, 4427, 97
2026/08/10 14:06:48.781, 0, 4357, 85
2026/08/10 14:06:48.784, 1, 6123, 100
2026/08/10 14:06:49.829, 0, 4069, 58
2026/08/10 14:06:49.832, 1, 7723, 87
2026/08/10 14:06:50.882, 0, 3973, 22
2026/08/10 14:06:50.885, 1, 5451, 82
2026/08/10 14:06:51.936, 0, 5317, 100
2026/08/10 14:06:51.938, 1, 7019, 99
2026/08/10 14:06:53.023, 0, 5573, 83
2026/08/10 14:06:53.027, 1, 6411, 16
2026/08/10 14:06:54.084, 0, 4037, 92
2026/08/10 14:06:54.088, 1, 3947, 38
2026/08/10 14:06:55.133, 0, 5413, 94
2026/08/10 14:06:55.135, 1, 6347, 100
2026/08/10 14:06:56.188, 0, 3493, 86
2026/08/10 14:06:56.191, 1, 5163, 84
2026/08/10 14:06:57.239, 0, 6373, 91
2026/08/10 14:06:57.242, 1, 6283, 94
2026/08/10 14:06:58.286, 0, 4549, 100
2026/08/10 14:06:58.288, 1, 5899, 65
2026/08/10 14:06:59.335, 0, 4453, 100
2026/08/10 14:06:59.338, 1, 5099, 91
2026/08/10 14:07:00.383, 0, 4485, 100
2026/08/10 14:07:00.386, 1, 6123, 100
2026/08/10 14:07:01.457, 0, 4805, 69
2026/08/10 14:07:01.466, 1, 5195, 100
2026/08/10 14:07:02.530, 0, 5509, 100
2026/08/10 14:07:02.533, 1, 7723, 100
2026/08/10 14:07:03.578, 0, 4229, 85
2026/08/10 14:07:03.581, 1, 4587, 15
2026/08/10 14:07:04.625, 0, 4261, 100
2026/08/10 14:07:04.628, 1, 4971, 81
2026/08/10 14:07:05.672, 0, 6757, 68
2026/08/10 14:07:05.674, 1, 6827, 99
2026/08/10 14:07:06.716, 0, 6341, 100
2026/08/10 14:07:06.718, 1, 6251, 80
2026/08/10 14:07:07.762, 0, 4165, 100
2026/08/10 14:07:07.764, 1, 5323, 14
2026/08/10 14:07:08.833, 0, 4901, 83
2026/08/10 14:07:08.842, 1, 5163, 37
2026/08/10 14:07:09.947, 0, 5349, 100
2026/08/10 14:07:09.955, 1, 6603, 74
2026/08/10 14:07:11.026, 0, 6245, 100
2026/08/10 14:07:11.030, 1, 8587, 38
2026/08/10 14:07:12.124, 0, 4389, 72
2026/08/10 14:07:12.127, 1, 6571, 55
2026/08/10 14:07:13.203, 0, 6821, 57
2026/08/10 14:07:13.208, 1, 4587, 21
2026/08/10 14:07:14.253, 0, 6949, 100
2026/08/10 14:07:14.256, 1, 7755, 77
2026/08/10 14:07:15.316, 0, 4485, 100
2026/08/10 14:07:15.319, 1, 6379, 92
2026/08/10 14:07:16.365, 0, 3141, 63
2026/08/10 14:07:16.369, 1, 4267, 52
2026/08/10 14:07:17.413, 0, 3941, 39
2026/08/10 14:07:17.416, 1, 6955, 49
2026/08/10 14:07:18.463, 0, 4453, 96
2026/08/10 14:07:18.466, 1, 5483, 30
2026/08/10 14:07:19.508, 0, 3845, 65
2026/08/10 14:07:19.511, 1, 7051, 62
2026/08/10 14:07:20.556, 0, 5541, 100
2026/08/10 14:07:20.559, 1, 5195, 12
2026/08/10 14:07:21.601, 0, 5317, 93
2026/08/10 14:07:21.604, 1, 6315, 100
2026/08/10 14:07:22.646, 0, 3557, 96
2026/08/10 14:07:22.648, 1, 5579, 61
2026/08/10 14:07:23.697, 0, 5509, 97
2026/08/10 14:07:23.704, 1, 7019, 98
2026/08/10 14:07:24.766, 0, 4037, 97
2026/08/10 14:07:24.770, 1, 5451, 91
2026/08/10 14:07:25.820, 0, 3141, 74
2026/08/10 14:07:25.823, 1, 4491, 100
2026/08/10 14:07:26.872, 0, 3589, 55
2026/08/10 14:07:26.875, 1, 4779, 100
2026/08/10 14:07:27.920, 0, 3749, 61
2026/08/10 14:07:27.923, 1, 5707, 99
2026/08/10 14:07:28.968, 0, 3397, 33
2026/08/10 14:07:28.971, 1, 4747, 92
2026/08/10 14:07:30.017, 0, 6885, 0
2026/08/10 14:07:30.020, 1, 5931, 92
2026/08/10 14:07:31.070, 0, 9957, 74
2026/08/10 14:07:31.074, 1, 10347, 33
2026/08/10 14:07:32.132, 0, 4965, 100
2026/08/10 14:07:32.135, 1, 5387, 100
2026/08/10 14:07:33.180, 0, 3685, 100
2026/08/10 14:07:33.183, 1, 6699, 100
2026/08/10 14:07:34.227, 0, 5701, 98
2026/08/10 14:07:34.230, 1, 5643, 100
2026/08/10 14:07:35.278, 0, 4069, 98
2026/08/10 14:07:35.282, 1, 4875, 83
2026/08/10 14:07:36.330, 0, 3653, 98
2026/08/10 14:07:36.333, 1, 6699, 0
2026/08/10 14:07:37.380, 0, 5093, 34
2026/08/10 14:07:37.383, 1, 5003, 65
2026/08/10 14:07:38.430, 0, 6373, 95
2026/08/10 14:07:38.434, 1, 5771, 96
2026/08/10 14:07:39.478, 0, 3749, 80
2026/08/10 14:07:39.481, 1, 5003, 12
2026/08/10 14:07:40.525, 0, 3781, 93
2026/08/10 14:07:40.528, 1, 5035, 100
2026/08/10 14:07:41.584, 0, 5189, 99
2026/08/10 14:07:41.588, 1, 5227, 100
2026/08/10 14:07:42.657, 0, 5381, 95
2026/08/10 14:07:42.662, 1, 7083, 100
2026/08/10 14:07:43.750, 0, 6597, 71
2026/08/10 14:07:43.756, 1, 4171, 90
2026/08/10 14:07:44.826, 0, 5093, 100
2026/08/10 14:07:44.833, 1, 6763, 85
2026/08/10 14:07:45.914, 0, 4933, 97
2026/08/10 14:07:45.918, 1, 4523, 86
2026/08/10 14:07:46.971, 0, 4997, 100
2026/08/10 14:07:46.974, 1, 4523, 100
2026/08/10 14:07:48.020, 0, 3493, 93
2026/08/10 14:07:48.024, 1, 6347, 89
2026/08/10 14:07:49.079, 0, 3653, 100
2026/08/10 14:07:49.083, 1, 5163, 86
2026/08/10 14:07:50.145, 0, 3525, 80
2026/08/10 14:07:50.150, 1, 5643, 85
2026/08/10 14:07:51.198, 0, 4485, 100
2026/08/10 14:07:51.201, 1, 6123, 93
2026/08/10 14:07:52.256, 0, 4613, 54
2026/08/10 14:07:52.265, 1, 4811, 95
2026/08/10 14:07:53.360, 0, 7109, 100
2026/08/10 14:07:53.367, 1, 5515, 86
2026/08/10 14:07:54.444, 0, 3333, 7
2026/08/10 14:07:54.447, 1, 4363, 100
2026/08/10 14:07:55.490, 0, 3589, 98
2026/08/10 14:07:55.493, 1, 5067, 53
2026/08/10 14:07:56.540, 0, 3845, 90
2026/08/10 14:07:56.544, 1, 4875, 50
2026/08/10 14:07:57.590, 0, 3749, 74
2026/08/10 14:07:57.593, 1, 4907, 2
2026/08/10 14:07:58.662, 0, 3077, 7
2026/08/10 14:07:58.665, 1, 5579, 100
2026/08/10 14:07:59.771, 0, 3269, 98
2026/08/10 14:07:59.775, 1, 4843, 99
2026/08/10 14:08:00.828, 0, 3589, 88
2026/08/10 14:08:00.831, 1, 4459, 100
2026/08/10 14:08:01.876, 0, 3397, 77
2026/08/10 14:08:01.879, 1, 5387, 92
2026/08/10 14:08:02.921, 0, 4293, 95
2026/08/10 14:08:02.924, 1, 4843, 100
2026/08/10 14:08:03.969, 0, 3973, 8
2026/08/10 14:08:03.972, 1, 5163, 81
2026/08/10 14:08:05.025, 0, 5285, 99
2026/08/10 14:08:05.028, 1, 6923, 82
2026/08/10 14:08:06.072, 0, 4581, 4
2026/08/10 14:08:06.074, 1, 5035, 92
2026/08/10 14:08:07.164, 0, 4421, 21
2026/08/10 14:08:07.169, 1, 5995, 63
2026/08/10 14:08:08.243, 0, 3013, 61
2026/08/10 14:08:08.249, 1, 4331, 42
2026/08/10 14:08:09.313, 0, 4485, 73
2026/08/10 14:08:09.319, 1, 6219, 91
2026/08/10 14:08:10.404, 0, 4165, 18
2026/08/10 14:08:10.413, 1, 4107, 88
2026/08/10 14:08:11.475, 0, 5669, 41
2026/08/10 14:08:11.478, 1, 6443, 76
2026/08/10 14:08:12.520, 0, 3397, 89
2026/08/10 14:08:12.522, 1, 5099, 49
2026/08/10 14:08:13.567, 0, 3813, 37
2026/08/10 14:08:13.569, 1, 5419, 85
2026/08/10 14:08:14.622, 0, 7461, 30
2026/08/10 14:08:14.635, 1, 5419, 99
2026/08/10 14:08:15.710, 0, 4677, 100
2026/08/10 14:08:15.717, 1, 4779, 74
2026/08/10 14:08:16.776, 0, 5477, 95
2026/08/10 14:08:16.779, 1, 5547, 91
2026/08/10 14:08:17.829, 0, 3045, 55
2026/08/10 14:08:17.833, 1, 4363, 93
2026/08/10 14:08:18.886, 0, 5765, 98
2026/08/10 14:08:18.889, 1, 5835, 100
2026/08/10 14:08:19.933, 0, 3813, 72
2026/08/10 14:08:19.936, 1, 4555, 100
2026/08/10 14:08:20.981, 0, 4389, 97
2026/08/10 14:08:20.984, 1, 4555, 98
2026/08/10 14:08:22.028, 0, 3749, 15
2026/08/10 14:08:22.032, 1, 5067, 100
2026/08/10 14:08:23.078, 0, 3717, 74
2026/08/10 14:08:23.081, 1, 5035, 97
2026/08/10 14:08:24.128, 0, 4037, 100
2026/08/10 14:08:24.131, 1, 4555, 100
2026/08/10 14:08:25.175, 0, 5381, 98
2026/08/10 14:08:25.177, 1, 8811, 60
2026/08/10 14:08:26.232, 0, 4165, 100
2026/08/10 14:08:26.235, 1, 4907, 100
2026/08/10 14:08:27.291, 0, 8101, 47
2026/08/10 14:08:27.293, 1, 6635, 92
2026/08/10 14:08:28.345, 0, 4037, 76
2026/08/10 14:08:28.347, 1, 5131, 100
2026/08/10 14:08:29.392, 0, 5445, 84
2026/08/10 14:08:29.395, 1, 6539, 100
2026/08/10 14:08:30.441, 0, 5061, 93
2026/08/10 14:08:30.443, 1, 5003, 17
2026/08/10 14:08:31.488, 0, 3333, 90
2026/08/10 14:08:31.492, 1, 5195, 93
2026/08/10 14:08:32.544, 0, 3461, 65
2026/08/10 14:08:32.548, 1, 4939, 96
2026/08/10 14:08:33.597, 0, 3653, 43
2026/08/10 14:08:33.600, 1, 5675, 7
2026/08/10 14:08:34.644, 0, 3365, 79
2026/08/10 14:08:34.647, 1, 4619, 29
2026/08/10 14:08:35.690, 0, 4677, 79
2026/08/10 14:08:35.693, 1, 5227, 5
2026/08/10 14:08:36.736, 0, 6085, 7
2026/08/10 14:08:36.739, 1, 6859, 25
2026/08/10 14:08:37.782, 0, 4549, 37
2026/08/10 14:08:37.785, 1, 5803, 94
2026/08/10 14:08:38.829, 0, 5317, 86
2026/08/10 14:08:38.832, 1, 7531, 88
2026/08/10 14:08:39.888, 0, 3909, 100
2026/08/10 14:08:39.893, 1, 5803, 77
2026/08/10 14:08:40.951, 0, 8037, 100
2026/08/10 14:08:40.954, 1, 9259, 94
2026/08/10 14:08:42.006, 0, 4229, 61
2026/08/10 14:08:42.011, 1, 5547, 58
2026/08/10 14:08:43.074, 0, 4005, 100
2026/08/10 14:08:43.083, 1, 4619, 95
2026/08/10 14:08:44.144, 0, 3717, 93
2026/08/10 14:08:44.148, 1, 5003, 84
2026/08/10 14:08:45.195, 0, 3589, 98
2026/08/10 14:08:45.198, 1, 6667, 90
2026/08/10 14:08:46.249, 0, 3173, 94
2026/08/10 14:08:46.253, 1, 4459, 85
2026/08/10 14:08:47.302, 0, 5349, 100
2026/08/10 14:08:47.305, 1, 5675, 82
2026/08/10 14:08:48.351, 0, 3365, 100
2026/08/10 14:08:48.354, 1, 4715, 3
2026/08/10 14:08:49.426, 0, 3749, 92
2026/08/10 14:08:49.430, 1, 5003, 37
2026/08/10 14:08:50.511, 0, 3333, 2
2026/08/10 14:08:50.518, 1, 4267, 85
2026/08/10 14:08:51.593, 0, 3109, 16
2026/08/10 14:08:51.603, 1, 5611, 77
2026/08/10 14:08:52.671, 0, 6949, 49
2026/08/10 14:08:52.674, 1, 4683, 82
2026/08/10 14:08:53.769, 0, 4389, 100
2026/08/10 14:08:53.774, 1, 4747, 100
2026/08/10 14:08:54.838, 0, 5637, 100
2026/08/10 14:08:54.842, 1, 6763, 87
2026/08/10 14:08:55.903, 0, 3909, 87
2026/08/10 14:08:55.907, 1, 5515, 100
2026/08/10 14:08:56.982, 0, 5189, 90
2026/08/10 14:08:56.990, 1, 6379, 85
2026/08/10 14:08:58.058, 0, 6213, 97
2026/08/10 14:08:58.062, 1, 6443, 68
2026/08/10 14:08:59.181, 0, 5477, 92
2026/08/10 14:08:59.185, 1, 8555, 100
2026/08/10 14:09:00.280, 0, 3845, 0
2026/08/10 14:09:00.286, 1, 5739, 80
2026/08/10 14:09:01.382, 0, 10501, 74
2026/08/10 14:09:01.389, 1, 6699, 94
2026/08/10 14:09:02.485, 0, 5285, 88
2026/08/10 14:09:02.495, 1, 7499, 100
2026/08/10 14:09:03.580, 0, 4741, 100
2026/08/10 14:09:03.584, 1, 5227, 100
2026/08/10 14:09:04.638, 0, 2917, 78
2026/08/10 14:09:04.641, 1, 4683, 100
2026/08/10 14:09:05.688, 0, 3653, 80
2026/08/10 14:09:05.691, 1, 5643, 100
2026/08/10 14:09:06.741, 0, 5317, 55
2026/08/10 14:09:06.744, 1, 4715, 53
2026/08/10 14:09:07.807, 0, 4933, 93
2026/08/10 14:09:07.815, 1, 5099, 100
2026/08/10 14:09:08.872, 0, 5637, 93
2026/08/10 14:09:08.875, 1, 6187, 97
2026/08/10 14:09:09.923, 0, 5253, 100
2026/08/10 14:09:09.926, 1, 5547, 100
2026/08/10 14:09:10.971, 0, 3941, 82
2026/08/10 14:09:10.973, 1, 7179, 89
2026/08/10 14:09:12.017, 0, 4357, 86
2026/08/10 14:09:12.020, 1, 6699, 100
2026/08/10 14:09:13.069, 0, 3813, 100
2026/08/10 14:09:13.072, 1, 5867, 100
2026/08/10 14:09:14.117, 0, 4037, 92
2026/08/10 14:09:14.120, 1, 5355, 100
2026/08/10 14:09:15.163, 0, 5925, 63
2026/08/10 14:09:15.165, 1, 7563, 100
2026/08/10 14:09:16.248, 0, 5477, 100
2026/08/10 14:09:16.255, 1, 10667, 48
2026/08/10 14:09:17.320, 0, 4517, 98
2026/08/10 14:09:17.322, 1, 6251, 91
2026/08/10 14:09:18.366, 0, 3941, 89
2026/08/10 14:09:18.369, 1, 5323, 33
2026/08/10 14:09:19.414, 0, 4517, 93
2026/08/10 14:09:19.417, 1, 6571, 99
2026/08/10 14:09:20.460, 0, 3621, 79
2026/08/10 14:09:20.463, 1, 5099, 81
2026/08/10 14:09:21.508, 0, 4773, 95
2026/08/10 14:09:21.510, 1, 8107, 32
2026/08/10 14:09:22.566, 0, 3781, 57
2026/08/10 14:09:22.569, 1, 4843, 8
2026/08/10 14:09:23.616, 0, 3493, 79
2026/08/10 14:09:23.619, 1, 5035, 72
2026/08/10 14:09:24.690, 0, 3333, 84
2026/08/10 14:09:24.697, 1, 4843, 10
2026/08/10 14:09:25.764, 0, 4357, 100
2026/08/10 14:09:25.767, 1, 7243, 80
2026/08/10 14:09:26.813, 0, 5477, 100
2026/08/10 14:09:26.816, 1, 6219, 95
2026/08/10 14:09:27.862, 0, 5477, 20
2026/08/10 14:09:27.865, 1, 7499, 81
2026/08/10 14:09:28.916, 0, 6085, 100
2026/08/10 14:09:28.920, 1, 9323, 100
2026/08/10 14:09:29.964, 0, 5733, 94
2026/08/10 14:09:29.966, 1, 9195, 98
2026/08/10 14:09:31.028, 0, 4037, 70
2026/08/10 14:09:31.034, 1, 7019, 69
2026/08/10 14:09:32.094, 0, 3877, 95
2026/08/10 14:09:32.096, 1, 6603, 51
2026/08/10 14:09:33.157, 0, 3589, 96
2026/08/10 14:09:33.161, 1, 7755, 100
2026/08/10 14:09:34.231, 0, 7717, 91
2026/08/10 14:09:34.234, 1, 7051, 74
2026/08/10 14:09:35.285, 0, 5605, 100
2026/08/10 14:09:35.288, 1, 8939, 74
2026/08/10 14:09:36.368, 0, 4421, 97
2026/08/10 14:09:36.378, 1, 7115, 77
2026/08/10 14:09:37.483, 0, 4709, 96
2026/08/10 14:09:37.489, 1, 5163, 97
2026/08/10 14:09:38.545, 0, 8453, 90
2026/08/10 14:09:38.548, 1, 9387, 95
2026/08/10 14:09:39.620, 0, 3557, 98
2026/08/10 14:09:39.627, 1, 4459, 76
2026/08/10 14:09:40.679, 0, 3749, 100
2026/08/10 14:09:40.682, 1, 6955, 95
2026/08/10 14:09:41.724, 0, 5573, 59
2026/08/10 14:09:41.726, 1, 5611, 89
2026/08/10 14:09:42.769, 0, 5061, 96
2026/08/10 14:09:42.772, 1, 5387, 76
2026/08/10 14:09:43.822, 0, 6053, 63
2026/08/10 14:09:43.825, 1, 5835, 52
2026/08/10 14:09:44.891, 0, 4677, 4
2026/08/10 14:09:44.898, 1, 4587, 100
2026/08/10 14:09:45.952, 0, 3237, 96
2026/08/10 14:09:45.954, 1, 8011, 86
2026/08/10 14:09:47.013, 0, 5829, 59
2026/08/10 14:09:47.016, 1, 7915, 10
2026/08/10 14:09:48.104, 0, 3493, 32
2026/08/10 14:09:48.111, 1, 5067, 94
2026/08/10 14:09:49.170, 0, 7365, 91
2026/08/10 14:09:49.173, 1, 8171, 73
2026/08/10 14:09:50.264, 0, 3685, 68
2026/08/10 14:09:50.274, 1, 4427, 100
2026/08/10 14:09:51.381, 0, 5893, 0
2026/08/10 14:09:51.388, 1, 7563, 61
2026/08/10 14:09:52.456, 0, 4325, 100
2026/08/10 14:09:52.460, 1, 5867, 89
2026/08/10 14:09:53.511, 0, 3749, 100
2026/08/10 14:09:53.513, 1, 5003, 94
2026/08/10 14:09:54.566, 0, 5253, 64
2026/08/10 14:09:54.569, 1, 5579, 49
2026/08/10 14:09:55.631, 0, 3621, 60
2026/08/10 14:09:55.637, 1, 4427, 100
2026/08/10 14:09:56.688, 0, 4133, 100
2026/08/10 14:09:56.691, 1, 5355, 100
2026/08/10 14:09:57.741, 0, 5189, 91
2026/08/10 14:09:57.744, 1, 5515, 45
2026/08/10 14:09:58.810, 0, 4837, 0
2026/08/10 14:09:58.813, 1, 4523, 82
2026/08/10 14:09:59.865, 0, 7077, 84
2026/08/10 14:09:59.869, 1, 6475, 100
2026/08/10 14:10:00.933, 0, 5477, 85
2026/08/10 14:10:00.936, 1, 5483, 99
2026/08/10 14:10:02.026, 0, 3269, 83
2026/08/10 14:10:02.029, 1, 4459, 93
2026/08/10 14:10:03.127, 0, 4421, 100
2026/08/10 14:10:03.135, 1, 6731, 62
2026/08/10 14:10:04.253, 0, 3173, 86
2026/08/10 14:10:04.259, 1, 4299, 41
2026/08/10 14:10:05.309, 0, 5189, 98
2026/08/10 14:10:05.312, 1, 5003, 100
2026/08/10 14:10:06.374, 0, 5093, 86
2026/08/10 14:10:06.377, 1, 5067, 81
2026/08/10 14:10:07.459, 0, 3973, 93
2026/08/10 14:10:07.463, 1, 6507, 59
2026/08/10 14:10:08.540, 0, 3301, 93
2026/08/10 14:10:08.544, 1, 4395, 61
2026/08/10 14:10:09.631, 0, 4005, 38
2026/08/10 14:10:09.639, 1, 4683, 65
2026/08/10 14:10:10.742, 0, 6853, 26
2026/08/10 14:10:10.745, 1, 9259, 100
2026/08/10 14:10:11.843, 0, 3813, 92
2026/08/10 14:10:11.847, 1, 5195, 77
2026/08/10 14:10:12.918, 0, 3269, 63
2026/08/10 14:10:12.924, 1, 5067, 100
2026/08/10 14:10:13.996, 0, 5829, 86
2026/08/10 14:10:13.999, 1, 7659, 92
2026/08/10 14:10:15.066, 0, 6917, 100
2026/08/10 14:10:15.070, 1, 4971, 72
2026/08/10 14:10:16.124, 0, 5125, 22
2026/08/10 14:10:16.126, 1, 7883, 72
2026/08/10 14:10:17.210, 0, 3781, 0
2026/08/10 14:10:17.217, 1, 4843, 82
2026/08/10 14:10:18.322, 0, 3013, 84
2026/08/10 14:10:18.325, 1, 4459, 19
2026/08/10 14:10:19.391, 0, 4965, 7
2026/08/10 14:10:19.393, 1, 9867, 100
2026/08/10 14:10:20.464, 0, 3909, 90
2026/08/10 14:10:20.473, 1, 5611, 89
2026/08/10 14:10:21.552, 0, 3525, 0
2026/08/10 14:10:21.555, 1, 6859, 97
2026/08/10 14:10:22.642, 0, 4197, 97
2026/08/10 14:10:22.648, 1, 4811, 97
2026/08/10 14:10:23.733, 0, 6021, 76
2026/08/10 14:10:23.741, 1, 7243, 99
2026/08/10 14:10:24.851, 0, 4197, 100
2026/08/10 14:10:24.858, 1, 4843, 87
2026/08/10 14:10:25.978, 0, 5061, 100
2026/08/10 14:10:25.987, 1, 4683, 97
2026/08/10 14:10:27.052, 0, 4325, 100
2026/08/10 14:10:27.056, 1, 4971, 100
2026/08/10 14:10:28.101, 0, 4613, 99
2026/08/10 14:10:28.104, 1, 5323, 94
2026/08/10 14:10:29.147, 0, 4165, 67
2026/08/10 14:10:29.150, 1, 5771, 68
2026/08/10 14:10:30.193, 0, 3685, 30
2026/08/10 14:10:30.196, 1, 5835, 99
2026/08/10 14:10:31.277, 0, 5605, 84
2026/08/10 14:10:31.288, 1, 4939, 86
2026/08/10 14:10:32.407, 0, 3301, 70
2026/08/10 14:10:32.413, 1, 5963, 90
2026/08/10 14:10:33.506, 0, 6117, 50
2026/08/10 14:10:33.510, 1, 6635, 100
2026/08/10 14:10:34.579, 0, 4133, 82
2026/08/10 14:10:34.582, 1, 5963, 93
2026/08/10 14:10:35.660, 0, 5733, 100
2026/08/10 14:10:35.667, 1, 7083, 93
2026/08/10 14:10:36.746, 0, 3301, 99
2026/08/10 14:10:36.749, 1, 5739, 97
2026/08/10 14:10:37.851, 0, 3333, 99
2026/08/10 14:10:37.854, 1, 4619, 100
2026/08/10 14:10:38.934, 0, 3301, 97
2026/08/10 14:10:38.939, 1, 5483, 100
2026/08/10 14:10:40.033, 0, 3301, 100
2026/08/10 14:10:40.038, 1, 4747, 96
2026/08/10 14:10:41.110, 0, 3205, 95
2026/08/10 14:10:41.114, 1, 4331, 98
2026/08/10 14:10:42.172, 0, 3845, 100
2026/08/10 14:10:42.175, 1, 4683, 92
2026/08/10 14:10:43.225, 0, 3941, 100
2026/08/10 14:10:43.228, 1, 6059, 100
2026/08/10 14:10:44.271, 0, 4869, 0
2026/08/10 14:10:44.274, 1, 8011, 65
2026/08/10 14:10:45.328, 0, 6917, 100
2026/08/10 14:10:45.331, 1, 5131, 100
2026/08/10 14:10:46.377, 0, 6789, 0
2026/08/10 14:10:46.379, 1, 5803, 70
2026/08/10 14:10:47.428, 0, 3525, 96
2026/08/10 14:10:47.432, 1, 4203, 88
2026/08/10 14:10:48.490, 0, 4101, 85
2026/08/10 14:10:48.493, 1, 5579, 100
2026/08/10 14:10:49.538, 0, 5317, 63
2026/08/10 14:10:49.541, 1, 5067, 57
2026/08/10 14:10:50.595, 0, 4229, 68
2026/08/10 14:10:50.601, 1, 4683, 87
2026/08/10 14:10:51.650, 0, 5509, 100
2026/08/10 14:10:51.653, 1, 6539, 50
2026/08/10 14:10:52.713, 0, 4293, 100
2026/08/10 14:10:52.717, 1, 4171, 91
2026/08/10 14:10:53.764, 0, 4421, 100
2026/08/10 14:10:53.767, 1, 6763, 35
2026/08/10 14:10:54.845, 0, 3685, 100
2026/08/10 14:10:54.851, 1, 4107, 87
2026/08/10 14:10:55.916, 0, 4037, 100
2026/08/10 14:10:55.919, 1, 5067, 100
2026/08/10 14:10:56.963, 0, 4581, 6
2026/08/10 14:10:56.966, 1, 5739, 78
2026/08/10 14:10:58.057, 0, 3653, 98
2026/08/10 14:10:58.065, 1, 5003, 4
2026/08/10 14:10:59.171, 0, 4005, 70
2026/08/10 14:10:59.176, 1, 5291, 15
2026/08/10 14:11:00.245, 0, 3717, 89
2026/08/10 14:11:00.249, 1, 4427, 60
2026/08/10 14:11:01.293, 0, 4101, 100
2026/08/10 14:11:01.296, 1, 4779, 94
2026/08/10 14:11:02.342, 0, 3493, 100
2026/08/10 14:11:02.345, 1, 5611, 76
2026/08/10 14:11:03.390, 0, 3493, 91
2026/08/10 14:11:03.392, 1, 5067, 94
2026/08/10 14:11:04.435, 0, 4005, 100
2026/08/10 14:11:04.437, 1, 5163, 76
2026/08/10 14:11:05.478, 0, 5829, 80
2026/08/10 14:11:05.480, 1, 5035, 99
2026/08/10 14:11:06.549, 0, 3973, 100
2026/08/10 14:11:06.552, 1, 5547, 100
2026/08/10 14:11:07.615, 0, 4101, 88
2026/08/10 14:11:07.618, 1, 5035, 100
2026/08/10 14:11:08.686, 0, 4453, 100
2026/08/10 14:11:08.688, 1, 6731, 77
2026/08/10 14:11:09.732, 0, 3525, 75
2026/08/10 14:11:09.735, 1, 4939, 21
2026/08/10 14:11:10.780, 0, 3845, 91
2026/08/10 14:11:10.782, 1, 4459, 18
2026/08/10 14:11:11.825, 0, 5957, 100
2026/08/10 14:11:11.828, 1, 5643, 43
2026/08/10 14:11:12.872, 0, 4997, 0
2026/08/10 14:11:12.874, 1, 5675, 67
2026/08/10 14:11:13.917, 0, 6245, 0
2026/08/10 14:11:13.921, 1, 4939, 95
2026/08/10 14:11:14.966, 0, 4901, 37
2026/08/10 14:11:14.969, 1, 5867, 97
2026/08/10 14:11:16.012, 0, 5285, 74
2026/08/10 14:11:16.015, 1, 5515, 89
2026/08/10 14:11:17.063, 0, 3685, 57
2026/08/10 14:11:17.065, 1, 4747, 74
2026/08/10 14:11:18.140, 0, 2885, 99
2026/08/10 14:11:18.149, 1, 4811, 4
2026/08/10 14:11:19.204, 0, 7077, 91
2026/08/10 14:11:19.207, 1, 8363, 37
2026/08/10 14:11:20.280, 0, 4581, 93
2026/08/10 14:11:20.284, 1, 6379, 99
2026/08/10 14:11:21.346, 0, 7749, 100
2026/08/10 14:11:21.355, 1, 5387, 95
2026/08/10 14:11:22.463, 0, 2693, 58
2026/08/10 14:11:22.474, 1, 5323, 95
2026/08/10 14:11:23.527, 0, 6341, 100
2026/08/10 14:11:23.530, 1, 8203, 100
2026/08/10 14:11:24.572, 0, 4037, 100
2026/08/10 14:11:24.574, 1, 4555, 17
2026/08/10 14:11:25.616, 0, 4229, 99
2026/08/10 14:11:25.618, 1, 5291, 84
2026/08/10 14:11:26.697, 0, 6885, 95
2026/08/10 14:11:26.701, 1, 6923, 79
2026/08/10 14:11:27.768, 0, 3109, 100
2026/08/10 14:11:27.771, 1, 5771, 81
2026/08/10 14:11:28.838, 0, 6245, 66
2026/08/10 14:11:28.844, 1, 6251, 98
2026/08/10 14:11:29.934, 0, 3525, 97
2026/08/10 14:11:29.942, 1, 4203, 95
2026/08/10 14:11:31.050, 0, 6053, 100
2026/08/10 14:11:31.058, 1, 4427, 88
2026/08/10 14:11:32.132, 0, 5477, 78
2026/08/10 14:11:32.138, 1, 4235, 97
2026/08/10 14:11:33.194, 0, 3077, 63
2026/08/10 14:11:33.197, 1, 4011, 7
2026/08/10 14:11:34.258, 0, 6437, 92
2026/08/10 14:11:34.261, 1, 6187, 100
2026/08/10 14:11:35.340, 0, 10469, 7
2026/08/10 14:11:35.350, 1, 4779, 47
2026/08/10 14:11:36.411, 0, 4197, 100
2026/08/10 14:11:36.415, 1, 5675, 96
2026/08/10 14:11:37.474, 0, 3077, 81
2026/08/10 14:11:37.477, 1, 3947, 14
2026/08/10 14:11:38.525, 0, 4997, 99
2026/08/10 14:11:38.527, 1, 5419, 98
2026/08/10 14:11:39.572, 0, 4101, 64
2026/08/10 14:11:39.575, 1, 5387, 95
2026/08/10 14:11:40.620, 0, 3589, 90
2026/08/10 14:11:40.623, 1, 5739, 17
2026/08/10 14:11:41.668, 0, 4325, 7
2026/08/10 14:11:41.672, 1, 5131, 71
2026/08/10 14:11:42.720, 0, 3653, 55
2026/08/10 14:11:42.722, 1, 4811, 89
2026/08/10 14:11:43.771, 0, 4485, 35
2026/08/10 14:11:43.775, 1, 4907, 88
2026/08/10 14:11:44.821, 0, 6117, 87
2026/08/10 14:11:44.825, 1, 4875, 98
2026/08/10 14:11:45.869, 0, 4485, 2
2026/08/10 14:11:45.872, 1, 5387, 94
2026/08/10 14:11:46.914, 0, 3653, 82
2026/08/10 14:11:46.917, 1, 5451, 40
2026/08/10 14:11:47.963, 0, 5029, 0
2026/08/10 14:11:47.966, 1, 6347, 98
2026/08/10 14:11:49.015, 0, 3429, 42
2026/08/10 14:11:49.019, 1, 5515, 100
2026/08/10 14:11:50.118, 0, 3557, 62
2026/08/10 14:11:50.123, 1, 4779, 73
2026/08/10 14:11:51.213, 0, 3173, 99
2026/08/10 14:11:51.219, 1, 4395, 89
2026/08/10 14:11:52.287, 0, 3429, 64
2026/08/10 14:11:52.291, 1, 4779, 99
2026/08/10 14:11:53.344, 0, 5829, 67
2026/08/10 14:11:53.348, 1, 5675, 6
2026/08/10 14:11:54.401, 0, 7365, 12
2026/08/10 14:11:54.404, 1, 7051, 80
2026/08/10 14:11:55.491, 0, 3557, 90
2026/08/10 14:11:55.495, 1, 5931, 100
2026/08/10 14:11:56.561, 0, 3109, 29
2026/08/10 14:11:56.567, 1, 4299, 99
2026/08/10 14:11:57.634, 0, 4677, 51
2026/08/10 14:11:57.638, 1, 4299, 100
2026/08/10 14:11:58.706, 0, 3333, 100
2026/08/10 14:11:58.709, 1, 4203, 80
2026/08/10 14:11:59.771, 0, 6277, 86
2026/08/10 14:11:59.773, 1, 8107, 99
2026/08/10 14:12:00.850, 0, 5509, 58
2026/08/10 14:12:00.853, 1, 7627, 100
2026/08/10 14:12:01.908, 0, 4869, 100
2026/08/10 14:12:01.912, 1, 5387, 82
2026/08/10 14:12:02.973, 0, 5413, 99
2026/08/10 14:12:02.976, 1, 4555, 94
2026/08/10 14:12:04.035, 0, 5733, 86
2026/08/10 14:12:04.043, 1, 4651, 93
2026/08/10 14:12:05.100, 0, 3525, 97
2026/08/10 14:12:05.103, 1, 5067, 53
2026/08/10 14:12:06.151, 0, 8069, 97
2026/08/10 14:12:06.155, 1, 4491, 45
2026/08/10 14:12:07.236, 0, 4741, 22
2026/08/10 14:12:07.239, 1, 4843, 70
2026/08/10 14:12:08.300, 0, 8005, 74
2026/08/10 14:12:08.306, 1, 8299, 94
2026/08/10 14:12:09.370, 0, 3845, 65
2026/08/10 14:12:09.372, 1, 5771, 88
2026/08/10 14:12:10.420, 0, 4389, 86
2026/08/10 14:12:10.422, 1, 5803, 30
2026/08/10 14:12:11.509, 0, 5029, 0
2026/08/10 14:12:11.520, 1, 4587, 90
2026/08/10 14:12:12.576, 0, 4357, 59
2026/08/10 14:12:12.579, 1, 4683, 93
2026/08/10 14:12:13.627, 0, 5541, 100
2026/08/10 14:12:13.629, 1, 5195, 100
2026/08/10 14:12:14.674, 0, 4261, 23
2026/08/10 14:12:14.677, 1, 7051, 99
2026/08/10 14:12:15.724, 0, 3365, 70
2026/08/10 14:12:15.727, 1, 4779, 90
2026/08/10 14:12:16.769, 0, 3909, 64
2026/08/10 14:12:16.771, 1, 5131, 26
2026/08/10 14:12:17.824, 0, 5861, 63
2026/08/10 14:12:17.826, 1, 8395, 78
2026/08/10 14:12:18.869, 0, 4581, 94
2026/08/10 14:12:18.872, 1, 4907, 15
2026/08/10 14:12:19.916, 0, 3749, 69
2026/08/10 14:12:19.918, 1, 4971, 40
2026/08/10 14:12:20.999, 0, 3973, 63
2026/08/10 14:12:21.008, 1, 5323, 84
2026/08/10 14:12:22.077, 0, 3685, 67
2026/08/10 14:12:22.086, 1, 5483, 100
2026/08/10 14:12:23.154, 0, 5605, 59
2026/08/10 14:12:23.162, 1, 6283, 65
2026/08/10 14:12:24.225, 0, 4037, 91
2026/08/10 14:12:24.228, 1, 8459, 63
2026/08/10 14:12:25.276, 0, 3941, 100
2026/08/10 14:12:25.279, 1, 5163, 90
2026/08/10 14:12:26.323, 0, 7813, 100
2026/08/10 14:12:26.325, 1, 5803, 100
2026/08/10 14:12:27.401, 0, 3397, 100
2026/08/10 14:12:27.407, 1, 7051, 70
2026/08/10 14:12:28.515, 0, 5861, 99
2026/08/10 14:12:28.521, 1, 6571, 100
2026/08/10 14:12:29.608, 0, 3429, 84
2026/08/10 14:12:29.612, 1, 4299, 90
2026/08/10 14:12:30.696, 0, 5221, 93
2026/08/10 14:12:30.699, 1, 6443, 99
2026/08/10 14:12:31.781, 0, 6085, 64
2026/08/10 14:12:31.785, 1, 6443, 59
2026/08/10 14:12:32.834, 0, 9061, 100
2026/08/10 14:12:32.836, 1, 7179, 100
2026/08/10 14:12:33.877, 0, 9061, 0
2026/08/10 14:12:33.879, 1, 7179, 10
2026/08/10 14:12:34.920, 0, 9061, 0
2026/08/10 14:12:34.922, 1, 7179, 0
2026/08/10 14:12:35.962, 0, 9061, 0
2026/08/10 14:12:35.964, 1, 7179, 0
2026/08/10 14:12:37.004, 0, 9061, 0
2026/08/10 14:12:37.006, 1, 7179, 0
2026/08/10 14:12:38.044, 0, 9061, 0
2026/08/10 14:12:38.047, 1, 7179, 0
2026/08/10 14:12:39.087, 0, 9061, 0
2026/08/10 14:12:39.090, 1, 7179, 0
2026/08/10 14:12:40.129, 0, 9061, 0
2026/08/10 14:12:40.132, 1, 7179, 0
2026/08/10 14:12:41.171, 0, 9061, 0
2026/08/10 14:12:41.173, 1, 7179, 0
2026/08/10 14:12:42.212, 0, 9061, 0
2026/08/10 14:12:42.214, 1, 7179, 0
2026/08/10 14:12:43.255, 0, 9061, 0
2026/08/10 14:12:43.256, 1, 7179, 0
2026/08/10 14:12:44.296, 0, 9061, 0
2026/08/10 14:12:44.299, 1, 7179, 0
2026/08/10 14:12:45.338, 0, 9061, 0
2026/08/10 14:12:45.341, 1, 7179, 0
2026/08/10 14:12:46.379, 0, 9061, 0
2026/08/10 14:12:46.381, 1, 7179, 0
2026/08/10 14:12:47.423, 0, 9061, 0
2026/08/10 14:12:47.425, 1, 7179, 0
2026/08/10 14:12:48.464, 0, 9061, 0
2026/08/10 14:12:48.466, 1, 7179, 0
2026/08/10 14:12:49.505, 0, 9061, 0
2026/08/10 14:12:49.507, 1, 7179, 0
2026/08/10 14:12:50.547, 0, 9061, 0
2026/08/10 14:12:50.549, 1, 7179, 0
2026/08/10 14:12:51.588, 0, 9061, 0
2026/08/10 14:12:51.591, 1, 7179, 0
2026/08/10 14:12:52.632, 0, 9061, 0
2026/08/10 14:12:52.635, 1, 7179, 0
2026/08/10 14:12:53.677, 0, 9061, 0
2026/08/10 14:12:53.681, 1, 7179, 0
2026/08/10 14:12:54.720, 0, 9061, 0
2026/08/10 14:12:54.723, 1, 7179, 0
2026/08/10 14:12:55.761, 0, 9061, 0
2026/08/10 14:12:55.765, 1, 7179, 0
2026/08/10 14:12:56.804, 0, 9061, 0
2026/08/10 14:12:56.807, 1, 7179, 0
2026/08/10 14:12:57.848, 0, 9061, 0
2026/08/10 14:12:57.852, 1, 7179, 0
2026/08/10 14:12:58.890, 0, 9061, 0
2026/08/10 14:12:58.894, 1, 7179, 0
2026/08/10 14:12:59.935, 0, 9061, 0
2026/08/10 14:12:59.938, 1, 7179, 0
2026/08/10 14:13:00.978, 0, 9061, 0
2026/08/10 14:13:00.982, 1, 7179, 0
2026/08/10 14:13:02.025, 0, 9061, 0
2026/08/10 14:13:02.029, 1, 7179, 0
