v5_sweeps block=256 backprop_blocks_per_sm=4 reach_blocks_per_sm=2
v5_sweeps block=256 backprop_blocks_per_sm=4 reach_blocks_per_sm=2
v5_sweeps block=256 backprop_blocks_per_sm=4 reach_blocks_per_sm=2
v5_sweeps block=256 backprop_blocks_per_sm=4 reach_blocks_per_sm=2
v5 GEMM compute=fast-f16
v5_device jobs=39 rows=7098 cells=257478 direct=true graph_reused=false upload_ms=6.87 capture_ms=415.45 queue_ms=29.32 gpu_ms=0.01 unpack_ms=1.61 total_ms=453.27
v5_service device=1 lane=1 class=0 jobs=39 rows=7098 cells=257478 reach=259506 reverse=257478 table_mib=11.4 mutable_mib=312.0 max_job_mib=8.5 oldest_ms=78.68 pack_ms=10.51 solve_ms=453.36
v5_device jobs=45 rows=8190 cells=297090 direct=true graph_reused=false upload_ms=8.47 capture_ms=409.31 queue_ms=31.96 gpu_ms=0.01 unpack_ms=2.46 total_ms=452.21
v5_service device=1 lane=0 class=0 jobs=45 rows=8190 cells=297090 reach=299430 reverse=297090 table_mib=13.2 mutable_mib=360.0 max_job_mib=8.5 oldest_ms=81.55 pack_ms=13.17 solve_ms=452.29
v5_device jobs=39 rows=7098 cells=257478 direct=true graph_reused=false upload_ms=7.45 capture_ms=413.52 queue_ms=33.56 gpu_ms=0.01 unpack_ms=5.56 total_ms=460.09
v5_service device=0 lane=0 class=0 jobs=39 rows=7098 cells=257478 reach=259506 reverse=257478 table_mib=11.4 mutable_mib=312.0 max_job_mib=8.5 oldest_ms=78.31 pack_ms=12.95 solve_ms=460.14
v5_device jobs=45 rows=8190 cells=297090 direct=true graph_reused=false upload_ms=8.69 capture_ms=410.65 queue_ms=37.94 gpu_ms=0.03 unpack_ms=5.00 total_ms=462.31
v5_service device=0 lane=1 class=0 jobs=45 rows=8190 cells=297090 reach=299430 reverse=297090 table_mib=13.2 mutable_mib=360.0 max_job_mib=8.5 oldest_ms=80.98 pack_ms=12.55 solve_ms=462.40
v5_device jobs=52 rows=9464 cells=343304 direct=true graph_reused=false upload_ms=6.60 capture_ms=3.94 queue_ms=30.03 gpu_ms=0.01 unpack_ms=2.15 total_ms=42.73
v5_service device=1 lane=1 class=0 jobs=52 rows=9464 cells=343304 reach=346008 reverse=343304 table_mib=15.3 mutable_mib=416.0 max_job_mib=8.5 oldest_ms=77.72 pack_ms=7.04 solve_ms=42.78
v5_device jobs=47 rows=8554 cells=310294 direct=true graph_reused=false upload_ms=5.18 capture_ms=2.94 queue_ms=21.70 gpu_ms=0.01 unpack_ms=2.41 total_ms=32.24
v5_service device=0 lane=1 class=0 jobs=47 rows=8554 cells=310294 reach=312738 reverse=310294 table_mib=13.8 mutable_mib=376.0 max_job_mib=8.5 oldest_ms=77.34 pack_ms=6.57 solve_ms=32.29
v5_device jobs=57 rows=10374 cells=376314 direct=true graph_reused=false upload_ms=6.53 capture_ms=2.96 queue_ms=35.88 gpu_ms=0.02 unpack_ms=2.99 total_ms=48.39
v5_service device=1 lane=0 class=0 jobs=57 rows=10374 cells=376314 reach=379278 reverse=376314 table_mib=16.7 mutable_mib=456.0 max_job_mib=8.5 oldest_ms=79.02 pack_ms=7.97 solve_ms=48.46
v5_device jobs=66 rows=12012 cells=435732 direct=true graph_reused=false upload_ms=16.78 capture_ms=12.95 queue_ms=37.62 gpu_ms=5.32 unpack_ms=3.24 total_ms=75.91
v5_service device=0 lane=0 class=0 jobs=66 rows=12012 cells=435732 reach=439164 reverse=435732 table_mib=19.4 mutable_mib=528.0 max_job_mib=8.5 oldest_ms=77.87 pack_ms=14.25 solve_ms=75.96
v5_device jobs=61 rows=11102 cells=402722 direct=true graph_reused=false upload_ms=8.61 capture_ms=2.60 queue_ms=25.51 gpu_ms=5.24 unpack_ms=2.84 total_ms=44.80
v5_service device=0 lane=1 class=0 jobs=61 rows=11102 cells=402722 reach=405894 reverse=402722 table_mib=17.9 mutable_mib=488.0 max_job_mib=8.5 oldest_ms=78.15 pack_ms=7.71 solve_ms=44.86
v5_device jobs=61 rows=11102 cells=402722 direct=true graph_reused=false upload_ms=9.25 capture_ms=2.91 queue_ms=31.21 gpu_ms=0.01 unpack_ms=2.53 total_ms=45.90
v5_service device=1 lane=1 class=0 jobs=61 rows=11102 cells=402722 reach=405894 reverse=402722 table_mib=17.9 mutable_mib=488.0 max_job_mib=8.5 oldest_ms=78.26 pack_ms=8.21 solve_ms=45.98
v5_device jobs=62 rows=11284 cells=409324 direct=true graph_reused=false upload_ms=7.83 capture_ms=3.13 queue_ms=31.11 gpu_ms=5.43 unpack_ms=3.08 total_ms=50.58
v5_service device=1 lane=0 class=0 jobs=62 rows=11284 cells=409324 reach=412548 reverse=409324 table_mib=18.2 mutable_mib=496.0 max_job_mib=8.5 oldest_ms=78.29 pack_ms=8.20 solve_ms=50.63
v5_device jobs=63 rows=11466 cells=415926 direct=true graph_reused=false upload_ms=18.75 capture_ms=3.02 queue_ms=25.76 gpu_ms=0.01 unpack_ms=2.41 total_ms=49.95
v5_service device=0 lane=0 class=0 jobs=63 rows=11466 cells=415926 reach=419202 reverse=415926 table_mib=18.5 mutable_mib=504.0 max_job_mib=8.5 oldest_ms=78.96 pack_ms=7.86 solve_ms=50.00
v5_device jobs=60 rows=10920 cells=396120 direct=true graph_reused=false upload_ms=6.67 capture_ms=2.87 queue_ms=24.46 gpu_ms=0.01 unpack_ms=2.37 total_ms=36.39
v5_service device=0 lane=1 class=0 jobs=60 rows=10920 cells=396120 reach=399240 reverse=396120 table_mib=17.6 mutable_mib=480.0 max_job_mib=8.5 oldest_ms=77.58 pack_ms=7.54 solve_ms=36.44
v5_device jobs=62 rows=11284 cells=409324 direct=true graph_reused=false upload_ms=7.43 capture_ms=2.60 queue_ms=27.39 gpu_ms=0.02 unpack_ms=3.42 total_ms=40.86
v5_service device=1 lane=1 class=0 jobs=62 rows=11284 cells=409324 reach=412548 reverse=409324 table_mib=18.2 mutable_mib=496.0 max_job_mib=8.5 oldest_ms=79.11 pack_ms=8.24 solve_ms=40.92
v5_device jobs=63 rows=11466 cells=415926 direct=true graph_reused=false upload_ms=9.99 capture_ms=4.93 queue_ms=23.51 gpu_ms=0.01 unpack_ms=2.57 total_ms=41.02
v5_service device=1 lane=0 class=0 jobs=63 rows=11466 cells=415926 reach=419202 reverse=415926 table_mib=18.5 mutable_mib=504.0 max_job_mib=8.5 oldest_ms=78.63 pack_ms=8.26 solve_ms=41.08
v5_device jobs=66 rows=12012 cells=435732 direct=true graph_reused=false upload_ms=8.96 capture_ms=2.50 queue_ms=32.33 gpu_ms=0.01 unpack_ms=3.21 total_ms=47.01
v5_service device=0 lane=0 class=0 jobs=66 rows=12012 cells=435732 reach=439164 reverse=435732 table_mib=19.4 mutable_mib=528.0 max_job_mib=8.5 oldest_ms=78.84 pack_ms=10.02 solve_ms=47.06
v5_device jobs=62 rows=11284 cells=409324 direct=true graph_reused=false upload_ms=6.96 capture_ms=2.55 queue_ms=25.18 gpu_ms=0.01 unpack_ms=2.43 total_ms=37.12
v5_service device=0 lane=1 class=0 jobs=62 rows=11284 cells=409324 reach=412548 reverse=409324 table_mib=18.2 mutable_mib=496.0 max_job_mib=8.5 oldest_ms=79.04 pack_ms=7.67 solve_ms=37.18
v5_device jobs=61 rows=11102 cells=402722 direct=true graph_reused=false upload_ms=7.15 capture_ms=2.56 queue_ms=26.89 gpu_ms=0.02 unpack_ms=3.40 total_ms=40.02
v5_service device=1 lane=1 class=0 jobs=61 rows=11102 cells=402722 reach=405894 reverse=402722 table_mib=17.9 mutable_mib=488.0 max_job_mib=8.5 oldest_ms=77.89 pack_ms=7.88 solve_ms=40.08
v5_device jobs=64 rows=11648 cells=422528 direct=true graph_reused=false upload_ms=10.65 capture_ms=3.49 queue_ms=24.72 gpu_ms=0.01 unpack_ms=2.60 total_ms=41.47
v5_service device=1 lane=0 class=0 jobs=64 rows=11648 cells=422528 reach=425856 reverse=422528 table_mib=18.8 mutable_mib=512.0 max_job_mib=8.5 oldest_ms=78.82 pack_ms=8.64 solve_ms=41.53
v5_device jobs=65 rows=11830 cells=429130 direct=true graph_reused=false upload_ms=7.24 capture_ms=2.74 queue_ms=26.94 gpu_ms=0.01 unpack_ms=2.54 total_ms=39.47
v5_service device=0 lane=0 class=0 jobs=65 rows=11830 cells=429130 reach=432510 reverse=429130 table_mib=19.1 mutable_mib=520.0 max_job_mib=8.5 oldest_ms=79.37 pack_ms=8.63 solve_ms=39.52
v5_device jobs=62 rows=11284 cells=409324 direct=true graph_reused=false upload_ms=6.84 capture_ms=2.54 queue_ms=25.29 gpu_ms=0.01 unpack_ms=2.44 total_ms=37.12
v5_service device=0 lane=1 class=0 jobs=62 rows=11284 cells=409324 reach=412548 reverse=409324 table_mib=18.2 mutable_mib=496.0 max_job_mib=8.5 oldest_ms=78.19 pack_ms=7.78 solve_ms=37.17
v5_device jobs=55 rows=10010 cells=363110 direct=true graph_reused=false upload_ms=6.12 capture_ms=2.82 queue_ms=23.84 gpu_ms=0.02 unpack_ms=2.78 total_ms=35.58
v5_service device=1 lane=1 class=0 jobs=55 rows=10010 cells=363110 reach=365970 reverse=363110 table_mib=16.1 mutable_mib=440.0 max_job_mib=8.5 oldest_ms=77.04 pack_ms=7.27 solve_ms=35.63
v5_device jobs=62 rows=11284 cells=409324 direct=true graph_reused=false upload_ms=10.07 capture_ms=3.01 queue_ms=23.88 gpu_ms=0.01 unpack_ms=2.56 total_ms=39.52
v5_service device=1 lane=0 class=0 jobs=62 rows=11284 cells=409324 reach=412548 reverse=409324 table_mib=18.2 mutable_mib=496.0 max_job_mib=8.5 oldest_ms=77.58 pack_ms=9.16 solve_ms=39.58
v5_device jobs=64 rows=11648 cells=422528 direct=true graph_reused=false upload_ms=7.08 capture_ms=2.48 queue_ms=26.98 gpu_ms=0.01 unpack_ms=2.50 total_ms=39.05
v5_service device=0 lane=0 class=0 jobs=64 rows=11648 cells=422528 reach=425856 reverse=422528 table_mib=18.8 mutable_mib=512.0 max_job_mib=8.5 oldest_ms=77.70 pack_ms=8.15 solve_ms=39.10
v5_device jobs=62 rows=11284 cells=409324 direct=true graph_reused=false upload_ms=6.80 capture_ms=2.59 queue_ms=25.18 gpu_ms=0.01 unpack_ms=2.43 total_ms=37.00
v5_service device=0 lane=1 class=0 jobs=62 rows=11284 cells=409324 reach=412548 reverse=409324 table_mib=18.2 mutable_mib=496.0 max_job_mib=8.5 oldest_ms=77.73 pack_ms=7.79 solve_ms=37.06
v5_device jobs=61 rows=11102 cells=402722 direct=true graph_reused=false upload_ms=7.06 capture_ms=2.57 queue_ms=26.96 gpu_ms=0.02 unpack_ms=3.14 total_ms=39.74
v5_service device=1 lane=1 class=0 jobs=61 rows=11102 cells=402722 reach=405894 reverse=402722 table_mib=17.9 mutable_mib=488.0 max_job_mib=8.5 oldest_ms=77.52 pack_ms=7.86 solve_ms=39.80
v5_device jobs=63 rows=11466 cells=415926 direct=true graph_reused=false upload_ms=8.84 capture_ms=2.89 queue_ms=24.48 gpu_ms=0.01 unpack_ms=2.59 total_ms=38.80
v5_service device=1 lane=0 class=0 jobs=63 rows=11466 cells=415926 reach=419202 reverse=415926 table_mib=18.5 mutable_mib=504.0 max_job_mib=8.5 oldest_ms=78.16 pack_ms=9.80 solve_ms=38.85
v5_device jobs=64 rows=11648 cells=422528 direct=true graph_reused=false upload_ms=7.30 capture_ms=2.58 queue_ms=27.17 gpu_ms=0.01 unpack_ms=2.56 total_ms=39.62
v5_service device=0 lane=0 class=0 jobs=64 rows=11648 cells=422528 reach=425856 reverse=422528 table_mib=18.8 mutable_mib=512.0 max_job_mib=8.5 oldest_ms=77.85 pack_ms=8.62 solve_ms=39.68
v5_device jobs=61 rows=11102 cells=402722 direct=true graph_reused=false upload_ms=6.60 capture_ms=2.53 queue_ms=25.15 gpu_ms=0.01 unpack_ms=2.44 total_ms=36.73
v5_service device=0 lane=1 class=0 jobs=61 rows=11102 cells=402722 reach=405894 reverse=402722 table_mib=17.9 mutable_mib=488.0 max_job_mib=8.5 oldest_ms=77.91 pack_ms=7.90 solve_ms=36.78
v5_device jobs=60 rows=10920 cells=396120 direct=true graph_reused=false upload_ms=6.88 capture_ms=2.59 queue_ms=27.38 gpu_ms=0.02 unpack_ms=3.00 total_ms=39.86
v5_service device=1 lane=1 class=0 jobs=60 rows=10920 cells=396120 reach=399240 reverse=396120 table_mib=17.6 mutable_mib=480.0 max_job_mib=8.5 oldest_ms=77.37 pack_ms=7.82 solve_ms=39.92
v5_device jobs=64 rows=11648 cells=422528 direct=true graph_reused=false upload_ms=8.32 capture_ms=2.77 queue_ms=24.79 gpu_ms=0.01 unpack_ms=2.63 total_ms=38.52
v5_service device=1 lane=0 class=0 jobs=64 rows=11648 cells=422528 reach=425856 reverse=422528 table_mib=18.8 mutable_mib=512.0 max_job_mib=8.5 oldest_ms=80.89 pack_ms=9.93 solve_ms=38.57
v5_device jobs=64 rows=11648 cells=422528 direct=true graph_reused=false upload_ms=7.13 capture_ms=2.48 queue_ms=27.56 gpu_ms=0.01 unpack_ms=2.77 total_ms=39.96
v5_service device=0 lane=0 class=0 jobs=64 rows=11648 cells=422528 reach=425856 reverse=422528 table_mib=18.8 mutable_mib=512.0 max_job_mib=8.5 oldest_ms=77.47 pack_ms=8.11 solve_ms=40.01
v5_device jobs=63 rows=11466 cells=415926 direct=true graph_reused=false upload_ms=6.99 capture_ms=2.50 queue_ms=25.65 gpu_ms=0.01 unpack_ms=2.46 total_ms=37.60
v5_service device=0 lane=1 class=0 jobs=63 rows=11466 cells=415926 reach=419202 reverse=415926 table_mib=18.5 mutable_mib=504.0 max_job_mib=8.5 oldest_ms=80.55 pack_ms=8.43 solve_ms=37.66
v5_device jobs=62 rows=11284 cells=409324 direct=true graph_reused=false upload_ms=7.18 capture_ms=2.58 queue_ms=25.70 gpu_ms=0.01 unpack_ms=3.02 total_ms=38.48
v5_service device=1 lane=1 class=0 jobs=62 rows=11284 cells=409324 reach=412548 reverse=409324 table_mib=18.2 mutable_mib=496.0 max_job_mib=8.5 oldest_ms=77.39 pack_ms=8.17 solve_ms=38.53
v5_device jobs=63 rows=11466 cells=415926 direct=true graph_reused=false upload_ms=7.56 capture_ms=2.61 queue_ms=24.48 gpu_ms=0.01 unpack_ms=2.60 total_ms=37.25
v5_service device=1 lane=0 class=0 jobs=63 rows=11466 cells=415926 reach=419202 reverse=415926 table_mib=18.5 mutable_mib=504.0 max_job_mib=8.5 oldest_ms=78.77 pack_ms=9.76 solve_ms=37.30
v5_device jobs=64 rows=11648 cells=422528 direct=true graph_reused=false upload_ms=7.15 capture_ms=2.44 queue_ms=27.43 gpu_ms=0.01 unpack_ms=2.69 total_ms=39.72
v5_service device=0 lane=0 class=0 jobs=64 rows=11648 cells=422528 reach=425856 reverse=422528 table_mib=18.8 mutable_mib=512.0 max_job_mib=8.5 oldest_ms=78.28 pack_ms=8.14 solve_ms=39.78
v5_device jobs=62 rows=11284 cells=409324 direct=true graph_reused=false upload_ms=6.86 capture_ms=2.52 queue_ms=25.23 gpu_ms=0.01 unpack_ms=2.37 total_ms=36.99
v5_service device=0 lane=1 class=0 jobs=62 rows=11284 cells=409324 reach=412548 reverse=409324 table_mib=18.2 mutable_mib=496.0 max_job_mib=8.5 oldest_ms=78.25 pack_ms=8.26 solve_ms=37.04
v5_device jobs=61 rows=11102 cells=402722 direct=true graph_reused=false upload_ms=7.22 capture_ms=2.49 queue_ms=27.06 gpu_ms=0.01 unpack_ms=2.70 total_ms=39.47
v5_service device=1 lane=1 class=0 jobs=61 rows=11102 cells=402722 reach=405894 reverse=402722 table_mib=17.9 mutable_mib=488.0 max_job_mib=8.5 oldest_ms=78.88 pack_ms=8.45 solve_ms=39.54
v5_device jobs=63 rows=11466 cells=415926 direct=true graph_reused=false upload_ms=7.91 capture_ms=2.72 queue_ms=24.36 gpu_ms=0.01 unpack_ms=2.57 total_ms=37.57
v5_service device=1 lane=0 class=0 jobs=63 rows=11466 cells=415926 reach=419202 reverse=415926 table_mib=18.5 mutable_mib=504.0 max_job_mib=8.5 oldest_ms=79.77 pack_ms=9.50 solve_ms=37.62
v5_device jobs=64 rows=11648 cells=422528 direct=true graph_reused=false upload_ms=7.17 capture_ms=2.42 queue_ms=27.80 gpu_ms=0.01 unpack_ms=2.68 total_ms=40.08
v5_service device=0 lane=0 class=0 jobs=64 rows=11648 cells=422528 reach=425856 reverse=422528 table_mib=18.8 mutable_mib=512.0 max_job_mib=8.5 oldest_ms=77.49 pack_ms=7.95 solve_ms=40.13
v5_device jobs=62 rows=11284 cells=409324 direct=true graph_reused=false upload_ms=6.82 capture_ms=2.49 queue_ms=25.22 gpu_ms=0.01 unpack_ms=2.37 total_ms=36.91
v5_service device=0 lane=1 class=0 jobs=62 rows=11284 cells=409324 reach=412548 reverse=409324 table_mib=18.2 mutable_mib=496.0 max_job_mib=8.5 oldest_ms=78.61 pack_ms=8.67 solve_ms=36.96
v5_device jobs=61 rows=11102 cells=402722 direct=true graph_reused=false upload_ms=7.00 capture_ms=2.51 queue_ms=25.63 gpu_ms=0.01 unpack_ms=2.90 total_ms=38.06
v5_service device=1 lane=1 class=0 jobs=61 rows=11102 cells=402722 reach=405894 reverse=402722 table_mib=17.9 mutable_mib=488.0 max_job_mib=8.5 oldest_ms=77.55 pack_ms=7.98 solve_ms=38.12
v5_device jobs=63 rows=11466 cells=415926 direct=true graph_reused=false upload_ms=7.42 capture_ms=2.53 queue_ms=24.46 gpu_ms=0.01 unpack_ms=2.57 total_ms=36.99
v5_service device=1 lane=0 class=0 jobs=63 rows=11466 cells=415926 reach=419202 reverse=415926 table_mib=18.5 mutable_mib=504.0 max_job_mib=8.5 oldest_ms=79.91 pack_ms=9.35 solve_ms=37.05
v5_device jobs=64 rows=11648 cells=422528 direct=true graph_reused=false upload_ms=7.14 capture_ms=2.40 queue_ms=28.12 gpu_ms=0.02 unpack_ms=2.75 total_ms=40.44
v5_service device=0 lane=0 class=0 jobs=64 rows=11648 cells=422528 reach=425856 reverse=422528 table_mib=18.8 mutable_mib=512.0 max_job_mib=8.5 oldest_ms=78.20 pack_ms=8.17 solve_ms=40.49
v5_device jobs=62 rows=11284 cells=409324 direct=true graph_reused=false upload_ms=6.86 capture_ms=2.53 queue_ms=25.20 gpu_ms=0.01 unpack_ms=2.38 total_ms=36.98
v5_service device=0 lane=1 class=0 jobs=62 rows=11284 cells=409324 reach=412548 reverse=409324 table_mib=18.2 mutable_mib=496.0 max_job_mib=8.5 oldest_ms=79.72 pack_ms=8.60 solve_ms=37.03
v5_device jobs=61 rows=11102 cells=402722 direct=true graph_reused=false upload_ms=6.96 capture_ms=2.51 queue_ms=26.14 gpu_ms=0.02 unpack_ms=2.87 total_ms=38.50
v5_service device=1 lane=1 class=0 jobs=61 rows=11102 cells=402722 reach=405894 reverse=402722 table_mib=17.9 mutable_mib=488.0 max_job_mib=8.5 oldest_ms=77.68 pack_ms=8.19 solve_ms=38.56
v5_device jobs=63 rows=11466 cells=415926 direct=true graph_reused=false upload_ms=7.44 capture_ms=2.57 queue_ms=24.85 gpu_ms=0.01 unpack_ms=2.74 total_ms=37.61
v5_service device=1 lane=0 class=0 jobs=63 rows=11466 cells=415926 reach=419202 reverse=415926 table_mib=18.5 mutable_mib=504.0 max_job_mib=8.5 oldest_ms=79.66 pack_ms=9.54 solve_ms=37.66
v5_device jobs=65 rows=11830 cells=429130 direct=true graph_reused=false upload_ms=7.81 capture_ms=2.63 queue_ms=27.94 gpu_ms=0.01 unpack_ms=2.61 total_ms=41.01
v5_service device=0 lane=0 class=0 jobs=65 rows=11830 cells=429130 reach=432510 reverse=429130 table_mib=19.1 mutable_mib=520.0 max_job_mib=8.5 oldest_ms=79.29 pack_ms=8.31 solve_ms=41.06
v5_device jobs=63 rows=11466 cells=415926 direct=true graph_reused=false upload_ms=7.17 capture_ms=2.48 queue_ms=26.07 gpu_ms=0.01 unpack_ms=2.48 total_ms=38.22
v5_service device=0 lane=1 class=0 jobs=63 rows=11466 cells=415926 reach=419202 reverse=415926 table_mib=18.5 mutable_mib=504.0 max_job_mib=8.5 oldest_ms=80.65 pack_ms=9.22 solve_ms=38.27
v5_device jobs=60 rows=10920 cells=396120 direct=true graph_reused=false upload_ms=6.86 capture_ms=2.52 queue_ms=25.14 gpu_ms=0.01 unpack_ms=2.83 total_ms=37.36
v5_service device=1 lane=1 class=0 jobs=60 rows=10920 cells=396120 reach=399240 reverse=396120 table_mib=17.6 mutable_mib=480.0 max_job_mib=8.5 oldest_ms=78.50 pack_ms=8.04 solve_ms=37.41
v5_device jobs=63 rows=11466 cells=415926 direct=true graph_reused=false upload_ms=7.40 capture_ms=2.62 queue_ms=24.46 gpu_ms=0.01 unpack_ms=2.59 total_ms=37.07
v5_service device=1 lane=0 class=0 jobs=63 rows=11466 cells=415926 reach=419202 reverse=415926 table_mib=18.5 mutable_mib=504.0 max_job_mib=8.5 oldest_ms=80.47 pack_ms=9.28 solve_ms=37.12
v5_device jobs=64 rows=11648 cells=422528 direct=true graph_reused=false upload_ms=7.18 capture_ms=2.41 queue_ms=27.69 gpu_ms=0.01 unpack_ms=2.64 total_ms=39.93
v5_service device=0 lane=0 class=0 jobs=64 rows=11648 cells=422528 reach=425856 reverse=422528 table_mib=18.8 mutable_mib=512.0 max_job_mib=8.5 oldest_ms=78.03 pack_ms=8.04 solve_ms=39.99
v5_device jobs=64 rows=11648 cells=422528 direct=true graph_reused=false upload_ms=7.04 capture_ms=2.50 queue_ms=26.24 gpu_ms=0.01 unpack_ms=2.47 total_ms=38.27
v5_service device=0 lane=1 class=0 jobs=64 rows=11648 cells=422528 reach=425856 reverse=422528 table_mib=18.8 mutable_mib=512.0 max_job_mib=8.5 oldest_ms=81.24 pack_ms=8.66 solve_ms=38.32
v5_device jobs=60 rows=10920 cells=396120 direct=true graph_reused=false upload_ms=6.95 capture_ms=2.59 queue_ms=24.06 gpu_ms=0.01 unpack_ms=2.88 total_ms=36.49
v5_service device=1 lane=1 class=0 jobs=60 rows=10920 cells=396120 reach=399240 reverse=396120 table_mib=17.6 mutable_mib=480.0 max_job_mib=8.5 oldest_ms=77.90 pack_ms=8.15 solve_ms=36.55
v5_device jobs=63 rows=11466 cells=415926 direct=true graph_reused=false upload_ms=7.53 capture_ms=2.67 queue_ms=24.36 gpu_ms=0.01 unpack_ms=2.60 total_ms=37.18
v5_service device=1 lane=0 class=0 jobs=63 rows=11466 cells=415926 reach=419202 reverse=415926 table_mib=18.5 mutable_mib=504.0 max_job_mib=8.5 oldest_ms=79.66 pack_ms=9.40 solve_ms=37.23
v5_device jobs=64 rows=11648 cells=422528 direct=true graph_reused=false upload_ms=7.19 capture_ms=2.52 queue_ms=27.71 gpu_ms=0.01 unpack_ms=2.60 total_ms=40.04
v5_service device=0 lane=0 class=0 jobs=64 rows=11648 cells=422528 reach=425856 reverse=422528 table_mib=18.8 mutable_mib=512.0 max_job_mib=8.5 oldest_ms=77.78 pack_ms=8.26 solve_ms=40.10
v5_device jobs=61 rows=11102 cells=402722 direct=true graph_reused=false upload_ms=7.15 capture_ms=2.50 queue_ms=24.61 gpu_ms=0.01 unpack_ms=2.48 total_ms=36.74
v5_service device=1 lane=1 class=0 jobs=61 rows=11102 cells=402722 reach=405894 reverse=402722 table_mib=17.9 mutable_mib=488.0 max_job_mib=8.5 oldest_ms=78.89 pack_ms=8.38 solve_ms=36.79
v5_device jobs=61 rows=11102 cells=402722 direct=true graph_reused=false upload_ms=6.76 capture_ms=2.65 queue_ms=25.64 gpu_ms=0.01 unpack_ms=2.51 total_ms=37.57
v5_service device=0 lane=1 class=0 jobs=61 rows=11102 cells=402722 reach=405894 reverse=402722 table_mib=17.9 mutable_mib=488.0 max_job_mib=8.5 oldest_ms=80.97 pack_ms=8.19 solve_ms=37.62
v5_device jobs=63 rows=11466 cells=415926 direct=true graph_reused=false upload_ms=7.52 capture_ms=2.64 queue_ms=24.49 gpu_ms=0.01 unpack_ms=2.65 total_ms=37.31
v5_service device=1 lane=0 class=0 jobs=63 rows=11466 cells=415926 reach=419202 reverse=415926 table_mib=18.5 mutable_mib=504.0 max_job_mib=8.5 oldest_ms=78.45 pack_ms=9.46 solve_ms=37.36
v5_device jobs=63 rows=11466 cells=415926 direct=true graph_reused=false upload_ms=7.43 capture_ms=2.50 queue_ms=27.39 gpu_ms=0.02 unpack_ms=2.90 total_ms=40.24
v5_service device=0 lane=0 class=0 jobs=63 rows=11466 cells=415926 reach=419202 reverse=415926 table_mib=18.5 mutable_mib=504.0 max_job_mib=8.5 oldest_ms=77.49 pack_ms=8.23 solve_ms=40.30
v5_device jobs=62 rows=11284 cells=409324 direct=true graph_reused=false upload_ms=7.02 capture_ms=2.52 queue_ms=25.67 gpu_ms=0.01 unpack_ms=2.40 total_ms=37.63
v5_service device=0 lane=1 class=0 jobs=62 rows=11284 cells=409324 reach=412548 reverse=409324 table_mib=18.2 mutable_mib=496.0 max_job_mib=8.5 oldest_ms=79.60 pack_ms=8.60 solve_ms=37.68
v5_device jobs=61 rows=11102 cells=402722 direct=true graph_reused=false upload_ms=7.22 capture_ms=2.56 queue_ms=24.43 gpu_ms=0.01 unpack_ms=2.68 total_ms=36.90
v5_service device=1 lane=1 class=0 jobs=61 rows=11102 cells=402722 reach=405894 reverse=402722 table_mib=17.9 mutable_mib=488.0 max_job_mib=8.5 oldest_ms=81.39 pack_ms=8.37 solve_ms=36.95
v5_device jobs=63 rows=11466 cells=415926 direct=true graph_reused=false upload_ms=7.83 capture_ms=2.59 queue_ms=24.56 gpu_ms=0.01 unpack_ms=2.59 total_ms=37.57
v5_service device=1 lane=0 class=0 jobs=63 rows=11466 cells=415926 reach=419202 reverse=415926 table_mib=18.5 mutable_mib=504.0 max_job_mib=8.5 oldest_ms=79.68 pack_ms=9.54 solve_ms=37.63
v5_device jobs=64 rows=11648 cells=422528 direct=true graph_reused=false upload_ms=7.19 capture_ms=2.41 queue_ms=27.39 gpu_ms=0.01 unpack_ms=2.51 total_ms=39.51
v5_service device=0 lane=0 class=0 jobs=64 rows=11648 cells=422528 reach=425856 reverse=422528 table_mib=18.8 mutable_mib=512.0 max_job_mib=8.5 oldest_ms=78.75 pack_ms=8.11 solve_ms=39.56
v5_device jobs=60 rows=10920 cells=396120 direct=true graph_reused=false upload_ms=7.12 capture_ms=2.54 queue_ms=24.14 gpu_ms=0.01 unpack_ms=2.40 total_ms=36.20
v5_service device=1 lane=1 class=0 jobs=60 rows=10920 cells=396120 reach=399240 reverse=396120 table_mib=17.6 mutable_mib=480.0 max_job_mib=8.5 oldest_ms=78.88 pack_ms=8.35 solve_ms=36.26
v5_device jobs=62 rows=11284 cells=409324 direct=true graph_reused=false upload_ms=7.02 capture_ms=2.51 queue_ms=25.32 gpu_ms=0.01 unpack_ms=2.63 total_ms=37.49
v5_service device=0 lane=1 class=0 jobs=62 rows=11284 cells=409324 reach=412548 reverse=409324 table_mib=18.2 mutable_mib=496.0 max_job_mib=8.5 oldest_ms=79.96 pack_ms=8.63 solve_ms=37.55
v5_device jobs=63 rows=11466 cells=415926 direct=true graph_reused=false upload_ms=7.61 capture_ms=2.57 queue_ms=24.54 gpu_ms=0.01 unpack_ms=2.60 total_ms=37.33
v5_service device=1 lane=0 class=0 jobs=63 rows=11466 cells=415926 reach=419202 reverse=415926 table_mib=18.5 mutable_mib=504.0 max_job_mib=8.5 oldest_ms=78.67 pack_ms=9.57 solve_ms=37.39
v5_device jobs=65 rows=11830 cells=429130 direct=true graph_reused=false upload_ms=7.30 capture_ms=2.43 queue_ms=28.49 gpu_ms=0.01 unpack_ms=2.62 total_ms=40.85
v5_service device=0 lane=0 class=0 jobs=65 rows=11830 cells=429130 reach=432510 reverse=429130 table_mib=19.1 mutable_mib=520.0 max_job_mib=8.5 oldest_ms=78.57 pack_ms=8.07 solve_ms=40.90
v5_device jobs=61 rows=11102 cells=402722 direct=true graph_reused=false upload_ms=8.08 capture_ms=2.75 queue_ms=24.83 gpu_ms=0.01 unpack_ms=2.89 total_ms=38.56
v5_service device=1 lane=1 class=0 jobs=61 rows=11102 cells=402722 reach=405894 reverse=402722 table_mib=17.9 mutable_mib=488.0 max_job_mib=8.5 oldest_ms=80.12 pack_ms=9.11 solve_ms=38.61
v5_device jobs=63 rows=11466 cells=415926 direct=true graph_reused=false upload_ms=7.99 capture_ms=2.77 queue_ms=27.13 gpu_ms=0.01 unpack_ms=3.28 total_ms=41.18
v5_service device=0 lane=1 class=0 jobs=63 rows=11466 cells=415926 reach=419202 reverse=415926 table_mib=18.5 mutable_mib=504.0 max_job_mib=8.5 oldest_ms=79.25 pack_ms=9.53 solve_ms=41.24
v5_device jobs=61 rows=11102 cells=402722 direct=true graph_reused=false upload_ms=7.87 capture_ms=2.76 queue_ms=23.60 gpu_ms=0.01 unpack_ms=2.52 total_ms=36.76
v5_service device=1 lane=0 class=0 jobs=61 rows=11102 cells=402722 reach=405894 reverse=402722 table_mib=17.9 mutable_mib=488.0 max_job_mib=8.5 oldest_ms=78.25 pack_ms=9.74 solve_ms=36.81
v5_device jobs=61 rows=11102 cells=402722 direct=true graph_reused=false upload_ms=6.76 capture_ms=2.44 queue_ms=26.11 gpu_ms=0.01 unpack_ms=2.39 total_ms=37.71
v5_service device=0 lane=0 class=0 jobs=61 rows=11102 cells=402722 reach=405894 reverse=402722 table_mib=17.9 mutable_mib=488.0 max_job_mib=8.5 oldest_ms=78.90 pack_ms=7.81 solve_ms=37.76
v5_device jobs=60 rows=10920 cells=396120 direct=true graph_reused=false upload_ms=6.98 capture_ms=2.62 queue_ms=24.16 gpu_ms=0.01 unpack_ms=2.45 total_ms=36.22
v5_service device=1 lane=1 class=0 jobs=60 rows=10920 cells=396120 reach=399240 reverse=396120 table_mib=17.6 mutable_mib=480.0 max_job_mib=8.5 oldest_ms=79.07 pack_ms=8.40 solve_ms=36.29
v5_device jobs=62 rows=11284 cells=409324 direct=true graph_reused=false upload_ms=6.89 capture_ms=2.50 queue_ms=25.96 gpu_ms=0.01 unpack_ms=3.04 total_ms=38.40
v5_service device=0 lane=1 class=0 jobs=62 rows=11284 cells=409324 reach=412548 reverse=409324 table_mib=18.2 mutable_mib=496.0 max_job_mib=8.5 oldest_ms=79.00 pack_ms=8.09 solve_ms=38.46
v5_device jobs=63 rows=12013 cells=380646 direct=true graph_reused=false upload_ms=7.26 capture_ms=3.35 queue_ms=26.79 gpu_ms=0.01 unpack_ms=2.35 total_ms=39.75
v5_service device=1 lane=0 class=0 jobs=63 rows=12013 cells=380646 reach=368226 reverse=380646 table_mib=17.2 mutable_mib=476.0 max_job_mib=8.7 oldest_ms=79.56 pack_ms=8.89 solve_ms=39.80
v5_device jobs=66 rows=13462 cells=389018 direct=true graph_reused=false upload_ms=6.65 capture_ms=3.04 queue_ms=29.43 gpu_ms=0.01 unpack_ms=2.49 total_ms=41.62
v5_service device=0 lane=0 class=0 jobs=66 rows=13462 cells=389018 reach=343757 reverse=389018 table_mib=17.7 mutable_mib=488.0 max_job_mib=8.7 oldest_ms=79.01 pack_ms=7.66 solve_ms=41.66
v5_device jobs=3 rows=1208 cells=14133 direct=true graph_reused=false upload_ms=0.37 capture_ms=4.02 queue_ms=2.76 gpu_ms=0.01 unpack_ms=0.11 total_ms=7.27
v5_service device=1 lane=0 class=1 jobs=3 rows=1208 cells=14133 reach=14211 reverse=14133 table_mib=0.9 mutable_mib=48.0 max_job_mib=16.5 oldest_ms=75.10 pack_ms=0.49 solve_ms=7.32
v5_device jobs=60 rows=12102 cells=315972 direct=true graph_reused=false upload_ms=7.32 capture_ms=3.78 queue_ms=24.73 gpu_ms=0.01 unpack_ms=2.20 total_ms=38.04
v5_service device=1 lane=1 class=0 jobs=60 rows=12102 cells=315972 reach=310588 reverse=315972 table_mib=15.0 mutable_mib=452.0 max_job_mib=8.6 oldest_ms=81.17 pack_ms=11.38 solve_ms=38.10
v5_device jobs=62 rows=13536 cells=326738 direct=true graph_reused=false upload_ms=6.57 capture_ms=3.45 queue_ms=25.17 gpu_ms=0.01 unpack_ms=2.32 total_ms=37.52
v5_service device=0 lane=1 class=0 jobs=62 rows=13536 cells=326738 reach=276242 reverse=326738 table_mib=15.3 mutable_mib=444.0 max_job_mib=8.8 oldest_ms=83.33 pack_ms=7.98 solve_ms=37.59
v5_device jobs=1 rows=418 cells=6026 direct=true graph_reused=false upload_ms=0.24 capture_ms=13.29 queue_ms=0.29 gpu_ms=0.01 unpack_ms=0.04 total_ms=13.87
v5_service device=0 lane=1 class=1 jobs=1 rows=418 cells=6026 reach=6052 reverse=6026 table_mib=0.3 mutable_mib=16.0 max_job_mib=16.5 oldest_ms=109.39 pack_ms=0.26 solve_ms=13.93
v5_device jobs=80 rows=17547 cells=384393 direct=true graph_reused=false upload_ms=8.85 capture_ms=3.76 queue_ms=30.80 gpu_ms=0.01 unpack_ms=2.40 total_ms=45.81
v5_service device=0 lane=0 class=0 jobs=80 rows=17547 cells=384393 reach=322119 reverse=384393 table_mib=18.8 mutable_mib=588.0 max_job_mib=8.7 oldest_ms=77.16 pack_ms=9.99 solve_ms=45.87
v5_device jobs=44 rows=8910 cells=230499 direct=true graph_reused=false upload_ms=4.01 capture_ms=3.68 queue_ms=31.76 gpu_ms=0.01 unpack_ms=1.63 total_ms=41.09
v5_service device=1 lane=1 class=0 jobs=44 rows=8910 cells=230499 reach=185675 reverse=230499 table_mib=10.6 mutable_mib=296.0 max_job_mib=8.8 oldest_ms=79.70 pack_ms=5.46 solve_ms=41.15
v5_device jobs=68 rows=15038 cells=389999 direct=true graph_reused=false upload_ms=8.45 capture_ms=3.56 queue_ms=30.43 gpu_ms=0.02 unpack_ms=2.34 total_ms=44.79
v5_service device=0 lane=1 class=0 jobs=68 rows=15038 cells=389999 reach=313028 reverse=389999 table_mib=17.5 mutable_mib=480.0 max_job_mib=8.8 oldest_ms=77.73 pack_ms=9.19 solve_ms=44.86
v5_device jobs=135 rows=29583 cells=752401 direct=true graph_reused=false upload_ms=34.84 capture_ms=3.45 queue_ms=63.16 gpu_ms=11.76 unpack_ms=5.45 total_ms=118.66
v5_service device=1 lane=0 class=0 jobs=135 rows=29583 cells=752401 reach=608369 reverse=752401 table_mib=34.2 mutable_mib=952.0 max_job_mib=8.9 oldest_ms=88.35 pack_ms=19.96 solve_ms=118.71
v5_device jobs=1 rows=418 cells=6026 direct=true graph_reused=false upload_ms=0.28 capture_ms=5.97 queue_ms=0.26 gpu_ms=0.01 unpack_ms=0.05 total_ms=6.58
v5_service device=0 lane=1 class=1 jobs=1 rows=418 cells=6026 reach=6052 reverse=6026 table_mib=0.3 mutable_mib=16.0 max_job_mib=16.5 oldest_ms=126.66 pack_ms=0.34 solve_ms=6.64
v5_device jobs=72 rows=15286 cells=359601 direct=true graph_reused=false upload_ms=9.23 capture_ms=3.96 queue_ms=28.12 gpu_ms=0.02 unpack_ms=2.76 total_ms=44.09
v5_service device=0 lane=0 class=0 jobs=72 rows=15286 cells=359601 reach=295255 reverse=359601 table_mib=16.9 mutable_mib=480.0 max_job_mib=8.8 oldest_ms=78.21 pack_ms=9.05 solve_ms=44.15
v5_device jobs=1 rows=380 cells=4791 direct=true graph_reused=false upload_ms=0.21 capture_ms=11.71 queue_ms=1.60 gpu_ms=0.01 unpack_ms=0.04 total_ms=13.57
v5_service device=0 lane=0 class=1 jobs=1 rows=380 cells=4791 reach=4817 reverse=4791 table_mib=0.3 mutable_mib=16.0 max_job_mib=16.4 oldest_ms=120.82 pack_ms=0.22 solve_ms=13.62
v5_device jobs=49 rows=10891 cells=244194 direct=true graph_reused=false upload_ms=5.16 capture_ms=4.48 queue_ms=20.72 gpu_ms=0.01 unpack_ms=1.70 total_ms=32.07
v5_service device=1 lane=0 class=0 jobs=49 rows=10891 cells=244194 reach=204738 reverse=244194 table_mib=11.7 mutable_mib=356.0 max_job_mib=8.8 oldest_ms=79.36 pack_ms=6.47 solve_ms=32.14
v5_device jobs=55 rows=11970 cells=301910 direct=true graph_reused=false upload_ms=8.68 capture_ms=5.63 queue_ms=40.15 gpu_ms=0.01 unpack_ms=2.56 total_ms=57.03
v5_service device=1 lane=1 class=0 jobs=55 rows=11970 cells=301910 reach=244170 reverse=301910 table_mib=13.7 mutable_mib=388.0 max_job_mib=8.8 oldest_ms=79.40 pack_ms=10.23 solve_ms=57.08
v5_device jobs=57 rows=12222 cells=357910 direct=true graph_reused=false upload_ms=6.78 capture_ms=3.91 queue_ms=27.08 gpu_ms=0.02 unpack_ms=2.93 total_ms=40.73
v5_service device=0 lane=1 class=0 jobs=57 rows=12222 cells=357910 reach=277795 reverse=357910 table_mib=15.5 mutable_mib=400.0 max_job_mib=8.8 oldest_ms=77.24 pack_ms=8.32 solve_ms=40.79
v5_device jobs=2 rows=834 cells=12206 direct=true graph_reused=false upload_ms=0.41 capture_ms=9.37 queue_ms=0.48 gpu_ms=0.01 unpack_ms=0.11 total_ms=10.37
v5_service device=1 lane=1 class=1 jobs=2 rows=834 cells=12206 reach=12258 reverse=12206 table_mib=0.7 mutable_mib=32.0 max_job_mib=16.5 oldest_ms=144.28 pack_ms=0.52 solve_ms=10.44
v5_device jobs=73 rows=16804 cells=454398 direct=true graph_reused=false upload_ms=10.65 capture_ms=3.53 queue_ms=30.18 gpu_ms=0.01 unpack_ms=5.55 total_ms=49.92
v5_service device=0 lane=0 class=0 jobs=73 rows=16804 cells=454398 reach=359687 reverse=454398 table_mib=20.1 mutable_mib=544.0 max_job_mib=8.8 oldest_ms=79.39 pack_ms=11.43 solve_ms=49.98
v5_device jobs=1 rows=408 cells=3954 direct=true graph_reused=false upload_ms=0.18 capture_ms=3.90 queue_ms=1.65 gpu_ms=0.01 unpack_ms=0.04 total_ms=5.77
v5_service device=0 lane=0 class=1 jobs=1 rows=408 cells=3954 reach=3980 reverse=3954 table_mib=0.3 mutable_mib=16.0 max_job_mib=16.4 oldest_ms=137.37 pack_ms=0.19 solve_ms=5.82
v5_device jobs=53 rows=12047 cells=278437 direct=true graph_reused=false upload_ms=5.11 capture_ms=3.90 queue_ms=21.87 gpu_ms=0.01 unpack_ms=2.15 total_ms=33.04
v5_service device=1 lane=0 class=0 jobs=53 rows=12047 cells=278437 reach=229805 reverse=278437 table_mib=13.2 mutable_mib=404.0 max_job_mib=8.8 oldest_ms=79.07 pack_ms=6.35 solve_ms=33.09
v5_device jobs=74 rows=16122 cells=383633 direct=true graph_reused=false upload_ms=9.99 capture_ms=3.77 queue_ms=28.67 gpu_ms=0.01 unpack_ms=2.36 total_ms=44.80
v5_service device=0 lane=1 class=0 jobs=74 rows=16122 cells=383633 reach=319385 reverse=383633 table_mib=18.0 mutable_mib=528.0 max_job_mib=8.7 oldest_ms=78.19 pack_ms=9.94 solve_ms=44.85
v5_device jobs=3 rows=1236 cells=18372 direct=true graph_reused=false upload_ms=0.40 capture_ms=3.57 queue_ms=23.53 gpu_ms=0.01 unpack_ms=0.15 total_ms=27.67
v5_service device=1 lane=0 class=1 jobs=3 rows=1236 cells=18372 reach=18450 reverse=18372 table_mib=1.0 mutable_mib=48.0 max_job_mib=16.5 oldest_ms=117.54 pack_ms=0.57 solve_ms=27.71
v5_device jobs=75 rows=17047 cells=369033 direct=true graph_reused=false upload_ms=11.94 capture_ms=6.57 queue_ms=29.45 gpu_ms=0.02 unpack_ms=2.79 total_ms=50.76
v5_service device=1 lane=1 class=0 jobs=75 rows=17047 cells=369033 reach=311420 reverse=369033 table_mib=17.8 mutable_mib=544.0 max_job_mib=8.8 oldest_ms=79.45 pack_ms=13.57 solve_ms=50.81
v5_device jobs=2 rows=819 cells=8844 direct=true graph_reused=false upload_ms=0.29 capture_ms=4.41 queue_ms=2.23 gpu_ms=0.01 unpack_ms=0.09 total_ms=7.02
v5_service device=0 lane=1 class=1 jobs=2 rows=819 cells=8844 reach=8896 reverse=8844 table_mib=0.6 mutable_mib=32.0 max_job_mib=16.4 oldest_ms=75.09 pack_ms=0.36 solve_ms=7.07
v5_device jobs=2 rows=840 cells=8844 direct=true graph_reused=false upload_ms=0.37 capture_ms=6.51 queue_ms=0.37 gpu_ms=0.01 unpack_ms=0.11 total_ms=7.37
v5_service device=1 lane=1 class=1 jobs=2 rows=840 cells=8844 reach=8896 reverse=8844 table_mib=0.6 mutable_mib=32.0 max_job_mib=16.4 oldest_ms=149.09 pack_ms=0.46 solve_ms=7.44
v5_device jobs=73 rows=15971 cells=381093 direct=true graph_reused=false upload_ms=9.09 capture_ms=3.56 queue_ms=28.79 gpu_ms=0.01 unpack_ms=5.31 total_ms=46.76
v5_service device=0 lane=0 class=0 jobs=73 rows=15971 cells=381093 reach=312860 reverse=381093 table_mib=17.7 mutable_mib=500.0 max_job_mib=8.8 oldest_ms=79.45 pack_ms=11.56 solve_ms=46.82
v5_device jobs=61 rows=13430 cells=360233 direct=true graph_reused=false upload_ms=8.61 capture_ms=3.89 queue_ms=25.28 gpu_ms=0.01 unpack_ms=2.14 total_ms=39.93
v5_service device=0 lane=1 class=0 jobs=61 rows=13430 cells=360233 reach=288465 reverse=360233 table_mib=16.1 mutable_mib=444.0 max_job_mib=8.8 oldest_ms=77.61 pack_ms=8.00 solve_ms=39.99
v5_device jobs=51 rows=11103 cells=272046 direct=true graph_reused=false upload_ms=5.01 capture_ms=3.80 queue_ms=23.31 gpu_ms=0.01 unpack_ms=1.98 total_ms=34.11
v5_service device=1 lane=1 class=0 jobs=51 rows=11103 cells=272046 reach=222264 reverse=272046 table_mib=12.7 mutable_mib=372.0 max_job_mib=8.8 oldest_ms=83.12 pack_ms=9.68 solve_ms=34.17
v5_device jobs=69 rows=15842 cells=417523 direct=true graph_reused=false upload_ms=11.96 capture_ms=4.28 queue_ms=46.74 gpu_ms=0.01 unpack_ms=2.98 total_ms=65.97
v5_service device=1 lane=0 class=0 jobs=69 rows=15842 cells=417523 reach=334239 reverse=417523 table_mib=18.6 mutable_mib=508.0 max_job_mib=8.8 oldest_ms=77.12 pack_ms=9.65 solve_ms=66.01
v5_device jobs=2 rows=838 cells=10494 direct=true graph_reused=false upload_ms=0.32 capture_ms=4.35 queue_ms=2.13 gpu_ms=0.01 unpack_ms=0.10 total_ms=6.91
v5_service device=1 lane=0 class=1 jobs=2 rows=838 cells=10494 reach=10546 reverse=10494 table_mib=0.6 mutable_mib=32.0 max_job_mib=16.5 oldest_ms=128.73 pack_ms=0.37 solve_ms=6.96
v5_device jobs=65 rows=14478 cells=358821 direct=true graph_reused=false upload_ms=12.64 capture_ms=4.16 queue_ms=26.67 gpu_ms=0.01 unpack_ms=2.07 total_ms=45.54
v5_service device=0 lane=0 class=0 jobs=65 rows=14478 cells=358821 reach=294134 reverse=358821 table_mib=16.5 mutable_mib=456.0 max_job_mib=9.0 oldest_ms=78.74 pack_ms=9.56 solve_ms=45.60
v5_device jobs=2 rows=836 cells=12052 direct=true graph_reused=false upload_ms=0.33 capture_ms=22.56 queue_ms=1.78 gpu_ms=0.01 unpack_ms=0.10 total_ms=24.77
v5_service device=0 lane=0 class=1 jobs=2 rows=836 cells=12052 reach=12104 reverse=12052 table_mib=0.7 mutable_mib=32.0 max_job_mib=16.5 oldest_ms=105.23 pack_ms=0.40 solve_ms=24.82
v5_device jobs=72 rows=16239 cells=360233 direct=true graph_reused=false upload_ms=7.40 capture_ms=3.58 queue_ms=28.63 gpu_ms=0.01 unpack_ms=2.24 total_ms=41.87
v5_service device=0 lane=1 class=0 jobs=72 rows=16239 cells=360233 reach=302318 reverse=360233 table_mib=17.3 mutable_mib=524.0 max_job_mib=8.8 oldest_ms=77.31 pack_ms=8.49 solve_ms=41.93
v5_device jobs=61 rows=13122 cells=323124 direct=true graph_reused=false upload_ms=8.23 capture_ms=4.03 queue_ms=46.75 gpu_ms=0.01 unpack_ms=2.25 total_ms=61.27
v5_service device=1 lane=1 class=0 jobs=61 rows=13122 cells=323124 reach=263246 reverse=323124 table_mib=14.8 mutable_mib=420.0 max_job_mib=8.8 oldest_ms=77.76 pack_ms=9.33 solve_ms=61.33
v5_device jobs=78 rows=17601 cells=369008 direct=true graph_reused=false upload_ms=9.04 capture_ms=4.82 queue_ms=32.85 gpu_ms=0.02 unpack_ms=2.93 total_ms=49.66
v5_service device=1 lane=0 class=0 jobs=78 rows=17601 cells=369008 reach=311605 reverse=369008 table_mib=18.0 mutable_mib=536.0 max_job_mib=9.0 oldest_ms=78.40 pack_ms=10.85 solve_ms=49.70
v5_device jobs=51 rows=11495 cells=236946 direct=true graph_reused=false upload_ms=5.96 capture_ms=3.88 queue_ms=31.04 gpu_ms=0.01 unpack_ms=1.74 total_ms=42.63
v5_service device=0 lane=0 class=0 jobs=51 rows=11495 cells=236946 reach=205123 reverse=236946 table_mib=11.7 mutable_mib=376.0 max_job_mib=8.7 oldest_ms=78.37 pack_ms=7.34 solve_ms=42.69
v5_device jobs=53 rows=12184 cells=256166 direct=true graph_reused=false upload_ms=4.76 capture_ms=4.22 queue_ms=31.60 gpu_ms=0.01 unpack_ms=1.77 total_ms=42.36
v5_service device=0 lane=1 class=0 jobs=53 rows=12184 cells=256166 reach=216992 reverse=256166 table_mib=12.5 mutable_mib=380.0 max_job_mib=8.8 oldest_ms=78.26 pack_ms=6.35 solve_ms=42.41
v5_device jobs=1 rows=418 cells=6026 direct=true graph_reused=false upload_ms=0.22 capture_ms=3.58 queue_ms=1.74 gpu_ms=0.01 unpack_ms=0.04 total_ms=5.60
v5_service device=0 lane=0 class=1 jobs=1 rows=418 cells=6026 reach=6052 reverse=6026 table_mib=0.3 mutable_mib=16.0 max_job_mib=16.5 oldest_ms=129.79 pack_ms=0.30 solve_ms=5.64
v5_device jobs=44 rows=9767 cells=277572 direct=true graph_reused=false upload_ms=8.39 capture_ms=4.78 queue_ms=33.39 gpu_ms=0.01 unpack_ms=1.76 total_ms=48.32
v5_service device=1 lane=1 class=0 jobs=44 rows=9767 cells=277572 reach=217528 reverse=277572 table_mib=12.2 mutable_mib=304.0 max_job_mib=8.8 oldest_ms=79.16 pack_ms=8.39 solve_ms=48.38
v5_device jobs=54 rows=11624 cells=327918 direct=true graph_reused=false upload_ms=12.17 capture_ms=4.91 queue_ms=30.08 gpu_ms=0.01 unpack_ms=2.30 total_ms=49.47
v5_service device=1 lane=0 class=0 jobs=54 rows=11624 cells=327918 reach=258081 reverse=327918 table_mib=14.5 mutable_mib=400.0 max_job_mib=8.8 oldest_ms=78.43 pack_ms=8.11 solve_ms=49.52
v5_device jobs=54 rows=11423 cells=304311 direct=true graph_reused=false upload_ms=5.57 capture_ms=4.78 queue_ms=32.04 gpu_ms=0.01 unpack_ms=1.78 total_ms=44.18
v5_service device=0 lane=1 class=0 jobs=54 rows=11423 cells=304311 reach=244131 reverse=304311 table_mib=13.8 mutable_mib=376.0 max_job_mib=8.7 oldest_ms=79.91 pack_ms=7.81 solve_ms=44.22
v5_device jobs=54 rows=11481 cells=308822 direct=true graph_reused=false upload_ms=5.92 capture_ms=5.47 queue_ms=30.75 gpu_ms=0.01 unpack_ms=2.17 total_ms=44.32
v5_service device=0 lane=0 class=0 jobs=54 rows=11481 cells=308822 reach=245646 reverse=308822 table_mib=13.8 mutable_mib=372.0 max_job_mib=9.0 oldest_ms=79.60 pack_ms=8.63 solve_ms=44.37
v5_device jobs=2 rows=834 cells=11240 direct=true graph_reused=false upload_ms=0.27 capture_ms=4.03 queue_ms=2.01 gpu_ms=0.01 unpack_ms=0.09 total_ms=6.40
v5_service device=0 lane=1 class=1 jobs=2 rows=834 cells=11240 reach=11292 reverse=11240 table_mib=0.6 mutable_mib=32.0 max_job_mib=16.5 oldest_ms=134.26 pack_ms=0.35 solve_ms=6.45
v5_device jobs=47 rows=10596 cells=266264 direct=true graph_reused=false upload_ms=8.22 capture_ms=5.47 queue_ms=40.95 gpu_ms=0.01 unpack_ms=1.76 total_ms=56.41
v5_service device=1 lane=0 class=0 jobs=47 rows=10596 cells=266264 reach=215351 reverse=266264 table_mib=12.2 mutable_mib=344.0 max_job_mib=8.8 oldest_ms=79.39 pack_ms=7.58 solve_ms=56.50
v5_device jobs=67 rows=14906 cells=387835 direct=true graph_reused=false upload_ms=10.54 capture_ms=4.16 queue_ms=32.28 gpu_ms=0.01 unpack_ms=2.96 total_ms=49.94
v5_service device=1 lane=1 class=0 jobs=67 rows=14906 cells=387835 reach=309375 reverse=387835 table_mib=17.5 mutable_mib=496.0 max_job_mib=8.9 oldest_ms=79.42 pack_ms=16.19 solve_ms=50.01
v5_device jobs=63 rows=13488 cells=436188 direct=true graph_reused=false upload_ms=10.68 capture_ms=3.80 queue_ms=41.42 gpu_ms=0.01 unpack_ms=2.75 total_ms=58.66
v5_service device=0 lane=0 class=0 jobs=63 rows=13488 cells=436188 reach=332949 reverse=436188 table_mib=18.4 mutable_mib=484.0 max_job_mib=8.8 oldest_ms=78.92 pack_ms=11.96 solve_ms=58.71
v5_device jobs=71 rows=15312 cells=330601 direct=true graph_reused=false upload_ms=11.44 capture_ms=4.53 queue_ms=39.68 gpu_ms=0.01 unpack_ms=2.30 total_ms=57.95
v5_service device=0 lane=1 class=0 jobs=71 rows=15312 cells=330601 reach=280609 reverse=330601 table_mib=16.1 mutable_mib=488.0 max_job_mib=8.9 oldest_ms=78.31 pack_ms=10.10 solve_ms=58.00
v5_device jobs=1 rows=418 cells=6026 direct=true graph_reused=false upload_ms=0.18 capture_ms=4.23 queue_ms=2.87 gpu_ms=0.01 unpack_ms=0.04 total_ms=7.32
v5_service device=0 lane=1 class=1 jobs=1 rows=418 cells=6026 reach=6052 reverse=6026 table_mib=0.3 mutable_mib=16.0 max_job_mib=16.5 oldest_ms=80.45 pack_ms=0.25 solve_ms=7.37
v5_device jobs=2 rows=836 cells=12052 direct=true graph_reused=false upload_ms=0.34 capture_ms=4.82 queue_ms=2.95 gpu_ms=0.01 unpack_ms=0.11 total_ms=8.22
v5_service device=0 lane=0 class=1 jobs=2 rows=836 cells=12052 reach=12104 reverse=12052 table_mib=0.7 mutable_mib=32.0 max_job_mib=16.5 oldest_ms=131.91 pack_ms=0.41 solve_ms=8.27
v5_device jobs=43 rows=10132 cells=251278 direct=true graph_reused=false upload_ms=10.65 capture_ms=6.75 queue_ms=28.61 gpu_ms=0.01 unpack_ms=1.69 total_ms=47.71
v5_service device=1 lane=1 class=0 jobs=43 rows=10132 cells=251278 reach=204107 reverse=251278 table_mib=11.4 mutable_mib=304.0 max_job_mib=8.9 oldest_ms=79.60 pack_ms=8.17 solve_ms=47.77
v5_device jobs=65 rows=14237 cells=313642 direct=true graph_reused=false upload_ms=9.74 capture_ms=4.63 queue_ms=33.80 gpu_ms=0.01 unpack_ms=2.53 total_ms=50.72
v5_service device=1 lane=0 class=0 jobs=65 rows=14237 cells=313642 reach=263635 reverse=313642 table_mib=15.2 mutable_mib=468.0 max_job_mib=8.7 oldest_ms=79.20 pack_ms=9.39 solve_ms=50.77
v5_device jobs=2 rows=822 cells=10772 direct=true graph_reused=false upload_ms=0.34 capture_ms=5.43 queue_ms=1.29 gpu_ms=0.01 unpack_ms=0.10 total_ms=7.16
v5_service device=1 lane=0 class=1 jobs=2 rows=822 cells=10772 reach=10824 reverse=10772 table_mib=0.6 mutable_mib=32.0 max_job_mib=16.5 oldest_ms=142.96 pack_ms=0.42 solve_ms=7.21
v5_device jobs=11 rows=4557 cells=57774 direct=true graph_reused=false upload_ms=1.32 capture_ms=4.24 queue_ms=7.90 gpu_ms=0.01 unpack_ms=0.43 total_ms=13.90
v5_service device=0 lane=0 class=1 jobs=11 rows=4557 cells=57774 reach=58060 reverse=57774 table_mib=3.4 mutable_mib=176.0 max_job_mib=16.5 oldest_ms=75.73 pack_ms=1.91 solve_ms=13.95
v5_device jobs=64 rows=14182 cells=297339 direct=true graph_reused=false upload_ms=6.25 capture_ms=3.84 queue_ms=25.12 gpu_ms=0.01 unpack_ms=1.95 total_ms=37.17
v5_service device=0 lane=1 class=0 jobs=64 rows=14182 cells=297339 reach=252857 reverse=297339 table_mib=14.6 mutable_mib=436.0 max_job_mib=8.8 oldest_ms=78.88 pack_ms=8.50 solve_ms=37.23
v5_device jobs=3 rows=1194 cells=16519 direct=true graph_reused=false upload_ms=0.43 capture_ms=5.32 queue_ms=1.51 gpu_ms=0.01 unpack_ms=0.12 total_ms=7.38
v5_service device=0 lane=1 class=1 jobs=3 rows=1194 cells=16519 reach=16597 reverse=16519 table_mib=0.9 mutable_mib=48.0 max_job_mib=16.5 oldest_ms=75.20 pack_ms=0.57 solve_ms=7.43
v5_device jobs=42 rows=9520 cells=269488 direct=true graph_reused=false upload_ms=8.59 capture_ms=3.95 queue_ms=41.82 gpu_ms=0.01 unpack_ms=1.59 total_ms=55.97
v5_service device=1 lane=1 class=0 jobs=42 rows=9520 cells=269488 reach=212873 reverse=269488 table_mib=11.8 mutable_mib=292.0 max_job_mib=9.0 oldest_ms=78.74 pack_ms=10.56 solve_ms=56.03
v5_device jobs=69 rows=15209 cells=385969 direct=true graph_reused=false upload_ms=9.08 capture_ms=4.25 queue_ms=29.13 gpu_ms=0.01 unpack_ms=2.59 total_ms=45.06
v5_service device=1 lane=0 class=0 jobs=69 rows=15209 cells=385969 reach=309150 reverse=385969 table_mib=17.4 mutable_mib=484.0 max_job_mib=8.7 oldest_ms=80.02 pack_ms=11.63 solve_ms=45.10
v5_device jobs=1 rows=456 cells=4343 direct=true graph_reused=false upload_ms=0.16 capture_ms=5.64 queue_ms=1.98 gpu_ms=0.01 unpack_ms=0.04 total_ms=7.83
v5_service device=1 lane=0 class=1 jobs=1 rows=456 cells=4343 reach=4369 reverse=4343 table_mib=0.3 mutable_mib=16.0 max_job_mib=16.4 oldest_ms=138.42 pack_ms=0.24 solve_ms=7.88
v5_device jobs=2 rows=798 cells=10817 direct=true graph_reused=false upload_ms=0.40 capture_ms=8.69 queue_ms=0.39 gpu_ms=0.01 unpack_ms=0.11 total_ms=9.59
v5_service device=1 lane=1 class=1 jobs=2 rows=798 cells=10817 reach=10869 reverse=10817 table_mib=0.6 mutable_mib=32.0 max_job_mib=16.5 oldest_ms=148.91 pack_ms=0.55 solve_ms=9.65
v5_device jobs=69 rows=15006 cells=401134 direct=true graph_reused=false upload_ms=8.93 capture_ms=4.14 queue_ms=41.49 gpu_ms=0.01 unpack_ms=2.62 total_ms=57.19
v5_service device=1 lane=0 class=0 jobs=69 rows=15006 cells=401134 reach=321527 reverse=401134 table_mib=17.9 mutable_mib=472.0 max_job_mib=8.9 oldest_ms=77.66 pack_ms=10.34 solve_ms=57.25
v5_device jobs=69 rows=15722 cells=357339 direct=true graph_reused=false upload_ms=8.97 capture_ms=3.88 queue_ms=41.24 gpu_ms=0.01 unpack_ms=2.62 total_ms=56.72
v5_service device=1 lane=1 class=0 jobs=69 rows=15722 cells=357339 reach=297037 reverse=357339 table_mib=16.9 mutable_mib=512.0 max_job_mib=8.7 oldest_ms=78.87 pack_ms=9.58 solve_ms=56.77
v5_device jobs=1 rows=414 cells=6818 direct=true graph_reused=false upload_ms=0.22 capture_ms=4.83 queue_ms=1.28 gpu_ms=0.01 unpack_ms=0.06 total_ms=6.41
v5_service device=1 lane=0 class=1 jobs=1 rows=414 cells=6818 reach=6844 reverse=6818 table_mib=0.4 mutable_mib=16.0 max_job_mib=16.5 oldest_ms=141.74 pack_ms=0.30 solve_ms=6.47
v5_device jobs=1 rows=399 cells=4422 direct=true graph_reused=false upload_ms=0.17 capture_ms=4.67 queue_ms=1.44 gpu_ms=0.01 unpack_ms=0.04 total_ms=6.32
v5_service device=1 lane=1 class=1 jobs=1 rows=399 cells=4422 reach=4448 reverse=4422 table_mib=0.3 mutable_mib=16.0 max_job_mib=16.4 oldest_ms=141.40 pack_ms=0.31 solve_ms=6.37
v5_device jobs=192 rows=42852 cells=1011235 direct=true graph_reused=false upload_ms=43.15 capture_ms=4.16 queue_ms=101.78 gpu_ms=13.21 unpack_ms=7.74 total_ms=170.03
v5_service device=0 lane=1 class=0 jobs=192 rows=42852 cells=1011235 reach=832865 reverse=1011235 table_mib=47.2 mutable_mib=1364.0 max_job_mib=9.0 oldest_ms=85.62 pack_ms=31.66 solve_ms=170.09
v5_device jobs=256 rows=56131 cells=1330951 direct=true graph_reused=false upload_ms=65.90 capture_ms=4.74 queue_ms=164.03 gpu_ms=7.67 unpack_ms=34.30 total_ms=276.63
v5_service device=0 lane=0 class=0 jobs=256 rows=56131 cells=1330951 reach=1096546 reverse=1330951 table_mib=62.4 mutable_mib=1800.0 max_job_mib=9.0 oldest_ms=102.85 pack_ms=62.55 solve_ms=276.68
v5_device jobs=62 rows=14250 cells=324558 direct=true graph_reused=false upload_ms=11.10 capture_ms=3.97 queue_ms=37.21 gpu_ms=0.02 unpack_ms=3.08 total_ms=55.38
v5_service device=1 lane=1 class=0 jobs=62 rows=14250 cells=324558 reach=268907 reverse=324558 table_mib=15.5 mutable_mib=452.0 max_job_mib=8.8 oldest_ms=79.84 pack_ms=10.03 solve_ms=55.45
v5_device jobs=59 rows=13277 cells=342059 direct=true graph_reused=false upload_ms=11.00 capture_ms=6.20 queue_ms=38.48 gpu_ms=0.01 unpack_ms=3.06 total_ms=58.75
v5_service device=1 lane=0 class=0 jobs=59 rows=13277 cells=342059 reach=276710 reverse=342059 table_mib=15.5 mutable_mib=428.0 max_job_mib=9.0 oldest_ms=78.60 pack_ms=10.12 solve_ms=58.80
v5_device jobs=68 rows=15013 cells=354168 direct=true graph_reused=false upload_ms=10.19 capture_ms=3.91 queue_ms=28.48 gpu_ms=0.02 unpack_ms=3.01 total_ms=45.60
v5_service device=0 lane=1 class=0 jobs=68 rows=15013 cells=354168 reach=289936 reverse=354168 table_mib=16.6 mutable_mib=492.0 max_job_mib=8.7 oldest_ms=77.85 pack_ms=11.64 solve_ms=45.66
v5_device jobs=1 rows=414 cells=6818 direct=true graph_reused=false upload_ms=1.21 capture_ms=6.68 queue_ms=59.32 gpu_ms=0.01 unpack_ms=0.04 total_ms=67.26
v5_service device=0 lane=1 class=1 jobs=1 rows=414 cells=6818 reach=6844 reverse=6818 table_mib=0.4 mutable_mib=16.0 max_job_mib=16.5 oldest_ms=135.30 pack_ms=0.34 solve_ms=67.31
v5_device jobs=62 rows=13334 cells=339447 direct=true graph_reused=false upload_ms=12.02 capture_ms=5.18 queue_ms=34.22 gpu_ms=0.02 unpack_ms=2.61 total_ms=54.05
v5_service device=1 lane=0 class=0 jobs=62 rows=13334 cells=339447 reach=273452 reverse=339447 table_mib=15.5 mutable_mib=436.0 max_job_mib=8.7 oldest_ms=77.97 pack_ms=9.89 solve_ms=54.11
v5_device jobs=55 rows=12005 cells=355646 direct=true graph_reused=false upload_ms=9.45 capture_ms=4.18 queue_ms=39.15 gpu_ms=0.01 unpack_ms=2.53 total_ms=55.32
v5_service device=1 lane=1 class=0 jobs=55 rows=12005 cells=355646 reach=277193 reverse=355646 table_mib=15.5 mutable_mib=408.0 max_job_mib=9.0 oldest_ms=77.87 pack_ms=9.71 solve_ms=55.37
v5_device jobs=3 rows=1274 cells=15768 direct=true graph_reused=false upload_ms=0.63 capture_ms=5.65 queue_ms=0.90 gpu_ms=0.01 unpack_ms=0.14 total_ms=7.33
v5_service device=1 lane=1 class=1 jobs=3 rows=1274 cells=15768 reach=15846 reverse=15768 table_mib=0.9 mutable_mib=48.0 max_job_mib=16.5 oldest_ms=146.86 pack_ms=0.77 solve_ms=7.40
v5_device jobs=198 rows=43863 cells=1078625 direct=true graph_reused=false upload_ms=54.75 capture_ms=5.68 queue_ms=100.98 gpu_ms=0.02 unpack_ms=7.96 total_ms=169.39
v5_service device=0 lane=0 class=0 jobs=198 rows=43863 cells=1078625 reach=878932 reverse=1078625 table_mib=49.5 mutable_mib=1392.0 max_job_mib=8.9 oldest_ms=454.87 pack_ms=38.52 solve_ms=169.44
v5_device jobs=51 rows=11478 cells=270681 direct=true graph_reused=false upload_ms=6.70 capture_ms=4.00 queue_ms=21.67 gpu_ms=0.01 unpack_ms=1.81 total_ms=34.19
v5_service device=0 lane=1 class=0 jobs=51 rows=11478 cells=270681 reach=222310 reverse=270681 table_mib=12.7 mutable_mib=372.0 max_job_mib=8.9 oldest_ms=80.48 pack_ms=7.15 solve_ms=34.24
v5_device jobs=2 rows=826 cells=9980 direct=true graph_reused=false upload_ms=0.29 capture_ms=4.36 queue_ms=2.11 gpu_ms=0.01 unpack_ms=0.10 total_ms=6.86
v5_service device=0 lane=1 class=1 jobs=2 rows=826 cells=9980 reach=10032 reverse=9980 table_mib=0.6 mutable_mib=32.0 max_job_mib=16.5 oldest_ms=120.19 pack_ms=0.40 solve_ms=6.91
v5_device jobs=55 rows=12084 cells=266409 direct=true graph_reused=false upload_ms=8.15 capture_ms=5.90 queue_ms=28.19 gpu_ms=0.01 unpack_ms=1.90 total_ms=44.15
v5_service device=1 lane=1 class=0 jobs=55 rows=12084 cells=266409 reach=223754 reverse=266409 table_mib=12.8 mutable_mib=380.0 max_job_mib=8.8 oldest_ms=78.23 pack_ms=10.56 solve_ms=44.20
v5_device jobs=61 rows=13667 cells=333856 direct=true graph_reused=false upload_ms=9.93 capture_ms=4.54 queue_ms=39.68 gpu_ms=0.01 unpack_ms=2.58 total_ms=56.75
v5_service device=1 lane=0 class=0 jobs=61 rows=13667 cells=333856 reach=273432 reverse=333856 table_mib=15.4 mutable_mib=416.0 max_job_mib=8.9 oldest_ms=78.95 pack_ms=9.83 solve_ms=56.80
v5_device jobs=2 rows=840 cells=8844 direct=true graph_reused=false upload_ms=0.31 capture_ms=5.49 queue_ms=0.55 gpu_ms=0.01 unpack_ms=0.10 total_ms=6.45
v5_service device=1 lane=0 class=1 jobs=2 rows=840 cells=8844 reach=8896 reverse=8844 table_mib=0.6 mutable_mib=32.0 max_job_mib=16.4 oldest_ms=122.27 pack_ms=0.40 solve_ms=6.50
v5_device jobs=57 rows=12918 cells=253534 direct=true graph_reused=false upload_ms=6.38 capture_ms=6.00 queue_ms=22.64 gpu_ms=0.03 unpack_ms=2.61 total_ms=37.66
v5_service device=0 lane=0 class=0 jobs=57 rows=12918 cells=253534 reach=220122 reverse=253534 table_mib=12.7 mutable_mib=408.0 max_job_mib=8.7 oldest_ms=77.88 pack_ms=9.80 solve_ms=37.73
v5_device jobs=74 rows=15562 cells=435664 direct=true graph_reused=false upload_ms=15.02 capture_ms=3.29 queue_ms=29.69 gpu_ms=0.01 unpack_ms=2.49 total_ms=50.49
v5_service device=0 lane=1 class=0 jobs=74 rows=15562 cells=435664 reach=345705 reverse=435664 table_mib=19.2 mutable_mib=500.0 max_job_mib=9.0 oldest_ms=78.51 pack_ms=10.17 solve_ms=50.54
v5_device jobs=52 rows=11388 cells=227406 direct=true graph_reused=false upload_ms=4.73 capture_ms=4.34 queue_ms=31.44 gpu_ms=0.01 unpack_ms=1.67 total_ms=42.18
v5_service device=1 lane=0 class=0 jobs=52 rows=11388 cells=227406 reach=196713 reverse=227406 table_mib=11.4 mutable_mib=360.0 max_job_mib=8.8 oldest_ms=81.33 pack_ms=7.79 solve_ms=42.24
v5_device jobs=69 rows=15215 cells=410739 direct=true graph_reused=false upload_ms=9.71 capture_ms=3.31 queue_ms=42.41 gpu_ms=0.01 unpack_ms=2.81 total_ms=58.25
v5_service device=1 lane=1 class=0 jobs=69 rows=15215 cells=410739 reach=326501 reverse=410739 table_mib=18.4 mutable_mib=500.0 max_job_mib=8.8 oldest_ms=77.39 pack_ms=9.95 solve_ms=58.30
v5_device jobs=2 rows=760 cells=7926 direct=true graph_reused=false upload_ms=0.29 capture_ms=4.13 queue_ms=1.71 gpu_ms=0.01 unpack_ms=0.08 total_ms=6.22
v5_service device=1 lane=1 class=1 jobs=2 rows=760 cells=7926 reach=7978 reverse=7926 table_mib=0.5 mutable_mib=32.0 max_job_mib=16.4 oldest_ms=112.03 pack_ms=0.32 solve_ms=6.27
v5_device jobs=66 rows=14369 cells=302181 direct=true graph_reused=false upload_ms=14.89 capture_ms=3.31 queue_ms=43.03 gpu_ms=0.02 unpack_ms=3.43 total_ms=64.67
v5_service device=0 lane=0 class=0 jobs=66 rows=14369 cells=302181 reach=590008 reverse=646756 table_mib=23.2 mutable_mib=460.0 max_job_mib=10.2 oldest_ms=78.55 pack_ms=13.27 solve_ms=64.73
v5_device jobs=2 rows=665 cells=5156 direct=true graph_reused=false upload_ms=1.38 capture_ms=4.07 queue_ms=34.38 gpu_ms=0.01 unpack_ms=0.31 total_ms=40.15
v5_service device=0 lane=0 class=1 jobs=2 rows=665 cells=5156 reach=97555 reverse=98361 table_mib=2.7 mutable_mib=32.0 max_job_mib=18.3 oldest_ms=126.75 pack_ms=1.78 solve_ms=40.21
v5_device jobs=67 rows=15331 cells=353365 direct=true graph_reused=false upload_ms=7.84 capture_ms=4.71 queue_ms=27.91 gpu_ms=0.01 unpack_ms=2.40 total_ms=42.87
v5_service device=0 lane=1 class=0 jobs=67 rows=15331 cells=353365 reach=294609 reverse=353365 table_mib=16.6 mutable_mib=480.0 max_job_mib=8.8 oldest_ms=78.14 pack_ms=10.19 solve_ms=42.93
v5_device jobs=1 rows=414 cells=6864 direct=true graph_reused=false upload_ms=0.25 capture_ms=6.32 queue_ms=0.28 gpu_ms=0.01 unpack_ms=0.05 total_ms=6.91
v5_service device=0 lane=1 class=1 jobs=1 rows=414 cells=6864 reach=6890 reverse=6864 table_mib=0.4 mutable_mib=16.0 max_job_mib=16.5 oldest_ms=130.61 pack_ms=0.37 solve_ms=6.97
v5_device jobs=49 rows=11131 cells=268490 direct=true graph_reused=false upload_ms=6.70 capture_ms=3.73 queue_ms=29.17 gpu_ms=0.01 unpack_ms=1.75 total_ms=41.37
v5_service device=1 lane=1 class=0 jobs=49 rows=11131 cells=268490 reach=218509 reverse=268490 table_mib=12.5 mutable_mib=376.0 max_job_mib=8.8 oldest_ms=80.40 pack_ms=8.73 solve_ms=41.44
v5_device jobs=71 rows=14904 cells=426847 direct=true graph_reused=false upload_ms=9.77 capture_ms=3.98 queue_ms=41.14 gpu_ms=0.01 unpack_ms=2.78 total_ms=57.68
v5_service device=1 lane=0 class=0 jobs=71 rows=14904 cells=426847 reach=333464 reverse=426847 table_mib=18.7 mutable_mib=508.0 max_job_mib=8.8 oldest_ms=77.97 pack_ms=9.50 solve_ms=57.73
v5_device jobs=48 rows=10782 cells=264659 direct=true graph_reused=false upload_ms=5.05 capture_ms=3.26 queue_ms=20.45 gpu_ms=0.01 unpack_ms=1.49 total_ms=30.26
v5_service device=0 lane=1 class=0 jobs=48 rows=10782 cells=264659 reach=215839 reverse=264659 table_mib=12.1 mutable_mib=352.0 max_job_mib=8.7 oldest_ms=81.04 pack_ms=8.41 solve_ms=30.32
v5_device jobs=60 rows=13391 cells=341743 direct=true graph_reused=false upload_ms=10.86 capture_ms=3.83 queue_ms=37.29 gpu_ms=0.01 unpack_ms=2.12 total_ms=54.11
v5_service device=1 lane=1 class=0 jobs=60 rows=13391 cells=341743 reach=274816 reverse=341743 table_mib=15.5 mutable_mib=436.0 max_job_mib=8.8 oldest_ms=78.65 pack_ms=10.15 solve_ms=54.17
v5_device jobs=68 rows=15024 cells=423944 direct=true graph_reused=false upload_ms=11.95 capture_ms=4.19 queue_ms=37.20 gpu_ms=0.01 unpack_ms=2.71 total_ms=56.06
v5_service device=1 lane=0 class=0 jobs=68 rows=15024 cells=423944 reach=333817 reverse=423944 table_mib=18.4 mutable_mib=480.0 max_job_mib=9.0 oldest_ms=77.26 pack_ms=11.26 solve_ms=56.11
v5_device jobs=1 rows=414 cells=6864 direct=true graph_reused=false upload_ms=0.20 capture_ms=3.42 queue_ms=2.36 gpu_ms=0.01 unpack_ms=0.04 total_ms=6.03
v5_service device=1 lane=1 class=1 jobs=1 rows=414 cells=6864 reach=6890 reverse=6864 table_mib=0.4 mutable_mib=16.0 max_job_mib=16.5 oldest_ms=135.21 pack_ms=0.32 solve_ms=6.08
v5_device jobs=2 rows=840 cells=8034 direct=true graph_reused=false upload_ms=0.25 capture_ms=4.56 queue_ms=1.29 gpu_ms=0.00 unpack_ms=0.10 total_ms=6.20
v5_service device=1 lane=0 class=1 jobs=2 rows=840 cells=8034 reach=8086 reverse=8034 table_mib=0.5 mutable_mib=32.0 max_job_mib=16.4 oldest_ms=133.41 pack_ms=0.40 solve_ms=6.25
v5_device jobs=49 rows=10421 cells=125731 direct=true graph_reused=false upload_ms=53.09 capture_ms=3.57 queue_ms=50.45 gpu_ms=0.01 unpack_ms=5.08 total_ms=112.21
v5_service device=0 lane=0 class=0 jobs=49 rows=10421 cells=125731 reach=1274499 reverse=1310134 table_mib=36.9 mutable_mib=364.0 max_job_mib=10.2 oldest_ms=80.26 pack_ms=24.41 solve_ms=112.25
v5_device jobs=12 rows=4539 cells=47670 direct=true graph_reused=false upload_ms=16.20 capture_ms=3.75 queue_ms=29.93 gpu_ms=0.01 unpack_ms=2.14 total_ms=52.03
v5_service device=0 lane=0 class=1 jobs=12 rows=4539 cells=47670 reach=662291 reverse=674870 table_mib=18.2 mutable_mib=192.0 max_job_mib=19.0 oldest_ms=222.94 pack_ms=13.12 solve_ms=52.09
v5_device jobs=53 rows=12000 cells=230263 direct=true graph_reused=false upload_ms=42.76 capture_ms=5.91 queue_ms=39.12 gpu_ms=0.01 unpack_ms=2.83 total_ms=90.62
v5_service device=0 lane=1 class=0 jobs=53 rows=12000 cells=230263 reach=808818 reverse=858893 table_mib=27.0 mutable_mib=392.0 max_job_mib=10.0 oldest_ms=83.43 pack_ms=20.38 solve_ms=90.67
v5_device jobs=72 rows=16413 cells=338742 direct=true graph_reused=false upload_ms=9.29 capture_ms=3.31 queue_ms=27.83 gpu_ms=0.01 unpack_ms=2.58 total_ms=43.02
v5_service device=1 lane=1 class=0 jobs=72 rows=16413 cells=338742 reach=288580 reverse=338742 table_mib=16.6 mutable_mib=516.0 max_job_mib=8.8 oldest_ms=77.68 pack_ms=9.89 solve_ms=43.08
v5_device jobs=1 rows=414 cells=6818 direct=true graph_reused=false upload_ms=0.22 capture_ms=3.57 queue_ms=26.91 gpu_ms=0.01 unpack_ms=0.04 total_ms=30.75
v5_service device=1 lane=1 class=1 jobs=1 rows=414 cells=6818 reach=6844 reverse=6818 table_mib=0.4 mutable_mib=16.0 max_job_mib=16.5 oldest_ms=129.52 pack_ms=0.31 solve_ms=30.80
v5_device jobs=7 rows=2548 cells=42428 direct=true graph_reused=false upload_ms=6.38 capture_ms=6.89 queue_ms=23.03 gpu_ms=0.01 unpack_ms=0.95 total_ms=37.25
v5_service device=0 lane=1 class=1 jobs=7 rows=2548 cells=42428 reach=318661 reverse=330018 table_mib=9.1 mutable_mib=112.0 max_job_mib=20.0 oldest_ms=195.69 pack_ms=6.30 solve_ms=37.30
v5_device jobs=66 rows=14138 cells=377673 direct=true graph_reused=false upload_ms=29.03 capture_ms=4.03 queue_ms=41.25 gpu_ms=0.02 unpack_ms=3.95 total_ms=78.27
v5_service device=1 lane=0 class=0 jobs=66 rows=14138 cells=377673 reach=655542 reverse=746328 table_mib=25.9 mutable_mib=484.0 max_job_mib=9.9 oldest_ms=77.69 pack_ms=14.87 solve_ms=78.32
v5_device jobs=2 rows=739 cells=10699 direct=true graph_reused=false upload_ms=1.08 capture_ms=4.77 queue_ms=8.15 gpu_ms=0.01 unpack_ms=0.17 total_ms=14.18
v5_service device=1 lane=0 class=1 jobs=2 rows=739 cells=10699 reach=65866 reverse=66624 table_mib=1.9 mutable_mib=32.0 max_job_mib=18.3 oldest_ms=153.04 pack_ms=1.17 solve_ms=14.24
v5_device jobs=51 rows=11043 cells=270233 direct=true graph_reused=false upload_ms=4.70 capture_ms=3.32 queue_ms=21.05 gpu_ms=0.01 unpack_ms=1.95 total_ms=31.03
v5_service device=1 lane=1 class=0 jobs=51 rows=11043 cells=270233 reach=221356 reverse=270233 table_mib=12.5 mutable_mib=364.0 max_job_mib=8.8 oldest_ms=80.07 pack_ms=6.93 solve_ms=31.08
v5_device jobs=42 rows=8978 cells=90491 direct=true graph_reused=false upload_ms=46.59 capture_ms=3.52 queue_ms=50.07 gpu_ms=0.01 unpack_ms=4.98 total_ms=105.17
v5_service device=0 lane=0 class=0 jobs=42 rows=8978 cells=90491 reach=1226623 reverse=1254818 table_mib=34.7 mutable_mib=312.0 max_job_mib=10.6 oldest_ms=78.96 pack_ms=23.26 solve_ms=105.22
v5_device jobs=8 rows=3425 cells=34212 direct=true graph_reused=false upload_ms=10.39 capture_ms=3.70 queue_ms=70.48 gpu_ms=0.01 unpack_ms=1.36 total_ms=85.95
v5_service device=0 lane=0 class=1 jobs=8 rows=3425 cells=34212 reach=450431 reverse=460188 table_mib=12.5 mutable_mib=144.0 max_job_mib=35.1 oldest_ms=210.81 pack_ms=8.03 solve_ms=86.00
v5_device jobs=49 rows=10551 cells=116950 direct=true graph_reused=false upload_ms=55.28 capture_ms=4.25 queue_ms=65.13 gpu_ms=0.01 unpack_ms=5.15 total_ms=129.82
v5_service device=0 lane=1 class=0 jobs=49 rows=10551 cells=116950 reach=1528277 reverse=1564540 table_mib=43.1 mutable_mib=368.0 max_job_mib=10.5 oldest_ms=79.63 pack_ms=19.79 solve_ms=129.87
v5_device jobs=49 rows=11120 cells=106768 direct=true graph_reused=false upload_ms=48.13 capture_ms=3.27 queue_ms=54.15 gpu_ms=0.01 unpack_ms=4.63 total_ms=110.18
v5_service device=1 lane=0 class=0 jobs=49 rows=11120 cells=106768 reach=1224943 reverse=1253450 table_mib=35.7 mutable_mib=368.0 max_job_mib=10.2 oldest_ms=79.52 pack_ms=21.72 solve_ms=110.23
v5_device jobs=72 rows=16208 cells=313816 direct=true graph_reused=false upload_ms=15.49 capture_ms=3.30 queue_ms=40.15 gpu_ms=0.01 unpack_ms=3.59 total_ms=62.54
v5_service device=1 lane=1 class=0 jobs=72 rows=16208 cells=313816 reach=654712 reverse=711835 table_mib=25.4 mutable_mib=496.0 max_job_mib=9.4 oldest_ms=77.54 pack_ms=12.52 solve_ms=62.60
v5_device jobs=6 rows=2106 cells=30136 direct=true graph_reused=false upload_ms=6.78 capture_ms=20.46 queue_ms=22.81 gpu_ms=0.02 unpack_ms=1.17 total_ms=51.22
v5_service device=1 lane=0 class=1 jobs=6 rows=2106 cells=30136 reach=383515 reverse=392787 table_mib=10.4 mutable_mib=96.0 max_job_mib=19.2 oldest_ms=211.27 pack_ms=6.96 solve_ms=51.27
v5_device jobs=3 rows=1119 cells=13100 direct=true graph_reused=false upload_ms=2.74 capture_ms=16.85 queue_ms=13.56 gpu_ms=0.01 unpack_ms=0.56 total_ms=33.72
v5_service device=1 lane=1 class=1 jobs=3 rows=1119 cells=13100 reach=179167 reverse=182687 table_mib=4.9 mutable_mib=48.0 max_job_mib=19.0 oldest_ms=124.72 pack_ms=3.20 solve_ms=33.77
v5_device jobs=13 rows=5001 cells=39728 direct=true graph_reused=false upload_ms=15.16 capture_ms=6.26 queue_ms=34.04 gpu_ms=0.02 unpack_ms=2.27 total_ms=57.74
v5_service device=0 lane=1 class=1 jobs=13 rows=5001 cells=39728 reach=674983 reverse=684581 table_mib=18.7 mutable_mib=208.0 max_job_mib=19.0 oldest_ms=235.46 pack_ms=15.91 solve_ms=57.82
v5_device jobs=15 rows=5733 cells=57110 direct=true graph_reused=false upload_ms=18.47 capture_ms=3.53 queue_ms=35.59 gpu_ms=0.01 unpack_ms=2.51 total_ms=60.10
v5_service device=0 lane=0 class=1 jobs=15 rows=5733 cells=57110 reach=886081 reverse=901442 table_mib=24.2 mutable_mib=240.0 max_job_mib=19.7 oldest_ms=79.08 pack_ms=15.55 solve_ms=60.16
v5_device jobs=44 rows=8936 cells=100079 direct=true graph_reused=false upload_ms=45.88 capture_ms=3.67 queue_ms=62.86 gpu_ms=0.01 unpack_ms=3.79 total_ms=116.20
v5_service device=0 lane=0 class=0 jobs=44 rows=8936 cells=100079 reach=1258780 reverse=1291526 table_mib=35.7 mutable_mib=328.0 max_job_mib=10.2 oldest_ms=160.57 pack_ms=19.39 solve_ms=116.27
v5_device jobs=46 rows=9428 cells=94142 direct=true graph_reused=false upload_ms=41.81 capture_ms=4.74 queue_ms=64.12 gpu_ms=0.02 unpack_ms=4.98 total_ms=115.68
v5_service device=0 lane=1 class=0 jobs=46 rows=9428 cells=94142 reach=1227312 reverse=1254581 table_mib=35.0 mutable_mib=328.0 max_job_mib=10.2 oldest_ms=78.56 pack_ms=19.15 solve_ms=115.74
v5_device jobs=45 rows=9711 cells=81778 direct=true graph_reused=false upload_ms=45.99 capture_ms=3.39 queue_ms=85.47 gpu_ms=0.02 unpack_ms=4.59 total_ms=139.45
v5_service device=1 lane=0 class=0 jobs=45 rows=9711 cells=81778 reach=1222833 reverse=1244796 table_mib=34.8 mutable_mib=336.0 max_job_mib=10.0 oldest_ms=81.00 pack_ms=21.78 solve_ms=139.50
v5_device jobs=55 rows=12000 cells=119922 direct=true graph_reused=false upload_ms=57.03 capture_ms=3.38 queue_ms=63.17 gpu_ms=0.02 unpack_ms=11.75 total_ms=135.34
v5_service device=1 lane=1 class=0 jobs=55 rows=12000 cells=119922 reach=1464842 reverse=1495043 table_mib=42.0 mutable_mib=400.0 max_job_mib=10.2 oldest_ms=82.48 pack_ms=24.26 solve_ms=135.40
v5_device jobs=4 rows=1310 cells=14326 direct=true graph_reused=false upload_ms=3.89 capture_ms=3.67 queue_ms=18.15 gpu_ms=0.01 unpack_ms=0.72 total_ms=26.44
v5_service device=1 lane=0 class=1 jobs=4 rows=1310 cells=14326 reach=233101 reverse=236886 table_mib=6.3 mutable_mib=64.0 max_job_mib=19.6 oldest_ms=221.81 pack_ms=4.14 solve_ms=26.50
v5_device jobs=8 rows=4032 cells=52388 direct=true graph_reused=false upload_ms=15.47 capture_ms=6.51 queue_ms=26.29 gpu_ms=0.01 unpack_ms=1.82 total_ms=50.11
v5_service device=0 lane=1 class=1 jobs=8 rows=4032 cells=52388 reach=637552 reverse=652883 table_mib=17.4 mutable_mib=144.0 max_job_mib=37.9 oldest_ms=218.80 pack_ms=12.94 solve_ms=50.15
v5_device jobs=7 rows=2315 cells=24088 direct=true graph_reused=false upload_ms=8.52 capture_ms=3.44 queue_ms=24.34 gpu_ms=0.01 unpack_ms=1.23 total_ms=37.54
v5_service device=1 lane=1 class=1 jobs=7 rows=2315 cells=24088 reach=373153 reverse=379597 table_mib=10.2 mutable_mib=112.0 max_job_mib=19.0 oldest_ms=244.42 pack_ms=7.30 solve_ms=37.60
v5_device jobs=40 rows=9209 cells=86831 direct=true graph_reused=false upload_ms=39.82 capture_ms=3.18 queue_ms=46.39 gpu_ms=0.02 unpack_ms=4.06 total_ms=93.46
v5_service device=0 lane=0 class=0 jobs=40 rows=9209 cells=86831 reach=1187856 reverse=1211485 table_mib=33.7 mutable_mib=304.0 max_job_mib=10.5 oldest_ms=79.92 pack_ms=18.91 solve_ms=93.53
v5_device jobs=9 rows=3193 cells=29404 direct=true graph_reused=false upload_ms=8.84 capture_ms=3.09 queue_ms=36.29 gpu_ms=0.01 unpack_ms=0.91 total_ms=49.14
v5_service device=0 lane=0 class=1 jobs=9 rows=3193 cells=29404 reach=482480 reverse=489909 table_mib=13.2 mutable_mib=144.0 max_job_mib=19.0 oldest_ms=190.61 pack_ms=9.35 solve_ms=49.20
v5_device jobs=54 rows=11632 cells=99888 direct=true graph_reused=false upload_ms=51.22 capture_ms=3.64 queue_ms=76.99 gpu_ms=0.01 unpack_ms=4.39 total_ms=136.26
v5_service device=1 lane=0 class=0 jobs=54 rows=11632 cells=99888 reach=1391544 reverse=1419533 table_mib=39.9 mutable_mib=400.0 max_job_mib=10.0 oldest_ms=78.83 pack_ms=19.98 solve_ms=136.33
v5_device jobs=47 rows=10017 cells=100540 direct=true graph_reused=false upload_ms=50.27 capture_ms=4.18 queue_ms=62.20 gpu_ms=0.01 unpack_ms=6.51 total_ms=123.18
v5_service device=0 lane=1 class=0 jobs=47 rows=10017 cells=100540 reach=1378975 reverse=1409769 table_mib=39.0 mutable_mib=348.0 max_job_mib=10.8 oldest_ms=78.52 pack_ms=18.69 solve_ms=123.23
v5_device jobs=43 rows=8897 cells=84890 direct=true graph_reused=false upload_ms=47.47 capture_ms=3.25 queue_ms=67.74 gpu_ms=0.02 unpack_ms=6.66 total_ms=125.15
v5_service device=1 lane=1 class=0 jobs=43 rows=8897 cells=84890 reach=1202226 reverse=1226931 table_mib=34.1 mutable_mib=304.0 max_job_mib=10.2 oldest_ms=77.57 pack_ms=18.17 solve_ms=125.20
v5_device jobs=10 rows=3894 cells=20247 direct=true graph_reused=false upload_ms=11.94 capture_ms=3.73 queue_ms=21.43 gpu_ms=0.01 unpack_ms=1.45 total_ms=38.56
v5_service device=1 lane=0 class=1 jobs=10 rows=3894 cells=20247 reach=447032 reverse=449922 table_mib=12.5 mutable_mib=160.0 max_job_mib=18.3 oldest_ms=238.95 pack_ms=9.84 solve_ms=38.63
v5_device jobs=11 rows=4294 cells=36220 direct=true graph_reused=false upload_ms=10.72 capture_ms=3.44 queue_ms=26.07 gpu_ms=0.01 unpack_ms=1.65 total_ms=41.89
v5_service device=0 lane=1 class=1 jobs=11 rows=4294 cells=36220 reach=555550 reverse=563080 table_mib=15.4 mutable_mib=176.0 max_job_mib=19.1 oldest_ms=222.49 pack_ms=9.85 solve_ms=41.97
v5_device jobs=13 rows=5043 cells=35504 direct=true graph_reused=false upload_ms=13.95 capture_ms=3.66 queue_ms=28.33 gpu_ms=0.02 unpack_ms=2.58 total_ms=48.53
v5_service device=1 lane=1 class=1 jobs=13 rows=5043 cells=35504 reach=606115 reverse=612732 table_mib=16.9 mutable_mib=208.0 max_job_mib=19.0 oldest_ms=225.51 pack_ms=12.57 solve_ms=48.59
v5_device jobs=38 rows=8116 cells=70757 direct=true graph_reused=false upload_ms=23.20 capture_ms=3.56 queue_ms=40.35 gpu_ms=0.01 unpack_ms=3.12 total_ms=70.23
v5_service device=0 lane=0 class=0 jobs=38 rows=8116 cells=70757 reach=1001863 reverse=1021785 table_mib=28.7 mutable_mib=300.0 max_job_mib=10.2 oldest_ms=78.80 pack_ms=17.49 solve_ms=70.28
v5_device jobs=11 rows=4186 cells=41225 direct=true graph_reused=false upload_ms=13.51 capture_ms=3.07 queue_ms=31.81 gpu_ms=0.01 unpack_ms=1.61 total_ms=50.01
v5_service device=0 lane=0 class=1 jobs=11 rows=4186 cells=41225 reach=668557 reverse=678146 table_mib=18.1 mutable_mib=192.0 max_job_mib=37.9 oldest_ms=169.93 pack_ms=10.61 solve_ms=50.06
v5_device jobs=16 rows=6532 cells=58917 direct=true graph_reused=false upload_ms=33.95 capture_ms=3.24 queue_ms=38.61 gpu_ms=0.01 unpack_ms=3.02 total_ms=78.82
v5_service device=1 lane=0 class=1 jobs=16 rows=6532 cells=58917 reach=1012770 reverse=1028194 table_mib=27.5 mutable_mib=272.0 max_job_mib=36.3 oldest_ms=79.10 pack_ms=15.69 solve_ms=78.87
v5_device jobs=21 rows=7541 cells=71543 direct=true graph_reused=false upload_ms=32.94 capture_ms=3.43 queue_ms=45.47 gpu_ms=0.01 unpack_ms=3.45 total_ms=85.30
v5_service device=0 lane=1 class=1 jobs=21 rows=7541 cells=71543 reach=1063363 reverse=1080887 table_mib=29.3 mutable_mib=336.0 max_job_mib=19.1 oldest_ms=79.31 pack_ms=16.49 solve_ms=85.35
v5_device jobs=38 rows=8035 cells=86679 direct=true graph_reused=false upload_ms=43.25 capture_ms=3.23 queue_ms=44.03 gpu_ms=0.02 unpack_ms=4.75 total_ms=95.28
v5_service device=1 lane=1 class=0 jobs=38 rows=8035 cells=86679 reach=1134116 reverse=1161427 table_mib=32.1 mutable_mib=296.0 max_job_mib=10.2 oldest_ms=79.49 pack_ms=18.79 solve_ms=95.34
v5_device jobs=13 rows=4639 cells=46541 direct=true graph_reused=false upload_ms=16.87 capture_ms=3.41 queue_ms=26.84 gpu_ms=0.01 unpack_ms=1.35 total_ms=48.47
v5_service device=0 lane=0 class=1 jobs=13 rows=4639 cells=46541 reach=665967 reverse=675666 table_mib=18.3 mutable_mib=208.0 max_job_mib=18.7 oldest_ms=76.90 pack_ms=10.60 solve_ms=48.52
v5_device jobs=9 rows=3714 cells=38560 direct=true graph_reused=false upload_ms=17.13 capture_ms=3.31 queue_ms=51.07 gpu_ms=0.01 unpack_ms=1.52 total_ms=73.04
v5_service device=1 lane=1 class=1 jobs=9 rows=3714 cells=38560 reach=497375 reverse=506569 table_mib=13.8 mutable_mib=144.0 max_job_mib=19.1 oldest_ms=192.43 pack_ms=10.07 solve_ms=73.10
v5_device jobs=43 rows=9760 cells=89910 direct=true graph_reused=false upload_ms=51.27 capture_ms=3.67 queue_ms=57.55 gpu_ms=0.01 unpack_ms=4.21 total_ms=116.71
v5_service device=1 lane=0 class=0 jobs=43 rows=9760 cells=89910 reach=1260542 reverse=1286363 table_mib=35.8 mutable_mib=324.0 max_job_mib=10.4 oldest_ms=178.31 pack_ms=21.73 solve_ms=116.76
v5_device jobs=67 rows=15441 cells=136017 direct=true graph_reused=false upload_ms=64.71 capture_ms=3.44 queue_ms=65.88 gpu_ms=0.01 unpack_ms=5.51 total_ms=139.55
v5_service device=0 lane=1 class=0 jobs=67 rows=15441 cells=136017 reach=1810647 reverse=1850680 table_mib=52.0 mutable_mib=496.0 max_job_mib=10.8 oldest_ms=187.59 pack_ms=36.98 solve_ms=139.61
v5_device jobs=68 rows=15300 cells=134041 direct=true graph_reused=false upload_ms=73.86 capture_ms=3.62 queue_ms=70.42 gpu_ms=0.02 unpack_ms=7.86 total_ms=155.77
v5_service device=0 lane=0 class=0 jobs=68 rows=15300 cells=134041 reach=2003287 reverse=2040807 table_mib=56.7 mutable_mib=516.0 max_job_mib=10.2 oldest_ms=141.24 pack_ms=31.38 solve_ms=155.82
v5_device jobs=47 rows=9730 cells=93001 direct=true graph_reused=false upload_ms=45.98 capture_ms=3.82 queue_ms=57.12 gpu_ms=0.01 unpack_ms=4.26 total_ms=111.19
v5_service device=1 lane=0 class=0 jobs=47 rows=9730 cells=93001 reach=1250737 reverse=1277845 table_mib=35.6 mutable_mib=348.0 max_job_mib=10.8 oldest_ms=78.83 pack_ms=22.51 solve_ms=111.25
v5_device jobs=37 rows=7941 cells=93458 direct=true graph_reused=false upload_ms=43.29 capture_ms=3.45 queue_ms=73.41 gpu_ms=0.01 unpack_ms=4.56 total_ms=124.73
v5_service device=1 lane=1 class=0 jobs=37 rows=7941 cells=93458 reach=1193425 reverse=1222402 table_mib=33.5 mutable_mib=276.0 max_job_mib=10.2 oldest_ms=80.88 pack_ms=20.39 solve_ms=124.77
v5_device jobs=7 rows=2180 cells=23716 direct=true graph_reused=false upload_ms=9.37 capture_ms=4.56 queue_ms=23.06 gpu_ms=0.01 unpack_ms=1.06 total_ms=38.05
v5_service device=1 lane=0 class=1 jobs=7 rows=2180 cells=23716 reach=356740 reverse=363978 table_mib=9.8 mutable_mib=112.0 max_job_mib=19.2 oldest_ms=216.23 pack_ms=5.71 solve_ms=38.11
v5_device jobs=45 rows=9740 cells=97622 direct=true graph_reused=false upload_ms=48.18 capture_ms=5.68 queue_ms=57.04 gpu_ms=0.01 unpack_ms=5.02 total_ms=115.93
v5_service device=0 lane=1 class=0 jobs=45 rows=9740 cells=97622 reach=1386201 reverse=1415487 table_mib=39.0 mutable_mib=340.0 max_job_mib=10.6 oldest_ms=78.03 pack_ms=25.44 solve_ms=115.97
v5_device jobs=17 rows=7172 cells=60952 direct=true graph_reused=false upload_ms=20.14 capture_ms=3.39 queue_ms=35.71 gpu_ms=0.01 unpack_ms=2.99 total_ms=62.24
v5_service device=1 lane=1 class=1 jobs=17 rows=7172 cells=60952 reach=861863 reverse=876348 table_mib=24.2 mutable_mib=288.0 max_job_mib=34.8 oldest_ms=230.74 pack_ms=18.72 solve_ms=62.30
v5_device jobs=23 rows=8710 cells=81301 direct=true graph_reused=false upload_ms=40.83 capture_ms=3.57 queue_ms=43.56 gpu_ms=0.01 unpack_ms=3.92 total_ms=91.90
v5_service device=0 lane=0 class=1 jobs=23 rows=8710 cells=81301 reach=1156522 reverse=1177876 table_mib=32.1 mutable_mib=368.0 max_job_mib=20.0 oldest_ms=79.19 pack_ms=19.53 solve_ms=91.95
v5_device jobs=17 rows=6396 cells=62741 direct=true graph_reused=false upload_ms=36.16 capture_ms=6.01 queue_ms=34.97 gpu_ms=0.01 unpack_ms=2.62 total_ms=79.77
v5_service device=0 lane=1 class=1 jobs=17 rows=6396 cells=62741 reach=990949 reverse=1004453 table_mib=27.0 mutable_mib=272.0 max_job_mib=19.3 oldest_ms=226.02 pack_ms=18.70 solve_ms=79.83
v5_device jobs=36 rows=8141 cells=106588 direct=true graph_reused=false upload_ms=45.63 capture_ms=3.56 queue_ms=47.81 gpu_ms=0.01 unpack_ms=3.70 total_ms=100.71
v5_service device=1 lane=0 class=0 jobs=36 rows=8141 cells=106588 reach=1231375 reverse=1266753 table_mib=34.7 mutable_mib=280.0 max_job_mib=10.2 oldest_ms=80.43 pack_ms=22.76 solve_ms=100.78
v5_device jobs=53 rows=10752 cells=83099 direct=true graph_reused=false upload_ms=45.52 capture_ms=3.18 queue_ms=47.96 gpu_ms=0.02 unpack_ms=4.69 total_ms=101.37
v5_service device=0 lane=0 class=0 jobs=53 rows=10752 cells=83099 reach=1226831 reverse=1248432 table_mib=35.3 mutable_mib=376.0 max_job_mib=9.9 oldest_ms=195.98 pack_ms=23.65 solve_ms=101.42
v5_device jobs=38 rows=8518 cells=100083 direct=true graph_reused=false upload_ms=45.87 capture_ms=3.18 queue_ms=49.83 gpu_ms=0.01 unpack_ms=4.45 total_ms=103.34
v5_service device=1 lane=1 class=0 jobs=38 rows=8518 cells=100083 reach=1232225 reverse=1265339 table_mib=34.8 mutable_mib=300.0 max_job_mib=10.5 oldest_ms=80.49 pack_ms=24.32 solve_ms=103.39
v5_device jobs=14 rows=5338 cells=50378 direct=true graph_reused=false upload_ms=18.23 capture_ms=3.56 queue_ms=35.13 gpu_ms=0.01 unpack_ms=2.83 total_ms=59.76
v5_service device=1 lane=0 class=1 jobs=14 rows=5338 cells=50378 reach=816815 reverse=828871 table_mib=22.3 mutable_mib=224.0 max_job_mib=19.6 oldest_ms=207.49 pack_ms=15.35 solve_ms=59.82
v5_device jobs=17 rows=6449 cells=66251 direct=true graph_reused=false upload_ms=33.45 capture_ms=3.96 queue_ms=37.84 gpu_ms=0.01 unpack_ms=2.64 total_ms=77.90
v5_service device=0 lane=1 class=1 jobs=17 rows=6449 cells=66251 reach=960300 reverse=976623 table_mib=26.3 mutable_mib=272.0 max_job_mib=19.6 oldest_ms=77.30 pack_ms=18.12 solve_ms=77.96
v5_device jobs=14 rows=5140 cells=55758 direct=true graph_reused=false upload_ms=15.43 capture_ms=3.45 queue_ms=30.17 gpu_ms=0.02 unpack_ms=2.61 total_ms=51.68
v5_service device=1 lane=1 class=1 jobs=14 rows=5140 cells=55758 reach=704469 reverse=719278 table_mib=19.6 mutable_mib=224.0 max_job_mib=19.0 oldest_ms=212.89 pack_ms=13.02 solve_ms=51.74
v5_device jobs=38 rows=8270 cells=66052 direct=true graph_reused=false upload_ms=21.95 capture_ms=3.44 queue_ms=42.06 gpu_ms=0.01 unpack_ms=3.25 total_ms=70.72
v5_service device=0 lane=0 class=0 jobs=38 rows=8270 cells=66052 reach=980140 reverse=997804 table_mib=28.1 mutable_mib=284.0 max_job_mib=10.0 oldest_ms=80.95 pack_ms=17.37 solve_ms=70.77
v5_device jobs=8 rows=2641 cells=32486 direct=true graph_reused=false upload_ms=8.00 capture_ms=3.15 queue_ms=25.53 gpu_ms=0.01 unpack_ms=1.03 total_ms=37.72
v5_service device=0 lane=0 class=1 jobs=8 rows=2641 cells=32486 reach=421266 reverse=431513 table_mib=11.6 mutable_mib=128.0 max_job_mib=18.9 oldest_ms=172.20 pack_ms=7.36 solve_ms=37.77
v5_device jobs=19 rows=7638 cells=73406 direct=true graph_reused=false upload_ms=40.77 capture_ms=3.20 queue_ms=46.25 gpu_ms=0.01 unpack_ms=3.31 total_ms=93.54
v5_service device=1 lane=0 class=1 jobs=19 rows=7638 cells=73406 reach=1109824 reverse=1127899 table_mib=30.4 mutable_mib=304.0 max_job_mib=20.3 oldest_ms=78.97 pack_ms=14.65 solve_ms=93.60
v5_device jobs=37 rows=8463 cells=72790 direct=true graph_reused=false upload_ms=36.71 capture_ms=3.23 queue_ms=42.79 gpu_ms=0.02 unpack_ms=3.78 total_ms=86.52
v5_service device=1 lane=1 class=0 jobs=37 rows=8463 cells=72790 reach=1014230 reverse=1035557 table_mib=29.0 mutable_mib=276.0 max_job_mib=10.2 oldest_ms=80.74 pack_ms=18.82 solve_ms=86.57
v5_device jobs=15 rows=5603 cells=53389 direct=true graph_reused=false upload_ms=24.87 capture_ms=3.19 queue_ms=50.05 gpu_ms=0.01 unpack_ms=2.35 total_ms=80.47
v5_service device=1 lane=1 class=1 jobs=15 rows=5603 cells=53389 reach=825246 reverse=838610 table_mib=22.6 mutable_mib=240.0 max_job_mib=19.0 oldest_ms=191.30 pack_ms=14.80 solve_ms=80.52
v5_device jobs=43 rows=9174 cells=102605 direct=true graph_reused=false upload_ms=44.16 capture_ms=3.05 queue_ms=51.61 gpu_ms=0.02 unpack_ms=5.01 total_ms=103.84
v5_service device=0 lane=0 class=0 jobs=43 rows=9174 cells=102605 reach=1313465 reverse=1345633 table_mib=37.1 mutable_mib=324.0 max_job_mib=10.7 oldest_ms=78.95 pack_ms=21.34 solve_ms=103.90
v5_device jobs=57 rows=11788 cells=115381 direct=true graph_reused=false upload_ms=59.12 capture_ms=3.44 queue_ms=66.58 gpu_ms=0.02 unpack_ms=5.94 total_ms=135.10
v5_service device=1 lane=0 class=0 jobs=57 rows=11788 cells=115381 reach=1564677 reverse=1598557 table_mib=44.4 mutable_mib=416.0 max_job_mib=10.8 oldest_ms=194.32 pack_ms=27.15 solve_ms=135.14
v5_device jobs=109 rows=24832 cells=237227 direct=true graph_reused=false upload_ms=113.17 capture_ms=3.47 queue_ms=164.73 gpu_ms=0.03 unpack_ms=25.02 total_ms=306.41
v5_service device=0 lane=1 class=0 jobs=109 rows=24832 cells=237227 reach=3292442 reverse=3361257 table_mib=93.2 mutable_mib=836.0 max_job_mib=10.8 oldest_ms=197.08 pack_ms=54.28 solve_ms=306.47
v5_device jobs=9 rows=3532 cells=39726 direct=true graph_reused=false upload_ms=14.22 capture_ms=4.61 queue_ms=29.33 gpu_ms=0.02 unpack_ms=2.33 total_ms=50.51
v5_service device=0 lane=0 class=1 jobs=9 rows=3532 cells=39726 reach=608173 reverse=619893 table_mib=16.4 mutable_mib=144.0 max_job_mib=19.7 oldest_ms=208.93 pack_ms=10.96 solve_ms=50.57
v5_device jobs=36 rows=7012 cells=63619 direct=true graph_reused=false upload_ms=36.32 capture_ms=3.30 queue_ms=68.22 gpu_ms=0.01 unpack_ms=3.30 total_ms=111.16
v5_service device=1 lane=1 class=0 jobs=36 rows=7012 cells=63619 reach=916626 reverse=934469 table_mib=26.1 mutable_mib=248.0 max_job_mib=10.5 oldest_ms=79.64 pack_ms=17.91 solve_ms=111.21
v5_device jobs=32 rows=6633 cells=69181 direct=true graph_reused=false upload_ms=31.23 capture_ms=3.54 queue_ms=39.14 gpu_ms=0.01 unpack_ms=3.49 total_ms=77.40
v5_service device=1 lane=0 class=0 jobs=32 rows=6633 cells=69181 reach=887453 reverse=908751 table_mib=25.2 mutable_mib=244.0 max_job_mib=10.0 oldest_ms=79.24 pack_ms=15.74 solve_ms=77.45
v5_device jobs=11 rows=5447 cells=40665 direct=true graph_reused=false upload_ms=25.46 capture_ms=3.35 queue_ms=29.08 gpu_ms=0.01 unpack_ms=1.82 total_ms=59.72
v5_service device=1 lane=1 class=1 jobs=11 rows=5447 cells=40665 reach=609946 reverse=617462 table_mib=17.1 mutable_mib=208.0 max_job_mib=34.8 oldest_ms=212.39 pack_ms=11.08 solve_ms=59.79
v5_device jobs=38 rows=8441 cells=91149 direct=true graph_reused=false upload_ms=45.05 capture_ms=4.63 queue_ms=47.89 gpu_ms=0.01 unpack_ms=4.08 total_ms=101.65
v5_service device=0 lane=0 class=0 jobs=38 rows=8441 cells=91149 reach=1204102 reverse=1232764 table_mib=33.9 mutable_mib=292.0 max_job_mib=10.5 oldest_ms=78.47 pack_ms=16.29 solve_ms=101.71
v5_device jobs=17 rows=7285 cells=80065 direct=true graph_reused=false upload_ms=31.48 capture_ms=4.06 queue_ms=78.81 gpu_ms=0.01 unpack_ms=3.07 total_ms=117.42
v5_service device=0 lane=1 class=1 jobs=17 rows=7285 cells=80065 reach=1050429 reverse=1070581 table_mib=28.9 mutable_mib=304.0 max_job_mib=35.5 oldest_ms=78.08 pack_ms=13.25 solve_ms=117.55
v5_device jobs=13 rows=5284 cells=46235 direct=true graph_reused=false upload_ms=33.02 capture_ms=3.40 queue_ms=37.65 gpu_ms=0.02 unpack_ms=3.40 total_ms=77.49
v5_service device=1 lane=0 class=1 jobs=13 rows=5284 cells=46235 reach=832140 reverse=844675 table_mib=22.6 mutable_mib=224.0 max_job_mib=36.1 oldest_ms=174.04 pack_ms=19.35 solve_ms=77.54
v5_device jobs=11 rows=4438 cells=34350 direct=true graph_reused=false upload_ms=13.25 capture_ms=3.45 queue_ms=25.33 gpu_ms=0.01 unpack_ms=2.35 total_ms=44.40
v5_service device=0 lane=0 class=1 jobs=11 rows=4438 cells=34350 reach=570399 reverse=577280 table_mib=15.8 mutable_mib=176.0 max_job_mib=19.7 oldest_ms=197.38 pack_ms=9.58 solve_ms=44.45
v5_device jobs=1 rows=1920 cells=3312 direct=true graph_reused=false upload_ms=2.97 capture_ms=5.43 queue_ms=13.21 gpu_ms=0.01 unpack_ms=0.31 total_ms=21.94
v5_service device=0 lane=0 class=2 jobs=1 rows=1920 cells=3312 reach=200282 reverse=200304 table_mib=5.5 mutable_mib=64.0 max_job_mib=72.2 oldest_ms=185.89 pack_ms=3.43 solve_ms=22.00
v5_device jobs=51 rows=10574 cells=122644 direct=true graph_reused=false upload_ms=52.43 capture_ms=3.12 queue_ms=58.53 gpu_ms=0.01 unpack_ms=4.34 total_ms=118.43
v5_service device=0 lane=1 class=0 jobs=51 rows=10574 cells=122644 reach=1496383 reverse=1535777 table_mib=42.4 mutable_mib=368.0 max_job_mib=10.2 oldest_ms=214.91 pack_ms=27.50 solve_ms=118.47
v5_device jobs=41 rows=8820 cells=78788 direct=true graph_reused=false upload_ms=43.86 capture_ms=4.80 queue_ms=50.36 gpu_ms=0.01 unpack_ms=3.99 total_ms=103.02
v5_service device=1 lane=0 class=0 jobs=41 rows=8820 cells=78788 reach=1195572 reverse=1217668 table_mib=33.7 mutable_mib=300.0 max_job_mib=10.2 oldest_ms=79.98 pack_ms=16.90 solve_ms=103.09
v5_device jobs=37 rows=8594 cells=81640 direct=true graph_reused=false upload_ms=41.75 capture_ms=3.30 queue_ms=78.94 gpu_ms=0.01 unpack_ms=4.80 total_ms=128.80
v5_service device=1 lane=1 class=0 jobs=37 rows=8594 cells=81640 reach=1190484 reverse=1214148 table_mib=33.5 mutable_mib=292.0 max_job_mib=10.7 oldest_ms=81.02 pack_ms=21.05 solve_ms=128.84
v5_device jobs=16 rows=6237 cells=56314 direct=true graph_reused=false upload_ms=15.79 capture_ms=3.23 queue_ms=33.18 gpu_ms=0.02 unpack_ms=3.06 total_ms=55.27
v5_service device=0 lane=0 class=1 jobs=16 rows=6237 cells=56314 reach=796985 reverse=811610 table_mib=22.2 mutable_mib=272.0 max_job_mib=35.8 oldest_ms=77.26 pack_ms=12.75 solve_ms=55.32
v5_device jobs=8 rows=3150 cells=35942 direct=true graph_reused=false upload_ms=11.39 capture_ms=3.58 queue_ms=26.69 gpu_ms=0.01 unpack_ms=1.18 total_ms=42.85
v5_service device=1 lane=1 class=1 jobs=8 rows=3150 cells=35942 reach=410112 reverse=420582 table_mib=11.5 mutable_mib=128.0 max_job_mib=19.2 oldest_ms=224.12 pack_ms=8.09 solve_ms=42.90
v5_device jobs=7 rows=2573 cells=25202 direct=true graph_reused=false upload_ms=11.24 capture_ms=9.06 queue_ms=25.13 gpu_ms=0.01 unpack_ms=1.18 total_ms=46.62
v5_service device=1 lane=0 class=1 jobs=7 rows=2573 cells=25202 reach=386627 reverse=393420 table_mib=10.6 mutable_mib=112.0 max_job_mib=19.2 oldest_ms=201.19 pack_ms=7.47 solve_ms=46.66
v5_device jobs=41 rows=9030 cells=71213 direct=true graph_reused=false upload_ms=38.99 capture_ms=3.25 queue_ms=81.55 gpu_ms=0.01 unpack_ms=3.20 total_ms=126.99
v5_service device=0 lane=1 class=0 jobs=41 rows=9030 cells=71213 reach=1091386 reverse=1110499 table_mib=31.2 mutable_mib=304.0 max_job_mib=10.3 oldest_ms=81.17 pack_ms=22.61 solve_ms=127.04
v5_device jobs=48 rows=11068 cells=107741 direct=true graph_reused=false upload_ms=52.47 capture_ms=4.21 queue_ms=64.18 gpu_ms=0.02 unpack_ms=6.95 total_ms=127.82
v5_service device=0 lane=0 class=0 jobs=48 rows=11068 cells=107741 reach=1454523 reverse=1487267 table_mib=41.3 mutable_mib=368.0 max_job_mib=10.8 oldest_ms=151.05 pack_ms=29.34 solve_ms=127.87
v5_device jobs=16 rows=7488 cells=48037 direct=true graph_reused=false upload_ms=21.19 capture_ms=5.62 queue_ms=31.98 gpu_ms=0.01 unpack_ms=2.61 total_ms=61.41
v5_service device=1 lane=0 class=1 jobs=16 rows=7488 cells=48037 reach=879107 reverse=887365 table_mib=24.4 mutable_mib=304.0 max_job_mib=35.5 oldest_ms=78.59 pack_ms=12.83 solve_ms=61.47
v5_device jobs=13 rows=4969 cells=60955 direct=true graph_reused=false upload_ms=15.26 capture_ms=3.29 queue_ms=31.71 gpu_ms=0.01 unpack_ms=1.97 total_ms=52.24
v5_service device=0 lane=1 class=1 jobs=13 rows=4969 cells=60955 reach=740115 reverse=757078 table_mib=20.4 mutable_mib=208.0 max_job_mib=20.0 oldest_ms=211.54 pack_ms=16.39 solve_ms=52.29
v5_device jobs=39 rows=8514 cells=86781 direct=true graph_reused=false upload_ms=47.96 capture_ms=3.26 queue_ms=47.37 gpu_ms=0.02 unpack_ms=4.78 total_ms=103.39
v5_service device=1 lane=1 class=0 jobs=39 rows=8514 cells=86781 reach=1168638 reverse=1196121 table_mib=33.1 mutable_mib=292.0 max_job_mib=10.2 oldest_ms=79.27 pack_ms=20.86 solve_ms=103.45
v5_device jobs=6 rows=2128 cells=18917 direct=true graph_reused=false upload_ms=7.12 capture_ms=4.48 queue_ms=15.73 gpu_ms=0.01 unpack_ms=0.91 total_ms=28.24
v5_service device=1 lane=1 class=1 jobs=6 rows=2128 cells=18917 reach=307904 reverse=311413 table_mib=8.4 mutable_mib=96.0 max_job_mib=18.7 oldest_ms=197.74 pack_ms=5.60 solve_ms=28.30
v5_device jobs=39 rows=8555 cells=74323 direct=true graph_reused=false upload_ms=22.71 capture_ms=3.36 queue_ms=41.88 gpu_ms=0.01 unpack_ms=2.99 total_ms=70.95
v5_service device=0 lane=0 class=0 jobs=39 rows=8555 cells=74323 reach=1004889 reverse=1026383 table_mib=28.9 mutable_mib=284.0 max_job_mib=10.8 oldest_ms=78.46 pack_ms=19.06 solve_ms=71.01
v5_device jobs=54 rows=11747 cells=103891 direct=true graph_reused=false upload_ms=61.12 capture_ms=3.33 queue_ms=57.68 gpu_ms=0.01 unpack_ms=5.60 total_ms=127.74
v5_service device=1 lane=0 class=0 jobs=54 rows=11747 cells=103891 reach=1534156 reverse=1562278 table_mib=43.4 mutable_mib=400.0 max_job_mib=10.2 oldest_ms=159.23 pack_ms=28.53 solve_ms=127.80
v5_device jobs=7 rows=3110 cells=35806 direct=true graph_reused=false upload_ms=8.69 capture_ms=3.47 queue_ms=24.71 gpu_ms=0.01 unpack_ms=1.28 total_ms=38.16
v5_service device=0 lane=0 class=1 jobs=7 rows=3110 cells=35806 reach=401806 reverse=413188 table_mib=11.3 mutable_mib=112.0 max_job_mib=20.8 oldest_ms=169.59 pack_ms=6.48 solve_ms=38.21
v5_device jobs=45 rows=9673 cells=87932 direct=true graph_reused=false upload_ms=44.40 capture_ms=4.67 queue_ms=47.53 gpu_ms=0.01 unpack_ms=3.73 total_ms=100.34
v5_service device=0 lane=1 class=0 jobs=45 rows=9673 cells=87932 reach=1269034 reverse=1292927 table_mib=36.0 mutable_mib=344.0 max_job_mib=10.0 oldest_ms=79.94 pack_ms=18.34 solve_ms=100.40
v5_device jobs=33 rows=6806 cells=54819 direct=true graph_reused=false upload_ms=33.02 capture_ms=3.31 queue_ms=39.05 gpu_ms=0.02 unpack_ms=3.27 total_ms=78.68
v5_service device=1 lane=1 class=0 jobs=33 rows=6806 cells=54819 reach=874722 reverse=889263 table_mib=24.8 mutable_mib=224.0 max_job_mib=10.5 oldest_ms=79.84 pack_ms=14.90 solve_ms=78.73
v5_device jobs=10 rows=4132 cells=26575 direct=true graph_reused=false upload_ms=10.21 capture_ms=3.03 queue_ms=28.25 gpu_ms=0.02 unpack_ms=1.50 total_ms=43.01
v5_service device=0 lane=1 class=1 jobs=10 rows=4132 cells=26575 reach=551155 reverse=556251 table_mib=15.1 mutable_mib=160.0 max_job_mib=19.6 oldest_ms=202.17 pack_ms=8.05 solve_ms=43.07
v5_device jobs=7 rows=2517 cells=34622 direct=true graph_reused=false upload_ms=8.81 capture_ms=3.44 queue_ms=22.99 gpu_ms=0.01 unpack_ms=1.15 total_ms=36.41
v5_service device=1 lane=1 class=1 jobs=7 rows=2517 cells=34622 reach=413248 reverse=423809 table_mib=11.3 mutable_mib=112.0 max_job_mib=19.0 oldest_ms=176.58 pack_ms=7.47 solve_ms=36.46
v5_device jobs=37 rows=7887 cells=80631 direct=true graph_reused=false upload_ms=24.54 capture_ms=3.47 queue_ms=42.70 gpu_ms=0.01 unpack_ms=3.27 total_ms=74.00
v5_service device=0 lane=0 class=0 jobs=37 rows=7887 cells=80631 reach=1104968 reverse=1128530 table_mib=31.1 mutable_mib=268.0 max_job_mib=10.3 oldest_ms=79.82 pack_ms=21.28 solve_ms=74.05
v5_device jobs=48 rows=10683 cells=102421 direct=true graph_reused=false upload_ms=53.27 capture_ms=3.39 queue_ms=53.79 gpu_ms=0.02 unpack_ms=4.90 total_ms=115.36
v5_service device=1 lane=0 class=0 jobs=48 rows=10683 cells=102421 reach=1432611 reverse=1462626 table_mib=40.6 mutable_mib=364.0 max_job_mib=10.0 oldest_ms=78.75 pack_ms=27.77 solve_ms=115.42
v5_device jobs=7 rows=2561 cells=23208 direct=true graph_reused=false upload_ms=6.45 capture_ms=3.60 queue_ms=19.38 gpu_ms=0.02 unpack_ms=1.46 total_ms=30.91
v5_service device=0 lane=0 class=1 jobs=7 rows=2561 cells=23208 reach=375188 reverse=380260 table_mib=10.3 mutable_mib=112.0 max_job_mib=18.5 oldest_ms=178.09 pack_ms=5.77 solve_ms=30.97
v5_device jobs=7 rows=3306 cells=24886 direct=true graph_reused=false upload_ms=8.61 capture_ms=3.38 queue_ms=18.57 gpu_ms=0.01 unpack_ms=1.21 total_ms=31.78
v5_service device=1 lane=0 class=1 jobs=7 rows=3306 cells=24886 reach=393836 reverse=399176 table_mib=11.0 mutable_mib=128.0 max_job_mib=35.1 oldest_ms=225.68 pack_ms=6.67 solve_ms=31.83
v5_device jobs=17 rows=7813 cells=61273 direct=true graph_reused=false upload_ms=35.37 capture_ms=3.44 queue_ms=35.21 gpu_ms=0.01 unpack_ms=2.98 total_ms=77.01
v5_service device=1 lane=1 class=1 jobs=17 rows=7813 cells=61273 reach=901693 reverse=914875 table_mib=25.3 mutable_mib=304.0 max_job_mib=35.5 oldest_ms=78.94 pack_ms=16.43 solve_ms=77.07
v5_device jobs=61 rows=13359 cells=98479 direct=true graph_reused=false upload_ms=55.71 capture_ms=3.01 queue_ms=60.95 gpu_ms=0.01 unpack_ms=5.23 total_ms=124.92
v5_service device=0 lane=1 class=0 jobs=61 rows=13359 cells=98479 reach=1558925 reverse=1584345 table_mib=44.6 mutable_mib=448.0 max_job_mib=10.2 oldest_ms=82.22 pack_ms=31.11 solve_ms=124.97
v5_device jobs=7 rows=2758 cells=32847 direct=true graph_reused=false upload_ms=6.35 capture_ms=4.31 queue_ms=22.84 gpu_ms=0.01 unpack_ms=1.06 total_ms=34.58
v5_service device=0 lane=1 class=1 jobs=7 rows=2758 cells=32847 reach=401704 reverse=410634 table_mib=11.1 mutable_mib=112.0 max_job_mib=20.3 oldest_ms=244.41 pack_ms=6.34 solve_ms=34.62
v5_device jobs=17 rows=6146 cells=61205 direct=true graph_reused=false upload_ms=22.24 capture_ms=3.39 queue_ms=62.14 gpu_ms=0.01 unpack_ms=2.99 total_ms=90.76
v5_service device=0 lane=0 class=1 jobs=17 rows=6146 cells=61205 reach=958520 reverse=973973 table_mib=26.1 mutable_mib=272.0 max_job_mib=19.6 oldest_ms=78.94 pack_ms=13.81 solve_ms=90.82
v5_device jobs=40 rows=8874 cells=76284 direct=true graph_reused=false upload_ms=44.84 capture_ms=3.62 queue_ms=63.34 gpu_ms=0.02 unpack_ms=3.89 total_ms=115.71
v5_service device=1 lane=0 class=0 jobs=40 rows=8874 cells=76284 reach=1109320 reverse=1130076 table_mib=31.6 mutable_mib=296.0 max_job_mib=10.2 oldest_ms=79.21 pack_ms=17.81 solve_ms=115.77
v5_device jobs=46 rows=10109 cells=115732 direct=true graph_reused=false upload_ms=51.54 capture_ms=3.41 queue_ms=77.91 gpu_ms=0.02 unpack_ms=8.08 total_ms=140.96
v5_service device=1 lane=1 class=0 jobs=46 rows=10109 cells=115732 reach=1416054 reverse=1453666 table_mib=40.1 mutable_mib=356.0 max_job_mib=10.5 oldest_ms=177.94 pack_ms=27.41 solve_ms=141.01
v5_device jobs=10 rows=3672 cells=37194 direct=true graph_reused=false upload_ms=13.59 capture_ms=3.45 queue_ms=23.42 gpu_ms=0.01 unpack_ms=1.68 total_ms=42.15
v5_service device=1 lane=0 class=1 jobs=10 rows=3672 cells=37194 reach=596410 reverse=604566 table_mib=16.1 mutable_mib=160.0 max_job_mib=19.3 oldest_ms=216.25 pack_ms=11.48 solve_ms=42.22
v5_device jobs=47 rows=10342 cells=88544 direct=true graph_reused=false upload_ms=50.54 capture_ms=3.61 queue_ms=54.32 gpu_ms=0.02 unpack_ms=4.84 total_ms=113.31
v5_service device=0 lane=0 class=0 jobs=47 rows=10342 cells=88544 reach=1361069 reverse=1385975 table_mib=38.5 mutable_mib=348.0 max_job_mib=10.7 oldest_ms=188.78 pack_ms=25.57 solve_ms=113.37
v5_device jobs=58 rows=12475 cells=118314 direct=true graph_reused=false upload_ms=60.07 capture_ms=3.86 queue_ms=58.22 gpu_ms=0.01 unpack_ms=4.63 total_ms=126.79
v5_service device=0 lane=1 class=0 jobs=58 rows=12475 cells=118314 reach=1606396 reverse=1640440 table_mib=45.7 mutable_mib=432.0 max_job_mib=10.2 oldest_ms=80.19 pack_ms=26.94 solve_ms=126.83
v5_device jobs=40 rows=8149 cells=90390 direct=true graph_reused=false upload_ms=40.61 capture_ms=3.21 queue_ms=74.93 gpu_ms=0.01 unpack_ms=3.07 total_ms=121.83
v5_service device=1 lane=1 class=0 jobs=40 rows=8149 cells=90390 reach=1196820 reverse=1224501 table_mib=33.7 mutable_mib=296.0 max_job_mib=10.0 oldest_ms=77.99 pack_ms=18.33 solve_ms=121.88
v5_device jobs=19 rows=7284 cells=66526 direct=true graph_reused=false upload_ms=36.59 capture_ms=3.87 queue_ms=41.71 gpu_ms=0.01 unpack_ms=3.14 total_ms=85.32
v5_service device=1 lane=0 class=1 jobs=19 rows=7284 cells=66526 reach=929233 reverse=947254 table_mib=26.0 mutable_mib=304.0 max_job_mib=19.0 oldest_ms=77.08 pack_ms=14.06 solve_ms=85.40
v5_device jobs=15 rows=6054 cells=59733 direct=true graph_reused=false upload_ms=19.82 capture_ms=3.66 queue_ms=44.70 gpu_ms=0.02 unpack_ms=3.38 total_ms=71.58
v5_service device=0 lane=0 class=1 jobs=15 rows=6054 cells=59733 reach=870449 reverse=886260 table_mib=23.9 mutable_mib=240.0 max_job_mib=19.6 oldest_ms=76.95 pack_ms=14.09 solve_ms=71.63
v5_device jobs=12 rows=4171 cells=47830 direct=true graph_reused=false upload_ms=14.64 capture_ms=6.13 queue_ms=42.16 gpu_ms=0.02 unpack_ms=2.68 total_ms=65.63
v5_service device=0 lane=1 class=1 jobs=12 rows=4171 cells=47830 reach=699527 reverse=713055 table_mib=19.0 mutable_mib=192.0 max_job_mib=19.7 oldest_ms=240.68 pack_ms=14.97 solve_ms=65.70
v5_device jobs=15 rows=5558 cells=52877 direct=true graph_reused=false upload_ms=18.82 capture_ms=3.62 queue_ms=32.53 gpu_ms=0.01 unpack_ms=2.16 total_ms=57.15
v5_service device=1 lane=1 class=1 jobs=15 rows=5558 cells=52877 reach=741132 reverse=754400 table_mib=20.6 mutable_mib=240.0 max_job_mib=19.0 oldest_ms=219.76 pack_ms=14.71 solve_ms=57.20
v5_device jobs=48 rows=10463 cells=98243 direct=true graph_reused=false upload_ms=52.66 capture_ms=3.96 queue_ms=52.18 gpu_ms=0.02 unpack_ms=4.40 total_ms=113.22
v5_service device=1 lane=0 class=0 jobs=48 rows=10463 cells=98243 reach=1359914 reverse=1387525 table_mib=38.6 mutable_mib=348.0 max_job_mib=10.1 oldest_ms=184.36 pack_ms=30.20 solve_ms=113.27
v5_device jobs=48 rows=10412 cells=85243 direct=true graph_reused=false upload_ms=39.47 capture_ms=5.09 queue_ms=54.04 gpu_ms=0.01 unpack_ms=3.82 total_ms=102.43
v5_service device=0 lane=1 class=0 jobs=48 rows=10412 cells=85243 reach=1239141 reverse=1261413 table_mib=35.5 mutable_mib=352.0 max_job_mib=10.0 oldest_ms=79.15 pack_ms=16.98 solve_ms=102.49
v5_device jobs=60 rows=12995 cells=112345 direct=true graph_reused=false upload_ms=62.38 capture_ms=3.18 queue_ms=99.34 gpu_ms=0.02 unpack_ms=6.79 total_ms=171.72
v5_service device=0 lane=0 class=0 jobs=60 rows=12995 cells=112345 reach=1691667 reverse=1723630 table_mib=47.9 mutable_mib=436.0 max_job_mib=10.5 oldest_ms=170.33 pack_ms=33.57 solve_ms=171.77
v5_device jobs=37 rows=8233 cells=81356 direct=true graph_reused=false upload_ms=36.37 capture_ms=3.39 queue_ms=44.05 gpu_ms=0.02 unpack_ms=3.80 total_ms=87.63
v5_service device=1 lane=1 class=0 jobs=37 rows=8233 cells=81356 reach=1104715 reverse=1129039 table_mib=31.3 mutable_mib=276.0 max_job_mib=10.4 oldest_ms=79.71 pack_ms=18.33 solve_ms=87.69
v5_device jobs=11 rows=4078 cells=30638 direct=true graph_reused=false upload_ms=14.45 capture_ms=5.73 queue_ms=27.75 gpu_ms=0.02 unpack_ms=1.99 total_ms=49.94
v5_service device=0 lane=1 class=1 jobs=11 rows=4078 cells=30638 reach=564898 reverse=570557 table_mib=15.5 mutable_mib=176.0 max_job_mib=19.5 oldest_ms=204.65 pack_ms=10.24 solve_ms=50.02
v5_device jobs=14 rows=5333 cells=67303 direct=true graph_reused=false upload_ms=17.16 capture_ms=3.37 queue_ms=45.18 gpu_ms=0.01 unpack_ms=2.79 total_ms=68.52
v5_service device=1 lane=1 class=1 jobs=14 rows=5333 cells=67303 reach=817437 reverse=837531 table_mib=22.5 mutable_mib=240.0 max_job_mib=35.8 oldest_ms=189.50 pack_ms=14.62 solve_ms=68.57
v5_device jobs=40 rows=8334 cells=81283 direct=true graph_reused=false upload_ms=51.14 capture_ms=5.11 queue_ms=50.26 gpu_ms=0.03 unpack_ms=5.03 total_ms=111.56
v5_service device=1 lane=0 class=0 jobs=40 rows=8334 cells=81283 reach=1112897 reverse=1136450 table_mib=31.6 mutable_mib=292.0 max_job_mib=10.4 oldest_ms=82.03 pack_ms=18.13 solve_ms=111.63
v5_device jobs=8 rows=3241 cells=30333 direct=true graph_reused=false upload_ms=9.26 capture_ms=4.07 queue_ms=23.08 gpu_ms=0.02 unpack_ms=1.27 total_ms=37.70
v5_service device=1 lane=0 class=1 jobs=8 rows=3241 cells=30333 reach=472480 reverse=479694 table_mib=12.9 mutable_mib=128.0 max_job_mib=19.6 oldest_ms=216.40 pack_ms=7.56 solve_ms=37.76
v5_device jobs=41 rows=9202 cells=79505 direct=true graph_reused=false upload_ms=46.70 capture_ms=3.79 queue_ms=44.62 gpu_ms=0.01 unpack_ms=4.25 total_ms=99.37
v5_service device=0 lane=0 class=0 jobs=41 rows=9202 cells=79505 reach=1221163 reverse=1243005 table_mib=34.5 mutable_mib=308.0 max_job_mib=10.5 oldest_ms=77.64 pack_ms=20.50 solve_ms=99.43
v5_device jobs=8 rows=3229 cells=28506 direct=true graph_reused=false upload_ms=10.41 capture_ms=4.41 queue_ms=42.45 gpu_ms=0.01 unpack_ms=1.10 total_ms=58.38
v5_service device=0 lane=0 class=1 jobs=8 rows=3229 cells=28506 reach=435656 reverse=443299 table_mib=12.0 mutable_mib=144.0 max_job_mib=35.8 oldest_ms=201.31 pack_ms=6.76 solve_ms=58.44
v5_device jobs=39 rows=8169 cells=102089 direct=true graph_reused=false upload_ms=46.06 capture_ms=5.59 queue_ms=59.94 gpu_ms=0.01 unpack_ms=4.54 total_ms=116.14
v5_service device=0 lane=1 class=0 jobs=39 rows=8169 cells=102089 reach=1325986 reverse=1359578 table_mib=37.1 mutable_mib=304.0 max_job_mib=10.5 oldest_ms=78.46 pack_ms=27.89 solve_ms=116.19
v5_device jobs=39 rows=8644 cells=79639 direct=true graph_reused=false upload_ms=39.57 capture_ms=3.53 queue_ms=43.65 gpu_ms=0.01 unpack_ms=3.63 total_ms=90.39
v5_service device=1 lane=1 class=0 jobs=39 rows=8644 cells=79639 reach=1206556 reverse=1228142 table_mib=33.8 mutable_mib=292.0 max_job_mib=10.5 oldest_ms=81.83 pack_ms=20.12 solve_ms=90.44
v5_device jobs=9 rows=3321 cells=35749 direct=true graph_reused=false upload_ms=10.86 capture_ms=3.97 queue_ms=25.23 gpu_ms=0.02 unpack_ms=1.78 total_ms=41.85
v5_service device=0 lane=1 class=1 jobs=9 rows=3321 cells=35749 reach=521074 reverse=531293 table_mib=14.2 mutable_mib=144.0 max_job_mib=19.7 oldest_ms=226.65 pack_ms=10.89 solve_ms=41.92
v5_device jobs=9 rows=3224 cells=32098 direct=true graph_reused=false upload_ms=10.17 capture_ms=3.89 queue_ms=41.11 gpu_ms=0.01 unpack_ms=1.38 total_ms=56.55
v5_service device=1 lane=1 class=1 jobs=9 rows=3224 cells=32098 reach=467131 reverse=476415 table_mib=12.9 mutable_mib=144.0 max_job_mib=19.5 oldest_ms=196.31 pack_ms=7.33 solve_ms=56.61
v5_device jobs=38 rows=8397 cells=90421 direct=true graph_reused=false upload_ms=44.69 capture_ms=5.63 queue_ms=49.17 gpu_ms=0.01 unpack_ms=3.74 total_ms=103.24
v5_service device=1 lane=0 class=0 jobs=38 rows=8397 cells=90421 reach=1165517 reverse=1193214 table_mib=32.9 mutable_mib=292.0 max_job_mib=10.3 oldest_ms=78.56 pack_ms=22.60 solve_ms=103.30
v5_device jobs=31 rows=6749 cells=68599 direct=true graph_reused=false upload_ms=20.01 capture_ms=3.55 queue_ms=41.09 gpu_ms=0.01 unpack_ms=3.14 total_ms=67.80
v5_service device=0 lane=0 class=0 jobs=31 rows=6749 cells=68599 reach=994693 reverse=1014789 table_mib=27.8 mutable_mib=236.0 max_job_mib=10.5 oldest_ms=80.36 pack_ms=14.68 solve_ms=67.86
v5_device jobs=5 rows=1830 cells=25968 direct=true graph_reused=false upload_ms=6.69 capture_ms=5.40 queue_ms=22.67 gpu_ms=0.01 unpack_ms=1.05 total_ms=35.82
v5_service device=1 lane=0 class=1 jobs=5 rows=1830 cells=25968 reach=361495 reverse=368405 table_mib=9.7 mutable_mib=80.0 max_job_mib=19.3 oldest_ms=204.02 pack_ms=7.06 solve_ms=35.88
v5_device jobs=15 rows=6553 cells=60205 direct=true graph_reused=false upload_ms=18.65 capture_ms=3.25 queue_ms=47.50 gpu_ms=0.01 unpack_ms=2.82 total_ms=72.23
v5_service device=0 lane=0 class=1 jobs=15 rows=6553 cells=60205 reach=912806 reverse=928625 table_mib=25.1 mutable_mib=272.0 max_job_mib=36.1 oldest_ms=167.15 pack_ms=15.95 solve_ms=72.29
v5_device jobs=54 rows=12041 cells=99889 direct=true graph_reused=false upload_ms=49.70 capture_ms=4.34 queue_ms=60.53 gpu_ms=0.02 unpack_ms=4.95 total_ms=119.54
v5_service device=0 lane=1 class=0 jobs=54 rows=12041 cells=99889 reach=1426405 reverse=1454399 table_mib=40.9 mutable_mib=412.0 max_job_mib=10.7 oldest_ms=78.80 pack_ms=22.17 solve_ms=119.59
v5_device jobs=40 rows=8694 cells=97982 direct=true graph_reused=false upload_ms=38.36 capture_ms=3.24 queue_ms=47.38 gpu_ms=0.02 unpack_ms=4.59 total_ms=93.59
v5_service device=1 lane=1 class=0 jobs=40 rows=8694 cells=97982 reach=1166502 reverse=1198192 table_mib=33.3 mutable_mib=308.0 max_job_mib=10.2 oldest_ms=79.47 pack_ms=17.42 solve_ms=93.64
v5_device jobs=2 rows=682 cells=7227 direct=true graph_reused=false upload_ms=1.21 capture_ms=5.05 queue_ms=10.23 gpu_ms=0.01 unpack_ms=0.30 total_ms=16.80
v5_service device=0 lane=1 class=1 jobs=2 rows=682 cells=7227 reach=87549 reverse=89685 table_mib=2.5 mutable_mib=32.0 max_job_mib=18.1 oldest_ms=217.33 pack_ms=1.47 solve_ms=16.86
{"phase": "live", "seconds": 10.044, "solves": 12288, "solves_per_s": 1223.4, "oversize_routes": 0, "card_exclusive_routes": 0}
v5_device jobs=8 rows=2734 cells=38496 direct=true graph_reused=false upload_ms=9.81 capture_ms=4.52 queue_ms=35.84 gpu_ms=0.01 unpack_ms=1.35 total_ms=51.53
v5_service device=1 lane=1 class=1 jobs=8 rows=2734 cells=38496 reach=477965 reverse=489784 table_mib=13.1 mutable_mib=128.0 max_job_mib=19.7 oldest_ms=182.42 pack_ms=7.53 solve_ms=51.58
v5_device jobs=19 rows=7893 cells=64512 direct=true graph_reused=false upload_ms=40.84 capture_ms=7.55 queue_ms=53.42 gpu_ms=0.01 unpack_ms=3.33 total_ms=105.15
v5_service device=1 lane=0 class=1 jobs=19 rows=7893 cells=64512 reach=1092121 reverse=1107596 table_mib=30.0 mutable_mib=320.0 max_job_mib=34.5 oldest_ms=78.42 pack_ms=16.35 solve_ms=105.20
v5_device jobs=45 rows=9592 cells=171968 direct=true graph_reused=false upload_ms=43.23 capture_ms=3.53 queue_ms=48.85 gpu_ms=0.01 unpack_ms=4.00 total_ms=99.62
v5_service device=0 lane=0 class=0 jobs=45 rows=9592 cells=171968 reach=1199568 reverse=1261326 table_mib=35.7 mutable_mib=336.0 max_job_mib=10.2 oldest_ms=78.21 pack_ms=18.20 solve_ms=99.67
v5_device jobs=42 rows=9202 cells=107663 direct=true graph_reused=false upload_ms=38.98 capture_ms=3.00 queue_ms=44.40 gpu_ms=0.01 unpack_ms=3.37 total_ms=89.76
v5_service device=0 lane=1 class=0 jobs=42 rows=9202 cells=107663 reach=1156640 reverse=1188715 table_mib=33.3 mutable_mib=328.0 max_job_mib=10.0 oldest_ms=78.97 pack_ms=17.99 solve_ms=89.81
v5_device jobs=12 rows=4556 cells=51377 direct=true graph_reused=false upload_ms=16.76 capture_ms=3.16 queue_ms=31.29 gpu_ms=0.02 unpack_ms=2.14 total_ms=53.37
v5_service device=0 lane=0 class=1 jobs=12 rows=4556 cells=51377 reach=703572 reverse=715900 table_mib=19.3 mutable_mib=192.0 max_job_mib=19.6 oldest_ms=201.26 pack_ms=11.74 solve_ms=53.42
v5_device jobs=16 rows=5908 cells=42987 direct=true graph_reused=false upload_ms=21.68 capture_ms=4.16 queue_ms=53.66 gpu_ms=0.01 unpack_ms=2.68 total_ms=82.20
v5_service device=1 lane=1 class=1 jobs=16 rows=5908 cells=42987 reach=878375 reverse=887852 table_mib=23.9 mutable_mib=256.0 max_job_mib=19.2 oldest_ms=78.30 pack_ms=14.70 solve_ms=82.25
v5_device jobs=8 rows=3080 cells=35422 direct=true graph_reused=false upload_ms=7.38 capture_ms=3.08 queue_ms=27.84 gpu_ms=0.01 unpack_ms=1.45 total_ms=39.75
v5_service device=0 lane=1 class=1 jobs=8 rows=3080 cells=35422 reach=484693 reverse=493792 table_mib=13.3 mutable_mib=128.0 max_job_mib=19.1 oldest_ms=180.00 pack_ms=6.80 solve_ms=39.80
v5_device jobs=56 rows=12015 cells=99383 direct=true graph_reused=false upload_ms=57.12 capture_ms=4.31 queue_ms=73.19 gpu_ms=0.01 unpack_ms=5.78 total_ms=140.41
v5_service device=1 lane=0 class=0 jobs=56 rows=12015 cells=99383 reach=1513802 reverse=1540637 table_mib=43.0 mutable_mib=408.0 max_job_mib=10.5 oldest_ms=208.65 pack_ms=27.52 solve_ms=140.46
v5_device jobs=34 rows=7030 cells=92862 direct=true graph_reused=false upload_ms=21.31 capture_ms=3.32 queue_ms=40.07 gpu_ms=0.01 unpack_ms=2.92 total_ms=67.62
v5_service device=0 lane=0 class=0 jobs=34 rows=7030 cells=92862 reach=890674 reverse=916753 table_mib=26.0 mutable_mib=256.0 max_job_mib=10.2 oldest_ms=78.46 pack_ms=12.96 solve_ms=67.68
v5_device jobs=51 rows=11271 cells=107418 direct=true graph_reused=false upload_ms=55.44 capture_ms=3.11 queue_ms=62.27 gpu_ms=0.02 unpack_ms=8.04 total_ms=128.87
v5_service device=1 lane=1 class=0 jobs=51 rows=11271 cells=107418 reach=1415552 reverse=1447355 table_mib=40.4 mutable_mib=380.0 max_job_mib=10.5 oldest_ms=181.89 pack_ms=29.25 solve_ms=128.93
v5_device jobs=47 rows=10472 cells=98336 direct=true graph_reused=false upload_ms=44.61 capture_ms=3.52 queue_ms=56.69 gpu_ms=0.01 unpack_ms=3.89 total_ms=108.72
v5_service device=0 lane=1 class=0 jobs=47 rows=10472 cells=98336 reach=1293278 reverse=1322096 table_mib=36.9 mutable_mib=340.0 max_job_mib=10.2 oldest_ms=78.01 pack_ms=18.83 solve_ms=108.77
v5_device jobs=12 rows=4078 cells=88439 direct=true graph_reused=false upload_ms=13.79 capture_ms=4.24 queue_ms=40.40 gpu_ms=0.02 unpack_ms=2.13 total_ms=60.58
v5_service device=0 lane=0 class=1 jobs=12 rows=4078 cells=88439 reach=611728 reverse=639921 table_mib=17.4 mutable_mib=192.0 max_job_mib=19.7 oldest_ms=162.97 pack_ms=12.66 solve_ms=60.63
v5_device jobs=49 rows=9945 cells=112506 direct=true graph_reused=false upload_ms=59.28 capture_ms=4.30 queue_ms=57.36 gpu_ms=0.02 unpack_ms=5.58 total_ms=126.55
v5_service device=1 lane=0 class=0 jobs=49 rows=9945 cells=112506 reach=1526905 reverse=1561622 table_mib=42.8 mutable_mib=360.0 max_job_mib=10.7 oldest_ms=78.41 pack_ms=25.79 solve_ms=126.61
v5_device jobs=12 rows=4070 cells=90320 direct=true graph_reused=false upload_ms=20.50 capture_ms=5.93 queue_ms=29.52 gpu_ms=0.01 unpack_ms=1.86 total_ms=57.82
v5_service device=0 lane=1 class=1 jobs=12 rows=4070 cells=90320 reach=677015 reverse=703726 table_mib=19.0 mutable_mib=192.0 max_job_mib=19.1 oldest_ms=210.79 pack_ms=10.81 solve_ms=57.87
v5_device jobs=11 rows=4203 cells=43114 direct=true graph_reused=false upload_ms=12.65 capture_ms=3.92 queue_ms=29.50 gpu_ms=0.01 unpack_ms=1.63 total_ms=47.72
v5_service device=1 lane=0 class=1 jobs=11 rows=4203 cells=43114 reach=600963 reverse=613688 table_mib=16.6 mutable_mib=192.0 max_job_mib=35.0 oldest_ms=238.21 pack_ms=12.07 solve_ms=47.77
v5_device jobs=43 rows=9267 cells=91974 direct=true graph_reused=false upload_ms=47.65 capture_ms=3.25 queue_ms=47.48 gpu_ms=0.01 unpack_ms=4.37 total_ms=102.76
v5_service device=1 lane=1 class=0 jobs=43 rows=9267 cells=91974 reach=1261411 reverse=1287462 table_mib=35.6 mutable_mib=312.0 max_job_mib=10.0 oldest_ms=82.16 pack_ms=24.70 solve_ms=102.82
v5_device jobs=39 rows=8958 cells=266359 direct=true graph_reused=false upload_ms=23.00 capture_ms=3.03 queue_ms=42.85 gpu_ms=0.01 unpack_ms=4.36 total_ms=73.25
v5_service device=0 lane=0 class=0 jobs=39 rows=8958 cells=266359 reach=1006619 reverse=1106937 table_mib=32.2 mutable_mib=296.0 max_job_mib=10.5 oldest_ms=78.20 pack_ms=16.21 solve_ms=73.29
v5_device jobs=10 rows=4384 cells=39900 direct=true graph_reused=false upload_ms=14.91 capture_ms=3.68 queue_ms=24.98 gpu_ms=0.01 unpack_ms=1.55 total_ms=45.13
v5_service device=1 lane=1 class=1 jobs=10 rows=4384 cells=39900 reach=576215 reverse=584401 table_mib=15.9 mutable_mib=176.0 max_job_mib=37.2 oldest_ms=213.20 pack_ms=10.26 solve_ms=45.18
v5_device jobs=12 rows=4619 cells=58880 direct=true graph_reused=false upload_ms=14.81 capture_ms=3.62 queue_ms=60.50 gpu_ms=0.01 unpack_ms=1.70 total_ms=80.64
v5_service device=0 lane=0 class=1 jobs=12 rows=4619 cells=58880 reach=596798 reverse=612990 table_mib=16.9 mutable_mib=192.0 max_job_mib=18.7 oldest_ms=171.82 pack_ms=11.11 solve_ms=80.69
v5_device jobs=49 rows=10598 cells=275150 direct=true graph_reused=false upload_ms=44.52 capture_ms=4.47 queue_ms=52.67 gpu_ms=0.01 unpack_ms=3.89 total_ms=105.56
v5_service device=0 lane=1 class=0 jobs=49 rows=10598 cells=275150 reach=999695 reverse=1096143 table_mib=32.7 mutable_mib=368.0 max_job_mib=10.0 oldest_ms=77.98 pack_ms=15.03 solve_ms=105.61
v5_device jobs=45 rows=10011 cells=105715 direct=true graph_reused=false upload_ms=46.57 capture_ms=3.22 queue_ms=48.54 gpu_ms=0.01 unpack_ms=4.55 total_ms=102.90
v5_service device=1 lane=0 class=0 jobs=45 rows=10011 cells=105715 reach=1293732 reverse=1326168 table_mib=36.9 mutable_mib=336.0 max_job_mib=10.8 oldest_ms=82.42 pack_ms=27.61 solve_ms=102.96
v5_device jobs=10 rows=3541 cells=39852 direct=true graph_reused=false upload_ms=12.57 capture_ms=3.56 queue_ms=24.51 gpu_ms=0.01 unpack_ms=1.53 total_ms=42.18
v5_service device=1 lane=0 class=1 jobs=10 rows=3541 cells=39852 reach=571060 reverse=582205 table_mib=15.6 mutable_mib=160.0 max_job_mib=18.9 oldest_ms=217.52 pack_ms=9.26 solve_ms=42.23
v5_device jobs=10 rows=3865 cells=170618 direct=true graph_reused=false upload_ms=14.36 capture_ms=3.45 queue_ms=30.69 gpu_ms=0.01 unpack_ms=2.02 total_ms=50.52
v5_service device=0 lane=1 class=1 jobs=10 rows=3865 cells=170618 reach=631423 reverse=698388 table_mib=18.9 mutable_mib=176.0 max_job_mib=38.8 oldest_ms=230.67 pack_ms=12.50 solve_ms=50.57
v5_device jobs=17 rows=6232 cells=588958 direct=true graph_reused=false upload_ms=19.07 capture_ms=3.56 queue_ms=37.73 gpu_ms=0.01 unpack_ms=3.28 total_ms=63.65
v5_service device=0 lane=0 class=1 jobs=17 rows=6232 cells=588958 reach=715063 reverse=945639 table_mib=28.4 mutable_mib=272.0 max_job_mib=19.9 oldest_ms=79.78 pack_ms=13.79 solve_ms=63.71
v5_device jobs=47 rows=10306 cells=144236 direct=true graph_reused=false upload_ms=50.50 capture_ms=3.42 queue_ms=48.95 gpu_ms=0.02 unpack_ms=5.08 total_ms=107.97
v5_service device=1 lane=1 class=0 jobs=47 rows=10306 cells=144236 reach=1259882 reverse=1301929 table_mib=36.8 mutable_mib=344.0 max_job_mib=10.8 oldest_ms=79.61 pack_ms=24.86 solve_ms=108.03
v5_device jobs=7 rows=2502 cells=26663 direct=true graph_reused=false upload_ms=9.46 capture_ms=4.05 queue_ms=18.49 gpu_ms=0.01 unpack_ms=1.12 total_ms=33.13
v5_service device=1 lane=1 class=1 jobs=7 rows=2502 cells=26663 reach=405842 reverse=411977 table_mib=11.0 mutable_mib=112.0 max_job_mib=19.2 oldest_ms=215.91 pack_ms=7.13 solve_ms=33.18
v5_device jobs=39 rows=8793 cells=278575 direct=true graph_reused=false upload_ms=22.30 capture_ms=3.39 queue_ms=46.89 gpu_ms=0.01 unpack_ms=3.50 total_ms=76.09
v5_service device=0 lane=0 class=0 jobs=39 rows=8793 cells=278575 reach=909668 reverse=1008871 table_mib=29.8 mutable_mib=296.0 max_job_mib=10.7 oldest_ms=161.69 pack_ms=16.56 solve_ms=76.14
v5_device jobs=32 rows=7661 cells=180738 direct=true graph_reused=false upload_ms=30.00 capture_ms=3.66 queue_ms=40.04 gpu_ms=0.01 unpack_ms=3.07 total_ms=76.79
v5_service device=0 lane=1 class=0 jobs=32 rows=7661 cells=180738 reach=850535 reverse=914615 table_mib=26.6 mutable_mib=244.0 max_job_mib=10.5 oldest_ms=82.70 pack_ms=14.93 solve_ms=76.85
v5_device jobs=40 rows=8919 cells=115899 direct=true graph_reused=false upload_ms=37.61 capture_ms=3.21 queue_ms=44.62 gpu_ms=0.01 unpack_ms=4.01 total_ms=89.46
v5_service device=1 lane=0 class=0 jobs=40 rows=8919 cells=115899 reach=1128754 reverse=1166828 table_mib=32.8 mutable_mib=308.0 max_job_mib=9.8 oldest_ms=79.97 pack_ms=18.11 solve_ms=89.50
v5_device jobs=6 rows=2522 cells=47005 direct=true graph_reused=false upload_ms=8.40 capture_ms=4.28 queue_ms=17.61 gpu_ms=0.01 unpack_ms=1.11 total_ms=31.41
v5_service device=1 lane=0 class=1 jobs=6 rows=2522 cells=47005 reach=346526 reverse=359993 table_mib=9.8 mutable_mib=96.0 max_job_mib=19.2 oldest_ms=190.22 pack_ms=6.09 solve_ms=31.46
v5_device jobs=9 rows=3466 cells=51771 direct=true graph_reused=false upload_ms=9.74 capture_ms=3.37 queue_ms=20.62 gpu_ms=0.01 unpack_ms=1.22 total_ms=34.95
v5_service device=0 lane=1 class=1 jobs=9 rows=3466 cells=51771 reach=393213 reverse=407298 table_mib=11.4 mutable_mib=144.0 max_job_mib=18.5 oldest_ms=178.04 pack_ms=6.65 solve_ms=34.99
v5_device jobs=21 rows=8845 cells=579460 direct=true graph_reused=false upload_ms=18.12 capture_ms=3.21 queue_ms=41.88 gpu_ms=0.01 unpack_ms=3.88 total_ms=67.10
v5_service device=0 lane=0 class=1 jobs=21 rows=8845 cells=579460 reach=731144 reverse=900253 table_mib=29.1 mutable_mib=336.0 max_job_mib=19.6 oldest_ms=81.88 pack_ms=15.55 solve_ms=67.16
v5_device jobs=45 rows=9681 cells=90853 direct=true graph_reused=false upload_ms=51.22 capture_ms=2.98 queue_ms=50.59 gpu_ms=0.02 unpack_ms=5.53 total_ms=110.34
v5_service device=1 lane=1 class=0 jobs=45 rows=9681 cells=90853 reach=1365526 reverse=1390924 table_mib=38.4 mutable_mib=348.0 max_job_mib=10.2 oldest_ms=83.79 pack_ms=25.19 solve_ms=110.41
v5_device jobs=6 rows=2261 cells=18686 direct=true graph_reused=false upload_ms=7.43 capture_ms=6.22 queue_ms=19.19 gpu_ms=0.01 unpack_ms=0.93 total_ms=33.79
v5_service device=1 lane=1 class=1 jobs=6 rows=2261 cells=18686 reach=317991 reverse=321740 table_mib=8.7 mutable_mib=96.0 max_job_mib=19.2 oldest_ms=222.57 pack_ms=5.71 solve_ms=33.85
v5_device jobs=15 rows=5886 cells=208370 direct=true graph_reused=false upload_ms=16.66 capture_ms=3.42 queue_ms=47.58 gpu_ms=0.01 unpack_ms=2.82 total_ms=70.49
v5_service device=1 lane=0 class=1 jobs=15 rows=5886 cells=208370 reach=730689 reverse=803155 table_mib=22.9 mutable_mib=240.0 max_job_mib=20.3 oldest_ms=77.93 pack_ms=10.42 solve_ms=70.54
v5_device jobs=1 rows=2262 cells=6307 direct=true graph_reused=false upload_ms=1.60 capture_ms=4.46 queue_ms=8.07 gpu_ms=0.01 unpack_ms=0.16 total_ms=14.30
v5_service device=1 lane=1 class=2 jobs=1 rows=2262 cells=6307 reach=100389 reverse=100379 table_mib=3.3 mutable_mib=64.0 max_job_mib=68.6 oldest_ms=256.60 pack_ms=1.96 solve_ms=14.34
v5_device jobs=41 rows=8651 cells=553166 direct=true graph_reused=false upload_ms=31.42 capture_ms=3.51 queue_ms=42.38 gpu_ms=0.02 unpack_ms=5.08 total_ms=82.40
v5_service device=0 lane=1 class=0 jobs=41 rows=8651 cells=553166 reach=762910 reverse=973760 table_mib=30.5 mutable_mib=312.0 max_job_mib=10.5 oldest_ms=81.00 pack_ms=16.56 solve_ms=82.45
v5_device jobs=56 rows=12080 cells=548882 direct=true graph_reused=false upload_ms=56.80 capture_ms=3.64 queue_ms=61.91 gpu_ms=0.01 unpack_ms=6.26 total_ms=128.62
v5_service device=0 lane=0 class=0 jobs=56 rows=12080 cells=548882 reach=1301281 reverse=1510408 table_mib=45.1 mutable_mib=420.0 max_job_mib=10.9 oldest_ms=172.79 pack_ms=28.19 solve_ms=128.68
v5_device jobs=14 rows=5848 cells=246902 direct=true graph_reused=false upload_ms=23.06 capture_ms=4.58 queue_ms=35.13 gpu_ms=0.01 unpack_ms=2.64 total_ms=65.42
v5_service device=0 lane=1 class=1 jobs=14 rows=5848 cells=246902 reach=597630 reverse=663860 table_mib=19.6 mutable_mib=224.0 max_job_mib=19.8 oldest_ms=185.84 pack_ms=11.23 solve_ms=65.47
v5_device jobs=17 rows=6684 cells=257378 direct=true graph_reused=false upload_ms=17.67 capture_ms=4.63 queue_ms=36.02 gpu_ms=0.01 unpack_ms=2.66 total_ms=60.99
v5_service device=1 lane=1 class=1 jobs=17 rows=6684 cells=257378 reach=747374 reverse=830185 table_mib=24.0 mutable_mib=272.0 max_job_mib=19.3 oldest_ms=77.63 pack_ms=12.73 solve_ms=61.05
v5_device jobs=54 rows=11672 cells=245449 direct=true graph_reused=false upload_ms=48.66 capture_ms=3.26 queue_ms=85.89 gpu_ms=0.02 unpack_ms=5.67 total_ms=143.51
v5_service device=1 lane=0 class=0 jobs=54 rows=11672 cells=245449 reach=1267412 reverse=1344592 table_mib=39.2 mutable_mib=392.0 max_job_mib=10.2 oldest_ms=166.98 pack_ms=26.40 solve_ms=143.57
v5_device jobs=7 rows=2663 cells=391782 direct=true graph_reused=false upload_ms=5.39 capture_ms=3.43 queue_ms=19.70 gpu_ms=0.01 unpack_ms=1.69 total_ms=30.22
v5_service device=0 lane=0 class=1 jobs=7 rows=2663 cells=391782 reach=253173 reverse=391782 table_mib=12.7 mutable_mib=112.0 max_job_mib=19.2 oldest_ms=77.32 pack_ms=6.74 solve_ms=30.28
v5_device jobs=27 rows=5812 cells=403084 direct=true graph_reused=false upload_ms=10.06 capture_ms=3.87 queue_ms=33.59 gpu_ms=0.01 unpack_ms=2.49 total_ms=50.02
v5_service device=0 lane=1 class=0 jobs=27 rows=5812 cells=403084 reach=486792 reverse=652887 table_mib=20.7 mutable_mib=208.0 max_job_mib=10.9 oldest_ms=79.67 pack_ms=10.88 solve_ms=50.07
v5_device jobs=35 rows=7158 cells=645347 direct=true graph_reused=false upload_ms=7.83 capture_ms=3.07 queue_ms=32.77 gpu_ms=0.01 unpack_ms=3.40 total_ms=47.08
v5_service device=0 lane=0 class=0 jobs=35 rows=7158 cells=645347 reach=389390 reverse=645347 table_mib=22.6 mutable_mib=268.0 max_job_mib=9.8 oldest_ms=115.90 pack_ms=11.47 solve_ms=47.14
v5_device jobs=44 rows=10474 cells=412930 direct=true graph_reused=false upload_ms=40.81 capture_ms=3.09 queue_ms=46.06 gpu_ms=0.01 unpack_ms=4.97 total_ms=94.94
v5_service device=1 lane=1 class=0 jobs=44 rows=10474 cells=412930 reach=971191 reverse=1124649 table_mib=34.0 mutable_mib=348.0 max_job_mib=10.9 oldest_ms=156.95 pack_ms=22.32 solve_ms=94.99
v5_device jobs=16 rows=6183 cells=571867 direct=true graph_reused=false upload_ms=11.93 capture_ms=4.18 queue_ms=33.36 gpu_ms=0.01 unpack_ms=2.81 total_ms=52.29
v5_service device=0 lane=1 class=1 jobs=16 rows=6183 cells=571867 reach=536806 reverse=742903 table_mib=23.6 mutable_mib=256.0 max_job_mib=20.7 oldest_ms=144.40 pack_ms=13.03 solve_ms=52.34
v5_device jobs=48 rows=11124 cells=591154 direct=true graph_reused=false upload_ms=26.49 capture_ms=3.37 queue_ms=42.68 gpu_ms=0.01 unpack_ms=4.12 total_ms=76.68
v5_service device=1 lane=0 class=0 jobs=48 rows=11124 cells=591154 reach=681294 reverse=886502 table_mib=30.3 mutable_mib=368.0 max_job_mib=10.1 oldest_ms=79.45 pack_ms=17.55 solve_ms=76.73
v5_device jobs=13 rows=4939 cells=361659 direct=true graph_reused=false upload_ms=5.93 capture_ms=3.80 queue_ms=22.99 gpu_ms=0.01 unpack_ms=2.01 total_ms=34.74
v5_service device=1 lane=0 class=1 jobs=13 rows=4939 cells=361659 reach=300028 reverse=411531 table_mib=14.2 mutable_mib=208.0 max_job_mib=19.2 oldest_ms=178.52 pack_ms=7.74 solve_ms=34.79
v5_device jobs=36 rows=8220 cells=524752 direct=true graph_reused=false upload_ms=10.21 capture_ms=3.13 queue_ms=34.71 gpu_ms=0.01 unpack_ms=3.50 total_ms=51.56
v5_service device=0 lane=0 class=0 jobs=36 rows=8220 cells=524752 reach=397676 reverse=573232 table_mib=21.0 mutable_mib=272.0 max_job_mib=10.1 oldest_ms=81.27 pack_ms=11.09 solve_ms=51.62
v5_device jobs=11 rows=4076 cells=326711 direct=true graph_reused=false upload_ms=4.40 capture_ms=4.36 queue_ms=28.78 gpu_ms=0.01 unpack_ms=1.93 total_ms=39.48
v5_service device=0 lane=0 class=1 jobs=11 rows=4076 cells=326711 reach=230867 reverse=326711 table_mib=11.9 mutable_mib=176.0 max_job_mib=20.5 oldest_ms=148.11 pack_ms=5.81 solve_ms=39.53
v5_device jobs=45 rows=9278 cells=580366 direct=true graph_reused=false upload_ms=36.61 capture_ms=3.78 queue_ms=40.89 gpu_ms=0.01 unpack_ms=4.18 total_ms=85.47
v5_service device=1 lane=1 class=0 jobs=45 rows=9278 cells=580366 reach=872681 reverse=1111279 table_mib=33.8 mutable_mib=328.0 max_job_mib=10.2 oldest_ms=81.57 pack_ms=21.13 solve_ms=85.51
v5_device jobs=41 rows=9116 cells=721697 direct=true graph_reused=false upload_ms=11.03 capture_ms=3.12 queue_ms=54.75 gpu_ms=0.01 unpack_ms=4.26 total_ms=73.17
v5_service device=0 lane=1 class=0 jobs=41 rows=9116 cells=721697 reach=470289 reverse=739041 table_mib=26.1 mutable_mib=316.0 max_job_mib=10.9 oldest_ms=78.24 pack_ms=11.71 solve_ms=73.22
v5_device jobs=12 rows=4601 cells=123265 direct=true graph_reused=false upload_ms=13.21 capture_ms=3.33 queue_ms=26.69 gpu_ms=0.01 unpack_ms=1.92 total_ms=45.15
v5_service device=1 lane=1 class=1 jobs=12 rows=4601 cells=123265 reach=596807 reverse=631351 table_mib=17.6 mutable_mib=192.0 max_job_mib=19.9 oldest_ms=193.95 pack_ms=11.13 solve_ms=45.21
v5_device jobs=14 rows=6612 cells=530263 direct=true graph_reused=false upload_ms=8.79 capture_ms=3.23 queue_ms=31.62 gpu_ms=0.01 unpack_ms=2.63 total_ms=46.28
v5_service device=0 lane=1 class=1 jobs=14 rows=6612 cells=530263 reach=379392 reverse=530263 table_mib=19.2 mutable_mib=240.0 max_job_mib=35.3 oldest_ms=164.26 pack_ms=11.17 solve_ms=46.33
v5_device jobs=46 rows=10522 cells=682912 direct=true graph_reused=false upload_ms=25.97 capture_ms=3.20 queue_ms=44.52 gpu_ms=0.01 unpack_ms=4.95 total_ms=78.64
v5_service device=1 lane=0 class=0 jobs=46 rows=10522 cells=682912 reach=725341 reverse=978183 table_mib=32.4 mutable_mib=356.0 max_job_mib=10.7 oldest_ms=81.92 pack_ms=19.85 solve_ms=78.70
v5_device jobs=42 rows=9882 cells=788230 direct=true graph_reused=false upload_ms=12.45 capture_ms=3.60 queue_ms=37.88 gpu_ms=0.01 unpack_ms=4.35 total_ms=58.29
v5_service device=0 lane=0 class=0 jobs=42 rows=9882 cells=788230 reach=483347 reverse=788230 table_mib=28.1 mutable_mib=324.0 max_job_mib=10.4 oldest_ms=80.42 pack_ms=14.82 solve_ms=58.35
v5_device jobs=11 rows=5002 cells=307859 direct=true graph_reused=false upload_ms=7.64 capture_ms=3.26 queue_ms=25.66 gpu_ms=0.02 unpack_ms=2.55 total_ms=39.14
v5_service device=1 lane=0 class=1 jobs=11 rows=5002 cells=307859 reach=405517 reverse=497223 table_mib=15.8 mutable_mib=192.0 max_job_mib=33.1 oldest_ms=187.90 pack_ms=9.59 solve_ms=39.20
v5_device jobs=35 rows=7663 cells=386739 direct=true graph_reused=false upload_ms=18.55 capture_ms=3.39 queue_ms=33.59 gpu_ms=0.01 unpack_ms=2.77 total_ms=58.32
v5_service device=1 lane=1 class=0 jobs=35 rows=7663 cells=386739 reach=677445 reverse=829316 table_mib=25.7 mutable_mib=276.0 max_job_mib=10.2 oldest_ms=81.71 pack_ms=14.30 solve_ms=58.37
v5_device jobs=41 rows=8713 cells=664816 direct=true graph_reused=false upload_ms=11.61 capture_ms=3.38 queue_ms=57.42 gpu_ms=0.01 unpack_ms=3.56 total_ms=75.99
v5_service device=0 lane=1 class=0 jobs=41 rows=8713 cells=664816 reach=425940 reverse=664816 table_mib=24.4 mutable_mib=316.0 max_job_mib=10.3 oldest_ms=77.37 pack_ms=11.85 solve_ms=76.04
v5_device jobs=17 rows=7040 cells=618894 direct=true graph_reused=false upload_ms=9.67 capture_ms=4.18 queue_ms=48.22 gpu_ms=0.01 unpack_ms=3.40 total_ms=65.48
v5_service device=0 lane=0 class=1 jobs=17 rows=7040 cells=618894 reach=421491 reverse=618894 table_mib=21.6 mutable_mib=288.0 max_job_mib=33.9 oldest_ms=161.77 pack_ms=12.29 solve_ms=65.53
v5_device jobs=5 rows=2577 cells=141816 direct=true graph_reused=false upload_ms=2.51 capture_ms=3.63 queue_ms=12.93 gpu_ms=0.01 unpack_ms=0.83 total_ms=19.91
v5_service device=1 lane=1 class=1 jobs=5 rows=2577 cells=141816 reach=131822 reverse=168064 table_mib=5.9 mutable_mib=96.0 max_job_mib=34.6 oldest_ms=127.61 pack_ms=3.14 solve_ms=19.95
v5_device jobs=12 rows=4276 cells=445346 direct=true graph_reused=false upload_ms=5.38 capture_ms=3.72 queue_ms=20.69 gpu_ms=0.01 unpack_ms=1.64 total_ms=31.43
v5_service device=0 lane=1 class=1 jobs=12 rows=4276 cells=445346 reach=284384 reverse=445346 table_mib=14.7 mutable_mib=192.0 max_job_mib=19.0 oldest_ms=165.98 pack_ms=7.06 solve_ms=31.49
v5_device jobs=31 rows=6290 cells=453363 direct=true graph_reused=false upload_ms=6.40 capture_ms=3.06 queue_ms=26.14 gpu_ms=0.01 unpack_ms=2.37 total_ms=37.99
v5_service device=1 lane=0 class=0 jobs=31 rows=6290 cells=453363 reach=281763 reverse=453363 table_mib=16.5 mutable_mib=232.0 max_job_mib=10.0 oldest_ms=80.94 pack_ms=9.61 solve_ms=38.04
v5_device jobs=6 rows=2462 cells=206103 direct=true graph_reused=false upload_ms=2.63 capture_ms=3.34 queue_ms=17.27 gpu_ms=0.01 unpack_ms=1.07 total_ms=24.31
v5_service device=1 lane=0 class=1 jobs=6 rows=2462 cells=206103 reach=144613 reverse=206103 table_mib=7.5 mutable_mib=112.0 max_job_mib=35.8 oldest_ms=132.51 pack_ms=3.90 solve_ms=24.36
v5_device jobs=1 rows=1269 cells=196037 direct=true graph_reused=false upload_ms=1.97 capture_ms=3.23 queue_ms=14.37 gpu_ms=0.01 unpack_ms=0.48 total_ms=20.06
v5_service device=1 lane=0 class=2 jobs=1 rows=1269 cells=196037 reach=137193 reverse=196037 table_mib=6.3 mutable_mib=64.0 max_job_mib=73.7 oldest_ms=155.51 pack_ms=3.00 solve_ms=20.11
v5_device jobs=30 rows=6888 cells=494034 direct=true graph_reused=false upload_ms=8.30 capture_ms=3.16 queue_ms=31.30 gpu_ms=0.01 unpack_ms=2.80 total_ms=45.58
v5_service device=0 lane=0 class=0 jobs=30 rows=6888 cells=494034 reach=324500 reverse=494034 table_mib=18.5 mutable_mib=228.0 max_job_mib=10.3 oldest_ms=77.98 pack_ms=8.92 solve_ms=45.63
v5_device jobs=39 rows=9031 cells=655213 direct=true graph_reused=false upload_ms=8.66 capture_ms=3.13 queue_ms=34.73 gpu_ms=0.02 unpack_ms=4.30 total_ms=50.83
v5_service device=1 lane=1 class=0 jobs=39 rows=9031 cells=655213 reach=419548 reverse=655213 table_mib=23.7 mutable_mib=300.0 max_job_mib=10.2 oldest_ms=79.69 pack_ms=12.70 solve_ms=50.88
v5_device jobs=18 rows=7540 cells=690917 direct=true graph_reused=false upload_ms=11.50 capture_ms=3.02 queue_ms=42.28 gpu_ms=0.01 unpack_ms=3.92 total_ms=60.72
v5_service device=1 lane=1 class=1 jobs=18 rows=7540 cells=690917 reach=535999 reverse=757952 table_mib=25.4 mutable_mib=288.0 max_job_mib=20.6 oldest_ms=148.18 pack_ms=14.27 solve_ms=60.78
v5_device jobs=22 rows=8849 cells=943185 direct=true graph_reused=false upload_ms=15.25 capture_ms=4.94 queue_ms=47.79 gpu_ms=0.01 unpack_ms=4.93 total_ms=72.92
v5_service device=0 lane=0 class=1 jobs=22 rows=8849 cells=943185 reach=618173 reverse=943185 table_mib=31.6 mutable_mib=368.0 max_job_mib=37.4 oldest_ms=141.42 pack_ms=18.84 solve_ms=72.95
v5_device jobs=21 rows=9278 cells=1012035 direct=true graph_reused=false upload_ms=16.67 capture_ms=3.17 queue_ms=72.15 gpu_ms=0.01 unpack_ms=4.87 total_ms=96.87
v5_service device=0 lane=1 class=1 jobs=21 rows=9278 cells=1012035 reach=684342 reverse=1012035 table_mib=33.7 mutable_mib=352.0 max_job_mib=36.5 oldest_ms=80.96 pack_ms=14.89 solve_ms=96.92
v5_device jobs=28 rows=7128 cells=505500 direct=true graph_reused=false upload_ms=6.12 capture_ms=4.13 queue_ms=36.30 gpu_ms=0.02 unpack_ms=3.25 total_ms=49.82
v5_service device=1 lane=0 class=0 jobs=28 rows=7128 cells=505500 reach=339271 reverse=505500 table_mib=18.4 mutable_mib=224.0 max_job_mib=10.3 oldest_ms=78.95 pack_ms=8.22 solve_ms=49.87
v5_device jobs=15 rows=3243 cells=228377 direct=true graph_reused=false upload_ms=3.53 capture_ms=3.53 queue_ms=19.29 gpu_ms=0.01 unpack_ms=1.22 total_ms=27.58
v5_service device=0 lane=1 class=0 jobs=15 rows=3243 cells=228377 reach=146590 reverse=228377 table_mib=8.5 mutable_mib=116.0 max_job_mib=10.1 oldest_ms=196.73 pack_ms=4.81 solve_ms=27.63
v5_device jobs=17 rows=7090 cells=737728 direct=true graph_reused=false upload_ms=21.14 capture_ms=3.12 queue_ms=32.79 gpu_ms=0.01 unpack_ms=3.26 total_ms=60.32
v5_service device=1 lane=0 class=1 jobs=17 rows=7090 cells=737728 reach=473361 reverse=737728 table_mib=24.6 mutable_mib=288.0 max_job_mib=38.6 oldest_ms=144.69 pack_ms=12.94 solve_ms=60.38
v5_device jobs=27 rows=6019 cells=550564 direct=true graph_reused=false upload_ms=8.65 capture_ms=3.63 queue_ms=29.56 gpu_ms=0.02 unpack_ms=2.40 total_ms=44.25
v5_service device=1 lane=1 class=0 jobs=27 rows=6019 cells=550564 reach=323535 reverse=550564 table_mib=19.1 mutable_mib=204.0 max_job_mib=10.8 oldest_ms=79.04 pack_ms=8.73 solve_ms=44.31
v5_device jobs=26 rows=6325 cells=646841 direct=true graph_reused=false upload_ms=10.24 capture_ms=3.40 queue_ms=31.86 gpu_ms=0.01 unpack_ms=3.88 total_ms=49.38
v5_service device=0 lane=0 class=0 jobs=26 rows=6325 cells=646841 reach=389135 reverse=646841 table_mib=22.1 mutable_mib=204.0 max_job_mib=10.4 oldest_ms=83.00 pack_ms=11.38 solve_ms=49.44
v5_device jobs=40 rows=9473 cells=801383 direct=true graph_reused=false upload_ms=15.54 capture_ms=3.69 queue_ms=38.39 gpu_ms=0.01 unpack_ms=4.23 total_ms=61.86
v5_service device=0 lane=1 class=0 jobs=40 rows=9473 cells=801383 reach=496582 reverse=801383 table_mib=28.2 mutable_mib=316.0 max_job_mib=10.4 oldest_ms=79.66 pack_ms=11.72 solve_ms=61.92
v5_device jobs=5 rows=1641 cells=214914 direct=true graph_reused=false upload_ms=2.32 capture_ms=28.33 queue_ms=14.85 gpu_ms=0.01 unpack_ms=0.91 total_ms=46.42
v5_service device=0 lane=0 class=1 jobs=5 rows=1641 cells=214914 reach=129462 reverse=214914 table_mib=6.9 mutable_mib=80.0 max_job_mib=18.6 oldest_ms=145.36 pack_ms=3.55 solve_ms=46.47
v5_device jobs=18 rows=7750 cells=744762 direct=true graph_reused=false upload_ms=12.11 capture_ms=4.78 queue_ms=33.96 gpu_ms=0.01 unpack_ms=3.30 total_ms=54.16
v5_service device=1 lane=0 class=1 jobs=18 rows=7750 cells=744762 reach=492286 reverse=744762 table_mib=25.1 mutable_mib=304.0 max_job_mib=37.3 oldest_ms=79.93 pack_ms=10.98 solve_ms=54.22
v5_device jobs=14 rows=5836 cells=353862 direct=true graph_reused=false upload_ms=4.77 capture_ms=3.06 queue_ms=25.31 gpu_ms=0.01 unpack_ms=2.14 total_ms=35.28
v5_service device=0 lane=1 class=1 jobs=14 rows=5836 cells=353862 reach=251573 reverse=353862 table_mib=13.3 mutable_mib=240.0 max_job_mib=33.6 oldest_ms=157.51 pack_ms=6.52 solve_ms=35.31
v5_device jobs=21 rows=8719 cells=785688 direct=true graph_reused=false upload_ms=11.34 capture_ms=3.17 queue_ms=66.03 gpu_ms=0.01 unpack_ms=4.21 total_ms=84.76
v5_service device=1 lane=1 class=1 jobs=21 rows=8719 cells=785688 reach=527767 reverse=785688 table_mib=27.1 mutable_mib=352.0 max_job_mib=34.7 oldest_ms=140.18 pack_ms=16.35 solve_ms=84.81
v5_device jobs=14 rows=2958 cells=174123 direct=true graph_reused=false upload_ms=2.43 capture_ms=3.94 queue_ms=19.58 gpu_ms=0.01 unpack_ms=1.01 total_ms=26.96
v5_service device=1 lane=0 class=0 jobs=14 rows=2958 cells=174123 reach=123623 reverse=174123 table_mib=6.8 mutable_mib=100.0 max_job_mib=9.3 oldest_ms=133.02 pack_ms=3.66 solve_ms=27.02
v5_device jobs=1 rows=1920 cells=79789 direct=true graph_reused=false upload_ms=1.99 capture_ms=5.13 queue_ms=18.53 gpu_ms=0.01 unpack_ms=0.42 total_ms=26.07
v5_service device=1 lane=1 class=2 jobs=1 rows=1920 cells=79789 reach=69308 reverse=79789 table_mib=3.7 mutable_mib=64.0 max_job_mib=71.3 oldest_ms=172.46 pack_ms=2.32 solve_ms=26.15
v5_device jobs=33 rows=7422 cells=711645 direct=true graph_reused=false upload_ms=17.79 capture_ms=4.16 queue_ms=41.04 gpu_ms=0.01 unpack_ms=3.12 total_ms=66.11
v5_service device=0 lane=1 class=0 jobs=33 rows=7422 cells=711645 reach=431395 reverse=711645 table_mib=24.5 mutable_mib=260.0 max_job_mib=10.9 oldest_ms=79.21 pack_ms=9.77 solve_ms=66.17
v5_device jobs=21 rows=8909 cells=1056672 direct=true graph_reused=false upload_ms=15.66 capture_ms=3.11 queue_ms=72.31 gpu_ms=0.01 unpack_ms=5.85 total_ms=96.94
v5_service device=0 lane=0 class=1 jobs=21 rows=8909 cells=1056672 reach=692608 reverse=1056672 table_mib=35.2 mutable_mib=352.0 max_job_mib=37.6 oldest_ms=88.89 pack_ms=16.17 solve_ms=97.00
v5_device jobs=15 rows=5845 cells=498798 direct=true graph_reused=false upload_ms=5.93 capture_ms=3.31 queue_ms=37.38 gpu_ms=0.01 unpack_ms=2.97 total_ms=49.60
v5_service device=1 lane=1 class=1 jobs=15 rows=5845 cells=498798 reach=333190 reverse=498798 table_mib=17.3 mutable_mib=240.0 max_job_mib=19.8 oldest_ms=79.34 pack_ms=7.40 solve_ms=49.65
v5_device jobs=40 rows=8868 cells=654798 direct=true graph_reused=false upload_ms=9.10 capture_ms=4.47 queue_ms=42.30 gpu_ms=0.01 unpack_ms=4.13 total_ms=60.01
v5_service device=1 lane=0 class=0 jobs=40 rows=8868 cells=654798 reach=421470 reverse=654798 table_mib=23.9 mutable_mib=292.0 max_job_mib=9.9 oldest_ms=79.47 pack_ms=10.87 solve_ms=60.08
v5_device jobs=7 rows=1764 cells=96114 direct=true graph_reused=false upload_ms=1.47 capture_ms=4.76 queue_ms=17.10 gpu_ms=0.01 unpack_ms=0.71 total_ms=24.06
v5_service device=0 lane=0 class=0 jobs=7 rows=1764 cells=96114 reach=66638 reverse=96114 table_mib=3.9 mutable_mib=56.0 max_job_mib=9.7 oldest_ms=202.37 pack_ms=2.18 solve_ms=24.10
v5_device jobs=8 rows=2956 cells=288237 direct=true graph_reused=false upload_ms=3.72 capture_ms=4.73 queue_ms=20.03 gpu_ms=0.01 unpack_ms=1.28 total_ms=29.78
v5_service device=0 lane=1 class=1 jobs=8 rows=2956 cells=288237 reach=182840 reverse=288237 table_mib=9.8 mutable_mib=128.0 max_job_mib=19.0 oldest_ms=160.28 pack_ms=4.93 solve_ms=29.83
v5_device jobs=10 rows=3962 cells=295960 direct=true graph_reused=false upload_ms=4.07 capture_ms=3.51 queue_ms=18.64 gpu_ms=0.01 unpack_ms=1.47 total_ms=27.69
v5_service device=1 lane=0 class=1 jobs=10 rows=3962 cells=295960 reach=215514 reverse=295960 table_mib=10.6 mutable_mib=160.0 max_job_mib=19.5 oldest_ms=156.41 pack_ms=5.65 solve_ms=27.75
v5_device jobs=46 rows=10350 cells=954047 direct=true graph_reused=false upload_ms=29.25 capture_ms=3.40 queue_ms=41.95 gpu_ms=0.01 unpack_ms=5.23 total_ms=79.84
v5_service device=1 lane=1 class=0 jobs=46 rows=10350 cells=954047 reach=582120 reverse=954047 table_mib=33.2 mutable_mib=360.0 max_job_mib=10.9 oldest_ms=144.04 pack_ms=20.45 solve_ms=79.90
v5_device jobs=34 rows=7726 cells=659178 direct=true graph_reused=false upload_ms=11.61 capture_ms=3.52 queue_ms=36.40 gpu_ms=0.01 unpack_ms=3.56 total_ms=55.10
v5_service device=0 lane=0 class=0 jobs=34 rows=7726 cells=659178 reach=414879 reverse=659178 table_mib=23.8 mutable_mib=260.0 max_job_mib=11.1 oldest_ms=79.07 pack_ms=10.78 solve_ms=55.15
v5_device jobs=26 rows=5952 cells=579571 direct=true graph_reused=false upload_ms=9.24 capture_ms=3.01 queue_ms=30.30 gpu_ms=0.01 unpack_ms=2.49 total_ms=45.05
v5_service device=1 lane=0 class=0 jobs=26 rows=5952 cells=579571 reach=359725 reverse=579571 table_mib=19.9 mutable_mib=200.0 max_job_mib=10.1 oldest_ms=80.81 pack_ms=10.27 solve_ms=45.12
v5_device jobs=4 rows=1592 cells=144325 direct=true graph_reused=false upload_ms=1.63 capture_ms=5.17 queue_ms=26.70 gpu_ms=0.01 unpack_ms=0.77 total_ms=34.27
v5_service device=0 lane=0 class=1 jobs=4 rows=1592 cells=144325 reach=88760 reverse=144325 table_mib=5.0 mutable_mib=64.0 max_job_mib=18.6 oldest_ms=146.94 pack_ms=2.29 solve_ms=34.32
v5_device jobs=19 rows=9483 cells=1047936 direct=true graph_reused=false upload_ms=19.09 capture_ms=3.05 queue_ms=54.45 gpu_ms=0.01 unpack_ms=5.45 total_ms=82.05
v5_service device=0 lane=1 class=1 jobs=19 rows=9483 cells=1047936 reach=739026 reverse=1047936 table_mib=35.5 mutable_mib=384.0 max_job_mib=36.8 oldest_ms=91.19 pack_ms=16.64 solve_ms=82.13
v5_device jobs=10 rows=4183 cells=316869 direct=true graph_reused=false upload_ms=4.06 capture_ms=3.37 queue_ms=19.77 gpu_ms=0.01 unpack_ms=1.55 total_ms=28.76
v5_service device=1 lane=0 class=1 jobs=10 rows=4183 cells=316869 reach=224516 reverse=316869 table_mib=11.3 mutable_mib=160.0 max_job_mib=19.0 oldest_ms=139.91 pack_ms=5.30 solve_ms=28.81
v5_device jobs=3 rows=704 cells=75146 direct=true graph_reused=false upload_ms=0.84 capture_ms=4.19 queue_ms=8.71 gpu_ms=0.01 unpack_ms=0.36 total_ms=14.10
v5_service device=0 lane=1 class=0 jobs=3 rows=704 cells=75146 reach=44350 reverse=75146 table_mib=2.6 mutable_mib=24.0 max_job_mib=9.8 oldest_ms=144.51 pack_ms=1.13 solve_ms=14.15
v5_device jobs=19 rows=7800 cells=904419 direct=true graph_reused=false upload_ms=14.64 capture_ms=3.58 queue_ms=36.90 gpu_ms=0.02 unpack_ms=3.87 total_ms=59.01
v5_service device=1 lane=1 class=1 jobs=19 rows=7800 cells=904419 reach=590782 reverse=904419 table_mib=29.9 mutable_mib=352.0 max_job_mib=36.5 oldest_ms=81.86 pack_ms=16.13 solve_ms=59.07
v5_device jobs=30 rows=6690 cells=669165 direct=true graph_reused=false upload_ms=10.56 capture_ms=3.22 queue_ms=30.08 gpu_ms=0.02 unpack_ms=3.07 total_ms=46.95
v5_service device=1 lane=1 class=0 jobs=30 rows=6690 cells=669165 reach=400012 reverse=669165 table_mib=23.0 mutable_mib=228.0 max_job_mib=10.4 oldest_ms=162.70 pack_ms=11.67 solve_ms=47.00
v5_device jobs=14 rows=6063 cells=617294 direct=true graph_reused=false upload_ms=10.24 capture_ms=5.58 queue_ms=32.04 gpu_ms=0.01 unpack_ms=2.63 total_ms=50.50
v5_service device=0 lane=1 class=1 jobs=14 rows=6063 cells=617294 reach=418336 reverse=617294 table_mib=21.2 mutable_mib=240.0 max_job_mib=35.1 oldest_ms=78.68 pack_ms=9.35 solve_ms=50.55
v5_device jobs=39 rows=9544 cells=650077 direct=true graph_reused=false upload_ms=8.56 capture_ms=3.08 queue_ms=63.46 gpu_ms=0.01 unpack_ms=3.93 total_ms=79.04
v5_service device=0 lane=0 class=0 jobs=39 rows=9544 cells=650077 reach=424357 reverse=650077 table_mib=24.0 mutable_mib=304.0 max_job_mib=10.2 oldest_ms=81.98 pack_ms=12.25 solve_ms=79.09
v5_device jobs=27 rows=11389 cells=977175 direct=true graph_reused=false upload_ms=17.41 capture_ms=3.27 queue_ms=48.79 gpu_ms=0.01 unpack_ms=5.19 total_ms=74.68
v5_service device=1 lane=0 class=1 jobs=27 rows=11389 cells=977175 reach=673481 reverse=977175 table_mib=34.6 mutable_mib=432.0 max_job_mib=20.7 oldest_ms=80.46 pack_ms=15.22 solve_ms=74.73
v5_device jobs=19 rows=3929 cells=297890 direct=true graph_reused=false upload_ms=3.95 capture_ms=3.50 queue_ms=23.99 gpu_ms=0.01 unpack_ms=1.59 total_ms=33.06
v5_service device=0 lane=1 class=0 jobs=19 rows=3929 cells=297890 reach=184724 reverse=297890 table_mib=10.9 mutable_mib=144.0 max_job_mib=10.4 oldest_ms=125.94 pack_ms=5.36 solve_ms=33.12
v5_device jobs=8 rows=3207 cells=223015 direct=true graph_reused=false upload_ms=3.17 capture_ms=4.57 queue_ms=21.93 gpu_ms=0.01 unpack_ms=1.37 total_ms=31.06
v5_service device=0 lane=0 class=1 jobs=8 rows=3207 cells=223015 reach=150202 reverse=223015 table_mib=8.1 mutable_mib=128.0 max_job_mib=18.7 oldest_ms=177.89 pack_ms=4.97 solve_ms=31.11
v5_device jobs=36 rows=8354 cells=735442 direct=true graph_reused=false upload_ms=11.80 capture_ms=3.50 queue_ms=47.36 gpu_ms=0.01 unpack_ms=3.47 total_ms=66.13
v5_service device=1 lane=0 class=0 jobs=36 rows=8354 cells=735442 reach=456462 reverse=735442 table_mib=25.8 mutable_mib=280.0 max_job_mib=10.2 oldest_ms=177.79 pack_ms=12.31 solve_ms=66.19
v5_device jobs=26 rows=6403 cells=650150 direct=true graph_reused=false upload_ms=10.06 capture_ms=4.50 queue_ms=43.78 gpu_ms=0.01 unpack_ms=2.96 total_ms=61.31
v5_service device=1 lane=1 class=0 jobs=26 rows=6403 cells=650150 reach=403309 reverse=650150 table_mib=22.4 mutable_mib=204.0 max_job_mib=10.1 oldest_ms=80.35 pack_ms=11.31 solve_ms=61.35
v5_device jobs=12 rows=4637 cells=430418 direct=true graph_reused=false upload_ms=7.07 capture_ms=3.40 queue_ms=21.96 gpu_ms=0.01 unpack_ms=1.97 total_ms=34.41
v5_service device=1 lane=1 class=1 jobs=12 rows=4637 cells=430418 reach=280937 reverse=430418 table_mib=14.8 mutable_mib=192.0 max_job_mib=19.2 oldest_ms=153.59 pack_ms=8.27 solve_ms=34.46
v5_device jobs=11 rows=5177 cells=493643 direct=true graph_reused=false upload_ms=7.11 capture_ms=3.36 queue_ms=30.69 gpu_ms=0.01 unpack_ms=2.63 total_ms=43.80
v5_service device=0 lane=0 class=1 jobs=11 rows=5177 cells=493643 reach=332188 reverse=493643 table_mib=17.5 mutable_mib=224.0 max_job_mib=35.8 oldest_ms=78.52 pack_ms=9.90 solve_ms=43.86
v5_device jobs=9 rows=3606 cells=439764 direct=true graph_reused=false upload_ms=4.19 capture_ms=2.93 queue_ms=19.13 gpu_ms=0.01 unpack_ms=1.31 total_ms=27.57
v5_service device=1 lane=0 class=1 jobs=9 rows=3606 cells=439764 reach=278283 reverse=439764 table_mib=14.2 mutable_mib=144.0 max_job_mib=20.3 oldest_ms=77.51 pack_ms=5.55 solve_ms=27.63
v5_device jobs=37 rows=8317 cells=791397 direct=true graph_reused=false upload_ms=10.82 capture_ms=4.08 queue_ms=46.36 gpu_ms=0.01 unpack_ms=4.56 total_ms=65.83
v5_service device=0 lane=0 class=0 jobs=37 rows=8317 cells=791397 reach=489103 reverse=791397 table_mib=27.4 mutable_mib=292.0 max_job_mib=10.2 oldest_ms=134.42 pack_ms=12.85 solve_ms=65.89
v5_device jobs=40 rows=9925 cells=852312 direct=true graph_reused=false upload_ms=42.16 capture_ms=3.41 queue_ms=71.92 gpu_ms=0.01 unpack_ms=4.62 total_ms=122.13
v5_service device=0 lane=1 class=0 jobs=40 rows=9925 cells=852312 reach=527748 reverse=852312 table_mib=30.2 mutable_mib=320.0 max_job_mib=10.4 oldest_ms=83.12 pack_ms=14.43 solve_ms=122.31
v5_device jobs=8 rows=2644 cells=216750 direct=true graph_reused=false upload_ms=2.79 capture_ms=3.66 queue_ms=17.77 gpu_ms=0.01 unpack_ms=0.97 total_ms=25.20
v5_service device=0 lane=1 class=1 jobs=8 rows=2644 cells=216750 reach=139719 reverse=216750 table_mib=7.7 mutable_mib=128.0 max_job_mib=18.3 oldest_ms=224.53 pack_ms=5.00 solve_ms=25.25
v5_device jobs=35 rows=7491 cells=606280 direct=true graph_reused=false upload_ms=15.87 capture_ms=3.11 queue_ms=47.64 gpu_ms=0.01 unpack_ms=2.86 total_ms=69.48
v5_service device=1 lane=0 class=0 jobs=35 rows=7491 cells=606280 reach=377129 reverse=606280 table_mib=21.5 mutable_mib=264.0 max_job_mib=10.4 oldest_ms=112.17 pack_ms=8.79 solve_ms=69.53
v5_device jobs=16 rows=7170 cells=558467 direct=true graph_reused=false upload_ms=8.59 capture_ms=4.45 queue_ms=44.28 gpu_ms=0.01 unpack_ms=3.51 total_ms=60.84
v5_service device=1 lane=1 class=1 jobs=16 rows=7170 cells=558467 reach=387137 reverse=558467 table_mib=20.1 mutable_mib=256.0 max_job_mib=20.1 oldest_ms=78.87 pack_ms=9.45 solve_ms=60.89
v5_device jobs=1 rows=2054 cells=146730 direct=true graph_reused=false upload_ms=1.85 capture_ms=4.36 queue_ms=9.45 gpu_ms=0.01 unpack_ms=0.35 total_ms=16.01
v5_service device=1 lane=1 class=2 jobs=1 rows=2054 cells=146730 reach=114753 reverse=146730 table_mib=5.1 mutable_mib=64.0 max_job_mib=71.8 oldest_ms=148.46 pack_ms=2.91 solve_ms=16.06
v5_device jobs=27 rows=6463 cells=415584 direct=true graph_reused=false upload_ms=6.06 capture_ms=3.12 queue_ms=26.99 gpu_ms=0.01 unpack_ms=2.15 total_ms=38.33
v5_service device=1 lane=1 class=0 jobs=27 rows=6463 cells=415584 reach=278993 reverse=415584 table_mib=15.4 mutable_mib=212.0 max_job_mib=10.1 oldest_ms=169.03 pack_ms=7.23 solve_ms=38.38
v5_device jobs=34 rows=7719 cells=591226 direct=true graph_reused=false upload_ms=7.25 capture_ms=3.06 queue_ms=33.92 gpu_ms=0.01 unpack_ms=3.21 total_ms=47.46
v5_service device=0 lane=0 class=0 jobs=34 rows=7719 cells=591226 reach=374942 reverse=591226 table_mib=21.7 mutable_mib=268.0 max_job_mib=10.3 oldest_ms=77.28 pack_ms=9.51 solve_ms=47.51
v5_device jobs=32 rows=6703 cells=507330 direct=true graph_reused=false upload_ms=9.51 capture_ms=3.43 queue_ms=25.94 gpu_ms=0.01 unpack_ms=2.05 total_ms=40.94
v5_service device=1 lane=0 class=0 jobs=32 rows=6703 cells=507330 reach=322530 reverse=507330 table_mib=18.3 mutable_mib=244.0 max_job_mib=10.3 oldest_ms=80.24 pack_ms=8.18 solve_ms=40.99
v5_device jobs=42 rows=9377 cells=820068 direct=true graph_reused=false upload_ms=18.22 capture_ms=3.38 queue_ms=39.94 gpu_ms=0.01 unpack_ms=4.28 total_ms=65.84
v5_service device=0 lane=1 class=0 jobs=42 rows=9377 cells=820068 reach=509690 reverse=820068 table_mib=29.0 mutable_mib=328.0 max_job_mib=10.1 oldest_ms=79.02 pack_ms=13.81 solve_ms=65.89
v5_device jobs=4 rows=1619 cells=221710 direct=true graph_reused=false upload_ms=2.34 capture_ms=4.45 queue_ms=13.03 gpu_ms=0.01 unpack_ms=0.86 total_ms=20.69
v5_service device=1 lane=0 class=1 jobs=4 rows=1619 cells=221710 reach=143639 reverse=221710 table_mib=7.2 mutable_mib=64.0 max_job_mib=19.2 oldest_ms=127.73 pack_ms=3.34 solve_ms=20.74
v5_device jobs=13 rows=5408 cells=543692 direct=true graph_reused=false upload_ms=7.09 capture_ms=3.27 queue_ms=27.81 gpu_ms=0.01 unpack_ms=2.30 total_ms=40.47
v5_service device=1 lane=1 class=1 jobs=13 rows=5408 cells=543692 reach=365540 reverse=543692 table_mib=18.6 mutable_mib=208.0 max_job_mib=21.3 oldest_ms=82.33 pack_ms=10.25 solve_ms=40.52
v5_device jobs=19 rows=9222 cells=854093 direct=true graph_reused=false upload_ms=12.53 capture_ms=4.07 queue_ms=52.77 gpu_ms=0.01 unpack_ms=4.71 total_ms=74.08
v5_service device=0 lane=1 class=1 jobs=19 rows=9222 cells=854093 reach=583745 reverse=854093 table_mib=29.6 mutable_mib=336.0 max_job_mib=36.6 oldest_ms=166.83 pack_ms=13.68 solve_ms=74.14
v5_device jobs=31 rows=14476 cells=1259504 direct=true graph_reused=false upload_ms=22.89 capture_ms=4.26 queue_ms=91.44 gpu_ms=0.01 unpack_ms=8.08 total_ms=126.68
v5_service device=0 lane=0 class=1 jobs=31 rows=14476 cells=1259504 reach=852061 reverse=1259504 table_mib=44.6 mutable_mib=576.0 max_job_mib=37.3 oldest_ms=148.25 pack_ms=21.19 solve_ms=126.73
v5_device jobs=27 rows=5536 cells=646979 direct=true graph_reused=false upload_ms=7.80 capture_ms=3.11 queue_ms=28.29 gpu_ms=0.01 unpack_ms=2.97 total_ms=42.18
v5_service device=1 lane=1 class=0 jobs=27 rows=5536 cells=646979 reach=371175 reverse=646979 table_mib=21.3 mutable_mib=200.0 max_job_mib=10.9 oldest_ms=137.81 pack_ms=10.02 solve_ms=42.23
v5_device jobs=42 rows=8952 cells=688180 direct=true graph_reused=false upload_ms=12.65 capture_ms=3.91 queue_ms=37.39 gpu_ms=0.01 unpack_ms=3.87 total_ms=57.83
v5_service device=1 lane=0 class=0 jobs=42 rows=8952 cells=688180 reach=436390 reverse=688180 table_mib=25.7 mutable_mib=320.0 max_job_mib=10.3 oldest_ms=78.41 pack_ms=11.24 solve_ms=57.89
v5_device jobs=18 rows=8266 cells=722248 direct=true graph_reused=false upload_ms=11.37 capture_ms=3.09 queue_ms=32.52 gpu_ms=0.01 unpack_ms=3.04 total_ms=50.04
v5_service device=1 lane=0 class=1 jobs=18 rows=8266 cells=722248 reach=508704 reverse=722248 table_mib=25.0 mutable_mib=304.0 max_job_mib=35.3 oldest_ms=154.79 pack_ms=11.72 solve_ms=50.08
v5_device jobs=24 rows=5482 cells=486439 direct=true graph_reused=false upload_ms=5.58 capture_ms=3.17 queue_ms=26.28 gpu_ms=0.01 unpack_ms=2.37 total_ms=37.41
v5_service device=1 lane=1 class=0 jobs=24 rows=5482 cells=486439 reach=296918 reverse=486439 table_mib=17.1 mutable_mib=192.0 max_job_mib=10.2 oldest_ms=81.93 pack_ms=8.21 solve_ms=37.46
v5_device jobs=33 rows=7846 cells=589236 direct=true graph_reused=false upload_ms=7.92 capture_ms=3.46 queue_ms=53.27 gpu_ms=0.01 unpack_ms=3.72 total_ms=68.38
v5_service device=0 lane=0 class=0 jobs=33 rows=7846 cells=589236 reach=369780 reverse=589236 table_mib=21.2 mutable_mib=260.0 max_job_mib=10.4 oldest_ms=80.73 pack_ms=9.56 solve_ms=68.43
v5_device jobs=42 rows=8855 cells=710304 direct=true graph_reused=false upload_ms=18.94 capture_ms=3.98 queue_ms=53.16 gpu_ms=0.01 unpack_ms=4.37 total_ms=80.47
v5_service device=0 lane=1 class=0 jobs=42 rows=8855 cells=710304 reach=445563 reverse=710304 table_mib=25.5 mutable_mib=316.0 max_job_mib=10.6 oldest_ms=78.53 pack_ms=11.19 solve_ms=80.53
v5_device jobs=6 rows=2097 cells=173187 direct=true graph_reused=false upload_ms=2.13 capture_ms=4.75 queue_ms=18.40 gpu_ms=0.01 unpack_ms=0.80 total_ms=26.09
v5_service device=0 lane=1 class=1 jobs=6 rows=2097 cells=173187 reach=118097 reverse=173187 table_mib=6.1 mutable_mib=96.0 max_job_mib=18.3 oldest_ms=171.07 pack_ms=3.15 solve_ms=26.13
v5_device jobs=9 rows=3404 cells=455873 direct=true graph_reused=false upload_ms=5.88 capture_ms=4.80 queue_ms=22.76 gpu_ms=0.01 unpack_ms=1.84 total_ms=35.28
v5_service device=0 lane=0 class=1 jobs=9 rows=3404 cells=455873 reach=294001 reverse=455873 table_mib=15.0 mutable_mib=144.0 max_job_mib=19.7 oldest_ms=162.97 pack_ms=9.41 solve_ms=35.33
v5_device jobs=19 rows=7766 cells=631410 direct=true graph_reused=false upload_ms=12.97 capture_ms=3.86 queue_ms=34.50 gpu_ms=0.01 unpack_ms=3.78 total_ms=55.12
v5_service device=1 lane=1 class=1 jobs=19 rows=7766 cells=631410 reach=450053 reverse=631410 table_mib=22.7 mutable_mib=336.0 max_job_mib=35.3 oldest_ms=135.54 pack_ms=13.14 solve_ms=55.17
v5_device jobs=1 rows=2133 cells=325033 direct=true graph_reused=false upload_ms=3.30 capture_ms=3.85 queue_ms=15.23 gpu_ms=0.01 unpack_ms=0.80 total_ms=23.19
v5_service device=0 lane=1 class=2 jobs=1 rows=2133 cells=325033 reach=227251 reverse=325033 table_mib=10.1 mutable_mib=64.0 max_job_mib=79.0 oldest_ms=144.55 pack_ms=4.33 solve_ms=23.23
v5_device jobs=43 rows=9965 cells=701706 direct=true graph_reused=false upload_ms=12.41 capture_ms=3.64 queue_ms=37.68 gpu_ms=0.01 unpack_ms=3.59 total_ms=57.32
v5_service device=1 lane=0 class=0 jobs=43 rows=9965 cells=701706 reach=455184 reverse=701706 table_mib=25.9 mutable_mib=336.0 max_job_mib=10.3 oldest_ms=79.50 pack_ms=12.24 solve_ms=57.38
v5_device jobs=35 rows=8193 cells=601871 direct=true graph_reused=false upload_ms=7.86 capture_ms=3.09 queue_ms=40.99 gpu_ms=0.01 unpack_ms=3.05 total_ms=55.00
v5_service device=1 lane=1 class=0 jobs=35 rows=8193 cells=601871 reach=382169 reverse=601871 table_mib=22.0 mutable_mib=272.0 max_job_mib=10.2 oldest_ms=80.86 pack_ms=11.40 solve_ms=55.05
v5_device jobs=35 rows=7928 cells=580711 direct=true graph_reused=false upload_ms=9.09 capture_ms=3.21 queue_ms=60.96 gpu_ms=0.02 unpack_ms=3.71 total_ms=76.99
v5_service device=0 lane=0 class=0 jobs=35 rows=7928 cells=580711 reach=366298 reverse=580711 table_mib=21.0 mutable_mib=268.0 max_job_mib=10.2 oldest_ms=78.58 pack_ms=10.28 solve_ms=77.04
v5_device jobs=43 rows=9042 cells=716822 direct=true graph_reused=false upload_ms=12.37 capture_ms=4.15 queue_ms=46.04 gpu_ms=0.01 unpack_ms=4.51 total_ms=67.08
v5_service device=0 lane=1 class=0 jobs=43 rows=9042 cells=716822 reach=457290 reverse=716822 table_mib=26.0 mutable_mib=324.0 max_job_mib=10.2 oldest_ms=78.49 pack_ms=10.90 solve_ms=67.13
v5_device jobs=10 rows=3704 cells=296085 direct=true graph_reused=false upload_ms=5.41 capture_ms=3.96 queue_ms=18.32 gpu_ms=0.01 unpack_ms=1.30 total_ms=28.99
v5_service device=0 lane=0 class=1 jobs=10 rows=3704 cells=296085 reach=200039 reverse=296085 table_mib=10.4 mutable_mib=160.0 max_job_mib=19.2 oldest_ms=166.68 pack_ms=6.54 solve_ms=29.04
v5_device jobs=32 rows=13596 cells=1391604 direct=true graph_reused=false upload_ms=35.29 capture_ms=4.19 queue_ms=71.42 gpu_ms=0.02 unpack_ms=7.43 total_ms=118.34
v5_service device=1 lane=0 class=1 jobs=32 rows=13596 cells=1391604 reach=941161 reverse=1391604 table_mib=46.9 mutable_mib=528.0 max_job_mib=35.8 oldest_ms=159.93 pack_ms=21.55 solve_ms=118.40
v5_device jobs=16 rows=6478 cells=613511 direct=true graph_reused=false upload_ms=11.59 capture_ms=3.52 queue_ms=31.00 gpu_ms=0.02 unpack_ms=3.78 total_ms=49.91
v5_service device=1 lane=1 class=1 jobs=16 rows=6478 cells=613511 reach=412817 reverse=613511 table_mib=21.3 mutable_mib=256.0 max_job_mib=19.2 oldest_ms=154.01 pack_ms=13.01 solve_ms=49.97
v5_device jobs=21 rows=8488 cells=917126 direct=true graph_reused=false upload_ms=34.93 capture_ms=3.87 queue_ms=38.74 gpu_ms=0.01 unpack_ms=4.01 total_ms=81.57
v5_service device=0 lane=1 class=1 jobs=21 rows=8488 cells=917126 reach=612305 reverse=917126 table_mib=30.8 mutable_mib=352.0 max_job_mib=37.0 oldest_ms=167.22 pack_ms=16.99 solve_ms=81.62
v5_device jobs=42 rows=9521 cells=709802 direct=true graph_reused=false upload_ms=12.03 capture_ms=3.23 queue_ms=38.23 gpu_ms=0.01 unpack_ms=3.85 total_ms=57.35
v5_service device=0 lane=0 class=0 jobs=42 rows=9521 cells=709802 reach=449670 reverse=709802 table_mib=25.9 mutable_mib=324.0 max_job_mib=10.0 oldest_ms=80.34 pack_ms=15.03 solve_ms=57.41
v5_device jobs=17 rows=6169 cells=641769 direct=true graph_reused=false upload_ms=7.77 capture_ms=3.14 queue_ms=46.15 gpu_ms=0.01 unpack_ms=3.80 total_ms=60.87
v5_service device=1 lane=1 class=1 jobs=17 rows=6169 cells=641769 reach=428067 reverse=641769 table_mib=21.8 mutable_mib=272.0 max_job_mib=19.7 oldest_ms=81.63 pack_ms=10.94 solve_ms=60.95
v5_device jobs=40 rows=9005 cells=833954 direct=true graph_reused=false upload_ms=23.49 capture_ms=4.29 queue_ms=49.78 gpu_ms=0.01 unpack_ms=4.12 total_ms=81.68
v5_service device=1 lane=0 class=0 jobs=40 rows=9005 cells=833954 reach=516413 reverse=833954 table_mib=28.8 mutable_mib=312.0 max_job_mib=10.3 oldest_ms=81.83 pack_ms=14.38 solve_ms=81.74
v5_device jobs=31 rows=6951 cells=603597 direct=true graph_reused=false upload_ms=7.75 capture_ms=3.73 queue_ms=41.40 gpu_ms=0.01 unpack_ms=2.77 total_ms=55.66
v5_service device=0 lane=1 class=0 jobs=31 rows=6951 cells=603597 reach=380328 reverse=603597 table_mib=21.3 mutable_mib=232.0 max_job_mib=10.3 oldest_ms=80.28 pack_ms=10.96 solve_ms=55.71
v5_device jobs=13 rows=4774 cells=494478 direct=true graph_reused=false upload_ms=7.26 capture_ms=4.43 queue_ms=39.21 gpu_ms=0.01 unpack_ms=2.31 total_ms=53.21
v5_service device=0 lane=0 class=1 jobs=13 rows=4774 cells=494478 reach=309787 reverse=494478 table_mib=16.7 mutable_mib=208.0 max_job_mib=19.3 oldest_ms=157.89 pack_ms=8.95 solve_ms=53.26
v5_device jobs=5 rows=2293 cells=203356 direct=true graph_reused=false upload_ms=2.53 capture_ms=3.35 queue_ms=35.06 gpu_ms=0.01 unpack_ms=1.05 total_ms=42.00
v5_service device=1 lane=0 class=1 jobs=5 rows=2293 cells=203356 reach=145470 reverse=203356 table_mib=7.2 mutable_mib=96.0 max_job_mib=35.4 oldest_ms=182.44 pack_ms=3.65 solve_ms=42.06
v5_device jobs=31 rows=6967 cells=501218 direct=true graph_reused=false upload_ms=7.65 capture_ms=4.41 queue_ms=33.18 gpu_ms=0.01 unpack_ms=3.10 total_ms=48.34
v5_service device=1 lane=1 class=0 jobs=31 rows=6967 cells=501218 reach=324305 reverse=501218 table_mib=18.5 mutable_mib=232.0 max_job_mib=10.0 oldest_ms=160.39 pack_ms=10.71 solve_ms=48.39
v5_device jobs=1 rows=1840 cells=74355 direct=true graph_reused=false upload_ms=1.13 capture_ms=4.69 queue_ms=8.63 gpu_ms=0.01 unpack_ms=0.28 total_ms=14.74
v5_service device=1 lane=0 class=2 jobs=1 rows=1840 cells=74355 reach=64890 reverse=74355 table_mib=3.1 mutable_mib=64.0 max_job_mib=69.1 oldest_ms=215.00 pack_ms=1.66 solve_ms=14.80
v5_device jobs=13 rows=4823 cells=579276 direct=true graph_reused=false upload_ms=7.79 capture_ms=5.63 queue_ms=23.30 gpu_ms=0.01 unpack_ms=2.10 total_ms=38.83
v5_service device=0 lane=1 class=1 jobs=13 rows=4823 cells=579276 reach=376729 reverse=579276 table_mib=18.9 mutable_mib=208.0 max_job_mib=19.1 oldest_ms=155.28 pack_ms=8.69 solve_ms=38.88
v5_device jobs=1 rows=1422 cells=98145 direct=true graph_reused=false upload_ms=1.02 capture_ms=3.71 queue_ms=9.16 gpu_ms=0.01 unpack_ms=0.21 total_ms=14.11
v5_service device=0 lane=1 class=2 jobs=1 rows=1422 cells=98145 reach=66168 reverse=98145 table_mib=3.4 mutable_mib=64.0 max_job_mib=69.1 oldest_ms=157.32 pack_ms=1.58 solve_ms=14.15
v5_device jobs=26 rows=6234 cells=541893 direct=true graph_reused=false upload_ms=6.55 capture_ms=3.10 queue_ms=30.11 gpu_ms=0.01 unpack_ms=2.71 total_ms=42.48
v5_service device=0 lane=0 class=0 jobs=26 rows=6234 cells=541893 reach=337259 reverse=541893 table_mib=19.2 mutable_mib=208.0 max_job_mib=10.2 oldest_ms=78.49 pack_ms=8.07 solve_ms=42.53
v5_device jobs=30 rows=7002 cells=522551 direct=true graph_reused=false upload_ms=6.42 capture_ms=3.14 queue_ms=32.24 gpu_ms=0.01 unpack_ms=3.09 total_ms=44.90
v5_service device=1 lane=1 class=0 jobs=30 rows=7002 cells=522551 reach=334952 reverse=522551 table_mib=19.1 mutable_mib=236.0 max_job_mib=9.8 oldest_ms=80.55 pack_ms=8.50 solve_ms=44.96
v5_device jobs=43 rows=9809 cells=809517 direct=true graph_reused=false upload_ms=14.99 capture_ms=4.40 queue_ms=42.31 gpu_ms=0.01 unpack_ms=4.09 total_ms=65.80
v5_service device=1 lane=0 class=0 jobs=43 rows=9809 cells=809517 reach=510966 reverse=809517 table_mib=29.2 mutable_mib=328.0 max_job_mib=10.4 oldest_ms=80.40 pack_ms=13.47 solve_ms=65.85
v5_device jobs=34 rows=7798 cells=681566 direct=true graph_reused=false upload_ms=9.71 capture_ms=3.17 queue_ms=65.13 gpu_ms=0.01 unpack_ms=3.22 total_ms=81.24
v5_service device=0 lane=1 class=0 jobs=34 rows=7798 cells=681566 reach=421907 reverse=681566 table_mib=23.9 mutable_mib=264.0 max_job_mib=10.4 oldest_ms=78.00 pack_ms=10.24 solve_ms=81.28
v5_device jobs=25 rows=10265 cells=1062036 direct=true graph_reused=false upload_ms=18.46 capture_ms=4.89 queue_ms=55.87 gpu_ms=0.01 unpack_ms=5.87 total_ms=85.10
v5_service device=0 lane=0 class=1 jobs=25 rows=10265 cells=1062036 reach=734103 reverse=1062036 table_mib=36.0 mutable_mib=416.0 max_job_mib=37.0 oldest_ms=142.64 pack_ms=20.41 solve_ms=85.18
v5_device jobs=13 rows=5208 cells=486573 direct=true graph_reused=false upload_ms=5.55 capture_ms=4.30 queue_ms=45.87 gpu_ms=0.01 unpack_ms=2.77 total_ms=58.51
v5_service device=1 lane=0 class=1 jobs=13 rows=5208 cells=486573 reach=328210 reverse=486573 table_mib=16.9 mutable_mib=224.0 max_job_mib=35.0 oldest_ms=166.84 pack_ms=8.25 solve_ms=58.58
v5_device jobs=22 rows=8980 cells=1036709 direct=true graph_reused=false upload_ms=20.43 capture_ms=3.27 queue_ms=53.60 gpu_ms=0.01 unpack_ms=5.57 total_ms=82.89
v5_service device=1 lane=1 class=1 jobs=22 rows=8980 cells=1036709 reach=684912 reverse=1036709 table_mib=34.3 mutable_mib=368.0 max_job_mib=36.9 oldest_ms=145.50 pack_ms=19.07 solve_ms=82.94
v5_device jobs=11 rows=5057 cells=420408 direct=true graph_reused=false upload_ms=5.95 capture_ms=3.49 queue_ms=23.37 gpu_ms=0.01 unpack_ms=1.87 total_ms=34.68
v5_service device=0 lane=1 class=1 jobs=11 rows=5057 cells=420408 reach=287260 reverse=420408 table_mib=14.6 mutable_mib=192.0 max_job_mib=35.3 oldest_ms=175.44 pack_ms=6.79 solve_ms=34.74
v5_device jobs=27 rows=6283 cells=516722 direct=true graph_reused=false upload_ms=6.21 capture_ms=3.07 queue_ms=28.17 gpu_ms=0.01 unpack_ms=2.59 total_ms=40.05
v5_service device=0 lane=0 class=0 jobs=27 rows=6283 cells=516722 reach=329110 reverse=516722 table_mib=18.5 mutable_mib=208.0 max_job_mib=10.4 oldest_ms=78.10 pack_ms=7.80 solve_ms=40.10
v5_device jobs=12 rows=4263 cells=450721 direct=true graph_reused=false upload_ms=5.07 capture_ms=3.06 queue_ms=28.97 gpu_ms=0.01 unpack_ms=2.01 total_ms=39.11
v5_service device=1 lane=0 class=1 jobs=12 rows=4263 cells=450721 reach=288140 reverse=450721 table_mib=15.2 mutable_mib=192.0 max_job_mib=19.9 oldest_ms=79.43 pack_ms=6.72 solve_ms=39.17
v5_device jobs=29 rows=6743 cells=642555 direct=true graph_reused=false upload_ms=8.32 capture_ms=4.19 queue_ms=35.03 gpu_ms=0.01 unpack_ms=3.48 total_ms=51.03
v5_service device=1 lane=1 class=0 jobs=29 rows=6743 cells=642555 reach=393443 reverse=642555 table_mib=22.6 mutable_mib=232.0 max_job_mib=10.7 oldest_ms=82.59 pack_ms=10.01 solve_ms=51.09
v5_device jobs=5 rows=2166 cells=166021 direct=true graph_reused=false upload_ms=2.04 capture_ms=4.89 queue_ms=20.78 gpu_ms=0.01 unpack_ms=0.62 total_ms=28.34
v5_service device=1 lane=1 class=1 jobs=5 rows=2166 cells=166021 reach=108124 reverse=166021 table_mib=5.9 mutable_mib=96.0 max_job_mib=34.0 oldest_ms=143.49 pack_ms=2.97 solve_ms=28.37
v5_device jobs=27 rows=5609 cells=612685 direct=true graph_reused=false upload_ms=7.17 capture_ms=3.47 queue_ms=33.77 gpu_ms=0.01 unpack_ms=2.33 total_ms=46.75
v5_service device=1 lane=0 class=0 jobs=27 rows=5609 cells=612685 reach=359465 reverse=612685 table_mib=20.7 mutable_mib=208.0 max_job_mib=10.3 oldest_ms=130.18 pack_ms=11.48 solve_ms=46.80
v5_device jobs=18 rows=6915 cells=766967 direct=true graph_reused=false upload_ms=26.34 capture_ms=3.10 queue_ms=55.59 gpu_ms=0.02 unpack_ms=4.06 total_ms=89.11
v5_service device=0 lane=1 class=1 jobs=18 rows=6915 cells=766967 reach=500249 reverse=766967 table_mib=26.1 mutable_mib=304.0 max_job_mib=35.3 oldest_ms=80.13 pack_ms=10.64 solve_ms=89.17
v5_device jobs=15 rows=6355 cells=662651 direct=true graph_reused=false upload_ms=9.73 capture_ms=4.25 queue_ms=51.64 gpu_ms=0.01 unpack_ms=3.61 total_ms=69.24
v5_service device=0 lane=0 class=1 jobs=15 rows=6355 cells=662651 reach=447962 reverse=662651 table_mib=22.8 mutable_mib=256.0 max_job_mib=36.3 oldest_ms=135.84 pack_ms=11.13 solve_ms=69.36
v5_device jobs=47 rows=10513 cells=919756 direct=true graph_reused=false upload_ms=16.43 capture_ms=3.14 queue_ms=43.73 gpu_ms=0.01 unpack_ms=4.26 total_ms=67.56
v5_service device=0 lane=1 class=0 jobs=47 rows=10513 cells=919756 reach=572495 reverse=919756 table_mib=32.4 mutable_mib=360.0 max_job_mib=10.3 oldest_ms=193.12 pack_ms=15.73 solve_ms=67.62
v5_device jobs=12 rows=4856 cells=580816 direct=true graph_reused=false upload_ms=6.31 capture_ms=3.19 queue_ms=31.19 gpu_ms=0.01 unpack_ms=2.50 total_ms=43.21
v5_service device=1 lane=0 class=1 jobs=12 rows=4856 cells=580816 reach=378024 reverse=580816 table_mib=19.4 mutable_mib=192.0 max_job_mib=20.0 oldest_ms=80.93 pack_ms=7.98 solve_ms=43.27
v5_device jobs=12 rows=5123 cells=566888 direct=true graph_reused=false upload_ms=9.87 capture_ms=3.55 queue_ms=28.09 gpu_ms=0.01 unpack_ms=2.43 total_ms=43.94
v5_service device=0 lane=0 class=1 jobs=12 rows=5123 cells=566888 reach=381635 reverse=566888 table_mib=19.1 mutable_mib=208.0 max_job_mib=36.9 oldest_ms=79.61 pack_ms=8.92 solve_ms=44.00
v5_device jobs=16 rows=3458 cells=149870 direct=true graph_reused=false upload_ms=2.09 capture_ms=4.51 queue_ms=24.90 gpu_ms=0.01 unpack_ms=0.98 total_ms=32.48
v5_service device=1 lane=0 class=0 jobs=16 rows=3458 cells=149870 reach=107637 reverse=149870 table_mib=6.3 mutable_mib=128.0 max_job_mib=9.3 oldest_ms=129.36 pack_ms=3.06 solve_ms=32.53
v5_device jobs=24 rows=10807 cells=1090153 direct=true graph_reused=false upload_ms=22.69 capture_ms=4.56 queue_ms=53.95 gpu_ms=0.01 unpack_ms=5.74 total_ms=86.95
v5_service device=1 lane=1 class=1 jobs=24 rows=10807 cells=1090153 reach=709601 reverse=1090153 table_mib=36.9 mutable_mib=432.0 max_job_mib=38.6 oldest_ms=84.35 pack_ms=16.62 solve_ms=87.00
v5_device jobs=24 rows=5404 cells=334845 direct=true graph_reused=false upload_ms=5.82 capture_ms=4.68 queue_ms=21.77 gpu_ms=0.01 unpack_ms=1.96 total_ms=34.23
v5_service device=0 lane=0 class=0 jobs=24 rows=5404 cells=334845 reach=218318 reverse=334845 table_mib=12.6 mutable_mib=180.0 max_job_mib=10.2 oldest_ms=123.14 pack_ms=8.06 solve_ms=34.30
v5_device jobs=6 rows=1628 cells=61635 direct=true graph_reused=false upload_ms=0.81 capture_ms=3.98 queue_ms=12.08 gpu_ms=0.01 unpack_ms=0.52 total_ms=17.40
v5_service device=1 lane=1 class=0 jobs=6 rows=1628 cells=61635 reach=46037 reverse=61635 table_mib=2.7 mutable_mib=48.0 max_job_mib=9.4 oldest_ms=190.67 pack_ms=1.38 solve_ms=17.45
v5_device jobs=35 rows=7999 cells=607187 direct=true graph_reused=false upload_ms=8.42 capture_ms=3.16 queue_ms=34.37 gpu_ms=0.01 unpack_ms=3.13 total_ms=49.09
v5_service device=0 lane=1 class=0 jobs=35 rows=7999 cells=607187 reach=391491 reverse=607187 table_mib=22.0 mutable_mib=276.0 max_job_mib=10.7 oldest_ms=80.54 pack_ms=11.02 solve_ms=49.15
v5_device jobs=32 rows=6838 cells=584472 direct=true graph_reused=false upload_ms=9.27 capture_ms=3.14 queue_ms=31.57 gpu_ms=0.01 unpack_ms=2.89 total_ms=46.87
v5_service device=1 lane=0 class=0 jobs=32 rows=6838 cells=584472 reach=354031 reverse=584472 table_mib=20.8 mutable_mib=248.0 max_job_mib=10.1 oldest_ms=79.98 pack_ms=10.30 solve_ms=46.93
v5_device jobs=32 rows=7258 cells=376057 direct=true graph_reused=false upload_ms=5.54 capture_ms=3.42 queue_ms=27.27 gpu_ms=0.01 unpack_ms=2.39 total_ms=38.63
v5_service device=1 lane=1 class=0 jobs=32 rows=7258 cells=376057 reach=258294 reverse=376057 table_mib=14.7 mutable_mib=240.0 max_job_mib=10.2 oldest_ms=81.16 pack_ms=7.41 solve_ms=38.70
v5_device jobs=10 rows=3882 cells=453041 direct=true graph_reused=false upload_ms=4.81 capture_ms=2.81 queue_ms=50.28 gpu_ms=0.01 unpack_ms=2.53 total_ms=60.44
v5_service device=0 lane=1 class=1 jobs=10 rows=3882 cells=453041 reach=291004 reverse=453041 table_mib=15.0 mutable_mib=160.0 max_job_mib=19.6 oldest_ms=147.92 pack_ms=6.98 solve_ms=60.50
v5_device jobs=18 rows=7295 cells=615594 direct=true graph_reused=false upload_ms=8.69 capture_ms=4.04 queue_ms=31.46 gpu_ms=0.01 unpack_ms=3.84 total_ms=48.04
v5_service device=0 lane=0 class=1 jobs=18 rows=7295 cells=615594 reach=419280 reverse=615594 table_mib=21.4 mutable_mib=304.0 max_job_mib=35.6 oldest_ms=79.36 pack_ms=8.75 solve_ms=48.09
v5_device jobs=12 rows=4868 cells=519621 direct=true graph_reused=false upload_ms=7.83 capture_ms=3.97 queue_ms=28.57 gpu_ms=0.01 unpack_ms=2.19 total_ms=42.58
v5_service device=1 lane=0 class=1 jobs=12 rows=4868 cells=519621 reach=365991 reverse=519621 table_mib=17.7 mutable_mib=192.0 max_job_mib=19.6 oldest_ms=141.59 pack_ms=9.39 solve_ms=42.63
v5_device jobs=6 rows=2536 cells=210373 direct=true graph_reused=false upload_ms=2.84 capture_ms=5.32 queue_ms=20.22 gpu_ms=0.01 unpack_ms=1.21 total_ms=29.59
v5_service device=1 lane=1 class=1 jobs=6 rows=2536 cells=210373 reach=144720 reverse=210373 table_mib=7.4 mutable_mib=96.0 max_job_mib=19.0 oldest_ms=131.96 pack_ms=3.92 solve_ms=29.65
v5_device jobs=42 rows=9359 cells=924760 direct=true graph_reused=false upload_ms=15.39 capture_ms=3.39 queue_ms=39.58 gpu_ms=0.01 unpack_ms=4.16 total_ms=62.53
v5_service device=0 lane=0 class=0 jobs=42 rows=9359 cells=924760 reach=561899 reverse=924760 table_mib=31.6 mutable_mib=316.0 max_job_mib=10.2 oldest_ms=145.83 pack_ms=18.70 solve_ms=62.60
v5_device jobs=26 rows=5911 cells=533192 direct=true graph_reused=false upload_ms=8.46 capture_ms=3.99 queue_ms=27.87 gpu_ms=0.01 unpack_ms=2.72 total_ms=43.05
v5_service device=0 lane=1 class=0 jobs=26 rows=5911 cells=533192 reach=332905 reverse=533192 table_mib=18.8 mutable_mib=200.0 max_job_mib=10.4 oldest_ms=81.00 pack_ms=7.54 solve_ms=43.11
v5_device jobs=8 rows=3171 cells=215184 direct=true graph_reused=false upload_ms=2.73 capture_ms=3.08 queue_ms=19.82 gpu_ms=0.01 unpack_ms=1.21 total_ms=26.85
v5_service device=0 lane=1 class=1 jobs=8 rows=3171 cells=215184 reach=149578 reverse=215184 table_mib=8.1 mutable_mib=128.0 max_job_mib=18.5 oldest_ms=130.09 pack_ms=3.85 solve_ms=26.90
v5_device jobs=31 rows=7171 cells=490822 direct=true graph_reused=false upload_ms=6.67 capture_ms=3.49 queue_ms=39.21 gpu_ms=0.01 unpack_ms=2.44 total_ms=51.81
v5_service device=1 lane=0 class=0 jobs=31 rows=7171 cells=490822 reach=316315 reverse=490822 table_mib=18.2 mutable_mib=244.0 max_job_mib=10.9 oldest_ms=78.58 pack_ms=8.18 solve_ms=51.86
v5_device jobs=37 rows=8465 cells=704455 direct=true graph_reused=false upload_ms=13.21 capture_ms=4.31 queue_ms=41.20 gpu_ms=0.02 unpack_ms=4.12 total_ms=62.86
v5_service device=1 lane=1 class=0 jobs=37 rows=8465 cells=704455 reach=443029 reverse=704455 table_mib=25.0 mutable_mib=288.0 max_job_mib=10.2 oldest_ms=81.29 pack_ms=11.56 solve_ms=62.93
v5_device jobs=10 rows=4094 cells=400868 direct=true graph_reused=false upload_ms=4.89 capture_ms=2.94 queue_ms=31.10 gpu_ms=0.01 unpack_ms=1.77 total_ms=40.72
v5_service device=1 lane=1 class=1 jobs=10 rows=4094 cells=400868 reach=276764 reverse=400868 table_mib=13.9 mutable_mib=160.0 max_job_mib=19.2 oldest_ms=162.24 pack_ms=8.33 solve_ms=40.77
v5_device jobs=23 rows=10946 cells=877573 direct=true graph_reused=false upload_ms=16.23 capture_ms=3.22 queue_ms=45.15 gpu_ms=0.01 unpack_ms=4.74 total_ms=69.35
v5_service device=0 lane=0 class=1 jobs=23 rows=10946 cells=877573 reach=609128 reverse=877573 table_mib=31.0 mutable_mib=400.0 max_job_mib=40.1 oldest_ms=81.55 pack_ms=15.23 solve_ms=69.41
v5_device jobs=20 rows=9330 cells=836471 direct=true graph_reused=false upload_ms=26.70 capture_ms=4.15 queue_ms=44.37 gpu_ms=0.01 unpack_ms=4.49 total_ms=79.73
v5_service device=1 lane=0 class=1 jobs=20 rows=9330 cells=836471 reach=578091 reverse=836471 table_mib=29.1 mutable_mib=352.0 max_job_mib=35.8 oldest_ms=147.71 pack_ms=16.66 solve_ms=79.79
v5_device jobs=29 rows=6282 cells=649986 direct=true graph_reused=false upload_ms=8.66 capture_ms=4.44 queue_ms=32.50 gpu_ms=0.01 unpack_ms=2.72 total_ms=48.33
v5_service device=0 lane=0 class=0 jobs=29 rows=6282 cells=649986 reach=383399 reverse=649986 table_mib=21.9 mutable_mib=216.0 max_job_mib=10.9 oldest_ms=171.96 pack_ms=10.49 solve_ms=48.39
v5_device jobs=14 rows=5703 cells=679997 direct=true graph_reused=false upload_ms=9.78 capture_ms=3.63 queue_ms=56.45 gpu_ms=0.02 unpack_ms=3.28 total_ms=73.15
v5_service device=0 lane=1 class=1 jobs=14 rows=5703 cells=679997 reach=451238 reverse=679997 table_mib=22.9 mutable_mib=240.0 max_job_mib=35.8 oldest_ms=78.43 pack_ms=9.68 solve_ms=73.20
v5_device jobs=27 rows=6353 cells=662115 direct=true graph_reused=false upload_ms=9.45 capture_ms=3.26 queue_ms=33.31 gpu_ms=0.01 unpack_ms=2.75 total_ms=48.78
v5_service device=1 lane=1 class=0 jobs=27 rows=6353 cells=662115 reach=406344 reverse=662115 table_mib=22.6 mutable_mib=208.0 max_job_mib=10.4 oldest_ms=81.78 pack_ms=12.67 solve_ms=48.84
v5_device jobs=27 rows=5748 cells=626658 direct=true graph_reused=false upload_ms=7.81 capture_ms=3.02 queue_ms=32.27 gpu_ms=0.01 unpack_ms=2.89 total_ms=45.99
v5_service device=0 lane=1 class=0 jobs=27 rows=5748 cells=626658 reach=376076 reverse=626658 table_mib=21.5 mutable_mib=208.0 max_job_mib=10.9 oldest_ms=167.86 pack_ms=11.53 solve_ms=46.06
v5_device jobs=18 rows=4242 cells=455565 direct=true graph_reused=false upload_ms=4.74 capture_ms=4.04 queue_ms=28.29 gpu_ms=0.01 unpack_ms=2.34 total_ms=39.43
v5_service device=1 lane=0 class=0 jobs=18 rows=4242 cells=455565 reach=279912 reverse=455565 table_mib=15.5 mutable_mib=140.0 max_job_mib=10.2 oldest_ms=77.65 pack_ms=6.56 solve_ms=39.49
v5_device jobs=10 rows=4275 cells=326801 direct=true graph_reused=false upload_ms=5.84 capture_ms=3.45 queue_ms=20.10 gpu_ms=0.01 unpack_ms=1.51 total_ms=30.90
v5_service device=0 lane=0 class=1 jobs=10 rows=4275 cells=326801 reach=228274 reverse=326801 table_mib=11.6 mutable_mib=176.0 max_job_mib=35.2 oldest_ms=78.53 pack_ms=5.78 solve_ms=30.95
v5_device jobs=12 rows=4902 cells=548501 direct=true graph_reused=false upload_ms=10.28 capture_ms=3.42 queue_ms=26.98 gpu_ms=0.01 unpack_ms=2.79 total_ms=43.48
v5_service device=1 lane=1 class=1 jobs=12 rows=4902 cells=548501 reach=368385 reverse=548501 table_mib=18.4 mutable_mib=192.0 max_job_mib=20.0 oldest_ms=147.97 pack_ms=10.61 solve_ms=43.53
v5_device jobs=22 rows=8606 cells=823253 direct=true graph_reused=false upload_ms=23.93 capture_ms=3.40 queue_ms=40.61 gpu_ms=0.01 unpack_ms=4.56 total_ms=72.51
v5_service device=1 lane=0 class=1 jobs=22 rows=8606 cells=823253 reach=568036 reverse=823253 table_mib=28.9 mutable_mib=352.0 max_job_mib=19.4 oldest_ms=130.88 pack_ms=14.61 solve_ms=72.57
v5_device jobs=45 rows=10743 cells=797944 direct=true graph_reused=false upload_ms=11.97 capture_ms=2.99 queue_ms=51.47 gpu_ms=0.01 unpack_ms=4.46 total_ms=70.91
v5_service device=0 lane=0 class=0 jobs=45 rows=10743 cells=797944 reach=505026 reverse=797944 table_mib=29.3 mutable_mib=344.0 max_job_mib=10.3 oldest_ms=121.25 pack_ms=15.14 solve_ms=70.96
v5_device jobs=35 rows=7972 cells=788711 direct=true graph_reused=false upload_ms=10.62 capture_ms=4.13 queue_ms=48.31 gpu_ms=0.02 unpack_ms=4.51 total_ms=67.58
v5_service device=0 lane=1 class=0 jobs=35 rows=7972 cells=788711 reach=466805 reverse=788711 table_mib=27.0 mutable_mib=268.0 max_job_mib=10.4 oldest_ms=77.99 pack_ms=10.59 solve_ms=67.64
v5_device jobs=30 rows=7129 cells=544468 direct=true graph_reused=false upload_ms=9.67 capture_ms=4.09 queue_ms=29.50 gpu_ms=0.01 unpack_ms=2.89 total_ms=46.15
v5_service device=1 lane=1 class=0 jobs=30 rows=7129 cells=544468 reach=346085 reverse=544468 table_mib=19.9 mutable_mib=240.0 max_job_mib=9.7 oldest_ms=78.54 pack_ms=10.45 solve_ms=46.20
v5_device jobs=9 rows=4122 cells=378642 direct=true graph_reused=false upload_ms=4.31 capture_ms=3.15 queue_ms=22.60 gpu_ms=0.02 unpack_ms=1.82 total_ms=31.90
v5_service device=0 lane=1 class=1 jobs=9 rows=4122 cells=378642 reach=254701 reverse=378642 table_mib=12.9 mutable_mib=160.0 max_job_mib=37.0 oldest_ms=163.52 pack_ms=6.29 solve_ms=31.96
v5_device jobs=13 rows=6827 cells=544932 direct=true graph_reused=false upload_ms=9.04 capture_ms=3.43 queue_ms=35.51 gpu_ms=0.01 unpack_ms=2.49 total_ms=50.48
v5_service device=1 lane=0 class=1 jobs=13 rows=6827 cells=544932 reach=400804 reverse=544932 table_mib=19.1 mutable_mib=240.0 max_job_mib=37.0 oldest_ms=80.52 pack_ms=9.48 solve_ms=50.53
v5_device jobs=12 rows=5069 cells=603785 direct=true graph_reused=false upload_ms=7.61 capture_ms=4.14 queue_ms=34.30 gpu_ms=0.01 unpack_ms=2.87 total_ms=48.93
v5_service device=1 lane=1 class=1 jobs=12 rows=5069 cells=603785 reach=382464 reverse=603785 table_mib=19.9 mutable_mib=208.0 max_job_mib=35.3 oldest_ms=131.75 pack_ms=11.40 solve_ms=48.99
v5_device jobs=29 rows=6687 cells=465209 direct=true graph_reused=false upload_ms=5.52 capture_ms=2.98 queue_ms=29.89 gpu_ms=0.01 unpack_ms=2.52 total_ms=40.92
v5_service device=0 lane=0 class=0 jobs=29 rows=6687 cells=465209 reach=295242 reverse=465209 table_mib=17.3 mutable_mib=228.0 max_job_mib=10.2 oldest_ms=81.98 pack_ms=7.20 solve_ms=40.97
v5_device jobs=16 rows=3731 cells=290010 direct=true graph_reused=false upload_ms=4.02 capture_ms=3.47 queue_ms=19.34 gpu_ms=0.01 unpack_ms=1.71 total_ms=28.56
v5_service device=1 lane=0 class=0 jobs=16 rows=3731 cells=290010 reach=182784 reverse=290010 table_mib=10.6 mutable_mib=120.0 max_job_mib=10.2 oldest_ms=141.55 pack_ms=5.51 solve_ms=28.62
v5_device jobs=11 rows=5055 cells=316128 direct=true graph_reused=false upload_ms=4.24 capture_ms=3.88 queue_ms=23.18 gpu_ms=0.01 unpack_ms=1.47 total_ms=32.77
v5_service device=0 lane=0 class=1 jobs=11 rows=5055 cells=316128 reach=222886 reverse=316128 table_mib=11.6 mutable_mib=192.0 max_job_mib=33.6 oldest_ms=131.09 pack_ms=5.89 solve_ms=32.82
v5_device jobs=36 rows=7849 cells=666742 direct=true graph_reused=false upload_ms=8.99 capture_ms=4.22 queue_ms=36.63 gpu_ms=0.01 unpack_ms=3.36 total_ms=53.22
v5_service device=0 lane=1 class=0 jobs=36 rows=7849 cells=666742 reach=419147 reverse=666742 table_mib=23.9 mutable_mib=280.0 max_job_mib=10.2 oldest_ms=83.28 pack_ms=11.47 solve_ms=53.27
v5_device jobs=7 rows=2612 cells=164582 direct=true graph_reused=false upload_ms=1.96 capture_ms=3.45 queue_ms=14.41 gpu_ms=0.01 unpack_ms=0.80 total_ms=20.62
v5_service device=0 lane=1 class=1 jobs=7 rows=2612 cells=164582 reach=113259 reverse=164582 table_mib=6.0 mutable_mib=112.0 max_job_mib=18.4 oldest_ms=149.39 pack_ms=3.03 solve_ms=20.68
v5_device jobs=11 rows=5216 cells=453604 direct=true graph_reused=false upload_ms=7.19 capture_ms=3.63 queue_ms=24.98 gpu_ms=0.01 unpack_ms=2.41 total_ms=38.21
v5_service device=1 lane=1 class=1 jobs=11 rows=5216 cells=453604 reach=307278 reverse=453604 table_mib=15.9 mutable_mib=208.0 max_job_mib=35.8 oldest_ms=79.38 pack_ms=7.02 solve_ms=38.27
v5_device jobs=29 rows=6432 cells=527591 direct=true graph_reused=false upload_ms=7.02 capture_ms=3.45 queue_ms=28.22 gpu_ms=0.01 unpack_ms=2.59 total_ms=41.29
v5_service device=1 lane=0 class=0 jobs=29 rows=6432 cells=527591 reach=328572 reverse=527591 table_mib=18.9 mutable_mib=232.0 max_job_mib=10.2 oldest_ms=80.19 pack_ms=7.58 solve_ms=41.35
v5_device jobs=6 rows=2507 cells=270011 direct=true graph_reused=false upload_ms=3.05 capture_ms=3.33 queue_ms=16.59 gpu_ms=0.01 unpack_ms=1.02 total_ms=23.99
v5_service device=1 lane=0 class=1 jobs=6 rows=2507 cells=270011 reach=187082 reverse=270011 table_mib=9.0 mutable_mib=96.0 max_job_mib=19.0 oldest_ms=132.67 pack_ms=4.27 solve_ms=24.04
v5_device jobs=44 rows=9823 cells=808899 direct=true graph_reused=false upload_ms=14.61 capture_ms=3.19 queue_ms=39.86 gpu_ms=0.01 unpack_ms=3.92 total_ms=61.59
v5_service device=0 lane=0 class=0 jobs=44 rows=9823 cells=808899 reach=499838 reverse=808899 table_mib=28.8 mutable_mib=340.0 max_job_mib=10.2 oldest_ms=79.66 pack_ms=12.98 solve_ms=61.65
v5_device jobs=53 rows=11921 cells=1048263 direct=true graph_reused=false upload_ms=34.11 capture_ms=3.41 queue_ms=47.33 gpu_ms=0.01 unpack_ms=4.81 total_ms=89.68
v5_service device=1 lane=1 class=0 jobs=53 rows=11921 cells=1048263 reach=644252 reverse=1048263 table_mib=36.8 mutable_mib=416.0 max_job_mib=10.9 oldest_ms=133.82 pack_ms=20.83 solve_ms=89.73
v5_device jobs=34 rows=7187 cells=548903 direct=true graph_reused=false upload_ms=7.02 capture_ms=3.99 queue_ms=36.40 gpu_ms=0.02 unpack_ms=3.16 total_ms=50.58
v5_service device=0 lane=1 class=0 jobs=34 rows=7187 cells=548903 reach=348161 reverse=548903 table_mib=19.8 mutable_mib=256.0 max_job_mib=11.1 oldest_ms=78.11 pack_ms=8.78 solve_ms=50.64
v5_device jobs=9 rows=3347 cells=292306 direct=true graph_reused=false upload_ms=3.22 capture_ms=3.95 queue_ms=25.69 gpu_ms=0.02 unpack_ms=1.73 total_ms=34.62
v5_service device=0 lane=0 class=1 jobs=9 rows=3347 cells=292306 reach=188562 reverse=292306 table_mib=10.1 mutable_mib=144.0 max_job_mib=18.8 oldest_ms=161.97 pack_ms=4.81 solve_ms=34.68
v5_device jobs=15 rows=5716 cells=562569 direct=true graph_reused=false upload_ms=8.17 capture_ms=3.16 queue_ms=28.14 gpu_ms=0.01 unpack_ms=2.51 total_ms=42.00
v5_service device=0 lane=1 class=1 jobs=15 rows=5716 cells=562569 reach=384980 reverse=562569 table_mib=19.5 mutable_mib=240.0 max_job_mib=20.3 oldest_ms=146.94 pack_ms=10.10 solve_ms=42.05
v5_device jobs=13 rows=5556 cells=748318 direct=true graph_reused=false upload_ms=8.70 capture_ms=3.03 queue_ms=31.02 gpu_ms=0.01 unpack_ms=3.40 total_ms=46.16
v5_service device=1 lane=0 class=1 jobs=13 rows=5556 cells=748318 reach=471022 reverse=748318 table_mib=24.3 mutable_mib=224.0 max_job_mib=39.6 oldest_ms=83.87 pack_ms=11.18 solve_ms=46.22
v5_device jobs=1 rows=2133 cells=325033 direct=true graph_reused=false upload_ms=4.09 capture_ms=3.88 queue_ms=14.76 gpu_ms=0.01 unpack_ms=0.75 total_ms=23.48
v5_service device=0 lane=1 class=2 jobs=1 rows=2133 cells=325033 reach=227251 reverse=325033 table_mib=10.1 mutable_mib=64.0 max_job_mib=79.0 oldest_ms=201.20 pack_ms=6.93 solve_ms=23.54
v5_device jobs=28 rows=6092 cells=578260 direct=true graph_reused=false upload_ms=9.68 capture_ms=3.21 queue_ms=28.18 gpu_ms=0.01 unpack_ms=2.79 total_ms=43.88
v5_service device=0 lane=0 class=0 jobs=28 rows=6092 cells=578260 reach=346825 reverse=578260 table_mib=20.0 mutable_mib=204.0 max_job_mib=10.3 oldest_ms=81.50 pack_ms=9.41 solve_ms=43.93
v5_device jobs=36 rows=7772 cells=614639 direct=true graph_reused=false upload_ms=9.32 capture_ms=3.30 queue_ms=45.76 gpu_ms=0.03 unpack_ms=3.84 total_ms=62.25
v5_service device=1 lane=0 class=0 jobs=36 rows=7772 cells=614639 reach=389654 reverse=614639 table_mib=22.2 mutable_mib=276.0 max_job_mib=10.1 oldest_ms=146.66 pack_ms=10.32 solve_ms=62.29
v5_device jobs=18 rows=7425 cells=834131 direct=true graph_reused=false upload_ms=14.38 capture_ms=4.11 queue_ms=44.62 gpu_ms=0.01 unpack_ms=4.28 total_ms=67.40
v5_service device=1 lane=1 class=1 jobs=18 rows=7425 cells=834131 reach=541483 reverse=834131 table_mib=27.5 mutable_mib=288.0 max_job_mib=20.1 oldest_ms=85.20 pack_ms=14.94 solve_ms=67.46
v5_device jobs=8 rows=3074 cells=351778 direct=true graph_reused=false upload_ms=4.13 capture_ms=3.36 queue_ms=19.07 gpu_ms=0.01 unpack_ms=1.40 total_ms=27.96
v5_service device=0 lane=0 class=1 jobs=8 rows=3074 cells=351778 reach=226076 reverse=351778 table_mib=11.6 mutable_mib=128.0 max_job_mib=19.2 oldest_ms=136.79 pack_ms=6.03 solve_ms=28.02
v5_device jobs=11 rows=5128 cells=479376 direct=true graph_reused=false upload_ms=6.48 capture_ms=3.55 queue_ms=25.42 gpu_ms=0.01 unpack_ms=2.07 total_ms=37.53
v5_service device=0 lane=1 class=1 jobs=11 rows=5128 cells=479376 reach=340282 reverse=479376 table_mib=16.6 mutable_mib=192.0 max_job_mib=36.4 oldest_ms=78.63 pack_ms=7.62 solve_ms=37.59
v5_device jobs=38 rows=8510 cells=784455 direct=true graph_reused=false upload_ms=13.22 capture_ms=3.15 queue_ms=34.43 gpu_ms=0.01 unpack_ms=3.90 total_ms=54.71
v5_service device=1 lane=1 class=0 jobs=38 rows=8510 cells=784455 reach=471159 reverse=784455 table_mib=27.0 mutable_mib=296.0 max_job_mib=10.3 oldest_ms=174.62 pack_ms=15.01 solve_ms=54.77
v5_device jobs=30 rows=6606 cells=348609 direct=true graph_reused=false upload_ms=4.48 capture_ms=3.05 queue_ms=25.97 gpu_ms=0.01 unpack_ms=1.84 total_ms=35.36
v5_service device=0 lane=1 class=0 jobs=30 rows=6606 cells=348609 reach=227977 reverse=348609 table_mib=13.4 mutable_mib=228.0 max_job_mib=10.1 oldest_ms=128.78 pack_ms=6.36 solve_ms=35.41
v5_device jobs=35 rows=8119 cells=646083 direct=true graph_reused=false upload_ms=9.55 capture_ms=3.36 queue_ms=32.36 gpu_ms=0.01 unpack_ms=3.06 total_ms=48.35
v5_service device=1 lane=0 class=0 jobs=35 rows=8119 cells=646083 reach=413921 reverse=646083 table_mib=23.2 mutable_mib=268.0 max_job_mib=10.4 oldest_ms=78.29 pack_ms=10.77 solve_ms=48.40
v5_device jobs=48 rows=10774 cells=727957 direct=true graph_reused=false upload_ms=11.22 capture_ms=3.05 queue_ms=38.50 gpu_ms=0.01 unpack_ms=3.97 total_ms=56.76
v5_service device=0 lane=0 class=0 jobs=48 rows=10774 cells=727957 reach=451161 reverse=727957 table_mib=26.6 mutable_mib=360.0 max_job_mib=10.2 oldest_ms=79.57 pack_ms=12.34 solve_ms=56.83
v5_device jobs=12 rows=4861 cells=432144 direct=true graph_reused=false upload_ms=5.58 capture_ms=3.20 queue_ms=25.60 gpu_ms=0.01 unpack_ms=2.66 total_ms=37.05
v5_service device=1 lane=0 class=1 jobs=12 rows=4861 cells=432144 reach=307966 reverse=432144 table_mib=15.4 mutable_mib=192.0 max_job_mib=19.6 oldest_ms=124.23 pack_ms=7.14 solve_ms=37.12
v5_device jobs=44 rows=9664 cells=549341 direct=true graph_reused=false upload_ms=12.78 capture_ms=3.95 queue_ms=34.61 gpu_ms=0.01 unpack_ms=3.33 total_ms=54.68
v5_service device=1 lane=1 class=0 jobs=44 rows=9664 cells=549341 reach=376354 reverse=549341 table_mib=21.6 mutable_mib=340.0 max_job_mib=10.0 oldest_ms=78.32 pack_ms=10.62 solve_ms=54.74
v5_device jobs=18 rows=6871 cells=527143 direct=true graph_reused=false upload_ms=6.85 capture_ms=3.14 queue_ms=36.55 gpu_ms=0.01 unpack_ms=2.72 total_ms=49.27
v5_service device=0 lane=0 class=1 jobs=18 rows=6871 cells=527143 reach=347325 reverse=527143 table_mib=18.5 mutable_mib=288.0 max_job_mib=19.5 oldest_ms=159.86 pack_ms=11.33 solve_ms=49.33
v5_device jobs=34 rows=7682 cells=725199 direct=true graph_reused=false upload_ms=17.00 capture_ms=4.16 queue_ms=41.13 gpu_ms=0.01 unpack_ms=3.48 total_ms=65.78
v5_service device=0 lane=1 class=0 jobs=34 rows=7682 cells=725199 reach=439133 reverse=725199 table_mib=25.0 mutable_mib=260.0 max_job_mib=10.9 oldest_ms=79.77 pack_ms=10.67 solve_ms=65.84
v5_device jobs=13 rows=4996 cells=571842 direct=true graph_reused=false upload_ms=8.00 capture_ms=4.36 queue_ms=25.97 gpu_ms=0.01 unpack_ms=2.46 total_ms=40.80
v5_service device=1 lane=1 class=1 jobs=13 rows=4996 cells=571842 reach=361065 reverse=571842 table_mib=18.9 mutable_mib=208.0 max_job_mib=19.9 oldest_ms=149.16 pack_ms=10.44 solve_ms=40.86
v5_device jobs=27 rows=6168 cells=554420 direct=true graph_reused=false upload_ms=7.77 capture_ms=3.34 queue_ms=26.34 gpu_ms=0.01 unpack_ms=2.70 total_ms=40.16
v5_service device=1 lane=0 class=0 jobs=27 rows=6168 cells=554420 reach=335973 reverse=554420 table_mib=19.1 mutable_mib=204.0 max_job_mib=10.2 oldest_ms=79.57 pack_ms=9.28 solve_ms=40.22
v5_device jobs=18 rows=8420 cells=505253 direct=true graph_reused=false upload_ms=6.71 capture_ms=3.07 queue_ms=30.72 gpu_ms=0.01 unpack_ms=2.59 total_ms=43.08
v5_service device=1 lane=0 class=1 jobs=18 rows=8420 cells=505253 reach=375290 reverse=505253 table_mib=19.1 mutable_mib=304.0 max_job_mib=35.3 oldest_ms=134.59 pack_ms=8.42 solve_ms=43.12
v5_device jobs=28 rows=6841 cells=499545 direct=true graph_reused=false upload_ms=5.95 capture_ms=3.98 queue_ms=35.73 gpu_ms=0.01 unpack_ms=3.24 total_ms=48.92
v5_service device=0 lane=0 class=0 jobs=28 rows=6841 cells=499545 reach=317007 reverse=499545 table_mib=17.9 mutable_mib=220.0 max_job_mib=10.2 oldest_ms=81.70 pack_ms=8.06 solve_ms=48.98
v5_device jobs=23 rows=10789 cells=884031 direct=true graph_reused=false upload_ms=18.50 capture_ms=3.81 queue_ms=75.01 gpu_ms=0.02 unpack_ms=5.45 total_ms=102.80
v5_service device=0 lane=1 class=1 jobs=23 rows=10789 cells=884031 reach=624982 reverse=884031 table_mib=31.5 mutable_mib=400.0 max_job_mib=36.7 oldest_ms=168.63 pack_ms=18.00 solve_ms=102.88
v5_device jobs=26 rows=5977 cells=499106 direct=true graph_reused=false upload_ms=7.88 capture_ms=3.68 queue_ms=26.26 gpu_ms=0.01 unpack_ms=2.55 total_ms=40.38
v5_service device=1 lane=1 class=0 jobs=26 rows=5977 cells=499106 reach=301408 reverse=499106 table_mib=17.4 mutable_mib=192.0 max_job_mib=10.6 oldest_ms=78.60 pack_ms=8.34 solve_ms=40.44
v5_device jobs=12 rows=5756 cells=349341 direct=true graph_reused=false upload_ms=4.81 capture_ms=3.51 queue_ms=23.72 gpu_ms=0.01 unpack_ms=2.02 total_ms=34.06
v5_service device=0 lane=0 class=1 jobs=12 rows=5756 cells=349341 reach=242208 reverse=349341 table_mib=12.9 mutable_mib=224.0 max_job_mib=34.8 oldest_ms=143.90 pack_ms=6.98 solve_ms=34.12
v5_device jobs=15 rows=6586 cells=572070 direct=true graph_reused=false upload_ms=7.33 capture_ms=4.17 queue_ms=30.98 gpu_ms=0.01 unpack_ms=2.71 total_ms=45.20
v5_service device=1 lane=0 class=1 jobs=15 rows=6586 cells=572070 reach=412513 reverse=572070 table_mib=20.2 mutable_mib=240.0 max_job_mib=19.2 oldest_ms=78.74 pack_ms=8.48 solve_ms=45.25
v5_device jobs=16 rows=6496 cells=657831 direct=true graph_reused=false upload_ms=9.76 capture_ms=3.35 queue_ms=54.34 gpu_ms=0.01 unpack_ms=2.83 total_ms=70.29
v5_service device=1 lane=1 class=1 jobs=16 rows=6496 cells=657831 reach=424459 reverse=657831 table_mib=22.2 mutable_mib=272.0 max_job_mib=35.8 oldest_ms=134.59 pack_ms=12.65 solve_ms=70.33
v5_device jobs=8 rows=4295 cells=362939 direct=true graph_reused=false upload_ms=3.80 capture_ms=2.85 queue_ms=25.52 gpu_ms=0.01 unpack_ms=1.77 total_ms=33.95
v5_service device=0 lane=1 class=1 jobs=8 rows=4295 cells=362939 reach=240456 reverse=362939 table_mib=12.7 mutable_mib=144.0 max_job_mib=34.6 oldest_ms=77.05 pack_ms=4.98 solve_ms=34.01
v5_device jobs=22 rows=4484 cells=211129 direct=true graph_reused=false upload_ms=2.67 capture_ms=3.30 queue_ms=16.97 gpu_ms=0.01 unpack_ms=1.25 total_ms=24.22
v5_service device=1 lane=0 class=0 jobs=22 rows=4484 cells=211129 reach=139192 reverse=211129 table_mib=8.3 mutable_mib=156.0 max_job_mib=9.7 oldest_ms=129.88 pack_ms=3.95 solve_ms=24.27
v5_device jobs=33 rows=6223 cells=415524 direct=true graph_reused=false upload_ms=6.35 capture_ms=6.75 queue_ms=30.60 gpu_ms=0.01 unpack_ms=1.83 total_ms=45.55
v5_service device=0 lane=1 class=0 jobs=33 rows=6223 cells=415524 reach=248519 reverse=415524 table_mib=14.9 mutable_mib=216.0 max_job_mib=9.7 oldest_ms=116.70 pack_ms=9.49 solve_ms=45.60
v5_device jobs=14 rows=6701 cells=437395 direct=true graph_reused=false upload_ms=7.04 capture_ms=3.54 queue_ms=40.27 gpu_ms=0.01 unpack_ms=2.36 total_ms=53.22
v5_service device=0 lane=0 class=1 jobs=14 rows=6701 cells=437395 reach=302047 reverse=437395 table_mib=16.2 mutable_mib=240.0 max_job_mib=36.2 oldest_ms=83.56 pack_ms=7.88 solve_ms=53.26
v5_device jobs=37 rows=7815 cells=452928 direct=true graph_reused=false upload_ms=9.06 capture_ms=3.34 queue_ms=26.08 gpu_ms=0.01 unpack_ms=2.31 total_ms=40.79
v5_service device=1 lane=1 class=0 jobs=37 rows=7815 cells=452928 reach=275568 reverse=452928 table_mib=16.8 mutable_mib=272.0 max_job_mib=9.7 oldest_ms=81.41 pack_ms=10.42 solve_ms=40.85
v5_device jobs=57 rows=12374 cells=890497 direct=true graph_reused=false upload_ms=15.21 capture_ms=3.06 queue_ms=44.33 gpu_ms=0.01 unpack_ms=4.25 total_ms=66.85
v5_service device=0 lane=0 class=0 jobs=57 rows=12374 cells=890497 reach=541813 reverse=890497 table_mib=32.0 mutable_mib=416.0 max_job_mib=10.7 oldest_ms=150.98 pack_ms=16.82 solve_ms=66.90
v5_device jobs=3 rows=1155 cells=120990 direct=true graph_reused=false upload_ms=1.26 capture_ms=5.23 queue_ms=25.58 gpu_ms=0.01 unpack_ms=0.53 total_ms=32.61
v5_service device=1 lane=1 class=1 jobs=3 rows=1155 cells=120990 reach=83367 reverse=120990 table_mib=4.0 mutable_mib=48.0 max_job_mib=19.2 oldest_ms=136.28 pack_ms=1.94 solve_ms=32.67
v5_device jobs=46 rows=9940 cells=600415 direct=true graph_reused=false upload_ms=16.53 capture_ms=4.02 queue_ms=37.65 gpu_ms=0.01 unpack_ms=3.35 total_ms=61.57
v5_service device=1 lane=0 class=0 jobs=46 rows=9940 cells=600415 reach=374012 reverse=600415 table_mib=22.1 mutable_mib=324.0 max_job_mib=10.2 oldest_ms=77.75 pack_ms=9.32 solve_ms=61.64
v5_device jobs=9 rows=3389 cells=252113 direct=true graph_reused=false upload_ms=3.05 capture_ms=3.25 queue_ms=15.22 gpu_ms=0.01 unpack_ms=1.07 total_ms=22.59
v5_service device=1 lane=0 class=1 jobs=9 rows=3389 cells=252113 reach=170893 reverse=252113 table_mib=8.9 mutable_mib=144.0 max_job_mib=18.2 oldest_ms=152.03 pack_ms=4.18 solve_ms=22.65
v5_device jobs=1 rows=3168 cells=195080 direct=true graph_reused=false upload_ms=4.56 capture_ms=4.11 queue_ms=36.41 gpu_ms=0.01 unpack_ms=0.45 total_ms=45.54
v5_service device=0 lane=0 class=2 jobs=1 rows=3168 cells=195080 reach=155350 reverse=195080 table_mib=6.7 mutable_mib=128.0 max_job_mib=137.7 oldest_ms=237.38 pack_ms=4.02 solve_ms=45.59
v5_device jobs=45 rows=10067 cells=668158 direct=true graph_reused=false upload_ms=15.39 capture_ms=6.64 queue_ms=39.13 gpu_ms=0.01 unpack_ms=3.33 total_ms=64.49
v5_service device=0 lane=1 class=0 jobs=45 rows=10067 cells=668158 reach=393160 reverse=668158 table_mib=24.3 mutable_mib=336.0 max_job_mib=10.4 oldest_ms=77.34 pack_ms=10.01 solve_ms=64.54
v5_device jobs=17 rows=6849 cells=570068 direct=true graph_reused=false upload_ms=8.65 capture_ms=3.25 queue_ms=28.88 gpu_ms=0.01 unpack_ms=2.67 total_ms=43.47
v5_service device=0 lane=1 class=1 jobs=17 rows=6849 cells=570068 reach=367058 reverse=570068 table_mib=20.0 mutable_mib=288.0 max_job_mib=37.0 oldest_ms=160.83 pack_ms=9.87 solve_ms=43.54
v5_device jobs=42 rows=8716 cells=468962 direct=true graph_reused=false upload_ms=6.25 capture_ms=3.06 queue_ms=27.19 gpu_ms=0.01 unpack_ms=2.67 total_ms=39.18
v5_service device=1 lane=1 class=0 jobs=42 rows=8716 cells=468962 reach=288932 reverse=468962 table_mib=17.6 mutable_mib=304.0 max_job_mib=9.8 oldest_ms=78.87 pack_ms=8.28 solve_ms=39.24
v5_device jobs=6 rows=2489 cells=200883 direct=true graph_reused=false upload_ms=2.51 capture_ms=4.55 queue_ms=27.28 gpu_ms=0.01 unpack_ms=0.91 total_ms=35.26
v5_service device=1 lane=1 class=1 jobs=6 rows=2489 cells=200883 reach=131349 reverse=200883 table_mib=7.0 mutable_mib=96.0 max_job_mib=18.5 oldest_ms=128.67 pack_ms=3.92 solve_ms=35.31
v5_device jobs=42 rows=9523 cells=430858 direct=true graph_reused=false upload_ms=7.40 capture_ms=3.68 queue_ms=32.22 gpu_ms=0.01 unpack_ms=2.17 total_ms=45.49
v5_service device=1 lane=0 class=0 jobs=42 rows=9523 cells=430858 reach=269576 reverse=430858 table_mib=16.7 mutable_mib=288.0 max_job_mib=10.0 oldest_ms=79.52 pack_ms=8.09 solve_ms=45.54
v5_device jobs=58 rows=11495 cells=576650 direct=true graph_reused=false upload_ms=9.74 capture_ms=3.12 queue_ms=35.32 gpu_ms=0.01 unpack_ms=3.52 total_ms=51.71
v5_service device=0 lane=0 class=0 jobs=58 rows=11495 cells=576650 reach=359107 reverse=576650 table_mib=22.2 mutable_mib=380.0 max_job_mib=9.7 oldest_ms=79.64 pack_ms=13.55 solve_ms=51.76
v5_device jobs=6 rows=2446 cells=113281 direct=true graph_reused=false upload_ms=1.45 capture_ms=3.83 queue_ms=10.71 gpu_ms=0.01 unpack_ms=0.64 total_ms=16.64
v5_service device=1 lane=0 class=1 jobs=6 rows=2446 cells=113281 reach=80242 reverse=113281 table_mib=4.4 mutable_mib=96.0 max_job_mib=17.7 oldest_ms=131.41 pack_ms=2.05 solve_ms=16.69
v5_device jobs=6 rows=2523 cells=175834 direct=true graph_reused=false upload_ms=2.09 capture_ms=3.48 queue_ms=37.62 gpu_ms=0.01 unpack_ms=0.73 total_ms=43.93
v5_service device=0 lane=0 class=1 jobs=6 rows=2523 cells=175834 reach=110185 reverse=175834 table_mib=6.1 mutable_mib=96.0 max_job_mib=18.5 oldest_ms=146.78 pack_ms=3.05 solve_ms=43.97
v5_device jobs=44 rows=8905 cells=442543 direct=true graph_reused=false upload_ms=6.33 capture_ms=4.45 queue_ms=25.41 gpu_ms=0.01 unpack_ms=2.11 total_ms=38.30
v5_service device=0 lane=1 class=0 jobs=44 rows=8905 cells=442543 reach=266914 reverse=442543 table_mib=16.6 mutable_mib=296.0 max_job_mib=9.8 oldest_ms=84.15 pack_ms=8.46 solve_ms=38.36
v5_device jobs=4 rows=1393 cells=89864 direct=true graph_reused=false upload_ms=1.38 capture_ms=6.01 queue_ms=9.26 gpu_ms=0.01 unpack_ms=0.47 total_ms=17.13
v5_service device=0 lane=1 class=1 jobs=4 rows=1393 cells=89864 reach=61466 reverse=89864 table_mib=3.4 mutable_mib=64.0 max_job_mib=17.9 oldest_ms=130.17 pack_ms=2.31 solve_ms=17.19
v5_device jobs=52 rows=10944 cells=600327 direct=true graph_reused=false upload_ms=9.47 capture_ms=3.38 queue_ms=31.34 gpu_ms=0.01 unpack_ms=2.83 total_ms=47.04
v5_service device=1 lane=1 class=0 jobs=52 rows=10944 cells=600327 reach=372977 reverse=600327 table_mib=22.3 mutable_mib=368.0 max_job_mib=9.8 oldest_ms=78.49 pack_ms=13.27 solve_ms=47.10
v5_device jobs=49 rows=10743 cells=579419 direct=true graph_reused=false upload_ms=15.76 capture_ms=3.04 queue_ms=29.60 gpu_ms=0.01 unpack_ms=2.56 total_ms=50.97
v5_service device=1 lane=0 class=0 jobs=49 rows=10743 cells=579419 reach=340264 reverse=579419 table_mib=21.1 mutable_mib=348.0 max_job_mib=10.1 oldest_ms=79.45 pack_ms=9.55 solve_ms=51.03
v5_device jobs=9 rows=3852 cells=251488 direct=true graph_reused=false upload_ms=3.45 capture_ms=4.74 queue_ms=16.98 gpu_ms=0.02 unpack_ms=1.52 total_ms=26.71
v5_service device=1 lane=1 class=1 jobs=9 rows=3852 cells=251488 reach=180222 reverse=251488 table_mib=9.0 mutable_mib=144.0 max_job_mib=19.0 oldest_ms=144.16 pack_ms=4.59 solve_ms=26.76
v5_device jobs=10 rows=3920 cells=294969 direct=true graph_reused=false upload_ms=3.72 capture_ms=3.53 queue_ms=18.39 gpu_ms=0.01 unpack_ms=1.29 total_ms=26.93
v5_service device=1 lane=0 class=1 jobs=10 rows=3920 cells=294969 reach=176828 reverse=294969 table_mib=10.2 mutable_mib=160.0 max_job_mib=19.9 oldest_ms=145.44 pack_ms=5.22 solve_ms=26.99
v5_device jobs=59 rows=12069 cells=532579 direct=true graph_reused=false upload_ms=11.82 capture_ms=5.70 queue_ms=51.38 gpu_ms=0.01 unpack_ms=2.75 total_ms=71.65
v5_service device=0 lane=0 class=0 jobs=59 rows=12069 cells=532579 reach=322336 reverse=532579 table_mib=20.6 mutable_mib=412.0 max_job_mib=9.9 oldest_ms=79.31 pack_ms=16.23 solve_ms=71.71
v5_device jobs=44 rows=11405 cells=539967 direct=true graph_reused=false upload_ms=8.01 capture_ms=5.81 queue_ms=32.51 gpu_ms=0.01 unpack_ms=2.89 total_ms=49.22
v5_service device=0 lane=1 class=0 jobs=44 rows=11405 cells=539967 reach=340479 reverse=539967 table_mib=20.5 mutable_mib=340.0 max_job_mib=9.6 oldest_ms=80.06 pack_ms=10.48 solve_ms=49.29
v5_device jobs=6 rows=2715 cells=142300 direct=true graph_reused=false upload_ms=2.72 capture_ms=5.53 queue_ms=33.70 gpu_ms=0.01 unpack_ms=0.78 total_ms=42.74
v5_service device=0 lane=0 class=1 jobs=6 rows=2715 cells=142300 reach=103447 reverse=142300 table_mib=5.4 mutable_mib=96.0 max_job_mib=18.6 oldest_ms=173.13 pack_ms=3.82 solve_ms=42.79
v5_device jobs=18 rows=8358 cells=459284 direct=true graph_reused=false upload_ms=7.24 capture_ms=4.76 queue_ms=24.53 gpu_ms=0.01 unpack_ms=2.17 total_ms=38.70
v5_service device=0 lane=1 class=1 jobs=18 rows=8358 cells=459284 reach=313043 reverse=459284 table_mib=16.9 mutable_mib=304.0 max_job_mib=34.2 oldest_ms=147.91 pack_ms=9.67 solve_ms=38.76
v5_device jobs=55 rows=11190 cells=463617 direct=true graph_reused=false upload_ms=7.46 capture_ms=3.46 queue_ms=26.34 gpu_ms=0.02 unpack_ms=2.73 total_ms=40.00
v5_service device=1 lane=1 class=0 jobs=55 rows=11190 cells=463617 reach=282179 reverse=463617 table_mib=18.1 mutable_mib=380.0 max_job_mib=9.3 oldest_ms=79.45 pack_ms=11.96 solve_ms=40.06
v5_device jobs=54 rows=13110 cells=622804 direct=true graph_reused=false upload_ms=21.54 capture_ms=3.63 queue_ms=34.80 gpu_ms=0.01 unpack_ms=2.94 total_ms=62.93
v5_service device=1 lane=0 class=0 jobs=54 rows=13110 cells=622804 reach=377781 reverse=622804 table_mib=23.5 mutable_mib=396.0 max_job_mib=9.8 oldest_ms=76.97 pack_ms=10.15 solve_ms=62.98
v5_device jobs=10 rows=4781 cells=357957 direct=true graph_reused=false upload_ms=4.54 capture_ms=4.51 queue_ms=22.96 gpu_ms=0.01 unpack_ms=1.61 total_ms=33.64
v5_service device=1 lane=1 class=1 jobs=10 rows=4781 cells=357957 reach=223138 reverse=357957 table_mib=12.1 mutable_mib=176.0 max_job_mib=38.6 oldest_ms=141.81 pack_ms=6.77 solve_ms=33.68
v5_device jobs=16 rows=8683 cells=444624 direct=true graph_reused=false upload_ms=6.47 capture_ms=4.06 queue_ms=23.79 gpu_ms=0.01 unpack_ms=2.11 total_ms=36.44
v5_service device=1 lane=0 class=1 jobs=16 rows=8683 cells=444624 reach=279407 reverse=444624 table_mib=16.3 mutable_mib=288.0 max_job_mib=36.8 oldest_ms=158.92 pack_ms=9.55 solve_ms=36.50
v5_device jobs=46 rows=9746 cells=385771 direct=true graph_reused=false upload_ms=5.08 capture_ms=3.21 queue_ms=36.71 gpu_ms=0.01 unpack_ms=1.91 total_ms=46.92
v5_service device=0 lane=1 class=0 jobs=46 rows=9746 cells=385771 reach=242992 reverse=385771 table_mib=15.2 mutable_mib=316.0 max_job_mib=9.4 oldest_ms=78.66 pack_ms=7.17 solve_ms=46.98
v5_device jobs=51 rows=11611 cells=452735 direct=true graph_reused=false upload_ms=8.53 capture_ms=4.30 queue_ms=39.27 gpu_ms=0.02 unpack_ms=3.11 total_ms=55.25
v5_service device=0 lane=0 class=0 jobs=51 rows=11611 cells=452735 reach=287193 reverse=452735 table_mib=18.3 mutable_mib=384.0 max_job_mib=9.3 oldest_ms=80.74 pack_ms=9.72 solve_ms=55.30
v5_device jobs=7 rows=3379 cells=167446 direct=true graph_reused=false upload_ms=2.32 capture_ms=4.51 queue_ms=14.16 gpu_ms=0.01 unpack_ms=0.78 total_ms=21.78
v5_service device=0 lane=0 class=1 jobs=7 rows=3379 cells=167446 reach=115063 reverse=167446 table_mib=6.1 mutable_mib=128.0 max_job_mib=34.9 oldest_ms=153.25 pack_ms=3.27 solve_ms=21.84
v5_device jobs=10 rows=3902 cells=247752 direct=true graph_reused=false upload_ms=3.11 capture_ms=3.72 queue_ms=23.95 gpu_ms=0.02 unpack_ms=1.11 total_ms=31.91
v5_service device=0 lane=1 class=1 jobs=10 rows=3902 cells=247752 reach=161011 reverse=247752 table_mib=8.7 mutable_mib=160.0 max_job_mib=18.2 oldest_ms=138.09 pack_ms=4.45 solve_ms=31.96
v5_device jobs=1 rows=1920 cells=77680 direct=true graph_reused=false upload_ms=1.18 capture_ms=4.10 queue_ms=9.26 gpu_ms=0.01 unpack_ms=0.48 total_ms=15.03
v5_service device=0 lane=1 class=2 jobs=1 rows=1920 cells=77680 reach=64268 reverse=77680 table_mib=3.3 mutable_mib=64.0 max_job_mib=69.7 oldest_ms=137.68 pack_ms=1.82 solve_ms=15.08
v5_device jobs=56 rows=12381 cells=589029 direct=true graph_reused=false upload_ms=11.58 capture_ms=3.59 queue_ms=30.23 gpu_ms=0.01 unpack_ms=2.83 total_ms=48.24
v5_service device=1 lane=1 class=0 jobs=56 rows=12381 cells=589029 reach=352748 reverse=589029 table_mib=22.1 mutable_mib=404.0 max_job_mib=9.6 oldest_ms=78.56 pack_ms=14.32 solve_ms=48.29
v5_device jobs=11 rows=5280 cells=335258 direct=true graph_reused=false upload_ms=4.57 capture_ms=4.58 queue_ms=18.25 gpu_ms=0.01 unpack_ms=1.51 total_ms=28.92
v5_service device=1 lane=1 class=1 jobs=11 rows=5280 cells=335258 reach=204627 reverse=335258 table_mib=11.8 mutable_mib=208.0 max_job_mib=35.6 oldest_ms=145.51 pack_ms=6.55 solve_ms=28.97
v5_device jobs=45 rows=9316 cells=361479 direct=true graph_reused=false upload_ms=5.10 capture_ms=3.57 queue_ms=37.41 gpu_ms=0.01 unpack_ms=2.02 total_ms=48.10
v5_service device=1 lane=0 class=0 jobs=45 rows=9316 cells=361479 reach=232668 reverse=361479 table_mib=14.5 mutable_mib=284.0 max_job_mib=9.3 oldest_ms=78.33 pack_ms=7.52 solve_ms=48.15
v5_device jobs=1 rows=2225 cells=28910 direct=true graph_reused=false upload_ms=0.77 capture_ms=4.33 queue_ms=6.36 gpu_ms=0.01 unpack_ms=0.20 total_ms=11.66
v5_service device=1 lane=1 class=2 jobs=1 rows=2225 cells=28910 reach=25865 reverse=28910 table_mib=1.9 mutable_mib=64.0 max_job_mib=67.5 oldest_ms=163.50 pack_ms=1.08 solve_ms=11.71
v5_device jobs=11 rows=4401 cells=269705 direct=true graph_reused=false upload_ms=3.45 capture_ms=3.49 queue_ms=14.56 gpu_ms=0.02 unpack_ms=1.17 total_ms=22.70
v5_service device=1 lane=0 class=1 jobs=11 rows=4401 cells=269705 reach=164991 reverse=269705 table_mib=9.5 mutable_mib=176.0 max_job_mib=18.4 oldest_ms=137.61 pack_ms=5.12 solve_ms=22.75
v5_device jobs=47 rows=10573 cells=502127 direct=true graph_reused=false upload_ms=7.68 capture_ms=4.69 queue_ms=33.67 gpu_ms=0.01 unpack_ms=2.36 total_ms=48.42
v5_service device=0 lane=1 class=0 jobs=47 rows=10573 cells=502127 reach=309298 reverse=502127 table_mib=18.9 mutable_mib=328.0 max_job_mib=9.6 oldest_ms=79.16 pack_ms=10.14 solve_ms=48.47
v5_device jobs=48 rows=10664 cells=588026 direct=true graph_reused=false upload_ms=9.66 capture_ms=3.37 queue_ms=49.81 gpu_ms=0.01 unpack_ms=3.20 total_ms=66.04
v5_service device=0 lane=0 class=0 jobs=48 rows=10664 cells=588026 reach=346441 reverse=588026 table_mib=21.6 mutable_mib=360.0 max_job_mib=9.4 oldest_ms=80.81 pack_ms=11.12 solve_ms=66.09
v5_device jobs=12 rows=4617 cells=266660 direct=true graph_reused=false upload_ms=4.11 capture_ms=4.10 queue_ms=23.62 gpu_ms=0.01 unpack_ms=1.20 total_ms=33.04
v5_service device=0 lane=0 class=1 jobs=12 rows=4617 cells=266660 reach=164417 reverse=266660 table_mib=9.5 mutable_mib=192.0 max_job_mib=18.1 oldest_ms=164.32 pack_ms=6.42 solve_ms=33.10
v5_device jobs=13 rows=5255 cells=344136 direct=true graph_reused=false upload_ms=5.25 capture_ms=4.01 queue_ms=24.67 gpu_ms=0.01 unpack_ms=1.59 total_ms=35.53
v5_service device=0 lane=1 class=1 jobs=13 rows=5255 cells=344136 reach=218411 reverse=344136 table_mib=12.0 mutable_mib=208.0 max_job_mib=18.6 oldest_ms=142.27 pack_ms=6.90 solve_ms=35.61
v5_device jobs=42 rows=9257 cells=618068 direct=true graph_reused=false upload_ms=10.60 capture_ms=3.46 queue_ms=30.74 gpu_ms=0.01 unpack_ms=2.81 total_ms=47.62
v5_service device=1 lane=1 class=0 jobs=42 rows=9257 cells=618068 reach=339218 reverse=618068 table_mib=21.5 mutable_mib=292.0 max_job_mib=10.3 oldest_ms=79.11 pack_ms=14.37 solve_ms=47.68
v5_device jobs=49 rows=11191 cells=520213 direct=true graph_reused=false upload_ms=7.77 capture_ms=4.81 queue_ms=30.63 gpu_ms=0.01 unpack_ms=3.05 total_ms=46.28
v5_service device=1 lane=0 class=0 jobs=49 rows=11191 cells=520213 reach=316002 reverse=520213 table_mib=19.6 mutable_mib=344.0 max_job_mib=9.4 oldest_ms=79.49 pack_ms=10.60 solve_ms=46.34
v5_device jobs=11 rows=4442 cells=299575 direct=true graph_reused=false upload_ms=4.61 capture_ms=3.45 queue_ms=15.69 gpu_ms=0.01 unpack_ms=1.35 total_ms=25.11
v5_service device=1 lane=1 class=1 jobs=11 rows=4442 cells=299575 reach=192903 reverse=299575 table_mib=10.4 mutable_mib=176.0 max_job_mib=18.4 oldest_ms=137.89 pack_ms=5.75 solve_ms=25.17
v5_device jobs=10 rows=4255 cells=199784 direct=true graph_reused=false upload_ms=2.80 capture_ms=3.56 queue_ms=12.43 gpu_ms=0.01 unpack_ms=1.01 total_ms=19.82
v5_service device=1 lane=0 class=1 jobs=10 rows=4255 cells=199784 reach=138799 reverse=199784 table_mib=7.6 mutable_mib=160.0 max_job_mib=17.6 oldest_ms=139.11 pack_ms=3.98 solve_ms=19.88
v5_device jobs=28 rows=6655 cells=451795 direct=true graph_reused=false upload_ms=5.76 capture_ms=3.42 queue_ms=35.76 gpu_ms=0.01 unpack_ms=1.85 total_ms=46.80
v5_service device=0 lane=1 class=0 jobs=28 rows=6655 cells=451795 reach=265477 reverse=451795 table_mib=15.7 mutable_mib=212.0 max_job_mib=9.6 oldest_ms=80.47 pack_ms=7.50 solve_ms=46.85
v5_device jobs=44 rows=9789 cells=462350 direct=true graph_reused=false upload_ms=8.11 capture_ms=4.06 queue_ms=34.52 gpu_ms=0.01 unpack_ms=2.80 total_ms=49.50
v5_service device=0 lane=0 class=0 jobs=44 rows=9789 cells=462350 reach=278469 reverse=462350 table_mib=17.6 mutable_mib=320.0 max_job_mib=9.5 oldest_ms=78.42 pack_ms=10.00 solve_ms=49.55
v5_device jobs=6 rows=2634 cells=153116 direct=true graph_reused=false upload_ms=2.11 capture_ms=3.36 queue_ms=32.97 gpu_ms=0.01 unpack_ms=0.70 total_ms=39.15
v5_service device=0 lane=0 class=1 jobs=6 rows=2634 cells=153116 reach=95191 reverse=153116 table_mib=5.4 mutable_mib=96.0 max_job_mib=18.1 oldest_ms=129.37 pack_ms=3.17 solve_ms=39.21
v5_device jobs=17 rows=8373 cells=407420 direct=true graph_reused=false upload_ms=7.79 capture_ms=4.74 queue_ms=24.65 gpu_ms=0.01 unpack_ms=1.95 total_ms=39.14
v5_service device=0 lane=1 class=1 jobs=17 rows=8373 cells=407420 reach=275419 reverse=407420 table_mib=15.4 mutable_mib=288.0 max_job_mib=33.5 oldest_ms=140.13 pack_ms=9.25 solve_ms=39.19
v5_device jobs=46 rows=10256 cells=564276 direct=true graph_reused=false upload_ms=11.12 capture_ms=3.55 queue_ms=33.20 gpu_ms=0.01 unpack_ms=3.16 total_ms=51.04
v5_service device=1 lane=1 class=0 jobs=46 rows=10256 cells=564276 reach=324190 reverse=564276 table_mib=20.5 mutable_mib=332.0 max_job_mib=9.3 oldest_ms=78.77 pack_ms=12.06 solve_ms=51.09
v5_device jobs=57 rows=12644 cells=627496 direct=true graph_reused=false upload_ms=10.42 capture_ms=4.50 queue_ms=36.83 gpu_ms=0.01 unpack_ms=3.64 total_ms=55.41
v5_service device=1 lane=0 class=0 jobs=57 rows=12644 cells=627496 reach=373243 reverse=627496 table_mib=23.4 mutable_mib=396.0 max_job_mib=9.7 oldest_ms=81.47 pack_ms=13.53 solve_ms=55.47
v5_device jobs=8 rows=4121 cells=195714 direct=true graph_reused=false upload_ms=2.89 capture_ms=3.51 queue_ms=12.24 gpu_ms=0.01 unpack_ms=0.90 total_ms=19.54
v5_service device=1 lane=1 class=1 jobs=8 rows=4121 cells=195714 reach=114233 reverse=195714 table_mib=7.1 mutable_mib=144.0 max_job_mib=36.0 oldest_ms=147.35 pack_ms=3.94 solve_ms=19.59
v5_device jobs=8 rows=3289 cells=254477 direct=true graph_reused=false upload_ms=3.15 capture_ms=3.46 queue_ms=12.19 gpu_ms=0.02 unpack_ms=1.02 total_ms=19.84
v5_service device=1 lane=0 class=1 jobs=8 rows=3289 cells=254477 reach=151856 reverse=254477 table_mib=8.5 mutable_mib=128.0 max_job_mib=18.3 oldest_ms=156.67 pack_ms=4.60 solve_ms=19.91
v5_device jobs=37 rows=7944 cells=472184 direct=true graph_reused=false upload_ms=5.67 capture_ms=3.17 queue_ms=33.00 gpu_ms=0.01 unpack_ms=2.25 total_ms=44.11
v5_service device=0 lane=0 class=0 jobs=37 rows=7944 cells=472184 reach=269340 reverse=472184 table_mib=16.9 mutable_mib=268.0 max_job_mib=9.3 oldest_ms=79.09 pack_ms=8.13 solve_ms=44.16
v5_device jobs=37 rows=8467 cells=388869 direct=true graph_reused=false upload_ms=4.79 capture_ms=4.10 queue_ms=30.73 gpu_ms=0.01 unpack_ms=2.13 total_ms=41.76
v5_service device=0 lane=1 class=0 jobs=37 rows=8467 cells=388869 reach=231096 reverse=388869 table_mib=14.8 mutable_mib=264.0 max_job_mib=9.4 oldest_ms=80.26 pack_ms=6.81 solve_ms=41.81
v5_device jobs=5 rows=1995 cells=106433 direct=true graph_reused=false upload_ms=1.29 capture_ms=4.21 queue_ms=16.28 gpu_ms=0.01 unpack_ms=0.59 total_ms=22.38
v5_service device=0 lane=0 class=1 jobs=5 rows=1995 cells=106433 reach=67748 reverse=106433 table_mib=3.9 mutable_mib=80.0 max_job_mib=17.5 oldest_ms=127.44 pack_ms=2.27 solve_ms=22.44
v5_device jobs=7 rows=2801 cells=150840 direct=true graph_reused=false upload_ms=1.91 capture_ms=4.36 queue_ms=13.93 gpu_ms=0.01 unpack_ms=0.80 total_ms=21.02
v5_service device=0 lane=1 class=1 jobs=7 rows=2801 cells=150840 reach=101015 reverse=150840 table_mib=5.6 mutable_mib=112.0 max_job_mib=18.2 oldest_ms=133.14 pack_ms=3.13 solve_ms=21.07
v5_device jobs=49 rows=10440 cells=498482 direct=true graph_reused=false upload_ms=9.20 capture_ms=3.65 queue_ms=27.38 gpu_ms=0.01 unpack_ms=2.86 total_ms=43.10
v5_service device=1 lane=1 class=0 jobs=49 rows=10440 cells=498482 reach=300638 reverse=498482 table_mib=19.0 mutable_mib=336.0 max_job_mib=9.6 oldest_ms=78.99 pack_ms=9.18 solve_ms=43.16
v5_device jobs=60 rows=13458 cells=636709 direct=true graph_reused=false upload_ms=11.29 capture_ms=4.06 queue_ms=33.86 gpu_ms=0.01 unpack_ms=3.01 total_ms=52.24
v5_service device=1 lane=0 class=0 jobs=60 rows=13458 cells=636709 reach=377078 reverse=636709 table_mib=23.8 mutable_mib=412.0 max_job_mib=9.5 oldest_ms=82.26 pack_ms=12.75 solve_ms=52.29
v5_device jobs=9 rows=4850 cells=184345 direct=true graph_reused=false upload_ms=2.88 capture_ms=4.66 queue_ms=20.63 gpu_ms=0.01 unpack_ms=1.13 total_ms=29.31
v5_service device=1 lane=1 class=1 jobs=9 rows=4850 cells=184345 reach=119874 reverse=184345 table_mib=7.4 mutable_mib=160.0 max_job_mib=33.4 oldest_ms=136.77 pack_ms=4.07 solve_ms=29.35
v5_device jobs=1 rows=1716 cells=110290 direct=true graph_reused=false upload_ms=1.27 capture_ms=3.78 queue_ms=8.35 gpu_ms=0.01 unpack_ms=0.29 total_ms=13.70
v5_service device=1 lane=1 class=2 jobs=1 rows=1716 cells=110290 reach=74665 reverse=110290 table_mib=3.7 mutable_mib=64.0 max_job_mib=69.3 oldest_ms=139.53 pack_ms=2.25 solve_ms=13.75
v5_device jobs=2 rows=647 cells=77682 direct=true graph_reused=false upload_ms=0.73 capture_ms=5.30 queue_ms=5.79 gpu_ms=0.01 unpack_ms=0.24 total_ms=12.07
v5_service device=1 lane=0 class=1 jobs=2 rows=647 cells=77682 reach=41540 reverse=77682 table_mib=2.4 mutable_mib=32.0 max_job_mib=17.8 oldest_ms=100.58 pack_ms=1.15 solve_ms=12.12
v5_device jobs=49 rows=9835 cells=381680 direct=true graph_reused=false upload_ms=5.94 capture_ms=4.32 queue_ms=38.70 gpu_ms=0.01 unpack_ms=2.33 total_ms=51.30
v5_service device=0 lane=0 class=0 jobs=49 rows=9835 cells=381680 reach=234351 reverse=381680 table_mib=15.4 mutable_mib=332.0 max_job_mib=9.2 oldest_ms=80.82 pack_ms=9.36 solve_ms=51.35
v5_device jobs=56 rows=11707 cells=537612 direct=true graph_reused=false upload_ms=8.82 capture_ms=3.91 queue_ms=39.95 gpu_ms=0.01 unpack_ms=2.99 total_ms=55.68
v5_service device=0 lane=1 class=0 jobs=56 rows=11707 cells=537612 reach=320012 reverse=537612 table_mib=20.4 mutable_mib=370.0 max_job_mib=9.8 oldest_ms=78.01 pack_ms=10.03 solve_ms=55.73
v5_device jobs=2 rows=771 cells=46515 direct=true graph_reused=false upload_ms=0.63 capture_ms=4.70 queue_ms=4.45 gpu_ms=0.01 unpack_ms=0.26 total_ms=10.05
v5_service device=0 lane=0 class=1 jobs=2 rows=771 cells=46515 reach=27178 reverse=46515 table_mib=1.6 mutable_mib=32.0 max_job_mib=17.4 oldest_ms=145.84 pack_ms=0.96 solve_ms=10.11
v5_device jobs=10 rows=4536 cells=302193 direct=true graph_reused=false upload_ms=4.18 capture_ms=3.49 queue_ms=17.18 gpu_ms=0.01 unpack_ms=1.25 total_ms=26.12
v5_service device=0 lane=1 class=1 jobs=10 rows=4536 cells=302193 reach=179291 reverse=302193 table_mib=10.5 mutable_mib=160.0 max_job_mib=18.7 oldest_ms=133.11 pack_ms=6.82 solve_ms=26.17
v5_device jobs=1 rows=1575 cells=8369 direct=true graph_reused=false upload_ms=0.32 capture_ms=3.81 queue_ms=4.84 gpu_ms=0.01 unpack_ms=0.11 total_ms=9.09
v5_service device=0 lane=1 class=2 jobs=1 rows=1575 cells=8369 reach=8007 reverse=8369 table_mib=0.9 mutable_mib=64.0 max_job_mib=65.7 oldest_ms=121.98 pack_ms=0.57 solve_ms=9.14
v5_device jobs=57 rows=12590 cells=627807 direct=true graph_reused=false upload_ms=11.84 capture_ms=3.68 queue_ms=45.75 gpu_ms=0.01 unpack_ms=2.86 total_ms=64.13
v5_service device=1 lane=1 class=0 jobs=57 rows=12590 cells=627807 reach=378216 reverse=627807 table_mib=23.7 mutable_mib=396.0 max_job_mib=9.5 oldest_ms=81.37 pack_ms=14.11 solve_ms=64.19
v5_device jobs=67 rows=13360 cells=533424 direct=true graph_reused=false upload_ms=19.82 capture_ms=4.67 queue_ms=42.68 gpu_ms=0.01 unpack_ms=3.00 total_ms=70.17
v5_service device=1 lane=0 class=0 jobs=67 rows=13360 cells=533424 reach=332497 reverse=533424 table_mib=21.0 mutable_mib=434.0 max_job_mib=9.4 oldest_ms=79.31 pack_ms=12.01 solve_ms=70.21
v5_device jobs=10 rows=4550 cells=268632 direct=true graph_reused=false upload_ms=4.54 capture_ms=3.44 queue_ms=19.27 gpu_ms=0.01 unpack_ms=1.15 total_ms=28.41
v5_service device=1 lane=1 class=1 jobs=10 rows=4550 cells=268632 reach=172198 reverse=268632 table_mib=9.6 mutable_mib=160.0 max_job_mib=18.7 oldest_ms=164.48 pack_ms=4.63 solve_ms=28.47
v5_device jobs=11 rows=5680 cells=284364 direct=true graph_reused=false upload_ms=4.35 capture_ms=4.79 queue_ms=19.91 gpu_ms=0.01 unpack_ms=1.48 total_ms=30.54
v5_service device=1 lane=0 class=1 jobs=11 rows=5680 cells=284364 reach=180595 reverse=284364 table_mib=10.5 mutable_mib=192.0 max_job_mib=34.0 oldest_ms=164.60 pack_ms=6.65 solve_ms=30.59
v5_device jobs=35 rows=7438 cells=375690 direct=true graph_reused=false upload_ms=5.69 capture_ms=3.88 queue_ms=22.08 gpu_ms=0.01 unpack_ms=2.20 total_ms=33.86
v5_service device=0 lane=0 class=0 jobs=35 rows=7438 cells=375690 reach=219853 reverse=375690 table_mib=14.0 mutable_mib=260.0 max_job_mib=9.4 oldest_ms=81.47 pack_ms=10.37 solve_ms=33.92
v5_device jobs=1 rows=1656 cells=171010 direct=true graph_reused=false upload_ms=1.80 capture_ms=4.09 queue_ms=7.79 gpu_ms=0.01 unpack_ms=0.34 total_ms=14.02
v5_service device=1 lane=0 class=2 jobs=1 rows=1656 cells=171010 reach=93803 reverse=171010 table_mib=5.2 mutable_mib=64.0 max_job_mib=71.4 oldest_ms=131.15 pack_ms=3.01 solve_ms=14.07
v5_device jobs=2 rows=1164 cells=78206 direct=true graph_reused=false upload_ms=1.11 capture_ms=4.58 queue_ms=21.11 gpu_ms=0.01 unpack_ms=0.36 total_ms=27.17
v5_service device=0 lane=0 class=1 jobs=2 rows=1164 cells=78206 reach=54969 reverse=78206 table_mib=2.7 mutable_mib=48.0 max_job_mib=34.8 oldest_ms=119.69 pack_ms=1.87 solve_ms=27.23
v5_device jobs=43 rows=8440 cells=396473 direct=true graph_reused=false upload_ms=6.42 capture_ms=4.00 queue_ms=25.01 gpu_ms=0.01 unpack_ms=2.01 total_ms=37.45
v5_service device=0 lane=1 class=0 jobs=43 rows=8440 cells=396473 reach=234999 reverse=396473 table_mib=15.0 mutable_mib=284.0 max_job_mib=9.3 oldest_ms=78.28 pack_ms=8.86 solve_ms=37.50
v5_device jobs=11 rows=5167 cells=257388 direct=true graph_reused=false upload_ms=3.82 capture_ms=3.55 queue_ms=16.55 gpu_ms=0.01 unpack_ms=1.35 total_ms=25.28
v5_service device=0 lane=1 class=1 jobs=11 rows=5167 cells=257388 reach=166163 reverse=257388 table_mib=9.7 mutable_mib=208.0 max_job_mib=34.5 oldest_ms=130.29 pack_ms=5.38 solve_ms=25.34
v5_device jobs=41 rows=8986 cells=380467 direct=true graph_reused=false upload_ms=5.29 capture_ms=3.44 queue_ms=23.17 gpu_ms=0.01 unpack_ms=2.31 total_ms=34.21
v5_service device=1 lane=1 class=0 jobs=41 rows=8986 cells=380467 reach=233572 reverse=380467 table_mib=15.1 mutable_mib=288.0 max_job_mib=9.2 oldest_ms=78.89 pack_ms=7.09 solve_ms=34.27
v5_device jobs=5 rows=2039 cells=45559 direct=true graph_reused=false upload_ms=0.81 capture_ms=5.38 queue_ms=16.12 gpu_ms=0.01 unpack_ms=0.40 total_ms=22.71
v5_service device=1 lane=1 class=1 jobs=5 rows=2039 cells=45559 reach=33777 reverse=45559 table_mib=2.2 mutable_mib=80.0 max_job_mib=17.0 oldest_ms=123.75 pack_ms=1.09 solve_ms=22.77
v5_device jobs=31 rows=8012 cells=442761 direct=true graph_reused=false upload_ms=6.17 capture_ms=3.64 queue_ms=25.87 gpu_ms=0.01 unpack_ms=2.18 total_ms=37.86
v5_service device=1 lane=0 class=0 jobs=31 rows=8012 cells=442761 reach=267687 reverse=442761 table_mib=16.2 mutable_mib=244.0 max_job_mib=9.4 oldest_ms=80.76 pack_ms=8.75 solve_ms=37.92
v5_device jobs=41 rows=8779 cells=419681 direct=true graph_reused=false upload_ms=6.24 capture_ms=4.08 queue_ms=24.95 gpu_ms=0.02 unpack_ms=2.48 total_ms=37.77
v5_service device=0 lane=0 class=0 jobs=41 rows=8779 cells=419681 reach=253491 reverse=419681 table_mib=16.0 mutable_mib=288.0 max_job_mib=9.4 oldest_ms=78.52 pack_ms=10.39 solve_ms=37.84
v5_device jobs=12 rows=5069 cells=315383 direct=true graph_reused=false upload_ms=4.31 capture_ms=3.54 queue_ms=16.72 gpu_ms=0.01 unpack_ms=1.43 total_ms=26.01
v5_service device=1 lane=0 class=1 jobs=12 rows=5069 cells=315383 reach=200530 reverse=315383 table_mib=11.2 mutable_mib=192.0 max_job_mib=18.2 oldest_ms=123.30 pack_ms=6.11 solve_ms=26.08
v5_device jobs=9 rows=3829 cells=328905 direct=true graph_reused=false upload_ms=3.63 capture_ms=3.45 queue_ms=16.15 gpu_ms=0.01 unpack_ms=1.30 total_ms=24.54
v5_service device=0 lane=1 class=1 jobs=9 rows=3829 cells=328905 reach=198921 reverse=328905 table_mib=10.9 mutable_mib=144.0 max_job_mib=18.9 oldest_ms=79.41 pack_ms=5.72 solve_ms=24.60
v5_device jobs=20 rows=9509 cells=498599 direct=true graph_reused=false upload_ms=9.68 capture_ms=4.04 queue_ms=27.68 gpu_ms=0.01 unpack_ms=2.78 total_ms=44.19
v5_service device=0 lane=0 class=1 jobs=20 rows=9509 cells=498599 reach=321052 reverse=498599 table_mib=18.3 mutable_mib=336.0 max_job_mib=33.8 oldest_ms=132.18 pack_ms=12.06 solve_ms=44.25
v5_device jobs=16 rows=7673 cells=387613 direct=true graph_reused=false upload_ms=5.60 capture_ms=3.69 queue_ms=21.80 gpu_ms=0.01 unpack_ms=1.79 total_ms=32.89
v5_service device=1 lane=1 class=1 jobs=16 rows=7673 cells=387613 reach=265192 reverse=387613 table_mib=14.4 mutable_mib=288.0 max_job_mib=35.1 oldest_ms=78.77 pack_ms=6.85 solve_ms=32.95
v5_device jobs=73 rows=15541 cells=638505 direct=true graph_reused=false upload_ms=11.11 capture_ms=3.24 queue_ms=36.51 gpu_ms=0.02 unpack_ms=4.27 total_ms=55.14
v5_service device=0 lane=1 class=0 jobs=73 rows=15541 cells=638505 reach=390856 reverse=638505 table_mib=24.9 mutable_mib=500.0 max_job_mib=9.7 oldest_ms=120.56 pack_ms=14.12 solve_ms=55.19
v5_device jobs=12 rows=5568 cells=321290 direct=true graph_reused=false upload_ms=4.71 capture_ms=3.69 queue_ms=22.49 gpu_ms=0.02 unpack_ms=1.48 total_ms=32.38
v5_service device=1 lane=0 class=1 jobs=12 rows=5568 cells=321290 reach=215209 reverse=321290 table_mib=11.6 mutable_mib=224.0 max_job_mib=34.2 oldest_ms=77.86 pack_ms=5.71 solve_ms=32.43
v5_device jobs=37 rows=8349 cells=381447 direct=true graph_reused=false upload_ms=7.53 capture_ms=5.57 queue_ms=23.48 gpu_ms=0.04 unpack_ms=2.28 total_ms=38.90
v5_service device=1 lane=1 class=0 jobs=37 rows=8349 cells=381447 reach=234784 reverse=381447 table_mib=14.6 mutable_mib=268.0 max_job_mib=9.2 oldest_ms=122.98 pack_ms=8.86 solve_ms=38.95
v5_device jobs=58 rows=11706 cells=566886 direct=true graph_reused=false upload_ms=10.32 capture_ms=3.50 queue_ms=28.81 gpu_ms=0.01 unpack_ms=2.87 total_ms=45.51
v5_service device=1 lane=0 class=0 jobs=58 rows=11706 cells=566886 reach=338065 reverse=566886 table_mib=21.4 mutable_mib=388.0 max_job_mib=9.4 oldest_ms=123.24 pack_ms=11.95 solve_ms=45.57
v5_device jobs=54 rows=11356 cells=618038 direct=true graph_reused=false upload_ms=10.60 capture_ms=3.28 queue_ms=30.68 gpu_ms=0.02 unpack_ms=3.56 total_ms=48.13
v5_service device=0 lane=0 class=0 jobs=54 rows=11356 cells=618038 reach=354142 reverse=618038 table_mib=22.8 mutable_mib=380.0 max_job_mib=9.4 oldest_ms=78.40 pack_ms=12.10 solve_ms=48.18
v5_device jobs=8 rows=3675 cells=121555 direct=true graph_reused=false upload_ms=1.68 capture_ms=4.29 queue_ms=20.58 gpu_ms=0.01 unpack_ms=0.64 total_ms=27.20
v5_service device=0 lane=0 class=1 jobs=8 rows=3675 cells=121555 reach=81936 reverse=121555 table_mib=4.9 mutable_mib=144.0 max_job_mib=33.1 oldest_ms=136.08 pack_ms=2.43 solve_ms=27.26
v5_device jobs=43 rows=9062 cells=494631 direct=true graph_reused=false upload_ms=8.80 capture_ms=4.13 queue_ms=28.99 gpu_ms=0.01 unpack_ms=2.40 total_ms=44.34
v5_service device=0 lane=1 class=0 jobs=43 rows=9062 cells=494631 reach=288549 reverse=494631 table_mib=18.0 mutable_mib=300.0 max_job_mib=9.3 oldest_ms=79.18 pack_ms=9.61 solve_ms=44.39
v5_device jobs=5 rows=2086 cells=111833 direct=true graph_reused=false upload_ms=1.36 capture_ms=4.29 queue_ms=8.83 gpu_ms=0.01 unpack_ms=0.55 total_ms=15.04
v5_service device=0 lane=1 class=1 jobs=5 rows=2086 cells=111833 reach=69602 reverse=111833 table_mib=4.1 mutable_mib=80.0 max_job_mib=18.3 oldest_ms=133.44 pack_ms=2.08 solve_ms=15.09
v5_device jobs=2 rows=3492 cells=77582 direct=true graph_reused=false upload_ms=0.89 capture_ms=3.52 queue_ms=7.61 gpu_ms=0.01 unpack_ms=0.35 total_ms=12.38
v5_service device=0 lane=1 class=2 jobs=2 rows=3492 cells=77582 reach=57208 reverse=77582 table_mib=3.4 mutable_mib=128.0 max_job_mib=67.2 oldest_ms=147.20 pack_ms=1.71 solve_ms=12.42
v5_device jobs=49 rows=11678 cells=624365 direct=true graph_reused=false upload_ms=12.48 capture_ms=3.61 queue_ms=29.61 gpu_ms=0.01 unpack_ms=2.80 total_ms=48.52
v5_service device=1 lane=1 class=0 jobs=49 rows=11678 cells=624365 reach=369733 reverse=624365 table_mib=22.8 mutable_mib=360.0 max_job_mib=9.7 oldest_ms=80.34 pack_ms=12.17 solve_ms=48.57
v5_device jobs=8 rows=2968 cells=182676 direct=true graph_reused=false upload_ms=2.29 capture_ms=4.48 queue_ms=22.20 gpu_ms=0.01 unpack_ms=0.89 total_ms=29.87
v5_service device=1 lane=1 class=1 jobs=8 rows=2968 cells=182676 reach=112037 reverse=182676 table_mib=6.5 mutable_mib=128.0 max_job_mib=17.7 oldest_ms=139.14 pack_ms=3.68 solve_ms=29.93
v5_device jobs=39 rows=8598 cells=504427 direct=true graph_reused=false upload_ms=7.76 capture_ms=3.63 queue_ms=27.86 gpu_ms=0.01 unpack_ms=2.20 total_ms=41.47
v5_service device=1 lane=0 class=0 jobs=39 rows=8598 cells=504427 reach=291568 reverse=504427 table_mib=17.9 mutable_mib=268.0 max_job_mib=9.3 oldest_ms=78.73 pack_ms=8.33 solve_ms=41.51
v5_device jobs=6 rows=2506 cells=150938 direct=true graph_reused=false upload_ms=1.98 capture_ms=3.59 queue_ms=11.46 gpu_ms=0.01 unpack_ms=0.72 total_ms=17.76
v5_service device=1 lane=0 class=1 jobs=6 rows=2506 cells=150938 reach=93469 reverse=150938 table_mib=5.5 mutable_mib=96.0 max_job_mib=17.9 oldest_ms=122.25 pack_ms=2.65 solve_ms=17.83
v5_device jobs=57 rows=11236 cells=491529 direct=true graph_reused=false upload_ms=8.48 capture_ms=3.42 queue_ms=28.40 gpu_ms=0.01 unpack_ms=2.74 total_ms=43.05
v5_service device=0 lane=0 class=0 jobs=57 rows=11236 cells=491529 reach=296783 reverse=491529 table_mib=19.0 mutable_mib=388.0 max_job_mib=9.1 oldest_ms=77.52 pack_ms=9.83 solve_ms=43.11
v5_device jobs=4 rows=1610 cells=58668 direct=true graph_reused=false upload_ms=0.93 capture_ms=4.84 queue_ms=24.02 gpu_ms=0.01 unpack_ms=0.42 total_ms=30.22
v5_service device=0 lane=0 class=1 jobs=4 rows=1610 cells=58668 reach=39639 reverse=58668 table_mib=2.5 mutable_mib=64.0 max_job_mib=17.2 oldest_ms=118.40 pack_ms=1.39 solve_ms=30.26
v5_device jobs=44 rows=10351 cells=483172 direct=true graph_reused=false upload_ms=8.39 capture_ms=3.92 queue_ms=29.80 gpu_ms=0.01 unpack_ms=2.38 total_ms=44.49
v5_service device=0 lane=1 class=0 jobs=44 rows=10351 cells=483172 reach=292374 reverse=483172 table_mib=18.2 mutable_mib=324.0 max_job_mib=10.3 oldest_ms=77.58 pack_ms=9.60 solve_ms=44.55
v5_device jobs=44 rows=9739 cells=505850 direct=true graph_reused=false upload_ms=9.61 capture_ms=3.60 queue_ms=25.39 gpu_ms=0.02 unpack_ms=2.70 total_ms=41.32
v5_service device=1 lane=1 class=0 jobs=44 rows=9739 cells=505850 reach=304722 reverse=505850 table_mib=18.9 mutable_mib=324.0 max_job_mib=9.6 oldest_ms=78.60 pack_ms=9.86 solve_ms=41.38
v5_device jobs=15 rows=6513 cells=280663 direct=true graph_reused=false upload_ms=4.12 capture_ms=3.46 queue_ms=20.83 gpu_ms=0.01 unpack_ms=1.60 total_ms=30.02
v5_service device=0 lane=1 class=1 jobs=15 rows=6513 cells=280663 reach=183530 reverse=280663 table_mib=11.0 mutable_mib=256.0 max_job_mib=32.9 oldest_ms=136.53 pack_ms=6.60 solve_ms=30.15
v5_device jobs=51 rows=10292 cells=472485 direct=true graph_reused=false upload_ms=6.76 capture_ms=3.53 queue_ms=27.20 gpu_ms=0.02 unpack_ms=2.66 total_ms=40.17
v5_service device=1 lane=0 class=0 jobs=51 rows=10292 cells=472485 reach=277137 reverse=472485 table_mib=18.1 mutable_mib=336.0 max_job_mib=9.4 oldest_ms=80.49 pack_ms=8.78 solve_ms=40.23
v5_device jobs=16 rows=7056 cells=364606 direct=true graph_reused=false upload_ms=6.25 capture_ms=3.52 queue_ms=21.26 gpu_ms=0.01 unpack_ms=2.07 total_ms=33.11
v5_service device=1 lane=1 class=1 jobs=16 rows=7056 cells=364606 reach=229548 reverse=364606 table_mib=13.4 mutable_mib=256.0 max_job_mib=18.2 oldest_ms=136.41 pack_ms=8.09 solve_ms=33.17
v5_device jobs=7 rows=2765 cells=217197 direct=true graph_reused=false upload_ms=2.68 capture_ms=4.53 queue_ms=13.03 gpu_ms=0.01 unpack_ms=0.98 total_ms=21.22
v5_service device=1 lane=0 class=1 jobs=7 rows=2765 cells=217197 reach=136268 reverse=217197 table_mib=7.5 mutable_mib=112.0 max_job_mib=18.8 oldest_ms=127.65 pack_ms=3.62 solve_ms=21.27
v5_device jobs=48 rows=10485 cells=575874 direct=true graph_reused=false upload_ms=9.81 capture_ms=3.73 queue_ms=28.05 gpu_ms=0.01 unpack_ms=2.77 total_ms=44.37
v5_service device=0 lane=0 class=0 jobs=48 rows=10485 cells=575874 reach=333328 reverse=575874 table_mib=21.1 mutable_mib=332.0 max_job_mib=9.7 oldest_ms=78.53 pack_ms=12.25 solve_ms=44.43
v5_device jobs=9 rows=3480 cells=178125 direct=true graph_reused=false upload_ms=2.40 capture_ms=4.91 queue_ms=22.25 gpu_ms=0.01 unpack_ms=0.85 total_ms=30.42
v5_service device=0 lane=0 class=1 jobs=9 rows=3480 cells=178125 reach=115008 reverse=178125 table_mib=6.5 mutable_mib=144.0 max_job_mib=17.5 oldest_ms=123.04 pack_ms=4.21 solve_ms=30.49
v5_device jobs=41 rows=8726 cells=403450 direct=true graph_reused=false upload_ms=7.30 capture_ms=3.68 queue_ms=27.04 gpu_ms=0.01 unpack_ms=2.04 total_ms=40.06
v5_service device=0 lane=1 class=0 jobs=41 rows=8726 cells=403450 reach=236234 reverse=403450 table_mib=15.3 mutable_mib=300.0 max_job_mib=9.3 oldest_ms=79.68 pack_ms=8.15 solve_ms=40.11
v5_device jobs=8 rows=3646 cells=186252 direct=true graph_reused=false upload_ms=2.48 capture_ms=4.82 queue_ms=12.43 gpu_ms=0.01 unpack_ms=0.89 total_ms=20.62
v5_service device=0 lane=1 class=1 jobs=8 rows=3646 cells=186252 reach=115530 reverse=186252 table_mib=6.8 mutable_mib=144.0 max_job_mib=33.0 oldest_ms=98.72 pack_ms=3.60 solve_ms=20.68
v5_device jobs=60 rows=12810 cells=663753 direct=true graph_reused=false upload_ms=11.56 capture_ms=3.77 queue_ms=44.61 gpu_ms=0.01 unpack_ms=3.09 total_ms=63.04
v5_service device=1 lane=1 class=0 jobs=60 rows=12810 cells=663753 reach=382588 reverse=663753 table_mib=24.4 mutable_mib=414.0 max_job_mib=9.6 oldest_ms=78.54 pack_ms=14.23 solve_ms=63.11
v5_device jobs=45 rows=9547 cells=531567 direct=true graph_reused=false upload_ms=8.64 capture_ms=4.31 queue_ms=42.86 gpu_ms=0.01 unpack_ms=2.41 total_ms=58.23
v5_service device=1 lane=0 class=0 jobs=45 rows=9547 cells=531567 reach=302160 reverse=531567 table_mib=19.3 mutable_mib=324.0 max_job_mib=9.5 oldest_ms=80.32 pack_ms=10.14 solve_ms=58.41
v5_device jobs=9 rows=3750 cells=182964 direct=true graph_reused=false upload_ms=2.49 capture_ms=3.95 queue_ms=24.33 gpu_ms=0.01 unpack_ms=0.83 total_ms=31.62
v5_service device=1 lane=0 class=1 jobs=9 rows=3750 cells=182964 reach=119997 reverse=182964 table_mib=6.8 mutable_mib=144.0 max_job_mib=18.0 oldest_ms=145.25 pack_ms=3.67 solve_ms=31.67
v5_device jobs=9 rows=4653 cells=290787 direct=true graph_reused=false upload_ms=4.42 capture_ms=4.50 queue_ms=17.90 gpu_ms=0.01 unpack_ms=1.32 total_ms=28.15
v5_service device=1 lane=1 class=1 jobs=9 rows=4653 cells=290787 reach=186477 reverse=290787 table_mib=10.2 mutable_mib=160.0 max_job_mib=34.9 oldest_ms=161.91 pack_ms=6.08 solve_ms=28.21
v5_device jobs=20 rows=9291 cells=616613 direct=true graph_reused=false upload_ms=9.62 capture_ms=3.82 queue_ms=28.55 gpu_ms=0.01 unpack_ms=2.79 total_ms=44.80
v5_service device=0 lane=0 class=1 jobs=20 rows=9291 cells=616613 reach=381637 reverse=616613 table_mib=21.4 mutable_mib=320.0 max_job_mib=18.8 oldest_ms=83.10 pack_ms=12.60 solve_ms=44.86
v5_device jobs=61 rows=13353 cells=598835 direct=true graph_reused=false upload_ms=10.90 capture_ms=3.49 queue_ms=33.60 gpu_ms=0.01 unpack_ms=3.29 total_ms=51.29
v5_service device=0 lane=1 class=0 jobs=61 rows=13353 cells=598835 reach=359385 reverse=598835 table_mib=22.9 mutable_mib=440.0 max_job_mib=9.5 oldest_ms=79.82 pack_ms=12.63 solve_ms=51.35
v5_device jobs=5 rows=2100 cells=96602 direct=true graph_reused=false upload_ms=1.23 capture_ms=5.44 queue_ms=11.59 gpu_ms=0.01 unpack_ms=0.47 total_ms=18.74
v5_service device=0 lane=1 class=1 jobs=5 rows=2100 cells=96602 reach=64682 reverse=96602 table_mib=3.6 mutable_mib=80.0 max_job_mib=17.7 oldest_ms=140.12 pack_ms=1.86 solve_ms=18.79
v5_device jobs=41 rows=8925 cells=498220 direct=true graph_reused=false upload_ms=8.15 capture_ms=3.95 queue_ms=32.18 gpu_ms=0.01 unpack_ms=2.80 total_ms=47.09
v5_service device=0 lane=0 class=0 jobs=41 rows=8925 cells=498220 reach=292122 reverse=498220 table_mib=18.1 mutable_mib=276.0 max_job_mib=9.4 oldest_ms=146.87 pack_ms=10.18 solve_ms=47.15
v5_device jobs=28 rows=6963 cells=449929 direct=true graph_reused=false upload_ms=5.92 capture_ms=3.64 queue_ms=41.99 gpu_ms=0.01 unpack_ms=1.83 total_ms=53.38
v5_service device=1 lane=0 class=0 jobs=28 rows=6963 cells=449929 reach=263636 reverse=449929 table_mib=15.8 mutable_mib=216.0 max_job_mib=9.4 oldest_ms=78.91 pack_ms=7.46 solve_ms=53.44
v5_device jobs=49 rows=10853 cells=545177 direct=true graph_reused=false upload_ms=10.59 capture_ms=4.65 queue_ms=30.59 gpu_ms=0.01 unpack_ms=2.66 total_ms=48.49
v5_service device=1 lane=1 class=0 jobs=49 rows=10853 cells=545177 reach=334871 reverse=545177 table_mib=20.2 mutable_mib=336.0 max_job_mib=9.7 oldest_ms=78.85 pack_ms=12.30 solve_ms=48.54
v5_device jobs=11 rows=4784 cells=237150 direct=true graph_reused=false upload_ms=3.64 capture_ms=3.62 queue_ms=22.38 gpu_ms=0.01 unpack_ms=1.25 total_ms=30.90
v5_service device=1 lane=1 class=1 jobs=11 rows=4784 cells=237150 reach=155998 reverse=237150 table_mib=9.0 mutable_mib=176.0 max_job_mib=18.0 oldest_ms=145.09 pack_ms=5.13 solve_ms=30.95
v5_device jobs=15 rows=7563 cells=409135 direct=true graph_reused=false upload_ms=5.94 capture_ms=4.54 queue_ms=27.45 gpu_ms=0.01 unpack_ms=2.08 total_ms=40.02
v5_service device=1 lane=0 class=1 jobs=15 rows=7563 cells=409135 reach=252532 reverse=409135 table_mib=15.1 mutable_mib=272.0 max_job_mib=36.5 oldest_ms=140.79 pack_ms=8.87 solve_ms=40.08
v5_device jobs=34 rows=7669 cells=299954 direct=true graph_reused=false upload_ms=4.52 capture_ms=4.98 queue_ms=26.31 gpu_ms=0.01 unpack_ms=1.68 total_ms=37.51
v5_service device=0 lane=0 class=0 jobs=34 rows=7669 cells=299954 reach=185244 reverse=299954 table_mib=11.8 mutable_mib=232.0 max_job_mib=9.2 oldest_ms=81.72 pack_ms=6.69 solve_ms=37.58
v5_device jobs=46 rows=9122 cells=437139 direct=true graph_reused=false upload_ms=5.33 capture_ms=3.24 queue_ms=37.19 gpu_ms=0.01 unpack_ms=2.18 total_ms=47.95
v5_service device=0 lane=1 class=0 jobs=46 rows=9122 cells=437139 reach=261764 reverse=437139 table_mib=16.5 mutable_mib=304.0 max_job_mib=9.4 oldest_ms=80.32 pack_ms=8.37 solve_ms=48.05
v5_device jobs=7 rows=2604 cells=131069 direct=true graph_reused=false upload_ms=2.10 capture_ms=4.15 queue_ms=12.87 gpu_ms=0.01 unpack_ms=0.63 total_ms=19.77
v5_service device=0 lane=1 class=1 jobs=7 rows=2604 cells=131069 reach=83180 reverse=131069 table_mib=4.9 mutable_mib=112.0 max_job_mib=17.9 oldest_ms=139.47 pack_ms=2.71 solve_ms=19.82
v5_device jobs=4 rows=1538 cells=112567 direct=true graph_reused=false upload_ms=1.47 capture_ms=5.38 queue_ms=12.35 gpu_ms=0.01 unpack_ms=0.48 total_ms=19.69
v5_service device=0 lane=0 class=1 jobs=4 rows=1538 cells=112567 reach=68756 reverse=112567 table_mib=3.8 mutable_mib=64.0 max_job_mib=17.7 oldest_ms=83.55 pack_ms=2.40 solve_ms=19.86
v5_device jobs=46 rows=10163 cells=420487 direct=true graph_reused=false upload_ms=5.79 capture_ms=3.13 queue_ms=32.19 gpu_ms=0.01 unpack_ms=2.12 total_ms=43.23
v5_service device=1 lane=1 class=0 jobs=46 rows=10163 cells=420487 reach=263311 reverse=427721 table_mib=16.7 mutable_mib=324.0 max_job_mib=9.4 oldest_ms=78.49 pack_ms=8.37 solve_ms=43.28
v5_device jobs=30 rows=6744 cells=373932 direct=true graph_reused=false upload_ms=4.56 capture_ms=4.22 queue_ms=28.96 gpu_ms=0.01 unpack_ms=1.93 total_ms=39.68
v5_service device=1 lane=0 class=0 jobs=30 rows=6744 cells=373932 reach=227565 reverse=379801 table_mib=13.9 mutable_mib=212.0 max_job_mib=9.7 oldest_ms=79.78 pack_ms=6.40 solve_ms=39.73
v5_device jobs=12 rows=6016 cells=319036 direct=true graph_reused=false upload_ms=5.25 capture_ms=3.73 queue_ms=23.19 gpu_ms=0.01 unpack_ms=1.51 total_ms=33.69
v5_service device=1 lane=1 class=1 jobs=12 rows=6016 cells=319036 reach=204955 reverse=319036 table_mib=11.7 mutable_mib=208.0 max_job_mib=33.4 oldest_ms=131.81 pack_ms=6.63 solve_ms=33.75
v5_device jobs=11 rows=5129 cells=251564 direct=true graph_reused=false upload_ms=3.72 capture_ms=4.88 queue_ms=20.37 gpu_ms=0.01 unpack_ms=1.26 total_ms=30.24
v5_service device=1 lane=0 class=1 jobs=11 rows=5129 cells=251564 reach=170855 reverse=251564 table_mib=9.4 mutable_mib=176.0 max_job_mib=17.7 oldest_ms=129.43 pack_ms=5.18 solve_ms=30.31
v5_device jobs=51 rows=10235 cells=555157 direct=true graph_reused=false upload_ms=8.87 capture_ms=3.73 queue_ms=37.21 gpu_ms=0.01 unpack_ms=2.58 total_ms=52.41
v5_service device=0 lane=1 class=0 jobs=51 rows=10235 cells=555157 reach=315624 reverse=555157 table_mib=20.3 mutable_mib=350.0 max_job_mib=9.5 oldest_ms=79.99 pack_ms=12.94 solve_ms=52.46
v5_device jobs=41 rows=8186 cells=485989 direct=true graph_reused=false upload_ms=6.46 capture_ms=4.28 queue_ms=39.87 gpu_ms=0.01 unpack_ms=2.37 total_ms=52.99
v5_service device=0 lane=0 class=0 jobs=41 rows=8186 cells=485989 reach=274444 reverse=485989 table_mib=17.3 mutable_mib=272.0 max_job_mib=9.5 oldest_ms=80.62 pack_ms=12.64 solve_ms=53.04
v5_device jobs=2 rows=738 cells=37537 direct=true graph_reused=false upload_ms=0.59 capture_ms=5.05 queue_ms=24.43 gpu_ms=0.01 unpack_ms=0.27 total_ms=30.35
v5_service device=0 lane=0 class=1 jobs=2 rows=738 cells=37537 reach=25340 reverse=37537 table_mib=1.5 mutable_mib=32.0 max_job_mib=17.4 oldest_ms=130.03 pack_ms=0.87 solve_ms=30.41
v5_device jobs=1 rows=9218 cells=99700 direct=true graph_reused=false upload_ms=3.67 capture_ms=4.74 queue_ms=21.41 gpu_ms=0.01 unpack_ms=0.73 total_ms=30.56
v5_service device=0 lane=1 class=2 jobs=1 rows=9218 cells=99700 reach=96979 reverse=99700 table_mib=7.3 mutable_mib=256.0 max_job_mib=269.7 oldest_ms=146.99 pack_ms=4.40 solve_ms=30.61
v5_device jobs=4 rows=2427 cells=148244 direct=true graph_reused=false upload_ms=1.65 capture_ms=3.18 queue_ms=12.62 gpu_ms=0.01 unpack_ms=0.73 total_ms=18.19
v5_service device=0 lane=1 class=1 jobs=4 rows=2427 cells=148244 reach=94812 reverse=148244 table_mib=5.3 mutable_mib=80.0 max_job_mib=36.5 oldest_ms=149.57 pack_ms=2.58 solve_ms=18.25
v5_device jobs=55 rows=11038 cells=447490 direct=true graph_reused=false upload_ms=6.27 capture_ms=3.83 queue_ms=37.52 gpu_ms=0.01 unpack_ms=2.33 total_ms=49.96
v5_service device=1 lane=1 class=0 jobs=55 rows=11038 cells=447490 reach=273216 reverse=447490 table_mib=17.6 mutable_mib=364.0 max_job_mib=9.2 oldest_ms=78.25 pack_ms=8.70 solve_ms=50.01
v5_device jobs=47 rows=10294 cells=479772 direct=true graph_reused=false upload_ms=7.01 capture_ms=3.96 queue_ms=37.95 gpu_ms=0.01 unpack_ms=2.66 total_ms=51.58
v5_service device=1 lane=0 class=0 jobs=47 rows=10294 cells=479772 reach=291800 reverse=479772 table_mib=18.3 mutable_mib=328.0 max_job_mib=9.3 oldest_ms=77.92 pack_ms=8.68 solve_ms=51.63
v5_device jobs=2 rows=836 cells=37690 direct=true graph_reused=false upload_ms=0.58 capture_ms=3.87 queue_ms=4.24 gpu_ms=0.01 unpack_ms=0.24 total_ms=8.94
v5_service device=1 lane=1 class=1 jobs=2 rows=836 cells=37690 reach=24645 reverse=37690 table_mib=1.5 mutable_mib=32.0 max_job_mib=17.3 oldest_ms=124.52 pack_ms=0.80 solve_ms=8.99
v5_device jobs=11 rows=4619 cells=281787 direct=true graph_reused=false upload_ms=3.87 capture_ms=3.37 queue_ms=15.81 gpu_ms=0.01 unpack_ms=1.22 total_ms=24.29
v5_service device=1 lane=0 class=1 jobs=11 rows=4619 cells=281787 reach=178409 reverse=281787 table_mib=10.0 mutable_mib=176.0 max_job_mib=18.6 oldest_ms=138.64 pack_ms=5.93 solve_ms=24.34
v5_device jobs=41 rows=9239 cells=425264 direct=true graph_reused=false upload_ms=7.29 capture_ms=3.90 queue_ms=25.50 gpu_ms=0.01 unpack_ms=2.22 total_ms=38.92
v5_service device=0 lane=0 class=0 jobs=41 rows=9239 cells=425264 reach=253847 reverse=425264 table_mib=16.1 mutable_mib=288.0 max_job_mib=9.8 oldest_ms=82.12 pack_ms=11.00 solve_ms=38.98
v5_device jobs=49 rows=10336 cells=475269 direct=true graph_reused=false upload_ms=6.88 capture_ms=3.74 queue_ms=29.07 gpu_ms=0.01 unpack_ms=2.26 total_ms=41.96
v5_service device=0 lane=1 class=0 jobs=49 rows=10336 cells=475269 reach=292049 reverse=482457 table_mib=18.3 mutable_mib=332.0 max_job_mib=9.6 oldest_ms=79.65 pack_ms=9.67 solve_ms=42.03
v5_device jobs=1 rows=361 cells=25872 direct=true graph_reused=false upload_ms=0.31 capture_ms=5.03 queue_ms=3.21 gpu_ms=0.00 unpack_ms=0.08 total_ms=8.63
v5_service device=0 lane=1 class=1 jobs=1 rows=361 cells=25872 reach=16167 reverse=25872 table_mib=0.9 mutable_mib=16.0 max_job_mib=17.2 oldest_ms=106.81 pack_ms=0.54 solve_ms=8.68
v5_device jobs=10 rows=4771 cells=255957 direct=true graph_reused=false upload_ms=3.85 capture_ms=4.22 queue_ms=16.68 gpu_ms=0.02 unpack_ms=1.43 total_ms=26.20
v5_service device=0 lane=0 class=1 jobs=10 rows=4771 cells=255957 reach=170309 reverse=255957 table_mib=9.3 mutable_mib=176.0 max_job_mib=33.4 oldest_ms=136.75 pack_ms=5.77 solve_ms=26.25
v5_device jobs=10 rows=4536 cells=314609 direct=true graph_reused=false upload_ms=4.38 capture_ms=3.28 queue_ms=16.23 gpu_ms=0.02 unpack_ms=1.38 total_ms=25.29
v5_service device=1 lane=1 class=1 jobs=10 rows=4536 cells=314609 reach=193439 reverse=314609 table_mib=11.0 mutable_mib=160.0 max_job_mib=18.1 oldest_ms=77.04 pack_ms=5.76 solve_ms=25.34
v5_device jobs=37 rows=7498 cells=362829 direct=true graph_reused=false upload_ms=4.98 capture_ms=3.55 queue_ms=43.74 gpu_ms=0.01 unpack_ms=1.77 total_ms=54.05
v5_service device=1 lane=0 class=0 jobs=37 rows=7498 cells=362829 reach=220304 reverse=367769 table_mib=13.7 mutable_mib=248.0 max_job_mib=9.4 oldest_ms=80.96 pack_ms=7.18 solve_ms=54.10
v5_device jobs=50 rows=11216 cells=513234 direct=true graph_reused=false upload_ms=7.89 capture_ms=4.23 queue_ms=30.31 gpu_ms=0.01 unpack_ms=2.66 total_ms=45.09
v5_service device=1 lane=1 class=0 jobs=50 rows=11216 cells=513234 reach=327178 reverse=530493 table_mib=20.0 mutable_mib=360.0 max_job_mib=9.5 oldest_ms=113.27 pack_ms=11.15 solve_ms=45.14
v5_device jobs=4 rows=1518 cells=79420 direct=true graph_reused=false upload_ms=1.12 capture_ms=4.37 queue_ms=8.13 gpu_ms=0.01 unpack_ms=0.34 total_ms=13.96
v5_service device=1 lane=0 class=1 jobs=4 rows=1518 cells=79420 reach=55052 reverse=86600 table_mib=3.0 mutable_mib=64.0 max_job_mib=17.7 oldest_ms=145.46 pack_ms=1.64 solve_ms=14.02
v5_device jobs=39 rows=8631 cells=405273 direct=true graph_reused=false upload_ms=7.74 capture_ms=4.11 queue_ms=44.48 gpu_ms=0.01 unpack_ms=2.25 total_ms=58.59
v5_service device=0 lane=0 class=0 jobs=39 rows=8631 cells=405273 reach=245440 reverse=406641 table_mib=15.6 mutable_mib=280.0 max_job_mib=9.7 oldest_ms=79.77 pack_ms=8.99 solve_ms=58.65
v5_device jobs=60 rows=12776 cells=487639 direct=true graph_reused=false upload_ms=12.83 capture_ms=4.61 queue_ms=41.35 gpu_ms=0.01 unpack_ms=2.57 total_ms=61.36
v5_service device=0 lane=1 class=0 jobs=60 rows=12776 cells=487639 reach=335844 reverse=523107 table_mib=20.5 mutable_mib=388.0 max_job_mib=9.5 oldest_ms=77.20 pack_ms=11.31 solve_ms=61.41
v5_device jobs=3 rows=1255 cells=105661 direct=true graph_reused=false upload_ms=1.22 capture_ms=3.83 queue_ms=9.21 gpu_ms=0.01 unpack_ms=0.45 total_ms=14.72
v5_service device=0 lane=0 class=1 jobs=3 rows=1255 cells=105661 reach=65595 reverse=105661 table_mib=3.5 mutable_mib=48.0 max_job_mib=18.7 oldest_ms=146.32 pack_ms=2.01 solve_ms=14.77
v5_device jobs=8 rows=3576 cells=184637 direct=true graph_reused=false upload_ms=2.69 capture_ms=7.42 queue_ms=9.80 gpu_ms=0.01 unpack_ms=0.88 total_ms=20.80
v5_service device=0 lane=1 class=1 jobs=8 rows=3576 cells=184637 reach=126236 reverse=184637 table_mib=6.7 mutable_mib=128.0 max_job_mib=18.2 oldest_ms=154.83 pack_ms=5.05 solve_ms=20.87
v5_device jobs=2 rows=3188 cells=278566 direct=true graph_reused=false upload_ms=3.45 capture_ms=3.88 queue_ms=10.98 gpu_ms=0.01 unpack_ms=0.54 total_ms=18.86
v5_service device=0 lane=1 class=2 jobs=2 rows=3188 cells=278566 reach=161654 reverse=278566 table_mib=8.8 mutable_mib=128.0 max_job_mib=70.8 oldest_ms=181.51 pack_ms=5.61 solve_ms=18.92
v5_device jobs=60 rows=12565 cells=449958 direct=true graph_reused=false upload_ms=9.02 capture_ms=3.47 queue_ms=34.75 gpu_ms=0.01 unpack_ms=2.57 total_ms=49.83
v5_service device=1 lane=1 class=0 jobs=60 rows=12565 cells=449958 reach=312468 reverse=482904 table_mib=19.3 mutable_mib=420.0 max_job_mib=9.2 oldest_ms=79.71 pack_ms=11.43 solve_ms=49.88
v5_device jobs=56 rows=12318 cells=539520 direct=true graph_reused=false upload_ms=8.94 capture_ms=4.48 queue_ms=35.40 gpu_ms=0.01 unpack_ms=2.89 total_ms=51.73
v5_service device=1 lane=0 class=0 jobs=56 rows=12318 cells=539520 reach=334280 reverse=554590 table_mib=21.0 mutable_mib=404.0 max_job_mib=9.3 oldest_ms=80.60 pack_ms=12.41 solve_ms=51.79
v5_device jobs=10 rows=3884 cells=305087 direct=true graph_reused=false upload_ms=4.30 capture_ms=3.48 queue_ms=17.05 gpu_ms=0.01 unpack_ms=1.37 total_ms=26.21
v5_service device=1 lane=1 class=1 jobs=10 rows=3884 cells=305087 reach=194938 reverse=317956 table_mib=10.6 mutable_mib=160.0 max_job_mib=18.2 oldest_ms=147.52 pack_ms=6.27 solve_ms=26.27
v5_device jobs=8 rows=4273 cells=171339 direct=true graph_reused=false upload_ms=2.76 capture_ms=4.95 queue_ms=13.78 gpu_ms=0.01 unpack_ms=0.79 total_ms=22.28
v5_service device=1 lane=0 class=1 jobs=8 rows=4273 cells=171339 reach=126118 reverse=184876 table_mib=7.0 mutable_mib=144.0 max_job_mib=33.2 oldest_ms=148.29 pack_ms=3.87 solve_ms=22.34
v5_device jobs=44 rows=9739 cells=520085 direct=true graph_reused=false upload_ms=9.72 capture_ms=3.83 queue_ms=28.56 gpu_ms=0.01 unpack_ms=2.52 total_ms=44.64
v5_service device=0 lane=0 class=0 jobs=44 rows=9739 cells=520085 reach=305390 reverse=524312 table_mib=19.2 mutable_mib=304.0 max_job_mib=9.7 oldest_ms=81.83 pack_ms=12.82 solve_ms=44.70
v5_device jobs=7 rows=3575 cells=174926 direct=true graph_reused=false upload_ms=2.56 capture_ms=4.90 queue_ms=15.60 gpu_ms=0.01 unpack_ms=0.82 total_ms=23.89
v5_service device=0 lane=0 class=1 jobs=7 rows=3575 cells=174926 reach=123164 reverse=183188 table_mib=6.6 mutable_mib=128.0 max_job_mib=32.9 oldest_ms=140.42 pack_ms=4.03 solve_ms=23.95
v5_device jobs=40 rows=9179 cells=469564 direct=true graph_reused=false upload_ms=6.56 capture_ms=3.85 queue_ms=37.25 gpu_ms=0.01 unpack_ms=2.31 total_ms=49.98
v5_service device=0 lane=1 class=0 jobs=40 rows=9179 cells=469564 reach=300682 reverse=496460 table_mib=17.9 mutable_mib=304.0 max_job_mib=9.3 oldest_ms=76.89 pack_ms=8.40 solve_ms=50.03
v5_device jobs=12 rows=5869 cells=245478 direct=true graph_reused=false upload_ms=4.16 capture_ms=4.46 queue_ms=16.70 gpu_ms=0.01 unpack_ms=1.14 total_ms=26.47
v5_service device=0 lane=1 class=1 jobs=12 rows=5869 cells=245478 reach=191296 reverse=276629 table_mib=10.2 mutable_mib=208.0 max_job_mib=33.2 oldest_ms=141.36 pack_ms=5.80 solve_ms=26.53
v5_device jobs=39 rows=8403 cells=375057 direct=true graph_reused=false upload_ms=7.92 capture_ms=3.56 queue_ms=27.66 gpu_ms=0.01 unpack_ms=1.74 total_ms=40.88
v5_service device=1 lane=1 class=0 jobs=39 rows=8403 cells=375057 reach=254113 reverse=397113 table_mib=14.8 mutable_mib=264.0 max_job_mib=9.2 oldest_ms=79.69 pack_ms=9.05 solve_ms=40.93
v5_device jobs=52 rows=11548 cells=375813 direct=true graph_reused=false upload_ms=7.32 capture_ms=4.46 queue_ms=30.82 gpu_ms=0.01 unpack_ms=2.30 total_ms=44.91
v5_service device=1 lane=0 class=0 jobs=52 rows=11548 cells=375813 reach=302626 reverse=449551 table_mib=17.7 mutable_mib=350.0 max_job_mib=9.7 oldest_ms=78.10 pack_ms=11.33 solve_ms=44.97
v5_device jobs=14 rows=6904 cells=320963 direct=true graph_reused=false upload_ms=5.93 capture_ms=3.55 queue_ms=20.56 gpu_ms=0.01 unpack_ms=1.55 total_ms=31.59
v5_service device=1 lane=1 class=1 jobs=14 rows=6904 cells=320963 reach=242140 reverse=353295 table_mib=12.8 mutable_mib=240.0 max_job_mib=33.5 oldest_ms=134.00 pack_ms=7.90 solve_ms=31.65
v5_device jobs=17 rows=7805 cells=503717 direct=true graph_reused=false upload_ms=7.21 capture_ms=3.57 queue_ms=25.38 gpu_ms=0.01 unpack_ms=2.25 total_ms=38.44
v5_service device=1 lane=0 class=1 jobs=17 rows=7805 cells=503717 reach=337044 reverse=521641 table_mib=18.2 mutable_mib=288.0 max_job_mib=32.9 oldest_ms=142.62 pack_ms=10.04 solve_ms=38.50
{"phase": "live", "seconds": 20.112, "solves": 22528, "solves_per_s": 1120.1, "oversize_routes": 0, "card_exclusive_routes": 0}
v5_device jobs=54 rows=11101 cells=506213 direct=true graph_reused=false upload_ms=8.16 capture_ms=3.92 queue_ms=28.79 gpu_ms=0.01 unpack_ms=2.75 total_ms=43.64
v5_service device=0 lane=0 class=0 jobs=54 rows=11101 cells=506213 reach=310549 reverse=513312 table_mib=19.7 mutable_mib=364.0 max_job_mib=9.2 oldest_ms=79.34 pack_ms=11.89 solve_ms=43.68
v5_device jobs=2 rows=764 cells=13991 direct=true graph_reused=false upload_ms=0.42 capture_ms=4.77 queue_ms=24.53 gpu_ms=0.01 unpack_ms=0.17 total_ms=29.90
v5_service device=0 lane=0 class=1 jobs=2 rows=764 cells=13991 reach=15376 reverse=20109 table_mib=0.9 mutable_mib=32.0 max_job_mib=16.8 oldest_ms=104.74 pack_ms=0.55 solve_ms=29.97
v5_device jobs=63 rows=11998 cells=352102 direct=true graph_reused=false upload_ms=9.79 capture_ms=5.28 queue_ms=28.87 gpu_ms=0.01 unpack_ms=1.85 total_ms=45.79
v5_service device=0 lane=1 class=0 jobs=63 rows=11998 cells=352102 reach=304997 reverse=448405 table_mib=17.7 mutable_mib=390.0 max_job_mib=9.0 oldest_ms=76.76 pack_ms=9.41 solve_ms=45.83
v5_device jobs=8 rows=4530 cells=97841 direct=true graph_reused=false upload_ms=2.60 capture_ms=4.31 queue_ms=14.50 gpu_ms=0.02 unpack_ms=0.73 total_ms=22.16
v5_service device=0 lane=1 class=1 jobs=8 rows=4530 cells=97841 reach=112168 reverse=137823 table_mib=6.0 mutable_mib=144.0 max_job_mib=34.3 oldest_ms=136.41 pack_ms=4.73 solve_ms=22.20
v5_device jobs=66 rows=12457 cells=262256 direct=true graph_reused=false upload_ms=9.04 capture_ms=3.24 queue_ms=28.63 gpu_ms=0.01 unpack_ms=1.59 total_ms=42.51
v5_service device=1 lane=1 class=0 jobs=66 rows=12457 cells=262256 reach=320132 reverse=427448 table_mib=17.2 mutable_mib=400.0 max_job_mib=9.0 oldest_ms=78.63 pack_ms=11.95 solve_ms=42.56
v5_device jobs=3 rows=1222 cells=70239 direct=true graph_reused=false upload_ms=1.11 capture_ms=4.46 queue_ms=23.11 gpu_ms=0.01 unpack_ms=0.27 total_ms=28.97
v5_service device=1 lane=1 class=1 jobs=3 rows=1222 cells=70239 reach=57665 reverse=92983 table_mib=3.0 mutable_mib=48.0 max_job_mib=18.1 oldest_ms=131.30 pack_ms=1.73 solve_ms=29.02
v5_device jobs=67 rows=13448 cells=396661 direct=true graph_reused=false upload_ms=17.24 capture_ms=4.02 queue_ms=32.36 gpu_ms=0.01 unpack_ms=2.08 total_ms=55.72
v5_service device=1 lane=0 class=0 jobs=67 rows=13448 cells=396661 reach=340867 reverse=503232 table_mib=19.9 mutable_mib=420.0 max_job_mib=9.1 oldest_ms=77.45 pack_ms=11.26 solve_ms=55.77
v5_device jobs=41 rows=8451 cells=363098 direct=true graph_reused=false upload_ms=5.14 capture_ms=3.11 queue_ms=24.47 gpu_ms=0.01 unpack_ms=2.10 total_ms=34.83
v5_service device=0 lane=0 class=0 jobs=41 rows=8451 cells=363098 reach=240417 reverse=391531 table_mib=15.0 mutable_mib=288.0 max_job_mib=9.3 oldest_ms=78.50 pack_ms=7.74 solve_ms=34.88
v5_device jobs=11 rows=4449 cells=169763 direct=true graph_reused=false upload_ms=2.96 capture_ms=4.05 queue_ms=14.03 gpu_ms=0.01 unpack_ms=0.78 total_ms=21.83
v5_service device=1 lane=0 class=1 jobs=11 rows=4449 cells=169763 reach=153888 reverse=210897 table_mib=7.7 mutable_mib=176.0 max_job_mib=17.8 oldest_ms=149.37 pack_ms=4.42 solve_ms=21.89
v5_device jobs=5 rows=2583 cells=132530 direct=true graph_reused=false upload_ms=1.66 capture_ms=3.47 queue_ms=32.58 gpu_ms=0.01 unpack_ms=0.61 total_ms=38.33
v5_service device=0 lane=0 class=1 jobs=5 rows=2583 cells=132530 reach=82482 reverse=132530 table_mib=4.8 mutable_mib=80.0 max_job_mib=17.9 oldest_ms=123.82 pack_ms=2.50 solve_ms=38.38
v5_device jobs=41 rows=9480 cells=294831 direct=true graph_reused=false upload_ms=7.92 capture_ms=5.36 queue_ms=24.66 gpu_ms=0.01 unpack_ms=1.46 total_ms=39.41
v5_service device=0 lane=1 class=0 jobs=41 rows=9480 cells=294831 reach=293424 reverse=415952 table_mib=15.6 mutable_mib=300.0 max_job_mib=9.5 oldest_ms=79.89 pack_ms=9.60 solve_ms=39.46
v5_device jobs=12 rows=4943 cells=163346 direct=true graph_reused=false upload_ms=2.69 capture_ms=4.33 queue_ms=14.33 gpu_ms=0.01 unpack_ms=0.81 total_ms=22.17
v5_service device=0 lane=1 class=1 jobs=12 rows=4943 cells=163346 reach=131066 reverse=189555 table_mib=7.5 mutable_mib=192.0 max_job_mib=18.3 oldest_ms=133.96 pack_ms=3.82 solve_ms=22.23
v5_device jobs=64 rows=14359 cells=352283 direct=true graph_reused=false upload_ms=11.28 capture_ms=3.46 queue_ms=31.70 gpu_ms=0.01 unpack_ms=1.53 total_ms=47.98
v5_service device=1 lane=1 class=0 jobs=64 rows=14359 cells=352283 reach=379343 reverse=522704 table_mib=20.6 mutable_mib=444.0 max_job_mib=9.3 oldest_ms=78.56 pack_ms=12.86 solve_ms=48.03
v5_device jobs=3 rows=1203 cells=60377 direct=true graph_reused=false upload_ms=1.06 capture_ms=3.58 queue_ms=10.03 gpu_ms=0.01 unpack_ms=0.29 total_ms=14.96
v5_service device=1 lane=1 class=1 jobs=3 rows=1203 cells=60377 reach=52980 reverse=75255 table_mib=2.6 mutable_mib=48.0 max_job_mib=18.2 oldest_ms=130.69 pack_ms=1.48 solve_ms=15.01
v5_device jobs=44 rows=10226 cells=487765 direct=true graph_reused=false upload_ms=8.16 capture_ms=3.35 queue_ms=27.18 gpu_ms=0.01 unpack_ms=2.36 total_ms=41.07
v5_service device=0 lane=0 class=0 jobs=44 rows=10226 cells=487765 reach=333133 reverse=542447 table_mib=19.6 mutable_mib=318.0 max_job_mib=9.9 oldest_ms=78.09 pack_ms=11.97 solve_ms=41.12
v5_device jobs=86 rows=18174 cells=375596 direct=true graph_reused=false upload_ms=27.29 capture_ms=3.71 queue_ms=39.47 gpu_ms=0.01 unpack_ms=2.39 total_ms=72.86
v5_service device=1 lane=0 class=0 jobs=86 rows=18174 cells=375596 reach=510531 reverse=674804 table_mib=26.1 mutable_mib=554.0 max_job_mib=10.2 oldest_ms=77.43 pack_ms=14.97 solve_ms=72.91
v5_device jobs=14 rows=6856 cells=125082 direct=true graph_reused=false upload_ms=3.84 capture_ms=3.75 queue_ms=15.95 gpu_ms=0.01 unpack_ms=0.64 total_ms=24.17
v5_service device=1 lane=0 class=1 jobs=14 rows=6856 cells=125082 reach=169802 reverse=209323 table_mib=8.6 mutable_mib=256.0 max_job_mib=33.6 oldest_ms=173.27 pack_ms=5.50 solve_ms=24.22
v5_device jobs=85 rows=16901 cells=357527 direct=true graph_reused=false upload_ms=15.84 capture_ms=7.62 queue_ms=41.45 gpu_ms=0.01 unpack_ms=1.88 total_ms=66.80
v5_service device=0 lane=1 class=0 jobs=85 rows=16901 cells=357527 reach=439391 reverse=591595 table_mib=23.3 mutable_mib=532.0 max_job_mib=9.8 oldest_ms=77.23 pack_ms=13.44 solve_ms=66.85
v5_device jobs=13 rows=6036 cells=242996 direct=true graph_reused=false upload_ms=4.81 capture_ms=4.55 queue_ms=37.80 gpu_ms=0.01 unpack_ms=1.51 total_ms=48.67
v5_service device=0 lane=0 class=1 jobs=13 rows=6036 cells=242996 reach=179573 reverse=260802 table_mib=10.1 mutable_mib=224.0 max_job_mib=33.1 oldest_ms=136.51 pack_ms=6.21 solve_ms=48.72
v5_device jobs=3 rows=1338 cells=36431 direct=true graph_reused=false upload_ms=0.92 capture_ms=6.42 queue_ms=6.14 gpu_ms=0.01 unpack_ms=0.20 total_ms=13.69
v5_service device=0 lane=1 class=1 jobs=3 rows=1338 cells=36431 reach=38454 reverse=53007 table_mib=2.0 mutable_mib=48.0 max_job_mib=17.2 oldest_ms=166.05 pack_ms=1.59 solve_ms=13.75
v5_device jobs=70 rows=15403 cells=230932 direct=true graph_reused=false upload_ms=13.46 capture_ms=3.56 queue_ms=28.52 gpu_ms=0.01 unpack_ms=1.17 total_ms=46.72
v5_service device=1 lane=1 class=0 jobs=70 rows=15403 cells=230932 reach=371767 reverse=467496 table_mib=19.2 mutable_mib=468.0 max_job_mib=8.7 oldest_ms=78.14 pack_ms=12.39 solve_ms=46.77
v5_device jobs=9 rows=3922 cells=67372 direct=true graph_reused=false upload_ms=2.50 capture_ms=3.25 queue_ms=9.79 gpu_ms=0.01 unpack_ms=0.33 total_ms=15.88
v5_service device=1 lane=1 class=1 jobs=9 rows=3922 cells=67372 reach=113279 reverse=139410 table_mib=5.4 mutable_mib=144.0 max_job_mib=16.9 oldest_ms=141.00 pack_ms=3.37 solve_ms=15.94
v5_device jobs=14 rows=7068 cells=160528 direct=true graph_reused=false upload_ms=4.77 capture_ms=3.05 queue_ms=17.88 gpu_ms=0.01 unpack_ms=0.63 total_ms=26.34
v5_service device=1 lane=0 class=1 jobs=14 rows=7068 cells=160528 reach=233067 reverse=303770 table_mib=11.0 mutable_mib=256.0 max_job_mib=34.6 oldest_ms=77.17 pack_ms=5.43 solve_ms=26.39
v5_device jobs=59 rows=12550 cells=435528 direct=true graph_reused=false upload_ms=9.12 capture_ms=3.31 queue_ms=30.70 gpu_ms=0.01 unpack_ms=2.23 total_ms=45.37
v5_service device=0 lane=0 class=0 jobs=59 rows=12550 cells=435528 reach=352282 reverse=528912 table_mib=20.3 mutable_mib=382.0 max_job_mib=9.3 oldest_ms=77.53 pack_ms=10.56 solve_ms=45.42
v5_device jobs=46 rows=9885 cells=146756 direct=true graph_reused=false upload_ms=6.63 capture_ms=3.93 queue_ms=18.66 gpu_ms=0.01 unpack_ms=0.96 total_ms=30.19
v5_service device=1 lane=0 class=0 jobs=46 rows=9885 cells=146756 reach=237911 reverse=298736 table_mib=12.3 mutable_mib=294.0 max_job_mib=8.8 oldest_ms=112.29 pack_ms=9.28 solve_ms=30.24
v5_device jobs=11 rows=6182 cells=200775 direct=true graph_reused=false upload_ms=5.27 capture_ms=4.56 queue_ms=32.94 gpu_ms=0.01 unpack_ms=0.87 total_ms=43.64
v5_service device=0 lane=0 class=1 jobs=11 rows=6182 cells=200775 reach=200434 reverse=267789 table_mib=10.2 mutable_mib=208.0 max_job_mib=34.6 oldest_ms=140.66 pack_ms=6.44 solve_ms=43.69
v5_device jobs=96 rows=21232 cells=325483 direct=true graph_reused=false upload_ms=15.52 capture_ms=5.82 queue_ms=53.39 gpu_ms=0.01 unpack_ms=1.94 total_ms=76.68
v5_service device=0 lane=1 class=0 jobs=96 rows=21232 cells=325483 reach=529740 reverse=662296 table_mib=27.0 mutable_mib=656.0 max_job_mib=9.1 oldest_ms=76.97 pack_ms=15.52 solve_ms=76.73
v5_device jobs=89 rows=18700 cells=316219 direct=true graph_reused=false upload_ms=14.68 capture_ms=3.03 queue_ms=37.05 gpu_ms=0.01 unpack_ms=1.61 total_ms=56.39
v5_service device=1 lane=1 class=0 jobs=89 rows=18700 cells=316219 reach=497914 reverse=632955 table_mib=25.1 mutable_mib=570.0 max_job_mib=8.9 oldest_ms=77.67 pack_ms=18.25 solve_ms=56.45
v5_device jobs=7 rows=3322 cells=38873 direct=true graph_reused=false upload_ms=1.73 capture_ms=3.89 queue_ms=8.12 gpu_ms=0.01 unpack_ms=0.26 total_ms=14.00
v5_service device=1 lane=1 class=1 jobs=7 rows=3322 cells=38873 reach=80417 reverse=92450 table_mib=3.9 mutable_mib=112.0 max_job_mib=17.1 oldest_ms=158.73 pack_ms=2.49 solve_ms=14.06
v5_device jobs=18 rows=9005 cells=170661 direct=true graph_reused=false upload_ms=5.46 capture_ms=5.58 queue_ms=19.23 gpu_ms=0.01 unpack_ms=1.01 total_ms=31.30
v5_service device=0 lane=1 class=1 jobs=18 rows=9005 cells=170661 reach=238080 reverse=293034 table_mib=11.8 mutable_mib=320.0 max_job_mib=34.2 oldest_ms=179.18 pack_ms=6.60 solve_ms=31.36
v5_device jobs=60 rows=12475 cells=204460 direct=true graph_reused=false upload_ms=9.87 capture_ms=4.42 queue_ms=25.46 gpu_ms=0.01 unpack_ms=1.09 total_ms=40.85
v5_service device=1 lane=0 class=0 jobs=60 rows=12475 cells=204460 reach=333157 reverse=420323 table_mib=16.7 mutable_mib=364.0 max_job_mib=8.7 oldest_ms=78.87 pack_ms=12.83 solve_ms=40.90
v5_device jobs=16 rows=9006 cells=177770 direct=true graph_reused=false upload_ms=6.93 capture_ms=3.90 queue_ms=21.71 gpu_ms=0.01 unpack_ms=0.86 total_ms=33.41
v5_service device=1 lane=0 class=1 jobs=16 rows=9006 cells=177770 reach=298788 reverse=369297 table_mib=13.6 mutable_mib=304.0 max_job_mib=34.8 oldest_ms=137.60 pack_ms=9.03 solve_ms=33.46
v5_device jobs=60 rows=12179 cells=259649 direct=true graph_reused=false upload_ms=8.27 capture_ms=3.19 queue_ms=29.03 gpu_ms=0.01 unpack_ms=1.63 total_ms=42.14
v5_service device=0 lane=0 class=0 jobs=60 rows=12179 cells=259649 reach=312253 reverse=419631 table_mib=16.8 mutable_mib=368.0 max_job_mib=9.3 oldest_ms=78.78 pack_ms=11.33 solve_ms=42.20
v5_device jobs=7 rows=3078 cells=86638 direct=true graph_reused=false upload_ms=1.97 capture_ms=3.39 queue_ms=10.40 gpu_ms=0.01 unpack_ms=0.55 total_ms=16.32
v5_service device=0 lane=0 class=1 jobs=7 rows=3078 cells=86638 reach=91658 reverse=120272 table_mib=4.6 mutable_mib=112.0 max_job_mib=17.3 oldest_ms=129.12 pack_ms=2.57 solve_ms=16.38
v5_device jobs=1 rows=2822 cells=156742 direct=true graph_reused=false upload_ms=1.72 capture_ms=3.32 queue_ms=15.89 gpu_ms=0.01 unpack_ms=0.31 total_ms=21.24
v5_service device=0 lane=0 class=2 jobs=1 rows=2822 cells=156742 reach=112010 reverse=156742 table_mib=5.3 mutable_mib=128.0 max_job_mib=135.5 oldest_ms=134.26 pack_ms=3.26 solve_ms=21.29
v5_device jobs=84 rows=18920 cells=303765 direct=true graph_reused=false upload_ms=18.02 capture_ms=4.51 queue_ms=35.12 gpu_ms=0.01 unpack_ms=1.66 total_ms=59.31
v5_service device=1 lane=1 class=0 jobs=84 rows=18920 cells=303765 reach=494138 reverse=620954 table_mib=24.8 mutable_mib=580.0 max_job_mib=8.8 oldest_ms=77.73 pack_ms=16.39 solve_ms=59.35
v5_device jobs=82 rows=18310 cells=335029 direct=true graph_reused=false upload_ms=26.31 capture_ms=5.47 queue_ms=39.29 gpu_ms=0.02 unpack_ms=1.97 total_ms=73.07
v5_service device=0 lane=1 class=0 jobs=82 rows=18310 cells=335029 reach=533075 reverse=673487 table_mib=26.0 mutable_mib=568.0 max_job_mib=8.8 oldest_ms=76.49 pack_ms=16.60 solve_ms=73.12
v5_device jobs=12 rows=5725 cells=109365 direct=true graph_reused=false upload_ms=4.38 capture_ms=4.11 queue_ms=14.09 gpu_ms=0.01 unpack_ms=0.55 total_ms=23.14
v5_service device=1 lane=1 class=1 jobs=12 rows=5725 cells=109365 reach=183350 reverse=224789 table_mib=8.4 mutable_mib=208.0 max_job_mib=33.2 oldest_ms=159.54 pack_ms=5.16 solve_ms=23.21
v5_device jobs=10 rows=4789 cells=50881 direct=true graph_reused=false upload_ms=2.47 capture_ms=4.16 queue_ms=10.02 gpu_ms=0.01 unpack_ms=0.33 total_ms=16.99
v5_service device=0 lane=1 class=1 jobs=10 rows=4789 cells=50881 reach=100963 reverse=116597 table_mib=5.2 mutable_mib=160.0 max_job_mib=16.9 oldest_ms=173.77 pack_ms=3.14 solve_ms=17.05
v5_device jobs=85 rows=17528 cells=280842 direct=true graph_reused=false upload_ms=14.44 capture_ms=4.01 queue_ms=43.10 gpu_ms=0.01 unpack_ms=1.37 total_ms=62.93
v5_service device=1 lane=0 class=0 jobs=85 rows=17528 cells=280842 reach=440046 reverse=560723 table_mib=22.6 mutable_mib=524.0 max_job_mib=9.0 oldest_ms=77.73 pack_ms=17.13 solve_ms=62.99
v5_device jobs=1 rows=11724 cells=75508 direct=true graph_reused=false upload_ms=6.71 capture_ms=4.11 queue_ms=35.78 gpu_ms=0.01 unpack_ms=0.45 total_ms=47.05
v5_service device=1 lane=1 class=2 jobs=1 rows=11724 cells=75508 reach=225740 reverse=227442 table_mib=11.1 mutable_mib=256.0 max_job_mib=269.4 oldest_ms=178.43 pack_ms=6.84 solve_ms=47.10
v5_device jobs=8 rows=4383 cells=70597 direct=true graph_reused=false upload_ms=2.55 capture_ms=3.87 queue_ms=10.37 gpu_ms=0.01 unpack_ms=0.24 total_ms=17.02
v5_service device=1 lane=0 class=1 jobs=8 rows=4383 cells=70597 reach=113202 reverse=143032 table_mib=5.6 mutable_mib=144.0 max_job_mib=34.6 oldest_ms=163.21 pack_ms=3.79 solve_ms=17.08
v5_device jobs=79 rows=16608 cells=290153 direct=true graph_reused=false upload_ms=10.64 capture_ms=3.06 queue_ms=34.63 gpu_ms=0.01 unpack_ms=1.71 total_ms=50.04
v5_service device=0 lane=0 class=0 jobs=79 rows=16608 cells=290153 reach=430688 reverse=546918 table_mib=22.0 mutable_mib=500.0 max_job_mib=9.1 oldest_ms=77.28 pack_ms=12.02 solve_ms=50.09
v5_device jobs=8 rows=3627 cells=50831 direct=true graph_reused=false upload_ms=1.85 capture_ms=3.47 queue_ms=11.64 gpu_ms=0.01 unpack_ms=0.32 total_ms=17.28
v5_service device=0 lane=0 class=1 jobs=8 rows=3627 cells=50831 reach=81882 reverse=96285 table_mib=4.2 mutable_mib=128.0 max_job_mib=17.4 oldest_ms=134.77 pack_ms=2.55 solve_ms=17.34
v5_device jobs=63 rows=14477 cells=266451 direct=true graph_reused=false upload_ms=21.86 capture_ms=3.92 queue_ms=32.25 gpu_ms=0.01 unpack_ms=1.40 total_ms=59.44
v5_service device=0 lane=1 class=0 jobs=63 rows=14477 cells=266451 reach=435936 reverse=549750 table_mib=21.0 mutable_mib=418.0 max_job_mib=8.9 oldest_ms=79.22 pack_ms=13.10 solve_ms=59.50
v5_device jobs=7 rows=3010 cells=47361 direct=true graph_reused=false upload_ms=1.71 capture_ms=3.84 queue_ms=8.28 gpu_ms=0.01 unpack_ms=0.26 total_ms=14.10
v5_service device=0 lane=1 class=1 jobs=7 rows=3010 cells=47361 reach=81098 reverse=99078 table_mib=3.9 mutable_mib=112.0 max_job_mib=17.0 oldest_ms=157.27 pack_ms=2.30 solve_ms=14.16
v5_device jobs=64 rows=13327 cells=198110 direct=true graph_reused=false upload_ms=8.71 capture_ms=3.04 queue_ms=26.78 gpu_ms=0.01 unpack_ms=1.29 total_ms=39.83
v5_service device=1 lane=1 class=0 jobs=64 rows=13327 cells=198110 reach=334817 reverse=415332 table_mib=16.9 mutable_mib=410.0 max_job_mib=8.7 oldest_ms=78.66 pack_ms=10.60 solve_ms=39.88
v5_device jobs=6 rows=2963 cells=36482 direct=true graph_reused=false upload_ms=1.70 capture_ms=4.55 queue_ms=15.53 gpu_ms=0.01 unpack_ms=0.25 total_ms=22.04
v5_service device=1 lane=1 class=1 jobs=6 rows=2963 cells=36482 reach=69894 reverse=83534 table_mib=3.5 mutable_mib=112.0 max_job_mib=33.0 oldest_ms=134.04 pack_ms=2.31 solve_ms=22.11
v5_device jobs=55 rows=11725 cells=196362 direct=true graph_reused=false upload_ms=9.08 capture_ms=4.14 queue_ms=31.29 gpu_ms=0.01 unpack_ms=1.21 total_ms=45.72
v5_service device=1 lane=0 class=0 jobs=55 rows=11725 cells=196362 reach=305043 reverse=392522 table_mib=15.6 mutable_mib=334.0 max_job_mib=8.9 oldest_ms=80.10 pack_ms=11.12 solve_ms=45.78
v5_device jobs=4 rows=2072 cells=24243 direct=true graph_reused=false upload_ms=1.08 capture_ms=4.91 queue_ms=5.07 gpu_ms=0.01 unpack_ms=0.11 total_ms=11.18
v5_service device=1 lane=0 class=1 jobs=4 rows=2072 cells=24243 reach=44772 reverse=53931 table_mib=2.3 mutable_mib=64.0 max_job_mib=16.9 oldest_ms=137.12 pack_ms=1.75 solve_ms=11.23
v5_device jobs=74 rows=15139 cells=258125 direct=true graph_reused=false upload_ms=9.64 capture_ms=3.33 queue_ms=32.08 gpu_ms=0.01 unpack_ms=1.50 total_ms=46.56
v5_service device=0 lane=0 class=0 jobs=74 rows=15139 cells=258125 reach=397674 reverse=506943 table_mib=20.2 mutable_mib=452.0 max_job_mib=9.1 oldest_ms=79.33 pack_ms=12.33 solve_ms=46.59
v5_device jobs=8 rows=3946 cells=81508 direct=true graph_reused=false upload_ms=2.57 capture_ms=3.27 queue_ms=12.87 gpu_ms=0.01 unpack_ms=0.38 total_ms=19.11
v5_service device=0 lane=0 class=1 jobs=8 rows=3946 cells=81508 reach=119895 reverse=151094 table_mib=5.7 mutable_mib=144.0 max_job_mib=34.1 oldest_ms=144.42 pack_ms=3.38 solve_ms=19.16
v5_device jobs=80 rows=16381 cells=238548 direct=true graph_reused=false upload_ms=12.21 capture_ms=4.15 queue_ms=31.08 gpu_ms=0.01 unpack_ms=1.40 total_ms=48.85
v5_service device=0 lane=1 class=0 jobs=80 rows=16381 cells=238548 reach=406670 reverse=506443 table_mib=20.7 mutable_mib=506.0 max_job_mib=8.9 oldest_ms=76.99 pack_ms=11.76 solve_ms=48.90
v5_device jobs=6 rows=2641 cells=42221 direct=true graph_reused=false upload_ms=1.67 capture_ms=3.47 queue_ms=8.74 gpu_ms=0.01 unpack_ms=0.27 total_ms=14.15
v5_service device=0 lane=1 class=1 jobs=6 rows=2641 cells=42221 reach=80285 reverse=95701 table_mib=3.7 mutable_mib=96.0 max_job_mib=17.3 oldest_ms=127.69 pack_ms=2.05 solve_ms=14.22
v5_device jobs=73 rows=15778 cells=228845 direct=true graph_reused=false upload_ms=10.69 capture_ms=3.13 queue_ms=31.34 gpu_ms=0.01 unpack_ms=1.45 total_ms=46.61
v5_service device=1 lane=1 class=0 jobs=73 rows=15778 cells=228845 reach=401850 reverse=493519 table_mib=20.1 mutable_mib=476.0 max_job_mib=8.8 oldest_ms=77.88 pack_ms=11.77 solve_ms=46.66
v5_device jobs=10 rows=4816 cells=70241 direct=true graph_reused=false upload_ms=3.32 capture_ms=4.37 queue_ms=26.77 gpu_ms=0.01 unpack_ms=0.43 total_ms=34.89
v5_service device=1 lane=1 class=1 jobs=10 rows=4816 cells=70241 reach=134075 reverse=161128 table_mib=6.3 mutable_mib=176.0 max_job_mib=33.2 oldest_ms=137.97 pack_ms=4.09 solve_ms=34.94
v5_device jobs=80 rows=18594 cells=291932 direct=true graph_reused=false upload_ms=15.77 capture_ms=4.06 queue_ms=45.32 gpu_ms=0.01 unpack_ms=1.66 total_ms=66.83
v5_service device=1 lane=0 class=0 jobs=80 rows=18594 cells=291932 reach=478768 reverse=599505 table_mib=24.1 mutable_mib=552.0 max_job_mib=8.7 oldest_ms=76.62 pack_ms=15.68 solve_ms=66.88
v5_device jobs=68 rows=13588 cells=216610 direct=true graph_reused=false upload_ms=8.29 capture_ms=2.89 queue_ms=28.62 gpu_ms=0.01 unpack_ms=1.34 total_ms=41.15
v5_service device=0 lane=0 class=0 jobs=68 rows=13588 cells=216610 reach=349198 reverse=442345 table_mib=17.8 mutable_mib=424.0 max_job_mib=8.7 oldest_ms=78.28 pack_ms=11.24 solve_ms=41.21
v5_device jobs=10 rows=5190 cells=82578 direct=true graph_reused=false upload_ms=3.53 capture_ms=4.09 queue_ms=12.19 gpu_ms=0.01 unpack_ms=0.49 total_ms=20.31
v5_service device=1 lane=0 class=1 jobs=10 rows=5190 cells=82578 reach=146348 reverse=178789 table_mib=7.0 mutable_mib=176.0 max_job_mib=33.9 oldest_ms=162.80 pack_ms=4.51 solve_ms=20.36
v5_device jobs=11 rows=5883 cells=73235 direct=true graph_reused=false upload_ms=3.41 capture_ms=3.57 queue_ms=13.69 gpu_ms=0.01 unpack_ms=0.45 total_ms=21.13
v5_service device=0 lane=0 class=1 jobs=11 rows=5883 cells=73235 reach=142005 reverse=167934 table_mib=7.0 mutable_mib=208.0 max_job_mib=33.0 oldest_ms=132.30 pack_ms=4.28 solve_ms=21.19
v5_device jobs=79 rows=16706 cells=273612 direct=true graph_reused=false upload_ms=23.95 capture_ms=3.84 queue_ms=33.19 gpu_ms=0.01 unpack_ms=1.44 total_ms=62.43
v5_service device=0 lane=1 class=0 jobs=79 rows=16706 cells=273612 reach=441000 reverse=557763 table_mib=22.2 mutable_mib=510.0 max_job_mib=8.8 oldest_ms=77.83 pack_ms=17.21 solve_ms=62.48
v5_device jobs=64 rows=12940 cells=210338 direct=true graph_reused=false upload_ms=9.17 capture_ms=3.09 queue_ms=27.56 gpu_ms=0.01 unpack_ms=1.32 total_ms=41.16
v5_service device=1 lane=1 class=0 jobs=64 rows=12940 cells=210338 reach=361126 reverse=447707 table_mib=17.7 mutable_mib=398.0 max_job_mib=8.9 oldest_ms=78.30 pack_ms=10.33 solve_ms=41.22
v5_device jobs=12 rows=6500 cells=114739 direct=true graph_reused=false upload_ms=3.95 capture_ms=3.87 queue_ms=15.91 gpu_ms=0.01 unpack_ms=0.56 total_ms=24.31
v5_service device=0 lane=1 class=1 jobs=12 rows=6500 cells=114739 reach=184604 reverse=227344 table_mib=8.8 mutable_mib=240.0 max_job_mib=33.6 oldest_ms=164.60 pack_ms=4.98 solve_ms=24.37
v5_device jobs=76 rows=15489 cells=245951 direct=true graph_reused=false upload_ms=13.19 capture_ms=3.74 queue_ms=38.79 gpu_ms=0.01 unpack_ms=1.11 total_ms=56.85
v5_service device=1 lane=0 class=0 jobs=76 rows=15489 cells=245951 reach=416057 reverse=517482 table_mib=20.7 mutable_mib=468.0 max_job_mib=8.8 oldest_ms=77.92 pack_ms=13.58 solve_ms=56.88
v5_device jobs=15 rows=7963 cells=125438 direct=true graph_reused=false upload_ms=7.35 capture_ms=5.12 queue_ms=31.04 gpu_ms=0.01 unpack_ms=0.72 total_ms=44.25
v5_service device=1 lane=1 class=1 jobs=15 rows=7963 cells=125438 reach=220097 reverse=263056 table_mib=10.4 mutable_mib=272.0 max_job_mib=33.6 oldest_ms=134.51 pack_ms=6.75 solve_ms=44.30
v5_device jobs=1 rows=10218 cells=247045 direct=true graph_reused=false upload_ms=7.65 capture_ms=5.23 queue_ms=39.36 gpu_ms=0.01 unpack_ms=0.55 total_ms=52.80
v5_service device=0 lane=1 class=2 jobs=1 rows=10218 cells=247045 reach=347633 reverse=441941 table_mib=15.9 mutable_mib=256.0 max_job_mib=275.4 oldest_ms=195.29 pack_ms=9.30 solve_ms=52.86
v5_device jobs=80 rows=16761 cells=252823 direct=true graph_reused=false upload_ms=16.40 capture_ms=3.31 queue_ms=51.56 gpu_ms=0.01 unpack_ms=1.48 total_ms=72.76
v5_service device=0 lane=0 class=0 jobs=80 rows=16761 cells=252823 reach=421254 reverse=525703 table_mib=21.4 mutable_mib=512.0 max_job_mib=8.7 oldest_ms=78.06 pack_ms=13.70 solve_ms=72.81
v5_device jobs=7 rows=4078 cells=65383 direct=true graph_reused=false upload_ms=2.42 capture_ms=3.72 queue_ms=11.58 gpu_ms=0.00 unpack_ms=0.34 total_ms=18.06
v5_service device=1 lane=0 class=1 jobs=7 rows=4078 cells=65383 reach=122416 reverse=145577 table_mib=5.6 mutable_mib=160.0 max_job_mib=33.8 oldest_ms=155.13 pack_ms=3.19 solve_ms=18.10
v5_device jobs=1 rows=380 cells=9109 direct=true graph_reused=false upload_ms=0.37 capture_ms=4.44 queue_ms=1.96 gpu_ms=0.00 unpack_ms=0.04 total_ms=6.82
v5_service device=0 lane=0 class=1 jobs=1 rows=380 cells=9109 reach=16009 reverse=19961 table_mib=0.7 mutable_mib=16.0 max_job_mib=16.9 oldest_ms=169.75 pack_ms=0.50 solve_ms=6.88
v5_device jobs=1 rows=1564 cells=48396 direct=true graph_reused=false upload_ms=1.18 capture_ms=3.73 queue_ms=6.60 gpu_ms=0.00 unpack_ms=0.10 total_ms=11.61
v5_service device=0 lane=0 class=2 jobs=1 rows=1564 cells=48396 reach=62041 reverse=83351 table_mib=2.8 mutable_mib=64.0 max_job_mib=67.5 oldest_ms=138.99 pack_ms=1.61 solve_ms=11.65
v5_device jobs=1 rows=10164 cells=40161 direct=true graph_reused=false upload_ms=5.18 capture_ms=3.28 queue_ms=18.90 gpu_ms=0.01 unpack_ms=0.47 total_ms=27.83
v5_service device=1 lane=0 class=2 jobs=1 rows=10164 cells=40161 reach=191272 reverse=192157 table_mib=9.5 mutable_mib=256.0 max_job_mib=267.7 oldest_ms=172.81 pack_ms=5.70 solve_ms=27.88
v5_device jobs=83 rows=18165 cells=303969 direct=true graph_reused=false upload_ms=17.15 capture_ms=3.28 queue_ms=36.82 gpu_ms=0.01 unpack_ms=1.79 total_ms=59.05
v5_service device=1 lane=1 class=0 jobs=83 rows=18165 cells=303969 reach=499474 reverse=628376 table_mib=24.7 mutable_mib=540.0 max_job_mib=8.9 oldest_ms=76.54 pack_ms=14.03 solve_ms=59.12
v5_device jobs=77 rows=16635 cells=253751 direct=true graph_reused=false upload_ms=14.12 capture_ms=4.01 queue_ms=34.72 gpu_ms=0.01 unpack_ms=1.55 total_ms=54.41
v5_service device=0 lane=1 class=0 jobs=77 rows=16635 cells=253751 reach=420658 reverse=527283 table_mib=21.4 mutable_mib=510.0 max_job_mib=8.8 oldest_ms=77.90 pack_ms=14.04 solve_ms=54.47
v5_device jobs=12 rows=5509 cells=72421 direct=true graph_reused=false upload_ms=3.14 capture_ms=4.31 queue_ms=12.77 gpu_ms=0.01 unpack_ms=0.46 total_ms=20.69
v5_service device=1 lane=1 class=1 jobs=12 rows=5509 cells=72421 reach=138939 reverse=166418 table_mib=6.8 mutable_mib=208.0 max_job_mib=32.8 oldest_ms=156.71 pack_ms=4.35 solve_ms=20.76
v5_device jobs=88 rows=18590 cells=320657 direct=true graph_reused=false upload_ms=17.19 capture_ms=4.40 queue_ms=42.46 gpu_ms=0.01 unpack_ms=1.63 total_ms=65.70
v5_service device=0 lane=0 class=0 jobs=88 rows=18590 cells=320657 reach=509085 reverse=647668 table_mib=25.4 mutable_mib=562.0 max_job_mib=8.8 oldest_ms=78.02 pack_ms=14.46 solve_ms=65.74
v5_device jobs=8 rows=4964 cells=60981 direct=true graph_reused=false upload_ms=3.02 capture_ms=5.93 queue_ms=23.74 gpu_ms=0.01 unpack_ms=0.44 total_ms=33.14
v5_service device=0 lane=1 class=1 jobs=8 rows=4964 cells=60981 reach=123466 reverse=143274 table_mib=5.9 mutable_mib=144.0 max_job_mib=33.4 oldest_ms=142.02 pack_ms=3.62 solve_ms=33.20
v5_device jobs=86 rows=18376 cells=330700 direct=true graph_reused=false upload_ms=36.10 capture_ms=3.40 queue_ms=47.17 gpu_ms=0.01 unpack_ms=1.57 total_ms=88.25
v5_service device=1 lane=0 class=0 jobs=86 rows=18376 cells=330700 reach=516701 reverse=659028 table_mib=25.6 mutable_mib=554.0 max_job_mib=8.9 oldest_ms=77.48 pack_ms=14.90 solve_ms=88.31
v5_device jobs=1 rows=11634 cells=188056 direct=true graph_reused=false upload_ms=6.20 capture_ms=4.15 queue_ms=38.65 gpu_ms=0.01 unpack_ms=0.59 total_ms=49.59
v5_service device=1 lane=1 class=2 jobs=1 rows=11634 cells=188056 reach=271757 reverse=351541 table_mib=14.1 mutable_mib=256.0 max_job_mib=273.0 oldest_ms=129.67 pack_ms=8.36 solve_ms=49.64
v5_device jobs=7 rows=3136 cells=45137 direct=true graph_reused=false upload_ms=1.82 capture_ms=3.48 queue_ms=9.19 gpu_ms=0.01 unpack_ms=0.25 total_ms=14.74
v5_service device=1 lane=0 class=1 jobs=7 rows=3136 cells=45137 reach=84241 reverse=101790 table_mib=4.1 mutable_mib=112.0 max_job_mib=16.9 oldest_ms=187.64 pack_ms=2.71 solve_ms=14.80
v5_device jobs=15 rows=6960 cells=127556 direct=true graph_reused=false upload_ms=5.44 capture_ms=3.39 queue_ms=18.32 gpu_ms=0.01 unpack_ms=0.68 total_ms=27.84
v5_service device=0 lane=0 class=1 jobs=15 rows=6960 cells=127556 reach=227442 reverse=277489 table_mib=10.4 mutable_mib=240.0 max_job_mib=17.3 oldest_ms=192.41 pack_ms=6.90 solve_ms=27.89
v5_device jobs=81 rows=16475 cells=245410 direct=true graph_reused=false upload_ms=23.30 capture_ms=4.10 queue_ms=31.86 gpu_ms=0.01 unpack_ms=1.45 total_ms=60.73
v5_service device=0 lane=1 class=0 jobs=81 rows=16475 cells=245410 reach=405452 reverse=508088 table_mib=20.8 mutable_mib=506.0 max_job_mib=8.6 oldest_ms=77.05 pack_ms=11.88 solve_ms=60.79
v5_device jobs=12 rows=5923 cells=84078 direct=true graph_reused=false upload_ms=3.22 capture_ms=3.78 queue_ms=43.02 gpu_ms=0.01 unpack_ms=0.50 total_ms=50.53
v5_service device=0 lane=1 class=1 jobs=12 rows=5923 cells=84078 reach=153523 reverse=185228 table_mib=7.5 mutable_mib=208.0 max_job_mib=33.4 oldest_ms=157.01 pack_ms=4.46 solve_ms=50.58
v5_device jobs=81 rows=17387 cells=322109 direct=true graph_reused=false upload_ms=17.46 capture_ms=4.49 queue_ms=45.71 gpu_ms=0.01 unpack_ms=1.95 total_ms=69.62
v5_service device=1 lane=0 class=0 jobs=81 rows=17387 cells=322109 reach=497957 reverse=639959 table_mib=24.7 mutable_mib=498.0 max_job_mib=8.8 oldest_ms=76.97 pack_ms=13.63 solve_ms=69.67
v5_device jobs=92 rows=18822 cells=308493 direct=true graph_reused=false upload_ms=17.36 capture_ms=3.19 queue_ms=67.49 gpu_ms=0.01 unpack_ms=2.01 total_ms=90.06
v5_service device=1 lane=1 class=0 jobs=92 rows=18822 cells=308493 reach=496749 reverse=628427 table_mib=25.0 mutable_mib=594.0 max_job_mib=8.9 oldest_ms=77.69 pack_ms=13.90 solve_ms=90.11
v5_device jobs=83 rows=15715 cells=262648 direct=true graph_reused=false upload_ms=12.33 capture_ms=4.32 queue_ms=36.82 gpu_ms=0.00 unpack_ms=1.83 total_ms=55.31
v5_service device=0 lane=0 class=0 jobs=83 rows=15715 cells=262648 reach=418485 reverse=531449 table_mib=21.1 mutable_mib=474.0 max_job_mib=8.8 oldest_ms=77.87 pack_ms=14.97 solve_ms=55.34
v5_device jobs=4 rows=2549 cells=42184 direct=true graph_reused=false upload_ms=2.08 capture_ms=4.33 queue_ms=9.33 gpu_ms=0.01 unpack_ms=0.30 total_ms=16.04
v5_service device=0 lane=0 class=1 jobs=4 rows=2549 cells=42184 reach=86798 reverse=100629 table_mib=3.8 mutable_mib=80.0 max_job_mib=33.8 oldest_ms=153.18 pack_ms=2.44 solve_ms=16.11
v5_device jobs=9 rows=4129 cells=57008 direct=true graph_reused=false upload_ms=3.01 capture_ms=4.29 queue_ms=25.94 gpu_ms=0.01 unpack_ms=0.34 total_ms=33.59
v5_service device=1 lane=1 class=1 jobs=9 rows=4129 cells=57008 reach=106773 reverse=127422 table_mib=5.2 mutable_mib=144.0 max_job_mib=17.5 oldest_ms=160.12 pack_ms=3.47 solve_ms=33.64
v5_device jobs=14 rows=6924 cells=140741 direct=true graph_reused=false upload_ms=5.99 capture_ms=4.85 queue_ms=19.52 gpu_ms=0.01 unpack_ms=0.78 total_ms=31.15
v5_service device=1 lane=0 class=1 jobs=14 rows=6924 cells=140741 reach=223110 reverse=280782 table_mib=10.4 mutable_mib=224.0 max_job_mib=17.3 oldest_ms=169.81 pack_ms=6.79 solve_ms=31.21
v5_device jobs=81 rows=16870 cells=275270 direct=true graph_reused=false upload_ms=12.27 capture_ms=3.95 queue_ms=64.00 gpu_ms=0.01 unpack_ms=1.61 total_ms=81.84
v5_service device=0 lane=1 class=0 jobs=81 rows=16870 cells=275270 reach=433960 reverse=550420 table_mib=22.1 mutable_mib=524.0 max_job_mib=8.8 oldest_ms=76.37 pack_ms=13.11 solve_ms=81.89
v5_device jobs=69 rows=15845 cells=282854 direct=true graph_reused=false upload_ms=12.76 capture_ms=4.23 queue_ms=38.24 gpu_ms=0.01 unpack_ms=1.64 total_ms=56.87
v5_service device=0 lane=0 class=0 jobs=69 rows=15845 cells=282854 reach=442307 reverse=563034 table_mib=21.9 mutable_mib=476.0 max_job_mib=8.8 oldest_ms=77.07 pack_ms=12.10 solve_ms=56.92
v5_device jobs=69 rows=14888 cells=222881 direct=true graph_reused=false upload_ms=9.42 capture_ms=3.31 queue_ms=51.42 gpu_ms=0.01 unpack_ms=1.43 total_ms=65.58
v5_service device=1 lane=1 class=0 jobs=69 rows=14888 cells=222881 reach=374859 reverse=466264 table_mib=18.9 mutable_mib=454.0 max_job_mib=8.8 oldest_ms=77.61 pack_ms=11.18 solve_ms=65.63
v5_device jobs=63 rows=14817 cells=265256 direct=true graph_reused=false upload_ms=11.33 capture_ms=4.37 queue_ms=46.92 gpu_ms=0.01 unpack_ms=1.66 total_ms=64.29
v5_service device=1 lane=0 class=0 jobs=63 rows=14817 cells=265256 reach=431143 reverse=542582 table_mib=20.9 mutable_mib=456.0 max_job_mib=8.8 oldest_ms=77.81 pack_ms=11.97 solve_ms=64.33
v5_device jobs=15 rows=7889 cells=126190 direct=true graph_reused=false upload_ms=5.74 capture_ms=4.01 queue_ms=29.45 gpu_ms=0.01 unpack_ms=0.75 total_ms=39.95
v5_service device=0 lane=0 class=1 jobs=15 rows=7889 cells=126190 reach=236607 reverse=283114 table_mib=10.9 mutable_mib=256.0 max_job_mib=34.6 oldest_ms=152.64 pack_ms=7.17 solve_ms=40.00
v5_device jobs=13 rows=6547 cells=106005 direct=true graph_reused=false upload_ms=5.43 capture_ms=6.32 queue_ms=26.48 gpu_ms=0.01 unpack_ms=0.68 total_ms=38.91
v5_service device=0 lane=1 class=1 jobs=13 rows=6547 cells=106005 reach=203737 reverse=241874 table_mib=9.2 mutable_mib=224.0 max_job_mib=33.3 oldest_ms=182.39 pack_ms=6.09 solve_ms=38.95
v5_device jobs=4 rows=2119 cells=57449 direct=true graph_reused=false upload_ms=1.62 capture_ms=4.61 queue_ms=18.18 gpu_ms=0.01 unpack_ms=0.27 total_ms=24.69
v5_service device=1 lane=1 class=1 jobs=4 rows=2119 cells=57449 reach=82623 reverse=106885 table_mib=3.7 mutable_mib=80.0 max_job_mib=34.1 oldest_ms=161.84 pack_ms=2.95 solve_ms=24.75
v5_device jobs=12 rows=5926 cells=74867 direct=true graph_reused=false upload_ms=3.60 capture_ms=4.49 queue_ms=16.63 gpu_ms=0.01 unpack_ms=0.53 total_ms=25.27
v5_service device=1 lane=0 class=1 jobs=12 rows=5926 cells=74867 reach=158487 reverse=185375 table_mib=7.5 mutable_mib=208.0 max_job_mib=32.7 oldest_ms=160.17 pack_ms=4.64 solve_ms=25.32
v5_device jobs=71 rows=16212 cells=246724 direct=true graph_reused=false upload_ms=14.05 capture_ms=3.37 queue_ms=53.53 gpu_ms=0.01 unpack_ms=1.51 total_ms=72.46
v5_service device=0 lane=0 class=0 jobs=71 rows=16212 cells=246724 reach=407192 reverse=512943 table_mib=20.8 mutable_mib=484.0 max_job_mib=8.7 oldest_ms=78.87 pack_ms=13.22 solve_ms=72.51
v5_device jobs=63 rows=12717 cells=193828 direct=true graph_reused=false upload_ms=18.02 capture_ms=4.08 queue_ms=44.87 gpu_ms=0.01 unpack_ms=1.26 total_ms=68.24
v5_service device=1 lane=0 class=0 jobs=63 rows=12717 cells=193828 reach=318041 reverse=398214 table_mib=16.2 mutable_mib=388.0 max_job_mib=8.8 oldest_ms=78.13 pack_ms=10.40 solve_ms=68.29
v5_device jobs=82 rows=17711 cells=270707 direct=true graph_reused=false upload_ms=14.39 capture_ms=3.21 queue_ms=47.94 gpu_ms=0.01 unpack_ms=2.06 total_ms=67.61
v5_service device=1 lane=1 class=0 jobs=82 rows=17711 cells=270707 reach=443766 reverse=556235 table_mib=22.5 mutable_mib=516.0 max_job_mib=8.7 oldest_ms=77.91 pack_ms=13.50 solve_ms=67.67
v5_device jobs=88 rows=18616 cells=307226 direct=true graph_reused=false upload_ms=18.45 capture_ms=5.04 queue_ms=54.26 gpu_ms=0.01 unpack_ms=2.21 total_ms=79.97
v5_service device=0 lane=1 class=0 jobs=88 rows=18616 cells=307226 reach=488978 reverse=619433 table_mib=24.7 mutable_mib=566.0 max_job_mib=9.0 oldest_ms=77.02 pack_ms=15.22 solve_ms=80.02
v5_device jobs=11 rows=5281 cells=68682 direct=true graph_reused=false upload_ms=3.74 capture_ms=5.13 queue_ms=12.90 gpu_ms=0.01 unpack_ms=0.40 total_ms=22.18
v5_service device=1 lane=1 class=1 jobs=11 rows=5281 cells=68682 reach=137597 reverse=160279 table_mib=6.5 mutable_mib=176.0 max_job_mib=17.2 oldest_ms=168.46 pack_ms=4.40 solve_ms=22.24
v5_device jobs=8 rows=3683 cells=46225 direct=true graph_reused=false upload_ms=2.28 capture_ms=4.95 queue_ms=19.46 gpu_ms=0.01 unpack_ms=0.33 total_ms=27.03
v5_service device=1 lane=0 class=1 jobs=8 rows=3683 cells=46225 reach=93323 reverse=107193 table_mib=4.5 mutable_mib=128.0 max_job_mib=17.1 oldest_ms=152.09 pack_ms=3.32 solve_ms=27.10
v5_device jobs=9 rows=4411 cells=63817 direct=true graph_reused=false upload_ms=2.67 capture_ms=6.16 queue_ms=11.97 gpu_ms=0.01 unpack_ms=0.38 total_ms=21.18
v5_service device=0 lane=1 class=1 jobs=9 rows=4411 cells=63817 reach=121023 reverse=143159 table_mib=5.7 mutable_mib=160.0 max_job_mib=33.6 oldest_ms=170.34 pack_ms=3.75 solve_ms=21.23
v5_device jobs=8 rows=4040 cells=73394 direct=true graph_reused=false upload_ms=2.98 capture_ms=3.45 queue_ms=23.26 gpu_ms=0.01 unpack_ms=0.39 total_ms=30.08
v5_service device=0 lane=0 class=1 jobs=8 rows=4040 cells=73394 reach=108909 reverse=139434 table_mib=5.4 mutable_mib=160.0 max_job_mib=33.5 oldest_ms=173.75 pack_ms=3.60 solve_ms=30.13
v5_device jobs=94 rows=19276 cells=289019 direct=true graph_reused=false upload_ms=15.59 capture_ms=3.41 queue_ms=53.14 gpu_ms=0.01 unpack_ms=1.45 total_ms=73.60
v5_service device=1 lane=1 class=0 jobs=94 rows=19276 cells=289019 reach=448156 reverse=569735 table_mib=23.5 mutable_mib=616.0 max_job_mib=8.8 oldest_ms=77.85 pack_ms=13.60 solve_ms=73.64
v5_device jobs=81 rows=18125 cells=289672 direct=true graph_reused=false upload_ms=19.49 capture_ms=4.25 queue_ms=51.94 gpu_ms=0.01 unpack_ms=1.66 total_ms=77.34
v5_service device=1 lane=0 class=0 jobs=81 rows=18125 cells=289672 reach=433581 reverse=556551 table_mib=22.5 mutable_mib=556.0 max_job_mib=8.7 oldest_ms=77.63 pack_ms=14.00 solve_ms=77.39
v5_device jobs=1 rows=399 cells=2970 direct=true graph_reused=false upload_ms=0.35 capture_ms=5.82 queue_ms=0.62 gpu_ms=0.01 unpack_ms=0.03 total_ms=6.82
v5_service device=1 lane=1 class=1 jobs=1 rows=399 cells=2970 reach=8536 reverse=9421 table_mib=0.4 mutable_mib=16.0 max_job_mib=16.5 oldest_ms=151.44 pack_ms=0.50 solve_ms=6.88
v5_device jobs=104 rows=22801 cells=349186 direct=true graph_reused=false upload_ms=36.17 capture_ms=4.88 queue_ms=46.84 gpu_ms=0.01 unpack_ms=2.03 total_ms=89.94
v5_service device=0 lane=1 class=0 jobs=104 rows=22801 cells=349186 reach=532823 reverse=677632 table_mib=27.8 mutable_mib=696.0 max_job_mib=8.8 oldest_ms=76.76 pack_ms=17.55 solve_ms=89.99
v5_device jobs=71 rows=14575 cells=256879 direct=true graph_reused=false upload_ms=14.44 capture_ms=3.85 queue_ms=72.52 gpu_ms=0.01 unpack_ms=1.64 total_ms=92.45
v5_service device=0 lane=0 class=0 jobs=71 rows=14575 cells=256879 reach=405846 reverse=518144 table_mib=20.2 mutable_mib=438.0 max_job_mib=8.8 oldest_ms=77.27 pack_ms=14.67 solve_ms=92.55
v5_device jobs=7 rows=4146 cells=62835 direct=true graph_reused=false upload_ms=2.48 capture_ms=4.30 queue_ms=10.34 gpu_ms=0.01 unpack_ms=0.46 total_ms=17.58
v5_service device=1 lane=0 class=1 jobs=7 rows=4146 cells=62835 reach=104391 reverse=126330 table_mib=5.1 mutable_mib=144.0 max_job_mib=33.1 oldest_ms=166.96 pack_ms=4.23 solve_ms=17.64
v5_device jobs=1 rows=1950 cells=44324 direct=true graph_reused=false upload_ms=1.38 capture_ms=5.09 queue_ms=5.32 gpu_ms=0.01 unpack_ms=0.15 total_ms=11.97
v5_service device=1 lane=0 class=2 jobs=1 rows=1950 cells=44324 reach=62228 reverse=77787 table_mib=2.9 mutable_mib=64.0 max_job_mib=67.5 oldest_ms=167.98 pack_ms=2.09 solve_ms=12.02
v5_device jobs=7 rows=3015 cells=54996 direct=true graph_reused=false upload_ms=2.84 capture_ms=5.77 queue_ms=18.02 gpu_ms=0.01 unpack_ms=0.34 total_ms=26.98
v5_service device=0 lane=0 class=1 jobs=7 rows=3015 cells=54996 reach=92522 reverse=113578 table_mib=4.3 mutable_mib=112.0 max_job_mib=17.1 oldest_ms=182.88 pack_ms=4.35 solve_ms=27.05
v5_device jobs=10 rows=5057 cells=76266 direct=true graph_reused=false upload_ms=3.11 capture_ms=5.12 queue_ms=15.20 gpu_ms=0.01 unpack_ms=0.43 total_ms=23.86
v5_service device=0 lane=1 class=1 jobs=10 rows=5057 cells=76266 reach=132787 reverse=160998 table_mib=6.4 mutable_mib=176.0 max_job_mib=32.9 oldest_ms=186.57 pack_ms=4.01 solve_ms=23.95
v5_device jobs=1 rows=2169 cells=9241 direct=true graph_reused=false upload_ms=0.64 capture_ms=6.02 queue_ms=3.26 gpu_ms=0.00 unpack_ms=0.04 total_ms=9.96
v5_service device=0 lane=1 class=2 jobs=1 rows=2169 cells=9241 reach=24563 reverse=24881 table_mib=1.6 mutable_mib=64.0 max_job_mib=65.9 oldest_ms=194.49 pack_ms=1.40 solve_ms=10.00
v5_device jobs=75 rows=16454 cells=238312 direct=true graph_reused=false upload_ms=9.36 capture_ms=3.06 queue_ms=29.30 gpu_ms=0.01 unpack_ms=1.35 total_ms=43.07
v5_service device=1 lane=1 class=0 jobs=75 rows=16454 cells=238312 reach=354265 reverse=451964 table_mib=19.0 mutable_mib=500.0 max_job_mib=8.8 oldest_ms=77.02 pack_ms=10.40 solve_ms=43.12
v5_device jobs=17 rows=8852 cells=175415 direct=true graph_reused=false upload_ms=6.48 capture_ms=4.22 queue_ms=39.02 gpu_ms=0.01 unpack_ms=0.78 total_ms=50.51
v5_service device=1 lane=1 class=1 jobs=17 rows=8852 cells=175415 reach=235092 reverse=308400 table_mib=11.7 mutable_mib=304.0 max_job_mib=34.9 oldest_ms=141.17 pack_ms=6.86 solve_ms=50.56
v5_device jobs=93 rows=19898 cells=299475 direct=true graph_reused=false upload_ms=28.67 capture_ms=3.23 queue_ms=45.43 gpu_ms=0.01 unpack_ms=1.93 total_ms=79.27
v5_service device=1 lane=0 class=0 jobs=93 rows=19898 cells=299475 reach=427095 reverse=555358 table_mib=23.1 mutable_mib=596.0 max_job_mib=8.7 oldest_ms=77.50 pack_ms=13.39 solve_ms=79.31
v5_device jobs=78 rows=17278 cells=270436 direct=true graph_reused=false upload_ms=16.38 capture_ms=3.77 queue_ms=50.01 gpu_ms=0.01 unpack_ms=1.75 total_ms=71.93
v5_service device=0 lane=0 class=0 jobs=78 rows=17278 cells=270436 reach=436780 reverse=552349 table_mib=22.2 mutable_mib=538.0 max_job_mib=8.9 oldest_ms=78.56 pack_ms=16.37 solve_ms=71.99
v5_device jobs=5 rows=2320 cells=29164 direct=true graph_reused=false upload_ms=1.13 capture_ms=3.44 queue_ms=7.38 gpu_ms=0.01 unpack_ms=0.23 total_ms=12.18
v5_service device=1 lane=0 class=1 jobs=5 rows=2320 cells=29164 reach=51289 reverse=61029 table_mib=2.6 mutable_mib=80.0 max_job_mib=17.1 oldest_ms=176.30 pack_ms=1.80 solve_ms=12.24
v5_device jobs=101 rows=21905 cells=282565 direct=true graph_reused=false upload_ms=19.04 capture_ms=4.90 queue_ms=48.25 gpu_ms=0.01 unpack_ms=1.85 total_ms=74.05
v5_service device=0 lane=1 class=0 jobs=101 rows=21905 cells=282565 reach=323421 reverse=440552 table_mib=20.3 mutable_mib=648.0 max_job_mib=8.8 oldest_ms=78.43 pack_ms=12.93 solve_ms=74.10
v5_device jobs=6 rows=2796 cells=54968 direct=true graph_reused=false upload_ms=2.60 capture_ms=6.41 queue_ms=6.93 gpu_ms=0.01 unpack_ms=0.34 total_ms=16.28
v5_service device=0 lane=0 class=1 jobs=6 rows=2796 cells=54968 reach=92074 reverse=113016 table_mib=4.2 mutable_mib=96.0 max_job_mib=17.3 oldest_ms=168.46 pack_ms=3.81 solve_ms=16.36
v5_device jobs=18 rows=9143 cells=138731 direct=true graph_reused=false upload_ms=4.41 capture_ms=4.29 queue_ms=16.66 gpu_ms=0.01 unpack_ms=0.65 total_ms=26.02
v5_service device=0 lane=1 class=1 jobs=18 rows=9143 cells=138731 reach=185994 reverse=241536 table_mib=10.0 mutable_mib=304.0 max_job_mib=33.0 oldest_ms=175.41 pack_ms=5.79 solve_ms=26.08
v5_device jobs=110 rows=23171 cells=320054 direct=true graph_reused=false upload_ms=7.79 capture_ms=3.12 queue_ms=34.91 gpu_ms=0.01 unpack_ms=1.69 total_ms=47.52
v5_service device=1 lane=1 class=0 jobs=110 rows=23171 cells=320054 reach=261959 reverse=407438 table_mib=19.4 mutable_mib=716.0 max_job_mib=8.7 oldest_ms=76.57 pack_ms=10.21 solve_ms=47.57
v5_device jobs=3 rows=1468 cells=17149 direct=true graph_reused=false upload_ms=0.49 capture_ms=4.96 queue_ms=8.59 gpu_ms=0.01 unpack_ms=0.10 total_ms=14.15
v5_service device=1 lane=1 class=1 jobs=3 rows=1468 cells=17149 reach=17125 reverse=23935 table_mib=1.2 mutable_mib=48.0 max_job_mib=16.7 oldest_ms=140.18 pack_ms=0.83 solve_ms=14.20
v5_device jobs=92 rows=20009 cells=251481 direct=true graph_reused=false upload_ms=9.03 capture_ms=4.26 queue_ms=38.19 gpu_ms=0.01 unpack_ms=1.74 total_ms=53.22
v5_service device=1 lane=0 class=0 jobs=92 rows=20009 cells=251481 reach=308797 reverse=415079 table_mib=19.0 mutable_mib=604.0 max_job_mib=8.6 oldest_ms=76.52 pack_ms=10.99 solve_ms=53.29
v5_device jobs=65 rows=13038 cells=198163 direct=true graph_reused=false upload_ms=8.94 capture_ms=3.97 queue_ms=23.41 gpu_ms=0.01 unpack_ms=1.40 total_ms=37.72
v5_service device=0 lane=0 class=0 jobs=65 rows=13038 cells=198163 reach=260228 reverse=349168 table_mib=14.6 mutable_mib=400.0 max_job_mib=8.7 oldest_ms=78.91 pack_ms=10.11 solve_ms=37.78
v5_device jobs=7 rows=3304 cells=49953 direct=true graph_reused=false upload_ms=1.25 capture_ms=4.08 queue_ms=6.82 gpu_ms=0.01 unpack_ms=0.22 total_ms=12.37
v5_service device=1 lane=0 class=1 jobs=7 rows=3304 cells=49953 reach=56059 reverse=74974 table_mib=3.2 mutable_mib=128.0 max_job_mib=32.6 oldest_ms=148.81 pack_ms=2.05 solve_ms=12.42
v5_device jobs=7 rows=3364 cells=52578 direct=true graph_reused=false upload_ms=1.82 capture_ms=5.03 queue_ms=21.36 gpu_ms=0.01 unpack_ms=0.30 total_ms=28.52
v5_service device=0 lane=0 class=1 jobs=7 rows=3364 cells=52578 reach=74284 reverse=95787 table_mib=3.9 mutable_mib=112.0 max_job_mib=17.1 oldest_ms=132.59 pack_ms=2.77 solve_ms=28.59
v5_device jobs=120 rows=26070 cells=317476 direct=true graph_reused=false upload_ms=9.61 capture_ms=7.78 queue_ms=35.74 gpu_ms=0.01 unpack_ms=1.74 total_ms=54.88
v5_service device=0 lane=1 class=0 jobs=120 rows=26070 cells=317476 reach=274924 reverse=411225 table_mib=20.5 mutable_mib=776.0 max_job_mib=8.8 oldest_ms=76.99 pack_ms=11.51 solve_ms=54.93
v5_device jobs=14 rows=6417 cells=88710 direct=true graph_reused=false upload_ms=2.51 capture_ms=3.86 queue_ms=13.49 gpu_ms=0.01 unpack_ms=0.45 total_ms=20.32
v5_service device=0 lane=1 class=1 jobs=14 rows=6417 cells=88710 reach=117633 reverse=152769 table_mib=6.6 mutable_mib=256.0 max_job_mib=33.4 oldest_ms=151.91 pack_ms=3.45 solve_ms=20.37
v5_device jobs=19 rows=9148 cells=123412 direct=true graph_reused=false upload_ms=2.99 capture_ms=4.86 queue_ms=13.16 gpu_ms=0.01 unpack_ms=0.56 total_ms=21.57
v5_service device=1 lane=1 class=1 jobs=19 rows=9148 cells=123412 reach=123954 reverse=172150 table_mib=7.9 mutable_mib=336.0 max_job_mib=33.0 oldest_ms=76.37 pack_ms=3.85 solve_ms=21.62
v5_device jobs=79 rows=18115 cells=273216 direct=true graph_reused=false upload_ms=6.48 capture_ms=3.31 queue_ms=41.76 gpu_ms=0.01 unpack_ms=1.46 total_ms=53.02
v5_service device=1 lane=0 class=0 jobs=79 rows=18115 cells=273216 reach=231860 reverse=355823 table_mib=16.2 mutable_mib=558.0 max_job_mib=8.7 oldest_ms=78.21 pack_ms=9.78 solve_ms=53.08
v5_device jobs=113 rows=23966 cells=250996 direct=true graph_reused=false upload_ms=8.90 capture_ms=4.15 queue_ms=38.82 gpu_ms=14.42 unpack_ms=1.80 total_ms=68.09
v5_service device=1 lane=1 class=0 jobs=113 rows=23966 cells=250996 reach=149429 reverse=259351 table_mib=15.3 mutable_mib=730.0 max_job_mib=8.4 oldest_ms=107.57 pack_ms=9.11 solve_ms=68.15
v5_device jobs=94 rows=19301 cells=245523 direct=true graph_reused=false upload_ms=6.51 capture_ms=3.96 queue_ms=25.31 gpu_ms=11.63 unpack_ms=1.80 total_ms=49.20
v5_service device=0 lane=0 class=0 jobs=94 rows=19301 cells=245523 reach=223795 reverse=331854 table_mib=16.0 mutable_mib=580.0 max_job_mib=8.8 oldest_ms=76.76 pack_ms=10.61 solve_ms=49.32
v5_device jobs=17 rows=9004 cells=123213 direct=true graph_reused=false upload_ms=2.53 capture_ms=3.46 queue_ms=12.30 gpu_ms=0.01 unpack_ms=0.64 total_ms=18.95
v5_service device=1 lane=0 class=1 jobs=17 rows=9004 cells=123213 reach=86008 reverse=137075 table_mib=6.8 mutable_mib=304.0 max_job_mib=33.4 oldest_ms=145.69 pack_ms=3.75 solve_ms=19.01
v5_device jobs=97 rows=21812 cells=263357 direct=true graph_reused=false upload_ms=6.21 capture_ms=4.12 queue_ms=24.91 gpu_ms=0.01 unpack_ms=1.50 total_ms=36.74
v5_service device=0 lane=1 class=0 jobs=97 rows=21812 cells=263357 reach=146245 reverse=263357 table_mib=14.6 mutable_mib=656.0 max_job_mib=8.4 oldest_ms=76.67 pack_ms=8.14 solve_ms=36.80
v5_device jobs=12 rows=6406 cells=82630 direct=true graph_reused=false upload_ms=2.33 capture_ms=5.07 queue_ms=9.98 gpu_ms=0.01 unpack_ms=0.49 total_ms=17.87
v5_service device=0 lane=0 class=1 jobs=12 rows=6406 cells=82630 reach=65842 reverse=101208 table_mib=4.9 mutable_mib=208.0 max_job_mib=33.0 oldest_ms=143.14 pack_ms=3.74 solve_ms=17.93
v5_device jobs=21 rows=11266 cells=123898 direct=true graph_reused=false upload_ms=2.50 capture_ms=3.73 queue_ms=14.94 gpu_ms=0.01 unpack_ms=0.53 total_ms=21.71
v5_service device=0 lane=1 class=1 jobs=21 rows=11266 cells=123898 reach=94101 reverse=138915 table_mib=7.6 mutable_mib=384.0 max_job_mib=32.7 oldest_ms=129.26 pack_ms=4.90 solve_ms=21.77
v5_device jobs=2 rows=5202 cells=37852 direct=true graph_reused=false upload_ms=0.82 capture_ms=3.97 queue_ms=7.30 gpu_ms=0.01 unpack_ms=0.18 total_ms=12.28
v5_service device=0 lane=1 class=2 jobs=2 rows=5202 cells=37852 reach=25599 reverse=37852 table_mib=2.7 mutable_mib=192.0 max_job_mib=130.1 oldest_ms=141.31 pack_ms=1.16 solve_ms=12.33
v5_device jobs=115 rows=25812 cells=313217 direct=true graph_reused=false upload_ms=6.31 capture_ms=3.28 queue_ms=41.48 gpu_ms=0.01 unpack_ms=1.71 total_ms=52.78
v5_service device=1 lane=1 class=0 jobs=115 rows=25812 cells=313217 reach=178863 reverse=319387 table_mib=17.5 mutable_mib=778.0 max_job_mib=8.6 oldest_ms=76.62 pack_ms=8.73 solve_ms=52.86
v5_device jobs=86 rows=18829 cells=243163 direct=true graph_reused=false upload_ms=5.07 capture_ms=4.17 queue_ms=38.25 gpu_ms=0.01 unpack_ms=1.49 total_ms=48.98
v5_service device=1 lane=0 class=0 jobs=86 rows=18829 cells=243163 reach=170501 reverse=280870 table_mib=14.2 mutable_mib=558.0 max_job_mib=8.6 oldest_ms=76.49 pack_ms=7.97 solve_ms=49.03
v5_device jobs=83 rows=18722 cells=239859 direct=true graph_reused=false upload_ms=5.71 capture_ms=3.88 queue_ms=24.09 gpu_ms=0.01 unpack_ms=1.59 total_ms=35.29
v5_service device=0 lane=0 class=0 jobs=83 rows=18722 cells=239859 reach=193020 reverse=298930 table_mib=14.8 mutable_mib=566.0 max_job_mib=8.6 oldest_ms=77.71 pack_ms=9.60 solve_ms=35.35
v5_device jobs=13 rows=7203 cells=80836 direct=true graph_reused=false upload_ms=2.13 capture_ms=3.86 queue_ms=15.82 gpu_ms=0.01 unpack_ms=0.45 total_ms=22.27
v5_service device=1 lane=0 class=1 jobs=13 rows=7203 cells=80836 reach=63738 reverse=94078 table_mib=5.1 mutable_mib=240.0 max_job_mib=32.8 oldest_ms=141.39 pack_ms=3.13 solve_ms=22.31
v5_device jobs=13 rows=6590 cells=64648 direct=true graph_reused=false upload_ms=2.02 capture_ms=4.48 queue_ms=14.65 gpu_ms=0.01 unpack_ms=0.45 total_ms=21.60
v5_service device=1 lane=1 class=1 jobs=13 rows=6590 cells=64648 reach=67542 reverse=91880 table_mib=4.8 mutable_mib=224.0 max_job_mib=33.7 oldest_ms=150.00 pack_ms=2.80 solve_ms=21.64
v5_device jobs=6 rows=3428 cells=33852 direct=true graph_reused=false upload_ms=1.01 capture_ms=4.67 queue_ms=24.06 gpu_ms=0.01 unpack_ms=0.28 total_ms=30.03
v5_service device=0 lane=0 class=1 jobs=6 rows=3428 cells=33852 reach=30553 reverse=41733 table_mib=2.3 mutable_mib=112.0 max_job_mib=33.0 oldest_ms=128.56 pack_ms=1.52 solve_ms=30.09
v5_device jobs=85 rows=18829 cells=255507 direct=true graph_reused=false upload_ms=5.47 capture_ms=5.05 queue_ms=23.87 gpu_ms=0.01 unpack_ms=1.43 total_ms=35.83
v5_service device=0 lane=1 class=0 jobs=85 rows=18829 cells=255507 reach=135362 reverse=255507 table_mib=13.4 mutable_mib=558.0 max_job_mib=8.4 oldest_ms=78.56 pack_ms=11.44 solve_ms=35.88
v5_device jobs=17 rows=8648 cells=98481 direct=true graph_reused=false upload_ms=1.97 capture_ms=4.22 queue_ms=10.17 gpu_ms=0.01 unpack_ms=0.45 total_ms=16.82
v5_service device=0 lane=1 class=1 jobs=17 rows=8648 cells=98481 reach=62517 reverse=98481 table_mib=5.6 mutable_mib=288.0 max_job_mib=32.9 oldest_ms=131.34 pack_ms=2.64 solve_ms=16.88
v5_device jobs=85 rows=18631 cells=213480 direct=true graph_reused=false upload_ms=4.64 capture_ms=3.22 queue_ms=35.72 gpu_ms=0.01 unpack_ms=1.28 total_ms=44.87
v5_service device=1 lane=0 class=0 jobs=85 rows=18631 cells=213480 reach=151179 reverse=243161 table_mib=13.1 mutable_mib=548.0 max_job_mib=8.6 oldest_ms=76.91 pack_ms=7.36 solve_ms=44.94
v5_device jobs=98 rows=22078 cells=244815 direct=true graph_reused=false upload_ms=5.34 capture_ms=4.20 queue_ms=34.82 gpu_ms=0.01 unpack_ms=1.74 total_ms=46.11
v5_service device=1 lane=1 class=0 jobs=98 rows=22078 cells=244815 reach=142279 reverse=249948 table_mib=14.3 mutable_mib=634.0 max_job_mib=8.4 oldest_ms=77.46 pack_ms=7.27 solve_ms=46.16
v5_device jobs=93 rows=20796 cells=276981 direct=true graph_reused=false upload_ms=6.04 capture_ms=3.79 queue_ms=24.78 gpu_ms=0.01 unpack_ms=1.81 total_ms=36.42
v5_service device=0 lane=0 class=0 jobs=93 rows=20796 cells=276981 reach=191501 reverse=318824 table_mib=15.9 mutable_mib=624.0 max_job_mib=8.7 oldest_ms=76.66 pack_ms=10.48 solve_ms=36.46
v5_device jobs=9 rows=4714 cells=42216 direct=true graph_reused=false upload_ms=0.99 capture_ms=3.61 queue_ms=9.47 gpu_ms=0.01 unpack_ms=0.28 total_ms=14.35
v5_service device=1 lane=0 class=1 jobs=9 rows=4714 cells=42216 reach=26859 reverse=42216 table_mib=2.8 mutable_mib=160.0 max_job_mib=32.6 oldest_ms=136.53 pack_ms=1.59 solve_ms=14.40
v5_device jobs=10 rows=4221 cells=43332 direct=true graph_reused=false upload_ms=0.97 capture_ms=5.03 queue_ms=6.95 gpu_ms=0.01 unpack_ms=0.28 total_ms=13.23
v5_service device=1 lane=1 class=1 jobs=10 rows=4221 cells=43332 reach=27488 reverse=43332 table_mib=2.6 mutable_mib=160.0 max_job_mib=16.5 oldest_ms=139.60 pack_ms=1.41 solve_ms=13.27
v5_device jobs=15 rows=8872 cells=112588 direct=true graph_reused=false upload_ms=2.42 capture_ms=4.77 queue_ms=16.52 gpu_ms=0.01 unpack_ms=0.60 total_ms=24.32
v5_service device=0 lane=0 class=1 jobs=15 rows=8872 cells=112588 reach=78144 reverse=122379 table_mib=6.4 mutable_mib=272.0 max_job_mib=33.4 oldest_ms=132.38 pack_ms=3.94 solve_ms=24.36
v5_device jobs=103 rows=22450 cells=252372 direct=true graph_reused=false upload_ms=6.23 capture_ms=8.21 queue_ms=32.06 gpu_ms=0.01 unpack_ms=1.46 total_ms=47.97
v5_service device=0 lane=1 class=0 jobs=103 rows=22450 cells=252372 reach=139392 reverse=252372 table_mib=14.5 mutable_mib=646.0 max_job_mib=8.4 oldest_ms=77.52 pack_ms=7.21 solve_ms=48.03
v5_device jobs=1 rows=9392 cells=111168 direct=true graph_reused=false upload_ms=2.27 capture_ms=4.10 queue_ms=13.56 gpu_ms=0.01 unpack_ms=0.26 total_ms=20.20
v5_service device=0 lane=0 class=2 jobs=1 rows=9392 cells=111168 reach=64148 reverse=111168 table_mib=6.0 mutable_mib=256.0 max_job_mib=263.9 oldest_ms=87.19 pack_ms=3.27 solve_ms=20.25
v5_device jobs=10 rows=4792 cells=43458 direct=true graph_reused=false upload_ms=0.92 capture_ms=4.86 queue_ms=10.71 gpu_ms=0.01 unpack_ms=0.22 total_ms=16.71
v5_service device=0 lane=1 class=1 jobs=10 rows=4792 cells=43458 reach=26991 reverse=43458 table_mib=2.8 mutable_mib=176.0 max_job_mib=32.6 oldest_ms=140.83 pack_ms=1.25 solve_ms=16.76
v5_device jobs=27 rows=13100 cells=137584 direct=true graph_reused=false upload_ms=2.73 capture_ms=3.25 queue_ms=28.18 gpu_ms=0.01 unpack_ms=0.73 total_ms=34.90
v5_service device=1 lane=1 class=1 jobs=27 rows=13100 cells=137584 reach=83927 reverse=137584 table_mib=8.2 mutable_mib=448.0 max_job_mib=32.5 oldest_ms=75.77 pack_ms=3.81 solve_ms=34.96
v5_device jobs=102 rows=23132 cells=268822 direct=true graph_reused=false upload_ms=5.36 capture_ms=4.21 queue_ms=31.05 gpu_ms=0.01 unpack_ms=1.63 total_ms=42.25
v5_service device=1 lane=0 class=0 jobs=102 rows=23132 cells=268822 reach=148449 reverse=268822 table_mib=15.2 mutable_mib=660.0 max_job_mib=8.5 oldest_ms=77.10 pack_ms=8.34 solve_ms=42.32
v5_device jobs=10 rows=5092 cells=52853 direct=true graph_reused=false upload_ms=1.22 capture_ms=3.40 queue_ms=7.10 gpu_ms=0.01 unpack_ms=0.27 total_ms=12.00
v5_service device=1 lane=0 class=1 jobs=10 rows=5092 cells=52853 reach=31401 reverse=52853 table_mib=3.1 mutable_mib=176.0 max_job_mib=32.6 oldest_ms=134.09 pack_ms=1.67 solve_ms=12.05
v5_device jobs=27 rows=16496 cells=167001 direct=true graph_reused=false upload_ms=3.93 capture_ms=3.62 queue_ms=24.86 gpu_ms=0.01 unpack_ms=0.93 total_ms=33.36
v5_service device=0 lane=0 class=1 jobs=27 rows=16496 cells=167001 reach=106933 reverse=167001 table_mib=10.1 mutable_mib=544.0 max_job_mib=33.3 oldest_ms=76.28 pack_ms=5.14 solve_ms=33.41
v5_device jobs=109 rows=24405 cells=283941 direct=true graph_reused=false upload_ms=6.21 capture_ms=4.76 queue_ms=29.42 gpu_ms=0.01 unpack_ms=1.59 total_ms=41.99
v5_service device=0 lane=1 class=0 jobs=109 rows=24405 cells=283941 reach=155518 reverse=283941 table_mib=16.1 mutable_mib=720.0 max_job_mib=8.4 oldest_ms=77.15 pack_ms=10.62 solve_ms=42.05
v5_device jobs=16 rows=8533 cells=103704 direct=true graph_reused=false upload_ms=1.84 capture_ms=3.75 queue_ms=27.93 gpu_ms=0.01 unpack_ms=0.46 total_ms=33.98
v5_service device=0 lane=1 class=1 jobs=16 rows=8533 cells=103704 reach=61328 reverse=103704 table_mib=5.7 mutable_mib=304.0 max_job_mib=33.0 oldest_ms=133.24 pack_ms=2.44 solve_ms=34.02
v5_device jobs=2 rows=12738 cells=227465 direct=true graph_reused=false upload_ms=7.90 capture_ms=3.22 queue_ms=71.11 gpu_ms=0.01 unpack_ms=0.51 total_ms=82.74
v5_service device=1 lane=0 class=2 jobs=2 rows=12738 cells=227465 reach=304474 reverse=393602 table_mib=15.4 mutable_mib=320.0 max_job_mib=273.9 oldest_ms=147.78 pack_ms=8.33 solve_ms=82.77
v5_device jobs=1 rows=4584 cells=33893 direct=true graph_reused=false upload_ms=0.68 capture_ms=4.56 queue_ms=21.32 gpu_ms=16.86 unpack_ms=0.11 total_ms=43.53
v5_service device=0 lane=1 class=2 jobs=1 rows=4584 cells=33893 reach=31529 reverse=33893 table_mib=2.5 mutable_mib=128.0 max_job_mib=131.4 oldest_ms=133.34 pack_ms=1.14 solve_ms=43.57
v5_device jobs=212 rows=45466 cells=523192 direct=true graph_reused=false upload_ms=13.26 capture_ms=3.96 queue_ms=55.52 gpu_ms=12.52 unpack_ms=3.00 total_ms=88.27
v5_service device=0 lane=0 class=0 jobs=212 rows=45466 cells=523192 reach=302858 reverse=535533 table_mib=30.1 mutable_mib=1368.0 max_job_mib=8.7 oldest_ms=121.92 pack_ms=19.97 solve_ms=88.32
v5_device jobs=224 rows=51079 cells=663563 direct=true graph_reused=false upload_ms=37.96 capture_ms=4.51 queue_ms=51.50 gpu_ms=24.60 unpack_ms=4.02 total_ms=122.60
v5_service device=1 lane=1 class=0 jobs=224 rows=51079 cells=663563 reach=359791 reverse=663563 table_mib=35.5 mutable_mib=1500.0 max_job_mib=8.4 oldest_ms=123.21 pack_ms=23.98 solve_ms=122.65
v5_device jobs=1 rows=10164 cells=53341 direct=true graph_reused=false upload_ms=1.86 capture_ms=2.99 queue_ms=12.43 gpu_ms=0.01 unpack_ms=0.27 total_ms=17.56
v5_service device=1 lane=1 class=2 jobs=1 rows=10164 cells=53341 reach=51810 reverse=53341 table_mib=5.0 mutable_mib=256.0 max_job_mib=263.0 oldest_ms=216.98 pack_ms=2.33 solve_ms=17.61
v5_device jobs=76 rows=15866 cells=189698 direct=true graph_reused=false upload_ms=3.65 capture_ms=3.26 queue_ms=17.26 gpu_ms=0.01 unpack_ms=1.04 total_ms=25.22
v5_service device=1 lane=0 class=0 jobs=76 rows=15866 cells=189698 reach=103544 reverse=189698 table_mib=10.6 mutable_mib=466.0 max_job_mib=8.4 oldest_ms=78.39 pack_ms=5.89 solve_ms=25.28
v5_device jobs=15 rows=10488 cells=119745 direct=true graph_reused=false upload_ms=2.20 capture_ms=6.25 queue_ms=10.15 gpu_ms=0.01 unpack_ms=0.57 total_ms=19.18
v5_service device=0 lane=1 class=1 jobs=15 rows=10488 cells=119745 reach=78019 reverse=119745 table_mib=6.8 mutable_mib=352.0 max_job_mib=33.2 oldest_ms=75.99 pack_ms=2.78 solve_ms=19.23
v5_device jobs=12 rows=5469 cells=63451 direct=true graph_reused=false upload_ms=1.14 capture_ms=3.06 queue_ms=8.36 gpu_ms=0.00 unpack_ms=0.33 total_ms=12.90
v5_service device=1 lane=0 class=1 jobs=12 rows=5469 cells=63451 reach=39626 reverse=63451 table_mib=3.6 mutable_mib=208.0 max_job_mib=32.6 oldest_ms=114.74 pack_ms=1.64 solve_ms=12.95
v5_device jobs=1 rows=10218 cells=190451 direct=true graph_reused=false upload_ms=2.76 capture_ms=2.94 queue_ms=15.34 gpu_ms=0.01 unpack_ms=0.47 total_ms=21.53
v5_service device=1 lane=0 class=2 jobs=1 rows=10218 cells=190451 reach=110227 reverse=190451 table_mib=8.4 mutable_mib=256.0 max_job_mib=267.2 oldest_ms=123.71 pack_ms=3.75 solve_ms=21.58
v5_device jobs=19 rows=11290 cells=127523 direct=true graph_reused=false upload_ms=2.45 capture_ms=3.21 queue_ms=26.41 gpu_ms=0.01 unpack_ms=0.68 total_ms=32.74
v5_service device=0 lane=0 class=1 jobs=19 rows=11290 cells=127523 reach=78330 reverse=127523 table_mib=7.2 mutable_mib=352.0 max_job_mib=33.2 oldest_ms=75.86 pack_ms=3.34 solve_ms=32.79
v5_device jobs=91 rows=21196 cells=263336 direct=true graph_reused=false upload_ms=5.26 capture_ms=3.60 queue_ms=22.43 gpu_ms=0.01 unpack_ms=1.72 total_ms=33.02
v5_service device=1 lane=1 class=0 jobs=91 rows=21196 cells=263336 reach=141732 reverse=263336 table_mib=14.3 mutable_mib=635.0 max_job_mib=8.4 oldest_ms=76.60 pack_ms=7.47 solve_ms=33.07
v5_device jobs=188 rows=40234 cells=453448 direct=true graph_reused=false upload_ms=10.30 capture_ms=4.90 queue_ms=42.29 gpu_ms=0.01 unpack_ms=2.44 total_ms=59.93
v5_service device=0 lane=1 class=0 jobs=188 rows=40234 cells=453448 reach=250178 reverse=453448 table_mib=26.1 mutable_mib=1212.0 max_job_mib=8.4 oldest_ms=104.26 pack_ms=15.51 solve_ms=59.99
v5_device jobs=15 rows=7905 cells=90946 direct=true graph_reused=false upload_ms=1.92 capture_ms=3.13 queue_ms=11.03 gpu_ms=0.02 unpack_ms=0.99 total_ms=17.10
v5_service device=1 lane=1 class=1 jobs=15 rows=7905 cells=90946 reach=54691 reverse=90946 table_mib=5.1 mutable_mib=256.0 max_job_mib=32.9 oldest_ms=124.35 pack_ms=3.67 solve_ms=17.16
v5_device jobs=1 rows=1501 cells=28470 direct=true graph_reused=false upload_ms=0.45 capture_ms=5.58 queue_ms=28.90 gpu_ms=0.01 unpack_ms=0.10 total_ms=35.03
v5_service device=0 lane=1 class=2 jobs=1 rows=1501 cells=28470 reach=14906 reverse=28470 table_mib=1.3 mutable_mib=64.0 max_job_mib=65.7 oldest_ms=192.47 pack_ms=0.62 solve_ms=35.08
v5_device jobs=193 rows=40241 cells=475995 direct=true graph_reused=false upload_ms=12.71 capture_ms=4.56 queue_ms=41.50 gpu_ms=0.01 unpack_ms=2.55 total_ms=61.33
v5_service device=0 lane=0 class=0 jobs=193 rows=40241 cells=475995 reach=257805 reverse=475995 table_mib=26.7 mutable_mib=1231.0 max_job_mib=8.5 oldest_ms=118.20 pack_ms=15.84 solve_ms=61.38
v5_device jobs=101 rows=21730 cells=259966 direct=true graph_reused=false upload_ms=4.68 capture_ms=3.08 queue_ms=24.26 gpu_ms=0.01 unpack_ms=1.48 total_ms=33.52
v5_service device=1 lane=0 class=0 jobs=101 rows=21730 cells=259966 reach=143854 reverse=259966 table_mib=14.5 mutable_mib=662.0 max_job_mib=8.4 oldest_ms=76.30 pack_ms=7.03 solve_ms=33.57
v5_device jobs=1 rows=11286 cells=72045 direct=true graph_reused=false upload_ms=2.59 capture_ms=3.73 queue_ms=13.37 gpu_ms=0.02 unpack_ms=0.30 total_ms=20.02
v5_service device=0 lane=0 class=2 jobs=1 rows=11286 cells=72045 reach=70209 reverse=72045 table_mib=6.0 mutable_mib=256.0 max_job_mib=264.4 oldest_ms=207.30 pack_ms=3.23 solve_ms=20.07
v5_device jobs=29 rows=14395 cells=183938 direct=true graph_reused=false upload_ms=3.10 capture_ms=3.07 queue_ms=24.36 gpu_ms=0.01 unpack_ms=0.79 total_ms=31.32
v5_service device=1 lane=0 class=1 jobs=29 rows=14395 cells=183938 reach=108022 reverse=183938 table_mib=9.9 mutable_mib=480.0 max_job_mib=32.8 oldest_ms=124.73 pack_ms=4.62 solve_ms=31.37
v5_device jobs=83 rows=16703 cells=230858 direct=true graph_reused=false upload_ms=4.07 capture_ms=4.16 queue_ms=23.96 gpu_ms=0.01 unpack_ms=1.26 total_ms=33.46
v5_service device=1 lane=1 class=0 jobs=83 rows=16703 cells=230858 reach=117980 reverse=230858 table_mib=12.0 mutable_mib=498.0 max_job_mib=8.4 oldest_ms=76.94 pack_ms=6.05 solve_ms=33.51
v5_device jobs=8 rows=6116 cells=66156 direct=true graph_reused=false upload_ms=1.18 capture_ms=4.36 queue_ms=9.45 gpu_ms=0.01 unpack_ms=0.31 total_ms=15.31
v5_service device=1 lane=1 class=1 jobs=8 rows=6116 cells=66156 reach=39827 reverse=66156 table_mib=3.8 mutable_mib=176.0 max_job_mib=33.5 oldest_ms=111.49 pack_ms=1.83 solve_ms=15.35
v5_device jobs=1 rows=11100 cells=72215 direct=true graph_reused=false upload_ms=1.91 capture_ms=3.40 queue_ms=23.19 gpu_ms=0.01 unpack_ms=0.30 total_ms=28.82
v5_service device=1 lane=0 class=2 jobs=1 rows=11100 cells=72215 reach=70184 reverse=72215 table_mib=5.9 mutable_mib=256.0 max_job_mib=264.1 oldest_ms=162.02 pack_ms=2.82 solve_ms=28.87
v5_device jobs=92 rows=19463 cells=242938 direct=true graph_reused=false upload_ms=4.33 capture_ms=3.76 queue_ms=20.80 gpu_ms=0.01 unpack_ms=1.24 total_ms=30.14
v5_service device=0 lane=1 class=0 jobs=92 rows=19463 cells=242938 reach=132447 reverse=242938 table_mib=13.2 mutable_mib=616.0 max_job_mib=8.4 oldest_ms=77.25 pack_ms=7.17 solve_ms=30.19
v5_device jobs=19 rows=9870 cells=105177 direct=true graph_reused=false upload_ms=1.83 capture_ms=3.89 queue_ms=24.15 gpu_ms=0.01 unpack_ms=0.49 total_ms=30.36
v5_service device=0 lane=1 class=1 jobs=19 rows=9870 cells=105177 reach=65105 reverse=105177 table_mib=6.2 mutable_mib=336.0 max_job_mib=32.8 oldest_ms=118.07 pack_ms=2.86 solve_ms=30.41
v5_device jobs=95 rows=20179 cells=253824 direct=true graph_reused=false upload_ms=4.68 capture_ms=4.02 queue_ms=27.50 gpu_ms=0.01 unpack_ms=1.34 total_ms=37.56
v5_service device=0 lane=0 class=0 jobs=95 rows=20179 cells=253824 reach=136416 reverse=253824 table_mib=13.7 mutable_mib=608.0 max_job_mib=8.4 oldest_ms=76.91 pack_ms=7.89 solve_ms=37.61
v5_device jobs=22 rows=10711 cells=132110 direct=true graph_reused=false upload_ms=2.50 capture_ms=3.14 queue_ms=14.27 gpu_ms=0.01 unpack_ms=0.69 total_ms=20.61
v5_service device=0 lane=0 class=1 jobs=22 rows=10711 cells=132110 reach=78475 reverse=132110 table_mib=7.2 mutable_mib=384.0 max_job_mib=32.9 oldest_ms=128.74 pack_ms=3.58 solve_ms=20.65
v5_device jobs=87 rows=18945 cells=217056 direct=true graph_reused=false upload_ms=4.13 capture_ms=3.40 queue_ms=38.23 gpu_ms=0.01 unpack_ms=1.24 total_ms=47.01
v5_service device=1 lane=0 class=0 jobs=87 rows=18945 cells=217056 reach=121463 reverse=217056 table_mib=12.4 mutable_mib=570.0 max_job_mib=8.4 oldest_ms=76.91 pack_ms=7.01 solve_ms=47.07
v5_device jobs=114 rows=25776 cells=284497 direct=true graph_reused=false upload_ms=5.77 capture_ms=3.97 queue_ms=38.78 gpu_ms=0.01 unpack_ms=2.01 total_ms=50.55
v5_service device=1 lane=1 class=0 jobs=114 rows=25776 cells=284497 reach=157854 reverse=284497 table_mib=16.5 mutable_mib=742.0 max_job_mib=8.4 oldest_ms=76.34 pack_ms=8.69 solve_ms=50.60
v5_device jobs=19 rows=9933 cells=128871 direct=true graph_reused=false upload_ms=2.51 capture_ms=3.54 queue_ms=17.59 gpu_ms=0.01 unpack_ms=0.64 total_ms=24.29
v5_service device=1 lane=0 class=1 jobs=19 rows=9933 cells=128871 reach=73517 reverse=128871 table_mib=6.8 mutable_mib=336.0 max_job_mib=32.7 oldest_ms=133.65 pack_ms=3.69 solve_ms=24.34
v5_device jobs=17 rows=11531 cells=120431 direct=true graph_reused=false upload_ms=2.67 capture_ms=4.57 queue_ms=17.45 gpu_ms=0.01 unpack_ms=0.65 total_ms=25.34
v5_service device=1 lane=1 class=1 jobs=17 rows=11531 cells=120431 reach=73158 reverse=120431 table_mib=7.1 mutable_mib=352.0 max_job_mib=33.3 oldest_ms=144.23 pack_ms=3.68 solve_ms=25.40
v5_device jobs=115 rows=22267 cells=275261 direct=true graph_reused=false upload_ms=5.59 capture_ms=3.86 queue_ms=24.71 gpu_ms=0.01 unpack_ms=1.58 total_ms=35.76
v5_service device=0 lane=1 class=0 jobs=115 rows=22267 cells=275261 reach=146191 reverse=275261 table_mib=15.1 mutable_mib=666.0 max_job_mib=8.5 oldest_ms=77.22 pack_ms=9.08 solve_ms=35.81
v5_device jobs=83 rows=17903 cells=221127 direct=true graph_reused=false upload_ms=5.53 capture_ms=3.72 queue_ms=24.76 gpu_ms=0.01 unpack_ms=1.22 total_ms=35.24
v5_service device=0 lane=0 class=0 jobs=83 rows=17903 cells=221127 reach=119636 reverse=221127 table_mib=12.1 mutable_mib=552.0 max_job_mib=8.4 oldest_ms=77.61 pack_ms=6.93 solve_ms=35.30
v5_device jobs=17 rows=7652 cells=78748 direct=true graph_reused=false upload_ms=1.64 capture_ms=5.09 queue_ms=18.79 gpu_ms=0.01 unpack_ms=0.48 total_ms=26.01
v5_service device=0 lane=1 class=1 jobs=17 rows=7652 cells=78748 reach=49023 reverse=78748 table_mib=4.7 mutable_mib=272.0 max_job_mib=16.6 oldest_ms=130.75 pack_ms=2.30 solve_ms=26.05
v5_device jobs=21 rows=10692 cells=123176 direct=true graph_reused=false upload_ms=2.46 capture_ms=3.17 queue_ms=13.56 gpu_ms=0.01 unpack_ms=0.62 total_ms=19.81
v5_service device=0 lane=0 class=1 jobs=21 rows=10692 cells=123176 reach=78775 reverse=123176 table_mib=7.0 mutable_mib=368.0 max_job_mib=32.9 oldest_ms=119.70 pack_ms=3.56 solve_ms=19.86
v5_device jobs=126 rows=26011 cells=296230 direct=true graph_reused=false upload_ms=5.91 capture_ms=4.15 queue_ms=39.53 gpu_ms=0.01 unpack_ms=1.86 total_ms=51.46
v5_service device=1 lane=1 class=0 jobs=126 rows=26011 cells=296230 reach=163914 reverse=296230 table_mib=16.8 mutable_mib=778.0 max_job_mib=8.4 oldest_ms=76.54 pack_ms=9.22 solve_ms=51.50
v5_device jobs=110 rows=24440 cells=276760 direct=true graph_reused=false upload_ms=6.03 capture_ms=3.27 queue_ms=47.06 gpu_ms=0.01 unpack_ms=1.81 total_ms=58.18
v5_service device=1 lane=0 class=0 jobs=110 rows=24440 cells=276760 reach=152944 reverse=276760 table_mib=15.8 mutable_mib=708.0 max_job_mib=8.4 oldest_ms=76.52 pack_ms=9.27 solve_ms=58.22
v5_device jobs=108 rows=22125 cells=260130 direct=true graph_reused=false upload_ms=5.46 capture_ms=5.99 queue_ms=22.96 gpu_ms=0.01 unpack_ms=1.49 total_ms=35.92
v5_service device=0 lane=1 class=0 jobs=108 rows=22125 cells=260130 reach=140806 reverse=260159 table_mib=14.5 mutable_mib=642.0 max_job_mib=8.5 oldest_ms=76.26 pack_ms=8.87 solve_ms=35.97
v5_device jobs=9 rows=4516 cells=43092 direct=true graph_reused=false upload_ms=1.35 capture_ms=6.94 queue_ms=11.08 gpu_ms=0.01 unpack_ms=0.35 total_ms=19.72
v5_service device=1 lane=1 class=1 jobs=9 rows=4516 cells=43092 reach=28269 reverse=43092 table_mib=2.7 mutable_mib=160.0 max_job_mib=32.8 oldest_ms=143.96 pack_ms=2.06 solve_ms=19.79
v5_device jobs=17 rows=9162 cells=97743 direct=true graph_reused=false upload_ms=2.01 capture_ms=4.47 queue_ms=14.47 gpu_ms=0.01 unpack_ms=0.56 total_ms=21.52
v5_service device=1 lane=0 class=1 jobs=17 rows=9162 cells=97743 reach=61371 reverse=97743 table_mib=5.7 mutable_mib=304.0 max_job_mib=32.7 oldest_ms=152.98 pack_ms=3.12 solve_ms=21.57
v5_device jobs=1 rows=2106 cells=35471 direct=true graph_reused=false upload_ms=0.44 capture_ms=4.17 queue_ms=3.44 gpu_ms=0.01 unpack_ms=0.10 total_ms=8.17
v5_service device=1 lane=0 class=2 jobs=1 rows=2106 cells=35471 reach=22217 reverse=35471 table_mib=1.6 mutable_mib=64.0 max_job_mib=66.1 oldest_ms=109.58 pack_ms=0.86 solve_ms=8.22
v5_device jobs=17 rows=8307 cells=79747 direct=true graph_reused=false upload_ms=1.71 capture_ms=5.40 queue_ms=20.89 gpu_ms=0.00 unpack_ms=0.45 total_ms=28.46
v5_service device=0 lane=1 class=1 jobs=17 rows=8307 cells=79747 reach=48286 reverse=79747 table_mib=4.9 mutable_mib=304.0 max_job_mib=32.7 oldest_ms=129.86 pack_ms=2.43 solve_ms=28.50
v5_device jobs=119 rows=24631 cells=267207 direct=true graph_reused=false upload_ms=6.95 capture_ms=4.63 queue_ms=32.42 gpu_ms=0.01 unpack_ms=1.68 total_ms=45.70
v5_service device=0 lane=0 class=0 jobs=119 rows=24631 cells=267207 reach=145096 reverse=267207 table_mib=15.6 mutable_mib=722.0 max_job_mib=8.4 oldest_ms=77.79 pack_ms=9.34 solve_ms=45.75
v5_device jobs=1 rows=1560 cells=3428 direct=true graph_reused=false upload_ms=0.28 capture_ms=5.41 queue_ms=1.47 gpu_ms=0.00 unpack_ms=0.04 total_ms=7.21
v5_service device=0 lane=1 class=2 jobs=1 rows=1560 cells=3428 reach=3311 reverse=3428 table_mib=0.6 mutable_mib=64.0 max_job_mib=64.8 oldest_ms=151.99 pack_ms=0.33 solve_ms=7.25
v5_device jobs=8 rows=4130 cells=50436 direct=true graph_reused=false upload_ms=1.03 capture_ms=3.47 queue_ms=6.91 gpu_ms=0.01 unpack_ms=0.27 total_ms=11.68
v5_service device=0 lane=0 class=1 jobs=8 rows=4130 cells=50436 reach=28938 reverse=50436 table_mib=2.7 mutable_mib=128.0 max_job_mib=16.7 oldest_ms=139.87 pack_ms=1.45 solve_ms=11.73
v5_device jobs=101 rows=19067 cells=203036 direct=true graph_reused=false upload_ms=4.06 capture_ms=3.19 queue_ms=26.45 gpu_ms=0.01 unpack_ms=1.09 total_ms=34.80
v5_service device=1 lane=1 class=0 jobs=101 rows=19067 cells=203036 reach=109699 reverse=203036 table_mib=11.9 mutable_mib=576.0 max_job_mib=8.4 oldest_ms=76.67 pack_ms=6.50 solve_ms=34.85
v5_device jobs=129 rows=25513 cells=251135 direct=true graph_reused=false upload_ms=5.30 capture_ms=4.20 queue_ms=30.29 gpu_ms=0.01 unpack_ms=1.70 total_ms=41.50
v5_service device=1 lane=0 class=0 jobs=129 rows=25513 cells=251135 reach=137467 reverse=251135 table_mib=15.4 mutable_mib=760.0 max_job_mib=8.4 oldest_ms=76.75 pack_ms=9.12 solve_ms=41.56
v5_device jobs=4 rows=1707 cells=23466 direct=true graph_reused=false upload_ms=0.58 capture_ms=5.96 queue_ms=2.96 gpu_ms=0.01 unpack_ms=0.17 total_ms=9.67
v5_service device=1 lane=1 class=1 jobs=4 rows=1707 cells=23466 reach=13699 reverse=23466 table_mib=1.2 mutable_mib=64.0 max_job_mib=16.5 oldest_ms=127.15 pack_ms=0.95 solve_ms=9.73
v5_device jobs=9 rows=4694 cells=52759 direct=true graph_reused=false upload_ms=1.00 capture_ms=3.89 queue_ms=7.15 gpu_ms=0.01 unpack_ms=0.27 total_ms=12.31
v5_service device=1 lane=0 class=1 jobs=9 rows=4694 cells=52759 reach=32387 reverse=52759 table_mib=3.0 mutable_mib=160.0 max_job_mib=32.7 oldest_ms=136.05 pack_ms=1.64 solve_ms=12.36
v5_device jobs=130 rows=24943 cells=191382 direct=true graph_reused=false upload_ms=5.27 capture_ms=4.79 queue_ms=30.14 gpu_ms=0.01 unpack_ms=1.33 total_ms=41.54
v5_service device=0 lane=1 class=0 jobs=130 rows=24943 cells=191382 reach=107410 reverse=191382 table_mib=13.4 mutable_mib=732.0 max_job_mib=8.4 oldest_ms=76.30 pack_ms=9.36 solve_ms=41.58
v5_device jobs=174 rows=29391 cells=201727 direct=true graph_reused=false upload_ms=6.81 capture_ms=4.52 queue_ms=30.85 gpu_ms=0.01 unpack_ms=1.58 total_ms=43.77
v5_service device=0 lane=0 class=0 jobs=174 rows=29391 cells=201727 reach=113811 reverse=201727 table_mib=15.1 mutable_mib=886.0 max_job_mib=8.3 oldest_ms=76.56 pack_ms=10.37 solve_ms=43.82
v5_device jobs=27 rows=14144 cells=155583 direct=true graph_reused=false upload_ms=3.32 capture_ms=5.42 queue_ms=17.00 gpu_ms=0.01 unpack_ms=0.89 total_ms=26.65
v5_service device=0 lane=1 class=1 jobs=27 rows=14144 cells=155583 reach=94176 reverse=155583 table_mib=9.0 mutable_mib=480.0 max_job_mib=32.7 oldest_ms=137.50 pack_ms=4.86 solve_ms=26.71
v5_device jobs=12 rows=6577 cells=56029 direct=true graph_reused=false upload_ms=1.38 capture_ms=5.16 queue_ms=9.69 gpu_ms=0.01 unpack_ms=0.34 total_ms=16.58
v5_service device=0 lane=0 class=1 jobs=12 rows=6577 cells=56029 reach=33798 reverse=56029 table_mib=3.7 mutable_mib=224.0 max_job_mib=32.6 oldest_ms=143.11 pack_ms=2.05 solve_ms=16.62
v5_device jobs=1 rows=8337 cells=69329 direct=true graph_reused=false upload_ms=1.41 capture_ms=4.44 queue_ms=9.11 gpu_ms=0.01 unpack_ms=0.21 total_ms=15.17
v5_service device=0 lane=1 class=2 jobs=1 rows=8337 cells=69329 reach=43064 reverse=69329 table_mib=4.5 mutable_mib=256.0 max_job_mib=261.9 oldest_ms=168.19 pack_ms=2.21 solve_ms=15.23
v5_device jobs=112 rows=19546 cells=161190 direct=true graph_reused=false upload_ms=4.44 capture_ms=4.27 queue_ms=17.40 gpu_ms=0.01 unpack_ms=1.15 total_ms=27.27
v5_service device=1 lane=1 class=0 jobs=112 rows=19546 cells=161190 reach=87037 reverse=161190 table_mib=10.8 mutable_mib=590.0 max_job_mib=8.4 oldest_ms=76.66 pack_ms=7.16 solve_ms=27.33
v5_device jobs=5 rows=1987 cells=20078 direct=true graph_reused=false upload_ms=0.46 capture_ms=5.73 queue_ms=8.52 gpu_ms=0.01 unpack_ms=0.14 total_ms=14.87
v5_service device=1 lane=1 class=1 jobs=5 rows=1987 cells=20078 reach=12350 reverse=20078 table_mib=1.2 mutable_mib=80.0 max_job_mib=16.4 oldest_ms=113.25 pack_ms=0.69 solve_ms=14.92
v5_device jobs=110 rows=19792 cells=187580 direct=true graph_reused=false upload_ms=4.41 capture_ms=4.38 queue_ms=21.82 gpu_ms=0.01 unpack_ms=1.31 total_ms=31.93
v5_service device=1 lane=0 class=0 jobs=110 rows=19792 cells=187580 reach=101184 reverse=187580 table_mib=11.7 mutable_mib=598.0 max_job_mib=8.4 oldest_ms=77.64 pack_ms=7.54 solve_ms=31.98
v5_device jobs=7 rows=3396 cells=28486 direct=true graph_reused=false upload_ms=0.65 capture_ms=4.02 queue_ms=4.82 gpu_ms=0.01 unpack_ms=0.15 total_ms=9.65
v5_service device=1 lane=0 class=1 jobs=7 rows=3396 cells=28486 reach=17476 reverse=28486 table_mib=1.9 mutable_mib=128.0 max_job_mib=32.5 oldest_ms=122.05 pack_ms=1.10 solve_ms=9.70
v5_device jobs=18 rows=10736 cells=67437 direct=true graph_reused=false upload_ms=1.86 capture_ms=4.66 queue_ms=29.98 gpu_ms=0.00 unpack_ms=0.37 total_ms=36.87
v5_service device=0 lane=1 class=1 jobs=18 rows=10736 cells=67437 reach=43156 reverse=67437 table_mib=5.3 mutable_mib=352.0 max_job_mib=32.8 oldest_ms=75.86 pack_ms=2.56 solve_ms=36.91
v5_device jobs=160 rows=27676 cells=183975 direct=true graph_reused=false upload_ms=5.30 capture_ms=3.60 queue_ms=31.80 gpu_ms=0.01 unpack_ms=1.48 total_ms=42.18
v5_service device=0 lane=0 class=0 jobs=160 rows=27676 cells=183975 reach=102647 reverse=183975 table_mib=14.0 mutable_mib=848.0 max_job_mib=8.4 oldest_ms=76.53 pack_ms=8.97 solve_ms=42.23
v5_device jobs=7 rows=3119 cells=18323 direct=true graph_reused=false upload_ms=0.61 capture_ms=4.21 queue_ms=4.49 gpu_ms=0.01 unpack_ms=0.17 total_ms=9.48
v5_service device=0 lane=0 class=1 jobs=7 rows=3119 cells=18323 reach=12137 reverse=18323 table_mib=1.5 mutable_mib=112.0 max_job_mib=16.4 oldest_ms=138.32 pack_ms=0.86 solve_ms=9.53
v5_device jobs=117 rows=21646 cells=153491 direct=true graph_reused=false upload_ms=4.36 capture_ms=4.67 queue_ms=21.08 gpu_ms=0.01 unpack_ms=1.15 total_ms=31.26
v5_service device=1 lane=0 class=0 jobs=117 rows=21646 cells=153491 reach=86216 reverse=153491 table_mib=11.3 mutable_mib=676.0 max_job_mib=8.3 oldest_ms=78.15 pack_ms=8.40 solve_ms=31.32
v5_device jobs=146 rows=24264 cells=166129 direct=true graph_reused=false upload_ms=5.78 capture_ms=3.59 queue_ms=43.38 gpu_ms=0.01 unpack_ms=1.71 total_ms=54.46
v5_service device=1 lane=1 class=0 jobs=146 rows=24264 cells=166129 reach=93781 reverse=166129 table_mib=12.5 mutable_mib=734.0 max_job_mib=8.4 oldest_ms=77.29 pack_ms=8.85 solve_ms=54.53
v5_device jobs=213 rows=38454 cells=251849 direct=true graph_reused=false upload_ms=9.52 capture_ms=4.49 queue_ms=32.10 gpu_ms=0.01 unpack_ms=2.15 total_ms=48.27
v5_service device=0 lane=1 class=0 jobs=213 rows=38454 cells=251849 reach=139911 reverse=251849 table_mib=19.4 mutable_mib=1124.0 max_job_mib=8.3 oldest_ms=120.23 pack_ms=16.49 solve_ms=48.31
v5_device jobs=4 rows=1983 cells=10920 direct=true graph_reused=false upload_ms=0.42 capture_ms=4.37 queue_ms=2.54 gpu_ms=0.01 unpack_ms=0.14 total_ms=7.48
v5_service device=1 lane=0 class=1 jobs=4 rows=1983 cells=10920 reach=6990 reverse=10920 table_mib=0.9 mutable_mib=64.0 max_job_mib=16.4 oldest_ms=121.48 pack_ms=0.65 solve_ms=7.52
v5_device jobs=1 rows=1560 cells=13628 direct=true graph_reused=false upload_ms=0.34 capture_ms=5.15 queue_ms=1.38 gpu_ms=0.01 unpack_ms=0.05 total_ms=6.93
v5_service device=0 lane=1 class=2 jobs=1 rows=1560 cells=13628 reach=6994 reverse=13628 table_mib=0.8 mutable_mib=64.0 max_job_mib=65.0 oldest_ms=197.11 pack_ms=0.46 solve_ms=6.97
v5_device jobs=5 rows=2256 cells=14290 direct=true graph_reused=false upload_ms=0.56 capture_ms=7.72 queue_ms=0.32 gpu_ms=0.01 unpack_ms=0.39 total_ms=9.01
v5_service device=1 lane=1 class=1 jobs=5 rows=2256 cells=14290 reach=9452 reverse=14290 table_mib=1.1 mutable_mib=80.0 max_job_mib=16.4 oldest_ms=155.94 pack_ms=0.93 solve_ms=9.08
v5_device jobs=143 rows=26449 cells=169637 direct=true graph_reused=false upload_ms=7.52 capture_ms=3.77 queue_ms=23.51 gpu_ms=0.01 unpack_ms=1.36 total_ms=36.17
v5_service device=0 lane=0 class=0 jobs=143 rows=26449 cells=169637 reach=93722 reverse=169637 table_mib=13.2 mutable_mib=776.0 max_job_mib=8.4 oldest_ms=76.82 pack_ms=9.24 solve_ms=36.21
v5_device jobs=9 rows=5549 cells=26123 direct=true graph_reused=false upload_ms=1.08 capture_ms=4.17 queue_ms=6.74 gpu_ms=0.01 unpack_ms=0.22 total_ms=12.23
v5_service device=0 lane=0 class=1 jobs=9 rows=5549 cells=26123 reach=18636 reverse=26123 table_mib=2.5 mutable_mib=176.0 max_job_mib=32.5 oldest_ms=137.60 pack_ms=1.41 solve_ms=12.29
v5_device jobs=29 rows=17188 cells=88303 direct=true graph_reused=false upload_ms=3.11 capture_ms=3.96 queue_ms=14.73 gpu_ms=0.01 unpack_ms=0.59 total_ms=22.39
v5_service device=1 lane=0 class=1 jobs=29 rows=17188 cells=88303 reach=58100 reverse=88303 table_mib=7.9 mutable_mib=560.0 max_job_mib=32.7 oldest_ms=75.80 pack_ms=4.15 solve_ms=22.45
v5_device jobs=2 rows=11596 cells=71800 direct=true graph_reused=false upload_ms=2.10 capture_ms=4.78 queue_ms=30.96 gpu_ms=0.01 unpack_ms=0.27 total_ms=38.13
v5_service device=0 lane=0 class=2 jobs=2 rows=11596 cells=71800 reach=41183 reverse=71800 table_mib=5.5 mutable_mib=320.0 max_job_mib=261.8 oldest_ms=152.37 pack_ms=2.61 solve_ms=38.19
v5_device jobs=134 rows=24628 cells=167859 direct=true graph_reused=false upload_ms=5.60 capture_ms=5.50 queue_ms=25.92 gpu_ms=0.01 unpack_ms=1.35 total_ms=38.37
v5_service device=1 lane=1 class=0 jobs=134 rows=24628 cells=167859 reach=93981 reverse=167859 table_mib=12.6 mutable_mib=728.0 max_job_mib=8.3 oldest_ms=76.50 pack_ms=8.68 solve_ms=38.42
v5_device jobs=163 rows=27954 cells=168209 direct=true graph_reused=false upload_ms=5.32 capture_ms=5.27 queue_ms=29.49 gpu_ms=0.01 unpack_ms=1.53 total_ms=41.61
v5_service device=0 lane=1 class=0 jobs=163 rows=27954 cells=168209 reach=95493 reverse=168209 table_mib=13.7 mutable_mib=840.0 max_job_mib=8.2 oldest_ms=76.51 pack_ms=9.39 solve_ms=41.66
v5_device jobs=3 rows=13359 cells=76037 direct=true graph_reused=false upload_ms=2.26 capture_ms=4.76 queue_ms=21.13 gpu_ms=0.01 unpack_ms=0.32 total_ms=28.48
v5_service device=1 lane=0 class=2 jobs=3 rows=13359 cells=76037 reach=50359 reverse=76037 table_mib=6.2 mutable_mib=448.0 max_job_mib=259.3 oldest_ms=104.99 pack_ms=2.73 solve_ms=28.52
v5_device jobs=4 rows=3097 cells=23888 direct=true graph_reused=false upload_ms=0.80 capture_ms=5.67 queue_ms=3.39 gpu_ms=0.01 unpack_ms=0.25 total_ms=10.13
v5_service device=1 lane=1 class=1 jobs=4 rows=3097 cells=23888 reach=14748 reverse=23888 table_mib=1.6 mutable_mib=96.0 max_job_mib=33.0 oldest_ms=123.77 pack_ms=1.53 solve_ms=10.19
v5_device jobs=7 rows=3569 cells=21659 direct=true graph_reused=false upload_ms=0.69 capture_ms=5.21 queue_ms=3.91 gpu_ms=0.01 unpack_ms=0.16 total_ms=9.98
v5_service device=0 lane=1 class=1 jobs=7 rows=3569 cells=21659 reach=12765 reverse=21659 table_mib=1.7 mutable_mib=112.0 max_job_mib=16.4 oldest_ms=140.05 pack_ms=1.02 solve_ms=10.03
v5_device jobs=256 rows=44717 cells=291390 direct=true graph_reused=false upload_ms=11.53 capture_ms=4.45 queue_ms=35.16 gpu_ms=0.01 unpack_ms=2.08 total_ms=53.22
v5_service device=1 lane=0 class=0 jobs=256 rows=44717 cells=291390 reach=161853 reverse=291390 table_mib=22.5 mutable_mib=1332.0 max_job_mib=8.4 oldest_ms=140.11 pack_ms=19.85 solve_ms=53.28
v5_device jobs=145 rows=23772 cells=146758 direct=true graph_reused=false upload_ms=6.61 capture_ms=3.66 queue_ms=21.85 gpu_ms=0.01 unpack_ms=1.40 total_ms=33.53
v5_service device=0 lane=0 class=0 jobs=145 rows=23772 cells=146758 reach=81249 reverse=146758 table_mib=11.7 mutable_mib=730.0 max_job_mib=8.2 oldest_ms=76.65 pack_ms=8.29 solve_ms=33.58
v5_device jobs=117 rows=20775 cells=130833 direct=true graph_reused=false upload_ms=5.58 capture_ms=5.82 queue_ms=24.94 gpu_ms=0.01 unpack_ms=1.09 total_ms=37.44
v5_service device=1 lane=1 class=0 jobs=117 rows=20775 cells=130833 reach=73688 reverse=130833 table_mib=10.3 mutable_mib=636.0 max_job_mib=8.3 oldest_ms=76.99 pack_ms=6.95 solve_ms=37.52
v5_device jobs=6 rows=3183 cells=22027 direct=true graph_reused=false upload_ms=0.62 capture_ms=4.63 queue_ms=13.27 gpu_ms=0.00 unpack_ms=0.38 total_ms=18.90
v5_service device=0 lane=0 class=1 jobs=6 rows=3183 cells=22027 reach=12541 reverse=22027 table_mib=1.6 mutable_mib=112.0 max_job_mib=32.7 oldest_ms=131.57 pack_ms=0.95 solve_ms=18.94
v5_device jobs=145 rows=23488 cells=137468 direct=true graph_reused=false upload_ms=6.18 capture_ms=4.57 queue_ms=24.09 gpu_ms=0.02 unpack_ms=1.51 total_ms=36.37
v5_service device=0 lane=1 class=0 jobs=145 rows=23488 cells=137468 reach=78178 reverse=137468 table_mib=11.4 mutable_mib=721.0 max_job_mib=8.2 oldest_ms=76.21 pack_ms=9.74 solve_ms=36.43
v5_device jobs=169 rows=31172 cells=194128 direct=true graph_reused=false upload_ms=9.06 capture_ms=5.89 queue_ms=30.34 gpu_ms=0.01 unpack_ms=1.76 total_ms=47.05
v5_service device=1 lane=0 class=0 jobs=169 rows=31172 cells=194128 reach=115325 reverse=201357 table_mib=15.6 mutable_mib=942.0 max_job_mib=8.4 oldest_ms=220.73 pack_ms=14.80 solve_ms=47.11
v5_device jobs=6 rows=3256 cells=20288 direct=true graph_reused=false upload_ms=0.78 capture_ms=6.38 queue_ms=2.45 gpu_ms=0.01 unpack_ms=0.17 total_ms=9.78
v5_service device=1 lane=1 class=1 jobs=6 rows=3256 cells=20288 reach=13262 reverse=20288 table_mib=1.6 mutable_mib=112.0 max_job_mib=32.7 oldest_ms=131.54 pack_ms=1.18 solve_ms=9.85
v5_device jobs=12 rows=5773 cells=31915 direct=true graph_reused=false upload_ms=1.10 capture_ms=4.64 queue_ms=6.88 gpu_ms=0.01 unpack_ms=0.27 total_ms=12.91
v5_service device=0 lane=1 class=1 jobs=12 rows=5773 cells=31915 reach=20353 reverse=31915 table_mib=2.7 mutable_mib=208.0 max_job_mib=32.5 oldest_ms=134.84 pack_ms=1.86 solve_ms=12.97
v5_device jobs=170 rows=27581 cells=173197 direct=true graph_reused=false upload_ms=5.99 capture_ms=3.33 queue_ms=25.17 gpu_ms=0.01 unpack_ms=3.72 total_ms=38.22
v5_service device=0 lane=0 class=0 jobs=170 rows=27581 cells=173197 reach=99531 reverse=176943 table_mib=13.8 mutable_mib=854.0 max_job_mib=8.2 oldest_ms=76.53 pack_ms=9.74 solve_ms=38.28
v5_device jobs=3 rows=1276 cells=7318 direct=true graph_reused=false upload_ms=0.31 capture_ms=4.49 queue_ms=7.71 gpu_ms=0.01 unpack_ms=0.08 total_ms=12.60
v5_service device=0 lane=0 class=1 jobs=3 rows=1276 cells=7318 reach=4555 reverse=7318 table_mib=0.6 mutable_mib=48.0 max_job_mib=16.3 oldest_ms=134.59 pack_ms=0.48 solve_ms=12.64
v5_device jobs=138 rows=24834 cells=157182 direct=true graph_reused=false upload_ms=4.88 capture_ms=3.16 queue_ms=26.55 gpu_ms=0.01 unpack_ms=1.26 total_ms=35.86
v5_service device=0 lane=1 class=0 jobs=138 rows=24834 cells=157182 reach=87039 reverse=157182 table_mib=12.3 mutable_mib=716.0 max_job_mib=8.3 oldest_ms=76.48 pack_ms=8.23 solve_ms=35.91
v5_device jobs=125 rows=21129 cells=130010 direct=true graph_reused=false upload_ms=4.03 capture_ms=3.33 queue_ms=45.35 gpu_ms=0.01 unpack_ms=1.33 total_ms=54.05
v5_service device=1 lane=1 class=0 jobs=125 rows=21129 cells=130010 reach=72984 reverse=130010 table_mib=10.4 mutable_mib=644.0 max_job_mib=8.2 oldest_ms=76.03 pack_ms=6.54 solve_ms=54.12
v5_device jobs=147 rows=26486 cells=158675 direct=true graph_reused=false upload_ms=7.01 capture_ms=5.56 queue_ms=26.39 gpu_ms=0.01 unpack_ms=1.58 total_ms=40.55
v5_service device=1 lane=0 class=0 jobs=147 rows=26486 cells=158675 reach=146488 reverse=216763 table_mib=14.6 mutable_mib=788.0 max_job_mib=8.5 oldest_ms=76.80 pack_ms=10.59 solve_ms=40.59
v5_device jobs=11 rows=5379 cells=28539 direct=true graph_reused=false upload_ms=0.94 capture_ms=4.13 queue_ms=6.99 gpu_ms=0.01 unpack_ms=0.29 total_ms=12.35
v5_service device=0 lane=1 class=1 jobs=11 rows=5379 cells=28539 reach=19007 reverse=28539 table_mib=2.5 mutable_mib=176.0 max_job_mib=16.4 oldest_ms=128.19 pack_ms=1.45 solve_ms=12.40
v5_device jobs=2 rows=1000 cells=4387 direct=true graph_reused=false upload_ms=0.31 capture_ms=7.50 queue_ms=1.72 gpu_ms=0.01 unpack_ms=0.06 total_ms=9.60
v5_service device=1 lane=1 class=1 jobs=2 rows=1000 cells=4387 reach=2891 reverse=4387 table_mib=0.4 mutable_mib=32.0 max_job_mib=16.3 oldest_ms=144.71 pack_ms=0.45 solve_ms=9.66
v5_device jobs=6 rows=3382 cells=17614 direct=true graph_reused=false upload_ms=0.68 capture_ms=4.81 queue_ms=4.73 gpu_ms=0.00 unpack_ms=0.13 total_ms=10.36
v5_service device=1 lane=0 class=1 jobs=6 rows=3382 cells=17614 reach=11076 reverse=17614 table_mib=1.6 mutable_mib=112.0 max_job_mib=32.6 oldest_ms=137.21 pack_ms=0.96 solve_ms=10.40
v5_device jobs=23 rows=11454 cells=59772 direct=true graph_reused=false upload_ms=2.00 capture_ms=3.44 queue_ms=11.91 gpu_ms=0.01 unpack_ms=0.37 total_ms=17.73
v5_service device=0 lane=0 class=1 jobs=23 rows=11454 cells=59772 reach=38214 reverse=59772 table_mib=5.3 mutable_mib=400.0 max_job_mib=32.5 oldest_ms=75.91 pack_ms=2.77 solve_ms=17.80
v5_device jobs=141 rows=24552 cells=157615 direct=true graph_reused=false upload_ms=4.99 capture_ms=3.41 queue_ms=33.82 gpu_ms=0.01 unpack_ms=1.15 total_ms=43.37
v5_service device=1 lane=1 class=0 jobs=141 rows=24552 cells=157615 reach=86702 reverse=157615 table_mib=12.3 mutable_mib=735.0 max_job_mib=8.2 oldest_ms=76.44 pack_ms=8.19 solve_ms=43.42
v5_device jobs=129 rows=20930 cells=110497 direct=true graph_reused=false upload_ms=7.29 capture_ms=4.54 queue_ms=34.18 gpu_ms=0.01 unpack_ms=1.61 total_ms=47.62
v5_service device=1 lane=0 class=0 jobs=129 rows=20930 cells=110497 reach=233572 reverse=282043 table_mib=14.8 mutable_mib=610.0 max_job_mib=8.7 oldest_ms=77.15 pack_ms=10.48 solve_ms=47.68
v5_device jobs=139 rows=22390 cells=142993 direct=true graph_reused=false upload_ms=5.44 capture_ms=3.61 queue_ms=58.53 gpu_ms=0.01 unpack_ms=1.32 total_ms=68.91
v5_service device=0 lane=1 class=0 jobs=139 rows=22390 cells=142993 reach=104218 reverse=169466 table_mib=12.0 mutable_mib=682.0 max_job_mib=8.4 oldest_ms=76.71 pack_ms=9.68 solve_ms=68.96
v5_device jobs=9 rows=4106 cells=24219 direct=true graph_reused=false upload_ms=1.04 capture_ms=6.70 queue_ms=5.13 gpu_ms=0.01 unpack_ms=0.27 total_ms=13.15
v5_service device=1 lane=1 class=1 jobs=9 rows=4106 cells=24219 reach=15087 reverse=24219 table_mib=2.0 mutable_mib=144.0 max_job_mib=16.3 oldest_ms=105.37 pack_ms=1.66 solve_ms=13.22
v5_device jobs=256 rows=45543 cells=279713 direct=true graph_reused=false upload_ms=10.90 capture_ms=4.33 queue_ms=47.30 gpu_ms=0.01 unpack_ms=2.70 total_ms=65.24
v5_service device=0 lane=0 class=0 jobs=256 rows=45543 cells=279713 reach=195819 reverse=318855 table_mib=23.5 mutable_mib=1350.0 max_job_mib=8.5 oldest_ms=101.14 pack_ms=17.78 solve_ms=65.28
v5_device jobs=6 rows=3464 cells=18641 direct=true graph_reused=false upload_ms=0.67 capture_ms=4.77 queue_ms=5.66 gpu_ms=0.01 unpack_ms=0.16 total_ms=11.27
v5_service device=1 lane=0 class=1 jobs=6 rows=3464 cells=18641 reach=11801 reverse=18641 table_mib=1.6 mutable_mib=112.0 max_job_mib=32.5 oldest_ms=124.14 pack_ms=1.04 solve_ms=11.32
v5_device jobs=4 rows=2034 cells=12261 direct=true graph_reused=false upload_ms=0.44 capture_ms=5.02 queue_ms=2.30 gpu_ms=0.01 unpack_ms=0.10 total_ms=7.87
v5_service device=0 lane=1 class=1 jobs=4 rows=2034 cells=12261 reach=8070 reverse=12261 table_mib=1.0 mutable_mib=64.0 max_job_mib=16.4 oldest_ms=134.48 pack_ms=0.69 solve_ms=7.92
v5_device jobs=66 rows=10699 cells=49806 direct=true graph_reused=false upload_ms=7.09 capture_ms=4.21 queue_ms=15.73 gpu_ms=0.01 unpack_ms=1.10 total_ms=28.14
v5_service device=0 lane=0 class=0 jobs=66 rows=10699 cells=49806 reach=188920 reverse=210762 table_mib=9.5 mutable_mib=330.0 max_job_mib=8.6 oldest_ms=159.38 pack_ms=7.57 solve_ms=28.20
v5_device jobs=143 rows=22310 cells=145278 direct=true graph_reused=false upload_ms=5.42 capture_ms=3.64 queue_ms=27.20 gpu_ms=0.01 unpack_ms=1.13 total_ms=37.41
v5_service device=1 lane=1 class=0 jobs=143 rows=22310 cells=145278 reach=85479 reverse=152433 table_mib=11.5 mutable_mib=679.0 max_job_mib=8.2 oldest_ms=76.45 pack_ms=8.28 solve_ms=37.46
v5_device jobs=107 rows=16917 cells=78441 direct=true graph_reused=false upload_ms=8.12 capture_ms=2.96 queue_ms=24.77 gpu_ms=0.01 unpack_ms=1.61 total_ms=37.47
v5_service device=0 lane=1 class=0 jobs=107 rows=16917 cells=78441 reach=307612 reverse=341717 table_mib=15.2 mutable_mib=544.0 max_job_mib=8.8 oldest_ms=77.48 pack_ms=11.38 solve_ms=37.54
v5_device jobs=3 rows=1216 cells=7890 direct=true graph_reused=false upload_ms=0.37 capture_ms=7.03 queue_ms=1.57 gpu_ms=0.01 unpack_ms=0.13 total_ms=9.11
v5_service device=1 lane=1 class=1 jobs=3 rows=1216 cells=7890 reach=4785 reverse=7890 table_mib=0.6 mutable_mib=48.0 max_job_mib=16.3 oldest_ms=128.45 pack_ms=0.59 solve_ms=9.18
v5_device jobs=147 rows=22688 cells=104230 direct=true graph_reused=false upload_ms=13.71 capture_ms=4.54 queue_ms=35.17 gpu_ms=0.01 unpack_ms=2.61 total_ms=56.04
v5_service device=1 lane=0 class=0 jobs=147 rows=22688 cells=104230 reach=433101 reverse=479073 table_mib=20.9 mutable_mib=686.0 max_job_mib=8.7 oldest_ms=76.48 pack_ms=13.89 solve_ms=56.10
v5_device jobs=5 rows=2469 cells=10678 direct=true graph_reused=false upload_ms=0.74 capture_ms=3.68 queue_ms=8.20 gpu_ms=0.01 unpack_ms=0.24 total_ms=12.86
v5_service device=0 lane=1 class=1 jobs=5 rows=2469 cells=10678 reach=28979 reverse=32633 table_mib=1.7 mutable_mib=96.0 max_job_mib=32.4 oldest_ms=128.27 pack_ms=1.09 solve_ms=12.92
v5_device jobs=7 rows=3378 cells=14493 direct=true graph_reused=false upload_ms=1.55 capture_ms=4.54 queue_ms=6.57 gpu_ms=0.01 unpack_ms=0.36 total_ms=13.03
v5_service device=1 lane=0 class=1 jobs=7 rows=3378 cells=14493 reach=58324 reverse=64006 table_mib=2.8 mutable_mib=112.0 max_job_mib=17.0 oldest_ms=147.14 pack_ms=2.25 solve_ms=13.08
v5_device jobs=115 rows=17504 cells=52335 direct=true graph_reused=false upload_ms=20.82 capture_ms=4.20 queue_ms=29.90 gpu_ms=0.02 unpack_ms=2.50 total_ms=57.43
v5_service device=0 lane=0 class=0 jobs=115 rows=17504 cells=52335 reach=584060 reverse=606775 table_mib=22.9 mutable_mib=572.0 max_job_mib=8.8 oldest_ms=77.21 pack_ms=17.02 solve_ms=57.49
v5_device jobs=6 rows=3112 cells=6411 direct=true graph_reused=false upload_ms=2.64 capture_ms=3.63 queue_ms=8.78 gpu_ms=0.01 unpack_ms=0.47 total_ms=15.52
v5_service device=0 lane=0 class=1 jobs=6 rows=3112 cells=6411 reach=104131 reverse=106285 table_mib=3.8 mutable_mib=112.0 max_job_mib=33.9 oldest_ms=161.69 pack_ms=2.99 solve_ms=15.58
v5_device jobs=128 rows=20800 cells=124885 direct=true graph_reused=false upload_ms=6.87 capture_ms=4.08 queue_ms=19.70 gpu_ms=0.01 unpack_ms=1.16 total_ms=31.82
v5_service device=1 lane=1 class=0 jobs=128 rows=20800 cells=124885 reach=110198 reverse=165326 table_mib=11.3 mutable_mib=652.0 max_job_mib=8.5 oldest_ms=78.83 pack_ms=11.01 solve_ms=31.88
v5_device jobs=119 rows=18080 cells=51520 direct=true graph_reused=false upload_ms=17.66 capture_ms=3.62 queue_ms=30.92 gpu_ms=0.01 unpack_ms=2.18 total_ms=54.39
v5_service device=0 lane=1 class=0 jobs=119 rows=18080 cells=51520 reach=610410 reverse=633311 table_mib=23.9 mutable_mib=586.0 max_job_mib=8.7 oldest_ms=77.54 pack_ms=15.61 solve_ms=54.45
v5_device jobs=8 rows=4861 cells=23329 direct=true graph_reused=false upload_ms=1.47 capture_ms=3.96 queue_ms=31.61 gpu_ms=0.01 unpack_ms=0.33 total_ms=37.38
v5_service device=1 lane=1 class=1 jobs=8 rows=4861 cells=23329 reach=54725 reverse=62198 table_mib=3.2 mutable_mib=160.0 max_job_mib=32.6 oldest_ms=119.32 pack_ms=1.97 solve_ms=37.43
v5_device jobs=102 rows=14712 cells=43063 direct=true graph_reused=false upload_ms=21.98 capture_ms=5.22 queue_ms=25.20 gpu_ms=0.01 unpack_ms=2.30 total_ms=54.72
v5_service device=1 lane=0 class=0 jobs=102 rows=14712 cells=43063 reach=470922 reverse=489540 table_mib=18.8 mutable_mib=464.0 max_job_mib=8.7 oldest_ms=77.00 pack_ms=12.84 solve_ms=54.78
v5_device jobs=1 rows=528 cells=1172 direct=true graph_reused=false upload_ms=0.43 capture_ms=3.93 queue_ms=3.20 gpu_ms=0.01 unpack_ms=0.06 total_ms=7.63
v5_service device=1 lane=0 class=1 jobs=1 rows=528 cells=1172 reach=18230 reverse=18810 table_mib=0.7 mutable_mib=16.0 max_job_mib=16.9 oldest_ms=139.23 pack_ms=0.56 solve_ms=7.68
v5_device jobs=1 rows=5056 cells=6700 direct=true graph_reused=false upload_ms=3.38 capture_ms=3.81 queue_ms=9.36 gpu_ms=0.01 unpack_ms=0.25 total_ms=16.81
v5_service device=1 lane=0 class=2 jobs=1 rows=5056 cells=6700 reach=132526 reverse=132628 table_mib=5.3 mutable_mib=128.0 max_job_mib=135.0 oldest_ms=137.16 pack_ms=3.99 solve_ms=16.87
v5_device jobs=1 rows=790 cells=3336 direct=true graph_reused=false upload_ms=5.88 capture_ms=4.68 queue_ms=23.65 gpu_ms=0.01 unpack_ms=0.04 total_ms=34.26
v5_service device=0 lane=1 class=1 jobs=1 rows=790 cells=3336 reach=2877 reverse=3336 table_mib=0.3 mutable_mib=32.0 max_job_mib=32.4 oldest_ms=120.25 pack_ms=0.50 solve_ms=34.32
v5_device jobs=114 rows=16462 cells=48361 direct=true graph_reused=false upload_ms=19.52 capture_ms=5.30 queue_ms=29.01 gpu_ms=0.01 unpack_ms=2.27 total_ms=56.11
v5_service device=0 lane=0 class=0 jobs=114 rows=16462 cells=48361 reach=513251 reverse=534190 table_mib=20.7 mutable_mib=536.0 max_job_mib=8.5 oldest_ms=76.79 pack_ms=16.82 solve_ms=56.18
v5_device jobs=6 rows=3226 cells=10663 direct=true graph_reused=false upload_ms=2.56 capture_ms=6.48 queue_ms=6.13 gpu_ms=0.01 unpack_ms=0.37 total_ms=15.55
v5_service device=0 lane=0 class=1 jobs=6 rows=3226 cells=10663 reach=74790 reverse=78189 table_mib=3.1 mutable_mib=112.0 max_job_mib=32.6 oldest_ms=160.88 pack_ms=3.44 solve_ms=15.62
v5_device jobs=1 rows=4114 cells=20809 direct=true graph_reused=false upload_ms=0.79 capture_ms=5.86 queue_ms=3.85 gpu_ms=0.01 unpack_ms=0.12 total_ms=10.62
v5_service device=0 lane=0 class=2 jobs=1 rows=4114 cells=20809 reach=11821 reverse=20809 table_mib=1.8 mutable_mib=128.0 max_job_mib=130.2 oldest_ms=180.66 pack_ms=1.32 solve_ms=10.69
v5_device jobs=131 rows=21554 cells=114374 direct=true graph_reused=false upload_ms=10.86 capture_ms=4.44 queue_ms=23.98 gpu_ms=0.01 unpack_ms=1.58 total_ms=40.88
v5_service device=1 lane=1 class=0 jobs=131 rows=21554 cells=114374 reach=250405 reverse=300826 table_mib=15.5 mutable_mib=678.0 max_job_mib=8.5 oldest_ms=77.13 pack_ms=14.81 solve_ms=40.94
v5_device jobs=10 rows=5258 cells=16935 direct=true graph_reused=false upload_ms=3.27 capture_ms=3.99 queue_ms=11.80 gpu_ms=0.01 unpack_ms=0.63 total_ms=19.70
v5_service device=0 lane=1 class=1 jobs=10 rows=5258 cells=16935 reach=157820 reverse=164410 table_mib=6.1 mutable_mib=160.0 max_job_mib=17.3 oldest_ms=75.67 pack_ms=3.89 solve_ms=19.76
v5_device jobs=3 rows=1724 cells=6902 direct=true graph_reused=false upload_ms=0.37 capture_ms=3.85 queue_ms=2.51 gpu_ms=0.01 unpack_ms=0.11 total_ms=6.85
v5_service device=1 lane=1 class=1 jobs=3 rows=1724 cells=6902 reach=5210 reverse=6902 table_mib=0.7 mutable_mib=48.0 max_job_mib=16.3 oldest_ms=146.24 pack_ms=0.48 solve_ms=6.90
v5_device jobs=96 rows=14912 cells=31829 direct=true graph_reused=false upload_ms=30.39 capture_ms=3.70 queue_ms=27.88 gpu_ms=0.01 unpack_ms=2.23 total_ms=64.22
v5_service device=1 lane=0 class=0 jobs=96 rows=14912 cells=31829 reach=609235 reverse=623026 table_mib=22.4 mutable_mib=494.0 max_job_mib=8.7 oldest_ms=76.98 pack_ms=14.84 solve_ms=64.26
v5_device jobs=5 rows=2774 cells=4989 direct=true graph_reused=false upload_ms=3.14 capture_ms=3.84 queue_ms=8.63 gpu_ms=0.01 unpack_ms=0.40 total_ms=16.03
v5_service device=1 lane=0 class=1 jobs=5 rows=2774 cells=4989 reach=117088 reverse=118685 table_mib=4.0 mutable_mib=80.0 max_job_mib=17.5 oldest_ms=157.77 pack_ms=3.25 solve_ms=16.08
v5_device jobs=74 rows=11082 cells=25457 direct=true graph_reused=false upload_ms=17.26 capture_ms=3.65 queue_ms=22.83 gpu_ms=0.02 unpack_ms=1.89 total_ms=45.65
v5_service device=0 lane=0 class=0 jobs=74 rows=11082 cells=25457 reach=420691 reverse=431639 table_mib=15.9 mutable_mib=346.0 max_job_mib=8.7 oldest_ms=76.78 pack_ms=11.78 solve_ms=45.71
v5_device jobs=88 rows=13365 cells=45092 direct=true graph_reused=false upload_ms=13.58 capture_ms=5.03 queue_ms=20.42 gpu_ms=0.01 unpack_ms=1.68 total_ms=40.73
v5_service device=1 lane=1 class=0 jobs=88 rows=13365 cells=45092 reach=375361 reverse=394905 table_mib=15.6 mutable_mib=420.0 max_job_mib=8.7 oldest_ms=76.67 pack_ms=12.87 solve_ms=40.79
v5_device jobs=2 rows=1911 cells=3068 direct=true graph_reused=false upload_ms=1.53 capture_ms=6.50 queue_ms=33.54 gpu_ms=0.01 unpack_ms=0.26 total_ms=41.83
v5_service device=0 lane=0 class=1 jobs=2 rows=1911 cells=3068 reach=75658 reverse=76569 table_mib=2.6 mutable_mib=48.0 max_job_mib=34.2 oldest_ms=137.07 pack_ms=1.74 solve_ms=41.87
v5_device jobs=190 rows=29134 cells=82960 direct=true graph_reused=false upload_ms=50.07 capture_ms=4.09 queue_ms=51.00 gpu_ms=0.03 unpack_ms=4.91 total_ms=110.09
v5_service device=0 lane=1 class=0 jobs=190 rows=29134 cells=82960 reach=976258 reverse=1012458 table_mib=38.2 mutable_mib=934.0 max_job_mib=8.7 oldest_ms=105.64 pack_ms=29.90 solve_ms=110.15
v5_device jobs=2 rows=1571 cells=3064 direct=true graph_reused=false upload_ms=0.97 capture_ms=4.62 queue_ms=5.77 gpu_ms=0.01 unpack_ms=0.20 total_ms=11.57
v5_service device=1 lane=1 class=1 jobs=2 rows=1571 cells=3064 reach=45614 reverse=46245 table_mib=1.7 mutable_mib=48.0 max_job_mib=34.1 oldest_ms=128.62 pack_ms=1.43 solve_ms=11.63
v5_device jobs=75 rows=12432 cells=25056 direct=true graph_reused=false upload_ms=27.43 capture_ms=3.74 queue_ms=24.53 gpu_ms=0.01 unpack_ms=2.07 total_ms=57.79
v5_service device=1 lane=0 class=0 jobs=75 rows=12432 cells=25056 reach=506983 reverse=517414 table_mib=18.5 mutable_mib=396.0 max_job_mib=8.7 oldest_ms=78.29 pack_ms=15.07 solve_ms=57.84
v5_device jobs=8 rows=4474 cells=6969 direct=true graph_reused=false upload_ms=3.76 capture_ms=3.69 queue_ms=10.30 gpu_ms=0.01 unpack_ms=0.58 total_ms=18.34
v5_service device=1 lane=0 class=1 jobs=8 rows=4474 cells=6969 reach=164626 reverse=166211 table_mib=5.9 mutable_mib=144.0 max_job_mib=33.8 oldest_ms=164.66 pack_ms=17.86 solve_ms=18.39
v5_device jobs=10 rows=5079 cells=8876 direct=true graph_reused=false upload_ms=4.58 capture_ms=5.03 queue_ms=23.51 gpu_ms=0.01 unpack_ms=0.82 total_ms=33.96
v5_service device=0 lane=1 class=1 jobs=10 rows=5079 cells=8876 reach=220909 reverse=223985 table_mib=7.5 mutable_mib=176.0 max_job_mib=33.8 oldest_ms=75.75 pack_ms=5.12 solve_ms=34.03
v5_device jobs=80 rows=11839 cells=24183 direct=true graph_reused=false upload_ms=16.57 capture_ms=3.84 queue_ms=31.17 gpu_ms=0.02 unpack_ms=2.97 total_ms=54.56
v5_service device=0 lane=0 class=0 jobs=80 rows=11839 cells=24183 reach=478171 reverse=488673 table_mib=17.7 mutable_mib=394.0 max_job_mib=8.7 oldest_ms=77.61 pack_ms=14.44 solve_ms=54.62
v5_device jobs=4 rows=1770 cells=3111 direct=true graph_reused=false upload_ms=1.78 capture_ms=4.79 queue_ms=6.41 gpu_ms=0.01 unpack_ms=0.29 total_ms=13.28
v5_service device=0 lane=0 class=1 jobs=4 rows=1770 cells=3111 reach=77212 reverse=78283 table_mib=2.6 mutable_mib=64.0 max_job_mib=17.0 oldest_ms=169.06 pack_ms=2.44 solve_ms=13.34
v5_device jobs=103 rows=14688 cells=42080 direct=true graph_reused=false upload_ms=67.91 capture_ms=4.14 queue_ms=24.61 gpu_ms=0.02 unpack_ms=2.01 total_ms=98.69
v5_service device=1 lane=1 class=0 jobs=103 rows=14688 cells=42080 reach=484891 reverse=503313 table_mib=19.1 mutable_mib=467.0 max_job_mib=8.8 oldest_ms=79.16 pack_ms=18.91 solve_ms=98.74
v5_device jobs=2 rows=8684 cells=18859 direct=true graph_reused=false upload_ms=7.03 capture_ms=3.54 queue_ms=18.17 gpu_ms=0.02 unpack_ms=1.10 total_ms=29.86
v5_service device=0 lane=0 class=2 jobs=2 rows=8684 cells=18859 reach=287105 reverse=293015 table_mib=10.3 mutable_mib=320.0 max_job_mib=269.1 oldest_ms=175.54 pack_ms=6.70 solve_ms=29.94
v5_device jobs=4 rows=2184 cells=3630 direct=true graph_reused=false upload_ms=2.89 capture_ms=5.11 queue_ms=5.42 gpu_ms=0.01 unpack_ms=0.35 total_ms=13.78
v5_service device=1 lane=1 class=1 jobs=4 rows=2184 cells=3630 reach=90124 reverse=91176 table_mib=3.1 mutable_mib=80.0 max_job_mib=33.4 oldest_ms=194.65 pack_ms=2.84 solve_ms=13.84
v5_device jobs=1 rows=2556 cells=3585 direct=true graph_reused=false upload_ms=1.97 capture_ms=4.36 queue_ms=20.44 gpu_ms=0.01 unpack_ms=0.15 total_ms=26.92
v5_service device=1 lane=1 class=2 jobs=1 rows=2556 cells=3585 reach=82653 reverse=82728 table_mib=3.1 mutable_mib=64.0 max_job_mib=68.1 oldest_ms=165.96 pack_ms=2.81 solve_ms=26.98
v5_device jobs=84 rows=11489 cells=29314 direct=true graph_reused=false upload_ms=23.32 capture_ms=4.06 queue_ms=24.38 gpu_ms=0.01 unpack_ms=6.81 total_ms=58.57
v5_service device=1 lane=0 class=0 jobs=84 rows=11489 cells=29314 reach=400175 reverse=412672 table_mib=15.6 mutable_mib=398.0 max_job_mib=8.5 oldest_ms=78.12 pack_ms=13.02 solve_ms=58.63
v5_device jobs=2 rows=1075 cells=1886 direct=true graph_reused=false upload_ms=0.85 capture_ms=3.76 queue_ms=4.41 gpu_ms=0.01 unpack_ms=0.15 total_ms=9.18
v5_service device=1 lane=0 class=1 jobs=2 rows=1075 cells=1886 reach=34157 reverse=34821 table_mib=1.3 mutable_mib=32.0 max_job_mib=17.1 oldest_ms=162.08 pack_ms=1.06 solve_ms=9.23
v5_device jobs=256 rows=37382 cells=85582 direct=true graph_reused=false upload_ms=74.52 capture_ms=4.04 queue_ms=64.90 gpu_ms=0.02 unpack_ms=6.49 total_ms=149.96
v5_service device=0 lane=1 class=0 jobs=256 rows=37382 cells=85582 reach=1432645 reverse=1470322 table_mib=54.0 mutable_mib=1230.0 max_job_mib=8.7 oldest_ms=123.80 pack_ms=48.75 solve_ms=150.01
v5_device jobs=102 rows=15181 cells=31211 direct=true graph_reused=false upload_ms=18.18 capture_ms=3.45 queue_ms=31.01 gpu_ms=0.03 unpack_ms=4.24 total_ms=56.92
v5_service device=0 lane=0 class=0 jobs=102 rows=15181 cells=31211 reach=610213 reverse=623709 table_mib=22.6 mutable_mib=486.0 max_job_mib=8.8 oldest_ms=79.01 pack_ms=16.34 solve_ms=56.99
v5_device jobs=1 rows=4008 cells=8456 direct=true graph_reused=false upload_ms=5.90 capture_ms=3.94 queue_ms=11.75 gpu_ms=0.02 unpack_ms=0.39 total_ms=22.01
v5_service device=0 lane=1 class=2 jobs=1 rows=4008 cells=8456 reach=126414 reverse=130426 table_mib=4.7 mutable_mib=128.0 max_job_mib=134.4 oldest_ms=277.45 pack_ms=3.75 solve_ms=22.10
v5_device jobs=5 rows=551 cells=1384 direct=true graph_reused=false upload_ms=0.81 capture_ms=5.50 queue_ms=7.66 gpu_ms=0.01 unpack_ms=0.17 total_ms=14.15
v5_service device=0 lane=1 class=0 jobs=5 rows=551 cells=1384 reach=23339 reverse=24050 table_mib=0.9 mutable_mib=16.0 max_job_mib=4.4 oldest_ms=297.64 pack_ms=1.20 solve_ms=14.22
v5_device jobs=4 rows=2474 cells=4494 direct=true graph_reused=false upload_ms=4.95 capture_ms=4.71 queue_ms=11.14 gpu_ms=0.01 unpack_ms=0.49 total_ms=21.30
v5_service device=0 lane=0 class=1 jobs=4 rows=2474 cells=4494 reach=92430 reverse=94061 table_mib=3.3 mutable_mib=80.0 max_job_mib=33.6 oldest_ms=163.45 pack_ms=3.19 solve_ms=21.36
v5_device jobs=73 rows=11095 cells=23001 direct=true graph_reused=false upload_ms=29.68 capture_ms=5.63 queue_ms=26.11 gpu_ms=0.02 unpack_ms=2.41 total_ms=63.85
v5_service device=1 lane=0 class=0 jobs=73 rows=11095 cells=23001 reach=465696 reverse=475926 table_mib=17.0 mutable_mib=368.0 max_job_mib=8.8 oldest_ms=79.48 pack_ms=19.15 solve_ms=63.91
v5_device jobs=113 rows=16866 cells=38077 direct=true graph_reused=false upload_ms=31.71 capture_ms=4.28 queue_ms=50.07 gpu_ms=0.02 unpack_ms=3.78 total_ms=89.87
v5_service device=1 lane=1 class=0 jobs=113 rows=16866 cells=38077 reach=652711 reverse=669167 table_mib=24.4 mutable_mib=536.0 max_job_mib=8.7 oldest_ms=77.96 pack_ms=28.13 solve_ms=89.94
v5_device jobs=6 rows=3120 cells=5411 direct=true graph_reused=false upload_ms=3.54 capture_ms=6.82 queue_ms=6.36 gpu_ms=0.02 unpack_ms=0.49 total_ms=17.23
v5_service device=1 lane=1 class=1 jobs=6 rows=3120 cells=5411 reach=117920 reverse=119757 table_mib=4.2 mutable_mib=112.0 max_job_mib=33.4 oldest_ms=235.71 pack_ms=4.26 solve_ms=17.31
v5_device jobs=88 rows=12132 cells=24768 direct=true graph_reused=false upload_ms=15.62 capture_ms=3.87 queue_ms=40.59 gpu_ms=0.02 unpack_ms=2.12 total_ms=62.21
v5_service device=0 lane=1 class=0 jobs=88 rows=12132 cells=24768 reach=490462 reverse=501162 table_mib=18.3 mutable_mib=410.0 max_job_mib=8.7 oldest_ms=78.49 pack_ms=16.27 solve_ms=62.27
v5_device jobs=78 rows=12731 cells=26106 direct=true graph_reused=false upload_ms=21.85 capture_ms=5.01 queue_ms=36.04 gpu_ms=0.02 unpack_ms=2.68 total_ms=65.60
v5_service device=0 lane=0 class=0 jobs=78 rows=12731 cells=26106 reach=517070 reverse=528634 table_mib=19.0 mutable_mib=428.0 max_job_mib=8.8 oldest_ms=77.80 pack_ms=15.72 solve_ms=65.67
v5_device jobs=1 rows=408 cells=762 direct=true graph_reused=false upload_ms=0.35 capture_ms=4.35 queue_ms=4.86 gpu_ms=0.01 unpack_ms=0.06 total_ms=9.64
v5_service device=0 lane=1 class=1 jobs=1 rows=408 cells=762 reach=16083 reverse=16393 table_mib=0.6 mutable_mib=16.0 max_job_mib=16.8 oldest_ms=160.02 pack_ms=0.65 solve_ms=9.70
v5_device jobs=1 rows=682 cells=1520 direct=true graph_reused=false upload_ms=0.74 capture_ms=8.51 queue_ms=2.22 gpu_ms=0.01 unpack_ms=0.10 total_ms=11.57
v5_service device=0 lane=0 class=1 jobs=1 rows=682 cells=1520 reach=25794 reverse=26546 table_mib=0.9 mutable_mib=16.0 max_job_mib=17.3 oldest_ms=135.59 pack_ms=1.19 solve_ms=11.64
v5_device jobs=99 rows=13275 cells=27543 direct=true graph_reused=false upload_ms=17.07 capture_ms=3.74 queue_ms=25.98 gpu_ms=0.02 unpack_ms=5.51 total_ms=52.31
v5_service device=1 lane=0 class=0 jobs=99 rows=13275 cells=27543 reach=541427 reverse=553607 table_mib=20.2 mutable_mib=434.0 max_job_mib=8.6 oldest_ms=78.19 pack_ms=29.33 solve_ms=52.36
v5_device jobs=66 rows=9381 cells=20042 direct=true graph_reused=false upload_ms=11.45 capture_ms=4.13 queue_ms=20.44 gpu_ms=0.02 unpack_ms=1.70 total_ms=37.74
v5_service device=1 lane=1 class=0 jobs=66 rows=9381 cells=20042 reach=356507 reverse=364969 table_mib=13.5 mutable_mib=304.0 max_job_mib=8.6 oldest_ms=77.78 pack_ms=10.02 solve_ms=37.81
v5_device jobs=2 rows=808 cells=1256 direct=true graph_reused=false upload_ms=0.70 capture_ms=4.87 queue_ms=3.13 gpu_ms=0.02 unpack_ms=0.16 total_ms=8.88
v5_service device=1 lane=0 class=1 jobs=2 rows=808 cells=1256 reach=35107 reverse=35350 table_mib=1.2 mutable_mib=32.0 max_job_mib=16.9 oldest_ms=129.96 pack_ms=0.90 solve_ms=8.94
v5_device jobs=4 rows=2397 cells=4523 direct=true graph_reused=false upload_ms=1.53 capture_ms=3.87 queue_ms=7.00 gpu_ms=0.01 unpack_ms=0.34 total_ms=12.74
v5_service device=1 lane=1 class=1 jobs=4 rows=2397 cells=4523 reach=74367 reverse=75437 table_mib=2.8 mutable_mib=80.0 max_job_mib=33.8 oldest_ms=75.72 pack_ms=2.14 solve_ms=12.82
v5_device jobs=108 rows=13715 cells=28197 direct=true graph_reused=false upload_ms=28.70 capture_ms=4.58 queue_ms=27.46 gpu_ms=0.02 unpack_ms=2.43 total_ms=63.18
v5_service device=0 lane=1 class=0 jobs=108 rows=13715 cells=28197 reach=555761 reverse=568025 table_mib=20.8 mutable_mib=462.0 max_job_mib=8.8 oldest_ms=76.52 pack_ms=15.23 solve_ms=63.24
v5_device jobs=73 rows=10364 cells=20843 direct=true graph_reused=false upload_ms=11.63 capture_ms=6.37 queue_ms=45.01 gpu_ms=0.01 unpack_ms=1.89 total_ms=64.91
v5_service device=0 lane=0 class=0 jobs=73 rows=10364 cells=20843 reach=418087 reverse=427017 table_mib=15.5 mutable_mib=328.0 max_job_mib=8.7 oldest_ms=78.21 pack_ms=11.82 solve_ms=64.98
v5_device jobs=4 rows=1644 cells=3013 direct=true graph_reused=false upload_ms=2.04 capture_ms=5.29 queue_ms=12.07 gpu_ms=0.03 unpack_ms=0.35 total_ms=19.78
v5_service device=0 lane=1 class=1 jobs=4 rows=1644 cells=3013 reach=61750 reverse=62760 table_mib=2.2 mutable_mib=64.0 max_job_mib=17.0 oldest_ms=154.67 pack_ms=2.09 solve_ms=19.84
v5_device jobs=4 rows=2875 cells=46809 direct=true graph_reused=false upload_ms=2.62 capture_ms=8.30 queue_ms=10.17 gpu_ms=0.01 unpack_ms=0.61 total_ms=21.70
v5_service device=0 lane=0 class=1 jobs=4 rows=2875 cells=46809 reach=66454 reverse=66619 table_mib=3.0 mutable_mib=96.0 max_job_mib=33.5 oldest_ms=163.83 pack_ms=3.35 solve_ms=21.79
v5_device jobs=62 rows=8470 cells=18041 direct=true graph_reused=false upload_ms=16.96 capture_ms=7.05 queue_ms=16.86 gpu_ms=0.03 unpack_ms=2.44 total_ms=43.34
v5_service device=1 lane=1 class=0 jobs=62 rows=8470 cells=18041 reach=343881 reverse=351869 table_mib=12.8 mutable_mib=284.0 max_job_mib=8.7 oldest_ms=78.55 pack_ms=12.28 solve_ms=43.43
v5_device jobs=105 rows=16139 cells=33571 direct=true graph_reused=false upload_ms=40.85 capture_ms=4.11 queue_ms=31.01 gpu_ms=0.02 unpack_ms=2.92 total_ms=78.90
v5_service device=1 lane=0 class=0 jobs=105 rows=16139 cells=33571 reach=640287 reverse=654433 table_mib=23.7 mutable_mib=522.0 max_job_mib=8.8 oldest_ms=76.56 pack_ms=21.99 solve_ms=78.96
v5_device jobs=1 rows=12306 cells=21836 direct=true graph_reused=false upload_ms=17.94 capture_ms=4.18 queue_ms=24.39 gpu_ms=0.02 unpack_ms=2.14 total_ms=48.66
v5_service device=0 lane=0 class=3 jobs=1 rows=12306 cells=21836 reach=479078 reverse=487872 table_mib=16.5 mutable_mib=512.0 max_job_mib=534.8 oldest_ms=186.01 pack_ms=16.69 solve_ms=48.74
v5_device jobs=2 rows=7376 cells=13050 direct=true graph_reused=false upload_ms=8.03 capture_ms=4.91 queue_ms=18.63 gpu_ms=0.03 unpack_ms=1.70 total_ms=33.30
v5_service device=1 lane=1 class=2 jobs=2 rows=7376 cells=13050 reach=310456 reverse=314445 table_mib=10.5 mutable_mib=192.0 max_job_mib=137.1 oldest_ms=149.22 pack_ms=7.72 solve_ms=33.39
v5_device jobs=2 rows=1065 cells=1688 direct=true graph_reused=false upload_ms=0.78 capture_ms=4.23 queue_ms=3.45 gpu_ms=0.01 unpack_ms=0.15 total_ms=8.62
v5_service device=1 lane=0 class=1 jobs=2 rows=1065 cells=1688 reach=40330 reverse=40745 table_mib=1.4 mutable_mib=32.0 max_job_mib=17.1 oldest_ms=167.74 pack_ms=1.07 solve_ms=8.68
v5_device jobs=104 rows=14726 cells=30393 direct=true graph_reused=false upload_ms=28.31 capture_ms=3.63 queue_ms=29.76 gpu_ms=0.02 unpack_ms=2.78 total_ms=64.49
v5_service device=0 lane=1 class=0 jobs=104 rows=14726 cells=30393 reach=606899 reverse=620277 table_mib=22.4 mutable_mib=478.0 max_job_mib=8.7 oldest_ms=78.08 pack_ms=18.46 solve_ms=64.55
v5_device jobs=7 rows=3944 cells=34015 direct=true graph_reused=false upload_ms=4.13 capture_ms=5.29 queue_ms=17.37 gpu_ms=0.01 unpack_ms=1.46 total_ms=28.26
v5_service device=0 lane=1 class=1 jobs=7 rows=3944 cells=34015 reach=128743 reverse=130057 table_mib=4.9 mutable_mib=144.0 max_job_mib=33.4 oldest_ms=167.82 pack_ms=4.22 solve_ms=28.31
v5_device jobs=65 rows=10486 cells=20941 direct=true graph_reused=false upload_ms=16.20 capture_ms=4.51 queue_ms=29.72 gpu_ms=0.01 unpack_ms=2.01 total_ms=52.45
v5_service device=0 lane=0 class=0 jobs=65 rows=10486 cells=20941 reach=423875 reverse=432688 table_mib=15.6 mutable_mib=324.0 max_job_mib=8.7 oldest_ms=78.86 pack_ms=11.84 solve_ms=52.52
v5_device jobs=79 rows=11197 cells=22923 direct=true graph_reused=false upload_ms=35.05 capture_ms=5.09 queue_ms=21.21 gpu_ms=0.02 unpack_ms=2.22 total_ms=63.58
v5_service device=1 lane=1 class=0 jobs=79 rows=11197 cells=22923 reach=454447 reverse=464468 table_mib=16.9 mutable_mib=378.0 max_job_mib=8.7 oldest_ms=76.96 pack_ms=15.57 solve_ms=63.64
v5_device jobs=92 rows=13716 cells=28134 direct=true graph_reused=false upload_ms=33.17 capture_ms=4.27 queue_ms=26.30 gpu_ms=0.02 unpack_ms=2.61 total_ms=66.37
v5_service device=1 lane=0 class=0 jobs=92 rows=13716 cells=28134 reach=556835 reverse=569262 table_mib=20.6 mutable_mib=450.0 max_job_mib=8.7 oldest_ms=78.33 pack_ms=18.70 solve_ms=66.42
v5_device jobs=2 rows=1420 cells=2840 direct=true graph_reused=false upload_ms=1.57 capture_ms=4.05 queue_ms=6.28 gpu_ms=0.01 unpack_ms=0.28 total_ms=12.20
v5_service device=1 lane=1 class=1 jobs=2 rows=1420 cells=2840 reach=64568 reverse=65869 table_mib=2.2 mutable_mib=48.0 max_job_mib=33.8 oldest_ms=161.36 pack_ms=1.65 solve_ms=12.27
v5_device jobs=10 rows=5714 cells=36635 direct=true graph_reused=false upload_ms=6.04 capture_ms=6.03 queue_ms=12.79 gpu_ms=0.02 unpack_ms=1.00 total_ms=25.88
v5_service device=0 lane=0 class=1 jobs=10 rows=5714 cells=36635 reach=181962 reverse=183646 table_mib=7.0 mutable_mib=192.0 max_job_mib=33.5 oldest_ms=186.38 pack_ms=7.08 solve_ms=25.98
v5_device jobs=3 rows=1627 cells=11368 direct=true graph_reused=false upload_ms=1.35 capture_ms=5.19 queue_ms=6.39 gpu_ms=0.01 unpack_ms=0.25 total_ms=13.18
v5_service device=1 lane=0 class=1 jobs=3 rows=1627 cells=11368 reach=53102 reverse=53838 table_mib=2.0 mutable_mib=48.0 max_job_mib=17.4 oldest_ms=168.97 pack_ms=1.64 solve_ms=13.23
v5_device jobs=98 rows=13180 cells=27370 direct=true graph_reused=false upload_ms=15.15 capture_ms=3.62 queue_ms=26.58 gpu_ms=0.01 unpack_ms=2.02 total_ms=47.38
v5_service device=0 lane=1 class=0 jobs=98 rows=13180 cells=27370 reach=545483 reverse=557626 table_mib=20.2 mutable_mib=440.0 max_job_mib=8.8 oldest_ms=76.91 pack_ms=13.96 solve_ms=47.44
v5_device jobs=70 rows=10508 cells=21914 direct=true graph_reused=false upload_ms=16.74 capture_ms=14.76 queue_ms=19.80 gpu_ms=0.02 unpack_ms=2.13 total_ms=53.44
v5_service device=1 lane=1 class=0 jobs=70 rows=10508 cells=21914 reach=440738 reverse=450535 table_mib=16.1 mutable_mib=352.0 max_job_mib=8.7 oldest_ms=78.93 pack_ms=11.71 solve_ms=53.50
v5_device jobs=11 rows=6875 cells=72206 direct=true graph_reused=false upload_ms=4.31 capture_ms=5.20 queue_ms=26.44 gpu_ms=0.02 unpack_ms=1.11 total_ms=37.07
v5_service device=0 lane=1 class=1 jobs=11 rows=6875 cells=72206 reach=200983 reverse=203484 table_mib=8.1 mutable_mib=240.0 max_job_mib=34.2 oldest_ms=163.97 pack_ms=5.15 solve_ms=37.14
v5_device jobs=72 rows=10116 cells=26910 direct=true graph_reused=false upload_ms=13.15 capture_ms=3.99 queue_ms=33.45 gpu_ms=0.02 unpack_ms=3.15 total_ms=53.77
v5_service device=0 lane=0 class=0 jobs=72 rows=10116 cells=26910 reach=416677 reverse=425960 table_mib=15.5 mutable_mib=330.0 max_job_mib=8.7 oldest_ms=79.10 pack_ms=16.05 solve_ms=53.83
v5_device jobs=2 rows=820 cells=1739 direct=true graph_reused=false upload_ms=0.98 capture_ms=6.87 queue_ms=13.69 gpu_ms=0.01 unpack_ms=0.21 total_ms=21.76
v5_service device=1 lane=1 class=1 jobs=2 rows=820 cells=1739 reach=38596 reverse=39413 table_mib=1.3 mutable_mib=32.0 max_job_mib=17.1 oldest_ms=149.72 pack_ms=1.56 solve_ms=21.84
v5_device jobs=84 rows=12585 cells=25655 direct=true graph_reused=false upload_ms=27.68 capture_ms=4.10 queue_ms=28.64 gpu_ms=0.02 unpack_ms=4.09 total_ms=64.53
v5_service device=1 lane=0 class=0 jobs=84 rows=12585 cells=25655 reach=515293 reverse=526536 table_mib=19.0 mutable_mib=400.0 max_job_mib=8.7 oldest_ms=79.01 pack_ms=13.55 solve_ms=64.60
v5_device jobs=2 rows=4516 cells=105308 direct=true graph_reused=false upload_ms=2.58 capture_ms=4.80 queue_ms=11.18 gpu_ms=0.01 unpack_ms=0.75 total_ms=19.32
v5_service device=0 lane=1 class=2 jobs=2 rows=4516 cells=105308 reach=105393 reverse=105308 table_mib=4.8 mutable_mib=128.0 max_job_mib=68.2 oldest_ms=202.78 pack_ms=3.24 solve_ms=19.39
v5_device jobs=1 rows=3584 cells=6491 direct=true graph_reused=false upload_ms=8.11 capture_ms=4.35 queue_ms=9.70 gpu_ms=0.01 unpack_ms=0.32 total_ms=22.49
v5_service device=1 lane=1 class=2 jobs=1 rows=3584 cells=6491 reach=140277 reverse=142841 table_mib=4.8 mutable_mib=128.0 max_job_mib=134.7 oldest_ms=171.06 pack_ms=4.42 solve_ms=22.57
v5_device jobs=9 rows=5116 cells=39852 direct=true graph_reused=false upload_ms=3.59 capture_ms=4.49 queue_ms=11.72 gpu_ms=0.02 unpack_ms=0.80 total_ms=20.63
v5_service device=1 lane=0 class=1 jobs=9 rows=5116 cells=39852 reach=129794 reverse=131539 table_mib=5.5 mutable_mib=192.0 max_job_mib=33.5 oldest_ms=165.24 pack_ms=3.75 solve_ms=20.69
v5_device jobs=10 rows=8364 cells=131102 direct=true graph_reused=false upload_ms=5.78 capture_ms=4.17 queue_ms=19.14 gpu_ms=0.02 unpack_ms=1.58 total_ms=30.69
v5_service device=0 lane=0 class=1 jobs=10 rows=8364 cells=131102 reach=160045 reverse=159988 table_mib=7.9 mutable_mib=272.0 max_job_mib=33.9 oldest_ms=158.25 pack_ms=9.40 solve_ms=30.74
v5_device jobs=1 rows=3393 cells=4627 direct=true graph_reused=false upload_ms=3.65 capture_ms=3.68 queue_ms=8.21 gpu_ms=0.02 unpack_ms=0.78 total_ms=16.33
v5_service device=1 lane=0 class=2 jobs=1 rows=3393 cells=4627 reach=136389 reverse=136550 table_mib=4.7 mutable_mib=128.0 max_job_mib=134.4 oldest_ms=128.82 pack_ms=3.57 solve_ms=16.38
v5_device jobs=68 rows=9963 cells=20548 direct=true graph_reused=false upload_ms=14.72 capture_ms=4.65 queue_ms=24.85 gpu_ms=0.01 unpack_ms=1.70 total_ms=45.93
v5_service device=0 lane=0 class=0 jobs=68 rows=9963 cells=20548 reach=410168 reverse=419291 table_mib=15.1 mutable_mib=338.0 max_job_mib=8.7 oldest_ms=77.80 pack_ms=14.14 solve_ms=45.98
v5_device jobs=95 rows=13979 cells=28749 direct=true graph_reused=false upload_ms=24.85 capture_ms=3.42 queue_ms=46.00 gpu_ms=0.01 unpack_ms=2.18 total_ms=76.46
v5_service device=0 lane=1 class=0 jobs=95 rows=13979 cells=28749 reach=576800 reverse=589442 table_mib=21.2 mutable_mib=448.0 max_job_mib=8.6 oldest_ms=76.55 pack_ms=13.90 solve_ms=76.51
v5_device jobs=96 rows=13842 cells=28089 direct=true graph_reused=false upload_ms=28.12 capture_ms=3.93 queue_ms=29.96 gpu_ms=0.02 unpack_ms=3.08 total_ms=65.11
v5_service device=1 lane=1 class=0 jobs=96 rows=13842 cells=28089 reach=558870 reverse=570850 table_mib=20.7 mutable_mib=442.0 max_job_mib=8.6 oldest_ms=77.78 pack_ms=17.90 solve_ms=65.19
v5_device jobs=6 rows=4866 cells=95917 direct=true graph_reused=false upload_ms=2.73 capture_ms=4.04 queue_ms=15.20 gpu_ms=0.01 unpack_ms=1.04 total_ms=23.03
v5_service device=0 lane=0 class=1 jobs=6 rows=4866 cells=95917 reach=96291 reverse=96079 table_mib=4.7 mutable_mib=144.0 max_job_mib=33.9 oldest_ms=143.55 pack_ms=3.92 solve_ms=23.08
v5_device jobs=110 rows=16330 cells=33382 direct=true graph_reused=false upload_ms=18.63 capture_ms=4.90 queue_ms=33.12 gpu_ms=0.03 unpack_ms=4.11 total_ms=60.78
v5_service device=1 lane=0 class=0 jobs=110 rows=16330 cells=33382 reach=661756 reverse=676469 table_mib=24.5 mutable_mib=522.0 max_job_mib=8.7 oldest_ms=76.24 pack_ms=16.13 solve_ms=60.84
v5_device jobs=6 rows=4265 cells=47854 direct=true graph_reused=false upload_ms=5.85 capture_ms=4.46 queue_ms=12.06 gpu_ms=0.02 unpack_ms=1.05 total_ms=23.45
v5_service device=1 lane=1 class=1 jobs=6 rows=4265 cells=47854 reach=116354 reverse=116919 table_mib=4.8 mutable_mib=112.0 max_job_mib=33.9 oldest_ms=168.77 pack_ms=4.26 solve_ms=23.54
v5_device jobs=9 rows=5411 cells=97951 direct=true graph_reused=false upload_ms=4.19 capture_ms=9.20 queue_ms=13.72 gpu_ms=0.02 unpack_ms=1.45 total_ms=28.57
v5_service device=0 lane=1 class=1 jobs=9 rows=5411 cells=97951 reach=121831 reverse=122005 table_mib=5.7 mutable_mib=176.0 max_job_mib=33.4 oldest_ms=173.77 pack_ms=4.95 solve_ms=28.64
v5_device jobs=1 rows=1790 cells=29585 direct=true graph_reused=false upload_ms=0.89 capture_ms=5.40 queue_ms=6.99 gpu_ms=0.01 unpack_ms=0.23 total_ms=13.52
v5_service device=0 lane=0 class=2 jobs=1 rows=1790 cells=29585 reach=29629 reverse=29585 table_mib=1.6 mutable_mib=64.0 max_job_mib=66.8 oldest_ms=164.36 pack_ms=1.53 solve_ms=13.59
v5_device jobs=9 rows=6163 cells=104565 direct=true graph_reused=false upload_ms=4.23 capture_ms=3.95 queue_ms=15.41 gpu_ms=0.02 unpack_ms=1.24 total_ms=24.84
v5_service device=1 lane=0 class=1 jobs=9 rows=6163 cells=104565 reach=126177 reverse=126307 table_mib=6.1 mutable_mib=208.0 max_job_mib=33.3 oldest_ms=162.28 pack_ms=4.04 solve_ms=24.90
v5_device jobs=1 rows=2617 cells=39421 direct=true graph_reused=false upload_ms=1.14 capture_ms=3.83 queue_ms=8.77 gpu_ms=0.01 unpack_ms=0.20 total_ms=13.96
v5_service device=1 lane=0 class=2 jobs=1 rows=2617 cells=39421 reach=39507 reverse=39467 table_mib=2.1 mutable_mib=64.0 max_job_mib=67.3 oldest_ms=157.28 pack_ms=1.80 solve_ms=14.01
v5_device jobs=82 rows=12064 cells=35037 direct=true graph_reused=false upload_ms=16.35 capture_ms=4.16 queue_ms=24.01 gpu_ms=0.02 unpack_ms=1.97 total_ms=46.51
v5_service device=1 lane=1 class=0 jobs=82 rows=12064 cells=35037 reach=481225 reverse=491217 table_mib=18.0 mutable_mib=400.0 max_job_mib=8.7 oldest_ms=76.75 pack_ms=13.54 solve_ms=46.59
v5_device jobs=75 rows=11174 cells=23122 direct=true graph_reused=false upload_ms=15.21 capture_ms=4.54 queue_ms=33.08 gpu_ms=0.02 unpack_ms=2.44 total_ms=55.29
v5_service device=0 lane=0 class=0 jobs=75 rows=11174 cells=23122 reach=449448 reverse=459676 table_mib=16.7 mutable_mib=358.0 max_job_mib=8.7 oldest_ms=77.48 pack_ms=12.54 solve_ms=55.36
v5_device jobs=67 rows=11353 cells=43471 direct=true graph_reused=false upload_ms=11.78 capture_ms=3.67 queue_ms=43.11 gpu_ms=0.02 unpack_ms=2.61 total_ms=61.19
v5_service device=0 lane=1 class=0 jobs=67 rows=11353 cells=43471 reach=456392 reverse=465268 table_mib=16.9 mutable_mib=372.0 max_job_mib=8.8 oldest_ms=77.00 pack_ms=10.52 solve_ms=61.25
v5_device jobs=67 rows=10240 cells=46846 direct=true graph_reused=false upload_ms=15.87 capture_ms=3.85 queue_ms=23.28 gpu_ms=0.02 unpack_ms=2.37 total_ms=45.39
v5_service device=1 lane=0 class=0 jobs=67 rows=10240 cells=46846 reach=397696 reverse=406079 table_mib=15.1 mutable_mib=342.0 max_job_mib=8.7 oldest_ms=77.51 pack_ms=9.30 solve_ms=45.44
v5_device jobs=7 rows=4242 cells=59778 direct=true graph_reused=false upload_ms=3.58 capture_ms=5.90 queue_ms=13.10 gpu_ms=0.02 unpack_ms=1.02 total_ms=23.62
v5_service device=1 lane=1 class=1 jobs=7 rows=4242 cells=59778 reach=92643 reverse=92763 table_mib=4.3 mutable_mib=112.0 max_job_mib=17.1 oldest_ms=149.54 pack_ms=3.75 solve_ms=23.71
v5_device jobs=7 rows=4824 cells=90494 direct=true graph_reused=false upload_ms=2.94 capture_ms=4.16 queue_ms=12.39 gpu_ms=0.02 unpack_ms=1.03 total_ms=20.54
v5_service device=0 lane=0 class=1 jobs=7 rows=4824 cells=90494 reach=90790 reverse=90494 table_mib=4.6 mutable_mib=144.0 max_job_mib=33.6 oldest_ms=172.34 pack_ms=4.20 solve_ms=20.61
v5_device jobs=1 rows=2068 cells=41858 direct=true graph_reused=false upload_ms=0.98 capture_ms=4.90 queue_ms=6.20 gpu_ms=0.01 unpack_ms=0.17 total_ms=12.26
v5_service device=0 lane=0 class=2 jobs=1 rows=2068 cells=41858 reach=41908 reverse=41876 table_mib=2.0 mutable_mib=64.0 max_job_mib=66.9 oldest_ms=149.26 pack_ms=1.62 solve_ms=12.31
v5_device jobs=31 rows=20400 cells=369517 direct=true graph_reused=false upload_ms=14.60 capture_ms=3.84 queue_ms=34.16 gpu_ms=0.02 unpack_ms=3.33 total_ms=55.95
v5_service device=1 lane=0 class=1 jobs=31 rows=20400 cells=369517 reach=400217 reverse=399570 table_mib=19.7 mutable_mib=640.0 max_job_mib=33.7 oldest_ms=139.07 pack_ms=14.02 solve_ms=56.02
v5_device jobs=1 rows=1946 cells=28886 direct=true graph_reused=false upload_ms=0.69 capture_ms=5.19 queue_ms=5.45 gpu_ms=0.01 unpack_ms=0.14 total_ms=11.48
v5_service device=1 lane=0 class=2 jobs=1 rows=1946 cells=28886 reach=28941 reverse=28904 table_mib=1.6 mutable_mib=64.0 max_job_mib=66.4 oldest_ms=204.76 pack_ms=1.10 solve_ms=11.55
v5_device jobs=49 rows=34617 cells=655832 direct=true graph_reused=false upload_ms=39.30 capture_ms=3.75 queue_ms=59.33 gpu_ms=0.01 unpack_ms=5.53 total_ms=107.93
v5_service device=0 lane=1 class=1 jobs=49 rows=34617 cells=655832 reach=694002 reverse=692673 table_mib=34.1 mutable_mib=1120.0 max_job_mib=34.0 oldest_ms=165.06 pack_ms=26.97 solve_ms=107.99
v5_device jobs=67 rows=10125 cells=30174 direct=true graph_reused=false upload_ms=11.07 capture_ms=4.21 queue_ms=26.79 gpu_ms=0.02 unpack_ms=2.09 total_ms=44.20
v5_service device=1 lane=1 class=0 jobs=67 rows=10125 cells=30174 reach=411951 reverse=421493 table_mib=15.3 mutable_mib=322.0 max_job_mib=8.7 oldest_ms=77.46 pack_ms=11.10 solve_ms=44.27
v5_device jobs=1 rows=13200 cells=333428 direct=true graph_reused=false upload_ms=8.46 capture_ms=5.42 queue_ms=27.67 gpu_ms=0.02 unpack_ms=2.28 total_ms=43.85
v5_service device=1 lane=0 class=3 jobs=1 rows=13200 cells=333428 reach=333474 reverse=333428 table_mib=14.6 mutable_mib=512.0 max_job_mib=533.9 oldest_ms=196.71 pack_ms=9.77 solve_ms=43.91
v5_device jobs=4 rows=8042 cells=162354 direct=true graph_reused=false upload_ms=8.36 capture_ms=4.69 queue_ms=28.54 gpu_ms=0.02 unpack_ms=1.05 total_ms=42.66
v5_service device=0 lane=1 class=2 jobs=4 rows=8042 cells=162354 reach=162516 reverse=162354 table_mib=7.8 mutable_mib=320.0 max_job_mib=132.7 oldest_ms=298.14 pack_ms=4.24 solve_ms=42.73
v5_device jobs=75 rows=11469 cells=47198 direct=true graph_reused=false upload_ms=13.41 capture_ms=4.00 queue_ms=30.98 gpu_ms=0.01 unpack_ms=2.00 total_ms=50.40
v5_service device=0 lane=0 class=0 jobs=75 rows=11469 cells=47198 reach=440296 reverse=449098 table_mib=16.7 mutable_mib=354.0 max_job_mib=8.7 oldest_ms=76.21 pack_ms=11.28 solve_ms=50.46
v5_device jobs=14 rows=9089 cells=149567 direct=true graph_reused=false upload_ms=4.70 capture_ms=4.05 queue_ms=18.55 gpu_ms=0.02 unpack_ms=1.47 total_ms=28.78
v5_service device=1 lane=1 class=1 jobs=14 rows=9089 cells=149567 reach=184671 reverse=184872 table_mib=8.9 mutable_mib=272.0 max_job_mib=33.5 oldest_ms=136.93 pack_ms=6.36 solve_ms=28.84
v5_device jobs=1 rows=1980 cells=2638 direct=true graph_reused=false upload_ms=1.98 capture_ms=5.16 queue_ms=5.03 gpu_ms=0.01 unpack_ms=0.32 total_ms=12.50
v5_service device=1 lane=1 class=2 jobs=1 rows=1980 cells=2638 reach=78054 reverse=78142 table_mib=2.7 mutable_mib=64.0 max_job_mib=67.7 oldest_ms=148.71 pack_ms=2.29 solve_ms=12.56
v5_device jobs=26 rows=19240 cells=316984 direct=true graph_reused=false upload_ms=9.95 capture_ms=4.16 queue_ms=33.49 gpu_ms=0.01 unpack_ms=2.64 total_ms=50.26
v5_service device=1 lane=0 class=1 jobs=26 rows=19240 cells=316984 reach=331687 reverse=330962 table_mib=17.3 mutable_mib=576.0 max_job_mib=33.7 oldest_ms=80.55 pack_ms=11.70 solve_ms=50.32
v5_device jobs=16 rows=2497 cells=10573 direct=true graph_reused=false upload_ms=1.85 capture_ms=4.09 queue_ms=7.89 gpu_ms=0.01 unpack_ms=0.41 total_ms=14.25
v5_service device=1 lane=0 class=0 jobs=16 rows=2497 cells=10573 reach=90568 reverse=92579 table_mib=3.5 mutable_mib=82.0 max_job_mib=8.5 oldest_ms=144.82 pack_ms=2.58 solve_ms=14.31
v5_device jobs=2 rows=4722 cells=71515 direct=true graph_reused=false upload_ms=1.60 capture_ms=4.34 queue_ms=18.19 gpu_ms=0.01 unpack_ms=0.52 total_ms=24.67
v5_service device=1 lane=0 class=2 jobs=2 rows=4722 cells=71515 reach=71595 reverse=71515 table_mib=3.8 mutable_mib=128.0 max_job_mib=67.1 oldest_ms=142.68 pack_ms=2.40 solve_ms=24.73
v5_device jobs=86 rows=11432 cells=24180 direct=true graph_reused=false upload_ms=43.63 capture_ms=4.90 queue_ms=25.21 gpu_ms=0.01 unpack_ms=1.89 total_ms=75.64
v5_service device=1 lane=1 class=0 jobs=86 rows=11432 cells=24180 reach=484206 reverse=495139 table_mib=17.8 mutable_mib=386.0 max_job_mib=8.7 oldest_ms=76.69 pack_ms=13.80 solve_ms=75.70
v5_device jobs=54 rows=9996 cells=100959 direct=true graph_reused=false upload_ms=7.08 capture_ms=3.40 queue_ms=98.36 gpu_ms=0.02 unpack_ms=2.23 total_ms=111.09
v5_service device=0 lane=1 class=0 jobs=54 rows=9996 cells=100959 reach=340398 reverse=345383 table_mib=13.6 mutable_mib=304.0 max_job_mib=8.7 oldest_ms=75.89 pack_ms=8.31 solve_ms=111.15
v5_device jobs=72 rows=54032 cells=954779 direct=true graph_reused=false upload_ms=54.60 capture_ms=4.50 queue_ms=89.02 gpu_ms=0.03 unpack_ms=11.52 total_ms=159.66
v5_service device=0 lane=0 class=1 jobs=72 rows=54032 cells=954779 reach=1091036 reverse=1090260 table_mib=52.9 mutable_mib=1712.0 max_job_mib=34.4 oldest_ms=154.15 pack_ms=41.76 solve_ms=159.72
v5_device jobs=14 rows=11435 cells=158148 direct=true graph_reused=false upload_ms=9.03 capture_ms=4.28 queue_ms=22.84 gpu_ms=0.01 unpack_ms=1.78 total_ms=37.95
v5_service device=1 lane=1 class=1 jobs=14 rows=11435 cells=158148 reach=212197 reverse=212584 table_mib=10.5 mutable_mib=336.0 max_job_mib=34.0 oldest_ms=173.21 pack_ms=8.83 solve_ms=38.01
v5_device jobs=2 rows=3414 cells=62554 direct=true graph_reused=false upload_ms=1.67 capture_ms=3.91 queue_ms=8.01 gpu_ms=0.02 unpack_ms=0.43 total_ms=14.03
v5_service device=1 lane=1 class=2 jobs=2 rows=3414 cells=62554 reach=62632 reverse=62566 table_mib=3.1 mutable_mib=128.0 max_job_mib=66.5 oldest_ms=158.01 pack_ms=1.98 solve_ms=14.10
v5_device jobs=6 rows=11816 cells=204520 direct=true graph_reused=false upload_ms=6.86 capture_ms=3.61 queue_ms=22.02 gpu_ms=0.02 unpack_ms=1.65 total_ms=34.16
v5_service device=0 lane=0 class=2 jobs=6 rows=11816 cells=204520 reach=205721 reverse=205480 table_mib=10.5 mutable_mib=384.0 max_job_mib=67.1 oldest_ms=350.07 pack_ms=6.14 solve_ms=34.22
v5_device jobs=54 rows=8170 cells=29024 direct=true graph_reused=false upload_ms=11.40 capture_ms=4.10 queue_ms=18.23 gpu_ms=0.01 unpack_ms=1.33 total_ms=35.07
v5_service device=1 lane=0 class=0 jobs=54 rows=8170 cells=29024 reach=329241 reverse=336030 table_mib=12.3 mutable_mib=264.0 max_job_mib=8.6 oldest_ms=77.10 pack_ms=10.37 solve_ms=35.14
v5_device jobs=64 rows=8393 cells=29899 direct=true graph_reused=false upload_ms=9.75 capture_ms=4.10 queue_ms=17.55 gpu_ms=0.01 unpack_ms=1.29 total_ms=32.70
v5_service device=1 lane=1 class=0 jobs=64 rows=8393 cells=29899 reach=318391 reverse=325077 table_mib=12.2 mutable_mib=272.0 max_job_mib=8.6 oldest_ms=76.62 pack_ms=9.44 solve_ms=32.76
v5_device jobs=46 rows=7498 cells=32104 direct=true graph_reused=false upload_ms=17.06 capture_ms=3.04 queue_ms=146.06 gpu_ms=0.01 unpack_ms=1.11 total_ms=167.28
v5_service device=0 lane=0 class=0 jobs=46 rows=7498 cells=32104 reach=290368 reverse=295960 table_mib=10.9 mutable_mib=246.0 max_job_mib=8.6 oldest_ms=76.05 pack_ms=6.99 solve_ms=167.33
v5_device jobs=45 rows=34650 cells=634800 direct=true graph_reused=false upload_ms=35.97 capture_ms=4.32 queue_ms=80.91 gpu_ms=0.02 unpack_ms=5.99 total_ms=127.20
v5_service device=1 lane=1 class=1 jobs=45 rows=34650 cells=634800 reach=669746 reverse=668688 table_mib=33.3 mutable_mib=1120.0 max_job_mib=34.5 oldest_ms=130.47 pack_ms=22.57 solve_ms=127.26
v5_device jobs=69 rows=51736 cells=951267 direct=true graph_reused=false upload_ms=64.25 capture_ms=4.22 queue_ms=148.82 gpu_ms=29.37 unpack_ms=9.13 total_ms=255.78
v5_service device=1 lane=0 class=1 jobs=69 rows=51736 cells=951267 reach=1016446 reverse=1015377 table_mib=50.1 mutable_mib=1600.0 max_job_mib=34.3 oldest_ms=140.62 pack_ms=34.97 solve_ms=255.86
v5_device jobs=108 rows=82554 cells=1464689 direct=true graph_reused=false upload_ms=86.03 capture_ms=4.53 queue_ms=176.26 gpu_ms=43.27 unpack_ms=25.92 total_ms=336.00
v5_service device=0 lane=1 class=1 jobs=108 rows=82554 cells=1464689 reach=1533317 reverse=1529859 table_mib=77.4 mutable_mib=2720.0 max_job_mib=34.3 oldest_ms=230.92 pack_ms=55.91 solve_ms=336.06
v5_device jobs=10 rows=24252 cells=410686 direct=true graph_reused=false upload_ms=30.29 capture_ms=3.54 queue_ms=40.80 gpu_ms=0.02 unpack_ms=4.29 total_ms=78.95
v5_service device=1 lane=1 class=2 jobs=10 rows=24252 cells=410686 reach=411135 reverse=410742 table_mib=21.2 mutable_mib=768.0 max_job_mib=134.2 oldest_ms=283.41 pack_ms=13.47 solve_ms=79.01
v5_device jobs=7 rows=15974 cells=226965 direct=true graph_reused=false upload_ms=10.49 capture_ms=4.02 queue_ms=27.98 gpu_ms=0.01 unpack_ms=1.81 total_ms=44.30
v5_service device=0 lane=1 class=2 jobs=7 rows=15974 cells=226965 reach=227202 reverse=226965 table_mib=12.8 mutable_mib=576.0 max_job_mib=132.4 oldest_ms=625.75 pack_ms=9.08 solve_ms=44.36
v5_device jobs=9 rows=28731 cells=354888 direct=true graph_reused=false upload_ms=20.20 capture_ms=4.05 queue_ms=49.80 gpu_ms=0.02 unpack_ms=3.77 total_ms=77.83
v5_service device=1 lane=0 class=2 jobs=9 rows=28731 cells=354888 reach=452616 reverse=455316 table_mib=24.1 mutable_mib=832.0 max_job_mib=270.3 oldest_ms=435.75 pack_ms=18.06 solve_ms=77.90
v5_device jobs=20 rows=15444 cells=280096 direct=true graph_reused=false upload_ms=5.79 capture_ms=3.49 queue_ms=26.19 gpu_ms=0.01 unpack_ms=1.95 total_ms=37.42
v5_service device=1 lane=1 class=1 jobs=20 rows=15444 cells=280096 reach=280884 reverse=280121 table_mib=14.3 mutable_mib=512.0 max_job_mib=33.9 oldest_ms=77.30 pack_ms=6.94 solve_ms=37.48
v5_device jobs=31 rows=4269 cells=8446 direct=true graph_reused=false upload_ms=3.37 capture_ms=3.40 queue_ms=10.75 gpu_ms=0.01 unpack_ms=0.66 total_ms=18.19
v5_service device=1 lane=1 class=0 jobs=31 rows=4269 cells=8446 reach=171349 reverse=174864 table_mib=6.4 mutable_mib=128.0 max_job_mib=8.7 oldest_ms=123.56 pack_ms=3.97 solve_ms=18.25
v5_device jobs=110 rows=79402 cells=1461723 direct=true graph_reused=false upload_ms=88.53 capture_ms=3.26 queue_ms=138.59 gpu_ms=0.02 unpack_ms=14.95 total_ms=245.34
v5_service device=0 lane=0 class=1 jobs=110 rows=79402 cells=1461723 reach=1540678 reverse=1537362 table_mib=76.5 mutable_mib=2528.0 max_job_mib=34.2 oldest_ms=274.26 pack_ms=62.80 solve_ms=245.40
v5_device jobs=42 rows=32647 cells=610362 direct=true graph_reused=false upload_ms=28.35 capture_ms=3.55 queue_ms=55.86 gpu_ms=0.02 unpack_ms=5.40 total_ms=93.19
v5_service device=0 lane=1 class=1 jobs=42 rows=32647 cells=610362 reach=612206 reverse=610568 table_mib=30.9 mutable_mib=1024.0 max_job_mib=34.1 oldest_ms=79.14 pack_ms=15.73 solve_ms=93.24
v5_device jobs=1 rows=22442 cells=412820 direct=true graph_reused=false upload_ms=11.25 capture_ms=3.36 queue_ms=65.94 gpu_ms=0.02 unpack_ms=3.72 total_ms=84.29
v5_service device=1 lane=1 class=3 jobs=1 rows=22442 cells=412820 reach=412862 reverse=412820 table_mib=20.2 mutable_mib=512.0 max_job_mib=542.3 oldest_ms=124.25 pack_ms=11.38 solve_ms=84.36
v5_device jobs=34 rows=25531 cells=477621 direct=true graph_reused=false upload_ms=13.88 capture_ms=5.22 queue_ms=56.18 gpu_ms=0.03 unpack_ms=5.03 total_ms=80.34
v5_service device=1 lane=0 class=1 jobs=34 rows=25531 cells=477621 reach=479166 reverse=477804 table_mib=24.3 mutable_mib=832.0 max_job_mib=33.9 oldest_ms=79.92 pack_ms=17.40 solve_ms=80.40
v5_device jobs=1 rows=2049 cells=35332 direct=true graph_reused=false upload_ms=0.84 capture_ms=4.62 queue_ms=5.48 gpu_ms=0.01 unpack_ms=0.25 total_ms=11.20
v5_service device=1 lane=1 class=2 jobs=1 rows=2049 cells=35332 reach=35368 reverse=35332 table_mib=1.8 mutable_mib=64.0 max_job_mib=66.8 oldest_ms=178.40 pack_ms=1.40 solve_ms=11.25
v5_device jobs=3 rows=683 cells=10595 direct=true graph_reused=false upload_ms=0.34 capture_ms=4.65 queue_ms=3.26 gpu_ms=0.01 unpack_ms=0.13 total_ms=8.39
v5_service device=1 lane=0 class=0 jobs=3 rows=683 cells=10595 reach=12510 reverse=12471 table_mib=0.7 mutable_mib=18.0 max_job_mib=8.6 oldest_ms=186.89 pack_ms=0.57 solve_ms=8.45
v5_device jobs=5 rows=960 cells=1803 direct=true graph_reused=false upload_ms=5.19 capture_ms=4.66 queue_ms=44.02 gpu_ms=0.01 unpack_ms=0.19 total_ms=54.07
v5_service device=0 lane=1 class=0 jobs=5 rows=960 cells=1803 reach=32949 reverse=33644 table_mib=1.3 mutable_mib=26.0 max_job_mib=8.6 oldest_ms=197.98 pack_ms=1.08 solve_ms=54.14
v5_device jobs=12 rows=32206 cells=546163 direct=true graph_reused=false upload_ms=19.21 capture_ms=4.95 queue_ms=52.44 gpu_ms=0.01 unpack_ms=3.61 total_ms=80.22
v5_service device=0 lane=0 class=2 jobs=12 rows=32206 cells=546163 reach=546594 reverse=546163 table_mib=27.9 mutable_mib=1024.0 max_job_mib=133.5 oldest_ms=582.34 pack_ms=16.26 solve_ms=80.28
v5_device jobs=1 rows=19017 cells=175195 direct=true graph_reused=false upload_ms=6.53 capture_ms=3.72 queue_ms=28.51 gpu_ms=0.01 unpack_ms=1.21 total_ms=39.98
v5_service device=1 lane=0 class=3 jobs=1 rows=19017 cells=175195 reach=175232 reverse=175195 table_mib=12.6 mutable_mib=512.0 max_job_mib=532.2 oldest_ms=148.84 pack_ms=7.83 solve_ms=40.02
v5_device jobs=2 rows=3841 cells=67291 direct=true graph_reused=false upload_ms=1.30 capture_ms=3.55 queue_ms=9.69 gpu_ms=0.01 unpack_ms=0.41 total_ms=14.95
v5_service device=0 lane=1 class=2 jobs=2 rows=3841 cells=67291 reach=67357 reverse=67291 table_mib=3.4 mutable_mib=128.0 max_job_mib=66.9 oldest_ms=251.33 pack_ms=1.92 solve_ms=15.01
v5_device jobs=1 rows=1700 cells=21756 direct=true graph_reused=false upload_ms=0.50 capture_ms=3.54 queue_ms=5.97 gpu_ms=0.01 unpack_ms=0.14 total_ms=10.15
v5_service device=1 lane=0 class=2 jobs=1 rows=1700 cells=21756 reach=21803 reverse=21756 table_mib=1.3 mutable_mib=64.0 max_job_mib=66.2 oldest_ms=173.32 pack_ms=0.77 solve_ms=10.20
v5_device jobs=33 rows=5637 cells=32760 direct=true graph_reused=false upload_ms=3.48 capture_ms=3.18 queue_ms=14.23 gpu_ms=0.01 unpack_ms=0.78 total_ms=21.67
v5_service device=1 lane=1 class=0 jobs=33 rows=5637 cells=32760 reach=195953 reverse=199188 table_mib=7.7 mutable_mib=176.0 max_job_mib=8.7 oldest_ms=75.71 pack_ms=4.58 solve_ms=21.73
v5_device jobs=1 rows=21110 cells=244179 direct=true graph_reused=false upload_ms=6.74 capture_ms=3.42 queue_ms=47.98 gpu_ms=0.01 unpack_ms=1.06 total_ms=59.20
v5_service device=0 lane=0 class=3 jobs=1 rows=21110 cells=244179 reach=244208 reverse=244179 table_mib=14.4 mutable_mib=512.0 max_job_mib=533.2 oldest_ms=643.62 pack_ms=7.08 solve_ms=59.24
v5_device jobs=1 rows=18367 cells=300912 direct=true graph_reused=false upload_ms=7.67 capture_ms=4.81 queue_ms=40.76 gpu_ms=0.01 unpack_ms=1.84 total_ms=55.10
v5_service device=0 lane=1 class=3 jobs=1 rows=18367 cells=300912 reach=300949 reverse=300912 table_mib=15.2 mutable_mib=512.0 max_job_mib=534.9 oldest_ms=265.75 pack_ms=8.94 solve_ms=55.16
v5_device jobs=37 rows=26850 cells=525971 direct=true graph_reused=false upload_ms=13.64 capture_ms=3.36 queue_ms=45.04 gpu_ms=0.01 unpack_ms=3.87 total_ms=65.93
v5_service device=1 lane=0 class=1 jobs=37 rows=26850 cells=525971 reach=527441 reverse=525996 table_mib=26.2 mutable_mib=816.0 max_job_mib=33.9 oldest_ms=81.20 pack_ms=12.23 solve_ms=65.99
v5_device jobs=9 rows=1773 cells=17547 direct=true graph_reused=false upload_ms=1.32 capture_ms=4.71 queue_ms=6.87 gpu_ms=0.01 unpack_ms=0.36 total_ms=13.26
v5_service device=1 lane=0 class=0 jobs=9 rows=1773 cells=17547 reach=68404 reverse=69285 table_mib=2.6 mutable_mib=56.0 max_job_mib=8.7 oldest_ms=154.61 pack_ms=1.83 solve_ms=13.32
v5_device jobs=1 rows=1537 cells=29178 direct=true graph_reused=false upload_ms=0.45 capture_ms=3.93 queue_ms=5.88 gpu_ms=0.00 unpack_ms=0.10 total_ms=10.37
v5_service device=1 lane=0 class=2 jobs=1 rows=1537 cells=29178 reach=29219 reverse=29178 table_mib=1.5 mutable_mib=64.0 max_job_mib=66.3 oldest_ms=116.74 pack_ms=0.91 solve_ms=10.41
v5_device jobs=32 rows=28393 cells=502736 direct=true graph_reused=false upload_ms=16.59 capture_ms=3.53 queue_ms=77.31 gpu_ms=0.01 unpack_ms=3.61 total_ms=101.03
v5_service device=0 lane=0 class=1 jobs=32 rows=28393 cells=502736 reach=504015 reverse=502773 table_mib=26.0 mutable_mib=880.0 max_job_mib=33.9 oldest_ms=82.07 pack_ms=14.14 solve_ms=101.09
v5_device jobs=39 rows=28163 cells=542468 direct=true graph_reused=false upload_ms=24.26 capture_ms=4.96 queue_ms=71.95 gpu_ms=0.01 unpack_ms=4.81 total_ms=106.01
v5_service device=0 lane=1 class=1 jobs=39 rows=28163 cells=542468 reach=560447 reverse=559102 table_mib=27.6 mutable_mib=880.0 max_job_mib=34.4 oldest_ms=78.82 pack_ms=14.28 solve_ms=106.06
v5_device jobs=5 rows=1630 cells=40357 direct=true graph_reused=false upload_ms=0.88 capture_ms=6.43 queue_ms=5.12 gpu_ms=0.01 unpack_ms=0.36 total_ms=12.80
v5_service device=0 lane=0 class=0 jobs=5 rows=1630 cells=40357 reach=40580 reverse=40357 table_mib=1.9 mutable_mib=40.0 max_job_mib=8.6 oldest_ms=199.30 pack_ms=1.41 solve_ms=12.87
v5_device jobs=2 rows=6928 cells=90193 direct=true graph_reused=false upload_ms=2.08 capture_ms=3.90 queue_ms=22.35 gpu_ms=0.01 unpack_ms=0.45 total_ms=28.79
v5_service device=0 lane=0 class=2 jobs=2 rows=6928 cells=90193 reach=90263 reverse=90193 table_mib=5.2 mutable_mib=192.0 max_job_mib=133.2 oldest_ms=193.34 pack_ms=2.84 solve_ms=28.84
v5_device jobs=6 rows=13056 cells=205999 direct=true graph_reused=false upload_ms=5.71 capture_ms=4.55 queue_ms=28.39 gpu_ms=0.01 unpack_ms=1.38 total_ms=40.05
v5_service device=0 lane=1 class=2 jobs=6 rows=13056 cells=205999 reach=206272 reverse=206046 table_mib=10.9 mutable_mib=448.0 max_job_mib=132.0 oldest_ms=203.38 pack_ms=7.00 solve_ms=40.11
v5_device jobs=4 rows=689 cells=9737 direct=true graph_reused=false upload_ms=0.55 capture_ms=5.01 queue_ms=34.86 gpu_ms=0.01 unpack_ms=0.17 total_ms=40.61
v5_service device=0 lane=1 class=0 jobs=4 rows=689 cells=9737 reach=27107 reverse=27489 table_mib=1.0 mutable_mib=22.0 max_job_mib=8.6 oldest_ms=250.09 pack_ms=0.83 solve_ms=40.67
v5_device jobs=1 rows=19258 cells=295539 direct=true graph_reused=false upload_ms=7.75 capture_ms=4.31 queue_ms=32.29 gpu_ms=0.01 unpack_ms=1.24 total_ms=45.59
v5_service device=0 lane=0 class=3 jobs=1 rows=19258 cells=295539 reach=295581 reverse=295539 table_mib=16.2 mutable_mib=512.0 max_job_mib=537.3 oldest_ms=210.13 pack_ms=8.20 solve_ms=45.65
v5_device jobs=35 rows=24575 cells=459223 direct=true graph_reused=false upload_ms=11.84 capture_ms=4.63 queue_ms=165.51 gpu_ms=0.01 unpack_ms=3.55 total_ms=185.54
v5_service device=1 lane=0 class=1 jobs=35 rows=24575 cells=459223 reach=474579 reverse=473487 table_mib=23.8 mutable_mib=768.0 max_job_mib=34.1 oldest_ms=79.37 pack_ms=13.59 solve_ms=185.60
v5_device jobs=4 rows=17065 cells=239659 direct=true graph_reused=false upload_ms=6.29 capture_ms=4.67 queue_ms=25.10 gpu_ms=0.01 unpack_ms=1.58 total_ms=37.65
v5_service device=1 lane=0 class=2 jobs=4 rows=17065 cells=239659 reach=239864 reverse=239714 table_mib=13.4 mutable_mib=448.0 max_job_mib=134.8 oldest_ms=280.75 pack_ms=9.34 solve_ms=37.69
v5_device jobs=8 rows=1273 cells=9000 direct=true graph_reused=false upload_ms=0.73 capture_ms=3.28 queue_ms=7.39 gpu_ms=0.01 unpack_ms=0.21 total_ms=11.62
v5_service device=1 lane=0 class=0 jobs=8 rows=1273 cells=9000 reach=52588 reverse=53649 table_mib=2.0 mutable_mib=48.0 max_job_mib=8.5 oldest_ms=321.95 pack_ms=1.18 solve_ms=11.66
v5_device jobs=32 rows=24450 cells=474227 direct=true graph_reused=false upload_ms=29.86 capture_ms=4.66 queue_ms=62.43 gpu_ms=0.01 unpack_ms=3.49 total_ms=100.46
v5_service device=0 lane=1 class=1 jobs=32 rows=24450 cells=474227 reach=475589 reverse=474284 table_mib=23.7 mutable_mib=752.0 max_job_mib=34.3 oldest_ms=77.50 pack_ms=10.10 solve_ms=100.50
v5_device jobs=36 rows=26648 cells=512774 direct=true graph_reused=false upload_ms=14.51 capture_ms=3.36 queue_ms=73.96 gpu_ms=0.02 unpack_ms=4.49 total_ms=96.33
v5_service device=0 lane=0 class=1 jobs=36 rows=26648 cells=512774 reach=514319 reverse=512903 table_mib=25.7 mutable_mib=864.0 max_job_mib=33.8 oldest_ms=78.78 pack_ms=11.80 solve_ms=96.39
v5_device jobs=168 rows=125133 cells=2294859 direct=true graph_reused=false upload_ms=123.11 capture_ms=3.31 queue_ms=272.93 gpu_ms=0.02 unpack_ms=46.16 total_ms=445.53
v5_service device=1 lane=1 class=1 jobs=168 rows=125133 cells=2294859 reach=2301685 reverse=2295007 table_mib=117.5 mutable_mib=3888.0 max_job_mib=34.6 oldest_ms=118.89 pack_ms=68.45 solve_ms=445.58
v5_device jobs=6 rows=17849 cells=292959 direct=true graph_reused=false upload_ms=8.12 capture_ms=3.84 queue_ms=56.97 gpu_ms=0.01 unpack_ms=2.06 total_ms=71.00
v5_service device=0 lane=1 class=2 jobs=6 rows=17849 cells=292959 reach=293198 reverse=292959 table_mib=15.3 mutable_mib=512.0 max_job_mib=134.0 oldest_ms=192.38 pack_ms=9.32 solve_ms=71.05
v5_device jobs=8 rows=23107 cells=308734 direct=true graph_reused=false upload_ms=12.21 capture_ms=5.25 queue_ms=48.95 gpu_ms=0.02 unpack_ms=3.30 total_ms=69.73
v5_service device=0 lane=0 class=2 jobs=8 rows=23107 cells=308734 reach=309053 reverse=308766 table_mib=17.7 mutable_mib=768.0 max_job_mib=262.9 oldest_ms=182.42 pack_ms=9.60 solve_ms=69.78
v5_device jobs=6 rows=1065 cells=10837 direct=true graph_reused=false upload_ms=0.66 capture_ms=3.56 queue_ms=8.20 gpu_ms=0.01 unpack_ms=0.22 total_ms=12.64
v5_service device=0 lane=1 class=0 jobs=6 rows=1065 cells=10837 reach=38108 reverse=38711 table_mib=1.5 mutable_mib=34.0 max_job_mib=8.7 oldest_ms=269.86 pack_ms=1.05 solve_ms=12.70
v5_device jobs=3 rows=466 cells=899 direct=true graph_reused=false upload_ms=0.23 capture_ms=5.16 queue_ms=4.59 gpu_ms=0.00 unpack_ms=0.09 total_ms=10.07
v5_service device=0 lane=0 class=0 jobs=3 rows=466 cells=899 reach=15986 reverse=16364 table_mib=0.6 mutable_mib=16.0 max_job_mib=8.3 oldest_ms=252.77 pack_ms=0.50 solve_ms=10.12
v5_device jobs=26 rows=5806 cells=80934 direct=true graph_reused=false upload_ms=3.23 capture_ms=3.38 queue_ms=56.04 gpu_ms=0.01 unpack_ms=0.94 total_ms=63.60
v5_service device=1 lane=0 class=0 jobs=26 rows=5806 cells=80934 reach=165259 reverse=166837 table_mib=7.1 mutable_mib=168.0 max_job_mib=8.7 oldest_ms=75.52 pack_ms=4.04 solve_ms=63.65
v5_device jobs=13 rows=34144 cells=544098 direct=true graph_reused=false upload_ms=35.89 capture_ms=5.18 queue_ms=56.70 gpu_ms=0.02 unpack_ms=4.59 total_ms=102.38
v5_service device=1 lane=1 class=2 jobs=13 rows=34144 cells=544098 reach=544599 reverse=544098 table_mib=28.7 mutable_mib=1088.0 max_job_mib=133.9 oldest_ms=647.27 pack_ms=17.57 solve_ms=102.46
v5_device jobs=37 rows=26390 cells=523183 direct=true graph_reused=false upload_ms=14.65 capture_ms=3.62 queue_ms=69.46 gpu_ms=0.01 unpack_ms=3.43 total_ms=91.17
v5_service device=0 lane=1 class=1 jobs=37 rows=26390 cells=523183 reach=524702 reverse=523230 table_mib=26.0 mutable_mib=848.0 max_job_mib=33.9 oldest_ms=78.42 pack_ms=13.56 solve_ms=91.23
v5_device jobs=42 rows=31898 cells=597197 direct=true graph_reused=false upload_ms=17.01 capture_ms=4.48 queue_ms=75.76 gpu_ms=0.02 unpack_ms=5.69 total_ms=102.97
v5_service device=0 lane=0 class=1 jobs=42 rows=31898 cells=597197 reach=598891 reverse=597244 table_mib=30.1 mutable_mib=1040.0 max_job_mib=34.1 oldest_ms=80.85 pack_ms=16.18 solve_ms=103.03
v5_device jobs=11 rows=2518 cells=24229 direct=true graph_reused=false upload_ms=1.54 capture_ms=3.76 queue_ms=10.27 gpu_ms=0.01 unpack_ms=0.50 total_ms=16.08
v5_service device=0 lane=1 class=0 jobs=11 rows=2518 cells=24229 reach=77875 reverse=78784 table_mib=3.2 mutable_mib=76.0 max_job_mib=8.7 oldest_ms=185.69 pack_ms=1.88 solve_ms=16.13
v5_device jobs=19 rows=50726 cells=858587 direct=true graph_reused=false upload_ms=45.97 capture_ms=3.62 queue_ms=74.69 gpu_ms=0.02 unpack_ms=7.49 total_ms=131.78
v5_service device=1 lane=0 class=2 jobs=19 rows=50726 cells=858587 reach=859311 reverse=858605 table_mib=44.2 mutable_mib=1664.0 max_job_mib=134.6 oldest_ms=154.85 pack_ms=26.77 solve_ms=131.84
v5_device jobs=5 rows=724 cells=1518 direct=true graph_reused=false upload_ms=0.72 capture_ms=4.40 queue_ms=3.52 gpu_ms=0.01 unpack_ms=0.14 total_ms=8.79
v5_service device=0 lane=0 class=0 jobs=5 rows=724 cells=1518 reach=29788 reverse=30444 table_mib=1.1 mutable_mib=28.0 max_job_mib=8.4 oldest_ms=199.77 pack_ms=1.08 solve_ms=8.84
v5_device jobs=4 rows=9615 cells=146012 direct=true graph_reused=false upload_ms=6.69 capture_ms=4.70 queue_ms=26.02 gpu_ms=0.01 unpack_ms=0.92 total_ms=38.35
v5_service device=0 lane=0 class=2 jobs=4 rows=9615 cells=146012 reach=271369 reverse=271380 table_mib=10.9 mutable_mib=256.0 max_job_mib=69.9 oldest_ms=209.83 pack_ms=6.40 solve_ms=38.41
v5_device jobs=7 rows=12952 cells=200859 direct=true graph_reused=false upload_ms=5.67 capture_ms=3.62 queue_ms=38.25 gpu_ms=0.02 unpack_ms=1.47 total_ms=49.04
v5_service device=0 lane=1 class=2 jobs=7 rows=12952 cells=200859 reach=201111 reverse=200859 table_mib=10.7 mutable_mib=448.0 max_job_mib=67.2 oldest_ms=205.54 pack_ms=6.29 solve_ms=49.09
v5_device jobs=1 rows=16531 cells=190446 direct=true graph_reused=false upload_ms=7.30 capture_ms=3.49 queue_ms=33.94 gpu_ms=0.01 unpack_ms=1.40 total_ms=46.14
v5_service device=0 lane=0 class=3 jobs=1 rows=16531 cells=190446 reach=190488 reverse=190446 table_mib=12.9 mutable_mib=512.0 max_job_mib=534.8 oldest_ms=212.30 pack_ms=7.61 solve_ms=46.20
v5_device jobs=19 rows=4135 cells=71942 direct=true graph_reused=false upload_ms=2.21 capture_ms=3.14 queue_ms=13.06 gpu_ms=0.01 unpack_ms=0.72 total_ms=19.13
v5_service device=0 lane=1 class=0 jobs=19 rows=4135 cells=71942 reach=127852 reverse=128792 table_mib=5.4 mutable_mib=122.0 max_job_mib=8.7 oldest_ms=75.79 pack_ms=3.18 solve_ms=19.19
v5_device jobs=5 rows=121809 cells=1397512 direct=true graph_reused=false upload_ms=93.02 capture_ms=3.48 queue_ms=205.56 gpu_ms=0.01 unpack_ms=29.63 total_ms=331.72
v5_service device=1 lane=1 class=3 jobs=5 rows=121809 cells=1397512 reach=1397695 reverse=1397512 table_mib=87.0 mutable_mib=3584.0 max_job_mib=1065.9 oldest_ms=771.02 pack_ms=53.30 solve_ms=331.78
v5_device jobs=34 rows=26597 cells=527416 direct=true graph_reused=false upload_ms=14.07 capture_ms=3.14 queue_ms=44.69 gpu_ms=0.01 unpack_ms=3.75 total_ms=65.67
v5_service device=0 lane=0 class=1 jobs=34 rows=26597 cells=527416 reach=528778 reverse=527434 table_mib=26.0 mutable_mib=848.0 max_job_mib=34.0 oldest_ms=79.02 pack_ms=12.33 solve_ms=65.73
v5_device jobs=4 rows=986 cells=16591 direct=true graph_reused=false upload_ms=0.59 capture_ms=3.45 queue_ms=5.56 gpu_ms=3.97 unpack_ms=0.22 total_ms=13.79
v5_service device=0 lane=0 class=0 jobs=4 rows=986 cells=16591 reach=29913 reverse=30113 table_mib=1.3 mutable_mib=28.0 max_job_mib=8.6 oldest_ms=158.79 pack_ms=0.81 solve_ms=13.84
v5_device jobs=6 rows=12540 cells=172979 direct=true graph_reused=false upload_ms=4.08 capture_ms=3.25 queue_ms=22.14 gpu_ms=0.01 unpack_ms=1.07 total_ms=30.55
v5_service device=0 lane=0 class=2 jobs=6 rows=12540 cells=172979 reach=173265 reverse=173046 table_mib=9.8 mutable_mib=384.0 max_job_mib=67.1 oldest_ms=174.12 pack_ms=5.21 solve_ms=30.61
{"phase": "live", "seconds": 30.153, "solves": 41984, "solves_per_s": 1392.4, "oversize_routes": 0, "card_exclusive_routes": 0}
v5_device jobs=37 rows=25855 cells=513818 direct=true graph_reused=false upload_ms=13.63 capture_ms=4.48 queue_ms=212.26 gpu_ms=0.01 unpack_ms=3.49 total_ms=233.86
v5_service device=1 lane=1 class=1 jobs=37 rows=25855 cells=513818 reach=515295 reverse=513818 table_mib=25.5 mutable_mib=832.0 max_job_mib=34.0 oldest_ms=78.05 pack_ms=12.33 solve_ms=233.91
v5_device jobs=5 rows=8409 cells=153801 direct=true graph_reused=false upload_ms=3.46 capture_ms=4.55 queue_ms=16.41 gpu_ms=0.01 unpack_ms=1.08 total_ms=25.51
v5_service device=1 lane=1 class=2 jobs=5 rows=8409 cells=153801 reach=154006 reverse=153801 table_mib=7.8 mutable_mib=320.0 max_job_mib=67.2 oldest_ms=325.94 pack_ms=5.55 solve_ms=25.57
v5_device jobs=4 rows=868 cells=9581 direct=true graph_reused=false upload_ms=0.59 capture_ms=4.50 queue_ms=4.30 gpu_ms=0.00 unpack_ms=0.16 total_ms=9.55
v5_service device=1 lane=1 class=0 jobs=4 rows=868 cells=9581 reach=30204 reverse=30555 table_mib=1.2 mutable_mib=24.0 max_job_mib=8.6 oldest_ms=357.01 pack_ms=0.91 solve_ms=9.61
v5_device jobs=35 rows=30550 cells=567384 direct=true graph_reused=false upload_ms=29.46 capture_ms=3.21 queue_ms=167.92 gpu_ms=0.01 unpack_ms=4.60 total_ms=205.19
v5_service device=0 lane=0 class=1 jobs=35 rows=30550 cells=567384 reach=568786 reverse=567403 table_mib=28.7 mutable_mib=928.0 max_job_mib=34.3 oldest_ms=79.69 pack_ms=14.47 solve_ms=205.25
v5_device jobs=215 rows=161984 cells=3024357 direct=true graph_reused=false upload_ms=151.03 capture_ms=3.40 queue_ms=341.04 gpu_ms=0.03 unpack_ms=54.38 total_ms=549.88
v5_service device=1 lane=0 class=1 jobs=215 rows=161984 cells=3024357 reach=3048239 reverse=3039940 table_mib=153.7 mutable_mib=5008.0 max_job_mib=34.5 oldest_ms=341.85 pack_ms=107.85 solve_ms=549.93
v5_device jobs=7 rows=13058 cells=220360 direct=true graph_reused=false upload_ms=6.21 capture_ms=4.60 queue_ms=66.22 gpu_ms=0.02 unpack_ms=2.68 total_ms=79.73
v5_service device=0 lane=0 class=2 jobs=7 rows=13058 cells=220360 reach=220712 reverse=220445 table_mib=11.6 mutable_mib=448.0 max_job_mib=67.5 oldest_ms=303.74 pack_ms=6.79 solve_ms=79.79
v5_device jobs=4 rows=945 cells=25572 direct=true graph_reused=false upload_ms=0.62 capture_ms=4.02 queue_ms=58.67 gpu_ms=0.01 unpack_ms=0.20 total_ms=63.52
v5_service device=0 lane=0 class=0 jobs=4 rows=945 cells=25572 reach=28660 reverse=28586 table_mib=1.3 mutable_mib=26.0 max_job_mib=8.7 oldest_ms=390.46 pack_ms=0.97 solve_ms=63.57
v5_device jobs=40 rows=26416 cells=524764 direct=true graph_reused=false upload_ms=17.59 capture_ms=3.69 queue_ms=87.29 gpu_ms=0.01 unpack_ms=3.58 total_ms=112.17
v5_service device=1 lane=1 class=1 jobs=40 rows=26416 cells=524764 reach=526543 reverse=524952 table_mib=26.1 mutable_mib=848.0 max_job_mib=34.2 oldest_ms=81.21 pack_ms=19.75 solve_ms=112.22
v5_device jobs=2 rows=37726 cells=573361 direct=true graph_reused=false upload_ms=34.62 capture_ms=5.28 queue_ms=69.18 gpu_ms=0.01 unpack_ms=3.50 total_ms=112.59
v5_service device=1 lane=0 class=3 jobs=2 rows=37726 cells=573361 reach=573539 reverse=573453 table_mib=31.1 mutable_mib=1536.0 max_job_mib=1052.5 oldest_ms=1013.92 pack_ms=20.07 solve_ms=112.64
v5_device jobs=4 rows=1186 cells=23079 direct=true graph_reused=false upload_ms=0.65 capture_ms=3.51 queue_ms=5.27 gpu_ms=0.01 unpack_ms=0.23 total_ms=9.67
v5_service device=1 lane=1 class=0 jobs=4 rows=1186 cells=23079 reach=32266 reverse=32286 table_mib=1.4 mutable_mib=32.0 max_job_mib=8.6 oldest_ms=211.44 pack_ms=0.96 solve_ms=9.73
v5_device jobs=2 rows=43233 cells=363487 direct=true graph_reused=false upload_ms=13.87 capture_ms=3.86 queue_ms=59.87 gpu_ms=0.02 unpack_ms=4.56 total_ms=82.17
v5_service device=0 lane=0 class=3 jobs=2 rows=43233 cells=363487 reach=363555 reverse=363487 table_mib=27.3 mutable_mib=1024.0 max_job_mib=534.2 oldest_ms=450.69 pack_ms=15.95 solve_ms=82.23
v5_device jobs=231 rows=178203 cells=3241534 direct=true graph_reused=false upload_ms=161.18 capture_ms=4.31 queue_ms=398.06 gpu_ms=0.02 unpack_ms=74.87 total_ms=638.45
v5_service device=0 lane=1 class=1 jobs=231 rows=178203 cells=3241534 reach=3251197 reverse=3242261 table_mib=165.6 mutable_mib=5680.0 max_job_mib=34.0 oldest_ms=124.72 pack_ms=118.08 solve_ms=638.51
v5_device jobs=15 rows=3965 cells=89758 direct=true graph_reused=false upload_ms=2.96 capture_ms=3.59 queue_ms=12.12 gpu_ms=0.01 unpack_ms=0.73 total_ms=19.42
v5_service device=0 lane=0 class=0 jobs=15 rows=3965 cells=89758 reach=104979 reverse=104773 table_mib=4.8 mutable_mib=106.0 max_job_mib=8.8 oldest_ms=75.68 pack_ms=4.17 solve_ms=19.47
v5_device jobs=40 rows=27535 cells=507248 direct=true graph_reused=false upload_ms=66.20 capture_ms=6.11 queue_ms=127.21 gpu_ms=0.02 unpack_ms=4.70 total_ms=204.24
v5_service device=1 lane=0 class=1 jobs=40 rows=27535 cells=507248 reach=508869 reverse=507299 table_mib=25.9 mutable_mib=848.0 max_job_mib=33.9 oldest_ms=81.56 pack_ms=12.97 solve_ms=204.30
v5_device jobs=2 rows=83679 cells=1314633 direct=true graph_reused=false upload_ms=78.73 capture_ms=3.42 queue_ms=183.89 gpu_ms=0.02 unpack_ms=13.06 total_ms=279.11
v5_service device=1 lane=1 class=3 jobs=2 rows=83679 cells=1314633 reach=1314720 reverse=1314633 table_mib=69.8 mutable_mib=3072.0 max_job_mib=2103.3 oldest_ms=228.01 pack_ms=34.78 solve_ms=279.18
v5_device jobs=2 rows=5044 cells=54005 direct=true graph_reused=false upload_ms=1.32 capture_ms=3.28 queue_ms=9.79 gpu_ms=0.01 unpack_ms=0.37 total_ms=14.78
v5_service device=1 lane=1 class=2 jobs=2 rows=5044 cells=54005 reach=54068 reverse=54005 table_mib=3.4 mutable_mib=192.0 max_job_mib=131.0 oldest_ms=534.20 pack_ms=1.77 solve_ms=14.82
v5_device jobs=24 rows=56957 cells=981742 direct=true graph_reused=false upload_ms=49.68 capture_ms=3.14 queue_ms=140.06 gpu_ms=0.01 unpack_ms=6.59 total_ms=199.48
v5_service device=0 lane=0 class=2 jobs=24 rows=56957 cells=981742 reach=983036 reverse=982145 table_mib=49.9 mutable_mib=1920.0 max_job_mib=265.1 oldest_ms=110.63 pack_ms=29.10 solve_ms=199.54
v5_device jobs=3 rows=75639 cells=1029632 direct=true graph_reused=false upload_ms=58.33 capture_ms=4.43 queue_ms=175.84 gpu_ms=0.02 unpack_ms=9.80 total_ms=248.42
v5_service device=0 lane=1 class=3 jobs=3 rows=75639 cells=1029632 reach=1029751 reverse=1029632 table_mib=57.8 mutable_mib=2048.0 max_job_mib=1063.2 oldest_ms=934.18 pack_ms=31.98 solve_ms=248.48
v5_device jobs=9 rows=19225 cells=330418 direct=true graph_reused=false upload_ms=8.54 capture_ms=3.60 queue_ms=31.56 gpu_ms=0.01 unpack_ms=2.10 total_ms=45.81
v5_service device=0 lane=1 class=2 jobs=9 rows=19225 cells=330418 reach=330830 reverse=330493 table_mib=16.8 mutable_mib=576.0 max_job_mib=67.4 oldest_ms=1217.51 pack_ms=9.12 solve_ms=45.87
v5_device jobs=39 rows=29665 cells=551099 direct=true graph_reused=false upload_ms=17.11 capture_ms=4.37 queue_ms=96.93 gpu_ms=0.03 unpack_ms=6.05 total_ms=124.49
v5_service device=1 lane=1 class=1 jobs=39 rows=29665 cells=551099 reach=552740 reverse=551229 table_mib=28.1 mutable_mib=992.0 max_job_mib=34.3 oldest_ms=79.31 pack_ms=16.80 solve_ms=124.54
v5_device jobs=4 rows=860 cells=8711 direct=true graph_reused=false upload_ms=0.64 capture_ms=4.51 queue_ms=4.58 gpu_ms=0.01 unpack_ms=0.19 total_ms=9.93
v5_service device=1 lane=1 class=0 jobs=4 rows=860 cells=8711 reach=29924 reverse=30411 table_mib=1.2 mutable_mib=28.0 max_job_mib=8.6 oldest_ms=217.29 pack_ms=1.00 solve_ms=9.99
v5_device jobs=1 rows=59189 cells=1842808 direct=true graph_reused=false upload_ms=80.14 capture_ms=3.64 queue_ms=136.69 gpu_ms=0.02 unpack_ms=9.65 total_ms=230.14
v5_service device=1 lane=0 class=3 jobs=1 rows=59189 cells=1842808 reach=1891336 reverse=1891294 table_mib=76.4 mutable_mib=2048.0 max_job_mib=2160.0 oldest_ms=288.82 pack_ms=59.10 solve_ms=230.20
v5_device jobs=1 rows=4524 cells=58624 direct=true graph_reused=false upload_ms=1.41 capture_ms=3.77 queue_ms=10.37 gpu_ms=0.01 unpack_ms=0.32 total_ms=15.88
v5_service device=1 lane=1 class=2 jobs=1 rows=4524 cells=58624 reach=58663 reverse=58624 table_mib=3.4 mutable_mib=128.0 max_job_mib=133.2 oldest_ms=180.22 pack_ms=2.35 solve_ms=15.93
v5_device jobs=1 rows=1644 cells=33904 direct=true graph_reused=false upload_ms=0.61 capture_ms=5.10 queue_ms=6.61 gpu_ms=0.01 unpack_ms=0.16 total_ms=12.49
v5_service device=1 lane=0 class=2 jobs=1 rows=1644 cells=33904 reach=33941 reverse=33904 table_mib=1.6 mutable_mib=64.0 max_job_mib=66.4 oldest_ms=575.14 pack_ms=0.93 solve_ms=12.55
v5_device jobs=2 rows=318 cells=645 direct=true graph_reused=false upload_ms=0.27 capture_ms=4.09 queue_ms=2.48 gpu_ms=0.00 unpack_ms=0.07 total_ms=6.91
v5_service device=1 lane=0 class=0 jobs=2 rows=318 cells=645 reach=12017 reverse=12298 table_mib=0.5 mutable_mib=12.0 max_job_mib=8.4 oldest_ms=566.36 pack_ms=0.42 solve_ms=6.96
v5_device jobs=48 rows=33978 cells=680070 direct=true graph_reused=false upload_ms=35.01 capture_ms=3.40 queue_ms=56.18 gpu_ms=0.02 unpack_ms=5.16 total_ms=99.76
v5_service device=0 lane=1 class=1 jobs=48 rows=33978 cells=680070 reach=682064 reverse=680166 table_mib=33.6 mutable_mib=1088.0 max_job_mib=34.4 oldest_ms=80.14 pack_ms=19.37 solve_ms=99.82
v5_device jobs=2 rows=3444 cells=36898 direct=true graph_reused=false upload_ms=15.53 capture_ms=3.39 queue_ms=14.68 gpu_ms=0.01 unpack_ms=0.34 total_ms=33.95
v5_service device=0 lane=1 class=2 jobs=2 rows=3444 cells=36898 reach=36969 reverse=36898 table_mib=2.4 mutable_mib=128.0 max_job_mib=66.0 oldest_ms=202.34 pack_ms=1.54 solve_ms=34.01
v5_device jobs=36 rows=28071 cells=524305 direct=true graph_reused=false upload_ms=18.16 capture_ms=3.40 queue_ms=67.90 gpu_ms=0.01 unpack_ms=3.72 total_ms=93.19
v5_service device=1 lane=1 class=1 jobs=36 rows=28071 cells=524305 reach=525955 reverse=524541 table_mib=26.5 mutable_mib=880.0 max_job_mib=34.2 oldest_ms=80.47 pack_ms=16.52 solve_ms=93.25
v5_device jobs=40 rows=30356 cells=580392 direct=true graph_reused=false upload_ms=14.83 capture_ms=4.57 queue_ms=68.92 gpu_ms=0.02 unpack_ms=4.99 total_ms=93.33
v5_service device=1 lane=0 class=1 jobs=40 rows=30356 cells=580392 reach=582103 reverse=580534 table_mib=29.0 mutable_mib=944.0 max_job_mib=34.1 oldest_ms=81.30 pack_ms=18.04 solve_ms=93.39
v5_device jobs=4 rows=9601 cells=141894 direct=true graph_reused=false upload_ms=3.43 capture_ms=3.62 queue_ms=31.60 gpu_ms=0.01 unpack_ms=1.23 total_ms=39.88
v5_service device=1 lane=1 class=2 jobs=4 rows=9601 cells=141894 reach=142026 reverse=141894 table_mib=7.7 mutable_mib=320.0 max_job_mib=132.4 oldest_ms=193.34 pack_ms=4.13 solve_ms=39.94
v5_device jobs=5 rows=9060 cells=162367 direct=true graph_reused=false upload_ms=3.50 capture_ms=4.76 queue_ms=18.12 gpu_ms=0.01 unpack_ms=1.03 total_ms=27.42
v5_service device=1 lane=0 class=2 jobs=5 rows=9060 cells=162367 reach=162577 reverse=162367 table_mib=8.2 mutable_mib=320.0 max_job_mib=66.8 oldest_ms=196.24 pack_ms=4.45 solve_ms=27.46
v5_device jobs=1 rows=354 cells=6702 direct=true graph_reused=false upload_ms=0.21 capture_ms=4.02 queue_ms=2.42 gpu_ms=0.00 unpack_ms=0.06 total_ms=6.71
v5_service device=1 lane=1 class=0 jobs=1 rows=354 cells=6702 reach=6749 reverse=6702 table_mib=0.4 mutable_mib=8.0 max_job_mib=8.6 oldest_ms=210.79 pack_ms=0.35 solve_ms=6.75
v5_device jobs=2 rows=41977 cells=759752 direct=true graph_reused=false upload_ms=31.40 capture_ms=3.00 queue_ms=55.28 gpu_ms=0.01 unpack_ms=3.02 total_ms=92.72
v5_service device=1 lane=0 class=3 jobs=2 rows=41977 cells=759752 reach=759853 reverse=759777 table_mib=37.1 mutable_mib=1536.0 max_job_mib=1065.4 oldest_ms=230.78 pack_ms=17.17 solve_ms=92.76
v5_device jobs=1 rows=210 cells=4790 direct=true graph_reused=false upload_ms=0.13 capture_ms=17.00 queue_ms=24.85 gpu_ms=0.01 unpack_ms=0.04 total_ms=42.03
v5_service device=1 lane=0 class=0 jobs=1 rows=210 cells=4790 reach=4825 reverse=4790 table_mib=0.2 mutable_mib=8.0 max_job_mib=8.3 oldest_ms=306.75 pack_ms=0.23 solve_ms=42.08
v5_device jobs=40 rows=27154 cells=534788 direct=true graph_reused=false upload_ms=12.92 capture_ms=16.33 queue_ms=33.68 gpu_ms=0.01 unpack_ms=3.73 total_ms=66.67
v5_service device=1 lane=1 class=1 jobs=40 rows=27154 cells=534788 reach=531176 reverse=535025 table_mib=26.6 mutable_mib=848.0 max_job_mib=34.1 oldest_ms=81.36 pack_ms=12.57 solve_ms=66.73
v5_device jobs=2 rows=593 cells=13334 direct=true graph_reused=false upload_ms=0.25 capture_ms=4.21 queue_ms=284.58 gpu_ms=0.01 unpack_ms=0.14 total_ms=289.18
v5_service device=0 lane=1 class=0 jobs=2 rows=593 cells=13334 reach=13425 reverse=13334 table_mib=0.7 mutable_mib=16.0 max_job_mib=8.5 oldest_ms=235.72 pack_ms=0.46 solve_ms=289.23
v5_device jobs=2 rows=3159 cells=41315 direct=true graph_reused=false upload_ms=0.93 capture_ms=3.39 queue_ms=7.65 gpu_ms=0.01 unpack_ms=0.33 total_ms=12.31
v5_service device=1 lane=1 class=2 jobs=2 rows=3159 cells=41315 reach=41383 reverse=41315 table_mib=2.4 mutable_mib=128.0 max_job_mib=65.9 oldest_ms=150.99 pack_ms=1.28 solve_ms=12.36
v5_device jobs=1 rows=105 cells=197 direct=true graph_reused=false upload_ms=0.12 capture_ms=3.43 queue_ms=2.45 gpu_ms=0.00 unpack_ms=0.01 total_ms=6.01
v5_service device=1 lane=1 class=0 jobs=1 rows=105 cells=197 reach=3255 reverse=3335 table_mib=0.1 mutable_mib=4.0 max_job_mib=4.2 oldest_ms=116.87 pack_ms=0.16 solve_ms=6.06
v5_device jobs=37 rows=31081 cells=577251 direct=true graph_reused=false upload_ms=14.76 capture_ms=3.36 queue_ms=50.18 gpu_ms=0.01 unpack_ms=3.93 total_ms=72.24
v5_service device=1 lane=0 class=1 jobs=37 rows=31081 cells=577251 reach=578708 reverse=577299 table_mib=29.2 mutable_mib=944.0 max_job_mib=33.9 oldest_ms=78.94 pack_ms=13.53 solve_ms=72.29
v5_device jobs=29 rows=24030 cells=468847 direct=true graph_reused=false upload_ms=9.64 capture_ms=3.24 queue_ms=42.45 gpu_ms=0.01 unpack_ms=3.88 total_ms=59.21
v5_service device=0 lane=1 class=1 jobs=29 rows=24030 cells=468847 reach=470159 reverse=469052 table_mib=23.2 mutable_mib=720.0 max_job_mib=35.0 oldest_ms=79.62 pack_ms=11.68 solve_ms=59.26
v5_device jobs=244 rows=183775 cells=3588843 direct=true graph_reused=false upload_ms=193.14 capture_ms=3.35 queue_ms=368.20 gpu_ms=0.02 unpack_ms=72.59 total_ms=637.30
v5_service device=0 lane=0 class=1 jobs=244 rows=183775 cells=3588843 reach=3595885 reverse=3590802 table_mib=179.0 mutable_mib=5904.0 max_job_mib=34.6 oldest_ms=371.47 pack_ms=122.86 solve_ms=637.35
v5_device jobs=2 rows=616 cells=15338 direct=true graph_reused=false upload_ms=0.34 capture_ms=4.22 queue_ms=3.09 gpu_ms=0.01 unpack_ms=0.13 total_ms=7.79
v5_service device=0 lane=1 class=0 jobs=2 rows=616 cells=15338 reach=15410 reverse=15338 table_mib=0.7 mutable_mib=16.0 max_job_mib=8.6 oldest_ms=145.50 pack_ms=0.51 solve_ms=7.84
v5_device jobs=3 rows=848 cells=14839 direct=true graph_reused=false upload_ms=0.47 capture_ms=6.43 queue_ms=29.63 gpu_ms=0.01 unpack_ms=0.19 total_ms=36.74
v5_service device=1 lane=0 class=0 jobs=3 rows=848 cells=14839 reach=22435 reverse=22486 table_mib=1.0 mutable_mib=24.0 max_job_mib=8.6 oldest_ms=164.17 pack_ms=0.68 solve_ms=36.79
v5_device jobs=3 rows=6055 cells=116221 direct=true graph_reused=false upload_ms=2.86 capture_ms=3.88 queue_ms=14.06 gpu_ms=0.02 unpack_ms=1.00 total_ms=21.82
v5_service device=0 lane=1 class=2 jobs=3 rows=6055 cells=116221 reach=116353 reverse=116221 table_mib=5.8 mutable_mib=192.0 max_job_mib=67.6 oldest_ms=115.74 pack_ms=3.18 solve_ms=21.87
v5_device jobs=40 rows=33436 cells=652500 direct=true graph_reused=false upload_ms=18.04 capture_ms=3.44 queue_ms=58.27 gpu_ms=0.02 unpack_ms=6.19 total_ms=85.95
v5_service device=1 lane=1 class=1 jobs=40 rows=33436 cells=652500 reach=654523 reverse=652943 table_mib=32.4 mutable_mib=1008.0 max_job_mib=34.2 oldest_ms=84.99 pack_ms=17.23 solve_ms=86.01
v5_device jobs=1 rows=3795 cells=82008 direct=true graph_reused=false upload_ms=1.90 capture_ms=3.66 queue_ms=9.19 gpu_ms=0.01 unpack_ms=0.31 total_ms=15.07
v5_service device=1 lane=0 class=2 jobs=1 rows=3795 cells=82008 reach=82055 reverse=82008 table_mib=3.8 mutable_mib=128.0 max_job_mib=133.9 oldest_ms=194.61 pack_ms=2.77 solve_ms=15.12
v5_device jobs=2 rows=3851 cells=67063 direct=true graph_reused=false upload_ms=1.92 capture_ms=3.61 queue_ms=9.39 gpu_ms=0.02 unpack_ms=0.41 total_ms=15.35
v5_service device=1 lane=1 class=2 jobs=2 rows=3851 cells=67063 reach=67143 reverse=67063 table_mib=3.4 mutable_mib=128.0 max_job_mib=66.7 oldest_ms=185.75 pack_ms=1.96 solve_ms=15.40
v5_device jobs=6 rows=21314 cells=309050 direct=true graph_reused=false upload_ms=10.09 capture_ms=3.36 queue_ms=34.36 gpu_ms=0.01 unpack_ms=1.91 total_ms=49.72
v5_service device=0 lane=1 class=2 jobs=6 rows=21314 cells=309050 reach=309266 reverse=309050 table_mib=17.1 mutable_mib=704.0 max_job_mib=265.0 oldest_ms=78.29 pack_ms=9.44 solve_ms=49.77
v5_device jobs=6 rows=16418 cells=313002 direct=true graph_reused=false upload_ms=6.51 capture_ms=3.42 queue_ms=56.08 gpu_ms=0.01 unpack_ms=2.06 total_ms=68.09
v5_service device=1 lane=1 class=2 jobs=6 rows=16418 cells=313002 reach=313254 reverse=313002 table_mib=15.5 mutable_mib=512.0 max_job_mib=134.9 oldest_ms=78.09 pack_ms=7.07 solve_ms=68.15
v5_device jobs=32 rows=24708 cells=454582 direct=true graph_reused=false upload_ms=21.83 capture_ms=4.30 queue_ms=55.54 gpu_ms=0.01 unpack_ms=4.76 total_ms=86.44
v5_service device=1 lane=0 class=1 jobs=32 rows=24708 cells=454582 reach=456239 reverse=454970 table_mib=23.2 mutable_mib=800.0 max_job_mib=33.9 oldest_ms=81.69 pack_ms=11.92 solve_ms=86.49
v5_device jobs=4 rows=1160 cells=26806 direct=true graph_reused=false upload_ms=0.53 capture_ms=3.51 queue_ms=4.57 gpu_ms=0.01 unpack_ms=0.21 total_ms=8.84
v5_service device=1 lane=0 class=0 jobs=4 rows=1160 cells=26806 reach=26969 reverse=26806 table_mib=1.3 mutable_mib=32.0 max_job_mib=8.7 oldest_ms=175.70 pack_ms=1.81 solve_ms=8.89
v5_device jobs=2 rows=4882 cells=52239 direct=true graph_reused=false upload_ms=1.31 capture_ms=3.53 queue_ms=11.05 gpu_ms=0.01 unpack_ms=0.48 total_ms=16.38
v5_service device=1 lane=0 class=2 jobs=2 rows=4882 cells=52239 reach=52782 reverse=52889 table_mib=3.4 mutable_mib=128.0 max_job_mib=66.8 oldest_ms=181.40 pack_ms=1.71 solve_ms=16.42
v5_device jobs=47 rows=37477 cells=747967 direct=true graph_reused=false upload_ms=36.27 capture_ms=3.31 queue_ms=58.40 gpu_ms=0.01 unpack_ms=5.03 total_ms=103.02
v5_service device=1 lane=1 class=1 jobs=47 rows=37477 cells=747967 reach=749991 reverse=748140 table_mib=36.8 mutable_mib=1184.0 max_job_mib=34.3 oldest_ms=161.15 pack_ms=26.48 solve_ms=103.09
v5_device jobs=1 rows=324 cells=6613 direct=true graph_reused=false upload_ms=0.23 capture_ms=4.15 queue_ms=2.54 gpu_ms=0.01 unpack_ms=0.04 total_ms=6.96
v5_service device=1 lane=1 class=0 jobs=1 rows=324 cells=6613 reach=6648 reverse=6613 table_mib=0.3 mutable_mib=8.0 max_job_mib=8.5 oldest_ms=293.90 pack_ms=0.30 solve_ms=7.01
v5_device jobs=1 rows=30483 cells=681414 direct=true graph_reused=false upload_ms=17.32 capture_ms=4.16 queue_ms=49.22 gpu_ms=0.01 unpack_ms=2.36 total_ms=73.08
v5_service device=1 lane=1 class=3 jobs=1 rows=30483 cells=681414 reach=681455 reverse=681414 table_mib=30.9 mutable_mib=1024.0 max_job_mib=1070.3 oldest_ms=263.21 pack_ms=16.19 solve_ms=73.13
v5_device jobs=43 rows=30133 cells=523724 direct=true graph_reused=false upload_ms=16.56 capture_ms=3.69 queue_ms=85.55 gpu_ms=0.01 unpack_ms=3.94 total_ms=109.76
v5_service device=1 lane=0 class=1 jobs=43 rows=30133 cells=523724 reach=525473 reverse=523846 table_mib=27.3 mutable_mib=896.0 max_job_mib=34.0 oldest_ms=78.58 pack_ms=12.85 solve_ms=109.81
v5_device jobs=52 rows=37367 cells=777723 direct=true graph_reused=false upload_ms=34.74 capture_ms=3.88 queue_ms=240.51 gpu_ms=0.01 unpack_ms=6.73 total_ms=285.87
v5_service device=0 lane=1 class=1 jobs=52 rows=37367 cells=777723 reach=779994 reverse=777851 table_mib=38.0 mutable_mib=1200.0 max_job_mib=34.2 oldest_ms=144.19 pack_ms=18.51 solve_ms=285.91
v5_device jobs=3 rows=5049 cells=86619 direct=true graph_reused=false upload_ms=1.81 capture_ms=3.59 queue_ms=11.62 gpu_ms=0.01 unpack_ms=0.62 total_ms=17.66
v5_service device=1 lane=0 class=2 jobs=3 rows=5049 cells=86619 reach=86730 reverse=86619 table_mib=4.5 mutable_mib=192.0 max_job_mib=66.8 oldest_ms=201.45 pack_ms=2.34 solve_ms=17.70
v5_device jobs=2 rows=651 cells=13434 direct=true graph_reused=false upload_ms=0.31 capture_ms=5.83 queue_ms=23.82 gpu_ms=0.01 unpack_ms=0.13 total_ms=30.10
v5_service device=0 lane=1 class=0 jobs=2 rows=651 cells=13434 reach=13507 reverse=13434 table_mib=0.7 mutable_mib=16.0 max_job_mib=8.6 oldest_ms=441.31 pack_ms=0.54 solve_ms=30.16
v5_device jobs=7 rows=165504 cells=2612011 direct=true graph_reused=false upload_ms=139.34 capture_ms=4.27 queue_ms=316.53 gpu_ms=0.01 unpack_ms=32.59 total_ms=492.74
v5_service device=0 lane=0 class=3 jobs=7 rows=165504 cells=2612011 reach=2612282 reverse=2612011 table_mib=138.1 mutable_mib=5120.0 max_job_mib=1084.5 oldest_ms=1173.16 pack_ms=79.91 solve_ms=492.80
v5_device jobs=36 rows=27129 cells=522864 direct=true graph_reused=false upload_ms=13.71 capture_ms=4.35 queue_ms=55.82 gpu_ms=0.01 unpack_ms=4.34 total_ms=78.23
v5_service device=1 lane=0 class=1 jobs=36 rows=27129 cells=522864 reach=524556 reverse=523134 table_mib=26.1 mutable_mib=816.0 max_job_mib=34.2 oldest_ms=78.67 pack_ms=12.74 solve_ms=78.29
v5_device jobs=41 rows=29390 cells=561222 direct=true graph_reused=false upload_ms=14.25 capture_ms=3.21 queue_ms=85.30 gpu_ms=0.02 unpack_ms=5.27 total_ms=108.05
v5_service device=1 lane=1 class=1 jobs=41 rows=29390 cells=561222 reach=562846 reverse=561222 table_mib=28.2 mutable_mib=944.0 max_job_mib=33.9 oldest_ms=79.16 pack_ms=14.30 solve_ms=108.10
v5_device jobs=36 rows=25464 cells=473564 direct=true graph_reused=false upload_ms=27.43 capture_ms=3.38 queue_ms=43.91 gpu_ms=0.02 unpack_ms=4.06 total_ms=78.80
v5_service device=0 lane=1 class=1 jobs=36 rows=25464 cells=473564 reach=475020 reverse=473609 table_mib=24.1 mutable_mib=752.0 max_job_mib=33.9 oldest_ms=78.80 pack_ms=11.46 solve_ms=78.85
v5_device jobs=6 rows=13512 cells=236248 direct=true graph_reused=false upload_ms=7.34 capture_ms=3.60 queue_ms=23.60 gpu_ms=0.01 unpack_ms=1.52 total_ms=36.07
v5_service device=1 lane=1 class=2 jobs=6 rows=13512 cells=236248 reach=237227 reverse=237016 table_mib=12.0 mutable_mib=448.0 max_job_mib=132.5 oldest_ms=206.58 pack_ms=7.69 solve_ms=36.13
v5_device jobs=5 rows=9674 cells=178219 direct=true graph_reused=false upload_ms=5.62 capture_ms=3.84 queue_ms=18.92 gpu_ms=0.01 unpack_ms=1.16 total_ms=29.55
v5_service device=0 lane=1 class=2 jobs=5 rows=9674 cells=178219 reach=178419 reverse=178230 table_mib=8.9 mutable_mib=384.0 max_job_mib=132.1 oldest_ms=168.68 pack_ms=5.31 solve_ms=29.61
v5_device jobs=1 rows=352 cells=4559 direct=true graph_reused=false upload_ms=0.20 capture_ms=4.10 queue_ms=1.78 gpu_ms=0.00 unpack_ms=0.03 total_ms=6.11
v5_service device=0 lane=1 class=0 jobs=1 rows=352 cells=4559 reach=4582 reverse=4559 table_mib=0.3 mutable_mib=8.0 max_job_mib=8.4 oldest_ms=203.08 pack_ms=0.24 solve_ms=6.17
v5_device jobs=1 rows=31526 cells=431245 direct=true graph_reused=false upload_ms=31.22 capture_ms=3.63 queue_ms=45.28 gpu_ms=0.01 unpack_ms=3.10 total_ms=83.24
v5_service device=1 lane=0 class=3 jobs=1 rows=31526 cells=431245 reach=431282 reverse=431245 table_mib=24.2 mutable_mib=1024.0 max_job_mib=1059.8 oldest_ms=169.65 pack_ms=15.33 solve_ms=83.30
v5_device jobs=1 rows=337 cells=7993 direct=true graph_reused=false upload_ms=0.24 capture_ms=5.33 queue_ms=36.48 gpu_ms=0.01 unpack_ms=0.07 total_ms=42.13
v5_service device=1 lane=0 class=0 jobs=1 rows=337 cells=7993 reach=8042 reverse=7993 table_mib=0.4 mutable_mib=8.0 max_job_mib=8.6 oldest_ms=267.70 pack_ms=0.35 solve_ms=42.19
v5_device jobs=1 rows=34658 cells=527847 direct=true graph_reused=false upload_ms=20.55 capture_ms=3.64 queue_ms=56.55 gpu_ms=0.01 unpack_ms=3.14 total_ms=83.89
v5_service device=1 lane=1 class=3 jobs=1 rows=34658 cells=527847 reach=527892 reverse=527847 table_mib=28.9 mutable_mib=1024.0 max_job_mib=1069.0 oldest_ms=248.43 pack_ms=16.74 solve_ms=83.95
v5_device jobs=2 rows=643 cells=16843 direct=true graph_reused=false upload_ms=0.32 capture_ms=5.00 queue_ms=4.60 gpu_ms=0.01 unpack_ms=0.14 total_ms=10.07
v5_service device=1 lane=1 class=0 jobs=2 rows=643 cells=16843 reach=16934 reverse=16843 table_mib=0.8 mutable_mib=16.0 max_job_mib=8.6 oldest_ms=324.71 pack_ms=0.58 solve_ms=10.12
v5_device jobs=2 rows=4782 cells=105139 direct=true graph_reused=false upload_ms=1.89 capture_ms=3.39 queue_ms=15.34 gpu_ms=0.01 unpack_ms=0.64 total_ms=21.28
v5_service device=1 lane=0 class=2 jobs=2 rows=4782 cells=105139 reach=105231 reverse=105139 table_mib=5.0 mutable_mib=192.0 max_job_mib=133.8 oldest_ms=303.30 pack_ms=2.49 solve_ms=21.34
v5_device jobs=20 rows=5996 cells=108426 direct=true graph_reused=false upload_ms=2.00 capture_ms=3.19 queue_ms=13.31 gpu_ms=0.01 unpack_ms=0.84 total_ms=19.35
v5_service device=1 lane=0 class=0 jobs=20 rows=5996 cells=108426 reach=108958 reverse=108426 table_mib=5.8 mutable_mib=156.0 max_job_mib=8.7 oldest_ms=75.63 pack_ms=2.79 solve_ms=19.40
v5_device jobs=32 rows=24364 cells=464613 direct=true graph_reused=false upload_ms=12.55 capture_ms=3.63 queue_ms=40.69 gpu_ms=0.01 unpack_ms=3.37 total_ms=60.25
v5_service device=1 lane=1 class=1 jobs=32 rows=24364 cells=464613 reach=465762 reverse=464685 table_mib=23.3 mutable_mib=752.0 max_job_mib=34.1 oldest_ms=81.24 pack_ms=12.10 solve_ms=60.31
v5_device jobs=3 rows=863 cells=21277 direct=true graph_reused=false upload_ms=0.43 capture_ms=3.96 queue_ms=3.87 gpu_ms=0.01 unpack_ms=0.17 total_ms=8.44
v5_service device=1 lane=1 class=0 jobs=3 rows=863 cells=21277 reach=21406 reverse=21277 table_mib=1.0 mutable_mib=24.0 max_job_mib=8.7 oldest_ms=143.93 pack_ms=0.58 solve_ms=8.48
v5_device jobs=40 rows=29120 cells=583278 direct=true graph_reused=false upload_ms=30.54 capture_ms=4.50 queue_ms=133.50 gpu_ms=0.02 unpack_ms=4.86 total_ms=173.41
v5_service device=0 lane=1 class=1 jobs=40 rows=29120 cells=583278 reach=586158 reverse=584618 table_mib=28.7 mutable_mib=960.0 max_job_mib=34.1 oldest_ms=79.34 pack_ms=13.68 solve_ms=173.46
v5_device jobs=2 rows=3294 cells=52721 direct=true graph_reused=false upload_ms=1.13 capture_ms=3.34 queue_ms=9.12 gpu_ms=0.02 unpack_ms=0.44 total_ms=14.04
v5_service device=1 lane=1 class=2 jobs=2 rows=3294 cells=52721 reach=52809 reverse=52721 table_mib=2.9 mutable_mib=128.0 max_job_mib=66.3 oldest_ms=115.01 pack_ms=1.60 solve_ms=14.09
v5_device jobs=6 rows=10785 cells=156898 direct=true graph_reused=false upload_ms=4.11 capture_ms=4.08 queue_ms=19.23 gpu_ms=0.01 unpack_ms=1.12 total_ms=28.55
v5_service device=0 lane=1 class=2 jobs=6 rows=10785 cells=156898 reach=157553 reverse=157330 table_mib=8.7 mutable_mib=384.0 max_job_mib=66.8 oldest_ms=266.21 pack_ms=5.17 solve_ms=28.60
v5_device jobs=2 rows=127149 cells=2063935 direct=true graph_reused=false upload_ms=113.92 capture_ms=3.27 queue_ms=249.01 gpu_ms=0.02 unpack_ms=32.28 total_ms=398.49
v5_service device=0 lane=0 class=3 jobs=2 rows=127149 cells=2063935 reach=2064005 reverse=2063935 table_mib=105.4 mutable_mib=4096.0 max_job_mib=2148.0 oldest_ms=1727.68 pack_ms=46.94 solve_ms=398.55
v5_device jobs=36 rows=27546 cells=547305 direct=true graph_reused=false upload_ms=15.60 capture_ms=3.52 queue_ms=45.44 gpu_ms=0.02 unpack_ms=4.91 total_ms=69.49
v5_service device=1 lane=1 class=1 jobs=36 rows=27546 cells=547305 reach=535886 reverse=547319 table_mib=27.0 mutable_mib=912.0 max_job_mib=33.8 oldest_ms=79.83 pack_ms=13.81 solve_ms=69.54
v5_device jobs=6 rows=11141 cells=175486 direct=true graph_reused=false upload_ms=5.04 capture_ms=3.65 queue_ms=20.42 gpu_ms=0.01 unpack_ms=1.31 total_ms=30.44
v5_service device=1 lane=1 class=2 jobs=6 rows=11141 cells=175486 reach=175884 reverse=175646 table_mib=9.5 mutable_mib=384.0 max_job_mib=67.0 oldest_ms=170.13 pack_ms=5.75 solve_ms=30.50
v5_device jobs=36 rows=25910 cells=475981 direct=true graph_reused=false upload_ms=11.59 capture_ms=3.24 queue_ms=87.45 gpu_ms=0.01 unpack_ms=3.60 total_ms=105.88
v5_service device=0 lane=1 class=1 jobs=36 rows=25910 cells=475981 reach=477473 reverse=476059 table_mib=24.4 mutable_mib=816.0 max_job_mib=34.0 oldest_ms=80.11 pack_ms=10.80 solve_ms=105.95
v5_device jobs=38 rows=28716 cells=554518 direct=true graph_reused=false upload_ms=17.67 capture_ms=4.74 queue_ms=50.09 gpu_ms=0.02 unpack_ms=4.73 total_ms=77.24
v5_service device=0 lane=0 class=1 jobs=38 rows=28716 cells=554518 reach=539002 reverse=555071 table_mib=27.5 mutable_mib=896.0 max_job_mib=34.6 oldest_ms=79.38 pack_ms=13.48 solve_ms=77.29
v5_device jobs=3 rows=5454 cells=99644 direct=true graph_reused=false upload_ms=2.37 capture_ms=4.83 queue_ms=25.42 gpu_ms=0.01 unpack_ms=0.66 total_ms=33.30
v5_service device=0 lane=0 class=2 jobs=3 rows=5454 cells=99644 reach=99756 reverse=99644 table_mib=5.0 mutable_mib=192.0 max_job_mib=67.1 oldest_ms=185.28 pack_ms=3.57 solve_ms=33.34
v5_device jobs=2 rows=14809 cells=219360 direct=true graph_reused=false upload_ms=9.79 capture_ms=3.91 queue_ms=30.92 gpu_ms=0.01 unpack_ms=1.02 total_ms=45.64
v5_service device=0 lane=1 class=2 jobs=2 rows=14809 cells=219360 reach=219430 reverse=219360 table_mib=12.1 mutable_mib=384.0 max_job_mib=270.1 oldest_ms=198.80 pack_ms=8.58 solve_ms=45.70
v5_device jobs=2 rows=601 cells=15546 direct=true graph_reused=false upload_ms=0.31 capture_ms=4.12 queue_ms=3.10 gpu_ms=0.01 unpack_ms=0.15 total_ms=7.68
v5_service device=0 lane=0 class=0 jobs=2 rows=601 cells=15546 reach=15616 reverse=15546 table_mib=0.7 mutable_mib=16.0 max_job_mib=8.7 oldest_ms=181.80 pack_ms=0.55 solve_ms=7.74
v5_device jobs=3 rows=950 cells=18468 direct=true graph_reused=false upload_ms=0.35 capture_ms=3.51 queue_ms=4.14 gpu_ms=0.00 unpack_ms=0.14 total_ms=8.16
v5_service device=0 lane=1 class=0 jobs=3 rows=950 cells=18468 reach=18580 reverse=18468 table_mib=0.9 mutable_mib=24.0 max_job_mib=8.6 oldest_ms=258.68 pack_ms=0.54 solve_ms=8.20
v5_device jobs=1 rows=33967 cells=592572 direct=true graph_reused=false upload_ms=16.09 capture_ms=3.19 queue_ms=46.72 gpu_ms=0.02 unpack_ms=2.74 total_ms=68.76
v5_service device=0 lane=0 class=3 jobs=1 rows=33967 cells=592572 reach=592605 reverse=592572 table_mib=29.0 mutable_mib=1024.0 max_job_mib=1066.2 oldest_ms=187.03 pack_ms=16.82 solve_ms=68.82
v5_device jobs=38 rows=29862 cells=549566 direct=true graph_reused=false upload_ms=14.67 capture_ms=3.24 queue_ms=50.61 gpu_ms=0.01 unpack_ms=4.21 total_ms=72.75
v5_service device=0 lane=1 class=1 jobs=38 rows=29862 cells=549566 reach=552149 reverse=550644 table_mib=28.2 mutable_mib=896.0 max_job_mib=34.1 oldest_ms=80.85 pack_ms=12.62 solve_ms=72.80
v5_device jobs=7 rows=15941 cells=372352 direct=true graph_reused=false upload_ms=9.52 capture_ms=5.02 queue_ms=43.69 gpu_ms=0.01 unpack_ms=1.94 total_ms=60.18
v5_service device=0 lane=0 class=2 jobs=7 rows=15941 cells=372352 reach=346652 reverse=372352 table_mib=16.6 mutable_mib=512.0 max_job_mib=135.4 oldest_ms=78.22 pack_ms=8.27 solve_ms=60.24
v5_device jobs=6 rows=14791 cells=222020 direct=true graph_reused=false upload_ms=4.80 capture_ms=3.42 queue_ms=37.96 gpu_ms=0.00 unpack_ms=1.58 total_ms=47.77
v5_service device=0 lane=1 class=2 jobs=6 rows=14791 cells=222020 reach=222860 reverse=222618 table_mib=12.1 mutable_mib=448.0 max_job_mib=134.5 oldest_ms=169.75 pack_ms=6.45 solve_ms=47.82
v5_device jobs=2 rows=532 cells=16116 direct=true graph_reused=false upload_ms=0.32 capture_ms=4.40 queue_ms=2.90 gpu_ms=0.01 unpack_ms=0.13 total_ms=7.76
v5_service device=0 lane=0 class=0 jobs=2 rows=532 cells=16116 reach=16212 reverse=16116 table_mib=0.7 mutable_mib=16.0 max_job_mib=8.7 oldest_ms=147.39 pack_ms=0.49 solve_ms=7.82
v5_device jobs=34 rows=26097 cells=529394 direct=true graph_reused=false upload_ms=16.49 capture_ms=4.58 queue_ms=300.66 gpu_ms=0.01 unpack_ms=3.62 total_ms=325.37
v5_service device=1 lane=1 class=1 jobs=34 rows=26097 cells=529394 reach=530922 reverse=529561 table_mib=26.0 mutable_mib=848.0 max_job_mib=33.9 oldest_ms=78.57 pack_ms=14.31 solve_ms=325.43
v5_device jobs=2 rows=714 cells=9682 direct=true graph_reused=false upload_ms=0.31 capture_ms=6.05 queue_ms=1.41 gpu_ms=0.01 unpack_ms=0.10 total_ms=7.89
v5_service device=1 lane=1 class=0 jobs=2 rows=714 cells=9682 reach=9745 reverse=9682 table_mib=0.6 mutable_mib=16.0 max_job_mib=8.6 oldest_ms=420.40 pack_ms=0.46 solve_ms=7.96
v5_device jobs=3 rows=7644 cells=178594 direct=true graph_reused=false upload_ms=4.11 capture_ms=5.19 queue_ms=14.03 gpu_ms=0.01 unpack_ms=0.93 total_ms=24.27
v5_service device=1 lane=1 class=2 jobs=3 rows=7644 cells=178594 reach=155290 reverse=178594 table_mib=7.9 mutable_mib=256.0 max_job_mib=134.6 oldest_ms=421.57 pack_ms=5.95 solve_ms=24.33
v5_device jobs=62 rows=47431 cells=848424 direct=true graph_reused=false upload_ms=22.39 capture_ms=4.13 queue_ms=128.48 gpu_ms=0.02 unpack_ms=7.57 total_ms=162.59
v5_service device=0 lane=0 class=1 jobs=62 rows=47431 cells=848424 reach=846328 reverse=848660 table_mib=43.7 mutable_mib=1520.0 max_job_mib=33.7 oldest_ms=164.14 pack_ms=26.83 solve_ms=162.66
v5_device jobs=2 rows=60088 cells=871840 direct=true graph_reused=false upload_ms=45.86 capture_ms=3.28 queue_ms=123.12 gpu_ms=0.02 unpack_ms=7.00 total_ms=179.27
v5_service device=0 lane=1 class=3 jobs=2 rows=60088 cells=871840 reach=871915 reverse=871840 table_mib=47.0 mutable_mib=2048.0 max_job_mib=1060.5 oldest_ms=226.26 pack_ms=25.63 solve_ms=179.32
v5_device jobs=256 rows=195543 cells=3714820 direct=true graph_reused=false upload_ms=184.90 capture_ms=3.37 queue_ms=407.61 gpu_ms=0.02 unpack_ms=49.29 total_ms=645.20
v5_service device=1 lane=0 class=1 jobs=256 rows=195543 cells=3714820 reach=3677700 reverse=3715885 table_mib=186.4 mutable_mib=6128.0 max_job_mib=35.2 oldest_ms=149.07 pack_ms=133.49 solve_ms=645.25
v5_device jobs=2 rows=647 cells=15845 direct=true graph_reused=false upload_ms=0.37 capture_ms=4.14 queue_ms=3.40 gpu_ms=0.01 unpack_ms=0.17 total_ms=8.09
v5_service device=0 lane=1 class=0 jobs=2 rows=647 cells=15845 reach=15943 reverse=15845 table_mib=0.8 mutable_mib=16.0 max_job_mib=8.6 oldest_ms=414.76 pack_ms=0.52 solve_ms=8.13
v5_device jobs=36 rows=27197 cells=514418 direct=true graph_reused=false upload_ms=19.30 capture_ms=3.71 queue_ms=47.95 gpu_ms=0.02 unpack_ms=5.65 total_ms=76.64
v5_service device=1 lane=1 class=1 jobs=36 rows=27197 cells=514418 reach=515827 reverse=514475 table_mib=25.8 mutable_mib=896.0 max_job_mib=33.9 oldest_ms=83.13 pack_ms=18.51 solve_ms=76.69
v5_device jobs=1 rows=289 cells=7449 direct=true graph_reused=false upload_ms=0.25 capture_ms=4.42 queue_ms=2.20 gpu_ms=0.01 unpack_ms=0.42 total_ms=7.31
v5_service device=1 lane=1 class=0 jobs=1 rows=289 cells=7449 reach=7496 reverse=7449 table_mib=0.4 mutable_mib=8.0 max_job_mib=8.6 oldest_ms=177.26 pack_ms=0.41 solve_ms=7.36
v5_device jobs=3 rows=5260 cells=95043 direct=true graph_reused=false upload_ms=2.59 capture_ms=3.82 queue_ms=11.17 gpu_ms=0.02 unpack_ms=0.69 total_ms=18.29
v5_service device=1 lane=1 class=2 jobs=3 rows=5260 cells=95043 reach=95213 reverse=95090 table_mib=4.8 mutable_mib=192.0 max_job_mib=66.9 oldest_ms=185.22 pack_ms=2.98 solve_ms=18.34
v5_device jobs=30 rows=21182 cells=385269 direct=true graph_reused=false upload_ms=14.14 capture_ms=4.60 queue_ms=69.39 gpu_ms=0.01 unpack_ms=3.10 total_ms=91.23
v5_service device=0 lane=0 class=1 jobs=30 rows=21182 cells=385269 reach=386373 reverse=385269 table_mib=19.7 mutable_mib=688.0 max_job_mib=33.9 oldest_ms=80.92 pack_ms=12.64 solve_ms=91.29
v5_device jobs=36 rows=24898 cells=487446 direct=true graph_reused=false upload_ms=16.55 capture_ms=3.82 queue_ms=54.42 gpu_ms=0.01 unpack_ms=4.38 total_ms=79.17
v5_service device=0 lane=1 class=1 jobs=36 rows=24898 cells=487446 reach=489053 reverse=487573 table_mib=24.4 mutable_mib=784.0 max_job_mib=34.1 oldest_ms=85.19 pack_ms=17.88 solve_ms=79.23
v5_device jobs=2 rows=670 cells=17814 direct=true graph_reused=false upload_ms=0.48 capture_ms=4.32 queue_ms=3.87 gpu_ms=0.01 unpack_ms=0.17 total_ms=8.85
v5_service device=0 lane=1 class=0 jobs=2 rows=670 cells=17814 reach=17907 reverse=17814 table_mib=0.8 mutable_mib=16.0 max_job_mib=8.7 oldest_ms=184.82 pack_ms=0.72 solve_ms=8.91
v5_device jobs=1 rows=2592 cells=18468 direct=true graph_reused=false upload_ms=1.24 capture_ms=3.87 queue_ms=23.65 gpu_ms=0.01 unpack_ms=0.12 total_ms=28.89
v5_service device=0 lane=1 class=2 jobs=1 rows=2592 cells=18468 reach=18490 reverse=18468 table_mib=1.5 mutable_mib=64.0 max_job_mib=66.2 oldest_ms=121.35 pack_ms=1.09 solve_ms=28.94
v5_device jobs=5 rows=14895 cells=187253 direct=true graph_reused=false upload_ms=6.82 capture_ms=4.92 queue_ms=26.95 gpu_ms=0.01 unpack_ms=1.51 total_ms=40.21
v5_service device=0 lane=0 class=2 jobs=5 rows=14895 cells=187253 reach=187455 reverse=187253 table_mib=11.3 mutable_mib=512.0 max_job_mib=262.2 oldest_ms=188.14 pack_ms=8.85 solve_ms=40.26
v5_device jobs=1 rows=323 cells=2497 direct=true graph_reused=false upload_ms=0.15 capture_ms=4.89 queue_ms=0.24 gpu_ms=0.01 unpack_ms=0.02 total_ms=5.32
v5_service device=0 lane=0 class=0 jobs=1 rows=323 cells=2497 reach=2511 reverse=2497 table_mib=0.2 mutable_mib=8.0 max_job_mib=8.2 oldest_ms=179.51 pack_ms=0.24 solve_ms=5.35
v5_device jobs=32 rows=21883 cells=409844 direct=true graph_reused=false upload_ms=11.71 capture_ms=3.54 queue_ms=38.32 gpu_ms=0.02 unpack_ms=3.60 total_ms=57.18
v5_service device=1 lane=1 class=1 jobs=32 rows=21883 cells=409844 reach=407055 reverse=409920 table_mib=20.8 mutable_mib=704.0 max_job_mib=33.7 oldest_ms=80.21 pack_ms=11.08 solve_ms=57.23
v5_device jobs=6 rows=15051 cells=227016 direct=true graph_reused=false upload_ms=6.47 capture_ms=3.69 queue_ms=23.53 gpu_ms=0.01 unpack_ms=1.57 total_ms=35.28
v5_service device=1 lane=1 class=2 jobs=6 rows=15051 cells=227016 reach=227242 reverse=227016 table_mib=12.2 mutable_mib=512.0 max_job_mib=133.6 oldest_ms=151.68 pack_ms=7.18 solve_ms=35.32
v5_device jobs=2 rows=558 cells=9605 direct=true graph_reused=false upload_ms=0.24 capture_ms=3.43 queue_ms=3.27 gpu_ms=0.01 unpack_ms=0.08 total_ms=7.03
v5_service device=1 lane=1 class=0 jobs=2 rows=558 cells=9605 reach=9679 reverse=9605 table_mib=0.5 mutable_mib=16.0 max_job_mib=8.5 oldest_ms=172.43 pack_ms=0.35 solve_ms=7.06
v5_device jobs=32 rows=24829 cells=434847 direct=true graph_reused=false upload_ms=15.12 capture_ms=4.35 queue_ms=70.00 gpu_ms=0.01 unpack_ms=3.05 total_ms=92.53
v5_service device=0 lane=0 class=1 jobs=32 rows=24829 cells=434847 reach=413815 reverse=434847 table_mib=22.1 mutable_mib=752.0 max_job_mib=34.2 oldest_ms=81.62 pack_ms=13.94 solve_ms=92.60
v5_device jobs=41 rows=31317 cells=604735 direct=true graph_reused=false upload_ms=19.05 capture_ms=3.74 queue_ms=77.48 gpu_ms=0.01 unpack_ms=5.30 total_ms=105.58
v5_service device=0 lane=1 class=1 jobs=41 rows=31317 cells=604735 reach=606422 reverse=604785 table_mib=30.4 mutable_mib=960.0 max_job_mib=34.3 oldest_ms=82.33 pack_ms=16.40 solve_ms=105.62
v5_device jobs=3 rows=989 cells=26124 direct=true graph_reused=false upload_ms=0.44 capture_ms=3.55 queue_ms=7.49 gpu_ms=0.01 unpack_ms=0.21 total_ms=11.69
v5_service device=0 lane=1 class=0 jobs=3 rows=989 cells=26124 reach=26260 reverse=26124 table_mib=1.2 mutable_mib=24.0 max_job_mib=8.7 oldest_ms=199.87 pack_ms=0.68 solve_ms=11.74
v5_device jobs=7 rows=1777 cells=24003 direct=true graph_reused=false upload_ms=0.79 capture_ms=10.23 queue_ms=4.46 gpu_ms=0.01 unpack_ms=0.34 total_ms=15.84
v5_service device=0 lane=0 class=0 jobs=7 rows=1777 cells=24003 reach=23903 reverse=24003 table_mib=1.4 mutable_mib=52.0 max_job_mib=8.5 oldest_ms=183.47 pack_ms=1.16 solve_ms=15.89
v5_device jobs=2 rows=3532 cells=46479 direct=true graph_reused=false upload_ms=1.06 capture_ms=3.63 queue_ms=12.88 gpu_ms=0.01 unpack_ms=0.37 total_ms=17.95
v5_service device=0 lane=1 class=2 jobs=2 rows=3532 cells=46479 reach=46588 reverse=46517 table_mib=2.7 mutable_mib=128.0 max_job_mib=66.2 oldest_ms=205.67 pack_ms=1.48 solve_ms=18.01
v5_device jobs=1 rows=1675 cells=30674 direct=true graph_reused=false upload_ms=0.78 capture_ms=6.38 queue_ms=10.06 gpu_ms=0.01 unpack_ms=0.16 total_ms=17.39
v5_service device=0 lane=0 class=2 jobs=1 rows=1675 cells=30674 reach=30718 reverse=30674 table_mib=1.5 mutable_mib=64.0 max_job_mib=66.4 oldest_ms=183.27 pack_ms=1.43 solve_ms=17.51
v5_device jobs=41 rows=31284 cells=585172 direct=true graph_reused=false upload_ms=19.14 capture_ms=4.65 queue_ms=192.27 gpu_ms=0.01 unpack_ms=4.57 total_ms=220.64
v5_service device=1 lane=1 class=1 jobs=41 rows=31284 cells=585172 reach=586736 reverse=585382 table_mib=29.7 mutable_mib=976.0 max_job_mib=34.7 oldest_ms=79.59 pack_ms=14.53 solve_ms=220.69
v5_device jobs=31 rows=24203 cells=456746 direct=true graph_reused=false upload_ms=13.91 capture_ms=4.35 queue_ms=75.67 gpu_ms=0.02 unpack_ms=4.18 total_ms=98.13
v5_service device=0 lane=0 class=1 jobs=31 rows=24203 cells=456746 reach=451820 reverse=456979 table_mib=22.9 mutable_mib=752.0 max_job_mib=34.2 oldest_ms=81.61 pack_ms=12.47 solve_ms=98.18
v5_device jobs=4 rows=1199 cells=22811 direct=true graph_reused=false upload_ms=0.63 capture_ms=4.75 queue_ms=3.85 gpu_ms=0.01 unpack_ms=0.26 total_ms=9.50
v5_service device=1 lane=1 class=0 jobs=4 rows=1199 cells=22811 reach=22952 reverse=22921 table_mib=1.2 mutable_mib=32.0 max_job_mib=8.7 oldest_ms=316.65 pack_ms=0.95 solve_ms=9.57
v5_device jobs=46 rows=31643 cells=585832 direct=true graph_reused=false upload_ms=18.02 capture_ms=3.38 queue_ms=78.22 gpu_ms=0.02 unpack_ms=5.73 total_ms=105.37
v5_service device=0 lane=1 class=1 jobs=46 rows=31643 cells=585832 reach=587636 reverse=586004 table_mib=30.0 mutable_mib=1056.0 max_job_mib=33.6 oldest_ms=80.14 pack_ms=14.54 solve_ms=105.42
v5_device jobs=1 rows=360 cells=7980 direct=true graph_reused=false upload_ms=0.26 capture_ms=4.27 queue_ms=2.37 gpu_ms=0.01 unpack_ms=0.06 total_ms=6.96
v5_service device=0 lane=1 class=0 jobs=1 rows=360 cells=7980 reach=8019 reverse=7980 table_mib=0.4 mutable_mib=8.0 max_job_mib=8.6 oldest_ms=203.56 pack_ms=0.36 solve_ms=7.01
v5_device jobs=3 rows=5711 cells=128862 direct=true graph_reused=false upload_ms=2.84 capture_ms=3.73 queue_ms=35.63 gpu_ms=0.02 unpack_ms=0.78 total_ms=43.01
v5_service device=0 lane=1 class=2 jobs=3 rows=5711 cells=128862 reach=118947 reverse=128874 table_mib=5.9 mutable_mib=192.0 max_job_mib=67.5 oldest_ms=208.24 pack_ms=3.81 solve_ms=43.07
v5_device jobs=7 rows=23833 cells=260242 direct=true graph_reused=false upload_ms=10.09 capture_ms=4.90 queue_ms=39.62 gpu_ms=0.01 unpack_ms=2.18 total_ms=56.80
v5_service device=0 lane=0 class=2 jobs=7 rows=23833 cells=260242 reach=261805 reverse=261578 table_mib=16.1 mutable_mib=704.0 max_job_mib=264.1 oldest_ms=197.87 pack_ms=8.92 solve_ms=56.85
v5_device jobs=3 rows=887 cells=25747 direct=true graph_reused=false upload_ms=0.49 capture_ms=4.98 queue_ms=3.51 gpu_ms=0.01 unpack_ms=0.19 total_ms=9.17
v5_service device=0 lane=0 class=0 jobs=3 rows=887 cells=25747 reach=22734 reverse=25747 table_mib=1.1 mutable_mib=24.0 max_job_mib=8.6 oldest_ms=248.09 pack_ms=0.70 solve_ms=9.22
v5_device jobs=6 rows=164658 cells=2728451 direct=true graph_reused=false upload_ms=146.64 capture_ms=2.95 queue_ms=338.25 gpu_ms=0.03 unpack_ms=64.45 total_ms=552.33
v5_service device=1 lane=0 class=3 jobs=6 rows=164658 cells=2728451 reach=2728690 reverse=2728451 table_mib=141.9 mutable_mib=5120.0 max_job_mib=1072.5 oldest_ms=998.66 pack_ms=153.65 solve_ms=552.38
v5_device jobs=33 rows=27429 cells=449783 direct=true graph_reused=false upload_ms=15.36 capture_ms=4.62 queue_ms=68.86 gpu_ms=0.02 unpack_ms=5.12 total_ms=93.98
v5_service device=0 lane=0 class=1 jobs=33 rows=27429 cells=449783 reach=445524 reverse=450612 table_mib=23.6 mutable_mib=800.0 max_job_mib=35.3 oldest_ms=79.28 pack_ms=14.60 solve_ms=94.04
v5_device jobs=2 rows=53089 cells=737238 direct=true graph_reused=false upload_ms=64.59 capture_ms=3.69 queue_ms=105.10 gpu_ms=0.01 unpack_ms=7.53 total_ms=180.91
v5_service device=0 lane=1 class=3 jobs=2 rows=53089 cells=737238 reach=737311 reverse=737238 table_mib=40.7 mutable_mib=1536.0 max_job_mib=1061.2 oldest_ms=259.04 pack_ms=23.85 solve_ms=180.96
v5_device jobs=2 rows=7451 cells=114292 direct=true graph_reused=false upload_ms=2.53 capture_ms=4.53 queue_ms=13.47 gpu_ms=0.01 unpack_ms=0.78 total_ms=21.32
v5_service device=0 lane=0 class=2 jobs=2 rows=7451 cells=114292 reach=114370 reverse=114292 table_mib=6.0 mutable_mib=256.0 max_job_mib=133.2 oldest_ms=206.76 pack_ms=3.57 solve_ms=21.37
v5_device jobs=1 rows=72270 cells=1129628 direct=true graph_reused=false upload_ms=68.65 capture_ms=3.30 queue_ms=172.03 gpu_ms=0.03 unpack_ms=34.63 total_ms=278.64
v5_service device=1 lane=1 class=3 jobs=1 rows=72270 cells=1129628 reach=1129677 reverse=1129628 table_mib=62.9 mutable_mib=2048.0 max_job_mib=2152.4 oldest_ms=320.44 pack_ms=36.15 solve_ms=278.69
v5_device jobs=8 rows=2600 cells=28352 direct=true graph_reused=false upload_ms=0.75 capture_ms=4.59 queue_ms=7.55 gpu_ms=0.01 unpack_ms=0.33 total_ms=13.23
v5_service device=0 lane=0 class=0 jobs=8 rows=2600 cells=28352 reach=28333 reverse=28352 table_mib=1.8 mutable_mib=64.0 max_job_mib=8.6 oldest_ms=229.85 pack_ms=1.16 solve_ms=13.28
v5_device jobs=2 rows=2963 cells=55330 direct=true graph_reused=false upload_ms=1.10 capture_ms=4.90 queue_ms=90.90 gpu_ms=0.01 unpack_ms=0.39 total_ms=97.30
v5_service device=1 lane=1 class=2 jobs=2 rows=2963 cells=55330 reach=55420 reverse=55330 table_mib=2.8 mutable_mib=128.0 max_job_mib=66.4 oldest_ms=635.09 pack_ms=1.51 solve_ms=97.35
v5_device jobs=32 rows=93507 cells=1512202 direct=true graph_reused=false upload_ms=87.75 capture_ms=3.79 queue_ms=175.53 gpu_ms=0.02 unpack_ms=12.90 total_ms=279.98
v5_service device=1 lane=0 class=2 jobs=32 rows=93507 cells=1512202 reach=1508406 reverse=1514066 table_mib=79.1 mutable_mib=2944.0 max_job_mib=271.1 oldest_ms=1718.20 pack_ms=65.54 solve_ms=280.04
v5_device jobs=37 rows=28839 cells=522747 direct=true graph_reused=false upload_ms=16.20 capture_ms=3.59 queue_ms=85.42 gpu_ms=0.03 unpack_ms=6.51 total_ms=111.75
v5_service device=0 lane=1 class=1 jobs=37 rows=28839 cells=522747 reach=524287 reverse=523003 table_mib=26.8 mutable_mib=864.0 max_job_mib=34.2 oldest_ms=82.22 pack_ms=15.72 solve_ms=111.80
v5_device jobs=33 rows=25192 cells=435171 direct=true graph_reused=false upload_ms=12.48 capture_ms=4.68 queue_ms=52.41 gpu_ms=0.03 unpack_ms=4.78 total_ms=74.38
v5_service device=0 lane=0 class=1 jobs=33 rows=25192 cells=435171 reach=396150 reverse=435296 table_mib=22.1 mutable_mib=784.0 max_job_mib=34.0 oldest_ms=79.35 pack_ms=12.50 solve_ms=74.44
v5_device jobs=3 rows=932 cells=13449 direct=true graph_reused=false upload_ms=0.67 capture_ms=8.78 queue_ms=0.78 gpu_ms=0.01 unpack_ms=0.30 total_ms=10.55
v5_service device=0 lane=0 class=0 jobs=3 rows=932 cells=13449 reach=13458 reverse=13449 table_mib=0.8 mutable_mib=24.0 max_job_mib=8.6 oldest_ms=170.16 pack_ms=0.84 solve_ms=10.64
v5_device jobs=2 rows=3761 cells=66401 direct=true graph_reused=false upload_ms=2.16 capture_ms=7.66 queue_ms=27.09 gpu_ms=0.01 unpack_ms=0.51 total_ms=37.42
v5_service device=0 lane=0 class=2 jobs=2 rows=3761 cells=66401 reach=66484 reverse=66401 table_mib=3.3 mutable_mib=128.0 max_job_mib=66.5 oldest_ms=178.25 pack_ms=2.89 solve_ms=37.49
v5_device jobs=7 rows=15547 cells=211420 direct=true graph_reused=false upload_ms=9.00 capture_ms=3.80 queue_ms=27.63 gpu_ms=0.01 unpack_ms=1.56 total_ms=42.00
v5_service device=0 lane=1 class=2 jobs=7 rows=15547 cells=211420 reach=212168 reverse=211928 table_mib=11.8 mutable_mib=512.0 max_job_mib=131.3 oldest_ms=218.72 pack_ms=8.82 solve_ms=42.04
v5_device jobs=37 rows=26603 cells=504043 direct=true graph_reused=false upload_ms=16.15 capture_ms=4.68 queue_ms=51.49 gpu_ms=0.01 unpack_ms=4.33 total_ms=76.66
v5_service device=1 lane=1 class=1 jobs=37 rows=26603 cells=504043 reach=491840 reverse=504107 table_mib=25.3 mutable_mib=832.0 max_job_mib=33.8 oldest_ms=84.31 pack_ms=18.72 solve_ms=76.72
v5_device jobs=32 rows=25820 cells=509516 direct=true graph_reused=false upload_ms=18.16 capture_ms=4.41 queue_ms=80.66 gpu_ms=0.01 unpack_ms=4.42 total_ms=107.66
v5_service device=1 lane=0 class=1 jobs=32 rows=25820 cells=509516 reach=510891 reverse=509695 table_mib=25.3 mutable_mib=832.0 max_job_mib=34.3 oldest_ms=2011.48 pack_ms=16.92 solve_ms=107.72
v5_device jobs=4 rows=1311 cells=30580 direct=true graph_reused=false upload_ms=0.61 capture_ms=3.49 queue_ms=5.04 gpu_ms=0.01 unpack_ms=0.24 total_ms=9.39
v5_service device=1 lane=1 class=0 jobs=4 rows=1311 cells=30580 reach=30787 reverse=30611 table_mib=1.5 mutable_mib=32.0 max_job_mib=8.6 oldest_ms=178.71 pack_ms=0.92 solve_ms=9.44
v5_device jobs=5 rows=10332 cells=179242 direct=true graph_reused=false upload_ms=3.86 capture_ms=3.59 queue_ms=17.19 gpu_ms=0.01 unpack_ms=1.12 total_ms=25.76
v5_service device=1 lane=1 class=2 jobs=5 rows=10332 cells=179242 reach=179430 reverse=179242 table_mib=9.1 mutable_mib=384.0 max_job_mib=132.4 oldest_ms=189.84 pack_ms=4.54 solve_ms=25.82
v5_device jobs=9 rows=20812 cells=252396 direct=true graph_reused=false upload_ms=7.86 capture_ms=4.60 queue_ms=64.26 gpu_ms=0.01 unpack_ms=1.80 total_ms=78.54
v5_service device=0 lane=0 class=2 jobs=9 rows=20812 cells=252396 reach=244199 reverse=252409 table_mib=14.6 mutable_mib=704.0 max_job_mib=132.1 oldest_ms=76.67 pack_ms=7.23 solve_ms=78.62
v5_device jobs=37 rows=26606 cells=470181 direct=true graph_reused=false upload_ms=14.46 capture_ms=3.90 queue_ms=47.60 gpu_ms=0.01 unpack_ms=3.89 total_ms=69.85
v5_service device=0 lane=1 class=1 jobs=37 rows=26606 cells=470181 reach=467855 reverse=470277 table_mib=24.2 mutable_mib=816.0 max_job_mib=33.8 oldest_ms=81.90 pack_ms=15.90 solve_ms=69.90
v5_device jobs=29 rows=19310 cells=268425 direct=true graph_reused=false upload_ms=6.44 capture_ms=3.66 queue_ms=29.55 gpu_ms=0.02 unpack_ms=2.76 total_ms=42.42
v5_service device=1 lane=0 class=1 jobs=29 rows=19310 cells=268425 reach=263435 reverse=268667 table_mib=15.2 mutable_mib=608.0 max_job_mib=34.5 oldest_ms=80.99 pack_ms=7.79 solve_ms=42.47
v5_device jobs=3 rows=5353 cells=90002 direct=true graph_reused=false upload_ms=1.98 capture_ms=4.37 queue_ms=11.53 gpu_ms=0.01 unpack_ms=0.66 total_ms=18.55
v5_service device=1 lane=0 class=2 jobs=3 rows=5353 cells=90002 reach=90102 reverse=90002 table_mib=4.6 mutable_mib=192.0 max_job_mib=67.4 oldest_ms=130.45 pack_ms=2.61 solve_ms=18.60
v5_device jobs=5 rows=10271 cells=187022 direct=true graph_reused=false upload_ms=5.15 capture_ms=3.74 queue_ms=20.90 gpu_ms=0.02 unpack_ms=1.60 total_ms=31.41
v5_service device=0 lane=1 class=2 jobs=5 rows=10271 cells=187022 reach=187236 reverse=187022 table_mib=9.5 mutable_mib=384.0 max_job_mib=131.7 oldest_ms=171.70 pack_ms=5.75 solve_ms=31.45
v5_device jobs=5 rows=1649 cells=31660 direct=true graph_reused=false upload_ms=0.73 capture_ms=4.15 queue_ms=6.86 gpu_ms=0.01 unpack_ms=0.32 total_ms=12.07
v5_service device=0 lane=1 class=0 jobs=5 rows=1649 cells=31660 reach=31845 reverse=31660 table_mib=1.6 mutable_mib=40.0 max_job_mib=8.7 oldest_ms=209.46 pack_ms=0.96 solve_ms=12.12
v5_device jobs=39 rows=28566 cells=504238 direct=true graph_reused=false upload_ms=17.98 capture_ms=3.70 queue_ms=83.45 gpu_ms=0.02 unpack_ms=4.70 total_ms=109.85
v5_service device=1 lane=1 class=1 jobs=39 rows=28566 cells=504238 reach=491581 reverse=504409 table_mib=25.9 mutable_mib=928.0 max_job_mib=33.9 oldest_ms=80.18 pack_ms=15.72 solve_ms=109.93
v5_device jobs=1 rows=24937 cells=345343 direct=true graph_reused=false upload_ms=14.69 capture_ms=4.90 queue_ms=53.72 gpu_ms=0.01 unpack_ms=4.55 total_ms=77.87
v5_service device=1 lane=0 class=3 jobs=1 rows=24937 cells=345343 reach=345388 reverse=345343 table_mib=20.6 mutable_mib=1024.0 max_job_mib=1058.1 oldest_ms=86.81 pack_ms=13.33 solve_ms=77.92
v5_device jobs=7 rows=1916 cells=22081 direct=true graph_reused=false upload_ms=0.65 capture_ms=4.64 queue_ms=5.45 gpu_ms=0.01 unpack_ms=0.25 total_ms=11.01
v5_service device=1 lane=1 class=0 jobs=7 rows=1916 cells=22081 reach=21994 reverse=22081 table_mib=1.4 mutable_mib=52.0 max_job_mib=8.6 oldest_ms=196.76 pack_ms=0.91 solve_ms=11.06
v5_device jobs=2 rows=5957 cells=73781 direct=true graph_reused=false upload_ms=1.79 capture_ms=3.90 queue_ms=10.70 gpu_ms=0.01 unpack_ms=0.55 total_ms=16.95
v5_service device=1 lane=1 class=2 jobs=2 rows=5957 cells=73781 reach=73841 reverse=73781 table_mib=4.3 mutable_mib=192.0 max_job_mib=131.4 oldest_ms=200.29 pack_ms=2.29 solve_ms=17.00
v5_device jobs=77 rows=56627 cells=972116 direct=true graph_reused=false upload_ms=28.70 capture_ms=4.27 queue_ms=83.86 gpu_ms=0.01 unpack_ms=8.25 total_ms=125.09
v5_service device=0 lane=0 class=1 jobs=77 rows=56627 cells=972116 reach=930830 reverse=972438 table_mib=50.0 mutable_mib=1744.0 max_job_mib=34.7 oldest_ms=187.19 pack_ms=45.18 solve_ms=125.16
v5_device jobs=1 rows=21830 cells=272905 direct=true graph_reused=false upload_ms=10.06 capture_ms=3.62 queue_ms=36.21 gpu_ms=0.02 unpack_ms=2.56 total_ms=52.46
v5_service device=1 lane=1 class=3 jobs=1 rows=21830 cells=272905 reach=272948 reverse=272905 table_mib=16.6 mutable_mib=512.0 max_job_mib=538.6 oldest_ms=201.57 pack_ms=9.58 solve_ms=52.52
v5_device jobs=38 rows=28474 cells=471144 direct=true graph_reused=false upload_ms=16.04 capture_ms=6.51 queue_ms=43.19 gpu_ms=0.03 unpack_ms=17.86 total_ms=83.63
v5_service device=0 lane=1 class=1 jobs=38 rows=28474 cells=471144 reach=436652 reverse=471639 table_mib=24.4 mutable_mib=880.0 max_job_mib=34.2 oldest_ms=84.08 pack_ms=14.34 solve_ms=83.68
v5_device jobs=5 rows=1629 cells=20504 direct=true graph_reused=false upload_ms=0.78 capture_ms=11.57 queue_ms=11.34 gpu_ms=0.01 unpack_ms=0.27 total_ms=23.98
v5_service device=0 lane=0 class=0 jobs=5 rows=1629 cells=20504 reach=18496 reverse=20674 table_mib=1.2 mutable_mib=40.0 max_job_mib=8.6 oldest_ms=400.34 pack_ms=1.47 solve_ms=24.07
v5_device jobs=1 rows=6201 cells=107392 direct=true graph_reused=false upload_ms=2.54 capture_ms=3.88 queue_ms=13.27 gpu_ms=0.01 unpack_ms=0.47 total_ms=20.16
v5_service device=0 lane=1 class=2 jobs=1 rows=6201 cells=107392 reach=107428 reverse=107392 table_mib=5.4 mutable_mib=256.0 max_job_mib=264.0 oldest_ms=184.81 pack_ms=3.98 solve_ms=20.20
v5_device jobs=2 rows=583 cells=5551 direct=true graph_reused=false upload_ms=0.23 capture_ms=3.80 queue_ms=2.07 gpu_ms=0.01 unpack_ms=0.10 total_ms=6.21
v5_service device=0 lane=1 class=0 jobs=2 rows=583 cells=5551 reach=5387 reverse=5551 table_mib=0.4 mutable_mib=16.0 max_job_mib=8.4 oldest_ms=205.61 pack_ms=0.30 solve_ms=6.26
v5_device jobs=50 rows=35396 cells=525882 direct=true graph_reused=false upload_ms=18.38 capture_ms=3.75 queue_ms=48.11 gpu_ms=0.02 unpack_ms=4.79 total_ms=75.06
v5_service device=1 lane=0 class=1 jobs=50 rows=35396 cells=525882 reach=480455 reverse=526335 table_mib=28.2 mutable_mib=1120.0 max_job_mib=33.9 oldest_ms=79.10 pack_ms=17.55 solve_ms=75.13
v5_device jobs=4 rows=7791 cells=61163 direct=true graph_reused=false upload_ms=2.05 capture_ms=3.92 queue_ms=12.13 gpu_ms=0.01 unpack_ms=0.52 total_ms=18.65
v5_service device=1 lane=0 class=2 jobs=4 rows=7791 cells=61163 reach=61832 reverse=61896 table_mib=4.5 mutable_mib=256.0 max_job_mib=66.0 oldest_ms=179.80 pack_ms=2.60 solve_ms=18.70
v5_device jobs=2 rows=632 cells=4617 direct=true graph_reused=false upload_ms=0.22 capture_ms=4.44 queue_ms=0.77 gpu_ms=0.01 unpack_ms=0.08 total_ms=5.52
v5_service device=1 lane=0 class=0 jobs=2 rows=632 cells=4617 reach=4648 reverse=4617 table_mib=0.4 mutable_mib=16.0 max_job_mib=8.3 oldest_ms=193.62 pack_ms=0.27 solve_ms=5.57
v5_device jobs=1 rows=36426 cells=358434 direct=true graph_reused=false upload_ms=17.25 capture_ms=7.67 queue_ms=48.09 gpu_ms=0.02 unpack_ms=4.74 total_ms=77.77
v5_service device=0 lane=0 class=3 jobs=1 rows=36426 cells=358434 reach=358472 reverse=358434 table_mib=24.0 mutable_mib=1024.0 max_job_mib=1061.4 oldest_ms=427.15 pack_ms=17.72 solve_ms=77.82
v5_device jobs=34 rows=23067 cells=399229 direct=true graph_reused=false upload_ms=12.56 capture_ms=3.55 queue_ms=38.14 gpu_ms=0.02 unpack_ms=2.95 total_ms=57.21
v5_service device=0 lane=1 class=1 jobs=34 rows=23067 cells=399229 reach=374765 reverse=400066 table_mib=20.5 mutable_mib=720.0 max_job_mib=34.0 oldest_ms=81.44 pack_ms=14.60 solve_ms=57.28
v5_device jobs=1 rows=200 cells=1900 direct=true graph_reused=false upload_ms=0.16 capture_ms=4.66 queue_ms=1.40 gpu_ms=0.00 unpack_ms=0.05 total_ms=6.28
v5_service device=0 lane=1 class=0 jobs=1 rows=200 cells=1900 reach=1922 reverse=1900 table_mib=0.1 mutable_mib=8.0 max_job_mib=8.2 oldest_ms=154.79 pack_ms=0.24 solve_ms=6.34
v5_device jobs=1 rows=40062 cells=629438 direct=true graph_reused=false upload_ms=18.98 capture_ms=5.96 queue_ms=58.29 gpu_ms=0.01 unpack_ms=4.36 total_ms=87.59
v5_service device=1 lane=0 class=3 jobs=1 rows=40062 cells=629438 reach=629463 reverse=629438 table_mib=32.0 mutable_mib=1024.0 max_job_mib=1069.8 oldest_ms=176.09 pack_ms=17.67 solve_ms=87.63
v5_device jobs=49 rows=32408 cells=543447 direct=true graph_reused=false upload_ms=18.48 capture_ms=3.65 queue_ms=92.62 gpu_ms=0.02 unpack_ms=5.24 total_ms=120.01
v5_service device=1 lane=1 class=1 jobs=49 rows=32408 cells=543447 reach=537269 reverse=544121 table_mib=28.6 mutable_mib=1040.0 max_job_mib=33.8 oldest_ms=80.05 pack_ms=17.94 solve_ms=120.07
v5_device jobs=4 rows=9739 cells=187165 direct=true graph_reused=false upload_ms=4.00 capture_ms=3.56 queue_ms=17.35 gpu_ms=0.01 unpack_ms=1.03 total_ms=25.95
v5_service device=1 lane=1 class=2 jobs=4 rows=9739 cells=187165 reach=172234 reverse=187669 table_mib=9.0 mutable_mib=320.0 max_job_mib=135.0 oldest_ms=221.33 pack_ms=5.06 solve_ms=26.01
v5_device jobs=57 rows=39624 cells=517187 direct=true graph_reused=false upload_ms=18.03 capture_ms=3.68 queue_ms=51.93 gpu_ms=0.02 unpack_ms=4.91 total_ms=78.57
v5_service device=0 lane=0 class=1 jobs=57 rows=39624 cells=517187 reach=454643 reverse=517608 table_mib=29.0 mutable_mib=1200.0 max_job_mib=33.7 oldest_ms=83.79 pack_ms=19.89 solve_ms=78.64
v5_device jobs=23 rows=15953 cells=296869 direct=true graph_reused=false upload_ms=9.67 capture_ms=4.28 queue_ms=25.97 gpu_ms=0.02 unpack_ms=3.01 total_ms=42.94
v5_service device=1 lane=0 class=1 jobs=23 rows=15953 cells=296869 reach=258398 reverse=297163 table_mib=14.5 mutable_mib=496.0 max_job_mib=34.8 oldest_ms=81.17 pack_ms=8.22 solve_ms=43.00
v5_device jobs=6 rows=1729 cells=40125 direct=true graph_reused=false upload_ms=0.84 capture_ms=4.83 queue_ms=5.28 gpu_ms=0.01 unpack_ms=0.34 total_ms=11.30
v5_service device=1 lane=0 class=0 jobs=6 rows=1729 cells=40125 reach=34604 reverse=40125 table_mib=1.9 mutable_mib=48.0 max_job_mib=8.6 oldest_ms=123.61 pack_ms=1.32 solve_ms=11.36
v5_device jobs=2 rows=699 cells=7690 direct=true graph_reused=false upload_ms=0.31 capture_ms=5.43 queue_ms=25.09 gpu_ms=0.01 unpack_ms=0.09 total_ms=30.93
v5_service device=0 lane=0 class=0 jobs=2 rows=699 cells=7690 reach=7728 reverse=7690 table_mib=0.5 mutable_mib=16.0 max_job_mib=8.3 oldest_ms=192.05 pack_ms=0.64 solve_ms=30.98
v5_device jobs=1 rows=1642 cells=11155 direct=true graph_reused=false upload_ms=0.39 capture_ms=3.99 queue_ms=4.88 gpu_ms=0.00 unpack_ms=0.09 total_ms=9.35
v5_service device=0 lane=0 class=2 jobs=1 rows=1642 cells=11155 reach=11192 reverse=11169 table_mib=0.9 mutable_mib=64.0 max_job_mib=65.2 oldest_ms=185.39 pack_ms=0.67 solve_ms=9.40
v5_device jobs=41 rows=29542 cells=507248 direct=true graph_reused=false upload_ms=16.98 capture_ms=4.55 queue_ms=50.52 gpu_ms=0.01 unpack_ms=4.55 total_ms=76.60
v5_service device=0 lane=1 class=1 jobs=41 rows=29542 cells=507248 reach=500249 reverse=507315 table_mib=26.3 mutable_mib=976.0 max_job_mib=33.7 oldest_ms=78.85 pack_ms=15.18 solve_ms=76.65
v5_device jobs=3 rows=8330 cells=85784 direct=true graph_reused=false upload_ms=2.84 capture_ms=6.30 queue_ms=40.71 gpu_ms=0.01 unpack_ms=0.61 total_ms=50.46
v5_service device=1 lane=0 class=2 jobs=3 rows=8330 cells=85784 reach=85867 reverse=85784 table_mib=5.5 mutable_mib=256.0 max_job_mib=130.8 oldest_ms=133.71 pack_ms=3.14 solve_ms=50.52
v5_device jobs=39 rows=28340 cells=444214 direct=true graph_reused=false upload_ms=16.57 capture_ms=4.14 queue_ms=49.26 gpu_ms=0.01 unpack_ms=3.51 total_ms=73.49
v5_service device=1 lane=1 class=1 jobs=39 rows=28340 cells=444214 reach=441536 reverse=444314 table_mib=23.9 mutable_mib=880.0 max_job_mib=33.9 oldest_ms=83.25 pack_ms=16.04 solve_ms=73.55
v5_device jobs=5 rows=20076 cells=218347 direct=true graph_reused=false upload_ms=8.42 capture_ms=3.72 queue_ms=29.97 gpu_ms=0.02 unpack_ms=2.12 total_ms=44.25
v5_service device=0 lane=1 class=2 jobs=5 rows=20076 cells=218347 reach=218534 reverse=218347 table_mib=13.9 mutable_mib=704.0 max_job_mib=262.3 oldest_ms=177.33 pack_ms=8.15 solve_ms=44.31
v5_device jobs=1 rows=253 cells=2153 direct=true graph_reused=false upload_ms=0.15 capture_ms=4.16 queue_ms=0.81 gpu_ms=0.01 unpack_ms=0.03 total_ms=5.16
v5_service device=0 lane=1 class=0 jobs=1 rows=253 cells=2153 reach=2170 reverse=2153 table_mib=0.1 mutable_mib=8.0 max_job_mib=8.2 oldest_ms=181.13 pack_ms=0.18 solve_ms=5.20
v5_device jobs=7 rows=18045 cells=277812 direct=true graph_reused=false upload_ms=8.79 capture_ms=3.70 queue_ms=27.82 gpu_ms=0.01 unpack_ms=1.71 total_ms=42.03
v5_service device=1 lane=1 class=2 jobs=7 rows=18045 cells=277812 reach=270130 reverse=277826 table_mib=14.6 mutable_mib=512.0 max_job_mib=133.2 oldest_ms=189.83 pack_ms=8.49 solve_ms=42.10
v5_device jobs=2 rows=579 cells=7678 direct=true graph_reused=false upload_ms=0.23 capture_ms=3.61 queue_ms=2.01 gpu_ms=0.01 unpack_ms=0.08 total_ms=5.95
v5_service device=1 lane=1 class=0 jobs=2 rows=579 cells=7678 reach=7733 reverse=7678 table_mib=0.4 mutable_mib=16.0 max_job_mib=8.4 oldest_ms=234.72 pack_ms=0.33 solve_ms=5.99
v5_device jobs=39 rows=28484 cells=314967 direct=true graph_reused=false upload_ms=11.07 capture_ms=3.52 queue_ms=39.24 gpu_ms=0.01 unpack_ms=2.55 total_ms=56.40
v5_service device=0 lane=0 class=1 jobs=39 rows=28484 cells=314967 reach=292664 reverse=315555 table_mib=19.3 mutable_mib=912.0 max_job_mib=33.4 oldest_ms=81.34 pack_ms=11.37 solve_ms=56.46
v5_device jobs=3 rows=5321 cells=44897 direct=true graph_reused=false upload_ms=1.42 capture_ms=4.09 queue_ms=9.56 gpu_ms=0.01 unpack_ms=0.46 total_ms=15.53
v5_service device=0 lane=0 class=2 jobs=3 rows=5321 cells=44897 reach=45175 reverse=45359 table_mib=3.2 mutable_mib=192.0 max_job_mib=65.9 oldest_ms=147.80 pack_ms=1.93 solve_ms=15.58
v5_device jobs=3 rows=959 cells=8499 direct=true graph_reused=false upload_ms=0.33 capture_ms=4.28 queue_ms=2.43 gpu_ms=0.01 unpack_ms=1.16 total_ms=8.21
v5_service device=0 lane=0 class=0 jobs=3 rows=959 cells=8499 reach=8559 reverse=8499 table_mib=0.6 mutable_mib=24.0 max_job_mib=8.3 oldest_ms=163.51 pack_ms=0.49 solve_ms=8.26
v5_device jobs=40 rows=28701 cells=434388 direct=true graph_reused=false upload_ms=13.48 capture_ms=3.44 queue_ms=42.57 gpu_ms=0.01 unpack_ms=3.41 total_ms=62.92
v5_service device=1 lane=0 class=1 jobs=40 rows=28701 cells=434388 reach=402305 reverse=434566 table_mib=23.2 mutable_mib=864.0 max_job_mib=34.2 oldest_ms=79.37 pack_ms=12.06 solve_ms=62.98
v5_device jobs=13 rows=3867 cells=58192 direct=true graph_reused=false upload_ms=1.30 capture_ms=3.47 queue_ms=8.59 gpu_ms=0.01 unpack_ms=0.47 total_ms=13.84
v5_service device=1 lane=1 class=0 jobs=13 rows=3867 cells=58192 reach=56049 reverse=58192 table_mib=3.2 mutable_mib=104.0 max_job_mib=8.7 oldest_ms=75.70 pack_ms=1.87 solve_ms=13.89
v5_device jobs=7 rows=2006 cells=28762 direct=true graph_reused=false upload_ms=0.65 capture_ms=5.71 queue_ms=4.65 gpu_ms=0.01 unpack_ms=0.29 total_ms=11.30
v5_service device=1 lane=0 class=0 jobs=7 rows=2006 cells=28762 reach=25763 reverse=28762 table_mib=1.6 mutable_mib=52.0 max_job_mib=8.6 oldest_ms=173.35 pack_ms=1.16 solve_ms=11.36
v5_device jobs=32 rows=24410 cells=428843 direct=true graph_reused=false upload_ms=14.36 capture_ms=3.66 queue_ms=40.82 gpu_ms=0.03 unpack_ms=3.82 total_ms=62.68
v5_service device=0 lane=1 class=1 jobs=32 rows=24410 cells=428843 reach=425104 reverse=428857 table_mib=22.0 mutable_mib=720.0 max_job_mib=34.6 oldest_ms=82.90 pack_ms=12.92 solve_ms=62.73
v5_device jobs=1 rows=1622 cells=18389 direct=true graph_reused=false upload_ms=0.54 capture_ms=4.49 queue_ms=3.80 gpu_ms=0.01 unpack_ms=0.10 total_ms=8.93
v5_service device=1 lane=0 class=2 jobs=1 rows=1622 cells=18389 reach=18435 reverse=18410 table_mib=1.1 mutable_mib=64.0 max_job_mib=65.5 oldest_ms=141.80 pack_ms=0.72 solve_ms=8.97
v5_device jobs=4 rows=9807 cells=141219 direct=true graph_reused=false upload_ms=4.23 capture_ms=3.68 queue_ms=15.97 gpu_ms=0.01 unpack_ms=0.90 total_ms=24.80
v5_service device=0 lane=1 class=2 jobs=4 rows=9807 cells=141219 reach=131078 reverse=142605 table_mib=7.6 mutable_mib=320.0 max_job_mib=133.0 oldest_ms=161.59 pack_ms=4.29 solve_ms=24.85
v5_device jobs=3 rows=729 cells=17840 direct=true graph_reused=false upload_ms=0.37 capture_ms=4.18 queue_ms=2.50 gpu_ms=0.01 unpack_ms=0.16 total_ms=7.21
v5_service device=0 lane=1 class=0 jobs=3 rows=729 cells=17840 reach=13813 reverse=17840 table_mib=0.8 mutable_mib=24.0 max_job_mib=8.7 oldest_ms=182.19 pack_ms=0.49 solve_ms=7.25
v5_device jobs=16 rows=4780 cells=52502 direct=true graph_reused=false upload_ms=1.25 capture_ms=3.59 queue_ms=9.14 gpu_ms=0.01 unpack_ms=0.52 total_ms=14.52
v5_service device=1 lane=0 class=0 jobs=16 rows=4780 cells=52502 reach=49827 reverse=52502 table_mib=3.3 mutable_mib=128.0 max_job_mib=8.7 oldest_ms=75.68 pack_ms=1.94 solve_ms=14.57
v5_device jobs=30 rows=23399 cells=357509 direct=true graph_reused=false upload_ms=13.97 capture_ms=3.86 queue_ms=37.29 gpu_ms=0.02 unpack_ms=3.29 total_ms=58.42
v5_service device=0 lane=0 class=1 jobs=30 rows=23399 cells=357509 reach=339713 reverse=357574 table_mib=19.2 mutable_mib=752.0 max_job_mib=34.6 oldest_ms=78.99 pack_ms=12.25 solve_ms=58.47
v5_device jobs=10 rows=29131 cells=351521 direct=true graph_reused=false upload_ms=14.92 capture_ms=4.21 queue_ms=77.96 gpu_ms=0.01 unpack_ms=2.42 total_ms=99.52
v5_service device=0 lane=0 class=2 jobs=10 rows=29131 cells=351521 reach=314882 reverse=351521 table_mib=19.9 mutable_mib=960.0 max_job_mib=136.4 oldest_ms=154.64 pack_ms=13.20 solve_ms=99.58
v5_device jobs=1 rows=41058 cells=404026 direct=true graph_reused=false upload_ms=17.26 capture_ms=3.63 queue_ms=64.08 gpu_ms=0.01 unpack_ms=3.90 total_ms=88.88
v5_service device=0 lane=1 class=3 jobs=1 rows=41058 cells=404026 reach=404053 reverse=404026 table_mib=26.6 mutable_mib=1024.0 max_job_mib=1063.8 oldest_ms=75.99 pack_ms=16.10 solve_ms=88.93
v5_device jobs=17 rows=12418 cells=225818 direct=true graph_reused=false upload_ms=5.86 capture_ms=3.75 queue_ms=64.00 gpu_ms=0.01 unpack_ms=1.56 total_ms=75.18
v5_service device=0 lane=1 class=1 jobs=17 rows=12418 cells=225818 reach=223552 reverse=225818 table_mib=11.4 mutable_mib=416.0 max_job_mib=33.3 oldest_ms=179.70 pack_ms=7.13 solve_ms=75.24
v5_device jobs=2 rows=35007 cells=161665 direct=true graph_reused=false upload_ms=14.84 capture_ms=6.15 queue_ms=54.35 gpu_ms=0.02 unpack_ms=3.99 total_ms=79.35
v5_service device=0 lane=0 class=3 jobs=2 rows=35007 cells=161665 reach=161620 reverse=161665 table_mib=18.3 mutable_mib=1024.0 max_job_mib=534.5 oldest_ms=271.81 pack_ms=14.07 solve_ms=79.43
v5_device jobs=4 rows=11139 cells=143699 direct=true graph_reused=false upload_ms=3.97 capture_ms=3.76 queue_ms=18.18 gpu_ms=0.01 unpack_ms=1.01 total_ms=26.94
v5_service device=0 lane=1 class=2 jobs=4 rows=11139 cells=143699 reach=143692 reverse=143699 table_mib=8.3 mutable_mib=320.0 max_job_mib=133.7 oldest_ms=242.89 pack_ms=4.67 solve_ms=27.00
v5_device jobs=7 rows=1801 cells=28279 direct=true graph_reused=false upload_ms=15.93 capture_ms=4.55 queue_ms=6.45 gpu_ms=0.00 unpack_ms=0.26 total_ms=27.19
v5_service device=0 lane=0 class=0 jobs=7 rows=1801 cells=28279 reach=26247 reverse=28279 table_mib=1.5 mutable_mib=56.0 max_job_mib=8.6 oldest_ms=357.19 pack_ms=1.64 solve_ms=27.24
v5_device jobs=19 rows=5825 cells=67218 direct=true graph_reused=false upload_ms=1.51 capture_ms=3.52 queue_ms=10.42 gpu_ms=0.01 unpack_ms=0.64 total_ms=16.09
v5_service device=0 lane=0 class=0 jobs=19 rows=5825 cells=67218 reach=64498 reverse=67218 table_mib=4.1 mutable_mib=152.0 max_job_mib=8.7 oldest_ms=75.56 pack_ms=2.38 solve_ms=16.16
v5_device jobs=33 rows=23650 cells=336234 direct=true graph_reused=false upload_ms=8.47 capture_ms=3.68 queue_ms=34.36 gpu_ms=0.01 unpack_ms=2.32 total_ms=48.85
v5_service device=0 lane=1 class=1 jobs=33 rows=23650 cells=336234 reach=302206 reverse=336307 table_mib=18.3 mutable_mib=720.0 max_job_mib=34.7 oldest_ms=82.15 pack_ms=9.33 solve_ms=48.91
v5_device jobs=2 rows=3336 cells=25201 direct=true graph_reused=false upload_ms=0.76 capture_ms=4.23 queue_ms=6.19 gpu_ms=0.02 unpack_ms=0.26 total_ms=11.46
v5_service device=0 lane=1 class=2 jobs=2 rows=3336 cells=25201 reach=25115 reverse=25213 table_mib=1.9 mutable_mib=128.0 max_job_mib=65.5 oldest_ms=142.72 pack_ms=1.01 solve_ms=11.51
v5_device jobs=3 rows=934 cells=7091 direct=true graph_reused=false upload_ms=0.32 capture_ms=4.06 queue_ms=1.79 gpu_ms=0.00 unpack_ms=0.09 total_ms=6.26
v5_service device=0 lane=1 class=0 jobs=3 rows=934 cells=7091 reach=7140 reverse=7091 table_mib=0.5 mutable_mib=24.0 max_job_mib=8.3 oldest_ms=150.04 pack_ms=0.41 solve_ms=6.31
v5_device jobs=178 rows=130237 cells=1962267 direct=true graph_reused=false upload_ms=121.92 capture_ms=3.25 queue_ms=356.12 gpu_ms=0.02 unpack_ms=18.00 total_ms=499.30
v5_service device=1 lane=1 class=1 jobs=178 rows=130237 cells=1962267 reach=1794960 reverse=1963040 table_mib=104.7 mutable_mib=4064.0 max_job_mib=34.3 oldest_ms=111.96 pack_ms=64.85 solve_ms=499.36
v5_device jobs=210 rows=145850 cells=2022858 direct=true graph_reused=false upload_ms=116.92 capture_ms=5.54 queue_ms=282.49 gpu_ms=0.03 unpack_ms=22.75 total_ms=427.72
v5_service device=1 lane=0 class=1 jobs=210 rows=145850 cells=2022858 reach=1800429 reverse=2024212 table_mib=110.8 mutable_mib=4624.0 max_job_mib=34.6 oldest_ms=107.04 pack_ms=71.27 solve_ms=427.78
v5_device jobs=37 rows=28519 cells=436913 direct=true graph_reused=false upload_ms=17.21 capture_ms=3.84 queue_ms=44.47 gpu_ms=0.02 unpack_ms=4.79 total_ms=70.33
v5_service device=0 lane=1 class=1 jobs=37 rows=28519 cells=436913 reach=388578 reverse=437268 table_mib=23.0 mutable_mib=864.0 max_job_mib=34.8 oldest_ms=82.60 pack_ms=19.38 solve_ms=70.40
v5_device jobs=1 rows=56374 cells=548410 direct=true graph_reused=false upload_ms=70.34 capture_ms=7.73 queue_ms=101.75 gpu_ms=0.02 unpack_ms=4.82 total_ms=184.66
v5_service device=1 lane=0 class=3 jobs=1 rows=56374 cells=548410 reach=548443 reverse=548410 table_mib=36.2 mutable_mib=2048.0 max_job_mib=2102.0 oldest_ms=670.54 pack_ms=34.99 solve_ms=184.72
v5_device jobs=21 rows=56250 cells=755878 direct=true graph_reused=false upload_ms=77.87 capture_ms=9.02 queue_ms=116.08 gpu_ms=0.02 unpack_ms=5.55 total_ms=208.54
v5_service device=1 lane=1 class=2 jobs=21 rows=56250 cells=755878 reach=703818 reverse=756728 table_mib=41.9 mutable_mib=1856.0 max_job_mib=265.2 oldest_ms=760.17 pack_ms=40.85 solve_ms=208.60
v5_device jobs=1 rows=29316 cells=487805 direct=true graph_reused=false upload_ms=45.70 capture_ms=3.93 queue_ms=211.09 gpu_ms=0.01 unpack_ms=3.20 total_ms=263.93
v5_service device=0 lane=1 class=3 jobs=1 rows=29316 cells=487805 reach=487838 reverse=487805 table_mib=24.3 mutable_mib=1024.0 max_job_mib=1059.3 oldest_ms=158.28 pack_ms=21.61 solve_ms=263.99
v5_device jobs=11 rows=19410 cells=247531 direct=true graph_reused=false upload_ms=8.47 capture_ms=3.79 queue_ms=77.11 gpu_ms=0.01 unpack_ms=1.58 total_ms=90.96
v5_service device=1 lane=0 class=2 jobs=11 rows=19410 cells=247531 reach=222764 reverse=247824 table_mib=13.9 mutable_mib=704.0 max_job_mib=67.5 oldest_ms=891.48 pack_ms=7.35 solve_ms=91.02
v5_device jobs=2 rows=38141 cells=425821 direct=true graph_reused=false upload_ms=17.20 capture_ms=4.44 queue_ms=59.66 gpu_ms=0.02 unpack_ms=5.03 total_ms=86.34
v5_service device=1 lane=1 class=3 jobs=2 rows=38141 cells=425821 reach=425905 reverse=425821 table_mib=27.6 mutable_mib=1536.0 max_job_mib=1052.3 oldest_ms=1011.09 pack_ms=15.41 solve_ms=86.42
v5_device jobs=3 rows=7836 cells=135906 direct=true graph_reused=false upload_ms=2.71 capture_ms=3.64 queue_ms=50.18 gpu_ms=0.01 unpack_ms=0.79 total_ms=57.33
v5_service device=0 lane=1 class=2 jobs=3 rows=7836 cells=135906 reach=129350 reverse=135920 table_mib=6.7 mutable_mib=256.0 max_job_mib=133.9 oldest_ms=425.69 pack_ms=3.54 solve_ms=57.38
v5_device jobs=256 rows=186717 cells=2417255 direct=true graph_reused=false upload_ms=202.33 capture_ms=4.51 queue_ms=330.14 gpu_ms=0.02 unpack_ms=23.59 total_ms=560.59
v5_service device=0 lane=0 class=1 jobs=256 rows=186717 cells=2417255 reach=2187953 reverse=2419274 table_mib=137.4 mutable_mib=5760.0 max_job_mib=34.3 oldest_ms=116.54 pack_ms=91.02 solve_ms=560.64
v5_device jobs=52 rows=37964 cells=440845 direct=true graph_reused=false upload_ms=13.95 capture_ms=4.46 queue_ms=71.18 gpu_ms=0.04 unpack_ms=4.89 total_ms=94.52
v5_service device=1 lane=1 class=1 jobs=52 rows=37964 cells=440845 reach=399651 reverse=440872 table_mib=26.0 mutable_mib=1184.0 max_job_mib=34.0 oldest_ms=77.10 pack_ms=12.37 solve_ms=94.60
v5_device jobs=3 rows=53557 cells=683831 direct=true graph_reused=false upload_ms=42.06 capture_ms=3.71 queue_ms=109.89 gpu_ms=0.02 unpack_ms=8.95 total_ms=164.63
v5_service device=1 lane=0 class=3 jobs=3 rows=53557 cells=683831 reach=683770 reverse=683831 table_mib=39.7 mutable_mib=2048.0 max_job_mib=1049.5 oldest_ms=998.46 pack_ms=24.31 solve_ms=164.71
v5_device jobs=5 rows=1565 cells=20306 direct=true graph_reused=false upload_ms=0.85 capture_ms=8.32 queue_ms=0.97 gpu_ms=0.01 unpack_ms=0.26 total_ms=10.41
v5_service device=1 lane=1 class=0 jobs=5 rows=1565 cells=20306 reach=17754 reverse=20306 table_mib=1.1 mutable_mib=40.0 max_job_mib=8.6 oldest_ms=190.75 pack_ms=1.35 solve_ms=10.49
v5_device jobs=46 rows=38502 cells=586465 direct=true graph_reused=false upload_ms=23.69 capture_ms=3.82 queue_ms=61.13 gpu_ms=0.04 unpack_ms=8.64 total_ms=97.32
v5_service device=0 lane=1 class=1 jobs=46 rows=38502 cells=586465 reach=532699 reverse=586698 table_mib=31.4 mutable_mib=1216.0 max_job_mib=34.6 oldest_ms=79.44 pack_ms=18.71 solve_ms=97.39
v5_device jobs=7 rows=16614 cells=111839 direct=true graph_reused=false upload_ms=10.01 capture_ms=6.46 queue_ms=19.50 gpu_ms=0.05 unpack_ms=1.68 total_ms=37.69
v5_service device=1 lane=1 class=2 jobs=7 rows=16614 cells=111839 reach=113288 reverse=113286 table_mib=9.0 mutable_mib=640.0 max_job_mib=260.3 oldest_ms=203.85 pack_ms=8.35 solve_ms=37.78
v5_device jobs=8 rows=23058 cells=203144 direct=true graph_reused=false upload_ms=11.42 capture_ms=5.27 queue_ms=31.53 gpu_ms=0.02 unpack_ms=2.65 total_ms=50.89
v5_service device=0 lane=1 class=2 jobs=8 rows=23058 cells=203144 reach=203340 reverse=203144 table_mib=13.9 mutable_mib=704.0 max_job_mib=133.4 oldest_ms=216.61 pack_ms=10.09 solve_ms=50.96
v5_device jobs=40 rows=27359 cells=333126 direct=true graph_reused=false upload_ms=19.62 capture_ms=4.06 queue_ms=37.74 gpu_ms=0.02 unpack_ms=3.45 total_ms=64.89
v5_service device=1 lane=0 class=1 jobs=40 rows=27359 cells=333126 reach=297988 reverse=333451 table_mib=19.7 mutable_mib=848.0 max_job_mib=33.6 oldest_ms=80.77 pack_ms=13.94 solve_ms=64.95
v5_device jobs=9 rows=18385 cells=197820 direct=true graph_reused=false upload_ms=8.11 capture_ms=4.73 queue_ms=43.44 gpu_ms=0.01 unpack_ms=1.41 total_ms=57.70
v5_service device=1 lane=0 class=2 jobs=9 rows=18385 cells=197820 reach=186328 reverse=198815 table_mib=12.2 mutable_mib=640.0 max_job_mib=130.5 oldest_ms=167.62 pack_ms=7.60 solve_ms=57.75
v5_device jobs=33 rows=24157 cells=346973 direct=true graph_reused=false upload_ms=14.37 capture_ms=6.31 queue_ms=45.63 gpu_ms=0.01 unpack_ms=2.66 total_ms=68.98
v5_service device=1 lane=1 class=1 jobs=33 rows=24157 cells=346973 reach=299910 reverse=346973 table_mib=18.6 mutable_mib=768.0 max_job_mib=34.4 oldest_ms=80.12 pack_ms=15.50 solve_ms=69.03
v5_device jobs=2 rows=617 cells=10930 direct=true graph_reused=false upload_ms=5.89 capture_ms=4.92 queue_ms=120.01 gpu_ms=0.01 unpack_ms=0.15 total_ms=130.99
v5_service device=0 lane=1 class=0 jobs=2 rows=617 cells=10930 reach=11001 reverse=10930 table_mib=0.6 mutable_mib=16.0 max_job_mib=8.6 oldest_ms=264.54 pack_ms=0.50 solve_ms=131.04
v5_device jobs=2 rows=693 cells=5352 direct=true graph_reused=false upload_ms=0.29 capture_ms=5.09 queue_ms=1.13 gpu_ms=0.00 unpack_ms=0.11 total_ms=6.63
v5_service device=1 lane=0 class=0 jobs=2 rows=693 cells=5352 reach=5351 reverse=5352 table_mib=0.4 mutable_mib=16.0 max_job_mib=8.4 oldest_ms=236.49 pack_ms=0.45 solve_ms=6.71
v5_device jobs=6 rows=1895 cells=14821 direct=true graph_reused=false upload_ms=0.62 capture_ms=6.59 queue_ms=2.10 gpu_ms=0.01 unpack_ms=0.21 total_ms=9.53
v5_service device=1 lane=1 class=0 jobs=6 rows=1895 cells=14821 reach=14793 reverse=14821 table_mib=1.1 mutable_mib=48.0 max_job_mib=8.4 oldest_ms=194.70 pack_ms=0.90 solve_ms=9.59
v5_device jobs=46 rows=109741 cells=1231301 direct=true graph_reused=false upload_ms=99.38 capture_ms=6.17 queue_ms=135.93 gpu_ms=0.02 unpack_ms=12.74 total_ms=254.24
v5_service device=0 lane=0 class=2 jobs=46 rows=109741 cells=1231301 reach=1145688 reverse=1232532 table_mib=74.5 mutable_mib=3648.0 max_job_mib=133.1 oldest_ms=810.03 pack_ms=65.92 solve_ms=254.29
v5_device jobs=2 rows=3706 cells=30107 direct=true graph_reused=false upload_ms=1.05 capture_ms=5.07 queue_ms=7.46 gpu_ms=0.01 unpack_ms=0.42 total_ms=14.01
v5_service device=1 lane=1 class=2 jobs=2 rows=3706 cells=30107 reach=30604 reverse=30679 table_mib=2.3 mutable_mib=128.0 max_job_mib=65.8 oldest_ms=205.51 pack_ms=1.54 solve_ms=14.08
v5_device jobs=22 rows=6970 cells=89148 direct=true graph_reused=false upload_ms=3.07 capture_ms=3.90 queue_ms=12.74 gpu_ms=0.01 unpack_ms=0.87 total_ms=20.60
v5_service device=1 lane=0 class=0 jobs=22 rows=6970 cells=89148 reach=79340 reverse=89192 table_mib=5.3 mutable_mib=172.0 max_job_mib=8.7 oldest_ms=76.00 pack_ms=3.37 solve_ms=20.65
v5_device jobs=2 rows=48269 cells=497478 direct=true graph_reused=false upload_ms=41.41 capture_ms=3.70 queue_ms=68.53 gpu_ms=0.02 unpack_ms=6.12 total_ms=119.78
v5_service device=0 lane=1 class=3 jobs=2 rows=48269 cells=497478 reach=497375 reverse=497478 table_mib=32.3 mutable_mib=1536.0 max_job_mib=1059.8 oldest_ms=352.69 pack_ms=21.40 solve_ms=119.84
v5_device jobs=39 rows=24279 cells=319752 direct=true graph_reused=false upload_ms=12.31 capture_ms=3.64 queue_ms=32.04 gpu_ms=0.02 unpack_ms=2.31 total_ms=50.32
v5_service device=1 lane=1 class=1 jobs=39 rows=24279 cells=319752 reach=290471 reverse=319810 table_mib=17.9 mutable_mib=768.0 max_job_mib=33.6 oldest_ms=79.67 pack_ms=11.17 solve_ms=50.37
v5_device jobs=9 rows=27128 cells=423867 direct=true graph_reused=false upload_ms=15.44 capture_ms=3.62 queue_ms=36.01 gpu_ms=0.01 unpack_ms=2.72 total_ms=57.79
v5_service device=1 lane=1 class=2 jobs=9 rows=27128 cells=423867 reach=369787 reverse=423867 table_mib=21.7 mutable_mib=704.0 max_job_mib=135.3 oldest_ms=137.97 pack_ms=12.86 solve_ms=57.84
v5_device jobs=9 rows=2833 cells=61490 direct=true graph_reused=false upload_ms=1.02 capture_ms=3.30 queue_ms=8.43 gpu_ms=0.01 unpack_ms=0.42 total_ms=13.17
v5_service device=1 lane=1 class=0 jobs=9 rows=2833 cells=61490 reach=51332 reverse=61587 table_mib=2.9 mutable_mib=72.0 max_job_mib=8.8 oldest_ms=206.24 pack_ms=1.64 solve_ms=13.22
v5_device jobs=34 rows=24391 cells=340317 direct=true graph_reused=false upload_ms=12.82 capture_ms=3.71 queue_ms=224.72 gpu_ms=0.01 unpack_ms=2.37 total_ms=243.63
v5_service device=0 lane=1 class=1 jobs=34 rows=24391 cells=340317 reach=311533 reverse=340399 table_mib=18.6 mutable_mib=784.0 max_job_mib=34.1 oldest_ms=82.55 pack_ms=14.76 solve_ms=243.70
v5_device jobs=6 rows=205287 cells=1288091 direct=true graph_reused=false upload_ms=135.00 capture_ms=3.58 queue_ms=251.76 gpu_ms=0.02 unpack_ms=16.45 total_ms=406.81
v5_service device=0 lane=0 class=3 jobs=6 rows=205287 cells=1288091 reach=1288236 reverse=1288091 table_mib=106.4 mutable_mib=6656.0 max_job_mib=2088.5 oldest_ms=1162.98 pack_ms=64.77 solve_ms=406.86
v5_device jobs=9 rows=22289 cells=166133 direct=true graph_reused=false upload_ms=7.29 capture_ms=4.72 queue_ms=27.82 gpu_ms=0.01 unpack_ms=1.64 total_ms=41.48
v5_service device=0 lane=1 class=2 jobs=9 rows=22289 cells=166133 reach=160408 reverse=166432 table_mib=12.7 mutable_mib=704.0 max_job_mib=130.9 oldest_ms=341.97 pack_ms=8.05 solve_ms=41.53
v5_device jobs=1 rows=60310 cells=322775 direct=true graph_reused=false upload_ms=17.46 capture_ms=3.30 queue_ms=210.93 gpu_ms=0.01 unpack_ms=2.88 total_ms=234.58
v5_service device=1 lane=1 class=3 jobs=1 rows=60310 cells=322775 reach=322799 reverse=322775 table_mib=29.5 mutable_mib=2048.0 max_job_mib=2089.1 oldest_ms=182.31 pack_ms=13.82 solve_ms=234.63
v5_device jobs=5 rows=1464 cells=15165 direct=true graph_reused=false upload_ms=0.39 capture_ms=4.39 queue_ms=6.46 gpu_ms=0.01 unpack_ms=0.18 total_ms=11.42
v5_service device=0 lane=1 class=0 jobs=5 rows=1464 cells=15165 reach=14991 reverse=15165 table_mib=1.0 mutable_mib=40.0 max_job_mib=8.4 oldest_ms=385.22 pack_ms=0.63 solve_ms=11.47
v5_device jobs=14 rows=10948 cells=135134 direct=true graph_reused=false upload_ms=3.30 capture_ms=4.57 queue_ms=16.94 gpu_ms=0.01 unpack_ms=1.10 total_ms=25.92
v5_service device=0 lane=0 class=1 jobs=14 rows=10948 cells=135134 reach=121509 reverse=135176 table_mib=7.9 mutable_mib=352.0 max_job_mib=33.8 oldest_ms=1569.09 pack_ms=4.70 solve_ms=25.97
v5_device jobs=229 rows=160177 cells=2080866 direct=true graph_reused=false upload_ms=137.35 capture_ms=4.96 queue_ms=275.57 gpu_ms=0.03 unpack_ms=24.90 total_ms=442.81
v5_service device=1 lane=0 class=1 jobs=229 rows=160177 cells=2080866 reach=1969580 reverse=2193524 table_mib=121.0 mutable_mib=4976.0 max_job_mib=34.5 oldest_ms=125.18 pack_ms=93.33 solve_ms=442.86
v5_device jobs=43 rows=32956 cells=392233 direct=true graph_reused=false upload_ms=13.78 capture_ms=3.67 queue_ms=43.14 gpu_ms=0.01 unpack_ms=3.54 total_ms=64.14
v5_service device=1 lane=1 class=1 jobs=43 rows=32956 cells=392233 reach=360175 reverse=392882 table_mib=23.2 mutable_mib=1008.0 max_job_mib=33.7 oldest_ms=79.84 pack_ms=12.07 solve_ms=64.20
v5_device jobs=3 rows=792 cells=10739 direct=true graph_reused=false upload_ms=0.36 capture_ms=5.00 queue_ms=1.28 gpu_ms=0.01 unpack_ms=0.10 total_ms=6.75
v5_service device=1 lane=1 class=0 jobs=3 rows=792 cells=10739 reach=9119 reverse=10739 table_mib=0.6 mutable_mib=24.0 max_job_mib=8.4 oldest_ms=156.21 pack_ms=0.42 solve_ms=6.80
v5_device jobs=6 rows=13045 cells=129363 direct=true graph_reused=false upload_ms=4.85 capture_ms=4.88 queue_ms=19.46 gpu_ms=0.02 unpack_ms=1.44 total_ms=30.64
v5_service device=1 lane=1 class=2 jobs=6 rows=13045 cells=129363 reach=118941 reverse=129427 table_mib=8.5 mutable_mib=384.0 max_job_mib=68.3 oldest_ms=147.00 pack_ms=4.54 solve_ms=30.70
v5_device jobs=48 rows=33914 cells=441718 direct=true graph_reused=false upload_ms=15.20 capture_ms=4.45 queue_ms=83.75 gpu_ms=0.02 unpack_ms=6.17 total_ms=109.59
v5_service device=0 lane=1 class=1 jobs=48 rows=33914 cells=441718 reach=421883 reverse=442200 table_mib=25.0 mutable_mib=1072.0 max_job_mib=34.0 oldest_ms=77.78 pack_ms=14.58 solve_ms=109.65
v5_device jobs=42 rows=31876 cells=536983 direct=true graph_reused=false upload_ms=20.67 capture_ms=5.07 queue_ms=58.21 gpu_ms=0.03 unpack_ms=5.86 total_ms=89.84
v5_service device=0 lane=0 class=1 jobs=42 rows=31876 cells=536983 reach=458098 reverse=537160 table_mib=27.0 mutable_mib=992.0 max_job_mib=33.8 oldest_ms=79.68 pack_ms=16.24 solve_ms=89.89
v5_device jobs=4 rows=1055 cells=10937 direct=true graph_reused=false upload_ms=0.41 capture_ms=5.45 queue_ms=4.64 gpu_ms=0.01 unpack_ms=0.15 total_ms=10.66
v5_service device=0 lane=1 class=0 jobs=4 rows=1055 cells=10937 reach=11026 reverse=10937 table_mib=0.7 mutable_mib=28.0 max_job_mib=8.3 oldest_ms=208.76 pack_ms=0.66 solve_ms=10.71
v5_device jobs=3 rows=4829 cells=49963 direct=true graph_reused=false upload_ms=1.62 capture_ms=4.66 queue_ms=8.97 gpu_ms=0.02 unpack_ms=0.54 total_ms=15.80
v5_service device=0 lane=0 class=2 jobs=3 rows=4829 cells=49963 reach=50364 reverse=50289 table_mib=3.1 mutable_mib=192.0 max_job_mib=65.6 oldest_ms=186.65 pack_ms=2.06 solve_ms=15.87
v5_device jobs=2 rows=55387 cells=251852 direct=true graph_reused=false upload_ms=21.92 capture_ms=4.18 queue_ms=50.08 gpu_ms=0.02 unpack_ms=3.39 total_ms=79.58
v5_service device=1 lane=1 class=3 jobs=2 rows=55387 cells=251852 reach=251887 reverse=251852 table_mib=25.5 mutable_mib=2048.0 max_job_mib=1041.7 oldest_ms=176.10 pack_ms=16.19 solve_ms=79.66
v5_device jobs=9 rows=26600 cells=282934 direct=true graph_reused=false upload_ms=14.44 capture_ms=4.47 queue_ms=34.17 gpu_ms=0.03 unpack_ms=2.96 total_ms=56.06
v5_service device=0 lane=1 class=2 jobs=9 rows=26600 cells=282934 reach=258402 reverse=282987 table_mib=17.1 mutable_mib=768.0 max_job_mib=131.3 oldest_ms=223.31 pack_ms=13.64 solve_ms=56.12
v5_device jobs=9 rows=16638 cells=209857 direct=true graph_reused=false upload_ms=9.24 capture_ms=3.67 queue_ms=22.60 gpu_ms=0.02 unpack_ms=1.65 total_ms=37.17
v5_service device=0 lane=0 class=2 jobs=9 rows=16638 cells=209857 reach=189218 reverse=210290 table_mib=11.8 mutable_mib=576.0 max_job_mib=66.7 oldest_ms=77.44 pack_ms=7.89 solve_ms=37.22
v5_device jobs=16 rows=4905 cells=57979 direct=true graph_reused=false upload_ms=2.05 capture_ms=4.11 queue_ms=9.58 gpu_ms=0.01 unpack_ms=0.57 total_ms=16.33
v5_service device=0 lane=1 class=0 jobs=16 rows=4905 cells=57979 reach=52620 reverse=57979 table_mib=3.5 mutable_mib=124.0 max_job_mib=8.8 oldest_ms=76.01 pack_ms=2.76 solve_ms=16.39
v5_device jobs=27 rows=22232 cells=396547 direct=true graph_reused=false upload_ms=14.67 capture_ms=4.96 queue_ms=40.86 gpu_ms=0.02 unpack_ms=2.51 total_ms=63.02
v5_service device=1 lane=1 class=1 jobs=27 rows=22232 cells=396547 reach=338735 reverse=396794 table_mib=19.2 mutable_mib=688.0 max_job_mib=34.2 oldest_ms=80.15 pack_ms=15.70 solve_ms=63.07
v5_device jobs=2 rows=629 cells=5307 direct=true graph_reused=false upload_ms=0.26 capture_ms=4.83 queue_ms=0.29 gpu_ms=0.01 unpack_ms=0.07 total_ms=5.46
v5_service device=1 lane=1 class=0 jobs=2 rows=629 cells=5307 reach=5345 reverse=5307 table_mib=0.4 mutable_mib=16.0 max_job_mib=8.3 oldest_ms=177.30 pack_ms=0.37 solve_ms=5.52
v5_device jobs=4 rows=7294 cells=75411 direct=true graph_reused=false upload_ms=2.07 capture_ms=4.00 queue_ms=10.65 gpu_ms=0.01 unpack_ms=0.56 total_ms=17.28
v5_service device=1 lane=1 class=2 jobs=4 rows=7294 cells=75411 reach=69931 reverse=75411 table_mib=4.7 mutable_mib=256.0 max_job_mib=66.3 oldest_ms=182.39 pack_ms=2.79 solve_ms=17.33
v5_device jobs=4 rows=132860 cells=792093 direct=true graph_reused=false upload_ms=90.89 capture_ms=3.92 queue_ms=181.19 gpu_ms=0.03 unpack_ms=7.78 total_ms=283.81
v5_service device=1 lane=0 class=3 jobs=4 rows=132860 cells=792093 reach=792713 reverse=792707 table_mib=67.6 mutable_mib=3584.0 max_job_mib=1056.2 oldest_ms=724.77 pack_ms=45.21 solve_ms=283.86
v5_device jobs=84 rows=61139 cells=834606 direct=true graph_reused=false upload_ms=56.26 capture_ms=3.61 queue_ms=78.15 gpu_ms=0.02 unpack_ms=7.36 total_ms=145.40
v5_service device=0 lane=0 class=1 jobs=84 rows=61139 cells=834606 reach=838238 reverse=949050 table_mib=48.7 mutable_mib=1936.0 max_job_mib=34.5 oldest_ms=130.63 pack_ms=39.12 solve_ms=145.46
v5_device jobs=4 rows=1169 cells=8407 direct=true graph_reused=false upload_ms=0.46 capture_ms=6.30 queue_ms=1.12 gpu_ms=0.01 unpack_ms=0.21 total_ms=8.11
v5_service device=0 lane=0 class=0 jobs=4 rows=1169 cells=8407 reach=8338 reverse=8407 table_mib=0.7 mutable_mib=32.0 max_job_mib=8.4 oldest_ms=319.45 pack_ms=0.64 solve_ms=8.18
v5_device jobs=14 rows=35258 cells=366840 direct=true graph_reused=false upload_ms=14.80 capture_ms=4.02 queue_ms=42.16 gpu_ms=0.02 unpack_ms=3.11 total_ms=64.12
v5_service device=1 lane=0 class=2 jobs=14 rows=35258 cells=366840 reach=352763 reverse=367884 table_mib=22.7 mutable_mib=1088.0 max_job_mib=131.0 oldest_ms=1050.69 pack_ms=13.73 solve_ms=64.18
v5_device jobs=9 rows=22449 cells=187958 direct=true graph_reused=false upload_ms=10.92 capture_ms=3.75 queue_ms=26.58 gpu_ms=0.02 unpack_ms=1.52 total_ms=42.79
v5_service device=1 lane=1 class=2 jobs=9 rows=22449 cells=187958 reach=180270 reverse=188134 table_mib=12.9 mutable_mib=704.0 max_job_mib=131.3 oldest_ms=76.39 pack_ms=7.42 solve_ms=42.85
v5_device jobs=45 rows=31408 cells=391757 direct=true graph_reused=false upload_ms=14.60 capture_ms=3.53 queue_ms=101.78 gpu_ms=0.02 unpack_ms=3.58 total_ms=123.51
v5_service device=1 lane=0 class=1 jobs=45 rows=31408 cells=391757 reach=349172 reverse=392060 table_mib=22.8 mutable_mib=944.0 max_job_mib=33.7 oldest_ms=79.95 pack_ms=16.92 solve_ms=123.56
v5_device jobs=83 rows=58454 cells=750051 direct=true graph_reused=false upload_ms=46.41 capture_ms=4.61 queue_ms=78.81 gpu_ms=0.02 unpack_ms=6.74 total_ms=136.58
v5_service device=1 lane=1 class=1 jobs=83 rows=58454 cells=750051 reach=667261 reverse=750473 table_mib=42.5 mutable_mib=1808.0 max_job_mib=34.2 oldest_ms=134.96 pack_ms=30.99 solve_ms=136.63
v5_device jobs=9 rows=2931 cells=50029 direct=true graph_reused=false upload_ms=1.29 capture_ms=6.46 queue_ms=5.34 gpu_ms=0.02 unpack_ms=0.62 total_ms=13.72
v5_service device=1 lane=1 class=0 jobs=9 rows=2931 cells=50029 reach=41810 reverse=50057 table_mib=2.6 mutable_mib=72.0 max_job_mib=8.8 oldest_ms=329.85 pack_ms=2.08 solve_ms=13.82
v5_device jobs=39 rows=28829 cells=436960 direct=true graph_reused=false upload_ms=16.90 capture_ms=4.49 queue_ms=203.38 gpu_ms=0.02 unpack_ms=3.66 total_ms=228.45
v5_service device=0 lane=0 class=1 jobs=39 rows=28829 cells=436960 reach=382924 reverse=442867 table_mib=23.1 mutable_mib=880.0 max_job_mib=34.4 oldest_ms=81.55 pack_ms=21.14 solve_ms=228.50
v5_device jobs=6 rows=1823 cells=14559 direct=true graph_reused=false upload_ms=0.77 capture_ms=7.46 queue_ms=2.12 gpu_ms=0.01 unpack_ms=0.41 total_ms=10.77
v5_service device=0 lane=0 class=0 jobs=6 rows=1823 cells=14559 reach=14398 reverse=14559 table_mib=1.1 mutable_mib=48.0 max_job_mib=8.4 oldest_ms=333.20 pack_ms=1.08 solve_ms=10.83
v5_device jobs=2 rows=43249 cells=456220 direct=true graph_reused=false upload_ms=22.01 capture_ms=4.28 queue_ms=50.12 gpu_ms=0.02 unpack_ms=3.85 total_ms=80.27
v5_service device=1 lane=0 class=3 jobs=2 rows=43249 cells=456220 reach=450781 reverse=456220 table_mib=28.1 mutable_mib=1536.0 max_job_mib=1043.7 oldest_ms=242.46 pack_ms=17.92 solve_ms=80.34
v5_device jobs=2 rows=3674 cells=25678 direct=true graph_reused=false upload_ms=0.99 capture_ms=4.12 queue_ms=6.74 gpu_ms=0.01 unpack_ms=0.22 total_ms=12.08
v5_service device=0 lane=0 class=2 jobs=2 rows=3674 cells=25678 reach=25723 reverse=25684 table_mib=2.0 mutable_mib=128.0 max_job_mib=65.4 oldest_ms=330.50 pack_ms=1.42 solve_ms=12.15
v5_device jobs=8 rows=1977 cells=39802 direct=true graph_reused=false upload_ms=0.80 capture_ms=4.58 queue_ms=5.94 gpu_ms=0.01 unpack_ms=0.31 total_ms=11.64
v5_service device=1 lane=0 class=0 jobs=8 rows=1977 cells=39802 reach=32180 reverse=39802 table_mib=1.9 mutable_mib=58.0 max_job_mib=8.8 oldest_ms=322.75 pack_ms=1.41 solve_ms=11.69
v5_device jobs=189 rows=141991 cells=1894904 direct=true graph_reused=false upload_ms=125.68 capture_ms=13.06 queue_ms=250.43 gpu_ms=0.02 unpack_ms=27.96 total_ms=417.16
v5_service device=0 lane=1 class=1 jobs=189 rows=141991 cells=1894904 reach=1671499 reverse=1897688 table_mib=105.1 mutable_mib=4352.0 max_job_mib=34.7 oldest_ms=144.58 pack_ms=116.04 solve_ms=417.21
v5_device jobs=1 rows=11494 cells=361520 direct=true graph_reused=false upload_ms=10.17 capture_ms=3.71 queue_ms=20.38 gpu_ms=0.01 unpack_ms=1.10 total_ms=35.38
v5_service device=1 lane=0 class=2 jobs=1 rows=11494 cells=361520 reach=306142 reverse=361520 table_mib=14.2 mutable_mib=256.0 max_job_mib=276.0 oldest_ms=324.76 pack_ms=8.71 solve_ms=35.43
v5_device jobs=10 rows=3051 cells=61372 direct=true graph_reused=false upload_ms=1.61 capture_ms=5.60 queue_ms=6.55 gpu_ms=0.02 unpack_ms=0.58 total_ms=14.36
v5_service device=0 lane=0 class=0 jobs=10 rows=3051 cells=61372 reach=48664 reverse=61372 table_mib=2.9 mutable_mib=76.0 max_job_mib=8.9 oldest_ms=76.66 pack_ms=2.44 solve_ms=14.45
v5_device jobs=8 rows=13753 cells=111742 direct=true graph_reused=false upload_ms=5.07 capture_ms=4.41 queue_ms=17.95 gpu_ms=0.01 unpack_ms=1.04 total_ms=28.48
v5_service device=1 lane=0 class=2 jobs=8 rows=13753 cells=111742 reach=149209 reverse=150183 table_mib=9.0 mutable_mib=512.0 max_job_mib=66.3 oldest_ms=75.80 pack_ms=5.36 solve_ms=28.53
v5_device jobs=10 rows=26509 cells=243713 direct=true graph_reused=false upload_ms=12.72 capture_ms=6.18 queue_ms=31.06 gpu_ms=0.02 unpack_ms=1.95 total_ms=51.93
v5_service device=0 lane=1 class=2 jobs=10 rows=26509 cells=243713 reach=236774 reverse=244196 table_mib=16.0 mutable_mib=832.0 max_job_mib=132.6 oldest_ms=789.83 pack_ms=15.15 solve_ms=51.99
v5_device jobs=1 rows=24853 cells=440201 direct=true graph_reused=false upload_ms=13.87 capture_ms=3.76 queue_ms=35.59 gpu_ms=0.02 unpack_ms=2.15 total_ms=55.39
v5_service device=0 lane=1 class=3 jobs=1 rows=24853 cells=440201 reach=440234 reverse=440201 table_mib=21.3 mutable_mib=1024.0 max_job_mib=1054.7 oldest_ms=856.84 pack_ms=13.95 solve_ms=55.45
v5_device jobs=5 rows=119750 cells=1830711 direct=true graph_reused=false upload_ms=124.68 capture_ms=3.54 queue_ms=196.08 gpu_ms=0.02 unpack_ms=21.29 total_ms=345.62
v5_service device=1 lane=1 class=3 jobs=5 rows=119750 cells=1830711 reach=1544888 reverse=1830775 table_mib=94.5 mutable_mib=3072.0 max_job_mib=1053.6 oldest_ms=378.92 pack_ms=108.32 solve_ms=345.67
v5_device jobs=35 rows=24516 cells=348446 direct=true graph_reused=false upload_ms=8.97 capture_ms=4.88 queue_ms=102.68 gpu_ms=0.01 unpack_ms=2.77 total_ms=119.31
v5_service device=0 lane=1 class=1 jobs=35 rows=24516 cells=348446 reach=303248 reverse=348498 table_mib=19.1 mutable_mib=752.0 max_job_mib=34.4 oldest_ms=78.82 pack_ms=9.70 solve_ms=119.37
v5_device jobs=3 rows=1030 cells=8851 direct=true graph_reused=false upload_ms=0.41 capture_ms=6.21 queue_ms=0.51 gpu_ms=0.01 unpack_ms=0.13 total_ms=7.26
v5_service device=0 lane=1 class=0 jobs=3 rows=1030 cells=8851 reach=8917 reverse=8851 table_mib=0.6 mutable_mib=24.0 max_job_mib=8.3 oldest_ms=211.62 pack_ms=0.64 solve_ms=7.34
v5_device jobs=16 rows=4802 cells=68276 direct=true graph_reused=false upload_ms=2.15 capture_ms=3.70 queue_ms=13.02 gpu_ms=0.01 unpack_ms=0.61 total_ms=19.49
v5_service device=1 lane=1 class=0 jobs=16 rows=4802 cells=68276 reach=103148 reverse=115424 table_mib=4.9 mutable_mib=124.0 max_job_mib=9.5 oldest_ms=76.72 pack_ms=3.18 solve_ms=19.54
v5_device jobs=154 rows=113322 cells=1442654 direct=true graph_reused=false upload_ms=102.61 capture_ms=3.53 queue_ms=193.45 gpu_ms=0.02 unpack_ms=16.40 total_ms=316.02
v5_service device=1 lane=0 class=1 jobs=154 rows=113322 cells=1442654 reach=1753133 reverse=1926519 table_mib=94.2 mutable_mib=3568.0 max_job_mib=35.1 oldest_ms=123.59 pack_ms=64.72 solve_ms=316.08
v5_device jobs=165 rows=119083 cells=1620739 direct=true graph_reused=false upload_ms=112.44 capture_ms=3.24 queue_ms=199.89 gpu_ms=0.03 unpack_ms=25.04 total_ms=340.64
v5_service device=0 lane=0 class=1 jobs=165 rows=119083 cells=1620739 reach=1585383 reverse=1784877 table_mib=93.7 mutable_mib=3632.0 max_job_mib=36.1 oldest_ms=114.90 pack_ms=82.40 solve_ms=340.73
v5_device jobs=18 rows=43822 cells=613788 direct=true graph_reused=false upload_ms=27.48 capture_ms=5.16 queue_ms=52.00 gpu_ms=0.03 unpack_ms=6.90 total_ms=91.56
v5_service device=1 lane=1 class=2 jobs=18 rows=43822 cells=613788 reach=530244 reverse=613844 table_mib=32.6 mutable_mib=1472.0 max_job_mib=261.3 oldest_ms=106.11 pack_ms=18.35 solve_ms=91.61
v5_device jobs=6 rows=1799 cells=14342 direct=true graph_reused=false upload_ms=0.74 capture_ms=7.97 queue_ms=0.97 gpu_ms=0.01 unpack_ms=0.29 total_ms=9.96
v5_service device=1 lane=0 class=0 jobs=6 rows=1799 cells=14342 reach=14331 reverse=14342 table_mib=1.1 mutable_mib=48.0 max_job_mib=8.4 oldest_ms=574.22 pack_ms=1.26 solve_ms=10.04
v5_device jobs=16 rows=47089 cells=579727 direct=true graph_reused=false upload_ms=25.07 capture_ms=5.73 queue_ms=59.46 gpu_ms=0.02 unpack_ms=5.31 total_ms=95.59
v5_service device=0 lane=1 class=2 jobs=16 rows=47089 cells=579727 reach=514848 reverse=579841 table_mib=33.0 mutable_mib=1408.0 max_job_mib=271.1 oldest_ms=204.85 pack_ms=24.15 solve_ms=95.63
v5_device jobs=2 rows=43930 cells=247152 direct=true graph_reused=false upload_ms=19.49 capture_ms=3.96 queue_ms=81.90 gpu_ms=0.02 unpack_ms=2.39 total_ms=107.75
v5_service device=0 lane=1 class=3 jobs=2 rows=43930 cells=247152 reach=247194 reverse=247152 table_mib=21.5 mutable_mib=1536.0 max_job_mib=1041.5 oldest_ms=285.48 pack_ms=13.75 solve_ms=107.80
v5_device jobs=19 rows=43568 cells=459594 direct=true graph_reused=false upload_ms=36.37 capture_ms=7.74 queue_ms=73.67 gpu_ms=0.03 unpack_ms=5.06 total_ms=122.87
v5_service device=0 lane=0 class=2 jobs=19 rows=43568 cells=459594 reach=436251 reverse=462037 table_mib=28.6 mutable_mib=1344.0 max_job_mib=131.8 oldest_ms=599.86 pack_ms=24.17 solve_ms=122.94
v5_device jobs=26 rows=18512 cells=285990 direct=true graph_reused=false upload_ms=16.98 capture_ms=5.19 queue_ms=45.87 gpu_ms=0.03 unpack_ms=4.12 total_ms=72.20
v5_service device=1 lane=0 class=1 jobs=26 rows=18512 cells=285990 reach=541509 reverse=580562 table_mib=22.1 mutable_mib=544.0 max_job_mib=36.0 oldest_ms=83.63 pack_ms=15.25 solve_ms=72.25
v5_device jobs=1 rows=299 cells=1767 direct=true graph_reused=false upload_ms=27.49 capture_ms=6.07 queue_ms=6.82 gpu_ms=0.01 unpack_ms=0.06 total_ms=40.46
v5_service device=1 lane=0 class=0 jobs=1 rows=299 cells=1767 reach=1785 reverse=1767 table_mib=0.2 mutable_mib=8.0 max_job_mib=8.2 oldest_ms=121.55 pack_ms=0.25 solve_ms=40.53
v5_device jobs=40 rows=29604 cells=419016 direct=true graph_reused=false upload_ms=16.84 capture_ms=4.14 queue_ms=38.77 gpu_ms=0.02 unpack_ms=3.60 total_ms=63.37
v5_service device=0 lane=1 class=1 jobs=40 rows=29604 cells=419016 reach=365713 reverse=419016 table_mib=22.5 mutable_mib=880.0 max_job_mib=34.3 oldest_ms=83.21 pack_ms=15.54 solve_ms=63.42
v5_device jobs=5 rows=8996 cells=191769 direct=true graph_reused=false upload_ms=4.87 capture_ms=3.74 queue_ms=16.16 gpu_ms=0.02 unpack_ms=1.17 total_ms=25.96
v5_service device=0 lane=1 class=2 jobs=5 rows=8996 cells=191769 reach=152776 reverse=191769 table_mib=8.6 mutable_mib=320.0 max_job_mib=67.6 oldest_ms=162.79 pack_ms=4.89 solve_ms=26.01
v5_device jobs=4 rows=1107 cells=17405 direct=true graph_reused=false upload_ms=0.48 capture_ms=3.85 queue_ms=3.48 gpu_ms=0.01 unpack_ms=0.16 total_ms=7.98
v5_service device=0 lane=1 class=0 jobs=4 rows=1107 cells=17405 reach=15173 reverse=17405 table_mib=0.9 mutable_mib=32.0 max_job_mib=8.4 oldest_ms=185.28 pack_ms=0.66 solve_ms=8.03
v5_device jobs=35 rows=24641 cells=287528 direct=true graph_reused=false upload_ms=13.42 capture_ms=4.47 queue_ms=40.38 gpu_ms=0.02 unpack_ms=2.95 total_ms=61.24
v5_service device=1 lane=0 class=1 jobs=35 rows=24641 cells=287528 reach=303679 reverse=333397 table_mib=18.2 mutable_mib=752.0 max_job_mib=33.6 oldest_ms=89.34 pack_ms=11.37 solve_ms=61.30
v5_device jobs=167 rows=118221 cells=1671468 direct=true graph_reused=false upload_ms=127.59 capture_ms=7.76 queue_ms=195.25 gpu_ms=0.02 unpack_ms=19.44 total_ms=350.06
v5_service device=1 lane=1 class=1 jobs=167 rows=118221 cells=1671468 reach=1707385 reverse=1920081 table_mib=96.5 mutable_mib=3648.0 max_job_mib=35.6 oldest_ms=243.42 pack_ms=82.55 solve_ms=350.13
v5_device jobs=8 rows=24055 cells=237319 direct=true graph_reused=false upload_ms=10.01 capture_ms=4.68 queue_ms=30.14 gpu_ms=0.02 unpack_ms=1.91 total_ms=46.76
v5_service device=1 lane=0 class=2 jobs=8 rows=24055 cells=237319 reach=221352 reverse=237367 table_mib=15.1 mutable_mib=768.0 max_job_mib=261.8 oldest_ms=175.92 pack_ms=10.01 solve_ms=46.82
v5_device jobs=3 rows=731 cells=4539 direct=true graph_reused=false upload_ms=0.31 capture_ms=4.84 queue_ms=1.53 gpu_ms=0.01 unpack_ms=0.11 total_ms=6.79
v5_service device=1 lane=0 class=0 jobs=3 rows=731 cells=4539 reach=6852 reverse=6831 table_mib=0.5 mutable_mib=24.0 max_job_mib=8.2 oldest_ms=252.87 pack_ms=0.50 solve_ms=6.86
v5_device jobs=2 rows=58680 cells=367436 direct=true graph_reused=false upload_ms=20.78 capture_ms=4.01 queue_ms=60.08 gpu_ms=0.02 unpack_ms=4.70 total_ms=89.60
v5_service device=1 lane=1 class=3 jobs=2 rows=58680 cells=367436 reach=367372 reverse=367436 table_mib=30.9 mutable_mib=2048.0 max_job_mib=1050.2 oldest_ms=698.87 pack_ms=16.99 solve_ms=89.65
v5_device jobs=40 rows=27261 cells=311209 direct=true graph_reused=false upload_ms=19.13 capture_ms=3.64 queue_ms=49.21 gpu_ms=0.02 unpack_ms=3.94 total_ms=75.95
v5_service device=1 lane=0 class=1 jobs=40 rows=27261 cells=311209 reach=642374 reverse=682038 table_mib=27.8 mutable_mib=912.0 max_job_mib=36.5 oldest_ms=80.21 pack_ms=16.83 solve_ms=76.00
v5_device jobs=33 rows=26350 cells=399350 direct=true graph_reused=false upload_ms=16.52 capture_ms=4.01 queue_ms=206.10 gpu_ms=0.02 unpack_ms=3.64 total_ms=230.29
v5_service device=0 lane=1 class=1 jobs=33 rows=26350 cells=399350 reach=344220 reverse=399350 table_mib=21.1 mutable_mib=832.0 max_job_mib=34.9 oldest_ms=83.93 pack_ms=12.16 solve_ms=230.33
v5_device jobs=8 rows=2391 cells=30978 direct=true graph_reused=false upload_ms=1.40 capture_ms=5.30 queue_ms=7.51 gpu_ms=0.01 unpack_ms=0.38 total_ms=14.61
v5_service device=1 lane=0 class=0 jobs=8 rows=2391 cells=30978 reach=53286 reverse=57702 table_mib=2.5 mutable_mib=64.0 max_job_mib=8.9 oldest_ms=197.35 pack_ms=2.15 solve_ms=14.68
v5_device jobs=1 rows=353 cells=3324 direct=true graph_reused=false upload_ms=0.21 capture_ms=8.39 queue_ms=24.41 gpu_ms=0.01 unpack_ms=0.06 total_ms=33.06
v5_service device=0 lane=1 class=0 jobs=1 rows=353 cells=3324 reach=3344 reverse=3324 table_mib=0.2 mutable_mib=8.0 max_job_mib=8.3 oldest_ms=313.51 pack_ms=0.30 solve_ms=33.15
{"phase": "live", "seconds": 40.018, "solves": 49152, "solves_per_s": 1228.3, "oversize_routes": 0, "card_exclusive_routes": 0}
v5_device jobs=5 rows=17685 cells=154583 direct=true graph_reused=false upload_ms=6.38 capture_ms=6.45 queue_ms=44.97 gpu_ms=107.85 unpack_ms=1.40 total_ms=167.05
v5_service device=1 lane=0 class=2 jobs=5 rows=17685 cells=154583 reach=139164 reverse=154634 table_mib=10.4 mutable_mib=576.0 max_job_mib=261.0 oldest_ms=210.10 pack_ms=7.17 solve_ms=167.12
v5_device jobs=46 rows=33549 cells=421410 direct=true graph_reused=false upload_ms=18.62 capture_ms=3.75 queue_ms=59.86 gpu_ms=105.34 unpack_ms=4.59 total_ms=192.15
v5_service device=1 lane=1 class=1 jobs=46 rows=33549 cells=421410 reach=469791 reverse=511713 table_mib=26.5 mutable_mib=1008.0 max_job_mib=34.6 oldest_ms=79.50 pack_ms=16.46 solve_ms=192.20
v5_device jobs=35 rows=26019 cells=308550 direct=true graph_reused=false upload_ms=17.37 capture_ms=3.63 queue_ms=40.16 gpu_ms=24.48 unpack_ms=4.91 total_ms=90.55
v5_service device=0 lane=1 class=1 jobs=35 rows=26019 cells=308550 reach=336003 reverse=364772 table_mib=19.5 mutable_mib=816.0 max_job_mib=33.7 oldest_ms=77.31 pack_ms=10.69 solve_ms=90.60
v5_device jobs=7 rows=185704 cells=2618550 direct=true graph_reused=false upload_ms=182.99 capture_ms=4.79 queue_ms=309.38 gpu_ms=109.67 unpack_ms=24.59 total_ms=631.42
v5_service device=0 lane=0 class=3 jobs=7 rows=185704 cells=2618550 reach=2102743 reverse=2618550 table_mib=139.5 mutable_mib=5120.0 max_job_mib=1111.2 oldest_ms=790.48 pack_ms=101.42 solve_ms=631.47
v5_device jobs=7 rows=14066 cells=256316 direct=true graph_reused=false upload_ms=6.65 capture_ms=5.50 queue_ms=19.90 gpu_ms=0.02 unpack_ms=1.59 total_ms=33.66
v5_service device=1 lane=1 class=2 jobs=7 rows=14066 cells=256316 reach=212378 reverse=257163 table_mib=12.2 mutable_mib=512.0 max_job_mib=133.0 oldest_ms=298.49 pack_ms=8.03 solve_ms=33.72
v5_device jobs=5 rows=1140 cells=17566 direct=true graph_reused=false upload_ms=0.49 capture_ms=3.68 queue_ms=3.60 gpu_ms=0.01 unpack_ms=0.17 total_ms=7.95
v5_service device=1 lane=1 class=0 jobs=5 rows=1140 cells=17566 reach=17369 reverse=20218 table_mib=1.0 mutable_mib=36.0 max_job_mib=8.6 oldest_ms=345.88 pack_ms=0.76 solve_ms=8.01
v5_device jobs=12 rows=28374 cells=331786 direct=true graph_reused=false upload_ms=12.90 capture_ms=4.82 queue_ms=36.22 gpu_ms=0.01 unpack_ms=2.35 total_ms=56.30
v5_service device=0 lane=1 class=2 jobs=12 rows=28374 cells=331786 reach=305262 reverse=331846 table_mib=19.5 mutable_mib=960.0 max_job_mib=260.7 oldest_ms=215.62 pack_ms=15.08 solve_ms=56.36
v5_device jobs=31 rows=24311 cells=280226 direct=true graph_reused=false upload_ms=10.57 capture_ms=4.26 queue_ms=32.94 gpu_ms=0.02 unpack_ms=2.84 total_ms=50.63
v5_service device=1 lane=0 class=1 jobs=31 rows=24311 cells=280226 reach=306527 reverse=337858 table_mib=18.2 mutable_mib=752.0 max_job_mib=34.4 oldest_ms=77.51 pack_ms=11.43 solve_ms=50.68
v5_device jobs=1 rows=21337 cells=174182 direct=true graph_reused=false upload_ms=8.82 capture_ms=4.98 queue_ms=36.41 gpu_ms=0.02 unpack_ms=2.49 total_ms=52.72
v5_service device=0 lane=1 class=3 jobs=1 rows=21337 cells=174182 reach=174037 reverse=174182 table_mib=13.1 mutable_mib=512.0 max_job_mib=533.2 oldest_ms=285.39 pack_ms=7.43 solve_ms=52.78
v5_device jobs=15 rows=4083 cells=58436 direct=true graph_reused=false upload_ms=3.35 capture_ms=4.62 queue_ms=10.00 gpu_ms=0.01 unpack_ms=0.60 total_ms=18.59
v5_service device=1 lane=1 class=0 jobs=15 rows=4083 cells=58436 reach=95498 reverse=105886 table_mib=4.5 mutable_mib=116.0 max_job_mib=8.8 oldest_ms=89.16 pack_ms=3.15 solve_ms=18.64
v5_device jobs=21 rows=15088 cells=175243 direct=true graph_reused=false upload_ms=7.56 capture_ms=3.70 queue_ms=47.27 gpu_ms=0.03 unpack_ms=19.08 total_ms=77.63
v5_service device=0 lane=0 class=1 jobs=21 rows=15088 cells=175243 reach=181969 reverse=203263 table_mib=11.1 mutable_mib=480.0 max_job_mib=33.7 oldest_ms=76.75 pack_ms=7.16 solve_ms=77.68
v5_device jobs=11 rows=3476 cells=40011 direct=true graph_reused=false upload_ms=2.04 capture_ms=3.73 queue_ms=12.75 gpu_ms=0.01 unpack_ms=0.55 total_ms=19.08
v5_service device=0 lane=1 class=0 jobs=11 rows=3476 cells=40011 reach=89562 reverse=95749 table_mib=3.9 mutable_mib=88.0 max_job_mib=9.0 oldest_ms=339.94 pack_ms=2.52 solve_ms=19.13
v5_device jobs=1 rows=2954 cells=29107 direct=true graph_reused=false upload_ms=1.87 capture_ms=8.51 queue_ms=2.82 gpu_ms=0.01 unpack_ms=0.17 total_ms=13.39
v5_service device=0 lane=0 class=2 jobs=1 rows=2954 cells=29107 reach=29175 reverse=29151 table_mib=1.8 mutable_mib=64.0 max_job_mib=66.6 oldest_ms=155.27 pack_ms=1.73 solve_ms=13.47
v5_device jobs=9 rows=23647 cells=179149 direct=true graph_reused=false upload_ms=24.26 capture_ms=12.09 queue_ms=42.78 gpu_ms=0.02 unpack_ms=4.47 total_ms=83.62
v5_service device=1 lane=0 class=2 jobs=9 rows=23647 cells=179149 reach=753185 reverse=767474 table_mib=27.5 mutable_mib=832.0 max_job_mib=281.6 oldest_ms=190.37 pack_ms=22.96 solve_ms=83.67
v5_device jobs=42 rows=31880 cells=432472 direct=true graph_reused=false upload_ms=15.03 capture_ms=4.05 queue_ms=42.04 gpu_ms=0.02 unpack_ms=3.22 total_ms=64.35
v5_service device=0 lane=1 class=1 jobs=42 rows=31880 cells=432472 reach=389731 reverse=433437 table_mib=23.8 mutable_mib=960.0 max_job_mib=33.9 oldest_ms=79.21 pack_ms=14.13 solve_ms=64.40
v5_device jobs=4 rows=1268 cells=8537 direct=true graph_reused=false upload_ms=0.52 capture_ms=3.54 queue_ms=4.32 gpu_ms=0.01 unpack_ms=0.16 total_ms=8.55
v5_service device=0 lane=1 class=0 jobs=4 rows=1268 cells=8537 reach=22951 reverse=22901 table_mib=1.1 mutable_mib=32.0 max_job_mib=8.7 oldest_ms=184.45 pack_ms=0.72 solve_ms=8.59
v5_device jobs=6 rows=14988 cells=90763 direct=true graph_reused=false upload_ms=3.89 capture_ms=3.78 queue_ms=21.46 gpu_ms=0.01 unpack_ms=1.12 total_ms=30.26
v5_service device=0 lane=1 class=2 jobs=6 rows=14988 cells=90763 reach=90877 reverse=91194 table_mib=8.1 mutable_mib=512.0 max_job_mib=130.6 oldest_ms=188.70 pack_ms=4.26 solve_ms=30.31
v5_device jobs=2 rows=77541 cells=588593 direct=true graph_reused=false upload_ms=54.43 capture_ms=10.70 queue_ms=188.30 gpu_ms=0.02 unpack_ms=7.00 total_ms=260.45
v5_service device=1 lane=0 class=3 jobs=2 rows=77541 cells=588593 reach=588524 reverse=588593 table_mib=43.8 mutable_mib=2560.0 max_job_mib=2091.1 oldest_ms=306.10 pack_ms=26.66 solve_ms=260.52
v5_device jobs=45 rows=30262 cells=334042 direct=true graph_reused=false upload_ms=12.22 capture_ms=3.70 queue_ms=40.14 gpu_ms=0.01 unpack_ms=2.73 total_ms=58.79
v5_service device=0 lane=1 class=1 jobs=45 rows=30262 cells=334042 reach=348999 reverse=378797 table_mib=21.6 mutable_mib=928.0 max_job_mib=33.6 oldest_ms=87.35 pack_ms=13.08 solve_ms=58.86
v5_device jobs=3 rows=869 cells=11674 direct=true graph_reused=false upload_ms=0.40 capture_ms=7.54 queue_ms=4.36 gpu_ms=0.01 unpack_ms=0.17 total_ms=12.49
v5_service device=1 lane=0 class=0 jobs=3 rows=869 cells=11674 reach=10633 reverse=11674 table_mib=0.7 mutable_mib=20.0 max_job_mib=8.4 oldest_ms=591.35 pack_ms=0.69 solve_ms=12.55
v5_device jobs=8 rows=17153 cells=165669 direct=true graph_reused=false upload_ms=8.17 capture_ms=3.71 queue_ms=27.14 gpu_ms=0.01 unpack_ms=1.45 total_ms=40.49
v5_service device=0 lane=1 class=2 jobs=8 rows=17153 cells=165669 reach=264214 reverse=273919 table_mib=13.4 mutable_mib=512.0 max_job_mib=69.2 oldest_ms=173.05 pack_ms=8.00 solve_ms=40.56
v5_device jobs=134 rows=97642 cells=1193825 direct=true graph_reused=false upload_ms=123.06 capture_ms=3.44 queue_ms=221.63 gpu_ms=0.02 unpack_ms=15.66 total_ms=363.81
v5_service device=1 lane=1 class=1 jobs=134 rows=97642 cells=1193825 reach=2274304 reverse=2434035 table_mib=99.7 mutable_mib=3088.0 max_job_mib=38.3 oldest_ms=133.18 pack_ms=104.87 solve_ms=363.86
v5_device jobs=7 rows=2116 cells=36440 direct=true graph_reused=false upload_ms=0.73 capture_ms=4.61 queue_ms=5.03 gpu_ms=0.01 unpack_ms=0.28 total_ms=10.66
v5_service device=0 lane=1 class=0 jobs=7 rows=2116 cells=36440 reach=30668 reverse=36440 table_mib=1.8 mutable_mib=56.0 max_job_mib=8.7 oldest_ms=224.70 pack_ms=1.16 solve_ms=10.71
v5_device jobs=1 rows=90021 cells=478282 direct=true graph_reused=false upload_ms=50.21 capture_ms=3.73 queue_ms=82.81 gpu_ms=0.01 unpack_ms=3.64 total_ms=140.40
v5_service device=0 lane=1 class=3 jobs=1 rows=90021 cells=478282 reach=478306 reverse=478282 table_mib=43.6 mutable_mib=2048.0 max_job_mib=2107.8 oldest_ms=238.02 pack_ms=21.84 solve_ms=140.46
v5_device jobs=1 rows=13294 cells=73904 direct=true graph_reused=false upload_ms=2.55 capture_ms=3.77 queue_ms=13.50 gpu_ms=0.01 unpack_ms=0.32 total_ms=20.15
v5_service device=0 lane=1 class=3 jobs=1 rows=13294 cells=73904 reach=73919 reverse=73904 table_mib=6.3 mutable_mib=512.0 max_job_mib=520.3 oldest_ms=360.13 pack_ms=3.13 solve_ms=20.20
v5_device jobs=29 rows=19164 cells=218232 direct=true graph_reused=false upload_ms=7.22 capture_ms=3.51 queue_ms=30.33 gpu_ms=0.01 unpack_ms=1.99 total_ms=43.07
v5_service device=0 lane=1 class=1 jobs=29 rows=19164 cells=218232 reach=302799 reverse=322069 table_mib=15.9 mutable_mib=576.0 max_job_mib=34.1 oldest_ms=78.15 pack_ms=8.71 solve_ms=43.11
v5_device jobs=4 rows=1267 cells=18631 direct=true graph_reused=false upload_ms=0.44 capture_ms=4.71 queue_ms=2.31 gpu_ms=0.01 unpack_ms=0.15 total_ms=7.62
v5_service device=0 lane=1 class=0 jobs=4 rows=1267 cells=18631 reach=15903 reverse=18631 table_mib=1.0 mutable_mib=32.0 max_job_mib=8.6 oldest_ms=133.96 pack_ms=0.65 solve_ms=7.66
v5_device jobs=3 rows=5563 cells=47216 direct=true graph_reused=false upload_ms=1.22 capture_ms=3.92 queue_ms=8.83 gpu_ms=0.01 unpack_ms=0.37 total_ms=14.34
v5_service device=0 lane=1 class=2 jobs=3 rows=5563 cells=47216 reach=47302 reverse=47231 table_mib=3.2 mutable_mib=192.0 max_job_mib=66.1 oldest_ms=135.02 pack_ms=1.74 solve_ms=14.38
v5_device jobs=21 rows=66123 cells=775583 direct=true graph_reused=false upload_ms=113.47 capture_ms=4.01 queue_ms=202.59 gpu_ms=0.02 unpack_ms=9.21 total_ms=329.31
v5_service device=1 lane=1 class=2 jobs=21 rows=66123 cells=775583 reach=1369563 reverse=1434928 table_mib=60.4 mutable_mib=1984.0 max_job_mib=265.8 oldest_ms=657.34 pack_ms=53.97 solve_ms=329.37
v5_device jobs=1 rows=43282 cells=407107 direct=true graph_reused=false upload_ms=187.15 capture_ms=3.72 queue_ms=274.23 gpu_ms=0.04 unpack_ms=45.39 total_ms=510.52
v5_service device=1 lane=0 class=3 jobs=1 rows=43282 cells=407107 reach=3326824 reverse=3414397 table_mib=99.0 mutable_mib=1024.0 max_job_mib=1164.7 oldest_ms=606.50 pack_ms=82.75 solve_ms=510.57
v5_device jobs=9 rows=21233 cells=383892 direct=true graph_reused=false upload_ms=16.55 capture_ms=3.81 queue_ms=104.92 gpu_ms=0.01 unpack_ms=3.31 total_ms=128.61
v5_service device=1 lane=0 class=2 jobs=9 rows=21233 cells=383892 reach=551300 reverse=606246 table_mib=24.0 mutable_mib=704.0 max_job_mib=133.3 oldest_ms=81.99 pack_ms=14.38 solve_ms=128.66
v5_device jobs=5 rows=92756 cells=1533815 direct=true graph_reused=false upload_ms=94.00 capture_ms=3.34 queue_ms=142.67 gpu_ms=0.02 unpack_ms=12.13 total_ms=252.16
v5_service device=1 lane=1 class=3 jobs=5 rows=92756 cells=1533815 reach=1429115 reverse=1533815 table_mib=77.5 mutable_mib=3072.0 max_job_mib=1046.1 oldest_ms=1077.51 pack_ms=59.22 solve_ms=252.22
v5_device jobs=1 rows=97140 cells=2923273 direct=true graph_reused=false upload_ms=143.67 capture_ms=3.55 queue_ms=183.19 gpu_ms=2.96 unpack_ms=36.35 total_ms=369.71
v5_service device=0 lane=0 class=31 jobs=1 rows=97140 cells=2923273 reach=2418085 reverse=2923273 table_mib=115.5 mutable_mib=4096.0 max_job_mib=4259.3 oldest_ms=992.25 pack_ms=81.89 solve_ms=369.81
v5_device jobs=25 rows=16848 cells=164808 direct=true graph_reused=false upload_ms=13.17 capture_ms=10.80 queue_ms=31.78 gpu_ms=0.02 unpack_ms=2.98 total_ms=58.75
v5_service device=1 lane=0 class=1 jobs=25 rows=16848 cells=164808 reach=372493 reverse=386085 table_mib=16.1 mutable_mib=544.0 max_job_mib=34.4 oldest_ms=237.00 pack_ms=10.63 solve_ms=58.80
v5_device jobs=1 rows=268 cells=2172 direct=true graph_reused=false upload_ms=0.17 capture_ms=5.54 queue_ms=55.00 gpu_ms=0.01 unpack_ms=0.04 total_ms=60.75
v5_service device=1 lane=0 class=0 jobs=1 rows=268 cells=2172 reach=2195 reverse=2172 table_mib=0.2 mutable_mib=8.0 max_job_mib=8.2 oldest_ms=293.23 pack_ms=0.24 solve_ms=60.80
v5_device jobs=1 rows=87274 cells=514941 direct=true graph_reused=false upload_ms=50.56 capture_ms=3.45 queue_ms=78.64 gpu_ms=0.01 unpack_ms=4.18 total_ms=136.85
v5_service device=1 lane=1 class=3 jobs=1 rows=87274 cells=514941 reach=514965 reverse=514941 table_mib=43.5 mutable_mib=2048.0 max_job_mib=2106.5 oldest_ms=1375.56 pack_ms=22.25 solve_ms=136.90
v5_device jobs=35 rows=25328 cells=274026 direct=true graph_reused=false upload_ms=12.63 capture_ms=3.60 queue_ms=81.23 gpu_ms=86.91 unpack_ms=2.97 total_ms=187.35
v5_service device=0 lane=0 class=1 jobs=35 rows=25328 cells=274026 reach=391687 reverse=412983 table_mib=20.2 mutable_mib=800.0 max_job_mib=35.1 oldest_ms=81.49 pack_ms=11.60 solve_ms=187.41
v5_device jobs=4 rows=8999 cells=106702 direct=true graph_reused=false upload_ms=4.24 capture_ms=10.33 queue_ms=10.09 gpu_ms=38.74 unpack_ms=0.98 total_ms=64.39
v5_service device=0 lane=0 class=2 jobs=4 rows=8999 cells=106702 reach=99217 reverse=107038 table_mib=6.2 mutable_mib=256.0 max_job_mib=67.9 oldest_ms=296.33 pack_ms=3.64 solve_ms=64.44
v5_device jobs=39 rows=29456 cells=402784 direct=true graph_reused=false upload_ms=35.28 capture_ms=5.67 queue_ms=57.00 gpu_ms=169.02 unpack_ms=4.78 total_ms=271.75
v5_service device=0 lane=1 class=1 jobs=39 rows=29456 cells=402784 reach=681510 reverse=739634 table_mib=30.6 mutable_mib=896.0 max_job_mib=38.1 oldest_ms=78.58 pack_ms=18.90 solve_ms=271.82
v5_device jobs=39 rows=30866 cells=316409 direct=true graph_reused=false upload_ms=22.62 capture_ms=3.67 queue_ms=67.43 gpu_ms=44.82 unpack_ms=5.04 total_ms=143.58
v5_service device=1 lane=0 class=1 jobs=39 rows=30866 cells=316409 reach=748236 reverse=774326 table_mib=31.3 mutable_mib=928.0 max_job_mib=35.7 oldest_ms=81.68 pack_ms=20.12 solve_ms=143.63
v5_device jobs=3 rows=788 cells=15593 direct=true graph_reused=false upload_ms=0.35 capture_ms=6.63 queue_ms=3.61 gpu_ms=0.01 unpack_ms=0.14 total_ms=10.73
v5_service device=0 lane=1 class=0 jobs=3 rows=788 cells=15593 reach=11882 reverse=15593 table_mib=0.7 mutable_mib=24.0 max_job_mib=8.7 oldest_ms=369.89 pack_ms=0.56 solve_ms=10.78
v5_device jobs=6 rows=1368 cells=21797 direct=true graph_reused=false upload_ms=0.82 capture_ms=4.50 queue_ms=11.35 gpu_ms=0.01 unpack_ms=0.30 total_ms=16.97
v5_service device=0 lane=0 class=0 jobs=6 rows=1368 cells=21797 reach=30507 reverse=34441 table_mib=1.5 mutable_mib=44.0 max_job_mib=8.9 oldest_ms=363.46 pack_ms=1.24 solve_ms=17.03
v5_device jobs=8 rows=2445 cells=34086 direct=true graph_reused=false upload_ms=0.91 capture_ms=4.69 queue_ms=7.34 gpu_ms=0.01 unpack_ms=0.43 total_ms=13.39
v5_service device=1 lane=0 class=0 jobs=8 rows=2445 cells=34086 reach=32147 reverse=37614 table_mib=2.0 mutable_mib=64.0 max_job_mib=8.8 oldest_ms=244.76 pack_ms=1.56 solve_ms=13.45
v5_device jobs=38 rows=26693 cells=245144 direct=true graph_reused=false upload_ms=61.38 capture_ms=3.50 queue_ms=71.33 gpu_ms=0.02 unpack_ms=7.39 total_ms=143.61
v5_service device=1 lane=1 class=1 jobs=38 rows=26693 cells=245144 reach=1368745 reverse=1402651 table_mib=44.9 mutable_mib=880.0 max_job_mib=37.5 oldest_ms=79.49 pack_ms=32.60 solve_ms=143.69
v5_device jobs=3 rows=5695 cells=100842 direct=true graph_reused=false upload_ms=1.95 capture_ms=5.15 queue_ms=9.76 gpu_ms=0.01 unpack_ms=0.65 total_ms=17.53
v5_service device=0 lane=1 class=2 jobs=3 rows=5695 cells=100842 reach=85989 reverse=100870 table_mib=4.9 mutable_mib=192.0 max_job_mib=68.7 oldest_ms=380.72 pack_ms=2.96 solve_ms=17.58
v5_device jobs=4 rows=7013 cells=46112 direct=true graph_reused=false upload_ms=7.83 capture_ms=6.56 queue_ms=19.00 gpu_ms=0.01 unpack_ms=0.52 total_ms=33.92
v5_service device=1 lane=1 class=2 jobs=4 rows=7013 cells=46112 reach=97736 reverse=100775 table_mib=5.3 mutable_mib=256.0 max_job_mib=66.3 oldest_ms=259.07 pack_ms=4.64 solve_ms=33.97
v5_device jobs=4 rows=8450 cells=35223 direct=true graph_reused=false upload_ms=9.47 capture_ms=4.73 queue_ms=23.51 gpu_ms=0.01 unpack_ms=0.96 total_ms=38.68
v5_service device=1 lane=0 class=2 jobs=4 rows=8450 cells=35223 reach=260436 reverse=262310 table_mib=9.8 mutable_mib=320.0 max_job_mib=132.7 oldest_ms=250.73 pack_ms=8.16 solve_ms=38.72
v5_device jobs=35 rows=23724 cells=301319 direct=true graph_reused=false upload_ms=17.67 capture_ms=3.63 queue_ms=45.18 gpu_ms=0.02 unpack_ms=3.72 total_ms=70.22
v5_service device=0 lane=0 class=1 jobs=35 rows=23724 cells=301319 reach=512573 reverse=549007 table_mib=23.1 mutable_mib=752.0 max_job_mib=37.5 oldest_ms=80.24 pack_ms=16.76 solve_ms=70.28
v5_device jobs=4 rows=1128 cells=11729 direct=true graph_reused=false upload_ms=0.41 capture_ms=4.03 queue_ms=3.16 gpu_ms=0.01 unpack_ms=0.19 total_ms=7.80
v5_service device=0 lane=0 class=0 jobs=4 rows=1128 cells=11729 reach=10480 reverse=11729 table_mib=0.8 mutable_mib=28.0 max_job_mib=8.4 oldest_ms=169.17 pack_ms=0.63 solve_ms=7.86
v5_device jobs=28 rows=17106 cells=183089 direct=true graph_reused=false upload_ms=21.41 capture_ms=5.46 queue_ms=53.48 gpu_ms=0.01 unpack_ms=3.57 total_ms=83.93
v5_service device=1 lane=1 class=1 jobs=28 rows=17106 cells=183089 reach=792028 reverse=819645 table_mib=26.9 mutable_mib=576.0 max_job_mib=36.0 oldest_ms=79.34 pack_ms=15.56 solve_ms=84.01
v5_device jobs=2 rows=3389 cells=71733 direct=true graph_reused=false upload_ms=4.32 capture_ms=5.37 queue_ms=53.58 gpu_ms=0.01 unpack_ms=0.47 total_ms=63.75
v5_service device=0 lane=0 class=2 jobs=2 rows=3389 cells=71733 reach=58892 reverse=71733 table_mib=3.3 mutable_mib=128.0 max_job_mib=66.9 oldest_ms=168.66 pack_ms=2.16 solve_ms=63.81
v5_device jobs=46 rows=34270 cells=320576 direct=true graph_reused=false upload_ms=44.64 capture_ms=5.23 queue_ms=62.06 gpu_ms=0.02 unpack_ms=4.66 total_ms=116.61
v5_service device=0 lane=1 class=1 jobs=46 rows=34270 cells=320576 reach=829061 reverse=864870 table_mib=34.6 mutable_mib=1072.0 max_job_mib=36.2 oldest_ms=106.19 pack_ms=23.44 solve_ms=116.67
v5_device jobs=2 rows=536 cells=6504 direct=true graph_reused=false upload_ms=0.29 capture_ms=6.59 queue_ms=30.32 gpu_ms=0.01 unpack_ms=0.18 total_ms=37.39
v5_service device=1 lane=1 class=0 jobs=2 rows=536 cells=6504 reach=5292 reverse=6504 table_mib=0.4 mutable_mib=16.0 max_job_mib=8.3 oldest_ms=181.70 pack_ms=0.33 solve_ms=37.45
v5_device jobs=36 rows=25844 cells=221154 direct=true graph_reused=false upload_ms=25.59 capture_ms=3.63 queue_ms=52.45 gpu_ms=0.02 unpack_ms=5.86 total_ms=87.55
v5_service device=1 lane=0 class=1 jobs=36 rows=25844 cells=221154 reach=821112 reverse=851495 table_mib=31.4 mutable_mib=784.0 max_job_mib=35.2 oldest_ms=80.36 pack_ms=24.86 solve_ms=87.60
v5_device jobs=3 rows=8610 cells=53409 direct=true graph_reused=false upload_ms=6.46 capture_ms=6.00 queue_ms=13.14 gpu_ms=0.02 unpack_ms=0.70 total_ms=26.33
v5_service device=1 lane=1 class=2 jobs=3 rows=8610 cells=53409 reach=117042 reverse=117752 table_mib=6.3 mutable_mib=256.0 max_job_mib=131.9 oldest_ms=213.53 pack_ms=5.24 solve_ms=26.39
v5_device jobs=5 rows=9547 cells=84423 direct=true graph_reused=false upload_ms=9.24 capture_ms=3.55 queue_ms=21.02 gpu_ms=0.02 unpack_ms=2.01 total_ms=35.83
v5_service device=1 lane=0 class=2 jobs=5 rows=9547 cells=84423 reach=244551 reverse=249421 table_mib=10.0 mutable_mib=320.0 max_job_mib=68.9 oldest_ms=199.92 pack_ms=7.06 solve_ms=35.89
v5_device jobs=9 rows=23309 cells=314638 direct=true graph_reused=false upload_ms=12.29 capture_ms=4.96 queue_ms=31.62 gpu_ms=0.01 unpack_ms=1.82 total_ms=50.71
v5_service device=0 lane=1 class=2 jobs=9 rows=23309 cells=314638 reach=288718 reverse=318164 table_mib=16.9 mutable_mib=832.0 max_job_mib=261.2 oldest_ms=255.23 pack_ms=10.93 solve_ms=50.78
v5_device jobs=8 rows=1981 cells=9926 direct=true graph_reused=false upload_ms=1.79 capture_ms=4.46 queue_ms=13.62 gpu_ms=0.01 unpack_ms=0.40 total_ms=20.27
v5_service device=1 lane=0 class=0 jobs=8 rows=1981 cells=9926 reach=87447 reverse=89182 table_mib=3.0 mutable_mib=56.0 max_job_mib=9.5 oldest_ms=243.61 pack_ms=2.18 solve_ms=20.33
v5_device jobs=32 rows=20681 cells=256894 direct=true graph_reused=false upload_ms=20.20 capture_ms=3.51 queue_ms=41.80 gpu_ms=0.01 unpack_ms=2.59 total_ms=68.12
v5_service device=1 lane=1 class=1 jobs=32 rows=20681 cells=256894 reach=531750 reverse=564113 table_mib=22.3 mutable_mib=640.0 max_job_mib=34.0 oldest_ms=82.80 pack_ms=21.50 solve_ms=68.19
v5_device jobs=1 rows=364 cells=3781 direct=true graph_reused=false upload_ms=0.19 capture_ms=4.07 queue_ms=1.03 gpu_ms=0.01 unpack_ms=0.05 total_ms=5.35
v5_service device=1 lane=1 class=0 jobs=1 rows=364 cells=3781 reach=3807 reverse=3781 table_mib=0.2 mutable_mib=8.0 max_job_mib=8.3 oldest_ms=174.93 pack_ms=0.26 solve_ms=5.40
v5_device jobs=8 rows=17393 cells=197015 direct=true graph_reused=false upload_ms=31.72 capture_ms=7.88 queue_ms=78.38 gpu_ms=22.90 unpack_ms=3.23 total_ms=144.11
v5_service device=0 lane=0 class=2 jobs=8 rows=17393 cells=197015 reach=640082 reverse=661244 table_mib=22.8 mutable_mib=640.0 max_job_mib=130.7 oldest_ms=120.22 pack_ms=19.53 solve_ms=144.17
v5_device jobs=2 rows=48678 cells=801230 direct=true graph_reused=false upload_ms=53.87 capture_ms=3.93 queue_ms=81.76 gpu_ms=26.12 unpack_ms=4.39 total_ms=170.08
v5_service device=0 lane=1 class=3 jobs=2 rows=48678 cells=801230 reach=797112 reverse=801230 table_mib=40.1 mutable_mib=1536.0 max_job_mib=1066.6 oldest_ms=297.91 pack_ms=25.04 solve_ms=170.13
v5_device jobs=18 rows=11141 cells=101366 direct=true graph_reused=false upload_ms=9.48 capture_ms=4.92 queue_ms=35.73 gpu_ms=0.02 unpack_ms=1.92 total_ms=52.07
v5_service device=0 lane=0 class=1 jobs=18 rows=11141 cells=101366 reach=343570 reverse=355418 table_mib=13.0 mutable_mib=384.0 max_job_mib=33.8 oldest_ms=286.75 pack_ms=10.03 solve_ms=52.15
v5_device jobs=3 rows=4530 cells=27938 direct=true graph_reused=false upload_ms=19.22 capture_ms=3.22 queue_ms=97.88 gpu_ms=0.01 unpack_ms=0.70 total_ms=121.03
v5_service device=1 lane=1 class=2 jobs=3 rows=4530 cells=27938 reach=183122 reverse=186621 table_mib=6.4 mutable_mib=192.0 max_job_mib=68.4 oldest_ms=178.23 pack_ms=3.96 solve_ms=121.08
v5_device jobs=2 rows=84125 cells=1303542 direct=true graph_reused=false upload_ms=73.49 capture_ms=3.57 queue_ms=120.05 gpu_ms=0.03 unpack_ms=20.83 total_ms=217.97
v5_service device=1 lane=0 class=3 jobs=2 rows=84125 cells=1303542 reach=1091012 reverse=1303542 table_mib=67.4 mutable_mib=2048.0 max_job_mib=1085.5 oldest_ms=289.25 pack_ms=60.41 solve_ms=218.04
v5_device jobs=41 rows=29955 cells=304480 direct=true graph_reused=false upload_ms=44.82 capture_ms=3.61 queue_ms=54.45 gpu_ms=0.02 unpack_ms=3.99 total_ms=106.89
v5_service device=0 lane=1 class=1 jobs=41 rows=29955 cells=304480 reach=833105 reverse=873379 table_mib=33.5 mutable_mib=880.0 max_job_mib=34.6 oldest_ms=82.17 pack_ms=20.87 solve_ms=106.96
v5_device jobs=5 rows=1631 cells=5231 direct=true graph_reused=false upload_ms=1.01 capture_ms=5.41 queue_ms=23.93 gpu_ms=0.01 unpack_ms=0.25 total_ms=30.61
v5_service device=0 lane=1 class=0 jobs=5 rows=1631 cells=5231 reach=56070 reverse=56417 table_mib=2.0 mutable_mib=40.0 max_job_mib=9.2 oldest_ms=224.07 pack_ms=1.53 solve_ms=30.67
v5_device jobs=27 rows=17112 cells=206137 direct=true graph_reused=false upload_ms=27.15 capture_ms=4.27 queue_ms=51.39 gpu_ms=0.03 unpack_ms=5.20 total_ms=88.04
v5_service device=0 lane=0 class=1 jobs=27 rows=17112 cells=206137 reach=861199 reverse=898163 table_mib=29.1 mutable_mib=576.0 max_job_mib=36.9 oldest_ms=82.08 pack_ms=19.45 solve_ms=88.11
v5_device jobs=33 rows=22963 cells=276903 direct=true graph_reused=false upload_ms=48.18 capture_ms=8.38 queue_ms=46.53 gpu_ms=0.01 unpack_ms=4.13 total_ms=107.24
v5_service device=1 lane=1 class=1 jobs=33 rows=22963 cells=276903 reach=703075 reverse=745428 table_mib=27.9 mutable_mib=704.0 max_job_mib=36.9 oldest_ms=80.33 pack_ms=17.84 solve_ms=107.29
v5_device jobs=6 rows=1883 cells=31701 direct=true graph_reused=false upload_ms=1.03 capture_ms=5.16 queue_ms=38.43 gpu_ms=0.01 unpack_ms=0.27 total_ms=44.90
v5_service device=1 lane=1 class=0 jobs=6 rows=1883 cells=31701 reach=38816 reverse=44739 table_mib=1.9 mutable_mib=48.0 max_job_mib=8.9 oldest_ms=204.94 pack_ms=1.51 solve_ms=44.95
v5_device jobs=39 rows=25658 cells=213823 direct=true graph_reused=false upload_ms=47.83 capture_ms=3.76 queue_ms=57.67 gpu_ms=0.02 unpack_ms=4.84 total_ms=114.13
v5_service device=1 lane=0 class=1 jobs=39 rows=25658 cells=213823 reach=1046160 reverse=1082060 table_mib=36.9 mutable_mib=848.0 max_job_mib=35.4 oldest_ms=79.34 pack_ms=29.26 solve_ms=114.18
v5_device jobs=1 rows=45100 cells=299006 direct=true graph_reused=false upload_ms=14.59 capture_ms=3.81 queue_ms=62.49 gpu_ms=0.02 unpack_ms=2.09 total_ms=83.00
v5_service device=0 lane=1 class=3 jobs=1 rows=45100 cells=299006 reach=299025 reverse=299006 table_mib=23.0 mutable_mib=1024.0 max_job_mib=1054.4 oldest_ms=252.27 pack_ms=13.15 solve_ms=83.06
v5_device jobs=6 rows=16031 cells=271038 direct=true graph_reused=false upload_ms=11.03 capture_ms=4.82 queue_ms=45.23 gpu_ms=0.01 unpack_ms=2.44 total_ms=63.54
v5_service device=0 lane=0 class=2 jobs=6 rows=16031 cells=271038 reach=342893 reverse=376280 table_mib=15.9 mutable_mib=512.0 max_job_mib=134.7 oldest_ms=197.56 pack_ms=11.33 solve_ms=63.58
v5_device jobs=3 rows=934 cells=2087 direct=true graph_reused=false upload_ms=0.55 capture_ms=5.11 queue_ms=10.21 gpu_ms=0.01 unpack_ms=0.18 total_ms=16.05
v5_service device=0 lane=0 class=0 jobs=3 rows=934 cells=2087 reach=24109 reverse=24125 table_mib=1.0 mutable_mib=24.0 max_job_mib=8.6 oldest_ms=261.62 pack_ms=0.90 solve_ms=16.12
v5_device jobs=2 rows=7489 cells=108918 direct=true graph_reused=false upload_ms=2.31 capture_ms=4.00 queue_ms=13.91 gpu_ms=0.01 unpack_ms=0.59 total_ms=20.81
v5_service device=0 lane=1 class=2 jobs=2 rows=7489 cells=108918 reach=91394 reverse=108944 table_mib=5.6 mutable_mib=192.0 max_job_mib=131.6 oldest_ms=342.44 pack_ms=3.54 solve_ms=20.87
v5_device jobs=7 rows=22969 cells=136233 direct=true graph_reused=false upload_ms=39.50 capture_ms=3.73 queue_ms=71.28 gpu_ms=0.02 unpack_ms=3.30 total_ms=117.83
v5_service device=1 lane=1 class=2 jobs=7 rows=22969 cells=136233 reach=753952 reverse=770986 table_mib=27.6 mutable_mib=768.0 max_job_mib=277.2 oldest_ms=253.26 pack_ms=20.80 solve_ms=117.89
v5_device jobs=4 rows=18888 cells=96788 direct=true graph_reused=false upload_ms=19.61 capture_ms=4.87 queue_ms=48.85 gpu_ms=0.02 unpack_ms=3.28 total_ms=76.62
v5_service device=1 lane=0 class=2 jobs=4 rows=18888 cells=96788 reach=649908 reverse=656184 table_mib=23.2 mutable_mib=640.0 max_job_mib=266.1 oldest_ms=256.36 pack_ms=20.04 solve_ms=76.68
v5_device jobs=4 rows=1241 cells=5253 direct=true graph_reused=false upload_ms=0.56 capture_ms=3.52 queue_ms=3.90 gpu_ms=0.01 unpack_ms=0.16 total_ms=8.14
v5_service device=1 lane=0 class=0 jobs=4 rows=1241 cells=5253 reach=22627 reverse=22977 table_mib=1.1 mutable_mib=32.0 max_job_mib=8.7 oldest_ms=354.04 pack_ms=0.85 solve_ms=8.19
v5_device jobs=24 rows=6623 cells=44735 direct=true graph_reused=false upload_ms=6.74 capture_ms=3.75 queue_ms=18.11 gpu_ms=0.01 unpack_ms=0.94 total_ms=29.56
v5_service device=0 lane=0 class=0 jobs=24 rows=6623 cells=44735 reach=237364 reverse=250028 table_mib=8.9 mutable_mib=180.0 max_job_mib=9.5 oldest_ms=76.11 pack_ms=6.19 solve_ms=29.61
v5_device jobs=28 rows=19394 cells=171047 direct=true graph_reused=false upload_ms=49.42 capture_ms=3.63 queue_ms=63.22 gpu_ms=0.02 unpack_ms=5.75 total_ms=122.04
v5_service device=0 lane=1 class=1 jobs=28 rows=19394 cells=171047 reach=1193382 reverse=1219457 table_mib=37.3 mutable_mib=608.0 max_job_mib=39.5 oldest_ms=82.86 pack_ms=23.74 solve_ms=122.09
v5_device jobs=1 rows=2541 cells=3660 direct=true graph_reused=false upload_ms=0.82 capture_ms=3.80 queue_ms=7.91 gpu_ms=0.01 unpack_ms=0.07 total_ms=12.62
v5_service device=0 lane=1 class=2 jobs=1 rows=2541 cells=3660 reach=18798 reverse=19923 table_mib=1.6 mutable_mib=64.0 max_job_mib=65.8 oldest_ms=227.07 pack_ms=1.41 solve_ms=12.67
v5_device jobs=5 rows=1388 cells=4455 direct=true graph_reused=false upload_ms=0.85 capture_ms=3.82 queue_ms=10.03 gpu_ms=0.01 unpack_ms=0.22 total_ms=14.92
v5_service device=0 lane=1 class=0 jobs=5 rows=1388 cells=4455 reach=49538 reverse=49764 table_mib=1.8 mutable_mib=40.0 max_job_mib=9.2 oldest_ms=240.36 pack_ms=1.24 solve_ms=14.98
v5_device jobs=8 rows=15816 cells=48350 direct=true graph_reused=false upload_ms=73.05 capture_ms=4.97 queue_ms=114.45 gpu_ms=0.02 unpack_ms=8.05 total_ms=200.54
v5_service device=1 lane=0 class=2 jobs=8 rows=15816 cells=48350 reach=1642203 reverse=1646577 table_mib=45.0 mutable_mib=576.0 max_job_mib=175.3 oldest_ms=82.67 pack_ms=32.85 solve_ms=200.61
v5_device jobs=1 rows=14450 cells=94623 direct=true graph_reused=false upload_ms=106.61 capture_ms=4.67 queue_ms=169.36 gpu_ms=0.03 unpack_ms=28.50 total_ms=309.17
v5_service device=1 lane=1 class=3 jobs=1 rows=14450 cells=94623 reach=2743118 reverse=2744141 table_mib=70.1 mutable_mib=512.0 max_job_mib=617.9 oldest_ms=383.91 pack_ms=47.02 solve_ms=309.24
v5_device jobs=33 rows=20916 cells=109494 direct=true graph_reused=false upload_ms=39.93 capture_ms=3.40 queue_ms=50.56 gpu_ms=0.02 unpack_ms=3.40 total_ms=97.30
v5_service device=0 lane=1 class=1 jobs=33 rows=20916 cells=109494 reach=960674 reverse=972837 table_mib=32.1 mutable_mib=720.0 max_job_mib=36.6 oldest_ms=79.00 pack_ms=18.03 solve_ms=97.36
v5_device jobs=1 rows=30820 cells=538043 direct=true graph_reused=false upload_ms=16.74 capture_ms=3.52 queue_ms=47.49 gpu_ms=0.02 unpack_ms=3.32 total_ms=71.09
v5_service device=0 lane=1 class=3 jobs=1 rows=30820 cells=538043 reach=528730 reverse=538064 table_mib=26.6 mutable_mib=1024.0 max_job_mib=1061.1 oldest_ms=201.51 pack_ms=16.35 solve_ms=71.16
v5_device jobs=1 rows=1733 cells=2599 direct=true graph_reused=false upload_ms=1.10 capture_ms=4.60 queue_ms=6.86 gpu_ms=0.01 unpack_ms=0.14 total_ms=12.70
v5_service device=0 lane=1 class=2 jobs=1 rows=1733 cells=2599 reach=57159 reverse=57151 table_mib=2.1 mutable_mib=64.0 max_job_mib=66.8 oldest_ms=288.69 pack_ms=1.52 solve_ms=12.75
v5_device jobs=5 rows=1442 cells=21068 direct=true graph_reused=false upload_ms=1.03 capture_ms=4.16 queue_ms=9.50 gpu_ms=0.01 unpack_ms=0.30 total_ms=15.00
v5_service device=0 lane=1 class=0 jobs=5 rows=1442 cells=21068 reach=58839 reverse=64910 table_mib=2.3 mutable_mib=40.0 max_job_mib=9.4 oldest_ms=299.12 pack_ms=1.66 solve_ms=15.05
v5_device jobs=45 rows=30265 cells=206863 direct=true graph_reused=false upload_ms=67.13 capture_ms=5.75 queue_ms=114.03 gpu_ms=0.02 unpack_ms=6.66 total_ms=193.60
v5_service device=1 lane=1 class=1 jobs=45 rows=30265 cells=206863 reach=1458512 reverse=1496350 table_mib=48.4 mutable_mib=944.0 max_job_mib=37.5 oldest_ms=83.12 pack_ms=34.16 solve_ms=193.67
v5_device jobs=72 rows=49220 cells=442602 direct=true graph_reused=false upload_ms=104.68 capture_ms=3.68 queue_ms=146.60 gpu_ms=0.02 unpack_ms=43.90 total_ms=298.88
v5_service device=1 lane=0 class=1 jobs=72 rows=49220 cells=442602 reach=2124729 reverse=2197067 table_mib=73.7 mutable_mib=1584.0 max_job_mib=37.5 oldest_ms=327.35 pack_ms=63.64 solve_ms=298.93
v5_device jobs=4 rows=6692 cells=63055 direct=true graph_reused=false upload_ms=6.64 capture_ms=5.34 queue_ms=21.10 gpu_ms=0.02 unpack_ms=1.05 total_ms=34.14
v5_service device=1 lane=1 class=2 jobs=4 rows=6692 cells=63055 reach=288216 reverse=292205 table_mib=9.7 mutable_mib=256.0 max_job_mib=73.8 oldest_ms=360.41 pack_ms=6.88 solve_ms=34.20
v5_device jobs=4 rows=1170 cells=6143 direct=true graph_reused=false upload_ms=0.52 capture_ms=4.09 queue_ms=3.78 gpu_ms=0.01 unpack_ms=0.11 total_ms=8.51
v5_service device=1 lane=1 class=0 jobs=4 rows=1170 cells=6143 reach=23416 reverse=24389 table_mib=1.1 mutable_mib=32.0 max_job_mib=8.7 oldest_ms=403.56 pack_ms=0.85 solve_ms=8.56
v5_device jobs=17 rows=4826 cells=23016 direct=true graph_reused=false upload_ms=5.23 capture_ms=5.39 queue_ms=20.82 gpu_ms=0.01 unpack_ms=0.89 total_ms=32.35
v5_service device=1 lane=0 class=0 jobs=17 rows=4826 cells=23016 reach=234805 reverse=237645 table_mib=7.8 mutable_mib=132.0 max_job_mib=9.8 oldest_ms=745.71 pack_ms=11.09 solve_ms=32.41
v5_device jobs=42 rows=27548 cells=202508 direct=true graph_reused=false upload_ms=51.51 capture_ms=5.00 queue_ms=244.88 gpu_ms=0.02 unpack_ms=5.51 total_ms=306.92
v5_service device=0 lane=1 class=1 jobs=42 rows=27548 cells=202508 reach=1150410 reverse=1174337 table_mib=39.7 mutable_mib=928.0 max_job_mib=38.4 oldest_ms=78.82 pack_ms=27.07 solve_ms=307.01
v5_device jobs=8 rows=18313 cells=120622 direct=true graph_reused=false upload_ms=16.50 capture_ms=7.20 queue_ms=34.56 gpu_ms=0.02 unpack_ms=2.40 total_ms=60.67
v5_service device=0 lane=1 class=2 jobs=8 rows=18313 cells=120622 reach=557092 reverse=569286 table_mib=21.1 mutable_mib=576.0 max_job_mib=133.3 oldest_ms=421.82 pack_ms=17.22 solve_ms=60.74
v5_device jobs=34 rows=23429 cells=140045 direct=true graph_reused=false upload_ms=59.23 capture_ms=5.48 queue_ms=66.03 gpu_ms=0.02 unpack_ms=5.57 total_ms=136.33
v5_service device=1 lane=1 class=1 jobs=34 rows=23429 cells=140045 reach=1442863 reverse=1475427 table_mib=45.2 mutable_mib=784.0 max_job_mib=39.7 oldest_ms=81.11 pack_ms=26.40 solve_ms=136.40
v5_device jobs=1 rows=38561 cells=1072091 direct=true graph_reused=false upload_ms=46.34 capture_ms=3.65 queue_ms=115.06 gpu_ms=0.02 unpack_ms=7.03 total_ms=172.09
v5_service device=1 lane=0 class=3 jobs=1 rows=38561 cells=1072091 reach=816840 reverse=1072091 table_mib=44.0 mutable_mib=1024.0 max_job_mib=1088.7 oldest_ms=768.32 pack_ms=27.32 solve_ms=172.14
v5_device jobs=12 rows=3245 cells=18314 direct=true graph_reused=false upload_ms=2.47 capture_ms=5.32 queue_ms=19.63 gpu_ms=0.01 unpack_ms=0.60 total_ms=28.04
v5_service device=0 lane=1 class=0 jobs=12 rows=3245 cells=18314 reach=123293 reverse=126295 table_mib=4.5 mutable_mib=92.0 max_job_mib=9.8 oldest_ms=502.60 pack_ms=3.79 solve_ms=28.10
v5_device jobs=6 rows=2107 cells=10918 direct=true graph_reused=false upload_ms=0.87 capture_ms=5.76 queue_ms=5.13 gpu_ms=0.01 unpack_ms=0.23 total_ms=12.00
v5_service device=1 lane=1 class=0 jobs=6 rows=2107 cells=10918 reach=39488 reverse=39411 table_mib=1.8 mutable_mib=48.0 max_job_mib=8.7 oldest_ms=246.13 pack_ms=1.31 solve_ms=12.04
v5_device jobs=206 rows=141544 cells=994385 direct=true graph_reused=false upload_ms=307.11 capture_ms=3.41 queue_ms=415.97 gpu_ms=0.03 unpack_ms=59.91 total_ms=786.44
v5_service device=0 lane=0 class=1 jobs=206 rows=141544 cells=994385 reach=6206649 reverse=6360469 table_mib=212.0 mutable_mib=4512.0 max_job_mib=41.3 oldest_ms=146.86 pack_ms=202.76 solve_ms=786.49
v5_device jobs=1 rows=22681 cells=123076 direct=true graph_reused=false upload_ms=93.17 capture_ms=5.96 queue_ms=59.89 gpu_ms=0.02 unpack_ms=5.60 total_ms=164.63
v5_service device=1 lane=0 class=3 jobs=1 rows=22681 cells=123076 reach=1494587 reverse=1496708 table_mib=45.4 mutable_mib=512.0 max_job_mib=576.2 oldest_ms=962.44 pack_ms=29.00 solve_ms=164.68
v5_device jobs=28 rows=18821 cells=169435 direct=true graph_reused=false upload_ms=37.07 capture_ms=4.36 queue_ms=47.56 gpu_ms=0.01 unpack_ms=2.92 total_ms=91.92
v5_service device=0 lane=1 class=1 jobs=28 rows=18821 cells=169435 reach=792918 reverse=815737 table_mib=27.6 mutable_mib=608.0 max_job_mib=36.9 oldest_ms=79.55 pack_ms=22.74 solve_ms=91.98
v5_device jobs=31 rows=20975 cells=126976 direct=true graph_reused=false upload_ms=55.07 capture_ms=4.49 queue_ms=58.07 gpu_ms=0.02 unpack_ms=5.14 total_ms=122.79
v5_service device=1 lane=1 class=1 jobs=31 rows=20975 cells=126976 reach=1244693 reverse=1270303 table_mib=39.3 mutable_mib=672.0 max_job_mib=37.5 oldest_ms=82.89 pack_ms=31.08 solve_ms=122.85
v5_device jobs=2 rows=599 cells=4394 direct=true graph_reused=false upload_ms=0.85 capture_ms=5.61 queue_ms=7.67 gpu_ms=0.01 unpack_ms=0.13 total_ms=14.27
v5_service device=1 lane=1 class=0 jobs=2 rows=599 cells=4394 reach=56639 reverse=57830 table_mib=1.7 mutable_mib=16.0 max_job_mib=10.0 oldest_ms=246.50 pack_ms=1.12 solve_ms=14.33
v5_device jobs=1 rows=1849 cells=11050 direct=true graph_reused=false upload_ms=1.85 capture_ms=5.09 queue_ms=9.35 gpu_ms=0.01 unpack_ms=0.19 total_ms=16.49
v5_service device=1 lane=1 class=2 jobs=1 rows=1849 cells=11050 reach=129113 reverse=130370 table_mib=3.9 mutable_mib=64.0 max_job_mib=69.5 oldest_ms=255.16 pack_ms=2.44 solve_ms=16.55
v5_device jobs=3 rows=5476 cells=37600 direct=true graph_reused=false upload_ms=28.48 capture_ms=4.76 queue_ms=79.64 gpu_ms=0.01 unpack_ms=1.90 total_ms=114.80
v5_service device=0 lane=1 class=2 jobs=3 rows=5476 cells=37600 reach=647971 reverse=654136 table_mib=17.8 mutable_mib=192.0 max_job_mib=78.9 oldest_ms=200.52 pack_ms=10.85 solve_ms=114.86
v5_device jobs=11 rows=27985 cells=257411 direct=true graph_reused=false upload_ms=76.82 capture_ms=4.19 queue_ms=88.01 gpu_ms=0.02 unpack_ms=6.98 total_ms=176.02
v5_service device=0 lane=0 class=2 jobs=11 rows=27985 cells=257411 reach=1790721 reverse=1820668 table_mib=55.4 mutable_mib=896.0 max_job_mib=139.2 oldest_ms=1237.29 pack_ms=48.37 solve_ms=176.07
v5_device jobs=8 rows=1993 cells=8942 direct=true graph_reused=false upload_ms=1.74 capture_ms=4.65 queue_ms=14.21 gpu_ms=0.01 unpack_ms=0.43 total_ms=21.04
v5_service device=0 lane=1 class=0 jobs=8 rows=1993 cells=8942 reach=106284 reverse=108290 table_mib=3.5 mutable_mib=64.0 max_job_mib=9.1 oldest_ms=314.08 pack_ms=2.37 solve_ms=21.09
v5_device jobs=37 rows=24837 cells=158902 direct=true graph_reused=false upload_ms=69.73 capture_ms=3.77 queue_ms=73.00 gpu_ms=0.02 unpack_ms=6.72 total_ms=153.23
v5_service device=1 lane=0 class=1 jobs=37 rows=24837 cells=158902 reach=1670480 reverse=1700842 table_mib=51.4 mutable_mib=832.0 max_job_mib=39.0 oldest_ms=81.88 pack_ms=30.84 solve_ms=153.29
v5_device jobs=2 rows=626 cells=1219 direct=true graph_reused=false upload_ms=0.38 capture_ms=6.08 queue_ms=16.45 gpu_ms=0.01 unpack_ms=0.08 total_ms=23.00
v5_service device=1 lane=0 class=0 jobs=2 rows=626 cells=1219 reach=13515 reverse=13499 table_mib=0.6 mutable_mib=16.0 max_job_mib=8.4 oldest_ms=267.91 pack_ms=0.49 solve_ms=23.05
v5_device jobs=17 rows=12087 cells=41009 direct=true graph_reused=false upload_ms=34.51 capture_ms=4.17 queue_ms=49.85 gpu_ms=0.02 unpack_ms=3.84 total_ms=92.39
v5_service device=1 lane=1 class=1 jobs=17 rows=12087 cells=41009 reach=870299 reverse=878203 table_mib=26.0 mutable_mib=400.0 max_job_mib=44.2 oldest_ms=85.11 pack_ms=16.57 solve_ms=92.46
v5_device jobs=3 rows=869 cells=3470 direct=true graph_reused=false upload_ms=0.54 capture_ms=4.79 queue_ms=3.31 gpu_ms=0.01 unpack_ms=0.15 total_ms=8.79
v5_service device=1 lane=1 class=0 jobs=3 rows=869 cells=3470 reach=24726 reverse=25237 table_mib=1.0 mutable_mib=24.0 max_job_mib=8.8 oldest_ms=183.39 pack_ms=0.75 solve_ms=8.85
v5_device jobs=1 rows=56425 cells=240605 direct=true graph_reused=false upload_ms=17.52 capture_ms=3.60 queue_ms=50.38 gpu_ms=0.01 unpack_ms=1.39 total_ms=72.91
v5_service device=1 lane=0 class=3 jobs=1 rows=56425 cells=240605 reach=240623 reverse=240605 table_mib=25.5 mutable_mib=2048.0 max_job_mib=2082.0 oldest_ms=288.32 pack_ms=12.15 solve_ms=72.96
v5_device jobs=3 rows=4756 cells=25859 direct=true graph_reused=false upload_ms=5.85 capture_ms=3.38 queue_ms=23.18 gpu_ms=0.01 unpack_ms=1.02 total_ms=33.43
v5_service device=1 lane=0 class=2 jobs=3 rows=4756 cells=25859 reach=366744 reverse=371587 table_mib=10.8 mutable_mib=192.0 max_job_mib=72.9 oldest_ms=356.52 pack_ms=6.21 solve_ms=33.49
v5_device jobs=35 rows=28021 cells=136650 direct=true graph_reused=false upload_ms=51.11 capture_ms=4.00 queue_ms=61.69 gpu_ms=0.02 unpack_ms=4.11 total_ms=120.92
v5_service device=1 lane=1 class=1 jobs=35 rows=28021 cells=136650 reach=1241524 reverse=1278551 table_mib=42.6 mutable_mib=896.0 max_job_mib=36.7 oldest_ms=81.31 pack_ms=25.61 solve_ms=120.98
v5_device jobs=34 rows=24796 cells=216204 direct=true graph_reused=false upload_ms=53.61 capture_ms=3.60 queue_ms=229.43 gpu_ms=0.02 unpack_ms=4.77 total_ms=291.43
v5_service device=0 lane=1 class=1 jobs=34 rows=24796 cells=216204 reach=1120403 reverse=1154807 table_mib=38.2 mutable_mib=848.0 max_job_mib=35.7 oldest_ms=79.43 pack_ms=23.50 solve_ms=291.48
v5_device jobs=4 rows=1153 cells=10778 direct=true graph_reused=false upload_ms=1.46 capture_ms=4.67 queue_ms=11.51 gpu_ms=0.01 unpack_ms=0.32 total_ms=17.98
v5_service device=1 lane=1 class=0 jobs=4 rows=1153 cells=10778 reach=86451 reverse=90001 table_mib=2.7 mutable_mib=32.0 max_job_mib=9.7 oldest_ms=230.79 pack_ms=1.67 solve_ms=18.01
v5_device jobs=5 rows=1486 cells=6642 direct=true graph_reused=false upload_ms=1.27 capture_ms=4.49 queue_ms=9.83 gpu_ms=0.01 unpack_ms=0.35 total_ms=15.96
v5_service device=0 lane=1 class=0 jobs=5 rows=1486 cells=6642 reach=71001 reverse=73539 table_mib=2.4 mutable_mib=40.0 max_job_mib=9.4 oldest_ms=397.11 pack_ms=1.64 solve_ms=16.02
v5_device jobs=2 rows=101837 cells=559297 direct=true graph_reused=false upload_ms=139.70 capture_ms=4.25 queue_ms=222.80 gpu_ms=0.03 unpack_ms=36.33 total_ms=403.10
v5_service device=0 lane=0 class=3 jobs=2 rows=101837 cells=559297 reach=2916927 reverse=2918037 table_mib=107.9 mutable_mib=3072.0 max_job_mib=2104.6 oldest_ms=1471.85 pack_ms=66.69 solve_ms=403.16
v5_device jobs=7 rows=15385 cells=53483 direct=true graph_reused=false upload_ms=11.91 capture_ms=3.63 queue_ms=27.38 gpu_ms=0.01 unpack_ms=1.10 total_ms=44.03
v5_service device=0 lane=1 class=2 jobs=7 rows=15385 cells=53483 reach=377267 reverse=387544 table_mib=15.8 mutable_mib=448.0 max_job_mib=68.7 oldest_ms=397.01 pack_ms=12.57 solve_ms=44.08
v5_device jobs=6 rows=20895 cells=162400 direct=true graph_reused=false upload_ms=51.04 capture_ms=5.57 queue_ms=59.23 gpu_ms=0.02 unpack_ms=3.96 total_ms=119.82
v5_service device=1 lane=1 class=2 jobs=6 rows=20895 cells=162400 reach=1143924 reverse=1180791 table_mib=37.2 mutable_mib=640.0 max_job_mib=282.8 oldest_ms=253.08 pack_ms=24.68 solve_ms=119.89
v5_device jobs=38 rows=29964 cells=203710 direct=true graph_reused=false upload_ms=72.48 capture_ms=5.66 queue_ms=110.31 gpu_ms=0.02 unpack_ms=6.44 total_ms=194.91
v5_service device=1 lane=0 class=1 jobs=38 rows=29964 cells=203710 reach=1672805 reverse=1711076 table_mib=53.7 mutable_mib=896.0 max_job_mib=37.4 oldest_ms=78.95 pack_ms=30.85 solve_ms=194.97
v5_device jobs=8 rows=17986 cells=125394 direct=true graph_reused=false upload_ms=18.80 capture_ms=3.60 queue_ms=37.45 gpu_ms=0.01 unpack_ms=2.38 total_ms=62.24
v5_service device=1 lane=0 class=2 jobs=8 rows=17986 cells=125394 reach=655348 reverse=673692 table_mib=23.9 mutable_mib=576.0 max_job_mib=132.5 oldest_ms=311.15 pack_ms=15.82 solve_ms=62.31
v5_device jobs=5 rows=12052 cells=52564 direct=true graph_reused=false upload_ms=11.13 capture_ms=4.39 queue_ms=22.73 gpu_ms=0.01 unpack_ms=1.11 total_ms=39.37
v5_service device=1 lane=1 class=2 jobs=5 rows=12052 cells=52564 reach=393408 reverse=412271 table_mib=15.0 mutable_mib=384.0 max_job_mib=133.2 oldest_ms=76.86 pack_ms=9.14 solve_ms=39.43
v5_device jobs=4 rows=1209 cells=2654 direct=true graph_reused=false upload_ms=0.97 capture_ms=3.39 queue_ms=7.56 gpu_ms=0.01 unpack_ms=0.27 total_ms=12.20
v5_service device=1 lane=0 class=0 jobs=4 rows=1209 cells=2654 reach=58468 reverse=58462 table_mib=1.9 mutable_mib=32.0 max_job_mib=8.9 oldest_ms=407.36 pack_ms=1.35 solve_ms=12.26
v5_device jobs=38 rows=25015 cells=156588 direct=true graph_reused=false upload_ms=72.04 capture_ms=4.54 queue_ms=137.70 gpu_ms=0.02 unpack_ms=7.13 total_ms=221.43
v5_service device=0 lane=1 class=1 jobs=38 rows=25015 cells=156588 reach=1728533 reverse=1759663 table_mib=52.8 mutable_mib=832.0 max_job_mib=39.9 oldest_ms=81.35 pack_ms=33.33 solve_ms=221.50
v5_device jobs=5 rows=11214 cells=41336 direct=true graph_reused=false upload_ms=17.24 capture_ms=3.51 queue_ms=33.79 gpu_ms=0.02 unpack_ms=3.25 total_ms=57.82
v5_service device=1 lane=0 class=2 jobs=5 rows=11214 cells=41336 reach=725061 reverse=731343 table_mib=22.0 mutable_mib=384.0 max_job_mib=138.1 oldest_ms=77.09 pack_ms=12.77 solve_ms=57.87
v5_device jobs=25 rows=6396 cells=34141 direct=true graph_reused=false upload_ms=8.39 capture_ms=3.71 queue_ms=18.99 gpu_ms=0.01 unpack_ms=0.98 total_ms=32.08
v5_service device=0 lane=1 class=0 jobs=25 rows=6396 cells=34141 reach=270877 reverse=278466 table_mib=9.6 mutable_mib=188.0 max_job_mib=9.2 oldest_ms=342.71 pack_ms=8.74 solve_ms=32.15
v5_device jobs=4 rows=128596 cells=1188263 direct=true graph_reused=false upload_ms=89.16 capture_ms=3.20 queue_ms=231.00 gpu_ms=0.03 unpack_ms=15.52 total_ms=338.91
v5_service device=0 lane=0 class=3 jobs=4 rows=128596 cells=1188263 reach=1182017 reverse=1188263 table_mib=81.6 mutable_mib=4096.0 max_job_mib=1076.5 oldest_ms=1955.72 pack_ms=39.36 solve_ms=338.96
v5_device jobs=58 rows=41335 cells=250465 direct=true graph_reused=false upload_ms=103.54 capture_ms=4.11 queue_ms=97.35 gpu_ms=0.02 unpack_ms=9.47 total_ms=214.49
v5_service device=1 lane=1 class=1 jobs=58 rows=41335 cells=250465 reach=2342277 reverse=2396694 table_mib=75.0 mutable_mib=1376.0 max_job_mib=37.5 oldest_ms=136.95 pack_ms=53.57 solve_ms=214.56
v5_device jobs=10 rows=22230 cells=210922 direct=true graph_reused=false upload_ms=43.25 capture_ms=3.51 queue_ms=52.84 gpu_ms=0.02 unpack_ms=4.36 total_ms=103.97
v5_service device=0 lane=1 class=2 jobs=10 rows=22230 cells=210922 reach=1018920 reverse=1047541 table_mib=34.3 mutable_mib=768.0 max_job_mib=147.6 oldest_ms=388.58 pack_ms=23.81 solve_ms=104.04
v5_device jobs=1 rows=19760 cells=102112 direct=true graph_reused=false upload_ms=8.29 capture_ms=5.85 queue_ms=84.91 gpu_ms=0.02 unpack_ms=2.25 total_ms=101.31
v5_service device=1 lane=1 class=3 jobs=1 rows=19760 cells=102112 reach=102011 reverse=102112 table_mib=11.1 mutable_mib=512.0 max_job_mib=531.9 oldest_ms=422.67 pack_ms=7.30 solve_ms=101.38
v5_device jobs=34 rows=22480 cells=128370 direct=true graph_reused=false upload_ms=30.69 capture_ms=3.49 queue_ms=63.52 gpu_ms=0.01 unpack_ms=4.51 total_ms=102.22
v5_service device=0 lane=0 class=1 jobs=34 rows=22480 cells=128370 reach=1263234 reverse=1289532 table_mib=40.5 mutable_mib=688.0 max_job_mib=37.7 oldest_ms=81.05 pack_ms=31.92 solve_ms=102.28
v5_device jobs=9 rows=2648 cells=5769 direct=true graph_reused=false upload_ms=1.95 capture_ms=4.20 queue_ms=10.49 gpu_ms=0.01 unpack_ms=0.40 total_ms=17.05
v5_service device=1 lane=1 class=0 jobs=9 rows=2648 cells=5769 reach=107497 reverse=107768 table_mib=3.8 mutable_mib=72.0 max_job_mib=8.9 oldest_ms=523.90 pack_ms=2.53 solve_ms=17.11
v5_device jobs=4 rows=1166 cells=6017 direct=true graph_reused=false upload_ms=0.68 capture_ms=3.55 queue_ms=5.08 gpu_ms=0.01 unpack_ms=0.20 total_ms=9.52
v5_service device=0 lane=0 class=0 jobs=4 rows=1166 cells=6017 reach=32626 reverse=33173 table_mib=1.3 mutable_mib=32.0 max_job_mib=8.7 oldest_ms=221.37 pack_ms=5.88 solve_ms=9.58
v5_device jobs=43 rows=30445 cells=217538 direct=true graph_reused=false upload_ms=95.06 capture_ms=3.95 queue_ms=108.17 gpu_ms=0.01 unpack_ms=9.71 total_ms=216.91
v5_service device=1 lane=0 class=1 jobs=43 rows=30445 cells=217538 reach=2268787 reverse=2313149 table_mib=68.2 mutable_mib=1024.0 max_job_mib=39.9 oldest_ms=157.58 pack_ms=49.52 solve_ms=216.95
v5_device jobs=5 rows=1337 cells=5471 direct=true graph_reused=false upload_ms=0.57 capture_ms=3.87 queue_ms=4.56 gpu_ms=0.01 unpack_ms=0.15 total_ms=9.15
v5_service device=1 lane=0 class=0 jobs=5 rows=1337 cells=5471 reach=23415 reverse=23718 table_mib=1.1 mutable_mib=40.0 max_job_mib=8.4 oldest_ms=418.45 pack_ms=1.06 solve_ms=9.20
v5_device jobs=2 rows=5049 cells=18247 direct=true graph_reused=false upload_ms=4.56 capture_ms=5.38 queue_ms=13.53 gpu_ms=0.02 unpack_ms=0.81 total_ms=24.30
v5_service device=0 lane=0 class=2 jobs=2 rows=5049 cells=18247 reach=187252 reverse=190125 table_mib=6.7 mutable_mib=192.0 max_job_mib=133.5 oldest_ms=235.64 pack_ms=5.31 solve_ms=24.38
v5_device jobs=1 rows=15096 cells=140124 direct=true graph_reused=false upload_ms=4.88 capture_ms=5.77 queue_ms=20.47 gpu_ms=0.01 unpack_ms=0.99 total_ms=32.11
v5_service device=0 lane=0 class=3 jobs=1 rows=15096 cells=140124 reach=139999 reverse=140124 table_mib=9.7 mutable_mib=512.0 max_job_mib=527.1 oldest_ms=244.04 pack_ms=8.22 solve_ms=32.20
v5_device jobs=19 rows=4801 cells=35989 direct=true graph_reused=false upload_ms=5.12 capture_ms=4.14 queue_ms=20.44 gpu_ms=0.01 unpack_ms=0.97 total_ms=30.68
v5_service device=1 lane=1 class=0 jobs=19 rows=4801 cells=35989 reach=287822 reverse=298061 table_mib=9.4 mutable_mib=136.0 max_job_mib=10.3 oldest_ms=76.40 pack_ms=6.25 solve_ms=30.74
v5_device jobs=26 rows=17861 cells=124555 direct=true graph_reused=false upload_ms=44.62 capture_ms=3.57 queue_ms=52.25 gpu_ms=0.02 unpack_ms=3.79 total_ms=104.25
v5_service device=0 lane=1 class=1 jobs=26 rows=17861 cells=124555 reach=1109584 reverse=1134569 table_mib=34.9 mutable_mib=608.0 max_job_mib=36.5 oldest_ms=84.87 pack_ms=23.10 solve_ms=104.31
v5_device jobs=3 rows=4703 cells=27677 direct=true graph_reused=false upload_ms=5.86 capture_ms=3.64 queue_ms=18.12 gpu_ms=0.01 unpack_ms=0.76 total_ms=28.39
v5_service device=0 lane=1 class=2 jobs=3 rows=4703 cells=27677 reach=261403 reverse=267615 table_mib=8.4 mutable_mib=192.0 max_job_mib=70.4 oldest_ms=214.19 pack_ms=5.09 solve_ms=28.46
v5_device jobs=2 rows=653 cells=3090 direct=true graph_reused=false upload_ms=0.54 capture_ms=4.04 queue_ms=5.03 gpu_ms=0.01 unpack_ms=0.13 total_ms=9.75
v5_service device=0 lane=1 class=0 jobs=2 rows=653 cells=3090 reach=32582 reverse=33124 table_mib=1.1 mutable_mib=16.0 max_job_mib=9.0 oldest_ms=231.75 pack_ms=0.74 solve_ms=9.80
v5_device jobs=24 rows=17226 cells=84348 direct=true graph_reused=false upload_ms=46.87 capture_ms=3.63 queue_ms=54.21 gpu_ms=0.02 unpack_ms=4.08 total_ms=108.81
v5_service device=1 lane=0 class=1 jobs=24 rows=17226 cells=84348 reach=1096603 reverse=1109960 table_mib=33.8 mutable_mib=544.0 max_job_mib=37.8 oldest_ms=85.21 pack_ms=21.09 solve_ms=108.87
v5_device jobs=2 rows=6893 cells=93842 direct=true graph_reused=false upload_ms=2.23 capture_ms=3.66 queue_ms=10.25 gpu_ms=0.02 unpack_ms=0.52 total_ms=16.68
v5_service device=1 lane=0 class=2 jobs=2 rows=6893 cells=93842 reach=80246 reverse=93842 table_mib=5.0 mutable_mib=192.0 max_job_mib=131.3 oldest_ms=215.02 pack_ms=2.67 solve_ms=16.74
v5_device jobs=2 rows=574 cells=1157 direct=true graph_reused=false upload_ms=0.29 capture_ms=3.23 queue_ms=2.59 gpu_ms=0.00 unpack_ms=0.05 total_ms=6.16
v5_service device=1 lane=0 class=0 jobs=2 rows=574 cells=1157 reach=12985 reverse=12984 table_mib=0.6 mutable_mib=16.0 max_job_mib=8.5 oldest_ms=221.82 pack_ms=0.47 solve_ms=6.20
v5_device jobs=34 rows=23736 cells=135222 direct=true graph_reused=false upload_ms=69.55 capture_ms=4.08 queue_ms=70.94 gpu_ms=0.02 unpack_ms=5.32 total_ms=149.91
v5_service device=0 lane=0 class=1 jobs=34 rows=23736 cells=135222 reach=1497717 reverse=1533639 table_mib=46.9 mutable_mib=752.0 max_job_mib=38.2 oldest_ms=81.67 pack_ms=36.16 solve_ms=149.98
v5_device jobs=1 rows=3812 cells=10073 direct=true graph_reused=false upload_ms=2.22 capture_ms=5.34 queue_ms=24.06 gpu_ms=0.01 unpack_ms=0.22 total_ms=31.86
v5_service device=0 lane=0 class=2 jobs=1 rows=3812 cells=10073 reach=102587 reverse=102577 table_mib=4.0 mutable_mib=128.0 max_job_mib=133.3 oldest_ms=265.52 pack_ms=3.15 solve_ms=31.93
v5_device jobs=30 rows=19472 cells=113821 direct=true graph_reused=false upload_ms=38.99 capture_ms=3.64 queue_ms=54.83 gpu_ms=0.01 unpack_ms=3.22 total_ms=100.70
v5_service device=0 lane=1 class=1 jobs=30 rows=19472 cells=113821 reach=893947 reverse=922646 table_mib=30.5 mutable_mib=624.0 max_job_mib=36.0 oldest_ms=83.36 pack_ms=19.16 solve_ms=100.76
v5_device jobs=1 rows=342 cells=870 direct=true graph_reused=false upload_ms=0.45 capture_ms=4.75 queue_ms=2.87 gpu_ms=0.01 unpack_ms=0.08 total_ms=8.15
v5_service device=0 lane=0 class=0 jobs=1 rows=342 cells=870 reach=18206 reverse=18259 table_mib=0.6 mutable_mib=8.0 max_job_mib=8.8 oldest_ms=289.70 pack_ms=0.61 solve_ms=8.20
v5_device jobs=5 rows=10162 cells=31941 direct=true graph_reused=false upload_ms=10.51 capture_ms=3.49 queue_ms=33.28 gpu_ms=0.01 unpack_ms=1.64 total_ms=48.92
v5_service device=0 lane=1 class=2 jobs=5 rows=10162 cells=31941 reach=523180 reverse=529950 table_mib=16.7 mutable_mib=320.0 max_job_mib=74.9 oldest_ms=216.19 pack_ms=9.33 solve_ms=48.98
v5_device jobs=2 rows=638 cells=1499 direct=true graph_reused=false upload_ms=0.65 capture_ms=3.91 queue_ms=6.25 gpu_ms=0.01 unpack_ms=0.15 total_ms=10.97
v5_service device=0 lane=1 class=0 jobs=2 rows=638 cells=1499 reach=43230 reverse=43235 table_mib=1.3 mutable_mib=16.0 max_job_mib=9.3 oldest_ms=269.11 pack_ms=0.85 solve_ms=11.02
v5_device jobs=1 rows=28269 cells=234029 direct=true graph_reused=false upload_ms=7.49 capture_ms=3.48 queue_ms=34.10 gpu_ms=0.01 unpack_ms=1.26 total_ms=46.35
v5_service device=0 lane=1 class=3 jobs=1 rows=28269 cells=234029 reach=233909 reverse=234029 table_mib=16.8 mutable_mib=1024.0 max_job_mib=1049.5 oldest_ms=239.19 pack_ms=8.40 solve_ms=46.40
v5_device jobs=21 rows=13096 cells=74574 direct=true graph_reused=false upload_ms=27.20 capture_ms=4.70 queue_ms=175.56 gpu_ms=0.02 unpack_ms=3.60 total_ms=211.08
v5_service device=1 lane=0 class=1 jobs=21 rows=13096 cells=74574 reach=1013212 reverse=1035761 table_mib=30.3 mutable_mib=432.0 max_job_mib=37.8 oldest_ms=84.29 pack_ms=21.35 solve_ms=211.15
v5_device jobs=34 rows=22345 cells=120355 direct=true graph_reused=false upload_ms=30.39 capture_ms=4.10 queue_ms=59.34 gpu_ms=0.02 unpack_ms=5.08 total_ms=98.94
v5_service device=0 lane=0 class=1 jobs=34 rows=22345 cells=120355 reach=1122033 reverse=1146498 table_mib=36.9 mutable_mib=688.0 max_job_mib=37.4 oldest_ms=81.56 pack_ms=26.49 solve_ms=99.00
v5_device jobs=87 rows=61334 cells=365479 direct=true graph_reused=false upload_ms=166.42 capture_ms=4.44 queue_ms=225.81 gpu_ms=0.03 unpack_ms=19.10 total_ms=415.80
v5_service device=1 lane=1 class=1 jobs=87 rows=61334 cells=365479 reach=3823929 reverse=3904748 table_mib=119.6 mutable_mib=2032.0 max_job_mib=40.6 oldest_ms=130.27 pack_ms=98.06 solve_ms=415.86
v5_device jobs=1 rows=48134 cells=238297 direct=true graph_reused=false upload_ms=17.32 capture_ms=4.20 queue_ms=93.92 gpu_ms=0.01 unpack_ms=1.58 total_ms=117.03
v5_service device=0 lane=0 class=3 jobs=1 rows=48134 cells=238297 reach=238319 reverse=238297 table_mib=22.9 mutable_mib=1024.0 max_job_mib=1054.8 oldest_ms=207.82 pack_ms=17.75 solve_ms=117.10
v5_device jobs=25 rows=18406 cells=86740 direct=true graph_reused=false upload_ms=52.49 capture_ms=5.05 queue_ms=63.01 gpu_ms=0.01 unpack_ms=4.32 total_ms=124.88
v5_service device=0 lane=1 class=1 jobs=25 rows=18406 cells=86740 reach=1203329 reverse=1227259 table_mib=37.1 mutable_mib=624.0 max_job_mib=37.3 oldest_ms=80.07 pack_ms=24.63 solve_ms=124.93
v5_device jobs=4 rows=1257 cells=4994 direct=true graph_reused=false upload_ms=0.65 capture_ms=4.70 queue_ms=6.04 gpu_ms=0.01 unpack_ms=0.17 total_ms=11.57
v5_service device=0 lane=1 class=0 jobs=4 rows=1257 cells=4994 reach=31479 reverse=31595 table_mib=1.3 mutable_mib=32.0 max_job_mib=8.9 oldest_ms=274.52 pack_ms=0.92 solve_ms=11.62
v5_device jobs=2 rows=54085 cells=215564 direct=true graph_reused=false upload_ms=75.49 capture_ms=3.77 queue_ms=94.90 gpu_ms=0.02 unpack_ms=13.63 total_ms=187.80
v5_service device=1 lane=0 class=3 jobs=2 rows=54085 cells=215564 reach=1236983 reverse=1237179 table_mib=52.8 mutable_mib=1536.0 max_job_mib=1059.3 oldest_ms=320.48 pack_ms=41.70 solve_ms=187.86
v5_device jobs=2 rows=2871 cells=19049 direct=true graph_reused=false upload_ms=15.27 capture_ms=3.94 queue_ms=39.87 gpu_ms=0.02 unpack_ms=2.60 total_ms=61.70
v5_service device=0 lane=0 class=2 jobs=2 rows=2871 cells=19049 reach=632099 reverse=634640 table_mib=16.2 mutable_mib=128.0 max_job_mib=77.4 oldest_ms=326.96 pack_ms=10.73 solve_ms=61.76
v5_device jobs=1 rows=2212 cells=17640 direct=true graph_reused=false upload_ms=1.80 capture_ms=4.87 queue_ms=8.36 gpu_ms=0.01 unpack_ms=0.18 total_ms=15.22
v5_service device=0 lane=1 class=2 jobs=1 rows=2212 cells=17640 reach=99907 reverse=104642 table_mib=3.5 mutable_mib=64.0 max_job_mib=68.7 oldest_ms=267.52 pack_ms=2.44 solve_ms=15.28
v5_device jobs=2 rows=570 cells=2231 direct=true graph_reused=false upload_ms=0.53 capture_ms=5.19 queue_ms=4.15 gpu_ms=0.01 unpack_ms=0.11 total_ms=9.99
v5_service device=0 lane=0 class=0 jobs=2 rows=570 cells=2231 reach=26226 reverse=26559 table_mib=0.9 mutable_mib=16.0 max_job_mib=8.6 oldest_ms=392.24 pack_ms=0.78 solve_ms=10.04
v5_device jobs=5 rows=1548 cells=6910 direct=true graph_reused=false upload_ms=10.76 capture_ms=3.90 queue_ms=29.39 gpu_ms=0.01 unpack_ms=0.62 total_ms=44.68
v5_service device=1 lane=0 class=0 jobs=5 rows=1548 cells=6910 reach=78543 reverse=79784 table_mib=2.6 mutable_mib=40.0 max_job_mib=9.3 oldest_ms=546.68 pack_ms=4.61 solve_ms=44.74
v5_device jobs=17 rows=4932 cells=23172 direct=true graph_reused=false upload_ms=5.82 capture_ms=4.03 queue_ms=27.00 gpu_ms=0.01 unpack_ms=1.14 total_ms=38.00
v5_service device=0 lane=0 class=0 jobs=17 rows=4932 cells=23172 reach=290521 reverse=296634 table_mib=9.4 mutable_mib=132.0 max_job_mib=9.8 oldest_ms=76.22 pack_ms=6.47 solve_ms=38.07
v5_device jobs=17 rows=47562 cells=133157 direct=true graph_reused=false upload_ms=120.33 capture_ms=5.16 queue_ms=169.82 gpu_ms=0.02 unpack_ms=18.42 total_ms=313.75
v5_service device=1 lane=1 class=2 jobs=17 rows=47562 cells=133157 reach=3057716 reverse=3067374 table_mib=92.2 mutable_mib=1536.0 max_job_mib=304.4 oldest_ms=660.56 pack_ms=62.15 solve_ms=313.83
v5_device jobs=7 rows=25994 cells=146422 direct=true graph_reused=false upload_ms=64.16 capture_ms=3.44 queue_ms=67.85 gpu_ms=0.02 unpack_ms=6.38 total_ms=141.85
v5_service device=1 lane=0 class=2 jobs=7 rows=25994 cells=146422 reach=1548485 reverse=1581565 table_mib=48.5 mutable_mib=832.0 max_job_mib=265.4 oldest_ms=600.38 pack_ms=32.56 solve_ms=141.91
v5_device jobs=29 rows=22386 cells=154856 direct=true graph_reused=false upload_ms=47.85 capture_ms=3.32 queue_ms=64.11 gpu_ms=0.03 unpack_ms=5.27 total_ms=120.58
v5_service device=0 lane=1 class=1 jobs=29 rows=22386 cells=154856 reach=1142874 reverse=1171465 table_mib=37.8 mutable_mib=720.0 max_job_mib=36.2 oldest_ms=79.45 pack_ms=21.69 solve_ms=120.63
v5_device jobs=5 rows=1599 cells=8508 direct=true graph_reused=false upload_ms=1.40 capture_ms=4.28 queue_ms=8.98 gpu_ms=0.01 unpack_ms=0.33 total_ms=15.00
v5_service device=0 lane=1 class=0 jobs=5 rows=1599 cells=8508 reach=77656 reverse=80506 table_mib=2.6 mutable_mib=40.0 max_job_mib=8.9 oldest_ms=226.15 pack_ms=1.79 solve_ms=15.05
v5_device jobs=4 rows=8049 cells=55407 direct=true graph_reused=false upload_ms=15.49 capture_ms=3.52 queue_ms=30.46 gpu_ms=0.01 unpack_ms=1.93 total_ms=51.42
v5_service device=0 lane=1 class=2 jobs=4 rows=8049 cells=55407 reach=581085 reverse=597762 table_mib=17.6 mutable_mib=320.0 max_job_mib=131.4 oldest_ms=236.20 pack_ms=11.46 solve_ms=51.48
v5_device jobs=2 rows=60658 cells=267433 direct=true graph_reused=false upload_ms=57.39 capture_ms=4.21 queue_ms=73.19 gpu_ms=0.02 unpack_ms=5.01 total_ms=139.82
v5_service device=1 lane=1 class=3 jobs=2 rows=60658 cells=267433 reach=932849 reverse=941917 table_mib=44.8 mutable_mib=2560.0 max_job_mib=2079.5 oldest_ms=997.10 pack_ms=29.58 solve_ms=139.88
v5_device jobs=37 rows=21901 cells=94431 direct=true graph_reused=false upload_ms=48.93 capture_ms=3.48 queue_ms=57.40 gpu_ms=0.02 unpack_ms=5.28 total_ms=115.10
v5_service device=1 lane=0 class=1 jobs=37 rows=21901 cells=94431 reach=1153517 reverse=1172981 table_mib=37.5 mutable_mib=736.0 max_job_mib=35.3 oldest_ms=81.53 pack_ms=27.27 solve_ms=115.16
v5_device jobs=4 rows=1295 cells=7424 direct=true graph_reused=false upload_ms=0.89 capture_ms=3.52 queue_ms=4.45 gpu_ms=0.01 unpack_ms=0.23 total_ms=9.10
v5_service device=1 lane=0 class=0 jobs=4 rows=1295 cells=7424 reach=45799 reverse=47271 table_mib=1.7 mutable_mib=32.0 max_job_mib=8.8 oldest_ms=249.27 pack_ms=1.59 solve_ms=9.16
v5_device jobs=1 rows=1494 cells=22239 direct=true graph_reused=false upload_ms=2.35 capture_ms=4.21 queue_ms=12.86 gpu_ms=0.02 unpack_ms=0.25 total_ms=19.67
v5_service device=1 lane=0 class=2 jobs=1 rows=1494 cells=22239 reach=176950 reverse=180731 table_mib=5.0 mutable_mib=64.0 max_job_mib=71.2 oldest_ms=254.53 pack_ms=3.12 solve_ms=19.73
v5_device jobs=25 rows=15087 cells=79300 direct=true graph_reused=false upload_ms=38.08 capture_ms=5.93 queue_ms=47.83 gpu_ms=0.02 unpack_ms=3.51 total_ms=95.37
v5_service device=1 lane=1 class=1 jobs=25 rows=15087 cells=79300 reach=1046332 reverse=1062751 table_mib=31.9 mutable_mib=496.0 max_job_mib=36.4 oldest_ms=83.11 pack_ms=21.45 solve_ms=95.43
v5_device jobs=26 rows=22098 cells=119563 direct=true graph_reused=false upload_ms=53.54 capture_ms=4.96 queue_ms=157.93 gpu_ms=0.01 unpack_ms=4.82 total_ms=221.27
v5_service device=0 lane=1 class=1 jobs=26 rows=22098 cells=119563 reach=1350204 reverse=1378193 table_mib=42.3 mutable_mib=704.0 max_job_mib=38.9 oldest_ms=81.71 pack_ms=23.57 solve_ms=221.33
v5_device jobs=3 rows=774 cells=3673 direct=true graph_reused=false upload_ms=0.54 capture_ms=4.75 queue_ms=4.96 gpu_ms=0.01 unpack_ms=16.12 total_ms=26.37
v5_service device=1 lane=1 class=0 jobs=3 rows=774 cells=3673 reach=25151 reverse=25722 table_mib=1.0 mutable_mib=24.0 max_job_mib=8.8 oldest_ms=232.73 pack_ms=2.56 solve_ms=26.42
v5_device jobs=8 rows=15894 cells=45253 direct=true graph_reused=false upload_ms=16.18 capture_ms=4.68 queue_ms=38.50 gpu_ms=0.01 unpack_ms=1.67 total_ms=61.04
v5_service device=1 lane=1 class=2 jobs=8 rows=15894 cells=45253 reach=593097 reverse=597042 table_mib=20.9 mutable_mib=576.0 max_job_mib=133.9 oldest_ms=264.86 pack_ms=15.21 solve_ms=61.10
v5_device jobs=8 rows=14590 cells=79879 direct=true graph_reused=false upload_ms=42.96 capture_ms=3.66 queue_ms=72.47 gpu_ms=0.01 unpack_ms=3.97 total_ms=123.06
v5_service device=1 lane=0 class=2 jobs=8 rows=14590 cells=79879 reach=1147763 reverse=1157596 table_mib=33.7 mutable_mib=512.0 max_job_mib=75.1 oldest_ms=77.82 pack_ms=20.00 solve_ms=123.13
v5_device jobs=7 rows=17751 cells=131674 direct=true graph_reused=false upload_ms=37.43 capture_ms=3.29 queue_ms=45.59 gpu_ms=0.02 unpack_ms=3.92 total_ms=90.26
v5_service device=0 lane=1 class=2 jobs=7 rows=17751 cells=131674 reach=868244 reverse=896144 table_mib=28.9 mutable_mib=576.0 max_job_mib=139.8 oldest_ms=333.93 pack_ms=20.93 solve_ms=90.33
v5_device jobs=109 rows=68460 cells=337573 direct=true graph_reused=false upload_ms=188.77 capture_ms=4.18 queue_ms=271.63 gpu_ms=0.03 unpack_ms=22.74 total_ms=487.35
v5_service device=0 lane=0 class=1 jobs=109 rows=68460 cells=337573 reach=4311525 reverse=4382014 table_mib=134.2 mutable_mib=2224.0 max_job_mib=36.3 oldest_ms=162.70 pack_ms=105.52 solve_ms=487.40
v5_device jobs=1 rows=20463 cells=25119 direct=true graph_reused=false upload_ms=28.53 capture_ms=6.21 queue_ms=30.29 gpu_ms=0.02 unpack_ms=2.35 total_ms=67.40
v5_service device=1 lane=1 class=3 jobs=1 rows=20463 cells=25119 reach=544913 reverse=544904 table_mib=21.5 mutable_mib=512.0 max_job_mib=540.5 oldest_ms=321.32 pack_ms=17.46 solve_ms=67.48
v5_device jobs=1 rows=28919 cells=103347 direct=true graph_reused=false upload_ms=9.17 capture_ms=3.61 queue_ms=29.19 gpu_ms=0.01 unpack_ms=1.31 total_ms=43.29
v5_service device=0 lane=1 class=3 jobs=1 rows=28919 cells=103347 reach=103367 reverse=103347 table_mib=12.6 mutable_mib=1024.0 max_job_mib=1041.3 oldest_ms=406.12 pack_ms=8.38 solve_ms=43.34
v5_device jobs=3 rows=741 cells=5284 direct=true graph_reused=false upload_ms=0.72 capture_ms=4.24 queue_ms=7.37 gpu_ms=0.01 unpack_ms=0.17 total_ms=12.52
v5_service device=0 lane=1 class=0 jobs=3 rows=741 cells=5284 reach=39750 reverse=42236 table_mib=1.4 mutable_mib=24.0 max_job_mib=9.2 oldest_ms=446.17 pack_ms=0.99 solve_ms=12.59
v5_device jobs=24 rows=7066 cells=30825 direct=true graph_reused=false upload_ms=7.06 capture_ms=3.62 queue_ms=27.98 gpu_ms=0.01 unpack_ms=1.02 total_ms=39.69
v5_service device=1 lane=1 class=0 jobs=24 rows=7066 cells=30825 reach=317758 reverse=324803 table_mib=11.0 mutable_mib=192.0 max_job_mib=9.8 oldest_ms=76.08 pack_ms=6.52 solve_ms=39.75
v5_device jobs=5 rows=13133 cells=21463 direct=true graph_reused=false upload_ms=35.96 capture_ms=3.62 queue_ms=122.36 gpu_ms=0.01 unpack_ms=2.82 total_ms=164.77
v5_service device=0 lane=1 class=2 jobs=5 rows=13133 cells=21463 reach=790207 reverse=790320 table_mib=24.2 mutable_mib=448.0 max_job_mib=144.0 oldest_ms=78.68 pack_ms=15.34 solve_ms=164.82
v5_device jobs=60 rows=41640 cells=283938 direct=true graph_reused=false upload_ms=122.59 capture_ms=3.38 queue_ms=154.51 gpu_ms=0.02 unpack_ms=13.77 total_ms=294.27
v5_service device=1 lane=0 class=1 jobs=60 rows=41640 cells=283938 reach=2885681 reverse=2944755 table_mib=88.3 mutable_mib=1376.0 max_job_mib=38.3 oldest_ms=234.83 pack_ms=71.61 solve_ms=294.33
v5_device jobs=19 rows=46524 cells=231196 direct=true graph_reused=false upload_ms=106.45 capture_ms=4.56 queue_ms=116.80 gpu_ms=0.02 unpack_ms=10.42 total_ms=238.26
v5_service device=0 lane=0 class=2 jobs=19 rows=46524 cells=231196 reach=2499798 reverse=2542153 table_mib=80.0 mutable_mib=1600.0 max_job_mib=140.3 oldest_ms=809.31 pack_ms=56.25 solve_ms=238.31
v5_device jobs=15 rows=4362 cells=15918 direct=true graph_reused=false upload_ms=7.81 capture_ms=4.76 queue_ms=26.56 gpu_ms=0.02 unpack_ms=0.93 total_ms=40.08
v5_service device=1 lane=0 class=0 jobs=15 rows=4362 cells=15918 reach=249273 reverse=251710 table_mib=8.0 mutable_mib=120.0 max_job_mib=10.5 oldest_ms=608.23 pack_ms=6.98 solve_ms=40.14
v5_device jobs=24 rows=18144 cells=96761 direct=true graph_reused=false upload_ms=58.14 capture_ms=3.94 queue_ms=72.70 gpu_ms=0.02 unpack_ms=4.31 total_ms=139.10
v5_service device=0 lane=1 class=1 jobs=24 rows=18144 cells=96761 reach=1078640 reverse=1100251 table_mib=34.1 mutable_mib=592.0 max_job_mib=37.5 oldest_ms=265.81 pack_ms=26.79 solve_ms=139.18
v5_device jobs=1 rows=31121 cells=1090700 direct=true graph_reused=false upload_ms=24.58 capture_ms=4.78 queue_ms=86.76 gpu_ms=0.01 unpack_ms=5.46 total_ms=121.60
v5_service device=0 lane=0 class=3 jobs=1 rows=31121 cells=1090700 reach=896287 reverse=1090700 table_mib=41.6 mutable_mib=1024.0 max_job_mib=1083.5 oldest_ms=1098.21 pack_ms=29.24 solve_ms=121.65
v5_device jobs=2 rows=54670 cells=199843 direct=true graph_reused=false upload_ms=54.03 capture_ms=3.23 queue_ms=67.88 gpu_ms=0.01 unpack_ms=3.88 total_ms=129.03
v5_service device=1 lane=0 class=3 jobs=2 rows=54670 cells=199843 reach=1004911 reverse=1005680 table_mib=43.8 mutable_mib=1536.0 max_job_mib=1047.7 oldest_ms=654.28 pack_ms=30.04 solve_ms=129.09
v5_device jobs=1 rows=19320 cells=49419 direct=true graph_reused=false upload_ms=62.54 capture_ms=3.56 queue_ms=62.03 gpu_ms=0.02 unpack_ms=5.59 total_ms=133.74
v5_service device=0 lane=1 class=3 jobs=1 rows=19320 cells=49419 reach=1570776 reverse=1570837 table_mib=45.1 mutable_mib=512.0 max_job_mib=577.6 oldest_ms=405.30 pack_ms=26.02 solve_ms=133.80
v5_device jobs=1 rows=342 cells=1969 direct=true graph_reused=false upload_ms=0.26 capture_ms=3.68 queue_ms=2.23 gpu_ms=0.00 unpack_ms=0.02 total_ms=6.20
v5_service device=0 lane=1 class=0 jobs=1 rows=342 cells=1969 reach=5994 reverse=8205 table_mib=0.3 mutable_mib=8.0 max_job_mib=8.4 oldest_ms=553.98 pack_ms=0.32 solve_ms=6.25
v5_device jobs=6 rows=13200 cells=57454 direct=true graph_reused=false upload_ms=9.81 capture_ms=3.58 queue_ms=40.64 gpu_ms=0.01 unpack_ms=1.53 total_ms=55.57
v5_service device=0 lane=1 class=2 jobs=6 rows=13200 cells=57454 reach=466925 reverse=473116 table_mib=16.5 mutable_mib=448.0 max_job_mib=131.5 oldest_ms=77.54 pack_ms=9.30 solve_ms=55.64
v5_device jobs=40 rows=30236 cells=177641 direct=true graph_reused=false upload_ms=79.72 capture_ms=4.35 queue_ms=107.15 gpu_ms=0.02 unpack_ms=7.80 total_ms=199.04
v5_service device=0 lane=0 class=1 jobs=40 rows=30236 cells=177641 reach=1868929 reverse=1915917 table_mib=58.9 mutable_mib=960.0 max_job_mib=38.6 oldest_ms=84.00 pack_ms=40.64 solve_ms=199.11
v5_device jobs=1 rows=187 cells=340 direct=true graph_reused=false upload_ms=0.19 capture_ms=4.97 queue_ms=0.50 gpu_ms=0.01 unpack_ms=0.03 total_ms=5.69
v5_service device=0 lane=0 class=0 jobs=1 rows=187 cells=340 reach=1550 reverse=1676 table_mib=0.1 mutable_mib=4.0 max_job_mib=4.1 oldest_ms=354.51 pack_ms=0.36 solve_ms=5.75
v5_device jobs=3 rows=5020 cells=17517 direct=true graph_reused=false upload_ms=7.47 capture_ms=4.43 queue_ms=19.11 gpu_ms=0.02 unpack_ms=0.91 total_ms=31.94
v5_service device=0 lane=0 class=2 jobs=3 rows=5020 cells=17517 reach=283929 reverse=286142 table_mib=8.9 mutable_mib=192.0 max_job_mib=68.5 oldest_ms=352.13 pack_ms=6.43 solve_ms=32.00
v5_device jobs=1 rows=21037 cells=26576 direct=true graph_reused=false upload_ms=50.04 capture_ms=4.19 queue_ms=270.05 gpu_ms=0.01 unpack_ms=1.98 total_ms=326.28
v5_service device=1 lane=0 class=3 jobs=1 rows=21037 cells=26576 reach=828600 reverse=828591 table_mib=28.2 mutable_mib=512.0 max_job_mib=551.0 oldest_ms=796.57 pack_ms=16.42 solve_ms=326.34
v5_device jobs=129 rows=85861 cells=459237 direct=true graph_reused=false upload_ms=240.36 capture_ms=3.64 queue_ms=340.42 gpu_ms=0.02 unpack_ms=39.22 total_ms=623.65
v5_service device=1 lane=1 class=1 jobs=129 rows=85861 cells=459237 reach=5936218 reverse=6042873 table_mib=181.1 mutable_mib=2848.0 max_job_mib=38.6 oldest_ms=154.18 pack_ms=188.35 solve_ms=623.71
v5_device jobs=34 rows=23604 cells=121386 direct=true graph_reused=false upload_ms=68.25 capture_ms=4.75 queue_ms=71.22 gpu_ms=0.02 unpack_ms=5.13 total_ms=149.35
v5_service device=0 lane=0 class=1 jobs=34 rows=23604 cells=121386 reach=1467034 reverse=1493097 table_mib=46.0 mutable_mib=800.0 max_job_mib=36.7 oldest_ms=80.69 pack_ms=31.16 solve_ms=149.41
v5_device jobs=33 rows=24606 cells=123889 direct=true graph_reused=false upload_ms=72.57 capture_ms=3.60 queue_ms=79.15 gpu_ms=0.02 unpack_ms=6.68 total_ms=162.01
v5_service device=1 lane=0 class=1 jobs=33 rows=24606 cells=123889 reach=1527843 reverse=1562251 table_mib=47.7 mutable_mib=768.0 max_job_mib=38.2 oldest_ms=80.06 pack_ms=30.83 solve_ms=162.06
v5_device jobs=11 rows=24068 cells=123090 direct=true graph_reused=false upload_ms=44.28 capture_ms=4.63 queue_ms=67.91 gpu_ms=0.03 unpack_ms=4.33 total_ms=121.18
v5_service device=1 lane=1 class=2 jobs=11 rows=24068 cells=123090 reach=964488 reverse=988413 table_mib=33.9 mutable_mib=768.0 max_job_mib=132.3 oldest_ms=1002.51 pack_ms=23.96 solve_ms=121.23
v5_device jobs=2 rows=3274 cells=5499 direct=true graph_reused=false upload_ms=1.50 capture_ms=4.52 queue_ms=7.54 gpu_ms=0.02 unpack_ms=0.29 total_ms=13.86
v5_service device=1 lane=0 class=2 jobs=2 rows=3274 cells=5499 reach=67578 reverse=67582 table_mib=3.0 mutable_mib=128.0 max_job_mib=66.6 oldest_ms=269.91 pack_ms=2.12 solve_ms=13.92
v5_device jobs=6 rows=1800 cells=6981 direct=true graph_reused=false upload_ms=1.76 capture_ms=4.49 queue_ms=11.02 gpu_ms=0.01 unpack_ms=0.38 total_ms=17.66
v5_service device=1 lane=0 class=0 jobs=6 rows=1800 cells=6981 reach=103181 reverse=104192 table_mib=3.3 mutable_mib=48.0 max_job_mib=9.6 oldest_ms=281.50 pack_ms=2.83 solve_ms=17.73
v5_device jobs=4 rows=9903 cells=50726 direct=true graph_reused=false upload_ms=14.30 capture_ms=4.54 queue_ms=27.68 gpu_ms=0.02 unpack_ms=1.76 total_ms=48.30
v5_service device=0 lane=0 class=2 jobs=4 rows=9903 cells=50726 reach=470259 reverse=493706 table_mib=15.9 mutable_mib=320.0 max_job_mib=141.6 oldest_ms=263.55 pack_ms=11.68 solve_ms=48.36
v5_device jobs=58 rows=42604 cells=256438 direct=true graph_reused=false upload_ms=114.16 capture_ms=3.60 queue_ms=225.50 gpu_ms=0.02 unpack_ms=14.88 total_ms=358.16
v5_service device=0 lane=1 class=1 jobs=58 rows=42604 cells=256438 reach=2793788 reverse=2843740 table_mib=86.5 mutable_mib=1392.0 max_job_mib=38.7 oldest_ms=151.70 pack_ms=66.08 solve_ms=358.22
v5_device jobs=2 rows=659 cells=4547 direct=true graph_reused=false upload_ms=0.80 capture_ms=5.65 queue_ms=4.50 gpu_ms=0.01 unpack_ms=0.20 total_ms=11.16
v5_service device=0 lane=0 class=0 jobs=2 rows=659 cells=4547 reach=46282 reverse=47515 table_mib=1.4 mutable_mib=16.0 max_job_mib=9.2 oldest_ms=288.69 pack_ms=1.14 solve_ms=11.20
v5_device jobs=1 rows=336 cells=692 direct=true graph_reused=false upload_ms=0.23 capture_ms=4.16 queue_ms=2.91 gpu_ms=0.01 unpack_ms=0.05 total_ms=7.35
v5_service device=0 lane=1 class=0 jobs=1 rows=336 cells=692 reach=7187 reverse=7194 table_mib=0.3 mutable_mib=8.0 max_job_mib=8.4 oldest_ms=571.01 pack_ms=0.40 solve_ms=7.40
v5_device jobs=13 rows=3735 cells=16431 direct=true graph_reused=false upload_ms=3.51 capture_ms=3.92 queue_ms=27.10 gpu_ms=0.01 unpack_ms=0.74 total_ms=35.28
v5_service device=0 lane=0 class=0 jobs=13 rows=3735 cells=16431 reach=231733 reverse=235409 table_mib=7.3 mutable_mib=104.0 max_job_mib=10.4 oldest_ms=76.01 pack_ms=4.10 solve_ms=35.37
v5_device jobs=13 rows=3783 cells=27835 direct=true graph_reused=false upload_ms=2.72 capture_ms=3.30 queue_ms=21.19 gpu_ms=0.01 unpack_ms=0.64 total_ms=27.86
v5_service device=0 lane=1 class=0 jobs=13 rows=3783 cells=27835 reach=170327 reverse=178761 table_mib=6.0 mutable_mib=100.0 max_job_mib=9.3 oldest_ms=76.04 pack_ms=3.54 solve_ms=27.93
v5_device jobs=2 rows=55015 cells=142766 direct=true graph_reused=false upload_ms=82.50 capture_ms=3.42 queue_ms=86.04 gpu_ms=0.02 unpack_ms=4.22 total_ms=176.19
v5_service device=1 lane=1 class=3 jobs=2 rows=55015 cells=142766 reach=1173312 reverse=1280752 table_mib=53.6 mutable_mib=2048.0 max_job_mib=1061.4 oldest_ms=1148.57 pack_ms=34.89 solve_ms=176.27
v5_device jobs=1 rows=19638 cells=25344 direct=true graph_reused=false upload_ms=14.66 capture_ms=4.60 queue_ms=65.67 gpu_ms=0.01 unpack_ms=0.59 total_ms=85.54
v5_service device=1 lane=1 class=3 jobs=1 rows=19638 cells=25344 reach=383351 reverse=383378 table_mib=17.9 mutable_mib=512.0 max_job_mib=534.7 oldest_ms=1326.99 pack_ms=11.95 solve_ms=85.60
v5_device jobs=1 rows=45322 cells=228641 direct=true graph_reused=false upload_ms=98.53 capture_ms=4.83 queue_ms=164.89 gpu_ms=0.02 unpack_ms=8.93 total_ms=277.20
v5_service device=1 lane=0 class=3 jobs=1 rows=45322 cells=228641 reach=2482133 reverse=2483656 table_mib=78.1 mutable_mib=1024.0 max_job_mib=1133.1 oldest_ms=278.29 pack_ms=43.80 solve_ms=277.26
v5_device jobs=24 rows=12694 cells=139399 direct=true graph_reused=false upload_ms=43.36 capture_ms=4.01 queue_ms=51.78 gpu_ms=0.01 unpack_ms=3.95 total_ms=103.12
v5_service device=1 lane=1 class=1 jobs=24 rows=12694 cells=139399 reach=1088548 reverse=1124562 table_mib=32.7 mutable_mib=432.0 max_job_mib=37.0 oldest_ms=86.43 pack_ms=20.57 solve_ms=103.18
v5_device jobs=3 rows=9807 cells=59150 direct=true graph_reused=false upload_ms=7.81 capture_ms=5.32 queue_ms=62.68 gpu_ms=0.01 unpack_ms=0.95 total_ms=76.76
v5_service device=1 lane=1 class=2 jobs=3 rows=9807 cells=59150 reach=323187 reverse=333965 table_mib=12.2 mutable_mib=256.0 max_job_mib=137.3 oldest_ms=212.96 pack_ms=7.76 solve_ms=76.82
v5_device jobs=2 rows=533 cells=5653 direct=true graph_reused=false upload_ms=0.60 capture_ms=3.74 queue_ms=5.27 gpu_ms=0.01 unpack_ms=0.19 total_ms=9.80
v5_service device=1 lane=1 class=0 jobs=2 rows=533 cells=5653 reach=35459 reverse=36093 table_mib=1.1 mutable_mib=16.0 max_job_mib=9.3 oldest_ms=280.48 pack_ms=0.86 solve_ms=9.86
v5_device jobs=35 rows=24067 cells=163088 direct=true graph_reused=false upload_ms=69.56 capture_ms=3.58 queue_ms=86.00 gpu_ms=15.63 unpack_ms=7.48 total_ms=182.25
v5_service device=1 lane=0 class=1 jobs=35 rows=24067 cells=163088 reach=1808399 reverse=1852623 table_mib=54.7 mutable_mib=848.0 max_job_mib=38.7 oldest_ms=82.39 pack_ms=33.66 solve_ms=182.32
v5_device jobs=2 rows=626 cells=1346 direct=true graph_reused=false upload_ms=0.44 capture_ms=3.87 queue_ms=3.61 gpu_ms=0.01 unpack_ms=0.20 total_ms=8.13
v5_service device=1 lane=0 class=0 jobs=2 rows=626 cells=1346 reach=19954 reverse=19952 table_mib=0.8 mutable_mib=16.0 max_job_mib=8.6 oldest_ms=307.92 pack_ms=0.65 solve_ms=8.18
v5_device jobs=4 rows=7546 cells=32935 direct=true graph_reused=false upload_ms=12.26 capture_ms=3.37 queue_ms=27.98 gpu_ms=0.01 unpack_ms=1.57 total_ms=45.19
v5_service device=1 lane=0 class=2 jobs=4 rows=7546 cells=32935 reach=585379 reverse=588493 table_mib=17.1 mutable_mib=256.0 max_job_mib=74.7 oldest_ms=313.59 pack_ms=11.07 solve_ms=45.24
v5_device jobs=31 rows=24017 cells=138784 direct=true graph_reused=false upload_ms=55.47 capture_ms=3.48 queue_ms=73.54 gpu_ms=0.01 unpack_ms=4.80 total_ms=137.30
v5_service device=1 lane=1 class=1 jobs=31 rows=24017 cells=138784 reach=1419176 reverse=1446585 table_mib=45.1 mutable_mib=752.0 max_job_mib=38.3 oldest_ms=81.15 pack_ms=25.37 solve_ms=137.35
v5_device jobs=8 rows=2458 cells=8815 direct=true graph_reused=false upload_ms=5.15 capture_ms=3.82 queue_ms=56.75 gpu_ms=0.01 unpack_ms=0.47 total_ms=66.20
v5_service device=1 lane=1 class=0 jobs=8 rows=2458 cells=8815 reach=127975 reverse=129364 table_mib=4.2 mutable_mib=64.0 max_job_mib=9.5 oldest_ms=247.19 pack_ms=2.61 solve_ms=66.24
v5_device jobs=30 rows=19972 cells=92599 direct=true graph_reused=false upload_ms=51.14 capture_ms=4.55 queue_ms=64.66 gpu_ms=0.01 unpack_ms=4.74 total_ms=125.10
v5_service device=1 lane=0 class=1 jobs=30 rows=19972 cells=92599 reach=1314465 reverse=1333046 table_mib=40.5 mutable_mib=592.0 max_job_mib=36.2 oldest_ms=80.52 pack_ms=22.72 solve_ms=125.16
v5_device jobs=6 rows=1832 cells=11599 direct=true graph_reused=false upload_ms=1.69 capture_ms=5.02 queue_ms=15.22 gpu_ms=0.01 unpack_ms=0.36 total_ms=22.30
v5_service device=1 lane=0 class=0 jobs=6 rows=1832 cells=11599 reach=98757 reverse=102428 table_mib=3.3 mutable_mib=48.0 max_job_mib=10.2 oldest_ms=231.44 pack_ms=2.14 solve_ms=22.35
v5_device jobs=4 rows=7911 cells=32661 direct=true graph_reused=false upload_ms=8.70 capture_ms=3.43 queue_ms=22.50 gpu_ms=0.01 unpack_ms=1.19 total_ms=35.84
v5_service device=1 lane=0 class=2 jobs=4 rows=7911 cells=32661 reach=402874 reverse=406580 table_mib=13.1 mutable_mib=256.0 max_job_mib=69.6 oldest_ms=248.23 pack_ms=7.87 solve_ms=35.88
v5_device jobs=144 rows=99463 cells=563970 direct=true graph_reused=false upload_ms=279.28 capture_ms=3.56 queue_ms=486.86 gpu_ms=0.03 unpack_ms=40.07 total_ms=809.80
v5_service device=0 lane=1 class=1 jobs=144 rows=99463 cells=563970 reach=6308370 reverse=6431808 table_mib=196.8 mutable_mib=3232.0 max_job_mib=40.1 oldest_ms=127.81 pack_ms=185.17 solve_ms=809.87
v5_device jobs=1 rows=25724 cells=51763 direct=true graph_reused=false upload_ms=58.50 capture_ms=3.52 queue_ms=111.16 gpu_ms=0.02 unpack_ms=5.36 total_ms=178.57
v5_service device=1 lane=0 class=3 jobs=1 rows=25724 cells=51763 reach=1388810 reverse=1388823 table_mib=43.4 mutable_mib=1024.0 max_job_mib=1085.5 oldest_ms=251.80 pack_ms=24.84 solve_ms=178.62
v5_device jobs=38 rows=29153 cells=156377 direct=true graph_reused=false upload_ms=76.87 capture_ms=4.67 queue_ms=101.01 gpu_ms=0.02 unpack_ms=9.53 total_ms=192.10
v5_service device=1 lane=1 class=1 jobs=38 rows=29153 cells=156377 reach=1900557 reverse=1937280 table_mib=58.6 mutable_mib=880.0 max_job_mib=44.6 oldest_ms=79.43 pack_ms=34.32 solve_ms=192.15
v5_device jobs=3 rows=857 cells=3082 direct=true graph_reused=false upload_ms=0.51 capture_ms=4.55 queue_ms=3.77 gpu_ms=0.01 unpack_ms=0.12 total_ms=8.97
v5_service device=1 lane=1 class=0 jobs=3 rows=857 cells=3082 reach=16483 reverse=17028 table_mib=0.8 mutable_mib=24.0 max_job_mib=8.4 oldest_ms=309.98 pack_ms=0.76 solve_ms=9.03
v5_device jobs=168 rows=107946 cells=750775 direct=true graph_reused=false upload_ms=320.75 capture_ms=4.63 queue_ms=539.08 gpu_ms=0.02 unpack_ms=38.39 total_ms=902.88
v5_service device=0 lane=0 class=1 jobs=168 rows=107946 cells=750775 reach=6794986 reverse=6969429 table_mib=214.1 mutable_mib=3520.0 max_job_mib=39.0 oldest_ms=134.33 pack_ms=179.76 solve_ms=902.94
v5_device jobs=7 rows=16478 cells=90879 direct=true graph_reused=false upload_ms=60.11 capture_ms=3.82 queue_ms=57.67 gpu_ms=0.01 unpack_ms=4.00 total_ms=125.61
v5_service device=1 lane=1 class=2 jobs=7 rows=16478 cells=90879 reach=1288655 reverse=1299047 table_mib=37.6 mutable_mib=576.0 max_job_mib=143.9 oldest_ms=309.74 pack_ms=28.78 solve_ms=125.68
v5_device jobs=15 rows=30529 cells=188884 direct=true graph_reused=false upload_ms=91.53 capture_ms=4.91 queue_ms=81.37 gpu_ms=0.02 unpack_ms=7.26 total_ms=185.10
v5_service device=0 lane=1 class=2 jobs=15 rows=30529 cells=188884 reach=1732642 reverse=1766668 table_mib=54.7 mutable_mib=1088.0 max_job_mib=144.9 oldest_ms=1139.46 pack_ms=47.94 solve_ms=185.16
v5_device jobs=28 rows=16985 cells=93378 direct=true graph_reused=false upload_ms=59.42 capture_ms=3.41 queue_ms=65.44 gpu_ms=0.02 unpack_ms=5.76 total_ms=134.05
v5_service device=1 lane=0 class=1 jobs=28 rows=16985 cells=93378 reach=1453438 reverse=1473331 table_mib=42.4 mutable_mib=576.0 max_job_mib=45.5 oldest_ms=84.43 pack_ms=37.94 solve_ms=134.11
v5_device jobs=2 rows=483 cells=5388 direct=true graph_reused=false upload_ms=0.43 capture_ms=3.66 queue_ms=3.08 gpu_ms=0.01 unpack_ms=0.12 total_ms=7.31
v5_service device=1 lane=0 class=0 jobs=2 rows=483 cells=5388 reach=20894 reverse=22685 table_mib=0.8 mutable_mib=16.0 max_job_mib=8.7 oldest_ms=258.73 pack_ms=0.59 solve_ms=7.35
v5_device jobs=1 rows=14670 cells=102778 direct=true graph_reused=false upload_ms=17.00 capture_ms=3.47 queue_ms=31.81 gpu_ms=0.02 unpack_ms=1.79 total_ms=54.09
v5_service device=0 lane=1 class=3 jobs=1 rows=14670 cells=102778 reach=610366 reverse=639148 table_mib=21.5 mutable_mib=512.0 max_job_mib=541.0 oldest_ms=1365.83 pack_ms=14.50 solve_ms=54.16
v5_device jobs=2 rows=3295 cells=16830 direct=true graph_reused=false upload_ms=3.21 capture_ms=3.32 queue_ms=17.27 gpu_ms=0.01 unpack_ms=0.94 total_ms=24.76
v5_service device=1 lane=0 class=2 jobs=2 rows=3295 cells=16830 reach=175501 reverse=175842 table_mib=5.9 mutable_mib=128.0 max_job_mib=70.6 oldest_ms=250.46 pack_ms=3.51 solve_ms=24.82
{"phase": "live", "seconds": 50.027, "solves": 53248, "solves_per_s": 1064.4, "oversize_routes": 1, "card_exclusive_routes": 0}
v5_device jobs=40 rows=25874 cells=288042 direct=true graph_reused=false upload_ms=65.46 capture_ms=3.77 queue_ms=78.79 gpu_ms=0.01 unpack_ms=6.44 total_ms=154.47
v5_service device=1 lane=1 class=1 jobs=40 rows=25874 cells=288042 reach=1667954 reverse=1729695 table_mib=53.5 mutable_mib=800.0 max_job_mib=37.0 oldest_ms=82.59 pack_ms=36.02 solve_ms=154.53
v5_device jobs=3 rows=852 cells=1564 direct=true graph_reused=false upload_ms=0.70 capture_ms=5.86 queue_ms=27.73 gpu_ms=0.01 unpack_ms=0.16 total_ms=34.45
v5_service device=1 lane=1 class=0 jobs=3 rows=852 cells=1564 reach=34384 reverse=34492 table_mib=1.2 mutable_mib=24.0 max_job_mib=8.6 oldest_ms=278.37 pack_ms=0.98 solve_ms=34.51
v5_device jobs=20 rows=13209 cells=95736 direct=true graph_reused=false upload_ms=45.62 capture_ms=3.18 queue_ms=58.59 gpu_ms=0.01 unpack_ms=4.60 total_ms=112.01
v5_service device=1 lane=0 class=1 jobs=20 rows=13209 cells=95736 reach=1266673 reverse=1286779 table_mib=36.7 mutable_mib=432.0 max_job_mib=39.9 oldest_ms=86.13 pack_ms=20.19 solve_ms=112.07
v5_device jobs=2 rows=649 cells=2502 direct=true graph_reused=false upload_ms=0.43 capture_ms=4.26 queue_ms=5.05 gpu_ms=0.01 unpack_ms=0.15 total_ms=9.89
v5_service device=1 lane=0 class=0 jobs=2 rows=649 cells=2502 reach=16483 reverse=18345 table_mib=0.7 mutable_mib=16.0 max_job_mib=8.5 oldest_ms=208.03 pack_ms=0.58 solve_ms=9.93
v5_device jobs=30 rows=74078 cells=320561 direct=true graph_reused=false upload_ms=168.71 capture_ms=4.46 queue_ms=183.93 gpu_ms=0.01 unpack_ms=21.89 total_ms=379.01
v5_service device=0 lane=0 class=2 jobs=30 rows=74078 cells=320561 reach=3967620 reverse=4008999 table_mib=126.3 mutable_mib=2624.0 max_job_mib=273.4 oldest_ms=1252.75 pack_ms=89.21 solve_ms=379.07
v5_device jobs=2 rows=3916 cells=15386 direct=true graph_reused=false upload_ms=5.32 capture_ms=4.79 queue_ms=22.98 gpu_ms=0.02 unpack_ms=1.08 total_ms=34.19
v5_service device=1 lane=0 class=2 jobs=2 rows=3916 cells=15386 reach=311585 reverse=313260 table_mib=9.1 mutable_mib=128.0 max_job_mib=72.2 oldest_ms=185.88 pack_ms=5.40 solve_ms=34.24
v5_device jobs=4 rows=6753 cells=19202 direct=true graph_reused=false upload_ms=12.83 capture_ms=4.50 queue_ms=39.87 gpu_ms=0.02 unpack_ms=2.28 total_ms=59.49
v5_service device=1 lane=1 class=2 jobs=4 rows=6753 cells=19202 reach=503020 reverse=507398 table_mib=14.8 mutable_mib=256.0 max_job_mib=72.6 oldest_ms=314.34 pack_ms=9.11 solve_ms=59.55
v5_device jobs=1 rows=19204 cells=22841 direct=true graph_reused=false upload_ms=20.29 capture_ms=4.63 queue_ms=133.60 gpu_ms=0.01 unpack_ms=1.67 total_ms=160.20
v5_service device=0 lane=0 class=3 jobs=1 rows=19204 cells=22841 reach=653844 reverse=653851 table_mib=23.6 mutable_mib=512.0 max_job_mib=544.1 oldest_ms=1732.88 pack_ms=16.28 solve_ms=160.26
v5_device jobs=1 rows=18872 cells=299849 direct=true graph_reused=false upload_ms=60.76 capture_ms=3.51 queue_ms=62.39 gpu_ms=0.01 unpack_ms=7.01 total_ms=133.68
v5_service device=1 lane=1 class=3 jobs=1 rows=18872 cells=299849 reach=1635741 reverse=1730071 table_mib=49.4 mutable_mib=512.0 max_job_mib=581.6 oldest_ms=345.81 pack_ms=33.96 solve_ms=133.73
v5_device jobs=33 rows=23204 cells=179898 direct=true graph_reused=false upload_ms=47.88 capture_ms=3.63 queue_ms=59.10 gpu_ms=0.01 unpack_ms=4.43 total_ms=115.05
v5_service device=1 lane=0 class=1 jobs=33 rows=23204 cells=179898 reach=1241876 reverse=1283220 table_mib=40.8 mutable_mib=752.0 max_job_mib=36.6 oldest_ms=77.31 pack_ms=23.26 solve_ms=115.10
v5_device jobs=3 rows=106378 cells=361923 direct=true graph_reused=false upload_ms=168.27 capture_ms=3.51 queue_ms=244.37 gpu_ms=0.03 unpack_ms=37.87 total_ms=454.04
v5_service device=0 lane=1 class=3 jobs=3 rows=106378 cells=361923 reach=3820945 reverse=3822760 table_mib=135.9 mutable_mib=2560.0 max_job_mib=1152.8 oldest_ms=1424.07 pack_ms=80.49 solve_ms=454.10
v5_device jobs=11 rows=35083 cells=165656 direct=true graph_reused=false upload_ms=65.16 capture_ms=3.54 queue_ms=81.82 gpu_ms=0.02 unpack_ms=5.25 total_ms=155.79
v5_service device=1 lane=0 class=2 jobs=11 rows=35083 cells=165656 reach=1445525 reverse=1480718 table_mib=50.2 mutable_mib=1024.0 max_job_mib=270.1 oldest_ms=225.60 pack_ms=35.15 solve_ms=155.85
v5_device jobs=5 rows=1551 cells=7012 direct=true graph_reused=false upload_ms=1.75 capture_ms=5.54 queue_ms=22.18 gpu_ms=0.01 unpack_ms=0.40 total_ms=29.88
v5_service device=1 lane=0 class=0 jobs=5 rows=1551 cells=7012 reach=102788 reverse=103871 table_mib=3.2 mutable_mib=40.0 max_job_mib=9.4 oldest_ms=417.57 pack_ms=2.55 solve_ms=29.94
v5_device jobs=35 rows=25912 cells=139362 direct=true graph_reused=false upload_ms=77.08 capture_ms=5.10 queue_ms=97.47 gpu_ms=0.02 unpack_ms=8.04 total_ms=187.70
v5_service device=1 lane=1 class=1 jobs=35 rows=25912 cells=139362 reach=1857876 reverse=1889571 table_mib=56.1 mutable_mib=864.0 max_job_mib=39.8 oldest_ms=80.86 pack_ms=34.18 solve_ms=187.77
v5_device jobs=5 rows=18159 cells=71768 direct=true graph_reused=false upload_ms=34.89 capture_ms=3.37 queue_ms=42.00 gpu_ms=0.01 unpack_ms=2.17 total_ms=82.44
v5_service device=1 lane=1 class=2 jobs=5 rows=18159 cells=71768 reach=825471 reverse=835623 table_mib=27.4 mutable_mib=512.0 max_job_mib=272.4 oldest_ms=307.05 pack_ms=17.79 solve_ms=82.50
v5_device jobs=5 rows=1583 cells=7743 direct=true graph_reused=false upload_ms=0.96 capture_ms=5.07 queue_ms=38.26 gpu_ms=0.01 unpack_ms=0.25 total_ms=44.54
v5_service device=1 lane=1 class=0 jobs=5 rows=1583 cells=7743 reach=59075 reverse=60609 table_mib=2.1 mutable_mib=40.0 max_job_mib=9.1 oldest_ms=406.27 pack_ms=1.63 solve_ms=44.59
v5_device jobs=1 rows=18438 cells=171068 direct=true graph_reused=false upload_ms=68.45 capture_ms=4.11 queue_ms=68.38 gpu_ms=0.01 unpack_ms=5.90 total_ms=146.86
v5_service device=1 lane=0 class=3 jobs=1 rows=18438 cells=171068 reach=1919680 reverse=1963574 table_mib=53.9 mutable_mib=512.0 max_job_mib=590.5 oldest_ms=393.95 pack_ms=36.02 solve_ms=146.92
v5_device jobs=29 rows=20746 cells=258424 direct=true graph_reused=false upload_ms=64.76 capture_ms=3.64 queue_ms=236.25 gpu_ms=0.01 unpack_ms=5.36 total_ms=310.02
v5_service device=0 lane=1 class=1 jobs=29 rows=20746 cells=258424 reach=1516192 reverse=1596449 table_mib=47.6 mutable_mib=672.0 max_job_mib=37.6 oldest_ms=86.51 pack_ms=33.05 solve_ms=310.08
v5_device jobs=2 rows=3390 cells=35470 direct=true graph_reused=false upload_ms=11.73 capture_ms=3.70 queue_ms=32.24 gpu_ms=0.01 unpack_ms=1.43 total_ms=49.11
v5_service device=0 lane=1 class=2 jobs=2 rows=3390 cells=35470 reach=564613 reverse=573066 table_mib=14.9 mutable_mib=128.0 max_job_mib=83.3 oldest_ms=434.76 pack_ms=9.74 solve_ms=49.18
v5_device jobs=22 rows=5748 cells=24432 direct=true graph_reused=false upload_ms=4.25 capture_ms=3.25 queue_ms=20.02 gpu_ms=0.01 unpack_ms=0.84 total_ms=28.37
v5_service device=1 lane=0 class=0 jobs=22 rows=5748 cells=24432 reach=247874 reverse=251482 table_mib=8.7 mutable_mib=166.0 max_job_mib=9.3 oldest_ms=75.81 pack_ms=5.18 solve_ms=28.42
v5_device jobs=4 rows=1117 cells=6870 direct=true graph_reused=false upload_ms=0.96 capture_ms=3.76 queue_ms=8.63 gpu_ms=0.01 unpack_ms=0.24 total_ms=13.59
v5_service device=0 lane=1 class=0 jobs=4 rows=1117 cells=6870 reach=56643 reverse=58333 table_mib=1.9 mutable_mib=32.0 max_job_mib=9.4 oldest_ms=489.79 pack_ms=1.85 solve_ms=13.63
v5_device jobs=26 rows=18333 cells=82909 direct=true graph_reused=false upload_ms=42.15 capture_ms=3.57 queue_ms=49.70 gpu_ms=0.01 unpack_ms=3.62 total_ms=99.05
v5_service device=1 lane=1 class=1 jobs=26 rows=18333 cells=82909 reach=1068523 reverse=1088814 table_mib=33.8 mutable_mib=592.0 max_job_mib=36.0 oldest_ms=81.81 pack_ms=18.69 solve_ms=99.12
v5_device jobs=3 rows=101250 cells=371252 direct=true graph_reused=false upload_ms=237.01 capture_ms=4.32 queue_ms=296.72 gpu_ms=0.02 unpack_ms=54.95 total_ms=593.02
v5_service device=0 lane=0 class=3 jobs=3 rows=101250 cells=371252 reach=5543232 reverse=5579833 table_mib=174.5 mutable_mib=3072.0 max_job_mib=1140.4 oldest_ms=1910.34 pack_ms=86.50 solve_ms=593.08
v5_device jobs=5 rows=1483 cells=6403 direct=true graph_reused=false upload_ms=1.43 capture_ms=4.14 queue_ms=10.57 gpu_ms=0.02 unpack_ms=0.32 total_ms=16.47
v5_service device=1 lane=1 class=0 jobs=5 rows=1483 cells=6403 reach=88388 reverse=89705 table_mib=2.8 mutable_mib=40.0 max_job_mib=9.3 oldest_ms=200.77 pack_ms=1.75 solve_ms=16.52
v5_device jobs=7 rows=20847 cells=54722 direct=true graph_reused=false upload_ms=35.55 capture_ms=3.52 queue_ms=43.24 gpu_ms=0.02 unpack_ms=3.37 total_ms=85.70
v5_service device=0 lane=1 class=2 jobs=7 rows=20847 cells=54722 reach=757782 reverse=765055 table_mib=26.9 mutable_mib=640.0 max_job_mib=269.2 oldest_ms=77.78 pack_ms=18.71 solve_ms=85.76
v5_device jobs=27 rows=18113 cells=150607 direct=true graph_reused=false upload_ms=24.68 capture_ms=4.10 queue_ms=54.07 gpu_ms=0.02 unpack_ms=3.38 total_ms=86.25
v5_service device=0 lane=0 class=1 jobs=27 rows=18113 cells=150607 reach=984213 reverse=1015435 table_mib=32.6 mutable_mib=608.0 max_job_mib=38.5 oldest_ms=81.89 pack_ms=20.27 solve_ms=86.31
v5_device jobs=3 rows=897 cells=3795 direct=true graph_reused=false upload_ms=0.69 capture_ms=4.91 queue_ms=4.74 gpu_ms=0.01 unpack_ms=0.16 total_ms=10.51
v5_service device=0 lane=0 class=0 jobs=3 rows=897 cells=3795 reach=39218 reverse=39926 table_mib=1.4 mutable_mib=24.0 max_job_mib=9.0 oldest_ms=186.73 pack_ms=0.93 solve_ms=10.57
v5_device jobs=2 rows=4264 cells=17217 direct=true graph_reused=false upload_ms=4.89 capture_ms=4.01 queue_ms=18.61 gpu_ms=0.01 unpack_ms=0.84 total_ms=28.36
v5_service device=0 lane=0 class=2 jobs=2 rows=4264 cells=17217 reach=301047 reverse=304393 table_mib=9.1 mutable_mib=128.0 max_job_mib=72.6 oldest_ms=196.00 pack_ms=5.03 solve_ms=28.42
v5_device jobs=1 rows=42849 cells=185695 direct=true graph_reused=false upload_ms=76.96 capture_ms=4.53 queue_ms=162.61 gpu_ms=0.02 unpack_ms=5.96 total_ms=250.08
v5_service device=1 lane=1 class=3 jobs=1 rows=42849 cells=185695 reach=1729982 reverse=1730935 table_mib=59.5 mutable_mib=1024.0 max_job_mib=1104.8 oldest_ms=202.75 pack_ms=29.77 solve_ms=250.14
v5_device jobs=2 rows=4534 cells=14053 direct=true graph_reused=false upload_ms=3.03 capture_ms=3.95 queue_ms=16.37 gpu_ms=0.01 unpack_ms=0.54 total_ms=23.90
v5_service device=1 lane=1 class=2 jobs=2 rows=4534 cells=14053 reach=173837 reverse=175054 table_mib=6.1 mutable_mib=128.0 max_job_mib=70.5 oldest_ms=476.21 pack_ms=3.86 solve_ms=23.96
v5_device jobs=19 rows=53886 cells=225963 direct=true graph_reused=false upload_ms=117.56 capture_ms=3.54 queue_ms=198.71 gpu_ms=0.02 unpack_ms=13.86 total_ms=333.69
v5_service device=1 lane=0 class=2 jobs=19 rows=53886 cells=225963 reach=2782509 reverse=2807589 table_mib=89.2 mutable_mib=1792.0 max_job_mib=273.9 oldest_ms=119.03 pack_ms=60.66 solve_ms=333.74
v5_device jobs=54 rows=36367 cells=254848 direct=true graph_reused=false upload_ms=94.10 capture_ms=3.57 queue_ms=102.77 gpu_ms=0.03 unpack_ms=9.96 total_ms=210.41
v5_service device=0 lane=1 class=1 jobs=54 rows=36367 cells=254848 reach=2391930 reverse=2450454 table_mib=74.4 mutable_mib=1248.0 max_job_mib=39.2 oldest_ms=191.25 pack_ms=52.11 solve_ms=210.50
v5_device jobs=8 rows=2450 cells=5373 direct=true graph_reused=false upload_ms=1.39 capture_ms=4.69 queue_ms=25.69 gpu_ms=0.01 unpack_ms=0.77 total_ms=32.56
v5_service device=0 lane=1 class=0 jobs=8 rows=2450 cells=5373 reach=69781 reverse=71498 table_mib=2.8 mutable_mib=60.0 max_job_mib=8.9 oldest_ms=489.40 pack_ms=7.15 solve_ms=32.65
v5_device jobs=35 rows=21581 cells=133878 direct=true graph_reused=false upload_ms=56.14 capture_ms=4.39 queue_ms=68.72 gpu_ms=0.03 unpack_ms=6.70 total_ms=135.97
v5_service device=0 lane=0 class=1 jobs=35 rows=21581 cells=133878 reach=1402377 reverse=1426356 table_mib=43.5 mutable_mib=720.0 max_job_mib=36.2 oldest_ms=79.92 pack_ms=26.11 solve_ms=136.04
v5_device jobs=32 rows=24377 cells=106007 direct=true graph_reused=false upload_ms=61.69 capture_ms=3.76 queue_ms=70.64 gpu_ms=0.02 unpack_ms=5.87 total_ms=141.98
v5_service device=1 lane=1 class=1 jobs=32 rows=24377 cells=106007 reach=1495831 reverse=1515592 table_mib=46.4 mutable_mib=752.0 max_job_mib=42.9 oldest_ms=81.11 pack_ms=28.75 solve_ms=142.04
v5_device jobs=7 rows=1584 cells=16221 direct=true graph_reused=false upload_ms=1.55 capture_ms=4.60 queue_ms=13.94 gpu_ms=0.01 unpack_ms=0.36 total_ms=20.45
v5_service device=1 lane=1 class=0 jobs=7 rows=1584 cells=16221 reach=98405 reverse=103926 table_mib=3.2 mutable_mib=48.0 max_job_mib=9.2 oldest_ms=257.08 pack_ms=2.11 solve_ms=20.51
v5_device jobs=1 rows=16981 cells=299191 direct=true graph_reused=false upload_ms=87.86 capture_ms=3.69 queue_ms=89.48 gpu_ms=0.02 unpack_ms=9.29 total_ms=190.35
v5_service device=0 lane=1 class=3 jobs=1 rows=16981 cells=299191 reach=2353003 reverse=2415344 table_mib=64.4 mutable_mib=512.0 max_job_mib=605.8 oldest_ms=529.37 pack_ms=48.28 solve_ms=190.41
v5_device jobs=6 rows=19919 cells=57825 direct=true graph_reused=false upload_ms=37.02 capture_ms=4.01 queue_ms=41.17 gpu_ms=0.03 unpack_ms=2.61 total_ms=84.83
v5_service device=1 lane=1 class=2 jobs=6 rows=19919 cells=57825 reach=806237 reverse=812380 table_mib=27.7 mutable_mib=576.0 max_job_mib=264.2 oldest_ms=283.03 pack_ms=16.64 solve_ms=84.87
v5_device jobs=1 rows=46386 cells=183119 direct=true graph_reused=false upload_ms=111.32 capture_ms=4.40 queue_ms=106.44 gpu_ms=0.02 unpack_ms=9.19 total_ms=231.36
v5_service device=0 lane=0 class=3 jobs=1 rows=46386 cells=183119 reach=2387775 reverse=2485037 table_mib=78.5 mutable_mib=2048.0 max_job_mib=2156.6 oldest_ms=277.33 pack_ms=42.13 solve_ms=231.43
v5_device jobs=4 rows=1268 cells=11051 direct=true graph_reused=false upload_ms=0.68 capture_ms=4.03 queue_ms=4.96 gpu_ms=0.01 unpack_ms=0.19 total_ms=9.87
v5_service device=0 lane=0 class=0 jobs=4 rows=1268 cells=11051 reach=31015 reverse=33525 table_mib=1.4 mutable_mib=32.0 max_job_mib=8.6 oldest_ms=543.13 pack_ms=1.02 solve_ms=9.93
v5_device jobs=4 rows=11125 cells=51992 direct=true graph_reused=false upload_ms=12.81 capture_ms=4.07 queue_ms=31.23 gpu_ms=0.01 unpack_ms=1.41 total_ms=49.53
v5_service device=0 lane=0 class=2 jobs=4 rows=11125 cells=51992 reach=510779 reverse=519860 table_mib=17.1 mutable_mib=384.0 max_job_mib=136.8 oldest_ms=555.24 pack_ms=10.54 solve_ms=49.58
v5_device jobs=28 rows=19027 cells=127483 direct=true graph_reused=false upload_ms=50.45 capture_ms=3.57 queue_ms=62.33 gpu_ms=0.01 unpack_ms=4.24 total_ms=120.61
v5_service device=0 lane=1 class=1 jobs=28 rows=19027 cells=127483 reach=1358062 reverse=1383845 table_mib=41.3 mutable_mib=608.0 max_job_mib=39.9 oldest_ms=83.44 pack_ms=27.25 solve_ms=120.67
v5_device jobs=4 rows=851 cells=6955 direct=true graph_reused=false upload_ms=0.67 capture_ms=4.01 queue_ms=6.56 gpu_ms=0.01 unpack_ms=0.19 total_ms=11.44
v5_service device=0 lane=1 class=0 jobs=4 rows=851 cells=6955 reach=40697 reverse=42264 table_mib=1.4 mutable_mib=28.0 max_job_mib=9.1 oldest_ms=234.60 pack_ms=0.90 solve_ms=11.49
v5_device jobs=1 rows=40200 cells=72767 direct=true graph_reused=false upload_ms=62.09 capture_ms=4.72 queue_ms=181.13 gpu_ms=0.02 unpack_ms=4.15 total_ms=252.12
v5_service device=1 lane=1 class=3 jobs=1 rows=40200 cells=72767 reach=1446826 reverse=1446817 table_mib=50.6 mutable_mib=1024.0 max_job_mib=1093.3 oldest_ms=371.29 pack_ms=28.20 solve_ms=252.17
v5_device jobs=3 rows=6430 cells=15922 direct=true graph_reused=false upload_ms=6.05 capture_ms=3.51 queue_ms=28.89 gpu_ms=0.01 unpack_ms=0.77 total_ms=39.24
v5_service device=0 lane=1 class=2 jobs=3 rows=6430 cells=15922 reach=265442 reverse=266609 table_mib=9.0 mutable_mib=256.0 max_job_mib=131.2 oldest_ms=240.63 pack_ms=5.04 solve_ms=39.28
v5_device jobs=1 rows=15192 cells=19028 direct=true graph_reused=false upload_ms=9.04 capture_ms=4.32 queue_ms=26.68 gpu_ms=0.01 unpack_ms=0.45 total_ms=40.49
v5_service device=0 lane=0 class=3 jobs=1 rows=15192 cells=19028 reach=264142 reverse=264134 table_mib=12.8 mutable_mib=512.0 max_job_mib=528.1 oldest_ms=75.08 pack_ms=8.33 solve_ms=40.54
v5_device jobs=115 rows=81307 cells=459655 direct=true graph_reused=false upload_ms=203.08 capture_ms=3.31 queue_ms=305.61 gpu_ms=0.02 unpack_ms=22.02 total_ms=534.03
v5_service device=1 lane=0 class=1 jobs=115 rows=81307 cells=459655 reach=4943965 reverse=5032673 table_mib=155.7 mutable_mib=2640.0 max_job_mib=41.2 oldest_ms=573.28 pack_ms=141.17 solve_ms=534.09
v5_device jobs=39 rows=28750 cells=152308 direct=true graph_reused=false upload_ms=64.59 capture_ms=3.52 queue_ms=67.78 gpu_ms=0.01 unpack_ms=4.88 total_ms=140.78
v5_service device=1 lane=1 class=1 jobs=39 rows=28750 cells=152308 reach=1453182 reverse=1488372 table_mib=48.0 mutable_mib=880.0 max_job_mib=37.1 oldest_ms=83.32 pack_ms=34.56 solve_ms=140.84
v5_device jobs=2 rows=4085 cells=29216 direct=true graph_reused=false upload_ms=4.30 capture_ms=3.57 queue_ms=18.32 gpu_ms=0.01 unpack_ms=0.96 total_ms=27.16
v5_service device=1 lane=1 class=2 jobs=2 rows=4085 cells=29216 reach=235066 reverse=240016 table_mib=7.7 mutable_mib=128.0 max_job_mib=73.3 oldest_ms=263.11 pack_ms=4.63 solve_ms=27.22
v5_device jobs=1 rows=365 cells=1740 direct=true graph_reused=false upload_ms=0.24 capture_ms=3.93 queue_ms=2.68 gpu_ms=0.00 unpack_ms=0.02 total_ms=6.87
v5_service device=1 lane=1 class=0 jobs=1 rows=365 cells=1740 reach=10146 reverse=10602 table_mib=0.4 mutable_mib=8.0 max_job_mib=8.5 oldest_ms=291.01 pack_ms=0.39 solve_ms=6.91
v5_device jobs=29 rows=22634 cells=260008 direct=true graph_reused=false upload_ms=59.37 capture_ms=3.37 queue_ms=159.83 gpu_ms=0.01 unpack_ms=5.69 total_ms=228.27
v5_service device=0 lane=1 class=1 jobs=29 rows=22634 cells=260008 reach=1411646 reverse=1495869 table_mib=46.1 mutable_mib=720.0 max_job_mib=37.5 oldest_ms=84.44 pack_ms=32.31 solve_ms=228.33
v5_device jobs=1 rows=360 cells=735 direct=true graph_reused=false upload_ms=0.30 capture_ms=3.94 queue_ms=2.19 gpu_ms=0.01 unpack_ms=0.09 total_ms=6.52
v5_service device=0 lane=1 class=0 jobs=1 rows=360 cells=735 reach=10713 reverse=10725 table_mib=0.4 mutable_mib=8.0 max_job_mib=8.6 oldest_ms=348.67 pack_ms=0.39 solve_ms=6.57
v5_device jobs=78 rows=51824 cells=322841 direct=true graph_reused=false upload_ms=130.51 capture_ms=4.49 queue_ms=155.07 gpu_ms=0.01 unpack_ms=15.16 total_ms=305.24
v5_service device=0 lane=0 class=1 jobs=78 rows=51824 cells=322841 reach=3049405 reverse=3111954 table_mib=96.9 mutable_mib=1632.0 max_job_mib=37.8 oldest_ms=134.99 pack_ms=73.56 solve_ms=305.30
v5_device jobs=5 rows=9353 cells=50350 direct=true graph_reused=false upload_ms=9.53 capture_ms=3.57 queue_ms=24.52 gpu_ms=0.02 unpack_ms=1.28 total_ms=38.91
v5_service device=0 lane=1 class=2 jobs=5 rows=9353 cells=50350 reach=384166 reverse=403457 table_mib=13.6 mutable_mib=320.0 max_job_mib=69.6 oldest_ms=356.47 pack_ms=9.02 solve_ms=38.96
v5_device jobs=32 rows=22174 cells=171545 direct=true graph_reused=false upload_ms=85.28 capture_ms=3.71 queue_ms=81.87 gpu_ms=0.01 unpack_ms=7.02 total_ms=177.89
v5_service device=1 lane=1 class=1 jobs=32 rows=22174 cells=171545 reach=2040685 reverse=2082268 table_mib=59.2 mutable_mib=768.0 max_job_mib=40.3 oldest_ms=84.60 pack_ms=42.87 solve_ms=177.94
v5_device jobs=4 rows=1141 cells=5010 direct=true graph_reused=false upload_ms=1.36 capture_ms=3.60 queue_ms=13.92 gpu_ms=0.01 unpack_ms=0.28 total_ms=19.17
v5_service device=1 lane=1 class=0 jobs=4 rows=1141 cells=5010 reach=83294 reverse=84296 table_mib=2.6 mutable_mib=32.0 max_job_mib=9.8 oldest_ms=324.19 pack_ms=1.72 solve_ms=19.22
v5_device jobs=2 rows=5467 cells=42805 direct=true graph_reused=false upload_ms=8.40 capture_ms=3.64 queue_ms=22.05 gpu_ms=0.02 unpack_ms=1.36 total_ms=35.47
v5_service device=1 lane=1 class=2 jobs=2 rows=5467 cells=42805 reach=464443 reverse=474682 table_mib=13.5 mutable_mib=192.0 max_job_mib=140.9 oldest_ms=332.95 pack_ms=8.15 solve_ms=35.53
v5_device jobs=33 rows=21028 cells=91667 direct=true graph_reused=false upload_ms=56.88 capture_ms=3.64 queue_ms=103.32 gpu_ms=0.01 unpack_ms=5.93 total_ms=169.78
v5_service device=0 lane=1 class=1 jobs=33 rows=21028 cells=91667 reach=1469407 reverse=1488989 table_mib=44.5 mutable_mib=720.0 max_job_mib=38.3 oldest_ms=82.42 pack_ms=31.02 solve_ms=169.84
v5_device jobs=13 rows=30093 cells=436597 direct=true graph_reused=false upload_ms=89.91 capture_ms=4.19 queue_ms=151.34 gpu_ms=0.02 unpack_ms=11.24 total_ms=256.70
v5_service device=0 lane=0 class=2 jobs=13 rows=30093 cells=436597 reach=2023973 reverse=2089359 table_mib=65.6 mutable_mib=1152.0 max_job_mib=271.3 oldest_ms=526.22 pack_ms=46.57 solve_ms=256.75
v5_device jobs=7 rows=2089 cells=10112 direct=true graph_reused=false upload_ms=2.04 capture_ms=4.50 queue_ms=15.06 gpu_ms=0.01 unpack_ms=0.45 total_ms=22.05
v5_service device=0 lane=1 class=0 jobs=7 rows=2089 cells=10112 reach=117856 reverse=120954 table_mib=3.8 mutable_mib=56.0 max_job_mib=9.8 oldest_ms=287.54 pack_ms=2.51 solve_ms=22.11
v5_device jobs=11 rows=2991 cells=13988 direct=true graph_reused=false upload_ms=3.46 capture_ms=4.49 queue_ms=19.11 gpu_ms=0.02 unpack_ms=0.72 total_ms=27.79
v5_service device=0 lane=0 class=0 jobs=11 rows=2991 cells=13988 reach=176019 reverse=180321 table_mib=5.7 mutable_mib=84.0 max_job_mib=10.0 oldest_ms=828.33 pack_ms=4.47 solve_ms=27.85
v5_device jobs=8 rows=14291 cells=60072 direct=true graph_reused=false upload_ms=42.75 capture_ms=3.42 queue_ms=42.60 gpu_ms=0.02 unpack_ms=3.14 total_ms=91.93
v5_service device=0 lane=1 class=2 jobs=8 rows=14291 cells=60072 reach=942367 reverse=950627 table_mib=28.6 mutable_mib=512.0 max_job_mib=72.2 oldest_ms=313.18 pack_ms=21.49 solve_ms=91.99
v5_device jobs=23 rows=17533 cells=178428 direct=true graph_reused=false upload_ms=55.82 capture_ms=4.09 queue_ms=72.84 gpu_ms=0.01 unpack_ms=6.02 total_ms=138.78
v5_service device=0 lane=0 class=1 jobs=23 rows=17533 cells=178428 reach=1603251 reverse=1638973 table_mib=47.1 mutable_mib=576.0 max_job_mib=42.4 oldest_ms=82.62 pack_ms=26.60 solve_ms=138.84
v5_device jobs=16 rows=11057 cells=287733 direct=true graph_reused=false upload_ms=40.89 capture_ms=4.85 queue_ms=209.51 gpu_ms=0.03 unpack_ms=4.16 total_ms=259.43
v5_service device=1 lane=1 class=1 jobs=16 rows=11057 cells=287733 reach=876130 reverse=986108 table_mib=29.3 mutable_mib=352.0 max_job_mib=41.9 oldest_ms=79.58 pack_ms=17.37 solve_ms=259.48
v5_device jobs=30 rows=22195 cells=100123 direct=true graph_reused=false upload_ms=44.80 capture_ms=3.43 queue_ms=58.56 gpu_ms=0.01 unpack_ms=4.31 total_ms=111.11
v5_service device=0 lane=1 class=1 jobs=30 rows=22195 cells=100123 reach=1185729 reverse=1200517 table_mib=38.4 mutable_mib=720.0 max_job_mib=35.3 oldest_ms=81.97 pack_ms=21.04 solve_ms=111.20
v5_device jobs=4 rows=989 cells=17808 direct=true graph_reused=false upload_ms=1.19 capture_ms=4.45 queue_ms=25.03 gpu_ms=0.01 unpack_ms=0.30 total_ms=30.98
v5_service device=0 lane=1 class=0 jobs=4 rows=989 cells=17808 reach=77406 reverse=82870 table_mib=2.5 mutable_mib=32.0 max_job_mib=10.1 oldest_ms=217.44 pack_ms=1.51 solve_ms=31.04
v5_device jobs=6 rows=19512 cells=99318 direct=true graph_reused=false upload_ms=21.38 capture_ms=5.49 queue_ms=48.61 gpu_ms=0.01 unpack_ms=2.29 total_ms=77.80
v5_service device=0 lane=0 class=2 jobs=6 rows=19512 cells=99318 reach=747803 reverse=775358 table_mib=26.8 mutable_mib=640.0 max_job_mib=271.0 oldest_ms=258.77 pack_ms=15.77 solve_ms=77.86
v5_device jobs=2 rows=616 cells=5016 direct=true graph_reused=false upload_ms=0.34 capture_ms=4.43 queue_ms=2.05 gpu_ms=0.00 unpack_ms=0.05 total_ms=6.87
v5_service device=0 lane=0 class=0 jobs=2 rows=616 cells=5016 reach=12464 reverse=12978 table_mib=0.6 mutable_mib=16.0 max_job_mib=8.5 oldest_ms=351.18 pack_ms=0.45 solve_ms=6.91
v5_device jobs=1 rows=247 cells=2455 direct=true graph_reused=false upload_ms=0.67 capture_ms=108.08 queue_ms=6.80 gpu_ms=0.01 unpack_ms=0.13 total_ms=115.68
v5_service device=1 lane=1 class=0 jobs=1 rows=247 cells=2455 reach=49538 reverse=50172 table_mib=1.3 mutable_mib=8.0 max_job_mib=10.0 oldest_ms=355.89 pack_ms=1.06 solve_ms=115.74
v5_device jobs=1 rows=11808 cells=29279 direct=true graph_reused=false upload_ms=15.13 capture_ms=4.00 queue_ms=30.48 gpu_ms=0.01 unpack_ms=1.45 total_ms=51.07
v5_service device=0 lane=0 class=3 jobs=1 rows=11808 cells=29279 reach=631109 reverse=631132 table_mib=19.8 mutable_mib=512.0 max_job_mib=540.0 oldest_ms=325.24 pack_ms=14.41 solve_ms=51.12
v5_device jobs=10 rows=19292 cells=421104 direct=true graph_reused=false upload_ms=40.54 capture_ms=3.44 queue_ms=45.69 gpu_ms=0.01 unpack_ms=3.14 total_ms=92.83
v5_service device=1 lane=1 class=2 jobs=10 rows=19292 cells=421104 reach=858928 reverse=948540 table_mib=32.7 mutable_mib=704.0 max_job_mib=140.6 oldest_ms=464.25 pack_ms=24.93 solve_ms=92.89
v5_device jobs=1 rows=22755 cells=44571 direct=true graph_reused=false upload_ms=24.06 capture_ms=3.33 queue_ms=33.74 gpu_ms=54.67 unpack_ms=2.08 total_ms=117.89
v5_service device=1 lane=1 class=3 jobs=1 rows=22755 cells=44571 reach=536332 reverse=536323 table_mib=22.2 mutable_mib=512.0 max_job_mib=541.0 oldest_ms=536.18 pack_ms=13.73 solve_ms=117.96
v5_device jobs=33 rows=20611 cells=298733 direct=true graph_reused=false upload_ms=29.62 capture_ms=4.09 queue_ms=56.16 gpu_ms=47.52 unpack_ms=5.04 total_ms=142.43
v5_service device=0 lane=0 class=1 jobs=33 rows=20611 cells=298733 reach=1072323 reverse=1139025 table_mib=37.2 mutable_mib=736.0 max_job_mib=38.6 oldest_ms=80.30 pack_ms=23.51 solve_ms=142.50
v5_device jobs=7 rows=24148 cells=175340 direct=true graph_reused=false upload_ms=85.71 capture_ms=3.60 queue_ms=96.52 gpu_ms=93.64 unpack_ms=9.32 total_ms=288.80
v5_service device=0 lane=1 class=2 jobs=7 rows=24148 cells=175340 reach=2263265 reverse=2268845 table_mib=64.0 mutable_mib=832.0 max_job_mib=303.1 oldest_ms=255.97 pack_ms=39.12 solve_ms=288.85
v5_device jobs=1 rows=324 cells=7366 direct=true graph_reused=false upload_ms=0.24 capture_ms=4.44 queue_ms=0.97 gpu_ms=0.01 unpack_ms=0.07 total_ms=5.72
v5_service device=0 lane=0 class=0 jobs=1 rows=324 cells=7366 reach=6171 reverse=7366 table_mib=0.3 mutable_mib=8.0 max_job_mib=8.5 oldest_ms=247.38 pack_ms=0.35 solve_ms=5.77
v5_device jobs=5 rows=99340 cells=648770 direct=true graph_reused=false upload_ms=362.82 capture_ms=2.89 queue_ms=521.86 gpu_ms=103.97 unpack_ms=83.16 total_ms=1074.71
v5_service device=1 lane=0 class=3 jobs=5 rows=99340 cells=648770 reach=9371497 reverse=9456352 table_mib=264.8 mutable_mib=3072.0 max_job_mib=1174.3 oldest_ms=1319.95 pack_ms=286.88 solve_ms=1074.78
v5_device jobs=9 rows=20380 cells=188109 direct=true graph_reused=false upload_ms=26.34 capture_ms=3.40 queue_ms=53.37 gpu_ms=0.02 unpack_ms=4.03 total_ms=87.17
v5_service device=0 lane=0 class=2 jobs=9 rows=20380 cells=188109 reach=1039681 reverse=1072549 table_mib=34.3 mutable_mib=704.0 max_job_mib=142.5 oldest_ms=256.75 pack_ms=20.36 solve_ms=87.23
v5_device jobs=1 rows=12912 cells=120182 direct=true graph_reused=false upload_ms=20.85 capture_ms=4.88 queue_ms=52.93 gpu_ms=0.01 unpack_ms=1.64 total_ms=80.31
v5_service device=0 lane=0 class=3 jobs=1 rows=12912 cells=120182 reach=801954 reverse=837629 table_mib=25.5 mutable_mib=512.0 max_job_mib=547.6 oldest_ms=314.60 pack_ms=16.80 solve_ms=80.37
v5_device jobs=29 rows=16918 cells=207509 direct=true graph_reused=false upload_ms=38.74 capture_ms=3.59 queue_ms=66.40 gpu_ms=0.01 unpack_ms=3.13 total_ms=111.87
v5_service device=0 lane=1 class=1 jobs=29 rows=16918 cells=207509 reach=893321 reverse=946067 table_mib=30.6 mutable_mib=592.0 max_job_mib=36.4 oldest_ms=81.32 pack_ms=19.99 solve_ms=111.91
v5_device jobs=2 rows=3543 cells=16488 direct=true graph_reused=false upload_ms=2.39 capture_ms=3.61 queue_ms=11.12 gpu_ms=0.01 unpack_ms=0.38 total_ms=17.51
v5_service device=0 lane=1 class=2 jobs=2 rows=3543 cells=16488 reach=124263 reverse=126877 table_mib=4.5 mutable_mib=128.0 max_job_mib=67.4 oldest_ms=218.62 pack_ms=3.02 solve_ms=17.55
v5_device jobs=4 rows=1256 cells=20368 direct=true graph_reused=false upload_ms=0.67 capture_ms=4.04 queue_ms=7.70 gpu_ms=0.01 unpack_ms=0.31 total_ms=12.72
v5_service device=0 lane=1 class=0 jobs=4 rows=1256 cells=20368 reach=43048 reverse=48914 table_mib=1.8 mutable_mib=32.0 max_job_mib=9.0 oldest_ms=218.94 pack_ms=1.50 solve_ms=12.77
v5_device jobs=33 rows=22058 cells=149116 direct=true graph_reused=false upload_ms=65.93 capture_ms=3.49 queue_ms=78.97 gpu_ms=0.01 unpack_ms=6.22 total_ms=154.63
v5_service device=1 lane=1 class=1 jobs=33 rows=22058 cells=149116 reach=1618304 reverse=1644755 table_mib=48.8 mutable_mib=704.0 max_job_mib=36.4 oldest_ms=81.03 pack_ms=31.05 solve_ms=154.67
v5_device jobs=21 rows=13258 cells=378595 direct=true graph_reused=false upload_ms=28.32 capture_ms=4.58 queue_ms=90.22 gpu_ms=0.01 unpack_ms=3.96 total_ms=127.09
v5_service device=0 lane=0 class=1 jobs=21 rows=13258 cells=378595 reach=816469 reverse=915121 table_mib=30.0 mutable_mib=432.0 max_job_mib=37.1 oldest_ms=84.40 pack_ms=18.89 solve_ms=127.14
v5_device jobs=1 rows=42812 cells=77887 direct=true graph_reused=false upload_ms=73.55 capture_ms=3.63 queue_ms=95.34 gpu_ms=0.01 unpack_ms=5.01 total_ms=177.54
v5_service device=0 lane=1 class=3 jobs=1 rows=42812 cells=77887 reach=1603343 reverse=1603333 table_mib=55.4 mutable_mib=1024.0 max_job_mib=1100.1 oldest_ms=190.81 pack_ms=32.64 solve_ms=177.59
v5_device jobs=2 rows=510 cells=1077 direct=true graph_reused=false upload_ms=0.63 capture_ms=3.87 queue_ms=6.76 gpu_ms=0.01 unpack_ms=0.13 total_ms=11.40
v5_service device=0 lane=0 class=0 jobs=2 rows=510 cells=1077 reach=36784 reverse=36931 table_mib=1.1 mutable_mib=16.0 max_job_mib=9.4 oldest_ms=227.73 pack_ms=0.92 solve_ms=11.45
v5_device jobs=1 rows=1647 cells=123826 direct=true graph_reused=false upload_ms=1.36 capture_ms=4.06 queue_ms=8.55 gpu_ms=0.01 unpack_ms=0.33 total_ms=14.30
v5_service device=0 lane=0 class=2 jobs=1 rows=1647 cells=123826 reach=93352 reverse=123826 table_mib=4.1 mutable_mib=64.0 max_job_mib=70.0 oldest_ms=200.53 pack_ms=2.37 solve_ms=14.35
v5_device jobs=11 rows=28397 cells=331083 direct=true graph_reused=false upload_ms=66.96 capture_ms=3.84 queue_ms=269.39 gpu_ms=0.01 unpack_ms=6.01 total_ms=346.22
v5_service device=1 lane=1 class=2 jobs=11 rows=28397 cells=331083 reach=1565891 reverse=1646328 table_mib=52.2 mutable_mib=960.0 max_job_mib=262.5 oldest_ms=276.42 pack_ms=34.02 solve_ms=346.27
v5_device jobs=4 rows=887 cells=14754 direct=true graph_reused=false upload_ms=0.60 capture_ms=5.15 queue_ms=20.28 gpu_ms=0.01 unpack_ms=0.51 total_ms=26.55
v5_service device=1 lane=1 class=0 jobs=4 rows=887 cells=14754 reach=35501 reverse=38567 table_mib=1.4 mutable_mib=24.0 max_job_mib=9.1 oldest_ms=655.70 pack_ms=2.25 solve_ms=26.59
v5_device jobs=42 rows=25481 cells=414267 direct=true graph_reused=false upload_ms=60.98 capture_ms=3.71 queue_ms=105.33 gpu_ms=0.01 unpack_ms=6.84 total_ms=176.88
v5_service device=0 lane=1 class=1 jobs=42 rows=25481 cells=414267 reach=1458734 reverse=1549861 table_mib=50.1 mutable_mib=912.0 max_job_mib=38.6 oldest_ms=79.58 pack_ms=26.73 solve_ms=176.94
v5_device jobs=21 rows=15298 cells=466895 direct=true graph_reused=false upload_ms=38.77 capture_ms=4.79 queue_ms=102.20 gpu_ms=0.01 unpack_ms=6.52 total_ms=152.29
v5_service device=0 lane=0 class=1 jobs=21 rows=15298 cells=466895 reach=1148913 reverse=1284613 table_mib=39.6 mutable_mib=512.0 max_job_mib=43.1 oldest_ms=82.82 pack_ms=20.97 solve_ms=152.34
v5_device jobs=2 rows=601 cells=6999 direct=true graph_reused=false upload_ms=0.97 capture_ms=4.11 queue_ms=8.61 gpu_ms=0.01 unpack_ms=0.22 total_ms=13.92
v5_service device=0 lane=1 class=0 jobs=2 rows=601 cells=6999 reach=62910 reverse=64933 table_mib=1.8 mutable_mib=16.0 max_job_mib=9.8 oldest_ms=288.23 pack_ms=1.32 solve_ms=13.98
v5_device jobs=4 rows=128386 cells=622698 direct=true graph_reused=false upload_ms=240.03 capture_ms=4.35 queue_ms=319.82 gpu_ms=0.02 unpack_ms=33.96 total_ms=598.18
v5_service device=1 lane=0 class=3 jobs=4 rows=128386 cells=622698 reach=5018827 reverse=5482237 table_mib=183.0 mutable_mib=4096.0 max_job_mib=1100.2 oldest_ms=2680.23 pack_ms=100.78 solve_ms=598.23
v5_device jobs=3 rows=6204 cells=31541 direct=true graph_reused=false upload_ms=3.47 capture_ms=3.68 queue_ms=12.91 gpu_ms=0.01 unpack_ms=0.48 total_ms=20.54
v5_service device=0 lane=1 class=2 jobs=3 rows=6204 cells=31541 reach=162385 reverse=166522 table_mib=6.7 mutable_mib=192.0 max_job_mib=67.6 oldest_ms=297.51 pack_ms=4.31 solve_ms=20.60
v5_device jobs=6 rows=12965 cells=378549 direct=true graph_reused=false upload_ms=21.83 capture_ms=3.73 queue_ms=48.44 gpu_ms=0.02 unpack_ms=3.68 total_ms=77.71
v5_service device=0 lane=0 class=2 jobs=6 rows=12965 cells=378549 reach=801045 reverse=905641 table_mib=28.5 mutable_mib=512.0 max_job_mib=131.7 oldest_ms=268.54 pack_ms=21.92 solve_ms=77.79
v5_device jobs=3 rows=813 cells=8806 direct=true graph_reused=false upload_ms=0.65 capture_ms=4.02 queue_ms=5.34 gpu_ms=0.01 unpack_ms=0.15 total_ms=10.17
v5_service device=0 lane=0 class=0 jobs=3 rows=813 cells=8806 reach=32735 reverse=35357 table_mib=1.3 mutable_mib=20.0 max_job_mib=9.0 oldest_ms=365.09 pack_ms=0.85 solve_ms=10.22
v5_device jobs=29 rows=8145 cells=103888 direct=true graph_reused=false upload_ms=4.87 capture_ms=4.94 queue_ms=94.83 gpu_ms=0.01 unpack_ms=1.26 total_ms=105.90
v5_service device=1 lane=0 class=0 jobs=29 rows=8145 cells=103888 reach=211475 reverse=236769 table_mib=9.5 mutable_mib=224.0 max_job_mib=9.3 oldest_ms=76.93 pack_ms=6.00 solve_ms=105.96
v5_device jobs=1 rows=43228 cells=406707 direct=true graph_reused=false upload_ms=116.47 capture_ms=3.56 queue_ms=156.24 gpu_ms=0.03 unpack_ms=29.67 total_ms=305.97
v5_service device=1 lane=1 class=3 jobs=1 rows=43228 cells=406707 reach=2841559 reverse=2964352 table_mib=88.5 mutable_mib=1024.0 max_job_mib=1148.2 oldest_ms=656.48 pack_ms=45.61 solve_ms=306.03
v5_device jobs=1 rows=32128 cells=240342 direct=true graph_reused=false upload_ms=89.72 capture_ms=3.86 queue_ms=89.23 gpu_ms=0.02 unpack_ms=8.13 total_ms=190.97
v5_service device=0 lane=1 class=3 jobs=1 rows=32128 cells=240342 reach=2136783 reverse=2188927 table_mib=65.4 mutable_mib=1024.0 max_job_mib=1116.3 oldest_ms=312.85 pack_ms=36.99 solve_ms=191.02
v5_device jobs=1 rows=45952 cells=343515 direct=true graph_reused=false upload_ms=94.80 capture_ms=3.42 queue_ms=90.70 gpu_ms=0.02 unpack_ms=6.91 total_ms=195.85
v5_service device=0 lane=0 class=3 jobs=1 rows=45952 cells=343515 reach=2224236 reverse=2285951 table_mib=73.8 mutable_mib=1024.0 max_job_mib=1125.1 oldest_ms=335.26 pack_ms=36.66 solve_ms=195.91
v5_device jobs=1 rows=15181 cells=18508 direct=true graph_reused=false upload_ms=10.94 capture_ms=3.21 queue_ms=24.25 gpu_ms=0.01 unpack_ms=0.78 total_ms=39.19
v5_service device=0 lane=0 class=3 jobs=1 rows=15181 cells=18508 reach=416640 reverse=416632 table_mib=16.2 mutable_mib=512.0 max_job_mib=533.6 oldest_ms=559.92 pack_ms=9.75 solve_ms=39.24
v5_device jobs=19 rows=13439 cells=311847 direct=true graph_reused=false upload_ms=16.80 capture_ms=4.76 queue_ms=52.53 gpu_ms=0.01 unpack_ms=3.83 total_ms=77.93
v5_service device=0 lane=0 class=1 jobs=19 rows=13439 cells=311847 reach=663181 reverse=728397 table_mib=25.1 mutable_mib=416.0 max_job_mib=38.2 oldest_ms=81.56 pack_ms=13.55 solve_ms=77.99
v5_device jobs=35 rows=24474 cells=272325 direct=true graph_reused=false upload_ms=69.26 capture_ms=3.36 queue_ms=118.46 gpu_ms=0.01 unpack_ms=6.90 total_ms=198.00
v5_service device=0 lane=1 class=1 jobs=35 rows=24474 cells=272325 reach=1593229 reverse=1661633 table_mib=51.2 mutable_mib=784.0 max_job_mib=38.8 oldest_ms=81.29 pack_ms=33.04 solve_ms=198.06
v5_device jobs=5 rows=1288 cells=13554 direct=true graph_reused=false upload_ms=0.98 capture_ms=3.55 queue_ms=8.96 gpu_ms=0.01 unpack_ms=0.32 total_ms=13.81
v5_service device=0 lane=0 class=0 jobs=5 rows=1288 cells=13554 reach=59660 reverse=62753 table_mib=2.1 mutable_mib=40.0 max_job_mib=8.9 oldest_ms=171.49 pack_ms=1.64 solve_ms=13.86
v5_device jobs=2 rows=536 cells=3817 direct=true graph_reused=false upload_ms=0.47 capture_ms=5.60 queue_ms=5.84 gpu_ms=0.01 unpack_ms=0.09 total_ms=12.01
v5_service device=0 lane=1 class=0 jobs=2 rows=536 cells=3817 reach=36448 reverse=37467 table_mib=1.2 mutable_mib=16.0 max_job_mib=9.4 oldest_ms=311.90 pack_ms=0.77 solve_ms=12.07
v5_device jobs=36 rows=25509 cells=341180 direct=true graph_reused=false upload_ms=76.44 capture_ms=4.24 queue_ms=198.75 gpu_ms=0.02 unpack_ms=5.65 total_ms=285.10
v5_service device=1 lane=1 class=1 jobs=36 rows=25509 cells=341180 reach=1493388 reverse=1561770 table_mib=49.3 mutable_mib=848.0 max_job_mib=40.1 oldest_ms=82.52 pack_ms=28.86 solve_ms=285.15
v5_device jobs=4 rows=1201 cells=3773 direct=true graph_reused=false upload_ms=0.65 capture_ms=4.54 queue_ms=3.23 gpu_ms=0.01 unpack_ms=0.16 total_ms=8.59
v5_service device=1 lane=1 class=0 jobs=4 rows=1201 cells=3773 reach=25086 reverse=25527 table_mib=1.1 mutable_mib=32.0 max_job_mib=8.5 oldest_ms=400.30 pack_ms=1.02 solve_ms=8.66
v5_device jobs=5 rows=8585 cells=213628 direct=true graph_reused=false upload_ms=10.94 capture_ms=3.57 queue_ms=72.14 gpu_ms=0.01 unpack_ms=2.23 total_ms=88.89
v5_service device=0 lane=1 class=2 jobs=5 rows=8585 cells=213628 reach=553357 reverse=587857 table_mib=18.4 mutable_mib=320.0 max_job_mib=73.1 oldest_ms=318.90 pack_ms=10.44 solve_ms=88.96
v5_device jobs=4 rows=17237 cells=527752 direct=true graph_reused=false upload_ms=20.46 capture_ms=4.73 queue_ms=64.04 gpu_ms=0.02 unpack_ms=5.36 total_ms=94.61
v5_service device=0 lane=0 class=2 jobs=4 rows=17237 cells=527752 reach=716842 reverse=748521 table_mib=29.6 mutable_mib=576.0 max_job_mib=282.6 oldest_ms=177.54 pack_ms=17.56 solve_ms=94.66
v5_device jobs=3 rows=5962 cells=36256 direct=true graph_reused=false upload_ms=7.80 capture_ms=4.13 queue_ms=18.73 gpu_ms=0.01 unpack_ms=0.84 total_ms=31.51
v5_service device=1 lane=1 class=2 jobs=3 rows=5962 cells=36256 reach=277633 reverse=288460 table_mib=9.4 mutable_mib=192.0 max_job_mib=72.1 oldest_ms=407.62 pack_ms=7.78 solve_ms=31.58
v5_device jobs=100 rows=68358 cells=1268711 direct=true graph_reused=false upload_ms=123.26 capture_ms=3.65 queue_ms=252.25 gpu_ms=0.01 unpack_ms=19.59 total_ms=398.75
v5_service device=1 lane=0 class=1 jobs=100 rows=68358 cells=1268711 reach=2674018 reverse=2948333 table_mib=107.4 mutable_mib=2160.0 max_job_mib=37.7 oldest_ms=237.79 pack_ms=72.42 solve_ms=398.80
v5_device jobs=28 rows=18264 cells=236612 direct=true graph_reused=false upload_ms=42.60 capture_ms=3.40 queue_ms=59.90 gpu_ms=0.02 unpack_ms=4.47 total_ms=110.39
v5_service device=0 lane=1 class=1 jobs=28 rows=18264 cells=236612 reach=1099406 reverse=1145694 table_mib=36.1 mutable_mib=624.0 max_job_mib=37.7 oldest_ms=83.85 pack_ms=22.40 solve_ms=110.45
v5_device jobs=1 rows=91 cells=430 direct=true graph_reused=false upload_ms=0.15 capture_ms=3.88 queue_ms=1.59 gpu_ms=0.01 unpack_ms=0.21 total_ms=5.84
v5_service device=0 lane=1 class=0 jobs=1 rows=91 cells=430 reach=2169 reverse=2523 table_mib=0.1 mutable_mib=2.0 max_job_mib=2.1 oldest_ms=212.47 pack_ms=0.18 solve_ms=5.90
v5_device jobs=23 rows=16989 cells=176631 direct=true graph_reused=false upload_ms=18.23 capture_ms=3.36 queue_ms=107.41 gpu_ms=0.01 unpack_ms=3.22 total_ms=132.23
v5_service device=1 lane=1 class=1 jobs=23 rows=16989 cells=176631 reach=718956 reverse=757118 table_mib=26.2 mutable_mib=528.0 max_job_mib=35.8 oldest_ms=78.86 pack_ms=14.68 solve_ms=132.29
v5_device jobs=16 rows=35357 cells=464404 direct=true graph_reused=false upload_ms=54.83 capture_ms=4.46 queue_ms=85.92 gpu_ms=0.04 unpack_ms=9.56 total_ms=154.81
v5_service device=1 lane=0 class=2 jobs=16 rows=35357 cells=464404 reach=1140752 reverse=1195244 table_mib=46.0 mutable_mib=1152.0 max_job_mib=143.4 oldest_ms=759.60 pack_ms=28.76 solve_ms=154.89
v5_device jobs=1 rows=13992 cells=108724 direct=true graph_reused=false upload_ms=60.11 capture_ms=3.44 queue_ms=64.11 gpu_ms=0.01 unpack_ms=4.49 total_ms=132.16
v5_service device=1 lane=1 class=3 jobs=1 rows=13992 cells=108724 reach=1663796 reverse=1689232 table_mib=45.5 mutable_mib=512.0 max_job_mib=579.0 oldest_ms=228.94 pack_ms=28.96 solve_ms=132.23
v5_device jobs=24 rows=16415 cells=167463 direct=true graph_reused=false upload_ms=41.58 capture_ms=3.33 queue_ms=53.38 gpu_ms=0.02 unpack_ms=4.36 total_ms=102.67
v5_service device=0 lane=1 class=1 jobs=24 rows=16415 cells=167463 reach=1090714 reverse=1121484 table_mib=34.0 mutable_mib=512.0 max_job_mib=37.9 oldest_ms=79.03 pack_ms=19.46 solve_ms=102.72
v5_device jobs=7 rows=23749 cells=111386 direct=true graph_reused=false upload_ms=36.24 capture_ms=3.43 queue_ms=44.02 gpu_ms=0.01 unpack_ms=2.20 total_ms=85.90
v5_service device=1 lane=1 class=2 jobs=7 rows=23749 cells=111386 reach=789097 reverse=799315 table_mib=29.2 mutable_mib=704.0 max_job_mib=268.6 oldest_ms=390.43 pack_ms=16.12 solve_ms=85.96
v5_device jobs=5 rows=1147 cells=17391 direct=true graph_reused=false upload_ms=0.93 capture_ms=3.51 queue_ms=11.61 gpu_ms=0.01 unpack_ms=0.29 total_ms=16.35
v5_service device=1 lane=1 class=0 jobs=5 rows=1147 cells=17391 reach=60539 reverse=65225 table_mib=2.1 mutable_mib=32.0 max_job_mib=9.7 oldest_ms=482.26 pack_ms=1.97 solve_ms=16.40
v5_device jobs=8 rows=16789 cells=262003 direct=true graph_reused=false upload_ms=35.86 capture_ms=3.63 queue_ms=54.41 gpu_ms=0.02 unpack_ms=3.82 total_ms=97.73
v5_service device=0 lane=1 class=2 jobs=8 rows=16789 cells=262003 reach=933361 reverse=980970 table_mib=30.8 mutable_mib=576.0 max_job_mib=133.7 oldest_ms=206.90 pack_ms=18.52 solve_ms=97.79
v5_device jobs=1 rows=14861 cells=738719 direct=true graph_reused=false upload_ms=16.58 capture_ms=3.51 queue_ms=38.39 gpu_ms=0.01 unpack_ms=2.77 total_ms=61.26
v5_service device=0 lane=1 class=3 jobs=1 rows=14861 cells=738719 reach=730942 reverse=738719 table_mib=27.5 mutable_mib=512.0 max_job_mib=551.6 oldest_ms=320.24 pack_ms=15.85 solve_ms=61.32
v5_device jobs=3 rows=847 cells=7731 direct=true graph_reused=false upload_ms=0.41 capture_ms=3.70 queue_ms=4.23 gpu_ms=0.01 unpack_ms=0.09 total_ms=8.43
v5_service device=0 lane=1 class=0 jobs=3 rows=847 cells=7731 reach=15959 reverse=16705 table_mib=0.8 mutable_mib=24.0 max_job_mib=8.4 oldest_ms=395.04 pack_ms=0.55 solve_ms=8.48
v5_device jobs=35 rows=23926 cells=539417 direct=true graph_reused=false upload_ms=46.69 capture_ms=3.40 queue_ms=63.46 gpu_ms=0.02 unpack_ms=5.68 total_ms=119.24
v5_service device=1 lane=1 class=1 jobs=35 rows=23926 cells=539417 reach=1230501 reverse=1354166 table_mib=45.0 mutable_mib=768.0 max_job_mib=37.6 oldest_ms=78.65 pack_ms=22.94 solve_ms=119.30
v5_device jobs=4 rows=945 cells=8232 direct=true graph_reused=false upload_ms=38.16 capture_ms=3.57 queue_ms=10.17 gpu_ms=0.01 unpack_ms=0.18 total_ms=52.09
v5_service device=1 lane=1 class=0 jobs=4 rows=945 cells=8232 reach=35012 reverse=36938 table_mib=1.3 mutable_mib=32.0 max_job_mib=9.0 oldest_ms=219.90 pack_ms=0.94 solve_ms=52.14
v5_device jobs=45 rows=27738 cells=616284 direct=true graph_reused=false upload_ms=50.16 capture_ms=3.48 queue_ms=65.93 gpu_ms=0.02 unpack_ms=6.01 total_ms=125.61
v5_service device=0 lane=1 class=1 jobs=45 rows=27738 cells=616284 reach=1180711 reverse=1320862 table_mib=46.2 mutable_mib=928.0 max_job_mib=35.7 oldest_ms=79.38 pack_ms=23.38 solve_ms=125.66
v5_device jobs=4 rows=1190 cells=15998 direct=true graph_reused=false upload_ms=0.61 capture_ms=3.61 queue_ms=5.67 gpu_ms=0.01 unpack_ms=0.19 total_ms=10.09
v5_service device=0 lane=1 class=0 jobs=4 rows=1190 cells=15998 reach=28395 reverse=31022 table_mib=1.3 mutable_mib=32.0 max_job_mib=8.7 oldest_ms=232.53 pack_ms=1.71 solve_ms=10.14
v5_device jobs=1 rows=2389 cells=29984 direct=true graph_reused=false upload_ms=0.72 capture_ms=3.48 queue_ms=8.05 gpu_ms=0.01 unpack_ms=0.18 total_ms=12.43
v5_service device=0 lane=1 class=2 jobs=1 rows=2389 cells=29984 reach=29836 reverse=29984 table_mib=1.8 mutable_mib=64.0 max_job_mib=67.0 oldest_ms=190.60 pack_ms=1.04 solve_ms=12.48
v5_device jobs=9 rows=6862 cells=106194 direct=true graph_reused=false upload_ms=6.71 capture_ms=3.05 queue_ms=29.35 gpu_ms=0.01 unpack_ms=1.46 total_ms=40.57
v5_service device=0 lane=1 class=1 jobs=9 rows=6862 cells=106194 reach=445773 reverse=464812 table_mib=14.4 mutable_mib=224.0 max_job_mib=36.5 oldest_ms=76.49 pack_ms=7.06 solve_ms=40.63
v5_device jobs=2 rows=4821 cells=34289 direct=true graph_reused=false upload_ms=3.46 capture_ms=3.38 queue_ms=19.66 gpu_ms=0.01 unpack_ms=0.39 total_ms=26.89
v5_service device=0 lane=1 class=2 jobs=2 rows=4821 cells=34289 reach=238217 reverse=239530 table_mib=7.5 mutable_mib=192.0 max_job_mib=130.1 oldest_ms=125.21 pack_ms=4.48 solve_ms=26.96
v5_device jobs=2 rows=612 cells=28007 direct=true graph_reused=false upload_ms=0.34 capture_ms=3.75 queue_ms=3.88 gpu_ms=0.00 unpack_ms=0.10 total_ms=8.07
v5_service device=0 lane=1 class=0 jobs=2 rows=612 cells=28007 reach=21467 reverse=28007 table_mib=1.0 mutable_mib=16.0 max_job_mib=9.3 oldest_ms=155.76 pack_ms=0.58 solve_ms=8.11
v5_device jobs=34 rows=23335 cells=357391 direct=true graph_reused=false upload_ms=37.42 capture_ms=4.13 queue_ms=150.77 gpu_ms=0.02 unpack_ms=4.93 total_ms=197.26
v5_service device=1 lane=1 class=1 jobs=34 rows=23335 cells=357391 reach=1059307 reverse=1126113 table_mib=38.1 mutable_mib=736.0 max_job_mib=37.4 oldest_ms=80.67 pack_ms=19.96 solve_ms=197.32
v5_device jobs=5 rows=22785 cells=307057 direct=true graph_reused=false upload_ms=22.79 capture_ms=3.38 queue_ms=45.41 gpu_ms=0.01 unpack_ms=3.83 total_ms=75.43
v5_service device=1 lane=1 class=2 jobs=5 rows=22785 cells=307057 reach=584763 reverse=614731 table_mib=24.9 mutable_mib=640.0 max_job_mib=269.9 oldest_ms=305.58 pack_ms=14.67 solve_ms=75.49
v5_device jobs=11 rows=3263 cells=52821 direct=true graph_reused=false upload_ms=1.59 capture_ms=3.27 queue_ms=11.18 gpu_ms=0.01 unpack_ms=0.43 total_ms=16.47
v5_service device=1 lane=1 class=0 jobs=11 rows=3263 cells=52821 reach=93132 reverse=107452 table_mib=4.2 mutable_mib=84.0 max_job_mib=8.9 oldest_ms=395.60 pack_ms=2.38 solve_ms=16.51
v5_device jobs=1 rows=39352 cells=99703 direct=true graph_reused=false upload_ms=33.59 capture_ms=3.32 queue_ms=47.95 gpu_ms=0.01 unpack_ms=0.81 total_ms=85.68
v5_service device=1 lane=1 class=3 jobs=1 rows=39352 cells=99703 reach=555126 reverse=555138 table_mib=30.5 mutable_mib=1024.0 max_job_mib=1060.9 oldest_ms=407.02 pack_ms=17.68 solve_ms=85.73
v5_device jobs=3 rows=116175 cells=4109389 direct=true graph_reused=false upload_ms=316.27 capture_ms=3.14 queue_ms=495.78 gpu_ms=0.02 unpack_ms=97.32 total_ms=912.52
v5_service device=1 lane=0 class=3 jobs=3 rows=116175 cells=4109389 reach=8596713 reverse=8620379 table_mib=276.1 mutable_mib=4096.0 max_job_mib=2259.9 oldest_ms=956.38 pack_ms=224.14 solve_ms=912.57
v5_device jobs=1 rows=56487 cells=3145532 direct=true graph_reused=false upload_ms=97.41 capture_ms=3.01 queue_ms=156.80 gpu_ms=0.02 unpack_ms=46.33 total_ms=303.57
v5_service device=0 lane=1 class=3 jobs=1 rows=56487 cells=3145532 reach=2519722 reverse=3192248 table_mib=110.1 mutable_mib=2048.0 max_job_mib=2205.5 oldest_ms=157.95 pack_ms=56.34 solve_ms=303.63
v5_device jobs=1 rows=18504 cells=22872 direct=true graph_reused=false upload_ms=19.15 capture_ms=3.41 queue_ms=34.25 gpu_ms=0.02 unpack_ms=1.99 total_ms=58.81
v5_service device=1 lane=0 class=3 jobs=1 rows=18504 cells=22872 reach=704434 reverse=704440 table_mib=24.5 mutable_mib=512.0 max_job_mib=545.6 oldest_ms=2087.70 pack_ms=14.32 solve_ms=58.86
v5_device jobs=39 rows=26278 cells=621687 direct=true graph_reused=false upload_ms=24.87 capture_ms=4.46 queue_ms=87.26 gpu_ms=0.02 unpack_ms=6.41 total_ms=123.01
v5_service device=1 lane=0 class=1 jobs=39 rows=26278 cells=621687 reach=862637 reverse=1003066 table_mib=38.5 mutable_mib=928.0 max_job_mib=36.6 oldest_ms=79.19 pack_ms=20.25 solve_ms=123.06
v5_device jobs=9 rows=2166 cells=51390 direct=true graph_reused=false upload_ms=1.14 capture_ms=5.01 queue_ms=14.55 gpu_ms=0.01 unpack_ms=0.43 total_ms=21.14
v5_service device=1 lane=0 class=0 jobs=9 rows=2166 cells=51390 reach=47420 reverse=61803 table_mib=2.8 mutable_mib=68.0 max_job_mib=9.0 oldest_ms=227.47 pack_ms=1.70 solve_ms=21.19
v5_device jobs=3 rows=14508 cells=157655 direct=true graph_reused=false upload_ms=3.57 capture_ms=3.20 queue_ms=18.67 gpu_ms=0.01 unpack_ms=0.71 total_ms=26.16
v5_service device=1 lane=0 class=2 jobs=3 rows=14508 cells=157655 reach=155752 reverse=157661 table_mib=9.4 mutable_mib=448.0 max_job_mib=263.7 oldest_ms=250.91 pack_ms=4.51 solve_ms=26.20
v5_device jobs=9 rows=30953 cells=1926168 direct=true graph_reused=false upload_ms=89.37 capture_ms=3.35 queue_ms=189.94 gpu_ms=0.02 unpack_ms=30.23 total_ms=312.91
v5_service device=1 lane=1 class=2 jobs=9 rows=30953 cells=1926168 reach=2538035 reverse=3089425 table_mib=94.9 mutable_mib=1152.0 max_job_mib=328.1 oldest_ms=87.21 pack_ms=52.29 solve_ms=312.96
v5_device jobs=26 rows=19167 cells=502970 direct=true graph_reused=false upload_ms=17.88 capture_ms=3.40 queue_ms=50.56 gpu_ms=0.03 unpack_ms=4.56 total_ms=76.43
v5_service device=1 lane=1 class=1 jobs=26 rows=19167 cells=502970 reach=676247 reverse=795415 table_mib=29.5 mutable_mib=624.0 max_job_mib=37.1 oldest_ms=458.89 pack_ms=23.00 solve_ms=76.47
v5_device jobs=6 rows=1436 cells=17196 direct=true graph_reused=false upload_ms=1.36 capture_ms=4.41 queue_ms=13.55 gpu_ms=0.01 unpack_ms=0.42 total_ms=19.74
v5_service device=1 lane=1 class=0 jobs=6 rows=1436 cells=17196 reach=71548 reverse=74777 table_mib=2.5 mutable_mib=40.0 max_job_mib=9.5 oldest_ms=562.12 pack_ms=1.86 solve_ms=19.80
v5_device jobs=1 rows=94007 cells=4867733 direct=true graph_reused=false upload_ms=158.29 capture_ms=2.79 queue_ms=248.91 gpu_ms=6.18 unpack_ms=61.83 total_ms=478.01
v5_service device=0 lane=0 class=31 jobs=1 rows=94007 cells=4867733 reach=4108444 reverse=5047230 table_mib=175.7 mutable_mib=4096.0 max_job_mib=4352.1 oldest_ms=1651.20 pack_ms=76.55 solve_ms=478.13
v5_device jobs=1 rows=22660 cells=42455 direct=true graph_reused=false upload_ms=13.12 capture_ms=3.62 queue_ms=56.99 gpu_ms=91.36 unpack_ms=1.34 total_ms=166.43
v5_service device=1 lane=1 class=3 jobs=1 rows=22660 cells=42455 reach=308361 reverse=308353 table_mib=16.9 mutable_mib=512.0 max_job_mib=532.7 oldest_ms=578.05 pack_ms=12.13 solve_ms=166.48
v5_device jobs=41 rows=30015 cells=788476 direct=true graph_reused=false upload_ms=56.10 capture_ms=4.35 queue_ms=81.61 gpu_ms=82.92 unpack_ms=7.46 total_ms=232.45
v5_service device=1 lane=0 class=1 jobs=41 rows=30015 cells=788476 reach=1064560 reverse=1253097 table_mib=46.0 mutable_mib=960.0 max_job_mib=39.3 oldest_ms=82.04 pack_ms=24.58 solve_ms=232.51
v5_device jobs=1 rows=14728 cells=30540 direct=true graph_reused=false upload_ms=9.04 capture_ms=3.59 queue_ms=24.89 gpu_ms=71.63 unpack_ms=1.12 total_ms=110.26
v5_service device=1 lane=1 class=3 jobs=1 rows=14728 cells=30540 reach=273532 reverse=273544 table_mib=12.9 mutable_mib=512.0 max_job_mib=528.2 oldest_ms=724.07 pack_ms=8.80 solve_ms=110.32
v5_device jobs=2 rows=4892 cells=18722 direct=true graph_reused=false upload_ms=8.17 capture_ms=5.38 queue_ms=36.69 gpu_ms=43.78 unpack_ms=28.07 total_ms=122.09
v5_service device=1 lane=0 class=2 jobs=2 rows=4892 cells=18722 reach=439317 reverse=440711 table_mib=12.3 mutable_mib=192.0 max_job_mib=131.0 oldest_ms=345.55 pack_ms=9.14 solve_ms=122.19
v5_device jobs=22 rows=14398 cells=338662 direct=true graph_reused=false upload_ms=15.64 capture_ms=3.38 queue_ms=85.33 gpu_ms=0.01 unpack_ms=2.80 total_ms=107.16
v5_service device=1 lane=0 class=1 jobs=22 rows=14398 cells=338662 reach=564300 reverse=645262 table_mib=23.3 mutable_mib=496.0 max_job_mib=38.4 oldest_ms=80.60 pack_ms=13.44 solve_ms=107.20
v5_device jobs=29 rows=19187 cells=401471 direct=true graph_reused=false upload_ms=36.35 capture_ms=3.40 queue_ms=79.58 gpu_ms=0.01 unpack_ms=5.33 total_ms=124.67
v5_service device=1 lane=1 class=1 jobs=29 rows=19187 cells=401471 reach=881052 reverse=968074 table_mib=34.1 mutable_mib=624.0 max_job_mib=37.1 oldest_ms=78.88 pack_ms=16.73 solve_ms=124.71
v5_device jobs=8 rows=2202 cells=34778 direct=true graph_reused=false upload_ms=1.53 capture_ms=4.89 queue_ms=17.74 gpu_ms=0.01 unpack_ms=0.66 total_ms=24.84
v5_service device=1 lane=0 class=0 jobs=8 rows=2202 cells=34778 reach=75310 reverse=82822 table_mib=3.4 mutable_mib=64.0 max_job_mib=9.2 oldest_ms=204.58 pack_ms=2.09 solve_ms=24.89
v5_device jobs=3 rows=4572 cells=126601 direct=true graph_reused=false upload_ms=6.15 capture_ms=3.48 queue_ms=20.53 gpu_ms=0.01 unpack_ms=1.44 total_ms=31.61
v5_service device=1 lane=0 class=2 jobs=3 rows=4572 cells=126601 reach=281302 reverse=305662 table_mib=10.2 mutable_mib=192.0 max_job_mib=71.9 oldest_ms=232.26 pack_ms=5.84 solve_ms=31.66
v5_device jobs=1 rows=95301 cells=3321497 direct=true graph_reused=false upload_ms=150.18 capture_ms=2.63 queue_ms=350.59 gpu_ms=0.02 unpack_ms=86.79 total_ms=590.21
v5_service device=0 lane=0 class=31 jobs=1 rows=95301 cells=3321497 reach=3028981 reverse=3613891 table_mib=151.9 mutable_mib=4096.0 max_job_mib=4369.8 oldest_ms=2213.89 pack_ms=59.32 solve_ms=590.33
v5_device jobs=3 rows=9842 cells=304971 direct=true graph_reused=false upload_ms=4.75 capture_ms=3.36 queue_ms=27.26 gpu_ms=0.01 unpack_ms=1.77 total_ms=37.15
v5_service device=0 lane=1 class=2 jobs=3 rows=9842 cells=304971 reach=243734 reverse=304971 table_mib=12.9 mutable_mib=320.0 max_job_mib=137.4 oldest_ms=78.53 pack_ms=5.98 solve_ms=37.20
v5_device jobs=2 rows=60878 cells=277844 direct=true graph_reused=false upload_ms=147.45 capture_ms=3.22 queue_ms=286.81 gpu_ms=0.01 unpack_ms=34.24 total_ms=471.72
v5_service device=1 lane=1 class=3 jobs=2 rows=60878 cells=277844 reach=3882919 reverse=3886376 table_mib=118.3 mutable_mib=2048.0 max_job_mib=1109.1 oldest_ms=215.04 pack_ms=77.22 solve_ms=471.77
v5_device jobs=12 rows=7338 cells=272513 direct=true graph_reused=false upload_ms=3.80 capture_ms=4.59 queue_ms=47.21 gpu_ms=0.01 unpack_ms=1.50 total_ms=57.10
v5_service device=0 lane=1 class=1 jobs=12 rows=7338 cells=272513 reach=210568 reverse=272513 table_mib=11.1 mutable_mib=240.0 max_job_mib=35.9 oldest_ms=122.47 pack_ms=5.19 solve_ms=57.16
v5_device jobs=4 rows=9693 cells=24041 direct=true graph_reused=false upload_ms=6.52 capture_ms=4.32 queue_ms=19.85 gpu_ms=0.01 unpack_ms=1.13 total_ms=31.83
v5_service device=1 lane=1 class=2 jobs=4 rows=9693 cells=24041 reach=312033 reverse=313250 table_mib=11.4 mutable_mib=320.0 max_job_mib=132.6 oldest_ms=763.77 pack_ms=8.67 solve_ms=31.89
v5_device jobs=1 rows=45260 cells=3000664 direct=true graph_reused=false upload_ms=111.17 capture_ms=3.44 queue_ms=329.13 gpu_ms=0.01 unpack_ms=55.57 total_ms=499.33
v5_service device=1 lane=0 class=3 jobs=1 rows=45260 cells=3000664 reach=2987059 reverse=3000664 table_mib=112.2 mutable_mib=2048.0 max_job_mib=2230.9 oldest_ms=255.20 pack_ms=81.35 solve_ms=499.37
v5_device jobs=4 rows=1068 cells=9460 direct=true graph_reused=false upload_ms=0.40 capture_ms=4.88 queue_ms=3.53 gpu_ms=86.35 unpack_ms=0.22 total_ms=95.38
v5_service device=1 lane=1 class=0 jobs=4 rows=1068 cells=9460 reach=8034 reverse=9460 table_mib=0.7 mutable_mib=32.0 max_job_mib=8.4 oldest_ms=803.99 pack_ms=1.22 solve_ms=95.43
v5_device jobs=24 rows=6041 cells=72565 direct=true graph_reused=false upload_ms=1.62 capture_ms=3.75 queue_ms=15.53 gpu_ms=76.48 unpack_ms=0.99 total_ms=98.38
v5_service device=0 lane=1 class=0 jobs=24 rows=6041 cells=72565 reach=58551 reverse=72565 table_mib=4.5 mutable_mib=176.0 max_job_mib=9.1 oldest_ms=174.95 pack_ms=2.91 solve_ms=98.44
v5_device jobs=33 rows=20342 cells=915926 direct=true graph_reused=false upload_ms=19.67 capture_ms=3.44 queue_ms=71.86 gpu_ms=94.83 unpack_ms=6.88 total_ms=196.68
v5_service device=0 lane=0 class=1 jobs=33 rows=20342 cells=915926 reach=677762 reverse=917244 table_mib=36.2 mutable_mib=720.0 max_job_mib=39.5 oldest_ms=81.78 pack_ms=16.91 solve_ms=196.73
v5_device jobs=13 rows=3149 cells=91390 direct=true graph_reused=false upload_ms=1.58 capture_ms=4.28 queue_ms=26.48 gpu_ms=0.01 unpack_ms=0.75 total_ms=33.11
v5_service device=0 lane=0 class=0 jobs=13 rows=3149 cells=91390 reach=63792 reverse=91416 table_mib=4.1 mutable_mib=88.0 max_job_mib=9.6 oldest_ms=294.97 pack_ms=2.35 solve_ms=33.17
v5_device jobs=1 rows=16020 cells=61746 direct=true graph_reused=false upload_ms=6.56 capture_ms=6.07 queue_ms=32.03 gpu_ms=5.93 unpack_ms=1.86 total_ms=52.45
v5_service device=0 lane=1 class=3 jobs=1 rows=16020 cells=61746 reach=61959 reverse=62154 table_mib=8.2 mutable_mib=512.0 max_job_mib=526.7 oldest_ms=215.93 pack_ms=6.02 solve_ms=52.55
v5_device jobs=6 rows=11685 cells=465766 direct=true graph_reused=false upload_ms=11.51 capture_ms=3.54 queue_ms=26.53 gpu_ms=0.01 unpack_ms=2.02 total_ms=43.61
v5_service device=0 lane=0 class=2 jobs=6 rows=11685 cells=465766 reach=358987 reverse=465832 table_mib=17.6 mutable_mib=384.0 max_job_mib=73.2 oldest_ms=326.93 pack_ms=10.19 solve_ms=43.68
v5_device jobs=31 rows=20309 cells=730958 direct=true graph_reused=false upload_ms=27.12 capture_ms=3.69 queue_ms=58.74 gpu_ms=0.01 unpack_ms=5.81 total_ms=95.38
v5_service device=1 lane=0 class=1 jobs=31 rows=20309 cells=730958 reach=919902 reverse=1084409 table_mib=38.3 mutable_mib=656.0 max_job_mib=36.3 oldest_ms=81.17 pack_ms=20.74 solve_ms=95.43
v5_device jobs=22 rows=5778 cells=84336 direct=true graph_reused=false upload_ms=2.69 capture_ms=3.67 queue_ms=22.32 gpu_ms=0.01 unpack_ms=0.88 total_ms=29.58
v5_service device=0 lane=1 class=0 jobs=22 rows=5778 cells=84336 reach=124446 reverse=143330 table_mib=6.2 mutable_mib=164.0 max_job_mib=9.4 oldest_ms=75.78 pack_ms=3.61 solve_ms=29.64
v5_device jobs=22 rows=16399 cells=562974 direct=true graph_reused=false upload_ms=23.50 capture_ms=3.61 queue_ms=50.05 gpu_ms=0.01 unpack_ms=4.87 total_ms=82.05
v5_service device=1 lane=1 class=1 jobs=22 rows=16399 cells=562974 reach=691748 reverse=837146 table_mib=29.9 mutable_mib=560.0 max_job_mib=38.0 oldest_ms=83.50 pack_ms=21.51 solve_ms=82.10
v5_device jobs=3 rows=5100 cells=83118 direct=true graph_reused=false upload_ms=2.00 capture_ms=3.61 queue_ms=21.81 gpu_ms=0.01 unpack_ms=0.47 total_ms=27.90
v5_service device=1 lane=1 class=2 jobs=3 rows=5100 cells=83118 reach=92784 reverse=105708 table_mib=4.9 mutable_mib=192.0 max_job_mib=66.9 oldest_ms=177.27 pack_ms=2.73 solve_ms=27.95
v5_device jobs=3 rows=739 cells=14491 direct=true graph_reused=false upload_ms=0.36 capture_ms=4.06 queue_ms=3.05 gpu_ms=0.00 unpack_ms=0.15 total_ms=7.63
v5_service device=1 lane=1 class=0 jobs=3 rows=739 cells=14491 reach=15965 reverse=17961 table_mib=0.8 mutable_mib=20.0 max_job_mib=8.7 oldest_ms=201.12 pack_ms=0.57 solve_ms=7.68
v5_device jobs=7 rows=14747 cells=324297 direct=true graph_reused=false upload_ms=11.81 capture_ms=3.69 queue_ms=36.17 gpu_ms=0.01 unpack_ms=7.33 total_ms=59.00
v5_service device=1 lane=0 class=2 jobs=7 rows=14747 cells=324297 reach=317064 reverse=355591 table_mib=16.0 mutable_mib=512.0 max_job_mib=129.9 oldest_ms=217.87 pack_ms=9.94 solve_ms=59.04
v5_device jobs=4 rows=1129 cells=8022 direct=true graph_reused=false upload_ms=0.66 capture_ms=5.95 queue_ms=2.61 gpu_ms=0.01 unpack_ms=0.27 total_ms=9.50
v5_service device=1 lane=0 class=0 jobs=4 rows=1129 cells=8022 reach=18698 reverse=19448 table_mib=1.0 mutable_mib=32.0 max_job_mib=8.6 oldest_ms=275.42 pack_ms=1.78 solve_ms=9.57
v5_device jobs=34 rows=9000 cells=164553 direct=true graph_reused=false upload_ms=5.03 capture_ms=3.28 queue_ms=25.22 gpu_ms=0.01 unpack_ms=1.59 total_ms=35.12
v5_service device=1 lane=1 class=0 jobs=34 rows=9000 cells=164553 reach=242726 reverse=285366 table_mib=11.4 mutable_mib=252.0 max_job_mib=9.5 oldest_ms=76.26 pack_ms=6.56 solve_ms=35.19
v5_device jobs=2 rows=55075 cells=2334933 direct=true graph_reused=false upload_ms=91.25 capture_ms=3.61 queue_ms=101.20 gpu_ms=13.19 unpack_ms=11.12 total_ms=220.37
v5_service device=0 lane=0 class=3 jobs=2 rows=55075 cells=2334933 reach=1826263 reverse=2335038 table_mib=86.2 mutable_mib=2048.0 max_job_mib=1126.7 oldest_ms=380.12 pack_ms=47.23 solve_ms=220.43
v5_device jobs=1 rows=53250 cells=380456 direct=true graph_reused=false upload_ms=96.06 capture_ms=4.20 queue_ms=122.78 gpu_ms=0.02 unpack_ms=5.77 total_ms=228.83
v5_service device=1 lane=0 class=3 jobs=1 rows=53250 cells=380456 reach=1968820 reverse=2472019 table_mib=79.1 mutable_mib=2048.0 max_job_mib=2150.8 oldest_ms=260.94 pack_ms=42.80 solve_ms=228.88
v5_device jobs=22 rows=14372 cells=399987 direct=true graph_reused=false upload_ms=9.30 capture_ms=4.38 queue_ms=270.10 gpu_ms=0.01 unpack_ms=3.46 total_ms=287.25
v5_service device=0 lane=0 class=1 jobs=22 rows=14372 cells=399987 reach=324179 reverse=400089 table_mib=19.0 mutable_mib=496.0 max_job_mib=35.3 oldest_ms=80.26 pack_ms=10.37 solve_ms=287.30
v5_device jobs=5 rows=1491 cells=23578 direct=true graph_reused=false upload_ms=0.52 capture_ms=4.42 queue_ms=4.76 gpu_ms=0.01 unpack_ms=0.18 total_ms=9.88
v5_service device=0 lane=0 class=0 jobs=5 rows=1491 cells=23578 reach=18922 reverse=23578 table_mib=1.2 mutable_mib=40.0 max_job_mib=8.5 oldest_ms=379.10 pack_ms=0.84 solve_ms=9.93
v5_device jobs=3 rows=6623 cells=117124 direct=true graph_reused=false upload_ms=2.19 capture_ms=3.64 queue_ms=16.51 gpu_ms=0.01 unpack_ms=0.87 total_ms=23.21
v5_service device=0 lane=0 class=2 jobs=3 rows=6623 cells=117124 reach=96268 reverse=117130 table_mib=6.0 mutable_mib=192.0 max_job_mib=70.1 oldest_ms=372.56 pack_ms=3.27 solve_ms=23.27
v5_device jobs=23 rows=18037 cells=571922 direct=true graph_reused=false upload_ms=15.00 capture_ms=4.00 queue_ms=222.31 gpu_ms=0.01 unpack_ms=5.23 total_ms=246.56
v5_service device=1 lane=0 class=1 jobs=23 rows=18037 cells=571922 reach=636058 reverse=758280 table_mib=29.5 mutable_mib=608.0 max_job_mib=38.0 oldest_ms=83.20 pack_ms=13.42 solve_ms=246.61
v5_device jobs=6 rows=12933 cells=117559 direct=true graph_reused=false upload_ms=3.99 capture_ms=5.35 queue_ms=29.30 gpu_ms=0.01 unpack_ms=1.41 total_ms=40.06
v5_service device=1 lane=0 class=2 jobs=6 rows=12933 cells=117559 reach=106933 reverse=117937 table_mib=8.5 mutable_mib=448.0 max_job_mib=131.7 oldest_ms=347.35 pack_ms=5.46 solve_ms=40.14
v5_device jobs=5 rows=141739 cells=2899593 direct=true graph_reused=false upload_ms=152.25 capture_ms=3.09 queue_ms=412.19 gpu_ms=0.01 unpack_ms=67.88 total_ms=635.42
v5_service device=0 lane=1 class=3 jobs=5 rows=141739 cells=2899593 reach=2700654 reverse=2899593 table_mib=150.0 mutable_mib=4608.0 max_job_mib=2111.6 oldest_ms=140.69 pack_ms=85.17 solve_ms=635.48
v5_device jobs=34 rows=8791 cells=134478 direct=true graph_reused=false upload_ms=3.25 capture_ms=3.35 queue_ms=18.68 gpu_ms=0.01 unpack_ms=1.02 total_ms=26.30
v5_service device=0 lane=0 class=0 jobs=34 rows=8791 cells=134478 reach=151750 reverse=184053 table_mib=8.4 mutable_mib=244.0 max_job_mib=9.3 oldest_ms=76.05 pack_ms=4.34 solve_ms=26.38
v5_device jobs=7 rows=1816 cells=37862 direct=true graph_reused=false upload_ms=0.81 capture_ms=8.19 queue_ms=4.12 gpu_ms=0.01 unpack_ms=0.30 total_ms=13.43
v5_service device=1 lane=0 class=0 jobs=7 rows=1816 cells=37862 reach=29894 reverse=37862 table_mib=1.8 mutable_mib=48.0 max_job_mib=9.1 oldest_ms=393.98 pack_ms=1.36 solve_ms=13.49
v5_device jobs=161 rows=108776 cells=2765325 direct=true graph_reused=false upload_ms=141.06 capture_ms=4.29 queue_ms=310.99 gpu_ms=0.02 unpack_ms=53.24 total_ms=509.60
v5_service device=1 lane=1 class=1 jobs=161 rows=108776 cells=2765325 reach=3411818 reverse=3996044 table_mib=155.1 mutable_mib=3584.0 max_job_mib=38.0 oldest_ms=175.88 pack_ms=120.26 solve_ms=509.67
v5_device jobs=4 rows=7898 cells=254849 direct=true graph_reused=false upload_ms=5.74 capture_ms=4.16 queue_ms=20.88 gpu_ms=0.02 unpack_ms=1.43 total_ms=32.23
v5_service device=1 lane=0 class=2 jobs=4 rows=7898 cells=254849 reach=272692 reverse=348177 table_mib=12.5 mutable_mib=256.0 max_job_mib=73.5 oldest_ms=79.28 pack_ms=7.13 solve_ms=32.28
v5_device jobs=27 rows=18956 cells=626037 direct=true graph_reused=false upload_ms=17.60 capture_ms=4.54 queue_ms=44.88 gpu_ms=0.02 unpack_ms=4.83 total_ms=71.86
v5_service device=1 lane=0 class=1 jobs=27 rows=18956 cells=626037 reach=519964 reverse=649905 table_mib=27.1 mutable_mib=640.0 max_job_mib=38.2 oldest_ms=122.09 pack_ms=19.61 solve_ms=71.94
v5_device jobs=7 rows=2049 cells=25189 direct=true graph_reused=false upload_ms=0.71 capture_ms=6.17 queue_ms=10.03 gpu_ms=0.01 unpack_ms=0.43 total_ms=17.35
v5_service device=1 lane=0 class=0 jobs=7 rows=2049 cells=25189 reach=21660 reverse=25189 table_mib=1.7 mutable_mib=52.0 max_job_mib=9.1 oldest_ms=214.99 pack_ms=1.06 solve_ms=17.42
v5_device jobs=1 rows=25797 cells=32420 direct=true graph_reused=false upload_ms=57.04 capture_ms=5.02 queue_ms=137.93 gpu_ms=0.02 unpack_ms=4.89 total_ms=204.91
v5_service device=1 lane=0 class=3 jobs=1 rows=25797 cells=32420 reach=1428174 reverse=1428184 table_mib=44.5 mutable_mib=1024.0 max_job_mib=1087.2 oldest_ms=176.15 pack_ms=29.20 solve_ms=204.98
v5_device jobs=25 rows=55856 cells=942025 direct=true graph_reused=false upload_ms=89.79 capture_ms=3.13 queue_ms=195.05 gpu_ms=0.02 unpack_ms=20.01 total_ms=308.00
v5_service device=1 lane=1 class=2 jobs=25 rows=55856 cells=942025 reach=1950136 reverse=2060366 table_mib=77.5 mutable_mib=1920.0 max_job_mib=270.0 oldest_ms=853.41 pack_ms=50.67 solve_ms=308.05
v5_device jobs=17 rows=4659 cells=144189 direct=true graph_reused=false upload_ms=2.58 capture_ms=4.17 queue_ms=19.83 gpu_ms=0.01 unpack_ms=1.03 total_ms=27.62
v5_service device=1 lane=0 class=0 jobs=17 rows=4659 cells=144189 reach=111550 reverse=144189 table_mib=6.3 mutable_mib=128.0 max_job_mib=9.5 oldest_ms=75.91 pack_ms=3.63 solve_ms=27.68
v5_device jobs=112 rows=75981 cells=1888619 direct=true graph_reused=false upload_ms=128.59 capture_ms=3.40 queue_ms=378.70 gpu_ms=0.02 unpack_ms=26.12 total_ms=536.83
v5_service device=0 lane=0 class=1 jobs=112 rows=75981 cells=1888619 reach=2488432 reverse=2900940 table_mib=111.3 mutable_mib=2464.0 max_job_mib=37.4 oldest_ms=125.05 pack_ms=62.17 solve_ms=536.90
v5_device jobs=1 rows=23731 cells=175627 direct=true graph_reused=false upload_ms=64.36 capture_ms=3.10 queue_ms=71.75 gpu_ms=0.02 unpack_ms=5.98 total_ms=145.21
v5_service device=1 lane=1 class=3 jobs=1 rows=23731 cells=175627 reach=1707626 reverse=1748880 table_mib=51.1 mutable_mib=1024.0 max_job_mib=1096.8 oldest_ms=1211.26 pack_ms=23.93 solve_ms=145.27
v5_device jobs=152 rows=103087 cells=2716440 direct=true graph_reused=false upload_ms=147.49 capture_ms=4.35 queue_ms=381.30 gpu_ms=0.02 unpack_ms=29.75 total_ms=562.91
v5_service device=0 lane=1 class=1 jobs=152 rows=103087 cells=2716440 reach=2932548 reverse=3527852 table_mib=141.8 mutable_mib=3296.0 max_job_mib=40.2 oldest_ms=919.37 pack_ms=89.07 solve_ms=562.97
v5_device jobs=1 rows=15726 cells=165646 direct=true graph_reused=false upload_ms=5.19 capture_ms=5.25 queue_ms=116.92 gpu_ms=0.01 unpack_ms=0.73 total_ms=128.10
v5_service device=1 lane=1 class=3 jobs=1 rows=15726 cells=165646 reach=162871 reverse=165670 table_mib=10.9 mutable_mib=512.0 max_job_mib=529.3 oldest_ms=1370.51 pack_ms=5.74 solve_ms=128.15
v5_device jobs=4 rows=73616 cells=664880 direct=true graph_reused=false upload_ms=56.88 capture_ms=4.28 queue_ms=177.22 gpu_ms=0.02 unpack_ms=12.80 total_ms=251.20
v5_service device=1 lane=0 class=3 jobs=4 rows=73616 cells=664880 reach=664232 reverse=664880 table_mib=51.6 mutable_mib=2560.0 max_job_mib=1071.3 oldest_ms=119.00 pack_ms=30.16 solve_ms=251.25
v5_device jobs=19 rows=47764 cells=1339020 direct=true graph_reused=false upload_ms=81.54 capture_ms=3.34 queue_ms=182.56 gpu_ms=0.01 unpack_ms=10.12 total_ms=277.57
v5_service device=0 lane=0 class=2 jobs=19 rows=47764 cells=1339020 reach=1702555 reverse=2003652 table_mib=74.2 mutable_mib=1664.0 max_job_mib=280.8 oldest_ms=795.89 pack_ms=50.07 solve_ms=277.65
v5_device jobs=47 rows=29481 cells=753552 direct=true graph_reused=false upload_ms=37.45 capture_ms=3.14 queue_ms=68.90 gpu_ms=0.02 unpack_ms=7.60 total_ms=117.11
v5_service device=1 lane=1 class=1 jobs=47 rows=29481 cells=753552 reach=849614 reverse=1006814 table_mib=41.6 mutable_mib=944.0 max_job_mib=35.1 oldest_ms=78.41 pack_ms=18.70 solve_ms=117.16
v5_device jobs=19 rows=70826 cells=989130 direct=true graph_reused=false upload_ms=80.13 capture_ms=5.38 queue_ms=176.02 gpu_ms=0.03 unpack_ms=12.80 total_ms=274.34
v5_service device=0 lane=1 class=2 jobs=19 rows=70826 cells=989130 reach=1435950 reverse=1510953 table_mib=67.0 mutable_mib=2112.0 max_job_mib=271.9 oldest_ms=1607.18 pack_ms=45.43 solve_ms=274.41
v5_device jobs=2 rows=41865 cells=497000 direct=true graph_reused=false upload_ms=24.73 capture_ms=3.60 queue_ms=48.11 gpu_ms=0.02 unpack_ms=3.28 total_ms=79.74
v5_service device=0 lane=0 class=3 jobs=2 rows=41865 cells=497000 reach=495875 reverse=497000 table_mib=28.8 mutable_mib=1024.0 max_job_mib=540.5 oldest_ms=1103.74 pack_ms=16.77 solve_ms=79.81
{"phase": "live", "seconds": 60.159, "solves": 56320, "solves_per_s": 936.2, "oversize_routes": 3, "card_exclusive_routes": 0}
v5_device jobs=16 rows=9856 cells=325720 direct=true graph_reused=false upload_ms=9.60 capture_ms=5.03 queue_ms=29.09 gpu_ms=0.01 unpack_ms=1.88 total_ms=45.61
v5_service device=0 lane=1 class=1 jobs=16 rows=9856 cells=325720 reach=433421 reverse=525030 table_mib=18.1 mutable_mib=304.0 max_job_mib=33.5 oldest_ms=81.78 pack_ms=11.43 solve_ms=45.67
v5_device jobs=5 rows=1408 cells=78124 direct=true graph_reused=false upload_ms=1.28 capture_ms=4.05 queue_ms=15.38 gpu_ms=0.00 unpack_ms=0.41 total_ms=21.12
v5_service device=0 lane=1 class=0 jobs=5 rows=1408 cells=78124 reach=78722 reverse=108825 table_mib=3.5 mutable_mib=40.0 max_job_mib=10.7 oldest_ms=141.40 pack_ms=2.61 solve_ms=21.15
v5_device jobs=2 rows=3530 cells=53800 direct=true graph_reused=false upload_ms=3.49 capture_ms=3.55 queue_ms=18.77 gpu_ms=0.00 unpack_ms=0.20 total_ms=26.00
v5_service device=0 lane=1 class=2 jobs=2 rows=3530 cells=53800 reach=42973 reverse=53807 table_mib=2.7 mutable_mib=128.0 max_job_mib=66.8 oldest_ms=132.04 pack_ms=1.88 solve_ms=26.03
v5_device jobs=4 rows=8839 cells=356637 direct=true graph_reused=false upload_ms=10.04 capture_ms=3.90 queue_ms=219.72 gpu_ms=0.01 unpack_ms=1.54 total_ms=235.21
v5_service device=1 lane=1 class=2 jobs=4 rows=8839 cells=356637 reach=300887 reverse=356705 table_mib=13.8 mutable_mib=320.0 max_job_mib=135.5 oldest_ms=225.34 pack_ms=11.96 solve_ms=235.26
v5_device jobs=2 rows=673 cells=11633 direct=true graph_reused=false upload_ms=0.32 capture_ms=3.98 queue_ms=5.63 gpu_ms=0.00 unpack_ms=0.15 total_ms=10.08
v5_service device=1 lane=1 class=0 jobs=2 rows=673 cells=11633 reach=10043 reverse=11633 table_mib=0.7 mutable_mib=16.0 max_job_mib=8.9 oldest_ms=464.47 pack_ms=0.47 solve_ms=10.12
v5_device jobs=32 rows=20279 cells=496442 direct=true graph_reused=false upload_ms=21.87 capture_ms=3.98 queue_ms=64.85 gpu_ms=0.01 unpack_ms=4.29 total_ms=95.01
v5_service device=0 lane=0 class=1 jobs=32 rows=20279 cells=496442 reach=804144 reverse=906589 table_mib=33.2 mutable_mib=688.0 max_job_mib=36.6 oldest_ms=80.92 pack_ms=18.71 solve_ms=95.05
v5_device jobs=3 rows=5065 cells=64073 direct=true graph_reused=false upload_ms=1.32 capture_ms=3.17 queue_ms=12.65 gpu_ms=0.01 unpack_ms=0.55 total_ms=17.70
v5_service device=0 lane=0 class=2 jobs=3 rows=5065 cells=64073 reach=55794 reverse=64110 table_mib=3.9 mutable_mib=192.0 max_job_mib=66.9 oldest_ms=198.73 pack_ms=2.06 solve_ms=17.78
v5_device jobs=3 rows=933 cells=10387 direct=true graph_reused=false upload_ms=0.70 capture_ms=3.30 queue_ms=9.00 gpu_ms=0.00 unpack_ms=0.18 total_ms=13.19
v5_service device=0 lane=0 class=0 jobs=3 rows=933 cells=10387 reach=46091 reverse=48780 table_mib=1.7 mutable_mib=24.0 max_job_mib=9.4 oldest_ms=203.63 pack_ms=1.00 solve_ms=13.23
v5_device jobs=134 rows=97005 cells=2604939 direct=true graph_reused=false upload_ms=124.57 capture_ms=5.39 queue_ms=276.87 gpu_ms=0.02 unpack_ms=25.76 total_ms=432.60
v5_service device=1 lane=0 class=1 jobs=134 rows=97005 cells=2604939 reach=2203491 reverse=2754540 table_mib=122.2 mutable_mib=3040.0 max_job_mib=38.6 oldest_ms=417.24 pack_ms=62.31 solve_ms=432.66
v5_device jobs=39 rows=29070 cells=464634 direct=true graph_reused=false upload_ms=29.97 capture_ms=3.11 queue_ms=75.73 gpu_ms=0.02 unpack_ms=6.55 total_ms=115.38
v5_service device=0 lane=1 class=1 jobs=39 rows=29070 cells=464634 reach=1196544 reverse=1284028 table_mib=45.9 mutable_mib=960.0 max_job_mib=37.5 oldest_ms=80.27 pack_ms=23.83 solve_ms=115.44
v5_device jobs=25 rows=18449 cells=827572 direct=true graph_reused=false upload_ms=29.43 capture_ms=3.07 queue_ms=58.47 gpu_ms=0.01 unpack_ms=4.94 total_ms=95.93
v5_service device=1 lane=1 class=1 jobs=25 rows=18449 cells=827572 reach=764285 reverse=947273 table_mib=35.7 mutable_mib=608.0 max_job_mib=39.6 oldest_ms=80.54 pack_ms=16.12 solve_ms=95.99
v5_device jobs=2 rows=5161 cells=204420 direct=true graph_reused=false upload_ms=2.45 capture_ms=3.00 queue_ms=13.31 gpu_ms=0.01 unpack_ms=0.69 total_ms=19.46
v5_service device=1 lane=1 class=2 jobs=2 rows=5161 cells=204420 reach=165189 reverse=204420 table_mib=7.7 mutable_mib=192.0 max_job_mib=136.7 oldest_ms=176.63 pack_ms=3.24 solve_ms=19.50
v5_device jobs=4 rows=1016 cells=11693 direct=true graph_reused=false upload_ms=0.38 capture_ms=2.78 queue_ms=5.16 gpu_ms=0.00 unpack_ms=0.11 total_ms=8.43
v5_service device=1 lane=1 class=0 jobs=4 rows=1016 cells=11693 reach=20483 reverse=24812 table_mib=1.1 mutable_mib=32.0 max_job_mib=8.6 oldest_ms=194.58 pack_ms=0.56 solve_ms=8.47
v5_device jobs=3 rows=5460 cells=191430 direct=true graph_reused=false upload_ms=6.07 capture_ms=4.37 queue_ms=43.51 gpu_ms=0.01 unpack_ms=1.32 total_ms=55.27
v5_service device=0 lane=1 class=2 jobs=3 rows=5460 cells=191430 reach=397178 reverse=450726 table_mib=13.5 mutable_mib=192.0 max_job_mib=74.9 oldest_ms=224.61 pack_ms=6.95 solve_ms=55.33
v5_device jobs=2 rows=396 cells=2278 direct=true graph_reused=false upload_ms=0.22 capture_ms=3.67 queue_ms=4.51 gpu_ms=0.00 unpack_ms=0.06 total_ms=8.47
v5_service device=0 lane=1 class=0 jobs=2 rows=396 cells=2278 reach=7407 reverse=7690 table_mib=0.4 mutable_mib=12.0 max_job_mib=8.3 oldest_ms=270.52 pack_ms=0.30 solve_ms=8.50
v5_device jobs=33 rows=22670 cells=335235 direct=true graph_reused=false upload_ms=24.09 capture_ms=4.95 queue_ms=71.88 gpu_ms=0.01 unpack_ms=5.30 total_ms=106.23
v5_service device=0 lane=0 class=1 jobs=33 rows=22670 cells=335235 reach=956838 reverse=1014232 table_mib=36.0 mutable_mib=752.0 max_job_mib=35.8 oldest_ms=83.87 pack_ms=19.17 solve_ms=106.29
v5_device jobs=1 rows=303 cells=2082 direct=true graph_reused=false upload_ms=0.23 capture_ms=3.53 queue_ms=2.64 gpu_ms=0.00 unpack_ms=0.02 total_ms=6.42
v5_service device=0 lane=0 class=0 jobs=1 rows=303 cells=2082 reach=10470 reverse=11022 table_mib=0.4 mutable_mib=8.0 max_job_mib=8.5 oldest_ms=196.48 pack_ms=0.53 solve_ms=6.46
v5_device jobs=1 rows=2547 cells=18271 direct=true graph_reused=false upload_ms=0.57 capture_ms=2.84 queue_ms=7.07 gpu_ms=0.00 unpack_ms=0.10 total_ms=10.58
v5_service device=0 lane=0 class=2 jobs=1 rows=2547 cells=18271 reach=18202 reverse=18271 table_mib=1.5 mutable_mib=64.0 max_job_mib=66.4 oldest_ms=148.23 pack_ms=0.75 solve_ms=10.62
v5_device jobs=44 rows=31250 cells=745269 direct=true graph_reused=false upload_ms=23.86 capture_ms=3.12 queue_ms=84.80 gpu_ms=0.01 unpack_ms=5.52 total_ms=117.31
v5_service device=0 lane=1 class=1 jobs=44 rows=31250 cells=745269 reach=1012102 reverse=1168394 table_mib=44.7 mutable_mib=960.0 max_job_mib=35.3 oldest_ms=79.06 pack_ms=20.73 solve_ms=117.36
v5_device jobs=2 rows=3801 cells=80967 direct=true graph_reused=false upload_ms=1.21 capture_ms=2.93 queue_ms=9.75 gpu_ms=0.00 unpack_ms=0.34 total_ms=14.24
v5_service device=0 lane=1 class=2 jobs=2 rows=3801 cells=80967 reach=68556 reverse=80967 table_mib=3.7 mutable_mib=128.0 max_job_mib=67.9 oldest_ms=225.31 pack_ms=2.14 solve_ms=14.29
v5_device jobs=37 rows=26137 cells=918724 direct=true graph_reused=false upload_ms=22.83 capture_ms=4.49 queue_ms=83.56 gpu_ms=0.01 unpack_ms=5.96 total_ms=116.85
v5_service device=0 lane=0 class=1 jobs=37 rows=26137 cells=918724 reach=878178 reverse=1111963 table_mib=42.4 mutable_mib=848.0 max_job_mib=38.4 oldest_ms=81.02 pack_ms=23.19 solve_ms=116.90
v5_device jobs=7 rows=2045 cells=39408 direct=true graph_reused=false upload_ms=0.66 capture_ms=4.24 queue_ms=9.12 gpu_ms=0.00 unpack_ms=0.26 total_ms=14.30
v5_service device=0 lane=1 class=0 jobs=7 rows=2045 cells=39408 reach=32582 reverse=39408 table_mib=2.0 mutable_mib=56.0 max_job_mib=8.9 oldest_ms=238.52 pack_ms=1.04 solve_ms=14.34
v5_device jobs=6 rows=1730 cells=26237 direct=true graph_reused=false upload_ms=0.59 capture_ms=4.60 queue_ms=9.64 gpu_ms=0.00 unpack_ms=0.25 total_ms=15.08
v5_service device=0 lane=0 class=0 jobs=6 rows=1730 cells=26237 reach=23949 reverse=29377 table_mib=1.6 mutable_mib=48.0 max_job_mib=8.8 oldest_ms=227.66 pack_ms=1.90 solve_ms=15.12
v5_device jobs=4 rows=9840 cells=281040 direct=true graph_reused=false upload_ms=9.34 capture_ms=3.17 queue_ms=33.06 gpu_ms=0.01 unpack_ms=2.19 total_ms=47.76
v5_service device=0 lane=0 class=2 jobs=4 rows=9840 cells=281040 reach=517172 reverse=612534 table_mib=19.6 mutable_mib=320.0 max_job_mib=140.7 oldest_ms=246.52 pack_ms=9.87 solve_ms=47.81
v5_device jobs=39 rows=29985 cells=866775 direct=true graph_reused=false upload_ms=34.29 capture_ms=4.16 queue_ms=212.63 gpu_ms=0.01 unpack_ms=6.71 total_ms=257.80
v5_service device=1 lane=1 class=1 jobs=39 rows=29985 cells=866775 reach=816426 reverse=991154 table_mib=40.7 mutable_mib=944.0 max_job_mib=36.3 oldest_ms=79.00 pack_ms=18.37 solve_ms=257.85
v5_device jobs=3 rows=853 cells=12978 direct=true graph_reused=false upload_ms=0.37 capture_ms=4.53 queue_ms=2.72 gpu_ms=0.01 unpack_ms=0.10 total_ms=7.73
v5_service device=1 lane=1 class=0 jobs=3 rows=853 cells=12978 reach=11985 reverse=12978 table_mib=0.7 mutable_mib=24.0 max_job_mib=8.4 oldest_ms=360.67 pack_ms=0.96 solve_ms=7.78
v5_device jobs=37 rows=97378 cells=2725548 direct=true graph_reused=false upload_ms=137.75 capture_ms=3.67 queue_ms=301.30 gpu_ms=0.02 unpack_ms=23.93 total_ms=466.68
v5_service device=1 lane=0 class=2 jobs=37 rows=97378 cells=2725548 reach=2426495 reverse=2929784 table_mib=125.8 mutable_mib=3072.0 max_job_mib=265.3 oldest_ms=945.14 pack_ms=82.58 solve_ms=466.73
v5_device jobs=9 rows=20570 cells=144489 direct=true graph_reused=false upload_ms=6.92 capture_ms=4.25 queue_ms=90.71 gpu_ms=0.01 unpack_ms=2.32 total_ms=104.21
v5_service device=0 lane=0 class=2 jobs=9 rows=20570 cells=144489 reach=243309 reverse=259073 table_mib=15.2 mutable_mib=640.0 max_job_mib=132.0 oldest_ms=78.74 pack_ms=7.74 solve_ms=104.27
v5_device jobs=48 rows=31801 cells=962202 direct=true graph_reused=false upload_ms=52.70 capture_ms=3.48 queue_ms=101.24 gpu_ms=0.02 unpack_ms=7.97 total_ms=165.40
v5_service device=0 lane=1 class=1 jobs=48 rows=31801 cells=962202 reach=1302942 reverse=1523731 table_mib=55.1 mutable_mib=1024.0 max_job_mib=37.3 oldest_ms=82.22 pack_ms=28.04 solve_ms=165.46
v5_device jobs=11 rows=32771 cells=1793241 direct=true graph_reused=false upload_ms=54.66 capture_ms=2.95 queue_ms=89.80 gpu_ms=0.03 unpack_ms=10.73 total_ms=158.18
v5_service device=1 lane=1 class=2 jobs=11 rows=32771 cells=1793241 reach=1324815 reverse=1793381 table_mib=63.8 mutable_mib=1088.0 max_job_mib=310.1 oldest_ms=378.94 pack_ms=32.72 solve_ms=158.23
v5_device jobs=1 rows=12807 cells=100669 direct=true graph_reused=false upload_ms=2.49 capture_ms=3.13 queue_ms=15.22 gpu_ms=0.01 unpack_ms=0.39 total_ms=21.25
v5_service device=1 lane=1 class=3 jobs=1 rows=12807 cells=100669 reach=100688 reverse=100669 table_mib=7.2 mutable_mib=512.0 max_job_mib=522.2 oldest_ms=551.37 pack_ms=4.75 solve_ms=21.30
v5_device jobs=1 rows=28350 cells=54664 direct=true graph_reused=false upload_ms=28.94 capture_ms=3.19 queue_ms=40.40 gpu_ms=0.01 unpack_ms=0.92 total_ms=73.45
v5_service device=1 lane=1 class=3 jobs=1 rows=28350 cells=54664 reach=639249 reverse=639274 table_mib=27.3 mutable_mib=1024.0 max_job_mib=1059.3 oldest_ms=545.49 pack_ms=14.69 solve_ms=73.50
v5_device jobs=7 rows=21444 cells=187046 direct=true graph_reused=false upload_ms=14.00 capture_ms=3.19 queue_ms=97.52 gpu_ms=0.01 unpack_ms=2.21 total_ms=116.93
v5_service device=0 lane=1 class=2 jobs=7 rows=21444 cells=187046 reach=569358 reverse=579866 table_mib=22.9 mutable_mib=640.0 max_job_mib=276.3 oldest_ms=286.62 pack_ms=13.36 solve_ms=116.98
v5_device jobs=2 rows=655 cells=4612 direct=true graph_reused=false upload_ms=0.24 capture_ms=4.01 queue_ms=2.21 gpu_ms=0.00 unpack_ms=0.04 total_ms=6.51
v5_service device=0 lane=1 class=0 jobs=2 rows=655 cells=4612 reach=4635 reverse=4612 table_mib=0.4 mutable_mib=16.0 max_job_mib=8.3 oldest_ms=411.74 pack_ms=1.24 solve_ms=6.55
v5_device jobs=42 rows=30635 cells=750985 direct=true graph_reused=false upload_ms=29.72 capture_ms=4.27 queue_ms=83.48 gpu_ms=0.01 unpack_ms=8.32 total_ms=125.80
v5_service device=0 lane=0 class=1 jobs=42 rows=30635 cells=750985 reach=1176381 reverse=1327135 table_mib=48.9 mutable_mib=1024.0 max_job_mib=40.2 oldest_ms=204.32 pack_ms=31.54 solve_ms=125.85
v5_device jobs=1 rows=16661 cells=131161 direct=true graph_reused=false upload_ms=3.67 capture_ms=3.57 queue_ms=18.89 gpu_ms=0.01 unpack_ms=0.45 total_ms=26.59
v5_service device=0 lane=1 class=3 jobs=1 rows=16661 cells=131161 reach=131178 reverse=131161 table_mib=9.3 mutable_mib=512.0 max_job_mib=524.8 oldest_ms=383.87 pack_ms=4.66 solve_ms=26.64
v5_device jobs=7 rows=2199 cells=19078 direct=true graph_reused=false upload_ms=1.12 capture_ms=4.53 queue_ms=11.27 gpu_ms=0.01 unpack_ms=0.30 total_ms=17.22
v5_service device=0 lane=0 class=0 jobs=7 rows=2199 cells=19078 reach=64375 reverse=67685 table_mib=2.6 mutable_mib=52.0 max_job_mib=9.6 oldest_ms=376.03 pack_ms=1.81 solve_ms=17.27
v5_device jobs=1 rows=12352 cells=186766 direct=true graph_reused=false upload_ms=4.47 capture_ms=3.19 queue_ms=24.74 gpu_ms=0.01 unpack_ms=1.54 total_ms=33.96
v5_service device=0 lane=0 class=3 jobs=1 rows=12352 cells=186766 reach=184403 reverse=186766 table_mib=10.7 mutable_mib=512.0 max_job_mib=530.2 oldest_ms=373.70 pack_ms=5.72 solve_ms=34.02
v5_device jobs=31 rows=19297 cells=712809 direct=true graph_reused=false upload_ms=16.36 capture_ms=3.01 queue_ms=50.99 gpu_ms=0.01 unpack_ms=4.33 total_ms=74.70
v5_service device=1 lane=1 class=1 jobs=31 rows=19297 cells=712809 reach=613654 reverse=796655 table_mib=31.4 mutable_mib=656.0 max_job_mib=35.9 oldest_ms=79.78 pack_ms=13.41 solve_ms=74.76
v5_device jobs=6 rows=10435 cells=344148 direct=true graph_reused=false upload_ms=9.81 capture_ms=4.35 queue_ms=41.16 gpu_ms=0.01 unpack_ms=2.08 total_ms=57.42
v5_service device=0 lane=0 class=2 jobs=6 rows=10435 cells=344148 reach=374039 reverse=431210 table_mib=16.4 mutable_mib=384.0 max_job_mib=70.3 oldest_ms=79.53 pack_ms=8.29 solve_ms=57.47
v5_device jobs=6 rows=16254 cells=613601 direct=true graph_reused=false upload_ms=13.17 capture_ms=2.94 queue_ms=41.51 gpu_ms=0.01 unpack_ms=3.39 total_ms=61.01
v5_service device=1 lane=1 class=2 jobs=6 rows=16254 cells=613601 reach=477375 reverse=657856 table_mib=25.0 mutable_mib=512.0 max_job_mib=134.9 oldest_ms=174.39 pack_ms=11.06 solve_ms=61.06
v5_device jobs=33 rows=25896 cells=714861 direct=true graph_reused=false upload_ms=19.61 capture_ms=3.09 queue_ms=91.87 gpu_ms=0.01 unpack_ms=7.21 total_ms=121.79
v5_service device=0 lane=1 class=1 jobs=33 rows=25896 cells=714861 reach=729815 reverse=890038 table_mib=37.4 mutable_mib=800.0 max_job_mib=39.3 oldest_ms=79.76 pack_ms=16.09 solve_ms=121.85
v5_device jobs=6 rows=1444 cells=54326 direct=true graph_reused=false upload_ms=6.06 capture_ms=3.40 queue_ms=29.59 gpu_ms=0.01 unpack_ms=0.38 total_ms=39.44
v5_service device=1 lane=1 class=0 jobs=6 rows=1444 cells=54326 reach=41620 reverse=54326 table_mib=2.3 mutable_mib=48.0 max_job_mib=9.4 oldest_ms=247.74 pack_ms=1.83 solve_ms=39.49
v5_device jobs=9 rows=2032 cells=53146 direct=true graph_reused=false upload_ms=1.22 capture_ms=3.82 queue_ms=13.09 gpu_ms=0.01 unpack_ms=0.35 total_ms=18.49
v5_service device=0 lane=1 class=0 jobs=9 rows=2032 cells=53146 reach=43252 reverse=53146 table_mib=2.5 mutable_mib=62.0 max_job_mib=9.4 oldest_ms=235.61 pack_ms=2.52 solve_ms=18.54
v5_device jobs=8 rows=20951 cells=331778 direct=true graph_reused=false upload_ms=9.73 capture_ms=4.17 queue_ms=66.75 gpu_ms=0.01 unpack_ms=3.49 total_ms=84.14
v5_service device=0 lane=1 class=2 jobs=8 rows=20951 cells=331778 reach=393818 reverse=434292 table_mib=22.0 mutable_mib=704.0 max_job_mib=135.7 oldest_ms=258.88 pack_ms=9.98 solve_ms=84.18
v5_device jobs=39 rows=29378 cells=1074627 direct=true graph_reused=false upload_ms=22.63 capture_ms=3.48 queue_ms=101.73 gpu_ms=0.01 unpack_ms=6.78 total_ms=134.63
v5_service device=0 lane=0 class=1 jobs=39 rows=29378 cells=1074627 reach=846372 reverse=1105337 table_mib=44.4 mutable_mib=944.0 max_job_mib=41.7 oldest_ms=157.85 pack_ms=22.34 solve_ms=134.67
v5_device jobs=7 rows=2015 cells=61042 direct=true graph_reused=false upload_ms=1.21 capture_ms=3.89 queue_ms=15.64 gpu_ms=0.01 unpack_ms=0.36 total_ms=21.11
v5_service device=0 lane=0 class=0 jobs=7 rows=2015 cells=61042 reach=72200 reverse=85620 table_mib=3.2 mutable_mib=56.0 max_job_mib=9.1 oldest_ms=317.61 pack_ms=2.14 solve_ms=21.14
v5_device jobs=1 rows=14147 cells=462373 direct=true graph_reused=false upload_ms=10.17 capture_ms=4.18 queue_ms=50.24 gpu_ms=0.01 unpack_ms=2.87 total_ms=67.47
v5_service device=0 lane=1 class=3 jobs=1 rows=14147 cells=462373 reach=453087 reverse=462373 table_mib=21.9 mutable_mib=512.0 max_job_mib=552.5 oldest_ms=357.17 pack_ms=13.49 solve_ms=67.52
v5_device jobs=1 rows=32184 cells=508372 direct=true graph_reused=false upload_ms=12.02 capture_ms=4.02 queue_ms=187.20 gpu_ms=0.01 unpack_ms=3.60 total_ms=206.86
v5_service device=1 lane=1 class=3 jobs=1 rows=32184 cells=508372 reach=518425 reverse=518512 table_mib=27.4 mutable_mib=1024.0 max_job_mib=1067.5 oldest_ms=216.31 pack_ms=13.22 solve_ms=206.91
v5_device jobs=1 rows=61544 cells=75182 direct=true graph_reused=false upload_ms=26.73 capture_ms=3.24 queue_ms=111.72 gpu_ms=0.01 unpack_ms=0.89 total_ms=142.59
v5_service device=0 lane=1 class=3 jobs=1 rows=61544 cells=75182 reach=594879 reverse=606413 table_mib=41.5 mutable_mib=2048.0 max_job_mib=2096.7 oldest_ms=418.89 pack_ms=23.24 solve_ms=142.64
v5_device jobs=44 rows=29828 cells=653895 direct=true graph_reused=false upload_ms=20.63 capture_ms=4.17 queue_ms=101.41 gpu_ms=0.01 unpack_ms=6.83 total_ms=133.05
v5_service device=0 lane=0 class=1 jobs=44 rows=29828 cells=653895 reach=764798 reverse=907763 table_mib=38.8 mutable_mib=1008.0 max_job_mib=36.2 oldest_ms=78.02 pack_ms=18.90 solve_ms=133.11
v5_device jobs=1 rows=74716 cells=336095 direct=true graph_reused=false upload_ms=27.81 capture_ms=2.59 queue_ms=53.98 gpu_ms=0.01 unpack_ms=1.26 total_ms=85.65
v5_service device=1 lane=1 class=3 jobs=1 rows=74716 cells=336095 reach=354121 reverse=354191 table_mib=33.5 mutable_mib=2048.0 max_job_mib=2090.2 oldest_ms=77.62 pack_ms=11.03 solve_ms=85.71
v5_device jobs=4 rows=1311 cells=26754 direct=true graph_reused=false upload_ms=0.52 capture_ms=3.21 queue_ms=5.08 gpu_ms=0.00 unpack_ms=0.19 total_ms=9.00
v5_service device=0 lane=0 class=0 jobs=4 rows=1311 cells=26754 reach=22449 reverse=26754 table_mib=1.3 mutable_mib=32.0 max_job_mib=8.9 oldest_ms=258.40 pack_ms=1.86 solve_ms=9.06
v5_device jobs=4 rows=8402 cells=227907 direct=true graph_reused=false upload_ms=4.29 capture_ms=3.22 queue_ms=23.35 gpu_ms=0.01 unpack_ms=1.64 total_ms=32.51
v5_service device=0 lane=0 class=2 jobs=4 rows=8402 cells=227907 reach=193625 reverse=228067 table_mib=10.3 mutable_mib=256.0 max_job_mib=69.4 oldest_ms=271.54 pack_ms=5.11 solve_ms=32.58
v5_device jobs=2 rows=63849 cells=368565 direct=true graph_reused=false upload_ms=293.38 capture_ms=4.31 queue_ms=438.03 gpu_ms=0.02 unpack_ms=108.06 total_ms=843.80
v5_service device=1 lane=0 class=3 jobs=2 rows=63849 cells=368565 reach=9543503 reverse=9586384 table_mib=250.9 mutable_mib=2048.0 max_job_mib=1252.9 oldest_ms=1494.22 pack_ms=234.60 solve_ms=843.86
v5_device jobs=37 rows=23590 cells=649166 direct=true graph_reused=false upload_ms=16.90 capture_ms=3.22 queue_ms=59.42 gpu_ms=0.01 unpack_ms=5.00 total_ms=84.55
v5_service device=0 lane=1 class=1 jobs=37 rows=23590 cells=649166 reach=656033 reverse=789410 table_mib=32.7 mutable_mib=800.0 max_job_mib=35.6 oldest_ms=80.62 pack_ms=16.73 solve_ms=84.60
v5_device jobs=4 rows=1330 cells=14539 direct=true graph_reused=false upload_ms=0.44 capture_ms=3.41 queue_ms=6.42 gpu_ms=0.01 unpack_ms=0.21 total_ms=10.49
v5_service device=0 lane=1 class=0 jobs=4 rows=1330 cells=14539 reach=13891 reverse=14539 table_mib=1.1 mutable_mib=32.0 max_job_mib=8.6 oldest_ms=192.97 pack_ms=0.87 solve_ms=10.54
v5_device jobs=32 rows=21578 cells=765571 direct=true graph_reused=false upload_ms=16.05 capture_ms=4.24 queue_ms=138.64 gpu_ms=0.01 unpack_ms=4.87 total_ms=163.81
v5_service device=1 lane=0 class=1 jobs=32 rows=21578 cells=765571 reach=599361 reverse=766190 table_mib=32.4 mutable_mib=720.0 max_job_mib=36.6 oldest_ms=80.61 pack_ms=14.95 solve_ms=163.86
v5_device jobs=2 rows=3870 cells=13971 direct=true graph_reused=false upload_ms=0.90 capture_ms=3.58 queue_ms=12.98 gpu_ms=0.01 unpack_ms=0.51 total_ms=17.98
v5_service device=1 lane=0 class=2 jobs=2 rows=3870 cells=13971 reach=13437 reverse=14039 table_mib=2.3 mutable_mib=128.0 max_job_mib=67.4 oldest_ms=263.06 pack_ms=1.48 solve_ms=18.02
v5_device jobs=107 rows=74062 cells=2956604 direct=true graph_reused=false upload_ms=105.93 capture_ms=3.03 queue_ms=267.09 gpu_ms=0.01 unpack_ms=22.32 total_ms=398.39
v5_service device=1 lane=1 class=1 jobs=107 rows=74062 cells=2956604 reach=2330783 reverse=3005915 table_mib=119.8 mutable_mib=2464.0 max_job_mib=41.5 oldest_ms=188.18 pack_ms=58.98 solve_ms=398.45
v5_device jobs=2 rows=44294 cells=900008 direct=true graph_reused=false upload_ms=67.85 capture_ms=4.42 queue_ms=212.19 gpu_ms=0.01 unpack_ms=5.08 total_ms=289.54
v5_service device=0 lane=1 class=3 jobs=2 rows=44294 cells=900008 reach=1207324 reverse=1254301 table_mib=53.1 mutable_mib=1536.0 max_job_mib=1072.4 oldest_ms=186.35 pack_ms=28.60 solve_ms=289.59
v5_device jobs=1 rows=34160 cells=601667 direct=true graph_reused=false upload_ms=14.80 capture_ms=3.08 queue_ms=52.21 gpu_ms=0.01 unpack_ms=2.86 total_ms=72.96
v5_service device=1 lane=0 class=3 jobs=1 rows=34160 cells=601667 reach=598704 reverse=601667 table_mib=30.3 mutable_mib=1024.0 max_job_mib=1069.8 oldest_ms=267.75 pack_ms=14.70 solve_ms=73.01
v5_device jobs=3 rows=6847 cells=64844 direct=true graph_reused=false upload_ms=2.97 capture_ms=4.22 queue_ms=25.04 gpu_ms=0.01 unpack_ms=0.79 total_ms=33.02
v5_service device=0 lane=1 class=2 jobs=3 rows=6847 cells=64844 reach=121672 reverse=122461 table_mib=6.8 mutable_mib=192.0 max_job_mib=71.9 oldest_ms=500.09 pack_ms=4.09 solve_ms=33.08
v5_device jobs=2 rows=46326 cells=3714525 direct=true graph_reused=false upload_ms=107.84 capture_ms=3.27 queue_ms=263.02 gpu_ms=0.01 unpack_ms=15.62 total_ms=389.76
v5_service device=0 lane=0 class=3 jobs=2 rows=46326 cells=3714525 reach=2458835 reverse=3714525 table_mib=126.0 mutable_mib=1536.0 max_job_mib=1189.7 oldest_ms=335.68 pack_ms=63.93 solve_ms=389.82
v5_device jobs=11 rows=23281 cells=465339 direct=true graph_reused=false upload_ms=9.75 capture_ms=3.13 queue_ms=45.96 gpu_ms=0.01 unpack_ms=3.44 total_ms=62.29
v5_service device=1 lane=1 class=2 jobs=11 rows=23281 cells=465339 reach=403152 reverse=465746 table_mib=22.6 mutable_mib=768.0 max_job_mib=133.5 oldest_ms=672.33 pack_ms=11.09 solve_ms=62.34
v5_device jobs=14 rows=4377 cells=97127 direct=true graph_reused=false upload_ms=1.67 capture_ms=2.92 queue_ms=15.37 gpu_ms=0.01 unpack_ms=0.62 total_ms=20.60
v5_service device=1 lane=1 class=0 jobs=14 rows=4377 cells=97127 reach=89011 reverse=108782 table_mib=4.9 mutable_mib=112.0 max_job_mib=9.4 oldest_ms=753.46 pack_ms=2.73 solve_ms=20.66
v5_device jobs=30 rows=19458 cells=797666 direct=true graph_reused=false upload_ms=15.06 capture_ms=4.21 queue_ms=88.64 gpu_ms=0.01 unpack_ms=4.24 total_ms=112.15
v5_service device=1 lane=0 class=1 jobs=30 rows=19458 cells=797666 reach=625808 reverse=797819 table_mib=31.5 mutable_mib=656.0 max_job_mib=38.9 oldest_ms=80.51 pack_ms=14.05 solve_ms=112.21
v5_device jobs=1 rows=41655 cells=53351 direct=true graph_reused=false upload_ms=10.80 capture_ms=2.95 queue_ms=98.19 gpu_ms=0.01 unpack_ms=6.00 total_ms=117.94
v5_service device=1 lane=1 class=3 jobs=1 rows=41655 cells=53351 reach=53064 reverse=53351 table_mib=20.3 mutable_mib=1024.0 max_job_mib=1067.2 oldest_ms=721.67 pack_ms=8.50 solve_ms=117.99
v5_device jobs=29 rows=20364 cells=641044 direct=true graph_reused=false upload_ms=18.64 capture_ms=3.63 queue_ms=98.94 gpu_ms=0.01 unpack_ms=5.29 total_ms=126.51
v5_service device=0 lane=1 class=1 jobs=29 rows=20364 cells=641044 reach=515758 reverse=654018 table_mib=28.2 mutable_mib=624.0 max_job_mib=36.1 oldest_ms=83.13 pack_ms=15.78 solve_ms=126.57
v5_device jobs=1 rows=27633 cells=328301 direct=true graph_reused=false upload_ms=72.41 capture_ms=3.83 queue_ms=99.96 gpu_ms=0.01 unpack_ms=6.27 total_ms=182.48
v5_service device=0 lane=0 class=3 jobs=1 rows=27633 cells=328301 reach=1989336 reverse=2085949 table_mib=61.7 mutable_mib=1024.0 max_job_mib=1109.1 oldest_ms=760.83 pack_ms=26.94 solve_ms=182.53
v5_device jobs=1 rows=1555 cells=15444 direct=true graph_reused=false upload_ms=0.49 capture_ms=3.52 queue_ms=8.32 gpu_ms=0.01 unpack_ms=0.13 total_ms=12.46
v5_service device=0 lane=1 class=2 jobs=1 rows=1555 cells=15444 reach=15178 reverse=15444 table_mib=1.2 mutable_mib=64.0 max_job_mib=66.4 oldest_ms=220.34 pack_ms=0.80 solve_ms=12.51
v5_device jobs=10 rows=21485 cells=456886 direct=true graph_reused=false upload_ms=10.40 capture_ms=4.35 queue_ms=39.36 gpu_ms=0.01 unpack_ms=2.91 total_ms=57.03
v5_service device=1 lane=0 class=2 jobs=10 rows=21485 cells=456886 reach=362275 reverse=457156 table_mib=22.0 mutable_mib=640.0 max_job_mib=73.5 oldest_ms=217.92 pack_ms=11.59 solve_ms=57.08
v5_device jobs=8 rows=2031 cells=88970 direct=true graph_reused=false upload_ms=1.14 capture_ms=3.70 queue_ms=16.85 gpu_ms=0.01 unpack_ms=0.53 total_ms=22.22
v5_service device=0 lane=1 class=0 jobs=8 rows=2031 cells=88970 reach=63934 reverse=88970 table_mib=3.6 mutable_mib=64.0 max_job_mib=9.7 oldest_ms=225.54 pack_ms=1.58 solve_ms=22.27
v5_device jobs=5 rows=1365 cells=30137 direct=true graph_reused=false upload_ms=0.42 capture_ms=4.65 queue_ms=13.23 gpu_ms=0.01 unpack_ms=0.36 total_ms=18.68
v5_service device=1 lane=0 class=0 jobs=5 rows=1365 cells=30137 reach=21859 reverse=30137 table_mib=1.6 mutable_mib=40.0 max_job_mib=9.1 oldest_ms=289.01 pack_ms=0.80 solve_ms=18.73
v5_device jobs=24 rows=14442 cells=517279 direct=true graph_reused=false upload_ms=8.86 capture_ms=3.37 queue_ms=38.64 gpu_ms=0.01 unpack_ms=3.11 total_ms=54.00
v5_service device=1 lane=1 class=1 jobs=24 rows=14442 cells=517279 reach=397001 reverse=517335 table_mib=20.9 mutable_mib=480.0 max_job_mib=33.3 oldest_ms=80.40 pack_ms=9.65 solve_ms=54.06
v5_device jobs=3 rows=9834 cells=35433 direct=true graph_reused=false upload_ms=1.53 capture_ms=2.90 queue_ms=12.61 gpu_ms=0.01 unpack_ms=0.43 total_ms=17.49
v5_service device=1 lane=1 class=2 jobs=3 rows=9834 cells=35433 reach=32906 reverse=35496 table_mib=4.4 mutable_mib=256.0 max_job_mib=131.4 oldest_ms=153.67 pack_ms=2.72 solve_ms=17.53
v5_device jobs=36 rows=25295 cells=690468 direct=true graph_reused=false upload_ms=16.24 capture_ms=5.27 queue_ms=53.18 gpu_ms=0.01 unpack_ms=4.41 total_ms=79.10
v5_service device=0 lane=0 class=1 jobs=36 rows=25295 cells=690468 reach=540731 reverse=697814 table_mib=30.9 mutable_mib=880.0 max_job_mib=37.7 oldest_ms=78.88 pack_ms=13.54 solve_ms=79.16
v5_device jobs=14 rows=3776 cells=68393 direct=true graph_reused=false upload_ms=8.17 capture_ms=2.75 queue_ms=52.53 gpu_ms=0.01 unpack_ms=0.59 total_ms=64.05
v5_service device=1 lane=1 class=0 jobs=14 rows=3776 cells=68393 reach=57837 reverse=68393 table_mib=3.7 mutable_mib=112.0 max_job_mib=9.0 oldest_ms=173.51 pack_ms=3.39 solve_ms=64.10
v5_device jobs=2 rows=680 cells=17902 direct=true graph_reused=false upload_ms=13.08 capture_ms=3.65 queue_ms=14.40 gpu_ms=0.00 unpack_ms=0.15 total_ms=31.28
v5_service device=0 lane=0 class=0 jobs=2 rows=680 cells=17902 reach=13844 reverse=17902 table_mib=0.8 mutable_mib=16.0 max_job_mib=9.1 oldest_ms=176.04 pack_ms=0.79 solve_ms=31.32
v5_device jobs=1 rows=63008 cells=1385519 direct=true graph_reused=false upload_ms=59.96 capture_ms=4.18 queue_ms=100.26 gpu_ms=0.01 unpack_ms=7.06 total_ms=171.47
v5_service device=1 lane=0 class=3 jobs=1 rows=63008 cells=1385519 reach=1377896 reverse=1385519 table_mib=64.2 mutable_mib=2048.0 max_job_mib=2144.0 oldest_ms=303.38 pack_ms=26.14 solve_ms=171.53
v5_device jobs=5 rows=9443 cells=129552 direct=true graph_reused=false upload_ms=2.67 capture_ms=4.06 queue_ms=102.92 gpu_ms=0.01 unpack_ms=1.30 total_ms=110.97
v5_service device=0 lane=0 class=2 jobs=5 rows=9443 cells=129552 reach=105817 reverse=129552 table_mib=7.8 mutable_mib=320.0 max_job_mib=67.9 oldest_ms=197.29 pack_ms=3.30 solve_ms=111.01
v5_device jobs=26 rows=15458 cells=354084 direct=true graph_reused=false upload_ms=7.09 capture_ms=4.13 queue_ms=65.32 gpu_ms=0.01 unpack_ms=3.75 total_ms=80.31
v5_service device=1 lane=1 class=1 jobs=26 rows=15458 cells=354084 reach=285873 reverse=354084 table_mib=18.5 mutable_mib=512.0 max_job_mib=35.8 oldest_ms=79.76 pack_ms=8.95 solve_ms=80.36
v5_device jobs=1 rows=27418 cells=420084 direct=true graph_reused=false upload_ms=10.70 capture_ms=3.10 queue_ms=82.89 gpu_ms=0.01 unpack_ms=5.91 total_ms=102.61
v5_service device=1 lane=0 class=3 jobs=1 rows=27418 cells=420084 reach=419675 reverse=420084 table_mib=25.3 mutable_mib=1024.0 max_job_mib=1071.7 oldest_ms=475.10 pack_ms=11.64 solve_ms=102.66
v5_device jobs=1 rows=22906 cells=28038 direct=true graph_reused=false upload_ms=105.93 capture_ms=4.24 queue_ms=158.90 gpu_ms=0.01 unpack_ms=32.47 total_ms=301.55
v5_service device=0 lane=1 class=3 jobs=1 rows=22906 cells=28038 reach=3191185 reverse=3191254 table_mib=84.1 mutable_mib=1024.0 max_job_mib=1150.5 oldest_ms=238.77 pack_ms=37.54 solve_ms=301.61
v5_device jobs=1 rows=14832 cells=138114 direct=true graph_reused=false upload_ms=3.51 capture_ms=3.19 queue_ms=17.75 gpu_ms=0.01 unpack_ms=0.44 total_ms=24.90
v5_service device=1 lane=1 class=3 jobs=1 rows=14832 cells=138114 reach=138075 reverse=138114 table_mib=9.1 mutable_mib=512.0 max_job_mib=524.3 oldest_ms=174.23 pack_ms=4.12 solve_ms=24.95
v5_device jobs=6 rows=1455 cells=37691 direct=true graph_reused=false upload_ms=0.55 capture_ms=3.45 queue_ms=6.06 gpu_ms=0.01 unpack_ms=0.25 total_ms=10.32
v5_service device=1 lane=1 class=0 jobs=6 rows=1455 cells=37691 reach=27801 reverse=37691 table_mib=1.6 mutable_mib=44.0 max_job_mib=8.7 oldest_ms=203.37 pack_ms=0.85 solve_ms=10.37
v5_device jobs=2 rows=4263 cells=49415 direct=true graph_reused=false upload_ms=1.12 capture_ms=2.86 queue_ms=10.28 gpu_ms=0.00 unpack_ms=0.50 total_ms=14.76
v5_service device=1 lane=1 class=2 jobs=2 rows=4263 cells=49415 reach=49170 reverse=49415 table_mib=3.2 mutable_mib=128.0 max_job_mib=67.4 oldest_ms=178.80 pack_ms=1.44 solve_ms=14.82
v5_device jobs=22 rows=13783 cells=448936 direct=true graph_reused=false upload_ms=8.12 capture_ms=3.35 queue_ms=40.84 gpu_ms=0.01 unpack_ms=3.25 total_ms=55.57
v5_service device=0 lane=0 class=1 jobs=22 rows=13783 cells=448936 reach=366615 reverse=449320 table_mib=19.8 mutable_mib=496.0 max_job_mib=36.1 oldest_ms=81.75 pack_ms=9.22 solve_ms=55.64
v5_device jobs=9 rows=18397 cells=446064 direct=true graph_reused=false upload_ms=8.63 capture_ms=3.19 queue_ms=62.39 gpu_ms=0.01 unpack_ms=3.69 total_ms=77.92
v5_service device=0 lane=0 class=2 jobs=9 rows=18397 cells=446064 reach=382363 reverse=453324 table_mib=21.4 mutable_mib=576.0 max_job_mib=71.5 oldest_ms=150.14 pack_ms=11.51 solve_ms=77.97
v5_device jobs=1 rows=69660 cells=267785 direct=true graph_reused=false upload_ms=30.51 capture_ms=3.44 queue_ms=83.65 gpu_ms=0.01 unpack_ms=2.77 total_ms=120.37
v5_service device=1 lane=1 class=3 jobs=1 rows=69660 cells=267785 reach=264998 reverse=267823 table_mib=31.5 mutable_mib=2048.0 max_job_mib=2091.6 oldest_ms=193.87 pack_ms=11.15 solve_ms=120.44
v5_device jobs=9 rows=15155 cells=652452 direct=true graph_reused=false upload_ms=17.41 capture_ms=4.00 queue_ms=83.00 gpu_ms=0.01 unpack_ms=3.15 total_ms=107.57
v5_service device=1 lane=0 class=2 jobs=9 rows=15155 cells=652452 reach=479541 reverse=652482 table_mib=24.6 mutable_mib=576.0 max_job_mib=75.9 oldest_ms=77.72 pack_ms=10.68 solve_ms=107.63
v5_device jobs=1 rows=252 cells=3816 direct=true graph_reused=false upload_ms=0.15 capture_ms=4.28 queue_ms=2.25 gpu_ms=0.00 unpack_ms=0.03 total_ms=6.70
v5_service device=0 lane=0 class=0 jobs=1 rows=252 cells=3816 reach=3128 reverse=3816 table_mib=0.2 mutable_mib=8.0 max_job_mib=8.3 oldest_ms=230.14 pack_ms=0.22 solve_ms=6.76
v5_device jobs=35 rows=23403 cells=754522 direct=true graph_reused=false upload_ms=15.60 capture_ms=4.19 queue_ms=78.03 gpu_ms=0.01 unpack_ms=4.94 total_ms=102.79
v5_service device=0 lane=1 class=1 jobs=35 rows=23403 cells=754522 reach=616153 reverse=789740 table_mib=33.1 mutable_mib=736.0 max_job_mib=37.6 oldest_ms=78.88 pack_ms=17.44 solve_ms=102.84
v5_device jobs=10 rows=2742 cells=39229 direct=true graph_reused=false upload_ms=0.97 capture_ms=3.07 queue_ms=9.23 gpu_ms=0.01 unpack_ms=0.37 total_ms=13.65
v5_service device=0 lane=1 class=0 jobs=10 rows=2742 cells=39229 reach=32293 reverse=39229 table_mib=2.2 mutable_mib=72.0 max_job_mib=8.8 oldest_ms=208.27 pack_ms=1.70 solve_ms=13.69
v5_device jobs=7 rows=13328 cells=257226 direct=true graph_reused=false upload_ms=5.06 capture_ms=3.00 queue_ms=29.30 gpu_ms=0.01 unpack_ms=1.51 total_ms=38.88
v5_service device=0 lane=1 class=2 jobs=7 rows=13328 cells=257226 reach=269549 reverse=308596 table_mib=14.1 mutable_mib=448.0 max_job_mib=70.3 oldest_ms=222.65 pack_ms=7.49 solve_ms=38.93
v5_device jobs=40 rows=27055 cells=635985 direct=true graph_reused=false upload_ms=16.86 capture_ms=3.37 queue_ms=58.14 gpu_ms=0.03 unpack_ms=5.89 total_ms=84.29
v5_service device=1 lane=0 class=1 jobs=40 rows=27055 cells=635985 reach=495048 reverse=636864 table_mib=30.0 mutable_mib=864.0 max_job_mib=35.4 oldest_ms=202.64 pack_ms=21.24 solve_ms=84.35
v5_device jobs=7 rows=15257 cells=344541 direct=true graph_reused=false upload_ms=10.70 capture_ms=3.25 queue_ms=36.55 gpu_ms=0.01 unpack_ms=2.61 total_ms=53.12
v5_service device=0 lane=0 class=2 jobs=7 rows=15257 cells=344541 reach=281916 reverse=344581 table_mib=16.8 mutable_mib=640.0 max_job_mib=136.6 oldest_ms=79.22 pack_ms=7.95 solve_ms=53.17
v5_device jobs=3 rows=864 cells=30344 direct=true graph_reused=false upload_ms=0.48 capture_ms=4.87 queue_ms=31.70 gpu_ms=0.01 unpack_ms=0.27 total_ms=37.32
v5_service device=1 lane=0 class=0 jobs=3 rows=864 cells=30344 reach=23833 reverse=30344 table_mib=1.4 mutable_mib=24.0 max_job_mib=9.1 oldest_ms=317.12 pack_ms=1.20 solve_ms=37.37
v5_device jobs=30 rows=20459 cells=625405 direct=true graph_reused=false upload_ms=16.27 capture_ms=2.95 queue_ms=62.29 gpu_ms=0.01 unpack_ms=5.54 total_ms=87.06
v5_service device=1 lane=1 class=1 jobs=30 rows=20459 cells=625405 reach=519575 reverse=661221 table_mib=29.1 mutable_mib=720.0 max_job_mib=35.8 oldest_ms=81.67 pack_ms=12.45 solve_ms=87.13
v5_device jobs=2 rows=638 cells=13183 direct=true graph_reused=false upload_ms=0.28 capture_ms=3.44 queue_ms=3.55 gpu_ms=0.01 unpack_ms=0.09 total_ms=7.36
v5_service device=1 lane=1 class=0 jobs=2 rows=638 cells=13183 reach=10769 reverse=13183 table_mib=0.6 mutable_mib=16.0 max_job_mib=8.6 oldest_ms=130.21 pack_ms=1.21 solve_ms=7.43
v5_device jobs=41 rows=26017 cells=744843 direct=true graph_reused=false upload_ms=18.23 capture_ms=3.19 queue_ms=83.09 gpu_ms=0.01 unpack_ms=5.48 total_ms=110.01
v5_service device=0 lane=0 class=1 jobs=41 rows=26017 cells=744843 reach=580161 reverse=745081 table_mib=32.9 mutable_mib=832.0 max_job_mib=34.7 oldest_ms=150.96 pack_ms=16.41 solve_ms=110.07
v5_device jobs=6 rows=1567 cells=41220 direct=true graph_reused=false upload_ms=1.02 capture_ms=4.71 queue_ms=10.51 gpu_ms=0.01 unpack_ms=0.33 total_ms=16.58
v5_service device=0 lane=0 class=0 jobs=6 rows=1567 cells=41220 reach=34026 reverse=41220 table_mib=1.9 mutable_mib=44.0 max_job_mib=9.1 oldest_ms=282.73 pack_ms=2.89 solve_ms=16.65
v5_device jobs=1 rows=19252 cells=1193019 direct=true graph_reused=false upload_ms=41.45 capture_ms=2.99 queue_ms=63.15 gpu_ms=0.01 unpack_ms=5.90 total_ms=113.51
v5_service device=1 lane=0 class=3 jobs=1 rows=19252 cells=1193019 reach=1180213 reverse=1193019 table_mib=44.1 mutable_mib=512.0 max_job_mib=579.4 oldest_ms=342.27 pack_ms=31.03 solve_ms=113.56
v5_device jobs=1 rows=39666 cells=194288 direct=true graph_reused=false upload_ms=81.57 capture_ms=4.19 queue_ms=97.48 gpu_ms=0.02 unpack_ms=6.53 total_ms=189.80
v5_service device=0 lane=1 class=3 jobs=1 rows=39666 cells=194288 reach=1890163 reverse=1891436 table_mib=61.8 mutable_mib=1024.0 max_job_mib=1109.2 oldest_ms=266.63 pack_ms=31.28 solve_ms=189.86
v5_device jobs=29 rows=21032 cells=722826 direct=true graph_reused=false upload_ms=14.06 capture_ms=3.00 queue_ms=48.13 gpu_ms=0.01 unpack_ms=4.27 total_ms=69.47
v5_service device=1 lane=1 class=1 jobs=29 rows=21032 cells=722826 reach=587571 reverse=730705 table_mib=30.5 mutable_mib=656.0 max_job_mib=38.8 oldest_ms=78.96 pack_ms=16.86 solve_ms=69.53
v5_device jobs=10 rows=2855 cells=44275 direct=true graph_reused=false upload_ms=0.84 capture_ms=3.24 queue_ms=10.77 gpu_ms=0.02 unpack_ms=0.35 total_ms=15.22
v5_service device=1 lane=1 class=0 jobs=10 rows=2855 cells=44275 reach=36330 reverse=44275 table_mib=2.5 mutable_mib=76.0 max_job_mib=9.0 oldest_ms=171.28 pack_ms=3.62 solve_ms=15.27
v5_device jobs=1 rows=33363 cells=772988 direct=true graph_reused=false upload_ms=18.98 capture_ms=3.20 queue_ms=68.71 gpu_ms=0.01 unpack_ms=1.82 total_ms=92.72
v5_service device=1 lane=1 class=3 jobs=1 rows=33363 cells=772988 reach=619217 reverse=772988 table_mib=33.2 mutable_mib=1024.0 max_job_mib=1071.6 oldest_ms=184.62 pack_ms=15.02 solve_ms=92.77
v5_device jobs=2 rows=3030 cells=275668 direct=true graph_reused=false upload_ms=2.82 capture_ms=3.11 queue_ms=15.60 gpu_ms=0.01 unpack_ms=1.00 total_ms=22.54
v5_service device=1 lane=1 class=2 jobs=2 rows=3030 cells=275668 reach=208158 reverse=275668 table_mib=9.1 mutable_mib=128.0 max_job_mib=71.3 oldest_ms=251.16 pack_ms=4.15 solve_ms=22.60
v5_device jobs=30 rows=20326 cells=525678 direct=true graph_reused=false upload_ms=18.19 capture_ms=3.87 queue_ms=93.80 gpu_ms=0.01 unpack_ms=4.73 total_ms=120.60
v5_service device=0 lane=0 class=1 jobs=30 rows=20326 cells=525678 reach=527268 reverse=659443 table_mib=27.3 mutable_mib=656.0 max_job_mib=36.8 oldest_ms=79.36 pack_ms=15.94 solve_ms=120.65
v5_device jobs=43 rows=27660 cells=840116 direct=true graph_reused=false upload_ms=21.33 capture_ms=4.19 queue_ms=85.79 gpu_ms=0.02 unpack_ms=6.72 total_ms=118.05
v5_service device=1 lane=0 class=1 jobs=43 rows=27660 cells=840116 reach=647531 reverse=844945 table_mib=36.6 mutable_mib=896.0 max_job_mib=37.2 oldest_ms=79.68 pack_ms=17.02 solve_ms=118.10
v5_device jobs=33 rows=25670 cells=857154 direct=true graph_reused=false upload_ms=19.39 capture_ms=4.27 queue_ms=76.55 gpu_ms=0.01 unpack_ms=13.20 total_ms=113.43
v5_service device=0 lane=1 class=1 jobs=33 rows=25670 cells=857154 reach=691729 reverse=890534 table_mib=36.3 mutable_mib=832.0 max_job_mib=37.6 oldest_ms=82.45 pack_ms=24.98 solve_ms=113.48
v5_device jobs=2 rows=635 cells=16166 direct=true graph_reused=false upload_ms=0.34 capture_ms=4.49 queue_ms=8.09 gpu_ms=0.01 unpack_ms=0.14 total_ms=13.06
v5_service device=0 lane=1 class=0 jobs=2 rows=635 cells=16166 reach=12998 reverse=16166 table_mib=0.7 mutable_mib=16.0 max_job_mib=8.9 oldest_ms=225.71 pack_ms=0.78 solve_ms=13.11
v5_device jobs=4 rows=1126 cells=19764 direct=true graph_reused=false upload_ms=0.54 capture_ms=5.52 queue_ms=6.52 gpu_ms=0.01 unpack_ms=0.23 total_ms=12.82
v5_service device=0 lane=0 class=0 jobs=4 rows=1126 cells=19764 reach=16648 reverse=19764 table_mib=1.1 mutable_mib=32.0 max_job_mib=8.6 oldest_ms=230.13 pack_ms=2.12 solve_ms=12.91
v5_device jobs=9 rows=30164 cells=680657 direct=true graph_reused=false upload_ms=18.25 capture_ms=3.44 queue_ms=56.18 gpu_ms=0.01 unpack_ms=3.98 total_ms=81.86
v5_service device=1 lane=0 class=2 jobs=9 rows=30164 cells=680657 reach=536012 reverse=680727 table_mib=31.4 mutable_mib=1024.0 max_job_mib=267.6 oldest_ms=232.46 pack_ms=16.52 solve_ms=81.92
v5_device jobs=14 rows=45954 cells=1029282 direct=true graph_reused=false upload_ms=29.32 capture_ms=3.99 queue_ms=96.36 gpu_ms=0.01 unpack_ms=8.77 total_ms=138.44
v5_service device=0 lane=0 class=2 jobs=14 rows=45954 cells=1029282 reach=954797 reverse=1070665 table_mib=50.8 mutable_mib=1408.0 max_job_mib=270.5 oldest_ms=266.08 pack_ms=30.57 solve_ms=138.51
v5_device jobs=1 rows=16849 cells=559219 direct=true graph_reused=false upload_ms=11.18 capture_ms=4.13 queue_ms=67.14 gpu_ms=0.01 unpack_ms=1.47 total_ms=83.93
v5_service device=1 lane=0 class=3 jobs=1 rows=16849 cells=559219 reach=547566 reverse=559219 table_mib=22.9 mutable_mib=512.0 max_job_mib=545.3 oldest_ms=333.04 pack_ms=12.03 solve_ms=83.99
v5_device jobs=9 rows=26822 cells=776597 direct=true graph_reused=false upload_ms=33.60 capture_ms=3.04 queue_ms=91.15 gpu_ms=0.02 unpack_ms=6.35 total_ms=134.15
v5_service device=1 lane=1 class=2 jobs=9 rows=26822 cells=776597 reach=666054 reverse=793120 table_mib=35.9 mutable_mib=960.0 max_job_mib=272.0 oldest_ms=79.71 pack_ms=17.58 solve_ms=134.21
v5_device jobs=6 rows=1706 cells=32684 direct=true graph_reused=false upload_ms=0.65 capture_ms=3.32 queue_ms=7.67 gpu_ms=0.01 unpack_ms=0.25 total_ms=11.89
v5_service device=1 lane=0 class=0 jobs=6 rows=1706 cells=32684 reach=25626 reverse=32684 table_mib=1.6 mutable_mib=48.0 max_job_mib=8.8 oldest_ms=428.68 pack_ms=1.03 solve_ms=11.95
v5_device jobs=28 rows=20853 cells=552953 direct=true graph_reused=false upload_ms=11.16 capture_ms=3.11 queue_ms=42.76 gpu_ms=0.01 unpack_ms=3.65 total_ms=60.69
v5_service device=1 lane=1 class=1 jobs=28 rows=20853 cells=552953 reach=452669 reverse=553574 table_mib=25.0 mutable_mib=640.0 max_job_mib=36.7 oldest_ms=239.13 pack_ms=11.13 solve_ms=60.75
v5_device jobs=5 rows=1484 cells=17422 direct=true graph_reused=false upload_ms=0.49 capture_ms=3.68 queue_ms=7.45 gpu_ms=0.01 unpack_ms=0.25 total_ms=11.87
v5_service device=1 lane=1 class=0 jobs=5 rows=1484 cells=17422 reach=14106 reverse=17422 table_mib=1.2 mutable_mib=40.0 max_job_mib=8.6 oldest_ms=314.12 pack_ms=1.59 solve_ms=11.93
v5_device jobs=41 rows=28112 cells=786713 direct=true graph_reused=false upload_ms=16.47 capture_ms=3.21 queue_ms=59.04 gpu_ms=0.01 unpack_ms=5.07 total_ms=83.80
v5_service device=1 lane=0 class=1 jobs=41 rows=28112 cells=786713 reach=631538 reverse=787912 table_mib=35.2 mutable_mib=896.0 max_job_mib=36.1 oldest_ms=80.46 pack_ms=15.54 solve_ms=83.86
v5_device jobs=3 rows=4728 cells=43525 direct=true graph_reused=false upload_ms=1.08 capture_ms=3.07 queue_ms=10.28 gpu_ms=0.01 unpack_ms=0.40 total_ms=14.84
v5_service device=1 lane=0 class=2 jobs=3 rows=4728 cells=43525 reach=41417 reverse=43539 table_mib=3.1 mutable_mib=192.0 max_job_mib=66.0 oldest_ms=180.53 pack_ms=2.16 solve_ms=14.88
v5_device jobs=20 rows=13686 cells=394673 direct=true graph_reused=false upload_ms=7.31 capture_ms=4.94 queue_ms=138.48 gpu_ms=0.01 unpack_ms=2.49 total_ms=153.22
v5_service device=0 lane=0 class=1 jobs=20 rows=13686 cells=394673 reach=315314 reverse=398379 table_mib=17.2 mutable_mib=464.0 max_job_mib=36.0 oldest_ms=81.55 pack_ms=9.67 solve_ms=153.29
v5_device jobs=43 rows=27853 cells=743345 direct=true graph_reused=false upload_ms=28.79 capture_ms=3.02 queue_ms=58.74 gpu_ms=0.01 unpack_ms=5.12 total_ms=95.68
v5_service device=1 lane=1 class=1 jobs=43 rows=27853 cells=743345 reach=597497 reverse=743853 table_mib=33.5 mutable_mib=896.0 max_job_mib=36.9 oldest_ms=79.48 pack_ms=15.94 solve_ms=95.73
v5_device jobs=3 rows=6018 cells=289140 direct=true graph_reused=false upload_ms=5.05 capture_ms=5.74 queue_ms=25.23 gpu_ms=0.01 unpack_ms=2.08 total_ms=38.10
v5_service device=0 lane=0 class=2 jobs=3 rows=6018 cells=289140 reach=219961 reverse=289172 table_mib=11.2 mutable_mib=192.0 max_job_mib=76.0 oldest_ms=248.04 pack_ms=9.00 solve_ms=38.15
v5_device jobs=1 rows=61959 cells=75601 direct=true graph_reused=false upload_ms=168.60 capture_ms=3.07 queue_ms=242.64 gpu_ms=0.02 unpack_ms=46.97 total_ms=461.30
v5_service device=0 lane=1 class=3 jobs=1 rows=61959 cells=75601 reach=4654114 reverse=4654137 table_mib=134.9 mutable_mib=2048.0 max_job_mib=2244.3 oldest_ms=246.32 pack_ms=65.78 solve_ms=461.35
v5_device jobs=10 rows=3153 cells=58277 direct=true graph_reused=false upload_ms=1.07 capture_ms=3.64 queue_ms=26.43 gpu_ms=0.01 unpack_ms=0.52 total_ms=31.67
v5_service device=1 lane=1 class=0 jobs=10 rows=3153 cells=58277 reach=49943 reverse=58305 table_mib=3.2 mutable_mib=80.0 max_job_mib=9.5 oldest_ms=197.98 pack_ms=2.18 solve_ms=31.72
v5_device jobs=4 rows=5804 cells=302663 direct=true graph_reused=false upload_ms=4.52 capture_ms=3.56 queue_ms=30.57 gpu_ms=0.01 unpack_ms=1.85 total_ms=40.50
v5_service device=1 lane=0 class=2 jobs=4 rows=5804 cells=302663 reach=250360 reverse=302683 table_mib=11.9 mutable_mib=256.0 max_job_mib=72.1 oldest_ms=78.39 pack_ms=6.07 solve_ms=40.55
v5_device jobs=8 rows=2290 cells=121706 direct=true graph_reused=false upload_ms=1.43 capture_ms=3.00 queue_ms=36.01 gpu_ms=0.01 unpack_ms=0.62 total_ms=41.06
v5_service device=1 lane=0 class=0 jobs=8 rows=2290 cells=121706 reach=89474 reverse=121706 table_mib=4.4 mutable_mib=64.0 max_job_mib=9.8 oldest_ms=127.40 pack_ms=2.23 solve_ms=41.11
v5_device jobs=6 rows=9602 cells=523763 direct=true graph_reused=false upload_ms=6.67 capture_ms=3.14 queue_ms=30.56 gpu_ms=0.01 unpack_ms=2.44 total_ms=42.82
v5_service device=0 lane=1 class=2 jobs=6 rows=9602 cells=523763 reach=359757 reverse=528981 table_mib=18.8 mutable_mib=384.0 max_job_mib=74.7 oldest_ms=778.21 pack_ms=9.74 solve_ms=42.86
v5_device jobs=1 rows=13514 cells=394291 direct=true graph_reused=false upload_ms=7.27 capture_ms=4.12 queue_ms=32.67 gpu_ms=0.01 unpack_ms=2.11 total_ms=46.19
v5_service device=1 lane=1 class=3 jobs=1 rows=13514 cells=394291 reach=391469 reverse=394291 table_mib=17.5 mutable_mib=512.0 max_job_mib=540.5 oldest_ms=220.54 pack_ms=8.90 solve_ms=46.24
v5_device jobs=26 rows=19867 cells=461583 direct=true graph_reused=false upload_ms=12.45 capture_ms=4.05 queue_ms=81.57 gpu_ms=0.01 unpack_ms=3.73 total_ms=101.82
v5_service device=0 lane=0 class=1 jobs=26 rows=19867 cells=461583 reach=368193 reverse=464072 table_mib=22.4 mutable_mib=624.0 max_job_mib=36.3 oldest_ms=81.06 pack_ms=13.23 solve_ms=101.88
v5_device jobs=1 rows=14421 cells=1311838 direct=true graph_reused=false upload_ms=20.52 capture_ms=4.23 queue_ms=50.72 gpu_ms=0.01 unpack_ms=4.35 total_ms=79.82
v5_service device=0 lane=1 class=3 jobs=1 rows=14421 cells=1311838 reach=920601 reverse=1311838 table_mib=42.0 mutable_mib=512.0 max_job_mib=573.0 oldest_ms=795.95 pack_ms=21.90 solve_ms=79.87
v5_device jobs=1 rows=1919 cells=150026 direct=true graph_reused=false upload_ms=1.84 capture_ms=5.78 queue_ms=8.31 gpu_ms=0.01 unpack_ms=0.34 total_ms=16.28
v5_service device=0 lane=0 class=2 jobs=1 rows=1919 cells=150026 reach=113053 reverse=150026 table_mib=5.0 mutable_mib=64.0 max_job_mib=71.2 oldest_ms=195.76 pack_ms=4.31 solve_ms=16.33
v5_device jobs=8 rows=23548 cells=1184148 direct=true graph_reused=false upload_ms=35.33 capture_ms=2.95 queue_ms=77.83 gpu_ms=0.01 unpack_ms=6.07 total_ms=122.19
v5_service device=1 lane=1 class=2 jobs=8 rows=23548 cells=1184148 reach=980022 reverse=1184148 table_mib=44.0 mutable_mib=896.0 max_job_mib=281.8 oldest_ms=265.92 pack_ms=21.06 solve_ms=122.24
v5_device jobs=1 rows=25823 cells=30633 direct=true graph_reused=false upload_ms=16.60 capture_ms=3.88 queue_ms=35.06 gpu_ms=0.01 unpack_ms=0.93 total_ms=56.47
v5_service device=0 lane=0 class=3 jobs=1 rows=25823 cells=30633 reach=511261 reverse=511253 table_mib=23.0 mutable_mib=1024.0 max_job_mib=1053.5 oldest_ms=214.87 pack_ms=15.08 solve_ms=56.53
v5_device jobs=1 rows=324 cells=1510 direct=true graph_reused=false upload_ms=0.13 capture_ms=4.15 queue_ms=0.74 gpu_ms=0.00 unpack_ms=0.02 total_ms=5.04
v5_service device=0 lane=0 class=0 jobs=1 rows=324 cells=1510 reach=1526 reverse=1510 table_mib=0.2 mutable_mib=8.0 max_job_mib=8.2 oldest_ms=269.41 pack_ms=0.17 solve_ms=5.10
v5_device jobs=61 rows=43269 cells=1275822 direct=true graph_reused=false upload_ms=46.98 capture_ms=4.19 queue_ms=116.60 gpu_ms=0.01 unpack_ms=12.35 total_ms=180.13
v5_service device=1 lane=0 class=1 jobs=61 rows=43269 cells=1275822 reach=1003067 reverse=1276413 table_mib=56.8 mutable_mib=1392.0 max_job_mib=39.0 oldest_ms=192.97 pack_ms=31.86 solve_ms=180.19
v5_device jobs=20 rows=13531 cells=529114 direct=true graph_reused=false upload_ms=10.36 capture_ms=3.10 queue_ms=39.44 gpu_ms=0.01 unpack_ms=3.49 total_ms=56.41
v5_service device=0 lane=1 class=1 jobs=20 rows=13531 cells=529114 reach=448652 reverse=588289 table_mib=22.4 mutable_mib=432.0 max_job_mib=36.4 oldest_ms=82.72 pack_ms=10.29 solve_ms=56.47
v5_device jobs=1 rows=18781 cells=208803 direct=true graph_reused=false upload_ms=4.61 capture_ms=3.71 queue_ms=67.19 gpu_ms=0.01 unpack_ms=0.59 total_ms=76.11
v5_service device=1 lane=0 class=3 jobs=1 rows=18781 cells=208803 reach=208795 reverse=208803 table_mib=12.1 mutable_mib=512.0 max_job_mib=528.4 oldest_ms=386.03 pack_ms=5.95 solve_ms=76.16
v5_device jobs=30 rows=21600 cells=808993 direct=true graph_reused=false upload_ms=17.76 capture_ms=3.97 queue_ms=55.73 gpu_ms=0.01 unpack_ms=4.33 total_ms=81.79
v5_service device=1 lane=1 class=1 jobs=30 rows=21600 cells=808993 reach=666727 reverse=809143 table_mib=32.8 mutable_mib=688.0 max_job_mib=41.8 oldest_ms=86.14 pack_ms=14.77 solve_ms=81.85
v5_device jobs=8 rows=19192 cells=774657 direct=true graph_reused=false upload_ms=13.18 capture_ms=3.09 queue_ms=51.89 gpu_ms=0.01 unpack_ms=4.83 total_ms=72.99
v5_service device=1 lane=1 class=2 jobs=8 rows=19192 cells=774657 reach=633538 reverse=774807 table_mib=31.1 mutable_mib=640.0 max_job_mib=141.0 oldest_ms=190.39 pack_ms=14.12 solve_ms=73.05
v5_device jobs=34 rows=23890 cells=544100 direct=true graph_reused=false upload_ms=14.29 capture_ms=4.01 queue_ms=111.51 gpu_ms=0.01 unpack_ms=5.17 total_ms=134.99
v5_service device=0 lane=0 class=1 jobs=34 rows=23890 cells=544100 reach=535525 reverse=641159 table_mib=28.1 mutable_mib=784.0 max_job_mib=36.1 oldest_ms=80.29 pack_ms=16.63 solve_ms=135.04
v5_device jobs=4 rows=17290 cells=1586591 direct=true graph_reused=false upload_ms=26.57 capture_ms=4.36 queue_ms=104.78 gpu_ms=0.01 unpack_ms=9.12 total_ms=144.84
v5_service device=0 lane=1 class=2 jobs=4 rows=17290 cells=1586591 reach=1510327 reverse=1586881 table_mib=56.5 mutable_mib=576.0 max_job_mib=322.2 oldest_ms=163.04 pack_ms=29.68 solve_ms=144.89
v5_device jobs=7 rows=14365 cells=524770 direct=true graph_reused=false upload_ms=9.14 capture_ms=3.36 queue_ms=40.65 gpu_ms=0.01 unpack_ms=3.05 total_ms=56.21
v5_service device=1 lane=0 class=2 jobs=7 rows=14365 cells=524770 reach=423833 reverse=524930 table_mib=21.6 mutable_mib=512.0 max_job_mib=135.9 oldest_ms=77.81 pack_ms=9.07 solve_ms=56.27
v5_device jobs=5 rows=11621 cells=178936 direct=true graph_reused=false upload_ms=4.93 capture_ms=4.87 queue_ms=22.40 gpu_ms=0.01 unpack_ms=1.41 total_ms=33.62
v5_service device=0 lane=0 class=2 jobs=5 rows=11621 cells=178936 reach=158836 reverse=178944 table_mib=9.8 mutable_mib=384.0 max_job_mib=133.6 oldest_ms=241.85 pack_ms=8.60 solve_ms=33.70
v5_device jobs=6 rows=1794 cells=68114 direct=true graph_reused=false upload_ms=3.62 capture_ms=6.61 queue_ms=50.40 gpu_ms=0.01 unpack_ms=0.50 total_ms=61.13
v5_service device=0 lane=0 class=0 jobs=6 rows=1794 cells=68114 reach=48818 reverse=68181 table_mib=2.8 mutable_mib=48.0 max_job_mib=9.7 oldest_ms=282.53 pack_ms=3.41 solve_ms=61.21
v5_device jobs=1 rows=23691 cells=29123 direct=true graph_reused=false upload_ms=31.83 capture_ms=3.54 queue_ms=62.34 gpu_ms=0.01 unpack_ms=3.19 total_ms=100.90
v5_service device=0 lane=1 class=3 jobs=1 rows=23691 cells=29123 reach=1432988 reverse=1433012 table_mib=43.6 mutable_mib=1024.0 max_job_mib=1086.4 oldest_ms=335.19 pack_ms=23.63 solve_ms=100.94
v5_device jobs=5 rows=1463 cells=8128 direct=true graph_reused=false upload_ms=0.31 capture_ms=3.66 queue_ms=6.26 gpu_ms=0.00 unpack_ms=0.13 total_ms=10.36
v5_service device=0 lane=1 class=0 jobs=5 rows=1463 cells=8128 reach=7636 reverse=8128 table_mib=0.8 mutable_mib=40.0 max_job_mib=8.5 oldest_ms=455.95 pack_ms=0.78 solve_ms=10.39
v5_device jobs=1 rows=22784 cells=148168 direct=true graph_reused=false upload_ms=5.41 capture_ms=3.35 queue_ms=96.41 gpu_ms=0.01 unpack_ms=0.53 total_ms=105.70
v5_service device=1 lane=0 class=3 jobs=1 rows=22784 cells=148168 reach=148138 reverse=148168 table_mib=11.8 mutable_mib=512.0 max_job_mib=527.2 oldest_ms=151.20 pack_ms=6.15 solve_ms=105.74
v5_device jobs=4 rows=77023 cells=1103546 direct=true graph_reused=false upload_ms=47.89 capture_ms=3.75 queue_ms=78.14 gpu_ms=0.01 unpack_ms=4.40 total_ms=134.19
v5_service device=1 lane=1 class=3 jobs=4 rows=77023 cells=1103546 reach=911813 reverse=1103560 table_mib=56.2 mutable_mib=2560.0 max_job_mib=1065.8 oldest_ms=276.97 pack_ms=27.27 solve_ms=134.24
v5_device jobs=5 rows=1583 cells=16228 direct=true graph_reused=false upload_ms=0.40 capture_ms=3.24 queue_ms=4.31 gpu_ms=0.01 unpack_ms=0.11 total_ms=8.07
v5_service device=1 lane=1 class=0 jobs=5 rows=1583 cells=16228 reach=12946 reverse=16228 table_mib=1.0 mutable_mib=40.0 max_job_mib=8.5 oldest_ms=436.42 pack_ms=9.03 solve_ms=8.12
v5_device jobs=4 rows=6446 cells=564610 direct=true graph_reused=false upload_ms=6.97 capture_ms=4.10 queue_ms=49.41 gpu_ms=0.01 unpack_ms=2.84 total_ms=63.32
v5_service device=0 lane=1 class=2 jobs=4 rows=6446 cells=564610 reach=410602 reverse=565952 table_mib=19.9 mutable_mib=256.0 max_job_mib=80.2 oldest_ms=78.53 pack_ms=9.07 solve_ms=63.38
v5_device jobs=25 rows=16363 cells=576140 direct=true graph_reused=false upload_ms=11.67 capture_ms=3.98 queue_ms=69.26 gpu_ms=0.01 unpack_ms=3.74 total_ms=88.66
v5_service device=0 lane=0 class=1 jobs=25 rows=16363 cells=576140 reach=433376 reverse=576630 table_mib=23.7 mutable_mib=528.0 max_job_mib=40.7 oldest_ms=77.44 pack_ms=12.91 solve_ms=88.71
v5_device jobs=31 rows=20407 cells=610375 direct=true graph_reused=false upload_ms=11.80 capture_ms=4.02 queue_ms=57.66 gpu_ms=0.01 unpack_ms=4.11 total_ms=77.60
v5_service device=1 lane=1 class=1 jobs=31 rows=20407 cells=610375 reach=496805 reverse=610800 table_mib=26.9 mutable_mib=656.0 max_job_mib=36.0 oldest_ms=81.63 pack_ms=11.90 solve_ms=77.65
v5_device jobs=3 rows=7045 cells=450395 direct=true graph_reused=false upload_ms=6.61 capture_ms=4.23 queue_ms=30.77 gpu_ms=0.02 unpack_ms=3.08 total_ms=44.71
v5_service device=0 lane=0 class=2 jobs=3 rows=7045 cells=450395 reach=359788 reverse=450395 table_mib=16.7 mutable_mib=256.0 max_job_mib=136.2 oldest_ms=183.39 pack_ms=9.73 solve_ms=44.78
v5_device jobs=57 rows=40113 cells=961698 direct=true graph_reused=false upload_ms=38.20 capture_ms=2.89 queue_ms=130.63 gpu_ms=0.02 unpack_ms=9.46 total_ms=181.19
v5_service device=1 lane=0 class=1 jobs=57 rows=40113 cells=961698 reach=757503 reverse=964349 table_mib=45.8 mutable_mib=1312.0 max_job_mib=36.0 oldest_ms=277.13 pack_ms=23.53 solve_ms=181.23
v5_device jobs=8 rows=2638 cells=40462 direct=true graph_reused=false upload_ms=0.87 capture_ms=3.36 queue_ms=10.48 gpu_ms=0.01 unpack_ms=0.37 total_ms=15.09
v5_service device=0 lane=0 class=0 jobs=8 rows=2638 cells=40462 reach=32526 reverse=40462 table_mib=2.2 mutable_mib=64.0 max_job_mib=8.9 oldest_ms=235.58 pack_ms=1.46 solve_ms=15.14
v5_device jobs=4 rows=6303 cells=295500 direct=true graph_reused=false upload_ms=3.66 capture_ms=3.60 queue_ms=20.31 gpu_ms=0.01 unpack_ms=1.30 total_ms=28.87
v5_service device=1 lane=1 class=2 jobs=4 rows=6303 cells=295500 reach=250663 reverse=295512 table_mib=11.2 mutable_mib=256.0 max_job_mib=71.5 oldest_ms=177.76 pack_ms=6.14 solve_ms=28.93
v5_device jobs=6 rows=1749 cells=21003 direct=true graph_reused=false upload_ms=0.57 capture_ms=5.06 queue_ms=10.94 gpu_ms=0.01 unpack_ms=0.29 total_ms=16.86
v5_service device=1 lane=0 class=0 jobs=6 rows=1749 cells=21003 reach=17527 reverse=21003 table_mib=1.4 mutable_mib=44.0 max_job_mib=9.1 oldest_ms=488.75 pack_ms=2.54 solve_ms=16.91
v5_device jobs=3 rows=511 cells=21265 direct=true graph_reused=false upload_ms=0.27 capture_ms=3.59 queue_ms=4.38 gpu_ms=0.00 unpack_ms=0.08 total_ms=8.32
v5_service device=1 lane=1 class=0 jobs=3 rows=511 cells=21265 reach=15109 reverse=21265 table_mib=0.8 mutable_mib=20.0 max_job_mib=8.4 oldest_ms=213.38 pack_ms=1.47 solve_ms=8.36
v5_device jobs=1 rows=43027 cells=209167 direct=true graph_reused=false upload_ms=54.55 capture_ms=3.39 queue_ms=66.76 gpu_ms=0.01 unpack_ms=2.88 total_ms=127.59
v5_service device=0 lane=0 class=3 jobs=1 rows=43027 cells=209167 reach=1270008 reverse=1271363 table_mib=49.1 mutable_mib=1024.0 max_job_mib=1088.1 oldest_ms=210.11 pack_ms=27.14 solve_ms=127.65
v5_device jobs=66 rows=43986 cells=1449424 direct=true graph_reused=false upload_ms=32.37 capture_ms=3.14 queue_ms=176.17 gpu_ms=0.02 unpack_ms=12.89 total_ms=224.58
v5_service device=0 lane=1 class=1 jobs=66 rows=43986 cells=1449424 reach=1137932 reverse=1449594 table_mib=61.5 mutable_mib=1456.0 max_job_mib=36.5 oldest_ms=174.34 pack_ms=38.84 solve_ms=224.64
v5_device jobs=6 rows=1528 cells=22515 direct=true graph_reused=false upload_ms=0.48 capture_ms=3.63 queue_ms=6.26 gpu_ms=0.01 unpack_ms=0.18 total_ms=10.56
v5_service device=0 lane=1 class=0 jobs=6 rows=1528 cells=22515 reach=17942 reverse=22515 table_mib=1.3 mutable_mib=44.0 max_job_mib=8.7 oldest_ms=445.74 pack_ms=2.13 solve_ms=10.62
v5_device jobs=28 rows=21385 cells=865281 direct=true graph_reused=false upload_ms=19.78 capture_ms=3.56 queue_ms=115.78 gpu_ms=0.02 unpack_ms=6.23 total_ms=145.36
v5_service device=1 lane=0 class=1 jobs=28 rows=21385 cells=865281 reach=675113 reverse=870516 table_mib=34.9 mutable_mib=656.0 max_job_mib=36.9 oldest_ms=81.24 pack_ms=15.84 solve_ms=145.42
v5_device jobs=3 rows=831 cells=24685 direct=true graph_reused=false upload_ms=0.35 capture_ms=3.60 queue_ms=3.62 gpu_ms=0.00 unpack_ms=0.11 total_ms=7.69
v5_service device=1 lane=0 class=0 jobs=3 rows=831 cells=24685 reach=18798 reverse=24685 table_mib=1.0 mutable_mib=20.0 max_job_mib=8.7 oldest_ms=245.80 pack_ms=2.13 solve_ms=7.74
v5_device jobs=2 rows=63238 cells=2154750 direct=true graph_reused=false upload_ms=68.31 capture_ms=3.65 queue_ms=131.83 gpu_ms=0.01 unpack_ms=9.43 total_ms=213.23
v5_service device=1 lane=1 class=3 jobs=2 rows=63238 cells=2154750 reach=1665641 reverse=2154750 table_mib=83.7 mutable_mib=1536.0 max_job_mib=1136.2 oldest_ms=230.18 pack_ms=37.44 solve_ms=213.27
v5_device jobs=38 rows=27011 cells=590081 direct=true graph_reused=false upload_ms=17.26 capture_ms=3.43 queue_ms=59.54 gpu_ms=0.02 unpack_ms=5.62 total_ms=85.87
v5_service device=0 lane=0 class=1 jobs=38 rows=27011 cells=590081 reach=480830 reverse=611051 table_mib=29.4 mutable_mib=880.0 max_job_mib=36.6 oldest_ms=78.72 pack_ms=14.67 solve_ms=85.94
v5_device jobs=7 rows=2192 cells=57052 direct=true graph_reused=false upload_ms=1.06 capture_ms=4.06 queue_ms=72.92 gpu_ms=0.01 unpack_ms=0.72 total_ms=78.77
v5_service device=0 lane=0 class=0 jobs=7 rows=2192 cells=57052 reach=45990 reverse=57202 table_mib=2.9 mutable_mib=56.0 max_job_mib=9.3 oldest_ms=185.76 pack_ms=2.51 solve_ms=78.82
v5_device jobs=34 rows=23549 cells=1209204 direct=true graph_reused=false upload_ms=24.61 capture_ms=3.38 queue_ms=79.81 gpu_ms=0.01 unpack_ms=7.61 total_ms=115.43
v5_service device=0 lane=1 class=1 jobs=34 rows=23549 cells=1209204 reach=903338 reverse=1209290 table_mib=45.5 mutable_mib=752.0 max_job_mib=44.0 oldest_ms=84.46 pack_ms=26.02 solve_ms=115.48
v5_device jobs=25 rows=19380 cells=770935 direct=true graph_reused=false upload_ms=14.43 capture_ms=2.95 queue_ms=55.44 gpu_ms=0.01 unpack_ms=4.25 total_ms=77.08
v5_service device=1 lane=1 class=1 jobs=25 rows=19380 cells=770935 reach=628076 reverse=771567 table_mib=31.0 mutable_mib=640.0 max_job_mib=36.6 oldest_ms=80.92 pack_ms=22.16 solve_ms=77.13
v5_device jobs=5 rows=9320 cells=135448 direct=true graph_reused=false upload_ms=3.22 capture_ms=3.63 queue_ms=22.35 gpu_ms=0.01 unpack_ms=1.22 total_ms=30.44
v5_service device=0 lane=0 class=2 jobs=5 rows=9320 cells=135448 reach=115323 reverse=135720 table_mib=7.7 mutable_mib=320.0 max_job_mib=68.4 oldest_ms=272.90 pack_ms=4.92 solve_ms=30.49
v5_device jobs=8 rows=16072 cells=266723 direct=true graph_reused=false upload_ms=7.06 capture_ms=3.21 queue_ms=45.29 gpu_ms=0.01 unpack_ms=3.51 total_ms=59.08
v5_service device=0 lane=1 class=2 jobs=8 rows=16072 cells=266723 reach=234379 reverse=267428 table_mib=15.8 mutable_mib=576.0 max_job_mib=132.0 oldest_ms=233.03 pack_ms=8.21 solve_ms=59.14
v5_device jobs=2 rows=462 cells=5589 direct=true graph_reused=false upload_ms=0.18 capture_ms=4.13 queue_ms=87.71 gpu_ms=0.00 unpack_ms=0.05 total_ms=92.08
v5_service device=1 lane=1 class=0 jobs=2 rows=462 cells=5589 reach=4387 reverse=5589 table_mib=0.3 mutable_mib=12.0 max_job_mib=8.4 oldest_ms=185.28 pack_ms=0.79 solve_ms=92.11
v5_device jobs=2 rows=9419 cells=90831 direct=true graph_reused=false upload_ms=2.53 capture_ms=2.89 queue_ms=27.22 gpu_ms=0.00 unpack_ms=0.94 total_ms=33.58
v5_service device=1 lane=1 class=2 jobs=2 rows=9419 cells=90831 reach=88084 reverse=90985 table_mib=6.6 mutable_mib=320.0 max_job_mib=261.3 oldest_ms=265.53 pack_ms=3.49 solve_ms=33.62
v5_device jobs=33 rows=23031 cells=709198 direct=true graph_reused=false upload_ms=16.11 capture_ms=3.37 queue_ms=52.96 gpu_ms=0.02 unpack_ms=6.30 total_ms=78.75
v5_service device=0 lane=0 class=1 jobs=33 rows=23031 cells=709198 reach=551415 reverse=709855 table_mib=30.8 mutable_mib=736.0 max_job_mib=39.3 oldest_ms=78.75 pack_ms=14.68 solve_ms=78.81
v5_device jobs=4 rows=85757 cells=2806316 direct=true graph_reused=false upload_ms=94.12 capture_ms=3.87 queue_ms=186.86 gpu_ms=0.01 unpack_ms=18.57 total_ms=303.43
v5_service device=1 lane=0 class=3 jobs=4 rows=85757 cells=2806316 reach=2227963 reverse=2806316 table_mib=110.8 mutable_mib=2048.0 max_job_mib=572.5 oldest_ms=268.97 pack_ms=58.57 solve_ms=303.49
v5_device jobs=4 rows=7818 cells=104131 direct=true graph_reused=false upload_ms=2.23 capture_ms=3.61 queue_ms=44.26 gpu_ms=0.01 unpack_ms=0.92 total_ms=51.03
v5_service device=0 lane=0 class=2 jobs=4 rows=7818 cells=104131 reach=95307 reverse=104221 table_mib=6.2 mutable_mib=256.0 max_job_mib=68.9 oldest_ms=179.37 pack_ms=3.01 solve_ms=51.08
v5_device jobs=19 rows=13271 cells=662200 direct=true graph_reused=false upload_ms=16.87 capture_ms=3.38 queue_ms=57.70 gpu_ms=0.01 unpack_ms=4.79 total_ms=82.74
v5_service device=0 lane=1 class=1 jobs=19 rows=13271 cells=662200 reach=550124 reverse=681514 table_mib=26.8 mutable_mib=432.0 max_job_mib=40.8 oldest_ms=85.75 pack_ms=15.15 solve_ms=82.79
v5_device jobs=2 rows=615 cells=16508 direct=true graph_reused=false upload_ms=0.32 capture_ms=3.93 queue_ms=4.85 gpu_ms=0.01 unpack_ms=0.18 total_ms=9.29
v5_service device=0 lane=0 class=0 jobs=2 rows=615 cells=16508 reach=12992 reverse=16508 table_mib=0.8 mutable_mib=16.0 max_job_mib=8.8 oldest_ms=234.60 pack_ms=0.51 solve_ms=9.36
v5_device jobs=4 rows=15266 cells=192686 direct=true graph_reused=false upload_ms=4.56 capture_ms=3.02 queue_ms=42.58 gpu_ms=0.01 unpack_ms=2.28 total_ms=52.44
v5_service device=1 lane=0 class=2 jobs=4 rows=15266 cells=192686 reach=169439 reverse=192686 table_mib=12.5 mutable_mib=448.0 max_job_mib=264.5 oldest_ms=626.49 pack_ms=7.20 solve_ms=52.49
v5_device jobs=15 rows=11666 cells=765956 direct=true graph_reused=false upload_ms=11.42 capture_ms=4.12 queue_ms=50.40 gpu_ms=0.01 unpack_ms=3.98 total_ms=69.93
v5_service device=1 lane=1 class=1 jobs=15 rows=11666 cells=765956 reach=556168 reverse=766296 table_mib=28.2 mutable_mib=400.0 max_job_mib=42.7 oldest_ms=79.97 pack_ms=12.41 solve_ms=69.97
v5_device jobs=6 rows=1637 cells=71303 direct=true graph_reused=false upload_ms=0.73 capture_ms=3.28 queue_ms=10.85 gpu_ms=0.01 unpack_ms=0.30 total_ms=15.17
v5_service device=1 lane=1 class=0 jobs=6 rows=1637 cells=71303 reach=52149 reverse=71303 table_mib=2.7 mutable_mib=48.0 max_job_mib=9.5 oldest_ms=160.00 pack_ms=3.19 solve_ms=15.21
v5_device jobs=1 rows=1741 cells=4572 direct=true graph_reused=false upload_ms=0.43 capture_ms=3.54 queue_ms=7.33 gpu_ms=0.00 unpack_ms=0.15 total_ms=11.45
v5_service device=1 lane=1 class=2 jobs=1 rows=1741 cells=4572 reach=4354 reverse=4572 table_mib=1.1 mutable_mib=64.0 max_job_mib=66.8 oldest_ms=175.64 pack_ms=0.60 solve_ms=11.49
v5_device jobs=32 rows=21542 cells=562465 direct=true graph_reused=false upload_ms=13.35 capture_ms=3.88 queue_ms=39.29 gpu_ms=0.01 unpack_ms=3.03 total_ms=59.56
v5_service device=1 lane=0 class=1 jobs=32 rows=21542 cells=562465 reach=438525 reverse=562477 table_mib=24.4 mutable_mib=688.0 max_job_mib=36.5 oldest_ms=80.46 pack_ms=14.31 solve_ms=59.62
v5_device jobs=11 rows=29951 cells=749239 direct=true graph_reused=false upload_ms=26.36 capture_ms=3.17 queue_ms=115.17 gpu_ms=0.01 unpack_ms=6.55 total_ms=151.26
v5_service device=0 lane=1 class=2 jobs=11 rows=29951 cells=749239 reach=1145185 reverse=1232247 table_mib=45.4 mutable_mib=1024.0 max_job_mib=277.1 oldest_ms=201.16 pack_ms=26.02 solve_ms=151.33
v5_device jobs=34 rows=23903 cells=680678 direct=true graph_reused=false upload_ms=16.29 capture_ms=3.43 queue_ms=75.20 gpu_ms=0.01 unpack_ms=6.24 total_ms=101.17
v5_service device=0 lane=0 class=1 jobs=34 rows=23903 cells=680678 reach=615532 reverse=760460 table_mib=32.6 mutable_mib=768.0 max_job_mib=41.6 oldest_ms=77.80 pack_ms=15.14 solve_ms=101.22
v5_device jobs=1 rows=307 cells=1701 direct=true graph_reused=false upload_ms=0.14 capture_ms=3.89 queue_ms=1.39 gpu_ms=0.01 unpack_ms=0.02 total_ms=5.44
v5_service device=0 lane=1 class=0 jobs=1 rows=307 cells=1701 reach=1711 reverse=1701 table_mib=0.2 mutable_mib=8.0 max_job_mib=8.2 oldest_ms=379.78 pack_ms=0.72 solve_ms=5.49
v5_device jobs=3 rows=882 cells=5395 direct=true graph_reused=false upload_ms=0.16 capture_ms=3.46 queue_ms=3.33 gpu_ms=0.01 unpack_ms=0.08 total_ms=7.04
v5_service device=0 lane=0 class=0 jobs=3 rows=882 cells=5395 reach=4963 reverse=5395 table_mib=0.5 mutable_mib=24.0 max_job_mib=8.5 oldest_ms=198.65 pack_ms=1.23 solve_ms=7.08
v5_device jobs=3 rows=5171 cells=70670 direct=true graph_reused=false upload_ms=1.34 capture_ms=3.08 queue_ms=11.93 gpu_ms=0.01 unpack_ms=0.59 total_ms=16.95
v5_service device=0 lane=0 class=2 jobs=3 rows=5171 cells=70670 reach=57530 reverse=70671 table_mib=4.0 mutable_mib=192.0 max_job_mib=67.0 oldest_ms=202.87 pack_ms=1.82 solve_ms=17.01
v5_device jobs=1 rows=11474 cells=1066480 direct=true graph_reused=false upload_ms=14.83 capture_ms=3.10 queue_ms=36.24 gpu_ms=0.01 unpack_ms=2.77 total_ms=56.95
v5_service device=0 lane=1 class=3 jobs=1 rows=11474 cells=1066480 reach=731653 reverse=1066480 table_mib=33.9 mutable_mib=512.0 max_job_mib=560.8 oldest_ms=347.55 pack_ms=18.94 solve_ms=57.01
v5_device jobs=4 rows=7721 cells=157711 direct=true graph_reused=false upload_ms=6.85 capture_ms=4.04 queue_ms=89.24 gpu_ms=0.01 unpack_ms=1.04 total_ms=101.17
v5_service device=1 lane=0 class=2 jobs=4 rows=7721 cells=157711 reach=139709 reverse=157711 table_mib=7.3 mutable_mib=256.0 max_job_mib=67.1 oldest_ms=167.33 pack_ms=6.32 solve_ms=101.22
v5_device jobs=1 rows=38179 cells=1952200 direct=true graph_reused=false upload_ms=69.92 capture_ms=3.17 queue_ms=146.32 gpu_ms=0.01 unpack_ms=27.46 total_ms=246.87
v5_service device=1 lane=1 class=3 jobs=1 rows=38179 cells=1952200 reach=1943555 reverse=1952200 table_mib=74.5 mutable_mib=1024.0 max_job_mib=1140.7 oldest_ms=139.90 pack_ms=38.53 solve_ms=246.93
v5_device jobs=41 rows=27063 cells=979063 direct=true graph_reused=false upload_ms=19.28 capture_ms=3.23 queue_ms=116.76 gpu_ms=0.02 unpack_ms=7.23 total_ms=146.52
v5_service device=0 lane=0 class=1 jobs=41 rows=27063 cells=979063 reach=745218 reverse=979208 table_mib=40.4 mutable_mib=896.0 max_job_mib=42.6 oldest_ms=79.92 pack_ms=17.60 solve_ms=146.58
v5_device jobs=38 rows=24887 cells=774087 direct=true graph_reused=false upload_ms=14.78 capture_ms=3.31 queue_ms=73.76 gpu_ms=0.01 unpack_ms=6.39 total_ms=98.24
v5_service device=0 lane=1 class=1 jobs=38 rows=24887 cells=774087 reach=609163 reverse=775698 table_mib=33.8 mutable_mib=832.0 max_job_mib=35.9 oldest_ms=81.00 pack_ms=14.08 solve_ms=98.28
v5_device jobs=3 rows=927 cells=9195 direct=true graph_reused=false upload_ms=0.31 capture_ms=3.79 queue_ms=3.51 gpu_ms=0.01 unpack_ms=0.13 total_ms=7.74
v5_service device=0 lane=0 class=0 jobs=3 rows=927 cells=9195 reach=8896 reverse=9195 table_mib=0.6 mutable_mib=24.0 max_job_mib=8.5 oldest_ms=254.23 pack_ms=1.22 solve_ms=7.79
v5_device jobs=1 rows=1276 cells=210717 direct=true graph_reused=false upload_ms=2.26 capture_ms=3.50 queue_ms=35.02 gpu_ms=0.01 unpack_ms=0.49 total_ms=41.28
v5_service device=0 lane=0 class=2 jobs=1 rows=1276 cells=210717 reach=165064 reverse=210717 table_mib=6.6 mutable_mib=64.0 max_job_mib=73.5 oldest_ms=190.89 pack_ms=4.11 solve_ms=41.33
v5_device jobs=6 rows=13690 cells=256276 direct=true graph_reused=false upload_ms=6.20 capture_ms=3.50 queue_ms=42.65 gpu_ms=0.01 unpack_ms=2.80 total_ms=55.16
v5_service device=0 lane=1 class=2 jobs=6 rows=13690 cells=256276 reach=224998 reverse=257964 table_mib=14.1 mutable_mib=448.0 max_job_mib=131.7 oldest_ms=198.76 pack_ms=8.30 solve_ms=55.21
v5_device jobs=40 rows=25768 cells=799086 direct=true graph_reused=false upload_ms=31.85 capture_ms=3.13 queue_ms=64.67 gpu_ms=0.01 unpack_ms=6.21 total_ms=105.87
v5_service device=1 lane=1 class=1 jobs=40 rows=25768 cells=799086 reach=622736 reverse=799157 table_mib=35.1 mutable_mib=912.0 max_job_mib=36.9 oldest_ms=79.03 pack_ms=16.39 solve_ms=105.94
v5_device jobs=11 rows=2639 cells=84389 direct=true graph_reused=false upload_ms=1.23 capture_ms=3.15 queue_ms=11.34 gpu_ms=0.01 unpack_ms=0.53 total_ms=16.25
v5_service device=0 lane=1 class=0 jobs=11 rows=2639 cells=84389 reach=61927 reverse=84389 table_mib=3.6 mutable_mib=78.0 max_job_mib=9.1 oldest_ms=266.38 pack_ms=2.01 solve_ms=16.31
v5_device jobs=1 rows=18438 cells=1468267 direct=true graph_reused=false upload_ms=22.13 capture_ms=2.95 queue_ms=55.47 gpu_ms=0.01 unpack_ms=3.66 total_ms=84.22
v5_service device=0 lane=1 class=3 jobs=1 rows=18438 cells=1468267 reach=1086321 reverse=1468267 table_mib=48.1 mutable_mib=512.0 max_job_mib=582.1 oldest_ms=244.45 pack_ms=24.36 solve_ms=84.27
v5_device jobs=12 rows=3296 cells=114670 direct=true graph_reused=false upload_ms=19.19 capture_ms=3.03 queue_ms=151.52 gpu_ms=0.01 unpack_ms=0.68 total_ms=174.43
v5_service device=1 lane=1 class=0 jobs=12 rows=3296 cells=114670 reach=82787 reverse=114670 table_mib=4.8 mutable_mib=96.0 max_job_mib=9.5 oldest_ms=209.63 pack_ms=3.28 solve_ms=174.47
v5_device jobs=21 rows=41540 cells=832449 direct=true graph_reused=false upload_ms=21.72 capture_ms=3.24 queue_ms=91.77 gpu_ms=0.02 unpack_ms=8.96 total_ms=125.71
v5_service device=0 lane=0 class=2 jobs=21 rows=41540 cells=832449 reach=742423 reverse=855660 table_mib=43.8 mutable_mib=1408.0 max_job_mib=132.7 oldest_ms=81.19 pack_ms=22.57 solve_ms=125.77
v5_device jobs=3 rows=957 cells=15963 direct=true graph_reused=false upload_ms=0.48 capture_ms=3.57 queue_ms=7.92 gpu_ms=0.01 unpack_ms=0.22 total_ms=12.20
v5_service device=0 lane=0 class=0 jobs=3 rows=957 cells=15963 reach=19776 reverse=21823 table_mib=1.1 mutable_mib=24.0 max_job_mib=9.0 oldest_ms=235.93 pack_ms=0.76 solve_ms=12.25
v5_device jobs=11 rows=7898 cells=450022 direct=true graph_reused=false upload_ms=7.67 capture_ms=3.21 queue_ms=60.82 gpu_ms=0.01 unpack_ms=2.20 total_ms=73.90
v5_service device=0 lane=0 class=1 jobs=11 rows=7898 cells=450022 reach=390891 reverse=516490 table_mib=17.8 mutable_mib=240.0 max_job_mib=39.6 oldest_ms=253.42 pack_ms=9.18 solve_ms=73.95
v5_device jobs=31 rows=22492 cells=883056 direct=true graph_reused=false upload_ms=18.17 capture_ms=3.24 queue_ms=67.31 gpu_ms=0.01 unpack_ms=5.82 total_ms=94.55
v5_service device=0 lane=1 class=1 jobs=31 rows=22492 cells=883056 reach=656914 reverse=887208 table_mib=34.8 mutable_mib=720.0 max_job_mib=37.8 oldest_ms=81.49 pack_ms=18.22 solve_ms=94.60
v5_device jobs=14 rows=33546 cells=841682 direct=true graph_reused=false upload_ms=40.41 capture_ms=3.23 queue_ms=58.43 gpu_ms=0.01 unpack_ms=5.48 total_ms=107.57
v5_service device=1 lane=1 class=2 jobs=14 rows=33546 cells=841682 reach=696398 reverse=845649 table_mib=37.2 mutable_mib=1088.0 max_job_mib=260.1 oldest_ms=408.80 pack_ms=34.32 solve_ms=107.63
v5_device jobs=2 rows=45828 cells=4595127 direct=true graph_reused=false upload_ms=181.92 capture_ms=4.06 queue_ms=257.92 gpu_ms=0.01 unpack_ms=49.02 total_ms=492.92
v5_service device=1 lane=0 class=3 jobs=2 rows=45828 cells=4595127 reach=4271205 reverse=4595127 table_mib=156.3 mutable_mib=2048.0 max_job_mib=1195.4 oldest_ms=311.32 pack_ms=108.02 solve_ms=492.97
v5_device jobs=9 rows=2549 cells=58468 direct=true graph_reused=false upload_ms=0.80 capture_ms=3.27 queue_ms=21.97 gpu_ms=0.01 unpack_ms=0.36 total_ms=26.40
v5_service device=0 lane=1 class=0 jobs=9 rows=2549 cells=58468 reach=39633 reverse=58468 table_mib=2.6 mutable_mib=72.0 max_job_mib=9.3 oldest_ms=202.08 pack_ms=2.41 solve_ms=26.45
v5_device jobs=1 rows=12789 cells=55541 direct=true graph_reused=false upload_ms=3.76 capture_ms=4.08 queue_ms=29.25 gpu_ms=0.00 unpack_ms=1.02 total_ms=38.11
v5_service device=0 lane=0 class=3 jobs=1 rows=12789 cells=55541 reach=55328 reverse=55541 table_mib=7.5 mutable_mib=512.0 max_job_mib=526.7 oldest_ms=329.80 pack_ms=5.21 solve_ms=38.15
v5_device jobs=11 rows=2900 cells=36927 direct=true graph_reused=false upload_ms=0.83 capture_ms=3.57 queue_ms=8.46 gpu_ms=0.01 unpack_ms=0.32 total_ms=13.18
v5_service device=1 lane=0 class=0 jobs=11 rows=2900 cells=36927 reach=27707 reverse=36927 table_mib=2.2 mutable_mib=80.0 max_job_mib=8.6 oldest_ms=914.92 pack_ms=1.22 solve_ms=13.24
v5_device jobs=4 rows=11379 cells=194243 direct=true graph_reused=false upload_ms=3.74 capture_ms=3.35 queue_ms=24.33 gpu_ms=0.01 unpack_ms=1.38 total_ms=32.82
v5_service device=0 lane=1 class=2 jobs=4 rows=11379 cells=194243 reach=179612 reverse=194359 table_mib=10.2 mutable_mib=320.0 max_job_mib=135.0 oldest_ms=233.24 pack_ms=5.72 solve_ms=32.87
v5_device jobs=6 rows=28568 cells=503260 direct=true graph_reused=false upload_ms=12.00 capture_ms=3.37 queue_ms=65.14 gpu_ms=0.01 unpack_ms=5.05 total_ms=85.57
v5_service device=0 lane=0 class=2 jobs=6 rows=28568 cells=503260 reach=413093 reverse=503830 table_mib=27.1 mutable_mib=768.0 max_job_mib=274.2 oldest_ms=79.09 pack_ms=11.58 solve_ms=85.64
v5_device jobs=1 rows=22726 cells=207849 direct=true graph_reused=false upload_ms=9.92 capture_ms=3.09 queue_ms=110.96 gpu_ms=0.01 unpack_ms=5.91 total_ms=129.89
v5_service device=0 lane=1 class=3 jobs=1 rows=22726 cells=207849 reach=205306 reverse=207849 table_mib=18.5 mutable_mib=1024.0 max_job_mib=1063.8 oldest_ms=222.60 pack_ms=9.86 solve_ms=129.94
v5_device jobs=32 rows=20055 cells=405789 direct=true graph_reused=false upload_ms=8.00 capture_ms=3.13 queue_ms=132.32 gpu_ms=0.01 unpack_ms=2.33 total_ms=145.79
v5_service device=1 lane=0 class=1 jobs=32 rows=20055 cells=405789 reach=315453 reverse=407126 table_mib=19.2 mutable_mib=624.0 max_job_mib=35.2 oldest_ms=79.23 pack_ms=10.67 solve_ms=145.84
v5_device jobs=4 rows=14961 cells=142892 direct=true graph_reused=false upload_ms=2.93 capture_ms=3.59 queue_ms=20.07 gpu_ms=0.01 unpack_ms=1.03 total_ms=27.63
v5_service device=1 lane=0 class=2 jobs=4 rows=14961 cells=142892 reach=130966 reverse=142916 table_mib=9.3 mutable_mib=448.0 max_job_mib=262.0 oldest_ms=242.84 pack_ms=5.31 solve_ms=27.69
v5_device jobs=3 rows=77234 cells=1606479 direct=true graph_reused=false upload_ms=71.65 capture_ms=3.20 queue_ms=163.49 gpu_ms=0.01 unpack_ms=13.40 total_ms=251.75
v5_service device=1 lane=1 class=3 jobs=3 rows=77234 cells=1606479 reach=1593461 reverse=1606479 table_mib=76.9 mutable_mib=2560.0 max_job_mib=1093.8 oldest_ms=576.73 pack_ms=46.47 solve_ms=251.80
v5_device jobs=36 rows=23284 cells=601282 direct=true graph_reused=false upload_ms=11.16 capture_ms=3.45 queue_ms=60.31 gpu_ms=0.01 unpack_ms=4.39 total_ms=79.32
v5_service device=0 lane=1 class=1 jobs=36 rows=23284 cells=601282 reach=494067 reverse=602304 table_mib=27.2 mutable_mib=752.0 max_job_mib=35.9 oldest_ms=80.38 pack_ms=11.61 solve_ms=79.39
v5_device jobs=3 rows=59763 cells=677997 direct=true graph_reused=false upload_ms=19.65 capture_ms=2.96 queue_ms=119.65 gpu_ms=0.01 unpack_ms=5.78 total_ms=148.05
v5_service device=0 lane=0 class=3 jobs=3 rows=59763 cells=677997 reach=547500 reverse=678116 table_mib=40.3 mutable_mib=2048.0 max_job_mib=1063.2 oldest_ms=190.81 pack_ms=18.05 solve_ms=148.11
v5_device jobs=11 rows=2997 cells=113232 direct=true graph_reused=false upload_ms=1.56 capture_ms=3.40 queue_ms=13.81 gpu_ms=0.01 unpack_ms=0.63 total_ms=19.42
v5_service device=0 lane=0 class=0 jobs=11 rows=2997 cells=113232 reach=83819 reverse=113232 table_mib=4.5 mutable_mib=88.0 max_job_mib=9.3 oldest_ms=358.63 pack_ms=2.56 solve_ms=19.47
v5_device jobs=27 rows=7497 cells=108589 direct=true graph_reused=false upload_ms=2.02 capture_ms=3.15 queue_ms=16.99 gpu_ms=0.01 unpack_ms=0.78 total_ms=22.95
v5_service device=1 lane=1 class=0 jobs=27 rows=7497 cells=108589 reach=83554 reverse=108589 table_mib=6.0 mutable_mib=204.0 max_job_mib=8.9 oldest_ms=76.51 pack_ms=3.37 solve_ms=23.00
v5_device jobs=9 rows=26322 cells=421954 direct=true graph_reused=false upload_ms=9.92 capture_ms=3.25 queue_ms=53.97 gpu_ms=0.01 unpack_ms=2.80 total_ms=69.94
v5_service device=0 lane=1 class=2 jobs=9 rows=26322 cells=421954 reach=367476 reverse=423690 table_mib=22.3 mutable_mib=832.0 max_job_mib=263.0 oldest_ms=190.39 pack_ms=12.34 solve_ms=70.00
v5_device jobs=15 rows=9120 cells=295154 direct=true graph_reused=false upload_ms=4.44 capture_ms=3.22 queue_ms=47.60 gpu_ms=0.01 unpack_ms=2.07 total_ms=57.34
v5_service device=0 lane=0 class=1 jobs=15 rows=9120 cells=295154 reach=255924 reverse=295154 table_mib=12.8 mutable_mib=320.0 max_job_mib=36.8 oldest_ms=390.98 pack_ms=6.58 solve_ms=57.37
v5_device jobs=16 rows=11215 cells=401610 direct=true graph_reused=false upload_ms=5.46 capture_ms=3.12 queue_ms=125.93 gpu_ms=0.01 unpack_ms=1.91 total_ms=136.42
v5_service device=0 lane=0 class=1 jobs=16 rows=11215 cells=401610 reach=285079 reverse=403968 table_mib=15.9 mutable_mib=368.0 max_job_mib=35.3 oldest_ms=85.94 pack_ms=7.02 solve_ms=136.48
v5_device jobs=2 rows=55659 cells=2343050 direct=true graph_reused=false upload_ms=74.60 capture_ms=3.19 queue_ms=110.78 gpu_ms=0.02 unpack_ms=9.95 total_ms=198.54
v5_service device=0 lane=1 class=3 jobs=2 rows=55659 cells=2343050 reach=2064498 reverse=2343050 table_mib=88.2 mutable_mib=1536.0 max_job_mib=1094.7 oldest_ms=288.17 pack_ms=44.09 solve_ms=198.60
v5_device jobs=4 rows=1056 cells=40279 direct=true graph_reused=false upload_ms=0.59 capture_ms=3.01 queue_ms=7.92 gpu_ms=0.01 unpack_ms=0.26 total_ms=11.79
v5_service device=0 lane=1 class=0 jobs=4 rows=1056 cells=40279 reach=29029 reverse=40279 table_mib=1.7 mutable_mib=32.0 max_job_mib=9.3 oldest_ms=528.87 pack_ms=2.04 solve_ms=11.84
v5_device jobs=11 rows=34571 cells=1009629 direct=true graph_reused=false upload_ms=41.06 capture_ms=3.10 queue_ms=256.43 gpu_ms=0.01 unpack_ms=5.84 total_ms=306.44
v5_service device=1 lane=1 class=2 jobs=11 rows=34571 cells=1009629 reach=756923 reverse=1010376 table_mib=42.0 mutable_mib=1024.0 max_job_mib=269.7 oldest_ms=122.92 pack_ms=19.69 solve_ms=306.50
v5_device jobs=3 rows=82866 cells=2910033 direct=true graph_reused=false upload_ms=124.61 capture_ms=3.32 queue_ms=322.74 gpu_ms=0.04 unpack_ms=51.09 total_ms=501.80
v5_service device=1 lane=0 class=3 jobs=3 rows=82866 cells=2910033 reach=2690148 reverse=2910033 table_mib=125.0 mutable_mib=2560.0 max_job_mib=1157.1 oldest_ms=288.95 pack_ms=67.80 solve_ms=501.86
v5_device jobs=5 rows=1641 cells=10214 direct=true graph_reused=false upload_ms=0.38 capture_ms=3.52 queue_ms=3.72 gpu_ms=0.01 unpack_ms=0.10 total_ms=7.73
v5_service device=1 lane=0 class=0 jobs=5 rows=1641 cells=10214 reach=8663 reverse=10214 table_mib=0.9 mutable_mib=40.0 max_job_mib=8.4 oldest_ms=855.64 pack_ms=1.47 solve_ms=7.77
v5_device jobs=28 rows=20862 cells=709612 direct=true graph_reused=false upload_ms=12.61 capture_ms=3.35 queue_ms=148.14 gpu_ms=0.01 unpack_ms=4.72 total_ms=168.82
v5_service device=0 lane=1 class=1 jobs=28 rows=20862 cells=709612 reach=562470 reverse=711835 table_mib=29.9 mutable_mib=624.0 max_job_mib=39.1 oldest_ms=78.56 pack_ms=12.64 solve_ms=168.88
v5_device jobs=1 rows=45806 cells=1721617 direct=true graph_reused=false upload_ms=65.36 capture_ms=3.17 queue_ms=216.26 gpu_ms=0.02 unpack_ms=43.99 total_ms=328.78
v5_service device=0 lane=0 class=3 jobs=1 rows=45806 cells=1721617 reach=1341173 reverse=1721617 table_mib=74.4 mutable_mib=2048.0 max_job_mib=2185.8 oldest_ms=230.50 pack_ms=45.64 solve_ms=328.84
v5_device jobs=3 rows=715 cells=22186 direct=true graph_reused=false upload_ms=0.56 capture_ms=3.75 queue_ms=31.34 gpu_ms=0.01 unpack_ms=0.17 total_ms=35.83
v5_service device=0 lane=0 class=0 jobs=3 rows=715 cells=22186 reach=38318 reverse=43789 table_mib=1.5 mutable_mib=18.0 max_job_mib=9.1 oldest_ms=609.67 pack_ms=0.85 solve_ms=35.87
v5_device jobs=1 rows=34145 cells=842100 direct=true graph_reused=false upload_ms=16.93 capture_ms=3.54 queue_ms=124.52 gpu_ms=0.01 unpack_ms=2.43 total_ms=147.43
v5_service device=1 lane=0 class=3 jobs=1 rows=34145 cells=842100 reach=680402 reverse=854838 table_mib=35.1 mutable_mib=1024.0 max_job_mib=1072.1 oldest_ms=77.86 pack_ms=14.21 solve_ms=147.48
v5_device jobs=11 rows=27729 cells=627538 direct=true graph_reused=false upload_ms=16.75 capture_ms=3.63 queue_ms=62.10 gpu_ms=0.02 unpack_ms=5.50 total_ms=88.00
v5_service device=0 lane=1 class=2 jobs=11 rows=27729 cells=627538 reach=543553 reverse=627664 table_mib=30.6 mutable_mib=896.0 max_job_mib=138.1 oldest_ms=289.25 pack_ms=23.95 solve_ms=88.06
v5_device jobs=16 rows=12767 cells=231942 direct=true graph_reused=false upload_ms=4.26 capture_ms=3.37 queue_ms=23.53 gpu_ms=0.01 unpack_ms=1.37 total_ms=32.54
v5_service device=1 lane=0 class=1 jobs=16 rows=12767 cells=231942 reach=185711 reverse=232202 table_mib=11.4 mutable_mib=384.0 max_job_mib=35.4 oldest_ms=236.85 pack_ms=5.92 solve_ms=32.59
v5_device jobs=4 rows=934 cells=18759 direct=true graph_reused=false upload_ms=2.44 capture_ms=3.82 queue_ms=33.15 gpu_ms=0.01 unpack_ms=0.22 total_ms=39.64
v5_service device=0 lane=1 class=0 jobs=4 rows=934 cells=18759 reach=14395 reverse=18759 table_mib=1.0 mutable_mib=32.0 max_job_mib=8.6 oldest_ms=403.24 pack_ms=0.98 solve_ms=39.70
v5_device jobs=2 rows=15701 cells=535600 direct=true graph_reused=false upload_ms=10.95 capture_ms=3.61 queue_ms=37.81 gpu_ms=0.00 unpack_ms=2.27 total_ms=54.63
v5_service device=0 lane=0 class=2 jobs=2 rows=15701 cells=535600 reach=492429 reverse=535870 table_mib=21.5 mutable_mib=512.0 max_job_mib=278.0 oldest_ms=603.53 pack_ms=10.63 solve_ms=54.67
v5_device jobs=103 rows=74307 cells=2291544 direct=true graph_reused=false upload_ms=86.88 capture_ms=3.07 queue_ms=224.20 gpu_ms=0.01 unpack_ms=20.26 total_ms=334.41
v5_service device=1 lane=1 class=1 jobs=103 rows=74307 cells=2291544 reach=1728900 reverse=2292295 table_mib=97.0 mutable_mib=2336.0 max_job_mib=37.6 oldest_ms=470.92 pack_ms=64.87 solve_ms=334.47
v5_device jobs=3 rows=706 cells=14276 direct=true graph_reused=false upload_ms=0.37 capture_ms=3.99 queue_ms=4.24 gpu_ms=0.01 unpack_ms=0.18 total_ms=8.79
v5_service device=1 lane=0 class=0 jobs=3 rows=706 cells=14276 reach=9860 reverse=14276 table_mib=0.8 mutable_mib=20.0 max_job_mib=8.6 oldest_ms=263.03 pack_ms=1.29 solve_ms=8.84
v5_device jobs=25 rows=6616 cells=113787 direct=true graph_reused=false upload_ms=2.04 capture_ms=3.16 queue_ms=19.20 gpu_ms=0.01 unpack_ms=1.02 total_ms=25.43
v5_service device=0 lane=0 class=0 jobs=25 rows=6616 cells=113787 reach=91248 reverse=113787 table_mib=6.2 mutable_mib=192.0 max_job_mib=9.1 oldest_ms=76.32 pack_ms=3.20 solve_ms=25.49
v5_device jobs=5 rows=13883 cells=730716 direct=true graph_reused=false upload_ms=14.18 capture_ms=4.90 queue_ms=130.04 gpu_ms=0.01 unpack_ms=4.00 total_ms=153.13
v5_service device=1 lane=0 class=2 jobs=5 rows=13883 cells=730716 reach=634226 reverse=730948 table_mib=27.5 mutable_mib=512.0 max_job_mib=148.0 oldest_ms=79.07 pack_ms=11.84 solve_ms=153.18
v5_device jobs=13 rows=10355 cells=164952 direct=true graph_reused=false upload_ms=3.36 capture_ms=3.60 queue_ms=19.10 gpu_ms=0.01 unpack_ms=1.06 total_ms=27.14
v5_service device=1 lane=0 class=1 jobs=13 rows=10355 cells=164952 reach=135327 reverse=167327 table_mib=8.6 mutable_mib=304.0 max_job_mib=34.6 oldest_ms=244.12 pack_ms=5.50 solve_ms=27.19
v5_device jobs=2 rows=58383 cells=1521246 direct=true graph_reused=false upload_ms=70.10 capture_ms=3.19 queue_ms=170.67 gpu_ms=0.02 unpack_ms=30.30 total_ms=274.28
v5_service device=1 lane=1 class=3 jobs=2 rows=58383 cells=1521246 reach=1509953 reverse=1521246 table_mib=70.2 mutable_mib=1536.0 max_job_mib=1121.0 oldest_ms=886.24 pack_ms=34.05 solve_ms=274.34
v5_device jobs=1 rows=66988 cells=4159852 direct=true graph_reused=false upload_ms=127.28 capture_ms=3.27 queue_ms=208.23 gpu_ms=0.01 unpack_ms=38.56 total_ms=377.34
v5_service device=0 lane=1 class=3 jobs=1 rows=66988 cells=4159852 reach=3512267 reverse=4300402 table_mib=145.9 mutable_mib=2048.0 max_job_mib=2259.4 oldest_ms=403.10 pack_ms=73.52 solve_ms=377.40
v5_device jobs=38 rows=24935 cells=674210 direct=true graph_reused=false upload_ms=12.74 capture_ms=3.51 queue_ms=125.32 gpu_ms=0.01 unpack_ms=3.81 total_ms=145.39
v5_service device=1 lane=1 class=1 jobs=38 rows=24935 cells=674210 reach=498394 reverse=674720 table_mib=29.3 mutable_mib=800.0 max_job_mib=37.0 oldest_ms=80.26 pack_ms=12.10 solve_ms=145.45
v5_device jobs=15 rows=4165 cells=102030 direct=true graph_reused=false upload_ms=1.96 capture_ms=4.05 queue_ms=13.23 gpu_ms=0.01 unpack_ms=0.64 total_ms=19.87
v5_service device=1 lane=1 class=0 jobs=15 rows=4165 cells=102030 reach=75227 reverse=102030 table_mib=4.6 mutable_mib=120.0 max_job_mib=9.1 oldest_ms=249.95 pack_ms=9.08 solve_ms=19.93
v5_device jobs=2 rows=71397 cells=1151027 direct=true graph_reused=false upload_ms=64.89 capture_ms=3.24 queue_ms=211.90 gpu_ms=0.01 unpack_ms=37.91 total_ms=317.94
v5_service device=1 lane=0 class=3 jobs=2 rows=71397 cells=1151027 reach=864213 reverse=1151027 table_mib=64.7 mutable_mib=2560.0 max_job_mib=2151.6 oldest_ms=287.59 pack_ms=34.41 solve_ms=318.00
v5_device jobs=1 rows=4320 cells=722581 direct=true graph_reused=false upload_ms=8.68 capture_ms=3.39 queue_ms=24.47 gpu_ms=0.01 unpack_ms=1.47 total_ms=38.02
v5_service device=1 lane=1 class=2 jobs=1 rows=4320 cells=722581 reach=500367 reverse=722581 table_mib=21.9 mutable_mib=128.0 max_job_mib=159.5 oldest_ms=277.76 pack_ms=13.55 solve_ms=38.08
v5_device jobs=11 rows=3088 cells=60894 direct=true graph_reused=false upload_ms=1.32 capture_ms=4.56 queue_ms=13.12 gpu_ms=0.01 unpack_ms=8.78 total_ms=27.79
v5_service device=1 lane=0 class=0 jobs=11 rows=3088 cells=60894 reach=47432 reverse=60894 table_mib=3.0 mutable_mib=88.0 max_job_mib=9.2 oldest_ms=642.74 pack_ms=8.54 solve_ms=27.84
v5_device jobs=33 rows=20461 cells=342669 direct=true graph_reused=false upload_ms=12.88 capture_ms=3.24 queue_ms=155.23 gpu_ms=0.01 unpack_ms=2.88 total_ms=174.24
v5_service device=0 lane=1 class=1 jobs=33 rows=20461 cells=342669 reach=555485 reverse=628430 table_mib=24.6 mutable_mib=672.0 max_job_mib=33.7 oldest_ms=77.64 pack_ms=10.93 solve_ms=174.30
v5_device jobs=1 rows=30475 cells=673972 direct=true graph_reused=false upload_ms=12.30 capture_ms=3.04 queue_ms=42.04 gpu_ms=0.01 unpack_ms=2.16 total_ms=59.56
v5_service device=1 lane=1 class=3 jobs=1 rows=30475 cells=673972 reach=492260 reverse=673972 table_mib=29.5 mutable_mib=1024.0 max_job_mib=1067.4 oldest_ms=288.70 pack_ms=12.32 solve_ms=59.63
v5_device jobs=5 rows=14711 cells=396767 direct=true graph_reused=false upload_ms=7.28 capture_ms=3.74 queue_ms=34.92 gpu_ms=0.01 unpack_ms=2.46 total_ms=48.42
v5_service device=0 lane=1 class=2 jobs=5 rows=14711 cells=396767 reach=351373 reverse=396767 table_mib=17.8 mutable_mib=448.0 max_job_mib=136.3 oldest_ms=293.15 pack_ms=13.00 solve_ms=48.48
v5_device jobs=28 rows=20247 cells=492900 direct=true graph_reused=false upload_ms=9.47 capture_ms=3.19 queue_ms=38.93 gpu_ms=0.01 unpack_ms=3.41 total_ms=55.01
v5_service device=1 lane=0 class=1 jobs=28 rows=20247 cells=492900 reach=371041 reverse=493056 table_mib=22.1 mutable_mib=656.0 max_job_mib=38.6 oldest_ms=78.75 pack_ms=10.45 solve_ms=55.08
v5_device jobs=171 rows=120718 cells=4023483 direct=true graph_reused=false upload_ms=154.45 capture_ms=2.92 queue_ms=416.42 gpu_ms=0.01 unpack_ms=47.66 total_ms=621.47
v5_service device=0 lane=0 class=1 jobs=171 rows=120718 cells=4023483 reach=3149075 reverse=4027794 table_mib=173.8 mutable_mib=3872.0 max_job_mib=45.5 oldest_ms=152.55 pack_ms=84.74 solve_ms=621.53
v5_device jobs=32 rows=7144 cells=99223 direct=true graph_reused=false upload_ms=3.65 capture_ms=3.48 queue_ms=23.51 gpu_ms=0.02 unpack_ms=1.05 total_ms=31.71
v5_service device=0 lane=1 class=0 jobs=32 rows=7144 cells=99223 reach=116014 reverse=141808 table_mib=6.9 mutable_mib=205.0 max_job_mib=9.2 oldest_ms=364.96 pack_ms=6.56 solve_ms=31.76
v5_device jobs=26 rows=14821 cells=385460 direct=true graph_reused=false upload_ms=8.04 capture_ms=3.41 queue_ms=38.82 gpu_ms=0.01 unpack_ms=2.93 total_ms=53.21
v5_service device=1 lane=1 class=1 jobs=26 rows=14821 cells=385460 reach=322434 reverse=424366 table_mib=18.8 mutable_mib=496.0 max_job_mib=35.0 oldest_ms=77.73 pack_ms=8.08 solve_ms=53.27
v5_device jobs=40 rows=9723 cells=143316 direct=true graph_reused=false upload_ms=2.83 capture_ms=3.08 queue_ms=26.73 gpu_ms=0.01 unpack_ms=1.27 total_ms=33.92
v5_service device=1 lane=1 class=0 jobs=40 rows=9723 cells=143316 reach=116061 reverse=150988 table_mib=8.3 mutable_mib=284.0 max_job_mib=8.9 oldest_ms=152.80 pack_ms=5.71 solve_ms=33.99
v5_device jobs=3 rows=5303 cells=302598 direct=true graph_reused=false upload_ms=3.57 capture_ms=3.08 queue_ms=16.48 gpu_ms=0.01 unpack_ms=1.09 total_ms=24.22
v5_service device=1 lane=1 class=2 jobs=3 rows=5303 cells=302598 reach=240529 reverse=302598 table_mib=10.6 mutable_mib=192.0 max_job_mib=71.1 oldest_ms=199.10 pack_ms=5.45 solve_ms=24.28
v5_device jobs=57 rows=13982 cells=169372 direct=true graph_reused=false upload_ms=6.67 capture_ms=3.06 queue_ms=27.01 gpu_ms=0.01 unpack_ms=1.55 total_ms=38.30
v5_service device=0 lane=1 class=0 jobs=57 rows=13982 cells=169372 reach=300612 reverse=364071 table_mib=15.0 mutable_mib=402.0 max_job_mib=9.2 oldest_ms=77.74 pack_ms=10.23 solve_ms=38.36
v5_device jobs=1 rows=43590 cells=2098488 direct=true graph_reused=false upload_ms=61.40 capture_ms=2.97 queue_ms=88.73 gpu_ms=0.02 unpack_ms=7.04 total_ms=160.16
v5_service device=1 lane=1 class=3 jobs=1 rows=43590 cells=2098488 reach=1620358 reverse=2118174 table_mib=74.6 mutable_mib=1024.0 max_job_mib=1131.2 oldest_ms=170.22 pack_ms=36.59 solve_ms=160.22
v5_device jobs=33 rows=21226 cells=425306 direct=true graph_reused=false upload_ms=15.74 capture_ms=3.33 queue_ms=142.58 gpu_ms=0.01 unpack_ms=3.12 total_ms=164.78
v5_service device=0 lane=1 class=1 jobs=33 rows=21226 cells=425306 reach=550705 reverse=678764 table_mib=26.2 mutable_mib=656.0 max_job_mib=35.0 oldest_ms=143.23 pack_ms=15.95 solve_ms=164.84
v5_device jobs=25 rows=62660 cells=2314891 direct=true graph_reused=false upload_ms=81.69 capture_ms=3.33 queue_ms=164.93 gpu_ms=0.02 unpack_ms=14.80 total_ms=264.77
v5_service device=0 lane=0 class=2 jobs=25 rows=62660 cells=2314891 reach=1844741 reverse=2319802 table_mib=93.5 mutable_mib=2176.0 max_job_mib=269.7 oldest_ms=918.99 pack_ms=48.39 solve_ms=264.83
v5_device jobs=1 rows=12540 cells=290046 direct=true graph_reused=false upload_ms=5.83 capture_ms=3.15 queue_ms=28.19 gpu_ms=0.01 unpack_ms=1.33 total_ms=38.50
v5_service device=0 lane=0 class=3 jobs=1 rows=12540 cells=290046 reach=287823 reverse=290046 table_mib=13.9 mutable_mib=512.0 max_job_mib=534.3 oldest_ms=1210.27 pack_ms=7.22 solve_ms=38.56
v5_device jobs=46 rows=12992 cells=191012 direct=true graph_reused=false upload_ms=3.41 capture_ms=3.15 queue_ms=234.97 gpu_ms=0.01 unpack_ms=1.23 total_ms=242.77
v5_service device=1 lane=1 class=0 jobs=46 rows=12992 cells=191012 reach=145004 reverse=191012 table_mib=10.2 mutable_mib=350.0 max_job_mib=9.0 oldest_ms=77.66 pack_ms=5.02 solve_ms=242.82
v5_device jobs=3 rows=13471 cells=511879 direct=true graph_reused=false upload_ms=7.33 capture_ms=3.08 queue_ms=138.29 gpu_ms=0.01 unpack_ms=2.41 total_ms=151.12
v5_service device=0 lane=0 class=2 jobs=3 rows=13471 cells=511879 reach=391041 reverse=511879 table_mib=20.0 mutable_mib=448.0 max_job_mib=274.4 oldest_ms=80.11 pack_ms=8.53 solve_ms=151.18
v5_device jobs=3 rows=106927 cells=1794537 direct=true graph_reused=false upload_ms=76.97 capture_ms=3.07 queue_ms=168.24 gpu_ms=0.02 unpack_ms=13.84 total_ms=262.14
v5_service device=0 lane=1 class=3 jobs=3 rows=106927 cells=1794537 reach=1564347 reverse=1794537 table_mib=89.7 mutable_mib=3584.0 max_job_mib=2116.1 oldest_ms=358.11 pack_ms=61.58 solve_ms=262.20
v5_device jobs=2 rows=51600 cells=6456122 direct=true graph_reused=false upload_ms=203.40 capture_ms=3.35 queue_ms=313.76 gpu_ms=0.02 unpack_ms=82.74 total_ms=603.26
v5_service device=1 lane=0 class=3 jobs=2 rows=51600 cells=6456122 reach=6383431 reverse=6456123 table_mib=212.8 mutable_mib=1536.0 max_job_mib=1319.4 oldest_ms=179.88 pack_ms=171.30 solve_ms=603.32
v5_device jobs=6 rows=17886 cells=500691 direct=true graph_reused=false upload_ms=15.05 capture_ms=3.68 queue_ms=48.10 gpu_ms=0.01 unpack_ms=2.99 total_ms=69.83
v5_service device=0 lane=1 class=2 jobs=6 rows=17886 cells=500691 reach=661474 reverse=798064 table_mib=27.5 mutable_mib=512.0 max_job_mib=144.5 oldest_ms=693.36 pack_ms=14.19 solve_ms=69.89
v5_device jobs=2 rows=35065 cells=747295 direct=true graph_reused=false upload_ms=18.16 capture_ms=3.47 queue_ms=93.50 gpu_ms=0.01 unpack_ms=5.64 total_ms=120.78
v5_service device=0 lane=0 class=3 jobs=2 rows=35065 cells=747295 reach=613685 reverse=747295 table_mib=35.3 mutable_mib=1024.0 max_job_mib=554.9 oldest_ms=245.30 pack_ms=15.15 solve_ms=120.83
v5_device jobs=22 rows=13139 cells=350271 direct=true graph_reused=false upload_ms=5.81 capture_ms=3.25 queue_ms=35.74 gpu_ms=0.01 unpack_ms=2.12 total_ms=46.93
v5_service device=0 lane=0 class=1 jobs=22 rows=13139 cells=350271 reach=289040 reverse=350333 table_mib=15.7 mutable_mib=432.0 max_job_mib=35.6 oldest_ms=399.15 pack_ms=13.14 solve_ms=46.98
v5_device jobs=10 rows=2292 cells=20835 direct=true graph_reused=false upload_ms=5.19 capture_ms=28.58 queue_ms=124.36 gpu_ms=0.01 unpack_ms=0.26 total_ms=158.40
v5_service device=1 lane=0 class=0 jobs=10 rows=2292 cells=20835 reach=33676 reverse=38961 table_mib=1.9 mutable_mib=68.0 max_job_mib=8.6 oldest_ms=960.50 pack_ms=3.31 solve_ms=158.46
v5_device jobs=3 rows=4610 cells=224801 direct=true graph_reused=false upload_ms=3.93 capture_ms=6.03 queue_ms=15.10 gpu_ms=0.01 unpack_ms=1.07 total_ms=26.13
v5_service device=1 lane=0 class=2 jobs=3 rows=4610 cells=224801 reach=171663 reverse=224801 table_mib=8.1 mutable_mib=192.0 max_job_mib=72.6 oldest_ms=1116.05 pack_ms=8.03 solve_ms=26.23
v5_device jobs=50 rows=32241 cells=496713 direct=true graph_reused=false upload_ms=16.98 capture_ms=3.12 queue_ms=57.21 gpu_ms=0.01 unpack_ms=4.41 total_ms=81.73
v5_service device=0 lane=1 class=1 jobs=50 rows=32241 cells=496713 reach=594632 reverse=744022 table_mib=33.2 mutable_mib=992.0 max_job_mib=33.8 oldest_ms=80.22 pack_ms=27.42 solve_ms=81.79
v5_device jobs=122 rows=81910 cells=1931415 direct=true graph_reused=false upload_ms=93.24 capture_ms=2.78 queue_ms=167.78 gpu_ms=0.01 unpack_ms=15.86 total_ms=279.65
v5_service device=1 lane=1 class=1 jobs=122 rows=81910 cells=1931415 reach=1500455 reverse=1935151 table_mib=87.7 mutable_mib=2592.0 max_job_mib=38.5 oldest_ms=363.14 pack_ms=57.37 solve_ms=279.71
v5_device jobs=5 rows=9702 cells=181979 direct=true graph_reused=false upload_ms=3.08 capture_ms=3.13 queue_ms=17.92 gpu_ms=0.01 unpack_ms=0.96 total_ms=25.10
v5_service device=1 lane=1 class=2 jobs=5 rows=9702 cells=181979 reach=157347 reverse=182849 table_mib=8.9 mutable_mib=320.0 max_job_mib=67.7 oldest_ms=732.58 pack_ms=6.06 solve_ms=25.15
v5_device jobs=16 rows=4548 cells=46750 direct=true graph_reused=false upload_ms=3.46 capture_ms=3.23 queue_ms=32.87 gpu_ms=0.01 unpack_ms=0.53 total_ms=40.09
v5_service device=0 lane=1 class=0 jobs=16 rows=4548 cells=46750 reach=112012 reverse=136466 table_mib=5.3 mutable_mib=128.0 max_job_mib=8.8 oldest_ms=216.16 pack_ms=10.36 solve_ms=40.13
v5_device jobs=27 rows=17998 cells=552721 direct=true graph_reused=false upload_ms=12.81 capture_ms=3.57 queue_ms=57.40 gpu_ms=0.01 unpack_ms=4.02 total_ms=77.81
v5_service device=0 lane=0 class=1 jobs=27 rows=17998 cells=552721 reach=427278 reverse=555901 table_mib=24.2 mutable_mib=608.0 max_job_mib=35.8 oldest_ms=81.32 pack_ms=15.20 solve_ms=77.87
v5_device jobs=1 rows=1566 cells=22916 direct=true graph_reused=false upload_ms=0.65 capture_ms=5.01 queue_ms=5.05 gpu_ms=0.01 unpack_ms=0.15 total_ms=10.87
v5_service device=0 lane=1 class=2 jobs=1 rows=1566 cells=22916 reach=19714 reverse=22916 table_mib=1.3 mutable_mib=64.0 max_job_mib=66.2 oldest_ms=263.32 pack_ms=1.03 solve_ms=10.93
v5_device jobs=36 rows=23424 cells=359766 direct=true graph_reused=false upload_ms=10.85 capture_ms=3.47 queue_ms=38.62 gpu_ms=0.01 unpack_ms=2.74 total_ms=55.70
v5_service device=1 lane=0 class=1 jobs=36 rows=23424 cells=359766 reach=372926 reverse=489349 table_mib=22.0 mutable_mib=768.0 max_job_mib=35.0 oldest_ms=82.09 pack_ms=11.26 solve_ms=55.75
v5_device jobs=5 rows=18127 cells=139867 direct=true graph_reused=false upload_ms=5.87 capture_ms=4.02 queue_ms=52.74 gpu_ms=0.01 unpack_ms=1.67 total_ms=64.32
v5_service device=1 lane=0 class=2 jobs=5 rows=18127 cells=139867 reach=132803 reverse=140147 table_mib=11.2 mutable_mib=640.0 max_job_mib=261.7 oldest_ms=164.45 pack_ms=7.82 solve_ms=64.40
v5_device jobs=23 rows=18939 cells=467525 direct=true graph_reused=false upload_ms=11.71 capture_ms=3.15 queue_ms=55.46 gpu_ms=0.01 unpack_ms=3.81 total_ms=74.14
v5_service device=1 lane=1 class=1 jobs=23 rows=18939 cells=467525 reach=363242 reverse=467695 table_mib=21.9 mutable_mib=544.0 max_job_mib=36.9 oldest_ms=83.03 pack_ms=14.01 solve_ms=74.19
v5_device jobs=19 rows=4918 cells=85149 direct=true graph_reused=false upload_ms=1.56 capture_ms=3.41 queue_ms=15.81 gpu_ms=0.01 unpack_ms=0.57 total_ms=21.35
v5_service device=1 lane=0 class=0 jobs=19 rows=4918 cells=85149 reach=62780 reverse=85289 table_mib=4.4 mutable_mib=138.0 max_job_mib=8.8 oldest_ms=254.23 pack_ms=2.58 solve_ms=21.39
v5_device jobs=10 rows=2991 cells=21733 direct=true graph_reused=false upload_ms=0.70 capture_ms=3.88 queue_ms=10.28 gpu_ms=0.00 unpack_ms=0.31 total_ms=15.18
v5_service device=1 lane=1 class=0 jobs=10 rows=2991 cells=21733 reach=18160 reverse=21733 table_mib=1.8 mutable_mib=80.0 max_job_mib=8.5 oldest_ms=188.94 pack_ms=4.47 solve_ms=15.23
v5_device jobs=32 rows=21575 cells=684538 direct=true graph_reused=false upload_ms=14.15 capture_ms=3.27 queue_ms=78.92 gpu_ms=0.02 unpack_ms=4.96 total_ms=101.32
v5_service device=0 lane=1 class=1 jobs=32 rows=21575 cells=684538 reach=647208 reverse=810927 table_mib=31.9 mutable_mib=672.0 max_job_mib=41.3 oldest_ms=81.55 pack_ms=13.61 solve_ms=101.37
v5_device jobs=7 rows=33945 cells=1259882 direct=true graph_reused=false upload_ms=29.11 capture_ms=3.78 queue_ms=130.17 gpu_ms=0.02 unpack_ms=11.10 total_ms=174.18
v5_service device=0 lane=0 class=2 jobs=7 rows=33945 cells=1259882 reach=1054210 reverse=1259882 table_mib=53.6 mutable_mib=1088.0 max_job_mib=304.8 oldest_ms=188.26 pack_ms=29.24 solve_ms=174.24
v5_device jobs=7 rows=1942 cells=12261 direct=true graph_reused=false upload_ms=0.80 capture_ms=4.82 queue_ms=6.20 gpu_ms=0.01 unpack_ms=0.13 total_ms=11.95
v5_service device=0 lane=1 class=0 jobs=7 rows=1942 cells=12261 reach=30284 reverse=36214 table_mib=1.7 mutable_mib=56.0 max_job_mib=8.5 oldest_ms=211.52 pack_ms=2.59 solve_ms=11.99
v5_device jobs=3 rows=711 cells=5925 direct=true graph_reused=false upload_ms=0.20 capture_ms=3.86 queue_ms=6.56 gpu_ms=0.00 unpack_ms=0.11 total_ms=10.73
v5_service device=0 lane=0 class=0 jobs=3 rows=711 cells=5925 reach=5754 reverse=5925 table_mib=0.5 mutable_mib=24.0 max_job_mib=8.4 oldest_ms=393.73 pack_ms=1.60 solve_ms=10.78
v5_device jobs=5 rows=9412 cells=158586 direct=true graph_reused=false upload_ms=3.90 capture_ms=4.10 queue_ms=29.47 gpu_ms=0.01 unpack_ms=1.59 total_ms=39.07
v5_service device=1 lane=1 class=2 jobs=5 rows=9412 cells=158586 reach=145278 reverse=158590 table_mib=9.1 mutable_mib=384.0 max_job_mib=130.8 oldest_ms=211.29 pack_ms=6.27 solve_ms=39.14
v5_device jobs=1 rows=2116 cells=382682 direct=true graph_reused=false upload_ms=4.37 capture_ms=3.96 queue_ms=17.78 gpu_ms=0.01 unpack_ms=0.77 total_ms=26.89
v5_service device=0 lane=1 class=2 jobs=1 rows=2116 cells=382682 reach=323115 reverse=382682 table_mib=12.1 mutable_mib=64.0 max_job_mib=81.7 oldest_ms=162.07 pack_ms=7.67 solve_ms=26.94
v5_device jobs=3 rows=42052 cells=379776 direct=true graph_reused=false upload_ms=14.99 capture_ms=3.44 queue_ms=67.55 gpu_ms=0.02 unpack_ms=5.74 total_ms=91.74
v5_service device=1 lane=0 class=3 jobs=3 rows=42052 cells=379776 reach=322397 reverse=379776 table_mib=29.0 mutable_mib=1536.0 max_job_mib=536.8 oldest_ms=236.66 pack_ms=14.56 solve_ms=91.80
v5_device jobs=52 rows=12619 cells=269731 direct=true graph_reused=false upload_ms=10.09 capture_ms=3.32 queue_ms=33.70 gpu_ms=0.01 unpack_ms=1.90 total_ms=49.02
v5_service device=0 lane=0 class=0 jobs=52 rows=12619 cells=269731 reach=305093 reverse=415974 table_mib=16.5 mutable_mib=376.0 max_job_mib=9.9 oldest_ms=78.08 pack_ms=10.74 solve_ms=49.08
v5_device jobs=40 rows=27033 cells=534961 direct=true graph_reused=false upload_ms=18.58 capture_ms=3.24 queue_ms=51.79 gpu_ms=0.01 unpack_ms=3.56 total_ms=77.18
v5_service device=0 lane=1 class=1 jobs=40 rows=27033 cells=534961 reach=635567 reverse=779829 table_mib=31.9 mutable_mib=832.0 max_job_mib=34.8 oldest_ms=82.41 pack_ms=14.49 solve_ms=77.25
v5_device jobs=10 rows=2476 cells=48690 direct=true graph_reused=false upload_ms=1.29 capture_ms=3.27 queue_ms=31.01 gpu_ms=0.00 unpack_ms=0.36 total_ms=35.95
v5_service device=0 lane=1 class=0 jobs=10 rows=2476 cells=48690 reach=80485 reverse=96948 table_mib=3.5 mutable_mib=76.0 max_job_mib=9.7 oldest_ms=193.03 pack_ms=4.13 solve_ms=36.00
v5_device jobs=2 rows=65126 cells=1387661 direct=true graph_reused=false upload_ms=59.54 capture_ms=3.13 queue_ms=144.69 gpu_ms=0.02 unpack_ms=24.11 total_ms=231.49
v5_service device=1 lane=1 class=3 jobs=2 rows=65126 cells=1387661 reach=1168913 reverse=1387661 table_mib=68.2 mutable_mib=2048.0 max_job_mib=1108.1 oldest_ms=262.87 pack_ms=32.11 solve_ms=231.54
v5_device jobs=59 rows=40345 cells=734363 direct=true graph_reused=false upload_ms=22.14 capture_ms=3.04 queue_ms=77.25 gpu_ms=0.01 unpack_ms=6.19 total_ms=108.63
v5_service device=0 lane=0 class=1 jobs=59 rows=40345 cells=734363 reach=731755 reverse=894579 table_mib=41.2 mutable_mib=1280.0 max_job_mib=38.0 oldest_ms=158.07 pack_ms=20.91 solve_ms=108.69
v5_device jobs=15 rows=9335 cells=247294 direct=true graph_reused=false upload_ms=3.41 capture_ms=2.89 queue_ms=19.61 gpu_ms=0.01 unpack_ms=1.02 total_ms=26.93
v5_service device=1 lane=1 class=1 jobs=15 rows=9335 cells=247294 reach=197453 reverse=256760 table_mib=10.7 mutable_mib=272.0 max_job_mib=34.8 oldest_ms=77.57 pack_ms=5.19 solve_ms=26.99
v5_device jobs=9 rows=19461 cells=284629 direct=true graph_reused=false upload_ms=6.40 capture_ms=3.45 queue_ms=60.48 gpu_ms=0.01 unpack_ms=1.55 total_ms=71.88
v5_service device=0 lane=0 class=2 jobs=9 rows=19461 cells=284629 reach=238853 reverse=284640 table_mib=14.8 mutable_mib=704.0 max_job_mib=130.8 oldest_ms=305.70 pack_ms=12.92 solve_ms=71.93
v5_device jobs=4 rows=1016 cells=7479 direct=true graph_reused=false upload_ms=0.25 capture_ms=2.75 queue_ms=3.51 gpu_ms=0.00 unpack_ms=0.07 total_ms=6.58
v5_service device=1 lane=1 class=0 jobs=4 rows=1016 cells=7479 reach=5703 reverse=7479 table_mib=0.6 mutable_mib=32.0 max_job_mib=8.3 oldest_ms=115.47 pack_ms=0.95 solve_ms=6.62
v5_device jobs=17 rows=35983 cells=587150 direct=true graph_reused=false upload_ms=23.44 capture_ms=3.24 queue_ms=81.79 gpu_ms=0.01 unpack_ms=4.47 total_ms=112.95
v5_service device=0 lane=1 class=2 jobs=17 rows=35983 cells=587150 reach=778094 reverse=917603 table_mib=39.1 mutable_mib=1280.0 max_job_mib=132.6 oldest_ms=244.17 pack_ms=23.40 solve_ms=113.00
v5_device jobs=1 rows=27872 cells=141415 direct=true graph_reused=false upload_ms=8.01 capture_ms=3.33 queue_ms=46.26 gpu_ms=0.01 unpack_ms=1.80 total_ms=59.41
v5_service device=1 lane=1 class=3 jobs=1 rows=27872 cells=141415 reach=141279 reverse=141415 table_mib=16.4 mutable_mib=1024.0 max_job_mib=1055.4 oldest_ms=117.88 pack_ms=7.94 solve_ms=59.45
v5_device jobs=4 rows=113973 cells=2556595 direct=true graph_reused=false upload_ms=121.62 capture_ms=2.89 queue_ms=320.89 gpu_ms=0.02 unpack_ms=29.43 total_ms=474.85
v5_service device=0 lane=0 class=3 jobs=4 rows=113973 cells=2556595 reach=2487349 reverse=2556595 table_mib=127.0 mutable_mib=3584.0 max_job_mib=1121.4 oldest_ms=436.31 pack_ms=71.76 solve_ms=474.89
v5_device jobs=32 rows=20095 cells=286278 direct=true graph_reused=false upload_ms=7.11 capture_ms=3.14 queue_ms=35.77 gpu_ms=0.01 unpack_ms=2.09 total_ms=48.12
v5_service device=0 lane=0 class=1 jobs=32 rows=20095 cells=286278 reach=305436 reverse=374181 table_mib=17.9 mutable_mib=656.0 max_job_mib=34.6 oldest_ms=80.34 pack_ms=12.14 solve_ms=48.15
v5_device jobs=13 rows=3518 cells=25170 direct=true graph_reused=false upload_ms=1.15 capture_ms=3.03 queue_ms=8.95 gpu_ms=0.01 unpack_ms=0.22 total_ms=13.35
v5_service device=0 lane=0 class=0 jobs=13 rows=3518 cells=25170 reach=48458 reverse=62685 table_mib=2.9 mutable_mib=100.0 max_job_mib=8.7 oldest_ms=185.73 pack_ms=3.07 solve_ms=13.39
v5_device jobs=1 rows=12132 cells=99956 direct=true graph_reused=false upload_ms=2.90 capture_ms=3.35 queue_ms=19.00 gpu_ms=0.01 unpack_ms=0.59 total_ms=25.85
v5_service device=0 lane=0 class=3 jobs=1 rows=12132 cells=99956 reach=99698 reverse=99956 table_mib=7.7 mutable_mib=512.0 max_job_mib=525.0 oldest_ms=223.61 pack_ms=5.45 solve_ms=25.89
v5_device jobs=35 rows=22017 cells=491518 direct=true graph_reused=false upload_ms=12.05 capture_ms=3.15 queue_ms=45.02 gpu_ms=0.01 unpack_ms=3.39 total_ms=63.62
v5_service device=0 lane=0 class=1 jobs=35 rows=22017 cells=491518 reach=509790 reverse=616242 table_mib=26.4 mutable_mib=720.0 max_job_mib=35.2 oldest_ms=79.99 pack_ms=11.81 solve_ms=63.66
v5_device jobs=8 rows=2173 cells=63092 direct=true graph_reused=false upload_ms=0.99 capture_ms=3.87 queue_ms=11.45 gpu_ms=0.01 unpack_ms=0.34 total_ms=16.67
v5_service device=0 lane=0 class=0 jobs=8 rows=2173 cells=63092 reach=51366 reverse=72940 table_mib=3.0 mutable_mib=60.0 max_job_mib=9.7 oldest_ms=233.33 pack_ms=1.52 solve_ms=16.70
v5_device jobs=1 rows=19273 cells=96647 direct=true graph_reused=false upload_ms=20.12 capture_ms=3.11 queue_ms=46.71 gpu_ms=0.01 unpack_ms=2.00 total_ms=71.94
v5_service device=0 lane=0 class=3 jobs=1 rows=19273 cells=96647 reach=827008 reverse=828545 table_mib=28.6 mutable_mib=512.0 max_job_mib=550.8 oldest_ms=250.19 pack_ms=16.77 solve_ms=71.99
v5_device jobs=4 rows=7711 cells=104777 direct=true graph_reused=false upload_ms=2.22 capture_ms=3.12 queue_ms=17.51 gpu_ms=0.01 unpack_ms=1.02 total_ms=23.88
v5_service device=0 lane=0 class=2 jobs=4 rows=7711 cells=104777 reach=86181 reverse=105206 table_mib=6.3 mutable_mib=256.0 max_job_mib=67.2 oldest_ms=340.65 pack_ms=3.08 solve_ms=23.94
v5_device jobs=3 rows=1002 cells=11617 direct=true graph_reused=false upload_ms=0.30 capture_ms=3.13 queue_ms=3.23 gpu_ms=0.00 unpack_ms=0.08 total_ms=6.75
v5_service device=0 lane=0 class=0 jobs=3 rows=1002 cells=11617 reach=10888 reverse=11617 table_mib=0.7 mutable_mib=24.0 max_job_mib=8.6 oldest_ms=75.30 pack_ms=1.40 solve_ms=6.77
v5_device jobs=8 rows=23801 cells=428231 direct=true graph_reused=false upload_ms=13.07 capture_ms=4.12 queue_ms=44.33 gpu_ms=0.01 unpack_ms=3.55 total_ms=65.08
v5_service device=0 lane=0 class=2 jobs=8 rows=23801 cells=428231 reach=393736 reverse=481187 table_mib=23.6 mutable_mib=768.0 max_job_mib=266.9 oldest_ms=87.02 pack_ms=77.96 solve_ms=65.13
v5_device jobs=15 rows=11220 cells=198718 direct=true graph_reused=false upload_ms=3.59 capture_ms=3.25 queue_ms=24.28 gpu_ms=0.01 unpack_ms=1.22 total_ms=32.34
v5_service device=0 lane=0 class=1 jobs=15 rows=11220 cells=198718 reach=175510 reverse=209078 table_mib=10.5 mutable_mib=352.0 max_job_mib=36.3 oldest_ms=302.94 pack_ms=7.14 solve_ms=32.38
v5_device jobs=2 rows=46652 cells=166249 direct=true graph_reused=false upload_ms=13.32 capture_ms=3.71 queue_ms=60.54 gpu_ms=0.01 unpack_ms=3.11 total_ms=80.68
v5_service device=0 lane=0 class=3 jobs=2 rows=46652 cells=166249 reach=164182 reverse=166351 table_mib=22.6 mutable_mib=1536.0 max_job_mib=1044.4 oldest_ms=553.55 pack_ms=12.45 solve_ms=80.72
{"phase": "prestop", "solves": 56320, "games": 0, "decisions": 168491, "oversize_routes": 3, "card_exclusive_routes": 0, "exact_fallbacks": 0, "censored_games": 0, "dropped": 0, "node_caps": 3, "seconds": 60.15880869899411, "solves_per_s": 936.2}
{"phase": "drained", "solves": 61029, "games": 0, "decisions": 183622, "oversize_routes": 3, "card_exclusive_routes": 0, "exact_fallbacks": 0, "censored_games": 4608, "dropped": 0, "node_caps": 4, "seconds": 73.328, "solves_per_s": 832.3}
