[train] runs/value_v4_d2i64dcfr_30 at 1336aea+dirty seed=95 {'minutes': 30.0, 'warm_minutes': 5.0, 'ladder_games': 200, 'depth': 2, 'iters': 64, 'cfr': 'dcfr', 'seed': 95, 'note': 'depth2-64-dcfr-thirty-minute-verification'}
[train] depth2-64-dcfr-thirty-minute-verification
[cpu] pinned to 36 physical cores
[train] CUDA stream priority -1
[gpu] solve services up on [0, 1]
[cfg] PUBFEAT=897 CFEAT=15 architecture=v4 depth=2 iters=64 budget=1800s warm=300s snapshot_every=6min device=cuda:1 draft=random train_gen_ratio=4.0 recent_mix=0.5/0.2 canonical_views=2 cap=2000000 matmul=high
[t=   1.2s] greedy ep  0 games=  96 dec= 18853 rows= 18069 horizon=0.29 L=0.12851 L/var=0.83 tgt=-0.043/0.394 pstd=0.347 gen=0.1s train=1.0s
[t=   1.8s] greedy ep  1 games=  96 dec= 19648 rows= 18830 horizon=0.34 L=0.08045 L/var=0.49 tgt=-0.090/0.406 pstd=0.351 gen=0.1s train=0.4s
[t=   2.4s] greedy ep  2 games=  96 dec= 19176 rows= 18356 horizon=0.35 L=0.05840 L/var=0.34 tgt=-0.088/0.415 pstd=0.361 gen=0.1s train=0.4s
[t=   3.0s] greedy ep  3 games=  96 dec= 18652 rows= 17858 horizon=0.29 L=0.04395 L/var=0.23 tgt=-0.096/0.436 pstd=0.370 gen=0.1s train=0.4s
[t=   3.7s] greedy ep  4 games=  96 dec= 19078 rows= 18228 horizon=0.35 L=0.03399 L/var=0.20 tgt=-0.093/0.414 pstd=0.379 gen=0.1s train=0.5s
[t=   4.3s] greedy ep  5 games=  96 dec= 18818 rows= 18043 horizon=0.35 L=0.01909 L/var=0.10 tgt=-0.089/0.427 pstd=0.397 gen=0.1s train=0.4s
[t=   5.0s] greedy ep  6 games=  96 dec= 18874 rows= 18050 horizon=0.28 L=0.01932 L/var=0.13 tgt=-0.083/0.391 pstd=0.353 gen=0.1s train=0.5s
[t=   5.8s] greedy ep  7 games=  96 dec= 18496 rows= 17707 horizon=0.27 L=0.01316 L/var=0.10 tgt=-0.094/0.372 pstd=0.384 gen=0.1s train=0.5s
[t=   6.5s] greedy ep  8 games=  96 dec= 18882 rows= 18018 horizon=0.28 L=0.00979 L/var=0.07 tgt=-0.063/0.368 pstd=0.395 gen=0.1s train=0.5s
[t=   7.1s] greedy ep  9 games=  96 dec= 18567 rows= 17820 horizon=0.30 L=0.00968 L/var=0.06 tgt=-0.059/0.398 pstd=0.412 gen=0.1s train=0.5s
[t=   7.9s] greedy ep 10 games=  96 dec= 18793 rows= 18035 horizon=0.29 L=0.00745 L/var=0.05 tgt=-0.092/0.393 pstd=0.386 gen=0.1s train=0.5s
[t=   8.5s] greedy ep 11 games=  96 dec= 18170 rows= 17446 horizon=0.32 L=0.00650 L/var=0.04 tgt=-0.053/0.410 pstd=0.395 gen=0.1s train=0.5s
[t=   9.2s] greedy ep 12 games=  96 dec= 17686 rows= 16974 horizon=0.27 L=0.00665 L/var=0.04 tgt=-0.071/0.394 pstd=0.407 gen=0.1s train=0.5s
[t=   9.9s] greedy ep 13 games=  96 dec= 19259 rows= 18477 horizon=0.39 L=0.00892 L/var=0.06 tgt=-0.042/0.373 pstd=0.398 gen=0.1s train=0.5s
[t=  10.6s] greedy ep 14 games=  96 dec= 18669 rows= 17882 horizon=0.30 L=0.00606 L/var=0.04 tgt=-0.086/0.392 pstd=0.406 gen=0.1s train=0.5s
[t=  11.3s] greedy ep 15 games=  96 dec= 18379 rows= 17558 horizon=0.27 L=0.00452 L/var=0.03 tgt=-0.082/0.400 pstd=0.391 gen=0.1s train=0.5s
[t=  12.0s] greedy ep 16 games=  96 dec= 17832 rows= 17106 horizon=0.24 L=0.00454 L/var=0.03 tgt=-0.081/0.418 pstd=0.396 gen=0.1s train=0.5s
[t=  12.7s] greedy ep 17 games=  96 dec= 19410 rows= 18581 horizon=0.32 L=0.00507 L/var=0.03 tgt=-0.081/0.416 pstd=0.395 gen=0.1s train=0.5s
[t=  13.4s] greedy ep 18 games=  96 dec= 18273 rows= 17416 horizon=0.23 L=0.00433 L/var=0.03 tgt=-0.070/0.393 pstd=0.390 gen=0.1s train=0.5s
[t=  14.1s] greedy ep 19 games=  96 dec= 17525 rows= 16824 horizon=0.25 L=0.00612 L/var=0.04 tgt=-0.059/0.385 pstd=0.381 gen=0.1s train=0.4s
[t=  14.8s] greedy ep 20 games=  96 dec= 17691 rows= 16922 horizon=0.22 L=0.00874 L/var=0.05 tgt=-0.087/0.399 pstd=0.373 gen=0.1s train=0.5s
[t=  15.5s] greedy ep 21 games=  96 dec= 19033 rows= 18205 horizon=0.35 L=0.00569 L/var=0.04 tgt=-0.058/0.382 pstd=0.388 gen=0.1s train=0.5s
[t=  16.2s] greedy ep 22 games=  96 dec= 18692 rows= 17986 horizon=0.33 L=0.00390 L/var=0.02 tgt=-0.077/0.410 pstd=0.396 gen=0.1s train=0.5s
[t=  16.9s] greedy ep 23 games=  96 dec= 18345 rows= 17557 horizon=0.27 L=0.00359 L/var=0.02 tgt=-0.071/0.392 pstd=0.391 gen=0.1s train=0.5s
[t=  17.6s] greedy ep 24 games=  96 dec= 17545 rows= 16862 horizon=0.24 L=0.00350 L/var=0.02 tgt=-0.075/0.391 pstd=0.388 gen=0.1s train=0.4s
[t=  18.3s] greedy ep 25 games=  96 dec= 18771 rows= 17942 horizon=0.35 L=0.00375 L/var=0.02 tgt=-0.039/0.399 pstd=0.399 gen=0.1s train=0.5s
[t=  19.0s] greedy ep 26 games=  96 dec= 18524 rows= 17729 horizon=0.31 L=0.00364 L/var=0.02 tgt=-0.078/0.401 pstd=0.395 gen=0.1s train=0.5s
[t=  19.7s] greedy ep 27 games=  96 dec= 18467 rows= 17765 horizon=0.29 L=0.00352 L/var=0.02 tgt=-0.075/0.418 pstd=0.395 gen=0.1s train=0.5s
[t=  20.4s] greedy ep 28 games=  96 dec= 18349 rows= 17482 horizon=0.28 L=0.00635 L/var=0.04 tgt=-0.078/0.393 pstd=0.386 gen=0.1s train=0.5s
[t=  21.1s] greedy ep 29 games=  96 dec= 17979 rows= 17287 horizon=0.27 L=0.00422 L/var=0.03 tgt=-0.080/0.383 pstd=0.392 gen=0.1s train=0.5s
[t=  21.8s] greedy ep 30 games=  96 dec= 19069 rows= 18180 horizon=0.31 L=0.00303 L/var=0.02 tgt=-0.067/0.404 pstd=0.393 gen=0.1s train=0.5s
[t=  22.6s] greedy ep 31 games=  96 dec= 18861 rows= 18112 horizon=0.34 L=0.00319 L/var=0.02 tgt=-0.102/0.425 pstd=0.379 gen=0.1s train=0.5s
[t=  23.3s] greedy ep 32 games=  96 dec= 19129 rows= 18332 horizon=0.34 L=0.00587 L/var=0.04 tgt=-0.086/0.394 pstd=0.398 gen=0.1s train=0.5s
[t=  24.1s] greedy ep 33 games=  96 dec= 18913 rows= 17958 horizon=0.27 L=0.00423 L/var=0.03 tgt=-0.095/0.398 pstd=0.395 gen=0.1s train=0.5s
[t=  24.7s] greedy ep 34 games=  96 dec= 17630 rows= 16913 horizon=0.21 L=0.00304 L/var=0.02 tgt=-0.083/0.414 pstd=0.380 gen=0.1s train=0.5s
[t=  25.4s] greedy ep 35 games=  96 dec= 18569 rows= 17779 horizon=0.31 L=0.00286 L/var=0.02 tgt=-0.066/0.408 pstd=0.399 gen=0.1s train=0.5s
[t=  26.2s] greedy ep 36 games=  96 dec= 18706 rows= 17959 horizon=0.30 L=0.00267 L/var=0.02 tgt=-0.095/0.408 pstd=0.388 gen=0.1s train=0.5s
[t=  26.9s] greedy ep 37 games=  96 dec= 19117 rows= 18316 horizon=0.33 L=0.00272 L/var=0.02 tgt=-0.068/0.390 pstd=0.388 gen=0.1s train=0.5s
[t=  27.6s] greedy ep 38 games=  96 dec= 18646 rows= 17879 horizon=0.28 L=0.00273 L/var=0.02 tgt=-0.077/0.406 pstd=0.396 gen=0.1s train=0.5s
[t=  28.3s] greedy ep 39 games=  96 dec= 18107 rows= 17347 horizon=0.28 L=0.00253 L/var=0.01 tgt=-0.068/0.419 pstd=0.391 gen=0.1s train=0.5s
[t=  29.1s] greedy ep 40 games=  96 dec= 18950 rows= 18159 horizon=0.33 L=0.00222 L/var=0.02 tgt=-0.068/0.378 pstd=0.392 gen=0.1s train=0.5s
[t=  29.8s] greedy ep 41 games=  96 dec= 18590 rows= 17770 horizon=0.28 L=0.00259 L/var=0.02 tgt=-0.059/0.387 pstd=0.398 gen=0.1s train=0.5s
[t=  30.5s] greedy ep 42 games=  96 dec= 18858 rows= 17987 horizon=0.28 L=0.00218 L/var=0.01 tgt=-0.082/0.395 pstd=0.394 gen=0.1s train=0.5s
[t=  31.3s] greedy ep 43 games=  96 dec= 17876 rows= 17106 horizon=0.27 L=0.00194 L/var=0.01 tgt=-0.093/0.428 pstd=0.400 gen=0.1s train=0.5s
[t=  32.0s] greedy ep 44 games=  96 dec= 18395 rows= 17544 horizon=0.26 L=0.00186 L/var=0.01 tgt=-0.059/0.411 pstd=0.391 gen=0.1s train=0.5s
[t=  32.7s] greedy ep 45 games=  96 dec= 18304 rows= 17541 horizon=0.27 L=0.00229 L/var=0.01 tgt=-0.086/0.400 pstd=0.398 gen=0.1s train=0.5s
[t=  33.4s] greedy ep 46 games=  96 dec= 18963 rows= 18276 horizon=0.36 L=0.00188 L/var=0.01 tgt=-0.057/0.400 pstd=0.390 gen=0.1s train=0.5s
[t=  34.1s] greedy ep 47 games=  96 dec= 17323 rows= 16593 horizon=0.24 L=0.00188 L/var=0.01 tgt=-0.099/0.413 pstd=0.393 gen=0.1s train=0.5s
[t=  34.9s] greedy ep 48 games=  96 dec= 19310 rows= 18515 horizon=0.32 L=0.00196 L/var=0.01 tgt=-0.070/0.402 pstd=0.396 gen=0.1s train=0.5s
[t=  35.6s] greedy ep 49 games=  96 dec= 18285 rows= 17559 horizon=0.26 L=0.00180 L/var=0.01 tgt=-0.076/0.382 pstd=0.391 gen=0.1s train=0.5s
[t=  36.3s] greedy ep 50 games=  96 dec= 18926 rows= 18168 horizon=0.30 L=0.00373 L/var=0.02 tgt=-0.079/0.416 pstd=0.380 gen=0.1s train=0.5s
[t=  37.0s] greedy ep 51 games=  96 dec= 18443 rows= 17663 horizon=0.29 L=0.00230 L/var=0.02 tgt=-0.068/0.388 pstd=0.391 gen=0.1s train=0.5s
[t=  37.7s] greedy ep 52 games=  96 dec= 18192 rows= 17487 horizon=0.27 L=0.00187 L/var=0.01 tgt=-0.086/0.395 pstd=0.392 gen=0.1s train=0.5s
[t=  38.4s] greedy ep 53 games=  96 dec= 18972 rows= 18164 horizon=0.32 L=0.00160 L/var=0.01 tgt=-0.068/0.407 pstd=0.393 gen=0.1s train=0.5s
[t=  39.2s] greedy ep 54 games=  96 dec= 18781 rows= 18082 horizon=0.35 L=0.00161 L/var=0.01 tgt=-0.067/0.406 pstd=0.388 gen=0.1s train=0.5s
[t=  39.9s] greedy ep 55 games=  96 dec= 18170 rows= 17299 horizon=0.23 L=0.00146 L/var=0.01 tgt=-0.070/0.385 pstd=0.390 gen=0.1s train=0.5s
[t=  40.6s] greedy ep 56 games=  96 dec= 18827 rows= 18033 horizon=0.31 L=0.00173 L/var=0.01 tgt=-0.056/0.392 pstd=0.392 gen=0.1s train=0.5s
[t=  41.3s] greedy ep 57 games=  96 dec= 18588 rows= 17840 horizon=0.33 L=0.00186 L/var=0.01 tgt=-0.078/0.393 pstd=0.390 gen=0.1s train=0.5s
[t=  42.1s] greedy ep 58 games=  96 dec= 18407 rows= 17575 horizon=0.28 L=0.00155 L/var=0.01 tgt=-0.055/0.393 pstd=0.398 gen=0.1s train=0.5s
[t=  42.8s] greedy ep 59 games=  96 dec= 18148 rows= 17468 horizon=0.25 L=0.00162 L/var=0.01 tgt=-0.079/0.397 pstd=0.385 gen=0.1s train=0.5s
[t=  43.5s] greedy ep 60 games=  96 dec= 19240 rows= 18506 horizon=0.39 L=0.00229 L/var=0.01 tgt=-0.058/0.394 pstd=0.393 gen=0.1s train=0.5s
[t=  44.2s] greedy ep 61 games=  96 dec= 17480 rows= 16650 horizon=0.21 L=0.00152 L/var=0.01 tgt=-0.082/0.415 pstd=0.391 gen=0.1s train=0.4s
[t=  44.9s] greedy ep 62 games=  96 dec= 17696 rows= 16904 horizon=0.23 L=0.00166 L/var=0.01 tgt=-0.078/0.393 pstd=0.391 gen=0.1s train=0.5s
[t=  45.6s] greedy ep 63 games=  96 dec= 18115 rows= 17315 horizon=0.25 L=0.00171 L/var=0.01 tgt=-0.074/0.425 pstd=0.395 gen=0.1s train=0.5s
[t=  46.3s] greedy ep 64 games=  96 dec= 17961 rows= 17228 horizon=0.30 L=0.00157 L/var=0.01 tgt=-0.081/0.430 pstd=0.390 gen=0.1s train=0.5s
[t=  47.0s] greedy ep 65 games=  96 dec= 19091 rows= 18359 horizon=0.33 L=0.00147 L/var=0.01 tgt=-0.054/0.380 pstd=0.393 gen=0.1s train=0.5s
[t=  47.8s] greedy ep 66 games=  96 dec= 18892 rows= 18141 horizon=0.34 L=0.00162 L/var=0.01 tgt=-0.083/0.425 pstd=0.390 gen=0.1s train=0.5s
[t=  48.5s] greedy ep 67 games=  96 dec= 18700 rows= 17909 horizon=0.33 L=0.00223 L/var=0.01 tgt=-0.068/0.402 pstd=0.391 gen=0.1s train=0.5s
[t=  49.2s] greedy ep 68 games=  96 dec= 17768 rows= 16989 horizon=0.26 L=0.00194 L/var=0.01 tgt=-0.080/0.398 pstd=0.386 gen=0.1s train=0.5s
[t=  49.9s] greedy ep 69 games=  96 dec= 18920 rows= 18066 horizon=0.31 L=0.00147 L/var=0.01 tgt=-0.081/0.373 pstd=0.392 gen=0.1s train=0.5s
[t=  50.6s] greedy ep 70 games=  96 dec= 18272 rows= 17482 horizon=0.23 L=0.00138 L/var=0.01 tgt=-0.079/0.393 pstd=0.390 gen=0.1s train=0.5s
[t=  51.4s] greedy ep 71 games=  96 dec= 19474 rows= 18684 horizon=0.42 L=0.00136 L/var=0.01 tgt=-0.081/0.388 pstd=0.401 gen=0.1s train=0.5s
[t=  52.1s] greedy ep 72 games=  96 dec= 18516 rows= 17831 horizon=0.32 L=0.00160 L/var=0.01 tgt=-0.063/0.392 pstd=0.385 gen=0.1s train=0.5s
[t=  52.8s] greedy ep 73 games=  96 dec= 18517 rows= 17766 horizon=0.31 L=0.00131 L/var=0.01 tgt=-0.085/0.409 pstd=0.390 gen=0.1s train=0.5s
[t=  53.5s] greedy ep 74 games=  96 dec= 18370 rows= 17557 horizon=0.25 L=0.00262 L/var=0.02 tgt=-0.051/0.375 pstd=0.378 gen=0.1s train=0.5s
[t=  54.2s] greedy ep 75 games=  96 dec= 18616 rows= 17846 horizon=0.31 L=0.00209 L/var=0.01 tgt=-0.054/0.385 pstd=0.401 gen=0.1s train=0.5s
[t=  55.0s] greedy ep 76 games=  96 dec= 18935 rows= 18095 horizon=0.31 L=0.00172 L/var=0.01 tgt=-0.087/0.404 pstd=0.396 gen=0.1s train=0.5s
[t=  55.7s] greedy ep 77 games=  96 dec= 18457 rows= 17724 horizon=0.29 L=0.00153 L/var=0.01 tgt=-0.071/0.393 pstd=0.391 gen=0.1s train=0.5s
[t=  56.4s] greedy ep 78 games=  96 dec= 17709 rows= 17003 horizon=0.25 L=0.00129 L/var=0.01 tgt=-0.063/0.403 pstd=0.391 gen=0.1s train=0.5s
[t=  57.2s] greedy ep 79 games=  96 dec= 18236 rows= 17407 horizon=0.22 L=0.00131 L/var=0.01 tgt=-0.070/0.392 pstd=0.388 gen=0.1s train=0.5s
[t=  57.9s] greedy ep 80 games=  96 dec= 18576 rows= 17800 horizon=0.31 L=0.00117 L/var=0.01 tgt=-0.085/0.414 pstd=0.393 gen=0.1s train=0.5s
[t=  58.6s] greedy ep 81 games=  96 dec= 17602 rows= 16911 horizon=0.23 L=0.00137 L/var=0.01 tgt=-0.088/0.416 pstd=0.392 gen=0.1s train=0.5s
[t=  59.3s] greedy ep 82 games=  96 dec= 18011 rows= 17307 horizon=0.28 L=0.00147 L/var=0.01 tgt=-0.110/0.422 pstd=0.392 gen=0.1s train=0.5s
[t=  60.0s] greedy ep 83 games=  96 dec= 19229 rows= 18365 horizon=0.28 L=0.00126 L/var=0.01 tgt=-0.096/0.384 pstd=0.397 gen=0.1s train=0.5s
[t=  60.7s] greedy ep 84 games=  96 dec= 17370 rows= 16534 horizon=0.22 L=0.00137 L/var=0.01 tgt=-0.078/0.400 pstd=0.389 gen=0.1s train=0.5s
[t=  61.4s] greedy ep 85 games=  96 dec= 18514 rows= 17718 horizon=0.31 L=0.00117 L/var=0.01 tgt=-0.067/0.409 pstd=0.392 gen=0.1s train=0.5s
[t=  62.2s] greedy ep 86 games=  96 dec= 18400 rows= 17629 horizon=0.30 L=0.00110 L/var=0.01 tgt=-0.054/0.416 pstd=0.392 gen=0.1s train=0.5s
[t=  62.9s] greedy ep 87 games=  96 dec= 18328 rows= 17540 horizon=0.28 L=0.00124 L/var=0.01 tgt=-0.057/0.416 pstd=0.399 gen=0.1s train=0.5s
[t=  63.6s] greedy ep 88 games=  96 dec= 18836 rows= 18104 horizon=0.34 L=0.00126 L/var=0.01 tgt=-0.069/0.451 pstd=0.396 gen=0.1s train=0.5s
[t=  64.3s] greedy ep 89 games=  96 dec= 18112 rows= 17376 horizon=0.29 L=0.00146 L/var=0.01 tgt=-0.099/0.422 pstd=0.392 gen=0.1s train=0.5s
[t=  65.0s] greedy ep 90 games=  96 dec= 18009 rows= 17292 horizon=0.29 L=0.00117 L/var=0.01 tgt=-0.067/0.396 pstd=0.396 gen=0.1s train=0.5s
[t=  65.8s] greedy ep 91 games=  96 dec= 19007 rows= 18272 horizon=0.31 L=0.00136 L/var=0.01 tgt=-0.071/0.393 pstd=0.390 gen=0.1s train=0.5s
[t=  66.5s] greedy ep 92 games=  96 dec= 18386 rows= 17545 horizon=0.28 L=0.00148 L/var=0.01 tgt=-0.079/0.427 pstd=0.390 gen=0.1s train=0.5s
[t=  67.2s] greedy ep 93 games=  96 dec= 17611 rows= 16917 horizon=0.24 L=0.00114 L/var=0.01 tgt=-0.089/0.416 pstd=0.392 gen=0.1s train=0.5s
[t=  67.9s] greedy ep 94 games=  96 dec= 18028 rows= 17248 horizon=0.23 L=0.00119 L/var=0.01 tgt=-0.088/0.397 pstd=0.389 gen=0.1s train=0.5s
[t=  68.7s] greedy ep 95 games=  96 dec= 18694 rows= 17878 horizon=0.30 L=0.00131 L/var=0.01 tgt=-0.061/0.389 pstd=0.389 gen=0.1s train=0.5s
[t=  69.4s] greedy ep 96 games=  96 dec= 18817 rows= 18070 horizon=0.31 L=0.00105 L/var=0.01 tgt=-0.091/0.405 pstd=0.393 gen=0.1s train=0.5s
[t=  70.1s] greedy ep 97 games=  96 dec= 17744 rows= 16965 horizon=0.22 L=0.00096 L/var=0.01 tgt=-0.087/0.408 pstd=0.395 gen=0.1s train=0.5s
[t=  70.9s] greedy ep 98 games=  96 dec= 18854 rows= 18081 horizon=0.32 L=0.00102 L/var=0.01 tgt=-0.075/0.405 pstd=0.386 gen=0.1s train=0.5s
[t=  71.6s] greedy ep 99 games=  96 dec= 18115 rows= 17468 horizon=0.29 L=0.00204 L/var=0.01 tgt=-0.088/0.402 pstd=0.395 gen=0.1s train=0.5s
[t=  72.3s] greedy ep100 games=  96 dec= 17901 rows= 17067 horizon=0.24 L=0.00111 L/var=0.01 tgt=-0.064/0.404 pstd=0.391 gen=0.1s train=0.5s
[t=  73.0s] greedy ep101 games=  96 dec= 17329 rows= 16564 horizon=0.18 L=0.00092 L/var=0.01 tgt=-0.094/0.419 pstd=0.390 gen=0.1s train=0.4s
[t=  73.8s] greedy ep102 games=  96 dec= 19175 rows= 18365 horizon=0.30 L=0.00089 L/var=0.01 tgt=-0.085/0.413 pstd=0.387 gen=0.1s train=0.5s
[t=  74.5s] greedy ep103 games=  96 dec= 19349 rows= 18446 horizon=0.34 L=0.00099 L/var=0.01 tgt=-0.090/0.408 pstd=0.390 gen=0.1s train=0.5s
[t=  75.3s] greedy ep104 games=  96 dec= 18780 rows= 17994 horizon=0.29 L=0.00102 L/var=0.01 tgt=-0.043/0.400 pstd=0.395 gen=0.1s train=0.5s
[t=  76.0s] greedy ep105 games=  96 dec= 18193 rows= 17415 horizon=0.31 L=0.00127 L/var=0.01 tgt=-0.064/0.394 pstd=0.391 gen=0.1s train=0.5s
[t=  76.7s] greedy ep106 games=  96 dec= 18319 rows= 17592 horizon=0.30 L=0.00153 L/var=0.01 tgt=-0.074/0.433 pstd=0.387 gen=0.1s train=0.5s
[t=  77.4s] greedy ep107 games=  96 dec= 18453 rows= 17669 horizon=0.27 L=0.00123 L/var=0.01 tgt=-0.065/0.402 pstd=0.397 gen=0.1s train=0.5s
[t=  78.2s] greedy ep108 games=  96 dec= 19645 rows= 18855 horizon=0.39 L=0.00087 L/var=0.01 tgt=-0.073/0.414 pstd=0.393 gen=0.1s train=0.5s
[t=  78.9s] greedy ep109 games=  96 dec= 18220 rows= 17470 horizon=0.26 L=0.00077 L/var=0.00 tgt=-0.051/0.395 pstd=0.393 gen=0.1s train=0.5s
[t=  79.7s] greedy ep110 games=  96 dec= 19366 rows= 18466 horizon=0.34 L=0.00127 L/var=0.01 tgt=-0.074/0.395 pstd=0.388 gen=0.1s train=0.5s
[t=  80.4s] greedy ep111 games=  96 dec= 17474 rows= 16655 horizon=0.23 L=0.00118 L/var=0.01 tgt=-0.093/0.413 pstd=0.393 gen=0.1s train=0.4s
[t=  81.1s] greedy ep112 games=  96 dec= 18454 rows= 17765 horizon=0.29 L=0.00082 L/var=0.01 tgt=-0.070/0.392 pstd=0.390 gen=0.1s train=0.5s
[t=  81.8s] greedy ep113 games=  96 dec= 18390 rows= 17620 horizon=0.32 L=0.00083 L/var=0.00 tgt=-0.084/0.412 pstd=0.391 gen=0.1s train=0.5s
[t=  82.5s] greedy ep114 games=  96 dec= 18074 rows= 17390 horizon=0.25 L=0.00070 L/var=0.00 tgt=-0.077/0.413 pstd=0.391 gen=0.1s train=0.5s
[t=  83.3s] greedy ep115 games=  96 dec= 18082 rows= 17334 horizon=0.27 L=0.00065 L/var=0.00 tgt=-0.064/0.378 pstd=0.394 gen=0.1s train=0.5s
[t=  84.0s] greedy ep116 games=  96 dec= 18772 rows= 18031 horizon=0.34 L=0.00218 L/var=0.02 tgt=-0.053/0.378 pstd=0.384 gen=0.1s train=0.5s
[t=  84.8s] greedy ep117 games=  96 dec= 18903 rows= 18078 horizon=0.28 L=0.00236 L/var=0.01 tgt=-0.055/0.409 pstd=0.382 gen=0.1s train=0.5s
[t=  85.5s] greedy ep118 games=  96 dec= 18299 rows= 17525 horizon=0.24 L=0.00376 L/var=0.02 tgt=-0.101/0.393 pstd=0.379 gen=0.1s train=0.5s
[t=  86.2s] greedy ep119 games=  96 dec= 18037 rows= 17324 horizon=0.27 L=0.00238 L/var=0.01 tgt=-0.113/0.423 pstd=0.389 gen=0.1s train=0.5s
[t=  86.9s] greedy ep120 games=  96 dec= 18139 rows= 17418 horizon=0.25 L=0.00141 L/var=0.01 tgt=-0.078/0.408 pstd=0.386 gen=0.1s train=0.5s
[t=  87.7s] greedy ep121 games=  96 dec= 19044 rows= 18264 horizon=0.32 L=0.00081 L/var=0.01 tgt=-0.083/0.400 pstd=0.392 gen=0.1s train=0.5s
[t=  88.4s] greedy ep122 games=  96 dec= 17722 rows= 16951 horizon=0.26 L=0.00063 L/var=0.00 tgt=-0.079/0.397 pstd=0.393 gen=0.1s train=0.5s
[t=  89.2s] greedy ep123 games=  96 dec= 17658 rows= 16990 horizon=0.23 L=0.00055 L/var=0.00 tgt=-0.073/0.403 pstd=0.391 gen=0.1s train=0.5s
[t=  89.9s] greedy ep124 games=  96 dec= 19187 rows= 18459 horizon=0.35 L=0.00056 L/var=0.00 tgt=-0.053/0.403 pstd=0.390 gen=0.1s train=0.5s
[t=  90.7s] greedy ep125 games=  96 dec= 19478 rows= 18670 horizon=0.38 L=0.00063 L/var=0.00 tgt=-0.061/0.383 pstd=0.390 gen=0.1s train=0.5s
[t=  91.4s] greedy ep126 games=  96 dec= 18706 rows= 18051 horizon=0.31 L=0.00060 L/var=0.00 tgt=-0.057/0.386 pstd=0.388 gen=0.1s train=0.5s
[t=  92.1s] greedy ep127 games=  96 dec= 17748 rows= 16959 horizon=0.21 L=0.00060 L/var=0.00 tgt=-0.058/0.397 pstd=0.391 gen=0.1s train=0.5s
[t=  92.9s] greedy ep128 games=  96 dec= 18849 rows= 18000 horizon=0.25 L=0.00067 L/var=0.00 tgt=-0.092/0.412 pstd=0.392 gen=0.1s train=0.5s
[t=  93.6s] greedy ep129 games=  96 dec= 19027 rows= 18186 horizon=0.33 L=0.00058 L/var=0.00 tgt=-0.073/0.401 pstd=0.394 gen=0.1s train=0.5s
[t=  94.3s] greedy ep130 games=  96 dec= 18257 rows= 17535 horizon=0.29 L=0.00049 L/var=0.00 tgt=-0.063/0.385 pstd=0.392 gen=0.1s train=0.5s
[t=  95.1s] greedy ep131 games=  96 dec= 18325 rows= 17546 horizon=0.30 L=0.00048 L/var=0.00 tgt=-0.071/0.397 pstd=0.395 gen=0.1s train=0.5s
[t=  95.8s] greedy ep132 games=  96 dec= 17681 rows= 16849 horizon=0.23 L=0.00055 L/var=0.00 tgt=-0.080/0.417 pstd=0.391 gen=0.1s train=0.4s
[t=  96.5s] greedy ep133 games=  96 dec= 19329 rows= 18584 horizon=0.39 L=0.00057 L/var=0.00 tgt=-0.086/0.389 pstd=0.395 gen=0.1s train=0.5s
[t=  97.3s] greedy ep134 games=  96 dec= 18581 rows= 17770 horizon=0.26 L=0.00064 L/var=0.00 tgt=-0.083/0.394 pstd=0.395 gen=0.1s train=0.5s
[t=  98.0s] greedy ep135 games=  96 dec= 17697 rows= 16960 horizon=0.21 L=0.00058 L/var=0.00 tgt=-0.098/0.429 pstd=0.394 gen=0.1s train=0.5s
[t=  98.7s] greedy ep136 games=  96 dec= 18737 rows= 17959 horizon=0.27 L=0.00058 L/var=0.00 tgt=-0.075/0.405 pstd=0.394 gen=0.1s train=0.5s
[t=  99.5s] greedy ep137 games=  96 dec= 18130 rows= 17349 horizon=0.26 L=0.00048 L/var=0.00 tgt=-0.093/0.412 pstd=0.395 gen=0.1s train=0.5s
[t= 100.2s] greedy ep138 games=  96 dec= 17758 rows= 17071 horizon=0.23 L=0.00064 L/var=0.00 tgt=-0.087/0.413 pstd=0.387 gen=0.1s train=0.5s
[t= 100.9s] greedy ep139 games=  96 dec= 18995 rows= 18206 horizon=0.36 L=0.00058 L/var=0.00 tgt=-0.088/0.398 pstd=0.389 gen=0.1s train=0.5s
[t= 101.7s] greedy ep140 games=  96 dec= 18262 rows= 17544 horizon=0.30 L=0.00046 L/var=0.00 tgt=-0.089/0.395 pstd=0.393 gen=0.1s train=0.5s
[t= 102.4s] greedy ep141 games=  96 dec= 18842 rows= 18025 horizon=0.29 L=0.00068 L/var=0.00 tgt=-0.054/0.383 pstd=0.392 gen=0.1s train=0.5s
[t= 103.2s] greedy ep142 games=  96 dec= 18683 rows= 17902 horizon=0.27 L=0.00067 L/var=0.00 tgt=-0.071/0.395 pstd=0.394 gen=0.1s train=0.5s
[t= 103.9s] greedy ep143 games=  96 dec= 18305 rows= 17550 horizon=0.29 L=0.00052 L/var=0.00 tgt=-0.040/0.379 pstd=0.391 gen=0.1s train=0.5s
[t= 104.6s] greedy ep144 games=  96 dec= 18099 rows= 17296 horizon=0.22 L=0.00050 L/var=0.00 tgt=-0.065/0.408 pstd=0.390 gen=0.1s train=0.5s
[t= 105.3s] greedy ep145 games=  96 dec= 18425 rows= 17718 horizon=0.29 L=0.00051 L/var=0.00 tgt=-0.061/0.367 pstd=0.391 gen=0.1s train=0.5s
[t= 106.0s] greedy ep146 games=  96 dec= 17807 rows= 17049 horizon=0.26 L=0.00048 L/var=0.00 tgt=-0.075/0.398 pstd=0.390 gen=0.1s train=0.5s
[t= 106.8s] greedy ep147 games=  96 dec= 18780 rows= 17959 horizon=0.33 L=0.00072 L/var=0.00 tgt=-0.048/0.388 pstd=0.393 gen=0.1s train=0.5s
[t= 107.5s] greedy ep148 games=  96 dec= 18264 rows= 17519 horizon=0.30 L=0.00081 L/var=0.00 tgt=-0.073/0.411 pstd=0.394 gen=0.1s train=0.5s
[t= 108.3s] greedy ep149 games=  96 dec= 18573 rows= 17775 horizon=0.31 L=0.00056 L/var=0.00 tgt=-0.057/0.404 pstd=0.392 gen=0.1s train=0.5s
[t= 109.0s] greedy ep150 games=  96 dec= 18706 rows= 17863 horizon=0.28 L=0.00043 L/var=0.00 tgt=-0.076/0.408 pstd=0.388 gen=0.1s train=0.5s
[t= 109.7s] greedy ep151 games=  96 dec= 18756 rows= 17995 horizon=0.36 L=0.00041 L/var=0.00 tgt=-0.080/0.400 pstd=0.392 gen=0.1s train=0.5s
[t= 110.5s] greedy ep152 games=  96 dec= 19514 rows= 18734 horizon=0.36 L=0.00038 L/var=0.00 tgt=-0.071/0.393 pstd=0.392 gen=0.1s train=0.5s
[t= 111.2s] greedy ep153 games=  96 dec= 18649 rows= 17892 horizon=0.33 L=0.00091 L/var=0.01 tgt=-0.084/0.403 pstd=0.391 gen=0.1s train=0.5s
[t= 112.0s] greedy ep154 games=  96 dec= 19354 rows= 18483 horizon=0.32 L=0.00053 L/var=0.00 tgt=-0.081/0.402 pstd=0.391 gen=0.1s train=0.5s
[t= 112.7s] greedy ep155 games=  96 dec= 17944 rows= 17191 horizon=0.25 L=0.00045 L/var=0.00 tgt=-0.059/0.382 pstd=0.393 gen=0.1s train=0.5s
[t= 113.4s] greedy ep156 games=  96 dec= 17976 rows= 17152 horizon=0.21 L=0.00047 L/var=0.00 tgt=-0.061/0.405 pstd=0.388 gen=0.1s train=0.5s
[t= 114.1s] greedy ep157 games=  96 dec= 17368 rows= 16647 horizon=0.20 L=0.00045 L/var=0.00 tgt=-0.100/0.424 pstd=0.389 gen=0.1s train=0.4s
[t= 114.9s] greedy ep158 games=  96 dec= 19134 rows= 18369 horizon=0.33 L=0.00043 L/var=0.00 tgt=-0.067/0.401 pstd=0.389 gen=0.1s train=0.5s
[t= 115.6s] greedy ep159 games=  96 dec= 18687 rows= 17865 horizon=0.25 L=0.00076 L/var=0.00 tgt=-0.058/0.404 pstd=0.394 gen=0.1s train=0.5s
[t= 116.3s] greedy ep160 games=  96 dec= 19087 rows= 18332 horizon=0.33 L=0.00049 L/var=0.00 tgt=-0.043/0.409 pstd=0.396 gen=0.1s train=0.5s
[t= 117.1s] greedy ep161 games=  96 dec= 18271 rows= 17508 horizon=0.26 L=0.00047 L/var=0.00 tgt=-0.092/0.408 pstd=0.392 gen=0.1s train=0.5s
[t= 117.9s] greedy ep162 games=  96 dec= 18957 rows= 18136 horizon=0.35 L=0.00050 L/var=0.00 tgt=-0.067/0.398 pstd=0.392 gen=0.1s train=0.5s
[t= 118.6s] greedy ep163 games=  96 dec= 19329 rows= 18496 horizon=0.39 L=0.00041 L/var=0.00 tgt=-0.059/0.385 pstd=0.391 gen=0.1s train=0.5s
[t= 119.3s] greedy ep164 games=  96 dec= 18683 rows= 17902 horizon=0.33 L=0.00052 L/var=0.00 tgt=-0.062/0.401 pstd=0.394 gen=0.1s train=0.5s
[t= 120.1s] greedy ep165 games=  96 dec= 18194 rows= 17393 horizon=0.25 L=0.00070 L/var=0.00 tgt=-0.080/0.404 pstd=0.391 gen=0.1s train=0.5s
[t= 120.8s] greedy ep166 games=  96 dec= 18226 rows= 17440 horizon=0.25 L=0.00057 L/var=0.00 tgt=-0.069/0.385 pstd=0.391 gen=0.1s train=0.5s
[t= 121.6s] greedy ep167 games=  96 dec= 18250 rows= 17416 horizon=0.23 L=0.00046 L/var=0.00 tgt=-0.080/0.419 pstd=0.395 gen=0.1s train=0.5s
[t= 122.3s] greedy ep168 games=  96 dec= 17832 rows= 17162 horizon=0.30 L=0.00041 L/var=0.00 tgt=-0.082/0.395 pstd=0.394 gen=0.1s train=0.5s
[t= 123.0s] greedy ep169 games=  96 dec= 18265 rows= 17512 horizon=0.28 L=0.00038 L/var=0.00 tgt=-0.060/0.388 pstd=0.389 gen=0.1s train=0.5s
[t= 123.7s] greedy ep170 games=  96 dec= 18535 rows= 17809 horizon=0.32 L=0.00039 L/var=0.00 tgt=-0.082/0.441 pstd=0.390 gen=0.1s train=0.5s
[t= 124.4s] greedy ep171 games=  96 dec= 18681 rows= 17918 horizon=0.34 L=0.00117 L/var=0.01 tgt=-0.056/0.398 pstd=0.391 gen=0.1s train=0.5s
[t= 125.1s] greedy ep172 games=  96 dec= 19139 rows= 18372 horizon=0.33 L=0.00050 L/var=0.00 tgt=-0.081/0.390 pstd=0.394 gen=0.1s train=0.4s
[t= 125.7s] greedy ep173 games=  96 dec= 18084 rows= 17272 horizon=0.25 L=0.00037 L/var=0.00 tgt=-0.069/0.401 pstd=0.399 gen=0.1s train=0.4s
[t= 126.3s] greedy ep174 games=  96 dec= 18780 rows= 17953 horizon=0.29 L=0.00036 L/var=0.00 tgt=-0.096/0.421 pstd=0.388 gen=0.1s train=0.4s
[t= 127.0s] greedy ep175 games=  96 dec= 18203 rows= 17456 horizon=0.27 L=0.00038 L/var=0.00 tgt=-0.072/0.417 pstd=0.392 gen=0.1s train=0.4s
[t= 127.6s] greedy ep176 games=  96 dec= 18609 rows= 17781 horizon=0.29 L=0.00043 L/var=0.00 tgt=-0.075/0.403 pstd=0.392 gen=0.1s train=0.4s
[t= 128.2s] greedy ep177 games=  96 dec= 17843 rows= 17052 horizon=0.28 L=0.00047 L/var=0.00 tgt=-0.066/0.396 pstd=0.389 gen=0.1s train=0.4s
[t= 128.8s] greedy ep178 games=  96 dec= 18053 rows= 17258 horizon=0.23 L=0.00052 L/var=0.00 tgt=-0.064/0.394 pstd=0.397 gen=0.1s train=0.4s
[t= 129.5s] greedy ep179 games=  96 dec= 17899 rows= 17155 horizon=0.26 L=0.00041 L/var=0.00 tgt=-0.096/0.411 pstd=0.391 gen=0.1s train=0.4s
[t= 130.1s] greedy ep180 games=  96 dec= 18344 rows= 17539 horizon=0.27 L=0.00050 L/var=0.00 tgt=-0.068/0.398 pstd=0.388 gen=0.1s train=0.4s
[t= 130.7s] greedy ep181 games=  96 dec= 19487 rows= 18628 horizon=0.31 L=0.00043 L/var=0.00 tgt=-0.079/0.393 pstd=0.391 gen=0.1s train=0.4s
[t= 131.4s] greedy ep182 games=  96 dec= 19581 rows= 18743 horizon=0.34 L=0.00031 L/var=0.00 tgt=-0.056/0.400 pstd=0.392 gen=0.1s train=0.4s
[t= 132.0s] greedy ep183 games=  96 dec= 18980 rows= 18170 horizon=0.35 L=0.00081 L/var=0.00 tgt=-0.071/0.414 pstd=0.387 gen=0.1s train=0.4s
[t= 132.7s] greedy ep184 games=  96 dec= 17880 rows= 17121 horizon=0.29 L=0.00043 L/var=0.00 tgt=-0.058/0.393 pstd=0.393 gen=0.1s train=0.4s
[t= 133.3s] greedy ep185 games=  96 dec= 18714 rows= 17979 horizon=0.36 L=0.00035 L/var=0.00 tgt=-0.069/0.408 pstd=0.392 gen=0.1s train=0.4s
[t= 134.0s] greedy ep186 games=  96 dec= 18926 rows= 18148 horizon=0.36 L=0.00033 L/var=0.00 tgt=-0.090/0.418 pstd=0.388 gen=0.1s train=0.4s
[t= 134.6s] greedy ep187 games=  96 dec= 19039 rows= 18250 horizon=0.34 L=0.00034 L/var=0.00 tgt=-0.073/0.399 pstd=0.388 gen=0.1s train=0.4s
[t= 135.3s] greedy ep188 games=  96 dec= 18807 rows= 18097 horizon=0.35 L=0.00063 L/var=0.00 tgt=-0.071/0.398 pstd=0.401 gen=0.1s train=0.4s
[t= 135.9s] greedy ep189 games=  96 dec= 18526 rows= 17715 horizon=0.27 L=0.00037 L/var=0.00 tgt=-0.073/0.378 pstd=0.392 gen=0.1s train=0.4s
[t= 136.5s] greedy ep190 games=  96 dec= 19300 rows= 18503 horizon=0.30 L=0.00027 L/var=0.00 tgt=-0.069/0.408 pstd=0.389 gen=0.1s train=0.4s
[t= 137.2s] greedy ep191 games=  96 dec= 18595 rows= 17867 horizon=0.30 L=0.00090 L/var=0.01 tgt=-0.052/0.368 pstd=0.391 gen=0.1s train=0.4s
[t= 137.8s] greedy ep192 games=  96 dec= 17815 rows= 17118 horizon=0.26 L=0.00078 L/var=0.00 tgt=-0.096/0.403 pstd=0.393 gen=0.1s train=0.4s
[t= 138.4s] greedy ep193 games=  96 dec= 18241 rows= 17519 horizon=0.27 L=0.00039 L/var=0.00 tgt=-0.070/0.392 pstd=0.392 gen=0.1s train=0.4s
[t= 139.1s] greedy ep194 games=  96 dec= 18375 rows= 17595 horizon=0.31 L=0.00029 L/var=0.00 tgt=-0.091/0.388 pstd=0.391 gen=0.1s train=0.4s
[t= 139.7s] greedy ep195 games=  96 dec= 18343 rows= 17542 horizon=0.25 L=0.00027 L/var=0.00 tgt=-0.061/0.389 pstd=0.394 gen=0.1s train=0.4s
[t= 140.3s] greedy ep196 games=  96 dec= 18699 rows= 17846 horizon=0.27 L=0.00031 L/var=0.00 tgt=-0.064/0.393 pstd=0.387 gen=0.1s train=0.4s
[t= 140.9s] greedy ep197 games=  96 dec= 18400 rows= 17624 horizon=0.22 L=0.00027 L/var=0.00 tgt=-0.058/0.381 pstd=0.394 gen=0.1s train=0.4s
[t= 141.6s] greedy ep198 games=  96 dec= 18763 rows= 17973 horizon=0.30 L=0.00070 L/var=0.00 tgt=-0.050/0.399 pstd=0.384 gen=0.1s train=0.4s
[t= 142.2s] greedy ep199 games=  96 dec= 17769 rows= 16975 horizon=0.21 L=0.00049 L/var=0.00 tgt=-0.055/0.399 pstd=0.393 gen=0.1s train=0.4s
[t= 142.9s] greedy ep200 games=  96 dec= 18099 rows= 17317 horizon=0.21 L=0.00030 L/var=0.00 tgt=-0.079/0.411 pstd=0.394 gen=0.1s train=0.4s
[t= 143.5s] greedy ep201 games=  96 dec= 19401 rows= 18629 horizon=0.35 L=0.00027 L/var=0.00 tgt=-0.085/0.388 pstd=0.391 gen=0.1s train=0.4s
[t= 144.1s] greedy ep202 games=  96 dec= 19269 rows= 18381 horizon=0.31 L=0.00032 L/var=0.00 tgt=-0.063/0.390 pstd=0.391 gen=0.1s train=0.4s
[t= 144.8s] greedy ep203 games=  96 dec= 18076 rows= 17302 horizon=0.24 L=0.00033 L/var=0.00 tgt=-0.081/0.394 pstd=0.394 gen=0.1s train=0.4s
[t= 145.4s] greedy ep204 games=  96 dec= 18394 rows= 17607 horizon=0.30 L=0.00034 L/var=0.00 tgt=-0.068/0.396 pstd=0.395 gen=0.1s train=0.4s
[t= 146.0s] greedy ep205 games=  96 dec= 18305 rows= 17526 horizon=0.26 L=0.00030 L/var=0.00 tgt=-0.080/0.419 pstd=0.393 gen=0.1s train=0.4s
[t= 146.7s] greedy ep206 games=  96 dec= 18763 rows= 17956 horizon=0.31 L=0.00037 L/var=0.00 tgt=-0.075/0.395 pstd=0.393 gen=0.1s train=0.4s
[t= 147.3s] greedy ep207 games=  96 dec= 16846 rows= 16080 horizon=0.20 L=0.00033 L/var=0.00 tgt=-0.094/0.436 pstd=0.397 gen=0.1s train=0.4s
[t= 147.9s] greedy ep208 games=  96 dec= 19273 rows= 18493 horizon=0.42 L=0.00047 L/var=0.00 tgt=-0.064/0.415 pstd=0.391 gen=0.1s train=0.4s
[t= 148.5s] greedy ep209 games=  96 dec= 18178 rows= 17433 horizon=0.29 L=0.00040 L/var=0.00 tgt=-0.060/0.388 pstd=0.394 gen=0.1s train=0.4s
[t= 149.2s] greedy ep210 games=  96 dec= 18645 rows= 17902 horizon=0.26 L=0.00025 L/var=0.00 tgt=-0.063/0.397 pstd=0.392 gen=0.1s train=0.4s
[t= 149.8s] greedy ep211 games=  96 dec= 18462 rows= 17542 horizon=0.28 L=0.00032 L/var=0.00 tgt=-0.060/0.390 pstd=0.394 gen=0.1s train=0.4s
[t= 150.4s] greedy ep212 games=  96 dec= 18386 rows= 17654 horizon=0.28 L=0.00028 L/var=0.00 tgt=-0.065/0.406 pstd=0.394 gen=0.1s train=0.4s
[t= 151.1s] greedy ep213 games=  96 dec= 18949 rows= 18154 horizon=0.31 L=0.00036 L/var=0.00 tgt=-0.065/0.388 pstd=0.392 gen=0.1s train=0.4s
[t= 151.7s] greedy ep214 games=  96 dec= 18514 rows= 17719 horizon=0.26 L=0.00070 L/var=0.00 tgt=-0.070/0.388 pstd=0.395 gen=0.1s train=0.4s
[t= 152.4s] greedy ep215 games=  96 dec= 18792 rows= 18037 horizon=0.34 L=0.00032 L/var=0.00 tgt=-0.099/0.409 pstd=0.393 gen=0.1s train=0.4s
[t= 153.0s] greedy ep216 games=  96 dec= 17946 rows= 17150 horizon=0.26 L=0.00024 L/var=0.00 tgt=-0.054/0.381 pstd=0.391 gen=0.1s train=0.4s
[t= 153.6s] greedy ep217 games=  96 dec= 17498 rows= 16838 horizon=0.28 L=0.00021 L/var=0.00 tgt=-0.058/0.390 pstd=0.393 gen=0.1s train=0.4s
[t= 154.2s] greedy ep218 games=  96 dec= 17952 rows= 17223 horizon=0.26 L=0.00031 L/var=0.00 tgt=-0.074/0.397 pstd=0.394 gen=0.1s train=0.4s
[t= 154.9s] greedy ep219 games=  96 dec= 19368 rows= 18591 horizon=0.38 L=0.00031 L/var=0.00 tgt=-0.064/0.372 pstd=0.395 gen=0.1s train=0.4s
[t= 155.5s] greedy ep220 games=  96 dec= 17976 rows= 17256 horizon=0.28 L=0.00024 L/var=0.00 tgt=-0.075/0.416 pstd=0.398 gen=0.1s train=0.4s
[t= 156.1s] greedy ep221 games=  96 dec= 17686 rows= 16924 horizon=0.27 L=0.00056 L/var=0.00 tgt=-0.069/0.384 pstd=0.389 gen=0.1s train=0.4s
[t= 156.8s] greedy ep222 games=  96 dec= 18382 rows= 17598 horizon=0.26 L=0.00034 L/var=0.00 tgt=-0.075/0.390 pstd=0.389 gen=0.1s train=0.4s
[t= 157.4s] greedy ep223 games=  96 dec= 18096 rows= 17390 horizon=0.26 L=0.00031 L/var=0.00 tgt=-0.066/0.394 pstd=0.389 gen=0.1s train=0.4s
[t= 158.0s] greedy ep224 games=  96 dec= 19163 rows= 18302 horizon=0.29 L=0.00025 L/var=0.00 tgt=-0.090/0.415 pstd=0.389 gen=0.1s train=0.4s
[t= 158.6s] greedy ep225 games=  96 dec= 18415 rows= 17705 horizon=0.32 L=0.00031 L/var=0.00 tgt=-0.060/0.408 pstd=0.389 gen=0.1s train=0.4s
[t= 159.3s] greedy ep226 games=  96 dec= 18477 rows= 17640 horizon=0.29 L=0.00037 L/var=0.00 tgt=-0.054/0.403 pstd=0.395 gen=0.1s train=0.4s
[t= 159.9s] greedy ep227 games=  96 dec= 18652 rows= 17859 horizon=0.34 L=0.00030 L/var=0.00 tgt=-0.072/0.416 pstd=0.392 gen=0.1s train=0.4s
[t= 160.5s] greedy ep228 games=  96 dec= 18021 rows= 17273 horizon=0.27 L=0.00030 L/var=0.00 tgt=-0.076/0.385 pstd=0.395 gen=0.1s train=0.4s
[t= 161.1s] greedy ep229 games=  96 dec= 18549 rows= 17770 horizon=0.29 L=0.00024 L/var=0.00 tgt=-0.082/0.411 pstd=0.393 gen=0.1s train=0.4s
[t= 161.8s] greedy ep230 games=  96 dec= 19141 rows= 18308 horizon=0.33 L=0.00023 L/var=0.00 tgt=-0.067/0.397 pstd=0.388 gen=0.1s train=0.4s
[t= 162.4s] greedy ep231 games=  96 dec= 18527 rows= 17619 horizon=0.27 L=0.00043 L/var=0.00 tgt=-0.060/0.413 pstd=0.391 gen=0.1s train=0.4s
[t= 163.0s] greedy ep232 games=  96 dec= 17714 rows= 16837 horizon=0.20 L=0.00040 L/var=0.00 tgt=-0.070/0.407 pstd=0.394 gen=0.1s train=0.4s
[t= 163.6s] greedy ep233 games=  96 dec= 18674 rows= 17880 horizon=0.35 L=0.00024 L/var=0.00 tgt=-0.062/0.401 pstd=0.393 gen=0.1s train=0.4s
[t= 164.2s] greedy ep234 games=  96 dec= 18391 rows= 17655 horizon=0.31 L=0.00023 L/var=0.00 tgt=-0.072/0.411 pstd=0.388 gen=0.1s train=0.4s
[t= 164.9s] greedy ep235 games=  96 dec= 19394 rows= 18616 horizon=0.34 L=0.00024 L/var=0.00 tgt=-0.066/0.388 pstd=0.396 gen=0.1s train=0.4s
[t= 165.5s] greedy ep236 games=  96 dec= 19038 rows= 18211 horizon=0.32 L=0.00023 L/var=0.00 tgt=-0.058/0.383 pstd=0.392 gen=0.1s train=0.4s
[t= 166.2s] greedy ep237 games=  96 dec= 18922 rows= 18125 horizon=0.33 L=0.00029 L/var=0.00 tgt=-0.088/0.408 pstd=0.389 gen=0.1s train=0.4s
[t= 166.8s] greedy ep238 games=  96 dec= 18876 rows= 18057 horizon=0.33 L=0.00025 L/var=0.00 tgt=-0.102/0.407 pstd=0.393 gen=0.1s train=0.4s
[t= 167.4s] greedy ep239 games=  96 dec= 17188 rows= 16394 horizon=0.17 L=0.00034 L/var=0.00 tgt=-0.084/0.424 pstd=0.393 gen=0.1s train=0.4s
[t= 168.0s] greedy ep240 games=  96 dec= 17419 rows= 16701 horizon=0.23 L=0.00028 L/var=0.00 tgt=-0.094/0.405 pstd=0.393 gen=0.1s train=0.4s
[t= 168.6s] greedy ep241 games=  96 dec= 18485 rows= 17642 horizon=0.33 L=0.00021 L/var=0.00 tgt=-0.080/0.453 pstd=0.392 gen=0.1s train=0.4s
[t= 169.2s] greedy ep242 games=  96 dec= 17475 rows= 16653 horizon=0.24 L=0.00034 L/var=0.00 tgt=-0.096/0.403 pstd=0.392 gen=0.1s train=0.4s
[t= 169.8s] greedy ep243 games=  96 dec= 18678 rows= 17868 horizon=0.30 L=0.00038 L/var=0.00 tgt=-0.095/0.397 pstd=0.393 gen=0.1s train=0.4s
[t= 170.5s] greedy ep244 games=  96 dec= 19023 rows= 18252 horizon=0.31 L=0.00020 L/var=0.00 tgt=-0.074/0.389 pstd=0.392 gen=0.1s train=0.4s
[t= 171.2s] greedy ep245 games=  96 dec= 18759 rows= 17955 horizon=0.29 L=0.00018 L/var=0.00 tgt=-0.069/0.383 pstd=0.391 gen=0.1s train=0.4s
[t= 171.7s] greedy ep246 games=  96 dec= 17255 rows= 16598 horizon=0.24 L=0.00024 L/var=0.00 tgt=-0.078/0.405 pstd=0.391 gen=0.1s train=0.4s
[t= 172.4s] greedy ep247 games=  96 dec= 19005 rows= 18166 horizon=0.32 L=0.00028 L/var=0.00 tgt=-0.084/0.404 pstd=0.395 gen=0.1s train=0.4s
[t= 173.0s] greedy ep248 games=  96 dec= 17091 rows= 16380 horizon=0.23 L=0.00034 L/var=0.00 tgt=-0.072/0.405 pstd=0.389 gen=0.1s train=0.4s
[t= 173.6s] greedy ep249 games=  96 dec= 18065 rows= 17269 horizon=0.29 L=0.00024 L/var=0.00 tgt=-0.060/0.387 pstd=0.391 gen=0.1s train=0.4s
[t= 174.2s] greedy ep250 games=  96 dec= 18790 rows= 17962 horizon=0.33 L=0.00023 L/var=0.00 tgt=-0.106/0.416 pstd=0.395 gen=0.1s train=0.4s
[t= 174.9s] greedy ep251 games=  96 dec= 18893 rows= 18047 horizon=0.31 L=0.00030 L/var=0.00 tgt=-0.075/0.379 pstd=0.395 gen=0.1s train=0.4s
[t= 175.5s] greedy ep252 games=  96 dec= 18898 rows= 18101 horizon=0.33 L=0.00017 L/var=0.00 tgt=-0.072/0.400 pstd=0.394 gen=0.1s train=0.4s
[t= 176.2s] greedy ep253 games=  96 dec= 17806 rows= 17010 horizon=0.21 L=0.00025 L/var=0.00 tgt=-0.081/0.410 pstd=0.393 gen=0.1s train=0.4s
[t= 176.8s] greedy ep254 games=  96 dec= 18065 rows= 17292 horizon=0.26 L=0.00021 L/var=0.00 tgt=-0.063/0.385 pstd=0.395 gen=0.1s train=0.4s
[t= 177.4s] greedy ep255 games=  96 dec= 18331 rows= 17565 horizon=0.31 L=0.00063 L/var=0.00 tgt=-0.082/0.408 pstd=0.394 gen=0.1s train=0.4s
[t= 178.0s] greedy ep256 games=  96 dec= 18288 rows= 17561 horizon=0.33 L=0.00024 L/var=0.00 tgt=-0.086/0.415 pstd=0.394 gen=0.1s train=0.4s
[t= 178.7s] greedy ep257 games=  96 dec= 18579 rows= 17783 horizon=0.35 L=0.00020 L/var=0.00 tgt=-0.073/0.409 pstd=0.391 gen=0.1s train=0.4s
[t= 179.3s] greedy ep258 games=  96 dec= 18191 rows= 17404 horizon=0.27 L=0.00019 L/var=0.00 tgt=-0.078/0.411 pstd=0.391 gen=0.1s train=0.4s
[t= 179.9s] greedy ep259 games=  96 dec= 17620 rows= 16859 horizon=0.24 L=0.00018 L/var=0.00 tgt=-0.065/0.396 pstd=0.390 gen=0.1s train=0.4s
[t= 180.5s] greedy ep260 games=  96 dec= 18246 rows= 17406 horizon=0.25 L=0.00021 L/var=0.00 tgt=-0.071/0.399 pstd=0.398 gen=0.1s train=0.4s
[t= 181.1s] greedy ep261 games=  96 dec= 18642 rows= 17836 horizon=0.30 L=0.00052 L/var=0.00 tgt=-0.058/0.397 pstd=0.398 gen=0.1s train=0.4s
[t= 181.7s] greedy ep262 games=  96 dec= 17750 rows= 17010 horizon=0.26 L=0.00031 L/var=0.00 tgt=-0.081/0.407 pstd=0.397 gen=0.1s train=0.4s
[t= 182.4s] greedy ep263 games=  96 dec= 18911 rows= 18084 horizon=0.32 L=0.00025 L/var=0.00 tgt=-0.084/0.390 pstd=0.391 gen=0.1s train=0.4s
[t= 183.1s] greedy ep264 games=  96 dec= 18850 rows= 18036 horizon=0.34 L=0.00015 L/var=0.00 tgt=-0.076/0.391 pstd=0.390 gen=0.1s train=0.4s
[t= 183.7s] greedy ep265 games=  96 dec= 18337 rows= 17535 horizon=0.25 L=0.00046 L/var=0.00 tgt=-0.071/0.397 pstd=0.391 gen=0.1s train=0.4s
[t= 184.3s] greedy ep266 games=  96 dec= 19113 rows= 18345 horizon=0.35 L=0.00022 L/var=0.00 tgt=-0.091/0.416 pstd=0.395 gen=0.1s train=0.4s
[t= 185.0s] greedy ep267 games=  96 dec= 17967 rows= 17274 horizon=0.29 L=0.00016 L/var=0.00 tgt=-0.077/0.404 pstd=0.393 gen=0.1s train=0.4s
[t= 185.6s] greedy ep268 games=  96 dec= 18711 rows= 17974 horizon=0.33 L=0.00017 L/var=0.00 tgt=-0.051/0.384 pstd=0.391 gen=0.1s train=0.4s
[t= 186.2s] greedy ep269 games=  96 dec= 18476 rows= 17630 horizon=0.28 L=0.00023 L/var=0.00 tgt=-0.052/0.403 pstd=0.392 gen=0.1s train=0.4s
[t= 186.9s] greedy ep270 games=  96 dec= 18663 rows= 17870 horizon=0.27 L=0.00020 L/var=0.00 tgt=-0.089/0.380 pstd=0.393 gen=0.1s train=0.4s
[t= 187.5s] greedy ep271 games=  96 dec= 18415 rows= 17684 horizon=0.33 L=0.00024 L/var=0.00 tgt=-0.078/0.401 pstd=0.389 gen=0.1s train=0.4s
[t= 188.1s] greedy ep272 games=  96 dec= 19191 rows= 18415 horizon=0.36 L=0.00020 L/var=0.00 tgt=-0.080/0.426 pstd=0.391 gen=0.1s train=0.4s
[t= 188.7s] greedy ep273 games=  96 dec= 17681 rows= 16895 horizon=0.21 L=0.00017 L/var=0.00 tgt=-0.084/0.390 pstd=0.394 gen=0.1s train=0.4s
[t= 189.4s] greedy ep274 games=  96 dec= 18921 rows= 18114 horizon=0.34 L=0.00030 L/var=0.00 tgt=-0.102/0.410 pstd=0.391 gen=0.1s train=0.4s
[t= 190.0s] greedy ep275 games=  96 dec= 18307 rows= 17627 horizon=0.33 L=0.00018 L/var=0.00 tgt=-0.078/0.402 pstd=0.393 gen=0.1s train=0.4s
[t= 190.6s] greedy ep276 games=  96 dec= 17876 rows= 17086 horizon=0.21 L=0.00017 L/var=0.00 tgt=-0.080/0.405 pstd=0.391 gen=0.1s train=0.4s
[t= 191.3s] greedy ep277 games=  96 dec= 19460 rows= 18556 horizon=0.35 L=0.00025 L/var=0.00 tgt=-0.067/0.367 pstd=0.393 gen=0.1s train=0.4s
[t= 191.9s] greedy ep278 games=  96 dec= 18698 rows= 17871 horizon=0.29 L=0.00018 L/var=0.00 tgt=-0.070/0.406 pstd=0.391 gen=0.1s train=0.4s
[t= 192.5s] greedy ep279 games=  96 dec= 17687 rows= 16935 horizon=0.23 L=0.00025 L/var=0.00 tgt=-0.103/0.440 pstd=0.390 gen=0.1s train=0.4s
[t= 193.2s] greedy ep280 games=  96 dec= 18749 rows= 17966 horizon=0.31 L=0.00019 L/var=0.00 tgt=-0.069/0.396 pstd=0.392 gen=0.1s train=0.4s
[t= 193.8s] greedy ep281 games=  96 dec= 19248 rows= 18434 horizon=0.40 L=0.00032 L/var=0.00 tgt=-0.061/0.386 pstd=0.394 gen=0.1s train=0.4s
[t= 194.5s] greedy ep282 games=  96 dec= 18189 rows= 17424 horizon=0.26 L=0.00022 L/var=0.00 tgt=-0.079/0.390 pstd=0.393 gen=0.1s train=0.4s
[t= 195.1s] greedy ep283 games=  96 dec= 17317 rows= 16572 horizon=0.19 L=0.00018 L/var=0.00 tgt=-0.090/0.416 pstd=0.394 gen=0.1s train=0.4s
[t= 195.7s] greedy ep284 games=  96 dec= 17890 rows= 17175 horizon=0.26 L=0.00017 L/var=0.00 tgt=-0.082/0.407 pstd=0.393 gen=0.1s train=0.4s
[t= 196.3s] greedy ep285 games=  96 dec= 17932 rows= 17090 horizon=0.18 L=0.00027 L/var=0.00 tgt=-0.100/0.404 pstd=0.394 gen=0.1s train=0.4s
[t= 196.9s] greedy ep286 games=  96 dec= 18097 rows= 17240 horizon=0.27 L=0.00018 L/var=0.00 tgt=-0.081/0.392 pstd=0.392 gen=0.1s train=0.4s
[t= 197.6s] greedy ep287 games=  96 dec= 19456 rows= 18660 horizon=0.39 L=0.00017 L/var=0.00 tgt=-0.075/0.398 pstd=0.393 gen=0.1s train=0.4s
[t= 198.2s] greedy ep288 games=  96 dec= 17718 rows= 16878 horizon=0.21 L=0.00034 L/var=0.00 tgt=-0.044/0.393 pstd=0.393 gen=0.1s train=0.4s
[t= 198.8s] greedy ep289 games=  96 dec= 18086 rows= 17378 horizon=0.29 L=0.00020 L/var=0.00 tgt=-0.074/0.407 pstd=0.391 gen=0.1s train=0.4s
[t= 199.5s] greedy ep290 games=  96 dec= 17860 rows= 17125 horizon=0.26 L=0.00014 L/var=0.00 tgt=-0.081/0.418 pstd=0.397 gen=0.1s train=0.4s
[t= 200.1s] greedy ep291 games=  96 dec= 18322 rows= 17523 horizon=0.30 L=0.00015 L/var=0.00 tgt=-0.058/0.390 pstd=0.398 gen=0.1s train=0.4s
[t= 200.8s] greedy ep292 games=  96 dec= 18659 rows= 18001 horizon=0.38 L=0.00053 L/var=0.00 tgt=-0.099/0.432 pstd=0.394 gen=0.1s train=0.4s
[t= 201.4s] greedy ep293 games=  96 dec= 18892 rows= 18020 horizon=0.33 L=0.00029 L/var=0.00 tgt=-0.057/0.378 pstd=0.389 gen=0.1s train=0.4s
[t= 202.0s] greedy ep294 games=  96 dec= 17676 rows= 16850 horizon=0.25 L=0.00025 L/var=0.00 tgt=-0.067/0.392 pstd=0.390 gen=0.1s train=0.4s
[t= 202.6s] greedy ep295 games=  96 dec= 17626 rows= 16870 horizon=0.23 L=0.00014 L/var=0.00 tgt=-0.068/0.402 pstd=0.390 gen=0.1s train=0.4s
[t= 203.3s] greedy ep296 games=  96 dec= 18062 rows= 17301 horizon=0.27 L=0.00011 L/var=0.00 tgt=-0.083/0.402 pstd=0.392 gen=0.1s train=0.4s
[t= 203.9s] greedy ep297 games=  96 dec= 18381 rows= 17563 horizon=0.25 L=0.00010 L/var=0.00 tgt=-0.068/0.380 pstd=0.391 gen=0.1s train=0.4s
[t= 204.6s] greedy ep298 games=  96 dec= 18443 rows= 17630 horizon=0.32 L=0.00028 L/var=0.00 tgt=-0.069/0.398 pstd=0.393 gen=0.1s train=0.4s
[t= 205.3s] greedy ep299 games=  96 dec= 18880 rows= 18048 horizon=0.33 L=0.00025 L/var=0.00 tgt=-0.069/0.419 pstd=0.390 gen=0.1s train=0.5s
[t= 206.0s] greedy ep300 games=  96 dec= 17665 rows= 16906 horizon=0.23 L=0.00015 L/var=0.00 tgt=-0.087/0.407 pstd=0.396 gen=0.1s train=0.5s
[t= 206.6s] greedy ep301 games=  96 dec= 17213 rows= 16387 horizon=0.20 L=0.00016 L/var=0.00 tgt=-0.099/0.444 pstd=0.393 gen=0.1s train=0.4s
[t= 207.3s] greedy ep302 games=  96 dec= 18057 rows= 17273 horizon=0.28 L=0.00017 L/var=0.00 tgt=-0.096/0.370 pstd=0.391 gen=0.1s train=0.5s
[t= 208.0s] greedy ep303 games=  96 dec= 18472 rows= 17674 horizon=0.27 L=0.00013 L/var=0.00 tgt=-0.067/0.387 pstd=0.393 gen=0.1s train=0.5s
[t= 208.7s] greedy ep304 games=  96 dec= 18765 rows= 17911 horizon=0.28 L=0.00021 L/var=0.00 tgt=-0.079/0.402 pstd=0.394 gen=0.1s train=0.5s
[t= 209.4s] greedy ep305 games=  96 dec= 18920 rows= 18063 horizon=0.30 L=0.00022 L/var=0.00 tgt=-0.080/0.411 pstd=0.392 gen=0.1s train=0.5s
[t= 210.1s] greedy ep306 games=  96 dec= 17774 rows= 17037 horizon=0.28 L=0.00023 L/var=0.00 tgt=-0.069/0.396 pstd=0.391 gen=0.1s train=0.5s
[t= 210.8s] greedy ep307 games=  96 dec= 18984 rows= 18227 horizon=0.30 L=0.00017 L/var=0.00 tgt=-0.070/0.396 pstd=0.387 gen=0.1s train=0.5s
[t= 211.6s] greedy ep308 games=  96 dec= 17980 rows= 17203 horizon=0.27 L=0.00016 L/var=0.00 tgt=-0.059/0.416 pstd=0.391 gen=0.1s train=0.5s
[t= 212.3s] greedy ep309 games=  96 dec= 17823 rows= 17014 horizon=0.24 L=0.00015 L/var=0.00 tgt=-0.072/0.376 pstd=0.395 gen=0.1s train=0.5s
[t= 213.1s] greedy ep310 games=  96 dec= 17653 rows= 16923 horizon=0.24 L=0.00015 L/var=0.00 tgt=-0.064/0.388 pstd=0.390 gen=0.1s train=0.4s
[t= 213.7s] greedy ep311 games=  96 dec= 18583 rows= 17799 horizon=0.32 L=0.00016 L/var=0.00 tgt=-0.053/0.393 pstd=0.393 gen=0.1s train=0.4s
[t= 214.3s] greedy ep312 games=  96 dec= 17339 rows= 16557 horizon=0.25 L=0.00034 L/var=0.00 tgt=-0.063/0.407 pstd=0.391 gen=0.1s train=0.4s
[t= 215.0s] greedy ep313 games=  96 dec= 19183 rows= 18295 horizon=0.31 L=0.00046 L/var=0.00 tgt=-0.071/0.392 pstd=0.397 gen=0.1s train=0.4s
[t= 215.6s] greedy ep314 games=  96 dec= 18273 rows= 17523 horizon=0.25 L=0.00020 L/var=0.00 tgt=-0.099/0.423 pstd=0.393 gen=0.1s train=0.4s
[t= 216.3s] greedy ep315 games=  96 dec= 19164 rows= 18350 horizon=0.39 L=0.00015 L/var=0.00 tgt=-0.084/0.426 pstd=0.392 gen=0.1s train=0.4s
[t= 216.9s] greedy ep316 games=  96 dec= 18059 rows= 17362 horizon=0.28 L=0.00010 L/var=0.00 tgt=-0.065/0.405 pstd=0.394 gen=0.1s train=0.4s
[t= 217.5s] greedy ep317 games=  96 dec= 18294 rows= 17503 horizon=0.27 L=0.00011 L/var=0.00 tgt=-0.064/0.411 pstd=0.393 gen=0.1s train=0.4s
[t= 218.2s] greedy ep318 games=  96 dec= 18946 rows= 18170 horizon=0.26 L=0.00009 L/var=0.00 tgt=-0.054/0.402 pstd=0.392 gen=0.1s train=0.4s
[t= 218.9s] greedy ep319 games=  96 dec= 18853 rows= 18071 horizon=0.30 L=0.00023 L/var=0.00 tgt=-0.051/0.386 pstd=0.391 gen=0.1s train=0.4s
[t= 219.5s] greedy ep320 games=  96 dec= 18675 rows= 17899 horizon=0.34 L=0.00015 L/var=0.00 tgt=-0.071/0.401 pstd=0.394 gen=0.1s train=0.4s
[t= 220.1s] greedy ep321 games=  96 dec= 18684 rows= 17954 horizon=0.33 L=0.00009 L/var=0.00 tgt=-0.088/0.408 pstd=0.394 gen=0.1s train=0.4s
[t= 220.8s] greedy ep322 games=  96 dec= 17956 rows= 17155 horizon=0.22 L=0.00027 L/var=0.00 tgt=-0.061/0.403 pstd=0.393 gen=0.1s train=0.4s
[t= 221.4s] greedy ep323 games=  96 dec= 18463 rows= 17696 horizon=0.33 L=0.00019 L/var=0.00 tgt=-0.068/0.419 pstd=0.390 gen=0.1s train=0.4s
[t= 222.0s] greedy ep324 games=  96 dec= 17979 rows= 17183 horizon=0.27 L=0.00014 L/var=0.00 tgt=-0.071/0.372 pstd=0.393 gen=0.1s train=0.4s
[t= 222.7s] greedy ep325 games=  96 dec= 18502 rows= 17753 horizon=0.28 L=0.00011 L/var=0.00 tgt=-0.062/0.415 pstd=0.396 gen=0.1s train=0.4s
[t= 223.3s] greedy ep326 games=  96 dec= 18799 rows= 17939 horizon=0.31 L=0.00010 L/var=0.00 tgt=-0.066/0.407 pstd=0.392 gen=0.1s train=0.4s
[t= 224.0s] greedy ep327 games=  96 dec= 18593 rows= 17675 horizon=0.25 L=0.00021 L/var=0.00 tgt=-0.079/0.406 pstd=0.392 gen=0.1s train=0.4s
[t= 224.6s] greedy ep328 games=  96 dec= 18833 rows= 17945 horizon=0.30 L=0.00014 L/var=0.00 tgt=-0.076/0.392 pstd=0.395 gen=0.1s train=0.4s
[t= 225.2s] greedy ep329 games=  96 dec= 17863 rows= 17140 horizon=0.28 L=0.00012 L/var=0.00 tgt=-0.076/0.382 pstd=0.390 gen=0.1s train=0.4s
[t= 225.9s] greedy ep330 games=  96 dec= 17917 rows= 17202 horizon=0.22 L=0.00055 L/var=0.00 tgt=-0.078/0.379 pstd=0.395 gen=0.1s train=0.4s
[t= 226.5s] greedy ep331 games=  96 dec= 19048 rows= 18299 horizon=0.30 L=0.00018 L/var=0.00 tgt=-0.065/0.407 pstd=0.395 gen=0.1s train=0.4s
[t= 227.2s] greedy ep332 games=  96 dec= 19421 rows= 18605 horizon=0.41 L=0.00011 L/var=0.00 tgt=-0.081/0.407 pstd=0.398 gen=0.1s train=0.4s
[t= 227.9s] greedy ep333 games=  96 dec= 18794 rows= 18006 horizon=0.29 L=0.00013 L/var=0.00 tgt=-0.083/0.395 pstd=0.389 gen=0.1s train=0.4s
[t= 228.5s] greedy ep334 games=  96 dec= 18745 rows= 17964 horizon=0.32 L=0.00014 L/var=0.00 tgt=-0.050/0.414 pstd=0.393 gen=0.1s train=0.4s
[t= 229.2s] greedy ep335 games=  96 dec= 18224 rows= 17513 horizon=0.28 L=0.00008 L/var=0.00 tgt=-0.065/0.401 pstd=0.391 gen=0.1s train=0.4s
[t= 229.8s] greedy ep336 games=  96 dec= 18089 rows= 17361 horizon=0.29 L=0.00037 L/var=0.00 tgt=-0.083/0.383 pstd=0.391 gen=0.1s train=0.4s
[t= 230.4s] greedy ep337 games=  96 dec= 18070 rows= 17224 horizon=0.23 L=0.00024 L/var=0.00 tgt=-0.064/0.395 pstd=0.397 gen=0.1s train=0.4s
[t= 231.0s] greedy ep338 games=  96 dec= 17719 rows= 16938 horizon=0.21 L=0.00012 L/var=0.00 tgt=-0.083/0.412 pstd=0.390 gen=0.1s train=0.4s
[t= 231.7s] greedy ep339 games=  96 dec= 18859 rows= 18081 horizon=0.34 L=0.00011 L/var=0.00 tgt=-0.085/0.416 pstd=0.392 gen=0.1s train=0.4s
[t= 232.3s] greedy ep340 games=  96 dec= 18567 rows= 17767 horizon=0.29 L=0.00010 L/var=0.00 tgt=-0.059/0.386 pstd=0.394 gen=0.1s train=0.4s
[t= 232.9s] greedy ep341 games=  96 dec= 18208 rows= 17504 horizon=0.29 L=0.00009 L/var=0.00 tgt=-0.104/0.415 pstd=0.390 gen=0.1s train=0.4s
[t= 233.5s] greedy ep342 games=  96 dec= 18150 rows= 17456 horizon=0.29 L=0.00007 L/var=0.00 tgt=-0.063/0.404 pstd=0.395 gen=0.1s train=0.4s
[t= 234.2s] greedy ep343 games=  96 dec= 18854 rows= 18135 horizon=0.30 L=0.00022 L/var=0.00 tgt=-0.072/0.406 pstd=0.388 gen=0.1s train=0.4s
[t= 234.8s] greedy ep344 games=  96 dec= 17494 rows= 16776 horizon=0.24 L=0.00025 L/var=0.00 tgt=-0.105/0.435 pstd=0.391 gen=0.1s train=0.4s
[t= 235.4s] greedy ep345 games=  96 dec= 19433 rows= 18651 horizon=0.36 L=0.00019 L/var=0.00 tgt=-0.101/0.411 pstd=0.391 gen=0.1s train=0.4s
[t= 236.1s] greedy ep346 games=  96 dec= 17823 rows= 17051 horizon=0.29 L=0.00012 L/var=0.00 tgt=-0.069/0.404 pstd=0.390 gen=0.1s train=0.4s
[t= 236.7s] greedy ep347 games=  96 dec= 18564 rows= 17742 horizon=0.30 L=0.00010 L/var=0.00 tgt=-0.088/0.433 pstd=0.391 gen=0.1s train=0.4s
[t= 237.3s] greedy ep348 games=  96 dec= 18245 rows= 17521 horizon=0.29 L=0.00010 L/var=0.00 tgt=-0.082/0.405 pstd=0.394 gen=0.1s train=0.4s
[t= 238.0s] greedy ep349 games=  96 dec= 19112 rows= 18344 horizon=0.31 L=0.00025 L/var=0.00 tgt=-0.070/0.397 pstd=0.391 gen=0.1s train=0.4s
[t= 238.6s] greedy ep350 games=  96 dec= 18516 rows= 17848 horizon=0.31 L=0.00022 L/var=0.00 tgt=-0.062/0.408 pstd=0.394 gen=0.1s train=0.4s
[t= 239.2s] greedy ep351 games=  96 dec= 17948 rows= 17243 horizon=0.28 L=0.00010 L/var=0.00 tgt=-0.079/0.409 pstd=0.391 gen=0.1s train=0.4s
[t= 239.8s] greedy ep352 games=  96 dec= 18477 rows= 17743 horizon=0.29 L=0.00009 L/var=0.00 tgt=-0.067/0.378 pstd=0.394 gen=0.1s train=0.4s
[t= 240.4s] greedy ep353 games=  96 dec= 18129 rows= 17317 horizon=0.28 L=0.00007 L/var=0.00 tgt=-0.078/0.427 pstd=0.391 gen=0.1s train=0.4s
[t= 241.0s] greedy ep354 games=  96 dec= 18145 rows= 17391 horizon=0.29 L=0.00015 L/var=0.00 tgt=-0.098/0.427 pstd=0.397 gen=0.1s train=0.4s
[t= 241.7s] greedy ep355 games=  96 dec= 19174 rows= 18396 horizon=0.35 L=0.00025 L/var=0.00 tgt=-0.089/0.435 pstd=0.395 gen=0.1s train=0.4s
[t= 242.3s] greedy ep356 games=  96 dec= 17628 rows= 16879 horizon=0.22 L=0.00014 L/var=0.00 tgt=-0.091/0.417 pstd=0.394 gen=0.1s train=0.4s
[t= 242.9s] greedy ep357 games=  96 dec= 18292 rows= 17458 horizon=0.28 L=0.00013 L/var=0.00 tgt=-0.061/0.397 pstd=0.393 gen=0.1s train=0.4s
[t= 243.5s] greedy ep358 games=  96 dec= 17705 rows= 16980 horizon=0.22 L=0.00015 L/var=0.00 tgt=-0.060/0.415 pstd=0.393 gen=0.1s train=0.4s
[t= 244.2s] greedy ep359 games=  96 dec= 17753 rows= 16946 horizon=0.22 L=0.00012 L/var=0.00 tgt=-0.073/0.421 pstd=0.394 gen=0.1s train=0.4s
[t= 244.8s] greedy ep360 games=  96 dec= 17360 rows= 16588 horizon=0.22 L=0.00007 L/var=0.00 tgt=-0.089/0.402 pstd=0.394 gen=0.1s train=0.4s
[t= 245.4s] greedy ep361 games=  96 dec= 18083 rows= 17331 horizon=0.29 L=0.00007 L/var=0.00 tgt=-0.087/0.415 pstd=0.394 gen=0.1s train=0.4s
[t= 246.0s] greedy ep362 games=  96 dec= 18592 rows= 17769 horizon=0.20 L=0.00007 L/var=0.00 tgt=-0.090/0.405 pstd=0.394 gen=0.1s train=0.4s
[t= 246.6s] greedy ep363 games=  96 dec= 17865 rows= 17109 horizon=0.18 L=0.00056 L/var=0.00 tgt=-0.071/0.398 pstd=0.390 gen=0.1s train=0.4s
[t= 247.2s] greedy ep364 games=  96 dec= 18647 rows= 17823 horizon=0.31 L=0.00029 L/var=0.00 tgt=-0.080/0.407 pstd=0.397 gen=0.1s train=0.4s
[t= 247.9s] greedy ep365 games=  96 dec= 18671 rows= 17859 horizon=0.28 L=0.00010 L/var=0.00 tgt=-0.082/0.396 pstd=0.390 gen=0.1s train=0.4s
[t= 248.5s] greedy ep366 games=  96 dec= 18873 rows= 18140 horizon=0.32 L=0.00007 L/var=0.00 tgt=-0.070/0.406 pstd=0.393 gen=0.1s train=0.4s
[t= 249.2s] greedy ep367 games=  96 dec= 18622 rows= 17895 horizon=0.29 L=0.00006 L/var=0.00 tgt=-0.074/0.431 pstd=0.394 gen=0.1s train=0.4s
[t= 249.8s] greedy ep368 games=  96 dec= 17915 rows= 17116 horizon=0.26 L=0.00007 L/var=0.00 tgt=-0.076/0.406 pstd=0.390 gen=0.1s train=0.4s
[t= 250.5s] greedy ep369 games=  96 dec= 18958 rows= 18188 horizon=0.36 L=0.00007 L/var=0.00 tgt=-0.068/0.401 pstd=0.392 gen=0.1s train=0.4s
[t= 251.1s] greedy ep370 games=  96 dec= 18740 rows= 17982 horizon=0.34 L=0.00021 L/var=0.00 tgt=-0.062/0.397 pstd=0.396 gen=0.1s train=0.4s
[t= 251.7s] greedy ep371 games=  96 dec= 18730 rows= 17930 horizon=0.32 L=0.00010 L/var=0.00 tgt=-0.070/0.396 pstd=0.395 gen=0.1s train=0.4s
[t= 252.4s] greedy ep372 games=  96 dec= 18305 rows= 17536 horizon=0.28 L=0.00007 L/var=0.00 tgt=-0.080/0.403 pstd=0.393 gen=0.1s train=0.4s
[t= 253.0s] greedy ep373 games=  96 dec= 18752 rows= 17976 horizon=0.35 L=0.00008 L/var=0.00 tgt=-0.070/0.391 pstd=0.393 gen=0.1s train=0.4s
[t= 253.6s] greedy ep374 games=  96 dec= 18772 rows= 17932 horizon=0.26 L=0.00013 L/var=0.00 tgt=-0.080/0.382 pstd=0.395 gen=0.1s train=0.4s
[t= 254.3s] greedy ep375 games=  96 dec= 18531 rows= 17777 horizon=0.26 L=0.00013 L/var=0.00 tgt=-0.073/0.379 pstd=0.390 gen=0.1s train=0.4s
[t= 254.9s] greedy ep376 games=  96 dec= 17605 rows= 16845 horizon=0.24 L=0.00011 L/var=0.00 tgt=-0.071/0.388 pstd=0.394 gen=0.1s train=0.4s
[t= 255.5s] greedy ep377 games=  96 dec= 18241 rows= 17463 horizon=0.32 L=0.00014 L/var=0.00 tgt=-0.087/0.422 pstd=0.392 gen=0.1s train=0.4s
[t= 256.2s] greedy ep378 games=  96 dec= 19633 rows= 18744 horizon=0.29 L=0.00024 L/var=0.00 tgt=-0.062/0.378 pstd=0.388 gen=0.1s train=0.4s
[t= 256.8s] greedy ep379 games=  96 dec= 18003 rows= 17258 horizon=0.26 L=0.00012 L/var=0.00 tgt=-0.055/0.379 pstd=0.392 gen=0.1s train=0.4s
[t= 257.4s] greedy ep380 games=  96 dec= 19317 rows= 18491 horizon=0.36 L=0.00012 L/var=0.00 tgt=-0.064/0.416 pstd=0.396 gen=0.1s train=0.4s
[t= 258.0s] greedy ep381 games=  96 dec= 17310 rows= 16536 horizon=0.18 L=0.00007 L/var=0.00 tgt=-0.061/0.399 pstd=0.395 gen=0.1s train=0.4s
[t= 258.7s] greedy ep382 games=  96 dec= 17866 rows= 17236 horizon=0.29 L=0.00006 L/var=0.00 tgt=-0.056/0.401 pstd=0.394 gen=0.1s train=0.4s
[t= 259.3s] greedy ep383 games=  96 dec= 18965 rows= 18169 horizon=0.33 L=0.00015 L/var=0.00 tgt=-0.071/0.364 pstd=0.393 gen=0.1s train=0.4s
[t= 260.0s] greedy ep384 games=  96 dec= 18936 rows= 18080 horizon=0.31 L=0.00013 L/var=0.00 tgt=-0.087/0.398 pstd=0.391 gen=0.1s train=0.4s
[t= 260.6s] greedy ep385 games=  96 dec= 19401 rows= 18676 horizon=0.40 L=0.00009 L/var=0.00 tgt=-0.087/0.391 pstd=0.394 gen=0.1s train=0.4s
[t= 261.2s] greedy ep386 games=  96 dec= 17838 rows= 17042 horizon=0.25 L=0.00011 L/var=0.00 tgt=-0.075/0.394 pstd=0.396 gen=0.1s train=0.4s
[t= 261.9s] greedy ep387 games=  96 dec= 18027 rows= 17288 horizon=0.28 L=0.00009 L/var=0.00 tgt=-0.072/0.401 pstd=0.396 gen=0.1s train=0.4s
[t= 262.5s] greedy ep388 games=  96 dec= 18295 rows= 17455 horizon=0.23 L=0.00038 L/var=0.00 tgt=-0.087/0.378 pstd=0.396 gen=0.1s train=0.4s
[t= 263.1s] greedy ep389 games=  96 dec= 18497 rows= 17811 horizon=0.29 L=0.00017 L/var=0.00 tgt=-0.079/0.406 pstd=0.393 gen=0.1s train=0.4s
[t= 263.7s] greedy ep390 games=  96 dec= 18738 rows= 17942 horizon=0.33 L=0.00009 L/var=0.00 tgt=-0.061/0.402 pstd=0.395 gen=0.1s train=0.4s
[t= 264.4s] greedy ep391 games=  96 dec= 17933 rows= 17136 horizon=0.26 L=0.00018 L/var=0.00 tgt=-0.077/0.432 pstd=0.398 gen=0.1s train=0.4s
[t= 265.0s] greedy ep392 games=  96 dec= 18767 rows= 17978 horizon=0.31 L=0.00015 L/var=0.00 tgt=-0.086/0.405 pstd=0.394 gen=0.1s train=0.4s
[t= 265.7s] greedy ep393 games=  96 dec= 18988 rows= 18120 horizon=0.28 L=0.00009 L/var=0.00 tgt=-0.072/0.407 pstd=0.391 gen=0.1s train=0.4s
[t= 266.3s] greedy ep394 games=  96 dec= 17842 rows= 17060 horizon=0.20 L=0.00007 L/var=0.00 tgt=-0.081/0.401 pstd=0.396 gen=0.1s train=0.4s
[t= 266.9s] greedy ep395 games=  96 dec= 18414 rows= 17709 horizon=0.30 L=0.00006 L/var=0.00 tgt=-0.083/0.411 pstd=0.390 gen=0.1s train=0.4s
[t= 267.6s] greedy ep396 games=  96 dec= 18295 rows= 17490 horizon=0.32 L=0.00012 L/var=0.00 tgt=-0.064/0.377 pstd=0.394 gen=0.1s train=0.4s
[t= 268.2s] greedy ep397 games=  96 dec= 17385 rows= 16674 horizon=0.23 L=0.00011 L/var=0.00 tgt=-0.071/0.420 pstd=0.393 gen=0.1s train=0.4s
[t= 268.8s] greedy ep398 games=  96 dec= 18658 rows= 17776 horizon=0.25 L=0.00008 L/var=0.00 tgt=-0.080/0.409 pstd=0.391 gen=0.1s train=0.4s
[t= 269.5s] greedy ep399 games=  96 dec= 19280 rows= 18500 horizon=0.34 L=0.00010 L/var=0.00 tgt=-0.079/0.396 pstd=0.392 gen=0.1s train=0.4s
[t= 270.1s] greedy ep400 games=  96 dec= 17764 rows= 17024 horizon=0.26 L=0.00009 L/var=0.00 tgt=-0.063/0.376 pstd=0.393 gen=0.1s train=0.4s
[t= 270.8s] greedy ep401 games=  96 dec= 19315 rows= 18447 horizon=0.33 L=0.00016 L/var=0.00 tgt=-0.073/0.408 pstd=0.396 gen=0.1s train=0.4s
[t= 271.4s] greedy ep402 games=  96 dec= 18268 rows= 17507 horizon=0.30 L=0.00011 L/var=0.00 tgt=-0.073/0.398 pstd=0.397 gen=0.1s train=0.4s
[t= 272.0s] greedy ep403 games=  96 dec= 19240 rows= 18453 horizon=0.35 L=0.00009 L/var=0.00 tgt=-0.103/0.402 pstd=0.392 gen=0.1s train=0.4s
[t= 272.7s] greedy ep404 games=  96 dec= 17712 rows= 16959 horizon=0.26 L=0.00005 L/var=0.00 tgt=-0.072/0.392 pstd=0.393 gen=0.1s train=0.4s
[t= 273.3s] greedy ep405 games=  96 dec= 17806 rows= 17031 horizon=0.27 L=0.00023 L/var=0.00 tgt=-0.078/0.394 pstd=0.394 gen=0.1s train=0.4s
[t= 273.9s] greedy ep406 games=  96 dec= 17745 rows= 17044 horizon=0.29 L=0.00013 L/var=0.00 tgt=-0.077/0.406 pstd=0.394 gen=0.1s train=0.4s
[t= 274.5s] greedy ep407 games=  96 dec= 17948 rows= 17147 horizon=0.25 L=0.00009 L/var=0.00 tgt=-0.063/0.388 pstd=0.389 gen=0.1s train=0.4s
[t= 275.1s] greedy ep408 games=  96 dec= 17971 rows= 17197 horizon=0.26 L=0.00005 L/var=0.00 tgt=-0.099/0.418 pstd=0.393 gen=0.1s train=0.4s
[t= 275.8s] greedy ep409 games=  96 dec= 18268 rows= 17498 horizon=0.28 L=0.00018 L/var=0.00 tgt=-0.070/0.407 pstd=0.391 gen=0.1s train=0.4s
[t= 276.4s] greedy ep410 games=  96 dec= 18248 rows= 17468 horizon=0.28 L=0.00015 L/var=0.00 tgt=-0.061/0.386 pstd=0.391 gen=0.1s train=0.4s
[t= 277.1s] greedy ep411 games=  96 dec= 19358 rows= 18504 horizon=0.31 L=0.00013 L/var=0.00 tgt=-0.086/0.412 pstd=0.389 gen=0.1s train=0.4s
[t= 277.7s] greedy ep412 games=  96 dec= 18607 rows= 17766 horizon=0.28 L=0.00008 L/var=0.00 tgt=-0.075/0.409 pstd=0.398 gen=0.1s train=0.4s
[t= 278.4s] greedy ep413 games=  96 dec= 18979 rows= 18245 horizon=0.27 L=0.00010 L/var=0.00 tgt=-0.075/0.408 pstd=0.396 gen=0.1s train=0.5s
[t= 279.2s] greedy ep414 games=  96 dec= 17985 rows= 17145 horizon=0.25 L=0.00009 L/var=0.00 tgt=-0.073/0.420 pstd=0.390 gen=0.1s train=0.5s
[t= 279.9s] greedy ep415 games=  96 dec= 17919 rows= 17151 horizon=0.26 L=0.00010 L/var=0.00 tgt=-0.062/0.385 pstd=0.396 gen=0.1s train=0.5s
[t= 280.7s] greedy ep416 games=  96 dec= 19259 rows= 18406 horizon=0.35 L=0.00013 L/var=0.00 tgt=-0.086/0.378 pstd=0.392 gen=0.1s train=0.5s
[t= 281.5s] greedy ep417 games=  96 dec= 17874 rows= 17144 horizon=0.24 L=0.00013 L/var=0.00 tgt=-0.066/0.389 pstd=0.394 gen=0.1s train=0.5s
[t= 282.2s] greedy ep418 games=  96 dec= 18434 rows= 17741 horizon=0.28 L=0.00034 L/var=0.00 tgt=-0.089/0.394 pstd=0.392 gen=0.1s train=0.5s
[t= 283.0s] greedy ep419 games=  96 dec= 17755 rows= 16946 horizon=0.24 L=0.00015 L/var=0.00 tgt=-0.070/0.387 pstd=0.392 gen=0.1s train=0.5s
[t= 283.7s] greedy ep420 games=  96 dec= 18209 rows= 17479 horizon=0.27 L=0.00008 L/var=0.00 tgt=-0.136/0.426 pstd=0.390 gen=0.1s train=0.5s
[t= 284.5s] greedy ep421 games=  96 dec= 18894 rows= 18069 horizon=0.29 L=0.00005 L/var=0.00 tgt=-0.092/0.386 pstd=0.393 gen=0.1s train=0.5s
[t= 285.3s] greedy ep422 games=  96 dec= 18993 rows= 18159 horizon=0.28 L=0.00005 L/var=0.00 tgt=-0.079/0.390 pstd=0.392 gen=0.1s train=0.5s
[t= 286.1s] greedy ep423 games=  96 dec= 18857 rows= 18127 horizon=0.34 L=0.00007 L/var=0.00 tgt=-0.072/0.389 pstd=0.394 gen=0.1s train=0.5s
[t= 286.8s] greedy ep424 games=  96 dec= 18095 rows= 17311 horizon=0.26 L=0.00007 L/var=0.00 tgt=-0.057/0.402 pstd=0.392 gen=0.1s train=0.5s
[t= 287.6s] greedy ep425 games=  96 dec= 18555 rows= 17676 horizon=0.25 L=0.00006 L/var=0.00 tgt=-0.088/0.406 pstd=0.391 gen=0.1s train=0.5s
[t= 288.3s] greedy ep426 games=  96 dec= 17883 rows= 17050 horizon=0.30 L=0.00012 L/var=0.00 tgt=-0.084/0.425 pstd=0.393 gen=0.1s train=0.5s
[t= 289.1s] greedy ep427 games=  96 dec= 18471 rows= 17775 horizon=0.29 L=0.00006 L/var=0.00 tgt=-0.100/0.420 pstd=0.395 gen=0.1s train=0.5s
[t= 289.8s] greedy ep428 games=  96 dec= 18081 rows= 17315 horizon=0.27 L=0.00009 L/var=0.00 tgt=-0.089/0.421 pstd=0.394 gen=0.1s train=0.5s
[t= 290.6s] greedy ep429 games=  96 dec= 18482 rows= 17686 horizon=0.32 L=0.00007 L/var=0.00 tgt=-0.080/0.397 pstd=0.392 gen=0.1s train=0.5s
[t= 291.3s] greedy ep430 games=  96 dec= 17868 rows= 17160 horizon=0.28 L=0.00017 L/var=0.00 tgt=-0.086/0.400 pstd=0.393 gen=0.1s train=0.5s
[t= 292.1s] greedy ep431 games=  96 dec= 19091 rows= 18326 horizon=0.33 L=0.00012 L/var=0.00 tgt=-0.069/0.386 pstd=0.391 gen=0.1s train=0.5s
[t= 292.9s] greedy ep432 games=  96 dec= 19122 rows= 18278 horizon=0.34 L=0.00010 L/var=0.00 tgt=-0.071/0.423 pstd=0.392 gen=0.1s train=0.5s
[t= 293.7s] greedy ep433 games=  96 dec= 18484 rows= 17644 horizon=0.28 L=0.00005 L/var=0.00 tgt=-0.047/0.381 pstd=0.393 gen=0.1s train=0.5s
[t= 294.4s] greedy ep434 games=  96 dec= 19637 rows= 18722 horizon=0.29 L=0.00012 L/var=0.00 tgt=-0.076/0.412 pstd=0.392 gen=0.1s train=0.5s
[t= 295.1s] greedy ep435 games=  96 dec= 18821 rows= 18046 horizon=0.32 L=0.00011 L/var=0.00 tgt=-0.076/0.436 pstd=0.391 gen=0.1s train=0.4s
[t= 295.8s] greedy ep436 games=  96 dec= 19156 rows= 18407 horizon=0.35 L=0.00009 L/var=0.00 tgt=-0.072/0.410 pstd=0.398 gen=0.1s train=0.4s
[t= 296.4s] greedy ep437 games=  96 dec= 18757 rows= 17984 horizon=0.30 L=0.00017 L/var=0.00 tgt=-0.070/0.394 pstd=0.398 gen=0.1s train=0.4s
[t= 297.1s] greedy ep438 games=  96 dec= 18690 rows= 17995 horizon=0.39 L=0.00009 L/var=0.00 tgt=-0.064/0.399 pstd=0.392 gen=0.1s train=0.4s
[t= 297.7s] greedy ep439 games=  96 dec= 18599 rows= 17834 horizon=0.30 L=0.00012 L/var=0.00 tgt=-0.072/0.387 pstd=0.390 gen=0.1s train=0.4s
[t= 298.4s] greedy ep440 games=  96 dec= 19210 rows= 18361 horizon=0.30 L=0.00007 L/var=0.00 tgt=-0.078/0.387 pstd=0.393 gen=0.1s train=0.4s
[t= 299.1s] greedy ep441 games=  96 dec= 18465 rows= 17674 horizon=0.30 L=0.00008 L/var=0.00 tgt=-0.066/0.387 pstd=0.391 gen=0.1s train=0.4s
[t= 299.7s] greedy ep442 games=  96 dec= 18445 rows= 17750 horizon=0.31 L=0.00013 L/var=0.00 tgt=-0.067/0.390 pstd=0.394 gen=0.1s train=0.4s
[t= 300.3s] greedy ep443 games=  96 dec= 18245 rows= 17477 horizon=0.28 L=0.00009 L/var=0.00 tgt=-0.061/0.408 pstd=0.392 gen=0.1s train=0.4s
[t= 300.3s] --- snapshot snap_00.pt (init) ---
[t= 300.4s] --- switching to ReBeL ---
[t= 310.4s] rebel stream solves=13312 raw=1325/s balanced=1325/s debt=0 rows steps=52 horizon=0.00 games=0 over=0 card=0 drop=0 L=0.00837 L/var=6.16 tgt=+0.011/0.037 cfg/b=43572 prep=0.30s gpu=0.00s conv=0.01s add=0.32s train=1.84s
[t= 320.8s] rebel stream solves=24576 raw=1203/s balanced=1203/s debt=0 rows steps=96 horizon=0.00 games=0 over=0 card=0 drop=0 L=0.00021 L/var=11.13 tgt=+0.020/0.004 cfg/b=106971 prep=0.39s gpu=0.00s conv=0.05s add=1.14s train=2.19s
[t= 330.9s] rebel stream solves=43008 raw=1411/s balanced=1411/s debt=0 rows steps=168 horizon=0.00 games=0 over=0 card=0 drop=0 L=0.00017 L/var=0.68 tgt=+0.032/0.016 cfg/b=54090 prep=0.42s gpu=0.00s conv=0.01s add=0.44s train=2.58s
[t= 340.9s] rebel stream solves=51200 raw=1264/s balanced=1264/s debt=0 rows steps=200 horizon=0.00 games=0 over=0 card=0 drop=0 L=0.00015 L/var=0.29 tgt=+0.040/0.023 cfg/b=40546 prep=0.17s gpu=0.00s conv=0.01s add=0.22s train=1.05s
[t= 350.9s] rebel stream solves=57344 raw=1135/s balanced=1135/s debt=0 rows steps=224 horizon=0.00 games=0 over=0 card=0 drop=0 L=0.00014 L/var=0.17 tgt=+0.043/0.029 cfg/b=39310 prep=0.15s gpu=0.00s conv=0.00s add=0.24s train=0.80s
[t= 360.9s] rebel stream solves=66560 raw=1099/s balanced=1099/s debt=0 rows steps=260 horizon=0.00 games=0 over=0 card=0 drop=0 L=0.00014 L/var=0.13 tgt=+0.049/0.033 cfg/b=44361 prep=0.17s gpu=0.00s conv=0.01s add=0.45s train=1.14s
[t= 370.9s] rebel stream solves=71680 raw=1016/s balanced=1016/s debt=0 rows steps=280 horizon=0.00 games=0 over=0 card=0 drop=0 L=0.00014 L/var=0.10 tgt=+0.063/0.039 cfg/b=41708 prep=0.11s gpu=0.00s conv=0.00s add=0.14s train=0.67s
[t= 381.0s] rebel stream solves=77824 raw=966/s balanced=966/s debt=0 rows steps=304 horizon=0.00 games=0 over=0 card=0 drop=0 L=0.00013 L/var=0.08 tgt=+0.071/0.041 cfg/b=36285 prep=0.13s gpu=0.00s conv=0.00s add=0.15s train=0.79s
[t= 391.0s] rebel stream solves=82944 raw=915/s balanced=915/s debt=0 rows steps=324 horizon=0.00 games=0 over=0 card=0 drop=0 L=0.00014 L/var=0.08 tgt=+0.079/0.043 cfg/b=31643 prep=0.12s gpu=0.00s conv=0.00s add=0.08s train=0.68s
[t= 401.0s] rebel stream solves=86016 raw=855/s balanced=855/s debt=0 rows steps=336 horizon=0.00 games=0 over=0 card=0 drop=0 L=0.00016 L/var=0.08 tgt=+0.081/0.044 cfg/b=29917 prep=0.07s gpu=0.00s conv=0.00s add=0.08s train=0.42s
[t= 411.1s] rebel stream solves=89088 raw=805/s balanced=805/s debt=0 rows steps=348 horizon=0.00 games=0 over=0 card=0 drop=0 L=0.00013 L/var=0.06 tgt=+0.086/0.045 cfg/b=29338 prep=0.07s gpu=0.00s conv=0.00s add=0.06s train=0.42s
[t= 421.1s] rebel stream solves=92160 raw=763/s balanced=763/s debt=0 rows steps=360 horizon=0.00 games=0 over=0 card=0 drop=0 L=0.00014 L/var=0.06 tgt=+0.090/0.047 cfg/b=27685 prep=0.08s gpu=0.00s conv=0.00s add=0.05s train=0.44s
[t= 431.1s] rebel stream solves=95232 raw=728/s balanced=728/s debt=0 rows steps=372 horizon=0.00 games=0 over=0 card=0 drop=0 L=0.00016 L/var=0.07 tgt=+0.095/0.049 cfg/b=26851 prep=0.08s gpu=0.00s conv=0.00s add=0.04s train=0.41s
[t= 441.7s] rebel stream solves=98304 raw=696/s balanced=696/s debt=0 rows steps=384 horizon=0.00 games=0 over=0 card=0 drop=0 L=0.00016 L/var=0.06 tgt=+0.094/0.051 cfg/b=26384 prep=0.13s gpu=0.00s conv=0.00s add=0.06s train=0.47s
[t= 451.7s] rebel stream solves=100352 raw=663/s balanced=663/s debt=0 rows steps=392 horizon=0.00 games=0 over=0 card=0 drop=0 L=0.00024 L/var=0.08 tgt=+0.097/0.054 cfg/b=25522 prep=0.19s gpu=0.00s conv=0.00s add=0.04s train=0.89s
[t= 461.7s] rebel stream solves=104448 raw=647/s balanced=647/s debt=0 rows steps=408 horizon=0.00 games=1 over=0 card=0 drop=0 L=0.00016 L/var=0.05 tgt=+0.101/0.054 cfg/b=26371 prep=0.15s gpu=0.00s conv=0.00s add=0.06s train=0.61s
[t= 471.7s] rebel stream solves=106496 raw=621/s balanced=621/s debt=0 rows steps=416 horizon=0.00 games=1 over=0 card=0 drop=0 L=0.00019 L/var=0.05 tgt=+0.108/0.061 cfg/b=24998 prep=0.05s gpu=0.00s conv=0.00s add=0.04s train=0.29s
[t= 481.8s] rebel stream solves=109568 raw=604/s balanced=604/s debt=0 rows steps=428 horizon=0.00 games=1 over=0 card=0 drop=0 L=0.00022 L/var=0.07 tgt=+0.112/0.058 cfg/b=24128 prep=0.07s gpu=0.00s conv=0.00s add=0.04s train=0.41s
[t= 491.8s] rebel stream solves=112640 raw=588/s balanced=588/s debt=0 rows steps=440 horizon=0.00 games=3 over=0 card=0 drop=0 L=0.00028 L/var=0.04 tgt=+0.112/0.079 cfg/b=23879 prep=0.09s gpu=0.00s conv=0.00s add=0.05s train=0.41s
[t= 501.8s] rebel stream solves=114688 raw=569/s balanced=569/s debt=0 rows steps=448 horizon=0.00 games=0 over=0 card=0 drop=0 L=0.00042 L/var=0.10 tgt=+0.123/0.065 cfg/b=23419 prep=0.08s gpu=0.00s conv=0.00s add=0.03s train=0.31s
[t= 511.9s] rebel stream solves=117760 raw=557/s balanced=557/s debt=0 rows steps=460 horizon=0.00 games=1 over=0 card=0 drop=0 L=0.00042 L/var=0.08 tgt=+0.126/0.071 cfg/b=22756 prep=0.08s gpu=0.00s conv=0.00s add=0.04s train=0.42s
[t= 521.9s] rebel stream solves=120832 raw=545/s balanced=545/s debt=0 rows steps=472 horizon=0.00 games=2 over=0 card=0 drop=0 L=0.00035 L/var=0.07 tgt=+0.131/0.073 cfg/b=22394 prep=0.09s gpu=0.00s conv=0.00s add=0.04s train=0.43s
[t= 531.9s] rebel stream solves=122880 raw=531/s balanced=531/s debt=0 rows steps=480 horizon=0.00 games=4 over=0 card=0 drop=0 L=0.00063 L/var=0.10 tgt=+0.138/0.079 cfg/b=21702 prep=0.05s gpu=0.00s conv=0.00s add=0.02s train=0.28s
[t= 541.9s] rebel stream solves=125952 raw=521/s balanced=521/s debt=0 rows steps=492 horizon=0.00 games=7 over=0 card=0 drop=0 L=0.00052 L/var=0.07 tgt=+0.130/0.086 cfg/b=21785 prep=0.07s gpu=0.00s conv=0.00s add=0.04s train=0.40s
[t= 551.9s] rebel stream solves=129024 raw=513/s balanced=513/s debt=0 rows steps=504 horizon=0.00 games=6 over=0 card=0 drop=0 L=0.00073 L/var=0.10 tgt=+0.139/0.084 cfg/b=20841 prep=0.08s gpu=0.00s conv=0.00s add=0.03s train=0.42s
[t= 562.0s] rebel stream solves=132096 raw=505/s balanced=505/s debt=0 rows steps=516 horizon=0.00 games=6 over=0 card=0 drop=0 L=0.00068 L/var=0.08 tgt=+0.149/0.092 cfg/b=21059 prep=0.07s gpu=0.00s conv=0.00s add=0.03s train=0.40s
[t= 572.0s] rebel stream solves=135168 raw=498/s balanced=498/s debt=0 rows steps=528 horizon=0.00 games=11 over=0 card=0 drop=0 L=0.00085 L/var=0.08 tgt=+0.137/0.103 cfg/b=20461 prep=0.08s gpu=0.00s conv=0.00s add=0.04s train=0.43s
[t= 582.0s] rebel stream solves=137216 raw=487/s balanced=487/s debt=0 rows steps=536 horizon=0.00 games=12 over=0 card=0 drop=0 L=0.00152 L/var=0.09 tgt=+0.128/0.133 cfg/b=19746 prep=0.08s gpu=0.00s conv=0.00s add=0.03s train=0.32s
[t= 592.0s] rebel stream solves=140288 raw=481/s balanced=481/s debt=0 rows steps=548 horizon=0.00 games=25 over=0 card=0 drop=0 L=0.00154 L/var=0.09 tgt=+0.138/0.129 cfg/b=19334 prep=0.07s gpu=0.00s conv=0.00s add=0.04s train=0.40s
[t= 602.0s] rebel stream solves=142336 raw=472/s balanced=472/s debt=0 rows steps=556 horizon=0.00 games=17 over=0 card=0 drop=0 L=0.00168 L/var=0.08 tgt=+0.157/0.143 cfg/b=19168 prep=0.04s gpu=0.00s conv=0.00s add=0.03s train=0.26s
[t= 612.1s] rebel stream solves=146432 raw=470/s balanced=470/s debt=0 rows steps=572 horizon=0.00 games=40 over=0 card=0 drop=0 L=0.00229 L/var=0.11 tgt=+0.152/0.141 cfg/b=19230 prep=0.11s gpu=0.00s conv=0.00s add=0.04s train=0.56s
[t= 622.3s] rebel stream solves=149504 raw=464/s balanced=464/s debt=0 rows steps=584 horizon=0.00 games=37 over=0 card=0 drop=0 L=0.00311 L/var=0.12 tgt=+0.160/0.164 cfg/b=18382 prep=0.08s gpu=0.00s conv=0.00s add=0.04s train=0.44s
[t= 632.3s] rebel stream solves=152576 raw=460/s balanced=460/s debt=0 rows steps=596 horizon=0.00 games=65 over=0 card=0 drop=0 L=0.00385 L/var=0.12 tgt=+0.148/0.180 cfg/b=18270 prep=0.07s gpu=0.00s conv=0.00s add=0.03s train=0.42s
[t= 642.3s] rebel stream solves=155648 raw=455/s balanced=455/s debt=0 rows steps=608 horizon=0.00 games=74 over=0 card=0 drop=0 L=0.00332 L/var=0.08 tgt=+0.160/0.203 cfg/b=17266 prep=0.09s gpu=0.00s conv=0.00s add=0.04s train=0.43s
[t= 653.3s] rebel stream solves=159744 raw=453/s balanced=453/s debt=0 rows steps=624 horizon=0.00 games=99 over=0 card=0 drop=0 L=0.00472 L/var=0.10 tgt=+0.158/0.217 cfg/b=17242 prep=0.12s gpu=0.00s conv=0.00s add=0.05s train=0.57s
[t= 660.4s] --- snapshot snap_01.pt (s1) ---
[t= 663.3s] rebel stream solves=163840 raw=451/s balanced=451/s debt=0 rows steps=640 horizon=0.00 games=110 over=0 card=0 drop=0 L=0.00645 L/var=0.13 tgt=+0.149/0.221 cfg/b=16728 prep=0.11s gpu=0.00s conv=0.00s add=0.06s train=0.55s
[t= 673.4s] rebel stream solves=167936 raw=450/s balanced=450/s debt=0 rows steps=656 horizon=0.00 games=118 over=0 card=0 drop=0 L=0.00665 L/var=0.14 tgt=+0.137/0.222 cfg/b=17169 prep=0.12s gpu=0.00s conv=0.00s add=0.07s train=0.58s
[t= 683.4s] rebel stream solves=173056 raw=452/s balanced=452/s debt=0 rows steps=676 horizon=0.00 games=168 over=0 card=0 drop=0 L=0.00762 L/var=0.14 tgt=+0.135/0.233 cfg/b=17580 prep=0.11s gpu=0.00s conv=0.00s add=0.09s train=0.64s
[t= 693.4s] rebel stream solves=177152 raw=451/s balanced=451/s debt=0 rows steps=692 horizon=0.00 games=125 over=0 card=0 drop=0 L=0.00866 L/var=0.16 tgt=+0.125/0.233 cfg/b=17906 prep=0.09s gpu=0.00s conv=0.00s add=0.07s train=0.52s
[t= 703.4s] rebel stream solves=182272 raw=452/s balanced=452/s debt=0 rows steps=712 horizon=0.00 games=176 over=0 card=0 drop=0 L=0.00981 L/var=0.16 tgt=+0.135/0.246 cfg/b=18220 prep=0.12s gpu=0.00s conv=0.00s add=0.11s train=0.66s
[t= 714.0s] rebel stream solves=188416 raw=456/s balanced=456/s debt=0 rows steps=736 horizon=0.00 games=210 over=0 card=0 drop=0 L=0.00914 L/var=0.15 tgt=+0.130/0.246 cfg/b=18564 prep=0.13s gpu=0.00s conv=0.00s add=0.12s train=0.76s
[t= 724.0s] rebel stream solves=193536 raw=457/s balanced=457/s debt=0 rows steps=756 horizon=0.00 games=181 over=0 card=0 drop=0 L=0.00941 L/var=0.15 tgt=+0.129/0.247 cfg/b=18889 prep=0.14s gpu=0.00s conv=0.01s add=0.12s train=0.67s
[t= 734.0s] rebel stream solves=198656 raw=458/s balanced=458/s debt=0 rows steps=776 horizon=0.00 games=187 over=0 card=0 drop=0 L=0.01060 L/var=0.19 tgt=+0.111/0.236 cfg/b=19602 prep=0.11s gpu=0.00s conv=0.00s add=0.12s train=0.65s
[t= 744.0s] rebel stream solves=205824 raw=464/s balanced=464/s debt=0 rows steps=804 horizon=0.00 games=249 over=0 card=0 drop=0 L=0.01012 L/var=0.21 tgt=+0.122/0.221 cfg/b=19832 prep=0.15s gpu=0.00s conv=0.00s add=0.16s train=0.90s
[t= 754.2s] rebel stream solves=214016 raw=472/s balanced=472/s debt=0 rows steps=836 horizon=0.00 games=265 over=0 card=0 drop=0 L=0.01041 L/var=0.21 tgt=+0.106/0.224 cfg/b=20487 prep=0.17s gpu=0.00s conv=0.00s add=0.20s train=1.00s
[t= 764.2s] rebel stream solves=221184 raw=477/s balanced=477/s debt=0 rows steps=864 horizon=0.00 games=225 over=0 card=0 drop=0 L=0.01095 L/var=0.22 tgt=+0.114/0.222 cfg/b=21250 prep=0.16s gpu=0.00s conv=0.00s add=0.19s train=0.90s
[t= 774.2s] rebel stream solves=228352 raw=482/s balanced=482/s debt=0 rows steps=892 horizon=0.00 games=192 over=0 card=0 drop=0 L=0.01158 L/var=0.23 tgt=+0.121/0.223 cfg/b=21150 prep=0.13s gpu=0.00s conv=0.00s add=0.18s train=0.84s
[t= 784.4s] rebel stream solves=235520 raw=487/s balanced=487/s debt=0 rows steps=920 horizon=0.00 games=185 over=0 card=0 drop=0 L=0.01110 L/var=0.22 tgt=+0.118/0.224 cfg/b=21644 prep=0.13s gpu=0.00s conv=0.00s add=0.17s train=0.85s
[t= 794.4s] rebel stream solves=241664 raw=489/s balanced=489/s debt=0 rows steps=944 horizon=0.00 games=173 over=0 card=0 drop=0 L=0.01066 L/var=0.22 tgt=+0.117/0.221 cfg/b=22108 prep=0.12s gpu=0.00s conv=0.00s add=0.14s train=0.73s
[t= 795.4s] --- lr -> 5.00e-04 ---
[t= 804.4s] rebel stream solves=248832 raw=494/s balanced=494/s debt=0 rows steps=972 horizon=0.00 games=194 over=0 card=0 drop=0 L=0.01114 L/var=0.25 tgt=+0.125/0.211 cfg/b=21735 prep=0.14s gpu=0.00s conv=0.01s add=0.19s train=0.88s
[t= 814.5s] rebel stream solves=256000 raw=498/s balanced=498/s debt=0 rows steps=1000 horizon=0.00 games=181 over=0 card=0 drop=0 L=0.01052 L/var=0.22 tgt=+0.128/0.220 cfg/b=21958 prep=0.14s gpu=0.00s conv=0.00s add=0.19s train=0.86s
[t= 824.5s] rebel stream solves=263168 raw=502/s balanced=502/s debt=0 rows steps=1028 horizon=0.00 games=152 over=0 card=0 drop=0 L=0.00997 L/var=0.20 tgt=+0.123/0.225 cfg/b=22287 prep=0.13s gpu=0.00s conv=0.00s add=0.18s train=0.83s
[t= 834.5s] rebel stream solves=269312 raw=504/s balanced=504/s debt=0 rows steps=1052 horizon=0.00 games=139 over=0 card=0 drop=0 L=0.00960 L/var=0.19 tgt=+0.125/0.224 cfg/b=22160 prep=0.14s gpu=0.00s conv=0.00s add=0.19s train=0.77s
[t= 844.5s] rebel stream solves=276480 raw=508/s balanced=508/s debt=0 rows steps=1080 horizon=0.00 games=160 over=0 card=0 drop=0 L=0.01006 L/var=0.20 tgt=+0.130/0.227 cfg/b=20510 prep=0.14s gpu=0.00s conv=0.00s add=0.20s train=0.87s
[t= 854.6s] rebel stream solves=282624 raw=510/s balanced=510/s debt=0 rows steps=1104 horizon=0.00 games=109 over=0 card=0 drop=0 L=0.00969 L/var=0.19 tgt=+0.129/0.225 cfg/b=19719 prep=0.13s gpu=0.00s conv=0.00s add=0.18s train=0.74s
[t= 864.6s] rebel stream solves=288768 raw=512/s balanced=512/s debt=0 rows steps=1128 horizon=0.00 games=141 over=0 card=0 drop=0 L=0.00940 L/var=0.18 tgt=+0.138/0.231 cfg/b=19314 prep=0.15s gpu=0.00s conv=0.00s add=0.17s train=0.78s
[t= 874.9s] rebel stream solves=294912 raw=513/s balanced=513/s debt=0 rows steps=1152 horizon=0.00 games=113 over=0 card=0 drop=0 L=0.00999 L/var=0.16 tgt=+0.141/0.247 cfg/b=19316 prep=0.12s gpu=0.00s conv=0.00s add=0.17s train=0.74s
[t= 885.0s] rebel stream solves=301056 raw=515/s balanced=515/s debt=0 rows steps=1176 horizon=0.00 games=120 over=0 card=0 drop=0 L=0.00939 L/var=0.14 tgt=+0.134/0.256 cfg/b=19553 prep=0.12s gpu=0.00s conv=0.00s add=0.17s train=0.73s
[t= 895.0s] rebel stream solves=306176 raw=515/s balanced=515/s debt=0 rows steps=1196 horizon=0.00 games=108 over=0 card=0 drop=0 L=0.00943 L/var=0.13 tgt=+0.150/0.268 cfg/b=19686 prep=0.10s gpu=0.00s conv=0.00s add=0.14s train=0.62s
[t= 905.1s] rebel stream solves=313344 raw=518/s balanced=518/s debt=0 rows steps=1224 horizon=0.00 games=148 over=0 card=0 drop=0 L=0.00944 L/var=0.12 tgt=+0.158/0.280 cfg/b=19326 prep=0.14s gpu=0.00s conv=0.00s add=0.19s train=0.87s
[t= 915.2s] rebel stream solves=319488 raw=520/s balanced=520/s debt=0 rows steps=1248 horizon=0.00 games=128 over=0 card=0 drop=0 L=0.00938 L/var=0.11 tgt=+0.158/0.289 cfg/b=18955 prep=0.12s gpu=0.00s conv=0.00s add=0.17s train=0.74s
[t= 925.2s] rebel stream solves=325632 raw=521/s balanced=521/s debt=0 rows steps=1272 horizon=0.00 games=119 over=0 card=0 drop=0 L=0.00925 L/var=0.11 tgt=+0.173/0.295 cfg/b=18760 prep=0.13s gpu=0.00s conv=0.00s add=0.17s train=0.75s
[t= 935.2s] rebel stream solves=330752 raw=521/s balanced=521/s debt=0 rows steps=1292 horizon=0.00 games=102 over=0 card=0 drop=0 L=0.01033 L/var=0.12 tgt=+0.176/0.296 cfg/b=18744 prep=0.09s gpu=0.00s conv=0.00s add=0.13s train=0.60s
[t= 945.2s] rebel stream solves=337920 raw=524/s balanced=524/s debt=0 rows steps=1320 horizon=0.00 games=148 over=0 card=0 drop=0 L=0.00994 L/var=0.11 tgt=+0.168/0.298 cfg/b=18783 prep=0.14s gpu=0.00s conv=0.00s add=0.19s train=0.86s
[t= 955.3s] rebel stream solves=343040 raw=524/s balanced=524/s debt=0 rows steps=1340 horizon=0.00 games=122 over=0 card=0 drop=0 L=0.01052 L/var=0.11 tgt=+0.184/0.313 cfg/b=18857 prep=0.10s gpu=0.00s conv=0.00s add=0.14s train=0.60s
[t= 965.3s] rebel stream solves=349184 raw=525/s balanced=525/s debt=0 rows steps=1364 horizon=0.00 games=127 over=0 card=0 drop=0 L=0.00995 L/var=0.10 tgt=+0.186/0.311 cfg/b=19088 prep=0.11s gpu=0.00s conv=0.00s add=0.14s train=0.70s
[t= 975.3s] rebel stream solves=355328 raw=526/s balanced=526/s debt=0 rows steps=1388 horizon=0.00 games=150 over=0 card=0 drop=0 L=0.01087 L/var=0.10 tgt=+0.193/0.323 cfg/b=19229 prep=0.12s gpu=0.00s conv=0.00s add=0.17s train=0.74s
[t= 985.3s] rebel stream solves=360448 raw=526/s balanced=526/s debt=0 rows steps=1408 horizon=0.00 games=115 over=0 card=0 drop=0 L=0.01100 L/var=0.11 tgt=+0.205/0.322 cfg/b=19463 prep=0.10s gpu=0.00s conv=0.00s add=0.16s train=0.60s
[t= 995.5s] rebel stream solves=366592 raw=527/s balanced=527/s debt=0 rows steps=1432 horizon=0.00 games=139 over=0 card=0 drop=0 L=0.01126 L/var=0.10 tgt=+0.202/0.336 cfg/b=19561 prep=0.12s gpu=0.00s conv=0.00s add=0.19s train=0.76s
[t=1005.5s] rebel stream solves=371712 raw=527/s balanced=527/s debt=0 rows steps=1452 horizon=0.00 games=97 over=0 card=0 drop=0 L=0.01155 L/var=0.10 tgt=+0.200/0.343 cfg/b=19546 prep=0.09s gpu=0.00s conv=0.00s add=0.17s train=0.59s
[t=1015.5s] rebel stream solves=377856 raw=528/s balanced=528/s debt=0 rows steps=1476 horizon=0.00 games=119 over=0 card=0 drop=0 L=0.01160 L/var=0.10 tgt=+0.193/0.341 cfg/b=20182 prep=0.11s gpu=0.00s conv=0.00s add=0.18s train=0.72s
[t=1020.7s] --- snapshot snap_02.pt (s2) ---
[t=1025.6s] rebel stream solves=384000 raw=530/s balanced=530/s debt=0 rows steps=1500 horizon=0.00 games=130 over=0 card=0 drop=0 L=0.01175 L/var=0.09 tgt=+0.206/0.358 cfg/b=20542 prep=0.12s gpu=0.00s conv=0.00s add=0.20s train=0.74s
[t=1035.6s] rebel stream solves=389120 raw=529/s balanced=529/s debt=0 rows steps=1520 horizon=0.00 games=85 over=0 card=0 drop=0 L=0.01183 L/var=0.09 tgt=+0.214/0.360 cfg/b=20695 prep=0.10s gpu=0.00s conv=0.00s add=0.16s train=0.63s
[t=1045.6s] rebel stream solves=395264 raw=530/s balanced=530/s debt=0 rows steps=1544 horizon=0.00 games=117 over=0 card=0 drop=0 L=0.01234 L/var=0.09 tgt=+0.208/0.370 cfg/b=20871 prep=0.12s gpu=0.00s conv=0.00s add=0.16s train=0.76s
[t=1055.9s] rebel stream solves=401408 raw=531/s balanced=531/s debt=0 rows steps=1568 horizon=0.00 games=158 over=0 card=0 drop=0 L=0.01245 L/var=0.10 tgt=+0.216/0.359 cfg/b=21177 prep=0.11s gpu=0.00s conv=0.00s add=0.21s train=0.71s
[t=1065.9s] rebel stream solves=406528 raw=531/s balanced=531/s debt=0 rows steps=1588 horizon=0.00 games=100 over=0 card=0 drop=0 L=0.01314 L/var=0.11 tgt=+0.211/0.346 cfg/b=21614 prep=0.11s gpu=0.00s conv=0.00s add=0.16s train=0.61s
[t=1075.9s] rebel stream solves=412672 raw=532/s balanced=532/s debt=0 rows steps=1612 horizon=0.00 games=128 over=0 card=0 drop=0 L=0.01245 L/var=0.10 tgt=+0.206/0.350 cfg/b=21956 prep=0.11s gpu=0.00s conv=0.00s add=0.20s train=0.71s
[t=1085.9s] rebel stream solves=418816 raw=533/s balanced=533/s debt=0 rows steps=1636 horizon=0.00 games=138 over=0 card=0 drop=0 L=0.01278 L/var=0.10 tgt=+0.217/0.358 cfg/b=21829 prep=0.11s gpu=0.00s conv=0.00s add=0.19s train=0.69s
[t=1095.9s] rebel stream solves=423936 raw=533/s balanced=533/s debt=0 rows steps=1656 horizon=0.00 games=107 over=0 card=0 drop=0 L=0.01287 L/var=0.10 tgt=+0.212/0.366 cfg/b=22614 prep=0.09s gpu=0.00s conv=0.00s add=0.18s train=0.60s
[t=1105.9s] rebel stream solves=429056 raw=533/s balanced=533/s debt=0 rows steps=1676 horizon=0.00 games=116 over=0 card=0 drop=0 L=0.01309 L/var=0.11 tgt=+0.214/0.352 cfg/b=22194 prep=0.08s gpu=0.00s conv=0.00s add=0.14s train=0.56s
[t=1116.0s] rebel stream solves=435200 raw=534/s balanced=534/s debt=0 rows steps=1700 horizon=0.00 games=159 over=0 card=0 drop=0 L=0.01251 L/var=0.10 tgt=+0.219/0.346 cfg/b=22530 prep=0.11s gpu=0.00s conv=0.00s add=0.22s train=0.72s
[t=1126.2s] rebel stream solves=442368 raw=536/s balanced=536/s debt=0 rows steps=1728 horizon=0.00 games=177 over=0 card=0 drop=0 L=0.01269 L/var=0.11 tgt=+0.211/0.347 cfg/b=22404 prep=0.13s gpu=0.00s conv=0.00s add=0.24s train=0.82s
[t=1136.3s] rebel stream solves=448512 raw=537/s balanced=537/s debt=0 rows steps=1752 horizon=0.00 games=145 over=0 card=0 drop=0 L=0.01263 L/var=0.11 tgt=+0.203/0.340 cfg/b=22840 prep=0.11s gpu=0.00s conv=0.00s add=0.21s train=0.73s
[t=1146.3s] rebel stream solves=453632 raw=536/s balanced=536/s debt=0 rows steps=1772 horizon=0.00 games=112 over=0 card=0 drop=0 L=0.01256 L/var=0.12 tgt=+0.208/0.328 cfg/b=22977 prep=0.09s gpu=0.00s conv=0.00s add=0.19s train=0.63s
[t=1156.3s] rebel stream solves=459776 raw=537/s balanced=537/s debt=0 rows steps=1796 horizon=0.00 games=116 over=0 card=0 drop=0 L=0.01244 L/var=0.11 tgt=+0.212/0.338 cfg/b=23313 prep=0.15s gpu=0.00s conv=0.00s add=0.20s train=0.76s
[t=1166.3s] rebel stream solves=464896 raw=537/s balanced=537/s debt=0 rows steps=1816 horizon=0.00 games=95 over=0 card=0 drop=0 L=0.01266 L/var=0.11 tgt=+0.211/0.333 cfg/b=23409 prep=0.10s gpu=0.00s conv=0.00s add=0.18s train=0.59s
[t=1176.3s] rebel stream solves=471040 raw=538/s balanced=538/s debt=0 rows steps=1840 horizon=0.00 games=136 over=0 card=0 drop=0 L=0.01179 L/var=0.10 tgt=+0.213/0.339 cfg/b=23408 prep=0.15s gpu=0.00s conv=0.00s add=0.23s train=0.76s
[t=1186.3s] rebel stream solves=477184 raw=539/s balanced=539/s debt=0 rows steps=1864 horizon=0.00 games=113 over=0 card=0 drop=0 L=0.01201 L/var=0.10 tgt=+0.221/0.341 cfg/b=23529 prep=0.14s gpu=0.00s conv=0.01s add=0.22s train=0.75s
[t=1197.5s] rebel stream solves=483328 raw=539/s balanced=539/s debt=0 rows steps=1888 horizon=0.00 games=122 over=0 card=0 drop=0 L=0.01208 L/var=0.10 tgt=+0.217/0.348 cfg/b=24017 prep=0.12s gpu=0.00s conv=0.00s add=0.22s train=0.74s
[t=1207.5s] rebel stream solves=489472 raw=540/s balanced=540/s debt=0 rows steps=1912 horizon=0.00 games=136 over=0 card=0 drop=0 L=0.01266 L/var=0.11 tgt=+0.215/0.336 cfg/b=24106 prep=0.13s gpu=0.00s conv=0.00s add=0.23s train=0.76s
[t=1217.5s] rebel stream solves=494592 raw=539/s balanced=539/s debt=0 rows steps=1932 horizon=0.00 games=108 over=0 card=0 drop=0 L=0.01186 L/var=0.10 tgt=+0.216/0.347 cfg/b=24026 prep=0.10s gpu=0.00s conv=0.00s add=0.19s train=0.60s
[t=1227.6s] rebel stream solves=499712 raw=539/s balanced=539/s debt=0 rows steps=1952 horizon=0.00 games=108 over=0 card=0 drop=0 L=0.01284 L/var=0.11 tgt=+0.203/0.341 cfg/b=23862 prep=0.10s gpu=0.00s conv=0.00s add=0.20s train=0.59s
[t=1237.6s] rebel stream solves=504832 raw=539/s balanced=539/s debt=0 rows steps=1972 horizon=0.00 games=106 over=0 card=0 drop=0 L=0.01231 L/var=0.11 tgt=+0.206/0.330 cfg/b=24726 prep=0.09s gpu=0.00s conv=0.00s add=0.20s train=0.56s
[t=1247.6s] rebel stream solves=509952 raw=538/s balanced=538/s debt=0 rows steps=1992 horizon=0.00 games=95 over=0 card=0 drop=0 L=0.01218 L/var=0.11 tgt=+0.218/0.340 cfg/b=24374 prep=0.10s gpu=0.00s conv=0.00s add=0.19s train=0.59s
[t=1257.6s] rebel stream solves=515072 raw=538/s balanced=538/s debt=0 rows steps=2012 horizon=0.00 games=86 over=0 card=0 drop=0 L=0.01167 L/var=0.10 tgt=+0.209/0.348 cfg/b=24281 prep=0.09s gpu=0.00s conv=0.00s add=0.15s train=0.58s
[t=1267.8s] rebel stream solves=521216 raw=539/s balanced=539/s debt=0 rows steps=2036 horizon=0.00 games=114 over=0 card=0 drop=0 L=0.01243 L/var=0.10 tgt=+0.220/0.359 cfg/b=24512 prep=0.13s gpu=0.00s conv=0.00s add=0.20s train=0.76s
[t=1277.8s] rebel stream solves=525312 raw=537/s balanced=537/s debt=0 rows steps=2052 horizon=0.00 games=89 over=0 card=0 drop=0 L=0.01220 L/var=0.10 tgt=+0.221/0.353 cfg/b=24903 prep=0.08s gpu=0.00s conv=0.00s add=0.14s train=0.51s
[t=1287.9s] rebel stream solves=530432 raw=537/s balanced=537/s debt=0 rows steps=2072 horizon=0.00 games=103 over=0 card=0 drop=0 L=0.01195 L/var=0.10 tgt=+0.224/0.351 cfg/b=24136 prep=0.09s gpu=0.00s conv=0.00s add=0.17s train=0.59s
[t=1297.9s] rebel stream solves=535552 raw=537/s balanced=537/s debt=0 rows steps=2092 horizon=0.00 games=87 over=0 card=0 drop=0 L=0.01221 L/var=0.10 tgt=+0.223/0.349 cfg/b=24569 prep=0.12s gpu=0.00s conv=0.00s add=0.19s train=0.63s
[t=1305.4s] --- lr -> 2.50e-04 ---
[t=1307.9s] rebel stream solves=540672 raw=537/s balanced=537/s debt=0 rows steps=2112 horizon=0.00 games=127 over=0 card=0 drop=0 L=0.01250 L/var=0.10 tgt=+0.223/0.347 cfg/b=25070 prep=0.09s gpu=0.00s conv=0.00s add=0.17s train=0.61s
[t=1317.9s] rebel stream solves=545792 raw=536/s balanced=536/s debt=0 rows steps=2132 horizon=0.00 games=111 over=0 card=0 drop=0 L=0.01228 L/var=0.10 tgt=+0.220/0.347 cfg/b=24992 prep=0.09s gpu=0.00s conv=0.00s add=0.18s train=0.58s
[t=1327.9s] rebel stream solves=550912 raw=536/s balanced=536/s debt=0 rows steps=2152 horizon=0.00 games=113 over=0 card=0 drop=0 L=0.01172 L/var=0.10 tgt=+0.228/0.347 cfg/b=24900 prep=0.09s gpu=0.00s conv=0.00s add=0.19s train=0.61s
[t=1338.0s] rebel stream solves=556032 raw=536/s balanced=536/s debt=0 rows steps=2172 horizon=0.00 games=112 over=0 card=0 drop=0 L=0.01136 L/var=0.10 tgt=+0.226/0.342 cfg/b=25216 prep=0.09s gpu=0.00s conv=0.00s add=0.19s train=0.58s
[t=1348.0s] rebel stream solves=562176 raw=537/s balanced=537/s debt=0 rows steps=2196 horizon=0.04 games=157 over=0 card=0 drop=0 L=0.01183 L/var=0.10 tgt=+0.222/0.339 cfg/b=25431 prep=0.11s gpu=0.00s conv=0.00s add=0.23s train=0.73s
[t=1358.0s] rebel stream solves=567296 raw=536/s balanced=536/s debt=0 rows steps=2216 horizon=0.07 games=91 over=0 card=0 drop=0 L=0.01194 L/var=0.10 tgt=+0.226/0.347 cfg/b=25481 prep=0.10s gpu=0.00s conv=0.00s add=0.19s train=0.61s
[t=1368.0s] rebel stream solves=573440 raw=537/s balanced=537/s debt=0 rows steps=2240 horizon=0.14 games=148 over=0 card=0 drop=0 L=0.01187 L/var=0.10 tgt=+0.221/0.344 cfg/b=26059 prep=0.12s gpu=0.00s conv=0.00s add=0.21s train=0.72s
[t=1378.0s] rebel stream solves=578560 raw=537/s balanced=537/s debt=0 rows steps=2260 horizon=0.07 games=108 over=0 card=0 drop=0 L=0.01214 L/var=0.10 tgt=+0.230/0.343 cfg/b=25978 prep=0.10s gpu=0.00s conv=0.01s add=0.21s train=0.61s
[t=1380.7s] --- snapshot snap_03.pt (s3) ---
[t=1388.1s] rebel stream solves=583680 raw=537/s balanced=537/s debt=0 rows steps=2280 horizon=0.03 games=99 over=0 card=0 drop=0 L=0.01213 L/var=0.10 tgt=+0.227/0.345 cfg/b=25990 prep=0.11s gpu=0.00s conv=0.00s add=0.21s train=0.62s
[t=1398.1s] rebel stream solves=588800 raw=536/s balanced=536/s debt=0 rows steps=2300 horizon=0.10 games=113 over=0 card=0 drop=0 L=0.01214 L/var=0.10 tgt=+0.223/0.346 cfg/b=26254 prep=0.09s gpu=0.00s conv=0.00s add=0.21s train=0.59s
[t=1408.1s] rebel stream solves=593920 raw=536/s balanced=536/s debt=0 rows steps=2320 horizon=0.05 games=123 over=0 card=0 drop=0 L=0.01287 L/var=0.11 tgt=+0.233/0.348 cfg/b=27113 prep=0.12s gpu=0.00s conv=0.00s add=0.21s train=0.63s
[t=1418.3s] rebel stream solves=599040 raw=536/s balanced=536/s debt=0 rows steps=2340 horizon=0.06 games=111 over=0 card=0 drop=0 L=0.01225 L/var=0.10 tgt=+0.223/0.349 cfg/b=26738 prep=0.09s gpu=0.00s conv=0.00s add=0.19s train=0.60s
[t=1428.3s] rebel stream solves=603136 raw=535/s balanced=535/s debt=0 rows steps=2356 horizon=0.02 games=82 over=0 card=0 drop=0 L=0.01213 L/var=0.10 tgt=+0.223/0.343 cfg/b=28003 prep=0.09s gpu=0.00s conv=0.00s add=0.18s train=0.51s
[t=1438.3s] rebel stream solves=609280 raw=535/s balanced=535/s debt=0 rows steps=2380 horizon=0.07 games=131 over=0 card=0 drop=0 L=0.01233 L/var=0.11 tgt=+0.220/0.335 cfg/b=27250 prep=0.17s gpu=0.00s conv=0.00s add=0.28s train=0.80s
[t=1448.4s] rebel stream solves=614400 raw=535/s balanced=535/s debt=0 rows steps=2400 horizon=0.02 games=94 over=0 card=0 drop=0 L=0.01201 L/var=0.11 tgt=+0.227/0.327 cfg/b=27510 prep=0.09s gpu=0.00s conv=0.00s add=0.22s train=0.60s
[t=1458.4s] rebel stream solves=619520 raw=535/s balanced=535/s debt=0 rows steps=2420 horizon=0.02 games=92 over=0 card=0 drop=0 L=0.01260 L/var=0.11 tgt=+0.220/0.340 cfg/b=28333 prep=0.09s gpu=0.00s conv=0.00s add=0.21s train=0.60s
[t=1468.4s] rebel stream solves=624640 raw=535/s balanced=535/s debt=0 rows steps=2440 horizon=0.02 games=94 over=0 card=0 drop=0 L=0.01230 L/var=0.11 tgt=+0.233/0.336 cfg/b=28956 prep=0.10s gpu=0.00s conv=0.00s add=0.22s train=0.61s
[t=1478.4s] rebel stream solves=629760 raw=535/s balanced=535/s debt=0 rows steps=2460 horizon=0.00 games=98 over=0 card=0 drop=0 L=0.01229 L/var=0.11 tgt=+0.235/0.334 cfg/b=28530 prep=0.09s gpu=0.00s conv=0.00s add=0.22s train=0.58s
[t=1488.5s] rebel stream solves=634880 raw=534/s balanced=534/s debt=0 rows steps=2480 horizon=0.00 games=100 over=0 card=0 drop=0 L=0.01201 L/var=0.10 tgt=+0.226/0.349 cfg/b=28794 prep=0.09s gpu=0.00s conv=0.00s add=0.18s train=0.61s
[t=1498.5s] rebel stream solves=640000 raw=534/s balanced=534/s debt=0 rows steps=2500 horizon=0.00 games=111 over=0 card=0 drop=0 L=0.01185 L/var=0.10 tgt=+0.222/0.340 cfg/b=28952 prep=0.08s gpu=0.00s conv=0.00s add=0.21s train=0.58s
[t=1508.5s] rebel stream solves=645120 raw=534/s balanced=534/s debt=0 rows steps=2520 horizon=0.03 games=107 over=0 card=0 drop=0 L=0.01152 L/var=0.10 tgt=+0.233/0.344 cfg/b=29491 prep=0.09s gpu=0.00s conv=0.00s add=0.22s train=0.59s
[t=1518.5s] rebel stream solves=650240 raw=534/s balanced=534/s debt=0 rows steps=2540 horizon=0.00 games=110 over=0 card=0 drop=0 L=0.01188 L/var=0.11 tgt=+0.234/0.334 cfg/b=29585 prep=0.09s gpu=0.00s conv=0.00s add=0.23s train=0.60s
[t=1528.5s] rebel stream solves=655360 raw=534/s balanced=534/s debt=0 rows steps=2560 horizon=0.00 games=86 over=0 card=0 drop=0 L=0.01159 L/var=0.10 tgt=+0.228/0.336 cfg/b=29362 prep=0.09s gpu=0.00s conv=0.00s add=0.22s train=0.60s
[t=1538.6s] rebel stream solves=660480 raw=533/s balanced=533/s debt=0 rows steps=2580 horizon=0.00 games=94 over=0 card=0 drop=0 L=0.01187 L/var=0.11 tgt=+0.237/0.335 cfg/b=30036 prep=0.08s gpu=0.00s conv=0.00s add=0.24s train=0.59s
[t=1548.6s] rebel stream solves=665600 raw=533/s balanced=533/s debt=0 rows steps=2600 horizon=0.00 games=75 over=0 card=0 drop=0 L=0.01111 L/var=0.10 tgt=+0.236/0.336 cfg/b=30402 prep=0.08s gpu=0.00s conv=0.00s add=0.24s train=0.59s
[t=1558.6s] rebel stream solves=670720 raw=533/s balanced=533/s debt=0 rows steps=2620 horizon=0.00 games=109 over=0 card=0 drop=0 L=0.01097 L/var=0.09 tgt=+0.243/0.342 cfg/b=30253 prep=0.10s gpu=0.00s conv=0.00s add=0.24s train=0.62s
[t=1568.7s] rebel stream solves=675840 raw=533/s balanced=533/s debt=0 rows steps=2640 horizon=0.00 games=110 over=0 card=0 drop=0 L=0.01136 L/var=0.10 tgt=+0.246/0.346 cfg/b=30310 prep=0.13s gpu=0.00s conv=0.00s add=0.23s train=0.67s
[t=1578.7s] rebel stream solves=680960 raw=533/s balanced=533/s debt=0 rows steps=2660 horizon=0.00 games=100 over=0 card=0 drop=0 L=0.01142 L/var=0.09 tgt=+0.242/0.352 cfg/b=30480 prep=0.09s gpu=0.00s conv=0.00s add=0.25s train=0.62s
[t=1588.7s] rebel stream solves=686080 raw=533/s balanced=533/s debt=0 rows steps=2680 horizon=0.00 games=86 over=0 card=0 drop=0 L=0.01196 L/var=0.09 tgt=+0.228/0.366 cfg/b=30736 prep=0.11s gpu=0.00s conv=0.01s add=0.24s train=0.62s
[t=1598.7s] rebel stream solves=690176 raw=532/s balanced=532/s debt=0 rows steps=2696 horizon=0.00 games=77 over=0 card=0 drop=0 L=0.01116 L/var=0.09 tgt=+0.245/0.347 cfg/b=30430 prep=0.07s gpu=0.00s conv=0.00s add=0.19s train=0.47s
[t=1609.2s] rebel stream solves=696320 raw=532/s balanced=532/s debt=0 rows steps=2720 horizon=0.01 games=117 over=0 card=0 drop=0 L=0.01111 L/var=0.09 tgt=+0.243/0.355 cfg/b=31332 prep=0.11s gpu=0.00s conv=0.01s add=0.29s train=0.74s
[t=1619.3s] rebel stream solves=701440 raw=532/s balanced=532/s debt=0 rows steps=2740 horizon=0.00 games=112 over=0 card=0 drop=0 L=0.01139 L/var=0.09 tgt=+0.248/0.349 cfg/b=31576 prep=0.09s gpu=0.00s conv=0.00s add=0.23s train=0.59s
[t=1629.3s] rebel stream solves=706560 raw=532/s balanced=532/s debt=0 rows steps=2760 horizon=0.00 games=87 over=0 card=0 drop=0 L=0.01115 L/var=0.09 tgt=+0.245/0.343 cfg/b=31302 prep=0.09s gpu=0.00s conv=0.00s add=0.24s train=0.59s
[t=1639.3s] rebel stream solves=711680 raw=532/s balanced=532/s debt=0 rows steps=2780 horizon=0.00 games=97 over=0 card=0 drop=0 L=0.01163 L/var=0.10 tgt=+0.251/0.348 cfg/b=31084 prep=0.11s gpu=0.00s conv=0.01s add=0.24s train=0.62s
[t=1649.3s] rebel stream solves=716800 raw=531/s balanced=531/s debt=0 rows steps=2800 horizon=0.00 games=83 over=0 card=0 drop=0 L=0.01153 L/var=0.10 tgt=+0.254/0.342 cfg/b=31333 prep=0.08s gpu=0.00s conv=0.00s add=0.24s train=0.58s
[t=1659.3s] rebel stream solves=720896 raw=530/s balanced=530/s debt=0 rows steps=2816 horizon=0.00 games=69 over=0 card=0 drop=0 L=0.01143 L/var=0.09 tgt=+0.255/0.354 cfg/b=32108 prep=0.07s gpu=0.00s conv=0.00s add=0.18s train=0.47s
[t=1669.4s] rebel stream solves=726016 raw=530/s balanced=530/s debt=0 rows steps=2836 horizon=0.00 games=106 over=0 card=0 drop=0 L=0.01072 L/var=0.09 tgt=+0.245/0.352 cfg/b=32227 prep=0.13s gpu=0.00s conv=0.00s add=0.26s train=0.64s
[t=1679.4s] rebel stream solves=731136 raw=530/s balanced=530/s debt=0 rows steps=2856 horizon=0.01 games=115 over=0 card=0 drop=0 L=0.01154 L/var=0.09 tgt=+0.253/0.354 cfg/b=32010 prep=0.09s gpu=0.00s conv=0.00s add=0.26s train=0.61s
[t=1689.4s] rebel stream solves=736256 raw=530/s balanced=530/s debt=0 rows steps=2876 horizon=0.01 games=100 over=0 card=0 drop=0 L=0.01094 L/var=0.09 tgt=+0.266/0.351 cfg/b=32433 prep=0.10s gpu=0.00s conv=0.00s add=0.23s train=0.62s
[t=1699.5s] rebel stream solves=741376 raw=530/s balanced=530/s debt=0 rows steps=2896 horizon=0.03 games=101 over=0 card=0 drop=0 L=0.01119 L/var=0.09 tgt=+0.264/0.355 cfg/b=31980 prep=0.11s gpu=0.00s conv=0.00s add=0.23s train=0.63s
[t=1709.5s] rebel stream solves=746496 raw=530/s balanced=530/s debt=0 rows steps=2916 horizon=0.01 games=92 over=0 card=0 drop=0 L=0.01071 L/var=0.08 tgt=+0.254/0.359 cfg/b=32239 prep=0.11s gpu=0.00s conv=0.01s add=0.23s train=0.60s
[t=1719.5s] rebel stream solves=751616 raw=530/s balanced=530/s debt=0 rows steps=2936 horizon=0.01 games=102 over=0 card=0 drop=0 L=0.01098 L/var=0.09 tgt=+0.249/0.349 cfg/b=32633 prep=0.10s gpu=0.00s conv=0.01s add=0.27s train=0.61s
[t=1729.6s] rebel stream solves=756736 raw=529/s balanced=529/s debt=0 rows steps=2956 horizon=0.02 games=103 over=0 card=0 drop=0 L=0.01179 L/var=0.10 tgt=+0.260/0.350 cfg/b=33281 prep=0.11s gpu=0.00s conv=0.00s add=0.23s train=0.64s
[t=1739.8s] rebel stream solves=761856 raw=529/s balanced=529/s debt=0 rows steps=2976 horizon=0.01 games=119 over=0 card=0 drop=0 L=0.01100 L/var=0.09 tgt=+0.265/0.343 cfg/b=33479 prep=0.08s gpu=0.00s conv=0.00s add=0.25s train=0.57s
[t=1740.7s] --- snapshot snap_04.pt (s4) ---
[t=1749.9s] rebel stream solves=765952 raw=528/s balanced=528/s debt=0 rows steps=2992 horizon=0.00 games=72 over=0 card=0 drop=0 L=0.01130 L/var=0.10 tgt=+0.276/0.334 cfg/b=33940 prep=0.08s gpu=0.00s conv=0.00s add=0.19s train=0.49s
[t=1759.9s] rebel stream solves=771072 raw=528/s balanced=528/s debt=0 rows steps=3012 horizon=0.03 games=105 over=0 card=0 drop=0 L=0.01170 L/var=0.10 tgt=+0.274/0.343 cfg/b=34334 prep=0.08s gpu=0.00s conv=0.00s add=0.21s train=0.60s
[t=1769.9s] rebel stream solves=776192 raw=528/s balanced=528/s debt=0 rows steps=3032 horizon=0.04 games=116 over=0 card=0 drop=0 L=0.01106 L/var=0.10 tgt=+0.268/0.336 cfg/b=33632 prep=0.10s gpu=0.00s conv=0.00s add=0.27s train=0.64s
[t=1779.9s] rebel stream solves=781312 raw=528/s balanced=528/s debt=0 rows steps=3052 horizon=0.02 games=84 over=0 card=0 drop=0 L=0.01167 L/var=0.10 tgt=+0.275/0.339 cfg/b=34525 prep=0.11s gpu=0.00s conv=0.00s add=0.27s train=0.64s
[t=1780.0s] --- stopping GPU admission; draining ---
[t=1789.9s] rebel stream solves=782336 raw=525/s balanced=525/s debt=0 rows steps=3056 horizon=0.00 games=13 over=0 card=0 drop=0 L=0.01152 L/var=0.10 tgt=+0.264/0.344 cfg/b=33928 prep=0.02s gpu=0.00s conv=0.00s add=0.06s train=0.12s
[t=1792.2s] rebel stream solves=783039 raw=525/s balanced=525/s debt=764 rows steps=3058 horizon=0.00 games=6 over=0 card=0 drop=0 L=0.01120 L/var=0.10 tgt=+0.283/0.334 cfg/b=33233 prep=0.01s gpu=0.00s conv=0.00s add=0.04s train=0.06s
[gpu-summary] solves=783039 optimizer_rows=3131392 debt=764 raw=522.2/s balanced=522.0/s horizon=0.01 games=14161 over=0 card=0 exact=0 censored=4608 dropped=0 overrun=0.00s
[ladder] 6 players, 1000 games (20/batch, cap 200/pair)
  seed                    greedy vs value_v4_d2i64dcfr_30.init W  6 L  4 D 10  n= 20  score 0.550
  seed                    greedy vs value_v4_d2i64dcfr_30.final W  0 L 20 D  0  n= 20  score 0.000  stop
  seed  value_v4_d2i64dcfr_30.init vs value_v4_d2i64dcfr_30.s1 W  4 L 10 D  6  n= 20  score 0.350
  seed  value_v4_d2i64dcfr_30.s1 vs value_v4_d2i64dcfr_30.s2 W  1 L 18 D  1  n= 20  score 0.075  stop
  seed  value_v4_d2i64dcfr_30.s2 vs value_v4_d2i64dcfr_30.s3 W  5 L 14 D  1  n= 20  score 0.275
  seed  value_v4_d2i64dcfr_30.s3 vs value_v4_d2i64dcfr_30.final W  7 L 13 D  0  n= 20  score 0.350
  swiss                   greedy vs value_v4_d2i64dcfr_30.init W 10 L  3 D  7  n= 40  score 0.613
  swiss                   greedy vs value_v4_d2i64dcfr_30.s1 W  3 L 14 D  3  n= 20  score 0.225
  swiss                   greedy vs value_v4_d2i64dcfr_30.init W  7 L  5 D  8  n= 60  score 0.592
  swiss                   greedy vs value_v4_d2i64dcfr_30.init W  5 L  1 D 14  n= 80  score 0.594
  swiss                   greedy vs value_v4_d2i64dcfr_30.init W  6 L  4 D 10  n=100  score 0.585
  swiss                   greedy vs value_v4_d2i64dcfr_30.init W  9 L  5 D  6  n=120  score 0.588
  swiss                   greedy vs value_v4_d2i64dcfr_30.init W  5 L  3 D 12  n=140  score 0.582
  swiss                   greedy vs value_v4_d2i64dcfr_30.init W  5 L  4 D 11  n=160  score 0.575
  swiss                   greedy vs value_v4_d2i64dcfr_30.init W 10 L  1 D  9  n=180  score 0.592
  swiss                   greedy vs value_v4_d2i64dcfr_30.init W 10 L  3 D  7  n=200  score 0.600
  swiss value_v4_d2i64dcfr_30.s3 vs value_v4_d2i64dcfr_30.final W  8 L 11 D  1  n= 40  score 0.388
  swiss value_v4_d2i64dcfr_30.s3 vs value_v4_d2i64dcfr_30.final W  7 L 13 D  0  n= 60  score 0.375
  swiss value_v4_d2i64dcfr_30.s3 vs value_v4_d2i64dcfr_30.final W 13 L  7 D  0  n= 80  score 0.444
  swiss value_v4_d2i64dcfr_30.s3 vs value_v4_d2i64dcfr_30.final W  7 L 13 D  0  n=100  score 0.425
  swiss value_v4_d2i64dcfr_30.s3 vs value_v4_d2i64dcfr_30.final W  7 L 13 D  0  n=120  score 0.412
  swiss value_v4_d2i64dcfr_30.s3 vs value_v4_d2i64dcfr_30.final W 11 L  9 D  0  n=140  score 0.432
  swiss value_v4_d2i64dcfr_30.s3 vs value_v4_d2i64dcfr_30.final W  6 L 13 D  1  n=160  score 0.419
  swiss value_v4_d2i64dcfr_30.s3 vs value_v4_d2i64dcfr_30.final W  7 L 11 D  2  n=180  score 0.417
  swiss value_v4_d2i64dcfr_30.s3 vs value_v4_d2i64dcfr_30.final W  9 L 11 D  0  n=200  score 0.420
  swiss                   greedy vs value_v4_d2i64dcfr_30.s1 W  4 L 15 D  1  n= 40  score 0.225
  swiss                   greedy vs value_v4_d2i64dcfr_30.s1 W  3 L 14 D  3  n= 60  score 0.225
  swiss value_v4_d2i64dcfr_30.s2 vs value_v4_d2i64dcfr_30.s3 W  2 L 18 D  0  n= 40  score 0.188  stop
  swiss                   greedy vs value_v4_d2i64dcfr_30.s1 W  3 L 15 D  2  n= 80  score 0.219
  swiss                   greedy vs value_v4_d2i64dcfr_30.s1 W  1 L 19 D  0  n=100  score 0.185  stop
  swiss value_v4_d2i64dcfr_30.init vs value_v4_d2i64dcfr_30.s1 W  2 L 11 D  7  n= 40  score 0.312
  swiss value_v4_d2i64dcfr_30.init vs value_v4_d2i64dcfr_30.s1 W  2 L 11 D  7  n= 60  score 0.300
  swiss value_v4_d2i64dcfr_30.init vs value_v4_d2i64dcfr_30.s1 W  3 L 16 D  1  n= 80  score 0.269
  swiss value_v4_d2i64dcfr_30.init vs value_v4_d2i64dcfr_30.s1 W  7 L 11 D  2  n=100  score 0.295
  swiss value_v4_d2i64dcfr_30.init vs value_v4_d2i64dcfr_30.s1 W  1 L 16 D  3  n=120  score 0.267
  swiss value_v4_d2i64dcfr_30.init vs value_v4_d2i64dcfr_30.s1 W  2 L 14 D  4  n=140  score 0.257
  swiss value_v4_d2i64dcfr_30.init vs value_v4_d2i64dcfr_30.s1 W  1 L 14 D  5  n=160  score 0.247
  swiss value_v4_d2i64dcfr_30.init vs value_v4_d2i64dcfr_30.s1 W  2 L 15 D  3  n=180  score 0.239
  swiss value_v4_d2i64dcfr_30.init vs value_v4_d2i64dcfr_30.s1 W  0 L 15 D  5  n=200  score 0.228
  swiss value_v4_d2i64dcfr_30.s2 vs value_v4_d2i64dcfr_30.final W  7 L 12 D  1  n= 20  score 0.375
  swiss value_v4_d2i64dcfr_30.s2 vs value_v4_d2i64dcfr_30.final W  2 L 18 D  0  n= 40  score 0.237
  swiss value_v4_d2i64dcfr_30.s2 vs value_v4_d2i64dcfr_30.final W  4 L 16 D  0  n= 60  score 0.225
  swiss value_v4_d2i64dcfr_30.s2 vs value_v4_d2i64dcfr_30.final W  6 L 14 D  0  n= 80  score 0.244
  swiss value_v4_d2i64dcfr_30.s2 vs value_v4_d2i64dcfr_30.final W  4 L 16 D  0  n=100  score 0.235
  swiss value_v4_d2i64dcfr_30.s2 vs value_v4_d2i64dcfr_30.final W  6 L 14 D  0  n=120  score 0.246
  swiss value_v4_d2i64dcfr_30.s2 vs value_v4_d2i64dcfr_30.final W  7 L 13 D  0  n=140  score 0.261
  swiss value_v4_d2i64dcfr_30.s2 vs value_v4_d2i64dcfr_30.final W  5 L 15 D  0  n=160  score 0.259
  swiss value_v4_d2i64dcfr_30.s2 vs value_v4_d2i64dcfr_30.final W  4 L 15 D  1  n=180  score 0.256
  swiss value_v4_d2i64dcfr_30.s2 vs value_v4_d2i64dcfr_30.final W  9 L 11 D  0  n=200  score 0.275
  swiss value_v4_d2i64dcfr_30.s1 vs value_v4_d2i64dcfr_30.s3 W  2 L 18 D  0  n= 20  score 0.100  stop

=== Elo (runs/value_v4_d2i64dcfr_30, greedy = 0) ===
                      player   trained     elo   95%   score
 value_v4_d2i64dcfr_30.final   29.0min     681    36   0.669
    value_v4_d2i64dcfr_30.s3   23.0min     638    44   0.517
    value_v4_d2i64dcfr_30.s2   17.0min     498    48   0.312
    value_v4_d2i64dcfr_30.s1   11.0min     193    46   0.704
                      greedy         -       0    41   0.433
  value_v4_d2i64dcfr_30.init    5.0min     -49    38   0.314
[report] runs/value_v4_d2i64dcfr_30/report.html
