Linux 6.8.0-136-generic (856a17914eb3) 	08/10/26 	_x86_64_	(72 CPU)

13:31:11     CPU    %usr   %nice    %sys %iowait    %irq   %soft  %steal  %guest  %gnice   %idle
13:31:12     all    6.94    0.00    0.46    0.00    0.00    0.00    0.00    0.00    0.00   92.60
13:31:13     all    0.90    0.00    0.86    0.00    0.00    0.00    0.00    0.00    0.00   98.23
13:31:14     all    1.85    0.00    0.47    0.00    0.00    0.00    0.00    0.00    0.00   97.68
13:31:15     all    1.14    0.00    0.51    0.00    0.00    0.00    0.00    0.00    0.00   98.35
13:31:16     all    1.56    0.00    0.21    0.00    0.00    0.00    0.00    0.00    0.00   98.24
13:31:17     all    1.65    0.00    0.24    0.00    0.00    0.00    0.00    0.00    0.00   98.11
13:31:18     all    1.39    0.00    0.19    0.00    0.00    0.00    0.00    0.00    0.00   98.42
13:31:19     all    1.57    0.00    0.17    0.00    0.00    0.00    0.00    0.00    0.00   98.26
13:31:20     all    1.81    0.00    0.25    0.00    0.00    0.00    0.00    0.00    0.00   97.94
13:31:21     all    2.11    0.00    0.60    0.00    0.00    0.00    0.00    0.00    0.00   97.29
13:31:22     all    1.99    0.00    0.32    0.00    0.00    0.00    0.00    0.00    0.00   97.69
13:31:23     all    1.61    0.00    0.21    0.00    0.00    0.00    0.00    0.00    0.00   98.18
13:31:24     all    1.43    0.00    0.24    0.00    0.00    0.00    0.00    0.00    0.00   98.33
13:31:25     all    1.57    0.00    0.19    0.00    0.00    0.00    0.00    0.00    0.00   98.24
13:31:26     all    1.74    0.00    0.39    0.00    0.00    0.00    0.00    0.00    0.00   97.88
13:31:27     all    1.40    0.00    0.18    0.00    0.00    0.00    0.00    0.00    0.00   98.42
13:31:28     all    1.60    0.00    0.14    0.00    0.00    0.00    0.00    0.00    0.00   98.26
13:31:29     all    1.60    0.00    0.24    0.00    0.00    0.00    0.00    0.00    0.00   98.17
13:31:30     all    1.28    0.00    0.21    0.00    0.00    0.00    0.00    0.00    0.00   98.51
13:31:31     all    1.64    0.00    0.18    0.00    0.00    0.00    0.00    0.00    0.00   98.18
13:31:32     all    1.69    0.00    0.29    0.00    0.00    0.00    0.00    0.00    0.00   98.01
13:31:33     all    1.38    0.00    0.21    0.00    0.00    0.00    0.00    0.00    0.00   98.42
13:31:34     all    1.60    0.00    0.26    0.00    0.00    0.00    0.00    0.00    0.00   98.14
13:31:35     all    1.56    0.00    0.19    0.00    0.00    0.00    0.00    0.00    0.00   98.25
13:31:36     all    1.42    0.00    0.22    0.00    0.00    0.01    0.00    0.00    0.00   98.35
13:31:37     all    1.75    0.00    0.43    0.01    0.00    0.00    0.00    0.00    0.00   97.80
13:31:38     all    1.51    0.00    0.28    0.00    0.00    0.00    0.00    0.00    0.00   98.21
13:31:39     all    2.90    0.00    0.53    0.00    0.00    0.01    0.00    0.00    0.00   96.56
13:31:40     all    1.33    0.00    0.39    0.00    0.00    0.00    0.00    0.00    0.00   98.28
13:31:41     all    3.39    0.00    0.28    0.00    0.00    0.00    0.00    0.00    0.00   96.33
13:31:42     all    1.57    0.01    0.15    0.00    0.00    0.00    0.00    0.00    0.00   98.26
13:31:43     all    3.79    0.00    0.22    0.00    0.00    0.00    0.00    0.00    0.00   95.99
13:31:44     all    2.18    0.00    0.25    0.00    0.00    0.00    0.00    0.00    0.00   97.57
13:31:45     all    3.45    0.00    0.15    0.00    0.00    0.00    0.00    0.00    0.00   96.39
13:31:46     all    1.76    0.00    0.15    0.00    0.00    0.00    0.00    0.00    0.00   98.08
13:31:47     all    4.03    0.00    0.33    0.00    0.00    0.00    0.00    0.00    0.00   95.64
13:31:48     all    1.43    0.00    0.12    0.00    0.00    0.00    0.00    0.00    0.00   98.44
13:31:49     all    3.78    0.00    0.24    0.00    0.00    0.00    0.00    0.00    0.00   95.98
13:31:50     all    1.68    0.00    0.12    0.00    0.00    0.00    0.00    0.00    0.00   98.19
13:31:51     all    3.53    0.00    0.18    0.00    0.00    0.00    0.00    0.00    0.00   96.29
13:31:52     all    3.89    0.00    0.35    0.00    0.00    0.00    0.00    0.00    0.00   95.76
13:31:53     all    1.79    0.00    0.42    0.00    0.00    0.00    0.00    0.00    0.00   97.79
13:31:54     all    3.61    0.00    0.24    0.00    0.00    0.00    0.00    0.00    0.00   96.15
13:31:55     all    1.61    0.01    0.17    0.00    0.00    0.00    0.00    0.00    0.00   98.21
13:31:56     all    3.67    0.00    0.26    0.00    0.00    0.00    0.00    0.00    0.00   96.06
13:31:57     all    1.56    0.00    0.22    0.00    0.00    0.00    0.00    0.00    0.00   98.22
13:31:58     all    3.99    0.00    0.32    0.00    0.00    0.00    0.00    0.00    0.00   95.69
13:31:59     all    1.65    0.00    0.12    0.00    0.00    0.00    0.00    0.00    0.00   98.22
13:32:00     all    3.46    0.00    0.25    0.00    0.00    0.00    0.00    0.00    0.00   96.29
13:32:01     all    3.69    0.00    0.26    0.00    0.00    0.00    0.00    0.00    0.00   96.04
13:32:02     all    1.81    0.00    0.25    0.00    0.00    0.00    0.00    0.00    0.00   97.94
13:32:03     all    3.95    0.00    0.32    0.00    0.00    0.00    0.00    0.00    0.00   95.73
13:32:04     all    1.88    0.00    0.15    0.00    0.00    0.00    0.00    0.00    0.00   97.97
13:32:05     all    3.90    0.00    0.31    0.00    0.00    0.00    0.00    0.00    0.00   95.79
13:32:06     all    1.96    0.00    0.26    0.00    0.00    0.00    0.00    0.00    0.00   97.78
13:32:07     all    3.60    0.00    0.24    0.00    0.00    0.00    0.00    0.00    0.00   96.16
13:32:08     all    4.08    0.00    0.36    0.00    0.00    0.00    0.00    0.00    0.00   95.56
13:32:09     all    1.60    0.00    0.43    0.00    0.00    0.01    0.00    0.00    0.00   97.96
13:32:10     all    3.86    0.00    0.25    0.00    0.00    0.00    0.00    0.00    0.00   95.88
13:32:11     all    1.71    0.00    0.14    0.00    0.00    0.00    0.00    0.00    0.00   98.15
13:32:12     all    3.47    0.00    0.26    0.00    0.00    0.00    0.00    0.00    0.00   96.27
13:32:13     all    1.74    0.00    0.19    0.00    0.00    0.00    0.00    0.00    0.00   98.07
13:32:14     all    3.79    0.00    0.29    0.00    0.00    0.00    0.00    0.00    0.00   95.91
13:32:15     all    1.42    0.00    0.14    0.00    0.00    0.00    0.00    0.00    0.00   98.44
13:32:16     all    3.79    0.00    0.18    0.00    0.00    0.00    0.00    0.00    0.00   96.03
13:32:17     all    3.66    0.00    0.28    0.00    0.00    0.00    0.00    0.00    0.00   96.07
13:32:18     all    1.50    0.00    0.21    0.00    0.00    0.00    0.00    0.00    0.00   98.29
13:32:19     all    3.81    0.00    0.28    0.00    0.00    0.00    0.00    0.00    0.00   95.92
13:32:20     all    1.71    0.00    0.15    0.00    0.00    0.00    0.00    0.00    0.00   98.14
13:32:21     all    3.54    0.00    0.19    0.00    0.00    0.00    0.00    0.00    0.00   96.26
13:32:22     all    1.72    0.00    0.07    0.00    0.00    0.00    0.00    0.00    0.00   98.21
13:32:23     all    4.24    0.00    0.44    0.00    0.00    0.00    0.00    0.00    0.00   95.32
13:32:24     all    1.90    0.00    0.32    0.00    0.00    0.00    0.00    0.00    0.00   97.78
13:32:25     all    3.73    0.00    0.28    0.00    0.00    0.00    0.00    0.00    0.00   96.00
13:32:26     all    4.03    0.00    0.21    0.00    0.00    0.00    0.00    0.00    0.00   95.76
13:32:27     all    1.46    0.00    0.15    0.00    0.00    0.00    0.00    0.00    0.00   98.39
13:32:28     all    4.31    0.00    0.44    0.00    0.00    0.00    0.00    0.00    0.00   95.25
13:32:29     all    1.70    0.00    0.18    0.00    0.00    0.00    0.00    0.00    0.00   98.12
13:32:30     all    3.51    0.00    0.28    0.00    0.00    0.00    0.00    0.00    0.00   96.21
13:32:31     all    1.63    0.00    0.10    0.00    0.00    0.00    0.00    0.00    0.00   98.28
13:32:32     all    3.89    0.00    0.38    0.00    0.00    0.00    0.00    0.00    0.00   95.73
13:32:33     all    1.49    0.00    0.17    0.00    0.00    0.00    0.00    0.00    0.00   98.35
13:32:34     all    3.79    0.00    0.29    0.00    0.00    0.00    0.00    0.00    0.00   95.92
13:32:35     all    2.97    0.00    0.14    0.00    0.00    0.00    0.00    0.00    0.00   96.89
13:32:36     all    2.17    0.00    0.22    0.00    0.00    0.00    0.00    0.00    0.00   97.61
13:32:37     all    3.82    0.00    0.18    0.00    0.00    0.00    0.00    0.00    0.00   96.00
13:32:38     all    1.69    0.00    0.21    0.00    0.00    0.00    0.00    0.00    0.00   98.10
13:32:39     all    3.56    0.00    0.28    0.00    0.00    0.00    0.00    0.00    0.00   96.16
13:32:40     all    1.72    0.00    0.18    0.00    0.00    0.00    0.00    0.00    0.00   98.10
13:32:41     all    3.92    0.00    0.42    0.00    0.00    0.00    0.00    0.00    0.00   95.67
13:32:42     all    1.47    0.00    0.15    0.00    0.00    0.00    0.00    0.00    0.00   98.37
13:32:43     all    3.89    0.00    0.56    0.00    0.00    0.00    0.00    0.00    0.00   95.55
13:32:44     all    2.53    0.00    0.18    0.00    0.00    0.00    0.00    0.00    0.00   97.29
13:32:45     all    2.70    0.00    0.19    0.00    0.00    0.00    0.00    0.00    0.00   97.11
13:32:46     all    3.71    0.00    0.22    0.00    0.00    0.00    0.00    0.00    0.00   96.07
13:32:47     all    1.68    0.00    0.13    0.00    0.00    0.00    0.00    0.00    0.00   98.19
13:32:48     all    3.82    0.00    0.36    0.00    0.00    0.00    0.00    0.00    0.00   95.82
13:32:49     all    1.65    0.00    0.22    0.00    0.00    0.00    0.00    0.00    0.00   98.12
13:32:50     all    3.89    0.00    0.31    0.00    0.00    0.00    0.00    0.00    0.00   95.80
13:32:51     all    1.76    0.00    0.17    0.00    0.00    0.00    0.00    0.00    0.00   98.07
13:32:52     all    3.74    0.00    0.25    0.00    0.00    0.00    0.00    0.00    0.00   96.01
13:32:53     all    1.64    0.00    0.14    0.00    0.00    0.00    0.00    0.00    0.00   98.22
13:32:54     all    3.81    0.00    0.40    0.00    0.00    0.00    0.00    0.00    0.00   95.79
13:32:55     all    3.34    0.00    0.10    0.00    0.00    0.00    0.00    0.00    0.00   96.56
13:32:56     all    2.17    0.00    0.29    0.00    0.00    0.00    0.00    0.00    0.00   97.54
13:32:57     all    3.49    0.00    0.31    0.00    0.00    0.00    0.00    0.00    0.00   96.20
13:32:58     all    1.54    0.00    0.29    0.00    0.00    0.00    0.00    0.00    0.00   98.17
13:32:59     all    3.81    0.00    0.32    0.00    0.00    0.00    0.00    0.00    0.00   95.87
13:33:00     all    1.69    0.00    0.19    0.00    0.00    0.00    0.00    0.00    0.00   98.11
13:33:01     all    3.75    0.00    0.32    0.01    0.00    0.00    0.00    0.00    0.00   95.92
13:33:02     all    1.64    0.00    0.13    0.00    0.00    0.00    0.00    0.00    0.00   98.24
13:33:03     all    3.79    0.00    0.26    0.00    0.00    0.00    0.00    0.00    0.00   95.95
13:33:04     all    3.84    0.00    0.32    0.00    0.00    0.01    0.00    0.00    0.00   95.83
13:33:05     all    1.63    0.00    0.17    0.00    0.00    0.00    0.00    0.00    0.00   98.21
13:33:06     all    4.26    0.00    0.49    0.00    0.00    0.00    0.00    0.00    0.00   95.25
13:33:07     all    1.46    0.00    0.14    0.00    0.00    0.00    0.00    0.00    0.00   98.40
13:33:08     all    3.75    0.00    0.26    0.00    0.00    0.01    0.00    0.00    0.00   95.97
13:33:09     all    1.71    0.00    0.22    0.00    0.00    0.00    0.00    0.00    0.00   98.07
13:33:10     all    3.49    0.00    0.17    0.00    0.00    0.00    0.00    0.00    0.00   96.34
13:33:11     all    1.76    0.00    0.15    0.00    0.00    0.00    0.00    0.00    0.00   98.08
13:33:12     all    3.65    0.00    0.29    0.00    0.00    0.01    0.00    0.00    0.00   96.04
13:33:13     all    4.21    0.00    0.42    0.00    0.00    0.00    0.00    0.00    0.00   95.37
13:33:14     all    1.79    0.00    0.22    0.00    0.00    0.00    0.00    0.00    0.00   97.99
13:33:15     all    3.53    0.00    0.26    0.00    0.00    0.00    0.00    0.00    0.00   96.21
13:33:16     all    1.50    0.00    0.10    0.00    0.00    0.00    0.00    0.00    0.00   98.40
13:33:17     all    3.85    0.00    0.36    0.00    0.00    0.00    0.00    0.00    0.00   95.79
13:33:18     all    1.60    0.00    0.10    0.00    0.00    0.00    0.00    0.00    0.00   98.31
13:33:19     all    3.72    0.00    0.28    0.00    0.00    0.00    0.00    0.00    0.00   96.00
13:33:20     all    3.85    0.00    0.22    0.00    0.00    0.00    0.00    0.00    0.00   95.93
13:33:21     all    1.46    0.00    0.14    0.00    0.00    0.00    0.00    0.00    0.00   98.40
13:33:22     all    3.64    0.06    0.19    0.00    0.00    0.00    0.00    0.00    0.00   96.11
13:33:23     all    1.65    0.00    0.13    0.00    0.00    0.00    0.00    0.00    0.00   98.22
13:33:24     all    3.78    0.00    0.35    0.00    0.00    0.00    0.00    0.00    0.00   95.87
13:33:25     all    1.64    0.00    0.24    0.00    0.00    0.00    0.00    0.00    0.00   98.13
13:33:26     all    4.21    0.00    0.42    0.00    0.00    0.01    0.00    0.00    0.00   95.36
13:33:27     all    1.56    0.00    0.11    0.00    0.00    0.00    0.00    0.00    0.00   98.33
13:33:28     all    3.56    0.00    0.29    0.00    0.00    0.00    0.00    0.00    0.00   96.15
13:33:29     all    1.82    0.00    0.19    0.00    0.00    0.00    0.00    0.00    0.00   97.99
13:33:30     all    3.76    0.00    0.26    0.00    0.00    0.00    0.00    0.00    0.00   95.98
13:33:31     all    3.66    0.00    0.24    0.00    0.00    0.01    0.00    0.00    0.00   96.09
13:33:32     all    1.65    0.00    0.15    0.00    0.00    0.00    0.00    0.00    0.00   98.19
13:33:33     all    3.68    0.00    0.25    0.00    0.00    0.00    0.00    0.00    0.00   96.07
13:33:34     all    1.57    0.00    0.15    0.00    0.00    0.00    0.00    0.00    0.00   98.28
13:33:35     all    4.39    0.00    0.49    0.00    0.00    0.00    0.00    0.00    0.00   95.12
13:33:36     all    1.50    0.00    0.12    0.00    0.00    0.00    0.00    0.00    0.00   98.38
13:33:37     all    3.83    0.00    0.36    0.00    0.00    0.00    0.00    0.00    0.00   95.81
13:33:38     all    1.64    0.00    0.13    0.00    0.00    0.00    0.00    0.00    0.00   98.24
13:33:39     all    3.60    0.00    0.25    0.00    0.00    0.00    0.00    0.00    0.00   96.15
13:33:40     all    3.88    0.00    0.36    0.00    0.00    0.00    0.00    0.00    0.00   95.76
13:33:41     all    1.63    0.00    0.17    0.00    0.00    0.00    0.00    0.00    0.00   98.21
13:33:42     all    3.60    0.00    0.26    0.00    0.00    0.00    0.00    0.00    0.00   96.14
13:33:43     all    1.57    0.00    0.03    0.00    0.00    0.00    0.00    0.00    0.00   98.40
13:33:44     all    3.45    0.00    0.33    0.00    0.00    0.00    0.00    0.00    0.00   96.22
13:33:45     all    1.65    0.00    0.22    0.00    0.00    0.00    0.00    0.00    0.00   98.13
13:33:46     all    3.79    0.00    0.43    0.00    0.00    0.00    0.00    0.00    0.00   95.78
13:33:47     all    1.65    0.00    0.13    0.00    0.00    0.00    0.00    0.00    0.00   98.22
13:33:48     all    3.48    0.00    0.28    0.00    0.00    0.00    0.00    0.00    0.00   96.24
13:33:49     all    3.79    0.00    0.21    0.00    0.00    0.00    0.00    0.00    0.00   96.00
13:33:50     all    1.82    0.00    0.35    0.00    0.00    0.00    0.00    0.00    0.00   97.83
13:33:51     all    3.55    0.00    0.28    0.00    0.00    0.00    0.00    0.00    0.00   96.18
13:33:52     all    1.60    0.00    0.11    0.00    0.00    0.00    0.00    0.00    0.00   98.29
13:33:53     all    3.92    0.00    0.25    0.00    0.00    0.00    0.00    0.00    0.00   95.83
13:33:54     all    1.40    0.00    0.11    0.00    0.00    0.00    0.00    0.00    0.00   98.49
13:33:55     all    3.88    0.00    0.35    0.00    0.00    0.00    0.00    0.00    0.00   95.78
13:33:56     all    1.71    0.01    0.15    0.00    0.00    0.00    0.00    0.00    0.00   98.13
13:33:57     all    3.96    0.00    0.43    0.00    0.00    0.00    0.00    0.00    0.00   95.61
13:33:58     all    1.79    0.00    0.18    0.00    0.00    0.00    0.00    0.00    0.00   98.03
13:33:59     all    3.80    0.00    0.22    0.00    0.00    0.00    0.00    0.00    0.00   95.98
13:34:00     all    3.42    0.00    0.51    0.00    0.00    0.00    0.00    0.00    0.00   96.07
13:34:01     all    1.78    0.00    0.39    0.00    0.00    0.00    0.00    0.00    0.00   97.83
13:34:02     all    3.96    0.01    0.54    0.00    0.00    0.00    0.00    0.00    0.00   95.48
13:34:03     all    1.53    0.00    0.14    0.00    0.00    0.00    0.00    0.00    0.00   98.33
13:34:04     all    3.72    0.00    0.33    0.00    0.00    0.00    0.00    0.00    0.00   95.95
13:34:05     all    1.72    0.00    0.17    0.00    0.00    0.00    0.00    0.00    0.00   98.11
13:34:06     all    3.56    0.00    0.29    0.00    0.00    0.00    0.00    0.00    0.00   96.15
13:34:07     all    2.16    0.00    0.15    0.00    0.00    0.00    0.00    0.00    0.00   97.69
13:34:08     all    3.89    0.01    0.50    0.00    0.00    0.00    0.00    0.00    0.00   95.60
13:34:09     all    3.55    0.00    0.25    0.00    0.00    0.00    0.00    0.00    0.00   96.20
13:34:10     all    1.86    0.00    0.18    0.00    0.00    0.00    0.00    0.00    0.00   97.96
13:34:11     all    3.86    0.00    0.28    0.00    0.00    0.00    0.00    0.00    0.00   95.86
13:34:12     all    1.44    0.00    0.12    0.00    0.00    0.00    0.00    0.00    0.00   98.43
13:34:13     all    3.67    0.00    0.29    0.00    0.00    0.00    0.00    0.00    0.00   96.04
13:34:14     all    1.75    0.00    0.28    0.00    0.00    0.00    0.00    0.00    0.00   97.97
13:34:15     all    3.44    0.00    0.32    0.00    0.00    0.00    0.00    0.00    0.00   96.24
13:34:16     all    1.85    0.00    0.22    0.01    0.00    0.00    0.00    0.00    0.00   97.92
13:34:17     all    3.75    0.00    0.26    0.00    0.00    0.00    0.00    0.00    0.00   95.98
13:34:18     all    3.73    0.00    0.47    0.00    0.00    0.00    0.00    0.00    0.00   95.80
13:34:19     all    1.78    0.00    0.19    0.00    0.00    0.00    0.00    0.00    0.00   98.03
13:34:20     all    4.13    0.00    0.32    0.00    0.00    0.00    0.00    0.00    0.00   95.55
13:34:21     all    1.50    0.00    0.21    0.00    0.00    0.00    0.00    0.00    0.00   98.29
13:34:22     all    3.73    0.00    0.28    0.00    0.00    0.00    0.00    0.00    0.00   96.00
13:34:23     all    1.68    0.00    0.10    0.00    0.00    0.00    0.00    0.00    0.00   98.22
13:34:24     all    3.48    0.00    0.38    0.00    0.00    0.00    0.00    0.00    0.00   96.15
13:34:25     all    1.58    0.00    0.04    0.00    0.00    0.00    0.00    0.00    0.00   98.37
13:34:26     all    3.75    0.00    0.42    0.00    0.00    0.00    0.00    0.00    0.00   95.84
13:34:27     all    3.67    0.00    0.31    0.00    0.00    0.00    0.00    0.00    0.00   96.03
13:34:28     all    2.13    0.00    0.26    0.00    0.00    0.00    0.00    0.00    0.00   97.61
13:34:29     all    3.67    0.00    0.33    0.00    0.00    0.00    0.00    0.00    0.00   96.00
13:34:30     all    1.50    0.00    0.11    0.00    0.00    0.00    0.00    0.00    0.00   98.39
13:34:31     all    3.86    0.00    0.28    0.00    0.00    0.00    0.00    0.00    0.00   95.86
13:34:32     all    1.74    0.00    0.19    0.00    0.00    0.00    0.00    0.00    0.00   98.07
13:34:33     all    3.54    0.00    0.35    0.00    0.00    0.00    0.00    0.00    0.00   96.11
13:34:34     all    1.70    0.00    0.36    0.00    0.00    0.00    0.00    0.00    0.00   97.94
13:34:35     all    3.71    0.00    0.21    0.00    0.00    0.00    0.00    0.00    0.00   96.08
13:34:36     all    3.60    0.00    0.33    0.00    0.00    0.00    0.00    0.00    0.00   96.07
13:34:37     all    1.60    0.00    0.18    0.00    0.00    0.00    0.00    0.00    0.00   98.22
13:34:38     all    3.79    0.00    0.26    0.00    0.00    0.00    0.00    0.00    0.00   95.95
13:34:39     all    1.50    0.00    0.18    0.00    0.00    0.00    0.00    0.00    0.00   98.32
13:34:40     all    3.66    0.00    0.33    0.00    0.00    0.00    0.00    0.00    0.00   96.01
13:34:41     all    1.83    0.00    0.18    0.00    0.00    0.00    0.00    0.00    0.00   97.99
13:34:42     all    4.17    0.00    0.44    0.00    0.00    0.00    0.00    0.00    0.00   95.39
13:34:43     all    1.56    0.00    0.11    0.00    0.00    0.00    0.00    0.00    0.00   98.33
13:34:44     all    3.77    0.00    0.31    0.00    0.00    0.00    0.00    0.00    0.00   95.93
13:34:45     all    3.56    0.00    0.14    0.00    0.00    0.00    0.00    0.00    0.00   96.30
13:34:46     all    1.60    0.00    0.17    0.00    0.00    0.00    0.00    0.00    0.00   98.24
13:34:47     all    3.76    0.00    0.35    0.00    0.00    0.00    0.00    0.00    0.00   95.89
13:34:48     all    1.71    0.00    0.22    0.00    0.00    0.00    0.00    0.00    0.00   98.07
13:34:49     all    3.78    0.00    0.38    0.00    0.00    0.00    0.00    0.00    0.00   95.85
13:34:50     all    1.75    0.00    0.38    0.00    0.00    0.00    0.00    0.00    0.00   97.88
13:34:51     all    3.68    0.00    0.36    0.00    0.00    0.00    0.00    0.00    0.00   95.96
13:34:52     all    1.64    0.00    0.15    0.00    0.00    0.00    0.00    0.00    0.00   98.21
13:34:53     all    3.90    0.00    0.31    0.00    0.00    0.00    0.00    0.00    0.00   95.79
13:34:54     all    1.55    0.00    0.11    0.00    0.00    0.00    0.00    0.00    0.00   98.33
13:34:55     all    3.59    0.00    0.32    0.00    0.00    0.00    0.00    0.00    0.00   96.09
13:34:56     all    3.85    0.00    0.18    0.00    0.00    0.00    0.00    0.00    0.00   95.97
13:34:57     all    1.55    0.00    0.25    0.00    0.00    0.01    0.00    0.00    0.00   98.18
13:34:58     all    3.67    0.00    0.26    0.00    0.00    0.00    0.00    0.00    0.00   96.07
13:34:59     all    1.68    0.00    0.15    0.00    0.00    0.00    0.00    0.00    0.00   98.17
13:35:00     all    3.77    0.00    0.35    0.00    0.00    0.00    0.00    0.00    0.00   95.88
13:35:01     all    1.79    0.00    0.33    0.00    0.00    0.00    0.00    0.00    0.00   97.87
13:35:02     all    4.91    0.00    1.02    0.00    0.00    0.01    0.00    0.00    0.00   94.06
13:35:03     all    3.32    0.00    0.85    0.00    0.00    0.00    0.00    0.00    0.00   95.83
13:35:04     all    4.03    0.00    0.33    0.00    0.00    0.00    0.00    0.00    0.00   95.64
13:35:05     all    3.93    0.00    0.25    0.00    0.00    0.00    0.00    0.00    0.00   95.81
13:35:06     all    1.49    0.00    0.14    0.00    0.00    0.00    0.00    0.00    0.00   98.38
13:35:07     all    3.79    0.00    0.33    0.00    0.00    0.00    0.00    0.00    0.00   95.88
13:35:08     all    1.61    0.00    0.14    0.00    0.00    0.00    0.00    0.00    0.00   98.25
13:35:09     all    3.71    0.00    0.26    0.00    0.00    0.00    0.00    0.00    0.00   96.02
13:35:10     all    2.08    0.00    0.26    0.00    0.00    0.00    0.00    0.00    0.00   97.65
13:35:11     all    3.66    0.00    0.29    0.00    0.00    0.00    0.00    0.00    0.00   96.05
13:35:12     all    1.51    0.00    0.19    0.00    0.00    0.00    0.00    0.00    0.00   98.29
13:35:13     all    3.82    0.01    0.33    0.00    0.00    0.00    0.00    0.00    0.00   95.83
13:35:14     all    1.65    0.00    0.15    0.00    0.00    0.00    0.00    0.00    0.00   98.19
13:35:15     all    3.61    0.00    0.25    0.00    0.00    0.00    0.00    0.00    0.00   96.14
13:35:16     all    3.08    0.00    0.13    0.00    0.00    0.00    0.00    0.00    0.00   96.79
13:35:17     all    2.53    0.00    0.33    0.00    0.00    0.00    0.00    0.00    0.00   97.14
13:35:18     all    3.81    0.00    0.67    0.00    0.00    0.00    0.00    0.00    0.00   95.52
13:35:19     all    2.68    0.00    0.49    0.00    0.00    0.00    0.00    0.00    0.00   96.83
13:35:20     all    3.88    0.00    0.24    0.00    0.00    0.00    0.00    0.00    0.00   95.89
13:35:21     all    1.40    0.00    0.15    0.01    0.00    0.00    0.00    0.00    0.00   98.43
13:35:22     all    3.89    0.01    0.36    0.00    0.00    0.00    0.00    0.00    0.00   95.73
13:35:23     all    1.72    0.00    0.21    0.00    0.00    0.00    0.00    0.00    0.00   98.07
13:35:24     all    3.65    0.00    0.35    0.00    0.00    0.00    0.00    0.00    0.00   96.00
13:35:25     all    1.70    0.00    0.15    0.00    0.00    0.00    0.00    0.00    0.00   98.15
13:35:26     all    3.78    0.00    0.28    0.00    0.00    0.00    0.00    0.00    0.00   95.94
13:35:27     all    1.94    0.00    0.32    0.00    0.00    0.00    0.00    0.00    0.00   97.74
13:35:28     all    3.69    0.00    0.24    0.00    0.00    0.01    0.00    0.00    0.00   96.06
13:35:29     all    3.41    0.00    0.19    0.00    0.00    0.00    0.00    0.00    0.00   96.39
13:35:30     all    2.24    0.00    0.29    0.00    0.00    0.00    0.00    0.00    0.00   97.47
13:35:31     all    3.79    0.00    0.31    0.00    0.00    0.00    0.00    0.00    0.00   95.90
13:35:32     all    1.72    0.00    0.22    0.00    0.00    0.00    0.00    0.00    0.00   98.05
13:35:33     all    3.53    0.00    0.22    0.00    0.00    0.00    0.00    0.00    0.00   96.25
13:35:34     all    1.81    0.00    0.32    0.00    0.00    0.00    0.00    0.00    0.00   97.87
13:35:35     all    4.68    0.00    0.61    0.00    0.00    0.00    0.00    0.00    0.00   94.71
13:35:36     all    1.50    0.00    0.15    0.00    0.00    0.00    0.00    0.00    0.00   98.35
13:35:37     all    3.85    0.00    0.44    0.00    0.00    0.00    0.00    0.00    0.00   95.71
13:35:38     all    3.97    0.00    0.47    0.00    0.00    0.00    0.00    0.00    0.00   95.55
13:35:39     all    1.42    0.00    0.17    0.00    0.00    0.00    0.00    0.00    0.00   98.42
13:35:40     all    3.74    0.00    0.28    0.00    0.00    0.00    0.00    0.00    0.00   95.98
13:35:41     all    1.65    0.00    0.13    0.00    0.00    0.00    0.00    0.00    0.00   98.22
13:35:42     all    3.46    0.00    0.28    0.00    0.00    0.00    0.00    0.00    0.00   96.27
13:35:43     all    1.72    0.00    0.21    0.00    0.00    0.00    0.00    0.00    0.00   98.07
13:35:44     all    3.79    0.00    0.31    0.00    0.00    0.00    0.00    0.00    0.00   95.90
13:35:45     all    1.46    0.00    0.17    0.00    0.00    0.00    0.00    0.00    0.00   98.37
13:35:46     all    3.51    0.00    0.19    0.00    0.00    0.00    0.00    0.00    0.00   96.29
13:35:47     all    3.73    0.00    0.24    0.00    0.00    0.00    0.00    0.00    0.00   96.04
13:35:48     all    1.57    0.00    0.24    0.00    0.00    0.00    0.00    0.00    0.00   98.19
13:35:49     all    4.20    0.00    0.36    0.00    0.00    0.00    0.00    0.00    0.00   95.44
13:35:50     all    1.82    0.00    0.22    0.00    0.00    0.00    0.00    0.00    0.00   97.96
13:35:51     all    4.56    0.00    0.53    0.00    0.00    0.00    0.00    0.00    0.00   94.92
13:35:52     all    1.72    0.00    0.17    0.00    0.00    0.00    0.00    0.00    0.00   98.11
13:35:53     all    3.70    0.00    0.38    0.00    0.00    0.00    0.00    0.00    0.00   95.93
13:35:54     all    1.60    0.00    0.33    0.00    0.00    0.00    0.00    0.00    0.00   98.07
13:35:55     all    3.70    0.00    0.19    0.00    0.00    0.00    0.00    0.00    0.00   96.10
13:35:56     all    2.83    0.00    0.15    0.00    0.00    0.00    0.00    0.00    0.00   97.02
13:35:57     all    2.42    0.00    0.33    0.00    0.00    0.00    0.00    0.00    0.00   97.25
13:35:58     all    3.84    0.00    0.35    0.00    0.00    0.00    0.00    0.00    0.00   95.82
13:35:59     all    1.67    0.00    0.13    0.00    0.00    0.00    0.00    0.00    0.00   98.21
13:36:00     all    3.63    0.00    0.32    0.00    0.00    0.00    0.00    0.00    0.00   96.05
13:36:01     all    1.64    0.00    0.14    0.00    0.00    0.00    0.00    0.00    0.00   98.22
13:36:02     all    3.75    0.00    0.31    0.00    0.00    0.00    0.00    0.00    0.00   95.94
13:36:03     all    1.51    0.00    0.19    0.00    0.00    0.00    0.00    0.00    0.00   98.29
13:36:04     all    3.68    0.00    0.29    0.00    0.00    0.00    0.00    0.00    0.00   96.03
13:36:05     all    1.63    0.00    0.17    0.00    0.00    0.00    0.00    0.00    0.00   98.21
13:36:06     all    3.71    0.00    0.33    0.00    0.00    0.00    0.00    0.00    0.00   95.95
13:36:07     all    4.50    0.00    0.49    0.03    0.00    0.00    0.00    0.00    0.00   94.98
13:36:08     all    1.88    0.00    0.35    0.00    0.00    0.00    0.00    0.00    0.00   97.78
13:36:09     all    3.64    0.00    0.33    0.00    0.00    0.00    0.00    0.00    0.00   96.02
13:36:10     all    1.86    0.00    0.35    0.00    0.00    0.00    0.00    0.00    0.00   97.79
13:36:11     all    4.30    0.00    0.39    0.00    0.00    0.00    0.00    0.00    0.00   95.31
13:36:12     all    1.68    0.00    0.29    0.00    0.00    0.00    0.00    0.00    0.00   98.03
13:36:13     all    4.03    0.00    0.36    0.00    0.00    0.00    0.00    0.00    0.00   95.61
13:36:14     all    1.71    0.00    0.18    0.00    0.00    0.00    0.00    0.00    0.00   98.11
13:36:15     all    3.42    0.00    0.24    0.00    0.00    0.00    0.00    0.00    0.00   96.34
13:36:16     all    3.90    0.00    0.18    0.01    0.00    0.00    0.00    0.00    0.00   95.90
13:36:17     all    1.64    0.00    0.17    0.00    0.00    0.00    0.00    0.00    0.00   98.19
13:36:18     all    3.61    0.00    0.25    0.00    0.00    0.00    0.00    0.00    0.00   96.14
13:36:19     all    1.67    0.00    0.18    0.00    0.00    0.00    0.00    0.00    0.00   98.15
13:36:20     all    4.02    0.00    0.38    0.00    0.00    0.00    0.00    0.00    0.00   95.61
13:36:21     all    1.43    0.00    0.11    0.00    0.00    0.00    0.00    0.00    0.00   98.46
13:36:22     all    3.92    0.00    0.54    0.01    0.00    0.00    0.00    0.00    0.00   95.53
13:36:23     all    2.40    0.00    0.31    0.03    0.00    0.00    0.00    0.00    0.00   97.26
13:36:24     all    3.81    0.00    0.42    0.00    0.00    0.00    0.00    0.00    0.00   95.78
13:36:25     all    3.86    0.00    0.31    0.00    0.00    0.00    0.00    0.00    0.00   95.83
13:36:26     all    1.72    0.00    0.32    0.00    0.00    0.00    0.00    0.00    0.00   97.96
13:36:27     all    3.50    0.00    0.21    0.00    0.00    0.00    0.00    0.00    0.00   96.29
13:36:28     all    1.64    0.00    0.06    0.00    0.00    0.00    0.00    0.00    0.00   98.30
13:36:29     all    3.75    0.00    0.38    0.00    0.00    0.00    0.00    0.00    0.00   95.87
13:36:30     all    1.43    0.00    0.12    0.00    0.00    0.00    0.00    0.00    0.00   98.44
13:36:31     all    3.87    0.00    0.31    0.00    0.00    0.00    0.00    0.00    0.00   95.83
13:36:32     all    1.86    0.00    0.28    0.00    0.00    0.00    0.00    0.00    0.00   97.86
13:36:33     all    4.03    0.00    0.36    0.00    0.00    0.00    0.00    0.00    0.00   95.61
13:36:34     all    3.62    0.00    0.33    0.00    0.00    0.00    0.00    0.00    0.00   96.04
13:36:35     all    2.32    0.00    0.42    0.00    0.00    0.00    0.00    0.00    0.00   97.26
13:36:36     all    3.65    0.00    0.33    0.00    0.00    0.00    0.00    0.00    0.00   96.01
13:36:37     all    1.63    0.00    0.13    0.00    0.00    0.00    0.00    0.00    0.00   98.25
13:36:38     all    3.89    0.00    0.54    0.01    0.00    0.00    0.00    0.00    0.00   95.55
13:36:39     all    2.14    0.00    0.25    0.00    0.00    0.00    0.00    0.00    0.00   97.61
13:36:40     all   13.41    0.00    2.28    0.00    0.00    0.00    0.00    0.00    0.00   84.31
13:36:41     all   29.89    0.00    2.63    0.00    0.00    0.03    0.00    0.00    0.00   67.45
13:36:42     all   29.67    0.00    2.60    0.00    0.00    0.00    0.00    0.00    0.00   67.73
13:36:43     all   26.73    0.00    3.19    0.00    0.00    0.00    0.00    0.00    0.00   70.09
13:36:44     all   23.32    0.00    2.86    0.00    0.00    0.00    0.00    0.00    0.00   73.81
13:36:45     all   17.01    0.00    1.87    0.00    0.00    0.01    0.00    0.00    0.00   81.11
13:36:46     all   27.92    0.00    2.14    0.00    0.00    0.00    0.00    0.00    0.00   69.94
13:36:47     all   23.31    0.00    1.89    0.00    0.00    0.00    0.00    0.00    0.00   74.80
13:36:48     all   17.58    0.00    1.50    0.00    0.00    0.00    0.00    0.00    0.00   80.92
13:36:49     all   19.73    0.00    1.09    0.00    0.00    0.01    0.00    0.00    0.00   79.17
13:36:50     all   18.72    0.00    0.90    0.00    0.00    0.00    0.00    0.00    0.00   80.38
13:36:51     all   18.25    0.00    0.88    0.00    0.00    0.00    0.00    0.00    0.00   80.87
13:36:52     all   13.20    0.00    0.88    0.00    0.00    0.00    0.00    0.00    0.00   85.92
13:36:53     all   12.53    0.00    0.90    0.00    0.00    0.00    0.00    0.00    0.00   86.56
13:36:54     all   14.30    0.00    1.85    0.01    0.00    0.00    0.00    0.00    0.00   83.83
13:36:55     all   20.26    0.00    1.45    0.00    0.00    0.01    0.00    0.00    0.00   78.28
13:36:56     all   20.80    0.00    2.28    0.00    0.00    0.00    0.00    0.00    0.00   76.92
13:36:57     all   24.74    0.00    3.48    0.00    0.00    0.00    0.00    0.00    0.00   71.79
13:36:58     all   15.82    0.00    3.00    0.00    0.00    0.00    0.00    0.00    0.00   81.18
13:36:59     all   23.64    0.00    3.71    0.00    0.00    0.00    0.00    0.00    0.00   72.65
13:37:00     all   21.00    0.00    3.03    0.00    0.00    0.00    0.00    0.00    0.00   75.97
13:37:01     all   21.38    0.00    4.11    0.00    0.00    0.01    0.00    0.00    0.00   74.50
13:37:02     all   36.11    0.00    6.48    0.00    0.00    0.01    0.00    0.00    0.00   57.40
13:37:03     all   20.41    0.00    4.95    0.00    0.00    0.01    0.00    0.00    0.00   74.62
13:37:04     all   32.52    0.00    7.79    0.00    0.00    0.00    0.00    0.00    0.00   59.69
13:37:05     all   21.74    0.01    6.28    0.00    0.00    0.00    0.00    0.00    0.00   71.96
13:37:06     all   21.81    0.00    5.19    0.00    0.00    0.00    0.00    0.00    0.00   73.00
13:37:07     all   21.89    0.00    3.44    0.00    0.00    0.00    0.00    0.00    0.00   74.67
13:37:08     all   25.31    0.00    4.72    0.00    0.00    0.00    0.00    0.00    0.00   69.97
13:37:09     all   18.97    0.00    4.68    0.00    0.00    0.00    0.00    0.00    0.00   76.34
13:37:10     all   21.87    0.00    4.15    0.00    0.00    0.00    0.00    0.00    0.00   73.98
13:37:11     all   17.88    0.00    4.09    0.04    0.00    0.01    0.00    0.00    0.00   77.98
13:37:12     all   25.15    0.00    5.36    0.03    0.00    0.00    0.00    0.00    0.00   69.47
13:37:13     all   19.78    0.00    5.06    0.00    0.00    0.00    0.00    0.00    0.00   75.16
13:37:14     all   22.89    0.01    5.61    0.00    0.00    0.00    0.00    0.00    0.00   71.49
13:37:15     all   24.53    0.00    7.00    0.00    0.00    0.00    0.00    0.00    0.00   68.47
13:37:16     all   22.92    0.00    6.28    0.00    0.00    0.03    0.00    0.00    0.00   70.77
13:37:17     all   25.18    0.00    7.33    0.01    0.00    0.00    0.00    0.00    0.00   67.48
13:37:18     all   25.19    0.00    8.17    0.00    0.00    0.03    0.00    0.00    0.00   66.62
13:37:19     all   29.27    0.00    8.79    0.00    0.00    0.00    0.00    0.00    0.00   61.94
13:37:20     all   21.61    0.00    8.23    0.00    0.00    0.00    0.00    0.00    0.00   70.16
13:37:21     all   24.84    0.00    8.44    0.00    0.00    0.00    0.00    0.00    0.00   66.72
13:37:22     all   28.46    0.01   11.53    0.00    0.00    0.01    0.00    0.00    0.00   59.99
13:37:23     all   24.59    0.00   10.29    0.00    0.00    0.00    0.00    0.00    0.00   65.11
13:37:24     all   28.27    0.00   11.36    0.00    0.00    0.00    0.00    0.00    0.00   60.37
13:37:25     all   31.36    0.00   13.21    0.00    0.00    0.00    0.00    0.00    0.00   55.43
13:37:26     all   27.36    0.00   14.61    0.00    0.00    0.00    0.00    0.00    0.00   58.03
13:37:27     all   30.23    0.00   15.31    0.03    0.00    0.00    0.00    0.00    0.00   54.43
13:37:28     all   27.52    0.00   14.20    0.00    0.00    0.01    0.00    0.00    0.00   58.27
13:37:29     all   31.24    0.00   17.96    0.00    0.00    0.00    0.00    0.00    0.00   50.80
13:37:30     all   28.30    0.00   16.37    0.00    0.00    0.00    0.00    0.00    0.00   55.32
13:37:31     all   29.56    0.00   16.42    0.00    0.00    0.01    0.00    0.00    0.00   54.00
13:37:32     all   29.99    0.00   17.00    0.00    0.00    0.00    0.00    0.00    0.00   53.02
13:37:33     all   30.71    0.00   17.55    0.00    0.00    0.00    0.00    0.00    0.00   51.75
13:37:34     all   29.69    0.00   16.99    0.00    0.00    0.00    0.00    0.00    0.00   53.32
13:37:35     all   30.28    0.00   15.20    0.00    0.00    0.03    0.00    0.00    0.00   54.49
13:37:36     all   30.16    0.00   15.96    0.00    0.00    0.01    0.00    0.00    0.00   53.87
13:37:37     all   30.04    0.00   16.85    0.00    0.00    0.00    0.00    0.00    0.00   53.11
13:37:38     all   29.74    0.00   19.43    0.00    0.00    0.00    0.00    0.00    0.00   50.83
13:37:39     all   30.95    0.00   18.47    0.00    0.00    0.00    0.00    0.00    0.00   50.58
13:37:40     all   29.56    0.00   19.91    0.00    0.00    0.00    0.00    0.00    0.00   50.53
13:37:41     all   27.38    0.00   16.38    0.00    0.00    0.01    0.00    0.00    0.00   56.23
13:37:42     all   23.35    0.00   15.17    0.00    0.00    0.00    0.00    0.00    0.00   61.48
13:37:43     all   23.86    0.00   14.16    0.00    0.00    0.00    0.00    0.00    0.00   61.98
13:37:44     all   21.20    0.00   14.55    0.00    0.00    0.00    0.00    0.00    0.00   64.25
13:37:45     all   28.68    0.00   19.01    0.00    0.00    0.01    0.00    0.00    0.00   52.30
13:37:46     all   30.22    0.00   18.49    0.00    0.00    0.00    0.00    0.00    0.00   51.28
13:37:47     all   30.88    0.00   18.17    0.00    0.00    0.01    0.00    0.00    0.00   50.93
13:37:48     all   30.72    0.00   18.58    0.00    0.00    0.00    0.00    0.00    0.00   50.70
13:37:49     all   28.81    0.00   18.53    0.00    0.00    0.00    0.00    0.00    0.00   52.66
13:37:50     all   30.33    0.00   17.95    0.00    0.00    0.00    0.00    0.00    0.00   51.72
13:37:51     all   30.19    0.00   19.48    0.00    0.00    0.00    0.00    0.00    0.00   50.33
13:37:52     all   30.24    0.00   19.40    0.00    0.00    0.00    0.00    0.00    0.00   50.36
13:37:53     all   28.83    0.00   18.50    0.00    0.00    0.00    0.00    0.00    0.00   52.68
13:37:54     all   29.24    0.00   20.46    0.00    0.00    0.00    0.00    0.00    0.00   50.31
13:37:55     all   28.34    0.00   20.97    0.00    0.00    0.01    0.00    0.00    0.00   50.68
13:37:56     all   28.90    0.00   21.25    0.00    0.00    0.00    0.00    0.00    0.00   49.85
13:37:57     all   29.06    0.00   20.10    0.00    0.00    0.00    0.00    0.00    0.00   50.83
13:37:58     all   28.51    0.00   21.22    0.00    0.00    0.00    0.00    0.00    0.00   50.26
13:37:59     all   29.43    0.00   20.62    0.00    0.00    0.00    0.00    0.00    0.00   49.95
13:38:00     all   28.53    0.00   20.64    0.00    0.00    0.01    0.00    0.00    0.00   50.81
13:38:01     all   27.66    0.00   22.09    0.00    0.00    0.01    0.00    0.00    0.00   50.24
13:38:02     all   28.10    0.00   21.85    0.00    0.00    0.00    0.00    0.00    0.00   50.05
13:38:03     all   28.07    0.00   22.56    0.01    0.00    0.01    0.00    0.00    0.00   49.35
13:38:04     all   31.89    0.00   20.21    0.00    0.00    0.00    0.00    0.00    0.00   47.90
13:38:05     all   30.65    0.00   20.14    0.03    0.00    0.01    0.00    0.00    0.00   49.17
13:38:06     all   30.24    0.01   18.88    0.00    0.00    0.00    0.00    0.00    0.00   50.87
13:38:07     all   29.16    0.00   19.97    0.00    0.00    0.00    0.00    0.00    0.00   50.87
13:38:08     all   28.89    0.00   20.59    0.00    0.00    0.00    0.00    0.00    0.00   50.52
13:38:09     all   27.86    0.00   21.90    0.00    0.00    0.01    0.00    0.00    0.00   50.22
13:38:10     all   28.33    0.00   21.58    0.00    0.00    0.00    0.00    0.00    0.00   50.10
13:38:11     all   27.32    0.00   22.72    0.00    0.00    0.01    0.00    0.00    0.00   49.94
13:38:12     all   28.16    0.00   21.89    0.00    0.00    0.00    0.00    0.00    0.00   49.95
13:38:13     all   28.64    0.00   20.81    0.00    0.00    0.00    0.00    0.00    0.00   50.55
13:38:14     all   30.33    0.00   19.52    0.00    0.00    0.01    0.00    0.00    0.00   50.14
13:38:15     all   30.80    0.00   19.07    0.00    0.00    0.01    0.00    0.00    0.00   50.12
13:38:16     all   28.71    0.00   21.58    0.00    0.00    0.00    0.00    0.00    0.00   49.71
13:38:17     all   29.41    0.00   20.65    0.00    0.00    0.00    0.00    0.00    0.00   49.94
13:38:18     all   29.82    0.00   21.41    0.00    0.00    0.00    0.00    0.00    0.00   48.77
13:38:19     all   29.45    0.00   20.12    0.00    0.00    0.03    0.00    0.00    0.00   50.40
13:38:20     all   27.72    0.00   21.62    0.00    0.00    0.00    0.00    0.00    0.00   50.66
13:38:21     all   28.94    0.00   20.44    0.00    0.00    0.00    0.00    0.00    0.00   50.62
13:38:22     all   27.64    0.00   22.62    0.00    0.00    0.01    0.00    0.00    0.00   49.72
13:38:23     all   28.37    0.00   21.55    0.00    0.00    0.00    0.00    0.00    0.00   50.08
13:38:24     all   26.04    0.00   23.87    0.00    0.00    0.00    0.00    0.00    0.00   50.09
13:38:25     all   26.63    0.00   21.64    0.00    0.00    0.00    0.00    0.00    0.00   51.73
13:38:26     all   25.80    0.00   22.85    0.00    0.00    0.00    0.00    0.00    0.00   51.35
13:38:27     all   29.37    0.00   21.88    0.00    0.00    0.00    0.00    0.00    0.00   48.75
13:38:28     all   26.73    0.00   23.89    0.00    0.00    0.00    0.00    0.00    0.00   49.38
13:38:29     all   26.17    0.00   23.03    0.00    0.00    0.01    0.00    0.00    0.00   50.79
13:38:30     all   29.02    0.00   20.89    0.00    0.00    0.01    0.00    0.00    0.00   50.08
13:38:31     all   27.35    0.00   22.58    0.00    0.00    0.00    0.00    0.00    0.00   50.08
13:38:32     all   25.71    0.00   23.69    0.00    0.00    0.00    0.00    0.00    0.00   50.60
13:38:33     all   27.29    0.00   23.24    0.00    0.00    0.01    0.00    0.00    0.00   49.46
13:38:34     all   27.29    0.01   23.17    0.00    0.00    0.00    0.00    0.00    0.00   49.53
13:38:35     all   27.37    0.00   22.41    0.00    0.00    0.00    0.00    0.00    0.00   50.22
13:38:36     all   27.72    0.00   22.62    0.00    0.00    0.01    0.00    0.00    0.00   49.65
13:38:37     all   25.30    0.00   24.55    0.00    0.00    0.03    0.00    0.00    0.00   50.13
13:38:38     all   28.71    0.00   21.74    0.00    0.00    0.00    0.00    0.00    0.00   49.55
13:38:39     all   28.12    0.00   22.32    0.00    0.00    0.00    0.00    0.00    0.00   49.56
13:38:40     all   27.54    0.00   20.16    0.00    0.00    0.00    0.00    0.00    0.00   52.30
13:38:41     all   30.20    0.00   19.01    0.00    0.00    0.00    0.00    0.00    0.00   50.79
13:38:42     all   27.69    0.00   22.46    0.00    0.00    0.01    0.00    0.00    0.00   49.84
13:38:43     all   27.43    0.00   22.88    0.00    0.00    0.00    0.00    0.00    0.00   49.69
13:38:44     all   27.89    0.00   22.32    0.00    0.00    0.00    0.00    0.00    0.00   49.79
13:38:45     all   28.45    0.00   21.17    0.00    0.00    0.00    0.00    0.00    0.00   50.38
13:38:46     all   27.53    0.01   22.46    0.00    0.00    0.00    0.00    0.00    0.00   50.00
13:38:47     all   26.50    0.00   23.88    0.00    0.00    0.00    0.00    0.00    0.00   49.63
13:38:48     all   26.09    0.00   24.44    0.00    0.00    0.01    0.00    0.00    0.00   49.45
13:38:49     all   24.45    0.00   25.81    0.00    0.00    0.01    0.00    0.00    0.00   49.73
13:38:50     all   26.18    0.00   25.22    0.00    0.00    0.00    0.00    0.00    0.00   48.60
13:38:51     all   25.41    0.00   24.77    0.00    0.00    0.00    0.00    0.00    0.00   49.82
13:38:52     all   26.67    0.00   23.29    0.00    0.00    0.00    0.00    0.00    0.00   50.03
13:38:53     all   27.91    0.00   22.07    0.00    0.00    0.01    0.00    0.00    0.00   50.01
13:38:54     all   26.17    0.00   23.66    0.00    0.00    0.00    0.00    0.00    0.00   50.17
13:38:55     all   26.17    0.00   23.68    0.00    0.00    0.00    0.00    0.00    0.00   50.15
13:38:56     all   26.76    0.01   23.07    0.00    0.00    0.00    0.00    0.00    0.00   50.15
13:38:57     all   25.37    0.00   24.35    0.00    0.00    0.00    0.00    0.00    0.00   50.28
13:38:58     all   27.58    0.00   22.84    0.00    0.00    0.03    0.00    0.00    0.00   49.56
13:38:59     all   25.89    0.00   24.50    0.00    0.00    0.00    0.00    0.00    0.00   49.62
13:39:01     all   26.65    0.00   22.50    0.01    0.00    0.00    0.00    0.00    0.00   50.84
13:39:02     all   25.88    0.00   24.26    0.00    0.00    0.00    0.00    0.00    0.00   49.86
13:39:03     all   25.89    0.00   24.22    0.00    0.00    0.00    0.00    0.00    0.00   49.90
13:39:04     all   28.24    0.00   21.81    0.00    0.00    0.01    0.00    0.00    0.00   49.94
13:39:05     all   26.57    0.00   24.00    0.00    0.00    0.00    0.00    0.00    0.00   49.43
13:39:06     all   28.11    0.00   21.62    0.00    0.00    0.00    0.00    0.00    0.00   50.26
13:39:07     all   26.10    0.00   22.79    0.00    0.00    0.00    0.00    0.00    0.00   51.11
13:39:08     all   27.15    0.00   22.81    0.00    0.00    0.00    0.00    0.00    0.00   50.04
13:39:09     all   27.69    0.00   22.24    0.00    0.00    0.00    0.00    0.00    0.00   50.08
13:39:10     all   27.05    0.00   22.73    0.00    0.00    0.01    0.00    0.00    0.00   50.20
13:39:11     all   26.74    0.00   23.94    0.00    0.00    0.00    0.00    0.00    0.00   49.32
13:39:12     all   26.14    0.00   23.91    0.00    0.00    0.00    0.00    0.00    0.00   49.95
13:39:13     all   24.85    0.00   24.73    0.00    0.00    0.01    0.00    0.00    0.00   50.41
13:39:14     all   27.52    0.00   23.08    0.00    0.00    0.00    0.00    0.00    0.00   49.40
13:39:15     all   27.43    0.00   23.06    0.00    0.00    0.01    0.00    0.00    0.00   49.50
13:39:16     all   27.49    0.00   22.39    0.00    0.00    0.00    0.00    0.00    0.00   50.12
13:39:17     all   25.90    0.00   23.97    0.00    0.00    0.00    0.00    0.00    0.00   50.13
13:39:18     all   25.57    0.00   24.40    0.00    0.00    0.00    0.00    0.00    0.00   50.03
13:39:19     all   26.56    0.00   23.47    0.00    0.00    0.03    0.00    0.00    0.00   49.94
13:39:20     all   25.96    0.00   24.30    0.00    0.00    0.00    0.00    0.00    0.00   49.74
13:39:21     all   25.86    0.00   24.79    0.00    0.00    0.00    0.00    0.00    0.00   49.35
13:39:22     all   26.19    0.00   24.70    0.00    0.00    0.00    0.00    0.00    0.00   49.10
13:39:23     all   27.43    0.03   22.92    0.00    0.00    0.00    0.00    0.00    0.00   49.62
13:39:24     all   28.20    0.00   21.07    0.00    0.00    0.01    0.00    0.00    0.00   50.72
13:39:25     all   28.88    0.00   20.94    0.00    0.00    0.00    0.00    0.00    0.00   50.17
13:39:26     all   26.87    0.00   22.34    0.00    0.00    0.00    0.00    0.00    0.00   50.79
13:39:27     all   27.40    0.00   22.25    0.00    0.00    0.00    0.00    0.00    0.00   50.35
13:39:28     all   26.65    0.00   22.82    0.00    0.00    0.00    0.00    0.00    0.00   50.53
13:39:29     all   28.64    0.00   21.07    0.00    0.00    0.00    0.00    0.00    0.00   50.29
13:39:30     all   26.71    0.00   23.12    0.00    0.00    0.01    0.00    0.00    0.00   50.16
13:39:31     all   28.54    0.00   21.88    0.00    0.00    0.00    0.00    0.00    0.00   49.58
13:39:32     all   27.28    0.00   22.14    0.00    0.00    0.00    0.00    0.00    0.00   50.58
13:39:33     all   25.47    0.00   18.91    0.00    0.00    0.01    0.00    0.00    0.00   55.61
13:39:34     all   23.38    0.00   18.99    0.00    0.00    0.00    0.00    0.00    0.00   57.63
13:39:35     all   22.67    0.00   15.82    0.00    0.00    0.00    0.00    0.00    0.00   61.51
13:39:36     all   23.88    0.00   16.58    0.00    0.00    0.00    0.00    0.00    0.00   59.54
13:39:37     all   26.66    0.00   20.23    0.00    0.00    0.00    0.00    0.00    0.00   53.11
13:39:38     all   28.89    0.00   20.66    0.00    0.00    0.00    0.00    0.00    0.00   50.45
13:39:39     all   28.64    0.00   21.04    0.00    0.00    0.01    0.00    0.00    0.00   50.31
13:39:40     all   29.14    0.00   20.56    0.00    0.00    0.00    0.00    0.00    0.00   50.29
13:39:41     all   27.54    0.00   22.47    0.00    0.00    0.00    0.00    0.00    0.00   49.99
13:39:42     all   27.08    0.00   24.44    0.00    0.00    0.00    0.00    0.00    0.00   48.47
13:39:43     all   25.53    0.00   24.37    0.00    0.00    0.00    0.00    0.00    0.00   50.10
13:39:44     all   25.70    0.00   24.27    0.00    0.00    0.03    0.00    0.00    0.00   50.00
13:39:45     all   26.09    0.00   23.32    0.00    0.00    0.00    0.00    0.00    0.00   50.59
13:39:46     all   27.70    0.00   21.91    0.00    0.00    0.00    0.00    0.00    0.00   50.39
13:39:47     all   28.34    0.00   21.39    0.00    0.00    0.01    0.00    0.00    0.00   50.26
13:39:48     all   29.62    0.00   19.90    0.00    0.00    0.00    0.00    0.00    0.00   50.48
13:39:49     all   28.48    0.00   20.29    0.00    0.00    0.00    0.00    0.00    0.00   51.23
13:39:50     all   29.94    0.00   19.69    0.00    0.00    0.00    0.00    0.00    0.00   50.37
13:39:51     all   27.29    0.00   21.13    0.00    0.00    0.00    0.00    0.00    0.00   51.58
13:39:52     all   29.34    0.00   19.82    0.00    0.00    0.00    0.00    0.00    0.00   50.83
13:39:53     all   28.97    0.00   20.77    0.00    0.00    0.03    0.00    0.00    0.00   50.23
13:39:54     all   28.50    0.00   21.26    0.00    0.00    0.00    0.00    0.00    0.00   50.24
13:39:55     all   29.41    0.00   21.37    0.00    0.00    0.01    0.00    0.00    0.00   49.20
13:39:56     all   28.64    0.00   21.05    0.00    0.00    0.00    0.00    0.00    0.00   50.31
13:39:57     all   27.35    0.00   22.58    0.00    0.00    0.00    0.00    0.00    0.00   50.06
13:39:58     all   28.26    0.00   21.59    0.00    0.00    0.01    0.00    0.00    0.00   50.14
13:39:59     all   28.97    0.00   20.00    0.00    0.00    0.00    0.00    0.00    0.00   51.04
13:40:00     all   29.57    0.00   20.28    0.00    0.00    0.00    0.00    0.00    0.00   50.15
13:40:01     all   29.59    0.00   20.39    0.00    0.00    0.00    0.00    0.00    0.00   50.03
13:40:02     all   29.31    0.00   22.87    0.00    0.00    0.01    0.00    0.00    0.00   47.81
13:40:03     all   29.81    0.00   20.78    0.00    0.00    0.01    0.00    0.00    0.00   49.40
13:40:04     all   30.27    0.00   20.35    0.00    0.00    0.00    0.00    0.00    0.00   49.38
13:40:05     all   28.26    0.00   20.74    0.00    0.00    0.00    0.00    0.00    0.00   51.01
13:40:06     all   28.32    0.00   21.05    0.00    0.00    0.00    0.00    0.00    0.00   50.63
13:40:07     all   26.73    0.00   23.50    0.00    0.00    0.00    0.00    0.00    0.00   49.77
13:40:08     all   28.27    0.00   21.44    0.00    0.00    0.00    0.00    0.00    0.00   50.29
13:40:09     all   28.85    0.00   21.04    0.00    0.00    0.01    0.00    0.00    0.00   50.10
13:40:10     all   28.93    0.00   19.64    0.00    0.00    0.01    0.00    0.00    0.00   51.42
13:40:11     all   29.52    0.00   18.48    0.00    0.00    0.00    0.00    0.00    0.00   52.00
13:40:12     all   29.28    0.00   20.77    0.00    0.00    0.00    0.00    0.00    0.00   49.94
13:40:13     all   28.94    0.00   20.95    0.00    0.00    0.00    0.00    0.00    0.00   50.12
13:40:14     all   30.01    0.00   19.71    0.00    0.00    0.00    0.00    0.00    0.00   50.28
13:40:15     all   29.69    0.00   18.80    0.00    0.00    0.01    0.00    0.00    0.00   51.50
13:40:16     all   26.86    0.00   19.48    0.00    0.00    0.00    0.00    0.00    0.00   53.66
13:40:17     all   27.87    0.00   20.76    0.00    0.00    0.00    0.00    0.00    0.00   51.37
13:40:18     all   26.79    0.00   21.12    0.00    0.00    0.03    0.00    0.00    0.00   52.06
13:40:19     all   28.99    0.00   21.36    0.00    0.00    0.00    0.00    0.00    0.00   49.65
13:40:20     all   29.47    0.00   20.02    0.00    0.00    0.00    0.00    0.00    0.00   50.51
13:40:21     all   28.26    0.00   20.61    0.00    0.00    0.01    0.00    0.00    0.00   51.12
13:40:22     all   29.14    0.00   19.69    0.00    0.00    0.00    0.00    0.00    0.00   51.18
13:40:23     all   29.02    0.01   20.62    0.00    0.00    0.00    0.00    0.00    0.00   50.35
13:40:24     all   29.33    0.00   20.84    0.00    0.00    0.03    0.00    0.00    0.00   49.80
13:40:25     all   31.25    0.00   17.79    0.00    0.00    0.00    0.00    0.00    0.00   50.97
13:40:26     all   27.18    0.00   21.51    0.00    0.00    0.00    0.00    0.00    0.00   51.31
13:40:27     all   28.92    0.00   21.49    0.00    0.00    0.01    0.00    0.00    0.00   49.58
13:40:28     all   30.18    0.00   17.42    0.00    0.00    0.00    0.00    0.00    0.00   52.40
13:40:29     all   27.93    0.00   20.61    0.00    0.00    0.00    0.00    0.00    0.00   51.47
13:40:30     all   29.03    0.00   21.08    0.00    0.00    0.00    0.00    0.00    0.00   49.89
13:40:31     all   27.60    0.00   22.12    0.00    0.00    0.00    0.00    0.00    0.00   50.28
13:40:32     all   26.27    0.00   22.91    0.00    0.00    0.00    0.00    0.00    0.00   50.82
13:40:33     all   27.46    0.00   22.56    0.00    0.00    0.01    0.00    0.00    0.00   49.97
13:40:34     all   26.97    0.00   20.77    0.00    0.00    0.00    0.00    0.00    0.00   52.26
13:40:35     all   27.12    0.00   22.63    0.00    0.00    0.00    0.00    0.00    0.00   50.25
13:40:36     all   28.25    0.00   21.66    0.00    0.00    0.00    0.00    0.00    0.00   50.10
13:40:37     all   26.65    0.00   19.34    0.00    0.00    0.00    0.00    0.00    0.00   54.00
13:40:38     all   27.79    0.00   21.19    0.00    0.00    0.00    0.00    0.00    0.00   51.01
13:40:39     all   29.19    0.00   20.24    0.00    0.00    0.01    0.00    0.00    0.00   50.56
13:40:40     all   28.57    0.00   20.93    0.00    0.00    0.00    0.00    0.00    0.00   50.50
13:40:41     all   29.05    0.00   21.33    0.00    0.00    0.00    0.00    0.00    0.00   49.63
13:40:42     all   27.11    0.00   22.96    0.00    0.00    0.00    0.00    0.00    0.00   49.93
13:40:43     all   29.37    0.00   22.01    0.00    0.00    0.00    0.00    0.00    0.00   48.62
13:40:44     all   29.17    0.00   21.18    0.00    0.00    0.01    0.00    0.00    0.00   49.64
13:40:45     all   30.28    0.00   21.02    0.00    0.00    0.00    0.00    0.00    0.00   48.70
13:40:46     all   29.27    0.00   20.42    0.00    0.00    0.01    0.00    0.00    0.00   50.29
13:40:47     all   28.32    0.00   21.30    0.00    0.00    0.00    0.00    0.00    0.00   50.38
13:40:48     all   27.85    0.00   21.93    0.00    0.00    0.00    0.00    0.00    0.00   50.22
13:40:49     all   29.19    0.00   20.66    0.00    0.00    0.01    0.00    0.00    0.00   50.14
13:40:50     all   27.64    0.00   22.33    0.00    0.00    0.00    0.00    0.00    0.00   50.03
13:40:51     all   24.73    0.00   24.82    0.00    0.00    0.00    0.00    0.00    0.00   50.45
13:40:52     all   27.81    0.00   21.92    0.00    0.00    0.00    0.00    0.00    0.00   50.27
13:40:53     all   25.89    0.01   22.20    0.00    0.00    0.00    0.00    0.00    0.00   51.90
13:40:54     all   26.55    0.00   21.45    0.00    0.00    0.00    0.00    0.00    0.00   52.00
13:40:55     all   25.20    0.00   24.48    0.00    0.00    0.03    0.00    0.00    0.00   50.29
13:40:56     all   24.65    0.00   23.96    0.00    0.00    0.00    0.00    0.00    0.00   51.39
13:40:57     all   26.53    0.00   21.64    0.00    0.00    0.01    0.00    0.00    0.00   51.82
13:40:58     all   24.87    0.00   21.05    0.00    0.00    0.00    0.00    0.00    0.00   54.08
13:40:59     all   25.35    0.01   21.82    0.00    0.00    0.00    0.00    0.00    0.00   52.82
13:41:00     all   25.37    0.00   23.48    0.00    0.00    0.00    0.00    0.00    0.00   51.15
13:41:01     all   27.87    0.00   21.13    0.00    0.00    0.00    0.00    0.00    0.00   51.00
13:41:02     all   27.43    0.00   22.16    0.00    0.00    0.00    0.00    0.00    0.00   50.41
13:41:03     all   28.95    0.00   20.47    0.00    0.00    0.00    0.00    0.00    0.00   50.58
13:41:04     all   28.59    0.00   21.25    0.00    0.00    0.01    0.00    0.00    0.00   50.15
13:41:05     all   26.15    0.00   24.03    0.00    0.00    0.00    0.00    0.00    0.00   49.83
13:41:06     all   29.35    0.00   20.86    0.00    0.00    0.00    0.00    0.00    0.00   49.78
13:41:07     all   27.22    0.00   22.67    0.00    0.00    0.00    0.00    0.00    0.00   50.11
13:41:08     all   28.70    0.00   21.83    0.00    0.00    0.01    0.00    0.00    0.00   49.45
13:41:09     all   27.31    0.01   21.71    0.00    0.00    0.00    0.00    0.00    0.00   50.96
13:41:10     all   27.91    0.00   22.20    0.00    0.00    0.00    0.00    0.00    0.00   49.89
13:41:11     all   29.05    0.00   20.74    0.00    0.00    0.00    0.00    0.00    0.00   50.21
13:41:12     all   26.56    0.00   23.58    0.00    0.00    0.01    0.00    0.00    0.00   49.85
13:41:13     all   26.92    0.00   22.31    0.00    0.00    0.00    0.00    0.00    0.00   50.77
13:41:14     all   28.41    0.00   21.81    0.00    0.00    0.00    0.00    0.00    0.00   49.78
13:41:15     all   28.56    0.00   20.94    0.00    0.00    0.00    0.00    0.00    0.00   50.51
13:41:16     all   28.20    0.00   21.57    0.00    0.00    0.00    0.00    0.00    0.00   50.23
13:41:17     all   29.06    0.00   21.30    0.00    0.00    0.01    0.00    0.00    0.00   49.63
13:41:18     all   28.44    0.00   20.03    0.00    0.00    0.00    0.00    0.00    0.00   51.53
13:41:19     all   28.08    0.00   21.82    0.00    0.00    0.00    0.00    0.00    0.00   50.10
13:41:20     all   30.22    0.00   20.13    0.00    0.00    0.01    0.00    0.00    0.00   49.65
13:41:21     all   27.94    0.00   21.67    0.00    0.00    0.00    0.00    0.00    0.00   50.39
13:41:22     all   28.04    0.00   21.93    0.00    0.00    0.00    0.00    0.00    0.00   50.03
13:41:23     all   29.28    0.00   20.85    0.00    0.00    0.00    0.00    0.00    0.00   49.87
13:41:24     all   29.34    0.00   20.81    0.01    0.00    0.01    0.00    0.00    0.00   49.83
13:41:25     all   29.76    0.00   20.13    0.00    0.00    0.00    0.00    0.00    0.00   50.10
13:41:26     all   27.61    0.00   22.44    0.00    0.00    0.01    0.00    0.00    0.00   49.94
13:41:27     all   28.92    0.00   21.49    0.00    0.00    0.00    0.00    0.00    0.00   49.59
13:41:28     all   27.79    0.00   22.41    0.00    0.00    0.00    0.00    0.00    0.00   49.80
13:41:29     all   27.74    0.00   23.39    0.00    0.00    0.03    0.00    0.00    0.00   48.85
13:41:30     all   26.99    0.00   23.95    0.00    0.00    0.00    0.00    0.00    0.00   49.06
13:41:31     all   28.74    0.00   23.11    0.00    0.00    0.00    0.00    0.00    0.00   48.15
13:41:32     all   27.07    0.00   23.05    0.00    0.00    0.01    0.00    0.00    0.00   49.87
13:41:33     all   26.40    0.00   23.69    0.00    0.00    0.00    0.00    0.00    0.00   49.92
13:41:34     all   26.61    0.00   23.26    0.00    0.00    0.00    0.00    0.00    0.00   50.13
13:41:35     all   27.60    0.00   21.51    0.00    0.00    0.00    0.00    0.00    0.00   50.89
13:41:36     all   27.74    0.00   22.10    0.00    0.00    0.01    0.00    0.00    0.00   50.15
13:41:37     all   28.34    0.00   21.20    0.00    0.00    0.00    0.00    0.00    0.00   50.46
13:41:38     all   29.74    0.00   19.76    0.00    0.00    0.00    0.00    0.00    0.00   50.50
13:41:39     all   29.38    0.00   20.01    0.00    0.00    0.00    0.00    0.00    0.00   50.60
13:41:40     all   29.55    0.00   20.40    0.00    0.00    0.01    0.00    0.00    0.00   50.03
13:41:41     all   29.84    0.01   19.00    0.00    0.00    0.00    0.00    0.00    0.00   51.14
13:41:42     all   30.05    0.00   17.90    0.00    0.00    0.00    0.00    0.00    0.00   52.05
13:41:43     all   29.92    0.00   18.58    0.00    0.00    0.00    0.00    0.00    0.00   51.50
13:41:44     all   31.13    0.00   18.41    0.00    0.00    0.00    0.00    0.00    0.00   50.45
13:41:45     all   29.95    0.00   19.84    0.00    0.00    0.00    0.00    0.00    0.00   50.21
13:41:46     all   29.77    0.00   20.28    0.00    0.00    0.00    0.00    0.00    0.00   49.94
13:41:47     all   29.45    0.00   21.10    0.00    0.00    0.01    0.00    0.00    0.00   49.44
13:41:48     all   28.74    0.00   21.64    0.00    0.00    0.00    0.00    0.00    0.00   49.62
13:41:49     all   29.53    0.00   20.57    0.00    0.00    0.00    0.00    0.00    0.00   49.90
13:41:50     all   27.80    0.00   21.52    0.00    0.00    0.00    0.00    0.00    0.00   50.68
13:41:51     all   27.87    0.00   22.02    0.00    0.00    0.00    0.00    0.00    0.00   50.10
13:41:52     all   29.47    0.00   20.04    0.00    0.00    0.00    0.00    0.00    0.00   50.49
13:41:53     all   30.53    0.00   19.02    0.00    0.00    0.01    0.00    0.00    0.00   50.44
13:41:54     all   30.25    0.00   18.85    0.00    0.00    0.00    0.00    0.00    0.00   50.90
13:41:55     all   30.90    0.00   16.71    0.00    0.00    0.00    0.00    0.00    0.00   52.39
13:41:56     all   29.40    0.00   19.46    0.00    0.00    0.01    0.00    0.00    0.00   51.12
13:41:57     all   29.20    0.00   18.63    0.00    0.00    0.00    0.00    0.00    0.00   52.17
13:41:58     all   28.40    0.00   20.02    0.00    0.00    0.00    0.00    0.00    0.00   51.58
13:41:59     all   30.42    0.00   18.86    0.00    0.00    0.00    0.00    0.00    0.00   50.72
13:42:00     all   30.18    0.00   19.86    0.00    0.00    0.00    0.00    0.00    0.00   49.96
13:42:01     all   29.33    0.00   21.12    0.00    0.00    0.01    0.00    0.00    0.00   49.54
13:42:02     all   28.41    0.00   21.19    0.00    0.00    0.01    0.00    0.00    0.00   50.39
13:42:03     all   30.00    0.00   19.96    0.00    0.00    0.00    0.00    0.00    0.00   50.03
13:42:04     all   29.50    0.00   19.26    0.00    0.00    0.00    0.00    0.00    0.00   51.24
13:42:05     all   29.67    0.00   20.32    0.00    0.00    0.00    0.00    0.00    0.00   50.01
13:42:06     all   28.67    0.00   21.42    0.00    0.00    0.01    0.00    0.00    0.00   49.90
13:42:07     all   29.95    0.00   19.72    0.00    0.00    0.00    0.00    0.00    0.00   50.33
13:42:08     all   30.21    0.00   18.48    0.00    0.00    0.01    0.00    0.00    0.00   51.30
13:42:09     all   29.58    0.00   20.37    0.00    0.00    0.00    0.00    0.00    0.00   50.05
13:42:10     all   27.24    0.00   22.55    0.00    0.00    0.00    0.00    0.00    0.00   50.21
13:42:11     all   29.24    0.00   21.07    0.00    0.00    0.01    0.00    0.00    0.00   49.68
13:42:12     all   28.65    0.00   21.67    0.00    0.00    0.00    0.00    0.00    0.00   49.68
13:42:13     all   27.52    0.00   22.26    0.00    0.00    0.00    0.00    0.00    0.00   50.22
13:42:14     all   27.70    0.00   22.78    0.00    0.00    0.00    0.00    0.00    0.00   49.52
13:42:15     all   27.38    0.00   22.62    0.00    0.00    0.01    0.00    0.00    0.00   49.99
13:42:16     all   27.89    0.00   22.63    0.00    0.00    0.00    0.00    0.00    0.00   49.48
13:42:17     all   29.60    0.00   22.06    0.01    0.00    0.00    0.00    0.00    0.00   48.33
13:42:18     all   28.00    0.00   22.02    0.00    0.00    0.00    0.00    0.00    0.00   49.98
13:42:19     all   25.52    0.00   17.30    0.00    0.00    0.00    0.00    0.00    0.00   57.18
13:42:20     all    0.25    0.00    1.49    0.00    0.00    0.00    0.00    0.00    0.00   98.26
13:42:21     all    0.51    0.00    1.57    0.00    0.00    0.00    0.00    0.00    0.00   97.91
13:42:22     all    6.99    0.00    0.90    0.00    0.00    0.03    0.00    0.00    0.00   92.08
13:42:23     all    1.44    0.00    0.43    0.00    0.00    0.00    0.00    0.00    0.00   98.13
13:42:24     all    1.10    0.00    0.63    0.00    0.00    0.00    0.00    0.00    0.00   98.28
13:42:25     all    1.29    0.00    0.53    0.00    0.00    0.00    0.00    0.00    0.00   98.18
13:42:26     all    1.60    0.00    0.28    0.00    0.00    0.00    0.00    0.00    0.00   98.12
13:42:27     all    1.57    0.00    0.25    0.00    0.00    0.00    0.00    0.00    0.00   98.18
13:42:28     all    1.49    0.00    0.14    0.00    0.00    0.01    0.00    0.00    0.00   98.36
13:42:29     all    1.61    0.00    0.21    0.00    0.00    0.00    0.00    0.00    0.00   98.18
13:42:30     all    1.92    0.00    0.35    0.00    0.00    0.00    0.00    0.00    0.00   97.74
13:42:31     all    1.40    0.00    0.24    0.00    0.00    0.00    0.00    0.00    0.00   98.36
13:42:32     all    1.67    0.00    0.24    0.00    0.00    0.00    0.00    0.00    0.00   98.10
13:42:33     all    1.64    0.00    0.22    0.00    0.00    0.00    0.00    0.00    0.00   98.14
13:42:34     all    1.36    0.00    0.22    0.00    0.00    0.00    0.00    0.00    0.00   98.42
13:42:35     all    1.75    0.00    0.43    0.00    0.00    0.00    0.00    0.00    0.00   97.82
13:42:36     all    1.54    0.00    0.18    0.00    0.00    0.00    0.00    0.00    0.00   98.28
13:42:37     all    1.53    0.00    0.36    0.00    0.00    0.00    0.00    0.00    0.00   98.11
13:42:38     all    1.63    0.00    0.29    0.00    0.00    0.00    0.00    0.00    0.00   98.08
13:42:39     all    2.11    0.00    0.35    0.00    0.00    0.00    0.00    0.00    0.00   97.54
13:42:40     all    1.35    0.00    0.15    0.00    0.00    0.00    0.00    0.00    0.00   98.50
13:42:41     all    1.64    0.00    0.22    0.00    0.00    0.00    0.00    0.00    0.00   98.14
13:42:42     all    1.60    0.00    0.24    0.00    0.00    0.00    0.00    0.00    0.00   98.17
13:42:43     all    1.39    0.00    0.19    0.00    0.00    0.01    0.00    0.00    0.00   98.40
13:42:44     all    1.57    0.00    0.19    0.00    0.00    0.00    0.00    0.00    0.00   98.23
13:42:45     all    1.57    0.00    0.14    0.00    0.00    0.00    0.00    0.00    0.00   98.29
13:42:46     all    1.40    0.00    0.15    0.00    0.00    0.00    0.00    0.00    0.00   98.44
13:42:47     all    1.65    0.00    0.26    0.00    0.00    0.00    0.00    0.00    0.00   98.08
13:42:48     all    1.92    0.00    0.43    0.00    0.00    0.00    0.00    0.00    0.00   97.65
13:42:49     all    1.39    0.00    0.21    0.00    0.00    0.00    0.00    0.00    0.00   98.40
13:42:50     all    1.99    0.00    0.28    0.00    0.00    0.00    0.00    0.00    0.00   97.73
13:42:51     all    1.56    0.00    0.26    0.00    0.00    0.00    0.00    0.00    0.00   98.18
13:42:52     all    2.54    0.00    0.75    0.00    0.00    0.00    0.00    0.00    0.00   96.71
13:42:53     all    1.58    0.00    0.19    0.00    0.00    0.00    0.00    0.00    0.00   98.22
13:42:54     all    3.22    0.00    0.19    0.00    0.00    0.00    0.00    0.00    0.00   96.58
13:42:55     all    1.50    0.01    0.11    0.01    0.00    0.00    0.00    0.00    0.00   98.36
13:42:56     all    3.74    0.00    0.38    0.00    0.00    0.00    0.00    0.00    0.00   95.89
13:42:57     all    1.58    0.00    0.15    0.00    0.00    0.00    0.00    0.00    0.00   98.26
13:42:58     all    3.64    0.00    0.24    0.00    0.00    0.00    0.00    0.00    0.00   96.13
13:42:59     all    1.67    0.00    0.14    0.00    0.00    0.00    0.00    0.00    0.00   98.19
13:43:00     all    3.99    0.00    0.38    0.00    0.00    0.00    0.00    0.00    0.00   95.64
13:43:01     all    1.90    0.00    0.28    0.00    0.00    0.00    0.00    0.00    0.00   97.82
13:43:02     all    4.41    0.00    0.44    0.00    0.00    0.00    0.00    0.00    0.00   95.14
13:43:03     all    3.84    0.00    0.49    0.00    0.00    0.00    0.00    0.00    0.00   95.68
13:43:04     all    1.44    0.00    0.14    0.00    0.00    0.00    0.00    0.00    0.00   98.42
13:43:05     all    3.74    0.00    0.40    0.00    0.00    0.00    0.00    0.00    0.00   95.86
13:43:06     all    1.60    0.00    0.11    0.00    0.00    0.00    0.00    0.00    0.00   98.29
13:43:07     all    3.74    0.00    0.58    0.00    0.00    0.00    0.00    0.00    0.00   95.68
13:43:08     all    1.72    0.00    0.19    0.00    0.00    0.00    0.00    0.00    0.00   98.08
13:43:09     all    3.64    0.01    0.28    0.00    0.00    0.00    0.00    0.00    0.00   96.07
13:43:10     all    1.64    0.00    0.21    0.00    0.00    0.00    0.00    0.00    0.00   98.15
13:43:11     all    4.08    0.00    0.43    0.00    0.00    0.00    0.00    0.00    0.00   95.49
13:43:12     all    1.63    0.00    0.17    0.00    0.00    0.00    0.00    0.00    0.00   98.21
13:43:13     all    3.71    0.00    0.32    0.00    0.00    0.00    0.00    0.00    0.00   95.97
13:43:14     all    3.78    0.00    0.26    0.00    0.00    0.00    0.00    0.00    0.00   95.96
13:43:15     all    1.60    0.00    0.18    0.00    0.00    0.00    0.00    0.00    0.00   98.22
13:43:16     all    3.53    0.00    0.26    0.00    0.00    0.00    0.00    0.00    0.00   96.20
13:43:17     all    1.65    0.00    0.13    0.00    0.00    0.00    0.00    0.00    0.00   98.22
13:43:18     all    3.82    0.00    0.35    0.00    0.00    0.00    0.00    0.00    0.00   95.83
13:43:19     all    1.45    0.00    0.08    0.00    0.00    0.00    0.00    0.00    0.00   98.47
13:43:20     all    3.78    0.00    0.26    0.00    0.00    0.00    0.00    0.00    0.00   95.96
13:43:21     all    1.67    0.00    0.15    0.00    0.00    0.00    0.00    0.00    0.00   98.18
13:43:22     all    3.74    0.00    0.29    0.00    0.00    0.00    0.00    0.00    0.00   95.97
13:43:23     all    2.04    0.01    0.47    0.00    0.00    0.00    0.00    0.00    0.00   97.47
13:43:24     all    3.98    0.00    0.33    0.00    0.00    0.00    0.00    0.00    0.00   95.69
13:43:25     all    2.23    0.00    0.08    0.00    0.00    0.00    0.00    0.00    0.00   97.68
13:43:26     all    2.86    0.00    0.24    0.00    0.00    0.00    0.00    0.00    0.00   96.90
13:43:27     all    3.67    0.00    0.24    0.00    0.00    0.00    0.00    0.00    0.00   96.09
13:43:28     all    1.53    0.00    0.15    0.00    0.00    0.00    0.00    0.00    0.00   98.32
13:43:29     all    3.81    0.00    0.25    0.00    0.00    0.00    0.00    0.00    0.00   95.95
13:43:30     all    1.65    0.00    0.13    0.00    0.00    0.00    0.00    0.00    0.00   98.22
13:43:31     all    3.55    0.00    0.24    0.00    0.00    0.00    0.00    0.00    0.00   96.22
13:43:32     all    2.11    0.00    0.29    0.00    0.00    0.00    0.00    0.00    0.00   97.60
13:43:33     all    3.92    0.00    0.31    0.00    0.00    0.00    0.00    0.00    0.00   95.78
13:43:34     all    2.22    0.00    0.21    0.00    0.00    0.00    0.00    0.00    0.00   97.57
13:43:35     all    3.03    0.00    0.28    0.00    0.00    0.00    0.00    0.00    0.00   96.69
13:43:36     all    3.68    0.00    0.28    0.00    0.00    0.00    0.00    0.00    0.00   96.04
13:43:37     all    1.53    0.00    0.17    0.00    0.00    0.00    0.00    0.00    0.00   98.31
13:43:38     all    3.88    0.00    0.33    0.00    0.00    0.00    0.00    0.00    0.00   95.79
13:43:39     all    1.70    0.00    0.15    0.00    0.00    0.00    0.00    0.00    0.00   98.15
13:43:40     all    3.64    0.00    0.22    0.00    0.00    0.00    0.00    0.00    0.00   96.14
13:43:41     all    1.65    0.00    0.14    0.00    0.00    0.00    0.00    0.00    0.00   98.21
13:43:42     all    3.69    0.00    0.24    0.00    0.00    0.00    0.00    0.00    0.00   96.07
13:43:43     all    1.56    0.00    0.18    0.00    0.00    0.00    0.00    0.00    0.00   98.26
13:43:44     all    3.90    0.00    0.24    0.00    0.00    0.00    0.00    0.00    0.00   95.86
13:43:45     all    1.58    0.00    0.13    0.00    0.00    0.00    0.00    0.00    0.00   98.29
13:43:46     all    4.35    0.00    0.49    0.00    0.00    0.00    0.00    0.00    0.00   95.16
13:43:47     all    1.69    0.00    0.11    0.00    0.00    0.00    0.00    0.00    0.00   98.19
13:43:48     all    3.90    0.00    0.40    0.00    0.00    0.00    0.00    0.00    0.00   95.69
13:43:49     all    1.47    0.00    0.11    0.00    0.00    0.00    0.00    0.00    0.00   98.42
13:43:50     all    3.86    0.00    0.26    0.00    0.00    0.01    0.00    0.00    0.00   95.86
13:43:51     all    1.60    0.00    0.14    0.00    0.00    0.00    0.00    0.00    0.00   98.26
13:43:52     all    4.01    0.00    0.33    0.00    0.00    0.00    0.00    0.00    0.00   95.65
13:43:53     all    4.00    0.00    0.22    0.01    0.00    0.00    0.00    0.00    0.00   95.76
13:43:54     all    1.63    0.00    0.18    0.00    0.00    0.00    0.00    0.00    0.00   98.19
13:43:55     all    3.84    0.01    0.58    0.00    0.00    0.00    0.00    0.00    0.00   95.56
13:43:56     all    1.68    0.00    0.18    0.00    0.00    0.00    0.00    0.00    0.00   98.14
13:43:57     all    3.76    0.00    0.35    0.00    0.00    0.00    0.00    0.00    0.00   95.89
13:43:58     all    1.46    0.00    0.08    0.00    0.00    0.00    0.00    0.00    0.00   98.46
13:43:59     all    3.77    0.00    0.32    0.00    0.00    0.00    0.00    0.00    0.00   95.91
13:44:00     all    1.57    0.00    0.11    0.00    0.00    0.00    0.00    0.00    0.00   98.32
13:44:01     all    3.63    0.00    0.26    0.00    0.00    0.00    0.00    0.00    0.00   96.11
13:44:02     all    1.65    0.00    0.21    0.00    0.00    0.00    0.00    0.00    0.00   98.14
13:44:03     all    3.91    0.00    0.33    0.00    0.00    0.00    0.00    0.00    0.00   95.76
13:44:04     all    1.57    0.00    0.15    0.00    0.00    0.00    0.00    0.00    0.00   98.28
13:44:05     all    3.82    0.00    0.31    0.00    0.00    0.00    0.00    0.00    0.00   95.87
13:44:06     all    1.57    0.00    0.11    0.00    0.00    0.00    0.00    0.00    0.00   98.32
13:44:07     all    3.88    0.00    0.29    0.00    0.00    0.00    0.00    0.00    0.00   95.83
13:44:08     all    2.95    0.00    0.33    0.00    0.00    0.00    0.00    0.00    0.00   96.72
13:44:09     all    3.17    0.00    0.35    0.00    0.00    0.00    0.00    0.00    0.00   96.48
13:44:10     all    3.66    0.00    0.21    0.00    0.00    0.00    0.00    0.00    0.00   96.14
13:44:11     all    1.86    0.00    0.40    0.00    0.00    0.00    0.00    0.00    0.00   97.74
13:44:12     all    3.72    0.00    0.26    0.00    0.00    0.00    0.00    0.00    0.00   96.01
13:44:13     all    1.49    0.00    0.10    0.00    0.00    0.00    0.00    0.00    0.00   98.42
13:44:14     all    3.92    0.00    0.29    0.00    0.00    0.00    0.00    0.00    0.00   95.79
13:44:15     all    1.51    0.00    0.10    0.00    0.00    0.00    0.00    0.00    0.00   98.39
13:44:16     all    3.60    0.00    0.21    0.00    0.00    0.00    0.00    0.00    0.00   96.20
13:44:17     all    1.65    0.00    0.15    0.00    0.00    0.00    0.00    0.00    0.00   98.19
13:44:18     all    3.61    0.00    0.29    0.00    0.00    0.00    0.00    0.00    0.00   96.10
13:44:19     all    1.58    0.00    0.18    0.00    0.00    0.00    0.00    0.00    0.00   98.24
13:44:20     all    3.64    0.00    0.31    0.00    0.00    0.00    0.00    0.00    0.00   96.06
13:44:21     all    1.65    0.00    0.33    0.00    0.00    0.00    0.00    0.00    0.00   98.01
13:44:22     all    3.64    0.00    0.26    0.00    0.00    0.00    0.00    0.00    0.00   96.09
13:44:23     all    1.75    0.00    0.17    0.00    0.00    0.00    0.00    0.00    0.00   98.08
13:44:24     all    3.75    0.00    0.29    0.00    0.00    0.00    0.00    0.00    0.00   95.96
13:44:25     all    2.53    0.01    0.21    0.00    0.00    0.00    0.00    0.00    0.00   97.25
13:44:26     all    2.79    0.00    0.19    0.00    0.00    0.00    0.00    0.00    0.00   97.01
13:44:27     all    3.86    0.00    0.46    0.00    0.00    0.00    0.00    0.00    0.00   95.68
13:44:28     all    1.58    0.00    0.18    0.00    0.00    0.00    0.00    0.00    0.00   98.24
13:44:29     all    3.93    0.00    0.36    0.00    0.00    0.00    0.00    0.00    0.00   95.70
13:44:30     all    2.06    0.00    0.26    0.00    0.00    0.00    0.00    0.00    0.00   97.68
13:44:31     all    3.64    0.00    0.39    0.00    0.00    0.00    0.00    0.00    0.00   95.97
13:44:32     all    1.68    0.00    0.19    0.00    0.00    0.00    0.00    0.00    0.00   98.13
13:44:33     all    4.01    0.00    0.21    0.00    0.00    0.00    0.00    0.00    0.00   95.78
13:44:34     all    1.90    0.00    0.28    0.00    0.00    0.00    0.00    0.00    0.00   97.82
13:44:35     all    3.74    0.00    0.24    0.00    0.00    0.00    0.00    0.00    0.00   96.02
13:44:36     all    3.77    0.00    0.22    0.00    0.00    0.00    0.00    0.00    0.00   96.01
13:44:37     all    1.45    0.00    0.13    0.00    0.00    0.00    0.00    0.00    0.00   98.43
13:44:38     all    3.71    0.00    0.25    0.00    0.00    0.00    0.00    0.00    0.00   96.04
13:44:39     all    1.68    0.00    0.22    0.00    0.00    0.00    0.00    0.00    0.00   98.10
13:44:40     all    3.71    0.00    0.24    0.00    0.00    0.00    0.00    0.00    0.00   96.06
13:44:41     all    1.83    0.00    0.17    0.00    0.00    0.00    0.00    0.00    0.00   98.00
13:44:42     all    3.76    0.00    0.29    0.00    0.00    0.00    0.00    0.00    0.00   95.95
13:44:43     all    2.20    0.00    0.49    0.00    0.00    0.00    0.00    0.00    0.00   97.32
13:44:44     all    3.83    0.00    0.36    0.00    0.00    0.00    0.00    0.00    0.00   95.81
13:44:45     all    1.60    0.00    0.13    0.00    0.00    0.00    0.00    0.00    0.00   98.28
13:44:46     all    3.57    0.00    0.26    0.00    0.00    0.00    0.00    0.00    0.00   96.16
13:44:47     all    1.64    0.00    0.13    0.00    0.00    0.00    0.00    0.00    0.00   98.24
13:44:48     all    3.72    0.00    0.28    0.00    0.00    0.00    0.00    0.00    0.00   96.00
13:44:49     all    1.47    0.00    0.14    0.00    0.00    0.00    0.00    0.00    0.00   98.39
13:44:50     all    3.91    0.00    0.32    0.00    0.00    0.00    0.00    0.00    0.00   95.77
13:44:51     all    1.67    0.00    0.19    0.00    0.00    0.00    0.00    0.00    0.00   98.14
13:44:52     all    3.84    0.00    0.35    0.00    0.00    0.00    0.00    0.00    0.00   95.82
13:44:53     all    3.95    0.00    0.25    0.00    0.00    0.00    0.00    0.00    0.00   95.80
13:44:54     all    1.85    0.00    0.32    0.00    0.00    0.00    0.00    0.00    0.00   97.83
13:44:55     all    3.78    0.00    0.40    0.00    0.00    0.00    0.00    0.00    0.00   95.81
13:44:56     all    1.65    0.00    0.11    0.00    0.00    0.00    0.00    0.00    0.00   98.23
13:44:57     all    3.96    0.00    0.37    0.00    0.00    0.00    0.00    0.00    0.00   95.67
13:44:58     all    1.46    0.00    0.14    0.01    0.00    0.00    0.00    0.00    0.00   98.39
13:44:59     all    3.95    0.00    0.43    0.00    0.00    0.00    0.00    0.00    0.00   95.62
13:45:00     all    1.67    0.00    0.18    0.00    0.00    0.00    0.00    0.00    0.00   98.15
13:45:01     all    3.70    0.00    0.24    0.00    0.00    0.00    0.00    0.00    0.00   96.06
13:45:02     all    2.53    0.00    0.88    0.00    0.00    0.00    0.00    0.00    0.00   96.59
13:45:03     all    4.63    0.00    0.74    0.00    0.00    0.00    0.00    0.00    0.00   94.63
13:45:04     all    1.80    0.00    0.12    0.00    0.00    0.00    0.00    0.00    0.00   98.07
13:45:05     all    3.61    0.00    0.43    0.00    0.00    0.00    0.00    0.00    0.00   95.96
13:45:06     all    3.75    0.00    0.22    0.00    0.00    0.00    0.00    0.00    0.00   96.03
13:45:07     all    1.53    0.00    0.24    0.00    0.00    0.00    0.00    0.00    0.00   98.24
13:45:08     all    3.71    0.00    0.29    0.00    0.00    0.00    0.00    0.00    0.00   96.00
13:45:09     all    1.63    0.00    0.11    0.00    0.00    0.00    0.00    0.00    0.00   98.26
13:45:10     all    3.65    0.00    0.25    0.00    0.00    0.00    0.00    0.00    0.00   96.10
13:45:11     all    1.68    0.00    0.17    0.00    0.00    0.00    0.00    0.00    0.00   98.15
13:45:12     all    3.82    0.00    0.38    0.00    0.00    0.00    0.00    0.00    0.00   95.80
13:45:13     all    1.60    0.00    0.11    0.00    0.00    0.00    0.00    0.00    0.00   98.29
13:45:14     all    4.00    0.00    0.38    0.00    0.00    0.00    0.00    0.00    0.00   95.62
13:45:15     all    2.13    0.01    0.43    0.00    0.00    0.00    0.00    0.00    0.00   97.43
13:45:16     all    3.54    0.00    0.26    0.00    0.00    0.00    0.00    0.00    0.00   96.20
13:45:17     all    1.75    0.00    0.17    0.00    0.00    0.00    0.00    0.00    0.00   98.08
13:45:18     all    3.71    0.00    0.32    0.00    0.00    0.00    0.00    0.00    0.00   95.97
13:45:19     all    3.60    0.00    0.19    0.00    0.00    0.00    0.00    0.00    0.00   96.21
13:45:20     all    1.68    0.00    0.31    0.00    0.00    0.00    0.00    0.00    0.00   98.01
13:45:21     all    3.70    0.00    0.24    0.00    0.00    0.00    0.00    0.00    0.00   96.07
13:45:22     all    1.43    0.00    0.13    0.00    0.00    0.00    0.00    0.00    0.00   98.44
13:45:23     all    3.82    0.03    0.28    0.00    0.00    0.00    0.00    0.00    0.00   95.87
13:45:24     all    1.61    0.00    0.13    0.00    0.00    0.00    0.00    0.00    0.00   98.26
13:45:25     all    3.57    0.00    0.40    0.00    0.00    0.00    0.00    0.00    0.00   96.03
13:45:26     all    1.65    0.00    0.14    0.00    0.00    0.01    0.00    0.00    0.00   98.19
13:45:27     all    3.88    0.00    0.31    0.01    0.00    0.00    0.00    0.00    0.00   95.80
13:45:28     all    3.63    0.00    0.32    0.00    0.00    0.00    0.00    0.00    0.00   96.05
13:45:29     all    1.71    0.00    0.21    0.00    0.00    0.00    0.00    0.00    0.00   98.08
13:45:30     all    3.78    0.00    0.37    0.00    0.00    0.00    0.00    0.00    0.00   95.85
13:45:31     all    1.57    0.00    0.31    0.00    0.00    0.00    0.00    0.00    0.00   98.12
13:45:32     all    3.74    0.00    0.26    0.00    0.00    0.00    0.00    0.00    0.00   96.00
13:45:33     all    1.67    0.00    0.13    0.00    0.00    0.00    0.00    0.00    0.00   98.21
13:45:34     all    3.46    0.00    0.24    0.00    0.00    0.00    0.00    0.00    0.00   96.30
13:45:35     all    1.74    0.00    0.19    0.00    0.00    0.00    0.00    0.00    0.00   98.07
13:45:36     all    4.11    0.00    0.46    0.00    0.00    0.00    0.00    0.00    0.00   95.43
13:45:37     all    2.13    0.00    0.31    0.00    0.00    0.00    0.00    0.00    0.00   97.57
13:45:38     all    3.99    0.00    0.53    0.00    0.00    0.00    0.00    0.00    0.00   95.48
13:45:39     all    1.65    0.00    0.13    0.00    0.00    0.00    0.00    0.00    0.00   98.22
13:45:40     all    3.66    0.00    0.33    0.00    0.00    0.00    0.00    0.00    0.00   96.01
13:45:41     all    3.78    0.00    0.32    0.00    0.00    0.00    0.00    0.00    0.00   95.90
13:45:42     all    1.82    0.00    0.28    0.00    0.00    0.00    0.00    0.00    0.00   97.90
13:45:43     all    3.36    0.00    0.28    0.01    0.00    0.00    0.00    0.00    0.00   96.34
13:45:44     all    1.64    0.00    0.14    0.00    0.00    0.00    0.00    0.00    0.00   98.22
13:45:45     all    3.66    0.00    0.33    0.00    0.00    0.00    0.00    0.00    0.00   96.01
13:45:46     all    1.53    0.00    0.19    0.00    0.00    0.00    0.00    0.00    0.00   98.28
13:45:47     all    3.94    0.00    0.54    0.00    0.00    0.00    0.00    0.00    0.00   95.51
13:45:48     all    1.67    0.00    0.11    0.00    0.00    0.00    0.00    0.00    0.00   98.22
13:45:49     all    3.67    0.00    0.18    0.00    0.00    0.00    0.00    0.00    0.00   96.15
13:45:50     all    1.71    0.00    0.18    0.00    0.00    0.00    0.00    0.00    0.00   98.11
13:45:51     all    4.01    0.00    0.51    0.00    0.00    0.00    0.00    0.00    0.00   95.47
13:45:52     all    1.43    0.00    0.13    0.00    0.00    0.00    0.00    0.00    0.00   98.44
13:45:53     all    3.70    0.00    0.28    0.00    0.00    0.00    0.00    0.00    0.00   96.03
13:45:54     all    1.67    0.00    0.10    0.00    0.00    0.00    0.00    0.00    0.00   98.24
13:45:55     all    3.63    0.00    0.31    0.00    0.00    0.00    0.00    0.00    0.00   96.07
13:45:56     all    4.02    0.00    0.35    0.00    0.00    0.00    0.00    0.00    0.00   95.64
13:45:57     all    2.13    0.00    0.25    0.00    0.00    0.00    0.00    0.00    0.00   97.62
13:45:58     all    3.56    0.00    0.28    0.00    0.00    0.01    0.00    0.00    0.00   96.14
13:45:59     all    2.20    0.00    0.29    0.00    0.00    0.00    0.00    0.00    0.00   97.51
13:46:00     all    3.77    0.00    0.19    0.00    0.00    0.00    0.00    0.00    0.00   96.04
13:46:01     all    1.50    0.00    0.19    0.00    0.00    0.00    0.00    0.00    0.00   98.30
13:46:02     all    3.85    0.00    0.33    0.00    0.00    0.00    0.00    0.00    0.00   95.82
13:46:03     all    1.65    0.00    0.14    0.00    0.00    0.00    0.00    0.00    0.00   98.21
13:46:04     all    3.46    0.00    0.21    0.00    0.00    0.00    0.00    0.00    0.00   96.33
13:46:05     all    1.65    0.00    0.13    0.00    0.00    0.00    0.00    0.00    0.00   98.22
13:46:06     all    3.85    0.00    0.36    0.00    0.00    0.00    0.00    0.00    0.00   95.79
13:46:07     all    1.44    0.00    0.17    0.00    0.00    0.00    0.00    0.00    0.00   98.39
13:46:08     all    3.81    0.00    0.18    0.00    0.00    0.01    0.00    0.00    0.00   95.99
13:46:09     all    3.85    0.00    0.29    0.00    0.00    0.00    0.00    0.00    0.00   95.86
13:46:10     all    1.36    0.00    0.15    0.00    0.00    0.00    0.00    0.00    0.00   98.48
13:46:11     all    4.00    0.00    0.35    0.00    0.00    0.01    0.00    0.00    0.00   95.64
13:46:12     all    1.70    0.00    0.15    0.00    0.00    0.00    0.00    0.00    0.00   98.15
13:46:13     all    3.54    0.00    0.33    0.00    0.00    0.01    0.00    0.00    0.00   96.11
13:46:14     all    1.74    0.00    0.21    0.00    0.00    0.00    0.00    0.00    0.00   98.05
13:46:15     all    4.28    0.00    0.38    0.00    0.00    0.00    0.00    0.00    0.00   95.34
13:46:16     all    1.49    0.00    0.18    0.00    0.00    0.00    0.00    0.00    0.00   98.33
13:46:17     all    3.78    0.00    0.28    0.00    0.00    0.01    0.00    0.00    0.00   95.93
13:46:18     all    1.71    0.00    0.15    0.00    0.00    0.00    0.00    0.00    0.00   98.14
13:46:19     all    3.32    0.00    0.57    0.00    0.00    0.00    0.00    0.00    0.00   96.11
13:46:20     all    1.70    0.00    0.15    0.00    0.00    0.00    0.00    0.00    0.00   98.15
13:46:21     all    4.13    0.00    0.38    0.00    0.00    0.00    0.00    0.00    0.00   95.50
13:46:22     all    3.68    0.00    0.31    0.00    0.00    0.00    0.00    0.00    0.00   96.01
13:46:23     all    1.64    0.00    0.17    0.00    0.00    0.00    0.00    0.00    0.00   98.19
13:46:24     all    3.77    0.00    0.24    0.00    0.00    0.00    0.00    0.00    0.00   95.99
13:46:25     all    1.54    0.00    0.14    0.00    0.00    0.00    0.00    0.00    0.00   98.32
13:46:26     all    3.86    0.00    0.25    0.00    0.00    0.00    0.00    0.00    0.00   95.89
13:46:27     all    1.74    0.00    0.22    0.00    0.00    0.00    0.00    0.00    0.00   98.04
13:46:28     all    3.76    0.00    0.19    0.00    0.00    0.00    0.00    0.00    0.00   96.04
13:46:29     all    1.58    0.00    0.18    0.00    0.00    0.00    0.00    0.00    0.00   98.24
13:46:30     all    1.67    0.00    0.18    0.00    0.00    0.00    0.00    0.00    0.00   98.15
13:46:31     all    3.39    0.00    0.17    0.00    0.00    0.00    0.00    0.00    0.00   96.44
13:46:32     all    1.75    0.00    0.22    0.00    0.00    0.00    0.00    0.00    0.00   98.03
13:46:33     all    4.13    0.01    0.35    0.00    0.00    0.00    0.00    0.00    0.00   95.51
13:46:34     all    1.43    0.00    0.18    0.00    0.00    0.00    0.00    0.00    0.00   98.39
13:46:35     all    3.94    0.00    0.54    0.00    0.00    0.00    0.00    0.00    0.00   95.52
13:46:36     all    1.67    0.00    0.14    0.00    0.00    0.00    0.00    0.00    0.00   98.19
13:46:37     all    3.57    0.00    0.49    0.00    0.00    0.00    0.00    0.00    0.00   95.95
13:46:38     all    1.74    0.00    0.12    0.00    0.00    0.00    0.00    0.00    0.00   98.14
13:46:39     all    4.13    0.00    0.33    0.00    0.00    0.00    0.00    0.00    0.00   95.54
13:46:40     all    1.42    0.00    0.14    0.00    0.00    0.00    0.00    0.00    0.00   98.44
13:46:41     all    3.92    0.00    0.13    0.00    0.00    0.00    0.00    0.00    0.00   95.96
13:46:42     all    1.81    0.00    0.31    0.00    0.00    0.00    0.00    0.00    0.00   97.89
13:46:43     all    1.71    0.00    0.24    0.00    0.00    0.00    0.00    0.00    0.00   98.06
13:46:44     all    3.89    0.00    0.28    0.00    0.00    0.00    0.00    0.00    0.00   95.83
13:46:45     all    1.65    0.00    0.13    0.00    0.00    0.00    0.00    0.00    0.00   98.22
13:46:46     all    3.57    0.00    0.25    0.00    0.00    0.00    0.00    0.00    0.00   96.18
13:46:47     all    1.75    0.00    0.18    0.00    0.00    0.01    0.00    0.00    0.00   98.06
13:46:48     all    3.85    0.00    0.31    0.00    0.00    0.00    0.00    0.00    0.00   95.84
13:46:49     all    1.47    0.00    0.15    0.00    0.00    0.00    0.00    0.00    0.00   98.37
13:46:50     all    3.92    0.00    0.29    0.00    0.00    0.00    0.00    0.00    0.00   95.79
13:46:51     all    1.78    0.00    0.32    0.00    0.00    0.00    0.00    0.00    0.00   97.90
13:46:52     all    3.65    0.00    0.32    0.00    0.00    0.00    0.00    0.00    0.00   96.03
13:46:53     all    1.69    0.00    0.17    0.00    0.00    0.01    0.00    0.00    0.00   98.12
13:46:54     all    3.66    0.00    0.18    0.00    0.00    0.00    0.00    0.00    0.00   96.16
13:46:55     all    1.43    0.00    0.11    0.00    0.00    0.00    0.00    0.00    0.00   98.46
13:46:56     all    3.89    0.00    0.56    0.00    0.00    0.00    0.00    0.00    0.00   95.56
13:46:57     all    1.74    0.00    0.24    0.00    0.00    0.00    0.00    0.00    0.00   98.03
13:46:58     all    3.69    0.00    0.40    0.00    0.00    0.00    0.00    0.00    0.00   95.90
13:46:59     all    2.17    0.00    0.24    0.00    0.00    0.00    0.00    0.00    0.00   97.60
13:47:00     all    3.89    0.00    0.25    0.00    0.00    0.01    0.00    0.00    0.00   95.84
13:47:01     all    1.42    0.00    0.14    0.00    0.00    0.00    0.00    0.00    0.00   98.44
13:47:02     all    3.92    0.00    0.32    0.00    0.00    0.00    0.00    0.00    0.00   95.76
13:47:03     all    1.67    0.00    0.15    0.00    0.00    0.00    0.00    0.00    0.00   98.18
13:47:04     all    3.64    0.00    0.26    0.00    0.00    0.00    0.00    0.00    0.00   96.10
13:47:05     all    1.77    0.00    0.21    0.00    0.00    0.00    0.00    0.00    0.00   98.03
13:47:06     all    4.13    0.00    0.35    0.00    0.00    0.00    0.00    0.00    0.00   95.53
13:47:07     all    1.60    0.00    0.39    0.00    0.00    0.00    0.00    0.00    0.00   98.01
13:47:08     all    4.00    0.00    0.37    0.00    0.00    0.00    0.00    0.00    0.00   95.63
13:47:09     all    1.63    0.00    0.03    0.00    0.00    0.00    0.00    0.00    0.00   98.35
13:47:10     all    3.61    0.00    0.31    0.00    0.00    0.00    0.00    0.00    0.00   96.08
13:47:11     all    1.72    0.00    0.18    0.00    0.00    0.00    0.00    0.00    0.00   98.09
13:47:12     all    3.83    0.00    0.32    0.01    0.00    0.00    0.00    0.00    0.00   95.84
13:47:13     all    1.54    0.00    0.26    0.00    0.00    0.00    0.00    0.00    0.00   98.20
13:47:14     all    3.85    0.00    0.21    0.00    0.00    0.00    0.00    0.00    0.00   95.94
13:47:15     all    1.64    0.00    0.14    0.00    0.00    0.00    0.00    0.00    0.00   98.22
13:47:16     all    3.51    0.00    0.31    0.00    0.00    0.00    0.00    0.00    0.00   96.18
13:47:17     all    1.65    0.00    0.13    0.00    0.00    0.00    0.00    0.00    0.00   98.22
13:47:18     all    3.97    0.00    0.35    0.00    0.00    0.00    0.00    0.00    0.00   95.68
13:47:19     all    1.36    0.00    0.14    0.00    0.00    0.00    0.00    0.00    0.00   98.50
13:47:20     all    1.70    0.00    0.10    0.00    0.00    0.00    0.00    0.00    0.00   98.21
13:47:21     all    4.01    0.00    0.32    0.00    0.00    0.00    0.00    0.00    0.00   95.67
13:47:22     all    1.57    0.00    0.17    0.00    0.00    0.00    0.00    0.00    0.00   98.26
13:47:23     all    4.07    0.01    0.70    0.00    0.00    0.00    0.00    0.00    0.00   95.22
13:47:24     all    1.65    0.00    0.13    0.00    0.00    0.00    0.00    0.00    0.00   98.22
13:47:25     all    3.52    0.00    0.29    0.00    0.00    0.00    0.00    0.00    0.00   96.19
13:47:26     all    1.67    0.00    0.17    0.00    0.00    0.00    0.00    0.00    0.00   98.17
13:47:27     all    4.03    0.00    0.35    0.00    0.00    0.00    0.00    0.00    0.00   95.63
13:47:28     all    2.00    0.00    0.29    0.00    0.00    0.00    0.00    0.00    0.00   97.71
13:47:29     all    3.66    0.00    0.21    0.00    0.00    0.00    0.00    0.00    0.00   96.13
13:47:30     all    1.64    0.00    0.08    0.00    0.00    0.00    0.00    0.00    0.00   98.28
13:47:31     all    3.37    0.00    0.29    0.00    0.00    0.00    0.00    0.00    0.00   96.34
13:47:32     all    3.75    0.00    0.19    0.00    0.00    0.01    0.00    0.00    0.00   96.04
13:47:33     all    1.75    0.00    0.33    0.00    0.00    0.01    0.00    0.00    0.00   97.90
13:47:34     all    3.67    0.00    0.25    0.00    0.00    0.00    0.00    0.00    0.00   96.08
13:47:35     all    1.64    0.00    0.14    0.00    0.00    0.01    0.00    0.00    0.00   98.21
13:47:36     all    3.92    0.00    0.21    0.00    0.00    0.00    0.00    0.00    0.00   95.87
13:47:37     all    1.54    0.00    0.15    0.00    0.00    0.00    0.00    0.00    0.00   98.31
13:47:38     all    3.79    0.00    0.42    0.00    0.00    0.00    0.00    0.00    0.00   95.79
13:47:39     all    1.79    0.00    0.42    0.00    0.00    0.00    0.00    0.00    0.00   97.79
13:47:40     all    3.37    0.00    0.29    0.00    0.00    0.00    0.00    0.00    0.00   96.33
13:47:41     all    2.10    0.00    0.24    0.00    0.00    0.00    0.00    0.00    0.00   97.66
13:47:42     all    3.72    0.00    0.29    0.00    0.00    0.00    0.00    0.00    0.00   95.98
13:47:43     all    1.51    0.00    0.21    0.00    0.00    0.00    0.00    0.00    0.00   98.28
13:47:44     all    3.85    0.00    0.24    0.00    0.00    0.00    0.00    0.00    0.00   95.91
13:47:45     all    1.76    0.00    0.28    0.00    0.00    0.00    0.00    0.00    0.00   97.96
13:47:46     all    3.52    0.00    0.26    0.00    0.00    0.00    0.00    0.00    0.00   96.22
13:47:47     all    2.13    0.00    0.22    0.00    0.00    0.00    0.00    0.00    0.00   97.65
13:47:48     all    4.02    0.00    0.42    0.00    0.00    0.00    0.00    0.00    0.00   95.56
13:47:49     all    3.47    0.00    0.26    0.00    0.00    0.00    0.00    0.00    0.00   96.26
13:47:50     all    2.11    0.00    0.28    0.00    0.00    0.00    0.00    0.00    0.00   97.61
13:47:51     all    3.81    0.00    0.13    0.00    0.00    0.00    0.00    0.00    0.00   96.07
13:47:52     all    1.43    0.00    0.07    0.00    0.00    0.00    0.00    0.00    0.00   98.50
13:47:53     all    7.08    0.00    1.79    0.00    0.00    0.00    0.00    0.00    0.00   91.13
13:47:54     all   30.05    0.01    3.18    0.00    0.00    0.01    0.00    0.00    0.00   66.74
13:47:55     all   20.97    0.00    1.50    0.00    0.00    0.00    0.00    0.00    0.00   77.52
13:47:56     all   32.81    0.00    4.20    0.00    0.00    0.00    0.00    0.00    0.00   62.99
13:47:57     all   18.05    0.00    2.14    0.00    0.00    0.00    0.00    0.00    0.00   79.81
13:47:58     all   25.56    0.00    2.27    0.00    0.00    0.00    0.00    0.00    0.00   72.17
13:47:59     all   20.16    0.00    1.85    0.00    0.00    0.00    0.00    0.00    0.00   77.99
13:48:00     all   21.48    0.00    1.95    0.00    0.00    0.01    0.00    0.00    0.00   76.56
13:48:01     all   20.19    0.00    1.71    0.00    0.00    0.00    0.00    0.00    0.00   78.10
13:48:02     all   20.27    0.00    1.42    0.00    0.00    0.03    0.00    0.00    0.00   78.29
13:48:03     all   16.42    0.00    0.74    0.00    0.00    0.00    0.00    0.00    0.00   82.84
13:48:04     all   19.76    0.00    1.00    0.00    0.00    0.01    0.00    0.00    0.00   79.23
13:48:05     all   18.53    0.00    0.97    0.00    0.00    0.00    0.00    0.00    0.00   80.49
13:48:06     all   14.05    0.00    0.84    0.00    0.00    0.00    0.00    0.00    0.00   85.12
13:48:07     all   12.12    0.00    1.18    0.00    0.00    0.00    0.00    0.00    0.00   86.70
13:48:08     all   14.77    0.00    1.35    0.00    0.00    0.00    0.00    0.00    0.00   83.88
13:48:09     all   15.41    0.00    1.10    0.00    0.00    0.00    0.00    0.00    0.00   83.49
13:48:10     all   22.35    0.00    2.43    0.00    0.00    0.00    0.00    0.00    0.00   75.22
13:48:11     all   21.57    0.00    3.05    0.00    0.00    0.00    0.00    0.00    0.00   75.38
13:48:12     all   24.49    0.00    3.61    0.00    0.00    0.00    0.00    0.00    0.00   71.90
13:48:13     all   15.29    0.00    3.27    0.00    0.00    0.01    0.00    0.00    0.00   81.43
13:48:14     all   18.57    0.00    1.60    0.00    0.00    0.00    0.00    0.00    0.00   79.83
13:48:15     all   20.87    0.00    3.06    0.00    0.00    0.00    0.00    0.00    0.00   76.07
13:48:16     all   25.07    0.00    5.46    0.00    0.00    0.00    0.00    0.00    0.00   69.46
13:48:17     all   25.15    0.00    4.25    0.00    0.00    0.00    0.00    0.00    0.00   70.60
13:48:18     all   28.95    0.00    6.43    0.00    0.00    0.00    0.00    0.00    0.00   64.62
13:48:19     all   22.42    0.00    4.94    0.00    0.00    0.00    0.00    0.00    0.00   72.65
13:48:20     all   26.97    0.00    4.66    0.00    0.00    0.01    0.00    0.00    0.00   68.36
13:48:21     all   19.57    0.00    3.41    0.00    0.00    0.00    0.00    0.00    0.00   77.01
13:48:22     all   22.25    0.00    5.28    0.00    0.00    0.00    0.00    0.00    0.00   72.48
13:48:23     all   22.42    0.00    3.77    0.00    0.00    0.00    0.00    0.00    0.00   73.81
13:48:24     all   19.71    0.00    3.13    0.00    0.00    0.00    0.00    0.00    0.00   77.17
13:48:25     all   18.50    0.00    3.81    0.00    0.00    0.00    0.00    0.00    0.00   77.69
13:48:26     all   25.96    0.00    5.37    0.00    0.00    0.01    0.00    0.00    0.00   68.66
13:48:27     all   20.12    0.00    5.58    0.00    0.00    0.00    0.00    0.00    0.00   74.30
13:48:28     all   20.96    0.00    5.87    0.00    0.00    0.00    0.00    0.00    0.00   73.17
13:48:29     all   23.90    0.00    7.71    0.00    0.00    0.00    0.00    0.00    0.00   68.39
13:48:30     all   19.65    0.00    6.61    0.00    0.00    0.00    0.00    0.00    0.00   73.74
13:48:31     all   27.06    0.00    6.70    0.00    0.00    0.00    0.00    0.00    0.00   66.24
13:48:32     all   27.19    0.00    8.34    0.00    0.00    0.00    0.00    0.00    0.00   64.46
13:48:33     all   24.74    0.00    7.17    0.00    0.00    0.01    0.00    0.00    0.00   68.08
13:48:34     all   19.25    0.00    4.93    0.00    0.00    0.00    0.00    0.00    0.00   75.82
13:48:35     all   32.02    0.00   11.62    0.01    0.00    0.00    0.00    0.00    0.00   56.35
13:48:36     all   22.50    0.00    8.88    0.00    0.00    0.00    0.00    0.00    0.00   68.62
13:48:37     all   22.77    0.00    8.54    0.00    0.00    0.00    0.00    0.00    0.00   68.68
13:48:38     all   32.67    0.00   11.47    0.00    0.00    0.01    0.00    0.00    0.00   55.84
13:48:39     all   24.73    0.00    7.77    0.00    0.00    0.01    0.00    0.00    0.00   67.49
13:48:40     all   20.52    0.00    7.28    0.00    0.00    0.00    0.00    0.00    0.00   72.20
13:48:41     all   30.59    0.00   11.37    0.00    0.00    0.00    0.00    0.00    0.00   58.04
13:48:42     all   21.01    0.00    9.36    0.00    0.00    0.00    0.00    0.00    0.00   69.63
13:48:43     all   28.71    0.00   14.19    0.00    0.00    0.03    0.00    0.00    0.00   57.07
13:48:44     all   28.79    0.01   15.33    0.00    0.00    0.00    0.00    0.00    0.00   55.87
13:48:45     all   18.72    0.00   10.51    0.00    0.00    0.00    0.00    0.00    0.00   70.77
13:48:46     all   31.16    0.00   12.47    0.00    0.00    0.00    0.00    0.00    0.00   56.37
13:48:47     all   32.21    0.00   16.01    0.00    0.00    0.00    0.00    0.00    0.00   51.78
13:48:48     all   26.86    0.00   13.57    0.00    0.00    0.01    0.00    0.00    0.00   59.55
13:48:49     all   23.34    0.00   11.85    0.00    0.00    0.00    0.00    0.00    0.00   64.80
13:48:50     all   31.31    0.00   15.23    0.00    0.00    0.00    0.00    0.00    0.00   53.46
13:48:51     all   30.96    0.00   14.66    0.00    0.00    0.00    0.00    0.00    0.00   54.38
13:48:52     all   21.92    0.00   11.54    0.00    0.00    0.00    0.00    0.00    0.00   66.54
13:48:53     all   28.25    0.00   14.34    0.00    0.00    0.01    0.00    0.00    0.00   57.39
13:48:54     all   26.88    0.00   15.95    0.00    0.00    0.00    0.00    0.00    0.00   57.16
13:48:55     all   31.33    0.00   17.81    0.00    0.00    0.00    0.00    0.00    0.00   50.86
13:48:56     all   30.12    0.00   18.29    0.00    0.00    0.00    0.00    0.00    0.00   51.59
13:48:57     all   27.78    0.00   15.42    0.00    0.00    0.00    0.00    0.00    0.00   56.80
13:48:58     all   31.45    0.00   19.50    0.00    0.00    0.00    0.00    0.00    0.00   49.05
13:48:59     all   28.71    0.00   16.97    0.00    0.00    0.01    0.00    0.00    0.00   54.31
13:49:00     all   28.02    0.00   16.49    0.00    0.00    0.00    0.00    0.00    0.00   55.48
13:49:01     all   24.33    0.00   11.87    0.00    0.00    0.01    0.00    0.00    0.00   63.79
13:49:02     all   17.80    0.01   11.27    0.00    0.00    0.00    0.00    0.00    0.00   70.91
13:49:03     all   31.28    0.00   15.27    0.00    0.00    0.01    0.00    0.00    0.00   53.44
13:49:04     all   20.40    0.00   11.14    0.00    0.00    0.00    0.00    0.00    0.00   68.46
13:49:05     all   28.44    0.00   15.67    0.00    0.00    0.00    0.00    0.00    0.00   55.90
13:49:06     all   29.60    0.00   17.54    0.00    0.00    0.00    0.00    0.00    0.00   52.86
13:49:07     all   29.39    0.00   15.01    0.00    0.00    0.00    0.00    0.00    0.00   55.61
13:49:08     all   19.00    0.00   12.02    0.00    0.00    0.00    0.00    0.00    0.00   68.98
13:49:09     all   28.81    0.00   14.16    0.00    0.00    0.00    0.00    0.00    0.00   57.03
13:49:10     all   23.79    0.00   13.42    0.00    0.00    0.00    0.00    0.00    0.00   62.79
13:49:11     all   33.38    0.00   14.24    0.00    0.00    0.00    0.00    0.00    0.00   52.38
13:49:12     all   23.74    0.00   12.05    0.00    0.00    0.00    0.00    0.00    0.00   64.22
13:49:13     all   31.29    0.00   18.66    0.00    0.00    0.01    0.00    0.00    0.00   50.03
13:49:14     all   25.70    0.00   15.50    0.00    0.00    0.00    0.00    0.00    0.00   58.80
13:49:15     all   30.22    0.00   18.57    0.00    0.00    0.00    0.00    0.00    0.00   51.21
13:49:16     all   30.67    0.01   19.28    0.00    0.00    0.00    0.00    0.00    0.00   50.03
13:49:17     all   29.48    0.00   19.88    0.00    0.00    0.00    0.00    0.00    0.00   50.65
13:49:18     all   27.56    0.00   21.38    0.00    0.00    0.01    0.00    0.00    0.00   51.04
13:49:19     all   27.89    0.00   21.80    0.00    0.00    0.00    0.00    0.00    0.00   50.31
13:49:20     all   29.60    0.00   19.88    0.00    0.00    0.04    0.00    0.00    0.00   50.47
13:49:21     all   29.60    0.00   20.06    0.00    0.00    0.00    0.00    0.00    0.00   50.34
13:49:22     all   28.69    0.00   20.77    0.00    0.00    0.01    0.00    0.00    0.00   50.53
13:49:23     all   27.52    0.00   21.32    0.00    0.00    0.00    0.00    0.00    0.00   51.16
13:49:24     all   28.47    0.01   21.48    0.00    0.00    0.00    0.00    0.00    0.00   50.03
13:49:25     all   29.70    0.00   20.00    0.00    0.00    0.00    0.00    0.00    0.00   50.31
13:49:26     all   28.49    0.01   21.92    0.00    0.00    0.01    0.00    0.00    0.00   49.56
13:49:27     all   29.30    0.00   20.02    0.00    0.00    0.00    0.00    0.00    0.00   50.68
13:49:28     all   30.36    0.00   19.38    0.00    0.00    0.01    0.00    0.00    0.00   50.24
13:49:29     all   28.79    0.00   21.36    0.00    0.00    0.00    0.00    0.00    0.00   49.85
13:49:30     all   27.76    0.00   22.21    0.00    0.00    0.03    0.00    0.00    0.00   50.00
13:49:31     all   27.57    0.00   22.09    0.00    0.00    0.00    0.00    0.00    0.00   50.33
13:49:32     all   28.31    0.00   21.59    0.00    0.00    0.00    0.00    0.00    0.00   50.10
13:49:33     all   28.33    0.00   20.84    0.00    0.00    0.00    0.00    0.00    0.00   50.83
13:49:34     all   27.76    0.00   21.69    0.01    0.00    0.00    0.00    0.00    0.00   50.53
13:49:35     all   29.16    0.00   20.44    0.00    0.00    0.01    0.00    0.00    0.00   50.39
13:49:36     all   28.65    0.00   20.93    0.00    0.00    0.01    0.00    0.00    0.00   50.41
13:49:37     all   27.78    0.00   22.30    0.00    0.00    0.00    0.00    0.00    0.00   49.92
13:49:38     all   25.96    0.00   23.48    0.00    0.00    0.00    0.00    0.00    0.00   50.56
13:49:39     all   27.64    0.00   22.23    0.00    0.00    0.00    0.00    0.00    0.00   50.12
13:49:40     all   27.41    0.00   22.84    0.00    0.00    0.00    0.00    0.00    0.00   49.74
13:49:41     all   28.42    0.00   21.59    0.00    0.00    0.01    0.00    0.00    0.00   49.97
13:49:42     all   27.45    0.00   22.49    0.00    0.00    0.00    0.00    0.00    0.00   50.06
13:49:43     all   28.18    0.00   21.73    0.00    0.00    0.01    0.00    0.00    0.00   50.07
13:49:44     all   28.13    0.00   22.04    0.00    0.00    0.00    0.00    0.00    0.00   49.83
13:49:45     all   27.79    0.00   22.00    0.00    0.00    0.00    0.00    0.00    0.00   50.22
13:49:46     all   29.75    0.00   19.21    0.00    0.00    0.00    0.00    0.00    0.00   51.04
13:49:47     all   29.16    0.00   21.75    0.00    0.00    0.01    0.00    0.00    0.00   49.08
13:49:48     all   27.32    0.00   22.45    0.00    0.00    0.00    0.00    0.00    0.00   50.23
13:49:49     all   29.93    0.00   19.46    0.00    0.00    0.00    0.00    0.00    0.00   50.60
13:49:50     all   28.59    0.00   18.47    0.00    0.00    0.00    0.00    0.00    0.00   52.95
13:49:51     all   29.84    0.00   17.56    0.00    0.00    0.01    0.00    0.00    0.00   52.59
13:49:52     all   30.55    0.00   19.08    0.00    0.00    0.00    0.00    0.00    0.00   50.37
13:49:53     all   29.43    0.00   20.31    0.00    0.00    0.00    0.00    0.00    0.00   50.26
13:49:54     all   29.48    0.00   19.73    0.00    0.00    0.00    0.00    0.00    0.00   50.79
13:49:55     all   28.19    0.00   18.02    0.00    0.00    0.00    0.00    0.00    0.00   53.79
13:49:56     all   28.90    0.00   18.43    0.00    0.00    0.00    0.00    0.00    0.00   52.68
13:49:57     all   30.44    0.00   18.12    0.00    0.00    0.00    0.00    0.00    0.00   51.45
13:49:58     all   28.85    0.00   18.36    0.00    0.00    0.01    0.00    0.00    0.00   52.77
13:49:59     all   30.48    0.00   19.40    0.00    0.00    0.00    0.00    0.00    0.00   50.12
13:50:00     all   29.50    0.00   20.35    0.00    0.00    0.01    0.00    0.00    0.00   50.14
13:50:01     all   29.46    0.00   20.21    0.00    0.00    0.00    0.00    0.00    0.00   50.33
13:50:02     all   29.12    0.00   22.36    0.00    0.00    0.00    0.00    0.00    0.00   48.52
13:50:03     all   29.01    0.00   22.53    0.00    0.00    0.00    0.00    0.00    0.00   48.46
13:50:04     all   30.06    0.00   20.84    0.00    0.00    0.01    0.00    0.00    0.00   49.09
13:50:05     all   26.63    0.00   23.17    0.00    0.00    0.00    0.00    0.00    0.00   50.20
13:50:06     all   29.51    0.00   21.68    0.00    0.00    0.00    0.00    0.00    0.00   48.82
13:50:07     all   27.76    0.00   23.02    0.00    0.00    0.00    0.00    0.00    0.00   49.22
13:50:08     all   28.76    0.00   20.79    0.00    0.00    0.01    0.00    0.00    0.00   50.44
13:50:09     all   27.19    0.00   22.42    0.00    0.00    0.00    0.00    0.00    0.00   50.38
13:50:10     all   27.97    0.00   21.53    0.00    0.00    0.00    0.00    0.00    0.00   50.51
13:50:11     all   28.21    0.00   21.38    0.00    0.00    0.00    0.00    0.00    0.00   50.41
13:50:12     all   28.69    0.00   21.12    0.00    0.00    0.00    0.00    0.00    0.00   50.19
13:50:13     all   26.75    0.00   22.33    0.00    0.00    0.00    0.00    0.00    0.00   50.92
13:50:14     all   25.31    0.00   22.28    0.00    0.00    0.01    0.00    0.00    0.00   52.40
13:50:15     all   28.59    0.00   18.65    0.00    0.00    0.00    0.00    0.00    0.00   52.76
13:50:16     all   27.20    0.00   20.16    0.00    0.00    0.00    0.00    0.00    0.00   52.64
13:50:17     all   30.80    0.00   18.06    0.00    0.00    0.00    0.00    0.00    0.00   51.14
13:50:18     all   29.95    0.00   20.53    0.00    0.00    0.00    0.00    0.00    0.00   49.52
13:50:19     all   28.01    0.00   21.39    0.00    0.00    0.01    0.00    0.00    0.00   50.58
13:50:20     all   29.88    0.00   19.99    0.00    0.00    0.00    0.00    0.00    0.00   50.13
13:50:21     all   29.04    0.00   19.40    0.00    0.00    0.00    0.00    0.00    0.00   51.56
13:50:22     all   28.29    0.00   20.42    0.00    0.00    0.00    0.00    0.00    0.00   51.29
13:50:23     all   30.30    0.00   18.95    0.00    0.00    0.00    0.00    0.00    0.00   50.76
13:50:24     all   30.47    0.00   19.39    0.00    0.00    0.00    0.00    0.00    0.00   50.14
13:50:25     all   29.16    0.00   20.73    0.00    0.00    0.03    0.00    0.00    0.00   50.08
13:50:26     all   29.62    0.00   20.56    0.00    0.00    0.00    0.00    0.00    0.00   49.82
13:50:27     all   28.58    0.00   20.45    0.00    0.00    0.01    0.00    0.00    0.00   50.95
13:50:28     all   29.26    0.00   20.28    0.00    0.00    0.01    0.00    0.00    0.00   50.44
13:50:29     all   31.32    0.00   18.48    0.00    0.00    0.01    0.00    0.00    0.00   50.19
13:50:30     all   29.42    0.00   19.87    0.00    0.00    0.00    0.00    0.00    0.00   50.71
13:50:31     all   28.35    0.00   19.37    0.00    0.00    0.00    0.00    0.00    0.00   52.28
13:50:32     all   29.78    0.00   19.17    0.00    0.00    0.00    0.00    0.00    0.00   51.05
13:50:33     all   28.11    0.00   20.40    0.00    0.00    0.00    0.00    0.00    0.00   51.50
13:50:34     all   31.97    0.00   16.85    0.00    0.00    0.01    0.00    0.00    0.00   51.16
13:50:35     all   29.45    0.00   19.57    0.00    0.00    0.00    0.00    0.00    0.00   50.99
13:50:36     all   29.86    0.00   20.08    0.00    0.00    0.01    0.00    0.00    0.00   50.04
13:50:37     all   28.69    0.00   20.80    0.00    0.00    0.00    0.00    0.00    0.00   50.51
13:50:38     all   29.46    0.00   19.47    0.00    0.00    0.00    0.00    0.00    0.00   51.06
13:50:39     all   29.44    0.00   19.60    0.00    0.00    0.00    0.00    0.00    0.00   50.97
13:50:40     all   29.93    0.01   19.14    0.01    0.00    0.00    0.00    0.00    0.00   50.90
13:50:41     all   30.85    0.00   17.61    0.00    0.00    0.01    0.00    0.00    0.00   51.52
13:50:42     all   28.41    0.00   20.22    0.00    0.00    0.00    0.00    0.00    0.00   51.37
13:50:43     all   30.04    0.00   20.09    0.00    0.00    0.01    0.00    0.00    0.00   49.85
13:50:44     all   28.47    0.00   18.77    0.00    0.00    0.00    0.00    0.00    0.00   52.76
13:50:45     all   29.08    0.00   19.65    0.00    0.00    0.00    0.00    0.00    0.00   51.27
13:50:46     all   28.31    0.00   21.33    0.00    0.00    0.00    0.00    0.00    0.00   50.36
13:50:47     all   26.13    0.00   21.85    0.00    0.00    0.00    0.00    0.00    0.00   52.01
13:50:48     all   23.13    0.00   17.54    0.00    0.00    0.00    0.00    0.00    0.00   59.33
13:50:49     all   20.90    0.00   13.37    0.00    0.00    0.00    0.00    0.00    0.00   65.73
13:50:50     all   20.92    0.00   15.00    0.00    0.00    0.00    0.00    0.00    0.00   64.08
13:50:51     all   18.74    0.00   15.89    0.00    0.00    0.00    0.00    0.00    0.00   65.37
13:50:52     all   14.00    0.00    8.68    0.00    0.00    0.01    0.00    0.00    0.00   77.30
13:50:53     all   27.46    0.00   11.84    0.00    0.00    0.00    0.00    0.00    0.00   60.70
13:50:54     all   30.80    0.00   18.82    0.00    0.00    0.00    0.00    0.00    0.00   50.38
13:50:55     all   28.16    0.00   19.80    0.00    0.00    0.00    0.00    0.00    0.00   52.04
13:50:56     all   29.77    0.00   18.98    0.00    0.00    0.00    0.00    0.00    0.00   51.25
13:50:57     all   26.81    0.00   20.54    0.00    0.00    0.01    0.00    0.00    0.00   52.64
13:50:58     all   28.37    0.00   18.12    0.00    0.00    0.00    0.00    0.00    0.00   53.52
13:50:59     all   28.33    0.00   14.98    0.00    0.00    0.00    0.00    0.00    0.00   56.69
13:51:00     all   30.88    0.00   18.54    0.00    0.00    0.04    0.00    0.00    0.00   50.54
13:51:01     all   28.29    0.00   20.89    0.00    0.00    0.00    0.00    0.00    0.00   50.82
13:51:02     all   29.04    0.01   19.29    0.00    0.00    0.00    0.00    0.00    0.00   51.65
13:51:03     all   26.17    0.00   15.92    0.00    0.00    0.00    0.00    0.00    0.00   57.91
13:51:04     all   29.82    0.00   16.89    0.00    0.00    0.00    0.00    0.00    0.00   53.29
13:51:05     all   29.59    0.00   20.15    0.00    0.00    0.00    0.00    0.00    0.00   50.26
13:51:06     all   27.44    0.00   22.32    0.00    0.00    0.00    0.00    0.00    0.00   50.24
13:51:07     all   29.42    0.00   21.32    0.00    0.00    0.01    0.00    0.00    0.00   49.25
13:51:08     all   29.62    0.00   19.22    0.00    0.00    0.01    0.00    0.00    0.00   51.15
13:51:09     all   28.52    0.00   18.08    0.00    0.00    0.00    0.00    0.00    0.00   53.40
13:51:10     all   26.96    0.00   20.96    0.00    0.00    0.01    0.00    0.00    0.00   52.06
13:51:11     all   28.55    0.00   17.93    0.00    0.00    0.01    0.00    0.00    0.00   53.50
13:51:12     all   29.90    0.00   18.38    0.00    0.00    0.01    0.00    0.00    0.00   51.71
13:51:13     all   29.97    0.01   18.73    0.00    0.00    0.00    0.00    0.00    0.00   51.28
13:51:14     all   31.91    0.00   17.96    0.00    0.00    0.01    0.00    0.00    0.00   50.11
13:51:15     all   30.87    0.00   15.29    0.00    0.00    0.00    0.00    0.00    0.00   53.84
13:51:16     all   28.91    0.00   20.30    0.00    0.00    0.00    0.00    0.00    0.00   50.78
13:51:17     all   30.25    0.00   19.26    0.00    0.00    0.01    0.00    0.00    0.00   50.47
13:51:18     all   23.63    0.00   17.35    0.00    0.00    0.01    0.00    0.00    0.00   59.00
13:51:19     all   29.17    0.00   19.92    0.00    0.00    0.00    0.00    0.00    0.00   50.91
13:51:20     all   28.55    0.00   20.46    0.00    0.00    0.00    0.00    0.00    0.00   51.00
13:51:21     all   24.71    0.00   17.37    0.00    0.00    0.00    0.00    0.00    0.00   57.92
13:51:22     all   26.18    0.00   16.50    0.00    0.00    0.01    0.00    0.00    0.00   57.31
13:51:23     all   30.62    0.00   18.58    0.00    0.00    0.00    0.00    0.00    0.00   50.81
13:51:24     all   29.13    0.01   18.73    0.00    0.00    0.00    0.00    0.00    0.00   52.13
13:51:25     all   28.39    0.00   17.00    0.00    0.00    0.01    0.00    0.00    0.00   54.60
13:51:26     all   29.58    0.00   17.71    0.00    0.00    0.00    0.00    0.00    0.00   52.71
13:51:27     all   29.49    0.00   19.27    0.00    0.00    0.00    0.00    0.00    0.00   51.24
13:51:28     all   30.25    0.00   18.17    0.00    0.00    0.01    0.00    0.00    0.00   51.56
13:51:29     all   29.22    0.00   17.42    0.00    0.00    0.00    0.00    0.00    0.00   53.37
13:51:30     all   29.10    0.00   20.14    0.00    0.00    0.01    0.00    0.00    0.00   50.75
13:51:31     all   30.76    0.00   18.94    0.00    0.00    0.00    0.00    0.00    0.00   50.29
13:51:32     all   29.92    0.00   17.26    0.00    0.00    0.00    0.00    0.00    0.00   52.82
13:51:33     all   24.55    0.00   16.41    0.00    0.00    0.01    0.00    0.00    0.00   59.03
13:51:34     all   23.26    0.00   14.78    0.00    0.00    0.00    0.00    0.00    0.00   61.95
13:51:35     all   29.78    0.00   18.93    0.00    0.00    0.00    0.00    0.00    0.00   51.29
13:51:36     all   29.34    0.00   19.27    0.00    0.00    0.01    0.00    0.00    0.00   51.37
13:51:37     all   28.96    0.01   17.04    0.00    0.00    0.00    0.00    0.00    0.00   53.99
13:51:38     all   29.18    0.00   17.46    0.00    0.00    0.03    0.00    0.00    0.00   53.33
13:51:39     all   30.63    0.00   17.52    0.00    0.00    0.00    0.00    0.00    0.00   51.85
13:51:40     all   28.47    0.00   20.86    0.00    0.00    0.00    0.00    0.00    0.00   50.67
13:51:41     all   29.02    0.00   18.87    0.00    0.00    0.00    0.00    0.00    0.00   52.11
13:51:42     all   29.16    0.00   17.92    0.00    0.00    0.00    0.00    0.00    0.00   52.92
13:51:43     all   27.02    0.00   16.77    0.00    0.00    0.00    0.00    0.00    0.00   56.21
13:51:44     all   29.59    0.00   17.07    0.00    0.00    0.00    0.00    0.00    0.00   53.34
13:51:45     all   27.26    0.00   16.64    0.00    0.00    0.01    0.00    0.00    0.00   56.08
13:51:46     all   30.70    0.00   16.78    0.00    0.00    0.00    0.00    0.00    0.00   52.52
13:51:47     all   26.64    0.00   16.45    0.00    0.00    0.00    0.00    0.00    0.00   56.91
13:51:48     all   28.90    0.00   17.05    0.00    0.00    0.00    0.00    0.00    0.00   54.05
13:51:49     all   29.74    0.00   16.94    0.00    0.00    0.01    0.00    0.00    0.00   53.31
13:51:50     all   25.52    0.00   14.82    0.00    0.00    0.01    0.00    0.00    0.00   59.65
13:51:51     all   31.81    0.00   16.20    0.00    0.00    0.00    0.00    0.00    0.00   51.98
13:51:52     all   20.58    0.00   13.49    0.00    0.00    0.00    0.00    0.00    0.00   65.92
13:51:53     all   27.17    0.00   16.70    0.00    0.00    0.00    0.00    0.00    0.00   56.14
13:51:54     all   29.14    0.00   18.65    0.00    0.00    0.01    0.00    0.00    0.00   52.19
13:51:55     all   26.95    0.00   16.50    0.00    0.00    0.00    0.00    0.00    0.00   56.55
13:51:56     all   29.58    0.01   15.89    0.00    0.00    0.00    0.00    0.00    0.00   54.51
13:51:57     all   29.24    0.00   16.07    0.00    0.00    0.00    0.00    0.00    0.00   54.68
13:51:58     all   30.92    0.00   18.75    0.00    0.00    0.00    0.00    0.00    0.00   50.33
13:51:59     all   28.94    0.00   18.81    0.00    0.00    0.01    0.00    0.00    0.00   52.24
13:52:00     all   29.54    0.00   21.17    0.00    0.00    0.01    0.00    0.00    0.00   49.28
13:52:01     all   28.22    0.00   21.85    0.00    0.00    0.01    0.00    0.00    0.00   49.91
13:52:02     all   28.77    0.00   21.04    0.00    0.00    0.00    0.00    0.00    0.00   50.19
13:52:03     all   29.70    0.00   17.74    0.00    0.00    0.00    0.00    0.00    0.00   52.57
13:52:04     all   30.23    0.00   19.67    0.01    0.00    0.00    0.00    0.00    0.00   50.08
13:52:05     all   29.59    0.00   19.86    0.00    0.00    0.00    0.00    0.00    0.00   50.56
13:52:06     all   29.37    0.00   18.07    0.00    0.00    0.00    0.00    0.00    0.00   52.55
13:52:07     all   30.28    0.00   18.79    0.01    0.00    0.00    0.00    0.00    0.00   50.91
13:52:08     all   30.03    0.00   19.02    0.00    0.00    0.00    0.00    0.00    0.00   50.95
13:52:09     all   30.28    0.00   19.52    0.00    0.00    0.01    0.00    0.00    0.00   50.19
13:52:10     all   28.97    0.00   21.12    0.00    0.00    0.00    0.00    0.00    0.00   49.91
13:52:11     all   28.27    0.00   22.12    0.00    0.00    0.00    0.00    0.00    0.00   49.61
13:52:12     all   30.80    0.00   20.40    0.00    0.00    0.00    0.00    0.00    0.00   48.80
13:52:13     all   29.67    0.00   20.53    0.00    0.00    0.01    0.00    0.00    0.00   49.78
13:52:14     all   28.23    0.00   20.29    0.00    0.00    0.00    0.00    0.00    0.00   51.48
13:52:15     all   30.08    0.00   19.14    0.00    0.00    0.00    0.00    0.00    0.00   50.78
13:52:16     all   30.59    0.00   18.49    0.00    0.00    0.00    0.00    0.00    0.00   50.92
13:52:17     all   26.57    0.00   22.55    0.00    0.00    0.01    0.00    0.00    0.00   50.86
13:52:18     all   29.38    0.00   19.64    0.00    0.00    0.00    0.00    0.00    0.00   50.98
13:52:19     all   29.30    0.00   19.30    0.00    0.00    0.00    0.00    0.00    0.00   51.40
13:52:20     all   31.53    0.00   18.11    0.00    0.00    0.00    0.00    0.00    0.00   50.37
13:52:21     all   30.52    0.00   19.28    0.00    0.00    0.00    0.00    0.00    0.00   50.19
13:52:22     all   29.25    0.00   20.72    0.00    0.00    0.01    0.00    0.00    0.00   50.02
13:52:23     all   30.79    0.00   20.65    0.00    0.00    0.00    0.00    0.00    0.00   48.56
13:52:24     all   28.68    0.00   21.48    0.00    0.00    0.00    0.00    0.00    0.00   49.84
13:52:25     all   31.43    0.00   19.67    0.00    0.00    0.00    0.00    0.00    0.00   48.90
13:52:26     all   30.38    0.00   19.21    0.00    0.00    0.01    0.00    0.00    0.00   50.40
13:52:27     all   29.64    0.00   19.58    0.00    0.00    0.00    0.00    0.00    0.00   50.78
13:52:28     all   28.02    0.00   20.75    0.01    0.00    0.00    0.00    0.00    0.00   51.21
13:52:29     all   27.98    0.00   22.28    0.00    0.00    0.00    0.00    0.00    0.00   49.74
13:52:30     all   28.53    0.00   21.12    0.00    0.00    0.01    0.00    0.00    0.00   50.34
13:52:31     all   31.21    0.00   19.01    0.00    0.00    0.01    0.00    0.00    0.00   49.76
13:52:32     all   29.25    0.00   20.61    0.00    0.00    0.00    0.00    0.00    0.00   50.13
13:52:33     all   30.53    0.00   18.83    0.00    0.00    0.00    0.00    0.00    0.00   50.64
13:52:34     all   29.54    0.00   19.44    0.00    0.00    0.01    0.00    0.00    0.00   51.00
13:52:35     all   28.39    0.00   21.24    0.00    0.00    0.00    0.00    0.00    0.00   50.37
13:52:36     all   27.56    0.00   21.94    0.00    0.00    0.00    0.00    0.00    0.00   50.51
13:52:37     all   27.74    0.00   17.93    0.00    0.00    0.00    0.00    0.00    0.00   54.33
13:52:38     all   31.20    0.00   17.28    0.00    0.00    0.00    0.00    0.00    0.00   51.52
13:52:39     all   31.48    0.00   17.83    0.00    0.00    0.00    0.00    0.00    0.00   50.69
13:52:40     all   31.61    0.01   18.47    0.00    0.00    0.01    0.00    0.00    0.00   49.90
13:52:41     all   29.73    0.00   18.82    0.00    0.00    0.00    0.00    0.00    0.00   51.45
13:52:42     all   29.40    0.00   20.68    0.00    0.00    0.00    0.00    0.00    0.00   49.92
13:52:43     all   31.18    0.00   19.20    0.00    0.00    0.00    0.00    0.00    0.00   49.62
13:52:44     all   27.49    0.00   18.92    0.00    0.00    0.01    0.00    0.00    0.00   53.58
13:52:45     all   27.96    0.00   21.20    0.00    0.00    0.00    0.00    0.00    0.00   50.85
13:52:46     all   30.43    0.00   20.94    0.00    0.00    0.01    0.00    0.00    0.00   48.62
13:52:47     all   28.92    0.00   21.04    0.00    0.00    0.01    0.00    0.00    0.00   50.03
13:52:48     all   30.91    0.00   17.56    0.00    0.00    0.00    0.00    0.00    0.00   51.53
13:52:49     all   30.79    0.00   18.67    0.00    0.00    0.00    0.00    0.00    0.00   50.54
13:52:50     all   31.60    0.00   18.12    0.00    0.00    0.00    0.00    0.00    0.00   50.28
13:52:51     all   30.54    0.00   18.41    0.00    0.00    0.01    0.00    0.00    0.00   51.03
13:52:52     all   31.83    0.00   17.20    0.00    0.00    0.00    0.00    0.00    0.00   50.97
13:52:53     all   30.07    0.00   18.60    0.00    0.00    0.01    0.00    0.00    0.00   51.32
13:52:54     all   30.07    0.00   19.55    0.00    0.00    0.00    0.00    0.00    0.00   50.38
13:52:55     all   30.36    0.00   19.49    0.00    0.00    0.03    0.00    0.00    0.00   50.13
13:52:56     all   29.93    0.00   20.25    0.00    0.00    0.03    0.00    0.00    0.00   49.79
13:52:57     all   30.05    0.00   19.91    0.00    0.00    0.00    0.00    0.00    0.00   50.04
13:52:58     all   27.02    0.00   19.07    0.00    0.00    0.00    0.00    0.00    0.00   53.90
13:52:59     all   28.14    0.00   18.80    0.00    0.00    0.01    0.00    0.00    0.00   53.04
13:53:00     all   26.93    0.00   20.90    0.00    0.00    0.00    0.00    0.00    0.00   52.16
13:53:01     all   30.73    0.00   18.99    0.00    0.00    0.01    0.00    0.00    0.00   50.26
13:53:02     all   30.53    0.00   18.23    0.00    0.00    0.01    0.00    0.00    0.00   51.22
13:53:03     all   30.62    0.00   18.14    0.00    0.00    0.00    0.00    0.00    0.00   51.25
13:53:04     all   31.33    0.00   18.74    0.00    0.00    0.00    0.00    0.00    0.00   49.93
13:53:05     all   31.84    0.00   17.01    0.00    0.00    0.00    0.00    0.00    0.00   51.15
13:53:06     all   30.63    0.00   18.97    0.01    0.00    0.00    0.00    0.00    0.00   50.39
13:53:07     all   30.63    0.00   18.86    0.00    0.00    0.01    0.00    0.00    0.00   50.50
13:53:08     all   30.73    0.00   19.39    0.00    0.00    0.00    0.00    0.00    0.00   49.87
13:53:09     all   31.30    0.00   18.36    0.00    0.00    0.00    0.00    0.00    0.00   50.35
13:53:10     all   27.55    0.00   19.07    0.00    0.00    0.01    0.00    0.00    0.00   53.37
13:53:11     all   29.28    0.00   19.39    0.00    0.00    0.00    0.00    0.00    0.00   51.33
13:53:12     all   29.68    0.00   19.30    0.00    0.00    0.00    0.00    0.00    0.00   51.02
13:53:13     all   30.29    0.00   19.25    0.00    0.00    0.01    0.00    0.00    0.00   50.45
13:53:14     all   29.63    0.01   21.10    0.00    0.00    0.00    0.00    0.00    0.00   49.25
13:53:15     all   29.16    0.00   20.50    0.00    0.00    0.00    0.00    0.00    0.00   50.34
13:53:16     all   29.36    0.00   20.76    0.00    0.00    0.00    0.00    0.00    0.00   49.87
13:53:17     all   30.49    0.00   19.56    0.00    0.00    0.01    0.00    0.00    0.00   49.94
13:53:18     all   29.31    0.00   19.82    0.00    0.00    0.01    0.00    0.00    0.00   50.86
13:53:19     all   31.35    0.00   18.99    0.00    0.00    0.00    0.00    0.00    0.00   49.66
13:53:20     all   29.52    0.00   21.33    0.00    0.00    0.00    0.00    0.00    0.00   49.15
13:53:21     all   28.91    0.00   20.48    0.00    0.00    0.01    0.00    0.00    0.00   50.60
13:53:22     all   29.20    0.00   21.52    0.00    0.00    0.00    0.00    0.00    0.00   49.28
13:53:23     all   28.96    0.00   20.72    0.01    0.00    0.00    0.00    0.00    0.00   50.30
13:53:24     all   29.76    0.00   20.10    0.00    0.00    0.00    0.00    0.00    0.00   50.14
13:53:25     all   29.18    0.00   21.36    0.00    0.00    0.00    0.00    0.00    0.00   49.46
13:53:26     all   28.51    0.00   21.40    0.00    0.00    0.00    0.00    0.00    0.00   50.09
13:53:27     all   29.79    0.00   20.71    0.00    0.00    0.00    0.00    0.00    0.00   49.49
13:53:28     all   30.96    0.00   19.20    0.00    0.00    0.00    0.00    0.00    0.00   49.83
13:53:29     all   29.67    0.00   19.64    0.00    0.00    0.00    0.00    0.00    0.00   50.68
13:53:30     all   28.93    0.00   20.76    0.00    0.00    0.01    0.00    0.00    0.00   50.30
13:53:31     all   31.68    0.00   19.34    0.00    0.00    0.00    0.00    0.00    0.00   48.98
13:53:32     all   29.03    0.00   19.57    0.00    0.00    0.01    0.00    0.00    0.00   51.39
13:53:33     all   29.84    0.00   19.39    0.00    0.00    0.01    0.00    0.00    0.00   50.76
13:53:34     all   28.05    0.00   20.70    0.00    0.00    0.00    0.00    0.00    0.00   51.25
13:53:35     all   29.22    0.00   19.95    0.00    0.00    0.00    0.00    0.00    0.00   50.83
13:53:36     all   31.22    0.00   17.17    0.00    0.00    0.00    0.00    0.00    0.00   51.61
13:53:37     all   29.17    0.00   18.91    0.00    0.00    0.00    0.00    0.00    0.00   51.92
13:53:38     all   29.01    0.00   20.94    0.00    0.00    0.01    0.00    0.00    0.00   50.03
13:53:39     all   30.38    0.00   19.34    0.00    0.00    0.00    0.00    0.00    0.00   50.28
13:53:40     all   29.12    0.01   19.83    0.00    0.00    0.00    0.00    0.00    0.00   51.04
13:53:41     all   28.67    0.00   19.86    0.00    0.00    0.00    0.00    0.00    0.00   51.47
13:53:42     all   29.84    0.00   19.04    0.00    0.00    0.00    0.00    0.00    0.00   51.12
13:53:43     all   31.45    0.01   17.85    0.00    0.00    0.00    0.00    0.00    0.00   50.69
13:53:44     all   32.50    0.00   17.52    0.00    0.00    0.01    0.00    0.00    0.00   49.97
13:53:45     all   30.37    0.00   19.60    0.00    0.00    0.00    0.00    0.00    0.00   50.03
13:53:46     all   31.71    0.00   18.45    0.00    0.00    0.00    0.00    0.00    0.00   49.84
13:53:47     all   29.62    0.00   20.67    0.00    0.00    0.00    0.00    0.00    0.00   49.71
13:53:48     all   29.56    0.00   20.34    0.00    0.00    0.00    0.00    0.00    0.00   50.10
13:53:49     all   28.40    0.00   19.67    0.00    0.00    0.00    0.00    0.00    0.00   51.93
13:53:50     all   30.48    0.00   18.74    0.00    0.00    0.03    0.00    0.00    0.00   50.76
13:53:51     all   30.24    0.00   17.93    0.00    0.00    0.00    0.00    0.00    0.00   51.82
13:53:52     all   30.77    0.00   19.29    0.00    0.00    0.00    0.00    0.00    0.00   49.94
13:53:53     all   32.07    0.00   18.27    0.00    0.00    0.01    0.00    0.00    0.00   49.64
13:53:54     all   28.43    0.00   18.18    0.00    0.00    0.00    0.00    0.00    0.00   53.39
13:53:55     all   30.00    0.00   18.54    0.00    0.00    0.01    0.00    0.00    0.00   51.45
13:53:56     all   29.45    0.00   18.02    0.00    0.00    0.00    0.00    0.00    0.00   52.53
13:53:57     all   28.58    0.00   16.84    0.00    0.00    0.01    0.00    0.00    0.00   54.56
13:53:58     all   32.19    0.00   18.22    0.00    0.00    0.01    0.00    0.00    0.00   49.57
13:53:59     all   27.34    0.00   15.60    0.00    0.00    0.00    0.00    0.00    0.00   57.06
13:54:00     all   33.18    0.00   15.75    0.00    0.00    0.00    0.00    0.00    0.00   51.06
13:54:01     all   30.90    0.00   19.79    0.00    0.00    0.01    0.00    0.00    0.00   49.30
13:54:02     all   30.81    0.00   18.96    0.00    0.00    0.00    0.00    0.00    0.00   50.24
13:54:03     all   29.55    0.00   19.34    0.00    0.00    0.01    0.00    0.00    0.00   51.09
13:54:04     all   28.96    0.00   17.88    0.00    0.00    0.00    0.00    0.00    0.00   53.16
13:54:05     all   30.61    0.00   18.19    0.00    0.00    0.00    0.00    0.00    0.00   51.20
13:54:06     all   31.60    0.00   16.05    0.00    0.00    0.01    0.00    0.00    0.00   52.33
13:54:07     all   31.83    0.00   18.20    0.00    0.00    0.00    0.00    0.00    0.00   49.97
13:54:08     all   32.38    0.00   17.60    0.00    0.00    0.03    0.00    0.00    0.00   49.99
13:54:09     all   31.55    0.00   17.55    0.00    0.00    0.00    0.00    0.00    0.00   50.90
13:54:10     all   29.68    0.00   18.26    0.00    0.00    0.00    0.00    0.00    0.00   52.06
13:54:11     all   31.77    0.00   16.36    0.00    0.00    0.00    0.00    0.00    0.00   51.87
13:54:12     all   31.00    0.00   16.05    0.00    0.00    0.01    0.00    0.00    0.00   52.93
13:54:13     all   28.14    0.00   16.30    0.00    0.00    0.00    0.00    0.00    0.00   55.55
13:54:14     all   31.59    0.00   17.26    0.00    0.00    0.00    0.00    0.00    0.00   51.16
13:54:15     all   28.86    0.00   16.38    0.00    0.00    0.00    0.00    0.00    0.00   54.76
13:54:16     all   26.92    0.00   16.60    0.00    0.00    0.01    0.00    0.00    0.00   56.47
13:54:17     all   29.47    0.00   15.73    0.01    0.00    0.00    0.00    0.00    0.00   54.78
13:54:18     all   31.42    0.00   16.19    0.00    0.00    0.00    0.00    0.00    0.00   52.38
13:54:19     all   30.35    0.00   17.08    0.00    0.00    0.01    0.00    0.00    0.00   52.56
13:54:20     all   30.48    0.00   16.47    0.00    0.00    0.00    0.00    0.00    0.00   53.05
13:54:21     all   33.21    0.00   16.84    0.00    0.00    0.00    0.00    0.00    0.00   49.95
13:54:22     all   32.80    0.00   18.27    0.00    0.00    0.00    0.00    0.00    0.00   48.93
13:54:23     all   25.94    0.00   16.66    0.00    0.00    0.00    0.00    0.00    0.00   57.40
13:54:24     all   29.28    0.00   17.52    0.00    0.00    0.00    0.00    0.00    0.00   53.20
13:54:25     all   29.91    0.00   17.87    0.00    0.00    0.00    0.00    0.00    0.00   52.22
13:54:26     all   31.15    0.00   18.72    0.00    0.00    0.01    0.00    0.00    0.00   50.12
13:54:27     all   29.81    0.00   19.48    0.00    0.00    0.00    0.00    0.00    0.00   50.72
13:54:28     all   30.06    0.00   20.05    0.00    0.00    0.00    0.00    0.00    0.00   49.89
13:54:29     all   30.50    0.00   19.10    0.00    0.00    0.00    0.00    0.00    0.00   50.40
13:54:30     all   31.18    0.00   19.07    0.00    0.00    0.00    0.00    0.00    0.00   49.75
13:54:31     all   31.21    0.00   18.61    0.00    0.00    0.01    0.00    0.00    0.00   50.17
13:54:32     all   31.93    0.00   18.14    0.00    0.00    0.00    0.00    0.00    0.00   49.92
13:54:33     all   31.17    0.00   19.34    0.00    0.00    0.00    0.00    0.00    0.00   49.49
13:54:34     all   30.54    0.00   19.34    0.00    0.00    0.00    0.00    0.00    0.00   50.13
13:54:35     all   29.61    0.00   20.63    0.00    0.00    0.00    0.00    0.00    0.00   49.76
13:54:36     all   31.39    0.00   18.27    0.00    0.00    0.00    0.00    0.00    0.00   50.33
13:54:37     all   29.82    0.00   17.39    0.00    0.00    0.00    0.00    0.00    0.00   52.79
13:54:38     all   31.63    0.00   18.49    0.00    0.00    0.01    0.00    0.00    0.00   49.87
13:54:39     all   30.22    0.00   19.60    0.00    0.00    0.00    0.00    0.00    0.00   50.17
13:54:40     all   30.43    0.00   19.33    0.00    0.00    0.01    0.00    0.00    0.00   50.22
13:54:41     all   29.85    0.00   19.92    0.00    0.00    0.01    0.00    0.00    0.00   50.22
13:54:42     all   30.33    0.00   19.58    0.00    0.00    0.00    0.00    0.00    0.00   50.09
13:54:43     all   30.57    0.00   19.19    0.00    0.00    0.00    0.00    0.00    0.00   50.24
13:54:44     all   28.05    0.00   19.90    0.00    0.00    0.00    0.00    0.00    0.00   52.05
13:54:45     all   26.92    0.00   18.03    0.00    0.00    0.00    0.00    0.00    0.00   55.05
13:54:46     all   29.63    0.00   18.80    0.00    0.00    0.00    0.00    0.00    0.00   51.57
13:54:47     all   31.62    0.01   18.91    0.00    0.00    0.01    0.00    0.00    0.00   49.44
13:54:48     all   30.34    0.00   20.75    0.00    0.00    0.00    0.00    0.00    0.00   48.92
13:54:49     all   29.69    0.00   20.06    0.00    0.00    0.01    0.00    0.00    0.00   50.24
13:54:50     all   29.74    0.01   19.39    0.00    0.00    0.01    0.00    0.00    0.00   50.85
13:54:51     all   27.84    0.00   19.22    0.00    0.00    0.00    0.00    0.00    0.00   52.94
13:54:52     all   27.52    0.00   17.42    0.00    0.00    0.03    0.00    0.00    0.00   55.04
13:54:53     all   29.04    0.00   17.78    0.00    0.00    0.01    0.00    0.00    0.00   53.16
13:54:54     all   27.54    0.00   17.18    0.00    0.00    0.00    0.00    0.00    0.00   55.28
13:54:55     all   27.65    0.00   17.68    0.01    0.00    0.00    0.00    0.00    0.00   54.67
13:54:56     all   29.55    0.00   18.01    0.00    0.00    0.00    0.00    0.00    0.00   52.44
13:54:57     all   27.44    0.00   17.49    0.00    0.00    0.00    0.00    0.00    0.00   55.07
13:54:58     all   27.58    0.00   18.25    0.00    0.00    0.00    0.00    0.00    0.00   54.17
13:54:59     all   25.76    0.00   17.83    0.00    0.00    0.01    0.00    0.00    0.00   56.39
13:55:00     all   26.05    0.00   18.71    0.00    0.00    0.00    0.00    0.00    0.00   55.24
13:55:01     all   30.22    0.00   18.73    0.00    0.00    0.01    0.00    0.00    0.00   51.04
13:55:02     all   32.51    0.00   18.74    0.00    0.00    0.00    0.00    0.00    0.00   48.75
13:55:03     all   31.79    0.00   19.06    0.00    0.00    0.01    0.00    0.00    0.00   49.14
13:55:04     all   34.18    0.00   18.90    0.00    0.00    0.00    0.00    0.00    0.00   46.91
13:55:05     all   30.13    0.00   19.32    0.00    0.00    0.00    0.00    0.00    0.00   50.55
13:55:06     all   31.25    0.00   18.64    0.00    0.00    0.01    0.00    0.00    0.00   50.09
13:55:07     all   29.66    0.00   18.47    0.00    0.00    0.00    0.00    0.00    0.00   51.87
13:55:08     all   29.97    0.00   17.45    0.00    0.00    0.01    0.00    0.00    0.00   52.56
13:55:09     all   32.25    0.00   18.23    0.00    0.00    0.00    0.00    0.00    0.00   49.51
13:55:10     all   28.82    0.00   20.91    0.00    0.00    0.00    0.00    0.00    0.00   50.26
13:55:11     all   29.48    0.00   19.05    0.00    0.00    0.01    0.00    0.00    0.00   51.45
13:55:12     all   28.10    0.00   20.20    0.00    0.00    0.00    0.00    0.00    0.00   51.70
13:55:13     all   30.61    0.00   19.18    0.00    0.00    0.00    0.00    0.00    0.00   50.21
13:55:14     all   32.11    0.00   17.67    0.00    0.00    0.00    0.00    0.00    0.00   50.23
13:55:15     all   27.84    0.00   17.17    0.00    0.00    0.01    0.00    0.00    0.00   54.98
13:55:16     all   29.73    0.00   18.51    0.00    0.00    0.00    0.00    0.00    0.00   51.76
13:55:17     all   29.33    0.00   18.46    0.00    0.00    0.00    0.00    0.00    0.00   52.21
13:55:18     all   29.85    0.00   16.99    0.00    0.00    0.00    0.00    0.00    0.00   53.16
13:55:19     all   32.06    0.00   17.92    0.00    0.00    0.03    0.00    0.00    0.00   49.99
13:55:20     all   32.58    0.00   17.83    0.00    0.00    0.00    0.00    0.00    0.00   49.58
13:55:21     all   32.34    0.00   17.97    0.00    0.00    0.01    0.00    0.00    0.00   49.68
13:55:22     all   30.54    0.00   18.98    0.00    0.00    0.01    0.00    0.00    0.00   50.47
13:55:23     all   31.63    0.00   18.67    0.01    0.00    0.00    0.00    0.00    0.00   49.68
13:55:24     all   30.84    0.00   19.52    0.00    0.00    0.01    0.00    0.00    0.00   49.62
13:55:25     all   31.49    0.00   19.31    0.00    0.00    0.00    0.00    0.00    0.00   49.19
13:55:26     all   32.26    0.00   18.26    0.01    0.00    0.00    0.00    0.00    0.00   49.47
13:55:27     all   32.17    0.00   16.98    0.00    0.00    0.00    0.00    0.00    0.00   50.86
13:55:28     all   31.87    0.00   17.55    0.00    0.00    0.00    0.00    0.00    0.00   50.58
13:55:29     all   30.84    0.00   16.24    0.00    0.00    0.00    0.00    0.00    0.00   52.93
13:55:30     all   26.95    0.01   16.35    0.00    0.00    0.00    0.00    0.00    0.00   56.69
13:55:31     all   28.76    0.00   14.95    0.00    0.00    0.00    0.00    0.00    0.00   56.29
13:55:32     all   29.98    0.00   16.35    0.00    0.00    0.01    0.00    0.00    0.00   53.65
13:55:33     all   32.38    0.00   15.54    0.00    0.00    0.00    0.00    0.00    0.00   52.08
13:55:34     all   32.04    0.00   15.96    0.00    0.00    0.01    0.00    0.00    0.00   51.99
13:55:35     all   23.34    0.00   13.83    0.00    0.00    0.01    0.00    0.00    0.00   62.82
13:55:36     all   29.93    0.00   12.96    0.00    0.00    0.00    0.00    0.00    0.00   57.12
13:55:37     all   34.21    0.00   14.21    0.00    0.00    0.00    0.00    0.00    0.00   51.57
13:55:38     all   32.22    0.00   15.39    0.00    0.00    0.00    0.00    0.00    0.00   52.39
13:55:39     all   30.83    0.00   15.03    0.00    0.00    0.01    0.00    0.00    0.00   54.13
13:55:40     all   27.57    0.00   12.52    0.00    0.00    0.00    0.00    0.00    0.00   59.91
13:55:41     all   34.23    0.00   14.64    0.00    0.00    0.00    0.00    0.00    0.00   51.13
13:55:42     all   32.65    0.00   15.21    0.00    0.00    0.00    0.00    0.00    0.00   52.15
13:55:43     all   25.40    0.00   15.27    0.00    0.00    0.00    0.00    0.00    0.00   59.33
13:55:44     all   22.07    0.01   12.66    0.00    0.00    0.00    0.00    0.00    0.00   65.26
13:55:45     all   26.13    0.00   12.73    0.00    0.00    0.00    0.00    0.00    0.00   61.14
13:55:46     all   24.56    0.00   11.58    0.00    0.00    0.01    0.00    0.00    0.00   63.84
13:55:47     all   26.67    0.00   11.57    0.00    0.00    0.01    0.00    0.00    0.00   61.74
13:55:48     all   29.05    0.00   14.62    0.01    0.00    0.00    0.00    0.00    0.00   56.31
13:55:49     all   15.73    0.00    9.01    0.00    0.00    0.00    0.00    0.00    0.00   75.26
13:55:50     all   25.74    0.00   11.20    0.00    0.00    0.00    0.00    0.00    0.00   63.05
13:55:51     all   31.02    0.00   13.08    0.00    0.00    0.00    0.00    0.00    0.00   55.90
13:55:52     all   30.68    0.00   13.51    0.00    0.00    0.00    0.00    0.00    0.00   55.82
13:55:53     all   20.72    0.00   13.19    0.00    0.00    0.01    0.00    0.00    0.00   66.07
13:55:54     all   31.62    0.00   14.79    0.00    0.00    0.00    0.00    0.00    0.00   53.58
13:55:55     all   29.91    0.00   17.35    0.00    0.00    0.00    0.00    0.00    0.00   52.74
13:55:56     all   27.96    0.00   12.42    0.00    0.00    0.00    0.00    0.00    0.00   59.62
13:55:57     all   26.00    0.00   11.96    0.00    0.00    0.01    0.00    0.00    0.00   62.03
13:55:58     all   30.79    0.00   14.12    0.00    0.00    0.00    0.00    0.00    0.00   55.09
13:55:59     all   26.51    0.00   14.37    0.00    0.00    0.03    0.00    0.00    0.00   59.09
13:56:00     all   31.92    0.00   17.33    0.00    0.00    0.00    0.00    0.00    0.00   50.74
13:56:01     all   28.67    0.00   14.57    0.01    0.00    0.01    0.00    0.00    0.00   56.73
13:56:02     all   31.99    0.00   16.33    0.00    0.00    0.00    0.00    0.00    0.00   51.69
13:56:03     all   33.45    0.00   16.56    0.00    0.00    0.00    0.00    0.00    0.00   49.99
13:56:04     all   31.55    0.00   13.94    0.00    0.00    0.00    0.00    0.00    0.00   54.51
13:56:05     all   27.33    0.00   14.28    0.00    0.00    0.00    0.00    0.00    0.00   58.39
13:56:06     all   32.30    0.00   15.42    0.00    0.00    0.01    0.00    0.00    0.00   52.26
13:56:07     all   25.09    0.00   11.64    0.00    0.00    0.00    0.00    0.00    0.00   63.27
13:56:08     all   33.15    0.00   13.37    0.00    0.00    0.00    0.00    0.00    0.00   53.48
13:56:09     all   23.15    0.00   10.90    0.00    0.00    0.00    0.00    0.00    0.00   65.95
13:56:10     all   29.91    0.00   14.05    0.00    0.00    0.03    0.00    0.00    0.00   56.02
13:56:11     all   32.86    0.01   14.57    0.00    0.00    0.00    0.00    0.00    0.00   52.56
13:56:12     all   30.33    0.00   14.83    0.01    0.00    0.00    0.00    0.00    0.00   54.82
13:56:13     all   20.74    0.00   13.04    0.00    0.00    0.00    0.00    0.00    0.00   66.22
13:56:14     all   30.57    0.00   13.61    0.00    0.00    0.00    0.00    0.00    0.00   55.82
13:56:15     all   31.57    0.00   13.40    0.00    0.00    0.00    0.00    0.00    0.00   55.03
13:56:16     all   32.85    0.00   14.26    0.00    0.00    0.00    0.00    0.00    0.00   52.89
13:56:17     all   25.62    0.00   10.27    0.00    0.00    0.00    0.00    0.00    0.00   64.12
13:56:18     all   29.59    0.00   10.99    0.00    0.00    0.01    0.00    0.00    0.00   59.41
13:56:19     all   31.32    0.00   12.82    0.00    0.00    0.00    0.00    0.00    0.00   55.87
13:56:20     all   27.13    0.00   10.43    0.00    0.00    0.00    0.00    0.00    0.00   62.44
13:56:21     all   31.47    0.00    9.91    0.00    0.00    0.01    0.00    0.00    0.00   58.61
13:56:22     all   36.85    0.00   12.98    0.00    0.00    0.00    0.00    0.00    0.00   50.17
13:56:23     all   32.16    0.00   13.72    0.00    0.00    0.00    0.00    0.00    0.00   54.12
13:56:24     all   29.29    0.00   13.20    0.00    0.00    0.00    0.00    0.00    0.00   57.52
13:56:25     all   31.08    0.00   15.29    0.00    0.00    0.00    0.00    0.00    0.00   53.64
13:56:26     all   31.79    0.00   13.68    0.00    0.00    0.00    0.00    0.00    0.00   54.54
13:56:27     all   33.10    0.00   14.70    0.00    0.00    0.00    0.00    0.00    0.00   52.20
13:56:28     all   31.63    0.00   14.01    0.00    0.00    0.01    0.00    0.00    0.00   54.35
13:56:29     all   31.63    0.00   14.45    0.00    0.00    0.00    0.00    0.00    0.00   53.92
13:56:30     all   29.71    0.00   15.25    0.00    0.00    0.00    0.00    0.00    0.00   55.04
13:56:31     all   32.26    0.00   13.96    0.00    0.00    0.00    0.00    0.00    0.00   53.78
13:56:32     all   31.45    0.00   15.25    0.00    0.00    0.00    0.00    0.00    0.00   53.30
13:56:33     all   30.95    0.00   14.93    0.00    0.00    0.03    0.00    0.00    0.00   54.09
13:56:34     all   34.81    0.00   14.80    0.00    0.00    0.00    0.00    0.00    0.00   50.39
13:56:35     all   30.13    0.00   11.92    0.00    0.00    0.00    0.00    0.00    0.00   57.96
13:56:36     all   26.09    0.00   13.56    0.00    0.00    0.00    0.00    0.00    0.00   60.36
13:56:37     all   28.93    0.00   15.71    0.00    0.00    0.00    0.00    0.00    0.00   55.37
13:56:38     all   27.39    0.00   14.90    0.00    0.00    0.01    0.00    0.00    0.00   57.69
13:56:39     all   18.89    0.00   12.60    0.00    0.00    0.01    0.00    0.00    0.00   68.49
13:56:40     all   28.57    0.00   14.44    0.00    0.00    0.01    0.00    0.00    0.00   56.98
13:56:41     all   20.98    0.00   11.49    0.00    0.00    0.01    0.00    0.00    0.00   67.53
13:56:42     all   30.27    0.00   12.97    0.00    0.00    0.01    0.00    0.00    0.00   56.75
13:56:43     all   18.62    0.00    9.48    0.00    0.00    0.00    0.00    0.00    0.00   71.90
13:56:44     all   30.78    0.00   14.44    0.00    0.00    0.00    0.00    0.00    0.00   54.78
13:56:45     all   28.36    0.00   11.78    0.00    0.00    0.00    0.00    0.00    0.00   59.86
13:56:46     all   14.78    0.00    8.09    0.00    0.00    0.00    0.00    0.00    0.00   77.13
13:56:47     all   27.26    0.00   11.66    0.00    0.00    0.00    0.00    0.00    0.00   61.08
13:56:48     all   27.82    0.00   11.99    0.00    0.00    0.03    0.00    0.00    0.00   60.16
13:56:49     all   24.54    0.00   12.29    0.00    0.00    0.00    0.00    0.00    0.00   63.17
13:56:50     all   27.45    0.00   13.56    0.00    0.00    0.00    0.00    0.00    0.00   59.00
13:56:51     all   28.16    0.00   10.52    0.00    0.00    0.00    0.00    0.00    0.00   61.32
13:56:52     all   26.32    0.00   10.33    0.00    0.00    0.00    0.00    0.00    0.00   63.35
13:56:53     all   29.36    0.00   12.99    0.00    0.00    0.00    0.00    0.00    0.00   57.66
13:56:54     all   26.83    0.00   12.24    0.00    0.00    0.00    0.00    0.00    0.00   60.94
13:56:55     all   37.58    0.00   11.92    0.00    0.00    0.01    0.00    0.00    0.00   50.48
13:56:56     all   25.46    0.00   11.44    0.00    0.00    0.00    0.00    0.00    0.00   63.09
13:56:57     all   31.73    0.00   12.82    0.00    0.00    0.00    0.00    0.00    0.00   55.45
13:56:58     all   32.17    0.00   14.67    0.00    0.00    0.00    0.00    0.00    0.00   53.16
13:56:59     all   31.36    0.00   15.27    0.00    0.00    0.01    0.00    0.00    0.00   53.36
13:57:00     all   34.10    0.00   14.71    0.00    0.00    0.00    0.00    0.00    0.00   51.18
13:57:01     all   34.16    0.00   15.31    0.00    0.00    0.00    0.00    0.00    0.00   50.53
13:57:02     all   20.66    0.00   12.03    0.00    0.00    0.00    0.00    0.00    0.00   67.31
13:57:03     all   28.81    0.00   12.00    0.00    0.00    0.00    0.00    0.00    0.00   59.19
13:57:04     all   34.13    0.00   12.95    0.00    0.00    0.03    0.00    0.00    0.00   52.90
13:57:05     all   25.85    0.00    9.75    0.00    0.00    0.00    0.00    0.00    0.00   64.40
13:57:06     all   31.77    0.00   12.93    0.00    0.00    0.00    0.00    0.00    0.00   55.31
13:57:07     all   27.56    0.00   12.27    0.00    0.00    0.00    0.00    0.00    0.00   60.18
13:57:08     all   30.36    0.00   12.38    0.00    0.00    0.00    0.00    0.00    0.00   57.26
13:57:09     all   29.93    0.00   13.54    0.00    0.00    0.00    0.00    0.00    0.00   56.53
13:57:10     all   29.97    0.00   10.55    0.00    0.00    0.00    0.00    0.00    0.00   59.48
13:57:11     all   26.48    0.00    8.58    0.00    0.00    0.00    0.00    0.00    0.00   64.93
13:57:12     all   36.61    0.00   13.18    0.00    0.00    0.04    0.00    0.00    0.00   50.17
13:57:13     all   27.81    0.00   11.06    0.00    0.00    0.00    0.00    0.00    0.00   61.14
13:57:14     all   23.00    0.00   12.51    0.01    0.00    0.00    0.00    0.00    0.00   64.49
13:57:15     all   36.21    0.01   13.89    0.00    0.00    0.00    0.00    0.00    0.00   49.89
13:57:16     all   30.73    0.00   14.62    0.00    0.00    0.00    0.00    0.00    0.00   54.65
13:57:17     all   30.92    0.00   14.61    0.00    0.00    0.01    0.00    0.00    0.00   54.46
13:57:18     all   17.62    0.00   11.23    0.00    0.00    0.00    0.00    0.00    0.00   71.14
13:57:19     all   25.62    0.00   13.14    0.00    0.00    0.00    0.00    0.00    0.00   61.25
13:57:20     all   21.37    0.00   11.80    0.00    0.00    0.00    0.00    0.00    0.00   66.83
13:57:21     all   34.09    0.01   12.02    0.00    0.00    0.00    0.00    0.00    0.00   53.88
13:57:22     all   26.77    0.00   12.57    0.00    0.00    0.00    0.00    0.00    0.00   60.66
13:57:23     all   19.07    0.00    9.72    0.00    0.00    0.00    0.00    0.00    0.00   71.21
13:57:24     all   34.81    0.00   13.64    0.00    0.00    0.03    0.00    0.00    0.00   51.52
13:57:25     all   29.29    0.00   13.88    0.00    0.00    0.00    0.00    0.00    0.00   56.84
13:57:26     all   20.16    0.00   11.70    0.00    0.00    0.00    0.00    0.00    0.00   68.15
13:57:27     all   30.56    0.00   12.90    0.00    0.00    0.01    0.00    0.00    0.00   56.52
13:57:28     all   25.24    0.00   12.58    0.00    0.00    0.00    0.00    0.00    0.00   62.19
13:57:29     all   33.64    0.00   15.42    0.00    0.00    0.03    0.00    0.00    0.00   50.91
13:57:30     all   31.90    0.00   14.94    0.00    0.00    0.00    0.00    0.00    0.00   53.15
13:57:31     all   26.08    0.00   14.20    0.00    0.00    0.00    0.00    0.00    0.00   59.72
13:57:32     all   28.33    0.00   13.17    0.00    0.00    0.00    0.00    0.00    0.00   58.50
13:57:33     all   32.46    0.00   16.39    0.00    0.00    0.00    0.00    0.00    0.00   51.15
13:57:34     all   33.00    0.00   14.53    0.00    0.00    0.00    0.00    0.00    0.00   52.47
13:57:35     all   27.82    0.00   12.93    0.00    0.00    0.01    0.00    0.00    0.00   59.23
13:57:36     all   27.23    0.00   14.69    0.00    0.00    0.00    0.00    0.00    0.00   58.08
13:57:37     all   27.28    0.00   13.66    0.00    0.00    0.00    0.00    0.00    0.00   59.06
13:57:38     all   30.36    0.00   16.75    0.00    0.00    0.01    0.00    0.00    0.00   52.88
13:57:39     all   26.20    0.00   17.32    0.00    0.00    0.00    0.00    0.00    0.00   56.48
13:57:40     all   25.46    0.00   12.45    0.00    0.00    0.00    0.00    0.00    0.00   62.09
13:57:41     all   35.10    0.00   15.22    0.00    0.00    0.01    0.00    0.00    0.00   49.67
13:57:42     all   22.89    0.00   12.05    0.01    0.00    0.00    0.00    0.00    0.00   65.05
13:57:43     all   27.61    0.00   12.49    0.00    0.00    0.00    0.00    0.00    0.00   59.91
13:57:44     all   34.35    0.01   15.11    0.00    0.00    0.03    0.00    0.00    0.00   50.50
13:57:45     all   24.97    0.00   12.87    0.00    0.00    0.00    0.00    0.00    0.00   62.16
13:57:46     all   34.84    0.00   14.78    0.00    0.00    0.00    0.00    0.00    0.00   50.38
13:57:47     all   30.55    0.00   15.52    0.00    0.00    0.00    0.00    0.00    0.00   53.93
13:57:48     all   32.61    0.00   15.53    0.00    0.00    0.00    0.00    0.00    0.00   51.85
13:57:49     all   23.83    0.00   14.06    0.00    0.00    0.00    0.00    0.00    0.00   62.12
13:57:50     all   32.43    0.00   17.33    0.01    0.00    0.00    0.00    0.00    0.00   50.22
13:57:51     all   32.88    0.00   16.68    0.00    0.00    0.01    0.00    0.00    0.00   50.43
13:57:52     all   30.09    0.00   14.77    0.00    0.00    0.01    0.00    0.00    0.00   55.12
13:57:53     all   32.87    0.00   15.80    0.00    0.00    0.00    0.00    0.00    0.00   51.33
13:57:54     all   31.64    0.00   16.63    0.00    0.00    0.00    0.00    0.00    0.00   51.73
13:57:55     all   32.86    0.00   14.75    0.00    0.00    0.00    0.00    0.00    0.00   52.39
13:57:56     all   14.82    0.00   10.01    0.00    0.00    0.00    0.00    0.00    0.00   75.18
13:57:57     all   26.46    0.00   11.55    0.00    0.00    0.01    0.00    0.00    0.00   61.97
13:57:58     all   31.66    0.00   11.91    0.00    0.00    0.00    0.00    0.00    0.00   56.44
13:57:59     all   20.53    0.00    8.84    0.00    0.00    0.00    0.00    0.00    0.00   70.63
13:58:00     all   36.22    0.00   12.16    0.00    0.00    0.00    0.00    0.00    0.00   51.62
13:58:01     all   18.68    0.00    8.65    0.00    0.00    0.00    0.00    0.00    0.00   72.66
13:58:02     all   25.36    0.01    9.11    0.00    0.00    0.00    0.00    0.00    0.00   65.51
13:58:03     all    9.64    0.00    4.76    0.00    0.00    0.01    0.00    0.00    0.00   85.60
13:58:04     all   23.94    0.00    9.16    0.00    0.00    0.00    0.00    0.00    0.00   66.91
13:58:05     all   23.27    0.00    6.30    0.00    0.00    0.00    0.00    0.00    0.00   70.42
13:58:06     all   27.09    0.00    7.96    0.00    0.00    0.00    0.00    0.00    0.00   64.96
13:58:07     all   29.82    0.01    9.42    0.00    0.00    0.01    0.00    0.00    0.00   60.73
13:58:08     all   24.36    0.00    7.66    0.00    0.00    0.00    0.00    0.00    0.00   67.98
13:58:09     all   30.81    0.00    9.43    0.00    0.00    0.00    0.00    0.00    0.00   59.75
13:58:10     all   27.23    0.00    8.30    0.00    0.00    0.00    0.00    0.00    0.00   64.47
13:58:11     all   25.35    0.00    8.49    0.00    0.00    0.00    0.00    0.00    0.00   66.17
13:58:12     all   33.13    0.00    9.93    0.00    0.00    0.00    0.00    0.00    0.00   56.93
13:58:13     all   27.00    0.00    9.80    0.00    0.00    0.00    0.00    0.00    0.00   63.21
13:58:14     all   26.90    0.00    9.62    0.00    0.00    0.01    0.00    0.00    0.00   63.47
13:58:15     all   30.16    0.00   12.24    0.00    0.00    0.01    0.00    0.00    0.00   57.59
13:58:16     all   30.27    0.00   11.28    0.00    0.00    0.00    0.00    0.00    0.00   58.45
13:58:17     all   27.55    0.00    9.98    0.00    0.00    0.00    0.00    0.00    0.00   62.47
13:58:18     all   25.16    0.00    8.18    0.00    0.00    0.00    0.00    0.00    0.00   66.66
13:58:19     all   20.69    0.00    8.97    0.00    0.00    0.00    0.00    0.00    0.00   70.34
13:58:20     all   27.73    0.00    9.30    0.00    0.00    0.00    0.00    0.00    0.00   62.97
13:58:21     all   24.11    0.00    8.55    0.00    0.00    0.01    0.00    0.00    0.00   67.33
13:58:22     all   25.19    0.00    7.27    0.00    0.00    0.00    0.00    0.00    0.00   67.54
13:58:23     all   22.26    0.00    7.65    0.00    0.00    0.00    0.00    0.00    0.00   70.09
13:58:24     all   24.32    0.00    8.38    0.00    0.00    0.00    0.00    0.00    0.00   67.30
13:58:25     all   24.92    0.00    7.72    0.00    0.00    0.00    0.00    0.00    0.00   67.35
13:58:26     all   29.09    0.00    9.95    0.00    0.00    0.01    0.00    0.00    0.00   60.95
13:58:27     all   25.23    0.00    8.86    0.00    0.00    0.00    0.00    0.00    0.00   65.91
13:58:28     all   26.61    0.00    8.49    0.00    0.00    0.00    0.00    0.00    0.00   64.90
13:58:29     all   22.82    0.00    6.81    0.00    0.00    0.00    0.00    0.00    0.00   70.36
13:58:30     all   12.73    0.00    5.23    0.00    0.00    0.00    0.00    0.00    0.00   82.04
13:58:31     all   19.12    0.00    5.96    0.00    0.00    0.01    0.00    0.00    0.00   74.91
13:58:32     all   29.00    0.00   10.38    0.00    0.00    0.01    0.00    0.00    0.00   60.61
13:58:33     all   30.18    0.00   11.06    0.00    0.00    0.00    0.00    0.00    0.00   58.76
13:58:34     all   27.08    0.00    9.08    0.00    0.00    0.00    0.00    0.00    0.00   63.83
13:58:35     all   26.16    0.00    9.38    0.00    0.00    0.00    0.00    0.00    0.00   64.46
13:58:36     all   26.56    0.00    7.86    0.00    0.00    0.01    0.00    0.00    0.00   65.57
13:58:37     all   24.38    0.00    8.77    0.00    0.00    0.01    0.00    0.00    0.00   66.83
13:58:38     all   18.18    0.00    8.43    0.00    0.00    0.00    0.00    0.00    0.00   73.39
13:58:39     all   27.61    0.00    9.73    0.00    0.00    0.01    0.00    0.00    0.00   62.64
13:58:40     all   26.40    0.00    8.23    0.00    0.00    0.00    0.00    0.00    0.00   65.37
13:58:41     all   26.52    0.00    8.63    0.00    0.00    0.00    0.00    0.00    0.00   64.85
13:58:42     all   26.59    0.00    8.11    0.00    0.00    0.01    0.00    0.00    0.00   65.28
13:58:43     all   25.45    0.00    8.31    0.00    0.00    0.00    0.00    0.00    0.00   66.25
13:58:44     all   21.19    0.00    9.41    0.00    0.00    0.00    0.00    0.00    0.00   69.40
13:58:45     all   30.44    0.00    9.56    0.00    0.00    0.00    0.00    0.00    0.00   59.99
13:58:46     all   21.72    0.00    8.57    0.00    0.00    0.00    0.00    0.00    0.00   69.70
13:58:47     all   25.89    0.00    7.82    0.00    0.00    0.01    0.00    0.00    0.00   66.28
13:58:48     all   23.40    0.00    8.26    0.00    0.00    0.01    0.00    0.00    0.00   68.32
13:58:49     all   28.42    0.00    9.42    0.00    0.00    0.01    0.00    0.00    0.00   62.15
13:58:50     all   25.24    0.00    8.13    0.00    0.00    0.01    0.00    0.00    0.00   66.62
13:58:51     all   32.29    0.00   11.12    0.00    0.00    0.00    0.00    0.00    0.00   56.59
13:58:52     all   21.36    0.00    8.46    0.00    0.00    0.00    0.00    0.00    0.00   70.18
13:58:53     all   23.51    0.00    8.57    0.00    0.00    0.00    0.00    0.00    0.00   67.92
13:58:54     all   23.74    0.00    8.48    0.00    0.00    0.00    0.00    0.00    0.00   67.78
13:58:55     all   25.39    0.00    8.10    0.00    0.00    0.01    0.00    0.00    0.00   66.50
13:58:56     all   28.79    0.00    8.85    0.00    0.00    0.01    0.00    0.00    0.00   62.34
13:58:57     all   28.85    0.00    9.62    0.00    0.00    0.00    0.00    0.00    0.00   61.53
13:58:58     all   26.80    0.00    9.28    0.00    0.00    0.00    0.00    0.00    0.00   63.92
13:58:59     all   29.53    0.00    9.85    0.00    0.00    0.01    0.00    0.00    0.00   60.60
13:59:00     all   27.39    0.00   11.62    0.01    0.00    0.01    0.00    0.00    0.00   60.97
13:59:01     all   18.24    0.00    8.89    0.00    0.00    0.00    0.00    0.00    0.00   72.88
13:59:02     all   31.02    0.01   10.74    0.00    0.00    0.00    0.00    0.00    0.00   58.22
13:59:03     all   27.36    0.00   10.43    0.00    0.00    0.00    0.00    0.00    0.00   62.21
13:59:04     all   29.05    0.00    8.96    0.00    0.00    0.00    0.00    0.00    0.00   61.99
13:59:05     all   27.52    0.00    8.64    0.00    0.00    0.00    0.00    0.00    0.00   63.84
13:59:06     all   29.01    0.00    8.93    0.00    0.00    0.00    0.00    0.00    0.00   62.06
13:59:07     all   22.56    0.00    8.90    0.00    0.00    0.00    0.00    0.00    0.00   68.54
13:59:08     all   28.61    0.00    8.72    0.00    0.00    0.01    0.00    0.00    0.00   62.65
13:59:09     all   28.54    0.00    9.65    0.00    0.00    0.00    0.00    0.00    0.00   61.82
13:59:10     all   30.08    0.00   10.03    0.00    0.00    0.00    0.00    0.00    0.00   59.89
13:59:11     all   21.44    0.00    8.56    0.00    0.00    0.01    0.00    0.00    0.00   69.98
13:59:12     all   28.50    0.00    9.04    0.00    0.00    0.00    0.00    0.00    0.00   62.46
13:59:13     all   27.36    0.00    9.51    0.00    0.00    0.00    0.00    0.00    0.00   63.12
13:59:14     all   24.14    0.00   10.79    0.00    0.00    0.00    0.00    0.00    0.00   65.07
13:59:15     all   27.88    0.00    9.01    0.00    0.00    0.00    0.00    0.00    0.00   63.11
13:59:16     all   27.11    0.00    8.46    0.00    0.00    0.00    0.00    0.00    0.00   64.42
13:59:17     all   30.48    0.00   11.35    0.00    0.00    0.01    0.00    0.00    0.00   58.16
13:59:18     all   27.25    0.00    8.83    0.00    0.00    0.00    0.00    0.00    0.00   63.92
13:59:19     all   28.23    0.00    9.55    0.00    0.00    0.00    0.00    0.00    0.00   62.21
13:59:20     all   26.64    0.00    8.32    0.00    0.00    0.00    0.00    0.00    0.00   65.05
13:59:21     all   27.08    0.00    9.05    0.01    0.00    0.00    0.00    0.00    0.00   63.86
13:59:22     all   28.59    0.00    9.89    0.00    0.00    0.00    0.00    0.00    0.00   61.51
13:59:23     all   36.00    0.00   12.76    0.00    0.00    0.00    0.00    0.00    0.00   51.24
13:59:24     all   25.15    0.00   10.37    0.00    0.00    0.00    0.00    0.00    0.00   64.48
13:59:25     all   29.85    0.00   10.89    0.00    0.00    0.01    0.00    0.00    0.00   59.25
13:59:26     all   30.57    0.00   13.47    0.00    0.00    0.00    0.00    0.00    0.00   55.96
13:59:27     all   24.86    0.00   10.93    0.00    0.00    0.00    0.00    0.00    0.00   64.20
13:59:28     all   25.62    0.00    8.79    0.00    0.00    0.00    0.00    0.00    0.00   65.59
13:59:29     all   24.72    0.00    9.40    0.00    0.00    0.00    0.00    0.00    0.00   65.88
13:59:30     all   25.66    0.00    9.01    0.00    0.00    0.00    0.00    0.00    0.00   65.33
13:59:31     all   32.50    0.00    8.44    0.00    0.00    0.00    0.00    0.00    0.00   59.05
13:59:32     all   20.43    0.00    8.83    0.00    0.00    0.00    0.00    0.00    0.00   70.74
13:59:33     all   25.83    0.00    7.99    0.00    0.00    0.01    0.00    0.00    0.00   66.17
13:59:34     all   31.69    0.00    9.95    0.00    0.00    0.01    0.00    0.00    0.00   58.34
13:59:35     all   15.39    0.00    6.33    0.00    0.00    0.01    0.00    0.00    0.00   78.27
13:59:36     all   34.90    0.00    9.38    0.00    0.00    0.00    0.00    0.00    0.00   55.71
13:59:37     all   27.94    0.00    8.59    0.00    0.00    0.00    0.00    0.00    0.00   63.47
13:59:38     all   17.95    0.00    7.48    0.00    0.00    0.00    0.00    0.00    0.00   74.57
13:59:39     all   23.05    0.00    7.57    0.00    0.00    0.00    0.00    0.00    0.00   69.38
13:59:40     all   25.55    0.00    7.22    0.00    0.00    0.00    0.00    0.00    0.00   67.23
13:59:41     all   30.42    0.00    8.90    0.00    0.00    0.00    0.00    0.00    0.00   60.68
13:59:42     all   27.17    0.00    9.67    0.00    0.00    0.00    0.00    0.00    0.00   63.16
13:59:43     all   25.43    0.00    9.78    0.00    0.00    0.00    0.00    0.00    0.00   64.79
13:59:44     all   20.88    0.03    7.92    0.00    0.00    0.00    0.00    0.00    0.00   71.17
13:59:45     all   26.51    0.00   10.42    0.00    0.00    0.00    0.00    0.00    0.00   63.07
13:59:46     all   31.35    0.00   11.15    0.00    0.00    0.01    0.00    0.00    0.00   57.49
13:59:47     all   23.59    0.00    8.20    0.00    0.00    0.00    0.00    0.00    0.00   68.21
13:59:48     all   32.61    0.00   10.42    0.00    0.00    0.00    0.00    0.00    0.00   56.97
13:59:49     all   26.82    0.00   10.34    0.00    0.00    0.00    0.00    0.00    0.00   62.83
13:59:50     all   21.41    0.00    8.51    0.00    0.00    0.00    0.00    0.00    0.00   70.08
13:59:51     all   18.07    0.00    7.96    0.01    0.00    0.00    0.00    0.00    0.00   73.95
13:59:52     all   19.76    0.00    7.17    0.01    0.00    0.01    0.00    0.00    0.00   73.04
13:59:53     all   32.36    0.00    9.89    0.00    0.00    0.00    0.00    0.00    0.00   57.75
13:59:54     all   15.05    0.00    7.53    0.00    0.00    0.00    0.00    0.00    0.00   77.41
13:59:55     all   36.68    0.00   11.07    0.00    0.00    0.04    0.00    0.00    0.00   52.21
13:59:56     all   18.19    0.00    9.11    0.00    0.00    0.00    0.00    0.00    0.00   72.70
13:59:57     all   30.31    0.00   10.32    0.00    0.00    0.00    0.00    0.00    0.00   59.36
13:59:58     all   30.39    0.00   10.53    0.00    0.00    0.00    0.00    0.00    0.00   59.08
13:59:59     all   29.36    0.00   10.54    0.01    0.00    0.00    0.00    0.00    0.00   60.08
14:00:00     all   22.66    0.00    9.16    0.00    0.00    0.00    0.00    0.00    0.00   68.17
14:00:01     all   33.36    0.00    9.38    0.00    0.00    0.00    0.00    0.00    0.00   57.26
14:00:02     all   28.84    0.00    8.92    0.00    0.00    0.03    0.00    0.00    0.00   62.22
14:00:03     all   24.60    0.00    8.47    0.00    0.00    0.01    0.00    0.00    0.00   66.91
14:00:04     all   23.78    0.00    9.18    0.00    0.00    0.01    0.00    0.00    0.00   67.02
14:00:05     all   36.19    0.00    9.98    0.00    0.00    0.00    0.00    0.00    0.00   53.83
14:00:06     all   27.96    0.00   12.13    0.00    0.00    0.01    0.00    0.00    0.00   59.90
14:00:07     all   31.75    0.00   11.33    0.00    0.00    0.00    0.00    0.00    0.00   56.92
14:00:08     all   21.23    0.00    9.53    0.00    0.00    0.00    0.00    0.00    0.00   69.24
14:00:09     all   25.34    0.00   10.83    0.00    0.00    0.00    0.00    0.00    0.00   63.83
14:00:10     all   36.53    0.01   11.82    0.00    0.00    0.01    0.00    0.00    0.00   51.63
14:00:11     all   26.00    0.00   10.37    0.00    0.00    0.00    0.00    0.00    0.00   63.63
14:00:12     all   30.19    0.00   10.44    0.00    0.00    0.01    0.00    0.00    0.00   59.35
14:00:13     all   35.94    0.00   11.74    0.00    0.00    0.00    0.00    0.00    0.00   52.32
14:00:14     all   27.49    0.00   10.59    0.00    0.00    0.00    0.00    0.00    0.00   61.92
14:00:15     all   22.70    0.00    8.18    0.00    0.00    0.00    0.00    0.00    0.00   69.11
14:00:16     all   37.47    0.00   11.75    0.00    0.00    0.01    0.00    0.00    0.00   50.77
14:00:17     all   24.01    0.00   10.51    0.00    0.00    0.00    0.00    0.00    0.00   65.48
14:00:18     all   28.09    0.00    9.40    0.00    0.00    0.01    0.00    0.00    0.00   62.50
14:00:19     all   34.56    0.00   12.19    0.00    0.00    0.00    0.00    0.00    0.00   53.24
14:00:20     all   32.64    0.00   12.89    0.00    0.00    0.00    0.00    0.00    0.00   54.47
14:00:21     all   20.91    0.00   11.08    0.00    0.00    0.00    0.00    0.00    0.00   68.02
14:00:22     all   34.93    0.00   12.03    0.00    0.00    0.00    0.00    0.00    0.00   53.04
14:00:23     all   29.69    0.00   13.22    0.00    0.00    0.01    0.00    0.00    0.00   57.08
14:00:24     all   28.70    0.00   10.42    0.00    0.00    0.00    0.00    0.00    0.00   60.88
14:00:25     all   30.96    0.00    9.49    0.00    0.00    0.00    0.00    0.00    0.00   59.55
14:00:26     all   18.65    0.00    8.76    0.00    0.00    0.00    0.00    0.00    0.00   72.58
14:00:27     all   37.53    0.00   12.45    0.00    0.00    0.00    0.00    0.00    0.00   50.02
14:00:28     all   29.69    0.00   11.07    0.00    0.00    0.01    0.00    0.00    0.00   59.22
14:00:29     all   25.54    0.00    9.04    0.00    0.00    0.01    0.00    0.00    0.00   65.41
14:00:30     all   25.31    0.00    9.05    0.00    0.00    0.00    0.00    0.00    0.00   65.64
14:00:31     all   37.12    0.00   11.78    0.00    0.00    0.03    0.00    0.00    0.00   51.08
14:00:32     all   30.05    0.00   11.78    0.00    0.00    0.00    0.00    0.00    0.00   58.17
14:00:33     all   18.46    0.00    8.78    0.00    0.00    0.00    0.00    0.00    0.00   72.76
14:00:34     all   33.63    0.00   10.21    0.00    0.00    0.00    0.00    0.00    0.00   56.15
14:00:35     all   25.73    0.00    8.99    0.00    0.00    0.00    0.00    0.00    0.00   65.28
14:00:36     all   30.47    0.00   10.24    0.00    0.00    0.00    0.00    0.00    0.00   59.29
14:00:37     all   31.40    0.00   11.44    0.00    0.00    0.00    0.00    0.00    0.00   57.16
14:00:38     all   29.21    0.00   10.16    0.00    0.00    0.00    0.00    0.00    0.00   60.62
14:00:39     all   30.22    0.00   11.03    0.00    0.00    0.01    0.00    0.00    0.00   58.74
14:00:40     all   32.47    0.00   11.15    0.00    0.00    0.00    0.00    0.00    0.00   56.39
14:00:41     all   25.54    0.00    8.59    0.00    0.00    0.00    0.00    0.00    0.00   65.87
14:00:42     all   33.49    0.00    9.77    0.00    0.00    0.03    0.00    0.00    0.00   56.71
14:00:43     all   24.01    0.00    8.47    0.00    0.00    0.00    0.00    0.00    0.00   67.52
14:00:44     all   26.66    0.00    9.02    0.00    0.00    0.00    0.00    0.00    0.00   64.32
14:00:45     all   30.19    0.00    9.35    0.00    0.00    0.01    0.00    0.00    0.00   60.44
14:00:46     all   28.90    0.00    8.72    0.00    0.00    0.00    0.00    0.00    0.00   62.38
14:00:47     all   26.54    0.00    9.03    0.00    0.00    0.00    0.00    0.00    0.00   64.44
14:00:48     all   28.40    0.00    9.47    0.00    0.00    0.00    0.00    0.00    0.00   62.13
14:00:49     all   30.33    0.00   10.03    0.00    0.00    0.01    0.00    0.00    0.00   59.62
14:00:50     all   29.11    0.00   10.20    0.00    0.00    0.00    0.00    0.00    0.00   60.69
14:00:51     all   31.15    0.00   11.69    0.00    0.00    0.00    0.00    0.00    0.00   57.16
14:00:52     all   25.28    0.00   12.49    0.00    0.00    0.00    0.00    0.00    0.00   62.22
14:00:53     all   29.22    0.00   13.63    0.00    0.00    0.01    0.00    0.00    0.00   57.13
14:00:54     all   31.82    0.00   14.00    0.00    0.00    0.00    0.00    0.00    0.00   54.18
14:00:55     all   32.96    0.00   13.46    0.00    0.00    0.00    0.00    0.00    0.00   53.58
14:00:56     all   34.41    0.00   14.29    0.00    0.00    0.01    0.00    0.00    0.00   51.28
14:00:57     all   24.86    0.00   12.78    0.00    0.00    0.00    0.00    0.00    0.00   62.36
14:00:58     all   23.73    0.00   13.00    0.00    0.00    0.00    0.00    0.00    0.00   63.27
14:00:59     all   28.17    0.00   11.73    0.00    0.00    0.00    0.00    0.00    0.00   60.10
14:01:00     all   35.74    0.00   11.74    0.00    0.00    0.01    0.00    0.00    0.00   52.51
14:01:01     all   24.45    0.00   11.11    0.00    0.00    0.00    0.00    0.00    0.00   64.44
14:01:02     all   26.71    0.00   12.04    0.00    0.00    0.00    0.00    0.00    0.00   61.25
14:01:03     all   32.45    0.00   12.54    0.00    0.00    0.01    0.00    0.00    0.00   55.00
14:01:04     all   33.26    0.00   13.60    0.00    0.00    0.00    0.00    0.00    0.00   53.14
14:01:05     all   20.59    0.00   13.40    0.00    0.00    0.00    0.00    0.00    0.00   66.01
14:01:06     all   34.25    0.00   13.17    0.00    0.00    0.00    0.00    0.00    0.00   52.58
14:01:07     all   33.11    0.00   13.77    0.00    0.00    0.01    0.00    0.00    0.00   53.10
14:01:08     all   17.83    0.01    9.92    0.00    0.00    0.00    0.00    0.00    0.00   72.24
14:01:09     all   34.89    0.00   10.48    0.00    0.00    0.00    0.00    0.00    0.00   54.63
14:01:10     all   24.05    0.00   10.31    0.00    0.00    0.00    0.00    0.00    0.00   65.64
14:01:11     all   31.32    0.00   12.25    0.00    0.00    0.01    0.00    0.00    0.00   56.42
14:01:12     all   30.29    0.00   12.62    0.00    0.00    0.00    0.00    0.00    0.00   57.08
14:01:13     all   26.58    0.00   11.70    0.00    0.00    0.00    0.00    0.00    0.00   61.71
14:01:14     all   26.57    0.00   12.03    0.00    0.00    0.00    0.00    0.00    0.00   61.40
14:01:15     all   32.17    0.00   12.62    0.00    0.00    0.01    0.00    0.00    0.00   55.20
14:01:16     all   34.34    0.00   12.73    0.00    0.00    0.00    0.00    0.00    0.00   52.93
14:01:17     all   32.04    0.00   11.84    0.01    0.00    0.00    0.00    0.00    0.00   56.11
14:01:18     all   28.63    0.00   12.29    0.00    0.00    0.00    0.00    0.00    0.00   59.08
14:01:19     all   30.58    0.00   12.14    0.00    0.00    0.00    0.00    0.00    0.00   57.27
14:01:20     all   32.52    0.00   14.79    0.00    0.00    0.00    0.00    0.00    0.00   52.69
14:01:21     all   32.10    0.00   13.82    0.00    0.00    0.00    0.00    0.00    0.00   54.08
14:01:22     all   32.94    0.00   14.30    0.00    0.00    0.01    0.00    0.00    0.00   52.75
14:01:23     all   34.53    0.00   15.39    0.00    0.00    0.00    0.00    0.00    0.00   50.08
14:01:24     all   22.44    0.00   14.27    0.00    0.00    0.00    0.00    0.00    0.00   63.29
14:01:25     all   25.78    0.00   12.08    0.00    0.00    0.00    0.00    0.00    0.00   62.14
14:01:26     all   34.85    0.00   14.12    0.00    0.00    0.00    0.00    0.00    0.00   51.03
14:01:27     all   22.94    0.00   10.25    0.00    0.00    0.00    0.00    0.00    0.00   66.81
14:01:28     all   23.89    0.00    9.75    0.00    0.00    0.00    0.00    0.00    0.00   66.36
14:01:29     all   32.86    0.00   12.29    0.00    0.00    0.00    0.00    0.00    0.00   54.85
14:01:30     all   26.40    0.00   11.01    0.00    0.00    0.01    0.00    0.00    0.00   62.57
14:01:31     all   27.72    0.00   11.39    0.00    0.00    0.00    0.00    0.00    0.00   60.89
14:01:32     all   30.57    0.00   11.68    0.00    0.00    0.00    0.00    0.00    0.00   57.74
14:01:33     all   27.27    0.00    9.81    0.00    0.00    0.00    0.00    0.00    0.00   62.91
14:01:34     all   29.30    0.00   10.95    0.00    0.00    0.00    0.00    0.00    0.00   59.75
14:01:35     all   30.45    0.00    9.95    0.00    0.00    0.00    0.00    0.00    0.00   59.60
14:01:36     all   29.58    0.00   10.85    0.00    0.00    0.00    0.00    0.00    0.00   59.57
14:01:37     all   25.59    0.00    9.56    0.00    0.00    0.00    0.00    0.00    0.00   64.84
14:01:38     all   28.62    0.00   10.51    0.00    0.00    0.00    0.00    0.00    0.00   60.87
14:01:39     all   25.98    0.01   10.56    0.00    0.00    0.01    0.00    0.00    0.00   63.43
14:01:40     all   23.44    0.00    9.71    0.00    0.00    0.00    0.00    0.00    0.00   66.85
14:01:41     all   24.77    0.00    7.82    0.00    0.00    0.00    0.00    0.00    0.00   67.41
14:01:42     all   27.11    0.00    9.39    0.00    0.00    0.00    0.00    0.00    0.00   63.50
14:01:43     all   28.00    0.00   11.33    0.00    0.00    0.00    0.00    0.00    0.00   60.66
14:01:44     all   22.01    0.00    9.71    0.00    0.00    0.00    0.00    0.00    0.00   68.28
14:01:45     all   27.03    0.00   11.99    0.00    0.00    0.00    0.00    0.00    0.00   60.98
14:01:46     all   33.12    0.00   12.38    0.00    0.00    0.00    0.00    0.00    0.00   54.51
14:01:47     all   26.89    0.00   11.95    0.00    0.00    0.00    0.00    0.00    0.00   61.16
14:01:48     all   26.54    0.00   10.01    0.00    0.00    0.00    0.00    0.00    0.00   63.44
14:01:49     all   26.07    0.00   10.39    0.00    0.00    0.01    0.00    0.00    0.00   63.52
14:01:50     all   30.98    0.00   10.92    0.00    0.00    0.01    0.00    0.00    0.00   58.09
14:01:51     all   31.99    0.00   11.42    0.00    0.00    0.01    0.00    0.00    0.00   56.58
14:01:52     all   30.13    0.00   10.46    0.00    0.00    0.00    0.00    0.00    0.00   59.40
14:01:53     all   33.19    0.00   13.47    0.00    0.00    0.00    0.00    0.00    0.00   53.34
14:01:54     all   23.68    0.00   11.07    0.00    0.00    0.00    0.00    0.00    0.00   65.25
14:01:55     all   28.38    0.00   11.96    0.00    0.00    0.00    0.00    0.00    0.00   59.66
14:01:56     all   29.73    0.00   11.27    0.00    0.00    0.01    0.00    0.00    0.00   58.99
14:01:57     all   25.08    0.00    9.99    0.00    0.00    0.00    0.00    0.00    0.00   64.93
14:01:58     all   23.93    0.00    9.93    0.00    0.00    0.00    0.00    0.00    0.00   66.14
14:01:59     all   34.82    0.00   10.98    0.00    0.00    0.00    0.00    0.00    0.00   54.20
14:02:00     all   28.41    0.00   11.61    0.00    0.00    0.00    0.00    0.00    0.00   59.98
14:02:01     all   28.24    0.00   10.07    0.00    0.00    0.01    0.00    0.00    0.00   61.68
14:02:02     all   29.63    0.00   11.32    0.00    0.00    0.01    0.00    0.00    0.00   59.03
14:02:03     all   27.43    0.01   13.72    0.00    0.00    0.00    0.00    0.00    0.00   58.84
14:02:04     all   31.12    0.00   12.60    0.00    0.00    0.01    0.00    0.00    0.00   56.26
14:02:05     all   32.02    0.00   11.50    0.00    0.00    0.00    0.00    0.00    0.00   56.48
14:02:06     all   28.92    0.00   10.64    0.00    0.00    0.00    0.00    0.00    0.00   60.44
14:02:07     all   28.94    0.00   11.82    0.00    0.00    0.00    0.00    0.00    0.00   59.24
14:02:08     all   35.20    0.00   14.48    0.00    0.00    0.00    0.00    0.00    0.00   50.32
14:02:09     all   28.25    0.00   13.45    0.00    0.00    0.00    0.00    0.00    0.00   58.30
14:02:10     all   28.20    0.00   15.90    0.00    0.00    0.01    0.00    0.00    0.00   55.89
14:02:11     all   31.37    0.00   13.25    0.00    0.00    0.00    0.00    0.00    0.00   55.39
14:02:12     all   31.48    0.00   12.70    0.00    0.00    0.01    0.00    0.00    0.00   55.81
14:02:13     all   31.48    0.00   14.57    0.00    0.00    0.01    0.00    0.00    0.00   53.94
14:02:14     all   25.11    0.01   12.97    0.00    0.00    0.00    0.00    0.00    0.00   61.90
14:02:15     all   32.08    0.00   13.87    0.00    0.00    0.00    0.00    0.00    0.00   54.05
14:02:16     all   31.88    0.00   14.09    0.00    0.00    0.01    0.00    0.00    0.00   54.02
14:02:17     all   29.47    0.00   13.86    0.00    0.00    0.00    0.00    0.00    0.00   56.67
14:02:18     all   28.82    0.00   15.32    0.00    0.00    0.00    0.00    0.00    0.00   55.85
14:02:19     all   29.76    0.00   14.21    0.00    0.00    0.00    0.00    0.00    0.00   56.02
14:02:20     all   30.55    0.00   12.22    0.00    0.00    0.01    0.00    0.00    0.00   57.21
14:02:21     all   31.92    0.00   12.21    0.00    0.00    0.01    0.00    0.00    0.00   55.85
14:02:22     all   33.86    0.00   13.04    0.00    0.00    0.00    0.00    0.00    0.00   53.10
14:02:23     all   14.50    0.00    7.24    0.00    0.00    0.00    0.00    0.00    0.00   78.25
14:02:24     all   25.70    0.00    8.93    0.00    0.00    0.00    0.00    0.00    0.00   65.38
14:02:25     all   30.97    0.00    9.88    0.00    0.00    0.01    0.00    0.00    0.00   59.13
14:02:26     all   31.44    0.00   12.28    0.00    0.00    0.00    0.00    0.00    0.00   56.28
14:02:27     all   26.47    0.00   11.43    0.00    0.00    0.00    0.00    0.00    0.00   62.10
14:02:28     all   35.90    0.00   14.00    0.00    0.00    0.00    0.00    0.00    0.00   50.10
14:02:29     all   27.89    0.00   15.00    0.00    0.00    0.00    0.00    0.00    0.00   57.11
14:02:30     all   25.44    0.00   14.70    0.00    0.00    0.00    0.00    0.00    0.00   59.86
14:02:31     all   31.98    0.00   14.03    0.00    0.00    0.01    0.00    0.00    0.00   53.98
14:02:32     all   30.77    0.00   12.33    0.00    0.00    0.00    0.00    0.00    0.00   56.90
14:02:33     all   31.87    0.00   13.06    0.00    0.00    0.00    0.00    0.00    0.00   55.07
14:02:34     all   29.70    0.00   12.70    0.00    0.00    0.00    0.00    0.00    0.00   57.60
14:02:35     all   27.28    0.00   12.35    0.00    0.00    0.03    0.00    0.00    0.00   60.34
14:02:36     all   29.88    0.00   10.50    0.00    0.00    0.00    0.00    0.00    0.00   59.61
14:02:37     all   30.53    0.00   14.04    0.00    0.00    0.00    0.00    0.00    0.00   55.42
14:02:38     all   34.04    0.00   14.97    0.00    0.00    0.00    0.00    0.00    0.00   50.99
14:02:39     all   27.09    0.00   11.00    0.00    0.00    0.00    0.00    0.00    0.00   61.91
14:02:40     all   32.98    0.00   12.51    0.00    0.00    0.01    0.00    0.00    0.00   54.49
14:02:41     all   25.48    0.00    9.96    0.00    0.00    0.00    0.00    0.00    0.00   64.56
14:02:42     all   26.21    0.00   10.68    0.00    0.00    0.01    0.00    0.00    0.00   63.09
14:02:43     all   28.15    0.00   10.63    0.01    0.00    0.00    0.00    0.00    0.00   61.20
14:02:44     all   33.76    0.01   12.71    0.00    0.00    0.03    0.00    0.00    0.00   53.48
14:02:45     all   19.45    0.00    9.73    0.00    0.00    0.01    0.00    0.00    0.00   70.80
14:02:46     all   35.79    0.00   11.23    0.00    0.00    0.00    0.00    0.00    0.00   52.98
14:02:47     all   19.37    0.00    9.21    0.00    0.00    0.00    0.00    0.00    0.00   71.42
14:02:48     all   31.97    0.00   12.88    0.00    0.00    0.00    0.00    0.00    0.00   55.15
14:02:49     all   31.92    0.00   11.94    0.00    0.00    0.00    0.00    0.00    0.00   56.14
14:02:50     all   30.89    0.00   12.69    0.00    0.00    0.00    0.00    0.00    0.00   56.42
14:02:51     all   25.24    0.00   11.25    0.00    0.00    0.01    0.00    0.00    0.00   63.50
14:02:52     all   27.15    0.00   13.29    0.00    0.00    0.00    0.00    0.00    0.00   59.56
14:02:53     all   30.92    0.00   14.81    0.00    0.00    0.00    0.00    0.00    0.00   54.27
14:02:54     all   34.34    0.00   14.47    0.00    0.00    0.00    0.00    0.00    0.00   51.18
14:02:55     all   31.20    0.00   14.29    0.00    0.00    0.00    0.00    0.00    0.00   54.51
14:02:56     all   24.73    0.00   13.98    0.00    0.00    0.00    0.00    0.00    0.00   61.29
14:02:57     all   31.65    0.00   14.14    0.00    0.00    0.01    0.00    0.00    0.00   54.19
14:02:58     all   29.23    0.00   11.46    0.00    0.00    0.00    0.00    0.00    0.00   59.31
14:02:59     all   27.18    0.00   11.90    0.00    0.00    0.00    0.00    0.00    0.00   60.92
14:03:00     all   28.37    0.00   14.26    0.00    0.00    0.00    0.00    0.00    0.00   57.37
14:03:01     all   32.05    0.00   14.32    0.00    0.00    0.00    0.00    0.00    0.00   53.63
14:03:02     all   25.43    0.00   13.14    0.00    0.00    0.00    0.00    0.00    0.00   61.43
14:03:03     all   22.71    0.00   11.67    0.00    0.00    0.00    0.00    0.00    0.00   65.62
14:03:04     all   27.17    0.00   11.11    0.00    0.00    0.00    0.00    0.00    0.00   61.72
14:03:05     all   31.43    0.00   13.96    0.00    0.00    0.01    0.00    0.00    0.00   54.59
14:03:06     all   28.93    0.00   14.61    0.03    0.00    0.00    0.00    0.00    0.00   56.43
14:03:07     all   27.92    0.00   13.28    0.00    0.00    0.00    0.00    0.00    0.00   58.80
14:03:08     all   31.17    0.00   12.49    0.00    0.00    0.00    0.00    0.00    0.00   56.34
14:03:09     all   25.58    0.00   12.23    0.00    0.00    0.00    0.00    0.00    0.00   62.19
14:03:10     all   26.26    0.00   12.96    0.00    0.00    0.00    0.00    0.00    0.00   60.78
14:03:11     all   30.80    0.00   12.38    0.01    0.00    0.01    0.00    0.00    0.00   56.79
14:03:12     all   30.55    0.00   14.82    0.00    0.00    0.00    0.00    0.00    0.00   54.63
Average:     all   19.31    0.00   10.32    0.00    0.00    0.00    0.00    0.00    0.00   70.37
