Linux 6.8.0-136-generic (856a17914eb3) 	08/10/26 	_x86_64_	(72 CPU)

10:40:33     CPU    %usr   %nice    %sys %iowait    %irq   %soft  %steal  %guest  %gnice   %idle
10:40:34     all    6.93    0.00    0.37    0.00    0.00    0.00    0.00    0.00    0.00   92.70
10:40:35     all    1.01    0.00    0.83    0.00    0.00    0.00    0.00    0.00    0.00   98.15
10:40:36     all    1.31    0.00    0.35    0.00    0.00    0.00    0.00    0.00    0.00   98.35
10:40:37     all    1.35    0.00    0.50    0.00    0.00    0.00    0.00    0.00    0.00   98.15
10:40:38     all    1.54    0.00    0.24    0.00    0.00    0.00    0.00    0.00    0.00   98.22
10:40:39     all    1.36    0.00    0.22    0.01    0.00    0.00    0.00    0.00    0.00   98.40
10:40:40     all    1.47    0.00    0.18    0.00    0.00    0.00    0.00    0.00    0.00   98.35
10:40:41     all    1.67    0.00    0.21    0.00    0.00    0.00    0.00    0.00    0.00   98.12
10:40:42     all    1.31    0.00    0.25    0.00    0.00    0.00    0.00    0.00    0.00   98.44
10:40:43     all    1.63    0.00    0.28    0.00    0.00    0.00    0.00    0.00    0.00   98.10
10:40:44     all    1.89    0.00    0.24    0.00    0.00    0.00    0.00    0.00    0.00   97.87
10:40:45     all    1.39    0.00    0.18    0.00    0.00    0.00    0.00    0.00    0.00   98.43
10:40:46     all    1.74    0.00    0.31    0.00    0.00    0.00    0.00    0.00    0.00   97.96
10:40:47     all    1.50    0.00    0.19    0.00    0.00    0.00    0.00    0.00    0.00   98.30
10:40:48     all    1.36    0.00    0.18    0.00    0.00    0.00    0.00    0.00    0.00   98.46
10:40:49     all    1.60    0.00    0.15    0.00    0.00    0.00    0.00    0.00    0.00   98.25
10:40:50     all    1.64    0.00    0.28    0.00    0.00    0.00    0.00    0.00    0.00   98.08
10:40:51     all    1.51    0.00    0.26    0.00    0.00    0.00    0.00    0.00    0.00   98.22
10:40:52     all    2.25    0.00    0.36    0.00    0.00    0.00    0.00    0.00    0.00   97.39
10:40:53     all    1.94    0.00    0.31    0.00    0.00    0.00    0.00    0.00    0.00   97.75
10:40:54     all    1.54    0.00    0.38    0.00    0.00    0.00    0.00    0.00    0.00   98.08
10:40:55     all    1.54    0.00    0.18    0.00    0.00    0.00    0.00    0.00    0.00   98.28
10:40:56     all    1.62    0.00    0.25    0.00    0.00    0.01    0.00    0.00    0.00   98.11
10:40:57     all    1.36    0.00    0.18    0.00    0.00    0.00    0.00    0.00    0.00   98.46
10:40:58     all    1.63    0.00    0.21    0.00    0.00    0.00    0.00    0.00    0.00   98.17
10:40:59     all    1.60    0.00    0.15    0.00    0.00    0.00    0.00    0.00    0.00   98.25
10:41:00     all    1.38    0.00    0.31    0.00    0.00    0.00    0.00    0.00    0.00   98.32
10:41:01     all    1.56    0.00    0.28    0.00    0.00    0.00    0.00    0.00    0.00   98.17
10:41:02     all    1.58    0.00    0.17    0.00    0.00    0.00    0.00    0.00    0.00   98.25
10:41:03     all    1.38    0.00    0.29    0.00    0.00    0.00    0.00    0.00    0.00   98.33
10:41:04     all    2.81    0.00    0.85    0.00    0.00    0.00    0.00    0.00    0.00   96.35
10:41:05     all    1.60    0.00    0.17    0.00    0.00    0.00    0.00    0.00    0.00   98.24
10:41:06     all    3.11    0.00    0.31    0.03    0.00    0.00    0.00    0.00    0.00   96.55
10:41:07     all    1.64    0.00    0.14    0.00    0.00    0.00    0.00    0.00    0.00   98.22
10:41:08     all    3.67    0.00    0.45    0.00    0.00    0.00    0.00    0.00    0.00   95.88
10:41:09     all    1.71    0.00    0.31    0.00    0.00    0.00    0.00    0.00    0.00   97.99
10:41:10     all    3.72    0.00    0.43    0.00    0.00    0.00    0.00    0.00    0.00   95.84
10:41:11     all    1.65    0.00    0.14    0.00    0.00    0.00    0.00    0.00    0.00   98.21
10:41:12     all    3.77    0.00    0.25    0.00    0.00    0.00    0.00    0.00    0.00   95.98
10:41:13     all    1.68    0.00    0.18    0.00    0.00    0.00    0.00    0.00    0.00   98.14
10:41:14     all    4.41    0.00    0.26    0.00    0.00    0.00    0.00    0.00    0.00   95.33
10:41:15     all    1.47    0.03    0.14    0.00    0.00    0.00    0.00    0.00    0.00   98.36
10:41:16     all    3.67    0.00    0.14    0.00    0.00    0.00    0.00    0.00    0.00   96.19
10:41:17     all    3.82    0.00    0.24    0.00    0.00    0.00    0.00    0.00    0.00   95.94
10:41:18     all    1.51    0.00    0.18    0.00    0.00    0.00    0.00    0.00    0.00   98.30
10:41:19     all    3.70    0.00    0.13    0.00    0.00    0.00    0.00    0.00    0.00   96.18
10:41:20     all    1.73    0.00    0.18    0.00    0.00    0.00    0.00    0.00    0.00   98.08
10:41:21     all    3.78    0.00    0.14    0.00    0.00    0.00    0.00    0.00    0.00   96.08
10:41:22     all    1.60    0.00    0.15    0.00    0.00    0.00    0.00    0.00    0.00   98.25
10:41:23     all    3.96    0.00    0.14    0.00    0.00    0.00    0.00    0.00    0.00   95.90
10:41:24     all    1.64    0.00    0.17    0.00    0.00    0.00    0.00    0.00    0.00   98.19
10:41:25     all    3.80    0.00    0.28    0.00    0.00    0.01    0.00    0.00    0.00   95.91
10:41:26     all    3.73    0.00    0.35    0.00    0.00    0.00    0.00    0.00    0.00   95.93
10:41:27     all    1.56    0.00    0.24    0.00    0.00    0.00    0.00    0.00    0.00   98.21
10:41:28     all    3.75    0.00    0.17    0.00    0.00    0.00    0.00    0.00    0.00   96.08
10:41:29     all    1.69    0.00    0.11    0.00    0.00    0.00    0.00    0.00    0.00   98.20
10:41:30     all    3.63    0.00    0.14    0.00    0.00    0.00    0.00    0.00    0.00   96.23
10:41:31     all    1.60    0.00    0.10    0.00    0.00    0.00    0.00    0.00    0.00   98.30
10:41:32     all    3.96    0.00    0.32    0.00    0.00    0.00    0.00    0.00    0.00   95.72
10:41:33     all    1.61    0.00    0.18    0.00    0.00    0.00    0.00    0.00    0.00   98.21
10:41:34     all    3.82    0.00    0.18    0.00    0.00    0.00    0.00    0.00    0.00   96.00
10:41:35     all    1.71    0.00    0.13    0.00    0.00    0.00    0.00    0.00    0.00   98.17
10:41:36     all    4.06    0.00    0.26    0.00    0.00    0.01    0.00    0.00    0.00   95.66
10:41:37     all    1.64    0.00    0.17    0.00    0.00    0.00    0.00    0.00    0.00   98.19
10:41:38     all    3.78    0.00    0.19    0.00    0.00    0.01    0.00    0.00    0.00   96.01
10:41:39     all    1.51    0.00    0.10    0.00    0.00    0.00    0.00    0.00    0.00   98.39
10:41:40     all    3.64    0.00    0.13    0.00    0.00    0.00    0.00    0.00    0.00   96.23
10:41:41     all    1.72    0.00    0.25    0.00    0.00    0.00    0.00    0.00    0.00   98.03
10:41:42     all    4.02    0.00    0.46    0.00    0.00    0.00    0.00    0.00    0.00   95.53
10:41:43     all    3.66    0.00    0.19    0.00    0.00    0.00    0.00    0.00    0.00   96.15
10:41:44     all    1.65    0.00    0.07    0.00    0.00    0.00    0.00    0.00    0.00   98.28
10:41:45     all    3.83    0.00    0.11    0.00    0.00    0.00    0.00    0.00    0.00   96.06
10:41:46     all    1.50    0.00    0.10    0.00    0.00    0.00    0.00    0.00    0.00   98.40
10:41:47     all    3.79    0.00    0.22    0.00    0.00    0.00    0.00    0.00    0.00   95.98
10:41:48     all    1.58    0.00    0.21    0.00    0.00    0.00    0.00    0.00    0.00   98.21
10:41:49     all    3.63    0.00    0.14    0.00    0.00    0.00    0.00    0.00    0.00   96.23
10:41:50     all    1.65    0.00    0.13    0.00    0.00    0.00    0.00    0.00    0.00   98.22
10:41:51     all    3.81    0.00    0.18    0.00    0.00    0.00    0.00    0.00    0.00   96.01
10:41:52     all    1.53    0.00    0.19    0.00    0.00    0.00    0.00    0.00    0.00   98.28
10:41:53     all    4.07    0.00    0.20    0.00    0.00    0.00    0.00    0.00    0.00   95.74
10:41:54     all    3.44    0.00    0.12    0.00    0.00    0.00    0.00    0.00    0.00   96.44
10:41:55     all    2.03    0.00    0.19    0.00    0.00    0.00    0.00    0.00    0.00   97.77
10:41:56     all    4.00    0.00    0.24    0.00    0.00    0.00    0.00    0.00    0.00   95.76
10:41:57     all    2.21    0.00    0.29    0.01    0.00    0.00    0.00    0.00    0.00   97.48
10:41:58     all    4.25    0.00    0.31    0.00    0.00    0.00    0.00    0.00    0.00   95.44
10:41:59     all    1.65    0.00    0.11    0.00    0.00    0.00    0.00    0.00    0.00   98.24
10:42:00     all    3.74    0.00    0.17    0.00    0.00    0.00    0.00    0.00    0.00   96.10
10:42:01     all    1.56    0.00    0.10    0.00    0.00    0.00    0.00    0.00    0.00   98.35
10:42:02     all    3.98    0.00    0.28    0.00    0.00    0.00    0.00    0.00    0.00   95.75
10:42:03     all    1.64    0.00    0.22    0.00    0.00    0.00    0.00    0.00    0.00   98.14
10:42:04     all    3.76    0.00    0.12    0.00    0.00    0.00    0.00    0.00    0.00   96.11
10:42:05     all    1.64    0.00    0.15    0.00    0.00    0.00    0.00    0.00    0.00   98.21
10:42:06     all    3.73    0.00    0.08    0.00    0.00    0.00    0.00    0.00    0.00   96.19
10:42:07     all    1.54    0.00    0.11    0.00    0.00    0.00    0.00    0.00    0.00   98.35
10:42:08     all    3.85    0.00    0.25    0.00    0.00    0.00    0.00    0.00    0.00   95.90
10:42:09     all    3.65    0.00    0.12    0.00    0.00    0.00    0.00    0.00    0.00   96.22
10:42:10     all    1.58    0.00    0.14    0.00    0.00    0.00    0.00    0.00    0.00   98.28
10:42:11     all    3.88    0.00    0.26    0.00    0.00    0.00    0.00    0.00    0.00   95.86
10:42:12     all    1.51    0.00    0.11    0.00    0.00    0.00    0.00    0.00    0.00   98.37
10:42:13     all    3.88    0.00    0.26    0.00    0.00    0.00    0.00    0.00    0.00   95.86
10:42:14     all    1.81    0.00    0.36    0.00    0.00    0.00    0.00    0.00    0.00   97.83
10:42:15     all    3.62    0.00    0.24    0.00    0.00    0.00    0.00    0.00    0.00   96.14
10:42:16     all    1.54    0.00    0.11    0.00    0.00    0.00    0.00    0.00    0.00   98.35
10:42:17     all    3.88    0.00    0.24    0.00    0.00    0.00    0.00    0.00    0.00   95.89
10:42:18     all    1.53    0.00    0.19    0.00    0.00    0.00    0.00    0.00    0.00   98.28
10:42:19     all    4.01    0.00    0.18    0.00    0.00    0.00    0.00    0.00    0.00   95.80
10:42:20     all    1.88    0.00    0.24    0.00    0.00    0.00    0.00    0.00    0.00   97.89
10:42:21     all    3.88    0.00    0.19    0.00    0.00    0.00    0.00    0.00    0.00   95.92
10:42:22     all    1.65    0.00    0.17    0.00    0.00    0.00    0.00    0.00    0.00   98.18
10:42:23     all    3.96    0.00    0.26    0.00    0.00    0.00    0.00    0.00    0.00   95.77
10:42:24     all    3.61    0.00    0.12    0.00    0.00    0.00    0.00    0.00    0.00   96.26
10:42:25     all    1.74    0.00    0.18    0.00    0.00    0.00    0.00    0.00    0.00   98.08
10:42:26     all    3.83    0.00    0.25    0.00    0.00    0.00    0.00    0.00    0.00   95.92
10:42:27     all    1.43    0.00    0.14    0.00    0.00    0.00    0.00    0.00    0.00   98.43
10:42:28     all    3.74    0.00    0.24    0.00    0.00    0.00    0.00    0.00    0.00   96.02
10:42:29     all    2.31    0.00    0.36    0.00    0.00    0.00    0.00    0.00    0.00   97.33
10:42:30     all    3.63    0.00    0.40    0.00    0.00    0.00    0.00    0.00    0.00   95.97
10:42:31     all    1.67    0.00    0.11    0.00    0.00    0.00    0.00    0.00    0.00   98.22
10:42:32     all    3.92    0.00    0.19    0.00    0.00    0.00    0.00    0.00    0.00   95.89
10:42:33     all    1.51    0.00    0.22    0.00    0.00    0.00    0.00    0.00    0.00   98.26
10:42:34     all    3.82    0.00    0.13    0.00    0.00    0.00    0.00    0.00    0.00   96.05
10:42:35     all    3.84    0.00    0.13    0.00    0.00    0.00    0.00    0.00    0.00   96.04
10:42:36     all    1.42    0.00    0.13    0.00    0.00    0.00    0.00    0.00    0.00   98.46
10:42:37     all    3.91    0.00    0.22    0.00    0.00    0.00    0.00    0.00    0.00   95.87
10:42:38     all    1.72    0.00    0.19    0.00    0.00    0.00    0.00    0.00    0.00   98.08
10:42:39     all    3.54    0.00    0.21    0.00    0.00    0.00    0.00    0.00    0.00   96.25
10:42:40     all    1.71    0.00    0.17    0.00    0.00    0.00    0.00    0.00    0.00   98.12
10:42:41     all    3.99    0.00    0.21    0.00    0.00    0.00    0.00    0.00    0.00   95.80
10:42:42     all    1.42    0.00    0.14    0.00    0.00    0.00    0.00    0.00    0.00   98.44
10:42:43     all    4.30    0.00    0.25    0.00    0.00    0.00    0.00    0.00    0.00   95.45
10:42:44     all    2.24    0.00    0.15    0.00    0.00    0.00    0.00    0.00    0.00   97.60
10:42:45     all    2.97    0.00    0.17    0.00    0.00    0.00    0.00    0.00    0.00   96.86
10:42:46     all    3.82    0.00    0.15    0.00    0.00    0.00    0.00    0.00    0.00   96.03
10:42:47     all    1.67    0.00    0.06    0.00    0.00    0.00    0.00    0.00    0.00   98.28
10:42:48     all    3.86    0.00    0.29    0.00    0.00    0.00    0.00    0.00    0.00   95.85
10:42:49     all    1.60    0.00    0.13    0.00    0.00    0.00    0.00    0.00    0.00   98.28
10:42:50     all    3.88    0.00    0.15    0.00    0.00    0.00    0.00    0.00    0.00   95.97
10:42:51     all    1.42    0.00    0.08    0.00    0.00    0.00    0.00    0.00    0.00   98.50
10:42:52     all    3.85    0.00    0.19    0.00    0.00    0.00    0.00    0.00    0.00   95.95
10:42:53     all    1.72    0.00    0.24    0.00    0.00    0.00    0.00    0.00    0.00   98.04
10:42:54     all    3.61    0.00    0.15    0.00    0.00    0.00    0.00    0.00    0.00   96.24
10:42:55     all    1.67    0.00    0.10    0.00    0.00    0.00    0.00    0.00    0.00   98.24
10:42:56     all    3.87    0.00    0.21    0.00    0.00    0.00    0.00    0.00    0.00   95.92
10:42:57     all    3.66    0.00    0.10    0.00    0.00    0.00    0.00    0.00    0.00   96.25
10:42:58     all    1.65    0.00    0.19    0.00    0.00    0.00    0.00    0.00    0.00   98.15
10:42:59     all    3.85    0.00    0.18    0.00    0.00    0.00    0.00    0.00    0.00   95.97
10:43:00     all    1.45    0.00    0.18    0.00    0.00    0.00    0.00    0.00    0.00   98.37
10:43:01     all    4.30    0.00    0.26    0.00    0.00    0.00    0.00    0.00    0.00   95.44
10:43:02     all    2.10    0.00    0.46    0.00    0.00    0.00    0.00    0.00    0.00   97.44
10:43:03     all    3.54    0.00    0.31    0.00    0.00    0.00    0.00    0.00    0.00   96.15
10:43:04     all    1.76    0.01    0.19    0.00    0.00    0.00    0.00    0.00    0.00   98.03
10:43:05     all    4.28    0.00    0.28    0.01    0.00    0.00    0.00    0.00    0.00   95.42
10:43:06     all    1.44    0.00    0.07    0.00    0.00    0.00    0.00    0.00    0.00   98.49
10:43:07     all    3.78    0.00    0.07    0.00    0.00    0.00    0.00    0.00    0.00   96.15
10:43:08     all    1.68    0.00    0.17    0.00    0.00    0.00    0.00    0.00    0.00   98.15
10:43:09     all    3.77    0.00    0.19    0.00    0.00    0.00    0.00    0.00    0.00   96.04
10:43:10     all    3.85    0.00    0.13    0.00    0.00    0.00    0.00    0.00    0.00   96.02
10:43:11     all    1.68    0.00    0.18    0.00    0.00    0.00    0.00    0.00    0.00   98.14
10:43:12     all    3.72    0.00    0.18    0.00    0.00    0.00    0.00    0.00    0.00   96.10
10:43:13     all    1.67    0.00    0.21    0.00    0.00    0.00    0.00    0.00    0.00   98.12
10:43:14     all    3.93    0.00    0.21    0.00    0.00    0.00    0.00    0.00    0.00   95.86
10:43:15     all    1.46    0.00    0.14    0.00    0.00    0.00    0.00    0.00    0.00   98.40
10:43:16     all    3.82    0.03    0.14    0.00    0.00    0.00    0.00    0.00    0.00   96.01
10:43:17     all    1.72    0.00    0.21    0.00    0.00    0.00    0.00    0.00    0.00   98.07
10:43:18     all    3.93    0.00    0.49    0.00    0.00    0.00    0.00    0.00    0.00   95.59
10:43:19     all    1.70    0.00    0.21    0.00    0.00    0.00    0.00    0.00    0.00   98.10
10:43:20     all    3.74    0.00    0.13    0.00    0.00    0.00    0.00    0.00    0.00   96.14
10:43:21     all    3.84    0.00    0.18    0.00    0.00    0.00    0.00    0.00    0.00   95.98
10:43:22     all    1.65    0.00    0.13    0.00    0.00    0.00    0.00    0.00    0.00   98.22
10:43:23     all    3.72    0.00    0.24    0.00    0.00    0.00    0.00    0.00    0.00   96.04
10:43:24     all    1.50    0.00    0.21    0.00    0.00    0.00    0.00    0.00    0.00   98.29
10:43:25     all    3.82    0.00    0.11    0.00    0.00    0.00    0.00    0.00    0.00   96.07
10:43:26     all    1.75    0.00    0.17    0.00    0.00    0.00    0.00    0.00    0.00   98.08
10:43:27     all    4.12    0.00    0.31    0.00    0.00    0.00    0.00    0.00    0.00   95.57
10:43:28     all    1.69    0.00    0.15    0.00    0.00    0.00    0.00    0.00    0.00   98.15
10:43:29     all    3.90    0.00    0.19    0.00    0.00    0.01    0.00    0.00    0.00   95.89
10:43:30     all    1.44    0.00    0.12    0.00    0.00    0.00    0.00    0.00    0.00   98.43
10:43:31     all    3.89    0.00    0.18    0.00    0.00    0.00    0.00    0.00    0.00   95.93
10:43:32     all    3.67    0.00    0.14    0.00    0.00    0.00    0.00    0.00    0.00   96.19
10:43:33     all    1.79    0.00    0.15    0.00    0.00    0.00    0.00    0.00    0.00   98.05
10:43:34     all    4.54    0.00    0.61    0.00    0.00    0.00    0.00    0.00    0.00   94.85
10:43:35     all    1.61    0.00    0.13    0.00    0.00    0.00    0.00    0.00    0.00   98.26
10:43:36     all    3.45    0.00    0.11    0.00    0.00    0.00    0.00    0.00    0.00   96.44
10:43:37     all    1.97    0.00    0.32    0.01    0.00    0.00    0.00    0.00    0.00   97.69
10:43:38     all    4.02    0.00    0.21    0.00    0.00    0.01    0.00    0.00    0.00   95.76
10:43:39     all    2.74    0.00    0.24    0.00    0.00    0.00    0.00    0.00    0.00   97.02
10:43:40     all    2.45    0.00    0.11    0.00    0.00    0.00    0.00    0.00    0.00   97.44
10:43:41     all    3.92    0.00    0.18    0.00    0.00    0.00    0.00    0.00    0.00   95.90
10:43:42     all    1.46    0.00    0.11    0.00    0.00    0.00    0.00    0.00    0.00   98.43
10:43:43     all    3.89    0.00    0.43    0.00    0.00    0.00    0.00    0.00    0.00   95.68
10:43:44     all    1.70    0.01    0.18    0.00    0.00    0.00    0.00    0.00    0.00   98.11
10:43:45     all    3.62    0.00    0.14    0.00    0.00    0.00    0.00    0.00    0.00   96.24
10:43:46     all    1.60    0.00    0.11    0.00    0.00    0.00    0.00    0.00    0.00   98.29
10:43:47     all    3.96    0.00    0.11    0.00    0.00    0.00    0.00    0.00    0.00   95.92
10:43:48     all    1.43    0.00    0.18    0.00    0.00    0.00    0.00    0.00    0.00   98.39
10:43:49     all    4.18    0.00    0.39    0.00    0.00    0.00    0.00    0.00    0.00   95.43
10:43:50     all    4.15    0.00    0.42    0.00    0.00    0.00    0.00    0.00    0.00   95.43
10:43:51     all    1.38    0.00    0.14    0.00    0.00    0.00    0.00    0.00    0.00   98.49
10:43:52     all    3.81    0.00    0.15    0.00    0.00    0.00    0.00    0.00    0.00   96.04
10:43:53     all    1.67    0.00    0.14    0.00    0.00    0.00    0.00    0.00    0.00   98.19
10:43:54     all    3.46    0.00    0.13    0.00    0.00    0.00    0.00    0.00    0.00   96.41
10:43:55     all    1.74    0.00    0.19    0.00    0.00    0.00    0.00    0.00    0.00   98.07
10:43:56     all    3.82    0.00    0.14    0.00    0.00    0.00    0.00    0.00    0.00   96.04
10:43:57     all    1.47    0.00    0.11    0.00    0.00    0.00    0.00    0.00    0.00   98.42
10:43:58     all    3.79    0.00    0.17    0.00    0.00    0.00    0.00    0.00    0.00   96.04
10:43:59     all    1.69    0.00    0.12    0.00    0.00    0.00    0.00    0.00    0.00   98.18
10:44:00     all    3.77    0.00    0.31    0.00    0.00    0.00    0.00    0.00    0.00   95.93
10:44:01     all    1.68    0.00    0.12    0.00    0.00    0.00    0.00    0.00    0.00   98.19
10:44:02     all    3.76    0.00    0.15    0.00    0.00    0.00    0.00    0.00    0.00   96.08
10:44:03     all    1.61    0.00    0.24    0.00    0.00    0.00    0.00    0.00    0.00   98.15
10:44:04     all    3.81    0.00    0.22    0.00    0.00    0.00    0.00    0.00    0.00   95.97
10:44:05     all    4.09    0.00    0.31    0.00    0.00    0.00    0.00    0.00    0.00   95.61
10:44:06     all    1.99    0.00    0.35    0.00    0.00    0.00    0.00    0.00    0.00   97.67
10:44:07     all    3.86    0.00    0.21    0.00    0.00    0.00    0.00    0.00    0.00   95.93
10:44:08     all    1.65    0.00    0.14    0.00    0.00    0.00    0.00    0.00    0.00   98.21
10:44:09     all    3.58    0.00    0.13    0.00    0.00    0.00    0.00    0.00    0.00   96.29
10:44:10     all    1.81    0.00    0.21    0.00    0.00    0.00    0.00    0.00    0.00   97.98
10:44:11     all    3.87    0.00    0.14    0.00    0.00    0.00    0.00    0.00    0.00   96.00
10:44:12     all    1.93    0.00    0.31    0.00    0.00    0.00    0.00    0.00    0.00   97.76
10:44:13     all    3.89    0.00    0.19    0.00    0.00    0.00    0.00    0.00    0.00   95.92
10:44:14     all    3.72    0.00    0.14    0.00    0.00    0.00    0.00    0.00    0.00   96.14
10:44:15     all    1.47    0.00    0.15    0.00    0.00    0.00    0.00    0.00    0.00   98.37
10:44:16     all    4.03    0.00    0.18    0.00    0.00    0.00    0.00    0.00    0.00   95.79
10:44:17     all    1.64    0.00    0.17    0.00    0.00    0.00    0.00    0.00    0.00   98.19
10:44:18     all    3.63    0.00    0.17    0.00    0.00    0.00    0.00    0.00    0.00   96.20
10:44:19     all    1.64    0.00    0.17    0.00    0.00    0.00    0.00    0.00    0.00   98.19
10:44:20     all    3.92    0.00    0.17    0.00    0.00    0.00    0.00    0.00    0.00   95.91
10:44:21     all    1.47    0.00    0.17    0.00    0.00    0.00    0.00    0.00    0.00   98.36
10:44:22     all    3.89    0.00    0.49    0.00    0.00    0.00    0.00    0.00    0.00   95.63
10:44:23     all    4.01    0.00    0.28    0.00    0.00    0.00    0.00    0.00    0.00   95.71
10:44:24     all    1.43    0.00    0.14    0.00    0.00    0.00    0.00    0.00    0.00   98.43
10:44:25     all    3.81    0.00    0.19    0.00    0.00    0.00    0.00    0.00    0.00   96.00
10:44:26     all    1.69    0.00    0.03    0.00    0.00    0.00    0.00    0.00    0.00   98.28
10:44:27     all    3.38    0.00    0.17    0.00    0.00    0.00    0.00    0.00    0.00   96.46
10:44:28     all    1.68    0.00    0.15    0.00    0.00    0.01    0.00    0.00    0.00   98.15
10:44:29     all    3.89    0.00    0.19    0.00    0.00    0.00    0.00    0.00    0.00   95.92
10:44:30     all    1.47    0.00    0.18    0.00    0.00    0.00    0.00    0.00    0.00   98.35
10:44:31     all    3.77    0.00    0.10    0.00    0.00    0.00    0.00    0.00    0.00   96.14
10:44:32     all    3.91    0.00    0.22    0.00    0.00    0.00    0.00    0.00    0.00   95.86
10:44:33     all    1.47    0.00    0.17    0.00    0.00    0.00    0.00    0.00    0.00   98.36
10:44:34     all    4.64    0.00    0.35    0.00    0.00    0.00    0.00    0.00    0.00   95.01
10:44:35     all    1.71    0.00    0.21    0.00    0.00    0.00    0.00    0.00    0.00   98.08
10:44:36     all    3.64    0.00    0.11    0.00    0.00    0.00    0.00    0.00    0.00   96.25
10:44:37     all    1.79    0.00    0.24    0.00    0.00    0.00    0.00    0.00    0.00   97.97
10:44:38     all    4.28    0.00    0.47    0.00    0.00    0.00    0.00    0.00    0.00   95.24
10:44:39     all    1.45    0.00    0.11    0.01    0.00    0.00    0.00    0.00    0.00   98.43
10:44:40     all    3.74    0.00    0.19    0.00    0.00    0.00    0.00    0.00    0.00   96.07
10:44:41     all    2.93    0.00    0.10    0.00    0.00    0.00    0.00    0.00    0.00   96.98
10:44:42     all    2.39    0.00    0.18    0.00    0.00    0.00    0.00    0.00    0.00   97.43
10:44:43     all    1.64    0.00    0.14    0.00    0.00    0.00    0.00    0.00    0.00   98.22
10:44:44     all    3.86    0.01    0.15    0.00    0.00    0.00    0.00    0.00    0.00   95.98
10:44:45     all    1.47    0.00    0.13    0.00    0.00    0.00    0.00    0.00    0.00   98.40
10:44:46     all    3.94    0.00    0.22    0.00    0.00    0.00    0.00    0.00    0.00   95.83
10:44:47     all    1.69    0.00    0.07    0.00    0.00    0.00    0.00    0.00    0.00   98.24
10:44:48     all    3.64    0.00    0.18    0.00    0.00    0.00    0.00    0.00    0.00   96.18
10:44:49     all    1.63    0.00    0.13    0.00    0.00    0.00    0.00    0.00    0.00   98.25
10:44:50     all    3.97    0.00    0.13    0.00    0.00    0.00    0.00    0.00    0.00   95.90
10:44:51     all    1.46    0.00    0.18    0.00    0.00    0.00    0.00    0.00    0.00   98.36
10:44:52     all    3.94    0.00    0.12    0.00    0.00    0.00    0.00    0.00    0.00   95.93
10:44:53     all    1.85    0.00    0.19    0.00    0.00    0.00    0.00    0.00    0.00   97.95
10:44:54     all    3.78    0.00    0.39    0.00    0.00    0.00    0.00    0.00    0.00   95.83
10:44:55     all    1.68    0.00    0.17    0.00    0.00    0.00    0.00    0.00    0.00   98.15
10:44:56     all    4.10    0.00    0.29    0.00    0.00    0.00    0.00    0.00    0.00   95.61
10:44:57     all    1.88    0.00    0.24    0.00    0.00    0.00    0.00    0.00    0.00   97.89
10:44:58     all    3.88    0.00    0.15    0.00    0.00    0.00    0.00    0.00    0.00   95.97
10:44:59     all    1.62    0.00    0.15    0.00    0.00    0.01    0.00    0.00    0.00   98.21
10:45:00     all    3.59    0.00    0.32    0.00    0.00    0.00    0.00    0.00    0.00   96.09
10:45:01     all    1.76    0.00    0.18    0.00    0.00    0.00    0.00    0.00    0.00   98.06
10:45:02     all    4.42    0.00    0.79    0.00    0.00    0.00    0.00    0.00    0.00   94.79
10:45:03     all    2.29    0.00    0.65    0.00    0.00    0.00    0.00    0.00    0.00   97.05
10:45:04     all    3.74    0.00    0.13    0.00    0.00    0.00    0.00    0.00    0.00   96.14
10:45:05     all    1.97    0.00    0.10    0.00    0.00    0.00    0.00    0.00    0.00   97.94
10:45:06     all    3.24    0.00    0.21    0.00    0.00    0.00    0.00    0.00    0.00   96.55
10:45:07     all    3.81    0.00    0.12    0.00    0.00    0.00    0.00    0.00    0.00   96.07
10:45:08     all    1.63    0.00    0.13    0.00    0.00    0.00    0.00    0.00    0.00   98.25
10:45:09     all    3.81    0.00    0.18    0.00    0.00    0.00    0.00    0.00    0.00   96.01
10:45:10     all    2.09    0.00    0.44    0.00    0.00    0.00    0.00    0.00    0.00   97.47
10:45:11     all    4.21    0.00    0.26    0.00    0.00    0.00    0.00    0.00    0.00   95.52
10:45:12     all    1.42    0.00    0.14    0.00    0.00    0.00    0.00    0.00    0.00   98.44
10:45:13     all    3.69    0.00    0.12    0.00    0.00    0.00    0.00    0.00    0.00   96.18
10:45:14     all    2.02    0.00    0.15    0.00    0.00    0.00    0.00    0.00    0.00   97.82
10:45:15     all    3.31    0.00    0.13    0.00    0.00    0.00    0.00    0.00    0.00   96.57
10:45:16     all    3.93    0.00    0.21    0.00    0.00    0.00    0.00    0.00    0.00   95.86
10:45:17     all    1.70    0.00    0.14    0.00    0.00    0.00    0.00    0.00    0.00   98.17
10:45:18     all    3.62    0.00    0.31    0.00    0.00    0.01    0.00    0.00    0.00   96.06
10:45:19     all    2.07    0.00    0.21    0.00    0.00    0.00    0.00    0.00    0.00   97.72
10:45:20     all    3.96    0.00    0.22    0.00    0.00    0.00    0.00    0.00    0.00   95.82
10:45:21     all    1.53    0.00    0.21    0.00    0.00    0.00    0.00    0.00    0.00   98.26
10:45:22     all    3.75    0.00    0.14    0.00    0.00    0.00    0.00    0.00    0.00   96.11
10:45:23     all    1.64    0.00    0.17    0.00    0.00    0.00    0.00    0.00    0.00   98.19
10:45:24     all    1.46    0.00    0.11    0.00    0.00    0.00    0.00    0.00    0.00   98.43
10:45:25     all    3.90    0.00    0.22    0.00    0.00    0.00    0.00    0.00    0.00   95.88
10:45:26     all    1.81    0.00    0.44    0.00    0.00    0.01    0.00    0.00    0.00   97.74
10:45:27     all    3.83    0.00    0.15    0.00    0.00    0.00    0.00    0.00    0.00   96.01
10:45:28     all    1.53    0.00    0.07    0.00    0.00    0.00    0.00    0.00    0.00   98.40
10:45:29     all    3.82    0.00    0.13    0.00    0.00    0.00    0.00    0.00    0.00   96.05
10:45:30     all    1.50    0.00    0.10    0.00    0.00    0.00    0.00    0.00    0.00   98.40
10:45:31     all    3.53    0.00    0.21    0.00    0.00    0.00    0.00    0.00    0.00   96.26
10:45:32     all    4.13    0.00    0.24    0.00    0.00    0.00    0.00    0.00    0.00   95.64
10:45:33     all    1.54    0.00    0.14    0.00    0.00    0.00    0.00    0.00    0.00   98.32
10:45:34     all    3.80    0.00    0.14    0.00    0.00    0.00    0.00    0.00    0.00   96.06
10:45:35     all    1.65    0.00    0.15    0.00    0.00    0.01    0.00    0.00    0.00   98.18
10:45:36     all    3.76    0.00    0.18    0.00    0.00    0.00    0.00    0.00    0.00   96.06
10:45:37     all    1.56    0.00    0.14    0.00    0.00    0.00    0.00    0.00    0.00   98.31
10:45:38     all    3.78    0.00    0.13    0.00    0.00    0.00    0.00    0.00    0.00   96.09
10:45:39     all    1.53    0.00    0.15    0.00    0.00    0.00    0.00    0.00    0.00   98.32
10:45:40     all    3.77    0.00    0.14    0.00    0.00    0.00    0.00    0.00    0.00   96.10
10:45:41     all    2.25    0.00    0.31    0.00    0.00    0.00    0.00    0.00    0.00   97.44
10:45:42     all    3.92    0.01    0.43    0.00    0.00    0.00    0.00    0.00    0.00   95.64
10:45:43     all    4.20    0.00    0.40    0.00    0.00    0.00    0.00    0.00    0.00   95.40
10:45:44     all    1.65    0.00    0.14    0.00    0.00    0.00    0.00    0.00    0.00   98.21
10:45:45     all    3.66    0.00    0.21    0.00    0.00    0.00    0.00    0.00    0.00   96.14
10:45:46     all    1.51    0.00    0.13    0.00    0.00    0.00    0.00    0.00    0.00   98.36
10:45:47     all    3.88    0.00    0.29    0.00    0.00    0.00    0.00    0.00    0.00   95.83
10:45:48     all    1.56    0.00    0.10    0.00    0.00    0.00    0.00    0.00    0.00   98.35
10:45:49     all    3.71    0.00    0.08    0.00    0.00    0.00    0.00    0.00    0.00   96.21
10:45:50     all    1.67    0.00    0.14    0.00    0.00    0.00    0.00    0.00    0.00   98.19
10:45:51     all    3.80    0.00    0.13    0.00    0.00    0.00    0.00    0.00    0.00   96.08
10:45:52     all    1.61    0.00    0.24    0.01    0.00    0.00    0.00    0.00    0.00   98.14
10:45:53     all    3.88    0.00    0.10    0.00    0.00    0.00    0.00    0.00    0.00   96.03
10:45:54     all    3.77    0.00    0.19    0.00    0.00    0.00    0.00    0.00    0.00   96.04
10:45:55     all    1.55    0.00    0.10    0.00    0.00    0.00    0.00    0.00    0.00   98.35
10:45:56     all    3.96    0.00    0.13    0.00    0.00    0.00    0.00    0.00    0.00   95.91
10:45:57     all    1.68    0.00    0.25    0.00    0.00    0.00    0.00    0.00    0.00   98.07
10:45:58     all    3.89    0.00    0.38    0.00    0.00    0.00    0.00    0.00    0.00   95.73
10:45:59     all    1.63    0.00    0.10    0.00    0.00    0.00    0.00    0.00    0.00   98.28
10:46:00     all    3.86    0.01    0.13    0.00    0.00    0.00    0.00    0.00    0.00   96.00
10:46:01     all    1.49    0.00    0.17    0.00    0.00    0.01    0.00    0.00    0.00   98.33
10:46:02     all    3.98    0.00    0.33    0.00    0.00    0.00    0.00    0.00    0.00   95.68
10:46:03     all    4.18    0.00    0.28    0.00    0.00    0.00    0.00    0.00    0.00   95.54
10:46:04     all    1.56    0.00    0.18    0.00    0.00    0.00    0.00    0.00    0.00   98.26
10:46:05     all    5.17    0.00    1.61    0.00    0.00    0.00    0.00    0.00    0.00   93.22
10:46:06     all   25.10    0.00    1.69    0.00    0.00    0.00    0.00    0.00    0.00   73.21
10:46:07     all   29.49    0.00    0.92    0.00    0.00    0.00    0.00    0.00    0.00   69.60
10:46:08     all   31.74    0.00    1.75    0.00    0.00    0.00    0.00    0.00    0.00   66.51
10:46:09     all   35.82    0.00    1.06    0.00    0.00    0.00    0.00    0.00    0.00   63.13
10:46:10     all   27.18    0.00    1.04    0.00    0.00    0.00    0.00    0.00    0.00   71.78
10:46:11     all   26.93    0.00    0.91    0.00    0.00    0.01    0.00    0.00    0.00   72.15
10:46:12     all   26.61    0.00    0.72    0.00    0.00    0.00    0.00    0.00    0.00   72.66
10:46:13     all   28.15    0.00    0.71    0.00    0.00    0.00    0.00    0.00    0.00   71.14
10:46:14     all   28.61    0.00    0.88    0.00    0.00    0.00    0.00    0.00    0.00   70.52
10:46:15     all   22.68    0.00    0.50    0.00    0.00    0.00    0.00    0.00    0.00   76.82
10:46:16     all   23.33    0.00    0.57    0.00    0.00    0.00    0.00    0.00    0.00   76.10
10:46:17     all   23.87    0.00    0.53    0.00    0.00    0.01    0.00    0.00    0.00   75.59
10:46:18     all   17.37    0.00    0.64    0.00    0.00    0.00    0.00    0.00    0.00   81.99
10:46:19     all   16.02    0.00    0.56    0.00    0.00    0.00    0.00    0.00    0.00   83.42
10:46:20     all   21.43    0.00    0.57    0.00    0.00    0.00    0.00    0.00    0.00   78.00
10:46:21     all   26.18    0.00    0.50    0.00    0.00    0.00    0.00    0.00    0.00   73.32
10:46:22     all   19.37    0.00    0.76    0.00    0.00    0.00    0.00    0.00    0.00   79.87
10:46:23     all   25.96    0.00    1.23    0.00    0.00    0.00    0.00    0.00    0.00   72.81
10:46:24     all   23.75    0.00    0.82    0.00    0.00    0.01    0.00    0.00    0.00   75.42
10:46:25     all   25.99    0.00    0.95    0.00    0.00    0.01    0.00    0.00    0.00   73.05
10:46:26     all   21.91    0.00    1.14    0.00    0.00    0.00    0.00    0.00    0.00   76.94
10:46:27     all   29.27    0.00    1.14    0.00    0.00    0.00    0.00    0.00    0.00   69.59
10:46:28     all   33.97    0.00    1.28    0.00    0.00    0.00    0.00    0.00    0.00   64.75
10:46:29     all   28.11    0.00    1.21    0.00    0.00    0.01    0.00    0.00    0.00   70.67
10:46:30     all   30.38    0.00    1.69    0.00    0.00    0.00    0.00    0.00    0.00   67.93
10:46:31     all   24.38    0.00    1.77    0.00    0.00    0.00    0.00    0.00    0.00   73.85
10:46:32     all   28.39    0.00    1.46    0.00    0.00    0.01    0.00    0.00    0.00   70.14
10:46:33     all   25.95    0.00    1.34    0.00    0.00    0.00    0.00    0.00    0.00   72.71
10:46:34     all   26.27    0.00    1.17    0.00    0.00    0.00    0.00    0.00    0.00   72.56
10:46:35     all   25.86    0.00    1.10    0.00    0.00    0.01    0.00    0.00    0.00   73.02
10:46:36     all   22.72    0.00    0.97    0.00    0.00    0.00    0.00    0.00    0.00   76.30
10:46:37     all   25.42    0.00    1.31    0.00    0.00    0.00    0.00    0.00    0.00   73.27
10:46:38     all   25.80    0.00    1.75    0.00    0.00    0.00    0.00    0.00    0.00   72.44
10:46:39     all   26.15    0.00    1.75    0.00    0.00    0.00    0.00    0.00    0.00   72.10
10:46:40     all   25.00    0.01    2.27    0.00    0.00    0.00    0.00    0.00    0.00   72.71
10:46:41     all   29.43    0.00    2.56    0.00    0.00    0.00    0.00    0.00    0.00   68.01
10:46:42     all   26.07    0.00    2.34    0.00    0.00    0.00    0.00    0.00    0.00   71.60
10:46:43     all   35.04    0.00    2.62    0.00    0.00    0.00    0.00    0.00    0.00   62.35
10:46:44     all   33.35    0.00    2.73    0.00    0.00    0.00    0.00    0.00    0.00   63.92
10:46:45     all   29.30    0.00    2.84    0.00    0.00    0.00    0.00    0.00    0.00   67.86
10:46:46     all   28.06    0.00    2.83    0.00    0.00    0.01    0.00    0.00    0.00   69.10
10:46:47     all   33.37    0.00    2.39    0.00    0.00    0.00    0.00    0.00    0.00   64.24
10:46:48     all   31.95    0.00    3.28    0.00    0.00    0.00    0.00    0.00    0.00   64.77
10:46:49     all   37.02    0.00    3.48    0.00    0.00    0.01    0.00    0.00    0.00   59.48
10:46:50     all   36.95    0.00    3.70    0.00    0.00    0.01    0.00    0.00    0.00   59.33
10:46:51     all   26.01    0.00    3.60    0.01    0.00    0.00    0.00    0.00    0.00   70.37
10:46:52     all   39.86    0.00    4.28    0.00    0.00    0.00    0.00    0.00    0.00   55.86
10:46:53     all   29.39    0.00    4.52    0.00    0.00    0.00    0.00    0.00    0.00   66.09
10:46:54     all   33.93    0.00    4.80    0.00    0.00    0.01    0.00    0.00    0.00   61.26
10:46:55     all   33.11    0.00    4.25    0.00    0.00    0.00    0.00    0.00    0.00   62.63
10:46:56     all   26.56    0.00    3.39    0.00    0.00    0.00    0.00    0.00    0.00   70.05
10:46:57     all   31.53    0.00    3.57    0.00    0.00    0.00    0.00    0.00    0.00   64.90
10:46:58     all   36.47    0.01    4.14    0.00    0.00    0.01    0.00    0.00    0.00   59.37
10:46:59     all   42.57    0.00    4.81    0.00    0.00    0.01    0.00    0.00    0.00   52.61
10:47:00     all   37.14    0.00    5.57    0.00    0.00    0.00    0.00    0.00    0.00   57.29
10:47:01     all   36.67    0.00    4.48    0.00    0.00    0.00    0.00    0.00    0.00   58.85
10:47:02     all   36.66    0.00    4.87    0.00    0.00    0.00    0.00    0.00    0.00   58.46
10:47:03     all   39.94    0.00    5.25    0.00    0.00    0.01    0.00    0.00    0.00   54.79
10:47:04     all   30.08    0.00    4.77    0.00    0.00    0.01    0.00    0.00    0.00   65.13
10:47:05     all   38.28    0.00    4.95    0.00    0.00    0.00    0.00    0.00    0.00   56.77
10:47:06     all   34.29    0.00    5.74    0.00    0.00    0.00    0.00    0.00    0.00   59.96
10:47:07     all   36.92    0.00    5.65    0.00    0.00    0.01    0.00    0.00    0.00   57.41
10:47:08     all   36.81    0.00    5.27    0.00    0.00    0.00    0.00    0.00    0.00   57.91
10:47:09     all   37.54    0.00    5.72    0.00    0.00    0.00    0.00    0.00    0.00   56.74
10:47:10     all   36.23    0.00    6.11    0.00    0.00    0.01    0.00    0.00    0.00   57.64
10:47:11     all   36.86    0.00    6.81    0.00    0.00    0.01    0.00    0.00    0.00   56.32
10:47:12     all   34.42    0.00    5.90    0.00    0.00    0.00    0.00    0.00    0.00   59.68
10:47:13     all   33.20    0.00    4.32    0.00    0.00    0.00    0.00    0.00    0.00   62.48
10:47:14     all   32.89    0.00    4.48    0.00    0.00    0.00    0.00    0.00    0.00   62.63
10:47:15     all   32.58    0.00    4.48    0.00    0.00    0.01    0.00    0.00    0.00   62.93
10:47:16     all   41.25    0.01    4.92    0.00    0.00    0.03    0.00    0.00    0.00   53.78
10:47:17     all   32.91    0.00    5.26    0.00    0.00    0.00    0.00    0.00    0.00   61.84
10:47:18     all   32.37    0.00    5.47    0.00    0.00    0.00    0.00    0.00    0.00   62.15
10:47:19     all   37.43    0.00    5.94    0.00    0.00    0.01    0.00    0.00    0.00   56.62
10:47:20     all   36.98    0.00    5.73    0.00    0.00    0.00    0.00    0.00    0.00   57.29
10:47:21     all   39.72    0.00    5.60    0.00    0.00    0.00    0.00    0.00    0.00   54.68
10:47:22     all   41.62    0.00    6.19    0.00    0.00    0.00    0.00    0.00    0.00   52.18
10:47:23     all   38.26    0.00    5.22    0.00    0.00    0.00    0.00    0.00    0.00   56.52
10:47:24     all   37.61    0.00    5.98    0.00    0.00    0.00    0.00    0.00    0.00   56.40
10:47:25     all   36.03    0.00    6.04    0.00    0.00    0.03    0.00    0.00    0.00   57.90
10:47:26     all   38.54    0.00    6.48    0.00    0.00    0.00    0.00    0.00    0.00   54.97
10:47:27     all   37.78    0.00    6.42    0.00    0.00    0.01    0.00    0.00    0.00   55.78
10:47:28     all   36.65    0.00    7.00    0.00    0.00    0.00    0.00    0.00    0.00   56.35
10:47:29     all   36.76    0.00    6.16    0.00    0.00    0.00    0.00    0.00    0.00   57.08
10:47:30     all   36.92    0.00    6.63    0.00    0.00    0.00    0.00    0.00    0.00   56.46
10:47:31     all   37.67    0.00    7.20    0.00    0.00    0.00    0.00    0.00    0.00   55.13
10:47:32     all   33.55    0.00    6.28    0.00    0.00    0.00    0.00    0.00    0.00   60.18
10:47:33     all   33.86    0.00    6.93    0.00    0.00    0.01    0.00    0.00    0.00   59.19
10:47:34     all   35.14    0.00    6.28    0.00    0.00    0.01    0.00    0.00    0.00   58.57
10:47:35     all   36.86    0.00    7.07    0.00    0.00    0.00    0.00    0.00    0.00   56.07
10:47:36     all   35.75    0.00    6.61    0.00    0.00    0.00    0.00    0.00    0.00   57.64
10:47:37     all   38.94    0.00    6.38    0.00    0.00    0.00    0.00    0.00    0.00   54.68
10:47:38     all   34.53    0.00    6.58    0.00    0.00    0.00    0.00    0.00    0.00   58.89
10:47:39     all   37.04    0.00    7.61    0.00    0.00    0.01    0.00    0.00    0.00   55.34
10:47:40     all   34.51    0.01    5.94    0.00    0.00    0.00    0.00    0.00    0.00   59.54
10:47:41     all   38.34    0.00    6.26    0.00    0.00    0.00    0.00    0.00    0.00   55.39
10:47:42     all   36.51    0.00    6.09    0.00    0.00    0.00    0.00    0.00    0.00   57.39
10:47:43     all   38.58    0.00    7.09    0.00    0.00    0.01    0.00    0.00    0.00   54.31
10:47:44     all   38.68    0.00    6.51    0.00    0.00    0.00    0.00    0.00    0.00   54.81
10:47:45     all   36.65    0.00    6.82    0.00    0.00    0.00    0.00    0.00    0.00   56.54
10:47:46     all   34.41    0.00    6.27    0.00    0.00    0.00    0.00    0.00    0.00   59.32
10:47:47     all   38.28    0.00    6.42    0.00    0.00    0.00    0.00    0.00    0.00   55.30
10:47:48     all   39.10    0.00    5.86    0.00    0.00    0.01    0.00    0.00    0.00   55.03
10:47:49     all   36.70    0.00    6.58    0.00    0.00    0.00    0.00    0.00    0.00   56.72
10:47:50     all   37.61    0.00    6.70    0.00    0.00    0.01    0.00    0.00    0.00   55.67
10:47:51     all   40.20    0.00    6.40    0.00    0.00    0.01    0.00    0.00    0.00   53.38
10:47:52     all   35.89    0.00    6.40    0.00    0.00    0.00    0.00    0.00    0.00   57.71
10:47:53     all   38.93    0.00    6.84    0.00    0.00    0.01    0.00    0.00    0.00   54.22
10:47:54     all   40.27    0.00    5.24    0.00    0.00    0.00    0.00    0.00    0.00   54.49
10:47:55     all   39.94    0.00    5.29    0.00    0.00    0.01    0.00    0.00    0.00   54.76
10:47:56     all   39.88    0.00    6.31    0.00    0.00    0.00    0.00    0.00    0.00   53.80
10:47:57     all   38.76    0.00    5.26    0.00    0.00    0.00    0.00    0.00    0.00   55.97
10:47:58     all   38.38    0.00    5.59    0.00    0.00    0.00    0.00    0.00    0.00   56.03
10:47:59     all   38.82    0.00    5.04    0.00    0.00    0.01    0.00    0.00    0.00   56.12
10:48:00     all   39.59    0.00    6.66    0.00    0.00    0.00    0.00    0.00    0.00   53.76
10:48:01     all   34.88    0.00    6.28    0.00    0.00    0.01    0.00    0.00    0.00   58.82
10:48:02     all   39.91    0.00    7.09    0.00    0.00    0.03    0.00    0.00    0.00   52.97
10:48:03     all   37.14    0.00    5.98    0.00    0.00    0.00    0.00    0.00    0.00   56.88
10:48:04     all   43.17    0.00    9.41    0.08    0.00    0.01    0.00    0.00    0.00   47.32
10:48:05     all   41.72    0.00    9.33    0.00    0.00    0.00    0.00    0.00    0.00   48.94
10:48:06     all   41.30    0.00    9.83    0.00    0.00    0.00    0.00    0.00    0.00   48.87
10:48:07     all   39.55    0.00    9.25    0.00    0.00    0.00    0.00    0.00    0.00   51.21
10:48:08     all   38.26    0.00    7.29    0.00    0.00    0.00    0.00    0.00    0.00   54.45
10:48:09     all   37.93    0.00    6.17    0.01    0.00    0.00    0.00    0.00    0.00   55.88
10:48:10     all   37.64    0.00    6.38    0.00    0.00    0.00    0.00    0.00    0.00   55.98
10:48:11     all   38.54    0.00    5.95    0.00    0.00    0.00    0.00    0.00    0.00   55.50
10:48:12     all   38.18    0.00    6.35    0.00    0.00    0.00    0.00    0.00    0.00   55.47
10:48:13     all   34.95    0.00    6.51    0.00    0.00    0.03    0.00    0.00    0.00   58.51
10:48:14     all   39.31    0.00    5.62    0.01    0.00    0.01    0.00    0.00    0.00   55.04
10:48:15     all   30.39    0.00    5.03    0.00    0.00    0.00    0.00    0.00    0.00   64.58
10:48:16     all   40.91    0.00    6.36    0.00    0.00    0.00    0.00    0.00    0.00   52.73
10:48:17     all   38.91    0.00    6.26    0.00    0.00    0.00    0.00    0.00    0.00   54.84
10:48:18     all   36.41    0.00    5.66    0.00    0.00    0.00    0.00    0.00    0.00   57.93
10:48:19     all   36.74    0.00    5.56    0.00    0.00    0.00    0.00    0.00    0.00   57.70
10:48:20     all   36.41    0.00    6.07    0.00    0.00    0.01    0.00    0.00    0.00   57.50
10:48:21     all   39.40    0.00    5.54    0.03    0.00    0.00    0.00    0.00    0.00   55.03
10:48:22     all   37.70    0.00    6.16    0.00    0.00    0.00    0.00    0.00    0.00   56.14
10:48:23     all   37.44    0.00    6.11    0.00    0.00    0.00    0.00    0.00    0.00   56.45
10:48:24     all   38.39    0.00    5.98    0.00    0.00    0.00    0.00    0.00    0.00   55.63
10:48:25     all   38.87    0.00    6.27    0.00    0.00    0.00    0.00    0.00    0.00   54.86
10:48:26     all   35.79    0.00    5.03    0.00    0.00    0.00    0.00    0.00    0.00   59.18
10:48:27     all   38.93    0.00    5.72    0.00    0.00    0.01    0.00    0.00    0.00   55.34
10:48:28     all   38.80    0.00    6.32    0.00    0.00    0.00    0.00    0.00    0.00   54.88
10:48:29     all   35.57    0.00    6.03    0.00    0.00    0.00    0.00    0.00    0.00   58.41
10:48:30     all   34.01    0.00    5.23    0.00    0.00    0.01    0.00    0.00    0.00   60.75
10:48:31     all   39.10    0.00    6.86    0.01    0.00    0.01    0.00    0.00    0.00   54.01
10:48:32     all   34.91    0.00    6.40    0.00    0.00    0.00    0.00    0.00    0.00   58.70
10:48:33     all   39.02    0.00    5.13    0.00    0.00    0.00    0.00    0.00    0.00   55.85
10:48:34     all   39.30    0.00    6.41    0.00    0.00    0.01    0.00    0.00    0.00   54.28
10:48:35     all   36.30    0.00    5.37    0.00    0.00    0.00    0.00    0.00    0.00   58.33
10:48:36     all   39.72    0.00    5.13    0.00    0.00    0.00    0.00    0.00    0.00   55.15
10:48:37     all   36.82    0.01    5.59    0.00    0.00    0.00    0.00    0.00    0.00   57.58
10:48:38     all   35.83    0.00    6.69    0.00    0.00    0.01    0.00    0.00    0.00   57.47
10:48:39     all   37.92    0.00    6.00    0.00    0.00    0.00    0.00    0.00    0.00   56.08
10:48:40     all   38.69    0.00    5.90    0.00    0.00    0.00    0.00    0.00    0.00   55.41
10:48:41     all   41.03    0.00    5.90    0.00    0.00    0.00    0.00    0.00    0.00   53.06
10:48:42     all   35.33    0.00    5.87    0.00    0.00    0.01    0.00    0.00    0.00   58.79
10:48:43     all   34.73    0.00    5.61    0.00    0.00    0.01    0.00    0.00    0.00   59.64
10:48:44     all   40.18    0.00    5.61    0.00    0.00    0.00    0.00    0.00    0.00   54.21
10:48:45     all   36.18    0.00    5.28    0.00    0.00    0.00    0.00    0.00    0.00   58.53
10:48:46     all   36.83    0.00    5.72    0.00    0.00    0.00    0.00    0.00    0.00   57.45
10:48:47     all   40.95    0.00    6.10    0.00    0.00    0.01    0.00    0.00    0.00   52.94
10:48:48     all   37.32    0.00    5.50    0.00    0.00    0.03    0.00    0.00    0.00   57.15
10:48:49     all   36.95    0.00    5.56    0.00    0.00    0.00    0.00    0.00    0.00   57.49
10:48:50     all   38.08    0.00    6.32    0.00    0.00    0.00    0.00    0.00    0.00   55.60
10:48:51     all   32.62    0.00    5.85    0.00    0.00    0.00    0.00    0.00    0.00   61.53
10:48:52     all   34.38    0.00    6.63    0.00    0.00    0.00    0.00    0.00    0.00   58.99
10:48:53     all   38.33    0.00    6.47    0.00    0.00    0.00    0.00    0.00    0.00   55.20
10:48:54     all   36.90    0.00    6.77    0.00    0.00    0.00    0.00    0.00    0.00   56.34
10:48:55     all   37.39    0.00    6.20    0.00    0.00    0.00    0.00    0.00    0.00   56.41
10:48:56     all   35.70    0.00    6.95    0.00    0.00    0.00    0.00    0.00    0.00   57.35
10:48:57     all   36.26    0.00    6.75    0.00    0.00    0.00    0.00    0.00    0.00   56.99
10:48:58     all   33.91    0.00    6.05    0.00    0.00    0.01    0.00    0.00    0.00   60.03
10:48:59     all   38.74    0.00    6.32    0.00    0.00    0.00    0.00    0.00    0.00   54.94
10:49:00     all   35.67    0.00    5.82    0.00    0.00    0.00    0.00    0.00    0.00   58.52
10:49:01     all   38.89    0.00    6.76    0.00    0.00    0.00    0.00    0.00    0.00   54.35
10:49:02     all   36.96    0.00    6.27    0.00    0.00    0.01    0.00    0.00    0.00   56.76
10:49:03     all   36.96    0.00    7.19    0.00    0.00    0.01    0.00    0.00    0.00   55.84
10:49:04     all   37.77    0.00    6.92    0.00    0.00    0.00    0.00    0.00    0.00   55.31
10:49:05     all   35.21    0.00    6.71    0.00    0.00    0.00    0.00    0.00    0.00   58.08
10:49:06     all   34.01    0.01    6.68    0.00    0.00    0.01    0.00    0.00    0.00   59.29
10:49:07     all   36.42    0.00    6.38    0.00    0.00    0.00    0.00    0.00    0.00   57.19
10:49:08     all   40.30    0.00    6.59    0.00    0.00    0.00    0.00    0.00    0.00   53.11
10:49:09     all   36.36    0.00    6.36    0.00    0.00    0.00    0.00    0.00    0.00   57.28
10:49:10     all   36.25    0.00    6.09    0.00    0.00    0.00    0.00    0.00    0.00   57.66
10:49:11     all   37.38    0.00    6.31    0.00    0.00    0.00    0.00    0.00    0.00   56.31
10:49:12     all   37.57    0.00    5.71    0.00    0.00    0.00    0.00    0.00    0.00   56.72
10:49:13     all   39.53    0.00    5.58    0.00    0.00    0.00    0.00    0.00    0.00   54.89
10:49:14     all   38.00    0.00    6.48    0.00    0.00    0.00    0.00    0.00    0.00   55.52
10:49:15     all   36.92    0.00    6.97    0.00    0.00    0.01    0.00    0.00    0.00   56.10
10:49:16     all   35.64    0.00    6.91    0.00    0.00    0.00    0.00    0.00    0.00   57.45
10:49:17     all   34.48    0.00    7.10    0.00    0.00    0.01    0.00    0.00    0.00   58.41
10:49:18     all   34.89    0.00    6.59    0.00    0.00    0.00    0.00    0.00    0.00   58.52
10:49:19     all   37.60    0.00    6.94    0.00    0.00    0.00    0.00    0.00    0.00   55.46
10:49:20     all   36.61    0.00    6.34    0.00    0.00    0.00    0.00    0.00    0.00   57.04
10:49:21     all   35.26    0.00    5.97    0.00    0.00    0.01    0.00    0.00    0.00   58.76
10:49:22     all   34.28    0.00    5.86    0.00    0.00    0.00    0.00    0.00    0.00   59.85
10:49:23     all   38.90    0.00    6.38    0.01    0.00    0.01    0.00    0.00    0.00   54.69
10:49:24     all   40.50    0.01    6.28    0.00    0.00    0.01    0.00    0.00    0.00   53.18
10:49:25     all   37.06    0.00    6.68    0.00    0.00    0.00    0.00    0.00    0.00   56.26
10:49:26     all   40.87    0.00    5.94    0.00    0.00    0.00    0.00    0.00    0.00   53.19
10:49:27     all   38.54    0.00    5.98    0.00    0.00    0.01    0.00    0.00    0.00   55.46
10:49:28     all   39.86    0.00    5.62    0.00    0.00    0.00    0.00    0.00    0.00   54.53
10:49:29     all   40.75    0.00    5.00    0.00    0.00    0.00    0.00    0.00    0.00   54.25
10:49:30     all   33.71    0.00    5.56    0.00    0.00    0.00    0.00    0.00    0.00   60.72
10:49:31     all   40.19    0.00    5.17    0.00    0.00    0.01    0.00    0.00    0.00   54.63
10:49:32     all   35.23    0.00    4.72    0.00    0.00    0.00    0.00    0.00    0.00   60.05
10:49:33     all   33.82    0.00    4.24    0.00    0.00    0.00    0.00    0.00    0.00   61.94
10:49:34     all   37.53    0.00    5.12    0.00    0.00    0.00    0.00    0.00    0.00   57.35
10:49:35     all   36.28    0.00    5.24    0.00    0.00    0.01    0.00    0.00    0.00   58.46
10:49:36     all   38.44    0.01    6.12    0.00    0.00    0.00    0.00    0.00    0.00   55.42
10:49:37     all   35.00    0.00    4.60    0.00    0.00    0.00    0.00    0.00    0.00   60.41
10:49:38     all   37.06    0.00    4.80    0.00    0.00    0.00    0.00    0.00    0.00   58.14
10:49:39     all   39.40    0.00    5.32    0.00    0.00    0.00    0.00    0.00    0.00   55.28
10:49:40     all   35.32    0.00    5.11    0.00    0.00    0.00    0.00    0.00    0.00   59.57
10:49:41     all   38.98    0.00    5.65    0.00    0.00    0.00    0.00    0.00    0.00   55.38
10:49:42     all   37.86    0.00    5.40    0.00    0.00    0.00    0.00    0.00    0.00   56.74
10:49:43     all   38.62    0.00    5.48    0.00    0.00    0.01    0.00    0.00    0.00   55.89
10:49:44     all   34.08    0.00    5.99    0.00    0.00    0.01    0.00    0.00    0.00   59.92
10:49:45     all   34.99    0.00    4.94    0.00    0.00    0.00    0.00    0.00    0.00   60.07
10:49:46     all   39.92    0.00    6.03    0.00    0.00    0.00    0.00    0.00    0.00   54.05
10:49:47     all   38.47    0.00    6.16    0.00    0.00    0.01    0.00    0.00    0.00   55.36
10:49:48     all   34.67    0.00    5.54    0.00    0.00    0.00    0.00    0.00    0.00   59.78
10:49:49     all   35.87    0.00    5.71    0.01    0.00    0.01    0.00    0.00    0.00   58.39
10:49:50     all   38.19    0.00    5.66    0.00    0.00    0.01    0.00    0.00    0.00   56.13
10:49:51     all   40.09    0.00    5.59    0.00    0.00    0.00    0.00    0.00    0.00   54.32
10:49:52     all   36.19    0.00    5.27    0.00    0.00    0.00    0.00    0.00    0.00   58.55
10:49:53     all   35.94    0.00    5.24    0.00    0.00    0.00    0.00    0.00    0.00   58.83
10:49:54     all   32.51    0.00    4.86    0.00    0.00    0.00    0.00    0.00    0.00   62.64
10:49:55     all   34.84    0.00    4.94    0.00    0.00    0.00    0.00    0.00    0.00   60.22
10:49:56     all   36.25    0.00    5.44    0.00    0.00    0.00    0.00    0.00    0.00   58.31
10:49:57     all   37.65    0.00    5.49    0.00    0.00    0.01    0.00    0.00    0.00   56.85
10:49:58     all   32.49    0.00    4.83    0.01    0.00    0.00    0.00    0.00    0.00   62.67
10:49:59     all   31.35    0.00    4.92    0.00    0.00    0.01    0.00    0.00    0.00   63.72
10:50:00     all   40.78    0.00    5.31    0.00    0.00    0.00    0.00    0.00    0.00   53.90
10:50:01     all   33.35    0.00    5.94    0.00    0.00    0.01    0.00    0.00    0.00   60.69
10:50:02     all   36.67    0.00    5.51    0.00    0.00    0.00    0.00    0.00    0.00   57.82
10:50:03     all   36.12    0.00    5.86    0.00    0.00    0.01    0.00    0.00    0.00   58.01
10:50:04     all   34.17    0.00    5.01    0.00    0.00    0.00    0.00    0.00    0.00   60.81
10:50:05     all   25.17    0.00    4.47    0.00    0.00    0.00    0.00    0.00    0.00   70.36
10:50:06     all   32.09    0.00    4.34    0.00    0.00    0.00    0.00    0.00    0.00   63.56
10:50:07     all   35.75    0.00    5.07    0.00    0.00    0.01    0.00    0.00    0.00   59.17
10:50:08     all   34.60    0.00    3.88    0.00    0.00    0.00    0.00    0.00    0.00   61.52
10:50:09     all   31.31    0.00    3.88    0.00    0.00    0.00    0.00    0.00    0.00   64.80
10:50:10     all   33.18    0.00    4.34    0.00    0.00    0.00    0.00    0.00    0.00   62.49
10:50:11     all   27.04    0.00    3.41    0.00    0.00    0.01    0.00    0.00    0.00   69.54
10:50:12     all   41.22    0.00    3.84    0.00    0.00    0.00    0.00    0.00    0.00   54.94
10:50:13     all   39.81    0.00    4.31    0.00    0.00    0.01    0.00    0.00    0.00   55.86
10:50:14     all   35.24    0.01    3.77    0.00    0.00    0.00    0.00    0.00    0.00   60.97
10:50:15     all   28.97    0.00    3.38    0.00    0.00    0.00    0.00    0.00    0.00   67.65
10:50:16     all   32.74    0.00    4.29    0.00    0.00    0.01    0.00    0.00    0.00   62.95
10:50:17     all   27.83    0.00    3.87    0.00    0.00    0.00    0.00    0.00    0.00   68.30
10:50:18     all   39.53    0.00    4.35    0.00    0.00    0.00    0.00    0.00    0.00   56.11
10:50:19     all   39.59    0.00    5.14    0.00    0.00    0.00    0.00    0.00    0.00   55.28
10:50:20     all   36.20    0.00    4.50    0.00    0.00    0.00    0.00    0.00    0.00   59.30
10:50:21     all   39.64    0.00    4.54    0.00    0.00    0.00    0.00    0.00    0.00   55.83
10:50:22     all   28.28    0.00    3.63    0.00    0.00    0.01    0.00    0.00    0.00   68.07
10:50:23     all   31.77    0.00    3.55    0.00    0.00    0.01    0.00    0.00    0.00   64.66
10:50:24     all   32.90    0.00    3.61    0.00    0.00    0.00    0.00    0.00    0.00   63.49
10:50:25     all   31.40    0.00    3.55    0.00    0.00    0.01    0.00    0.00    0.00   65.04
10:50:26     all   34.70    0.00    3.93    0.00    0.00    0.01    0.00    0.00    0.00   61.36
10:50:27     all   40.65    0.00    4.27    0.00    0.00    0.00    0.00    0.00    0.00   55.08
10:50:28     all   26.48    0.00    3.06    0.00    0.00    0.00    0.00    0.00    0.00   70.46
10:50:29     all   34.01    0.00    3.43    0.00    0.00    0.01    0.00    0.00    0.00   62.55
10:50:30     all   31.24    0.00    3.85    0.00    0.00    0.00    0.00    0.00    0.00   64.91
10:50:31     all   40.20    0.00    5.35    0.00    0.00    0.03    0.00    0.00    0.00   54.42
10:50:32     all   35.72    0.00    4.05    0.00    0.00    0.00    0.00    0.00    0.00   60.23
10:50:33     all   29.80    0.00    3.88    0.00    0.00    0.01    0.00    0.00    0.00   66.31
10:50:34     all   32.83    0.00    4.63    0.00    0.00    0.00    0.00    0.00    0.00   62.54
10:50:35     all   37.75    0.00    3.91    0.00    0.00    0.00    0.00    0.00    0.00   58.34
10:50:36     all   29.07    0.00    3.95    0.00    0.00    0.00    0.00    0.00    0.00   66.99
10:50:37     all   37.50    0.00    3.77    0.00    0.00    0.01    0.00    0.00    0.00   58.71
10:50:38     all   38.72    0.00    3.76    0.00    0.00    0.00    0.00    0.00    0.00   57.52
10:50:39     all   29.42    0.00    3.83    0.00    0.00    0.00    0.00    0.00    0.00   66.75
10:50:40     all   35.58    0.00    3.02    0.00    0.00    0.00    0.00    0.00    0.00   61.40
10:50:41     all   24.50    0.00    3.22    0.00    0.00    0.00    0.00    0.00    0.00   72.28
10:50:42     all   38.04    0.00    4.34    0.00    0.00    0.01    0.00    0.00    0.00   57.61
10:50:43     all   31.76    0.00    3.18    0.00    0.00    0.00    0.00    0.00    0.00   65.06
10:50:44     all   40.56    0.00    4.04    0.00    0.00    0.00    0.00    0.00    0.00   55.41
10:50:45     all   39.62    0.00    4.08    0.00    0.00    0.01    0.00    0.00    0.00   56.28
10:50:46     all   37.58    0.00    5.14    0.00    0.00    0.00    0.00    0.00    0.00   57.27
10:50:47     all   42.30    0.00    4.33    0.00    0.00    0.01    0.00    0.00    0.00   53.36
10:50:48     all   38.25    0.01    4.37    0.00    0.00    0.00    0.00    0.00    0.00   57.37
10:50:49     all   33.42    0.00    3.76    0.01    0.00    0.03    0.00    0.00    0.00   62.78
10:50:50     all   37.13    0.00    5.62    0.00    0.00    0.00    0.00    0.00    0.00   57.25
10:50:51     all   31.17    0.00    4.04    0.00    0.00    0.01    0.00    0.00    0.00   64.78
10:50:52     all   36.32    0.00    3.97    0.00    0.00    0.00    0.00    0.00    0.00   59.71
10:50:53     all   33.06    0.00    4.10    0.00    0.00    0.00    0.00    0.00    0.00   62.84
10:50:54     all   33.47    0.00    3.80    0.00    0.00    0.01    0.00    0.00    0.00   62.71
10:50:55     all   41.56    0.00    4.78    0.00    0.00    0.00    0.00    0.00    0.00   53.65
10:50:56     all   38.29    0.00    4.19    0.00    0.00    0.01    0.00    0.00    0.00   57.50
10:50:57     all   36.51    0.00    4.62    0.00    0.00    0.01    0.00    0.00    0.00   58.86
10:50:58     all   41.13    0.00    3.86    0.00    0.00    0.00    0.00    0.00    0.00   55.01
10:50:59     all   30.53    0.00    3.28    0.00    0.00    0.00    0.00    0.00    0.00   66.19
10:51:00     all   40.23    0.00    3.61    0.00    0.00    0.00    0.00    0.00    0.00   56.17
10:51:01     all   40.20    0.00    4.45    0.00    0.00    0.01    0.00    0.00    0.00   55.34
10:51:02     all   37.37    0.00    4.73    0.00    0.00    0.00    0.00    0.00    0.00   57.89
10:51:03     all   38.47    0.00    5.05    0.00    0.00    0.01    0.00    0.00    0.00   56.47
10:51:04     all   40.77    0.00    4.49    0.00    0.00    0.00    0.00    0.00    0.00   54.74
10:51:05     all   44.37    0.00    4.49    0.00    0.00    0.00    0.00    0.00    0.00   51.13
10:51:06     all   31.35    0.00    3.93    0.00    0.00    0.00    0.00    0.00    0.00   64.71
10:51:07     all   26.25    0.00    3.60    0.00    0.00    0.00    0.00    0.00    0.00   70.15
10:51:08     all   41.56    0.00    3.51    0.00    0.00    0.01    0.00    0.00    0.00   54.91
10:51:09     all   38.11    0.00    4.11    0.00    0.00    0.00    0.00    0.00    0.00   57.78
10:51:10     all   38.09    0.00    4.21    0.00    0.00    0.00    0.00    0.00    0.00   57.70
10:51:11     all   39.06    0.00    4.07    0.00    0.00    0.00    0.00    0.00    0.00   56.87
10:51:12     all   36.50    0.00    4.59    0.00    0.00    0.00    0.00    0.00    0.00   58.92
10:51:13     all   35.97    0.00    4.11    0.00    0.00    0.00    0.00    0.00    0.00   59.91
10:51:14     all   33.56    0.00    3.20    0.00    0.00    0.00    0.00    0.00    0.00   63.24
10:51:15     all   43.17    0.00    4.27    0.00    0.00    0.01    0.00    0.00    0.00   52.55
10:51:16     all   33.76    0.00    3.38    0.00    0.00    0.00    0.00    0.00    0.00   62.85
10:51:17     all   34.61    0.00    3.71    0.00    0.00    0.00    0.00    0.00    0.00   61.68
10:51:18     all   29.50    0.00    3.47    0.00    0.00    0.01    0.00    0.00    0.00   67.02
10:51:19     all   37.63    0.00    4.26    0.00    0.00    0.00    0.00    0.00    0.00   58.11
10:51:20     all   37.91    0.00    3.55    0.00    0.00    0.00    0.00    0.00    0.00   58.54
10:51:21     all   37.51    0.00    4.19    0.00    0.00    0.00    0.00    0.00    0.00   58.30
10:51:22     all   31.80    0.00    4.22    0.00    0.00    0.01    0.00    0.00    0.00   63.97
10:51:23     all   42.05    0.00    4.05    0.00    0.00    0.00    0.00    0.00    0.00   53.90
10:51:24     all   41.46    0.00    4.43    0.00    0.00    0.01    0.00    0.00    0.00   54.09
10:51:25     all   43.40    0.00    4.99    0.00    0.00    0.00    0.00    0.00    0.00   51.61
10:51:26     all   30.73    0.00    3.84    0.00    0.00    0.00    0.00    0.00    0.00   65.43
10:51:27     all   36.99    0.00    3.77    0.00    0.00    0.00    0.00    0.00    0.00   59.24
10:51:28     all   40.31    0.00    4.07    0.00    0.00    0.00    0.00    0.00    0.00   55.62
10:51:29     all   31.62    0.00    4.11    0.00    0.00    0.00    0.00    0.00    0.00   64.27
10:51:30     all   43.73    0.01    4.41    0.00    0.00    0.01    0.00    0.00    0.00   51.83
10:51:31     all   35.14    0.00    4.24    0.00    0.00    0.01    0.00    0.00    0.00   60.61
10:51:32     all   39.60    0.00    4.35    0.00    0.00    0.00    0.00    0.00    0.00   56.05
10:51:33     all   36.58    0.00    3.86    0.00    0.00    0.00    0.00    0.00    0.00   59.56
10:51:34     all   36.75    0.00    4.02    0.00    0.00    0.00    0.00    0.00    0.00   59.22
10:51:35     all   41.56    0.00    3.18    0.00    0.00    0.00    0.00    0.00    0.00   55.26
10:51:36     all   36.95    0.00    3.10    0.00    0.00    0.01    0.00    0.00    0.00   59.93
10:51:37     all   40.99    0.00    3.73    0.00    0.00    0.00    0.00    0.00    0.00   55.28
10:51:38     all   27.29    0.00    3.50    0.00    0.00    0.00    0.00    0.00    0.00   69.21
10:51:39     all   36.10    0.00    3.05    0.00    0.00    0.00    0.00    0.00    0.00   60.85
10:51:40     all   33.71    0.00    3.38    0.00    0.00    0.00    0.00    0.00    0.00   62.91
10:51:41     all   37.06    0.00    2.48    0.00    0.00    0.01    0.00    0.00    0.00   60.45
10:51:42     all   34.56    0.00    3.37    0.01    0.00    0.00    0.00    0.00    0.00   62.05
10:51:43     all   42.77    0.00    3.82    0.00    0.00    0.01    0.00    0.00    0.00   53.40
10:51:44     all   28.55    0.01    3.02    0.00    0.00    0.01    0.00    0.00    0.00   68.40
10:51:45     all   43.69    0.00    4.23    0.00    0.00    0.00    0.00    0.00    0.00   52.08
10:51:46     all   43.09    0.01    4.39    0.00    0.00    0.00    0.00    0.00    0.00   52.51
10:51:47     all   33.14    0.00    3.76    0.00    0.00    0.01    0.00    0.00    0.00   63.09
10:51:48     all   43.45    0.00    5.05    0.00    0.00    0.00    0.00    0.00    0.00   51.51
10:51:49     all   39.47    0.00    4.17    0.00    0.00    0.00    0.00    0.00    0.00   56.36
10:51:50     all   36.65    0.00    3.78    0.00    0.00    0.00    0.00    0.00    0.00   59.56
10:51:51     all   44.36    0.00    4.13    0.00    0.00    0.00    0.00    0.00    0.00   51.51
10:51:52     all   34.98    0.00    4.12    0.00    0.00    0.00    0.00    0.00    0.00   60.90
10:51:53     all   42.85    0.00    4.86    0.00    0.00    0.03    0.00    0.00    0.00   52.26
10:51:54     all   43.11    0.00    3.92    0.00    0.00    0.00    0.00    0.00    0.00   52.97
10:51:55     all   40.80    0.00    4.30    0.00    0.00    0.00    0.00    0.00    0.00   54.90
10:51:56     all   41.58    0.00    5.11    0.00    0.00    0.01    0.00    0.00    0.00   53.30
10:51:57     all   38.69    0.00    4.95    0.00    0.00    0.00    0.00    0.00    0.00   56.36
10:51:58     all   33.09    0.00    3.99    0.00    0.00    0.00    0.00    0.00    0.00   62.92
10:51:59     all   40.67    0.00    4.27    0.00    0.00    0.00    0.00    0.00    0.00   55.05
10:52:00     all   42.59    0.00    4.58    0.00    0.00    0.00    0.00    0.00    0.00   52.83
10:52:01     all   36.17    0.00    4.10    0.00    0.00    0.00    0.00    0.00    0.00   59.73
10:52:02     all   37.73    0.00    4.94    0.00    0.00    0.00    0.00    0.00    0.00   57.33
10:52:03     all   42.66    0.00    4.52    0.00    0.00    0.00    0.00    0.00    0.00   52.82
10:52:04     all   43.12    0.00    4.57    0.00    0.00    0.00    0.00    0.00    0.00   52.31
10:52:05     all   41.08    0.00    4.50    0.00    0.00    0.01    0.00    0.00    0.00   54.41
10:52:06     all   43.67    0.00    5.19    0.01    0.00    0.00    0.00    0.00    0.00   51.13
10:52:07     all   39.61    0.00    5.33    0.00    0.00    0.00    0.00    0.00    0.00   55.06
10:52:08     all   42.43    0.00    5.04    0.00    0.00    0.00    0.00    0.00    0.00   52.53
10:52:09     all   42.80    0.00    4.71    0.01    0.00    0.00    0.00    0.00    0.00   52.48
10:52:10     all   36.03    0.00    4.58    0.00    0.00    0.00    0.00    0.00    0.00   59.39
10:52:11     all   28.71    0.00    4.36    0.00    0.00    0.00    0.00    0.00    0.00   66.93
10:52:12     all   40.51    0.00    5.18    0.00    0.00    0.01    0.00    0.00    0.00   54.30
10:52:13     all   39.35    0.00    4.91    0.00    0.00    0.00    0.00    0.00    0.00   55.74
10:52:14     all   40.24    0.00    4.80    0.00    0.00    0.00    0.00    0.00    0.00   54.97
10:52:15     all   40.99    0.00    5.06    0.00    0.00    0.00    0.00    0.00    0.00   53.95
10:52:16     all   40.55    0.00    5.15    0.00    0.00    0.00    0.00    0.00    0.00   54.30
10:52:17     all   42.36    0.00    4.28    0.00    0.00    0.03    0.00    0.00    0.00   53.34
10:52:18     all   40.31    0.00    4.82    0.00    0.00    0.01    0.00    0.00    0.00   54.86
10:52:19     all   32.53    0.00    4.14    0.00    0.00    0.00    0.00    0.00    0.00   63.33
10:52:20     all   42.29    0.00    4.13    0.00    0.00    0.00    0.00    0.00    0.00   53.58
10:52:21     all   39.78    0.00    4.62    0.00    0.00    0.00    0.00    0.00    0.00   55.60
10:52:22     all   27.51    0.00    3.69    0.00    0.00    0.00    0.00    0.00    0.00   68.80
10:52:23     all   43.68    0.00    4.27    0.00    0.00    0.03    0.00    0.00    0.00   52.03
10:52:24     all   42.15    0.00    4.19    0.00    0.00    0.00    0.00    0.00    0.00   53.66
10:52:25     all   24.28    0.00    2.95    0.00    0.00    0.01    0.00    0.00    0.00   72.76
10:52:26     all   43.70    0.00    3.95    0.00    0.00    0.00    0.00    0.00    0.00   52.35
10:52:27     all   43.18    0.01    4.10    0.00    0.00    0.00    0.00    0.00    0.00   52.70
10:52:28     all   41.07    0.00    4.23    0.00    0.00    0.00    0.00    0.00    0.00   54.69
10:52:29     all   34.08    0.00    3.87    0.00    0.00    0.00    0.00    0.00    0.00   62.05
10:52:30     all   37.44    0.00    4.08    0.00    0.00    0.01    0.00    0.00    0.00   58.47
10:52:31     all   42.07    0.01    4.37    0.00    0.00    0.00    0.00    0.00    0.00   53.55
10:52:32     all   40.58    0.00    4.53    0.00    0.00    0.00    0.00    0.00    0.00   54.90
10:52:33     all   42.40    0.00    5.16    0.00    0.00    0.01    0.00    0.00    0.00   52.43
10:52:34     all   42.52    0.00    4.58    0.00    0.00    0.00    0.00    0.00    0.00   52.90
10:52:35     all   43.36    0.00    3.88    0.00    0.00    0.01    0.00    0.00    0.00   52.75
10:52:36     all   41.30    0.00    3.60    0.00    0.00    0.00    0.00    0.00    0.00   55.09
10:52:37     all   39.31    0.00    4.81    0.00    0.00    0.00    0.00    0.00    0.00   55.89
10:52:38     all   36.06    0.00    4.48    0.00    0.00    0.00    0.00    0.00    0.00   59.46
10:52:39     all   34.71    0.00    4.19    0.00    0.00    0.00    0.00    0.00    0.00   61.10
10:52:40     all   34.69    0.00    4.27    0.00    0.00    0.00    0.00    0.00    0.00   61.04
10:52:41     all   36.23    0.00    4.19    0.00    0.00    0.00    0.00    0.00    0.00   59.58
10:52:42     all   33.93    0.00    4.25    0.00    0.00    0.03    0.00    0.00    0.00   61.79
10:52:43     all   25.27    0.00    3.51    0.00    0.00    0.00    0.00    0.00    0.00   71.22
10:52:44     all   44.10    0.00    4.07    0.00    0.00    0.00    0.00    0.00    0.00   51.83
10:52:45     all   42.15    0.00    4.45    0.00    0.00    0.01    0.00    0.00    0.00   53.38
10:52:46     all   39.98    0.00    4.14    0.00    0.00    0.00    0.00    0.00    0.00   55.89
10:52:47     all   41.37    0.00    4.89    0.00    0.00    0.00    0.00    0.00    0.00   53.74
10:52:48     all   41.17    0.00    3.88    0.00    0.00    0.00    0.00    0.00    0.00   54.95
10:52:49     all   34.36    0.00    3.73    0.01    0.00    0.00    0.00    0.00    0.00   61.90
10:52:50     all   36.28    0.00    3.63    0.00    0.00    0.00    0.00    0.00    0.00   60.09
10:52:51     all   34.24    0.00    2.16    0.00    0.00    0.00    0.00    0.00    0.00   63.60
10:52:52     all   33.44    0.00    3.05    0.00    0.00    0.01    0.00    0.00    0.00   63.50
10:52:53     all   36.52    0.00    3.59    0.00    0.00    0.00    0.00    0.00    0.00   59.89
10:52:54     all   29.27    0.00    3.34    0.00    0.00    0.00    0.00    0.00    0.00   67.39
10:52:55     all   38.75    0.00    4.40    0.00    0.00    0.00    0.00    0.00    0.00   56.85
10:52:56     all   44.29    0.00    3.93    0.00    0.00    0.00    0.00    0.00    0.00   51.77
10:52:57     all   32.87    0.00    3.68    0.00    0.00    0.00    0.00    0.00    0.00   63.45
10:52:58     all   22.45    0.00    3.63    0.00    0.00    0.00    0.00    0.00    0.00   73.92
10:52:59     all   42.86    0.00    3.60    0.00    0.00    0.01    0.00    0.00    0.00   53.53
10:53:00     all   22.93    0.00    2.33    0.00    0.00    0.00    0.00    0.00    0.00   74.74
10:53:01     all   25.79    0.00    2.42    0.00    0.00    0.00    0.00    0.00    0.00   71.78
10:53:02     all   46.19    0.00    3.10    0.00    0.00    0.00    0.00    0.00    0.00   50.71
10:53:03     all   32.03    0.00    3.05    0.00    0.00    0.03    0.00    0.00    0.00   64.90
10:53:04     all   46.09    0.00    3.37    0.00    0.00    0.00    0.00    0.00    0.00   50.54
10:53:05     all   37.86    0.00    3.85    0.00    0.00    0.01    0.00    0.00    0.00   58.27
10:53:06     all   21.73    0.00    3.29    0.00    0.00    0.00    0.00    0.00    0.00   74.98
10:53:07     all   32.71    0.00    3.10    0.00    0.00    0.00    0.00    0.00    0.00   64.18
10:53:08     all   44.98    0.00    3.48    0.00    0.00    0.00    0.00    0.00    0.00   51.54
10:53:09     all   44.37    0.00    3.91    0.00    0.00    0.01    0.00    0.00    0.00   51.70
10:53:10     all   32.93    0.00    3.87    0.00    0.00    0.00    0.00    0.00    0.00   63.20
10:53:11     all   37.85    0.00    4.32    0.00    0.00    0.00    0.00    0.00    0.00   57.83
10:53:12     all   42.61    0.00    3.83    0.00    0.00    0.01    0.00    0.00    0.00   53.55
10:53:13     all   30.03    0.01    3.85    0.00    0.00    0.00    0.00    0.00    0.00   66.11
10:53:14     all   44.75    0.00    4.25    0.01    0.00    0.01    0.00    0.00    0.00   50.97
10:53:15     all   42.93    0.00    4.96    0.00    0.00    0.01    0.00    0.00    0.00   52.10
10:53:16     all   42.42    0.00    4.63    0.00    0.00    0.01    0.00    0.00    0.00   52.93
10:53:17     all   38.77    0.01    5.03    0.00    0.00    0.00    0.00    0.00    0.00   56.18
10:53:18     all   26.40    0.00    3.96    0.00    0.00    0.00    0.00    0.00    0.00   69.63
10:53:19     all   42.46    0.00    4.05    0.00    0.00    0.00    0.00    0.00    0.00   53.49
10:53:20     all   44.64    0.00    4.67    0.00    0.00    0.03    0.00    0.00    0.00   50.66
10:53:21     all   43.44    0.00    4.75    0.00    0.00    0.00    0.00    0.00    0.00   51.82
10:53:22     all   33.59    0.00    4.80    0.00    0.00    0.00    0.00    0.00    0.00   61.61
10:53:23     all   44.07    0.00    4.69    0.00    0.00    0.00    0.00    0.00    0.00   51.24
10:53:24     all   44.31    0.00    4.89    0.00    0.00    0.00    0.00    0.00    0.00   50.79
10:53:25     all   40.93    0.00    4.82    0.00    0.00    0.00    0.00    0.00    0.00   54.25
10:53:26     all   26.12    0.00    4.00    0.00    0.00    0.00    0.00    0.00    0.00   69.88
10:53:27     all   43.04    0.00    4.44    0.00    0.00    0.00    0.00    0.00    0.00   52.52
10:53:28     all   43.24    0.00    4.27    0.00    0.00    0.01    0.00    0.00    0.00   52.48
10:53:29     all   37.61    0.00    5.17    0.00    0.00    0.00    0.00    0.00    0.00   57.22
10:53:30     all   39.68    0.00    4.96    0.00    0.00    0.00    0.00    0.00    0.00   55.36
10:53:31     all   37.93    0.00    5.01    0.00    0.00    0.01    0.00    0.00    0.00   57.05
10:53:32     all   40.77    0.00    5.40    0.00    0.00    0.00    0.00    0.00    0.00   53.82
10:53:33     all   44.26    0.00    5.18    0.00    0.00    0.00    0.00    0.00    0.00   50.55
10:53:34     all   44.31    0.00    4.64    0.00    0.00    0.00    0.00    0.00    0.00   51.05
10:53:35     all   41.11    0.00    5.10    0.00    0.00    0.00    0.00    0.00    0.00   53.79
10:53:36     all   40.99    0.00    4.94    0.00    0.00    0.03    0.00    0.00    0.00   54.04
10:53:37     all   19.93    0.00    4.29    0.00    0.00    0.00    0.00    0.00    0.00   75.79
10:53:38     all   37.67    0.00    5.12    0.00    0.00    0.00    0.00    0.00    0.00   57.21
10:53:39     all   43.82    0.00    4.33    0.00    0.00    0.01    0.00    0.00    0.00   51.84
10:53:40     all   35.76    0.00    3.70    0.00    0.00    0.00    0.00    0.00    0.00   60.53
10:53:41     all   35.67    0.00    3.97    0.00    0.00    0.00    0.00    0.00    0.00   60.36
10:53:42     all   33.41    0.01    5.16    0.00    0.00    0.00    0.00    0.00    0.00   61.42
10:53:43     all   43.66    0.00    4.82    0.00    0.00    0.01    0.00    0.00    0.00   51.51
10:53:44     all   41.64    0.00    5.43    0.00    0.00    0.01    0.00    0.00    0.00   52.92
10:53:45     all   40.90    0.00    4.57    0.00    0.00    0.00    0.00    0.00    0.00   54.53
10:53:46     all   43.01    0.00    4.56    0.03    0.00    0.00    0.00    0.00    0.00   52.40
10:53:47     all   36.37    0.00    4.79    0.00    0.00    0.00    0.00    0.00    0.00   58.84
10:53:48     all   40.11    0.00    5.11    0.00    0.00    0.00    0.00    0.00    0.00   54.79
10:53:49     all   39.08    0.00    4.19    0.00    0.00    0.00    0.00    0.00    0.00   56.73
10:53:50     all   35.30    0.00    4.36    0.00    0.00    0.00    0.00    0.00    0.00   60.34
10:53:51     all   41.45    0.00    4.92    0.00    0.00    0.01    0.00    0.00    0.00   53.61
10:53:52     all   39.52    0.00    4.77    0.00    0.00    0.00    0.00    0.00    0.00   55.71
10:53:53     all   40.93    0.00    4.64    0.01    0.00    0.00    0.00    0.00    0.00   54.42
10:53:54     all   41.62    0.00    5.50    0.00    0.00    0.01    0.00    0.00    0.00   52.87
10:53:55     all   39.04    0.00    5.45    0.00    0.00    0.01    0.00    0.00    0.00   55.49
10:53:56     all   39.16    0.00    5.37    0.00    0.00    0.00    0.00    0.00    0.00   55.48
10:53:57     all   41.50    0.00    4.75    0.00    0.00    0.00    0.00    0.00    0.00   53.75
10:53:58     all   39.62    0.00    4.17    0.00    0.00    0.03    0.00    0.00    0.00   56.18
10:53:59     all   43.24    0.00    4.90    0.00    0.00    0.00    0.00    0.00    0.00   51.86
10:54:00     all   44.50    0.00    4.44    0.00    0.00    0.00    0.00    0.00    0.00   51.06
10:54:01     all   30.91    0.00    3.82    0.00    0.00    0.00    0.00    0.00    0.00   65.27
10:54:02     all   37.80    0.00    4.86    0.00    0.00    0.01    0.00    0.00    0.00   57.32
10:54:03     all   39.36    0.00    3.31    0.00    0.00    0.01    0.00    0.00    0.00   57.32
10:54:04     all   42.76    0.00    3.95    0.00    0.00    0.00    0.00    0.00    0.00   53.29
10:54:05     all   40.23    0.00    4.07    0.00    0.00    0.00    0.00    0.00    0.00   55.70
10:54:06     all   38.58    0.00    4.50    0.00    0.00    0.00    0.00    0.00    0.00   56.92
10:54:07     all   40.45    0.00    4.13    0.00    0.00    0.00    0.00    0.00    0.00   55.42
10:54:08     all   43.71    0.00    4.08    0.00    0.00    0.00    0.00    0.00    0.00   52.21
10:54:09     all   36.16    0.00    4.04    0.00    0.00    0.00    0.00    0.00    0.00   59.80
10:54:10     all   38.25    0.00    4.92    0.00    0.00    0.01    0.00    0.00    0.00   56.82
10:54:11     all   26.65    0.00    3.53    0.00    0.00    0.01    0.00    0.00    0.00   69.81
10:54:12     all   40.04    0.00    4.52    0.00    0.00    0.01    0.00    0.00    0.00   55.42
10:54:13     all   34.54    0.00    4.16    0.00    0.00    0.00    0.00    0.00    0.00   61.30
10:54:14     all   43.88    0.00    3.79    0.00    0.00    0.00    0.00    0.00    0.00   52.33
10:54:15     all   43.37    0.00    4.15    0.00    0.00    0.00    0.00    0.00    0.00   52.49
10:54:16     all   34.77    0.00    4.15    0.00    0.00    0.00    0.00    0.00    0.00   61.09
10:54:17     all   32.87    0.00    3.97    0.00    0.00    0.00    0.00    0.00    0.00   63.16
10:54:18     all   37.92    0.00    3.98    0.00    0.00    0.00    0.00    0.00    0.00   58.10
10:54:19     all   40.49    0.00    3.72    0.00    0.00    0.00    0.00    0.00    0.00   55.79
10:54:20     all   40.38    0.00    3.58    0.00    0.00    0.00    0.00    0.00    0.00   56.05
10:54:21     all   41.45    0.00    3.10    0.00    0.00    0.00    0.00    0.00    0.00   55.44
10:54:22     all   37.95    0.00    4.44    0.00    0.00    0.01    0.00    0.00    0.00   57.60
10:54:23     all   38.93    0.00    3.84    0.00    0.00    0.00    0.00    0.00    0.00   57.22
10:54:24     all   34.71    0.00    3.10    0.00    0.00    0.00    0.00    0.00    0.00   62.20
10:54:25     all   44.80    0.00    4.33    0.00    0.00    0.00    0.00    0.00    0.00   50.87
10:54:26     all   22.53    0.00    3.31    0.00    0.00    0.00    0.00    0.00    0.00   74.16
10:54:27     all   45.39    0.00    3.48    0.00    0.00    0.00    0.00    0.00    0.00   51.13
10:54:28     all   45.83    0.00    4.19    0.00    0.00    0.00    0.00    0.00    0.00   49.99
10:54:29     all   31.42    0.01    3.54    0.00    0.00    0.00    0.00    0.00    0.00   65.03
10:54:30     all   43.43    0.00    3.96    0.00    0.00    0.00    0.00    0.00    0.00   52.61
10:54:31     all   36.22    0.00    4.88    0.00    0.00    0.01    0.00    0.00    0.00   58.89
10:54:32     all   36.07    0.00    3.12    0.00    0.00    0.01    0.00    0.00    0.00   60.79
10:54:33     all   33.16    0.00    3.55    0.00    0.00    0.00    0.00    0.00    0.00   63.28
10:54:34     all   34.86    0.00    3.58    0.00    0.00    0.00    0.00    0.00    0.00   61.57
10:54:35     all   43.58    0.00    3.34    0.00    0.00    0.00    0.00    0.00    0.00   53.08
10:54:36     all   38.99    0.00    3.13    0.00    0.00    0.00    0.00    0.00    0.00   57.87
10:54:37     all   39.93    0.00    4.27    0.00    0.00    0.00    0.00    0.00    0.00   55.80
10:54:38     all   32.63    0.00    4.39    0.00    0.00    0.01    0.00    0.00    0.00   62.97
10:54:39     all   37.91    0.00    4.20    0.00    0.00    0.00    0.00    0.00    0.00   57.89
10:54:40     all   39.44    0.00    5.12    0.00    0.00    0.00    0.00    0.00    0.00   55.44
10:54:41     all   41.91    0.00    4.48    0.00    0.00    0.00    0.00    0.00    0.00   53.61
10:54:42     all   38.92    0.00    4.40    0.00    0.00    0.01    0.00    0.00    0.00   56.66
10:54:43     all   43.32    0.00    3.79    0.00    0.00    0.01    0.00    0.00    0.00   52.88
10:54:44     all   43.26    0.00    5.30    0.00    0.00    0.00    0.00    0.00    0.00   51.43
10:54:45     all   43.44    0.00    5.07    0.00    0.00    0.00    0.00    0.00    0.00   51.49
10:54:46     all   36.51    0.00    4.41    0.00    0.00    0.00    0.00    0.00    0.00   59.08
10:54:47     all   44.00    0.00    4.47    0.00    0.00    0.01    0.00    0.00    0.00   51.52
10:54:48     all   31.06    0.00    3.41    0.00    0.00    0.00    0.00    0.00    0.00   65.53
10:54:49     all   35.57    0.00    3.70    0.00    0.00    0.00    0.00    0.00    0.00   60.73
10:54:50     all   43.69    0.00    4.64    0.00    0.00    0.00    0.00    0.00    0.00   51.67
10:54:51     all   40.56    0.00    3.84    0.00    0.00    0.00    0.00    0.00    0.00   55.60
10:54:52     all   32.55    0.00    3.58    0.00    0.00    0.00    0.00    0.00    0.00   63.86
10:54:53     all   33.61    0.00    3.57    0.00    0.00    0.01    0.00    0.00    0.00   62.80
10:54:54     all   45.10    0.00    3.17    0.00    0.00    0.01    0.00    0.00    0.00   51.71
10:54:55     all   21.79    0.00    1.84    0.00    0.00    0.00    0.00    0.00    0.00   76.37
10:54:56     all   46.19    0.00    3.03    0.00    0.00    0.00    0.00    0.00    0.00   50.78
10:54:57     all   31.22    0.00    3.21    0.00    0.00    0.01    0.00    0.00    0.00   65.55
10:54:58     all   45.06    0.00    3.73    0.00    0.00    0.00    0.00    0.00    0.00   51.20
10:54:59     all   31.10    0.00    3.65    0.00    0.00    0.00    0.00    0.00    0.00   65.25
10:55:00     all   45.79    0.00    3.11    0.00    0.00    0.01    0.00    0.00    0.00   51.09
10:55:01     all   39.61    0.00    4.67    0.00    0.00    0.00    0.00    0.00    0.00   55.72
10:55:02     all   46.47    0.00    4.94    0.00    0.00    0.00    0.00    0.00    0.00   48.59
10:55:03     all   38.43    0.00    4.41    0.00    0.00    0.00    0.00    0.00    0.00   57.16
10:55:04     all   37.65    0.00    3.54    0.00    0.00    0.00    0.00    0.00    0.00   58.81
10:55:05     all   41.26    0.00    3.30    0.00    0.00    0.01    0.00    0.00    0.00   55.43
10:55:06     all   38.23    0.00    3.22    0.00    0.00    0.01    0.00    0.00    0.00   58.54
10:55:07     all   40.82    0.00    3.46    0.00    0.00    0.00    0.00    0.00    0.00   55.72
10:55:08     all   39.66    0.00    3.60    0.00    0.00    0.01    0.00    0.00    0.00   56.73
10:55:09     all   41.42    0.00    3.56    0.00    0.00    0.00    0.00    0.00    0.00   55.02
10:55:10     all   41.80    0.00    4.08    0.00    0.00    0.00    0.00    0.00    0.00   54.12
10:55:11     all   30.23    0.00    3.14    0.00    0.00    0.00    0.00    0.00    0.00   66.63
10:55:12     all   31.97    0.00    3.13    0.00    0.00    0.00    0.00    0.00    0.00   64.91
10:55:13     all   31.52    0.00    3.44    0.00    0.00    0.00    0.00    0.00    0.00   65.05
10:55:14     all   46.42    0.01    2.96    0.00    0.00    0.00    0.00    0.00    0.00   50.60
10:55:15     all   29.32    0.00    3.15    0.00    0.00    0.00    0.00    0.00    0.00   67.54
10:55:16     all   38.56    0.00    2.74    0.00    0.00    0.00    0.00    0.00    0.00   58.70
10:55:17     all   29.29    0.03    2.55    0.00    0.00    0.00    0.00    0.00    0.00   68.13
10:55:18     all   38.39    0.00    2.48    0.00    0.00    0.00    0.00    0.00    0.00   59.14
10:55:19     all   35.84    0.00    2.90    0.00    0.00    0.01    0.00    0.00    0.00   61.24
10:55:20     all   33.17    0.00    3.01    0.00    0.00    0.00    0.00    0.00    0.00   63.82
10:55:21     all   34.10    0.00    2.53    0.00    0.00    0.00    0.00    0.00    0.00   63.37
10:55:22     all   36.17    0.00    3.26    0.00    0.00    0.00    0.00    0.00    0.00   60.57
10:55:23     all   36.67    0.00    2.43    0.00    0.00    0.00    0.00    0.00    0.00   60.90
10:55:24     all   42.82    0.00    3.76    0.00    0.00    0.01    0.00    0.00    0.00   53.41
10:55:25     all   39.94    0.01    4.55    0.00    0.00    0.00    0.00    0.00    0.00   55.49
10:55:26     all   33.87    0.00    3.53    0.00    0.00    0.01    0.00    0.00    0.00   62.58
10:55:27     all   37.68    0.00    3.23    0.00    0.00    0.00    0.00    0.00    0.00   59.08
10:55:28     all   36.98    0.00    3.27    0.00    0.00    0.00    0.00    0.00    0.00   59.76
10:55:29     all   42.14    0.00    3.72    0.00    0.00    0.00    0.00    0.00    0.00   54.13
10:55:30     all   29.81    0.00    3.29    0.00    0.00    0.00    0.00    0.00    0.00   66.90
10:55:31     all   45.22    0.00    3.33    0.00    0.00    0.01    0.00    0.00    0.00   51.43
10:55:32     all   39.99    0.00    3.34    0.00    0.00    0.00    0.00    0.00    0.00   56.67
10:55:33     all   33.34    0.00    2.63    0.00    0.00    0.00    0.00    0.00    0.00   64.03
10:55:34     all   40.23    0.00    2.95    0.00    0.00    0.01    0.00    0.00    0.00   56.80
10:55:35     all   38.55    0.00    3.22    0.00    0.00    0.00    0.00    0.00    0.00   58.23
10:55:36     all   36.29    0.00    2.64    0.00    0.00    0.00    0.00    0.00    0.00   61.07
10:55:37     all   27.48    0.00    2.28    0.00    0.00    0.00    0.00    0.00    0.00   70.23
10:55:38     all   42.04    0.00    2.71    0.00    0.00    0.03    0.00    0.00    0.00   55.22
10:55:39     all   22.59    0.00    2.00    0.00    0.00    0.00    0.00    0.00    0.00   75.41
10:55:40     all   46.42    0.00    3.25    0.00    0.00    0.00    0.00    0.00    0.00   50.33
10:55:41     all   24.09    0.00    2.70    0.00    0.00    0.00    0.00    0.00    0.00   73.21
10:55:42     all   34.80    0.00    2.46    0.00    0.00    0.03    0.00    0.00    0.00   62.71
10:55:43     all   31.16    0.00    2.34    0.00    0.00    0.00    0.00    0.00    0.00   66.50
10:55:44     all   37.19    0.00    2.46    0.00    0.00    0.00    0.00    0.00    0.00   60.35
10:55:45     all   37.37    0.00    2.87    0.00    0.00    0.00    0.00    0.00    0.00   59.76
10:55:46     all   38.42    0.00    2.62    0.00    0.00    0.00    0.00    0.00    0.00   58.97
10:55:47     all   40.65    0.00    3.41    0.00    0.00    0.01    0.00    0.00    0.00   55.93
10:55:48     all   34.01    0.00    2.42    0.00    0.00    0.00    0.00    0.00    0.00   63.57
10:55:49     all   35.89    0.00    3.01    0.00    0.00    0.00    0.00    0.00    0.00   61.09
10:55:50     all   40.69    0.00    3.32    0.00    0.00    0.00    0.00    0.00    0.00   55.98
10:55:51     all   40.25    0.00    3.81    0.00    0.00    0.00    0.00    0.00    0.00   55.94
10:55:52     all   34.66    0.00    3.75    0.00    0.00    0.00    0.00    0.00    0.00   61.60
10:55:53     all   28.16    0.00    3.08    0.00    0.00    0.01    0.00    0.00    0.00   68.75
10:55:54     all   46.84    0.00    3.09    0.00    0.00    0.00    0.00    0.00    0.00   50.07
10:55:55     all   27.31    0.00    2.54    0.00    0.00    0.00    0.00    0.00    0.00   70.14
10:55:56     all   36.04    0.01    3.21    0.00    0.00    0.01    0.00    0.00    0.00   60.73
10:55:57     all   32.55    0.00    2.79    0.00    0.00    0.00    0.00    0.00    0.00   64.66
10:55:58     all   35.57    0.00    2.77    0.00    0.00    0.00    0.00    0.00    0.00   61.66
10:55:59     all   46.64    0.00    3.16    0.00    0.00    0.01    0.00    0.00    0.00   50.19
10:56:00     all   28.52    0.00    2.60    0.00    0.00    0.00    0.00    0.00    0.00   68.87
10:56:01     all   36.52    0.00    2.66    0.00    0.00    0.00    0.00    0.00    0.00   60.82
10:56:02     all   41.47    0.00    3.35    0.00    0.00    0.01    0.00    0.00    0.00   55.17
10:56:03     all   34.38    0.00    2.66    0.00    0.00    0.00    0.00    0.00    0.00   62.96
10:56:04     all   34.68    0.00    2.57    0.00    0.00    0.00    0.00    0.00    0.00   62.74
10:56:05     all   11.87    0.00    2.01    0.01    0.00    0.00    0.00    0.00    0.00   86.10
10:56:06     all   36.51    0.00    2.56    0.00    0.00    0.01    0.00    0.00    0.00   60.92
10:56:07     all   36.50    0.00    2.32    0.00    0.00    0.00    0.00    0.00    0.00   61.18
10:56:08     all   35.87    0.00    2.53    0.00    0.00    0.00    0.00    0.00    0.00   61.60
10:56:09     all   29.71    0.00    1.88    0.00    0.00    0.00    0.00    0.00    0.00   68.41
10:56:10     all   40.22    0.00    2.00    0.00    0.00    0.00    0.00    0.00    0.00   57.78
10:56:11     all   36.73    0.01    2.31    0.00    0.00    0.01    0.00    0.00    0.00   60.93
10:56:12     all   34.83    0.00    2.88    0.00    0.00    0.00    0.00    0.00    0.00   62.29
10:56:13     all   38.77    0.00    2.75    0.00    0.00    0.00    0.00    0.00    0.00   58.48
10:56:14     all   40.08    0.00    2.98    0.01    0.00    0.00    0.00    0.00    0.00   56.93
10:56:15     all   27.33    0.00    2.15    0.00    0.00    0.01    0.00    0.00    0.00   70.50
10:56:16     all   29.41    0.00    2.74    0.00    0.00    0.00    0.00    0.00    0.00   67.85
10:56:17     all   43.87    0.00    3.45    0.00    0.00    0.00    0.00    0.00    0.00   52.68
10:56:18     all   41.06    0.00    3.35    0.00    0.00    0.00    0.00    0.00    0.00   55.59
10:56:19     all   35.50    0.00    2.67    0.00    0.00    0.00    0.00    0.00    0.00   61.83
10:56:20     all   26.11    0.00    2.63    0.00    0.00    0.00    0.00    0.00    0.00   71.25
10:56:21     all   27.17    0.00    3.22    0.00    0.00    0.00    0.00    0.00    0.00   69.62
10:56:22     all   36.59    0.00    2.98    0.00    0.00    0.00    0.00    0.00    0.00   60.43
10:56:23     all   40.64    0.00    3.87    0.01    0.00    0.03    0.00    0.00    0.00   55.45
10:56:24     all   42.94    0.00    3.65    0.00    0.00    0.00    0.00    0.00    0.00   53.42
10:56:25     all   37.00    0.00    3.68    0.00    0.00    0.00    0.00    0.00    0.00   59.33
10:56:26     all   30.62    0.00    2.99    0.00    0.00    0.03    0.00    0.00    0.00   66.36
10:56:27     all   32.28    0.00    2.60    0.00    0.00    0.00    0.00    0.00    0.00   65.12
10:56:28     all   46.91    0.00    2.80    0.00    0.00    0.00    0.00    0.00    0.00   50.29
10:56:29     all   38.25    0.00    2.99    0.00    0.00    0.00    0.00    0.00    0.00   58.75
10:56:30     all   41.07    0.00    2.48    0.00    0.00    0.00    0.00    0.00    0.00   56.45
10:56:31     all   40.27    0.00    3.12    0.00    0.00    0.03    0.00    0.00    0.00   56.58
10:56:32     all   23.21    0.00    2.11    0.00    0.00    0.00    0.00    0.00    0.00   74.68
10:56:33     all   47.56    0.00    2.23    0.00    0.00    0.00    0.00    0.00    0.00   50.21
10:56:34     all   37.59    0.00    2.06    0.00    0.00    0.00    0.00    0.00    0.00   60.35
10:56:35     all   37.02    0.00    2.80    0.00    0.00    0.00    0.00    0.00    0.00   60.19
10:56:36     all   40.31    0.00    2.91    0.00    0.00    0.00    0.00    0.00    0.00   56.78
10:56:37     all   35.80    0.00    2.67    0.00    0.00    0.01    0.00    0.00    0.00   61.52
10:56:38     all   30.67    0.00    3.09    0.00    0.00    0.00    0.00    0.00    0.00   66.24
10:56:39     all   44.31    0.00    2.69    0.00    0.00    0.00    0.00    0.00    0.00   53.00
10:56:40     all   42.04    0.00    2.84    0.00    0.00    0.01    0.00    0.00    0.00   55.10
10:56:41     all   31.72    0.00    2.63    0.00    0.00    0.00    0.00    0.00    0.00   65.65
10:56:42     all   38.68    0.00    2.71    0.00    0.00    0.00    0.00    0.00    0.00   58.61
10:56:43     all   39.11    0.00    2.66    0.00    0.00    0.00    0.00    0.00    0.00   58.22
10:56:44     all   40.60    0.00    3.20    0.00    0.00    0.00    0.00    0.00    0.00   56.20
10:56:45     all   28.74    0.00    2.60    0.00    0.00    0.00    0.00    0.00    0.00   68.66
10:56:46     all   43.99    0.00    3.03    0.00    0.00    0.01    0.00    0.00    0.00   52.96
10:56:47     all   32.49    0.00    3.37    0.00    0.00    0.00    0.00    0.00    0.00   64.14
10:56:48     all   33.52    0.00    2.45    0.00    0.00    0.00    0.00    0.00    0.00   64.02
10:56:49     all   33.62    0.00    2.82    0.00    0.00    0.01    0.00    0.00    0.00   63.54
10:56:50     all   43.71    0.00    2.79    0.00    0.00    0.00    0.00    0.00    0.00   53.50
10:56:51     all   27.96    0.00    2.85    0.00    0.00    0.00    0.00    0.00    0.00   69.20
10:56:52     all   45.69    0.00    3.44    0.00    0.00    0.00    0.00    0.00    0.00   50.87
10:56:53     all   29.01    0.00    3.63    0.00    0.00    0.00    0.00    0.00    0.00   67.36
10:56:54     all   39.90    0.00    4.73    0.01    0.00    0.01    0.00    0.00    0.00   55.34
10:56:55     all   34.88    0.00    4.36    0.00    0.00    0.00    0.00    0.00    0.00   60.76
10:56:56     all   21.17    0.00    2.78    0.00    0.00    0.00    0.00    0.00    0.00   76.05
10:56:57     all   28.44    0.00    3.02    0.00    0.00    0.00    0.00    0.00    0.00   68.55
10:56:58     all   30.31    0.00    3.46    0.00    0.00    0.01    0.00    0.00    0.00   66.22
10:56:59     all   38.28    0.00    3.41    0.00    0.00    0.00    0.00    0.00    0.00   58.31
10:57:00     all   21.68    0.00    3.48    0.00    0.00    0.00    0.00    0.00    0.00   74.84
10:57:01     all   15.38    0.00    3.43    0.00    0.00    0.00    0.00    0.00    0.00   81.18
10:57:02     all   40.61    0.00    3.69    0.00    0.00    0.00    0.00    0.00    0.00   55.70
10:57:03     all   40.13    0.00    3.16    0.00    0.00    0.01    0.00    0.00    0.00   56.70
10:57:04     all   29.21    0.00    2.38    0.00    0.00    0.00    0.00    0.00    0.00   68.41
10:57:05     all   21.10    0.00    2.32    0.00    0.00    0.00    0.00    0.00    0.00   76.58
10:57:06     all   44.99    0.00    2.94    0.00    0.00    0.01    0.00    0.00    0.00   52.07
10:57:07     all   31.03    0.00    2.91    0.00    0.00    0.00    0.00    0.00    0.00   66.06
10:57:08     all   26.16    0.00    2.93    0.00    0.00    0.00    0.00    0.00    0.00   70.91
10:57:09     all   21.61    0.00    2.57    0.00    0.00    0.00    0.00    0.00    0.00   75.82
10:57:10     all   42.55    0.00    2.66    0.00    0.00    0.00    0.00    0.00    0.00   54.79
10:57:11     all   32.47    0.00    2.98    0.00    0.00    0.00    0.00    0.00    0.00   64.55
10:57:12     all   38.32    0.00    2.77    0.00    0.00    0.00    0.00    0.00    0.00   58.92
10:57:13     all   22.76    0.00    2.95    0.00    0.00    0.00    0.00    0.00    0.00   74.29
10:57:14     all   34.81    0.00    2.06    0.00    0.00    0.01    0.00    0.00    0.00   63.12
10:57:15     all   34.02    0.00    1.93    0.00    0.00    0.00    0.00    0.00    0.00   64.05
10:57:16     all   40.99    0.00    2.09    0.00    0.00    0.00    0.00    0.00    0.00   56.92
10:57:17     all   33.46    0.00    2.14    0.00    0.00    0.00    0.00    0.00    0.00   64.39
10:57:18     all   29.14    0.00    2.52    0.00    0.00    0.00    0.00    0.00    0.00   68.35
10:57:19     all   40.02    0.00    2.98    0.00    0.00    0.00    0.00    0.00    0.00   57.01
10:57:20     all   20.05    0.00    2.76    0.00    0.00    0.00    0.00    0.00    0.00   77.20
10:57:21     all   47.27    0.00    2.47    0.00    0.00    0.01    0.00    0.00    0.00   50.25
10:57:22     all   31.80    0.00    2.02    0.00    0.00    0.00    0.00    0.00    0.00   66.18
10:57:23     all   39.91    0.00    2.40    0.00    0.00    0.00    0.00    0.00    0.00   57.69
10:57:24     all   31.62    0.00    2.38    0.00    0.00    0.00    0.00    0.00    0.00   66.01
10:57:25     all   31.46    0.00    2.38    0.00    0.00    0.00    0.00    0.00    0.00   66.16
10:57:26     all   32.99    0.00    1.78    0.00    0.00    0.00    0.00    0.00    0.00   65.23
10:57:27     all   40.50    0.00    1.42    0.00    0.00    0.01    0.00    0.00    0.00   58.07
10:57:28     all   28.35    0.00    1.42    0.00    0.00    0.00    0.00    0.00    0.00   70.23
10:57:29     all   32.04    0.00    1.69    0.00    0.00    0.00    0.00    0.00    0.00   66.26
10:57:30     all   33.27    0.00    2.03    0.00    0.00    0.00    0.00    0.00    0.00   64.70
10:57:31     all   37.23    0.00    1.47    0.00    0.00    0.00    0.00    0.00    0.00   61.29
10:57:32     all   28.15    0.00    1.52    0.00    0.00    0.00    0.00    0.00    0.00   70.34
10:57:33     all   34.25    0.00    1.89    0.00    0.00    0.00    0.00    0.00    0.00   63.86
10:57:34     all   32.54    0.00    1.57    0.00    0.00    0.00    0.00    0.00    0.00   65.89
10:57:35     all   30.75    0.00    1.49    0.00    0.00    0.00    0.00    0.00    0.00   67.76
10:57:36     all   38.01    0.00    1.90    0.00    0.00    0.00    0.00    0.00    0.00   60.08
10:57:37     all   33.58    0.00    2.00    0.00    0.00    0.00    0.00    0.00    0.00   64.41
10:57:38     all   39.44    0.00    1.75    0.00    0.00    0.01    0.00    0.00    0.00   58.80
10:57:39     all   29.84    0.00    1.31    0.00    0.00    0.01    0.00    0.00    0.00   68.84
10:57:40     all   35.16    0.00    1.67    0.00    0.00    0.00    0.00    0.00    0.00   63.17
10:57:41     all   28.77    0.00    1.17    0.00    0.00    0.01    0.00    0.00    0.00   70.05
10:57:42     all   46.79    0.00    1.61    0.00    0.00    0.01    0.00    0.00    0.00   51.58
10:57:43     all   24.23    0.00    1.52    0.00    0.00    0.01    0.00    0.00    0.00   74.24
10:57:44     all   47.73    0.01    1.97    0.00    0.00    0.00    0.00    0.00    0.00   50.28
10:57:45     all   19.84    0.00    1.20    0.00    0.00    0.00    0.00    0.00    0.00   78.96
10:57:46     all   42.36    0.00    1.49    0.00    0.00    0.00    0.00    0.00    0.00   56.16
10:57:47     all   18.08    0.00    1.52    0.00    0.00    0.01    0.00    0.00    0.00   80.39
10:57:48     all   32.32    0.00    2.27    0.00    0.00    0.00    0.00    0.00    0.00   65.42
10:57:49     all   33.15    0.00    1.66    0.00    0.00    0.00    0.00    0.00    0.00   65.19
10:57:50     all   29.39    0.00    1.20    0.00    0.00    0.00    0.00    0.00    0.00   69.41
10:57:51     all   36.97    0.00    1.81    0.00    0.00    0.00    0.00    0.00    0.00   61.22
10:57:52     all   33.84    0.00    1.56    0.00    0.00    0.00    0.00    0.00    0.00   64.60
10:57:53     all   37.48    0.00    2.08    0.00    0.00    0.01    0.00    0.00    0.00   60.42
10:57:54     all   31.35    0.00    1.80    0.00    0.00    0.00    0.00    0.00    0.00   66.85
10:57:55     all   34.96    0.00    1.89    0.00    0.00    0.00    0.00    0.00    0.00   63.15
10:57:56     all   33.94    0.00    1.85    0.00    0.00    0.01    0.00    0.00    0.00   64.20
10:57:57     all   37.45    0.00    1.72    0.00    0.00    0.00    0.00    0.00    0.00   60.82
10:57:58     all   41.30    0.00    2.89    0.00    0.00    0.00    0.00    0.00    0.00   55.81
10:57:59     all   30.14    0.00    2.03    0.00    0.00    0.00    0.00    0.00    0.00   67.83
10:58:00     all   40.46    0.00    2.26    0.00    0.00    0.00    0.00    0.00    0.00   57.28
10:58:01     all   32.61    0.00    1.79    0.01    0.00    0.00    0.00    0.00    0.00   65.58
10:58:02     all   32.28    0.00    1.99    0.00    0.00    0.00    0.00    0.00    0.00   65.73
10:58:03     all   39.32    0.00    2.74    0.00    0.00    0.00    0.00    0.00    0.00   57.94
10:58:04     all   34.53    0.00    2.92    0.00    0.00    0.00    0.00    0.00    0.00   62.55
10:58:05     all   32.78    0.00    3.03    0.00    0.00    0.00    0.00    0.00    0.00   64.19
10:58:06     all   36.28    0.00    2.30    0.00    0.00    0.00    0.00    0.00    0.00   61.42
10:58:07     all   33.32    0.00    2.10    0.00    0.00    0.01    0.00    0.00    0.00   64.56
10:58:08     all   39.66    0.00    1.85    0.00    0.00    0.00    0.00    0.00    0.00   58.49
10:58:09     all   32.21    0.00    2.29    0.00    0.00    0.00    0.00    0.00    0.00   65.50
10:58:10     all   29.62    0.00    2.06    0.00    0.00    0.01    0.00    0.00    0.00   68.30
10:58:11     all   18.54    0.01    1.91    0.00    0.00    0.00    0.00    0.00    0.00   79.53
10:58:12     all   41.22    0.00    1.25    0.00    0.00    0.03    0.00    0.00    0.00   57.50
10:58:13     all   28.08    0.00    1.49    0.00    0.00    0.00    0.00    0.00    0.00   70.43
10:58:14     all   33.58    0.01    2.36    0.00    0.00    0.00    0.00    0.00    0.00   64.04
10:58:15     all   27.40    0.00    2.46    0.00    0.00    0.01    0.00    0.00    0.00   70.13
10:58:16     all   33.97    0.00    1.73    0.00    0.00    0.01    0.00    0.00    0.00   64.29
10:58:17     all   33.74    0.00    1.69    0.00    0.00    0.00    0.00    0.00    0.00   64.56
10:58:18     all   36.85    0.00    1.61    0.00    0.00    0.00    0.00    0.00    0.00   61.54
10:58:19     all   27.62    0.00    1.92    0.00    0.00    0.01    0.00    0.00    0.00   70.45
10:58:20     all   44.11    0.00    2.75    0.00    0.00    0.01    0.00    0.00    0.00   53.12
10:58:21     all   22.35    0.00    2.07    0.00    0.00    0.00    0.00    0.00    0.00   75.58
10:58:22     all   32.41    0.00    1.67    0.00    0.00    0.00    0.00    0.00    0.00   65.93
10:58:23     all   27.92    0.00    1.59    0.00    0.00    0.00    0.00    0.00    0.00   70.50
10:58:24     all   37.39    0.00    1.51    0.00    0.00    0.01    0.00    0.00    0.00   61.08
10:58:25     all   36.67    0.00    1.99    0.00    0.00    0.03    0.00    0.00    0.00   61.31
10:58:26     all   33.03    0.00    1.80    0.00    0.00    0.00    0.00    0.00    0.00   65.18
10:58:27     all   22.78    0.00    1.32    0.00    0.00    0.00    0.00    0.00    0.00   75.89
10:58:28     all   43.09    0.00    1.28    0.00    0.00    0.00    0.00    0.00    0.00   55.63
10:58:29     all   23.53    0.00    1.00    0.00    0.00    0.00    0.00    0.00    0.00   75.47
10:58:30     all   35.94    0.00    1.68    0.00    0.00    0.00    0.00    0.00    0.00   62.38
10:58:31     all   31.64    0.00    1.90    0.00    0.00    0.00    0.00    0.00    0.00   66.45
10:58:32     all   28.44    0.00    1.40    0.00    0.00    0.00    0.00    0.00    0.00   70.16
10:58:33     all   34.22    0.00    0.99    0.00    0.00    0.00    0.00    0.00    0.00   64.79
10:58:34     all   30.04    0.00    1.07    0.00    0.00    0.01    0.00    0.00    0.00   68.88
10:58:35     all   28.60    0.00    0.96    0.00    0.00    0.01    0.00    0.00    0.00   70.43
10:58:36     all   47.21    0.01    1.94    0.00    0.00    0.00    0.00    0.00    0.00   50.83
10:58:37     all   35.34    0.00    1.57    0.00    0.00    0.00    0.00    0.00    0.00   63.09
10:58:38     all   30.92    0.00    1.18    0.00    0.00    0.00    0.00    0.00    0.00   67.90
10:58:39     all   27.75    0.00    1.63    0.00    0.00    0.00    0.00    0.00    0.00   70.63
10:58:40     all   31.52    0.00    2.06    0.00    0.00    0.00    0.00    0.00    0.00   66.42
10:58:41     all   30.96    0.00    1.25    0.00    0.00    0.01    0.00    0.00    0.00   67.78
10:58:42     all   40.72    0.00    1.76    0.00    0.00    0.00    0.00    0.00    0.00   57.53
10:58:43     all   30.62    0.00    1.74    0.00    0.00    0.00    0.00    0.00    0.00   67.64
10:58:44     all   44.54    0.00    2.30    0.00    0.00    0.00    0.00    0.00    0.00   53.16
10:58:45     all   16.83    0.00    1.58    0.00    0.00    0.00    0.00    0.00    0.00   81.59
10:58:46     all   48.24    0.00    2.17    0.00    0.00    0.01    0.00    0.00    0.00   49.58
10:58:47     all   28.09    0.00    1.31    0.00    0.00    0.00    0.00    0.00    0.00   70.61
10:58:48     all   37.43    0.00    1.72    0.00    0.00    0.00    0.00    0.00    0.00   60.85
10:58:49     all   26.79    0.00    1.54    0.00    0.00    0.00    0.00    0.00    0.00   71.67
10:58:50     all   30.29    0.00    1.63    0.00    0.00    0.00    0.00    0.00    0.00   68.08
10:58:51     all   46.59    0.00    1.61    0.00    0.00    0.00    0.00    0.00    0.00   51.80
10:58:52     all   26.57    0.00    1.71    0.00    0.00    0.00    0.00    0.00    0.00   71.71
10:58:53     all   40.18    0.00    2.20    0.00    0.00    0.01    0.00    0.00    0.00   57.61
10:58:54     all   30.84    0.00    2.16    0.00    0.00    0.01    0.00    0.00    0.00   66.99
10:58:55     all   27.93    0.00    1.59    0.00    0.00    0.00    0.00    0.00    0.00   70.49
10:58:56     all   46.92    0.00    1.83    0.00    0.00    0.00    0.00    0.00    0.00   51.25
10:58:57     all   29.14    0.00    2.04    0.00    0.00    0.00    0.00    0.00    0.00   68.82
10:58:58     all   30.89    0.00    1.99    0.00    0.00    0.01    0.00    0.00    0.00   67.10
10:58:59     all   34.44    0.00    1.46    0.00    0.00    0.00    0.00    0.00    0.00   64.10
10:59:00     all   32.53    0.00    1.31    0.00    0.00    0.00    0.00    0.00    0.00   66.16
10:59:01     all   40.11    0.00    2.23    0.00    0.00    0.00    0.00    0.00    0.00   57.65
10:59:02     all   37.10    0.01    3.23    0.00    0.00    0.00    0.00    0.00    0.00   59.66
10:59:03     all   31.75    0.00    2.11    0.00    0.00    0.00    0.00    0.00    0.00   66.14
10:59:04     all   19.62    0.00    2.22    0.00    0.00    0.00    0.00    0.00    0.00   78.16
10:59:05     all   28.56    0.00    2.52    0.00    0.00    0.00    0.00    0.00    0.00   68.92
10:59:06     all   23.79    0.00    1.59    0.00    0.00    0.01    0.00    0.00    0.00   74.61
10:59:07     all   42.99    0.00    2.20    0.00    0.00    0.00    0.00    0.00    0.00   54.81
10:59:08     all   35.76    0.00    1.50    0.00    0.00    0.00    0.00    0.00    0.00   62.73
10:59:09     all   31.86    0.00    1.49    0.00    0.00    0.00    0.00    0.00    0.00   66.65
10:59:10     all   32.82    0.00    1.70    0.00    0.00    0.03    0.00    0.00    0.00   65.45
10:59:11     all   36.34    0.00    2.07    0.00    0.00    0.00    0.00    0.00    0.00   61.59
10:59:12     all   32.26    0.00    2.24    0.00    0.00    0.00    0.00    0.00    0.00   65.50
10:59:13     all   34.58    0.01    1.28    0.00    0.00    0.00    0.00    0.00    0.00   64.12
10:59:14     all   29.96    0.00    1.49    0.00    0.00    0.01    0.00    0.00    0.00   68.53
10:59:15     all   30.36    0.00    2.17    0.00    0.00    0.01    0.00    0.00    0.00   67.46
10:59:16     all   30.19    0.00    2.10    0.00    0.00    0.00    0.00    0.00    0.00   67.71
10:59:17     all   29.55    0.01    1.51    0.00    0.00    0.00    0.00    0.00    0.00   68.93
10:59:18     all   42.18    0.00    1.99    0.00    0.00    0.01    0.00    0.00    0.00   55.82
10:59:19     all   33.38    0.00    2.57    0.00    0.00    0.01    0.00    0.00    0.00   64.03
10:59:20     all   39.65    0.00    2.16    0.00    0.00    0.00    0.00    0.00    0.00   58.19
10:59:21     all   34.33    0.00    2.32    0.00    0.00    0.00    0.00    0.00    0.00   63.35
10:59:22     all   31.64    0.00    2.60    0.01    0.00    0.00    0.00    0.00    0.00   65.74
10:59:23     all   36.41    0.00    2.49    0.00    0.00    0.00    0.00    0.00    0.00   61.10
10:59:24     all   36.15    0.00    2.25    0.00    0.00    0.00    0.00    0.00    0.00   61.59
10:59:25     all   36.11    0.00    2.30    0.00    0.00    0.00    0.00    0.00    0.00   61.59
10:59:26     all   46.65    0.00    2.78    0.00    0.00    0.00    0.00    0.00    0.00   50.57
10:59:27     all   31.87    0.00    2.53    0.00    0.00    0.01    0.00    0.00    0.00   65.59
10:59:28     all   47.16    0.00    3.08    0.00    0.00    0.01    0.00    0.00    0.00   49.75
10:59:29     all   36.62    0.00    2.42    0.00    0.00    0.00    0.00    0.00    0.00   60.96
10:59:30     all   46.23    0.00    3.56    0.00    0.00    0.00    0.00    0.00    0.00   50.21
10:59:31     all   39.77    0.00    2.74    0.00    0.00    0.00    0.00    0.00    0.00   57.49
10:59:32     all   36.38    0.00    2.60    0.00    0.00    0.00    0.00    0.00    0.00   61.03
10:59:33     all   36.28    0.00    2.98    0.00    0.00    0.01    0.00    0.00    0.00   60.73
10:59:34     all   41.16    0.00    3.28    0.00    0.00    0.00    0.00    0.00    0.00   55.56
10:59:35     all   39.82    0.00    2.47    0.00    0.00    0.00    0.00    0.00    0.00   57.72
10:59:36     all   35.34    0.00    2.54    0.00    0.00    0.01    0.00    0.00    0.00   62.11
10:59:37     all   30.74    0.00    2.64    0.00    0.00    0.00    0.00    0.00    0.00   66.61
10:59:38     all   44.54    0.00    3.18    0.00    0.00    0.00    0.00    0.00    0.00   52.29
10:59:39     all   37.47    0.00    3.06    0.00    0.00    0.00    0.00    0.00    0.00   59.47
10:59:40     all   39.98    0.00    2.49    0.00    0.00    0.01    0.00    0.00    0.00   57.52
10:59:41     all   35.89    0.00    2.60    0.00    0.00    0.01    0.00    0.00    0.00   61.50
10:59:42     all   37.11    0.00    2.81    0.00    0.00    0.00    0.00    0.00    0.00   60.08
10:59:43     all   35.57    0.00    3.21    0.01    0.00    0.00    0.00    0.00    0.00   61.21
10:59:44     all   45.35    0.00    3.18    0.00    0.00    0.01    0.00    0.00    0.00   51.45
10:59:45     all   37.68    0.00    2.41    0.00    0.00    0.01    0.00    0.00    0.00   59.89
10:59:46     all   34.99    0.00    1.88    0.00    0.00    0.00    0.00    0.00    0.00   63.13
10:59:47     all   37.97    0.00    2.31    0.00    0.00    0.00    0.00    0.00    0.00   59.72
10:59:48     all   28.09    0.00    2.21    0.00    0.00    0.00    0.00    0.00    0.00   69.70
10:59:49     all   43.72    0.00    2.46    0.00    0.00    0.00    0.00    0.00    0.00   53.82
10:59:50     all   35.76    0.00    3.62    0.01    0.00    0.00    0.00    0.00    0.00   60.61
10:59:51     all   39.32    0.00    2.74    0.00    0.00    0.01    0.00    0.00    0.00   57.93
10:59:52     all   23.18    0.00    1.78    0.00    0.00    0.00    0.00    0.00    0.00   75.05
10:59:53     all   46.50    0.00    2.67    0.00    0.00    0.00    0.00    0.00    0.00   50.83
10:59:54     all   26.03    0.00    2.93    0.00    0.00    0.01    0.00    0.00    0.00   71.03
10:59:55     all   41.67    0.00    2.43    0.00    0.00    0.00    0.00    0.00    0.00   55.90
10:59:56     all   41.34    0.00    3.13    0.01    0.00    0.03    0.00    0.00    0.00   55.49
10:59:57     all   31.31    0.00    3.20    0.00    0.00    0.00    0.00    0.00    0.00   65.49
10:59:58     all   37.67    0.00    3.66    0.00    0.00    0.01    0.00    0.00    0.00   58.66
10:59:59     all   29.95    0.00    2.21    0.00    0.00    0.00    0.00    0.00    0.00   67.84
11:00:00     all   43.09    0.00    2.23    0.00    0.00    0.00    0.00    0.00    0.00   54.69
11:00:01     all   40.17    0.00    2.52    0.00    0.00    0.01    0.00    0.00    0.00   57.30
11:00:02     all   32.43    0.00    2.69    0.00    0.00    0.00    0.00    0.00    0.00   64.88
11:00:03     all   49.12    0.00    3.51    0.00    0.00    0.00    0.00    0.00    0.00   47.37
11:00:04     all   38.06    0.00    2.45    0.00    0.00    0.01    0.00    0.00    0.00   59.47
11:00:05     all   28.72    0.00    1.78    0.00    0.00    0.00    0.00    0.00    0.00   69.50
11:00:06     all   44.22    0.00    2.70    0.00    0.00    0.01    0.00    0.00    0.00   53.07
11:00:07     all   32.07    0.00    2.31    0.00    0.00    0.01    0.00    0.00    0.00   65.61
11:00:08     all   46.26    0.00    3.69    0.00    0.00    0.00    0.00    0.00    0.00   50.06
11:00:09     all   29.39    0.00    2.68    0.00    0.00    0.00    0.00    0.00    0.00   67.93
11:00:10     all   46.15    0.00    3.34    0.00    0.00    0.00    0.00    0.00    0.00   50.51
11:00:11     all   37.79    0.00    3.49    0.00    0.00    0.00    0.00    0.00    0.00   58.72
11:00:12     all   40.74    0.01    4.30    0.00    0.00    0.01    0.00    0.00    0.00   54.93
11:00:13     all   44.44    0.00    4.67    0.00    0.00    0.00    0.00    0.00    0.00   50.89
11:00:14     all   39.84    0.00    3.24    0.00    0.00    0.00    0.00    0.00    0.00   56.91
11:00:15     all   44.43    0.00    3.77    0.00    0.00    0.00    0.00    0.00    0.00   51.81
11:00:16     all   45.32    0.00    2.99    0.00    0.00    0.00    0.00    0.00    0.00   51.69
11:00:18     all   45.74    0.00    3.76    0.00    0.00    0.01    0.00    0.00    0.00   50.49
11:00:19     all   42.12    0.01    2.99    0.00    0.00    0.00    0.00    0.00    0.00   54.87
11:00:20     all   34.11    0.00    2.96    0.00    0.00    0.00    0.00    0.00    0.00   62.93
11:00:21     all   34.49    0.00    3.06    0.00    0.00    0.01    0.00    0.00    0.00   62.43
11:00:22     all   46.03    0.00    3.14    0.00    0.00    0.00    0.00    0.00    0.00   50.83
11:00:23     all   31.63    0.00    3.30    0.00    0.00    0.01    0.00    0.00    0.00   65.06
11:00:24     all   47.13    0.00    2.88    0.00    0.00    0.00    0.00    0.00    0.00   49.99
11:00:25     all   34.62    0.00    2.99    0.00    0.00    0.01    0.00    0.00    0.00   62.38
11:00:26     all   36.91    0.00    3.05    0.00    0.00    0.00    0.00    0.00    0.00   60.04
11:00:27     all   39.02    0.00    2.76    0.00    0.00    0.01    0.00    0.00    0.00   58.21
11:00:28     all   31.26    0.00    2.31    0.00    0.00    0.00    0.00    0.00    0.00   66.43
11:00:29     all   42.68    0.00    2.51    0.00    0.00    0.00    0.00    0.00    0.00   54.82
11:00:30     all   34.81    0.00    2.45    0.00    0.00    0.00    0.00    0.00    0.00   62.75
11:00:31     all   43.26    0.00    2.64    0.00    0.00    0.00    0.00    0.00    0.00   54.09
11:00:32     all   31.56    0.00    1.99    0.00    0.00    0.00    0.00    0.00    0.00   66.45
11:00:33     all   39.79    0.00    2.66    0.00    0.00    0.01    0.00    0.00    0.00   57.54
11:00:34     all   35.62    0.00    2.30    0.00    0.00    0.00    0.00    0.00    0.00   62.07
11:00:35     all   31.00    0.00    2.44    0.00    0.00    0.00    0.00    0.00    0.00   66.56
11:00:36     all   34.45    0.00    2.68    0.00    0.00    0.01    0.00    0.00    0.00   62.85
11:00:37     all   31.10    0.00    2.33    0.00    0.00    0.00    0.00    0.00    0.00   66.57
11:00:38     all   31.87    0.00    1.99    0.00    0.00    0.00    0.00    0.00    0.00   66.14
11:00:39     all   41.48    0.00    3.17    0.00    0.00    0.00    0.00    0.00    0.00   55.35
11:00:40     all   36.73    0.00    2.81    0.00    0.00    0.00    0.00    0.00    0.00   60.46
11:00:41     all   36.35    0.00    2.29    0.00    0.00    0.00    0.00    0.00    0.00   61.36
11:00:42     all   36.22    0.00    2.35    0.00    0.00    0.00    0.00    0.00    0.00   61.43
11:00:43     all   42.37    0.00    2.27    0.00    0.00    0.01    0.00    0.00    0.00   55.35
11:00:44     all   40.03    0.01    2.73    0.00    0.00    0.00    0.00    0.00    0.00   57.23
11:00:45     all   38.32    0.00    2.85    0.00    0.00    0.01    0.00    0.00    0.00   58.81
11:00:46     all   40.67    0.00    3.35    0.00    0.00    0.00    0.00    0.00    0.00   55.98
11:00:47     all   32.93    0.00    2.58    0.00    0.00    0.00    0.00    0.00    0.00   64.49
11:00:48     all   41.24    0.00    2.88    0.00    0.00    0.01    0.00    0.00    0.00   55.86
11:00:49     all   28.20    0.00    2.38    0.00    0.00    0.00    0.00    0.00    0.00   69.42
11:00:50     all   47.17    0.00    2.58    0.00    0.00    0.00    0.00    0.00    0.00   50.25
11:00:51     all   32.78    0.00    3.10    0.00    0.00    0.00    0.00    0.00    0.00   64.12
11:00:52     all   40.62    0.00    3.15    0.00    0.00    0.00    0.00    0.00    0.00   56.24
11:00:53     all   29.90    0.00    2.59    0.00    0.00    0.00    0.00    0.00    0.00   67.52
11:00:54     all   39.40    0.01    2.11    0.00    0.00    0.00    0.00    0.00    0.00   58.47
11:00:55     all   28.75    0.00    1.91    0.01    0.00    0.00    0.00    0.00    0.00   69.33
11:00:56     all   45.30    0.00    2.67    0.00    0.00    0.01    0.00    0.00    0.00   52.02
11:00:57     all   47.06    0.00    2.50    0.00    0.00    0.01    0.00    0.00    0.00   50.42
11:00:58     all   24.34    0.00    1.94    0.00    0.00    0.00    0.00    0.00    0.00   73.72
11:00:59     all   32.03    0.00    2.27    0.00    0.00    0.00    0.00    0.00    0.00   65.70
11:01:00     all   25.53    0.00    1.45    0.00    0.00    0.00    0.00    0.00    0.00   73.03
11:01:01     all   32.30    0.00    1.31    0.00    0.00    0.00    0.00    0.00    0.00   66.39
11:01:02     all   34.47    0.00    1.88    0.00    0.00    0.01    0.00    0.00    0.00   63.64
11:01:03     all    9.41    0.00    0.87    0.00    0.00    0.00    0.00    0.00    0.00   89.71
11:01:04     all   45.75    0.00    2.22    0.00    0.00    0.00    0.00    0.00    0.00   52.02
11:01:05     all   35.00    0.00    1.78    0.00    0.00    0.00    0.00    0.00    0.00   63.22
11:01:06     all   34.47    0.00    2.17    0.00    0.00    0.00    0.00    0.00    0.00   63.36
11:01:07     all   30.23    0.00    2.19    0.00    0.00    0.00    0.00    0.00    0.00   67.58
11:01:08     all   46.01    0.00    3.03    0.00    0.00    0.01    0.00    0.00    0.00   50.94
11:01:09     all   23.11    0.00    1.74    0.00    0.00    0.00    0.00    0.00    0.00   75.15
11:01:10     all   47.33    0.00    1.85    0.00    0.00    0.00    0.00    0.00    0.00   50.82
11:01:11     all   36.64    0.00    2.38    0.00    0.00    0.01    0.00    0.00    0.00   60.97
11:01:12     all   33.62    0.00    2.10    0.00    0.00    0.00    0.00    0.00    0.00   64.29
11:01:13     all   36.62    0.00    1.96    0.00    0.00    0.00    0.00    0.00    0.00   61.42
11:01:14     all   33.52    0.00    1.99    0.00    0.00    0.00    0.00    0.00    0.00   64.49
11:01:15     all   33.95    0.00    2.43    0.00    0.00    0.00    0.00    0.00    0.00   63.62
11:01:16     all   38.86    0.00    1.84    0.00    0.00    0.01    0.00    0.00    0.00   59.29
11:01:17     all   31.88    0.00    2.45    0.00    0.00    0.01    0.00    0.00    0.00   65.66
11:01:18     all   40.16    0.00    2.38    0.00    0.00    0.00    0.00    0.00    0.00   57.46
11:01:19     all   32.74    0.00    1.67    0.00    0.00    0.00    0.00    0.00    0.00   65.59
11:01:20     all   35.42    0.00    1.89    0.00    0.00    0.01    0.00    0.00    0.00   62.67
11:01:21     all   36.35    0.00    1.57    0.00    0.00    0.00    0.00    0.00    0.00   62.09
11:01:22     all   36.33    0.00    2.14    0.00    0.00    0.00    0.00    0.00    0.00   61.53
11:01:23     all   28.61    0.00    1.57    0.00    0.00    0.00    0.00    0.00    0.00   69.82
11:01:24     all   46.91    0.00    2.51    0.00    0.00    0.00    0.00    0.00    0.00   50.58
11:01:25     all   27.35    0.00    2.02    0.00    0.00    0.00    0.00    0.00    0.00   70.63
11:01:26     all   47.15    0.01    2.24    0.00    0.00    0.00    0.00    0.00    0.00   50.60
11:01:27     all   25.92    0.00    1.57    0.00    0.00    0.00    0.00    0.00    0.00   72.51
11:01:28     all   39.82    0.00    1.70    0.00    0.00    0.00    0.00    0.00    0.00   58.48
11:01:29     all   34.81    0.00    2.10    0.00    0.00    0.00    0.00    0.00    0.00   63.09
11:01:30     all   39.36    0.00    2.11    0.00    0.00    0.03    0.00    0.00    0.00   58.49
11:01:31     all   34.46    0.00    2.07    0.00    0.00    0.00    0.00    0.00    0.00   63.47
11:01:32     all   33.56    0.00    1.86    0.00    0.00    0.00    0.00    0.00    0.00   64.58
11:01:33     all   34.57    0.00    1.52    0.00    0.00    0.00    0.00    0.00    0.00   63.90
11:01:34     all   46.30    0.00    2.52    0.00    0.00    0.01    0.00    0.00    0.00   51.16
11:01:35     all   26.82    0.00    2.10    0.00    0.00    0.00    0.00    0.00    0.00   71.08
11:01:36     all   32.98    0.00    2.29    0.00    0.00    0.00    0.00    0.00    0.00   64.73
11:01:37     all   27.23    0.00    2.80    0.00    0.00    0.00    0.00    0.00    0.00   69.97
11:01:38     all   45.14    0.00    3.26    0.00    0.00    0.00    0.00    0.00    0.00   51.60
11:01:39     all   41.89    0.00    2.66    0.00    0.00    0.01    0.00    0.00    0.00   55.44
11:01:40     all   14.69    0.00    1.97    0.00    0.00    0.01    0.00    0.00    0.00   83.32
11:01:41     all   46.57    0.00    2.62    0.00    0.00    0.00    0.00    0.00    0.00   50.81
11:01:42     all   31.45    0.00    2.76    0.00    0.00    0.00    0.00    0.00    0.00   65.79
11:01:43     all   34.97    0.00    2.59    0.00    0.00    0.00    0.00    0.00    0.00   62.45
11:01:44     all   36.42    0.00    1.85    0.00    0.00    0.01    0.00    0.00    0.00   61.72
11:01:45     all   40.87    0.00    2.73    0.00    0.00    0.01    0.00    0.00    0.00   56.39
11:01:46     all   25.61    0.00    2.39    0.00    0.00    0.00    0.00    0.00    0.00   72.00
11:01:47     all   46.49    0.00    3.37    0.00    0.00    0.00    0.00    0.00    0.00   50.15
11:01:48     all   36.80    0.00    3.19    0.00    0.00    0.01    0.00    0.00    0.00   59.99
11:01:49     all   34.69    0.00    2.46    0.00    0.00    0.00    0.00    0.00    0.00   62.85
11:01:50     all   42.90    0.00    2.42    0.00    0.00    0.00    0.00    0.00    0.00   54.67
11:01:51     all   36.74    0.00    1.93    0.00    0.00    0.00    0.00    0.00    0.00   61.33
11:01:52     all   38.27    0.00    2.38    0.00    0.00    0.01    0.00    0.00    0.00   59.34
11:01:53     all   42.54    0.00    3.54    0.00    0.00    0.00    0.00    0.00    0.00   53.93
11:01:54     all   45.27    0.00    3.54    0.00    0.00    0.00    0.00    0.00    0.00   51.19
11:01:55     all   20.15    0.00    2.40    0.00    0.00    0.00    0.00    0.00    0.00   77.45
11:01:56     all   29.77    0.00    2.21    0.00    0.00    0.00    0.00    0.00    0.00   68.01
11:01:57     all   43.77    0.00    1.86    0.00    0.00    0.03    0.00    0.00    0.00   54.33
11:01:58     all   35.92    0.00    2.24    0.00    0.00    0.00    0.00    0.00    0.00   61.84
11:01:59     all   43.02    0.00    3.02    0.00    0.00    0.00    0.00    0.00    0.00   53.96
11:02:00     all   41.61    0.00    2.92    0.00    0.00    0.00    0.00    0.00    0.00   55.47
11:02:01     all   35.37    0.00    3.13    0.00    0.00    0.00    0.00    0.00    0.00   61.50
11:02:02     all   25.65    0.00    2.48    0.00    0.00    0.00    0.00    0.00    0.00   71.87
11:02:03     all   46.07    0.00    3.13    0.00    0.00    0.00    0.00    0.00    0.00   50.80
11:02:04     all   40.84    0.00    3.21    0.00    0.00    0.00    0.00    0.00    0.00   55.96
11:02:05     all   39.23    0.00    3.42    0.00    0.00    0.01    0.00    0.00    0.00   57.33
11:02:06     all   40.42    0.00    2.88    0.00    0.00    0.00    0.00    0.00    0.00   56.70
11:02:07     all   40.58    0.00    2.81    0.00    0.00    0.00    0.00    0.00    0.00   56.61
11:02:08     all   43.09    0.00    2.78    0.00    0.00    0.01    0.00    0.00    0.00   54.12
11:02:09     all   31.34    0.00    2.41    0.00    0.00    0.00    0.00    0.00    0.00   66.25
11:02:10     all   36.22    0.00    2.32    0.00    0.00    0.00    0.00    0.00    0.00   61.46
11:02:11     all   47.43    0.00    2.49    0.01    0.00    0.00    0.00    0.00    0.00   50.06
11:02:12     all   35.45    0.00    2.48    0.00    0.00    0.00    0.00    0.00    0.00   62.06
11:02:13     all   26.08    0.00    2.26    0.00    0.00    0.00    0.00    0.00    0.00   71.66
11:02:14     all   40.89    0.00    2.99    0.00    0.00    0.01    0.00    0.00    0.00   56.10
11:02:15     all   45.58    0.00    3.50    0.00    0.00    0.00    0.00    0.00    0.00   50.93
11:02:16     all   28.29    0.00    2.10    0.00    0.00    0.00    0.00    0.00    0.00   69.61
11:02:17     all   29.07    0.00    2.57    0.00    0.00    0.00    0.00    0.00    0.00   68.35
11:02:18     all   36.94    0.00    2.48    0.00    0.00    0.01    0.00    0.00    0.00   60.57
11:02:19     all   36.99    0.00    2.33    0.01    0.00    0.00    0.00    0.00    0.00   60.66
11:02:20     all   34.78    0.00    3.20    0.00    0.00    0.00    0.00    0.00    0.00   62.02
11:02:21     all   29.20    0.00    3.31    0.00    0.00    0.00    0.00    0.00    0.00   67.50
11:02:22     all   33.99    0.00    2.99    0.00    0.00    0.00    0.00    0.00    0.00   63.02
11:02:23     all   35.90    0.00    2.23    0.00    0.00    0.00    0.00    0.00    0.00   61.87
11:02:24     all   38.01    0.00    2.35    0.00    0.00    0.00    0.00    0.00    0.00   59.64
11:02:25     all   43.00    0.00    3.27    0.00    0.00    0.00    0.00    0.00    0.00   53.73
11:02:26     all   28.92    0.00    2.44    0.00    0.00    0.00    0.00    0.00    0.00   68.63
11:02:27     all   46.88    0.00    2.56    0.00    0.00    0.01    0.00    0.00    0.00   50.55
11:02:28     all   29.87    0.00    2.57    0.00    0.00    0.00    0.00    0.00    0.00   67.56
11:02:29     all   32.43    0.00    2.56    0.00    0.00    0.01    0.00    0.00    0.00   64.99
11:02:30     all   39.88    0.00    2.34    0.00    0.00    0.00    0.00    0.00    0.00   57.78
11:02:31     all   38.10    0.00    1.93    0.00    0.00    0.00    0.00    0.00    0.00   59.96
11:02:32     all   27.38    0.00    2.55    0.00    0.00    0.00    0.00    0.00    0.00   70.08
11:02:33     all   47.39    0.00    2.23    0.00    0.00    0.00    0.00    0.00    0.00   50.38
11:02:34     all   29.11    0.00    2.31    0.00    0.00    0.00    0.00    0.00    0.00   68.59
11:02:35     all   46.77    0.00    3.37    0.00    0.00    0.00    0.00    0.00    0.00   49.86
11:02:36     all   31.97    0.00    2.67    0.00    0.00    0.00    0.00    0.00    0.00   65.35
11:02:37     all   40.38    0.00    2.92    0.00    0.00    0.00    0.00    0.00    0.00   56.70
11:02:38     all   38.78    0.00    3.33    0.00    0.00    0.00    0.00    0.00    0.00   57.90
11:02:39     all   39.69    0.00    2.59    0.00    0.00    0.01    0.00    0.00    0.00   57.71
11:02:40     all   35.20    0.00    2.53    0.00    0.00    0.00    0.00    0.00    0.00   62.27
11:02:41     all   37.20    0.00    2.82    0.00    0.00    0.00    0.00    0.00    0.00   59.97
11:02:42     all   25.75    0.00    2.45    0.00    0.00    0.00    0.00    0.00    0.00   71.79
11:02:43     all   47.21    0.00    2.87    0.00    0.00    0.00    0.00    0.00    0.00   49.92
11:02:44     all   33.60    0.00    2.31    0.00    0.00    0.03    0.00    0.00    0.00   64.06
11:02:45     all   30.79    0.00    2.37    0.00    0.00    0.00    0.00    0.00    0.00   66.85
11:02:46     all   46.42    0.00    2.83    0.00    0.00    0.00    0.00    0.00    0.00   50.75
11:02:47     all   29.83    0.00    2.23    0.00    0.00    0.00    0.00    0.00    0.00   67.94
11:02:48     all   46.94    0.01    2.39    0.00    0.00    0.00    0.00    0.00    0.00   50.65
11:02:49     all   21.65    0.00    2.49    0.00    0.00    0.01    0.00    0.00    0.00   75.85
11:02:50     all   43.85    0.00    2.18    0.00    0.00    0.01    0.00    0.00    0.00   53.96
11:02:51     all   44.30    0.00    3.11    0.00    0.00    0.00    0.00    0.00    0.00   52.60
11:02:52     all   35.88    0.00    3.44    0.00    0.00    0.00    0.00    0.00    0.00   60.69
11:02:53     all   41.25    0.00    2.42    0.00    0.00    0.00    0.00    0.00    0.00   56.33
11:02:54     all   24.70    0.00    3.38    0.00    0.00    0.00    0.00    0.00    0.00   71.91
11:02:55     all   33.10    0.00    2.74    0.00    0.00    0.00    0.00    0.00    0.00   64.17
11:02:56     all   48.23    0.00    1.76    0.00    0.00    0.00    0.00    0.00    0.00   50.01
11:02:57     all   34.48    0.00    2.76    0.00    0.00    0.01    0.00    0.00    0.00   62.75
11:02:58     all   34.57    0.00    2.60    0.00    0.00    0.00    0.00    0.00    0.00   62.83
11:02:59     all   34.74    0.00    2.21    0.00    0.00    0.00    0.00    0.00    0.00   63.05
11:03:00     all   39.73    0.00    2.30    0.00    0.00    0.01    0.00    0.00    0.00   57.96
11:03:01     all   38.78    0.00    2.66    0.00    0.00    0.00    0.00    0.00    0.00   58.57
11:03:02     all   34.51    0.00    2.20    0.00    0.00    0.00    0.00    0.00    0.00   63.29
11:03:03     all   36.63    0.01    2.57    0.00    0.00    0.00    0.00    0.00    0.00   60.79
11:03:04     all   38.49    0.00    2.88    0.00    0.00    0.00    0.00    0.00    0.00   58.63
11:03:05     all   43.33    0.00    3.56    0.00    0.00    0.00    0.00    0.00    0.00   53.11
11:03:06     all   33.94    0.00    3.60    0.00    0.00    0.01    0.00    0.00    0.00   62.45
11:03:07     all   33.00    0.00    2.71    0.00    0.00    0.00    0.00    0.00    0.00   64.29
11:03:08     all   38.46    0.00    2.89    0.00    0.00    0.00    0.00    0.00    0.00   58.65
11:03:09     all   40.75    0.00    3.36    0.00    0.00    0.00    0.00    0.00    0.00   55.90
11:03:10     all   39.29    0.00    3.39    0.00    0.00    0.00    0.00    0.00    0.00   57.32
11:03:11     all   33.95    0.00    3.01    0.00    0.00    0.00    0.00    0.00    0.00   63.04
11:03:12     all   39.29    0.00    2.99    0.00    0.00    0.00    0.00    0.00    0.00   57.72
11:03:13     all   36.57    0.00    2.35    0.00    0.00    0.00    0.00    0.00    0.00   61.08
11:03:14     all   37.02    0.00    1.79    0.00    0.00    0.01    0.00    0.00    0.00   61.17
11:03:15     all   35.11    0.00    1.93    0.00    0.00    0.01    0.00    0.00    0.00   62.95
11:03:16     all   30.85    0.00    2.66    0.01    0.00    0.01    0.00    0.00    0.00   66.46
11:03:17     all   36.38    0.00    2.41    0.00    0.00    0.00    0.00    0.00    0.00   61.22
11:03:18     all   33.15    0.01    1.59    0.00    0.00    0.00    0.00    0.00    0.00   65.25
11:03:19     all   31.53    0.00    1.34    0.00    0.00    0.00    0.00    0.00    0.00   67.13
11:03:20     all   32.23    0.00    1.32    0.00    0.00    0.00    0.00    0.00    0.00   66.44
11:03:21     all   29.32    0.00    1.36    0.00    0.00    0.00    0.00    0.00    0.00   69.32
11:03:22     all   35.85    0.00    1.98    0.00    0.00    0.01    0.00    0.00    0.00   62.15
11:03:23     all   41.96    0.00    2.37    0.00    0.00    0.00    0.00    0.00    0.00   55.67
11:03:24     all   25.77    0.00    1.87    0.00    0.00    0.01    0.00    0.00    0.00   72.34
11:03:25     all   42.53    0.00    1.80    0.00    0.00    0.03    0.00    0.00    0.00   55.65
11:03:26     all   35.16    0.00    2.06    0.00    0.00    0.01    0.00    0.00    0.00   62.77
11:03:27     all   34.01    0.00    1.77    0.00    0.00    0.00    0.00    0.00    0.00   64.22
11:03:28     all   30.59    0.00    1.56    0.00    0.00    0.00    0.00    0.00    0.00   67.85
11:03:29     all   33.30    0.00    1.45    0.00    0.00    0.00    0.00    0.00    0.00   65.25
11:03:30     all   28.06    0.01    1.24    0.00    0.00    0.01    0.00    0.00    0.00   70.68
11:03:31     all   38.96    0.00    1.92    0.00    0.00    0.00    0.00    0.00    0.00   59.11
11:03:32     all   31.22    0.00    1.39    0.00    0.00    0.00    0.00    0.00    0.00   67.39
11:03:33     all   35.92    0.00    1.45    0.00    0.00    0.01    0.00    0.00    0.00   62.62
11:03:34     all   32.09    0.00    1.18    0.00    0.00    0.01    0.00    0.00    0.00   66.71
11:03:35     all   31.36    0.00    2.40    0.00    0.00    0.00    0.00    0.00    0.00   66.24
11:03:36     all   30.62    0.00    1.49    0.00    0.00    0.00    0.00    0.00    0.00   67.89
11:03:37     all   37.32    0.00    1.77    0.00    0.00    0.00    0.00    0.00    0.00   60.91
11:03:38     all   45.70    0.00    1.97    0.00    0.00    0.01    0.00    0.00    0.00   52.31
11:03:39     all   16.23    0.00    1.38    0.00    0.00    0.00    0.00    0.00    0.00   82.39
11:03:40     all   46.61    0.00    1.14    0.00    0.00    0.00    0.00    0.00    0.00   52.25
11:03:41     all   36.37    0.00    1.59    0.00    0.00    0.01    0.00    0.00    0.00   62.03
11:03:42     all   23.80    0.00    1.00    0.00    0.00    0.03    0.00    0.00    0.00   75.17
11:03:43     all   43.32    0.00    2.10    0.00    0.00    0.00    0.00    0.00    0.00   54.58
11:03:44     all   29.53    0.00    1.49    0.00    0.00    0.00    0.00    0.00    0.00   68.99
11:03:45     all   33.01    0.00    1.87    0.00    0.00    0.01    0.00    0.00    0.00   65.11
11:03:46     all   33.23    0.00    2.01    0.00    0.00    0.00    0.00    0.00    0.00   64.76
11:03:47     all   40.06    0.00    2.98    0.00    0.00    0.00    0.00    0.00    0.00   56.96
11:03:48     all   11.87    0.00    2.06    0.00    0.00    0.00    0.00    0.00    0.00   86.07
11:03:49     all   30.38    0.00    2.07    0.00    0.00    0.00    0.00    0.00    0.00   67.55
11:03:50     all   27.26    0.00    2.26    0.00    0.00    0.00    0.00    0.00    0.00   70.48
11:03:51     all   34.86    0.00    2.45    0.00    0.00    0.01    0.00    0.00    0.00   62.67
11:03:52     all   18.71    0.00    1.58    0.00    0.00    0.00    0.00    0.00    0.00   79.71
11:03:53     all   47.44    0.00    2.29    0.00    0.00    0.00    0.00    0.00    0.00   50.26
11:03:54     all   27.75    0.00    2.13    0.00    0.00    0.00    0.00    0.00    0.00   70.12
11:03:55     all   44.07    0.00    1.99    0.00    0.00    0.00    0.00    0.00    0.00   53.94
11:03:56     all   40.28    0.00    2.78    0.00    0.00    0.00    0.00    0.00    0.00   56.94
11:03:57     all   21.13    0.00    2.41    0.00    0.00    0.01    0.00    0.00    0.00   76.45
11:03:58     all   37.61    0.00    2.26    0.00    0.00    0.00    0.00    0.00    0.00   60.13
11:03:59     all   20.48    0.00    1.95    0.00    0.00    0.00    0.00    0.00    0.00   77.57
11:04:00     all   47.26    0.00    1.80    0.00    0.00    0.03    0.00    0.00    0.00   50.92
11:04:01     all   30.07    0.00    1.50    0.00    0.00    0.00    0.00    0.00    0.00   68.43
11:04:02     all   31.25    0.00    2.20    0.00    0.00    0.00    0.00    0.00    0.00   66.56
11:04:03     all   32.56    0.00    1.85    0.00    0.00    0.00    0.00    0.00    0.00   65.59
11:04:04     all   42.28    0.00    1.91    0.00    0.00    0.00    0.00    0.00    0.00   55.81
11:04:05     all   20.18    0.00    1.36    0.00    0.00    0.00    0.00    0.00    0.00   78.46
11:04:06     all   41.70    0.00    1.35    0.00    0.00    0.01    0.00    0.00    0.00   56.93
11:04:07     all   23.40    0.00    1.37    0.00    0.00    0.00    0.00    0.00    0.00   75.23
11:04:08     all   39.58    0.01    1.20    0.00    0.00    0.00    0.00    0.00    0.00   59.21
11:04:09     all   28.66    0.00    1.27    0.00    0.00    0.00    0.00    0.00    0.00   70.07
11:04:10     all   38.82    0.00    2.10    0.00    0.00    0.00    0.00    0.00    0.00   59.08
11:04:11     all   36.99    0.00    2.04    0.00    0.00    0.01    0.00    0.00    0.00   60.95
11:04:12     all   38.93    0.00    3.19    0.00    0.00    0.00    0.00    0.00    0.00   57.88
11:04:13     all   35.15    0.00    2.35    0.00    0.00    0.00    0.00    0.00    0.00   62.50
11:04:14     all   16.72    0.00    1.93    0.00    0.00    0.03    0.00    0.00    0.00   81.32
11:04:15     all   46.65    0.00    2.42    0.00    0.00    0.00    0.00    0.00    0.00   50.93
11:04:16     all   46.45    0.00    3.00    0.00    0.00    0.00    0.00    0.00    0.00   50.55
11:04:17     all   38.84    0.00    2.85    0.00    0.00    0.00    0.00    0.00    0.00   58.31
11:04:18     all   32.38    0.00    2.11    0.00    0.00    0.01    0.00    0.00    0.00   65.49
11:04:19     all   33.46    0.01    1.89    0.00    0.00    0.01    0.00    0.00    0.00   64.62
11:04:20     all   34.86    0.00    2.39    0.00    0.00    0.00    0.00    0.00    0.00   62.75
11:04:21     all   36.26    0.00    2.42    0.00    0.00    0.00    0.00    0.00    0.00   61.31
11:04:22     all   32.40    0.00    2.31    0.00    0.00    0.00    0.00    0.00    0.00   65.30
11:04:23     all   38.31    0.01    2.77    0.00    0.00    0.00    0.00    0.00    0.00   58.91
11:04:24     all   39.25    0.00    2.16    0.00    0.00    0.00    0.00    0.00    0.00   58.59
11:04:25     all   35.30    0.00    2.63    0.00    0.00    0.00    0.00    0.00    0.00   62.07
11:04:26     all   40.17    0.00    2.57    0.00    0.00    0.01    0.00    0.00    0.00   57.25
11:04:27     all   37.29    0.00    2.89    0.00    0.00    0.00    0.00    0.00    0.00   59.81
11:04:28     all   37.41    0.00    3.11    0.00    0.00    0.00    0.00    0.00    0.00   59.48
11:04:29     all   24.86    0.00    2.52    0.00    0.00    0.00    0.00    0.00    0.00   72.62
11:04:30     all   45.89    0.00    2.60    0.00    0.00    0.01    0.00    0.00    0.00   51.49
11:04:31     all   28.57    0.00    2.32    0.00    0.00    0.00    0.00    0.00    0.00   69.12
11:04:32     all   29.12    0.00    2.57    0.00    0.00    0.00    0.00    0.00    0.00   68.31
11:04:33     all   45.54    0.00    2.90    0.00    0.00    0.01    0.00    0.00    0.00   51.55
11:04:34     all   22.14    0.00    1.96    0.00    0.00    0.00    0.00    0.00    0.00   75.90
11:04:35     all   46.43    0.00    2.52    0.00    0.00    0.00    0.00    0.00    0.00   51.05
11:04:36     all   17.06    0.00    1.73    0.00    0.00    0.00    0.00    0.00    0.00   81.22
11:04:37     all   43.67    0.00    1.78    0.00    0.00    0.01    0.00    0.00    0.00   54.54
11:04:38     all   44.65    0.00    2.37    0.00    0.00    0.01    0.00    0.00    0.00   52.96
11:04:39     all   22.01    0.00    1.56    0.00    0.00    0.00    0.00    0.00    0.00   76.43
11:04:40     all   45.08    0.00    1.92    0.00    0.00    0.00    0.00    0.00    0.00   52.99
11:04:41     all   31.40    0.00    1.24    0.00    0.00    0.01    0.00    0.00    0.00   67.35
11:04:42     all   32.13    0.00    1.57    0.00    0.00    0.00    0.00    0.00    0.00   66.30
11:04:43     all   35.51    0.00    2.39    0.00    0.00    0.00    0.00    0.00    0.00   62.10
11:04:44     all   39.43    0.00    2.49    0.00    0.00    0.00    0.00    0.00    0.00   58.08
11:04:45     all   36.99    0.00    1.95    0.00    0.00    0.00    0.00    0.00    0.00   61.06
11:04:46     all   38.10    0.00    2.48    0.00    0.00    0.00    0.00    0.00    0.00   59.42
11:04:47     all   24.79    0.00    1.93    0.00    0.00    0.00    0.00    0.00    0.00   73.28
11:04:48     all   44.18    0.00    2.62    0.00    0.00    0.01    0.00    0.00    0.00   53.19
11:04:49     all   41.23    0.00    2.24    0.00    0.00    0.00    0.00    0.00    0.00   56.53
11:04:50     all   32.17    0.00    2.32    0.00    0.00    0.00    0.00    0.00    0.00   65.51
11:04:51     all   44.46    0.00    3.27    0.00    0.00    0.01    0.00    0.00    0.00   52.26
11:04:52     all   31.40    0.00    2.14    0.00    0.00    0.00    0.00    0.00    0.00   66.46
11:04:53     all   37.27    0.00    3.14    0.00    0.00    0.01    0.00    0.00    0.00   59.57
11:04:54     all   38.89    0.00    3.16    0.00    0.00    0.00    0.00    0.00    0.00   57.95
11:04:55     all   41.59    0.00    2.42    0.00    0.00    0.00    0.00    0.00    0.00   55.99
11:04:56     all   29.28    0.01    2.20    0.00    0.00    0.00    0.00    0.00    0.00   68.51
11:04:57     all   45.17    0.00    3.14    0.00    0.00    0.01    0.00    0.00    0.00   51.68
11:04:58     all   34.55    0.00    2.67    0.00    0.00    0.00    0.00    0.00    0.00   62.78
11:04:59     all   23.91    0.00    2.82    0.00    0.00    0.00    0.00    0.00    0.00   73.26
11:05:00     all   44.72    0.00    3.02    0.00    0.00    0.00    0.00    0.00    0.00   52.26
11:05:01     all   45.73    0.00    2.79    0.00    0.00    0.01    0.00    0.00    0.00   51.47
11:05:02     all   32.75    0.00    3.58    0.00    0.00    0.00    0.00    0.00    0.00   63.67
11:05:03     all   27.62    0.00    2.24    0.00    0.00    0.00    0.00    0.00    0.00   70.14
11:05:04     all   33.83    0.00    2.38    0.00    0.00    0.01    0.00    0.00    0.00   63.78
11:05:05     all   40.34    0.00    2.28    0.00    0.00    0.00    0.00    0.00    0.00   57.38
11:05:06     all   46.50    0.00    2.16    0.00    0.00    0.00    0.00    0.00    0.00   51.34
11:05:07     all   23.47    0.00    1.86    0.00    0.00    0.00    0.00    0.00    0.00   74.66
11:05:08     all   26.51    0.00    1.01    0.00    0.00    0.00    0.00    0.00    0.00   72.47
11:05:09     all   46.29    0.00    2.16    0.00    0.00    0.00    0.00    0.00    0.00   51.55
11:05:10     all   30.16    0.00    1.68    0.00    0.00    0.01    0.00    0.00    0.00   68.15
11:05:11     all   34.37    0.00    2.67    0.00    0.00    0.00    0.00    0.00    0.00   62.96
11:05:12     all   37.75    0.00    2.95    0.00    0.00    0.00    0.00    0.00    0.00   59.31
11:05:13     all   32.23    0.00    1.93    0.00    0.00    0.00    0.00    0.00    0.00   65.83
11:05:14     all   33.68    0.00    2.09    0.00    0.00    0.01    0.00    0.00    0.00   64.22
11:05:15     all   40.50    0.00    2.38    0.00    0.00    0.00    0.00    0.00    0.00   57.12
11:05:16     all   21.09    0.00    2.28    0.00    0.00    0.00    0.00    0.00    0.00   76.63
11:05:17     all   34.24    0.00    2.67    0.00    0.00    0.01    0.00    0.00    0.00   63.07
11:05:18     all   25.23    0.01    1.73    0.00    0.00    0.00    0.00    0.00    0.00   73.03
11:05:19     all   36.51    0.00    2.93    0.00    0.00    0.00    0.00    0.00    0.00   60.57
11:05:20     all   44.95    0.00    2.74    0.00    0.00    0.00    0.00    0.00    0.00   52.31
11:05:21     all   38.47    0.00    2.70    0.00    0.00    0.01    0.00    0.00    0.00   58.82
11:05:22     all   35.67    0.00    2.17    0.00    0.00    0.00    0.00    0.00    0.00   62.16
11:05:23     all   32.48    0.00    2.17    0.00    0.00    0.00    0.00    0.00    0.00   65.35
11:05:24     all   40.12    0.00    2.27    0.00    0.00    0.01    0.00    0.00    0.00   57.60
11:05:25     all   29.90    0.00    1.88    0.00    0.00    0.00    0.00    0.00    0.00   68.22
11:05:26     all   45.70    0.00    2.45    0.00    0.00    0.00    0.00    0.00    0.00   51.86
11:05:27     all   40.85    0.00    2.16    0.00    0.00    0.00    0.00    0.00    0.00   56.99
11:05:28     all   15.36    0.00    1.32    0.00    0.00    0.00    0.00    0.00    0.00   83.31
11:05:29     all   46.71    0.00    2.34    0.01    0.00    0.01    0.00    0.00    0.00   50.92
11:05:30     all   43.13    0.00    2.24    0.00    0.00    0.00    0.00    0.00    0.00   54.63
11:05:31     all   29.69    0.00    2.58    0.00    0.00    0.00    0.00    0.00    0.00   67.73
11:05:32     all   43.92    0.00    3.42    0.00    0.00    0.00    0.00    0.00    0.00   52.66
11:05:33     all   47.18    0.00    2.75    0.00    0.00    0.01    0.00    0.00    0.00   50.06
11:05:34     all   17.17    0.00    1.77    0.00    0.00    0.00    0.00    0.00    0.00   81.06
11:05:35     all   45.65    0.00    2.53    0.00    0.00    0.00    0.00    0.00    0.00   51.82
11:05:36     all   43.23    0.00    2.21    0.00    0.00    0.01    0.00    0.00    0.00   54.55
11:05:37     all   35.86    0.00    2.36    0.00    0.00    0.00    0.00    0.00    0.00   61.78
11:05:38     all   34.11    0.00    2.32    0.00    0.00    0.00    0.00    0.00    0.00   63.56
11:05:39     all   32.98    0.00    1.99    0.00    0.00    0.01    0.00    0.00    0.00   65.02
11:05:40     all   40.08    0.00    2.30    0.01    0.00    0.00    0.00    0.00    0.00   57.61
11:05:41     all   42.19    0.00    2.36    0.00    0.00    0.00    0.00    0.00    0.00   55.44
11:05:42     all   30.75    0.00    1.99    0.00    0.00    0.00    0.00    0.00    0.00   67.26
11:05:43     all   30.62    0.00    2.14    0.00    0.00    0.00    0.00    0.00    0.00   67.24
11:05:44     all   33.71    0.00    1.74    0.00    0.00    0.00    0.00    0.00    0.00   64.55
11:05:45     all   45.84    0.00    2.02    0.00    0.00    0.00    0.00    0.00    0.00   52.15
11:05:46     all   24.98    0.00    2.10    0.00    0.00    0.00    0.00    0.00    0.00   72.92
11:05:47     all   29.30    0.00    1.67    0.00    0.00    0.00    0.00    0.00    0.00   69.03
11:05:48     all   47.62    0.00    2.20    0.00    0.00    0.00    0.00    0.00    0.00   50.18
11:05:49     all   26.81    0.00    1.95    0.00    0.00    0.00    0.00    0.00    0.00   71.25
11:05:50     all   41.39    0.00    2.28    0.00    0.00    0.01    0.00    0.00    0.00   56.31
11:05:51     all   35.29    0.01    2.17    0.00    0.00    0.01    0.00    0.00    0.00   62.51
11:05:52     all   36.33    0.00    2.10    0.00    0.00    0.00    0.00    0.00    0.00   61.57
11:05:53     all   35.02    0.00    2.18    0.00    0.00    0.00    0.00    0.00    0.00   62.80
11:05:54     all   34.45    0.00    1.56    0.00    0.00    0.01    0.00    0.00    0.00   63.98
11:05:55     all   29.15    0.00    1.59    0.00    0.00    0.00    0.00    0.00    0.00   69.26
11:05:56     all   43.30    0.00    1.73    0.00    0.00    0.00    0.00    0.00    0.00   54.96
11:05:57     all   26.92    0.00    2.58    0.00    0.00    0.00    0.00    0.00    0.00   70.50
11:05:58     all   47.02    0.00    2.26    0.00    0.00    0.00    0.00    0.00    0.00   50.72
11:05:59     all   27.62    0.00    2.19    0.00    0.00    0.00    0.00    0.00    0.00   70.19
11:06:00     all   35.10    0.00    1.95    0.00    0.00    0.00    0.00    0.00    0.00   62.95
11:06:01     all   44.37    0.00    2.27    0.00    0.00    0.01    0.00    0.00    0.00   53.35
11:06:02     all   28.32    0.00    2.32    0.00    0.00    0.00    0.00    0.00    0.00   69.35
11:06:03     all   36.27    0.00    2.76    0.00    0.00    0.00    0.00    0.00    0.00   60.97
11:06:04     all   40.93    0.00    2.67    0.00    0.00    0.01    0.00    0.00    0.00   56.39
11:06:05     all   22.48    0.00    1.42    0.00    0.00    0.00    0.00    0.00    0.00   76.10
11:06:06     all   23.79    0.00    1.07    0.01    0.00    0.00    0.00    0.00    0.00   75.13
11:06:07     all   35.47    0.00    1.20    0.00    0.00    0.00    0.00    0.00    0.00   63.34
11:06:08     all   29.16    0.00    2.09    0.00    0.00    0.00    0.00    0.00    0.00   68.76
11:06:09     all   46.10    0.00    2.50    0.00    0.00    0.00    0.00    0.00    0.00   51.39
11:06:10     all   23.27    0.00    1.84    0.00    0.00    0.00    0.00    0.00    0.00   74.89
11:06:11     all   45.39    0.00    2.69    0.00    0.00    0.04    0.00    0.00    0.00   51.88
11:06:12     all   15.23    0.00    1.56    0.00    0.00    0.00    0.00    0.00    0.00   83.21
11:06:13     all   28.95    0.00    1.41    0.00    0.00    0.03    0.00    0.00    0.00   69.62
11:06:14     all   40.32    0.00    1.71    0.00    0.00    0.00    0.00    0.00    0.00   57.97
11:06:15     all   25.28    0.00    1.09    0.00    0.00    0.00    0.00    0.00    0.00   73.64
11:06:16     all   38.57    0.00    2.08    0.00    0.00    0.00    0.00    0.00    0.00   59.35
11:06:17     all   28.35    0.00    1.14    0.00    0.00    0.00    0.00    0.00    0.00   70.51
11:06:18     all   23.89    0.00    1.55    0.00    0.00    0.00    0.00    0.00    0.00   74.57
11:06:19     all   47.52    0.00    1.91    0.00    0.00    0.01    0.00    0.00    0.00   50.56
11:06:20     all   15.11    0.00    1.00    0.00    0.00    0.00    0.00    0.00    0.00   83.89
11:06:21     all   44.91    0.00    1.25    0.00    0.00    0.00    0.00    0.00    0.00   53.83
11:06:22     all   36.60    0.00    1.73    0.00    0.00    0.00    0.00    0.00    0.00   61.67
11:06:23     all   32.46    0.00    1.41    0.00    0.00    0.00    0.00    0.00    0.00   66.13
11:06:24     all   26.75    0.00    2.07    0.00    0.00    0.00    0.00    0.00    0.00   71.17
11:06:25     all   42.56    0.00    1.85    0.00    0.00    0.01    0.00    0.00    0.00   55.58
11:06:26     all   21.33    0.00    1.09    0.00    0.00    0.00    0.00    0.00    0.00   77.58
11:06:27     all   43.82    0.00    1.85    0.00    0.00    0.00    0.00    0.00    0.00   54.33
11:06:28     all   33.27    0.01    2.07    0.00    0.00    0.00    0.00    0.00    0.00   64.64
11:06:29     all   35.80    0.00    1.96    0.00    0.00    0.01    0.00    0.00    0.00   62.22
11:06:30     all   33.17    0.00    1.97    0.00    0.00    0.00    0.00    0.00    0.00   64.85
11:06:31     all   34.64    0.00    1.98    0.00    0.00    0.00    0.00    0.00    0.00   63.38
11:06:32     all   34.84    0.00    2.06    0.00    0.00    0.00    0.00    0.00    0.00   63.11
11:06:33     all   31.20    0.00    2.35    0.00    0.00    0.00    0.00    0.00    0.00   66.44
11:06:34     all   29.28    0.00    1.82    0.00    0.00    0.00    0.00    0.00    0.00   68.89
11:06:35     all   32.02    0.00    1.70    0.00    0.00    0.00    0.00    0.00    0.00   66.28
11:06:36     all   35.39    0.00    2.10    0.00    0.00    0.01    0.00    0.00    0.00   62.49
11:06:37     all   40.13    0.00    3.05    0.00    0.00    0.01    0.00    0.00    0.00   56.81
11:06:38     all   41.80    0.00    2.14    0.00    0.00    0.00    0.00    0.00    0.00   56.06
11:06:39     all   22.24    0.00    1.75    0.00    0.00    0.00    0.00    0.00    0.00   76.01
11:06:40     all   39.72    0.00    2.21    0.00    0.00    0.01    0.00    0.00    0.00   58.06
11:06:41     all   28.97    0.00    1.63    0.00    0.00    0.00    0.00    0.00    0.00   69.40
11:06:42     all   39.88    0.00    2.36    0.01    0.00    0.00    0.00    0.00    0.00   57.74
11:06:43     all   33.88    0.00    1.99    0.00    0.00    0.00    0.00    0.00    0.00   64.13
11:06:44     all   33.77    0.01    2.53    0.00    0.00    0.00    0.00    0.00    0.00   63.69
11:06:45     all   14.16    0.00    1.88    0.00    0.00    0.00    0.00    0.00    0.00   83.96
11:06:46     all   46.22    0.00    2.63    0.00    0.00    0.00    0.00    0.00    0.00   51.15
11:06:47     all   41.27    0.00    2.67    0.00    0.00    0.00    0.00    0.00    0.00   56.06
11:06:48     all   29.08    0.00    2.05    0.00    0.00    0.01    0.00    0.00    0.00   68.85
11:06:49     all   43.71    0.00    2.32    0.00    0.00    0.00    0.00    0.00    0.00   53.96
11:06:50     all   13.57    0.00    1.54    0.00    0.00    0.00    0.00    0.00    0.00   84.88
11:06:51     all   26.59    0.00    1.60    0.00    0.00    0.01    0.00    0.00    0.00   71.80
11:06:52     all   28.04    0.00    1.83    0.00    0.00    0.00    0.00    0.00    0.00   70.13
11:06:53     all   34.22    0.00    1.89    0.00    0.00    0.00    0.00    0.00    0.00   63.88
11:06:54     all   35.26    0.00    2.30    0.00    0.00    0.00    0.00    0.00    0.00   62.45
11:06:55     all   37.09    0.00    2.91    0.00    0.00    0.00    0.00    0.00    0.00   60.01
11:06:56     all   40.42    0.00    2.59    0.00    0.00    0.00    0.00    0.00    0.00   56.99
11:06:57     all   34.18    0.00    2.42    0.00    0.00    0.01    0.00    0.00    0.00   63.40
11:06:58     all   37.10    0.00    2.38    0.00    0.00    0.00    0.00    0.00    0.00   60.52
11:06:59     all   33.64    0.00    2.78    0.00    0.00    0.00    0.00    0.00    0.00   63.58
11:07:00     all   37.19    0.00    3.14    0.00    0.00    0.00    0.00    0.00    0.00   59.66
11:07:01     all   37.57    0.00    3.02    0.00    0.00    0.00    0.00    0.00    0.00   59.40
11:07:02     all   29.66    0.00    2.71    0.00    0.00    0.00    0.00    0.00    0.00   67.63
11:07:03     all   43.64    0.00    3.15    0.00    0.00    0.00    0.00    0.00    0.00   53.21
11:07:04     all   32.71    0.00    2.38    0.00    0.00    0.01    0.00    0.00    0.00   64.90
11:07:05     all   44.74    0.00    2.17    0.00    0.00    0.00    0.00    0.00    0.00   53.09
11:07:06     all   36.38    0.00    2.93    0.00    0.00    0.03    0.00    0.00    0.00   60.66
11:07:07     all   36.96    0.00    2.80    0.00    0.00    0.00    0.00    0.00    0.00   60.24
11:07:08     all   43.82    0.00    2.89    0.00    0.00    0.00    0.00    0.00    0.00   53.29
11:07:09     all   32.12    0.00    2.61    0.00    0.00    0.01    0.00    0.00    0.00   65.25
11:07:10     all   47.36    0.00    3.56    0.01    0.00    0.01    0.00    0.00    0.00   49.05
11:07:11     all   38.05    0.00    3.29    0.00    0.00    0.00    0.00    0.00    0.00   58.66
11:07:12     all   38.62    0.00    3.24    0.00    0.00    0.01    0.00    0.00    0.00   58.13
11:07:13     all   30.48    0.00    2.90    0.00    0.00    0.00    0.00    0.00    0.00   66.62
11:07:14     all   38.81    0.00    2.66    0.00    0.00    0.00    0.00    0.00    0.00   58.53
11:07:15     all   46.68    0.00    3.18    0.00    0.00    0.01    0.00    0.00    0.00   50.12
11:07:16     all   36.39    0.00    3.22    0.00    0.00    0.00    0.00    0.00    0.00   60.39
11:07:17     all   37.01    0.00    3.33    0.00    0.00    0.00    0.00    0.00    0.00   59.66
11:07:18     all   31.76    0.01    2.69    0.00    0.00    0.00    0.00    0.00    0.00   65.54
11:07:19     all   41.26    0.00    3.06    0.00    0.00    0.00    0.00    0.00    0.00   55.68
11:07:20     all   27.47    0.00    1.92    0.00    0.00    0.00    0.00    0.00    0.00   70.61
11:07:21     all   42.80    0.00    2.07    0.00    0.00    0.00    0.00    0.00    0.00   55.13
11:07:22     all   36.88    0.00    2.56    0.00    0.00    0.03    0.00    0.00    0.00   60.54
11:07:23     all   33.62    0.00    2.68    0.00    0.00    0.00    0.00    0.00    0.00   63.70
11:07:24     all   36.88    0.00    2.23    0.00    0.00    0.00    0.00    0.00    0.00   60.89
11:07:25     all   30.49    0.00    1.78    0.00    0.00    0.00    0.00    0.00    0.00   67.73
11:07:26     all   44.90    0.00    1.97    0.00    0.00    0.03    0.00    0.00    0.00   53.10
11:07:27     all   31.32    0.00    2.42    0.00    0.00    0.00    0.00    0.00    0.00   66.25
11:07:28     all   32.59    0.00    2.08    0.00    0.00    0.00    0.00    0.00    0.00   65.33
11:07:29     all   33.68    0.00    2.26    0.00    0.00    0.00    0.00    0.00    0.00   64.06
11:07:30     all   37.71    0.00    2.02    0.00    0.00    0.00    0.00    0.00    0.00   60.28
11:07:31     all   28.70    0.00    1.95    0.00    0.00    0.01    0.00    0.00    0.00   69.33
11:07:32     all   37.50    0.00    2.58    0.00    0.00    0.00    0.00    0.00    0.00   59.93
11:07:33     all   34.83    0.00    2.27    0.00    0.00    0.00    0.00    0.00    0.00   62.90
11:07:34     all   46.65    0.00    2.54    0.00    0.00    0.03    0.00    0.00    0.00   50.78
11:07:35     all   24.01    0.01    1.90    0.00    0.00    0.00    0.00    0.00    0.00   74.07
11:07:36     all   47.06    0.00    2.63    0.00    0.00    0.01    0.00    0.00    0.00   50.29
11:07:37     all   35.95    0.00    2.32    0.00    0.00    0.00    0.00    0.00    0.00   61.73
11:07:38     all   30.46    0.00    1.97    0.00    0.00    0.00    0.00    0.00    0.00   67.57
11:07:39     all   34.22    0.00    2.04    0.00    0.00    0.00    0.00    0.00    0.00   63.74
11:07:40     all   42.01    0.00    3.17    0.00    0.00    0.01    0.00    0.00    0.00   54.81
11:07:41     all   35.04    0.00    2.15    0.00    0.00    0.00    0.00    0.00    0.00   62.80
11:07:42     all   35.20    0.00    1.81    0.00    0.00    0.00    0.00    0.00    0.00   62.99
11:07:43     all   28.71    0.00    2.07    0.00    0.00    0.01    0.00    0.00    0.00   69.20
11:07:44     all   38.60    0.00    2.75    0.00    0.00    0.00    0.00    0.00    0.00   58.65
11:07:45     all   31.89    0.00    1.93    0.00    0.00    0.03    0.00    0.00    0.00   66.15
11:07:46     all   36.86    0.00    2.28    0.00    0.00    0.00    0.00    0.00    0.00   60.86
11:07:47     all   33.68    0.00    2.38    0.00    0.00    0.00    0.00    0.00    0.00   63.95
11:07:48     all   32.83    0.00    1.95    0.00    0.00    0.00    0.00    0.00    0.00   65.22
11:07:49     all   32.82    0.00    2.07    0.00    0.00    0.00    0.00    0.00    0.00   65.10
11:07:50     all   31.82    0.00    2.01    0.00    0.00    0.00    0.00    0.00    0.00   66.17
11:07:51     all   45.18    0.00    3.78    0.00    0.00    0.00    0.00    0.00    0.00   51.04
11:07:52     all   32.76    0.00    2.17    0.00    0.00    0.00    0.00    0.00    0.00   65.08
11:07:53     all   47.55    0.01    2.50    0.00    0.00    0.01    0.00    0.00    0.00   49.92
11:07:54     all   31.44    0.00    2.17    0.00    0.00    0.00    0.00    0.00    0.00   66.39
11:07:55     all   42.94    0.00    3.21    0.00    0.00    0.01    0.00    0.00    0.00   53.84
11:07:56     all   32.10    0.00    2.18    0.00    0.00    0.01    0.00    0.00    0.00   65.70
11:07:57     all   41.09    0.00    2.46    0.00    0.00    0.00    0.00    0.00    0.00   56.45
11:07:58     all   33.19    0.00    1.98    0.00    0.00    0.00    0.00    0.00    0.00   64.82
11:07:59     all   35.66    0.00    1.99    0.00    0.00    0.00    0.00    0.00    0.00   62.35
11:08:00     all   36.02    0.00    2.63    0.00    0.00    0.00    0.00    0.00    0.00   61.35
11:08:01     all   39.69    0.00    3.29    0.00    0.00    0.01    0.00    0.00    0.00   57.02
11:08:02     all   43.71    0.00    2.50    0.00    0.00    0.00    0.00    0.00    0.00   53.79
11:08:03     all   41.51    0.00    3.12    0.00    0.00    0.01    0.00    0.00    0.00   55.36
11:08:04     all   32.88    0.00    2.62    0.00    0.00    0.00    0.00    0.00    0.00   64.50
11:08:05     all   32.59    0.00    2.39    0.00    0.00    0.00    0.00    0.00    0.00   65.01
11:08:06     all   46.23    0.00    3.34    0.00    0.00    0.00    0.00    0.00    0.00   50.42
11:08:07     all   33.42    0.00    2.85    0.00    0.00    0.00    0.00    0.00    0.00   63.72
11:08:08     all   46.57    0.00    3.31    0.00    0.00    0.00    0.00    0.00    0.00   50.12
11:08:09     all   28.58    0.00    2.66    0.00    0.00    0.01    0.00    0.00    0.00   68.74
11:08:10     all   46.71    0.00    3.02    0.00    0.00    0.01    0.00    0.00    0.00   50.26
11:08:11     all   32.89    0.00    2.81    0.03    0.00    0.01    0.00    0.00    0.00   64.25
11:08:12     all   46.91    0.00    2.83    0.14    0.00    0.01    0.00    0.00    0.00   50.10
11:08:13     all   30.79    0.00    2.49    0.00    0.00    0.00    0.00    0.00    0.00   66.72
11:08:14     all   44.18    0.00    2.85    0.00    0.00    0.00    0.00    0.00    0.00   52.97
11:08:15     all   35.86    0.00    2.87    0.00    0.00    0.00    0.00    0.00    0.00   61.28
11:08:16     all   37.17    0.00    3.31    0.00    0.00    0.00    0.00    0.00    0.00   59.51
11:08:17     all   44.10    0.00    3.76    0.00    0.00    0.01    0.00    0.00    0.00   52.13
11:08:18     all   39.23    0.00    3.51    0.00    0.00    0.00    0.00    0.00    0.00   57.27
11:08:19     all   36.56    0.00    2.88    0.00    0.00    0.01    0.00    0.00    0.00   60.55
11:08:20     all   38.37    0.00    3.48    0.00    0.00    0.00    0.00    0.00    0.00   58.15
11:08:21     all   39.69    0.00    2.77    0.00    0.00    0.00    0.00    0.00    0.00   57.54
11:08:22     all   40.72    0.00    2.50    0.00    0.00    0.00    0.00    0.00    0.00   56.78
11:08:23     all   41.56    0.00    3.49    0.00    0.00    0.01    0.00    0.00    0.00   54.94
11:08:24     all   39.84    0.00    3.10    0.00    0.00    0.00    0.00    0.00    0.00   57.06
11:08:25     all   23.57    0.00    2.60    0.00    0.00    0.00    0.00    0.00    0.00   73.83
11:08:26     all   45.80    0.00    3.41    0.00    0.00    0.00    0.00    0.00    0.00   50.79
11:08:27     all   45.71    0.00    3.59    0.00    0.00    0.01    0.00    0.00    0.00   50.69
11:08:28     all   37.41    0.00    3.46    0.00    0.00    0.00    0.00    0.00    0.00   59.13
11:08:29     all   30.59    0.00    2.63    0.00    0.00    0.00    0.00    0.00    0.00   66.78
11:08:30     all   42.24    0.00    3.34    0.00    0.00    0.00    0.00    0.00    0.00   54.42
11:08:31     all   16.10    0.00    1.99    0.00    0.00    0.01    0.00    0.00    0.00   81.89
11:08:32     all   45.70    0.00    3.49    0.00    0.00    0.00    0.00    0.00    0.00   50.82
11:08:33     all   45.35    0.00    2.59    0.00    0.00    0.01    0.00    0.00    0.00   52.05
11:08:34     all   29.23    0.00    2.76    0.00    0.00    0.00    0.00    0.00    0.00   68.01
11:08:35     all   47.15    0.00    3.48    0.00    0.00    0.00    0.00    0.00    0.00   49.37
11:08:36     all   33.35    0.00    2.71    0.00    0.00    0.00    0.00    0.00    0.00   63.94
11:08:37     all   46.49    0.00    3.16    0.00    0.00    0.00    0.00    0.00    0.00   50.35
11:08:38     all   33.13    0.01    3.15    0.00    0.00    0.00    0.00    0.00    0.00   63.70
11:08:39     all   38.06    0.00    2.92    0.00    0.00    0.01    0.00    0.00    0.00   59.01
11:08:40     all   38.25    0.00    2.63    0.00    0.00    0.00    0.00    0.00    0.00   59.12
11:08:41     all   37.09    0.00    2.81    0.00    0.00    0.01    0.00    0.00    0.00   60.08
11:08:42     all   40.84    0.00    2.73    0.00    0.00    0.00    0.00    0.00    0.00   56.43
11:08:43     all   36.46    0.00    2.88    0.00    0.00    0.01    0.00    0.00    0.00   60.65
11:08:44     all   37.23    0.00    3.23    0.00    0.00    0.00    0.00    0.00    0.00   59.54
11:08:45     all   34.51    0.00    3.10    0.00    0.00    0.01    0.00    0.00    0.00   62.38
11:08:46     all   40.12    0.00    2.69    0.00    0.00    0.01    0.00    0.00    0.00   57.17
11:08:47     all   44.90    0.00    3.28    0.00    0.00    0.00    0.00    0.00    0.00   51.82
11:08:48     all   28.42    0.00    2.63    0.00    0.00    0.00    0.00    0.00    0.00   68.95
11:08:49     all   39.49    0.00    2.97    0.00    0.00    0.00    0.00    0.00    0.00   57.53
11:08:50     all   45.92    0.00    3.25    0.00    0.00    0.00    0.00    0.00    0.00   50.83
11:08:51     all   25.51    0.00    2.37    0.00    0.00    0.00    0.00    0.00    0.00   72.12
11:08:52     all   43.18    0.00    2.71    0.00    0.00    0.00    0.00    0.00    0.00   54.12
11:08:53     all   31.82    0.00    2.23    0.00    0.00    0.00    0.00    0.00    0.00   65.95
11:08:54     all   46.55    0.00    3.29    0.00    0.00    0.00    0.00    0.00    0.00   50.17
11:08:55     all   45.19    0.00    3.08    0.00    0.00    0.00    0.00    0.00    0.00   51.73
11:08:56     all   31.93    0.00    2.30    0.00    0.00    0.01    0.00    0.00    0.00   65.76
11:08:57     all   37.86    0.00    2.44    0.00    0.00    0.00    0.00    0.00    0.00   59.70
11:08:58     all   33.51    0.01    2.20    0.00    0.00    0.00    0.00    0.00    0.00   64.28
11:08:59     all   37.94    0.00    2.77    0.00    0.00    0.01    0.00    0.00    0.00   59.27
11:09:00     all   28.53    0.00    2.65    0.00    0.00    0.00    0.00    0.00    0.00   68.82
11:09:01     all   38.82    0.00    2.47    0.00    0.00    0.00    0.00    0.00    0.00   58.70
11:09:02     all   34.29    0.00    1.84    0.00    0.00    0.00    0.00    0.00    0.00   63.87
11:09:03     all   30.89    0.01    1.93    0.00    0.00    0.01    0.00    0.00    0.00   67.15
11:09:04     all   40.13    0.00    2.84    0.00    0.00    0.00    0.00    0.00    0.00   57.03
11:09:05     all   30.27    0.00    2.46    0.00    0.00    0.00    0.00    0.00    0.00   67.27
11:09:06     all   40.23    0.00    2.28    0.00    0.00    0.00    0.00    0.00    0.00   57.49
11:09:07     all   29.33    0.00    2.34    0.01    0.00    0.00    0.00    0.00    0.00   68.32
11:09:08     all   38.31    0.00    2.82    0.00    0.00    0.01    0.00    0.00    0.00   58.85
11:09:09     all   37.02    0.00    2.74    0.00    0.00    0.00    0.00    0.00    0.00   60.24
11:09:10     all   32.42    0.00    1.85    0.00    0.00    0.00    0.00    0.00    0.00   65.73
11:09:11     all   32.67    0.01    2.91    0.00    0.00    0.00    0.00    0.00    0.00   64.40
11:09:12     all   35.76    0.00    2.56    0.00    0.00    0.00    0.00    0.00    0.00   61.68
11:09:13     all   46.49    0.00    3.19    0.00    0.00    0.00    0.00    0.00    0.00   50.32
11:09:14     all   29.41    0.00    2.55    0.00    0.00    0.01    0.00    0.00    0.00   68.03
11:09:15     all   46.62    0.00    2.84    0.00    0.00    0.01    0.00    0.00    0.00   50.53
11:09:16     all   29.25    0.00    2.69    0.00    0.00    0.00    0.00    0.00    0.00   68.06
11:09:17     all   42.03    0.00    2.86    0.00    0.00    0.00    0.00    0.00    0.00   55.11
11:09:18     all   34.28    0.00    2.43    0.00    0.00    0.01    0.00    0.00    0.00   63.27
11:09:19     all   37.02    0.00    2.48    0.00    0.00    0.00    0.00    0.00    0.00   60.50
11:09:20     all   33.52    0.00    2.34    0.00    0.00    0.00    0.00    0.00    0.00   64.14
11:09:21     all   33.00    0.00    1.95    0.00    0.00    0.00    0.00    0.00    0.00   65.05
11:09:22     all   37.95    0.00    2.80    0.00    0.00    0.00    0.00    0.00    0.00   59.25
11:09:23     all   37.55    0.00    2.57    0.00    0.00    0.00    0.00    0.00    0.00   59.87
11:09:24     all   36.32    0.00    2.76    0.00    0.00    0.00    0.00    0.00    0.00   60.92
11:09:25     all   36.91    0.00    2.96    0.00    0.00    0.01    0.00    0.00    0.00   60.12
11:09:26     all   32.50    0.00    2.30    0.00    0.00    0.00    0.00    0.00    0.00   65.20
11:09:27     all   37.92    0.00    2.44    0.00    0.00    0.00    0.00    0.00    0.00   59.64
11:09:28     all   19.43    0.00    1.86    0.00    0.00    0.00    0.00    0.00    0.00   78.71
11:09:29     all   47.48    0.00    2.27    0.00    0.00    0.00    0.00    0.00    0.00   50.26
11:09:30     all   32.31    0.00    1.68    0.00    0.00    0.00    0.00    0.00    0.00   66.01
11:09:31     all   20.21    0.00    1.77    0.00    0.00    0.00    0.00    0.00    0.00   78.02
11:09:32     all   46.87    0.00    2.34    0.00    0.00    0.01    0.00    0.00    0.00   50.78
11:09:33     all   34.49    0.00    2.30    0.00    0.00    0.00    0.00    0.00    0.00   63.22
11:09:34     all   30.54    0.00    2.34    0.00    0.00    0.00    0.00    0.00    0.00   67.13
11:09:35     all   33.50    0.00    2.58    0.00    0.00    0.00    0.00    0.00    0.00   63.92
11:09:36     all   41.62    0.00    2.35    0.00    0.00    0.00    0.00    0.00    0.00   56.03
11:09:37     all   36.63    0.00    2.70    0.00    0.00    0.00    0.00    0.00    0.00   60.67
11:09:38     all   47.65    0.00    3.36    0.00    0.00    0.01    0.00    0.00    0.00   48.97
11:09:39     all   32.78    0.00    2.53    0.01    0.00    0.00    0.00    0.00    0.00   64.67
11:09:40     all   29.54    0.00    2.16    0.00    0.00    0.00    0.00    0.00    0.00   68.30
11:09:41     all   32.12    0.00    1.63    0.00    0.00    0.00    0.00    0.00    0.00   66.25
11:09:42     all   33.27    0.00    1.82    0.00    0.00    0.00    0.00    0.00    0.00   64.91
11:09:43     all   30.00    0.00    1.74    0.00    0.00    0.00    0.00    0.00    0.00   68.26
11:09:44     all   43.91    0.00    2.24    0.00    0.00    0.00    0.00    0.00    0.00   53.85
11:09:45     all   22.59    0.00    1.63    0.00    0.00    0.01    0.00    0.00    0.00   75.77
11:09:46     all   42.95    0.00    2.00    0.00    0.00    0.00    0.00    0.00    0.00   55.05
11:09:47     all   26.47    0.00    1.72    0.00    0.00    0.00    0.00    0.00    0.00   71.80
11:09:48     all   31.03    0.00    1.81    0.00    0.00    0.01    0.00    0.00    0.00   67.15
11:09:49     all   47.24    0.00    2.66    0.00    0.00    0.00    0.00    0.00    0.00   50.10
11:09:50     all   22.83    0.00    2.25    0.00    0.00    0.00    0.00    0.00    0.00   74.92
11:09:51     all   45.70    0.00    2.60    0.00    0.00    0.01    0.00    0.00    0.00   51.69
11:09:52     all   29.31    0.00    2.40    0.00    0.00    0.00    0.00    0.00    0.00   68.28
11:09:53     all   47.28    0.00    2.94    0.03    0.00    0.00    0.00    0.00    0.00   49.76
11:09:54     all   29.35    0.00    1.99    0.00    0.00    0.00    0.00    0.00    0.00   68.66
11:09:55     all   43.60    0.00    2.82    0.00    0.00    0.01    0.00    0.00    0.00   53.56
11:09:56     all   33.10    0.00    1.96    0.01    0.00    0.01    0.00    0.00    0.00   64.91
11:09:57     all   26.86    0.00    1.83    0.00    0.00    0.00    0.00    0.00    0.00   71.31
11:09:58     all   36.34    0.00    2.10    0.00    0.00    0.00    0.00    0.00    0.00   61.56
11:09:59     all   44.93    0.00    4.20    0.00    0.00    0.00    0.00    0.00    0.00   50.87
11:10:00     all   37.87    0.00    3.16    0.00    0.00    0.01    0.00    0.00    0.00   58.96
11:10:01     all   31.42    0.00    2.34    0.00    0.00    0.01    0.00    0.00    0.00   66.23
11:10:02     all   28.43    0.00    2.95    0.00    0.00    0.01    0.00    0.00    0.00   68.61
11:10:03     all   43.20    0.00    3.05    0.00    0.00    0.00    0.00    0.00    0.00   53.75
11:10:04     all   32.09    0.00    2.43    0.00    0.00    0.00    0.00    0.00    0.00   65.48
11:10:05     all   46.57    0.00    3.23    0.00    0.00    0.00    0.00    0.00    0.00   50.20
11:10:06     all   29.20    0.00    2.49    0.00    0.00    0.00    0.00    0.00    0.00   68.30
11:10:07     all   34.94    0.00    2.07    0.00    0.00    0.00    0.00    0.00    0.00   62.99
11:10:08     all   31.25    0.00    1.36    0.00    0.00    0.00    0.00    0.00    0.00   67.39
11:10:09     all   30.31    0.00    2.09    0.00    0.00    0.00    0.00    0.00    0.00   67.60
11:10:10     all   42.56    0.00    1.82    0.00    0.00    0.01    0.00    0.00    0.00   55.60
11:10:11     all   29.46    0.00    1.70    0.00    0.00    0.00    0.00    0.00    0.00   68.85
11:10:12     all   39.02    0.00    2.11    0.00    0.00    0.01    0.00    0.00    0.00   58.85
11:10:13     all   28.55    0.00    1.43    0.00    0.00    0.00    0.00    0.00    0.00   70.01
11:10:14     all   38.09    0.00    1.79    0.00    0.00    0.01    0.00    0.00    0.00   60.11
11:10:15     all   32.53    0.00    1.79    0.00    0.00    0.00    0.00    0.00    0.00   65.67
11:10:16     all   31.72    0.00    2.31    0.00    0.00    0.00    0.00    0.00    0.00   65.97
11:10:17     all   43.49    0.00    2.07    0.00    0.00    0.01    0.00    0.00    0.00   54.42
11:10:18     all   24.26    0.00    1.82    0.00    0.00    0.00    0.00    0.00    0.00   73.92
11:10:19     all   36.25    0.00    2.54    0.00    0.00    0.00    0.00    0.00    0.00   61.21
11:10:20     all   34.60    0.00    2.60    0.00    0.00    0.00    0.00    0.00    0.00   62.80
11:10:21     all   37.06    0.00    1.99    0.00    0.00    0.00    0.00    0.00    0.00   60.95
11:10:22     all   34.85    0.00    1.75    0.00    0.00    0.01    0.00    0.00    0.00   63.39
11:10:23     all   29.52    0.00    1.60    0.00    0.00    0.00    0.00    0.00    0.00   68.89
11:10:24     all   35.47    0.00    1.99    0.00    0.00    0.00    0.00    0.00    0.00   62.55
11:10:25     all   40.38    0.00    2.80    0.00    0.00    0.01    0.00    0.00    0.00   56.81
11:10:26     all   32.75    0.00    1.97    0.00    0.00    0.00    0.00    0.00    0.00   65.28
11:10:27     all   34.67    0.00    1.83    0.00    0.00    0.00    0.00    0.00    0.00   63.49
11:10:28     all   28.60    0.00    1.28    0.00    0.00    0.00    0.00    0.00    0.00   70.12
11:10:29     all   47.61    0.00    2.40    0.00    0.00    0.03    0.00    0.00    0.00   49.96
11:10:30     all   34.45    0.00    2.55    0.00    0.00    0.00    0.00    0.00    0.00   63.00
11:10:31     all   33.40    0.00    1.36    0.00    0.00    0.00    0.00    0.00    0.00   65.24
11:10:32     all   43.87    0.00    2.16    0.00    0.00    0.01    0.00    0.00    0.00   53.96
11:10:33     all   22.18    0.00    1.99    0.00    0.00    0.00    0.00    0.00    0.00   75.83
11:10:34     all   34.64    0.00    2.10    0.00    0.00    0.00    0.00    0.00    0.00   63.26
11:10:35     all   43.57    0.00    1.75    0.00    0.00    0.01    0.00    0.00    0.00   54.66
11:10:36     all   22.63    0.00    1.57    0.00    0.00    0.00    0.00    0.00    0.00   75.80
11:10:37     all   46.34    0.00    2.76    0.00    0.00    0.01    0.00    0.00    0.00   50.89
11:10:38     all   18.90    0.00    1.78    0.00    0.00    0.00    0.00    0.00    0.00   79.32
11:10:39     all   46.65    0.00    2.18    0.00    0.00    0.00    0.00    0.00    0.00   51.17
11:10:40     all   41.07    0.00    1.79    0.00    0.00    0.01    0.00    0.00    0.00   57.12
11:10:41     all   32.82    0.00    1.79    0.00    0.00    0.00    0.00    0.00    0.00   65.39
11:10:42     all   33.05    0.00    2.25    0.00    0.00    0.00    0.00    0.00    0.00   64.70
11:10:43     all   41.16    0.00    2.45    0.00    0.00    0.00    0.00    0.00    0.00   56.39
11:10:44     all   34.15    0.00    1.76    0.00    0.00    0.00    0.00    0.00    0.00   64.08
11:10:45     all   42.95    0.00    2.27    0.00    0.00    0.00    0.00    0.00    0.00   54.79
11:10:46     all   10.50    0.00    1.95    0.00    0.00    0.00    0.00    0.00    0.00   87.55
11:10:47     all    6.51    0.00    1.13    0.00    0.00    0.00    0.00    0.00    0.00   92.37
11:10:48     all    5.00    0.00    0.96    0.00    0.00    0.01    0.00    0.00    0.00   94.02
11:10:49     all    4.60    0.00    0.83    0.00    0.00    0.00    0.00    0.00    0.00   94.57
11:10:50     all    3.70    0.00    0.82    0.00    0.00    0.00    0.00    0.00    0.00   95.48
11:10:51     all    2.60    0.00    0.42    0.00    0.00    0.00    0.00    0.00    0.00   96.98
11:10:52     all    1.94    0.00    0.36    0.00    0.00    0.01    0.00    0.00    0.00   97.68
11:10:53     all    1.21    0.00    0.32    0.00    0.00    0.00    0.00    0.00    0.00   98.47
11:10:54     all    1.49    0.00    0.35    0.00    0.00    0.00    0.00    0.00    0.00   98.17
11:10:55     all    1.82    0.00    0.35    0.00    0.00    0.00    0.00    0.00    0.00   97.83
11:10:56     all    0.03    0.00    0.14    0.00    0.00    0.00    0.00    0.00    0.00   99.83
11:10:57     all    0.31    0.00    0.10    0.00    0.00    0.00    0.00    0.00    0.00   99.60
11:10:58     all    0.35    0.00    0.12    0.00    0.00    0.01    0.00    0.00    0.00   99.51
11:10:59     all    0.11    0.00    0.18    0.00    0.00    0.00    0.00    0.00    0.00   99.71
11:11:00     all    0.33    0.00    0.21    0.00    0.00    0.00    0.00    0.00    0.00   99.46
11:11:01     all    0.39    0.00    0.11    0.00    0.00    0.00    0.00    0.00    0.00   99.50
11:11:02     all    0.12    0.00    0.32    0.01    0.00    0.00    0.00    0.00    0.00   99.54
11:11:03     all    0.31    0.00    0.25    0.00    0.00    0.00    0.00    0.00    0.00   99.44
11:11:04     all    1.01    0.00    0.18    0.00    0.00    0.00    0.00    0.00    0.00   98.81
11:11:05     all    0.36    0.01    1.56    0.00    0.00    0.00    0.00    0.00    0.00   98.07
11:11:06     all    0.25    0.00    1.57    0.00    0.00    0.00    0.00    0.00    0.00   98.18
11:11:07     all    0.24    0.00    1.53    0.00    0.00    0.00    0.00    0.00    0.00   98.23
11:11:08     all    0.10    0.00    0.85    0.00    0.00    0.00    0.00    0.00    0.00   99.05
11:11:09     all    0.31    0.00    0.13    0.00    0.00    0.00    0.00    0.00    0.00   99.57
11:11:10     all    0.39    0.00    0.26    0.00    0.00    0.01    0.00    0.00    0.00   99.33
11:11:11     all    0.04    0.00    0.11    0.00    0.00    0.00    0.00    0.00    0.00   99.85
11:11:12     all    0.28    0.00    0.07    0.00    0.00    0.00    0.00    0.00    0.00   99.65
11:11:13     all    0.24    0.00    0.11    0.00    0.00    0.00    0.00    0.00    0.00   99.65
11:11:14     all    0.06    0.01    0.07    0.00    0.00    0.00    0.00    0.00    0.00   99.86
11:11:15     all    0.31    0.00    0.18    0.00    0.00    0.00    0.00    0.00    0.00   99.51
11:11:16     all    0.33    0.00    0.08    0.00    0.00    0.00    0.00    0.00    0.00   99.58
11:11:17     all    0.29    0.00    0.22    0.01    0.00    0.00    0.00    0.00    0.00   99.47
11:11:18     all    0.45    0.00    0.14    0.00    0.00    0.00    0.00    0.00    0.00   99.42
11:11:19     all    0.26    0.00    0.10    0.00    0.00    0.00    0.00    0.00    0.00   99.64
11:11:20     all    0.10    0.00    0.17    0.00    0.00    0.00    0.00    0.00    0.00   99.74
11:11:21     all    0.22    0.00    0.12    0.00    0.00    0.00    0.00    0.00    0.00   99.65
11:11:22     all    0.38    0.00    0.14    0.00    0.00    0.00    0.00    0.00    0.00   99.49
11:11:23     all    0.01    0.00    0.07    0.00    0.00    0.00    0.00    0.00    0.00   99.92
11:11:24     all    0.28    0.00    0.10    0.00    0.00    0.00    0.00    0.00    0.00   99.62
11:11:25     all    0.32    0.00    0.18    0.00    0.00    0.00    0.00    0.00    0.00   99.50
11:11:26     all    0.03    0.00    0.04    0.00    0.00    0.00    0.00    0.00    0.00   99.93
11:11:27     all    0.24    0.00    0.07    0.00    0.00    0.00    0.00    0.00    0.00   99.69
11:11:28     all    0.28    0.00    0.08    0.00    0.00    0.00    0.00    0.00    0.00   99.64
11:11:29     all    0.03    0.00    0.08    0.00    0.00    0.00    0.00    0.00    0.00   99.89
11:11:30     all    0.29    0.00    0.15    0.00    0.00    0.00    0.00    0.00    0.00   99.56
11:11:31     all    0.32    0.00    0.08    0.00    0.00    0.00    0.00    0.00    0.00   99.60
11:11:32     all    0.01    0.00    0.07    0.00    0.00    0.00    0.00    0.00    0.00   99.92
11:11:33     all    0.56    0.00    0.26    0.00    0.00    0.00    0.00    0.00    0.00   99.18
11:11:34     all    0.40    0.00    0.28    0.00    0.00    0.00    0.00    0.00    0.00   99.32
11:11:35     all    0.07    0.00    0.11    0.00    0.00    0.00    0.00    0.00    0.00   99.82
11:11:36     all    0.36    0.00    0.19    0.00    0.00    0.00    0.00    0.00    0.00   99.44
11:11:37     all    0.24    0.00    0.07    0.00    0.00    0.00    0.00    0.00    0.00   99.69
11:11:38     all    0.06    0.00    0.06    0.00    0.00    0.00    0.00    0.00    0.00   99.89
11:11:39     all    0.31    0.00    0.11    0.00    0.00    0.00    0.00    0.00    0.00   99.58
11:11:40     all    0.65    0.00    0.19    0.00    0.00    0.00    0.00    0.00    0.00   99.15
11:11:41     all    0.24    0.00    0.19    0.00    0.00    0.00    0.00    0.00    0.00   99.57
11:11:42     all    0.32    0.00    0.10    0.00    0.00    0.00    0.00    0.00    0.00   99.58
11:11:43     all    0.42    0.00    0.14    0.00    0.00    0.00    0.00    0.00    0.00   99.44
11:11:44     all    0.36    0.00    0.14    0.00    0.00    0.00    0.00    0.00    0.00   99.50
11:11:45     all    0.35    0.00    0.21    0.00    0.00    0.00    0.00    0.00    0.00   99.44
11:11:46     all    0.78    0.00    0.32    0.00    0.00    0.00    0.00    0.00    0.00   98.90
11:11:47     all    0.01    0.00    0.07    0.00    0.00    0.00    0.00    0.00    0.00   99.92
11:11:48     all    0.25    0.00    0.10    0.00    0.00    0.00    0.00    0.00    0.00   99.65
11:11:49     all    0.40    0.00    0.14    0.00    0.00    0.00    0.00    0.00    0.00   99.46
11:11:50     all    0.15    0.00    0.25    0.00    0.00    0.00    0.00    0.00    0.00   99.60
11:11:51     all    0.42    0.01    0.21    0.00    0.00    0.00    0.00    0.00    0.00   99.36
11:11:52     all    0.26    0.00    0.07    0.00    0.00    0.00    0.00    0.00    0.00   99.67
11:11:53     all    0.10    0.00    0.07    0.00    0.00    0.00    0.00    0.00    0.00   99.83
11:11:54     all    0.68    0.00    0.25    0.00    0.00    0.00    0.00    0.00    0.00   99.07
11:11:55     all    0.29    0.00    0.15    0.00    0.00    0.00    0.00    0.00    0.00   99.56
11:11:56     all    0.67    0.00    0.42    0.00    0.00    0.00    0.00    0.00    0.00   98.92
11:11:57     all    0.28    0.00    0.17    0.00    0.00    0.00    0.00    0.00    0.00   99.56
11:11:58     all    0.33    0.00    0.10    0.00    0.00    0.00    0.00    0.00    0.00   99.57
11:11:59     all    0.01    0.01    0.07    0.00    0.00    0.00    0.00    0.00    0.00   99.90
11:12:00     all    0.33    0.00    0.15    0.00    0.00    0.00    0.00    0.00    0.00   99.51
11:12:01     all    0.35    0.00    0.14    0.00    0.00    0.00    0.00    0.00    0.00   99.51
11:12:02     all    0.47    0.00    0.22    0.00    0.00    0.00    0.00    0.00    0.00   99.31
11:12:03     all    0.25    0.00    0.08    0.00    0.00    0.00    0.00    0.00    0.00   99.67
11:12:04     all    0.25    0.00    0.08    0.00    0.00    0.00    0.00    0.00    0.00   99.67
11:12:05     all    0.15    0.00    0.18    0.00    0.00    0.00    0.00    0.00    0.00   99.67
11:12:06     all    0.46    0.00    0.43    0.00    0.00    0.00    0.00    0.00    0.00   99.11
11:12:07     all    0.21    0.00    0.14    0.00    0.00    0.00    0.00    0.00    0.00   99.65
11:12:08     all    0.17    0.00    0.10    0.00    0.00    0.00    0.00    0.00    0.00   99.74
11:12:09     all    0.28    0.00    0.11    0.00    0.00    0.00    0.00    0.00    0.00   99.61
11:12:10     all    0.18    0.00    0.12    0.01    0.00    0.00    0.00    0.00    0.00   99.68
11:12:11     all    0.29    0.01    0.14    0.00    0.00    0.00    0.00    0.00    0.00   99.56
11:12:12     all    0.28    0.00    0.07    0.00    0.00    0.00    0.00    0.00    0.00   99.65
11:12:13     all    0.83    0.00    0.25    0.00    0.00    0.00    0.00    0.00    0.00   98.92
11:12:14     all    6.95    0.00    0.50    0.00    0.00    0.00    0.00    0.00    0.00   92.55
11:12:15     all    1.40    0.00    0.64    0.00    0.00    0.00    0.00    0.00    0.00   97.96
11:12:16     all    1.35    0.00    0.49    0.00    0.00    0.00    0.00    0.00    0.00   98.17
11:12:17     all    1.45    0.00    0.21    0.00    0.00    0.00    0.00    0.00    0.00   98.35
11:12:18     all    1.64    0.00    0.22    0.00    0.00    0.00    0.00    0.00    0.00   98.14
11:12:19     all    1.49    0.00    0.28    0.00    0.00    0.00    0.00    0.00    0.00   98.23
11:12:20     all    1.47    0.00    0.17    0.00    0.00    0.00    0.00    0.00    0.00   98.36
11:12:21     all    1.84    0.00    0.36    0.00    0.00    0.01    0.00    0.00    0.00   97.78
11:12:22     all    1.58    0.00    0.35    0.00    0.00    0.00    0.00    0.00    0.00   98.07
11:12:23     all    1.60    0.00    0.40    0.00    0.00    0.00    0.00    0.00    0.00   98.00
