2026/08/10 10:40:33.544, 0, 93, 0
2026/08/10 10:40:33.547, 1, 15, 0
2026/08/10 10:40:34.592, 0, 93, 0
2026/08/10 10:40:34.595, 1, 15, 0
2026/08/10 10:40:35.636, 0, 95, 0
2026/08/10 10:40:35.640, 1, 301, 0
2026/08/10 10:40:36.691, 0, 110, 0
2026/08/10 10:40:36.696, 1, 301, 0
2026/08/10 10:40:37.742, 0, 443, 0
2026/08/10 10:40:37.744, 1, 301, 0
2026/08/10 10:40:38.780, 0, 475, 0
2026/08/10 10:40:38.782, 1, 301, 0
2026/08/10 10:40:39.817, 0, 475, 0
2026/08/10 10:40:39.819, 1, 301, 0
2026/08/10 10:40:40.854, 0, 475, 0
2026/08/10 10:40:40.856, 1, 301, 0
2026/08/10 10:40:41.890, 0, 475, 0
2026/08/10 10:40:41.892, 1, 301, 0
2026/08/10 10:40:42.926, 0, 475, 0
2026/08/10 10:40:42.928, 1, 301, 0
2026/08/10 10:40:43.966, 0, 475, 0
2026/08/10 10:40:43.968, 1, 301, 0
2026/08/10 10:40:45.006, 0, 475, 0
2026/08/10 10:40:45.008, 1, 301, 0
2026/08/10 10:40:46.045, 0, 507, 0
2026/08/10 10:40:46.047, 1, 301, 0
2026/08/10 10:40:47.085, 0, 507, 0
2026/08/10 10:40:47.087, 1, 301, 0
2026/08/10 10:40:48.124, 0, 509, 0
2026/08/10 10:40:48.126, 1, 301, 0
2026/08/10 10:40:49.165, 0, 511, 0
2026/08/10 10:40:49.167, 1, 301, 0
2026/08/10 10:40:50.205, 0, 511, 0
2026/08/10 10:40:50.207, 1, 387, 0
2026/08/10 10:40:51.244, 0, 511, 0
2026/08/10 10:40:51.246, 1, 419, 0
2026/08/10 10:40:52.283, 0, 511, 0
2026/08/10 10:40:52.285, 1, 419, 0
2026/08/10 10:40:53.322, 0, 511, 0
2026/08/10 10:40:53.324, 1, 419, 0
2026/08/10 10:40:54.361, 0, 511, 0
2026/08/10 10:40:54.363, 1, 419, 12
2026/08/10 10:40:55.398, 0, 511, 0
2026/08/10 10:40:55.399, 1, 419, 0
2026/08/10 10:40:56.436, 0, 511, 0
2026/08/10 10:40:56.438, 1, 419, 0
2026/08/10 10:40:57.475, 0, 511, 0
2026/08/10 10:40:57.477, 1, 419, 0
2026/08/10 10:40:58.515, 0, 511, 0
2026/08/10 10:40:58.517, 1, 419, 0
2026/08/10 10:40:59.552, 0, 511, 0
2026/08/10 10:40:59.554, 1, 451, 3
2026/08/10 10:41:00.591, 0, 511, 0
2026/08/10 10:41:00.593, 1, 453, 0
2026/08/10 10:41:01.630, 0, 511, 0
2026/08/10 10:41:01.632, 1, 455, 0
2026/08/10 10:41:02.670, 0, 511, 0
2026/08/10 10:41:02.672, 1, 455, 0
2026/08/10 10:41:03.708, 0, 511, 0
2026/08/10 10:41:03.710, 1, 455, 0
2026/08/10 10:41:04.747, 0, 511, 0
2026/08/10 10:41:04.749, 1, 1105, 0
2026/08/10 10:41:05.790, 0, 511, 0
2026/08/10 10:41:05.792, 1, 1327, 27
2026/08/10 10:41:06.835, 0, 511, 0
2026/08/10 10:41:06.838, 1, 1701, 25
2026/08/10 10:41:07.878, 0, 511, 0
2026/08/10 10:41:07.881, 1, 1701, 25
2026/08/10 10:41:08.926, 0, 511, 0
2026/08/10 10:41:08.930, 1, 1701, 26
2026/08/10 10:41:09.973, 0, 511, 0
2026/08/10 10:41:09.977, 1, 1701, 28
2026/08/10 10:41:11.019, 0, 511, 0
2026/08/10 10:41:11.023, 1, 1701, 28
2026/08/10 10:41:12.068, 0, 511, 0
2026/08/10 10:41:12.072, 1, 1703, 17
2026/08/10 10:41:13.118, 0, 511, 0
2026/08/10 10:41:13.122, 1, 1703, 24
2026/08/10 10:41:14.164, 0, 511, 0
2026/08/10 10:41:14.168, 1, 1703, 0
2026/08/10 10:41:15.214, 0, 511, 0
2026/08/10 10:41:15.217, 1, 1703, 25
2026/08/10 10:41:16.260, 0, 511, 0
2026/08/10 10:41:16.264, 1, 1703, 7
2026/08/10 10:41:17.307, 0, 511, 0
2026/08/10 10:41:17.311, 1, 1703, 24
2026/08/10 10:41:18.357, 0, 511, 0
2026/08/10 10:41:18.361, 1, 1703, 30
2026/08/10 10:41:19.405, 0, 511, 0
2026/08/10 10:41:19.409, 1, 1703, 28
2026/08/10 10:41:20.454, 0, 511, 0
2026/08/10 10:41:20.458, 1, 1703, 29
2026/08/10 10:41:21.503, 0, 511, 0
2026/08/10 10:41:21.506, 1, 1703, 25
2026/08/10 10:41:22.550, 0, 511, 0
2026/08/10 10:41:22.553, 1, 1703, 22
2026/08/10 10:41:23.598, 0, 511, 0
2026/08/10 10:41:23.602, 1, 1703, 24
2026/08/10 10:41:24.644, 0, 511, 0
2026/08/10 10:41:24.648, 1, 1703, 26
2026/08/10 10:41:25.692, 0, 511, 0
2026/08/10 10:41:25.696, 1, 1703, 27
2026/08/10 10:41:26.739, 0, 511, 0
2026/08/10 10:41:26.743, 1, 1703, 25
2026/08/10 10:41:27.787, 0, 511, 0
2026/08/10 10:41:27.791, 1, 1703, 26
2026/08/10 10:41:28.835, 0, 511, 0
2026/08/10 10:41:28.839, 1, 1703, 27
2026/08/10 10:41:29.882, 0, 511, 0
2026/08/10 10:41:29.886, 1, 1703, 26
2026/08/10 10:41:30.929, 0, 511, 0
2026/08/10 10:41:30.933, 1, 1703, 27
2026/08/10 10:41:31.976, 0, 511, 0
2026/08/10 10:41:31.979, 1, 1703, 23
2026/08/10 10:41:33.023, 0, 511, 0
2026/08/10 10:41:33.027, 1, 1703, 24
2026/08/10 10:41:34.070, 0, 511, 0
2026/08/10 10:41:34.074, 1, 1703, 22
2026/08/10 10:41:35.119, 0, 511, 0
2026/08/10 10:41:35.123, 1, 1703, 22
2026/08/10 10:41:36.166, 0, 511, 0
2026/08/10 10:41:36.170, 1, 1703, 19
2026/08/10 10:41:37.216, 0, 511, 0
2026/08/10 10:41:37.220, 1, 1703, 20
2026/08/10 10:41:38.263, 0, 511, 0
2026/08/10 10:41:38.267, 1, 1703, 24
2026/08/10 10:41:39.309, 0, 511, 0
2026/08/10 10:41:39.312, 1, 1703, 25
2026/08/10 10:41:40.356, 0, 511, 0
2026/08/10 10:41:40.360, 1, 1703, 26
2026/08/10 10:41:41.403, 0, 511, 0
2026/08/10 10:41:41.407, 1, 1703, 25
2026/08/10 10:41:42.452, 0, 511, 0
2026/08/10 10:41:42.456, 1, 1703, 1
2026/08/10 10:41:43.500, 0, 511, 0
2026/08/10 10:41:43.504, 1, 1703, 26
2026/08/10 10:41:44.547, 0, 511, 0
2026/08/10 10:41:44.551, 1, 1703, 27
2026/08/10 10:41:45.593, 0, 511, 0
2026/08/10 10:41:45.597, 1, 1703, 25
2026/08/10 10:41:46.638, 0, 511, 0
2026/08/10 10:41:46.641, 1, 1703, 25
2026/08/10 10:41:47.684, 0, 511, 0
2026/08/10 10:41:47.688, 1, 1703, 27
2026/08/10 10:41:48.727, 0, 511, 0
2026/08/10 10:41:48.731, 1, 1703, 25
2026/08/10 10:41:49.776, 0, 511, 0
2026/08/10 10:41:49.780, 1, 1703, 28
2026/08/10 10:41:50.824, 0, 511, 0
2026/08/10 10:41:50.828, 1, 1703, 24
2026/08/10 10:41:51.872, 0, 511, 0
2026/08/10 10:41:51.875, 1, 1703, 24
2026/08/10 10:41:52.919, 0, 511, 0
2026/08/10 10:41:52.922, 1, 1703, 0
2026/08/10 10:41:53.965, 0, 511, 0
2026/08/10 10:41:53.969, 1, 1703, 25
2026/08/10 10:41:55.012, 0, 511, 0
2026/08/10 10:41:55.016, 1, 1703, 14
2026/08/10 10:41:56.060, 0, 511, 0
2026/08/10 10:41:56.063, 1, 1703, 24
2026/08/10 10:41:57.108, 0, 511, 0
2026/08/10 10:41:57.112, 1, 1703, 27
2026/08/10 10:41:58.156, 0, 511, 0
2026/08/10 10:41:58.160, 1, 1703, 26
2026/08/10 10:41:59.203, 0, 511, 0
2026/08/10 10:41:59.207, 1, 1703, 30
2026/08/10 10:42:00.252, 0, 511, 0
2026/08/10 10:42:00.257, 1, 1703, 25
2026/08/10 10:42:01.302, 0, 511, 0
2026/08/10 10:42:01.306, 1, 1703, 26
2026/08/10 10:42:02.351, 0, 511, 0
2026/08/10 10:42:02.356, 1, 1703, 28
2026/08/10 10:42:03.402, 0, 511, 0
2026/08/10 10:42:03.406, 1, 1703, 29
2026/08/10 10:42:04.452, 0, 511, 0
2026/08/10 10:42:04.456, 1, 1703, 26
2026/08/10 10:42:05.502, 0, 511, 0
2026/08/10 10:42:05.506, 1, 1703, 25
2026/08/10 10:42:06.553, 0, 511, 0
2026/08/10 10:42:06.558, 1, 1703, 29
2026/08/10 10:42:07.611, 0, 511, 0
2026/08/10 10:42:07.615, 1, 1703, 26
2026/08/10 10:42:08.664, 0, 511, 0
2026/08/10 10:42:08.668, 1, 1703, 0
2026/08/10 10:42:09.715, 0, 511, 0
2026/08/10 10:42:09.719, 1, 1703, 25
2026/08/10 10:42:10.767, 0, 511, 0
2026/08/10 10:42:10.772, 1, 1703, 20
2026/08/10 10:42:11.819, 0, 511, 0
2026/08/10 10:42:11.823, 1, 1703, 27
2026/08/10 10:42:12.869, 0, 511, 0
2026/08/10 10:42:12.873, 1, 1703, 30
2026/08/10 10:42:13.919, 0, 511, 0
2026/08/10 10:42:13.923, 1, 1703, 27
2026/08/10 10:42:14.972, 0, 511, 0
2026/08/10 10:42:14.977, 1, 1703, 26
2026/08/10 10:42:16.028, 0, 511, 0
2026/08/10 10:42:16.033, 1, 1703, 29
2026/08/10 10:42:17.084, 0, 511, 0
2026/08/10 10:42:17.088, 1, 1703, 26
2026/08/10 10:42:18.140, 0, 511, 0
2026/08/10 10:42:18.145, 1, 1703, 29
2026/08/10 10:42:19.196, 0, 511, 0
2026/08/10 10:42:19.201, 1, 1703, 28
2026/08/10 10:42:20.249, 0, 511, 0
2026/08/10 10:42:20.252, 1, 1703, 29
2026/08/10 10:42:21.301, 0, 511, 0
2026/08/10 10:42:21.305, 1, 1703, 0
2026/08/10 10:42:22.353, 0, 511, 0
2026/08/10 10:42:22.357, 1, 1703, 26
2026/08/10 10:42:23.405, 0, 511, 0
2026/08/10 10:42:23.409, 1, 1703, 22
2026/08/10 10:42:24.457, 0, 511, 0
2026/08/10 10:42:24.461, 1, 1703, 29
2026/08/10 10:42:25.507, 0, 511, 0
2026/08/10 10:42:25.511, 1, 1703, 31
2026/08/10 10:42:26.565, 0, 511, 0
2026/08/10 10:42:26.569, 1, 1703, 26
2026/08/10 10:42:27.618, 0, 511, 0
2026/08/10 10:42:27.622, 1, 1703, 27
2026/08/10 10:42:28.671, 0, 511, 0
2026/08/10 10:42:28.677, 1, 1703, 25
2026/08/10 10:42:29.723, 0, 511, 0
2026/08/10 10:42:29.729, 1, 1703, 25
2026/08/10 10:42:30.773, 0, 511, 0
2026/08/10 10:42:30.778, 1, 1703, 26
2026/08/10 10:42:31.826, 0, 511, 0
2026/08/10 10:42:31.832, 1, 1703, 11
2026/08/10 10:42:32.877, 0, 511, 0
2026/08/10 10:42:32.882, 1, 1703, 27
2026/08/10 10:42:33.928, 0, 511, 0
2026/08/10 10:42:33.934, 1, 1703, 13
2026/08/10 10:42:34.980, 0, 511, 0
2026/08/10 10:42:34.985, 1, 1703, 24
2026/08/10 10:42:36.031, 0, 511, 0
2026/08/10 10:42:36.036, 1, 1703, 28
2026/08/10 10:42:37.081, 0, 511, 0
2026/08/10 10:42:37.085, 1, 1703, 25
2026/08/10 10:42:38.132, 0, 511, 0
2026/08/10 10:42:38.139, 1, 1703, 30
2026/08/10 10:42:39.187, 0, 511, 0
2026/08/10 10:42:39.192, 1, 1703, 25
2026/08/10 10:42:40.241, 0, 511, 0
2026/08/10 10:42:40.246, 1, 1703, 26
2026/08/10 10:42:41.289, 0, 511, 0
2026/08/10 10:42:41.294, 1, 1703, 24
2026/08/10 10:42:42.336, 0, 511, 0
2026/08/10 10:42:42.340, 1, 1703, 29
2026/08/10 10:42:43.386, 0, 511, 0
2026/08/10 10:42:43.392, 1, 1703, 31
2026/08/10 10:42:44.436, 0, 511, 0
2026/08/10 10:42:44.442, 1, 1703, 27
2026/08/10 10:42:45.487, 0, 511, 0
2026/08/10 10:42:45.494, 1, 1703, 29
2026/08/10 10:42:46.539, 0, 511, 0
2026/08/10 10:42:46.544, 1, 1703, 24
2026/08/10 10:42:47.590, 0, 511, 0
2026/08/10 10:42:47.594, 1, 1703, 26
2026/08/10 10:42:48.639, 0, 511, 0
2026/08/10 10:42:48.645, 1, 1703, 29
2026/08/10 10:42:49.686, 0, 511, 0
2026/08/10 10:42:49.689, 1, 1703, 25
2026/08/10 10:42:50.735, 0, 511, 0
2026/08/10 10:42:50.740, 1, 1703, 25
2026/08/10 10:42:51.788, 0, 511, 0
2026/08/10 10:42:51.796, 1, 1703, 25
2026/08/10 10:42:52.846, 0, 511, 0
2026/08/10 10:42:52.851, 1, 1703, 25
2026/08/10 10:42:53.899, 0, 511, 0
2026/08/10 10:42:53.904, 1, 1703, 4
2026/08/10 10:42:54.949, 0, 511, 0
2026/08/10 10:42:54.953, 1, 1703, 26
2026/08/10 10:42:56.002, 0, 511, 0
2026/08/10 10:42:56.006, 1, 1703, 8
2026/08/10 10:42:57.054, 0, 511, 0
2026/08/10 10:42:57.059, 1, 1703, 24
2026/08/10 10:42:58.108, 0, 511, 0
2026/08/10 10:42:58.112, 1, 1703, 29
2026/08/10 10:42:59.163, 0, 511, 0
2026/08/10 10:42:59.167, 1, 1703, 28
2026/08/10 10:43:00.218, 0, 511, 0
2026/08/10 10:43:00.223, 1, 1703, 28
2026/08/10 10:43:01.275, 0, 511, 0
2026/08/10 10:43:01.280, 1, 1703, 25
2026/08/10 10:43:02.328, 0, 511, 0
2026/08/10 10:43:02.333, 1, 1703, 31
2026/08/10 10:43:03.382, 0, 511, 0
2026/08/10 10:43:03.386, 1, 1703, 26
2026/08/10 10:43:04.435, 0, 511, 0
2026/08/10 10:43:04.439, 1, 1703, 28
2026/08/10 10:43:05.489, 0, 511, 0
2026/08/10 10:43:05.493, 1, 1703, 26
2026/08/10 10:43:06.540, 0, 511, 0
2026/08/10 10:43:06.544, 1, 1703, 27
2026/08/10 10:43:07.592, 0, 511, 0
2026/08/10 10:43:07.597, 1, 1703, 18
2026/08/10 10:43:08.651, 0, 511, 0
2026/08/10 10:43:08.656, 1, 1703, 27
2026/08/10 10:43:09.705, 0, 511, 0
2026/08/10 10:43:09.709, 1, 1703, 10
2026/08/10 10:43:10.758, 0, 511, 0
2026/08/10 10:43:10.762, 1, 1703, 27
2026/08/10 10:43:11.811, 0, 511, 0
2026/08/10 10:43:11.815, 1, 1703, 26
2026/08/10 10:43:12.863, 0, 511, 0
2026/08/10 10:43:12.867, 1, 1703, 26
2026/08/10 10:43:13.915, 0, 511, 0
2026/08/10 10:43:13.919, 1, 1703, 28
2026/08/10 10:43:14.970, 0, 511, 0
2026/08/10 10:43:14.974, 1, 1703, 27
2026/08/10 10:43:16.027, 0, 511, 0
2026/08/10 10:43:16.031, 1, 1703, 28
2026/08/10 10:43:17.080, 0, 511, 0
2026/08/10 10:43:17.084, 1, 1703, 27
2026/08/10 10:43:18.132, 0, 511, 0
2026/08/10 10:43:18.137, 1, 1703, 27
2026/08/10 10:43:19.184, 0, 511, 0
2026/08/10 10:43:19.189, 1, 1703, 27
2026/08/10 10:43:20.239, 0, 511, 0
2026/08/10 10:43:20.243, 1, 1703, 2
2026/08/10 10:43:21.291, 0, 511, 0
2026/08/10 10:43:21.295, 1, 1703, 29
2026/08/10 10:43:22.346, 0, 511, 0
2026/08/10 10:43:22.350, 1, 1703, 27
2026/08/10 10:43:23.398, 0, 511, 0
2026/08/10 10:43:23.402, 1, 1703, 24
2026/08/10 10:43:24.450, 0, 511, 0
2026/08/10 10:43:24.454, 1, 1703, 26
2026/08/10 10:43:25.503, 0, 511, 0
2026/08/10 10:43:25.507, 1, 1703, 25
2026/08/10 10:43:26.556, 0, 511, 0
2026/08/10 10:43:26.561, 1, 1703, 29
2026/08/10 10:43:27.608, 0, 511, 0
2026/08/10 10:43:27.613, 1, 1703, 28
2026/08/10 10:43:28.660, 0, 511, 0
2026/08/10 10:43:28.663, 1, 1703, 29
2026/08/10 10:43:29.712, 0, 511, 0
2026/08/10 10:43:29.716, 1, 1703, 28
2026/08/10 10:43:30.763, 0, 511, 0
2026/08/10 10:43:30.767, 1, 1703, 32
2026/08/10 10:43:31.812, 0, 511, 0
2026/08/10 10:43:31.816, 1, 1703, 24
2026/08/10 10:43:32.866, 0, 511, 0
2026/08/10 10:43:32.870, 1, 1703, 27
2026/08/10 10:43:33.917, 0, 511, 0
2026/08/10 10:43:33.921, 1, 1703, 27
2026/08/10 10:43:34.969, 0, 511, 0
2026/08/10 10:43:34.974, 1, 1703, 28
2026/08/10 10:43:36.019, 0, 511, 0
2026/08/10 10:43:36.023, 1, 1703, 26
2026/08/10 10:43:37.072, 0, 511, 0
2026/08/10 10:43:37.076, 1, 1703, 29
2026/08/10 10:43:38.125, 0, 511, 0
2026/08/10 10:43:38.129, 1, 1703, 27
2026/08/10 10:43:39.180, 0, 511, 0
2026/08/10 10:43:39.184, 1, 1703, 25
2026/08/10 10:43:40.232, 0, 511, 0
2026/08/10 10:43:40.236, 1, 1703, 28
2026/08/10 10:43:41.284, 0, 511, 0
2026/08/10 10:43:41.288, 1, 1703, 28
2026/08/10 10:43:42.338, 0, 511, 0
2026/08/10 10:43:42.342, 1, 1703, 27
2026/08/10 10:43:43.392, 0, 511, 0
2026/08/10 10:43:43.396, 1, 1703, 23
2026/08/10 10:43:44.444, 0, 511, 0
2026/08/10 10:43:44.449, 1, 1703, 28
2026/08/10 10:43:45.497, 0, 511, 0
2026/08/10 10:43:45.502, 1, 1703, 25
2026/08/10 10:43:46.549, 0, 511, 0
2026/08/10 10:43:46.552, 1, 1703, 27
2026/08/10 10:43:47.603, 0, 511, 0
2026/08/10 10:43:47.608, 1, 1703, 27
2026/08/10 10:43:48.657, 0, 511, 0
2026/08/10 10:43:48.661, 1, 1703, 28
2026/08/10 10:43:49.711, 0, 511, 0
2026/08/10 10:43:49.716, 1, 1703, 25
2026/08/10 10:43:50.764, 0, 511, 0
2026/08/10 10:43:50.769, 1, 1703, 27
2026/08/10 10:43:51.819, 0, 511, 0
2026/08/10 10:43:51.824, 1, 1703, 29
2026/08/10 10:43:52.874, 0, 511, 0
2026/08/10 10:43:52.878, 1, 1703, 26
2026/08/10 10:43:53.927, 0, 511, 0
2026/08/10 10:43:53.932, 1, 1703, 26
2026/08/10 10:43:54.981, 0, 511, 0
2026/08/10 10:43:54.985, 1, 1703, 27
2026/08/10 10:43:56.033, 0, 511, 0
2026/08/10 10:43:56.037, 1, 1703, 23
2026/08/10 10:43:57.087, 0, 511, 0
2026/08/10 10:43:57.091, 1, 1703, 26
2026/08/10 10:43:58.141, 0, 511, 0
2026/08/10 10:43:58.146, 1, 1703, 27
2026/08/10 10:43:59.193, 0, 511, 0
2026/08/10 10:43:59.198, 1, 1703, 23
2026/08/10 10:44:00.247, 0, 511, 0
2026/08/10 10:44:00.252, 1, 1703, 25
2026/08/10 10:44:01.302, 0, 511, 0
2026/08/10 10:44:01.308, 1, 1703, 29
2026/08/10 10:44:02.358, 0, 511, 0
2026/08/10 10:44:02.364, 1, 1703, 27
2026/08/10 10:44:03.414, 0, 511, 0
2026/08/10 10:44:03.418, 1, 1703, 27
2026/08/10 10:44:04.467, 0, 511, 0
2026/08/10 10:44:04.473, 1, 1703, 8
2026/08/10 10:44:05.524, 0, 511, 0
2026/08/10 10:44:05.529, 1, 1703, 29
2026/08/10 10:44:06.580, 0, 511, 0
2026/08/10 10:44:06.584, 1, 1703, 30
2026/08/10 10:44:07.633, 0, 511, 0
2026/08/10 10:44:07.637, 1, 1703, 26
2026/08/10 10:44:08.684, 0, 511, 0
2026/08/10 10:44:08.688, 1, 1703, 28
2026/08/10 10:44:09.737, 0, 511, 0
2026/08/10 10:44:09.742, 1, 1703, 29
2026/08/10 10:44:10.791, 0, 511, 0
2026/08/10 10:44:10.796, 1, 1703, 26
2026/08/10 10:44:11.844, 0, 511, 0
2026/08/10 10:44:11.849, 1, 1703, 31
2026/08/10 10:44:12.898, 0, 511, 0
2026/08/10 10:44:12.902, 1, 1703, 0
2026/08/10 10:44:13.961, 0, 511, 0
2026/08/10 10:44:13.969, 1, 1703, 25
2026/08/10 10:44:15.024, 0, 511, 0
2026/08/10 10:44:15.028, 1, 1703, 28
2026/08/10 10:44:16.073, 0, 511, 0
2026/08/10 10:44:16.077, 1, 1703, 25
2026/08/10 10:44:17.123, 0, 511, 0
2026/08/10 10:44:17.127, 1, 1703, 28
2026/08/10 10:44:18.172, 0, 511, 0
2026/08/10 10:44:18.176, 1, 1703, 26
2026/08/10 10:44:19.222, 0, 511, 0
2026/08/10 10:44:19.226, 1, 1703, 28
2026/08/10 10:44:20.273, 0, 511, 0
2026/08/10 10:44:20.277, 1, 1703, 25
2026/08/10 10:44:21.327, 0, 511, 0
2026/08/10 10:44:21.331, 1, 1703, 26
2026/08/10 10:44:22.379, 0, 511, 0
2026/08/10 10:44:22.383, 1, 1703, 0
2026/08/10 10:44:23.431, 0, 511, 0
2026/08/10 10:44:23.434, 1, 1703, 24
2026/08/10 10:44:24.486, 0, 511, 0
2026/08/10 10:44:24.490, 1, 1703, 27
2026/08/10 10:44:25.537, 0, 511, 0
2026/08/10 10:44:25.540, 1, 1703, 25
2026/08/10 10:44:26.588, 0, 511, 0
2026/08/10 10:44:26.591, 1, 1703, 26
2026/08/10 10:44:27.642, 0, 511, 0
2026/08/10 10:44:27.645, 1, 1703, 28
2026/08/10 10:44:28.693, 0, 511, 0
2026/08/10 10:44:28.697, 1, 1703, 26
2026/08/10 10:44:29.746, 0, 511, 0
2026/08/10 10:44:29.750, 1, 1703, 24
2026/08/10 10:44:30.799, 0, 511, 0
2026/08/10 10:44:30.802, 1, 1703, 3
2026/08/10 10:44:31.847, 0, 511, 0
2026/08/10 10:44:31.850, 1, 1703, 27
2026/08/10 10:44:32.892, 0, 511, 0
2026/08/10 10:44:32.896, 1, 1703, 30
2026/08/10 10:44:33.940, 0, 511, 0
2026/08/10 10:44:33.944, 1, 1703, 23
2026/08/10 10:44:34.991, 0, 511, 0
2026/08/10 10:44:34.995, 1, 1703, 27
2026/08/10 10:44:36.039, 0, 511, 0
2026/08/10 10:44:36.042, 1, 1703, 27
2026/08/10 10:44:37.087, 0, 511, 0
2026/08/10 10:44:37.090, 1, 1703, 31
2026/08/10 10:44:38.136, 0, 511, 0
2026/08/10 10:44:38.139, 1, 1703, 23
2026/08/10 10:44:39.184, 0, 511, 0
2026/08/10 10:44:39.188, 1, 1703, 27
2026/08/10 10:44:40.234, 0, 511, 0
2026/08/10 10:44:40.237, 1, 1703, 29
2026/08/10 10:44:41.282, 0, 511, 0
2026/08/10 10:44:41.286, 1, 1703, 24
2026/08/10 10:44:42.335, 0, 511, 0
2026/08/10 10:44:42.338, 1, 1703, 19
2026/08/10 10:44:43.386, 0, 511, 0
2026/08/10 10:44:43.389, 1, 1703, 27
2026/08/10 10:44:44.436, 0, 511, 0
2026/08/10 10:44:44.439, 1, 1703, 25
2026/08/10 10:44:45.484, 0, 511, 0
2026/08/10 10:44:45.488, 1, 1703, 23
2026/08/10 10:44:46.531, 0, 511, 0
2026/08/10 10:44:46.535, 1, 1703, 26
2026/08/10 10:44:47.578, 0, 511, 0
2026/08/10 10:44:47.582, 1, 1703, 22
2026/08/10 10:44:48.628, 0, 511, 0
2026/08/10 10:44:48.632, 1, 1703, 22
2026/08/10 10:44:49.678, 0, 511, 0
2026/08/10 10:44:49.681, 1, 1703, 23
2026/08/10 10:44:50.726, 0, 511, 0
2026/08/10 10:44:50.730, 1, 1703, 25
2026/08/10 10:44:51.769, 0, 511, 0
2026/08/10 10:44:51.772, 1, 1703, 32
2026/08/10 10:44:52.819, 0, 511, 0
2026/08/10 10:44:52.822, 1, 1703, 23
2026/08/10 10:44:53.869, 0, 511, 0
2026/08/10 10:44:53.872, 1, 1703, 28
2026/08/10 10:44:54.917, 0, 511, 0
2026/08/10 10:44:54.921, 1, 1703, 25
2026/08/10 10:44:55.969, 0, 511, 0
2026/08/10 10:44:55.974, 1, 1703, 27
2026/08/10 10:44:57.020, 0, 511, 0
2026/08/10 10:44:57.023, 1, 1703, 26
2026/08/10 10:44:58.070, 0, 511, 0
2026/08/10 10:44:58.074, 1, 1703, 27
2026/08/10 10:44:59.120, 0, 511, 0
2026/08/10 10:44:59.123, 1, 1703, 27
2026/08/10 10:45:00.188, 0, 511, 0
2026/08/10 10:45:00.192, 1, 1703, 23
2026/08/10 10:45:01.239, 0, 511, 0
2026/08/10 10:45:01.243, 1, 1703, 29
2026/08/10 10:45:02.287, 0, 511, 0
2026/08/10 10:45:02.291, 1, 1703, 27
2026/08/10 10:45:03.334, 0, 511, 0
2026/08/10 10:45:03.338, 1, 1703, 28
2026/08/10 10:45:04.384, 0, 511, 0
2026/08/10 10:45:04.388, 1, 1703, 20
2026/08/10 10:45:05.434, 0, 511, 0
2026/08/10 10:45:05.438, 1, 1703, 24
2026/08/10 10:45:06.482, 0, 511, 0
2026/08/10 10:45:06.485, 1, 1703, 12
2026/08/10 10:45:07.527, 0, 511, 0
2026/08/10 10:45:07.534, 1, 1703, 28
2026/08/10 10:45:08.577, 0, 511, 0
2026/08/10 10:45:08.583, 1, 1703, 29
2026/08/10 10:45:09.630, 0, 511, 0
2026/08/10 10:45:09.641, 1, 1703, 25
2026/08/10 10:45:10.681, 0, 511, 0
2026/08/10 10:45:10.690, 1, 1703, 29
2026/08/10 10:45:11.732, 0, 511, 0
2026/08/10 10:45:11.740, 1, 1703, 27
2026/08/10 10:45:12.783, 0, 511, 0
2026/08/10 10:45:12.792, 1, 1703, 25
2026/08/10 10:45:13.836, 0, 511, 0
2026/08/10 10:45:13.844, 1, 1703, 24
2026/08/10 10:45:14.886, 0, 511, 0
2026/08/10 10:45:14.894, 1, 1703, 10
2026/08/10 10:45:15.935, 0, 511, 0
2026/08/10 10:45:15.942, 1, 1703, 24
2026/08/10 10:45:16.988, 0, 511, 0
2026/08/10 10:45:16.996, 1, 1703, 28
2026/08/10 10:45:18.038, 0, 511, 0
2026/08/10 10:45:18.045, 1, 1703, 27
2026/08/10 10:45:19.093, 0, 511, 0
2026/08/10 10:45:19.100, 1, 1703, 28
2026/08/10 10:45:20.143, 0, 511, 0
2026/08/10 10:45:20.149, 1, 1703, 22
2026/08/10 10:45:21.197, 0, 511, 0
2026/08/10 10:45:21.205, 1, 1703, 26
2026/08/10 10:45:22.247, 0, 511, 0
2026/08/10 10:45:22.255, 1, 1703, 22
2026/08/10 10:45:23.299, 0, 511, 0
2026/08/10 10:45:23.309, 1, 1703, 24
2026/08/10 10:45:24.353, 0, 511, 0
2026/08/10 10:45:24.360, 1, 1703, 20
2026/08/10 10:45:25.408, 0, 511, 0
2026/08/10 10:45:25.413, 1, 1703, 5
2026/08/10 10:45:26.458, 0, 511, 0
2026/08/10 10:45:26.464, 1, 1703, 24
2026/08/10 10:45:27.513, 0, 511, 0
2026/08/10 10:45:27.522, 1, 1703, 0
2026/08/10 10:45:28.568, 0, 511, 0
2026/08/10 10:45:28.574, 1, 1703, 22
2026/08/10 10:45:29.623, 0, 511, 0
2026/08/10 10:45:29.631, 1, 1703, 24
2026/08/10 10:45:30.681, 0, 511, 0
2026/08/10 10:45:30.688, 1, 1703, 27
2026/08/10 10:45:31.748, 0, 511, 0
2026/08/10 10:45:31.752, 1, 1703, 13
2026/08/10 10:45:32.800, 0, 511, 0
2026/08/10 10:45:32.803, 1, 1703, 25
2026/08/10 10:45:33.846, 0, 511, 0
2026/08/10 10:45:33.850, 1, 1703, 25
2026/08/10 10:45:34.899, 0, 511, 0
2026/08/10 10:45:34.902, 1, 1703, 29
2026/08/10 10:45:35.950, 0, 511, 0
2026/08/10 10:45:35.954, 1, 1703, 27
2026/08/10 10:45:37.000, 0, 511, 0
2026/08/10 10:45:37.004, 1, 1703, 26
2026/08/10 10:45:38.052, 0, 511, 0
2026/08/10 10:45:38.056, 1, 1703, 27
2026/08/10 10:45:39.099, 0, 511, 0
2026/08/10 10:45:39.103, 1, 1703, 26
2026/08/10 10:45:40.151, 0, 511, 0
2026/08/10 10:45:40.158, 1, 1703, 26
2026/08/10 10:45:41.203, 0, 511, 0
2026/08/10 10:45:41.212, 1, 1703, 28
2026/08/10 10:45:42.255, 0, 511, 0
2026/08/10 10:45:42.263, 1, 1703, 0
2026/08/10 10:45:43.302, 0, 511, 0
2026/08/10 10:45:43.310, 1, 1703, 27
2026/08/10 10:45:44.354, 0, 511, 0
2026/08/10 10:45:44.360, 1, 1703, 29
2026/08/10 10:45:45.407, 0, 511, 0
2026/08/10 10:45:45.411, 1, 1703, 23
2026/08/10 10:45:46.460, 0, 511, 0
2026/08/10 10:45:46.472, 1, 1703, 24
2026/08/10 10:45:47.520, 0, 511, 0
2026/08/10 10:45:47.523, 1, 1703, 26
2026/08/10 10:45:48.563, 0, 511, 0
2026/08/10 10:45:48.570, 1, 1703, 27
2026/08/10 10:45:49.619, 0, 511, 0
2026/08/10 10:45:49.624, 1, 1703, 25
2026/08/10 10:45:50.675, 0, 511, 0
2026/08/10 10:45:50.680, 1, 1703, 25
2026/08/10 10:45:51.728, 0, 511, 0
2026/08/10 10:45:51.736, 1, 1703, 27
2026/08/10 10:45:52.778, 0, 511, 0
2026/08/10 10:45:52.787, 1, 1703, 27
2026/08/10 10:45:53.826, 0, 511, 0
2026/08/10 10:45:53.836, 1, 1703, 26
2026/08/10 10:45:54.880, 0, 511, 0
2026/08/10 10:45:54.887, 1, 1703, 27
2026/08/10 10:45:55.937, 0, 511, 0
2026/08/10 10:45:55.941, 1, 1703, 26
2026/08/10 10:45:56.988, 0, 511, 0
2026/08/10 10:45:56.991, 1, 1703, 24
2026/08/10 10:45:58.036, 0, 511, 0
2026/08/10 10:45:58.040, 1, 1703, 26
2026/08/10 10:45:59.088, 0, 511, 0
2026/08/10 10:45:59.091, 1, 1703, 25
2026/08/10 10:46:00.137, 0, 511, 0
2026/08/10 10:46:00.142, 1, 1703, 25
2026/08/10 10:46:01.188, 0, 511, 0
2026/08/10 10:46:01.192, 1, 1703, 25
2026/08/10 10:46:02.238, 0, 511, 0
2026/08/10 10:46:02.242, 1, 1703, 16
2026/08/10 10:46:03.288, 0, 511, 0
2026/08/10 10:46:03.293, 1, 1703, 23
2026/08/10 10:46:04.338, 0, 511, 0
2026/08/10 10:46:04.346, 1, 1703, 27
2026/08/10 10:46:05.392, 0, 511, 0
2026/08/10 10:46:05.400, 1, 1703, 23
2026/08/10 10:46:06.446, 0, 2021, 82
2026/08/10 10:46:06.454, 1, 3245, 1
2026/08/10 10:46:07.500, 0, 3301, 77
2026/08/10 10:46:07.506, 1, 4461, 66
2026/08/10 10:46:08.573, 0, 1925, 37
2026/08/10 10:46:08.579, 1, 3247, 56
2026/08/10 10:46:09.639, 0, 2405, 72
2026/08/10 10:46:09.641, 1, 3535, 94
2026/08/10 10:46:10.704, 0, 2437, 0
2026/08/10 10:46:10.708, 1, 3535, 90
2026/08/10 10:46:11.756, 0, 2437, 100
2026/08/10 10:46:11.762, 1, 3535, 86
2026/08/10 10:46:12.808, 0, 2437, 98
2026/08/10 10:46:12.811, 1, 3535, 51
2026/08/10 10:46:13.860, 0, 2437, 100
2026/08/10 10:46:13.865, 1, 3535, 90
2026/08/10 10:46:14.922, 0, 2437, 65
2026/08/10 10:46:14.925, 1, 3535, 97
2026/08/10 10:46:15.967, 0, 2405, 44
2026/08/10 10:46:15.971, 1, 3967, 36
2026/08/10 10:46:17.016, 0, 2405, 91
2026/08/10 10:46:17.017, 1, 3967, 69
2026/08/10 10:46:18.053, 0, 2405, 60
2026/08/10 10:46:18.055, 1, 3967, 60
2026/08/10 10:46:19.097, 0, 2405, 17
2026/08/10 10:46:19.099, 1, 3967, 96
2026/08/10 10:46:20.139, 0, 2405, 76
2026/08/10 10:46:20.141, 1, 3967, 33
2026/08/10 10:46:21.181, 0, 2405, 100
2026/08/10 10:46:21.184, 1, 3967, 43
2026/08/10 10:46:22.228, 0, 2693, 38
2026/08/10 10:46:22.231, 1, 4031, 100
2026/08/10 10:46:23.297, 0, 3269, 84
2026/08/10 10:46:23.302, 1, 4287, 94
2026/08/10 10:46:24.349, 0, 3013, 85
2026/08/10 10:46:24.352, 1, 4671, 100
2026/08/10 10:46:25.407, 0, 3173, 98
2026/08/10 10:46:25.410, 1, 4575, 92
2026/08/10 10:46:26.451, 0, 3013, 97
2026/08/10 10:46:26.454, 1, 4127, 90
2026/08/10 10:46:27.512, 0, 2789, 88
2026/08/10 10:46:27.518, 1, 4415, 75
2026/08/10 10:46:28.578, 0, 2565, 100
2026/08/10 10:46:28.581, 1, 4447, 75
2026/08/10 10:46:29.648, 0, 2885, 100
2026/08/10 10:46:29.652, 1, 4543, 85
2026/08/10 10:46:30.704, 0, 2821, 100
2026/08/10 10:46:30.707, 1, 4671, 100
2026/08/10 10:46:31.750, 0, 2469, 99
2026/08/10 10:46:31.753, 1, 4959, 100
2026/08/10 10:46:32.804, 0, 3269, 60
2026/08/10 10:46:32.807, 1, 4479, 60
2026/08/10 10:46:33.858, 0, 5029, 87
2026/08/10 10:46:33.862, 1, 6463, 40
2026/08/10 10:46:34.920, 0, 3269, 100
2026/08/10 10:46:34.930, 1, 4607, 98
2026/08/10 10:46:35.992, 0, 2533, 27
2026/08/10 10:46:35.995, 1, 4063, 94
2026/08/10 10:46:37.043, 0, 3205, 99
2026/08/10 10:46:37.045, 1, 5407, 68
2026/08/10 10:46:38.086, 0, 2821, 57
2026/08/10 10:46:38.089, 1, 4191, 90
2026/08/10 10:46:39.140, 0, 3365, 100
2026/08/10 10:46:39.147, 1, 7167, 89
2026/08/10 10:46:40.207, 0, 4837, 100
2026/08/10 10:46:40.211, 1, 6879, 100
2026/08/10 10:46:41.269, 0, 3205, 98
2026/08/10 10:46:41.278, 1, 6527, 100
2026/08/10 10:46:42.332, 0, 3941, 94
2026/08/10 10:46:42.335, 1, 5855, 97
2026/08/10 10:46:43.379, 0, 3237, 91
2026/08/10 10:46:43.383, 1, 5311, 69
2026/08/10 10:46:44.433, 0, 3653, 32
2026/08/10 10:46:44.436, 1, 4575, 95
2026/08/10 10:46:45.495, 0, 2917, 97
2026/08/10 10:46:45.498, 1, 4607, 85
2026/08/10 10:46:46.544, 0, 7077, 88
2026/08/10 10:46:46.547, 1, 7199, 93
2026/08/10 10:46:47.592, 0, 3685, 61
2026/08/10 10:46:47.595, 1, 5471, 76
2026/08/10 10:46:48.637, 0, 6789, 100
2026/08/10 10:46:48.639, 1, 8543, 96
2026/08/10 10:46:49.699, 0, 2789, 84
2026/08/10 10:46:49.702, 1, 6015, 86
2026/08/10 10:46:50.759, 0, 9381, 100
2026/08/10 10:46:50.762, 1, 5279, 98
2026/08/10 10:46:51.810, 0, 3621, 59
2026/08/10 10:46:51.813, 1, 5119, 79
2026/08/10 10:46:52.863, 0, 3877, 80
2026/08/10 10:46:52.866, 1, 7903, 93
2026/08/10 10:46:53.915, 0, 5349, 85
2026/08/10 10:46:53.919, 1, 7007, 29
2026/08/10 10:46:54.970, 0, 3301, 66
2026/08/10 10:46:54.974, 1, 5151, 62
2026/08/10 10:46:56.025, 0, 6917, 100
2026/08/10 10:46:56.027, 1, 7007, 92
2026/08/10 10:46:57.074, 0, 6181, 90
2026/08/10 10:46:57.077, 1, 7967, 100
2026/08/10 10:46:58.123, 0, 2789, 36
2026/08/10 10:46:58.126, 1, 4287, 23
2026/08/10 10:46:59.191, 0, 3749, 84
2026/08/10 10:46:59.195, 1, 4895, 95
2026/08/10 10:47:00.258, 0, 2981, 96
2026/08/10 10:47:00.263, 1, 9279, 90
2026/08/10 10:47:01.318, 0, 4517, 100
2026/08/10 10:47:01.321, 1, 7231, 98
2026/08/10 10:47:02.375, 0, 4613, 100
2026/08/10 10:47:02.378, 1, 7295, 93
2026/08/10 10:47:03.428, 0, 8453, 100
2026/08/10 10:47:03.432, 1, 6239, 77
2026/08/10 10:47:04.481, 0, 6885, 98
2026/08/10 10:47:04.484, 1, 6975, 93
2026/08/10 10:47:05.544, 0, 5509, 91
2026/08/10 10:47:05.552, 1, 4799, 100
2026/08/10 10:47:06.610, 0, 4101, 93
2026/08/10 10:47:06.615, 1, 4959, 79
2026/08/10 10:47:07.666, 0, 7013, 86
2026/08/10 10:47:07.673, 1, 4511, 94
2026/08/10 10:47:08.737, 0, 5957, 97
2026/08/10 10:47:08.741, 1, 6975, 91
2026/08/10 10:47:09.794, 0, 4613, 91
2026/08/10 10:47:09.797, 1, 5727, 84
2026/08/10 10:47:10.840, 0, 7877, 62
2026/08/10 10:47:10.843, 1, 6975, 79
2026/08/10 10:47:11.896, 0, 5285, 54
2026/08/10 10:47:11.900, 1, 8863, 67
2026/08/10 10:47:12.947, 0, 9285, 60
2026/08/10 10:47:12.951, 1, 8191, 99
2026/08/10 10:47:14.003, 0, 4389, 99
2026/08/10 10:47:14.007, 1, 7135, 99
2026/08/10 10:47:15.059, 0, 5733, 32
2026/08/10 10:47:15.062, 1, 5311, 90
2026/08/10 10:47:16.116, 0, 5189, 100
2026/08/10 10:47:16.120, 1, 5567, 88
2026/08/10 10:47:17.184, 0, 7237, 100
2026/08/10 10:47:17.188, 1, 7775, 14
2026/08/10 10:47:18.235, 0, 9221, 26
2026/08/10 10:47:18.237, 1, 4607, 100
2026/08/10 10:47:19.293, 0, 7141, 77
2026/08/10 10:47:19.297, 1, 4767, 72
2026/08/10 10:47:20.354, 0, 3589, 96
2026/08/10 10:47:20.358, 1, 5759, 44
2026/08/10 10:47:21.413, 0, 5573, 100
2026/08/10 10:47:21.417, 1, 6463, 100
2026/08/10 10:47:22.478, 0, 6245, 90
2026/08/10 10:47:22.482, 1, 6527, 76
2026/08/10 10:47:23.530, 0, 3429, 77
2026/08/10 10:47:23.534, 1, 5983, 95
2026/08/10 10:47:24.589, 0, 7205, 97
2026/08/10 10:47:24.593, 1, 7743, 84
2026/08/10 10:47:25.665, 0, 4293, 65
2026/08/10 10:47:25.670, 1, 4671, 82
2026/08/10 10:47:26.742, 0, 5285, 87
2026/08/10 10:47:26.745, 1, 6143, 100
2026/08/10 10:47:27.820, 0, 6341, 73
2026/08/10 10:47:27.824, 1, 7615, 77
2026/08/10 10:47:28.875, 0, 3973, 100
2026/08/10 10:47:28.878, 1, 5343, 94
2026/08/10 10:47:29.935, 0, 3813, 70
2026/08/10 10:47:29.938, 1, 5247, 53
2026/08/10 10:47:30.988, 0, 2821, 71
2026/08/10 10:47:30.990, 1, 6431, 75
2026/08/10 10:47:32.042, 0, 3077, 51
2026/08/10 10:47:32.045, 1, 7071, 21
2026/08/10 10:47:33.101, 0, 6021, 9
2026/08/10 10:47:33.104, 1, 9471, 77
2026/08/10 10:47:34.162, 0, 2853, 60
2026/08/10 10:47:34.164, 1, 6367, 60
2026/08/10 10:47:35.233, 0, 2789, 100
2026/08/10 10:47:35.239, 1, 6143, 96
2026/08/10 10:47:36.285, 0, 2821, 68
2026/08/10 10:47:36.288, 1, 4671, 77
2026/08/10 10:47:37.339, 0, 5157, 77
2026/08/10 10:47:37.343, 1, 5215, 74
2026/08/10 10:47:38.406, 0, 3941, 69
2026/08/10 10:47:38.410, 1, 9055, 26
2026/08/10 10:47:39.454, 0, 3813, 26
2026/08/10 10:47:39.457, 1, 7039, 100
2026/08/10 10:47:40.510, 0, 5029, 69
2026/08/10 10:47:40.513, 1, 6143, 82
2026/08/10 10:47:41.560, 0, 2917, 79
2026/08/10 10:47:41.562, 1, 5759, 75
2026/08/10 10:47:42.613, 0, 5349, 47
2026/08/10 10:47:42.617, 1, 8671, 0
2026/08/10 10:47:43.683, 0, 4261, 92
2026/08/10 10:47:43.686, 1, 4671, 84
2026/08/10 10:47:44.764, 0, 5605, 68
2026/08/10 10:47:44.771, 1, 8415, 58
2026/08/10 10:47:45.823, 0, 7685, 100
2026/08/10 10:47:45.827, 1, 6591, 90
2026/08/10 10:47:46.877, 0, 3909, 86
2026/08/10 10:47:46.883, 1, 4319, 73
2026/08/10 10:47:47.940, 0, 6341, 45
2026/08/10 10:47:47.944, 1, 6335, 85
2026/08/10 10:47:48.998, 0, 7781, 91
2026/08/10 10:47:49.002, 1, 7423, 88
2026/08/10 10:47:50.059, 0, 5797, 100
2026/08/10 10:47:50.062, 1, 8575, 97
2026/08/10 10:47:51.114, 0, 3333, 76
2026/08/10 10:47:51.116, 1, 6399, 78
2026/08/10 10:47:52.174, 0, 7237, 100
2026/08/10 10:47:52.178, 1, 5503, 87
2026/08/10 10:47:53.228, 0, 3557, 85
2026/08/10 10:47:53.231, 1, 9535, 83
2026/08/10 10:47:54.277, 0, 3909, 85
2026/08/10 10:47:54.280, 1, 5567, 76
2026/08/10 10:47:55.334, 0, 5893, 53
2026/08/10 10:47:55.337, 1, 8223, 64
2026/08/10 10:47:56.388, 0, 6373, 94
2026/08/10 10:47:56.393, 1, 8415, 100
2026/08/10 10:47:57.460, 0, 4741, 100
2026/08/10 10:47:57.464, 1, 7935, 90
2026/08/10 10:47:58.509, 0, 3685, 72
2026/08/10 10:47:58.512, 1, 4671, 68
2026/08/10 10:47:59.565, 0, 4933, 72
2026/08/10 10:47:59.568, 1, 6111, 100
2026/08/10 10:48:00.618, 0, 4197, 76
2026/08/10 10:48:00.621, 1, 7359, 100
2026/08/10 10:48:01.686, 0, 7525, 86
2026/08/10 10:48:01.692, 1, 5407, 93
2026/08/10 10:48:02.751, 0, 5349, 91
2026/08/10 10:48:02.754, 1, 4479, 87
2026/08/10 10:48:03.829, 0, 3589, 79
2026/08/10 10:48:03.833, 1, 4383, 78
2026/08/10 10:48:04.880, 0, 5861, 98
2026/08/10 10:48:04.883, 1, 7007, 97
2026/08/10 10:48:05.953, 0, 3621, 44
2026/08/10 10:48:05.959, 1, 4479, 84
2026/08/10 10:48:07.027, 0, 3557, 87
2026/08/10 10:48:07.031, 1, 4767, 56
2026/08/10 10:48:08.090, 0, 3013, 79
2026/08/10 10:48:08.093, 1, 8031, 43
2026/08/10 10:48:09.150, 0, 4229, 75
2026/08/10 10:48:09.153, 1, 9759, 86
2026/08/10 10:48:10.205, 0, 6309, 100
2026/08/10 10:48:10.209, 1, 9567, 72
2026/08/10 10:48:11.267, 0, 6117, 100
2026/08/10 10:48:11.273, 1, 4703, 71
2026/08/10 10:48:12.324, 0, 3397, 60
2026/08/10 10:48:12.328, 1, 6815, 77
2026/08/10 10:48:13.378, 0, 4069, 68
2026/08/10 10:48:13.381, 1, 6655, 92
2026/08/10 10:48:14.430, 0, 4933, 88
2026/08/10 10:48:14.434, 1, 5407, 79
2026/08/10 10:48:15.488, 0, 4933, 30
2026/08/10 10:48:15.492, 1, 5439, 84
2026/08/10 10:48:16.565, 0, 4005, 91
2026/08/10 10:48:16.568, 1, 8511, 94
2026/08/10 10:48:17.623, 0, 3493, 91
2026/08/10 10:48:17.625, 1, 5599, 96
2026/08/10 10:48:18.675, 0, 7173, 93
2026/08/10 10:48:18.679, 1, 6463, 72
2026/08/10 10:48:19.725, 0, 6117, 98
2026/08/10 10:48:19.729, 1, 10207, 88
2026/08/10 10:48:20.779, 0, 7397, 93
2026/08/10 10:48:20.782, 1, 7711, 100
2026/08/10 10:48:21.845, 0, 6437, 91
2026/08/10 10:48:21.847, 1, 5855, 88
2026/08/10 10:48:22.892, 0, 3397, 65
2026/08/10 10:48:22.894, 1, 6239, 87
2026/08/10 10:48:23.943, 0, 5509, 80
2026/08/10 10:48:23.947, 1, 6815, 73
2026/08/10 10:48:25.004, 0, 4421, 98
2026/08/10 10:48:25.007, 1, 6719, 98
2026/08/10 10:48:26.067, 0, 3717, 41
2026/08/10 10:48:26.070, 1, 7423, 78
2026/08/10 10:48:27.131, 0, 6085, 92
2026/08/10 10:48:27.134, 1, 7295, 61
2026/08/10 10:48:28.196, 0, 5605, 78
2026/08/10 10:48:28.200, 1, 5375, 33
2026/08/10 10:48:29.251, 0, 3269, 87
2026/08/10 10:48:29.255, 1, 5471, 84
2026/08/10 10:48:30.309, 0, 3749, 72
2026/08/10 10:48:30.312, 1, 6463, 88
2026/08/10 10:48:31.370, 0, 3909, 99
2026/08/10 10:48:31.373, 1, 7199, 63
2026/08/10 10:48:32.438, 0, 7109, 100
2026/08/10 10:48:32.443, 1, 6271, 100
2026/08/10 10:48:33.501, 0, 5637, 94
2026/08/10 10:48:33.506, 1, 5663, 55
2026/08/10 10:48:34.556, 0, 4421, 77
2026/08/10 10:48:34.560, 1, 7583, 80
2026/08/10 10:48:35.611, 0, 6053, 79
2026/08/10 10:48:35.615, 1, 4575, 83
2026/08/10 10:48:36.668, 0, 9125, 57
2026/08/10 10:48:36.671, 1, 6591, 76
2026/08/10 10:48:37.721, 0, 3877, 90
2026/08/10 10:48:37.724, 1, 9055, 94
2026/08/10 10:48:38.779, 0, 4805, 97
2026/08/10 10:48:38.783, 1, 6943, 100
2026/08/10 10:48:39.837, 0, 5253, 51
2026/08/10 10:48:39.841, 1, 8479, 97
2026/08/10 10:48:40.890, 0, 3557, 71
2026/08/10 10:48:40.892, 1, 7103, 78
2026/08/10 10:48:41.938, 0, 3781, 72
2026/08/10 10:48:41.941, 1, 4767, 81
2026/08/10 10:48:42.986, 0, 7877, 57
2026/08/10 10:48:42.989, 1, 5087, 24
2026/08/10 10:48:44.061, 0, 6661, 85
2026/08/10 10:48:44.064, 1, 5087, 95
2026/08/10 10:48:45.121, 0, 6661, 86
2026/08/10 10:48:45.124, 1, 9183, 80
2026/08/10 10:48:46.172, 0, 5701, 95
2026/08/10 10:48:46.177, 1, 4991, 90
2026/08/10 10:48:47.231, 0, 6437, 84
2026/08/10 10:48:47.236, 1, 7359, 78
2026/08/10 10:48:48.287, 0, 6053, 67
2026/08/10 10:48:48.289, 1, 9983, 94
2026/08/10 10:48:49.344, 0, 4869, 100
2026/08/10 10:48:49.348, 1, 10047, 89
2026/08/10 10:48:50.405, 0, 4613, 90
2026/08/10 10:48:50.413, 1, 6975, 99
2026/08/10 10:48:51.503, 0, 8037, 100
2026/08/10 10:48:51.507, 1, 8671, 83
2026/08/10 10:48:52.581, 0, 3109, 97
2026/08/10 10:48:52.584, 1, 4447, 84
2026/08/10 10:48:53.635, 0, 6149, 58
2026/08/10 10:48:53.637, 1, 4895, 100
2026/08/10 10:48:54.694, 0, 4517, 98
2026/08/10 10:48:54.698, 1, 4991, 59
2026/08/10 10:48:55.743, 0, 4197, 70
2026/08/10 10:48:55.746, 1, 7455, 91
2026/08/10 10:48:56.790, 0, 2949, 70
2026/08/10 10:48:56.793, 1, 7231, 94
2026/08/10 10:48:57.837, 0, 3077, 67
2026/08/10 10:48:57.840, 1, 5023, 52
2026/08/10 10:48:58.888, 0, 3813, 2
2026/08/10 10:48:58.891, 1, 5631, 80
2026/08/10 10:48:59.943, 0, 5829, 68
2026/08/10 10:48:59.948, 1, 6943, 68
2026/08/10 10:49:00.999, 0, 4165, 31
2026/08/10 10:49:01.003, 1, 5279, 49
2026/08/10 10:49:02.055, 0, 5381, 70
2026/08/10 10:49:02.059, 1, 5599, 72
2026/08/10 10:49:03.117, 0, 6085, 59
2026/08/10 10:49:03.120, 1, 4543, 63
2026/08/10 10:49:04.167, 0, 4805, 81
2026/08/10 10:49:04.170, 1, 4735, 40
2026/08/10 10:49:05.216, 0, 4389, 93
2026/08/10 10:49:05.219, 1, 4863, 52
2026/08/10 10:49:06.271, 0, 4901, 95
2026/08/10 10:49:06.275, 1, 8511, 96
2026/08/10 10:49:07.325, 0, 3525, 96
2026/08/10 10:49:07.328, 1, 8319, 66
2026/08/10 10:49:08.389, 0, 5189, 82
2026/08/10 10:49:08.393, 1, 7551, 92
2026/08/10 10:49:09.447, 0, 6565, 71
2026/08/10 10:49:09.457, 1, 4799, 85
2026/08/10 10:49:10.515, 0, 3205, 82
2026/08/10 10:49:10.518, 1, 7359, 91
2026/08/10 10:49:11.567, 0, 7333, 88
2026/08/10 10:49:11.570, 1, 8607, 77
2026/08/10 10:49:12.619, 0, 7013, 97
2026/08/10 10:49:12.622, 1, 4767, 51
2026/08/10 10:49:13.674, 0, 3685, 78
2026/08/10 10:49:13.679, 1, 6303, 66
2026/08/10 10:49:14.738, 0, 4069, 100
2026/08/10 10:49:14.740, 1, 5727, 76
2026/08/10 10:49:15.787, 0, 5029, 28
2026/08/10 10:49:15.791, 1, 8895, 94
2026/08/10 10:49:16.839, 0, 5413, 38
2026/08/10 10:49:16.842, 1, 8255, 98
2026/08/10 10:49:17.893, 0, 7429, 83
2026/08/10 10:49:17.896, 1, 4735, 77
2026/08/10 10:49:18.943, 0, 3301, 55
2026/08/10 10:49:18.947, 1, 8255, 53
2026/08/10 10:49:19.995, 0, 3109, 92
2026/08/10 10:49:19.998, 1, 6815, 63
2026/08/10 10:49:21.057, 0, 3525, 0
2026/08/10 10:49:21.061, 1, 6271, 100
2026/08/10 10:49:22.117, 0, 5541, 1
2026/08/10 10:49:22.121, 1, 7775, 96
2026/08/10 10:49:23.171, 0, 3045, 75
2026/08/10 10:49:23.174, 1, 6655, 98
2026/08/10 10:49:24.222, 0, 5189, 70
2026/08/10 10:49:24.226, 1, 7775, 89
2026/08/10 10:49:25.276, 0, 3077, 77
2026/08/10 10:49:25.286, 1, 7423, 93
2026/08/10 10:49:26.343, 0, 4197, 100
2026/08/10 10:49:26.346, 1, 5887, 76
2026/08/10 10:49:27.404, 0, 5317, 89
2026/08/10 10:49:27.413, 1, 5823, 70
2026/08/10 10:49:28.476, 0, 4133, 76
2026/08/10 10:49:28.480, 1, 6079, 70
2026/08/10 10:49:29.541, 0, 5925, 62
2026/08/10 10:49:29.550, 1, 9823, 56
2026/08/10 10:49:30.601, 0, 6373, 82
2026/08/10 10:49:30.605, 1, 8447, 100
2026/08/10 10:49:31.655, 0, 4293, 83
2026/08/10 10:49:31.659, 1, 5343, 72
2026/08/10 10:49:32.710, 0, 5509, 71
2026/08/10 10:49:32.713, 1, 6559, 100
2026/08/10 10:49:33.781, 0, 5893, 95
2026/08/10 10:49:33.785, 1, 7903, 87
2026/08/10 10:49:34.840, 0, 6309, 67
2026/08/10 10:49:34.845, 1, 9919, 72
2026/08/10 10:49:35.899, 0, 4421, 93
2026/08/10 10:49:35.904, 1, 6655, 97
2026/08/10 10:49:36.961, 0, 7749, 58
2026/08/10 10:49:36.965, 1, 8863, 92
2026/08/10 10:49:38.018, 0, 6213, 81
2026/08/10 10:49:38.022, 1, 6303, 88
2026/08/10 10:49:39.089, 0, 5349, 90
2026/08/10 10:49:39.093, 1, 7327, 100
2026/08/10 10:49:40.141, 0, 3557, 59
2026/08/10 10:49:40.144, 1, 7583, 84
2026/08/10 10:49:41.195, 0, 4261, 99
2026/08/10 10:49:41.198, 1, 4895, 88
2026/08/10 10:49:42.257, 0, 3781, 98
2026/08/10 10:49:42.261, 1, 9823, 59
2026/08/10 10:49:43.333, 0, 3717, 70
2026/08/10 10:49:43.339, 1, 5247, 100
2026/08/10 10:49:44.395, 0, 5029, 33
2026/08/10 10:49:44.398, 1, 5183, 95
2026/08/10 10:49:45.450, 0, 3813, 93
2026/08/10 10:49:45.455, 1, 5407, 96
2026/08/10 10:49:46.516, 0, 3845, 91
2026/08/10 10:49:46.520, 1, 6079, 91
2026/08/10 10:49:47.578, 0, 7909, 91
2026/08/10 10:49:47.583, 1, 4415, 94
2026/08/10 10:49:48.637, 0, 3269, 87
2026/08/10 10:49:48.643, 1, 6143, 100
2026/08/10 10:49:49.701, 0, 3109, 100
2026/08/10 10:49:49.705, 1, 5087, 79
2026/08/10 10:49:50.764, 0, 5093, 99
2026/08/10 10:49:50.768, 1, 5279, 86
2026/08/10 10:49:51.823, 0, 4261, 89
2026/08/10 10:49:51.830, 1, 8191, 100
2026/08/10 10:49:52.893, 0, 3141, 100
2026/08/10 10:49:52.901, 1, 7231, 96
2026/08/10 10:49:53.967, 0, 6085, 78
2026/08/10 10:49:53.971, 1, 5279, 67
2026/08/10 10:49:55.020, 0, 7077, 18
2026/08/10 10:49:55.024, 1, 8031, 100
2026/08/10 10:49:56.072, 0, 4133, 87
2026/08/10 10:49:56.076, 1, 5567, 100
2026/08/10 10:49:57.135, 0, 4485, 68
2026/08/10 10:49:57.139, 1, 4959, 79
2026/08/10 10:49:58.193, 0, 3269, 96
2026/08/10 10:49:58.196, 1, 4767, 85
2026/08/10 10:49:59.248, 0, 4133, 95
2026/08/10 10:49:59.251, 1, 5407, 65
2026/08/10 10:50:00.300, 0, 4805, 58
2026/08/10 10:50:00.303, 1, 5951, 75
2026/08/10 10:50:01.348, 0, 5253, 74
2026/08/10 10:50:01.350, 1, 5247, 88
2026/08/10 10:50:02.396, 0, 4197, 82
2026/08/10 10:50:02.399, 1, 6335, 97
2026/08/10 10:50:03.448, 0, 3141, 95
2026/08/10 10:50:03.455, 1, 4831, 95
2026/08/10 10:50:04.513, 0, 3397, 87
2026/08/10 10:50:04.516, 1, 7487, 94
2026/08/10 10:50:05.572, 0, 5765, 31
2026/08/10 10:50:05.575, 1, 6783, 95
2026/08/10 10:50:06.631, 0, 5093, 96
2026/08/10 10:50:06.634, 1, 4991, 94
2026/08/10 10:50:07.681, 0, 5253, 87
2026/08/10 10:50:07.684, 1, 10719, 90
2026/08/10 10:50:08.735, 0, 4229, 76
2026/08/10 10:50:08.739, 1, 5311, 100
2026/08/10 10:50:09.795, 0, 3013, 81
2026/08/10 10:50:09.799, 1, 5663, 78
2026/08/10 10:50:10.848, 0, 6661, 100
2026/08/10 10:50:10.851, 1, 13055, 96
2026/08/10 10:50:11.899, 0, 3589, 52
2026/08/10 10:50:11.902, 1, 6783, 90
2026/08/10 10:50:12.958, 0, 4485, 94
2026/08/10 10:50:12.968, 1, 6719, 69
2026/08/10 10:50:14.027, 0, 7141, 98
2026/08/10 10:50:14.030, 1, 7295, 100
2026/08/10 10:50:15.075, 0, 3749, 91
2026/08/10 10:50:15.078, 1, 5887, 93
2026/08/10 10:50:16.124, 0, 4069, 84
2026/08/10 10:50:16.127, 1, 5087, 96
2026/08/10 10:50:17.197, 0, 7429, 91
2026/08/10 10:50:17.201, 1, 11551, 100
2026/08/10 10:50:18.251, 0, 5669, 96
2026/08/10 10:50:18.254, 1, 7775, 95
2026/08/10 10:50:19.308, 0, 3909, 92
2026/08/10 10:50:19.310, 1, 5983, 100
2026/08/10 10:50:20.355, 0, 4133, 83
2026/08/10 10:50:20.358, 1, 5055, 98
2026/08/10 10:50:21.408, 0, 5829, 64
2026/08/10 10:50:21.412, 1, 5535, 61
2026/08/10 10:50:22.463, 0, 8997, 100
2026/08/10 10:50:22.467, 1, 7167, 95
2026/08/10 10:50:23.525, 0, 3173, 98
2026/08/10 10:50:23.532, 1, 4639, 55
2026/08/10 10:50:24.580, 0, 8005, 97
2026/08/10 10:50:24.583, 1, 7935, 100
2026/08/10 10:50:25.632, 0, 8165, 79
2026/08/10 10:50:25.640, 1, 7039, 6
2026/08/10 10:50:26.694, 0, 4997, 65
2026/08/10 10:50:26.697, 1, 4895, 79
2026/08/10 10:50:27.753, 0, 3717, 82
2026/08/10 10:50:27.756, 1, 5439, 76
2026/08/10 10:50:28.807, 0, 4773, 99
2026/08/10 10:50:28.809, 1, 6431, 58
2026/08/10 10:50:29.855, 0, 5605, 83
2026/08/10 10:50:29.857, 1, 7903, 100
2026/08/10 10:50:30.908, 0, 3461, 70
2026/08/10 10:50:30.911, 1, 5119, 77
2026/08/10 10:50:31.959, 0, 3877, 95
2026/08/10 10:50:31.963, 1, 9375, 81
2026/08/10 10:50:33.007, 0, 8901, 86
2026/08/10 10:50:33.010, 1, 6527, 95
2026/08/10 10:50:34.063, 0, 3237, 33
2026/08/10 10:50:34.066, 1, 6495, 99
2026/08/10 10:50:35.117, 0, 3205, 0
2026/08/10 10:50:35.120, 1, 4639, 46
2026/08/10 10:50:36.172, 0, 6469, 100
2026/08/10 10:50:36.176, 1, 10111, 78
2026/08/10 10:50:37.230, 0, 5381, 89
2026/08/10 10:50:37.234, 1, 7199, 48
2026/08/10 10:50:38.300, 0, 4069, 87
2026/08/10 10:50:38.306, 1, 5343, 100
2026/08/10 10:50:39.380, 0, 5093, 86
2026/08/10 10:50:39.384, 1, 7295, 99
2026/08/10 10:50:40.444, 0, 5285, 79
2026/08/10 10:50:40.448, 1, 4895, 100
2026/08/10 10:50:41.500, 0, 4549, 92
2026/08/10 10:50:41.502, 1, 10207, 90
2026/08/10 10:50:42.547, 0, 4165, 2
2026/08/10 10:50:42.551, 1, 5247, 34
2026/08/10 10:50:43.631, 0, 7141, 76
2026/08/10 10:50:43.641, 1, 9279, 95
2026/08/10 10:50:44.688, 0, 3685, 77
2026/08/10 10:50:44.691, 1, 4767, 97
2026/08/10 10:50:45.739, 0, 3941, 99
2026/08/10 10:50:45.743, 1, 6559, 58
2026/08/10 10:50:46.794, 0, 5221, 91
2026/08/10 10:50:46.798, 1, 7071, 78
2026/08/10 10:50:47.847, 0, 6117, 55
2026/08/10 10:50:47.850, 1, 5823, 83
2026/08/10 10:50:48.896, 0, 5797, 97
2026/08/10 10:50:48.899, 1, 6975, 92
2026/08/10 10:50:49.950, 0, 4805, 84
2026/08/10 10:50:49.953, 1, 5567, 90
2026/08/10 10:50:51.005, 0, 7205, 75
2026/08/10 10:50:51.009, 1, 10271, 100
2026/08/10 10:50:52.055, 0, 9445, 82
2026/08/10 10:50:52.060, 1, 6303, 90
2026/08/10 10:50:53.112, 0, 3109, 26
2026/08/10 10:50:53.118, 1, 5535, 85
2026/08/10 10:50:54.177, 0, 5893, 54
2026/08/10 10:50:54.181, 1, 7551, 72
2026/08/10 10:50:55.235, 0, 3077, 94
2026/08/10 10:50:55.242, 1, 5631, 34
2026/08/10 10:50:56.316, 0, 4261, 100
2026/08/10 10:50:56.319, 1, 7263, 99
2026/08/10 10:50:57.379, 0, 5701, 49
2026/08/10 10:50:57.382, 1, 7743, 100
2026/08/10 10:50:58.448, 0, 3077, 96
2026/08/10 10:50:58.455, 1, 6751, 76
2026/08/10 10:50:59.523, 0, 3301, 99
2026/08/10 10:50:59.526, 1, 4511, 100
2026/08/10 10:51:00.586, 0, 3781, 100
2026/08/10 10:51:00.590, 1, 8831, 99
2026/08/10 10:51:01.638, 0, 5317, 100
2026/08/10 10:51:01.642, 1, 5471, 100
2026/08/10 10:51:02.690, 0, 4837, 96
2026/08/10 10:51:02.693, 1, 5215, 96
2026/08/10 10:51:03.747, 0, 3525, 83
2026/08/10 10:51:03.751, 1, 6431, 92
2026/08/10 10:51:04.829, 0, 7141, 98
2026/08/10 10:51:04.839, 1, 9439, 100
2026/08/10 10:51:05.893, 0, 4133, 96
2026/08/10 10:51:05.896, 1, 7423, 100
2026/08/10 10:51:06.942, 0, 4357, 99
2026/08/10 10:51:06.945, 1, 9471, 48
2026/08/10 10:51:07.991, 0, 8869, 2
2026/08/10 10:51:07.996, 1, 7615, 70
2026/08/10 10:51:09.041, 0, 4133, 100
2026/08/10 10:51:09.044, 1, 4671, 82
2026/08/10 10:51:10.093, 0, 4421, 88
2026/08/10 10:51:10.096, 1, 9343, 76
2026/08/10 10:51:11.154, 0, 4453, 100
2026/08/10 10:51:11.157, 1, 7231, 62
2026/08/10 10:51:12.221, 0, 3429, 76
2026/08/10 10:51:12.224, 1, 5599, 95
2026/08/10 10:51:13.274, 0, 2757, 6
2026/08/10 10:51:13.277, 1, 9759, 98
2026/08/10 10:51:14.322, 0, 5445, 82
2026/08/10 10:51:14.324, 1, 8159, 91
2026/08/10 10:51:15.381, 0, 3237, 93
2026/08/10 10:51:15.390, 1, 4703, 76
2026/08/10 10:51:16.459, 0, 5989, 84
2026/08/10 10:51:16.462, 1, 7359, 88
2026/08/10 10:51:17.538, 0, 4933, 80
2026/08/10 10:51:17.541, 1, 4511, 41
2026/08/10 10:51:18.603, 0, 8229, 100
2026/08/10 10:51:18.607, 1, 6495, 79
2026/08/10 10:51:19.663, 0, 2949, 77
2026/08/10 10:51:19.666, 1, 5503, 90
2026/08/10 10:51:20.713, 0, 3557, 98
2026/08/10 10:51:20.716, 1, 6559, 65
2026/08/10 10:51:21.761, 0, 3013, 85
2026/08/10 10:51:21.764, 1, 5023, 89
2026/08/10 10:51:22.818, 0, 3205, 100
2026/08/10 10:51:22.824, 1, 5375, 83
2026/08/10 10:51:23.893, 0, 4037, 94
2026/08/10 10:51:23.900, 1, 4479, 80
2026/08/10 10:51:24.989, 0, 6277, 73
2026/08/10 10:51:24.994, 1, 6559, 69
2026/08/10 10:51:26.064, 0, 5605, 100
2026/08/10 10:51:26.067, 1, 5471, 100
2026/08/10 10:51:27.123, 0, 5957, 63
2026/08/10 10:51:27.126, 1, 5023, 77
2026/08/10 10:51:28.173, 0, 3301, 86
2026/08/10 10:51:28.176, 1, 5439, 84
2026/08/10 10:51:29.219, 0, 5989, 100
2026/08/10 10:51:29.222, 1, 6815, 97
2026/08/10 10:51:30.301, 0, 4069, 100
2026/08/10 10:51:30.306, 1, 6623, 73
2026/08/10 10:51:31.372, 0, 7973, 98
2026/08/10 10:51:31.378, 1, 6719, 95
2026/08/10 10:51:32.443, 0, 3429, 100
2026/08/10 10:51:32.452, 1, 4415, 99
2026/08/10 10:51:33.516, 0, 3237, 64
2026/08/10 10:51:33.519, 1, 5983, 95
2026/08/10 10:51:34.566, 0, 3589, 76
2026/08/10 10:51:34.569, 1, 4959, 83
2026/08/10 10:51:35.615, 0, 4229, 90
2026/08/10 10:51:35.618, 1, 10687, 15
2026/08/10 10:51:36.684, 0, 6405, 100
2026/08/10 10:51:36.688, 1, 6079, 73
2026/08/10 10:51:37.737, 0, 3461, 79
2026/08/10 10:51:37.741, 1, 7007, 75
2026/08/10 10:51:38.793, 0, 2789, 91
2026/08/10 10:51:38.795, 1, 4991, 95
2026/08/10 10:51:39.841, 0, 5125, 100
2026/08/10 10:51:39.844, 1, 7807, 98
2026/08/10 10:51:40.907, 0, 6213, 76
2026/08/10 10:51:40.911, 1, 4415, 91
2026/08/10 10:51:41.983, 0, 5125, 100
2026/08/10 10:51:41.988, 1, 5791, 32
2026/08/10 10:51:43.062, 0, 4997, 78
2026/08/10 10:51:43.065, 1, 5567, 93
2026/08/10 10:51:44.124, 0, 8389, 83
2026/08/10 10:51:44.128, 1, 4735, 100
2026/08/10 10:51:45.182, 0, 2821, 93
2026/08/10 10:51:45.186, 1, 4543, 74
2026/08/10 10:51:46.239, 0, 3237, 83
2026/08/10 10:51:46.242, 1, 6047, 90
2026/08/10 10:51:47.302, 0, 8613, 93
2026/08/10 10:51:47.306, 1, 5375, 100
2026/08/10 10:51:48.357, 0, 3877, 90
2026/08/10 10:51:48.366, 1, 6975, 93
2026/08/10 10:51:49.453, 0, 3525, 96
2026/08/10 10:51:49.456, 1, 4831, 84
2026/08/10 10:51:50.514, 0, 3909, 100
2026/08/10 10:51:50.517, 1, 4479, 83
2026/08/10 10:51:51.571, 0, 3525, 96
2026/08/10 10:51:51.583, 1, 5599, 74
2026/08/10 10:51:52.658, 0, 3173, 71
2026/08/10 10:51:52.664, 1, 5247, 94
2026/08/10 10:51:53.722, 0, 3365, 64
2026/08/10 10:51:53.726, 1, 5183, 97
2026/08/10 10:51:54.781, 0, 6405, 96
2026/08/10 10:51:54.789, 1, 6463, 95
2026/08/10 10:51:55.844, 0, 3429, 84
2026/08/10 10:51:55.847, 1, 6143, 84
2026/08/10 10:51:56.900, 0, 3909, 24
2026/08/10 10:51:56.904, 1, 6943, 100
2026/08/10 10:51:57.961, 0, 4677, 67
2026/08/10 10:51:57.964, 1, 7263, 100
2026/08/10 10:51:59.016, 0, 3461, 100
2026/08/10 10:51:59.020, 1, 5535, 91
2026/08/10 10:52:00.080, 0, 2917, 58
2026/08/10 10:52:00.083, 1, 4639, 98
2026/08/10 10:52:01.143, 0, 4517, 53
2026/08/10 10:52:01.145, 1, 6367, 86
2026/08/10 10:52:02.188, 0, 3045, 78
2026/08/10 10:52:02.190, 1, 7199, 73
2026/08/10 10:52:03.254, 0, 3397, 96
2026/08/10 10:52:03.261, 1, 5471, 65
2026/08/10 10:52:04.343, 0, 3653, 67
2026/08/10 10:52:04.350, 1, 5087, 71
2026/08/10 10:52:05.420, 0, 3877, 95
2026/08/10 10:52:05.424, 1, 4479, 94
2026/08/10 10:52:06.480, 0, 5061, 92
2026/08/10 10:52:06.486, 1, 5535, 29
2026/08/10 10:52:07.542, 0, 3141, 100
2026/08/10 10:52:07.549, 1, 6879, 91
2026/08/10 10:52:08.607, 0, 2917, 68
2026/08/10 10:52:08.610, 1, 6399, 88
2026/08/10 10:52:09.661, 0, 5253, 60
2026/08/10 10:52:09.669, 1, 6271, 59
2026/08/10 10:52:10.726, 0, 7397, 100
2026/08/10 10:52:10.729, 1, 7231, 89
2026/08/10 10:52:11.789, 0, 8613, 0
2026/08/10 10:52:11.792, 1, 4895, 100
2026/08/10 10:52:12.880, 0, 4869, 1
2026/08/10 10:52:12.882, 1, 5695, 100
2026/08/10 10:52:13.951, 0, 4837, 72
2026/08/10 10:52:13.955, 1, 9759, 94
2026/08/10 10:52:15.027, 0, 5157, 74
2026/08/10 10:52:15.035, 1, 11903, 75
2026/08/10 10:52:16.104, 0, 3749, 100
2026/08/10 10:52:16.110, 1, 6591, 93
2026/08/10 10:52:17.173, 0, 3557, 100
2026/08/10 10:52:17.176, 1, 4863, 89
2026/08/10 10:52:18.246, 0, 5125, 27
2026/08/10 10:52:18.248, 1, 5983, 35
2026/08/10 10:52:19.294, 0, 4037, 32
2026/08/10 10:52:19.297, 1, 5855, 100
2026/08/10 10:52:20.371, 0, 3845, 63
2026/08/10 10:52:20.384, 1, 5279, 91
2026/08/10 10:52:21.459, 0, 3749, 90
2026/08/10 10:52:21.463, 1, 7487, 100
2026/08/10 10:52:22.525, 0, 5541, 100
2026/08/10 10:52:22.530, 1, 11423, 77
2026/08/10 10:52:23.618, 0, 3205, 96
2026/08/10 10:52:23.621, 1, 4991, 91
2026/08/10 10:52:24.682, 0, 5349, 88
2026/08/10 10:52:24.685, 1, 7231, 87
2026/08/10 10:52:25.736, 0, 10789, 100
2026/08/10 10:52:25.739, 1, 9183, 87
2026/08/10 10:52:26.809, 0, 4165, 95
2026/08/10 10:52:26.813, 1, 4991, 81
2026/08/10 10:52:27.871, 0, 6693, 83
2026/08/10 10:52:27.879, 1, 6815, 71
2026/08/10 10:52:28.963, 0, 5573, 60
2026/08/10 10:52:28.970, 1, 6751, 98
2026/08/10 10:52:30.045, 0, 11045, 88
2026/08/10 10:52:30.049, 1, 9535, 78
2026/08/10 10:52:31.137, 0, 3333, 81
2026/08/10 10:52:31.145, 1, 5119, 98
2026/08/10 10:52:32.211, 0, 3717, 88
2026/08/10 10:52:32.213, 1, 5151, 51
2026/08/10 10:52:33.265, 0, 5541, 71
2026/08/10 10:52:33.269, 1, 7679, 95
2026/08/10 10:52:34.327, 0, 4261, 92
2026/08/10 10:52:34.331, 1, 8159, 69
2026/08/10 10:52:35.392, 0, 3877, 80
2026/08/10 10:52:35.396, 1, 10303, 100
2026/08/10 10:52:36.476, 0, 3557, 57
2026/08/10 10:52:36.481, 1, 7807, 98
2026/08/10 10:52:37.547, 0, 5189, 60
2026/08/10 10:52:37.550, 1, 7583, 100
2026/08/10 10:52:38.612, 0, 5733, 89
2026/08/10 10:52:38.618, 1, 6975, 88
2026/08/10 10:52:39.677, 0, 4421, 99
2026/08/10 10:52:39.680, 1, 5503, 73
2026/08/10 10:52:40.730, 0, 2949, 89
2026/08/10 10:52:40.733, 1, 4511, 61
2026/08/10 10:52:41.799, 0, 5413, 76
2026/08/10 10:52:41.806, 1, 6655, 58
2026/08/10 10:52:42.865, 0, 9413, 100
2026/08/10 10:52:42.868, 1, 7839, 87
2026/08/10 10:52:43.917, 0, 3685, 67
2026/08/10 10:52:43.920, 1, 4767, 90
2026/08/10 10:52:44.978, 0, 5797, 85
2026/08/10 10:52:44.985, 1, 6463, 85
2026/08/10 10:52:46.060, 0, 4165, 70
2026/08/10 10:52:46.064, 1, 6783, 90
2026/08/10 10:52:47.125, 0, 4261, 81
2026/08/10 10:52:47.134, 1, 5375, 77
2026/08/10 10:52:48.208, 0, 5573, 100
2026/08/10 10:52:48.216, 1, 6655, 75
2026/08/10 10:52:49.308, 0, 8389, 93
2026/08/10 10:52:49.311, 1, 6207, 87
2026/08/10 10:52:50.380, 0, 3685, 97
2026/08/10 10:52:50.383, 1, 4543, 100
2026/08/10 10:52:51.455, 0, 6309, 93
2026/08/10 10:52:51.464, 1, 6431, 79
2026/08/10 10:52:52.521, 0, 4229, 83
2026/08/10 10:52:52.524, 1, 7775, 94
2026/08/10 10:52:53.571, 0, 3269, 100
2026/08/10 10:52:53.574, 1, 5471, 95
2026/08/10 10:52:54.620, 0, 4837, 100
2026/08/10 10:52:54.622, 1, 6783, 93
2026/08/10 10:52:55.667, 0, 5541, 84
2026/08/10 10:52:55.669, 1, 5343, 49
2026/08/10 10:52:56.726, 0, 8229, 100
2026/08/10 10:52:56.733, 1, 8255, 64
2026/08/10 10:52:57.789, 0, 5477, 100
2026/08/10 10:52:57.792, 1, 9023, 95
2026/08/10 10:52:58.847, 0, 4709, 94
2026/08/10 10:52:58.850, 1, 5663, 86
2026/08/10 10:52:59.898, 0, 5189, 56
2026/08/10 10:52:59.901, 1, 6847, 78
2026/08/10 10:53:00.963, 0, 4229, 100
2026/08/10 10:53:00.967, 1, 5279, 88
2026/08/10 10:53:02.028, 0, 4261, 99
2026/08/10 10:53:02.031, 1, 4415, 37
2026/08/10 10:53:03.087, 0, 3493, 97
2026/08/10 10:53:03.090, 1, 4735, 97
2026/08/10 10:53:04.143, 0, 3237, 100
2026/08/10 10:53:04.148, 1, 4959, 71
2026/08/10 10:53:05.201, 0, 4869, 99
2026/08/10 10:53:05.206, 1, 5791, 79
2026/08/10 10:53:06.262, 0, 7013, 97
2026/08/10 10:53:06.265, 1, 5951, 71
2026/08/10 10:53:07.316, 0, 8965, 4
2026/08/10 10:53:07.319, 1, 8287, 100
2026/08/10 10:53:08.383, 0, 4549, 100
2026/08/10 10:53:08.387, 1, 5855, 100
2026/08/10 10:53:09.464, 0, 3269, 100
2026/08/10 10:53:09.468, 1, 5247, 99
2026/08/10 10:53:10.521, 0, 6341, 100
2026/08/10 10:53:10.524, 1, 8031, 100
2026/08/10 10:53:11.569, 0, 6885, 100
2026/08/10 10:53:11.572, 1, 5759, 94
2026/08/10 10:53:12.633, 0, 3749, 56
2026/08/10 10:53:12.641, 1, 5471, 75
2026/08/10 10:53:13.716, 0, 6213, 100
2026/08/10 10:53:13.720, 1, 5247, 93
2026/08/10 10:53:14.773, 0, 3173, 79
2026/08/10 10:53:14.777, 1, 4767, 59
2026/08/10 10:53:15.823, 0, 4933, 73
2026/08/10 10:53:15.826, 1, 7039, 93
2026/08/10 10:53:16.875, 0, 4901, 93
2026/08/10 10:53:16.879, 1, 6047, 100
2026/08/10 10:53:17.924, 0, 7909, 84
2026/08/10 10:53:17.927, 1, 4863, 100
2026/08/10 10:53:18.977, 0, 3781, 100
2026/08/10 10:53:18.980, 1, 4767, 87
2026/08/10 10:53:20.043, 0, 4101, 98
2026/08/10 10:53:20.047, 1, 5119, 93
2026/08/10 10:53:21.127, 0, 5861, 98
2026/08/10 10:53:21.133, 1, 5599, 100
2026/08/10 10:53:22.202, 0, 3429, 93
2026/08/10 10:53:22.205, 1, 4735, 78
2026/08/10 10:53:23.255, 0, 3045, 61
2026/08/10 10:53:23.258, 1, 6783, 83
2026/08/10 10:53:24.317, 0, 3173, 100
2026/08/10 10:53:24.321, 1, 4895, 68
2026/08/10 10:53:25.397, 0, 5957, 44
2026/08/10 10:53:25.400, 1, 6175, 85
2026/08/10 10:53:26.446, 0, 11365, 96
2026/08/10 10:53:26.449, 1, 12991, 100
2026/08/10 10:53:27.502, 0, 3557, 80
2026/08/10 10:53:27.505, 1, 5439, 83
2026/08/10 10:53:28.577, 0, 5445, 100
2026/08/10 10:53:28.583, 1, 5215, 82
2026/08/10 10:53:29.661, 0, 5701, 100
2026/08/10 10:53:29.666, 1, 4959, 76
2026/08/10 10:53:30.727, 0, 4101, 89
2026/08/10 10:53:30.736, 1, 5951, 42
2026/08/10 10:53:31.812, 0, 4741, 100
2026/08/10 10:53:31.814, 1, 4863, 38
2026/08/10 10:53:32.866, 0, 3589, 79
2026/08/10 10:53:32.869, 1, 6079, 79
2026/08/10 10:53:33.927, 0, 5445, 85
2026/08/10 10:53:33.930, 1, 7839, 100
2026/08/10 10:53:34.979, 0, 4197, 73
2026/08/10 10:53:34.985, 1, 7199, 80
2026/08/10 10:53:36.049, 0, 3173, 70
2026/08/10 10:53:36.053, 1, 6111, 82
2026/08/10 10:53:37.098, 0, 8133, 43
2026/08/10 10:53:37.101, 1, 12319, 100
2026/08/10 10:53:38.162, 0, 9157, 19
2026/08/10 10:53:38.165, 1, 12735, 86
2026/08/10 10:53:39.236, 0, 6117, 100
2026/08/10 10:53:39.239, 1, 8223, 89
2026/08/10 10:53:40.300, 0, 6501, 91
2026/08/10 10:53:40.305, 1, 7487, 36
2026/08/10 10:53:41.373, 0, 8453, 30
2026/08/10 10:53:41.377, 1, 7903, 100
2026/08/10 10:53:42.425, 0, 3813, 45
2026/08/10 10:53:42.427, 1, 6143, 100
2026/08/10 10:53:43.471, 0, 2981, 94
2026/08/10 10:53:43.473, 1, 4735, 62
2026/08/10 10:53:44.516, 0, 4229, 100
2026/08/10 10:53:44.520, 1, 6623, 84
2026/08/10 10:53:45.567, 0, 4325, 88
2026/08/10 10:53:45.570, 1, 9023, 74
2026/08/10 10:53:46.630, 0, 3429, 95
2026/08/10 10:53:46.633, 1, 7199, 86
2026/08/10 10:53:47.692, 0, 2949, 92
2026/08/10 10:53:47.695, 1, 4767, 93
2026/08/10 10:53:48.761, 0, 4549, 88
2026/08/10 10:53:48.764, 1, 5631, 48
2026/08/10 10:53:49.828, 0, 8229, 100
2026/08/10 10:53:49.831, 1, 6143, 38
2026/08/10 10:53:50.881, 0, 6437, 82
2026/08/10 10:53:50.884, 1, 5247, 95
2026/08/10 10:53:51.939, 0, 12933, 12
2026/08/10 10:53:51.944, 1, 8287, 100
2026/08/10 10:53:53.007, 0, 3909, 96
2026/08/10 10:53:53.011, 1, 8735, 77
2026/08/10 10:53:54.060, 0, 4997, 95
2026/08/10 10:53:54.064, 1, 7103, 100
2026/08/10 10:53:55.118, 0, 6629, 26
2026/08/10 10:53:55.122, 1, 5727, 91
2026/08/10 10:53:56.178, 0, 5541, 71
2026/08/10 10:53:56.183, 1, 4991, 49
2026/08/10 10:53:57.232, 0, 8197, 93
2026/08/10 10:53:57.235, 1, 5247, 79
2026/08/10 10:53:58.293, 0, 4517, 100
2026/08/10 10:53:58.299, 1, 6463, 100
2026/08/10 10:53:59.365, 0, 4261, 90
2026/08/10 10:53:59.372, 1, 7071, 42
2026/08/10 10:54:00.454, 0, 5317, 64
2026/08/10 10:54:00.459, 1, 5375, 95
2026/08/10 10:54:01.509, 0, 5157, 53
2026/08/10 10:54:01.512, 1, 8959, 100
2026/08/10 10:54:02.559, 0, 4837, 100
2026/08/10 10:54:02.563, 1, 7167, 100
2026/08/10 10:54:03.623, 0, 4005, 46
2026/08/10 10:54:03.626, 1, 6527, 85
2026/08/10 10:54:04.681, 0, 5317, 75
2026/08/10 10:54:04.685, 1, 5919, 85
2026/08/10 10:54:05.742, 0, 6885, 100
2026/08/10 10:54:05.744, 1, 5919, 100
2026/08/10 10:54:06.806, 0, 2853, 100
2026/08/10 10:54:06.815, 1, 5183, 86
2026/08/10 10:54:07.898, 0, 4261, 96
2026/08/10 10:54:07.901, 1, 5631, 52
2026/08/10 10:54:08.945, 0, 7973, 89
2026/08/10 10:54:08.949, 1, 4383, 72
2026/08/10 10:54:09.999, 0, 7749, 100
2026/08/10 10:54:10.004, 1, 8671, 88
2026/08/10 10:54:11.057, 0, 8325, 92
2026/08/10 10:54:11.060, 1, 12415, 100
2026/08/10 10:54:12.105, 0, 8325, 55
2026/08/10 10:54:12.109, 1, 8607, 64
2026/08/10 10:54:13.156, 0, 7237, 100
2026/08/10 10:54:13.159, 1, 7711, 40
2026/08/10 10:54:14.215, 0, 5125, 100
2026/08/10 10:54:14.223, 1, 6143, 66
2026/08/10 10:54:15.296, 0, 4389, 100
2026/08/10 10:54:15.299, 1, 6015, 81
2026/08/10 10:54:16.352, 0, 4101, 100
2026/08/10 10:54:16.355, 1, 9055, 100
2026/08/10 10:54:17.404, 0, 3589, 100
2026/08/10 10:54:17.408, 1, 4735, 100
2026/08/10 10:54:18.460, 0, 5893, 100
2026/08/10 10:54:18.464, 1, 5055, 17
2026/08/10 10:54:19.516, 0, 8709, 87
2026/08/10 10:54:19.519, 1, 4863, 100
2026/08/10 10:54:20.570, 0, 4645, 100
2026/08/10 10:54:20.574, 1, 8319, 49
2026/08/10 10:54:21.642, 0, 4933, 35
2026/08/10 10:54:21.646, 1, 6271, 97
2026/08/10 10:54:22.693, 0, 4485, 78
2026/08/10 10:54:22.696, 1, 8703, 88
2026/08/10 10:54:23.746, 0, 6405, 100
2026/08/10 10:54:23.749, 1, 9087, 65
2026/08/10 10:54:24.811, 0, 3013, 96
2026/08/10 10:54:24.817, 1, 6783, 67
2026/08/10 10:54:25.876, 0, 6725, 94
2026/08/10 10:54:25.880, 1, 5471, 93
2026/08/10 10:54:26.935, 0, 9253, 100
2026/08/10 10:54:26.941, 1, 5055, 47
2026/08/10 10:54:28.005, 0, 3653, 100
2026/08/10 10:54:28.014, 1, 6175, 100
2026/08/10 10:54:29.074, 0, 5797, 100
2026/08/10 10:54:29.079, 1, 6783, 97
2026/08/10 10:54:30.126, 0, 2885, 82
2026/08/10 10:54:30.129, 1, 4479, 27
2026/08/10 10:54:31.182, 0, 7429, 57
2026/08/10 10:54:31.190, 1, 7903, 100
2026/08/10 10:54:32.282, 0, 6501, 96
2026/08/10 10:54:32.285, 1, 7775, 98
2026/08/10 10:54:33.363, 0, 4869, 100
2026/08/10 10:54:33.366, 1, 7327, 100
2026/08/10 10:54:34.414, 0, 4709, 88
2026/08/10 10:54:34.417, 1, 5407, 67
2026/08/10 10:54:35.469, 0, 3877, 86
2026/08/10 10:54:35.473, 1, 7935, 31
2026/08/10 10:54:36.526, 0, 4741, 100
2026/08/10 10:54:36.530, 1, 5919, 74
2026/08/10 10:54:37.609, 0, 4229, 86
2026/08/10 10:54:37.613, 1, 6687, 89
2026/08/10 10:54:38.663, 0, 3749, 100
2026/08/10 10:54:38.667, 1, 6591, 100
2026/08/10 10:54:39.711, 0, 5925, 63
2026/08/10 10:54:39.714, 1, 9983, 91
2026/08/10 10:54:40.758, 0, 5093, 99
2026/08/10 10:54:40.762, 1, 7263, 88
2026/08/10 10:54:41.835, 0, 7333, 47
2026/08/10 10:54:41.838, 1, 7231, 94
2026/08/10 10:54:42.901, 0, 6341, 94
2026/08/10 10:54:42.907, 1, 11455, 100
2026/08/10 10:54:43.976, 0, 5477, 74
2026/08/10 10:54:43.979, 1, 4959, 82
2026/08/10 10:54:45.052, 0, 5253, 99
2026/08/10 10:54:45.059, 1, 5247, 69
2026/08/10 10:54:46.112, 0, 5221, 80
2026/08/10 10:54:46.115, 1, 6911, 97
2026/08/10 10:54:47.162, 0, 5317, 95
2026/08/10 10:54:47.164, 1, 5215, 85
2026/08/10 10:54:48.210, 0, 4645, 94
2026/08/10 10:54:48.212, 1, 5055, 95
2026/08/10 10:54:49.262, 0, 6949, 87
2026/08/10 10:54:49.268, 1, 10463, 100
2026/08/10 10:54:50.339, 0, 3365, 100
2026/08/10 10:54:50.342, 1, 6879, 96
2026/08/10 10:54:51.403, 0, 6117, 100
2026/08/10 10:54:51.406, 1, 5855, 99
2026/08/10 10:54:52.480, 0, 5797, 95
2026/08/10 10:54:52.488, 1, 10303, 97
2026/08/10 10:54:53.563, 0, 5701, 100
2026/08/10 10:54:53.568, 1, 10431, 58
2026/08/10 10:54:54.637, 0, 3077, 93
2026/08/10 10:54:54.644, 1, 5311, 77
2026/08/10 10:54:55.707, 0, 5573, 100
2026/08/10 10:54:55.709, 1, 7679, 87
2026/08/10 10:54:56.767, 0, 3269, 85
2026/08/10 10:54:56.770, 1, 4607, 17
2026/08/10 10:54:57.845, 0, 2565, 94
2026/08/10 10:54:57.848, 1, 4159, 82
2026/08/10 10:54:58.904, 0, 3333, 62
2026/08/10 10:54:58.916, 1, 6239, 95
2026/08/10 10:54:59.980, 0, 3365, 68
2026/08/10 10:54:59.987, 1, 4671, 18
2026/08/10 10:55:01.076, 0, 3525, 100
2026/08/10 10:55:01.083, 1, 5695, 78
2026/08/10 10:55:02.138, 0, 3013, 99
2026/08/10 10:55:02.144, 1, 4383, 22
2026/08/10 10:55:03.219, 0, 3557, 95
2026/08/10 10:55:03.227, 1, 7871, 85
2026/08/10 10:55:04.308, 0, 4293, 100
2026/08/10 10:55:04.311, 1, 4447, 98
2026/08/10 10:55:05.371, 0, 3269, 94
2026/08/10 10:55:05.374, 1, 4479, 89
2026/08/10 10:55:06.440, 0, 2949, 100
2026/08/10 10:55:06.443, 1, 4351, 98
2026/08/10 10:55:07.526, 0, 3461, 92
2026/08/10 10:55:07.529, 1, 4895, 95
2026/08/10 10:55:08.590, 0, 4165, 71
2026/08/10 10:55:08.594, 1, 7487, 91
2026/08/10 10:55:09.661, 0, 4997, 100
2026/08/10 10:55:09.665, 1, 7103, 54
2026/08/10 10:55:10.714, 0, 7621, 88
2026/08/10 10:55:10.718, 1, 5407, 40
2026/08/10 10:55:11.778, 0, 7237, 81
2026/08/10 10:55:11.781, 1, 4863, 100
2026/08/10 10:55:12.844, 0, 5125, 56
2026/08/10 10:55:12.849, 1, 8031, 74
2026/08/10 10:55:13.916, 0, 4261, 76
2026/08/10 10:55:13.919, 1, 7519, 46
2026/08/10 10:55:14.976, 0, 3621, 84
2026/08/10 10:55:14.979, 1, 4863, 100
2026/08/10 10:55:16.042, 0, 2885, 94
2026/08/10 10:55:16.046, 1, 5471, 100
2026/08/10 10:55:17.102, 0, 3301, 86
2026/08/10 10:55:17.105, 1, 4607, 73
2026/08/10 10:55:18.175, 0, 6373, 0
2026/08/10 10:55:18.179, 1, 6783, 78
2026/08/10 10:55:19.232, 0, 3749, 77
2026/08/10 10:55:19.236, 1, 5535, 84
2026/08/10 10:55:20.304, 0, 5029, 57
2026/08/10 10:55:20.309, 1, 5055, 55
2026/08/10 10:55:21.377, 0, 6213, 62
2026/08/10 10:55:21.381, 1, 7423, 83
2026/08/10 10:55:22.440, 0, 3749, 37
2026/08/10 10:55:22.444, 1, 6143, 100
2026/08/10 10:55:23.530, 0, 2949, 87
2026/08/10 10:55:23.538, 1, 4703, 96
2026/08/10 10:55:24.595, 0, 3301, 98
2026/08/10 10:55:24.598, 1, 5343, 84
2026/08/10 10:55:25.646, 0, 6437, 81
2026/08/10 10:55:25.650, 1, 9279, 29
2026/08/10 10:55:26.711, 0, 6469, 100
2026/08/10 10:55:26.714, 1, 5119, 95
2026/08/10 10:55:27.773, 0, 3333, 93
2026/08/10 10:55:27.778, 1, 4927, 100
2026/08/10 10:55:28.844, 0, 4357, 99
2026/08/10 10:55:28.849, 1, 4959, 98
2026/08/10 10:55:29.926, 0, 4357, 100
2026/08/10 10:55:29.939, 1, 5023, 45
2026/08/10 10:55:31.014, 0, 2853, 70
2026/08/10 10:55:31.019, 1, 4767, 8
2026/08/10 10:55:32.092, 0, 3397, 93
2026/08/10 10:55:32.097, 1, 5407, 50
2026/08/10 10:55:33.172, 0, 5029, 100
2026/08/10 10:55:33.175, 1, 7167, 74
2026/08/10 10:55:34.247, 0, 3301, 86
2026/08/10 10:55:34.250, 1, 7903, 54
2026/08/10 10:55:35.334, 0, 4037, 82
2026/08/10 10:55:35.341, 1, 5791, 79
2026/08/10 10:55:36.441, 0, 11301, 100
2026/08/10 10:55:36.444, 1, 7455, 100
2026/08/10 10:55:37.517, 0, 4741, 100
2026/08/10 10:55:37.527, 1, 7327, 77
2026/08/10 10:55:38.590, 0, 3813, 15
2026/08/10 10:55:38.593, 1, 5023, 88
2026/08/10 10:55:39.656, 0, 4837, 100
2026/08/10 10:55:39.659, 1, 7103, 77
2026/08/10 10:55:40.715, 0, 3717, 81
2026/08/10 10:55:40.718, 1, 4927, 64
2026/08/10 10:55:41.780, 0, 10149, 84
2026/08/10 10:55:41.782, 1, 12319, 73
2026/08/10 10:55:42.826, 0, 5253, 1
2026/08/10 10:55:42.829, 1, 7231, 100
2026/08/10 10:55:43.901, 0, 3653, 91
2026/08/10 10:55:43.907, 1, 4735, 54
2026/08/10 10:55:44.968, 0, 3525, 94
2026/08/10 10:55:44.970, 1, 5759, 100
2026/08/10 10:55:46.018, 0, 4261, 95
2026/08/10 10:55:46.022, 1, 4447, 100
2026/08/10 10:55:47.094, 0, 4709, 91
2026/08/10 10:55:47.097, 1, 8703, 100
2026/08/10 10:55:48.163, 0, 5093, 87
2026/08/10 10:55:48.166, 1, 6783, 98
2026/08/10 10:55:49.256, 0, 3813, 100
2026/08/10 10:55:49.262, 1, 6271, 88
2026/08/10 10:55:50.321, 0, 4197, 87
2026/08/10 10:55:50.324, 1, 5983, 68
2026/08/10 10:55:51.392, 0, 6117, 92
2026/08/10 10:55:51.396, 1, 4895, 78
2026/08/10 10:55:52.459, 0, 8965, 100
2026/08/10 10:55:52.462, 1, 6175, 100
2026/08/10 10:55:53.513, 0, 4677, 100
2026/08/10 10:55:53.518, 1, 7871, 23
2026/08/10 10:55:54.594, 0, 3301, 100
2026/08/10 10:55:54.603, 1, 6239, 91
2026/08/10 10:55:55.676, 0, 7717, 100
2026/08/10 10:55:55.680, 1, 7391, 80
2026/08/10 10:55:56.741, 0, 4965, 82
2026/08/10 10:55:56.744, 1, 6687, 86
2026/08/10 10:55:57.802, 0, 3429, 84
2026/08/10 10:55:57.805, 1, 6047, 49
2026/08/10 10:55:58.863, 0, 2981, 97
2026/08/10 10:55:58.866, 1, 8319, 74
2026/08/10 10:55:59.945, 0, 6085, 75
2026/08/10 10:55:59.950, 1, 7199, 100
2026/08/10 10:56:01.009, 0, 11237, 100
2026/08/10 10:56:01.012, 1, 8415, 72
2026/08/10 10:56:02.067, 0, 4901, 49
2026/08/10 10:56:02.072, 1, 9023, 87
2026/08/10 10:56:03.130, 0, 6373, 84
2026/08/10 10:56:03.134, 1, 4991, 93
2026/08/10 10:56:04.192, 0, 9413, 97
2026/08/10 10:56:04.200, 1, 8447, 83
2026/08/10 10:56:05.266, 0, 6213, 97
2026/08/10 10:56:05.269, 1, 7167, 100
2026/08/10 10:56:06.335, 0, 3077, 23
2026/08/10 10:56:06.339, 1, 4479, 48
2026/08/10 10:56:07.411, 0, 3269, 54
2026/08/10 10:56:07.417, 1, 4735, 91
2026/08/10 10:56:08.490, 0, 2885, 100
2026/08/10 10:56:08.493, 1, 8543, 100
2026/08/10 10:56:09.551, 0, 3589, 100
2026/08/10 10:56:09.556, 1, 5695, 97
2026/08/10 10:56:10.619, 0, 3205, 100
2026/08/10 10:56:10.630, 1, 5055, 100
2026/08/10 10:56:11.700, 0, 4133, 100
2026/08/10 10:56:11.704, 1, 6175, 100
2026/08/10 10:56:12.778, 0, 4837, 91
2026/08/10 10:56:12.781, 1, 6751, 84
2026/08/10 10:56:13.862, 0, 6597, 91
2026/08/10 10:56:13.867, 1, 5887, 94
2026/08/10 10:56:14.949, 0, 3077, 100
2026/08/10 10:56:14.953, 1, 6655, 53
2026/08/10 10:56:16.012, 0, 4101, 92
2026/08/10 10:56:16.015, 1, 7551, 45
2026/08/10 10:56:17.075, 0, 4709, 55
2026/08/10 10:56:17.079, 1, 6303, 88
2026/08/10 10:56:18.141, 0, 4581, 97
2026/08/10 10:56:18.145, 1, 6975, 66
2026/08/10 10:56:19.212, 0, 6821, 92
2026/08/10 10:56:19.214, 1, 7807, 86
2026/08/10 10:56:20.261, 0, 4837, 66
2026/08/10 10:56:20.265, 1, 7839, 100
2026/08/10 10:56:21.310, 0, 3813, 70
2026/08/10 10:56:21.313, 1, 5407, 86
2026/08/10 10:56:22.361, 0, 3237, 86
2026/08/10 10:56:22.366, 1, 4959, 15
2026/08/10 10:56:23.430, 0, 5189, 16
2026/08/10 10:56:23.438, 1, 6655, 69
2026/08/10 10:56:24.501, 0, 4133, 88
2026/08/10 10:56:24.508, 1, 5439, 97
2026/08/10 10:56:25.579, 0, 3429, 100
2026/08/10 10:56:25.587, 1, 5087, 100
2026/08/10 10:56:26.647, 0, 4677, 91
2026/08/10 10:56:26.649, 1, 7135, 80
2026/08/10 10:56:27.707, 0, 3973, 90
2026/08/10 10:56:27.710, 1, 7423, 100
2026/08/10 10:56:28.770, 0, 5093, 33
2026/08/10 10:56:28.774, 1, 5567, 15
2026/08/10 10:56:29.838, 0, 4485, 99
2026/08/10 10:56:29.841, 1, 7583, 98
2026/08/10 10:56:30.909, 0, 3109, 78
2026/08/10 10:56:30.918, 1, 5823, 36
2026/08/10 10:56:31.970, 0, 4549, 84
2026/08/10 10:56:31.972, 1, 5823, 95
2026/08/10 10:56:33.031, 0, 2981, 96
2026/08/10 10:56:33.038, 1, 4671, 12
2026/08/10 10:56:34.134, 0, 3941, 86
2026/08/10 10:56:34.143, 1, 5343, 81
2026/08/10 10:56:35.212, 0, 7045, 100
2026/08/10 10:56:35.218, 1, 6399, 100
2026/08/10 10:56:36.323, 0, 4965, 100
2026/08/10 10:56:36.328, 1, 6911, 76
2026/08/10 10:56:37.403, 0, 5029, 100
2026/08/10 10:56:37.406, 1, 5791, 100
2026/08/10 10:56:38.480, 0, 7013, 100
2026/08/10 10:56:38.486, 1, 7807, 98
2026/08/10 10:56:39.567, 0, 4101, 69
2026/08/10 10:56:39.572, 1, 5247, 60
2026/08/10 10:56:40.656, 0, 5125, 100
2026/08/10 10:56:40.662, 1, 4863, 95
2026/08/10 10:56:41.720, 0, 7557, 90
2026/08/10 10:56:41.724, 1, 4511, 100
2026/08/10 10:56:42.809, 0, 4133, 92
2026/08/10 10:56:42.817, 1, 4863, 80
2026/08/10 10:56:43.897, 0, 6629, 86
2026/08/10 10:56:43.901, 1, 8831, 86
2026/08/10 10:56:44.952, 0, 3845, 100
2026/08/10 10:56:44.956, 1, 5599, 100
2026/08/10 10:56:46.009, 0, 2693, 82
2026/08/10 10:56:46.018, 1, 4895, 93
2026/08/10 10:56:47.086, 0, 3685, 100
2026/08/10 10:56:47.089, 1, 6111, 67
2026/08/10 10:56:48.131, 0, 3205, 92
2026/08/10 10:56:48.134, 1, 4703, 95
2026/08/10 10:56:49.179, 0, 4389, 94
2026/08/10 10:56:49.183, 1, 6751, 94
2026/08/10 10:56:50.228, 0, 4709, 73
2026/08/10 10:56:50.231, 1, 5823, 15
2026/08/10 10:56:51.278, 0, 6629, 67
2026/08/10 10:56:51.281, 1, 4639, 100
2026/08/10 10:56:52.345, 0, 4837, 37
2026/08/10 10:56:52.348, 1, 4703, 48
2026/08/10 10:56:53.408, 0, 4805, 99
2026/08/10 10:56:53.411, 1, 5375, 83
2026/08/10 10:56:54.470, 0, 6373, 10
2026/08/10 10:56:54.478, 1, 5535, 90
2026/08/10 10:56:55.557, 0, 9061, 71
2026/08/10 10:56:55.561, 1, 9791, 100
2026/08/10 10:56:56.613, 0, 7717, 72
2026/08/10 10:56:56.616, 1, 10463, 91
2026/08/10 10:56:57.675, 0, 8581, 0
2026/08/10 10:56:57.679, 1, 8287, 100
2026/08/10 10:56:58.727, 0, 6853, 100
2026/08/10 10:56:58.729, 1, 4671, 88
2026/08/10 10:56:59.773, 0, 5701, 92
2026/08/10 10:56:59.777, 1, 8543, 42
2026/08/10 10:57:00.821, 0, 7205, 98
2026/08/10 10:57:00.823, 1, 9023, 100
2026/08/10 10:57:01.869, 0, 8165, 0
2026/08/10 10:57:01.872, 1, 9919, 74
2026/08/10 10:57:02.938, 0, 3557, 0
2026/08/10 10:57:02.946, 1, 5247, 85
2026/08/10 10:57:03.998, 0, 6181, 99
2026/08/10 10:57:04.000, 1, 5439, 100
2026/08/10 10:57:05.043, 0, 8581, 95
2026/08/10 10:57:05.048, 1, 5023, 80
2026/08/10 10:57:06.108, 0, 2853, 86
2026/08/10 10:57:06.114, 1, 7135, 31
2026/08/10 10:57:07.168, 0, 5637, 44
2026/08/10 10:57:07.171, 1, 6847, 100
2026/08/10 10:57:08.221, 0, 5765, 34
2026/08/10 10:57:08.223, 1, 5311, 100
2026/08/10 10:57:09.266, 0, 8453, 100
2026/08/10 10:57:09.268, 1, 10463, 100
2026/08/10 10:57:10.321, 0, 4325, 14
2026/08/10 10:57:10.324, 1, 5535, 90
2026/08/10 10:57:11.389, 0, 2853, 100
2026/08/10 10:57:11.391, 1, 7711, 90
2026/08/10 10:57:12.440, 0, 4293, 92
2026/08/10 10:57:12.444, 1, 5183, 63
2026/08/10 10:57:13.500, 0, 4037, 82
2026/08/10 10:57:13.502, 1, 8895, 91
2026/08/10 10:57:14.556, 0, 4709, 0
2026/08/10 10:57:14.560, 1, 5247, 100
2026/08/10 10:57:15.618, 0, 2565, 67
2026/08/10 10:57:15.625, 1, 4543, 100
2026/08/10 10:57:16.685, 0, 3301, 63
2026/08/10 10:57:16.689, 1, 6271, 88
2026/08/10 10:57:17.744, 0, 5381, 93
2026/08/10 10:57:17.751, 1, 4767, 100
2026/08/10 10:57:18.832, 0, 2629, 100
2026/08/10 10:57:18.836, 1, 4799, 77
2026/08/10 10:57:19.894, 0, 3269, 94
2026/08/10 10:57:19.896, 1, 6015, 73
2026/08/10 10:57:20.943, 0, 7237, 63
2026/08/10 10:57:20.951, 1, 6751, 55
2026/08/10 10:57:22.026, 0, 4165, 100
2026/08/10 10:57:22.030, 1, 6079, 55
2026/08/10 10:57:23.089, 0, 3173, 89
2026/08/10 10:57:23.100, 1, 5119, 12
2026/08/10 10:57:24.181, 0, 4485, 97
2026/08/10 10:57:24.184, 1, 7103, 19
2026/08/10 10:57:25.243, 0, 3045, 90
2026/08/10 10:57:25.254, 1, 5183, 30
2026/08/10 10:57:26.332, 0, 2629, 82
2026/08/10 10:57:26.338, 1, 4767, 79
2026/08/10 10:57:27.421, 0, 3685, 75
2026/08/10 10:57:27.426, 1, 4703, 96
2026/08/10 10:57:28.483, 0, 4325, 96
2026/08/10 10:57:28.486, 1, 5983, 100
2026/08/10 10:57:29.542, 0, 2693, 50
2026/08/10 10:57:29.548, 1, 4607, 100
2026/08/10 10:57:30.602, 0, 4485, 87
2026/08/10 10:57:30.604, 1, 5791, 86
2026/08/10 10:57:31.682, 0, 2949, 89
2026/08/10 10:57:31.688, 1, 4703, 100
2026/08/10 10:57:32.771, 0, 4069, 71
2026/08/10 10:57:32.773, 1, 5855, 99
2026/08/10 10:57:33.815, 0, 4037, 4
2026/08/10 10:57:33.819, 1, 5663, 88
2026/08/10 10:57:34.863, 0, 3077, 37
2026/08/10 10:57:34.866, 1, 7391, 100
2026/08/10 10:57:35.921, 0, 3141, 82
2026/08/10 10:57:35.925, 1, 5215, 94
2026/08/10 10:57:36.989, 0, 5701, 91
2026/08/10 10:57:36.996, 1, 6623, 91
2026/08/10 10:57:38.047, 0, 7269, 92
2026/08/10 10:57:38.050, 1, 8095, 100
2026/08/10 10:57:39.106, 0, 3173, 86
2026/08/10 10:57:39.111, 1, 4991, 99
2026/08/10 10:57:40.208, 0, 4005, 84
2026/08/10 10:57:40.217, 1, 4959, 100
2026/08/10 10:57:41.298, 0, 4325, 91
2026/08/10 10:57:41.307, 1, 4991, 89
2026/08/10 10:57:42.379, 0, 2885, 0
2026/08/10 10:57:42.383, 1, 4607, 86
2026/08/10 10:57:43.437, 0, 3909, 100
2026/08/10 10:57:43.441, 1, 5599, 100
2026/08/10 10:57:44.503, 0, 3685, 0
2026/08/10 10:57:44.507, 1, 4863, 97
2026/08/10 10:57:45.568, 0, 4229, 73
2026/08/10 10:57:45.571, 1, 8127, 79
2026/08/10 10:57:46.649, 0, 3109, 100
2026/08/10 10:57:46.656, 1, 4799, 100
2026/08/10 10:57:47.717, 0, 3493, 100
2026/08/10 10:57:47.719, 1, 5567, 100
2026/08/10 10:57:48.760, 0, 3461, 0
2026/08/10 10:57:48.763, 1, 5855, 86
2026/08/10 10:57:49.804, 0, 3397, 10
2026/08/10 10:57:49.806, 1, 4991, 92
2026/08/10 10:57:50.849, 0, 5349, 100
2026/08/10 10:57:50.853, 1, 5471, 100
2026/08/10 10:57:51.900, 0, 5477, 100
2026/08/10 10:57:51.903, 1, 7903, 91
2026/08/10 10:57:52.948, 0, 4293, 90
2026/08/10 10:57:52.950, 1, 7679, 96
2026/08/10 10:57:54.019, 0, 3461, 83
2026/08/10 10:57:54.023, 1, 5727, 100
2026/08/10 10:57:55.074, 0, 4709, 35
2026/08/10 10:57:55.076, 1, 5183, 99
2026/08/10 10:57:56.136, 0, 3365, 81
2026/08/10 10:57:56.139, 1, 5407, 83
2026/08/10 10:57:57.205, 0, 2949, 65
2026/08/10 10:57:57.211, 1, 4863, 91
2026/08/10 10:57:58.304, 0, 3045, 83
2026/08/10 10:57:58.308, 1, 4863, 64
2026/08/10 10:57:59.360, 0, 5797, 95
2026/08/10 10:57:59.363, 1, 5503, 100
2026/08/10 10:58:00.405, 0, 3781, 80
2026/08/10 10:58:00.408, 1, 5759, 78
2026/08/10 10:58:01.451, 0, 3749, 100
2026/08/10 10:58:01.454, 1, 5791, 100
2026/08/10 10:58:02.496, 0, 4261, 92
2026/08/10 10:58:02.499, 1, 6879, 100
2026/08/10 10:58:03.542, 0, 3781, 54
2026/08/10 10:58:03.545, 1, 5279, 26
2026/08/10 10:58:04.589, 0, 4293, 100
2026/08/10 10:58:04.591, 1, 6495, 96
2026/08/10 10:58:05.637, 0, 3685, 83
2026/08/10 10:58:05.640, 1, 6527, 38
2026/08/10 10:58:06.684, 0, 3493, 19
2026/08/10 10:58:06.687, 1, 5247, 96
2026/08/10 10:58:07.734, 0, 5029, 97
2026/08/10 10:58:07.737, 1, 7071, 100
2026/08/10 10:58:08.803, 0, 3333, 94
2026/08/10 10:58:08.807, 1, 5119, 100
2026/08/10 10:58:09.858, 0, 3621, 66
2026/08/10 10:58:09.861, 1, 6335, 79
2026/08/10 10:58:10.907, 0, 5029, 97
2026/08/10 10:58:10.909, 1, 5791, 100
2026/08/10 10:58:11.963, 0, 2629, 100
2026/08/10 10:58:11.966, 1, 4383, 11
2026/08/10 10:58:13.032, 0, 3269, 90
2026/08/10 10:58:13.035, 1, 5727, 72
2026/08/10 10:58:14.112, 0, 3013, 60
2026/08/10 10:58:14.119, 1, 4863, 82
2026/08/10 10:58:15.183, 0, 3525, 95
2026/08/10 10:58:15.185, 1, 4959, 93
2026/08/10 10:58:16.242, 0, 4581, 95
2026/08/10 10:58:16.249, 1, 4703, 96
2026/08/10 10:58:17.318, 0, 3333, 80
2026/08/10 10:58:17.321, 1, 5375, 40
2026/08/10 10:58:18.366, 0, 3045, 58
2026/08/10 10:58:18.368, 1, 4831, 12
2026/08/10 10:58:19.412, 0, 4133, 95
2026/08/10 10:58:19.414, 1, 7103, 87
2026/08/10 10:58:20.462, 0, 3013, 89
2026/08/10 10:58:20.465, 1, 4863, 59
2026/08/10 10:58:21.520, 0, 4197, 100
2026/08/10 10:58:21.522, 1, 6527, 100
2026/08/10 10:58:22.564, 0, 3429, 85
2026/08/10 10:58:22.568, 1, 4863, 100
2026/08/10 10:58:23.613, 0, 3365, 8
2026/08/10 10:58:23.616, 1, 5503, 91
2026/08/10 10:58:24.659, 0, 5861, 1
2026/08/10 10:58:24.662, 1, 5855, 71
2026/08/10 10:58:25.708, 0, 4229, 87
2026/08/10 10:58:25.711, 1, 5247, 100
2026/08/10 10:58:26.759, 0, 6149, 98
2026/08/10 10:58:26.762, 1, 5887, 100
2026/08/10 10:58:27.811, 0, 3237, 37
2026/08/10 10:58:27.814, 1, 10015, 100
2026/08/10 10:58:28.861, 0, 4037, 4
2026/08/10 10:58:28.866, 1, 5663, 99
2026/08/10 10:58:29.909, 0, 4773, 94
2026/08/10 10:58:29.912, 1, 5887, 96
2026/08/10 10:58:30.964, 0, 4037, 57
2026/08/10 10:58:30.977, 1, 5311, 96
2026/08/10 10:58:32.048, 0, 4133, 15
2026/08/10 10:58:32.054, 1, 5439, 95
2026/08/10 10:58:33.123, 0, 3621, 37
2026/08/10 10:58:33.126, 1, 5311, 88
2026/08/10 10:58:34.211, 0, 3205, 87
2026/08/10 10:58:34.215, 1, 4447, 95
2026/08/10 10:58:35.283, 0, 3077, 67
2026/08/10 10:58:35.286, 1, 4543, 33
2026/08/10 10:58:36.350, 0, 3109, 15
2026/08/10 10:58:36.354, 1, 4575, 95
2026/08/10 10:58:37.417, 0, 4293, 98
2026/08/10 10:58:37.419, 1, 5247, 96
2026/08/10 10:58:38.463, 0, 4069, 50
2026/08/10 10:58:38.465, 1, 4895, 99
2026/08/10 10:58:39.507, 0, 4293, 31
2026/08/10 10:58:39.510, 1, 6015, 25
2026/08/10 10:58:40.552, 0, 4741, 94
2026/08/10 10:58:40.555, 1, 5471, 65
2026/08/10 10:58:41.600, 0, 3941, 100
2026/08/10 10:58:41.603, 1, 6687, 31
2026/08/10 10:58:42.657, 0, 4997, 68
2026/08/10 10:58:42.666, 1, 6047, 11
2026/08/10 10:58:43.738, 0, 4005, 75
2026/08/10 10:58:43.740, 1, 6143, 100
2026/08/10 10:58:44.803, 0, 4325, 64
2026/08/10 10:58:44.807, 1, 5119, 22
2026/08/10 10:58:45.861, 0, 7813, 100
2026/08/10 10:58:45.863, 1, 7487, 70
2026/08/10 10:58:46.923, 0, 4261, 11
2026/08/10 10:58:46.932, 1, 5279, 62
2026/08/10 10:58:48.022, 0, 4453, 9
2026/08/10 10:58:48.027, 1, 5151, 50
2026/08/10 10:58:49.108, 0, 3269, 82
2026/08/10 10:58:49.113, 1, 5503, 85
2026/08/10 10:58:50.172, 0, 3109, 0
2026/08/10 10:58:50.175, 1, 6975, 97
2026/08/10 10:58:51.235, 0, 3173, 80
2026/08/10 10:58:51.241, 1, 4671, 100
2026/08/10 10:58:52.290, 0, 3845, 96
2026/08/10 10:58:52.292, 1, 5311, 97
2026/08/10 10:58:53.341, 0, 4389, 14
2026/08/10 10:58:53.344, 1, 5119, 79
2026/08/10 10:58:54.388, 0, 3173, 80
2026/08/10 10:58:54.390, 1, 5791, 81
2026/08/10 10:58:55.433, 0, 3589, 99
2026/08/10 10:58:55.436, 1, 5439, 57
2026/08/10 10:58:56.485, 0, 3013, 8
2026/08/10 10:58:56.488, 1, 4767, 90
2026/08/10 10:58:57.531, 0, 4933, 100
2026/08/10 10:58:57.534, 1, 5375, 73
2026/08/10 10:58:58.588, 0, 5637, 100
2026/08/10 10:58:58.590, 1, 4799, 96
2026/08/10 10:58:59.679, 0, 3621, 54
2026/08/10 10:58:59.682, 1, 7263, 100
2026/08/10 10:59:00.767, 0, 2917, 99
2026/08/10 10:59:00.774, 1, 4767, 91
2026/08/10 10:59:01.840, 0, 3205, 96
2026/08/10 10:59:01.843, 1, 5631, 100
2026/08/10 10:59:02.898, 0, 4293, 84
2026/08/10 10:59:02.902, 1, 5631, 100
2026/08/10 10:59:03.973, 0, 4741, 95
2026/08/10 10:59:03.980, 1, 5919, 97
2026/08/10 10:59:05.063, 0, 6149, 100
2026/08/10 10:59:05.069, 1, 5823, 100
2026/08/10 10:59:06.116, 0, 5189, 0
2026/08/10 10:59:06.118, 1, 5887, 99
2026/08/10 10:59:07.172, 0, 3077, 75
2026/08/10 10:59:07.182, 1, 5151, 85
2026/08/10 10:59:08.257, 0, 5221, 99
2026/08/10 10:59:08.261, 1, 5151, 73
2026/08/10 10:59:09.325, 0, 3941, 96
2026/08/10 10:59:09.328, 1, 5823, 100
2026/08/10 10:59:10.415, 0, 2693, 96
2026/08/10 10:59:10.421, 1, 4831, 100
2026/08/10 10:59:11.486, 0, 3621, 97
2026/08/10 10:59:11.490, 1, 5183, 98
2026/08/10 10:59:12.539, 0, 3621, 80
2026/08/10 10:59:12.541, 1, 6207, 99
2026/08/10 10:59:13.594, 0, 3173, 34
2026/08/10 10:59:13.597, 1, 5055, 99
2026/08/10 10:59:14.639, 0, 3557, 100
2026/08/10 10:59:14.641, 1, 5599, 94
2026/08/10 10:59:15.682, 0, 5477, 5
2026/08/10 10:59:15.685, 1, 6303, 92
2026/08/10 10:59:16.747, 0, 4741, 46
2026/08/10 10:59:16.753, 1, 5119, 96
2026/08/10 10:59:17.824, 0, 5029, 85
2026/08/10 10:59:17.826, 1, 5279, 95
2026/08/10 10:59:18.884, 0, 3525, 100
2026/08/10 10:59:18.888, 1, 5407, 86
2026/08/10 10:59:19.961, 0, 4613, 100
2026/08/10 10:59:19.968, 1, 6943, 98
2026/08/10 10:59:21.032, 0, 3781, 100
2026/08/10 10:59:21.035, 1, 5599, 100
2026/08/10 10:59:22.081, 0, 3877, 69
2026/08/10 10:59:22.084, 1, 5663, 74
2026/08/10 10:59:23.130, 0, 4005, 58
2026/08/10 10:59:23.134, 1, 5023, 71
2026/08/10 10:59:24.182, 0, 3109, 79
2026/08/10 10:59:24.184, 1, 4895, 91
2026/08/10 10:59:25.228, 0, 3301, 93
2026/08/10 10:59:25.231, 1, 5151, 88
2026/08/10 10:59:26.289, 0, 3077, 79
2026/08/10 10:59:26.296, 1, 4767, 83
2026/08/10 10:59:27.357, 0, 4869, 77
2026/08/10 10:59:27.360, 1, 5439, 79
2026/08/10 10:59:28.427, 0, 4069, 66
2026/08/10 10:59:28.430, 1, 5311, 77
2026/08/10 10:59:29.481, 0, 4357, 95
2026/08/10 10:59:29.484, 1, 6399, 98
2026/08/10 10:59:30.538, 0, 3397, 90
2026/08/10 10:59:30.543, 1, 6719, 99
2026/08/10 10:59:31.594, 0, 4005, 95
2026/08/10 10:59:31.597, 1, 6463, 74
2026/08/10 10:59:32.643, 0, 7173, 88
2026/08/10 10:59:32.646, 1, 6207, 42
2026/08/10 10:59:33.691, 0, 5253, 86
2026/08/10 10:59:33.696, 1, 8095, 82
2026/08/10 10:59:34.767, 0, 4837, 100
2026/08/10 10:59:34.771, 1, 5791, 94
2026/08/10 10:59:35.828, 0, 4709, 98
2026/08/10 10:59:35.830, 1, 6239, 97
2026/08/10 10:59:36.876, 0, 5637, 81
2026/08/10 10:59:36.879, 1, 8927, 100
2026/08/10 10:59:37.919, 0, 5349, 100
2026/08/10 10:59:37.922, 1, 6495, 100
2026/08/10 10:59:38.978, 0, 4069, 75
2026/08/10 10:59:38.984, 1, 5215, 100
2026/08/10 10:59:40.046, 0, 3845, 97
2026/08/10 10:59:40.049, 1, 8639, 74
2026/08/10 10:59:41.118, 0, 3877, 95
2026/08/10 10:59:41.121, 1, 5151, 100
2026/08/10 10:59:42.198, 0, 5157, 48
2026/08/10 10:59:42.206, 1, 6015, 100
2026/08/10 10:59:43.258, 0, 6885, 100
2026/08/10 10:59:43.260, 1, 5599, 84
2026/08/10 10:59:44.324, 0, 3333, 97
2026/08/10 10:59:44.328, 1, 4735, 79
2026/08/10 10:59:45.401, 0, 5029, 100
2026/08/10 10:59:45.411, 1, 7455, 76
2026/08/10 10:59:46.492, 0, 6757, 99
2026/08/10 10:59:46.503, 1, 6015, 95
2026/08/10 10:59:47.572, 0, 4389, 100
2026/08/10 10:59:47.579, 1, 5631, 66
2026/08/10 10:59:48.646, 0, 7845, 93
2026/08/10 10:59:48.649, 1, 7551, 100
2026/08/10 10:59:49.712, 0, 3909, 10
2026/08/10 10:59:49.716, 1, 6335, 91
2026/08/10 10:59:50.777, 0, 5509, 99
2026/08/10 10:59:50.780, 1, 5375, 100
2026/08/10 10:59:51.843, 0, 3493, 68
2026/08/10 10:59:51.847, 1, 5663, 66
2026/08/10 10:59:52.918, 0, 5093, 93
2026/08/10 10:59:52.923, 1, 7711, 36
2026/08/10 10:59:54.004, 0, 4389, 92
2026/08/10 10:59:54.008, 1, 5855, 100
2026/08/10 10:59:55.077, 0, 3141, 97
2026/08/10 10:59:55.081, 1, 4831, 80
2026/08/10 10:59:56.155, 0, 3237, 75
2026/08/10 10:59:56.159, 1, 5951, 86
2026/08/10 10:59:57.245, 0, 5669, 72
2026/08/10 10:59:57.249, 1, 5183, 41
2026/08/10 10:59:58.340, 0, 3909, 100
2026/08/10 10:59:58.347, 1, 8639, 100
2026/08/10 10:59:59.411, 0, 4581, 83
2026/08/10 10:59:59.413, 1, 8223, 96
2026/08/10 11:00:00.474, 0, 3365, 48
2026/08/10 11:00:00.478, 1, 4927, 73
2026/08/10 11:00:01.549, 0, 4325, 100
2026/08/10 11:00:01.558, 1, 5343, 100
2026/08/10 11:00:02.661, 0, 2885, 100
2026/08/10 11:00:02.665, 1, 5215, 100
2026/08/10 11:00:03.727, 0, 4101, 100
2026/08/10 11:00:03.731, 1, 4415, 90
2026/08/10 11:00:04.789, 0, 5093, 88
2026/08/10 11:00:04.792, 1, 5887, 85
2026/08/10 11:00:05.841, 0, 4293, 97
2026/08/10 11:00:05.844, 1, 4607, 94
2026/08/10 11:00:06.896, 0, 4101, 93
2026/08/10 11:00:06.900, 1, 5983, 84
2026/08/10 11:00:07.979, 0, 3589, 100
2026/08/10 11:00:07.982, 1, 4671, 83
2026/08/10 11:00:09.037, 0, 3333, 100
2026/08/10 11:00:09.040, 1, 6047, 83
2026/08/10 11:00:10.096, 0, 2885, 87
2026/08/10 11:00:10.099, 1, 4703, 51
2026/08/10 11:00:11.187, 0, 4069, 89
2026/08/10 11:00:11.195, 1, 5023, 93
2026/08/10 11:00:12.293, 0, 3365, 89
2026/08/10 11:00:12.297, 1, 5023, 54
2026/08/10 11:00:13.352, 0, 3141, 57
2026/08/10 11:00:13.356, 1, 5279, 90
2026/08/10 11:00:14.417, 0, 4197, 100
2026/08/10 11:00:14.420, 1, 7519, 9
2026/08/10 11:00:15.485, 0, 5221, 99
2026/08/10 11:00:15.491, 1, 7359, 100
2026/08/10 11:00:16.559, 0, 4485, 58
2026/08/10 11:00:16.562, 1, 4799, 98
2026/08/10 11:00:17.628, 0, 3813, 100
2026/08/10 11:00:17.635, 1, 5023, 100
2026/08/10 11:00:18.703, 0, 3365, 91
2026/08/10 11:00:18.707, 1, 4639, 100
2026/08/10 11:00:19.770, 0, 3365, 96
2026/08/10 11:00:19.774, 1, 4287, 95
2026/08/10 11:00:20.825, 0, 2949, 92
2026/08/10 11:00:20.827, 1, 4287, 83
2026/08/10 11:00:21.888, 0, 3909, 75
2026/08/10 11:00:21.891, 1, 5887, 94
2026/08/10 11:00:22.963, 0, 5829, 99
2026/08/10 11:00:22.965, 1, 7519, 94
2026/08/10 11:00:24.029, 0, 3109, 97
2026/08/10 11:00:24.036, 1, 4639, 100
2026/08/10 11:00:25.093, 0, 4229, 64
2026/08/10 11:00:25.096, 1, 6079, 97
2026/08/10 11:00:26.139, 0, 4869, 100
2026/08/10 11:00:26.142, 1, 4607, 94
2026/08/10 11:00:27.184, 0, 3493, 80
2026/08/10 11:00:27.187, 1, 5759, 52
2026/08/10 11:00:28.248, 0, 4005, 53
2026/08/10 11:00:28.252, 1, 5439, 69
2026/08/10 11:00:29.298, 0, 4485, 100
2026/08/10 11:00:29.300, 1, 7455, 100
2026/08/10 11:00:30.347, 0, 3685, 91
2026/08/10 11:00:30.350, 1, 5055, 92
2026/08/10 11:00:31.392, 0, 4293, 100
2026/08/10 11:00:31.394, 1, 7327, 84
2026/08/10 11:00:32.468, 0, 5157, 90
2026/08/10 11:00:32.470, 1, 4959, 51
2026/08/10 11:00:33.538, 0, 4613, 99
2026/08/10 11:00:33.540, 1, 5535, 85
2026/08/10 11:00:34.589, 0, 6309, 100
2026/08/10 11:00:34.592, 1, 5919, 56
2026/08/10 11:00:35.637, 0, 4005, 63
2026/08/10 11:00:35.639, 1, 5279, 100
2026/08/10 11:00:36.683, 0, 5765, 92
2026/08/10 11:00:36.686, 1, 4703, 55
2026/08/10 11:00:37.729, 0, 3653, 9
2026/08/10 11:00:37.732, 1, 5567, 88
2026/08/10 11:00:38.775, 0, 3621, 33
2026/08/10 11:00:38.778, 1, 5375, 94
2026/08/10 11:00:39.823, 0, 3845, 94
2026/08/10 11:00:39.827, 1, 5791, 94
2026/08/10 11:00:40.873, 0, 3205, 100
2026/08/10 11:00:40.876, 1, 5151, 100
2026/08/10 11:00:41.919, 0, 4709, 91
2026/08/10 11:00:41.922, 1, 6175, 99
2026/08/10 11:00:42.994, 0, 3269, 100
2026/08/10 11:00:42.998, 1, 4735, 67
2026/08/10 11:00:44.064, 0, 4357, 95
2026/08/10 11:00:44.068, 1, 8863, 100
2026/08/10 11:00:45.144, 0, 4677, 44
2026/08/10 11:00:45.148, 1, 4831, 78
2026/08/10 11:00:46.211, 0, 3781, 100
2026/08/10 11:00:46.214, 1, 7615, 81
2026/08/10 11:00:47.261, 0, 3941, 100
2026/08/10 11:00:47.264, 1, 7647, 100
2026/08/10 11:00:48.306, 0, 4037, 47
2026/08/10 11:00:48.308, 1, 6143, 98
2026/08/10 11:00:49.368, 0, 3461, 80
2026/08/10 11:00:49.378, 1, 5215, 81
2026/08/10 11:00:50.445, 0, 5637, 89
2026/08/10 11:00:50.448, 1, 5663, 97
2026/08/10 11:00:51.491, 0, 3333, 84
2026/08/10 11:00:51.494, 1, 6751, 95
2026/08/10 11:00:52.537, 0, 7109, 31
2026/08/10 11:00:52.539, 1, 5695, 97
2026/08/10 11:00:53.619, 0, 3717, 80
2026/08/10 11:00:53.628, 1, 5215, 100
2026/08/10 11:00:54.681, 0, 5157, 89
2026/08/10 11:00:54.685, 1, 5215, 76
2026/08/10 11:00:55.744, 0, 3749, 97
2026/08/10 11:00:55.748, 1, 6207, 91
2026/08/10 11:00:56.816, 0, 4197, 90
2026/08/10 11:00:56.823, 1, 5727, 45
2026/08/10 11:00:57.889, 0, 8005, 76
2026/08/10 11:00:57.892, 1, 7231, 100
2026/08/10 11:00:58.937, 0, 5061, 81
2026/08/10 11:00:58.939, 1, 6143, 100
2026/08/10 11:00:59.997, 0, 4517, 28
2026/08/10 11:01:00.001, 1, 5887, 100
2026/08/10 11:01:01.074, 0, 3141, 100
2026/08/10 11:01:01.077, 1, 4799, 74
2026/08/10 11:01:02.123, 0, 3749, 97
2026/08/10 11:01:02.126, 1, 4863, 95
2026/08/10 11:01:03.192, 0, 6373, 0
2026/08/10 11:01:03.203, 1, 11391, 90
2026/08/10 11:01:04.256, 0, 3813, 93
2026/08/10 11:01:04.259, 1, 6303, 85
2026/08/10 11:01:05.307, 0, 4005, 100
2026/08/10 11:01:05.310, 1, 5023, 100
2026/08/10 11:01:06.355, 0, 3525, 85
2026/08/10 11:01:06.359, 1, 4895, 90
2026/08/10 11:01:07.418, 0, 3333, 87
2026/08/10 11:01:07.421, 1, 4895, 64
2026/08/10 11:01:08.470, 0, 6885, 61
2026/08/10 11:01:08.473, 1, 5631, 100
2026/08/10 11:01:09.535, 0, 3205, 80
2026/08/10 11:01:09.540, 1, 5151, 7
2026/08/10 11:01:10.604, 0, 3813, 79
2026/08/10 11:01:10.612, 1, 6047, 100
2026/08/10 11:01:11.681, 0, 7173, 85
2026/08/10 11:01:11.685, 1, 10015, 96
2026/08/10 11:01:12.751, 0, 4037, 100
2026/08/10 11:01:12.754, 1, 5087, 55
2026/08/10 11:01:13.798, 0, 5157, 99
2026/08/10 11:01:13.801, 1, 5375, 100
2026/08/10 11:01:14.858, 0, 3013, 99
2026/08/10 11:01:14.862, 1, 4895, 81
2026/08/10 11:01:15.914, 0, 3653, 93
2026/08/10 11:01:15.918, 1, 4831, 78
2026/08/10 11:01:16.989, 0, 3749, 95
2026/08/10 11:01:16.994, 1, 4927, 75
2026/08/10 11:01:18.046, 0, 3845, 98
2026/08/10 11:01:18.049, 1, 6335, 100
2026/08/10 11:01:19.093, 0, 4645, 69
2026/08/10 11:01:19.096, 1, 5279, 100
2026/08/10 11:01:20.139, 0, 3941, 98
2026/08/10 11:01:20.142, 1, 6751, 100
2026/08/10 11:01:21.199, 0, 3941, 100
2026/08/10 11:01:21.203, 1, 5055, 94
2026/08/10 11:01:22.275, 0, 3909, 100
2026/08/10 11:01:22.280, 1, 4735, 100
2026/08/10 11:01:23.349, 0, 5189, 51
2026/08/10 11:01:23.353, 1, 4639, 91
2026/08/10 11:01:24.404, 0, 4517, 100
2026/08/10 11:01:24.407, 1, 5631, 65
2026/08/10 11:01:25.472, 0, 3653, 27
2026/08/10 11:01:25.476, 1, 4767, 18
2026/08/10 11:01:26.533, 0, 4037, 100
2026/08/10 11:01:26.536, 1, 7839, 99
2026/08/10 11:01:27.604, 0, 4453, 70
2026/08/10 11:01:27.613, 1, 5151, 19
2026/08/10 11:01:28.687, 0, 3333, 99
2026/08/10 11:01:28.695, 1, 5087, 80
2026/08/10 11:01:29.763, 0, 4517, 98
2026/08/10 11:01:29.766, 1, 4959, 100
2026/08/10 11:01:30.828, 0, 4069, 95
2026/08/10 11:01:30.832, 1, 5535, 84
2026/08/10 11:01:31.877, 0, 4133, 71
2026/08/10 11:01:31.881, 1, 4639, 72
2026/08/10 11:01:32.927, 0, 3717, 49
2026/08/10 11:01:32.933, 1, 4863, 96
2026/08/10 11:01:34.022, 0, 4101, 100
2026/08/10 11:01:34.028, 1, 6175, 94
2026/08/10 11:01:35.096, 0, 4197, 14
2026/08/10 11:01:35.098, 1, 8287, 100
2026/08/10 11:01:36.171, 0, 4549, 48
2026/08/10 11:01:36.173, 1, 6815, 94
2026/08/10 11:01:37.229, 0, 3301, 94
2026/08/10 11:01:37.235, 1, 4735, 82
2026/08/10 11:01:38.319, 0, 4741, 85
2026/08/10 11:01:38.327, 1, 5983, 99
2026/08/10 11:01:39.389, 0, 3973, 83
2026/08/10 11:01:39.392, 1, 6335, 94
2026/08/10 11:01:40.448, 0, 2981, 0
2026/08/10 11:01:40.451, 1, 5247, 95
2026/08/10 11:01:41.522, 0, 3589, 100
2026/08/10 11:01:41.525, 1, 5119, 97
2026/08/10 11:01:42.583, 0, 3717, 0
2026/08/10 11:01:42.586, 1, 6687, 96
2026/08/10 11:01:43.654, 0, 2981, 100
2026/08/10 11:01:43.658, 1, 4639, 100
2026/08/10 11:01:44.741, 0, 4005, 100
2026/08/10 11:01:44.744, 1, 5503, 79
2026/08/10 11:01:45.833, 0, 5733, 100
2026/08/10 11:01:45.839, 1, 8095, 89
2026/08/10 11:01:46.930, 0, 3589, 87
2026/08/10 11:01:46.934, 1, 5119, 87
2026/08/10 11:01:48.005, 0, 4101, 95
2026/08/10 11:01:48.013, 1, 5343, 93
2026/08/10 11:01:49.092, 0, 3493, 58
2026/08/10 11:01:49.096, 1, 4799, 66
2026/08/10 11:01:50.174, 0, 5253, 100
2026/08/10 11:01:50.180, 1, 6879, 100
2026/08/10 11:01:51.265, 0, 3525, 85
2026/08/10 11:01:51.268, 1, 4895, 69
2026/08/10 11:01:52.331, 0, 3269, 84
2026/08/10 11:01:52.334, 1, 5087, 89
2026/08/10 11:01:53.391, 0, 3653, 46
2026/08/10 11:01:53.393, 1, 5119, 43
2026/08/10 11:01:54.458, 0, 6181, 93
2026/08/10 11:01:54.461, 1, 7423, 59
2026/08/10 11:01:55.508, 0, 9893, 100
2026/08/10 11:01:55.511, 1, 12831, 18
2026/08/10 11:01:56.567, 0, 4005, 51
2026/08/10 11:01:56.571, 1, 4799, 85
2026/08/10 11:01:57.673, 0, 6661, 87
2026/08/10 11:01:57.677, 1, 6431, 100
2026/08/10 11:01:58.732, 0, 3461, 88
2026/08/10 11:01:58.739, 1, 4959, 100
2026/08/10 11:01:59.808, 0, 4261, 71
2026/08/10 11:01:59.813, 1, 5503, 100
2026/08/10 11:02:00.897, 0, 3013, 69
2026/08/10 11:02:00.903, 1, 6719, 48
2026/08/10 11:02:01.962, 0, 6565, 87
2026/08/10 11:02:01.964, 1, 8351, 44
2026/08/10 11:02:03.021, 0, 3141, 92
2026/08/10 11:02:03.028, 1, 4927, 91
2026/08/10 11:02:04.102, 0, 2821, 95
2026/08/10 11:02:04.105, 1, 6751, 100
2026/08/10 11:02:05.166, 0, 3749, 93
2026/08/10 11:02:05.168, 1, 5823, 99
2026/08/10 11:02:06.226, 0, 4037, 100
2026/08/10 11:02:06.236, 1, 4671, 100
2026/08/10 11:02:07.306, 0, 3557, 100
2026/08/10 11:02:07.309, 1, 4959, 97
2026/08/10 11:02:08.355, 0, 4741, 90
2026/08/10 11:02:08.358, 1, 6271, 93
2026/08/10 11:02:09.402, 0, 3013, 76
2026/08/10 11:02:09.405, 1, 5375, 74
2026/08/10 11:02:10.472, 0, 3461, 100
2026/08/10 11:02:10.479, 1, 4991, 78
2026/08/10 11:02:11.529, 0, 6085, 100
2026/08/10 11:02:11.533, 1, 6655, 70
2026/08/10 11:02:12.578, 0, 5541, 89
2026/08/10 11:02:12.581, 1, 5375, 84
2026/08/10 11:02:13.639, 0, 4293, 46
2026/08/10 11:02:13.644, 1, 4639, 79
2026/08/10 11:02:14.715, 0, 5125, 75
2026/08/10 11:02:14.720, 1, 6239, 84
2026/08/10 11:02:15.778, 0, 6501, 89
2026/08/10 11:02:15.781, 1, 7775, 93
2026/08/10 11:02:16.838, 0, 6693, 100
2026/08/10 11:02:16.841, 1, 7359, 91
2026/08/10 11:02:17.920, 0, 2885, 94
2026/08/10 11:02:17.924, 1, 4703, 69
2026/08/10 11:02:18.995, 0, 3653, 92
2026/08/10 11:02:18.998, 1, 4927, 95
2026/08/10 11:02:20.058, 0, 5797, 91
2026/08/10 11:02:20.062, 1, 5983, 74
2026/08/10 11:02:21.145, 0, 4325, 34
2026/08/10 11:02:21.151, 1, 8415, 84
2026/08/10 11:02:22.224, 0, 4357, 95
2026/08/10 11:02:22.228, 1, 5215, 91
2026/08/10 11:02:23.295, 0, 3301, 98
2026/08/10 11:02:23.303, 1, 5439, 100
2026/08/10 11:02:24.378, 0, 4997, 98
2026/08/10 11:02:24.380, 1, 5471, 77
2026/08/10 11:02:25.432, 0, 4357, 71
2026/08/10 11:02:25.434, 1, 7839, 100
2026/08/10 11:02:26.483, 0, 3397, 58
2026/08/10 11:02:26.486, 1, 4831, 12
2026/08/10 11:02:27.538, 0, 4709, 100
2026/08/10 11:02:27.541, 1, 6911, 70
2026/08/10 11:02:28.583, 0, 3525, 75
2026/08/10 11:02:28.586, 1, 5311, 22
2026/08/10 11:02:29.634, 0, 3717, 82
2026/08/10 11:02:29.637, 1, 4991, 62
2026/08/10 11:02:30.684, 0, 3301, 86
2026/08/10 11:02:30.686, 1, 4959, 78
2026/08/10 11:02:31.730, 0, 4421, 100
2026/08/10 11:02:31.734, 1, 5599, 59
2026/08/10 11:02:32.802, 0, 3045, 96
2026/08/10 11:02:32.808, 1, 4831, 65
2026/08/10 11:02:33.857, 0, 4549, 100
2026/08/10 11:02:33.859, 1, 6847, 100
2026/08/10 11:02:34.936, 0, 3717, 5
2026/08/10 11:02:34.946, 1, 4831, 100
2026/08/10 11:02:36.008, 0, 7429, 100
2026/08/10 11:02:36.010, 1, 7359, 99
2026/08/10 11:02:37.072, 0, 3525, 81
2026/08/10 11:02:37.081, 1, 4927, 93
2026/08/10 11:02:38.145, 0, 3749, 100
2026/08/10 11:02:38.148, 1, 6207, 94
2026/08/10 11:02:39.197, 0, 3493, 99
2026/08/10 11:02:39.201, 1, 5695, 32
2026/08/10 11:02:40.247, 0, 6789, 90
2026/08/10 11:02:40.249, 1, 6943, 89
2026/08/10 11:02:41.301, 0, 4197, 100
2026/08/10 11:02:41.304, 1, 7263, 87
2026/08/10 11:02:42.373, 0, 3141, 92
2026/08/10 11:02:42.381, 1, 4735, 5
2026/08/10 11:02:43.442, 0, 4581, 100
2026/08/10 11:02:43.445, 1, 4991, 97
2026/08/10 11:02:44.490, 0, 3525, 99
2026/08/10 11:02:44.492, 1, 5663, 75
2026/08/10 11:02:45.546, 0, 3397, 26
2026/08/10 11:02:45.549, 1, 5215, 76
2026/08/10 11:02:46.599, 0, 4677, 84
2026/08/10 11:02:46.602, 1, 5759, 82
2026/08/10 11:02:47.664, 0, 3589, 84
2026/08/10 11:02:47.677, 1, 5343, 100
2026/08/10 11:02:48.744, 0, 5253, 75
2026/08/10 11:02:48.746, 1, 5983, 93
2026/08/10 11:02:49.814, 0, 3397, 0
2026/08/10 11:02:49.822, 1, 5215, 66
2026/08/10 11:02:50.904, 0, 4165, 81
2026/08/10 11:02:50.908, 1, 5567, 78
2026/08/10 11:02:51.992, 0, 3493, 100
2026/08/10 11:02:51.994, 1, 5375, 62
2026/08/10 11:02:53.045, 0, 5349, 100
2026/08/10 11:02:53.048, 1, 8287, 82
2026/08/10 11:02:54.093, 0, 7493, 83
2026/08/10 11:02:54.095, 1, 7487, 97
2026/08/10 11:02:55.150, 0, 3429, 90
2026/08/10 11:02:55.153, 1, 5055, 62
2026/08/10 11:02:56.213, 0, 5765, 88
2026/08/10 11:02:56.217, 1, 7295, 100
2026/08/10 11:02:57.279, 0, 3557, 81
2026/08/10 11:02:57.287, 1, 6047, 87
2026/08/10 11:02:58.366, 0, 4101, 100
2026/08/10 11:02:58.369, 1, 4735, 90
2026/08/10 11:02:59.438, 0, 3013, 82
2026/08/10 11:02:59.444, 1, 4639, 96
2026/08/10 11:03:00.527, 0, 3269, 88
2026/08/10 11:03:00.537, 1, 4639, 92
2026/08/10 11:03:01.597, 0, 4997, 50
2026/08/10 11:03:01.600, 1, 7839, 96
2026/08/10 11:03:02.649, 0, 3301, 89
2026/08/10 11:03:02.652, 1, 5343, 63
2026/08/10 11:03:03.700, 0, 3493, 91
2026/08/10 11:03:03.703, 1, 5055, 92
2026/08/10 11:03:04.750, 0, 4453, 100
2026/08/10 11:03:04.754, 1, 6143, 95
2026/08/10 11:03:05.801, 0, 6277, 100
2026/08/10 11:03:05.804, 1, 8543, 77
2026/08/10 11:03:06.853, 0, 3909, 84
2026/08/10 11:03:06.856, 1, 5087, 99
2026/08/10 11:03:07.899, 0, 3557, 93
2026/08/10 11:03:07.902, 1, 5119, 95
2026/08/10 11:03:08.947, 0, 3173, 92
2026/08/10 11:03:08.950, 1, 5215, 72
2026/08/10 11:03:09.994, 0, 7237, 77
2026/08/10 11:03:09.997, 1, 5983, 78
2026/08/10 11:03:11.064, 0, 4965, 62
2026/08/10 11:03:11.071, 1, 6015, 100
2026/08/10 11:03:12.122, 0, 3429, 82
2026/08/10 11:03:12.125, 1, 5375, 88
2026/08/10 11:03:13.171, 0, 5509, 100
2026/08/10 11:03:13.173, 1, 5151, 84
2026/08/10 11:03:14.259, 0, 3365, 88
2026/08/10 11:03:14.266, 1, 5535, 47
2026/08/10 11:03:15.327, 0, 4741, 100
2026/08/10 11:03:15.330, 1, 5791, 100
2026/08/10 11:03:16.385, 0, 5701, 100
2026/08/10 11:03:16.393, 1, 5151, 10
2026/08/10 11:03:17.458, 0, 6213, 91
2026/08/10 11:03:17.467, 1, 6239, 88
2026/08/10 11:03:18.545, 0, 6373, 100
2026/08/10 11:03:18.549, 1, 7263, 96
2026/08/10 11:03:19.617, 0, 3429, 100
2026/08/10 11:03:19.622, 1, 5535, 60
2026/08/10 11:03:20.692, 0, 3077, 91
2026/08/10 11:03:20.696, 1, 4863, 91
2026/08/10 11:03:21.765, 0, 2917, 89
2026/08/10 11:03:21.772, 1, 5087, 68
2026/08/10 11:03:22.833, 0, 4709, 100
2026/08/10 11:03:22.840, 1, 5631, 75
2026/08/10 11:03:23.905, 0, 3301, 85
2026/08/10 11:03:23.908, 1, 8511, 11
2026/08/10 11:03:24.956, 0, 4677, 24
2026/08/10 11:03:24.959, 1, 6591, 99
2026/08/10 11:03:25.999, 0, 4229, 100
2026/08/10 11:03:26.002, 1, 5151, 92
2026/08/10 11:03:27.046, 0, 3621, 100
2026/08/10 11:03:27.050, 1, 5407, 72
2026/08/10 11:03:28.099, 0, 4389, 99
2026/08/10 11:03:28.102, 1, 6303, 62
2026/08/10 11:03:29.145, 0, 3621, 94
2026/08/10 11:03:29.148, 1, 5791, 76
2026/08/10 11:03:30.223, 0, 4037, 49
2026/08/10 11:03:30.228, 1, 6015, 54
2026/08/10 11:03:31.285, 0, 3333, 100
2026/08/10 11:03:31.288, 1, 6271, 88
2026/08/10 11:03:32.351, 0, 3589, 100
2026/08/10 11:03:32.359, 1, 5215, 82
2026/08/10 11:03:33.418, 0, 6565, 86
2026/08/10 11:03:33.421, 1, 9663, 76
2026/08/10 11:03:34.470, 0, 3813, 69
2026/08/10 11:03:34.476, 1, 5791, 89
2026/08/10 11:03:35.562, 0, 3237, 99
2026/08/10 11:03:35.565, 1, 5119, 98
2026/08/10 11:03:36.646, 0, 3141, 93
2026/08/10 11:03:36.656, 1, 5407, 91
2026/08/10 11:03:37.729, 0, 3781, 87
2026/08/10 11:03:37.735, 1, 5119, 100
2026/08/10 11:03:38.793, 0, 4869, 82
2026/08/10 11:03:38.795, 1, 7199, 92
2026/08/10 11:03:39.867, 0, 3909, 64
2026/08/10 11:03:39.874, 1, 5215, 94
2026/08/10 11:03:40.938, 0, 3589, 97
2026/08/10 11:03:40.941, 1, 5855, 83
2026/08/10 11:03:41.994, 0, 2853, 100
2026/08/10 11:03:41.997, 1, 4351, 9
2026/08/10 11:03:43.046, 0, 4005, 83
2026/08/10 11:03:43.049, 1, 5887, 93
2026/08/10 11:03:44.121, 0, 6501, 83
2026/08/10 11:03:44.124, 1, 5215, 54
2026/08/10 11:03:45.195, 0, 3557, 84
2026/08/10 11:03:45.199, 1, 5183, 86
2026/08/10 11:03:46.249, 0, 3781, 61
2026/08/10 11:03:46.252, 1, 4831, 49
2026/08/10 11:03:47.295, 0, 4165, 94
2026/08/10 11:03:47.298, 1, 7071, 100
2026/08/10 11:03:48.341, 0, 7109, 0
2026/08/10 11:03:48.344, 1, 11807, 100
2026/08/10 11:03:49.397, 0, 5829, 12
2026/08/10 11:03:49.402, 1, 5887, 94
2026/08/10 11:03:50.470, 0, 7269, 40
2026/08/10 11:03:50.475, 1, 6239, 94
2026/08/10 11:03:51.533, 0, 3685, 96
2026/08/10 11:03:51.536, 1, 7199, 100
2026/08/10 11:03:52.592, 0, 3461, 17
2026/08/10 11:03:52.598, 1, 5119, 57
2026/08/10 11:03:53.656, 0, 4677, 100
2026/08/10 11:03:53.659, 1, 9503, 94
2026/08/10 11:03:54.720, 0, 3589, 71
2026/08/10 11:03:54.724, 1, 5663, 42
2026/08/10 11:03:55.783, 0, 5765, 83
2026/08/10 11:03:55.786, 1, 7519, 83
2026/08/10 11:03:56.831, 0, 6853, 100
2026/08/10 11:03:56.833, 1, 7647, 100
2026/08/10 11:03:57.884, 0, 4421, 35
2026/08/10 11:03:57.893, 1, 6175, 83
2026/08/10 11:03:58.953, 0, 5253, 92
2026/08/10 11:03:58.956, 1, 8415, 100
2026/08/10 11:04:00.022, 0, 3781, 90
2026/08/10 11:04:00.030, 1, 5535, 100
2026/08/10 11:04:01.137, 0, 3077, 59
2026/08/10 11:04:01.144, 1, 4447, 5
2026/08/10 11:04:02.219, 0, 3077, 94
2026/08/10 11:04:02.224, 1, 4511, 38
2026/08/10 11:04:03.284, 0, 3269, 87
2026/08/10 11:04:03.288, 1, 4447, 33
2026/08/10 11:04:04.343, 0, 4677, 100
2026/08/10 11:04:04.345, 1, 5791, 77
2026/08/10 11:04:05.412, 0, 2821, 16
2026/08/10 11:04:05.415, 1, 4703, 99
2026/08/10 11:04:06.467, 0, 4517, 100
2026/08/10 11:04:06.470, 1, 6239, 83
2026/08/10 11:04:07.525, 0, 3365, 90
2026/08/10 11:04:07.532, 1, 5055, 79
2026/08/10 11:04:08.597, 0, 5125, 90
2026/08/10 11:04:08.603, 1, 6175, 100
2026/08/10 11:04:09.668, 0, 3781, 65
2026/08/10 11:04:09.675, 1, 5503, 92
2026/08/10 11:04:10.750, 0, 3237, 76
2026/08/10 11:04:10.760, 1, 4575, 90
2026/08/10 11:04:11.848, 0, 3621, 92
2026/08/10 11:04:11.855, 1, 5759, 95
2026/08/10 11:04:12.911, 0, 3909, 91
2026/08/10 11:04:12.915, 1, 5855, 99
2026/08/10 11:04:13.978, 0, 7333, 90
2026/08/10 11:04:13.982, 1, 7807, 32
2026/08/10 11:04:15.045, 0, 3429, 99
2026/08/10 11:04:15.049, 1, 5631, 81
2026/08/10 11:04:16.120, 0, 4165, 100
2026/08/10 11:04:16.142, 1, 5471, 88
2026/08/10 11:04:17.209, 0, 5189, 100
2026/08/10 11:04:17.212, 1, 7455, 89
2026/08/10 11:04:18.273, 0, 4101, 89
2026/08/10 11:04:18.280, 1, 6175, 83
2026/08/10 11:04:19.337, 0, 2885, 100
2026/08/10 11:04:19.339, 1, 6655, 64
2026/08/10 11:04:20.408, 0, 4037, 100
2026/08/10 11:04:20.413, 1, 4895, 91
2026/08/10 11:04:21.469, 0, 6149, 100
2026/08/10 11:04:21.471, 1, 7807, 100
2026/08/10 11:04:22.522, 0, 5413, 53
2026/08/10 11:04:22.525, 1, 6015, 83
2026/08/10 11:04:23.602, 0, 6213, 97
2026/08/10 11:04:23.606, 1, 7519, 100
2026/08/10 11:04:24.673, 0, 3269, 100
2026/08/10 11:04:24.679, 1, 5183, 72
2026/08/10 11:04:25.744, 0, 3045, 100
2026/08/10 11:04:25.748, 1, 4319, 75
2026/08/10 11:04:26.813, 0, 4165, 97
2026/08/10 11:04:26.816, 1, 5599, 73
2026/08/10 11:04:27.866, 0, 3621, 96
2026/08/10 11:04:27.869, 1, 7583, 75
2026/08/10 11:04:28.937, 0, 4197, 58
2026/08/10 11:04:28.940, 1, 7359, 18
2026/08/10 11:04:30.030, 0, 3941, 92
2026/08/10 11:04:30.034, 1, 5919, 88
2026/08/10 11:04:31.097, 0, 3525, 91
2026/08/10 11:04:31.101, 1, 6527, 8
2026/08/10 11:04:32.165, 0, 3077, 100
2026/08/10 11:04:32.168, 1, 6719, 84
2026/08/10 11:04:33.215, 0, 3973, 98
2026/08/10 11:04:33.217, 1, 6079, 83
2026/08/10 11:04:34.287, 0, 3653, 67
2026/08/10 11:04:34.290, 1, 6367, 100
2026/08/10 11:04:35.337, 0, 3877, 81
2026/08/10 11:04:35.340, 1, 5983, 100
2026/08/10 11:04:36.401, 0, 9413, 90
2026/08/10 11:04:36.406, 1, 8287, 88
2026/08/10 11:04:37.458, 0, 4069, 86
2026/08/10 11:04:37.461, 1, 5887, 36
2026/08/10 11:04:38.511, 0, 5285, 97
2026/08/10 11:04:38.514, 1, 5599, 100
2026/08/10 11:04:39.592, 0, 3589, 0
2026/08/10 11:04:39.596, 1, 5503, 100
2026/08/10 11:04:40.667, 0, 4773, 100
2026/08/10 11:04:40.670, 1, 7039, 91
2026/08/10 11:04:41.737, 0, 2981, 97
2026/08/10 11:04:41.741, 1, 4383, 86
2026/08/10 11:04:42.816, 0, 2757, 100
2026/08/10 11:04:42.822, 1, 4447, 73
2026/08/10 11:04:43.882, 0, 3301, 70
2026/08/10 11:04:43.886, 1, 6591, 85
2026/08/10 11:04:44.961, 0, 3333, 82
2026/08/10 11:04:44.965, 1, 4671, 41
2026/08/10 11:04:46.019, 0, 4805, 62
2026/08/10 11:04:46.023, 1, 6431, 91
2026/08/10 11:04:47.081, 0, 4389, 77
2026/08/10 11:04:47.085, 1, 4895, 63
2026/08/10 11:04:48.139, 0, 4261, 99
2026/08/10 11:04:48.144, 1, 4799, 96
2026/08/10 11:04:49.194, 0, 5317, 92
2026/08/10 11:04:49.197, 1, 5695, 89
2026/08/10 11:04:50.260, 0, 3045, 53
2026/08/10 11:04:50.264, 1, 5791, 51
2026/08/10 11:04:51.330, 0, 4229, 100
2026/08/10 11:04:51.333, 1, 5471, 100
2026/08/10 11:04:52.388, 0, 5317, 81
2026/08/10 11:04:52.395, 1, 4703, 47
2026/08/10 11:04:53.448, 0, 5637, 92
2026/08/10 11:04:53.452, 1, 8159, 100
2026/08/10 11:04:54.517, 0, 4037, 100
2026/08/10 11:04:54.526, 1, 5471, 86
2026/08/10 11:04:55.595, 0, 4677, 100
2026/08/10 11:04:55.597, 1, 7583, 95
2026/08/10 11:04:56.655, 0, 4069, 73
2026/08/10 11:04:56.658, 1, 5311, 95
2026/08/10 11:04:57.733, 0, 5349, 88
2026/08/10 11:04:57.739, 1, 5247, 99
2026/08/10 11:04:58.790, 0, 3653, 96
2026/08/10 11:04:58.793, 1, 7551, 91
2026/08/10 11:04:59.862, 0, 3397, 86
2026/08/10 11:04:59.866, 1, 4799, 85
2026/08/10 11:05:00.949, 0, 3269, 87
2026/08/10 11:05:00.954, 1, 5407, 91
2026/08/10 11:05:02.008, 0, 5189, 55
2026/08/10 11:05:02.012, 1, 7231, 75
2026/08/10 11:05:03.065, 0, 7973, 92
2026/08/10 11:05:03.068, 1, 6687, 100
2026/08/10 11:05:04.114, 0, 6309, 100
2026/08/10 11:05:04.117, 1, 5727, 98
2026/08/10 11:05:05.174, 0, 3525, 96
2026/08/10 11:05:05.178, 1, 4863, 86
2026/08/10 11:05:06.241, 0, 5029, 79
2026/08/10 11:05:06.244, 1, 8191, 98
2026/08/10 11:05:07.290, 0, 5893, 100
2026/08/10 11:05:07.293, 1, 9023, 100
2026/08/10 11:05:08.364, 0, 4197, 76
2026/08/10 11:05:08.368, 1, 5663, 50
2026/08/10 11:05:09.446, 0, 5253, 84
2026/08/10 11:05:09.454, 1, 6015, 100
2026/08/10 11:05:10.535, 0, 6629, 99
2026/08/10 11:05:10.541, 1, 7999, 100
2026/08/10 11:05:11.630, 0, 3589, 77
2026/08/10 11:05:11.634, 1, 8831, 72
2026/08/10 11:05:12.691, 0, 4549, 100
2026/08/10 11:05:12.693, 1, 5663, 86
2026/08/10 11:05:13.766, 0, 5061, 84
2026/08/10 11:05:13.769, 1, 6047, 92
2026/08/10 11:05:14.829, 0, 4389, 91
2026/08/10 11:05:14.833, 1, 5183, 72
2026/08/10 11:05:15.879, 0, 7685, 96
2026/08/10 11:05:15.882, 1, 7359, 85
2026/08/10 11:05:16.947, 0, 5669, 0
2026/08/10 11:05:16.950, 1, 5823, 100
2026/08/10 11:05:18.011, 0, 8325, 85
2026/08/10 11:05:18.013, 1, 7871, 100
2026/08/10 11:05:19.067, 0, 2629, 73
2026/08/10 11:05:19.070, 1, 4479, 37
2026/08/10 11:05:20.141, 0, 4741, 100
2026/08/10 11:05:20.151, 1, 6111, 100
2026/08/10 11:05:21.223, 0, 5445, 100
2026/08/10 11:05:21.226, 1, 5151, 100
2026/08/10 11:05:22.278, 0, 6789, 57
2026/08/10 11:05:22.281, 1, 10495, 100
2026/08/10 11:05:23.334, 0, 3301, 80
2026/08/10 11:05:23.338, 1, 5023, 95
2026/08/10 11:05:24.384, 0, 4613, 95
2026/08/10 11:05:24.387, 1, 7871, 74
2026/08/10 11:05:25.457, 0, 3269, 93
2026/08/10 11:05:25.465, 1, 5823, 71
2026/08/10 11:05:26.555, 0, 4133, 100
2026/08/10 11:05:26.561, 1, 6559, 100
2026/08/10 11:05:27.624, 0, 5957, 97
2026/08/10 11:05:27.627, 1, 10399, 100
2026/08/10 11:05:28.679, 0, 3333, 6
2026/08/10 11:05:28.683, 1, 5151, 100
2026/08/10 11:05:29.741, 0, 3909, 96
2026/08/10 11:05:29.745, 1, 6463, 93
2026/08/10 11:05:30.821, 0, 5573, 95
2026/08/10 11:05:30.828, 1, 8735, 89
2026/08/10 11:05:31.901, 0, 4101, 68
2026/08/10 11:05:31.905, 1, 5183, 92
2026/08/10 11:05:33.005, 0, 3685, 97
2026/08/10 11:05:33.013, 1, 5695, 100
2026/08/10 11:05:34.082, 0, 7461, 64
2026/08/10 11:05:34.084, 1, 10399, 58
2026/08/10 11:05:35.138, 0, 3717, 100
2026/08/10 11:05:35.149, 1, 4735, 69
2026/08/10 11:05:36.209, 0, 3813, 100
2026/08/10 11:05:36.212, 1, 5087, 97
2026/08/10 11:05:37.255, 0, 3557, 100
2026/08/10 11:05:37.258, 1, 5695, 55
2026/08/10 11:05:38.304, 0, 4197, 62
2026/08/10 11:05:38.308, 1, 5407, 75
2026/08/10 11:05:39.364, 0, 3333, 51
2026/08/10 11:05:39.368, 1, 4863, 82
2026/08/10 11:05:40.451, 0, 4773, 99
2026/08/10 11:05:40.459, 1, 5407, 94
2026/08/10 11:05:41.565, 0, 6501, 99
2026/08/10 11:05:41.574, 1, 6111, 38
2026/08/10 11:05:42.633, 0, 3461, 98
2026/08/10 11:05:42.637, 1, 5343, 96
2026/08/10 11:05:43.695, 0, 3141, 95
2026/08/10 11:05:43.699, 1, 4799, 100
2026/08/10 11:05:44.752, 0, 4325, 89
2026/08/10 11:05:44.757, 1, 5119, 97
2026/08/10 11:05:45.809, 0, 6085, 97
2026/08/10 11:05:45.812, 1, 7455, 80
2026/08/10 11:05:46.856, 0, 5285, 84
2026/08/10 11:05:46.859, 1, 7135, 100
2026/08/10 11:05:47.918, 0, 3941, 100
2026/08/10 11:05:47.925, 1, 5471, 100
2026/08/10 11:05:48.998, 0, 6213, 100
2026/08/10 11:05:49.002, 1, 5695, 60
2026/08/10 11:05:50.066, 0, 4261, 98
2026/08/10 11:05:50.069, 1, 5503, 100
2026/08/10 11:05:51.130, 0, 4389, 86
2026/08/10 11:05:51.135, 1, 5375, 96
2026/08/10 11:05:52.206, 0, 4485, 96
2026/08/10 11:05:52.215, 1, 5023, 100
2026/08/10 11:05:53.274, 0, 6309, 100
2026/08/10 11:05:53.276, 1, 8063, 100
2026/08/10 11:05:54.354, 0, 3301, 54
2026/08/10 11:05:54.357, 1, 4959, 86
2026/08/10 11:05:55.408, 0, 4837, 100
2026/08/10 11:05:55.419, 1, 6431, 93
2026/08/10 11:05:56.490, 0, 4517, 56
2026/08/10 11:05:56.494, 1, 5407, 100
2026/08/10 11:05:57.553, 0, 2885, 88
2026/08/10 11:05:57.562, 1, 4479, 97
2026/08/10 11:05:58.627, 0, 4549, 97
2026/08/10 11:05:58.630, 1, 6335, 100
2026/08/10 11:05:59.672, 0, 3333, 94
2026/08/10 11:05:59.675, 1, 5855, 97
2026/08/10 11:06:00.749, 0, 3781, 80
2026/08/10 11:06:00.757, 1, 4863, 95
2026/08/10 11:06:01.830, 0, 4261, 100
2026/08/10 11:06:01.833, 1, 6111, 75
2026/08/10 11:06:02.900, 0, 4133, 81
2026/08/10 11:06:02.906, 1, 5119, 46
2026/08/10 11:06:03.991, 0, 5605, 41
2026/08/10 11:06:03.995, 1, 6335, 87
2026/08/10 11:06:05.074, 0, 3877, 0
2026/08/10 11:06:05.077, 1, 6559, 98
2026/08/10 11:06:06.145, 0, 4837, 47
2026/08/10 11:06:06.153, 1, 5631, 98
2026/08/10 11:06:07.234, 0, 3557, 88
2026/08/10 11:06:07.237, 1, 6975, 97
2026/08/10 11:06:08.313, 0, 2597, 97
2026/08/10 11:06:08.316, 1, 4511, 100
2026/08/10 11:06:09.369, 0, 4549, 88
2026/08/10 11:06:09.372, 1, 6143, 85
2026/08/10 11:06:10.434, 0, 2821, 6
2026/08/10 11:06:10.439, 1, 7167, 100
2026/08/10 11:06:11.495, 0, 4325, 100
2026/08/10 11:06:11.498, 1, 8063, 58
2026/08/10 11:06:12.566, 0, 4741, 47
2026/08/10 11:06:12.573, 1, 4319, 93
2026/08/10 11:06:13.663, 0, 2949, 100
2026/08/10 11:06:13.670, 1, 4671, 100
2026/08/10 11:06:14.737, 0, 4965, 98
2026/08/10 11:06:14.741, 1, 5823, 95
2026/08/10 11:06:15.807, 0, 5477, 100
2026/08/10 11:06:15.809, 1, 6463, 94
2026/08/10 11:06:16.855, 0, 3717, 100
2026/08/10 11:06:16.858, 1, 6335, 89
2026/08/10 11:06:17.900, 0, 4421, 100
2026/08/10 11:06:17.903, 1, 4447, 100
2026/08/10 11:06:18.956, 0, 3365, 58
2026/08/10 11:06:18.962, 1, 4671, 92
2026/08/10 11:06:20.011, 0, 6053, 100
2026/08/10 11:06:20.014, 1, 7007, 98
2026/08/10 11:06:21.069, 0, 3941, 80
2026/08/10 11:06:21.076, 1, 4831, 95
2026/08/10 11:06:22.141, 0, 4933, 76
2026/08/10 11:06:22.151, 1, 5791, 100
2026/08/10 11:06:23.242, 0, 3749, 100
2026/08/10 11:06:23.249, 1, 5247, 5
2026/08/10 11:06:24.347, 0, 3205, 82
2026/08/10 11:06:24.355, 1, 4383, 78
2026/08/10 11:06:25.408, 0, 6309, 92
2026/08/10 11:06:25.411, 1, 6015, 75
2026/08/10 11:06:26.468, 0, 3109, 8
2026/08/10 11:06:26.476, 1, 4703, 94
2026/08/10 11:06:27.554, 0, 4933, 100
2026/08/10 11:06:27.556, 1, 6527, 83
2026/08/10 11:06:28.621, 0, 4997, 100
2026/08/10 11:06:28.624, 1, 4831, 100
2026/08/10 11:06:29.677, 0, 6661, 100
2026/08/10 11:06:29.681, 1, 6335, 84
2026/08/10 11:06:30.736, 0, 4517, 58
2026/08/10 11:06:30.743, 1, 7007, 60
2026/08/10 11:06:31.830, 0, 4069, 100
2026/08/10 11:06:31.836, 1, 6783, 100
2026/08/10 11:06:32.907, 0, 5925, 100
2026/08/10 11:06:32.911, 1, 4639, 86
2026/08/10 11:06:33.974, 0, 3653, 77
2026/08/10 11:06:33.985, 1, 4959, 93
2026/08/10 11:06:35.041, 0, 3621, 96
2026/08/10 11:06:35.045, 1, 6527, 51
2026/08/10 11:06:36.093, 0, 3397, 95
2026/08/10 11:06:36.095, 1, 4799, 70
2026/08/10 11:06:37.155, 0, 4581, 27
2026/08/10 11:06:37.162, 1, 5247, 31
2026/08/10 11:06:38.225, 0, 6117, 94
2026/08/10 11:06:38.228, 1, 7615, 100
2026/08/10 11:06:39.292, 0, 6245, 0
2026/08/10 11:06:39.295, 1, 7263, 99
2026/08/10 11:06:40.340, 0, 3813, 60
2026/08/10 11:06:40.342, 1, 5695, 93
2026/08/10 11:06:41.386, 0, 4805, 89
2026/08/10 11:06:41.389, 1, 5119, 11
2026/08/10 11:06:42.433, 0, 3237, 96
2026/08/10 11:06:42.436, 1, 4799, 58
2026/08/10 11:06:43.480, 0, 4997, 72
2026/08/10 11:06:43.482, 1, 5695, 97
2026/08/10 11:06:44.527, 0, 3301, 98
2026/08/10 11:06:44.530, 1, 7295, 24
2026/08/10 11:06:45.587, 0, 3781, 3
2026/08/10 11:06:45.590, 1, 6207, 77
2026/08/10 11:06:46.648, 0, 4005, 93
2026/08/10 11:06:46.651, 1, 6271, 86
2026/08/10 11:06:47.717, 0, 4197, 68
2026/08/10 11:06:47.720, 1, 6687, 84
2026/08/10 11:06:48.782, 0, 3397, 48
2026/08/10 11:06:48.789, 1, 5311, 80
2026/08/10 11:06:49.839, 0, 6885, 91
2026/08/10 11:06:49.842, 1, 9055, 84
2026/08/10 11:06:50.886, 0, 3365, 77
2026/08/10 11:06:50.890, 1, 5919, 85
2026/08/10 11:06:51.948, 0, 5125, 74
2026/08/10 11:06:51.955, 1, 4511, 95
2026/08/10 11:06:53.036, 0, 3493, 93
2026/08/10 11:06:53.039, 1, 4863, 76
2026/08/10 11:06:54.089, 0, 3909, 66
2026/08/10 11:06:54.092, 1, 5119, 68
2026/08/10 11:06:55.145, 0, 3365, 91
2026/08/10 11:06:55.149, 1, 5919, 84
2026/08/10 11:06:56.208, 0, 3301, 77
2026/08/10 11:06:56.212, 1, 6015, 85
2026/08/10 11:06:57.278, 0, 3045, 64
2026/08/10 11:06:57.282, 1, 4671, 18
2026/08/10 11:06:58.350, 0, 5221, 56
2026/08/10 11:06:58.355, 1, 6751, 25
2026/08/10 11:06:59.435, 0, 5157, 82
2026/08/10 11:06:59.439, 1, 5567, 42
2026/08/10 11:07:00.490, 0, 3013, 93
2026/08/10 11:07:00.492, 1, 5823, 81
2026/08/10 11:07:01.538, 0, 3397, 98
2026/08/10 11:07:01.545, 1, 4831, 68
2026/08/10 11:07:02.593, 0, 3045, 100
2026/08/10 11:07:02.596, 1, 7103, 100
2026/08/10 11:07:03.647, 0, 3557, 95
2026/08/10 11:07:03.650, 1, 4927, 84
2026/08/10 11:07:04.714, 0, 3333, 36
2026/08/10 11:07:04.723, 1, 5471, 98
2026/08/10 11:07:05.805, 0, 3621, 83
2026/08/10 11:07:05.808, 1, 6207, 100
2026/08/10 11:07:06.853, 0, 3365, 100
2026/08/10 11:07:06.856, 1, 5247, 98
2026/08/10 11:07:07.917, 0, 5477, 88
2026/08/10 11:07:07.921, 1, 4511, 88
2026/08/10 11:07:08.977, 0, 4869, 88
2026/08/10 11:07:08.979, 1, 7039, 96
2026/08/10 11:07:10.046, 0, 4229, 75
2026/08/10 11:07:10.056, 1, 6495, 99
2026/08/10 11:07:11.145, 0, 3173, 100
2026/08/10 11:07:11.149, 1, 6271, 46
2026/08/10 11:07:12.201, 0, 4805, 86
2026/08/10 11:07:12.204, 1, 6303, 100
2026/08/10 11:07:13.247, 0, 8197, 97
2026/08/10 11:07:13.250, 1, 5919, 100
2026/08/10 11:07:14.324, 0, 3621, 100
2026/08/10 11:07:14.328, 1, 4831, 46
2026/08/10 11:07:15.390, 0, 7301, 100
2026/08/10 11:07:15.396, 1, 7039, 87
2026/08/10 11:07:16.474, 0, 5669, 97
2026/08/10 11:07:16.483, 1, 6495, 87
2026/08/10 11:07:17.544, 0, 8773, 100
2026/08/10 11:07:17.548, 1, 6399, 90
2026/08/10 11:07:18.617, 0, 3397, 70
2026/08/10 11:07:18.622, 1, 10431, 87
2026/08/10 11:07:19.685, 0, 4869, 87
2026/08/10 11:07:19.689, 1, 5343, 87
2026/08/10 11:07:20.740, 0, 2853, 99
2026/08/10 11:07:20.747, 1, 4479, 100
2026/08/10 11:07:21.818, 0, 3621, 100
2026/08/10 11:07:21.822, 1, 6847, 51
2026/08/10 11:07:22.868, 0, 4261, 100
2026/08/10 11:07:22.871, 1, 6143, 96
2026/08/10 11:07:23.918, 0, 2821, 99
2026/08/10 11:07:23.922, 1, 4447, 82
2026/08/10 11:07:24.978, 0, 4037, 79
2026/08/10 11:07:24.980, 1, 5759, 72
2026/08/10 11:07:26.042, 0, 3653, 86
2026/08/10 11:07:26.048, 1, 5823, 88
2026/08/10 11:07:27.098, 0, 4549, 75
2026/08/10 11:07:27.101, 1, 6143, 100
2026/08/10 11:07:28.144, 0, 3589, 95
2026/08/10 11:07:28.146, 1, 5695, 97
2026/08/10 11:07:29.190, 0, 3909, 100
2026/08/10 11:07:29.193, 1, 5695, 100
2026/08/10 11:07:30.250, 0, 6085, 100
2026/08/10 11:07:30.254, 1, 7647, 90
2026/08/10 11:07:31.323, 0, 4869, 99
2026/08/10 11:07:31.326, 1, 6751, 99
2026/08/10 11:07:32.402, 0, 3301, 80
2026/08/10 11:07:32.410, 1, 4671, 100
2026/08/10 11:07:33.477, 0, 3429, 97
2026/08/10 11:07:33.480, 1, 5631, 94
2026/08/10 11:07:34.527, 0, 4741, 100
2026/08/10 11:07:34.530, 1, 6431, 100
2026/08/10 11:07:35.594, 0, 3333, 0
2026/08/10 11:07:35.598, 1, 4831, 81
2026/08/10 11:07:36.669, 0, 4261, 100
2026/08/10 11:07:36.677, 1, 5791, 100
2026/08/10 11:07:37.750, 0, 4389, 95
2026/08/10 11:07:37.754, 1, 7743, 100
2026/08/10 11:07:38.818, 0, 3621, 66
2026/08/10 11:07:38.828, 1, 5503, 100
2026/08/10 11:07:39.893, 0, 4549, 77
2026/08/10 11:07:39.897, 1, 4607, 77
2026/08/10 11:07:40.985, 0, 3973, 82
2026/08/10 11:07:40.991, 1, 6655, 98
2026/08/10 11:07:42.062, 0, 4805, 100
2026/08/10 11:07:42.065, 1, 5791, 89
2026/08/10 11:07:43.109, 0, 4421, 100
2026/08/10 11:07:43.112, 1, 6431, 100
2026/08/10 11:07:44.160, 0, 4293, 100
2026/08/10 11:07:44.168, 1, 4927, 73
2026/08/10 11:07:45.225, 0, 7077, 100
2026/08/10 11:07:45.228, 1, 5535, 88
2026/08/10 11:07:46.280, 0, 4197, 100
2026/08/10 11:07:46.285, 1, 5951, 60
2026/08/10 11:07:47.341, 0, 4357, 100
2026/08/10 11:07:47.345, 1, 6079, 100
2026/08/10 11:07:48.408, 0, 3237, 100
2026/08/10 11:07:48.413, 1, 4927, 85
2026/08/10 11:07:49.477, 0, 3173, 100
2026/08/10 11:07:49.483, 1, 4735, 97
2026/08/10 11:07:50.558, 0, 3013, 100
2026/08/10 11:07:50.565, 1, 4479, 100
2026/08/10 11:07:51.622, 0, 4197, 97
2026/08/10 11:07:51.625, 1, 5599, 92
2026/08/10 11:07:52.696, 0, 4709, 30
2026/08/10 11:07:52.700, 1, 5087, 91
2026/08/10 11:07:53.766, 0, 5829, 75
2026/08/10 11:07:53.769, 1, 6367, 90
2026/08/10 11:07:54.830, 0, 3557, 49
2026/08/10 11:07:54.834, 1, 5663, 79
2026/08/10 11:07:55.908, 0, 5541, 91
2026/08/10 11:07:55.912, 1, 8991, 5
2026/08/10 11:07:56.992, 0, 4485, 81
2026/08/10 11:07:56.999, 1, 6047, 85
2026/08/10 11:07:58.069, 0, 3205, 70
2026/08/10 11:07:58.076, 1, 4735, 44
2026/08/10 11:07:59.132, 0, 4581, 100
2026/08/10 11:07:59.134, 1, 5727, 78
2026/08/10 11:08:00.178, 0, 3365, 95
2026/08/10 11:08:00.180, 1, 5791, 100
2026/08/10 11:08:01.224, 0, 3653, 96
2026/08/10 11:08:01.227, 1, 5183, 77
2026/08/10 11:08:02.276, 0, 3717, 64
2026/08/10 11:08:02.280, 1, 4735, 68
2026/08/10 11:08:03.348, 0, 3909, 100
2026/08/10 11:08:03.352, 1, 5183, 83
2026/08/10 11:08:04.429, 0, 5925, 100
2026/08/10 11:08:04.437, 1, 6335, 96
2026/08/10 11:08:05.514, 0, 3173, 94
2026/08/10 11:08:05.520, 1, 4863, 100
2026/08/10 11:08:06.592, 0, 3813, 71
2026/08/10 11:08:06.600, 1, 5375, 95
2026/08/10 11:08:07.696, 0, 3685, 87
2026/08/10 11:08:07.701, 1, 4895, 99
2026/08/10 11:08:08.754, 0, 4613, 96
2026/08/10 11:08:08.757, 1, 6079, 93
2026/08/10 11:08:09.838, 0, 3589, 100
2026/08/10 11:08:09.844, 1, 5119, 94
2026/08/10 11:08:10.904, 0, 4613, 95
2026/08/10 11:08:10.907, 1, 6591, 100
2026/08/10 11:08:11.964, 0, 3973, 80
2026/08/10 11:08:11.973, 1, 5439, 82
2026/08/10 11:08:13.055, 0, 4677, 29
2026/08/10 11:08:13.061, 1, 6271, 94
2026/08/10 11:08:14.131, 0, 4421, 97
2026/08/10 11:08:14.134, 1, 7487, 100
2026/08/10 11:08:15.180, 0, 4325, 85
2026/08/10 11:08:15.183, 1, 5887, 71
2026/08/10 11:08:16.231, 0, 3461, 93
2026/08/10 11:08:16.234, 1, 4927, 82
2026/08/10 11:08:17.282, 0, 3685, 79
2026/08/10 11:08:17.285, 1, 4895, 78
2026/08/10 11:08:18.330, 0, 5157, 71
2026/08/10 11:08:18.333, 1, 6559, 96
2026/08/10 11:08:19.400, 0, 3557, 86
2026/08/10 11:08:19.404, 1, 6815, 100
2026/08/10 11:08:20.469, 0, 7653, 100
2026/08/10 11:08:20.471, 1, 5983, 87
2026/08/10 11:08:21.513, 0, 3557, 77
2026/08/10 11:08:21.515, 1, 7263, 99
2026/08/10 11:08:22.596, 0, 4901, 90
2026/08/10 11:08:22.603, 1, 6111, 100
2026/08/10 11:08:23.696, 0, 4869, 100
2026/08/10 11:08:23.704, 1, 6431, 100
2026/08/10 11:08:24.770, 0, 4517, 97
2026/08/10 11:08:24.773, 1, 6847, 92
2026/08/10 11:08:25.822, 0, 4293, 100
2026/08/10 11:08:25.825, 1, 7199, 100
2026/08/10 11:08:26.887, 0, 4037, 89
2026/08/10 11:08:26.892, 1, 5183, 85
2026/08/10 11:08:27.951, 0, 4837, 100
2026/08/10 11:08:27.955, 1, 7487, 98
2026/08/10 11:08:29.021, 0, 6085, 74
2026/08/10 11:08:29.024, 1, 9087, 96
2026/08/10 11:08:30.103, 0, 5029, 51
2026/08/10 11:08:30.106, 1, 6335, 91
2026/08/10 11:08:31.153, 0, 10501, 0
2026/08/10 11:08:31.156, 1, 7487, 100
2026/08/10 11:08:32.218, 0, 3301, 81
2026/08/10 11:08:32.225, 1, 5503, 95
2026/08/10 11:08:33.302, 0, 3621, 75
2026/08/10 11:08:33.306, 1, 6879, 62
2026/08/10 11:08:34.360, 0, 2917, 100
2026/08/10 11:08:34.363, 1, 5343, 100
2026/08/10 11:08:35.420, 0, 3589, 87
2026/08/10 11:08:35.424, 1, 5759, 69
2026/08/10 11:08:36.499, 0, 5221, 80
2026/08/10 11:08:36.509, 1, 4863, 96
2026/08/10 11:08:37.566, 0, 5605, 99
2026/08/10 11:08:37.569, 1, 5439, 45
2026/08/10 11:08:38.616, 0, 2981, 70
2026/08/10 11:08:38.619, 1, 5407, 93
2026/08/10 11:08:39.669, 0, 4197, 97
2026/08/10 11:08:39.672, 1, 5791, 88
2026/08/10 11:08:40.729, 0, 6149, 92
2026/08/10 11:08:40.733, 1, 6271, 96
2026/08/10 11:08:41.799, 0, 4805, 76
2026/08/10 11:08:41.804, 1, 6015, 87
2026/08/10 11:08:42.863, 0, 4965, 63
2026/08/10 11:08:42.866, 1, 5631, 100
2026/08/10 11:08:43.943, 0, 3333, 89
2026/08/10 11:08:43.945, 1, 5471, 79
2026/08/10 11:08:45.026, 0, 4037, 56
2026/08/10 11:08:45.029, 1, 4991, 97
2026/08/10 11:08:46.092, 0, 3365, 89
2026/08/10 11:08:46.095, 1, 4927, 76
2026/08/10 11:08:47.144, 0, 4581, 80
2026/08/10 11:08:47.148, 1, 5727, 71
2026/08/10 11:08:48.203, 0, 5445, 100
2026/08/10 11:08:48.205, 1, 6015, 100
2026/08/10 11:08:49.265, 0, 3653, 59
2026/08/10 11:08:49.268, 1, 5183, 86
2026/08/10 11:08:50.356, 0, 3557, 97
2026/08/10 11:08:50.360, 1, 5183, 73
2026/08/10 11:08:51.419, 0, 7493, 100
2026/08/10 11:08:51.421, 1, 10751, 100
2026/08/10 11:08:52.511, 0, 3717, 99
2026/08/10 11:08:52.519, 1, 5951, 65
2026/08/10 11:08:53.596, 0, 3173, 100
2026/08/10 11:08:53.600, 1, 4831, 95
2026/08/10 11:08:54.670, 0, 6021, 87
2026/08/10 11:08:54.674, 1, 5727, 55
2026/08/10 11:08:55.735, 0, 8837, 94
2026/08/10 11:08:55.738, 1, 7455, 83
2026/08/10 11:08:56.794, 0, 5541, 13
2026/08/10 11:08:56.798, 1, 4735, 100
2026/08/10 11:08:57.864, 0, 4293, 83
2026/08/10 11:08:57.868, 1, 5887, 70
2026/08/10 11:08:58.932, 0, 5797, 96
2026/08/10 11:08:58.939, 1, 6783, 76
2026/08/10 11:09:00.029, 0, 5925, 87
2026/08/10 11:09:00.037, 1, 9343, 70
2026/08/10 11:09:01.104, 0, 6277, 35
2026/08/10 11:09:01.108, 1, 7167, 95
2026/08/10 11:09:02.165, 0, 3845, 48
2026/08/10 11:09:02.168, 1, 4959, 100
2026/08/10 11:09:03.240, 0, 3237, 84
2026/08/10 11:09:03.248, 1, 4991, 65
2026/08/10 11:09:04.309, 0, 5829, 96
2026/08/10 11:09:04.312, 1, 6175, 96
2026/08/10 11:09:05.377, 0, 3941, 74
2026/08/10 11:09:05.384, 1, 5279, 100
2026/08/10 11:09:06.432, 0, 4837, 93
2026/08/10 11:09:06.435, 1, 5855, 86
2026/08/10 11:09:07.496, 0, 3365, 60
2026/08/10 11:09:07.500, 1, 4831, 70
2026/08/10 11:09:08.582, 0, 4869, 91
2026/08/10 11:09:08.589, 1, 6239, 82
2026/08/10 11:09:09.687, 0, 5861, 96
2026/08/10 11:09:09.691, 1, 6879, 86
2026/08/10 11:09:10.757, 0, 3173, 98
2026/08/10 11:09:10.760, 1, 5023, 87
2026/08/10 11:09:11.840, 0, 3333, 98
2026/08/10 11:09:11.848, 1, 5087, 73
2026/08/10 11:09:12.924, 0, 3397, 100
2026/08/10 11:09:12.929, 1, 5247, 100
2026/08/10 11:09:13.982, 0, 4421, 84
2026/08/10 11:09:13.984, 1, 7135, 93
2026/08/10 11:09:15.037, 0, 3301, 16
2026/08/10 11:09:15.041, 1, 5183, 77
2026/08/10 11:09:16.114, 0, 5029, 96
2026/08/10 11:09:16.118, 1, 5311, 98
2026/08/10 11:09:17.206, 0, 3173, 91
2026/08/10 11:09:17.212, 1, 5375, 100
2026/08/10 11:09:18.270, 0, 4965, 96
2026/08/10 11:09:18.273, 1, 5215, 21
2026/08/10 11:09:19.321, 0, 3141, 81
2026/08/10 11:09:19.324, 1, 5055, 86
2026/08/10 11:09:20.366, 0, 3333, 97
2026/08/10 11:09:20.369, 1, 5055, 100
2026/08/10 11:09:21.412, 0, 4005, 100
2026/08/10 11:09:21.415, 1, 5535, 86
2026/08/10 11:09:22.463, 0, 4389, 100
2026/08/10 11:09:22.465, 1, 8511, 71
2026/08/10 11:09:23.517, 0, 4261, 94
2026/08/10 11:09:23.521, 1, 5183, 74
2026/08/10 11:09:24.587, 0, 6405, 77
2026/08/10 11:09:24.602, 1, 7551, 100
2026/08/10 11:09:25.671, 0, 5573, 90
2026/08/10 11:09:25.673, 1, 6207, 84
2026/08/10 11:09:26.727, 0, 3525, 9
2026/08/10 11:09:26.731, 1, 6367, 22
2026/08/10 11:09:27.777, 0, 4805, 87
2026/08/10 11:09:27.780, 1, 7999, 71
2026/08/10 11:09:28.836, 0, 3365, 68
2026/08/10 11:09:28.846, 1, 5759, 100
2026/08/10 11:09:29.902, 0, 5733, 65
2026/08/10 11:09:29.905, 1, 6239, 68
2026/08/10 11:09:30.959, 0, 5573, 92
2026/08/10 11:09:30.962, 1, 5503, 80
2026/08/10 11:09:32.011, 0, 3557, 6
2026/08/10 11:09:32.018, 1, 5759, 83
2026/08/10 11:09:33.078, 0, 4613, 100
2026/08/10 11:09:33.082, 1, 7615, 67
2026/08/10 11:09:34.148, 0, 5605, 73
2026/08/10 11:09:34.157, 1, 4863, 66
2026/08/10 11:09:35.238, 0, 3045, 35
2026/08/10 11:09:35.243, 1, 4767, 35
2026/08/10 11:09:36.299, 0, 4485, 74
2026/08/10 11:09:36.303, 1, 6143, 54
2026/08/10 11:09:37.354, 0, 3429, 66
2026/08/10 11:09:37.357, 1, 4735, 5
2026/08/10 11:09:38.411, 0, 4133, 100
2026/08/10 11:09:38.418, 1, 4927, 74
2026/08/10 11:09:39.472, 0, 7909, 100
2026/08/10 11:09:39.476, 1, 7039, 88
2026/08/10 11:09:40.541, 0, 3717, 74
2026/08/10 11:09:40.548, 1, 5503, 100
2026/08/10 11:09:41.614, 0, 4965, 97
2026/08/10 11:09:41.618, 1, 5535, 84
2026/08/10 11:09:42.683, 0, 5029, 87
2026/08/10 11:09:42.686, 1, 6079, 91
2026/08/10 11:09:43.756, 0, 3237, 88
2026/08/10 11:09:43.759, 1, 4511, 100
2026/08/10 11:09:44.820, 0, 4709, 95
2026/08/10 11:09:44.823, 1, 6335, 97
2026/08/10 11:09:45.871, 0, 4965, 95
2026/08/10 11:09:45.874, 1, 5279, 100
2026/08/10 11:09:46.922, 0, 4741, 98
2026/08/10 11:09:46.925, 1, 6047, 97
2026/08/10 11:09:47.968, 0, 3909, 99
2026/08/10 11:09:47.971, 1, 5215, 100
2026/08/10 11:09:49.033, 0, 3205, 100
2026/08/10 11:09:49.036, 1, 4607, 100
2026/08/10 11:09:50.088, 0, 6853, 100
2026/08/10 11:09:50.091, 1, 11551, 100
2026/08/10 11:09:51.139, 0, 3269, 100
2026/08/10 11:09:51.145, 1, 5535, 89
2026/08/10 11:09:52.224, 0, 4005, 81
2026/08/10 11:09:52.228, 1, 5567, 100
2026/08/10 11:09:53.299, 0, 3461, 100
2026/08/10 11:09:53.305, 1, 7519, 96
2026/08/10 11:09:54.376, 0, 2981, 97
2026/08/10 11:09:54.378, 1, 4543, 87
2026/08/10 11:09:55.430, 0, 4485, 77
2026/08/10 11:09:55.432, 1, 5471, 100
2026/08/10 11:09:56.476, 0, 4901, 55
2026/08/10 11:09:56.479, 1, 5375, 36
2026/08/10 11:09:57.525, 0, 5061, 80
2026/08/10 11:09:57.527, 1, 4863, 100
2026/08/10 11:09:58.587, 0, 3845, 88
2026/08/10 11:09:58.591, 1, 4575, 93
2026/08/10 11:09:59.646, 0, 4741, 97
2026/08/10 11:09:59.650, 1, 6015, 80
2026/08/10 11:10:00.708, 0, 12037, 95
2026/08/10 11:10:00.712, 1, 10079, 47
2026/08/10 11:10:01.756, 0, 3877, 100
2026/08/10 11:10:01.759, 1, 7423, 75
2026/08/10 11:10:02.831, 0, 5541, 91
2026/08/10 11:10:02.836, 1, 5311, 100
2026/08/10 11:10:03.893, 0, 3525, 86
2026/08/10 11:10:03.896, 1, 7071, 51
2026/08/10 11:10:04.978, 0, 3941, 54
2026/08/10 11:10:04.983, 1, 4671, 95
2026/08/10 11:10:06.079, 0, 7973, 100
2026/08/10 11:10:06.088, 1, 7231, 100
2026/08/10 11:10:07.161, 0, 3397, 98
2026/08/10 11:10:07.164, 1, 5887, 90
2026/08/10 11:10:08.210, 0, 3557, 71
2026/08/10 11:10:08.213, 1, 5087, 94
2026/08/10 11:10:09.284, 0, 3557, 57
2026/08/10 11:10:09.293, 1, 5535, 73
2026/08/10 11:10:10.346, 0, 4549, 71
2026/08/10 11:10:10.349, 1, 6495, 73
2026/08/10 11:10:11.401, 0, 3749, 26
2026/08/10 11:10:11.404, 1, 5759, 37
2026/08/10 11:10:12.470, 0, 4773, 92
2026/08/10 11:10:12.474, 1, 5695, 96
2026/08/10 11:10:13.516, 0, 3333, 0
2026/08/10 11:10:13.518, 1, 9119, 41
2026/08/10 11:10:14.567, 0, 4517, 100
2026/08/10 11:10:14.570, 1, 6111, 100
2026/08/10 11:10:15.646, 0, 3653, 93
2026/08/10 11:10:15.653, 1, 4991, 100
2026/08/10 11:10:16.725, 0, 3077, 100
2026/08/10 11:10:16.729, 1, 5087, 88
2026/08/10 11:10:17.780, 0, 4581, 63
2026/08/10 11:10:17.784, 1, 5823, 61
2026/08/10 11:10:18.842, 0, 3429, 93
2026/08/10 11:10:18.849, 1, 5567, 99
2026/08/10 11:10:19.911, 0, 3333, 94
2026/08/10 11:10:19.914, 1, 5311, 98
2026/08/10 11:10:20.967, 0, 5925, 97
2026/08/10 11:10:20.974, 1, 5727, 75
2026/08/10 11:10:22.045, 0, 3749, 93
2026/08/10 11:10:22.049, 1, 6591, 100
2026/08/10 11:10:23.112, 0, 4485, 100
2026/08/10 11:10:23.115, 1, 6975, 97
2026/08/10 11:10:24.158, 0, 3365, 78
2026/08/10 11:10:24.161, 1, 4895, 66
2026/08/10 11:10:25.203, 0, 4485, 100
2026/08/10 11:10:25.207, 1, 8255, 100
2026/08/10 11:10:26.280, 0, 4453, 60
2026/08/10 11:10:26.286, 1, 7071, 47
2026/08/10 11:10:27.359, 0, 3685, 65
2026/08/10 11:10:27.361, 1, 6079, 88
2026/08/10 11:10:28.416, 0, 3717, 54
2026/08/10 11:10:28.422, 1, 5215, 72
2026/08/10 11:10:29.481, 0, 3141, 100
2026/08/10 11:10:29.485, 1, 5247, 99
2026/08/10 11:10:30.533, 0, 5989, 100
2026/08/10 11:10:30.535, 1, 7007, 100
2026/08/10 11:10:31.602, 0, 3845, 74
2026/08/10 11:10:31.608, 1, 5919, 44
2026/08/10 11:10:32.681, 0, 5317, 91
2026/08/10 11:10:32.685, 1, 6463, 81
2026/08/10 11:10:33.738, 0, 9125, 100
2026/08/10 11:10:33.740, 1, 11295, 95
2026/08/10 11:10:34.801, 0, 3493, 77
2026/08/10 11:10:34.805, 1, 6207, 96
2026/08/10 11:10:35.860, 0, 4677, 92
2026/08/10 11:10:35.862, 1, 6655, 94
2026/08/10 11:10:36.914, 0, 3365, 99
2026/08/10 11:10:36.917, 1, 4799, 97
2026/08/10 11:10:37.971, 0, 7013, 93
2026/08/10 11:10:37.975, 1, 7551, 100
2026/08/10 11:10:39.031, 0, 3781, 100
2026/08/10 11:10:39.039, 1, 5279, 65
2026/08/10 11:10:40.135, 0, 4165, 91
2026/08/10 11:10:40.141, 1, 5279, 81
2026/08/10 11:10:41.224, 0, 3301, 93
2026/08/10 11:10:41.230, 1, 4671, 57
2026/08/10 11:10:42.314, 0, 4389, 90
2026/08/10 11:10:42.322, 1, 5695, 69
2026/08/10 11:10:43.392, 0, 5125, 100
2026/08/10 11:10:43.396, 1, 5503, 87
2026/08/10 11:10:44.454, 0, 3077, 80
2026/08/10 11:10:44.457, 1, 4863, 77
2026/08/10 11:10:45.501, 0, 3077, 6
2026/08/10 11:10:45.503, 1, 4863, 13
2026/08/10 11:10:46.543, 0, 3077, 0
2026/08/10 11:10:46.545, 1, 4863, 0
2026/08/10 11:10:47.584, 0, 3077, 0
2026/08/10 11:10:47.586, 1, 4863, 0
2026/08/10 11:10:48.624, 0, 3077, 0
2026/08/10 11:10:48.626, 1, 4863, 0
2026/08/10 11:10:49.670, 0, 3077, 0
2026/08/10 11:10:49.672, 1, 4863, 0
2026/08/10 11:10:50.712, 0, 3077, 0
2026/08/10 11:10:50.715, 1, 4863, 0
2026/08/10 11:10:51.753, 0, 3077, 0
2026/08/10 11:10:51.755, 1, 4863, 0
2026/08/10 11:10:52.793, 0, 3077, 0
2026/08/10 11:10:52.795, 1, 4863, 0
2026/08/10 11:10:53.832, 0, 3077, 0
2026/08/10 11:10:53.833, 1, 4863, 0
2026/08/10 11:10:54.870, 0, 3077, 0
2026/08/10 11:10:54.872, 1, 4863, 0
2026/08/10 11:10:55.914, 0, 3077, 0
2026/08/10 11:10:55.916, 1, 4863, 0
2026/08/10 11:10:56.955, 0, 3077, 0
2026/08/10 11:10:56.957, 1, 4863, 0
2026/08/10 11:10:57.996, 0, 3077, 0
2026/08/10 11:10:57.998, 1, 4863, 0
2026/08/10 11:10:59.040, 0, 3077, 0
2026/08/10 11:10:59.042, 1, 4863, 0
2026/08/10 11:11:00.085, 0, 3077, 0
2026/08/10 11:11:00.087, 1, 4863, 0
2026/08/10 11:11:01.128, 0, 3077, 0
2026/08/10 11:11:01.129, 1, 4863, 0
2026/08/10 11:11:02.169, 0, 3077, 0
2026/08/10 11:11:02.172, 1, 4863, 0
2026/08/10 11:11:03.218, 0, 3077, 0
2026/08/10 11:11:03.222, 1, 4863, 0
2026/08/10 11:11:04.265, 0, 3077, 0
2026/08/10 11:11:04.268, 1, 4863, 0
2026/08/10 11:11:05.308, 0, 3077, 0
2026/08/10 11:11:05.311, 1, 4863, 0
2026/08/10 11:11:06.352, 0, 3077, 0
2026/08/10 11:11:06.355, 1, 4863, 0
2026/08/10 11:11:07.392, 0, 3077, 0
2026/08/10 11:11:07.396, 1, 4863, 0
