Linux 6.8.0-136-generic (856a17914eb3) 	08/10/26 	_x86_64_	(72 CPU)

12:43:07     CPU    %usr   %nice    %sys %iowait    %irq   %soft  %steal  %guest  %gnice   %idle
12:43:08     all   11.55    0.00    0.37    0.00    0.00    0.00    0.00    0.00    0.00   88.07
12:43:09     all    1.07    0.00    0.96    0.00    0.00    0.00    0.00    0.00    0.00   97.97
12:43:10     all    1.28    0.00    0.31    0.00    0.00    0.00    0.00    0.00    0.00   98.42
12:43:11     all    1.25    0.00    0.43    0.00    0.00    0.00    0.00    0.00    0.00   98.32
12:43:12     all    1.54    0.00    0.25    0.00    0.00    0.00    0.00    0.00    0.00   98.21
12:43:13     all    1.50    0.00    0.32    0.00    0.00    0.00    0.00    0.00    0.00   98.18
12:43:14     all    1.51    0.00    0.22    0.00    0.00    0.00    0.00    0.00    0.00   98.26
12:43:15     all    1.68    0.00    0.22    0.00    0.00    0.00    0.00    0.00    0.00   98.10
12:43:16     all    1.71    0.00    0.21    0.00    0.00    0.00    0.00    0.00    0.00   98.08
12:43:17     all    1.67    0.00    0.22    0.00    0.00    0.00    0.00    0.00    0.00   98.11
12:43:18     all    1.68    0.00    0.22    0.00    0.00    0.00    0.00    0.00    0.00   98.10
12:43:19     all    1.59    0.00    0.26    0.00    0.00    0.00    0.00    0.00    0.00   98.15
12:43:20     all    1.49    0.00    0.18    0.00    0.00    0.00    0.00    0.00    0.00   98.33
12:43:21     all    1.69    0.00    0.42    0.00    0.00    0.00    0.00    0.00    0.00   97.89
12:43:22     all    1.54    0.03    0.22    0.00    0.00    0.00    0.00    0.00    0.00   98.21
12:43:23     all    1.49    0.00    0.12    0.00    0.00    0.00    0.00    0.00    0.00   98.39
12:43:24     all    1.72    0.00    0.35    0.00    0.00    0.00    0.00    0.00    0.00   97.93
12:43:25     all    1.50    0.00    0.21    0.00    0.00    0.00    0.00    0.00    0.00   98.29
12:43:26     all    1.31    0.00    0.21    0.00    0.00    0.00    0.00    0.00    0.00   98.48
12:43:27     all    1.56    0.00    0.21    0.00    0.00    0.01    0.00    0.00    0.00   98.22
12:43:28     all    1.57    0.00    0.17    0.00    0.00    0.00    0.00    0.00    0.00   98.26
12:43:29     all    1.43    0.00    0.24    0.00    0.00    0.00    0.00    0.00    0.00   98.33
12:43:30     all    1.60    0.00    0.28    0.00    0.00    0.00    0.00    0.00    0.00   98.12
12:43:31     all    1.63    0.00    0.15    0.00    0.00    0.01    0.00    0.00    0.00   98.21
12:43:32     all    1.31    0.00    0.18    0.00    0.00    0.00    0.00    0.00    0.00   98.51
12:43:33     all    1.61    0.00    0.18    0.00    0.00    0.00    0.00    0.00    0.00   98.21
12:43:34     all    1.64    0.00    0.26    0.00    0.00    0.00    0.00    0.00    0.00   98.10
12:43:35     all    1.36    0.00    0.18    0.00    0.00    0.00    0.00    0.00    0.00   98.46
12:43:36     all    1.58    0.00    0.24    0.00    0.00    0.00    0.00    0.00    0.00   98.18
12:43:37     all    1.60    0.00    0.18    0.00    0.00    0.00    0.00    0.00    0.00   98.22
12:43:38     all    1.49    0.00    0.26    0.00    0.00    0.00    0.00    0.00    0.00   98.25
12:43:39     all    2.04    0.00    0.33    0.00    0.00    0.01    0.00    0.00    0.00   97.61
12:43:40     all    1.60    0.00    0.25    0.00    0.00    0.01    0.00    0.00    0.00   98.14
12:43:41     all    1.50    0.00    0.21    0.00    0.00    0.00    0.00    0.00    0.00   98.29
12:43:42     all    1.70    0.00    0.31    0.00    0.00    0.00    0.00    0.00    0.00   98.00
12:43:43     all    3.34    0.00    1.03    0.00    0.00    0.00    0.00    0.00    0.00   95.64
12:43:44     all    1.90    0.00    0.24    0.00    0.00    0.00    0.00    0.00    0.00   97.86
12:43:45     all    4.11    0.01    0.43    0.00    0.00    0.00    0.00    0.00    0.00   95.44
12:43:46     all    1.58    0.00    0.11    0.00    0.00    0.00    0.00    0.00    0.00   98.31
12:43:47     all    4.44    0.00    0.21    0.00    0.00    0.01    0.00    0.00    0.00   95.33
12:43:48     all    1.71    0.00    0.17    0.00    0.00    0.00    0.00    0.00    0.00   98.12
12:43:49     all    4.89    0.00    0.29    0.00    0.00    0.00    0.00    0.00    0.00   94.82
12:43:50     all    1.57    0.00    0.18    0.00    0.00    0.00    0.00    0.00    0.00   98.25
12:43:51     all    4.99    0.00    0.33    0.00    0.00    0.00    0.00    0.00    0.00   94.67
12:43:52     all    1.68    0.00    0.14    0.00    0.00    0.00    0.00    0.00    0.00   98.18
12:43:53     all    5.02    0.00    0.63    0.00    0.00    0.00    0.00    0.00    0.00   94.35
12:43:54     all    1.69    0.00    0.14    0.00    0.00    0.00    0.00    0.00    0.00   98.17
12:43:55     all    5.16    0.00    0.26    0.00    0.00    0.00    0.00    0.00    0.00   94.58
12:43:56     all    4.84    0.00    0.29    0.00    0.00    0.00    0.00    0.00    0.00   94.86
12:43:57     all    1.61    0.00    0.14    0.00    0.00    0.00    0.00    0.00    0.00   98.25
12:43:58     all    4.97    0.00    0.31    0.00    0.00    0.00    0.00    0.00    0.00   94.73
12:43:59     all    1.50    0.00    0.07    0.00    0.00    0.00    0.00    0.00    0.00   98.43
12:44:00     all    4.96    0.00    0.44    0.00    0.00    0.00    0.00    0.00    0.00   94.59
12:44:01     all    1.97    0.00    0.26    0.00    0.00    0.00    0.00    0.00    0.00   97.76
12:44:02     all    5.14    0.00    0.22    0.00    0.00    0.01    0.00    0.00    0.00   94.62
12:44:03     all    1.76    0.00    0.15    0.00    0.00    0.00    0.00    0.00    0.00   98.08
12:44:04     all    4.75    0.00    0.36    0.00    0.00    0.00    0.00    0.00    0.00   94.89
12:44:05     all    1.71    0.00    0.15    0.00    0.00    0.00    0.00    0.00    0.00   98.14
12:44:06     all    5.09    0.00    0.33    0.00    0.00    0.00    0.00    0.00    0.00   94.58
12:44:07     all    5.02    0.00    0.26    0.00    0.00    0.00    0.00    0.00    0.00   94.72
12:44:08     all    1.71    0.00    0.18    0.00    0.00    0.00    0.00    0.00    0.00   98.11
12:44:09     all    5.27    0.00    0.49    0.00    0.00    0.00    0.00    0.00    0.00   94.25
12:44:10     all    1.53    0.00    0.25    0.00    0.00    0.00    0.00    0.00    0.00   98.22
12:44:11     all    5.09    0.00    0.28    0.00    0.00    0.00    0.00    0.00    0.00   94.63
12:44:12     all    1.67    0.00    0.14    0.00    0.00    0.00    0.00    0.00    0.00   98.19
12:44:13     all    5.13    0.00    0.26    0.00    0.00    0.00    0.00    0.00    0.00   94.61
12:44:14     all    1.68    0.00    0.10    0.00    0.00    0.00    0.00    0.00    0.00   98.22
12:44:15     all    5.28    0.00    0.51    0.00    0.00    0.00    0.00    0.00    0.00   94.20
12:44:16     all    1.43    0.00    0.10    0.00    0.00    0.00    0.00    0.00    0.00   98.47
12:44:17     all    5.04    0.00    0.26    0.01    0.00    0.00    0.00    0.00    0.00   94.68
12:44:18     all    1.65    0.00    0.08    0.00    0.00    0.00    0.00    0.00    0.00   98.26
12:44:19     all    5.06    0.00    0.24    0.00    0.00    0.00    0.00    0.00    0.00   94.71
12:44:20     all    5.31    0.00    0.39    0.00    0.00    0.00    0.00    0.00    0.00   94.30
12:44:21     all    1.47    0.00    0.14    0.00    0.00    0.00    0.00    0.00    0.00   98.39
12:44:22     all    5.13    0.00    0.28    0.00    0.00    0.00    0.00    0.00    0.00   94.59
12:44:23     all    2.22    0.00    0.28    0.00    0.00    0.00    0.00    0.00    0.00   97.50
12:44:24     all    5.10    0.00    0.26    0.00    0.00    0.00    0.00    0.00    0.00   94.63
12:44:25     all    1.76    0.00    0.43    0.00    0.00    0.00    0.00    0.00    0.00   97.81
12:44:26     all    4.98    0.00    0.38    0.00    0.00    0.00    0.00    0.00    0.00   94.64
12:44:27     all    1.47    0.00    0.17    0.00    0.00    0.00    0.00    0.00    0.00   98.36
12:44:28     all    5.17    0.00    0.26    0.00    0.00    0.00    0.00    0.00    0.00   94.57
12:44:29     all    1.64    0.00    0.14    0.00    0.00    0.00    0.00    0.00    0.00   98.22
12:44:30     all    4.92    0.00    0.28    0.00    0.00    0.00    0.00    0.00    0.00   94.81
12:44:31     all    1.72    0.00    0.21    0.00    0.00    0.00    0.00    0.00    0.00   98.07
12:44:32     all    5.41    0.00    0.39    0.00    0.00    0.00    0.00    0.00    0.00   94.20
12:44:33     all    1.42    0.00    0.08    0.00    0.00    0.00    0.00    0.00    0.00   98.50
12:44:34     all    5.24    0.00    0.29    0.00    0.00    0.00    0.00    0.00    0.00   94.47
12:44:35     all    5.12    0.00    0.29    0.00    0.00    0.00    0.00    0.00    0.00   94.59
12:44:36     all    1.54    0.00    0.25    0.00    0.00    0.00    0.00    0.00    0.00   98.21
12:44:37     all    5.25    0.00    0.29    0.00    0.00    0.00    0.00    0.00    0.00   94.46
12:44:38     all    1.74    0.00    0.17    0.00    0.00    0.00    0.00    0.00    0.00   98.10
12:44:39     all    5.05    0.00    0.36    0.00    0.00    0.00    0.00    0.00    0.00   94.59
12:44:40     all    1.56    0.00    0.11    0.00    0.00    0.00    0.00    0.00    0.00   98.33
12:44:41     all    5.41    0.00    0.57    0.00    0.00    0.00    0.00    0.00    0.00   94.03
12:44:42     all    1.47    0.00    0.15    0.00    0.00    0.00    0.00    0.00    0.00   98.37
12:44:43     all    5.06    0.00    0.22    0.00    0.00    0.00    0.00    0.00    0.00   94.72
12:44:44     all    1.77    0.00    0.15    0.00    0.00    0.00    0.00    0.00    0.00   98.08
12:44:45     all    5.35    0.00    0.35    0.00    0.00    0.00    0.00    0.00    0.00   94.30
12:44:46     all    1.79    0.00    0.18    0.00    0.00    0.00    0.00    0.00    0.00   98.03
12:44:47     all    5.17    0.00    0.38    0.00    0.00    0.00    0.00    0.00    0.00   94.45
12:44:48     all    1.97    0.00    0.21    0.00    0.00    0.00    0.00    0.00    0.00   97.82
12:44:49     all    4.81    0.00    0.40    0.00    0.00    0.00    0.00    0.00    0.00   94.79
12:44:50     all    1.64    0.00    0.14    0.00    0.00    0.00    0.00    0.00    0.00   98.22
12:44:51     all    5.06    0.00    0.36    0.00    0.00    0.00    0.00    0.00    0.00   94.58
12:44:52     all    2.96    0.00    0.15    0.00    0.00    0.00    0.00    0.00    0.00   96.89
12:44:53     all    3.81    0.00    0.35    0.00    0.00    0.00    0.00    0.00    0.00   95.84
12:44:54     all    4.97    0.00    0.26    0.00    0.00    0.00    0.00    0.00    0.00   94.76
12:44:55     all    1.63    0.00    0.15    0.00    0.00    0.00    0.00    0.00    0.00   98.22
12:44:56     all    5.12    0.00    0.38    0.00    0.00    0.01    0.00    0.00    0.00   94.49
12:44:57     all    1.40    0.00    0.15    0.00    0.00    0.00    0.00    0.00    0.00   98.44
12:44:58     all    5.29    0.00    0.32    0.00    0.00    0.00    0.00    0.00    0.00   94.39
12:44:59     all    1.63    0.00    0.17    0.00    0.00    0.00    0.00    0.00    0.00   98.21
12:45:00     all    5.10    0.00    0.67    0.00    0.00    0.00    0.00    0.00    0.00   94.23
12:45:01     all    1.78    0.01    0.26    0.00    0.00    0.00    0.00    0.00    0.00   97.94
12:45:02     all    5.99    0.00    0.96    0.00    0.00    0.00    0.00    0.00    0.00   93.05
12:45:03     all    2.39    0.00    0.67    0.00    0.00    0.00    0.00    0.00    0.00   96.94
12:45:04     all    5.97    0.00    0.72    0.00    0.00    0.01    0.00    0.00    0.00   93.29
12:45:05     all    1.92    0.00    0.29    0.00    0.00    0.00    0.00    0.00    0.00   97.79
12:45:06     all    5.01    0.00    0.40    0.00    0.00    0.00    0.00    0.00    0.00   94.59
12:45:07     all    1.82    0.00    0.14    0.00    0.00    0.00    0.00    0.00    0.00   98.04
12:45:08     all    5.51    0.00    0.42    0.00    0.00    0.00    0.00    0.00    0.00   94.07
12:45:09     all    1.71    0.00    0.18    0.00    0.00    0.00    0.00    0.00    0.00   98.11
12:45:10     all    5.16    0.00    0.36    0.00    0.00    0.00    0.00    0.00    0.00   94.48
12:45:11     all    1.74    0.00    0.22    0.00    0.00    0.00    0.00    0.00    0.00   98.04
12:45:12     all    5.20    0.00    0.33    0.00    0.00    0.00    0.00    0.00    0.00   94.47
12:45:13     all    5.39    0.00    0.54    0.00    0.00    0.00    0.00    0.00    0.00   94.07
12:45:14     all    1.60    0.00    0.17    0.00    0.00    0.00    0.00    0.00    0.00   98.24
12:45:15     all    5.04    0.00    0.28    0.00    0.00    0.00    0.00    0.00    0.00   94.68
12:45:16     all    1.68    0.00    0.21    0.00    0.00    0.00    0.00    0.00    0.00   98.11
12:45:17     all    5.33    0.00    0.31    0.00    0.00    0.00    0.00    0.00    0.00   94.36
12:45:18     all    1.49    0.00    0.15    0.00    0.00    0.00    0.00    0.00    0.00   98.36
12:45:19     all    4.96    0.00    0.32    0.00    0.00    0.00    0.00    0.00    0.00   94.72
12:45:20     all    1.64    0.00    0.14    0.00    0.00    0.00    0.00    0.00    0.00   98.22
12:45:21     all    5.08    0.00    0.31    0.00    0.00    0.00    0.00    0.00    0.00   94.61
12:45:22     all    1.74    0.01    0.24    0.00    0.00    0.00    0.00    0.00    0.00   98.01
12:45:23     all    4.96    0.00    0.31    0.00    0.00    0.00    0.00    0.00    0.00   94.73
12:45:24     all    1.58    0.00    0.13    0.00    0.00    0.00    0.00    0.00    0.00   98.29
12:45:25     all    5.18    0.00    0.33    0.00    0.00    0.00    0.00    0.00    0.00   94.48
12:45:26     all    1.64    0.00    0.11    0.00    0.00    0.00    0.00    0.00    0.00   98.25
12:45:27     all    5.00    0.00    0.43    0.00    0.00    0.00    0.00    0.00    0.00   94.57
12:45:28     all    5.33    0.00    0.22    0.00    0.00    0.00    0.00    0.00    0.00   94.45
12:45:29     all    1.77    0.00    0.44    0.01    0.00    0.00    0.00    0.00    0.00   97.78
12:45:30     all    5.45    0.00    0.38    0.00    0.00    0.00    0.00    0.00    0.00   94.18
12:45:31     all    1.67    0.00    0.13    0.00    0.00    0.00    0.00    0.00    0.00   98.21
12:45:32     all    5.36    0.00    0.33    0.00    0.00    0.00    0.00    0.00    0.00   94.30
12:45:33     all    1.40    0.00    0.14    0.00    0.00    0.00    0.00    0.00    0.00   98.46
12:45:34     all    5.10    0.00    0.26    0.00    0.00    0.00    0.00    0.00    0.00   94.64
12:45:35     all    1.75    0.00    0.14    0.00    0.00    0.00    0.00    0.00    0.00   98.11
12:45:36     all    4.37    0.00    0.19    0.00    0.00    0.00    0.00    0.00    0.00   95.44
12:45:37     all    2.25    0.00    0.31    0.00    0.00    0.00    0.00    0.00    0.00   97.45
12:45:38     all    1.63    0.00    0.11    0.00    0.00    0.00    0.00    0.00    0.00   98.26
12:45:39     all    4.97    0.00    0.46    0.00    0.00    0.00    0.00    0.00    0.00   94.57
12:45:40     all    1.63    0.00    0.11    0.00    0.00    0.00    0.00    0.00    0.00   98.26
12:45:41     all    5.09    0.00    0.26    0.00    0.00    0.00    0.00    0.00    0.00   94.65
12:45:42     all    1.57    0.00    0.24    0.00    0.00    0.00    0.00    0.00    0.00   98.19
12:45:43     all    5.53    0.00    0.46    0.00    0.00    0.00    0.00    0.00    0.00   94.01
12:45:44     all    1.63    0.00    0.15    0.00    0.00    0.00    0.00    0.00    0.00   98.22
12:45:45     all    5.00    0.00    0.51    0.00    0.00    0.00    0.00    0.00    0.00   94.49
12:45:46     all    1.72    0.00    0.19    0.00    0.00    0.00    0.00    0.00    0.00   98.08
12:45:47     all    5.23    0.00    0.36    0.00    0.00    0.00    0.00    0.00    0.00   94.41
12:45:48     all    1.39    0.00    0.10    0.00    0.00    0.00    0.00    0.00    0.00   98.51
12:45:49     all    5.06    0.00    0.29    0.00    0.00    0.00    0.00    0.00    0.00   94.65
12:45:50     all    1.63    0.00    0.08    0.00    0.00    0.00    0.00    0.00    0.00   98.29
12:45:51     all    5.13    0.00    0.36    0.00    0.00    0.00    0.00    0.00    0.00   94.51
12:45:52     all    2.17    0.00    0.29    0.00    0.00    0.00    0.00    0.00    0.00   97.54
12:45:53     all    5.14    0.00    0.32    0.00    0.00    0.00    0.00    0.00    0.00   94.54
12:45:54     all    1.49    0.00    0.15    0.00    0.00    0.00    0.00    0.00    0.00   98.36
12:45:55     all    4.98    0.00    0.31    0.00    0.00    0.00    0.00    0.00    0.00   94.71
12:45:56     all    1.65    0.00    0.10    0.00    0.00    0.00    0.00    0.00    0.00   98.25
12:45:57     all    4.77    0.00    0.24    0.00    0.00    0.00    0.00    0.00    0.00   95.00
12:45:58     all    1.81    0.00    0.28    0.00    0.00    0.00    0.00    0.00    0.00   97.92
12:45:59     all    5.16    0.00    0.46    0.00    0.00    0.00    0.00    0.00    0.00   94.38
12:46:00     all    1.51    0.00    0.13    0.00    0.00    0.00    0.00    0.00    0.00   98.36
12:46:01     all    5.39    0.00    0.49    0.00    0.00    0.00    0.00    0.00    0.00   94.12
12:46:02     all    1.42    0.00    0.15    0.01    0.00    0.00    0.00    0.00    0.00   98.42
12:46:03     all    5.13    0.00    0.35    0.00    0.00    0.00    0.00    0.00    0.00   94.53
12:46:04     all    1.69    0.00    0.14    0.00    0.00    0.00    0.00    0.00    0.00   98.17
12:46:05     all    4.88    0.01    0.28    0.00    0.00    0.00    0.00    0.00    0.00   94.83
12:46:06     all    1.64    0.00    0.13    0.00    0.00    0.00    0.00    0.00    0.00   98.23
12:46:07     all    5.00    0.00    0.26    0.00    0.00    0.00    0.00    0.00    0.00   94.74
12:46:08     all    1.56    0.00    0.24    0.00    0.00    0.00    0.00    0.00    0.00   98.21
12:46:09     all    5.38    0.00    0.42    0.00    0.00    0.00    0.00    0.00    0.00   94.21
12:46:10     all    1.67    0.00    0.18    0.00    0.00    0.00    0.00    0.00    0.00   98.15
12:46:11     all    4.50    0.00    0.22    0.00    0.00    0.00    0.00    0.00    0.00   95.28
12:46:12     all    2.40    0.00    0.28    0.00    0.00    0.00    0.00    0.00    0.00   97.32
12:46:13     all    1.79    0.00    0.21    0.00    0.00    0.00    0.00    0.00    0.00   98.00
12:46:14     all    5.31    0.00    0.33    0.00    0.00    0.00    0.00    0.00    0.00   94.35
12:46:15     all    1.70    0.00    0.17    0.00    0.00    0.00    0.00    0.00    0.00   98.14
12:46:16     all    5.21    0.00    0.26    0.00    0.00    0.00    0.00    0.00    0.00   94.52
12:46:17     all    4.57    0.00    0.36    0.00    0.00    0.00    0.00    0.00    0.00   95.07
12:46:18     all    1.83    0.00    0.35    0.00    0.00    0.00    0.00    0.00    0.00   97.82
12:46:19     all    5.22    0.00    0.32    0.00    0.00    0.00    0.00    0.00    0.00   94.46
12:46:20     all    1.40    0.00    0.15    0.00    0.00    0.00    0.00    0.00    0.00   98.44
12:46:21     all    5.29    0.00    0.32    0.00    0.00    0.00    0.00    0.00    0.00   94.39
12:46:22     all    1.67    0.00    0.13    0.00    0.00    0.00    0.00    0.00    0.00   98.21
12:46:23     all    4.88    0.00    0.33    0.00    0.00    0.00    0.00    0.00    0.00   94.79
12:46:24     all    1.68    0.00    0.19    0.00    0.00    0.00    0.00    0.00    0.00   98.12
12:46:25     all    5.28    0.00    0.28    0.00    0.00    0.00    0.00    0.00    0.00   94.44
12:46:26     all    1.42    0.00    0.14    0.00    0.00    0.00    0.00    0.00    0.00   98.45
12:46:27     all    5.16    0.00    0.32    0.00    0.00    0.00    0.00    0.00    0.00   94.52
12:46:28     all    1.78    0.00    0.21    0.00    0.00    0.00    0.00    0.00    0.00   98.01
12:46:29     all    4.91    0.00    0.24    0.00    0.00    0.00    0.00    0.00    0.00   94.86
12:46:30     all    1.68    0.00    0.17    0.00    0.00    0.00    0.00    0.00    0.00   98.15
12:46:31     all    4.88    0.00    0.36    0.00    0.00    0.00    0.00    0.00    0.00   94.76
12:46:32     all    1.50    0.00    0.19    0.00    0.00    0.00    0.00    0.00    0.00   98.31
12:46:33     all    5.35    0.00    0.61    0.00    0.00    0.00    0.00    0.00    0.00   94.04
12:46:34     all    1.67    0.00    0.07    0.00    0.00    0.00    0.00    0.00    0.00   98.26
12:46:35     all    4.85    0.00    0.35    0.00    0.00    0.00    0.00    0.00    0.00   94.80
12:46:36     all    1.86    0.00    0.28    0.00    0.00    0.00    0.00    0.00    0.00   97.86
12:46:37     all    5.46    0.00    0.33    0.00    0.00    0.00    0.00    0.00    0.00   94.21
12:46:38     all    1.49    0.00    0.17    0.00    0.00    0.00    0.00    0.00    0.00   98.35
12:46:39     all    5.11    0.00    0.33    0.00    0.00    0.00    0.00    0.00    0.00   94.56
12:46:40     all    1.65    0.00    0.14    0.00    0.00    0.00    0.00    0.00    0.00   98.21
12:46:41     all    4.57    0.00    0.29    0.00    0.00    0.00    0.00    0.00    0.00   95.14
12:46:42     all    1.65    0.00    0.11    0.00    0.00    0.00    0.00    0.00    0.00   98.24
12:46:43     all    1.79    0.00    0.26    0.00    0.00    0.00    0.00    0.00    0.00   97.94
12:46:44     all    4.81    0.00    0.29    0.00    0.00    0.00    0.00    0.00    0.00   94.90
12:46:45     all    1.71    0.00    0.18    0.00    0.00    0.00    0.00    0.00    0.00   98.11
12:46:46     all    5.03    0.00    0.36    0.00    0.00    0.00    0.00    0.00    0.00   94.61
12:46:47     all    1.58    0.00    0.15    0.00    0.00    0.00    0.00    0.00    0.00   98.26
12:46:48     all    5.26    0.00    0.28    0.00    0.00    0.00    0.00    0.00    0.00   94.46
12:46:49     all    1.85    0.00    0.47    0.00    0.00    0.00    0.00    0.00    0.00   97.68
12:46:50     all    4.93    0.00    0.25    0.00    0.00    0.00    0.00    0.00    0.00   94.82
12:46:51     all    1.67    0.00    0.13    0.00    0.00    0.00    0.00    0.00    0.00   98.21
12:46:52     all    5.02    0.00    0.26    0.00    0.00    0.00    0.00    0.00    0.00   94.71
12:46:53     all    1.45    0.00    0.11    0.00    0.00    0.00    0.00    0.00    0.00   98.44
12:46:54     all    5.37    0.00    0.39    0.00    0.00    0.01    0.00    0.00    0.00   94.23
12:46:55     all    1.74    0.01    0.17    0.00    0.00    0.00    0.00    0.00    0.00   98.08
12:46:56     all    5.03    0.00    0.26    0.00    0.00    0.00    0.00    0.00    0.00   94.71
12:46:57     all    1.71    0.00    0.10    0.00    0.00    0.00    0.00    0.00    0.00   98.19
12:46:58     all    5.26    0.00    0.40    0.00    0.00    0.00    0.00    0.00    0.00   94.34
12:46:59     all    2.17    0.00    0.33    0.00    0.00    0.00    0.00    0.00    0.00   97.50
12:47:00     all    4.95    0.00    0.26    0.00    0.00    0.00    0.00    0.00    0.00   94.79
12:47:01     all    1.61    0.00    0.11    0.01    0.00    0.00    0.00    0.00    0.00   98.26
12:47:02     all    4.79    0.00    0.28    0.00    0.00    0.00    0.00    0.00    0.00   94.93
12:47:03     all    5.18    0.00    0.25    0.00    0.00    0.00    0.00    0.00    0.00   94.57
12:47:04     all    1.63    0.00    0.40    0.00    0.00    0.01    0.00    0.00    0.00   97.96
12:47:05     all    5.50    0.00    0.47    0.00    0.00    0.00    0.00    0.00    0.00   94.03
12:47:06     all    1.68    0.00    0.17    0.00    0.00    0.00    0.00    0.00    0.00   98.15
12:47:07     all    5.10    0.00    0.33    0.00    0.00    0.00    0.00    0.00    0.00   94.57
12:47:08     all    1.49    0.00    0.14    0.00    0.00    0.00    0.00    0.00    0.00   98.37
12:47:09     all    5.11    0.00    0.44    0.00    0.00    0.00    0.00    0.00    0.00   94.45
12:47:10     all    1.60    0.00    0.10    0.00    0.00    0.00    0.00    0.00    0.00   98.30
12:47:11     all    4.79    0.00    0.29    0.00    0.00    0.00    0.00    0.00    0.00   94.91
12:47:12     all    1.74    0.00    0.18    0.00    0.00    0.00    0.00    0.00    0.00   98.08
12:47:13     all    5.57    0.00    0.35    0.00    0.00    0.00    0.00    0.00    0.00   94.08
12:47:14     all    1.61    0.00    0.19    0.00    0.00    0.00    0.00    0.00    0.00   98.19
12:47:15     all    5.21    0.00    0.31    0.00    0.00    0.00    0.00    0.00    0.00   94.48
12:47:16     all    1.58    0.00    0.12    0.00    0.00    0.00    0.00    0.00    0.00   98.29
12:47:17     all    4.92    0.00    0.21    0.00    0.00    0.00    0.00    0.00    0.00   94.87
12:47:18     all    5.37    0.00    0.32    0.00    0.00    0.00    0.00    0.00    0.00   94.31
12:47:19     all    1.74    0.00    0.26    0.00    0.00    0.00    0.00    0.00    0.00   98.00
12:47:20     all    4.95    0.00    0.24    0.00    0.00    0.00    0.00    0.00    0.00   94.81
12:47:21     all    2.31    0.00    0.47    0.00    0.00    0.00    0.00    0.00    0.00   97.22
12:47:22     all    5.16    0.03    0.26    0.00    0.00    0.00    0.00    0.00    0.00   94.54
12:47:23     all    1.56    0.00    0.15    0.00    0.00    0.00    0.00    0.00    0.00   98.29
12:47:24     all    5.32    0.00    0.39    0.00    0.00    0.00    0.00    0.00    0.00   94.29
12:47:25     all    1.64    0.00    0.17    0.00    0.00    0.00    0.00    0.00    0.00   98.19
12:47:26     all    4.90    0.00    0.35    0.00    0.00    0.00    0.00    0.00    0.00   94.75
12:47:27     all    1.78    0.00    0.14    0.00    0.00    0.00    0.00    0.00    0.00   98.08
12:47:28     all    5.20    0.00    0.32    0.00    0.00    0.00    0.00    0.00    0.00   94.48
12:47:29     all    1.50    0.00    0.17    0.00    0.00    0.00    0.00    0.00    0.00   98.33
12:47:30     all    5.11    0.00    0.42    0.00    0.00    0.00    0.00    0.00    0.00   94.47
12:47:31     all    1.60    0.00    0.17    0.00    0.00    0.00    0.00    0.00    0.00   98.24
12:47:32     all    5.08    0.00    0.24    0.00    0.00    0.00    0.00    0.00    0.00   94.68
12:47:33     all    1.64    0.00    0.13    0.00    0.00    0.00    0.00    0.00    0.00   98.24
12:47:34     all    5.00    0.00    0.39    0.00    0.00    0.00    0.00    0.00    0.00   94.61
12:47:35     all    5.00    0.00    0.53    0.00    0.00    0.00    0.00    0.00    0.00   94.47
12:47:36     all    2.06    0.00    0.21    0.00    0.00    0.00    0.00    0.00    0.00   97.74
12:47:37     all    5.29    0.00    0.43    0.00    0.00    0.00    0.00    0.00    0.00   94.28
12:47:38     all    1.43    0.00    0.15    0.00    0.00    0.00    0.00    0.00    0.00   98.42
12:47:39     all    5.13    0.00    0.22    0.00    0.00    0.00    0.00    0.00    0.00   94.65
12:47:40     all    1.64    0.00    0.24    0.00    0.00    0.00    0.00    0.00    0.00   98.12
12:47:41     all    5.03    0.00    0.28    0.00    0.00    0.00    0.00    0.00    0.00   94.69
12:47:42     all    1.70    0.00    0.14    0.00    0.00    0.00    0.00    0.00    0.00   98.17
12:47:43     all    5.28    0.00    0.39    0.00    0.00    0.00    0.00    0.00    0.00   94.33
12:47:44     all    1.74    0.00    0.18    0.00    0.00    0.00    0.00    0.00    0.00   98.08
12:47:45     all    5.18    0.00    0.33    0.00    0.00    0.00    0.00    0.00    0.00   94.48
12:47:46     all    1.44    0.01    0.10    0.00    0.00    0.00    0.00    0.00    0.00   98.44
12:47:47     all    5.12    0.00    0.31    0.00    0.00    0.00    0.00    0.00    0.00   94.58
12:47:48     all    1.71    0.00    0.18    0.00    0.00    0.00    0.00    0.00    0.00   98.11
12:47:49     all    4.97    0.00    0.43    0.00    0.00    0.00    0.00    0.00    0.00   94.60
12:47:50     all    1.74    0.00    0.19    0.00    0.00    0.00    0.00    0.00    0.00   98.07
12:47:51     all    5.09    0.00    0.29    0.00    0.00    0.00    0.00    0.00    0.00   94.62
12:47:52     all    1.53    0.00    0.21    0.00    0.00    0.00    0.00    0.00    0.00   98.26
12:47:53     all    4.79    0.00    0.56    0.00    0.00    0.00    0.00    0.00    0.00   94.65
12:47:54     all    1.92    0.00    0.25    0.00    0.00    0.00    0.00    0.00    0.00   97.83
12:47:55     all    4.95    0.00    0.42    0.00    0.00    0.00    0.00    0.00    0.00   94.64
12:47:56     all    1.64    0.00    0.08    0.00    0.00    0.00    0.00    0.00    0.00   98.28
12:47:57     all    5.11    0.00    0.33    0.00    0.00    0.00    0.00    0.00    0.00   94.56
12:47:58     all    1.62    0.00    0.14    0.00    0.00    0.00    0.00    0.00    0.00   98.24
12:47:59     all    5.28    0.00    0.22    0.00    0.00    0.01    0.00    0.00    0.00   94.48
12:48:00     all    1.72    0.00    0.24    0.00    0.00    0.01    0.00    0.00    0.00   98.03
12:48:01     all    4.97    0.00    0.39    0.00    0.00    0.00    0.00    0.00    0.00   94.64
12:48:02     all    4.95    0.00    0.19    0.00    0.00    0.00    0.00    0.00    0.00   94.85
12:48:03     all    1.64    0.00    0.22    0.00    0.00    0.00    0.00    0.00    0.00   98.14
12:48:04     all    4.93    0.00    0.28    0.00    0.00    0.00    0.00    0.00    0.00   94.79
12:48:05     all    1.82    0.00    0.25    0.00    0.00    0.00    0.00    0.00    0.00   97.93
12:48:06     all    5.69    0.00    0.36    0.00    0.00    0.00    0.00    0.00    0.00   93.95
12:48:07     all    1.50    0.00    0.15    0.00    0.00    0.00    0.00    0.00    0.00   98.35
12:48:08     all    5.17    0.00    0.26    0.00    0.00    0.00    0.00    0.00    0.00   94.56
12:48:09     all    1.88    0.00    0.33    0.00    0.00    0.00    0.00    0.00    0.00   97.79
12:48:10     all    4.95    0.00    0.36    0.00    0.00    0.00    0.00    0.00    0.00   94.69
12:48:11     all    1.79    0.00    0.28    0.01    0.00    0.00    0.00    0.00    0.00   97.92
12:48:12     all    5.12    0.00    0.29    0.00    0.00    0.00    0.00    0.00    0.00   94.59
12:48:13     all    1.51    0.00    0.22    0.00    0.00    0.00    0.00    0.00    0.00   98.26
12:48:14     all    5.05    0.00    0.28    0.00    0.00    0.00    0.00    0.00    0.00   94.68
12:48:15     all    2.16    0.00    0.33    0.00    0.00    0.00    0.00    0.00    0.00   97.51
12:48:16     all    4.93    0.00    0.36    0.00    0.00    0.00    0.00    0.00    0.00   94.71
12:48:17     all    1.65    0.00    0.10    0.01    0.00    0.00    0.00    0.00    0.00   98.23
12:48:18     all    4.88    0.00    0.35    0.00    0.00    0.00    0.00    0.00    0.00   94.77
12:48:19     all    1.43    0.00    0.12    0.00    0.00    0.01    0.00    0.00    0.00   98.43
12:48:20     all    5.11    0.00    0.24    0.00    0.00    0.00    0.00    0.00    0.00   94.65
12:48:21     all    5.33    0.00    0.39    0.00    0.00    0.00    0.00    0.00    0.00   94.28
12:48:22     all    1.37    0.00    0.18    0.00    0.00    0.00    0.00    0.00    0.00   98.44
12:48:23     all    5.21    0.00    0.26    0.00    0.00    0.00    0.00    0.00    0.00   94.52
12:48:24     all    1.67    0.00    0.17    0.00    0.00    0.00    0.00    0.00    0.00   98.17
12:48:25     all    4.77    0.00    0.32    0.00    0.00    0.00    0.00    0.00    0.00   94.91
12:48:26     all    1.84    0.00    0.32    0.00    0.00    0.00    0.00    0.00    0.00   97.84
12:48:27     all    5.17    0.00    0.29    0.00    0.00    0.01    0.00    0.00    0.00   94.52
12:48:28     all    1.89    0.00    0.21    0.00    0.00    0.01    0.00    0.00    0.00   97.89
12:48:29     all    4.96    0.00    0.22    0.01    0.00    0.00    0.00    0.00    0.00   94.80
12:48:30     all    1.63    0.00    0.13    0.00    0.00    0.00    0.00    0.00    0.00   98.25
12:48:31     all    5.07    0.00    0.37    0.00    0.00    0.00    0.00    0.00    0.00   94.56
12:48:32     all    1.67    0.00    0.10    0.00    0.00    0.00    0.00    0.00    0.00   98.23
12:48:33     all    4.99    0.00    0.33    0.00    0.00    0.00    0.00    0.00    0.00   94.68
12:48:34     all    1.43    0.00    0.08    0.00    0.00    0.00    0.00    0.00    0.00   98.49
12:48:35     all    5.04    0.00    0.36    0.00    0.00    0.00    0.00    0.00    0.00   94.60
12:48:36     all    1.75    0.00    0.24    0.00    0.00    0.01    0.00    0.00    0.00   98.00
12:48:37     all    4.77    0.00    0.19    0.00    0.00    0.00    0.00    0.00    0.00   95.04
12:48:38     all    4.72    0.00    0.44    0.00    0.00    0.00    0.00    0.00    0.00   94.83
12:48:39     all    4.88    0.00    0.31    0.00    0.00    0.00    0.00    0.00    0.00   94.82
12:48:40     all    4.93    0.00    0.28    0.00    0.00    0.00    0.00    0.00    0.00   94.79
12:48:41     all    5.37    0.00    0.56    0.00    0.00    0.00    0.00    0.00    0.00   94.08
12:48:42     all    1.67    0.00    0.15    0.00    0.00    0.00    0.00    0.00    0.00   98.18
12:48:43     all   17.93    0.00    4.17    0.00    0.00    0.00    0.00    0.00    0.00   77.90
12:48:44     all   43.28    0.00    2.75    0.00    0.00    0.01    0.00    0.00    0.00   53.96
12:48:45     all   53.34    0.00    4.74    0.00    0.00    0.00    0.00    0.00    0.00   41.93
12:48:46     all   25.17    0.00    2.02    0.00    0.00    0.00    0.00    0.00    0.00   72.81
12:48:47     all   35.95    0.00    2.02    0.00    0.00    0.00    0.00    0.00    0.00   62.04
12:48:48     all   31.20    0.00    1.97    0.00    0.00    0.00    0.00    0.00    0.00   66.83
12:48:49     all   22.10    0.00    2.00    0.00    0.00    0.00    0.00    0.00    0.00   75.89
12:48:50     all   34.79    0.00    2.20    0.00    0.00    0.00    0.00    0.00    0.00   63.01
12:48:51     all   22.49    0.00    1.72    0.00    0.00    0.01    0.00    0.00    0.00   75.77
12:48:52     all   23.61    0.00    1.63    0.00    0.00    0.01    0.00    0.00    0.00   74.75
12:48:53     all   25.66    0.00    1.11    0.00    0.00    0.00    0.00    0.00    0.00   73.22
12:48:54     all   22.35    0.00    1.07    0.01    0.00    0.00    0.00    0.00    0.00   76.56
12:48:55     all   21.82    0.00    1.48    0.00    0.00    0.00    0.00    0.00    0.00   76.71
12:48:56     all   23.72    0.00    1.27    0.00    0.00    0.00    0.00    0.00    0.00   75.01
12:48:57     all   15.41    0.00    1.32    0.00    0.00    0.00    0.00    0.00    0.00   83.26
12:48:58     all   22.80    0.00    1.32    0.00    0.00    0.00    0.00    0.00    0.00   75.88
12:48:59     all   17.61    0.00    1.58    0.01    0.00    0.00    0.00    0.00    0.00   80.79
12:49:00     all   21.19    0.00    1.62    0.00    0.00    0.00    0.00    0.00    0.00   77.20
12:49:01     all   21.91    0.00    1.70    0.00    0.00    0.00    0.00    0.00    0.00   76.39
12:49:02     all   19.43    0.00    2.07    0.00    0.00    0.00    0.00    0.00    0.00   78.49
12:49:03     all   23.11    0.00    1.81    0.00    0.00    0.00    0.00    0.00    0.00   75.08
12:49:04     all   25.81    0.00    2.88    0.00    0.00    0.00    0.00    0.00    0.00   71.31
12:49:05     all   24.25    0.00    2.72    0.00    0.00    0.00    0.00    0.00    0.00   73.04
12:49:06     all   24.48    0.00    1.95    0.00    0.00    0.01    0.00    0.00    0.00   73.56
12:49:07     all   29.15    0.00    2.81    0.00    0.00    0.00    0.00    0.00    0.00   68.04
12:49:08     all   26.70    0.00    3.28    0.00    0.00    0.00    0.00    0.00    0.00   70.03
12:49:09     all   30.63    0.00    4.17    0.00    0.00    0.00    0.00    0.00    0.00   65.20
12:49:10     all   22.63    0.00    3.23    0.00    0.00    0.00    0.00    0.00    0.00   74.14
12:49:11     all   32.04    0.00    4.08    0.00    0.00    0.01    0.00    0.00    0.00   63.87
12:49:12     all   21.89    0.00    3.34    0.00    0.00    0.00    0.00    0.00    0.00   74.77
12:49:13     all   31.13    0.00    4.63    0.00    0.00    0.00    0.00    0.00    0.00   64.24
12:49:14     all   24.49    0.00    3.20    0.00    0.00    0.00    0.00    0.00    0.00   72.31
12:49:15     all   28.56    0.00    4.82    0.00    0.00    0.00    0.00    0.00    0.00   66.62
12:49:16     all   18.48    0.00    2.70    0.00    0.00    0.01    0.00    0.00    0.00   78.80
12:49:17     all   33.13    0.00    6.22    0.00    0.00    0.00    0.00    0.00    0.00   60.65
12:49:18     all   21.41    0.00    4.80    0.00    0.00    0.00    0.00    0.00    0.00   73.80
12:49:19     all   20.09    0.00    4.93    0.00    0.00    0.01    0.00    0.00    0.00   74.97
12:49:20     all   28.91    0.00    4.24    0.00    0.00    0.00    0.00    0.00    0.00   66.84
12:49:21     all   19.93    0.00    3.62    0.00    0.00    0.00    0.00    0.00    0.00   76.45
12:49:22     all   33.60    0.03    6.04    0.00    0.00    0.00    0.00    0.00    0.00   60.33
12:49:23     all   23.25    0.00    6.05    0.00    0.00    0.00    0.00    0.00    0.00   70.71
12:49:24     all   21.26    0.00    5.88    0.00    0.00    0.00    0.00    0.00    0.00   72.86
12:49:25     all   32.40    0.00    8.26    0.00    0.00    0.00    0.00    0.00    0.00   59.34
12:49:26     all   26.67    0.00    8.28    0.00    0.00    0.01    0.00    0.00    0.00   65.03
12:49:27     all   22.44    0.00    6.51    0.00    0.00    0.00    0.00    0.00    0.00   71.05
12:49:28     all   28.80    0.00   11.01    0.00    0.00    0.03    0.00    0.00    0.00   60.17
12:49:29     all   38.12    0.00   11.71    0.00    0.00    0.03    0.00    0.00    0.00   50.14
12:49:30     all   26.01    0.00    9.56    0.00    0.00    0.00    0.00    0.00    0.00   64.44
12:49:31     all   31.44    0.00    8.78    0.00    0.00    0.00    0.00    0.00    0.00   59.78
12:49:32     all   34.97    0.00   10.73    0.00    0.00    0.00    0.00    0.00    0.00   54.30
12:49:33     all   32.38    0.00   11.28    0.00    0.00    0.00    0.00    0.00    0.00   56.34
12:49:34     all   31.63    0.00   13.99    0.00    0.00    0.00    0.00    0.00    0.00   54.38
12:49:35     all   50.36    0.00   19.60    0.00    0.00    0.00    0.00    0.00    0.00   30.03
12:49:36     all   15.24    0.00    7.63    0.00    0.00    0.00    0.00    0.00    0.00   77.13
12:49:37     all   37.57    0.00   12.64    0.00    0.00    0.00    0.00    0.00    0.00   49.78
12:49:38     all   29.89    0.00   12.28    0.01    0.00    0.00    0.00    0.00    0.00   57.81
12:49:39     all   30.92    0.00   13.73    0.00    0.00    0.03    0.00    0.00    0.00   55.32
12:49:40     all   40.58    0.00   17.74    0.00    0.00    0.00    0.00    0.00    0.00   41.68
12:49:41     all   39.29    0.00   17.30    0.00    0.00    0.00    0.00    0.00    0.00   43.40
12:49:42     all   30.20    0.00   12.97    0.00    0.00    0.00    0.00    0.00    0.00   56.83
12:49:43     all   32.80    0.00   17.18    0.00    0.00    0.00    0.00    0.00    0.00   50.03
12:49:44     all   30.85    0.00   14.06    0.00    0.00    0.00    0.00    0.00    0.00   55.09
12:49:45     all   27.88    0.00   12.11    0.00    0.00    0.00    0.00    0.00    0.00   60.01
12:49:46     all   35.30    0.00   13.40    0.00    0.00    0.01    0.00    0.00    0.00   51.29
12:49:47     all   28.07    0.00   14.86    0.00    0.00    0.00    0.00    0.00    0.00   57.08
12:49:48     all   42.14    0.00   21.87    0.00    0.00    0.00    0.00    0.00    0.00   35.99
12:49:49     all   36.16    0.00   22.41    0.00    0.00    0.00    0.00    0.00    0.00   41.43
12:49:50     all   36.25    0.00   26.42    0.00    0.00    0.01    0.00    0.00    0.00   37.32
12:49:51     all   41.66    0.00   23.70    0.00    0.00    0.01    0.00    0.00    0.00   34.63
12:49:52     all   27.20    0.00   15.69    0.00    0.00    0.00    0.00    0.00    0.00   57.11
12:49:53     all   34.31    0.00   18.74    0.00    0.00    0.00    0.00    0.00    0.00   46.96
12:49:54     all   45.13    0.00   25.54    0.00    0.00    0.00    0.00    0.00    0.00   29.33
12:49:55     all   40.24    0.00   26.10    0.00    0.00    0.00    0.00    0.00    0.00   33.66
12:49:56     all   30.18    0.00   17.11    0.00    0.00    0.01    0.00    0.00    0.00   52.70
12:49:57     all   33.16    0.00   17.86    0.00    0.00    0.00    0.00    0.00    0.00   48.98
12:49:58     all   42.13    0.00   24.80    0.00    0.00    0.00    0.00    0.00    0.00   33.06
12:49:59     all   40.50    0.00   28.61    0.00    0.00    0.00    0.00    0.00    0.00   30.89
12:50:00     all   38.47    0.00   25.69    0.00    0.00    0.00    0.00    0.00    0.00   35.84
12:50:01     all   35.88    0.00   24.02    0.00    0.00    0.00    0.00    0.00    0.00   40.10
12:50:02     all   39.26    0.00   27.31    0.00    0.00    0.01    0.00    0.00    0.00   33.42
12:50:03     all   38.35    0.00   30.82    0.01    0.00    0.03    0.00    0.00    0.00   30.79
12:50:04     all   37.49    0.00   31.63    0.00    0.00    0.04    0.00    0.00    0.00   30.84
12:50:05     all   35.81    0.00   32.27    0.00    0.00    0.00    0.00    0.00    0.00   31.91
12:50:06     all   36.21    0.00   33.18    0.00    0.00    0.00    0.00    0.00    0.00   30.61
12:50:07     all   34.63    0.00   34.30    0.00    0.00    0.00    0.00    0.00    0.00   31.07
12:50:08     all   32.88    0.00   34.62    0.00    0.00    0.00    0.00    0.00    0.00   32.49
12:50:09     all   36.93    0.00   32.61    0.00    0.00    0.00    0.00    0.00    0.00   30.46
12:50:10     all   35.53    0.00   33.83    0.00    0.00    0.01    0.00    0.00    0.00   30.63
12:50:11     all   38.25    0.00   28.36    0.00    0.00    0.00    0.00    0.00    0.00   33.39
12:50:12     all   35.70    0.00   30.78    0.00    0.00    0.00    0.00    0.00    0.00   33.52
12:50:13     all   34.75    0.00   31.79    0.00    0.00    0.00    0.00    0.00    0.00   33.46
12:50:14     all   34.35    0.01   33.60    0.00    0.00    0.01    0.00    0.00    0.00   32.02
12:50:15     all   38.11    0.00   31.28    0.00    0.00    0.00    0.00    0.00    0.00   30.61
12:50:16     all   37.38    0.00   31.25    0.00    0.00    0.00    0.00    0.00    0.00   31.36
12:50:17     all   37.35    0.00   32.13    0.00    0.00    0.00    0.00    0.00    0.00   30.51
12:50:18     all   37.65    0.00   30.72    0.00    0.00    0.01    0.00    0.00    0.00   31.62
12:50:19     all   37.29    0.00   32.12    0.00    0.00    0.01    0.00    0.00    0.00   30.58
12:50:20     all   36.09    0.00   33.58    0.00    0.00    0.00    0.00    0.00    0.00   30.32
12:50:21     all   37.60    0.00   32.19    0.00    0.00    0.00    0.00    0.00    0.00   30.20
12:50:22     all   35.27    0.00   33.13    0.00    0.00    0.00    0.00    0.00    0.00   31.60
12:50:23     all   34.00    0.00   34.17    0.00    0.00    0.00    0.00    0.00    0.00   31.83
12:50:24     all   35.68    0.00   31.77    0.00    0.00    0.00    0.00    0.00    0.00   32.55
12:50:25     all   34.81    0.00   31.99    0.00    0.00    0.00    0.00    0.00    0.00   33.20
12:50:26     all   32.41    0.00   33.87    0.00    0.00    0.00    0.00    0.00    0.00   33.72
12:50:27     all   31.48    0.00   35.29    0.00    0.00    0.01    0.00    0.00    0.00   33.22
12:50:28     all   32.59    0.00   33.75    0.00    0.00    0.03    0.00    0.00    0.00   33.63
12:50:29     all   34.03    0.00   32.05    0.00    0.00    0.00    0.00    0.00    0.00   33.92
12:50:30     all   33.77    0.00   33.63    0.00    0.00    0.00    0.00    0.00    0.00   32.61
12:50:31     all   31.45    0.00   35.14    0.00    0.00    0.00    0.00    0.00    0.00   33.41
12:50:32     all   32.05    0.00   33.65    0.00    0.00    0.01    0.00    0.00    0.00   34.28
12:50:33     all   31.44    0.00   34.26    0.00    0.00    0.01    0.00    0.00    0.00   34.29
12:50:34     all   29.99    0.00   33.65    0.00    0.00    0.00    0.00    0.00    0.00   36.36
12:50:35     all   34.91    0.00   32.43    0.00    0.00    0.00    0.00    0.00    0.00   32.66
12:50:36     all   38.07    0.00   32.28    0.00    0.00    0.00    0.00    0.00    0.00   29.65
12:50:37     all   38.25    0.00   30.43    0.00    0.00    0.00    0.00    0.00    0.00   31.32
12:50:38     all   37.76    0.00   32.01    0.00    0.00    0.00    0.00    0.00    0.00   30.23
12:50:39     all   34.19    0.00   34.13    0.00    0.00    0.01    0.00    0.00    0.00   31.67
12:50:40     all   35.82    0.00   32.10    0.00    0.00    0.01    0.00    0.00    0.00   32.07
12:50:41     all   32.57    0.00   30.16    0.00    0.00    0.00    0.00    0.00    0.00   37.28
12:50:42     all   34.15    0.00   30.50    0.00    0.00    0.01    0.00    0.00    0.00   35.34
12:50:43     all   31.85    0.00   33.79    0.00    0.00    0.00    0.00    0.00    0.00   34.36
12:50:44     all   36.14    0.00   34.09    0.00    0.00    0.00    0.00    0.00    0.00   29.77
12:50:45     all   34.02    0.00   33.19    0.00    0.00    0.00    0.00    0.00    0.00   32.79
12:50:46     all   34.82    0.00   32.35    0.00    0.00    0.00    0.00    0.00    0.00   32.83
12:50:47     all   36.98    0.00   30.64    0.00    0.00    0.03    0.00    0.00    0.00   32.35
12:50:48     all   35.37    0.00   31.71    0.00    0.00    0.00    0.00    0.00    0.00   32.92
12:50:49     all   39.96    0.00   29.55    0.00    0.00    0.00    0.00    0.00    0.00   30.49
12:50:50     all   31.50    0.00   33.44    0.00    0.00    0.00    0.00    0.00    0.00   35.07
12:50:51     all   32.10    0.00   32.15    0.00    0.00    0.00    0.00    0.00    0.00   35.75
12:50:52     all   28.05    0.00   32.59    0.00    0.00    0.00    0.00    0.00    0.00   39.37
12:50:53     all   40.12    0.00   30.22    0.00    0.00    0.01    0.00    0.00    0.00   29.64
12:50:54     all   33.15    0.00   33.86    0.00    0.00    0.03    0.00    0.00    0.00   32.96
12:50:55     all   36.82    0.00   30.79    0.00    0.00    0.01    0.00    0.00    0.00   32.38
12:50:56     all   36.17    0.00   32.08    0.00    0.00    0.01    0.00    0.00    0.00   31.74
12:50:57     all   36.32    0.00   31.83    0.00    0.00    0.00    0.00    0.00    0.00   31.85
12:50:58     all   32.06    0.00   32.75    0.00    0.00    0.00    0.00    0.00    0.00   35.19
12:50:59     all   30.48    0.00   35.34    0.00    0.00    0.01    0.00    0.00    0.00   34.17
12:51:00     all   32.11    0.00   33.22    0.00    0.00    0.00    0.00    0.00    0.00   34.67
12:51:01     all   32.54    0.00   33.83    0.00    0.00    0.00    0.00    0.00    0.00   33.63
12:51:02     all   35.78    0.01   31.90    0.00    0.00    0.00    0.00    0.00    0.00   32.31
12:51:03     all   36.17    0.00   33.10    0.00    0.00    0.00    0.00    0.00    0.00   30.73
12:51:04     all   33.04    0.00   35.21    0.00    0.00    0.01    0.00    0.00    0.00   31.74
12:51:05     all   33.44    0.00   33.58    0.00    0.00    0.03    0.00    0.00    0.00   32.94
12:51:06     all   35.09    0.00   31.74    0.00    0.00    0.00    0.00    0.00    0.00   33.18
12:51:07     all   34.57    0.00   33.55    0.00    0.00    0.00    0.00    0.00    0.00   31.87
12:51:08     all   36.87    0.00   29.89    0.00    0.00    0.01    0.00    0.00    0.00   33.22
12:51:09     all   35.49    0.00   32.16    0.00    0.00    0.00    0.00    0.00    0.00   32.35
12:51:10     all   32.54    0.00   33.91    0.00    0.00    0.00    0.00    0.00    0.00   33.55
12:51:11     all   34.70    0.00   32.17    0.00    0.00    0.00    0.00    0.00    0.00   33.13
12:51:12     all   35.05    0.00   34.12    0.00    0.00    0.00    0.00    0.00    0.00   30.83
12:51:13     all   31.23    0.00   34.68    0.00    0.00    0.00    0.00    0.00    0.00   34.09
12:51:14     all   29.21    0.00   33.95    0.00    0.00    0.00    0.00    0.00    0.00   36.84
12:51:15     all   28.96    0.00   34.15    0.00    0.00    0.00    0.00    0.00    0.00   36.89
12:51:16     all   35.91    0.00   31.91    0.00    0.00    0.00    0.00    0.00    0.00   32.18
12:51:17     all   36.60    0.00   32.19    0.00    0.00    0.00    0.00    0.00    0.00   31.20
12:51:18     all   36.80    0.00   33.04    0.00    0.00    0.01    0.00    0.00    0.00   30.15
12:51:19     all   37.96    0.00   31.44    0.00    0.00    0.00    0.00    0.00    0.00   30.60
12:51:20     all   35.69    0.00   32.30    0.00    0.00    0.00    0.00    0.00    0.00   32.01
12:51:21     all   34.39    0.00   32.54    0.00    0.00    0.00    0.00    0.00    0.00   33.07
12:51:22     all   34.01    0.03   32.95    0.00    0.00    0.00    0.00    0.00    0.00   33.01
12:51:23     all   35.22    0.00   30.38    0.00    0.00    0.01    0.00    0.00    0.00   34.38
12:51:24     all   34.46    0.00   33.54    0.00    0.00    0.00    0.00    0.00    0.00   32.00
12:51:25     all   33.08    0.00   34.32    0.00    0.00    0.01    0.00    0.00    0.00   32.59
12:51:26     all   36.13    0.00   31.41    0.00    0.00    0.00    0.00    0.00    0.00   32.46
12:51:27     all   36.83    0.00   32.43    0.00    0.00    0.01    0.00    0.00    0.00   30.72
12:51:28     all   36.54    0.00   31.16    0.00    0.00    0.00    0.00    0.00    0.00   32.30
12:51:29     all   36.50    0.00   33.60    0.01    0.00    0.01    0.00    0.00    0.00   29.87
12:51:30     all   36.68    0.00   34.43    0.00    0.00    0.00    0.00    0.00    0.00   28.88
12:51:31     all   35.28    0.00   30.92    0.00    0.00    0.01    0.00    0.00    0.00   33.78
12:51:32     all   34.12    0.00   33.28    0.00    0.00    0.00    0.00    0.00    0.00   32.60
12:51:33     all   34.97    0.00   31.69    0.00    0.00    0.03    0.00    0.00    0.00   33.31
12:51:34     all   32.57    0.00   34.80    0.00    0.00    0.00    0.00    0.00    0.00   32.63
12:51:35     all   36.16    0.00   33.60    0.00    0.00    0.01    0.00    0.00    0.00   30.23
12:51:36     all   32.78    0.00   32.50    0.00    0.00    0.00    0.00    0.00    0.00   34.72
12:51:37     all   36.18    0.00   33.08    0.00    0.00    0.00    0.00    0.00    0.00   30.74
12:51:38     all   32.16    0.00   36.75    0.00    0.00    0.01    0.00    0.00    0.00   31.08
12:51:39     all   33.33    0.00   31.60    0.00    0.00    0.00    0.00    0.00    0.00   35.07
12:51:40     all   34.02    0.00   34.15    0.00    0.00    0.00    0.00    0.00    0.00   31.83
12:51:41     all   35.21    0.00   32.59    0.01    0.00    0.01    0.00    0.00    0.00   32.18
12:51:42     all   35.48    0.00   34.15    0.00    0.00    0.00    0.00    0.00    0.00   30.37
12:51:43     all   30.08    0.00   28.26    0.00    0.00    0.03    0.00    0.00    0.00   41.63
12:51:44     all   36.25    0.00   30.24    0.00    0.00    0.00    0.00    0.00    0.00   33.51
12:51:45     all   37.82    0.00   31.35    0.00    0.00    0.00    0.00    0.00    0.00   30.82
12:51:46     all   39.15    0.00   29.62    0.00    0.00    0.01    0.00    0.00    0.00   31.21
12:51:47     all   38.20    0.00   30.09    0.00    0.00    0.01    0.00    0.00    0.00   31.70
12:51:48     all   34.95    0.00   30.95    0.00    0.00    0.01    0.00    0.00    0.00   34.09
12:51:49     all   33.13    0.00   33.87    0.00    0.00    0.00    0.00    0.00    0.00   32.99
12:51:50     all   34.72    0.00   33.19    0.00    0.00    0.00    0.00    0.00    0.00   32.09
12:51:51     all   37.68    0.00   32.26    0.00    0.00    0.01    0.00    0.00    0.00   30.04
12:51:52     all   35.74    0.00   32.83    0.00    0.00    0.00    0.00    0.00    0.00   31.43
12:51:53     all   39.29    0.00   32.32    0.00    0.00    0.01    0.00    0.00    0.00   28.37
12:51:54     all   37.43    0.00   29.47    0.00    0.00    0.00    0.00    0.00    0.00   33.10
12:51:55     all   39.24    0.00   30.76    0.00    0.00    0.00    0.00    0.00    0.00   30.00
12:51:56     all   34.14    0.00   34.74    0.00    0.00    0.01    0.00    0.00    0.00   31.11
12:51:57     all   36.59    0.00   30.80    0.00    0.00    0.01    0.00    0.00    0.00   32.59
12:51:58     all   35.46    0.00   32.64    0.00    0.00    0.01    0.00    0.00    0.00   31.89
12:51:59     all   37.34    0.00   33.18    0.00    0.00    0.00    0.00    0.00    0.00   29.48
12:52:00     all   35.63    0.00   31.01    0.00    0.00    0.00    0.00    0.00    0.00   33.36
12:52:01     all   34.72    0.00   32.31    0.00    0.00    0.00    0.00    0.00    0.00   32.97
12:52:02     all   37.28    0.00   30.66    0.00    0.00    0.01    0.00    0.00    0.00   32.05
12:52:03     all   38.94    0.00   30.38    0.00    0.00    0.00    0.00    0.00    0.00   30.68
12:52:04     all   38.25    0.00   28.56    0.00    0.00    0.01    0.00    0.00    0.00   33.18
12:52:05     all   39.40    0.00   29.63    0.00    0.00    0.00    0.00    0.00    0.00   30.97
12:52:06     all   37.08    0.00   30.58    0.00    0.00    0.00    0.00    0.00    0.00   32.34
12:52:07     all   37.28    0.00   31.46    0.00    0.00    0.00    0.00    0.00    0.00   31.26
12:52:08     all   37.60    0.00   30.99    0.00    0.00    0.01    0.00    0.00    0.00   31.40
12:52:09     all   39.75    0.00   30.51    0.00    0.00    0.00    0.00    0.00    0.00   29.74
12:52:10     all   34.83    0.00   31.49    0.00    0.00    0.00    0.00    0.00    0.00   33.69
12:52:11     all   31.33    0.00   27.98    0.00    0.00    0.00    0.00    0.00    0.00   40.69
12:52:12     all   26.41    0.00   25.57    0.03    0.00    0.00    0.00    0.00    0.00   47.99
12:52:13     all   36.43    0.00   29.94    0.00    0.00    0.00    0.00    0.00    0.00   33.63
12:52:14     all   29.11    0.00   27.35    0.00    0.00    0.03    0.00    0.00    0.00   43.51
12:52:15     all   37.08    0.00   32.07    0.00    0.00    0.01    0.00    0.00    0.00   30.83
12:52:16     all   33.78    0.00   35.42    0.00    0.00    0.00    0.00    0.00    0.00   30.80
12:52:17     all   34.38    0.00   32.82    0.00    0.00    0.00    0.00    0.00    0.00   32.80
12:52:18     all   37.30    0.00   30.98    0.00    0.00    0.00    0.00    0.00    0.00   31.72
12:52:19     all   34.91    0.00   33.32    0.00    0.00    0.00    0.00    0.00    0.00   31.77
12:52:20     all   37.38    0.00   32.65    0.00    0.00    0.00    0.00    0.00    0.00   29.97
12:52:21     all   34.44    0.00   34.59    0.00    0.00    0.00    0.00    0.00    0.00   30.97
12:52:22     all   38.28    0.00   31.03    0.00    0.00    0.01    0.00    0.00    0.00   30.68
12:52:23     all   37.35    0.00   31.88    0.00    0.00    0.00    0.00    0.00    0.00   30.77
12:52:24     all   36.59    0.00   31.41    0.00    0.00    0.00    0.00    0.00    0.00   32.00
12:52:25     all   34.32    0.00   31.65    0.00    0.00    0.01    0.00    0.00    0.00   34.02
12:52:26     all   37.15    0.00   31.79    0.00    0.00    0.01    0.00    0.00    0.00   31.05
12:52:27     all   39.33    0.01   29.28    0.00    0.00    0.00    0.00    0.00    0.00   31.38
12:52:28     all   38.44    0.00   30.89    0.00    0.00    0.01    0.00    0.00    0.00   30.65
12:52:29     all   39.89    0.00   30.77    0.00    0.00    0.01    0.00    0.00    0.00   29.32
12:52:30     all   36.46    0.00   31.68    0.00    0.00    0.00    0.00    0.00    0.00   31.85
12:52:31     all   35.47    0.01   31.41    0.00    0.00    0.00    0.00    0.00    0.00   33.11
12:52:32     all   40.76    0.00   29.71    0.00    0.00    0.00    0.00    0.00    0.00   29.54
12:52:33     all   34.30    0.00   33.22    0.00    0.00    0.00    0.00    0.00    0.00   32.48
12:52:34     all   32.95    0.00   34.36    0.00    0.00    0.00    0.00    0.00    0.00   32.70
12:52:35     all   32.87    0.00   33.32    0.00    0.00    0.00    0.00    0.00    0.00   33.81
12:52:36     all   32.92    0.00   35.22    0.00    0.00    0.00    0.00    0.00    0.00   31.86
12:52:37     all   31.96    0.00   35.50    0.00    0.00    0.01    0.00    0.00    0.00   32.53
12:52:38     all   33.90    0.00   34.06    0.00    0.00    0.00    0.00    0.00    0.00   32.04
12:52:39     all   35.16    0.00   34.35    0.00    0.00    0.01    0.00    0.00    0.00   30.48
12:52:40     all   34.81    0.00   32.20    0.00    0.00    0.01    0.00    0.00    0.00   32.97
12:52:41     all   31.58    0.00   34.01    0.00    0.00    0.00    0.00    0.00    0.00   34.41
12:52:42     all   32.22    0.00   34.67    0.00    0.00    0.03    0.00    0.00    0.00   33.09
12:52:43     all   36.19    0.00   31.23    0.00    0.00    0.00    0.00    0.00    0.00   32.58
12:52:44     all   29.52    0.00   34.25    0.00    0.00    0.00    0.00    0.00    0.00   36.23
12:52:45     all   29.90    0.00   30.94    0.00    0.00    0.00    0.00    0.00    0.00   39.16
12:52:46     all   37.34    0.00   30.68    0.00    0.00    0.00    0.00    0.00    0.00   31.98
12:52:47     all   39.21    0.00   27.33    0.00    0.00    0.00    0.00    0.00    0.00   33.45
12:52:48     all   35.32    0.00   32.07    0.00    0.00    0.00    0.00    0.00    0.00   32.60
12:52:49     all   39.70    0.00   30.39    0.00    0.00    0.01    0.00    0.00    0.00   29.90
12:52:50     all   36.49    0.00   32.21    0.00    0.00    0.01    0.00    0.00    0.00   31.28
12:52:51     all   37.96    0.00   29.79    0.00    0.00    0.00    0.00    0.00    0.00   32.25
12:52:52     all   37.66    0.00   29.55    0.00    0.00    0.00    0.00    0.00    0.00   32.79
12:52:53     all   40.12    0.00   28.20    0.00    0.00    0.00    0.00    0.00    0.00   31.68
12:52:54     all   36.19    0.00   32.99    0.00    0.00    0.01    0.00    0.00    0.00   30.80
12:52:55     all   32.42    0.00   34.55    0.00    0.00    0.00    0.00    0.00    0.00   33.03
12:52:56     all   37.23    0.00   30.90    0.01    0.00    0.03    0.00    0.00    0.00   31.83
12:52:57     all   34.39    0.00   31.90    0.00    0.00    0.00    0.00    0.00    0.00   33.71
12:52:58     all   41.34    0.00   27.71    0.00    0.00    0.00    0.00    0.00    0.00   30.95
12:52:59     all   38.16    0.00   31.20    0.00    0.00    0.00    0.00    0.00    0.00   30.64
12:53:00     all   37.69    0.00   33.05    0.00    0.00    0.03    0.00    0.00    0.00   29.23
12:53:01     all   35.68    0.00   33.17    0.00    0.00    0.01    0.00    0.00    0.00   31.14
12:53:02     all   38.73    0.00   31.53    0.00    0.00    0.00    0.00    0.00    0.00   29.74
12:53:03     all   36.24    0.00   31.98    0.00    0.00    0.00    0.00    0.00    0.00   31.78
12:53:04     all   39.74    0.00   30.23    0.00    0.00    0.03    0.00    0.00    0.00   30.00
12:53:05     all   40.59    0.00   30.53    0.00    0.00    0.00    0.00    0.00    0.00   28.88
12:53:06     all   39.91    0.00   30.74    0.00    0.00    0.00    0.00    0.00    0.00   29.35
12:53:07     all   41.60    0.00   28.90    0.00    0.00    0.00    0.00    0.00    0.00   29.51
12:53:08     all   42.12    0.00   30.11    0.00    0.00    0.01    0.00    0.00    0.00   27.75
12:53:09     all   36.53    0.00   32.08    0.00    0.00    0.00    0.00    0.00    0.00   31.39
12:53:10     all   36.52    0.00   33.36    0.00    0.00    0.01    0.00    0.00    0.00   30.11
12:53:11     all   36.45    0.00   31.46    0.00    0.00    0.00    0.00    0.00    0.00   32.10
12:53:12     all   37.09    0.00   31.83    0.00    0.00    0.00    0.00    0.00    0.00   31.08
12:53:13     all   40.58    0.00   28.26    0.00    0.00    0.00    0.00    0.00    0.00   31.16
12:53:14     all   36.24    0.00   32.73    0.00    0.00    0.00    0.00    0.00    0.00   31.03
12:53:15     all   38.79    0.00   30.28    0.00    0.00    0.01    0.00    0.00    0.00   30.91
12:53:16     all   35.45    0.00   30.81    0.00    0.00    0.00    0.00    0.00    0.00   33.74
12:53:17     all   31.36    0.00   31.57    0.00    0.00    0.00    0.00    0.00    0.00   37.07
12:53:18     all   36.12    0.00   32.26    0.00    0.00    0.01    0.00    0.00    0.00   31.61
12:53:19     all   37.73    0.00   32.02    0.00    0.00    0.00    0.00    0.00    0.00   30.24
12:53:20     all   34.23    0.00   30.36    0.00    0.00    0.00    0.00    0.00    0.00   35.40
12:53:21     all   36.11    0.00   32.80    0.00    0.00    0.00    0.00    0.00    0.00   31.09
12:53:22     all   37.07    0.00   32.98    0.00    0.00    0.00    0.00    0.00    0.00   29.96
12:53:23     all   44.52    0.01   28.20    0.00    0.00    0.03    0.00    0.00    0.00   27.24
12:53:24     all   38.84    0.00   31.48    0.00    0.00    0.00    0.00    0.00    0.00   29.68
12:53:25     all   35.88    0.00   32.55    0.00    0.00    0.00    0.00    0.00    0.00   31.57
12:53:26     all   34.03    0.00   34.13    0.00    0.00    0.01    0.00    0.00    0.00   31.83
12:53:27     all   36.96    0.00   31.90    0.00    0.00    0.01    0.00    0.00    0.00   31.13
12:53:28     all   38.07    0.00   31.13    0.00    0.00    0.01    0.00    0.00    0.00   30.79
12:53:29     all   38.45    0.00   32.55    0.00    0.00    0.01    0.00    0.00    0.00   28.98
12:53:30     all   38.19    0.00   31.33    0.00    0.00    0.00    0.00    0.00    0.00   30.48
12:53:31     all   36.00    0.00   33.77    0.00    0.00    0.01    0.00    0.00    0.00   30.22
12:53:32     all   39.06    0.00   31.50    0.00    0.00    0.00    0.00    0.00    0.00   29.44
12:53:33     all   35.27    0.00   34.65    0.00    0.00    0.00    0.00    0.00    0.00   30.08
12:53:34     all   43.90    0.00   27.11    0.00    0.00    0.00    0.00    0.00    0.00   28.99
12:53:35     all   39.30    0.00   29.19    0.01    0.00    0.01    0.00    0.00    0.00   31.48
12:53:36     all   37.77    0.00   30.86    0.00    0.00    0.00    0.00    0.00    0.00   31.37
12:53:37     all   37.00    0.00   32.56    0.00    0.00    0.00    0.00    0.00    0.00   30.44
12:53:38     all   36.29    0.00   33.36    0.00    0.00    0.00    0.00    0.00    0.00   30.35
12:53:39     all   38.21    0.00   32.77    0.00    0.00    0.00    0.00    0.00    0.00   29.03
12:53:40     all   34.10    0.00   33.64    0.01    0.00    0.00    0.00    0.00    0.00   32.25
12:53:41     all   38.71    0.00   30.74    0.00    0.00    0.01    0.00    0.00    0.00   30.54
12:53:42     all   40.19    0.00   29.97    0.00    0.00    0.00    0.00    0.00    0.00   29.84
12:53:43     all   36.18    0.00   32.88    0.00    0.00    0.01    0.00    0.00    0.00   30.93
12:53:44     all   40.81    0.00   28.39    0.00    0.00    0.03    0.00    0.00    0.00   30.77
12:53:45     all   41.37    0.00   29.65    0.00    0.00    0.00    0.00    0.00    0.00   28.98
12:53:46     all   38.83    0.00   30.76    0.00    0.00    0.00    0.00    0.00    0.00   30.41
12:53:47     all   40.19    0.00   30.88    0.00    0.00    0.01    0.00    0.00    0.00   28.91
12:53:48     all   36.20    0.00   31.99    0.00    0.00    0.00    0.00    0.00    0.00   31.81
12:53:49     all   41.87    0.00   28.95    0.00    0.00    0.01    0.00    0.00    0.00   29.17
12:53:50     all   40.31    0.00   30.61    0.00    0.00    0.00    0.00    0.00    0.00   29.09
12:53:51     all   39.88    0.00   31.25    0.00    0.00    0.00    0.00    0.00    0.00   28.87
12:53:52     all   37.16    0.00   31.00    0.00    0.00    0.00    0.00    0.00    0.00   31.84
12:53:53     all   36.98    0.00   31.62    0.00    0.00    0.01    0.00    0.00    0.00   31.38
12:53:54     all   36.79    0.00   32.21    0.00    0.00    0.00    0.00    0.00    0.00   31.00
12:53:55     all   37.97    0.00   29.94    0.00    0.00    0.00    0.00    0.00    0.00   32.09
12:53:56     all   37.21    0.00   31.05    0.00    0.00    0.00    0.00    0.00    0.00   31.74
12:53:57     all   31.84    0.00   34.39    0.00    0.00    0.00    0.00    0.00    0.00   33.77
12:53:58     all   37.49    0.00   30.35    0.00    0.00    0.00    0.00    0.00    0.00   32.16
12:53:59     all   39.67    0.00   29.98    0.00    0.00    0.00    0.00    0.00    0.00   30.35
12:54:00     all   38.33    0.01   32.31    0.00    0.00    0.00    0.00    0.00    0.00   29.34
12:54:01     all   36.90    0.00   32.97    0.00    0.00    0.01    0.00    0.00    0.00   30.12
12:54:02     all   41.35    0.00   29.76    0.00    0.00    0.00    0.00    0.00    0.00   28.88
12:54:03     all   36.49    0.00   33.76    0.00    0.00    0.01    0.00    0.00    0.00   29.73
12:54:04     all   38.17    0.00   30.41    0.00    0.00    0.01    0.00    0.00    0.00   31.40
12:54:05     all   35.46    0.00   32.67    0.00    0.00    0.00    0.00    0.00    0.00   31.87
12:54:06     all   35.93    0.00   32.08    0.00    0.00    0.00    0.00    0.00    0.00   31.99
12:54:07     all   33.35    0.00   33.98    0.00    0.00    0.01    0.00    0.00    0.00   32.65
12:54:08     all   36.57    0.00   32.57    0.00    0.00    0.01    0.00    0.00    0.00   30.84
12:54:09     all   38.82    0.00   30.67    0.00    0.00    0.01    0.00    0.00    0.00   30.50
12:54:10     all   38.29    0.00   31.20    0.00    0.00    0.01    0.00    0.00    0.00   30.49
12:54:11     all   36.49    0.00   33.03    0.00    0.00    0.00    0.00    0.00    0.00   30.48
12:54:12     all   38.32    0.00   31.03    0.00    0.00    0.01    0.00    0.00    0.00   30.64
12:54:13     all   37.93    0.00   31.85    0.00    0.00    0.00    0.00    0.00    0.00   30.22
12:54:14     all   36.20    0.00   30.68    0.00    0.00    0.00    0.00    0.00    0.00   33.13
12:54:15     all   33.72    0.00   34.07    0.00    0.00    0.00    0.00    0.00    0.00   32.21
12:54:16     all   35.33    0.00   29.93    0.00    0.00    0.00    0.00    0.00    0.00   34.74
12:54:17     all   35.10    0.00   33.58    0.00    0.00    0.00    0.00    0.00    0.00   31.32
12:54:18     all   36.95    0.00   31.05    0.00    0.00    0.00    0.00    0.00    0.00   32.01
12:54:19     all   36.51    0.00   32.32    0.00    0.00    0.00    0.00    0.00    0.00   31.17
12:54:20     all   40.60    0.00   30.04    0.00    0.00    0.00    0.00    0.00    0.00   29.36
12:54:21     all   34.35    0.00   33.96    0.00    0.00    0.00    0.00    0.00    0.00   31.70
12:54:22     all   34.31    0.00   32.05    0.01    0.00    0.01    0.00    0.00    0.00   33.61
12:54:23     all   30.29    0.00   34.64    0.00    0.00    0.01    0.00    0.00    0.00   35.06
12:54:24     all   32.95    0.00   31.96    0.00    0.00    0.00    0.00    0.00    0.00   35.08
12:54:25     all   34.34    0.00   32.92    0.00    0.00    0.00    0.00    0.00    0.00   32.74
12:54:26     all   37.19    0.00   31.04    0.00    0.00    0.00    0.00    0.00    0.00   31.77
12:54:27     all   34.78    0.00   32.65    0.00    0.00    0.01    0.00    0.00    0.00   32.55
12:54:28     all   38.91    0.00   31.56    0.00    0.00    0.00    0.00    0.00    0.00   29.53
12:54:29     all   36.69    0.00   27.05    0.00    0.00    0.00    0.00    0.00    0.00   36.26
12:54:30     all   39.52    0.00   30.74    0.00    0.00    0.03    0.00    0.00    0.00   29.71
12:54:31     all   39.99    0.00   30.24    0.00    0.00    0.00    0.00    0.00    0.00   29.77
12:54:32     all   43.28    0.00   26.94    0.00    0.00    0.00    0.00    0.00    0.00   29.79
12:54:33     all   44.93    0.00   29.23    0.00    0.00    0.01    0.00    0.00    0.00   25.82
12:54:34     all   47.06    0.00   27.19    0.00    0.00    0.01    0.00    0.00    0.00   25.73
12:54:35     all   41.83    0.00   27.34    0.00    0.00    0.00    0.00    0.00    0.00   30.83
12:54:36     all   41.53    0.00   29.34    0.00    0.00    0.00    0.00    0.00    0.00   29.13
12:54:37     all   35.93    0.00   27.94    0.00    0.00    0.00    0.00    0.00    0.00   36.13
12:54:38     all   43.95    0.00   25.67    0.00    0.00    0.00    0.00    0.00    0.00   30.39
12:54:39     all   31.19    0.00   25.95    0.00    0.00    0.03    0.00    0.00    0.00   42.83
12:54:40     all   30.67    0.00   20.63    0.00    0.00    0.00    0.00    0.00    0.00   48.70
12:54:41     all   43.82    0.00   28.06    0.00    0.00    0.00    0.00    0.00    0.00   28.13
12:54:42     all   35.76    0.00   32.22    0.00    0.00    0.01    0.00    0.00    0.00   32.01
12:54:43     all   37.46    0.00   32.75    0.00    0.00    0.00    0.00    0.00    0.00   29.78
12:54:44     all   41.34    0.00   31.01    0.00    0.00    0.00    0.00    0.00    0.00   27.64
12:54:45     all   37.98    0.00   29.43    0.00    0.00    0.00    0.00    0.00    0.00   32.59
12:54:46     all   39.99    0.00   28.44    0.00    0.00    0.00    0.00    0.00    0.00   31.56
12:54:47     all   40.87    0.00   30.95    0.00    0.00    0.00    0.00    0.00    0.00   28.18
12:54:48     all   38.29    0.00   32.41    0.00    0.00    0.01    0.00    0.00    0.00   29.28
12:54:49     all   38.28    0.00   32.72    0.00    0.00    0.00    0.00    0.00    0.00   28.99
12:54:50     all   44.46    0.00   28.24    0.00    0.00    0.00    0.00    0.00    0.00   27.29
12:54:51     all   39.91    0.00   32.22    0.00    0.00    0.03    0.00    0.00    0.00   27.84
12:54:52     all   35.20    0.00   30.13    0.00    0.00    0.00    0.00    0.00    0.00   34.67
12:54:53     all   34.87    0.00   26.92    0.00    0.00    0.00    0.00    0.00    0.00   38.21
12:54:54     all   39.88    0.00   28.09    0.00    0.00    0.00    0.00    0.00    0.00   32.03
12:54:55     all   41.42    0.00   28.56    0.00    0.00    0.01    0.00    0.00    0.00   30.01
12:54:56     all   42.65    0.00   28.56    0.00    0.00    0.00    0.00    0.00    0.00   28.79
12:54:57     all   44.93    0.00   26.10    0.00    0.00    0.00    0.00    0.00    0.00   28.97
12:54:58     all   34.76    0.00   26.25    0.00    0.00    0.00    0.00    0.00    0.00   38.99
12:54:59     all   38.64    0.00   29.97    0.00    0.00    0.03    0.00    0.00    0.00   31.37
12:55:00     all   34.31    0.00   29.48    0.00    0.00    0.00    0.00    0.00    0.00   36.21
12:55:01     all   40.26    0.00   30.85    0.01    0.00    0.00    0.00    0.00    0.00   28.87
12:55:02     all   38.95    0.00   35.94    0.00    0.00    0.04    0.00    0.00    0.00   25.06
12:55:03     all   38.54    0.00   30.76    0.00    0.00    0.00    0.00    0.00    0.00   30.70
12:55:04     all   38.91    0.00   31.50    0.00    0.00    0.00    0.00    0.00    0.00   29.59
12:55:05     all   39.62    0.00   31.06    0.00    0.00    0.01    0.00    0.00    0.00   29.30
12:55:06     all   36.79    0.00   31.72    0.00    0.00    0.01    0.00    0.00    0.00   31.48
12:55:07     all   36.90    0.00   31.32    0.00    0.00    0.00    0.00    0.00    0.00   31.78
12:55:08     all   41.10    0.00   26.89    0.00    0.00    0.00    0.00    0.00    0.00   32.01
12:55:09     all   35.43    0.00   30.75    0.00    0.00    0.00    0.00    0.00    0.00   33.82
12:55:10     all   30.67    0.00   32.79    0.00    0.00    0.00    0.00    0.00    0.00   36.54
12:55:11     all   28.92    0.00   30.16    0.00    0.00    0.00    0.00    0.00    0.00   40.92
12:55:12     all   36.32    0.00   32.44    0.00    0.00    0.03    0.00    0.00    0.00   31.20
12:55:13     all   40.68    0.00   29.42    0.00    0.00    0.00    0.00    0.00    0.00   29.90
12:55:14     all   45.59    0.01   26.89    0.00    0.00    0.00    0.00    0.00    0.00   27.51
12:55:15     all   43.76    0.00   30.19    0.00    0.00    0.01    0.00    0.00    0.00   26.04
12:55:16     all   38.67    0.00   30.87    0.00    0.00    0.00    0.00    0.00    0.00   30.46
12:55:17     all   40.76    0.00   30.68    0.00    0.00    0.00    0.00    0.00    0.00   28.56
12:55:18     all   39.73    0.00   31.65    0.00    0.00    0.03    0.00    0.00    0.00   28.59
12:55:19     all   36.96    0.00   29.56    0.00    0.00    0.01    0.00    0.00    0.00   33.47
12:55:20     all   38.15    0.00   33.35    0.00    0.00    0.01    0.00    0.00    0.00   28.49
12:55:21     all   32.81    0.00   28.78    0.00    0.00    0.01    0.00    0.00    0.00   38.40
12:55:22     all   42.61    0.01   27.82    0.00    0.00    0.01    0.00    0.00    0.00   29.54
12:55:23     all   39.59    0.00   30.38    0.00    0.00    0.00    0.00    0.00    0.00   30.03
12:55:24     all   37.56    0.00   30.26    0.00    0.00    0.01    0.00    0.00    0.00   32.17
12:55:25     all   38.19    0.00   30.93    0.00    0.00    0.00    0.00    0.00    0.00   30.89
12:55:26     all   36.35    0.00   30.20    0.00    0.00    0.00    0.00    0.00    0.00   33.45
12:55:27     all   39.04    0.00   30.84    0.00    0.00    0.01    0.00    0.00    0.00   30.10
12:55:28     all   36.44    0.00   32.44    0.01    0.00    0.01    0.00    0.00    0.00   31.09
12:55:29     all   35.31    0.00   30.97    0.00    0.00    0.01    0.00    0.00    0.00   33.71
12:55:30     all   40.23    0.00   30.83    0.00    0.00    0.00    0.00    0.00    0.00   28.94
12:55:31     all   40.01    0.00   30.88    0.00    0.00    0.00    0.00    0.00    0.00   29.11
12:55:32     all   38.97    0.00   28.84    0.00    0.00    0.00    0.00    0.00    0.00   32.19
12:55:33     all   42.09    0.00   29.30    0.00    0.00    0.01    0.00    0.00    0.00   28.59
12:55:34     all   35.02    0.00   32.66    0.00    0.00    0.01    0.00    0.00    0.00   32.30
12:55:35     all   38.33    0.00   30.54    0.00    0.00    0.00    0.00    0.00    0.00   31.13
12:55:36     all   42.17    0.00   28.79    0.00    0.00    0.00    0.00    0.00    0.00   29.04
12:55:37     all   40.70    0.00   30.17    0.00    0.00    0.01    0.00    0.00    0.00   29.11
12:55:38     all   38.91    0.00   30.37    0.00    0.00    0.01    0.00    0.00    0.00   30.71
12:55:39     all   39.80    0.00   31.30    0.00    0.00    0.00    0.00    0.00    0.00   28.90
12:55:40     all   35.99    0.00   31.07    0.00    0.00    0.01    0.00    0.00    0.00   32.93
12:55:41     all   37.15    0.00   29.97    0.00    0.00    0.00    0.00    0.00    0.00   32.88
12:55:42     all   36.27    0.00   27.66    0.00    0.00    0.00    0.00    0.00    0.00   36.07
12:55:43     all   35.47    0.00   33.07    0.00    0.00    0.01    0.00    0.00    0.00   31.44
12:55:44     all   38.41    0.00   29.32    0.00    0.00    0.00    0.00    0.00    0.00   32.27
12:55:45     all   37.29    0.00   31.14    0.00    0.00    0.00    0.00    0.00    0.00   31.57
12:55:46     all   36.95    0.00   29.57    0.00    0.00    0.01    0.00    0.00    0.00   33.47
12:55:47     all   39.60    0.00   29.90    0.00    0.00    0.00    0.00    0.00    0.00   30.50
12:55:48     all   41.74    0.00   29.43    0.00    0.00    0.00    0.00    0.00    0.00   28.83
12:55:49     all   41.44    0.00   29.35    0.00    0.00    0.01    0.00    0.00    0.00   29.20
12:55:50     all   41.47    0.00   30.15    0.00    0.00    0.00    0.00    0.00    0.00   28.37
12:55:51     all   39.59    0.00   31.29    0.00    0.00    0.00    0.00    0.00    0.00   29.12
12:55:52     all   41.56    0.00   28.76    0.00    0.00    0.00    0.00    0.00    0.00   29.68
12:55:53     all   38.24    0.00   28.33    0.00    0.00    0.00    0.00    0.00    0.00   33.43
12:55:54     all   42.34    0.00   27.64    0.00    0.00    0.01    0.00    0.00    0.00   30.02
12:55:55     all   42.24    0.00   27.57    0.00    0.00    0.03    0.00    0.00    0.00   30.16
12:55:56     all   39.55    0.00   30.07    0.00    0.00    0.01    0.00    0.00    0.00   30.37
12:55:57     all   41.30    0.00   30.35    0.00    0.00    0.00    0.00    0.00    0.00   28.34
12:55:58     all   40.77    0.00   30.53    0.00    0.00    0.01    0.00    0.00    0.00   28.69
12:55:59     all   40.40    0.00   31.10    0.00    0.00    0.01    0.00    0.00    0.00   28.49
12:56:00     all   40.45    0.00   31.95    0.00    0.00    0.00    0.00    0.00    0.00   27.59
12:56:01     all   29.57    0.00   26.17    0.01    0.00    0.00    0.00    0.00    0.00   44.25
12:56:02     all   39.74    0.00   27.05    0.00    0.00    0.00    0.00    0.00    0.00   33.21
12:56:03     all   36.22    0.00   25.18    0.00    0.00    0.00    0.00    0.00    0.00   38.59
12:56:04     all   37.29    0.00   28.00    0.00    0.00    0.03    0.00    0.00    0.00   34.69
12:56:05     all   40.62    0.00   28.08    0.00    0.00    0.01    0.00    0.00    0.00   31.29
12:56:06     all   41.43    0.00   29.90    0.00    0.00    0.01    0.00    0.00    0.00   28.65
12:56:07     all   40.60    0.01   31.48    0.00    0.00    0.00    0.00    0.00    0.00   27.90
12:56:08     all   37.00    0.00   30.96    0.01    0.00    0.00    0.00    0.00    0.00   32.03
12:56:09     all   40.29    0.00   30.74    0.00    0.00    0.03    0.00    0.00    0.00   28.94
12:56:10     all   42.35    0.00   29.02    0.00    0.00    0.00    0.00    0.00    0.00   28.63
12:56:11     all   38.12    0.00   32.50    0.00    0.00    0.00    0.00    0.00    0.00   29.38
12:56:12     all   42.58    0.00   30.53    0.00    0.00    0.00    0.00    0.00    0.00   26.89
12:56:13     all   45.52    0.00   28.41    0.00    0.00    0.01    0.00    0.00    0.00   26.05
12:56:14     all   43.76    0.00   28.56    0.00    0.00    0.00    0.00    0.00    0.00   27.68
12:56:15     all   10.40    0.00    8.64    0.00    0.00    0.00    0.00    0.00    0.00   80.96
12:56:16     all    0.24    0.00    1.50    0.00    0.00    0.00    0.00    0.00    0.00   98.26
12:56:17     all    0.06    0.00    1.51    0.00    0.00    0.00    0.00    0.00    0.00   98.43
12:56:18     all    0.28    0.00    0.15    0.00    0.00    0.00    0.00    0.00    0.00   99.57
12:56:19     all    0.25    0.00    0.13    0.00    0.00    0.00    0.00    0.00    0.00   99.62
12:56:20     all    0.01    0.00    0.13    0.00    0.00    0.00    0.00    0.00    0.00   99.86
12:56:21     all    0.25    0.00    0.11    0.00    0.00    0.00    0.00    0.00    0.00   99.64
12:56:22     all    0.25    0.00    0.13    0.00    0.00    0.00    0.00    0.00    0.00   99.62
12:56:23     all    0.26    0.00    0.28    0.00    0.00    0.00    0.00    0.00    0.00   99.46
12:56:24     all    0.76    0.00    0.33    0.00    0.00    0.00    0.00    0.00    0.00   98.90
12:56:25     all    0.43    0.00    0.32    0.00    0.00    0.00    0.00    0.00    0.00   99.25
12:56:26     all    0.10    0.00    0.11    0.00    0.00    0.00    0.00    0.00    0.00   99.79
12:56:27     all    0.58    0.00    0.22    0.00    0.00    0.00    0.00    0.00    0.00   99.19
12:56:28     all    0.43    0.00    0.21    0.00    0.00    0.00    0.00    0.00    0.00   99.36
12:56:29     all    0.04    0.00    0.11    0.00    0.00    0.00    0.00    0.00    0.00   99.85
12:56:30     all    0.26    0.00    0.19    0.00    0.00    0.00    0.00    0.00    0.00   99.54
12:56:31     all    0.29    0.00    0.12    0.00    0.00    0.00    0.00    0.00    0.00   99.58
12:56:32     all    0.04    0.00    0.07    0.00    0.00    0.00    0.00    0.00    0.00   99.89
12:56:33     all    0.47    0.01    0.26    0.00    0.00    0.00    0.00    0.00    0.00   99.25
12:56:34     all    0.49    0.00    0.58    0.00    0.00    0.00    0.00    0.00    0.00   98.93
12:56:35     all    0.03    0.00    0.08    0.00    0.00    0.00    0.00    0.00    0.00   99.89
12:56:36     all    0.36    0.00    0.32    0.00    0.00    0.00    0.00    0.00    0.00   99.32
12:56:37     all    0.39    0.00    0.26    0.00    0.00    0.00    0.00    0.00    0.00   99.35
12:56:38     all    0.57    0.00    0.24    0.00    0.00    0.00    0.00    0.00    0.00   99.19
12:56:39     all    0.39    0.00    0.18    0.00    0.00    0.00    0.00    0.00    0.00   99.43
12:56:40     all    0.29    0.00    0.18    0.00    0.00    0.00    0.00    0.00    0.00   99.53
12:56:41     all    0.33    0.00    0.46    0.00    0.00    0.00    0.00    0.00    0.00   99.21
12:56:42     all    6.90    0.00    0.50    0.00    0.00    0.00    0.00    0.00    0.00   92.60
12:56:43     all    1.47    0.00    0.40    0.00    0.00    0.00    0.00    0.00    0.00   98.12
12:56:44     all    0.78    0.00    0.83    0.00    0.00    0.00    0.00    0.00    0.00   98.39
12:56:45     all    1.24    0.00    0.56    0.00    0.00    0.00    0.00    0.00    0.00   98.21
12:56:46     all    1.56    0.00    0.21    0.00    0.00    0.00    0.00    0.00    0.00   98.24
12:56:47     all    1.39    0.00    0.17    0.00    0.00    0.00    0.00    0.00    0.00   98.44
12:56:48     all    1.72    0.00    0.28    0.00    0.00    0.00    0.00    0.00    0.00   98.00
12:56:49     all    1.82    0.00    0.36    0.00    0.00    0.00    0.00    0.00    0.00   97.82
12:56:50     all    1.83    0.00    0.29    0.00    0.00    0.00    0.00    0.00    0.00   97.87
12:56:51     all    1.82    0.00    0.24    0.00    0.00    0.00    0.00    0.00    0.00   97.94
12:56:52     all    1.54    0.00    0.24    0.00    0.00    0.00    0.00    0.00    0.00   98.22
12:56:53     all    1.42    0.00    0.22    0.00    0.00    0.00    0.00    0.00    0.00   98.36
12:56:54     all    1.56    0.00    0.22    0.00    0.00    0.00    0.00    0.00    0.00   98.22
12:56:55     all    1.65    0.00    0.25    0.00    0.00    0.00    0.00    0.00    0.00   98.10
12:56:56     all    1.46    0.03    0.26    0.00    0.00    0.00    0.00    0.00    0.00   98.25
12:56:57     all    1.56    0.00    0.19    0.00    0.00    0.00    0.00    0.00    0.00   98.25
12:56:58     all    1.69    0.00    0.28    0.00    0.00    0.00    0.00    0.00    0.00   98.03
12:56:59     all    1.36    0.00    0.28    0.00    0.00    0.00    0.00    0.00    0.00   98.36
12:57:00     all    1.60    0.00    0.19    0.00    0.00    0.00    0.00    0.00    0.00   98.21
12:57:01     all    1.57    0.00    0.26    0.00    0.00    0.00    0.00    0.00    0.00   98.17
12:57:02     all    1.32    0.00    0.22    0.00    0.00    0.00    0.00    0.00    0.00   98.46
12:57:03     all    1.67    0.00    0.21    0.00    0.00    0.00    0.00    0.00    0.00   98.12
12:57:04     all    1.57    0.00    0.18    0.00    0.00    0.00    0.00    0.00    0.00   98.25
12:57:05     all    1.35    0.00    0.21    0.00    0.00    0.00    0.00    0.00    0.00   98.44
12:57:06     all    1.61    0.00    0.25    0.00    0.00    0.00    0.00    0.00    0.00   98.14
12:57:07     all    1.60    0.00    0.24    0.00    0.00    0.00    0.00    0.00    0.00   98.17
12:57:08     all    1.39    0.00    0.15    0.00    0.00    0.00    0.00    0.00    0.00   98.46
12:57:09     all    1.65    0.00    0.24    0.00    0.00    0.00    0.00    0.00    0.00   98.11
12:57:10     all    1.67    0.00    0.17    0.00    0.00    0.00    0.00    0.00    0.00   98.17
12:57:11     all    1.46    0.00    0.33    0.00    0.00    0.00    0.00    0.00    0.00   98.21
12:57:12     all    2.12    0.00    0.35    0.00    0.00    0.00    0.00    0.00    0.00   97.53
12:57:13     all    2.73    0.00    0.96    0.00    0.00    0.00    0.00    0.00    0.00   96.31
12:57:14     all    1.47    0.00    0.11    0.00    0.00    0.00    0.00    0.00    0.00   98.42
12:57:15     all    3.29    0.00    0.33    0.00    0.00    0.00    0.00    0.00    0.00   96.38
12:57:16     all    1.64    0.00    0.11    0.00    0.00    0.00    0.00    0.00    0.00   98.25
12:57:17     all    3.32    0.00    0.28    0.00    0.00    0.00    0.00    0.00    0.00   96.40
12:57:18     all    3.63    0.00    0.19    0.00    0.00    0.00    0.00    0.00    0.00   96.18
12:57:19     all    1.69    0.00    0.21    0.00    0.00    0.00    0.00    0.00    0.00   98.10
12:57:20     all    3.64    0.01    0.21    0.00    0.00    0.00    0.00    0.00    0.00   96.14
12:57:21     all    1.68    0.00    0.11    0.00    0.00    0.00    0.00    0.00    0.00   98.21
12:57:22     all    3.84    0.01    0.32    0.00    0.00    0.00    0.00    0.00    0.00   95.83
12:57:23     all    1.51    0.00    0.14    0.00    0.00    0.00    0.00    0.00    0.00   98.35
12:57:24     all    3.70    0.00    0.24    0.00    0.00    0.00    0.00    0.00    0.00   96.06
12:57:25     all    1.62    0.00    0.18    0.00    0.00    0.00    0.00    0.00    0.00   98.19
12:57:26     all    3.64    0.00    0.24    0.00    0.00    0.00    0.00    0.00    0.00   96.12
12:57:27     all    3.85    0.01    0.38    0.00    0.00    0.00    0.00    0.00    0.00   95.76
12:57:28     all    1.65    0.00    0.11    0.00    0.00    0.00    0.00    0.00    0.00   98.23
12:57:29     all    3.47    0.00    0.50    0.00    0.00    0.00    0.00    0.00    0.00   96.03
12:57:30     all    1.69    0.00    0.14    0.00    0.00    0.00    0.00    0.00    0.00   98.17
12:57:31     all    3.88    0.00    0.26    0.00    0.00    0.00    0.00    0.00    0.00   95.86
12:57:32     all    1.43    0.00    0.14    0.00    0.00    0.00    0.00    0.00    0.00   98.43
12:57:33     all    3.85    0.00    0.26    0.00    0.00    0.00    0.00    0.00    0.00   95.88
12:57:34     all    4.22    0.00    0.53    0.00    0.00    0.00    0.00    0.00    0.00   95.25
12:57:35     all    1.38    0.00    0.07    0.00    0.00    0.01    0.00    0.00    0.00   98.54
12:57:36     all    3.64    0.00    0.17    0.00    0.00    0.01    0.00    0.00    0.00   96.18
12:57:37     all    1.68    0.00    0.11    0.00    0.00    0.00    0.00    0.00    0.00   98.21
12:57:38     all    3.50    0.00    0.28    0.00    0.00    0.00    0.00    0.00    0.00   96.22
12:57:39     all    1.88    0.00    0.25    0.00    0.00    0.00    0.00    0.00    0.00   97.87
12:57:40     all    3.88    0.00    0.45    0.00    0.00    0.00    0.00    0.00    0.00   95.67
12:57:41     all    1.65    0.00    0.18    0.00    0.00    0.00    0.00    0.00    0.00   98.17
12:57:42     all    3.91    0.00    0.24    0.00    0.00    0.00    0.00    0.00    0.00   95.86
12:57:43     all    3.85    0.00    0.29    0.00    0.00    0.00    0.00    0.00    0.00   95.86
12:57:44     all    1.47    0.01    0.18    0.00    0.00    0.00    0.00    0.00    0.00   98.33
12:57:45     all    3.95    0.00    0.51    0.00    0.00    0.00    0.00    0.00    0.00   95.54
12:57:46     all    1.69    0.00    0.15    0.00    0.00    0.00    0.00    0.00    0.00   98.15
12:57:47     all    3.64    0.00    0.18    0.00    0.00    0.00    0.00    0.00    0.00   96.18
12:57:48     all    1.82    0.00    0.21    0.00    0.00    0.00    0.00    0.00    0.00   97.97
12:57:49     all    3.82    0.00    0.33    0.00    0.00    0.00    0.00    0.00    0.00   95.85
12:57:50     all    3.61    0.00    0.17    0.00    0.00    0.00    0.00    0.00    0.00   96.22
12:57:51     all    1.71    0.00    0.18    0.00    0.00    0.00    0.00    0.00    0.00   98.11
12:57:52     all    3.91    0.00    0.24    0.00    0.00    0.00    0.00    0.00    0.00   95.86
12:57:53     all    1.92    0.00    0.25    0.00    0.00    0.00    0.00    0.00    0.00   97.83
12:57:54     all    3.92    0.00    0.58    0.00    0.00    0.00    0.00    0.00    0.00   95.49
12:57:55     all    1.70    0.00    0.11    0.00    0.00    0.00    0.00    0.00    0.00   98.19
12:57:56     all    4.03    0.00    0.36    0.01    0.00    0.00    0.00    0.00    0.00   95.60
12:57:57     all    1.68    0.00    0.14    0.00    0.00    0.00    0.00    0.00    0.00   98.18
12:57:58     all    3.67    0.00    0.25    0.00    0.00    0.00    0.00    0.00    0.00   96.08
12:57:59     all    2.64    0.00    0.26    0.00    0.00    0.00    0.00    0.00    0.00   97.10
12:58:00     all    2.85    0.00    0.24    0.00    0.00    0.00    0.00    0.00    0.00   96.91
12:58:01     all    3.98    0.00    0.35    0.00    0.00    0.00    0.00    0.00    0.00   95.67
12:58:02     all    1.33    0.00    0.19    0.00    0.00    0.00    0.00    0.00    0.00   98.47
12:58:03     all    3.82    0.00    0.33    0.00    0.00    0.00    0.00    0.00    0.00   95.84
12:58:04     all    1.72    0.00    0.15    0.00    0.00    0.00    0.00    0.00    0.00   98.12
12:58:05     all    3.60    0.00    0.29    0.00    0.00    0.00    0.00    0.00    0.00   96.11
12:58:06     all    1.69    0.00    0.15    0.00    0.00    0.00    0.00    0.00    0.00   98.15
12:58:07     all    3.79    0.00    0.28    0.00    0.00    0.00    0.00    0.00    0.00   95.93
12:58:08     all    1.53    0.00    0.15    0.00    0.00    0.00    0.00    0.00    0.00   98.32
12:58:09     all    3.76    0.00    0.35    0.00    0.00    0.00    0.00    0.00    0.00   95.89
12:58:10     all    1.75    0.00    0.18    0.00    0.00    0.00    0.00    0.00    0.00   98.07
12:58:11     all    3.56    0.00    0.18    0.00    0.00    0.00    0.00    0.00    0.00   96.26
12:58:12     all    3.15    0.00    0.21    0.00    0.00    0.00    0.00    0.00    0.00   96.64
12:58:13     all    2.31    0.00    0.31    0.00    0.00    0.00    0.00    0.00    0.00   97.39
12:58:14     all    3.54    0.00    0.28    0.00    0.00    0.01    0.00    0.00    0.00   96.17
12:58:15     all    1.74    0.00    0.22    0.00    0.00    0.00    0.00    0.00    0.00   98.04
12:58:16     all    3.56    0.00    0.28    0.00    0.00    0.00    0.00    0.00    0.00   96.17
12:58:17     all    1.46    0.00    0.15    0.00    0.00    0.00    0.00    0.00    0.00   98.39
12:58:18     all    4.13    0.00    0.31    0.00    0.00    0.00    0.00    0.00    0.00   95.57
12:58:19     all    1.94    0.00    0.18    0.00    0.00    0.00    0.00    0.00    0.00   97.87
12:58:20     all    3.60    0.00    0.31    0.00    0.00    0.00    0.00    0.00    0.00   96.10
12:58:21     all    1.63    0.00    0.15    0.00    0.00    0.00    0.00    0.00    0.00   98.22
12:58:22     all    3.76    0.00    0.36    0.00    0.00    0.00    0.00    0.00    0.00   95.87
12:58:23     all    1.44    0.00    0.11    0.00    0.00    0.00    0.00    0.00    0.00   98.44
12:58:24     all    3.77    0.00    0.31    0.00    0.00    0.00    0.00    0.00    0.00   95.92
12:58:25     all    1.72    0.00    0.19    0.00    0.00    0.00    0.00    0.00    0.00   98.08
12:58:26     all    3.64    0.00    0.24    0.00    0.00    0.00    0.00    0.00    0.00   96.13
12:58:27     all    1.67    0.00    0.17    0.00    0.00    0.00    0.00    0.00    0.00   98.17
12:58:28     all    3.77    0.00    0.21    0.00    0.00    0.00    0.00    0.00    0.00   96.02
12:58:29     all    3.25    0.00    0.15    0.00    0.00    0.00    0.00    0.00    0.00   96.60
12:58:30     all    2.04    0.00    0.40    0.00    0.00    0.00    0.00    0.00    0.00   97.55
12:58:31     all    3.95    0.00    0.32    0.00    0.00    0.00    0.00    0.00    0.00   95.73
12:58:32     all    1.44    0.00    0.22    0.00    0.00    0.00    0.00    0.00    0.00   98.33
12:58:33     all    3.95    0.00    0.40    0.00    0.00    0.00    0.00    0.00    0.00   95.65
12:58:34     all    1.64    0.00    0.13    0.00    0.00    0.00    0.00    0.00    0.00   98.24
12:58:35     all    3.56    0.00    0.26    0.00    0.00    0.00    0.00    0.00    0.00   96.18
12:58:36     all    1.65    0.01    0.18    0.00    0.00    0.00    0.00    0.00    0.00   98.15
12:58:37     all    3.75    0.00    0.21    0.00    0.00    0.00    0.00    0.00    0.00   96.04
12:58:38     all    1.47    0.00    0.22    0.00    0.00    0.00    0.00    0.00    0.00   98.31
12:58:39     all    3.92    0.00    0.28    0.00    0.00    0.00    0.00    0.00    0.00   95.80
12:58:40     all    1.75    0.00    0.17    0.00    0.00    0.00    0.00    0.00    0.00   98.08
12:58:41     all    4.04    0.00    0.39    0.00    0.00    0.01    0.00    0.00    0.00   95.55
12:58:42     all    3.09    0.00    0.25    0.00    0.00    0.00    0.00    0.00    0.00   96.66
12:58:43     all    2.83    0.00    0.40    0.00    0.00    0.00    0.00    0.00    0.00   96.76
12:58:44     all    3.53    0.00    0.22    0.00    0.00    0.00    0.00    0.00    0.00   96.24
12:58:45     all    1.68    0.00    0.21    0.00    0.00    0.00    0.00    0.00    0.00   98.11
12:58:46     all    3.72    0.00    0.29    0.00    0.00    0.00    0.00    0.00    0.00   95.99
12:58:47     all    1.49    0.00    0.14    0.00    0.00    0.00    0.00    0.00    0.00   98.37
12:58:48     all    3.70    0.00    0.28    0.00    0.00    0.00    0.00    0.00    0.00   96.02
12:58:49     all    1.75    0.00    0.38    0.00    0.00    0.00    0.00    0.00    0.00   97.87
12:58:50     all    3.50    0.00    0.36    0.00    0.00    0.00    0.00    0.00    0.00   96.14
12:58:51     all    1.67    0.00    0.13    0.00    0.00    0.00    0.00    0.00    0.00   98.21
12:58:52     all    3.96    0.00    0.25    0.00    0.00    0.00    0.00    0.00    0.00   95.79
12:58:53     all    3.50    0.00    0.25    0.00    0.00    0.00    0.00    0.00    0.00   96.25
12:58:54     all    1.74    0.00    0.26    0.00    0.00    0.00    0.00    0.00    0.00   98.00
12:58:55     all    4.33    0.00    0.47    0.00    0.00    0.01    0.00    0.00    0.00   95.18
12:58:56     all    1.42    0.00    0.17    0.00    0.00    0.00    0.00    0.00    0.00   98.42
12:58:57     all    3.68    0.00    0.28    0.00    0.00    0.00    0.00    0.00    0.00   96.04
12:58:58     all    1.64    0.00    0.10    0.00    0.00    0.00    0.00    0.00    0.00   98.26
12:58:59     all    3.53    0.00    0.29    0.00    0.00    0.00    0.00    0.00    0.00   96.18
12:59:00     all    1.68    0.00    0.10    0.00    0.00    0.00    0.00    0.00    0.00   98.22
12:59:01     all    3.87    0.00    0.29    0.00    0.00    0.00    0.00    0.00    0.00   95.84
12:59:02     all    1.44    0.00    0.18    0.00    0.00    0.00    0.00    0.00    0.00   98.37
12:59:03     all    4.50    0.00    0.47    0.00    0.00    0.00    0.00    0.00    0.00   95.02
12:59:04     all    3.96    0.00    0.25    0.00    0.00    0.01    0.00    0.00    0.00   95.78
12:59:05     all    1.61    0.00    0.49    0.00    0.00    0.00    0.00    0.00    0.00   97.90
12:59:06     all    3.83    0.00    0.35    0.00    0.00    0.00    0.00    0.00    0.00   95.82
12:59:07     all    1.68    0.00    0.11    0.00    0.00    0.00    0.00    0.00    0.00   98.21
12:59:08     all    3.71    0.00    0.39    0.00    0.00    0.00    0.00    0.00    0.00   95.91
12:59:09     all    1.65    0.00    0.15    0.00    0.00    0.00    0.00    0.00    0.00   98.19
12:59:10     all    3.78    0.00    0.24    0.00    0.00    0.00    0.00    0.00    0.00   95.99
12:59:11     all    1.60    0.00    0.44    0.01    0.00    0.00    0.00    0.00    0.00   97.94
12:59:12     all    3.82    0.00    0.31    0.00    0.00    0.00    0.00    0.00    0.00   95.87
12:59:13     all    1.64    0.00    0.15    0.00    0.00    0.00    0.00    0.00    0.00   98.21
12:59:14     all    3.65    0.00    0.37    0.00    0.00    0.00    0.00    0.00    0.00   95.98
12:59:15     all    3.17    0.00    0.14    0.00    0.00    0.01    0.00    0.00    0.00   96.68
12:59:16     all    2.54    0.00    0.31    0.00    0.00    0.00    0.00    0.00    0.00   97.15
12:59:17     all    3.64    0.00    0.35    0.00    0.00    0.00    0.00    0.00    0.00   96.02
12:59:18     all    1.65    0.00    0.08    0.00    0.00    0.00    0.00    0.00    0.00   98.26
12:59:19     all    3.78    0.00    0.22    0.00    0.00    0.00    0.00    0.00    0.00   96.00
12:59:20     all    1.42    0.00    0.11    0.00    0.00    0.00    0.00    0.00    0.00   98.47
12:59:21     all    3.89    0.00    0.35    0.00    0.00    0.00    0.00    0.00    0.00   95.77
12:59:22     all    1.67    0.00    0.14    0.00    0.00    0.00    0.00    0.00    0.00   98.19
12:59:23     all    3.48    0.00    0.21    0.00    0.00    0.00    0.00    0.00    0.00   96.32
12:59:24     all    1.74    0.00    0.15    0.00    0.00    0.00    0.00    0.00    0.00   98.11
12:59:25     all    4.32    0.00    0.35    0.00    0.00    0.01    0.00    0.00    0.00   95.31
12:59:26     all    3.65    0.00    0.28    0.00    0.00    0.00    0.00    0.00    0.00   96.07
12:59:27     all    1.89    0.00    0.36    0.00    0.00    0.00    0.00    0.00    0.00   97.75
12:59:28     all    3.80    0.00    0.36    0.00    0.00    0.00    0.00    0.00    0.00   95.84
12:59:29     all    1.46    0.00    0.14    0.00    0.00    0.00    0.00    0.00    0.00   98.40
12:59:30     all    3.75    0.00    0.25    0.00    0.00    0.00    0.00    0.00    0.00   96.00
12:59:31     all    1.72    0.00    0.14    0.00    0.00    0.00    0.00    0.00    0.00   98.14
12:59:32     all    3.47    0.00    0.32    0.00    0.00    0.00    0.00    0.00    0.00   96.21
12:59:33     all    1.65    0.00    0.15    0.00    0.00    0.00    0.00    0.00    0.00   98.19
12:59:34     all    3.81    0.00    0.28    0.00    0.00    0.00    0.00    0.00    0.00   95.91
12:59:35     all    1.46    0.00    0.18    0.00    0.00    0.00    0.00    0.00    0.00   98.36
12:59:36     all    3.82    0.00    0.33    0.00    0.00    0.00    0.00    0.00    0.00   95.85
12:59:37     all    3.99    0.00    0.57    0.00    0.00    0.00    0.00    0.00    0.00   95.44
12:59:38     all    1.43    0.00    0.07    0.00    0.00    0.00    0.00    0.00    0.00   98.50
12:59:39     all    3.85    0.00    0.25    0.00    0.00    0.00    0.00    0.00    0.00   95.90
12:59:40     all    1.64    0.00    0.10    0.00    0.00    0.00    0.00    0.00    0.00   98.26
12:59:41     all    3.64    0.00    0.36    0.00    0.00    0.00    0.00    0.00    0.00   96.00
12:59:42     all    1.63    0.00    0.15    0.00    0.00    0.00    0.00    0.00    0.00   98.22
12:59:43     all    3.91    0.00    0.28    0.00    0.00    0.00    0.00    0.00    0.00   95.81
12:59:44     all    3.64    0.00    0.25    0.00    0.00    0.00    0.00    0.00    0.00   96.11
12:59:45     all    2.03    0.00    0.29    0.00    0.00    0.00    0.00    0.00    0.00   97.68
12:59:46     all    4.00    0.00    0.42    0.00    0.00    0.00    0.00    0.00    0.00   95.59
12:59:47     all    1.56    0.00    0.18    0.00    0.00    0.00    0.00    0.00    0.00   98.26
12:59:48     all    3.96    0.00    0.33    0.00    0.00    0.00    0.00    0.00    0.00   95.70
12:59:49     all    1.64    0.00    0.10    0.00    0.00    0.00    0.00    0.00    0.00   98.26
12:59:50     all    3.54    0.00    0.33    0.00    0.00    0.00    0.00    0.00    0.00   96.13
12:59:51     all    3.93    0.00    1.28    0.00    0.00    0.00    0.00    0.00    0.00   94.79
12:59:52     all    2.54    0.00    0.33    0.00    0.00    0.00    0.00    0.00    0.00   97.13
12:59:53     all    3.64    0.00    0.28    0.00    0.00    0.00    0.00    0.00    0.00   96.08
12:59:54     all    1.65    0.00    0.15    0.00    0.00    0.00    0.00    0.00    0.00   98.19
12:59:55     all    4.03    0.00    1.64    0.00    0.00    0.03    0.00    0.00    0.00   94.30
12:59:56     all    1.52    0.00    0.17    0.00    0.00    0.00    0.00    0.00    0.00   98.32
12:59:57     all    4.22    0.00    0.40    0.00    0.00    0.00    0.00    0.00    0.00   95.37
12:59:58     all    1.63    0.00    0.10    0.00    0.00    0.00    0.00    0.00    0.00   98.28
12:59:59     all    3.42    0.00    0.18    0.00    0.00    0.00    0.00    0.00    0.00   96.40
13:00:00     all    3.70    0.00    0.21    0.00    0.00    0.00    0.00    0.00    0.00   96.10
13:00:01     all    2.53    0.00    0.83    0.00    0.00    0.00    0.00    0.00    0.00   96.64
13:00:02     all    4.31    0.00    0.74    0.00    0.00    0.00    0.00    0.00    0.00   94.95
13:00:03     all    1.79    0.00    0.18    0.00    0.00    0.00    0.00    0.00    0.00   98.03
13:00:04     all    3.68    0.00    0.29    0.00    0.00    0.00    0.00    0.00    0.00   96.03
13:00:05     all    1.44    0.00    0.14    0.00    0.00    0.00    0.00    0.00    0.00   98.42
13:00:06     all    3.85    0.00    0.36    0.00    0.00    0.00    0.00    0.00    0.00   95.79
13:00:07     all    1.76    0.00    0.21    0.00    0.00    0.00    0.00    0.00    0.00   98.03
13:00:08     all    3.66    0.00    0.25    0.00    0.00    0.00    0.00    0.00    0.00   96.09
13:00:09     all    1.70    0.00    0.15    0.00    0.00    0.00    0.00    0.00    0.00   98.15
13:00:10     all    4.21    0.00    0.42    0.00    0.00    0.00    0.00    0.00    0.00   95.37
13:00:11     all    1.46    0.00    0.15    0.03    0.00    0.00    0.00    0.00    0.00   98.36
13:00:12     all    3.92    0.00    0.42    0.00    0.00    0.00    0.00    0.00    0.00   95.67
13:00:13     all    3.85    0.00    0.28    0.00    0.00    0.00    0.00    0.00    0.00   95.87
13:00:14     all    1.39    0.00    0.13    0.00    0.00    0.00    0.00    0.00    0.00   98.48
13:00:15     all    3.77    0.00    0.19    0.00    0.00    0.00    0.00    0.00    0.00   96.04
13:00:16     all    1.65    0.00    0.18    0.00    0.00    0.00    0.00    0.00    0.00   98.17
13:00:17     all    3.54    0.00    0.42    0.00    0.00    0.00    0.00    0.00    0.00   96.04
13:00:18     all    1.70    0.00    0.14    0.00    0.00    0.00    0.00    0.00    0.00   98.16
13:00:19     all    3.68    0.00    0.22    0.00    0.00    0.00    0.00    0.00    0.00   96.09
13:00:20     all    1.49    0.00    0.07    0.00    0.00    0.00    0.00    0.00    0.00   98.44
13:00:21     all    3.66    0.00    0.28    0.00    0.00    0.00    0.00    0.00    0.00   96.06
13:00:22     all    3.95    0.00    0.36    0.00    0.00    0.00    0.00    0.00    0.00   95.69
13:00:23     all    1.40    0.00    0.13    0.00    0.00    0.00    0.00    0.00    0.00   98.47
13:00:24     all    3.86    0.00    0.28    0.00    0.00    0.00    0.00    0.00    0.00   95.86
13:00:25     all    1.71    0.00    0.18    0.00    0.00    0.00    0.00    0.00    0.00   98.11
13:00:26     all    3.61    0.00    0.32    0.00    0.00    0.00    0.00    0.00    0.00   96.07
13:00:27     all    1.72    0.00    0.28    0.00    0.00    0.00    0.00    0.00    0.00   98.00
13:00:28     all    3.78    0.00    0.40    0.00    0.00    0.00    0.00    0.00    0.00   95.82
13:00:29     all    1.45    0.00    0.28    0.00    0.00    0.00    0.00    0.00    0.00   98.28
13:00:30     all    3.92    0.00    0.19    0.00    0.00    0.00    0.00    0.00    0.00   95.89
13:00:31     all    1.65    0.00    0.15    0.00    0.00    0.00    0.00    0.00    0.00   98.19
13:00:32     all    4.11    0.00    0.57    0.00    0.00    0.00    0.00    0.00    0.00   95.32
13:00:33     all    3.64    0.00    0.22    0.00    0.00    0.01    0.00    0.00    0.00   96.12
13:00:34     all    1.64    0.00    0.15    0.00    0.00    0.00    0.00    0.00    0.00   98.21
13:00:35     all    3.68    0.00    0.32    0.00    0.00    0.00    0.00    0.00    0.00   96.00
13:00:36     all    1.82    0.00    0.19    0.00    0.00    0.00    0.00    0.00    0.00   97.98
13:00:37     all    3.84    0.00    0.36    0.00    0.00    0.00    0.00    0.00    0.00   95.80
13:00:38     all    1.40    0.00    0.13    0.00    0.00    0.00    0.00    0.00    0.00   98.47
13:00:39     all    4.05    0.00    0.25    0.00    0.00    0.00    0.00    0.00    0.00   95.70
13:00:40     all    1.77    0.00    0.17    0.00    0.00    0.00    0.00    0.00    0.00   98.07
13:00:41     all    3.77    0.00    0.53    0.00    0.00    0.00    0.00    0.00    0.00   95.70
13:00:42     all    1.74    0.00    0.18    0.00    0.00    0.01    0.00    0.00    0.00   98.07
13:00:43     all    3.59    0.00    0.33    0.00    0.00    0.00    0.00    0.00    0.00   96.07
13:00:44     all    1.57    0.00    0.11    0.00    0.00    0.00    0.00    0.00    0.00   98.32
13:00:45     all    3.68    0.00    0.28    0.00    0.00    0.00    0.00    0.00    0.00   96.04
13:00:46     all    3.72    0.00    0.26    0.00    0.00    0.00    0.00    0.00    0.00   96.01
13:00:47     all    1.99    0.00    0.32    0.00    0.00    0.00    0.00    0.00    0.00   97.69
13:00:48     all    3.96    0.00    0.32    0.00    0.00    0.00    0.00    0.00    0.00   95.72
13:00:49     all    1.64    0.00    0.18    0.00    0.00    0.00    0.00    0.00    0.00   98.18
13:00:50     all    3.66    0.00    0.32    0.00    0.00    0.00    0.00    0.00    0.00   96.02
13:00:51     all    1.65    0.00    0.10    0.00    0.00    0.00    0.00    0.00    0.00   98.25
13:00:52     all    3.78    0.00    0.32    0.00    0.00    0.00    0.00    0.00    0.00   95.90
13:00:53     all    1.56    0.00    0.21    0.00    0.00    0.00    0.00    0.00    0.00   98.23
13:00:54     all    4.10    0.00    0.32    0.00    0.00    0.00    0.00    0.00    0.00   95.58
13:00:55     all    1.96    0.00    0.28    0.00    0.00    0.00    0.00    0.00    0.00   97.76
13:00:56     all    3.61    0.00    0.22    0.00    0.00    0.00    0.00    0.00    0.00   96.17
13:00:57     all    1.67    0.00    0.14    0.00    0.00    0.00    0.00    0.00    0.00   98.19
13:00:58     all    3.94    0.00    0.36    0.00    0.00    0.00    0.00    0.00    0.00   95.70
13:00:59     all    3.82    0.00    0.29    0.00    0.00    0.00    0.00    0.00    0.00   95.89
13:01:00     all    1.85    0.00    0.24    0.00    0.00    0.00    0.00    0.00    0.00   97.92
13:01:01     all    3.76    0.00    0.21    0.00    0.00    0.00    0.00    0.00    0.00   96.04
13:01:02     all    1.46    0.00    0.15    0.01    0.00    0.00    0.00    0.00    0.00   98.38
13:01:03     all    4.00    0.01    0.31    0.00    0.00    0.00    0.00    0.00    0.00   95.68
13:01:04     all    1.67    0.00    0.18    0.00    0.00    0.00    0.00    0.00    0.00   98.15
13:01:05     all    3.60    0.00    0.22    0.00    0.00    0.00    0.00    0.00    0.00   96.18
13:01:06     all    1.63    0.00    0.14    0.00    0.00    0.00    0.00    0.00    0.00   98.23
13:01:07     all    3.70    0.00    0.28    0.00    0.00    0.00    0.00    0.00    0.00   96.02
13:01:08     all    1.54    0.00    0.29    0.00    0.00    0.00    0.00    0.00    0.00   98.17
13:01:09     all    3.61    0.00    0.28    0.00    0.00    0.01    0.00    0.00    0.00   96.10
13:01:10     all    1.71    0.00    0.15    0.00    0.00    0.00    0.00    0.00    0.00   98.14
13:01:11     all    3.50    0.00    0.29    0.01    0.00    0.00    0.00    0.00    0.00   96.20
13:01:12     all    1.72    0.00    0.19    0.00    0.00    0.00    0.00    0.00    0.00   98.08
13:01:13     all    4.06    0.00    0.67    0.00    0.00    0.00    0.00    0.00    0.00   95.27
13:01:14     all    3.61    0.00    0.26    0.00    0.00    0.00    0.00    0.00    0.00   96.12
13:01:15     all    1.65    0.00    0.11    0.00    0.00    0.00    0.00    0.00    0.00   98.24
13:01:16     all    3.82    0.00    0.33    0.00    0.00    0.00    0.00    0.00    0.00   95.85
13:01:17     all    1.90    0.00    0.21    0.00    0.00    0.00    0.00    0.00    0.00   97.89
13:01:18     all    3.63    0.00    0.32    0.00    0.00    0.00    0.00    0.00    0.00   96.05
13:01:19     all    1.75    0.00    0.13    0.00    0.00    0.00    0.00    0.00    0.00   98.12
13:01:20     all    3.57    0.00    0.25    0.00    0.00    0.00    0.00    0.00    0.00   96.18
13:01:21     all    1.67    0.00    0.11    0.00    0.00    0.00    0.00    0.00    0.00   98.22
13:01:22     all    3.45    0.00    0.29    0.00    0.00    0.00    0.00    0.00    0.00   96.26
13:01:23     all    3.64    0.00    0.29    0.00    0.00    0.00    0.00    0.00    0.00   96.07
13:01:24     all    1.61    0.00    0.19    0.00    0.00    0.00    0.00    0.00    0.00   98.20
13:01:25     all    3.82    0.00    0.28    0.00    0.00    0.00    0.00    0.00    0.00   95.90
13:01:26     all    1.38    0.00    0.13    0.00    0.00    0.00    0.00    0.00    0.00   98.50
13:01:27     all    3.92    0.00    0.25    0.00    0.00    0.00    0.00    0.00    0.00   95.83
13:01:28     all    1.81    0.00    0.22    0.00    0.00    0.00    0.00    0.00    0.00   97.97
13:01:29     all    3.75    0.00    0.53    0.00    0.00    0.00    0.00    0.00    0.00   95.72
13:01:30     all    1.63    0.00    0.14    0.00    0.00    0.00    0.00    0.00    0.00   98.24
13:01:31     all    3.74    0.00    0.26    0.00    0.00    0.00    0.00    0.00    0.00   96.00
13:01:32     all    1.42    0.00    0.11    0.00    0.00    0.00    0.00    0.00    0.00   98.47
13:01:33     all    3.90    0.00    0.46    0.00    0.00    0.00    0.00    0.00    0.00   95.64
13:01:34     all    1.71    0.00    0.18    0.00    0.00    0.00    0.00    0.00    0.00   98.11
13:01:35     all    3.50    0.00    0.19    0.00    0.00    0.00    0.00    0.00    0.00   96.30
13:01:36     all    1.60    0.00    0.15    0.00    0.00    0.00    0.00    0.00    0.00   98.25
13:01:37     all    3.93    0.00    0.36    0.00    0.00    0.00    0.00    0.00    0.00   95.71
13:01:38     all    1.49    0.00    0.15    0.00    0.00    0.00    0.00    0.00    0.00   98.36
13:01:39     all    4.43    0.00    0.43    0.00    0.00    0.00    0.00    0.00    0.00   95.14
13:01:40     all    1.64    0.00    0.13    0.00    0.00    0.00    0.00    0.00    0.00   98.24
13:01:41     all    3.51    0.00    0.26    0.00    0.00    0.00    0.00    0.00    0.00   96.22
13:01:42     all    3.11    0.00    0.13    0.00    0.00    0.00    0.00    0.00    0.00   96.76
13:01:43     all    2.36    0.00    0.25    0.00    0.00    0.00    0.00    0.00    0.00   97.39
13:01:44     all    3.75    0.00    0.46    0.00    0.00    0.00    0.00    0.00    0.00   95.79
13:01:45     all    1.82    0.00    0.40    0.00    0.00    0.00    0.00    0.00    0.00   97.78
13:01:46     all    3.92    0.00    0.50    0.00    0.00    0.00    0.00    0.00    0.00   95.58
13:01:47     all    1.44    0.00    0.17    0.00    0.00    0.00    0.00    0.00    0.00   98.39
13:01:48     all    3.83    0.00    0.26    0.00    0.00    0.00    0.00    0.00    0.00   95.91
13:01:49     all    1.95    0.00    0.28    0.00    0.00    0.00    0.00    0.00    0.00   97.78
13:01:50     all    3.72    0.00    0.32    0.00    0.00    0.00    0.00    0.00    0.00   95.96
13:01:51     all    1.67    0.00    0.15    0.00    0.00    0.00    0.00    0.00    0.00   98.18
13:01:52     all    3.74    0.00    0.26    0.00    0.00    0.00    0.00    0.00    0.00   96.00
13:01:53     all    1.43    0.00    0.11    0.00    0.00    0.00    0.00    0.00    0.00   98.46
13:01:54     all    3.96    0.00    0.49    0.00    0.00    0.00    0.00    0.00    0.00   95.56
13:01:55     all    1.65    0.00    0.15    0.00    0.00    0.00    0.00    0.00    0.00   98.19
13:01:56     all    3.68    0.00    0.31    0.00    0.00    0.00    0.00    0.00    0.00   96.01
13:01:57     all    3.81    0.00    0.26    0.00    0.00    0.00    0.00    0.00    0.00   95.93
13:01:58     all    1.68    0.00    0.19    0.00    0.00    0.00    0.00    0.00    0.00   98.12
13:01:59     all    3.50    0.00    0.31    0.00    0.00    0.00    0.00    0.00    0.00   96.19
13:02:00     all    1.74    0.00    0.18    0.00    0.00    0.00    0.00    0.00    0.00   98.08
13:02:01     all    4.41    0.00    0.29    0.00    0.00    0.00    0.00    0.00    0.00   95.29
13:02:02     all    2.01    0.00    0.32    0.00    0.00    0.00    0.00    0.00    0.00   97.67
13:02:03     all    3.87    0.00    0.38    0.00    0.00    0.00    0.00    0.00    0.00   95.76
13:02:04     all    1.69    0.00    0.19    0.00    0.00    0.00    0.00    0.00    0.00   98.11
13:02:05     all    3.53    0.00    0.26    0.00    0.00    0.00    0.00    0.00    0.00   96.21
13:02:06     all    1.63    0.00    0.11    0.00    0.00    0.00    0.00    0.00    0.00   98.26
13:02:07     all    3.82    0.00    0.40    0.00    0.00    0.00    0.00    0.00    0.00   95.78
13:02:08     all    1.43    0.00    0.11    0.00    0.00    0.00    0.00    0.00    0.00   98.46
13:02:09     all    3.89    0.00    0.36    0.00    0.00    0.00    0.00    0.00    0.00   95.75
13:02:10     all    1.61    0.00    0.11    0.00    0.00    0.00    0.00    0.00    0.00   98.28
13:02:11     all    3.68    0.00    0.29    0.00    0.00    0.00    0.00    0.00    0.00   96.03
13:02:12     all    1.65    0.00    0.18    0.00    0.00    0.00    0.00    0.00    0.00   98.17
13:02:13     all   19.57    0.00    3.40    0.00    0.00    0.00    0.00    0.00    0.00   77.04
13:02:14     all   28.32    0.00    1.98    0.00    0.00    0.00    0.00    0.00    0.00   69.70
13:02:15     all   25.33    0.00    1.49    0.00    0.00    0.00    0.00    0.00    0.00   73.18
13:02:16     all   22.67    0.00    3.88    0.00    0.00    0.00    0.00    0.00    0.00   73.45
13:02:17     all   28.33    0.00    2.50    0.00    0.00    0.01    0.00    0.00    0.00   69.15
13:02:18     all   22.47    0.00    2.72    0.00    0.00    0.00    0.00    0.00    0.00   74.81
13:02:19     all   23.24    0.00    1.69    0.00    0.00    0.00    0.00    0.00    0.00   75.08
13:02:20     all   19.41    0.00    1.89    0.00    0.00    0.00    0.00    0.00    0.00   78.70
13:02:21     all   22.53    0.00    1.61    0.00    0.00    0.00    0.00    0.00    0.00   75.86
13:02:22     all   18.75    0.00    0.96    0.01    0.00    0.00    0.00    0.00    0.00   80.28
13:02:23     all   18.12    0.01    1.20    0.00    0.00    0.00    0.00    0.00    0.00   80.67
13:02:24     all   16.12    0.00    0.82    0.00    0.00    0.00    0.00    0.00    0.00   83.06
13:02:25     all   14.82    0.00    1.56    0.00    0.00    0.00    0.00    0.00    0.00   83.62
13:02:26     all   11.50    0.00    0.65    0.00    0.00    0.00    0.00    0.00    0.00   87.84
13:02:27     all   15.78    0.00    1.53    0.00    0.00    0.00    0.00    0.00    0.00   82.69
13:02:28     all   14.91    0.00    1.14    0.00    0.00    0.00    0.00    0.00    0.00   83.95
13:02:29     all   17.76    0.00    1.60    0.00    0.00    0.00    0.00    0.00    0.00   80.64
13:02:30     all   19.02    0.00    2.46    0.00    0.00    0.00    0.00    0.00    0.00   78.52
13:02:31     all   21.49    0.00    2.46    0.00    0.00    0.00    0.00    0.00    0.00   76.05
13:02:32     all   15.64    0.00    2.43    0.00    0.00    0.00    0.00    0.00    0.00   81.93
13:02:33     all   20.07    0.00    2.91    0.00    0.00    0.00    0.00    0.00    0.00   77.02
13:02:34     all   22.74    0.00    2.81    0.00    0.00    0.01    0.00    0.00    0.00   74.43
13:02:35     all   17.21    0.00    2.10    0.00    0.00    0.00    0.00    0.00    0.00   80.69
13:02:36     all   28.96    0.00    3.95    0.00    0.00    0.01    0.00    0.00    0.00   67.07
13:02:37     all   19.66    0.00    2.87    0.00    0.00    0.00    0.00    0.00    0.00   77.48
13:02:38     all   25.33    0.00    3.87    0.00    0.00    0.00    0.00    0.00    0.00   70.80
13:02:39     all   18.64    0.00    2.79    0.00    0.00    0.00    0.00    0.00    0.00   78.57
13:02:40     all   18.16    0.00    2.72    0.00    0.00    0.00    0.00    0.00    0.00   79.12
13:02:41     all   20.66    0.00    3.54    0.00    0.00    0.00    0.00    0.00    0.00   75.80
13:02:42     all   19.60    0.00    2.85    0.00    0.00    0.00    0.00    0.00    0.00   77.55
13:02:43     all   18.01    0.00    3.52    0.00    0.00    0.01    0.00    0.00    0.00   78.46
13:02:44     all   19.44    0.00    3.74    0.00    0.00    0.00    0.00    0.00    0.00   76.81
13:02:45     all   16.47    0.00    2.41    0.00    0.00    0.00    0.00    0.00    0.00   81.13
13:02:46     all   22.93    0.00    3.73    0.00    0.00    0.01    0.00    0.00    0.00   73.32
13:02:47     all   15.32    0.00    3.74    0.00    0.00    0.00    0.00    0.00    0.00   80.94
13:02:48     all   21.63    0.00    4.60    0.00    0.00    0.00    0.00    0.00    0.00   73.78
13:02:49     all   15.67    0.00    3.38    0.00    0.00    0.00    0.00    0.00    0.00   80.95
13:02:50     all   25.59    0.00    5.65    0.00    0.00    0.00    0.00    0.00    0.00   68.76
13:02:51     all   26.06    0.00    6.73    0.00    0.00    0.01    0.00    0.00    0.00   67.20
13:02:52     all   21.06    0.00    5.70    0.01    0.00    0.00    0.00    0.00    0.00   73.23
13:02:53     all   24.05    0.00    5.85    0.00    0.00    0.00    0.00    0.00    0.00   70.10
13:02:54     all   21.55    0.00    6.09    0.00    0.00    0.01    0.00    0.00    0.00   72.35
13:02:55     all   25.95    0.00    7.18    0.00    0.00    0.00    0.00    0.00    0.00   66.88
13:02:56     all   17.06    0.00    4.83    0.01    0.00    0.00    0.00    0.00    0.00   78.10
13:02:57     all   18.46    0.00    5.61    0.00    0.00    0.00    0.00    0.00    0.00   75.94
13:02:58     all   25.67    0.00    7.66    0.00    0.00    0.00    0.00    0.00    0.00   66.67
13:02:59     all   19.79    0.00    6.91    0.00    0.00    0.00    0.00    0.00    0.00   73.31
13:03:00     all   25.25    0.00    7.00    0.00    0.00    0.00    0.00    0.00    0.00   67.75
13:03:01     all   28.98    0.00   10.17    0.00    0.00    0.00    0.00    0.00    0.00   60.85
13:03:02     all   24.79    0.00   10.57    0.00    0.00    0.00    0.00    0.00    0.00   64.64
13:03:03     all   25.13    0.00   10.70    0.00    0.00    0.00    0.00    0.00    0.00   64.17
13:03:04     all   21.03    0.00    8.91    0.00    0.00    0.00    0.00    0.00    0.00   70.05
13:03:05     all   32.62    0.00   12.72    0.00    0.00    0.01    0.00    0.00    0.00   54.65
13:03:06     all   21.33    0.00    9.41    0.00    0.00    0.00    0.00    0.00    0.00   69.26
13:03:07     all   31.59    0.00   13.47    0.00    0.00    0.00    0.00    0.00    0.00   54.94
13:03:08     all   22.79    0.00   10.61    0.00    0.00    0.00    0.00    0.00    0.00   66.60
13:03:09     all   28.61    0.00   13.12    0.00    0.00    0.00    0.00    0.00    0.00   58.27
13:03:10     all   27.82    0.01   12.59    0.00    0.00    0.00    0.00    0.00    0.00   59.58
13:03:11     all   26.65    0.00   12.75    0.00    0.00    0.03    0.00    0.00    0.00   60.57
13:03:12     all   24.74    0.00   14.48    0.00    0.00    0.01    0.00    0.00    0.00   60.76
13:03:13     all   23.43    0.00   11.92    0.00    0.00    0.00    0.00    0.00    0.00   64.65
13:03:14     all   30.50    0.00   12.88    0.00    0.00    0.01    0.00    0.00    0.00   56.60
13:03:15     all   26.07    0.00   13.52    0.00    0.00    0.00    0.00    0.00    0.00   60.41
13:03:16     all   29.41    0.00   14.62    0.00    0.00    0.00    0.00    0.00    0.00   55.97
13:03:17     all   28.08    0.00   14.93    0.00    0.00    0.00    0.00    0.00    0.00   56.99
13:03:18     all   24.33    0.00   12.09    0.00    0.00    0.00    0.00    0.00    0.00   63.58
13:03:19     all   30.95    0.00   13.66    0.00    0.00    0.01    0.00    0.00    0.00   55.38
13:03:20     all   27.24    0.00   12.84    0.00    0.00    0.01    0.00    0.00    0.00   59.91
13:03:21     all   24.21    0.00   10.81    0.00    0.00    0.00    0.00    0.00    0.00   64.98
13:03:22     all   28.61    0.00   16.35    0.00    0.00    0.00    0.00    0.00    0.00   55.04
13:03:23     all   23.87    0.00   14.95    0.00    0.00    0.00    0.00    0.00    0.00   61.18
13:03:24     all   27.44    0.00   15.89    0.01    0.00    0.00    0.00    0.00    0.00   56.66
13:03:25     all   30.42    0.00   19.67    0.00    0.00    0.01    0.00    0.00    0.00   49.90
13:03:26     all   25.90    0.00   20.06    0.00    0.00    0.00    0.00    0.00    0.00   54.04
13:03:27     all   30.01    0.00   19.62    0.00    0.00    0.00    0.00    0.00    0.00   50.36
13:03:28     all   30.12    0.00   16.78    0.00    0.00    0.00    0.00    0.00    0.00   53.09
13:03:29     all   28.22    0.00   16.44    0.00    0.00    0.00    0.00    0.00    0.00   55.35
13:03:30     all   30.92    0.00   18.83    0.00    0.00    0.01    0.00    0.00    0.00   50.24
13:03:31     all   27.54    0.00   22.08    0.00    0.00    0.00    0.00    0.00    0.00   50.38
13:03:32     all   26.60    0.00   19.80    0.00    0.00    0.00    0.00    0.00    0.00   53.60
13:03:33     all   30.80    0.00   18.90    0.00    0.00    0.03    0.00    0.00    0.00   50.26
13:03:34     all   28.04    0.00   17.75    0.00    0.00    0.00    0.00    0.00    0.00   54.21
13:03:35     all   30.81    0.00   18.51    0.00    0.00    0.00    0.00    0.00    0.00   50.68
13:03:36     all   26.55    0.00   15.74    0.00    0.00    0.00    0.00    0.00    0.00   57.71
13:03:37     all   27.45    0.00   18.92    0.00    0.00    0.00    0.00    0.00    0.00   53.63
13:03:38     all   30.71    0.00   19.72    0.00    0.00    0.00    0.00    0.00    0.00   49.58
13:03:39     all   24.05    0.00   17.59    0.00    0.00    0.00    0.00    0.00    0.00   58.37
13:03:40     all   29.45    0.00   19.88    0.00    0.00    0.01    0.00    0.00    0.00   50.66
13:03:41     all   30.69    0.00   18.86    0.00    0.00    0.00    0.00    0.00    0.00   50.45
13:03:42     all   23.72    0.00   18.04    0.00    0.00    0.00    0.00    0.00    0.00   58.23
13:03:43     all   29.18    0.00   20.61    0.00    0.00    0.00    0.00    0.00    0.00   50.22
13:03:44     all   28.79    0.00   20.23    0.00    0.00    0.00    0.00    0.00    0.00   50.98
13:03:45     all   27.39    0.00   19.02    0.00    0.00    0.01    0.00    0.00    0.00   53.57
13:03:46     all   29.78    0.00   20.27    0.00    0.00    0.00    0.00    0.00    0.00   49.95
13:03:47     all   29.49    0.00   20.26    0.00    0.00    0.00    0.00    0.00    0.00   50.25
13:03:48     all   28.22    0.00   20.88    0.00    0.00    0.01    0.00    0.00    0.00   50.89
13:03:49     all   30.10    0.00   19.54    0.00    0.00    0.00    0.00    0.00    0.00   50.36
13:03:50     all   30.55    0.00   19.34    0.00    0.00    0.00    0.00    0.00    0.00   50.12
13:03:51     all   29.05    0.00   18.60    0.00    0.00    0.01    0.00    0.00    0.00   52.33
13:03:52     all   28.10    0.00   18.89    0.00    0.00    0.00    0.00    0.00    0.00   53.01
13:03:53     all   29.67    0.00   21.16    0.00    0.00    0.01    0.00    0.00    0.00   49.16
13:03:54     all   30.86    0.00   20.61    0.00    0.00    0.00    0.00    0.00    0.00   48.53
13:03:55     all   23.82    0.00   16.71    0.00    0.00    0.01    0.00    0.00    0.00   59.46
13:03:56     all   28.49    0.00   21.36    0.00    0.00    0.03    0.00    0.00    0.00   50.13
13:03:57     all   28.69    0.00   21.68    0.00    0.00    0.00    0.00    0.00    0.00   49.63
13:03:58     all   29.78    0.00   20.13    0.00    0.00    0.00    0.00    0.00    0.00   50.09
13:03:59     all   31.28    0.00   19.08    0.00    0.00    0.00    0.00    0.00    0.00   49.64
13:04:00     all   29.52    0.01   20.75    0.00    0.00    0.01    0.00    0.00    0.00   49.70
13:04:01     all   29.81    0.00   20.24    0.00    0.00    0.00    0.00    0.00    0.00   49.95
13:04:02     all   30.35    0.00   19.09    0.00    0.00    0.01    0.00    0.00    0.00   50.54
13:04:03     all   24.75    0.00   17.18    0.00    0.00    0.00    0.00    0.00    0.00   58.07
13:04:04     all   30.10    0.00   19.84    0.00    0.00    0.01    0.00    0.00    0.00   50.05
13:04:05     all   29.71    0.00   19.99    0.00    0.00    0.01    0.00    0.00    0.00   50.29
13:04:06     all   28.00    0.00   20.62    0.00    0.00    0.01    0.00    0.00    0.00   51.37
13:04:07     all   30.12    0.00   21.64    0.00    0.00    0.01    0.00    0.00    0.00   48.22
13:04:08     all   27.96    0.00   22.25    0.00    0.00    0.00    0.00    0.00    0.00   49.79
13:04:09     all   30.31    0.00   19.81    0.00    0.00    0.00    0.00    0.00    0.00   49.88
13:04:10     all   26.29    0.00   17.60    0.00    0.00    0.00    0.00    0.00    0.00   56.11
13:04:11     all   29.58    0.00   19.34    0.00    0.00    0.00    0.00    0.00    0.00   51.08
13:04:12     all   30.07    0.00   19.54    0.01    0.00    0.01    0.00    0.00    0.00   50.35
13:04:13     all   30.11    0.00   19.89    0.00    0.00    0.00    0.00    0.00    0.00   49.99
13:04:14     all   28.73    0.00   20.22    0.00    0.00    0.00    0.00    0.00    0.00   51.06
13:04:15     all   26.35    0.00   17.55    0.00    0.00    0.00    0.00    0.00    0.00   56.11
13:04:16     all   29.66    0.00   19.96    0.00    0.00    0.01    0.00    0.00    0.00   50.37
13:04:17     all   28.27    0.00   20.13    0.00    0.00    0.00    0.00    0.00    0.00   51.60
13:04:18     all   28.96    0.00   18.11    0.00    0.00    0.00    0.00    0.00    0.00   52.93
13:04:19     all   29.46    0.00   19.13    0.00    0.00    0.01    0.00    0.00    0.00   51.40
13:04:20     all   26.60    0.00   16.98    0.00    0.00    0.01    0.00    0.00    0.00   56.40
13:04:21     all   31.59    0.00   16.89    0.00    0.00    0.00    0.00    0.00    0.00   51.52
13:04:22     all   27.54    0.00   17.34    0.00    0.00    0.01    0.00    0.00    0.00   55.11
13:04:23     all   28.28    0.00   19.06    0.00    0.00    0.00    0.00    0.00    0.00   52.66
13:04:24     all   28.28    0.00   19.62    0.00    0.00    0.01    0.00    0.00    0.00   52.08
13:04:25     all   30.08    0.00   20.09    0.00    0.00    0.00    0.00    0.00    0.00   49.83
13:04:26     all   26.98    0.00   18.24    0.00    0.00    0.00    0.00    0.00    0.00   54.78
13:04:27     all   29.87    0.00   17.17    0.00    0.00    0.00    0.00    0.00    0.00   52.96
13:04:28     all   28.63    0.00   17.11    0.00    0.00    0.00    0.00    0.00    0.00   54.26
13:04:29     all   28.33    0.00   17.87    0.00    0.00    0.03    0.00    0.00    0.00   53.77
13:04:30     all   24.71    0.00   15.47    0.00    0.00    0.00    0.00    0.00    0.00   59.82
13:04:31     all   28.88    0.00   18.48    0.00    0.00    0.00    0.00    0.00    0.00   52.64
13:04:32     all   26.33    0.00   17.97    0.00    0.00    0.01    0.00    0.00    0.00   55.69
13:04:33     all   29.53    0.00   16.99    0.00    0.00    0.00    0.00    0.00    0.00   53.47
13:04:34     all   22.55    0.00   16.27    0.00    0.00    0.00    0.00    0.00    0.00   61.18
13:04:35     all   28.31    0.00   17.10    0.00    0.00    0.00    0.00    0.00    0.00   54.59
13:04:36     all   27.08    0.00   14.41    0.00    0.00    0.03    0.00    0.00    0.00   58.48
13:04:37     all   24.43    0.00   16.51    0.00    0.00    0.00    0.00    0.00    0.00   59.06
13:04:38     all   32.40    0.01   16.98    0.00    0.00    0.00    0.00    0.00    0.00   50.61
13:04:39     all   26.35    0.00   15.02    0.00    0.00    0.01    0.00    0.00    0.00   58.61
13:04:40     all   30.03    0.00   16.58    0.00    0.00    0.00    0.00    0.00    0.00   53.39
13:04:41     all   26.94    0.00   14.95    0.00    0.00    0.00    0.00    0.00    0.00   58.11
13:04:42     all   26.82    0.00   20.38    0.00    0.00    0.00    0.00    0.00    0.00   52.80
13:04:43     all   30.88    0.00   18.45    0.00    0.00    0.00    0.00    0.00    0.00   50.67
13:04:44     all   26.05    0.00   16.42    0.00    0.00    0.00    0.00    0.00    0.00   57.53
13:04:45     all   28.76    0.00   20.07    0.01    0.00    0.00    0.00    0.00    0.00   51.16
13:04:46     all   28.51    0.00   17.93    0.00    0.00    0.00    0.00    0.00    0.00   53.56
13:04:47     all   30.22    0.00   20.04    0.00    0.00    0.00    0.00    0.00    0.00   49.74
13:04:48     all   26.38    0.00   17.39    0.00    0.00    0.00    0.00    0.00    0.00   56.23
13:04:49     all   29.46    0.00   19.90    0.00    0.00    0.01    0.00    0.00    0.00   50.63
13:04:50     all   27.80    0.00   18.02    0.00    0.00    0.00    0.00    0.00    0.00   54.19
13:04:51     all   29.33    0.00   16.43    0.00    0.00    0.01    0.00    0.00    0.00   54.23
13:04:52     all   31.19    0.00   17.75    0.00    0.00    0.00    0.00    0.00    0.00   51.06
13:04:53     all   28.88    0.00   16.82    0.00    0.00    0.01    0.00    0.00    0.00   54.28
13:04:54     all   25.79    0.00   14.39    0.00    0.00    0.00    0.00    0.00    0.00   59.82
13:04:55     all   26.60    0.00   16.22    0.00    0.00    0.00    0.00    0.00    0.00   57.18
13:04:56     all   28.72    0.00   16.81    0.00    0.00    0.00    0.00    0.00    0.00   54.47
13:04:57     all   27.57    0.00   16.53    0.00    0.00    0.00    0.00    0.00    0.00   55.91
13:04:58     all   33.22    0.00   17.09    0.00    0.00    0.03    0.00    0.00    0.00   49.66
13:04:59     all   33.97    0.00   16.24    0.00    0.00    0.00    0.00    0.00    0.00   49.79
13:05:00     all   31.29    0.00   17.23    0.00    0.00    0.00    0.00    0.00    0.00   51.48
13:05:01     all   29.87    0.00   19.92    0.00    0.00    0.00    0.00    0.00    0.00   50.21
13:05:02     all   30.53    0.00   17.88    0.00    0.00    0.04    0.00    0.00    0.00   51.55
13:05:03     all   30.15    0.00   18.68    0.01    0.00    0.00    0.00    0.00    0.00   51.15
13:05:04     all   27.24    0.00   19.98    0.00    0.00    0.03    0.00    0.00    0.00   52.75
13:05:05     all   28.95    0.00   15.77    0.00    0.00    0.00    0.00    0.00    0.00   55.28
13:05:06     all   30.01    0.00   18.27    0.00    0.00    0.00    0.00    0.00    0.00   51.73
13:05:07     all   29.01    0.00   19.22    0.00    0.00    0.00    0.00    0.00    0.00   51.78
13:05:08     all   29.50    0.00   18.38    0.00    0.00    0.01    0.00    0.00    0.00   52.10
13:05:09     all   25.16    0.00   15.58    0.00    0.00    0.01    0.00    0.00    0.00   59.24
13:05:10     all   32.05    0.00   15.61    0.00    0.00    0.00    0.00    0.00    0.00   52.34
13:05:11     all   24.84    0.00   14.01    0.00    0.00    0.00    0.00    0.00    0.00   61.15
13:05:12     all   29.10    0.00   13.45    0.00    0.00    0.01    0.00    0.00    0.00   57.43
13:05:13     all   22.82    0.01   11.66    0.00    0.00    0.01    0.00    0.00    0.00   65.50
13:05:14     all   30.04    0.00   13.90    0.00    0.00    0.00    0.00    0.00    0.00   56.06
13:05:15     all   27.60    0.00   16.18    0.00    0.00    0.00    0.00    0.00    0.00   56.22
13:05:16     all   23.98    0.00   12.65    0.00    0.00    0.00    0.00    0.00    0.00   63.36
13:05:17     all   28.56    0.00   14.68    0.00    0.00    0.01    0.00    0.00    0.00   56.75
13:05:18     all   24.75    0.00   13.15    0.00    0.00    0.00    0.00    0.00    0.00   62.10
13:05:19     all   31.53    0.00   16.41    0.00    0.00    0.00    0.00    0.00    0.00   52.06
13:05:20     all   22.98    0.00   12.81    0.00    0.00    0.00    0.00    0.00    0.00   64.21
13:05:21     all   32.46    0.00   16.17    0.00    0.00    0.00    0.00    0.00    0.00   51.36
13:05:22     all   29.83    0.08   15.05    0.00    0.00    0.01    0.00    0.00    0.00   55.02
13:05:23     all   24.85    0.00   13.28    0.00    0.00    0.00    0.00    0.00    0.00   61.87
13:05:24     all   30.36    0.00   13.61    0.00    0.00    0.00    0.00    0.00    0.00   56.03
13:05:25     all   27.07    0.00   13.91    0.00    0.00    0.01    0.00    0.00    0.00   59.01
13:05:26     all   24.81    0.00   12.80    0.00    0.00    0.01    0.00    0.00    0.00   62.37
13:05:27     all   29.91    0.00   15.01    0.00    0.00    0.00    0.00    0.00    0.00   55.08
13:05:28     all   27.62    0.00   13.05    0.00    0.00    0.00    0.00    0.00    0.00   59.33
13:05:29     all   20.70    0.00   11.98    0.00    0.00    0.00    0.00    0.00    0.00   67.32
13:05:30     all   27.70    0.00   12.42    0.00    0.00    0.01    0.00    0.00    0.00   59.87
13:05:31     all   25.88    0.00   13.29    0.00    0.00    0.01    0.00    0.00    0.00   60.81
13:05:32     all   27.69    0.00   15.59    0.00    0.00    0.00    0.00    0.00    0.00   56.72
13:05:33     all   25.92    0.00   14.98    0.00    0.00    0.00    0.00    0.00    0.00   59.09
13:05:34     all   31.49    0.00   16.11    0.00    0.00    0.01    0.00    0.00    0.00   52.39
13:05:35     all   24.59    0.00   14.32    0.00    0.00    0.00    0.00    0.00    0.00   61.10
13:05:36     all   32.30    0.00   16.65    0.00    0.00    0.00    0.00    0.00    0.00   51.05
13:05:37     all   23.99    0.00   12.90    0.00    0.00    0.00    0.00    0.00    0.00   63.11
13:05:38     all   29.00    0.00   12.51    0.00    0.00    0.00    0.00    0.00    0.00   58.49
13:05:39     all   24.11    0.00   10.74    0.00    0.00    0.00    0.00    0.00    0.00   65.15
13:05:40     all   26.49    0.00   13.79    0.00    0.00    0.00    0.00    0.00    0.00   59.72
13:05:41     all   24.44    0.00   12.12    0.00    0.00    0.01    0.00    0.00    0.00   63.43
13:05:42     all   18.28    0.00    7.80    0.00    0.00    0.00    0.00    0.00    0.00   73.92
13:05:43     all   27.99    0.00   11.56    0.01    0.00    0.00    0.00    0.00    0.00   60.43
13:05:44     all   27.84    0.00   11.68    0.00    0.00    0.00    0.00    0.00    0.00   60.48
13:05:45     all   26.79    0.00   14.79    0.00    0.00    0.00    0.00    0.00    0.00   58.42
13:05:46     all   24.40    0.00   12.81    0.00    0.00    0.00    0.00    0.00    0.00   62.79
13:05:47     all   28.91    0.00   12.73    0.00    0.00    0.00    0.00    0.00    0.00   58.37
13:05:48     all   23.22    0.00   10.36    0.00    0.00    0.03    0.00    0.00    0.00   66.39
13:05:49     all   25.67    0.00    9.86    0.00    0.00    0.00    0.00    0.00    0.00   64.47
13:05:50     all   28.09    0.00   13.39    0.00    0.00    0.01    0.00    0.00    0.00   58.51
13:05:51     all   26.81    0.00   13.20    0.00    0.00    0.00    0.00    0.00    0.00   59.99
13:05:52     all   25.18    0.01   13.69    0.00    0.00    0.00    0.00    0.00    0.00   61.11
13:05:53     all   28.10    0.00   13.18    0.00    0.00    0.01    0.00    0.00    0.00   58.71
13:05:54     all   25.65    0.00   13.30    0.00    0.00    0.00    0.00    0.00    0.00   61.05
13:05:55     all   25.55    0.00   11.76    0.00    0.00    0.00    0.00    0.00    0.00   62.70
13:05:56     all   25.33    0.00   11.45    0.00    0.00    0.00    0.00    0.00    0.00   63.22
13:05:57     all   28.75    0.00   12.21    0.00    0.00    0.00    0.00    0.00    0.00   59.05
13:05:58     all   27.37    0.01   12.88    0.00    0.00    0.00    0.00    0.00    0.00   59.74
13:05:59     all   30.69    0.00   13.45    0.00    0.00    0.01    0.00    0.00    0.00   55.84
13:06:00     all   24.72    0.00   11.61    0.00    0.00    0.00    0.00    0.00    0.00   63.67
13:06:01     all   27.95    0.00   11.82    0.00    0.00    0.00    0.00    0.00    0.00   60.23
13:06:02     all   22.53    0.00   11.35    0.00    0.00    0.01    0.00    0.00    0.00   66.11
13:06:03     all   27.30    0.00   11.34    0.00    0.00    0.00    0.00    0.00    0.00   61.36
13:06:04     all   24.74    0.00   10.18    0.00    0.00    0.00    0.00    0.00    0.00   65.08
13:06:05     all   28.99    0.00   12.18    0.00    0.00    0.00    0.00    0.00    0.00   58.83
13:06:06     all   22.40    0.00   10.02    0.00    0.00    0.01    0.00    0.00    0.00   67.58
13:06:07     all   29.45    0.00   13.15    0.00    0.00    0.00    0.00    0.00    0.00   57.41
13:06:08     all   29.76    0.00   15.85    0.00    0.00    0.00    0.00    0.00    0.00   54.39
13:06:09     all   27.18    0.00   12.21    0.00    0.00    0.01    0.00    0.00    0.00   60.60
13:06:10     all   25.57    0.00   12.12    0.00    0.00    0.03    0.00    0.00    0.00   62.28
13:06:11     all   25.43    0.00   11.36    0.00    0.00    0.00    0.00    0.00    0.00   63.21
13:06:12     all   29.37    0.00   13.26    0.00    0.00    0.01    0.00    0.00    0.00   57.36
13:06:13     all   26.67    0.01   11.14    0.00    0.00    0.00    0.00    0.00    0.00   62.17
13:06:14     all   23.82    0.00   11.21    0.00    0.00    0.00    0.00    0.00    0.00   64.97
13:06:15     all   27.99    0.00   12.45    0.00    0.00    0.01    0.00    0.00    0.00   59.54
13:06:16     all   26.15    0.00    9.75    0.00    0.00    0.00    0.00    0.00    0.00   64.09
13:06:17     all   25.89    0.00   10.87    0.00    0.00    0.00    0.00    0.00    0.00   63.24
13:06:18     all   24.13    0.00   13.33    0.00    0.00    0.00    0.00    0.00    0.00   62.54
13:06:19     all   25.35    0.00   11.35    0.00    0.00    0.00    0.00    0.00    0.00   63.30
13:06:20     all   24.86    0.00   10.54    0.00    0.00    0.00    0.00    0.00    0.00   64.60
13:06:21     all   26.44    0.00   11.02    0.00    0.00    0.00    0.00    0.00    0.00   62.54
13:06:22     all   26.31    0.00   11.51    0.00    0.00    0.01    0.00    0.00    0.00   62.17
13:06:23     all   25.85    0.00   11.10    0.00    0.00    0.00    0.00    0.00    0.00   63.05
13:06:24     all   25.89    0.00   12.05    0.00    0.00    0.00    0.00    0.00    0.00   62.06
13:06:25     all   28.08    0.00   13.25    0.00    0.00    0.01    0.00    0.00    0.00   58.66
13:06:26     all   29.21    0.00   13.98    0.00    0.00    0.00    0.00    0.00    0.00   56.82
13:06:27     all   24.79    0.00   12.96    0.00    0.00    0.00    0.00    0.00    0.00   62.25
13:06:28     all   28.69    0.00   11.12    0.00    0.00    0.00    0.00    0.00    0.00   60.19
13:06:29     all   25.17    0.00   12.01    0.00    0.00    0.00    0.00    0.00    0.00   62.83
13:06:30     all   24.18    0.00   13.49    0.00    0.00    0.00    0.00    0.00    0.00   62.33
13:06:31     all   29.07    0.00   14.68    0.00    0.00    0.00    0.00    0.00    0.00   56.25
13:06:32     all   26.23    0.00   13.19    0.00    0.00    0.03    0.00    0.00    0.00   60.56
13:06:33     all   26.59    0.00   12.67    0.00    0.00    0.00    0.00    0.00    0.00   60.75
13:06:34     all   26.84    0.00   12.33    0.00    0.00    0.00    0.00    0.00    0.00   60.83
13:06:35     all   29.99    0.00   16.11    0.00    0.00    0.00    0.00    0.00    0.00   53.91
13:06:36     all   26.72    0.00   12.62    0.00    0.00    0.00    0.00    0.00    0.00   60.66
13:06:37     all   26.92    0.00   12.88    0.00    0.00    0.00    0.00    0.00    0.00   60.20
13:06:38     all   34.60    0.00   14.67    0.00    0.00    0.00    0.00    0.00    0.00   50.73
13:06:39     all   27.62    0.00   14.03    0.00    0.00    0.01    0.00    0.00    0.00   58.34
13:06:40     all   24.96    0.00   12.68    0.00    0.00    0.00    0.00    0.00    0.00   62.36
13:06:41     all   26.80    0.00   12.26    0.00    0.00    0.00    0.00    0.00    0.00   60.94
13:06:42     all   29.77    0.00   13.34    0.00    0.00    0.00    0.00    0.00    0.00   56.88
13:06:43     all   26.11    0.00   13.24    0.00    0.00    0.00    0.00    0.00    0.00   60.65
13:06:44     all   27.68    0.01   13.41    0.00    0.00    0.00    0.00    0.00    0.00   58.90
13:06:45     all   25.08    0.00   11.39    0.00    0.00    0.00    0.00    0.00    0.00   63.53
13:06:46     all   31.29    0.00   13.81    0.00    0.00    0.01    0.00    0.00    0.00   54.89
13:06:47     all   23.37    0.00   11.33    0.00    0.00    0.00    0.00    0.00    0.00   65.30
13:06:48     all   29.73    0.00   14.03    0.00    0.00    0.00    0.00    0.00    0.00   56.24
13:06:49     all   27.89    0.00   13.39    0.00    0.00    0.00    0.00    0.00    0.00   58.73
13:06:50     all   34.41    0.00   12.92    0.00    0.00    0.01    0.00    0.00    0.00   52.65
13:06:51     all   27.46    0.00   13.20    0.00    0.00    0.00    0.00    0.00    0.00   59.34
13:06:52     all   25.16    0.00   14.01    0.00    0.00    0.00    0.00    0.00    0.00   60.82
13:06:53     all   29.25    0.00   16.87    0.00    0.00    0.00    0.00    0.00    0.00   53.88
13:06:54     all   22.65    0.00   12.33    0.01    0.00    0.00    0.00    0.00    0.00   65.00
13:06:55     all   23.64    0.00   12.07    0.00    0.00    0.01    0.00    0.00    0.00   64.28
13:06:56     all   33.44    0.00   15.24    0.00    0.00    0.00    0.00    0.00    0.00   51.32
13:06:57     all   25.54    0.00   13.25    0.00    0.00    0.00    0.00    0.00    0.00   61.22
13:06:58     all   30.73    0.00   12.43    0.00    0.00    0.01    0.00    0.00    0.00   56.82
13:06:59     all   29.37    0.00   14.78    0.00    0.00    0.00    0.00    0.00    0.00   55.85
13:07:00     all   27.53    0.00   11.49    0.00    0.00    0.01    0.00    0.00    0.00   60.96
13:07:01     all   29.69    0.00   10.86    0.00    0.00    0.01    0.00    0.00    0.00   59.44
13:07:02     all   30.24    0.00   13.20    0.00    0.00    0.03    0.00    0.00    0.00   56.52
13:07:03     all   27.91    0.00   13.41    0.00    0.00    0.01    0.00    0.00    0.00   58.66
13:07:04     all   27.54    0.00   11.97    0.00    0.00    0.00    0.00    0.00    0.00   60.49
13:07:05     all   28.62    0.00   12.51    0.00    0.00    0.00    0.00    0.00    0.00   58.87
13:07:06     all   30.22    0.00   11.12    0.00    0.00    0.00    0.00    0.00    0.00   58.67
13:07:07     all   29.73    0.00   15.07    0.00    0.00    0.00    0.00    0.00    0.00   55.20
13:07:08     all   27.70    0.00   14.80    0.00    0.00    0.00    0.00    0.00    0.00   57.50
13:07:09     all   24.09    0.00   12.45    0.00    0.00    0.01    0.00    0.00    0.00   63.44
13:07:10     all   30.86    0.00   11.45    0.00    0.00    0.00    0.00    0.00    0.00   57.69
13:07:11     all   31.93    0.00   13.41    0.00    0.00    0.00    0.00    0.00    0.00   54.67
13:07:12     all   21.94    0.00   10.72    0.00    0.00    0.00    0.00    0.00    0.00   67.34
13:07:13     all   26.40    0.00   12.57    0.00    0.00    0.00    0.00    0.00    0.00   61.02
13:07:14     all   32.54    0.00   15.50    0.00    0.00    0.01    0.00    0.00    0.00   51.95
13:07:15     all   29.21    0.00   15.27    0.00    0.00    0.00    0.00    0.00    0.00   55.52
13:07:16     all   29.96    0.00   12.99    0.00    0.00    0.00    0.00    0.00    0.00   57.06
13:07:17     all   33.38    0.00   14.68    0.00    0.00    0.01    0.00    0.00    0.00   51.92
13:07:18     all   30.01    0.00   13.62    0.00    0.00    0.00    0.00    0.00    0.00   56.37
13:07:19     all   36.02    0.00   15.58    0.00    0.00    0.00    0.00    0.00    0.00   48.40
13:07:20     all   22.75    0.00   13.38    0.00    0.00    0.00    0.00    0.00    0.00   63.88
13:07:21     all   35.57    0.00   14.62    0.00    0.00    0.00    0.00    0.00    0.00   49.81
13:07:22     all   22.29    0.00   12.48    0.00    0.00    0.00    0.00    0.00    0.00   65.23
13:07:23     all   33.58    0.00   13.89    0.00    0.00    0.00    0.00    0.00    0.00   52.52
13:07:24     all   17.33    0.00   10.99    0.00    0.00    0.00    0.00    0.00    0.00   71.68
13:07:25     all   27.08    0.00   12.13    0.00    0.00    0.00    0.00    0.00    0.00   60.78
13:07:26     all   27.77    0.00   12.03    0.00    0.00    0.01    0.00    0.00    0.00   60.18
13:07:27     all   28.45    0.00   15.87    0.00    0.00    0.00    0.00    0.00    0.00   55.68
13:07:28     all   32.31    0.00   17.66    0.00    0.00    0.00    0.00    0.00    0.00   50.03
13:07:29     all   25.19    0.00   15.59    0.00    0.00    0.00    0.00    0.00    0.00   59.22
13:07:30     all   26.96    0.00   14.54    0.00    0.00    0.00    0.00    0.00    0.00   58.50
13:07:31     all   30.93    0.00   14.07    0.00    0.00    0.00    0.00    0.00    0.00   55.00
13:07:32     all   27.51    0.00   15.33    0.00    0.00    0.01    0.00    0.00    0.00   57.15
13:07:33     all   27.05    0.00   14.53    0.00    0.00    0.00    0.00    0.00    0.00   58.42
13:07:34     all   26.12    0.00   13.47    0.00    0.00    0.00    0.00    0.00    0.00   60.41
13:07:35     all   26.84    0.00   12.98    0.00    0.00    0.00    0.00    0.00    0.00   60.18
13:07:36     all   29.25    0.00   14.30    0.00    0.00    0.01    0.00    0.00    0.00   56.44
13:07:37     all   20.92    0.00   10.85    0.00    0.00    0.00    0.00    0.00    0.00   68.24
13:07:38     all   34.71    0.00   15.79    0.00    0.00    0.00    0.00    0.00    0.00   49.49
13:07:39     all   23.92    0.00   12.42    0.00    0.00    0.01    0.00    0.00    0.00   63.65
13:07:40     all   27.35    0.00   13.92    0.00    0.00    0.00    0.00    0.00    0.00   58.73
13:07:41     all   29.66    0.01   14.09    0.00    0.00    0.00    0.00    0.00    0.00   56.24
13:07:42     all   29.62    0.00   13.96    0.00    0.00    0.03    0.00    0.00    0.00   56.39
13:07:43     all   32.18    0.00   17.55    0.00    0.00    0.00    0.00    0.00    0.00   50.27
13:07:44     all   29.14    0.01   14.44    0.00    0.00    0.00    0.00    0.00    0.00   56.41
13:07:45     all   30.98    0.00   15.41    0.00    0.00    0.00    0.00    0.00    0.00   53.61
13:07:46     all   24.72    0.00   15.02    0.00    0.00    0.00    0.00    0.00    0.00   60.26
13:07:47     all   33.10    0.00   16.50    0.00    0.00    0.00    0.00    0.00    0.00   50.40
13:07:48     all   28.67    0.00   19.16    0.00    0.00    0.01    0.00    0.00    0.00   52.15
13:07:49     all   26.78    0.00   20.28    0.00    0.00    0.00    0.00    0.00    0.00   52.94
13:07:50     all   31.65    0.00   18.73    0.00    0.00    0.01    0.00    0.00    0.00   49.60
13:07:51     all   32.60    0.00   17.49    0.00    0.00    0.00    0.00    0.00    0.00   49.92
13:07:52     all   30.66    0.00   18.34    0.00    0.00    0.01    0.00    0.00    0.00   50.99
13:07:53     all   31.67    0.00   17.89    0.00    0.00    0.01    0.00    0.00    0.00   50.42
13:07:54     all   31.97    0.00   18.70    0.00    0.00    0.00    0.00    0.00    0.00   49.33
13:07:55     all   32.82    0.00   16.98    0.00    0.00    0.00    0.00    0.00    0.00   50.20
13:07:56     all   27.22    0.00   15.50    0.00    0.00    0.00    0.00    0.00    0.00   57.28
13:07:57     all   33.97    0.00   16.00    0.01    0.00    0.00    0.00    0.00    0.00   50.02
13:07:58     all   25.76    0.00   16.92    0.00    0.00    0.01    0.00    0.00    0.00   57.31
13:07:59     all   28.24    0.00   17.01    0.00    0.00    0.00    0.00    0.00    0.00   54.75
13:08:00     all   34.63    0.00   15.58    0.01    0.00    0.00    0.00    0.00    0.00   49.78
13:08:01     all   31.19    0.00   17.93    0.00    0.00    0.00    0.00    0.00    0.00   50.88
13:08:02     all   32.08    0.00   16.39    0.00    0.00    0.00    0.00    0.00    0.00   51.53
13:08:03     all   19.32    0.00   11.54    0.00    0.00    0.00    0.00    0.00    0.00   69.14
13:08:04     all   35.62    0.00   14.92    0.00    0.00    0.01    0.00    0.00    0.00   49.44
13:08:05     all   25.98    0.00   15.92    0.00    0.00    0.00    0.00    0.00    0.00   58.09
13:08:06     all   32.54    0.00   16.73    0.00    0.00    0.00    0.00    0.00    0.00   50.73
13:08:07     all   30.03    0.00   14.97    0.00    0.00    0.01    0.00    0.00    0.00   54.98
13:08:08     all   28.14    0.00   15.22    0.00    0.00    0.00    0.00    0.00    0.00   56.64
13:08:09     all   32.56    0.00   13.37    0.00    0.00    0.00    0.00    0.00    0.00   54.07
13:08:10     all   26.75    0.00   11.89    0.00    0.00    0.00    0.00    0.00    0.00   61.36
13:08:11     all   30.74    0.00   12.48    0.00    0.00    0.00    0.00    0.00    0.00   56.79
13:08:12     all   27.81    0.00   12.11    0.01    0.00    0.00    0.00    0.00    0.00   60.06
13:08:13     all   26.91    0.00   11.76    0.00    0.00    0.00    0.00    0.00    0.00   61.33
13:08:14     all   32.09    0.00   14.41    0.00    0.00    0.00    0.00    0.00    0.00   53.50
13:08:15     all   29.20    0.00   13.81    0.00    0.00    0.00    0.00    0.00    0.00   56.99
13:08:16     all   29.24    0.00   12.87    0.00    0.00    0.00    0.00    0.00    0.00   57.89
13:08:17     all   23.00    0.00    9.97    0.00    0.00    0.00    0.00    0.00    0.00   67.03
13:08:18     all   28.77    0.00   10.13    0.00    0.00    0.01    0.00    0.00    0.00   61.09
13:08:19     all   26.30    0.00   12.29    0.00    0.00    0.00    0.00    0.00    0.00   61.41
13:08:20     all   35.07    0.00   14.95    0.00    0.00    0.00    0.00    0.00    0.00   49.98
13:08:21     all   30.51    0.00   14.00    0.00    0.00    0.00    0.00    0.00    0.00   55.49
13:08:22     all   31.82    0.00   16.27    0.01    0.00    0.00    0.00    0.00    0.00   51.90
13:08:23     all   26.32    0.00   14.78    0.00    0.00    0.00    0.00    0.00    0.00   58.91
13:08:24     all   30.52    0.00   13.85    0.00    0.00    0.00    0.00    0.00    0.00   55.63
13:08:25     all   30.12    0.00   16.78    0.00    0.00    0.01    0.00    0.00    0.00   53.09
13:08:26     all   25.42    0.00   14.30    0.00    0.00    0.00    0.00    0.00    0.00   60.28
13:08:27     all   29.58    0.00   12.73    0.00    0.00    0.00    0.00    0.00    0.00   57.69
13:08:28     all   25.18    0.00   13.18    0.00    0.00    0.00    0.00    0.00    0.00   61.64
13:08:29     all   32.48    0.00   10.83    0.00    0.00    0.00    0.00    0.00    0.00   56.70
13:08:30     all   25.58    0.00   12.49    0.00    0.00    0.01    0.00    0.00    0.00   61.91
13:08:31     all   31.37    0.00   13.61    0.00    0.00    0.00    0.00    0.00    0.00   55.02
13:08:32     all   31.03    0.00   13.40    0.00    0.00    0.00    0.00    0.00    0.00   55.57
13:08:33     all   30.01    0.00   13.55    0.00    0.00    0.00    0.00    0.00    0.00   56.44
13:08:34     all   27.09    0.00   11.81    0.00    0.00    0.00    0.00    0.00    0.00   61.09
13:08:35     all   29.25    0.00   12.47    0.00    0.00    0.00    0.00    0.00    0.00   58.28
13:08:36     all   31.79    0.00   13.65    0.00    0.00    0.03    0.00    0.00    0.00   54.53
13:08:37     all   31.42    0.00   15.45    0.00    0.00    0.01    0.00    0.00    0.00   53.12
13:08:38     all   26.38    0.00   14.98    0.00    0.00    0.01    0.00    0.00    0.00   58.62
13:08:39     all   28.10    0.00   13.81    0.00    0.00    0.00    0.00    0.00    0.00   58.10
13:08:40     all   30.12    0.00   11.44    0.00    0.00    0.00    0.00    0.00    0.00   58.43
13:08:41     all   31.53    0.00   14.21    0.00    0.00    0.00    0.00    0.00    0.00   54.26
13:08:42     all   25.87    0.00   12.05    0.00    0.00    0.00    0.00    0.00    0.00   62.08
13:08:43     all   29.23    0.00   11.99    0.00    0.00    0.00    0.00    0.00    0.00   58.77
13:08:44     all   27.12    0.00   11.74    0.00    0.00    0.00    0.00    0.00    0.00   61.15
13:08:45     all   24.28    0.00    9.65    0.00    0.00    0.01    0.00    0.00    0.00   66.06
13:08:46     all   30.38    0.00   12.20    0.00    0.00    0.00    0.00    0.00    0.00   57.42
13:08:47     all   32.59    0.00   12.56    0.00    0.00    0.01    0.00    0.00    0.00   54.84
13:08:48     all   29.61    0.00   13.33    0.00    0.00    0.00    0.00    0.00    0.00   57.06
13:08:49     all   30.36    0.00   12.02    0.00    0.00    0.00    0.00    0.00    0.00   57.62
13:08:50     all   31.19    0.00   13.76    0.00    0.00    0.00    0.00    0.00    0.00   55.05
13:08:51     all   28.27    0.00   13.07    0.00    0.00    0.01    0.00    0.00    0.00   58.64
13:08:52     all   34.59    0.01   13.76    0.00    0.00    0.00    0.00    0.00    0.00   51.63
13:08:53     all   29.25    0.00   13.58    0.00    0.00    0.00    0.00    0.00    0.00   57.17
13:08:54     all   32.96    0.00   14.57    0.00    0.00    0.00    0.00    0.00    0.00   52.47
13:08:55     all   32.72    0.00   15.66    0.00    0.00    0.00    0.00    0.00    0.00   51.62
13:08:56     all   29.01    0.00   12.95    0.00    0.00    0.01    0.00    0.00    0.00   58.03
13:08:57     all   26.79    0.00   11.92    0.00    0.00    0.00    0.00    0.00    0.00   61.29
13:08:58     all   35.10    0.00   14.81    0.00    0.00    0.01    0.00    0.00    0.00   50.08
13:08:59     all   27.58    0.00   12.01    0.00    0.00    0.00    0.00    0.00    0.00   60.41
13:09:00     all   22.95    0.00   10.38    0.00    0.00    0.01    0.00    0.00    0.00   66.66
13:09:01     all   33.44    0.00   12.22    0.00    0.00    0.00    0.00    0.00    0.00   54.34
13:09:02     all   27.74    0.00   11.92    0.00    0.00    0.00    0.00    0.00    0.00   60.33
13:09:03     all   30.49    0.00   14.58    0.00    0.00    0.01    0.00    0.00    0.00   54.92
13:09:04     all   28.55    0.00   12.33    0.00    0.00    0.00    0.00    0.00    0.00   59.12
13:09:05     all   28.08    0.00   12.67    0.00    0.00    0.00    0.00    0.00    0.00   59.26
13:09:06     all   28.20    0.00   13.08    0.00    0.00    0.00    0.00    0.00    0.00   58.71
13:09:07     all   25.65    0.00   12.07    0.00    0.00    0.00    0.00    0.00    0.00   62.28
13:09:08     all   35.77    0.00   13.59    0.00    0.00    0.01    0.00    0.00    0.00   50.62
13:09:09     all   24.80    0.00   15.16    0.00    0.00    0.00    0.00    0.00    0.00   60.04
13:09:10     all   29.91    0.00   15.37    0.00    0.00    0.00    0.00    0.00    0.00   54.72
13:09:11     all   32.45    0.00   13.90    0.00    0.00    0.01    0.00    0.00    0.00   53.63
13:09:12     all   27.80    0.00   14.23    0.00    0.00    0.00    0.00    0.00    0.00   57.98
13:09:13     all   21.68    0.00   13.73    0.00    0.00    0.00    0.00    0.00    0.00   64.59
13:09:14     all   37.67    0.01   13.10    0.00    0.00    0.00    0.00    0.00    0.00   49.22
13:09:15     all   25.23    0.01   14.35    0.00    0.00    0.00    0.00    0.00    0.00   60.41
13:09:16     all   32.78    0.00   12.44    0.01    0.00    0.00    0.00    0.00    0.00   54.76
13:09:17     all   26.40    0.00   12.20    0.00    0.00    0.01    0.00    0.00    0.00   61.39
13:09:18     all   13.37    0.00    9.11    0.00    0.00    0.00    0.00    0.00    0.00   77.52
13:09:19     all   23.88    0.00   11.32    0.00    0.00    0.00    0.00    0.00    0.00   64.80
13:09:20     all   31.77    0.00   15.11    0.00    0.00    0.00    0.00    0.00    0.00   53.12
13:09:21     all   14.17    0.00    9.68    0.00    0.00    0.00    0.00    0.00    0.00   76.15
13:09:22     all   30.58    0.01   14.01    0.00    0.00    0.00    0.00    0.00    0.00   55.40
13:09:23     all   31.77    0.00   17.13    0.00    0.00    0.00    0.00    0.00    0.00   51.11
13:09:24     all   33.12    0.00   16.50    0.00    0.00    0.00    0.00    0.00    0.00   50.38
13:09:25     all   31.42    0.00   15.15    0.00    0.00    0.00    0.00    0.00    0.00   53.43
13:09:26     all   30.37    0.00   15.43    0.00    0.00    0.01    0.00    0.00    0.00   54.18
13:09:27     all   33.02    0.00   16.43    0.00    0.00    0.01    0.00    0.00    0.00   50.54
13:09:28     all   28.60    0.00   15.25    0.00    0.00    0.00    0.00    0.00    0.00   56.15
13:09:29     all   34.04    0.00   15.81    0.00    0.00    0.03    0.00    0.00    0.00   50.12
13:09:30     all   20.55    0.00   11.48    0.00    0.00    0.00    0.00    0.00    0.00   67.97
13:09:31     all   23.10    0.00   10.41    0.00    0.00    0.00    0.00    0.00    0.00   66.49
13:09:32     all   17.11    0.00    8.17    0.00    0.00    0.00    0.00    0.00    0.00   74.73
13:09:33     all   25.91    0.00    8.93    0.00    0.00    0.00    0.00    0.00    0.00   65.15
13:09:34     all   27.93    0.00   10.35    0.00    0.00    0.03    0.00    0.00    0.00   61.69
13:09:35     all   22.93    0.00   10.04    0.00    0.00    0.00    0.00    0.00    0.00   67.02
13:09:36     all   22.93    0.00   10.41    0.00    0.00    0.00    0.00    0.00    0.00   66.66
13:09:37     all   28.62    0.00   12.04    0.00    0.00    0.00    0.00    0.00    0.00   59.35
13:09:38     all   28.73    0.00   10.55    0.00    0.00    0.00    0.00    0.00    0.00   60.72
13:09:39     all   28.84    0.00   11.32    0.00    0.00    0.01    0.00    0.00    0.00   59.82
13:09:40     all   28.27    0.00   11.82    0.00    0.00    0.00    0.00    0.00    0.00   59.91
13:09:41     all   21.53    0.00   10.20    0.00    0.00    0.00    0.00    0.00    0.00   68.27
13:09:42     all   36.45    0.00   13.20    0.00    0.00    0.00    0.00    0.00    0.00   50.35
13:09:43     all   18.74    0.00    9.45    0.00    0.00    0.00    0.00    0.00    0.00   71.81
13:09:44     all   35.08    0.00   12.92    0.00    0.00    0.01    0.00    0.00    0.00   51.99
13:09:45     all   29.42    0.00   14.55    0.00    0.00    0.00    0.00    0.00    0.00   56.03
13:09:46     all   31.11    0.00   14.05    0.00    0.00    0.00    0.00    0.00    0.00   54.84
13:09:47     all   30.58    0.00   13.84    0.00    0.00    0.00    0.00    0.00    0.00   55.57
13:09:48     all   17.48    0.00   12.23    0.00    0.00    0.00    0.00    0.00    0.00   70.28
13:09:49     all   28.02    0.00   12.18    0.00    0.00    0.00    0.00    0.00    0.00   59.80
13:09:50     all   21.51    0.00   10.78    0.00    0.00    0.00    0.00    0.00    0.00   67.70
13:09:51     all   21.64    0.00    9.63    0.00    0.00    0.00    0.00    0.00    0.00   68.73
13:09:52     all   21.67    0.00    8.97    0.00    0.00    0.01    0.00    0.00    0.00   69.35
13:09:53     all   33.88    0.00   15.17    0.00    0.00    0.00    0.00    0.00    0.00   50.95
13:09:54     all   19.91    0.00   13.91    0.00    0.00    0.00    0.00    0.00    0.00   66.18
13:09:55     all   29.54    0.00   12.50    0.00    0.00    0.03    0.00    0.00    0.00   57.93
13:09:56     all   26.19    0.00   11.60    0.00    0.00    0.00    0.00    0.00    0.00   62.20
13:09:57     all   28.91    0.00   12.32    0.00    0.00    0.00    0.00    0.00    0.00   58.78
13:09:58     all   28.07    0.00   13.73    0.00    0.00    0.00    0.00    0.00    0.00   58.19
13:09:59     all   28.84    0.00   13.41    0.00    0.00    0.00    0.00    0.00    0.00   57.74
13:10:00     all   33.91    0.00   14.67    0.00    0.00    0.00    0.00    0.00    0.00   51.41
13:10:01     all   30.91    0.00   15.03    0.00    0.00    0.01    0.00    0.00    0.00   54.04
13:10:02     all   27.85    0.00   13.94    0.00    0.00    0.00    0.00    0.00    0.00   58.21
13:10:03     all   29.73    0.00   13.71    0.01    0.00    0.03    0.00    0.00    0.00   56.52
13:10:04     all   23.28    0.42   11.18    0.00    0.00    0.00    0.00    0.00    0.00   65.12
13:10:05     all   27.22    1.38   10.97    0.00    0.00    0.00    0.00    0.00    0.00   60.43
13:10:06     all   35.57    1.22   14.24    0.00    0.00    0.00    0.00    0.00    0.00   48.97
13:10:07     all   28.99    1.39   17.77    0.00    0.00    0.00    0.00    0.00    0.00   51.85
13:10:08     all   21.26    1.22   14.56    0.00    0.00    0.00    0.00    0.00    0.00   62.96
13:10:09     all   36.17    0.99   14.23    0.00    0.00    0.03    0.00    0.00    0.00   48.58
13:10:10     all   34.75    0.00   16.08    0.00    0.00    0.00    0.00    0.00    0.00   49.16
13:10:11     all   24.75    0.00   13.22    0.01    0.00    0.01    0.00    0.00    0.00   62.00
13:10:12     all   28.66    0.00   11.90    0.00    0.00    0.00    0.00    0.00    0.00   59.44
13:10:13     all   32.93    0.00   13.39    0.00    0.00    0.00    0.00    0.00    0.00   53.68
13:10:14     all   29.54    0.00   12.60    0.00    0.00    0.01    0.00    0.00    0.00   57.84
13:10:15     all   35.65    0.00   15.95    0.00    0.00    0.00    0.00    0.00    0.00   48.40
13:10:16     all   25.13    0.00   16.28    0.00    0.00    0.03    0.00    0.00    0.00   58.56
13:10:17     all   27.97    0.00   13.19    0.00    0.00    0.00    0.00    0.00    0.00   58.84
13:10:18     all   26.60    0.00   12.24    0.00    0.00    0.01    0.00    0.00    0.00   61.14
13:10:19     all   28.94    0.00   11.89    0.01    0.00    0.00    0.00    0.00    0.00   59.15
13:10:20     all   28.64    0.00   12.22    0.00    0.00    0.00    0.00    0.00    0.00   59.13
13:10:21     all   27.16    0.00   11.10    0.00    0.00    0.01    0.00    0.00    0.00   61.72
13:10:22     all   27.87    0.00   12.10    0.00    0.00    0.00    0.00    0.00    0.00   60.03
13:10:23     all   27.65    0.00   12.17    0.03    0.00    0.01    0.00    0.00    0.00   60.13
13:10:24     all   27.11    0.00   11.25    0.00    0.00    0.00    0.00    0.00    0.00   61.63
13:10:25     all   27.64    0.00   10.17    0.01    0.00    0.00    0.00    0.00    0.00   62.18
13:10:26     all   32.65    0.00   12.64    0.00    0.00    0.00    0.00    0.00    0.00   54.71
13:10:27     all   29.47    0.00   13.18    0.00    0.00    0.01    0.00    0.00    0.00   57.33
13:10:28     all   22.60    0.00   12.06    0.00    0.00    0.00    0.00    0.00    0.00   65.34
13:10:29     all   24.17    0.00   11.42    0.00    0.00    0.00    0.00    0.00    0.00   64.41
13:10:30     all   28.58    0.00   11.07    0.00    0.00    0.00    0.00    0.00    0.00   60.35
13:10:31     all   29.32    0.00   11.71    0.00    0.00    0.00    0.00    0.00    0.00   58.97
13:10:32     all   30.61    0.00   13.65    0.00    0.00    0.00    0.00    0.00    0.00   55.74
13:10:33     all   24.14    0.00   12.97    0.00    0.00    0.00    0.00    0.00    0.00   62.90
13:10:34     all   34.76    0.00   15.09    0.01    0.00    0.00    0.00    0.00    0.00   50.13
13:10:35     all   28.98    0.00   16.34    0.00    0.00    0.01    0.00    0.00    0.00   54.66
13:10:36     all   32.33    0.00   16.13    0.00    0.00    0.00    0.00    0.00    0.00   51.55
13:10:37     all   33.31    0.00   14.78    0.00    0.00    0.00    0.00    0.00    0.00   51.91
13:10:38     all   19.74    0.00   13.94    0.00    0.00    0.01    0.00    0.00    0.00   66.31
13:10:39     all   35.79    0.00   14.01    0.00    0.00    0.00    0.00    0.00    0.00   50.20
13:10:40     all   31.09    0.00   14.55    0.00    0.00    0.01    0.00    0.00    0.00   54.35
13:10:41     all   24.29    0.00   12.13    0.00    0.00    0.00    0.00    0.00    0.00   63.58
13:10:42     all   29.27    0.00   11.53    0.00    0.00    0.00    0.00    0.00    0.00   59.20
13:10:43     all   24.44    0.00   10.79    0.00    0.00    0.01    0.00    0.00    0.00   64.75
13:10:44     all   29.22    0.00   10.61    0.00    0.00    0.01    0.00    0.00    0.00   60.16
13:10:45     all   32.94    0.00   12.57    0.00    0.00    0.00    0.00    0.00    0.00   54.49
13:10:46     all   31.97    0.00   11.47    0.00    0.00    0.00    0.00    0.00    0.00   56.56
13:10:47     all   31.63    0.01   14.83    0.00    0.00    0.00    0.00    0.00    0.00   53.53
13:10:48     all   30.39    0.00   14.10    0.00    0.00    0.01    0.00    0.00    0.00   55.49
13:10:49     all   28.15    0.00   15.17    0.00    0.00    0.00    0.00    0.00    0.00   56.68
13:10:50     all   28.13    0.00   12.22    0.00    0.00    0.00    0.00    0.00    0.00   59.65
13:10:51     all   26.30    0.00   10.09    0.00    0.00    0.00    0.00    0.00    0.00   63.61
13:10:52     all   31.43    0.00   12.20    0.00    0.00    0.00    0.00    0.00    0.00   56.38
13:10:53     all   32.11    0.00   12.98    0.00    0.00    0.00    0.00    0.00    0.00   54.91
13:10:54     all   33.46    0.00   16.47    0.01    0.00    0.00    0.00    0.00    0.00   50.05
13:10:55     all   20.99    0.00   14.21    0.01    0.00    0.01    0.00    0.00    0.00   64.77
13:10:56     all   29.75    0.00   14.92    0.00    0.00    0.01    0.00    0.00    0.00   55.32
13:10:57     all   29.72    0.00   14.18    0.00    0.00    0.00    0.00    0.00    0.00   56.10
13:10:58     all   25.76    0.00   12.85    0.00    0.00    0.00    0.00    0.00    0.00   61.39
13:10:59     all   23.28    0.00   11.08    0.00    0.00    0.03    0.00    0.00    0.00   65.61
13:11:00     all   27.63    0.00   12.05    0.00    0.00    0.00    0.00    0.00    0.00   60.33
13:11:01     all   27.28    0.00   10.51    0.00    0.00    0.00    0.00    0.00    0.00   62.21
13:11:02     all   34.62    0.00   16.62    0.00    0.00    0.01    0.00    0.00    0.00   48.75
13:11:03     all   20.93    0.00   13.90    0.00    0.00    0.00    0.00    0.00    0.00   65.18
13:11:04     all   28.87    0.00   13.12    0.00    0.00    0.00    0.00    0.00    0.00   58.01
13:11:05     all   27.82    0.00   10.42    0.00    0.00    0.01    0.00    0.00    0.00   61.75
13:11:06     all   21.91    0.00   10.13    0.00    0.00    0.00    0.00    0.00    0.00   67.96
13:11:07     all   27.99    0.00   13.27    0.00    0.00    0.01    0.00    0.00    0.00   58.73
13:11:08     all   36.87    0.00   13.72    0.01    0.00    0.00    0.00    0.00    0.00   49.40
13:11:09     all   29.71    0.00   14.67    0.00    0.00    0.00    0.00    0.00    0.00   55.63
13:11:10     all   19.38    0.00   11.20    0.00    0.00    0.00    0.00    0.00    0.00   69.42
13:11:11     all   37.72    0.00   12.41    0.00    0.00    0.00    0.00    0.00    0.00   49.87
13:11:12     all   19.11    0.00    8.87    0.00    0.00    0.00    0.00    0.00    0.00   72.02
13:11:13     all   32.03    0.00   11.31    0.00    0.00    0.01    0.00    0.00    0.00   56.65
13:11:14     all   33.96    0.01   14.81    0.00    0.00    0.01    0.00    0.00    0.00   51.20
13:11:15     all   21.02    0.00   11.46    0.00    0.00    0.00    0.00    0.00    0.00   67.52
13:11:16     all   23.13    0.00   10.56    0.00    0.00    0.00    0.00    0.00    0.00   66.31
13:11:17     all   29.80    0.00   12.75    0.00    0.00    0.00    0.00    0.00    0.00   57.45
13:11:18     all   13.24    0.00    8.47    0.00    0.00    0.00    0.00    0.00    0.00   78.29
13:11:19     all   35.38    0.00   13.21    0.00    0.00    0.01    0.00    0.00    0.00   51.40
13:11:20     all   34.24    0.00   16.03    0.00    0.00    0.00    0.00    0.00    0.00   49.73
13:11:21     all   29.16    0.00   14.38    0.00    0.00    0.01    0.00    0.00    0.00   56.45
13:11:22     all   19.81    0.03   10.55    0.00    0.00    0.00    0.00    0.00    0.00   69.61
13:11:23     all   35.88    0.00   14.33    0.01    0.00    0.00    0.00    0.00    0.00   49.78
13:11:24     all   29.93    0.00   15.64    0.00    0.00    0.01    0.00    0.00    0.00   54.42
13:11:25     all   22.68    0.00   13.41    0.00    0.00    0.00    0.00    0.00    0.00   63.92
13:11:26     all   35.61    0.00   14.48    0.00    0.00    0.00    0.00    0.00    0.00   49.91
13:11:27     all   27.51    0.01   13.49    0.00    0.00    0.00    0.00    0.00    0.00   58.98
13:11:28     all   27.00    0.00   11.10    0.00    0.00    0.00    0.00    0.00    0.00   61.90
13:11:29     all   19.74    0.00    9.47    0.00    0.00    0.00    0.00    0.00    0.00   70.79
13:11:30     all   31.92    0.00   12.76    0.00    0.00    0.00    0.00    0.00    0.00   55.32
13:11:31     all   31.49    0.00   10.74    0.00    0.00    0.00    0.00    0.00    0.00   57.77
13:11:32     all   26.53    0.00    9.72    0.00    0.00    0.01    0.00    0.00    0.00   63.73
13:11:33     all   29.76    0.00   11.84    0.00    0.00    0.00    0.00    0.00    0.00   58.40
13:11:34     all   19.74    0.00    8.53    0.00    0.00    0.00    0.00    0.00    0.00   71.73
13:11:35     all   37.29    0.00   12.68    0.00    0.00    0.00    0.00    0.00    0.00   50.03
13:11:36     all   26.41    0.00   13.21    0.00    0.00    0.00    0.00    0.00    0.00   60.38
13:11:37     all   28.33    0.00   12.09    0.00    0.00    0.00    0.00    0.00    0.00   59.59
13:11:38     all   27.48    0.00   10.30    0.00    0.00    0.00    0.00    0.00    0.00   62.22
13:11:39     all   31.72    0.00   13.56    0.00    0.00    0.00    0.00    0.00    0.00   54.72
13:11:40     all   29.09    0.00   12.76    0.00    0.00    0.00    0.00    0.00    0.00   58.16
13:11:41     all   33.51    0.00   13.80    0.00    0.00    0.00    0.00    0.00    0.00   52.69
13:11:42     all   33.21    0.00   13.60    0.00    0.00    0.01    0.00    0.00    0.00   53.18
13:11:43     all   27.29    0.00   14.51    0.00    0.00    0.01    0.00    0.00    0.00   58.19
13:11:44     all   27.18    0.00   12.49    0.00    0.00    0.00    0.00    0.00    0.00   60.33
13:11:45     all   31.78    0.00   12.68    0.00    0.00    0.00    0.00    0.00    0.00   55.54
13:11:46     all   32.88    0.00   15.43    0.00    0.00    0.00    0.00    0.00    0.00   51.68
13:11:47     all   32.77    0.00   11.69    0.00    0.00    0.01    0.00    0.00    0.00   55.53
13:11:48     all   22.46    0.00   10.02    0.00    0.00    0.00    0.00    0.00    0.00   67.52
13:11:49     all   12.38    0.00    6.33    0.00    0.00    0.00    0.00    0.00    0.00   81.30
13:11:50     all   25.39    0.00    9.77    0.00    0.00    0.00    0.00    0.00    0.00   64.84
13:11:51     all   35.87    0.00   13.96    0.00    0.00    0.01    0.00    0.00    0.00   50.16
13:11:52     all   32.48    0.00   15.02    0.00    0.00    0.00    0.00    0.00    0.00   52.50
13:11:53     all   18.12    0.00   10.98    0.00    0.00    0.03    0.00    0.00    0.00   70.87
13:11:54     all   20.51    0.00    9.04    0.00    0.00    0.00    0.00    0.00    0.00   70.45
13:11:55     all   36.76    0.00   11.50    0.00    0.00    0.00    0.00    0.00    0.00   51.74
13:11:56     all   30.36    0.00   10.44    0.00    0.00    0.00    0.00    0.00    0.00   59.20
13:11:57     all   15.35    0.00    7.09    0.00    0.00    0.01    0.00    0.00    0.00   77.54
13:11:58     all   26.48    0.00   10.39    0.00    0.00    0.00    0.00    0.00    0.00   63.13
13:11:59     all   30.01    0.01    9.62    0.00    0.00    0.00    0.00    0.00    0.00   60.36
13:12:00     all   29.94    0.00   10.64    0.00    0.00    0.01    0.00    0.00    0.00   59.41
13:12:01     all   32.41    0.00   11.31    0.00    0.00    0.00    0.00    0.00    0.00   56.28
13:12:02     all   14.31    0.00    8.17    0.00    0.00    0.00    0.00    0.00    0.00   77.52
13:12:03     all   34.63    0.00   11.66    0.00    0.00    0.01    0.00    0.00    0.00   53.70
13:12:04     all   28.59    0.00   12.25    0.00    0.00    0.00    0.00    0.00    0.00   59.16
13:12:05     all   25.29    0.00   10.52    0.00    0.00    0.00    0.00    0.00    0.00   64.19
13:12:06     all   24.44    0.00    9.42    0.00    0.00    0.00    0.00    0.00    0.00   66.14
13:12:07     all   24.43    0.00   11.56    0.00    0.00    0.00    0.00    0.00    0.00   64.01
13:12:08     all   31.06    0.00   11.69    0.00    0.00    0.00    0.00    0.00    0.00   57.24
13:12:09     all   13.18    0.00    8.17    0.00    0.00    0.00    0.00    0.00    0.00   78.65
13:12:10     all   24.47    0.00    8.71    0.00    0.00    0.01    0.00    0.00    0.00   66.80
13:12:11     all   22.73    0.00    8.04    0.00    0.00    0.00    0.00    0.00    0.00   69.24
13:12:12     all   34.50    0.00   11.33    0.00    0.00    0.03    0.00    0.00    0.00   54.14
13:12:13     all   23.18    0.00    9.04    0.00    0.00    0.00    0.00    0.00    0.00   67.77
13:12:14     all   38.17    0.00   10.46    0.00    0.00    0.00    0.00    0.00    0.00   51.36
13:12:15     all   18.68    0.00    9.50    0.00    0.00    0.01    0.00    0.00    0.00   71.81
13:12:16     all   27.32    0.00    9.66    0.00    0.00    0.00    0.00    0.00    0.00   63.01
13:12:17     all   29.54    0.00   10.10    0.00    0.00    0.00    0.00    0.00    0.00   60.36
13:12:18     all   28.32    0.00   10.62    0.00    0.00    0.00    0.00    0.00    0.00   61.05
13:12:19     all   25.70    0.00   10.76    0.00    0.00    0.00    0.00    0.00    0.00   63.54
13:12:20     all   28.32    0.00   10.43    0.00    0.00    0.01    0.00    0.00    0.00   61.24
13:12:21     all   23.03    0.00    9.68    0.00    0.00    0.00    0.00    0.00    0.00   67.29
13:12:22     all   32.96    0.00   11.79    0.00    0.00    0.00    0.00    0.00    0.00   55.25
13:12:23     all   25.03    0.00   10.16    0.00    0.00    0.00    0.00    0.00    0.00   64.81
13:12:24     all   18.26    0.00    6.61    0.00    0.00    0.00    0.00    0.00    0.00   75.13
13:12:25     all   29.54    0.00    8.84    0.00    0.00    0.00    0.00    0.00    0.00   61.62
13:12:26     all   27.54    0.00    8.07    0.00    0.00    0.00    0.00    0.00    0.00   64.39
13:12:27     all   10.74    0.00    4.50    0.00    0.00    0.01    0.00    0.00    0.00   84.74
13:12:28     all   26.30    0.00    8.27    0.00    0.00    0.00    0.00    0.00    0.00   65.43
13:12:29     all   29.85    0.00    8.20    0.00    0.00    0.01    0.00    0.00    0.00   61.93
13:12:30     all   27.10    0.00   10.09    0.00    0.00    0.00    0.00    0.00    0.00   62.81
13:12:31     all   24.79    0.00    9.74    0.00    0.00    0.00    0.00    0.00    0.00   65.46
13:12:32     all   14.03    0.00    7.39    0.00    0.00    0.00    0.00    0.00    0.00   78.59
13:12:33     all   37.99    0.00   11.08    0.00    0.00    0.00    0.00    0.00    0.00   50.93
13:12:34     all   23.30    0.00    9.88    0.00    0.00    0.01    0.00    0.00    0.00   66.80
13:12:35     all   26.09    0.00   11.17    0.00    0.00    0.00    0.00    0.00    0.00   62.74
13:12:36     all   26.62    0.00    9.76    0.00    0.00    0.00    0.00    0.00    0.00   63.62
13:12:37     all   27.00    0.00    9.43    0.00    0.00    0.00    0.00    0.00    0.00   63.57
13:12:38     all    8.44    0.00    5.49    0.00    0.00    0.00    0.00    0.00    0.00   86.06
13:12:39     all   22.08    0.00    8.34    0.00    0.00    0.00    0.00    0.00    0.00   69.57
13:12:40     all   24.73    0.00    9.89    0.00    0.00    0.00    0.00    0.00    0.00   65.38
13:12:41     all   12.93    0.00    7.22    0.00    0.00    0.01    0.00    0.00    0.00   79.83
13:12:42     all   10.12    0.00    5.92    0.00    0.00    0.00    0.00    0.00    0.00   83.96
13:12:43     all   24.67    0.00    9.75    0.00    0.00    0.00    0.00    0.00    0.00   65.59
13:12:44     all    8.96    0.00    5.45    0.00    0.00    0.00    0.00    0.00    0.00   85.60
13:12:45     all   24.11    0.00    8.90    0.00    0.00    0.00    0.00    0.00    0.00   66.99
13:12:46     all   10.49    0.00    7.43    0.00    0.00    0.01    0.00    0.00    0.00   82.06
13:12:47     all   38.47    0.00   11.33    0.00    0.00    0.01    0.00    0.00    0.00   50.19
13:12:48     all   35.55    0.00   12.38    0.00    0.00    0.00    0.00    0.00    0.00   52.08
13:12:49     all   16.82    0.00    9.40    0.00    0.00    0.00    0.00    0.00    0.00   73.78
13:12:50     all   28.74    0.00   11.84    0.00    0.00    0.00    0.00    0.00    0.00   59.42
13:12:51     all   31.60    0.00   10.93    0.01    0.00    0.01    0.00    0.00    0.00   57.44
13:12:52     all   19.59    0.00    8.48    0.00    0.00    0.00    0.00    0.00    0.00   71.93
13:12:53     all   23.12    0.00    9.46    0.00    0.00    0.01    0.00    0.00    0.00   67.41
13:12:54     all   29.25    0.00   10.94    0.00    0.00    0.00    0.00    0.00    0.00   59.81
13:12:55     all   34.83    0.00   12.55    0.00    0.00    0.01    0.00    0.00    0.00   52.61
13:12:56     all   16.47    0.00    9.68    0.00    0.00    0.00    0.00    0.00    0.00   73.86
13:12:57     all   36.73    0.00   13.35    0.00    0.00    0.00    0.00    0.00    0.00   49.92
13:12:58     all   35.62    0.00   14.70    0.00    0.00    0.00    0.00    0.00    0.00   49.68
13:12:59     all   31.66    0.00   14.41    0.00    0.00    0.01    0.00    0.00    0.00   53.91
13:13:00     all   19.84    0.00    9.56    0.00    0.00    0.00    0.00    0.00    0.00   70.60
13:13:01     all   37.83    0.00   12.07    0.00    0.00    0.00    0.00    0.00    0.00   50.10
13:13:02     all   23.74    0.00   10.65    0.00    0.00    0.00    0.00    0.00    0.00   65.62
13:13:03     all   22.96    0.00    8.67    0.00    0.00    0.01    0.00    0.00    0.00   68.36
13:13:04     all   24.13    0.00    9.60    0.00    0.00    0.00    0.00    0.00    0.00   66.28
13:13:05     all   26.22    0.01    9.35    0.00    0.00    0.00    0.00    0.00    0.00   64.42
13:13:06     all   37.27    0.00   13.01    0.00    0.00    0.00    0.00    0.00    0.00   49.73
13:13:07     all   28.34    0.00   13.47    0.00    0.00    0.00    0.00    0.00    0.00   58.19
13:13:08     all   13.20    0.00    8.57    0.00    0.00    0.01    0.00    0.00    0.00   78.22
13:13:09     all   34.34    0.00   11.24    0.00    0.00    0.00    0.00    0.00    0.00   54.42
13:13:10     all   20.20    0.00   10.48    0.00    0.00    0.00    0.00    0.00    0.00   69.32
13:13:11     all   24.84    0.00   11.30    0.00    0.00    0.00    0.00    0.00    0.00   63.86
13:13:12     all   27.01    0.00    9.97    0.00    0.00    0.00    0.00    0.00    0.00   63.02
13:13:13     all   13.81    0.00    7.20    0.00    0.00    0.00    0.00    0.00    0.00   78.99
13:13:14     all   32.45    0.00    9.59    0.00    0.00    0.01    0.00    0.00    0.00   57.94
13:13:15     all   23.94    0.00   10.30    0.00    0.00    0.00    0.00    0.00    0.00   65.76
13:13:16     all   35.00    0.00   10.65    0.00    0.00    0.00    0.00    0.00    0.00   54.35
13:13:17     all   25.62    0.00   11.44    0.00    0.00    0.00    0.00    0.00    0.00   62.94
13:13:18     all   35.49    0.00   12.39    0.00    0.00    0.00    0.00    0.00    0.00   52.13
13:13:19     all   27.30    0.00   10.81    0.00    0.00    0.00    0.00    0.00    0.00   61.89
13:13:20     all   28.77    0.00    9.80    0.00    0.00    0.00    0.00    0.00    0.00   61.43
13:13:21     all   31.36    0.00   10.56    0.00    0.00    0.00    0.00    0.00    0.00   58.08
13:13:22     all   30.20    0.03   11.32    0.00    0.00    0.01    0.00    0.00    0.00   58.44
13:13:23     all   28.08    0.00   12.22    0.00    0.00    0.00    0.00    0.00    0.00   59.69
13:13:24     all   29.60    0.00   11.83    0.00    0.00    0.00    0.00    0.00    0.00   58.57
13:13:25     all   30.97    0.00   12.61    0.00    0.00    0.01    0.00    0.00    0.00   56.41
13:13:26     all   23.68    0.00   10.41    0.00    0.00    0.00    0.00    0.00    0.00   65.92
13:13:27     all   25.61    0.00    9.71    0.00    0.00    0.00    0.00    0.00    0.00   64.68
13:13:28     all   32.98    0.00   13.67    0.00    0.00    0.01    0.00    0.00    0.00   53.34
13:13:29     all   31.47    0.00   11.75    0.00    0.00    0.00    0.00    0.00    0.00   56.78
13:13:30     all   28.55    0.00   11.22    0.00    0.00    0.00    0.00    0.00    0.00   60.23
13:13:31     all   29.23    0.00    9.96    0.00    0.00    0.01    0.00    0.00    0.00   60.80
13:13:32     all   26.20    0.00    9.08    0.00    0.00    0.00    0.00    0.00    0.00   64.73
13:13:33     all   29.17    0.00    9.21    0.00    0.00    0.00    0.00    0.00    0.00   61.62
13:13:34     all   24.08    0.00    9.10    0.00    0.00    0.00    0.00    0.00    0.00   66.82
13:13:35     all   22.62    0.00    8.73    0.00    0.00    0.00    0.00    0.00    0.00   68.66
13:13:36     all   25.65    0.00    8.71    0.00    0.00    0.01    0.00    0.00    0.00   65.63
13:13:37     all   27.43    0.00    8.78    0.00    0.00    0.00    0.00    0.00    0.00   63.79
13:13:38     all   30.58    0.00   10.60    0.00    0.00    0.00    0.00    0.00    0.00   58.82
13:13:39     all   28.86    0.00   12.52    0.00    0.00    0.01    0.00    0.00    0.00   58.61
13:13:40     all   30.07    0.00   11.74    0.00    0.00    0.00    0.00    0.00    0.00   58.19
13:13:41     all   28.43    0.00   10.61    0.00    0.00    0.01    0.00    0.00    0.00   60.95
13:13:42     all   29.56    0.00   10.99    0.00    0.00    0.00    0.00    0.00    0.00   59.45
13:13:43     all   28.60    0.00   10.01    0.00    0.00    0.01    0.00    0.00    0.00   61.38
13:13:44     all   28.99    0.01    9.23    0.00    0.00    0.00    0.00    0.00    0.00   61.77
13:13:45     all   27.96    0.00   10.69    0.00    0.00    0.00    0.00    0.00    0.00   61.35
13:13:46     all   26.55    0.00   10.11    0.00    0.00    0.01    0.00    0.00    0.00   63.33
13:13:47     all   29.32    0.00   10.90    0.00    0.00    0.00    0.00    0.00    0.00   59.77
13:13:48     all   27.25    0.00   11.99    0.00    0.00    0.00    0.00    0.00    0.00   60.76
13:13:49     all   30.22    0.00   12.02    0.00    0.00    0.01    0.00    0.00    0.00   57.75
13:13:50     all   32.39    0.00   13.04    0.00    0.00    0.01    0.00    0.00    0.00   54.55
13:13:51     all   35.55    0.00   12.52    0.00    0.00    0.00    0.00    0.00    0.00   51.92
13:13:52     all   31.86    0.00   13.51    0.00    0.00    0.00    0.00    0.00    0.00   54.63
13:13:53     all   31.46    0.00   12.10    0.00    0.00    0.00    0.00    0.00    0.00   56.45
13:13:54     all   31.89    0.00   14.71    0.00    0.00    0.01    0.00    0.00    0.00   53.39
13:13:55     all   28.94    0.00   11.19    0.00    0.00    0.01    0.00    0.00    0.00   59.86
13:13:56     all   28.51    0.00   10.69    0.00    0.00    0.00    0.00    0.00    0.00   60.80
13:13:57     all   31.08    0.00   10.47    0.00    0.00    0.00    0.00    0.00    0.00   58.44
13:13:58     all   23.04    0.00   10.99    0.00    0.00    0.01    0.00    0.00    0.00   65.96
13:13:59     all   25.82    0.00   10.20    0.00    0.00    0.00    0.00    0.00    0.00   63.98
13:14:00     all   27.95    0.00   10.31    0.00    0.00    0.00    0.00    0.00    0.00   61.75
13:14:01     all   30.92    0.00   10.55    0.00    0.00    0.00    0.00    0.00    0.00   58.53
13:14:02     all   26.80    0.00    9.59    0.00    0.00    0.00    0.00    0.00    0.00   63.61
13:14:03     all   30.07    0.00   11.15    0.00    0.00    0.00    0.00    0.00    0.00   58.78
13:14:04     all   19.52    0.00    9.67    0.00    0.00    0.01    0.00    0.00    0.00   70.80
13:14:05     all   26.25    0.00   11.19    0.00    0.00    0.00    0.00    0.00    0.00   62.56
13:14:06     all   28.13    0.00   10.81    0.00    0.00    0.00    0.00    0.00    0.00   61.05
13:14:07     all   30.35    0.00   11.27    0.00    0.00    0.01    0.00    0.00    0.00   58.37
13:14:08     all   29.12    0.00   10.00    0.00    0.00    0.00    0.00    0.00    0.00   60.88
13:14:09     all   31.35    0.00   13.62    0.00    0.00    0.00    0.00    0.00    0.00   55.03
13:14:10     all   26.10    0.00   11.48    0.00    0.00    0.00    0.00    0.00    0.00   62.42
13:14:11     all   22.72    0.00   10.80    0.01    0.00    0.00    0.00    0.00    0.00   66.46
13:14:12     all   37.53    0.00   12.59    0.00    0.00    0.01    0.00    0.00    0.00   49.86
13:14:13     all   21.56    0.00   11.20    0.00    0.00    0.00    0.00    0.00    0.00   67.24
13:14:14     all   37.37    0.00   12.92    0.00    0.00    0.00    0.00    0.00    0.00   49.71
13:14:15     all   24.15    0.00   10.44    0.00    0.00    0.01    0.00    0.00    0.00   65.40
13:14:16     all   27.81    0.00   11.08    0.00    0.00    0.00    0.00    0.00    0.00   61.11
13:14:17     all   34.57    0.00   12.60    0.00    0.00    0.00    0.00    0.00    0.00   52.84
13:14:18     all   26.42    0.00   11.47    0.00    0.00    0.01    0.00    0.00    0.00   62.09
13:14:19     all   27.30    0.00   10.68    0.00    0.00    0.00    0.00    0.00    0.00   62.02
13:14:20     all   23.28    0.00    9.80    0.00    0.00    0.00    0.00    0.00    0.00   66.92
13:14:21     all   28.13    0.01   10.67    0.01    0.00    0.01    0.00    0.00    0.00   61.16
13:14:22     all   28.00    0.00    9.80    0.00    0.00    0.01    0.00    0.00    0.00   62.19
13:14:23     all   29.50    0.00    9.43    0.00    0.00    0.01    0.00    0.00    0.00   61.06
13:14:24     all   29.00    0.00   10.23    0.00    0.00    0.00    0.00    0.00    0.00   60.77
13:14:25     all   30.43    0.00   12.92    0.01    0.00    0.00    0.00    0.00    0.00   56.64
13:14:26     all   24.98    0.00   11.79    0.00    0.00    0.00    0.00    0.00    0.00   63.24
13:14:27     all   24.73    0.00   11.03    0.00    0.00    0.00    0.00    0.00    0.00   64.25
13:14:28     all   38.37    0.00   11.63    0.00    0.00    0.00    0.00    0.00    0.00   50.00
13:14:29     all   17.45    0.00    9.10    0.00    0.00    0.00    0.00    0.00    0.00   73.44
13:14:30     all   38.94    0.00   11.16    0.00    0.00    0.01    0.00    0.00    0.00   49.89
13:14:31     all   23.72    0.00   10.15    0.00    0.00    0.00    0.00    0.00    0.00   66.12
13:14:32     all   25.65    0.00    9.42    0.00    0.00    0.00    0.00    0.00    0.00   64.93
13:14:33     all   33.78    0.00   11.53    0.00    0.00    0.01    0.00    0.00    0.00   54.68
13:14:34     all   26.15    0.00   12.31    0.00    0.00    0.00    0.00    0.00    0.00   61.54
13:14:35     all   28.01    0.00   10.58    0.00    0.00    0.00    0.00    0.00    0.00   61.42
13:14:36     all   29.62    0.00   11.22    0.00    0.00    0.00    0.00    0.00    0.00   59.17
13:14:37     all   25.56    0.00    9.40    0.00    0.00    0.00    0.00    0.00    0.00   65.03
13:14:38     all   35.16    0.00   13.35    0.00    0.00    0.00    0.00    0.00    0.00   51.49
13:14:39     all   25.15    0.00   10.94    0.00    0.00    0.00    0.00    0.00    0.00   63.90
13:14:40     all   24.71    0.00    8.71    0.00    0.00    0.00    0.00    0.00    0.00   66.58
13:14:41     all   29.38    0.00    8.38    0.00    0.00    0.01    0.00    0.00    0.00   62.23
13:14:42     all   25.28    0.00    9.46    0.00    0.00    0.01    0.00    0.00    0.00   65.25
13:14:43     all   26.15    0.00   10.84    0.00    0.00    0.00    0.00    0.00    0.00   63.01
13:14:44     all   32.32    0.00   10.88    0.00    0.00    0.00    0.00    0.00    0.00   56.80
13:14:45     all   28.53    0.00   11.88    0.00    0.00    0.00    0.00    0.00    0.00   59.59
13:14:46     all   29.03    0.00   11.66    0.00    0.00    0.00    0.00    0.00    0.00   59.31
13:14:47     all   24.03    0.00    8.58    0.00    0.00    0.01    0.00    0.00    0.00   67.38
13:14:48     all   33.46    0.00   11.35    0.00    0.00    0.01    0.00    0.00    0.00   55.17
13:14:49     all   26.71    0.00   10.94    0.00    0.00    0.00    0.00    0.00    0.00   62.34
13:14:50     all   34.99    0.00   12.41    0.00    0.00    0.00    0.00    0.00    0.00   52.60
13:14:51     all   23.93    0.00    9.41    0.00    0.00    0.00    0.00    0.00    0.00   66.65
13:14:52     all   29.08    0.00    9.57    0.00    0.00    0.00    0.00    0.00    0.00   61.35
13:14:53     all   23.26    0.00    9.78    0.00    0.00    0.01    0.00    0.00    0.00   66.94
13:14:54     all   30.46    0.00   10.46    0.00    0.00    0.00    0.00    0.00    0.00   59.08
13:14:55     all   25.89    0.00   11.00    0.00    0.00    0.00    0.00    0.00    0.00   63.11
13:14:56     all   29.35    0.00    9.84    0.00    0.00    0.00    0.00    0.00    0.00   60.81
13:14:57     all   33.73    0.00   11.24    0.00    0.00    0.01    0.00    0.00    0.00   55.01
13:14:58     all   30.02    0.01   12.01    0.00    0.00    0.00    0.00    0.00    0.00   57.96
13:14:59     all   12.23    0.00    7.89    0.00    0.00    0.00    0.00    0.00    0.00   79.89
13:15:00     all   36.23    0.00   12.68    0.00    0.00    0.00    0.00    0.00    0.00   51.09
13:15:01     all   17.67    0.00    8.21    0.00    0.00    0.04    0.00    0.00    0.00   74.08
13:15:02     all   25.68    0.00    8.22    0.00    0.00    0.01    0.00    0.00    0.00   66.09
13:15:03     all   28.30    0.00    8.58    0.00    0.00    0.00    0.00    0.00    0.00   63.12
13:15:04     all   26.50    0.00    8.58    0.00    0.00    0.00    0.00    0.00    0.00   64.92
13:15:05     all   26.46    0.00   10.42    0.00    0.00    0.00    0.00    0.00    0.00   63.11
13:15:06     all   17.80    0.00    9.18    0.00    0.00    0.00    0.00    0.00    0.00   73.03
13:15:07     all   36.08    0.00   10.45    0.00    0.00    0.00    0.00    0.00    0.00   53.47
Average:     all   20.49    0.00   11.63    0.00    0.00    0.00    0.00    0.00    0.00   67.87
