v5_sweeps block=256 backprop_blocks_per_sm=4 reach_blocks_per_sm=2
v5_sweeps block=256 backprop_blocks_per_sm=4 reach_blocks_per_sm=2
v5_sweeps block=256 backprop_blocks_per_sm=4 reach_blocks_per_sm=2
v5_sweeps block=256 backprop_blocks_per_sm=4 reach_blocks_per_sm=2
v5_sweeps block=256 backprop_blocks_per_sm=4 reach_blocks_per_sm=2
v5_sweeps block=256 backprop_blocks_per_sm=4 reach_blocks_per_sm=2
v5 GEMM compute=fast-f16
v5_device jobs=50 rows=9100 cells=330100 direct=true graph_reused=false upload_ms=10.07 capture_ms=363.93 queue_ms=40.99 gpu_ms=0.01 unpack_ms=2.46 total_ms=417.45
v5_service device=1 lane=2 class=0 jobs=50 rows=9100 cells=330100 reach=332700 reverse=330100 table_mib=14.7 mutable_mib=400.0 max_job_mib=8.5 oldest_ms=78.15 pack_ms=10.43 solve_ms=417.53
v5_device jobs=41 rows=7462 cells=270682 direct=true graph_reused=false upload_ms=7.77 capture_ms=367.56 queue_ms=42.50 gpu_ms=0.01 unpack_ms=5.58 total_ms=423.41
v5_service device=0 lane=0 class=0 jobs=41 rows=7462 cells=270682 reach=272814 reverse=270682 table_mib=12.0 mutable_mib=328.0 max_job_mib=8.5 oldest_ms=79.06 pack_ms=9.80 solve_ms=423.45
v5_device jobs=38 rows=6916 cells=250876 direct=true graph_reused=false upload_ms=10.11 capture_ms=360.16 queue_ms=43.15 gpu_ms=0.01 unpack_ms=2.40 total_ms=415.83
v5_service device=0 lane=2 class=0 jobs=38 rows=6916 cells=250876 reach=252852 reverse=250876 table_mib=11.2 mutable_mib=304.0 max_job_mib=8.5 oldest_ms=78.63 pack_ms=14.15 solve_ms=415.90
v5_device jobs=39 rows=7098 cells=257478 direct=true graph_reused=false upload_ms=12.34 capture_ms=358.39 queue_ms=42.95 gpu_ms=0.01 unpack_ms=3.70 total_ms=417.39
v5_service device=1 lane=0 class=0 jobs=39 rows=7098 cells=257478 reach=259506 reverse=257478 table_mib=11.4 mutable_mib=312.0 max_job_mib=8.5 oldest_ms=80.69 pack_ms=13.93 solve_ms=417.44
v5_device jobs=41 rows=7462 cells=270682 direct=true graph_reused=false upload_ms=9.62 capture_ms=357.86 queue_ms=43.31 gpu_ms=0.01 unpack_ms=4.24 total_ms=415.04
v5_service device=1 lane=1 class=0 jobs=41 rows=7462 cells=270682 reach=272814 reverse=270682 table_mib=12.0 mutable_mib=328.0 max_job_mib=8.5 oldest_ms=80.85 pack_ms=14.62 solve_ms=415.10
v5_device jobs=39 rows=7098 cells=257478 direct=true graph_reused=false upload_ms=7.53 capture_ms=367.91 queue_ms=45.32 gpu_ms=0.01 unpack_ms=4.32 total_ms=425.09
v5_service device=0 lane=1 class=0 jobs=39 rows=7098 cells=257478 reach=259506 reverse=257478 table_mib=11.4 mutable_mib=312.0 max_job_mib=8.5 oldest_ms=79.84 pack_ms=9.45 solve_ms=425.17
v5_device jobs=52 rows=9464 cells=343304 direct=true graph_reused=false upload_ms=6.48 capture_ms=3.91 queue_ms=38.02 gpu_ms=0.01 unpack_ms=1.87 total_ms=50.29
v5_service device=1 lane=2 class=0 jobs=52 rows=9464 cells=343304 reach=346008 reverse=343304 table_mib=15.3 mutable_mib=416.0 max_job_mib=8.5 oldest_ms=78.17 pack_ms=6.93 solve_ms=50.34
v5_device jobs=46 rows=8372 cells=303692 direct=true graph_reused=false upload_ms=7.38 capture_ms=3.56 queue_ms=36.49 gpu_ms=0.01 unpack_ms=2.51 total_ms=49.94
v5_service device=0 lane=1 class=0 jobs=46 rows=8372 cells=303692 reach=306084 reverse=303692 table_mib=13.5 mutable_mib=368.0 max_job_mib=8.5 oldest_ms=79.56 pack_ms=8.51 solve_ms=50.01
v5_device jobs=62 rows=11284 cells=409324 direct=true graph_reused=false upload_ms=12.59 capture_ms=3.03 queue_ms=40.24 gpu_ms=0.01 unpack_ms=3.33 total_ms=59.20
v5_service device=0 lane=2 class=0 jobs=62 rows=11284 cells=409324 reach=412548 reverse=409324 table_mib=18.2 mutable_mib=496.0 max_job_mib=8.5 oldest_ms=78.30 pack_ms=8.48 solve_ms=59.25
v5_device jobs=58 rows=10556 cells=382916 direct=true graph_reused=false upload_ms=11.28 capture_ms=3.38 queue_ms=44.56 gpu_ms=0.01 unpack_ms=2.91 total_ms=62.15
v5_service device=1 lane=1 class=0 jobs=58 rows=10556 cells=382916 reach=385932 reverse=382916 table_mib=17.0 mutable_mib=464.0 max_job_mib=8.5 oldest_ms=78.61 pack_ms=8.24 solve_ms=62.21
v5_device jobs=54 rows=9828 cells=356508 direct=true graph_reused=false upload_ms=9.54 capture_ms=4.22 queue_ms=47.71 gpu_ms=0.02 unpack_ms=2.76 total_ms=64.26
v5_service device=1 lane=0 class=0 jobs=54 rows=9828 cells=356508 reach=359316 reverse=356508 table_mib=15.8 mutable_mib=432.0 max_job_mib=8.5 oldest_ms=78.99 pack_ms=7.47 solve_ms=64.32
v5_device jobs=63 rows=11466 cells=415926 direct=true graph_reused=false upload_ms=17.22 capture_ms=30.16 queue_ms=38.38 gpu_ms=5.34 unpack_ms=3.06 total_ms=94.17
v5_service device=0 lane=0 class=0 jobs=63 rows=11466 cells=415926 reach=419202 reverse=415926 table_mib=18.5 mutable_mib=504.0 max_job_mib=8.5 oldest_ms=77.32 pack_ms=14.74 solve_ms=94.22
v5_device jobs=59 rows=10738 cells=389518 direct=true graph_reused=false upload_ms=7.94 capture_ms=3.20 queue_ms=28.82 gpu_ms=0.01 unpack_ms=2.48 total_ms=42.45
v5_service device=1 lane=2 class=0 jobs=59 rows=10738 cells=389518 reach=392586 reverse=389518 table_mib=17.3 mutable_mib=472.0 max_job_mib=8.5 oldest_ms=79.26 pack_ms=7.77 solve_ms=42.50
v5_device jobs=60 rows=10920 cells=396120 direct=true graph_reused=false upload_ms=10.83 capture_ms=3.40 queue_ms=36.91 gpu_ms=0.01 unpack_ms=2.65 total_ms=53.80
v5_service device=0 lane=2 class=0 jobs=60 rows=10920 cells=396120 reach=399240 reverse=396120 table_mib=17.6 mutable_mib=480.0 max_job_mib=8.5 oldest_ms=78.79 pack_ms=8.80 solve_ms=53.84
v5_device jobs=51 rows=9282 cells=336702 direct=true graph_reused=false upload_ms=9.12 capture_ms=7.43 queue_ms=38.70 gpu_ms=0.01 unpack_ms=2.84 total_ms=58.10
v5_service device=0 lane=1 class=0 jobs=51 rows=9282 cells=336702 reach=339354 reverse=336702 table_mib=15.0 mutable_mib=408.0 max_job_mib=8.5 oldest_ms=78.54 pack_ms=8.69 solve_ms=58.14
v5_device jobs=57 rows=10374 cells=376314 direct=true graph_reused=false upload_ms=8.61 capture_ms=3.81 queue_ms=44.70 gpu_ms=5.24 unpack_ms=3.08 total_ms=65.44
v5_service device=1 lane=0 class=0 jobs=57 rows=10374 cells=376314 reach=379278 reverse=376314 table_mib=16.7 mutable_mib=456.0 max_job_mib=8.5 oldest_ms=77.71 pack_ms=8.91 solve_ms=65.48
v5_device jobs=61 rows=11102 cells=402722 direct=true graph_reused=false upload_ms=10.79 capture_ms=3.14 queue_ms=41.79 gpu_ms=5.54 unpack_ms=3.40 total_ms=64.65
v5_service device=1 lane=1 class=0 jobs=61 rows=11102 cells=402722 reach=405894 reverse=402722 table_mib=17.9 mutable_mib=488.0 max_job_mib=8.5 oldest_ms=80.47 pack_ms=8.63 solve_ms=64.71
v5_device jobs=63 rows=11466 cells=415926 direct=true graph_reused=false upload_ms=19.05 capture_ms=2.96 queue_ms=37.03 gpu_ms=0.01 unpack_ms=2.53 total_ms=61.59
v5_service device=0 lane=0 class=0 jobs=63 rows=11466 cells=415926 reach=419202 reverse=415926 table_mib=18.5 mutable_mib=504.0 max_job_mib=8.5 oldest_ms=80.27 pack_ms=9.07 solve_ms=61.64
v5_device jobs=56 rows=10192 cells=369712 direct=true graph_reused=false upload_ms=6.59 capture_ms=3.58 queue_ms=24.38 gpu_ms=0.01 unpack_ms=2.63 total_ms=37.19
v5_service device=1 lane=2 class=0 jobs=56 rows=10192 cells=369712 reach=372624 reverse=369712 table_mib=16.4 mutable_mib=448.0 max_job_mib=8.5 oldest_ms=82.21 pack_ms=9.33 solve_ms=37.25
v5_device jobs=58 rows=10556 cells=382916 direct=true graph_reused=false upload_ms=8.06 capture_ms=2.66 queue_ms=38.62 gpu_ms=0.01 unpack_ms=2.27 total_ms=51.62
v5_service device=0 lane=2 class=0 jobs=58 rows=10556 cells=382916 reach=385932 reverse=382916 table_mib=17.0 mutable_mib=464.0 max_job_mib=8.5 oldest_ms=77.44 pack_ms=7.65 solve_ms=51.68
v5_device jobs=52 rows=9464 cells=343304 direct=true graph_reused=false upload_ms=6.96 capture_ms=3.36 queue_ms=35.44 gpu_ms=0.01 unpack_ms=2.70 total_ms=48.47
v5_service device=0 lane=1 class=0 jobs=52 rows=9464 cells=343304 reach=346008 reverse=343304 table_mib=15.3 mutable_mib=416.0 max_job_mib=8.5 oldest_ms=80.03 pack_ms=8.70 solve_ms=48.52
v5_device jobs=61 rows=11102 cells=402722 direct=true graph_reused=false upload_ms=9.56 capture_ms=3.09 queue_ms=39.94 gpu_ms=0.01 unpack_ms=2.24 total_ms=54.85
v5_service device=1 lane=1 class=0 jobs=61 rows=11102 cells=402722 reach=405894 reverse=402722 table_mib=17.9 mutable_mib=488.0 max_job_mib=8.5 oldest_ms=77.66 pack_ms=8.12 solve_ms=54.90
v5_device jobs=59 rows=10738 cells=389518 direct=true graph_reused=false upload_ms=9.56 capture_ms=3.41 queue_ms=39.61 gpu_ms=0.01 unpack_ms=2.80 total_ms=55.39
v5_service device=1 lane=0 class=0 jobs=59 rows=10738 cells=389518 reach=392586 reverse=389518 table_mib=17.3 mutable_mib=472.0 max_job_mib=8.5 oldest_ms=80.12 pack_ms=8.27 solve_ms=55.46
v5_device jobs=63 rows=11466 cells=415926 direct=true graph_reused=false upload_ms=9.77 capture_ms=3.02 queue_ms=27.80 gpu_ms=0.01 unpack_ms=6.62 total_ms=47.21
v5_service device=0 lane=0 class=0 jobs=63 rows=11466 cells=415926 reach=419202 reverse=415926 table_mib=18.5 mutable_mib=504.0 max_job_mib=8.5 oldest_ms=78.38 pack_ms=8.65 solve_ms=47.27
v5_device jobs=51 rows=9282 cells=336702 direct=true graph_reused=false upload_ms=13.75 capture_ms=3.37 queue_ms=22.26 gpu_ms=0.01 unpack_ms=2.16 total_ms=41.55
v5_service device=1 lane=2 class=0 jobs=51 rows=9282 cells=336702 reach=339354 reverse=336702 table_mib=15.0 mutable_mib=408.0 max_job_mib=8.5 oldest_ms=78.22 pack_ms=9.69 solve_ms=41.61
v5_device jobs=59 rows=10738 cells=389518 direct=true graph_reused=false upload_ms=8.27 capture_ms=2.65 queue_ms=38.21 gpu_ms=0.01 unpack_ms=2.52 total_ms=51.66
v5_service device=0 lane=2 class=0 jobs=59 rows=10738 cells=389518 reach=392586 reverse=389518 table_mib=17.3 mutable_mib=472.0 max_job_mib=8.5 oldest_ms=78.68 pack_ms=7.86 solve_ms=51.71
v5_device jobs=53 rows=9646 cells=349906 direct=true graph_reused=false upload_ms=7.51 capture_ms=3.58 queue_ms=36.94 gpu_ms=0.01 unpack_ms=2.75 total_ms=50.80
v5_service device=0 lane=1 class=0 jobs=53 rows=9646 cells=349906 reach=352662 reverse=349906 table_mib=15.6 mutable_mib=424.0 max_job_mib=8.5 oldest_ms=79.31 pack_ms=9.03 solve_ms=50.85
v5_device jobs=53 rows=9646 cells=349906 direct=true graph_reused=false upload_ms=5.98 capture_ms=3.77 queue_ms=35.33 gpu_ms=0.01 unpack_ms=2.51 total_ms=47.60
v5_service device=1 lane=0 class=0 jobs=53 rows=9646 cells=349906 reach=352662 reverse=349906 table_mib=15.6 mutable_mib=424.0 max_job_mib=8.5 oldest_ms=79.71 pack_ms=8.89 solve_ms=47.67
v5_device jobs=60 rows=10920 cells=396120 direct=true graph_reused=false upload_ms=8.79 capture_ms=3.19 queue_ms=36.13 gpu_ms=0.01 unpack_ms=2.88 total_ms=50.99
v5_service device=1 lane=1 class=0 jobs=60 rows=10920 cells=396120 reach=399240 reverse=396120 table_mib=17.6 mutable_mib=480.0 max_job_mib=8.5 oldest_ms=81.08 pack_ms=8.86 solve_ms=51.06
v5_device jobs=63 rows=11466 cells=415926 direct=true graph_reused=false upload_ms=15.04 capture_ms=3.05 queue_ms=27.91 gpu_ms=0.02 unpack_ms=3.07 total_ms=49.08
v5_service device=0 lane=0 class=0 jobs=63 rows=11466 cells=415926 reach=419202 reverse=415926 table_mib=18.5 mutable_mib=504.0 max_job_mib=8.5 oldest_ms=77.27 pack_ms=8.94 solve_ms=49.13
v5_device jobs=56 rows=10192 cells=369712 direct=true graph_reused=false upload_ms=8.29 capture_ms=2.93 queue_ms=23.71 gpu_ms=0.01 unpack_ms=2.41 total_ms=37.35
v5_service device=1 lane=2 class=0 jobs=56 rows=10192 cells=369712 reach=372624 reverse=369712 table_mib=16.4 mutable_mib=448.0 max_job_mib=8.5 oldest_ms=78.42 pack_ms=8.17 solve_ms=37.40
v5_device jobs=58 rows=10556 cells=382916 direct=true graph_reused=false upload_ms=9.59 capture_ms=2.73 queue_ms=36.15 gpu_ms=0.01 unpack_ms=2.58 total_ms=51.06
v5_service device=0 lane=2 class=0 jobs=58 rows=10556 cells=382916 reach=385932 reverse=382916 table_mib=17.0 mutable_mib=464.0 max_job_mib=8.5 oldest_ms=78.72 pack_ms=9.24 solve_ms=51.12
v5_device jobs=54 rows=9828 cells=356508 direct=true graph_reused=false upload_ms=9.11 capture_ms=3.29 queue_ms=36.55 gpu_ms=0.01 unpack_ms=3.03 total_ms=51.99
v5_service device=0 lane=1 class=0 jobs=54 rows=9828 cells=356508 reach=359316 reverse=356508 table_mib=15.8 mutable_mib=432.0 max_job_mib=8.5 oldest_ms=79.49 pack_ms=9.52 solve_ms=52.04
v5_device jobs=54 rows=9828 cells=356508 direct=true graph_reused=false upload_ms=5.46 capture_ms=2.58 queue_ms=32.27 gpu_ms=0.01 unpack_ms=2.78 total_ms=43.10
v5_service device=1 lane=0 class=0 jobs=54 rows=9828 cells=356508 reach=359316 reverse=356508 table_mib=15.8 mutable_mib=432.0 max_job_mib=8.5 oldest_ms=78.35 pack_ms=7.70 solve_ms=43.15
v5_device jobs=59 rows=10738 cells=389518 direct=true graph_reused=false upload_ms=7.52 capture_ms=3.33 queue_ms=35.21 gpu_ms=0.02 unpack_ms=2.97 total_ms=49.04
v5_service device=1 lane=1 class=0 jobs=59 rows=10738 cells=389518 reach=392586 reverse=389518 table_mib=17.3 mutable_mib=472.0 max_job_mib=8.5 oldest_ms=79.15 pack_ms=7.94 solve_ms=49.09
v5_device jobs=62 rows=11284 cells=409324 direct=true graph_reused=false upload_ms=7.27 capture_ms=4.64 queue_ms=26.44 gpu_ms=0.02 unpack_ms=3.19 total_ms=41.55
v5_service device=0 lane=0 class=0 jobs=62 rows=11284 cells=409324 reach=412548 reverse=409324 table_mib=18.2 mutable_mib=496.0 max_job_mib=8.5 oldest_ms=79.02 pack_ms=8.03 solve_ms=41.61
v5_device jobs=61 rows=11102 cells=402722 direct=true graph_reused=false upload_ms=11.46 capture_ms=3.30 queue_ms=24.21 gpu_ms=4.98 unpack_ms=2.55 total_ms=46.50
v5_service device=1 lane=2 class=0 jobs=61 rows=11102 cells=402722 reach=405894 reverse=402722 table_mib=17.9 mutable_mib=488.0 max_job_mib=8.5 oldest_ms=80.09 pack_ms=9.94 solve_ms=46.55
v5_device jobs=54 rows=9828 cells=356508 direct=true graph_reused=false upload_ms=8.88 capture_ms=3.32 queue_ms=39.23 gpu_ms=0.02 unpack_ms=2.93 total_ms=54.37
v5_service device=0 lane=1 class=0 jobs=54 rows=9828 cells=356508 reach=359316 reverse=356508 table_mib=15.8 mutable_mib=432.0 max_job_mib=8.5 oldest_ms=79.81 pack_ms=9.81 solve_ms=54.44
v5_device jobs=60 rows=10920 cells=396120 direct=true graph_reused=false upload_ms=10.09 capture_ms=2.77 queue_ms=43.81 gpu_ms=0.01 unpack_ms=3.32 total_ms=60.00
v5_service device=0 lane=2 class=0 jobs=60 rows=10920 cells=396120 reach=399240 reverse=396120 table_mib=17.6 mutable_mib=480.0 max_job_mib=8.5 oldest_ms=78.32 pack_ms=8.97 solve_ms=60.06
v5_device jobs=62 rows=11284 cells=409324 direct=true graph_reused=false upload_ms=8.32 capture_ms=2.54 queue_ms=35.86 gpu_ms=6.05 unpack_ms=3.47 total_ms=56.24
v5_service device=1 lane=0 class=0 jobs=62 rows=11284 cells=409324 reach=412548 reverse=409324 table_mib=18.2 mutable_mib=496.0 max_job_mib=8.5 oldest_ms=81.46 pack_ms=10.68 solve_ms=56.29
v5_device jobs=61 rows=11102 cells=402722 direct=true graph_reused=false upload_ms=7.69 capture_ms=3.33 queue_ms=38.60 gpu_ms=0.02 unpack_ms=3.50 total_ms=53.15
v5_service device=1 lane=1 class=0 jobs=61 rows=11102 cells=402722 reach=405894 reverse=402722 table_mib=17.9 mutable_mib=488.0 max_job_mib=8.5 oldest_ms=79.43 pack_ms=8.33 solve_ms=53.21
v5_device jobs=60 rows=10920 cells=396120 direct=true graph_reused=false upload_ms=6.46 capture_ms=3.14 queue_ms=33.11 gpu_ms=0.03 unpack_ms=3.26 total_ms=45.99
v5_service device=0 lane=0 class=0 jobs=60 rows=10920 cells=396120 reach=399240 reverse=396120 table_mib=17.6 mutable_mib=480.0 max_job_mib=8.5 oldest_ms=77.99 pack_ms=8.07 solve_ms=46.04
v5_device jobs=61 rows=11102 cells=402722 direct=true graph_reused=false upload_ms=8.18 capture_ms=2.83 queue_ms=24.46 gpu_ms=0.01 unpack_ms=2.48 total_ms=37.95
v5_service device=1 lane=2 class=0 jobs=61 rows=11102 cells=402722 reach=405894 reverse=402722 table_mib=17.9 mutable_mib=488.0 max_job_mib=8.5 oldest_ms=82.33 pack_ms=10.58 solve_ms=38.00
v5_device jobs=53 rows=9646 cells=349906 direct=true graph_reused=false upload_ms=11.23 capture_ms=3.30 queue_ms=43.22 gpu_ms=0.01 unpack_ms=2.93 total_ms=60.69
v5_service device=0 lane=1 class=0 jobs=53 rows=9646 cells=349906 reach=352662 reverse=349906 table_mib=15.6 mutable_mib=424.0 max_job_mib=8.5 oldest_ms=78.62 pack_ms=9.00 solve_ms=60.76
v5_device jobs=58 rows=10556 cells=382916 direct=true graph_reused=false upload_ms=9.01 capture_ms=2.86 queue_ms=46.62 gpu_ms=0.01 unpack_ms=3.37 total_ms=61.86
v5_service device=0 lane=2 class=0 jobs=58 rows=10556 cells=382916 reach=385932 reverse=382916 table_mib=17.0 mutable_mib=464.0 max_job_mib=8.5 oldest_ms=78.21 pack_ms=8.12 solve_ms=61.91
v5_device jobs=61 rows=11102 cells=402722 direct=true graph_reused=false upload_ms=6.86 capture_ms=2.60 queue_ms=36.73 gpu_ms=0.01 unpack_ms=3.34 total_ms=49.54
v5_service device=1 lane=0 class=0 jobs=61 rows=11102 cells=402722 reach=405894 reverse=402722 table_mib=17.9 mutable_mib=488.0 max_job_mib=8.5 oldest_ms=79.57 pack_ms=9.91 solve_ms=49.58
v5_device jobs=60 rows=10920 cells=396120 direct=true graph_reused=false upload_ms=8.65 capture_ms=3.38 queue_ms=36.89 gpu_ms=0.02 unpack_ms=3.97 total_ms=52.91
v5_service device=1 lane=1 class=0 jobs=60 rows=10920 cells=396120 reach=399240 reverse=396120 table_mib=17.6 mutable_mib=480.0 max_job_mib=8.5 oldest_ms=79.25 pack_ms=8.29 solve_ms=52.98
v5_device jobs=62 rows=11284 cells=409324 direct=true graph_reused=false upload_ms=7.89 capture_ms=3.11 queue_ms=44.34 gpu_ms=0.02 unpack_ms=3.38 total_ms=58.74
v5_service device=0 lane=0 class=0 jobs=62 rows=11284 cells=409324 reach=412548 reverse=409324 table_mib=18.2 mutable_mib=496.0 max_job_mib=8.5 oldest_ms=78.78 pack_ms=8.70 solve_ms=58.79
v5_device jobs=63 rows=11466 cells=415926 direct=true graph_reused=false upload_ms=11.14 capture_ms=4.65 queue_ms=23.84 gpu_ms=0.01 unpack_ms=2.65 total_ms=42.28
v5_service device=1 lane=2 class=0 jobs=63 rows=11466 cells=415926 reach=419202 reverse=415926 table_mib=18.5 mutable_mib=504.0 max_job_mib=8.5 oldest_ms=79.41 pack_ms=13.11 solve_ms=42.33
v5_device jobs=60 rows=10920 cells=396120 direct=true graph_reused=false upload_ms=10.99 capture_ms=2.69 queue_ms=36.10 gpu_ms=0.01 unpack_ms=2.58 total_ms=52.38
v5_service device=1 lane=0 class=0 jobs=60 rows=10920 cells=396120 reach=399240 reverse=396120 table_mib=17.6 mutable_mib=480.0 max_job_mib=8.5 oldest_ms=79.49 pack_ms=8.63 solve_ms=52.45
v5_device jobs=59 rows=10738 cells=389518 direct=true graph_reused=false upload_ms=8.92 capture_ms=3.27 queue_ms=36.52 gpu_ms=0.03 unpack_ms=3.74 total_ms=52.47
v5_service device=1 lane=1 class=0 jobs=59 rows=10738 cells=389518 reach=392586 reverse=389518 table_mib=17.3 mutable_mib=472.0 max_job_mib=8.5 oldest_ms=78.50 pack_ms=8.46 solve_ms=52.53
v5_device jobs=53 rows=9646 cells=349906 direct=true graph_reused=false upload_ms=11.63 capture_ms=2.61 queue_ms=43.92 gpu_ms=0.02 unpack_ms=3.27 total_ms=61.44
v5_service device=0 lane=1 class=0 jobs=53 rows=9646 cells=349906 reach=352662 reverse=349906 table_mib=15.6 mutable_mib=424.0 max_job_mib=8.5 oldest_ms=78.74 pack_ms=8.93 solve_ms=61.50
v5_device jobs=56 rows=10192 cells=369712 direct=true graph_reused=false upload_ms=9.44 capture_ms=2.90 queue_ms=49.27 gpu_ms=0.02 unpack_ms=4.17 total_ms=65.81
v5_service device=0 lane=2 class=0 jobs=56 rows=10192 cells=369712 reach=372624 reverse=369712 table_mib=16.4 mutable_mib=448.0 max_job_mib=8.5 oldest_ms=77.84 pack_ms=7.88 solve_ms=65.87
v5_device jobs=62 rows=11284 cells=409324 direct=true graph_reused=false upload_ms=7.17 capture_ms=3.11 queue_ms=45.84 gpu_ms=0.02 unpack_ms=3.09 total_ms=59.23
v5_service device=0 lane=0 class=0 jobs=62 rows=11284 cells=409324 reach=412548 reverse=409324 table_mib=18.2 mutable_mib=496.0 max_job_mib=8.5 oldest_ms=78.59 pack_ms=9.39 solve_ms=59.28
v5_device jobs=63 rows=11466 cells=415926 direct=true graph_reused=false upload_ms=13.17 capture_ms=4.85 queue_ms=24.24 gpu_ms=0.01 unpack_ms=2.74 total_ms=45.02
v5_service device=1 lane=2 class=0 jobs=63 rows=11466 cells=415926 reach=419202 reverse=415926 table_mib=18.5 mutable_mib=504.0 max_job_mib=8.5 oldest_ms=77.48 pack_ms=8.43 solve_ms=45.08
v5_device jobs=60 rows=10920 cells=396120 direct=true graph_reused=false upload_ms=9.62 capture_ms=2.90 queue_ms=36.25 gpu_ms=0.01 unpack_ms=2.59 total_ms=51.37
v5_service device=1 lane=0 class=0 jobs=60 rows=10920 cells=396120 reach=399240 reverse=396120 table_mib=17.6 mutable_mib=480.0 max_job_mib=8.5 oldest_ms=79.00 pack_ms=8.12 solve_ms=51.43
v5_device jobs=57 rows=10374 cells=376314 direct=true graph_reused=false upload_ms=8.12 capture_ms=3.18 queue_ms=36.12 gpu_ms=0.01 unpack_ms=3.00 total_ms=50.43
v5_service device=1 lane=1 class=0 jobs=57 rows=10374 cells=376314 reach=379278 reverse=376314 table_mib=16.7 mutable_mib=456.0 max_job_mib=8.5 oldest_ms=77.99 pack_ms=7.49 solve_ms=50.49
v5_device jobs=59 rows=10738 cells=389518 direct=true graph_reused=false upload_ms=7.56 capture_ms=2.50 queue_ms=47.63 gpu_ms=0.01 unpack_ms=3.23 total_ms=60.93
v5_service device=0 lane=2 class=0 jobs=59 rows=10738 cells=389518 reach=392586 reverse=389518 table_mib=17.3 mutable_mib=472.0 max_job_mib=8.5 oldest_ms=78.45 pack_ms=9.41 solve_ms=60.98
v5_device jobs=60 rows=10920 cells=396120 direct=true graph_reused=false upload_ms=8.77 capture_ms=2.53 queue_ms=58.76 gpu_ms=0.02 unpack_ms=3.09 total_ms=73.17
v5_service device=0 lane=1 class=0 jobs=60 rows=10920 cells=396120 reach=399240 reverse=396120 table_mib=17.6 mutable_mib=480.0 max_job_mib=8.5 oldest_ms=77.88 pack_ms=8.68 solve_ms=73.21
v5_device jobs=61 rows=11102 cells=402722 direct=true graph_reused=false upload_ms=6.31 capture_ms=2.98 queue_ms=48.82 gpu_ms=0.02 unpack_ms=3.47 total_ms=61.60
v5_service device=0 lane=0 class=0 jobs=61 rows=11102 cells=402722 reach=405894 reverse=402722 table_mib=17.9 mutable_mib=488.0 max_job_mib=8.5 oldest_ms=78.64 pack_ms=7.73 solve_ms=61.64
v5_device jobs=63 rows=11466 cells=415926 direct=true graph_reused=false upload_ms=7.23 capture_ms=3.29 queue_ms=29.97 gpu_ms=0.02 unpack_ms=3.72 total_ms=44.23
v5_service device=1 lane=2 class=0 jobs=63 rows=11466 cells=415926 reach=419202 reverse=415926 table_mib=18.5 mutable_mib=504.0 max_job_mib=8.5 oldest_ms=77.24 pack_ms=7.91 solve_ms=44.28
v5_device jobs=55 rows=10010 cells=363110 direct=true graph_reused=false upload_ms=6.91 capture_ms=3.05 queue_ms=36.67 gpu_ms=0.01 unpack_ms=2.22 total_ms=48.86
v5_service device=1 lane=1 class=0 jobs=55 rows=10010 cells=363110 reach=365970 reverse=363110 table_mib=16.1 mutable_mib=440.0 max_job_mib=8.5 oldest_ms=77.98 pack_ms=7.36 solve_ms=48.92
v5_device jobs=59 rows=10738 cells=389518 direct=true graph_reused=false upload_ms=9.45 capture_ms=3.23 queue_ms=35.46 gpu_ms=0.01 unpack_ms=2.70 total_ms=50.84
v5_service device=1 lane=0 class=0 jobs=59 rows=10738 cells=389518 reach=392586 reverse=389518 table_mib=17.3 mutable_mib=472.0 max_job_mib=8.5 oldest_ms=79.75 pack_ms=8.25 solve_ms=50.89
v5_device jobs=61 rows=11102 cells=402722 direct=true graph_reused=false upload_ms=8.61 capture_ms=2.46 queue_ms=25.61 gpu_ms=0.01 unpack_ms=2.44 total_ms=39.13
v5_service device=1 lane=2 class=0 jobs=61 rows=11102 cells=402722 reach=405894 reverse=402722 table_mib=17.9 mutable_mib=488.0 max_job_mib=8.5 oldest_ms=77.73 pack_ms=8.21 solve_ms=39.19
v5_device jobs=56 rows=10192 cells=369712 direct=true graph_reused=false upload_ms=7.45 capture_ms=2.61 queue_ms=60.00 gpu_ms=1.99 unpack_ms=2.81 total_ms=74.86
v5_service device=0 lane=2 class=0 jobs=56 rows=10192 cells=369712 reach=372624 reverse=369712 table_mib=16.4 mutable_mib=448.0 max_job_mib=8.5 oldest_ms=77.09 pack_ms=7.36 solve_ms=74.91
v5_device jobs=62 rows=11284 cells=409324 direct=true graph_reused=false upload_ms=8.55 capture_ms=3.21 queue_ms=44.58 gpu_ms=2.51 unpack_ms=2.99 total_ms=61.84
v5_service device=0 lane=0 class=0 jobs=62 rows=11284 cells=409324 reach=412548 reverse=409324 table_mib=18.2 mutable_mib=496.0 max_job_mib=8.5 oldest_ms=77.50 pack_ms=8.18 solve_ms=61.93
v5_device jobs=61 rows=11102 cells=402722 direct=true graph_reused=false upload_ms=7.85 capture_ms=2.57 queue_ms=46.46 gpu_ms=5.36 unpack_ms=3.59 total_ms=65.82
v5_service device=0 lane=1 class=0 jobs=61 rows=11102 cells=402722 reach=405894 reverse=402722 table_mib=17.9 mutable_mib=488.0 max_job_mib=8.5 oldest_ms=79.06 pack_ms=8.56 solve_ms=65.86
v5_device jobs=59 rows=10738 cells=389518 direct=true graph_reused=false upload_ms=8.59 capture_ms=3.25 queue_ms=39.64 gpu_ms=0.02 unpack_ms=3.27 total_ms=54.76
v5_service device=1 lane=0 class=0 jobs=59 rows=10738 cells=389518 reach=392586 reverse=389518 table_mib=17.3 mutable_mib=472.0 max_job_mib=8.5 oldest_ms=77.59 pack_ms=7.95 solve_ms=54.83
v5_device jobs=62 rows=11336 cells=398123 direct=true graph_reused=false upload_ms=6.82 capture_ms=3.16 queue_ms=35.45 gpu_ms=0.01 unpack_ms=2.64 total_ms=48.07
v5_service device=1 lane=2 class=0 jobs=62 rows=11336 cells=398123 reach=400907 reverse=398123 table_mib=17.9 mutable_mib=496.0 max_job_mib=8.5 oldest_ms=79.11 pack_ms=7.83 solve_ms=48.13
v5_device jobs=59 rows=10738 cells=389518 direct=true graph_reused=false upload_ms=7.31 capture_ms=2.70 queue_ms=62.85 gpu_ms=0.01 unpack_ms=3.02 total_ms=75.89
v5_service device=1 lane=1 class=0 jobs=59 rows=10738 cells=389518 reach=392586 reverse=389518 table_mib=17.3 mutable_mib=472.0 max_job_mib=8.5 oldest_ms=77.35 pack_ms=7.90 solve_ms=75.93
v5_device jobs=63 rows=11544 cells=408567 direct=true graph_reused=false upload_ms=6.45 capture_ms=3.05 queue_ms=55.80 gpu_ms=0.01 unpack_ms=2.53 total_ms=67.84
v5_service device=0 lane=0 class=0 jobs=63 rows=11544 cells=408567 reach=408019 reverse=408567 table_mib=18.2 mutable_mib=496.0 max_job_mib=8.7 oldest_ms=78.23 pack_ms=7.92 solve_ms=67.90
v5_device jobs=60 rows=10920 cells=396120 direct=true graph_reused=false upload_ms=13.62 capture_ms=3.18 queue_ms=51.03 gpu_ms=0.01 unpack_ms=3.24 total_ms=71.09
v5_service device=0 lane=2 class=0 jobs=60 rows=10920 cells=396120 reach=399240 reverse=396120 table_mib=17.6 mutable_mib=480.0 max_job_mib=8.5 oldest_ms=78.83 pack_ms=9.36 solve_ms=71.14
v5_device jobs=63 rows=11466 cells=415926 direct=true graph_reused=false upload_ms=10.87 capture_ms=3.27 queue_ms=56.85 gpu_ms=0.01 unpack_ms=3.70 total_ms=74.71
v5_service device=0 lane=1 class=0 jobs=63 rows=11466 cells=415926 reach=419202 reverse=415926 table_mib=18.5 mutable_mib=504.0 max_job_mib=8.5 oldest_ms=78.54 pack_ms=8.74 solve_ms=74.76
v5_device jobs=60 rows=11103 cells=391001 direct=true graph_reused=false upload_ms=7.54 capture_ms=3.31 queue_ms=30.95 gpu_ms=0.01 unpack_ms=2.50 total_ms=44.30
v5_service device=1 lane=0 class=0 jobs=60 rows=11103 cells=391001 reach=383351 reverse=391001 table_mib=17.4 mutable_mib=472.0 max_job_mib=8.7 oldest_ms=77.95 pack_ms=8.86 solve_ms=44.35
v5_device jobs=61 rows=11243 cells=361872 direct=true graph_reused=false upload_ms=8.18 capture_ms=3.72 queue_ms=29.97 gpu_ms=0.01 unpack_ms=2.51 total_ms=44.39
v5_service device=1 lane=1 class=0 jobs=61 rows=11243 cells=361872 reach=360081 reverse=361872 table_mib=16.5 mutable_mib=468.0 max_job_mib=8.6 oldest_ms=77.64 pack_ms=7.75 solve_ms=44.45
v5_device jobs=61 rows=12165 cells=350218 direct=true graph_reused=false upload_ms=7.93 capture_ms=32.46 queue_ms=24.94 gpu_ms=0.01 unpack_ms=2.13 total_ms=67.48
v5_service device=1 lane=2 class=0 jobs=61 rows=12165 cells=350218 reach=334807 reverse=350218 table_mib=16.1 mutable_mib=468.0 max_job_mib=8.6 oldest_ms=77.67 pack_ms=7.35 solve_ms=67.53
v5_device jobs=64 rows=12556 cells=398734 direct=true graph_reused=false upload_ms=8.98 capture_ms=3.76 queue_ms=54.53 gpu_ms=0.01 unpack_ms=2.41 total_ms=69.70
v5_service device=0 lane=0 class=0 jobs=64 rows=12556 cells=398734 reach=357093 reverse=398734 table_mib=17.8 mutable_mib=476.0 max_job_mib=8.7 oldest_ms=81.49 pack_ms=8.37 solve_ms=69.75
v5_device jobs=59 rows=10738 cells=386624 direct=true graph_reused=false upload_ms=11.38 capture_ms=3.94 queue_ms=59.01 gpu_ms=0.03 unpack_ms=3.80 total_ms=78.15
v5_service device=0 lane=2 class=0 jobs=59 rows=10738 cells=386624 reach=385713 reverse=386624 table_mib=17.2 mutable_mib=468.0 max_job_mib=8.7 oldest_ms=79.27 pack_ms=9.73 solve_ms=78.20
v5_device jobs=60 rows=10920 cells=400484 direct=true graph_reused=false upload_ms=12.86 capture_ms=3.30 queue_ms=58.04 gpu_ms=0.01 unpack_ms=4.02 total_ms=78.24
v5_service device=0 lane=1 class=0 jobs=60 rows=10920 cells=400484 reach=400039 reverse=400484 table_mib=17.7 mutable_mib=480.0 max_job_mib=8.6 oldest_ms=78.37 pack_ms=8.81 solve_ms=78.28
v5_device jobs=64 rows=14130 cells=353859 direct=true graph_reused=false upload_ms=7.01 capture_ms=3.90 queue_ms=36.30 gpu_ms=0.01 unpack_ms=2.29 total_ms=49.51
v5_service device=1 lane=1 class=0 jobs=64 rows=14130 cells=353859 reach=314585 reverse=353859 table_mib=16.6 mutable_mib=488.0 max_job_mib=8.7 oldest_ms=82.63 pack_ms=10.15 solve_ms=49.56
v5_device jobs=64 rows=13677 cells=358768 direct=true graph_reused=false upload_ms=10.43 capture_ms=3.62 queue_ms=58.42 gpu_ms=0.01 unpack_ms=2.38 total_ms=74.85
v5_service device=1 lane=0 class=0 jobs=64 rows=13677 cells=358768 reach=323372 reverse=358768 table_mib=16.6 mutable_mib=452.0 max_job_mib=8.8 oldest_ms=78.78 pack_ms=8.14 solve_ms=74.90
v5_device jobs=1 rows=418 cells=6026 direct=true graph_reused=false upload_ms=0.22 capture_ms=9.28 queue_ms=1.53 gpu_ms=0.01 unpack_ms=0.03 total_ms=11.07
v5_service device=1 lane=0 class=1 jobs=1 rows=418 cells=6026 reach=6052 reverse=6026 table_mib=0.3 mutable_mib=16.0 max_job_mib=16.5 oldest_ms=142.03 pack_ms=0.26 solve_ms=11.13
v5_device jobs=74 rows=15377 cells=402471 direct=true graph_reused=false upload_ms=6.60 capture_ms=3.17 queue_ms=37.90 gpu_ms=0.02 unpack_ms=2.89 total_ms=50.57
v5_service device=1 lane=2 class=0 jobs=74 rows=15377 cells=402471 reach=329297 reverse=402471 table_mib=18.4 mutable_mib=500.0 max_job_mib=8.8 oldest_ms=78.04 pack_ms=8.38 solve_ms=50.63
v5_device jobs=1 rows=408 cells=3954 direct=true graph_reused=false upload_ms=0.25 capture_ms=4.13 queue_ms=1.49 gpu_ms=0.01 unpack_ms=0.03 total_ms=5.91
v5_service device=1 lane=2 class=1 jobs=1 rows=408 cells=3954 reach=3980 reverse=3954 table_mib=0.3 mutable_mib=16.0 max_job_mib=16.4 oldest_ms=142.55 pack_ms=0.32 solve_ms=5.97
v5_device jobs=64 rows=13256 cells=390621 direct=true graph_reused=false upload_ms=8.04 capture_ms=3.47 queue_ms=48.72 gpu_ms=0.01 unpack_ms=2.19 total_ms=62.42
v5_service device=0 lane=0 class=0 jobs=64 rows=13256 cells=390621 reach=321942 reverse=390621 table_mib=17.2 mutable_mib=472.0 max_job_mib=8.7 oldest_ms=79.86 pack_ms=12.16 solve_ms=62.47
v5_device jobs=58 rows=11462 cells=334869 direct=true graph_reused=false upload_ms=9.17 capture_ms=4.01 queue_ms=52.85 gpu_ms=0.02 unpack_ms=2.69 total_ms=68.73
v5_service device=0 lane=2 class=0 jobs=58 rows=11462 cells=334869 reach=320535 reverse=334869 table_mib=15.3 mutable_mib=428.0 max_job_mib=8.7 oldest_ms=78.24 pack_ms=9.81 solve_ms=68.78
v5_device jobs=59 rows=11109 cells=359563 direct=true graph_reused=false upload_ms=9.64 capture_ms=3.33 queue_ms=53.88 gpu_ms=0.01 unpack_ms=3.15 total_ms=70.00
v5_service device=0 lane=1 class=0 jobs=59 rows=11109 cells=359563 reach=351136 reverse=359563 table_mib=16.3 mutable_mib=456.0 max_job_mib=8.7 oldest_ms=79.30 pack_ms=9.41 solve_ms=70.04
v5_device jobs=1 rows=420 cells=5388 direct=true graph_reused=false upload_ms=0.27 capture_ms=7.34 queue_ms=1.53 gpu_ms=0.01 unpack_ms=0.04 total_ms=9.19
v5_service device=0 lane=1 class=1 jobs=1 rows=420 cells=5388 reach=5414 reverse=5388 table_mib=0.3 mutable_mib=16.0 max_job_mib=16.5 oldest_ms=145.52 pack_ms=0.34 solve_ms=9.24
v5_device jobs=77 rows=17142 cells=374672 direct=true graph_reused=false upload_ms=10.20 capture_ms=3.56 queue_ms=47.94 gpu_ms=0.01 unpack_ms=2.31 total_ms=64.02
v5_service device=1 lane=1 class=0 jobs=77 rows=17142 cells=374672 reach=329925 reverse=374672 table_mib=18.2 mutable_mib=552.0 max_job_mib=8.8 oldest_ms=78.91 pack_ms=11.49 solve_ms=64.07
v5_device jobs=9 rows=3708 cells=50907 direct=true graph_reused=false upload_ms=1.19 capture_ms=3.99 queue_ms=7.44 gpu_ms=0.01 unpack_ms=0.34 total_ms=12.97
v5_service device=0 lane=0 class=1 jobs=9 rows=3708 cells=50907 reach=51141 reverse=50907 table_mib=2.9 mutable_mib=144.0 max_job_mib=16.5 oldest_ms=75.74 pack_ms=2.16 solve_ms=13.04
v5_device jobs=79 rows=18012 cells=393870 direct=true graph_reused=false upload_ms=6.87 capture_ms=3.12 queue_ms=51.46 gpu_ms=0.01 unpack_ms=2.89 total_ms=64.34
v5_service device=1 lane=2 class=0 jobs=79 rows=18012 cells=393870 reach=330261 reverse=393870 table_mib=19.1 mutable_mib=588.0 max_job_mib=8.8 oldest_ms=78.85 pack_ms=9.55 solve_ms=64.39
v5_device jobs=72 rows=15225 cells=414077 direct=true graph_reused=false upload_ms=8.53 capture_ms=4.11 queue_ms=58.78 gpu_ms=0.02 unpack_ms=2.90 total_ms=74.34
v5_service device=1 lane=0 class=0 jobs=72 rows=15225 cells=414077 reach=332496 reverse=414077 table_mib=18.5 mutable_mib=524.0 max_job_mib=8.8 oldest_ms=80.96 pack_ms=10.91 solve_ms=74.42
v5_device jobs=1 rows=380 cells=4791 direct=true graph_reused=false upload_ms=0.23 capture_ms=13.64 queue_ms=2.28 gpu_ms=0.01 unpack_ms=0.03 total_ms=16.19
v5_service device=1 lane=0 class=1 jobs=1 rows=380 cells=4791 reach=4817 reverse=4791 table_mib=0.3 mutable_mib=16.0 max_job_mib=16.4 oldest_ms=142.90 pack_ms=0.26 solve_ms=16.23
v5_device jobs=2 rows=828 cells=8376 direct=true graph_reused=false upload_ms=0.38 capture_ms=11.88 queue_ms=2.42 gpu_ms=0.01 unpack_ms=0.11 total_ms=14.80
v5_service device=1 lane=2 class=1 jobs=2 rows=828 cells=8376 reach=8428 reverse=8376 table_mib=0.6 mutable_mib=32.0 max_job_mib=16.4 oldest_ms=151.08 pack_ms=0.50 solve_ms=14.85
v5_device jobs=73 rows=15462 cells=431103 direct=true graph_reused=false upload_ms=8.43 capture_ms=3.26 queue_ms=37.77 gpu_ms=0.01 unpack_ms=2.68 total_ms=52.13
v5_service device=0 lane=1 class=0 jobs=73 rows=15462 cells=431103 reach=355649 reverse=431103 table_mib=19.3 mutable_mib=516.0 max_job_mib=8.9 oldest_ms=80.05 pack_ms=11.99 solve_ms=52.20
v5_device jobs=71 rows=15867 cells=344559 direct=true graph_reused=false upload_ms=11.12 capture_ms=3.57 queue_ms=52.39 gpu_ms=0.01 unpack_ms=2.91 total_ms=70.00
v5_service device=0 lane=2 class=0 jobs=71 rows=15867 cells=344559 reach=306246 reverse=344559 table_mib=17.0 mutable_mib=536.0 max_job_mib=8.8 oldest_ms=77.57 pack_ms=10.55 solve_ms=70.04
v5_device jobs=2 rows=838 cells=10448 direct=true graph_reused=false upload_ms=0.33 capture_ms=7.98 queue_ms=4.00 gpu_ms=0.01 unpack_ms=0.09 total_ms=12.41
v5_service device=0 lane=1 class=1 jobs=2 rows=838 cells=10448 reach=10500 reverse=10448 table_mib=0.6 mutable_mib=32.0 max_job_mib=16.5 oldest_ms=137.20 pack_ms=0.39 solve_ms=12.46
v5_device jobs=2 rows=800 cells=10179 direct=true graph_reused=false upload_ms=3.33 capture_ms=4.45 queue_ms=3.98 gpu_ms=0.00 unpack_ms=0.10 total_ms=11.86
v5_service device=0 lane=2 class=1 jobs=2 rows=800 cells=10179 reach=10231 reverse=10179 table_mib=0.6 mutable_mib=32.0 max_job_mib=16.5 oldest_ms=134.73 pack_ms=0.42 solve_ms=11.89
v5_device jobs=76 rows=16725 cells=437418 direct=true graph_reused=false upload_ms=12.18 capture_ms=3.88 queue_ms=28.85 gpu_ms=0.01 unpack_ms=2.86 total_ms=47.78
v5_service device=1 lane=1 class=0 jobs=76 rows=16725 cells=437418 reach=350912 reverse=437418 table_mib=19.6 mutable_mib=556.0 max_job_mib=8.8 oldest_ms=78.20 pack_ms=9.17 solve_ms=47.84
v5_device jobs=1 rows=414 cells=6818 direct=true graph_reused=false upload_ms=0.20 capture_ms=3.76 queue_ms=22.63 gpu_ms=0.00 unpack_ms=0.03 total_ms=26.63
v5_service device=1 lane=1 class=1 jobs=1 rows=414 cells=6818 reach=6844 reverse=6818 table_mib=0.4 mutable_mib=16.0 max_job_mib=16.5 oldest_ms=139.97 pack_ms=0.31 solve_ms=26.68
v5_device jobs=71 rows=16188 cells=320925 direct=true graph_reused=false upload_ms=7.34 capture_ms=3.27 queue_ms=37.14 gpu_ms=0.01 unpack_ms=2.05 total_ms=49.81
v5_service device=1 lane=2 class=0 jobs=71 rows=16188 cells=320925 reach=279201 reverse=320925 table_mib=16.1 mutable_mib=500.0 max_job_mib=8.7 oldest_ms=77.43 pack_ms=7.62 solve_ms=49.86
v5_device jobs=80 rows=17275 cells=439811 direct=true graph_reused=false upload_ms=18.82 capture_ms=4.47 queue_ms=37.82 gpu_ms=0.02 unpack_ms=3.21 total_ms=64.35
v5_service device=1 lane=0 class=0 jobs=80 rows=17275 cells=439811 reach=357070 reverse=439811 table_mib=20.2 mutable_mib=588.0 max_job_mib=8.7 oldest_ms=78.72 pack_ms=10.08 solve_ms=64.39
v5_device jobs=1 rows=414 cells=6818 direct=true graph_reused=false upload_ms=0.23 capture_ms=3.90 queue_ms=1.17 gpu_ms=0.01 unpack_ms=0.04 total_ms=5.35
v5_service device=1 lane=0 class=1 jobs=1 rows=414 cells=6818 reach=6844 reverse=6818 table_mib=0.4 mutable_mib=16.0 max_job_mib=16.5 oldest_ms=86.36 pack_ms=0.27 solve_ms=5.40
v5_device jobs=65 rows=14357 cells=418285 direct=true graph_reused=false upload_ms=10.42 capture_ms=4.09 queue_ms=57.32 gpu_ms=0.01 unpack_ms=2.39 total_ms=74.23
v5_service device=0 lane=1 class=0 jobs=65 rows=14357 cells=418285 reach=325341 reverse=418285 table_mib=18.2 mutable_mib=456.0 max_job_mib=8.8 oldest_ms=79.12 pack_ms=10.08 solve_ms=74.29
v5_device jobs=70 rows=14933 cells=418700 direct=true graph_reused=false upload_ms=11.42 capture_ms=3.97 queue_ms=56.46 gpu_ms=0.01 unpack_ms=3.51 total_ms=75.38
v5_service device=0 lane=2 class=0 jobs=70 rows=14933 cells=418700 reach=332999 reverse=418700 table_mib=18.5 mutable_mib=496.0 max_job_mib=8.8 oldest_ms=78.74 pack_ms=12.04 solve_ms=75.42
v5_device jobs=2 rows=819 cells=8844 direct=true graph_reused=false upload_ms=0.30 capture_ms=4.45 queue_ms=14.71 gpu_ms=0.01 unpack_ms=0.10 total_ms=19.57
v5_service device=0 lane=1 class=1 jobs=2 rows=819 cells=8844 reach=8896 reverse=8844 table_mib=0.6 mutable_mib=32.0 max_job_mib=16.4 oldest_ms=122.67 pack_ms=0.37 solve_ms=19.62
v5_device jobs=74 rows=16817 cells=423276 direct=true graph_reused=false upload_ms=8.35 capture_ms=3.34 queue_ms=54.38 gpu_ms=0.01 unpack_ms=2.98 total_ms=69.08
v5_service device=1 lane=1 class=0 jobs=74 rows=16817 cells=423276 reach=341496 reverse=423276 table_mib=19.2 mutable_mib=536.0 max_job_mib=8.8 oldest_ms=77.95 pack_ms=8.91 solve_ms=69.15
v5_device jobs=67 rows=14366 cells=422713 direct=true graph_reused=false upload_ms=7.15 capture_ms=5.76 queue_ms=43.19 gpu_ms=0.01 unpack_ms=3.00 total_ms=59.11
v5_service device=1 lane=2 class=0 jobs=67 rows=14366 cells=422713 reach=330796 reverse=422713 table_mib=18.4 mutable_mib=468.0 max_job_mib=8.8 oldest_ms=77.73 pack_ms=9.12 solve_ms=59.16
v5_device jobs=1 rows=418 cells=6072 direct=true graph_reused=false upload_ms=0.28 capture_ms=6.59 queue_ms=2.76 gpu_ms=12.98 unpack_ms=0.11 total_ms=22.71
v5_service device=1 lane=1 class=1 jobs=1 rows=418 cells=6072 reach=6098 reverse=6072 table_mib=0.3 mutable_mib=16.0 max_job_mib=16.5 oldest_ms=159.60 pack_ms=0.37 solve_ms=22.77
v5_device jobs=2 rows=836 cells=12052 direct=true graph_reused=false upload_ms=0.30 capture_ms=5.84 queue_ms=2.06 gpu_ms=12.97 unpack_ms=0.18 total_ms=21.36
v5_service device=1 lane=2 class=1 jobs=2 rows=836 cells=12052 reach=12104 reverse=12052 table_mib=0.7 mutable_mib=32.0 max_job_mib=16.5 oldest_ms=148.12 pack_ms=0.53 solve_ms=21.46
v5_device jobs=77 rows=17369 cells=373048 direct=true graph_reused=false upload_ms=8.82 capture_ms=5.50 queue_ms=32.40 gpu_ms=13.74 unpack_ms=3.19 total_ms=63.64
v5_service device=1 lane=0 class=0 jobs=77 rows=17369 cells=373048 reach=314144 reverse=373048 table_mib=18.0 mutable_mib=520.0 max_job_mib=8.8 oldest_ms=79.23 pack_ms=10.16 solve_ms=63.69
v5_device jobs=256 rows=57178 cells=1375347 direct=true graph_reused=false upload_ms=69.46 capture_ms=3.35 queue_ms=184.44 gpu_ms=14.63 unpack_ms=13.93 total_ms=285.81
v5_service device=0 lane=0 class=0 jobs=256 rows=57178 cells=1375347 reach=1131925 reverse=1375347 table_mib=63.7 mutable_mib=1840.0 max_job_mib=9.0 oldest_ms=111.52 pack_ms=45.10 solve_ms=285.88
v5_device jobs=47 rows=9920 cells=263225 direct=true graph_reused=false upload_ms=6.64 capture_ms=3.66 queue_ms=20.13 gpu_ms=0.02 unpack_ms=2.36 total_ms=32.81
v5_service device=0 lane=2 class=0 jobs=47 rows=9920 cells=263225 reach=209000 reverse=263225 table_mib=11.8 mutable_mib=316.0 max_job_mib=8.8 oldest_ms=79.23 pack_ms=8.06 solve_ms=32.88
v5_device jobs=67 rows=15194 cells=376289 direct=true graph_reused=false upload_ms=12.63 capture_ms=6.30 queue_ms=27.54 gpu_ms=0.03 unpack_ms=3.38 total_ms=49.87
v5_service device=0 lane=1 class=0 jobs=67 rows=15194 cells=376289 reach=304996 reverse=376289 table_mib=17.2 mutable_mib=480.0 max_job_mib=9.0 oldest_ms=79.35 pack_ms=14.24 solve_ms=49.94
v5_device jobs=1 rows=418 cells=6026 direct=true graph_reused=false upload_ms=0.40 capture_ms=6.52 queue_ms=0.32 gpu_ms=0.01 unpack_ms=0.07 total_ms=7.33
v5_service device=0 lane=1 class=1 jobs=1 rows=418 cells=6026 reach=6052 reverse=6026 table_mib=0.3 mutable_mib=16.0 max_job_mib=16.5 oldest_ms=121.99 pack_ms=0.45 solve_ms=7.41
v5_device jobs=44 rows=9143 cells=229268 direct=true graph_reused=false upload_ms=8.90 capture_ms=4.41 queue_ms=36.45 gpu_ms=0.01 unpack_ms=1.80 total_ms=51.57
v5_service device=1 lane=1 class=0 jobs=44 rows=9143 cells=229268 reach=185919 reverse=229268 table_mib=10.6 mutable_mib=304.0 max_job_mib=8.7 oldest_ms=79.58 pack_ms=9.08 solve_ms=51.65
v5_device jobs=67 rows=15090 cells=336548 direct=true graph_reused=false upload_ms=10.93 capture_ms=5.01 queue_ms=41.27 gpu_ms=0.03 unpack_ms=3.40 total_ms=60.64
v5_service device=1 lane=0 class=0 jobs=67 rows=15090 cells=336548 reach=281757 reverse=336548 table_mib=16.1 mutable_mib=484.0 max_job_mib=8.7 oldest_ms=78.15 pack_ms=12.22 solve_ms=60.70
v5_device jobs=60 rows=13553 cells=337790 direct=true graph_reused=false upload_ms=12.86 capture_ms=4.67 queue_ms=50.12 gpu_ms=0.02 unpack_ms=3.35 total_ms=71.02
v5_service device=1 lane=2 class=0 jobs=60 rows=13553 cells=337790 reach=275647 reverse=337790 table_mib=15.5 mutable_mib=436.0 max_job_mib=8.7 oldest_ms=78.89 pack_ms=11.62 solve_ms=71.08
v5_device jobs=1 rows=380 cells=4791 direct=true graph_reused=false upload_ms=0.24 capture_ms=4.24 queue_ms=0.99 gpu_ms=0.01 unpack_ms=0.03 total_ms=5.51
v5_service device=1 lane=0 class=1 jobs=1 rows=380 cells=4791 reach=4817 reverse=4791 table_mib=0.3 mutable_mib=16.0 max_job_mib=16.4 oldest_ms=87.62 pack_ms=0.33 solve_ms=5.56
v5_device jobs=47 rows=10998 cells=245096 direct=true graph_reused=false upload_ms=4.79 capture_ms=4.00 queue_ms=20.86 gpu_ms=0.01 unpack_ms=1.93 total_ms=31.59
v5_service device=1 lane=1 class=0 jobs=47 rows=10998 cells=245096 reach=205956 reverse=245096 table_mib=11.8 mutable_mib=360.0 max_job_mib=8.7 oldest_ms=79.80 pack_ms=7.00 solve_ms=31.67
v5_device jobs=43 rows=9400 cells=259485 direct=true graph_reused=false upload_ms=6.32 capture_ms=4.30 queue_ms=88.64 gpu_ms=0.01 unpack_ms=1.90 total_ms=101.17
v5_service device=0 lane=1 class=0 jobs=43 rows=9400 cells=259485 reach=205585 reverse=259485 table_mib=11.6 mutable_mib=316.0 max_job_mib=8.8 oldest_ms=80.41 pack_ms=8.24 solve_ms=101.23
v5_device jobs=69 rows=15468 cells=364795 direct=true graph_reused=false upload_ms=10.68 capture_ms=3.73 queue_ms=137.49 gpu_ms=0.01 unpack_ms=3.01 total_ms=154.92
v5_service device=0 lane=2 class=0 jobs=69 rows=15468 cells=364795 reach=299945 reverse=364795 table_mib=17.1 mutable_mib=496.0 max_job_mib=9.0 oldest_ms=79.17 pack_ms=10.23 solve_ms=154.96
v5_device jobs=49 rows=11257 cells=284070 direct=true graph_reused=false upload_ms=5.45 capture_ms=4.52 queue_ms=33.65 gpu_ms=0.01 unpack_ms=2.13 total_ms=45.75
v5_service device=1 lane=2 class=0 jobs=49 rows=11257 cells=284070 reach=230176 reverse=284070 table_mib=12.9 mutable_mib=360.0 max_job_mib=8.8 oldest_ms=80.35 pack_ms=8.20 solve_ms=45.81
v5_device jobs=1 rows=408 cells=3954 direct=true graph_reused=false upload_ms=2.28 capture_ms=4.65 queue_ms=30.40 gpu_ms=0.01 unpack_ms=0.06 total_ms=37.39
v5_service device=1 lane=1 class=1 jobs=1 rows=408 cells=3954 reach=3980 reverse=3954 table_mib=0.3 mutable_mib=16.0 max_job_mib=16.4 oldest_ms=106.00 pack_ms=0.26 solve_ms=37.46
v5_device jobs=1 rows=418 cells=6026 direct=true graph_reused=false upload_ms=0.29 capture_ms=5.35 queue_ms=0.40 gpu_ms=0.01 unpack_ms=0.05 total_ms=6.10
v5_service device=0 lane=2 class=1 jobs=1 rows=418 cells=6026 reach=6052 reverse=6026 table_mib=0.3 mutable_mib=16.0 max_job_mib=16.5 oldest_ms=247.24 pack_ms=0.40 solve_ms=6.18
v5_device jobs=1 rows=418 cells=6026 direct=true graph_reused=false upload_ms=0.21 capture_ms=4.05 queue_ms=1.08 gpu_ms=0.01 unpack_ms=0.05 total_ms=5.39
v5_service device=1 lane=2 class=1 jobs=1 rows=418 cells=6026 reach=6052 reverse=6026 table_mib=0.3 mutable_mib=16.0 max_job_mib=16.5 oldest_ms=125.35 pack_ms=0.31 solve_ms=5.45
v5_device jobs=70 rows=15150 cells=412702 direct=true graph_reused=false upload_ms=9.17 capture_ms=4.90 queue_ms=37.79 gpu_ms=0.03 unpack_ms=3.87 total_ms=55.75
v5_service device=1 lane=0 class=0 jobs=70 rows=15150 cells=412702 reach=326969 reverse=412702 table_mib=18.4 mutable_mib=492.0 max_job_mib=9.0 oldest_ms=78.81 pack_ms=9.20 solve_ms=55.83
v5_device jobs=1 rows=418 cells=6026 direct=true graph_reused=false upload_ms=0.26 capture_ms=4.35 queue_ms=0.73 gpu_ms=0.01 unpack_ms=0.04 total_ms=5.38
v5_service device=1 lane=0 class=1 jobs=1 rows=418 cells=6026 reach=6052 reverse=6026 table_mib=0.3 mutable_mib=16.0 max_job_mib=16.5 oldest_ms=80.39 pack_ms=0.28 solve_ms=5.44
v5_device jobs=256 rows=56195 cells=1363079 direct=true graph_reused=false upload_ms=65.34 capture_ms=4.67 queue_ms=140.53 gpu_ms=0.02 unpack_ms=21.29 total_ms=231.85
v5_service device=0 lane=0 class=0 jobs=256 rows=56195 cells=1363079 reach=1115009 reverse=1363079 table_mib=63.2 mutable_mib=1812.0 max_job_mib=9.0 oldest_ms=457.38 pack_ms=51.22 solve_ms=231.90
v5_device jobs=21 rows=5061 cells=88925 direct=true graph_reused=false upload_ms=2.07 capture_ms=4.93 queue_ms=9.66 gpu_ms=0.01 unpack_ms=0.73 total_ms=17.40
v5_service device=0 lane=0 class=0 jobs=21 rows=5061 cells=88925 reach=78130 reverse=88925 table_mib=4.7 mutable_mib=164.0 max_job_mib=8.6 oldest_ms=713.97 pack_ms=2.75 solve_ms=17.45
v5_device jobs=57 rows=12903 cells=336500 direct=true graph_reused=false upload_ms=12.92 capture_ms=4.71 queue_ms=32.64 gpu_ms=0.02 unpack_ms=2.75 total_ms=53.04
v5_service device=0 lane=2 class=0 jobs=57 rows=12903 cells=336500 reach=267395 reverse=336500 table_mib=14.9 mutable_mib=400.0 max_job_mib=8.9 oldest_ms=77.59 pack_ms=11.35 solve_ms=53.11
v5_device jobs=55 rows=12010 cells=286061 direct=true graph_reused=false upload_ms=13.08 capture_ms=5.81 queue_ms=39.44 gpu_ms=0.01 unpack_ms=2.72 total_ms=61.06
v5_service device=0 lane=1 class=0 jobs=55 rows=12010 cells=286061 reach=234356 reverse=286061 table_mib=13.3 mutable_mib=400.0 max_job_mib=8.7 oldest_ms=79.40 pack_ms=11.20 solve_ms=61.12
v5_device jobs=1 rows=414 cells=6818 direct=true graph_reused=false upload_ms=0.31 capture_ms=6.59 queue_ms=0.25 gpu_ms=0.01 unpack_ms=0.05 total_ms=7.21
v5_service device=0 lane=1 class=1 jobs=1 rows=414 cells=6818 reach=6844 reverse=6818 table_mib=0.4 mutable_mib=16.0 max_job_mib=16.5 oldest_ms=138.74 pack_ms=0.42 solve_ms=7.28
v5_device jobs=54 rows=11473 cells=281651 direct=true graph_reused=false upload_ms=14.04 capture_ms=6.37 queue_ms=29.51 gpu_ms=0.02 unpack_ms=2.22 total_ms=52.15
v5_service device=1 lane=0 class=0 jobs=54 rows=11473 cells=281651 reach=228905 reverse=281651 table_mib=13.0 mutable_mib=380.0 max_job_mib=8.8 oldest_ms=79.62 pack_ms=8.08 solve_ms=52.20
v5_device jobs=62 rows=13320 cells=315243 direct=true graph_reused=false upload_ms=11.48 capture_ms=4.18 queue_ms=65.08 gpu_ms=0.02 unpack_ms=3.44 total_ms=84.21
v5_service device=1 lane=1 class=0 jobs=62 rows=13320 cells=315243 reach=260791 reverse=315243 table_mib=14.9 mutable_mib=436.0 max_job_mib=8.8 oldest_ms=78.96 pack_ms=10.68 solve_ms=84.29
v5_device jobs=64 rows=14564 cells=346083 direct=true graph_reused=false upload_ms=13.57 capture_ms=4.89 queue_ms=47.97 gpu_ms=0.01 unpack_ms=3.43 total_ms=69.86
v5_service device=1 lane=2 class=0 jobs=64 rows=14564 cells=346083 reach=283716 reverse=346083 table_mib=16.1 mutable_mib=456.0 max_job_mib=8.8 oldest_ms=81.46 pack_ms=15.67 solve_ms=69.91
v5_device jobs=1 rows=420 cells=4422 direct=true graph_reused=false upload_ms=0.27 capture_ms=7.15 queue_ms=0.36 gpu_ms=0.01 unpack_ms=0.06 total_ms=7.85
v5_service device=1 lane=0 class=1 jobs=1 rows=420 cells=4422 reach=4448 reverse=4422 table_mib=0.3 mutable_mib=16.0 max_job_mib=16.4 oldest_ms=130.69 pack_ms=0.34 solve_ms=7.91
v5_device jobs=1 rows=418 cells=6026 direct=true graph_reused=false upload_ms=0.23 capture_ms=4.46 queue_ms=2.10 gpu_ms=0.01 unpack_ms=0.06 total_ms=6.86
v5_service device=1 lane=2 class=1 jobs=1 rows=418 cells=6026 reach=6052 reverse=6026 table_mib=0.3 mutable_mib=16.0 max_job_mib=16.5 oldest_ms=167.16 pack_ms=0.34 solve_ms=6.91
v5_device jobs=2 rows=816 cells=10952 direct=true graph_reused=false upload_ms=0.38 capture_ms=7.74 queue_ms=0.45 gpu_ms=0.01 unpack_ms=0.14 total_ms=8.72
v5_service device=1 lane=1 class=1 jobs=2 rows=816 cells=10952 reach=11004 reverse=10952 table_mib=0.6 mutable_mib=32.0 max_job_mib=16.5 oldest_ms=170.91 pack_ms=0.61 solve_ms=8.78
v5_device jobs=47 rows=10454 cells=214661 direct=true graph_reused=false upload_ms=6.37 capture_ms=3.97 queue_ms=41.31 gpu_ms=0.01 unpack_ms=1.76 total_ms=53.42
v5_service device=0 lane=2 class=0 jobs=47 rows=10454 cells=214661 reach=183608 reverse=214661 table_mib=10.6 mutable_mib=324.0 max_job_mib=8.7 oldest_ms=78.61 pack_ms=6.67 solve_ms=53.47
v5_device jobs=51 rows=10672 cells=245305 direct=true graph_reused=false upload_ms=6.67 capture_ms=7.58 queue_ms=29.99 gpu_ms=0.01 unpack_ms=2.47 total_ms=46.73
v5_service device=0 lane=1 class=0 jobs=51 rows=10672 cells=245305 reach=204803 reverse=245305 table_mib=11.7 mutable_mib=344.0 max_job_mib=8.7 oldest_ms=79.44 pack_ms=10.62 solve_ms=46.80
v5_device jobs=63 rows=14223 cells=366751 direct=true graph_reused=false upload_ms=40.38 capture_ms=7.68 queue_ms=68.21 gpu_ms=0.01 unpack_ms=3.81 total_ms=120.08
v5_service device=0 lane=0 class=0 jobs=63 rows=14223 cells=366751 reach=721402 reverse=805977 table_mib=27.1 mutable_mib=456.0 max_job_mib=9.8 oldest_ms=79.97 pack_ms=21.34 solve_ms=120.13
v5_device jobs=2 rows=855 cells=8765 direct=true graph_reused=false upload_ms=0.34 capture_ms=4.85 queue_ms=1.73 gpu_ms=0.01 unpack_ms=0.11 total_ms=7.05
v5_service device=0 lane=2 class=1 jobs=2 rows=855 cells=8765 reach=8817 reverse=8765 table_mib=0.6 mutable_mib=32.0 max_job_mib=16.4 oldest_ms=96.18 pack_ms=0.42 solve_ms=7.10
v5_device jobs=3 rows=1208 cells=18427 direct=true graph_reused=false upload_ms=0.64 capture_ms=7.52 queue_ms=10.76 gpu_ms=0.01 unpack_ms=0.17 total_ms=19.10
v5_service device=0 lane=1 class=1 jobs=3 rows=1208 cells=18427 reach=18505 reverse=18427 table_mib=1.0 mutable_mib=48.0 max_job_mib=16.5 oldest_ms=143.13 pack_ms=1.05 solve_ms=19.18
v5_device jobs=2 rows=758 cells=2342 direct=true graph_reused=false upload_ms=1.05 capture_ms=4.84 queue_ms=11.46 gpu_ms=0.01 unpack_ms=0.19 total_ms=17.55
v5_service device=0 lane=0 class=1 jobs=2 rows=758 cells=2342 reach=77454 reverse=77498 table_mib=2.2 mutable_mib=32.0 max_job_mib=17.6 oldest_ms=178.58 pack_ms=1.51 solve_ms=17.60
v5_device jobs=68 rows=14453 cells=327581 direct=true graph_reused=false upload_ms=8.32 capture_ms=4.21 queue_ms=41.36 gpu_ms=0.01 unpack_ms=2.79 total_ms=56.69
v5_service device=1 lane=2 class=0 jobs=68 rows=14453 cells=327581 reach=274426 reverse=327581 table_mib=15.6 mutable_mib=460.0 max_job_mib=8.7 oldest_ms=79.00 pack_ms=9.99 solve_ms=56.74
v5_device jobs=44 rows=9218 cells=290271 direct=true graph_reused=false upload_ms=4.71 capture_ms=6.24 queue_ms=44.77 gpu_ms=0.01 unpack_ms=2.18 total_ms=57.90
v5_service device=1 lane=1 class=0 jobs=44 rows=9218 cells=290271 reach=223413 reverse=290271 table_mib=12.2 mutable_mib=312.0 max_job_mib=8.8 oldest_ms=78.84 pack_ms=6.19 solve_ms=57.95
v5_device jobs=53 rows=12320 cells=306101 direct=true graph_reused=false upload_ms=6.45 capture_ms=3.54 queue_ms=53.52 gpu_ms=0.03 unpack_ms=3.07 total_ms=66.61
v5_service device=1 lane=0 class=0 jobs=53 rows=12320 cells=306101 reach=247619 reverse=306101 table_mib=14.0 mutable_mib=396.0 max_job_mib=8.8 oldest_ms=76.83 pack_ms=7.44 solve_ms=66.68
v5_device jobs=58 rows=12852 cells=348351 direct=true graph_reused=false upload_ms=9.14 capture_ms=4.33 queue_ms=31.39 gpu_ms=0.01 unpack_ms=2.50 total_ms=47.38
v5_service device=0 lane=2 class=0 jobs=58 rows=12852 cells=348351 reach=277100 reverse=348351 table_mib=15.6 mutable_mib=412.0 max_job_mib=8.8 oldest_ms=81.28 pack_ms=9.46 solve_ms=47.43
v5_device jobs=36 rows=8044 cells=178542 direct=true graph_reused=false upload_ms=5.63 capture_ms=4.29 queue_ms=34.47 gpu_ms=0.01 unpack_ms=1.52 total_ms=45.92
v5_service device=0 lane=0 class=0 jobs=36 rows=8044 cells=178542 reach=289373 reverse=323148 table_mib=12.0 mutable_mib=264.0 max_job_mib=9.2 oldest_ms=81.58 pack_ms=8.43 solve_ms=45.98
v5_device jobs=43 rows=8955 cells=235197 direct=true graph_reused=false upload_ms=5.61 capture_ms=4.58 queue_ms=38.38 gpu_ms=0.01 unpack_ms=1.79 total_ms=50.37
v5_service device=0 lane=1 class=0 jobs=43 rows=8955 cells=235197 reach=187857 reverse=235197 table_mib=10.6 mutable_mib=304.0 max_job_mib=8.8 oldest_ms=79.91 pack_ms=6.71 solve_ms=50.44
v5_device jobs=1 rows=440 cells=4528 direct=true graph_reused=false upload_ms=0.27 capture_ms=4.33 queue_ms=1.37 gpu_ms=0.01 unpack_ms=0.05 total_ms=6.03
v5_service device=0 lane=1 class=1 jobs=1 rows=440 cells=4528 reach=4554 reverse=4528 table_mib=0.3 mutable_mib=16.0 max_job_mib=16.4 oldest_ms=130.96 pack_ms=0.26 solve_ms=6.11
v5_device jobs=42 rows=8960 cells=226993 direct=true graph_reused=false upload_ms=4.34 capture_ms=3.74 queue_ms=53.48 gpu_ms=0.03 unpack_ms=2.20 total_ms=63.79
v5_service device=1 lane=0 class=0 jobs=42 rows=8960 cells=226993 reach=182286 reverse=226993 table_mib=10.4 mutable_mib=288.0 max_job_mib=8.9 oldest_ms=79.02 pack_ms=5.83 solve_ms=63.86
v5_device jobs=53 rows=12416 cells=258132 direct=true graph_reused=false upload_ms=5.67 capture_ms=4.92 queue_ms=50.67 gpu_ms=0.01 unpack_ms=2.40 total_ms=63.66
v5_service device=1 lane=1 class=0 jobs=53 rows=12416 cells=258132 reach=219185 reverse=258132 table_mib=12.6 mutable_mib=376.0 max_job_mib=8.7 oldest_ms=77.97 pack_ms=7.59 solve_ms=63.74
v5_device jobs=70 rows=15883 cells=417067 direct=true graph_reused=false upload_ms=9.15 capture_ms=4.37 queue_ms=46.05 gpu_ms=0.01 unpack_ms=3.51 total_ms=63.10
v5_service device=1 lane=2 class=0 jobs=70 rows=15883 cells=417067 reach=330865 reverse=417067 table_mib=18.7 mutable_mib=492.0 max_job_mib=8.9 oldest_ms=77.80 pack_ms=10.88 solve_ms=63.13
v5_device jobs=1 rows=408 cells=3954 direct=true graph_reused=false upload_ms=0.26 capture_ms=6.38 queue_ms=0.28 gpu_ms=0.01 unpack_ms=0.06 total_ms=6.98
v5_service device=1 lane=0 class=1 jobs=1 rows=408 cells=3954 reach=3980 reverse=3954 table_mib=0.3 mutable_mib=16.0 max_job_mib=16.4 oldest_ms=97.94 pack_ms=0.32 solve_ms=7.05
v5_device jobs=6 rows=2111 cells=23543 direct=true graph_reused=false upload_ms=5.64 capture_ms=16.92 queue_ms=16.96 gpu_ms=0.01 unpack_ms=0.79 total_ms=40.33
v5_service device=0 lane=0 class=1 jobs=6 rows=2111 cells=23543 reach=327370 reverse=333440 table_mib=9.0 mutable_mib=96.0 max_job_mib=18.5 oldest_ms=141.81 pack_ms=5.39 solve_ms=40.39
v5_device jobs=66 rows=14528 cells=328227 direct=true graph_reused=false upload_ms=9.11 capture_ms=3.74 queue_ms=27.44 gpu_ms=0.01 unpack_ms=2.67 total_ms=42.97
v5_service device=0 lane=1 class=0 jobs=66 rows=14528 cells=328227 reach=274732 reverse=328227 table_mib=15.6 mutable_mib=460.0 max_job_mib=8.8 oldest_ms=78.89 pack_ms=9.20 solve_ms=43.04
v5_device jobs=68 rows=15556 cells=365428 direct=true graph_reused=false upload_ms=11.53 capture_ms=5.03 queue_ms=52.54 gpu_ms=0.02 unpack_ms=3.55 total_ms=72.67
v5_service device=0 lane=2 class=0 jobs=68 rows=15556 cells=365428 reach=303134 reverse=365428 table_mib=17.2 mutable_mib=512.0 max_job_mib=8.8 oldest_ms=78.85 pack_ms=11.64 solve_ms=72.72
v5_device jobs=1 rows=456 cells=4343 direct=true graph_reused=false upload_ms=0.19 capture_ms=3.84 queue_ms=2.21 gpu_ms=0.01 unpack_ms=0.05 total_ms=6.29
v5_service device=0 lane=2 class=1 jobs=1 rows=456 cells=4343 reach=4369 reverse=4343 table_mib=0.3 mutable_mib=16.0 max_job_mib=16.4 oldest_ms=119.98 pack_ms=0.28 solve_ms=6.35
v5_device jobs=1 rows=380 cells=3963 direct=true graph_reused=false upload_ms=0.21 capture_ms=6.57 queue_ms=2.21 gpu_ms=0.01 unpack_ms=0.05 total_ms=9.05
v5_service device=0 lane=1 class=1 jobs=1 rows=380 cells=3963 reach=3989 reverse=3963 table_mib=0.3 mutable_mib=16.0 max_job_mib=16.4 oldest_ms=131.74 pack_ms=0.31 solve_ms=9.17
v5_device jobs=52 rows=12117 cells=247259 direct=true graph_reused=false upload_ms=6.21 capture_ms=4.28 queue_ms=51.88 gpu_ms=0.01 unpack_ms=2.23 total_ms=64.61
v5_service device=1 lane=1 class=0 jobs=52 rows=12117 cells=247259 reach=213775 reverse=247259 table_mib=12.4 mutable_mib=372.0 max_job_mib=9.0 oldest_ms=79.81 pack_ms=7.53 solve_ms=64.68
v5_device jobs=53 rows=11808 cells=260852 direct=true graph_reused=false upload_ms=7.63 capture_ms=7.22 queue_ms=42.47 gpu_ms=0.03 unpack_ms=2.84 total_ms=60.20
v5_service device=1 lane=0 class=0 jobs=53 rows=11808 cells=260852 reach=219850 reverse=260852 table_mib=12.6 mutable_mib=376.0 max_job_mib=8.7 oldest_ms=77.83 pack_ms=9.81 solve_ms=60.26
v5_device jobs=67 rows=14604 cells=300266 direct=true graph_reused=false upload_ms=7.88 capture_ms=3.55 queue_ms=52.60 gpu_ms=0.02 unpack_ms=2.92 total_ms=66.96
v5_service device=1 lane=2 class=0 jobs=67 rows=14604 cells=300266 reach=259008 reverse=300266 table_mib=15.1 mutable_mib=488.0 max_job_mib=8.7 oldest_ms=77.62 pack_ms=8.46 solve_ms=67.01
v5_device jobs=1 rows=414 cells=6818 direct=true graph_reused=false upload_ms=0.25 capture_ms=4.30 queue_ms=1.40 gpu_ms=0.01 unpack_ms=0.06 total_ms=6.02
v5_service device=1 lane=1 class=1 jobs=1 rows=414 cells=6818 reach=6844 reverse=6818 table_mib=0.4 mutable_mib=16.0 max_job_mib=16.5 oldest_ms=155.81 pack_ms=0.35 solve_ms=6.07
v5_device jobs=2 rows=855 cells=10369 direct=true graph_reused=false upload_ms=0.30 capture_ms=5.19 queue_ms=3.66 gpu_ms=0.01 unpack_ms=0.11 total_ms=9.26
v5_service device=1 lane=2 class=1 jobs=2 rows=855 cells=10369 reach=10421 reverse=10369 table_mib=0.6 mutable_mib=32.0 max_job_mib=16.5 oldest_ms=155.80 pack_ms=0.52 solve_ms=9.31
v5_device jobs=2 rows=800 cells=8385 direct=true graph_reused=false upload_ms=0.42 capture_ms=8.73 queue_ms=1.60 gpu_ms=0.01 unpack_ms=0.12 total_ms=10.88
v5_service device=1 lane=0 class=1 jobs=2 rows=800 cells=8385 reach=8437 reverse=8385 table_mib=0.5 mutable_mib=32.0 max_job_mib=16.4 oldest_ms=143.69 pack_ms=0.56 solve_ms=10.93
v5_device jobs=53 rows=11641 cells=274015 direct=true graph_reused=false upload_ms=9.04 capture_ms=4.12 queue_ms=22.89 gpu_ms=0.01 unpack_ms=1.92 total_ms=37.98
v5_service device=0 lane=2 class=0 jobs=53 rows=11641 cells=274015 reach=222700 reverse=274015 table_mib=12.8 mutable_mib=348.0 max_job_mib=9.0 oldest_ms=79.33 pack_ms=8.53 solve_ms=38.04
v5_device jobs=62 rows=13208 cells=193034 direct=true graph_reused=false upload_ms=49.73 capture_ms=4.59 queue_ms=71.04 gpu_ms=0.01 unpack_ms=5.23 total_ms=130.60
v5_service device=0 lane=0 class=0 jobs=62 rows=13208 cells=193034 reach=1188234 reverse=1227886 table_mib=36.3 mutable_mib=448.0 max_job_mib=10.2 oldest_ms=79.76 pack_ms=22.33 solve_ms=130.65
v5_device jobs=3 rows=1214 cells=16077 direct=true graph_reused=false upload_ms=0.63 capture_ms=3.92 queue_ms=7.60 gpu_ms=0.01 unpack_ms=0.17 total_ms=12.32
v5_service device=0 lane=2 class=1 jobs=3 rows=1214 cells=16077 reach=16155 reverse=16077 table_mib=0.9 mutable_mib=48.0 max_job_mib=16.5 oldest_ms=75.08 pack_ms=0.81 solve_ms=12.38
v5_device jobs=12 rows=4781 cells=66826 direct=true graph_reused=false upload_ms=11.87 capture_ms=22.78 queue_ms=30.33 gpu_ms=0.05 unpack_ms=3.15 total_ms=68.17
v5_service device=0 lane=1 class=1 jobs=12 rows=4781 cells=66826 reach=434030 reverse=444903 table_mib=12.8 mutable_mib=192.0 max_job_mib=20.0 oldest_ms=77.37 pack_ms=10.76 solve_ms=68.25
v5_device jobs=8 rows=3690 cells=47371 direct=true graph_reused=false upload_ms=13.87 capture_ms=3.47 queue_ms=27.26 gpu_ms=0.01 unpack_ms=1.50 total_ms=46.11
v5_service device=0 lane=0 class=1 jobs=8 rows=3690 cells=47371 reach=560190 reverse=574139 table_mib=15.4 mutable_mib=128.0 max_job_mib=20.8 oldest_ms=240.18 pack_ms=11.53 solve_ms=46.17
v5_device jobs=75 rows=16719 cells=359287 direct=true graph_reused=false upload_ms=14.20 capture_ms=4.32 queue_ms=51.61 gpu_ms=0.01 unpack_ms=3.00 total_ms=73.14
v5_service device=1 lane=2 class=0 jobs=75 rows=16719 cells=359287 reach=376572 reverse=434870 table_mib=19.1 mutable_mib=536.0 max_job_mib=9.9 oldest_ms=79.50 pack_ms=14.12 solve_ms=73.20
v5_device jobs=71 rows=14922 cells=356490 direct=true graph_reused=false upload_ms=11.70 capture_ms=3.71 queue_ms=71.08 gpu_ms=0.01 unpack_ms=2.91 total_ms=89.42
v5_service device=1 lane=1 class=0 jobs=71 rows=14922 cells=356490 reach=294047 reverse=356490 table_mib=16.8 mutable_mib=484.0 max_job_mib=8.8 oldest_ms=76.89 pack_ms=9.41 solve_ms=89.46
v5_device jobs=56 rows=12055 cells=329457 direct=true graph_reused=false upload_ms=18.51 capture_ms=7.52 queue_ms=46.45 gpu_ms=0.03 unpack_ms=3.54 total_ms=76.06
v5_service device=1 lane=0 class=0 jobs=56 rows=12055 cells=329457 reach=261408 reverse=329457 table_mib=14.6 mutable_mib=392.0 max_job_mib=8.8 oldest_ms=79.64 pack_ms=14.19 solve_ms=76.13
v5_device jobs=1 rows=408 cells=3954 direct=true graph_reused=false upload_ms=0.21 capture_ms=3.53 queue_ms=1.72 gpu_ms=0.01 unpack_ms=0.05 total_ms=5.52
v5_service device=1 lane=2 class=1 jobs=1 rows=408 cells=3954 reach=3980 reverse=3954 table_mib=0.3 mutable_mib=16.0 max_job_mib=16.4 oldest_ms=169.70 pack_ms=0.25 solve_ms=5.57
v5_device jobs=92 rows=20363 cells=500283 direct=true graph_reused=false upload_ms=15.63 capture_ms=4.08 queue_ms=35.55 gpu_ms=0.02 unpack_ms=4.05 total_ms=59.33
v5_service device=0 lane=2 class=0 jobs=92 rows=20363 cells=500283 reach=407878 reverse=500283 table_mib=23.2 mutable_mib=660.0 max_job_mib=9.0 oldest_ms=82.45 pack_ms=14.97 solve_ms=59.39
v5_device jobs=61 rows=13237 cells=347040 direct=true graph_reused=false upload_ms=10.54 capture_ms=3.72 queue_ms=51.13 gpu_ms=0.01 unpack_ms=2.17 total_ms=67.56
v5_service device=1 lane=1 class=0 jobs=61 rows=13237 cells=347040 reach=321955 reverse=388749 table_mib=16.7 mutable_mib=436.0 max_job_mib=9.8 oldest_ms=78.68 pack_ms=10.78 solve_ms=67.62
v5_device jobs=1 rows=396 cells=6530 direct=true graph_reused=false upload_ms=0.19 capture_ms=3.79 queue_ms=4.03 gpu_ms=0.01 unpack_ms=0.04 total_ms=8.05
v5_service device=1 lane=1 class=1 jobs=1 rows=396 cells=6530 reach=6556 reverse=6530 table_mib=0.3 mutable_mib=16.0 max_job_mib=16.5 oldest_ms=159.73 pack_ms=0.27 solve_ms=8.10
v5_device jobs=62 rows=13878 cells=336128 direct=true graph_reused=false upload_ms=10.63 capture_ms=4.31 queue_ms=66.56 gpu_ms=0.02 unpack_ms=2.68 total_ms=84.20
v5_service device=1 lane=0 class=0 jobs=62 rows=13878 cells=336128 reach=294325 reverse=358816 table_mib=16.1 mutable_mib=464.0 max_job_mib=9.0 oldest_ms=79.71 pack_ms=11.00 solve_ms=84.25
v5_device jobs=63 rows=13528 cells=272518 direct=true graph_reused=false upload_ms=13.46 capture_ms=4.77 queue_ms=56.93 gpu_ms=0.01 unpack_ms=3.21 total_ms=78.37
v5_service device=1 lane=2 class=0 jobs=63 rows=13528 cells=272518 reach=498600 reverse=547800 table_mib=20.4 mutable_mib=436.0 max_job_mib=9.8 oldest_ms=80.76 pack_ms=15.91 solve_ms=78.42
v5_device jobs=1 rows=323 cells=3519 direct=true graph_reused=false upload_ms=0.80 capture_ms=4.82 queue_ms=6.56 gpu_ms=0.01 unpack_ms=0.12 total_ms=12.30
v5_service device=1 lane=2 class=1 jobs=1 rows=323 cells=3519 reach=50355 reverse=51379 table_mib=1.4 mutable_mib=16.0 max_job_mib=18.0 oldest_ms=130.39 pack_ms=1.08 solve_ms=12.35
v5_device jobs=54 rows=12112 cells=346316 direct=true graph_reused=false upload_ms=5.64 capture_ms=3.56 queue_ms=23.04 gpu_ms=0.01 unpack_ms=2.08 total_ms=34.34
v5_service device=1 lane=1 class=0 jobs=54 rows=12112 cells=346316 reach=271815 reverse=346316 table_mib=15.0 mutable_mib=404.0 max_job_mib=8.8 oldest_ms=79.67 pack_ms=7.60 solve_ms=34.39
v5_device jobs=44 rows=9133 cells=104118 direct=true graph_reused=false upload_ms=51.53 capture_ms=3.38 queue_ms=164.86 gpu_ms=0.01 unpack_ms=5.44 total_ms=225.23
v5_service device=0 lane=0 class=0 jobs=44 rows=9133 cells=104118 reach=1322825 reverse=1354788 table_mib=37.4 mutable_mib=320.0 max_job_mib=10.8 oldest_ms=81.61 pack_ms=23.79 solve_ms=225.28
v5_device jobs=61 rows=13881 cells=280986 direct=true graph_reused=false upload_ms=34.26 capture_ms=4.75 queue_ms=116.15 gpu_ms=0.02 unpack_ms=3.82 total_ms=159.01
v5_service device=0 lane=2 class=0 jobs=61 rows=13881 cells=280986 reach=734875 reverse=792404 table_mib=26.3 mutable_mib=436.0 max_job_mib=10.2 oldest_ms=77.50 pack_ms=14.59 solve_ms=159.06
v5_device jobs=1 rows=432 cells=4080 direct=true graph_reused=false upload_ms=0.18 capture_ms=4.44 queue_ms=30.60 gpu_ms=0.01 unpack_ms=0.06 total_ms=35.29
v5_service device=1 lane=1 class=1 jobs=1 rows=432 cells=4080 reach=4106 reverse=4080 table_mib=0.3 mutable_mib=16.0 max_job_mib=16.4 oldest_ms=123.04 pack_ms=0.24 solve_ms=35.34
v5_device jobs=57 rows=12552 cells=282598 direct=true graph_reused=false upload_ms=13.16 capture_ms=3.24 queue_ms=51.17 gpu_ms=0.02 unpack_ms=3.73 total_ms=71.33
v5_service device=1 lane=0 class=0 jobs=57 rows=12552 cells=282598 reach=647280 reverse=708479 table_mib=23.8 mutable_mib=412.0 max_job_mib=9.7 oldest_ms=78.05 pack_ms=12.94 solve_ms=71.38
v5_device jobs=4 rows=1551 cells=19570 direct=true graph_reused=false upload_ms=1.53 capture_ms=5.26 queue_ms=36.89 gpu_ms=0.01 unpack_ms=0.25 total_ms=43.94
v5_service device=0 lane=2 class=1 jobs=4 rows=1551 cells=19570 reach=74789 reverse=75495 table_mib=2.5 mutable_mib=64.0 max_job_mib=18.3 oldest_ms=240.40 pack_ms=1.83 solve_ms=44.00
v5_device jobs=15 rows=5682 cells=37084 direct=true graph_reused=false upload_ms=18.43 capture_ms=4.46 queue_ms=29.77 gpu_ms=0.01 unpack_ms=2.18 total_ms=54.84
v5_service device=0 lane=0 class=1 jobs=15 rows=5682 cells=37084 reach=689170 reverse=697046 table_mib=19.2 mutable_mib=240.0 max_job_mib=19.0 oldest_ms=335.65 pack_ms=13.43 solve_ms=54.91
v5_device jobs=230 rows=51679 cells=1261070 direct=true graph_reused=false upload_ms=114.11 capture_ms=3.85 queue_ms=192.66 gpu_ms=13.43 unpack_ms=21.43 total_ms=345.48
v5_service device=0 lane=1 class=0 jobs=230 rows=51679 cells=1261070 reach=1848014 reverse=2106771 table_mib=78.7 mutable_mib=1668.0 max_job_mib=10.2 oldest_ms=172.52 pack_ms=87.13 solve_ms=345.53
v5_device jobs=4 rows=1633 cells=18137 direct=true graph_reused=false upload_ms=5.43 capture_ms=5.62 queue_ms=27.56 gpu_ms=0.02 unpack_ms=0.96 total_ms=39.60
v5_service device=1 lane=0 class=1 jobs=4 rows=1633 cells=18137 reach=278163 reverse=282499 table_mib=7.5 mutable_mib=64.0 max_job_mib=19.2 oldest_ms=156.30 pack_ms=5.12 solve_ms=39.65
v5_device jobs=59 rows=12704 cells=165313 direct=true graph_reused=false upload_ms=49.74 capture_ms=3.71 queue_ms=61.44 gpu_ms=0.02 unpack_ms=5.80 total_ms=120.71
v5_service device=1 lane=2 class=0 jobs=59 rows=12704 cells=165313 reach=1125955 reverse=1158902 table_mib=34.3 mutable_mib=424.0 max_job_mib=10.0 oldest_ms=77.16 pack_ms=20.42 solve_ms=120.78
v5_device jobs=48 rows=10148 cells=219231 direct=true graph_reused=false upload_ms=17.65 capture_ms=3.92 queue_ms=32.96 gpu_ms=0.02 unpack_ms=3.10 total_ms=57.65
v5_service device=1 lane=1 class=0 jobs=48 rows=10148 cells=219231 reach=510884 reverse=558131 table_mib=18.9 mutable_mib=340.0 max_job_mib=10.0 oldest_ms=79.69 pack_ms=15.05 solve_ms=57.70
v5_device jobs=3 rows=731 cells=16181 direct=true graph_reused=false upload_ms=3.06 capture_ms=4.59 queue_ms=21.59 gpu_ms=0.01 unpack_ms=0.60 total_ms=29.85
v5_service device=1 lane=1 class=1 jobs=3 rows=731 cells=16181 reach=177622 reverse=183994 table_mib=4.9 mutable_mib=48.0 max_job_mib=18.9 oldest_ms=155.35 pack_ms=3.01 solve_ms=29.89
v5_device jobs=10 rows=3967 cells=36000 direct=true graph_reused=false upload_ms=14.55 capture_ms=25.50 queue_ms=47.59 gpu_ms=0.01 unpack_ms=2.34 total_ms=89.99
v5_service device=1 lane=2 class=1 jobs=10 rows=3967 cells=36000 reach=552913 reverse=561978 table_mib=15.3 mutable_mib=176.0 max_job_mib=35.1 oldest_ms=202.94 pack_ms=12.04 solve_ms=90.04
v5_device jobs=38 rows=8225 cells=68262 direct=true graph_reused=false upload_ms=44.59 capture_ms=4.32 queue_ms=62.13 gpu_ms=0.01 unpack_ms=3.10 total_ms=114.16
v5_service device=0 lane=0 class=0 jobs=38 rows=8225 cells=68262 reach=1001040 reverse=1020291 table_mib=28.6 mutable_mib=280.0 max_job_mib=10.1 oldest_ms=78.97 pack_ms=21.56 solve_ms=114.22
v5_device jobs=30 rows=6175 cells=78479 direct=true graph_reused=false upload_ms=22.07 capture_ms=4.11 queue_ms=75.10 gpu_ms=0.01 unpack_ms=2.72 total_ms=104.01
v5_service device=0 lane=1 class=0 jobs=30 rows=6175 cells=78479 reach=701717 reverse=724566 table_mib=20.6 mutable_mib=200.0 max_job_mib=10.0 oldest_ms=79.06 pack_ms=16.67 solve_ms=104.06
v5_device jobs=41 rows=9020 cells=91244 direct=true graph_reused=false upload_ms=40.68 capture_ms=3.96 queue_ms=82.32 gpu_ms=0.02 unpack_ms=4.11 total_ms=131.09
v5_service device=0 lane=2 class=0 jobs=41 rows=9020 cells=91244 reach=888053 reverse=908288 table_mib=26.3 mutable_mib=300.0 max_job_mib=9.7 oldest_ms=79.19 pack_ms=19.62 solve_ms=131.14
v5_device jobs=46 rows=10118 cells=136943 direct=true graph_reused=false upload_ms=43.22 capture_ms=4.13 queue_ms=51.79 gpu_ms=0.03 unpack_ms=6.44 total_ms=105.60
v5_service device=1 lane=0 class=0 jobs=46 rows=10118 cells=136943 reach=996886 reverse=1030667 table_mib=29.9 mutable_mib=336.0 max_job_mib=10.2 oldest_ms=79.47 pack_ms=27.52 solve_ms=105.66
v5_device jobs=4 rows=1586 cells=10142 direct=true graph_reused=false upload_ms=5.32 capture_ms=4.17 queue_ms=14.40 gpu_ms=0.02 unpack_ms=0.63 total_ms=24.54
v5_service device=1 lane=0 class=1 jobs=4 rows=1586 cells=10142 reach=213068 reverse=215520 table_mib=5.9 mutable_mib=64.0 max_job_mib=18.5 oldest_ms=205.98 pack_ms=4.95 solve_ms=24.59
v5_device jobs=2 rows=812 cells=5449 direct=true graph_reused=false upload_ms=3.08 capture_ms=4.58 queue_ms=63.40 gpu_ms=0.01 unpack_ms=0.32 total_ms=71.39
v5_service device=0 lane=2 class=1 jobs=2 rows=812 cells=5449 reach=98442 reverse=99608 table_mib=2.8 mutable_mib=32.0 max_job_mib=18.3 oldest_ms=233.64 pack_ms=2.67 solve_ms=71.45
v5_device jobs=10 rows=3803 cells=42022 direct=true graph_reused=false upload_ms=16.45 capture_ms=4.42 queue_ms=54.63 gpu_ms=0.01 unpack_ms=1.36 total_ms=76.87
v5_service device=0 lane=0 class=1 jobs=10 rows=3803 cells=42022 reach=529331 reverse=540762 table_mib=14.7 mutable_mib=160.0 max_job_mib=18.9 oldest_ms=218.19 pack_ms=9.20 solve_ms=76.92
v5_device jobs=13 rows=5208 cells=49438 direct=true graph_reused=false upload_ms=19.22 capture_ms=4.16 queue_ms=34.07 gpu_ms=0.01 unpack_ms=2.57 total_ms=60.03
v5_service device=0 lane=1 class=1 jobs=13 rows=5208 cells=49438 reach=779340 reverse=792780 table_mib=21.3 mutable_mib=224.0 max_job_mib=37.9 oldest_ms=204.56 pack_ms=24.37 solve_ms=60.07
v5_device jobs=17 rows=5626 cells=50370 direct=true graph_reused=false upload_ms=35.19 capture_ms=3.87 queue_ms=57.64 gpu_ms=0.01 unpack_ms=9.09 total_ms=105.80
v5_service device=1 lane=2 class=1 jobs=17 rows=5626 cells=50370 reach=910932 reverse=923242 table_mib=24.8 mutable_mib=272.0 max_job_mib=19.6 oldest_ms=79.75 pack_ms=24.45 solve_ms=105.88
v5_device jobs=42 rows=8814 cells=114785 direct=true graph_reused=false upload_ms=46.33 capture_ms=3.49 queue_ms=75.63 gpu_ms=0.02 unpack_ms=6.02 total_ms=131.49
v5_service device=1 lane=1 class=0 jobs=42 rows=8814 cells=114785 reach=1048607 reverse=1079452 table_mib=30.5 mutable_mib=304.0 max_job_mib=10.6 oldest_ms=82.01 pack_ms=24.54 solve_ms=131.56
v5_device jobs=12 rows=5270 cells=48505 direct=true graph_reused=false upload_ms=24.04 capture_ms=3.66 queue_ms=30.63 gpu_ms=0.02 unpack_ms=2.73 total_ms=61.08
v5_service device=1 lane=0 class=1 jobs=12 rows=5270 cells=48505 reach=744973 reverse=755409 table_mib=20.4 mutable_mib=208.0 max_job_mib=37.9 oldest_ms=77.26 pack_ms=10.37 solve_ms=61.13
v5_device jobs=8 rows=2825 cells=39231 direct=true graph_reused=false upload_ms=12.02 capture_ms=3.92 queue_ms=27.21 gpu_ms=0.01 unpack_ms=1.57 total_ms=44.73
v5_service device=1 lane=1 class=1 jobs=8 rows=2825 cells=39231 reach=505339 reverse=517680 table_mib=13.8 mutable_mib=128.0 max_job_mib=19.7 oldest_ms=241.19 pack_ms=8.83 solve_ms=44.80
v5_device jobs=38 rows=8092 cells=87924 direct=true graph_reused=false upload_ms=43.84 capture_ms=3.73 queue_ms=78.61 gpu_ms=0.01 unpack_ms=5.58 total_ms=131.77
v5_service device=0 lane=2 class=0 jobs=38 rows=8092 cells=87924 reach=1077625 reverse=1104044 table_mib=30.7 mutable_mib=280.0 max_job_mib=10.5 oldest_ms=81.00 pack_ms=19.00 solve_ms=131.84
v5_device jobs=39 rows=9028 cells=83427 direct=true graph_reused=false upload_ms=43.05 capture_ms=3.94 queue_ms=88.56 gpu_ms=0.02 unpack_ms=4.22 total_ms=139.79
v5_service device=0 lane=0 class=0 jobs=39 rows=9028 cells=83427 reach=1066350 reverse=1091179 table_mib=30.6 mutable_mib=288.0 max_job_mib=10.3 oldest_ms=82.11 pack_ms=21.29 solve_ms=139.84
v5_device jobs=41 rows=8363 cells=78826 direct=true graph_reused=false upload_ms=47.57 capture_ms=3.13 queue_ms=86.24 gpu_ms=0.02 unpack_ms=5.11 total_ms=142.07
v5_service device=0 lane=1 class=0 jobs=41 rows=8363 cells=78826 reach=1191366 reverse=1214248 table_mib=33.5 mutable_mib=300.0 max_job_mib=10.2 oldest_ms=83.11 pack_ms=22.93 solve_ms=142.13
v5_device jobs=60 rows=13105 cells=203137 direct=true graph_reused=false upload_ms=61.37 capture_ms=3.24 queue_ms=94.91 gpu_ms=0.01 unpack_ms=17.02 total_ms=176.56
v5_service device=1 lane=2 class=0 jobs=60 rows=13105 cells=203137 reach=1684611 reverse=1747961 table_mib=48.9 mutable_mib=464.0 max_job_mib=10.2 oldest_ms=218.45 pack_ms=66.42 solve_ms=176.61
v5_device jobs=8 rows=3683 cells=26989 direct=true graph_reused=false upload_ms=14.40 capture_ms=3.36 queue_ms=30.80 gpu_ms=0.02 unpack_ms=1.28 total_ms=49.86
v5_service device=0 lane=1 class=1 jobs=8 rows=3683 cells=26989 reach=386226 reverse=391252 table_mib=11.0 mutable_mib=144.0 max_job_mib=34.8 oldest_ms=241.45 pack_ms=8.10 solve_ms=49.91
v5_device jobs=11 rows=3996 cells=40823 direct=true graph_reused=false upload_ms=30.41 capture_ms=3.92 queue_ms=34.77 gpu_ms=0.01 unpack_ms=2.12 total_ms=71.24
v5_service device=0 lane=2 class=1 jobs=11 rows=3996 cells=40823 reach=602876 reverse=611981 table_mib=16.5 mutable_mib=176.0 max_job_mib=18.8 oldest_ms=235.29 pack_ms=10.99 solve_ms=71.28
v5_device jobs=16 rows=5733 cells=75125 direct=true graph_reused=false upload_ms=38.49 capture_ms=3.73 queue_ms=36.09 gpu_ms=0.01 unpack_ms=2.96 total_ms=81.28
v5_service device=0 lane=0 class=1 jobs=16 rows=5733 cells=75125 reach=956616 reverse=979058 table_mib=26.1 mutable_mib=256.0 max_job_mib=19.7 oldest_ms=247.38 pack_ms=18.15 solve_ms=81.34
v5_device jobs=47 rows=9847 cells=100606 direct=true graph_reused=false upload_ms=53.45 capture_ms=4.52 queue_ms=77.11 gpu_ms=0.02 unpack_ms=4.78 total_ms=139.86
v5_service device=1 lane=1 class=0 jobs=47 rows=9847 cells=100606 reach=1294306 reverse=1322190 table_mib=36.9 mutable_mib=356.0 max_job_mib=10.0 oldest_ms=78.54 pack_ms=18.46 solve_ms=139.92
v5_device jobs=71 rows=15807 cells=167762 direct=true graph_reused=false upload_ms=71.62 capture_ms=3.85 queue_ms=134.46 gpu_ms=0.02 unpack_ms=10.97 total_ms=220.93
v5_service device=1 lane=0 class=0 jobs=71 rows=15807 cells=167762 reach=1956208 reverse=2001597 table_mib=56.0 mutable_mib=536.0 max_job_mib=10.5 oldest_ms=154.68 pack_ms=51.95 solve_ms=221.00
v5_device jobs=12 rows=5109 cells=30356 direct=true graph_reused=false upload_ms=13.22 capture_ms=3.86 queue_ms=24.40 gpu_ms=0.01 unpack_ms=1.85 total_ms=43.34
v5_service device=1 lane=1 class=1 jobs=12 rows=5109 cells=30356 reach=567938 reverse=573293 table_mib=15.9 mutable_mib=192.0 max_job_mib=19.2 oldest_ms=240.76 pack_ms=11.22 solve_ms=43.40
v5_device jobs=37 rows=8674 cells=80895 direct=true graph_reused=false upload_ms=40.21 capture_ms=3.74 queue_ms=69.25 gpu_ms=0.01 unpack_ms=3.11 total_ms=116.32
v5_service device=0 lane=1 class=0 jobs=37 rows=8674 cells=80895 reach=1037325 reverse=1060467 table_mib=29.7 mutable_mib=284.0 max_job_mib=10.1 oldest_ms=82.34 pack_ms=22.00 solve_ms=116.38
v5_device jobs=15 rows=5874 cells=62048 direct=true graph_reused=false upload_ms=19.12 capture_ms=4.30 queue_ms=82.25 gpu_ms=0.02 unpack_ms=6.26 total_ms=111.96
v5_service device=0 lane=0 class=1 jobs=15 rows=5874 cells=62048 reach=840554 reverse=855988 table_mib=23.1 mutable_mib=240.0 max_job_mib=19.1 oldest_ms=78.60 pack_ms=13.32 solve_ms=112.01
v5_device jobs=12 rows=4208 cells=48050 direct=true graph_reused=false upload_ms=10.48 capture_ms=3.88 queue_ms=58.04 gpu_ms=0.03 unpack_ms=3.15 total_ms=75.58
v5_service device=1 lane=0 class=1 jobs=12 rows=4208 cells=48050 reach=631193 reverse=644128 table_mib=17.4 mutable_mib=192.0 max_job_mib=18.9 oldest_ms=76.78 pack_ms=9.35 solve_ms=75.65
v5_device jobs=46 rows=9474 cells=102066 direct=true graph_reused=false upload_ms=49.45 capture_ms=3.58 queue_ms=82.15 gpu_ms=0.01 unpack_ms=7.07 total_ms=142.26
v5_service device=0 lane=2 class=0 jobs=46 rows=9474 cells=102066 reach=1255525 reverse=1288502 table_mib=35.8 mutable_mib=324.0 max_job_mib=10.8 oldest_ms=79.37 pack_ms=27.39 solve_ms=142.31
v5_device jobs=43 rows=9604 cells=78105 direct=true graph_reused=false upload_ms=45.15 capture_ms=3.21 queue_ms=78.60 gpu_ms=0.02 unpack_ms=7.63 total_ms=134.61
v5_service device=1 lane=2 class=0 jobs=43 rows=9604 cells=78105 reach=1214132 reverse=1235836 table_mib=34.5 mutable_mib=336.0 max_job_mib=10.2 oldest_ms=80.82 pack_ms=43.36 solve_ms=134.67
v5_device jobs=9 rows=2924 cells=29620 direct=true graph_reused=false upload_ms=11.13 capture_ms=3.47 queue_ms=27.84 gpu_ms=0.02 unpack_ms=1.80 total_ms=44.26
v5_service device=0 lane=1 class=1 jobs=9 rows=2924 cells=29620 reach=453610 reverse=462374 table_mib=12.5 mutable_mib=144.0 max_job_mib=18.9 oldest_ms=222.35 pack_ms=8.29 solve_ms=44.33
v5_device jobs=8 rows=2888 cells=33507 direct=true graph_reused=false upload_ms=19.73 capture_ms=3.56 queue_ms=26.64 gpu_ms=0.01 unpack_ms=1.30 total_ms=51.24
v5_service device=0 lane=2 class=1 jobs=8 rows=2888 cells=33507 reach=450288 reverse=460263 table_mib=12.4 mutable_mib=128.0 max_job_mib=19.4 oldest_ms=253.47 pack_ms=9.75 solve_ms=51.30
v5_device jobs=10 rows=3531 cells=38120 direct=true graph_reused=false upload_ms=13.61 capture_ms=3.59 queue_ms=36.71 gpu_ms=0.01 unpack_ms=2.43 total_ms=56.35
v5_service device=1 lane=2 class=1 jobs=10 rows=3531 cells=38120 reach=583332 reverse=592609 table_mib=15.8 mutable_mib=160.0 max_job_mib=19.2 oldest_ms=264.14 pack_ms=14.90 solve_ms=56.41
v5_device jobs=44 rows=9934 cells=86454 direct=true graph_reused=false upload_ms=50.81 capture_ms=4.02 queue_ms=88.65 gpu_ms=0.02 unpack_ms=6.34 total_ms=149.84
v5_service device=1 lane=1 class=0 jobs=44 rows=9934 cells=86454 reach=1255243 reverse=1278795 table_mib=35.7 mutable_mib=332.0 max_job_mib=10.2 oldest_ms=79.49 pack_ms=20.80 solve_ms=149.89
v5_device jobs=47 rows=10019 cells=93149 direct=true graph_reused=false upload_ms=48.85 capture_ms=3.59 queue_ms=67.72 gpu_ms=0.02 unpack_ms=5.42 total_ms=125.61
v5_service device=0 lane=0 class=0 jobs=47 rows=10019 cells=93149 reach=1265245 reverse=1292187 table_mib=36.1 mutable_mib=340.0 max_job_mib=10.2 oldest_ms=210.55 pack_ms=43.56 solve_ms=125.67
v5_device jobs=37 rows=7976 cells=71117 direct=true graph_reused=false upload_ms=43.06 capture_ms=3.72 queue_ms=43.10 gpu_ms=0.01 unpack_ms=3.21 total_ms=93.10
v5_service device=0 lane=1 class=0 jobs=37 rows=7976 cells=71117 reach=1083103 reverse=1102469 table_mib=30.5 mutable_mib=280.0 max_job_mib=10.6 oldest_ms=78.21 pack_ms=16.79 solve_ms=93.16
v5_device jobs=10 rows=3698 cells=41143 direct=true graph_reused=false upload_ms=8.44 capture_ms=3.24 queue_ms=26.07 gpu_ms=0.01 unpack_ms=1.28 total_ms=39.03
v5_service device=0 lane=1 class=1 jobs=10 rows=3698 cells=41143 reach=462047 reverse=472141 table_mib=13.0 mutable_mib=160.0 max_job_mib=18.5 oldest_ms=190.61 pack_ms=7.79 solve_ms=39.09
v5_device jobs=38 rows=8182 cells=76478 direct=true graph_reused=false upload_ms=41.87 capture_ms=3.45 queue_ms=64.33 gpu_ms=0.01 unpack_ms=3.57 total_ms=113.23
v5_service device=0 lane=2 class=0 jobs=38 rows=8182 cells=76478 reach=1012733 reverse=1035652 table_mib=29.0 mutable_mib=292.0 max_job_mib=10.0 oldest_ms=80.31 pack_ms=17.68 solve_ms=113.29
v5_device jobs=38 rows=8209 cells=75795 direct=true graph_reused=false upload_ms=39.65 capture_ms=4.38 queue_ms=85.83 gpu_ms=0.01 unpack_ms=3.30 total_ms=133.17
v5_service device=1 lane=2 class=0 jobs=38 rows=8209 cells=75795 reach=1084010 reverse=1105527 table_mib=30.7 mutable_mib=280.0 max_job_mib=10.0 oldest_ms=81.09 pack_ms=25.64 solve_ms=133.23
v5_device jobs=15 rows=6149 cells=48094 direct=true graph_reused=false upload_ms=52.76 capture_ms=4.28 queue_ms=144.91 gpu_ms=0.02 unpack_ms=4.64 total_ms=206.60
v5_service device=1 lane=1 class=1 jobs=15 rows=6149 cells=48094 reach=849663 reverse=860148 table_mib=23.3 mutable_mib=240.0 max_job_mib=19.2 oldest_ms=254.23 pack_ms=13.58 solve_ms=206.66
v5_device jobs=74 rows=16682 cells=169395 direct=true graph_reused=false upload_ms=100.33 capture_ms=3.86 queue_ms=153.18 gpu_ms=0.02 unpack_ms=9.39 total_ms=266.78
v5_service device=1 lane=0 class=0 jobs=74 rows=16682 cells=169395 reach=2273812 reverse=2323798 table_mib=64.2 mutable_mib=564.0 max_job_mib=10.8 oldest_ms=174.85 pack_ms=78.29 solve_ms=266.83
v5_device jobs=12 rows=4432 cells=36578 direct=true graph_reused=false upload_ms=19.76 capture_ms=3.89 queue_ms=54.23 gpu_ms=0.02 unpack_ms=2.38 total_ms=80.27
v5_service device=0 lane=2 class=1 jobs=12 rows=4432 cells=36578 reach=565075 reverse=574615 table_mib=15.8 mutable_mib=192.0 max_job_mib=18.9 oldest_ms=206.81 pack_ms=10.39 solve_ms=80.33
v5_device jobs=45 rows=9530 cells=103001 direct=true graph_reused=false upload_ms=47.45 capture_ms=3.88 queue_ms=58.41 gpu_ms=0.02 unpack_ms=5.39 total_ms=115.14
v5_service device=0 lane=0 class=0 jobs=45 rows=9530 cells=103001 reach=1301273 reverse=1333946 table_mib=37.0 mutable_mib=340.0 max_job_mib=10.2 oldest_ms=77.62 pack_ms=17.80 solve_ms=115.20
v5_device jobs=10 rows=4193 cells=32258 direct=true graph_reused=false upload_ms=11.38 capture_ms=3.57 queue_ms=28.13 gpu_ms=0.02 unpack_ms=2.46 total_ms=45.58
v5_service device=1 lane=2 class=1 jobs=10 rows=4193 cells=32258 reach=567411 reverse=572919 table_mib=15.6 mutable_mib=176.0 max_job_mib=36.3 oldest_ms=242.78 pack_ms=10.15 solve_ms=45.62
v5_device jobs=7 rows=3043 cells=26653 direct=true graph_reused=false upload_ms=7.30 capture_ms=4.15 queue_ms=31.55 gpu_ms=0.01 unpack_ms=1.07 total_ms=44.08
v5_service device=0 lane=0 class=1 jobs=7 rows=3043 cells=26653 reach=368558 reverse=374314 table_mib=10.3 mutable_mib=112.0 max_job_mib=19.0 oldest_ms=215.05 pack_ms=6.42 solve_ms=44.14
v5_device jobs=28 rows=6424 cells=70665 direct=true graph_reused=false upload_ms=23.31 capture_ms=3.61 queue_ms=51.68 gpu_ms=0.02 unpack_ms=4.53 total_ms=83.16
v5_service device=0 lane=1 class=0 jobs=28 rows=6424 cells=70665 reach=866995 reverse=889915 table_mib=24.6 mutable_mib=216.0 max_job_mib=10.8 oldest_ms=81.26 pack_ms=16.22 solve_ms=83.23
v5_device jobs=7 rows=2835 cells=23273 direct=true graph_reused=false upload_ms=10.01 capture_ms=3.26 queue_ms=18.53 gpu_ms=0.01 unpack_ms=1.09 total_ms=32.89
v5_service device=0 lane=1 class=1 jobs=7 rows=2835 cells=23273 reach=379155 reverse=384595 table_mib=10.5 mutable_mib=112.0 max_job_mib=19.0 oldest_ms=173.07 pack_ms=7.44 solve_ms=32.95
v5_device jobs=41 rows=8680 cells=75996 direct=true graph_reused=false upload_ms=27.43 capture_ms=3.33 queue_ms=56.19 gpu_ms=0.01 unpack_ms=3.74 total_ms=90.70
v5_service device=1 lane=0 class=0 jobs=41 rows=8680 cells=75996 reach=1114761 reverse=1136155 table_mib=31.7 mutable_mib=300.0 max_job_mib=10.2 oldest_ms=78.11 pack_ms=19.90 solve_ms=90.76
v5_device jobs=38 rows=8265 cells=90011 direct=true graph_reused=false upload_ms=38.53 capture_ms=3.32 queue_ms=52.02 gpu_ms=0.01 unpack_ms=4.26 total_ms=98.14
v5_service device=0 lane=2 class=0 jobs=38 rows=8265 cells=90011 reach=1055217 reverse=1082864 table_mib=30.2 mutable_mib=292.0 max_job_mib=10.2 oldest_ms=78.93 pack_ms=19.33 solve_ms=98.20
v5_device jobs=7 rows=2992 cells=25135 direct=true graph_reused=false upload_ms=7.74 capture_ms=4.38 queue_ms=40.94 gpu_ms=0.01 unpack_ms=1.17 total_ms=54.24
v5_service device=1 lane=0 class=1 jobs=7 rows=2992 cells=25135 reach=377639 reverse=383247 table_mib=10.5 mutable_mib=112.0 max_job_mib=19.0 oldest_ms=191.68 pack_ms=6.52 solve_ms=54.32
v5_device jobs=36 rows=7716 cells=92209 direct=true graph_reused=false upload_ms=45.23 capture_ms=4.35 queue_ms=124.18 gpu_ms=0.01 unpack_ms=8.26 total_ms=182.03
v5_service device=1 lane=1 class=0 jobs=36 rows=7716 cells=92209 reach=1166518 reverse=1196743 table_mib=32.8 mutable_mib=280.0 max_job_mib=10.7 oldest_ms=80.39 pack_ms=25.27 solve_ms=182.09
v5_device jobs=52 rows=11371 cells=96106 direct=true graph_reused=false upload_ms=47.78 capture_ms=3.49 queue_ms=101.03 gpu_ms=0.02 unpack_ms=5.95 total_ms=158.26
v5_service device=1 lane=2 class=0 jobs=52 rows=11371 cells=96106 reach=1381744 reverse=1407585 table_mib=39.5 mutable_mib=380.0 max_job_mib=10.0 oldest_ms=79.17 pack_ms=23.81 solve_ms=158.32
v5_device jobs=10 rows=3534 cells=42327 direct=true graph_reused=false upload_ms=12.09 capture_ms=3.86 queue_ms=73.43 gpu_ms=0.01 unpack_ms=1.96 total_ms=91.35
v5_service device=0 lane=2 class=1 jobs=10 rows=3534 cells=42327 reach=562186 reverse=572809 table_mib=15.4 mutable_mib=160.0 max_job_mib=18.9 oldest_ms=191.78 pack_ms=10.96 solve_ms=91.40
v5_device jobs=41 rows=9230 cells=86880 direct=true graph_reused=false upload_ms=44.63 capture_ms=3.64 queue_ms=104.00 gpu_ms=0.01 unpack_ms=4.03 total_ms=156.30
v5_service device=0 lane=0 class=0 jobs=41 rows=9230 cells=86880 reach=1176503 reverse=1202214 table_mib=33.5 mutable_mib=312.0 max_job_mib=10.3 oldest_ms=77.68 pack_ms=17.90 solve_ms=156.36
v5_device jobs=33 rows=6703 cells=72514 direct=true graph_reused=false upload_ms=39.24 capture_ms=3.59 queue_ms=63.14 gpu_ms=0.02 unpack_ms=6.12 total_ms=112.11
v5_service device=0 lane=1 class=0 jobs=33 rows=6703 cells=72514 reach=970648 reverse=992735 table_mib=27.4 mutable_mib=244.0 max_job_mib=10.0 oldest_ms=82.73 pack_ms=18.26 solve_ms=112.17
v5_device jobs=8 rows=2753 cells=29625 direct=true graph_reused=false upload_ms=10.88 capture_ms=3.83 queue_ms=37.47 gpu_ms=0.01 unpack_ms=2.16 total_ms=54.35
v5_service device=1 lane=2 class=1 jobs=8 rows=2753 cells=29625 reach=490203 reverse=497722 table_mib=13.2 mutable_mib=128.0 max_job_mib=20.3 oldest_ms=265.16 pack_ms=8.39 solve_ms=54.41
v5_device jobs=12 rows=4583 cells=44177 direct=true graph_reused=false upload_ms=29.63 capture_ms=3.58 queue_ms=37.54 gpu_ms=0.01 unpack_ms=2.89 total_ms=73.65
v5_service device=1 lane=1 class=1 jobs=12 rows=4583 cells=44177 reach=598392 reverse=609316 table_mib=16.6 mutable_mib=192.0 max_job_mib=19.2 oldest_ms=294.10 pack_ms=10.92 solve_ms=73.69
v5_device jobs=8 rows=2774 cells=38625 direct=true graph_reused=false upload_ms=12.44 capture_ms=3.55 queue_ms=28.52 gpu_ms=0.01 unpack_ms=1.65 total_ms=46.16
v5_service device=0 lane=0 class=1 jobs=8 rows=2774 cells=38625 reach=514576 reverse=527410 table_mib=14.0 mutable_mib=128.0 max_job_mib=19.2 oldest_ms=252.76 pack_ms=9.60 solve_ms=46.22
v5_device jobs=40 rows=8834 cells=95094 direct=true graph_reused=false upload_ms=30.12 capture_ms=3.68 queue_ms=47.42 gpu_ms=0.01 unpack_ms=4.32 total_ms=85.56
v5_service device=1 lane=0 class=0 jobs=40 rows=8834 cells=95094 reach=1267234 reverse=1296097 table_mib=35.7 mutable_mib=308.0 max_job_mib=10.4 oldest_ms=78.57 pack_ms=22.79 solve_ms=85.62
v5_device jobs=13 rows=5053 cells=60079 direct=true graph_reused=false upload_ms=32.70 capture_ms=3.30 queue_ms=39.42 gpu_ms=0.01 unpack_ms=5.14 total_ms=80.57
v5_service device=0 lane=1 class=1 jobs=13 rows=5053 cells=60079 reach=725168 reverse=739903 table_mib=20.0 mutable_mib=208.0 max_job_mib=19.2 oldest_ms=216.33 pack_ms=17.03 solve_ms=80.62
v5_device jobs=35 rows=7782 cells=64842 direct=true graph_reused=false upload_ms=36.89 capture_ms=3.67 queue_ms=39.69 gpu_ms=0.01 unpack_ms=2.99 total_ms=83.25
v5_service device=0 lane=2 class=0 jobs=35 rows=7782 cells=64842 reach=958865 reverse=976921 table_mib=27.4 mutable_mib=256.0 max_job_mib=10.2 oldest_ms=80.08 pack_ms=14.13 solve_ms=83.31
v5_device jobs=20 rows=8921 cells=67330 direct=true graph_reused=false upload_ms=22.73 capture_ms=3.26 queue_ms=61.52 gpu_ms=0.01 unpack_ms=3.09 total_ms=90.62
v5_service device=1 lane=0 class=1 jobs=20 rows=8921 cells=67330 reach=1057656 reverse=1073139 table_mib=29.7 mutable_mib=352.0 max_job_mib=34.6 oldest_ms=192.38 pack_ms=21.58 solve_ms=90.68
v5_device jobs=36 rows=8007 cells=62637 direct=true graph_reused=false upload_ms=35.60 capture_ms=3.30 queue_ms=61.88 gpu_ms=0.01 unpack_ms=3.65 total_ms=104.44
v5_service device=0 lane=0 class=0 jobs=36 rows=8007 cells=62637 reach=960299 reverse=975770 table_mib=27.4 mutable_mib=260.0 max_job_mib=10.4 oldest_ms=81.27 pack_ms=15.38 solve_ms=104.51
v5_device jobs=15 rows=6196 cells=41799 direct=true graph_reused=false upload_ms=18.25 capture_ms=3.73 queue_ms=48.83 gpu_ms=0.01 unpack_ms=3.31 total_ms=74.14
v5_service device=0 lane=2 class=1 jobs=15 rows=6196 cells=41799 reach=865730 reverse=873858 table_mib=23.6 mutable_mib=256.0 max_job_mib=34.8 oldest_ms=181.32 pack_ms=15.55 solve_ms=74.19
v5_device jobs=40 rows=8962 cells=83319 direct=true graph_reused=false upload_ms=49.53 capture_ms=4.29 queue_ms=80.74 gpu_ms=0.02 unpack_ms=5.38 total_ms=139.95
v5_service device=1 lane=2 class=0 jobs=40 rows=8962 cells=83319 reach=1231133 reverse=1254624 table_mib=34.7 mutable_mib=312.0 max_job_mib=10.7 oldest_ms=78.92 pack_ms=24.18 solve_ms=140.00
v5_device jobs=17 rows=6392 cells=72000 direct=true graph_reused=false upload_ms=35.97 capture_ms=4.61 queue_ms=91.24 gpu_ms=0.01 unpack_ms=8.91 total_ms=140.75
v5_service device=1 lane=1 class=1 jobs=17 rows=6392 cells=72000 reach=1020066 reverse=1040713 table_mib=27.8 mutable_mib=272.0 max_job_mib=20.0 oldest_ms=78.45 pack_ms=21.40 solve_ms=140.79
v5_device jobs=8 rows=3874 cells=34484 direct=true graph_reused=false upload_ms=14.50 capture_ms=3.46 queue_ms=27.84 gpu_ms=0.02 unpack_ms=1.82 total_ms=47.64
v5_service device=1 lane=2 class=1 jobs=8 rows=3874 cells=34484 reach=572430 reverse=581057 table_mib=15.6 mutable_mib=144.0 max_job_mib=36.1 oldest_ms=248.24 pack_ms=11.12 solve_ms=47.71
v5_device jobs=11 rows=4291 cells=37273 direct=true graph_reused=false upload_ms=15.39 capture_ms=4.34 queue_ms=34.79 gpu_ms=0.01 unpack_ms=2.05 total_ms=56.58
v5_service device=0 lane=0 class=1 jobs=11 rows=4291 cells=37273 reach=592237 reverse=602168 table_mib=16.3 mutable_mib=176.0 max_job_mib=19.7 oldest_ms=205.44 pack_ms=15.33 solve_ms=56.63
v5_device jobs=1 rows=1920 cells=3312 direct=true graph_reused=false upload_ms=3.01 capture_ms=5.32 queue_ms=13.16 gpu_ms=0.01 unpack_ms=0.26 total_ms=21.76
v5_service device=0 lane=0 class=2 jobs=1 rows=1920 cells=3312 reach=200282 reverse=200304 table_mib=5.5 mutable_mib=64.0 max_job_mib=72.2 oldest_ms=276.64 pack_ms=3.53 solve_ms=21.82
v5_device jobs=38 rows=8003 cells=87180 direct=true graph_reused=false upload_ms=44.43 capture_ms=3.56 queue_ms=87.34 gpu_ms=0.02 unpack_ms=8.21 total_ms=143.56
v5_service device=0 lane=1 class=0 jobs=38 rows=8003 cells=87180 reach=1175854 reverse=1202115 table_mib=33.0 mutable_mib=284.0 max_job_mib=10.6 oldest_ms=79.25 pack_ms=25.48 solve_ms=143.61
v5_device jobs=15 rows=5629 cells=41948 direct=true graph_reused=false upload_ms=14.87 capture_ms=3.42 queue_ms=29.37 gpu_ms=0.01 unpack_ms=2.35 total_ms=50.03
v5_service device=0 lane=2 class=1 jobs=15 rows=5629 cells=41948 reach=722655 reverse=732403 table_mib=20.0 mutable_mib=240.0 max_job_mib=19.0 oldest_ms=77.89 pack_ms=12.82 solve_ms=50.08
v5_device jobs=40 rows=9017 cells=78923 direct=true graph_reused=false upload_ms=26.59 capture_ms=3.50 queue_ms=54.93 gpu_ms=0.02 unpack_ms=4.77 total_ms=89.81
v5_service device=1 lane=0 class=0 jobs=40 rows=9017 cells=78923 reach=1108278 reverse=1130706 table_mib=31.7 mutable_mib=300.0 max_job_mib=10.2 oldest_ms=80.00 pack_ms=19.99 solve_ms=89.87
v5_device jobs=40 rows=8741 cells=71528 direct=true graph_reused=false upload_ms=49.15 capture_ms=4.30 queue_ms=74.39 gpu_ms=0.02 unpack_ms=8.88 total_ms=136.73
v5_service device=1 lane=1 class=0 jobs=40 rows=8741 cells=71528 reach=1097639 reverse=1116758 table_mib=31.2 mutable_mib=292.0 max_job_mib=10.0 oldest_ms=247.13 pack_ms=33.30 solve_ms=136.81
v5_device jobs=12 rows=4979 cells=50942 direct=true graph_reused=false upload_ms=31.10 capture_ms=3.64 queue_ms=35.04 gpu_ms=0.02 unpack_ms=3.65 total_ms=73.46
v5_service device=0 lane=1 class=1 jobs=12 rows=4979 cells=50942 reach=693810 reverse=705973 table_mib=19.1 mutable_mib=192.0 max_job_mib=19.7 oldest_ms=252.47 pack_ms=11.25 solve_ms=73.50
v5_device jobs=8 rows=2608 cells=25442 direct=true graph_reused=false upload_ms=9.22 capture_ms=3.66 queue_ms=25.53 gpu_ms=0.02 unpack_ms=1.36 total_ms=39.79
v5_service device=1 lane=0 class=1 jobs=8 rows=2608 cells=25442 reach=394675 reverse=401802 table_mib=10.9 mutable_mib=128.0 max_job_mib=18.7 oldest_ms=192.87 pack_ms=6.88 solve_ms=39.84
v5_device jobs=41 rows=8603 cells=103582 direct=true graph_reused=false upload_ms=49.13 capture_ms=3.47 queue_ms=52.33 gpu_ms=0.02 unpack_ms=4.99 total_ms=109.94
v5_service device=1 lane=2 class=0 jobs=41 rows=8603 cells=103582 reach=1287817 reverse=1321411 table_mib=36.3 mutable_mib=300.0 max_job_mib=10.5 oldest_ms=80.84 pack_ms=24.97 solve_ms=109.99
v5_device jobs=46 rows=9878 cells=78638 direct=true graph_reused=false upload_ms=42.40 capture_ms=3.18 queue_ms=52.15 gpu_ms=0.03 unpack_ms=9.91 total_ms=107.67
v5_service device=0 lane=0 class=0 jobs=46 rows=9878 cells=78638 reach=1150022 reverse=1171748 table_mib=33.0 mutable_mib=328.0 max_job_mib=10.0 oldest_ms=80.51 pack_ms=19.99 solve_ms=107.75
v5_device jobs=23 rows=9330 cells=85775 direct=true graph_reused=false upload_ms=36.37 capture_ms=3.95 queue_ms=69.77 gpu_ms=0.01 unpack_ms=3.60 total_ms=113.71
v5_service device=1 lane=0 class=1 jobs=23 rows=9330 cells=85775 reach=1288087 reverse=1308963 table_mib=35.6 mutable_mib=384.0 max_job_mib=35.1 oldest_ms=77.65 pack_ms=21.96 solve_ms=113.76
v5_device jobs=20 rows=8104 cells=59863 direct=true graph_reused=false upload_ms=35.97 capture_ms=3.54 queue_ms=79.73 gpu_ms=0.01 unpack_ms=2.97 total_ms=122.21
v5_service device=1 lane=2 class=1 jobs=20 rows=8104 cells=59863 reach=993884 reverse=1006813 table_mib=27.6 mutable_mib=336.0 max_job_mib=35.8 oldest_ms=221.15 pack_ms=26.80 solve_ms=122.27
v5_device jobs=15 rows=6545 cells=68063 direct=true graph_reused=false upload_ms=56.07 capture_ms=3.53 queue_ms=101.45 gpu_ms=0.01 unpack_ms=3.57 total_ms=164.64
v5_service device=0 lane=1 class=1 jobs=15 rows=6545 cells=68063 reach=919419 reverse=935252 table_mib=25.3 mutable_mib=272.0 max_job_mib=35.5 oldest_ms=77.79 pack_ms=14.93 solve_ms=164.70
v5_device jobs=41 rows=8919 cells=82165 direct=true graph_reused=false upload_ms=47.35 capture_ms=3.98 queue_ms=103.44 gpu_ms=0.02 unpack_ms=9.15 total_ms=163.94
v5_service device=1 lane=1 class=0 jobs=41 rows=8919 cells=82165 reach=1174329 reverse=1198777 table_mib=33.3 mutable_mib=296.0 max_job_mib=10.6 oldest_ms=78.20 pack_ms=34.86 solve_ms=164.01
v5_device jobs=7 rows=2583 cells=21594 direct=true graph_reused=false upload_ms=25.68 capture_ms=125.09 queue_ms=18.26 gpu_ms=0.01 unpack_ms=1.02 total_ms=170.07
v5_service device=0 lane=0 class=1 jobs=7 rows=2583 cells=21594 reach=313632 reverse=319230 table_mib=8.8 mutable_mib=112.0 max_job_mib=18.9 oldest_ms=211.55 pack_ms=5.53 solve_ms=170.13
v5_device jobs=90 rows=19038 cells=190245 direct=true graph_reused=false upload_ms=112.33 capture_ms=3.71 queue_ms=160.29 gpu_ms=0.03 unpack_ms=13.07 total_ms=289.42
v5_service device=0 lane=2 class=0 jobs=90 rows=19038 cells=190245 reach=2661728 reverse=2718668 table_mib=75.1 mutable_mib=676.0 max_job_mib=10.2 oldest_ms=150.58 pack_ms=78.90 solve_ms=289.48
v5_device jobs=57 rows=12100 cells=117465 direct=true graph_reused=false upload_ms=68.26 capture_ms=3.74 queue_ms=70.63 gpu_ms=0.02 unpack_ms=6.00 total_ms=148.65
v5_service device=1 lane=0 class=0 jobs=57 rows=12100 cells=117465 reach=1700171 reverse=1733919 table_mib=47.9 mutable_mib=424.0 max_job_mib=10.2 oldest_ms=220.23 pack_ms=31.59 solve_ms=148.70
v5_device jobs=14 rows=5293 cells=58227 direct=true graph_reused=false upload_ms=41.58 capture_ms=4.73 queue_ms=72.11 gpu_ms=0.01 unpack_ms=4.79 total_ms=123.22
v5_service device=1 lane=1 class=1 jobs=14 rows=5293 cells=58227 reach=795763 reverse=810499 table_mib=21.8 mutable_mib=224.0 max_job_mib=19.7 oldest_ms=281.00 pack_ms=13.44 solve_ms=123.27
v5_device jobs=42 rows=9432 cells=87885 direct=true graph_reused=false upload_ms=51.02 capture_ms=3.58 queue_ms=59.40 gpu_ms=0.02 unpack_ms=5.41 total_ms=119.44
v5_service device=0 lane=1 class=0 jobs=42 rows=9432 cells=87885 reach=1208171 reverse=1233780 table_mib=34.3 mutable_mib=320.0 max_job_mib=10.2 oldest_ms=263.32 pack_ms=30.25 solve_ms=119.49
v5_device jobs=42 rows=8419 cells=81583 direct=true graph_reused=false upload_ms=39.74 capture_ms=3.40 queue_ms=54.82 gpu_ms=0.03 unpack_ms=4.28 total_ms=102.26
v5_service device=1 lane=2 class=0 jobs=42 rows=8419 cells=81583 reach=1109759 reverse=1134433 table_mib=31.6 mutable_mib=300.0 max_job_mib=10.2 oldest_ms=79.40 pack_ms=24.10 solve_ms=102.31
v5_device jobs=35 rows=7538 cells=76995 direct=true graph_reused=false upload_ms=23.39 capture_ms=4.05 queue_ms=53.88 gpu_ms=0.02 unpack_ms=3.85 total_ms=85.19
v5_service device=0 lane=2 class=0 jobs=35 rows=7538 cells=76995 reach=955436 reverse=980005 table_mib=27.4 mutable_mib=248.0 max_job_mib=10.8 oldest_ms=78.32 pack_ms=17.01 solve_ms=85.26
v5_device jobs=39 rows=8382 cells=94059 direct=true graph_reused=false upload_ms=43.91 capture_ms=3.81 queue_ms=66.95 gpu_ms=0.02 unpack_ms=4.34 total_ms=119.03
v5_service device=0 lane=0 class=0 jobs=39 rows=8382 cells=94059 reach=1137069 reverse=1166758 table_mib=32.3 mutable_mib=288.0 max_job_mib=10.8 oldest_ms=77.82 pack_ms=17.70 solve_ms=119.08
v5_device jobs=9 rows=3173 cells=34066 direct=true graph_reused=false upload_ms=9.91 capture_ms=3.42 queue_ms=27.48 gpu_ms=0.03 unpack_ms=1.90 total_ms=42.74
v5_service device=1 lane=2 class=1 jobs=9 rows=3173 cells=34066 reach=483647 reverse=493178 table_mib=13.3 mutable_mib=144.0 max_job_mib=18.9 oldest_ms=208.30 pack_ms=8.12 solve_ms=42.78
v5_device jobs=11 rows=3813 cells=41660 direct=true graph_reused=false upload_ms=18.83 capture_ms=3.96 queue_ms=36.07 gpu_ms=0.01 unpack_ms=1.71 total_ms=60.58
v5_service device=0 lane=1 class=1 jobs=11 rows=3813 cells=41660 reach=617162 reverse=628779 table_mib=16.8 mutable_mib=176.0 max_job_mib=19.6 oldest_ms=78.40 pack_ms=11.04 solve_ms=60.64
v5_device jobs=5 rows=1652 cells=24146 direct=true graph_reused=false upload_ms=9.14 capture_ms=4.78 queue_ms=58.07 gpu_ms=0.01 unpack_ms=0.98 total_ms=72.98
v5_service device=0 lane=0 class=1 jobs=5 rows=1652 cells=24146 reach=318790 reverse=326553 table_mib=8.6 mutable_mib=80.0 max_job_mib=20.0 oldest_ms=218.07 pack_ms=5.48 solve_ms=73.05
v5_device jobs=12 rows=5003 cells=47534 direct=true graph_reused=false upload_ms=18.65 capture_ms=3.62 queue_ms=37.52 gpu_ms=0.01 unpack_ms=2.09 total_ms=61.90
v5_service device=0 lane=2 class=1 jobs=12 rows=5003 cells=47534 reach=688320 reverse=700010 table_mib=19.0 mutable_mib=208.0 max_job_mib=35.5 oldest_ms=185.64 pack_ms=16.77 solve_ms=61.95
v5_device jobs=44 rows=8954 cells=87884 direct=true graph_reused=false upload_ms=34.66 capture_ms=3.58 queue_ms=104.34 gpu_ms=0.01 unpack_ms=4.31 total_ms=146.90
v5_service device=1 lane=0 class=0 jobs=44 rows=8954 cells=87884 reach=1215906 reverse=1242968 table_mib=34.5 mutable_mib=324.0 max_job_mib=10.0 oldest_ms=77.62 pack_ms=22.99 solve_ms=146.96
v5_device jobs=50 rows=10852 cells=105734 direct=true graph_reused=false upload_ms=50.12 capture_ms=4.29 queue_ms=76.65 gpu_ms=0.01 unpack_ms=9.78 total_ms=140.85
v5_service device=1 lane=1 class=0 jobs=50 rows=10852 cells=105734 reach=1429233 reverse=1461095 table_mib=40.6 mutable_mib=384.0 max_job_mib=10.2 oldest_ms=78.33 pack_ms=41.68 solve_ms=140.91
v5_device jobs=51 rows=11326 cells=99656 direct=true graph_reused=false upload_ms=50.82 capture_ms=3.21 queue_ms=62.21 gpu_ms=0.02 unpack_ms=5.36 total_ms=121.61
v5_service device=0 lane=1 class=0 jobs=51 rows=11326 cells=99656 reach=1426957 reverse=1454984 table_mib=40.6 mutable_mib=376.0 max_job_mib=10.7 oldest_ms=155.68 pack_ms=23.74 solve_ms=121.68
v5_device jobs=9 rows=3884 cells=35100 direct=true graph_reused=false upload_ms=16.12 capture_ms=4.48 queue_ms=53.99 gpu_ms=0.02 unpack_ms=2.28 total_ms=76.88
v5_service device=1 lane=0 class=1 jobs=9 rows=3884 cells=35100 reach=575665 reverse=584542 table_mib=15.7 mutable_mib=160.0 max_job_mib=35.8 oldest_ms=252.54 pack_ms=11.55 solve_ms=76.95
v5_device jobs=9 rows=3720 cells=33132 direct=true graph_reused=false upload_ms=22.18 capture_ms=4.12 queue_ms=43.43 gpu_ms=0.01 unpack_ms=2.47 total_ms=72.21
v5_service device=1 lane=1 class=1 jobs=9 rows=3720 cells=33132 reach=544264 reverse=552251 table_mib=14.9 mutable_mib=160.0 max_job_mib=35.1 oldest_ms=264.97 pack_ms=10.57 solve_ms=72.27
v5_device jobs=49 rows=10069 cells=94544 direct=true graph_reused=false upload_ms=50.95 capture_ms=3.68 queue_ms=98.26 gpu_ms=0.02 unpack_ms=10.59 total_ms=163.50
v5_service device=1 lane=2 class=0 jobs=49 rows=10069 cells=94544 reach=1436406 reverse=1463382 table_mib=40.4 mutable_mib=364.0 max_job_mib=10.1 oldest_ms=79.69 pack_ms=22.02 solve_ms=163.55
v5_device jobs=39 rows=8689 cells=100233 direct=true graph_reused=false upload_ms=45.69 capture_ms=3.40 queue_ms=93.07 gpu_ms=0.01 unpack_ms=4.22 total_ms=146.39
v5_service device=0 lane=0 class=0 jobs=39 rows=8689 cells=100233 reach=1276251 reverse=1307606 table_mib=35.9 mutable_mib=296.0 max_job_mib=10.7 oldest_ms=79.06 pack_ms=22.81 solve_ms=146.45
v5_device jobs=52 rows=11851 cells=95948 direct=true graph_reused=false upload_ms=56.09 capture_ms=4.10 queue_ms=71.68 gpu_ms=0.01 unpack_ms=5.91 total_ms=137.78
v5_service device=0 lane=2 class=0 jobs=52 rows=11851 cells=95948 reach=1454053 reverse=1478092 table_mib=41.3 mutable_mib=400.0 max_job_mib=10.0 oldest_ms=82.93 pack_ms=28.37 solve_ms=137.83
v5_device jobs=12 rows=4386 cells=52029 direct=true graph_reused=false upload_ms=27.03 capture_ms=3.22 queue_ms=33.07 gpu_ms=0.02 unpack_ms=3.15 total_ms=66.48
v5_service device=1 lane=2 class=1 jobs=12 rows=4386 cells=52029 reach=672774 reverse=687001 table_mib=18.5 mutable_mib=192.0 max_job_mib=19.0 oldest_ms=270.26 pack_ms=13.55 solve_ms=66.54
v5_device jobs=9 rows=3811 cells=44596 direct=true graph_reused=false upload_ms=13.78 capture_ms=3.75 queue_ms=37.37 gpu_ms=0.01 unpack_ms=1.68 total_ms=56.59
v5_service device=0 lane=2 class=1 jobs=9 rows=3811 cells=44596 reach=512750 reverse=524351 table_mib=14.2 mutable_mib=160.0 max_job_mib=35.5 oldest_ms=253.44 pack_ms=10.06 solve_ms=56.65
v5_device jobs=11 rows=4151 cells=47788 direct=true graph_reused=false upload_ms=18.60 capture_ms=4.05 queue_ms=37.11 gpu_ms=0.01 unpack_ms=2.30 total_ms=62.07
v5_service device=0 lane=0 class=1 jobs=11 rows=4151 cells=47788 reach=637968 reverse=650833 table_mib=17.5 mutable_mib=176.0 max_job_mib=19.7 oldest_ms=243.44 pack_ms=12.52 solve_ms=62.13
v5_device jobs=18 rows=6418 cells=75544 direct=true graph_reused=false upload_ms=21.82 capture_ms=3.63 queue_ms=72.43 gpu_ms=0.01 unpack_ms=3.75 total_ms=101.64
v5_service device=0 lane=1 class=1 jobs=18 rows=6418 cells=75544 reach=1033497 reverse=1056022 table_mib=28.3 mutable_mib=288.0 max_job_mib=20.8 oldest_ms=81.19 pack_ms=16.21 solve_ms=101.68
v5_device jobs=40 rows=8612 cells=70816 direct=true graph_reused=false upload_ms=27.40 capture_ms=3.53 queue_ms=80.40 gpu_ms=0.01 unpack_ms=3.70 total_ms=115.04
v5_service device=1 lane=0 class=0 jobs=40 rows=8612 cells=70816 reach=1061534 reverse=1080079 table_mib=30.2 mutable_mib=292.0 max_job_mib=10.1 oldest_ms=81.53 pack_ms=23.20 solve_ms=115.09
v5_device jobs=43 rows=9629 cells=89446 direct=true graph_reused=false upload_ms=42.65 capture_ms=4.48 queue_ms=68.18 gpu_ms=0.02 unpack_ms=10.34 total_ms=125.66
v5_service device=1 lane=1 class=0 jobs=43 rows=9629 cells=89446 reach=1218186 reverse=1243255 table_mib=34.7 mutable_mib=328.0 max_job_mib=10.4 oldest_ms=78.66 pack_ms=36.37 solve_ms=125.74
v5_device jobs=3 rows=1262 cells=13935 direct=true graph_reused=false upload_ms=3.48 capture_ms=3.67 queue_ms=15.29 gpu_ms=0.01 unpack_ms=0.67 total_ms=23.13
v5_service device=1 lane=0 class=1 jobs=3 rows=1262 cells=13935 reach=198287 reverse=201988 table_mib=5.4 mutable_mib=48.0 max_job_mib=19.2 oldest_ms=223.19 pack_ms=3.95 solve_ms=23.18
v5_device jobs=39 rows=8801 cells=54968 direct=true graph_reused=false upload_ms=21.26 capture_ms=3.27 queue_ms=42.86 gpu_ms=0.02 unpack_ms=4.29 total_ms=71.70
v5_service device=0 lane=1 class=0 jobs=39 rows=8801 cells=54968 reach=998511 reverse=1010990 table_mib=28.6 mutable_mib=292.0 max_job_mib=10.2 oldest_ms=205.05 pack_ms=17.31 solve_ms=71.75
v5_device jobs=14 rows=5252 cells=31651 direct=true graph_reused=false upload_ms=13.52 capture_ms=3.62 queue_ms=28.27 gpu_ms=0.01 unpack_ms=1.75 total_ms=47.16
v5_service device=0 lane=0 class=1 jobs=14 rows=5252 cells=31651 reach=608665 reverse=614616 table_mib=17.0 mutable_mib=224.0 max_job_mib=19.2 oldest_ms=77.58 pack_ms=10.44 solve_ms=47.22
v5_device jobs=8 rows=3153 cells=28855 direct=true graph_reused=false upload_ms=19.53 capture_ms=3.61 queue_ms=28.88 gpu_ms=0.01 unpack_ms=1.96 total_ms=53.98
v5_service device=1 lane=1 class=1 jobs=8 rows=3153 cells=28855 reach=440945 reverse=447789 table_mib=12.1 mutable_mib=128.0 max_job_mib=18.5 oldest_ms=245.47 pack_ms=8.17 solve_ms=54.04
v5_device jobs=42 rows=9328 cells=78115 direct=true graph_reused=false upload_ms=46.48 capture_ms=3.80 queue_ms=70.89 gpu_ms=0.03 unpack_ms=4.95 total_ms=126.16
v5_service device=1 lane=2 class=0 jobs=42 rows=9328 cells=78115 reach=1260299 reverse=1281519 table_mib=35.5 mutable_mib=320.0 max_job_mib=10.4 oldest_ms=80.00 pack_ms=17.99 solve_ms=126.22
v5_device jobs=41 rows=9181 cells=78612 direct=true graph_reused=false upload_ms=44.25 capture_ms=3.55 queue_ms=46.80 gpu_ms=0.03 unpack_ms=5.28 total_ms=99.90
v5_service device=0 lane=2 class=0 jobs=41 rows=9181 cells=78612 reach=1175547 reverse=1197145 table_mib=33.3 mutable_mib=296.0 max_job_mib=10.5 oldest_ms=80.09 pack_ms=22.20 solve_ms=99.96
v5_device jobs=9 rows=3467 cells=33262 direct=true graph_reused=false upload_ms=13.16 capture_ms=3.64 queue_ms=26.95 gpu_ms=0.01 unpack_ms=1.75 total_ms=45.50
v5_service device=1 lane=2 class=1 jobs=9 rows=3467 cells=33262 reach=573369 reverse=580470 table_mib=15.5 mutable_mib=144.0 max_job_mib=19.6 oldest_ms=228.24 pack_ms=10.20 solve_ms=45.56
v5_device jobs=39 rows=9242 cells=70908 direct=true graph_reused=false upload_ms=31.93 capture_ms=3.42 queue_ms=46.43 gpu_ms=0.01 unpack_ms=3.51 total_ms=85.29
v5_service device=1 lane=0 class=0 jobs=39 rows=9242 cells=70908 reach=1132955 reverse=1151812 table_mib=32.2 mutable_mib=304.0 max_job_mib=10.1 oldest_ms=80.89 pack_ms=23.23 solve_ms=85.35
v5_device jobs=8 rows=3029 cells=21621 direct=true graph_reused=false upload_ms=11.46 capture_ms=3.78 queue_ms=60.24 gpu_ms=0.01 unpack_ms=1.42 total_ms=76.92
v5_service device=0 lane=2 class=1 jobs=8 rows=3029 cells=21621 reach=388553 reverse=392803 table_mib=10.7 mutable_mib=128.0 max_job_mib=19.0 oldest_ms=203.80 pack_ms=7.84 solve_ms=76.97
v5_device jobs=38 rows=8717 cells=78536 direct=true graph_reused=false upload_ms=28.26 capture_ms=3.42 queue_ms=51.84 gpu_ms=0.02 unpack_ms=5.13 total_ms=88.67
v5_service device=0 lane=1 class=0 jobs=38 rows=8717 cells=78536 reach=1082506 reverse=1105265 table_mib=30.9 mutable_mib=288.0 max_job_mib=10.1 oldest_ms=81.44 pack_ms=26.06 solve_ms=88.72
v5_device jobs=7 rows=2325 cells=31350 direct=true graph_reused=false upload_ms=10.26 capture_ms=4.00 queue_ms=43.39 gpu_ms=0.01 unpack_ms=1.35 total_ms=59.01
v5_service device=1 lane=0 class=1 jobs=7 rows=2325 cells=31350 reach=425549 reverse=435552 table_mib=11.6 mutable_mib=112.0 max_job_mib=18.9 oldest_ms=192.55 pack_ms=8.15 solve_ms=59.07
v5_device jobs=10 rows=4109 cells=42582 direct=true graph_reused=false upload_ms=12.78 capture_ms=3.41 queue_ms=34.19 gpu_ms=0.01 unpack_ms=1.94 total_ms=52.34
v5_service device=0 lane=1 class=1 jobs=10 rows=4109 cells=42582 reach=606616 reverse=619208 table_mib=16.7 mutable_mib=160.0 max_job_mib=19.7 oldest_ms=199.76 pack_ms=11.77 solve_ms=52.39
v5_device jobs=44 rows=9113 cells=71122 direct=true graph_reused=false upload_ms=40.29 capture_ms=4.21 queue_ms=65.21 gpu_ms=0.01 unpack_ms=7.18 total_ms=116.90
v5_service device=1 lane=1 class=0 jobs=44 rows=9113 cells=71122 reach=1106979 reverse=1125860 table_mib=31.7 mutable_mib=320.0 max_job_mib=10.2 oldest_ms=78.50 pack_ms=26.81 solve_ms=116.96
v5_device jobs=72 rows=16570 cells=150517 direct=true graph_reused=false upload_ms=81.02 capture_ms=3.93 queue_ms=122.58 gpu_ms=0.02 unpack_ms=7.83 total_ms=215.38
v5_service device=0 lane=0 class=0 jobs=72 rows=16570 cells=150517 reach=2146008 reverse=2187904 table_mib=60.8 mutable_mib=540.0 max_job_mib=10.5 oldest_ms=142.70 pack_ms=41.70 solve_ms=215.43
v5_device jobs=7 rows=3535 cells=26061 direct=true graph_reused=false upload_ms=19.02 capture_ms=3.69 queue_ms=34.74 gpu_ms=0.01 unpack_ms=1.72 total_ms=59.19
v5_service device=1 lane=1 class=1 jobs=7 rows=3535 cells=26061 reach=453211 reverse=459163 table_mib=12.5 mutable_mib=128.0 max_job_mib=35.2 oldest_ms=227.15 pack_ms=7.58 solve_ms=59.23
v5_device jobs=47 rows=10536 cells=110227 direct=true graph_reused=false upload_ms=51.36 capture_ms=3.79 queue_ms=65.68 gpu_ms=0.01 unpack_ms=10.35 total_ms=131.19
v5_service device=1 lane=2 class=0 jobs=47 rows=10536 cells=110227 reach=1429168 reverse=1463675 table_mib=40.5 mutable_mib=368.0 max_job_mib=10.5 oldest_ms=79.54 pack_ms=22.93 solve_ms=131.25
v5_device jobs=42 rows=8609 cells=92243 direct=true graph_reused=false upload_ms=49.15 capture_ms=3.88 queue_ms=50.49 gpu_ms=0.03 unpack_ms=4.56 total_ms=108.12
v5_service device=0 lane=2 class=0 jobs=42 rows=8609 cells=92243 reach=1261631 reverse=1290061 table_mib=35.5 mutable_mib=308.0 max_job_mib=10.5 oldest_ms=80.45 pack_ms=21.75 solve_ms=108.19
v5_device jobs=38 rows=8595 cells=84256 direct=true graph_reused=false upload_ms=26.60 capture_ms=3.61 queue_ms=46.69 gpu_ms=0.01 unpack_ms=3.98 total_ms=80.89
v5_service device=1 lane=0 class=0 jobs=38 rows=8595 cells=84256 reach=1097318 reverse=1120001 table_mib=31.2 mutable_mib=296.0 max_job_mib=10.2 oldest_ms=82.02 pack_ms=21.96 solve_ms=80.94
v5_device jobs=7 rows=2397 cells=25951 direct=true graph_reused=false upload_ms=12.65 capture_ms=3.66 queue_ms=87.07 gpu_ms=0.01 unpack_ms=1.38 total_ms=104.76
v5_service device=0 lane=2 class=1 jobs=7 rows=2397 cells=25951 reach=438880 reverse=445257 table_mib=11.8 mutable_mib=112.0 max_job_mib=19.0 oldest_ms=212.33 pack_ms=6.50 solve_ms=104.82
v5_device jobs=13 rows=5025 cells=54431 direct=true graph_reused=false upload_ms=15.84 capture_ms=4.04 queue_ms=38.48 gpu_ms=0.01 unpack_ms=2.63 total_ms=60.99
v5_service device=1 lane=0 class=1 jobs=13 rows=5025 cells=54431 reach=786315 reverse=800680 table_mib=21.4 mutable_mib=208.0 max_job_mib=19.2 oldest_ms=189.43 pack_ms=12.91 solve_ms=61.03
v5_device jobs=45 rows=9476 cells=97011 direct=true graph_reused=false upload_ms=47.15 capture_ms=4.20 queue_ms=60.87 gpu_ms=0.01 unpack_ms=4.28 total_ms=116.51
v5_service device=0 lane=0 class=0 jobs=45 rows=9476 cells=97011 reach=1245932 reverse=1275785 table_mib=35.5 mutable_mib=344.0 max_job_mib=10.2 oldest_ms=78.67 pack_ms=20.84 solve_ms=116.57
v5_device jobs=42 rows=8963 cells=95927 direct=true graph_reused=false upload_ms=51.49 capture_ms=3.44 queue_ms=94.75 gpu_ms=0.02 unpack_ms=5.11 total_ms=154.81
v5_service device=0 lane=1 class=0 jobs=42 rows=8963 cells=95927 reach=1244305 reverse=1274089 table_mib=35.2 mutable_mib=316.0 max_job_mib=10.5 oldest_ms=81.48 pack_ms=23.81 solve_ms=154.86
v5_device jobs=18 rows=7422 cells=67365 direct=true graph_reused=false upload_ms=40.38 capture_ms=3.71 queue_ms=124.24 gpu_ms=0.01 unpack_ms=3.70 total_ms=172.04
v5_service device=1 lane=2 class=1 jobs=18 rows=7422 cells=67365 reach=1094263 reverse=1110423 table_mib=29.9 mutable_mib=304.0 max_job_mib=36.1 oldest_ms=239.35 pack_ms=29.13 solve_ms=172.10
v5_device jobs=8 rows=3329 cells=26167 direct=true graph_reused=false upload_ms=10.78 capture_ms=3.63 queue_ms=26.39 gpu_ms=0.01 unpack_ms=1.26 total_ms=42.07
v5_service device=0 lane=0 class=1 jobs=8 rows=3329 cells=26167 reach=430474 reverse=435929 table_mib=11.9 mutable_mib=144.0 max_job_mib=34.5 oldest_ms=220.05 pack_ms=8.13 solve_ms=42.13
v5_device jobs=1 rows=2262 cells=6307 direct=true graph_reused=false upload_ms=1.59 capture_ms=50.48 queue_ms=8.46 gpu_ms=0.01 unpack_ms=0.19 total_ms=60.72
v5_service device=1 lane=0 class=2 jobs=1 rows=2262 cells=6307 reach=100389 reverse=100379 table_mib=3.3 mutable_mib=64.0 max_job_mib=68.6 oldest_ms=202.27 pack_ms=2.15 solve_ms=60.77
v5_device jobs=6 rows=2455 cells=41278 direct=true graph_reused=false upload_ms=10.03 capture_ms=3.73 queue_ms=30.44 gpu_ms=0.01 unpack_ms=1.32 total_ms=45.53
v5_service device=0 lane=1 class=1 jobs=6 rows=2455 cells=41278 reach=423629 reverse=437801 table_mib=11.6 mutable_mib=112.0 max_job_mib=38.8 oldest_ms=262.24 pack_ms=8.47 solve_ms=45.59
v5_device jobs=37 rows=8184 cells=77997 direct=true graph_reused=false upload_ms=37.51 capture_ms=3.96 queue_ms=76.53 gpu_ms=0.02 unpack_ms=9.02 total_ms=127.04
v5_service device=1 lane=1 class=0 jobs=37 rows=8184 cells=77997 reach=1135204 reverse=1157367 table_mib=31.9 mutable_mib=268.0 max_job_mib=10.8 oldest_ms=80.56 pack_ms=34.77 solve_ms=127.10
v5_device jobs=11 rows=4173 cells=30633 direct=true graph_reused=false upload_ms=22.08 capture_ms=3.34 queue_ms=28.05 gpu_ms=0.02 unpack_ms=2.72 total_ms=56.22
v5_service device=1 lane=1 class=1 jobs=11 rows=4173 cells=30633 reach=490986 reverse=498132 table_mib=13.8 mutable_mib=176.0 max_job_mib=18.9 oldest_ms=245.18 pack_ms=8.51 solve_ms=56.30
v5_device jobs=35 rows=6993 cells=73863 direct=true graph_reused=false upload_ms=22.77 capture_ms=3.27 queue_ms=43.13 gpu_ms=0.03 unpack_ms=4.38 total_ms=73.57
v5_service device=0 lane=2 class=0 jobs=35 rows=6993 cells=73863 reach=1034688 reverse=1057650 table_mib=29.1 mutable_mib=256.0 max_job_mib=10.5 oldest_ms=79.27 pack_ms=16.70 solve_ms=73.64
v5_device jobs=5 rows=1990 cells=16629 direct=true graph_reused=false upload_ms=7.04 capture_ms=4.42 queue_ms=15.54 gpu_ms=0.01 unpack_ms=0.91 total_ms=27.91
v5_service device=0 lane=2 class=1 jobs=5 rows=1990 cells=16629 reach=301170 reverse=305846 table_mib=8.2 mutable_mib=80.0 max_job_mib=18.9 oldest_ms=171.04 pack_ms=5.07 solve_ms=27.96
v5_device jobs=17 rows=6345 cells=87395 direct=true graph_reused=false upload_ms=19.19 capture_ms=3.79 queue_ms=70.78 gpu_ms=0.01 unpack_ms=2.67 total_ms=96.44
v5_service device=1 lane=2 class=1 jobs=17 rows=6345 cells=87395 reach=836938 reverse=861582 table_mib=23.8 mutable_mib=272.0 max_job_mib=18.9 oldest_ms=76.46 pack_ms=13.45 solve_ms=96.50
v5_device jobs=38 rows=8711 cells=114319 direct=true graph_reused=false upload_ms=28.00 capture_ms=4.40 queue_ms=50.34 gpu_ms=0.01 unpack_ms=4.11 total_ms=86.86
v5_service device=1 lane=0 class=0 jobs=38 rows=8711 cells=114319 reach=1109631 reverse=1145681 table_mib=32.1 mutable_mib=296.0 max_job_mib=10.7 oldest_ms=78.91 pack_ms=20.08 solve_ms=86.91
v5_device jobs=45 rows=9909 cells=91248 direct=true graph_reused=false upload_ms=50.83 capture_ms=3.36 queue_ms=66.45 gpu_ms=0.02 unpack_ms=4.99 total_ms=125.65
v5_service device=0 lane=1 class=0 jobs=45 rows=9909 cells=91248 reach=1215947 reverse=1241826 table_mib=34.7 mutable_mib=332.0 max_job_mib=10.3 oldest_ms=78.80 pack_ms=23.73 solve_ms=125.71
v5_device jobs=45 rows=10153 cells=111566 direct=true graph_reused=false upload_ms=51.08 capture_ms=3.44 queue_ms=80.02 gpu_ms=0.02 unpack_ms=5.62 total_ms=140.18
v5_service device=0 lane=0 class=0 jobs=45 rows=10153 cells=111566 reach=1438293 reverse=1472082 table_mib=40.5 mutable_mib=340.0 max_job_mib=10.7 oldest_ms=78.13 pack_ms=24.27 solve_ms=140.23
v5_device jobs=10 rows=3749 cells=84485 direct=true graph_reused=false upload_ms=11.00 capture_ms=3.34 queue_ms=24.27 gpu_ms=0.02 unpack_ms=2.27 total_ms=40.90
v5_service device=1 lane=0 class=1 jobs=10 rows=3749 cells=84485 reach=491546 reverse=515940 table_mib=14.4 mutable_mib=160.0 max_job_mib=19.2 oldest_ms=191.41 pack_ms=10.67 solve_ms=40.96
v5_device jobs=46 rows=9438 cells=89259 direct=true graph_reused=false upload_ms=45.54 capture_ms=3.71 queue_ms=62.49 gpu_ms=0.01 unpack_ms=6.77 total_ms=118.53
v5_service device=1 lane=1 class=0 jobs=46 rows=9438 cells=89259 reach=1181753 reverse=1207887 table_mib=33.8 mutable_mib=316.0 max_job_mib=10.5 oldest_ms=78.04 pack_ms=29.86 solve_ms=118.59
v5_device jobs=9 rows=3700 cells=42384 direct=true graph_reused=false upload_ms=14.73 capture_ms=3.40 queue_ms=40.49 gpu_ms=0.01 unpack_ms=1.90 total_ms=60.53
v5_service device=0 lane=1 class=1 jobs=9 rows=3700 cells=42384 reach=586983 reverse=598958 table_mib=16.0 mutable_mib=144.0 max_job_mib=19.8 oldest_ms=225.85 pack_ms=12.15 solve_ms=60.58
v5_device jobs=12 rows=4548 cells=49392 direct=true graph_reused=false upload_ms=14.67 capture_ms=4.09 queue_ms=70.86 gpu_ms=0.01 unpack_ms=1.79 total_ms=91.42
v5_service device=0 lane=0 class=1 jobs=12 rows=4548 cells=49392 reach=625388 reverse=637762 table_mib=17.3 mutable_mib=192.0 max_job_mib=19.0 oldest_ms=246.10 pack_ms=12.33 solve_ms=91.48
v5_device jobs=45 rows=9485 cells=136261 direct=true graph_reused=false upload_ms=51.98 capture_ms=3.54 queue_ms=58.06 gpu_ms=0.02 unpack_ms=5.45 total_ms=119.06
v5_service device=0 lane=2 class=0 jobs=45 rows=9485 cells=136261 reach=1246528 reverse=1291826 table_mib=36.1 mutable_mib=336.0 max_job_mib=10.7 oldest_ms=79.91 pack_ms=21.45 solve_ms=119.12
v5_device jobs=4 rows=1629 cells=19006 direct=true graph_reused=false upload_ms=3.32 capture_ms=3.97 queue_ms=14.16 gpu_ms=0.01 unpack_ms=0.62 total_ms=22.08
v5_service device=0 lane=2 class=1 jobs=4 rows=1629 cells=19006 reach=211481 reverse=215901 table_mib=5.9 mutable_mib=64.0 max_job_mib=18.5 oldest_ms=222.16 pack_ms=3.42 solve_ms=22.15
v5_device jobs=72 rows=15804 cells=223694 direct=true graph_reused=false upload_ms=75.04 capture_ms=3.43 queue_ms=88.30 gpu_ms=0.02 unpack_ms=11.31 total_ms=178.09
v5_service device=1 lane=2 class=0 jobs=72 rows=15804 cells=223694 reach=1695284 reverse=1772085 table_mib=51.0 mutable_mib=532.0 max_job_mib=10.9 oldest_ms=196.45 pack_ms=34.50 solve_ms=178.14
v5_device jobs=14 rows=6442 cells=57603 direct=true graph_reused=false upload_ms=33.19 capture_ms=3.62 queue_ms=49.26 gpu_ms=0.02 unpack_ms=6.70 total_ms=92.78
v5_service device=1 lane=1 class=1 jobs=14 rows=6442 cells=57603 reach=878153 reverse=891403 table_mib=24.1 mutable_mib=256.0 max_job_mib=37.2 oldest_ms=232.75 pack_ms=16.32 solve_ms=92.84
v5_device jobs=38 rows=8715 cells=275101 direct=true graph_reused=false upload_ms=20.41 capture_ms=3.82 queue_ms=57.45 gpu_ms=0.03 unpack_ms=5.29 total_ms=87.01
v5_service device=1 lane=0 class=0 jobs=38 rows=8715 cells=275101 reach=791367 reverse=883552 table_mib=26.8 mutable_mib=284.0 max_job_mib=10.5 oldest_ms=78.80 pack_ms=14.87 solve_ms=87.08
v5_device jobs=9 rows=3618 cells=193135 direct=true graph_reused=false upload_ms=9.88 capture_ms=3.79 queue_ms=22.07 gpu_ms=0.01 unpack_ms=1.79 total_ms=37.54
v5_service device=1 lane=0 class=1 jobs=9 rows=3618 cells=193135 reach=426794 reverse=501654 table_mib=14.5 mutable_mib=144.0 max_job_mib=19.2 oldest_ms=184.47 pack_ms=10.86 solve_ms=37.60
v5_device jobs=15 rows=5846 cells=173403 direct=true graph_reused=false upload_ms=16.43 capture_ms=4.17 queue_ms=37.24 gpu_ms=0.01 unpack_ms=2.74 total_ms=60.59
v5_service device=0 lane=0 class=1 jobs=15 rows=5846 cells=173403 reach=743522 reverse=801535 table_mib=22.4 mutable_mib=240.0 max_job_mib=19.7 oldest_ms=80.48 pack_ms=12.83 solve_ms=60.65
v5_device jobs=35 rows=7335 cells=260072 direct=true graph_reused=false upload_ms=23.13 capture_ms=3.54 queue_ms=70.80 gpu_ms=0.01 unpack_ms=3.85 total_ms=101.33
v5_service device=0 lane=1 class=0 jobs=35 rows=7335 cells=260072 reach=907863 reverse=1017408 table_mib=29.3 mutable_mib=264.0 max_job_mib=10.9 oldest_ms=79.59 pack_ms=15.74 solve_ms=101.37
v5_device jobs=36 rows=7554 cells=243212 direct=true graph_reused=false upload_ms=17.03 capture_ms=3.23 queue_ms=41.45 gpu_ms=0.01 unpack_ms=3.88 total_ms=65.60
v5_service device=0 lane=2 class=0 jobs=36 rows=7554 cells=243212 reach=773773 reverse=860600 table_mib=25.5 mutable_mib=272.0 max_job_mib=10.0 oldest_ms=79.08 pack_ms=13.69 solve_ms=65.66
v5_device jobs=33 rows=6931 cells=309436 direct=true graph_reused=false upload_ms=31.37 capture_ms=3.65 queue_ms=35.28 gpu_ms=0.01 unpack_ms=3.28 total_ms=73.58
v5_service device=1 lane=2 class=0 jobs=33 rows=6931 cells=309436 reach=679307 reverse=789913 table_mib=24.0 mutable_mib=248.0 max_job_mib=10.2 oldest_ms=78.93 pack_ms=13.59 solve_ms=73.64
v5_device jobs=15 rows=5519 cells=248744 direct=true graph_reused=false upload_ms=20.74 capture_ms=3.71 queue_ms=44.50 gpu_ms=0.01 unpack_ms=2.90 total_ms=71.86
v5_service device=0 lane=2 class=1 jobs=15 rows=5519 cells=248744 reach=678997 reverse=750916 table_mib=21.9 mutable_mib=240.0 max_job_mib=19.0 oldest_ms=164.09 pack_ms=14.05 solve_ms=71.92
v5_device jobs=15 rows=5800 cells=132514 direct=true graph_reused=false upload_ms=17.84 capture_ms=3.59 queue_ms=86.32 gpu_ms=0.01 unpack_ms=3.00 total_ms=110.76
v5_service device=0 lane=1 class=1 jobs=15 rows=5800 cells=132514 reach=788995 reverse=835850 table_mib=23.1 mutable_mib=240.0 max_job_mib=19.4 oldest_ms=202.22 pack_ms=16.85 solve_ms=110.80
v5_device jobs=44 rows=9671 cells=142119 direct=true graph_reused=false upload_ms=23.37 capture_ms=4.34 queue_ms=81.50 gpu_ms=0.01 unpack_ms=4.04 total_ms=113.26
v5_service device=0 lane=0 class=0 jobs=44 rows=9671 cells=142119 reach=1055232 reverse=1093742 table_mib=31.5 mutable_mib=324.0 max_job_mib=10.8 oldest_ms=161.17 pack_ms=23.47 solve_ms=113.31
v5_device jobs=32 rows=7177 cells=430902 direct=true graph_reused=false upload_ms=18.95 capture_ms=4.38 queue_ms=54.87 gpu_ms=0.01 unpack_ms=3.39 total_ms=81.60
v5_service device=1 lane=0 class=0 jobs=32 rows=7177 cells=430902 reach=446107 reverse=603587 table_mib=20.3 mutable_mib=240.0 max_job_mib=10.3 oldest_ms=79.91 pack_ms=11.69 solve_ms=81.65
v5_device jobs=13 rows=4982 cells=206475 direct=true graph_reused=false upload_ms=24.04 capture_ms=3.10 queue_ms=62.25 gpu_ms=0.02 unpack_ms=2.89 total_ms=92.30
v5_service device=1 lane=2 class=1 jobs=13 rows=4982 cells=206475 reach=663986 reverse=730507 table_mib=20.6 mutable_mib=208.0 max_job_mib=20.0 oldest_ms=172.00 pack_ms=13.19 solve_ms=92.36
v5_device jobs=46 rows=9932 cells=93928 direct=true graph_reused=false upload_ms=47.95 capture_ms=3.95 queue_ms=101.84 gpu_ms=0.02 unpack_ms=9.25 total_ms=163.01
v5_service device=1 lane=1 class=0 jobs=46 rows=9932 cells=93928 reach=1217242 reverse=1244484 table_mib=34.9 mutable_mib=340.0 max_job_mib=10.2 oldest_ms=79.85 pack_ms=34.91 solve_ms=163.08
v5_device jobs=15 rows=6192 cells=512238 direct=true graph_reused=false upload_ms=12.39 capture_ms=6.39 queue_ms=29.60 gpu_ms=0.02 unpack_ms=3.34 total_ms=51.74
v5_service device=1 lane=0 class=1 jobs=15 rows=6192 cells=512238 reach=489034 reverse=647696 table_mib=21.1 mutable_mib=240.0 max_job_mib=20.3 oldest_ms=180.45 pack_ms=12.70 solve_ms=51.79
v5_device jobs=5 rows=1655 cells=15353 direct=true graph_reused=false upload_ms=4.47 capture_ms=4.27 queue_ms=21.37 gpu_ms=0.01 unpack_ms=0.76 total_ms=30.88
v5_service device=1 lane=1 class=1 jobs=5 rows=1655 cells=15353 reach=237534 reverse=242410 table_mib=6.6 mutable_mib=80.0 max_job_mib=18.7 oldest_ms=278.93 pack_ms=4.14 solve_ms=30.95
v5_device jobs=14 rows=5488 cells=346205 direct=true graph_reused=false upload_ms=13.16 capture_ms=3.37 queue_ms=50.22 gpu_ms=0.01 unpack_ms=2.29 total_ms=69.04
v5_service device=0 lane=1 class=1 jobs=14 rows=5488 cells=346205 reach=458365 reverse=567444 table_mib=18.1 mutable_mib=224.0 max_job_mib=19.4 oldest_ms=78.99 pack_ms=11.82 solve_ms=69.09
v5_device jobs=31 rows=6970 cells=574311 direct=true graph_reused=false upload_ms=9.00 capture_ms=3.13 queue_ms=31.12 gpu_ms=0.01 unpack_ms=3.18 total_ms=46.45
v5_service device=1 lane=2 class=0 jobs=31 rows=6970 cells=574311 reach=452906 reverse=678066 table_mib=22.6 mutable_mib=244.0 max_job_mib=10.1 oldest_ms=80.39 pack_ms=10.16 solve_ms=46.51
v5_device jobs=38 rows=8296 cells=421800 direct=true graph_reused=false upload_ms=15.77 capture_ms=3.44 queue_ms=64.14 gpu_ms=0.02 unpack_ms=4.90 total_ms=88.26
v5_service device=0 lane=2 class=0 jobs=38 rows=8296 cells=421800 reach=563396 reverse=709532 table_mib=23.7 mutable_mib=292.0 max_job_mib=10.8 oldest_ms=81.39 pack_ms=14.73 solve_ms=88.32
v5_device jobs=16 rows=6233 cells=602766 direct=true graph_reused=false upload_ms=12.70 capture_ms=3.84 queue_ms=62.43 gpu_ms=0.02 unpack_ms=4.19 total_ms=83.18
v5_service device=0 lane=0 class=1 jobs=16 rows=6233 cells=602766 reach=529991 reverse=768602 table_mib=24.2 mutable_mib=272.0 max_job_mib=33.1 oldest_ms=79.59 pack_ms=14.64 solve_ms=83.23
v5_device jobs=4 rows=1722 cells=144564 direct=true graph_reused=false upload_ms=9.03 capture_ms=4.80 queue_ms=27.30 gpu_ms=0.01 unpack_ms=0.85 total_ms=42.00
v5_service device=1 lane=2 class=1 jobs=4 rows=1722 cells=144564 reach=185776 reverse=237139 table_mib=7.1 mutable_mib=64.0 max_job_mib=19.9 oldest_ms=131.90 pack_ms=4.35 solve_ms=42.05
v5_device jobs=15 rows=5923 cells=499588 direct=true graph_reused=false upload_ms=17.25 capture_ms=7.03 queue_ms=33.07 gpu_ms=0.01 unpack_ms=3.37 total_ms=60.74
v5_service device=1 lane=0 class=1 jobs=15 rows=5923 cells=499588 reach=491476 reverse=673946 table_mib=21.4 mutable_mib=256.0 max_job_mib=37.6 oldest_ms=80.92 pack_ms=15.07 solve_ms=60.80
v5_device jobs=47 rows=10346 cells=642745 direct=true graph_reused=false upload_ms=26.48 capture_ms=3.66 queue_ms=73.53 gpu_ms=0.01 unpack_ms=4.29 total_ms=107.95
v5_service device=0 lane=1 class=0 jobs=47 rows=10346 cells=642745 reach=794988 reverse=1035460 table_mib=33.1 mutable_mib=352.0 max_job_mib=10.2 oldest_ms=167.45 pack_ms=24.37 solve_ms=108.01
v5_device jobs=18 rows=7584 cells=617446 direct=true graph_reused=false upload_ms=15.72 capture_ms=3.54 queue_ms=73.60 gpu_ms=0.01 unpack_ms=4.63 total_ms=97.50
v5_service device=0 lane=2 class=1 jobs=18 rows=7584 cells=617446 reach=561732 reverse=742938 table_mib=25.2 mutable_mib=304.0 max_job_mib=35.8 oldest_ms=197.58 pack_ms=19.91 solve_ms=97.54
v5_device jobs=38 rows=8665 cells=410759 direct=true graph_reused=false upload_ms=16.73 capture_ms=4.21 queue_ms=81.75 gpu_ms=0.02 unpack_ms=4.87 total_ms=107.57
v5_service device=0 lane=0 class=0 jobs=38 rows=8665 cells=410759 reach=676472 reverse=831265 table_mib=26.5 mutable_mib=288.0 max_job_mib=10.0 oldest_ms=183.95 pack_ms=18.89 solve_ms=107.63
v5_device jobs=1 rows=1920 cells=79789 direct=true graph_reused=false upload_ms=1.53 capture_ms=4.14 queue_ms=13.93 gpu_ms=0.01 unpack_ms=0.61 total_ms=20.22
v5_service device=0 lane=1 class=2 jobs=1 rows=1920 cells=79789 reach=69308 reverse=79789 table_mib=3.7 mutable_mib=64.0 max_job_mib=71.3 oldest_ms=234.76 pack_ms=2.42 solve_ms=20.27
v5_device jobs=49 rows=11090 cells=572876 direct=true graph_reused=false upload_ms=13.69 capture_ms=3.94 queue_ms=61.88 gpu_ms=0.02 unpack_ms=5.22 total_ms=84.75
v5_service device=1 lane=0 class=0 jobs=49 rows=11090 cells=572876 reach=619731 reverse=815457 table_mib=28.3 mutable_mib=376.0 max_job_mib=10.5 oldest_ms=164.62 pack_ms=15.46 solve_ms=84.82
v5_device jobs=39 rows=8441 cells=134227 direct=true graph_reused=false upload_ms=42.24 capture_ms=3.48 queue_ms=96.18 gpu_ms=0.01 unpack_ms=6.87 total_ms=148.78
v5_service device=1 lane=1 class=0 jobs=39 rows=8441 cells=134227 reach=1113398 reverse=1153595 table_mib=32.3 mutable_mib=284.0 max_job_mib=10.8 oldest_ms=81.74 pack_ms=27.35 solve_ms=148.84
v5_device jobs=16 rows=6082 cells=671416 direct=true graph_reused=false upload_ms=15.62 capture_ms=3.66 queue_ms=33.00 gpu_ms=0.01 unpack_ms=3.60 total_ms=55.89
v5_service device=1 lane=2 class=1 jobs=16 rows=6082 cells=671416 reach=562929 reverse=800899 table_mib=25.3 mutable_mib=256.0 max_job_mib=20.7 oldest_ms=82.28 pack_ms=14.33 solve_ms=55.94
v5_device jobs=6 rows=2732 cells=26284 direct=true graph_reused=false upload_ms=6.56 capture_ms=3.72 queue_ms=22.74 gpu_ms=0.02 unpack_ms=1.28 total_ms=34.31
v5_service device=1 lane=1 class=1 jobs=6 rows=2732 cells=26284 reach=340822 reverse=345710 table_mib=9.6 mutable_mib=112.0 max_job_mib=35.0 oldest_ms=260.10 pack_ms=5.51 solve_ms=34.36
v5_device jobs=34 rows=7731 cells=573093 direct=true graph_reused=false upload_ms=14.67 capture_ms=3.65 queue_ms=34.96 gpu_ms=0.01 unpack_ms=3.26 total_ms=56.54
v5_service device=1 lane=2 class=0 jobs=34 rows=7731 cells=573093 reach=474990 reverse=689823 table_mib=23.7 mutable_mib=268.0 max_job_mib=10.2 oldest_ms=157.74 pack_ms=13.51 solve_ms=56.60
v5_device jobs=37 rows=8163 cells=560176 direct=true graph_reused=false upload_ms=7.75 capture_ms=3.30 queue_ms=33.40 gpu_ms=0.01 unpack_ms=3.78 total_ms=48.24
v5_service device=1 lane=0 class=0 jobs=37 rows=8163 cells=560176 reach=393201 reverse=585336 table_mib=21.6 mutable_mib=288.0 max_job_mib=10.0 oldest_ms=77.88 pack_ms=9.66 solve_ms=48.30
v5_device jobs=31 rows=7261 cells=595427 direct=true graph_reused=false upload_ms=12.60 capture_ms=3.59 queue_ms=64.84 gpu_ms=0.02 unpack_ms=4.37 total_ms=85.41
v5_service device=0 lane=2 class=0 jobs=31 rows=7261 cells=595427 reach=438202 reverse=663936 table_mib=22.6 mutable_mib=248.0 max_job_mib=10.3 oldest_ms=82.39 pack_ms=13.05 solve_ms=85.47
v5_device jobs=21 rows=4544 cells=357086 direct=true graph_reused=false upload_ms=12.26 capture_ms=3.78 queue_ms=64.89 gpu_ms=0.02 unpack_ms=3.30 total_ms=84.24
v5_service device=0 lane=0 class=0 jobs=21 rows=4544 cells=357086 reach=391392 reverse=531730 table_mib=16.9 mutable_mib=160.0 max_job_mib=10.0 oldest_ms=82.30 pack_ms=10.25 solve_ms=84.30
v5_device jobs=31 rows=6873 cells=553678 direct=true graph_reused=false upload_ms=9.41 capture_ms=3.11 queue_ms=58.57 gpu_ms=0.01 unpack_ms=4.62 total_ms=75.72
v5_service device=0 lane=1 class=0 jobs=31 rows=6873 cells=553678 reach=399198 reverse=611688 table_mib=21.2 mutable_mib=244.0 max_job_mib=9.8 oldest_ms=81.46 pack_ms=14.21 solve_ms=75.76
v5_device jobs=6 rows=2621 cells=199739 direct=true graph_reused=false upload_ms=4.88 capture_ms=4.09 queue_ms=67.94 gpu_ms=0.01 unpack_ms=1.09 total_ms=78.02
v5_service device=0 lane=2 class=1 jobs=6 rows=2621 cells=199739 reach=137793 reverse=199739 table_mib=7.1 mutable_mib=96.0 max_job_mib=19.2 oldest_ms=182.75 pack_ms=5.06 solve_ms=78.07
v5_device jobs=10 rows=4348 cells=304188 direct=true graph_reused=false upload_ms=8.68 capture_ms=4.94 queue_ms=55.48 gpu_ms=0.01 unpack_ms=1.93 total_ms=71.05
v5_service device=0 lane=0 class=1 jobs=10 rows=4348 cells=304188 reach=343098 reverse=439241 table_mib=14.1 mutable_mib=176.0 max_job_mib=35.6 oldest_ms=180.76 pack_ms=11.83 solve_ms=71.11
v5_device jobs=19 rows=7120 cells=723702 direct=true graph_reused=false upload_ms=17.39 capture_ms=3.65 queue_ms=38.88 gpu_ms=0.00 unpack_ms=4.39 total_ms=64.31
v5_service device=0 lane=1 class=1 jobs=19 rows=7120 cells=723702 reach=516734 reverse=768630 table_mib=26.0 mutable_mib=304.0 max_job_mib=19.3 oldest_ms=179.28 pack_ms=19.73 solve_ms=64.35
v5_device jobs=27 rows=6195 cells=619086 direct=true graph_reused=false upload_ms=8.12 capture_ms=3.32 queue_ms=56.34 gpu_ms=0.01 unpack_ms=2.89 total_ms=70.68
v5_service device=1 lane=2 class=0 jobs=27 rows=6195 cells=619086 reach=428415 reverse=683978 table_mib=22.5 mutable_mib=208.0 max_job_mib=10.2 oldest_ms=79.78 pack_ms=10.17 solve_ms=70.74
v5_device jobs=21 rows=7582 cells=843256 direct=true graph_reused=false upload_ms=20.79 capture_ms=6.21 queue_ms=84.97 gpu_ms=0.02 unpack_ms=4.97 total_ms=116.96
v5_service device=1 lane=0 class=1 jobs=21 rows=7582 cells=843256 reach=606102 reverse=911628 table_mib=29.8 mutable_mib=336.0 max_job_mib=21.3 oldest_ms=149.08 pack_ms=25.07 solve_ms=117.02
v5_device jobs=38 rows=8318 cells=508266 direct=true graph_reused=false upload_ms=40.16 capture_ms=3.70 queue_ms=100.05 gpu_ms=0.01 unpack_ms=6.65 total_ms=150.57
v5_service device=1 lane=1 class=0 jobs=38 rows=8318 cells=508266 reach=893905 reverse=1091523 table_mib=32.9 mutable_mib=292.0 max_job_mib=10.9 oldest_ms=81.21 pack_ms=19.52 solve_ms=150.61
v5_device jobs=10 rows=4094 cells=412306 direct=true graph_reused=false upload_ms=5.44 capture_ms=3.59 queue_ms=21.25 gpu_ms=0.02 unpack_ms=2.03 total_ms=32.33
v5_service device=1 lane=2 class=1 jobs=10 rows=4094 cells=412306 reach=261587 reverse=412306 table_mib=13.6 mutable_mib=176.0 max_job_mib=38.6 oldest_ms=162.82 pack_ms=7.76 solve_ms=32.39
v5_device jobs=13 rows=5324 cells=484631 direct=true graph_reused=false upload_ms=8.71 capture_ms=3.57 queue_ms=37.05 gpu_ms=0.01 unpack_ms=2.17 total_ms=51.51
v5_service device=0 lane=2 class=1 jobs=13 rows=5324 cells=484631 reach=338841 reverse=484631 table_mib=16.6 mutable_mib=208.0 max_job_mib=19.5 oldest_ms=79.48 pack_ms=8.85 solve_ms=51.57
v5_device jobs=16 rows=6406 cells=455750 direct=true graph_reused=false upload_ms=27.64 capture_ms=3.44 queue_ms=39.67 gpu_ms=0.01 unpack_ms=3.68 total_ms=74.44
v5_service device=1 lane=1 class=1 jobs=16 rows=6406 cells=455750 reach=565369 reverse=701275 table_mib=22.3 mutable_mib=272.0 max_job_mib=34.6 oldest_ms=254.94 pack_ms=12.57 solve_ms=74.50
v5_device jobs=13 rows=5666 cells=509241 direct=true graph_reused=false upload_ms=7.84 capture_ms=3.43 queue_ms=55.91 gpu_ms=0.02 unpack_ms=3.27 total_ms=70.46
v5_service device=0 lane=1 class=1 jobs=13 rows=5666 cells=509241 reach=355716 reverse=509241 table_mib=17.7 mutable_mib=224.0 max_job_mib=37.3 oldest_ms=81.79 pack_ms=11.55 solve_ms=70.52
v5_device jobs=36 rows=8387 cells=549620 direct=true graph_reused=false upload_ms=15.32 capture_ms=3.92 queue_ms=52.22 gpu_ms=0.01 unpack_ms=4.33 total_ms=75.80
v5_service device=0 lane=0 class=0 jobs=36 rows=8387 cells=549620 reach=503662 reverse=695674 table_mib=23.9 mutable_mib=272.0 max_job_mib=10.9 oldest_ms=80.74 pack_ms=13.01 solve_ms=75.84
v5_device jobs=28 rows=6384 cells=548227 direct=true graph_reused=false upload_ms=10.15 capture_ms=3.65 queue_ms=27.63 gpu_ms=0.01 unpack_ms=3.47 total_ms=44.91
v5_service device=1 lane=0 class=0 jobs=28 rows=6384 cells=548227 reach=349656 reverse=548227 table_mib=19.5 mutable_mib=216.0 max_job_mib=10.3 oldest_ms=80.29 pack_ms=9.57 solve_ms=44.96
v5_device jobs=25 rows=5912 cells=494390 direct=true graph_reused=false upload_ms=9.99 capture_ms=3.70 queue_ms=26.15 gpu_ms=0.01 unpack_ms=2.64 total_ms=42.49
v5_service device=1 lane=2 class=0 jobs=25 rows=5912 cells=494390 reach=310243 reverse=494390 table_mib=17.6 mutable_mib=196.0 max_job_mib=10.0 oldest_ms=82.52 pack_ms=10.58 solve_ms=42.55
v5_device jobs=29 rows=6849 cells=509198 direct=true graph_reused=false upload_ms=11.32 capture_ms=3.85 queue_ms=50.40 gpu_ms=0.01 unpack_ms=3.00 total_ms=68.59
v5_service device=0 lane=1 class=0 jobs=29 rows=6849 cells=509198 reach=354282 reverse=537593 table_mib=19.3 mutable_mib=232.0 max_job_mib=10.9 oldest_ms=170.00 pack_ms=12.67 solve_ms=68.64
v5_device jobs=14 rows=5382 cells=530660 direct=true graph_reused=false upload_ms=11.36 capture_ms=4.32 queue_ms=49.52 gpu_ms=0.01 unpack_ms=2.74 total_ms=67.95
v5_service device=0 lane=0 class=1 jobs=14 rows=5382 cells=530660 reach=359789 reverse=530660 table_mib=18.1 mutable_mib=224.0 max_job_mib=20.7 oldest_ms=176.93 pack_ms=12.37 solve_ms=68.02
v5_device jobs=39 rows=8572 cells=740034 direct=true graph_reused=false upload_ms=15.42 capture_ms=3.58 queue_ms=75.63 gpu_ms=0.01 unpack_ms=5.03 total_ms=99.68
v5_service device=0 lane=2 class=0 jobs=39 rows=8572 cells=740034 reach=507147 reverse=796801 table_mib=27.5 mutable_mib=292.0 max_job_mib=10.2 oldest_ms=147.99 pack_ms=15.32 solve_ms=99.72
v5_device jobs=12 rows=4808 cells=505836 direct=true graph_reused=false upload_ms=17.62 capture_ms=3.79 queue_ms=26.69 gpu_ms=0.01 unpack_ms=2.49 total_ms=50.60
v5_service device=1 lane=1 class=1 jobs=12 rows=4808 cells=505836 reach=392784 reverse=561761 table_mib=18.3 mutable_mib=192.0 max_job_mib=20.6 oldest_ms=83.82 pack_ms=7.81 solve_ms=50.67
v5_device jobs=13 rows=4709 cells=410907 direct=true graph_reused=false upload_ms=5.32 capture_ms=4.00 queue_ms=57.36 gpu_ms=0.01 unpack_ms=2.31 total_ms=69.00
v5_service device=1 lane=2 class=1 jobs=13 rows=4709 cells=410907 reach=267721 reverse=410907 table_mib=14.3 mutable_mib=208.0 max_job_mib=18.7 oldest_ms=133.53 pack_ms=6.94 solve_ms=69.03
v5_device jobs=15 rows=7372 cells=617436 direct=true graph_reused=false upload_ms=12.24 capture_ms=4.31 queue_ms=69.81 gpu_ms=0.03 unpack_ms=3.74 total_ms=90.12
v5_service device=1 lane=0 class=1 jobs=15 rows=7372 cells=617436 reach=431879 reverse=617436 table_mib=21.5 mutable_mib=288.0 max_job_mib=37.4 oldest_ms=142.12 pack_ms=11.72 solve_ms=90.17
v5_device jobs=27 rows=5932 cells=467057 direct=true graph_reused=false upload_ms=20.32 capture_ms=3.38 queue_ms=34.54 gpu_ms=0.01 unpack_ms=3.32 total_ms=61.56
v5_service device=1 lane=1 class=0 jobs=27 rows=5932 cells=467057 reach=388072 reverse=560118 table_mib=19.3 mutable_mib=208.0 max_job_mib=10.7 oldest_ms=145.99 pack_ms=10.39 solve_ms=61.62
v5_device jobs=12 rows=4261 cells=426856 direct=true graph_reused=false upload_ms=4.65 capture_ms=3.00 queue_ms=42.19 gpu_ms=0.02 unpack_ms=2.23 total_ms=52.10
v5_service device=0 lane=0 class=1 jobs=12 rows=4261 cells=426856 reach=276445 reverse=426856 table_mib=14.5 mutable_mib=192.0 max_job_mib=19.5 oldest_ms=77.84 pack_ms=6.13 solve_ms=52.15
v5_device jobs=24 rows=4848 cells=465041 direct=true graph_reused=false upload_ms=6.48 capture_ms=3.32 queue_ms=52.05 gpu_ms=0.01 unpack_ms=2.41 total_ms=64.27
v5_service device=0 lane=1 class=0 jobs=24 rows=4848 cells=465041 reach=275801 reverse=465041 table_mib=15.9 mutable_mib=184.0 max_job_mib=10.2 oldest_ms=79.00 pack_ms=7.79 solve_ms=64.32
v5_device jobs=33 rows=7745 cells=505692 direct=true graph_reused=false upload_ms=8.10 capture_ms=3.56 queue_ms=47.92 gpu_ms=0.01 unpack_ms=3.96 total_ms=63.55
v5_service device=0 lane=2 class=0 jobs=33 rows=7745 cells=505692 reach=330909 reverse=505692 table_mib=19.2 mutable_mib=248.0 max_job_mib=10.3 oldest_ms=78.28 pack_ms=8.77 solve_ms=63.59
v5_device jobs=15 rows=5954 cells=560825 direct=true graph_reused=false upload_ms=8.07 capture_ms=4.76 queue_ms=35.30 gpu_ms=0.01 unpack_ms=3.03 total_ms=51.17
v5_service device=1 lane=0 class=1 jobs=15 rows=5954 cells=560825 reach=375179 reverse=560825 table_mib=19.1 mutable_mib=240.0 max_job_mib=20.2 oldest_ms=78.99 pack_ms=9.74 solve_ms=51.23
v5_device jobs=15 rows=6827 cells=552025 direct=true graph_reused=false upload_ms=8.64 capture_ms=3.65 queue_ms=44.91 gpu_ms=0.01 unpack_ms=2.94 total_ms=60.15
v5_service device=1 lane=2 class=1 jobs=15 rows=6827 cells=552025 reach=373699 reverse=552025 table_mib=19.1 mutable_mib=256.0 max_job_mib=36.5 oldest_ms=78.19 pack_ms=9.19 solve_ms=60.20
v5_device jobs=34 rows=7444 cells=561562 direct=true graph_reused=false upload_ms=9.77 capture_ms=3.64 queue_ms=41.71 gpu_ms=0.02 unpack_ms=3.73 total_ms=58.87
v5_service device=0 lane=0 class=0 jobs=34 rows=7444 cells=561562 reach=348232 reverse=561562 table_mib=20.5 mutable_mib=256.0 max_job_mib=10.1 oldest_ms=140.10 pack_ms=10.46 solve_ms=58.91
v5_device jobs=12 rows=5355 cells=316742 direct=true graph_reused=false upload_ms=8.91 capture_ms=4.13 queue_ms=41.70 gpu_ms=0.02 unpack_ms=2.89 total_ms=57.65
v5_service device=0 lane=2 class=1 jobs=12 rows=5355 cells=316742 reach=290094 reverse=383777 table_mib=13.4 mutable_mib=208.0 max_job_mib=35.3 oldest_ms=157.10 pack_ms=8.96 solve_ms=57.71
v5_device jobs=11 rows=5181 cells=392357 direct=true graph_reused=false upload_ms=8.24 capture_ms=4.17 queue_ms=46.54 gpu_ms=0.02 unpack_ms=3.45 total_ms=62.43
v5_service device=0 lane=1 class=1 jobs=11 rows=5181 cells=392357 reach=267890 reverse=392357 table_mib=14.0 mutable_mib=208.0 max_job_mib=35.1 oldest_ms=157.77 pack_ms=9.89 solve_ms=62.47
v5_device jobs=1 rows=1269 cells=196037 direct=true graph_reused=false upload_ms=2.25 capture_ms=3.78 queue_ms=14.52 gpu_ms=0.01 unpack_ms=0.48 total_ms=21.04
v5_service device=0 lane=0 class=2 jobs=1 rows=1269 cells=196037 reach=137193 reverse=196037 table_mib=6.3 mutable_mib=64.0 max_job_mib=73.7 oldest_ms=175.02 pack_ms=3.42 solve_ms=21.09
v5_device jobs=37 rows=8184 cells=769139 direct=true graph_reused=false upload_ms=15.51 capture_ms=3.59 queue_ms=64.04 gpu_ms=0.01 unpack_ms=3.87 total_ms=87.02
v5_service device=1 lane=2 class=0 jobs=37 rows=8184 cells=769139 reach=469297 reverse=769139 table_mib=26.7 mutable_mib=280.0 max_job_mib=10.4 oldest_ms=155.26 pack_ms=17.16 solve_ms=87.08
v5_device jobs=42 rows=9949 cells=830374 direct=true graph_reused=false upload_ms=20.17 capture_ms=4.54 queue_ms=74.69 gpu_ms=0.02 unpack_ms=5.85 total_ms=105.27
v5_service device=1 lane=0 class=0 jobs=42 rows=9949 cells=830374 reach=523948 reverse=830374 table_mib=29.6 mutable_mib=336.0 max_job_mib=10.3 oldest_ms=148.10 pack_ms=20.23 solve_ms=105.34
v5_device jobs=39 rows=8314 cells=711671 direct=true graph_reused=false upload_ms=29.85 capture_ms=3.46 queue_ms=86.95 gpu_ms=0.02 unpack_ms=7.58 total_ms=127.85
v5_service device=1 lane=1 class=0 jobs=39 rows=8314 cells=711671 reach=530968 reverse=806793 table_mib=27.6 mutable_mib=300.0 max_job_mib=11.1 oldest_ms=80.14 pack_ms=14.59 solve_ms=127.91
v5_device jobs=33 rows=7494 cells=697444 direct=true graph_reused=false upload_ms=13.64 capture_ms=3.69 queue_ms=59.86 gpu_ms=0.01 unpack_ms=3.82 total_ms=81.01
v5_service device=0 lane=1 class=0 jobs=33 rows=7494 cells=697444 reach=432067 reverse=697444 table_mib=24.3 mutable_mib=260.0 max_job_mib=10.2 oldest_ms=83.24 pack_ms=16.70 solve_ms=81.08
v5_device jobs=28 rows=6453 cells=531542 direct=true graph_reused=false upload_ms=11.01 capture_ms=3.65 queue_ms=80.00 gpu_ms=0.01 unpack_ms=3.65 total_ms=98.32
v5_service device=0 lane=2 class=0 jobs=28 rows=6453 cells=531542 reach=330651 reverse=531542 table_mib=19.0 mutable_mib=224.0 max_job_mib=10.4 oldest_ms=79.57 pack_ms=10.41 solve_ms=98.37
v5_device jobs=51 rows=12263 cells=731971 direct=true graph_reused=false upload_ms=16.78 capture_ms=4.35 queue_ms=81.85 gpu_ms=0.01 unpack_ms=6.44 total_ms=109.44
v5_service device=0 lane=0 class=0 jobs=51 rows=12263 cells=731971 reach=495493 reverse=731971 table_mib=28.3 mutable_mib=396.0 max_job_mib=10.4 oldest_ms=80.04 pack_ms=15.43 solve_ms=109.50
v5_device jobs=28 rows=6598 cells=505378 direct=true graph_reused=false upload_ms=10.29 capture_ms=4.42 queue_ms=55.08 gpu_ms=0.01 unpack_ms=2.73 total_ms=72.53
v5_service device=1 lane=0 class=0 jobs=28 rows=6598 cells=505378 reach=321888 reverse=505378 table_mib=18.2 mutable_mib=224.0 max_job_mib=10.2 oldest_ms=82.17 pack_ms=13.03 solve_ms=72.60
v5_device jobs=39 rows=8442 cells=607851 direct=true graph_reused=false upload_ms=9.35 capture_ms=3.17 queue_ms=89.19 gpu_ms=0.01 unpack_ms=3.88 total_ms=105.60
v5_service device=1 lane=2 class=0 jobs=39 rows=8442 cells=607851 reach=393435 reverse=607851 table_mib=22.6 mutable_mib=300.0 max_job_mib=10.2 oldest_ms=78.28 pack_ms=10.21 solve_ms=105.64
v5_device jobs=27 rows=10641 cells=856629 direct=true graph_reused=false upload_ms=30.80 capture_ms=3.38 queue_ms=99.31 gpu_ms=0.02 unpack_ms=8.46 total_ms=141.97
v5_service device=1 lane=1 class=1 jobs=27 rows=10641 cells=856629 reach=643370 reverse=901557 table_mib=31.5 mutable_mib=432.0 max_job_mib=19.8 oldest_ms=233.84 pack_ms=15.87 solve_ms=142.02
v5_device jobs=7 rows=2926 cells=342517 direct=true graph_reused=false upload_ms=4.42 capture_ms=3.88 queue_ms=19.31 gpu_ms=0.01 unpack_ms=1.66 total_ms=29.29
v5_service device=1 lane=0 class=1 jobs=7 rows=2926 cells=342517 reach=233725 reverse=342517 table_mib=11.2 mutable_mib=112.0 max_job_mib=20.3 oldest_ms=167.98 pack_ms=5.94 solve_ms=29.37
v5_device jobs=16 rows=6002 cells=562879 direct=true graph_reused=false upload_ms=12.42 capture_ms=3.78 queue_ms=82.79 gpu_ms=0.01 unpack_ms=3.42 total_ms=102.43
v5_service device=0 lane=2 class=1 jobs=16 rows=6002 cells=562879 reach=382421 reverse=562879 table_mib=19.6 mutable_mib=256.0 max_job_mib=19.2 oldest_ms=194.98 pack_ms=13.40 solve_ms=102.50
v5_device jobs=17 rows=7983 cells=724838 direct=true graph_reused=false upload_ms=17.96 capture_ms=4.14 queue_ms=83.66 gpu_ms=0.02 unpack_ms=3.92 total_ms=109.70
v5_service device=0 lane=1 class=1 jobs=17 rows=7983 cells=724838 reach=499538 reverse=724838 table_mib=24.8 mutable_mib=304.0 max_job_mib=34.4 oldest_ms=189.20 pack_ms=16.19 solve_ms=109.76
v5_device jobs=27 rows=10465 cells=753179 direct=true graph_reused=false upload_ms=23.62 capture_ms=3.72 queue_ms=65.32 gpu_ms=0.02 unpack_ms=6.35 total_ms=99.03
v5_service device=0 lane=0 class=1 jobs=27 rows=10465 cells=753179 reach=520736 reverse=753179 table_mib=27.5 mutable_mib=432.0 max_job_mib=19.6 oldest_ms=216.29 pack_ms=12.76 solve_ms=99.09
v5_device jobs=14 rows=6452 cells=629605 direct=true graph_reused=false upload_ms=9.68 capture_ms=4.06 queue_ms=32.45 gpu_ms=0.02 unpack_ms=3.73 total_ms=49.94
v5_service device=1 lane=2 class=1 jobs=14 rows=6452 cells=629605 reach=434445 reverse=629605 table_mib=21.9 mutable_mib=256.0 max_job_mib=35.3 oldest_ms=198.93 pack_ms=13.71 solve_ms=49.99
{"phase": "live", "seconds": 10.141, "solves": 14336, "solves_per_s": 1413.7, "oversize_routes": 0, "card_exclusive_routes": 0}
v5_device jobs=20 rows=4471 cells=350804 direct=true graph_reused=false upload_ms=4.74 capture_ms=6.18 queue_ms=24.94 gpu_ms=0.01 unpack_ms=1.85 total_ms=37.71
v5_service device=1 lane=0 class=0 jobs=20 rows=4471 cells=350804 reach=222238 reverse=350804 table_mib=12.5 mutable_mib=148.0 max_job_mib=10.2 oldest_ms=79.14 pack_ms=7.35 solve_ms=37.77
v5_device jobs=31 rows=6556 cells=627032 direct=true graph_reused=false upload_ms=17.98 capture_ms=3.19 queue_ms=46.89 gpu_ms=0.02 unpack_ms=5.06 total_ms=73.15
v5_service device=1 lane=1 class=0 jobs=31 rows=6556 cells=627032 reach=382718 reverse=627032 table_mib=21.6 mutable_mib=224.0 max_job_mib=10.3 oldest_ms=81.01 pack_ms=9.81 solve_ms=73.21
v5_device jobs=24 rows=5647 cells=641811 direct=true graph_reused=false upload_ms=8.32 capture_ms=3.08 queue_ms=43.33 gpu_ms=0.01 unpack_ms=4.00 total_ms=58.75
v5_service device=0 lane=2 class=0 jobs=24 rows=5647 cells=641811 reach=370714 reverse=641811 table_mib=21.5 mutable_mib=192.0 max_job_mib=10.9 oldest_ms=79.13 pack_ms=9.11 solve_ms=58.80
v5_device jobs=9 rows=3740 cells=462644 direct=true graph_reused=false upload_ms=4.75 capture_ms=2.90 queue_ms=40.91 gpu_ms=0.02 unpack_ms=2.98 total_ms=51.55
v5_service device=0 lane=1 class=1 jobs=9 rows=3740 cells=462644 reach=294467 reverse=462644 table_mib=15.2 mutable_mib=144.0 max_job_mib=19.9 oldest_ms=84.23 pack_ms=8.02 solve_ms=51.61
v5_device jobs=36 rows=8545 cells=763815 direct=true graph_reused=false upload_ms=15.70 capture_ms=3.84 queue_ms=47.01 gpu_ms=0.01 unpack_ms=3.75 total_ms=70.31
v5_service device=1 lane=2 class=0 jobs=36 rows=8545 cells=763815 reach=470396 reverse=763815 table_mib=26.3 mutable_mib=276.0 max_job_mib=10.3 oldest_ms=80.28 pack_ms=13.94 solve_ms=70.37
v5_device jobs=35 rows=7992 cells=688896 direct=true graph_reused=false upload_ms=26.60 capture_ms=3.53 queue_ms=46.89 gpu_ms=0.01 unpack_ms=4.86 total_ms=81.88
v5_service device=0 lane=0 class=0 jobs=35 rows=7992 cells=688896 reach=431460 reverse=688896 table_mib=24.4 mutable_mib=264.0 max_job_mib=10.2 oldest_ms=80.32 pack_ms=10.27 solve_ms=81.92
v5_device jobs=17 rows=3886 cells=271458 direct=true graph_reused=false upload_ms=5.07 capture_ms=3.90 queue_ms=41.98 gpu_ms=0.02 unpack_ms=2.11 total_ms=53.08
v5_service device=0 lane=1 class=0 jobs=17 rows=3886 cells=271458 reach=178742 reverse=271458 table_mib=10.2 mutable_mib=132.0 max_job_mib=10.2 oldest_ms=146.07 pack_ms=5.70 solve_ms=53.16
v5_device jobs=11 rows=5175 cells=464966 direct=true graph_reused=false upload_ms=8.68 capture_ms=4.04 queue_ms=37.41 gpu_ms=0.01 unpack_ms=3.14 total_ms=53.28
v5_service device=0 lane=2 class=1 jobs=11 rows=5175 cells=464966 reach=327843 reverse=464966 table_mib=16.2 mutable_mib=208.0 max_job_mib=35.8 oldest_ms=151.79 pack_ms=8.98 solve_ms=53.32
v5_device jobs=11 rows=5484 cells=573991 direct=true graph_reused=false upload_ms=17.59 capture_ms=3.68 queue_ms=36.69 gpu_ms=0.02 unpack_ms=3.42 total_ms=61.39
v5_service device=1 lane=1 class=1 jobs=11 rows=5484 cells=573991 reach=380007 reverse=573991 table_mib=19.1 mutable_mib=224.0 max_job_mib=36.5 oldest_ms=172.28 pack_ms=10.63 solve_ms=61.44
v5_device jobs=13 rows=4902 cells=409089 direct=true graph_reused=false upload_ms=11.02 capture_ms=7.99 queue_ms=59.75 gpu_ms=0.02 unpack_ms=3.41 total_ms=82.18
v5_service device=1 lane=0 class=1 jobs=13 rows=4902 cells=409089 reach=285469 reverse=409089 table_mib=14.9 mutable_mib=208.0 max_job_mib=19.3 oldest_ms=127.56 pack_ms=8.19 solve_ms=82.23
v5_device jobs=11 rows=5006 cells=495683 direct=true graph_reused=false upload_ms=18.36 capture_ms=4.14 queue_ms=24.01 gpu_ms=0.01 unpack_ms=2.10 total_ms=48.62
v5_service device=0 lane=0 class=1 jobs=11 rows=5006 cells=495683 reach=341979 reverse=495683 table_mib=16.9 mutable_mib=192.0 max_job_mib=35.3 oldest_ms=173.25 pack_ms=9.81 solve_ms=48.68
v5_device jobs=20 rows=9958 cells=880728 direct=true graph_reused=false upload_ms=18.81 capture_ms=3.30 queue_ms=45.74 gpu_ms=0.01 unpack_ms=5.11 total_ms=72.97
v5_service device=1 lane=2 class=1 jobs=20 rows=9958 cells=880728 reach=598407 reverse=880728 table_mib=30.9 mutable_mib=368.0 max_job_mib=36.8 oldest_ms=173.81 pack_ms=20.29 solve_ms=73.03
v5_device jobs=21 rows=4764 cells=405510 direct=true graph_reused=false upload_ms=5.32 capture_ms=3.06 queue_ms=30.91 gpu_ms=0.01 unpack_ms=2.05 total_ms=41.35
v5_service device=1 lane=0 class=0 jobs=21 rows=4764 cells=405510 reach=246475 reverse=405510 table_mib=14.4 mutable_mib=164.0 max_job_mib=10.1 oldest_ms=85.57 pack_ms=10.17 solve_ms=41.40
v5_device jobs=21 rows=5621 cells=440124 direct=true graph_reused=false upload_ms=11.21 capture_ms=3.21 queue_ms=41.31 gpu_ms=0.02 unpack_ms=3.20 total_ms=58.95
v5_service device=0 lane=1 class=0 jobs=21 rows=5621 cells=440124 reach=286914 reverse=440124 table_mib=15.7 mutable_mib=168.0 max_job_mib=10.1 oldest_ms=79.06 pack_ms=10.93 solve_ms=59.01
v5_device jobs=18 rows=8188 cells=589650 direct=true graph_reused=false upload_ms=11.50 capture_ms=3.47 queue_ms=43.84 gpu_ms=0.01 unpack_ms=4.09 total_ms=62.91
v5_service device=0 lane=2 class=1 jobs=18 rows=8188 cells=589650 reach=409915 reverse=589650 table_mib=21.2 mutable_mib=304.0 max_job_mib=33.6 oldest_ms=77.40 pack_ms=9.89 solve_ms=62.95
v5_device jobs=30 rows=7405 cells=641615 direct=true graph_reused=false upload_ms=19.97 capture_ms=3.93 queue_ms=43.33 gpu_ms=0.01 unpack_ms=4.86 total_ms=72.10
v5_service device=1 lane=1 class=0 jobs=30 rows=7405 cells=641615 reach=401945 reverse=641615 table_mib=22.5 mutable_mib=240.0 max_job_mib=10.4 oldest_ms=78.53 pack_ms=12.36 solve_ms=72.16
v5_device jobs=7 rows=2594 cells=278595 direct=true graph_reused=false upload_ms=3.71 capture_ms=3.83 queue_ms=21.89 gpu_ms=0.01 unpack_ms=1.52 total_ms=30.95
v5_service device=1 lane=0 class=1 jobs=7 rows=2594 cells=278595 reach=175421 reverse=278595 table_mib=9.6 mutable_mib=112.0 max_job_mib=19.2 oldest_ms=139.24 pack_ms=5.42 solve_ms=31.01
v5_device jobs=12 rows=5055 cells=555734 direct=true graph_reused=false upload_ms=10.17 capture_ms=3.80 queue_ms=41.24 gpu_ms=0.01 unpack_ms=2.43 total_ms=57.66
v5_service device=0 lane=1 class=1 jobs=12 rows=5055 cells=555734 reach=368133 reverse=555734 table_mib=18.6 mutable_mib=208.0 max_job_mib=33.6 oldest_ms=138.54 pack_ms=11.36 solve_ms=57.71
v5_device jobs=27 rows=6347 cells=665956 direct=true graph_reused=false upload_ms=22.67 capture_ms=3.45 queue_ms=66.90 gpu_ms=0.01 unpack_ms=4.53 total_ms=97.55
v5_service device=0 lane=0 class=0 jobs=27 rows=6347 cells=665956 reach=395061 reverse=665956 table_mib=22.9 mutable_mib=208.0 max_job_mib=10.4 oldest_ms=79.71 pack_ms=9.00 solve_ms=97.60
v5_device jobs=12 rows=4874 cells=479596 direct=true graph_reused=false upload_ms=8.45 capture_ms=3.48 queue_ms=44.46 gpu_ms=0.01 unpack_ms=3.07 total_ms=59.46
v5_service device=1 lane=1 class=1 jobs=12 rows=4874 cells=479596 reach=320778 reverse=479596 table_mib=16.5 mutable_mib=192.0 max_job_mib=19.7 oldest_ms=168.24 pack_ms=10.03 solve_ms=59.51
v5_device jobs=40 rows=9014 cells=658717 direct=true graph_reused=false upload_ms=12.53 capture_ms=3.72 queue_ms=45.71 gpu_ms=0.02 unpack_ms=4.63 total_ms=66.61
v5_service device=1 lane=2 class=0 jobs=40 rows=9014 cells=658717 reach=417951 reverse=658717 table_mib=24.1 mutable_mib=320.0 max_job_mib=10.3 oldest_ms=79.44 pack_ms=13.10 solve_ms=66.65
v5_device jobs=46 rows=10032 cells=928644 direct=true graph_reused=false upload_ms=17.19 capture_ms=3.31 queue_ms=51.20 gpu_ms=0.02 unpack_ms=5.66 total_ms=77.38
v5_service device=0 lane=2 class=0 jobs=46 rows=10032 cells=928644 reach=560239 reverse=928644 table_mib=32.2 mutable_mib=360.0 max_job_mib=10.9 oldest_ms=159.05 pack_ms=18.64 solve_ms=77.44
v5_device jobs=15 rows=6102 cells=599096 direct=true graph_reused=false upload_ms=9.91 capture_ms=4.19 queue_ms=43.24 gpu_ms=0.01 unpack_ms=3.07 total_ms=60.42
v5_service device=1 lane=0 class=1 jobs=15 rows=6102 cells=599096 reach=406686 reverse=599096 table_mib=20.4 mutable_mib=240.0 max_job_mib=19.8 oldest_ms=81.89 pack_ms=11.01 solve_ms=60.47
v5_device jobs=20 rows=8511 cells=724147 direct=true graph_reused=false upload_ms=12.82 capture_ms=3.46 queue_ms=50.91 gpu_ms=0.01 unpack_ms=4.35 total_ms=71.55
v5_service device=1 lane=2 class=1 jobs=20 rows=8511 cells=724147 reach=509565 reverse=724147 table_mib=25.4 mutable_mib=336.0 max_job_mib=34.7 oldest_ms=165.39 pack_ms=14.27 solve_ms=71.60
v5_device jobs=15 rows=5971 cells=849567 direct=true graph_reused=false upload_ms=26.72 capture_ms=3.21 queue_ms=46.46 gpu_ms=0.01 unpack_ms=5.67 total_ms=82.07
v5_service device=0 lane=0 class=1 jobs=15 rows=5971 cells=849567 reach=529733 reverse=849567 table_mib=27.5 mutable_mib=256.0 max_job_mib=36.6 oldest_ms=193.80 pack_ms=16.75 solve_ms=82.12
v5_device jobs=1 rows=1422 cells=98145 direct=true graph_reused=false upload_ms=1.08 capture_ms=3.98 queue_ms=16.29 gpu_ms=0.01 unpack_ms=0.42 total_ms=21.78
v5_service device=1 lane=2 class=2 jobs=1 rows=1422 cells=98145 reach=66168 reverse=98145 table_mib=3.4 mutable_mib=64.0 max_job_mib=69.1 oldest_ms=214.72 pack_ms=1.83 solve_ms=21.85
v5_device jobs=22 rows=4988 cells=430184 direct=true graph_reused=false upload_ms=5.73 capture_ms=4.33 queue_ms=24.55 gpu_ms=0.01 unpack_ms=2.16 total_ms=36.78
v5_service device=1 lane=1 class=0 jobs=22 rows=4988 cells=430184 reach=265097 reverse=430184 table_mib=15.1 mutable_mib=168.0 max_job_mib=10.4 oldest_ms=78.98 pack_ms=6.92 solve_ms=36.83
v5_device jobs=1 rows=2054 cells=146730 direct=true graph_reused=false upload_ms=1.62 capture_ms=4.65 queue_ms=17.26 gpu_ms=0.01 unpack_ms=0.39 total_ms=23.92
v5_service device=0 lane=0 class=2 jobs=1 rows=2054 cells=146730 reach=114753 reverse=146730 table_mib=5.1 mutable_mib=64.0 max_job_mib=71.8 oldest_ms=278.62 pack_ms=2.81 solve_ms=23.97
v5_device jobs=26 rows=5575 cells=462794 direct=true graph_reused=false upload_ms=7.43 capture_ms=3.92 queue_ms=27.55 gpu_ms=0.01 unpack_ms=2.48 total_ms=41.39
v5_service device=0 lane=2 class=0 jobs=26 rows=5575 cells=462794 reach=287891 reverse=462794 table_mib=16.3 mutable_mib=192.0 max_job_mib=10.4 oldest_ms=81.78 pack_ms=8.70 solve_ms=41.45
v5_device jobs=34 rows=7857 cells=565703 direct=true graph_reused=false upload_ms=9.13 capture_ms=3.31 queue_ms=60.95 gpu_ms=0.01 unpack_ms=3.89 total_ms=77.28
v5_service device=0 lane=1 class=0 jobs=34 rows=7857 cells=565703 reach=361048 reverse=565703 table_mib=20.9 mutable_mib=264.0 max_job_mib=10.2 oldest_ms=80.62 pack_ms=10.56 solve_ms=77.32
v5_device jobs=36 rows=7696 cells=714859 direct=true graph_reused=false upload_ms=11.64 capture_ms=3.56 queue_ms=37.36 gpu_ms=0.01 unpack_ms=4.51 total_ms=57.08
v5_service device=1 lane=0 class=0 jobs=36 rows=7696 cells=714859 reach=436954 reverse=714859 table_mib=24.9 mutable_mib=268.0 max_job_mib=10.4 oldest_ms=161.17 pack_ms=16.30 solve_ms=57.14
v5_device jobs=7 rows=3066 cells=213520 direct=true graph_reused=false upload_ms=3.78 capture_ms=3.75 queue_ms=18.61 gpu_ms=0.01 unpack_ms=1.12 total_ms=27.27
v5_service device=0 lane=2 class=1 jobs=7 rows=3066 cells=213520 reach=163535 reverse=213520 table_mib=7.8 mutable_mib=112.0 max_job_mib=18.5 oldest_ms=135.14 pack_ms=4.36 solve_ms=27.32
v5_device jobs=8 rows=3301 cells=325818 direct=true graph_reused=false upload_ms=4.23 capture_ms=3.28 queue_ms=26.26 gpu_ms=0.01 unpack_ms=1.67 total_ms=35.45
v5_service device=0 lane=1 class=1 jobs=8 rows=3301 cells=325818 reach=208441 reverse=325818 table_mib=11.3 mutable_mib=128.0 max_job_mib=19.0 oldest_ms=172.76 pack_ms=7.50 solve_ms=35.50
v5_device jobs=13 rows=5452 cells=682547 direct=true graph_reused=false upload_ms=22.66 capture_ms=3.77 queue_ms=34.00 gpu_ms=0.01 unpack_ms=4.08 total_ms=64.53
v5_service device=1 lane=1 class=1 jobs=13 rows=5452 cells=682547 reach=453355 reverse=682547 table_mib=22.6 mutable_mib=224.0 max_job_mib=36.9 oldest_ms=128.32 pack_ms=10.22 solve_ms=64.58
v5_device jobs=1 rows=2133 cells=325033 direct=true graph_reused=false upload_ms=3.38 capture_ms=4.06 queue_ms=14.62 gpu_ms=0.01 unpack_ms=0.73 total_ms=22.80
v5_service device=0 lane=2 class=2 jobs=1 rows=2133 cells=325033 reach=227251 reverse=325033 table_mib=10.1 mutable_mib=64.0 max_job_mib=79.0 oldest_ms=134.63 pack_ms=5.40 solve_ms=22.86
v5_device jobs=36 rows=8250 cells=741900 direct=true graph_reused=false upload_ms=12.41 capture_ms=3.20 queue_ms=35.44 gpu_ms=0.01 unpack_ms=3.78 total_ms=54.84
v5_service device=1 lane=2 class=0 jobs=36 rows=8250 cells=741900 reach=456318 reverse=741900 table_mib=26.2 mutable_mib=280.0 max_job_mib=10.2 oldest_ms=80.62 pack_ms=13.01 solve_ms=54.89
v5_device jobs=32 rows=6587 cells=677968 direct=true graph_reused=false upload_ms=18.30 capture_ms=3.08 queue_ms=37.16 gpu_ms=0.02 unpack_ms=4.39 total_ms=62.94
v5_service device=0 lane=0 class=0 jobs=32 rows=6587 cells=677968 reach=400417 reverse=677968 table_mib=22.9 mutable_mib=240.0 max_job_mib=10.2 oldest_ms=82.14 pack_ms=11.58 solve_ms=63.00
v5_device jobs=12 rows=4802 cells=513918 direct=true graph_reused=false upload_ms=9.07 capture_ms=4.52 queue_ms=33.26 gpu_ms=0.01 unpack_ms=2.25 total_ms=49.10
v5_service device=1 lane=2 class=1 jobs=12 rows=4802 cells=513918 reach=350704 reverse=513918 table_mib=17.4 mutable_mib=208.0 max_job_mib=36.9 oldest_ms=155.17 pack_ms=9.40 solve_ms=49.16
v5_device jobs=15 rows=6070 cells=615984 direct=true graph_reused=false upload_ms=11.66 capture_ms=4.43 queue_ms=48.76 gpu_ms=0.01 unpack_ms=2.99 total_ms=67.85
v5_service device=1 lane=0 class=1 jobs=15 rows=6070 cells=615984 reach=420810 reverse=615984 table_mib=20.9 mutable_mib=240.0 max_job_mib=20.0 oldest_ms=80.23 pack_ms=10.14 solve_ms=67.90
v5_device jobs=31 rows=7028 cells=605747 direct=true graph_reused=false upload_ms=18.21 capture_ms=3.26 queue_ms=37.35 gpu_ms=0.01 unpack_ms=3.46 total_ms=62.30
v5_service device=1 lane=1 class=0 jobs=31 rows=7028 cells=605747 reach=374470 reverse=605747 table_mib=21.5 mutable_mib=244.0 max_job_mib=10.4 oldest_ms=80.30 pack_ms=12.46 solve_ms=62.35
v5_device jobs=10 rows=3986 cells=418272 direct=true graph_reused=false upload_ms=4.87 capture_ms=3.07 queue_ms=66.08 gpu_ms=0.01 unpack_ms=2.20 total_ms=76.24
v5_service device=0 lane=0 class=1 jobs=10 rows=3986 cells=418272 reach=272877 reverse=418272 table_mib=13.9 mutable_mib=160.0 max_job_mib=19.3 oldest_ms=163.32 pack_ms=7.68 solve_ms=76.29
v5_device jobs=31 rows=7043 cells=526624 direct=true graph_reused=false upload_ms=9.90 capture_ms=3.41 queue_ms=66.34 gpu_ms=0.01 unpack_ms=3.53 total_ms=83.19
v5_service device=0 lane=1 class=0 jobs=31 rows=7043 cells=526624 reach=329748 reverse=526624 table_mib=19.2 mutable_mib=248.0 max_job_mib=10.2 oldest_ms=81.96 pack_ms=12.67 solve_ms=83.24
v5_device jobs=19 rows=7334 cells=820729 direct=true graph_reused=false upload_ms=10.02 capture_ms=3.65 queue_ms=50.00 gpu_ms=0.01 unpack_ms=4.59 total_ms=68.27
v5_service device=0 lane=2 class=1 jobs=19 rows=7334 cells=820729 reach=542215 reverse=820729 table_mib=27.3 mutable_mib=320.0 max_job_mib=37.0 oldest_ms=82.60 pack_ms=14.65 solve_ms=68.31
v5_device jobs=40 rows=9317 cells=695388 direct=true graph_reused=false upload_ms=13.87 capture_ms=3.70 queue_ms=39.05 gpu_ms=0.01 unpack_ms=5.13 total_ms=61.76
v5_service device=1 lane=0 class=0 jobs=40 rows=9317 cells=695388 reach=447007 reverse=695388 table_mib=25.7 mutable_mib=320.0 max_job_mib=10.4 oldest_ms=165.73 pack_ms=13.97 solve_ms=61.81
v5_device jobs=24 rows=5532 cells=420859 direct=true graph_reused=false upload_ms=8.14 capture_ms=3.65 queue_ms=26.81 gpu_ms=0.01 unpack_ms=2.39 total_ms=41.00
v5_service device=0 lane=2 class=0 jobs=24 rows=5532 cells=420859 reach=272667 reverse=420859 table_mib=15.3 mutable_mib=180.0 max_job_mib=10.2 oldest_ms=171.12 pack_ms=9.18 solve_ms=41.05
v5_device jobs=31 rows=7315 cells=531643 direct=true graph_reused=false upload_ms=9.31 capture_ms=3.58 queue_ms=31.37 gpu_ms=0.01 unpack_ms=2.80 total_ms=47.07
v5_service device=1 lane=2 class=0 jobs=31 rows=7315 cells=531643 reach=342410 reverse=531643 table_mib=19.2 mutable_mib=248.0 max_job_mib=10.2 oldest_ms=79.26 pack_ms=9.16 solve_ms=47.12
v5_device jobs=19 rows=8350 cells=895365 direct=true graph_reused=false upload_ms=15.96 capture_ms=3.83 queue_ms=39.56 gpu_ms=0.01 unpack_ms=4.90 total_ms=64.27
v5_service device=0 lane=1 class=1 jobs=19 rows=8350 cells=895365 reach=604508 reverse=895365 table_mib=30.0 mutable_mib=320.0 max_job_mib=34.7 oldest_ms=188.50 pack_ms=19.30 solve_ms=64.32
v5_device jobs=16 rows=7420 cells=646229 direct=true graph_reused=false upload_ms=25.57 capture_ms=4.08 queue_ms=76.33 gpu_ms=0.02 unpack_ms=6.43 total_ms=112.43
v5_service device=1 lane=1 class=1 jobs=16 rows=7420 cells=646229 reach=457233 reverse=646229 table_mib=23.1 mutable_mib=304.0 max_job_mib=35.8 oldest_ms=161.27 pack_ms=12.42 solve_ms=112.49
v5_device jobs=34 rows=7818 cells=781846 direct=true graph_reused=false upload_ms=28.06 capture_ms=3.67 queue_ms=39.58 gpu_ms=0.01 unpack_ms=4.16 total_ms=75.49
v5_service device=0 lane=0 class=0 jobs=34 rows=7818 cells=781846 reach=478824 reverse=781846 table_mib=26.8 mutable_mib=256.0 max_job_mib=10.7 oldest_ms=78.18 pack_ms=11.41 solve_ms=75.54
v5_device jobs=11 rows=4042 cells=525352 direct=true graph_reused=false upload_ms=6.56 capture_ms=3.90 queue_ms=27.53 gpu_ms=0.01 unpack_ms=2.48 total_ms=40.49
v5_service device=1 lane=0 class=1 jobs=11 rows=4042 cells=525352 reach=332493 reverse=525352 table_mib=16.9 mutable_mib=176.0 max_job_mib=19.1 oldest_ms=80.47 pack_ms=8.54 solve_ms=40.54
v5_device jobs=14 rows=6019 cells=615052 direct=true graph_reused=false upload_ms=9.75 capture_ms=3.40 queue_ms=49.56 gpu_ms=0.01 unpack_ms=3.62 total_ms=66.34
v5_service device=1 lane=2 class=1 jobs=14 rows=6019 cells=615052 reach=385347 reverse=615052 table_mib=20.9 mutable_mib=240.0 max_job_mib=35.3 oldest_ms=142.44 pack_ms=11.39 solve_ms=66.40
v5_device jobs=27 rows=6392 cells=589491 direct=true graph_reused=false upload_ms=8.00 capture_ms=3.09 queue_ms=33.30 gpu_ms=0.01 unpack_ms=3.78 total_ms=48.18
v5_service device=0 lane=2 class=0 jobs=27 rows=6392 cells=589491 reach=359999 reverse=589491 table_mib=21.1 mutable_mib=208.0 max_job_mib=10.9 oldest_ms=79.72 pack_ms=9.46 solve_ms=48.24
v5_device jobs=21 rows=4330 cells=369617 direct=true graph_reused=false upload_ms=6.09 capture_ms=3.38 queue_ms=20.38 gpu_ms=0.01 unpack_ms=2.12 total_ms=31.98
v5_service device=1 lane=0 class=0 jobs=21 rows=4330 cells=369617 reach=227856 reverse=369617 table_mib=13.1 mutable_mib=156.0 max_job_mib=10.4 oldest_ms=134.28 pack_ms=8.26 solve_ms=32.04
v5_device jobs=41 rows=9596 cells=701180 direct=true graph_reused=false upload_ms=13.93 capture_ms=3.60 queue_ms=64.02 gpu_ms=0.01 unpack_ms=3.93 total_ms=85.48
v5_service device=0 lane=1 class=0 jobs=41 rows=9596 cells=701180 reach=456696 reverse=701180 table_mib=25.7 mutable_mib=320.0 max_job_mib=10.2 oldest_ms=81.16 pack_ms=14.89 solve_ms=85.54
v5_device jobs=12 rows=5068 cells=618920 direct=true graph_reused=false upload_ms=9.96 capture_ms=3.64 queue_ms=56.80 gpu_ms=0.02 unpack_ms=3.67 total_ms=74.09
v5_service device=0 lane=2 class=1 jobs=12 rows=5068 cells=618920 reach=417140 reverse=618920 table_mib=20.7 mutable_mib=208.0 max_job_mib=35.3 oldest_ms=136.68 pack_ms=11.92 solve_ms=74.15
v5_device jobs=38 rows=8745 cells=716022 direct=true graph_reused=false upload_ms=25.74 capture_ms=3.17 queue_ms=51.84 gpu_ms=0.01 unpack_ms=6.55 total_ms=87.31
v5_service device=1 lane=1 class=0 jobs=38 rows=8745 cells=716022 reach=453966 reverse=716022 table_mib=26.0 mutable_mib=300.0 max_job_mib=10.6 oldest_ms=79.32 pack_ms=13.27 solve_ms=87.37
v5_device jobs=22 rows=5197 cells=489103 direct=true graph_reused=false upload_ms=5.37 capture_ms=3.41 queue_ms=25.51 gpu_ms=0.01 unpack_ms=2.68 total_ms=36.98
v5_service device=1 lane=2 class=0 jobs=22 rows=5197 cells=489103 reach=293797 reverse=489103 table_mib=16.7 mutable_mib=172.0 max_job_mib=10.4 oldest_ms=79.17 pack_ms=7.24 solve_ms=37.03
v5_device jobs=20 rows=7936 cells=788556 direct=true graph_reused=false upload_ms=27.49 capture_ms=3.88 queue_ms=89.56 gpu_ms=0.02 unpack_ms=7.24 total_ms=128.18
v5_service device=0 lane=0 class=1 jobs=20 rows=7936 cells=788556 reach=525747 reverse=788556 table_mib=27.3 mutable_mib=320.0 max_job_mib=19.2 oldest_ms=174.66 pack_ms=14.60 solve_ms=128.24
v5_device jobs=13 rows=5406 cells=447092 direct=true graph_reused=false upload_ms=8.74 capture_ms=4.02 queue_ms=23.78 gpu_ms=0.02 unpack_ms=2.44 total_ms=39.00
v5_service device=0 lane=1 class=1 jobs=13 rows=5406 cells=447092 reach=312360 reverse=447092 table_mib=15.8 mutable_mib=224.0 max_job_mib=37.0 oldest_ms=188.39 pack_ms=9.24 solve_ms=39.05
v5_device jobs=11 rows=4235 cells=371021 direct=true graph_reused=false upload_ms=7.34 capture_ms=3.58 queue_ms=31.59 gpu_ms=0.01 unpack_ms=1.83 total_ms=44.36
v5_service device=1 lane=1 class=1 jobs=11 rows=4235 cells=371021 reach=254311 reverse=371021 table_mib=12.9 mutable_mib=176.0 max_job_mib=19.0 oldest_ms=185.60 pack_ms=6.93 solve_ms=44.41
v5_device jobs=9 rows=3974 cells=219954 direct=true graph_reused=false upload_ms=4.68 capture_ms=3.88 queue_ms=55.82 gpu_ms=0.01 unpack_ms=1.39 total_ms=65.79
v5_service device=1 lane=2 class=1 jobs=9 rows=3974 cells=219954 reach=159649 reverse=219954 table_mib=8.5 mutable_mib=160.0 max_job_mib=33.6 oldest_ms=119.42 pack_ms=5.09 solve_ms=65.84
v5_device jobs=39 rows=8623 cells=816717 direct=true graph_reused=false upload_ms=14.36 capture_ms=4.32 queue_ms=40.84 gpu_ms=0.02 unpack_ms=4.96 total_ms=64.50
v5_service device=1 lane=0 class=0 jobs=39 rows=8623 cells=816717 reach=488437 reverse=816717 table_mib=28.1 mutable_mib=300.0 max_job_mib=10.7 oldest_ms=81.18 pack_ms=16.24 solve_ms=64.55
v5_device jobs=13 rows=5396 cells=600676 direct=true graph_reused=false upload_ms=8.23 capture_ms=3.25 queue_ms=29.62 gpu_ms=0.01 unpack_ms=2.82 total_ms=43.93
v5_service device=1 lane=0 class=1 jobs=13 rows=5396 cells=600676 reach=403468 reverse=600676 table_mib=20.3 mutable_mib=224.0 max_job_mib=35.4 oldest_ms=168.20 pack_ms=12.71 solve_ms=44.01
v5_device jobs=24 rows=5465 cells=480557 direct=true graph_reused=false upload_ms=5.37 capture_ms=3.22 queue_ms=35.62 gpu_ms=0.01 unpack_ms=2.68 total_ms=46.91
v5_service device=0 lane=1 class=0 jobs=24 rows=5465 cells=480557 reach=294344 reverse=480557 table_mib=16.8 mutable_mib=188.0 max_job_mib=10.2 oldest_ms=81.25 pack_ms=7.23 solve_ms=46.96
v5_device jobs=25 rows=5896 cells=523419 direct=true graph_reused=false upload_ms=15.22 capture_ms=3.71 queue_ms=47.14 gpu_ms=0.01 unpack_ms=3.16 total_ms=69.25
v5_service device=0 lane=0 class=0 jobs=25 rows=5896 cells=523419 reach=326998 reverse=523419 table_mib=18.3 mutable_mib=200.0 max_job_mib=10.2 oldest_ms=80.97 pack_ms=8.47 solve_ms=69.29
v5_device jobs=41 rows=8954 cells=642287 direct=true graph_reused=false upload_ms=13.30 capture_ms=3.55 queue_ms=75.09 gpu_ms=0.01 unpack_ms=4.42 total_ms=96.37
v5_service device=0 lane=2 class=0 jobs=41 rows=8954 cells=642287 reach=415169 reverse=642287 table_mib=23.6 mutable_mib=304.0 max_job_mib=10.1 oldest_ms=78.05 pack_ms=11.69 solve_ms=96.42
v5_device jobs=8 rows=3740 cells=337158 direct=true graph_reused=false upload_ms=6.61 capture_ms=3.56 queue_ms=20.48 gpu_ms=0.01 unpack_ms=1.63 total_ms=32.29
v5_service device=0 lane=1 class=1 jobs=8 rows=3740 cells=337158 reach=225198 reverse=337158 table_mib=11.6 mutable_mib=144.0 max_job_mib=34.0 oldest_ms=135.16 pack_ms=7.99 solve_ms=32.35
v5_device jobs=20 rows=8022 cells=735718 direct=true graph_reused=false upload_ms=16.09 capture_ms=3.85 queue_ms=56.40 gpu_ms=0.01 unpack_ms=3.68 total_ms=80.03
v5_service device=1 lane=2 class=1 jobs=20 rows=8022 cells=735718 reach=504693 reverse=735718 table_mib=25.3 mutable_mib=320.0 max_job_mib=19.6 oldest_ms=80.89 pack_ms=12.71 solve_ms=80.09
v5_device jobs=18 rows=7578 cells=780344 direct=true graph_reused=false upload_ms=26.02 capture_ms=3.77 queue_ms=71.39 gpu_ms=0.01 unpack_ms=6.62 total_ms=107.81
v5_service device=1 lane=1 class=1 jobs=18 rows=7578 cells=780344 reach=528528 reverse=780344 table_mib=26.6 mutable_mib=288.0 max_job_mib=20.3 oldest_ms=79.77 pack_ms=12.29 solve_ms=107.86
v5_device jobs=17 rows=6896 cells=666309 direct=true graph_reused=false upload_ms=10.75 capture_ms=3.54 queue_ms=49.12 gpu_ms=0.01 unpack_ms=3.91 total_ms=67.33
v5_service device=0 lane=2 class=1 jobs=17 rows=6896 cells=666309 reach=457380 reverse=666309 table_mib=23.1 mutable_mib=288.0 max_job_mib=35.8 oldest_ms=193.43 pack_ms=13.71 solve_ms=67.39
v5_device jobs=26 rows=5940 cells=449892 direct=true graph_reused=false upload_ms=5.81 capture_ms=3.20 queue_ms=27.37 gpu_ms=0.01 unpack_ms=3.12 total_ms=39.52
v5_service device=1 lane=0 class=0 jobs=26 rows=5940 cells=449892 reach=298262 reverse=449892 table_mib=16.4 mutable_mib=192.0 max_job_mib=10.0 oldest_ms=80.26 pack_ms=8.04 solve_ms=39.57
v5_device jobs=16 rows=7245 cells=681992 direct=true graph_reused=false upload_ms=19.72 capture_ms=4.00 queue_ms=54.32 gpu_ms=0.01 unpack_ms=5.09 total_ms=83.15
v5_service device=0 lane=0 class=1 jobs=16 rows=7245 cells=681992 reach=475583 reverse=681992 table_mib=23.5 mutable_mib=288.0 max_job_mib=37.3 oldest_ms=165.54 pack_ms=13.54 solve_ms=83.19
v5_device jobs=25 rows=5762 cells=497195 direct=true graph_reused=false upload_ms=8.47 capture_ms=3.81 queue_ms=44.38 gpu_ms=0.01 unpack_ms=2.36 total_ms=59.02
v5_service device=1 lane=2 class=0 jobs=25 rows=5762 cells=497195 reach=296221 reverse=497195 table_mib=17.2 mutable_mib=196.0 max_job_mib=10.6 oldest_ms=178.40 pack_ms=10.06 solve_ms=59.08
v5_device jobs=31 rows=6623 cells=393581 direct=true graph_reused=false upload_ms=16.34 capture_ms=3.83 queue_ms=33.54 gpu_ms=0.01 unpack_ms=3.47 total_ms=57.19
v5_service device=1 lane=1 class=0 jobs=31 rows=6623 cells=393581 reach=269275 reverse=393581 table_mib=15.0 mutable_mib=236.0 max_job_mib=10.3 oldest_ms=205.10 pack_ms=10.22 solve_ms=57.23
v5_device jobs=14 rows=5814 cells=651268 direct=true graph_reused=false upload_ms=11.06 capture_ms=3.02 queue_ms=29.18 gpu_ms=0.01 unpack_ms=3.04 total_ms=46.32
v5_service device=0 lane=1 class=1 jobs=14 rows=5814 cells=651268 reach=404809 reverse=651268 table_mib=21.4 mutable_mib=240.0 max_job_mib=38.6 oldest_ms=79.83 pack_ms=9.75 solve_ms=46.38
v5_device jobs=17 rows=7030 cells=727051 direct=true graph_reused=false upload_ms=15.96 capture_ms=3.33 queue_ms=37.84 gpu_ms=0.02 unpack_ms=5.03 total_ms=62.18
v5_service device=1 lane=0 class=1 jobs=17 rows=7030 cells=727051 reach=559991 reverse=804726 table_mib=26.8 mutable_mib=288.0 max_job_mib=35.8 oldest_ms=136.96 pack_ms=15.63 solve_ms=62.24
v5_device jobs=14 rows=5497 cells=587923 direct=true graph_reused=false upload_ms=11.86 capture_ms=3.48 queue_ms=47.44 gpu_ms=0.01 unpack_ms=2.71 total_ms=65.50
v5_service device=0 lane=2 class=1 jobs=14 rows=5497 cells=587923 reach=453001 reverse=649379 table_mib=21.2 mutable_mib=224.0 max_job_mib=19.9 oldest_ms=79.55 pack_ms=10.57 solve_ms=65.55
v5_device jobs=34 rows=7552 cells=608112 direct=true graph_reused=false upload_ms=8.52 capture_ms=3.18 queue_ms=66.72 gpu_ms=0.02 unpack_ms=4.47 total_ms=82.91
v5_service device=0 lane=1 class=0 jobs=34 rows=7552 cells=608112 reach=389016 reverse=608112 table_mib=21.9 mutable_mib=268.0 max_job_mib=10.2 oldest_ms=141.55 pack_ms=12.55 solve_ms=82.96
v5_device jobs=15 rows=5815 cells=674865 direct=true graph_reused=false upload_ms=20.01 capture_ms=3.72 queue_ms=54.83 gpu_ms=0.01 unpack_ms=4.45 total_ms=83.01
v5_service device=0 lane=0 class=1 jobs=15 rows=5815 cells=674865 reach=419807 reverse=674865 table_mib=22.6 mutable_mib=256.0 max_job_mib=35.3 oldest_ms=82.08 pack_ms=10.93 solve_ms=83.06
v5_device jobs=15 rows=6637 cells=596311 direct=true graph_reused=false upload_ms=7.86 capture_ms=3.14 queue_ms=33.22 gpu_ms=0.01 unpack_ms=3.43 total_ms=47.66
v5_service device=1 lane=2 class=1 jobs=15 rows=6637 cells=596311 reach=412287 reverse=596311 table_mib=20.3 mutable_mib=272.0 max_job_mib=36.4 oldest_ms=78.33 pack_ms=9.08 solve_ms=47.70
v5_device jobs=18 rows=3847 cells=360685 direct=true graph_reused=false upload_ms=5.03 capture_ms=3.62 queue_ms=29.35 gpu_ms=0.01 unpack_ms=2.05 total_ms=40.05
v5_service device=1 lane=2 class=0 jobs=18 rows=3847 cells=360685 reach=218481 reverse=360685 table_mib=12.6 mutable_mib=140.0 max_job_mib=10.3 oldest_ms=139.23 pack_ms=7.82 solve_ms=40.10
v5_device jobs=44 rows=9758 cells=665445 direct=true graph_reused=false upload_ms=16.51 capture_ms=3.63 queue_ms=44.53 gpu_ms=0.01 unpack_ms=4.72 total_ms=69.40
v5_service device=0 lane=2 class=0 jobs=44 rows=9758 cells=665445 reach=537101 reverse=779287 table_mib=27.3 mutable_mib=340.0 max_job_mib=10.2 oldest_ms=162.64 pack_ms=13.63 solve_ms=69.45
v5_device jobs=27 rows=6598 cells=474112 direct=true graph_reused=false upload_ms=10.68 capture_ms=4.50 queue_ms=40.68 gpu_ms=0.01 unpack_ms=3.52 total_ms=59.39
v5_service device=1 lane=0 class=0 jobs=27 rows=6598 cells=474112 reach=352491 reverse=511609 table_mib=18.1 mutable_mib=216.0 max_job_mib=10.2 oldest_ms=81.55 pack_ms=11.85 solve_ms=59.44
v5_device jobs=26 rows=5578 cells=385541 direct=true graph_reused=false upload_ms=5.72 capture_ms=4.10 queue_ms=36.86 gpu_ms=0.01 unpack_ms=2.50 total_ms=49.19
v5_service device=0 lane=0 class=0 jobs=26 rows=5578 cells=385541 reach=245778 reverse=385541 table_mib=14.2 mutable_mib=192.0 max_job_mib=10.1 oldest_ms=179.56 pack_ms=8.72 solve_ms=49.23
v5_device jobs=41 rows=9429 cells=672096 direct=true graph_reused=false upload_ms=19.90 capture_ms=3.51 queue_ms=105.68 gpu_ms=0.02 unpack_ms=4.98 total_ms=134.08
v5_service device=1 lane=1 class=0 jobs=41 rows=9429 cells=672096 reach=435505 reverse=672096 table_mib=24.7 mutable_mib=308.0 max_job_mib=10.2 oldest_ms=77.32 pack_ms=13.50 solve_ms=134.14
v5_device jobs=34 rows=7502 cells=532092 direct=true graph_reused=false upload_ms=14.32 capture_ms=3.34 queue_ms=32.77 gpu_ms=0.01 unpack_ms=3.25 total_ms=53.70
v5_service device=0 lane=1 class=0 jobs=34 rows=7502 cells=532092 reach=392987 reverse=588533 table_mib=20.7 mutable_mib=268.0 max_job_mib=10.3 oldest_ms=83.25 pack_ms=13.66 solve_ms=53.76
v5_device jobs=35 rows=7945 cells=522862 direct=true graph_reused=false upload_ms=9.02 capture_ms=3.78 queue_ms=35.67 gpu_ms=0.01 unpack_ms=3.15 total_ms=51.62
v5_service device=1 lane=2 class=0 jobs=35 rows=7945 cells=522862 reach=347751 reverse=522862 table_mib=19.8 mutable_mib=260.0 max_job_mib=10.3 oldest_ms=79.34 pack_ms=9.25 solve_ms=51.68
v5_device jobs=13 rows=5389 cells=521464 direct=true graph_reused=false upload_ms=7.42 capture_ms=4.55 queue_ms=67.28 gpu_ms=0.01 unpack_ms=2.67 total_ms=81.92
v5_service device=1 lane=1 class=1 jobs=13 rows=5389 cells=521464 reach=349576 reverse=521464 table_mib=17.5 mutable_mib=208.0 max_job_mib=19.4 oldest_ms=226.17 pack_ms=12.13 solve_ms=81.98
v5_device jobs=20 rows=9187 cells=949554 direct=true graph_reused=false upload_ms=21.11 capture_ms=3.68 queue_ms=86.59 gpu_ms=0.01 unpack_ms=5.71 total_ms=117.10
v5_service device=1 lane=0 class=1 jobs=20 rows=9187 cells=949554 reach=633580 reverse=949554 table_mib=32.2 mutable_mib=352.0 max_job_mib=40.1 oldest_ms=161.44 pack_ms=20.36 solve_ms=117.16
v5_device jobs=1 rows=1840 cells=74355 direct=true graph_reused=false upload_ms=1.21 capture_ms=4.67 queue_ms=9.04 gpu_ms=0.01 unpack_ms=0.30 total_ms=15.23
v5_service device=1 lane=0 class=2 jobs=1 rows=1840 cells=74355 reach=64890 reverse=74355 table_mib=3.1 mutable_mib=64.0 max_job_mib=69.1 oldest_ms=294.58 pack_ms=2.09 solve_ms=15.29
v5_device jobs=7 rows=2679 cells=327795 direct=true graph_reused=false upload_ms=3.98 capture_ms=3.57 queue_ms=59.11 gpu_ms=0.01 unpack_ms=1.84 total_ms=68.52
v5_service device=0 lane=1 class=1 jobs=7 rows=2679 cells=327795 reach=210127 reverse=327795 table_mib=11.1 mutable_mib=128.0 max_job_mib=36.8 oldest_ms=146.78 pack_ms=6.75 solve_ms=68.57
v5_device jobs=37 rows=7886 cells=606302 direct=true graph_reused=false upload_ms=20.52 capture_ms=3.77 queue_ms=55.62 gpu_ms=0.02 unpack_ms=4.11 total_ms=84.04
v5_service device=0 lane=0 class=0 jobs=37 rows=7886 cells=606302 reach=381789 reverse=606302 table_mib=21.5 mutable_mib=272.0 max_job_mib=10.2 oldest_ms=78.67 pack_ms=9.58 solve_ms=84.10
v5_device jobs=36 rows=8243 cells=667408 direct=true graph_reused=false upload_ms=13.70 capture_ms=3.56 queue_ms=66.00 gpu_ms=0.01 unpack_ms=4.29 total_ms=87.56
v5_service device=0 lane=2 class=0 jobs=36 rows=8243 cells=667408 reach=437682 reverse=694812 table_mib=24.8 mutable_mib=284.0 max_job_mib=10.2 oldest_ms=77.84 pack_ms=10.80 solve_ms=87.61
v5_device jobs=14 rows=7344 cells=791103 direct=true graph_reused=false upload_ms=13.32 capture_ms=3.53 queue_ms=38.15 gpu_ms=0.01 unpack_ms=3.66 total_ms=58.68
v5_service device=1 lane=2 class=1 jobs=14 rows=7344 cells=791103 reach=548511 reverse=791103 table_mib=27.1 mutable_mib=272.0 max_job_mib=37.0 oldest_ms=146.34 pack_ms=13.95 solve_ms=58.73
v5_device jobs=12 rows=4489 cells=458660 direct=true graph_reused=false upload_ms=5.40 capture_ms=3.69 queue_ms=49.47 gpu_ms=0.01 unpack_ms=1.93 total_ms=60.50
v5_service device=0 lane=0 class=1 jobs=12 rows=4489 cells=458660 reach=287999 reverse=458660 table_mib=15.3 mutable_mib=192.0 max_job_mib=19.9 oldest_ms=178.06 pack_ms=7.63 solve_ms=60.55
v5_device jobs=17 rows=7739 cells=666304 direct=true graph_reused=false upload_ms=11.30 capture_ms=3.70 queue_ms=41.30 gpu_ms=0.01 unpack_ms=4.18 total_ms=60.49
v5_service device=0 lane=2 class=1 jobs=17 rows=7739 cells=666304 reach=474154 reverse=666304 table_mib=23.4 mutable_mib=288.0 max_job_mib=37.0 oldest_ms=183.10 pack_ms=12.77 solve_ms=60.55
v5_device jobs=25 rows=5595 cells=470500 direct=true graph_reused=false upload_ms=5.99 capture_ms=3.10 queue_ms=28.25 gpu_ms=0.01 unpack_ms=2.79 total_ms=40.14
v5_service device=1 lane=1 class=0 jobs=25 rows=5595 cells=470500 reach=290605 reverse=470500 table_mib=16.8 mutable_mib=196.0 max_job_mib=10.0 oldest_ms=80.55 pack_ms=8.02 solve_ms=40.20
v5_device jobs=1 rows=2133 cells=325033 direct=true graph_reused=false upload_ms=3.95 capture_ms=3.94 queue_ms=19.37 gpu_ms=0.01 unpack_ms=0.69 total_ms=27.95
v5_service device=0 lane=2 class=2 jobs=1 rows=2133 cells=325033 reach=227251 reverse=325033 table_mib=10.1 mutable_mib=64.0 max_job_mib=79.0 oldest_ms=245.65 pack_ms=6.61 solve_ms=28.00
v5_device jobs=11 rows=4951 cells=416168 direct=true graph_reused=false upload_ms=5.46 capture_ms=4.10 queue_ms=23.04 gpu_ms=0.01 unpack_ms=2.07 total_ms=34.68
v5_service device=1 lane=1 class=1 jobs=11 rows=4951 cells=416168 reach=283399 reverse=416168 table_mib=14.4 mutable_mib=176.0 max_job_mib=20.0 oldest_ms=133.86 pack_ms=7.51 solve_ms=34.74
v5_device jobs=28 rows=6162 cells=524806 direct=true graph_reused=false upload_ms=9.55 capture_ms=4.59 queue_ms=45.90 gpu_ms=0.01 unpack_ms=2.95 total_ms=62.99
v5_service device=1 lane=0 class=0 jobs=28 rows=6162 cells=524806 reach=323136 reverse=524806 table_mib=18.3 mutable_mib=220.0 max_job_mib=10.3 oldest_ms=80.82 pack_ms=9.87 solve_ms=63.03
v5_device jobs=39 rows=8949 cells=605453 direct=true graph_reused=false upload_ms=11.08 capture_ms=3.51 queue_ms=38.13 gpu_ms=0.01 unpack_ms=4.44 total_ms=57.17
v5_service device=0 lane=1 class=0 jobs=39 rows=8949 cells=605453 reach=404027 reverse=605453 table_mib=22.6 mutable_mib=304.0 max_job_mib=10.2 oldest_ms=80.82 pack_ms=15.03 solve_ms=57.22
v5_device jobs=5 rows=1884 cells=113679 direct=true graph_reused=false upload_ms=1.79 capture_ms=7.16 queue_ms=16.24 gpu_ms=0.01 unpack_ms=0.82 total_ms=26.01
v5_service device=1 lane=0 class=1 jobs=5 rows=1884 cells=113679 reach=85637 reverse=113679 table_mib=4.3 mutable_mib=80.0 max_job_mib=18.2 oldest_ms=146.12 pack_ms=3.15 solve_ms=26.07
v5_device jobs=32 rows=7333 cells=581611 direct=true graph_reused=false upload_ms=8.56 capture_ms=4.06 queue_ms=40.24 gpu_ms=0.02 unpack_ms=4.01 total_ms=56.90
v5_service device=1 lane=2 class=0 jobs=32 rows=7333 cells=581611 reach=360732 reverse=581611 table_mib=21.0 mutable_mib=252.0 max_job_mib=10.3 oldest_ms=79.37 pack_ms=8.73 solve_ms=56.95
v5_device jobs=10 rows=4007 cells=361198 direct=true graph_reused=false upload_ms=5.07 capture_ms=3.29 queue_ms=22.35 gpu_ms=0.02 unpack_ms=1.84 total_ms=32.56
v5_service device=0 lane=1 class=1 jobs=10 rows=4007 cells=361198 reach=250327 reverse=361198 table_mib=12.5 mutable_mib=160.0 max_job_mib=20.2 oldest_ms=159.16 pack_ms=7.10 solve_ms=32.61
v5_device jobs=33 rows=7535 cells=595397 direct=true graph_reused=false upload_ms=21.89 capture_ms=3.64 queue_ms=37.16 gpu_ms=0.01 unpack_ms=4.12 total_ms=66.82
v5_service device=0 lane=0 class=0 jobs=33 rows=7535 cells=595397 reach=373238 reverse=595397 table_mib=21.5 mutable_mib=256.0 max_job_mib=10.1 oldest_ms=79.68 pack_ms=11.32 solve_ms=66.87
v5_device jobs=26 rows=5745 cells=489023 direct=true graph_reused=false upload_ms=7.30 capture_ms=3.45 queue_ms=26.65 gpu_ms=0.02 unpack_ms=2.91 total_ms=40.34
v5_service device=0 lane=2 class=0 jobs=26 rows=5745 cells=489023 reach=303631 reverse=489023 table_mib=17.3 mutable_mib=196.0 max_job_mib=10.4 oldest_ms=82.39 pack_ms=8.95 solve_ms=40.39
v5_device jobs=14 rows=6051 cells=735685 direct=true graph_reused=false upload_ms=10.85 capture_ms=3.41 queue_ms=33.22 gpu_ms=0.01 unpack_ms=3.35 total_ms=50.83
v5_service device=1 lane=2 class=1 jobs=14 rows=6051 cells=735685 reach=481777 reverse=735685 table_mib=24.3 mutable_mib=240.0 max_job_mib=39.6 oldest_ms=151.46 pack_ms=12.36 solve_ms=50.90
v5_device jobs=9 rows=4395 cells=289678 direct=true graph_reused=false upload_ms=4.04 capture_ms=3.29 queue_ms=22.21 gpu_ms=0.01 unpack_ms=1.56 total_ms=31.10
v5_service device=0 lane=0 class=1 jobs=9 rows=4395 cells=289678 reach=200778 reverse=289678 table_mib=10.7 mutable_mib=160.0 max_job_mib=33.9 oldest_ms=153.35 pack_ms=5.77 solve_ms=31.15
v5_device jobs=18 rows=6715 cells=615156 direct=true graph_reused=false upload_ms=10.27 capture_ms=3.75 queue_ms=31.87 gpu_ms=0.01 unpack_ms=3.29 total_ms=49.20
v5_service device=1 lane=1 class=1 jobs=18 rows=6715 cells=615156 reach=424203 reverse=615156 table_mib=21.3 mutable_mib=288.0 max_job_mib=19.5 oldest_ms=81.36 pack_ms=9.14 solve_ms=49.26
v5_device jobs=8 rows=4265 cells=372587 direct=true graph_reused=false upload_ms=5.74 capture_ms=3.68 queue_ms=22.43 gpu_ms=0.01 unpack_ms=2.04 total_ms=33.92
v5_service device=0 lane=2 class=1 jobs=8 rows=4265 cells=372587 reach=255797 reverse=372587 table_mib=12.9 mutable_mib=160.0 max_job_mib=35.3 oldest_ms=136.60 pack_ms=6.54 solve_ms=33.97
v5_device jobs=14 rows=6115 cells=579706 direct=true graph_reused=false upload_ms=10.49 capture_ms=3.58 queue_ms=27.72 gpu_ms=0.01 unpack_ms=2.61 total_ms=44.41
v5_service device=1 lane=0 class=1 jobs=14 rows=6115 cells=579706 reach=389882 reverse=579706 table_mib=19.8 mutable_mib=240.0 max_job_mib=34.0 oldest_ms=83.16 pack_ms=12.65 solve_ms=44.46
v5_device jobs=29 rows=6876 cells=626965 direct=true graph_reused=false upload_ms=10.19 capture_ms=3.34 queue_ms=32.26 gpu_ms=0.02 unpack_ms=3.50 total_ms=49.31
v5_service device=0 lane=1 class=0 jobs=29 rows=6876 cells=626965 reach=384143 reverse=626965 table_mib=21.8 mutable_mib=220.0 max_job_mib=10.4 oldest_ms=79.15 pack_ms=12.92 solve_ms=49.37
v5_device jobs=30 rows=6593 cells=537783 direct=true graph_reused=false upload_ms=9.34 capture_ms=4.25 queue_ms=33.87 gpu_ms=0.01 unpack_ms=3.03 total_ms=50.51
v5_service device=1 lane=0 class=0 jobs=30 rows=6593 cells=537783 reach=338107 reverse=537783 table_mib=19.2 mutable_mib=232.0 max_job_mib=10.4 oldest_ms=145.26 pack_ms=8.93 solve_ms=50.56
v5_device jobs=1 rows=3168 cells=195080 direct=true graph_reused=false upload_ms=2.35 capture_ms=4.18 queue_ms=11.21 gpu_ms=0.01 unpack_ms=0.50 total_ms=18.24
v5_service device=1 lane=0 class=2 jobs=1 rows=3168 cells=195080 reach=155350 reverse=195080 table_mib=6.7 mutable_mib=128.0 max_job_mib=137.7 oldest_ms=158.22 pack_ms=4.09 solve_ms=18.30
v5_device jobs=38 rows=9025 cells=704062 direct=true graph_reused=false upload_ms=11.15 capture_ms=3.73 queue_ms=50.87 gpu_ms=0.01 unpack_ms=4.55 total_ms=70.32
v5_service device=1 lane=2 class=0 jobs=38 rows=9025 cells=704062 reach=445025 reverse=704062 table_mib=25.5 mutable_mib=304.0 max_job_mib=10.4 oldest_ms=80.04 pack_ms=12.40 solve_ms=70.37
v5_device jobs=32 rows=7477 cells=754745 direct=true graph_reused=false upload_ms=11.77 capture_ms=3.23 queue_ms=101.70 gpu_ms=0.01 unpack_ms=4.74 total_ms=121.44
v5_service device=1 lane=1 class=0 jobs=32 rows=7477 cells=754745 reach=464186 reverse=754745 table_mib=26.1 mutable_mib=248.0 max_job_mib=10.3 oldest_ms=145.84 pack_ms=13.39 solve_ms=121.48
v5_device jobs=13 rows=5441 cells=391917 direct=true graph_reused=false upload_ms=6.19 capture_ms=3.59 queue_ms=41.15 gpu_ms=0.02 unpack_ms=2.94 total_ms=53.90
v5_service device=0 lane=2 class=1 jobs=13 rows=5441 cells=391917 reach=282414 reverse=391917 table_mib=14.2 mutable_mib=208.0 max_job_mib=19.9 oldest_ms=77.38 pack_ms=6.41 solve_ms=53.95
v5_device jobs=14 rows=5484 cells=522093 direct=true graph_reused=false upload_ms=6.89 capture_ms=3.02 queue_ms=70.92 gpu_ms=0.02 unpack_ms=4.19 total_ms=85.05
v5_service device=0 lane=1 class=1 jobs=14 rows=5484 cells=522093 reach=363314 reverse=522093 table_mib=18.4 mutable_mib=224.0 max_job_mib=19.7 oldest_ms=146.70 pack_ms=8.43 solve_ms=85.11
v5_device jobs=31 rows=7018 cells=585489 direct=true graph_reused=false upload_ms=15.57 capture_ms=4.11 queue_ms=48.04 gpu_ms=0.02 unpack_ms=4.79 total_ms=72.53
v5_service device=0 lane=0 class=0 jobs=31 rows=7018 cells=585489 reach=364333 reverse=585489 table_mib=20.9 mutable_mib=248.0 max_job_mib=10.2 oldest_ms=80.13 pack_ms=9.65 solve_ms=72.57
v5_device jobs=12 rows=5737 cells=567456 direct=true graph_reused=false upload_ms=10.66 capture_ms=3.77 queue_ms=26.38 gpu_ms=0.01 unpack_ms=2.32 total_ms=43.13
v5_service device=1 lane=2 class=1 jobs=12 rows=5737 cells=567456 reach=383730 reverse=567456 table_mib=19.2 mutable_mib=240.0 max_job_mib=35.8 oldest_ms=170.47 pack_ms=10.79 solve_ms=43.18
v5_device jobs=14 rows=5343 cells=451720 direct=true graph_reused=false upload_ms=16.51 capture_ms=3.74 queue_ms=46.46 gpu_ms=0.01 unpack_ms=2.41 total_ms=69.13
v5_service device=0 lane=0 class=1 jobs=14 rows=5343 cells=451720 reach=319046 reverse=451720 table_mib=16.3 mutable_mib=240.0 max_job_mib=37.0 oldest_ms=165.26 pack_ms=9.56 solve_ms=69.19
v5_device jobs=45 rows=9914 cells=627287 direct=true graph_reused=false upload_ms=12.03 capture_ms=3.85 queue_ms=49.68 gpu_ms=0.01 unpack_ms=4.49 total_ms=70.07
v5_service device=0 lane=2 class=0 jobs=45 rows=9914 cells=627287 reach=417018 reverse=627287 table_mib=23.8 mutable_mib=340.0 max_job_mib=10.3 oldest_ms=143.05 pack_ms=16.51 solve_ms=70.12
v5_device jobs=15 rows=6148 cells=446839 direct=true graph_reused=false upload_ms=6.18 capture_ms=4.05 queue_ms=36.15 gpu_ms=0.01 unpack_ms=2.54 total_ms=48.92
v5_service device=1 lane=1 class=1 jobs=15 rows=6148 cells=446839 reach=322626 reverse=446839 table_mib=16.3 mutable_mib=256.0 max_job_mib=35.8 oldest_ms=79.10 pack_ms=6.88 solve_ms=48.98
v5_device jobs=16 rows=7149 cells=571248 direct=true graph_reused=false upload_ms=7.81 capture_ms=3.21 queue_ms=47.98 gpu_ms=0.01 unpack_ms=3.37 total_ms=62.38
v5_service device=1 lane=0 class=1 jobs=16 rows=7149 cells=571248 reach=387918 reverse=571248 table_mib=20.4 mutable_mib=272.0 max_job_mib=36.2 oldest_ms=80.57 pack_ms=8.99 solve_ms=62.43
v5_device jobs=15 rows=6076 cells=501826 direct=true graph_reused=false upload_ms=9.71 capture_ms=5.60 queue_ms=26.49 gpu_ms=0.03 unpack_ms=3.01 total_ms=44.83
v5_service device=0 lane=1 class=1 jobs=15 rows=6076 cells=501826 reach=348217 reverse=501826 table_mib=17.7 mutable_mib=240.0 max_job_mib=18.8 oldest_ms=77.63 pack_ms=8.36 solve_ms=44.88
v5_device jobs=34 rows=7289 cells=608896 direct=true graph_reused=false upload_ms=10.51 capture_ms=3.35 queue_ms=44.71 gpu_ms=0.01 unpack_ms=2.70 total_ms=61.28
v5_service device=1 lane=2 class=0 jobs=34 rows=7289 cells=608896 reach=366801 reverse=608896 table_mib=21.1 mutable_mib=248.0 max_job_mib=9.8 oldest_ms=79.39 pack_ms=10.95 solve_ms=61.32
v5_device jobs=27 rows=6443 cells=730450 direct=true graph_reused=false upload_ms=12.63 capture_ms=4.20 queue_ms=57.61 gpu_ms=0.01 unpack_ms=3.19 total_ms=77.64
v5_service device=1 lane=0 class=0 jobs=27 rows=6443 cells=730450 reach=432671 reverse=730450 table_mib=24.5 mutable_mib=216.0 max_job_mib=11.1 oldest_ms=159.83 pack_ms=15.63 solve_ms=77.70
v5_device jobs=9 rows=4328 cells=288410 direct=true graph_reused=false upload_ms=3.65 capture_ms=3.58 queue_ms=23.46 gpu_ms=0.01 unpack_ms=1.58 total_ms=32.28
v5_service device=1 lane=2 class=1 jobs=9 rows=4328 cells=288410 reach=208952 reverse=288410 table_mib=10.6 mutable_mib=144.0 max_job_mib=19.0 oldest_ms=156.82 pack_ms=5.05 solve_ms=32.34
v5_device jobs=28 rows=6093 cells=567855 direct=true graph_reused=false upload_ms=8.38 capture_ms=3.77 queue_ms=47.96 gpu_ms=0.01 unpack_ms=3.19 total_ms=63.30
v5_service device=0 lane=2 class=0 jobs=28 rows=6093 cells=567855 reach=346813 reverse=567855 table_mib=19.5 mutable_mib=208.0 max_job_mib=10.9 oldest_ms=80.10 pack_ms=8.12 solve_ms=63.35
v5_device jobs=30 rows=6618 cells=491203 direct=true graph_reused=false upload_ms=13.19 capture_ms=4.14 queue_ms=51.03 gpu_ms=0.01 unpack_ms=3.08 total_ms=71.44
v5_service device=0 lane=0 class=0 jobs=30 rows=6618 cells=491203 reach=319674 reverse=491203 table_mib=18.0 mutable_mib=228.0 max_job_mib=10.2 oldest_ms=79.23 pack_ms=7.55 solve_ms=71.49
v5_device jobs=34 rows=8020 cells=776981 direct=true graph_reused=false upload_ms=11.60 capture_ms=3.05 queue_ms=75.86 gpu_ms=0.02 unpack_ms=5.00 total_ms=95.53
v5_service device=0 lane=1 class=0 jobs=34 rows=8020 cells=776981 reach=469321 reverse=776981 table_mib=26.7 mutable_mib=272.0 max_job_mib=10.9 oldest_ms=141.38 pack_ms=14.02 solve_ms=95.60
v5_device jobs=47 rows=10357 cells=753469 direct=true graph_reused=false upload_ms=15.92 capture_ms=3.35 queue_ms=86.73 gpu_ms=0.02 unpack_ms=6.70 total_ms=112.72
v5_service device=1 lane=1 class=0 jobs=47 rows=10357 cells=753469 reach=486034 reverse=753469 table_mib=27.9 mutable_mib=360.0 max_job_mib=10.3 oldest_ms=141.85 pack_ms=18.64 solve_ms=112.79
v5_device jobs=12 rows=4678 cells=504638 direct=true graph_reused=false upload_ms=10.39 capture_ms=3.58 queue_ms=49.30 gpu_ms=0.01 unpack_ms=2.23 total_ms=65.51
v5_service device=0 lane=2 class=1 jobs=12 rows=4678 cells=504638 reach=340067 reverse=504638 table_mib=16.9 mutable_mib=192.0 max_job_mib=19.3 oldest_ms=158.22 pack_ms=11.59 solve_ms=65.57
v5_device jobs=17 rows=6703 cells=578634 direct=true graph_reused=false upload_ms=21.35 capture_ms=4.68 queue_ms=38.75 gpu_ms=0.02 unpack_ms=4.06 total_ms=68.86
v5_service device=0 lane=0 class=1 jobs=17 rows=6703 cells=578634 reach=395601 reverse=578634 table_mib=20.4 mutable_mib=272.0 max_job_mib=19.3 oldest_ms=165.18 pack_ms=11.99 solve_ms=68.92
v5_device jobs=11 rows=5185 cells=457870 direct=true graph_reused=false upload_ms=5.12 capture_ms=3.24 queue_ms=22.48 gpu_ms=0.01 unpack_ms=2.43 total_ms=33.29
v5_service device=1 lane=0 class=1 jobs=11 rows=5185 cells=457870 reach=294021 reverse=457870 table_mib=15.6 mutable_mib=192.0 max_job_mib=34.9 oldest_ms=79.46 pack_ms=6.36 solve_ms=33.35
v5_device jobs=31 rows=7031 cells=538980 direct=true graph_reused=false upload_ms=9.67 capture_ms=3.48 queue_ms=30.95 gpu_ms=0.01 unpack_ms=2.87 total_ms=46.97
v5_service device=0 lane=1 class=0 jobs=31 rows=7031 cells=538980 reach=336404 reverse=538980 table_mib=19.6 mutable_mib=236.0 max_job_mib=10.2 oldest_ms=80.38 pack_ms=10.24 solve_ms=47.03
v5_device jobs=33 rows=7035 cells=688592 direct=true graph_reused=false upload_ms=9.85 capture_ms=3.74 queue_ms=46.53 gpu_ms=0.01 unpack_ms=4.20 total_ms=64.33
v5_service device=1 lane=1 class=0 jobs=33 rows=7035 cells=688592 reach=409484 reverse=688592 table_mib=23.8 mutable_mib=252.0 max_job_mib=10.7 oldest_ms=81.11 pack_ms=11.16 solve_ms=64.40
v5_device jobs=27 rows=5897 cells=473061 direct=true graph_reused=false upload_ms=7.80 capture_ms=4.27 queue_ms=46.08 gpu_ms=0.02 unpack_ms=3.44 total_ms=61.60
v5_service device=1 lane=0 class=0 jobs=27 rows=5897 cells=473061 reach=286822 reverse=473061 table_mib=17.0 mutable_mib=208.0 max_job_mib=10.9 oldest_ms=123.98 pack_ms=9.65 solve_ms=61.67
v5_device jobs=50 rows=10769 cells=651018 direct=true graph_reused=false upload_ms=11.59 capture_ms=3.50 queue_ms=72.15 gpu_ms=0.01 unpack_ms=4.62 total_ms=91.87
v5_service device=1 lane=2 class=0 jobs=50 rows=10769 cells=651018 reach=392792 reverse=651018 table_mib=23.9 mutable_mib=372.0 max_job_mib=9.8 oldest_ms=78.35 pack_ms=10.99 solve_ms=91.91
v5_device jobs=10 rows=3996 cells=359523 direct=true graph_reused=false upload_ms=5.42 capture_ms=4.09 queue_ms=27.88 gpu_ms=0.01 unpack_ms=1.73 total_ms=39.12
v5_service device=1 lane=1 class=1 jobs=10 rows=3996 cells=359523 reach=227910 reverse=359523 table_mib=12.4 mutable_mib=160.0 max_job_mib=20.1 oldest_ms=163.71 pack_ms=8.02 solve_ms=39.18
v5_device jobs=11 rows=5448 cells=290334 direct=true graph_reused=false upload_ms=4.52 capture_ms=4.03 queue_ms=27.35 gpu_ms=0.01 unpack_ms=1.59 total_ms=37.48
v5_service device=1 lane=2 class=1 jobs=11 rows=5448 cells=290334 reach=192879 reverse=290334 table_mib=10.7 mutable_mib=192.0 max_job_mib=36.8 oldest_ms=189.24 pack_ms=7.26 solve_ms=37.53
v5_device jobs=13 rows=5101 cells=449569 direct=true graph_reused=false upload_ms=7.82 capture_ms=3.74 queue_ms=73.69 gpu_ms=0.01 unpack_ms=2.57 total_ms=87.82
v5_service device=0 lane=0 class=1 jobs=13 rows=5101 cells=449569 reach=308728 reverse=449569 table_mib=16.1 mutable_mib=208.0 max_job_mib=19.9 oldest_ms=78.27 pack_ms=7.20 solve_ms=87.88
v5_device jobs=50 rows=10790 cells=720793 direct=true graph_reused=false upload_ms=16.85 capture_ms=4.37 queue_ms=69.29 gpu_ms=0.02 unpack_ms=4.46 total_ms=94.99
v5_service device=0 lane=2 class=0 jobs=50 rows=10790 cells=720793 reach=424224 reverse=720793 table_mib=25.7 mutable_mib=344.0 max_job_mib=10.2 oldest_ms=78.06 pack_ms=13.00 solve_ms=95.04
v5_device jobs=21 rows=8668 cells=875985 direct=true graph_reused=false upload_ms=20.84 capture_ms=4.53 queue_ms=64.13 gpu_ms=0.01 unpack_ms=5.76 total_ms=95.27
v5_service device=0 lane=1 class=1 jobs=21 rows=8668 cells=875985 reach=590356 reverse=875985 table_mib=29.8 mutable_mib=336.0 max_job_mib=20.4 oldest_ms=147.96 pack_ms=15.45 solve_ms=95.32
v5_device jobs=12 rows=5590 cells=342503 direct=true graph_reused=false upload_ms=7.69 capture_ms=5.84 queue_ms=19.29 gpu_ms=0.01 unpack_ms=1.84 total_ms=34.66
v5_service device=1 lane=0 class=1 jobs=12 rows=5590 cells=342503 reach=242788 reverse=342503 table_mib=12.7 mutable_mib=208.0 max_job_mib=34.6 oldest_ms=79.33 pack_ms=6.28 solve_ms=34.72
v5_device jobs=15 rows=5896 cells=544055 direct=true graph_reused=false upload_ms=7.15 capture_ms=3.28 queue_ms=57.15 gpu_ms=0.01 unpack_ms=2.55 total_ms=70.14
v5_service device=0 lane=2 class=1 jobs=15 rows=5896 cells=544055 reach=343926 reverse=544055 table_mib=18.1 mutable_mib=240.0 max_job_mib=20.2 oldest_ms=195.88 pack_ms=9.70 solve_ms=70.20
v5_device jobs=1 rows=2225 cells=28910 direct=true graph_reused=false upload_ms=0.77 capture_ms=4.22 queue_ms=7.17 gpu_ms=0.01 unpack_ms=0.23 total_ms=12.39
v5_service device=0 lane=2 class=2 jobs=1 rows=2225 cells=28910 reach=25865 reverse=28910 table_mib=1.9 mutable_mib=64.0 max_job_mib=67.5 oldest_ms=219.33 pack_ms=1.18 solve_ms=12.45
v5_device jobs=40 rows=8785 cells=814642 direct=true graph_reused=false upload_ms=27.61 capture_ms=3.87 queue_ms=54.87 gpu_ms=0.01 unpack_ms=5.30 total_ms=91.66
v5_service device=0 lane=0 class=0 jobs=40 rows=8785 cells=814642 reach=494243 reverse=814642 table_mib=28.4 mutable_mib=304.0 max_job_mib=10.9 oldest_ms=180.07 pack_ms=17.21 solve_ms=91.71
v5_device jobs=37 rows=8665 cells=548734 direct=true graph_reused=false upload_ms=7.78 capture_ms=3.02 queue_ms=49.84 gpu_ms=0.01 unpack_ms=2.91 total_ms=63.56
v5_service device=1 lane=0 class=0 jobs=37 rows=8665 cells=548734 reach=343439 reverse=548734 table_mib=19.9 mutable_mib=272.0 max_job_mib=10.1 oldest_ms=123.99 pack_ms=9.44 solve_ms=63.60
v5_device jobs=57 rows=12806 cells=496683 direct=true graph_reused=false upload_ms=9.03 capture_ms=3.63 queue_ms=53.45 gpu_ms=0.01 unpack_ms=3.53 total_ms=69.66
v5_service device=1 lane=2 class=0 jobs=57 rows=12806 cells=496683 reach=318174 reverse=496683 table_mib=19.9 mutable_mib=396.0 max_job_mib=9.5 oldest_ms=81.04 pack_ms=11.33 solve_ms=69.71
v5_device jobs=34 rows=7700 cells=572969 direct=true graph_reused=false upload_ms=8.40 capture_ms=4.11 queue_ms=58.83 gpu_ms=0.02 unpack_ms=3.47 total_ms=74.83
v5_service device=1 lane=1 class=0 jobs=34 rows=7700 cells=572969 reach=348869 reverse=572969 table_mib=20.2 mutable_mib=252.0 max_job_mib=10.0 oldest_ms=80.98 pack_ms=9.71 solve_ms=74.87
v5_device jobs=50 rows=10220 cells=593664 direct=true graph_reused=false upload_ms=10.12 capture_ms=3.23 queue_ms=37.05 gpu_ms=0.02 unpack_ms=3.86 total_ms=54.28
v5_service device=0 lane=1 class=0 jobs=50 rows=10220 cells=593664 reach=368106 reverse=593664 table_mib=22.4 mutable_mib=364.0 max_job_mib=10.0 oldest_ms=78.65 pack_ms=10.82 solve_ms=54.33
v5_device jobs=11 rows=4133 cells=259117 direct=true graph_reused=false upload_ms=4.07 capture_ms=3.81 queue_ms=15.85 gpu_ms=0.01 unpack_ms=1.43 total_ms=25.18
v5_service device=1 lane=2 class=1 jobs=11 rows=4133 cells=259117 reach=169561 reverse=259117 table_mib=9.2 mutable_mib=176.0 max_job_mib=17.8 oldest_ms=167.22 pack_ms=6.26 solve_ms=25.23
v5_device jobs=8 rows=3106 cells=295593 direct=true graph_reused=false upload_ms=4.38 capture_ms=5.30 queue_ms=17.69 gpu_ms=0.01 unpack_ms=1.57 total_ms=28.94
v5_service device=0 lane=1 class=1 jobs=8 rows=3106 cells=295593 reach=189837 reverse=295593 table_mib=10.3 mutable_mib=128.0 max_job_mib=18.6 oldest_ms=149.85 pack_ms=5.51 solve_ms=29.00
v5_device jobs=17 rows=6906 cells=703301 direct=true graph_reused=false upload_ms=12.94 capture_ms=3.71 queue_ms=31.25 gpu_ms=0.01 unpack_ms=3.78 total_ms=51.70
v5_service device=1 lane=1 class=1 jobs=17 rows=6906 cells=703301 reach=468630 reverse=703301 table_mib=23.5 mutable_mib=272.0 max_job_mib=19.7 oldest_ms=173.36 pack_ms=15.00 solve_ms=51.76
v5_device jobs=45 rows=9046 cells=459778 direct=true graph_reused=false upload_ms=7.84 capture_ms=3.35 queue_ms=24.35 gpu_ms=0.01 unpack_ms=2.42 total_ms=37.96
v5_service device=1 lane=0 class=0 jobs=45 rows=9046 cells=459778 reach=274709 reverse=459778 table_mib=17.1 mutable_mib=300.0 max_job_mib=9.4 oldest_ms=78.59 pack_ms=10.45 solve_ms=38.02
v5_device jobs=33 rows=7040 cells=399441 direct=true graph_reused=false upload_ms=7.14 capture_ms=3.63 queue_ms=36.90 gpu_ms=0.01 unpack_ms=2.47 total_ms=50.15
v5_service device=0 lane=2 class=0 jobs=33 rows=7040 cells=399441 reach=235790 reverse=399441 table_mib=14.7 mutable_mib=228.0 max_job_mib=9.6 oldest_ms=81.29 pack_ms=7.58 solve_ms=50.19
v5_device jobs=33 rows=6891 cells=369469 direct=true graph_reused=false upload_ms=4.90 capture_ms=3.98 queue_ms=29.11 gpu_ms=0.01 unpack_ms=2.21 total_ms=40.22
v5_service device=0 lane=0 class=0 jobs=33 rows=6891 cells=369469 reach=228856 reverse=369469 table_mib=13.9 mutable_mib=248.0 max_job_mib=9.8 oldest_ms=82.96 pack_ms=7.19 solve_ms=40.26
v5_device jobs=3 rows=1311 cells=85494 direct=true graph_reused=false upload_ms=1.12 capture_ms=3.63 queue_ms=8.46 gpu_ms=0.01 unpack_ms=0.41 total_ms=13.63
v5_service device=0 lane=2 class=1 jobs=3 rows=1311 cells=85494 reach=49010 reverse=85494 table_mib=2.9 mutable_mib=48.0 max_job_mib=18.1 oldest_ms=141.62 pack_ms=1.64 solve_ms=13.68
v5_device jobs=5 rows=2203 cells=287573 direct=true graph_reused=false upload_ms=5.07 capture_ms=4.44 queue_ms=15.26 gpu_ms=0.01 unpack_ms=1.12 total_ms=25.89
v5_service device=0 lane=0 class=1 jobs=5 rows=2203 cells=287573 reach=194581 reverse=287573 table_mib=9.4 mutable_mib=80.0 max_job_mib=20.0 oldest_ms=135.20 pack_ms=5.66 solve_ms=25.96
v5_device jobs=8 rows=3531 cells=259979 direct=true graph_reused=false upload_ms=6.72 capture_ms=3.87 queue_ms=24.59 gpu_ms=0.01 unpack_ms=1.24 total_ms=36.43
v5_service device=1 lane=0 class=1 jobs=8 rows=3531 cells=259979 reach=150081 reverse=259979 table_mib=8.9 mutable_mib=144.0 max_job_mib=34.9 oldest_ms=133.39 pack_ms=6.43 solve_ms=36.49
v5_device jobs=40 rows=8025 cells=365606 direct=true graph_reused=false upload_ms=8.21 capture_ms=3.92 queue_ms=26.32 gpu_ms=0.01 unpack_ms=2.17 total_ms=40.64
v5_service device=1 lane=2 class=0 jobs=40 rows=8025 cells=365606 reach=218237 reverse=365606 table_mib=13.8 mutable_mib=244.0 max_job_mib=9.6 oldest_ms=78.83 pack_ms=8.95 solve_ms=40.69
v5_device jobs=34 rows=6976 cells=285143 direct=true graph_reused=false upload_ms=4.24 capture_ms=4.07 queue_ms=22.32 gpu_ms=0.01 unpack_ms=1.82 total_ms=32.47
v5_service device=1 lane=1 class=0 jobs=34 rows=6976 cells=285143 reach=184941 reverse=285143 table_mib=11.7 mutable_mib=232.0 max_job_mib=9.5 oldest_ms=78.04 pack_ms=5.76 solve_ms=32.53
v5_device jobs=6 rows=2473 cells=145355 direct=true graph_reused=false upload_ms=1.69 capture_ms=3.56 queue_ms=15.84 gpu_ms=0.01 unpack_ms=0.67 total_ms=21.76
v5_service device=1 lane=2 class=1 jobs=6 rows=2473 cells=145355 reach=94582 reverse=145355 table_mib=5.1 mutable_mib=96.0 max_job_mib=18.2 oldest_ms=131.95 pack_ms=2.72 solve_ms=21.80
v5_device jobs=43 rows=9822 cells=535014 direct=true graph_reused=false upload_ms=9.12 capture_ms=4.92 queue_ms=24.55 gpu_ms=0.01 unpack_ms=3.31 total_ms=41.92
v5_service device=0 lane=1 class=0 jobs=43 rows=9822 cells=535014 reach=319664 reverse=535014 table_mib=19.5 mutable_mib=312.0 max_job_mib=9.8 oldest_ms=80.16 pack_ms=9.39 solve_ms=41.98
v5_device jobs=11 rows=5044 cells=326434 direct=true graph_reused=false upload_ms=4.65 capture_ms=3.55 queue_ms=20.32 gpu_ms=0.01 unpack_ms=1.72 total_ms=30.25
v5_service device=1 lane=1 class=1 jobs=11 rows=5044 cells=326434 reach=214998 reverse=326434 table_mib=11.9 mutable_mib=176.0 max_job_mib=19.2 oldest_ms=118.83 pack_ms=5.86 solve_ms=30.31
v5_device jobs=33 rows=7194 cells=326653 direct=true graph_reused=false upload_ms=4.53 capture_ms=3.45 queue_ms=31.28 gpu_ms=0.01 unpack_ms=1.74 total_ms=41.01
v5_service device=0 lane=2 class=0 jobs=33 rows=7194 cells=326653 reach=193823 reverse=326653 table_mib=12.5 mutable_mib=232.0 max_job_mib=9.3 oldest_ms=79.96 pack_ms=6.98 solve_ms=41.06
v5_device jobs=16 rows=6850 cells=295827 direct=true graph_reused=false upload_ms=4.05 capture_ms=4.01 queue_ms=27.02 gpu_ms=0.01 unpack_ms=1.91 total_ms=37.00
v5_service device=0 lane=0 class=1 jobs=16 rows=6850 cells=295827 reach=203758 reverse=295827 table_mib=11.6 mutable_mib=256.0 max_job_mib=18.4 oldest_ms=76.61 pack_ms=5.34 solve_ms=37.06
v5_device jobs=13 rows=5923 cells=389610 direct=true graph_reused=false upload_ms=5.78 capture_ms=3.44 queue_ms=54.09 gpu_ms=0.02 unpack_ms=2.99 total_ms=66.32
v5_service device=0 lane=1 class=1 jobs=13 rows=5923 cells=389610 reach=262188 reverse=389610 table_mib=13.9 mutable_mib=224.0 max_job_mib=33.7 oldest_ms=137.52 pack_ms=7.68 solve_ms=66.39
v5_device jobs=41 rows=8541 cells=409538 direct=true graph_reused=false upload_ms=5.42 capture_ms=3.18 queue_ms=22.16 gpu_ms=0.01 unpack_ms=2.21 total_ms=32.98
v5_service device=1 lane=0 class=0 jobs=41 rows=8541 cells=409538 reach=254011 reverse=409538 table_mib=15.4 mutable_mib=284.0 max_job_mib=10.0 oldest_ms=78.35 pack_ms=7.16 solve_ms=33.02
v5_device jobs=7 rows=3063 cells=192124 direct=true graph_reused=false upload_ms=2.84 capture_ms=3.57 queue_ms=14.37 gpu_ms=0.02 unpack_ms=1.08 total_ms=21.88
v5_service device=0 lane=2 class=1 jobs=7 rows=3063 cells=192124 reach=128886 reverse=192124 table_mib=6.8 mutable_mib=112.0 max_job_mib=18.2 oldest_ms=125.64 pack_ms=3.83 solve_ms=21.93
v5_device jobs=51 rows=11374 cells=562242 direct=true graph_reused=false upload_ms=11.27 capture_ms=4.09 queue_ms=35.32 gpu_ms=0.01 unpack_ms=2.65 total_ms=53.34
v5_service device=1 lane=2 class=0 jobs=51 rows=11374 cells=562242 reach=338521 reverse=562242 table_mib=21.1 mutable_mib=368.0 max_job_mib=9.4 oldest_ms=81.46 pack_ms=11.33 solve_ms=53.39
v5_device jobs=10 rows=3875 cells=168505 direct=true graph_reused=false upload_ms=5.85 capture_ms=4.01 queue_ms=53.84 gpu_ms=0.02 unpack_ms=1.04 total_ms=64.76
v5_service device=1 lane=0 class=1 jobs=10 rows=3875 cells=168505 reach=110703 reverse=168505 table_mib=6.4 mutable_mib=160.0 max_job_mib=17.9 oldest_ms=124.52 pack_ms=3.69 solve_ms=64.83
v5_device jobs=56 rows=11386 cells=443737 direct=true graph_reused=false upload_ms=7.29 capture_ms=3.37 queue_ms=29.90 gpu_ms=0.01 unpack_ms=2.79 total_ms=43.36
v5_service device=1 lane=1 class=0 jobs=56 rows=11386 cells=443737 reach=274415 reverse=443737 table_mib=17.8 mutable_mib=368.0 max_job_mib=9.4 oldest_ms=77.75 pack_ms=8.07 solve_ms=43.42
v5_device jobs=8 rows=3753 cells=244899 direct=true graph_reused=false upload_ms=2.88 capture_ms=3.68 queue_ms=14.07 gpu_ms=0.01 unpack_ms=1.16 total_ms=21.81
v5_service device=1 lane=2 class=1 jobs=8 rows=3753 cells=244899 reach=146352 reverse=244899 table_mib=8.6 mutable_mib=128.0 max_job_mib=18.1 oldest_ms=148.58 pack_ms=4.17 solve_ms=21.85
v5_device jobs=11 rows=4289 cells=395808 direct=true graph_reused=false upload_ms=5.37 capture_ms=3.67 queue_ms=21.27 gpu_ms=0.01 unpack_ms=1.71 total_ms=32.03
v5_service device=1 lane=1 class=1 jobs=11 rows=4289 cells=395808 reach=237188 reverse=395808 table_mib=13.3 mutable_mib=176.0 max_job_mib=19.9 oldest_ms=136.95 pack_ms=7.62 solve_ms=32.08
v5_device jobs=85 rows=18053 cells=933564 direct=true graph_reused=false upload_ms=33.04 capture_ms=3.09 queue_ms=64.76 gpu_ms=0.01 unpack_ms=6.66 total_ms=107.56
v5_service device=0 lane=0 class=0 jobs=85 rows=18053 cells=933564 reach=551261 reverse=933564 table_mib=34.8 mutable_mib=620.0 max_job_mib=10.6 oldest_ms=127.84 pack_ms=23.81 solve_ms=107.62
v5_device jobs=38 rows=8309 cells=426219 direct=true graph_reused=false upload_ms=8.49 capture_ms=3.45 queue_ms=36.72 gpu_ms=0.01 unpack_ms=2.60 total_ms=51.27
v5_service device=0 lane=2 class=0 jobs=38 rows=8309 cells=426219 reach=251010 reverse=426219 table_mib=15.8 mutable_mib=260.0 max_job_mib=9.6 oldest_ms=78.89 pack_ms=9.26 solve_ms=51.33
v5_device jobs=42 rows=9589 cells=545230 direct=true graph_reused=false upload_ms=12.47 capture_ms=3.66 queue_ms=39.23 gpu_ms=0.01 unpack_ms=3.07 total_ms=58.45
v5_service device=0 lane=1 class=0 jobs=42 rows=9589 cells=545230 reach=312122 reverse=545230 table_mib=19.6 mutable_mib=304.0 max_job_mib=10.3 oldest_ms=83.83 pack_ms=13.60 solve_ms=58.50
v5_device jobs=1 rows=1920 cells=77680 direct=true graph_reused=false upload_ms=1.26 capture_ms=4.55 queue_ms=9.67 gpu_ms=0.01 unpack_ms=0.30 total_ms=15.80
v5_service device=0 lane=0 class=2 jobs=1 rows=1920 cells=77680 reach=64268 reverse=77680 table_mib=3.3 mutable_mib=64.0 max_job_mib=69.7 oldest_ms=264.04 pack_ms=1.88 solve_ms=15.84
v5_device jobs=10 rows=4175 cells=246735 direct=true graph_reused=false upload_ms=5.24 capture_ms=3.74 queue_ms=22.52 gpu_ms=0.01 unpack_ms=1.12 total_ms=32.63
v5_service device=0 lane=1 class=1 jobs=10 rows=4175 cells=246735 reach=157797 reverse=246735 table_mib=8.9 mutable_mib=160.0 max_job_mib=18.6 oldest_ms=160.97 pack_ms=5.02 solve_ms=32.69
v5_device jobs=10 rows=4835 cells=260267 direct=true graph_reused=false upload_ms=6.64 capture_ms=3.57 queue_ms=22.35 gpu_ms=0.01 unpack_ms=1.30 total_ms=33.86
v5_service device=0 lane=2 class=1 jobs=10 rows=4835 cells=260267 reach=173260 reverse=260267 table_mib=9.5 mutable_mib=176.0 max_job_mib=34.2 oldest_ms=138.70 pack_ms=5.96 solve_ms=33.91
v5_device jobs=39 rows=8262 cells=407568 direct=true graph_reused=false upload_ms=6.38 capture_ms=3.43 queue_ms=35.43 gpu_ms=0.01 unpack_ms=2.12 total_ms=47.37
v5_service device=1 lane=0 class=0 jobs=39 rows=8262 cells=407568 reach=239296 reverse=407568 table_mib=15.2 mutable_mib=276.0 max_job_mib=9.3 oldest_ms=81.18 pack_ms=10.60 solve_ms=47.42
v5_device jobs=35 rows=7703 cells=369063 direct=true graph_reused=false upload_ms=4.75 capture_ms=3.69 queue_ms=27.78 gpu_ms=0.01 unpack_ms=2.06 total_ms=38.31
v5_service device=1 lane=2 class=0 jobs=35 rows=7703 cells=369063 reach=229335 reverse=369063 table_mib=13.8 mutable_mib=238.0 max_job_mib=9.5 oldest_ms=80.99 pack_ms=6.97 solve_ms=38.36
v5_device jobs=5 rows=2123 cells=161773 direct=true graph_reused=false upload_ms=2.75 capture_ms=7.50 queue_ms=18.35 gpu_ms=0.01 unpack_ms=0.79 total_ms=29.40
v5_service device=1 lane=0 class=1 jobs=5 rows=2123 cells=161773 reach=100163 reverse=161773 table_mib=5.6 mutable_mib=80.0 max_job_mib=18.6 oldest_ms=141.46 pack_ms=3.99 solve_ms=29.45
v5_device jobs=8 rows=3502 cells=154291 direct=true graph_reused=false upload_ms=2.17 capture_ms=3.76 queue_ms=25.48 gpu_ms=0.01 unpack_ms=1.00 total_ms=32.41
v5_service device=1 lane=2 class=1 jobs=8 rows=3502 cells=154291 reach=104581 reverse=154291 table_mib=6.0 mutable_mib=128.0 max_job_mib=17.5 oldest_ms=131.42 pack_ms=3.32 solve_ms=32.47
v5_device jobs=37 rows=8203 cells=319863 direct=true graph_reused=false upload_ms=5.31 capture_ms=3.63 queue_ms=31.22 gpu_ms=0.01 unpack_ms=2.14 total_ms=42.31
v5_service device=1 lane=1 class=0 jobs=37 rows=8203 cells=319863 reach=201610 reverse=319863 table_mib=12.6 mutable_mib=248.0 max_job_mib=9.2 oldest_ms=79.78 pack_ms=6.02 solve_ms=42.35
v5_device jobs=11 rows=5571 cells=326149 direct=true graph_reused=false upload_ms=4.16 capture_ms=3.57 queue_ms=17.37 gpu_ms=0.01 unpack_ms=1.41 total_ms=26.52
v5_service device=1 lane=1 class=1 jobs=11 rows=5571 cells=326149 reach=212749 reverse=326149 table_mib=11.7 mutable_mib=192.0 max_job_mib=38.6 oldest_ms=133.59 pack_ms=5.62 solve_ms=26.57
v5_device jobs=13 rows=5654 cells=254128 direct=true graph_reused=false upload_ms=3.66 capture_ms=3.80 queue_ms=26.70 gpu_ms=0.01 unpack_ms=1.21 total_ms=35.38
v5_service device=0 lane=2 class=1 jobs=13 rows=5654 cells=254128 reach=168357 reverse=254128 table_mib=9.6 mutable_mib=208.0 max_job_mib=18.3 oldest_ms=76.35 pack_ms=4.77 solve_ms=35.43
v5_device jobs=58 rows=12380 cells=476406 direct=true graph_reused=false upload_ms=18.11 capture_ms=3.55 queue_ms=51.58 gpu_ms=0.01 unpack_ms=2.97 total_ms=76.21
v5_service device=0 lane=0 class=0 jobs=58 rows=12380 cells=476406 reach=295116 reverse=476406 table_mib=19.2 mutable_mib=408.0 max_job_mib=9.4 oldest_ms=79.83 pack_ms=9.48 solve_ms=76.26
v5_device jobs=50 rows=10727 cells=521412 direct=true graph_reused=false upload_ms=7.56 capture_ms=3.19 queue_ms=32.57 gpu_ms=0.02 unpack_ms=3.24 total_ms=46.58
v5_service device=0 lane=1 class=0 jobs=50 rows=10727 cells=521412 reach=311672 reverse=521412 table_mib=19.6 mutable_mib=360.0 max_job_mib=9.3 oldest_ms=79.40 pack_ms=10.37 solve_ms=46.63
v5_device jobs=12 rows=5230 cells=301135 direct=true graph_reused=false upload_ms=4.83 capture_ms=4.57 queue_ms=27.41 gpu_ms=0.02 unpack_ms=1.45 total_ms=38.28
v5_service device=0 lane=0 class=1 jobs=12 rows=5230 cells=301135 reach=189174 reverse=301135 table_mib=10.8 mutable_mib=208.0 max_job_mib=33.5 oldest_ms=171.94 pack_ms=5.51 solve_ms=38.34
v5_device jobs=6 rows=2577 cells=63017 direct=true graph_reused=false upload_ms=1.27 capture_ms=3.76 queue_ms=55.70 gpu_ms=0.01 unpack_ms=0.53 total_ms=61.28
v5_service device=0 lane=1 class=1 jobs=6 rows=2577 cells=63017 reach=46494 reverse=63017 table_mib=3.0 mutable_mib=96.0 max_job_mib=17.6 oldest_ms=140.19 pack_ms=1.88 solve_ms=61.33
v5_device jobs=88 rows=18664 cells=871915 direct=true graph_reused=false upload_ms=19.39 capture_ms=3.67 queue_ms=43.58 gpu_ms=0.01 unpack_ms=4.53 total_ms=71.18
v5_service device=0 lane=2 class=0 jobs=88 rows=18664 cells=871915 reach=528046 reverse=871915 table_mib=33.0 mutable_mib=580.0 max_job_mib=9.4 oldest_ms=123.01 pack_ms=20.44 solve_ms=71.24
v5_device jobs=43 rows=10105 cells=477639 direct=true graph_reused=false upload_ms=9.06 capture_ms=3.77 queue_ms=63.17 gpu_ms=0.01 unpack_ms=3.00 total_ms=79.02
v5_service device=1 lane=2 class=0 jobs=43 rows=10105 cells=477639 reach=293346 reverse=477639 table_mib=18.0 mutable_mib=308.0 max_job_mib=9.3 oldest_ms=81.06 pack_ms=12.23 solve_ms=79.07
v5_device jobs=46 rows=9286 cells=540258 direct=true graph_reused=false upload_ms=6.65 capture_ms=3.31 queue_ms=33.97 gpu_ms=0.01 unpack_ms=3.17 total_ms=47.11
v5_service device=1 lane=1 class=0 jobs=46 rows=9286 cells=540258 reach=303333 reverse=540258 table_mib=19.4 mutable_mib=320.0 max_job_mib=9.4 oldest_ms=79.33 pack_ms=8.44 solve_ms=47.15
v5_device jobs=54 rows=11336 cells=468225 direct=true graph_reused=false upload_ms=10.57 capture_ms=4.03 queue_ms=61.47 gpu_ms=0.01 unpack_ms=3.47 total_ms=79.55
v5_service device=1 lane=0 class=0 jobs=54 rows=11336 cells=468225 reach=287067 reverse=468225 table_mib=18.3 mutable_mib=368.0 max_job_mib=9.4 oldest_ms=81.82 pack_ms=15.84 solve_ms=79.63
v5_device jobs=8 rows=3051 cells=128074 direct=true graph_reused=false upload_ms=2.18 capture_ms=3.60 queue_ms=21.68 gpu_ms=0.01 unpack_ms=0.77 total_ms=28.23
v5_service device=1 lane=1 class=1 jobs=8 rows=3051 cells=128074 reach=83705 reverse=128074 table_mib=5.0 mutable_mib=128.0 max_job_mib=17.4 oldest_ms=139.95 pack_ms=2.88 solve_ms=28.28
v5_device jobs=10 rows=4243 cells=281697 direct=true graph_reused=false upload_ms=3.88 capture_ms=3.67 queue_ms=17.82 gpu_ms=0.01 unpack_ms=1.34 total_ms=26.73
v5_service device=1 lane=2 class=1 jobs=10 rows=4243 cells=281697 reach=178796 reverse=281697 table_mib=9.9 mutable_mib=160.0 max_job_mib=18.4 oldest_ms=178.68 pack_ms=6.53 solve_ms=26.77
v5_device jobs=16 rows=6656 cells=331414 direct=true graph_reused=false upload_ms=4.53 capture_ms=3.59 queue_ms=20.65 gpu_ms=0.01 unpack_ms=1.74 total_ms=30.54
v5_service device=0 lane=0 class=1 jobs=16 rows=6656 cells=331414 reach=209230 reverse=331414 table_mib=12.3 mutable_mib=256.0 max_job_mib=17.9 oldest_ms=77.53 pack_ms=6.48 solve_ms=30.60
v5_device jobs=10 rows=5416 cells=331028 direct=true graph_reused=false upload_ms=7.19 capture_ms=6.89 queue_ms=15.65 gpu_ms=0.02 unpack_ms=1.97 total_ms=31.73
v5_service device=1 lane=0 class=1 jobs=10 rows=5416 cells=331028 reach=182870 reverse=331028 table_mib=11.4 mutable_mib=192.0 max_job_mib=36.0 oldest_ms=187.49 pack_ms=11.28 solve_ms=31.79
v5_device jobs=41 rows=9058 cells=381731 direct=true graph_reused=false upload_ms=5.70 capture_ms=3.52 queue_ms=31.34 gpu_ms=0.01 unpack_ms=2.16 total_ms=42.73
v5_service device=0 lane=2 class=0 jobs=41 rows=9058 cells=381731 reach=230764 reverse=381731 table_mib=15.0 mutable_mib=308.0 max_job_mib=9.2 oldest_ms=80.58 pack_ms=8.67 solve_ms=42.78
v5_device jobs=41 rows=9259 cells=517582 direct=true graph_reused=false upload_ms=9.08 capture_ms=3.63 queue_ms=44.82 gpu_ms=0.01 unpack_ms=3.11 total_ms=60.65
v5_service device=0 lane=1 class=0 jobs=41 rows=9259 cells=517582 reach=304561 reverse=517582 table_mib=18.8 mutable_mib=308.0 max_job_mib=9.6 oldest_ms=78.11 pack_ms=11.69 solve_ms=60.71
v5_device jobs=3 rows=1980 cells=109844 direct=true graph_reused=false upload_ms=1.94 capture_ms=5.64 queue_ms=19.92 gpu_ms=0.01 unpack_ms=0.57 total_ms=28.09
v5_service device=0 lane=1 class=1 jobs=3 rows=1980 cells=109844 reach=79764 reverse=109844 table_mib=4.0 mutable_mib=80.0 max_job_mib=35.6 oldest_ms=153.85 pack_ms=4.03 solve_ms=28.13
v5_device jobs=7 rows=3767 cells=147497 direct=true graph_reused=false upload_ms=2.89 capture_ms=4.36 queue_ms=26.54 gpu_ms=0.01 unpack_ms=0.89 total_ms=34.67
v5_service device=0 lane=2 class=1 jobs=7 rows=3767 cells=147497 reach=93479 reverse=147497 table_mib=5.9 mutable_mib=128.0 max_job_mib=34.0 oldest_ms=129.79 pack_ms=3.00 solve_ms=34.71
v5_device jobs=65 rows=15311 cells=758120 direct=true graph_reused=false upload_ms=26.18 capture_ms=3.62 queue_ms=50.54 gpu_ms=0.01 unpack_ms=5.54 total_ms=85.89
v5_service device=0 lane=0 class=0 jobs=65 rows=15311 cells=758120 reach=461678 reverse=758120 table_mib=28.5 mutable_mib=476.0 max_job_mib=9.6 oldest_ms=125.55 pack_ms=18.32 solve_ms=85.95
v5_device jobs=33 rows=7142 cells=370519 direct=true graph_reused=false upload_ms=7.66 capture_ms=3.93 queue_ms=39.57 gpu_ms=0.01 unpack_ms=2.21 total_ms=53.39
v5_service device=1 lane=1 class=0 jobs=33 rows=7142 cells=370519 reach=217345 reverse=370519 table_mib=13.6 mutable_mib=224.0 max_job_mib=9.5 oldest_ms=80.42 pack_ms=7.84 solve_ms=53.44
v5_device jobs=8 rows=4043 cells=214408 direct=true graph_reused=false upload_ms=2.81 capture_ms=4.33 queue_ms=29.10 gpu_ms=0.02 unpack_ms=1.65 total_ms=37.90
v5_service device=1 lane=0 class=1 jobs=8 rows=4043 cells=214408 reach=135081 reverse=214408 table_mib=8.0 mutable_mib=160.0 max_job_mib=34.5 oldest_ms=78.12 pack_ms=3.79 solve_ms=37.95
v5_device jobs=34 rows=7500 cells=398186 direct=true graph_reused=false upload_ms=9.78 capture_ms=3.64 queue_ms=39.78 gpu_ms=0.01 unpack_ms=2.38 total_ms=55.59
v5_service device=1 lane=2 class=0 jobs=34 rows=7500 cells=398186 reach=228802 reverse=398186 table_mib=14.5 mutable_mib=248.0 max_job_mib=9.2 oldest_ms=77.83 pack_ms=8.27 solve_ms=55.63
v5_device jobs=7 rows=2801 cells=94864 direct=true graph_reused=false upload_ms=1.38 capture_ms=3.45 queue_ms=9.41 gpu_ms=0.01 unpack_ms=0.63 total_ms=14.88
v5_service device=1 lane=1 class=1 jobs=7 rows=2801 cells=94864 reach=61378 reverse=94864 table_mib=3.9 mutable_mib=112.0 max_job_mib=17.8 oldest_ms=144.49 pack_ms=2.06 solve_ms=14.93
v5_device jobs=1 rows=1716 cells=110290 direct=true graph_reused=false upload_ms=1.29 capture_ms=3.55 queue_ms=25.57 gpu_ms=0.01 unpack_ms=0.26 total_ms=30.68
v5_service device=1 lane=1 class=2 jobs=1 rows=1716 cells=110290 reach=74665 reverse=110290 table_mib=3.7 mutable_mib=64.0 max_job_mib=69.3 oldest_ms=144.67 pack_ms=2.07 solve_ms=30.73
v5_device jobs=10 rows=5290 cells=348797 direct=true graph_reused=false upload_ms=5.07 capture_ms=3.95 queue_ms=22.46 gpu_ms=0.01 unpack_ms=1.56 total_ms=33.07
v5_service device=1 lane=2 class=1 jobs=10 rows=5290 cells=348797 reach=220456 reverse=348797 table_mib=12.1 mutable_mib=176.0 max_job_mib=34.2 oldest_ms=155.52 pack_ms=8.44 solve_ms=33.12
v5_device jobs=65 rows=15293 cells=777181 direct=true graph_reused=false upload_ms=15.41 capture_ms=4.29 queue_ms=36.77 gpu_ms=0.01 unpack_ms=3.69 total_ms=60.18
v5_service device=1 lane=0 class=0 jobs=65 rows=15293 cells=777181 reach=473828 reverse=777181 table_mib=28.7 mutable_mib=468.0 max_job_mib=10.3 oldest_ms=132.29 pack_ms=18.62 solve_ms=60.25
v5_device jobs=1 rows=1890 cells=57500 direct=true graph_reused=false upload_ms=0.92 capture_ms=5.57 queue_ms=3.55 gpu_ms=0.01 unpack_ms=0.16 total_ms=10.21
v5_service device=1 lane=0 class=2 jobs=1 rows=1890 cells=57500 reach=39112 reverse=57500 table_mib=2.3 mutable_mib=64.0 max_job_mib=67.2 oldest_ms=146.38 pack_ms=1.66 solve_ms=10.27
v5_device jobs=41 rows=9086 cells=446921 direct=true graph_reused=false upload_ms=6.59 capture_ms=3.29 queue_ms=38.57 gpu_ms=0.01 unpack_ms=2.38 total_ms=50.85
v5_service device=0 lane=1 class=0 jobs=41 rows=9086 cells=446921 reach=265471 reverse=446921 table_mib=16.7 mutable_mib=292.0 max_job_mib=9.7 oldest_ms=79.36 pack_ms=8.71 solve_ms=50.90
v5_device jobs=41 rows=8941 cells=430373 direct=true graph_reused=false upload_ms=6.74 capture_ms=3.19 queue_ms=35.80 gpu_ms=0.01 unpack_ms=2.60 total_ms=48.35
v5_service device=0 lane=2 class=0 jobs=41 rows=8941 cells=430373 reach=259721 reverse=430373 table_mib=16.2 mutable_mib=296.0 max_job_mib=9.4 oldest_ms=80.05 pack_ms=9.89 solve_ms=48.39
v5_device jobs=8 rows=4127 cells=239720 direct=true graph_reused=false upload_ms=4.10 capture_ms=5.58 queue_ms=33.03 gpu_ms=0.01 unpack_ms=1.04 total_ms=43.75
v5_service device=0 lane=1 class=1 jobs=8 rows=4127 cells=239720 reach=162556 reverse=239720 table_mib=8.5 mutable_mib=144.0 max_job_mib=35.1 oldest_ms=145.40 pack_ms=6.42 solve_ms=43.80
v5_device jobs=9 rows=4148 cells=208160 direct=true graph_reused=false upload_ms=3.53 capture_ms=4.17 queue_ms=38.41 gpu_ms=0.01 unpack_ms=1.25 total_ms=47.36
v5_service device=0 lane=2 class=1 jobs=9 rows=4148 cells=208160 reach=145123 reverse=208160 table_mib=7.9 mutable_mib=144.0 max_job_mib=18.2 oldest_ms=142.87 pack_ms=5.13 solve_ms=47.42
v5_device jobs=54 rows=12320 cells=638136 direct=true graph_reused=false upload_ms=25.17 capture_ms=3.53 queue_ms=47.64 gpu_ms=0.01 unpack_ms=3.80 total_ms=80.15
v5_service device=0 lane=0 class=0 jobs=54 rows=12320 cells=638136 reach=382725 reverse=638136 table_mib=23.5 mutable_mib=396.0 max_job_mib=9.5 oldest_ms=79.70 pack_ms=12.26 solve_ms=80.20
v5_device jobs=11 rows=4934 cells=307464 direct=true graph_reused=false upload_ms=4.99 capture_ms=3.71 queue_ms=33.00 gpu_ms=0.01 unpack_ms=1.75 total_ms=43.47
v5_service device=1 lane=2 class=1 jobs=11 rows=4934 cells=307464 reach=198322 reverse=307464 table_mib=11.0 mutable_mib=192.0 max_job_mib=34.2 oldest_ms=78.64 pack_ms=6.13 solve_ms=43.51
v5_device jobs=45 rows=8870 cells=407699 direct=true graph_reused=false upload_ms=8.03 capture_ms=3.56 queue_ms=30.36 gpu_ms=0.01 unpack_ms=2.76 total_ms=44.72
v5_service device=1 lane=1 class=0 jobs=45 rows=8870 cells=407699 reach=243044 reverse=407699 table_mib=15.7 mutable_mib=302.0 max_job_mib=9.3 oldest_ms=80.36 pack_ms=10.35 solve_ms=44.76
v5_device jobs=2 rows=3231 cells=179379 direct=true graph_reused=false upload_ms=2.40 capture_ms=5.37 queue_ms=9.70 gpu_ms=0.02 unpack_ms=0.91 total_ms=18.40
v5_service device=0 lane=1 class=2 jobs=2 rows=3231 cells=179379 reach=101810 reverse=179379 table_mib=6.2 mutable_mib=128.0 max_job_mib=71.4 oldest_ms=197.39 pack_ms=3.25 solve_ms=18.47
v5_device jobs=5 rows=1974 cells=72114 direct=true graph_reused=false upload_ms=1.16 capture_ms=4.37 queue_ms=9.03 gpu_ms=0.01 unpack_ms=0.60 total_ms=15.17
v5_service device=0 lane=0 class=1 jobs=5 rows=1974 cells=72114 reach=47793 reverse=72114 table_mib=3.0 mutable_mib=80.0 max_job_mib=17.7 oldest_ms=183.99 pack_ms=1.86 solve_ms=15.23
v5_device jobs=11 rows=5148 cells=303680 direct=true graph_reused=false upload_ms=5.78 capture_ms=4.05 queue_ms=33.75 gpu_ms=0.01 unpack_ms=1.34 total_ms=44.93
v5_service device=1 lane=1 class=1 jobs=11 rows=5148 cells=303680 reach=193229 reverse=303680 table_mib=10.8 mutable_mib=192.0 max_job_mib=33.8 oldest_ms=145.57 pack_ms=6.93 solve_ms=44.98
v5_device jobs=42 rows=9358 cells=515797 direct=true graph_reused=false upload_ms=10.24 capture_ms=4.32 queue_ms=39.31 gpu_ms=0.01 unpack_ms=2.82 total_ms=56.69
v5_service device=1 lane=0 class=0 jobs=42 rows=9358 cells=515797 reach=293429 reverse=515797 table_mib=18.7 mutable_mib=288.0 max_job_mib=9.4 oldest_ms=84.74 pack_ms=13.75 solve_ms=56.75
v5_device jobs=40 rows=8394 cells=413570 direct=true graph_reused=false upload_ms=10.29 capture_ms=3.67 queue_ms=45.95 gpu_ms=0.01 unpack_ms=2.53 total_ms=62.46
v5_service device=1 lane=2 class=0 jobs=40 rows=8394 cells=413570 reach=243336 reverse=413570 table_mib=15.6 mutable_mib=272.0 max_job_mib=9.7 oldest_ms=134.28 pack_ms=11.27 solve_ms=62.51
v5_device jobs=37 rows=8308 cells=378452 direct=true graph_reused=false upload_ms=8.09 capture_ms=3.62 queue_ms=21.98 gpu_ms=0.01 unpack_ms=2.75 total_ms=36.44
v5_service device=0 lane=2 class=0 jobs=37 rows=8308 cells=378452 reach=223505 reverse=378452 table_mib=14.6 mutable_mib=280.0 max_job_mib=9.5 oldest_ms=80.73 pack_ms=7.93 solve_ms=36.51
v5_device jobs=12 rows=5508 cells=257080 direct=true graph_reused=false upload_ms=3.84 capture_ms=3.55 queue_ms=15.66 gpu_ms=0.01 unpack_ms=1.47 total_ms=24.53
v5_service device=1 lane=0 class=1 jobs=12 rows=5508 cells=257080 reach=163693 reverse=257080 table_mib=9.6 mutable_mib=208.0 max_job_mib=33.4 oldest_ms=163.25 pack_ms=5.87 solve_ms=24.57
v5_device jobs=5 rows=2176 cells=152389 direct=true graph_reused=false upload_ms=2.01 capture_ms=4.68 queue_ms=19.69 gpu_ms=0.01 unpack_ms=0.74 total_ms=27.14
v5_service device=0 lane=2 class=1 jobs=5 rows=2176 cells=152389 reach=97775 reverse=152389 table_mib=5.3 mutable_mib=80.0 max_job_mib=18.2 oldest_ms=129.35 pack_ms=2.85 solve_ms=27.19
v5_device jobs=8 rows=3451 cells=228558 direct=true graph_reused=false upload_ms=2.64 capture_ms=3.19 queue_ms=37.45 gpu_ms=0.01 unpack_ms=1.01 total_ms=44.30
v5_service device=0 lane=0 class=1 jobs=8 rows=3451 cells=228558 reach=139897 reverse=228558 table_mib=7.9 mutable_mib=128.0 max_job_mib=18.3 oldest_ms=77.68 pack_ms=4.03 solve_ms=44.36
v5_device jobs=36 rows=8194 cells=470512 direct=true graph_reused=false upload_ms=7.13 capture_ms=5.56 queue_ms=33.63 gpu_ms=0.01 unpack_ms=2.61 total_ms=48.94
v5_service device=0 lane=1 class=0 jobs=36 rows=8194 cells=470512 reach=274069 reverse=470512 table_mib=17.1 mutable_mib=256.0 max_job_mib=9.8 oldest_ms=86.98 pack_ms=9.42 solve_ms=48.99
v5_device jobs=7 rows=2918 cells=147049 direct=true graph_reused=false upload_ms=2.23 capture_ms=4.32 queue_ms=9.77 gpu_ms=0.01 unpack_ms=0.70 total_ms=17.01
v5_service device=0 lane=1 class=1 jobs=7 rows=2918 cells=147049 reach=98826 reverse=147049 table_mib=5.4 mutable_mib=112.0 max_job_mib=17.5 oldest_ms=138.49 pack_ms=4.03 solve_ms=17.06
v5_device jobs=37 rows=7963 cells=382598 direct=true graph_reused=false upload_ms=5.41 capture_ms=3.45 queue_ms=30.18 gpu_ms=0.01 unpack_ms=1.89 total_ms=40.94
v5_service device=1 lane=2 class=0 jobs=37 rows=7963 cells=382598 reach=223804 reverse=382598 table_mib=14.1 mutable_mib=256.0 max_job_mib=9.4 oldest_ms=81.44 pack_ms=9.86 solve_ms=40.99
v5_device jobs=58 rows=12360 cells=631990 direct=true graph_reused=false upload_ms=12.27 capture_ms=3.73 queue_ms=45.20 gpu_ms=0.01 unpack_ms=3.53 total_ms=64.73
v5_service device=1 lane=1 class=0 jobs=58 rows=12360 cells=631990 reach=372084 reverse=631990 table_mib=23.4 mutable_mib=412.0 max_job_mib=9.3 oldest_ms=78.28 pack_ms=10.89 solve_ms=64.78
v5_device jobs=58 rows=12584 cells=558040 direct=true graph_reused=false upload_ms=20.54 capture_ms=3.28 queue_ms=34.55 gpu_ms=0.02 unpack_ms=3.76 total_ms=62.14
v5_service device=0 lane=0 class=0 jobs=58 rows=12584 cells=558040 reach=337704 reverse=558040 table_mib=21.8 mutable_mib=392.0 max_job_mib=9.4 oldest_ms=131.49 pack_ms=15.45 solve_ms=62.19
v5_device jobs=5 rows=2112 cells=98128 direct=true graph_reused=false upload_ms=1.48 capture_ms=5.26 queue_ms=19.12 gpu_ms=0.01 unpack_ms=0.62 total_ms=26.48
v5_service device=1 lane=1 class=1 jobs=5 rows=2112 cells=98128 reach=60958 reverse=98128 table_mib=3.7 mutable_mib=80.0 max_job_mib=17.4 oldest_ms=151.44 pack_ms=2.35 solve_ms=26.54
v5_device jobs=8 rows=3007 cells=197076 direct=true graph_reused=false upload_ms=2.91 capture_ms=4.38 queue_ms=22.61 gpu_ms=0.01 unpack_ms=1.01 total_ms=30.92
v5_service device=1 lane=2 class=1 jobs=8 rows=3007 cells=197076 reach=120595 reverse=197076 table_mib=6.9 mutable_mib=128.0 max_job_mib=18.0 oldest_ms=136.47 pack_ms=3.62 solve_ms=30.96
v5_device jobs=46 rows=10035 cells=497980 direct=true graph_reused=false upload_ms=7.65 capture_ms=5.85 queue_ms=34.36 gpu_ms=0.02 unpack_ms=3.30 total_ms=51.17
v5_service device=1 lane=0 class=0 jobs=46 rows=10035 cells=497980 reach=302122 reverse=497980 table_mib=18.7 mutable_mib=332.0 max_job_mib=9.5 oldest_ms=80.02 pack_ms=8.71 solve_ms=51.22
v5_device jobs=11 rows=4854 cells=335413 direct=true graph_reused=false upload_ms=4.85 capture_ms=3.43 queue_ms=16.30 gpu_ms=0.01 unpack_ms=1.45 total_ms=26.04
v5_service device=1 lane=0 class=1 jobs=11 rows=4854 cells=335413 reach=203495 reverse=335413 table_mib=11.5 mutable_mib=176.0 max_job_mib=18.7 oldest_ms=144.27 pack_ms=6.07 solve_ms=26.10
v5_device jobs=7 rows=3251 cells=249740 direct=true graph_reused=false upload_ms=3.26 capture_ms=3.47 queue_ms=25.73 gpu_ms=0.01 unpack_ms=1.00 total_ms=33.47
v5_service device=0 lane=1 class=1 jobs=7 rows=3251 cells=249740 reach=155465 reverse=249740 table_mib=8.4 mutable_mib=128.0 max_job_mib=34.8 oldest_ms=77.21 pack_ms=6.84 solve_ms=33.52
v5_device jobs=51 rows=11460 cells=638616 direct=true graph_reused=false upload_ms=13.70 capture_ms=3.65 queue_ms=38.79 gpu_ms=0.01 unpack_ms=3.68 total_ms=59.82
v5_service device=0 lane=2 class=0 jobs=51 rows=11460 cells=638616 reach=371806 reverse=638616 table_mib=23.2 mutable_mib=376.0 max_job_mib=9.7 oldest_ms=82.27 pack_ms=15.94 solve_ms=59.88
v5_device jobs=11 rows=4542 cells=219655 direct=true graph_reused=false upload_ms=3.57 capture_ms=3.53 queue_ms=53.02 gpu_ms=0.01 unpack_ms=1.22 total_ms=61.36
v5_service device=0 lane=2 class=1 jobs=11 rows=4542 cells=219655 reach=139458 reverse=219655 table_mib=8.2 mutable_mib=176.0 max_job_mib=18.1 oldest_ms=164.02 pack_ms=5.33 solve_ms=61.41
v5_device jobs=57 rows=11956 cells=607821 direct=true graph_reused=false upload_ms=9.91 capture_ms=3.45 queue_ms=42.66 gpu_ms=0.01 unpack_ms=3.67 total_ms=59.70
v5_service device=0 lane=1 class=0 jobs=57 rows=11956 cells=607821 reach=370391 reverse=607821 table_mib=22.7 mutable_mib=370.0 max_job_mib=9.6 oldest_ms=125.71 pack_ms=15.26 solve_ms=59.75
v5_device jobs=43 rows=9090 cells=437224 direct=true graph_reused=false upload_ms=16.71 capture_ms=3.87 queue_ms=36.93 gpu_ms=0.01 unpack_ms=2.28 total_ms=59.80
v5_service device=0 lane=0 class=0 jobs=43 rows=9090 cells=437224 reach=260735 reverse=437224 table_mib=16.5 mutable_mib=296.0 max_job_mib=9.2 oldest_ms=78.37 pack_ms=9.49 solve_ms=59.84
v5_device jobs=45 rows=9168 cells=523392 direct=true graph_reused=false upload_ms=9.41 capture_ms=3.49 queue_ms=44.55 gpu_ms=0.01 unpack_ms=3.28 total_ms=60.73
v5_service device=1 lane=2 class=0 jobs=45 rows=9168 cells=523392 reach=299651 reverse=523392 table_mib=19.0 mutable_mib=308.0 max_job_mib=9.6 oldest_ms=78.44 pack_ms=11.89 solve_ms=60.78
v5_device jobs=55 rows=11100 cells=565772 direct=true graph_reused=false upload_ms=11.66 capture_ms=3.33 queue_ms=44.50 gpu_ms=0.01 unpack_ms=3.68 total_ms=63.19
v5_service device=1 lane=1 class=0 jobs=55 rows=11100 cells=565772 reach=335381 reverse=565772 table_mib=21.2 mutable_mib=352.0 max_job_mib=9.5 oldest_ms=80.13 pack_ms=11.45 solve_ms=63.23
v5_device jobs=7 rows=3057 cells=152595 direct=true graph_reused=false upload_ms=2.45 capture_ms=3.59 queue_ms=11.10 gpu_ms=0.01 unpack_ms=0.83 total_ms=17.98
v5_service device=0 lane=0 class=1 jobs=7 rows=3057 cells=152595 reach=99904 reverse=152595 table_mib=5.7 mutable_mib=112.0 max_job_mib=18.1 oldest_ms=151.51 pack_ms=3.67 solve_ms=18.03
v5_device jobs=49 rows=10459 cells=453668 direct=true graph_reused=false upload_ms=10.20 capture_ms=6.04 queue_ms=24.89 gpu_ms=0.02 unpack_ms=3.24 total_ms=44.39
v5_service device=1 lane=0 class=0 jobs=49 rows=10459 cells=453668 reach=270814 reverse=453668 table_mib=17.8 mutable_mib=336.0 max_job_mib=9.8 oldest_ms=77.66 pack_ms=8.57 solve_ms=44.45
v5_device jobs=5 rows=2274 cells=114971 direct=true graph_reused=false upload_ms=1.73 capture_ms=5.14 queue_ms=12.19 gpu_ms=0.01 unpack_ms=0.69 total_ms=19.76
v5_service device=1 lane=0 class=1 jobs=5 rows=2274 cells=114971 reach=73965 reverse=114971 table_mib=4.3 mutable_mib=80.0 max_job_mib=17.8 oldest_ms=131.19 pack_ms=2.41 solve_ms=19.80
v5_device jobs=8 rows=3170 cells=185010 direct=true graph_reused=false upload_ms=2.98 capture_ms=3.83 queue_ms=30.48 gpu_ms=0.01 unpack_ms=1.00 total_ms=38.29
v5_service device=1 lane=1 class=1 jobs=8 rows=3170 cells=185010 reach=120597 reverse=185010 table_mib=6.7 mutable_mib=128.0 max_job_mib=18.0 oldest_ms=158.67 pack_ms=4.02 solve_ms=38.34
v5_device jobs=13 rows=5663 cells=309225 direct=true graph_reused=false upload_ms=5.61 capture_ms=3.73 queue_ms=30.88 gpu_ms=0.01 unpack_ms=1.58 total_ms=41.81
v5_service device=1 lane=2 class=1 jobs=13 rows=5663 cells=309225 reach=188007 reverse=309225 table_mib=11.1 mutable_mib=208.0 max_job_mib=18.1 oldest_ms=157.80 pack_ms=6.71 solve_ms=41.85
v5_device jobs=41 rows=8574 cells=480353 direct=true graph_reused=false upload_ms=6.90 capture_ms=3.26 queue_ms=35.17 gpu_ms=0.01 unpack_ms=2.60 total_ms=47.94
v5_service device=0 lane=1 class=0 jobs=41 rows=8574 cells=480353 reach=281725 reverse=480353 table_mib=17.5 mutable_mib=288.0 max_job_mib=9.7 oldest_ms=79.03 pack_ms=9.70 solve_ms=48.00
v5_device jobs=44 rows=9002 cells=437893 direct=true graph_reused=false upload_ms=8.32 capture_ms=3.60 queue_ms=43.44 gpu_ms=0.01 unpack_ms=2.50 total_ms=57.85
v5_service device=0 lane=2 class=0 jobs=44 rows=9002 cells=437893 reach=260887 reverse=437893 table_mib=16.3 mutable_mib=280.0 max_job_mib=9.5 oldest_ms=79.32 pack_ms=10.91 solve_ms=57.90
v5_device jobs=46 rows=9340 cells=491529 direct=true graph_reused=false upload_ms=14.92 capture_ms=3.74 queue_ms=28.79 gpu_ms=0.02 unpack_ms=3.20 total_ms=50.66
v5_service device=0 lane=0 class=0 jobs=46 rows=9340 cells=491529 reach=283780 reverse=491529 table_mib=18.1 mutable_mib=312.0 max_job_mib=9.7 oldest_ms=79.90 pack_ms=8.18 solve_ms=50.72
v5_device jobs=5 rows=2600 cells=142861 direct=true graph_reused=false upload_ms=2.20 capture_ms=4.03 queue_ms=19.67 gpu_ms=0.01 unpack_ms=0.78 total_ms=26.70
v5_service device=0 lane=2 class=1 jobs=5 rows=2600 cells=142861 reach=93768 reverse=142861 table_mib=5.0 mutable_mib=96.0 max_job_mib=33.1 oldest_ms=152.19 pack_ms=2.84 solve_ms=26.76
v5_device jobs=7 rows=2967 cells=197215 direct=true graph_reused=false upload_ms=3.16 capture_ms=3.37 queue_ms=16.17 gpu_ms=0.01 unpack_ms=1.14 total_ms=23.85
v5_service device=0 lane=1 class=1 jobs=7 rows=2967 cells=197215 reach=118271 reverse=197215 table_mib=6.9 mutable_mib=112.0 max_job_mib=18.0 oldest_ms=142.92 pack_ms=4.87 solve_ms=23.89
v5_device jobs=16 rows=7270 cells=392525 direct=true graph_reused=false upload_ms=5.27 capture_ms=3.51 queue_ms=24.96 gpu_ms=0.01 unpack_ms=1.71 total_ms=35.47
v5_service device=0 lane=0 class=1 jobs=16 rows=7270 cells=392525 reach=264530 reverse=392525 table_mib=14.4 mutable_mib=288.0 max_job_mib=33.0 oldest_ms=146.82 pack_ms=9.35 solve_ms=35.52
v5_device jobs=37 rows=8176 cells=392784 direct=true graph_reused=false upload_ms=9.41 capture_ms=3.89 queue_ms=56.75 gpu_ms=0.01 unpack_ms=2.09 total_ms=72.15
v5_service device=1 lane=2 class=0 jobs=37 rows=8176 cells=392784 reach=230751 reverse=392784 table_mib=14.8 mutable_mib=268.0 max_job_mib=9.9 oldest_ms=84.44 pack_ms=10.37 solve_ms=72.21
v5_device jobs=56 rows=12271 cells=718998 direct=true graph_reused=false upload_ms=16.15 capture_ms=3.80 queue_ms=52.71 gpu_ms=0.01 unpack_ms=3.82 total_ms=76.49
v5_service device=1 lane=1 class=0 jobs=56 rows=12271 cells=718998 reach=407447 reverse=718998 table_mib=25.7 mutable_mib=412.0 max_job_mib=9.6 oldest_ms=79.23 pack_ms=17.07 solve_ms=76.53
v5_device jobs=44 rows=9209 cells=532969 direct=true graph_reused=false upload_ms=16.66 capture_ms=4.47 queue_ms=50.18 gpu_ms=0.01 unpack_ms=3.14 total_ms=74.47
v5_service device=1 lane=0 class=0 jobs=44 rows=9209 cells=532969 reach=302419 reverse=532969 table_mib=19.0 mutable_mib=304.0 max_job_mib=9.4 oldest_ms=86.49 pack_ms=13.70 solve_ms=74.54
v5_device jobs=9 rows=5138 cells=255491 direct=true graph_reused=false upload_ms=5.39 capture_ms=3.90 queue_ms=25.18 gpu_ms=0.01 unpack_ms=1.25 total_ms=35.73
v5_service device=1 lane=2 class=1 jobs=9 rows=5138 cells=255491 reach=163752 reverse=255491 table_mib=9.4 mutable_mib=176.0 max_job_mib=33.4 oldest_ms=172.29 pack_ms=5.53 solve_ms=35.79
v5_device jobs=7 rows=2669 cells=150539 direct=true graph_reused=false upload_ms=4.00 capture_ms=7.49 queue_ms=23.15 gpu_ms=0.01 unpack_ms=0.81 total_ms=35.46
v5_service device=1 lane=0 class=1 jobs=7 rows=2669 cells=150539 reach=94005 reverse=150539 table_mib=5.5 mutable_mib=112.0 max_job_mib=17.6 oldest_ms=178.31 pack_ms=5.60 solve_ms=35.53
v5_device jobs=12 rows=4939 cells=282885 direct=true graph_reused=false upload_ms=4.81 capture_ms=4.35 queue_ms=25.32 gpu_ms=0.01 unpack_ms=1.39 total_ms=35.88
v5_service device=1 lane=1 class=1 jobs=12 rows=4939 cells=282885 reach=177208 reverse=282885 table_mib=10.2 mutable_mib=192.0 max_job_mib=18.3 oldest_ms=180.63 pack_ms=7.26 solve_ms=35.93
v5_device jobs=30 rows=6497 cells=306998 direct=true graph_reused=false upload_ms=6.87 capture_ms=3.70 queue_ms=32.89 gpu_ms=0.01 unpack_ms=1.85 total_ms=45.32
v5_service device=0 lane=2 class=0 jobs=30 rows=6497 cells=306998 reach=181140 reverse=306998 table_mib=11.6 mutable_mib=208.0 max_job_mib=9.3 oldest_ms=83.29 pack_ms=8.88 solve_ms=45.38
v5_device jobs=33 rows=7497 cells=367257 direct=true graph_reused=false upload_ms=6.71 capture_ms=5.64 queue_ms=24.27 gpu_ms=0.01 unpack_ms=2.21 total_ms=38.83
v5_service device=0 lane=1 class=0 jobs=33 rows=7497 cells=367257 reach=219967 reverse=367257 table_mib=13.6 mutable_mib=232.0 max_job_mib=9.8 oldest_ms=86.12 pack_ms=12.18 solve_ms=38.89
v5_device jobs=5 rows=2161 cells=103742 direct=true graph_reused=false upload_ms=1.74 capture_ms=7.07 queue_ms=15.90 gpu_ms=0.01 unpack_ms=0.56 total_ms=25.28
v5_service device=0 lane=1 class=1 jobs=5 rows=2161 cells=103742 reach=67588 reverse=103742 table_mib=3.9 mutable_mib=80.0 max_job_mib=18.0 oldest_ms=140.95 pack_ms=2.88 solve_ms=25.34
v5_device jobs=40 rows=8520 cells=333621 direct=true graph_reused=false upload_ms=4.75 capture_ms=3.52 queue_ms=34.12 gpu_ms=0.01 unpack_ms=1.92 total_ms=44.32
v5_service device=0 lane=0 class=0 jobs=40 rows=8520 cells=333621 reach=206774 reverse=333621 table_mib=13.2 mutable_mib=266.0 max_job_mib=9.4 oldest_ms=82.20 pack_ms=6.43 solve_ms=44.38
v5_device jobs=14 rows=6022 cells=297800 direct=true graph_reused=false upload_ms=6.58 capture_ms=3.79 queue_ms=21.67 gpu_ms=0.02 unpack_ms=2.03 total_ms=34.08
v5_service device=0 lane=2 class=1 jobs=14 rows=6022 cells=297800 reach=187419 reverse=297800 table_mib=11.1 mutable_mib=224.0 max_job_mib=18.0 oldest_ms=143.25 pack_ms=7.26 solve_ms=34.14
v5_device jobs=4 rows=1767 cells=99868 direct=true graph_reused=false upload_ms=1.26 capture_ms=4.38 queue_ms=8.99 gpu_ms=0.01 unpack_ms=0.49 total_ms=15.13
v5_service device=0 lane=0 class=1 jobs=4 rows=1767 cells=99868 reach=64318 reverse=99868 table_mib=3.6 mutable_mib=64.0 max_job_mib=17.9 oldest_ms=132.22 pack_ms=2.09 solve_ms=15.18
v5_device jobs=13 rows=5781 cells=469527 direct=true graph_reused=false upload_ms=7.63 capture_ms=3.66 queue_ms=38.69 gpu_ms=0.01 unpack_ms=2.00 total_ms=51.97
v5_service device=1 lane=2 class=1 jobs=13 rows=5781 cells=469527 reach=304820 reverse=469527 table_mib=16.1 mutable_mib=208.0 max_job_mib=20.0 oldest_ms=80.04 pack_ms=8.21 solve_ms=52.03
v5_device jobs=59 rows=13706 cells=457177 direct=true graph_reused=false upload_ms=10.19 capture_ms=4.66 queue_ms=52.02 gpu_ms=0.01 unpack_ms=3.53 total_ms=70.42
v5_service device=1 lane=0 class=0 jobs=59 rows=13706 cells=457177 reach=298347 reverse=457177 table_mib=19.1 mutable_mib=432.0 max_job_mib=9.6 oldest_ms=79.33 pack_ms=11.46 solve_ms=70.48
v5_device jobs=52 rows=11296 cells=548549 direct=true graph_reused=false upload_ms=9.03 capture_ms=3.86 queue_ms=63.96 gpu_ms=0.02 unpack_ms=3.49 total_ms=80.36
v5_service device=1 lane=1 class=0 jobs=52 rows=11296 cells=548549 reach=329530 reverse=548549 table_mib=20.5 mutable_mib=356.0 max_job_mib=9.4 oldest_ms=78.86 pack_ms=14.19 solve_ms=80.41
v5_device jobs=42 rows=9839 cells=595922 direct=true graph_reused=false upload_ms=8.12 capture_ms=3.77 queue_ms=29.04 gpu_ms=0.01 unpack_ms=3.19 total_ms=44.13
v5_service device=1 lane=2 class=0 jobs=42 rows=9839 cells=595922 reach=342394 reverse=595922 table_mib=21.2 mutable_mib=312.0 max_job_mib=9.7 oldest_ms=147.32 pack_ms=10.43 solve_ms=44.19
v5_device jobs=63 rows=13066 cells=538555 direct=true graph_reused=false upload_ms=10.39 capture_ms=3.33 queue_ms=65.33 gpu_ms=0.01 unpack_ms=3.82 total_ms=82.87
v5_service device=0 lane=1 class=0 jobs=63 rows=13066 cells=538555 reach=334652 reverse=538555 table_mib=21.4 mutable_mib=428.0 max_job_mib=9.4 oldest_ms=77.37 pack_ms=10.64 solve_ms=82.93
v5_device jobs=14 rows=6445 cells=314928 direct=true graph_reused=false upload_ms=7.05 capture_ms=6.17 queue_ms=34.92 gpu_ms=0.01 unpack_ms=2.92 total_ms=51.07
v5_service device=1 lane=0 class=1 jobs=14 rows=6445 cells=314928 reach=199014 reverse=314928 table_mib=11.7 mutable_mib=240.0 max_job_mib=36.5 oldest_ms=169.13 pack_ms=10.87 solve_ms=51.13
v5_device jobs=15 rows=6841 cells=406779 direct=true graph_reused=false upload_ms=8.04 capture_ms=4.27 queue_ms=22.43 gpu_ms=0.01 unpack_ms=3.61 total_ms=38.35
v5_service device=1 lane=1 class=1 jobs=15 rows=6841 cells=406779 reach=255497 reverse=406779 table_mib=14.5 mutable_mib=256.0 max_job_mib=33.4 oldest_ms=181.45 pack_ms=10.26 solve_ms=38.40
v5_device jobs=46 rows=10741 cells=547712 direct=true graph_reused=false upload_ms=12.41 capture_ms=3.67 queue_ms=54.08 gpu_ms=0.03 unpack_ms=4.20 total_ms=74.39
v5_service device=0 lane=2 class=0 jobs=46 rows=10741 cells=547712 reach=327428 reverse=547712 table_mib=20.3 mutable_mib=344.0 max_job_mib=9.6 oldest_ms=81.65 pack_ms=13.69 solve_ms=74.44
v5_device jobs=50 rows=11264 cells=541530 direct=true graph_reused=false upload_ms=22.04 capture_ms=4.76 queue_ms=39.97 gpu_ms=0.01 unpack_ms=3.96 total_ms=70.74
v5_service device=0 lane=0 class=0 jobs=50 rows=11264 cells=541530 reach=329465 reverse=541530 table_mib=20.4 mutable_mib=360.0 max_job_mib=9.5 oldest_ms=78.39 pack_ms=11.21 solve_ms=70.79
v5_device jobs=2 rows=3350 cells=138008 direct=true graph_reused=false upload_ms=2.74 capture_ms=3.91 queue_ms=9.22 gpu_ms=0.02 unpack_ms=0.84 total_ms=16.73
v5_service device=1 lane=1 class=2 jobs=2 rows=3350 cells=138008 reach=94637 reverse=138008 table_mib=5.1 mutable_mib=128.0 max_job_mib=69.5 oldest_ms=230.57 pack_ms=3.30 solve_ms=16.81
v5_device jobs=8 rows=3852 cells=199471 direct=true graph_reused=false upload_ms=3.68 capture_ms=4.06 queue_ms=32.63 gpu_ms=0.01 unpack_ms=1.18 total_ms=41.56
v5_service device=0 lane=0 class=1 jobs=8 rows=3852 cells=199471 reach=133361 reverse=199471 table_mib=7.6 mutable_mib=128.0 max_job_mib=18.7 oldest_ms=166.54 pack_ms=4.79 solve_ms=41.62
v5_device jobs=10 rows=4972 cells=205490 direct=true graph_reused=false upload_ms=6.97 capture_ms=6.95 queue_ms=33.29 gpu_ms=0.02 unpack_ms=1.58 total_ms=48.81
v5_service device=0 lane=1 class=1 jobs=10 rows=4972 cells=205490 reach=141324 reverse=205490 table_mib=8.1 mutable_mib=176.0 max_job_mib=33.2 oldest_ms=183.03 pack_ms=6.34 solve_ms=48.88
v5_device jobs=8 rows=4665 cells=282256 direct=true graph_reused=false upload_ms=6.43 capture_ms=4.02 queue_ms=28.08 gpu_ms=0.01 unpack_ms=1.69 total_ms=40.22
v5_service device=0 lane=2 class=1 jobs=8 rows=4665 cells=282256 reach=186609 reverse=282256 table_mib=10.1 mutable_mib=144.0 max_job_mib=34.0 oldest_ms=173.85 pack_ms=8.90 solve_ms=40.26
v5_device jobs=62 rows=13885 cells=540928 direct=true graph_reused=false upload_ms=9.95 capture_ms=3.59 queue_ms=32.42 gpu_ms=0.01 unpack_ms=3.11 total_ms=49.09
v5_service device=1 lane=2 class=0 jobs=62 rows=13885 cells=540928 reach=344135 reverse=540928 table_mib=21.8 mutable_mib=448.0 max_job_mib=9.5 oldest_ms=77.80 pack_ms=11.62 solve_ms=49.14
v5_device jobs=10 rows=5178 cells=255527 direct=true graph_reused=false upload_ms=5.37 capture_ms=4.14 queue_ms=25.14 gpu_ms=0.01 unpack_ms=1.64 total_ms=36.29
v5_service device=1 lane=1 class=1 jobs=10 rows=5178 cells=255527 reach=164356 reverse=255527 table_mib=9.7 mutable_mib=176.0 max_job_mib=34.3 oldest_ms=78.39 pack_ms=5.65 solve_ms=36.36
v5_device jobs=39 rows=8228 cells=404304 direct=true graph_reused=false upload_ms=6.54 capture_ms=3.38 queue_ms=39.31 gpu_ms=0.01 unpack_ms=2.67 total_ms=51.91
v5_service device=1 lane=0 class=0 jobs=39 rows=8228 cells=404304 reach=244248 reverse=404304 table_mib=15.2 mutable_mib=276.0 max_job_mib=9.4 oldest_ms=79.72 pack_ms=7.94 solve_ms=51.96
v5_device jobs=8 rows=3786 cells=236977 direct=true graph_reused=false upload_ms=3.05 capture_ms=4.07 queue_ms=19.06 gpu_ms=0.01 unpack_ms=1.23 total_ms=27.41
v5_service device=1 lane=2 class=1 jobs=8 rows=3786 cells=236977 reach=148085 reverse=236977 table_mib=8.4 mutable_mib=144.0 max_job_mib=34.6 oldest_ms=146.16 pack_ms=4.37 solve_ms=27.46
v5_device jobs=4 rows=1548 cells=90112 direct=true graph_reused=false upload_ms=1.64 capture_ms=6.34 queue_ms=6.58 gpu_ms=0.01 unpack_ms=0.55 total_ms=15.13
v5_service device=1 lane=0 class=1 jobs=4 rows=1548 cells=90112 reach=57685 reverse=90112 table_mib=3.3 mutable_mib=64.0 max_job_mib=17.8 oldest_ms=131.52 pack_ms=2.90 solve_ms=15.19
v5_device jobs=54 rows=11571 cells=438940 direct=true graph_reused=false upload_ms=8.96 capture_ms=3.85 queue_ms=25.68 gpu_ms=0.01 unpack_ms=2.60 total_ms=41.09
v5_service device=1 lane=1 class=0 jobs=54 rows=11571 cells=438940 reach=277527 reverse=438940 table_mib=17.6 mutable_mib=372.0 max_job_mib=9.3 oldest_ms=129.41 pack_ms=14.62 solve_ms=41.15
v5_device jobs=48 rows=9408 cells=425534 direct=true graph_reused=false upload_ms=9.89 capture_ms=3.95 queue_ms=49.84 gpu_ms=0.01 unpack_ms=2.89 total_ms=66.59
v5_service device=0 lane=1 class=0 jobs=48 rows=9408 cells=425534 reach=250998 reverse=425534 table_mib=16.5 mutable_mib=316.0 max_job_mib=9.6 oldest_ms=78.52 pack_ms=9.75 solve_ms=66.64
v5_device jobs=45 rows=9664 cells=442682 direct=true graph_reused=false upload_ms=11.09 capture_ms=3.95 queue_ms=48.93 gpu_ms=0.01 unpack_ms=2.87 total_ms=66.85
v5_service device=0 lane=2 class=0 jobs=45 rows=9664 cells=442682 reach=268101 reverse=442682 table_mib=16.8 mutable_mib=308.0 max_job_mib=9.2 oldest_ms=81.29 pack_ms=12.27 solve_ms=66.89
v5_device jobs=56 rows=11150 cells=383186 direct=true graph_reused=false upload_ms=17.07 capture_ms=4.45 queue_ms=52.08 gpu_ms=0.02 unpack_ms=2.90 total_ms=76.53
v5_service device=0 lane=0 class=0 jobs=56 rows=11150 cells=383186 reach=246381 reverse=387596 table_mib=16.1 mutable_mib=376.0 max_job_mib=9.2 oldest_ms=78.77 pack_ms=8.76 solve_ms=76.58
v5_device jobs=1 rows=2822 cells=156742 direct=true graph_reused=false upload_ms=2.23 capture_ms=4.02 queue_ms=8.21 gpu_ms=0.01 unpack_ms=0.50 total_ms=14.97
v5_service device=1 lane=1 class=2 jobs=1 rows=2822 cells=156742 reach=112010 reverse=156742 table_mib=5.3 mutable_mib=128.0 max_job_mib=135.5 oldest_ms=161.47 pack_ms=3.48 solve_ms=15.03
v5_device jobs=41 rows=8807 cells=447697 direct=true graph_reused=false upload_ms=9.35 capture_ms=3.88 queue_ms=22.26 gpu_ms=0.01 unpack_ms=2.29 total_ms=37.79
v5_service device=1 lane=2 class=0 jobs=41 rows=8807 cells=447697 reach=268527 reverse=450042 table_mib=16.5 mutable_mib=276.0 max_job_mib=9.4 oldest_ms=81.64 pack_ms=9.68 solve_ms=37.85
v5_device jobs=7 rows=3617 cells=292124 direct=true graph_reused=false upload_ms=8.48 capture_ms=4.29 queue_ms=31.53 gpu_ms=0.02 unpack_ms=1.54 total_ms=45.86
v5_service device=0 lane=1 class=1 jobs=7 rows=3617 cells=292124 reach=181979 reverse=292124 table_mib=9.8 mutable_mib=128.0 max_job_mib=36.5 oldest_ms=162.95 pack_ms=7.31 solve_ms=45.94
v5_device jobs=10 rows=4648 cells=243117 direct=true graph_reused=false upload_ms=7.83 capture_ms=4.30 queue_ms=28.89 gpu_ms=0.01 unpack_ms=1.62 total_ms=42.65
v5_service device=0 lane=2 class=1 jobs=10 rows=4648 cells=243117 reach=164073 reverse=243117 table_mib=9.1 mutable_mib=160.0 max_job_mib=18.7 oldest_ms=166.20 pack_ms=7.46 solve_ms=42.70
v5_device jobs=8 rows=2954 cells=249033 direct=true graph_reused=false upload_ms=6.20 capture_ms=4.65 queue_ms=31.25 gpu_ms=0.01 unpack_ms=1.22 total_ms=43.33
v5_service device=0 lane=0 class=1 jobs=8 rows=2954 cells=249033 reach=160257 reverse=249033 table_mib=8.4 mutable_mib=128.0 max_job_mib=18.6 oldest_ms=171.36 pack_ms=6.04 solve_ms=43.40
v5_device jobs=1 rows=1440 cells=160640 direct=true graph_reused=false upload_ms=2.21 capture_ms=5.07 queue_ms=7.11 gpu_ms=0.01 unpack_ms=0.38 total_ms=14.79
v5_service device=0 lane=2 class=2 jobs=1 rows=1440 cells=160640 reach=85113 reverse=160640 table_mib=4.9 mutable_mib=64.0 max_job_mib=70.8 oldest_ms=211.36 pack_ms=4.03 solve_ms=14.85
v5_device jobs=1 rows=9218 cells=99700 direct=true graph_reused=false upload_ms=3.51 capture_ms=4.11 queue_ms=28.09 gpu_ms=0.01 unpack_ms=0.71 total_ms=36.42
v5_service device=1 lane=2 class=2 jobs=1 rows=9218 cells=99700 reach=96979 reverse=99700 table_mib=7.3 mutable_mib=256.0 max_job_mib=269.7 oldest_ms=122.98 pack_ms=4.84 solve_ms=36.47
v5_device jobs=45 rows=10204 cells=511234 direct=true graph_reused=false upload_ms=10.13 capture_ms=3.74 queue_ms=41.31 gpu_ms=0.01 unpack_ms=2.97 total_ms=58.16
v5_service device=1 lane=0 class=0 jobs=45 rows=10204 cells=511234 reach=305522 reverse=511234 table_mib=19.2 mutable_mib=322.0 max_job_mib=9.7 oldest_ms=84.21 pack_ms=11.76 solve_ms=58.21
v5_device jobs=2 rows=946 cells=20153 direct=true graph_reused=false upload_ms=0.36 capture_ms=3.93 queue_ms=3.68 gpu_ms=0.01 unpack_ms=0.17 total_ms=8.14
v5_service device=1 lane=2 class=1 jobs=2 rows=946 cells=20153 reach=15770 reverse=20153 table_mib=1.0 mutable_mib=32.0 max_job_mib=16.9 oldest_ms=134.56 pack_ms=0.58 solve_ms=8.19
v5_device jobs=11 rows=4952 cells=267757 direct=true graph_reused=false upload_ms=4.52 capture_ms=3.66 queue_ms=22.74 gpu_ms=0.01 unpack_ms=1.31 total_ms=32.24
v5_service device=1 lane=0 class=1 jobs=11 rows=4952 cells=267757 reach=168745 reverse=267757 table_mib=9.6 mutable_mib=192.0 max_job_mib=32.9 oldest_ms=161.58 pack_ms=5.28 solve_ms=32.30
v5_device jobs=46 rows=9815 cells=387644 direct=true graph_reused=false upload_ms=9.85 capture_ms=3.82 queue_ms=34.64 gpu_ms=0.01 unpack_ms=2.29 total_ms=50.62
v5_service device=1 lane=1 class=0 jobs=46 rows=9815 cells=387644 reach=274402 reverse=429799 table_mib=16.4 mutable_mib=316.0 max_job_mib=9.1 oldest_ms=79.65 pack_ms=9.87 solve_ms=50.67
v5_device jobs=13 rows=5383 cells=253037 direct=true graph_reused=false upload_ms=4.02 capture_ms=4.79 queue_ms=14.56 gpu_ms=0.01 unpack_ms=1.24 total_ms=24.61
v5_service device=1 lane=1 class=1 jobs=13 rows=5383 cells=253037 reach=167142 reverse=253037 table_mib=9.5 mutable_mib=208.0 max_job_mib=17.6 oldest_ms=146.70 pack_ms=6.26 solve_ms=24.67
v5_device jobs=39 rows=8538 cells=440360 direct=true graph_reused=false upload_ms=10.74 capture_ms=3.97 queue_ms=36.70 gpu_ms=0.01 unpack_ms=2.32 total_ms=53.73
v5_service device=0 lane=1 class=0 jobs=39 rows=8538 cells=440360 reach=263071 reverse=440360 table_mib=16.4 mutable_mib=264.0 max_job_mib=9.3 oldest_ms=77.83 pack_ms=9.64 solve_ms=53.79
v5_device jobs=44 rows=9525 cells=523079 direct=true graph_reused=false upload_ms=19.85 capture_ms=4.03 queue_ms=49.43 gpu_ms=0.01 unpack_ms=2.66 total_ms=75.99
v5_service device=0 lane=0 class=0 jobs=44 rows=9525 cells=523079 reach=316934 reverse=536099 table_mib=19.3 mutable_mib=320.0 max_job_mib=9.7 oldest_ms=77.71 pack_ms=8.99 solve_ms=76.04
v5_device jobs=39 rows=8314 cells=485996 direct=true graph_reused=false upload_ms=6.96 capture_ms=3.43 queue_ms=39.32 gpu_ms=0.01 unpack_ms=2.71 total_ms=52.43
v5_service device=0 lane=2 class=0 jobs=39 rows=8314 cells=485996 reach=271945 reverse=485996 table_mib=17.4 mutable_mib=280.0 max_job_mib=9.5 oldest_ms=79.99 pack_ms=11.66 solve_ms=52.48
v5_device jobs=40 rows=8291 cells=440137 direct=true graph_reused=false upload_ms=5.82 capture_ms=3.39 queue_ms=23.78 gpu_ms=0.01 unpack_ms=2.49 total_ms=35.49
v5_service device=1 lane=2 class=0 jobs=40 rows=8291 cells=440137 reach=275653 reverse=461230 table_mib=16.7 mutable_mib=272.0 max_job_mib=9.7 oldest_ms=78.47 pack_ms=7.83 solve_ms=35.53
v5_device jobs=8 rows=3581 cells=285876 direct=true graph_reused=false upload_ms=4.09 capture_ms=3.91 queue_ms=15.83 gpu_ms=0.03 unpack_ms=1.81 total_ms=25.67
v5_service device=0 lane=1 class=1 jobs=8 rows=3581 cells=285876 reach=175831 reverse=285876 table_mib=9.6 mutable_mib=128.0 max_job_mib=18.7 oldest_ms=138.03 pack_ms=5.43 solve_ms=25.73
v5_device jobs=3 rows=1180 cells=47375 direct=true graph_reused=false upload_ms=0.71 capture_ms=4.31 queue_ms=6.24 gpu_ms=0.01 unpack_ms=0.37 total_ms=11.65
v5_service device=0 lane=0 class=1 jobs=3 rows=1180 cells=47375 reach=28992 reverse=47375 table_mib=1.9 mutable_mib=48.0 max_job_mib=17.5 oldest_ms=123.84 pack_ms=1.29 solve_ms=11.70
v5_device jobs=7 rows=2810 cells=181681 direct=true graph_reused=false upload_ms=2.39 capture_ms=3.64 queue_ms=10.54 gpu_ms=0.01 unpack_ms=0.88 total_ms=17.46
v5_service device=1 lane=2 class=1 jobs=7 rows=2810 cells=181681 reach=113008 reverse=181681 table_mib=6.3 mutable_mib=112.0 max_job_mib=18.1 oldest_ms=124.85 pack_ms=3.56 solve_ms=17.51
v5_device jobs=10 rows=4207 cells=211125 direct=true graph_reused=false upload_ms=5.43 capture_ms=3.56 queue_ms=14.75 gpu_ms=0.01 unpack_ms=1.03 total_ms=24.78
v5_service device=0 lane=2 class=1 jobs=10 rows=4207 cells=211125 reach=149882 reverse=219245 table_mib=8.0 mutable_mib=160.0 max_job_mib=18.0 oldest_ms=149.18 pack_ms=5.21 solve_ms=24.83
v5_device jobs=52 rows=11269 cells=513231 direct=true graph_reused=false upload_ms=14.83 capture_ms=5.40 queue_ms=25.91 gpu_ms=0.01 unpack_ms=2.66 total_ms=48.81
v5_service device=1 lane=0 class=0 jobs=52 rows=11269 cells=513231 reach=334505 reverse=550337 table_mib=20.2 mutable_mib=348.0 max_job_mib=9.8 oldest_ms=78.57 pack_ms=15.79 solve_ms=48.87
v5_device jobs=37 rows=8038 cells=268444 direct=true graph_reused=false upload_ms=7.27 capture_ms=3.92 queue_ms=21.74 gpu_ms=0.01 unpack_ms=1.73 total_ms=34.68
v5_service device=1 lane=1 class=0 jobs=37 rows=8038 cells=268444 reach=235547 reverse=346870 table_mib=13.3 mutable_mib=260.0 max_job_mib=9.3 oldest_ms=80.40 pack_ms=8.95 solve_ms=34.73
v5_device jobs=6 rows=2465 cells=105632 direct=true graph_reused=false upload_ms=1.69 capture_ms=3.95 queue_ms=14.23 gpu_ms=0.01 unpack_ms=0.59 total_ms=20.46
v5_service device=1 lane=1 class=1 jobs=6 rows=2465 cells=105632 reach=80204 reverse=118009 table_mib=4.4 mutable_mib=96.0 max_job_mib=17.7 oldest_ms=127.32 pack_ms=2.67 solve_ms=20.52
v5_device jobs=12 rows=5500 cells=284723 direct=true graph_reused=false upload_ms=5.26 capture_ms=4.99 queue_ms=26.12 gpu_ms=0.01 unpack_ms=1.67 total_ms=38.06
v5_service device=1 lane=0 class=1 jobs=12 rows=5500 cells=284723 reach=190002 reverse=302221 table_mib=11.1 mutable_mib=192.0 max_job_mib=18.7 oldest_ms=151.46 pack_ms=7.30 solve_ms=38.10
v5_device jobs=40 rows=8817 cells=258544 direct=true graph_reused=false upload_ms=5.38 capture_ms=3.53 queue_ms=20.54 gpu_ms=0.01 unpack_ms=1.33 total_ms=30.79
v5_service device=1 lane=2 class=0 jobs=40 rows=8817 cells=258544 reach=227428 reverse=332076 table_mib=13.1 mutable_mib=268.0 max_job_mib=9.3 oldest_ms=79.78 pack_ms=7.64 solve_ms=30.85
v5_device jobs=41 rows=8675 cells=356849 direct=true graph_reused=false upload_ms=5.52 capture_ms=3.62 queue_ms=39.76 gpu_ms=0.01 unpack_ms=1.94 total_ms=50.85
v5_service device=0 lane=0 class=0 jobs=41 rows=8675 cells=356849 reach=224439 reverse=366456 table_mib=14.1 mutable_mib=288.0 max_job_mib=9.5 oldest_ms=79.51 pack_ms=7.69 solve_ms=50.91
v5_device jobs=3 rows=1736 cells=50268 direct=true graph_reused=false upload_ms=0.84 capture_ms=4.54 queue_ms=6.24 gpu_ms=0.01 unpack_ms=0.28 total_ms=11.91
v5_service device=1 lane=2 class=1 jobs=3 rows=1736 cells=50268 reach=40966 reverse=56502 table_mib=2.2 mutable_mib=64.0 max_job_mib=33.1 oldest_ms=105.14 pack_ms=1.27 solve_ms=11.95
v5_device jobs=45 rows=9123 cells=394648 direct=true graph_reused=false upload_ms=6.99 capture_ms=3.72 queue_ms=33.51 gpu_ms=0.01 unpack_ms=2.28 total_ms=46.53
v5_service device=0 lane=2 class=0 jobs=45 rows=9123 cells=394648 reach=277478 reverse=448757 table_mib=16.5 mutable_mib=280.0 max_job_mib=9.9 oldest_ms=80.89 pack_ms=9.22 solve_ms=46.58
v5_device jobs=44 rows=8699 cells=405524 direct=true graph_reused=false upload_ms=8.29 capture_ms=4.19 queue_ms=55.84 gpu_ms=0.02 unpack_ms=2.65 total_ms=70.99
v5_service device=0 lane=1 class=0 jobs=44 rows=8699 cells=405524 reach=253283 reverse=413554 table_mib=15.6 mutable_mib=288.0 max_job_mib=9.6 oldest_ms=80.42 pack_ms=9.56 solve_ms=71.04
v5_device jobs=11 rows=4589 cells=227791 direct=true graph_reused=false upload_ms=3.42 capture_ms=3.46 queue_ms=15.90 gpu_ms=0.02 unpack_ms=1.13 total_ms=23.93
v5_service device=0 lane=0 class=1 jobs=11 rows=4589 cells=227791 reach=155982 reverse=240942 table_mib=8.8 mutable_mib=176.0 max_job_mib=18.3 oldest_ms=136.91 pack_ms=4.52 solve_ms=23.98
v5_device jobs=7 rows=3156 cells=148092 direct=true graph_reused=false upload_ms=2.96 capture_ms=4.45 queue_ms=17.34 gpu_ms=0.01 unpack_ms=1.02 total_ms=25.77
v5_service device=0 lane=1 class=1 jobs=7 rows=3156 cells=148092 reach=112525 reverse=160961 table_mib=5.8 mutable_mib=112.0 max_job_mib=18.0 oldest_ms=165.93 pack_ms=4.39 solve_ms=25.85
v5_device jobs=8 rows=3663 cells=185763 direct=true graph_reused=false upload_ms=3.37 capture_ms=3.78 queue_ms=19.78 gpu_ms=0.01 unpack_ms=1.43 total_ms=28.37
v5_service device=0 lane=2 class=1 jobs=8 rows=3663 cells=185763 reach=123816 reverse=185763 table_mib=7.0 mutable_mib=128.0 max_job_mib=17.9 oldest_ms=141.80 pack_ms=4.21 solve_ms=28.42
v5_device jobs=45 rows=9202 cells=267662 direct=true graph_reused=false upload_ms=10.34 capture_ms=3.96 queue_ms=47.24 gpu_ms=0.01 unpack_ms=1.44 total_ms=62.99
v5_service device=1 lane=1 class=0 jobs=45 rows=9202 cells=267662 reach=271608 reverse=385576 table_mib=14.6 mutable_mib=280.0 max_job_mib=9.2 oldest_ms=80.56 pack_ms=10.23 solve_ms=63.05
v5_device jobs=39 rows=8393 cells=179923 direct=true graph_reused=false upload_ms=4.91 capture_ms=3.63 queue_ms=25.09 gpu_ms=0.01 unpack_ms=1.16 total_ms=34.79
v5_service device=1 lane=2 class=0 jobs=39 rows=8393 cells=179923 reach=230359 reverse=306517 table_mib=12.0 mutable_mib=272.0 max_job_mib=9.3 oldest_ms=79.04 pack_ms=6.34 solve_ms=34.86
v5_device jobs=69 rows=13361 cells=263506 direct=true graph_reused=false upload_ms=12.99 capture_ms=3.57 queue_ms=58.51 gpu_ms=0.01 unpack_ms=1.81 total_ms=76.90
v5_service device=1 lane=0 class=0 jobs=69 rows=13361 cells=263506 reach=343081 reverse=456573 table_mib=18.3 mutable_mib=400.0 max_job_mib=10.2 oldest_ms=77.42 pack_ms=12.82 solve_ms=76.95
v5_device jobs=6 rows=2576 cells=45673 direct=true graph_reused=false upload_ms=1.82 capture_ms=4.18 queue_ms=10.85 gpu_ms=0.01 unpack_ms=0.41 total_ms=17.26
v5_service device=1 lane=2 class=1 jobs=6 rows=2576 cells=45673 reach=80750 reverse=98276 table_mib=3.7 mutable_mib=96.0 max_job_mib=17.0 oldest_ms=123.35 pack_ms=2.46 solve_ms=17.33
v5_device jobs=7 rows=3829 cells=109574 direct=true graph_reused=false upload_ms=3.09 capture_ms=3.85 queue_ms=21.29 gpu_ms=0.01 unpack_ms=0.83 total_ms=29.07
v5_service device=1 lane=1 class=1 jobs=7 rows=3829 cells=109574 reach=112896 reverse=148494 table_mib=5.8 mutable_mib=128.0 max_job_mib=33.2 oldest_ms=147.45 pack_ms=4.02 solve_ms=29.12
v5_device jobs=12 rows=5840 cells=100827 direct=true graph_reused=false upload_ms=7.49 capture_ms=6.50 queue_ms=12.83 gpu_ms=0.01 unpack_ms=0.70 total_ms=27.53
v5_service device=1 lane=0 class=1 jobs=12 rows=5840 cells=100827 reach=161162 reverse=200028 table_mib=7.9 mutable_mib=208.0 max_job_mib=33.6 oldest_ms=177.91 pack_ms=8.54 solve_ms=27.59
v5_device jobs=10 rows=4246 cells=105356 direct=true graph_reused=false upload_ms=3.62 capture_ms=3.64 queue_ms=62.60 gpu_ms=0.01 unpack_ms=0.68 total_ms=70.55
v5_service device=0 lane=2 class=1 jobs=10 rows=4246 cells=105356 reach=120225 reverse=153873 table_mib=6.1 mutable_mib=160.0 max_job_mib=18.0 oldest_ms=77.60 pack_ms=4.18 solve_ms=70.60
v5_device jobs=69 rows=14989 cells=367287 direct=true graph_reused=false upload_ms=27.64 capture_ms=4.26 queue_ms=51.73 gpu_ms=0.01 unpack_ms=2.05 total_ms=85.69
v5_service device=0 lane=0 class=0 jobs=69 rows=14989 cells=367287 reach=391806 reverse=543981 table_mib=21.5 mutable_mib=466.0 max_job_mib=9.2 oldest_ms=78.52 pack_ms=13.01 solve_ms=85.74
v5_device jobs=50 rows=10627 cells=385419 direct=true graph_reused=false upload_ms=11.61 capture_ms=3.87 queue_ms=44.27 gpu_ms=0.01 unpack_ms=2.21 total_ms=61.98
v5_service device=0 lane=1 class=0 jobs=50 rows=10627 cells=385419 reach=309762 reverse=468002 table_mib=17.6 mutable_mib=348.0 max_job_mib=9.3 oldest_ms=80.11 pack_ms=13.11 solve_ms=62.12
v5_device jobs=15 rows=7332 cells=190335 direct=true graph_reused=false upload_ms=7.48 capture_ms=5.07 queue_ms=28.38 gpu_ms=0.01 unpack_ms=0.96 total_ms=41.89
v5_service device=0 lane=0 class=1 jobs=15 rows=7332 cells=190335 reach=240575 reverse=315903 table_mib=11.7 mutable_mib=256.0 max_job_mib=34.1 oldest_ms=184.46 pack_ms=8.34 solve_ms=41.95
v5_device jobs=10 rows=5017 cells=212347 direct=true graph_reused=false upload_ms=6.22 capture_ms=5.03 queue_ms=32.96 gpu_ms=0.01 unpack_ms=1.12 total_ms=45.34
v5_service device=0 lane=1 class=1 jobs=10 rows=5017 cells=212347 reach=166466 reverse=242865 table_mib=9.0 mutable_mib=192.0 max_job_mib=33.5 oldest_ms=162.14 pack_ms=7.13 solve_ms=45.40
v5_device jobs=55 rows=12035 cells=173245 direct=true graph_reused=false upload_ms=8.98 capture_ms=3.81 queue_ms=38.02 gpu_ms=0.01 unpack_ms=1.07 total_ms=51.90
v5_service device=1 lane=2 class=0 jobs=55 rows=12035 cells=173245 reach=300855 reverse=368845 table_mib=15.1 mutable_mib=356.0 max_job_mib=8.9 oldest_ms=78.99 pack_ms=11.57 solve_ms=51.96
v5_device jobs=96 rows=19421 cells=449947 direct=true graph_reused=false upload_ms=22.32 capture_ms=4.01 queue_ms=42.96 gpu_ms=0.01 unpack_ms=2.97 total_ms=72.28
v5_service device=0 lane=2 class=0 jobs=96 rows=19421 cells=449947 reach=500437 reverse=681462 table_mib=27.3 mutable_mib=614.0 max_job_mib=9.5 oldest_ms=157.29 pack_ms=25.93 solve_ms=72.34
v5_device jobs=13 rows=5550 cells=174924 direct=true graph_reused=false upload_ms=4.68 capture_ms=4.20 queue_ms=24.94 gpu_ms=0.01 unpack_ms=0.87 total_ms=34.70
v5_service device=1 lane=2 class=1 jobs=13 rows=5550 cells=174924 reach=212184 reverse=282591 table_mib=10.0 mutable_mib=208.0 max_job_mib=19.2 oldest_ms=147.62 pack_ms=5.75 solve_ms=34.75
v5_device jobs=61 rows=13761 cells=221704 direct=true graph_reused=false upload_ms=12.39 capture_ms=4.38 queue_ms=53.86 gpu_ms=0.02 unpack_ms=1.66 total_ms=72.32
v5_service device=1 lane=0 class=0 jobs=61 rows=13761 cells=221704 reach=347465 reverse=438750 table_mib=17.8 mutable_mib=422.0 max_job_mib=8.8 oldest_ms=78.09 pack_ms=13.24 solve_ms=72.36
v5_device jobs=60 rows=12901 cells=230193 direct=true graph_reused=false upload_ms=15.24 capture_ms=4.70 queue_ms=73.14 gpu_ms=0.01 unpack_ms=1.95 total_ms=95.05
v5_service device=1 lane=1 class=0 jobs=60 rows=12901 cells=230193 reach=341664 reverse=442474 table_mib=17.5 mutable_mib=386.0 max_job_mib=8.9 oldest_ms=80.19 pack_ms=14.51 solve_ms=95.11
v5_device jobs=5 rows=1962 cells=33724 direct=true graph_reused=false upload_ms=2.46 capture_ms=9.03 queue_ms=7.38 gpu_ms=0.01 unpack_ms=0.25 total_ms=19.12
v5_service device=1 lane=1 class=1 jobs=5 rows=1962 cells=33724 reach=62816 reverse=76186 table_mib=2.9 mutable_mib=80.0 max_job_mib=16.9 oldest_ms=204.13 pack_ms=3.82 solve_ms=19.17
v5_device jobs=11 rows=4594 cells=43502 direct=true graph_reused=false upload_ms=2.99 capture_ms=5.17 queue_ms=12.17 gpu_ms=0.01 unpack_ms=0.37 total_ms=20.70
v5_service device=1 lane=0 class=1 jobs=11 rows=4594 cells=43502 reach=95520 reverse=109703 table_mib=4.9 mutable_mib=176.0 max_job_mib=16.9 oldest_ms=177.97 pack_ms=3.66 solve_ms=20.74
v5_device jobs=80 rows=17168 cells=278662 direct=true graph_reused=false upload_ms=30.12 capture_ms=4.15 queue_ms=47.98 gpu_ms=0.01 unpack_ms=1.66 total_ms=83.91
v5_service device=0 lane=0 class=0 jobs=80 rows=17168 cells=278662 reach=441784 reverse=551453 table_mib=22.3 mutable_mib=536.0 max_job_mib=8.8 oldest_ms=78.40 pack_ms=15.80 solve_ms=83.97
v5_device jobs=61 rows=12538 cells=212133 direct=true graph_reused=false upload_ms=12.00 capture_ms=4.13 queue_ms=66.52 gpu_ms=0.01 unpack_ms=1.54 total_ms=84.20
v5_service device=0 lane=1 class=0 jobs=61 rows=12538 cells=212133 reach=318889 reverse=406391 table_mib=16.4 mutable_mib=378.0 max_job_mib=9.1 oldest_ms=77.48 pack_ms=14.20 solve_ms=84.25
v5_device jobs=63 rows=13147 cells=217556 direct=true graph_reused=false upload_ms=10.07 capture_ms=3.88 queue_ms=37.44 gpu_ms=0.02 unpack_ms=1.71 total_ms=53.12
v5_service device=0 lane=2 class=0 jobs=63 rows=13147 cells=217556 reach=347544 reverse=441224 table_mib=17.5 mutable_mib=400.0 max_job_mib=8.7 oldest_ms=77.91 pack_ms=10.99 solve_ms=53.17
v5_device jobs=76 rows=16887 cells=268129 direct=true graph_reused=false upload_ms=11.26 capture_ms=3.06 queue_ms=34.31 gpu_ms=0.01 unpack_ms=1.81 total_ms=50.46
v5_service device=1 lane=2 class=0 jobs=76 rows=16887 cells=268129 reach=452863 reverse=561900 table_mib=22.4 mutable_mib=500.0 max_job_mib=8.8 oldest_ms=77.28 pack_ms=12.65 solve_ms=50.51
v5_device jobs=9 rows=3801 cells=57622 direct=true graph_reused=false upload_ms=2.48 capture_ms=4.40 queue_ms=9.71 gpu_ms=0.01 unpack_ms=0.42 total_ms=17.01
v5_service device=1 lane=2 class=1 jobs=9 rows=3801 cells=57622 reach=101516 reverse=123463 table_mib=4.9 mutable_mib=144.0 max_job_mib=17.2 oldest_ms=147.36 pack_ms=3.19 solve_ms=17.07
v5_device jobs=9 rows=5556 cells=74978 direct=true graph_reused=false upload_ms=4.68 capture_ms=6.41 queue_ms=22.16 gpu_ms=0.01 unpack_ms=0.52 total_ms=33.78
v5_service device=0 lane=2 class=1 jobs=9 rows=5556 cells=74978 reach=139749 reverse=159826 table_mib=6.6 mutable_mib=176.0 max_job_mib=34.2 oldest_ms=151.34 pack_ms=4.64 solve_ms=33.83
v5_device jobs=12 rows=6878 cells=108680 direct=true graph_reused=false upload_ms=5.26 capture_ms=3.86 queue_ms=37.67 gpu_ms=0.01 unpack_ms=0.66 total_ms=47.45
v5_service device=0 lane=0 class=1 jobs=12 rows=6878 cells=108680 reach=189190 reverse=229910 table_mib=9.0 mutable_mib=224.0 max_job_mib=34.6 oldest_ms=186.10 pack_ms=6.19 solve_ms=47.50
v5_device jobs=10 rows=5353 cells=102753 direct=true graph_reused=false upload_ms=8.20 capture_ms=5.52 queue_ms=34.03 gpu_ms=0.01 unpack_ms=0.81 total_ms=48.58
v5_service device=0 lane=1 class=1 jobs=10 rows=5353 cells=102753 reach=167255 reverse=207442 table_mib=7.8 mutable_mib=192.0 max_job_mib=33.8 oldest_ms=183.34 pack_ms=6.43 solve_ms=48.64
v5_device jobs=1 rows=11724 cells=75508 direct=true graph_reused=false upload_ms=7.56 capture_ms=3.53 queue_ms=21.92 gpu_ms=0.01 unpack_ms=0.30 total_ms=33.32
v5_service device=0 lane=2 class=2 jobs=1 rows=11724 cells=75508 reach=225740 reverse=227442 table_mib=11.1 mutable_mib=256.0 max_job_mib=269.4 oldest_ms=172.37 pack_ms=12.16 solve_ms=33.36
v5_device jobs=73 rows=15853 cells=271200 direct=true graph_reused=false upload_ms=19.60 capture_ms=4.23 queue_ms=59.73 gpu_ms=0.01 unpack_ms=1.81 total_ms=85.38
v5_service device=1 lane=1 class=0 jobs=73 rows=15853 cells=271200 reach=431011 reverse=546624 table_mib=21.5 mutable_mib=472.0 max_job_mib=8.9 oldest_ms=79.69 pack_ms=28.43 solve_ms=85.44
v5_device jobs=93 rows=19247 cells=320860 direct=true graph_reused=false upload_ms=23.57 capture_ms=3.75 queue_ms=50.98 gpu_ms=0.01 unpack_ms=2.40 total_ms=80.71
v5_service device=1 lane=0 class=0 jobs=93 rows=19247 cells=320860 reach=503582 reverse=639546 table_mib=25.5 mutable_mib=580.0 max_job_mib=8.8 oldest_ms=81.80 pack_ms=31.47 solve_ms=80.76
v5_device jobs=5 rows=2064 cells=25426 direct=true graph_reused=false upload_ms=1.47 capture_ms=5.20 queue_ms=25.20 gpu_ms=0.01 unpack_ms=0.22 total_ms=32.09
v5_service device=1 lane=1 class=1 jobs=5 rows=2064 cells=25426 reach=54122 reverse=62828 table_mib=2.6 mutable_mib=80.0 max_job_mib=17.0 oldest_ms=218.56 pack_ms=2.15 solve_ms=32.17
v5_device jobs=8 rows=4383 cells=53854 direct=true graph_reused=false upload_ms=3.40 capture_ms=4.62 queue_ms=41.41 gpu_ms=0.01 unpack_ms=0.46 total_ms=49.90
v5_service device=1 lane=0 class=1 jobs=8 rows=4383 cells=53854 reach=104491 reverse=123699 table_mib=5.2 mutable_mib=144.0 max_job_mib=33.1 oldest_ms=212.57 pack_ms=4.29 solve_ms=49.96
v5_device jobs=73 rows=14824 cells=263227 direct=true graph_reused=false upload_ms=13.80 capture_ms=4.41 queue_ms=33.89 gpu_ms=0.01 unpack_ms=1.52 total_ms=53.62
v5_service device=1 lane=2 class=0 jobs=73 rows=14824 cells=263227 reach=397327 reverse=509598 table_mib=20.1 mutable_mib=454.0 max_job_mib=8.8 oldest_ms=78.20 pack_ms=13.91 solve_ms=53.67
v5_device jobs=11 rows=7426 cells=115452 direct=true graph_reused=false upload_ms=4.72 capture_ms=3.31 queue_ms=18.17 gpu_ms=0.01 unpack_ms=0.58 total_ms=26.78
v5_service device=1 lane=2 class=1 jobs=11 rows=7426 cells=115452 reach=223162 reverse=260783 table_mib=10.1 mutable_mib=240.0 max_job_mib=34.8 oldest_ms=151.70 pack_ms=6.25 solve_ms=26.82
v5_device jobs=74 rows=15451 cells=249357 direct=true graph_reused=false upload_ms=27.11 capture_ms=4.18 queue_ms=67.41 gpu_ms=0.01 unpack_ms=1.67 total_ms=100.38
v5_service device=0 lane=0 class=0 jobs=74 rows=15451 cells=249357 reach=409182 reverse=513200 table_mib=20.5 mutable_mib=462.0 max_job_mib=8.9 oldest_ms=77.46 pack_ms=14.43 solve_ms=100.42
v5_device jobs=70 rows=15153 cells=246777 direct=true graph_reused=false upload_ms=14.60 capture_ms=3.95 queue_ms=79.86 gpu_ms=0.01 unpack_ms=1.73 total_ms=100.15
v5_service device=0 lane=1 class=0 jobs=70 rows=15153 cells=246777 reach=385971 reverse=495433 table_mib=19.8 mutable_mib=450.0 max_job_mib=8.8 oldest_ms=78.94 pack_ms=16.05 solve_ms=100.21
v5_device jobs=62 rows=14130 cells=217197 direct=true graph_reused=false upload_ms=10.14 capture_ms=4.91 queue_ms=47.17 gpu_ms=0.01 unpack_ms=1.62 total_ms=63.84
v5_service device=0 lane=2 class=0 jobs=62 rows=14130 cells=217197 reach=369951 reverse=459630 table_mib=18.5 mutable_mib=416.0 max_job_mib=8.7 oldest_ms=77.51 pack_ms=11.28 solve_ms=63.88
v5_device jobs=8 rows=3968 cells=56679 direct=true graph_reused=false upload_ms=2.19 capture_ms=5.11 queue_ms=18.10 gpu_ms=0.01 unpack_ms=0.32 total_ms=25.72
v5_service device=0 lane=0 class=1 jobs=8 rows=3968 cells=56679 reach=87467 reverse=109550 table_mib=4.6 mutable_mib=144.0 max_job_mib=32.9 oldest_ms=209.33 pack_ms=3.75 solve_ms=25.78
v5_device jobs=5 rows=2106 cells=44492 direct=true graph_reused=false upload_ms=1.77 capture_ms=5.04 queue_ms=27.36 gpu_ms=0.01 unpack_ms=0.30 total_ms=34.48
v5_service device=0 lane=2 class=1 jobs=5 rows=2106 cells=44492 reach=64201 reverse=83654 table_mib=3.1 mutable_mib=80.0 max_job_mib=16.9 oldest_ms=158.26 pack_ms=2.46 solve_ms=34.54
v5_device jobs=9 rows=4925 cells=102954 direct=true graph_reused=false upload_ms=4.36 capture_ms=4.43 queue_ms=18.30 gpu_ms=0.01 unpack_ms=0.62 total_ms=27.72
v5_service device=0 lane=1 class=1 jobs=9 rows=4925 cells=102954 reach=158774 reverse=202354 table_mib=7.4 mutable_mib=160.0 max_job_mib=34.6 oldest_ms=211.82 pack_ms=6.14 solve_ms=27.77
v5_device jobs=70 rows=15131 cells=221186 direct=true graph_reused=false upload_ms=13.93 capture_ms=4.12 queue_ms=39.84 gpu_ms=0.01 unpack_ms=1.50 total_ms=59.41
v5_service device=1 lane=0 class=0 jobs=70 rows=15131 cells=221186 reach=386273 reverse=477771 table_mib=19.4 mutable_mib=460.0 max_job_mib=8.8 oldest_ms=78.30 pack_ms=13.91 solve_ms=59.45
v5_device jobs=65 rows=13190 cells=200270 direct=true graph_reused=false upload_ms=14.34 capture_ms=6.68 queue_ms=46.78 gpu_ms=0.01 unpack_ms=1.36 total_ms=69.17
v5_service device=1 lane=1 class=0 jobs=65 rows=13190 cells=200270 reach=330574 reverse=415458 table_mib=16.9 mutable_mib=416.0 max_job_mib=8.7 oldest_ms=81.00 pack_ms=20.13 solve_ms=69.24
v5_device jobs=9 rows=3772 cells=61535 direct=true graph_reused=false upload_ms=2.94 capture_ms=5.75 queue_ms=35.58 gpu_ms=0.01 unpack_ms=0.41 total_ms=44.69
v5_service device=1 lane=0 class=1 jobs=9 rows=3772 cells=61535 reach=106441 reverse=130582 table_mib=5.1 mutable_mib=144.0 max_job_mib=17.1 oldest_ms=156.36 pack_ms=3.65 solve_ms=44.75
v5_device jobs=8 rows=3775 cells=48070 direct=true graph_reused=false upload_ms=3.07 capture_ms=6.10 queue_ms=33.33 gpu_ms=0.00 unpack_ms=0.35 total_ms=42.86
v5_service device=1 lane=1 class=1 jobs=8 rows=3775 cells=48070 reach=89215 reverse=105730 table_mib=4.4 mutable_mib=128.0 max_job_mib=16.9 oldest_ms=176.74 pack_ms=4.58 solve_ms=42.99
v5_device jobs=91 rows=20017 cells=326311 direct=true graph_reused=false upload_ms=15.57 capture_ms=4.31 queue_ms=53.66 gpu_ms=0.01 unpack_ms=1.98 total_ms=75.52
v5_service device=1 lane=2 class=0 jobs=91 rows=20017 cells=326311 reach=534001 reverse=674049 table_mib=26.7 mutable_mib=592.0 max_job_mib=8.8 oldest_ms=77.71 pack_ms=15.30 solve_ms=75.58
v5_device jobs=12 rows=5469 cells=82545 direct=true graph_reused=false upload_ms=3.36 capture_ms=3.51 queue_ms=13.18 gpu_ms=0.01 unpack_ms=0.44 total_ms=20.50
v5_service device=1 lane=2 class=1 jobs=12 rows=5469 cells=82545 reach=144416 reverse=176066 table_mib=7.0 mutable_mib=208.0 max_job_mib=33.0 oldest_ms=174.06 pack_ms=4.13 solve_ms=20.55
v5_device jobs=52 rows=10876 cells=182380 direct=true graph_reused=false upload_ms=16.11 capture_ms=3.62 queue_ms=57.99 gpu_ms=0.01 unpack_ms=1.10 total_ms=78.83
v5_service device=0 lane=0 class=0 jobs=52 rows=10876 cells=182380 reach=297049 reverse=373984 table_mib=14.8 mutable_mib=326.0 max_job_mib=8.7 oldest_ms=77.18 pack_ms=8.32 solve_ms=78.87
v5_device jobs=62 rows=13933 cells=225889 direct=true graph_reused=false upload_ms=13.72 capture_ms=4.01 queue_ms=53.81 gpu_ms=0.01 unpack_ms=1.59 total_ms=73.15
v5_service device=0 lane=2 class=0 jobs=62 rows=13933 cells=225889 reach=359821 reverse=455589 table_mib=18.2 mutable_mib=418.0 max_job_mib=8.8 oldest_ms=77.34 pack_ms=10.84 solve_ms=73.19
v5_device jobs=53 rows=10557 cells=164976 direct=true graph_reused=false upload_ms=9.30 capture_ms=4.69 queue_ms=57.03 gpu_ms=0.01 unpack_ms=1.46 total_ms=72.49
v5_service device=0 lane=1 class=0 jobs=53 rows=10557 cells=164976 reach=272242 reverse=341984 table_mib=13.8 mutable_mib=330.0 max_job_mib=8.9 oldest_ms=77.49 pack_ms=10.13 solve_ms=72.57
v5_device jobs=11 rows=5354 cells=81654 direct=true graph_reused=false upload_ms=4.06 capture_ms=3.94 queue_ms=21.09 gpu_ms=0.01 unpack_ms=0.51 total_ms=29.61
v5_service device=0 lane=0 class=1 jobs=11 rows=5354 cells=81654 reach=161581 reverse=191498 table_mib=7.4 mutable_mib=192.0 max_job_mib=33.2 oldest_ms=164.82 pack_ms=4.64 solve_ms=29.67
v5_device jobs=3 rows=1200 cells=25418 direct=true graph_reused=false upload_ms=1.39 capture_ms=8.03 queue_ms=26.87 gpu_ms=0.01 unpack_ms=0.23 total_ms=36.54
v5_service device=0 lane=1 class=1 jobs=3 rows=1200 cells=25418 reach=40732 reverse=52208 table_mib=1.9 mutable_mib=48.0 max_job_mib=17.0 oldest_ms=135.08 pack_ms=2.14 solve_ms=36.65
v5_device jobs=10 rows=5216 cells=76802 direct=true graph_reused=false upload_ms=4.81 capture_ms=5.64 queue_ms=17.66 gpu_ms=0.01 unpack_ms=0.64 total_ms=28.75
v5_service device=0 lane=2 class=1 jobs=10 rows=5216 cells=76802 reach=146018 reverse=173175 table_mib=6.8 mutable_mib=176.0 max_job_mib=33.3 oldest_ms=167.63 pack_ms=8.70 solve_ms=28.81
v5_device jobs=2 rows=11728 cells=88557 direct=true graph_reused=false upload_ms=6.53 capture_ms=3.77 queue_ms=23.75 gpu_ms=0.01 unpack_ms=0.43 total_ms=34.49
v5_service device=0 lane=2 class=2 jobs=2 rows=11728 cells=88557 reach=253313 reverse=275508 table_mib=12.3 mutable_mib=320.0 max_job_mib=267.7 oldest_ms=166.24 pack_ms=9.88 solve_ms=34.53
v5_device jobs=69 rows=15079 cells=244826 direct=true graph_reused=false upload_ms=14.43 capture_ms=3.67 queue_ms=54.18 gpu_ms=0.01 unpack_ms=1.40 total_ms=73.68
v5_service device=1 lane=0 class=0 jobs=69 rows=15079 cells=244826 reach=389722 reverse=490481 table_mib=19.7 mutable_mib=452.0 max_job_mib=8.9 oldest_ms=77.54 pack_ms=13.44 solve_ms=73.72
v5_device jobs=7 rows=3132 cells=64956 direct=true graph_reused=false upload_ms=2.32 capture_ms=4.44 queue_ms=20.25 gpu_ms=0.01 unpack_ms=0.44 total_ms=27.46
v5_service device=1 lane=0 class=1 jobs=7 rows=3132 cells=64956 reach=107399 reverse=132747 table_mib=4.9 mutable_mib=112.0 max_job_mib=17.3 oldest_ms=171.12 pack_ms=3.00 solve_ms=27.51
v5_device jobs=90 rows=18809 cells=309089 direct=true graph_reused=false upload_ms=13.60 capture_ms=3.58 queue_ms=61.75 gpu_ms=0.01 unpack_ms=2.01 total_ms=80.94
v5_service device=1 lane=2 class=0 jobs=90 rows=18809 cells=309089 reach=501441 reverse=633163 table_mib=25.2 mutable_mib=590.0 max_job_mib=8.7 oldest_ms=76.95 pack_ms=13.99 solve_ms=80.99
v5_device jobs=77 rows=16215 cells=283149 direct=true graph_reused=false upload_ms=17.24 capture_ms=4.00 queue_ms=93.24 gpu_ms=0.01 unpack_ms=2.49 total_ms=116.98
v5_service device=1 lane=1 class=0 jobs=77 rows=16215 cells=283149 reach=448713 reverse=573930 table_mib=22.4 mutable_mib=490.0 max_job_mib=9.0 oldest_ms=77.55 pack_ms=16.78 solve_ms=117.08
v5_device jobs=15 rows=8632 cells=116667 direct=true graph_reused=false upload_ms=4.89 capture_ms=3.33 queue_ms=46.74 gpu_ms=0.01 unpack_ms=0.70 total_ms=55.67
v5_service device=0 lane=0 class=1 jobs=15 rows=8632 cells=116667 reach=226941 reverse=263115 table_mib=10.7 mutable_mib=288.0 max_job_mib=33.8 oldest_ms=75.98 pack_ms=6.18 solve_ms=55.73
v5_device jobs=64 rows=12891 cells=219970 direct=true graph_reused=false upload_ms=9.35 capture_ms=4.12 queue_ms=29.20 gpu_ms=0.01 unpack_ms=1.43 total_ms=44.10
v5_service device=0 lane=1 class=0 jobs=64 rows=12891 cells=219970 reach=347275 reverse=442710 table_mib=17.5 mutable_mib=388.0 max_job_mib=8.8 oldest_ms=77.09 pack_ms=12.34 solve_ms=44.17
v5_device jobs=9 rows=4832 cells=72902 direct=true graph_reused=false upload_ms=2.86 capture_ms=3.71 queue_ms=16.85 gpu_ms=0.01 unpack_ms=0.42 total_ms=23.85
v5_service device=1 lane=2 class=1 jobs=9 rows=4832 cells=72902 reach=124739 reverse=149915 table_mib=6.0 mutable_mib=160.0 max_job_mib=32.7 oldest_ms=175.79 pack_ms=3.96 solve_ms=23.89
v5_device jobs=5 rows=2214 cells=36956 direct=true graph_reused=false upload_ms=1.84 capture_ms=8.48 queue_ms=7.13 gpu_ms=0.02 unpack_ms=0.34 total_ms=17.81
v5_service device=1 lane=1 class=1 jobs=5 rows=2214 cells=36956 reach=58400 reverse=71460 table_mib=2.8 mutable_mib=80.0 max_job_mib=16.9 oldest_ms=211.36 pack_ms=3.00 solve_ms=17.94
v5_device jobs=7 rows=3939 cells=57121 direct=true graph_reused=false upload_ms=2.82 capture_ms=3.94 queue_ms=42.51 gpu_ms=0.01 unpack_ms=0.42 total_ms=49.71
v5_service device=0 lane=1 class=1 jobs=7 rows=3939 cells=57121 reach=107138 reverse=126384 table_mib=5.1 mutable_mib=128.0 max_job_mib=33.0 oldest_ms=132.50 pack_ms=3.65 solve_ms=49.78
v5_device jobs=1 rows=10218 cells=247045 direct=true graph_reused=false upload_ms=8.92 capture_ms=4.33 queue_ms=23.19 gpu_ms=0.01 unpack_ms=0.68 total_ms=37.13
v5_service device=1 lane=1 class=2 jobs=1 rows=10218 cells=247045 reach=347633 reverse=441941 table_mib=15.9 mutable_mib=256.0 max_job_mib=275.4 oldest_ms=189.31 pack_ms=18.89 solve_ms=37.19
v5_device jobs=76 rows=15949 cells=258968 direct=true graph_reused=false upload_ms=14.61 capture_ms=3.42 queue_ms=35.16 gpu_ms=0.01 unpack_ms=1.96 total_ms=55.16
v5_service device=0 lane=2 class=0 jobs=76 rows=15949 cells=258968 reach=427480 reverse=536761 table_mib=21.3 mutable_mib=478.0 max_job_mib=8.8 oldest_ms=78.51 pack_ms=16.04 solve_ms=55.20
v5_device jobs=66 rows=13576 cells=236860 direct=true graph_reused=false upload_ms=14.05 capture_ms=3.86 queue_ms=27.72 gpu_ms=0.01 unpack_ms=1.43 total_ms=47.06
v5_service device=1 lane=0 class=0 jobs=66 rows=13576 cells=236860 reach=386499 reverse=487857 table_mib=19.0 mutable_mib=422.0 max_job_mib=8.7 oldest_ms=78.58 pack_ms=10.81 solve_ms=47.11
v5_device jobs=4 rows=1768 cells=33686 direct=true graph_reused=false upload_ms=1.17 capture_ms=5.28 queue_ms=24.47 gpu_ms=0.01 unpack_ms=0.19 total_ms=31.11
v5_service device=1 lane=0 class=1 jobs=4 rows=1768 cells=33686 reach=56597 reverse=69781 table_mib=2.6 mutable_mib=64.0 max_job_mib=17.0 oldest_ms=142.29 pack_ms=1.63 solve_ms=31.15
v5_device jobs=66 rows=13791 cells=304067 direct=true graph_reused=false upload_ms=9.84 capture_ms=3.67 queue_ms=34.86 gpu_ms=0.01 unpack_ms=1.58 total_ms=49.96
v5_service device=1 lane=2 class=0 jobs=66 rows=13791 cells=304067 reach=399858 reverse=532220 table_mib=20.3 mutable_mib=410.0 max_job_mib=9.7 oldest_ms=78.28 pack_ms=10.87 solve_ms=50.01
v5_device jobs=9 rows=5057 cells=78827 direct=true graph_reused=false upload_ms=3.15 capture_ms=3.77 queue_ms=66.13 gpu_ms=0.02 unpack_ms=0.58 total_ms=73.65
v5_service device=0 lane=2 class=1 jobs=9 rows=5057 cells=78827 reach=135055 reverse=166113 table_mib=6.6 mutable_mib=176.0 max_job_mib=33.5 oldest_ms=150.96 pack_ms=4.08 solve_ms=73.71
v5_device jobs=143 rows=31417 cells=490755 direct=true graph_reused=false upload_ms=45.32 capture_ms=3.76 queue_ms=69.30 gpu_ms=0.01 unpack_ms=3.31 total_ms=121.70
v5_service device=0 lane=0 class=0 jobs=143 rows=31417 cells=490755 reach=812060 reverse=1014705 table_mib=40.8 mutable_mib=948.0 max_job_mib=8.8 oldest_ms=146.11 pack_ms=29.47 solve_ms=121.75
v5_device jobs=15 rows=7503 cells=99266 direct=true graph_reused=false upload_ms=5.85 capture_ms=4.07 queue_ms=28.33 gpu_ms=0.01 unpack_ms=0.61 total_ms=38.87
v5_service device=1 lane=2 class=1 jobs=15 rows=7503 cells=99266 reach=195975 reverse=233084 table_mib=9.4 mutable_mib=256.0 max_job_mib=33.3 oldest_ms=144.82 pack_ms=5.60 solve_ms=38.92
v5_device jobs=18 rows=9104 cells=132912 direct=true graph_reused=false upload_ms=10.47 capture_ms=7.28 queue_ms=28.82 gpu_ms=0.01 unpack_ms=0.85 total_ms=47.43
v5_service device=1 lane=1 class=1 jobs=18 rows=9104 cells=132912 reach=252562 reverse=300868 table_mib=11.9 mutable_mib=320.0 max_job_mib=33.6 oldest_ms=76.66 pack_ms=9.90 solve_ms=47.48
v5_device jobs=1 rows=11634 cells=188056 direct=true graph_reused=false upload_ms=10.32 capture_ms=3.56 queue_ms=40.51 gpu_ms=0.01 unpack_ms=0.49 total_ms=54.89
v5_service device=0 lane=2 class=2 jobs=1 rows=11634 cells=188056 reach=271757 reverse=351541 table_mib=14.1 mutable_mib=256.0 max_job_mib=273.0 oldest_ms=227.61 pack_ms=12.27 solve_ms=54.94
v5_device jobs=59 rows=13272 cells=235283 direct=true graph_reused=false upload_ms=16.85 capture_ms=4.92 queue_ms=42.51 gpu_ms=0.01 unpack_ms=1.46 total_ms=65.74
v5_service device=0 lane=1 class=0 jobs=59 rows=13272 cells=235283 reach=382829 reverse=483868 table_mib=18.7 mutable_mib=412.0 max_job_mib=8.8 oldest_ms=78.82 pack_ms=13.78 solve_ms=65.81
v5_device jobs=6 rows=3300 cells=66075 direct=true graph_reused=false upload_ms=2.53 capture_ms=3.78 queue_ms=10.36 gpu_ms=0.01 unpack_ms=0.35 total_ms=17.02
v5_service device=0 lane=1 class=1 jobs=6 rows=3300 cells=66075 reach=104296 reverse=131204 table_mib=4.9 mutable_mib=112.0 max_job_mib=33.2 oldest_ms=160.86 pack_ms=3.36 solve_ms=17.09
v5_device jobs=58 rows=11485 cells=189516 direct=true graph_reused=false upload_ms=9.24 capture_ms=3.27 queue_ms=23.52 gpu_ms=0.01 unpack_ms=1.20 total_ms=37.24
v5_service device=1 lane=0 class=0 jobs=58 rows=11485 cells=189516 reach=308104 reverse=390873 table_mib=15.5 mutable_mib=338.0 max_job_mib=8.7 oldest_ms=77.55 pack_ms=11.52 solve_ms=37.29
v5_device jobs=82 rows=18151 cells=330051 direct=true graph_reused=false upload_ms=33.80 capture_ms=3.11 queue_ms=51.29 gpu_ms=0.01 unpack_ms=1.69 total_ms=89.90
v5_service device=0 lane=0 class=0 jobs=82 rows=18151 cells=330051 reach=519066 reverse=661916 table_mib=25.6 mutable_mib=536.0 max_job_mib=8.8 oldest_ms=76.70 pack_ms=14.16 solve_ms=89.94
v5_device jobs=7 rows=3131 cells=70363 direct=true graph_reused=false upload_ms=2.95 capture_ms=3.32 queue_ms=74.13 gpu_ms=0.01 unpack_ms=0.41 total_ms=80.82
v5_service device=1 lane=0 class=1 jobs=7 rows=3131 cells=70363 reach=113161 reverse=143074 table_mib=5.1 mutable_mib=112.0 max_job_mib=17.2 oldest_ms=128.03 pack_ms=3.67 solve_ms=80.87
v5_device jobs=13 rows=6807 cells=97675 direct=true graph_reused=false upload_ms=4.11 capture_ms=3.65 queue_ms=58.05 gpu_ms=0.01 unpack_ms=0.77 total_ms=66.59
v5_service device=0 lane=2 class=1 jobs=13 rows=6807 cells=97675 reach=200468 reverse=235256 table_mib=9.2 mutable_mib=224.0 max_job_mib=33.6 oldest_ms=75.88 pack_ms=5.01 solve_ms=66.63
v5_device jobs=13 rows=7052 cells=131355 direct=true graph_reused=false upload_ms=4.33 capture_ms=3.92 queue_ms=27.78 gpu_ms=0.01 unpack_ms=0.80 total_ms=36.85
v5_service device=0 lane=1 class=1 jobs=13 rows=7052 cells=131355 reach=204741 reverse=260262 table_mib=9.9 mutable_mib=256.0 max_job_mib=34.9 oldest_ms=76.02 pack_ms=6.35 solve_ms=36.91
v5_device jobs=70 rows=15886 cells=250204 direct=true graph_reused=false upload_ms=11.96 capture_ms=3.84 queue_ms=63.47 gpu_ms=0.01 unpack_ms=1.66 total_ms=80.94
v5_service device=1 lane=2 class=0 jobs=70 rows=15886 cells=250204 reach=428809 reverse=530751 table_mib=21.1 mutable_mib=480.0 max_job_mib=8.8 oldest_ms=77.64 pack_ms=14.27 solve_ms=80.99
v5_device jobs=8 rows=3561 cells=84488 direct=true graph_reused=false upload_ms=2.37 capture_ms=3.32 queue_ms=13.01 gpu_ms=4.90 unpack_ms=0.49 total_ms=24.09
v5_service device=0 lane=0 class=1 jobs=8 rows=3561 cells=84488 reach=119756 reverse=151722 table_mib=5.6 mutable_mib=128.0 max_job_mib=17.6 oldest_ms=187.72 pack_ms=3.28 solve_ms=24.14
v5_device jobs=131 rows=27758 cells=455033 direct=true graph_reused=false upload_ms=52.98 capture_ms=3.92 queue_ms=81.95 gpu_ms=12.28 unpack_ms=3.91 total_ms=155.06
v5_service device=1 lane=1 class=0 jobs=131 rows=27758 cells=455033 reach=742578 reverse=935731 table_mib=37.2 mutable_mib=854.0 max_job_mib=8.8 oldest_ms=140.62 pack_ms=30.17 solve_ms=155.13
v5_device jobs=10 rows=5331 cells=81408 direct=true graph_reused=false upload_ms=3.51 capture_ms=4.64 queue_ms=11.65 gpu_ms=0.01 unpack_ms=0.46 total_ms=20.26
v5_service device=1 lane=2 class=1 jobs=10 rows=5331 cells=81408 reach=140050 reverse=167386 table_mib=6.7 mutable_mib=176.0 max_job_mib=33.4 oldest_ms=179.96 pack_ms=4.82 solve_ms=20.31
v5_device jobs=71 rows=15699 cells=248991 direct=true graph_reused=false upload_ms=13.87 capture_ms=4.07 queue_ms=32.32 gpu_ms=0.01 unpack_ms=1.75 total_ms=52.02
v5_service device=1 lane=0 class=0 jobs=71 rows=15699 cells=248991 reach=400848 reverse=505147 table_mib=20.4 mutable_mib=468.0 max_job_mib=8.8 oldest_ms=77.64 pack_ms=13.41 solve_ms=52.07
v5_device jobs=12 rows=6174 cells=119109 direct=true graph_reused=false upload_ms=4.02 capture_ms=4.00 queue_ms=35.26 gpu_ms=0.01 unpack_ms=0.71 total_ms=44.00
v5_service device=1 lane=0 class=1 jobs=12 rows=6174 cells=119109 reach=180420 reverse=224495 table_mib=8.7 mutable_mib=208.0 max_job_mib=32.7 oldest_ms=148.49 pack_ms=5.47 solve_ms=44.04
v5_device jobs=66 rows=13537 cells=185268 direct=true graph_reused=false upload_ms=7.82 capture_ms=3.30 queue_ms=57.86 gpu_ms=0.01 unpack_ms=1.25 total_ms=70.23
v5_service device=1 lane=2 class=0 jobs=66 rows=13537 cells=185268 reach=304544 reverse=380645 table_mib=16.1 mutable_mib=408.0 max_job_mib=8.7 oldest_ms=77.60 pack_ms=9.22 solve_ms=70.28
v5_device jobs=68 rows=14112 cells=228560 direct=true graph_reused=false upload_ms=11.11 capture_ms=8.11 queue_ms=50.88 gpu_ms=0.01 unpack_ms=3.10 total_ms=73.21
v5_service device=1 lane=1 class=0 jobs=68 rows=14112 cells=228560 reach=364478 reverse=463291 table_mib=18.6 mutable_mib=434.0 max_job_mib=8.7 oldest_ms=78.05 pack_ms=13.05 solve_ms=73.30
v5_device jobs=8 rows=3758 cells=74551 direct=true graph_reused=false upload_ms=2.48 capture_ms=3.51 queue_ms=10.25 gpu_ms=0.01 unpack_ms=0.39 total_ms=16.64
v5_service device=1 lane=2 class=1 jobs=8 rows=3758 cells=74551 reach=117963 reverse=147880 table_mib=5.5 mutable_mib=144.0 max_job_mib=33.3 oldest_ms=151.29 pack_ms=3.47 solve_ms=16.69
v5_device jobs=84 rows=17915 cells=294520 direct=true graph_reused=false upload_ms=35.63 capture_ms=4.12 queue_ms=72.05 gpu_ms=0.01 unpack_ms=1.85 total_ms=113.66
v5_service device=0 lane=0 class=0 jobs=84 rows=17915 cells=294520 reach=478874 reverse=600239 table_mib=23.9 mutable_mib=542.0 max_job_mib=8.7 oldest_ms=77.62 pack_ms=13.58 solve_ms=113.71
v5_device jobs=127 rows=27289 cells=441928 direct=true graph_reused=false upload_ms=27.03 capture_ms=3.42 queue_ms=153.09 gpu_ms=13.43 unpack_ms=3.11 total_ms=200.07
v5_service device=0 lane=2 class=0 jobs=127 rows=27289 cells=441928 reach=707471 reverse=893631 table_mib=35.8 mutable_mib=820.0 max_job_mib=8.9 oldest_ms=156.57 pack_ms=31.95 solve_ms=200.12
v5_device jobs=176 rows=37339 cells=632891 direct=true graph_reused=false upload_ms=66.74 capture_ms=3.98 queue_ms=109.39 gpu_ms=8.80 unpack_ms=4.86 total_ms=193.77
v5_service device=0 lane=1 class=0 jobs=176 rows=37339 cells=632891 reach=1017538 reverse=1288637 table_mib=50.8 mutable_mib=1144.0 max_job_mib=9.0 oldest_ms=126.91 pack_ms=41.07 solve_ms=193.83
v5_device jobs=12 rows=5385 cells=82434 direct=true graph_reused=false upload_ms=5.27 capture_ms=8.79 queue_ms=9.50 gpu_ms=0.01 unpack_ms=0.65 total_ms=24.22
v5_service device=1 lane=1 class=1 jobs=12 rows=5385 cells=82434 reach=155112 reverse=184308 table_mib=7.2 mutable_mib=192.0 max_job_mib=17.3 oldest_ms=175.17 pack_ms=10.57 solve_ms=24.31
v5_device jobs=6 rows=3825 cells=48629 direct=true graph_reused=false upload_ms=2.55 capture_ms=3.52 queue_ms=10.23 gpu_ms=0.01 unpack_ms=0.34 total_ms=16.66
v5_service device=0 lane=0 class=1 jobs=6 rows=3825 cells=48629 reach=93389 reverse=111109 table_mib=4.6 mutable_mib=128.0 max_job_mib=34.1 oldest_ms=211.70 pack_ms=3.12 solve_ms=16.70
v5_device jobs=74 rows=15469 cells=218624 direct=true graph_reused=false upload_ms=6.87 capture_ms=3.69 queue_ms=27.52 gpu_ms=0.01 unpack_ms=1.47 total_ms=39.57
v5_service device=1 lane=2 class=0 jobs=74 rows=15469 cells=218624 reach=274958 reverse=366950 table_mib=15.9 mutable_mib=456.0 max_job_mib=8.7 oldest_ms=77.06 pack_ms=8.75 solve_ms=39.62
v5_device jobs=55 rows=10993 cells=196678 direct=true graph_reused=false upload_ms=9.08 capture_ms=3.46 queue_ms=50.21 gpu_ms=0.02 unpack_ms=2.30 total_ms=65.06
v5_service device=1 lane=0 class=0 jobs=55 rows=10993 cells=196678 reach=298633 reverse=382005 table_mib=15.1 mutable_mib=362.0 max_job_mib=8.9 oldest_ms=79.09 pack_ms=10.75 solve_ms=65.12
v5_device jobs=3 rows=1445 cells=36784 direct=true graph_reused=false upload_ms=2.61 capture_ms=4.45 queue_ms=42.61 gpu_ms=0.01 unpack_ms=0.19 total_ms=49.86
v5_service device=1 lane=0 class=1 jobs=3 rows=1445 cells=36784 reach=53829 reverse=68640 table_mib=2.4 mutable_mib=48.0 max_job_mib=17.4 oldest_ms=162.21 pack_ms=2.28 solve_ms=49.91
v5_device jobs=10 rows=4775 cells=92623 direct=true graph_reused=false upload_ms=3.55 capture_ms=4.30 queue_ms=40.65 gpu_ms=0.01 unpack_ms=0.48 total_ms=48.99
v5_service device=1 lane=2 class=1 jobs=10 rows=4775 cells=92623 reach=137531 reverse=173920 table_mib=6.6 mutable_mib=160.0 max_job_mib=17.7 oldest_ms=131.47 pack_ms=4.84 solve_ms=49.03
v5_device jobs=20 rows=9065 cells=134899 direct=true graph_reused=false upload_ms=9.86 capture_ms=5.38 queue_ms=52.18 gpu_ms=0.01 unpack_ms=0.85 total_ms=68.29
v5_service device=0 lane=1 class=1 jobs=20 rows=9065 cells=134899 reach=204782 reverse=258006 table_mib=10.6 mutable_mib=336.0 max_job_mib=32.8 oldest_ms=75.96 pack_ms=8.21 solve_ms=68.35
v5_device jobs=57 rows=12243 cells=178210 direct=true graph_reused=false upload_ms=14.88 capture_ms=3.83 queue_ms=47.50 gpu_ms=0.01 unpack_ms=1.23 total_ms=67.45
v5_service device=0 lane=2 class=0 jobs=57 rows=12243 cells=178210 reach=295883 reverse=366277 table_mib=15.1 mutable_mib=368.0 max_job_mib=8.7 oldest_ms=77.67 pack_ms=9.40 solve_ms=67.49
v5_device jobs=81 rows=17848 cells=269849 direct=true graph_reused=false upload_ms=21.77 capture_ms=4.18 queue_ms=45.58 gpu_ms=0.01 unpack_ms=1.83 total_ms=73.36
v5_service device=1 lane=1 class=0 jobs=81 rows=17848 cells=269849 reach=449377 reverse=558212 table_mib=22.7 mutable_mib=550.0 max_job_mib=8.8 oldest_ms=78.00 pack_ms=16.57 solve_ms=73.41
v5_device jobs=77 rows=15586 cells=231805 direct=true graph_reused=false upload_ms=27.09 capture_ms=3.97 queue_ms=47.42 gpu_ms=0.01 unpack_ms=1.63 total_ms=80.12
v5_service device=0 lane=0 class=0 jobs=77 rows=15586 cells=231805 reach=376548 reverse=471311 table_mib=19.4 mutable_mib=484.0 max_job_mib=8.7 oldest_ms=76.61 pack_ms=11.15 solve_ms=80.17
v5_device jobs=1 rows=2169 cells=9241 direct=true graph_reused=false upload_ms=0.79 capture_ms=4.72 queue_ms=3.85 gpu_ms=0.01 unpack_ms=0.14 total_ms=9.51
v5_service device=1 lane=2 class=2 jobs=1 rows=2169 cells=9241 reach=24563 reverse=24881 table_mib=1.6 mutable_mib=64.0 max_job_mib=65.9 oldest_ms=177.77 pack_ms=1.64 solve_ms=9.56
v5_device jobs=7 rows=2995 cells=43662 direct=true graph_reused=false upload_ms=1.76 capture_ms=4.60 queue_ms=8.86 gpu_ms=0.01 unpack_ms=0.28 total_ms=15.51
v5_service device=0 lane=0 class=1 jobs=7 rows=2995 cells=43662 reach=71141 reverse=87553 table_mib=3.6 mutable_mib=112.0 max_job_mib=16.8 oldest_ms=176.21 pack_ms=2.68 solve_ms=15.56
v5_device jobs=7 rows=2897 cells=57605 direct=true graph_reused=false upload_ms=2.66 capture_ms=4.43 queue_ms=16.89 gpu_ms=0.01 unpack_ms=0.51 total_ms=24.50
v5_service device=0 lane=2 class=1 jobs=7 rows=2897 cells=57605 reach=99761 reverse=121377 table_mib=4.5 mutable_mib=112.0 max_job_mib=17.2 oldest_ms=161.68 pack_ms=3.92 solve_ms=24.54
v5_device jobs=9 rows=4707 cells=92095 direct=true graph_reused=false upload_ms=3.87 capture_ms=4.51 queue_ms=11.75 gpu_ms=0.01 unpack_ms=0.47 total_ms=20.61
v5_service device=1 lane=1 class=1 jobs=9 rows=4707 cells=92095 reach=145846 reverse=183198 table_mib=6.9 mutable_mib=160.0 max_job_mib=32.8 oldest_ms=166.40 pack_ms=5.81 solve_ms=20.66
v5_device jobs=142 rows=31023 cells=476595 direct=true graph_reused=false upload_ms=24.70 capture_ms=3.95 queue_ms=57.71 gpu_ms=0.01 unpack_ms=3.08 total_ms=89.46
v5_service device=0 lane=1 class=0 jobs=142 rows=31023 cells=476595 reach=723906 reverse=924310 table_mib=37.9 mutable_mib=960.0 max_job_mib=8.7 oldest_ms=161.66 pack_ms=30.29 solve_ms=89.53
v5_device jobs=52 rows=11380 cells=170992 direct=true graph_reused=false upload_ms=7.59 capture_ms=3.29 queue_ms=43.15 gpu_ms=0.01 unpack_ms=1.80 total_ms=55.84
v5_service device=1 lane=0 class=0 jobs=52 rows=11380 cells=170992 reach=285454 reverse=356578 table_mib=14.5 mutable_mib=344.0 max_job_mib=8.8 oldest_ms=78.60 pack_ms=9.21 solve_ms=55.90
v5_device jobs=66 rows=14105 cells=207920 direct=true graph_reused=false upload_ms=6.75 capture_ms=3.82 queue_ms=32.70 gpu_ms=0.01 unpack_ms=1.52 total_ms=44.80
v5_service device=1 lane=2 class=0 jobs=66 rows=14105 cells=207920 reach=265733 reverse=356415 table_mib=15.2 mutable_mib=430.0 max_job_mib=8.7 oldest_ms=77.07 pack_ms=8.90 solve_ms=44.84
v5_device jobs=65 rows=14357 cells=219819 direct=true graph_reused=false upload_ms=23.28 capture_ms=5.50 queue_ms=40.99 gpu_ms=0.01 unpack_ms=1.30 total_ms=71.09
v5_service device=0 lane=0 class=0 jobs=65 rows=14357 cells=219819 reach=254463 reverse=350757 table_mib=15.0 mutable_mib=426.0 max_job_mib=8.8 oldest_ms=78.00 pack_ms=8.39 solve_ms=71.14
v5_device jobs=83 rows=16954 cells=273456 direct=true graph_reused=false upload_ms=18.70 capture_ms=5.89 queue_ms=42.12 gpu_ms=0.01 unpack_ms=1.99 total_ms=68.71
v5_service device=0 lane=2 class=0 jobs=83 rows=16954 cells=273456 reach=353647 reverse=475171 table_mib=19.5 mutable_mib=538.0 max_job_mib=8.9 oldest_ms=77.43 pack_ms=13.14 solve_ms=68.76
v5_device jobs=69 rows=14936 cells=221442 direct=true graph_reused=false upload_ms=16.20 capture_ms=7.86 queue_ms=35.59 gpu_ms=0.01 unpack_ms=1.91 total_ms=61.58
v5_service device=1 lane=1 class=0 jobs=69 rows=14936 cells=221442 reach=320334 reverse=414814 table_mib=17.3 mutable_mib=442.0 max_job_mib=8.8 oldest_ms=77.93 pack_ms=16.61 solve_ms=61.64
v5_device jobs=12 rows=6688 cells=87009 direct=true graph_reused=false upload_ms=2.85 capture_ms=4.13 queue_ms=37.90 gpu_ms=0.01 unpack_ms=0.60 total_ms=45.48
v5_service device=1 lane=2 class=1 jobs=12 rows=6688 cells=87009 reach=118986 reverse=152765 table_mib=6.6 mutable_mib=240.0 max_job_mib=33.4 oldest_ms=136.04 pack_ms=4.16 solve_ms=45.54
v5_device jobs=11 rows=5720 cells=81508 direct=true graph_reused=false upload_ms=4.14 capture_ms=3.87 queue_ms=33.23 gpu_ms=0.01 unpack_ms=0.69 total_ms=41.95
v5_service device=1 lane=0 class=1 jobs=11 rows=5720 cells=81508 reach=158447 reverse=188051 table_mib=7.4 mutable_mib=192.0 max_job_mib=33.7 oldest_ms=152.46 pack_ms=7.70 solve_ms=42.03
v5_device jobs=8 rows=4032 cells=63055 direct=true graph_reused=false upload_ms=3.39 capture_ms=3.70 queue_ms=9.90 gpu_ms=0.01 unpack_ms=0.35 total_ms=17.35
v5_service device=1 lane=1 class=1 jobs=8 rows=4032 cells=63055 reach=93855 reverse=117183 table_mib=4.8 mutable_mib=144.0 max_job_mib=33.1 oldest_ms=163.90 pack_ms=3.46 solve_ms=17.40
v5_device jobs=16 rows=7273 cells=96011 direct=true graph_reused=false upload_ms=2.83 capture_ms=4.03 queue_ms=16.39 gpu_ms=0.01 unpack_ms=0.75 total_ms=24.00
v5_service device=0 lane=0 class=1 jobs=16 rows=7273 cells=96011 reach=104014 reverse=141502 table_mib=6.4 mutable_mib=256.0 max_job_mib=17.1 oldest_ms=163.04 pack_ms=3.95 solve_ms=24.04
v5_device jobs=12 rows=5597 cells=92921 direct=true graph_reused=false upload_ms=5.21 capture_ms=5.45 queue_ms=14.93 gpu_ms=0.01 unpack_ms=0.56 total_ms=26.16
v5_service device=0 lane=2 class=1 jobs=12 rows=5597 cells=92921 reach=140914 reverse=173902 table_mib=6.9 mutable_mib=192.0 max_job_mib=17.5 oldest_ms=167.34 pack_ms=5.48 solve_ms=26.22
v5_device jobs=1 rows=1950 cells=44324 direct=true graph_reused=false upload_ms=1.40 capture_ms=5.16 queue_ms=22.96 gpu_ms=0.01 unpack_ms=0.12 total_ms=29.64
v5_service device=0 lane=2 class=2 jobs=1 rows=1950 cells=44324 reach=62228 reverse=77787 table_mib=2.9 mutable_mib=64.0 max_job_mib=67.5 oldest_ms=177.14 pack_ms=2.40 solve_ms=29.69
v5_device jobs=86 rows=19430 cells=230710 direct=true graph_reused=false upload_ms=6.38 capture_ms=4.11 queue_ms=26.54 gpu_ms=0.01 unpack_ms=1.37 total_ms=38.41
v5_service device=0 lane=1 class=0 jobs=86 rows=19430 cells=230710 reach=141308 reverse=243131 table_mib=13.3 mutable_mib=570.0 max_job_mib=8.7 oldest_ms=77.71 pack_ms=8.59 solve_ms=38.46
v5_device jobs=1 rows=11100 cells=222859 direct=true graph_reused=false upload_ms=9.13 capture_ms=3.62 queue_ms=23.11 gpu_ms=0.01 unpack_ms=0.50 total_ms=36.37
v5_service device=0 lane=1 class=2 jobs=1 rows=11100 cells=222859 reach=300237 reverse=388996 table_mib=14.8 mutable_mib=256.0 max_job_mib=273.9 oldest_ms=129.75 pack_ms=9.92 solve_ms=36.44
v5_device jobs=70 rows=14830 cells=186131 direct=true graph_reused=false upload_ms=3.88 capture_ms=3.40 queue_ms=51.45 gpu_ms=0.01 unpack_ms=1.16 total_ms=59.89
v5_service device=1 lane=2 class=0 jobs=70 rows=14830 cells=186131 reach=108544 reverse=194712 table_mib=10.4 mutable_mib=434.0 max_job_mib=8.4 oldest_ms=77.19 pack_ms=6.00 solve_ms=59.97
v5_device jobs=79 rows=16361 cells=217669 direct=true graph_reused=false upload_ms=9.86 capture_ms=3.96 queue_ms=47.51 gpu_ms=0.01 unpack_ms=1.93 total_ms=63.26
v5_service device=1 lane=0 class=0 jobs=79 rows=16361 cells=217669 reach=301772 reverse=393341 table_mib=17.2 mutable_mib=504.0 max_job_mib=8.7 oldest_ms=77.38 pack_ms=11.27 solve_ms=63.31
v5_device jobs=82 rows=17946 cells=215560 direct=true graph_reused=false upload_ms=4.94 capture_ms=3.92 queue_ms=33.26 gpu_ms=0.01 unpack_ms=2.03 total_ms=44.17
v5_service device=1 lane=1 class=0 jobs=82 rows=17946 cells=215560 reach=158641 reverse=254665 table_mib=13.2 mutable_mib=528.0 max_job_mib=8.6 oldest_ms=77.30 pack_ms=8.46 solve_ms=44.23
v5_device jobs=6 rows=3280 cells=27267 direct=true graph_reused=false upload_ms=1.98 capture_ms=3.94 queue_ms=32.41 gpu_ms=0.01 unpack_ms=0.23 total_ms=38.57
v5_service device=0 lane=1 class=1 jobs=6 rows=3280 cells=27267 reach=17177 reverse=27267 table_mib=1.8 mutable_mib=112.0 max_job_mib=32.6 oldest_ms=171.19 pack_ms=1.07 solve_ms=38.64
v5_device jobs=14 rows=6537 cells=72626 direct=true graph_reused=false upload_ms=1.49 capture_ms=4.78 queue_ms=7.79 gpu_ms=0.01 unpack_ms=0.47 total_ms=14.53
v5_service device=1 lane=2 class=1 jobs=14 rows=6537 cells=72626 reach=44190 reverse=72626 table_mib=4.2 mutable_mib=240.0 max_job_mib=32.6 oldest_ms=145.73 pack_ms=2.45 solve_ms=14.58
v5_device jobs=24 rows=12459 cells=156726 direct=true graph_reused=false upload_ms=4.53 capture_ms=4.64 queue_ms=19.71 gpu_ms=0.01 unpack_ms=0.89 total_ms=29.78
v5_service device=0 lane=2 class=1 jobs=24 rows=12459 cells=156726 reach=106329 reverse=169482 table_mib=8.8 mutable_mib=432.0 max_job_mib=33.4 oldest_ms=76.19 pack_ms=5.18 solve_ms=29.83
v5_device jobs=93 rows=20995 cells=271306 direct=true graph_reused=false upload_ms=13.90 capture_ms=3.51 queue_ms=47.34 gpu_ms=0.01 unpack_ms=1.65 total_ms=66.40
v5_service device=0 lane=0 class=0 jobs=93 rows=20995 cells=271306 reach=225298 reverse=345417 table_mib=16.8 mutable_mib=632.0 max_job_mib=8.8 oldest_ms=77.78 pack_ms=8.73 solve_ms=66.45
v5_device jobs=6 rows=2569 cells=37789 direct=true graph_reused=false upload_ms=0.77 capture_ms=4.39 queue_ms=9.54 gpu_ms=0.01 unpack_ms=0.30 total_ms=15.01
v5_service device=1 lane=1 class=1 jobs=6 rows=2569 cells=37789 reach=20678 reverse=37789 table_mib=1.9 mutable_mib=96.0 max_job_mib=16.5 oldest_ms=137.06 pack_ms=1.46 solve_ms=15.06
v5_device jobs=6 rows=2935 cells=32075 direct=true graph_reused=false upload_ms=1.37 capture_ms=3.39 queue_ms=9.24 gpu_ms=0.01 unpack_ms=0.32 total_ms=14.32
v5_service device=1 lane=0 class=1 jobs=6 rows=2935 cells=32075 reach=49936 reverse=60256 table_mib=2.7 mutable_mib=96.0 max_job_mib=16.9 oldest_ms=160.66 pack_ms=2.39 solve_ms=14.37
v5_device jobs=15 rows=7393 cells=103383 direct=true graph_reused=false upload_ms=2.28 capture_ms=3.49 queue_ms=12.23 gpu_ms=0.01 unpack_ms=0.52 total_ms=18.52
v5_service device=0 lane=0 class=1 jobs=15 rows=7393 cells=103383 reach=86206 reverse=127574 table_mib=6.0 mutable_mib=256.0 max_job_mib=32.8 oldest_ms=160.93 pack_ms=3.31 solve_ms=18.57
v5_device jobs=2 rows=12890 cells=130189 direct=true graph_reused=false upload_ms=4.23 capture_ms=6.60 queue_ms=11.15 gpu_ms=0.01 unpack_ms=0.59 total_ms=22.59
v5_service device=1 lane=1 class=2 jobs=2 rows=12890 cells=130189 reach=77378 reverse=130189 table_mib=7.6 mutable_mib=384.0 max_job_mib=263.9 oldest_ms=119.27 pack_ms=5.83 solve_ms=22.64
v5_device jobs=18 rows=9134 cells=96934 direct=true graph_reused=false upload_ms=1.90 capture_ms=3.01 queue_ms=11.17 gpu_ms=0.01 unpack_ms=0.48 total_ms=16.57
v5_service device=1 lane=2 class=1 jobs=18 rows=9134 cells=96934 reach=59978 reverse=96934 table_mib=5.7 mutable_mib=320.0 max_job_mib=32.7 oldest_ms=75.90 pack_ms=2.49 solve_ms=16.61
v5_device jobs=81 rows=18580 cells=210826 direct=true graph_reused=false upload_ms=3.87 capture_ms=3.05 queue_ms=33.32 gpu_ms=0.01 unpack_ms=1.21 total_ms=41.46
v5_service device=0 lane=1 class=0 jobs=81 rows=18580 cells=210826 reach=118113 reverse=210826 table_mib=12.1 mutable_mib=548.0 max_job_mib=8.4 oldest_ms=78.03 pack_ms=6.15 solve_ms=41.51
v5_device jobs=192 rows=40901 cells=498961 direct=true graph_reused=false upload_ms=15.91 capture_ms=3.87 queue_ms=63.69 gpu_ms=0.01 unpack_ms=3.76 total_ms=87.25
v5_service device=0 lane=2 class=0 jobs=192 rows=40901 cells=498961 reach=351608 reverse=574813 table_mib=29.8 mutable_mib=1238.0 max_job_mib=8.6 oldest_ms=118.70 pack_ms=22.52 solve_ms=87.32
v5_device jobs=77 rows=17311 cells=234769 direct=true graph_reused=false upload_ms=5.71 capture_ms=3.15 queue_ms=24.47 gpu_ms=0.03 unpack_ms=3.20 total_ms=36.56
v5_service device=1 lane=0 class=0 jobs=77 rows=17311 cells=234769 reach=200058 reverse=305510 table_mib=14.5 mutable_mib=510.0 max_job_mib=8.7 oldest_ms=76.80 pack_ms=8.30 solve_ms=36.65
v5_device jobs=8 rows=4176 cells=59262 direct=true graph_reused=false upload_ms=1.53 capture_ms=5.55 queue_ms=15.77 gpu_ms=0.01 unpack_ms=0.31 total_ms=23.18
v5_service device=0 lane=1 class=1 jobs=8 rows=4176 cells=59262 reach=34964 reverse=59262 table_mib=3.0 mutable_mib=144.0 max_job_mib=32.9 oldest_ms=127.57 pack_ms=2.02 solve_ms=23.24
v5_device jobs=96 rows=20685 cells=230587 direct=true graph_reused=false upload_ms=9.22 capture_ms=4.29 queue_ms=24.89 gpu_ms=0.01 unpack_ms=1.37 total_ms=39.78
v5_service device=0 lane=0 class=0 jobs=96 rows=20685 cells=230587 reach=126535 reverse=230587 table_mib=13.3 mutable_mib=612.0 max_job_mib=8.4 oldest_ms=77.05 pack_ms=8.36 solve_ms=39.83
v5_device jobs=17 rows=8078 cells=80758 direct=true graph_reused=false upload_ms=1.57 capture_ms=3.19 queue_ms=10.64 gpu_ms=0.01 unpack_ms=0.42 total_ms=15.83
v5_service device=0 lane=0 class=1 jobs=17 rows=8078 cells=80758 reach=50987 reverse=80758 table_mib=4.9 mutable_mib=272.0 max_job_mib=16.7 oldest_ms=133.53 pack_ms=2.54 solve_ms=15.86
v5_device jobs=8 rows=4892 cells=55219 direct=true graph_reused=false upload_ms=2.22 capture_ms=5.11 queue_ms=55.92 gpu_ms=0.01 unpack_ms=0.37 total_ms=63.62
v5_service device=1 lane=0 class=1 jobs=8 rows=4892 cells=55219 reach=81115 reverse=101635 table_mib=4.7 mutable_mib=160.0 max_job_mib=33.1 oldest_ms=132.33 pack_ms=4.40 solve_ms=63.67
v5_device jobs=62 rows=13194 cells=186917 direct=true graph_reused=false upload_ms=12.74 capture_ms=4.82 queue_ms=66.71 gpu_ms=0.01 unpack_ms=1.07 total_ms=85.35
v5_service device=1 lane=1 class=0 jobs=62 rows=13194 cells=186917 reach=98921 reverse=186917 table_mib=9.6 mutable_mib=384.0 max_job_mib=8.4 oldest_ms=77.59 pack_ms=9.55 solve_ms=85.39
v5_device jobs=250 rows=53736 cells=634720 direct=true graph_reused=false upload_ms=25.54 capture_ms=4.83 queue_ms=67.70 gpu_ms=12.84 unpack_ms=3.88 total_ms=114.79
v5_service device=1 lane=2 class=0 jobs=250 rows=53736 cells=634720 reach=354727 reverse=641967 table_mib=35.9 mutable_mib=1612.0 max_job_mib=8.5 oldest_ms=101.40 pack_ms=19.36 solve_ms=114.84
v5_device jobs=10 rows=4978 cells=50172 direct=true graph_reused=false upload_ms=1.71 capture_ms=4.50 queue_ms=7.98 gpu_ms=0.02 unpack_ms=0.58 total_ms=14.78
v5_service device=1 lane=1 class=1 jobs=10 rows=4978 cells=50172 reach=33243 reverse=50172 table_mib=3.1 mutable_mib=176.0 max_job_mib=33.0 oldest_ms=177.99 pack_ms=1.81 solve_ms=14.86
v5_device jobs=108 rows=24128 cells=289472 direct=true graph_reused=false upload_ms=8.38 capture_ms=3.60 queue_ms=31.70 gpu_ms=0.01 unpack_ms=1.64 total_ms=45.32
v5_service device=0 lane=1 class=0 jobs=108 rows=24128 cells=289472 reach=156433 reverse=289472 table_mib=16.1 mutable_mib=724.0 max_job_mib=8.4 oldest_ms=77.41 pack_ms=10.58 solve_ms=45.39
v5_device jobs=83 rows=19243 cells=233812 direct=true graph_reused=false upload_ms=6.82 capture_ms=5.18 queue_ms=44.17 gpu_ms=0.01 unpack_ms=1.52 total_ms=57.70
v5_service device=0 lane=2 class=0 jobs=83 rows=19243 cells=233812 reach=127713 reverse=233842 table_mib=12.9 mutable_mib=556.0 max_job_mib=8.5 oldest_ms=77.06 pack_ms=8.18 solve_ms=57.75
v5_device jobs=9 rows=5475 cells=51599 direct=true graph_reused=false upload_ms=1.45 capture_ms=4.00 queue_ms=16.89 gpu_ms=0.01 unpack_ms=0.32 total_ms=22.66
v5_service device=0 lane=1 class=1 jobs=9 rows=5475 cells=51599 reach=31834 reverse=51599 table_mib=3.2 mutable_mib=176.0 max_job_mib=32.9 oldest_ms=143.29 pack_ms=1.89 solve_ms=22.72
v5_device jobs=52 rows=12308 cells=168189 direct=true graph_reused=false upload_ms=5.27 capture_ms=3.55 queue_ms=17.77 gpu_ms=0.01 unpack_ms=1.02 total_ms=27.62
v5_service device=1 lane=0 class=0 jobs=52 rows=12308 cells=168189 reach=129141 reverse=202763 table_mib=9.8 mutable_mib=348.0 max_job_mib=8.7 oldest_ms=78.44 pack_ms=6.02 solve_ms=27.66
v5_device jobs=15 rows=9823 cells=98842 direct=true graph_reused=false upload_ms=2.63 capture_ms=4.50 queue_ms=16.25 gpu_ms=0.01 unpack_ms=0.70 total_ms=24.09
v5_service device=0 lane=2 class=1 jobs=15 rows=9823 cells=98842 reach=64214 reverse=98842 table_mib=6.0 mutable_mib=304.0 max_job_mib=32.9 oldest_ms=151.89 pack_ms=4.53 solve_ms=24.14
v5_device jobs=90 rows=20205 cells=255524 direct=true graph_reused=false upload_ms=4.76 capture_ms=3.41 queue_ms=41.74 gpu_ms=0.01 unpack_ms=1.53 total_ms=51.44
v5_service device=0 lane=0 class=0 jobs=90 rows=20205 cells=255524 reach=140419 reverse=255524 table_mib=13.8 mutable_mib=606.0 max_job_mib=8.4 oldest_ms=77.41 pack_ms=7.24 solve_ms=51.50
v5_device jobs=22 rows=10353 cells=114182 direct=true graph_reused=false upload_ms=2.24 capture_ms=4.19 queue_ms=11.79 gpu_ms=0.01 unpack_ms=0.67 total_ms=18.90
v5_service device=1 lane=1 class=1 jobs=22 rows=10353 cells=114182 reach=70651 reverse=114182 table_mib=6.5 mutable_mib=384.0 max_job_mib=32.6 oldest_ms=76.22 pack_ms=3.53 solve_ms=18.95
v5_device jobs=14 rows=7163 cells=81791 direct=true graph_reused=false upload_ms=1.75 capture_ms=3.61 queue_ms=10.55 gpu_ms=0.01 unpack_ms=0.44 total_ms=16.35
v5_service device=0 lane=0 class=1 jobs=14 rows=7163 cells=81791 reach=49241 reverse=81791 table_mib=4.6 mutable_mib=240.0 max_job_mib=33.4 oldest_ms=142.99 pack_ms=2.66 solve_ms=16.39
v5_device jobs=11 rows=6075 cells=57631 direct=true graph_reused=false upload_ms=1.62 capture_ms=4.70 queue_ms=22.71 gpu_ms=0.01 unpack_ms=0.44 total_ms=29.47
v5_service device=1 lane=0 class=1 jobs=11 rows=6075 cells=57631 reach=37347 reverse=57631 table_mib=3.6 mutable_mib=192.0 max_job_mib=32.8 oldest_ms=117.83 pack_ms=2.88 solve_ms=29.52
v5_device jobs=71 rows=15878 cells=195202 direct=true graph_reused=false upload_ms=4.01 capture_ms=4.15 queue_ms=20.92 gpu_ms=0.00 unpack_ms=1.23 total_ms=30.31
v5_service device=1 lane=2 class=0 jobs=71 rows=15878 cells=195202 reach=106610 reverse=195202 table_mib=10.7 mutable_mib=477.0 max_job_mib=8.4 oldest_ms=77.55 pack_ms=6.13 solve_ms=30.36
v5_device jobs=1 rows=1704 cells=18831 direct=true graph_reused=false upload_ms=3.87 capture_ms=4.12 queue_ms=28.54 gpu_ms=0.01 unpack_ms=0.09 total_ms=36.63
v5_service device=1 lane=0 class=2 jobs=1 rows=1704 cells=18831 reach=12369 reverse=18831 table_mib=1.1 mutable_mib=64.0 max_job_mib=65.5 oldest_ms=139.68 pack_ms=1.03 solve_ms=36.69
v5_device jobs=9 rows=7756 cells=70840 direct=true graph_reused=false upload_ms=1.52 capture_ms=3.63 queue_ms=32.79 gpu_ms=0.01 unpack_ms=0.38 total_ms=38.32
v5_service device=1 lane=2 class=1 jobs=9 rows=7756 cells=70840 reach=48242 reverse=70840 table_mib=4.5 mutable_mib=240.0 max_job_mib=33.3 oldest_ms=119.53 pack_ms=2.29 solve_ms=38.36
v5_device jobs=155 rows=35309 cells=418210 direct=true graph_reused=false upload_ms=12.09 capture_ms=4.86 queue_ms=44.54 gpu_ms=0.01 unpack_ms=2.57 total_ms=64.08
v5_service device=1 lane=1 class=0 jobs=155 rows=35309 cells=418210 reach=230987 reverse=418210 table_mib=23.4 mutable_mib=1046.0 max_job_mib=8.5 oldest_ms=104.02 pack_ms=15.20 solve_ms=64.14
v5_device jobs=24 rows=13267 cells=151182 direct=true graph_reused=false upload_ms=2.69 capture_ms=2.94 queue_ms=35.72 gpu_ms=0.01 unpack_ms=0.86 total_ms=42.22
v5_service device=0 lane=1 class=1 jobs=24 rows=13267 cells=151182 reach=93568 reverse=151182 table_mib=8.6 mutable_mib=448.0 max_job_mib=33.0 oldest_ms=76.40 pack_ms=3.78 solve_ms=42.27
v5_device jobs=84 rows=18331 cells=230719 direct=true graph_reused=false upload_ms=4.84 capture_ms=4.56 queue_ms=23.98 gpu_ms=0.01 unpack_ms=1.43 total_ms=34.83
v5_service device=0 lane=2 class=0 jobs=84 rows=18331 cells=230719 reach=124674 reverse=230719 table_mib=12.5 mutable_mib=562.0 max_job_mib=8.4 oldest_ms=76.89 pack_ms=7.91 solve_ms=34.87
v5_device jobs=1 rows=9680 cells=50772 direct=true graph_reused=false upload_ms=2.14 capture_ms=5.38 queue_ms=18.87 gpu_ms=0.01 unpack_ms=0.31 total_ms=26.72
v5_service device=1 lane=1 class=2 jobs=1 rows=9680 cells=50772 reach=49341 reverse=50772 table_mib=4.8 mutable_mib=256.0 max_job_mib=262.6 oldest_ms=163.96 pack_ms=3.35 solve_ms=26.78
v5_device jobs=3 rows=23142 cells=267102 direct=true graph_reused=false upload_ms=6.95 capture_ms=3.58 queue_ms=35.59 gpu_ms=0.01 unpack_ms=1.25 total_ms=47.38
v5_service device=1 lane=2 class=2 jobs=3 rows=23142 cells=267102 reach=184673 reverse=267102 table_mib=15.1 mutable_mib=576.0 max_job_mib=267.2 oldest_ms=152.53 pack_ms=6.58 solve_ms=47.43
v5_device jobs=15 rows=9166 cells=120747 direct=true graph_reused=false upload_ms=2.39 capture_ms=4.59 queue_ms=27.44 gpu_ms=0.01 unpack_ms=0.66 total_ms=35.08
v5_service device=0 lane=2 class=1 jobs=15 rows=9166 cells=120747 reach=70004 reverse=120747 table_mib=6.4 mutable_mib=288.0 max_job_mib=33.5 oldest_ms=126.03 pack_ms=3.66 solve_ms=35.16
v5_device jobs=94 rows=20980 cells=239762 direct=true graph_reused=false upload_ms=4.50 capture_ms=4.12 queue_ms=42.98 gpu_ms=0.01 unpack_ms=1.50 total_ms=53.10
v5_service device=0 lane=0 class=0 jobs=94 rows=20980 cells=239762 reach=133010 reverse=239762 table_mib=13.6 mutable_mib=612.0 max_job_mib=8.4 oldest_ms=78.03 pack_ms=7.67 solve_ms=53.15
v5_device jobs=111 rows=23309 cells=253571 direct=true graph_reused=false upload_ms=5.07 capture_ms=4.82 queue_ms=23.30 gpu_ms=0.01 unpack_ms=1.49 total_ms=34.69
v5_service device=1 lane=0 class=0 jobs=111 rows=23309 cells=253571 reach=141093 reverse=253571 table_mib=14.9 mutable_mib=712.0 max_job_mib=8.4 oldest_ms=77.34 pack_ms=7.62 solve_ms=34.75
v5_device jobs=11 rows=5763 cells=73206 direct=true graph_reused=false upload_ms=1.25 capture_ms=4.26 queue_ms=27.41 gpu_ms=0.01 unpack_ms=0.37 total_ms=33.30
v5_service device=0 lane=0 class=1 jobs=11 rows=5763 cells=73206 reach=43165 reverse=73206 table_mib=3.9 mutable_mib=192.0 max_job_mib=32.8 oldest_ms=145.48 pack_ms=1.91 solve_ms=33.34
v5_device jobs=2 rows=15684 cells=106108 direct=true graph_reused=false upload_ms=3.82 capture_ms=4.70 queue_ms=29.77 gpu_ms=0.01 unpack_ms=0.77 total_ms=39.07
v5_service device=0 lane=2 class=2 jobs=2 rows=15684 cells=106108 reach=101713 reverse=106108 table_mib=8.4 mutable_mib=384.0 max_job_mib=264.1 oldest_ms=120.87 pack_ms=4.97 solve_ms=39.13
v5_device jobs=159 rows=34164 cells=415710 direct=true graph_reused=false upload_ms=9.39 capture_ms=3.16 queue_ms=61.07 gpu_ms=0.01 unpack_ms=2.37 total_ms=76.00
v5_service device=0 lane=1 class=0 jobs=159 rows=34164 cells=415710 reach=225257 reverse=415710 table_mib=22.9 mutable_mib=1006.0 max_job_mib=8.4 oldest_ms=129.26 pack_ms=13.56 solve_ms=76.05
v5_device jobs=11 rows=5764 cells=66687 direct=true graph_reused=false upload_ms=1.29 capture_ms=3.18 queue_ms=9.08 gpu_ms=0.01 unpack_ms=0.51 total_ms=14.06
v5_service device=1 lane=0 class=1 jobs=11 rows=5764 cells=66687 reach=40522 reverse=66687 table_mib=3.7 mutable_mib=192.0 max_job_mib=33.0 oldest_ms=128.35 pack_ms=1.84 solve_ms=14.11
v5_device jobs=89 rows=18796 cells=226347 direct=true graph_reused=false upload_ms=5.22 capture_ms=4.27 queue_ms=37.49 gpu_ms=0.01 unpack_ms=1.36 total_ms=48.35
v5_service device=1 lane=1 class=0 jobs=89 rows=18796 cells=226347 reach=121716 reverse=226347 table_mib=12.6 mutable_mib=572.0 max_job_mib=8.4 oldest_ms=77.05 pack_ms=11.13 solve_ms=48.40
v5_device jobs=103 rows=22379 cells=282696 direct=true graph_reused=false upload_ms=5.81 capture_ms=3.76 queue_ms=36.95 gpu_ms=0.01 unpack_ms=1.75 total_ms=48.28
v5_service device=1 lane=2 class=0 jobs=103 rows=22379 cells=282696 reach=160484 reverse=289768 table_mib=15.5 mutable_mib=696.0 max_job_mib=8.5 oldest_ms=77.49 pack_ms=8.94 solve_ms=48.32
v5_device jobs=11 rows=6259 cells=68723 direct=true graph_reused=false upload_ms=1.49 capture_ms=4.17 queue_ms=18.34 gpu_ms=0.01 unpack_ms=0.48 total_ms=24.49
v5_service device=1 lane=1 class=1 jobs=11 rows=6259 cells=68723 reach=44980 reverse=68723 table_mib=4.0 mutable_mib=208.0 max_job_mib=33.2 oldest_ms=146.67 pack_ms=2.39 solve_ms=24.56
v5_device jobs=18 rows=10294 cells=146332 direct=true graph_reused=false upload_ms=2.63 capture_ms=4.07 queue_ms=17.47 gpu_ms=0.01 unpack_ms=0.98 total_ms=25.16
v5_service device=1 lane=2 class=1 jobs=18 rows=10294 cells=146332 reach=84606 reverse=146332 table_mib=7.5 mutable_mib=336.0 max_job_mib=33.3 oldest_ms=141.50 pack_ms=4.16 solve_ms=25.21
v5_device jobs=1 rows=1501 cells=28470 direct=true graph_reused=false upload_ms=0.45 capture_ms=5.23 queue_ms=24.38 gpu_ms=0.01 unpack_ms=0.08 total_ms=30.15
v5_service device=1 lane=2 class=2 jobs=1 rows=1501 cells=28470 reach=14906 reverse=28470 table_mib=1.3 mutable_mib=64.0 max_job_mib=65.7 oldest_ms=161.87 pack_ms=0.79 solve_ms=30.21
v5_device jobs=71 rows=15739 cells=216265 direct=true graph_reused=false upload_ms=3.64 capture_ms=3.14 queue_ms=47.56 gpu_ms=10.36 unpack_ms=1.23 total_ms=65.93
v5_service device=0 lane=0 class=0 jobs=71 rows=15739 cells=216265 reach=116262 reverse=216265 table_mib=11.3 mutable_mib=473.0 max_job_mib=8.5 oldest_ms=77.18 pack_ms=5.84 solve_ms=65.97
v5_device jobs=89 rows=19226 cells=237746 direct=true graph_reused=false upload_ms=6.13 capture_ms=3.47 queue_ms=36.06 gpu_ms=2.79 unpack_ms=1.55 total_ms=50.00
v5_service device=0 lane=1 class=0 jobs=89 rows=19226 cells=237746 reach=145727 reverse=253391 table_mib=13.5 mutable_mib=578.0 max_job_mib=8.8 oldest_ms=76.39 pack_ms=7.51 solve_ms=50.04
v5_device jobs=86 rows=19492 cells=229834 direct=true graph_reused=false upload_ms=5.46 capture_ms=4.54 queue_ms=38.92 gpu_ms=10.11 unpack_ms=1.83 total_ms=60.85
v5_service device=0 lane=2 class=0 jobs=86 rows=19492 cells=229834 reach=125721 reverse=229834 table_mib=12.9 mutable_mib=584.0 max_job_mib=8.4 oldest_ms=78.33 pack_ms=8.23 solve_ms=60.90
v5_device jobs=112 rows=23836 cells=305437 direct=true graph_reused=false upload_ms=8.93 capture_ms=4.09 queue_ms=27.99 gpu_ms=11.59 unpack_ms=2.11 total_ms=54.71
v5_service device=1 lane=0 class=0 jobs=112 rows=23836 cells=305437 reach=162902 reverse=305437 table_mib=16.4 mutable_mib=704.0 max_job_mib=8.4 oldest_ms=76.54 pack_ms=9.04 solve_ms=54.76
v5_device jobs=8 rows=4244 cells=48075 direct=true graph_reused=false upload_ms=0.96 capture_ms=4.62 queue_ms=11.93 gpu_ms=0.01 unpack_ms=0.32 total_ms=17.84
v5_service device=0 lane=0 class=1 jobs=8 rows=4244 cells=48075 reach=29615 reverse=48075 table_mib=2.7 mutable_mib=160.0 max_job_mib=32.9 oldest_ms=155.44 pack_ms=1.82 solve_ms=17.89
v5_device jobs=18 rows=8873 cells=90955 direct=true graph_reused=false upload_ms=2.52 capture_ms=4.36 queue_ms=9.51 gpu_ms=0.01 unpack_ms=0.52 total_ms=16.93
v5_service device=1 lane=0 class=1 jobs=18 rows=8873 cells=90955 reach=57080 reverse=90955 table_mib=5.4 mutable_mib=320.0 max_job_mib=32.6 oldest_ms=151.16 pack_ms=3.15 solve_ms=16.98
v5_device jobs=7 rows=3136 cells=37509 direct=true graph_reused=false upload_ms=0.94 capture_ms=5.72 queue_ms=24.06 gpu_ms=0.01 unpack_ms=0.28 total_ms=31.00
v5_service device=0 lane=2 class=1 jobs=7 rows=3136 cells=37509 reach=22789 reverse=37509 table_mib=2.1 mutable_mib=112.0 max_job_mib=16.6 oldest_ms=155.78 pack_ms=1.32 solve_ms=31.06
v5_device jobs=24 rows=13954 cells=138211 direct=true graph_reused=false upload_ms=4.37 capture_ms=4.05 queue_ms=19.02 gpu_ms=0.01 unpack_ms=0.83 total_ms=28.28
v5_service device=0 lane=1 class=1 jobs=24 rows=13954 cells=138211 reach=82561 reverse=138211 table_mib=8.5 mutable_mib=432.0 max_job_mib=32.7 oldest_ms=142.18 pack_ms=5.80 solve_ms=28.31
v5_device jobs=70 rows=15649 cells=193085 direct=true graph_reused=false upload_ms=4.13 capture_ms=4.72 queue_ms=16.99 gpu_ms=0.01 unpack_ms=1.21 total_ms=27.06
v5_service device=1 lane=1 class=0 jobs=70 rows=15649 cells=193085 reach=112463 reverse=199891 table_mib=10.8 mutable_mib=482.0 max_job_mib=8.6 oldest_ms=77.10 pack_ms=7.36 solve_ms=27.12
v5_device jobs=13 rows=5878 cells=65717 direct=true graph_reused=false upload_ms=1.33 capture_ms=4.26 queue_ms=21.31 gpu_ms=0.01 unpack_ms=0.35 total_ms=27.26
v5_service device=1 lane=1 class=1 jobs=13 rows=5878 cells=65717 reach=40724 reverse=65717 table_mib=3.7 mutable_mib=208.0 max_job_mib=16.5 oldest_ms=117.17 pack_ms=2.26 solve_ms=27.31
v5_device jobs=72 rows=15938 cells=209022 direct=true graph_reused=false upload_ms=4.46 capture_ms=3.87 queue_ms=21.93 gpu_ms=0.01 unpack_ms=1.15 total_ms=31.42
v5_service device=1 lane=2 class=0 jobs=72 rows=15938 cells=209022 reach=110620 reverse=209022 table_mib=11.1 mutable_mib=476.0 max_job_mib=8.4 oldest_ms=78.19 pack_ms=7.05 solve_ms=31.49
v5_device jobs=9 rows=4417 cells=38666 direct=true graph_reused=false upload_ms=0.94 capture_ms=3.70 queue_ms=6.60 gpu_ms=0.01 unpack_ms=0.24 total_ms=11.49
v5_service device=1 lane=2 class=1 jobs=9 rows=4417 cells=38666 reach=25777 reverse=38666 table_mib=2.5 mutable_mib=160.0 max_job_mib=32.7 oldest_ms=123.25 pack_ms=1.51 solve_ms=11.54
v5_device jobs=79 rows=17176 cells=209198 direct=true graph_reused=false upload_ms=4.06 capture_ms=2.98 queue_ms=27.36 gpu_ms=0.01 unpack_ms=1.18 total_ms=35.58
v5_service device=0 lane=0 class=0 jobs=79 rows=17176 cells=209198 reach=112989 reverse=209198 table_mib=11.6 mutable_mib=506.0 max_job_mib=8.4 oldest_ms=77.05 pack_ms=6.60 solve_ms=35.62
v5_device jobs=108 rows=22780 cells=272105 direct=true graph_reused=false upload_ms=6.84 capture_ms=3.27 queue_ms=25.14 gpu_ms=0.01 unpack_ms=3.86 total_ms=39.12
v5_service device=1 lane=0 class=0 jobs=108 rows=22780 cells=272105 reach=150106 reverse=274268 table_mib=15.2 mutable_mib=680.0 max_job_mib=8.5 oldest_ms=76.82 pack_ms=8.41 solve_ms=39.17
v5_device jobs=1 rows=1560 cells=3428 direct=true graph_reused=false upload_ms=0.28 capture_ms=4.60 queue_ms=16.77 gpu_ms=0.01 unpack_ms=0.04 total_ms=21.71
v5_service device=0 lane=0 class=2 jobs=1 rows=1560 cells=3428 reach=3311 reverse=3428 table_mib=0.6 mutable_mib=64.0 max_job_mib=64.8 oldest_ms=124.01 pack_ms=0.36 solve_ms=21.76
v5_device jobs=23 rows=12898 cells=138298 direct=true graph_reused=false upload_ms=3.54 capture_ms=4.45 queue_ms=43.70 gpu_ms=0.01 unpack_ms=0.87 total_ms=52.57
v5_service device=0 lane=2 class=1 jobs=23 rows=12898 cells=138298 reach=81960 reverse=138298 table_mib=8.0 mutable_mib=416.0 max_job_mib=33.2 oldest_ms=76.55 pack_ms=4.63 solve_ms=52.63
v5_device jobs=108 rows=22224 cells=257224 direct=true graph_reused=false upload_ms=4.92 capture_ms=3.28 queue_ms=35.85 gpu_ms=0.01 unpack_ms=1.72 total_ms=45.78
v5_service device=0 lane=1 class=0 jobs=108 rows=22224 cells=257224 reach=143353 reverse=257224 table_mib=14.6 mutable_mib=636.0 max_job_mib=8.4 oldest_ms=77.58 pack_ms=8.50 solve_ms=45.82
v5_device jobs=21 rows=10071 cells=142283 direct=true graph_reused=false upload_ms=2.79 capture_ms=4.16 queue_ms=12.55 gpu_ms=0.01 unpack_ms=0.85 total_ms=20.36
v5_service device=1 lane=0 class=1 jobs=21 rows=10071 cells=142283 reach=91313 reverse=149481 table_mib=7.5 mutable_mib=352.0 max_job_mib=32.6 oldest_ms=132.46 pack_ms=4.23 solve_ms=20.42
v5_device jobs=16 rows=8101 cells=95221 direct=true graph_reused=false upload_ms=1.74 capture_ms=4.61 queue_ms=9.79 gpu_ms=0.01 unpack_ms=0.53 total_ms=16.69
v5_service device=0 lane=0 class=1 jobs=16 rows=8101 cells=95221 reach=55804 reverse=95221 table_mib=5.3 mutable_mib=272.0 max_job_mib=32.6 oldest_ms=146.83 pack_ms=2.51 solve_ms=16.74
v5_device jobs=16 rows=8112 cells=101681 direct=true graph_reused=false upload_ms=2.41 capture_ms=4.22 queue_ms=10.27 gpu_ms=0.01 unpack_ms=0.59 total_ms=17.50
v5_service device=0 lane=1 class=1 jobs=16 rows=8112 cells=101681 reach=59359 reverse=101681 table_mib=5.5 mutable_mib=288.0 max_job_mib=33.0 oldest_ms=135.73 pack_ms=3.24 solve_ms=17.56
v5_device jobs=25 rows=12900 cells=118325 direct=true graph_reused=false upload_ms=2.58 capture_ms=3.65 queue_ms=20.59 gpu_ms=0.01 unpack_ms=0.65 total_ms=27.47
v5_service device=1 lane=2 class=1 jobs=25 rows=12900 cells=118325 reach=74111 reverse=118325 table_mib=7.5 mutable_mib=432.0 max_job_mib=32.8 oldest_ms=75.83 pack_ms=3.41 solve_ms=27.52
v5_device jobs=73 rows=16275 cells=206129 direct=true graph_reused=false upload_ms=5.55 capture_ms=3.93 queue_ms=29.78 gpu_ms=0.01 unpack_ms=1.28 total_ms=40.54
v5_service device=1 lane=1 class=0 jobs=73 rows=16275 cells=206129 reach=111990 reverse=206129 table_mib=11.1 mutable_mib=470.0 max_job_mib=8.4 oldest_ms=79.18 pack_ms=9.18 solve_ms=40.61
v5_device jobs=148 rows=32043 cells=375167 direct=true graph_reused=false upload_ms=9.32 capture_ms=4.43 queue_ms=33.80 gpu_ms=0.01 unpack_ms=2.28 total_ms=49.84
v5_service device=0 lane=2 class=0 jobs=148 rows=32043 cells=375167 reach=211720 reverse=379405 table_mib=21.3 mutable_mib=968.0 max_job_mib=8.4 oldest_ms=140.74 pack_ms=16.50 solve_ms=49.90
v5_device jobs=1 rows=8337 cells=69329 direct=true graph_reused=false upload_ms=1.72 capture_ms=4.04 queue_ms=9.45 gpu_ms=0.01 unpack_ms=0.22 total_ms=15.44
v5_service device=0 lane=2 class=2 jobs=1 rows=8337 cells=69329 reach=43064 reverse=69329 table_mib=4.5 mutable_mib=256.0 max_job_mib=261.9 oldest_ms=214.31 pack_ms=2.59 solve_ms=15.50
v5_device jobs=10 rows=6097 cells=59672 direct=true graph_reused=false upload_ms=1.72 capture_ms=5.87 queue_ms=55.48 gpu_ms=0.01 unpack_ms=0.44 total_ms=63.52
v5_service device=1 lane=1 class=1 jobs=10 rows=6097 cells=59672 reach=37291 reverse=59672 table_mib=3.7 mutable_mib=192.0 max_job_mib=32.7 oldest_ms=148.89 pack_ms=2.93 solve_ms=63.58
v5_device jobs=241 rows=44199 cells=362974 direct=true graph_reused=false upload_ms=11.18 capture_ms=3.65 queue_ms=47.74 gpu_ms=0.01 unpack_ms=2.38 total_ms=64.95
v5_service device=1 lane=2 class=0 jobs=241 rows=44199 cells=362974 reach=200953 reverse=362974 table_mib=24.4 mutable_mib=1340.0 max_job_mib=8.5 oldest_ms=114.15 pack_ms=18.14 solve_ms=65.00
v5_device jobs=85 rows=18327 cells=201198 direct=true graph_reused=false upload_ms=4.05 capture_ms=3.92 queue_ms=38.07 gpu_ms=0.01 unpack_ms=1.69 total_ms=47.75
v5_service device=1 lane=0 class=0 jobs=85 rows=18327 cells=201198 reach=112520 reverse=201198 table_mib=11.7 mutable_mib=548.0 max_job_mib=8.4 oldest_ms=76.83 pack_ms=6.04 solve_ms=47.81
v5_device jobs=101 rows=21845 cells=250810 direct=true graph_reused=false upload_ms=4.50 capture_ms=2.98 queue_ms=49.12 gpu_ms=0.01 unpack_ms=1.63 total_ms=58.23
v5_service device=0 lane=0 class=0 jobs=101 rows=21845 cells=250810 reach=139109 reverse=250810 table_mib=14.2 mutable_mib=638.0 max_job_mib=8.4 oldest_ms=76.60 pack_ms=6.94 solve_ms=58.28
v5_device jobs=125 rows=24726 cells=226351 direct=true graph_reused=false upload_ms=4.90 capture_ms=3.25 queue_ms=32.20 gpu_ms=0.01 unpack_ms=2.06 total_ms=42.43
v5_service device=0 lane=1 class=0 jobs=125 rows=24726 cells=226351 reach=129192 reverse=226359 table_mib=14.5 mutable_mib=722.0 max_job_mib=8.4 oldest_ms=76.59 pack_ms=7.82 solve_ms=42.48
v5_device jobs=15 rows=7737 cells=74938 direct=true graph_reused=false upload_ms=2.19 capture_ms=7.14 queue_ms=6.40 gpu_ms=0.01 unpack_ms=0.54 total_ms=16.28
v5_service device=1 lane=0 class=1 jobs=15 rows=7737 cells=74938 reach=46679 reverse=74938 table_mib=4.7 mutable_mib=256.0 max_job_mib=33.0 oldest_ms=130.93 pack_ms=2.65 solve_ms=16.33
v5_device jobs=11 rows=5199 cells=54392 direct=true graph_reused=false upload_ms=1.20 capture_ms=4.37 queue_ms=14.60 gpu_ms=0.01 unpack_ms=0.32 total_ms=20.49
v5_service device=0 lane=1 class=1 jobs=11 rows=5199 cells=54392 reach=32650 reverse=54392 table_mib=3.2 mutable_mib=192.0 max_job_mib=32.6 oldest_ms=135.16 pack_ms=1.75 solve_ms=20.55
v5_device jobs=15 rows=7856 cells=67327 direct=true graph_reused=false upload_ms=1.58 capture_ms=4.77 queue_ms=15.15 gpu_ms=0.00 unpack_ms=0.46 total_ms=21.95
v5_service device=0 lane=0 class=1 jobs=15 rows=7856 cells=67327 reach=43293 reverse=67327 table_mib=4.4 mutable_mib=272.0 max_job_mib=32.7 oldest_ms=150.05 pack_ms=2.57 solve_ms=22.00
v5_device jobs=1 rows=2106 cells=35471 direct=true graph_reused=false upload_ms=0.37 capture_ms=3.91 queue_ms=14.12 gpu_ms=0.00 unpack_ms=0.08 total_ms=18.48
v5_service device=0 lane=0 class=2 jobs=1 rows=2106 cells=35471 reach=22217 reverse=35471 table_mib=1.6 mutable_mib=64.0 max_job_mib=66.1 oldest_ms=131.73 pack_ms=0.95 solve_ms=18.52
v5_device jobs=77 rows=16205 cells=164543 direct=true graph_reused=false upload_ms=3.98 capture_ms=4.23 queue_ms=20.93 gpu_ms=0.01 unpack_ms=1.10 total_ms=30.26
v5_service device=0 lane=2 class=0 jobs=77 rows=16205 cells=164543 reach=92684 reverse=164564 table_mib=9.9 mutable_mib=470.0 max_job_mib=8.4 oldest_ms=77.77 pack_ms=6.53 solve_ms=30.31
v5_device jobs=11 rows=5756 cells=50102 direct=true graph_reused=false upload_ms=1.30 capture_ms=4.06 queue_ms=8.03 gpu_ms=0.01 unpack_ms=0.32 total_ms=13.72
v5_service device=0 lane=2 class=1 jobs=11 rows=5756 cells=50102 reach=31301 reverse=50102 table_mib=3.3 mutable_mib=176.0 max_job_mib=16.5 oldest_ms=121.02 pack_ms=2.12 solve_ms=13.77
v5_device jobs=77 rows=16995 cells=195296 direct=true graph_reused=false upload_ms=4.00 capture_ms=2.95 queue_ms=18.24 gpu_ms=0.01 unpack_ms=1.10 total_ms=26.30
v5_service device=1 lane=1 class=0 jobs=77 rows=16995 cells=195296 reach=106441 reverse=195296 table_mib=11.0 mutable_mib=516.0 max_job_mib=8.4 oldest_ms=77.78 pack_ms=6.56 solve_ms=26.35
v5_device jobs=173 rows=29916 cells=188538 direct=true graph_reused=false upload_ms=5.62 capture_ms=4.41 queue_ms=37.53 gpu_ms=0.01 unpack_ms=1.38 total_ms=48.94
v5_service device=1 lane=2 class=0 jobs=173 rows=29916 cells=188538 reach=105522 reverse=188538 table_mib=14.8 mutable_mib=906.0 max_job_mib=8.2 oldest_ms=76.16 pack_ms=9.06 solve_ms=48.99
v5_device jobs=7 rows=4224 cells=52714 direct=true graph_reused=false upload_ms=1.02 capture_ms=4.21 queue_ms=35.96 gpu_ms=0.02 unpack_ms=0.46 total_ms=41.67
v5_service device=1 lane=1 class=1 jobs=7 rows=4224 cells=52714 reach=31341 reverse=52714 table_mib=2.9 mutable_mib=144.0 max_job_mib=33.1 oldest_ms=114.53 pack_ms=1.56 solve_ms=41.77
v5_device jobs=103 rows=18360 cells=197346 direct=true graph_reused=false upload_ms=4.72 capture_ms=4.12 queue_ms=34.51 gpu_ms=0.01 unpack_ms=1.55 total_ms=44.92
v5_service device=1 lane=0 class=0 jobs=103 rows=18360 cells=197346 reach=103054 reverse=197346 table_mib=11.5 mutable_mib=534.0 max_job_mib=8.4 oldest_ms=76.23 pack_ms=7.21 solve_ms=44.96
v5_device jobs=152 rows=25383 cells=161376 direct=true graph_reused=false upload_ms=4.28 capture_ms=2.93 queue_ms=26.11 gpu_ms=0.01 unpack_ms=1.35 total_ms=34.68
v5_service device=0 lane=1 class=0 jobs=152 rows=25383 cells=161376 reach=89936 reverse=161376 table_mib=12.7 mutable_mib=790.0 max_job_mib=8.2 oldest_ms=76.28 pack_ms=7.56 solve_ms=34.72
v5_device jobs=2 rows=941 cells=3408 direct=true graph_reused=false upload_ms=0.21 capture_ms=4.73 queue_ms=0.82 gpu_ms=0.01 unpack_ms=0.04 total_ms=5.80
v5_service device=1 lane=2 class=1 jobs=2 rows=941 cells=3408 reach=2761 reverse=3408 table_mib=0.4 mutable_mib=32.0 max_job_mib=16.3 oldest_ms=122.76 pack_ms=0.29 solve_ms=5.85
v5_device jobs=10 rows=5472 cells=64974 direct=true graph_reused=false upload_ms=1.53 capture_ms=4.39 queue_ms=7.23 gpu_ms=0.01 unpack_ms=0.36 total_ms=13.52
v5_service device=1 lane=0 class=1 jobs=10 rows=5472 cells=64974 reach=39511 reverse=64974 table_mib=3.6 mutable_mib=192.0 max_job_mib=32.7 oldest_ms=139.48 pack_ms=2.90 solve_ms=13.57
v5_device jobs=1 rows=1560 cells=13628 direct=true graph_reused=false upload_ms=0.32 capture_ms=3.79 queue_ms=2.28 gpu_ms=0.00 unpack_ms=0.04 total_ms=6.42
v5_device jobs=113 rows=22499 cells=263051 direct=true graph_reused=false upload_ms=6.43 capture_ms=4.26 queue_ms=29.54 gpu_ms=0.01 unpack_ms=1.49 total_ms=41.73
v5_service device=0 lane=0 class=0 jobs=113 rows=22499 cells=263051 reach=137773 reverse=263051 table_mib=14.7 mutable_mib=672.0 max_job_mib=8.4 oldest_ms=76.46 pack_ms=8.70 solve_ms=41.77
v5_service device=1 lane=0 class=2 jobs=1 rows=1560 cells=13628 reach=6994 reverse=13628 table_mib=0.8 mutable_mib=64.0 max_job_mib=65.0 oldest_ms=106.68 pack_ms=0.46 solve_ms=6.47
v5_device jobs=6 rows=3456 cells=31097 direct=true graph_reused=false upload_ms=0.74 capture_ms=3.94 queue_ms=25.66 gpu_ms=0.01 unpack_ms=0.22 total_ms=30.57
v5_service device=0 lane=1 class=1 jobs=6 rows=3456 cells=31097 reach=21381 reverse=31097 table_mib=2.0 mutable_mib=112.0 max_job_mib=32.9 oldest_ms=126.58 pack_ms=1.23 solve_ms=30.63
v5_device jobs=99 rows=17738 cells=114697 direct=true graph_reused=false upload_ms=3.81 capture_ms=5.46 queue_ms=20.70 gpu_ms=0.01 unpack_ms=0.95 total_ms=30.93
v5_service device=0 lane=2 class=0 jobs=99 rows=17738 cells=114697 reach=64962 reverse=114697 table_mib=8.9 mutable_mib=530.0 max_job_mib=8.3 oldest_ms=77.34 pack_ms=7.04 solve_ms=30.99
v5_device jobs=9 rows=3841 cells=34675 direct=true graph_reused=false upload_ms=0.77 capture_ms=3.56 queue_ms=9.24 gpu_ms=0.01 unpack_ms=0.23 total_ms=13.81
v5_service device=0 lane=0 class=1 jobs=9 rows=3841 cells=34675 reach=22227 reverse=34675 table_mib=2.2 mutable_mib=144.0 max_job_mib=16.4 oldest_ms=130.91 pack_ms=1.31 solve_ms=13.87
v5_device jobs=1 rows=9979 cells=62119 direct=true graph_reused=false upload_ms=1.84 capture_ms=3.52 queue_ms=12.58 gpu_ms=0.01 unpack_ms=0.18 total_ms=18.13
v5_service device=0 lane=1 class=2 jobs=1 rows=9979 cells=62119 reach=35669 reverse=62119 table_mib=4.7 mutable_mib=256.0 max_job_mib=261.8 oldest_ms=153.42 pack_ms=2.71 solve_ms=18.18
v5_device jobs=5 rows=3395 cells=17514 direct=true graph_reused=false upload_ms=0.63 capture_ms=3.82 queue_ms=9.51 gpu_ms=0.00 unpack_ms=0.13 total_ms=14.10
v5_service device=0 lane=2 class=1 jobs=5 rows=3395 cells=17514 reach=12596 reverse=17514 table_mib=1.6 mutable_mib=112.0 max_job_mib=32.6 oldest_ms=112.87 pack_ms=0.98 solve_ms=14.14
v5_device jobs=180 rows=31206 cells=184655 direct=true graph_reused=false upload_ms=5.90 capture_ms=3.87 queue_ms=27.38 gpu_ms=0.01 unpack_ms=1.62 total_ms=38.77
v5_service device=1 lane=0 class=0 jobs=180 rows=31206 cells=184655 reach=105255 reverse=184655 table_mib=15.2 mutable_mib=934.0 max_job_mib=8.3 oldest_ms=76.02 pack_ms=9.10 solve_ms=38.84
v5_device jobs=104 rows=19013 cells=174036 direct=true graph_reused=false upload_ms=3.72 capture_ms=3.08 queue_ms=70.73 gpu_ms=0.01 unpack_ms=1.32 total_ms=78.86
v5_service device=1 lane=1 class=0 jobs=104 rows=19013 cells=174036 reach=93702 reverse=174036 table_mib=11.0 mutable_mib=584.0 max_job_mib=8.4 oldest_ms=76.27 pack_ms=6.39 solve_ms=78.97
v5_device jobs=162 rows=27502 cells=169315 direct=true graph_reused=false upload_ms=4.74 capture_ms=3.68 queue_ms=52.03 gpu_ms=0.01 unpack_ms=1.62 total_ms=62.07
v5_service device=1 lane=2 class=0 jobs=162 rows=27502 cells=169315 reach=94832 reverse=169315 table_mib=13.5 mutable_mib=838.0 max_job_mib=8.2 oldest_ms=76.53 pack_ms=8.75 solve_ms=62.12
v5_device jobs=8 rows=3695 cells=21352 direct=true graph_reused=false upload_ms=0.78 capture_ms=5.63 queue_ms=8.65 gpu_ms=0.01 unpack_ms=0.21 total_ms=15.28
v5_service device=1 lane=0 class=1 jobs=8 rows=3695 cells=21352 reach=12606 reverse=21352 table_mib=1.8 mutable_mib=128.0 max_job_mib=16.4 oldest_ms=138.29 pack_ms=1.37 solve_ms=15.33
v5_device jobs=8 rows=3711 cells=16593 direct=true graph_reused=false upload_ms=0.64 capture_ms=4.15 queue_ms=14.28 gpu_ms=0.01 unpack_ms=0.34 total_ms=19.42
v5_service device=1 lane=2 class=1 jobs=8 rows=3711 cells=16593 reach=11071 reverse=16593 table_mib=1.6 mutable_mib=128.0 max_job_mib=16.3 oldest_ms=160.72 pack_ms=1.02 solve_ms=19.45
v5_device jobs=6 rows=3311 cells=39126 direct=true graph_reused=false upload_ms=1.19 capture_ms=8.97 queue_ms=6.26 gpu_ms=0.01 unpack_ms=0.27 total_ms=16.71
v5_service device=1 lane=1 class=1 jobs=6 rows=3311 cells=39126 reach=22238 reverse=39126 table_mib=2.1 mutable_mib=112.0 max_job_mib=32.7 oldest_ms=171.20 pack_ms=2.38 solve_ms=16.78
v5_device jobs=1 rows=1914 cells=15283 direct=true graph_reused=false upload_ms=0.50 capture_ms=5.11 queue_ms=1.70 gpu_ms=0.01 unpack_ms=0.05 total_ms=7.36
v5_service device=1 lane=0 class=2 jobs=1 rows=1914 cells=15283 reach=8318 reverse=15283 table_mib=1.0 mutable_mib=64.0 max_job_mib=65.2 oldest_ms=107.73 pack_ms=0.73 solve_ms=7.41
v5_device jobs=168 rows=28998 cells=192133 direct=true graph_reused=false upload_ms=5.02 capture_ms=3.01 queue_ms=65.18 gpu_ms=0.01 unpack_ms=1.60 total_ms=74.82
v5_service device=0 lane=0 class=0 jobs=168 rows=28998 cells=192133 reach=107698 reverse=192133 table_mib=14.7 mutable_mib=888.0 max_job_mib=8.4 oldest_ms=76.38 pack_ms=9.36 solve_ms=74.88
v5_device jobs=162 rows=27672 cells=168439 direct=true graph_reused=false upload_ms=7.46 capture_ms=6.53 queue_ms=48.85 gpu_ms=0.01 unpack_ms=1.48 total_ms=64.32
v5_service device=0 lane=1 class=0 jobs=162 rows=27672 cells=168439 reach=95067 reverse=168439 table_mib=13.6 mutable_mib=836.0 max_job_mib=8.2 oldest_ms=76.39 pack_ms=8.21 solve_ms=64.39
v5_device jobs=139 rows=24019 cells=146207 direct=true graph_reused=false upload_ms=7.48 capture_ms=4.64 queue_ms=47.51 gpu_ms=0.01 unpack_ms=1.30 total_ms=60.94
v5_service device=0 lane=2 class=0 jobs=139 rows=24019 cells=146207 reach=82691 reverse=146207 table_mib=11.8 mutable_mib=726.0 max_job_mib=8.2 oldest_ms=76.63 pack_ms=8.68 solve_ms=61.07
v5_device jobs=3 rows=1569 cells=8967 direct=true graph_reused=false upload_ms=0.44 capture_ms=7.09 queue_ms=12.04 gpu_ms=0.01 unpack_ms=0.10 total_ms=19.67
v5_service device=0 lane=2 class=1 jobs=3 rows=1569 cells=8967 reach=6237 reverse=8967 table_mib=0.7 mutable_mib=48.0 max_job_mib=16.4 oldest_ms=148.76 pack_ms=0.63 solve_ms=19.75
v5_device jobs=8 rows=4518 cells=24396 direct=true graph_reused=false upload_ms=0.95 capture_ms=6.91 queue_ms=7.16 gpu_ms=0.01 unpack_ms=0.20 total_ms=15.23
v5_service device=0 lane=1 class=1 jobs=8 rows=4518 cells=24396 reach=16976 reverse=24396 table_mib=2.1 mutable_mib=160.0 max_job_mib=32.5 oldest_ms=165.10 pack_ms=1.67 solve_ms=15.38
v5_device jobs=8 rows=4287 cells=24176 direct=true graph_reused=false upload_ms=0.72 capture_ms=6.57 queue_ms=11.83 gpu_ms=0.01 unpack_ms=0.21 total_ms=19.34
v5_service device=0 lane=0 class=1 jobs=8 rows=4287 cells=24176 reach=15133 reverse=24176 table_mib=2.0 mutable_mib=160.0 max_job_mib=32.5 oldest_ms=173.11 pack_ms=1.16 solve_ms=19.40
v5_device jobs=1 rows=5010 cells=35956 direct=true graph_reused=false upload_ms=1.11 capture_ms=5.28 queue_ms=5.02 gpu_ms=0.01 unpack_ms=0.12 total_ms=11.53
v5_service device=0 lane=1 class=2 jobs=1 rows=5010 cells=35956 reach=17911 reverse=35956 table_mib=2.5 mutable_mib=128.0 max_job_mib=131.0 oldest_ms=130.90 pack_ms=1.61 solve_ms=11.58
v5_device jobs=121 rows=21316 cells=129257 direct=true graph_reused=false upload_ms=5.58 capture_ms=4.39 queue_ms=53.23 gpu_ms=0.01 unpack_ms=1.10 total_ms=64.32
v5_service device=1 lane=1 class=0 jobs=121 rows=21316 cells=129257 reach=72711 reverse=129257 table_mib=10.5 mutable_mib=626.0 max_job_mib=8.2 oldest_ms=76.40 pack_ms=7.32 solve_ms=64.37
v5_device jobs=114 rows=21087 cells=137993 direct=true graph_reused=false upload_ms=5.35 capture_ms=3.76 queue_ms=41.48 gpu_ms=0.01 unpack_ms=1.34 total_ms=51.94
v5_service device=1 lane=0 class=0 jobs=114 rows=21087 cells=137993 reach=74460 reverse=137993 table_mib=10.6 mutable_mib=626.0 max_job_mib=8.2 oldest_ms=77.84 pack_ms=11.19 solve_ms=52.00
v5_device jobs=167 rows=28093 cells=181815 direct=true graph_reused=false upload_ms=6.49 capture_ms=4.32 queue_ms=51.74 gpu_ms=0.01 unpack_ms=1.76 total_ms=64.32
v5_service device=1 lane=2 class=0 jobs=167 rows=28093 cells=181815 reach=99100 reverse=181815 table_mib=14.1 mutable_mib=850.0 max_job_mib=8.2 oldest_ms=76.34 pack_ms=10.07 solve_ms=64.37
v5_device jobs=4 rows=2151 cells=9335 direct=true graph_reused=false upload_ms=0.51 capture_ms=7.22 queue_ms=4.39 gpu_ms=0.01 unpack_ms=0.13 total_ms=12.25
v5_service device=1 lane=2 class=1 jobs=4 rows=2151 cells=9335 reach=6345 reverse=9335 table_mib=0.9 mutable_mib=80.0 max_job_mib=32.4 oldest_ms=166.26 pack_ms=0.99 solve_ms=12.32
v5_device jobs=7 rows=3278 cells=16525 direct=true graph_reused=false upload_ms=0.78 capture_ms=7.09 queue_ms=7.90 gpu_ms=0.01 unpack_ms=0.18 total_ms=15.96
v5_service device=1 lane=1 class=1 jobs=7 rows=3278 cells=16525 reach=11085 reverse=16525 table_mib=1.5 mutable_mib=128.0 max_job_mib=32.4 oldest_ms=147.57 pack_ms=1.29 solve_ms=16.13
v5_device jobs=4 rows=2301 cells=11443 direct=true graph_reused=false upload_ms=0.54 capture_ms=7.69 queue_ms=7.06 gpu_ms=0.01 unpack_ms=0.13 total_ms=15.41
v5_service device=1 lane=0 class=1 jobs=4 rows=2301 cells=11443 reach=7403 reverse=11443 table_mib=1.0 mutable_mib=80.0 max_job_mib=32.5 oldest_ms=129.94 pack_ms=0.98 solve_ms=15.63
v5_device jobs=134 rows=21131 cells=136362 direct=true graph_reused=false upload_ms=4.01 capture_ms=5.21 queue_ms=57.51 gpu_ms=0.01 unpack_ms=1.23 total_ms=67.97
v5_service device=0 lane=2 class=0 jobs=134 rows=21131 cells=136362 reach=74434 reverse=136362 table_mib=10.6 mutable_mib=648.0 max_job_mib=8.2 oldest_ms=76.19 pack_ms=7.66 solve_ms=68.03
v5_device jobs=120 rows=22006 cells=135968 direct=true graph_reused=false upload_ms=4.64 capture_ms=4.93 queue_ms=57.56 gpu_ms=0.01 unpack_ms=1.33 total_ms=68.47
v5_service device=0 lane=0 class=0 jobs=120 rows=22006 cells=135968 reach=76265 reverse=135968 table_mib=10.8 mutable_mib=665.0 max_job_mib=8.2 oldest_ms=76.36 pack_ms=6.97 solve_ms=68.51
v5_device jobs=164 rows=27669 cells=179711 direct=true graph_reused=false upload_ms=8.86 capture_ms=5.84 queue_ms=32.69 gpu_ms=0.01 unpack_ms=1.79 total_ms=49.20
v5_service device=0 lane=1 class=0 jobs=164 rows=27669 cells=179711 reach=99501 reverse=179711 table_mib=13.9 mutable_mib=833.0 max_job_mib=8.3 oldest_ms=76.21 pack_ms=13.86 solve_ms=49.25
v5_device jobs=5 rows=2917 cells=17376 direct=true graph_reused=false upload_ms=0.71 capture_ms=5.87 queue_ms=4.86 gpu_ms=0.01 unpack_ms=0.26 total_ms=11.71
v5_service device=0 lane=0 class=1 jobs=5 rows=2917 cells=17376 reach=10441 reverse=17376 table_mib=1.4 mutable_mib=96.0 max_job_mib=32.6 oldest_ms=160.79 pack_ms=1.05 solve_ms=11.78
v5_device jobs=11 rows=6189 cells=39049 direct=true graph_reused=false upload_ms=1.55 capture_ms=7.00 queue_ms=7.32 gpu_ms=0.01 unpack_ms=0.34 total_ms=16.22
v5_service device=0 lane=1 class=1 jobs=11 rows=6189 cells=39049 reach=25302 reverse=39337 table_mib=3.0 mutable_mib=208.0 max_job_mib=32.7 oldest_ms=155.14 pack_ms=2.35 solve_ms=16.31
v5_device jobs=8 rows=5365 cells=22210 direct=true graph_reused=false upload_ms=1.33 capture_ms=8.77 queue_ms=10.31 gpu_ms=0.01 unpack_ms=0.34 total_ms=20.77
v5_service device=0 lane=2 class=1 jobs=8 rows=5365 cells=22210 reach=17217 reverse=22210 table_mib=2.3 mutable_mib=160.0 max_job_mib=32.7 oldest_ms=166.11 pack_ms=2.36 solve_ms=20.93
v5_device jobs=141 rows=24603 cells=153366 direct=true graph_reused=false upload_ms=6.17 capture_ms=4.44 queue_ms=45.05 gpu_ms=0.01 unpack_ms=1.24 total_ms=56.91
v5_service device=1 lane=1 class=0 jobs=141 rows=24603 cells=153366 reach=86151 reverse=153366 table_mib=12.2 mutable_mib=753.0 max_job_mib=8.2 oldest_ms=76.30 pack_ms=8.52 solve_ms=56.97
v5_device jobs=125 rows=21398 cells=136731 direct=true graph_reused=false upload_ms=6.00 capture_ms=6.73 queue_ms=40.87 gpu_ms=0.01 unpack_ms=1.58 total_ms=55.19
v5_service device=1 lane=0 class=0 jobs=125 rows=21398 cells=136731 reach=76131 reverse=136731 table_mib=10.7 mutable_mib=648.0 max_job_mib=8.3 oldest_ms=76.63 pack_ms=10.98 solve_ms=55.25
v5_device jobs=102 rows=18983 cells=133391 direct=true graph_reused=false upload_ms=4.08 capture_ms=4.28 queue_ms=49.46 gpu_ms=0.01 unpack_ms=1.40 total_ms=59.22
v5_service device=1 lane=2 class=0 jobs=102 rows=18983 cells=133391 reach=71528 reverse=133391 table_mib=9.8 mutable_mib=582.0 max_job_mib=8.4 oldest_ms=77.20 pack_ms=6.61 solve_ms=59.36
v5_device jobs=7 rows=3672 cells=21704 direct=true graph_reused=false upload_ms=0.69 capture_ms=4.20 queue_ms=6.21 gpu_ms=0.01 unpack_ms=0.20 total_ms=11.31
v5_service device=1 lane=2 class=1 jobs=7 rows=3672 cells=21704 reach=13622 reverse=21704 table_mib=1.8 mutable_mib=128.0 max_job_mib=32.5 oldest_ms=145.24 pack_ms=1.02 solve_ms=11.37
v5_device jobs=121 rows=20282 cells=120163 direct=true graph_reused=false upload_ms=4.19 capture_ms=4.74 queue_ms=18.00 gpu_ms=0.01 unpack_ms=1.23 total_ms=28.18
v5_service device=0 lane=0 class=0 jobs=121 rows=20282 cells=120163 reach=69433 reverse=121473 table_mib=9.9 mutable_mib=584.0 max_job_mib=8.2 oldest_ms=76.29 pack_ms=7.26 solve_ms=28.23
v5_device jobs=4 rows=2427 cells=14841 direct=true graph_reused=false upload_ms=0.61 capture_ms=7.63 queue_ms=3.62 gpu_ms=0.01 unpack_ms=0.19 total_ms=12.06
v5_service device=1 lane=0 class=1 jobs=4 rows=2427 cells=14841 reach=8613 reverse=14841 table_mib=1.2 mutable_mib=80.0 max_job_mib=32.6 oldest_ms=151.33 pack_ms=1.06 solve_ms=12.13
v5_device jobs=4 rows=2133 cells=9609 direct=true graph_reused=false upload_ms=0.69 capture_ms=7.18 queue_ms=1.05 gpu_ms=0.01 unpack_ms=0.13 total_ms=9.05
v5_service device=1 lane=1 class=1 jobs=4 rows=2133 cells=9609 reach=7189 reverse=9609 table_mib=0.9 mutable_mib=64.0 max_job_mib=16.4 oldest_ms=158.76 pack_ms=1.31 solve_ms=9.11
v5_device jobs=1 rows=1617 cells=9681 direct=true graph_reused=false upload_ms=0.37 capture_ms=6.37 queue_ms=0.24 gpu_ms=0.01 unpack_ms=0.09 total_ms=7.08
v5_service device=1 lane=1 class=2 jobs=1 rows=1617 cells=9681 reach=5514 reverse=9681 table_mib=0.8 mutable_mib=64.0 max_job_mib=64.9 oldest_ms=151.82 pack_ms=0.55 solve_ms=7.15
v5_device jobs=10 rows=5026 cells=33621 direct=true graph_reused=false upload_ms=0.99 capture_ms=5.48 queue_ms=29.32 gpu_ms=0.01 unpack_ms=0.23 total_ms=36.03
v5_service device=0 lane=0 class=1 jobs=10 rows=5026 cells=33621 reach=20665 reverse=33621 table_mib=2.5 mutable_mib=176.0 max_job_mib=32.6 oldest_ms=120.50 pack_ms=1.50 solve_ms=36.08
v5_device jobs=132 rows=22153 cells=138138 direct=true graph_reused=false upload_ms=8.05 capture_ms=7.64 queue_ms=39.26 gpu_ms=0.01 unpack_ms=1.50 total_ms=56.47
v5_service device=0 lane=2 class=0 jobs=132 rows=22153 cells=138138 reach=77434 reverse=138138 table_mib=11.0 mutable_mib=668.0 max_job_mib=8.2 oldest_ms=78.06 pack_ms=12.68 solve_ms=56.54
v5_device jobs=134 rows=23368 cells=141618 direct=true graph_reused=false upload_ms=11.68 capture_ms=6.61 queue_ms=37.90 gpu_ms=0.01 unpack_ms=1.67 total_ms=57.87
v5_service device=0 lane=1 class=0 jobs=134 rows=23368 cells=141618 reach=114407 reverse=176904 table_mib=12.4 mutable_mib=694.0 max_job_mib=8.7 oldest_ms=77.35 pack_ms=12.92 solve_ms=57.92
v5_device jobs=12 rows=6186 cells=35300 direct=true graph_reused=false upload_ms=1.67 capture_ms=4.21 queue_ms=10.55 gpu_ms=0.01 unpack_ms=0.32 total_ms=16.76
v5_service device=0 lane=1 class=1 jobs=12 rows=6186 cells=35300 reach=22457 reverse=35300 table_mib=3.0 mutable_mib=208.0 max_job_mib=32.4 oldest_ms=156.34 pack_ms=2.48 solve_ms=16.81
v5_device jobs=12 rows=6014 cells=36966 direct=true graph_reused=false upload_ms=1.63 capture_ms=7.58 queue_ms=8.26 gpu_ms=0.02 unpack_ms=0.40 total_ms=17.89
v5_service device=0 lane=2 class=1 jobs=12 rows=6014 cells=36966 reach=21304 reverse=36966 table_mib=2.9 mutable_mib=208.0 max_job_mib=32.7 oldest_ms=160.28 pack_ms=2.60 solve_ms=17.95
v5_device jobs=121 rows=21553 cells=136006 direct=true graph_reused=false upload_ms=4.51 capture_ms=4.38 queue_ms=33.54 gpu_ms=0.01 unpack_ms=1.17 total_ms=43.61
v5_service device=1 lane=1 class=0 jobs=121 rows=21553 cells=136006 reach=75901 reverse=136006 table_mib=10.7 mutable_mib=636.0 max_job_mib=8.2 oldest_ms=76.45 pack_ms=10.75 solve_ms=43.67
v5_device jobs=116 rows=19359 cells=119665 direct=true graph_reused=false upload_ms=6.39 capture_ms=4.89 queue_ms=43.78 gpu_ms=0.00 unpack_ms=1.43 total_ms=56.49
v5_service device=1 lane=0 class=0 jobs=116 rows=19359 cells=119665 reach=67106 reverse=119665 table_mib=9.6 mutable_mib=566.0 max_job_mib=8.3 oldest_ms=76.63 pack_ms=9.43 solve_ms=56.55
v5_device jobs=145 rows=24941 cells=151671 direct=true graph_reused=false upload_ms=5.95 capture_ms=4.66 queue_ms=52.29 gpu_ms=0.01 unpack_ms=1.55 total_ms=64.45
v5_service device=1 lane=2 class=0 jobs=145 rows=24941 cells=151671 reach=86178 reverse=151671 table_mib=12.2 mutable_mib=751.0 max_job_mib=8.4 oldest_ms=76.65 pack_ms=8.41 solve_ms=64.55
v5_device jobs=6 rows=2987 cells=18198 direct=true graph_reused=false upload_ms=0.70 capture_ms=7.36 queue_ms=9.27 gpu_ms=0.01 unpack_ms=0.20 total_ms=17.54
v5_service device=1 lane=1 class=1 jobs=6 rows=2987 cells=18198 reach=10920 reverse=18198 table_mib=1.4 mutable_mib=96.0 max_job_mib=16.4 oldest_ms=139.54 pack_ms=1.09 solve_ms=17.61
v5_device jobs=9 rows=4526 cells=23579 direct=true graph_reused=false upload_ms=0.84 capture_ms=4.43 queue_ms=10.49 gpu_ms=0.01 unpack_ms=0.21 total_ms=15.97
v5_service device=1 lane=2 class=1 jobs=9 rows=4526 cells=23579 reach=15567 reverse=23579 table_mib=2.1 mutable_mib=160.0 max_job_mib=32.4 oldest_ms=161.08 pack_ms=1.33 solve_ms=16.03
v5_device jobs=6 rows=2858 cells=17719 direct=true graph_reused=false upload_ms=0.66 capture_ms=7.34 queue_ms=8.01 gpu_ms=0.01 unpack_ms=0.22 total_ms=16.24
v5_service device=1 lane=0 class=1 jobs=6 rows=2858 cells=17719 reach=10934 reverse=17719 table_mib=1.4 mutable_mib=96.0 max_job_mib=16.4 oldest_ms=152.31 pack_ms=1.28 solve_ms=16.29
v5_device jobs=154 rows=26782 cells=158274 direct=true graph_reused=false upload_ms=21.43 capture_ms=4.27 queue_ms=30.42 gpu_ms=0.01 unpack_ms=1.78 total_ms=57.91
v5_service device=0 lane=0 class=0 jobs=154 rows=26782 cells=158274 reach=188338 reverse=258844 table_mib=15.9 mutable_mib=806.0 max_job_mib=8.5 oldest_ms=76.82 pack_ms=11.45 solve_ms=57.96
v5_device jobs=5 rows=2652 cells=13151 direct=true graph_reused=false upload_ms=0.53 capture_ms=4.47 queue_ms=25.63 gpu_ms=0.01 unpack_ms=0.13 total_ms=30.76
v5_service device=0 lane=0 class=1 jobs=5 rows=2652 cells=13151 reach=9105 reverse=13151 table_mib=1.2 mutable_mib=80.0 max_job_mib=16.4 oldest_ms=157.49 pack_ms=0.75 solve_ms=30.82
v5_device jobs=122 rows=20270 cells=126181 direct=true graph_reused=false upload_ms=7.61 capture_ms=7.56 queue_ms=48.42 gpu_ms=0.01 unpack_ms=1.50 total_ms=65.10
v5_service device=0 lane=2 class=0 jobs=122 rows=20270 cells=126181 reach=92852 reverse=149565 table_mib=10.7 mutable_mib=606.0 max_job_mib=8.8 oldest_ms=78.81 pack_ms=12.58 solve_ms=65.18
v5_device jobs=115 rows=16569 cells=49928 direct=true graph_reused=false upload_ms=18.27 capture_ms=7.03 queue_ms=30.22 gpu_ms=0.02 unpack_ms=2.92 total_ms=58.46
v5_service device=0 lane=1 class=0 jobs=115 rows=16569 cells=49928 reach=532748 reverse=554969 table_mib=21.2 mutable_mib=538.0 max_job_mib=8.6 oldest_ms=79.53 pack_ms=22.76 solve_ms=58.52
v5_device jobs=4 rows=1735 cells=10546 direct=true graph_reused=false upload_ms=0.53 capture_ms=8.43 queue_ms=1.98 gpu_ms=0.01 unpack_ms=0.12 total_ms=11.06
v5_service device=0 lane=2 class=1 jobs=4 rows=1735 cells=10546 reach=6406 reverse=10546 table_mib=0.8 mutable_mib=64.0 max_job_mib=16.4 oldest_ms=166.49 pack_ms=0.79 solve_ms=11.12
v5_device jobs=6 rows=3803 cells=14524 direct=true graph_reused=false upload_ms=2.17 capture_ms=5.94 queue_ms=7.95 gpu_ms=0.02 unpack_ms=0.53 total_ms=16.61
v5_service device=0 lane=1 class=1 jobs=6 rows=3803 cells=14524 reach=76506 reverse=81927 table_mib=3.4 mutable_mib=144.0 max_job_mib=33.6 oldest_ms=169.77 pack_ms=2.76 solve_ms=16.68
v5_device jobs=1 rows=4114 cells=20809 direct=true graph_reused=false upload_ms=0.80 capture_ms=5.33 queue_ms=4.21 gpu_ms=0.01 unpack_ms=0.08 total_ms=10.44
v5_service device=0 lane=1 class=2 jobs=1 rows=4114 cells=20809 reach=11821 reverse=20809 table_mib=1.8 mutable_mib=128.0 max_job_mib=130.2 oldest_ms=187.64 pack_ms=1.31 solve_ms=10.51
v5_device jobs=126 rows=20421 cells=117521 direct=true graph_reused=false upload_ms=7.51 capture_ms=3.76 queue_ms=56.89 gpu_ms=0.01 unpack_ms=1.24 total_ms=69.40
v5_service device=1 lane=0 class=0 jobs=126 rows=20421 cells=117521 reach=148729 reverse=200450 table_mib=12.3 mutable_mib=640.0 max_job_mib=8.6 oldest_ms=77.15 pack_ms=14.09 solve_ms=69.45
v5_device jobs=128 rows=21579 cells=114627 direct=true graph_reused=false upload_ms=11.11 capture_ms=5.15 queue_ms=51.80 gpu_ms=0.01 unpack_ms=2.08 total_ms=70.15
v5_service device=1 lane=1 class=0 jobs=128 rows=21579 cells=114627 reach=246203 reverse=296431 table_mib=15.3 mutable_mib=651.0 max_job_mib=8.7 oldest_ms=78.44 pack_ms=14.02 solve_ms=70.22
v5_device jobs=140 rows=22744 cells=99965 direct=true graph_reused=false upload_ms=15.20 capture_ms=3.96 queue_ms=55.18 gpu_ms=0.02 unpack_ms=3.31 total_ms=77.67
v5_service device=1 lane=2 class=0 jobs=140 rows=22744 cells=99965 reach=465460 reverse=509911 table_mib=21.8 mutable_mib=680.0 max_job_mib=8.6 oldest_ms=76.54 pack_ms=16.31 solve_ms=77.73
v5_device jobs=3 rows=1372 cells=8216 direct=true graph_reused=false upload_ms=0.47 capture_ms=8.17 queue_ms=0.62 gpu_ms=0.01 unpack_ms=0.13 total_ms=9.40
v5_service device=1 lane=0 class=1 jobs=3 rows=1372 cells=8216 reach=5529 reverse=8216 table_mib=0.7 mutable_mib=48.0 max_job_mib=16.3 oldest_ms=147.85 pack_ms=0.69 solve_ms=9.46
v5_device jobs=4 rows=2221 cells=10650 direct=true graph_reused=false upload_ms=0.64 capture_ms=9.36 queue_ms=0.49 gpu_ms=0.01 unpack_ms=0.15 total_ms=10.65
v5_service device=1 lane=1 class=1 jobs=4 rows=2221 cells=10650 reach=7902 reverse=10650 table_mib=1.0 mutable_mib=80.0 max_job_mib=32.4 oldest_ms=174.34 pack_ms=1.02 solve_ms=10.73
v5_device jobs=1 rows=2224 cells=6196 direct=true graph_reused=false upload_ms=0.50 capture_ms=7.96 queue_ms=8.79 gpu_ms=0.02 unpack_ms=0.07 total_ms=17.35
v5_service device=1 lane=1 class=2 jobs=1 rows=2224 cells=6196 reach=5993 reverse=6196 table_mib=0.9 mutable_mib=64.0 max_job_mib=65.1 oldest_ms=172.54 pack_ms=0.78 solve_ms=17.42
v5_device jobs=6 rows=3580 cells=10230 direct=true graph_reused=false upload_ms=2.32 capture_ms=4.85 queue_ms=9.57 gpu_ms=0.01 unpack_ms=0.43 total_ms=17.17
v5_service device=1 lane=2 class=1 jobs=6 rows=3580 cells=10230 reach=99211 reverse=101848 table_mib=3.8 mutable_mib=112.0 max_job_mib=34.1 oldest_ms=186.34 pack_ms=3.19 solve_ms=17.21
v5_device jobs=95 rows=14862 cells=60962 direct=true graph_reused=false upload_ms=13.33 capture_ms=4.62 queue_ms=38.08 gpu_ms=0.01 unpack_ms=1.62 total_ms=57.66
v5_service device=0 lane=2 class=0 jobs=95 rows=14862 cells=60962 reach=360298 reverse=386928 table_mib=15.8 mutable_mib=473.0 max_job_mib=8.8 oldest_ms=78.65 pack_ms=13.51 solve_ms=57.72
v5_device jobs=2 rows=1350 cells=4805 direct=true graph_reused=false upload_ms=0.84 capture_ms=4.82 queue_ms=6.34 gpu_ms=0.00 unpack_ms=0.21 total_ms=12.23
v5_service device=0 lane=2 class=1 jobs=2 rows=1350 cells=4805 reach=43039 reverse=44987 table_mib=1.6 mutable_mib=48.0 max_job_mib=33.9 oldest_ms=156.72 pack_ms=1.18 solve_ms=12.32
v5_device jobs=112 rows=16845 cells=54888 direct=true graph_reused=false upload_ms=33.33 capture_ms=3.93 queue_ms=67.25 gpu_ms=0.02 unpack_ms=2.66 total_ms=107.19
v5_service device=0 lane=0 class=0 jobs=112 rows=16845 cells=54888 reach=520748 reverse=545104 table_mib=21.0 mutable_mib=532.0 max_job_mib=8.8 oldest_ms=76.37 pack_ms=13.66 solve_ms=107.24
v5_device jobs=100 rows=14095 cells=33066 direct=true graph_reused=false upload_ms=14.53 capture_ms=3.71 queue_ms=33.26 gpu_ms=0.01 unpack_ms=2.34 total_ms=53.86
v5_service device=0 lane=1 class=0 jobs=100 rows=14095 cells=33066 reach=535118 reverse=549292 table_mib=20.2 mutable_mib=448.0 max_job_mib=8.7 oldest_ms=79.09 pack_ms=15.09 solve_ms=53.90
v5_device jobs=1 rows=378 cells=687 direct=true graph_reused=false upload_ms=0.41 capture_ms=5.28 queue_ms=3.59 gpu_ms=0.01 unpack_ms=0.06 total_ms=9.36
v5_service device=0 lane=0 class=1 jobs=1 rows=378 cells=687 reach=16504 reverse=16790 table_mib=0.6 mutable_mib=16.0 max_job_mib=16.8 oldest_ms=136.01 pack_ms=0.70 solve_ms=9.41
v5_device jobs=6 rows=4298 cells=7451 direct=true graph_reused=false upload_ms=3.81 capture_ms=4.09 queue_ms=11.21 gpu_ms=0.01 unpack_ms=0.69 total_ms=19.82
v5_service device=0 lane=1 class=1 jobs=6 rows=4298 cells=7451 reach=160817 reverse=163451 table_mib=5.7 mutable_mib=128.0 max_job_mib=34.2 oldest_ms=153.99 pack_ms=3.92 solve_ms=19.87
v5_device jobs=121 rows=16835 cells=55396 direct=true graph_reused=false upload_ms=17.99 capture_ms=5.95 queue_ms=63.10 gpu_ms=0.01 unpack_ms=2.27 total_ms=89.32
v5_service device=1 lane=0 class=0 jobs=121 rows=16835 cells=55396 reach=531500 reverse=556017 table_mib=21.4 mutable_mib=532.0 max_job_mib=8.7 oldest_ms=76.98 pack_ms=22.42 solve_ms=89.38
v5_device jobs=120 rows=16693 cells=39358 direct=true graph_reused=false upload_ms=18.89 capture_ms=3.88 queue_ms=51.27 gpu_ms=0.01 unpack_ms=3.38 total_ms=77.42
v5_service device=1 lane=2 class=0 jobs=120 rows=16693 cells=39358 reach=632687 reverse=650103 table_mib=24.0 mutable_mib=560.0 max_job_mib=8.7 oldest_ms=77.53 pack_ms=17.70 solve_ms=77.48
v5_device jobs=105 rows=15407 cells=34449 direct=true graph_reused=false upload_ms=16.97 capture_ms=4.99 queue_ms=54.68 gpu_ms=0.01 unpack_ms=3.50 total_ms=80.15
v5_service device=1 lane=1 class=0 jobs=105 rows=15407 cells=34449 reach=594329 reverse=608814 table_mib=22.3 mutable_mib=506.0 max_job_mib=8.7 oldest_ms=77.19 pack_ms=17.40 solve_ms=80.21
v5_device jobs=2 rows=889 cells=2510 direct=true graph_reused=false upload_ms=0.50 capture_ms=5.55 queue_ms=6.58 gpu_ms=0.00 unpack_ms=0.13 total_ms=12.77
v5_service device=1 lane=2 class=1 jobs=2 rows=889 cells=2510 reach=21031 reverse=21667 table_mib=0.9 mutable_mib=32.0 max_job_mib=16.9 oldest_ms=182.04 pack_ms=0.77 solve_ms=12.83
v5_device jobs=3 rows=2198 cells=8537 direct=true graph_reused=false upload_ms=0.83 capture_ms=8.02 queue_ms=7.70 gpu_ms=0.01 unpack_ms=0.21 total_ms=16.77
v5_service device=1 lane=0 class=1 jobs=3 rows=2198 cells=8537 reach=22027 reverse=24370 table_mib=1.3 mutable_mib=64.0 max_job_mib=32.6 oldest_ms=196.03 pack_ms=1.21 solve_ms=16.84
v5_device jobs=11 rows=6921 cells=21860 direct=true graph_reused=false upload_ms=6.47 capture_ms=6.26 queue_ms=29.81 gpu_ms=0.01 unpack_ms=1.02 total_ms=43.57
v5_service device=0 lane=0 class=1 jobs=11 rows=6921 cells=21860 reach=196638 reverse=205036 table_mib=7.6 mutable_mib=240.0 max_job_mib=33.8 oldest_ms=75.72 pack_ms=4.16 solve_ms=43.63
v5_device jobs=103 rows=15134 cells=35015 direct=true graph_reused=false upload_ms=13.77 capture_ms=4.47 queue_ms=35.14 gpu_ms=0.01 unpack_ms=2.82 total_ms=56.22
v5_service device=0 lane=2 class=0 jobs=103 rows=15134 cells=35015 reach=584325 reverse=599690 table_mib=21.9 mutable_mib=500.0 max_job_mib=8.8 oldest_ms=76.75 pack_ms=15.24 solve_ms=56.28
v5_device jobs=4 rows=2249 cells=3552 direct=true graph_reused=false upload_ms=2.20 capture_ms=9.23 queue_ms=3.28 gpu_ms=0.01 unpack_ms=0.40 total_ms=15.12
v5_service device=1 lane=1 class=1 jobs=4 rows=2249 cells=3552 reach=94482 reverse=95217 table_mib=3.2 mutable_mib=64.0 max_job_mib=17.4 oldest_ms=178.59 pack_ms=3.50 solve_ms=15.20
v5_device jobs=2 rows=798 cells=1506 direct=true graph_reused=false upload_ms=0.66 capture_ms=5.58 queue_ms=8.50 gpu_ms=0.02 unpack_ms=0.16 total_ms=14.92
v5_service device=0 lane=2 class=1 jobs=2 rows=798 cells=1506 reach=30401 reverse=31051 table_mib=1.1 mutable_mib=32.0 max_job_mib=16.8 oldest_ms=152.50 pack_ms=0.86 solve_ms=14.98
v5_device jobs=105 rows=13948 cells=30847 direct=true graph_reused=false upload_ms=18.09 capture_ms=3.83 queue_ms=30.11 gpu_ms=0.02 unpack_ms=2.70 total_ms=54.75
v5_service device=0 lane=1 class=0 jobs=105 rows=13948 cells=30847 reach=527069 reverse=540520 table_mib=20.1 mutable_mib=468.0 max_job_mib=8.6 oldest_ms=77.24 pack_ms=15.11 solve_ms=54.80
{"phase": "live", "seconds": 20.186, "solves": 36864, "solves_per_s": 1826.2, "oversize_routes": 0, "card_exclusive_routes": 0}
v5_device jobs=3 rows=2028 cells=3445 direct=true graph_reused=false upload_ms=1.61 capture_ms=4.73 queue_ms=6.58 gpu_ms=0.01 unpack_ms=0.37 total_ms=13.30
v5_service device=0 lane=1 class=1 jobs=3 rows=2028 cells=3445 reach=82644 reverse=83751 table_mib=2.9 mutable_mib=64.0 max_job_mib=33.8 oldest_ms=124.45 pack_ms=2.29 solve_ms=13.35
v5_device jobs=76 rows=11315 cells=26396 direct=true graph_reused=false upload_ms=12.57 capture_ms=3.47 queue_ms=42.42 gpu_ms=0.01 unpack_ms=1.66 total_ms=60.13
v5_service device=1 lane=0 class=0 jobs=76 rows=11315 cells=26396 reach=435727 reverse=447569 table_mib=16.4 mutable_mib=360.0 max_job_mib=8.7 oldest_ms=77.42 pack_ms=11.34 solve_ms=60.18
v5_device jobs=71 rows=10544 cells=27218 direct=true graph_reused=false upload_ms=11.77 capture_ms=4.86 queue_ms=43.08 gpu_ms=0.01 unpack_ms=1.97 total_ms=61.69
v5_service device=1 lane=1 class=0 jobs=71 rows=10544 cells=27218 reach=380549 reverse=392327 table_mib=14.5 mutable_mib=340.0 max_job_mib=8.7 oldest_ms=78.03 pack_ms=11.62 solve_ms=61.75
v5_device jobs=96 rows=13654 cells=31544 direct=true graph_reused=false upload_ms=15.74 capture_ms=4.36 queue_ms=46.14 gpu_ms=0.02 unpack_ms=2.70 total_ms=68.95
v5_service device=1 lane=2 class=0 jobs=96 rows=13654 cells=31544 reach=495595 reverse=508620 table_mib=19.0 mutable_mib=462.0 max_job_mib=8.6 oldest_ms=77.56 pack_ms=13.67 solve_ms=68.99
v5_device jobs=1 rows=493 cells=4004 direct=true graph_reused=false upload_ms=0.31 capture_ms=7.20 queue_ms=0.22 gpu_ms=0.02 unpack_ms=0.07 total_ms=7.82
v5_service device=1 lane=0 class=1 jobs=1 rows=493 cells=4004 reach=2341 reverse=4004 table_mib=0.3 mutable_mib=16.0 max_job_mib=16.3 oldest_ms=99.84 pack_ms=0.34 solve_ms=7.89
v5_device jobs=2 rows=810 cells=1437 direct=true graph_reused=false upload_ms=0.84 capture_ms=6.80 queue_ms=6.88 gpu_ms=0.01 unpack_ms=0.31 total_ms=14.84
v5_service device=1 lane=1 class=1 jobs=2 rows=810 cells=1437 reach=36808 reverse=37318 table_mib=1.2 mutable_mib=32.0 max_job_mib=16.9 oldest_ms=150.39 pack_ms=1.72 solve_ms=14.93
v5_device jobs=4 rows=1652 cells=2859 direct=true graph_reused=false upload_ms=1.46 capture_ms=5.10 queue_ms=7.64 gpu_ms=0.01 unpack_ms=0.48 total_ms=14.70
v5_service device=1 lane=2 class=1 jobs=4 rows=1652 cells=2859 reach=66692 reverse=67579 table_mib=2.3 mutable_mib=64.0 max_job_mib=16.9 oldest_ms=147.30 pack_ms=2.11 solve_ms=14.85
v5_device jobs=1 rows=12306 cells=21836 direct=true graph_reused=false upload_ms=13.43 capture_ms=4.09 queue_ms=23.81 gpu_ms=0.01 unpack_ms=1.19 total_ms=42.53
v5_service device=1 lane=1 class=3 jobs=1 rows=12306 cells=21836 reach=479078 reverse=487872 table_mib=16.5 mutable_mib=512.0 max_job_mib=534.8 oldest_ms=141.07 pack_ms=15.04 solve_ms=42.60
v5_device jobs=90 rows=13002 cells=31259 direct=true graph_reused=false upload_ms=21.38 capture_ms=4.10 queue_ms=98.49 gpu_ms=0.01 unpack_ms=2.14 total_ms=126.13
v5_service device=0 lane=2 class=0 jobs=90 rows=13002 cells=31259 reach=489349 reverse=502904 table_mib=18.5 mutable_mib=422.0 max_job_mib=8.7 oldest_ms=76.89 pack_ms=11.98 solve_ms=126.19
v5_device jobs=97 rows=13920 cells=30092 direct=true graph_reused=false upload_ms=20.13 capture_ms=4.46 queue_ms=66.48 gpu_ms=0.01 unpack_ms=2.73 total_ms=93.81
v5_service device=0 lane=1 class=0 jobs=97 rows=13920 cells=30092 reach=550815 reverse=564019 table_mib=20.6 mutable_mib=450.0 max_job_mib=8.6 oldest_ms=76.58 pack_ms=13.88 solve_ms=93.85
v5_device jobs=229 rows=34310 cells=76583 direct=true graph_reused=false upload_ms=75.74 capture_ms=4.44 queue_ms=113.02 gpu_ms=0.03 unpack_ms=12.52 total_ms=205.74
v5_service device=0 lane=0 class=0 jobs=229 rows=34310 cells=76583 reach=1286157 reverse=1318459 table_mib=48.6 mutable_mib=1108.0 max_job_mib=8.8 oldest_ms=130.82 pack_ms=54.39 solve_ms=205.80
v5_device jobs=3 rows=1484 cells=4730 direct=true graph_reused=false upload_ms=1.24 capture_ms=5.39 queue_ms=6.31 gpu_ms=0.01 unpack_ms=0.25 total_ms=13.19
v5_service device=0 lane=1 class=1 jobs=3 rows=1484 cells=4730 reach=43763 reverse=45579 table_mib=1.7 mutable_mib=48.0 max_job_mib=17.1 oldest_ms=191.12 pack_ms=1.47 solve_ms=13.25
v5_device jobs=4 rows=2274 cells=5519 direct=true graph_reused=false upload_ms=2.72 capture_ms=9.46 queue_ms=3.45 gpu_ms=0.02 unpack_ms=0.71 total_ms=16.36
v5_service device=0 lane=2 class=1 jobs=4 rows=2274 cells=5519 reach=75163 reverse=77020 table_mib=2.8 mutable_mib=80.0 max_job_mib=33.4 oldest_ms=216.40 pack_ms=3.70 solve_ms=16.49
v5_device jobs=1 rows=6435 cells=24798 direct=true graph_reused=false upload_ms=2.18 capture_ms=6.40 queue_ms=4.98 gpu_ms=0.02 unpack_ms=0.26 total_ms=13.83
v5_service device=0 lane=2 class=2 jobs=1 rows=6435 cells=24798 reach=24130 reverse=24798 table_mib=2.7 mutable_mib=256.0 max_job_mib=259.3 oldest_ms=195.37 pack_ms=3.00 solve_ms=13.91
v5_device jobs=81 rows=13082 cells=41893 direct=true graph_reused=false upload_ms=17.39 capture_ms=7.07 queue_ms=22.55 gpu_ms=0.03 unpack_ms=4.62 total_ms=51.66
v5_service device=1 lane=0 class=0 jobs=81 rows=13082 cells=41893 reach=408666 reverse=427286 table_mib=16.3 mutable_mib=412.0 max_job_mib=8.7 oldest_ms=76.78 pack_ms=16.09 solve_ms=51.74
v5_device jobs=88 rows=11656 cells=31391 direct=true graph_reused=false upload_ms=17.48 capture_ms=4.33 queue_ms=22.60 gpu_ms=0.02 unpack_ms=2.90 total_ms=47.33
v5_service device=1 lane=2 class=0 jobs=88 rows=11656 cells=31391 reach=421817 reverse=435804 table_mib=16.3 mutable_mib=380.0 max_job_mib=8.6 oldest_ms=79.43 pack_ms=16.62 solve_ms=47.38
v5_device jobs=5 rows=2877 cells=10530 direct=true graph_reused=false upload_ms=3.05 capture_ms=6.16 queue_ms=6.47 gpu_ms=0.04 unpack_ms=0.84 total_ms=16.57
v5_service device=1 lane=0 class=1 jobs=5 rows=2877 cells=10530 reach=83957 reverse=88424 table_mib=3.2 mutable_mib=96.0 max_job_mib=33.4 oldest_ms=157.81 pack_ms=3.33 solve_ms=16.66
v5_device jobs=3 rows=1767 cells=2717 direct=true graph_reused=false upload_ms=3.20 capture_ms=7.32 queue_ms=18.71 gpu_ms=0.02 unpack_ms=0.41 total_ms=29.65
v5_service device=1 lane=2 class=1 jobs=3 rows=1767 cells=2717 reach=68402 reverse=68982 table_mib=2.4 mutable_mib=48.0 max_job_mib=17.4 oldest_ms=169.43 pack_ms=2.91 solve_ms=29.73
v5_device jobs=75 rows=11006 cells=27622 direct=true graph_reused=false upload_ms=22.62 capture_ms=4.31 queue_ms=24.50 gpu_ms=0.02 unpack_ms=2.82 total_ms=54.27
v5_service device=1 lane=1 class=0 jobs=75 rows=11006 cells=27622 reach=409308 reverse=421564 table_mib=15.6 mutable_mib=364.0 max_job_mib=8.7 oldest_ms=80.56 pack_ms=16.47 solve_ms=54.32
v5_device jobs=78 rows=11080 cells=23551 direct=true graph_reused=false upload_ms=16.95 capture_ms=4.30 queue_ms=24.40 gpu_ms=0.02 unpack_ms=2.89 total_ms=48.56
v5_service device=0 lane=1 class=0 jobs=78 rows=11080 cells=23551 reach=430016 reverse=440198 table_mib=16.2 mutable_mib=366.0 max_job_mib=8.6 oldest_ms=78.52 pack_ms=18.29 solve_ms=48.62
v5_device jobs=3 rows=1472 cells=2423 direct=true graph_reused=false upload_ms=1.10 capture_ms=4.88 queue_ms=5.40 gpu_ms=0.01 unpack_ms=0.32 total_ms=11.70
v5_service device=1 lane=1 class=1 jobs=3 rows=1472 cells=2423 reach=58850 reverse=59512 table_mib=2.1 mutable_mib=48.0 max_job_mib=17.4 oldest_ms=168.58 pack_ms=1.75 solve_ms=11.77
v5_device jobs=4 rows=1934 cells=3541 direct=true graph_reused=false upload_ms=1.62 capture_ms=4.87 queue_ms=19.24 gpu_ms=0.02 unpack_ms=0.41 total_ms=26.16
v5_service device=0 lane=1 class=1 jobs=4 rows=1934 cells=3541 reach=69438 reverse=70827 table_mib=2.5 mutable_mib=64.0 max_job_mib=17.1 oldest_ms=151.55 pack_ms=2.00 solve_ms=26.21
v5_device jobs=75 rows=10942 cells=24776 direct=true graph_reused=false upload_ms=33.55 capture_ms=7.05 queue_ms=31.16 gpu_ms=0.02 unpack_ms=2.12 total_ms=73.90
v5_service device=0 lane=0 class=0 jobs=75 rows=10942 cells=24776 reach=401491 reverse=411971 table_mib=15.3 mutable_mib=350.0 max_job_mib=8.7 oldest_ms=79.24 pack_ms=13.95 solve_ms=73.97
v5_device jobs=65 rows=10125 cells=20936 direct=true graph_reused=false upload_ms=19.31 capture_ms=4.27 queue_ms=42.61 gpu_ms=0.01 unpack_ms=2.08 total_ms=68.29
v5_service device=0 lane=2 class=0 jobs=65 rows=10125 cells=20936 reach=408280 reverse=417586 table_mib=15.1 mutable_mib=332.0 max_job_mib=8.7 oldest_ms=77.83 pack_ms=13.62 solve_ms=68.34
v5_device jobs=68 rows=10043 cells=22684 direct=true graph_reused=false upload_ms=14.44 capture_ms=4.33 queue_ms=20.35 gpu_ms=0.02 unpack_ms=2.44 total_ms=41.58
v5_service device=1 lane=0 class=0 jobs=68 rows=10043 cells=22684 reach=374981 reverse=384733 table_mib=14.2 mutable_mib=318.0 max_job_mib=8.7 oldest_ms=78.04 pack_ms=15.38 solve_ms=41.65
v5_device jobs=3 rows=1428 cells=4395 direct=true graph_reused=false upload_ms=1.50 capture_ms=5.88 queue_ms=4.80 gpu_ms=0.01 unpack_ms=0.32 total_ms=12.52
v5_service device=0 lane=2 class=1 jobs=3 rows=1428 cells=4395 reach=38193 reverse=39610 table_mib=1.5 mutable_mib=48.0 max_job_mib=17.0 oldest_ms=170.85 pack_ms=3.03 solve_ms=12.59
v5_device jobs=5 rows=3136 cells=5393 direct=true graph_reused=false upload_ms=6.85 capture_ms=7.12 queue_ms=5.96 gpu_ms=0.02 unpack_ms=0.55 total_ms=20.51
v5_service device=0 lane=0 class=1 jobs=5 rows=3136 cells=5393 reach=134271 reverse=135934 table_mib=4.6 mutable_mib=96.0 max_job_mib=34.4 oldest_ms=195.90 pack_ms=8.71 solve_ms=20.57
v5_device jobs=1 rows=4008 cells=8456 direct=true graph_reused=false upload_ms=12.44 capture_ms=4.48 queue_ms=19.57 gpu_ms=0.02 unpack_ms=0.45 total_ms=36.96
v5_service device=1 lane=0 class=2 jobs=1 rows=4008 cells=8456 reach=126414 reverse=130426 table_mib=4.7 mutable_mib=128.0 max_job_mib=134.4 oldest_ms=137.14 pack_ms=5.11 solve_ms=37.03
v5_device jobs=68 rows=9335 cells=20499 direct=true graph_reused=false upload_ms=23.03 capture_ms=7.04 queue_ms=24.02 gpu_ms=0.03 unpack_ms=2.58 total_ms=56.69
v5_service device=1 lane=2 class=0 jobs=68 rows=9335 cells=20499 reach=371646 reverse=380684 table_mib=13.9 mutable_mib=306.0 max_job_mib=8.6 oldest_ms=77.52 pack_ms=12.74 solve_ms=56.77
v5_device jobs=2 rows=4155 cells=30465 direct=true graph_reused=false upload_ms=3.06 capture_ms=4.43 queue_ms=12.41 gpu_ms=0.03 unpack_ms=0.85 total_ms=20.77
v5_service device=0 lane=0 class=2 jobs=2 rows=4155 cells=30465 reach=105919 reverse=105969 table_mib=4.3 mutable_mib=128.0 max_job_mib=67.7 oldest_ms=194.88 pack_ms=2.98 solve_ms=20.84
v5_device jobs=1 rows=592 cells=1205 direct=true graph_reused=false upload_ms=6.01 capture_ms=7.08 queue_ms=23.75 gpu_ms=0.01 unpack_ms=0.10 total_ms=36.96
v5_service device=1 lane=0 class=1 jobs=1 rows=592 cells=1205 reach=25487 reverse=26046 table_mib=0.9 mutable_mib=16.0 max_job_mib=17.2 oldest_ms=166.38 pack_ms=0.93 solve_ms=37.02
v5_device jobs=1 rows=2536 cells=6762 direct=true graph_reused=false upload_ms=2.83 capture_ms=6.03 queue_ms=13.31 gpu_ms=0.01 unpack_ms=0.27 total_ms=22.44
v5_service device=1 lane=2 class=2 jobs=1 rows=2536 cells=6762 reach=118049 reverse=121857 table_mib=3.9 mutable_mib=64.0 max_job_mib=69.5 oldest_ms=147.09 pack_ms=3.84 solve_ms=22.50
v5_device jobs=77 rows=11044 cells=23310 direct=true graph_reused=false upload_ms=16.56 capture_ms=5.54 queue_ms=30.10 gpu_ms=0.01 unpack_ms=2.22 total_ms=54.43
v5_service device=1 lane=1 class=0 jobs=77 rows=11044 cells=23310 reach=449954 reverse=459587 table_mib=16.7 mutable_mib=350.0 max_job_mib=8.6 oldest_ms=79.01 pack_ms=14.26 solve_ms=54.48
v5_device jobs=3 rows=1438 cells=2105 direct=true graph_reused=false upload_ms=1.27 capture_ms=4.22 queue_ms=5.02 gpu_ms=0.01 unpack_ms=0.22 total_ms=10.75
v5_service device=1 lane=1 class=1 jobs=3 rows=1438 cells=2105 reach=49992 reverse=50299 table_mib=1.8 mutable_mib=48.0 max_job_mib=16.9 oldest_ms=152.89 pack_ms=1.68 solve_ms=10.80
v5_device jobs=90 rows=12709 cells=27546 direct=true graph_reused=false upload_ms=18.13 capture_ms=3.66 queue_ms=26.63 gpu_ms=0.03 unpack_ms=3.51 total_ms=51.96
v5_service device=0 lane=1 class=0 jobs=90 rows=12709 cells=27546 reach=499182 reverse=511189 table_mib=18.7 mutable_mib=432.0 max_job_mib=8.7 oldest_ms=77.43 pack_ms=19.78 solve_ms=52.02
v5_device jobs=4 rows=2892 cells=26016 direct=true graph_reused=false upload_ms=2.44 capture_ms=4.33 queue_ms=22.60 gpu_ms=0.01 unpack_ms=0.46 total_ms=29.83
v5_service device=0 lane=1 class=1 jobs=4 rows=2892 cells=26016 reach=80685 reverse=81609 table_mib=3.3 mutable_mib=96.0 max_job_mib=33.8 oldest_ms=153.59 pack_ms=3.61 solve_ms=29.88
v5_device jobs=83 rows=11739 cells=25836 direct=true graph_reused=false upload_ms=21.42 capture_ms=4.28 queue_ms=26.56 gpu_ms=0.02 unpack_ms=2.49 total_ms=54.76
v5_service device=0 lane=2 class=0 jobs=83 rows=11739 cells=25836 reach=481357 reverse=493071 table_mib=17.8 mutable_mib=398.0 max_job_mib=8.8 oldest_ms=77.81 pack_ms=16.60 solve_ms=54.82
v5_device jobs=6 rows=3357 cells=7636 direct=true graph_reused=false upload_ms=5.56 capture_ms=4.97 queue_ms=23.25 gpu_ms=0.01 unpack_ms=0.48 total_ms=34.26
v5_service device=0 lane=2 class=1 jobs=6 rows=3357 cells=7636 reach=106470 reverse=109332 table_mib=4.0 mutable_mib=112.0 max_job_mib=33.5 oldest_ms=150.90 pack_ms=4.80 solve_ms=34.31
v5_device jobs=84 rows=11807 cells=26243 direct=true graph_reused=false upload_ms=34.33 capture_ms=4.32 queue_ms=28.16 gpu_ms=0.01 unpack_ms=2.43 total_ms=69.26
v5_service device=0 lane=0 class=0 jobs=84 rows=11807 cells=26243 reach=481483 reverse=493393 table_mib=17.9 mutable_mib=404.0 max_job_mib=8.7 oldest_ms=76.42 pack_ms=13.44 solve_ms=69.32
v5_device jobs=4 rows=1809 cells=13964 direct=true graph_reused=false upload_ms=1.46 capture_ms=4.63 queue_ms=8.29 gpu_ms=0.01 unpack_ms=0.40 total_ms=14.79
v5_service device=0 lane=0 class=1 jobs=4 rows=1809 cells=13964 reach=73504 reverse=74636 table_mib=2.6 mutable_mib=64.0 max_job_mib=17.1 oldest_ms=154.03 pack_ms=2.00 solve_ms=14.85
v5_device jobs=82 rows=12276 cells=27004 direct=true graph_reused=false upload_ms=19.95 capture_ms=4.36 queue_ms=39.14 gpu_ms=0.01 unpack_ms=2.03 total_ms=65.49
v5_service device=1 lane=2 class=0 jobs=82 rows=12276 cells=27004 reach=485160 reverse=497103 table_mib=18.1 mutable_mib=402.0 max_job_mib=8.7 oldest_ms=78.42 pack_ms=20.11 solve_ms=65.55
v5_device jobs=84 rows=12237 cells=26374 direct=true graph_reused=false upload_ms=17.26 capture_ms=4.33 queue_ms=43.56 gpu_ms=0.02 unpack_ms=2.57 total_ms=67.74
v5_service device=1 lane=0 class=0 jobs=84 rows=12237 cells=26374 reach=484422 reverse=496039 table_mib=18.1 mutable_mib=403.0 max_job_mib=8.8 oldest_ms=78.02 pack_ms=21.54 solve_ms=67.80
v5_device jobs=86 rows=12050 cells=29585 direct=true graph_reused=false upload_ms=31.28 capture_ms=6.15 queue_ms=28.58 gpu_ms=0.02 unpack_ms=3.21 total_ms=69.24
v5_service device=1 lane=1 class=0 jobs=86 rows=12050 cells=29585 reach=464513 reverse=477669 table_mib=17.5 mutable_mib=368.0 max_job_mib=8.7 oldest_ms=77.65 pack_ms=13.74 solve_ms=69.30
v5_device jobs=2 rows=1082 cells=1904 direct=true graph_reused=false upload_ms=1.42 capture_ms=5.24 queue_ms=8.65 gpu_ms=0.02 unpack_ms=0.33 total_ms=15.65
v5_service device=1 lane=2 class=1 jobs=2 rows=1082 cells=1904 reach=49572 reverse=50153 table_mib=1.7 mutable_mib=32.0 max_job_mib=17.4 oldest_ms=138.22 pack_ms=1.74 solve_ms=15.72
v5_device jobs=2 rows=851 cells=1333 direct=true graph_reused=false upload_ms=1.44 capture_ms=8.48 queue_ms=4.20 gpu_ms=0.01 unpack_ms=0.24 total_ms=14.37
v5_service device=1 lane=0 class=1 jobs=2 rows=851 cells=1333 reach=31995 reverse=32315 table_mib=1.1 mutable_mib=32.0 max_job_mib=16.9 oldest_ms=171.74 pack_ms=1.81 solve_ms=14.50
v5_device jobs=2 rows=822 cells=1330 direct=true graph_reused=false upload_ms=0.67 capture_ms=5.28 queue_ms=2.49 gpu_ms=0.01 unpack_ms=0.12 total_ms=8.56
v5_service device=1 lane=1 class=1 jobs=2 rows=822 cells=1330 reach=26292 reverse=26624 table_mib=1.0 mutable_mib=32.0 max_job_mib=16.8 oldest_ms=175.45 pack_ms=0.94 solve_ms=8.61
v5_device jobs=84 rows=12575 cells=28114 direct=true graph_reused=false upload_ms=26.08 capture_ms=3.82 queue_ms=25.80 gpu_ms=0.03 unpack_ms=3.36 total_ms=59.09
v5_service device=0 lane=1 class=0 jobs=84 rows=12575 cells=28114 reach=504128 reverse=516572 table_mib=18.7 mutable_mib=408.0 max_job_mib=8.6 oldest_ms=79.73 pack_ms=15.84 solve_ms=59.15
v5_device jobs=4 rows=1721 cells=2908 direct=true graph_reused=false upload_ms=3.81 capture_ms=4.36 queue_ms=23.66 gpu_ms=0.02 unpack_ms=0.36 total_ms=32.20
v5_service device=0 lane=1 class=1 jobs=4 rows=1721 cells=2908 reach=61946 reverse=62880 table_mib=2.2 mutable_mib=64.0 max_job_mib=17.0 oldest_ms=160.78 pack_ms=2.48 solve_ms=32.26
v5_device jobs=84 rows=12401 cells=25686 direct=true graph_reused=false upload_ms=19.92 capture_ms=4.15 queue_ms=29.23 gpu_ms=0.02 unpack_ms=2.56 total_ms=55.87
v5_service device=0 lane=2 class=0 jobs=84 rows=12401 cells=25686 reach=490551 reverse=501559 table_mib=18.2 mutable_mib=410.0 max_job_mib=8.7 oldest_ms=78.27 pack_ms=16.99 solve_ms=55.92
v5_device jobs=3 rows=1912 cells=3203 direct=true graph_reused=false upload_ms=1.69 capture_ms=5.35 queue_ms=7.33 gpu_ms=0.01 unpack_ms=0.31 total_ms=14.70
v5_service device=0 lane=2 class=1 jobs=3 rows=1912 cells=3203 reach=61225 reverse=62131 table_mib=2.3 mutable_mib=48.0 max_job_mib=17.1 oldest_ms=163.06 pack_ms=1.98 solve_ms=14.75
v5_device jobs=74 rows=10984 cells=23597 direct=true graph_reused=false upload_ms=28.56 capture_ms=3.91 queue_ms=30.33 gpu_ms=0.02 unpack_ms=2.25 total_ms=65.07
v5_service device=0 lane=0 class=0 jobs=74 rows=10984 cells=23597 reach=434252 reverse=444432 table_mib=16.2 mutable_mib=348.0 max_job_mib=8.8 oldest_ms=78.26 pack_ms=14.03 solve_ms=65.12
v5_device jobs=6 rows=4584 cells=49041 direct=true graph_reused=false upload_ms=3.75 capture_ms=4.09 queue_ms=12.77 gpu_ms=0.01 unpack_ms=0.61 total_ms=21.23
v5_service device=0 lane=0 class=1 jobs=6 rows=4584 cells=49041 reach=114363 reverse=115854 table_mib=4.8 mutable_mib=144.0 max_job_mib=33.6 oldest_ms=160.01 pack_ms=4.47 solve_ms=21.28
v5_device jobs=70 rows=10115 cells=22534 direct=true graph_reused=false upload_ms=15.31 capture_ms=4.12 queue_ms=42.48 gpu_ms=0.03 unpack_ms=2.53 total_ms=64.46
v5_service device=1 lane=0 class=0 jobs=70 rows=10115 cells=22534 reach=409658 reverse=419735 table_mib=15.2 mutable_mib=318.0 max_job_mib=8.7 oldest_ms=77.76 pack_ms=15.03 solve_ms=64.52
v5_device jobs=95 rows=13489 cells=40376 direct=true graph_reused=false upload_ms=19.42 capture_ms=3.77 queue_ms=32.59 gpu_ms=0.02 unpack_ms=3.45 total_ms=59.25
v5_service device=1 lane=1 class=0 jobs=95 rows=13489 cells=40376 reach=511359 reverse=523448 table_mib=19.5 mutable_mib=436.0 max_job_mib=8.6 oldest_ms=77.98 pack_ms=14.87 solve_ms=59.31
v5_device jobs=92 rows=13251 cells=28176 direct=true graph_reused=false upload_ms=18.48 capture_ms=4.42 queue_ms=60.24 gpu_ms=0.02 unpack_ms=3.44 total_ms=86.61
v5_service device=1 lane=2 class=0 jobs=92 rows=13251 cells=28176 reach=522101 reverse=534287 table_mib=19.5 mutable_mib=438.0 max_job_mib=8.7 oldest_ms=77.37 pack_ms=17.09 solve_ms=86.65
v5_device jobs=2 rows=1360 cells=9776 direct=true graph_reused=false upload_ms=1.46 capture_ms=11.57 queue_ms=5.68 gpu_ms=0.02 unpack_ms=0.28 total_ms=19.01
v5_service device=1 lane=0 class=1 jobs=2 rows=1360 cells=9776 reach=34070 reverse=34802 table_mib=1.4 mutable_mib=32.0 max_job_mib=17.3 oldest_ms=163.25 pack_ms=2.10 solve_ms=19.09
v5_device jobs=4 rows=1966 cells=20635 direct=true graph_reused=false upload_ms=1.44 capture_ms=6.92 queue_ms=9.25 gpu_ms=0.02 unpack_ms=0.48 total_ms=18.10
v5_service device=1 lane=2 class=1 jobs=4 rows=1966 cells=20635 reach=54357 reverse=55230 table_mib=2.2 mutable_mib=64.0 max_job_mib=17.2 oldest_ms=191.53 pack_ms=2.33 solve_ms=18.17
v5_device jobs=86 rows=12312 cells=27715 direct=true graph_reused=false upload_ms=26.59 capture_ms=5.05 queue_ms=25.31 gpu_ms=0.03 unpack_ms=4.49 total_ms=61.47
v5_service device=0 lane=1 class=0 jobs=86 rows=12312 cells=27715 reach=478168 reverse=490752 table_mib=18.0 mutable_mib=404.0 max_job_mib=8.7 oldest_ms=77.70 pack_ms=21.80 solve_ms=61.53
v5_device jobs=1 rows=13200 cells=333428 direct=true graph_reused=false upload_ms=13.15 capture_ms=3.70 queue_ms=24.32 gpu_ms=0.03 unpack_ms=3.14 total_ms=44.34
v5_service device=1 lane=1 class=3 jobs=1 rows=13200 cells=333428 reach=333474 reverse=333428 table_mib=14.6 mutable_mib=512.0 max_job_mib=533.9 oldest_ms=151.94 pack_ms=14.23 solve_ms=44.40
v5_device jobs=2 rows=1181 cells=19745 direct=true graph_reused=false upload_ms=0.89 capture_ms=3.83 queue_ms=5.60 gpu_ms=0.01 unpack_ms=0.26 total_ms=10.59
v5_service device=1 lane=1 class=1 jobs=2 rows=1181 cells=19745 reach=36384 reverse=36481 table_mib=1.5 mutable_mib=48.0 max_job_mib=33.4 oldest_ms=199.66 pack_ms=1.17 solve_ms=10.65
v5_device jobs=75 rows=10565 cells=23216 direct=true graph_reused=false upload_ms=19.60 capture_ms=7.90 queue_ms=20.50 gpu_ms=0.02 unpack_ms=2.56 total_ms=50.58
v5_service device=0 lane=2 class=0 jobs=75 rows=10565 cells=23216 reach=415682 reverse=425893 table_mib=15.6 mutable_mib=356.0 max_job_mib=8.6 oldest_ms=81.90 pack_ms=23.23 solve_ms=50.66
v5_device jobs=1 rows=2259 cells=33248 direct=true graph_reused=false upload_ms=0.73 capture_ms=4.37 queue_ms=5.90 gpu_ms=0.01 unpack_ms=0.18 total_ms=11.19
v5_service device=1 lane=1 class=2 jobs=1 rows=2259 cells=33248 reach=34240 reverse=34208 table_mib=1.8 mutable_mib=64.0 max_job_mib=66.7 oldest_ms=194.97 pack_ms=1.25 solve_ms=11.24
v5_device jobs=9 rows=4694 cells=48180 direct=true graph_reused=false upload_ms=5.02 capture_ms=4.42 queue_ms=14.15 gpu_ms=0.02 unpack_ms=1.10 total_ms=24.71
v5_service device=0 lane=1 class=1 jobs=9 rows=4694 cells=48180 reach=153594 reverse=154894 table_mib=6.0 mutable_mib=160.0 max_job_mib=33.3 oldest_ms=167.34 pack_ms=4.51 solve_ms=24.79
v5_device jobs=3 rows=2665 cells=10875 direct=true graph_reused=false upload_ms=2.75 capture_ms=7.10 queue_ms=11.41 gpu_ms=0.02 unpack_ms=0.74 total_ms=22.02
v5_service device=0 lane=2 class=1 jobs=3 rows=2665 cells=10875 reach=72030 reverse=73061 table_mib=2.9 mutable_mib=80.0 max_job_mib=34.0 oldest_ms=177.73 pack_ms=3.51 solve_ms=22.12
v5_device jobs=81 rows=13153 cells=28952 direct=true graph_reused=false upload_ms=35.22 capture_ms=3.90 queue_ms=36.24 gpu_ms=0.02 unpack_ms=3.45 total_ms=78.83
v5_service device=0 lane=0 class=0 jobs=81 rows=13153 cells=28952 reach=519543 reverse=532249 table_mib=19.2 mutable_mib=444.0 max_job_mib=8.8 oldest_ms=77.46 pack_ms=20.26 solve_ms=78.89
v5_device jobs=89 rows=13121 cells=32443 direct=true graph_reused=false upload_ms=22.80 capture_ms=4.82 queue_ms=33.05 gpu_ms=0.02 unpack_ms=2.57 total_ms=63.27
v5_service device=1 lane=2 class=0 jobs=89 rows=13121 cells=32443 reach=505388 reverse=517203 table_mib=19.0 mutable_mib=434.0 max_job_mib=8.8 oldest_ms=76.92 pack_ms=16.23 solve_ms=63.32
v5_device jobs=64 rows=10215 cells=20962 direct=true graph_reused=false upload_ms=17.94 capture_ms=5.31 queue_ms=41.55 gpu_ms=0.04 unpack_ms=3.37 total_ms=68.20
v5_service device=1 lane=0 class=0 jobs=64 rows=10215 cells=20962 reach=423729 reverse=433023 table_mib=15.5 mutable_mib=336.0 max_job_mib=8.7 oldest_ms=78.00 pack_ms=15.21 solve_ms=68.30
v5_device jobs=6 rows=4640 cells=72725 direct=true graph_reused=false upload_ms=2.82 capture_ms=3.83 queue_ms=14.36 gpu_ms=0.02 unpack_ms=4.41 total_ms=25.43
v5_service device=0 lane=0 class=1 jobs=6 rows=4640 cells=72725 reach=125261 reverse=125784 table_mib=5.3 mutable_mib=144.0 max_job_mib=34.1 oldest_ms=189.92 pack_ms=4.09 solve_ms=25.49
v5_device jobs=1 rows=396 cells=610 direct=true graph_reused=false upload_ms=0.70 capture_ms=7.61 queue_ms=0.76 gpu_ms=0.03 unpack_ms=0.13 total_ms=9.24
v5_service device=1 lane=0 class=1 jobs=1 rows=396 cells=610 reach=16936 reverse=17124 table_mib=0.6 mutable_mib=16.0 max_job_mib=16.8 oldest_ms=132.48 pack_ms=0.98 solve_ms=9.35
v5_device jobs=1 rows=1818 cells=29261 direct=true graph_reused=false upload_ms=0.74 capture_ms=5.48 queue_ms=8.08 gpu_ms=0.02 unpack_ms=0.25 total_ms=14.57
v5_service device=0 lane=0 class=2 jobs=1 rows=1818 cells=29261 reach=29307 reverse=29261 table_mib=1.5 mutable_mib=64.0 max_job_mib=66.4 oldest_ms=170.11 pack_ms=1.20 solve_ms=14.63
v5_device jobs=11 rows=7142 cells=111827 direct=true graph_reused=false upload_ms=5.35 capture_ms=4.54 queue_ms=15.49 gpu_ms=0.01 unpack_ms=1.02 total_ms=26.41
v5_service device=1 lane=2 class=1 jobs=11 rows=7142 cells=111827 reach=129899 reverse=129742 table_mib=6.6 mutable_mib=224.0 max_job_mib=33.5 oldest_ms=173.65 pack_ms=5.62 solve_ms=26.46
v5_device jobs=62 rows=9445 cells=26311 direct=true graph_reused=false upload_ms=19.54 capture_ms=4.52 queue_ms=19.99 gpu_ms=0.02 unpack_ms=2.07 total_ms=46.14
v5_service device=0 lane=1 class=0 jobs=62 rows=9445 cells=26311 reach=354853 reverse=363586 table_mib=13.5 mutable_mib=298.0 max_job_mib=8.7 oldest_ms=77.12 pack_ms=14.38 solve_ms=46.19
v5_device jobs=72 rows=10701 cells=47012 direct=true graph_reused=false upload_ms=60.05 capture_ms=4.21 queue_ms=23.50 gpu_ms=0.02 unpack_ms=2.61 total_ms=90.41
v5_service device=1 lane=1 class=0 jobs=72 rows=10701 cells=47012 reach=397416 reverse=406439 table_mib=15.3 mutable_mib=354.0 max_job_mib=8.6 oldest_ms=76.26 pack_ms=12.38 solve_ms=90.47
v5_device jobs=69 rows=11146 cells=22818 direct=true graph_reused=false upload_ms=19.23 capture_ms=4.59 queue_ms=23.96 gpu_ms=0.03 unpack_ms=3.01 total_ms=50.81
v5_service device=0 lane=2 class=0 jobs=69 rows=11146 cells=22818 reach=456305 reverse=466091 table_mib=16.7 mutable_mib=368.0 max_job_mib=8.7 oldest_ms=79.38 pack_ms=17.21 solve_ms=50.90
v5_device jobs=5 rows=4060 cells=85930 direct=true graph_reused=false upload_ms=4.99 capture_ms=4.57 queue_ms=11.96 gpu_ms=0.02 unpack_ms=0.92 total_ms=22.47
v5_service device=0 lane=2 class=1 jobs=5 rows=4060 cells=85930 reach=86125 reverse=85930 table_mib=4.1 mutable_mib=144.0 max_job_mib=33.7 oldest_ms=145.14 pack_ms=4.94 solve_ms=22.55
v5_device jobs=50 rows=8449 cells=45212 direct=true graph_reused=false upload_ms=13.45 capture_ms=4.30 queue_ms=34.75 gpu_ms=0.01 unpack_ms=1.68 total_ms=54.20
v5_service device=1 lane=2 class=0 jobs=50 rows=8449 cells=45212 reach=310551 reverse=316346 table_mib=11.9 mutable_mib=262.0 max_job_mib=8.6 oldest_ms=78.34 pack_ms=12.80 solve_ms=54.26
v5_device jobs=80 rows=11274 cells=25636 direct=true graph_reused=false upload_ms=21.39 capture_ms=6.12 queue_ms=37.33 gpu_ms=0.03 unpack_ms=3.40 total_ms=68.27
v5_service device=1 lane=0 class=0 jobs=80 rows=11274 cells=25636 reach=418190 reverse=429334 table_mib=16.0 mutable_mib=370.0 max_job_mib=8.6 oldest_ms=80.15 pack_ms=28.07 solve_ms=68.33
v5_device jobs=1 rows=3393 cells=4627 direct=true graph_reused=false upload_ms=3.65 capture_ms=4.10 queue_ms=48.98 gpu_ms=0.05 unpack_ms=0.65 total_ms=57.43
v5_service device=0 lane=2 class=2 jobs=1 rows=3393 cells=4627 reach=136389 reverse=136550 table_mib=4.7 mutable_mib=128.0 max_job_mib=134.4 oldest_ms=165.98 pack_ms=4.31 solve_ms=57.53
v5_device jobs=51 rows=8098 cells=28296 direct=true graph_reused=false upload_ms=26.60 capture_ms=5.18 queue_ms=62.66 gpu_ms=0.02 unpack_ms=2.32 total_ms=96.79
v5_service device=0 lane=0 class=0 jobs=51 rows=8098 cells=28296 reach=319760 reverse=326934 table_mib=11.9 mutable_mib=270.0 max_job_mib=8.7 oldest_ms=76.22 pack_ms=13.32 solve_ms=96.86
v5_device jobs=42 rows=34390 cells=636699 direct=true graph_reused=false upload_ms=36.46 capture_ms=8.74 queue_ms=74.89 gpu_ms=0.06 unpack_ms=11.84 total_ms=132.00
v5_service device=0 lane=1 class=1 jobs=42 rows=34390 cells=636699 reach=638661 reverse=636981 table_mib=32.4 mutable_mib=1024.0 max_job_mib=34.4 oldest_ms=159.88 pack_ms=28.57 solve_ms=132.07
v5_device jobs=8 rows=4556 cells=70317 direct=true graph_reused=false upload_ms=7.58 capture_ms=6.28 queue_ms=17.59 gpu_ms=0.03 unpack_ms=1.49 total_ms=32.96
v5_service device=1 lane=0 class=1 jobs=8 rows=4556 cells=70317 reach=109075 reverse=109353 table_mib=4.9 mutable_mib=144.0 max_job_mib=33.6 oldest_ms=187.83 pack_ms=6.23 solve_ms=33.03
v5_device jobs=5 rows=11628 cells=216286 direct=true graph_reused=false upload_ms=11.18 capture_ms=3.90 queue_ms=21.96 gpu_ms=0.02 unpack_ms=1.76 total_ms=38.82
v5_service device=0 lane=1 class=2 jobs=5 rows=11628 cells=216286 reach=216525 reverse=216344 table_mib=10.7 mutable_mib=320.0 max_job_mib=68.2 oldest_ms=324.72 pack_ms=12.46 solve_ms=38.87
v5_device jobs=27 rows=18008 cells=354169 direct=true graph_reused=false upload_ms=19.83 capture_ms=4.07 queue_ms=34.14 gpu_ms=0.02 unpack_ms=3.44 total_ms=61.49
v5_service device=1 lane=2 class=1 jobs=27 rows=18008 cells=354169 reach=398960 reverse=398966 table_mib=18.8 mutable_mib=544.0 max_job_mib=34.5 oldest_ms=165.12 pack_ms=20.40 solve_ms=61.54
v5_device jobs=4 rows=7176 cells=126431 direct=true graph_reused=false upload_ms=2.80 capture_ms=3.81 queue_ms=14.27 gpu_ms=0.01 unpack_ms=0.95 total_ms=21.83
v5_service device=1 lane=2 class=2 jobs=4 rows=7176 cells=126431 reach=126576 reverse=126431 table_mib=6.4 mutable_mib=256.0 max_job_mib=67.3 oldest_ms=238.33 pack_ms=3.71 solve_ms=21.88
v5_device jobs=42 rows=7232 cells=20976 direct=true graph_reused=false upload_ms=9.27 capture_ms=4.10 queue_ms=18.83 gpu_ms=0.03 unpack_ms=2.15 total_ms=34.38
v5_service device=0 lane=2 class=0 jobs=42 rows=7232 cells=20976 reach=303685 reverse=309681 table_mib=11.1 mutable_mib=230.0 max_job_mib=8.8 oldest_ms=77.09 pack_ms=8.51 solve_ms=34.46
v5_device jobs=54 rows=36986 cells=715373 direct=true graph_reused=false upload_ms=45.76 capture_ms=4.58 queue_ms=140.99 gpu_ms=0.02 unpack_ms=11.47 total_ms=202.81
v5_service device=1 lane=1 class=1 jobs=54 rows=36986 cells=715373 reach=775070 reverse=773635 table_mib=37.4 mutable_mib=1216.0 max_job_mib=34.6 oldest_ms=193.48 pack_ms=40.07 solve_ms=202.88
v5_device jobs=66 rows=8416 cells=21230 direct=true graph_reused=false upload_ms=27.30 capture_ms=4.56 queue_ms=16.82 gpu_ms=0.01 unpack_ms=2.18 total_ms=50.89
v5_service device=1 lane=0 class=0 jobs=66 rows=8416 cells=21230 reach=320340 reverse=330053 table_mib=12.3 mutable_mib=272.0 max_job_mib=8.6 oldest_ms=81.95 pack_ms=17.40 solve_ms=50.95
v5_device jobs=9 rows=16517 cells=283153 direct=true graph_reused=false upload_ms=13.87 capture_ms=3.84 queue_ms=27.67 gpu_ms=0.03 unpack_ms=2.67 total_ms=48.08
v5_service device=1 lane=1 class=2 jobs=9 rows=16517 cells=283153 reach=283541 reverse=283209 table_mib=14.5 mutable_mib=576.0 max_job_mib=67.2 oldest_ms=464.46 pack_ms=15.45 solve_ms=48.14
v5_device jobs=31 rows=20831 cells=385919 direct=true graph_reused=false upload_ms=13.58 capture_ms=3.81 queue_ms=36.03 gpu_ms=0.02 unpack_ms=7.32 total_ms=60.75
v5_service device=1 lane=2 class=1 jobs=31 rows=20831 cells=385919 reach=387151 reverse=385949 table_mib=19.7 mutable_mib=656.0 max_job_mib=33.4 oldest_ms=79.77 pack_ms=14.13 solve_ms=60.81
v5_device jobs=45 rows=34505 cells=707154 direct=true graph_reused=false upload_ms=29.81 capture_ms=5.08 queue_ms=89.23 gpu_ms=0.03 unpack_ms=7.52 total_ms=131.66
v5_service device=0 lane=2 class=1 jobs=45 rows=34505 cells=707154 reach=732254 reverse=731043 table_mib=35.2 mutable_mib=1056.0 max_job_mib=34.3 oldest_ms=135.55 pack_ms=36.66 solve_ms=131.74
v5_device jobs=17 rows=2105 cells=4396 direct=true graph_reused=false upload_ms=1.72 capture_ms=5.06 queue_ms=26.72 gpu_ms=0.01 unpack_ms=0.44 total_ms=33.94
v5_service device=1 lane=2 class=0 jobs=17 rows=2105 cells=4396 reach=85668 reverse=87598 table_mib=3.2 mutable_mib=74.0 max_job_mib=8.5 oldest_ms=157.24 pack_ms=2.37 solve_ms=33.99
v5_device jobs=30 rows=19957 cells=360305 direct=true graph_reused=false upload_ms=14.48 capture_ms=5.10 queue_ms=41.26 gpu_ms=0.04 unpack_ms=6.63 total_ms=67.52
v5_service device=1 lane=0 class=1 jobs=30 rows=19957 cells=360305 reach=379931 reverse=378981 table_mib=19.0 mutable_mib=608.0 max_job_mib=33.8 oldest_ms=191.69 pack_ms=17.89 solve_ms=67.60
v5_device jobs=21 rows=16755 cells=290733 direct=true graph_reused=false upload_ms=23.61 capture_ms=3.83 queue_ms=110.55 gpu_ms=0.05 unpack_ms=5.90 total_ms=143.94
v5_service device=0 lane=1 class=1 jobs=21 rows=16755 cells=290733 reach=291548 reverse=290758 table_mib=15.1 mutable_mib=496.0 max_job_mib=33.8 oldest_ms=84.24 pack_ms=17.95 solve_ms=144.05
v5_device jobs=5 rows=11178 cells=199347 direct=true graph_reused=false upload_ms=10.71 capture_ms=4.68 queue_ms=20.37 gpu_ms=0.01 unpack_ms=1.45 total_ms=37.22
v5_service device=0 lane=2 class=2 jobs=5 rows=11178 cells=199347 reach=199533 reverse=199372 table_mib=9.9 mutable_mib=384.0 max_job_mib=133.1 oldest_ms=297.54 pack_ms=10.99 solve_ms=37.30
v5_device jobs=19 rows=3243 cells=27782 direct=true graph_reused=false upload_ms=6.40 capture_ms=6.51 queue_ms=9.88 gpu_ms=0.02 unpack_ms=0.85 total_ms=23.66
v5_service device=0 lane=1 class=0 jobs=19 rows=3243 cells=27782 reach=112585 reverse=114481 table_mib=4.5 mutable_mib=98.0 max_job_mib=8.7 oldest_ms=252.43 pack_ms=7.52 solve_ms=23.71
v5_device jobs=78 rows=59322 cells=1016675 direct=true graph_reused=false upload_ms=68.01 capture_ms=4.58 queue_ms=204.20 gpu_ms=0.03 unpack_ms=18.50 total_ms=295.31
v5_service device=0 lane=0 class=1 jobs=78 rows=59322 cells=1016675 reach=1066629 reverse=1063986 table_mib=54.8 mutable_mib=1904.0 max_job_mib=34.1 oldest_ms=207.91 pack_ms=49.06 solve_ms=295.37
v5_device jobs=3 rows=6707 cells=58504 direct=true graph_reused=false upload_ms=9.91 capture_ms=5.86 queue_ms=57.84 gpu_ms=0.02 unpack_ms=1.19 total_ms=74.83
v5_service device=1 lane=0 class=2 jobs=3 rows=6707 cells=58504 reach=183827 reverse=183872 table_mib=7.3 mutable_mib=192.0 max_job_mib=69.9 oldest_ms=259.10 pack_ms=7.47 solve_ms=74.89
v5_device jobs=1 rows=18367 cells=300912 direct=true graph_reused=false upload_ms=15.53 capture_ms=4.17 queue_ms=68.52 gpu_ms=0.02 unpack_ms=2.30 total_ms=90.54
v5_service device=1 lane=2 class=3 jobs=1 rows=18367 cells=300912 reach=300949 reverse=300912 table_mib=15.2 mutable_mib=512.0 max_job_mib=534.9 oldest_ms=131.07 pack_ms=14.13 solve_ms=90.58
v5_device jobs=31 rows=22956 cells=429521 direct=true graph_reused=false upload_ms=29.51 capture_ms=4.62 queue_ms=52.04 gpu_ms=0.01 unpack_ms=4.22 total_ms=90.41
v5_service device=1 lane=1 class=1 jobs=31 rows=22956 cells=429521 reach=430768 reverse=429540 table_mib=21.7 mutable_mib=720.0 max_job_mib=33.8 oldest_ms=79.65 pack_ms=23.45 solve_ms=90.46
v5_device jobs=8 rows=902 cells=1885 direct=true graph_reused=false upload_ms=0.95 capture_ms=4.20 queue_ms=3.88 gpu_ms=0.01 unpack_ms=0.22 total_ms=9.26
v5_service device=1 lane=1 class=0 jobs=8 rows=902 cells=1885 reach=37072 reverse=37907 table_mib=1.4 mutable_mib=30.0 max_job_mib=8.4 oldest_ms=194.56 pack_ms=1.31 solve_ms=9.31
v5_device jobs=1 rows=16531 cells=190446 direct=true graph_reused=false upload_ms=14.09 capture_ms=4.14 queue_ms=45.63 gpu_ms=0.02 unpack_ms=3.64 total_ms=67.51
v5_service device=0 lane=2 class=3 jobs=1 rows=16531 cells=190446 reach=190488 reverse=190446 table_mib=12.9 mutable_mib=512.0 max_job_mib=534.8 oldest_ms=288.69 pack_ms=9.95 solve_ms=67.58
v5_device jobs=1 rows=2623 cells=38356 direct=true graph_reused=false upload_ms=1.71 capture_ms=6.40 queue_ms=55.62 gpu_ms=0.02 unpack_ms=0.36 total_ms=64.11
v5_service device=0 lane=1 class=2 jobs=1 rows=2623 cells=38356 reach=38394 reverse=38356 table_mib=2.1 mutable_mib=64.0 max_job_mib=67.1 oldest_ms=282.91 pack_ms=2.48 solve_ms=64.17
v5_device jobs=3 rows=15434 cells=189551 direct=true graph_reused=false upload_ms=9.55 capture_ms=4.60 queue_ms=38.97 gpu_ms=0.02 unpack_ms=2.18 total_ms=55.31
v5_service device=0 lane=0 class=2 jobs=3 rows=15434 cells=189551 reach=189663 reverse=189551 table_mib=11.8 mutable_mib=384.0 max_job_mib=270.3 oldest_ms=551.64 pack_ms=8.48 solve_ms=55.37
v5_device jobs=4 rows=8638 cells=172521 direct=true graph_reused=false upload_ms=4.83 capture_ms=3.60 queue_ms=16.85 gpu_ms=0.02 unpack_ms=1.32 total_ms=26.63
v5_service device=1 lane=1 class=2 jobs=4 rows=8638 cells=172521 reach=172674 reverse=172521 table_mib=8.3 mutable_mib=320.0 max_job_mib=133.4 oldest_ms=206.87 pack_ms=5.95 solve_ms=26.70
v5_device jobs=39 rows=6421 cells=43230 direct=true graph_reused=false upload_ms=7.82 capture_ms=4.01 queue_ms=16.28 gpu_ms=0.02 unpack_ms=1.41 total_ms=29.54
v5_service device=1 lane=0 class=0 jobs=39 rows=6421 cells=43230 reach=224737 reverse=228284 table_mib=8.8 mutable_mib=196.0 max_job_mib=8.6 oldest_ms=76.01 pack_ms=7.40 solve_ms=29.59
v5_device jobs=29 rows=21543 cells=401459 direct=true graph_reused=false upload_ms=13.64 capture_ms=3.73 queue_ms=39.10 gpu_ms=0.02 unpack_ms=3.88 total_ms=60.36
v5_service device=1 lane=2 class=1 jobs=29 rows=21543 cells=401459 reach=416722 reverse=415903 table_mib=20.8 mutable_mib=688.0 max_job_mib=34.1 oldest_ms=82.24 pack_ms=12.75 solve_ms=60.42
v5_device jobs=30 rows=5695 cells=73064 direct=true graph_reused=false upload_ms=5.52 capture_ms=4.18 queue_ms=15.61 gpu_ms=0.02 unpack_ms=1.38 total_ms=26.70
v5_service device=1 lane=1 class=0 jobs=30 rows=5695 cells=73064 reach=175490 reverse=177284 table_mib=7.4 mutable_mib=170.0 max_job_mib=8.7 oldest_ms=75.82 pack_ms=6.50 solve_ms=26.75
v5_device jobs=11 rows=2543 cells=41045 direct=true graph_reused=false upload_ms=1.38 capture_ms=3.71 queue_ms=10.60 gpu_ms=0.01 unpack_ms=0.49 total_ms=16.19
v5_service device=1 lane=2 class=0 jobs=11 rows=2543 cells=41045 reach=73938 reverse=74395 table_mib=3.2 mutable_mib=72.0 max_job_mib=8.8 oldest_ms=176.33 pack_ms=2.35 solve_ms=16.25
v5_device jobs=34 rows=24065 cells=398546 direct=true graph_reused=false upload_ms=17.80 capture_ms=3.86 queue_ms=103.34 gpu_ms=0.01 unpack_ms=4.44 total_ms=129.46
v5_service device=0 lane=2 class=1 jobs=34 rows=24065 cells=398546 reach=415071 reverse=414042 table_mib=21.7 mutable_mib=784.0 max_job_mib=33.5 oldest_ms=79.92 pack_ms=14.15 solve_ms=129.53
v5_device jobs=32 rows=26652 cells=480576 direct=true graph_reused=false upload_ms=19.69 capture_ms=3.68 queue_ms=100.40 gpu_ms=0.03 unpack_ms=5.80 total_ms=129.60
v5_service device=0 lane=1 class=1 jobs=32 rows=26652 cells=480576 reach=505649 reverse=504908 table_mib=25.3 mutable_mib=816.0 max_job_mib=34.0 oldest_ms=79.69 pack_ms=18.34 solve_ms=129.66
v5_device jobs=33 rows=23999 cells=459687 direct=true graph_reused=false upload_ms=30.79 capture_ms=4.78 queue_ms=80.50 gpu_ms=0.01 unpack_ms=5.00 total_ms=121.08
v5_service device=0 lane=0 class=1 jobs=33 rows=23999 cells=459687 reach=491598 reverse=490567 table_mib=23.9 mutable_mib=720.0 max_job_mib=34.2 oldest_ms=82.69 pack_ms=16.34 solve_ms=121.13
v5_device jobs=3 rows=332 cells=693 direct=true graph_reused=false upload_ms=0.43 capture_ms=8.99 queue_ms=7.83 gpu_ms=0.02 unpack_ms=0.14 total_ms=17.39
v5_service device=0 lane=1 class=0 jobs=3 rows=332 cells=693 reach=12238 reverse=12557 table_mib=0.5 mutable_mib=12.0 max_job_mib=4.2 oldest_ms=230.98 pack_ms=0.77 solve_ms=17.49
v5_device jobs=12 rows=2187 cells=12934 direct=true graph_reused=false upload_ms=1.57 capture_ms=5.62 queue_ms=9.86 gpu_ms=0.01 unpack_ms=0.43 total_ms=17.48
v5_service device=0 lane=0 class=0 jobs=12 rows=2187 cells=12934 reach=79272 reverse=80705 table_mib=3.0 mutable_mib=68.0 max_job_mib=8.6 oldest_ms=222.19 pack_ms=2.14 solve_ms=17.53
v5_device jobs=9 rows=1705 cells=9238 direct=true graph_reused=false upload_ms=1.55 capture_ms=3.76 queue_ms=18.96 gpu_ms=0.01 unpack_ms=0.37 total_ms=24.63
v5_service device=0 lane=2 class=0 jobs=9 rows=1705 cells=9238 reach=60278 reverse=61258 table_mib=2.3 mutable_mib=56.0 max_job_mib=8.5 oldest_ms=225.86 pack_ms=1.94 solve_ms=24.68
v5_device jobs=1 rows=1620 cells=26100 direct=true graph_reused=false upload_ms=0.71 capture_ms=4.36 queue_ms=9.40 gpu_ms=0.01 unpack_ms=0.21 total_ms=14.69
v5_service device=0 lane=2 class=2 jobs=1 rows=1620 cells=26100 reach=26145 reverse=26100 table_mib=1.4 mutable_mib=64.0 max_job_mib=66.2 oldest_ms=247.28 pack_ms=1.12 solve_ms=14.75
v5_device jobs=44 rows=8245 cells=81723 direct=true graph_reused=false upload_ms=8.84 capture_ms=3.51 queue_ms=19.08 gpu_ms=0.01 unpack_ms=1.35 total_ms=32.79
v5_service device=1 lane=2 class=0 jobs=44 rows=8245 cells=81723 reach=280421 reverse=284512 table_mib=11.2 mutable_mib=252.0 max_job_mib=8.7 oldest_ms=76.58 pack_ms=8.39 solve_ms=32.85
v5_device jobs=4 rows=11845 cells=192720 direct=true graph_reused=false upload_ms=5.98 capture_ms=4.50 queue_ms=27.47 gpu_ms=0.01 unpack_ms=1.51 total_ms=39.47
v5_service device=0 lane=0 class=2 jobs=4 rows=11845 cells=192720 reach=192880 reverse=192720 table_mib=10.0 mutable_mib=384.0 max_job_mib=133.5 oldest_ms=242.47 pack_ms=5.69 solve_ms=39.52
v5_device jobs=3 rows=6411 cells=116637 direct=true graph_reused=false upload_ms=4.07 capture_ms=7.40 queue_ms=28.47 gpu_ms=0.02 unpack_ms=1.04 total_ms=41.00
v5_service device=0 lane=1 class=2 jobs=3 rows=6411 cells=116637 reach=116795 reverse=116669 table_mib=5.9 mutable_mib=192.0 max_job_mib=67.7 oldest_ms=205.37 pack_ms=6.07 solve_ms=41.08
v5_device jobs=34 rows=26275 cells=507838 direct=true graph_reused=false upload_ms=18.20 capture_ms=3.77 queue_ms=60.47 gpu_ms=0.01 unpack_ms=3.67 total_ms=86.12
v5_service device=0 lane=2 class=1 jobs=34 rows=26275 cells=507838 reach=509236 reverse=507892 table_mib=25.4 mutable_mib=800.0 max_job_mib=33.9 oldest_ms=81.77 pack_ms=15.29 solve_ms=86.18
v5_device jobs=5 rows=977 cells=1910 direct=true graph_reused=false upload_ms=0.76 capture_ms=4.42 queue_ms=19.21 gpu_ms=0.00 unpack_ms=0.18 total_ms=24.57
v5_service device=0 lane=2 class=0 jobs=5 rows=977 cells=1910 reach=40226 reverse=41001 table_mib=1.5 mutable_mib=28.0 max_job_mib=8.7 oldest_ms=186.80 pack_ms=1.11 solve_ms=24.64
v5_device jobs=3 rows=10642 cells=182222 direct=true graph_reused=false upload_ms=4.93 capture_ms=3.48 queue_ms=90.43 gpu_ms=0.01 unpack_ms=1.28 total_ms=100.13
v5_service device=0 lane=1 class=2 jobs=3 rows=10642 cells=182222 reach=182332 reverse=182222 table_mib=9.3 mutable_mib=320.0 max_job_mib=133.8 oldest_ms=75.75 pack_ms=6.46 solve_ms=100.17
v5_device jobs=2 rows=3928 cells=58658 direct=true graph_reused=false upload_ms=1.26 capture_ms=3.50 queue_ms=9.45 gpu_ms=0.01 unpack_ms=0.36 total_ms=14.58
v5_service device=0 lane=2 class=2 jobs=2 rows=3928 cells=58658 reach=58726 reverse=58658 table_mib=3.2 mutable_mib=128.0 max_job_mib=66.8 oldest_ms=209.31 pack_ms=1.76 solve_ms=14.64
v5_device jobs=42 rows=29546 cells=560390 direct=true graph_reused=false upload_ms=31.91 capture_ms=4.05 queue_ms=67.59 gpu_ms=0.01 unpack_ms=5.83 total_ms=109.39
v5_service device=0 lane=0 class=1 jobs=42 rows=29546 cells=560390 reach=597210 reverse=596236 table_mib=29.1 mutable_mib=944.0 max_job_mib=33.9 oldest_ms=78.16 pack_ms=15.68 solve_ms=109.45
v5_device jobs=3 rows=6311 cells=98342 direct=true graph_reused=false upload_ms=2.15 capture_ms=3.71 queue_ms=41.78 gpu_ms=0.01 unpack_ms=0.66 total_ms=48.32
v5_service device=0 lane=0 class=2 jobs=3 rows=6311 cells=98342 reach=98444 reverse=98342 table_mib=5.2 mutable_mib=192.0 max_job_mib=66.9 oldest_ms=205.73 pack_ms=2.80 solve_ms=48.37
v5_device jobs=1 rows=19258 cells=295539 direct=true graph_reused=false upload_ms=11.15 capture_ms=3.99 queue_ms=35.64 gpu_ms=0.01 unpack_ms=1.59 total_ms=52.38
v5_service device=0 lane=2 class=3 jobs=1 rows=19258 cells=295539 reach=295581 reverse=295539 table_mib=16.2 mutable_mib=512.0 max_job_mib=537.3 oldest_ms=166.07 pack_ms=9.33 solve_ms=52.44
v5_device jobs=6 rows=962 cells=12980 direct=true graph_reused=false upload_ms=1.09 capture_ms=4.69 queue_ms=70.96 gpu_ms=0.01 unpack_ms=0.22 total_ms=76.96
v5_service device=0 lane=0 class=0 jobs=6 rows=962 cells=12980 reach=31855 reverse=32165 table_mib=1.3 mutable_mib=32.0 max_job_mib=8.6 oldest_ms=256.47 pack_ms=0.90 solve_ms=77.02
v5_device jobs=70 rows=52228 cells=961537 direct=true graph_reused=false upload_ms=27.51 capture_ms=4.10 queue_ms=84.87 gpu_ms=0.01 unpack_ms=8.24 total_ms=124.72
v5_service device=0 lane=1 class=1 jobs=70 rows=52228 cells=961537 reach=980653 reverse=978121 table_mib=49.4 mutable_mib=1680.0 max_job_mib=34.2 oldest_ms=194.18 pack_ms=36.58 solve_ms=124.77
v5_device jobs=40 rows=7710 cells=58931 direct=true graph_reused=false upload_ms=5.07 capture_ms=3.23 queue_ms=18.52 gpu_ms=0.01 unpack_ms=1.21 total_ms=28.04
v5_service device=0 lane=2 class=0 jobs=40 rows=7710 cells=58931 reach=275650 reverse=280366 table_mib=10.6 mutable_mib=234.0 max_job_mib=8.7 oldest_ms=76.04 pack_ms=6.06 solve_ms=28.10
v5_device jobs=16 rows=2967 cells=37917 direct=true graph_reused=false upload_ms=2.02 capture_ms=3.42 queue_ms=10.90 gpu_ms=0.02 unpack_ms=0.67 total_ms=17.02
v5_service device=0 lane=1 class=0 jobs=16 rows=2967 cells=37917 reach=103907 reverse=105138 table_mib=4.1 mutable_mib=88.0 max_job_mib=8.7 oldest_ms=357.57 pack_ms=2.79 solve_ms=17.10
v5_device jobs=1 rows=20983 cells=187765 direct=true graph_reused=false upload_ms=7.82 capture_ms=3.46 queue_ms=29.59 gpu_ms=0.01 unpack_ms=1.13 total_ms=42.02
v5_service device=0 lane=1 class=3 jobs=1 rows=20983 cells=187765 reach=187800 reverse=187765 table_mib=13.4 mutable_mib=512.0 max_job_mib=533.0 oldest_ms=368.37 pack_ms=10.41 solve_ms=42.08
v5_device jobs=31 rows=22757 cells=425093 direct=true graph_reused=false upload_ms=23.37 capture_ms=3.35 queue_ms=38.56 gpu_ms=0.01 unpack_ms=2.96 total_ms=68.25
v5_service device=0 lane=0 class=1 jobs=31 rows=22757 cells=425093 reach=426275 reverse=425093 table_mib=21.5 mutable_mib=688.0 max_job_mib=33.9 oldest_ms=81.80 pack_ms=11.06 solve_ms=68.31
v5_device jobs=3 rows=577 cells=1022 direct=true graph_reused=false upload_ms=0.49 capture_ms=3.84 queue_ms=3.20 gpu_ms=0.01 unpack_ms=0.11 total_ms=7.65
v5_service device=0 lane=0 class=0 jobs=3 rows=577 cells=1022 reach=23254 reverse=23622 table_mib=0.8 mutable_mib=18.0 max_job_mib=8.6 oldest_ms=164.81 pack_ms=0.67 solve_ms=7.72
v5_device jobs=1 rows=2601 cells=38846 direct=true graph_reused=false upload_ms=0.87 capture_ms=3.56 queue_ms=9.41 gpu_ms=0.01 unpack_ms=0.17 total_ms=14.02
v5_service device=0 lane=0 class=2 jobs=1 rows=2601 cells=38846 reach=38938 reverse=38896 table_mib=2.1 mutable_mib=64.0 max_job_mib=67.4 oldest_ms=153.97 pack_ms=1.27 solve_ms=14.09
v5_device jobs=185 rows=134073 cells=2602902 direct=true graph_reused=false upload_ms=154.04 capture_ms=3.30 queue_ms=381.40 gpu_ms=0.02 unpack_ms=45.69 total_ms=584.45
v5_service device=1 lane=1 class=1 jobs=185 rows=134073 cells=2602902 reach=2627108 reverse=2620063 table_mib=130.7 mutable_mib=4192.0 max_job_mib=34.3 oldest_ms=136.34 pack_ms=97.65 solve_ms=584.50
v5_device jobs=161 rows=122718 cells=2298758 direct=true graph_reused=false upload_ms=159.79 capture_ms=28.15 queue_ms=447.62 gpu_ms=2.21 unpack_ms=27.82 total_ms=665.60
v5_service device=1 lane=0 class=1 jobs=161 rows=122718 cells=2298758 reach=2323359 reverse=2317295 table_mib=117.0 mutable_mib=3984.0 max_job_mib=34.1 oldest_ms=147.60 pack_ms=94.65 solve_ms=665.65
v5_device jobs=135 rows=101730 cells=1928526 direct=true graph_reused=false upload_ms=104.81 capture_ms=286.68 queue_ms=220.12 gpu_ms=0.02 unpack_ms=22.19 total_ms=633.81
v5_service device=1 lane=2 class=1 jobs=135 rows=101730 cells=1928526 reach=1934260 reverse=1928934 table_mib=97.0 mutable_mib=3248.0 max_job_mib=34.4 oldest_ms=141.41 pack_ms=79.44 solve_ms=633.87
v5_device jobs=27 rows=5843 cells=67503 direct=true graph_reused=false upload_ms=6.07 capture_ms=4.92 queue_ms=142.71 gpu_ms=0.01 unpack_ms=1.23 total_ms=154.95
v5_service device=0 lane=0 class=0 jobs=27 rows=5843 cells=67503 reach=186538 reverse=189036 table_mib=7.6 mutable_mib=172.0 max_job_mib=8.7 oldest_ms=75.76 pack_ms=6.27 solve_ms=155.00
v5_device jobs=36 rows=28022 cells=546571 direct=true graph_reused=false upload_ms=19.36 capture_ms=6.41 queue_ms=208.79 gpu_ms=0.03 unpack_ms=5.46 total_ms=240.06
v5_service device=0 lane=1 class=1 jobs=36 rows=28022 cells=546571 reach=547982 reverse=546571 table_mib=27.2 mutable_mib=896.0 max_job_mib=34.3 oldest_ms=81.37 pack_ms=16.54 solve_ms=240.12
v5_device jobs=17 rows=45729 cells=662220 direct=true graph_reused=false upload_ms=32.98 capture_ms=3.77 queue_ms=119.65 gpu_ms=0.01 unpack_ms=6.93 total_ms=163.34
v5_service device=1 lane=0 class=2 jobs=17 rows=45729 cells=662220 reach=886100 reverse=888594 table_mib=42.2 mutable_mib=1472.0 max_job_mib=265.0 oldest_ms=926.71 pack_ms=37.86 solve_ms=163.39
v5_device jobs=8 rows=1842 cells=17394 direct=true graph_reused=false upload_ms=4.33 capture_ms=4.63 queue_ms=7.77 gpu_ms=0.02 unpack_ms=0.39 total_ms=17.14
v5_service device=0 lane=1 class=0 jobs=8 rows=1842 cells=17394 reach=61657 reverse=62454 table_mib=2.4 mutable_mib=54.0 max_job_mib=8.6 oldest_ms=347.53 pack_ms=2.66 solve_ms=17.19
v5_device jobs=18 rows=47773 cells=692173 direct=true graph_reused=false upload_ms=61.80 capture_ms=3.99 queue_ms=136.67 gpu_ms=0.02 unpack_ms=9.28 total_ms=211.75
v5_service device=1 lane=1 class=2 jobs=18 rows=47773 cells=692173 reach=961263 reverse=966329 table_mib=44.7 mutable_mib=1536.0 max_job_mib=269.1 oldest_ms=851.26 pack_ms=43.24 solve_ms=211.81
v5_device jobs=134 rows=100475 cells=1859205 direct=true graph_reused=false upload_ms=110.80 capture_ms=4.19 queue_ms=249.59 gpu_ms=0.03 unpack_ms=24.17 total_ms=388.78
v5_service device=0 lane=2 class=1 jobs=134 rows=100475 cells=1859205 reach=1913766 reverse=1909611 table_mib=95.8 mutable_mib=3136.0 max_job_mib=34.0 oldest_ms=129.54 pack_ms=58.81 solve_ms=388.84
v5_device jobs=6 rows=9759 cells=156190 direct=true graph_reused=false upload_ms=6.02 capture_ms=3.90 queue_ms=19.16 gpu_ms=0.04 unpack_ms=2.35 total_ms=31.47
v5_service device=0 lane=1 class=2 jobs=6 rows=9759 cells=156190 reach=156455 reverse=156238 table_mib=8.2 mutable_mib=384.0 max_job_mib=66.7 oldest_ms=369.44 pack_ms=6.52 solve_ms=31.57
v5_device jobs=12 rows=30445 cells=483854 direct=true graph_reused=false upload_ms=22.41 capture_ms=3.87 queue_ms=51.04 gpu_ms=0.02 unpack_ms=14.20 total_ms=91.55
v5_service device=1 lane=2 class=2 jobs=12 rows=30445 cells=483854 reach=563377 reverse=563015 table_mib=27.8 mutable_mib=896.0 max_job_mib=134.4 oldest_ms=868.73 pack_ms=19.21 solve_ms=91.62
v5_device jobs=16 rows=41936 cells=652205 direct=true graph_reused=false upload_ms=54.42 capture_ms=4.23 queue_ms=83.24 gpu_ms=0.03 unpack_ms=8.94 total_ms=150.85
v5_service device=0 lane=0 class=2 jobs=16 rows=41936 cells=652205 reach=652851 reverse=652223 table_mib=35.0 mutable_mib=1344.0 max_job_mib=134.7 oldest_ms=249.33 pack_ms=27.63 solve_ms=150.92
v5_device jobs=1 rows=20632 cells=263741 direct=true graph_reused=false upload_ms=12.08 capture_ms=4.28 queue_ms=69.38 gpu_ms=0.02 unpack_ms=2.01 total_ms=87.77
v5_service device=1 lane=2 class=3 jobs=1 rows=20632 cells=263741 reach=263775 reverse=263741 table_mib=15.7 mutable_mib=512.0 max_job_mib=536.0 oldest_ms=956.98 pack_ms=13.69 solve_ms=87.81
v5_device jobs=1 rows=13708 cells=176579 direct=true graph_reused=false upload_ms=13.22 capture_ms=3.97 queue_ms=88.97 gpu_ms=0.01 unpack_ms=2.02 total_ms=108.18
v5_service device=1 lane=1 class=3 jobs=1 rows=13708 cells=176579 reach=176619 reverse=176579 table_mib=10.6 mutable_mib=512.0 max_job_mib=528.8 oldest_ms=1034.30 pack_ms=9.44 solve_ms=108.23
v5_device jobs=2 rows=39886 cells=645304 direct=true graph_reused=false upload_ms=32.72 capture_ms=3.88 queue_ms=86.96 gpu_ms=0.02 unpack_ms=4.69 total_ms=128.27
v5_service device=1 lane=0 class=3 jobs=2 rows=39886 cells=645304 reach=645374 reverse=645304 table_mib=33.1 mutable_mib=1024.0 max_job_mib=542.3 oldest_ms=1128.69 pack_ms=25.16 solve_ms=128.33
v5_device jobs=31 rows=25492 cells=457009 direct=true graph_reused=false upload_ms=16.17 capture_ms=5.86 queue_ms=60.95 gpu_ms=0.02 unpack_ms=4.66 total_ms=87.65
v5_service device=0 lane=1 class=1 jobs=31 rows=25492 cells=457009 reach=458304 reverse=457103 table_mib=23.5 mutable_mib=800.0 max_job_mib=34.0 oldest_ms=81.51 pack_ms=13.08 solve_ms=87.71
v5_device jobs=16 rows=40590 cells=515703 direct=true graph_reused=false upload_ms=25.47 capture_ms=3.53 queue_ms=95.01 gpu_ms=0.02 unpack_ms=6.10 total_ms=130.13
v5_service device=0 lane=2 class=2 jobs=16 rows=40590 cells=515703 reach=702492 reverse=702091 table_mib=35.0 mutable_mib=1344.0 max_job_mib=262.9 oldest_ms=614.62 pack_ms=24.30 solve_ms=130.19
v5_device jobs=8 rows=1456 cells=12419 direct=true graph_reused=false upload_ms=1.02 capture_ms=4.04 queue_ms=8.23 gpu_ms=0.01 unpack_ms=0.29 total_ms=13.59
v5_service device=0 lane=1 class=0 jobs=8 rows=1456 cells=12419 reach=45887 reverse=46730 table_mib=1.9 mutable_mib=48.0 max_job_mib=8.6 oldest_ms=201.77 pack_ms=1.46 solve_ms=13.64
v5_device jobs=27 rows=5103 cells=67974 direct=true graph_reused=false upload_ms=4.07 capture_ms=3.43 queue_ms=14.43 gpu_ms=0.01 unpack_ms=1.04 total_ms=22.98
v5_service device=1 lane=0 class=0 jobs=27 rows=5103 cells=67974 reach=161940 reverse=163630 table_mib=6.7 mutable_mib=146.0 max_job_mib=8.7 oldest_ms=75.96 pack_ms=4.86 solve_ms=23.03
v5_device jobs=1 rows=2464 cells=37160 direct=true graph_reused=false upload_ms=0.80 capture_ms=3.63 queue_ms=7.98 gpu_ms=0.01 unpack_ms=0.19 total_ms=12.61
v5_service device=0 lane=1 class=2 jobs=1 rows=2464 cells=37160 reach=37197 reverse=37160 table_mib=2.0 mutable_mib=64.0 max_job_mib=67.0 oldest_ms=161.67 pack_ms=1.26 solve_ms=12.69
v5_device jobs=32 rows=21146 cells=437476 direct=true graph_reused=false upload_ms=12.68 capture_ms=3.51 queue_ms=70.72 gpu_ms=0.02 unpack_ms=3.75 total_ms=90.67
v5_service device=1 lane=2 class=1 jobs=32 rows=21146 cells=437476 reach=438896 reverse=437581 table_mib=21.4 mutable_mib=688.0 max_job_mib=34.0 oldest_ms=83.50 pack_ms=14.68 solve_ms=90.73
v5_device jobs=36 rows=27821 cells=509604 direct=true graph_reused=false upload_ms=18.01 capture_ms=4.22 queue_ms=64.88 gpu_ms=0.01 unpack_ms=4.41 total_ms=91.53
v5_service device=1 lane=1 class=1 jobs=36 rows=27821 cells=509604 reach=511068 reverse=509643 table_mib=26.1 mutable_mib=928.0 max_job_mib=34.0 oldest_ms=82.68 pack_ms=15.28 solve_ms=91.58
v5_device jobs=2 rows=224 cells=448 direct=true graph_reused=false upload_ms=0.26 capture_ms=5.50 queue_ms=8.25 gpu_ms=0.01 unpack_ms=0.08 total_ms=14.10
v5_service device=1 lane=1 class=0 jobs=2 rows=224 cells=448 reach=9574 reverse=9760 table_mib=0.4 mutable_mib=6.0 max_job_mib=4.3 oldest_ms=190.50 pack_ms=0.33 solve_ms=14.15
v5_device jobs=8 rows=1434 cells=10256 direct=true graph_reused=false upload_ms=1.05 capture_ms=4.54 queue_ms=8.37 gpu_ms=0.01 unpack_ms=0.34 total_ms=14.31
v5_service device=1 lane=2 class=0 jobs=8 rows=1434 cells=10256 reach=52621 reverse=53524 table_mib=2.0 mutable_mib=42.0 max_job_mib=8.7 oldest_ms=191.24 pack_ms=1.45 solve_ms=14.35
v5_device jobs=2 rows=3744 cells=59591 direct=true graph_reused=false upload_ms=1.17 capture_ms=3.44 queue_ms=22.07 gpu_ms=0.01 unpack_ms=0.49 total_ms=27.18
v5_service device=1 lane=2 class=2 jobs=2 rows=3744 cells=59591 reach=59711 reverse=59637 table_mib=3.2 mutable_mib=128.0 max_job_mib=66.8 oldest_ms=187.18 pack_ms=1.72 solve_ms=27.23
v5_device jobs=4 rows=8878 cells=129103 direct=true graph_reused=false upload_ms=3.55 capture_ms=4.97 queue_ms=17.43 gpu_ms=0.01 unpack_ms=1.14 total_ms=27.09
v5_service device=1 lane=1 class=2 jobs=4 rows=8878 cells=129103 reach=129251 reverse=129103 table_mib=7.1 mutable_mib=320.0 max_job_mib=132.6 oldest_ms=178.05 pack_ms=5.04 solve_ms=27.14
v5_device jobs=4 rows=10471 cells=238465 direct=true graph_reused=false upload_ms=7.82 capture_ms=5.92 queue_ms=26.45 gpu_ms=0.03 unpack_ms=2.27 total_ms=42.48
v5_service device=0 lane=1 class=2 jobs=4 rows=10471 cells=238465 reach=238635 reverse=238465 table_mib=11.0 mutable_mib=384.0 max_job_mib=133.9 oldest_ms=77.38 pack_ms=5.71 solve_ms=42.55
v5_device jobs=33 rows=26302 cells=459652 direct=true graph_reused=false upload_ms=15.68 capture_ms=3.69 queue_ms=61.03 gpu_ms=0.02 unpack_ms=4.42 total_ms=84.84
v5_service device=0 lane=2 class=1 jobs=33 rows=26302 cells=459652 reach=461091 reverse=459833 table_mib=23.9 mutable_mib=864.0 max_job_mib=33.9 oldest_ms=78.16 pack_ms=11.97 solve_ms=84.89
v5_device jobs=8 rows=1397 cells=7188 direct=true graph_reused=false upload_ms=24.01 capture_ms=3.98 queue_ms=10.55 gpu_ms=0.01 unpack_ms=0.28 total_ms=38.84
v5_service device=0 lane=2 class=0 jobs=8 rows=1397 cells=7188 reach=43295 reverse=43987 table_mib=1.8 mutable_mib=36.0 max_job_mib=8.5 oldest_ms=177.59 pack_ms=1.46 solve_ms=38.90
v5_device jobs=35 rows=27476 cells=505346 direct=true graph_reused=false upload_ms=14.14 capture_ms=3.94 queue_ms=208.78 gpu_ms=0.01 unpack_ms=3.86 total_ms=230.73
v5_service device=1 lane=1 class=1 jobs=35 rows=27476 cells=505346 reach=506773 reverse=505364 table_mib=25.8 mutable_mib=864.0 max_job_mib=33.9 oldest_ms=80.58 pack_ms=14.58 solve_ms=230.77
v5_device jobs=5 rows=9966 cells=174679 direct=true graph_reused=false upload_ms=4.02 capture_ms=4.08 queue_ms=256.08 gpu_ms=0.01 unpack_ms=1.54 total_ms=265.73
v5_service device=0 lane=2 class=2 jobs=5 rows=9966 cells=174679 reach=174870 reverse=174679 table_mib=8.9 mutable_mib=320.0 max_job_mib=67.1 oldest_ms=220.00 pack_ms=4.83 solve_ms=265.84
v5_device jobs=66 rows=50566 cells=958630 direct=true graph_reused=false upload_ms=51.42 capture_ms=3.91 queue_ms=239.70 gpu_ms=0.02 unpack_ms=8.97 total_ms=304.03
v5_service device=0 lane=1 class=1 jobs=66 rows=50566 cells=958630 reach=961437 reverse=958763 table_mib=48.5 mutable_mib=1600.0 max_job_mib=34.2 oldest_ms=134.17 pack_ms=29.60 solve_ms=304.08
v5_device jobs=5 rows=902 cells=15066 direct=true graph_reused=false upload_ms=0.86 capture_ms=4.29 queue_ms=40.95 gpu_ms=0.01 unpack_ms=0.23 total_ms=46.33
v5_service device=1 lane=1 class=0 jobs=5 rows=902 cells=15066 reach=29711 reverse=29999 table_mib=1.2 mutable_mib=28.0 max_job_mib=8.6 oldest_ms=325.98 pack_ms=1.31 solve_ms=46.40
v5_device jobs=7 rows=1824 cells=38948 direct=true graph_reused=false upload_ms=1.52 capture_ms=8.91 queue_ms=42.25 gpu_ms=0.01 unpack_ms=0.41 total_ms=53.09
v5_service device=0 lane=1 class=0 jobs=7 rows=1824 cells=38948 reach=47860 reverse=47859 table_mib=2.2 mutable_mib=48.0 max_job_mib=8.7 oldest_ms=471.80 pack_ms=2.32 solve_ms=53.15
v5_device jobs=3 rows=78360 cells=1099977 direct=true graph_reused=false upload_ms=61.09 capture_ms=3.25 queue_ms=294.98 gpu_ms=0.02 unpack_ms=11.97 total_ms=371.30
v5_service device=1 lane=2 class=3 jobs=3 rows=78360 cells=1099977 reach=1100185 reverse=1100069 table_mib=61.2 mutable_mib=3072.0 max_job_mib=1059.3 oldest_ms=217.36 pack_ms=38.89 solve_ms=371.35
v5_device jobs=176 rows=133942 cells=2543290 direct=true graph_reused=false upload_ms=147.91 capture_ms=3.44 queue_ms=330.53 gpu_ms=0.02 unpack_ms=29.47 total_ms=511.37
v5_service device=0 lane=0 class=1 jobs=176 rows=133942 cells=2543290 reach=2619806 reverse=2616666 table_mib=129.8 mutable_mib=4224.0 max_job_mib=34.3 oldest_ms=450.96 pack_ms=124.70 solve_ms=511.41
v5_device jobs=1 rows=29645 cells=528633 direct=true graph_reused=false upload_ms=17.80 capture_ms=5.54 queue_ms=46.83 gpu_ms=0.02 unpack_ms=4.67 total_ms=74.86
v5_service device=0 lane=2 class=3 jobs=1 rows=29645 cells=528633 reach=528674 reverse=528633 table_mib=26.2 mutable_mib=1024.0 max_job_mib=1063.8 oldest_ms=453.91 pack_ms=22.69 solve_ms=74.96
v5_device jobs=2 rows=3620 cells=72924 direct=true graph_reused=false upload_ms=1.94 capture_ms=5.70 queue_ms=44.09 gpu_ms=0.02 unpack_ms=0.77 total_ms=52.52
v5_service device=1 lane=1 class=2 jobs=2 rows=3620 cells=72924 reach=73010 reverse=72924 table_mib=3.6 mutable_mib=128.0 max_job_mib=66.7 oldest_ms=355.84 pack_ms=3.15 solve_ms=52.62
v5_device jobs=178 rows=134274 cells=2483708 direct=true graph_reused=false upload_ms=132.60 capture_ms=3.86 queue_ms=361.28 gpu_ms=0.03 unpack_ms=27.91 total_ms=525.68
v5_service device=1 lane=0 class=1 jobs=178 rows=134274 cells=2483708 reach=2522224 reverse=2516098 table_mib=126.9 mutable_mib=4128.0 max_job_mib=34.3 oldest_ms=130.02 pack_ms=108.32 solve_ms=525.75
v5_device jobs=23 rows=4312 cells=47626 direct=true graph_reused=false upload_ms=3.04 capture_ms=3.31 queue_ms=48.49 gpu_ms=0.02 unpack_ms=1.20 total_ms=56.06
v5_service device=1 lane=1 class=0 jobs=23 rows=4312 cells=47626 reach=149102 reverse=151229 table_mib=6.0 mutable_mib=128.0 max_job_mib=8.6 oldest_ms=75.67 pack_ms=3.89 solve_ms=56.11
v5_device jobs=32 rows=24101 cells=476651 direct=true graph_reused=false upload_ms=12.98 capture_ms=3.87 queue_ms=47.31 gpu_ms=0.03 unpack_ms=7.00 total_ms=71.19
v5_service device=1 lane=2 class=1 jobs=32 rows=24101 cells=476651 reach=477960 reverse=476651 table_mib=23.7 mutable_mib=752.0 max_job_mib=34.2 oldest_ms=79.72 pack_ms=14.31 solve_ms=71.26
v5_device jobs=29 rows=21348 cells=417055 direct=true graph_reused=false upload_ms=12.25 capture_ms=3.35 queue_ms=54.60 gpu_ms=0.04 unpack_ms=5.65 total_ms=75.89
v5_service device=0 lane=2 class=1 jobs=29 rows=21348 cells=417055 reach=418294 reverse=417166 table_mib=20.7 mutable_mib=704.0 max_job_mib=33.9 oldest_ms=79.39 pack_ms=10.67 solve_ms=75.97
v5_device jobs=1 rows=50560 cells=458910 direct=true graph_reused=false upload_ms=28.38 capture_ms=6.00 queue_ms=120.71 gpu_ms=0.02 unpack_ms=7.46 total_ms=162.56
v5_service device=0 lane=1 class=3 jobs=1 rows=50560 cells=458910 reach=458993 reverse=458956 table_mib=33.7 mutable_mib=2048.0 max_job_mib=2103.8 oldest_ms=521.30 pack_ms=34.95 solve_ms=162.64
v5_device jobs=3 rows=776 cells=8681 direct=true graph_reused=false upload_ms=5.43 capture_ms=4.66 queue_ms=39.41 gpu_ms=0.01 unpack_ms=0.15 total_ms=49.66
v5_service device=1 lane=2 class=0 jobs=3 rows=776 cells=8681 reach=19506 reverse=19677 table_mib=0.9 mutable_mib=18.0 max_job_mib=8.6 oldest_ms=169.94 pack_ms=0.85 solve_ms=49.71
v5_device jobs=13 rows=29101 cells=460287 direct=true graph_reused=false upload_ms=25.41 capture_ms=4.38 queue_ms=46.92 gpu_ms=0.01 unpack_ms=4.78 total_ms=81.49
v5_service device=1 lane=0 class=2 jobs=13 rows=29101 cells=460287 reach=460754 reverse=460287 table_mib=24.4 mutable_mib=1024.0 max_job_mib=132.6 oldest_ms=781.22 pack_ms=15.68 solve_ms=81.54
v5_device jobs=17 rows=43269 cells=661968 direct=true graph_reused=false upload_ms=40.30 capture_ms=4.74 queue_ms=74.16 gpu_ms=0.01 unpack_ms=8.33 total_ms=127.54
v5_service device=1 lane=1 class=2 jobs=17 rows=43269 cells=661968 reach=664335 reverse=663706 table_mib=35.1 mutable_mib=1344.0 max_job_mib=264.1 oldest_ms=149.74 pack_ms=30.86 solve_ms=127.60
v5_device jobs=3 rows=7471 cells=82713 direct=true graph_reused=false upload_ms=2.26 capture_ms=4.09 queue_ms=110.89 gpu_ms=0.01 unpack_ms=0.86 total_ms=118.11
v5_service device=1 lane=2 class=2 jobs=3 rows=7471 cells=82713 reach=82877 reverse=82768 table_mib=5.3 mutable_mib=256.0 max_job_mib=132.0 oldest_ms=214.05 pack_ms=3.07 solve_ms=118.19
v5_device jobs=4 rows=90432 cells=1451651 direct=true graph_reused=false upload_ms=85.30 capture_ms=3.59 queue_ms=164.13 gpu_ms=0.01 unpack_ms=10.75 total_ms=263.79
v5_service device=0 lane=0 class=3 jobs=4 rows=90432 cells=1451651 reach=1451836 reverse=1451676 table_mib=75.3 mutable_mib=3072.0 max_job_mib=1065.4 oldest_ms=1114.90 pack_ms=56.30 solve_ms=263.84
v5_device jobs=3 rows=6765 cells=112594 direct=true graph_reused=false upload_ms=3.17 capture_ms=4.34 queue_ms=165.10 gpu_ms=0.01 unpack_ms=0.90 total_ms=173.53
v5_service device=0 lane=2 class=2 jobs=3 rows=6765 cells=112594 reach=112704 reverse=112594 table_mib=5.8 mutable_mib=192.0 max_job_mib=67.1 oldest_ms=168.83 pack_ms=3.63 solve_ms=173.61
v5_device jobs=1 rows=35047 cells=886631 direct=true graph_reused=false upload_ms=21.46 capture_ms=3.64 queue_ms=68.92 gpu_ms=0.02 unpack_ms=7.61 total_ms=101.66
v5_service device=1 lane=0 class=3 jobs=1 rows=35047 cells=886631 reach=886680 reverse=886631 table_mib=39.3 mutable_mib=1024.0 max_job_mib=1084.5 oldest_ms=822.99 pack_ms=22.84 solve_ms=101.72
v5_device jobs=40 rows=30345 cells=570842 direct=true graph_reused=false upload_ms=16.35 capture_ms=3.54 queue_ms=52.53 gpu_ms=0.01 unpack_ms=5.11 total_ms=77.55
v5_service device=0 lane=1 class=1 jobs=40 rows=30345 cells=570842 reach=573730 reverse=572149 table_mib=28.9 mutable_mib=976.0 max_job_mib=34.1 oldest_ms=81.47 pack_ms=15.29 solve_ms=77.60
v5_device jobs=5 rows=1041 cells=8281 direct=true graph_reused=false upload_ms=1.17 capture_ms=6.07 queue_ms=3.30 gpu_ms=0.01 unpack_ms=0.34 total_ms=10.90
v5_service device=0 lane=2 class=0 jobs=5 rows=1041 cells=8281 reach=39620 reverse=40247 table_mib=1.5 mutable_mib=28.0 max_job_mib=8.7 oldest_ms=334.76 pack_ms=1.65 solve_ms=11.01
v5_device jobs=2 rows=470 cells=957 direct=true graph_reused=false upload_ms=0.53 capture_ms=6.01 queue_ms=1.26 gpu_ms=0.01 unpack_ms=0.15 total_ms=7.96
v5_service device=0 lane=1 class=0 jobs=2 rows=470 cells=957 reach=21145 reverse=21579 table_mib=0.7 mutable_mib=16.0 max_job_mib=8.6 oldest_ms=179.95 pack_ms=0.79 solve_ms=8.04
v5_device jobs=3 rows=9042 cells=153438 direct=true graph_reused=false upload_ms=3.39 capture_ms=3.53 queue_ms=15.39 gpu_ms=0.02 unpack_ms=0.94 total_ms=23.26
v5_service device=0 lane=1 class=2 jobs=3 rows=9042 cells=153438 reach=154141 reverse=154036 table_mib=7.7 mutable_mib=256.0 max_job_mib=134.5 oldest_ms=187.63 pack_ms=5.14 solve_ms=23.32
v5_device jobs=6 rows=11538 cells=174923 direct=true graph_reused=false upload_ms=5.51 capture_ms=4.26 queue_ms=57.03 gpu_ms=0.01 unpack_ms=1.90 total_ms=68.71
v5_service device=0 lane=2 class=2 jobs=6 rows=11538 cells=174923 reach=175131 reverse=174923 table_mib=9.5 mutable_mib=384.0 max_job_mib=66.8 oldest_ms=76.58 pack_ms=6.07 solve_ms=68.78
v5_device jobs=33 rows=28227 cells=541975 direct=true graph_reused=false upload_ms=14.03 capture_ms=4.21 queue_ms=53.57 gpu_ms=0.01 unpack_ms=3.99 total_ms=75.80
v5_service device=0 lane=0 class=1 jobs=33 rows=28227 cells=541975 reach=543356 reverse=542101 table_mib=26.9 mutable_mib=896.0 max_job_mib=34.3 oldest_ms=80.65 pack_ms=14.44 solve_ms=75.86
v5_device jobs=5 rows=884 cells=7007 direct=true graph_reused=false upload_ms=0.57 capture_ms=4.06 queue_ms=4.19 gpu_ms=0.01 unpack_ms=0.18 total_ms=9.00
v5_service device=0 lane=0 class=0 jobs=5 rows=884 cells=7007 reach=26502 reverse=26878 table_mib=1.1 mutable_mib=24.0 max_job_mib=8.5 oldest_ms=172.98 pack_ms=0.82 solve_ms=9.05
v5_device jobs=34 rows=23872 cells=469576 direct=true graph_reused=false upload_ms=15.81 capture_ms=4.74 queue_ms=72.58 gpu_ms=0.02 unpack_ms=4.04 total_ms=97.19
v5_service device=1 lane=0 class=1 jobs=34 rows=23872 cells=469576 reach=467793 reverse=469729 table_mib=23.3 mutable_mib=752.0 max_job_mib=33.8 oldest_ms=79.45 pack_ms=15.51 solve_ms=97.25
v5_device jobs=27 rows=20391 cells=396376 direct=true graph_reused=false upload_ms=11.41 capture_ms=3.62 queue_ms=94.72 gpu_ms=0.02 unpack_ms=3.55 total_ms=113.31
v5_service device=1 lane=2 class=1 jobs=27 rows=20391 cells=396376 reach=397480 reverse=396424 table_mib=19.7 mutable_mib=640.0 max_job_mib=34.1 oldest_ms=79.49 pack_ms=10.28 solve_ms=113.36
v5_device jobs=4 rows=860 cells=8654 direct=true graph_reused=false upload_ms=0.62 capture_ms=4.35 queue_ms=69.19 gpu_ms=0.01 unpack_ms=0.17 total_ms=74.33
v5_service device=1 lane=0 class=0 jobs=4 rows=860 cells=8654 reach=31152 reverse=31585 table_mib=1.2 mutable_mib=24.0 max_job_mib=8.6 oldest_ms=191.57 pack_ms=0.85 solve_ms=74.40
v5_device jobs=3 rows=8816 cells=114949 direct=true graph_reused=false upload_ms=3.56 capture_ms=5.00 queue_ms=92.69 gpu_ms=0.01 unpack_ms=0.88 total_ms=102.12
v5_service device=1 lane=2 class=2 jobs=3 rows=8816 cells=114949 reach=115050 reverse=114949 table_mib=6.5 mutable_mib=256.0 max_job_mib=133.2 oldest_ms=190.21 pack_ms=5.12 solve_ms=102.20
v5_device jobs=4 rows=6376 cells=131223 direct=true graph_reused=false upload_ms=2.37 capture_ms=3.64 queue_ms=22.18 gpu_ms=0.01 unpack_ms=0.86 total_ms=29.06
v5_service device=1 lane=0 class=2 jobs=4 rows=6376 cells=131223 reach=131441 reverse=131279 table_mib=6.3 mutable_mib=256.0 max_job_mib=67.2 oldest_ms=262.85 pack_ms=3.67 solve_ms=29.13
v5_device jobs=3 rows=644 cells=7619 direct=true graph_reused=false upload_ms=0.57 capture_ms=7.39 queue_ms=1.79 gpu_ms=0.01 unpack_ms=0.14 total_ms=9.89
v5_service device=1 lane=2 class=0 jobs=3 rows=644 cells=7619 reach=20240 reverse=20527 table_mib=0.8 mutable_mib=20.0 max_job_mib=8.6 oldest_ms=266.97 pack_ms=0.94 solve_ms=9.98
v5_device jobs=116 rows=83759 cells=1653938 direct=true graph_reused=false upload_ms=85.81 capture_ms=3.13 queue_ms=194.69 gpu_ms=0.01 unpack_ms=16.24 total_ms=299.88
v5_service device=1 lane=1 class=1 jobs=116 rows=83759 cells=1653938 reach=1658695 reverse=1654175 table_mib=82.1 mutable_mib=2640.0 max_job_mib=34.3 oldest_ms=339.33 pack_ms=60.33 solve_ms=299.93
v5_device jobs=1 rows=48841 cells=583902 direct=true graph_reused=false upload_ms=43.83 capture_ms=3.91 queue_ms=142.24 gpu_ms=0.03 unpack_ms=6.16 total_ms=196.19
v5_service device=0 lane=0 class=3 jobs=1 rows=48841 cells=583902 reach=583944 reverse=583902 table_mib=35.7 mutable_mib=2048.0 max_job_mib=2103.3 oldest_ms=172.12 pack_ms=22.91 solve_ms=196.25
v5_device jobs=2 rows=57710 cells=831449 direct=true graph_reused=false upload_ms=59.78 capture_ms=3.44 queue_ms=182.94 gpu_ms=0.02 unpack_ms=7.07 total_ms=253.26
v5_service device=0 lane=1 class=3 jobs=2 rows=57710 cells=831449 reach=831532 reverse=831449 table_mib=46.1 mutable_mib=1536.0 max_job_mib=1065.8 oldest_ms=79.82 pack_ms=21.92 solve_ms=253.32
v5_device jobs=1 rows=20160 cells=207876 direct=true graph_reused=false upload_ms=9.27 capture_ms=3.68 queue_ms=31.81 gpu_ms=0.01 unpack_ms=3.09 total_ms=47.86
v5_service device=1 lane=1 class=3 jobs=1 rows=20160 cells=207876 reach=207914 reverse=207876 table_mib=13.9 mutable_mib=512.0 max_job_mib=533.9 oldest_ms=639.39 pack_ms=8.66 solve_ms=47.94
v5_device jobs=58 rows=43417 cells=775446 direct=true graph_reused=false upload_ms=46.38 capture_ms=4.13 queue_ms=165.36 gpu_ms=0.02 unpack_ms=16.65 total_ms=232.55
v5_service device=0 lane=2 class=1 jobs=58 rows=43417 cells=775446 reach=777762 reverse=775716 table_mib=39.9 mutable_mib=1424.0 max_job_mib=34.2 oldest_ms=158.41 pack_ms=30.29 solve_ms=232.61
v5_device jobs=2 rows=4659 cells=60573 direct=true graph_reused=false upload_ms=2.02 capture_ms=4.22 queue_ms=23.10 gpu_ms=0.01 unpack_ms=0.53 total_ms=29.88
v5_service device=0 lane=1 class=2 jobs=2 rows=4659 cells=60573 reach=60647 reverse=60573 table_mib=3.5 mutable_mib=128.0 max_job_mib=67.1 oldest_ms=354.27 pack_ms=2.66 solve_ms=29.93
v5_device jobs=6 rows=10132 cells=189030 direct=true graph_reused=false upload_ms=4.89 capture_ms=4.03 queue_ms=25.03 gpu_ms=0.01 unpack_ms=1.27 total_ms=35.22
v5_service device=0 lane=0 class=2 jobs=6 rows=10132 cells=189030 reach=189246 reverse=189041 table_mib=9.2 mutable_mib=384.0 max_job_mib=67.0 oldest_ms=387.51 pack_ms=5.26 solve_ms=35.27
v5_device jobs=11 rows=2237 cells=20733 direct=true graph_reused=false upload_ms=1.60 capture_ms=4.93 queue_ms=9.08 gpu_ms=0.01 unpack_ms=0.41 total_ms=16.03
v5_service device=0 lane=2 class=0 jobs=11 rows=2237 cells=20733 reach=75132 reverse=76507 table_mib=3.0 mutable_mib=72.0 max_job_mib=8.7 oldest_ms=423.01 pack_ms=2.33 solve_ms=16.10
v5_device jobs=6 rows=5168 cells=102384 direct=true graph_reused=false upload_ms=2.39 capture_ms=3.90 queue_ms=12.37 gpu_ms=0.01 unpack_ms=0.75 total_ms=19.42
v5_service device=0 lane=1 class=1 jobs=6 rows=5168 cells=102384 reach=102609 reverse=102384 table_mib=5.0 mutable_mib=128.0 max_job_mib=34.0 oldest_ms=379.36 pack_ms=4.18 solve_ms=19.48
v5_device jobs=34 rows=25003 cells=492072 direct=true graph_reused=false upload_ms=18.71 capture_ms=3.65 queue_ms=64.48 gpu_ms=0.02 unpack_ms=4.31 total_ms=91.17
v5_service device=1 lane=0 class=1 jobs=34 rows=25003 cells=492072 reach=493531 reverse=492166 table_mib=24.5 mutable_mib=816.0 max_job_mib=34.0 oldest_ms=84.48 pack_ms=17.08 solve_ms=91.21
v5_device jobs=26 rows=22450 cells=373626 direct=true graph_reused=false upload_ms=18.72 capture_ms=4.04 queue_ms=62.49 gpu_ms=0.01 unpack_ms=3.28 total_ms=88.54
v5_service device=1 lane=2 class=1 jobs=26 rows=22450 cells=373626 reach=374690 reverse=373923 table_mib=19.8 mutable_mib=672.0 max_job_mib=34.3 oldest_ms=81.06 pack_ms=12.48 solve_ms=88.60
v5_device jobs=3 rows=788 cells=14853 direct=true graph_reused=false upload_ms=0.40 capture_ms=4.14 queue_ms=23.93 gpu_ms=0.01 unpack_ms=0.21 total_ms=28.70
v5_service device=0 lane=1 class=0 jobs=3 rows=788 cells=14853 reach=21764 reverse=21791 table_mib=1.0 mutable_mib=24.0 max_job_mib=8.6 oldest_ms=397.16 pack_ms=0.63 solve_ms=28.77
v5_device jobs=1 rows=19338 cells=177506 direct=true graph_reused=false upload_ms=6.56 capture_ms=4.14 queue_ms=30.17 gpu_ms=0.01 unpack_ms=1.42 total_ms=42.29
v5_service device=0 lane=2 class=3 jobs=1 rows=19338 cells=177506 reach=177536 reverse=177506 table_mib=12.3 mutable_mib=512.0 max_job_mib=530.6 oldest_ms=438.86 pack_ms=7.46 solve_ms=42.36
v5_device jobs=2 rows=418 cells=5886 direct=true graph_reused=false upload_ms=0.29 capture_ms=4.02 queue_ms=8.36 gpu_ms=0.01 unpack_ms=0.11 total_ms=12.79
v5_service device=1 lane=0 class=0 jobs=2 rows=418 cells=5886 reach=9696 reverse=9791 table_mib=0.5 mutable_mib=12.0 max_job_mib=8.5 oldest_ms=189.98 pack_ms=0.41 solve_ms=12.84
v5_device jobs=4 rows=962 cells=14991 direct=true graph_reused=false upload_ms=0.66 capture_ms=5.79 queue_ms=5.54 gpu_ms=0.01 unpack_ms=0.25 total_ms=12.24
v5_service device=1 lane=2 class=0 jobs=4 rows=962 cells=14991 reach=29827 reverse=29997 table_mib=1.2 mutable_mib=28.0 max_job_mib=8.6 oldest_ms=175.17 pack_ms=1.25 solve_ms=12.32
v5_device jobs=1 rows=3116 cells=35429 direct=true graph_reused=false upload_ms=1.10 capture_ms=4.74 queue_ms=6.58 gpu_ms=0.01 unpack_ms=0.23 total_ms=12.65
v5_service device=1 lane=2 class=2 jobs=1 rows=3116 cells=35429 reach=35463 reverse=35429 table_mib=2.2 mutable_mib=128.0 max_job_mib=131.5 oldest_ms=170.41 pack_ms=1.88 solve_ms=12.71
v5_device jobs=1 rows=12761 cells=170546 direct=true graph_reused=false upload_ms=5.33 capture_ms=4.71 queue_ms=42.62 gpu_ms=0.01 unpack_ms=0.91 total_ms=53.59
v5_service device=1 lane=2 class=3 jobs=1 rows=12761 cells=170546 reach=170588 reverse=170546 table_mib=10.2 mutable_mib=512.0 max_job_mib=528.3 oldest_ms=142.82 pack_ms=7.50 solve_ms=53.66
v5_device jobs=31 rows=23374 cells=462344 direct=true graph_reused=false upload_ms=14.87 capture_ms=3.58 queue_ms=50.84 gpu_ms=0.02 unpack_ms=4.37 total_ms=73.67
v5_service device=1 lane=1 class=1 jobs=31 rows=23374 cells=462344 reach=463588 reverse=462344 table_mib=22.9 mutable_mib=752.0 max_job_mib=34.0 oldest_ms=81.91 pack_ms=14.90 solve_ms=73.72
v5_device jobs=4 rows=8488 cells=126175 direct=true graph_reused=false upload_ms=5.20 capture_ms=3.96 queue_ms=14.59 gpu_ms=0.01 unpack_ms=0.90 total_ms=24.65
v5_service device=1 lane=1 class=2 jobs=4 rows=8488 cells=126175 reach=126358 reverse=126222 table_mib=6.8 mutable_mib=320.0 max_job_mib=132.1 oldest_ms=168.86 pack_ms=4.72 solve_ms=24.70
v5_device jobs=3 rows=636 cells=12937 direct=true graph_reused=false upload_ms=5.17 capture_ms=4.12 queue_ms=42.68 gpu_ms=0.01 unpack_ms=0.15 total_ms=52.13
v5_service device=1 lane=1 class=0 jobs=3 rows=636 cells=12937 reach=17772 reverse=17821 table_mib=0.8 mutable_mib=20.0 max_job_mib=8.6 oldest_ms=183.95 pack_ms=0.67 solve_ms=52.18
v5_device jobs=36 rows=30296 cells=541406 direct=true graph_reused=false upload_ms=18.06 capture_ms=3.76 queue_ms=50.95 gpu_ms=0.03 unpack_ms=5.49 total_ms=78.28
v5_service device=1 lane=0 class=1 jobs=36 rows=30296 cells=541406 reach=544336 reverse=542982 table_mib=27.9 mutable_mib=960.0 max_job_mib=34.6 oldest_ms=82.10 pack_ms=19.68 solve_ms=78.34
v5_device jobs=31 rows=22247 cells=443938 direct=true graph_reused=false upload_ms=16.51 capture_ms=4.67 queue_ms=101.87 gpu_ms=0.01 unpack_ms=4.33 total_ms=127.38
v5_service device=0 lane=2 class=1 jobs=31 rows=22247 cells=443938 reach=445092 reverse=443938 table_mib=22.0 mutable_mib=656.0 max_job_mib=34.2 oldest_ms=81.44 pack_ms=15.21 solve_ms=127.45
v5_device jobs=33 rows=24696 cells=444360 direct=true graph_reused=false upload_ms=19.86 capture_ms=4.04 queue_ms=107.89 gpu_ms=0.01 unpack_ms=4.77 total_ms=136.57
v5_service device=0 lane=1 class=1 jobs=33 rows=24696 cells=444360 reach=445738 reverse=444477 table_mib=23.0 mutable_mib=768.0 max_job_mib=33.8 oldest_ms=79.83 pack_ms=13.41 solve_ms=136.62
v5_device jobs=3 rows=591 cells=1254 direct=true graph_reused=false upload_ms=0.75 capture_ms=6.85 queue_ms=3.03 gpu_ms=0.01 unpack_ms=0.13 total_ms=10.78
v5_service device=0 lane=1 class=0 jobs=3 rows=591 cells=1254 reach=24890 reverse=25446 table_mib=0.9 mutable_mib=18.0 max_job_mib=8.6 oldest_ms=226.93 pack_ms=1.08 solve_ms=10.83
v5_device jobs=3 rows=10587 cells=94381 direct=true graph_reused=false upload_ms=4.59 capture_ms=4.44 queue_ms=76.72 gpu_ms=0.01 unpack_ms=0.73 total_ms=86.49
v5_service device=1 lane=0 class=2 jobs=3 rows=10587 cells=94381 reach=94497 reverse=94381 table_mib=6.9 mutable_mib=384.0 max_job_mib=262.2 oldest_ms=187.39 pack_ms=4.00 solve_ms=86.53
v5_device jobs=1 rows=309 cells=6952 direct=true graph_reused=false upload_ms=0.22 capture_ms=4.31 queue_ms=2.73 gpu_ms=0.01 unpack_ms=0.06 total_ms=7.32
v5_service device=1 lane=0 class=0 jobs=1 rows=309 cells=6952 reach=7002 reverse=6952 table_mib=0.3 mutable_mib=8.0 max_job_mib=8.6 oldest_ms=213.59 pack_ms=0.30 solve_ms=7.37
v5_device jobs=1 rows=34658 cells=527847 direct=true graph_reused=false upload_ms=19.96 capture_ms=4.46 queue_ms=76.42 gpu_ms=0.01 unpack_ms=4.39 total_ms=105.24
v5_service device=1 lane=1 class=3 jobs=1 rows=34658 cells=527847 reach=527892 reverse=527847 table_mib=28.9 mutable_mib=1024.0 max_job_mib=1069.0 oldest_ms=220.08 pack_ms=18.45 solve_ms=105.30
v5_device jobs=3 rows=5551 cells=88562 direct=true graph_reused=false upload_ms=2.32 capture_ms=4.15 queue_ms=40.29 gpu_ms=0.01 unpack_ms=0.78 total_ms=47.56
v5_service device=0 lane=1 class=2 jobs=3 rows=5551 cells=88562 reach=88687 reverse=88562 table_mib=4.8 mutable_mib=192.0 max_job_mib=67.3 oldest_ms=234.77 pack_ms=3.13 solve_ms=47.59
v5_device jobs=34 rows=25414 cells=464401 direct=true graph_reused=false upload_ms=13.40 capture_ms=4.02 queue_ms=99.89 gpu_ms=0.01 unpack_ms=4.31 total_ms=121.64
v5_service device=1 lane=2 class=1 jobs=34 rows=25414 cells=464401 reach=489114 reverse=488422 table_mib=24.5 mutable_mib=800.0 max_job_mib=34.0 oldest_ms=78.84 pack_ms=14.83 solve_ms=121.70
v5_device jobs=8 rows=20572 cells=392859 direct=true graph_reused=false upload_ms=12.63 capture_ms=4.10 queue_ms=39.84 gpu_ms=0.02 unpack_ms=4.75 total_ms=61.36
v5_service device=0 lane=2 class=2 jobs=8 rows=20572 cells=392859 reach=393176 reverse=392859 table_mib=19.4 mutable_mib=640.0 max_job_mib=134.9 oldest_ms=230.30 pack_ms=14.14 solve_ms=61.43
v5_device jobs=5 rows=1043 cells=17335 direct=true graph_reused=false upload_ms=0.67 capture_ms=3.98 queue_ms=5.08 gpu_ms=0.01 unpack_ms=0.27 total_ms=10.01
v5_service device=1 lane=2 class=0 jobs=5 rows=1043 cells=17335 reach=33636 reverse=33879 table_mib=1.4 mutable_mib=30.0 max_job_mib=8.6 oldest_ms=218.03 pack_ms=1.11 solve_ms=10.08
v5_device jobs=1 rows=72270 cells=1129628 direct=true graph_reused=false upload_ms=65.75 capture_ms=3.46 queue_ms=223.01 gpu_ms=0.01 unpack_ms=31.20 total_ms=323.44
v5_service device=0 lane=0 class=3 jobs=1 rows=72270 cells=1129628 reach=1129677 reverse=1129628 table_mib=62.9 mutable_mib=2048.0 max_job_mib=2152.4 oldest_ms=385.71 pack_ms=50.96 solve_ms=323.48
v5_device jobs=3 rows=383 cells=4003 direct=true graph_reused=false upload_ms=0.39 capture_ms=5.05 queue_ms=3.19 gpu_ms=0.01 unpack_ms=0.14 total_ms=8.78
v5_service device=0 lane=2 class=0 jobs=3 rows=383 cells=4003 reach=15371 reverse=15585 table_mib=0.6 mutable_mib=12.0 max_job_mib=4.4 oldest_ms=294.80 pack_ms=0.57 solve_ms=8.85
v5_device jobs=3 rows=4815 cells=87495 direct=true graph_reused=false upload_ms=1.84 capture_ms=4.17 queue_ms=11.30 gpu_ms=0.01 unpack_ms=0.63 total_ms=17.95
v5_service device=1 lane=2 class=2 jobs=3 rows=4815 cells=87495 reach=87619 reverse=87495 table_mib=4.5 mutable_mib=192.0 max_job_mib=66.5 oldest_ms=229.39 pack_ms=2.78 solve_ms=18.01
v5_device jobs=18 rows=5023 cells=70014 direct=true graph_reused=false upload_ms=1.81 capture_ms=3.42 queue_ms=11.15 gpu_ms=0.01 unpack_ms=0.71 total_ms=17.10
v5_service device=1 lane=0 class=0 jobs=18 rows=5023 cells=70014 reach=93021 reverse=96507 table_mib=4.7 mutable_mib=136.0 max_job_mib=8.7 oldest_ms=75.51 pack_ms=2.67 solve_ms=17.15
v5_device jobs=1 rows=30483 cells=681414 direct=true graph_reused=false upload_ms=33.25 capture_ms=3.46 queue_ms=48.74 gpu_ms=0.02 unpack_ms=5.16 total_ms=90.63
v5_service device=0 lane=1 class=3 jobs=1 rows=30483 cells=681414 reach=681455 reverse=681414 table_mib=30.9 mutable_mib=1024.0 max_job_mib=1070.3 oldest_ms=261.42 pack_ms=23.77 solve_ms=90.68
v5_device jobs=33 rows=20511 cells=362968 direct=true graph_reused=false upload_ms=8.10 capture_ms=4.49 queue_ms=40.24 gpu_ms=0.01 unpack_ms=2.92 total_ms=55.76
v5_service device=1 lane=2 class=1 jobs=33 rows=20511 cells=362968 reach=364056 reverse=362968 table_mib=19.0 mutable_mib=672.0 max_job_mib=33.8 oldest_ms=80.62 pack_ms=13.37 solve_ms=55.82
v5_device jobs=31 rows=23950 cells=464455 direct=true graph_reused=false upload_ms=19.12 capture_ms=3.63 queue_ms=70.92 gpu_ms=0.02 unpack_ms=4.94 total_ms=98.64
v5_service device=1 lane=1 class=1 jobs=31 rows=23950 cells=464455 reach=465753 reverse=464539 table_mib=23.2 mutable_mib=752.0 max_job_mib=35.3 oldest_ms=81.89 pack_ms=13.20 solve_ms=98.69
v5_device jobs=43 rows=27366 cells=548351 direct=true graph_reused=false upload_ms=15.14 capture_ms=3.52 queue_ms=68.28 gpu_ms=0.02 unpack_ms=6.40 total_ms=93.36
v5_service device=0 lane=0 class=1 jobs=43 rows=27366 cells=548351 reach=550079 reverse=548351 table_mib=27.1 mutable_mib=928.0 max_job_mib=33.5 oldest_ms=79.37 pack_ms=14.78 solve_ms=93.42
v5_device jobs=36 rows=26851 cells=537502 direct=true graph_reused=false upload_ms=17.29 capture_ms=4.47 queue_ms=73.10 gpu_ms=0.03 unpack_ms=6.42 total_ms=101.31
v5_service device=0 lane=2 class=1 jobs=36 rows=26851 cells=537502 reach=539151 reverse=537683 table_mib=26.6 mutable_mib=880.0 max_job_mib=33.8 oldest_ms=81.41 pack_ms=18.36 solve_ms=101.39
v5_device jobs=7 rows=20452 cells=330095 direct=true graph_reused=false upload_ms=15.81 capture_ms=4.05 queue_ms=74.44 gpu_ms=0.01 unpack_ms=2.08 total_ms=96.39
v5_service device=0 lane=0 class=2 jobs=7 rows=20452 cells=330095 reach=330354 reverse=330095 table_mib=17.2 mutable_mib=640.0 max_job_mib=132.9 oldest_ms=194.36 pack_ms=11.67 solve_ms=96.44
v5_device jobs=3 rows=14987 cells=242856 direct=true graph_reused=false upload_ms=10.62 capture_ms=4.54 queue_ms=63.00 gpu_ms=0.01 unpack_ms=1.76 total_ms=79.93
v5_service device=0 lane=2 class=2 jobs=3 rows=14987 cells=242856 reach=242977 reverse=242856 table_mib=12.9 mutable_mib=384.0 max_job_mib=270.1 oldest_ms=208.99 pack_ms=12.45 solve_ms=80.00
v5_device jobs=34 rows=23432 cells=479024 direct=true graph_reused=false upload_ms=30.26 capture_ms=4.10 queue_ms=72.34 gpu_ms=0.01 unpack_ms=3.91 total_ms=110.62
v5_service device=0 lane=1 class=1 jobs=34 rows=23432 cells=479024 reach=470194 reverse=479070 table_mib=23.3 mutable_mib=736.0 max_job_mib=34.1 oldest_ms=80.24 pack_ms=20.80 solve_ms=110.67
v5_device jobs=2 rows=468 cells=11361 direct=true graph_reused=false upload_ms=0.29 capture_ms=4.21 queue_ms=3.28 gpu_ms=0.01 unpack_ms=0.13 total_ms=7.92
v5_service device=0 lane=2 class=0 jobs=2 rows=468 cells=11361 reach=11444 reverse=11361 table_mib=0.6 mutable_mib=12.0 max_job_mib=8.7 oldest_ms=286.69 pack_ms=0.42 solve_ms=7.98
v5_device jobs=4 rows=8782 cells=117800 direct=true graph_reused=false upload_ms=17.41 capture_ms=4.43 queue_ms=123.43 gpu_ms=0.01 unpack_ms=0.99 total_ms=146.27
v5_service device=1 lane=2 class=2 jobs=4 rows=8782 cells=117800 reach=117933 reverse=117800 table_mib=6.7 mutable_mib=320.0 max_job_mib=131.0 oldest_ms=153.12 pack_ms=4.56 solve_ms=146.33
v5_device jobs=1 rows=30050 cells=374736 direct=true graph_reused=false upload_ms=27.65 capture_ms=5.06 queue_ms=101.21 gpu_ms=0.01 unpack_ms=3.52 total_ms=137.45
v5_service device=1 lane=1 class=3 jobs=1 rows=30050 cells=374736 reach=374772 reverse=374736 table_mib=22.2 mutable_mib=1024.0 max_job_mib=1057.5 oldest_ms=189.54 pack_ms=17.86 solve_ms=137.52
v5_device jobs=5 rows=627 cells=1384 direct=true graph_reused=false upload_ms=0.64 capture_ms=5.18 queue_ms=1.96 gpu_ms=0.01 unpack_ms=0.17 total_ms=7.95
v5_service device=1 lane=2 class=0 jobs=5 rows=627 cells=1384 reach=27429 reverse=28086 table_mib=1.0 mutable_mib=24.0 max_job_mib=8.5 oldest_ms=304.02 pack_ms=0.95 solve_ms=8.00
v5_device jobs=32 rows=79813 cells=1047634 direct=true graph_reused=false upload_ms=69.01 capture_ms=5.42 queue_ms=137.10 gpu_ms=0.02 unpack_ms=9.96 total_ms=221.51
v5_service device=1 lane=0 class=2 jobs=32 rows=79813 cells=1047634 reach=1038851 reverse=1048651 table_mib=59.5 mutable_mib=2496.0 max_job_mib=267.4 oldest_ms=117.39 pack_ms=37.19 solve_ms=221.57
v5_device jobs=4 rows=15910 cells=159864 direct=true graph_reused=false upload_ms=7.20 capture_ms=3.67 queue_ms=25.91 gpu_ms=0.03 unpack_ms=1.89 total_ms=38.70
v5_service device=0 lane=1 class=2 jobs=4 rows=15910 cells=159864 reach=160005 reverse=159864 table_mib=10.6 mutable_mib=512.0 max_job_mib=262.3 oldest_ms=214.61 pack_ms=6.92 solve_ms=38.77
v5_device jobs=4 rows=18216 cells=283783 direct=true graph_reused=false upload_ms=7.62 capture_ms=5.12 queue_ms=28.94 gpu_ms=0.01 unpack_ms=2.27 total_ms=43.96
v5_service device=1 lane=1 class=2 jobs=4 rows=18216 cells=283783 reach=283939 reverse=283783 table_mib=15.2 mutable_mib=576.0 max_job_mib=265.0 oldest_ms=346.72 pack_ms=9.67 solve_ms=44.04
v5_device jobs=4 rows=866 cells=18214 direct=true graph_reused=false upload_ms=0.55 capture_ms=5.78 queue_ms=2.86 gpu_ms=0.01 unpack_ms=0.18 total_ms=9.37
v5_service device=1 lane=1 class=0 jobs=4 rows=866 cells=18214 reach=24634 reverse=24738 table_mib=1.1 mutable_mib=22.0 max_job_mib=8.7 oldest_ms=397.56 pack_ms=0.96 solve_ms=9.43
v5_device jobs=17 rows=4317 cells=60217 direct=true graph_reused=false upload_ms=2.19 capture_ms=4.61 queue_ms=11.18 gpu_ms=0.01 unpack_ms=0.75 total_ms=18.74
v5_service device=1 lane=2 class=0 jobs=17 rows=4317 cells=60217 reach=103742 reverse=104563 table_mib=4.8 mutable_mib=116.0 max_job_mib=8.7 oldest_ms=75.91 pack_ms=3.24 solve_ms=18.79
v5_device jobs=1 rows=21423 cells=189749 direct=true graph_reused=false upload_ms=7.50 capture_ms=4.95 queue_ms=32.57 gpu_ms=0.01 unpack_ms=1.44 total_ms=46.46
v5_service device=1 lane=1 class=3 jobs=1 rows=21423 cells=189749 reach=189787 reverse=189749 table_mib=13.8 mutable_mib=512.0 max_job_mib=534.2 oldest_ms=76.11 pack_ms=8.35 solve_ms=46.52
v5_device jobs=30 rows=22330 cells=438152 direct=true graph_reused=false upload_ms=13.86 capture_ms=4.52 queue_ms=135.38 gpu_ms=0.01 unpack_ms=4.04 total_ms=157.81
v5_service device=0 lane=2 class=1 jobs=30 rows=22330 cells=438152 reach=439430 reverse=438240 table_mib=21.8 mutable_mib=736.0 max_job_mib=34.3 oldest_ms=82.13 pack_ms=13.67 solve_ms=157.90
v5_device jobs=1 rows=357 cells=6750 direct=true graph_reused=false upload_ms=0.24 capture_ms=4.56 queue_ms=2.12 gpu_ms=0.01 unpack_ms=0.06 total_ms=6.99
v5_service device=0 lane=2 class=0 jobs=1 rows=357 cells=6750 reach=6793 reverse=6750 table_mib=0.3 mutable_mib=8.0 max_job_mib=8.6 oldest_ms=246.44 pack_ms=0.31 solve_ms=7.06
v5_device jobs=2 rows=60229 cells=1184729 direct=true graph_reused=false upload_ms=56.66 capture_ms=3.37 queue_ms=177.20 gpu_ms=0.02 unpack_ms=9.33 total_ms=246.58
v5_service device=0 lane=0 class=3 jobs=2 rows=60229 cells=1184729 reach=1184806 reverse=1184729 table_mib=56.1 mutable_mib=2048.0 max_job_mib=1072.5 oldest_ms=301.17 pack_ms=33.16 solve_ms=246.63
v5_device jobs=2 rows=58256 cells=631339 direct=true graph_reused=false upload_ms=45.81 capture_ms=6.23 queue_ms=145.32 gpu_ms=0.03 unpack_ms=12.00 total_ms=209.39
v5_service device=0 lane=1 class=3 jobs=2 rows=58256 cells=631339 reach=631420 reverse=631339 table_mib=40.6 mutable_mib=1536.0 max_job_mib=1061.4 oldest_ms=265.81 pack_ms=22.01 solve_ms=209.44
v5_device jobs=31 rows=21635 cells=421804 direct=true graph_reused=false upload_ms=12.28 capture_ms=5.09 queue_ms=37.30 gpu_ms=0.01 unpack_ms=3.40 total_ms=58.09
v5_service device=1 lane=1 class=1 jobs=31 rows=21635 cells=421804 reach=423162 reverse=421942 table_mib=21.1 mutable_mib=672.0 max_job_mib=33.8 oldest_ms=133.96 pack_ms=14.08 solve_ms=58.15
v5_device jobs=4 rows=687 cells=8489 direct=true graph_reused=false upload_ms=0.44 capture_ms=4.19 queue_ms=10.73 gpu_ms=0.01 unpack_ms=0.17 total_ms=15.54
v5_service device=0 lane=1 class=0 jobs=4 rows=687 cells=8489 reach=21513 reverse=21731 table_mib=0.9 mutable_mib=18.0 max_job_mib=8.6 oldest_ms=497.44 pack_ms=0.70 solve_ms=15.59
v5_device jobs=3 rows=796 cells=10068 direct=true graph_reused=false upload_ms=0.39 capture_ms=4.96 queue_ms=21.96 gpu_ms=0.01 unpack_ms=0.19 total_ms=27.50
v5_service device=0 lane=0 class=0 jobs=3 rows=796 cells=10068 reach=14250 reverse=14396 table_mib=0.8 mutable_mib=20.0 max_job_mib=8.5 oldest_ms=577.12 pack_ms=0.62 solve_ms=27.54
v5_device jobs=3 rows=10663 cells=195127 direct=true graph_reused=false upload_ms=5.38 capture_ms=4.61 queue_ms=27.04 gpu_ms=0.01 unpack_ms=1.40 total_ms=38.44
v5_service device=0 lane=2 class=2 jobs=3 rows=10663 cells=195127 reach=195262 reverse=195127 table_mib=9.7 mutable_mib=384.0 max_job_mib=264.0 oldest_ms=236.46 pack_ms=5.96 solve_ms=38.50
v5_device jobs=5 rows=12290 cells=256927 direct=true graph_reused=false upload_ms=6.17 capture_ms=4.51 queue_ms=21.00 gpu_ms=0.01 unpack_ms=1.45 total_ms=33.15
v5_service device=1 lane=1 class=2 jobs=5 rows=12290 cells=256927 reach=257134 reverse=256927 table_mib=12.0 mutable_mib=448.0 max_job_mib=133.7 oldest_ms=197.56 pack_ms=6.35 solve_ms=33.21
v5_device jobs=1 rows=330 cells=7941 direct=true graph_reused=false upload_ms=0.22 capture_ms=4.96 queue_ms=1.73 gpu_ms=0.01 unpack_ms=0.06 total_ms=6.98
v5_service device=1 lane=1 class=0 jobs=1 rows=330 cells=7941 reach=7989 reverse=7941 table_mib=0.4 mutable_mib=8.0 max_job_mib=8.6 oldest_ms=194.66 pack_ms=0.33 solve_ms=7.02
v5_device jobs=4 rows=10036 cells=185009 direct=true graph_reused=false upload_ms=3.48 capture_ms=4.09 queue_ms=50.17 gpu_ms=0.01 unpack_ms=1.14 total_ms=58.89
v5_service device=0 lane=2 class=2 jobs=4 rows=10036 cells=185009 reach=185163 reverse=185009 table_mib=9.2 mutable_mib=320.0 max_job_mib=132.8 oldest_ms=77.37 pack_ms=5.52 solve_ms=58.98
v5_device jobs=1 rows=56080 cells=657491 direct=true graph_reused=false upload_ms=40.63 capture_ms=3.22 queue_ms=97.66 gpu_ms=0.01 unpack_ms=4.50 total_ms=146.02
v5_service device=0 lane=1 class=3 jobs=1 rows=56080 cells=657491 reach=657519 reverse=657491 table_mib=38.9 mutable_mib=2048.0 max_job_mib=2104.0 oldest_ms=503.66 pack_ms=19.80 solve_ms=146.06
v5_device jobs=36 rows=28350 cells=522277 direct=true graph_reused=false upload_ms=27.90 capture_ms=4.09 queue_ms=55.50 gpu_ms=0.01 unpack_ms=3.75 total_ms=91.26
v5_service device=0 lane=0 class=1 jobs=36 rows=28350 cells=522277 reach=519144 reverse=522315 table_mib=26.3 mutable_mib=880.0 max_job_mib=34.5 oldest_ms=79.17 pack_ms=12.98 solve_ms=91.31
v5_device jobs=5 rows=876 cells=5318 direct=true graph_reused=false upload_ms=0.62 capture_ms=4.16 queue_ms=3.98 gpu_ms=0.01 unpack_ms=0.16 total_ms=8.92
v5_service device=0 lane=0 class=0 jobs=5 rows=876 cells=5318 reach=32283 reverse=32733 table_mib=1.2 mutable_mib=30.0 max_job_mib=8.5 oldest_ms=185.79 pack_ms=0.85 solve_ms=8.97
v5_device jobs=3 rows=5639 cells=99857 direct=true graph_reused=false upload_ms=2.02 capture_ms=3.58 queue_ms=13.48 gpu_ms=0.01 unpack_ms=0.68 total_ms=19.77
v5_service device=0 lane=0 class=2 jobs=3 rows=5639 cells=99857 reach=99991 reverse=99857 table_mib=5.2 mutable_mib=192.0 max_job_mib=66.8 oldest_ms=175.69 pack_ms=2.56 solve_ms=19.82
v5_device jobs=60 rows=48717 cells=867111 direct=true graph_reused=false upload_ms=51.67 capture_ms=4.05 queue_ms=121.54 gpu_ms=0.03 unpack_ms=10.03 total_ms=187.32
v5_service device=0 lane=2 class=1 jobs=60 rows=48717 cells=867111 reach=870892 reverse=868783 table_mib=44.7 mutable_mib=1536.0 max_job_mib=34.1 oldest_ms=151.61 pack_ms=28.25 solve_ms=187.40
v5_device jobs=41 rows=29725 cells=530740 direct=true graph_reused=false upload_ms=13.41 capture_ms=4.31 queue_ms=59.19 gpu_ms=0.02 unpack_ms=5.21 total_ms=82.15
v5_service device=0 lane=0 class=1 jobs=41 rows=29725 cells=530740 reach=541390 reverse=544841 table_mib=27.7 mutable_mib=976.0 max_job_mib=33.7 oldest_ms=81.03 pack_ms=12.89 solve_ms=82.21
v5_device jobs=37 rows=26751 cells=508471 direct=true graph_reused=false upload_ms=13.33 capture_ms=3.44 queue_ms=116.28 gpu_ms=0.01 unpack_ms=4.54 total_ms=137.61
v5_service device=0 lane=1 class=1 jobs=37 rows=26751 cells=508471 reach=509973 reverse=508519 table_mib=25.6 mutable_mib=848.0 max_job_mib=34.1 oldest_ms=80.73 pack_ms=12.87 solve_ms=137.67
v5_device jobs=3 rows=775 cells=7782 direct=true graph_reused=false upload_ms=0.56 capture_ms=4.75 queue_ms=4.50 gpu_ms=0.01 unpack_ms=0.19 total_ms=10.01
v5_service device=0 lane=2 class=0 jobs=3 rows=775 cells=7782 reach=25062 reverse=25364 table_mib=1.0 mutable_mib=20.0 max_job_mib=8.6 oldest_ms=371.50 pack_ms=0.81 solve_ms=10.06
v5_device jobs=6 rows=1473 cells=20709 direct=true graph_reused=false upload_ms=0.75 capture_ms=4.42 queue_ms=24.32 gpu_ms=0.01 unpack_ms=0.25 total_ms=29.75
v5_service device=0 lane=1 class=0 jobs=6 rows=1473 cells=20709 reach=30493 reverse=30627 table_mib=1.5 mutable_mib=44.0 max_job_mib=8.6 oldest_ms=237.09 pack_ms=1.14 solve_ms=29.80
v5_device jobs=4 rows=12401 cells=164843 direct=true graph_reused=false upload_ms=4.90 capture_ms=4.24 queue_ms=21.73 gpu_ms=0.01 unpack_ms=1.17 total_ms=32.04
v5_service device=0 lane=0 class=2 jobs=4 rows=12401 cells=164843 reach=165018 reverse=164893 table_mib=9.3 mutable_mib=384.0 max_job_mib=133.9 oldest_ms=179.34 pack_ms=5.14 solve_ms=32.10
v5_device jobs=1 rows=364 cells=3581 direct=true graph_reused=false upload_ms=0.16 capture_ms=4.30 queue_ms=5.02 gpu_ms=0.01 unpack_ms=0.05 total_ms=9.54
v5_service device=0 lane=0 class=0 jobs=1 rows=364 cells=3581 reach=3607 reverse=3581 table_mib=0.2 mutable_mib=8.0 max_job_mib=8.3 oldest_ms=206.83 pack_ms=0.24 solve_ms=9.61
v5_device jobs=3 rows=8044 cells=105441 direct=true graph_reused=false upload_ms=2.50 capture_ms=4.14 queue_ms=12.98 gpu_ms=0.02 unpack_ms=0.64 total_ms=20.28
v5_service device=0 lane=1 class=2 jobs=3 rows=8044 cells=105441 reach=95956 reverse=105915 table_mib=5.8 mutable_mib=256.0 max_job_mib=131.3 oldest_ms=254.90 pack_ms=3.38 solve_ms=20.33
v5_device jobs=7 rows=14957 cells=211236 direct=true graph_reused=false upload_ms=7.19 capture_ms=3.39 queue_ms=27.46 gpu_ms=0.01 unpack_ms=1.64 total_ms=39.68
v5_service device=0 lane=2 class=2 jobs=7 rows=14957 cells=211236 reach=335105 reverse=348972 table_mib=15.0 mutable_mib=512.0 max_job_mib=134.7 oldest_ms=76.39 pack_ms=7.38 solve_ms=39.75
v5_device jobs=35 rows=27598 cells=490727 direct=true graph_reused=false upload_ms=11.33 capture_ms=5.09 queue_ms=401.56 gpu_ms=0.02 unpack_ms=5.05 total_ms=423.06
v5_service device=1 lane=1 class=1 jobs=35 rows=27598 cells=490727 reach=491903 reverse=490782 table_mib=25.3 mutable_mib=848.0 max_job_mib=33.9 oldest_ms=79.53 pack_ms=12.71 solve_ms=423.12
v5_device jobs=6 rows=11951 cells=158923 direct=true graph_reused=false upload_ms=4.67 capture_ms=3.50 queue_ms=64.78 gpu_ms=0.01 unpack_ms=1.18 total_ms=74.14
v5_service device=0 lane=1 class=2 jobs=6 rows=11951 cells=158923 reach=159433 reverse=159355 table_mib=9.1 mutable_mib=384.0 max_job_mib=67.4 oldest_ms=76.10 pack_ms=4.66 solve_ms=74.18
v5_device jobs=45 rows=31360 cells=551837 direct=true graph_reused=false upload_ms=17.67 capture_ms=4.49 queue_ms=50.09 gpu_ms=0.01 unpack_ms=4.35 total_ms=76.61
v5_service device=0 lane=0 class=1 jobs=45 rows=31360 cells=551837 reach=502729 reverse=551837 table_mib=28.2 mutable_mib=1024.0 max_job_mib=34.7 oldest_ms=80.24 pack_ms=16.75 solve_ms=76.67
v5_device jobs=4 rows=1190 cells=23436 direct=true graph_reused=false upload_ms=0.96 capture_ms=8.03 queue_ms=45.82 gpu_ms=0.02 unpack_ms=0.31 total_ms=55.12
v5_service device=1 lane=1 class=0 jobs=4 rows=1190 cells=23436 reach=35368 reverse=35403 table_mib=1.5 mutable_mib=32.0 max_job_mib=8.6 oldest_ms=510.99 pack_ms=1.76 solve_ms=55.20
v5_device jobs=2 rows=5160 cells=57070 direct=true graph_reused=false upload_ms=2.10 capture_ms=8.30 queue_ms=5.71 gpu_ms=0.01 unpack_ms=0.52 total_ms=16.64
v5_service device=1 lane=1 class=2 jobs=2 rows=5160 cells=57070 reach=57116 reverse=57070 table_mib=3.5 mutable_mib=128.0 max_job_mib=66.7 oldest_ms=566.09 pack_ms=3.25 solve_ms=16.75
v5_device jobs=245 rows=194092 cells=3153388 direct=true graph_reused=false upload_ms=180.99 capture_ms=2.98 queue_ms=507.27 gpu_ms=0.02 unpack_ms=70.78 total_ms=762.04
v5_service device=1 lane=0 class=1 jobs=245 rows=194092 cells=3153388 reach=3032294 reverse=3155628 table_mib=165.7 mutable_mib=5936.0 max_job_mib=34.7 oldest_ms=427.87 pack_ms=142.14 solve_ms=762.09
v5_device jobs=4 rows=9526 cells=205707 direct=true graph_reused=false upload_ms=4.23 capture_ms=5.33 queue_ms=39.63 gpu_ms=0.01 unpack_ms=1.15 total_ms=50.36
v5_service device=0 lane=0 class=2 jobs=4 rows=9526 cells=205707 reach=185452 reverse=205707 table_mib=9.3 mutable_mib=320.0 max_job_mib=133.7 oldest_ms=191.89 pack_ms=5.36 solve_ms=50.41
v5_device jobs=4 rows=1259 cells=25413 direct=true graph_reused=false upload_ms=0.55 capture_ms=3.87 queue_ms=12.06 gpu_ms=0.01 unpack_ms=0.30 total_ms=16.78
v5_service device=0 lane=0 class=0 jobs=4 rows=1259 cells=25413 reach=22394 reverse=25413 table_mib=1.2 mutable_mib=32.0 max_job_mib=8.6 oldest_ms=245.88 pack_ms=0.84 solve_ms=16.84
v5_device jobs=1 rows=26071 cells=321449 direct=true graph_reused=false upload_ms=15.35 capture_ms=5.84 queue_ms=48.13 gpu_ms=0.02 unpack_ms=5.09 total_ms=74.43
v5_service device=1 lane=1 class=3 jobs=1 rows=26071 cells=321449 reach=321487 reverse=321449 table_mib=20.1 mutable_mib=1024.0 max_job_mib=1057.4 oldest_ms=581.41 pack_ms=20.83 solve_ms=74.50
v5_device jobs=69 rows=49466 cells=895319 direct=true graph_reused=false upload_ms=54.30 capture_ms=3.69 queue_ms=119.37 gpu_ms=0.03 unpack_ms=9.75 total_ms=187.14
v5_service device=0 lane=2 class=1 jobs=69 rows=49466 cells=895319 reach=914927 reverse=927362 table_mib=46.4 mutable_mib=1520.0 max_job_mib=34.6 oldest_ms=131.72 pack_ms=30.62 solve_ms=187.22
v5_device jobs=202 rows=150347 cells=2748365 direct=true graph_reused=false upload_ms=174.72 capture_ms=3.98 queue_ms=592.23 gpu_ms=0.03 unpack_ms=57.56 total_ms=828.52
v5_service device=1 lane=2 class=1 jobs=202 rows=150347 cells=2748365 reach=2756499 reverse=2749713 table_mib=140.3 mutable_mib=4752.0 max_job_mib=35.1 oldest_ms=123.59 pack_ms=132.84 solve_ms=828.58
v5_device jobs=30 rows=22172 cells=366214 direct=true graph_reused=false upload_ms=15.10 capture_ms=4.70 queue_ms=37.01 gpu_ms=0.02 unpack_ms=3.91 total_ms=60.73
v5_service device=1 lane=1 class=1 jobs=30 rows=22172 cells=366214 reach=366845 reverse=366339 table_mib=19.5 mutable_mib=688.0 max_job_mib=33.7 oldest_ms=80.49 pack_ms=14.78 solve_ms=60.81
v5_device jobs=1 rows=32457 cells=473497 direct=true graph_reused=false upload_ms=20.39 capture_ms=3.86 queue_ms=140.70 gpu_ms=0.01 unpack_ms=4.78 total_ms=169.75
v5_service device=0 lane=2 class=3 jobs=1 rows=32457 cells=473497 reach=473536 reverse=473497 table_mib=25.1 mutable_mib=1024.0 max_job_mib=1061.2 oldest_ms=336.25 pack_ms=21.32 solve_ms=169.83
v5_device jobs=2 rows=61105 cells=535884 direct=true graph_reused=false upload_ms=38.93 capture_ms=4.75 queue_ms=156.88 gpu_ms=0.02 unpack_ms=5.57 total_ms=206.15
v5_service device=0 lane=0 class=3 jobs=2 rows=61105 cells=535884 reach=535932 reverse=535884 table_mib=36.9 mutable_mib=1536.0 max_job_mib=1063.8 oldest_ms=252.98 pack_ms=27.74 solve_ms=206.21
v5_device jobs=14 rows=29126 cells=437161 direct=true graph_reused=false upload_ms=16.76 capture_ms=4.09 queue_ms=47.37 gpu_ms=0.02 unpack_ms=4.12 total_ms=72.35
v5_service device=1 lane=2 class=2 jobs=14 rows=29126 cells=437161 reach=437731 reverse=437239 table_mib=23.6 mutable_mib=1024.0 max_job_mib=132.3 oldest_ms=1145.36 pack_ms=16.35 solve_ms=72.40
v5_device jobs=4 rows=894 cells=7683 direct=true graph_reused=false upload_ms=0.33 capture_ms=4.03 queue_ms=3.58 gpu_ms=0.01 unpack_ms=0.14 total_ms=8.09
v5_service device=0 lane=2 class=0 jobs=4 rows=894 cells=7683 reach=9538 reverse=9558 table_mib=0.6 mutable_mib=26.0 max_job_mib=8.3 oldest_ms=521.31 pack_ms=0.59 solve_ms=8.16
v5_device jobs=88 rows=60329 cells=1103945 direct=true graph_reused=false upload_ms=104.71 capture_ms=4.48 queue_ms=207.57 gpu_ms=0.02 unpack_ms=47.19 total_ms=363.98
v5_service device=0 lane=1 class=1 jobs=88 rows=60329 cells=1103945 reach=1102270 reverse=1104070 table_mib=56.6 mutable_mib=1920.0 max_job_mib=33.7 oldest_ms=168.50 pack_ms=48.42 solve_ms=364.04
v5_device jobs=4 rows=12536 cells=207820 direct=true graph_reused=false upload_ms=4.35 capture_ms=3.83 queue_ms=20.08 gpu_ms=0.01 unpack_ms=1.38 total_ms=29.64
v5_service device=0 lane=0 class=2 jobs=4 rows=12536 cells=207820 reach=207944 reverse=207820 table_mib=10.5 mutable_mib=384.0 max_job_mib=134.8 oldest_ms=76.40 pack_ms=4.99 solve_ms=29.71
v5_device jobs=4 rows=1131 cells=24576 direct=true graph_reused=false upload_ms=0.53 capture_ms=31.44 queue_ms=151.38 gpu_ms=0.03 unpack_ms=0.24 total_ms=183.62
v5_service device=1 lane=1 class=0 jobs=4 rows=1131 cells=24576 reach=24747 reverse=24576 table_mib=1.2 mutable_mib=32.0 max_job_mib=8.6 oldest_ms=184.09 pack_ms=0.83 solve_ms=183.67
v5_device jobs=11 rows=2964 cells=44041 direct=true graph_reused=false upload_ms=1.70 capture_ms=4.45 queue_ms=16.22 gpu_ms=0.01 unpack_ms=0.55 total_ms=22.93
v5_service device=0 lane=1 class=0 jobs=11 rows=2964 cells=44041 reach=69555 reverse=70064 table_mib=3.2 mutable_mib=84.0 max_job_mib=8.7 oldest_ms=626.41 pack_ms=2.83 solve_ms=22.99
v5_device jobs=33 rows=22299 cells=390843 direct=true graph_reused=false upload_ms=14.89 capture_ms=3.68 queue_ms=46.98 gpu_ms=0.02 unpack_ms=4.53 total_ms=70.10
v5_service device=0 lane=2 class=1 jobs=33 rows=22299 cells=390843 reach=387555 reverse=390954 table_mib=20.2 mutable_mib=720.0 max_job_mib=34.0 oldest_ms=78.17 pack_ms=13.27 solve_ms=70.18
v5_device jobs=2 rows=3082 cells=41016 direct=true graph_reused=false upload_ms=1.06 capture_ms=7.84 queue_ms=72.25 gpu_ms=0.01 unpack_ms=0.37 total_ms=81.54
v5_service device=1 lane=1 class=2 jobs=2 rows=3082 cells=41016 reach=41096 reverse=41037 table_mib=2.3 mutable_mib=128.0 max_job_mib=66.2 oldest_ms=369.34 pack_ms=2.22 solve_ms=81.66
v5_device jobs=2 rows=55614 cells=1069195 direct=true graph_reused=false upload_ms=64.35 capture_ms=4.84 queue_ms=122.53 gpu_ms=0.02 unpack_ms=9.04 total_ms=200.78
v5_service device=1 lane=2 class=3 jobs=2 rows=55614 cells=1069195 reach=1069273 reverse=1069195 table_mib=51.3 mutable_mib=1536.0 max_job_mib=1061.2 oldest_ms=1237.09 pack_ms=32.77 solve_ms=200.84
v5_device jobs=4 rows=1293 cells=22984 direct=true graph_reused=false upload_ms=0.58 capture_ms=4.06 queue_ms=76.90 gpu_ms=0.01 unpack_ms=0.23 total_ms=81.77
v5_service device=0 lane=2 class=0 jobs=4 rows=1293 cells=22984 reach=23109 reverse=22984 table_mib=1.2 mutable_mib=32.0 max_job_mib=8.6 oldest_ms=159.09 pack_ms=0.92 solve_ms=81.85
v5_device jobs=1 rows=22010 cells=266147 direct=true graph_reused=false upload_ms=11.98 capture_ms=3.90 queue_ms=76.15 gpu_ms=0.02 unpack_ms=2.55 total_ms=94.59
v5_service device=0 lane=1 class=3 jobs=1 rows=22010 cells=266147 reach=266190 reverse=266147 table_mib=16.4 mutable_mib=512.0 max_job_mib=538.3 oldest_ms=603.69 pack_ms=14.42 solve_ms=94.65
v5_device jobs=65 rows=46984 cells=719897 direct=true graph_reused=false upload_ms=42.86 capture_ms=4.03 queue_ms=86.70 gpu_ms=0.01 unpack_ms=5.70 total_ms=139.30
v5_service device=0 lane=0 class=1 jobs=65 rows=46984 cells=719897 reach=640532 reverse=720303 table_mib=38.0 mutable_mib=1424.0 max_job_mib=34.2 oldest_ms=116.16 pack_ms=21.31 solve_ms=139.35
v5_device jobs=5 rows=9950 cells=117063 direct=true graph_reused=false upload_ms=4.23 capture_ms=6.65 queue_ms=14.84 gpu_ms=0.02 unpack_ms=1.26 total_ms=27.00
v5_service device=0 lane=2 class=2 jobs=5 rows=9950 cells=117063 reach=117214 reverse=117063 table_mib=7.1 mutable_mib=320.0 max_job_mib=67.1 oldest_ms=242.07 pack_ms=6.22 solve_ms=27.10
v5_device jobs=6 rows=127987 cells=1201655 direct=true graph_reused=false upload_ms=102.91 capture_ms=4.24 queue_ms=268.08 gpu_ms=0.01 unpack_ms=28.51 total_ms=403.75
v5_service device=1 lane=0 class=3 jobs=6 rows=127987 cells=1201655 reach=1201841 reverse=1201655 table_mib=82.3 mutable_mib=4096.0 max_job_mib=1059.8 oldest_ms=1391.53 pack_ms=102.84 solve_ms=403.81
v5_device jobs=1 rows=21110 cells=244179 direct=true graph_reused=false upload_ms=8.92 capture_ms=4.22 queue_ms=26.63 gpu_ms=0.01 unpack_ms=1.59 total_ms=41.37
v5_service device=0 lane=0 class=3 jobs=1 rows=21110 cells=244179 reach=244208 reverse=244179 table_mib=14.4 mutable_mib=512.0 max_job_mib=533.2 oldest_ms=281.94 pack_ms=8.96 solve_ms=41.44
v5_device jobs=11 rows=3222 cells=38908 direct=true graph_reused=false upload_ms=1.02 capture_ms=3.57 queue_ms=7.90 gpu_ms=0.01 unpack_ms=0.40 total_ms=12.90
v5_service device=0 lane=0 class=0 jobs=11 rows=3222 cells=38908 reach=36877 reverse=38908 table_mib=2.3 mutable_mib=88.0 max_job_mib=8.6 oldest_ms=331.41 pack_ms=1.57 solve_ms=12.96
v5_device jobs=33 rows=23792 cells=308500 direct=true graph_reused=false upload_ms=10.48 capture_ms=3.41 queue_ms=55.15 gpu_ms=0.01 unpack_ms=2.46 total_ms=71.50
v5_service device=1 lane=2 class=1 jobs=33 rows=23792 cells=308500 reach=305451 reverse=308693 table_mib=18.0 mutable_mib=736.0 max_job_mib=33.6 oldest_ms=81.47 pack_ms=8.93 solve_ms=71.55
v5_device jobs=27 rows=20792 cells=372208 direct=true graph_reused=false upload_ms=13.43 capture_ms=5.01 queue_ms=55.49 gpu_ms=0.01 unpack_ms=3.70 total_ms=77.63
v5_service device=1 lane=1 class=1 jobs=27 rows=20792 cells=372208 reach=353006 reverse=372350 table_mib=18.9 mutable_mib=640.0 max_job_mib=34.3 oldest_ms=79.55 pack_ms=12.30 solve_ms=77.70
v5_device jobs=5 rows=1344 cells=18851 direct=true graph_reused=false upload_ms=0.66 capture_ms=7.77 queue_ms=38.21 gpu_ms=0.01 unpack_ms=0.25 total_ms=46.90
v5_service device=1 lane=2 class=0 jobs=5 rows=1344 cells=18851 reach=28155 reverse=28165 table_mib=1.3 mutable_mib=36.0 max_job_mib=8.6 oldest_ms=165.35 pack_ms=1.23 solve_ms=46.96
v5_device jobs=2 rows=4459 cells=44869 direct=true graph_reused=false upload_ms=1.32 capture_ms=4.93 queue_ms=17.36 gpu_ms=0.01 unpack_ms=0.42 total_ms=24.03
v5_service device=1 lane=1 class=2 jobs=2 rows=4459 cells=44869 reach=44928 reverse=44869 table_mib=2.9 mutable_mib=128.0 max_job_mib=66.6 oldest_ms=187.81 pack_ms=2.16 solve_ms=24.10
v5_device jobs=43 rows=27560 cells=374714 direct=true graph_reused=false upload_ms=10.70 capture_ms=3.63 queue_ms=51.52 gpu_ms=0.01 unpack_ms=3.00 total_ms=68.85
v5_service device=1 lane=0 class=1 jobs=43 rows=27560 cells=374714 reach=346762 reverse=374714 table_mib=21.0 mutable_mib=880.0 max_job_mib=33.7 oldest_ms=78.71 pack_ms=10.20 solve_ms=68.90
v5_device jobs=1 rows=1567 cells=12894 direct=true graph_reused=false upload_ms=0.43 capture_ms=4.89 queue_ms=5.81 gpu_ms=0.01 unpack_ms=0.14 total_ms=11.27
v5_service device=1 lane=2 class=2 jobs=1 rows=1567 cells=12894 reach=12775 reverse=12894 table_mib=1.0 mutable_mib=64.0 max_job_mib=65.5 oldest_ms=212.60 pack_ms=0.70 solve_ms=11.33
v5_device jobs=21 rows=6266 cells=80222 direct=true graph_reused=false upload_ms=1.69 capture_ms=4.63 queue_ms=33.53 gpu_ms=0.01 unpack_ms=0.76 total_ms=40.62
v5_service device=0 lane=0 class=0 jobs=21 rows=6266 cells=80222 reach=72859 reverse=80266 table_mib=4.6 mutable_mib=168.0 max_job_mib=8.7 oldest_ms=75.83 pack_ms=2.57 solve_ms=40.66
v5_device jobs=3 rows=695 cells=5316 direct=true graph_reused=false upload_ms=0.67 capture_ms=9.34 queue_ms=1.52 gpu_ms=0.01 unpack_ms=0.25 total_ms=11.78
v5_service device=1 lane=1 class=0 jobs=3 rows=695 cells=5316 reach=22729 reverse=23026 table_mib=0.9 mutable_mib=20.0 max_job_mib=8.6 oldest_ms=206.46 pack_ms=1.04 solve_ms=11.89
v5_device jobs=31 rows=24565 cells=468068 direct=true graph_reused=false upload_ms=12.26 capture_ms=3.43 queue_ms=94.39 gpu_ms=0.02 unpack_ms=4.68 total_ms=114.79
v5_service device=0 lane=1 class=1 jobs=31 rows=24565 cells=468068 reach=445962 reverse=468105 table_mib=23.2 mutable_mib=816.0 max_job_mib=34.5 oldest_ms=82.31 pack_ms=15.14 solve_ms=114.85
v5_device jobs=3 rows=7232 cells=52525 direct=true graph_reused=false upload_ms=2.62 capture_ms=5.91 queue_ms=8.75 gpu_ms=0.02 unpack_ms=0.54 total_ms=17.85
v5_service device=1 lane=0 class=2 jobs=3 rows=7232 cells=52525 reach=52594 reverse=52525 table_mib=4.0 mutable_mib=256.0 max_job_mib=130.4 oldest_ms=158.38 pack_ms=3.04 solve_ms=17.91
v5_device jobs=2 rows=58648 cells=649767 direct=true graph_reused=false upload_ms=25.73 capture_ms=3.31 queue_ms=118.79 gpu_ms=0.02 unpack_ms=7.50 total_ms=155.35
v5_service device=0 lane=2 class=3 jobs=2 rows=58648 cells=649767 reach=649843 reverse=649767 table_mib=41.2 mutable_mib=2048.0 max_job_mib=1059.8 oldest_ms=276.45 pack_ms=30.34 solve_ms=155.41
v5_device jobs=2 rows=480 cells=906 direct=true graph_reused=false upload_ms=0.54 capture_ms=4.89 queue_ms=2.66 gpu_ms=0.01 unpack_ms=0.10 total_ms=8.21
v5_service device=0 lane=1 class=0 jobs=2 rows=480 cells=906 reach=18476 reverse=18840 table_mib=0.7 mutable_mib=12.0 max_job_mib=8.6 oldest_ms=212.54 pack_ms=0.77 solve_ms=8.27
v5_device jobs=3 rows=1010 cells=14383 direct=true graph_reused=false upload_ms=0.44 capture_ms=4.97 queue_ms=2.09 gpu_ms=0.01 unpack_ms=0.21 total_ms=7.72
v5_service device=1 lane=0 class=0 jobs=3 rows=1010 cells=14383 reach=14451 reverse=14383 table_mib=0.8 mutable_mib=24.0 max_job_mib=8.6 oldest_ms=173.77 pack_ms=0.72 solve_ms=7.77
v5_device jobs=1 rows=1783 cells=23348 direct=true graph_reused=false upload_ms=0.75 capture_ms=5.44 queue_ms=4.84 gpu_ms=0.01 unpack_ms=0.16 total_ms=11.20
v5_service device=0 lane=1 class=2 jobs=1 rows=1783 cells=23348 reach=23389 reverse=23348 table_mib=1.4 mutable_mib=64.0 max_job_mib=66.3 oldest_ms=165.40 pack_ms=1.22 solve_ms=11.26
v5_device jobs=41 rows=29053 cells=472293 direct=true graph_reused=false upload_ms=16.59 capture_ms=3.65 queue_ms=95.11 gpu_ms=0.01 unpack_ms=3.89 total_ms=119.25
v5_service device=1 lane=2 class=1 jobs=41 rows=29053 cells=472293 reach=432863 reverse=472926 table_mib=24.8 mutable_mib=912.0 max_job_mib=34.3 oldest_ms=78.64 pack_ms=12.52 solve_ms=119.31
v5_device jobs=38 rows=28575 cells=379321 direct=true graph_reused=false upload_ms=10.72 capture_ms=5.11 queue_ms=65.06 gpu_ms=0.01 unpack_ms=3.83 total_ms=84.73
v5_service device=1 lane=0 class=1 jobs=38 rows=28575 cells=379321 reach=338307 reverse=379850 table_mib=21.5 mutable_mib=896.0 max_job_mib=34.2 oldest_ms=82.73 pack_ms=13.90 solve_ms=84.78
v5_device jobs=32 rows=21987 cells=365247 direct=true graph_reused=false upload_ms=18.10 capture_ms=4.87 queue_ms=94.59 gpu_ms=0.02 unpack_ms=3.93 total_ms=121.51
v5_service device=1 lane=1 class=1 jobs=32 rows=21987 cells=365247 reach=356567 reverse=365295 table_mib=19.1 mutable_mib=672.0 max_job_mib=33.8 oldest_ms=79.30 pack_ms=11.71 solve_ms=121.60
v5_device jobs=2 rows=649 cells=12502 direct=true graph_reused=false upload_ms=0.40 capture_ms=8.18 queue_ms=3.26 gpu_ms=0.01 unpack_ms=0.14 total_ms=11.99
v5_service device=1 lane=2 class=0 jobs=2 rows=649 cells=12502 reach=9836 reverse=12502 table_mib=0.6 mutable_mib=16.0 max_job_mib=8.6 oldest_ms=183.41 pack_ms=0.63 solve_ms=12.06
v5_device jobs=3 rows=952 cells=8238 direct=true graph_reused=false upload_ms=0.31 capture_ms=5.68 queue_ms=5.04 gpu_ms=0.01 unpack_ms=0.14 total_ms=11.18
v5_service device=1 lane=0 class=0 jobs=3 rows=952 cells=8238 reach=8226 reverse=8238 table_mib=0.6 mutable_mib=24.0 max_job_mib=8.4 oldest_ms=184.38 pack_ms=0.54 solve_ms=11.34
v5_device jobs=1 rows=1881 cells=26488 direct=true graph_reused=false upload_ms=0.96 capture_ms=10.73 queue_ms=1.18 gpu_ms=0.01 unpack_ms=0.18 total_ms=13.07
v5_service device=1 lane=1 class=2 jobs=1 rows=1881 cells=26488 reach=26516 reverse=26488 table_mib=1.5 mutable_mib=64.0 max_job_mib=66.1 oldest_ms=213.38 pack_ms=1.82 solve_ms=13.16
v5_device jobs=1 rows=340 cells=9910 direct=true graph_reused=false upload_ms=0.31 capture_ms=10.96 queue_ms=15.68 gpu_ms=0.01 unpack_ms=0.08 total_ms=27.05
v5_service device=1 lane=1 class=0 jobs=1 rows=340 cells=9910 reach=9949 reverse=9910 table_mib=0.4 mutable_mib=8.0 max_job_mib=8.7 oldest_ms=223.86 pack_ms=0.61 solve_ms=27.13
v5_device jobs=4 rows=6963 cells=47825 direct=true graph_reused=false upload_ms=2.03 capture_ms=5.45 queue_ms=24.45 gpu_ms=0.01 unpack_ms=0.51 total_ms=32.45
v5_service device=1 lane=0 class=2 jobs=4 rows=6963 cells=47825 reach=48400 reverse=48465 table_mib=3.8 mutable_mib=256.0 max_job_mib=65.6 oldest_ms=183.20 pack_ms=2.61 solve_ms=32.51
v5_device jobs=4 rows=10381 cells=88421 direct=true graph_reused=false upload_ms=3.17 capture_ms=6.22 queue_ms=20.69 gpu_ms=0.01 unpack_ms=0.88 total_ms=30.97
v5_service device=1 lane=2 class=2 jobs=4 rows=10381 cells=88421 reach=89010 reverse=89071 table_mib=6.3 mutable_mib=320.0 max_job_mib=130.7 oldest_ms=181.52 pack_ms=4.84 solve_ms=31.02
v5_device jobs=32 rows=23256 cells=461451 direct=true graph_reused=false upload_ms=12.03 capture_ms=3.50 queue_ms=125.99 gpu_ms=0.02 unpack_ms=3.93 total_ms=145.47
v5_service device=0 lane=1 class=1 jobs=32 rows=23256 cells=461451 reach=449226 reverse=461549 table_mib=22.7 mutable_mib=720.0 max_job_mib=34.0 oldest_ms=81.42 pack_ms=15.20 solve_ms=145.52
v5_device jobs=44 rows=31614 cells=491053 direct=true graph_reused=false upload_ms=15.66 capture_ms=3.87 queue_ms=141.89 gpu_ms=0.01 unpack_ms=4.38 total_ms=165.81
v5_service device=0 lane=2 class=1 jobs=44 rows=31614 cells=491053 reach=458257 reverse=491089 table_mib=26.2 mutable_mib=1008.0 max_job_mib=33.9 oldest_ms=82.13 pack_ms=15.46 solve_ms=165.87
v5_device jobs=1 rows=105 cells=1380 direct=true graph_reused=false upload_ms=0.15 capture_ms=4.53 queue_ms=1.72 gpu_ms=0.01 unpack_ms=0.05 total_ms=6.46
v5_service device=0 lane=1 class=0 jobs=1 rows=105 cells=1380 reach=1264 reverse=1380 table_mib=0.1 mutable_mib=4.0 max_job_mib=4.2 oldest_ms=220.09 pack_ms=0.14 solve_ms=6.51
v5_device jobs=40 rows=87360 cells=1022915 direct=true graph_reused=false upload_ms=63.84 capture_ms=14.65 queue_ms=171.78 gpu_ms=0.02 unpack_ms=10.19 total_ms=260.48
v5_service device=0 lane=0 class=2 jobs=40 rows=87360 cells=1022915 reach=957597 reverse=1023514 table_mib=60.5 mutable_mib=2944.0 max_job_mib=135.5 oldest_ms=131.25 pack_ms=36.89 solve_ms=260.54
v5_device jobs=1 rows=3404 cells=21752 direct=true graph_reused=false upload_ms=1.25 capture_ms=6.45 queue_ms=12.81 gpu_ms=0.02 unpack_ms=0.25 total_ms=20.77
v5_service device=0 lane=2 class=2 jobs=1 rows=3404 cells=21752 reach=21776 reverse=21752 table_mib=1.8 mutable_mib=128.0 max_job_mib=130.5 oldest_ms=267.38 pack_ms=1.91 solve_ms=20.86
v5_device jobs=2 rows=4493 cells=61354 direct=true graph_reused=false upload_ms=1.76 capture_ms=3.56 queue_ms=11.65 gpu_ms=0.01 unpack_ms=0.56 total_ms=17.53
v5_service device=0 lane=1 class=2 jobs=2 rows=4493 cells=61354 reach=61415 reverse=61354 table_mib=3.4 mutable_mib=128.0 max_job_mib=66.7 oldest_ms=203.70 pack_ms=2.46 solve_ms=17.58
v5_device jobs=4 rows=1100 cells=9170 direct=true graph_reused=false upload_ms=0.63 capture_ms=5.07 queue_ms=2.85 gpu_ms=0.01 unpack_ms=0.17 total_ms=8.74
v5_service device=0 lane=2 class=0 jobs=4 rows=1100 cells=9170 reach=11871 reverse=12040 table_mib=0.8 mutable_mib=26.0 max_job_mib=8.4 oldest_ms=271.87 pack_ms=1.04 solve_ms=8.81
v5_device jobs=1 rows=36197 cells=276617 direct=true graph_reused=false upload_ms=16.29 capture_ms=4.07 queue_ms=48.04 gpu_ms=0.02 unpack_ms=3.46 total_ms=71.88
v5_service device=0 lane=2 class=3 jobs=1 rows=36197 cells=276617 reach=276646 reverse=276617 table_mib=21.4 mutable_mib=1024.0 max_job_mib=1056.9 oldest_ms=277.02 pack_ms=14.29 solve_ms=71.94
v5_device jobs=27 rows=19087 cells=301484 direct=true graph_reused=false upload_ms=8.29 capture_ms=4.04 queue_ms=60.88 gpu_ms=0.01 unpack_ms=2.21 total_ms=75.44
v5_service device=1 lane=1 class=1 jobs=27 rows=19087 cells=301484 reach=288154 reverse=301531 table_mib=15.9 mutable_mib=560.0 max_job_mib=34.6 oldest_ms=82.91 pack_ms=13.87 solve_ms=75.50
v5_device jobs=1 rows=3332 cells=49875 direct=true graph_reused=false upload_ms=1.26 capture_ms=4.54 queue_ms=18.96 gpu_ms=0.01 unpack_ms=0.36 total_ms=25.13
v5_service device=1 lane=1 class=2 jobs=1 rows=3332 cells=49875 reach=49913 reverse=49875 table_mib=2.8 mutable_mib=128.0 max_job_mib=132.5 oldest_ms=146.31 pack_ms=2.21 solve_ms=25.19
v5_device jobs=32 rows=22768 cells=413678 direct=true graph_reused=false upload_ms=12.94 capture_ms=3.50 queue_ms=38.99 gpu_ms=0.02 unpack_ms=3.88 total_ms=59.32
v5_service device=0 lane=1 class=1 jobs=32 rows=22768 cells=413678 reach=403392 reverse=413741 table_mib=21.0 mutable_mib=704.0 max_job_mib=34.1 oldest_ms=78.88 pack_ms=11.96 solve_ms=59.36
v5_device jobs=36 rows=26951 cells=433081 direct=true graph_reused=false upload_ms=14.76 capture_ms=4.83 queue_ms=89.08 gpu_ms=0.02 unpack_ms=4.40 total_ms=113.10
v5_service device=1 lane=2 class=1 jobs=36 rows=26951 cells=433081 reach=398197 reverse=433733 table_mib=22.9 mutable_mib=816.0 max_job_mib=34.0 oldest_ms=81.58 pack_ms=15.23 solve_ms=113.15
v5_device jobs=5 rows=1350 cells=16739 direct=true graph_reused=false upload_ms=0.50 capture_ms=3.89 queue_ms=4.79 gpu_ms=0.01 unpack_ms=0.23 total_ms=9.41
v5_service device=0 lane=1 class=0 jobs=5 rows=1350 cells=16739 reach=16856 reverse=16739 table_mib=1.0 mutable_mib=36.0 max_job_mib=8.6 oldest_ms=150.20 pack_ms=0.73 solve_ms=9.48
v5_device jobs=37 rows=29595 cells=442849 direct=true graph_reused=false upload_ms=18.32 capture_ms=5.88 queue_ms=88.61 gpu_ms=0.03 unpack_ms=5.07 total_ms=117.91
v5_service device=1 lane=0 class=1 jobs=37 rows=29595 cells=442849 reach=408423 reverse=443535 table_mib=23.7 mutable_mib=912.0 max_job_mib=34.0 oldest_ms=80.03 pack_ms=18.76 solve_ms=117.99
v5_device jobs=6 rows=1865 cells=28570 direct=true graph_reused=false upload_ms=0.88 capture_ms=5.42 queue_ms=6.68 gpu_ms=0.01 unpack_ms=0.36 total_ms=13.35
v5_service device=1 lane=2 class=0 jobs=6 rows=1865 cells=28570 reach=26514 reverse=28771 table_mib=1.6 mutable_mib=48.0 max_job_mib=8.6 oldest_ms=211.44 pack_ms=1.47 solve_ms=13.41
v5_device jobs=4 rows=1092 cells=22084 direct=true graph_reused=false upload_ms=0.67 capture_ms=7.31 queue_ms=1.46 gpu_ms=0.01 unpack_ms=0.29 total_ms=9.74
v5_service device=1 lane=0 class=0 jobs=4 rows=1092 cells=22084 reach=18691 reverse=22084 table_mib=1.0 mutable_mib=32.0 max_job_mib=8.7 oldest_ms=222.35 pack_ms=1.17 solve_ms=9.84
v5_device jobs=2 rows=3948 cells=49808 direct=true graph_reused=false upload_ms=1.44 capture_ms=4.13 queue_ms=11.11 gpu_ms=0.01 unpack_ms=0.40 total_ms=17.09
v5_service device=1 lane=2 class=2 jobs=2 rows=3948 cells=49808 reach=50036 reverse=49968 table_mib=2.9 mutable_mib=128.0 max_job_mib=67.0 oldest_ms=220.49 pack_ms=2.01 solve_ms=17.14
v5_device jobs=4 rows=8944 cells=118950 direct=true graph_reused=false upload_ms=3.61 capture_ms=5.76 queue_ms=11.91 gpu_ms=0.01 unpack_ms=0.80 total_ms=22.10
v5_service device=1 lane=0 class=2 jobs=4 rows=8944 cells=118950 reach=100692 reverse=118964 table_mib=6.4 mutable_mib=256.0 max_job_mib=68.4 oldest_ms=234.04 pack_ms=6.03 solve_ms=22.16
v5_device jobs=6 rows=12785 cells=255897 direct=true graph_reused=false upload_ms=11.00 capture_ms=3.70 queue_ms=50.62 gpu_ms=0.02 unpack_ms=2.05 total_ms=67.39
v5_service device=0 lane=1 class=2 jobs=6 rows=12785 cells=255897 reach=221557 reverse=256641 table_mib=11.9 mutable_mib=448.0 max_job_mib=135.0 oldest_ms=153.84 pack_ms=9.44 solve_ms=67.46
v5_device jobs=29 rows=21156 cells=385656 direct=true graph_reused=false upload_ms=12.23 capture_ms=4.08 queue_ms=37.06 gpu_ms=0.02 unpack_ms=3.72 total_ms=57.11
v5_service device=0 lane=2 class=1 jobs=29 rows=21156 cells=385656 reach=343194 reverse=385890 table_mib=18.9 mutable_mib=672.0 max_job_mib=34.1 oldest_ms=80.67 pack_ms=15.60 solve_ms=57.17
v5_device jobs=5 rows=1553 cells=21274 direct=true graph_reused=false upload_ms=0.85 capture_ms=7.30 queue_ms=4.43 gpu_ms=0.01 unpack_ms=0.30 total_ms=12.89
v5_service device=0 lane=2 class=0 jobs=5 rows=1553 cells=21274 reach=30258 reverse=33174 table_mib=1.5 mutable_mib=40.0 max_job_mib=8.6 oldest_ms=153.33 pack_ms=1.61 solve_ms=12.96
v5_device jobs=8 rows=21912 cells=338700 direct=true graph_reused=false upload_ms=12.61 capture_ms=5.41 queue_ms=31.63 gpu_ms=0.02 unpack_ms=2.81 total_ms=52.48
v5_service device=1 lane=1 class=2 jobs=8 rows=21912 cells=338700 reach=338958 reverse=338700 table_mib=17.7 mutable_mib=704.0 max_job_mib=133.2 oldest_ms=78.52 pack_ms=9.59 solve_ms=52.54
v5_device jobs=42 rows=32589 cells=538211 direct=true graph_reused=false upload_ms=16.64 capture_ms=4.17 queue_ms=89.18 gpu_ms=0.01 unpack_ms=3.31 total_ms=113.31
v5_service device=1 lane=2 class=1 jobs=42 rows=32589 cells=538211 reach=492519 reverse=538888 table_mib=27.7 mutable_mib=992.0 max_job_mib=34.4 oldest_ms=83.22 pack_ms=20.27 solve_ms=113.35
v5_device jobs=39 rows=30433 cells=421230 direct=true graph_reused=false upload_ms=17.09 capture_ms=4.92 queue_ms=86.37 gpu_ms=0.02 unpack_ms=4.21 total_ms=112.60
v5_service device=1 lane=0 class=1 jobs=39 rows=30433 cells=421230 reach=413364 reverse=421524 table_mib=23.6 mutable_mib=912.0 max_job_mib=33.9 oldest_ms=79.47 pack_ms=18.74 solve_ms=112.66
v5_device jobs=2 rows=687 cells=9560 direct=true graph_reused=false upload_ms=0.28 capture_ms=3.83 queue_ms=2.99 gpu_ms=0.01 unpack_ms=0.10 total_ms=7.21
v5_service device=1 lane=2 class=0 jobs=2 rows=687 cells=9560 reach=9628 reverse=9560 table_mib=0.6 mutable_mib=16.0 max_job_mib=8.6 oldest_ms=218.08 pack_ms=0.38 solve_ms=7.25
v5_device jobs=30 rows=22603 cells=389617 direct=true graph_reused=false upload_ms=14.00 capture_ms=4.87 queue_ms=94.50 gpu_ms=0.04 unpack_ms=4.23 total_ms=117.64
v5_service device=1 lane=1 class=1 jobs=30 rows=22603 cells=389617 reach=374533 reverse=389631 table_mib=19.9 mutable_mib=704.0 max_job_mib=34.2 oldest_ms=144.57 pack_ms=15.77 solve_ms=117.73
v5_device jobs=3 rows=9073 cells=79308 direct=true graph_reused=false upload_ms=2.18 capture_ms=4.14 queue_ms=16.32 gpu_ms=0.01 unpack_ms=0.50 total_ms=23.15
v5_service device=1 lane=2 class=2 jobs=3 rows=9073 cells=79308 reach=79478 reverse=79411 table_mib=5.3 mutable_mib=256.0 max_job_mib=132.6 oldest_ms=224.19 pack_ms=2.77 solve_ms=23.21
v5_device jobs=4 rows=1272 cells=23515 direct=true graph_reused=false upload_ms=0.89 capture_ms=11.14 queue_ms=3.51 gpu_ms=0.01 unpack_ms=0.27 total_ms=15.82
v5_service device=1 lane=1 class=0 jobs=4 rows=1272 cells=23515 reach=23662 reverse=23515 table_mib=1.2 mutable_mib=32.0 max_job_mib=8.7 oldest_ms=257.83 pack_ms=1.73 solve_ms=15.90
v5_device jobs=5 rows=1540 cells=42211 direct=true graph_reused=false upload_ms=1.62 capture_ms=8.62 queue_ms=13.81 gpu_ms=0.02 unpack_ms=0.44 total_ms=24.51
v5_service device=1 lane=0 class=0 jobs=5 rows=1540 cells=42211 reach=33453 reverse=42211 table_mib=1.8 mutable_mib=40.0 max_job_mib=8.7 oldest_ms=212.86 pack_ms=2.04 solve_ms=24.58
v5_device jobs=1 rows=21360 cells=107776 direct=true graph_reused=false upload_ms=5.99 capture_ms=3.91 queue_ms=55.42 gpu_ms=0.01 unpack_ms=1.41 total_ms=66.73
v5_service device=1 lane=2 class=3 jobs=1 rows=21360 cells=107776 reach=107712 reverse=107776 table_mib=12.2 mutable_mib=512.0 max_job_mib=534.5 oldest_ms=246.16 pack_ms=6.88 solve_ms=66.78
v5_device jobs=4 rows=10175 cells=120038 direct=true graph_reused=false upload_ms=4.40 capture_ms=6.72 queue_ms=55.84 gpu_ms=0.01 unpack_ms=0.97 total_ms=67.94
v5_service device=1 lane=0 class=2 jobs=4 rows=10175 cells=120038 reach=115942 reverse=121841 table_mib=7.1 mutable_mib=320.0 max_job_mib=130.9 oldest_ms=232.55 pack_ms=6.57 solve_ms=68.02
v5_device jobs=1 rows=17145 cells=372942 direct=true graph_reused=false upload_ms=10.68 capture_ms=5.11 queue_ms=52.15 gpu_ms=0.01 unpack_ms=1.94 total_ms=69.90
v5_service device=1 lane=1 class=3 jobs=1 rows=17145 cells=372942 reach=372991 reverse=372942 table_mib=17.2 mutable_mib=512.0 max_job_mib=538.3 oldest_ms=229.99 pack_ms=14.08 solve_ms=69.97
v5_device jobs=6 rows=11713 cells=198781 direct=true graph_reused=false upload_ms=30.41 capture_ms=4.19 queue_ms=245.79 gpu_ms=0.01 unpack_ms=1.25 total_ms=281.64
v5_service device=0 lane=2 class=2 jobs=6 rows=11713 cells=198781 reach=175297 reverse=198848 table_mib=9.9 mutable_mib=384.0 max_job_mib=68.0 oldest_ms=164.47 pack_ms=8.36 solve_ms=281.70
v5_device jobs=51 rows=35635 cells=397650 direct=true graph_reused=false upload_ms=13.52 capture_ms=3.51 queue_ms=206.02 gpu_ms=0.01 unpack_ms=3.58 total_ms=226.64
v5_service device=0 lane=1 class=1 jobs=51 rows=35635 cells=397650 reach=379852 reverse=397982 table_mib=24.3 mutable_mib=1120.0 max_job_mib=33.7 oldest_ms=81.38 pack_ms=13.39 solve_ms=226.68
v5_device jobs=5 rows=17722 cells=169188 direct=true graph_reused=false upload_ms=7.46 capture_ms=4.61 queue_ms=21.51 gpu_ms=0.01 unpack_ms=1.29 total_ms=34.89
v5_service device=0 lane=1 class=2 jobs=5 rows=17722 cells=169188 reach=170123 reverse=170008 table_mib=10.9 mutable_mib=640.0 max_job_mib=260.3 oldest_ms=336.96 pack_ms=7.71 solve_ms=34.97
v5_device jobs=18 rows=5362 cells=88557 direct=true graph_reused=false upload_ms=1.85 capture_ms=3.93 queue_ms=14.16 gpu_ms=0.01 unpack_ms=0.76 total_ms=20.70
v5_service device=1 lane=1 class=0 jobs=18 rows=5362 cells=88557 reach=78994 reverse=91368 table_mib=4.7 mutable_mib=138.0 max_job_mib=8.7 oldest_ms=76.03 pack_ms=3.00 solve_ms=20.79
v5_device jobs=256 rows=188387 cells=2842490 direct=true graph_reused=false upload_ms=167.86 capture_ms=4.31 queue_ms=357.14 gpu_ms=0.02 unpack_ms=29.48 total_ms=558.81
v5_service device=0 lane=0 class=1 jobs=256 rows=188387 cells=2842490 reach=2545226 reverse=2844968 table_mib=151.3 mutable_mib=5744.0 max_job_mib=34.6 oldest_ms=461.15 pack_ms=121.56 solve_ms=558.87
v5_device jobs=44 rows=32545 cells=454630 direct=true graph_reused=false upload_ms=13.98 capture_ms=4.15 queue_ms=66.50 gpu_ms=0.01 unpack_ms=3.95 total_ms=88.59
v5_service device=1 lane=2 class=1 jobs=44 rows=32545 cells=454630 reach=421470 reverse=454771 table_mib=25.2 mutable_mib=1024.0 max_job_mib=34.5 oldest_ms=79.29 pack_ms=12.84 solve_ms=88.63
v5_device jobs=37 rows=25475 cells=392136 direct=true graph_reused=false upload_ms=14.83 capture_ms=5.55 queue_ms=62.54 gpu_ms=0.01 unpack_ms=4.47 total_ms=87.41
v5_service device=1 lane=0 class=1 jobs=37 rows=25475 cells=392136 reach=355411 reverse=393276 table_mib=20.7 mutable_mib=752.0 max_job_mib=34.5 oldest_ms=77.36 pack_ms=12.24 solve_ms=87.47
v5_device jobs=39 rows=28834 cells=360708 direct=true graph_reused=false upload_ms=13.91 capture_ms=3.61 queue_ms=43.15 gpu_ms=0.03 unpack_ms=5.13 total_ms=65.83
v5_service device=0 lane=2 class=1 jobs=39 rows=28834 cells=360708 reach=340163 reverse=360963 table_mib=21.1 mutable_mib=864.0 max_job_mib=33.7 oldest_ms=79.32 pack_ms=13.43 solve_ms=65.91
v5_device jobs=3 rows=7772 cells=96016 direct=true graph_reused=false upload_ms=4.54 capture_ms=7.86 queue_ms=39.93 gpu_ms=0.03 unpack_ms=1.08 total_ms=53.43
v5_service device=1 lane=0 class=2 jobs=3 rows=7772 cells=96016 reach=90489 reverse=96016 table_mib=5.5 mutable_mib=256.0 max_job_mib=130.8 oldest_ms=162.74 pack_ms=5.33 solve_ms=53.53
v5_device jobs=8 rows=21305 cells=299060 direct=true graph_reused=false upload_ms=11.34 capture_ms=4.52 queue_ms=33.18 gpu_ms=0.02 unpack_ms=3.21 total_ms=52.28
v5_service device=1 lane=2 class=2 jobs=8 rows=21305 cells=299060 reach=281161 reverse=299072 table_mib=16.1 mutable_mib=640.0 max_job_mib=132.6 oldest_ms=189.26 pack_ms=10.29 solve_ms=52.34
v5_device jobs=4 rows=1231 cells=16852 direct=true graph_reused=false upload_ms=0.52 capture_ms=4.13 queue_ms=3.75 gpu_ms=0.02 unpack_ms=0.28 total_ms=8.70
v5_service device=1 lane=2 class=0 jobs=4 rows=1231 cells=16852 reach=15292 reverse=16852 table_mib=1.0 mutable_mib=32.0 max_job_mib=8.6 oldest_ms=251.69 pack_ms=0.76 solve_ms=8.77
v5_device jobs=2 rows=73694 cells=565193 direct=true graph_reused=false upload_ms=53.01 capture_ms=6.65 queue_ms=78.24 gpu_ms=0.03 unpack_ms=7.06 total_ms=144.99
v5_service device=0 lane=1 class=3 jobs=2 rows=73694 cells=565193 reach=565250 reverse=565193 table_mib=40.9 mutable_mib=2560.0 max_job_mib=2088.5 oldest_ms=384.96 pack_ms=29.03 solve_ms=145.05
v5_device jobs=7 rows=2174 cells=22701 direct=true graph_reused=false upload_ms=0.82 capture_ms=5.12 queue_ms=5.88 gpu_ms=0.02 unpack_ms=0.49 total_ms=12.33
v5_service device=0 lane=1 class=0 jobs=7 rows=2174 cells=22701 reach=22778 reverse=22701 table_mib=1.5 mutable_mib=56.0 max_job_mib=8.6 oldest_ms=557.34 pack_ms=1.07 solve_ms=12.40
v5_device jobs=2 rows=5667 cells=56124 direct=true graph_reused=false upload_ms=2.79 capture_ms=6.83 queue_ms=49.10 gpu_ms=0.03 unpack_ms=30.61 total_ms=89.36
v5_service device=0 lane=2 class=2 jobs=2 rows=5667 cells=56124 reach=56194 reverse=56138 table_mib=3.7 mutable_mib=192.0 max_job_mib=132.4 oldest_ms=162.70 pack_ms=3.68 solve_ms=89.40
v5_device jobs=3 rows=951 cells=14062 direct=true graph_reused=false upload_ms=0.75 capture_ms=8.70 queue_ms=0.94 gpu_ms=0.01 unpack_ms=0.25 total_ms=10.64
v5_service device=0 lane=2 class=0 jobs=3 rows=951 cells=14062 reach=14159 reverse=14062 table_mib=0.8 mutable_mib=24.0 max_job_mib=8.6 oldest_ms=255.96 pack_ms=1.24 solve_ms=10.74
v5_device jobs=1 rows=33831 cells=444500 direct=true graph_reused=false upload_ms=23.64 capture_ms=4.34 queue_ms=43.51 gpu_ms=0.03 unpack_ms=4.48 total_ms=76.00
v5_service device=1 lane=0 class=3 jobs=1 rows=33831 cells=444500 reach=444533 reverse=444500 table_mib=24.6 mutable_mib=1024.0 max_job_mib=1060.5 oldest_ms=201.13 pack_ms=26.64 solve_ms=76.07
v5_device jobs=2 rows=526 cells=5085 direct=true graph_reused=false upload_ms=0.29 capture_ms=4.25 queue_ms=1.02 gpu_ms=0.01 unpack_ms=0.11 total_ms=5.68
v5_service device=1 lane=0 class=0 jobs=2 rows=526 cells=5085 reach=5130 reverse=5085 table_mib=0.3 mutable_mib=16.0 max_job_mib=8.2 oldest_ms=286.63 pack_ms=0.45 solve_ms=5.74
v5_device jobs=12 rows=3728 cells=71172 direct=true graph_reused=false upload_ms=1.42 capture_ms=3.81 queue_ms=41.59 gpu_ms=0.01 unpack_ms=0.56 total_ms=47.39
v5_service device=0 lane=1 class=0 jobs=12 rows=3728 cells=71172 reach=56588 reverse=71172 table_mib=3.4 mutable_mib=96.0 max_job_mib=8.8 oldest_ms=75.67 pack_ms=2.04 solve_ms=47.44
v5_device jobs=1 rows=60310 cells=322775 direct=true graph_reused=false upload_ms=24.57 capture_ms=3.98 queue_ms=65.38 gpu_ms=0.03 unpack_ms=5.80 total_ms=99.75
v5_service device=0 lane=2 class=3 jobs=1 rows=60310 cells=322775 reach=322799 reverse=322775 table_mib=29.5 mutable_mib=2048.0 max_job_mib=2089.1 oldest_ms=195.11 pack_ms=24.33 solve_ms=99.84
v5_device jobs=12 rows=35602 cells=464655 direct=true graph_reused=false upload_ms=18.66 capture_ms=4.06 queue_ms=50.43 gpu_ms=0.02 unpack_ms=4.90 total_ms=78.07
v5_service device=1 lane=2 class=2 jobs=12 rows=35602 cells=464655 reach=459264 reverse=465285 table_mib=26.3 mutable_mib=1216.0 max_job_mib=270.3 oldest_ms=82.59 pack_ms=17.83 solve_ms=78.14
v5_device jobs=23 rows=16946 cells=241838 direct=true graph_reused=false upload_ms=6.42 capture_ms=3.77 queue_ms=25.50 gpu_ms=0.01 unpack_ms=1.93 total_ms=37.64
v5_service device=1 lane=2 class=1 jobs=23 rows=16946 cells=241838 reach=219308 reverse=241838 table_mib=13.2 mutable_mib=528.0 max_job_mib=34.0 oldest_ms=183.04 pack_ms=8.24 solve_ms=37.69
v5_device jobs=40 rows=28075 cells=376017 direct=true graph_reused=false upload_ms=41.11 capture_ms=4.35 queue_ms=209.45 gpu_ms=0.02 unpack_ms=2.95 total_ms=257.87
v5_service device=1 lane=0 class=1 jobs=40 rows=28075 cells=376017 reach=337193 reverse=376438 table_mib=21.0 mutable_mib=864.0 max_job_mib=33.7 oldest_ms=81.47 pack_ms=14.53 solve_ms=257.93
v5_device jobs=43 rows=31913 cells=479936 direct=true graph_reused=false upload_ms=15.48 capture_ms=4.49 queue_ms=182.05 gpu_ms=0.01 unpack_ms=3.97 total_ms=206.00
v5_service device=0 lane=2 class=1 jobs=43 rows=31913 cells=479936 reach=433797 reverse=480275 table_mib=25.2 mutable_mib=992.0 max_job_mib=34.8 oldest_ms=81.07 pack_ms=16.11 solve_ms=206.05
v5_device jobs=3 rows=882 cells=8334 direct=true graph_reused=false upload_ms=0.37 capture_ms=5.73 queue_ms=17.38 gpu_ms=0.01 unpack_ms=0.15 total_ms=23.63
v5_service device=0 lane=2 class=0 jobs=3 rows=882 cells=8334 reach=8272 reverse=8334 table_mib=0.6 mutable_mib=24.0 max_job_mib=8.4 oldest_ms=313.07 pack_ms=0.57 solve_ms=23.70
v5_device jobs=3 rows=949 cells=17919 direct=true graph_reused=false upload_ms=0.59 capture_ms=7.85 queue_ms=42.53 gpu_ms=0.01 unpack_ms=0.23 total_ms=51.20
v5_service device=1 lane=0 class=0 jobs=3 rows=949 cells=17919 reach=15683 reverse=17919 table_mib=0.9 mutable_mib=24.0 max_job_mib=8.8 oldest_ms=354.01 pack_ms=1.06 solve_ms=51.30
v5_device jobs=1 rows=19552 cells=343751 direct=true graph_reused=false upload_ms=10.43 capture_ms=4.72 queue_ms=263.80 gpu_ms=0.02 unpack_ms=2.92 total_ms=281.89
v5_service device=1 lane=2 class=3 jobs=1 rows=19552 cells=343751 reach=343798 reverse=343751 table_mib=17.2 mutable_mib=512.0 max_job_mib=538.4 oldest_ms=229.44 pack_ms=10.64 solve_ms=281.94
v5_device jobs=25 rows=52884 cells=721111 direct=true graph_reused=false upload_ms=58.48 capture_ms=4.22 queue_ms=261.61 gpu_ms=0.02 unpack_ms=5.87 total_ms=330.19
v5_service device=0 lane=1 class=2 jobs=25 rows=52884 cells=721111 reach=658113 reverse=722061 table_mib=39.0 mutable_mib=1728.0 max_job_mib=130.7 oldest_ms=140.40 pack_ms=28.03 solve_ms=330.28
v5_device jobs=1 rows=255 cells=11482 direct=true graph_reused=false upload_ms=0.24 capture_ms=4.25 queue_ms=1.96 gpu_ms=0.01 unpack_ms=0.05 total_ms=6.51
v5_service device=1 lane=2 class=0 jobs=1 rows=255 cells=11482 reach=7972 reverse=11482 table_mib=0.4 mutable_mib=8.0 max_job_mib=8.6 oldest_ms=514.26 pack_ms=0.38 solve_ms=6.56
v5_device jobs=5 rows=11452 cells=141340 direct=true graph_reused=false upload_ms=4.93 capture_ms=5.30 queue_ms=16.71 gpu_ms=0.01 unpack_ms=1.07 total_ms=28.03
v5_service device=0 lane=2 class=2 jobs=5 rows=11452 cells=141340 reach=127824 reverse=141373 table_mib=8.1 mutable_mib=384.0 max_job_mib=130.5 oldest_ms=334.23 pack_ms=6.28 solve_ms=28.10
v5_device jobs=6 rows=11571 cells=122289 direct=true graph_reused=false upload_ms=4.86 capture_ms=8.25 queue_ms=13.88 gpu_ms=0.02 unpack_ms=1.17 total_ms=28.18
v5_service device=1 lane=0 class=2 jobs=6 rows=11571 cells=122289 reach=114775 reverse=122289 table_mib=7.5 mutable_mib=384.0 max_job_mib=67.4 oldest_ms=406.22 pack_ms=7.34 solve_ms=28.27
v5_device jobs=7 rows=199658 cells=1457175 direct=true graph_reused=false upload_ms=151.25 capture_ms=4.19 queue_ms=350.52 gpu_ms=0.02 unpack_ms=41.78 total_ms=547.76
v5_service device=0 lane=0 class=3 jobs=7 rows=199658 cells=1457175 reach=1457508 reverse=1457581 table_mib=112.9 mutable_mib=6656.0 max_job_mib=1057.6 oldest_ms=1178.84 pack_ms=87.08 solve_ms=547.83
v5_device jobs=215 rows=157565 cells=2178460 direct=true graph_reused=false upload_ms=168.90 capture_ms=7.56 queue_ms=345.73 gpu_ms=0.02 unpack_ms=25.41 total_ms=547.62
v5_service device=1 lane=1 class=1 jobs=215 rows=157565 cells=2178460 reach=2007425 reverse=2181091 table_mib=120.9 mutable_mib=4832.0 max_job_mib=34.6 oldest_ms=136.69 pack_ms=196.18 solve_ms=547.68
v5_device jobs=1 rows=40062 cells=629438 direct=true graph_reused=false upload_ms=22.27 capture_ms=3.41 queue_ms=55.47 gpu_ms=0.04 unpack_ms=5.77 total_ms=86.96
v5_service device=0 lane=2 class=3 jobs=1 rows=40062 cells=629438 reach=629463 reverse=629438 table_mib=32.0 mutable_mib=1024.0 max_job_mib=1069.8 oldest_ms=358.18 pack_ms=21.92 solve_ms=87.04
v5_device jobs=7 rows=24601 cells=236167 direct=true graph_reused=false upload_ms=11.90 capture_ms=4.08 queue_ms=33.11 gpu_ms=0.02 unpack_ms=2.97 total_ms=52.08
v5_service device=1 lane=2 class=2 jobs=7 rows=24601 cells=236167 reach=229435 reverse=236227 table_mib=15.4 mutable_mib=704.0 max_job_mib=132.4 oldest_ms=76.89 pack_ms=9.39 solve_ms=52.15
v5_device jobs=47 rows=31729 cells=494683 direct=true graph_reused=false upload_ms=17.93 capture_ms=3.75 queue_ms=47.28 gpu_ms=0.02 unpack_ms=5.36 total_ms=74.34
v5_service device=0 lane=0 class=1 jobs=47 rows=31729 cells=494683 reach=430796 reverse=494799 table_mib=25.7 mutable_mib=976.0 max_job_mib=35.2 oldest_ms=1774.18 pack_ms=15.21 solve_ms=74.39
v5_device jobs=38 rows=29189 cells=377495 direct=true graph_reused=false upload_ms=23.39 capture_ms=4.50 queue_ms=40.55 gpu_ms=0.03 unpack_ms=5.79 total_ms=74.27
v5_service device=1 lane=0 class=1 jobs=38 rows=29189 cells=377495 reach=339518 reverse=377696 table_mib=21.2 mutable_mib=896.0 max_job_mib=34.1 oldest_ms=81.05 pack_ms=21.52 solve_ms=74.35
v5_device jobs=4 rows=1194 cells=11196 direct=true graph_reused=false upload_ms=0.85 capture_ms=9.90 queue_ms=97.81 gpu_ms=0.01 unpack_ms=0.24 total_ms=108.81
v5_service device=1 lane=0 class=0 jobs=4 rows=1194 cells=11196 reach=11292 reverse=11196 table_mib=0.8 mutable_mib=32.0 max_job_mib=8.3 oldest_ms=198.71 pack_ms=1.27 solve_ms=108.89
v5_device jobs=2 rows=3275 cells=22258 direct=true graph_reused=false upload_ms=1.27 capture_ms=4.04 queue_ms=6.96 gpu_ms=0.01 unpack_ms=0.47 total_ms=12.74
v5_service device=1 lane=0 class=2 jobs=2 rows=3275 cells=22258 reach=22189 reverse=22258 table_mib=1.8 mutable_mib=128.0 max_job_mib=65.6 oldest_ms=295.49 pack_ms=1.91 solve_ms=12.86
v5_device jobs=54 rows=41004 cells=588194 direct=true graph_reused=false upload_ms=44.81 capture_ms=3.92 queue_ms=124.25 gpu_ms=0.02 unpack_ms=7.28 total_ms=180.28
v5_service device=1 lane=2 class=1 jobs=54 rows=41004 cells=588194 reach=536665 reverse=588242 table_mib=32.1 mutable_mib=1248.0 max_job_mib=34.6 oldest_ms=146.89 pack_ms=27.36 solve_ms=180.33
v5_device jobs=23 rows=56543 cells=699154 direct=true graph_reused=false upload_ms=56.38 capture_ms=5.95 queue_ms=80.83 gpu_ms=0.01 unpack_ms=8.02 total_ms=151.20
v5_service device=1 lane=1 class=2 jobs=23 rows=56543 cells=699154 reach=656523 reverse=700009 table_mib=40.6 mutable_mib=1920.0 max_job_mib=134.6 oldest_ms=948.07 pack_ms=39.14 solve_ms=151.31
v5_device jobs=7 rows=1931 cells=22421 direct=true graph_reused=false upload_ms=0.75 capture_ms=6.24 queue_ms=3.99 gpu_ms=0.01 unpack_ms=26.54 total_ms=37.53
v5_service device=1 lane=2 class=0 jobs=7 rows=1931 cells=22421 reach=26288 reverse=30443 table_mib=1.5 mutable_mib=56.0 max_job_mib=8.7 oldest_ms=367.32 pack_ms=1.38 solve_ms=37.58
v5_device jobs=37 rows=23964 cells=285095 direct=true graph_reused=false upload_ms=12.28 capture_ms=4.49 queue_ms=147.37 gpu_ms=0.01 unpack_ms=2.42 total_ms=166.57
v5_service device=0 lane=0 class=1 jobs=37 rows=23964 cells=285095 reach=265211 reverse=285485 table_mib=16.9 mutable_mib=720.0 max_job_mib=33.3 oldest_ms=81.35 pack_ms=13.24 solve_ms=166.62
v5_device jobs=33 rows=25452 cells=423181 direct=true graph_reused=false upload_ms=29.70 capture_ms=3.86 queue_ms=167.54 gpu_ms=0.02 unpack_ms=5.64 total_ms=206.77
v5_service device=0 lane=2 class=1 jobs=33 rows=25452 cells=423181 reach=376243 reverse=423382 table_mib=22.0 mutable_mib=752.0 max_job_mib=33.9 oldest_ms=82.54 pack_ms=38.84 solve_ms=206.85
v5_device jobs=1 rows=2592 cells=16244 direct=true graph_reused=false upload_ms=0.78 capture_ms=3.68 queue_ms=10.02 gpu_ms=0.01 unpack_ms=0.13 total_ms=14.62
v5_service device=0 lane=2 class=2 jobs=1 rows=2592 cells=16244 reach=16269 reverse=16244 table_mib=1.3 mutable_mib=64.0 max_job_mib=65.9 oldest_ms=305.72 pack_ms=1.04 solve_ms=14.67
v5_device jobs=4 rows=1164 cells=28646 direct=true graph_reused=false upload_ms=0.82 capture_ms=6.79 queue_ms=16.04 gpu_ms=0.01 unpack_ms=0.25 total_ms=23.90
v5_service device=0 lane=0 class=0 jobs=4 rows=1164 cells=28646 reach=22370 reverse=28646 table_mib=1.3 mutable_mib=32.0 max_job_mib=8.7 oldest_ms=273.71 pack_ms=2.25 solve_ms=23.98
v5_device jobs=1 rows=11976 cells=348234 direct=true graph_reused=false upload_ms=7.30 capture_ms=5.52 queue_ms=54.81 gpu_ms=0.02 unpack_ms=2.06 total_ms=69.71
v5_service device=1 lane=2 class=3 jobs=1 rows=11976 cells=348234 reach=266973 reverse=348277 table_mib=14.2 mutable_mib=512.0 max_job_mib=533.1 oldest_ms=365.83 pack_ms=10.96 solve_ms=69.78
v5_device jobs=1 rows=30840 cells=228644 direct=true graph_reused=false upload_ms=21.13 capture_ms=4.03 queue_ms=92.86 gpu_ms=0.02 unpack_ms=4.70 total_ms=122.74
v5_service device=1 lane=1 class=3 jobs=1 rows=30840 cells=228644 reach=228669 reverse=228644 table_mib=17.8 mutable_mib=1024.0 max_job_mib=1051.1 oldest_ms=1127.44 pack_ms=13.17 solve_ms=122.82
v5_device jobs=1 rows=45005 cells=367716 direct=true graph_reused=false upload_ms=23.26 capture_ms=4.44 queue_ms=79.35 gpu_ms=0.03 unpack_ms=4.53 total_ms=111.61
v5_service device=1 lane=0 class=3 jobs=1 rows=45005 cells=367716 reach=367740 reverse=367716 table_mib=25.2 mutable_mib=1024.0 max_job_mib=1058.1 oldest_ms=284.15 pack_ms=28.02 solve_ms=111.70
v5_device jobs=3 rows=6287 cells=90000 direct=true graph_reused=false upload_ms=3.03 capture_ms=7.03 queue_ms=9.23 gpu_ms=0.01 unpack_ms=0.61 total_ms=19.91
v5_service device=0 lane=0 class=2 jobs=3 rows=6287 cells=90000 reach=76284 reverse=90000 table_mib=4.8 mutable_mib=192.0 max_job_mib=67.6 oldest_ms=300.13 pack_ms=4.75 solve_ms=19.99
v5_device jobs=1 rows=23494 cells=131895 direct=true graph_reused=false upload_ms=13.60 capture_ms=5.84 queue_ms=27.69 gpu_ms=0.02 unpack_ms=1.64 total_ms=48.79
v5_service device=0 lane=2 class=3 jobs=1 rows=23494 cells=131895 reach=131842 reverse=131895 table_mib=12.4 mutable_mib=512.0 max_job_mib=530.9 oldest_ms=310.29 pack_ms=11.62 solve_ms=48.85
v5_device jobs=140 rows=101849 cells=1605855 direct=true graph_reused=false upload_ms=181.65 capture_ms=6.63 queue_ms=253.59 gpu_ms=0.03 unpack_ms=18.19 total_ms=460.09
v5_service device=0 lane=1 class=1 jobs=140 rows=101849 cells=1605855 reach=1445126 reverse=1607257 table_mib=83.6 mutable_mib=3232.0 max_job_mib=34.6 oldest_ms=530.60 pack_ms=70.20 solve_ms=460.15
v5_device jobs=38 rows=25904 cells=346997 direct=true graph_reused=false upload_ms=14.82 capture_ms=5.77 queue_ms=33.60 gpu_ms=0.02 unpack_ms=2.88 total_ms=57.08
v5_service device=0 lane=0 class=1 jobs=38 rows=25904 cells=346997 reach=313632 reverse=347048 table_mib=19.2 mutable_mib=768.0 max_job_mib=33.8 oldest_ms=79.68 pack_ms=15.69 solve_ms=57.14
v5_device jobs=30 rows=23309 cells=341273 direct=true graph_reused=false upload_ms=16.50 capture_ms=4.08 queue_ms=35.58 gpu_ms=0.01 unpack_ms=3.28 total_ms=59.46
v5_service device=0 lane=2 class=1 jobs=30 rows=23309 cells=341273 reach=304620 reverse=341773 table_mib=18.2 mutable_mib=736.0 max_job_mib=34.0 oldest_ms=82.16 pack_ms=15.79 solve_ms=59.54
v5_device jobs=35 rows=24184 cells=273614 direct=true graph_reused=false upload_ms=22.08 capture_ms=5.16 queue_ms=73.45 gpu_ms=0.02 unpack_ms=4.43 total_ms=105.14
v5_service device=1 lane=0 class=1 jobs=35 rows=24184 cells=273614 reach=252654 reverse=274009 table_mib=16.6 mutable_mib=752.0 max_job_mib=33.1 oldest_ms=80.09 pack_ms=20.11 solve_ms=105.21
v5_device jobs=40 rows=30182 cells=435796 direct=true graph_reused=false upload_ms=19.17 capture_ms=4.10 queue_ms=89.46 gpu_ms=0.02 unpack_ms=4.86 total_ms=117.61
v5_service device=1 lane=2 class=1 jobs=40 rows=30182 cells=435796 reach=396215 reverse=436042 table_mib=23.5 mutable_mib=960.0 max_job_mib=33.9 oldest_ms=80.20 pack_ms=17.93 solve_ms=117.66
v5_device jobs=40 rows=29868 cells=409798 direct=true graph_reused=false upload_ms=22.24 capture_ms=4.91 queue_ms=81.91 gpu_ms=0.03 unpack_ms=4.95 total_ms=114.04
v5_service device=1 lane=1 class=1 jobs=40 rows=29868 cells=409798 reach=371096 reverse=410014 table_mib=22.5 mutable_mib=880.0 max_job_mib=34.2 oldest_ms=78.52 pack_ms=18.72 solve_ms=114.09
v5_device jobs=4 rows=1300 cells=14533 direct=true graph_reused=false upload_ms=0.50 capture_ms=3.86 queue_ms=3.94 gpu_ms=0.01 unpack_ms=0.27 total_ms=8.58
v5_service device=1 lane=2 class=0 jobs=4 rows=1300 cells=14533 reach=14646 reverse=14533 table_mib=0.9 mutable_mib=32.0 max_job_mib=8.6 oldest_ms=222.20 pack_ms=0.86 solve_ms=8.64
v5_device jobs=21 rows=15966 cells=279764 direct=true graph_reused=false upload_ms=9.53 capture_ms=6.47 queue_ms=30.37 gpu_ms=0.02 unpack_ms=3.92 total_ms=50.32
v5_service device=0 lane=1 class=1 jobs=21 rows=15966 cells=279764 reach=247649 reverse=280338 table_mib=14.2 mutable_mib=528.0 max_job_mib=34.3 oldest_ms=84.00 pack_ms=11.81 solve_ms=50.40
v5_device jobs=4 rows=9484 cells=144207 direct=true graph_reused=false upload_ms=5.29 capture_ms=7.87 queue_ms=12.49 gpu_ms=0.03 unpack_ms=1.31 total_ms=26.99
v5_service device=0 lane=2 class=2 jobs=4 rows=9484 cells=144207 reach=133792 reverse=144229 table_mib=7.4 mutable_mib=320.0 max_job_mib=131.6 oldest_ms=160.20 pack_ms=8.55 solve_ms=27.08
v5_device jobs=4 rows=1223 cells=11807 direct=true graph_reused=false upload_ms=0.38 capture_ms=4.19 queue_ms=24.01 gpu_ms=0.01 unpack_ms=24.51 total_ms=53.10
v5_service device=0 lane=0 class=0 jobs=4 rows=1223 cells=11807 reach=11741 reverse=11807 table_mib=0.8 mutable_mib=32.0 max_job_mib=8.4 oldest_ms=175.21 pack_ms=4.21 solve_ms=53.16
v5_device jobs=2 rows=3204 cells=24739 direct=true graph_reused=false upload_ms=0.90 capture_ms=5.23 queue_ms=15.10 gpu_ms=0.01 unpack_ms=0.27 total_ms=21.50
v5_service device=0 lane=0 class=2 jobs=2 rows=3204 cells=24739 reach=24641 reverse=24739 table_mib=1.9 mutable_mib=128.0 max_job_mib=65.6 oldest_ms=226.64 pack_ms=1.72 solve_ms=21.57
v5_device jobs=2 rows=606 cells=4924 direct=true graph_reused=false upload_ms=0.38 capture_ms=10.88 queue_ms=14.89 gpu_ms=0.01 unpack_ms=0.13 total_ms=26.29
v5_service device=0 lane=2 class=0 jobs=2 rows=606 cells=4924 reach=4790 reverse=4924 table_mib=0.4 mutable_mib=16.0 max_job_mib=8.4 oldest_ms=186.41 pack_ms=0.50 solve_ms=26.47
v5_device jobs=1 rows=14080 cells=53504 direct=true graph_reused=false upload_ms=4.61 capture_ms=6.97 queue_ms=18.78 gpu_ms=0.01 unpack_ms=0.45 total_ms=30.81
v5_service device=0 lane=1 class=3 jobs=1 rows=14080 cells=53504 reach=53522 reverse=53504 table_mib=6.3 mutable_mib=512.0 max_job_mib=520.6 oldest_ms=148.18 pack_ms=5.60 solve_ms=30.87
v5_device jobs=3 rows=1041 cells=10264 direct=true graph_reused=false upload_ms=0.52 capture_ms=5.18 queue_ms=2.05 gpu_ms=0.01 unpack_ms=0.20 total_ms=7.97
v5_service device=0 lane=1 class=0 jobs=3 rows=1041 cells=10264 reach=10202 reverse=10264 table_mib=0.7 mutable_mib=24.0 max_job_mib=8.4 oldest_ms=167.42 pack_ms=0.72 solve_ms=8.04
v5_device jobs=4 rows=8178 cells=57293 direct=true graph_reused=false upload_ms=3.00 capture_ms=4.22 queue_ms=21.94 gpu_ms=0.01 unpack_ms=0.70 total_ms=29.86
v5_service device=1 lane=1 class=2 jobs=4 rows=8178 cells=57293 reach=57294 reverse=57327 table_mib=4.5 mutable_mib=320.0 max_job_mib=130.3 oldest_ms=245.07 pack_ms=3.44 solve_ms=29.91
v5_device jobs=4 rows=11773 cells=139043 direct=true graph_reused=false upload_ms=4.76 capture_ms=5.14 queue_ms=28.12 gpu_ms=0.02 unpack_ms=1.26 total_ms=39.30
v5_service device=1 lane=2 class=2 jobs=4 rows=11773 cells=139043 reach=131116 reverse=139344 table_mib=8.1 mutable_mib=384.0 max_job_mib=133.2 oldest_ms=229.19 pack_ms=5.28 solve_ms=39.35
v5_device jobs=8 rows=14152 cells=100682 direct=true graph_reused=false upload_ms=7.94 capture_ms=10.10 queue_ms=38.82 gpu_ms=0.01 unpack_ms=2.06 total_ms=58.94
v5_service device=1 lane=0 class=2 jobs=8 rows=14152 cells=100682 reach=101193 reverse=101794 table_mib=8.2 mutable_mib=512.0 max_job_mib=66.4 oldest_ms=212.87 pack_ms=8.39 solve_ms=58.99
v5_device jobs=1 rows=255 cells=2114 direct=true graph_reused=false upload_ms=0.21 capture_ms=4.56 queue_ms=0.22 gpu_ms=0.01 unpack_ms=0.08 total_ms=5.08
v5_service device=1 lane=1 class=0 jobs=1 rows=255 cells=2114 reach=2131 reverse=2114 table_mib=0.2 mutable_mib=8.0 max_job_mib=8.2 oldest_ms=277.61 pack_ms=0.26 solve_ms=5.15
v5_device jobs=6 rows=1849 cells=20652 direct=true graph_reused=false upload_ms=0.90 capture_ms=5.04 queue_ms=4.68 gpu_ms=0.02 unpack_ms=0.46 total_ms=11.11
v5_service device=1 lane=0 class=0 jobs=6 rows=1849 cells=20652 reach=20567 reverse=20652 table_mib=1.3 mutable_mib=48.0 max_job_mib=8.5 oldest_ms=281.85 pack_ms=1.31 solve_ms=11.18
v5_device jobs=1 rows=1795 cells=55774 direct=true graph_reused=false upload_ms=1.35 capture_ms=7.82 queue_ms=28.97 gpu_ms=0.03 unpack_ms=0.34 total_ms=38.51
v5_service device=0 lane=1 class=2 jobs=1 rows=1795 cells=55774 reach=51302 reverse=55774 table_mib=2.3 mutable_mib=64.0 max_job_mib=67.2 oldest_ms=128.43 pack_ms=2.37 solve_ms=38.59
v5_device jobs=1 rows=27406 cells=134462 direct=true graph_reused=false upload_ms=10.55 capture_ms=5.01 queue_ms=29.27 gpu_ms=0.01 unpack_ms=0.89 total_ms=45.73
v5_service device=0 lane=0 class=3 jobs=1 rows=27406 cells=134462 reach=134483 reverse=134462 table_mib=13.0 mutable_mib=1024.0 max_job_mib=1041.5 oldest_ms=183.69 pack_ms=9.66 solve_ms=45.79
v5_device jobs=1 rows=43811 cells=335398 direct=true graph_reused=false upload_ms=16.76 capture_ms=3.81 queue_ms=88.61 gpu_ms=0.02 unpack_ms=2.46 total_ms=111.66
v5_service device=1 lane=2 class=3 jobs=1 rows=43811 cells=335398 reach=335419 reverse=335398 table_mib=24.0 mutable_mib=1024.0 max_job_mib=1056.2 oldest_ms=257.59 pack_ms=14.56 solve_ms=111.71
v5_device jobs=1 rows=21337 cells=174182 direct=true graph_reused=false upload_ms=12.77 capture_ms=5.04 queue_ms=78.87 gpu_ms=0.02 unpack_ms=3.08 total_ms=99.78
v5_service device=1 lane=0 class=3 jobs=1 rows=21337 cells=174182 reach=174037 reverse=174182 table_mib=13.1 mutable_mib=512.0 max_job_mib=533.2 oldest_ms=255.76 pack_ms=11.52 solve_ms=99.83
v5_device jobs=1 rows=23272 cells=367746 direct=true graph_reused=false upload_ms=22.50 capture_ms=5.56 queue_ms=75.40 gpu_ms=0.03 unpack_ms=3.97 total_ms=107.46
v5_service device=1 lane=1 class=3 jobs=1 rows=23272 cells=367746 reach=367790 reverse=367746 table_mib=19.9 mutable_mib=512.0 max_job_mib=542.7 oldest_ms=232.31 pack_ms=20.30 solve_ms=107.52
v5_device jobs=5 rows=18622 cells=491604 direct=true graph_reused=false upload_ms=16.68 capture_ms=6.58 queue_ms=31.34 gpu_ms=0.04 unpack_ms=4.62 total_ms=59.26
v5_service device=0 lane=2 class=2 jobs=5 rows=18622 cells=491604 reach=424557 reverse=491618 table_mib=20.4 mutable_mib=512.0 max_job_mib=276.0 oldest_ms=79.46 pack_ms=20.47 solve_ms=59.36
v5_device jobs=1 rows=247 cells=2370 direct=true graph_reused=false upload_ms=1.12 capture_ms=8.66 queue_ms=63.37 gpu_ms=0.01 unpack_ms=0.06 total_ms=73.23
v5_service device=0 lane=2 class=0 jobs=1 rows=247 cells=2370 reach=2393 reverse=2370 table_mib=0.2 mutable_mib=8.0 max_job_mib=8.2 oldest_ms=159.64 pack_ms=0.37 solve_ms=73.32
v5_device jobs=31 rows=22472 cells=279767 direct=true graph_reused=false upload_ms=14.59 capture_ms=4.57 queue_ms=75.33 gpu_ms=0.02 unpack_ms=3.19 total_ms=97.70
v5_service device=0 lane=1 class=1 jobs=31 rows=22472 cells=279767 reach=260778 reverse=280377 table_mib=16.2 mutable_mib=704.0 max_job_mib=33.7 oldest_ms=79.78 pack_ms=13.83 solve_ms=97.75
v5_device jobs=49 rows=33908 cells=439233 direct=true graph_reused=false upload_ms=19.52 capture_ms=4.60 queue_ms=67.15 gpu_ms=0.02 unpack_ms=4.94 total_ms=96.23
v5_service device=0 lane=0 class=1 jobs=49 rows=33908 cells=439233 reach=557451 reverse=607711 table_mib=28.9 mutable_mib=1088.0 max_job_mib=33.7 oldest_ms=78.81 pack_ms=17.32 solve_ms=96.29
v5_device jobs=4 rows=1101 cells=18995 direct=true graph_reused=false upload_ms=0.89 capture_ms=7.80 queue_ms=0.80 gpu_ms=0.01 unpack_ms=0.29 total_ms=9.81
v5_service device=0 lane=1 class=0 jobs=4 rows=1101 cells=18995 reach=15181 reverse=18995 table_mib=1.0 mutable_mib=32.0 max_job_mib=8.7 oldest_ms=177.71 pack_ms=1.24 solve_ms=9.90
v5_device jobs=1 rows=2028 cells=18650 direct=true graph_reused=false upload_ms=0.84 capture_ms=7.99 queue_ms=28.21 gpu_ms=0.01 unpack_ms=0.16 total_ms=37.21
v5_service device=0 lane=1 class=2 jobs=1 rows=2028 cells=18650 reach=18672 reverse=18650 table_mib=1.2 mutable_mib=64.0 max_job_mib=65.7 oldest_ms=179.87 pack_ms=1.45 solve_ms=37.29
v5_device jobs=5 rows=11140 cells=162910 direct=true graph_reused=false upload_ms=5.87 capture_ms=4.93 queue_ms=46.85 gpu_ms=0.01 unpack_ms=0.94 total_ms=58.60
v5_service device=0 lane=0 class=2 jobs=5 rows=11140 cells=162910 reach=148274 reverse=162931 table_mib=8.6 mutable_mib=320.0 max_job_mib=68.2 oldest_ms=198.95 pack_ms=7.22 solve_ms=58.66
v5_device jobs=30 rows=22269 cells=347892 direct=true graph_reused=false upload_ms=19.22 capture_ms=7.96 queue_ms=40.24 gpu_ms=0.02 unpack_ms=4.12 total_ms=71.56
v5_service device=0 lane=2 class=1 jobs=30 rows=22269 cells=347892 reach=320831 reverse=347892 table_mib=18.4 mutable_mib=736.0 max_job_mib=33.9 oldest_ms=237.44 pack_ms=22.56 solve_ms=71.68
v5_device jobs=39 rows=25174 cells=312724 direct=true graph_reused=false upload_ms=16.78 capture_ms=4.88 queue_ms=98.50 gpu_ms=0.01 unpack_ms=3.37 total_ms=123.54
v5_service device=1 lane=1 class=1 jobs=39 rows=25174 cells=312724 reach=291426 reverse=312897 table_mib=18.3 mutable_mib=816.0 max_job_mib=33.5 oldest_ms=78.70 pack_ms=11.77 solve_ms=123.59
v5_device jobs=43 rows=31367 cells=461523 direct=true graph_reused=false upload_ms=25.26 capture_ms=6.34 queue_ms=90.78 gpu_ms=0.02 unpack_ms=5.56 total_ms=127.97
v5_service device=1 lane=0 class=1 jobs=43 rows=31367 cells=461523 reach=410361 reverse=461675 table_mib=24.7 mutable_mib=1008.0 max_job_mib=34.1 oldest_ms=80.80 pack_ms=17.02 solve_ms=128.05
v5_device jobs=47 rows=35679 cells=517601 direct=true graph_reused=false upload_ms=42.07 capture_ms=4.55 queue_ms=82.91 gpu_ms=0.02 unpack_ms=5.02 total_ms=134.57
v5_service device=1 lane=2 class=1 jobs=47 rows=35679 cells=517601 reach=460749 reverse=518244 table_mib=27.6 mutable_mib=1088.0 max_job_mib=34.5 oldest_ms=79.57 pack_ms=14.29 solve_ms=134.63
v5_device jobs=4 rows=1078 cells=10634 direct=true graph_reused=false upload_ms=0.54 capture_ms=5.05 queue_ms=2.47 gpu_ms=0.01 unpack_ms=0.18 total_ms=8.26
v5_service device=1 lane=1 class=0 jobs=4 rows=1078 cells=10634 reach=10547 reverse=10634 table_mib=0.7 mutable_mib=32.0 max_job_mib=8.5 oldest_ms=216.78 pack_ms=0.82 solve_ms=8.32
v5_device jobs=4 rows=1319 cells=11968 direct=true graph_reused=false upload_ms=0.52 capture_ms=5.68 queue_ms=1.21 gpu_ms=0.01 unpack_ms=0.23 total_ms=7.65
v5_service device=1 lane=0 class=0 jobs=4 rows=1319 cells=11968 reach=11930 reverse=11968 table_mib=0.8 mutable_mib=32.0 max_job_mib=8.5 oldest_ms=220.79 pack_ms=0.83 solve_ms=7.73
v5_device jobs=2 rows=30570 cells=597052 direct=true graph_reused=false upload_ms=26.38 capture_ms=5.93 queue_ms=54.91 gpu_ms=0.04 unpack_ms=6.54 total_ms=93.79
v5_service device=0 lane=1 class=3 jobs=2 rows=30570 cells=597052 reach=587648 reverse=597052 table_mib=29.3 mutable_mib=1024.0 max_job_mib=537.0 oldest_ms=199.62 pack_ms=25.25 solve_ms=93.88
v5_device jobs=7 rows=17142 cells=128750 direct=true graph_reused=false upload_ms=11.79 capture_ms=4.30 queue_ms=26.50 gpu_ms=0.03 unpack_ms=9.37 total_ms=51.98
v5_service device=1 lane=2 class=2 jobs=7 rows=17142 cells=128750 reach=242529 reverse=249850 table_mib=12.8 mutable_mib=576.0 max_job_mib=133.9 oldest_ms=233.69 pack_ms=10.71 solve_ms=52.03
v5_device jobs=2 rows=566 cells=14965 direct=true graph_reused=false upload_ms=0.30 capture_ms=3.80 queue_ms=2.32 gpu_ms=0.01 unpack_ms=0.11 total_ms=6.54
v5_service device=1 lane=2 class=0 jobs=2 rows=566 cells=14965 reach=12029 reverse=14965 table_mib=0.6 mutable_mib=16.0 max_job_mib=8.7 oldest_ms=289.20 pack_ms=0.48 solve_ms=6.59
v5_device jobs=20 rows=5961 cells=77927 direct=true graph_reused=false upload_ms=2.55 capture_ms=4.49 queue_ms=94.23 gpu_ms=0.01 unpack_ms=0.77 total_ms=102.05
v5_service device=0 lane=2 class=0 jobs=20 rows=5961 cells=77927 reach=87858 reverse=99743 table_mib=5.0 mutable_mib=152.0 max_job_mib=8.9 oldest_ms=75.61 pack_ms=4.29 solve_ms=102.10
v5_device jobs=31 rows=23920 cells=434969 direct=true graph_reused=false upload_ms=22.58 capture_ms=4.39 queue_ms=56.23 gpu_ms=0.02 unpack_ms=5.41 total_ms=88.63
v5_service device=1 lane=1 class=1 jobs=31 rows=23920 cells=434969 reach=372916 reverse=435659 table_mib=21.1 mutable_mib=768.0 max_job_mib=33.9 oldest_ms=81.84 pack_ms=16.01 solve_ms=88.70
v5_device jobs=38 rows=28993 cells=340914 direct=true graph_reused=false upload_ms=16.87 capture_ms=4.66 queue_ms=62.89 gpu_ms=0.01 unpack_ms=5.61 total_ms=90.04
v5_service device=1 lane=0 class=1 jobs=38 rows=28993 cells=340914 reach=310388 reverse=341231 table_mib=20.4 mutable_mib=944.0 max_job_mib=34.3 oldest_ms=77.77 pack_ms=14.02 solve_ms=90.10
v5_device jobs=31 rows=21593 cells=269658 direct=true graph_reused=false upload_ms=11.48 capture_ms=6.57 queue_ms=28.82 gpu_ms=0.02 unpack_ms=3.33 total_ms=50.22
v5_service device=0 lane=1 class=1 jobs=31 rows=21593 cells=269658 reach=240928 reverse=270369 table_mib=15.5 mutable_mib=672.0 max_job_mib=33.5 oldest_ms=79.86 pack_ms=11.48 solve_ms=50.26
v5_device jobs=1 rows=71069 cells=1406444 direct=true graph_reused=false upload_ms=81.53 capture_ms=4.80 queue_ms=130.04 gpu_ms=0.02 unpack_ms=17.23 total_ms=233.62
v5_service device=0 lane=0 class=3 jobs=1 rows=71069 cells=1406444 reach=1406486 reverse=1406444 table_mib=66.6 mutable_mib=2048.0 max_job_mib=2148.0 oldest_ms=264.59 pack_ms=31.70 solve_ms=233.71
v5_device jobs=1 rows=352 cells=2510 direct=true graph_reused=false upload_ms=0.24 capture_ms=6.74 queue_ms=0.30 gpu_ms=0.01 unpack_ms=0.06 total_ms=7.35
v5_service device=0 lane=0 class=0 jobs=1 rows=352 cells=2510 reach=2444 reverse=2510 table_mib=0.2 mutable_mib=8.0 max_job_mib=8.3 oldest_ms=472.53 pack_ms=0.29 solve_ms=7.41
v5_device jobs=5 rows=13570 cells=99521 direct=true graph_reused=false upload_ms=6.14 capture_ms=5.19 queue_ms=31.00 gpu_ms=0.02 unpack_ms=1.03 total_ms=43.38
v5_service device=1 lane=1 class=2 jobs=5 rows=13570 cells=99521 reach=100335 reverse=100375 table_mib=7.5 mutable_mib=384.0 max_job_mib=131.8 oldest_ms=195.15 pack_ms=6.61 solve_ms=43.45
v5_device jobs=45 rows=35054 cells=486017 direct=true graph_reused=false upload_ms=18.30 capture_ms=5.48 queue_ms=57.94 gpu_ms=0.02 unpack_ms=4.45 total_ms=86.19
v5_service device=1 lane=2 class=1 jobs=45 rows=35054 cells=486017 reach=483166 reverse=538478 table_mib=27.6 mutable_mib=1120.0 max_job_mib=34.2 oldest_ms=77.52 pack_ms=18.80 solve_ms=86.25
v5_device jobs=2 rows=650 cells=4434 direct=true graph_reused=false upload_ms=0.30 capture_ms=5.39 queue_ms=3.42 gpu_ms=0.01 unpack_ms=0.11 total_ms=9.23
v5_service device=1 lane=1 class=0 jobs=2 rows=650 cells=4434 reach=4467 reverse=4434 table_mib=0.4 mutable_mib=16.0 max_job_mib=8.3 oldest_ms=234.28 pack_ms=0.35 solve_ms=9.28
v5_device jobs=3 rows=6007 cells=63948 direct=true graph_reused=false upload_ms=2.35 capture_ms=7.52 queue_ms=8.51 gpu_ms=0.02 unpack_ms=0.82 total_ms=19.22
v5_service device=1 lane=0 class=2 jobs=3 rows=6007 cells=63948 reach=58304 reverse=63948 table_mib=3.9 mutable_mib=192.0 max_job_mib=67.1 oldest_ms=235.98 pack_ms=3.09 solve_ms=19.30
v5_device jobs=4 rows=993 cells=26916 direct=true graph_reused=false upload_ms=0.57 capture_ms=4.44 queue_ms=2.34 gpu_ms=0.01 unpack_ms=0.20 total_ms=7.56
v5_service device=1 lane=2 class=0 jobs=4 rows=993 cells=26916 reach=19840 reverse=26916 table_mib=1.1 mutable_mib=32.0 max_job_mib=8.7 oldest_ms=201.73 pack_ms=0.89 solve_ms=7.61
v5_device jobs=6 rows=10410 cells=157247 direct=true graph_reused=false upload_ms=7.69 capture_ms=5.57 queue_ms=18.33 gpu_ms=0.03 unpack_ms=1.92 total_ms=33.54
v5_service device=0 lane=1 class=2 jobs=6 rows=10410 cells=157247 reach=148443 reverse=157579 table_mib=8.4 mutable_mib=384.0 max_job_mib=67.0 oldest_ms=202.29 pack_ms=7.50 solve_ms=33.61
{"phase": "live", "seconds": 30.137, "solves": 48128, "solves_per_s": 1597.0, "oversize_routes": 0, "card_exclusive_routes": 0}
v5_device jobs=1 rows=330 cells=9822 direct=true graph_reused=false upload_ms=0.36 capture_ms=4.72 queue_ms=2.31 gpu_ms=0.01 unpack_ms=0.10 total_ms=7.51
v5_service device=0 lane=1 class=0 jobs=1 rows=330 cells=9822 reach=9869 reverse=9822 table_mib=0.4 mutable_mib=8.0 max_job_mib=8.7 oldest_ms=232.18 pack_ms=0.58 solve_ms=7.57
v5_device jobs=34 rows=24258 cells=264815 direct=true graph_reused=false upload_ms=12.14 capture_ms=3.84 queue_ms=32.57 gpu_ms=0.02 unpack_ms=2.48 total_ms=51.05
v5_service device=0 lane=0 class=1 jobs=34 rows=24258 cells=264815 reach=257910 reverse=274937 table_mib=16.5 mutable_mib=768.0 max_job_mib=33.6 oldest_ms=79.55 pack_ms=13.53 solve_ms=51.12
v5_device jobs=10 rows=20428 cells=249151 direct=true graph_reused=false upload_ms=14.95 capture_ms=6.01 queue_ms=53.33 gpu_ms=0.01 unpack_ms=1.78 total_ms=76.08
v5_service device=1 lane=2 class=2 jobs=10 rows=20428 cells=249151 reach=229150 reverse=252257 table_mib=14.1 mutable_mib=704.0 max_job_mib=130.5 oldest_ms=214.91 pack_ms=9.25 solve_ms=76.14
v5_device jobs=1 rows=24937 cells=345343 direct=true graph_reused=false upload_ms=21.67 capture_ms=6.99 queue_ms=61.51 gpu_ms=0.02 unpack_ms=5.50 total_ms=95.68
v5_service device=1 lane=0 class=3 jobs=1 rows=24937 cells=345343 reach=345388 reverse=345343 table_mib=20.6 mutable_mib=1024.0 max_job_mib=1058.1 oldest_ms=254.44 pack_ms=18.78 solve_ms=95.74
v5_device jobs=3 rows=917 cells=8469 direct=true graph_reused=false upload_ms=0.41 capture_ms=4.34 queue_ms=16.84 gpu_ms=0.01 unpack_ms=0.15 total_ms=21.75
v5_service device=1 lane=0 class=0 jobs=3 rows=917 cells=8469 reach=8532 reverse=8469 table_mib=0.6 mutable_mib=24.0 max_job_mib=8.3 oldest_ms=367.54 pack_ms=0.57 solve_ms=21.80
v5_device jobs=34 rows=23126 cells=286365 direct=true graph_reused=false upload_ms=16.15 capture_ms=3.89 queue_ms=39.42 gpu_ms=0.02 unpack_ms=3.21 total_ms=62.69
v5_service device=1 lane=1 class=1 jobs=34 rows=23126 cells=286365 reach=348464 reverse=374959 table_mib=18.7 mutable_mib=736.0 max_job_mib=35.7 oldest_ms=78.83 pack_ms=13.81 solve_ms=62.74
v5_device jobs=3 rows=736 cells=13554 direct=true graph_reused=false upload_ms=4.18 capture_ms=5.90 queue_ms=127.47 gpu_ms=0.01 unpack_ms=0.12 total_ms=137.68
v5_service device=0 lane=0 class=0 jobs=3 rows=736 cells=13554 reach=11304 reverse=13554 table_mib=0.7 mutable_mib=24.0 max_job_mib=8.6 oldest_ms=172.79 pack_ms=0.71 solve_ms=137.72
v5_device jobs=8 rows=18481 cells=229888 direct=true graph_reused=false upload_ms=12.59 capture_ms=4.40 queue_ms=163.49 gpu_ms=0.01 unpack_ms=1.59 total_ms=182.09
v5_service device=0 lane=1 class=2 jobs=8 rows=18481 cells=229888 reach=211001 reverse=229933 table_mib=13.0 mutable_mib=640.0 max_job_mib=131.0 oldest_ms=78.89 pack_ms=10.93 solve_ms=182.15
v5_device jobs=1 rows=23880 cells=243462 direct=true graph_reused=false upload_ms=9.05 capture_ms=4.08 queue_ms=35.52 gpu_ms=0.02 unpack_ms=2.89 total_ms=51.56
v5_service device=0 lane=0 class=3 jobs=1 rows=23880 cells=243462 reach=243332 reverse=243462 table_mib=16.0 mutable_mib=1024.0 max_job_mib=1049.5 oldest_ms=285.45 pack_ms=8.81 solve_ms=51.63
v5_device jobs=38 rows=27457 cells=353892 direct=true graph_reused=false upload_ms=13.22 capture_ms=3.65 queue_ms=126.15 gpu_ms=0.02 unpack_ms=3.27 total_ms=146.30
v5_service device=1 lane=2 class=1 jobs=38 rows=27457 cells=353892 reach=372973 reverse=403631 table_mib=21.4 mutable_mib=848.0 max_job_mib=34.3 oldest_ms=81.00 pack_ms=12.61 solve_ms=146.37
v5_device jobs=46 rows=34134 cells=330901 direct=true graph_reused=false upload_ms=13.86 capture_ms=4.49 queue_ms=98.76 gpu_ms=0.02 unpack_ms=5.33 total_ms=122.46
v5_service device=1 lane=0 class=1 jobs=46 rows=34134 cells=330901 reach=320205 reverse=331074 table_mib=21.8 mutable_mib=1040.0 max_job_mib=34.1 oldest_ms=79.75 pack_ms=14.71 solve_ms=122.54
v5_device jobs=151 rows=103663 cells=1283498 direct=true graph_reused=false upload_ms=135.72 capture_ms=3.89 queue_ms=195.59 gpu_ms=0.02 unpack_ms=18.76 total_ms=353.99
v5_service device=0 lane=2 class=1 jobs=151 rows=103663 cells=1283498 reach=1413450 reverse=1542486 table_mib=81.1 mutable_mib=3232.0 max_job_mib=34.5 oldest_ms=213.35 pack_ms=81.93 solve_ms=354.04
v5_device jobs=1 rows=39139 cells=1736940 direct=true graph_reused=false upload_ms=64.38 capture_ms=3.54 queue_ms=107.50 gpu_ms=0.03 unpack_ms=14.31 total_ms=189.76
v5_service device=1 lane=1 class=3 jobs=1 rows=39139 cells=1736940 reach=1221416 reverse=1736940 table_mib=61.8 mutable_mib=1024.0 max_job_mib=1111.2 oldest_ms=160.73 pack_ms=57.79 solve_ms=189.82
v5_device jobs=60 rows=39715 cells=648127 direct=true graph_reused=false upload_ms=27.51 capture_ms=5.87 queue_ms=60.55 gpu_ms=0.04 unpack_ms=8.32 total_ms=102.29
v5_service device=0 lane=1 class=1 jobs=60 rows=39715 cells=648127 reach=567972 reverse=648156 table_mib=33.0 mutable_mib=1232.0 max_job_mib=34.9 oldest_ms=276.89 pack_ms=23.50 solve_ms=102.36
v5_device jobs=31 rows=9212 cells=64407 direct=true graph_reused=false upload_ms=10.51 capture_ms=4.13 queue_ms=20.97 gpu_ms=0.02 unpack_ms=1.61 total_ms=37.24
v5_service device=0 lane=0 class=0 jobs=31 rows=9212 cells=64407 reach=202048 reverse=205644 table_mib=8.8 mutable_mib=240.0 max_job_mib=9.2 oldest_ms=76.35 pack_ms=7.00 solve_ms=37.31
v5_device jobs=5 rows=18158 cells=228594 direct=true graph_reused=false upload_ms=14.22 capture_ms=3.74 queue_ms=24.64 gpu_ms=0.02 unpack_ms=2.42 total_ms=45.04
v5_service device=1 lane=1 class=2 jobs=5 rows=18158 cells=228594 reach=207233 reverse=229256 table_mib=12.7 mutable_mib=512.0 max_job_mib=134.7 oldest_ms=399.77 pack_ms=9.60 solve_ms=45.11
v5_device jobs=2 rows=630 cells=5725 direct=true graph_reused=false upload_ms=0.35 capture_ms=4.55 queue_ms=23.49 gpu_ms=0.01 unpack_ms=0.18 total_ms=28.58
v5_service device=1 lane=1 class=0 jobs=2 rows=630 cells=5725 reach=5483 reverse=5725 table_mib=0.4 mutable_mib=16.0 max_job_mib=8.4 oldest_ms=439.73 pack_ms=0.50 solve_ms=28.64
v5_device jobs=5 rows=15566 cells=195022 direct=true graph_reused=false upload_ms=11.92 capture_ms=4.68 queue_ms=24.37 gpu_ms=0.03 unpack_ms=2.94 total_ms=43.94
v5_service device=1 lane=0 class=2 jobs=5 rows=15566 cells=195022 reach=195061 reverse=195022 table_mib=11.3 mutable_mib=512.0 max_job_mib=134.1 oldest_ms=302.52 pack_ms=10.10 solve_ms=44.03
v5_device jobs=5 rows=1234 cells=10687 direct=true graph_reused=false upload_ms=0.43 capture_ms=4.33 queue_ms=1.54 gpu_ms=0.01 unpack_ms=0.19 total_ms=6.50
v5_service device=0 lane=1 class=0 jobs=5 rows=1234 cells=10687 reach=10794 reverse=10687 table_mib=0.8 mutable_mib=36.0 max_job_mib=8.3 oldest_ms=451.01 pack_ms=0.83 solve_ms=6.58
v5_device jobs=6 rows=1896 cells=37032 direct=true graph_reused=false upload_ms=0.90 capture_ms=4.92 queue_ms=39.54 gpu_ms=0.02 unpack_ms=0.68 total_ms=46.06
v5_service device=1 lane=0 class=0 jobs=6 rows=1896 cells=37032 reach=30656 reverse=37032 table_mib=1.8 mutable_mib=48.0 max_job_mib=8.9 oldest_ms=368.58 pack_ms=1.22 solve_ms=46.15
v5_device jobs=7 rows=19431 cells=275589 direct=true graph_reused=false upload_ms=57.62 capture_ms=7.69 queue_ms=48.00 gpu_ms=0.03 unpack_ms=4.75 total_ms=118.09
v5_service device=1 lane=2 class=2 jobs=7 rows=19431 cells=275589 reach=829135 reverse=865550 table_mib=28.6 mutable_mib=704.0 max_job_mib=281.6 oldest_ms=311.77 pack_ms=27.43 solve_ms=118.15
v5_device jobs=2 rows=598 cells=5255 direct=true graph_reused=false upload_ms=0.30 capture_ms=4.64 queue_ms=1.94 gpu_ms=0.01 unpack_ms=0.12 total_ms=7.00
v5_service device=1 lane=2 class=0 jobs=2 rows=598 cells=5255 reach=5176 reverse=5255 table_mib=0.4 mutable_mib=16.0 max_job_mib=8.4 oldest_ms=457.60 pack_ms=0.46 solve_ms=7.06
v5_device jobs=1 rows=39049 cells=334964 direct=true graph_reused=false upload_ms=22.22 capture_ms=4.97 queue_ms=49.76 gpu_ms=0.03 unpack_ms=6.95 total_ms=83.94
v5_service device=0 lane=1 class=3 jobs=1 rows=39049 cells=334964 reach=334832 reverse=334964 table_mib=24.2 mutable_mib=1024.0 max_job_mib=1062.7 oldest_ms=445.64 pack_ms=15.49 solve_ms=84.00
v5_device jobs=40 rows=28079 cells=410034 direct=true graph_reused=false upload_ms=24.22 capture_ms=3.66 queue_ms=42.02 gpu_ms=0.01 unpack_ms=4.23 total_ms=74.13
v5_service device=1 lane=1 class=1 jobs=40 rows=28079 cells=410034 reach=384460 reverse=436335 table_mib=22.6 mutable_mib=896.0 max_job_mib=34.6 oldest_ms=80.55 pack_ms=16.71 solve_ms=74.19
v5_device jobs=29 rows=22285 cells=346533 direct=true graph_reused=false upload_ms=14.75 capture_ms=3.63 queue_ms=33.59 gpu_ms=0.01 unpack_ms=2.98 total_ms=54.96
v5_service device=1 lane=0 class=1 jobs=29 rows=22285 cells=346533 reach=311340 reverse=346554 table_mib=18.0 mutable_mib=608.0 max_job_mib=34.6 oldest_ms=79.50 pack_ms=16.11 solve_ms=55.01
v5_device jobs=23 rows=56562 cells=711671 direct=true graph_reused=false upload_ms=78.36 capture_ms=7.35 queue_ms=72.97 gpu_ms=0.03 unpack_ms=7.76 total_ms=166.47
v5_service device=0 lane=2 class=2 jobs=23 rows=56562 cells=711671 reach=715319 reverse=790651 table_mib=42.6 mutable_mib=1984.0 max_job_mib=261.8 oldest_ms=830.84 pack_ms=38.60 solve_ms=166.54
v5_device jobs=2 rows=537 cells=4620 direct=true graph_reused=false upload_ms=0.27 capture_ms=3.92 queue_ms=30.83 gpu_ms=0.02 unpack_ms=0.23 total_ms=35.27
v5_service device=1 lane=0 class=0 jobs=2 rows=537 cells=4620 reach=4665 reverse=4620 table_mib=0.3 mutable_mib=16.0 max_job_mib=8.3 oldest_ms=153.00 pack_ms=0.44 solve_ms=35.34
v5_device jobs=25 rows=19697 cells=286935 direct=true graph_reused=false upload_ms=10.03 capture_ms=4.41 queue_ms=44.11 gpu_ms=0.02 unpack_ms=3.46 total_ms=62.02
v5_service device=1 lane=2 class=1 jobs=25 rows=19697 cells=286935 reach=265535 reverse=294974 table_mib=15.6 mutable_mib=576.0 max_job_mib=34.5 oldest_ms=81.90 pack_ms=11.17 solve_ms=62.08
v5_device jobs=3 rows=15553 cells=219581 direct=true graph_reused=false upload_ms=10.49 capture_ms=4.13 queue_ms=48.83 gpu_ms=0.02 unpack_ms=2.72 total_ms=66.18
v5_service device=1 lane=1 class=2 jobs=3 rows=15553 cells=219581 reach=219801 reverse=219953 table_mib=12.5 mutable_mib=384.0 max_job_mib=271.1 oldest_ms=190.22 pack_ms=9.51 solve_ms=66.25
v5_device jobs=32 rows=22524 cells=343283 direct=true graph_reused=false upload_ms=13.14 capture_ms=3.77 queue_ms=35.36 gpu_ms=0.02 unpack_ms=3.12 total_ms=55.42
v5_service device=0 lane=1 class=1 jobs=32 rows=22524 cells=343283 reach=301536 reverse=344139 table_mib=18.1 mutable_mib=704.0 max_job_mib=34.9 oldest_ms=82.08 pack_ms=13.42 solve_ms=55.47
v5_device jobs=2 rows=579 cells=20490 direct=true graph_reused=false upload_ms=0.35 capture_ms=4.14 queue_ms=2.79 gpu_ms=0.01 unpack_ms=0.16 total_ms=7.46
v5_service device=1 lane=2 class=0 jobs=2 rows=579 cells=20490 reach=15184 reverse=20490 table_mib=0.8 mutable_mib=16.0 max_job_mib=8.8 oldest_ms=148.52 pack_ms=0.62 solve_ms=7.50
v5_device jobs=2 rows=583 cells=3090 direct=true graph_reused=false upload_ms=0.38 capture_ms=34.30 queue_ms=33.23 gpu_ms=0.02 unpack_ms=0.13 total_ms=68.06
v5_service device=1 lane=1 class=0 jobs=2 rows=583 cells=3090 reach=5232 reverse=5630 table_mib=0.4 mutable_mib=16.0 max_job_mib=8.4 oldest_ms=266.27 pack_ms=0.56 solve_ms=68.12
v5_device jobs=13 rows=28885 cells=398002 direct=true graph_reused=false upload_ms=17.27 capture_ms=3.73 queue_ms=38.20 gpu_ms=0.04 unpack_ms=4.81 total_ms=64.04
v5_service device=1 lane=0 class=2 jobs=13 rows=28885 cells=398002 reach=359818 reverse=398349 table_mib=21.2 mutable_mib=1024.0 max_job_mib=131.0 oldest_ms=195.90 pack_ms=15.28 solve_ms=64.10
v5_device jobs=1 rows=28269 cells=234029 direct=true graph_reused=false upload_ms=14.60 capture_ms=4.04 queue_ms=101.20 gpu_ms=0.02 unpack_ms=2.33 total_ms=122.19
v5_service device=0 lane=1 class=3 jobs=1 rows=28269 cells=234029 reach=233909 reverse=234029 table_mib=16.8 mutable_mib=1024.0 max_job_mib=1049.5 oldest_ms=170.21 pack_ms=10.91 solve_ms=122.24
v5_device jobs=1 rows=344 cells=2598 direct=true graph_reused=false upload_ms=0.22 capture_ms=4.19 queue_ms=31.29 gpu_ms=0.01 unpack_ms=0.04 total_ms=35.74
v5_service device=0 lane=1 class=0 jobs=1 rows=344 cells=2598 reach=2618 reverse=2598 table_mib=0.2 mutable_mib=8.0 max_job_mib=8.3 oldest_ms=302.40 pack_ms=0.28 solve_ms=35.81
v5_device jobs=5 rows=11933 cells=164502 direct=true graph_reused=false upload_ms=5.16 capture_ms=5.30 queue_ms=16.56 gpu_ms=0.01 unpack_ms=1.08 total_ms=28.11
v5_service device=0 lane=1 class=2 jobs=5 rows=11933 cells=164502 reach=137778 reverse=164502 table_mib=8.7 mutable_mib=384.0 max_job_mib=133.8 oldest_ms=304.26 pack_ms=6.89 solve_ms=28.17
v5_device jobs=162 rows=110639 cells=1166502 direct=true graph_reused=false upload_ms=141.19 capture_ms=4.03 queue_ms=234.21 gpu_ms=0.03 unpack_ms=17.42 total_ms=396.87
v5_service device=0 lane=0 class=1 jobs=162 rows=110639 cells=1166502 reach=2377105 reverse=2527210 table_mib=107.3 mutable_mib=3472.0 max_job_mib=37.1 oldest_ms=158.90 pack_ms=135.09 solve_ms=396.95
v5_device jobs=38 rows=28720 cells=406004 direct=true graph_reused=false upload_ms=17.14 capture_ms=4.51 queue_ms=73.80 gpu_ms=0.03 unpack_ms=4.75 total_ms=100.23
v5_service device=1 lane=0 class=1 jobs=38 rows=28720 cells=406004 reach=423798 reverse=468049 table_mib=23.6 mutable_mib=912.0 max_job_mib=34.8 oldest_ms=79.81 pack_ms=16.07 solve_ms=100.29
v5_device jobs=1 rows=56374 cells=548410 direct=true graph_reused=false upload_ms=50.10 capture_ms=4.39 queue_ms=124.62 gpu_ms=0.02 unpack_ms=6.42 total_ms=185.56
v5_service device=1 lane=1 class=3 jobs=1 rows=56374 cells=548410 reach=548443 reverse=548410 table_mib=36.2 mutable_mib=2048.0 max_job_mib=2102.0 oldest_ms=323.54 pack_ms=28.18 solve_ms=185.62
v5_device jobs=2 rows=63627 cells=601521 direct=true graph_reused=false upload_ms=50.87 capture_ms=3.82 queue_ms=183.99 gpu_ms=0.03 unpack_ms=12.89 total_ms=251.58
v5_service device=1 lane=2 class=3 jobs=2 rows=63627 cells=601521 reach=597359 reverse=601521 table_mib=40.5 mutable_mib=1536.0 max_job_mib=1058.8 oldest_ms=150.41 pack_ms=26.46 solve_ms=251.64
v5_device jobs=2 rows=8047 cells=68666 direct=true graph_reused=false upload_ms=2.27 capture_ms=3.88 queue_ms=26.25 gpu_ms=0.01 unpack_ms=0.60 total_ms=33.00
v5_service device=1 lane=2 class=2 jobs=2 rows=8047 cells=68666 reach=68583 reverse=68666 table_mib=4.7 mutable_mib=320.0 max_job_mib=260.7 oldest_ms=394.73 pack_ms=2.88 solve_ms=33.05
v5_device jobs=5 rows=11482 cells=150879 direct=true graph_reused=false upload_ms=6.67 capture_ms=5.13 queue_ms=23.35 gpu_ms=0.02 unpack_ms=1.45 total_ms=36.62
v5_service device=1 lane=0 class=2 jobs=5 rows=11482 cells=150879 reach=136200 reverse=151319 table_mib=8.5 mutable_mib=384.0 max_job_mib=130.5 oldest_ms=206.12 pack_ms=6.59 solve_ms=36.68
v5_device jobs=4 rows=1129 cells=20358 direct=true graph_reused=false upload_ms=0.55 capture_ms=4.29 queue_ms=2.73 gpu_ms=0.01 unpack_ms=0.19 total_ms=7.77
v5_service device=1 lane=0 class=0 jobs=4 rows=1129 cells=20358 reach=16365 reverse=20358 table_mib=1.0 mutable_mib=32.0 max_job_mib=8.6 oldest_ms=249.65 pack_ms=0.90 solve_ms=7.82
v5_device jobs=16 rows=4548 cells=42619 direct=true graph_reused=false upload_ms=2.61 capture_ms=3.37 queue_ms=13.20 gpu_ms=0.01 unpack_ms=0.63 total_ms=19.83
v5_service device=1 lane=1 class=0 jobs=16 rows=4548 cells=42619 reach=116189 reverse=122957 table_mib=4.9 mutable_mib=124.0 max_job_mib=8.9 oldest_ms=76.48 pack_ms=3.43 solve_ms=19.88
v5_device jobs=8 rows=20484 cells=194344 direct=true graph_reused=false upload_ms=6.99 capture_ms=3.77 queue_ms=26.25 gpu_ms=0.02 unpack_ms=1.35 total_ms=38.38
v5_service device=1 lane=2 class=2 jobs=8 rows=20484 cells=194344 reach=184934 reverse=194952 table_mib=12.7 mutable_mib=704.0 max_job_mib=261.3 oldest_ms=78.80 pack_ms=7.82 solve_ms=38.44
v5_device jobs=9 rows=22984 cells=232747 direct=true graph_reused=false upload_ms=10.52 capture_ms=7.60 queue_ms=138.40 gpu_ms=0.01 unpack_ms=2.18 total_ms=158.71
v5_service device=0 lane=1 class=2 jobs=9 rows=22984 cells=232747 reach=211922 reverse=232747 table_mib=14.6 mutable_mib=704.0 max_job_mib=131.1 oldest_ms=78.04 pack_ms=9.02 solve_ms=158.76
v5_device jobs=34 rows=23286 cells=300712 direct=true graph_reused=false upload_ms=12.75 capture_ms=3.82 queue_ms=34.41 gpu_ms=0.03 unpack_ms=3.91 total_ms=54.91
v5_service device=1 lane=0 class=1 jobs=34 rows=23286 cells=300712 reach=270911 reverse=301219 table_mib=17.1 mutable_mib=720.0 max_job_mib=33.8 oldest_ms=81.98 pack_ms=12.74 solve_ms=54.98
v5_device jobs=17 rows=42349 cells=458644 direct=true graph_reused=false upload_ms=23.34 capture_ms=4.59 queue_ms=78.03 gpu_ms=0.03 unpack_ms=5.89 total_ms=111.88
v5_service device=0 lane=0 class=2 jobs=17 rows=42349 cells=458644 reach=603251 reverse=654332 table_mib=32.3 mutable_mib=1472.0 max_job_mib=261.1 oldest_ms=792.36 pack_ms=18.91 solve_ms=111.97
v5_device jobs=6 rows=160327 cells=1173144 direct=true graph_reused=false upload_ms=114.10 capture_ms=3.39 queue_ms=298.40 gpu_ms=0.03 unpack_ms=40.69 total_ms=456.62
v5_service device=0 lane=2 class=3 jobs=6 rows=160327 cells=1173144 reach=1076453 reverse=1173352 table_mib=92.6 mutable_mib=5120.0 max_job_mib=1059.3 oldest_ms=1104.44 pack_ms=68.25 solve_ms=456.67
v5_device jobs=1 rows=48658 cells=236942 direct=true graph_reused=false upload_ms=18.34 capture_ms=3.97 queue_ms=45.90 gpu_ms=0.01 unpack_ms=1.70 total_ms=69.91
v5_service device=0 lane=0 class=3 jobs=1 rows=48658 cells=236942 reach=236964 reverse=236942 table_mib=23.1 mutable_mib=2048.0 max_job_mib=2079.5 oldest_ms=925.10 pack_ms=17.15 solve_ms=69.98
v5_device jobs=8 rows=22227 cells=334541 direct=true graph_reused=false upload_ms=16.98 capture_ms=21.12 queue_ms=78.75 gpu_ms=0.02 unpack_ms=3.15 total_ms=120.03
v5_service device=1 lane=0 class=2 jobs=8 rows=22227 cells=334541 reach=309391 reverse=334589 table_mib=17.6 mutable_mib=768.0 max_job_mib=132.8 oldest_ms=154.80 pack_ms=15.60 solve_ms=120.09
v5_device jobs=6 rows=1764 cells=22806 direct=true graph_reused=false upload_ms=0.98 capture_ms=4.29 queue_ms=9.97 gpu_ms=0.01 unpack_ms=0.39 total_ms=15.64
v5_service device=1 lane=0 class=0 jobs=6 rows=1764 cells=22806 reach=52492 reverse=56178 table_mib=2.1 mutable_mib=48.0 max_job_mib=9.5 oldest_ms=290.70 pack_ms=1.50 solve_ms=15.70
v5_device jobs=71 rows=50721 cells=697135 direct=true graph_reused=false upload_ms=52.12 capture_ms=4.26 queue_ms=92.21 gpu_ms=0.02 unpack_ms=8.10 total_ms=156.70
v5_service device=1 lane=2 class=1 jobs=71 rows=50721 cells=697135 reach=711405 reverse=787546 table_mib=40.8 mutable_mib=1664.0 max_job_mib=34.4 oldest_ms=134.21 pack_ms=33.85 solve_ms=156.76
v5_device jobs=64 rows=51591 cells=766723 direct=true graph_reused=false upload_ms=49.23 capture_ms=4.24 queue_ms=69.95 gpu_ms=0.03 unpack_ms=8.48 total_ms=131.93
v5_service device=0 lane=1 class=1 jobs=64 rows=51591 cells=766723 reach=716028 reverse=817056 table_mib=41.7 mutable_mib=1568.0 max_job_mib=34.6 oldest_ms=255.94 pack_ms=44.32 solve_ms=131.99
v5_device jobs=7 rows=1752 cells=13532 direct=true graph_reused=false upload_ms=0.60 capture_ms=6.45 queue_ms=3.65 gpu_ms=0.01 unpack_ms=0.28 total_ms=10.98
v5_service device=1 lane=2 class=0 jobs=7 rows=1752 cells=13532 reach=15709 reverse=15824 table_mib=1.1 mutable_mib=50.0 max_job_mib=8.4 oldest_ms=360.20 pack_ms=1.06 solve_ms=11.04
v5_device jobs=2 rows=41260 cells=448603 direct=true graph_reused=false upload_ms=26.55 capture_ms=4.57 queue_ms=220.59 gpu_ms=0.01 unpack_ms=4.85 total_ms=256.58
v5_service device=0 lane=1 class=3 jobs=2 rows=41260 cells=448603 reach=445871 reverse=448603 table_mib=28.7 mutable_mib=1024.0 max_job_mib=544.0 oldest_ms=447.34 pack_ms=22.82 solve_ms=256.64
v5_device jobs=1 rows=70242 cells=1144889 direct=true graph_reused=false upload_ms=79.16 capture_ms=6.72 queue_ms=267.46 gpu_ms=0.02 unpack_ms=7.54 total_ms=360.90
v5_service device=0 lane=0 class=3 jobs=1 rows=70242 cells=1144889 reach=1135576 reverse=1144910 table_mib=57.8 mutable_mib=2048.0 max_job_mib=2129.3 oldest_ms=1010.36 pack_ms=27.15 solve_ms=360.95
v5_device jobs=4 rows=985 cells=14716 direct=true graph_reused=false upload_ms=0.38 capture_ms=4.67 queue_ms=2.47 gpu_ms=0.01 unpack_ms=0.12 total_ms=7.64
v5_service device=0 lane=1 class=0 jobs=4 rows=985 cells=14716 reach=12986 reverse=14716 table_mib=0.8 mutable_mib=28.0 max_job_mib=8.5 oldest_ms=721.57 pack_ms=0.60 solve_ms=7.69
v5_device jobs=2 rows=168696 cells=904355 direct=true graph_reused=false upload_ms=126.88 capture_ms=4.27 queue_ms=196.41 gpu_ms=0.01 unpack_ms=13.16 total_ms=340.73
v5_service device=0 lane=2 class=3 jobs=2 rows=168696 cells=904355 reach=904404 reverse=904355 table_mib=83.0 mutable_mib=4096.0 max_job_mib=2107.8 oldest_ms=1626.13 pack_ms=69.84 solve_ms=340.78
v5_device jobs=31 rows=20600 cells=329529 direct=true graph_reused=false upload_ms=34.95 capture_ms=4.38 queue_ms=263.14 gpu_ms=0.02 unpack_ms=2.91 total_ms=305.40
v5_service device=1 lane=0 class=1 jobs=31 rows=20600 cells=329529 reach=289058 reverse=330064 table_mib=16.8 mutable_mib=640.0 max_job_mib=33.8 oldest_ms=86.35 pack_ms=19.48 solve_ms=305.47
v5_device jobs=2 rows=55125 cells=299131 direct=true graph_reused=false upload_ms=62.03 capture_ms=3.50 queue_ms=278.49 gpu_ms=0.03 unpack_ms=8.04 total_ms=352.10
v5_service device=1 lane=2 class=3 jobs=2 rows=55125 cells=299131 reach=299064 reverse=299131 table_mib=28.7 mutable_mib=1536.0 max_job_mib=1047.2 oldest_ms=372.98 pack_ms=21.11 solve_ms=352.16
v5_device jobs=6 rows=1905 cells=26053 direct=true graph_reused=false upload_ms=1.02 capture_ms=8.35 queue_ms=2.84 gpu_ms=0.01 unpack_ms=0.41 total_ms=12.64
v5_service device=1 lane=0 class=0 jobs=6 rows=1905 cells=26053 reach=22487 reverse=26053 table_mib=1.5 mutable_mib=48.0 max_job_mib=8.8 oldest_ms=430.06 pack_ms=1.99 solve_ms=12.73
v5_device jobs=1 rows=1815 cells=15431 direct=true graph_reused=false upload_ms=0.70 capture_ms=8.38 queue_ms=0.71 gpu_ms=0.01 unpack_ms=0.14 total_ms=9.94
v5_service device=1 lane=0 class=2 jobs=1 rows=1815 cells=15431 reach=15469 reverse=15445 table_mib=1.1 mutable_mib=64.0 max_job_mib=65.5 oldest_ms=381.45 pack_ms=1.21 solve_ms=10.03
v5_device jobs=22 rows=6773 cells=44566 direct=true graph_reused=false upload_ms=8.63 capture_ms=3.70 queue_ms=20.89 gpu_ms=0.01 unpack_ms=1.18 total_ms=34.42
v5_service device=0 lane=2 class=0 jobs=22 rows=6773 cells=44566 reach=275210 reverse=282939 table_mib=9.8 mutable_mib=176.0 max_job_mib=9.6 oldest_ms=75.78 pack_ms=7.58 solve_ms=34.47
v5_device jobs=160 rows=108205 cells=1291682 direct=true graph_reused=false upload_ms=231.04 capture_ms=14.44 queue_ms=297.37 gpu_ms=0.02 unpack_ms=43.14 total_ms=586.01
v5_service device=1 lane=1 class=1 jobs=160 rows=108205 cells=1291682 reach=3459876 reverse=3637324 table_mib=134.0 mutable_mib=3504.0 max_job_mib=38.1 oldest_ms=129.07 pack_ms=170.91 solve_ms=586.07
v5_device jobs=30 rows=22928 cells=192153 direct=true graph_reused=false upload_ms=30.53 capture_ms=3.88 queue_ms=98.08 gpu_ms=0.03 unpack_ms=8.72 total_ms=141.24
v5_service device=0 lane=0 class=1 jobs=30 rows=22928 cells=192153 reach=1042696 reverse=1057691 table_mib=35.0 mutable_mib=720.0 max_job_mib=43.1 oldest_ms=81.05 pack_ms=26.81 solve_ms=141.31
v5_device jobs=43 rows=32823 cells=378958 direct=true graph_reused=false upload_ms=28.36 capture_ms=3.95 queue_ms=95.87 gpu_ms=0.04 unpack_ms=7.48 total_ms=135.71
v5_service device=0 lane=1 class=1 jobs=43 rows=32823 cells=378958 reach=776794 reverse=817654 table_mib=33.4 mutable_mib=976.0 max_job_mib=38.3 oldest_ms=84.38 pack_ms=27.82 solve_ms=135.77
v5_device jobs=14 rows=4208 cells=63025 direct=true graph_reused=false upload_ms=9.79 capture_ms=5.16 queue_ms=41.02 gpu_ms=0.02 unpack_ms=0.93 total_ms=56.92
v5_service device=1 lane=0 class=0 jobs=14 rows=4208 cells=63025 reach=98893 reverse=105275 table_mib=4.4 mutable_mib=112.0 max_job_mib=9.8 oldest_ms=75.47 pack_ms=4.61 solve_ms=56.99
v5_device jobs=29 rows=19508 cells=186570 direct=true graph_reused=false upload_ms=20.83 capture_ms=4.42 queue_ms=49.53 gpu_ms=0.03 unpack_ms=4.06 total_ms=78.88
v5_service device=1 lane=2 class=1 jobs=29 rows=19508 cells=186570 reach=467571 reverse=483917 table_mib=19.7 mutable_mib=624.0 max_job_mib=35.5 oldest_ms=82.54 pack_ms=14.52 solve_ms=78.94
v5_device jobs=6 rows=11078 cells=43614 direct=true graph_reused=false upload_ms=12.75 capture_ms=4.23 queue_ms=19.22 gpu_ms=0.02 unpack_ms=1.49 total_ms=37.72
v5_service device=0 lane=0 class=2 jobs=6 rows=11078 cells=43614 reach=208577 reverse=208517 table_mib=9.4 mutable_mib=384.0 max_job_mib=67.2 oldest_ms=252.32 pack_ms=7.13 solve_ms=37.79
v5_device jobs=2 rows=3380 cells=21763 direct=true graph_reused=false upload_ms=0.99 capture_ms=5.28 queue_ms=5.53 gpu_ms=0.01 unpack_ms=0.43 total_ms=12.25
v5_service device=1 lane=2 class=2 jobs=2 rows=3380 cells=21763 reach=21552 reverse=21763 table_mib=1.9 mutable_mib=128.0 max_job_mib=65.5 oldest_ms=193.49 pack_ms=1.51 solve_ms=12.32
v5_device jobs=2 rows=605 cells=2810 direct=true graph_reused=false upload_ms=0.34 capture_ms=4.61 queue_ms=2.11 gpu_ms=0.01 unpack_ms=7.63 total_ms=14.70
v5_service device=0 lane=0 class=0 jobs=2 rows=605 cells=2810 reach=8586 reverse=8561 table_mib=0.5 mutable_mib=16.0 max_job_mib=8.4 oldest_ms=295.99 pack_ms=0.62 solve_ms=14.76
v5_device jobs=4 rows=953 cells=7026 direct=true graph_reused=false upload_ms=0.37 capture_ms=6.09 queue_ms=2.68 gpu_ms=0.01 unpack_ms=0.20 total_ms=9.34
v5_service device=1 lane=2 class=0 jobs=4 rows=953 cells=7026 reach=14223 reverse=14370 table_mib=0.8 mutable_mib=28.0 max_job_mib=8.4 oldest_ms=203.46 pack_ms=0.82 solve_ms=9.41
v5_device jobs=5 rows=11826 cells=192431 direct=true graph_reused=false upload_ms=6.46 capture_ms=3.83 queue_ms=22.65 gpu_ms=0.02 unpack_ms=2.43 total_ms=35.39
v5_service device=0 lane=1 class=2 jobs=5 rows=11826 cells=192431 reach=185999 reverse=192935 table_mib=10.0 mutable_mib=384.0 max_job_mib=135.0 oldest_ms=296.06 pack_ms=10.03 solve_ms=35.45
v5_device jobs=4 rows=1246 cells=5578 direct=true graph_reused=false upload_ms=0.70 capture_ms=3.77 queue_ms=4.97 gpu_ms=0.02 unpack_ms=0.24 total_ms=9.71
v5_service device=0 lane=1 class=0 jobs=4 rows=1246 cells=5578 reach=28795 reverse=28758 table_mib=1.2 mutable_mib=32.0 max_job_mib=8.7 oldest_ms=342.32 pack_ms=1.07 solve_ms=9.77
v5_device jobs=8 rows=17781 cells=256655 direct=true graph_reused=false upload_ms=28.01 capture_ms=4.40 queue_ms=38.93 gpu_ms=0.02 unpack_ms=3.95 total_ms=75.32
v5_service device=1 lane=2 class=2 jobs=8 rows=17781 cells=256655 reach=561721 reverse=598843 table_mib=21.9 mutable_mib=576.0 max_job_mib=133.1 oldest_ms=81.71 pack_ms=22.29 solve_ms=75.38
v5_device jobs=30 rows=21050 cells=157538 direct=true graph_reused=false upload_ms=34.44 capture_ms=4.16 queue_ms=52.67 gpu_ms=0.03 unpack_ms=5.87 total_ms=97.15
v5_service device=0 lane=0 class=1 jobs=30 rows=21050 cells=157538 reach=819331 reverse=841733 table_mib=29.1 mutable_mib=672.0 max_job_mib=37.5 oldest_ms=81.04 pack_ms=27.49 solve_ms=97.21
v5_device jobs=1 rows=21810 cells=173738 direct=true graph_reused=false upload_ms=13.23 capture_ms=3.97 queue_ms=64.01 gpu_ms=0.03 unpack_ms=2.50 total_ms=83.73
v5_service device=0 lane=0 class=3 jobs=1 rows=21810 cells=173738 reach=173768 reverse=173738 table_mib=13.5 mutable_mib=512.0 max_job_mib=533.5 oldest_ms=207.00 pack_ms=10.47 solve_ms=83.78
v5_device jobs=33 rows=25405 cells=219819 direct=true graph_reused=false upload_ms=53.71 capture_ms=4.63 queue_ms=82.70 gpu_ms=0.01 unpack_ms=4.98 total_ms=146.03
v5_service device=0 lane=1 class=1 jobs=33 rows=25405 cells=219819 reach=977980 reverse=1004560 table_mib=35.0 mutable_mib=768.0 max_job_mib=35.7 oldest_ms=83.54 pack_ms=27.39 solve_ms=146.08
v5_device jobs=4 rows=8050 cells=40467 direct=true graph_reused=false upload_ms=19.80 capture_ms=3.85 queue_ms=34.01 gpu_ms=0.02 unpack_ms=2.62 total_ms=60.29
v5_service device=0 lane=0 class=2 jobs=4 rows=8050 cells=40467 reach=693546 reverse=701085 table_mib=20.0 mutable_mib=320.0 max_job_mib=137.2 oldest_ms=301.73 pack_ms=13.51 solve_ms=60.36
v5_device jobs=1 rows=114 cells=882 direct=true graph_reused=false upload_ms=49.70 capture_ms=4.29 queue_ms=10.27 gpu_ms=0.01 unpack_ms=0.05 total_ms=64.32
v5_service device=0 lane=1 class=0 jobs=1 rows=114 cells=882 reach=11900 reverse=12137 table_mib=0.4 mutable_mib=4.0 max_job_mib=4.5 oldest_ms=293.21 pack_ms=0.52 solve_ms=64.37
v5_device jobs=3 rows=985 cells=5968 direct=true graph_reused=false upload_ms=13.96 capture_ms=4.28 queue_ms=10.22 gpu_ms=0.00 unpack_ms=0.16 total_ms=28.62
v5_service device=0 lane=0 class=0 jobs=3 rows=985 cells=5968 reach=20356 reverse=20332 table_mib=0.9 mutable_mib=24.0 max_job_mib=8.7 oldest_ms=342.48 pack_ms=0.82 solve_ms=28.65
v5_device jobs=22 rows=52631 cells=362925 direct=true graph_reused=false upload_ms=130.41 capture_ms=8.31 queue_ms=330.79 gpu_ms=0.01 unpack_ms=13.71 total_ms=483.23
v5_service device=1 lane=1 class=2 jobs=22 rows=52631 cells=362925 reach=2369202 reverse=2408480 table_mib=77.8 mutable_mib=1728.0 max_job_mib=175.3 oldest_ms=1064.67 pack_ms=96.92 solve_ms=483.28
v5_device jobs=85 rows=59489 cells=602884 direct=true graph_reused=false upload_ms=95.37 capture_ms=4.31 queue_ms=237.26 gpu_ms=0.02 unpack_ms=15.43 total_ms=352.39
v5_service device=1 lane=2 class=1 jobs=85 rows=59489 cells=602884 reach=1859735 reverse=1939029 table_mib=71.5 mutable_mib=1904.0 max_job_mib=36.1 oldest_ms=196.61 pack_ms=75.37 solve_ms=352.45
v5_device jobs=40 rows=29435 cells=202393 direct=true graph_reused=false upload_ms=46.80 capture_ms=4.25 queue_ms=125.40 gpu_ms=0.02 unpack_ms=5.65 total_ms=182.12
v5_service device=0 lane=0 class=1 jobs=40 rows=29435 cells=202393 reach=1196682 reverse=1217285 table_mib=41.5 mutable_mib=976.0 max_job_mib=38.6 oldest_ms=77.71 pack_ms=22.58 solve_ms=182.18
v5_device jobs=8 rows=2319 cells=18747 direct=true graph_reused=false upload_ms=2.17 capture_ms=4.26 queue_ms=10.50 gpu_ms=0.01 unpack_ms=0.46 total_ms=17.40
v5_service device=1 lane=2 class=0 jobs=8 rows=2319 cells=18747 reach=98584 reverse=102997 table_mib=3.5 mutable_mib=60.0 max_job_mib=9.2 oldest_ms=656.87 pack_ms=3.12 solve_ms=17.45
v5_device jobs=188 rows=135852 cells=1786174 direct=true graph_reused=false upload_ms=186.45 capture_ms=3.66 queue_ms=390.55 gpu_ms=0.03 unpack_ms=27.77 total_ms=608.46
v5_service device=1 lane=0 class=1 jobs=188 rows=135852 cells=1786174 reach=2691871 reverse=2917000 table_mib=127.8 mutable_mib=4336.0 max_job_mib=39.7 oldest_ms=177.33 pack_ms=133.90 solve_ms=608.52
v5_device jobs=7 rows=2170 cells=18157 direct=true graph_reused=false upload_ms=1.85 capture_ms=5.46 queue_ms=35.27 gpu_ms=0.02 unpack_ms=0.75 total_ms=43.35
v5_service device=0 lane=0 class=0 jobs=7 rows=2170 cells=18157 reach=81997 reverse=86497 table_mib=3.1 mutable_mib=56.0 max_job_mib=9.4 oldest_ms=289.74 pack_ms=2.32 solve_ms=43.42
v5_device jobs=1 rows=24255 cells=89981 direct=true graph_reused=false upload_ms=8.82 capture_ms=3.85 queue_ms=35.48 gpu_ms=0.03 unpack_ms=3.48 total_ms=51.66
v5_service device=1 lane=2 class=3 jobs=1 rows=24255 cells=89981 reach=89892 reverse=89981 table_mib=11.7 mutable_mib=1024.0 max_job_mib=1043.0 oldest_ms=613.12 pack_ms=8.98 solve_ms=51.72
v5_device jobs=1 rows=41277 cells=1069538 direct=true graph_reused=false upload_ms=41.30 capture_ms=3.61 queue_ms=282.67 gpu_ms=0.03 unpack_ms=8.90 total_ms=336.51
v5_service device=0 lane=1 class=3 jobs=1 rows=41277 cells=1069538 reach=857101 reverse=1069538 table_mib=43.8 mutable_mib=1024.0 max_job_mib=1085.5 oldest_ms=356.42 pack_ms=27.49 solve_ms=336.60
v5_device jobs=2 rows=9795 cells=43394 direct=true graph_reused=false upload_ms=16.02 capture_ms=6.28 queue_ms=30.81 gpu_ms=0.02 unpack_ms=2.65 total_ms=55.78
v5_service device=0 lane=1 class=2 jobs=2 rows=9795 cells=43394 reach=322863 reverse=324467 table_mib=11.2 mutable_mib=320.0 max_job_mib=261.0 oldest_ms=711.63 pack_ms=13.12 solve_ms=55.88
v5_device jobs=2 rows=96560 cells=622116 direct=true graph_reused=false upload_ms=69.00 capture_ms=4.22 queue_ms=87.96 gpu_ms=0.03 unpack_ms=8.04 total_ms=169.24
v5_service device=1 lane=1 class=3 jobs=2 rows=96560 cells=622116 reach=622172 reverse=622130 table_mib=49.4 mutable_mib=3072.0 max_job_mib=2091.1 oldest_ms=1677.02 pack_ms=30.36 solve_ms=169.32
v5_device jobs=163 rows=112734 cells=816241 direct=true graph_reused=false upload_ms=290.54 capture_ms=3.90 queue_ms=422.15 gpu_ms=0.03 unpack_ms=52.48 total_ms=769.09
v5_service device=0 lane=2 class=1 jobs=163 rows=112734 cells=816241 reach=5248170 reverse=5370970 table_mib=176.3 mutable_mib=3616.0 max_job_mib=37.8 oldest_ms=151.19 pack_ms=266.43 solve_ms=769.14
v5_device jobs=9 rows=28129 cells=312131 direct=true graph_reused=false upload_ms=45.27 capture_ms=6.35 queue_ms=62.39 gpu_ms=0.04 unpack_ms=8.72 total_ms=122.77
v5_service device=0 lane=0 class=2 jobs=9 rows=28129 cells=312131 reach=1022736 reverse=1051195 table_mib=36.5 mutable_mib=896.0 max_job_mib=265.8 oldest_ms=345.49 pack_ms=40.86 solve_ms=122.85
v5_device jobs=23 rows=15515 cells=176922 direct=true graph_reused=false upload_ms=51.26 capture_ms=4.83 queue_ms=69.15 gpu_ms=0.03 unpack_ms=5.40 total_ms=130.66
v5_service device=1 lane=2 class=1 jobs=23 rows=15515 cells=176922 reach=789777 reverse=835070 table_mib=26.8 mutable_mib=480.0 max_job_mib=37.1 oldest_ms=83.74 pack_ms=25.16 solve_ms=130.72
v5_device jobs=20 rows=46197 cells=503850 direct=true graph_reused=false upload_ms=38.37 capture_ms=7.05 queue_ms=110.18 gpu_ms=0.02 unpack_ms=7.29 total_ms=162.91
v5_service device=1 lane=0 class=2 jobs=20 rows=46197 cells=503850 reach=922963 reverse=974973 table_mib=42.3 mutable_mib=1408.0 max_job_mib=144.9 oldest_ms=982.62 pack_ms=39.06 solve_ms=162.98
v5_device jobs=19 rows=13437 cells=145509 direct=true graph_reused=false upload_ms=25.48 capture_ms=6.53 queue_ms=43.21 gpu_ms=0.04 unpack_ms=4.42 total_ms=79.68
v5_service device=0 lane=1 class=1 jobs=19 rows=13437 cells=145509 reach=655794 reverse=680926 table_mib=22.0 mutable_mib=448.0 max_job_mib=36.2 oldest_ms=84.44 pack_ms=20.99 solve_ms=79.76
v5_device jobs=2 rows=526 cells=2538 direct=true graph_reused=false upload_ms=0.38 capture_ms=4.18 queue_ms=2.27 gpu_ms=0.01 unpack_ms=0.16 total_ms=7.00
v5_service device=1 lane=2 class=0 jobs=2 rows=526 cells=2538 reach=9998 reverse=9990 table_mib=0.5 mutable_mib=16.0 max_job_mib=8.4 oldest_ms=262.30 pack_ms=0.69 solve_ms=7.06
v5_device jobs=4 rows=1325 cells=5408 direct=true graph_reused=false upload_ms=0.82 capture_ms=6.27 queue_ms=3.12 gpu_ms=0.03 unpack_ms=0.39 total_ms=10.63
v5_service device=0 lane=1 class=0 jobs=4 rows=1325 cells=5408 reach=25319 reverse=25428 table_mib=1.2 mutable_mib=32.0 max_job_mib=8.7 oldest_ms=189.21 pack_ms=2.25 solve_ms=10.70
v5_device jobs=3 rows=9056 cells=44721 direct=true graph_reused=false upload_ms=17.36 capture_ms=7.09 queue_ms=43.26 gpu_ms=0.02 unpack_ms=1.37 total_ms=69.10
v5_service device=0 lane=1 class=2 jobs=3 rows=9056 cells=44721 reach=174618 reverse=174644 table_mib=7.7 mutable_mib=256.0 max_job_mib=131.5 oldest_ms=211.79 pack_ms=10.79 solve_ms=69.19
v5_device jobs=32 rows=22568 cells=181232 direct=true graph_reused=false upload_ms=68.65 capture_ms=4.52 queue_ms=68.84 gpu_ms=0.04 unpack_ms=11.65 total_ms=153.69
v5_service device=1 lane=1 class=1 jobs=32 rows=22568 cells=181232 reach=1131561 reverse=1170205 table_mib=37.8 mutable_mib=768.0 max_job_mib=38.7 oldest_ms=82.05 pack_ms=35.77 solve_ms=153.75
v5_device jobs=23 rows=15026 cells=69251 direct=true graph_reused=false upload_ms=44.47 capture_ms=6.54 queue_ms=62.49 gpu_ms=0.03 unpack_ms=5.83 total_ms=119.35
v5_service device=0 lane=0 class=1 jobs=23 rows=15026 cells=69251 reach=889682 reverse=897450 table_mib=27.7 mutable_mib=480.0 max_job_mib=37.6 oldest_ms=83.02 pack_ms=29.73 solve_ms=119.44
v5_device jobs=3 rows=910 cells=6028 direct=true graph_reused=false upload_ms=4.87 capture_ms=14.99 queue_ms=40.62 gpu_ms=0.01 unpack_ms=0.66 total_ms=61.15
v5_service device=1 lane=1 class=0 jobs=3 rows=910 cells=6028 reach=42427 reverse=44402 table_mib=1.5 mutable_mib=24.0 max_job_mib=8.9 oldest_ms=286.90 pack_ms=2.06 solve_ms=61.21
v5_device jobs=29 rows=19717 cells=176188 direct=true graph_reused=false upload_ms=42.83 capture_ms=5.71 queue_ms=77.61 gpu_ms=0.03 unpack_ms=3.83 total_ms=130.00
v5_service device=1 lane=0 class=1 jobs=29 rows=19717 cells=176188 reach=774900 reverse=802242 table_mib=27.6 mutable_mib=624.0 max_job_mib=36.0 oldest_ms=82.23 pack_ms=25.86 solve_ms=130.07
v5_device jobs=1 rows=31121 cells=1090700 direct=true graph_reused=false upload_ms=53.89 capture_ms=4.34 queue_ms=102.20 gpu_ms=0.02 unpack_ms=6.20 total_ms=166.65
v5_service device=1 lane=2 class=3 jobs=1 rows=31121 cells=1090700 reach=896287 reverse=1090700 table_mib=41.6 mutable_mib=1024.0 max_job_mib=1083.5 oldest_ms=261.21 pack_ms=49.66 solve_ms=166.70
v5_device jobs=1 rows=11304 cells=251423 direct=true graph_reused=false upload_ms=9.79 capture_ms=5.67 queue_ms=15.34 gpu_ms=0.04 unpack_ms=1.08 total_ms=31.91
v5_service device=1 lane=1 class=2 jobs=1 rows=11304 cells=251423 reach=200593 reverse=251423 table_mib=10.9 mutable_mib=256.0 max_job_mib=271.1 oldest_ms=328.62 pack_ms=7.48 solve_ms=31.97
v5_device jobs=3 rows=10451 cells=129555 direct=true graph_reused=false upload_ms=5.70 capture_ms=3.66 queue_ms=19.73 gpu_ms=0.02 unpack_ms=1.16 total_ms=30.27
v5_service device=1 lane=2 class=2 jobs=3 rows=10451 cells=129555 reach=158546 reverse=160076 table_mib=8.7 mutable_mib=384.0 max_job_mib=265.2 oldest_ms=459.10 pack_ms=6.49 solve_ms=30.33
v5_device jobs=1 rows=29761 cells=190005 direct=true graph_reused=false upload_ms=12.64 capture_ms=6.88 queue_ms=123.35 gpu_ms=0.02 unpack_ms=1.87 total_ms=144.74
v5_service device=0 lane=1 class=3 jobs=1 rows=29761 cells=190005 reach=190022 reverse=190005 table_mib=15.0 mutable_mib=1024.0 max_job_mib=1043.8 oldest_ms=234.46 pack_ms=12.70 solve_ms=144.82
v5_device jobs=5 rows=15702 cells=203602 direct=true graph_reused=false upload_ms=23.47 capture_ms=4.81 queue_ms=86.76 gpu_ms=0.04 unpack_ms=4.32 total_ms=119.40
v5_service device=0 lane=0 class=2 jobs=5 rows=15702 cells=203602 reach=779025 reverse=825301 table_mib=26.5 mutable_mib=512.0 max_job_mib=141.9 oldest_ms=250.06 pack_ms=21.77 solve_ms=119.48
v5_device jobs=22 rows=48738 cells=370333 direct=true graph_reused=false upload_ms=144.04 capture_ms=4.87 queue_ms=145.32 gpu_ms=0.02 unpack_ms=11.16 total_ms=305.41
v5_service device=0 lane=2 class=2 jobs=22 rows=48738 cells=370333 reach=2109700 reverse=2162234 table_mib=72.2 mutable_mib=1664.0 max_job_mib=137.8 oldest_ms=1252.87 pack_ms=71.04 solve_ms=305.46
v5_device jobs=8 rows=2007 cells=8280 direct=true graph_reused=false upload_ms=2.01 capture_ms=6.84 queue_ms=13.60 gpu_ms=0.02 unpack_ms=0.53 total_ms=23.01
v5_service device=0 lane=0 class=0 jobs=8 rows=2007 cells=8280 reach=88924 reverse=93384 table_mib=3.1 mutable_mib=60.0 max_job_mib=9.3 oldest_ms=391.10 pack_ms=3.08 solve_ms=23.07
v5_device jobs=1 rows=51920 cells=191946 direct=true graph_reused=false upload_ms=43.49 capture_ms=4.22 queue_ms=81.97 gpu_ms=0.03 unpack_ms=8.56 total_ms=138.26
v5_service device=1 lane=1 class=3 jobs=1 rows=51920 cells=191946 reach=191691 reverse=192030 table_mib=27.0 mutable_mib=2048.0 max_job_mib=2097.8 oldest_ms=364.05 pack_ms=16.55 solve_ms=138.32
v5_device jobs=8 rows=27119 cells=87037 direct=true graph_reused=false upload_ms=45.69 capture_ms=4.41 queue_ms=65.17 gpu_ms=0.01 unpack_ms=2.86 total_ms=118.14
v5_service device=1 lane=2 class=2 jobs=8 rows=27119 cells=87037 reach=809957 reverse=819820 table_mib=31.0 mutable_mib=896.0 max_job_mib=266.1 oldest_ms=79.63 pack_ms=25.20 solve_ms=118.20
v5_device jobs=4 rows=17189 cells=60272 direct=true graph_reused=false upload_ms=82.87 capture_ms=3.60 queue_ms=107.22 gpu_ms=0.02 unpack_ms=7.56 total_ms=201.27
v5_service device=1 lane=0 class=2 jobs=4 rows=17189 cells=60272 reach=1661300 reverse=1664443 table_mib=46.3 mutable_mib=512.0 max_job_mib=304.4 oldest_ms=268.04 pack_ms=49.06 solve_ms=201.33
v5_device jobs=2 rows=586 cells=4599 direct=true graph_reused=false upload_ms=0.65 capture_ms=4.13 queue_ms=6.31 gpu_ms=0.01 unpack_ms=0.18 total_ms=11.28
v5_service device=1 lane=0 class=0 jobs=2 rows=586 cells=4599 reach=34520 reverse=35721 table_mib=1.1 mutable_mib=16.0 max_job_mib=9.2 oldest_ms=487.30 pack_ms=0.89 solve_ms=11.33
v5_device jobs=27 rows=18320 cells=76930 direct=true graph_reused=false upload_ms=44.01 capture_ms=3.45 queue_ms=44.79 gpu_ms=0.02 unpack_ms=3.90 total_ms=96.18
v5_service device=1 lane=1 class=1 jobs=27 rows=18320 cells=76930 reach=947896 reverse=959203 table_mib=30.8 mutable_mib=624.0 max_job_mib=35.4 oldest_ms=81.19 pack_ms=22.83 solve_ms=96.23
v5_device jobs=8 rows=2315 cells=8098 direct=true graph_reused=false upload_ms=1.76 capture_ms=3.96 queue_ms=11.64 gpu_ms=0.02 unpack_ms=0.45 total_ms=17.83
v5_service device=1 lane=1 class=0 jobs=8 rows=2315 cells=8098 reach=73948 reverse=75392 table_mib=2.8 mutable_mib=64.0 max_job_mib=8.7 oldest_ms=219.63 pack_ms=2.65 solve_ms=17.90
v5_device jobs=34 rows=24064 cells=174536 direct=true graph_reused=false upload_ms=45.18 capture_ms=3.64 queue_ms=189.32 gpu_ms=0.03 unpack_ms=6.04 total_ms=244.21
v5_service device=0 lane=1 class=1 jobs=34 rows=24064 cells=174536 reach=955131 reverse=982300 table_mib=33.7 mutable_mib=752.0 max_job_mib=36.7 oldest_ms=84.21 pack_ms=32.75 solve_ms=244.27
v5_device jobs=36 rows=22459 cells=104623 direct=true graph_reused=false upload_ms=58.03 capture_ms=4.18 queue_ms=147.21 gpu_ms=0.03 unpack_ms=10.54 total_ms=219.99
v5_service device=0 lane=0 class=1 jobs=36 rows=22459 cells=104623 reach=1179419 reverse=1192197 table_mib=37.9 mutable_mib=752.0 max_job_mib=39.5 oldest_ms=81.62 pack_ms=26.82 solve_ms=220.07
v5_device jobs=4 rows=112354 cells=1218215 direct=true graph_reused=false upload_ms=85.49 capture_ms=4.60 queue_ms=170.94 gpu_ms=0.02 unpack_ms=12.43 total_ms=273.48
v5_service device=0 lane=2 class=3 jobs=4 rows=112354 cells=1218215 reach=1212045 reverse=1218215 table_mib=73.8 mutable_mib=3072.0 max_job_mib=1076.5 oldest_ms=1652.49 pack_ms=62.50 solve_ms=273.54
v5_device jobs=4 rows=1014 cells=14162 direct=true graph_reused=false upload_ms=0.55 capture_ms=7.18 queue_ms=20.00 gpu_ms=0.01 unpack_ms=0.32 total_ms=28.05
v5_service device=0 lane=1 class=0 jobs=4 rows=1014 cells=14162 reach=11974 reverse=14162 table_mib=0.8 mutable_mib=28.0 max_job_mib=8.4 oldest_ms=449.49 pack_ms=1.06 solve_ms=28.15
v5_device jobs=24 rows=16181 cells=154168 direct=true graph_reused=false upload_ms=31.18 capture_ms=5.28 queue_ms=105.21 gpu_ms=0.01 unpack_ms=2.94 total_ms=144.62
v5_service device=1 lane=0 class=1 jobs=24 rows=16181 cells=154168 reach=639964 reverse=661664 table_mib=22.5 mutable_mib=528.0 max_job_mib=36.5 oldest_ms=80.66 pack_ms=16.83 solve_ms=144.67
v5_device jobs=1 rows=56425 cells=240605 direct=true graph_reused=false upload_ms=18.96 capture_ms=3.51 queue_ms=53.76 gpu_ms=0.01 unpack_ms=2.54 total_ms=78.78
v5_service device=0 lane=2 class=3 jobs=1 rows=56425 cells=240605 reach=240623 reverse=240605 table_mib=25.5 mutable_mib=2048.0 max_job_mib=2082.0 oldest_ms=1984.73 pack_ms=15.10 solve_ms=78.82
v5_device jobs=1 rows=21217 cells=169952 direct=true graph_reused=false upload_ms=11.02 capture_ms=4.54 queue_ms=121.70 gpu_ms=0.02 unpack_ms=1.22 total_ms=138.50
v5_service device=1 lane=1 class=3 jobs=1 rows=21217 cells=169952 reach=167457 reverse=169952 table_mib=12.2 mutable_mib=512.0 max_job_mib=528.5 oldest_ms=231.78 pack_ms=10.14 solve_ms=138.57
v5_device jobs=4 rows=1086 cells=6918 direct=true graph_reused=false upload_ms=1.36 capture_ms=5.77 queue_ms=6.28 gpu_ms=0.01 unpack_ms=0.54 total_ms=13.96
v5_service device=1 lane=0 class=0 jobs=4 rows=1086 cells=6918 reach=59034 reverse=60200 table_mib=1.9 mutable_mib=32.0 max_job_mib=9.0 oldest_ms=243.78 pack_ms=2.26 solve_ms=14.04
v5_device jobs=5 rows=8466 cells=31022 direct=true graph_reused=false upload_ms=10.89 capture_ms=6.77 queue_ms=22.48 gpu_ms=0.02 unpack_ms=1.65 total_ms=41.82
v5_service device=0 lane=0 class=2 jobs=5 rows=8466 cells=31022 reach=375135 reverse=384909 table_mib=12.7 mutable_mib=320.0 max_job_mib=70.9 oldest_ms=416.79 pack_ms=10.25 solve_ms=41.89
v5_device jobs=1 rows=2312 cells=3007 direct=true graph_reused=false upload_ms=1.47 capture_ms=4.52 queue_ms=5.71 gpu_ms=0.01 unpack_ms=0.13 total_ms=11.85
v5_service device=1 lane=1 class=2 jobs=1 rows=2312 cells=3007 reach=54015 reverse=54007 table_mib=2.3 mutable_mib=64.0 max_job_mib=67.0 oldest_ms=368.57 pack_ms=2.12 solve_ms=11.92
v5_device jobs=52 rows=40067 cells=284506 direct=true graph_reused=false upload_ms=93.31 capture_ms=3.99 queue_ms=157.22 gpu_ms=0.02 unpack_ms=14.31 total_ms=268.85
v5_service device=1 lane=2 class=1 jobs=52 rows=40067 cells=284506 reach=2035821 reverse=2087250 table_mib=67.2 mutable_mib=1264.0 max_job_mib=39.3 oldest_ms=241.08 pack_ms=44.36 solve_ms=268.90
v5_device jobs=4 rows=1306 cells=6934 direct=true graph_reused=false upload_ms=0.75 capture_ms=3.78 queue_ms=27.03 gpu_ms=0.01 unpack_ms=0.21 total_ms=31.77
v5_service device=0 lane=0 class=0 jobs=4 rows=1306 cells=6934 reach=33289 reverse=34135 table_mib=1.4 mutable_mib=32.0 max_job_mib=8.7 oldest_ms=468.72 pack_ms=1.16 solve_ms=31.80
v5_device jobs=4 rows=11735 cells=145266 direct=true graph_reused=false upload_ms=13.52 capture_ms=6.50 queue_ms=32.49 gpu_ms=0.02 unpack_ms=2.11 total_ms=54.64
v5_service device=0 lane=1 class=2 jobs=4 rows=11735 cells=145266 reach=369532 reverse=381677 table_mib=14.0 mutable_mib=448.0 max_job_mib=261.2 oldest_ms=478.64 pack_ms=14.42 solve_ms=54.70
v5_device jobs=3 rows=6629 cells=122389 direct=true graph_reused=false upload_ms=10.42 capture_ms=4.58 queue_ms=22.90 gpu_ms=0.01 unpack_ms=1.38 total_ms=39.28
v5_service device=1 lane=0 class=2 jobs=3 rows=6629 cells=122389 reach=366159 reverse=387590 table_mib=12.4 mutable_mib=192.0 max_job_mib=75.4 oldest_ms=256.66 pack_ms=15.42 solve_ms=39.34
v5_device jobs=12 rows=3098 cells=18052 direct=true graph_reused=false upload_ms=3.68 capture_ms=4.05 queue_ms=14.65 gpu_ms=0.02 unpack_ms=0.71 total_ms=23.11
v5_service device=1 lane=2 class=0 jobs=12 rows=3098 cells=18052 reach=135214 reverse=139485 table_mib=4.8 mutable_mib=88.0 max_job_mib=9.5 oldest_ms=558.90 pack_ms=3.19 solve_ms=23.17
v5_device jobs=1 rows=18145 cells=176446 direct=true graph_reused=false upload_ms=9.94 capture_ms=4.03 queue_ms=24.85 gpu_ms=0.02 unpack_ms=2.62 total_ms=41.46
v5_service device=1 lane=0 class=3 jobs=1 rows=18145 cells=176446 reach=176326 reverse=176446 table_mib=11.9 mutable_mib=512.0 max_job_mib=530.7 oldest_ms=299.71 pack_ms=8.97 solve_ms=41.51
v5_device jobs=24 rows=6781 cells=34654 direct=true graph_reused=false upload_ms=12.37 capture_ms=3.57 queue_ms=29.48 gpu_ms=0.01 unpack_ms=2.05 total_ms=47.48
v5_service device=1 lane=1 class=0 jobs=24 rows=6781 cells=34654 reach=391224 reverse=399731 table_mib=12.6 mutable_mib=192.0 max_job_mib=10.5 oldest_ms=76.24 pack_ms=9.17 solve_ms=47.55
v5_device jobs=2 rows=28850 cells=154590 direct=true graph_reused=false upload_ms=58.78 capture_ms=6.92 queue_ms=57.17 gpu_ms=0.02 unpack_ms=5.92 total_ms=128.82
v5_service device=1 lane=2 class=3 jobs=2 rows=28850 cells=154590 reach=959489 reverse=960413 table_mib=34.7 mutable_mib=1024.0 max_job_mib=549.1 oldest_ms=579.44 pack_ms=29.01 solve_ms=128.87
v5_device jobs=35 rows=24888 cells=175052 direct=true graph_reused=false upload_ms=31.38 capture_ms=3.67 queue_ms=65.65 gpu_ms=0.02 unpack_ms=5.38 total_ms=106.10
v5_service device=1 lane=0 class=1 jobs=35 rows=24888 cells=175052 reach=1253417 reverse=1279749 table_mib=41.1 mutable_mib=832.0 max_job_mib=38.5 oldest_ms=81.33 pack_ms=27.00 solve_ms=106.15
v5_device jobs=24 rows=18225 cells=156086 direct=true graph_reused=false upload_ms=42.53 capture_ms=3.84 queue_ms=118.07 gpu_ms=0.02 unpack_ms=4.84 total_ms=169.29
v5_service device=0 lane=1 class=1 jobs=24 rows=18225 cells=156086 reach=917135 reverse=947300 table_mib=30.5 mutable_mib=624.0 max_job_mib=38.2 oldest_ms=82.47 pack_ms=27.50 solve_ms=169.35
v5_device jobs=35 rows=22908 cells=104352 direct=true graph_reused=false upload_ms=68.53 capture_ms=32.90 queue_ms=124.85 gpu_ms=0.02 unpack_ms=6.18 total_ms=232.47
v5_service device=0 lane=2 class=1 jobs=35 rows=22908 cells=104352 reach=1332512 reverse=1353790 table_mib=42.3 mutable_mib=736.0 max_job_mib=37.2 oldest_ms=81.33 pack_ms=32.91 solve_ms=232.53
v5_device jobs=1 rows=42849 cells=185695 direct=true graph_reused=false upload_ms=92.37 capture_ms=3.70 queue_ms=143.27 gpu_ms=0.03 unpack_ms=8.89 total_ms=248.26
v5_service device=0 lane=0 class=3 jobs=1 rows=42849 cells=185695 reach=1729982 reverse=1730935 table_mib=59.5 mutable_mib=1024.0 max_job_mib=1104.8 oldest_ms=437.47 pack_ms=45.97 solve_ms=248.32
v5_device jobs=3 rows=846 cells=4913 direct=true graph_reused=false upload_ms=0.74 capture_ms=7.60 queue_ms=2.97 gpu_ms=0.02 unpack_ms=0.21 total_ms=11.54
v5_service device=1 lane=0 class=0 jobs=3 rows=846 cells=4913 reach=20088 reverse=20777 table_mib=0.9 mutable_mib=24.0 max_job_mib=8.7 oldest_ms=220.90 pack_ms=1.30 solve_ms=11.61
v5_device jobs=17 rows=4768 cells=22762 direct=true graph_reused=false upload_ms=9.08 capture_ms=4.10 queue_ms=25.49 gpu_ms=0.01 unpack_ms=1.06 total_ms=39.74
v5_service device=1 lane=2 class=0 jobs=17 rows=4768 cells=22762 reach=230549 reverse=234875 table_mib=7.8 mutable_mib=132.0 max_job_mib=10.0 oldest_ms=76.58 pack_ms=5.96 solve_ms=39.80
v5_device jobs=4 rows=9741 cells=52802 direct=true graph_reused=false upload_ms=23.92 capture_ms=4.27 queue_ms=34.73 gpu_ms=0.02 unpack_ms=1.68 total_ms=64.62
v5_service device=0 lane=2 class=2 jobs=4 rows=9741 cells=52802 reach=477439 reverse=489788 table_mib=15.8 mutable_mib=384.0 max_job_mib=132.9 oldest_ms=352.56 pack_ms=14.11 solve_ms=64.67
v5_device jobs=3 rows=6690 cells=32659 direct=true graph_reused=false upload_ms=18.38 capture_ms=6.92 queue_ms=40.83 gpu_ms=0.02 unpack_ms=1.82 total_ms=67.98
v5_service device=0 lane=1 class=2 jobs=3 rows=6690 cells=32659 reach=438196 reverse=445465 table_mib=13.4 mutable_mib=256.0 max_job_mib=139.2 oldest_ms=283.98 pack_ms=15.39 solve_ms=68.05
v5_device jobs=5 rows=1577 cells=18844 direct=true graph_reused=false upload_ms=1.69 capture_ms=7.39 queue_ms=16.49 gpu_ms=0.01 unpack_ms=0.28 total_ms=25.86
v5_service device=0 lane=1 class=0 jobs=5 rows=1577 cells=18844 reach=41179 reverse=44959 table_mib=1.8 mutable_mib=40.0 max_job_mib=8.8 oldest_ms=362.31 pack_ms=1.47 solve_ms=25.92
v5_device jobs=7 rows=1772 cells=9076 direct=true graph_reused=false upload_ms=2.35 capture_ms=5.15 queue_ms=19.43 gpu_ms=0.01 unpack_ms=0.47 total_ms=27.41
v5_service device=0 lane=2 class=0 jobs=7 rows=1772 cells=9076 reach=126851 reverse=128489 table_mib=3.9 mutable_mib=56.0 max_job_mib=9.8 oldest_ms=431.81 pack_ms=2.87 solve_ms=27.45
v5_device jobs=7 rows=15550 cells=43110 direct=true graph_reused=false upload_ms=27.61 capture_ms=5.93 queue_ms=35.55 gpu_ms=0.01 unpack_ms=2.91 total_ms=72.02
v5_service device=1 lane=0 class=2 jobs=7 rows=15550 cells=43110 reach=739215 reverse=743629 table_mib=24.3 mutable_mib=512.0 max_job_mib=130.8 oldest_ms=227.75 pack_ms=26.36 solve_ms=72.06
v5_device jobs=26 rows=20316 cells=127602 direct=true graph_reused=false upload_ms=56.55 capture_ms=3.62 queue_ms=63.82 gpu_ms=0.02 unpack_ms=5.34 total_ms=129.35
v5_service device=0 lane=0 class=1 jobs=26 rows=20316 cells=127602 reach=1263602 reverse=1284084 table_mib=39.3 mutable_mib=592.0 max_job_mib=36.3 oldest_ms=80.39 pack_ms=30.59 solve_ms=129.41
v5_device jobs=2 rows=688 cells=1256 direct=true graph_reused=false upload_ms=5.26 capture_ms=5.15 queue_ms=27.88 gpu_ms=0.01 unpack_ms=0.11 total_ms=38.41
v5_service device=0 lane=0 class=0 jobs=2 rows=688 cells=1256 reach=15967 reverse=16228 table_mib=0.7 mutable_mib=16.0 max_job_mib=8.6 oldest_ms=256.81 pack_ms=0.97 solve_ms=38.47
v5_device jobs=29 rows=18608 cells=119197 direct=true graph_reused=false upload_ms=23.60 capture_ms=3.57 queue_ms=129.96 gpu_ms=0.01 unpack_ms=2.89 total_ms=160.03
v5_service device=0 lane=2 class=1 jobs=29 rows=18608 cells=119197 reach=769777 reverse=785620 table_mib=26.6 mutable_mib=624.0 max_job_mib=34.9 oldest_ms=82.42 pack_ms=17.56 solve_ms=160.09
v5_device jobs=5 rows=1507 cells=4331 direct=true graph_reused=false upload_ms=0.90 capture_ms=4.47 queue_ms=11.82 gpu_ms=0.01 unpack_ms=0.21 total_ms=17.41
v5_service device=0 lane=2 class=0 jobs=5 rows=1507 cells=4331 reach=40897 reverse=41403 table_mib=1.7 mutable_mib=40.0 max_job_mib=8.7 oldest_ms=262.10 pack_ms=1.37 solve_ms=17.48
v5_device jobs=2 rows=4524 cells=23030 direct=true graph_reused=false upload_ms=3.47 capture_ms=3.79 queue_ms=80.95 gpu_ms=0.01 unpack_ms=0.63 total_ms=88.84
v5_service device=0 lane=0 class=2 jobs=2 rows=4524 cells=23030 reach=170804 reverse=175570 table_mib=6.1 mutable_mib=192.0 max_job_mib=134.6 oldest_ms=275.64 pack_ms=5.35 solve_ms=88.90
v5_device jobs=1 rows=34176 cells=323034 direct=true graph_reused=false upload_ms=112.48 capture_ms=3.85 queue_ms=155.89 gpu_ms=0.02 unpack_ms=27.73 total_ms=299.97
v5_service device=0 lane=1 class=3 jobs=1 rows=34176 cells=323034 reach=2710503 reverse=2773536 table_mib=80.0 mutable_mib=1024.0 max_job_mib=1137.9 oldest_ms=355.89 pack_ms=42.43 solve_ms=300.03
v5_device jobs=5 rows=18240 cells=127122 direct=true graph_reused=false upload_ms=20.19 capture_ms=3.94 queue_ms=47.28 gpu_ms=0.01 unpack_ms=1.67 total_ms=73.09
v5_service device=0 lane=2 class=2 jobs=5 rows=18240 cells=127122 reach=687543 reverse=696953 table_mib=24.5 mutable_mib=512.0 max_job_mib=265.6 oldest_ms=283.42 pack_ms=19.12 solve_ms=73.16
v5_device jobs=1 rows=19638 cells=25344 direct=true graph_reused=false upload_ms=12.53 capture_ms=3.39 queue_ms=31.76 gpu_ms=0.01 unpack_ms=0.75 total_ms=48.45
v5_service device=0 lane=2 class=3 jobs=1 rows=19638 cells=25344 reach=383351 reverse=383378 table_mib=17.9 mutable_mib=512.0 max_job_mib=534.7 oldest_ms=358.71 pack_ms=12.04 solve_ms=48.51
v5_device jobs=25 rows=16004 cells=165311 direct=true graph_reused=false upload_ms=67.96 capture_ms=3.71 queue_ms=250.77 gpu_ms=0.02 unpack_ms=4.58 total_ms=327.03
v5_service device=1 lane=0 class=1 jobs=25 rows=16004 cells=165311 reach=1004368 reverse=1037207 table_mib=31.9 mutable_mib=512.0 max_job_mib=39.8 oldest_ms=83.10 pack_ms=42.94 solve_ms=327.10
v5_device jobs=33 rows=23743 cells=152853 direct=true graph_reused=false upload_ms=43.30 capture_ms=3.80 queue_ms=68.29 gpu_ms=0.02 unpack_ms=3.82 total_ms=119.22
v5_service device=0 lane=1 class=1 jobs=33 rows=23743 cells=152853 reach=893790 reverse=923418 table_mib=32.4 mutable_mib=736.0 max_job_mib=36.6 oldest_ms=80.83 pack_ms=23.69 solve_ms=119.29
v5_device jobs=4 rows=1315 cells=2765 direct=true graph_reused=false upload_ms=0.77 capture_ms=4.12 queue_ms=106.63 gpu_ms=0.01 unpack_ms=0.26 total_ms=111.79
v5_service device=1 lane=0 class=0 jobs=4 rows=1315 cells=2765 reach=36961 reverse=36929 table_mib=1.5 mutable_mib=32.0 max_job_mib=8.6 oldest_ms=451.67 pack_ms=1.29 solve_ms=111.85
v5_device jobs=29 rows=23898 cells=161541 direct=true graph_reused=false upload_ms=62.81 capture_ms=3.86 queue_ms=107.79 gpu_ms=0.01 unpack_ms=6.39 total_ms=180.86
v5_service device=0 lane=0 class=1 jobs=29 rows=23898 cells=161541 reach=1395931 reverse=1429840 table_mib=44.4 mutable_mib=736.0 max_job_mib=39.0 oldest_ms=79.94 pack_ms=31.80 solve_ms=180.91
v5_device jobs=1 rows=2575 cells=17855 direct=true graph_reused=false upload_ms=0.92 capture_ms=6.37 queue_ms=3.28 gpu_ms=0.01 unpack_ms=1.47 total_ms=12.06
v5_service device=1 lane=0 class=2 jobs=1 rows=2575 cells=17855 reach=17880 reverse=17855 table_mib=1.4 mutable_mib=64.0 max_job_mib=65.9 oldest_ms=552.43 pack_ms=1.48 solve_ms=12.15
v5_device jobs=142 rows=96984 cells=599747 direct=true graph_reused=false upload_ms=256.99 capture_ms=3.72 queue_ms=384.67 gpu_ms=0.03 unpack_ms=33.38 total_ms=678.79
v5_service device=1 lane=1 class=1 jobs=142 rows=96984 cells=599747 reach=6006192 reverse=6117661 table_mib=187.4 mutable_mib=3296.0 max_job_mib=39.3 oldest_ms=225.53 pack_ms=150.68 solve_ms=678.84
v5_device jobs=2 rows=3783 cells=6753 direct=true graph_reused=false upload_ms=8.64 capture_ms=5.78 queue_ms=53.40 gpu_ms=0.02 unpack_ms=4.31 total_ms=72.16
v5_service device=0 lane=0 class=2 jobs=2 rows=3783 cells=6753 reach=280522 reverse=280534 table_mib=8.2 mutable_mib=128.0 max_job_mib=71.0 oldest_ms=300.74 pack_ms=7.46 solve_ms=72.24
v5_device jobs=33 rows=21599 cells=193089 direct=true graph_reused=false upload_ms=46.72 capture_ms=3.75 queue_ms=73.33 gpu_ms=0.03 unpack_ms=9.73 total_ms=133.55
v5_service device=0 lane=2 class=1 jobs=33 rows=21599 cells=193089 reach=1344649 reverse=1381381 table_mib=42.4 mutable_mib=736.0 max_job_mib=37.9 oldest_ms=78.03 pack_ms=25.33 solve_ms=133.61
v5_device jobs=108 rows=72821 cells=439582 direct=true graph_reused=false upload_ms=189.35 capture_ms=4.15 queue_ms=304.87 gpu_ms=0.03 unpack_ms=40.09 total_ms=538.49
v5_service device=1 lane=2 class=1 jobs=108 rows=72821 cells=439582 reach=4595848 reverse=4686200 table_mib=143.3 mutable_mib=2416.0 max_job_mib=37.8 oldest_ms=156.95 pack_ms=179.95 solve_ms=538.54
v5_device jobs=16 rows=4825 cells=17292 direct=true graph_reused=false upload_ms=8.10 capture_ms=3.83 queue_ms=18.52 gpu_ms=0.03 unpack_ms=1.43 total_ms=31.91
v5_service device=1 lane=0 class=0 jobs=16 rows=4825 cells=17292 reach=221581 reverse=226442 table_mib=7.6 mutable_mib=128.0 max_job_mib=9.5 oldest_ms=76.15 pack_ms=6.66 solve_ms=31.99
v5_device jobs=3 rows=959 cells=8415 direct=true graph_reused=false upload_ms=2.97 capture_ms=9.42 queue_ms=28.94 gpu_ms=0.03 unpack_ms=0.61 total_ms=41.97
v5_service device=0 lane=0 class=0 jobs=3 rows=959 cells=8415 reach=106633 reverse=108882 table_mib=3.1 mutable_mib=24.0 max_job_mib=10.3 oldest_ms=378.91 pack_ms=3.12 solve_ms=42.05
v5_device jobs=6 rows=10401 cells=65177 direct=true graph_reused=false upload_ms=49.29 capture_ms=4.19 queue_ms=53.00 gpu_ms=0.03 unpack_ms=6.27 total_ms=112.78
v5_service device=0 lane=1 class=2 jobs=6 rows=10401 cells=65177 reach=1034737 reverse=1048851 table_mib=29.2 mutable_mib=448.0 max_job_mib=144.0 oldest_ms=242.84 pack_ms=20.88 solve_ms=112.85
v5_device jobs=3 rows=882 cells=4375 direct=true graph_reused=false upload_ms=1.09 capture_ms=4.58 queue_ms=8.43 gpu_ms=0.01 unpack_ms=0.25 total_ms=14.36
v5_service device=0 lane=1 class=0 jobs=3 rows=882 cells=4375 reach=42183 reverse=43299 table_mib=1.4 mutable_mib=24.0 max_job_mib=9.0 oldest_ms=373.12 pack_ms=1.61 solve_ms=14.42
v5_device jobs=5 rows=11148 cells=35962 direct=true graph_reused=false upload_ms=12.53 capture_ms=5.70 queue_ms=28.38 gpu_ms=0.02 unpack_ms=1.18 total_ms=47.81
v5_service device=0 lane=2 class=2 jobs=5 rows=11148 cells=35962 reach=225461 reverse=227175 table_mib=9.9 mutable_mib=448.0 max_job_mib=131.2 oldest_ms=240.91 pack_ms=8.41 solve_ms=47.87
v5_device jobs=3 rows=943 cells=2986 direct=true graph_reused=false upload_ms=0.69 capture_ms=4.37 queue_ms=3.94 gpu_ms=0.01 unpack_ms=2.46 total_ms=11.46
v5_service device=0 lane=2 class=0 jobs=3 rows=943 cells=2986 reach=22410 reverse=23138 table_mib=1.0 mutable_mib=24.0 max_job_mib=8.5 oldest_ms=294.33 pack_ms=1.05 solve_ms=11.56
v5_device jobs=1 rows=15192 cells=19028 direct=true graph_reused=false upload_ms=14.39 capture_ms=3.80 queue_ms=20.58 gpu_ms=0.02 unpack_ms=0.95 total_ms=39.74
v5_service device=0 lane=2 class=3 jobs=1 rows=15192 cells=19028 reach=264142 reverse=264134 table_mib=12.8 mutable_mib=512.0 max_job_mib=528.1 oldest_ms=283.05 pack_ms=12.27 solve_ms=39.80
v5_device jobs=33 rows=19953 cells=106091 direct=true graph_reused=false upload_ms=53.38 capture_ms=3.82 queue_ms=63.96 gpu_ms=0.03 unpack_ms=4.72 total_ms=125.91
v5_service device=0 lane=1 class=1 jobs=33 rows=19953 cells=106091 reach=1073497 reverse=1090410 table_mib=34.5 mutable_mib=688.0 max_job_mib=36.7 oldest_ms=81.31 pack_ms=32.47 solve_ms=125.96
v5_device jobs=28 rows=20134 cells=191827 direct=true graph_reused=false upload_ms=54.05 capture_ms=4.00 queue_ms=96.16 gpu_ms=0.01 unpack_ms=4.69 total_ms=158.91
v5_service device=0 lane=0 class=1 jobs=28 rows=20134 cells=191827 reach=864326 reverse=893234 table_mib=30.0 mutable_mib=608.0 max_job_mib=39.2 oldest_ms=83.71 pack_ms=29.58 solve_ms=158.95
v5_device jobs=30 rows=22183 cells=136836 direct=true graph_reused=false upload_ms=45.20 capture_ms=3.82 queue_ms=64.85 gpu_ms=0.02 unpack_ms=6.22 total_ms=120.11
v5_service device=0 lane=2 class=1 jobs=30 rows=22183 cells=136836 reach=1340859 reverse=1362094 table_mib=41.8 mutable_mib=688.0 max_job_mib=37.9 oldest_ms=81.70 pack_ms=28.19 solve_ms=120.17
v5_device jobs=3 rows=951 cells=5281 direct=true graph_reused=false upload_ms=0.72 capture_ms=4.76 queue_ms=24.83 gpu_ms=0.01 unpack_ms=0.26 total_ms=30.58
v5_service device=0 lane=1 class=0 jobs=3 rows=951 cells=5281 reach=29579 reverse=31437 table_mib=1.2 mutable_mib=24.0 max_job_mib=8.8 oldest_ms=279.83 pack_ms=1.28 solve_ms=30.68
v5_device jobs=4 rows=6495 cells=21445 direct=true graph_reused=false upload_ms=10.89 capture_ms=4.35 queue_ms=25.73 gpu_ms=0.02 unpack_ms=2.07 total_ms=43.05
v5_service device=0 lane=0 class=2 jobs=4 rows=6495 cells=21445 reach=382831 reverse=392706 table_mib=12.0 mutable_mib=256.0 max_job_mib=70.1 oldest_ms=297.28 pack_ms=8.11 solve_ms=43.11
v5_device jobs=24 rows=47163 cells=278573 direct=true graph_reused=false upload_ms=124.44 capture_ms=3.88 queue_ms=180.86 gpu_ms=0.03 unpack_ms=13.32 total_ms=322.53
v5_service device=1 lane=1 class=2 jobs=24 rows=47163 cells=278573 reach=2385190 reverse=2437014 table_mib=78.1 mutable_mib=1600.0 max_job_mib=136.6 oldest_ms=1078.70 pack_ms=93.05 solve_ms=322.60
v5_device jobs=1 rows=1942 cells=12664 direct=true graph_reused=false upload_ms=1.25 capture_ms=6.28 queue_ms=4.60 gpu_ms=0.01 unpack_ms=0.12 total_ms=12.26
v5_service device=0 lane=1 class=2 jobs=1 rows=1942 cells=12664 reach=38884 reverse=41860 table_mib=1.9 mutable_mib=64.0 max_job_mib=66.3 oldest_ms=257.14 pack_ms=2.16 solve_ms=12.33
v5_device jobs=14 rows=32862 cells=274914 direct=true graph_reused=false upload_ms=121.81 capture_ms=4.42 queue_ms=185.73 gpu_ms=0.01 unpack_ms=13.19 total_ms=325.15
v5_service device=1 lane=2 class=2 jobs=14 rows=32862 cells=274914 reach=1965732 reverse=1999410 table_mib=60.8 mutable_mib=1088.0 max_job_mib=135.0 oldest_ms=905.03 pack_ms=54.22 solve_ms=325.19
v5_device jobs=3 rows=679 cells=8081 direct=true graph_reused=false upload_ms=1.16 capture_ms=5.45 queue_ms=24.89 gpu_ms=0.01 unpack_ms=0.30 total_ms=31.81
v5_service device=0 lane=0 class=0 jobs=3 rows=679 cells=8081 reach=70965 reverse=73697 table_mib=2.1 mutable_mib=20.0 max_job_mib=9.7 oldest_ms=375.69 pack_ms=1.64 solve_ms=31.87
v5_device jobs=6 rows=16669 cells=44813 direct=true graph_reused=false upload_ms=19.22 capture_ms=5.09 queue_ms=34.55 gpu_ms=0.01 unpack_ms=2.01 total_ms=60.88
v5_service device=0 lane=2 class=2 jobs=6 rows=16669 cells=44813 reach=591419 reverse=595067 table_mib=21.3 mutable_mib=576.0 max_job_mib=265.1 oldest_ms=234.06 pack_ms=17.72 solve_ms=60.94
v5_device jobs=3 rows=991 cells=6531 direct=true graph_reused=false upload_ms=0.73 capture_ms=4.79 queue_ms=6.11 gpu_ms=0.01 unpack_ms=0.20 total_ms=11.83
v5_service device=0 lane=2 class=0 jobs=3 rows=991 cells=6531 reach=37838 reverse=38374 table_mib=1.4 mutable_mib=24.0 max_job_mib=8.9 oldest_ms=313.44 pack_ms=1.23 solve_ms=11.89
v5_device jobs=1 rows=14670 cells=102778 direct=true graph_reused=false upload_ms=18.89 capture_ms=3.79 queue_ms=31.37 gpu_ms=0.02 unpack_ms=2.03 total_ms=56.10
v5_service device=0 lane=0 class=3 jobs=1 rows=14670 cells=102778 reach=610366 reverse=639148 table_mib=21.5 mutable_mib=512.0 max_job_mib=541.0 oldest_ms=408.87 pack_ms=19.39 solve_ms=56.16
v5_device jobs=29 rows=20713 cells=124966 direct=true graph_reused=false upload_ms=49.80 capture_ms=3.64 queue_ms=54.76 gpu_ms=0.02 unpack_ms=4.24 total_ms=112.47
v5_service device=0 lane=1 class=1 jobs=29 rows=20713 cells=124966 reach=1125668 reverse=1151390 table_mib=36.3 mutable_mib=672.0 max_job_mib=37.1 oldest_ms=83.79 pack_ms=25.45 solve_ms=112.53
v5_device jobs=100 rows=67507 cells=405232 direct=true graph_reused=false upload_ms=203.62 capture_ms=3.82 queue_ms=249.71 gpu_ms=0.01 unpack_ms=25.12 total_ms=482.29
v5_service device=1 lane=0 class=1 jobs=100 rows=67507 cells=405232 reach=4289280 reverse=4352028 table_mib=132.4 mutable_mib=2272.0 max_job_mib=44.2 oldest_ms=142.48 pack_ms=151.87 solve_ms=482.36
v5_device jobs=1 rows=26949 cells=168253 direct=true graph_reused=false upload_ms=86.71 capture_ms=3.99 queue_ms=206.55 gpu_ms=0.02 unpack_ms=8.32 total_ms=305.58
v5_service device=1 lane=2 class=3 jobs=1 rows=26949 cells=168253 reach=2097705 reverse=2098778 table_mib=61.0 mutable_mib=1024.0 max_job_mib=1111.4 oldest_ms=1276.87 pack_ms=43.74 solve_ms=305.64
v5_device jobs=2 rows=6967 cells=20669 direct=true graph_reused=false upload_ms=11.56 capture_ms=3.98 queue_ms=102.46 gpu_ms=0.01 unpack_ms=1.57 total_ms=119.59
v5_service device=0 lane=1 class=2 jobs=2 rows=6967 cells=20669 reach=486574 reverse=487906 table_mib=14.4 mutable_mib=192.0 max_job_mib=138.1 oldest_ms=240.76 pack_ms=8.90 solve_ms=119.64
v5_device jobs=36 rows=27254 cells=152165 direct=true graph_reused=false upload_ms=72.10 capture_ms=5.72 queue_ms=107.21 gpu_ms=0.01 unpack_ms=12.27 total_ms=197.31
v5_service device=0 lane=2 class=1 jobs=36 rows=27254 cells=152165 reach=1622005 reverse=1644868 table_mib=50.9 mutable_mib=880.0 max_job_mib=39.0 oldest_ms=81.20 pack_ms=31.66 solve_ms=197.37
v5_device jobs=1 rows=13294 cells=73904 direct=true graph_reused=false upload_ms=2.61 capture_ms=4.19 queue_ms=13.05 gpu_ms=0.01 unpack_ms=0.40 total_ms=20.26
v5_service device=1 lane=2 class=3 jobs=1 rows=13294 cells=73904 reach=73919 reverse=73904 table_mib=6.3 mutable_mib=512.0 max_job_mib=520.3 oldest_ms=1595.57 pack_ms=3.45 solve_ms=20.32
v5_device jobs=34 rows=24166 cells=129126 direct=true graph_reused=false upload_ms=64.60 capture_ms=4.55 queue_ms=88.75 gpu_ms=0.02 unpack_ms=6.31 total_ms=164.24
v5_service device=0 lane=0 class=1 jobs=34 rows=24166 cells=129126 reach=1292933 reverse=1312935 table_mib=41.5 mutable_mib=800.0 max_job_mib=37.1 oldest_ms=79.34 pack_ms=25.56 solve_ms=164.32
v5_device jobs=2 rows=644 cells=1288 direct=true graph_reused=false upload_ms=0.56 capture_ms=7.56 queue_ms=2.09 gpu_ms=0.01 unpack_ms=0.15 total_ms=10.38
v5_service device=0 lane=1 class=0 jobs=2 rows=644 cells=1288 reach=23920 reverse=23919 table_mib=0.9 mutable_mib=16.0 max_job_mib=8.9 oldest_ms=365.03 pack_ms=0.77 solve_ms=10.46
v5_device jobs=3 rows=953 cells=1987 direct=true graph_reused=false upload_ms=0.63 capture_ms=4.72 queue_ms=4.52 gpu_ms=0.01 unpack_ms=0.17 total_ms=10.05
v5_service device=0 lane=2 class=0 jobs=3 rows=953 cells=1987 reach=28278 reverse=28268 table_mib=1.1 mutable_mib=24.0 max_job_mib=8.6 oldest_ms=311.94 pack_ms=0.99 solve_ms=10.10
v5_device jobs=4 rows=1129 cells=4118 direct=true graph_reused=false upload_ms=0.91 capture_ms=6.88 queue_ms=2.38 gpu_ms=0.02 unpack_ms=0.66 total_ms=10.83
v5_service device=0 lane=0 class=0 jobs=4 rows=1129 cells=4118 reach=34059 reverse=34384 table_mib=1.3 mutable_mib=32.0 max_job_mib=8.7 oldest_ms=271.08 pack_ms=1.60 solve_ms=10.92
v5_device jobs=1 rows=1392 cells=9388 direct=true graph_reused=false upload_ms=3.50 capture_ms=7.38 queue_ms=19.78 gpu_ms=0.02 unpack_ms=0.41 total_ms=31.08
v5_service device=0 lane=0 class=2 jobs=1 rows=1392 cells=9388 reach=167312 reverse=167924 table_mib=4.6 mutable_mib=64.0 max_job_mib=70.7 oldest_ms=274.41 pack_ms=4.93 solve_ms=31.15
v5_device jobs=2 rows=3354 cells=13198 direct=true graph_reused=false upload_ms=9.79 capture_ms=5.27 queue_ms=23.37 gpu_ms=0.01 unpack_ms=1.16 total_ms=39.60
v5_service device=0 lane=2 class=2 jobs=2 rows=3354 cells=13198 reach=326160 reverse=329255 table_mib=9.2 mutable_mib=128.0 max_job_mib=74.7 oldest_ms=266.25 pack_ms=6.83 solve_ms=39.65
v5_device jobs=2 rows=110436 cells=648165 direct=true graph_reused=false upload_ms=135.98 capture_ms=3.93 queue_ms=220.35 gpu_ms=0.02 unpack_ms=17.25 total_ms=377.53
v5_service device=1 lane=1 class=3 jobs=2 rows=110436 cells=648165 reach=3005794 reverse=3006905 table_mib=112.0 mutable_mib=3072.0 max_job_mib=2106.5 oldest_ms=1461.94 pack_ms=54.79 solve_ms=377.57
v5_device jobs=22 rows=16382 cells=103360 direct=true graph_reused=false upload_ms=42.95 capture_ms=4.60 queue_ms=59.38 gpu_ms=0.01 unpack_ms=3.20 total_ms=110.14
v5_service device=1 lane=2 class=1 jobs=22 rows=16382 cells=103360 reach=995534 reverse=1015279 table_mib=31.2 mutable_mib=528.0 max_job_mib=36.7 oldest_ms=84.87 pack_ms=19.17 solve_ms=110.21
v5_device jobs=2 rows=535 cells=3868 direct=true graph_reused=false upload_ms=0.67 capture_ms=4.31 queue_ms=5.71 gpu_ms=0.01 unpack_ms=0.19 total_ms=10.90
v5_service device=1 lane=2 class=0 jobs=2 rows=535 cells=3868 reach=40126 reverse=41181 table_mib=1.2 mutable_mib=16.0 max_job_mib=9.2 oldest_ms=214.76 pack_ms=0.91 solve_ms=10.94
v5_device jobs=16 rows=38066 cells=194655 direct=true graph_reused=false upload_ms=113.44 capture_ms=4.24 queue_ms=144.56 gpu_ms=0.01 unpack_ms=10.02 total_ms=272.27
v5_service device=1 lane=0 class=2 jobs=16 rows=38066 cells=194655 reach=2272751 reverse=2300037 table_mib=70.4 mutable_mib=1344.0 max_job_mib=268.1 oldest_ms=793.57 pack_ms=53.50 solve_ms=272.33
v5_device jobs=29 rows=8238 cells=41946 direct=true graph_reused=false upload_ms=19.26 capture_ms=5.07 queue_ms=112.26 gpu_ms=0.02 unpack_ms=1.72 total_ms=138.32
v5_service device=0 lane=2 class=0 jobs=29 rows=8238 cells=41946 reach=421336 reverse=432128 table_mib=14.1 mutable_mib=224.0 max_job_mib=9.8 oldest_ms=76.33 pack_ms=9.10 solve_ms=138.41
v5_device jobs=23 rows=16166 cells=96468 direct=true graph_reused=false upload_ms=20.80 capture_ms=4.74 queue_ms=97.38 gpu_ms=0.02 unpack_ms=3.73 total_ms=126.66
v5_service device=0 lane=0 class=1 jobs=23 rows=16166 cells=96468 reach=837035 reverse=852741 table_mib=27.2 mutable_mib=528.0 max_job_mib=35.6 oldest_ms=81.08 pack_ms=20.43 solve_ms=126.72
v5_device jobs=2 rows=63194 cells=105572 direct=true graph_reused=false upload_ms=95.54 capture_ms=3.70 queue_ms=125.43 gpu_ms=0.02 unpack_ms=7.75 total_ms=232.43
v5_service device=0 lane=1 class=3 jobs=2 rows=63194 cells=105572 reach=1789388 reverse=1789370 table_mib=68.8 mutable_mib=1536.0 max_job_mib=1100.1 oldest_ms=356.95 pack_ms=56.42 solve_ms=232.49
v5_device jobs=4 rows=9558 cells=35155 direct=true graph_reused=false upload_ms=7.37 capture_ms=4.23 queue_ms=60.29 gpu_ms=0.02 unpack_ms=1.13 total_ms=73.04
v5_service device=1 lane=2 class=2 jobs=4 rows=9558 cells=35155 reach=332133 reverse=334740 table_mib=12.1 mutable_mib=256.0 max_job_mib=72.2 oldest_ms=226.82 pack_ms=7.61 solve_ms=73.09
v5_device jobs=4 rows=1059 cells=3629 direct=true graph_reused=false upload_ms=2.06 capture_ms=4.93 queue_ms=18.18 gpu_ms=0.01 unpack_ms=0.40 total_ms=25.58
v5_service device=0 lane=0 class=0 jobs=4 rows=1059 cells=3629 reach=93940 reverse=94629 table_mib=2.8 mutable_mib=32.0 max_job_mib=9.8 oldest_ms=231.06 pack_ms=2.73 solve_ms=25.64
v5_device jobs=42 rows=29507 cells=175935 direct=true graph_reused=false upload_ms=61.73 capture_ms=3.27 queue_ms=79.86 gpu_ms=0.02 unpack_ms=6.41 total_ms=151.29
v5_service device=1 lane=1 class=1 jobs=42 rows=29507 cells=175935 reach=1561014 reverse=1607035 table_mib=51.0 mutable_mib=944.0 max_job_mib=38.3 oldest_ms=82.88 pack_ms=30.48 solve_ms=151.35
v5_device jobs=3 rows=6816 cells=37963 direct=true graph_reused=false upload_ms=2.31 capture_ms=4.26 queue_ms=11.80 gpu_ms=0.01 unpack_ms=0.49 total_ms=18.87
v5_service device=0 lane=0 class=2 jobs=3 rows=6816 cells=37963 reach=72074 reverse=76365 table_mib=4.4 mutable_mib=256.0 max_job_mib=130.5 oldest_ms=255.63 pack_ms=2.97 solve_ms=18.94
v5_device jobs=2 rows=487 cells=997 direct=true graph_reused=false upload_ms=0.35 capture_ms=7.79 queue_ms=3.62 gpu_ms=0.01 unpack_ms=0.11 total_ms=11.88
v5_service device=1 lane=1 class=0 jobs=2 rows=487 cells=997 reach=14094 reverse=14099 table_mib=0.6 mutable_mib=16.0 max_job_mib=8.4 oldest_ms=275.62 pack_ms=0.64 solve_ms=11.93
v5_device jobs=33 rows=20442 cells=123189 direct=true graph_reused=false upload_ms=28.66 capture_ms=3.66 queue_ms=51.67 gpu_ms=0.01 unpack_ms=3.67 total_ms=87.67
v5_service device=0 lane=1 class=1 jobs=33 rows=20442 cells=123189 reach=970817 reverse=999966 table_mib=32.8 mutable_mib=624.0 max_job_mib=35.5 oldest_ms=83.34 pack_ms=26.80 solve_ms=87.73
v5_device jobs=3 rows=13603 cells=94460 direct=true graph_reused=false upload_ms=26.74 capture_ms=3.90 queue_ms=146.10 gpu_ms=0.01 unpack_ms=2.50 total_ms=179.25
v5_service device=1 lane=1 class=2 jobs=3 rows=13603 cells=94460 reach=678194 reverse=696306 table_mib=22.2 mutable_mib=384.0 max_job_mib=282.8 oldest_ms=285.61 pack_ms=16.37 solve_ms=179.31
v5_device jobs=38 rows=23211 cells=136833 direct=true graph_reused=false upload_ms=59.62 capture_ms=3.71 queue_ms=65.77 gpu_ms=0.02 unpack_ms=5.67 total_ms=134.79
v5_service device=1 lane=2 class=1 jobs=38 rows=23211 cells=136833 reach=1402974 reverse=1434031 table_mib=44.2 mutable_mib=768.0 max_job_mib=36.1 oldest_ms=80.39 pack_ms=32.46 solve_ms=134.86
v5_device jobs=1 rows=14450 cells=94623 direct=true graph_reused=false upload_ms=109.53 capture_ms=3.85 queue_ms=144.42 gpu_ms=0.02 unpack_ms=39.08 total_ms=296.90
v5_service device=1 lane=0 class=3 jobs=1 rows=14450 cells=94623 reach=2743118 reverse=2744141 table_mib=70.1 mutable_mib=512.0 max_job_mib=617.9 oldest_ms=1064.38 pack_ms=35.07 solve_ms=296.96
v5_device jobs=5 rows=1347 cells=9674 direct=true graph_reused=false upload_ms=2.08 capture_ms=4.30 queue_ms=16.27 gpu_ms=0.01 unpack_ms=0.48 total_ms=23.15
v5_service device=1 lane=2 class=0 jobs=5 rows=1347 cells=9674 reach=113608 reverse=116081 table_mib=3.4 mutable_mib=40.0 max_job_mib=10.0 oldest_ms=266.92 pack_ms=2.41 solve_ms=23.20
v5_device jobs=6 rows=10087 cells=53363 direct=true graph_reused=false upload_ms=19.14 capture_ms=3.72 queue_ms=71.40 gpu_ms=0.02 unpack_ms=3.45 total_ms=97.72
v5_service device=0 lane=1 class=2 jobs=6 rows=10087 cells=53363 reach=734998 reverse=740957 table_mib=21.9 mutable_mib=384.0 max_job_mib=71.9 oldest_ms=198.89 pack_ms=15.83 solve_ms=97.77
v5_device jobs=44 rows=29457 cells=204311 direct=true graph_reused=false upload_ms=68.30 capture_ms=4.37 queue_ms=85.53 gpu_ms=0.03 unpack_ms=6.79 total_ms=165.01
v5_service device=0 lane=0 class=1 jobs=44 rows=29457 cells=204311 reach=1273602 reverse=1308202 table_mib=44.0 mutable_mib=944.0 max_job_mib=37.0 oldest_ms=81.94 pack_ms=32.46 solve_ms=165.07
v5_device jobs=4 rows=1053 cells=4771 direct=true graph_reused=false upload_ms=1.03 capture_ms=4.17 queue_ms=4.12 gpu_ms=0.01 unpack_ms=0.18 total_ms=9.51
v5_service device=0 lane=1 class=0 jobs=4 rows=1053 cells=4771 reach=27561 reverse=28797 table_mib=1.2 mutable_mib=32.0 max_job_mib=8.6 oldest_ms=301.94 pack_ms=1.36 solve_ms=9.57
v5_device jobs=2 rows=3336 cells=15646 direct=true graph_reused=false upload_ms=4.53 capture_ms=3.41 queue_ms=10.54 gpu_ms=0.02 unpack_ms=0.54 total_ms=19.04
v5_service device=1 lane=2 class=2 jobs=2 rows=3336 cells=15646 reach=141110 reverse=146721 table_mib=4.9 mutable_mib=128.0 max_job_mib=68.1 oldest_ms=289.68 pack_ms=3.60 solve_ms=19.10
v5_device jobs=22 rows=16168 cells=110813 direct=true graph_reused=false upload_ms=23.67 capture_ms=4.81 queue_ms=45.33 gpu_ms=0.02 unpack_ms=3.47 total_ms=77.30
v5_service device=1 lane=1 class=1 jobs=22 rows=16168 cells=110813 reach=886154 reverse=903630 table_mib=28.6 mutable_mib=512.0 max_job_mib=38.0 oldest_ms=80.74 pack_ms=22.33 solve_ms=77.37
v5_device jobs=3 rows=926 cells=1801 direct=true graph_reused=false upload_ms=10.53 capture_ms=4.45 queue_ms=4.10 gpu_ms=0.01 unpack_ms=0.21 total_ms=19.29
v5_service device=1 lane=1 class=0 jobs=3 rows=926 cells=1801 reach=25360 reverse=25537 table_mib=1.0 mutable_mib=24.0 max_job_mib=8.7 oldest_ms=193.95 pack_ms=1.52 solve_ms=19.35
v5_device jobs=30 rows=19495 cells=98009 direct=true graph_reused=false upload_ms=58.49 capture_ms=3.61 queue_ms=86.27 gpu_ms=0.02 unpack_ms=4.53 total_ms=152.92
v5_service device=0 lane=1 class=1 jobs=30 rows=19495 cells=98009 reach=1312636 reverse=1330832 table_mib=40.2 mutable_mib=640.0 max_job_mib=36.5 oldest_ms=79.23 pack_ms=29.09 solve_ms=152.98
v5_device jobs=7 rows=20362 cells=116992 direct=true graph_reused=false upload_ms=88.48 capture_ms=3.44 queue_ms=115.64 gpu_ms=0.01 unpack_ms=7.48 total_ms=215.04
v5_service device=0 lane=0 class=2 jobs=7 rows=20362 cells=116992 reach=1970740 reverse=1984161 table_mib=55.6 mutable_mib=704.0 max_job_mib=271.0 oldest_ms=291.09 pack_ms=44.31 solve_ms=215.09
v5_device jobs=3 rows=844 cells=3477 direct=true graph_reused=false upload_ms=0.79 capture_ms=4.24 queue_ms=7.56 gpu_ms=0.01 unpack_ms=0.21 total_ms=12.81
v5_service device=0 lane=0 class=0 jobs=3 rows=844 cells=3477 reach=46286 reverse=46883 table_mib=1.5 mutable_mib=24.0 max_job_mib=9.1 oldest_ms=540.36 pack_ms=1.19 solve_ms=12.87
v5_device jobs=3 rows=4949 cells=12913 direct=true graph_reused=false upload_ms=3.38 capture_ms=4.01 queue_ms=162.25 gpu_ms=0.02 unpack_ms=0.82 total_ms=170.49
v5_service device=1 lane=1 class=2 jobs=3 rows=4949 cells=12913 reach=187521 reverse=188444 table_mib=6.6 mutable_mib=192.0 max_job_mib=68.6 oldest_ms=212.10 pack_ms=4.43 solve_ms=170.58
v5_device jobs=29 rows=20128 cells=144567 direct=true graph_reused=false upload_ms=59.14 capture_ms=3.92 queue_ms=145.61 gpu_ms=0.02 unpack_ms=5.37 total_ms=214.06
v5_service device=1 lane=2 class=1 jobs=29 rows=20128 cells=144567 reach=1445737 reverse=1472704 table_mib=43.7 mutable_mib=624.0 max_job_mib=39.9 oldest_ms=79.63 pack_ms=29.65 solve_ms=214.13
v5_device jobs=10 rows=2703 cells=21654 direct=true graph_reused=false upload_ms=2.79 capture_ms=3.82 queue_ms=15.91 gpu_ms=0.29 unpack_ms=0.56 total_ms=23.38
v5_service device=1 lane=2 class=0 jobs=10 rows=2703 cells=21654 reach=141793 reverse=147802 table_mib=4.8 mutable_mib=76.0 max_job_mib=9.4 oldest_ms=325.91 pack_ms=3.20 solve_ms=23.43
v5_device jobs=1 rows=45291 cells=257130 direct=true graph_reused=false upload_ms=135.68 capture_ms=3.49 queue_ms=212.90 gpu_ms=0.01 unpack_ms=59.26 total_ms=411.35
v5_service device=1 lane=0 class=3 jobs=1 rows=45291 cells=257130 reach=3025087 reverse=3026919 table_mib=90.8 mutable_mib=1024.0 max_job_mib=1152.8 oldest_ms=1387.72 pack_ms=52.65 solve_ms=411.41
v5_device jobs=21 rows=16416 cells=91515 direct=true graph_reused=false upload_ms=25.30 capture_ms=3.63 queue_ms=40.98 gpu_ms=0.01 unpack_ms=2.88 total_ms=72.81
v5_service device=1 lane=1 class=1 jobs=21 rows=16416 cells=91515 reach=868720 reverse=882570 table_mib=28.1 mutable_mib=512.0 max_job_mib=35.7 oldest_ms=79.26 pack_ms=18.18 solve_ms=72.86
v5_device jobs=4 rows=1230 cells=14128 direct=true graph_reused=false upload_ms=6.56 capture_ms=6.24 queue_ms=86.97 gpu_ms=0.01 unpack_ms=0.25 total_ms=100.04
v5_service device=1 lane=1 class=0 jobs=4 rows=1230 cells=14128 reach=27332 reverse=30570 table_mib=1.3 mutable_mib=32.0 max_job_mib=8.6 oldest_ms=202.48 pack_ms=12.42 solve_ms=100.13
v5_device jobs=24 rows=17489 cells=88163 direct=true graph_reused=false upload_ms=22.41 capture_ms=4.51 queue_ms=95.98 gpu_ms=0.02 unpack_ms=3.29 total_ms=126.20
v5_service device=1 lane=0 class=1 jobs=24 rows=17489 cells=88163 reach=871656 reverse=886391 table_mib=28.6 mutable_mib=544.0 max_job_mib=36.3 oldest_ms=79.34 pack_ms=17.83 solve_ms=126.26
v5_device jobs=6 rows=14015 cells=67292 direct=true graph_reused=false upload_ms=75.68 capture_ms=3.99 queue_ms=295.72 gpu_ms=0.01 unpack_ms=1.70 total_ms=377.10
v5_service device=0 lane=1 class=2 jobs=6 rows=14015 cells=67292 reach=457390 reverse=470562 table_mib=17.3 mutable_mib=448.0 max_job_mib=135.4 oldest_ms=266.91 pack_ms=11.58 solve_ms=377.16
v5_device jobs=1 rows=45322 cells=228641 direct=true graph_reused=false upload_ms=98.07 capture_ms=3.50 queue_ms=119.30 gpu_ms=0.02 unpack_ms=9.50 total_ms=230.38
v5_service device=1 lane=2 class=3 jobs=1 rows=45322 cells=228641 reach=2482133 reverse=2483656 table_mib=78.1 mutable_mib=1024.0 max_job_mib=1133.1 oldest_ms=363.95 pack_ms=48.48 solve_ms=230.44
v5_device jobs=2 rows=2961 cells=24720 direct=true graph_reused=false upload_ms=8.62 capture_ms=4.74 queue_ms=44.69 gpu_ms=0.01 unpack_ms=0.62 total_ms=58.68
v5_service device=1 lane=0 class=2 jobs=2 rows=2961 cells=24720 reach=306588 reverse=311986 table_mib=8.7 mutable_mib=128.0 max_job_mib=73.4 oldest_ms=226.44 pack_ms=7.26 solve_ms=58.75
v5_device jobs=4 rows=8355 cells=36205 direct=true graph_reused=false upload_ms=16.00 capture_ms=6.03 queue_ms=39.51 gpu_ms=0.01 unpack_ms=1.94 total_ms=63.50
v5_service device=1 lane=1 class=2 jobs=4 rows=8355 cells=36205 reach=517227 reverse=528396 table_mib=16.1 mutable_mib=320.0 max_job_mib=132.6 oldest_ms=319.04 pack_ms=16.42 solve_ms=63.58
v5_device jobs=4 rows=7916 cells=86145 direct=true graph_reused=false upload_ms=13.92 capture_ms=4.15 queue_ms=38.22 gpu_ms=0.02 unpack_ms=2.16 total_ms=58.48
v5_service device=1 lane=2 class=2 jobs=4 rows=7916 cells=86145 reach=605268 reverse=627103 table_mib=18.3 mutable_mib=256.0 max_job_mib=72.0 oldest_ms=643.19 pack_ms=11.95 solve_ms=58.54
v5_device jobs=7 rows=1950 cells=8599 direct=true graph_reused=false upload_ms=1.61 capture_ms=6.56 queue_ms=10.59 gpu_ms=0.01 unpack_ms=0.40 total_ms=19.17
v5_service device=1 lane=0 class=0 jobs=7 rows=1950 cells=8599 reach=94512 reverse=96169 table_mib=3.2 mutable_mib=56.0 max_job_mib=9.1 oldest_ms=291.58 pack_ms=2.62 solve_ms=19.24
v5_device jobs=2 rows=641 cells=2798 direct=true graph_reused=false upload_ms=0.77 capture_ms=6.58 queue_ms=77.22 gpu_ms=0.01 unpack_ms=0.15 total_ms=84.74
v5_service device=0 lane=1 class=0 jobs=2 rows=641 cells=2798 reach=29047 reverse=29487 table_mib=1.0 mutable_mib=16.0 max_job_mib=8.8 oldest_ms=647.83 pack_ms=1.51 solve_ms=84.82
v5_device jobs=28 rows=19281 cells=134629 direct=true graph_reused=false upload_ms=58.16 capture_ms=3.50 queue_ms=302.14 gpu_ms=0.02 unpack_ms=5.56 total_ms=369.39
v5_service device=0 lane=0 class=1 jobs=28 rows=19281 cells=134629 reach=1340073 reverse=1370501 table_mib=41.1 mutable_mib=624.0 max_job_mib=39.0 oldest_ms=81.80 pack_ms=27.44 solve_ms=369.45
v5_device jobs=1 rows=276 cells=2063 direct=true graph_reused=false upload_ms=0.38 capture_ms=5.04 queue_ms=2.28 gpu_ms=0.01 unpack_ms=0.07 total_ms=7.78
v5_service device=0 lane=0 class=0 jobs=1 rows=276 cells=2063 reach=14429 reverse=15101 table_mib=0.5 mutable_mib=8.0 max_job_mib=8.7 oldest_ms=481.68 pack_ms=0.52 solve_ms=7.85
v5_device jobs=2 rows=6370 cells=25028 direct=true graph_reused=false upload_ms=2.56 capture_ms=4.38 queue_ms=11.26 gpu_ms=0.02 unpack_ms=0.49 total_ms=18.72
v5_service device=0 lane=0 class=2 jobs=2 rows=6370 cells=25028 reach=96265 reverse=96261 table_mib=4.6 mutable_mib=192.0 max_job_mib=130.9 oldest_ms=489.48 pack_ms=3.27 solve_ms=18.80
v5_device jobs=23 rows=13376 cells=74413 direct=true graph_reused=false upload_ms=23.98 capture_ms=3.99 queue_ms=61.70 gpu_ms=0.02 unpack_ms=2.94 total_ms=92.63
v5_service device=1 lane=1 class=1 jobs=23 rows=13376 cells=74413 reach=865483 reverse=880937 table_mib=26.8 mutable_mib=432.0 max_job_mib=34.5 oldest_ms=81.51 pack_ms=18.83 solve_ms=92.69
v5_device jobs=182 rows=128587 cells=866068 direct=true graph_reused=false upload_ms=356.24 capture_ms=4.29 queue_ms=476.07 gpu_ms=0.02 unpack_ms=53.41 total_ms=890.03
v5_service device=0 lane=2 class=1 jobs=182 rows=128587 cells=866068 reach=8134879 reverse=8301205 table_mib=254.0 mutable_mib=4176.0 max_job_mib=40.2 oldest_ms=278.07 pack_ms=315.56 solve_ms=890.07
v5_device jobs=1 rows=40200 cells=72767 direct=true graph_reused=false upload_ms=76.38 capture_ms=3.27 queue_ms=67.84 gpu_ms=0.02 unpack_ms=13.39 total_ms=160.91
v5_service device=0 lane=1 class=3 jobs=1 rows=40200 cells=72767 reach=1446826 reverse=1446817 table_mib=50.6 mutable_mib=1024.0 max_job_mib=1093.3 oldest_ms=703.81 pack_ms=48.08 solve_ms=160.96
v5_device jobs=4 rows=1087 cells=8389 direct=true graph_reused=false upload_ms=1.61 capture_ms=21.32 queue_ms=8.42 gpu_ms=0.01 unpack_ms=0.36 total_ms=31.73
v5_service device=1 lane=1 class=0 jobs=4 rows=1087 cells=8389 reach=58839 reverse=61266 table_mib=2.0 mutable_mib=28.0 max_job_mib=9.2 oldest_ms=218.12 pack_ms=2.11 solve_ms=31.81
v5_device jobs=22 rows=15434 cells=143086 direct=true graph_reused=false upload_ms=40.62 capture_ms=3.75 queue_ms=99.68 gpu_ms=0.02 unpack_ms=6.55 total_ms=150.62
v5_service device=1 lane=2 class=1 jobs=22 rows=15434 cells=143086 reach=1105937 reverse=1140016 table_mib=34.3 mutable_mib=496.0 max_job_mib=35.8 oldest_ms=80.85 pack_ms=19.36 solve_ms=150.69
v5_device jobs=31 rows=20187 cells=158976 direct=true graph_reused=false upload_ms=37.30 capture_ms=3.51 queue_ms=88.89 gpu_ms=0.02 unpack_ms=8.91 total_ms=138.63
v5_service device=1 lane=0 class=1 jobs=31 rows=20187 cells=158976 reach=1403331 reverse=1448026 table_mib=43.2 mutable_mib=688.0 max_job_mib=40.6 oldest_ms=80.34 pack_ms=29.09 solve_ms=138.69
v5_device jobs=1 rows=1831 cells=11697 direct=true graph_reused=false upload_ms=1.89 capture_ms=5.44 queue_ms=12.94 gpu_ms=0.01 unpack_ms=0.19 total_ms=20.46
v5_service device=1 lane=2 class=2 jobs=1 rows=1831 cells=11697 reach=79198 reverse=81374 table_mib=2.7 mutable_mib=64.0 max_job_mib=67.7 oldest_ms=241.23 pack_ms=2.88 solve_ms=20.51
v5_device jobs=1 rows=2637 cells=17562 direct=true graph_reused=false upload_ms=12.19 capture_ms=4.35 queue_ms=19.30 gpu_ms=0.02 unpack_ms=1.22 total_ms=37.08
v5_service device=1 lane=1 class=2 jobs=1 rows=2637 cells=17562 reach=292049 reverse=293115 table_mib=8.0 mutable_mib=64.0 max_job_mib=75.8 oldest_ms=226.76 pack_ms=8.63 solve_ms=37.14
v5_device jobs=5 rows=10693 cells=83018 direct=true graph_reused=false upload_ms=12.49 capture_ms=4.56 queue_ms=19.54 gpu_ms=0.02 unpack_ms=1.44 total_ms=38.05
v5_service device=1 lane=0 class=2 jobs=5 rows=10693 cells=83018 reach=304973 reverse=314033 table_mib=12.1 mutable_mib=384.0 max_job_mib=132.3 oldest_ms=294.40 pack_ms=11.28 solve_ms=38.10
v5_device jobs=6 rows=1616 cells=8254 direct=true graph_reused=false upload_ms=1.64 capture_ms=4.04 queue_ms=11.73 gpu_ms=0.01 unpack_ms=0.51 total_ms=17.94
v5_service device=1 lane=0 class=0 jobs=6 rows=1616 cells=8254 reach=82511 reverse=84141 table_mib=2.8 mutable_mib=44.0 max_job_mib=9.4 oldest_ms=343.34 pack_ms=2.10 solve_ms=17.99
v5_device jobs=1 rows=47927 cells=92435 direct=true graph_reused=false upload_ms=121.89 capture_ms=3.70 queue_ms=151.83 gpu_ms=0.02 unpack_ms=32.04 total_ms=309.48
v5_service device=0 lane=0 class=3 jobs=1 rows=47927 cells=92435 reach=2560576 reverse=2560599 table_mib=80.2 mutable_mib=2048.0 max_job_mib=2161.5 oldest_ms=493.01 pack_ms=45.03 solve_ms=309.53
v5_device jobs=24 rows=15230 cells=127559 direct=true graph_reused=false upload_ms=52.58 capture_ms=3.65 queue_ms=66.36 gpu_ms=0.03 unpack_ms=4.58 total_ms=127.20
v5_service device=0 lane=1 class=1 jobs=24 rows=15230 cells=127559 reach=1273923 reverse=1297862 table_mib=37.5 mutable_mib=512.0 max_job_mib=42.4 oldest_ms=81.07 pack_ms=27.55 solve_ms=127.26
v5_device jobs=1 rows=16981 cells=299191 direct=true graph_reused=false upload_ms=91.77 capture_ms=3.66 queue_ms=80.33 gpu_ms=0.02 unpack_ms=9.40 total_ms=185.19
v5_service device=1 lane=2 class=3 jobs=1 rows=16981 cells=299191 reach=2353003 reverse=2415344 table_mib=64.4 mutable_mib=512.0 max_job_mib=605.8 oldest_ms=249.62 pack_ms=45.48 solve_ms=185.26
v5_device jobs=2 rows=534 cells=3234 direct=true graph_reused=false upload_ms=0.50 capture_ms=3.68 queue_ms=110.97 gpu_ms=0.01 unpack_ms=0.17 total_ms=115.33
v5_service device=0 lane=1 class=0 jobs=2 rows=534 cells=3234 reach=30678 reverse=31345 table_mib=1.0 mutable_mib=16.0 max_job_mib=9.1 oldest_ms=238.47 pack_ms=0.91 solve_ms=115.38
v5_device jobs=3 rows=1021 cells=3640 direct=true graph_reused=false upload_ms=3.78 capture_ms=4.31 queue_ms=65.13 gpu_ms=0.01 unpack_ms=0.16 total_ms=73.39
v5_service device=1 lane=2 class=0 jobs=3 rows=1021 cells=3640 reach=37057 reverse=37551 table_mib=1.4 mutable_mib=24.0 max_job_mib=9.0 oldest_ms=472.76 pack_ms=1.06 solve_ms=73.44
v5_device jobs=29 rows=21897 cells=175675 direct=true graph_reused=false upload_ms=32.70 capture_ms=4.33 queue_ms=79.47 gpu_ms=0.02 unpack_ms=5.48 total_ms=122.00
v5_service device=1 lane=0 class=1 jobs=29 rows=21897 cells=175675 reach=1192844 reverse=1226958 table_mib=38.9 mutable_mib=704.0 max_job_mib=37.9 oldest_ms=83.94 pack_ms=27.00 solve_ms=122.06
v5_device jobs=31 rows=22729 cells=104070 direct=true graph_reused=false upload_ms=70.85 capture_ms=4.00 queue_ms=101.97 gpu_ms=0.02 unpack_ms=6.38 total_ms=183.21
v5_service device=1 lane=1 class=1 jobs=31 rows=22729 cells=104070 reach=1379760 reverse=1402513 table_mib=43.1 mutable_mib=736.0 max_job_mib=37.3 oldest_ms=88.06 pack_ms=37.38 solve_ms=183.27
v5_device jobs=24 rows=49944 cells=414857 direct=true graph_reused=false upload_ms=143.31 capture_ms=4.95 queue_ms=129.65 gpu_ms=0.02 unpack_ms=13.58 total_ms=291.50
v5_service device=0 lane=2 class=2 jobs=24 rows=49944 cells=414857 reach=2962098 reverse=3042821 table_mib=94.0 mutable_mib=1664.0 max_job_mib=142.5 oldest_ms=1537.02 pack_ms=84.20 solve_ms=291.54
v5_device jobs=2 rows=690 cells=1316 direct=true graph_reused=false upload_ms=0.48 capture_ms=4.33 queue_ms=3.66 gpu_ms=0.01 unpack_ms=0.25 total_ms=8.74
v5_service device=1 lane=0 class=0 jobs=2 rows=690 cells=1316 reach=23275 reverse=23258 table_mib=0.9 mutable_mib=16.0 max_job_mib=8.7 oldest_ms=231.64 pack_ms=0.81 solve_ms=8.81
v5_device jobs=7 rows=2154 cells=11290 direct=true graph_reused=false upload_ms=3.41 capture_ms=5.35 queue_ms=14.15 gpu_ms=0.02 unpack_ms=0.50 total_ms=23.43
v5_service device=1 lane=1 class=0 jobs=7 rows=2154 cells=11290 reach=127433 reverse=131518 table_mib=4.1 mutable_mib=56.0 max_job_mib=9.8 oldest_ms=312.18 pack_ms=3.81 solve_ms=23.49
v5_device jobs=5 rows=11561 cells=47859 direct=true graph_reused=false upload_ms=14.86 capture_ms=3.67 queue_ms=58.67 gpu_ms=0.02 unpack_ms=2.24 total_ms=79.45
v5_service device=0 lane=1 class=2 jobs=5 rows=11561 cells=47859 reach=642418 reverse=650703 table_mib=20.4 mutable_mib=384.0 max_job_mib=133.3 oldest_ms=353.24 pack_ms=11.32 solve_ms=79.51
v5_device jobs=40 rows=26734 cells=250553 direct=true graph_reused=false upload_ms=58.46 capture_ms=3.61 queue_ms=86.55 gpu_ms=0.03 unpack_ms=6.72 total_ms=155.37
v5_service device=0 lane=0 class=1 jobs=40 rows=26734 cells=250553 reach=1365239 reverse=1433771 table_mib=46.4 mutable_mib=928.0 max_job_mib=38.1 oldest_ms=82.38 pack_ms=31.40 solve_ms=155.44
v5_device jobs=4 rows=10133 cells=79680 direct=true graph_reused=false upload_ms=12.47 capture_ms=4.43 queue_ms=21.18 gpu_ms=0.02 unpack_ms=1.98 total_ms=40.07
v5_service device=1 lane=0 class=2 jobs=4 rows=10133 cells=79680 reach=376095 reverse=392211 table_mib=13.8 mutable_mib=320.0 max_job_mib=134.9 oldest_ms=238.68 pack_ms=16.99 solve_ms=40.12
v5_device jobs=6 rows=1828 cells=8587 direct=true graph_reused=false upload_ms=1.55 capture_ms=6.18 queue_ms=8.18 gpu_ms=0.01 unpack_ms=0.42 total_ms=16.34
v5_service device=0 lane=0 class=0 jobs=6 rows=1828 cells=8587 reach=74850 reverse=76884 table_mib=2.7 mutable_mib=48.0 max_job_mib=8.9 oldest_ms=299.17 pack_ms=3.17 solve_ms=16.40
v5_device jobs=16 rows=4384 cells=36236 direct=true graph_reused=false upload_ms=5.89 capture_ms=3.41 queue_ms=24.60 gpu_ms=0.01 unpack_ms=0.95 total_ms=34.86
v5_service device=1 lane=1 class=0 jobs=16 rows=4384 cells=36236 reach=257176 reverse=265853 table_mib=8.4 mutable_mib=128.0 max_job_mib=9.4 oldest_ms=76.41 pack_ms=5.46 solve_ms=34.91
v5_device jobs=10 rows=2916 cells=16034 direct=true graph_reused=false upload_ms=2.88 capture_ms=4.27 queue_ms=12.37 gpu_ms=0.01 unpack_ms=0.58 total_ms=20.12
v5_service device=0 lane=1 class=0 jobs=10 rows=2916 cells=16034 reach=102074 reverse=105987 table_mib=3.9 mutable_mib=76.0 max_job_mib=9.2 oldest_ms=75.73 pack_ms=3.84 solve_ms=20.20
v5_device jobs=29 rows=18543 cells=147923 direct=true graph_reused=false upload_ms=60.96 capture_ms=3.93 queue_ms=64.05 gpu_ms=0.03 unpack_ms=6.47 total_ms=135.44
v5_service device=1 lane=2 class=1 jobs=29 rows=18543 cells=147923 reach=1426632 reverse=1463594 table_mib=43.1 mutable_mib=640.0 max_job_mib=39.5 oldest_ms=81.05 pack_ms=28.95 solve_ms=135.51
v5_device jobs=7 rows=2098 cells=9266 direct=true graph_reused=false upload_ms=1.37 capture_ms=5.61 queue_ms=44.86 gpu_ms=0.01 unpack_ms=0.32 total_ms=52.17
v5_service device=1 lane=2 class=0 jobs=7 rows=2098 cells=9266 reach=70772 reverse=73361 table_mib=2.7 mutable_mib=56.0 max_job_mib=8.8 oldest_ms=261.54 pack_ms=1.96 solve_ms=52.23
v5_device jobs=39 rows=25630 cells=161588 direct=true graph_reused=false upload_ms=39.55 capture_ms=3.69 queue_ms=65.58 gpu_ms=0.02 unpack_ms=5.42 total_ms=114.27
v5_service device=1 lane=0 class=1 jobs=39 rows=25630 cells=161588 reach=1319237 reverse=1349805 table_mib=43.4 mutable_mib=768.0 max_job_mib=36.3 oldest_ms=81.58 pack_ms=37.69 solve_ms=114.33
v5_device jobs=3 rows=7107 cells=68015 direct=true graph_reused=false upload_ms=40.55 capture_ms=5.75 queue_ms=128.78 gpu_ms=0.02 unpack_ms=3.56 total_ms=178.66
v5_service device=0 lane=0 class=2 jobs=3 rows=7107 cells=68015 reach=766712 reverse=787884 table_mib=21.7 mutable_mib=256.0 max_job_mib=141.6 oldest_ms=314.39 pack_ms=20.00 solve_ms=178.74
v5_device jobs=5 rows=1502 cells=4680 direct=true graph_reused=false upload_ms=1.24 capture_ms=4.16 queue_ms=9.49 gpu_ms=0.01 unpack_ms=2.01 total_ms=16.91
v5_service device=1 lane=0 class=0 jobs=5 rows=1502 cells=4680 reach=60752 reverse=61350 table_mib=2.1 mutable_mib=40.0 max_job_mib=8.8 oldest_ms=237.31 pack_ms=1.82 solve_ms=16.97
v5_device jobs=4 rows=92887 cells=550845 direct=true graph_reused=false upload_ms=117.49 capture_ms=4.00 queue_ms=143.39 gpu_ms=0.02 unpack_ms=12.65 total_ms=277.55
v5_service device=0 lane=2 class=3 jobs=4 rows=92887 cells=550845 reach=2072267 reverse=2072263 table_mib=84.1 mutable_mib=3072.0 max_job_mib=1046.1 oldest_ms=1924.34 pack_ms=54.30 solve_ms=277.61
v5_device jobs=2 rows=6098 cells=37401 direct=true graph_reused=false upload_ms=8.61 capture_ms=4.34 queue_ms=44.36 gpu_ms=0.01 unpack_ms=1.93 total_ms=59.25
v5_service device=1 lane=0 class=2 jobs=2 rows=6098 cells=37401 reach=324693 reverse=333018 table_mib=10.5 mutable_mib=192.0 max_job_mib=140.6 oldest_ms=209.67 pack_ms=8.12 solve_ms=59.32
v5_device jobs=8 rows=17830 cells=82755 direct=true graph_reused=false upload_ms=26.32 capture_ms=3.87 queue_ms=50.92 gpu_ms=0.01 unpack_ms=3.22 total_ms=84.34
v5_service device=1 lane=2 class=2 jobs=8 rows=17830 cells=82755 reach=862944 reverse=871981 table_mib=28.2 mutable_mib=640.0 max_job_mib=134.3 oldest_ms=319.20 pack_ms=22.98 solve_ms=84.41
v5_device jobs=4 rows=1240 cells=5073 direct=true graph_reused=false upload_ms=1.43 capture_ms=7.98 queue_ms=6.16 gpu_ms=0.01 unpack_ms=0.32 total_ms=15.89
v5_service device=0 lane=0 class=0 jobs=4 rows=1240 cells=5073 reach=60418 reverse=61189 table_mib=2.0 mutable_mib=32.0 max_job_mib=9.1 oldest_ms=75.39 pack_ms=2.68 solve_ms=15.97
v5_device jobs=1 rows=18872 cells=299849 direct=true graph_reused=false upload_ms=70.17 capture_ms=3.96 queue_ms=142.67 gpu_ms=0.02 unpack_ms=6.10 total_ms=222.92
v5_service device=1 lane=2 class=3 jobs=1 rows=18872 cells=299849 reach=1635741 reverse=1730071 table_mib=49.4 mutable_mib=512.0 max_job_mib=581.6 oldest_ms=433.27 pack_ms=38.75 solve_ms=222.98
v5_device jobs=29 rows=23183 cells=141635 direct=true graph_reused=false upload_ms=67.39 capture_ms=5.35 queue_ms=175.69 gpu_ms=0.02 unpack_ms=4.46 total_ms=252.91
v5_service device=0 lane=0 class=1 jobs=29 rows=23183 cells=141635 reach=1097493 reverse=1134651 table_mib=37.2 mutable_mib=672.0 max_job_mib=37.3 oldest_ms=103.03 pack_ms=36.26 solve_ms=252.99
v5_device jobs=36 rows=24603 cells=125545 direct=true graph_reused=false upload_ms=75.95 capture_ms=3.81 queue_ms=161.87 gpu_ms=0.01 unpack_ms=7.60 total_ms=249.24
v5_service device=0 lane=2 class=1 jobs=36 rows=24603 cells=125545 reach=1628224 reverse=1653645 table_mib=49.9 mutable_mib=800.0 max_job_mib=37.5 oldest_ms=86.92 pack_ms=38.74 solve_ms=249.30
v5_device jobs=35 rows=24140 cells=127197 direct=true graph_reused=false upload_ms=42.25 capture_ms=3.72 queue_ms=178.60 gpu_ms=0.03 unpack_ms=7.14 total_ms=231.72
v5_service device=1 lane=0 class=1 jobs=35 rows=24140 cells=127197 reach=1275413 reverse=1294820 table_mib=41.2 mutable_mib=784.0 max_job_mib=37.1 oldest_ms=78.06 pack_ms=25.97 solve_ms=231.79
v5_device jobs=84 rows=54459 cells=393517 direct=true graph_reused=false upload_ms=174.79 capture_ms=3.44 queue_ms=291.37 gpu_ms=0.02 unpack_ms=23.35 total_ms=492.98
v5_service device=0 lane=1 class=1 jobs=84 rows=54459 cells=393517 reach=3763753 reverse=3865690 table_mib=116.1 mutable_mib=1776.0 max_job_mib=39.8 oldest_ms=136.79 pack_ms=93.43 solve_ms=493.04
v5_device jobs=94 rows=63242 cells=520485 direct=true graph_reused=false upload_ms=188.07 capture_ms=3.58 queue_ms=307.24 gpu_ms=0.02 unpack_ms=31.58 total_ms=530.49
v5_service device=1 lane=1 class=1 jobs=94 rows=63242 cells=520485 reach=3687905 reverse=3809607 table_mib=119.1 mutable_mib=2016.0 max_job_mib=37.5 oldest_ms=133.78 pack_ms=119.16 solve_ms=530.56
v5_device jobs=8 rows=14927 cells=95150 direct=true graph_reused=false upload_ms=22.86 capture_ms=3.96 queue_ms=35.93 gpu_ms=0.02 unpack_ms=3.55 total_ms=66.33
v5_service device=0 lane=2 class=2 jobs=8 rows=14927 cells=95150 reach=591859 reverse=601417 table_mib=20.7 mutable_mib=512.0 max_job_mib=70.3 oldest_ms=385.25 pack_ms=20.80 solve_ms=66.38
v5_device jobs=8 rows=17431 cells=114736 direct=true graph_reused=false upload_ms=27.40 capture_ms=4.04 queue_ms=35.30 gpu_ms=0.03 unpack_ms=4.58 total_ms=71.34
v5_service device=1 lane=0 class=2 jobs=8 rows=17431 cells=114736 reach=612887 reverse=621409 table_mib=22.3 mutable_mib=576.0 max_job_mib=138.0 oldest_ms=343.89 pack_ms=23.52 solve_ms=71.40
v5_device jobs=4 rows=1133 cells=7172 direct=true graph_reused=false upload_ms=2.56 capture_ms=4.52 queue_ms=26.25 gpu_ms=0.01 unpack_ms=0.36 total_ms=33.71
v5_service device=0 lane=2 class=0 jobs=4 rows=1133 cells=7172 reach=70905 reverse=72688 table_mib=2.3 mutable_mib=32.0 max_job_mib=9.4 oldest_ms=474.81 pack_ms=2.14 solve_ms=33.77
v5_device jobs=5 rows=1275 cells=4836 direct=true graph_reused=false upload_ms=1.70 capture_ms=3.59 queue_ms=12.57 gpu_ms=0.02 unpack_ms=0.58 total_ms=18.46
v5_service device=1 lane=0 class=0 jobs=5 rows=1275 cells=4836 reach=95735 reverse=96408 table_mib=2.9 mutable_mib=36.0 max_job_mib=9.5 oldest_ms=439.96 pack_ms=2.42 solve_ms=18.52
v5_device jobs=7 rows=22934 cells=98007 direct=true graph_reused=false upload_ms=38.52 capture_ms=8.75 queue_ms=57.81 gpu_ms=0.04 unpack_ms=6.66 total_ms=111.76
v5_service device=0 lane=0 class=2 jobs=7 rows=22934 cells=98007 reach=953500 reverse=971544 table_mib=32.8 mutable_mib=704.0 max_job_mib=276.3 oldest_ms=404.09 pack_ms=36.37 solve_ms=111.88
v5_device jobs=1 rows=28350 cells=54664 direct=true graph_reused=false upload_ms=32.33 capture_ms=4.57 queue_ms=45.78 gpu_ms=0.02 unpack_ms=11.41 total_ms=94.11
v5_service device=1 lane=0 class=3 jobs=1 rows=28350 cells=54664 reach=639249 reverse=639274 table_mib=27.3 mutable_mib=1024.0 max_job_mib=1059.3 oldest_ms=434.22 pack_ms=27.61 solve_ms=94.16
v5_device jobs=30 rows=20092 cells=121684 direct=true graph_reused=false upload_ms=67.79 capture_ms=4.53 queue_ms=96.60 gpu_ms=0.02 unpack_ms=4.64 total_ms=173.57
v5_service device=1 lane=2 class=1 jobs=30 rows=20092 cells=121684 reach=1116140 reverse=1140162 table_mib=36.0 mutable_mib=656.0 max_job_mib=38.2 oldest_ms=84.79 pack_ms=34.77 solve_ms=173.62
v5_device jobs=6 rows=1800 cells=4916 direct=true graph_reused=false upload_ms=1.10 capture_ms=4.79 queue_ms=6.63 gpu_ms=0.01 unpack_ms=0.34 total_ms=12.87
v5_service device=1 lane=2 class=0 jobs=6 rows=1800 cells=4916 reach=57621 reverse=57962 table_mib=2.2 mutable_mib=48.0 max_job_mib=8.9 oldest_ms=327.31 pack_ms=1.61 solve_ms=12.92
v5_device jobs=1 rows=28825 cells=703470 direct=true graph_reused=false upload_ms=23.71 capture_ms=4.20 queue_ms=114.02 gpu_ms=0.01 unpack_ms=5.38 total_ms=147.32
v5_service device=0 lane=0 class=3 jobs=1 rows=28825 cells=703470 reach=699332 reverse=703470 table_mib=30.7 mutable_mib=1024.0 max_job_mib=1066.6 oldest_ms=554.18 pack_ms=44.45 solve_ms=147.39
v5_device jobs=8 rows=19268 cells=87771 direct=true graph_reused=false upload_ms=76.78 capture_ms=4.24 queue_ms=138.71 gpu_ms=0.02 unpack_ms=7.18 total_ms=226.93
v5_service device=0 lane=1 class=2 jobs=8 rows=19268 cells=87771 reach=1288133 reverse=1302052 table_mib=39.0 mutable_mib=704.0 max_job_mib=273.4 oldest_ms=751.65 pack_ms=36.87 solve_ms=226.97
v5_device jobs=1 rows=32343 cells=158265 direct=true graph_reused=false upload_ms=81.17 capture_ms=4.38 queue_ms=75.41 gpu_ms=0.02 unpack_ms=7.69 total_ms=168.68
v5_service device=0 lane=2 class=3 jobs=1 rows=32343 cells=158265 reach=1386497 reverse=1387882 table_mib=46.8 mutable_mib=1024.0 max_job_mib=1087.8 oldest_ms=508.45 pack_ms=48.79 solve_ms=168.74
v5_device jobs=3 rows=7207 cells=99880 direct=true graph_reused=false upload_ms=7.81 capture_ms=4.27 queue_ms=15.71 gpu_ms=0.02 unpack_ms=0.85 total_ms=28.66
v5_service device=1 lane=2 class=2 jobs=3 rows=7207 cells=99880 reach=202271 reverse=224833 table_mib=8.6 mutable_mib=192.0 max_job_mib=69.4 oldest_ms=352.08 pack_ms=6.23 solve_ms=28.72
v5_device jobs=2 rows=11161 cells=125249 direct=true graph_reused=false upload_ms=30.00 capture_ms=4.16 queue_ms=65.76 gpu_ms=0.02 unpack_ms=5.46 total_ms=105.40
v5_service device=0 lane=2 class=2 jobs=2 rows=11161 cells=125249 reach=1294072 reverse=1296724 table_mib=35.5 mutable_mib=384.0 max_job_mib=303.1 oldest_ms=80.71 pack_ms=26.22 solve_ms=105.46
v5_device jobs=1 rows=20283 cells=25677 direct=true graph_reused=false upload_ms=73.88 capture_ms=3.67 queue_ms=98.76 gpu_ms=0.01 unpack_ms=6.35 total_ms=182.68
v5_service device=0 lane=1 class=3 jobs=1 rows=20283 cells=25677 reach=1694186 reverse=1694199 table_mib=48.1 mutable_mib=512.0 max_job_mib=582.4 oldest_ms=1007.05 pack_ms=33.55 solve_ms=182.73
v5_device jobs=32 rows=20053 cells=144128 direct=true graph_reused=false upload_ms=62.84 capture_ms=4.00 queue_ms=113.87 gpu_ms=0.01 unpack_ms=6.33 total_ms=187.04
v5_service device=1 lane=0 class=1 jobs=32 rows=20053 cells=144128 reach=1328581 reverse=1354218 table_mib=41.1 mutable_mib=640.0 max_job_mib=37.1 oldest_ms=81.95 pack_ms=35.33 solve_ms=187.09
v5_device jobs=19 rows=45789 cells=278712 direct=true graph_reused=false upload_ms=119.87 capture_ms=4.05 queue_ms=178.89 gpu_ms=0.02 unpack_ms=17.60 total_ms=320.42
v5_service device=1 lane=1 class=2 jobs=19 rows=45789 cells=278712 reach=2326196 reverse=2377986 table_mib=77.9 mutable_mib=1664.0 max_job_mib=271.3 oldest_ms=920.80 pack_ms=65.04 solve_ms=320.47
v5_device jobs=4 rows=10487 cells=38184 direct=true graph_reused=false upload_ms=15.65 capture_ms=4.85 queue_ms=31.18 gpu_ms=0.02 unpack_ms=1.53 total_ms=53.22
v5_service device=1 lane=0 class=2 jobs=4 rows=10487 cells=38184 reach=412138 reverse=427571 table_mib=14.6 mutable_mib=320.0 max_job_mib=133.2 oldest_ms=307.42 pack_ms=13.52 solve_ms=53.27
v5_device jobs=4 rows=1124 cells=2953 direct=true graph_reused=false upload_ms=0.72 capture_ms=3.50 queue_ms=4.69 gpu_ms=0.01 unpack_ms=0.18 total_ms=9.11
v5_service device=1 lane=0 class=0 jobs=4 rows=1124 cells=2953 reach=32603 reverse=33261 table_mib=1.3 mutable_mib=28.0 max_job_mib=8.6 oldest_ms=354.57 pack_ms=1.06 solve_ms=9.16
v5_device jobs=40 rows=25683 cells=137480 direct=true graph_reused=false upload_ms=63.86 capture_ms=3.79 queue_ms=96.75 gpu_ms=0.02 unpack_ms=7.16 total_ms=171.57
v5_service device=1 lane=2 class=1 jobs=40 rows=25683 cells=137480 reach=1577688 reverse=1610097 table_mib=49.5 mutable_mib=848.0 max_job_mib=38.9 oldest_ms=83.91 pack_ms=32.08 solve_ms=171.63
v5_device jobs=4 rows=1206 cells=6712 direct=true graph_reused=false upload_ms=1.07 capture_ms=3.75 queue_ms=8.05 gpu_ms=0.01 unpack_ms=0.26 total_ms=13.13
v5_service device=1 lane=2 class=0 jobs=4 rows=1206 cells=6712 reach=57793 reverse=59424 table_mib=2.0 mutable_mib=32.0 max_job_mib=9.1 oldest_ms=293.29 pack_ms=1.89 solve_ms=13.19
v5_device jobs=1 rows=1511 cells=2829 direct=true graph_reused=false upload_ms=1.78 capture_ms=4.00 queue_ms=11.47 gpu_ms=0.01 unpack_ms=0.18 total_ms=17.45
v5_service device=1 lane=2 class=2 jobs=1 rows=1511 cells=2829 reach=115276 reverse=115299 table_mib=3.3 mutable_mib=64.0 max_job_mib=68.9 oldest_ms=265.94 pack_ms=2.49 solve_ms=17.50
v5_device jobs=1 rows=46221 cells=202178 direct=true graph_reused=false upload_ms=94.69 capture_ms=3.80 queue_ms=80.95 gpu_ms=0.02 unpack_ms=4.53 total_ms=183.99
v5_service device=0 lane=2 class=3 jobs=1 rows=46221 cells=202178 reach=1260994 reverse=1721394 table_mib=58.3 mutable_mib=1024.0 max_job_mib=1097.2 oldest_ms=205.39 pack_ms=40.55 solve_ms=184.06
v5_device jobs=33 rows=8700 cells=60994 direct=true graph_reused=false upload_ms=6.77 capture_ms=3.58 queue_ms=71.83 gpu_ms=0.01 unpack_ms=1.59 total_ms=83.79
v5_service device=1 lane=2 class=0 jobs=33 rows=8700 cells=60994 reach=324167 reverse=335479 table_mib=12.4 mutable_mib=244.0 max_job_mib=9.4 oldest_ms=75.73 pack_ms=7.98 solve_ms=83.85
v5_device jobs=30 rows=19861 cells=162209 direct=true graph_reused=false upload_ms=57.90 capture_ms=4.43 queue_ms=63.78 gpu_ms=0.02 unpack_ms=13.81 total_ms=139.95
v5_service device=1 lane=0 class=1 jobs=30 rows=19861 cells=162209 reach=1284335 reverse=1316422 table_mib=40.2 mutable_mib=640.0 max_job_mib=36.3 oldest_ms=78.63 pack_ms=29.42 solve_ms=140.01
v5_device jobs=6 rows=5357 cells=36067 direct=true graph_reused=false upload_ms=8.68 capture_ms=4.21 queue_ms=144.25 gpu_ms=0.01 unpack_ms=1.03 total_ms=158.17
v5_service device=0 lane=2 class=1 jobs=6 rows=5357 cells=36067 reach=307817 reverse=316238 table_mib=9.9 mutable_mib=160.0 max_job_mib=37.3 oldest_ms=424.02 pack_ms=6.32 solve_ms=158.23
v5_device jobs=1 rows=322 cells=586 direct=true graph_reused=false upload_ms=0.42 capture_ms=6.77 queue_ms=1.82 gpu_ms=0.01 unpack_ms=0.07 total_ms=9.09
v5_service device=0 lane=2 class=0 jobs=1 rows=322 cells=586 reach=15807 reverse=15798 table_mib=0.5 mutable_mib=8.0 max_job_mib=8.7 oldest_ms=569.37 pack_ms=0.72 solve_ms=9.16
v5_device jobs=10 rows=2787 cells=15410 direct=true graph_reused=false upload_ms=2.16 capture_ms=3.68 queue_ms=119.46 gpu_ms=81.19 unpack_ms=0.81 total_ms=207.28
v5_service device=1 lane=0 class=0 jobs=10 rows=2787 cells=15410 reach=123936 reverse=125173 table_mib=4.2 mutable_mib=80.0 max_job_mib=9.2 oldest_ms=255.08 pack_ms=2.55 solve_ms=207.36
v5_device jobs=1 rows=97140 cells=2923273 direct=true graph_reused=false upload_ms=143.93 capture_ms=3.79 queue_ms=212.81 gpu_ms=112.68 unpack_ms=39.16 total_ms=512.37
v5_service device=0 lane=0 class=31 jobs=1 rows=97140 cells=2923273 reach=2418085 reverse=2923273 table_mib=115.5 mutable_mib=4096.0 max_job_mib=4259.3 oldest_ms=962.76 pack_ms=75.00 solve_ms=512.49
v5_device jobs=34 rows=23956 cells=106455 direct=true graph_reused=false upload_ms=33.52 capture_ms=3.76 queue_ms=59.43 gpu_ms=0.02 unpack_ms=4.38 total_ms=101.09
v5_service device=0 lane=2 class=1 jobs=34 rows=23956 cells=106455 reach=1098191 reverse=1115389 table_mib=37.2 mutable_mib=768.0 max_job_mib=35.4 oldest_ms=80.73 pack_ms=22.58 solve_ms=101.16
v5_device jobs=4 rows=7132 cells=20683 direct=true graph_reused=false upload_ms=15.66 capture_ms=4.49 queue_ms=38.65 gpu_ms=0.02 unpack_ms=2.13 total_ms=60.95
v5_service device=1 lane=0 class=2 jobs=4 rows=7132 cells=20683 reach=659095 reverse=661190 table_mib=18.5 mutable_mib=256.0 max_job_mib=81.0 oldest_ms=439.96 pack_ms=14.81 solve_ms=60.99
v5_device jobs=3 rows=81171 cells=366469 direct=true graph_reused=false upload_ms=157.62 capture_ms=3.64 queue_ms=192.42 gpu_ms=7.70 unpack_ms=87.92 total_ms=449.31
v5_service device=1 lane=1 class=3 jobs=3 rows=81171 cells=366469 reach=3269295 reverse=3274141 table_mib=113.2 mutable_mib=3072.0 max_job_mib=1106.4 oldest_ms=1346.03 pack_ms=95.20 solve_ms=449.35
v5_device jobs=3 rows=9044 cells=17615 direct=true graph_reused=false upload_ms=8.20 capture_ms=3.64 queue_ms=18.77 gpu_ms=0.02 unpack_ms=0.84 total_ms=31.46
v5_service device=0 lane=2 class=2 jobs=3 rows=9044 cells=17615 reach=225971 reverse=227344 table_mib=9.2 mutable_mib=256.0 max_job_mib=132.2 oldest_ms=191.72 pack_ms=6.92 solve_ms=31.51
v5_device jobs=1 rows=315 cells=2637 direct=true graph_reused=false upload_ms=0.38 capture_ms=4.77 queue_ms=7.86 gpu_ms=0.01 unpack_ms=0.07 total_ms=13.09
v5_service device=0 lane=2 class=0 jobs=1 rows=315 cells=2637 reach=20086 reverse=20697 table_mib=0.6 mutable_mib=8.0 max_job_mib=8.9 oldest_ms=228.75 pack_ms=0.71 solve_ms=13.14
v5_device jobs=4 rows=1146 cells=31910 direct=true graph_reused=false upload_ms=0.95 capture_ms=7.24 queue_ms=17.23 gpu_ms=116.76 unpack_ms=0.58 total_ms=142.75
v5_service device=0 lane=0 class=0 jobs=4 rows=1146 cells=31910 reach=24511 reverse=31910 table_mib=1.5 mutable_mib=32.0 max_job_mib=9.3 oldest_ms=75.67 pack_ms=1.68 solve_ms=142.82
v5_device jobs=1 rows=3519 cells=69112 direct=true graph_reused=false upload_ms=1.71 capture_ms=7.33 queue_ms=11.97 gpu_ms=238.50 unpack_ms=0.48 total_ms=260.00
v5_service device=0 lane=1 class=2 jobs=1 rows=3519 cells=69112 reach=58808 reverse=69124 table_mib=3.2 mutable_mib=128.0 max_job_mib=132.5 oldest_ms=75.11 pack_ms=3.22 solve_ms=260.06
v5_device jobs=8 rows=18664 cells=106037 direct=true graph_reused=false upload_ms=32.14 capture_ms=3.57 queue_ms=42.03 gpu_ms=67.57 unpack_ms=3.52 total_ms=148.83
v5_service device=0 lane=2 class=2 jobs=8 rows=18664 cells=106037 reach=811345 reverse=830069 table_mib=27.5 mutable_mib=576.0 max_job_mib=135.7 oldest_ms=78.16 pack_ms=16.48 solve_ms=148.88
{"phase": "live", "seconds": 40.086, "solves": 53248, "solves_per_s": 1328.4, "oversize_routes": 0, "card_exclusive_routes": 0}
v5_device jobs=15 rows=9823 cells=320936 direct=true graph_reused=false upload_ms=121.11 capture_ms=6.65 queue_ms=33.71 gpu_ms=0.01 unpack_ms=2.36 total_ms=163.84
v5_service device=0 lane=0 class=1 jobs=15 rows=9823 cells=320936 reach=326350 reverse=399626 table_mib=15.4 mutable_mib=304.0 max_job_mib=36.5 oldest_ms=219.08 pack_ms=9.47 solve_ms=163.91
v5_device jobs=14 rows=10135 cells=473138 direct=true graph_reused=false upload_ms=19.73 capture_ms=4.08 queue_ms=114.76 gpu_ms=1.96 unpack_ms=3.70 total_ms=144.22
v5_service device=0 lane=1 class=1 jobs=14 rows=10135 cells=473138 reach=507202 reverse=614528 table_mib=21.6 mutable_mib=336.0 max_job_mib=41.3 oldest_ms=340.02 pack_ms=12.67 solve_ms=144.28
v5_device jobs=2 rows=9976 cells=102470 direct=true graph_reused=false upload_ms=15.46 capture_ms=6.81 queue_ms=78.06 gpu_ms=0.01 unpack_ms=2.62 total_ms=102.97
v5_service device=0 lane=0 class=2 jobs=2 rows=9976 cells=102470 reach=100358 reverse=102470 table_mib=8.0 mutable_mib=320.0 max_job_mib=268.7 oldest_ms=388.42 pack_ms=7.19 solve_ms=103.06
v5_device jobs=31 rows=19870 cells=181084 direct=true graph_reused=false upload_ms=58.06 capture_ms=4.63 queue_ms=282.66 gpu_ms=0.02 unpack_ms=5.25 total_ms=350.62
v5_service device=1 lane=0 class=1 jobs=31 rows=19870 cells=181084 reach=1145149 reverse=1189451 table_mib=37.3 mutable_mib=672.0 max_job_mib=37.2 oldest_ms=81.15 pack_ms=22.20 solve_ms=350.67
v5_device jobs=28 rows=19136 cells=282799 direct=true graph_reused=false upload_ms=35.43 capture_ms=4.29 queue_ms=81.91 gpu_ms=0.01 unpack_ms=7.35 total_ms=129.00
v5_service device=0 lane=2 class=1 jobs=28 rows=19136 cells=282799 reach=1465176 reverse=1540141 table_mib=46.0 mutable_mib=688.0 max_job_mib=39.9 oldest_ms=251.48 pack_ms=31.04 solve_ms=129.05
v5_device jobs=4 rows=848 cells=9162 direct=true graph_reused=false upload_ms=0.62 capture_ms=4.64 queue_ms=7.59 gpu_ms=0.01 unpack_ms=0.28 total_ms=13.14
v5_service device=0 lane=2 class=0 jobs=4 rows=848 cells=9162 reach=29396 reverse=31426 table_mib=1.2 mutable_mib=22.0 max_job_mib=8.5 oldest_ms=409.39 pack_ms=0.97 solve_ms=13.19
v5_device jobs=3 rows=971 cells=7876 direct=true graph_reused=false upload_ms=0.47 capture_ms=5.70 queue_ms=11.60 gpu_ms=0.01 unpack_ms=0.23 total_ms=18.01
v5_service device=0 lane=1 class=0 jobs=3 rows=971 cells=7876 reach=7427 reverse=7876 table_mib=0.7 mutable_mib=24.0 max_job_mib=8.5 oldest_ms=472.58 pack_ms=0.75 solve_ms=18.07
v5_device jobs=3 rows=1006 cells=2323 direct=true graph_reused=false upload_ms=1.70 capture_ms=6.62 queue_ms=90.70 gpu_ms=0.02 unpack_ms=13.95 total_ms=112.99
v5_service device=1 lane=0 class=0 jobs=3 rows=1006 cells=2323 reach=73952 reverse=74009 table_mib=2.2 mutable_mib=24.0 max_job_mib=9.8 oldest_ms=461.62 pack_ms=2.24 solve_ms=113.09
v5_device jobs=157 rows=107995 cells=1258412 direct=true graph_reused=false upload_ms=234.78 capture_ms=3.34 queue_ms=451.55 gpu_ms=0.02 unpack_ms=47.06 total_ms=736.75
v5_service device=1 lane=2 class=1 jobs=157 rows=107995 cells=1258412 reach=6083696 reverse=6358223 table_mib=202.7 mutable_mib=3504.0 max_job_mib=38.8 oldest_ms=227.27 pack_ms=198.15 solve_ms=736.84
v5_device jobs=5 rows=17192 cells=110859 direct=true graph_reused=false upload_ms=22.80 capture_ms=4.94 queue_ms=32.43 gpu_ms=0.02 unpack_ms=2.72 total_ms=62.90
v5_service device=1 lane=0 class=2 jobs=5 rows=17192 cells=110859 reach=574430 reverse=597252 table_mib=21.7 mutable_mib=640.0 max_job_mib=267.0 oldest_ms=577.78 pack_ms=23.02 solve_ms=62.97
v5_device jobs=1 rows=21318 cells=162585 direct=true graph_reused=false upload_ms=138.86 capture_ms=4.27 queue_ms=403.10 gpu_ms=0.02 unpack_ms=57.59 total_ms=603.83
v5_service device=1 lane=1 class=3 jobs=1 rows=21318 cells=162585 reach=3856884 reverse=3890601 table_mib=99.9 mutable_mib=1024.0 max_job_mib=1174.3 oldest_ms=1890.36 pack_ms=85.83 solve_ms=603.89
v5_device jobs=17 rows=10588 cells=316584 direct=true graph_reused=false upload_ms=11.25 capture_ms=4.08 queue_ms=111.48 gpu_ms=4.47 unpack_ms=5.27 total_ms=136.55
v5_service device=0 lane=1 class=1 jobs=17 rows=10588 cells=316584 reach=462223 reverse=544777 table_mib=19.5 mutable_mib=368.0 max_job_mib=36.6 oldest_ms=85.04 pack_ms=12.54 solve_ms=136.62
v5_device jobs=26 rows=19670 cells=349016 direct=true graph_reused=false upload_ms=18.75 capture_ms=4.23 queue_ms=121.73 gpu_ms=6.52 unpack_ms=5.93 total_ms=157.16
v5_service device=0 lane=0 class=1 jobs=26 rows=19670 cells=349016 reach=538774 reverse=599076 table_mib=24.4 mutable_mib=592.0 max_job_mib=35.1 oldest_ms=81.80 pack_ms=16.36 solve_ms=157.20
v5_device jobs=37 rows=24750 cells=218400 direct=true graph_reused=false upload_ms=35.82 capture_ms=4.27 queue_ms=76.83 gpu_ms=5.69 unpack_ms=7.85 total_ms=130.47
v5_service device=0 lane=2 class=1 jobs=37 rows=24750 cells=218400 reach=1185189 reverse=1238621 table_mib=40.8 mutable_mib=816.0 max_job_mib=36.6 oldest_ms=78.85 pack_ms=27.56 solve_ms=130.52
v5_device jobs=5 rows=1499 cells=19314 direct=true graph_reused=false upload_ms=1.70 capture_ms=5.09 queue_ms=15.62 gpu_ms=0.02 unpack_ms=0.54 total_ms=22.96
v5_service device=0 lane=2 class=0 jobs=5 rows=1499 cells=19314 reach=74487 reverse=78588 table_mib=2.6 mutable_mib=40.0 max_job_mib=10.0 oldest_ms=241.34 pack_ms=2.13 solve_ms=23.02
v5_device jobs=5 rows=1437 cells=28567 direct=true graph_reused=false upload_ms=0.77 capture_ms=7.91 queue_ms=15.97 gpu_ms=0.01 unpack_ms=0.54 total_ms=25.20
v5_service device=0 lane=0 class=0 jobs=5 rows=1437 cells=28567 reach=21757 reverse=28567 table_mib=1.5 mutable_mib=40.0 max_job_mib=9.1 oldest_ms=261.60 pack_ms=1.40 solve_ms=25.27
v5_device jobs=4 rows=8200 cells=413635 direct=true graph_reused=false upload_ms=11.99 capture_ms=5.81 queue_ms=25.54 gpu_ms=0.02 unpack_ms=3.04 total_ms=46.39
v5_service device=0 lane=1 class=2 jobs=4 rows=8200 cells=413635 reach=330331 reverse=414422 table_mib=15.2 mutable_mib=320.0 max_job_mib=135.9 oldest_ms=237.91 pack_ms=13.76 solve_ms=46.46
v5_device jobs=3 rows=665 cells=49402 direct=true graph_reused=false upload_ms=0.82 capture_ms=6.13 queue_ms=11.62 gpu_ms=0.01 unpack_ms=0.50 total_ms=19.09
v5_service device=0 lane=1 class=0 jobs=3 rows=665 cells=49402 reach=35302 reverse=51495 table_mib=1.8 mutable_mib=18.0 max_job_mib=9.4 oldest_ms=268.75 pack_ms=1.44 solve_ms=19.16
v5_device jobs=5 rows=10139 cells=323167 direct=true graph_reused=false upload_ms=9.09 capture_ms=4.77 queue_ms=34.27 gpu_ms=0.03 unpack_ms=3.05 total_ms=51.22
v5_service device=0 lane=0 class=2 jobs=5 rows=10139 cells=323167 reach=237366 reverse=323176 table_mib=13.3 mutable_mib=320.0 max_job_mib=74.9 oldest_ms=292.32 pack_ms=12.16 solve_ms=51.28
v5_device jobs=3 rows=12739 cells=25167 direct=true graph_reused=false upload_ms=34.34 capture_ms=3.57 queue_ms=39.49 gpu_ms=0.03 unpack_ms=4.89 total_ms=82.31
v5_service device=1 lane=1 class=2 jobs=3 rows=12739 cells=25167 reach=925367 reverse=925415 table_mib=27.1 mutable_mib=448.0 max_job_mib=274.3 oldest_ms=79.96 pack_ms=30.34 solve_ms=82.38
v5_device jobs=7 rows=16136 cells=40694 direct=true graph_reused=false upload_ms=40.31 capture_ms=4.45 queue_ms=54.86 gpu_ms=0.02 unpack_ms=4.33 total_ms=103.97
v5_service device=0 lane=2 class=2 jobs=7 rows=16136 cells=40694 reach=977108 reverse=981190 table_mib=30.0 mutable_mib=512.0 max_job_mib=138.6 oldest_ms=262.93 pack_ms=30.19 solve_ms=104.03
v5_device jobs=6 rows=1964 cells=29072 direct=true graph_reused=false upload_ms=1.00 capture_ms=5.77 queue_ms=7.76 gpu_ms=0.01 unpack_ms=0.35 total_ms=14.90
v5_service device=0 lane=1 class=0 jobs=6 rows=1964 cells=29072 reach=39075 reverse=43772 table_mib=1.9 mutable_mib=48.0 max_job_mib=8.8 oldest_ms=75.73 pack_ms=1.59 solve_ms=14.97
v5_device jobs=25 rows=18269 cells=169873 direct=true graph_reused=false upload_ms=25.86 capture_ms=3.66 queue_ms=64.02 gpu_ms=0.02 unpack_ms=5.61 total_ms=99.17
v5_service device=1 lane=1 class=1 jobs=25 rows=18269 cells=169873 reach=982262 reverse=1016981 table_mib=32.8 mutable_mib=592.0 max_job_mib=36.7 oldest_ms=197.10 pack_ms=22.07 solve_ms=99.23
v5_device jobs=30 rows=21337 cells=292573 direct=true graph_reused=false upload_ms=77.23 capture_ms=4.07 queue_ms=112.91 gpu_ms=0.01 unpack_ms=6.57 total_ms=200.78
v5_service device=1 lane=0 class=1 jobs=30 rows=21337 cells=292573 reach=1358834 reverse=1422791 table_mib=44.1 mutable_mib=672.0 max_job_mib=41.6 oldest_ms=83.64 pack_ms=45.53 solve_ms=200.84
v5_device jobs=35 rows=22093 cells=483434 direct=true graph_reused=false upload_ms=36.60 capture_ms=4.05 queue_ms=69.88 gpu_ms=6.35 unpack_ms=6.36 total_ms=123.24
v5_service device=0 lane=1 class=1 jobs=35 rows=22093 cells=483434 reach=500809 reverse=611392 table_mib=26.7 mutable_mib=736.0 max_job_mib=35.8 oldest_ms=117.79 pack_ms=24.85 solve_ms=123.31
v5_device jobs=27 rows=23426 cells=619260 direct=true graph_reused=false upload_ms=26.69 capture_ms=4.44 queue_ms=107.27 gpu_ms=3.23 unpack_ms=6.43 total_ms=148.07
v5_service device=0 lane=0 class=1 jobs=27 rows=23426 cells=619260 reach=672790 reverse=789920 table_mib=31.4 mutable_mib=704.0 max_job_mib=36.9 oldest_ms=85.71 pack_ms=24.77 solve_ms=148.13
v5_device jobs=1 rows=293 cells=23069 direct=true graph_reused=false upload_ms=0.31 capture_ms=5.43 queue_ms=67.31 gpu_ms=0.01 unpack_ms=0.20 total_ms=73.27
v5_service device=1 lane=1 class=0 jobs=1 rows=293 cells=23069 reach=17821 reverse=23069 table_mib=0.8 mutable_mib=8.0 max_job_mib=9.1 oldest_ms=301.51 pack_ms=0.90 solve_ms=73.33
v5_device jobs=3 rows=8077 cells=49527 direct=true graph_reused=false upload_ms=12.29 capture_ms=5.25 queue_ms=73.04 gpu_ms=0.02 unpack_ms=6.94 total_ms=97.54
v5_service device=1 lane=0 class=2 jobs=3 rows=8077 cells=49527 reach=399777 reverse=404674 table_mib=12.7 mutable_mib=256.0 max_job_mib=131.0 oldest_ms=330.58 pack_ms=10.36 solve_ms=97.62
v5_device jobs=4 rows=975 cells=22458 direct=true graph_reused=false upload_ms=2.11 capture_ms=6.58 queue_ms=19.55 gpu_ms=0.02 unpack_ms=0.48 total_ms=28.74
v5_service device=1 lane=0 class=0 jobs=4 rows=975 cells=22458 reach=92430 reverse=100223 table_mib=2.9 mutable_mib=32.0 max_job_mib=9.8 oldest_ms=434.89 pack_ms=3.15 solve_ms=28.83
v5_device jobs=25 rows=63616 cells=427652 direct=true graph_reused=false upload_ms=140.74 capture_ms=4.42 queue_ms=206.25 gpu_ms=0.02 unpack_ms=18.21 total_ms=369.64
v5_service device=1 lane=2 class=2 jobs=25 rows=63616 cells=427652 reach=2871742 reverse=2923466 table_mib=96.7 mutable_mib=2112.0 max_job_mib=273.9 oldest_ms=1221.24 pack_ms=122.27 solve_ms=369.71
v5_device jobs=35 rows=21677 cells=142763 direct=true graph_reused=false upload_ms=44.31 capture_ms=4.86 queue_ms=147.08 gpu_ms=0.02 unpack_ms=7.73 total_ms=204.00
v5_service device=0 lane=2 class=1 jobs=35 rows=21677 cells=142763 reach=1432718 reverse=1460269 table_mib=44.3 mutable_mib=736.0 max_job_mib=35.9 oldest_ms=81.17 pack_ms=35.25 solve_ms=204.06
v5_device jobs=1 rows=17398 cells=87350 direct=true graph_reused=false upload_ms=54.56 capture_ms=4.18 queue_ms=57.88 gpu_ms=0.03 unpack_ms=6.09 total_ms=122.76
v5_service device=0 lane=1 class=3 jobs=1 rows=17398 cells=87350 reach=1057638 reverse=1058722 table_mib=32.6 mutable_mib=512.0 max_job_mib=557.9 oldest_ms=268.91 pack_ms=30.15 solve_ms=122.82
v5_device jobs=1 rows=38561 cells=1072091 direct=true graph_reused=false upload_ms=25.00 capture_ms=3.50 queue_ms=59.60 gpu_ms=0.02 unpack_ms=7.12 total_ms=95.24
v5_service device=1 lane=1 class=3 jobs=1 rows=38561 cells=1072091 reach=816840 reverse=1072091 table_mib=44.0 mutable_mib=1024.0 max_job_mib=1088.7 oldest_ms=346.73 pack_ms=31.68 solve_ms=95.29
v5_device jobs=1 rows=23273 cells=390842 direct=true graph_reused=false upload_ms=19.68 capture_ms=5.07 queue_ms=108.72 gpu_ms=0.03 unpack_ms=9.99 total_ms=143.50
v5_service device=0 lane=0 class=3 jobs=1 rows=23273 cells=390842 reach=390399 reverse=390842 table_mib=23.7 mutable_mib=1024.0 max_job_mib=1071.3 oldest_ms=262.16 pack_ms=20.91 solve_ms=143.58
v5_device jobs=3 rows=974 cells=7555 direct=true graph_reused=false upload_ms=1.17 capture_ms=4.69 queue_ms=8.01 gpu_ms=0.01 unpack_ms=0.31 total_ms=14.19
v5_service device=0 lane=2 class=0 jobs=3 rows=974 cells=7555 reach=49511 reverse=51328 table_mib=1.7 mutable_mib=24.0 max_job_mib=9.1 oldest_ms=322.41 pack_ms=1.59 solve_ms=14.25
v5_device jobs=4 rows=1253 cells=30087 direct=true graph_reused=false upload_ms=0.77 capture_ms=5.38 queue_ms=6.38 gpu_ms=0.02 unpack_ms=0.53 total_ms=13.08
v5_service device=0 lane=0 class=0 jobs=4 rows=1253 cells=30087 reach=23087 reverse=30087 table_mib=1.4 mutable_mib=32.0 max_job_mib=8.8 oldest_ms=425.14 pack_ms=1.64 solve_ms=13.15
v5_device jobs=4 rows=10104 cells=82960 direct=true graph_reused=false upload_ms=9.42 capture_ms=4.42 queue_ms=63.58 gpu_ms=0.01 unpack_ms=1.34 total_ms=78.77
v5_service device=0 lane=0 class=2 jobs=4 rows=10104 cells=82960 reach=288992 reverse=294846 table_mib=11.5 mutable_mib=384.0 max_job_mib=132.0 oldest_ms=437.29 pack_ms=10.57 solve_ms=78.83
v5_device jobs=4 rows=8084 cells=69198 direct=true graph_reused=false upload_ms=18.40 capture_ms=4.18 queue_ms=56.90 gpu_ms=0.02 unpack_ms=2.79 total_ms=82.29
v5_service device=0 lane=2 class=2 jobs=4 rows=8084 cells=69198 reach=548064 reverse=562850 table_mib=17.0 mutable_mib=256.0 max_job_mib=76.7 oldest_ms=339.01 pack_ms=15.92 solve_ms=82.35
v5_device jobs=7 rows=21694 cells=372512 direct=true graph_reused=false upload_ms=16.45 capture_ms=4.28 queue_ms=76.13 gpu_ms=0.01 unpack_ms=3.48 total_ms=100.35
v5_service device=0 lane=1 class=2 jobs=7 rows=21694 cells=372512 reach=323186 reverse=373668 table_mib=19.5 mutable_mib=704.0 max_job_mib=260.1 oldest_ms=425.70 pack_ms=17.07 solve_ms=100.40
v5_device jobs=3 rows=49255 cells=190098 direct=true graph_reused=false upload_ms=60.29 capture_ms=3.75 queue_ms=138.76 gpu_ms=0.01 unpack_ms=3.29 total_ms=206.10
v5_service device=1 lane=2 class=3 jobs=3 rows=49255 cells=190098 reach=1009697 reverse=1063339 table_mib=46.7 mutable_mib=1536.0 max_job_mib=538.8 oldest_ms=1713.26 pack_ms=40.92 solve_ms=206.17
v5_device jobs=33 rows=22124 cells=363562 direct=true graph_reused=false upload_ms=28.15 capture_ms=4.31 queue_ms=90.82 gpu_ms=0.04 unpack_ms=6.40 total_ms=129.73
v5_service device=1 lane=1 class=1 jobs=33 rows=22124 cells=363562 reach=962828 reverse=1028544 table_mib=36.4 mutable_mib=768.0 max_job_mib=36.5 oldest_ms=81.09 pack_ms=25.56 solve_ms=129.78
v5_device jobs=24 rows=16831 cells=178757 direct=true graph_reused=false upload_ms=62.94 capture_ms=12.69 queue_ms=124.71 gpu_ms=0.02 unpack_ms=6.02 total_ms=206.40
v5_service device=1 lane=0 class=1 jobs=24 rows=16831 cells=178757 reach=1092219 reverse=1132200 table_mib=34.9 mutable_mib=544.0 max_job_mib=38.6 oldest_ms=83.93 pack_ms=34.19 solve_ms=206.50
v5_device jobs=17 rows=10186 cells=382078 direct=true graph_reused=false upload_ms=6.68 capture_ms=4.13 queue_ms=45.62 gpu_ms=0.02 unpack_ms=3.51 total_ms=59.95
v5_service device=0 lane=1 class=1 jobs=17 rows=10186 cells=382078 reach=279323 reverse=382385 table_mib=16.2 mutable_mib=352.0 max_job_mib=36.0 oldest_ms=80.47 pack_ms=8.98 solve_ms=60.01
v5_device jobs=30 rows=22009 cells=474054 direct=true graph_reused=false upload_ms=21.57 capture_ms=4.31 queue_ms=56.09 gpu_ms=0.02 unpack_ms=5.46 total_ms=87.46
v5_service device=0 lane=0 class=1 jobs=30 rows=22009 cells=474054 reach=590666 reverse=684589 table_mib=28.1 mutable_mib=672.0 max_job_mib=37.0 oldest_ms=83.42 pack_ms=45.66 solve_ms=87.52
v5_device jobs=6 rows=13012 cells=336046 direct=true graph_reused=false upload_ms=14.52 capture_ms=3.58 queue_ms=36.52 gpu_ms=0.01 unpack_ms=3.22 total_ms=57.84
v5_service device=1 lane=2 class=2 jobs=6 rows=13012 cells=336046 reach=469014 reverse=577881 table_mib=20.9 mutable_mib=448.0 max_job_mib=140.7 oldest_ms=82.02 pack_ms=12.33 solve_ms=57.90
v5_device jobs=5 rows=1513 cells=15127 direct=true graph_reused=false upload_ms=0.74 capture_ms=5.53 queue_ms=48.29 gpu_ms=2.32 unpack_ms=0.61 total_ms=57.50
v5_service device=0 lane=0 class=0 jobs=5 rows=1513 cells=15127 reach=26128 reverse=28331 table_mib=1.4 mutable_mib=40.0 max_job_mib=8.6 oldest_ms=221.66 pack_ms=2.77 solve_ms=57.58
v5_device jobs=36 rows=24718 cells=136029 direct=true graph_reused=false upload_ms=80.81 capture_ms=3.72 queue_ms=87.42 gpu_ms=0.02 unpack_ms=6.95 total_ms=178.92
v5_service device=0 lane=2 class=1 jobs=36 rows=24718 cells=136029 reach=1748220 reverse=1782707 table_mib=53.2 mutable_mib=816.0 max_job_mib=38.0 oldest_ms=81.58 pack_ms=36.65 solve_ms=178.98
v5_device jobs=24 rows=16317 cells=344039 direct=true graph_reused=false upload_ms=19.37 capture_ms=4.40 queue_ms=67.30 gpu_ms=0.01 unpack_ms=3.68 total_ms=94.75
v5_service device=1 lane=2 class=1 jobs=24 rows=16317 cells=344039 reach=633827 reverse=695310 table_mib=25.6 mutable_mib=512.0 max_job_mib=37.6 oldest_ms=156.03 pack_ms=16.50 solve_ms=94.81
v5_device jobs=7 rows=29129 cells=359479 direct=true graph_reused=false upload_ms=28.29 capture_ms=4.32 queue_ms=120.87 gpu_ms=0.02 unpack_ms=5.79 total_ms=159.29
v5_service device=1 lane=1 class=2 jobs=7 rows=29129 cells=359479 reach=895271 reverse=939506 table_mib=36.3 mutable_mib=896.0 max_job_mib=277.2 oldest_ms=327.48 pack_ms=28.52 solve_ms=159.36
v5_device jobs=1 rows=13992 cells=108724 direct=true graph_reused=false upload_ms=83.85 capture_ms=4.24 queue_ms=129.87 gpu_ms=0.01 unpack_ms=6.41 total_ms=224.39
v5_service device=1 lane=0 class=3 jobs=1 rows=13992 cells=108724 reach=1663796 reverse=1689232 table_mib=45.5 mutable_mib=512.0 max_job_mib=579.0 oldest_ms=326.16 pack_ms=43.12 solve_ms=224.47
v5_device jobs=2 rows=540 cells=2591 direct=true graph_reused=false upload_ms=0.20 capture_ms=3.77 queue_ms=2.05 gpu_ms=0.01 unpack_ms=0.09 total_ms=6.11
v5_service device=1 lane=2 class=0 jobs=2 rows=540 cells=2591 reach=2049 reverse=2591 table_mib=0.3 mutable_mib=16.0 max_job_mib=8.2 oldest_ms=278.10 pack_ms=0.38 solve_ms=6.17
v5_device jobs=8 rows=2162 cells=47638 direct=true graph_reused=false upload_ms=1.28 capture_ms=4.99 queue_ms=14.04 gpu_ms=0.01 unpack_ms=0.44 total_ms=20.76
v5_service device=1 lane=1 class=0 jobs=8 rows=2162 cells=47638 reach=63190 reverse=76076 table_mib=2.9 mutable_mib=60.0 max_job_mib=8.9 oldest_ms=515.94 pack_ms=2.43 solve_ms=20.83
v5_device jobs=3 rows=4863 cells=54078 direct=true graph_reused=false upload_ms=1.68 capture_ms=7.94 queue_ms=10.70 gpu_ms=2.76 unpack_ms=0.94 total_ms=24.01
v5_service device=1 lane=0 class=2 jobs=3 rows=4863 cells=54078 reach=49880 reverse=54078 table_mib=3.6 mutable_mib=192.0 max_job_mib=67.0 oldest_ms=593.12 pack_ms=2.92 solve_ms=24.07
v5_device jobs=3 rows=848 cells=32516 direct=true graph_reused=false upload_ms=1.01 capture_ms=5.02 queue_ms=5.82 gpu_ms=0.01 unpack_ms=0.30 total_ms=12.16
v5_service device=1 lane=0 class=0 jobs=3 rows=848 cells=32516 reach=43620 reverse=51418 table_mib=1.7 mutable_mib=24.0 max_job_mib=9.3 oldest_ms=614.87 pack_ms=1.50 solve_ms=12.24
v5_device jobs=9 rows=23413 cells=168969 direct=true graph_reused=false upload_ms=29.65 capture_ms=3.94 queue_ms=79.68 gpu_ms=0.02 unpack_ms=5.90 total_ms=119.18
v5_service device=0 lane=2 class=2 jobs=9 rows=23413 cells=168969 reach=1204833 reverse=1230941 table_mib=39.6 mutable_mib=832.0 max_job_mib=277.1 oldest_ms=305.38 pack_ms=26.01 solve_ms=119.25
v5_device jobs=2 rows=648 cells=5973 direct=true graph_reused=false upload_ms=0.48 capture_ms=4.14 queue_ms=58.27 gpu_ms=0.02 unpack_ms=0.20 total_ms=63.12
v5_service device=0 lane=2 class=0 jobs=2 rows=648 cells=5973 reach=19174 reverse=20004 table_mib=0.8 mutable_mib=16.0 max_job_mib=8.8 oldest_ms=441.81 pack_ms=0.63 solve_ms=63.18
v5_device jobs=26 rows=6778 cells=81118 direct=true graph_reused=false upload_ms=3.29 capture_ms=3.56 queue_ms=28.61 gpu_ms=0.01 unpack_ms=1.20 total_ms=36.68
v5_service device=1 lane=2 class=0 jobs=26 rows=6778 cells=81118 reach=143717 reverse=155042 table_mib=7.2 mutable_mib=196.0 max_job_mib=9.1 oldest_ms=75.83 pack_ms=4.48 solve_ms=36.73
v5_device jobs=3 rows=54174 cells=1234274 direct=true graph_reused=false upload_ms=72.19 capture_ms=3.37 queue_ms=240.98 gpu_ms=0.03 unpack_ms=17.52 total_ms=334.08
v5_service device=0 lane=1 class=3 jobs=3 rows=54174 cells=1234274 reach=897503 reverse=1234682 table_mib=61.9 mutable_mib=2048.0 max_job_mib=1075.2 oldest_ms=157.32 pack_ms=45.14 solve_ms=334.14
v5_device jobs=2 rows=49800 cells=366956 direct=true graph_reused=false upload_ms=93.75 capture_ms=4.18 queue_ms=100.92 gpu_ms=28.87 unpack_ms=9.28 total_ms=237.02
v5_service device=0 lane=0 class=3 jobs=2 rows=49800 cells=366956 reach=1809090 reverse=1857505 table_mib=63.8 mutable_mib=1536.0 max_job_mib=1048.5 oldest_ms=283.21 pack_ms=48.90 solve_ms=237.08
v5_device jobs=1 rows=5031 cells=9661 direct=true graph_reused=false upload_ms=3.65 capture_ms=4.28 queue_ms=19.22 gpu_ms=0.01 unpack_ms=0.30 total_ms=27.46
v5_service device=0 lane=0 class=2 jobs=1 rows=5031 cells=9661 reach=178981 reverse=179064 table_mib=6.4 mutable_mib=128.0 max_job_mib=136.7 oldest_ms=521.75 pack_ms=4.93 solve_ms=27.52
v5_device jobs=6 rows=13936 cells=156924 direct=true graph_reused=false upload_ms=8.78 capture_ms=3.67 queue_ms=45.28 gpu_ms=0.01 unpack_ms=2.39 total_ms=60.12
v5_service device=0 lane=1 class=2 jobs=6 rows=13936 cells=156924 reach=132796 reverse=156960 table_mib=11.0 mutable_mib=384.0 max_job_mib=70.4 oldest_ms=537.50 pack_ms=5.82 solve_ms=60.18
v5_device jobs=3 rows=751 cells=9878 direct=true graph_reused=false upload_ms=0.28 capture_ms=4.02 queue_ms=2.61 gpu_ms=0.01 unpack_ms=0.11 total_ms=7.03
v5_service device=0 lane=1 class=0 jobs=3 rows=751 cells=9878 reach=7838 reverse=9878 table_mib=0.6 mutable_mib=20.0 max_job_mib=8.5 oldest_ms=600.97 pack_ms=0.87 solve_ms=7.08
v5_device jobs=29 rows=20867 cells=176451 direct=true graph_reused=false upload_ms=53.53 capture_ms=4.02 queue_ms=65.57 gpu_ms=0.02 unpack_ms=4.84 total_ms=127.98
v5_service device=1 lane=0 class=1 jobs=29 rows=20867 cells=176451 reach=970212 reverse=1002320 table_mib=34.3 mutable_mib=672.0 max_job_mib=35.7 oldest_ms=84.06 pack_ms=30.17 solve_ms=128.05
v5_device jobs=24 rows=16446 cells=211857 direct=true graph_reused=false upload_ms=26.59 capture_ms=3.30 queue_ms=58.84 gpu_ms=0.02 unpack_ms=4.81 total_ms=93.57
v5_service device=0 lane=2 class=1 jobs=24 rows=16446 cells=211857 reach=1125940 reverse=1167445 table_mib=35.6 mutable_mib=560.0 max_job_mib=37.5 oldest_ms=83.70 pack_ms=22.20 solve_ms=93.63
v5_device jobs=2 rows=474 cells=11079 direct=true graph_reused=false upload_ms=0.50 capture_ms=3.92 queue_ms=4.62 gpu_ms=0.01 unpack_ms=0.20 total_ms=9.26
v5_service device=0 lane=2 class=0 jobs=2 rows=474 cells=11079 reach=18930 reverse=22041 table_mib=0.8 mutable_mib=16.0 max_job_mib=8.7 oldest_ms=200.60 pack_ms=0.92 solve_ms=9.31
v5_device jobs=25 rows=56198 cells=942361 direct=true graph_reused=false upload_ms=73.91 capture_ms=3.26 queue_ms=159.52 gpu_ms=0.01 unpack_ms=12.42 total_ms=249.12
v5_service device=1 lane=2 class=2 jobs=25 rows=56198 cells=942361 reach=1622886 reverse=1784168 table_mib=70.7 mutable_mib=1856.0 max_job_mib=272.4 oldest_ms=146.98 pack_ms=43.24 solve_ms=249.18
v5_device jobs=1 rows=28919 cells=103347 direct=true graph_reused=false upload_ms=10.50 capture_ms=4.27 queue_ms=95.07 gpu_ms=0.02 unpack_ms=1.07 total_ms=110.93
v5_service device=0 lane=2 class=3 jobs=1 rows=28919 cells=103347 reach=103367 reverse=103347 table_mib=12.6 mutable_mib=1024.0 max_job_mib=1041.3 oldest_ms=202.26 pack_ms=9.97 solve_ms=110.99
v5_device jobs=37 rows=24368 cells=703662 direct=true graph_reused=false upload_ms=23.97 capture_ms=4.20 queue_ms=100.91 gpu_ms=0.01 unpack_ms=7.65 total_ms=136.74
v5_service device=0 lane=0 class=1 jobs=37 rows=24368 cells=703662 reach=652809 reverse=804569 table_mib=34.1 mutable_mib=800.0 max_job_mib=38.4 oldest_ms=82.19 pack_ms=24.10 solve_ms=136.79
v5_device jobs=34 rows=22332 cells=557226 direct=true graph_reused=false upload_ms=36.14 capture_ms=3.50 queue_ms=88.47 gpu_ms=0.02 unpack_ms=6.32 total_ms=134.46
v5_service device=0 lane=1 class=1 jobs=34 rows=22332 cells=557226 reach=805259 reverse=922383 table_mib=33.9 mutable_mib=736.0 max_job_mib=37.3 oldest_ms=85.91 pack_ms=24.85 solve_ms=134.51
v5_device jobs=3 rows=4995 cells=97104 direct=true graph_reused=false upload_ms=4.82 capture_ms=5.15 queue_ms=179.49 gpu_ms=0.01 unpack_ms=1.45 total_ms=190.92
v5_service device=1 lane=0 class=2 jobs=3 rows=4995 cells=97104 reach=209076 reverse=229081 table_mib=8.5 mutable_mib=192.0 max_job_mib=70.1 oldest_ms=237.11 pack_ms=5.82 solve_ms=191.00
v5_device jobs=3 rows=5261 cells=40931 direct=true graph_reused=false upload_ms=1.93 capture_ms=4.47 queue_ms=28.61 gpu_ms=0.01 unpack_ms=0.48 total_ms=35.51
v5_service device=0 lane=1 class=2 jobs=3 rows=5261 cells=40931 reach=94051 reverse=94075 table_mib=4.3 mutable_mib=192.0 max_job_mib=66.6 oldest_ms=246.84 pack_ms=2.92 solve_ms=35.56
v5_device jobs=5 rows=12125 cells=219238 direct=true graph_reused=false upload_ms=7.51 capture_ms=6.24 queue_ms=34.96 gpu_ms=0.01 unpack_ms=1.87 total_ms=50.59
v5_service device=0 lane=0 class=2 jobs=5 rows=12125 cells=219238 reach=266727 reverse=304276 table_mib=13.2 mutable_mib=384.0 max_job_mib=133.0 oldest_ms=250.19 pack_ms=8.48 solve_ms=50.64
v5_device jobs=2 rows=8319 cells=83445 direct=true graph_reused=false upload_ms=3.07 capture_ms=4.43 queue_ms=54.78 gpu_ms=0.02 unpack_ms=1.79 total_ms=64.07
v5_service device=0 lane=2 class=2 jobs=2 rows=8319 cells=83445 reach=82570 reverse=83478 table_mib=6.4 mutable_mib=256.0 max_job_mib=135.3 oldest_ms=308.65 pack_ms=4.24 solve_ms=64.14
v5_device jobs=2 rows=557 cells=17086 direct=true graph_reused=false upload_ms=0.51 capture_ms=4.05 queue_ms=4.28 gpu_ms=0.01 unpack_ms=0.15 total_ms=9.00
v5_service device=0 lane=1 class=0 jobs=2 rows=557 cells=17086 reach=28249 reverse=32558 table_mib=1.1 mutable_mib=16.0 max_job_mib=8.8 oldest_ms=285.04 pack_ms=0.83 solve_ms=9.05
v5_device jobs=10 rows=2858 cells=29375 direct=true graph_reused=false upload_ms=1.05 capture_ms=4.52 queue_ms=10.53 gpu_ms=0.01 unpack_ms=0.45 total_ms=16.56
v5_service device=0 lane=0 class=0 jobs=10 rows=2858 cells=29375 reach=42941 reverse=47261 table_mib=2.5 mutable_mib=76.0 max_job_mib=8.9 oldest_ms=310.21 pack_ms=1.82 solve_ms=16.61
v5_device jobs=1 rows=19204 cells=22841 direct=true graph_reused=false upload_ms=19.92 capture_ms=3.67 queue_ms=35.79 gpu_ms=0.02 unpack_ms=2.11 total_ms=61.51
v5_service device=0 lane=1 class=3 jobs=1 rows=19204 cells=22841 reach=653844 reverse=653851 table_mib=23.6 mutable_mib=512.0 max_job_mib=544.1 oldest_ms=219.83 pack_ms=16.94 solve_ms=61.58
v5_device jobs=1 rows=44508 cells=54432 direct=true graph_reused=false upload_ms=196.11 capture_ms=3.41 queue_ms=241.20 gpu_ms=0.03 unpack_ms=64.46 total_ms=505.21
v5_service device=1 lane=1 class=3 jobs=1 rows=44508 cells=54432 reach=4902601 reverse=4902612 table_mib=132.6 mutable_mib=2048.0 max_job_mib=2245.5 oldest_ms=511.40 pack_ms=146.66 solve_ms=505.27
v5_device jobs=4 rows=936 cells=15096 direct=true graph_reused=false upload_ms=0.31 capture_ms=4.09 queue_ms=34.80 gpu_ms=0.01 unpack_ms=0.19 total_ms=39.39
v5_service device=0 lane=1 class=0 jobs=4 rows=936 cells=15096 reach=13267 reverse=15096 table_mib=0.8 mutable_mib=28.0 max_job_mib=8.4 oldest_ms=75.27 pack_ms=0.57 solve_ms=39.45
v5_device jobs=12 rows=8139 cells=199695 direct=true graph_reused=false upload_ms=11.75 capture_ms=3.51 queue_ms=80.73 gpu_ms=0.01 unpack_ms=2.50 total_ms=98.49
v5_service device=0 lane=0 class=1 jobs=12 rows=8139 cells=199695 reach=467122 reverse=514746 table_mib=17.0 mutable_mib=288.0 max_job_mib=37.2 oldest_ms=77.78 pack_ms=9.86 solve_ms=98.55
v5_device jobs=31 rows=23164 cells=216928 direct=true graph_reused=false upload_ms=31.82 capture_ms=4.24 queue_ms=60.31 gpu_ms=0.01 unpack_ms=4.84 total_ms=101.23
v5_service device=0 lane=2 class=1 jobs=31 rows=23164 cells=216928 reach=1039089 reverse=1091334 table_mib=36.6 mutable_mib=672.0 max_job_mib=37.3 oldest_ms=80.54 pack_ms=25.24 solve_ms=101.28
v5_device jobs=3 rows=782 cells=9910 direct=true graph_reused=false upload_ms=0.34 capture_ms=4.83 queue_ms=4.07 gpu_ms=0.01 unpack_ms=0.18 total_ms=9.41
v5_service device=0 lane=0 class=0 jobs=3 rows=782 cells=9910 reach=9193 reverse=9910 table_mib=0.6 mutable_mib=24.0 max_job_mib=8.4 oldest_ms=185.70 pack_ms=0.51 solve_ms=9.47
v5_device jobs=27 rows=19244 cells=372775 direct=true graph_reused=false upload_ms=65.50 capture_ms=3.90 queue_ms=68.98 gpu_ms=0.01 unpack_ms=6.00 total_ms=144.40
v5_service device=1 lane=0 class=1 jobs=27 rows=19244 cells=372775 reach=1358806 reverse=1448159 table_mib=44.0 mutable_mib=608.0 max_job_mib=44.6 oldest_ms=84.44 pack_ms=29.50 solve_ms=144.46
v5_device jobs=1 rows=2889 cells=4030 direct=true graph_reused=false upload_ms=1.73 capture_ms=4.32 queue_ms=7.70 gpu_ms=0.01 unpack_ms=0.18 total_ms=13.93
v5_service device=1 lane=0 class=2 jobs=1 rows=2889 cells=4030 reach=73375 reverse=73400 table_mib=3.0 mutable_mib=64.0 max_job_mib=67.9 oldest_ms=262.88 pack_ms=2.58 solve_ms=14.00
v5_device jobs=12 rows=7889 cells=177406 direct=true graph_reused=false upload_ms=4.98 capture_ms=6.48 queue_ms=31.34 gpu_ms=0.02 unpack_ms=1.81 total_ms=44.62
v5_service device=0 lane=1 class=1 jobs=12 rows=7889 cells=177406 reach=159321 reverse=195368 table_mib=9.1 mutable_mib=240.0 max_job_mib=34.9 oldest_ms=118.92 pack_ms=7.15 solve_ms=44.69
v5_device jobs=3 rows=882 cells=10561 direct=true graph_reused=false upload_ms=0.89 capture_ms=6.56 queue_ms=4.80 gpu_ms=0.01 unpack_ms=0.22 total_ms=12.48
v5_service device=1 lane=0 class=0 jobs=3 rows=882 cells=10561 reach=32250 reverse=34084 table_mib=1.2 mutable_mib=24.0 max_job_mib=8.8 oldest_ms=261.28 pack_ms=1.57 solve_ms=12.56
v5_device jobs=5 rows=1278 cells=4646 direct=true graph_reused=false upload_ms=0.89 capture_ms=4.60 queue_ms=43.87 gpu_ms=0.01 unpack_ms=1.41 total_ms=50.78
v5_service device=0 lane=2 class=0 jobs=5 rows=1278 cells=4646 reach=46382 reverse=47179 table_mib=1.7 mutable_mib=36.0 max_job_mib=8.9 oldest_ms=214.95 pack_ms=1.42 solve_ms=50.83
v5_device jobs=2 rows=11353 cells=247727 direct=true graph_reused=false upload_ms=9.49 capture_ms=3.78 queue_ms=30.75 gpu_ms=0.02 unpack_ms=2.01 total_ms=46.05
v5_service device=0 lane=0 class=2 jobs=2 rows=11353 cells=247727 reach=239313 reverse=247748 table_mib=12.3 mutable_mib=320.0 max_job_mib=274.1 oldest_ms=184.19 pack_ms=8.76 solve_ms=46.09
v5_device jobs=4 rows=10914 cells=137965 direct=true graph_reused=false upload_ms=9.57 capture_ms=3.58 queue_ms=24.14 gpu_ms=0.02 unpack_ms=1.53 total_ms=38.84
v5_service device=1 lane=1 class=2 jobs=4 rows=10914 cells=137965 reach=391196 reverse=418374 table_mib=14.9 mutable_mib=320.0 max_job_mib=132.7 oldest_ms=77.92 pack_ms=8.66 solve_ms=38.90
v5_device jobs=8 rows=15932 cells=455827 direct=true graph_reused=false upload_ms=24.86 capture_ms=3.76 queue_ms=44.46 gpu_ms=0.02 unpack_ms=3.87 total_ms=76.97
v5_service device=0 lane=2 class=2 jobs=8 rows=15932 cells=455827 reach=773447 reverse=874553 table_mib=29.3 mutable_mib=576.0 max_job_mib=130.1 oldest_ms=270.96 pack_ms=24.00 solve_ms=77.04
v5_device jobs=34 rows=23843 cells=480375 direct=true graph_reused=false upload_ms=28.85 capture_ms=3.61 queue_ms=80.18 gpu_ms=0.01 unpack_ms=5.09 total_ms=117.73
v5_service device=1 lane=1 class=1 jobs=34 rows=23843 cells=480375 reach=1082917 reverse=1178888 table_mib=41.1 mutable_mib=752.0 max_job_mib=37.8 oldest_ms=131.48 pack_ms=29.31 solve_ms=117.79
v5_device jobs=1 rows=42848 cells=234004 direct=true graph_reused=false upload_ms=13.97 capture_ms=3.38 queue_ms=60.07 gpu_ms=0.03 unpack_ms=3.67 total_ms=81.13
v5_service device=0 lane=2 class=3 jobs=1 rows=42848 cells=234004 reach=233911 reverse=234004 table_mib=23.6 mutable_mib=1024.0 max_job_mib=1064.4 oldest_ms=318.37 pack_ms=13.26 solve_ms=81.18
v5_device jobs=29 rows=20954 cells=365824 direct=true graph_reused=false upload_ms=55.43 capture_ms=4.78 queue_ms=221.04 gpu_ms=0.01 unpack_ms=5.25 total_ms=286.52
v5_service device=1 lane=0 class=1 jobs=29 rows=20954 cells=365824 reach=1162810 reverse=1233342 table_mib=39.9 mutable_mib=720.0 max_job_mib=37.1 oldest_ms=81.86 pack_ms=27.36 solve_ms=286.58
v5_device jobs=8 rows=2491 cells=41457 direct=true graph_reused=false upload_ms=1.10 capture_ms=4.32 queue_ms=256.65 gpu_ms=0.01 unpack_ms=0.38 total_ms=262.46
v5_service device=1 lane=1 class=0 jobs=8 rows=2491 cells=41457 reach=48331 reverse=58192 table_mib=2.6 mutable_mib=64.0 max_job_mib=8.7 oldest_ms=282.33 pack_ms=1.76 solve_ms=262.52
v5_device jobs=3 rows=4584 cells=280447 direct=true graph_reused=false upload_ms=5.87 capture_ms=4.23 queue_ms=34.19 gpu_ms=0.01 unpack_ms=2.25 total_ms=46.55
v5_service device=1 lane=0 class=2 jobs=3 rows=4584 cells=280447 reach=227687 reverse=280523 table_mib=11.0 mutable_mib=192.0 max_job_mib=71.1 oldest_ms=401.09 pack_ms=7.95 solve_ms=46.61
v5_device jobs=4 rows=725 cells=20423 direct=true graph_reused=false upload_ms=0.76 capture_ms=5.99 queue_ms=6.47 gpu_ms=0.01 unpack_ms=0.26 total_ms=13.48
v5_service device=1 lane=0 class=0 jobs=4 rows=725 cells=20423 reach=38795 reverse=44131 table_mib=1.5 mutable_mib=20.0 max_job_mib=8.7 oldest_ms=453.61 pack_ms=1.28 solve_ms=13.54
v5_device jobs=1 rows=19760 cells=102112 direct=true graph_reused=false upload_ms=7.04 capture_ms=8.23 queue_ms=27.29 gpu_ms=0.01 unpack_ms=1.50 total_ms=44.08
v5_service device=1 lane=1 class=3 jobs=1 rows=19760 cells=102112 reach=102011 reverse=102112 table_mib=11.1 mutable_mib=512.0 max_job_mib=531.9 oldest_ms=521.29 pack_ms=12.03 solve_ms=44.15
v5_device jobs=34 rows=21101 cells=198727 direct=true graph_reused=false upload_ms=30.74 capture_ms=3.58 queue_ms=171.12 gpu_ms=0.02 unpack_ms=5.70 total_ms=211.16
v5_service device=0 lane=2 class=1 jobs=34 rows=21101 cells=198727 reach=1418352 reverse=1450077 table_mib=43.8 mutable_mib=704.0 max_job_mib=38.6 oldest_ms=79.55 pack_ms=23.31 solve_ms=211.21
v5_device jobs=6 rows=1727 cells=7748 direct=true graph_reused=false upload_ms=1.18 capture_ms=4.56 queue_ms=9.75 gpu_ms=0.01 unpack_ms=0.28 total_ms=15.78
v5_service device=0 lane=2 class=0 jobs=6 rows=1727 cells=7748 reach=65054 reverse=66793 table_mib=2.3 mutable_mib=44.0 max_job_mib=9.2 oldest_ms=317.60 pack_ms=1.75 solve_ms=15.83
v5_device jobs=1 rows=1764 cells=6918 direct=true graph_reused=false upload_ms=0.38 capture_ms=4.46 queue_ms=3.32 gpu_ms=0.01 unpack_ms=0.10 total_ms=8.27
v5_service device=0 lane=2 class=2 jobs=1 rows=1764 cells=6918 reach=6297 reverse=7134 table_mib=0.9 mutable_mib=64.0 max_job_mib=65.4 oldest_ms=289.60 pack_ms=0.58 solve_ms=8.33
v5_device jobs=171 rows=117590 cells=2612613 direct=true graph_reused=false upload_ms=234.83 capture_ms=3.87 queue_ms=386.55 gpu_ms=0.02 unpack_ms=38.88 total_ms=664.14
v5_service device=1 lane=2 class=1 jobs=171 rows=117590 cells=2612613 reach=4669224 reverse=5259555 table_mib=187.8 mutable_mib=3904.0 max_job_mib=38.0 oldest_ms=499.85 pack_ms=184.37 solve_ms=664.21
v5_device jobs=2 rows=4911 cells=204362 direct=true graph_reused=false upload_ms=3.22 capture_ms=4.00 queue_ms=17.13 gpu_ms=0.03 unpack_ms=1.57 total_ms=25.94
v5_service device=1 lane=0 class=2 jobs=2 rows=4911 cells=204362 reach=177667 reverse=204395 table_mib=7.9 mutable_mib=192.0 max_job_mib=135.5 oldest_ms=76.38 pack_ms=4.61 solve_ms=26.04
v5_device jobs=1 rows=94007 cells=4867733 direct=true graph_reused=false upload_ms=159.47 capture_ms=2.73 queue_ms=294.69 gpu_ms=0.03 unpack_ms=75.39 total_ms=532.30
v5_service device=0 lane=0 class=31 jobs=1 rows=94007 cells=4867733 reach=4108444 reverse=5047230 table_mib=175.7 mutable_mib=4096.0 max_job_mib=4352.1 oldest_ms=229.52 pack_ms=104.89 solve_ms=532.44
v5_device jobs=9 rows=17433 cells=378438 direct=true graph_reused=false upload_ms=31.59 capture_ms=3.77 queue_ms=55.82 gpu_ms=0.01 unpack_ms=5.44 total_ms=96.63
v5_service device=1 lane=1 class=2 jobs=9 rows=17433 cells=378438 reach=725004 reverse=778997 table_mib=28.3 mutable_mib=576.0 max_job_mib=76.9 oldest_ms=79.66 pack_ms=22.83 solve_ms=96.71
v5_device jobs=22 rows=15399 cells=406581 direct=true graph_reused=false upload_ms=10.89 capture_ms=4.17 queue_ms=56.65 gpu_ms=86.58 unpack_ms=3.91 total_ms=162.20
v5_service device=0 lane=0 class=1 jobs=22 rows=15399 cells=406581 reach=411606 reverse=492379 table_mib=20.5 mutable_mib=528.0 max_job_mib=36.0 oldest_ms=98.85 pack_ms=13.62 solve_ms=162.25
v5_device jobs=14 rows=11200 cells=347912 direct=true graph_reused=false upload_ms=14.54 capture_ms=4.11 queue_ms=75.12 gpu_ms=80.56 unpack_ms=3.94 total_ms=178.28
v5_service device=0 lane=1 class=1 jobs=14 rows=11200 cells=347912 reach=458197 reverse=534403 table_mib=19.6 mutable_mib=336.0 max_job_mib=38.2 oldest_ms=84.85 pack_ms=15.07 solve_ms=178.38
v5_device jobs=42 rows=26658 cells=480127 direct=true graph_reused=false upload_ms=76.33 capture_ms=4.04 queue_ms=155.38 gpu_ms=55.97 unpack_ms=7.70 total_ms=299.43
v5_service device=1 lane=0 class=1 jobs=42 rows=26658 cells=480127 reach=804371 reverse=892518 table_mib=36.0 mutable_mib=864.0 max_job_mib=35.1 oldest_ms=115.32 pack_ms=43.49 solve_ms=299.50
v5_device jobs=1 rows=20069 cells=176787 direct=true graph_reused=false upload_ms=114.34 capture_ms=3.64 queue_ms=134.65 gpu_ms=71.09 unpack_ms=9.88 total_ms=333.60
v5_service device=0 lane=2 class=3 jobs=1 rows=20069 cells=176787 reach=2305627 reverse=2307396 table_mib=63.2 mutable_mib=512.0 max_job_mib=604.3 oldest_ms=285.00 pack_ms=45.53 solve_ms=333.65
v5_device jobs=3 rows=56860 cells=262424 direct=true graph_reused=false upload_ms=99.52 capture_ms=4.25 queue_ms=210.16 gpu_ms=0.02 unpack_ms=11.74 total_ms=325.70
v5_service device=1 lane=2 class=3 jobs=3 rows=56860 cells=262424 reach=2248300 reverse=2317235 table_mib=76.4 mutable_mib=2048.0 max_job_mib=1040.3 oldest_ms=1366.54 pack_ms=61.61 solve_ms=325.75
v5_device jobs=63 rows=42260 cells=1182442 direct=true graph_reused=false upload_ms=76.02 capture_ms=4.14 queue_ms=141.12 gpu_ms=0.02 unpack_ms=18.09 total_ms=239.40
v5_service device=1 lane=1 class=1 jobs=63 rows=42260 cells=1182442 reach=1771503 reverse=2070224 table_mib=74.0 mutable_mib=1392.0 max_job_mib=38.0 oldest_ms=213.45 pack_ms=47.30 solve_ms=239.46
v5_device jobs=6 rows=14410 cells=556751 direct=true graph_reused=false upload_ms=15.68 capture_ms=3.79 queue_ms=54.32 gpu_ms=0.02 unpack_ms=3.96 total_ms=77.77
v5_service device=0 lane=0 class=2 jobs=6 rows=14410 cells=556751 reach=478053 reverse=557861 table_mib=21.5 mutable_mib=512.0 max_job_mib=132.3 oldest_ms=281.73 pack_ms=15.87 solve_ms=77.84
v5_device jobs=4 rows=12887 cells=470319 direct=true graph_reused=false upload_ms=17.83 capture_ms=4.84 queue_ms=53.29 gpu_ms=0.04 unpack_ms=4.04 total_ms=80.05
v5_service device=0 lane=1 class=2 jobs=4 rows=12887 cells=470319 reach=429973 reverse=521438 table_mib=19.8 mutable_mib=384.0 max_job_mib=139.6 oldest_ms=263.35 pack_ms=17.41 solve_ms=80.13
v5_device jobs=3 rows=793 cells=13357 direct=true graph_reused=false upload_ms=0.38 capture_ms=4.47 queue_ms=3.79 gpu_ms=0.01 unpack_ms=0.17 total_ms=8.83
v5_service device=0 lane=0 class=0 jobs=3 rows=793 cells=13357 reach=10102 reverse=13357 table_mib=0.7 mutable_mib=20.0 max_job_mib=8.5 oldest_ms=363.65 pack_ms=0.53 solve_ms=8.88
v5_device jobs=1 rows=336 cells=5232 direct=true graph_reused=false upload_ms=0.28 capture_ms=7.42 queue_ms=0.22 gpu_ms=0.01 unpack_ms=0.07 total_ms=7.99
v5_service device=0 lane=1 class=0 jobs=1 rows=336 cells=5232 reach=3986 reverse=5232 table_mib=0.3 mutable_mib=8.0 max_job_mib=8.3 oldest_ms=327.63 pack_ms=0.37 solve_ms=8.09
v5_device jobs=28 rows=22705 cells=196821 direct=true graph_reused=false upload_ms=39.58 capture_ms=3.66 queue_ms=78.23 gpu_ms=0.01 unpack_ms=5.44 total_ms=126.92
v5_service device=0 lane=2 class=1 jobs=28 rows=22705 cells=196821 reach=1439450 reverse=1493078 table_mib=45.7 mutable_mib=688.0 max_job_mib=38.6 oldest_ms=87.27 pack_ms=39.76 solve_ms=126.99
v5_device jobs=26 rows=17746 cells=289450 direct=true graph_reused=false upload_ms=8.82 capture_ms=4.05 queue_ms=46.67 gpu_ms=0.01 unpack_ms=2.56 total_ms=62.11
v5_service device=0 lane=1 class=1 jobs=26 rows=17746 cells=289450 reach=242996 reverse=293942 table_mib=15.1 mutable_mib=512.0 max_job_mib=33.9 oldest_ms=82.06 pack_ms=10.02 solve_ms=62.17
v5_device jobs=7 rows=5105 cells=143666 direct=true graph_reused=false upload_ms=5.09 capture_ms=5.12 queue_ms=62.49 gpu_ms=0.02 unpack_ms=1.59 total_ms=74.31
v5_service device=0 lane=0 class=1 jobs=7 rows=5105 cells=143666 reach=225367 reverse=249768 table_mib=8.9 mutable_mib=160.0 max_job_mib=36.7 oldest_ms=77.24 pack_ms=6.11 solve_ms=74.39
v5_device jobs=2 rows=598 cells=7526 direct=true graph_reused=false upload_ms=0.31 capture_ms=3.89 queue_ms=2.68 gpu_ms=0.01 unpack_ms=0.17 total_ms=7.06
v5_service device=0 lane=2 class=0 jobs=2 rows=598 cells=7526 reach=10779 reverse=12398 table_mib=0.6 mutable_mib=16.0 max_job_mib=8.5 oldest_ms=257.08 pack_ms=0.49 solve_ms=7.10
v5_device jobs=1 rows=370 cells=2511 direct=true graph_reused=false upload_ms=0.25 capture_ms=7.55 queue_ms=0.19 gpu_ms=0.01 unpack_ms=0.06 total_ms=8.06
v5_service device=0 lane=0 class=0 jobs=1 rows=370 cells=2511 reach=2485 reverse=2511 table_mib=0.2 mutable_mib=8.0 max_job_mib=8.3 oldest_ms=158.50 pack_ms=0.31 solve_ms=8.16
v5_device jobs=3 rows=7899 cells=20729 direct=true graph_reused=false upload_ms=8.08 capture_ms=3.73 queue_ms=14.87 gpu_ms=0.01 unpack_ms=0.66 total_ms=27.35
v5_service device=0 lane=2 class=2 jobs=3 rows=7899 cells=20729 reach=168209 reverse=168569 table_mib=7.3 mutable_mib=256.0 max_job_mib=134.1 oldest_ms=265.34 pack_ms=5.41 solve_ms=27.40
v5_device jobs=2 rows=3878 cells=39040 direct=true graph_reused=false upload_ms=6.68 capture_ms=4.46 queue_ms=19.22 gpu_ms=0.01 unpack_ms=0.96 total_ms=31.33
v5_service device=0 lane=1 class=2 jobs=2 rows=3878 cells=39040 reach=276410 reverse=280874 table_mib=8.3 mutable_mib=128.0 max_job_mib=74.4 oldest_ms=167.22 pack_ms=15.29 solve_ms=31.39
v5_device jobs=5 rows=1442 cells=19356 direct=true graph_reused=false upload_ms=0.72 capture_ms=4.30 queue_ms=9.23 gpu_ms=0.01 unpack_ms=0.25 total_ms=14.52
v5_service device=0 lane=1 class=0 jobs=5 rows=1442 cells=19356 reach=22653 reverse=28332 table_mib=1.4 mutable_mib=40.0 max_job_mib=8.6 oldest_ms=214.13 pack_ms=1.16 solve_ms=14.59
v5_device jobs=1 rows=27633 cells=328301 direct=true graph_reused=false upload_ms=86.96 capture_ms=3.20 queue_ms=234.99 gpu_ms=0.01 unpack_ms=6.41 total_ms=331.56
v5_service device=1 lane=1 class=3 jobs=1 rows=27633 cells=328301 reach=1989336 reverse=2085949 table_mib=61.7 mutable_mib=1024.0 max_job_mib=1109.1 oldest_ms=519.70 pack_ms=38.29 solve_ms=331.62
v5_device jobs=11 rows=7647 cells=313485 direct=true graph_reused=false upload_ms=14.12 capture_ms=3.95 queue_ms=75.13 gpu_ms=0.01 unpack_ms=2.72 total_ms=95.93
v5_service device=0 lane=2 class=1 jobs=11 rows=7647 cells=313485 reach=631792 reverse=744000 table_mib=22.4 mutable_mib=240.0 max_job_mib=41.9 oldest_ms=89.51 pack_ms=13.40 solve_ms=95.99
v5_device jobs=4 rows=1177 cells=34944 direct=true graph_reused=false upload_ms=0.61 capture_ms=3.29 queue_ms=44.20 gpu_ms=9.70 unpack_ms=0.36 total_ms=58.16
v5_service device=1 lane=1 class=0 jobs=4 rows=1177 cells=34944 reach=31286 reverse=45291 table_mib=1.7 mutable_mib=32.0 max_job_mib=9.4 oldest_ms=888.52 pack_ms=1.06 solve_ms=58.21
v5_device jobs=1 rows=34178 cells=175576 direct=true graph_reused=false upload_ms=82.61 capture_ms=3.32 queue_ms=103.72 gpu_ms=15.54 unpack_ms=7.37 total_ms=212.56
v5_service device=0 lane=0 class=3 jobs=1 rows=34178 cells=175576 reach=1934176 reverse=1936044 table_mib=61.0 mutable_mib=1024.0 max_job_mib=1109.1 oldest_ms=166.49 pack_ms=45.26 solve_ms=212.62
v5_device jobs=20 rows=12882 cells=637383 direct=true graph_reused=false upload_ms=33.62 capture_ms=4.05 queue_ms=49.31 gpu_ms=0.01 unpack_ms=3.96 total_ms=90.94
v5_service device=0 lane=1 class=1 jobs=20 rows=12882 cells=637383 reach=649748 reverse=816616 table_mib=27.8 mutable_mib=400.0 max_job_mib=36.6 oldest_ms=86.79 pack_ms=17.09 solve_ms=91.01
v5_device jobs=1 rows=306 cells=4205 direct=true graph_reused=false upload_ms=0.20 capture_ms=5.05 queue_ms=13.40 gpu_ms=0.01 unpack_ms=0.05 total_ms=18.71
v5_service device=0 lane=1 class=0 jobs=1 rows=306 cells=4205 reach=4227 reverse=4205 table_mib=0.2 mutable_mib=8.0 max_job_mib=8.4 oldest_ms=197.49 pack_ms=0.32 solve_ms=18.76
v5_device jobs=1 rows=2173 cells=223805 direct=true graph_reused=false upload_ms=2.79 capture_ms=5.46 queue_ms=23.24 gpu_ms=0.01 unpack_ms=0.55 total_ms=32.06
v5_service device=0 lane=0 class=2 jobs=1 rows=2173 cells=223805 reach=184748 reverse=223805 table_mib=7.5 mutable_mib=64.0 max_job_mib=75.2 oldest_ms=392.35 pack_ms=4.37 solve_ms=32.10
v5_device jobs=3 rows=9628 cells=95038 direct=true graph_reused=false upload_ms=14.76 capture_ms=3.67 queue_ms=38.79 gpu_ms=0.01 unpack_ms=1.80 total_ms=59.03
v5_service device=0 lane=2 class=2 jobs=3 rows=9628 cells=95038 reach=477934 reverse=504602 table_mib=16.3 mutable_mib=320.0 max_job_mib=139.8 oldest_ms=200.69 pack_ms=10.84 solve_ms=59.09
v5_device jobs=1 rows=59150 cells=216397 direct=true graph_reused=false upload_ms=126.98 capture_ms=4.11 queue_ms=306.18 gpu_ms=0.02 unpack_ms=28.96 total_ms=466.24
v5_service device=1 lane=2 class=3 jobs=1 rows=59150 cells=216397 reach=2719633 reverse=2722038 table_mib=90.4 mutable_mib=2048.0 max_job_mib=2172.7 oldest_ms=1712.94 pack_ms=54.35 solve_ms=466.30
v5_device jobs=3 rows=6353 cells=119918 direct=true graph_reused=false upload_ms=3.34 capture_ms=4.23 queue_ms=18.32 gpu_ms=0.01 unpack_ms=1.39 total_ms=27.29
v5_service device=0 lane=1 class=2 jobs=3 rows=6353 cells=119918 reach=107071 reverse=119991 table_mib=6.4 mutable_mib=192.0 max_job_mib=69.9 oldest_ms=204.45 pack_ms=4.19 solve_ms=27.36
v5_device jobs=1 rows=32178 cells=234552 direct=true graph_reused=false upload_ms=187.80 capture_ms=6.42 queue_ms=242.04 gpu_ms=0.02 unpack_ms=46.92 total_ms=483.19
v5_service device=1 lane=0 class=3 jobs=1 rows=32178 cells=234552 reach=3634946 reverse=3677231 table_mib=99.6 mutable_mib=1024.0 max_job_mib=1170.5 oldest_ms=456.20 pack_ms=106.50 solve_ms=483.27
v5_device jobs=2 rows=518 cells=11529 direct=true graph_reused=false upload_ms=0.76 capture_ms=5.54 queue_ms=37.20 gpu_ms=0.01 unpack_ms=0.22 total_ms=43.73
v5_service device=1 lane=0 class=0 jobs=2 rows=518 cells=11529 reach=37976 reverse=40725 table_mib=1.3 mutable_mib=16.0 max_job_mib=9.3 oldest_ms=1035.78 pack_ms=1.12 solve_ms=43.78
v5_device jobs=3 rows=42529 cells=409774 direct=true graph_reused=false upload_ms=21.61 capture_ms=3.60 queue_ms=94.01 gpu_ms=0.02 unpack_ms=10.76 total_ms=130.00
v5_service device=1 lane=1 class=3 jobs=3 rows=42529 cells=409774 reach=356687 reverse=409774 table_mib=33.2 mutable_mib=1536.0 max_job_mib=549.6 oldest_ms=944.07 pack_ms=21.58 solve_ms=130.06
v5_device jobs=1 rows=25823 cells=30633 direct=true graph_reused=false upload_ms=17.78 capture_ms=3.64 queue_ms=35.15 gpu_ms=0.01 unpack_ms=0.86 total_ms=57.45
v5_service device=0 lane=0 class=3 jobs=1 rows=25823 cells=30633 reach=511261 reverse=511253 table_mib=23.0 mutable_mib=1024.0 max_job_mib=1053.5 oldest_ms=77.41 pack_ms=13.90 solve_ms=57.51
v5_device jobs=29 rows=18818 cells=358156 direct=true graph_reused=false upload_ms=15.28 capture_ms=3.46 queue_ms=44.96 gpu_ms=0.02 unpack_ms=4.12 total_ms=67.83
v5_service device=1 lane=2 class=1 jobs=29 rows=18818 cells=358156 reach=516036 reverse=586513 table_mib=24.1 mutable_mib=624.0 max_job_mib=36.5 oldest_ms=80.81 pack_ms=12.94 solve_ms=67.90
v5_device jobs=5 rows=15127 cells=142854 direct=true graph_reused=false upload_ms=7.69 capture_ms=4.33 queue_ms=42.50 gpu_ms=0.01 unpack_ms=2.00 total_ms=56.53
v5_service device=0 lane=0 class=2 jobs=5 rows=15127 cells=142854 reach=274486 reverse=290564 table_mib=13.8 mutable_mib=384.0 max_job_mib=135.8 oldest_ms=150.45 pack_ms=7.32 solve_ms=56.59
v5_device jobs=3 rows=927 cells=19958 direct=true graph_reused=false upload_ms=0.46 capture_ms=3.99 queue_ms=6.17 gpu_ms=0.01 unpack_ms=0.28 total_ms=10.92
v5_service device=0 lane=0 class=0 jobs=3 rows=927 cells=19958 reach=15466 reverse=19958 table_mib=1.0 mutable_mib=24.0 max_job_mib=8.9 oldest_ms=215.16 pack_ms=1.13 solve_ms=10.96
v5_device jobs=34 rows=22286 cells=658523 direct=true graph_reused=false upload_ms=19.61 capture_ms=4.08 queue_ms=69.68 gpu_ms=0.02 unpack_ms=9.66 total_ms=103.04
v5_service device=0 lane=1 class=1 jobs=34 rows=22286 cells=658523 reach=539052 reverse=681491 table_mib=28.7 mutable_mib=720.0 max_job_mib=35.4 oldest_ms=84.14 pack_ms=20.25 solve_ms=103.11
v5_device jobs=26 rows=19463 cells=545820 direct=true graph_reused=false upload_ms=21.15 capture_ms=3.64 queue_ms=52.10 gpu_ms=0.03 unpack_ms=7.55 total_ms=84.47
v5_service device=1 lane=0 class=1 jobs=26 rows=19463 cells=545820 reach=647239 reverse=775461 table_mib=29.9 mutable_mib=656.0 max_job_mib=36.2 oldest_ms=82.41 pack_ms=21.34 solve_ms=84.57
v5_device jobs=8 rows=13049 cells=267977 direct=true graph_reused=false upload_ms=56.11 capture_ms=5.24 queue_ms=70.26 gpu_ms=0.02 unpack_ms=7.64 total_ms=139.27
v5_service device=1 lane=1 class=2 jobs=8 rows=13049 cells=267977 reach=1166625 reverse=1221297 table_mib=36.8 mutable_mib=512.0 max_job_mib=80.3 oldest_ms=82.22 pack_ms=24.66 solve_ms=139.33
v5_device jobs=29 rows=19193 cells=792488 direct=true graph_reused=false upload_ms=22.44 capture_ms=3.69 queue_ms=73.39 gpu_ms=0.02 unpack_ms=5.89 total_ms=105.43
v5_service device=0 lane=0 class=1 jobs=29 rows=19193 cells=792488 reach=613594 reverse=810530 table_mib=31.4 mutable_mib=688.0 max_job_mib=38.6 oldest_ms=233.05 pack_ms=22.04 solve_ms=105.48
v5_device jobs=4 rows=12625 cells=375870 direct=true graph_reused=false upload_ms=18.72 capture_ms=4.34 queue_ms=67.32 gpu_ms=0.03 unpack_ms=4.74 total_ms=95.15
v5_service device=0 lane=1 class=2 jobs=4 rows=12625 cells=375870 reach=285966 reverse=375986 table_mib=16.7 mutable_mib=384.0 max_job_mib=135.0 oldest_ms=242.23 pack_ms=15.59 solve_ms=95.23
v5_device jobs=8 rows=1902 cells=29291 direct=true graph_reused=false upload_ms=0.94 capture_ms=6.07 queue_ms=8.37 gpu_ms=0.01 unpack_ms=0.35 total_ms=15.74
v5_service device=0 lane=1 class=0 jobs=8 rows=1902 cells=29291 reach=22140 reverse=29291 table_mib=1.6 mutable_mib=58.0 max_job_mib=8.7 oldest_ms=354.00 pack_ms=1.60 solve_ms=15.81
v5_device jobs=1 rows=18991 cells=69868 direct=true graph_reused=false upload_ms=5.20 capture_ms=4.62 queue_ms=30.48 gpu_ms=0.01 unpack_ms=0.50 total_ms=40.81
v5_service device=0 lane=1 class=3 jobs=1 rows=18991 cells=69868 reach=69879 reverse=69868 table_mib=8.3 mutable_mib=512.0 max_job_mib=523.4 oldest_ms=327.89 pack_ms=6.02 solve_ms=40.88
v5_device jobs=1 rows=23273 cells=359024 direct=true graph_reused=false upload_ms=11.88 capture_ms=3.97 queue_ms=49.72 gpu_ms=0.01 unpack_ms=1.61 total_ms=67.19
v5_service device=0 lane=0 class=3 jobs=1 rows=23273 cells=359024 reach=358907 reverse=359024 table_mib=18.9 mutable_mib=512.0 max_job_mib=540.5 oldest_ms=359.95 pack_ms=12.23 solve_ms=67.25
v5_device jobs=2 rows=545 cells=7273 direct=true graph_reused=false upload_ms=0.30 capture_ms=4.62 queue_ms=188.26 gpu_ms=0.01 unpack_ms=0.10 total_ms=193.29
v5_service device=1 lane=1 class=0 jobs=2 rows=545 cells=7273 reach=5567 reverse=7273 table_mib=0.4 mutable_mib=16.0 max_job_mib=8.3 oldest_ms=246.97 pack_ms=0.37 solve_ms=193.36
v5_device jobs=23 rows=14961 cells=400253 direct=true graph_reused=false upload_ms=23.28 capture_ms=5.02 queue_ms=149.36 gpu_ms=0.02 unpack_ms=4.92 total_ms=182.60
v5_service device=1 lane=0 class=1 jobs=23 rows=14961 cells=400253 reach=758649 reverse=850968 table_mib=28.9 mutable_mib=512.0 max_job_mib=37.6 oldest_ms=84.49 pack_ms=25.13 solve_ms=182.66
v5_device jobs=5 rows=8812 cells=138305 direct=true graph_reused=false upload_ms=4.61 capture_ms=4.88 queue_ms=37.04 gpu_ms=0.02 unpack_ms=1.46 total_ms=48.00
v5_service device=1 lane=0 class=2 jobs=5 rows=8812 cells=138305 reach=155154 reverse=176069 table_mib=8.8 mutable_mib=320.0 max_job_mib=70.3 oldest_ms=296.09 pack_ms=9.06 solve_ms=48.10
v5_device jobs=20 rows=13223 cells=134522 direct=true graph_reused=false upload_ms=13.59 capture_ms=3.92 queue_ms=47.00 gpu_ms=0.01 unpack_ms=2.81 total_ms=67.33
v5_service device=1 lane=1 class=1 jobs=20 rows=13223 cells=134522 reach=413453 reverse=437500 table_mib=16.8 mutable_mib=416.0 max_job_mib=34.8 oldest_ms=441.05 pack_ms=11.46 solve_ms=67.38
v5_device jobs=1 rows=266 cells=1818 direct=true graph_reused=false upload_ms=0.40 capture_ms=6.82 queue_ms=0.48 gpu_ms=0.01 unpack_ms=0.06 total_ms=7.77
v5_service device=1 lane=0 class=0 jobs=1 rows=266 cells=1818 reach=13058 reverse=13544 table_mib=0.4 mutable_mib=8.0 max_job_mib=8.6 oldest_ms=351.75 pack_ms=0.53 solve_ms=7.85
v5_device jobs=2 rows=66098 cells=1697665 direct=true graph_reused=false upload_ms=96.97 capture_ms=3.83 queue_ms=278.07 gpu_ms=0.02 unpack_ms=50.03 total_ms=428.92
v5_service device=1 lane=2 class=3 jobs=2 rows=66098 cells=1697665 reach=1305786 reverse=1697665 table_mib=83.0 mutable_mib=2560.0 max_job_mib=2143.0 oldest_ms=187.18 pack_ms=46.45 solve_ms=428.98
v5_device jobs=3 rows=779 cells=12753 direct=true graph_reused=false upload_ms=0.32 capture_ms=3.87 queue_ms=4.09 gpu_ms=0.01 unpack_ms=0.12 total_ms=8.41
v5_service device=1 lane=2 class=0 jobs=3 rows=779 cells=12753 reach=10466 reverse=12753 table_mib=0.7 mutable_mib=20.0 max_job_mib=8.5 oldest_ms=660.40 pack_ms=0.49 solve_ms=8.45
v5_device jobs=15 rows=4485 cells=173514 direct=true graph_reused=false upload_ms=3.68 capture_ms=4.75 queue_ms=42.51 gpu_ms=0.01 unpack_ms=1.13 total_ms=52.08
v5_service device=1 lane=0 class=0 jobs=15 rows=4485 cells=173514 reach=194243 reverse=245163 table_mib=8.5 mutable_mib=120.0 max_job_mib=10.2 oldest_ms=76.36 pack_ms=5.50 solve_ms=52.15
v5_device jobs=4 rows=17578 cells=370678 direct=true graph_reused=false upload_ms=18.56 capture_ms=3.14 queue_ms=90.44 gpu_ms=0.01 unpack_ms=3.12 total_ms=115.27
v5_service device=1 lane=2 class=2 jobs=4 rows=17578 cells=370678 reach=819206 reverse=872717 table_mib=30.3 mutable_mib=448.0 max_job_mib=268.6 oldest_ms=671.39 pack_ms=16.34 solve_ms=115.33
v5_device jobs=22 rows=14570 cells=579501 direct=true graph_reused=false upload_ms=15.28 capture_ms=4.03 queue_ms=52.30 gpu_ms=0.01 unpack_ms=4.47 total_ms=76.08
v5_service device=1 lane=1 class=1 jobs=22 rows=14570 cells=579501 reach=586564 reverse=732493 table_mib=27.3 mutable_mib=464.0 max_job_mib=36.6 oldest_ms=82.64 pack_ms=15.55 solve_ms=76.14
v5_device jobs=1 rows=306 cells=7198 direct=true graph_reused=false upload_ms=0.24 capture_ms=3.62 queue_ms=4.27 gpu_ms=0.01 unpack_ms=0.10 total_ms=8.25
v5_service device=1 lane=1 class=0 jobs=1 rows=306 cells=7198 reach=5381 reverse=7198 table_mib=0.4 mutable_mib=8.0 max_job_mib=8.9 oldest_ms=175.27 pack_ms=0.40 solve_ms=8.29
v5_device jobs=29 rows=19587 cells=831080 direct=true graph_reused=false upload_ms=17.55 capture_ms=4.12 queue_ms=338.12 gpu_ms=0.02 unpack_ms=5.31 total_ms=365.10
v5_service device=0 lane=0 class=1 jobs=29 rows=19587 cells=831080 reach=691868 reverse=880391 table_mib=33.1 mutable_mib=624.0 max_job_mib=38.8 oldest_ms=82.17 pack_ms=15.84 solve_ms=365.16
v5_device jobs=20 rows=15723 cells=838994 direct=true graph_reused=false upload_ms=41.34 capture_ms=3.98 queue_ms=320.01 gpu_ms=0.03 unpack_ms=7.56 total_ms=372.91
v5_service device=0 lane=1 class=1 jobs=20 rows=15723 cells=838994 reach=849573 reverse=1014273 table_mib=35.5 mutable_mib=496.0 max_job_mib=41.8 oldest_ms=82.31 pack_ms=42.23 solve_ms=372.98
v5_device jobs=5 rows=11396 cells=331092 direct=true graph_reused=false upload_ms=9.94 capture_ms=3.50 queue_ms=90.07 gpu_ms=0.01 unpack_ms=2.31 total_ms=105.83
v5_service device=1 lane=1 class=2 jobs=5 rows=11396 cells=331092 reach=328858 reverse=398327 table_mib=15.7 mutable_mib=384.0 max_job_mib=131.5 oldest_ms=185.26 pack_ms=9.32 solve_ms=105.90
v5_device jobs=1 rows=264 cells=4789 direct=true graph_reused=false upload_ms=0.25 capture_ms=5.47 queue_ms=0.67 gpu_ms=0.01 unpack_ms=0.05 total_ms=6.45
v5_service device=0 lane=1 class=0 jobs=1 rows=264 cells=4789 reach=3454 reverse=4789 table_mib=0.2 mutable_mib=8.0 max_job_mib=8.4 oldest_ms=492.85 pack_ms=0.39 solve_ms=6.52
v5_device jobs=5 rows=10689 cells=125005 direct=true graph_reused=false upload_ms=8.23 capture_ms=5.09 queue_ms=20.85 gpu_ms=0.01 unpack_ms=1.48 total_ms=35.67
v5_service device=0 lane=0 class=2 jobs=5 rows=10689 cells=125005 reach=241721 reverse=269822 table_mib=11.1 mutable_mib=320.0 max_job_mib=71.0 oldest_ms=469.83 pack_ms=9.80 solve_ms=35.73
v5_device jobs=13 rows=31740 cells=1035463 direct=true graph_reused=false upload_ms=25.38 capture_ms=4.18 queue_ms=78.25 gpu_ms=0.02 unpack_ms=8.82 total_ms=116.64
v5_service device=1 lane=0 class=2 jobs=13 rows=31740 cells=1035463 reach=875836 reverse=1074282 table_mib=44.0 mutable_mib=1216.0 max_job_mib=261.5 oldest_ms=150.85 pack_ms=54.06 solve_ms=116.71
v5_device jobs=7 rows=1888 cells=21544 direct=true graph_reused=false upload_ms=0.56 capture_ms=5.19 queue_ms=3.99 gpu_ms=0.01 unpack_ms=0.21 total_ms=9.97
v5_service device=0 lane=0 class=0 jobs=7 rows=1888 cells=21544 reach=18643 reverse=21570 table_mib=1.3 mutable_mib=52.0 max_job_mib=8.4 oldest_ms=509.60 pack_ms=0.97 solve_ms=10.03
v5_device jobs=43 rows=28007 cells=890193 direct=true graph_reused=false upload_ms=22.08 capture_ms=3.68 queue_ms=59.77 gpu_ms=0.02 unpack_ms=6.19 total_ms=91.74
v5_service device=1 lane=2 class=1 jobs=43 rows=28007 cells=890193 reach=723611 reverse=954876 table_mib=38.6 mutable_mib=928.0 max_job_mib=36.3 oldest_ms=79.53 pack_ms=18.94 solve_ms=91.79
v5_device jobs=3 rows=11439 cells=186943 direct=true graph_reused=false upload_ms=8.03 capture_ms=4.08 queue_ms=21.95 gpu_ms=0.01 unpack_ms=1.15 total_ms=35.23
v5_service device=0 lane=1 class=2 jobs=3 rows=11439 cells=186943 reach=244564 reverse=273122 table_mib=11.5 mutable_mib=384.0 max_job_mib=260.6 oldest_ms=484.30 pack_ms=9.49 solve_ms=35.29
v5_device jobs=9 rows=2339 cells=56516 direct=true graph_reused=false upload_ms=1.02 capture_ms=3.53 queue_ms=11.65 gpu_ms=0.01 unpack_ms=0.46 total_ms=16.67
v5_service device=1 lane=2 class=0 jobs=9 rows=2339 cells=56516 reach=45691 reverse=56516 table_mib=2.7 mutable_mib=72.0 max_job_mib=9.4 oldest_ms=202.45 pack_ms=1.75 solve_ms=16.72
v5_device jobs=3 rows=5264 cells=145377 direct=true graph_reused=false upload_ms=2.15 capture_ms=3.43 queue_ms=14.02 gpu_ms=0.01 unpack_ms=0.79 total_ms=20.40
v5_service device=1 lane=2 class=2 jobs=3 rows=5264 cells=145377 reach=115613 reverse=149925 table_mib=6.3 mutable_mib=192.0 max_job_mib=69.6 oldest_ms=220.02 pack_ms=3.06 solve_ms=20.46
v5_device jobs=3 rows=103782 cells=378384 direct=true graph_reused=false upload_ms=338.49 capture_ms=3.21 queue_ms=464.13 gpu_ms=0.01 unpack_ms=90.72 total_ms=896.55
v5_service device=0 lane=2 class=3 jobs=3 rows=103782 cells=378384 reach=7925063 reverse=7927029 table_mib=230.7 mutable_mib=3072.0 max_job_mib=1252.9 oldest_ms=271.47 pack_ms=196.96 solve_ms=896.60
v5_device jobs=2 rows=492 cells=5489 direct=true graph_reused=false upload_ms=0.26 capture_ms=3.56 queue_ms=2.11 gpu_ms=0.01 unpack_ms=0.25 total_ms=6.18
v5_service device=0 lane=2 class=0 jobs=2 rows=492 cells=5489 reach=3917 reverse=5489 table_mib=0.3 mutable_mib=12.0 max_job_mib=8.3 oldest_ms=1367.91 pack_ms=0.37 solve_ms=6.25
v5_device jobs=22 rows=14546 cells=441592 direct=true graph_reused=false upload_ms=13.98 capture_ms=3.85 queue_ms=33.93 gpu_ms=0.01 unpack_ms=3.10 total_ms=54.88
v5_service device=0 lane=1 class=1 jobs=22 rows=14546 cells=441592 reach=350623 reverse=441980 table_mib=18.4 mutable_mib=432.0 max_job_mib=37.0 oldest_ms=80.41 pack_ms=11.38 solve_ms=54.94
v5_device jobs=12 rows=2906 cells=61002 direct=true graph_reused=false upload_ms=1.26 capture_ms=3.82 queue_ms=11.82 gpu_ms=0.01 unpack_ms=0.54 total_ms=17.45
v5_service device=0 lane=1 class=0 jobs=12 rows=2906 cells=61002 reach=42677 reverse=61002 table_mib=3.0 mutable_mib=80.0 max_job_mib=9.1 oldest_ms=151.58 pack_ms=2.07 solve_ms=17.52
v5_device jobs=2 rows=3770 cells=244707 direct=true graph_reused=false upload_ms=3.78 capture_ms=3.84 queue_ms=18.87 gpu_ms=0.01 unpack_ms=1.02 total_ms=27.51
v5_service device=0 lane=1 class=2 jobs=2 rows=3770 cells=244707 reach=205209 reverse=244707 table_mib=8.8 mutable_mib=128.0 max_job_mib=73.8 oldest_ms=171.68 pack_ms=5.26 solve_ms=27.58
v5_device jobs=1 rows=18781 cells=208803 direct=true graph_reused=false upload_ms=19.41 capture_ms=10.54 queue_ms=192.39 gpu_ms=0.01 unpack_ms=0.70 total_ms=223.06
v5_service device=1 lane=2 class=3 jobs=1 rows=18781 cells=208803 reach=208795 reverse=208803 table_mib=12.1 mutable_mib=512.0 max_job_mib=528.4 oldest_ms=235.54 pack_ms=6.59 solve_ms=223.11
v5_device jobs=2 rows=30859 cells=226167 direct=true graph_reused=false upload_ms=13.56 capture_ms=4.04 queue_ms=55.18 gpu_ms=0.01 unpack_ms=0.81 total_ms=73.61
v5_service device=0 lane=1 class=3 jobs=2 rows=30859 cells=226167 reach=226206 reverse=226181 table_mib=16.7 mutable_mib=1024.0 max_job_mib=523.2 oldest_ms=205.01 pack_ms=9.97 solve_ms=73.67
v5_device jobs=1 rows=44680 cells=166291 direct=true graph_reused=false upload_ms=96.60 capture_ms=3.49 queue_ms=278.76 gpu_ms=0.02 unpack_ms=6.86 total_ms=385.72
v5_service device=1 lane=1 class=3 jobs=1 rows=44680 cells=166291 reach=1999700 reverse=2001401 table_mib=66.9 mutable_mib=1024.0 max_job_mib=1116.1 oldest_ms=291.99 pack_ms=44.85 solve_ms=385.78
v5_device jobs=4 rows=6266 cells=214255 direct=true graph_reused=false upload_ms=3.02 capture_ms=3.15 queue_ms=20.81 gpu_ms=0.01 unpack_ms=1.20 total_ms=28.19
v5_service device=1 lane=2 class=2 jobs=4 rows=6266 cells=214255 reach=179419 reverse=214255 table_mib=8.9 mutable_mib=256.0 max_job_mib=72.3 oldest_ms=77.68 pack_ms=4.15 solve_ms=28.24
v5_device jobs=89 rows=60009 cells=1551854 direct=true graph_reused=false upload_ms=114.80 capture_ms=4.13 queue_ms=203.61 gpu_ms=0.02 unpack_ms=20.63 total_ms=343.18
v5_service device=1 lane=0 class=1 jobs=89 rows=60009 cells=1551854 reach=2027705 reverse=2377095 table_mib=91.4 mutable_mib=2000.0 max_job_mib=38.0 oldest_ms=345.05 pack_ms=69.72 solve_ms=343.24
v5_device jobs=1 rows=14832 cells=138114 direct=true graph_reused=false upload_ms=6.92 capture_ms=3.79 queue_ms=64.22 gpu_ms=0.02 unpack_ms=0.90 total_ms=75.86
v5_service device=1 lane=0 class=3 jobs=1 rows=14832 cells=138114 reach=138075 reverse=138114 table_mib=9.1 mutable_mib=512.0 max_job_mib=524.3 oldest_ms=724.21 pack_ms=5.65 solve_ms=75.91
v5_device jobs=1 rows=12000 cells=30491 direct=true graph_reused=false upload_ms=19.96 capture_ms=3.64 queue_ms=82.04 gpu_ms=0.02 unpack_ms=3.43 total_ms=109.08
v5_service device=1 lane=1 class=3 jobs=1 rows=12000 cells=30491 reach=695885 reverse=704975 table_mib=21.8 mutable_mib=512.0 max_job_mib=542.8 oldest_ms=677.47 pack_ms=14.20 solve_ms=109.13
v5_device jobs=28 rows=19233 cells=480574 direct=true graph_reused=false upload_ms=13.55 capture_ms=4.23 queue_ms=68.17 gpu_ms=0.02 unpack_ms=4.83 total_ms=90.80
v5_service device=1 lane=2 class=1 jobs=28 rows=19233 cells=480574 reach=391139 reverse=481502 table_mib=22.9 mutable_mib=608.0 max_job_mib=36.8 oldest_ms=113.69 pack_ms=14.67 solve_ms=90.87
v5_device jobs=39 rows=25329 cells=429915 direct=true graph_reused=false upload_ms=26.61 capture_ms=3.32 queue_ms=261.28 gpu_ms=0.02 unpack_ms=7.27 total_ms=298.49
v5_service device=0 lane=2 class=1 jobs=39 rows=25329 cells=429915 reach=940395 reverse=1014363 table_mib=36.7 mutable_mib=864.0 max_job_mib=36.5 oldest_ms=83.35 pack_ms=22.00 solve_ms=298.55
v5_device jobs=31 rows=20860 cells=784667 direct=true graph_reused=false upload_ms=32.94 capture_ms=4.14 queue_ms=60.00 gpu_ms=0.03 unpack_ms=7.52 total_ms=104.63
v5_service device=0 lane=1 class=1 jobs=31 rows=20860 cells=784667 reach=633505 reverse=804173 table_mib=31.9 mutable_mib=704.0 max_job_mib=39.1 oldest_ms=85.22 pack_ms=29.92 solve_ms=104.69
v5_device jobs=5 rows=1221 cells=11731 direct=true graph_reused=false upload_ms=0.57 capture_ms=4.46 queue_ms=13.27 gpu_ms=0.01 unpack_ms=0.31 total_ms=18.61
v5_service device=0 lane=1 class=0 jobs=5 rows=1221 cells=11731 reach=9832 reverse=11731 table_mib=1.0 mutable_mib=40.0 max_job_mib=9.1 oldest_ms=219.76 pack_ms=0.89 solve_ms=18.66
v5_device jobs=8 rows=2198 cells=23665 direct=true graph_reused=false upload_ms=1.57 capture_ms=7.58 queue_ms=10.38 gpu_ms=0.01 unpack_ms=0.54 total_ms=20.08
v5_service device=0 lane=2 class=0 jobs=8 rows=2198 cells=23665 reach=43998 reverse=48439 table_mib=2.3 mutable_mib=60.0 max_job_mib=8.8 oldest_ms=410.70 pack_ms=2.49 solve_ms=20.14
v5_device jobs=4 rows=9564 cells=292543 direct=true graph_reused=false upload_ms=12.88 capture_ms=3.66 queue_ms=29.22 gpu_ms=0.03 unpack_ms=3.10 total_ms=48.87
v5_service device=0 lane=1 class=2 jobs=4 rows=9564 cells=292543 reach=260853 reverse=292543 table_mib=13.1 mutable_mib=320.0 max_job_mib=136.3 oldest_ms=241.22 pack_ms=9.86 solve_ms=48.92
v5_device jobs=2 rows=84450 cells=103220 direct=true graph_reused=false upload_ms=159.98 capture_ms=3.89 queue_ms=242.22 gpu_ms=26.24 unpack_ms=43.10 total_ms=475.43
v5_service device=0 lane=0 class=3 jobs=2 rows=84450 cells=103220 reach=3786064 reverse=3797667 table_mib=125.6 mutable_mib=3072.0 max_job_mib=2096.7 oldest_ms=76.01 pack_ms=96.35 solve_ms=475.48
v5_device jobs=2 rows=13927 cells=47265 direct=true graph_reused=false upload_ms=2.86 capture_ms=3.38 queue_ms=65.63 gpu_ms=0.01 unpack_ms=0.69 total_ms=72.58
v5_service device=0 lane=0 class=2 jobs=2 rows=13927 cells=47265 reach=46891 reverse=47265 table_mib=6.8 mutable_mib=384.0 max_job_mib=264.5 oldest_ms=647.69 pack_ms=3.27 solve_ms=72.63
v5_device jobs=3 rows=8029 cells=1728608 direct=true graph_reused=false upload_ms=27.06 capture_ms=3.96 queue_ms=57.72 gpu_ms=0.01 unpack_ms=5.93 total_ms=94.67
v5_service device=0 lane=2 class=2 jobs=3 rows=8029 cells=1728608 reach=1221042 reverse=1749784 table_mib=52.4 mutable_mib=384.0 max_job_mib=328.1 oldest_ms=457.33 pack_ms=41.96 solve_ms=94.74
v5_device jobs=36 rows=9719 cells=137347 direct=true graph_reused=false upload_ms=2.88 capture_ms=3.45 queue_ms=23.46 gpu_ms=0.01 unpack_ms=1.36 total_ms=31.17
v5_service device=0 lane=1 class=0 jobs=36 rows=9719 cells=137347 reach=103104 reverse=137487 table_mib=7.8 mutable_mib=258.0 max_job_mib=9.1 oldest_ms=76.14 pack_ms=4.45 solve_ms=31.22
v5_device jobs=24 rows=15948 cells=385700 direct=true graph_reused=false upload_ms=15.65 capture_ms=3.68 queue_ms=102.52 gpu_ms=0.01 unpack_ms=4.42 total_ms=126.29
v5_service device=1 lane=1 class=1 jobs=24 rows=15948 cells=385700 reach=439469 reverse=517281 table_mib=21.1 mutable_mib=480.0 max_job_mib=34.3 oldest_ms=80.98 pack_ms=14.85 solve_ms=126.34
v5_device jobs=1 rows=32128 cells=240342 direct=true graph_reused=false upload_ms=101.03 capture_ms=3.80 queue_ms=91.63 gpu_ms=0.02 unpack_ms=8.84 total_ms=205.34
v5_service device=1 lane=0 class=3 jobs=1 rows=32128 cells=240342 reach=2136783 reverse=2188927 table_mib=65.4 mutable_mib=1024.0 max_job_mib=1116.3 oldest_ms=786.31 pack_ms=42.28 solve_ms=205.39
v5_device jobs=23 rows=14838 cells=421005 direct=true graph_reused=false upload_ms=6.45 capture_ms=3.43 queue_ms=30.51 gpu_ms=0.01 unpack_ms=2.23 total_ms=42.63
v5_service device=0 lane=0 class=1 jobs=23 rows=14838 cells=421005 reach=312601 reverse=421031 table_mib=17.7 mutable_mib=480.0 max_job_mib=34.9 oldest_ms=79.19 pack_ms=9.13 solve_ms=42.68
v5_device jobs=11 rows=26575 cells=268364 direct=true graph_reused=false upload_ms=20.90 capture_ms=4.46 queue_ms=68.31 gpu_ms=0.01 unpack_ms=3.74 total_ms=97.43
v5_service device=1 lane=0 class=2 jobs=11 rows=26575 cells=268364 reach=650063 reverse=683359 table_mib=27.3 mutable_mib=832.0 max_job_mib=131.1 oldest_ms=79.41 pack_ms=18.93 solve_ms=97.49
v5_device jobs=7 rows=2017 cells=39937 direct=true graph_reused=false upload_ms=0.92 capture_ms=7.33 queue_ms=224.24 gpu_ms=0.01 unpack_ms=0.49 total_ms=233.00
v5_service device=1 lane=1 class=0 jobs=7 rows=2017 cells=39937 reach=33214 reverse=39937 table_mib=2.1 mutable_mib=56.0 max_job_mib=8.9 oldest_ms=233.32 pack_ms=1.71 solve_ms=233.09
v5_device jobs=8 rows=2374 cells=48017 direct=true graph_reused=false upload_ms=1.17 capture_ms=3.39 queue_ms=12.19 gpu_ms=0.01 unpack_ms=0.52 total_ms=17.28
v5_service device=1 lane=0 class=0 jobs=8 rows=2374 cells=48017 reach=62226 reverse=74345 table_mib=3.0 mutable_mib=64.0 max_job_mib=9.2 oldest_ms=233.55 pack_ms=2.01 solve_ms=17.34
v5_device jobs=3 rows=4856 cells=275595 direct=true graph_reused=false upload_ms=3.24 capture_ms=3.96 queue_ms=179.69 gpu_ms=0.03 unpack_ms=1.40 total_ms=188.31
v5_service device=0 lane=0 class=2 jobs=3 rows=4856 cells=275595 reach=219531 reverse=275621 table_mib=10.0 mutable_mib=192.0 max_job_mib=70.7 oldest_ms=142.05 pack_ms=4.72 solve_ms=188.39
v5_device jobs=24 rows=16591 cells=354334 direct=true graph_reused=false upload_ms=22.52 capture_ms=4.14 queue_ms=197.70 gpu_ms=0.02 unpack_ms=5.12 total_ms=229.50
v5_service device=0 lane=2 class=1 jobs=24 rows=16591 cells=354334 reach=732789 reverse=823871 table_mib=28.5 mutable_mib=528.0 max_job_mib=37.0 oldest_ms=81.89 pack_ms=17.75 solve_ms=229.55
v5_device jobs=3 rows=88473 cells=3373159 direct=true graph_reused=false upload_ms=133.68 capture_ms=3.98 queue_ms=280.51 gpu_ms=0.03 unpack_ms=21.09 total_ms=439.29
v5_service device=1 lane=2 class=3 jobs=3 rows=88473 cells=3373159 reach=3353318 reverse=3373159 table_mib=134.4 mutable_mib=2560.0 max_job_mib=1140.7 oldest_ms=216.04 pack_ms=74.25 solve_ms=439.35
v5_device jobs=10 rows=2749 cells=32663 direct=true graph_reused=false upload_ms=1.27 capture_ms=6.48 queue_ms=9.31 gpu_ms=0.01 unpack_ms=0.48 total_ms=17.55
v5_service device=0 lane=0 class=0 jobs=10 rows=2749 cells=32663 reach=25608 reverse=32675 table_mib=2.1 mutable_mib=80.0 max_job_mib=9.0 oldest_ms=335.86 pack_ms=2.25 solve_ms=17.65
v5_device jobs=5 rows=1194 cells=30276 direct=true graph_reused=false upload_ms=0.54 capture_ms=3.47 queue_ms=5.16 gpu_ms=0.01 unpack_ms=0.26 total_ms=9.43
v5_service device=1 lane=2 class=0 jobs=5 rows=1194 cells=30276 reach=26007 reverse=32003 table_mib=1.4 mutable_mib=32.0 max_job_mib=9.1 oldest_ms=726.26 pack_ms=1.06 solve_ms=9.47
v5_device jobs=3 rows=15711 cells=346894 direct=true graph_reused=false upload_ms=14.27 capture_ms=6.52 queue_ms=42.22 gpu_ms=0.02 unpack_ms=4.61 total_ms=67.63
v5_service device=1 lane=1 class=2 jobs=3 rows=15711 cells=346894 reach=343572 reverse=348582 table_mib=17.9 mutable_mib=384.0 max_job_mib=274.9 oldest_ms=468.63 pack_ms=18.15 solve_ms=67.69
v5_device jobs=6 rows=1571 cells=36436 direct=true graph_reused=false upload_ms=0.99 capture_ms=5.95 queue_ms=9.95 gpu_ms=0.01 unpack_ms=0.41 total_ms=17.32
v5_service device=0 lane=2 class=0 jobs=6 rows=1571 cells=36436 reach=36685 reverse=47469 table_mib=2.0 mutable_mib=44.0 max_job_mib=8.9 oldest_ms=331.70 pack_ms=1.58 solve_ms=17.37
v5_device jobs=105 rows=72271 cells=1569252 direct=true graph_reused=false upload_ms=81.32 capture_ms=3.57 queue_ms=184.07 gpu_ms=28.82 unpack_ms=34.86 total_ms=332.65
v5_service device=0 lane=1 class=1 jobs=105 rows=72271 cells=1569252 reach=1221389 reverse=1581883 table_mib=73.8 mutable_mib=2352.0 max_job_mib=35.4 oldest_ms=128.24 pack_ms=68.44 solve_ms=332.71
v5_device jobs=4 rows=16097 cells=1479177 direct=true graph_reused=false upload_ms=28.07 capture_ms=3.93 queue_ms=56.22 gpu_ms=0.02 unpack_ms=7.85 total_ms=96.08
v5_service device=0 lane=2 class=2 jobs=4 rows=16097 cells=1479177 reach=1059776 reverse=1479250 table_mib=47.8 mutable_mib=576.0 max_job_mib=310.1 oldest_ms=355.35 pack_ms=33.29 solve_ms=96.14
v5_device jobs=6 rows=10176 cells=547925 direct=true graph_reused=false upload_ms=20.91 capture_ms=3.79 queue_ms=136.23 gpu_ms=0.01 unpack_ms=3.76 total_ms=164.70
v5_service device=1 lane=1 class=2 jobs=6 rows=10176 cells=547925 reach=430174 reverse=548241 table_mib=20.3 mutable_mib=384.0 max_job_mib=73.5 oldest_ms=80.60 pack_ms=15.58 solve_ms=164.76
v5_device jobs=1 rows=22660 cells=42455 direct=true graph_reused=false upload_ms=13.90 capture_ms=4.12 queue_ms=93.86 gpu_ms=0.01 unpack_ms=0.65 total_ms=112.54
v5_service device=0 lane=2 class=3 jobs=1 rows=22660 cells=42455 reach=308361 reverse=308353 table_mib=16.9 mutable_mib=512.0 max_job_mib=532.7 oldest_ms=447.57 pack_ms=13.22 solve_ms=112.59
v5_device jobs=8 rows=26402 cells=285562 direct=true graph_reused=false upload_ms=9.34 capture_ms=5.20 queue_ms=116.19 gpu_ms=0.01 unpack_ms=2.46 total_ms=133.19
v5_service device=0 lane=1 class=2 jobs=8 rows=26402 cells=285562 reach=257962 reverse=287654 table_mib=17.4 mutable_mib=768.0 max_job_mib=262.8 oldest_ms=579.61 pack_ms=11.50 solve_ms=133.26
v5_device jobs=1 rows=39666 cells=194288 direct=true graph_reused=false upload_ms=94.70 capture_ms=4.21 queue_ms=141.49 gpu_ms=0.01 unpack_ms=6.83 total_ms=247.24
v5_service device=1 lane=2 class=3 jobs=1 rows=39666 cells=194288 reach=1890163 reverse=1891436 table_mib=61.8 mutable_mib=1024.0 max_job_mib=1109.2 oldest_ms=728.79 pack_ms=32.26 solve_ms=247.29
v5_device jobs=2 rows=41796 cells=1380176 direct=true graph_reused=false upload_ms=72.91 capture_ms=3.52 queue_ms=168.50 gpu_ms=0.02 unpack_ms=28.48 total_ms=273.43
v5_service device=0 lane=0 class=3 jobs=2 rows=41796 cells=1380176 reach=1189069 reverse=1380295 table_mib=58.5 mutable_mib=1024.0 max_job_mib=596.3 oldest_ms=358.39 pack_ms=46.49 solve_ms=273.49
v5_device jobs=69 rows=48492 cells=1220232 direct=true graph_reused=false upload_ms=88.47 capture_ms=4.24 queue_ms=244.19 gpu_ms=0.03 unpack_ms=17.38 total_ms=354.31
v5_service device=1 lane=0 class=1 jobs=69 rows=48492 cells=1220232 reach=1544868 reverse=1817455 table_mib=70.9 mutable_mib=1568.0 max_job_mib=39.4 oldest_ms=275.94 pack_ms=50.86 solve_ms=354.37
v5_device jobs=23 rows=14258 cells=295565 direct=true graph_reused=false upload_ms=17.51 capture_ms=4.18 queue_ms=58.48 gpu_ms=0.02 unpack_ms=3.02 total_ms=83.21
v5_service device=0 lane=2 class=1 jobs=23 rows=14258 cells=295565 reach=478189 reverse=530934 table_mib=20.4 mutable_mib=464.0 max_job_mib=36.3 oldest_ms=85.03 pack_ms=17.50 solve_ms=83.28
v5_device jobs=33 rows=25556 cells=516408 direct=true graph_reused=false upload_ms=12.74 capture_ms=3.62 queue_ms=50.99 gpu_ms=0.02 unpack_ms=4.47 total_ms=71.83
v5_service device=0 lane=0 class=1 jobs=33 rows=25556 cells=516408 reach=400091 reverse=517772 table_mib=24.4 mutable_mib=768.0 max_job_mib=35.2 oldest_ms=78.73 pack_ms=13.65 solve_ms=71.90
v5_device jobs=29 rows=20217 cells=484602 direct=true graph_reused=false upload_ms=21.70 capture_ms=4.28 queue_ms=83.26 gpu_ms=0.01 unpack_ms=7.00 total_ms=116.26
v5_service device=1 lane=2 class=1 jobs=29 rows=20217 cells=484602 reach=626433 reverse=716616 table_mib=28.8 mutable_mib=640.0 max_job_mib=36.2 oldest_ms=81.47 pack_ms=22.53 solve_ms=116.31
v5_device jobs=26 rows=16673 cells=509828 direct=true graph_reused=false upload_ms=18.62 capture_ms=8.64 queue_ms=94.86 gpu_ms=0.02 unpack_ms=4.56 total_ms=126.70
v5_service device=0 lane=1 class=1 jobs=26 rows=16673 cells=509828 reach=383534 reverse=510467 table_mib=21.4 mutable_mib=560.0 max_job_mib=35.0 oldest_ms=80.63 pack_ms=15.71 solve_ms=126.75
v5_device jobs=31 rows=25506 cells=962054 direct=true graph_reused=false upload_ms=33.17 capture_ms=3.74 queue_ms=100.06 gpu_ms=0.01 unpack_ms=10.36 total_ms=147.34
v5_service device=1 lane=1 class=1 jobs=31 rows=25506 cells=962054 reach=878828 reverse=1099406 table_mib=43.0 mutable_mib=864.0 max_job_mib=41.5 oldest_ms=324.63 pack_ms=28.14 solve_ms=147.40
v5_device jobs=11 rows=3050 cells=80177 direct=true graph_reused=false upload_ms=1.54 capture_ms=4.15 queue_ms=12.36 gpu_ms=0.01 unpack_ms=0.70 total_ms=18.76
v5_service device=0 lane=0 class=0 jobs=11 rows=3050 cells=80177 reach=57029 reverse=80244 table_mib=3.5 mutable_mib=84.0 max_job_mib=9.5 oldest_ms=170.37 pack_ms=2.59 solve_ms=18.82
v5_device jobs=5 rows=1332 cells=31172 direct=true graph_reused=false upload_ms=0.70 capture_ms=5.95 queue_ms=5.09 gpu_ms=0.01 unpack_ms=0.35 total_ms=12.10
v5_service device=1 lane=2 class=0 jobs=5 rows=1332 cells=31172 reach=25178 reverse=31172 table_mib=1.4 mutable_mib=40.0 max_job_mib=9.1 oldest_ms=225.25 pack_ms=5.81 solve_ms=12.14
v5_device jobs=9 rows=2073 cells=26231 direct=true graph_reused=false upload_ms=1.17 capture_ms=7.59 queue_ms=19.69 gpu_ms=0.01 unpack_ms=0.43 total_ms=28.89
v5_service device=0 lane=1 class=0 jobs=9 rows=2073 cells=26231 reach=20587 reverse=26231 table_mib=1.7 mutable_mib=72.0 max_job_mib=8.8 oldest_ms=231.36 pack_ms=2.33 solve_ms=28.96
v5_device jobs=3 rows=8809 cells=47072 direct=true graph_reused=false upload_ms=7.71 capture_ms=7.43 queue_ms=21.23 gpu_ms=0.02 unpack_ms=1.36 total_ms=37.75
v5_service device=0 lane=2 class=2 jobs=3 rows=8809 cells=47072 reach=62036 reverse=69662 table_mib=5.6 mutable_mib=256.0 max_job_mib=131.7 oldest_ms=226.17 pack_ms=5.42 solve_ms=37.84
v5_device jobs=3 rows=4648 cells=34470 direct=true graph_reused=false upload_ms=7.64 capture_ms=4.60 queue_ms=23.91 gpu_ms=0.02 unpack_ms=0.74 total_ms=36.90
v5_service device=1 lane=2 class=2 jobs=3 rows=4648 cells=34470 reach=32002 reverse=34470 table_mib=3.0 mutable_mib=192.0 max_job_mib=65.9 oldest_ms=236.88 pack_ms=2.27 solve_ms=36.96
v5_device jobs=9 rows=2408 cells=100201 direct=true graph_reused=false upload_ms=2.96 capture_ms=4.25 queue_ms=55.36 gpu_ms=0.01 unpack_ms=0.67 total_ms=63.24
v5_service device=1 lane=1 class=0 jobs=9 rows=2408 cells=100201 reach=71349 reverse=100201 table_mib=4.0 mutable_mib=68.0 max_job_mib=9.4 oldest_ms=512.20 pack_ms=5.03 solve_ms=63.31
v5_device jobs=4 rows=13868 cells=176355 direct=true graph_reused=false upload_ms=7.44 capture_ms=3.87 queue_ms=34.10 gpu_ms=0.01 unpack_ms=2.31 total_ms=47.74
v5_service device=0 lane=0 class=2 jobs=4 rows=13868 cells=176355 reach=140992 reverse=176654 table_mib=10.9 mutable_mib=448.0 max_job_mib=267.5 oldest_ms=188.26 pack_ms=14.41 solve_ms=47.80
v5_device jobs=24 rows=19747 cells=432630 direct=true graph_reused=false upload_ms=27.25 capture_ms=10.51 queue_ms=46.42 gpu_ms=0.02 unpack_ms=4.77 total_ms=88.97
v5_service device=1 lane=0 class=1 jobs=24 rows=19747 cells=432630 reach=576943 reverse=652072 table_mib=25.9 mutable_mib=592.0 max_job_mib=36.4 oldest_ms=80.37 pack_ms=22.22 solve_ms=89.03
v5_device jobs=3 rows=799 cells=8937 direct=true graph_reused=false upload_ms=0.76 capture_ms=7.32 queue_ms=39.42 gpu_ms=0.01 unpack_ms=0.27 total_ms=47.78
v5_service device=0 lane=2 class=0 jobs=3 rows=799 cells=8937 reach=22112 reverse=22613 table_mib=1.0 mutable_mib=24.0 max_job_mib=8.7 oldest_ms=267.89 pack_ms=1.19 solve_ms=47.86
v5_device jobs=4 rows=11088 cells=217738 direct=true graph_reused=false upload_ms=7.41 capture_ms=4.30 queue_ms=29.62 gpu_ms=0.02 unpack_ms=2.23 total_ms=43.59
v5_service device=0 lane=1 class=2 jobs=4 rows=11088 cells=217738 reach=196640 reverse=217983 table_mib=10.8 mutable_mib=384.0 max_job_mib=132.6 oldest_ms=251.83 pack_ms=11.96 solve_ms=43.65
v5_device jobs=1 rows=12789 cells=55541 direct=true graph_reused=false upload_ms=5.25 capture_ms=3.71 queue_ms=24.85 gpu_ms=0.01 unpack_ms=1.50 total_ms=35.32
v5_service device=1 lane=1 class=3 jobs=1 rows=12789 cells=55541 reach=55328 reverse=55541 table_mib=7.5 mutable_mib=512.0 max_job_mib=526.7 oldest_ms=510.27 pack_ms=5.40 solve_ms=35.37
v5_device jobs=4 rows=1128 cells=30212 direct=true graph_reused=false upload_ms=0.74 capture_ms=4.44 queue_ms=5.37 gpu_ms=0.01 unpack_ms=0.32 total_ms=10.88
v5_service device=1 lane=0 class=0 jobs=4 rows=1128 cells=30212 reach=23945 reverse=30212 table_mib=1.4 mutable_mib=32.0 max_job_mib=9.0 oldest_ms=234.42 pack_ms=13.49 solve_ms=10.94
v5_device jobs=17 rows=4413 cells=28515 direct=true graph_reused=false upload_ms=0.98 capture_ms=4.40 queue_ms=38.81 gpu_ms=0.01 unpack_ms=0.43 total_ms=44.63
v5_service device=0 lane=0 class=0 jobs=17 rows=4413 cells=28515 reach=23579 reverse=28555 table_mib=2.4 mutable_mib=128.0 max_job_mib=8.4 oldest_ms=75.49 pack_ms=1.72 solve_ms=44.68
v5_device jobs=1 rows=40705 cells=77108 direct=true graph_reused=false upload_ms=25.95 capture_ms=3.69 queue_ms=50.65 gpu_ms=0.02 unpack_ms=2.37 total_ms=82.67
v5_service device=0 lane=2 class=3 jobs=1 rows=40705 cells=77108 reach=609813 reverse=609804 table_mib=31.8 mutable_mib=1024.0 max_job_mib=1063.2 oldest_ms=308.39 pack_ms=34.62 solve_ms=82.72
v5_device jobs=6 rows=14909 cells=455880 direct=true graph_reused=false upload_ms=12.74 capture_ms=4.22 queue_ms=66.89 gpu_ms=0.01 unpack_ms=2.82 total_ms=86.68
v5_service device=0 lane=1 class=2 jobs=6 rows=14909 cells=455880 reach=357267 reverse=460850 table_mib=18.9 mutable_mib=512.0 max_job_mib=136.7 oldest_ms=78.51 pack_ms=12.78 solve_ms=86.75
v5_device jobs=31 rows=19764 cells=540589 direct=true graph_reused=false upload_ms=14.51 capture_ms=4.49 queue_ms=49.99 gpu_ms=0.02 unpack_ms=4.74 total_ms=73.74
v5_service device=0 lane=0 class=1 jobs=31 rows=19764 cells=540589 reach=410434 reverse=540637 table_mib=23.4 mutable_mib=656.0 max_job_mib=35.8 oldest_ms=134.39 pack_ms=23.79 solve_ms=73.80
v5_device jobs=7 rows=15605 cells=130216 direct=true graph_reused=false upload_ms=17.17 capture_ms=4.47 queue_ms=112.27 gpu_ms=0.02 unpack_ms=4.91 total_ms=138.84
v5_service device=1 lane=0 class=2 jobs=7 rows=15605 cells=130216 reach=618840 reverse=620661 table_mib=21.7 mutable_mib=512.0 max_job_mib=131.7 oldest_ms=259.00 pack_ms=15.26 solve_ms=138.90
v5_device jobs=33 rows=22036 cells=747925 direct=true graph_reused=false upload_ms=23.81 capture_ms=3.67 queue_ms=71.13 gpu_ms=0.02 unpack_ms=9.11 total_ms=107.75
v5_service device=1 lane=1 class=1 jobs=33 rows=22036 cells=747925 reach=817830 reverse=995695 table_mib=37.5 mutable_mib=672.0 max_job_mib=41.6 oldest_ms=81.71 pack_ms=21.35 solve_ms=107.80
v5_device jobs=24 rows=19483 cells=759822 direct=true graph_reused=false upload_ms=19.03 capture_ms=3.74 queue_ms=140.92 gpu_ms=0.02 unpack_ms=7.36 total_ms=171.08
v5_service device=1 lane=2 class=1 jobs=24 rows=19483 cells=759822 reach=592129 reverse=760224 table_mib=31.1 mutable_mib=640.0 max_job_mib=37.6 oldest_ms=80.71 pack_ms=20.02 solve_ms=171.13
v5_device jobs=18 rows=4790 cells=76047 direct=true graph_reused=false upload_ms=2.08 capture_ms=4.21 queue_ms=14.72 gpu_ms=0.02 unpack_ms=1.02 total_ms=22.05
v5_service device=0 lane=1 class=0 jobs=18 rows=4790 cells=76047 reach=62202 reverse=83095 table_mib=4.4 mutable_mib=140.0 max_job_mib=9.6 oldest_ms=181.46 pack_ms=3.98 solve_ms=22.12
v5_device jobs=1 rows=14410 cells=47043 direct=true graph_reused=false upload_ms=4.92 capture_ms=4.54 queue_ms=14.72 gpu_ms=0.03 unpack_ms=0.60 total_ms=24.81
v5_service device=1 lane=0 class=3 jobs=1 rows=14410 cells=47043 reach=46641 reverse=47043 table_mib=6.2 mutable_mib=512.0 max_job_mib=520.4 oldest_ms=401.43 pack_ms=5.35 solve_ms=24.88
v5_device jobs=3 rows=888 cells=8573 direct=true graph_reused=false upload_ms=0.34 capture_ms=4.56 queue_ms=2.93 gpu_ms=0.01 unpack_ms=0.22 total_ms=8.07
v5_service device=1 lane=2 class=0 jobs=3 rows=888 cells=8573 reach=7454 reverse=8573 table_mib=0.7 mutable_mib=24.0 max_job_mib=8.5 oldest_ms=285.61 pack_ms=6.89 solve_ms=8.13
v5_device jobs=2 rows=4458 cells=139912 direct=true graph_reused=false upload_ms=2.00 capture_ms=3.73 queue_ms=11.71 gpu_ms=0.02 unpack_ms=0.62 total_ms=18.08
v5_service device=1 lane=2 class=2 jobs=2 rows=4458 cells=139912 reach=106555 reverse=139933 table_mib=5.5 mutable_mib=128.0 max_job_mib=70.0 oldest_ms=270.56 pack_ms=3.42 solve_ms=18.14
v5_device jobs=6 rows=18275 cells=388795 direct=true graph_reused=false upload_ms=14.31 capture_ms=4.89 queue_ms=96.89 gpu_ms=0.01 unpack_ms=3.10 total_ms=119.20
v5_service device=0 lane=0 class=2 jobs=6 rows=18275 cells=388795 reach=311494 reverse=388816 table_mib=19.0 mutable_mib=576.0 max_job_mib=274.4 oldest_ms=240.44 pack_ms=14.26 solve_ms=119.25
v5_device jobs=41 rows=30348 cells=403932 direct=true graph_reused=false upload_ms=42.91 capture_ms=4.19 queue_ms=86.52 gpu_ms=0.03 unpack_ms=7.00 total_ms=140.64
v5_service device=0 lane=2 class=1 jobs=41 rows=30348 cells=403932 reach=1306349 reverse=1396704 table_mib=47.7 mutable_mib=1040.0 max_job_mib=40.8 oldest_ms=78.86 pack_ms=34.69 solve_ms=140.69
v5_device jobs=5 rows=1405 cells=28825 direct=true graph_reused=false upload_ms=0.67 capture_ms=4.57 queue_ms=37.56 gpu_ms=0.01 unpack_ms=0.26 total_ms=43.07
v5_service device=0 lane=2 class=0 jobs=5 rows=1405 cells=28825 reach=27021 reverse=35700 table_mib=1.5 mutable_mib=40.0 max_job_mib=8.8 oldest_ms=256.16 pack_ms=1.11 solve_ms=43.13
v5_device jobs=8 rows=6189 cells=148839 direct=true graph_reused=false upload_ms=4.36 capture_ms=4.27 queue_ms=46.46 gpu_ms=0.02 unpack_ms=1.60 total_ms=56.71
v5_service device=1 lane=2 class=1 jobs=8 rows=6189 cells=148839 reach=174112 reverse=204820 table_mib=8.4 mutable_mib=192.0 max_job_mib=36.4 oldest_ms=76.51 pack_ms=4.89 solve_ms=56.77
v5_device jobs=3 rows=75214 cells=455603 direct=true graph_reused=false upload_ms=30.09 capture_ms=3.32 queue_ms=122.49 gpu_ms=0.02 unpack_ms=6.35 total_ms=162.27
v5_service device=1 lane=1 class=3 jobs=3 rows=75214 cells=455603 reach=696254 reverse=698607 table_mib=46.5 mutable_mib=2048.0 max_job_mib=1054.8 oldest_ms=221.58 pack_ms=35.52 solve_ms=162.33
v5_device jobs=5 rows=1344 cells=40925 direct=true graph_reused=false upload_ms=1.11 capture_ms=4.80 queue_ms=12.11 gpu_ms=0.01 unpack_ms=0.38 total_ms=18.41
v5_service device=1 lane=1 class=0 jobs=5 rows=1344 cells=40925 reach=62762 reverse=74636 table_mib=2.5 mutable_mib=36.0 max_job_mib=9.5 oldest_ms=420.31 pack_ms=1.77 solve_ms=18.46
v5_device jobs=2 rows=4196 cells=74183 direct=true graph_reused=false upload_ms=2.50 capture_ms=4.81 queue_ms=19.25 gpu_ms=0.01 unpack_ms=0.53 total_ms=27.09
v5_service device=1 lane=2 class=2 jobs=2 rows=4196 cells=74183 reach=96930 reverse=110532 table_mib=4.6 mutable_mib=128.0 max_job_mib=67.5 oldest_ms=141.28 pack_ms=3.97 solve_ms=27.16
v5_device jobs=6 rows=12947 cells=155821 direct=true graph_reused=false upload_ms=7.22 capture_ms=4.86 queue_ms=85.09 gpu_ms=0.02 unpack_ms=31.89 total_ms=129.08
v5_service device=1 lane=0 class=2 jobs=6 rows=12947 cells=155821 reach=174797 reverse=180583 table_mib=12.1 mutable_mib=448.0 max_job_mib=137.4 oldest_ms=77.77 pack_ms=6.64 solve_ms=129.12
v5_device jobs=60 rows=38179 cells=1143602 direct=true graph_reused=false upload_ms=51.04 capture_ms=4.23 queue_ms=104.08 gpu_ms=0.02 unpack_ms=9.99 total_ms=169.36
v5_service device=0 lane=1 class=1 jobs=60 rows=38179 cells=1143602 reach=847644 reverse=1145566 table_mib=47.7 mutable_mib=1216.0 max_job_mib=36.3 oldest_ms=230.59 pack_ms=36.73 solve_ms=169.41
v5_device jobs=3 rows=906 cells=15248 direct=true graph_reused=false upload_ms=0.44 capture_ms=5.00 queue_ms=3.28 gpu_ms=0.01 unpack_ms=0.19 total_ms=8.93
v5_service device=1 lane=2 class=0 jobs=3 rows=906 cells=15248 reach=14176 reverse=15248 table_mib=0.8 mutable_mib=24.0 max_job_mib=8.5 oldest_ms=171.40 pack_ms=0.77 solve_ms=8.98
v5_device jobs=5 rows=8706 cells=271615 direct=true graph_reused=false upload_ms=8.11 capture_ms=3.61 queue_ms=31.43 gpu_ms=0.02 unpack_ms=2.52 total_ms=45.68
v5_service device=1 lane=1 class=2 jobs=5 rows=8706 cells=271615 reach=219443 reverse=271615 table_mib=11.9 mutable_mib=320.0 max_job_mib=71.2 oldest_ms=440.07 pack_ms=6.42 solve_ms=45.75
v5_device jobs=1 rows=20463 cells=25119 direct=true graph_reused=false upload_ms=18.17 capture_ms=4.03 queue_ms=144.32 gpu_ms=0.02 unpack_ms=1.97 total_ms=168.51
v5_service device=0 lane=2 class=3 jobs=1 rows=20463 cells=25119 reach=544913 reverse=544904 table_mib=21.5 mutable_mib=512.0 max_job_mib=540.5 oldest_ms=300.37 pack_ms=16.68 solve_ms=168.57
v5_device jobs=1 rows=46620 cells=178730 direct=true graph_reused=false upload_ms=18.51 capture_ms=3.81 queue_ms=100.97 gpu_ms=0.01 unpack_ms=8.03 total_ms=131.33
v5_service device=0 lane=1 class=3 jobs=1 rows=46620 cells=178730 reach=176706 reverse=178832 table_mib=25.1 mutable_mib=1024.0 max_job_mib=1072.0 oldest_ms=422.64 pack_ms=15.18 solve_ms=131.40
v5_device jobs=42 rows=30522 cells=845562 direct=true graph_reused=false upload_ms=30.19 capture_ms=3.69 queue_ms=80.71 gpu_ms=0.03 unpack_ms=13.77 total_ms=128.37
v5_service device=1 lane=0 class=1 jobs=42 rows=30522 cells=845562 reach=909505 reverse=1113447 table_mib=44.6 mutable_mib=992.0 max_job_mib=36.6 oldest_ms=224.50 pack_ms=36.63 solve_ms=128.44
v5_device jobs=2 rows=66078 cells=390601 direct=true graph_reused=false upload_ms=47.50 capture_ms=4.03 queue_ms=224.79 gpu_ms=0.02 unpack_ms=14.10 total_ms=290.44
v5_service device=0 lane=0 class=3 jobs=2 rows=66078 cells=390601 reach=389140 reverse=390601 table_mib=39.2 mutable_mib=2048.0 max_job_mib=1075.3 oldest_ms=379.31 pack_ms=21.85 solve_ms=290.49
v5_device jobs=1 rows=47882 cells=189518 direct=true graph_reused=false upload_ms=16.81 capture_ms=3.92 queue_ms=48.33 gpu_ms=0.01 unpack_ms=1.88 total_ms=70.96
v5_service device=0 lane=2 class=3 jobs=1 rows=47882 cells=189518 reach=189557 reverse=189539 table_mib=21.8 mutable_mib=1024.0 max_job_mib=1053.6 oldest_ms=450.26 pack_ms=13.97 solve_ms=71.03
v5_device jobs=36 rows=24902 cells=596837 direct=true graph_reused=false upload_ms=21.53 capture_ms=3.54 queue_ms=61.44 gpu_ms=0.02 unpack_ms=6.50 total_ms=93.03
v5_service device=1 lane=1 class=1 jobs=36 rows=24902 cells=596837 reach=596000 reverse=719376 table_mib=31.8 mutable_mib=864.0 max_job_mib=37.0 oldest_ms=80.34 pack_ms=19.41 solve_ms=93.09
v5_device jobs=40 rows=9448 cells=126432 direct=true graph_reused=false upload_ms=3.58 capture_ms=3.84 queue_ms=18.64 gpu_ms=0.01 unpack_ms=1.13 total_ms=27.21
v5_service device=0 lane=1 class=0 jobs=40 rows=9448 cells=126432 reach=118137 reverse=151402 table_mib=7.8 mutable_mib=288.0 max_job_mib=9.2 oldest_ms=76.41 pack_ms=6.03 solve_ms=27.27
v5_device jobs=5 rows=1060 cells=60824 direct=true graph_reused=false upload_ms=0.94 capture_ms=3.51 queue_ms=14.13 gpu_ms=0.01 unpack_ms=0.45 total_ms=19.04
v5_service device=1 lane=1 class=0 jobs=5 rows=1060 cells=60824 reach=39445 reverse=60824 table_mib=2.4 mutable_mib=34.0 max_job_mib=9.8 oldest_ms=198.39 pack_ms=1.57 solve_ms=19.09
v5_device jobs=2 rows=4746 cells=374724 direct=true graph_reused=false upload_ms=6.55 capture_ms=3.59 queue_ms=21.13 gpu_ms=0.02 unpack_ms=1.86 total_ms=33.15
v5_service device=0 lane=2 class=2 jobs=2 rows=4746 cells=374724 reach=318145 reverse=374724 table_mib=12.9 mutable_mib=128.0 max_job_mib=75.4 oldest_ms=78.38 pack_ms=7.90 solve_ms=33.20
v5_device jobs=4 rows=16313 cells=306920 direct=true graph_reused=false upload_ms=11.59 capture_ms=3.64 queue_ms=35.30 gpu_ms=0.02 unpack_ms=2.84 total_ms=53.39
v5_service device=1 lane=1 class=2 jobs=4 rows=16313 cells=306920 reach=301394 reverse=306931 table_mib=15.6 mutable_mib=448.0 max_job_mib=271.9 oldest_ms=223.87 pack_ms=10.20 solve_ms=53.43
v5_device jobs=1 rows=53250 cells=380456 direct=true graph_reused=false upload_ms=112.39 capture_ms=3.95 queue_ms=199.79 gpu_ms=0.02 unpack_ms=7.83 total_ms=323.98
v5_service device=0 lane=0 class=3 jobs=1 rows=53250 cells=380456 reach=1968820 reverse=2472019 table_mib=79.1 mutable_mib=2048.0 max_job_mib=2150.8 oldest_ms=691.68 pack_ms=47.14 solve_ms=324.04
v5_device jobs=34 rows=22693 cells=403416 direct=true graph_reused=false upload_ms=34.98 capture_ms=4.16 queue_ms=162.89 gpu_ms=0.02 unpack_ms=6.16 total_ms=208.21
v5_service device=0 lane=2 class=1 jobs=34 rows=22693 cells=403416 reach=951326 reverse=1036974 table_mib=36.6 mutable_mib=720.0 max_job_mib=34.6 oldest_ms=124.13 pack_ms=32.12 solve_ms=208.28
v5_device jobs=90 rows=58835 cells=1075055 direct=true graph_reused=false upload_ms=67.15 capture_ms=3.94 queue_ms=185.59 gpu_ms=0.02 unpack_ms=11.33 total_ms=268.02
v5_service device=0 lane=1 class=1 jobs=90 rows=58835 cells=1075055 reach=962462 reverse=1201079 table_mib=58.3 mutable_mib=1904.0 max_job_mib=36.6 oldest_ms=127.54 pack_ms=41.50 solve_ms=268.08
v5_device jobs=7 rows=2110 cells=18808 direct=true graph_reused=false upload_ms=2.96 capture_ms=6.81 queue_ms=13.05 gpu_ms=0.03 unpack_ms=0.58 total_ms=23.44
v5_service device=0 lane=2 class=0 jobs=7 rows=2110 cells=18808 reach=94423 reverse=99593 table_mib=3.4 mutable_mib=56.0 max_job_mib=10.1 oldest_ms=367.18 pack_ms=3.88 solve_ms=23.52
v5_device jobs=2 rows=57029 cells=2990311 direct=true graph_reused=false upload_ms=133.39 capture_ms=5.32 queue_ms=255.91 gpu_ms=0.03 unpack_ms=65.39 total_ms=460.03
v5_service device=1 lane=0 class=3 jobs=2 rows=57029 cells=2990311 reach=2339325 reverse=2990311 table_mib=114.6 mutable_mib=2560.0 max_job_mib=2185.8 oldest_ms=407.10 pack_ms=74.11 solve_ms=460.09
v5_device jobs=8 rows=2197 cells=64264 direct=true graph_reused=false upload_ms=1.06 capture_ms=4.25 queue_ms=75.34 gpu_ms=0.01 unpack_ms=0.56 total_ms=81.22
v5_service device=1 lane=0 class=0 jobs=8 rows=2197 cells=64264 reach=47189 reverse=64264 table_mib=2.8 mutable_mib=64.0 max_job_mib=9.3 oldest_ms=944.19 pack_ms=1.75 solve_ms=81.28
v5_device jobs=32 rows=18800 cells=445568 direct=true graph_reused=false upload_ms=10.65 capture_ms=3.67 queue_ms=134.79 gpu_ms=0.01 unpack_ms=2.91 total_ms=152.04
v5_service device=0 lane=0 class=1 jobs=32 rows=18800 cells=445568 reach=351468 reverse=445882 table_mib=19.9 mutable_mib=592.0 max_job_mib=36.3 oldest_ms=78.50 pack_ms=11.24 solve_ms=152.09
v5_device jobs=35 rows=26196 cells=396082 direct=true graph_reused=false upload_ms=23.98 capture_ms=3.71 queue_ms=79.58 gpu_ms=0.02 unpack_ms=5.95 total_ms=113.24
v5_service device=0 lane=2 class=1 jobs=35 rows=26196 cells=396082 reach=848771 reverse=918999 table_mib=35.3 mutable_mib=832.0 max_job_mib=38.8 oldest_ms=79.25 pack_ms=20.96 solve_ms=113.30
v5_device jobs=17 rows=46870 cells=848682 direct=true graph_reused=false upload_ms=47.28 capture_ms=3.71 queue_ms=131.77 gpu_ms=0.03 unpack_ms=7.36 total_ms=190.16
v5_service device=0 lane=1 class=2 jobs=17 rows=46870 cells=848682 reach=806539 reverse=948484 table_mib=44.2 mutable_mib=1472.0 max_job_mib=264.0 oldest_ms=465.12 pack_ms=29.57 solve_ms=190.21
v5_device jobs=9 rows=2391 cells=35443 direct=true graph_reused=false upload_ms=0.82 capture_ms=4.03 queue_ms=8.72 gpu_ms=0.01 unpack_ms=0.45 total_ms=14.03
v5_service device=0 lane=0 class=0 jobs=9 rows=2391 cells=35443 reach=26558 reverse=35443 table_mib=1.9 mutable_mib=72.0 max_job_mib=8.6 oldest_ms=247.94 pack_ms=1.52 solve_ms=14.08
v5_device jobs=7 rows=2005 cells=26143 direct=true graph_reused=false upload_ms=1.21 capture_ms=5.08 queue_ms=8.70 gpu_ms=0.01 unpack_ms=0.45 total_ms=15.46
v5_service device=0 lane=2 class=0 jobs=7 rows=2005 cells=26143 reach=53235 reverse=57964 table_mib=2.4 mutable_mib=52.0 max_job_mib=8.8 oldest_ms=217.43 pack_ms=1.97 solve_ms=15.51
v5_device jobs=4 rows=9539 cells=156580 direct=true graph_reused=false upload_ms=4.81 capture_ms=4.05 queue_ms=18.37 gpu_ms=0.01 unpack_ms=0.99 total_ms=28.25
v5_service device=0 lane=0 class=2 jobs=4 rows=9539 cells=156580 reach=140056 reverse=157384 table_mib=8.0 mutable_mib=256.0 max_job_mib=68.2 oldest_ms=263.98 pack_ms=5.73 solve_ms=28.31
v5_device jobs=1 rows=61959 cells=75601 direct=true graph_reused=false upload_ms=189.79 capture_ms=3.56 queue_ms=241.11 gpu_ms=0.01 unpack_ms=52.77 total_ms=487.24
v5_service device=1 lane=1 class=3 jobs=1 rows=61959 cells=75601 reach=4654114 reverse=4654137 table_mib=134.9 mutable_mib=2048.0 max_job_mib=2244.3 oldest_ms=297.57 pack_ms=90.92 solve_ms=487.30
v5_device jobs=20 rows=13500 cells=353436 direct=true graph_reused=false upload_ms=9.06 capture_ms=3.48 queue_ms=33.87 gpu_ms=0.02 unpack_ms=2.94 total_ms=49.36
v5_service device=1 lane=0 class=1 jobs=20 rows=13500 cells=353436 reach=302134 reverse=372576 table_mib=16.7 mutable_mib=432.0 max_job_mib=34.9 oldest_ms=80.66 pack_ms=10.07 solve_ms=49.42
v5_device jobs=6 rows=1683 cells=19789 direct=true graph_reused=false upload_ms=0.77 capture_ms=6.28 queue_ms=4.88 gpu_ms=0.01 unpack_ms=0.35 total_ms=12.30
v5_service device=1 lane=0 class=0 jobs=6 rows=1683 cells=19789 reach=21869 reverse=28836 table_mib=1.4 mutable_mib=44.0 max_job_mib=8.8 oldest_ms=136.85 pack_ms=1.67 solve_ms=12.38
v5_device jobs=1 rows=68210 cells=270551 direct=true graph_reused=false upload_ms=19.07 capture_ms=3.69 queue_ms=99.63 gpu_ms=0.01 unpack_ms=1.39 total_ms=123.79
v5_service device=0 lane=1 class=3 jobs=1 rows=68210 cells=270551 reach=270545 reverse=270551 table_mib=29.7 mutable_mib=2048.0 max_job_mib=2083.8 oldest_ms=685.04 pack_ms=15.94 solve_ms=123.84
v5_device jobs=4 rows=6495 cells=429535 direct=true graph_reused=false upload_ms=12.99 capture_ms=3.92 queue_ms=97.73 gpu_ms=0.01 unpack_ms=2.68 total_ms=117.33
v5_service device=0 lane=2 class=2 jobs=4 rows=6495 cells=429535 reach=451415 reverse=563675 table_mib=18.3 mutable_mib=256.0 max_job_mib=74.7 oldest_ms=209.08 pack_ms=12.57 solve_ms=117.38
v5_device jobs=2 rows=5363 cells=19321 direct=true graph_reused=false upload_ms=1.83 capture_ms=4.44 queue_ms=7.61 gpu_ms=0.01 unpack_ms=0.31 total_ms=14.20
v5_service device=1 lane=0 class=2 jobs=2 rows=5363 cells=19321 reach=19382 reverse=19351 table_mib=2.4 mutable_mib=128.0 max_job_mib=65.7 oldest_ms=150.30 pack_ms=2.21 solve_ms=14.28
v5_device jobs=1 rows=21966 cells=212385 direct=true graph_reused=false upload_ms=9.56 capture_ms=3.68 queue_ms=94.48 gpu_ms=0.02 unpack_ms=5.90 total_ms=113.64
v5_service device=0 lane=0 class=3 jobs=1 rows=21966 cells=212385 reach=211645 reverse=212385 table_mib=17.0 mutable_mib=512.0 max_job_mib=546.9 oldest_ms=263.52 pack_ms=9.27 solve_ms=113.70
v5_device jobs=1 rows=18781 cells=415214 direct=true graph_reused=false upload_ms=9.92 capture_ms=3.52 queue_ms=25.43 gpu_ms=0.01 unpack_ms=1.24 total_ms=40.12
v5_service device=0 lane=1 class=3 jobs=1 rows=18781 cells=415214 reach=301462 reverse=415214 table_mib=17.6 mutable_mib=512.0 max_job_mib=535.9 oldest_ms=815.83 pack_ms=10.05 solve_ms=40.18
v5_device jobs=34 rows=24661 cells=630243 direct=true graph_reused=false upload_ms=18.03 capture_ms=3.35 queue_ms=52.94 gpu_ms=0.01 unpack_ms=5.26 total_ms=79.59
v5_service device=1 lane=1 class=1 jobs=34 rows=24661 cells=630243 reach=547374 reverse=673953 table_mib=29.5 mutable_mib=784.0 max_job_mib=36.1 oldest_ms=80.97 pack_ms=16.55 solve_ms=79.66
v5_device jobs=7 rows=1448 cells=39550 direct=true graph_reused=false upload_ms=8.59 capture_ms=4.74 queue_ms=60.54 gpu_ms=0.01 unpack_ms=0.31 total_ms=74.19
v5_service device=1 lane=1 class=0 jobs=7 rows=1448 cells=39550 reach=29337 reverse=39550 table_mib=1.7 mutable_mib=44.0 max_job_mib=9.0 oldest_ms=183.43 pack_ms=1.31 solve_ms=74.24
v5_device jobs=33 rows=24539 cells=837550 direct=true graph_reused=false upload_ms=32.33 capture_ms=6.84 queue_ms=78.32 gpu_ms=0.02 unpack_ms=7.51 total_ms=125.02
v5_service device=1 lane=0 class=1 jobs=33 rows=24539 cells=837550 reach=1080380 reverse=1255491 table_mib=44.2 mutable_mib=784.0 max_job_mib=41.2 oldest_ms=83.70 pack_ms=28.66 solve_ms=125.09
v5_device jobs=28 rows=20759 cells=371796 direct=true graph_reused=false upload_ms=23.45 capture_ms=3.56 queue_ms=114.24 gpu_ms=0.02 unpack_ms=5.92 total_ms=147.19
v5_service device=0 lane=2 class=1 jobs=28 rows=20759 cells=371796 reach=788258 reverse=862582 table_mib=31.3 mutable_mib=640.0 max_job_mib=36.0 oldest_ms=80.80 pack_ms=18.17 solve_ms=147.24
v5_device jobs=33 rows=19697 cells=607071 direct=true graph_reused=false upload_ms=16.02 capture_ms=3.59 queue_ms=77.90 gpu_ms=0.01 unpack_ms=5.43 total_ms=102.96
v5_service device=0 lane=1 class=1 jobs=33 rows=19697 cells=607071 reach=470020 reverse=630482 table_mib=26.6 mutable_mib=640.0 max_job_mib=34.6 oldest_ms=82.30 pack_ms=15.84 solve_ms=103.01
v5_device jobs=41 rows=27105 cells=554049 direct=true graph_reused=false upload_ms=20.83 capture_ms=4.14 queue_ms=112.42 gpu_ms=0.02 unpack_ms=5.68 total_ms=143.10
v5_service device=0 lane=0 class=1 jobs=41 rows=27105 cells=554049 reach=453380 reverse=564292 table_mib=26.9 mutable_mib=864.0 max_job_mib=39.1 oldest_ms=78.23 pack_ms=13.64 solve_ms=143.15
v5_device jobs=2 rows=706 cells=3368 direct=true graph_reused=false upload_ms=0.65 capture_ms=8.08 queue_ms=0.93 gpu_ms=0.01 unpack_ms=0.21 total_ms=9.88
v5_service device=1 lane=0 class=0 jobs=2 rows=706 cells=3368 reach=17362 reverse=17492 table_mib=0.7 mutable_mib=16.0 max_job_mib=8.7 oldest_ms=243.40 pack_ms=1.20 solve_ms=9.97
v5_device jobs=6 rows=1731 cells=14971 direct=true graph_reused=false upload_ms=3.48 capture_ms=7.04 queue_ms=23.75 gpu_ms=0.01 unpack_ms=0.55 total_ms=34.84
v5_service device=0 lane=2 class=0 jobs=6 rows=1731 cells=14971 reach=113849 reverse=116160 table_mib=3.6 mutable_mib=48.0 max_job_mib=10.4 oldest_ms=253.03 pack_ms=3.74 solve_ms=34.89
v5_device jobs=18 rows=5243 cells=63424 direct=true graph_reused=false upload_ms=2.73 capture_ms=6.95 queue_ms=20.41 gpu_ms=0.01 unpack_ms=0.82 total_ms=30.92
v5_service device=0 lane=0 class=0 jobs=18 rows=5243 cells=63424 reach=70932 reverse=91608 table_mib=4.4 mutable_mib=140.0 max_job_mib=9.0 oldest_ms=243.51 pack_ms=4.94 solve_ms=31.00
v5_device jobs=1 rows=5248 cells=59762 direct=true graph_reused=false upload_ms=1.98 capture_ms=7.26 queue_ms=30.44 gpu_ms=0.01 unpack_ms=0.55 total_ms=40.24
v5_service device=0 lane=1 class=2 jobs=1 rows=5248 cells=59762 reach=59554 reverse=59762 table_mib=4.1 mutable_mib=128.0 max_job_mib=135.6 oldest_ms=206.34 pack_ms=3.16 solve_ms=40.28
v5_device jobs=12 rows=3473 cells=62383 direct=true graph_reused=false upload_ms=1.54 capture_ms=4.35 queue_ms=24.57 gpu_ms=0.01 unpack_ms=0.55 total_ms=31.02
v5_service device=0 lane=1 class=0 jobs=12 rows=3473 cells=62383 reach=67276 reverse=86158 table_mib=3.7 mutable_mib=96.0 max_job_mib=9.1 oldest_ms=250.65 pack_ms=3.17 solve_ms=31.09
v5_device jobs=4 rows=7653 cells=121058 direct=true graph_reused=false upload_ms=3.72 capture_ms=7.79 queue_ms=17.04 gpu_ms=0.01 unpack_ms=1.35 total_ms=29.91
v5_service device=0 lane=0 class=2 jobs=4 rows=7653 cells=121058 reach=107719 reverse=121304 table_mib=6.5 mutable_mib=256.0 max_job_mib=67.8 oldest_ms=276.79 pack_ms=6.71 solve_ms=29.99
v5_device jobs=2 rows=3707 cells=144198 direct=true graph_reused=false upload_ms=4.20 capture_ms=6.35 queue_ms=59.90 gpu_ms=0.02 unpack_ms=1.82 total_ms=72.29
v5_service device=1 lane=0 class=2 jobs=2 rows=3707 cells=144198 reach=117852 reverse=144358 table_mib=6.7 mutable_mib=128.0 max_job_mib=71.4 oldest_ms=256.35 pack_ms=7.37 solve_ms=72.35
v5_device jobs=11 rows=29610 cells=534062 direct=true graph_reused=false upload_ms=26.25 capture_ms=4.56 queue_ms=68.16 gpu_ms=0.02 unpack_ms=5.54 total_ms=104.53
v5_service device=1 lane=1 class=2 jobs=11 rows=29610 cells=534062 reach=525961 reverse=602757 table_mib=29.6 mutable_mib=896.0 max_job_mib=138.8 oldest_ms=269.57 pack_ms=19.25 solve_ms=104.59
v5_device jobs=5 rows=12208 cells=246564 direct=true graph_reused=false upload_ms=10.22 capture_ms=3.73 queue_ms=41.94 gpu_ms=0.02 unpack_ms=4.32 total_ms=60.25
v5_service device=0 lane=2 class=2 jobs=5 rows=12208 cells=246564 reach=311992 reverse=338010 table_mib=15.8 mutable_mib=448.0 max_job_mib=138.5 oldest_ms=310.58 pack_ms=10.93 solve_ms=60.30
v5_device jobs=1 rows=30980 cells=116215 direct=true graph_reused=false upload_ms=17.76 capture_ms=4.18 queue_ms=87.62 gpu_ms=0.01 unpack_ms=0.51 total_ms=110.09
v5_service device=1 lane=0 class=3 jobs=1 rows=30980 cells=116215 reach=263667 reverse=264370 table_mib=20.3 mutable_mib=1024.0 max_job_mib=1046.7 oldest_ms=315.45 pack_ms=16.90 solve_ms=110.15
v5_device jobs=1 rows=69598 cells=267599 direct=true graph_reused=false upload_ms=22.67 capture_ms=3.73 queue_ms=80.63 gpu_ms=0.02 unpack_ms=3.44 total_ms=110.50
v5_service device=1 lane=1 class=3 jobs=1 rows=69598 cells=267599 reach=264812 reverse=267637 table_mib=31.5 mutable_mib=2048.0 max_job_mib=2091.6 oldest_ms=378.98 pack_ms=17.18 solve_ms=110.56
v5_device jobs=12 rows=8856 cells=100412 direct=true graph_reused=false upload_ms=2.94 capture_ms=4.00 queue_ms=19.36 gpu_ms=0.01 unpack_ms=1.17 total_ms=27.48
v5_service device=1 lane=0 class=1 jobs=12 rows=8856 cells=100412 reach=113974 reverse=120342 table_mib=7.0 mutable_mib=288.0 max_job_mib=33.5 oldest_ms=76.67 pack_ms=4.20 solve_ms=27.55
v5_device jobs=1 rows=275 cells=516 direct=true graph_reused=false upload_ms=0.26 capture_ms=4.52 queue_ms=2.50 gpu_ms=0.01 unpack_ms=0.05 total_ms=7.34
v5_service device=1 lane=0 class=0 jobs=1 rows=275 cells=516 reach=8430 reverse=8672 table_mib=0.3 mutable_mib=8.0 max_job_mib=8.4 oldest_ms=107.15 pack_ms=0.36 solve_ms=7.40
v5_device jobs=26 rows=17009 cells=493334 direct=true graph_reused=false upload_ms=14.94 capture_ms=3.43 queue_ms=49.01 gpu_ms=0.01 unpack_ms=4.91 total_ms=72.31
v5_service device=1 lane=1 class=1 jobs=26 rows=17009 cells=493334 reach=562177 reverse=676590 table_mib=26.5 mutable_mib=528.0 max_job_mib=35.1 oldest_ms=80.04 pack_ms=12.57 solve_ms=72.36
v5_device jobs=23 rows=16138 cells=478513 direct=true graph_reused=false upload_ms=14.37 capture_ms=3.45 queue_ms=205.92 gpu_ms=0.01 unpack_ms=3.92 total_ms=227.67
v5_service device=0 lane=0 class=1 jobs=23 rows=16138 cells=478513 reach=565468 reverse=684516 table_mib=24.9 mutable_mib=512.0 max_job_mib=37.6 oldest_ms=77.94 pack_ms=12.90 solve_ms=227.72
v5_device jobs=17 rows=11602 cells=425124 direct=true graph_reused=false upload_ms=12.81 capture_ms=4.10 queue_ms=156.68 gpu_ms=0.02 unpack_ms=3.44 total_ms=177.04
v5_service device=0 lane=2 class=1 jobs=17 rows=11602 cells=425124 reach=485347 reverse=610137 table_mib=21.5 mutable_mib=384.0 max_job_mib=37.3 oldest_ms=82.26 pack_ms=11.97 solve_ms=177.08
v5_device jobs=2 rows=4029 cells=160369 direct=true graph_reused=false upload_ms=3.37 capture_ms=5.17 queue_ms=12.90 gpu_ms=0.01 unpack_ms=0.78 total_ms=22.24
v5_service device=0 lane=2 class=2 jobs=2 rows=4029 cells=160369 reach=127142 reverse=160387 table_mib=6.1 mutable_mib=128.0 max_job_mib=68.8 oldest_ms=230.94 pack_ms=5.26 solve_ms=22.32
v5_device jobs=8 rows=2055 cells=28130 direct=true graph_reused=false upload_ms=1.00 capture_ms=7.06 queue_ms=6.17 gpu_ms=0.01 unpack_ms=0.32 total_ms=14.57
v5_service device=0 lane=0 class=0 jobs=8 rows=2055 cells=28130 reach=31294 reverse=38530 table_mib=1.8 mutable_mib=56.0 max_job_mib=8.8 oldest_ms=335.41 pack_ms=1.98 solve_ms=14.65
v5_device jobs=2 rows=3864 cells=112947 direct=true graph_reused=false upload_ms=2.29 capture_ms=3.39 queue_ms=15.10 gpu_ms=0.01 unpack_ms=0.94 total_ms=21.73
v5_service device=1 lane=1 class=2 jobs=2 rows=3864 cells=112947 reach=100584 reverse=113811 table_mib=5.2 mutable_mib=128.0 max_job_mib=69.2 oldest_ms=165.33 pack_ms=22.97 solve_ms=21.78
v5_device jobs=3 rows=711 cells=36525 direct=true graph_reused=false upload_ms=0.49 capture_ms=4.11 queue_ms=3.69 gpu_ms=0.01 unpack_ms=0.18 total_ms=8.48
v5_service device=1 lane=1 class=0 jobs=3 rows=711 cells=36525 reach=25069 reverse=36525 table_mib=1.3 mutable_mib=20.0 max_job_mib=9.3 oldest_ms=209.61 pack_ms=0.82 solve_ms=8.55
v5_device jobs=3 rows=7242 cells=219574 direct=true graph_reused=false upload_ms=4.85 capture_ms=5.38 queue_ms=17.79 gpu_ms=0.01 unpack_ms=1.25 total_ms=29.28
v5_service device=0 lane=0 class=2 jobs=3 rows=7242 cells=219574 reach=179297 reverse=219574 table_mib=9.1 mutable_mib=192.0 max_job_mib=71.3 oldest_ms=338.82 pack_ms=8.00 solve_ms=29.35
v5_device jobs=3 rows=91040 cells=2777609 direct=true graph_reused=false upload_ms=98.34 capture_ms=3.38 queue_ms=195.60 gpu_ms=0.01 unpack_ms=22.48 total_ms=319.80
v5_service device=0 lane=1 class=3 jobs=3 rows=91040 cells=2777609 reach=2260689 reverse=2807435 table_mib=111.7 mutable_mib=2560.0 max_job_mib=1131.2 oldest_ms=313.67 pack_ms=70.56 solve_ms=319.86
v5_device jobs=1 rows=23014 cells=756328 direct=true graph_reused=false upload_ms=20.04 capture_ms=3.48 queue_ms=50.79 gpu_ms=0.01 unpack_ms=3.65 total_ms=77.98
v5_service device=1 lane=1 class=3 jobs=1 rows=23014 cells=756328 reach=749301 reverse=756361 table_mib=31.6 mutable_mib=1024.0 max_job_mib=1072.4 oldest_ms=218.30 pack_ms=20.01 solve_ms=78.04
v5_device jobs=1 rows=41150 cells=1204494 direct=true graph_reused=false upload_ms=50.92 capture_ms=3.87 queue_ms=93.77 gpu_ms=0.01 unpack_ms=5.30 total_ms=153.86
v5_service device=0 lane=0 class=3 jobs=1 rows=41150 cells=1204494 reach=1192893 reverse=1204494 table_mib=50.6 mutable_mib=1024.0 max_job_mib=1098.4 oldest_ms=320.12 pack_ms=34.36 solve_ms=153.93
v5_device jobs=7 rows=24286 cells=210458 direct=true graph_reused=false upload_ms=17.26 capture_ms=3.61 queue_ms=123.61 gpu_ms=0.01 unpack_ms=2.48 total_ms=146.98
v5_service device=0 lane=2 class=2 jobs=7 rows=24286 cells=210458 reach=561150 reverse=587678 table_mib=24.0 mutable_mib=704.0 max_job_mib=136.7 oldest_ms=76.80 pack_ms=13.83 solve_ms=147.03
v5_device jobs=23 rows=19741 cells=335423 direct=true graph_reused=false upload_ms=12.34 capture_ms=3.34 queue_ms=65.28 gpu_ms=0.01 unpack_ms=3.20 total_ms=84.17
v5_service device=0 lane=1 class=1 jobs=23 rows=19741 cells=335423 reach=503815 reverse=593822 table_mib=24.1 mutable_mib=624.0 max_job_mib=35.9 oldest_ms=79.08 pack_ms=11.35 solve_ms=84.28
v5_device jobs=2 rows=3332 cells=23909 direct=true graph_reused=false upload_ms=0.85 capture_ms=3.11 queue_ms=9.36 gpu_ms=0.01 unpack_ms=0.39 total_ms=13.72
v5_service device=0 lane=1 class=2 jobs=2 rows=3332 cells=23909 reach=23527 reverse=23909 table_mib=2.1 mutable_mib=128.0 max_job_mib=66.0 oldest_ms=176.23 pack_ms=1.12 solve_ms=13.78
v5_device jobs=6 rows=1510 cells=24359 direct=true graph_reused=false upload_ms=0.82 capture_ms=3.61 queue_ms=9.18 gpu_ms=0.01 unpack_ms=0.24 total_ms=13.85
v5_service device=0 lane=1 class=0 jobs=6 rows=1510 cells=24359 reach=42976 reverse=52035 table_mib=2.0 mutable_mib=44.0 max_job_mib=8.6 oldest_ms=166.18 pack_ms=1.25 solve_ms=13.90
v5_device jobs=6 rows=18614 cells=1015043 direct=true graph_reused=false upload_ms=20.84 capture_ms=4.26 queue_ms=165.06 gpu_ms=0.02 unpack_ms=7.59 total_ms=197.77
v5_service device=1 lane=1 class=2 jobs=6 rows=18614 cells=1015043 reach=788506 reverse=1015055 table_mib=39.1 mutable_mib=576.0 max_job_mib=304.8 oldest_ms=81.94 pack_ms=19.50 solve_ms=197.83
v5_device jobs=4 rows=16621 cells=280639 direct=true graph_reused=false upload_ms=32.71 capture_ms=3.94 queue_ms=62.39 gpu_ms=0.01 unpack_ms=3.68 total_ms=102.72
v5_service device=0 lane=0 class=2 jobs=4 rows=16621 cells=280639 reach=685852 reverse=729791 table_mib=25.1 mutable_mib=448.0 max_job_mib=267.7 oldest_ms=79.64 pack_ms=12.87 solve_ms=102.79
v5_device jobs=45 rows=31814 cells=499407 direct=true graph_reused=false upload_ms=29.65 capture_ms=3.34 queue_ms=62.74 gpu_ms=0.01 unpack_ms=4.10 total_ms=99.84
v5_service device=0 lane=1 class=1 jobs=45 rows=31814 cells=499407 reach=599313 reverse=725058 table_mib=32.3 mutable_mib=976.0 max_job_mib=35.6 oldest_ms=80.69 pack_ms=16.59 solve_ms=99.89
v5_device jobs=23 rows=15262 cells=260929 direct=true graph_reused=false upload_ms=4.86 capture_ms=3.44 queue_ms=37.32 gpu_ms=0.01 unpack_ms=2.04 total_ms=47.68
v5_service device=0 lane=0 class=1 jobs=23 rows=15262 cells=260929 reach=210929 reverse=261734 table_mib=13.4 mutable_mib=480.0 max_job_mib=34.6 oldest_ms=199.23 pack_ms=7.23 solve_ms=47.74
v5_device jobs=40 rows=26978 cells=418252 direct=true graph_reused=false upload_ms=29.25 capture_ms=3.45 queue_ms=182.62 gpu_ms=0.02 unpack_ms=7.19 total_ms=222.53
v5_service device=0 lane=2 class=1 jobs=40 rows=26978 cells=418252 reach=1102260 reverse=1188023 table_mib=42.2 mutable_mib=848.0 max_job_mib=37.6 oldest_ms=249.65 pack_ms=31.13 solve_ms=222.61
v5_device jobs=29 rows=20360 cells=886301 direct=true graph_reused=false upload_ms=20.01 capture_ms=3.26 queue_ms=61.09 gpu_ms=0.02 unpack_ms=6.68 total_ms=91.06
v5_service device=1 lane=1 class=1 jobs=29 rows=20360 cells=886301 reach=808780 reverse=982886 table_mib=37.2 mutable_mib=672.0 max_job_mib=40.8 oldest_ms=305.56 pack_ms=21.13 solve_ms=91.12
v5_device jobs=3 rows=711 cells=24800 direct=true graph_reused=false upload_ms=0.41 capture_ms=4.96 queue_ms=2.41 gpu_ms=0.01 unpack_ms=0.19 total_ms=7.98
v5_service device=1 lane=1 class=0 jobs=3 rows=711 cells=24800 reach=18872 reverse=24800 table_mib=1.0 mutable_mib=20.0 max_job_mib=8.8 oldest_ms=419.48 pack_ms=1.13 solve_ms=8.02
v5_device jobs=7 rows=2185 cells=6999 direct=true graph_reused=false upload_ms=1.78 capture_ms=7.27 queue_ms=73.41 gpu_ms=0.02 unpack_ms=0.47 total_ms=82.95
v5_service device=0 lane=2 class=0 jobs=7 rows=2185 cells=6999 reach=60071 reverse=60672 table_mib=2.4 mutable_mib=56.0 max_job_mib=8.8 oldest_ms=511.56 pack_ms=3.13 solve_ms=83.04
v5_device jobs=4 rows=15956 cells=772338 direct=true graph_reused=false upload_ms=17.60 capture_ms=4.57 queue_ms=81.64 gpu_ms=0.01 unpack_ms=3.15 total_ms=106.96
v5_service device=0 lane=1 class=2 jobs=4 rows=15956 cells=772338 reach=567966 reverse=772338 table_mib=27.4 mutable_mib=448.0 max_job_mib=285.0 oldest_ms=209.96 pack_ms=16.00 solve_ms=107.02
v5_device jobs=1 rows=27943 cells=980037 direct=true graph_reused=false upload_ms=35.18 capture_ms=3.79 queue_ms=54.80 gpu_ms=0.02 unpack_ms=5.38 total_ms=99.17
v5_service device=0 lane=0 class=3 jobs=1 rows=27943 cells=980037 reach=741777 reverse=980037 table_mib=37.2 mutable_mib=1024.0 max_job_mib=1077.3 oldest_ms=242.09 pack_ms=23.98 solve_ms=99.25
v5_device jobs=4 rows=852 cells=4862 direct=true graph_reused=false upload_ms=0.24 capture_ms=3.90 queue_ms=7.76 gpu_ms=0.01 unpack_ms=0.09 total_ms=11.99
v5_service device=0 lane=0 class=0 jobs=4 rows=852 cells=4862 reach=7158 reverse=8734 table_mib=0.5 mutable_mib=28.0 max_job_mib=8.2 oldest_ms=361.60 pack_ms=0.43 solve_ms=12.05
v5_device jobs=17 rows=4490 cells=49823 direct=true graph_reused=false upload_ms=1.62 capture_ms=3.45 queue_ms=13.13 gpu_ms=0.00 unpack_ms=0.50 total_ms=18.71
v5_service device=0 lane=1 class=0 jobs=17 rows=4490 cells=49823 reach=68401 reverse=83324 table_mib=3.9 mutable_mib=124.0 max_job_mib=8.7 oldest_ms=333.26 pack_ms=2.60 solve_ms=18.76
v5_device jobs=24 rows=17296 cells=430206 direct=true graph_reused=false upload_ms=23.17 capture_ms=3.37 queue_ms=47.09 gpu_ms=19.40 unpack_ms=5.70 total_ms=98.73
v5_service device=1 lane=1 class=1 jobs=24 rows=17296 cells=430206 reach=586289 reverse=661511 table_mib=25.9 mutable_mib=608.0 max_job_mib=36.7 oldest_ms=83.51 pack_ms=13.97 solve_ms=98.79
v5_device jobs=6 rows=11876 cells=213168 direct=true graph_reused=false upload_ms=5.65 capture_ms=4.08 queue_ms=26.76 gpu_ms=16.38 unpack_ms=16.82 total_ms=69.68
v5_service device=0 lane=2 class=2 jobs=6 rows=11876 cells=213168 reach=231339 reverse=259381 table_mib=12.2 mutable_mib=384.0 max_job_mib=68.3 oldest_ms=78.23 pack_ms=7.78 solve_ms=69.74
v5_device jobs=3 rows=5474 cells=75765 direct=true graph_reused=false upload_ms=3.34 capture_ms=3.46 queue_ms=25.93 gpu_ms=0.01 unpack_ms=1.90 total_ms=34.65
v5_service device=1 lane=1 class=2 jobs=3 rows=5474 cells=75765 reach=106440 reverse=112349 table_mib=6.7 mutable_mib=192.0 max_job_mib=72.0 oldest_ms=196.14 pack_ms=3.81 solve_ms=34.71
v5_device jobs=2 rows=472 cells=6933 direct=true graph_reused=false upload_ms=0.79 capture_ms=3.70 queue_ms=11.64 gpu_ms=0.01 unpack_ms=0.30 total_ms=16.43
v5_service device=1 lane=1 class=0 jobs=2 rows=472 cells=6933 reach=50834 reverse=51933 table_mib=1.6 mutable_mib=16.0 max_job_mib=9.9 oldest_ms=194.13 pack_ms=0.96 solve_ms=16.49
v5_device jobs=37 rows=20974 cells=426243 direct=true graph_reused=false upload_ms=12.84 capture_ms=3.36 queue_ms=73.93 gpu_ms=0.01 unpack_ms=3.76 total_ms=93.90
v5_service device=0 lane=1 class=1 jobs=37 rows=20974 cells=426243 reach=437751 reverse=550962 table_mib=23.4 mutable_mib=704.0 max_job_mib=35.5 oldest_ms=79.07 pack_ms=13.79 solve_ms=93.95
v5_device jobs=33 rows=21001 cells=477999 direct=true graph_reused=false upload_ms=27.78 capture_ms=3.78 queue_ms=80.89 gpu_ms=0.01 unpack_ms=6.58 total_ms=119.04
v5_service device=0 lane=0 class=1 jobs=33 rows=21001 cells=477999 reach=461981 reverse=574860 table_mib=24.4 mutable_mib=640.0 max_job_mib=34.5 oldest_ms=77.44 pack_ms=13.13 solve_ms=119.09
v5_device jobs=1 rows=95301 cells=3321497 direct=true graph_reused=false upload_ms=165.11 capture_ms=2.68 queue_ms=422.52 gpu_ms=108.65 unpack_ms=108.63 total_ms=807.58
v5_service device=1 lane=0 class=31 jobs=1 rows=95301 cells=3321497 reach=3028981 reverse=3613891 table_mib=151.9 mutable_mib=4096.0 max_job_mib=4369.8 oldest_ms=109.59 pack_ms=137.58 solve_ms=807.71
v5_device jobs=16 rows=3840 cells=45669 direct=true graph_reused=false upload_ms=2.76 capture_ms=5.65 queue_ms=61.08 gpu_ms=0.01 unpack_ms=0.44 total_ms=69.95
v5_service device=0 lane=1 class=0 jobs=16 rows=3840 cells=45669 reach=50232 reverse=64001 table_mib=3.2 mutable_mib=112.0 max_job_mib=8.7 oldest_ms=193.24 pack_ms=2.56 solve_ms=69.99
v5_device jobs=23 rows=5017 cells=61969 direct=true graph_reused=false upload_ms=1.81 capture_ms=4.53 queue_ms=33.56 gpu_ms=0.01 unpack_ms=0.68 total_ms=40.60
v5_service device=0 lane=0 class=0 jobs=23 rows=5017 cells=61969 reach=68238 reverse=85199 table_mib=4.3 mutable_mib=152.0 max_job_mib=8.7 oldest_ms=228.12 pack_ms=3.29 solve_ms=40.66
v5_device jobs=1 rows=1725 cells=2924 direct=true graph_reused=false upload_ms=0.42 capture_ms=3.74 queue_ms=3.17 gpu_ms=0.01 unpack_ms=0.14 total_ms=7.47
v5_service device=0 lane=1 class=2 jobs=1 rows=1725 cells=2924 reach=2816 reverse=2924 table_mib=0.8 mutable_mib=64.0 max_job_mib=65.3 oldest_ms=253.01 pack_ms=0.63 solve_ms=7.52
v5_device jobs=38 rows=24512 cells=623108 direct=true graph_reused=false upload_ms=30.96 capture_ms=4.92 queue_ms=79.37 gpu_ms=0.02 unpack_ms=7.79 total_ms=123.07
v5_service device=0 lane=2 class=1 jobs=38 rows=24512 cells=623108 reach=831415 reverse=973199 table_mib=37.6 mutable_mib=832.0 max_job_mib=36.5 oldest_ms=167.55 pack_ms=28.38 solve_ms=123.13
v5_device jobs=2 rows=4865 cells=121983 direct=true graph_reused=false upload_ms=3.78 capture_ms=5.19 queue_ms=11.44 gpu_ms=0.02 unpack_ms=0.69 total_ms=21.11
v5_service device=0 lane=0 class=2 jobs=2 rows=4865 cells=121983 reach=127698 reverse=166268 table_mib=6.4 mutable_mib=128.0 max_job_mib=69.0 oldest_ms=272.65 pack_ms=5.95 solve_ms=21.18
v5_device jobs=1 rows=25797 cells=32420 direct=true graph_reused=false upload_ms=36.67 capture_ms=3.44 queue_ms=61.29 gpu_ms=0.02 unpack_ms=6.18 total_ms=107.60
v5_service device=1 lane=1 class=3 jobs=1 rows=25797 cells=32420 reach=1428174 reverse=1428184 table_mib=44.5 mutable_mib=1024.0 max_job_mib=1087.2 oldest_ms=184.26 pack_ms=30.66 solve_ms=107.65
v5_device jobs=1 rows=20081 cells=49319 direct=true graph_reused=false upload_ms=7.74 capture_ms=4.52 queue_ms=22.69 gpu_ms=0.01 unpack_ms=0.75 total_ms=35.72
v5_service device=0 lane=0 class=3 jobs=1 rows=20081 cells=49319 reach=49251 reverse=49319 table_mib=8.6 mutable_mib=512.0 max_job_mib=525.1 oldest_ms=281.53 pack_ms=6.26 solve_ms=35.77
v5_device jobs=8 rows=2369 cells=12605 direct=true graph_reused=false upload_ms=1.40 capture_ms=6.95 queue_ms=9.39 gpu_ms=0.01 unpack_ms=0.35 total_ms=18.10
v5_service device=0 lane=2 class=0 jobs=8 rows=2369 cells=12605 reach=53857 reverse=55730 table_mib=2.3 mutable_mib=64.0 max_job_mib=9.1 oldest_ms=359.69 pack_ms=2.29 solve_ms=18.18
v5_device jobs=15 rows=9958 cells=236904 direct=true graph_reused=false upload_ms=13.64 capture_ms=3.66 queue_ms=50.89 gpu_ms=113.13 unpack_ms=2.24 total_ms=183.55
v5_service device=1 lane=2 class=1 jobs=15 rows=9958 cells=236904 reach=391387 reverse=462371 table_mib=16.1 mutable_mib=304.0 max_job_mib=35.6 oldest_ms=78.65 pack_ms=10.45 solve_ms=183.61
v5_device jobs=4 rows=9385 cells=135245 direct=true graph_reused=false upload_ms=2.59 capture_ms=4.05 queue_ms=14.42 gpu_ms=69.70 unpack_ms=1.27 total_ms=92.02
v5_service device=1 lane=2 class=2 jobs=4 rows=9385 cells=135245 reach=121545 reverse=137030 table_mib=7.2 mutable_mib=320.0 max_job_mib=132.3 oldest_ms=275.07 pack_ms=3.70 solve_ms=92.08
v5_device jobs=27 rows=7620 cells=205755 direct=true graph_reused=false upload_ms=7.29 capture_ms=3.61 queue_ms=18.66 gpu_ms=162.66 unpack_ms=2.00 total_ms=194.23
v5_service device=1 lane=1 class=0 jobs=27 rows=7620 cells=205755 reach=175042 reverse=230311 table_mib=9.5 mutable_mib=204.0 max_job_mib=9.3 oldest_ms=76.41 pack_ms=5.62 solve_ms=194.28
v5_device jobs=27 rows=18423 cells=275321 direct=true graph_reused=false upload_ms=7.96 capture_ms=3.85 queue_ms=65.74 gpu_ms=77.31 unpack_ms=3.95 total_ms=158.80
v5_service device=0 lane=0 class=1 jobs=27 rows=18423 cells=275321 reach=347706 reverse=437400 table_mib=18.8 mutable_mib=560.0 max_job_mib=35.4 oldest_ms=78.12 pack_ms=10.03 solve_ms=158.85
v5_device jobs=22 rows=14874 cells=474478 direct=true graph_reused=false upload_ms=13.15 capture_ms=4.58 queue_ms=45.81 gpu_ms=211.06 unpack_ms=4.23 total_ms=278.83
v5_service device=1 lane=0 class=1 jobs=22 rows=14874 cells=474478 reach=376756 reverse=531007 table_mib=20.6 mutable_mib=464.0 max_job_mib=38.9 oldest_ms=82.01 pack_ms=14.56 solve_ms=278.88
v5_device jobs=27 rows=18876 cells=458480 direct=true graph_reused=false upload_ms=14.44 capture_ms=3.51 queue_ms=40.53 gpu_ms=161.43 unpack_ms=5.02 total_ms=224.92
v5_service device=0 lane=1 class=1 jobs=27 rows=18876 cells=458480 reach=490455 reverse=586644 table_mib=23.8 mutable_mib=576.0 max_job_mib=35.6 oldest_ms=77.61 pack_ms=12.87 solve_ms=224.98
v5_device jobs=1 rows=22681 cells=123076 direct=true graph_reused=false upload_ms=43.58 capture_ms=3.35 queue_ms=82.35 gpu_ms=72.68 unpack_ms=7.42 total_ms=209.37
v5_service device=0 lane=2 class=3 jobs=1 rows=22681 cells=123076 reach=1494587 reverse=1496708 table_mib=45.4 mutable_mib=512.0 max_job_mib=576.2 oldest_ms=344.10 pack_ms=32.44 solve_ms=209.42
v5_device jobs=5 rows=1546 cells=6201 direct=true graph_reused=false upload_ms=1.03 capture_ms=8.70 queue_ms=10.80 gpu_ms=0.01 unpack_ms=0.26 total_ms=20.80
v5_service device=1 lane=0 class=0 jobs=5 rows=1546 cells=6201 reach=43870 reverse=47552 table_mib=1.8 mutable_mib=40.0 max_job_mib=8.8 oldest_ms=376.70 pack_ms=1.74 solve_ms=20.86
v5_device jobs=10 rows=2721 cells=20493 direct=true graph_reused=false upload_ms=2.37 capture_ms=3.80 queue_ms=18.49 gpu_ms=0.01 unpack_ms=0.53 total_ms=25.20
v5_service device=1 lane=2 class=0 jobs=10 rows=2721 cells=20493 reach=116768 reverse=133124 table_mib=4.3 mutable_mib=76.0 max_job_mib=9.7 oldest_ms=361.32 pack_ms=3.62 solve_ms=25.24
v5_device jobs=3 rows=12383 cells=37631 direct=true graph_reused=false upload_ms=2.86 capture_ms=7.42 queue_ms=16.39 gpu_ms=0.02 unpack_ms=1.24 total_ms=27.93
v5_service device=1 lane=0 class=2 jobs=3 rows=12383 cells=37631 reach=36976 reverse=37764 table_mib=5.7 mutable_mib=384.0 max_job_mib=261.5 oldest_ms=399.08 pack_ms=4.08 solve_ms=28.01
v5_device jobs=14 rows=3390 cells=28173 direct=true graph_reused=false upload_ms=2.18 capture_ms=6.44 queue_ms=13.60 gpu_ms=0.01 unpack_ms=0.58 total_ms=22.81
v5_service device=0 lane=0 class=0 jobs=14 rows=3390 cells=28173 reach=61015 reverse=75370 table_mib=3.4 mutable_mib=87.0 max_job_mib=8.9 oldest_ms=258.27 pack_ms=27.94 solve_ms=22.87
v5_device jobs=3 rows=6476 cells=48690 direct=true graph_reused=false upload_ms=3.69 capture_ms=10.41 queue_ms=23.88 gpu_ms=0.01 unpack_ms=0.75 total_ms=38.75
v5_service device=0 lane=1 class=2 jobs=3 rows=6476 cells=48690 reach=78401 reverse=93777 table_mib=4.9 mutable_mib=192.0 max_job_mib=66.7 oldest_ms=336.57 pack_ms=5.29 solve_ms=38.83
v5_device jobs=10 rows=2522 cells=44206 direct=true graph_reused=false upload_ms=2.02 capture_ms=9.62 queue_ms=28.15 gpu_ms=0.01 unpack_ms=0.55 total_ms=40.35
v5_service device=0 lane=1 class=0 jobs=10 rows=2522 cells=44206 reach=65783 reverse=90705 table_mib=3.3 mutable_mib=72.0 max_job_mib=9.1 oldest_ms=380.81 pack_ms=3.83 solve_ms=40.43
v5_device jobs=4 rows=9375 cells=222063 direct=true graph_reused=false upload_ms=5.56 capture_ms=5.89 queue_ms=26.34 gpu_ms=0.02 unpack_ms=3.26 total_ms=41.07
v5_service device=0 lane=0 class=2 jobs=4 rows=9375 cells=222063 reach=182322 reverse=222063 table_mib=10.7 mutable_mib=320.0 max_job_mib=133.9 oldest_ms=313.17 pack_ms=8.81 solve_ms=41.15
v5_device jobs=13 rows=8599 cells=155258 direct=true graph_reused=false upload_ms=9.99 capture_ms=3.82 queue_ms=29.13 gpu_ms=0.01 unpack_ms=2.10 total_ms=45.06
v5_service device=1 lane=2 class=1 jobs=13 rows=8599 cells=155258 reach=342807 reverse=388143 table_mib=13.6 mutable_mib=288.0 max_job_mib=38.6 oldest_ms=77.15 pack_ms=9.53 solve_ms=45.14
v5_device jobs=19 rows=14478 cells=383888 direct=true graph_reused=false upload_ms=18.13 capture_ms=3.55 queue_ms=48.69 gpu_ms=0.02 unpack_ms=4.55 total_ms=74.93
v5_service device=0 lane=2 class=1 jobs=19 rows=14478 cells=383888 reach=563342 reverse=665472 table_mib=24.4 mutable_mib=416.0 max_job_mib=36.5 oldest_ms=80.64 pack_ms=15.43 solve_ms=74.99
v5_device jobs=41 rows=10470 cells=99509 direct=true graph_reused=false upload_ms=7.38 capture_ms=4.20 queue_ms=27.01 gpu_ms=0.01 unpack_ms=1.48 total_ms=40.08
v5_service device=1 lane=0 class=0 jobs=41 rows=10470 cells=99509 reach=207204 reverse=239950 table_mib=10.4 mutable_mib=280.0 max_job_mib=9.3 oldest_ms=76.61 pack_ms=8.33 solve_ms=40.14
{"phase": "live", "seconds": 50.051, "solves": 58368, "solves_per_s": 1166.2, "oversize_routes": 3, "card_exclusive_routes": 0}
v5_device jobs=2 rows=375 cells=1513 direct=true graph_reused=false upload_ms=0.31 capture_ms=4.36 queue_ms=14.56 gpu_ms=0.01 unpack_ms=8.42 total_ms=27.66
v5_service device=1 lane=2 class=0 jobs=2 rows=375 cells=1513 reach=7844 reverse=9051 table_mib=0.4 mutable_mib=12.0 max_job_mib=8.2 oldest_ms=133.04 pack_ms=0.43 solve_ms=27.73
v5_device jobs=4 rows=966 cells=11154 direct=true graph_reused=false upload_ms=1.20 capture_ms=4.07 queue_ms=9.11 gpu_ms=0.01 unpack_ms=0.35 total_ms=14.73
v5_service device=0 lane=2 class=0 jobs=4 rows=966 cells=11154 reach=57556 reverse=59154 table_mib=1.9 mutable_mib=28.0 max_job_mib=9.1 oldest_ms=183.68 pack_ms=1.76 solve_ms=14.79
v5_device jobs=3 rows=7939 cells=142659 direct=true graph_reused=false upload_ms=8.48 capture_ms=4.14 queue_ms=17.28 gpu_ms=0.01 unpack_ms=1.07 total_ms=30.99
v5_service device=1 lane=2 class=2 jobs=3 rows=7939 cells=142659 reach=233701 reverse=245295 table_mib=9.7 mutable_mib=256.0 max_job_mib=134.8 oldest_ms=159.26 pack_ms=9.30 solve_ms=31.06
v5_device jobs=23 rows=16234 cells=274110 direct=true graph_reused=false upload_ms=13.84 capture_ms=6.02 queue_ms=30.17 gpu_ms=0.02 unpack_ms=2.84 total_ms=52.88
v5_service device=0 lane=1 class=1 jobs=23 rows=16234 cells=274110 reach=330984 reverse=394669 table_mib=17.2 mutable_mib=480.0 max_job_mib=36.2 oldest_ms=81.31 pack_ms=11.42 solve_ms=52.95
v5_device jobs=15 rows=4109 cells=62850 direct=true graph_reused=false upload_ms=2.01 capture_ms=3.51 queue_ms=119.28 gpu_ms=0.01 unpack_ms=0.63 total_ms=125.44
v5_service device=0 lane=1 class=0 jobs=15 rows=4109 cells=62850 reach=86019 reverse=112225 table_mib=4.5 mutable_mib=116.0 max_job_mib=8.8 oldest_ms=154.13 pack_ms=2.69 solve_ms=125.51
v5_device jobs=7 rows=29477 cells=310335 direct=true graph_reused=false upload_ms=34.37 capture_ms=3.98 queue_ms=131.56 gpu_ms=0.02 unpack_ms=2.54 total_ms=172.46
v5_service device=0 lane=2 class=2 jobs=7 rows=29477 cells=310335 reach=469817 reverse=499379 table_mib=25.2 mutable_mib=896.0 max_job_mib=264.2 oldest_ms=205.63 pack_ms=17.43 solve_ms=172.53
v5_device jobs=2 rows=81245 cells=1748496 direct=true graph_reused=false upload_ms=87.53 capture_ms=4.62 queue_ms=152.72 gpu_ms=0.03 unpack_ms=13.10 total_ms=258.00
v5_service device=0 lane=0 class=3 jobs=2 rows=81245 cells=1748496 reach=1561518 reverse=1748496 table_mib=78.3 mutable_mib=3072.0 max_job_mib=2116.1 oldest_ms=359.71 pack_ms=46.27 solve_ms=258.06
v5_device jobs=1 rows=11808 cells=29279 direct=true graph_reused=false upload_ms=18.35 capture_ms=3.58 queue_ms=30.41 gpu_ms=0.03 unpack_ms=1.25 total_ms=53.62
v5_service device=0 lane=2 class=3 jobs=1 rows=11808 cells=29279 reach=631109 reverse=631132 table_mib=19.8 mutable_mib=512.0 max_job_mib=540.0 oldest_ms=360.63 pack_ms=13.82 solve_ms=53.68
v5_device jobs=41 rows=10079 cells=177323 direct=true graph_reused=false upload_ms=7.10 capture_ms=3.67 queue_ms=25.27 gpu_ms=0.01 unpack_ms=1.46 total_ms=37.51
v5_service device=0 lane=0 class=0 jobs=41 rows=10079 cells=177323 reach=274505 reverse=339154 table_mib=13.0 mutable_mib=290.0 max_job_mib=9.9 oldest_ms=77.39 pack_ms=7.63 solve_ms=37.58
v5_device jobs=78 rows=54145 cells=777189 direct=true graph_reused=false upload_ms=77.97 capture_ms=4.99 queue_ms=335.84 gpu_ms=0.02 unpack_ms=8.07 total_ms=426.89
v5_service device=1 lane=0 class=1 jobs=78 rows=54145 cells=777189 reach=1026203 reverse=1239375 table_mib=54.6 mutable_mib=1680.0 max_job_mib=35.5 oldest_ms=138.84 pack_ms=44.44 solve_ms=426.96
v5_device jobs=1 rows=23266 cells=4629904 direct=true graph_reused=false upload_ms=127.05 capture_ms=3.91 queue_ms=188.95 gpu_ms=6.99 unpack_ms=48.38 total_ms=375.28
v5_service device=1 lane=2 class=3 jobs=1 rows=23266 cells=4629904 reach=2919320 reverse=4629904 table_mib=137.1 mutable_mib=1024.0 max_job_mib=1221.0 oldest_ms=191.71 pack_ms=87.84 solve_ms=375.36
v5_device jobs=33 rows=22129 cells=530610 direct=true graph_reused=false upload_ms=29.56 capture_ms=3.57 queue_ms=93.03 gpu_ms=0.02 unpack_ms=8.80 total_ms=134.99
v5_service device=0 lane=2 class=1 jobs=33 rows=22129 cells=530610 reach=985154 reverse=1120683 table_mib=38.6 mutable_mib=720.0 max_job_mib=39.3 oldest_ms=85.26 pack_ms=26.22 solve_ms=135.05
v5_device jobs=8 rows=18832 cells=969696 direct=true graph_reused=false upload_ms=27.70 capture_ms=5.18 queue_ms=87.57 gpu_ms=0.02 unpack_ms=6.96 total_ms=127.43
v5_service device=0 lane=0 class=2 jobs=8 rows=18832 cells=969696 reach=731656 reverse=970081 table_mib=35.0 mutable_mib=640.0 max_job_mib=153.3 oldest_ms=136.45 pack_ms=21.49 solve_ms=127.49
v5_device jobs=129 rows=87478 cells=1973977 direct=true graph_reused=false upload_ms=118.94 capture_ms=3.50 queue_ms=441.25 gpu_ms=0.03 unpack_ms=25.25 total_ms=588.96
v5_service device=1 lane=1 class=1 jobs=129 rows=87478 cells=1973977 reach=1983265 reverse=2366283 table_mib=104.7 mutable_mib=2768.0 max_job_mib=38.6 oldest_ms=348.27 pack_ms=83.68 solve_ms=589.01
v5_device jobs=11 rows=25194 cells=202123 direct=true graph_reused=false upload_ms=18.21 capture_ms=4.99 queue_ms=46.14 gpu_ms=0.06 unpack_ms=5.63 total_ms=75.02
v5_service device=1 lane=0 class=2 jobs=11 rows=25194 cells=202123 reach=388114 reverse=438017 table_mib=21.2 mutable_mib=832.0 max_job_mib=134.3 oldest_ms=630.57 pack_ms=17.10 solve_ms=75.08
v5_device jobs=15 rows=11308 cells=325617 direct=true graph_reused=false upload_ms=14.55 capture_ms=3.78 queue_ms=35.07 gpu_ms=0.02 unpack_ms=2.91 total_ms=56.33
v5_service device=1 lane=2 class=1 jobs=15 rows=11308 cells=325617 reach=417021 reverse=512643 table_mib=18.3 mutable_mib=352.0 max_job_mib=37.4 oldest_ms=83.26 pack_ms=18.14 solve_ms=56.39
v5_device jobs=6 rows=13187 cells=146771 direct=true graph_reused=false upload_ms=25.36 capture_ms=4.14 queue_ms=46.41 gpu_ms=0.03 unpack_ms=18.54 total_ms=94.47
v5_service device=0 lane=2 class=2 jobs=6 rows=13187 cells=146771 reach=783618 reverse=801420 table_mib=25.1 mutable_mib=448.0 max_job_mib=132.6 oldest_ms=269.15 pack_ms=31.40 solve_ms=94.53
v5_device jobs=3 rows=6173 cells=49815 direct=true graph_reused=false upload_ms=2.30 capture_ms=4.34 queue_ms=13.49 gpu_ms=0.02 unpack_ms=0.84 total_ms=20.99
v5_service device=1 lane=2 class=2 jobs=3 rows=6173 cells=49815 reach=46618 reverse=49821 table_mib=3.9 mutable_mib=192.0 max_job_mib=66.9 oldest_ms=174.76 pack_ms=2.93 solve_ms=21.05
v5_device jobs=6 rows=1370 cells=14960 direct=true graph_reused=false upload_ms=2.26 capture_ms=4.87 queue_ms=27.84 gpu_ms=0.01 unpack_ms=0.29 total_ms=35.28
v5_service device=1 lane=2 class=0 jobs=6 rows=1370 cells=14960 reach=29688 reverse=35544 table_mib=1.5 mutable_mib=44.0 max_job_mib=8.4 oldest_ms=196.28 pack_ms=1.50 solve_ms=35.33
v5_device jobs=19 rows=12261 cells=226581 direct=true graph_reused=false upload_ms=11.81 capture_ms=3.95 queue_ms=32.84 gpu_ms=0.01 unpack_ms=2.35 total_ms=50.96
v5_service device=1 lane=0 class=1 jobs=19 rows=12261 cells=226581 reach=344919 reverse=407790 table_mib=16.0 mutable_mib=352.0 max_job_mib=34.0 oldest_ms=81.12 pack_ms=11.70 solve_ms=51.01
v5_device jobs=14 rows=3413 cells=24937 direct=true graph_reused=false upload_ms=1.02 capture_ms=3.84 queue_ms=7.21 gpu_ms=0.01 unpack_ms=0.42 total_ms=12.49
v5_service device=1 lane=0 class=0 jobs=14 rows=3413 cells=24937 reach=31664 reverse=36755 table_mib=2.2 mutable_mib=92.0 max_job_mib=8.6 oldest_ms=174.07 pack_ms=3.50 solve_ms=12.54
v5_device jobs=2 rows=4505 cells=24554 direct=true graph_reused=false upload_ms=3.13 capture_ms=4.66 queue_ms=10.09 gpu_ms=0.01 unpack_ms=0.39 total_ms=18.29
v5_service device=1 lane=0 class=2 jobs=2 rows=4505 cells=24554 reach=114023 reverse=136068 table_mib=5.1 mutable_mib=128.0 max_job_mib=67.6 oldest_ms=184.93 pack_ms=5.42 solve_ms=18.35
v5_device jobs=5 rows=1470 cells=9608 direct=true graph_reused=false upload_ms=21.86 capture_ms=3.97 queue_ms=226.99 gpu_ms=0.01 unpack_ms=0.21 total_ms=253.04
v5_service device=0 lane=2 class=0 jobs=5 rows=1470 cells=9608 reach=18893 reverse=19636 table_mib=1.2 mutable_mib=40.0 max_job_mib=8.4 oldest_ms=398.64 pack_ms=0.95 solve_ms=253.09
v5_device jobs=1 rows=39482 cells=1116719 direct=true graph_reused=false upload_ms=62.17 capture_ms=3.97 queue_ms=89.97 gpu_ms=0.02 unpack_ms=10.59 total_ms=166.72
v5_service device=1 lane=2 class=3 jobs=1 rows=39482 cells=1116719 reach=958551 reverse=1116719 table_mib=49.9 mutable_mib=1024.0 max_job_mib=1108.1 oldest_ms=216.80 pack_ms=33.42 solve_ms=166.78
v5_device jobs=67 rows=45846 cells=842385 direct=true graph_reused=false upload_ms=106.65 capture_ms=4.68 queue_ms=252.66 gpu_ms=0.02 unpack_ms=9.85 total_ms=373.86
v5_service device=0 lane=0 class=1 jobs=67 rows=45846 cells=842385 reach=1438831 reverse=1723145 table_mib=63.3 mutable_mib=1504.0 max_job_mib=42.7 oldest_ms=301.43 pack_ms=56.80 solve_ms=373.95
v5_device jobs=36 rows=25179 cells=353270 direct=true graph_reused=false upload_ms=20.66 capture_ms=4.61 queue_ms=101.73 gpu_ms=0.03 unpack_ms=4.21 total_ms=131.24
v5_service device=1 lane=0 class=1 jobs=36 rows=25179 cells=353270 reach=572426 reverse=655316 table_mib=27.3 mutable_mib=816.0 max_job_mib=34.9 oldest_ms=77.94 pack_ms=18.98 solve_ms=131.30
v5_device jobs=24 rows=51999 cells=1184794 direct=true graph_reused=false upload_ms=86.52 capture_ms=3.57 queue_ms=153.46 gpu_ms=0.02 unpack_ms=14.89 total_ms=258.46
v5_service device=1 lane=1 class=2 jobs=24 rows=51999 cells=1184794 reach=1747222 reverse=1896609 table_mib=71.9 mutable_mib=1792.0 max_job_mib=148.0 oldest_ms=1252.24 pack_ms=59.73 solve_ms=258.53
v5_device jobs=31 rows=21822 cells=483796 direct=true graph_reused=false upload_ms=20.97 capture_ms=3.63 queue_ms=56.50 gpu_ms=0.02 unpack_ms=5.88 total_ms=87.00
v5_service device=0 lane=2 class=1 jobs=31 rows=21822 cells=483796 reach=571901 reverse=677032 table_mib=28.6 mutable_mib=688.0 max_job_mib=36.4 oldest_ms=81.97 pack_ms=18.06 solve_ms=87.06
v5_device jobs=21 rows=4683 cells=39475 direct=true graph_reused=false upload_ms=4.62 capture_ms=8.33 queue_ms=51.76 gpu_ms=0.01 unpack_ms=1.13 total_ms=65.86
v5_service device=1 lane=0 class=0 jobs=21 rows=4683 cells=39475 reach=124004 reverse=135131 table_mib=5.5 mutable_mib=140.0 max_job_mib=9.3 oldest_ms=237.90 pack_ms=7.71 solve_ms=65.92
v5_device jobs=33 rows=21492 cells=320323 direct=true graph_reused=false upload_ms=33.31 capture_ms=3.75 queue_ms=59.35 gpu_ms=0.02 unpack_ms=5.20 total_ms=101.63
v5_service device=1 lane=2 class=1 jobs=33 rows=21492 cells=320323 reach=772567 reverse=870599 table_mib=30.6 mutable_mib=736.0 max_job_mib=37.7 oldest_ms=81.61 pack_ms=22.85 solve_ms=101.70
v5_device jobs=1 rows=1670 cells=23088 direct=true graph_reused=false upload_ms=0.73 capture_ms=5.52 queue_ms=3.45 gpu_ms=0.03 unpack_ms=0.31 total_ms=10.04
v5_service device=1 lane=0 class=2 jobs=1 rows=1670 cells=23088 reach=18096 reverse=24240 table_mib=1.3 mutable_mib=64.0 max_job_mib=65.9 oldest_ms=248.38 pack_ms=1.28 solve_ms=10.12
v5_device jobs=16 rows=3978 cells=74163 direct=true graph_reused=false upload_ms=2.46 capture_ms=5.52 queue_ms=13.37 gpu_ms=0.02 unpack_ms=0.82 total_ms=22.20
v5_service device=1 lane=2 class=0 jobs=16 rows=3978 cells=74163 reach=90029 reverse=116947 table_mib=4.8 mutable_mib=116.0 max_job_mib=9.0 oldest_ms=210.49 pack_ms=6.10 solve_ms=22.25
v5_device jobs=3 rows=5834 cells=112588 direct=true graph_reused=false upload_ms=2.83 capture_ms=3.84 queue_ms=15.33 gpu_ms=0.01 unpack_ms=0.98 total_ms=23.00
v5_service device=1 lane=2 class=2 jobs=3 rows=5834 cells=112588 reach=91159 reverse=112588 table_mib=5.8 mutable_mib=192.0 max_job_mib=67.5 oldest_ms=202.40 pack_ms=3.48 solve_ms=23.07
v5_device jobs=1 rows=32021 cells=7390108 direct=true graph_reused=false upload_ms=258.22 capture_ms=4.24 queue_ms=414.43 gpu_ms=0.02 unpack_ms=115.22 total_ms=792.13
v5_service device=0 lane=1 class=3 jobs=1 rows=32021 cells=7390108 reach=5046004 reverse=7390108 table_mib=221.9 mutable_mib=1024.0 max_job_mib=1351.0 oldest_ms=275.83 pack_ms=233.47 solve_ms=792.18
v5_device jobs=5 rows=1373 cells=17361 direct=true graph_reused=false upload_ms=0.96 capture_ms=5.88 queue_ms=95.89 gpu_ms=0.01 unpack_ms=0.33 total_ms=103.07
v5_service device=0 lane=2 class=0 jobs=5 rows=1373 cells=17361 reach=20409 reverse=21410 table_mib=1.3 mutable_mib=40.0 max_job_mib=9.2 oldest_ms=193.86 pack_ms=1.31 solve_ms=103.14
v5_device jobs=1 rows=29785 cells=150838 direct=true graph_reused=false upload_ms=7.03 capture_ms=3.74 queue_ms=25.72 gpu_ms=0.01 unpack_ms=0.59 total_ms=37.08
v5_service device=1 lane=2 class=3 jobs=1 rows=29785 cells=150838 reach=150847 reverse=150838 table_mib=13.5 mutable_mib=1024.0 max_job_mib=1040.8 oldest_ms=194.26 pack_ms=6.50 solve_ms=37.13
v5_device jobs=2 rows=3244 cells=84900 direct=true graph_reused=false upload_ms=2.98 capture_ms=4.27 queue_ms=36.24 gpu_ms=0.01 unpack_ms=0.82 total_ms=44.32
v5_service device=0 lane=1 class=2 jobs=2 rows=3244 cells=84900 reach=66768 reverse=84943 table_mib=4.0 mutable_mib=128.0 max_job_mib=68.2 oldest_ms=1281.17 pack_ms=2.40 solve_ms=44.38
v5_device jobs=32 rows=19499 cells=259267 direct=true graph_reused=false upload_ms=14.18 capture_ms=4.01 queue_ms=37.39 gpu_ms=0.01 unpack_ms=2.93 total_ms=58.51
v5_service device=1 lane=0 class=1 jobs=32 rows=19499 cells=259267 reach=386695 reverse=444605 table_mib=19.7 mutable_mib=624.0 max_job_mib=33.7 oldest_ms=78.23 pack_ms=12.26 solve_ms=58.57
v5_device jobs=3 rows=14658 cells=176155 direct=true graph_reused=false upload_ms=6.69 capture_ms=7.26 queue_ms=41.40 gpu_ms=0.02 unpack_ms=2.39 total_ms=57.75
v5_service device=0 lane=2 class=2 jobs=3 rows=14658 cells=176155 reach=168140 reverse=176163 table_mib=10.7 mutable_mib=384.0 max_job_mib=269.9 oldest_ms=267.44 pack_ms=9.54 solve_ms=57.85
v5_device jobs=2 rows=4635 cells=14644 direct=true graph_reused=false upload_ms=5.95 capture_ms=4.53 queue_ms=31.29 gpu_ms=0.01 unpack_ms=0.40 total_ms=42.18
v5_service device=1 lane=0 class=2 jobs=2 rows=4635 cells=14644 reach=128773 reverse=151571 table_mib=5.4 mutable_mib=128.0 max_job_mib=67.8 oldest_ms=155.58 pack_ms=4.94 solve_ms=42.23
v5_device jobs=2 rows=46881 cells=1169993 direct=true graph_reused=false upload_ms=88.84 capture_ms=4.55 queue_ms=230.15 gpu_ms=0.01 unpack_ms=13.02 total_ms=336.57
v5_service device=0 lane=0 class=3 jobs=2 rows=46881 cells=1169993 reach=1156351 reverse=1169993 table_mib=59.7 mutable_mib=1536.0 max_job_mib=1106.6 oldest_ms=751.39 pack_ms=48.49 solve_ms=336.64
v5_device jobs=42 rows=10652 cells=118642 direct=true graph_reused=false upload_ms=5.40 capture_ms=3.50 queue_ms=23.03 gpu_ms=0.01 unpack_ms=1.29 total_ms=33.23
v5_service device=0 lane=1 class=0 jobs=42 rows=10652 cells=118642 reach=228332 reverse=271870 table_mib=11.4 mutable_mib=304.0 max_job_mib=9.1 oldest_ms=77.23 pack_ms=7.12 solve_ms=33.30
v5_device jobs=22 rows=14419 cells=402947 direct=true graph_reused=false upload_ms=17.04 capture_ms=3.51 queue_ms=52.22 gpu_ms=0.01 unpack_ms=4.42 total_ms=77.20
v5_service device=0 lane=2 class=1 jobs=22 rows=14419 cells=402947 reach=690419 reverse=771213 table_mib=27.4 mutable_mib=480.0 max_job_mib=37.1 oldest_ms=81.58 pack_ms=14.37 solve_ms=77.26
v5_device jobs=21 rows=5233 cells=59831 direct=true graph_reused=false upload_ms=2.20 capture_ms=4.96 queue_ms=130.88 gpu_ms=0.01 unpack_ms=0.77 total_ms=138.82
v5_service device=1 lane=0 class=0 jobs=21 rows=5233 cells=59831 reach=85391 reverse=107296 table_mib=4.9 mutable_mib=148.0 max_job_mib=9.1 oldest_ms=202.95 pack_ms=3.47 solve_ms=138.91
v5_device jobs=35 rows=8160 cells=96279 direct=true graph_reused=false upload_ms=4.50 capture_ms=3.70 queue_ms=149.63 gpu_ms=0.01 unpack_ms=1.52 total_ms=159.35
v5_service device=1 lane=2 class=0 jobs=35 rows=8160 cells=96279 reach=201689 reverse=231642 table_mib=9.2 mutable_mib=254.0 max_job_mib=8.9 oldest_ms=76.52 pack_ms=6.06 solve_ms=159.41
v5_device jobs=2 rows=510 cells=15475 direct=true graph_reused=false upload_ms=0.42 capture_ms=4.63 queue_ms=25.97 gpu_ms=0.01 unpack_ms=0.21 total_ms=31.23
v5_service device=0 lane=2 class=0 jobs=2 rows=510 cells=15475 reach=19082 reverse=22325 table_mib=0.8 mutable_mib=16.0 max_job_mib=8.9 oldest_ms=164.86 pack_ms=0.76 solve_ms=31.30
v5_device jobs=24 rows=14651 cells=280956 direct=true graph_reused=false upload_ms=15.02 capture_ms=4.14 queue_ms=40.76 gpu_ms=0.02 unpack_ms=3.64 total_ms=63.57
v5_service device=0 lane=0 class=1 jobs=24 rows=14651 cells=280956 reach=450971 reverse=516432 table_mib=19.7 mutable_mib=464.0 max_job_mib=34.8 oldest_ms=78.97 pack_ms=13.74 solve_ms=63.63
v5_device jobs=1 rows=2208 cells=27826 direct=true graph_reused=false upload_ms=0.89 capture_ms=5.80 queue_ms=7.14 gpu_ms=0.02 unpack_ms=0.27 total_ms=14.11
v5_service device=0 lane=2 class=2 jobs=1 rows=2208 cells=27826 reach=27547 reverse=27826 table_mib=1.8 mutable_mib=64.0 max_job_mib=67.2 oldest_ms=140.81 pack_ms=1.53 solve_ms=14.19
v5_device jobs=2 rows=69643 cells=372638 direct=true graph_reused=false upload_ms=155.79 capture_ms=4.30 queue_ms=215.44 gpu_ms=0.02 unpack_ms=23.09 total_ms=398.65
v5_service device=1 lane=1 class=3 jobs=2 rows=69643 cells=372638 reach=3657224 reverse=3718963 table_mib=117.4 mutable_mib=2048.0 max_job_mib=1125.1 oldest_ms=1571.97 pack_ms=71.07 solve_ms=398.72
v5_device jobs=18 rows=4744 cells=61100 direct=true graph_reused=false upload_ms=2.44 capture_ms=3.90 queue_ms=46.77 gpu_ms=0.01 unpack_ms=1.01 total_ms=54.13
v5_service device=0 lane=2 class=0 jobs=18 rows=4744 cells=61100 reach=128795 reverse=139502 table_mib=5.7 mutable_mib=122.0 max_job_mib=9.5 oldest_ms=76.06 pack_ms=3.94 solve_ms=54.19
v5_device jobs=34 rows=8612 cells=88186 direct=true graph_reused=false upload_ms=6.10 capture_ms=6.43 queue_ms=75.38 gpu_ms=0.01 unpack_ms=1.19 total_ms=89.11
v5_service device=1 lane=0 class=0 jobs=34 rows=8612 cells=88186 reach=195356 reverse=219139 table_mib=9.0 mutable_mib=231.0 max_job_mib=9.8 oldest_ms=78.29 pack_ms=8.76 solve_ms=89.17
v5_device jobs=8 rows=21286 cells=142172 direct=true graph_reused=false upload_ms=21.80 capture_ms=4.31 queue_ms=94.83 gpu_ms=0.02 unpack_ms=3.63 total_ms=124.59
v5_service device=0 lane=0 class=2 jobs=8 rows=21286 cells=142172 reach=682157 reverse=737679 table_mib=26.5 mutable_mib=704.0 max_job_mib=270.1 oldest_ms=163.33 pack_ms=23.77 solve_ms=124.65
v5_device jobs=1 rows=47680 cells=801704 direct=true graph_reused=false upload_ms=23.38 capture_ms=4.40 queue_ms=70.03 gpu_ms=0.02 unpack_ms=7.54 total_ms=105.36
v5_service device=1 lane=1 class=3 jobs=1 rows=47680 cells=801704 reach=801576 reverse=801704 table_mib=41.0 mutable_mib=2048.0 max_job_mib=2111.6 oldest_ms=2039.20 pack_ms=24.07 solve_ms=105.42
v5_device jobs=58 rows=37555 cells=609025 direct=true graph_reused=false upload_ms=72.06 capture_ms=3.91 queue_ms=120.88 gpu_ms=0.03 unpack_ms=9.35 total_ms=206.23
v5_service device=0 lane=1 class=1 jobs=58 rows=37555 cells=609025 reach=1252564 reverse=1422824 table_mib=52.5 mutable_mib=1200.0 max_job_mib=39.4 oldest_ms=163.68 pack_ms=33.75 solve_ms=206.28
v5_device jobs=25 rows=6872 cells=44975 direct=true graph_reused=false upload_ms=5.50 capture_ms=5.52 queue_ms=18.35 gpu_ms=0.02 unpack_ms=1.07 total_ms=30.46
v5_service device=0 lane=0 class=0 jobs=25 rows=6872 cells=44975 reach=158768 reverse=183338 table_mib=7.3 mutable_mib=192.0 max_job_mib=9.2 oldest_ms=312.99 pack_ms=7.83 solve_ms=30.52
v5_device jobs=1 rows=21129 cells=90456 direct=true graph_reused=false upload_ms=4.98 capture_ms=5.60 queue_ms=33.58 gpu_ms=0.01 unpack_ms=0.61 total_ms=44.79
v5_service device=0 lane=0 class=3 jobs=1 rows=21129 cells=90456 reach=90466 reverse=90456 table_mib=9.2 mutable_mib=512.0 max_job_mib=523.9 oldest_ms=321.61 pack_ms=6.85 solve_ms=44.88
v5_device jobs=3 rows=20721 cells=74856 direct=true graph_reused=false upload_ms=11.19 capture_ms=3.83 queue_ms=43.79 gpu_ms=0.01 unpack_ms=1.25 total_ms=60.06
v5_service device=0 lane=1 class=2 jobs=3 rows=20721 cells=74856 reach=253762 reverse=259765 table_mib=14.3 mutable_mib=576.0 max_job_mib=266.8 oldest_ms=411.83 pack_ms=10.25 solve_ms=60.11
v5_device jobs=89 rows=57876 cells=1135851 direct=true graph_reused=false upload_ms=79.38 capture_ms=3.74 queue_ms=116.15 gpu_ms=27.48 unpack_ms=11.27 total_ms=238.02
v5_service device=1 lane=2 class=1 jobs=89 rows=57876 cells=1135851 reach=1408635 reverse=1706292 table_mib=68.6 mutable_mib=1856.0 max_job_mib=39.2 oldest_ms=275.60 pack_ms=63.25 solve_ms=238.08
v5_device jobs=18 rows=11986 cells=362217 direct=true graph_reused=false upload_ms=12.75 capture_ms=4.34 queue_ms=64.03 gpu_ms=0.03 unpack_ms=3.81 total_ms=84.95
v5_service device=1 lane=1 class=1 jobs=18 rows=11986 cells=362217 reach=286738 reverse=362476 table_mib=15.4 mutable_mib=400.0 max_job_mib=37.3 oldest_ms=83.36 pack_ms=9.31 solve_ms=85.01
v5_device jobs=57 rows=40337 cells=621442 direct=true graph_reused=false upload_ms=40.76 capture_ms=4.24 queue_ms=102.56 gpu_ms=0.02 unpack_ms=11.05 total_ms=158.62
v5_service device=1 lane=0 class=1 jobs=57 rows=40337 cells=621442 reach=1121943 reverse=1256229 table_mib=49.5 mutable_mib=1216.0 max_job_mib=37.1 oldest_ms=188.62 pack_ms=45.48 solve_ms=158.69
v5_device jobs=3 rows=755 cells=12025 direct=true graph_reused=false upload_ms=0.43 capture_ms=6.27 queue_ms=27.91 gpu_ms=0.01 unpack_ms=0.21 total_ms=34.82
v5_service device=1 lane=1 class=0 jobs=3 rows=755 cells=12025 reach=11180 reverse=12025 table_mib=0.7 mutable_mib=24.0 max_job_mib=8.5 oldest_ms=185.19 pack_ms=1.41 solve_ms=34.90
v5_device jobs=5 rows=19514 cells=376386 direct=true graph_reused=false upload_ms=19.19 capture_ms=5.65 queue_ms=33.84 gpu_ms=0.02 unpack_ms=2.30 total_ms=60.99
v5_service device=1 lane=2 class=2 jobs=5 rows=19514 cells=376386 reach=408820 reverse=466845 table_mib=19.7 mutable_mib=512.0 max_job_mib=263.0 oldest_ms=594.15 pack_ms=16.52 solve_ms=61.04
v5_device jobs=28 rows=18757 cells=372216 direct=true graph_reused=false upload_ms=20.10 capture_ms=4.09 queue_ms=40.54 gpu_ms=0.02 unpack_ms=4.47 total_ms=69.23
v5_service device=0 lane=0 class=1 jobs=28 rows=18757 cells=372216 reach=422806 reverse=535702 table_mib=22.1 mutable_mib=608.0 max_job_mib=35.7 oldest_ms=79.31 pack_ms=17.62 solve_ms=69.28
v5_device jobs=1 rows=1665 cells=189150 direct=true graph_reused=false upload_ms=3.49 capture_ms=5.84 queue_ms=11.28 gpu_ms=0.02 unpack_ms=0.65 total_ms=21.28
v5_service device=1 lane=1 class=2 jobs=1 rows=1665 cells=189150 reach=148189 reverse=189150 table_mib=6.1 mutable_mib=64.0 max_job_mib=73.3 oldest_ms=189.27 pack_ms=5.96 solve_ms=21.35
v5_device jobs=14 rows=3342 cells=34072 direct=true graph_reused=false upload_ms=3.96 capture_ms=5.05 queue_ms=10.05 gpu_ms=0.01 unpack_ms=0.58 total_ms=19.65
v5_service device=0 lane=0 class=0 jobs=14 rows=3342 cells=34072 reach=76256 reverse=92675 table_mib=3.7 mutable_mib=92.0 max_job_mib=9.0 oldest_ms=171.17 pack_ms=3.81 solve_ms=19.71
v5_device jobs=2 rows=35934 cells=228962 direct=true graph_reused=false upload_ms=31.83 capture_ms=6.46 queue_ms=69.32 gpu_ms=0.03 unpack_ms=5.92 total_ms=113.56
v5_service device=1 lane=2 class=3 jobs=2 rows=35934 cells=228962 reach=655697 reverse=872318 table_mib=32.9 mutable_mib=1024.0 max_job_mib=537.6 oldest_ms=674.18 pack_ms=26.85 solve_ms=113.62
v5_device jobs=11 rows=22736 cells=215887 direct=true graph_reused=false upload_ms=24.97 capture_ms=4.23 queue_ms=67.08 gpu_ms=0.03 unpack_ms=4.35 total_ms=100.66
v5_service device=1 lane=0 class=2 jobs=11 rows=22736 cells=215887 reach=585939 reverse=694067 table_mib=26.3 mutable_mib=768.0 max_job_mib=134.7 oldest_ms=441.68 pack_ms=29.91 solve_ms=100.72
v5_device jobs=22 rows=13899 cells=703840 direct=true graph_reused=false upload_ms=22.84 capture_ms=3.61 queue_ms=45.65 gpu_ms=0.02 unpack_ms=4.85 total_ms=76.96
v5_service device=1 lane=1 class=1 jobs=22 rows=13899 cells=703840 reach=544128 reverse=703840 table_mib=27.1 mutable_mib=464.0 max_job_mib=37.4 oldest_ms=82.78 pack_ms=19.47 solve_ms=77.02
v5_device jobs=1 rows=34100 cells=135174 direct=true graph_reused=false upload_ms=28.33 capture_ms=3.98 queue_ms=73.87 gpu_ms=0.01 unpack_ms=2.12 total_ms=108.31
v5_service device=1 lane=0 class=3 jobs=1 rows=34100 cells=135174 reach=844449 reverse=912939 table_mib=36.2 mutable_mib=1024.0 max_job_mib=1070.2 oldest_ms=570.93 pack_ms=27.70 solve_ms=108.37
v5_device jobs=6 rows=18169 cells=197853 direct=true graph_reused=false upload_ms=7.03 capture_ms=4.03 queue_ms=67.19 gpu_ms=0.01 unpack_ms=1.30 total_ms=79.56
v5_service device=1 lane=2 class=2 jobs=6 rows=18169 cells=197853 reach=249882 reverse=288949 table_mib=13.8 mutable_mib=576.0 max_job_mib=132.5 oldest_ms=77.20 pack_ms=7.47 solve_ms=79.61
v5_device jobs=5 rows=21649 cells=154094 direct=true graph_reused=false upload_ms=14.28 capture_ms=4.59 queue_ms=70.68 gpu_ms=0.01 unpack_ms=2.21 total_ms=91.77
v5_service device=1 lane=1 class=2 jobs=5 rows=21649 cells=154094 reach=383340 reverse=398404 table_mib=19.1 mutable_mib=576.0 max_job_mib=270.1 oldest_ms=184.50 pack_ms=12.51 solve_ms=91.82
v5_device jobs=3 rows=717 cells=17669 direct=true graph_reused=false upload_ms=0.37 capture_ms=5.04 queue_ms=2.48 gpu_ms=0.01 unpack_ms=0.16 total_ms=8.06
v5_service device=1 lane=1 class=0 jobs=3 rows=717 cells=17669 reach=11514 reverse=17669 table_mib=0.8 mutable_mib=20.0 max_job_mib=8.5 oldest_ms=280.60 pack_ms=0.64 solve_ms=8.13
v5_device jobs=27 rows=6416 cells=73506 direct=true graph_reused=false upload_ms=6.94 capture_ms=5.07 queue_ms=20.02 gpu_ms=0.01 unpack_ms=1.43 total_ms=33.47
v5_service device=1 lane=2 class=0 jobs=27 rows=6416 cells=73506 reach=225917 reverse=256927 table_mib=9.2 mutable_mib=184.0 max_job_mib=10.3 oldest_ms=171.81 pack_ms=8.26 solve_ms=33.53
v5_device jobs=8 rows=18719 cells=312213 direct=true graph_reused=false upload_ms=27.14 capture_ms=3.81 queue_ms=408.95 gpu_ms=0.01 unpack_ms=2.31 total_ms=442.22
v5_service device=0 lane=0 class=2 jobs=8 rows=18719 cells=312213 reach=568847 reverse=720167 table_mib=25.2 mutable_mib=576.0 max_job_mib=131.5 oldest_ms=243.75 pack_ms=19.74 solve_ms=442.27
v5_device jobs=1 rows=12194 cells=284503 direct=true graph_reused=false upload_ms=5.34 capture_ms=3.29 queue_ms=164.60 gpu_ms=0.01 unpack_ms=1.43 total_ms=174.67
v5_service device=1 lane=1 class=3 jobs=1 rows=12194 cells=284503 reach=227533 reverse=284503 table_mib=12.8 mutable_mib=512.0 max_job_mib=531.9 oldest_ms=75.24 pack_ms=5.90 solve_ms=174.73
v5_device jobs=54 rows=35145 cells=416441 direct=true graph_reused=false upload_ms=29.81 capture_ms=4.24 queue_ms=154.49 gpu_ms=0.01 unpack_ms=6.29 total_ms=194.84
v5_service device=1 lane=2 class=1 jobs=54 rows=35145 cells=416441 reach=1031548 reverse=1182644 table_mib=44.1 mutable_mib=1072.0 max_job_mib=35.2 oldest_ms=221.67 pack_ms=29.14 solve_ms=194.89
v5_device jobs=6 rows=1643 cells=33383 direct=true graph_reused=false upload_ms=0.81 capture_ms=5.50 queue_ms=21.05 gpu_ms=0.01 unpack_ms=0.39 total_ms=27.77
v5_service device=1 lane=1 class=0 jobs=6 rows=1643 cells=33383 reach=24394 reverse=33383 table_mib=1.7 mutable_mib=48.0 max_job_mib=8.9 oldest_ms=253.22 pack_ms=1.28 solve_ms=27.85
v5_device jobs=3 rows=89150 cells=1534815 direct=true graph_reused=false upload_ms=88.38 capture_ms=4.22 queue_ms=207.41 gpu_ms=0.03 unpack_ms=15.63 total_ms=315.67
v5_service device=1 lane=0 class=3 jobs=3 rows=89150 cells=1534815 reach=1275285 reverse=1541190 table_mib=76.5 mutable_mib=2560.0 max_job_mib=1063.3 oldest_ms=687.99 pack_ms=43.48 solve_ms=315.75
v5_device jobs=22 rows=14832 cells=314427 direct=true graph_reused=false upload_ms=16.78 capture_ms=3.37 queue_ms=39.29 gpu_ms=0.01 unpack_ms=2.99 total_ms=62.44
v5_service device=0 lane=0 class=1 jobs=22 rows=14832 cells=314427 reach=486395 reverse=566729 table_mib=21.1 mutable_mib=496.0 max_job_mib=36.8 oldest_ms=78.26 pack_ms=14.10 solve_ms=62.50
v5_device jobs=1 rows=62062 cells=6057595 direct=true graph_reused=false upload_ms=215.27 capture_ms=3.86 queue_ms=438.33 gpu_ms=0.03 unpack_ms=82.71 total_ms=740.20
v5_service device=0 lane=1 class=3 jobs=1 rows=62062 cells=6057595 reach=4589474 reverse=6057595 table_mib=199.8 mutable_mib=2048.0 max_job_mib=2353.8 oldest_ms=433.76 pack_ms=134.68 solve_ms=740.24
v5_device jobs=149 rows=107228 cells=2980006 direct=true graph_reused=false upload_ms=233.01 capture_ms=3.94 queue_ms=560.34 gpu_ms=0.03 unpack_ms=34.66 total_ms=831.97
v5_service device=0 lane=2 class=1 jobs=149 rows=107228 cells=2980006 reach=4031911 reverse=4749160 table_mib=174.2 mutable_mib=3456.0 max_job_mib=39.3 oldest_ms=173.32 pack_ms=144.61 solve_ms=832.03
v5_device jobs=21 rows=4872 cells=76373 direct=true graph_reused=false upload_ms=2.63 capture_ms=3.76 queue_ms=18.99 gpu_ms=0.01 unpack_ms=0.96 total_ms=26.36
v5_service device=0 lane=0 class=0 jobs=21 rows=4872 cells=76373 reach=113137 reverse=138356 table_mib=5.8 mutable_mib=142.0 max_job_mib=9.5 oldest_ms=164.95 pack_ms=4.21 solve_ms=26.41
v5_device jobs=3 rows=6465 cells=73453 direct=true graph_reused=false upload_ms=6.14 capture_ms=3.78 queue_ms=22.01 gpu_ms=0.02 unpack_ms=1.25 total_ms=33.21
v5_service device=0 lane=0 class=2 jobs=3 rows=6465 cells=73453 reach=205035 reverse=218420 table_mib=8.4 mutable_mib=256.0 max_job_mib=135.1 oldest_ms=196.36 pack_ms=5.92 solve_ms=33.26
v5_device jobs=44 rows=11064 cells=86311 direct=true graph_reused=false upload_ms=5.54 capture_ms=4.29 queue_ms=75.49 gpu_ms=0.02 unpack_ms=1.64 total_ms=86.98
v5_service device=1 lane=0 class=0 jobs=44 rows=11064 cells=86311 reach=196897 reverse=228654 table_mib=10.3 mutable_mib=316.0 max_job_mib=8.7 oldest_ms=76.76 pack_ms=7.45 solve_ms=87.04
v5_device jobs=32 rows=23629 cells=717190 direct=true graph_reused=false upload_ms=21.13 capture_ms=4.02 queue_ms=173.02 gpu_ms=0.05 unpack_ms=10.39 total_ms=208.60
v5_service device=1 lane=1 class=1 jobs=32 rows=23629 cells=717190 reach=602081 reverse=761957 table_mib=32.4 mutable_mib=784.0 max_job_mib=36.9 oldest_ms=293.21 pack_ms=29.37 solve_ms=208.66
v5_device jobs=59 rows=13602 cells=117602 direct=true graph_reused=false upload_ms=15.19 capture_ms=4.02 queue_ms=25.23 gpu_ms=0.03 unpack_ms=3.08 total_ms=47.54
v5_service device=0 lane=1 class=0 jobs=59 rows=13602 cells=117602 reach=272929 reverse=325510 table_mib=13.7 mutable_mib=406.0 max_job_mib=8.8 oldest_ms=76.65 pack_ms=11.26 solve_ms=47.62
v5_device jobs=3 rows=72051 cells=690898 direct=true graph_reused=false upload_ms=72.58 capture_ms=4.26 queue_ms=134.20 gpu_ms=0.04 unpack_ms=14.32 total_ms=225.39
v5_service device=1 lane=2 class=3 jobs=3 rows=72051 cells=690898 reach=1084112 reverse=1222605 table_mib=60.5 mutable_mib=2560.0 max_job_mib=1055.4 oldest_ms=457.08 pack_ms=39.53 solve_ms=225.43
v5_device jobs=1 rows=1809 cells=17602 direct=true graph_reused=false upload_ms=0.75 capture_ms=7.35 queue_ms=1.06 gpu_ms=0.01 unpack_ms=0.12 total_ms=9.29
v5_service device=1 lane=1 class=2 jobs=1 rows=1809 cells=17602 reach=17491 reverse=17602 table_mib=1.1 mutable_mib=64.0 max_job_mib=65.6 oldest_ms=514.57 pack_ms=1.33 solve_ms=9.36
v5_device jobs=1 rows=51749 cells=1014677 direct=true graph_reused=false upload_ms=62.59 capture_ms=5.10 queue_ms=110.37 gpu_ms=0.02 unpack_ms=7.38 total_ms=185.46
v5_service device=0 lane=0 class=3 jobs=1 rows=51749 cells=1014677 reach=789565 reverse=1014677 table_mib=46.5 mutable_mib=2048.0 max_job_mib=2116.1 oldest_ms=185.04 pack_ms=35.22 solve_ms=185.54
v5_device jobs=21 rows=47450 cells=1303365 direct=true graph_reused=false upload_ms=45.94 capture_ms=4.06 queue_ms=153.48 gpu_ms=0.02 unpack_ms=11.95 total_ms=215.45
v5_service device=0 lane=2 class=2 jobs=21 rows=47450 cells=1303365 reach=1069328 reverse=1312457 table_mib=58.3 mutable_mib=1600.0 max_job_mib=260.1 oldest_ms=1182.12 pack_ms=41.42 solve_ms=215.51
v5_device jobs=31 rows=19806 cells=222755 direct=true graph_reused=false upload_ms=17.99 capture_ms=3.83 queue_ms=130.17 gpu_ms=0.01 unpack_ms=3.34 total_ms=155.34
v5_service device=1 lane=2 class=1 jobs=31 rows=19806 cells=222755 reach=487160 reverse=561844 table_mib=22.8 mutable_mib=656.0 max_job_mib=34.1 oldest_ms=78.59 pack_ms=16.08 solve_ms=155.41
v5_device jobs=22 rows=16267 cells=609809 direct=true graph_reused=false upload_ms=30.16 capture_ms=4.62 queue_ms=116.37 gpu_ms=0.02 unpack_ms=5.52 total_ms=156.69
v5_service device=1 lane=1 class=1 jobs=22 rows=16267 cells=609809 reach=540496 reverse=659752 table_mib=26.6 mutable_mib=512.0 max_job_mib=39.4 oldest_ms=81.48 pack_ms=14.92 solve_ms=156.74
v5_device jobs=78 rows=50495 cells=576465 direct=true graph_reused=false upload_ms=78.37 capture_ms=12.19 queue_ms=129.18 gpu_ms=0.02 unpack_ms=10.47 total_ms=230.23
v5_service device=1 lane=0 class=1 jobs=78 rows=50495 cells=576465 reach=1173379 reverse=1355189 table_mib=55.6 mutable_mib=1600.0 max_job_mib=36.3 oldest_ms=195.08 pack_ms=60.39 solve_ms=230.30
v5_device jobs=6 rows=1796 cells=22284 direct=true graph_reused=false upload_ms=0.67 capture_ms=4.84 queue_ms=7.39 gpu_ms=0.01 unpack_ms=0.36 total_ms=13.27
v5_service device=1 lane=1 class=0 jobs=6 rows=1796 cells=22284 reach=19299 reverse=22284 table_mib=1.4 mutable_mib=48.0 max_job_mib=8.8 oldest_ms=261.10 pack_ms=1.13 solve_ms=13.32
v5_device jobs=4 rows=8395 cells=315853 direct=true graph_reused=false upload_ms=9.54 capture_ms=3.57 queue_ms=25.94 gpu_ms=0.02 unpack_ms=1.86 total_ms=40.92
v5_service device=1 lane=1 class=2 jobs=4 rows=8395 cells=315853 reach=276522 reverse=348076 table_mib=13.4 mutable_mib=320.0 max_job_mib=133.1 oldest_ms=263.96 pack_ms=10.23 solve_ms=40.98
v5_device jobs=28 rows=17278 cells=198281 direct=true graph_reused=false upload_ms=26.20 capture_ms=3.90 queue_ms=80.08 gpu_ms=0.02 unpack_ms=5.16 total_ms=115.35
v5_service device=0 lane=0 class=1 jobs=28 rows=17278 cells=198281 reach=755811 reverse=845375 table_mib=28.1 mutable_mib=576.0 max_job_mib=35.0 oldest_ms=79.83 pack_ms=18.12 solve_ms=115.40
v5_device jobs=1 rows=44436 cells=1074356 direct=true graph_reused=false upload_ms=27.85 capture_ms=3.64 queue_ms=139.71 gpu_ms=0.03 unpack_ms=8.45 total_ms=179.68
v5_service device=0 lane=2 class=3 jobs=1 rows=44436 cells=1074356 reach=1066346 reverse=1074356 table_mib=48.0 mutable_mib=1024.0 max_job_mib=1094.7 oldest_ms=1421.74 pack_ms=27.53 solve_ms=179.76
v5_device jobs=91 rows=58611 cells=929402 direct=true graph_reused=false upload_ms=88.25 capture_ms=3.65 queue_ms=207.12 gpu_ms=0.04 unpack_ms=12.55 total_ms=311.60
v5_service device=0 lane=1 class=1 jobs=91 rows=58611 cells=929402 reach=1620798 reverse=1909804 table_mib=73.2 mutable_mib=1840.0 max_job_mib=37.2 oldest_ms=161.52 pack_ms=60.45 solve_ms=311.65
v5_device jobs=12 rows=2812 cells=26093 direct=true graph_reused=false upload_ms=5.75 capture_ms=3.71 queue_ms=16.96 gpu_ms=0.02 unpack_ms=0.72 total_ms=27.16
v5_service device=0 lane=0 class=0 jobs=12 rows=2812 cells=26093 reach=155269 reverse=166870 table_mib=5.4 mutable_mib=86.0 max_job_mib=9.6 oldest_ms=220.27 pack_ms=5.57 solve_ms=27.21
v5_device jobs=3 rows=6097 cells=81972 direct=true graph_reused=false upload_ms=3.50 capture_ms=3.98 queue_ms=13.83 gpu_ms=0.02 unpack_ms=0.90 total_ms=22.23
v5_service device=0 lane=0 class=2 jobs=3 rows=6097 cells=81972 reach=104083 reverse=115850 table_mib=5.5 mutable_mib=192.0 max_job_mib=67.2 oldest_ms=254.40 pack_ms=4.02 solve_ms=22.29
v5_device jobs=13 rows=36694 cells=531188 direct=true graph_reused=false upload_ms=31.90 capture_ms=5.67 queue_ms=81.07 gpu_ms=0.03 unpack_ms=7.01 total_ms=125.67
v5_service device=1 lane=0 class=2 jobs=13 rows=36694 cells=531188 reach=744901 reverse=864883 table_mib=36.2 mutable_mib=1280.0 max_job_mib=270.4 oldest_ms=521.82 pack_ms=28.37 solve_ms=125.73
v5_device jobs=4 rows=9517 cells=81388 direct=true graph_reused=false upload_ms=46.53 capture_ms=4.09 queue_ms=103.18 gpu_ms=0.02 unpack_ms=12.23 total_ms=166.05
v5_service device=1 lane=2 class=2 jobs=4 rows=9517 cells=81388 reach=1097404 reverse=1102643 table_mib=30.7 mutable_mib=384.0 max_job_mib=164.5 oldest_ms=277.02 pack_ms=37.96 solve_ms=166.09
v5_device jobs=13 rows=3332 cells=37722 direct=true graph_reused=false upload_ms=3.47 capture_ms=4.52 queue_ms=23.81 gpu_ms=0.01 unpack_ms=0.76 total_ms=32.58
v5_service device=1 lane=2 class=0 jobs=13 rows=3332 cells=37722 reach=107771 reverse=127515 table_mib=4.6 mutable_mib=96.0 max_job_mib=9.4 oldest_ms=482.31 pack_ms=3.61 solve_ms=32.65
v5_device jobs=6 rows=13734 cells=245010 direct=true graph_reused=false upload_ms=22.65 capture_ms=3.62 queue_ms=63.76 gpu_ms=0.01 unpack_ms=3.74 total_ms=93.79
v5_service device=1 lane=1 class=2 jobs=6 rows=13734 cells=245010 reach=743305 reverse=791069 table_mib=26.0 mutable_mib=448.0 max_job_mib=140.9 oldest_ms=81.08 pack_ms=18.10 solve_ms=93.83
v5_device jobs=20 rows=12502 cells=320320 direct=true graph_reused=false upload_ms=8.67 capture_ms=4.47 queue_ms=38.59 gpu_ms=0.01 unpack_ms=2.53 total_ms=54.29
v5_service device=1 lane=1 class=1 jobs=20 rows=12502 cells=320320 reach=266823 reverse=320441 table_mib=15.1 mutable_mib=416.0 max_job_mib=35.7 oldest_ms=199.25 pack_ms=8.91 solve_ms=54.34
v5_device jobs=1 rows=312 cells=2033 direct=true graph_reused=false upload_ms=0.16 capture_ms=4.00 queue_ms=1.10 gpu_ms=0.01 unpack_ms=0.04 total_ms=5.31
v5_service device=1 lane=1 class=0 jobs=1 rows=312 cells=2033 reach=1467 reverse=2033 table_mib=0.2 mutable_mib=8.0 max_job_mib=8.3 oldest_ms=240.97 pack_ms=0.21 solve_ms=5.36
v5_device jobs=1 rows=14538 cells=645581 direct=true graph_reused=false upload_ms=19.65 capture_ms=3.89 queue_ms=78.25 gpu_ms=0.02 unpack_ms=5.67 total_ms=107.48
v5_service device=1 lane=0 class=3 jobs=1 rows=14538 cells=645581 reach=530389 reverse=645581 table_mib=25.5 mutable_mib=512.0 max_job_mib=554.9 oldest_ms=670.27 pack_ms=22.34 solve_ms=107.55
v5_device jobs=22 rows=17486 cells=254666 direct=true graph_reused=false upload_ms=22.21 capture_ms=3.56 queue_ms=120.24 gpu_ms=0.02 unpack_ms=4.01 total_ms=150.05
v5_service device=0 lane=2 class=1 jobs=22 rows=17486 cells=254666 reach=701976 reverse=742174 table_mib=26.3 mutable_mib=544.0 max_job_mib=35.7 oldest_ms=79.99 pack_ms=17.92 solve_ms=150.11
v5_device jobs=4 rows=1220 cells=7732 direct=true graph_reused=false upload_ms=0.44 capture_ms=4.34 queue_ms=30.14 gpu_ms=0.01 unpack_ms=0.18 total_ms=35.11
v5_service device=0 lane=2 class=0 jobs=4 rows=1220 cells=7732 reach=14045 reverse=14706 table_mib=0.9 mutable_mib=32.0 max_job_mib=8.4 oldest_ms=255.36 pack_ms=4.70 solve_ms=35.18
v5_device jobs=29 rows=19567 cells=275143 direct=true graph_reused=false upload_ms=15.54 capture_ms=5.20 queue_ms=39.71 gpu_ms=0.01 unpack_ms=3.49 total_ms=63.96
v5_service device=1 lane=2 class=1 jobs=29 rows=19567 cells=275143 reach=498495 reverse=581510 table_mib=22.8 mutable_mib=608.0 max_job_mib=38.5 oldest_ms=80.70 pack_ms=13.77 solve_ms=64.01
v5_device jobs=2 rows=40264 cells=1374900 direct=true graph_reused=false upload_ms=34.94 capture_ms=4.31 queue_ms=164.76 gpu_ms=0.02 unpack_ms=7.86 total_ms=211.89
v5_service device=0 lane=0 class=3 jobs=2 rows=40264 cells=1374900 reach=1088513 reverse=1374900 table_mib=52.5 mutable_mib=1536.0 max_job_mib=1091.6 oldest_ms=287.03 pack_ms=43.31 solve_ms=211.96
v5_device jobs=3 rows=4865 cells=33442 direct=true graph_reused=false upload_ms=2.75 capture_ms=5.58 queue_ms=11.63 gpu_ms=0.02 unpack_ms=0.63 total_ms=20.61
v5_service device=0 lane=2 class=2 jobs=3 rows=4865 cells=33442 reach=103971 reverse=105580 table_mib=4.5 mutable_mib=192.0 max_job_mib=67.4 oldest_ms=286.74 pack_ms=4.06 solve_ms=20.69
v5_device jobs=13 rows=3204 cells=13068 direct=true graph_reused=false upload_ms=2.06 capture_ms=3.64 queue_ms=10.24 gpu_ms=0.01 unpack_ms=0.48 total_ms=16.43
v5_service device=1 lane=2 class=0 jobs=13 rows=3204 cells=13068 reach=60291 reverse=72895 table_mib=3.2 mutable_mib=96.0 max_job_mib=8.5 oldest_ms=169.67 pack_ms=2.57 solve_ms=16.47
v5_device jobs=19 rows=48697 cells=472077 direct=true graph_reused=false upload_ms=86.74 capture_ms=4.30 queue_ms=127.20 gpu_ms=0.03 unpack_ms=11.44 total_ms=229.69
v5_service device=0 lane=1 class=2 jobs=19 rows=48697 cells=472077 reach=1681851 reverse=1746703 table_mib=63.2 mutable_mib=1600.0 max_job_mib=292.3 oldest_ms=565.51 pack_ms=55.85 solve_ms=229.73
v5_device jobs=25 rows=15023 cells=272618 direct=true graph_reused=false upload_ms=13.55 capture_ms=4.12 queue_ms=65.54 gpu_ms=0.02 unpack_ms=2.60 total_ms=85.84
v5_service device=1 lane=0 class=1 jobs=25 rows=15023 cells=272618 reach=373121 reverse=445741 table_mib=17.8 mutable_mib=496.0 max_job_mib=35.7 oldest_ms=81.39 pack_ms=13.46 solve_ms=85.91
v5_device jobs=25 rows=17432 cells=848565 direct=true graph_reused=false upload_ms=19.81 capture_ms=4.35 queue_ms=60.46 gpu_ms=0.02 unpack_ms=6.45 total_ms=91.10
v5_service device=1 lane=1 class=1 jobs=25 rows=17432 cells=848565 reach=646000 reverse=849572 table_mib=32.0 mutable_mib=624.0 max_job_mib=37.2 oldest_ms=84.98 pack_ms=18.61 solve_ms=91.15
v5_device jobs=13 rows=3283 cells=32284 direct=true graph_reused=false upload_ms=2.30 capture_ms=4.59 queue_ms=13.35 gpu_ms=0.01 unpack_ms=0.61 total_ms=20.87
v5_service device=1 lane=0 class=0 jobs=13 rows=3283 cells=32284 reach=75842 reverse=89904 table_mib=3.7 mutable_mib=96.0 max_job_mib=8.7 oldest_ms=184.61 pack_ms=4.23 solve_ms=20.93
v5_device jobs=4 rows=1234 cells=23111 direct=true graph_reused=false upload_ms=0.50 capture_ms=4.05 queue_ms=9.21 gpu_ms=0.02 unpack_ms=8.50 total_ms=22.29
v5_service device=1 lane=1 class=0 jobs=4 rows=1234 cells=23111 reach=17770 reverse=23111 table_mib=1.2 mutable_mib=32.0 max_job_mib=8.6 oldest_ms=198.42 pack_ms=0.93 solve_ms=22.34
v5_device jobs=23 rows=6612 cells=122430 direct=true graph_reused=false upload_ms=3.97 capture_ms=4.06 queue_ms=50.75 gpu_ms=0.01 unpack_ms=1.49 total_ms=60.28
v5_service device=0 lane=2 class=0 jobs=23 rows=6612 cells=122430 reach=148209 reverse=170400 table_mib=7.8 mutable_mib=184.0 max_job_mib=9.7 oldest_ms=75.80 pack_ms=5.95 solve_ms=60.34
v5_device jobs=6 rows=18540 cells=216423 direct=true graph_reused=false upload_ms=13.94 capture_ms=4.50 queue_ms=54.16 gpu_ms=0.01 unpack_ms=1.71 total_ms=74.32
v5_service device=0 lane=0 class=2 jobs=6 rows=18540 cells=216423 reach=382205 reverse=419445 table_mib=18.1 mutable_mib=512.0 max_job_mib=135.1 oldest_ms=77.30 pack_ms=10.67 solve_ms=74.43
v5_device jobs=1 rows=74716 cells=336095 direct=true graph_reused=false upload_ms=19.96 capture_ms=3.27 queue_ms=97.80 gpu_ms=0.01 unpack_ms=2.30 total_ms=123.33
v5_service device=0 lane=1 class=3 jobs=1 rows=74716 cells=336095 reach=354121 reverse=354191 table_mib=33.5 mutable_mib=2048.0 max_job_mib=2090.2 oldest_ms=862.64 pack_ms=17.13 solve_ms=123.38
v5_device jobs=5 rows=8935 cells=171858 direct=true graph_reused=false upload_ms=4.06 capture_ms=4.36 queue_ms=71.55 gpu_ms=0.02 unpack_ms=1.40 total_ms=81.38
v5_service device=1 lane=1 class=2 jobs=5 rows=8935 cells=171858 reach=148918 reverse=171858 table_mib=8.4 mutable_mib=320.0 max_job_mib=69.1 oldest_ms=214.33 pack_ms=5.05 solve_ms=81.46
v5_device jobs=4 rows=6393 cells=233419 direct=true graph_reused=false upload_ms=6.99 capture_ms=4.23 queue_ms=64.73 gpu_ms=0.02 unpack_ms=2.94 total_ms=78.91
v5_service device=1 lane=0 class=2 jobs=4 rows=6393 cells=233419 reach=290350 reverse=328409 table_mib=12.9 mutable_mib=256.0 max_job_mib=71.8 oldest_ms=212.78 pack_ms=9.48 solve_ms=78.98
v5_device jobs=30 rows=21454 cells=613176 direct=true graph_reused=false upload_ms=22.04 capture_ms=3.71 queue_ms=81.58 gpu_ms=0.01 unpack_ms=5.58 total_ms=112.91
v5_service device=1 lane=2 class=1 jobs=30 rows=21454 cells=613176 reach=756855 reverse=939070 table_mib=34.1 mutable_mib=688.0 max_job_mib=37.2 oldest_ms=80.62 pack_ms=21.87 solve_ms=112.96
v5_device jobs=9 rows=2080 cells=17628 direct=true graph_reused=false upload_ms=0.95 capture_ms=4.83 queue_ms=5.69 gpu_ms=0.01 unpack_ms=0.28 total_ms=11.75
v5_service device=1 lane=2 class=0 jobs=9 rows=2080 cells=17628 reach=38473 reverse=45295 table_mib=2.0 mutable_mib=64.0 max_job_mib=8.7 oldest_ms=220.58 pack_ms=1.59 solve_ms=11.81
v5_device jobs=20 rows=13629 cells=263617 direct=true graph_reused=false upload_ms=10.16 capture_ms=3.58 queue_ms=47.97 gpu_ms=0.03 unpack_ms=2.89 total_ms=64.62
v5_service device=0 lane=0 class=1 jobs=20 rows=13629 cells=263617 reach=353526 reverse=429758 table_mib=17.4 mutable_mib=464.0 max_job_mib=34.9 oldest_ms=168.16 pack_ms=11.44 solve_ms=64.66
v5_device jobs=12 rows=2568 cells=14647 direct=true graph_reused=false upload_ms=1.03 capture_ms=3.60 queue_ms=11.58 gpu_ms=0.01 unpack_ms=0.42 total_ms=16.65
v5_service device=0 lane=0 class=0 jobs=12 rows=2568 cells=14647 reach=35073 reverse=38038 table_mib=2.1 mutable_mib=69.0 max_job_mib=8.7 oldest_ms=256.46 pack_ms=1.97 solve_ms=16.70
v5_device jobs=4 rows=14499 cells=118185 direct=true graph_reused=false upload_ms=5.18 capture_ms=3.92 queue_ms=35.24 gpu_ms=0.02 unpack_ms=2.16 total_ms=46.52
v5_service device=1 lane=2 class=2 jobs=4 rows=14499 cells=118185 reach=106356 reverse=121254 table_mib=9.7 mutable_mib=448.0 max_job_mib=261.4 oldest_ms=226.51 pack_ms=7.13 solve_ms=46.57
v5_device jobs=45 rows=31691 cells=464072 direct=true graph_reused=false upload_ms=17.19 capture_ms=3.74 queue_ms=47.44 gpu_ms=0.02 unpack_ms=4.42 total_ms=72.82
v5_service device=0 lane=1 class=1 jobs=45 rows=31691 cells=464072 reach=504583 reverse=608155 table_mib=28.3 mutable_mib=1024.0 max_job_mib=35.0 oldest_ms=77.93 pack_ms=18.17 solve_ms=72.88
v5_device jobs=29 rows=7220 cells=105482 direct=true graph_reused=false upload_ms=5.99 capture_ms=4.29 queue_ms=17.24 gpu_ms=0.03 unpack_ms=1.34 total_ms=28.90
v5_service device=1 lane=0 class=0 jobs=29 rows=7220 cells=105482 reach=144190 reverse=171856 table_mib=7.5 mutable_mib=210.0 max_job_mib=8.9 oldest_ms=76.76 pack_ms=6.53 solve_ms=28.96
v5_device jobs=5 rows=10907 cells=201895 direct=true graph_reused=false upload_ms=5.16 capture_ms=3.70 queue_ms=19.69 gpu_ms=0.01 unpack_ms=1.27 total_ms=29.83
v5_service device=0 lane=1 class=2 jobs=5 rows=10907 cells=201895 reach=160125 reverse=201931 table_mib=9.7 mutable_mib=320.0 max_job_mib=68.9 oldest_ms=177.68 pack_ms=6.42 solve_ms=29.90
v5_device jobs=17 rows=4297 cells=34522 direct=true graph_reused=false upload_ms=2.78 capture_ms=3.69 queue_ms=13.67 gpu_ms=0.01 unpack_ms=0.59 total_ms=20.75
v5_service device=0 lane=1 class=0 jobs=17 rows=4297 cells=34522 reach=107742 reverse=122975 table_mib=4.8 mutable_mib=118.0 max_job_mib=9.2 oldest_ms=215.90 pack_ms=3.27 solve_ms=20.81
v5_device jobs=54 rows=36053 cells=509413 direct=true graph_reused=false upload_ms=23.65 capture_ms=5.28 queue_ms=72.17 gpu_ms=0.02 unpack_ms=5.61 total_ms=106.72
v5_service device=1 lane=0 class=1 jobs=54 rows=36053 cells=509413 reach=663982 reverse=795946 table_mib=35.8 mutable_mib=1136.0 max_job_mib=34.9 oldest_ms=126.95 pack_ms=22.49 solve_ms=106.79
v5_device jobs=2 rows=31035 cells=238724 direct=true graph_reused=false upload_ms=23.71 capture_ms=7.28 queue_ms=123.87 gpu_ms=0.02 unpack_ms=3.71 total_ms=158.60
v5_service device=1 lane=2 class=3 jobs=2 rows=31035 cells=238724 reach=554386 reverse=557588 table_mib=27.0 mutable_mib=1024.0 max_job_mib=532.6 oldest_ms=266.46 pack_ms=18.46 solve_ms=158.66
v5_device jobs=1 rows=23731 cells=175627 direct=true graph_reused=false upload_ms=74.59 capture_ms=3.71 queue_ms=147.11 gpu_ms=0.02 unpack_ms=6.67 total_ms=232.10
v5_service device=1 lane=1 class=3 jobs=1 rows=23731 cells=175627 reach=1707626 reverse=1748880 table_mib=51.1 mutable_mib=1024.0 max_job_mib=1096.8 oldest_ms=298.28 pack_ms=37.17 solve_ms=232.15
v5_device jobs=1 rows=64165 cells=538899 direct=true graph_reused=false upload_ms=36.96 capture_ms=3.76 queue_ms=87.25 gpu_ms=0.01 unpack_ms=4.78 total_ms=132.76
v5_service device=1 lane=0 class=3 jobs=1 rows=64165 cells=538899 reach=538844 reverse=538899 table_mib=37.5 mutable_mib=2048.0 max_job_mib=2100.9 oldest_ms=286.78 pack_ms=16.03 solve_ms=132.82
v5_device jobs=26 rows=6370 cells=74310 direct=true graph_reused=false upload_ms=2.40 capture_ms=3.38 queue_ms=109.05 gpu_ms=0.01 unpack_ms=1.08 total_ms=115.92
v5_service device=1 lane=2 class=0 jobs=26 rows=6370 cells=74310 reach=103383 reverse=127877 table_mib=6.0 mutable_mib=182.0 max_job_mib=9.0 oldest_ms=76.75 pack_ms=3.67 solve_ms=115.99
v5_device jobs=1 rows=34972 cells=211507 direct=true graph_reused=false upload_ms=120.12 capture_ms=4.29 queue_ms=206.69 gpu_ms=0.02 unpack_ms=16.51 total_ms=347.63
v5_service device=0 lane=0 class=3 jobs=1 rows=34972 cells=211507 reach=2776473 reverse=2812359 table_mib=80.8 mutable_mib=1024.0 max_job_mib=1140.4 oldest_ms=283.34 pack_ms=46.35 solve_ms=347.69
v5_device jobs=41 rows=26185 cells=672607 direct=true graph_reused=false upload_ms=17.75 capture_ms=4.10 queue_ms=86.10 gpu_ms=0.01 unpack_ms=8.01 total_ms=115.96
v5_service device=1 lane=1 class=1 jobs=41 rows=26185 cells=672607 reach=563794 reverse=714004 table_mib=32.3 mutable_mib=832.0 max_job_mib=37.7 oldest_ms=79.26 pack_ms=15.38 solve_ms=116.07
v5_device jobs=116 rows=78989 cells=2137429 direct=true graph_reused=false upload_ms=147.60 capture_ms=3.53 queue_ms=253.22 gpu_ms=0.02 unpack_ms=30.54 total_ms=434.92
v5_service device=0 lane=2 class=1 jobs=116 rows=78989 cells=2137429 reach=2810516 reverse=3287919 table_mib=122.9 mutable_mib=2688.0 max_job_mib=39.3 oldest_ms=170.41 pack_ms=92.96 solve_ms=434.97
v5_device jobs=3 rows=6365 cells=90425 direct=true graph_reused=false upload_ms=2.96 capture_ms=4.10 queue_ms=11.67 gpu_ms=0.01 unpack_ms=0.95 total_ms=19.70
v5_service device=1 lane=1 class=2 jobs=3 rows=6365 cells=90425 reach=82199 reverse=90582 table_mib=4.9 mutable_mib=256.0 max_job_mib=132.7 oldest_ms=213.68 pack_ms=3.68 solve_ms=19.76
v5_device jobs=5 rows=1456 cells=29508 direct=true graph_reused=false upload_ms=0.83 capture_ms=4.05 queue_ms=11.05 gpu_ms=0.01 unpack_ms=0.44 total_ms=16.39
v5_service device=1 lane=1 class=0 jobs=5 rows=1456 cells=29508 reach=20658 reverse=29508 table_mib=1.7 mutable_mib=40.0 max_job_mib=9.2 oldest_ms=236.50 pack_ms=1.37 solve_ms=16.44
v5_device jobs=18 rows=12925 cells=582481 direct=true graph_reused=false upload_ms=10.75 capture_ms=4.05 queue_ms=47.62 gpu_ms=0.01 unpack_ms=3.85 total_ms=66.27
v5_service device=1 lane=1 class=1 jobs=18 rows=12925 cells=582481 reach=470435 reverse=605803 table_mib=23.5 mutable_mib=432.0 max_job_mib=37.7 oldest_ms=81.98 pack_ms=10.57 solve_ms=66.33
v5_device jobs=56 rows=33912 cells=546000 direct=true graph_reused=false upload_ms=72.69 capture_ms=7.14 queue_ms=91.97 gpu_ms=4.23 unpack_ms=6.93 total_ms=182.96
v5_service device=1 lane=2 class=1 jobs=56 rows=33912 cells=546000 reach=713048 reverse=841214 table_mib=37.2 mutable_mib=1136.0 max_job_mib=35.2 oldest_ms=208.74 pack_ms=47.10 solve_ms=183.03
v5_device jobs=2 rows=67872 cells=2229656 direct=true graph_reused=false upload_ms=98.90 capture_ms=3.50 queue_ms=228.00 gpu_ms=0.02 unpack_ms=10.63 total_ms=341.05
v5_service device=0 lane=0 class=3 jobs=2 rows=67872 cells=2229656 reach=2207199 reverse=2229656 table_mib=89.9 mutable_mib=1536.0 max_job_mib=1141.5 oldest_ms=680.29 pack_ms=75.89 solve_ms=341.10
v5_device jobs=14 rows=29589 cells=650588 direct=true graph_reused=false upload_ms=30.32 capture_ms=5.04 queue_ms=293.07 gpu_ms=0.02 unpack_ms=7.74 total_ms=336.19
v5_service device=0 lane=2 class=2 jobs=14 rows=29589 cells=650588 reach=917667 reverse=1061393 table_mib=41.3 mutable_mib=1024.0 max_job_mib=143.6 oldest_ms=719.97 pack_ms=30.79 solve_ms=336.27
v5_device jobs=5 rows=1127 cells=23298 direct=true graph_reused=false upload_ms=0.45 capture_ms=3.48 queue_ms=204.05 gpu_ms=0.01 unpack_ms=0.23 total_ms=208.22
v5_service device=1 lane=1 class=0 jobs=5 rows=1127 cells=23298 reach=17410 reverse=23298 table_mib=1.1 mutable_mib=34.0 max_job_mib=8.5 oldest_ms=158.38 pack_ms=0.67 solve_ms=208.26
v5_device jobs=11 rows=49511 cells=514281 direct=true graph_reused=false upload_ms=19.40 capture_ms=3.70 queue_ms=150.43 gpu_ms=0.01 unpack_ms=5.42 total_ms=178.96
v5_service device=1 lane=2 class=2 jobs=11 rows=49511 cells=514281 reach=520609 reverse=591052 table_mib=33.8 mutable_mib=1472.0 max_job_mib=269.7 oldest_ms=453.68 pack_ms=20.20 solve_ms=179.02
v5_device jobs=5 rows=8267 cells=239570 direct=true graph_reused=false upload_ms=7.85 capture_ms=4.41 queue_ms=42.98 gpu_ms=0.02 unpack_ms=3.12 total_ms=58.39
v5_service device=1 lane=1 class=2 jobs=5 rows=8267 cells=239570 reach=240835 reverse=274822 table_mib=12.5 mutable_mib=320.0 max_job_mib=72.0 oldest_ms=369.72 pack_ms=8.34 solve_ms=58.48
v5_device jobs=1 rows=30475 cells=668065 direct=true graph_reused=false upload_ms=18.11 capture_ms=3.93 queue_ms=39.88 gpu_ms=0.02 unpack_ms=3.13 total_ms=65.07
v5_service device=1 lane=2 class=3 jobs=1 rows=30475 cells=668065 reach=425847 reverse=668065 table_mib=28.5 mutable_mib=1024.0 max_job_mib=1063.8 oldest_ms=608.44 pack_ms=20.63 solve_ms=65.13
v5_device jobs=1 rows=82832 cells=6445480 direct=true graph_reused=false upload_ms=203.93 capture_ms=4.00 queue_ms=417.59 gpu_ms=0.02 unpack_ms=70.16 total_ms=695.71
v5_service device=0 lane=1 class=3 jobs=1 rows=82832 cells=6445480 reach=5061302 reverse=6445480 table_mib=211.9 mutable_mib=2048.0 max_job_mib=2349.1 oldest_ms=219.82 pack_ms=125.21 solve_ms=695.76
v5_device jobs=24 rows=15909 cells=256665 direct=true graph_reused=false upload_ms=19.48 capture_ms=3.72 queue_ms=44.78 gpu_ms=0.02 unpack_ms=3.21 total_ms=71.21
v5_service device=0 lane=0 class=1 jobs=24 rows=15909 cells=256665 reach=570892 reverse=635159 table_mib=22.7 mutable_mib=480.0 max_job_mib=35.2 oldest_ms=80.41 pack_ms=15.01 solve_ms=71.28
v5_device jobs=4 rows=124925 cells=2120149 direct=true graph_reused=false upload_ms=143.06 capture_ms=6.56 queue_ms=318.85 gpu_ms=0.03 unpack_ms=52.42 total_ms=520.91
v5_service device=1 lane=0 class=3 jobs=4 rows=124925 cells=2120149 reach=2510775 reverse=2521177 table_mib=121.2 mutable_mib=4096.0 max_job_mib=2090.2 oldest_ms=443.08 pack_ms=105.08 solve_ms=520.98
v5_device jobs=4 rows=1119 cells=3715 direct=true graph_reused=false upload_ms=0.57 capture_ms=3.67 queue_ms=4.12 gpu_ms=0.01 unpack_ms=0.18 total_ms=8.54
v5_service device=0 lane=0 class=0 jobs=4 rows=1119 cells=3715 reach=23091 reverse=26977 table_mib=1.1 mutable_mib=32.0 max_job_mib=8.5 oldest_ms=170.18 pack_ms=0.94 solve_ms=8.59
v5_device jobs=59 rows=13410 cells=131454 direct=true graph_reused=false upload_ms=13.72 capture_ms=4.31 queue_ms=47.59 gpu_ms=0.01 unpack_ms=2.08 total_ms=67.71
v5_service device=1 lane=2 class=0 jobs=59 rows=13410 cells=131454 reach=353497 reverse=402414 table_mib=15.8 mutable_mib=400.0 max_job_mib=9.5 oldest_ms=76.63 pack_ms=12.42 solve_ms=67.78
v5_device jobs=32 rows=19238 cells=503932 direct=true graph_reused=false upload_ms=20.81 capture_ms=3.47 queue_ms=75.58 gpu_ms=0.02 unpack_ms=8.65 total_ms=108.53
v5_service device=1 lane=1 class=1 jobs=32 rows=19238 cells=503932 reach=673665 reverse=785025 table_mib=30.8 mutable_mib=688.0 max_job_mib=35.5 oldest_ms=78.22 pack_ms=16.06 solve_ms=108.58
v5_device jobs=7 rows=2146 cells=73775 direct=true graph_reused=false upload_ms=1.43 capture_ms=5.08 queue_ms=31.59 gpu_ms=0.01 unpack_ms=0.46 total_ms=38.58
v5_service device=1 lane=1 class=0 jobs=7 rows=2146 cells=73775 reach=57110 reverse=73775 table_mib=3.0 mutable_mib=56.0 max_job_mib=9.1 oldest_ms=207.82 pack_ms=1.75 solve_ms=38.63
v5_device jobs=8 rows=28264 cells=306481 direct=true graph_reused=false upload_ms=50.81 capture_ms=6.20 queue_ms=51.13 gpu_ms=0.02 unpack_ms=3.77 total_ms=111.93
v5_service device=1 lane=0 class=2 jobs=8 rows=28264 cells=306481 reach=672160 reverse=749336 table_mib=30.4 mutable_mib=832.0 max_job_mib=268.0 oldest_ms=1075.98 pack_ms=30.97 solve_ms=111.99
v5_device jobs=5 rows=21108 cells=243836 direct=true graph_reused=false upload_ms=33.90 capture_ms=4.09 queue_ms=173.96 gpu_ms=0.02 unpack_ms=2.60 total_ms=214.56
v5_service device=0 lane=0 class=2 jobs=5 rows=21108 cells=243836 reach=616885 reverse=667036 table_mib=25.9 mutable_mib=576.0 max_job_mib=267.7 oldest_ms=180.95 pack_ms=18.15 solve_ms=214.63
v5_device jobs=8 rows=21916 cells=727751 direct=true graph_reused=false upload_ms=19.68 capture_ms=3.40 queue_ms=60.56 gpu_ms=0.01 unpack_ms=5.43 total_ms=89.08
v5_service device=1 lane=1 class=2 jobs=8 rows=21916 cells=727751 reach=604614 reverse=728488 table_mib=31.3 mutable_mib=768.0 max_job_mib=267.6 oldest_ms=255.03 pack_ms=19.78 solve_ms=89.14
v5_device jobs=40 rows=24914 cells=336401 direct=true graph_reused=false upload_ms=16.49 capture_ms=3.68 queue_ms=225.04 gpu_ms=0.02 unpack_ms=3.25 total_ms=248.47
v5_service device=0 lane=1 class=1 jobs=40 rows=24914 cells=336401 reach=352130 reverse=418524 table_mib=21.3 mutable_mib=816.0 max_job_mib=33.9 oldest_ms=82.18 pack_ms=14.79 solve_ms=248.54
v5_device jobs=1 rows=61725 cells=3716081 direct=true graph_reused=false upload_ms=146.40 capture_ms=3.67 queue_ms=288.60 gpu_ms=0.02 unpack_ms=54.66 total_ms=493.35
v5_service device=0 lane=2 class=3 jobs=1 rows=61725 cells=3716081 reach=3709611 reverse=3718975 table_mib=137.1 mutable_mib=2048.0 max_job_mib=2259.9 oldest_ms=1096.39 pack_ms=74.45 solve_ms=493.41
v5_device jobs=1 rows=12540 cells=290046 direct=true graph_reused=false upload_ms=6.54 capture_ms=4.24 queue_ms=146.55 gpu_ms=0.02 unpack_ms=2.20 total_ms=159.55
v5_service device=1 lane=1 class=3 jobs=1 rows=12540 cells=290046 reach=287823 reverse=290046 table_mib=13.9 mutable_mib=512.0 max_job_mib=534.3 oldest_ms=310.74 pack_ms=7.66 solve_ms=159.61
v5_device jobs=18 rows=4834 cells=75020 direct=true graph_reused=false upload_ms=4.08 capture_ms=6.98 queue_ms=11.84 gpu_ms=0.02 unpack_ms=1.32 total_ms=24.24
v5_service device=0 lane=1 class=0 jobs=18 rows=4834 cells=75020 reach=133837 reverse=157381 table_mib=6.1 mutable_mib=140.0 max_job_mib=9.1 oldest_ms=426.43 pack_ms=22.71 solve_ms=24.34
v5_device jobs=1 rows=26912 cells=1854203 direct=true graph_reused=false upload_ms=58.46 capture_ms=3.44 queue_ms=65.17 gpu_ms=0.02 unpack_ms=7.14 total_ms=134.22
v5_service device=0 lane=0 class=3 jobs=1 rows=26912 cells=1854203 reach=1212742 reverse=1854203 table_mib=60.8 mutable_mib=1024.0 max_job_mib=1110.4 oldest_ms=402.56 pack_ms=35.07 solve_ms=134.26
v5_device jobs=34 rows=24291 cells=303262 direct=true graph_reused=false upload_ms=44.53 capture_ms=3.80 queue_ms=103.01 gpu_ms=0.01 unpack_ms=6.63 total_ms=157.98
v5_service device=1 lane=0 class=1 jobs=34 rows=24291 cells=303262 reach=791430 reverse=865400 table_mib=32.1 mutable_mib=768.0 max_job_mib=37.8 oldest_ms=80.86 pack_ms=43.22 solve_ms=158.03
v5_device jobs=89 rows=61762 cells=1229924 direct=true graph_reused=false upload_ms=87.49 capture_ms=3.40 queue_ms=186.60 gpu_ms=0.03 unpack_ms=12.51 total_ms=290.03
v5_service device=1 lane=2 class=1 jobs=89 rows=61762 cells=1229924 reach=1711069 reverse=2061082 table_mib=78.8 mutable_mib=2032.0 max_job_mib=37.3 oldest_ms=181.30 pack_ms=59.01 solve_ms=290.08
v5_device jobs=3 rows=8404 cells=116640 direct=true graph_reused=false upload_ms=4.45 capture_ms=6.59 queue_ms=15.49 gpu_ms=0.03 unpack_ms=1.43 total_ms=27.99
v5_service device=0 lane=1 class=2 jobs=3 rows=8404 cells=116640 reach=116288 reverse=116651 table_mib=6.6 mutable_mib=256.0 max_job_mib=134.2 oldest_ms=479.76 pack_ms=6.58 solve_ms=28.06
v5_device jobs=2 rows=45072 cells=626776 direct=true graph_reused=false upload_ms=23.59 capture_ms=3.60 queue_ms=62.31 gpu_ms=0.02 unpack_ms=7.48 total_ms=97.00
v5_service device=0 lane=2 class=3 jobs=2 rows=45072 cells=626776 reach=478136 reverse=626776 table_mib=34.1 mutable_mib=1536.0 max_job_mib=1063.2 oldest_ms=1638.14 pack_ms=20.49 solve_ms=97.07
v5_device jobs=1 rows=26709 cells=269598 direct=true graph_reused=false upload_ms=14.20 capture_ms=3.86 queue_ms=33.79 gpu_ms=0.02 unpack_ms=2.14 total_ms=54.02
v5_service device=1 lane=2 class=3 jobs=1 rows=26709 cells=269598 reach=269572 reverse=269598 table_mib=16.8 mutable_mib=1024.0 max_job_mib=1047.1 oldest_ms=556.34 pack_ms=13.38 solve_ms=54.07
v5_device jobs=28 rows=19401 cells=402190 direct=true graph_reused=false upload_ms=19.51 capture_ms=3.74 queue_ms=43.51 gpu_ms=0.02 unpack_ms=4.29 total_ms=71.07
v5_service device=0 lane=1 class=1 jobs=28 rows=19401 cells=402190 reach=542282 reverse=661060 table_mib=25.3 mutable_mib=608.0 max_job_mib=36.0 oldest_ms=80.84 pack_ms=18.37 solve_ms=71.12
v5_device jobs=33 rows=22359 cells=447852 direct=true graph_reused=false upload_ms=16.71 capture_ms=4.37 queue_ms=96.12 gpu_ms=0.02 unpack_ms=4.47 total_ms=121.69
v5_service device=1 lane=1 class=1 jobs=33 rows=22359 cells=447852 reach=401525 reverse=483273 table_mib=23.0 mutable_mib=720.0 max_job_mib=34.9 oldest_ms=80.63 pack_ms=13.23 solve_ms=121.74
v5_device jobs=15 rows=38469 cells=935558 direct=true graph_reused=false upload_ms=56.52 capture_ms=4.60 queue_ms=79.80 gpu_ms=0.04 unpack_ms=10.97 total_ms=151.93
v5_service device=1 lane=0 class=2 jobs=15 rows=38469 cells=935558 reach=913350 reverse=1138166 table_mib=45.5 mutable_mib=1344.0 max_job_mib=259.8 oldest_ms=319.65 pack_ms=35.80 solve_ms=152.01
v5_device jobs=11 rows=2512 cells=74822 direct=true graph_reused=false upload_ms=3.03 capture_ms=4.28 queue_ms=104.69 gpu_ms=0.01 unpack_ms=0.61 total_ms=112.62
v5_service device=0 lane=1 class=0 jobs=11 rows=2512 cells=74822 reach=76497 reverse=118036 table_mib=4.1 mutable_mib=80.0 max_job_mib=9.6 oldest_ms=175.63 pack_ms=3.19 solve_ms=112.71
v5_device jobs=25 rows=18081 cells=513383 direct=true graph_reused=false upload_ms=22.56 capture_ms=4.54 queue_ms=99.53 gpu_ms=0.04 unpack_ms=5.06 total_ms=131.73
v5_service device=0 lane=2 class=1 jobs=25 rows=18081 cells=513383 reach=555903 reverse=657875 table_mib=26.6 mutable_mib=592.0 max_job_mib=39.6 oldest_ms=83.58 pack_ms=16.18 solve_ms=131.79
v5_device jobs=1 rows=38183 cells=1507331 direct=true graph_reused=false upload_ms=75.52 capture_ms=3.98 queue_ms=136.99 gpu_ms=0.02 unpack_ms=10.79 total_ms=227.29
v5_service device=0 lane=0 class=3 jobs=1 rows=38183 cells=1507331 reach=1494958 reverse=1507331 table_mib=61.5 mutable_mib=1024.0 max_job_mib=1121.4 oldest_ms=82.70 pack_ms=50.47 solve_ms=227.35
v5_device jobs=1 rows=1577 cells=13143 direct=true graph_reused=false upload_ms=0.49 capture_ms=3.92 queue_ms=5.60 gpu_ms=0.01 unpack_ms=0.15 total_ms=10.16
v5_service device=0 lane=0 class=2 jobs=1 rows=1577 cells=13143 reach=11374 reverse=13899 table_mib=1.0 mutable_mib=64.0 max_job_mib=65.7 oldest_ms=341.51 pack_ms=0.79 solve_ms=10.22
v5_device jobs=13 rows=2997 cells=18124 direct=true graph_reused=false upload_ms=3.44 capture_ms=3.59 queue_ms=139.41 gpu_ms=0.01 unpack_ms=0.50 total_ms=146.94
v5_service device=1 lane=0 class=0 jobs=13 rows=2997 cells=18124 reach=85187 reverse=99736 table_mib=3.6 mutable_mib=88.0 max_job_mib=9.4 oldest_ms=519.85 pack_ms=2.87 solve_ms=147.00
v5_device jobs=6 rows=1821 cells=51029 direct=true graph_reused=false upload_ms=1.25 capture_ms=5.94 queue_ms=29.24 gpu_ms=0.01 unpack_ms=0.69 total_ms=37.14
v5_service device=0 lane=2 class=0 jobs=6 rows=1821 cells=51029 reach=40872 reverse=51029 table_mib=2.4 mutable_mib=48.0 max_job_mib=9.7 oldest_ms=255.71 pack_ms=1.94 solve_ms=37.20
v5_device jobs=3 rows=2631 cells=41719 direct=true graph_reused=false upload_ms=1.14 capture_ms=4.07 queue_ms=30.87 gpu_ms=0.01 unpack_ms=0.39 total_ms=36.47
v5_service device=0 lane=0 class=1 jobs=3 rows=2631 cells=41719 reach=61599 reverse=74141 table_mib=2.9 mutable_mib=64.0 max_job_mib=33.8 oldest_ms=332.25 pack_ms=1.97 solve_ms=36.52
v5_device jobs=6 rows=14358 cells=155321 direct=true graph_reused=false upload_ms=9.47 capture_ms=6.55 queue_ms=36.62 gpu_ms=0.02 unpack_ms=2.22 total_ms=54.87
v5_service device=0 lane=1 class=2 jobs=6 rows=14358 cells=155321 reach=181408 reverse=202245 table_mib=11.2 mutable_mib=384.0 max_job_mib=69.1 oldest_ms=309.19 pack_ms=12.01 solve_ms=54.97
v5_device jobs=19 rows=66067 cells=728363 direct=true graph_reused=false upload_ms=80.59 capture_ms=4.27 queue_ms=156.06 gpu_ms=0.02 unpack_ms=8.38 total_ms=249.31
v5_service device=1 lane=2 class=2 jobs=19 rows=66067 cells=728363 reach=1183123 reverse=1440167 table_mib=61.7 mutable_mib=2048.0 max_job_mib=277.1 oldest_ms=633.32 pack_ms=44.69 solve_ms=249.37
v5_device jobs=2 rows=37788 cells=245455 direct=true graph_reused=false upload_ms=18.69 capture_ms=4.85 queue_ms=132.73 gpu_ms=0.03 unpack_ms=11.31 total_ms=167.61
v5_service device=1 lane=1 class=3 jobs=2 rows=37788 cells=245455 reach=242797 reverse=245455 table_mib=26.3 mutable_mib=1536.0 max_job_mib=1063.8 oldest_ms=251.03 pack_ms=18.73 solve_ms=167.67
v5_device jobs=4 rows=7274 cells=381520 direct=true graph_reused=false upload_ms=10.42 capture_ms=4.09 queue_ms=29.10 gpu_ms=0.02 unpack_ms=2.77 total_ms=46.40
v5_service device=1 lane=1 class=2 jobs=4 rows=7274 cells=381520 reach=290856 reverse=381529 table_mib=14.7 mutable_mib=256.0 max_job_mib=72.8 oldest_ms=441.46 pack_ms=11.82 solve_ms=46.45
v5_device jobs=3 rows=770 cells=15491 direct=true graph_reused=false upload_ms=0.43 capture_ms=4.96 queue_ms=22.77 gpu_ms=0.01 unpack_ms=0.27 total_ms=28.45
v5_service device=1 lane=1 class=0 jobs=3 rows=770 cells=15491 reach=13645 reverse=15491 table_mib=0.9 mutable_mib=24.0 max_job_mib=8.9 oldest_ms=489.40 pack_ms=0.58 solve_ms=28.49
v5_device jobs=1 rows=21852 cells=106355 direct=true graph_reused=false upload_ms=11.67 capture_ms=6.01 queue_ms=75.00 gpu_ms=0.02 unpack_ms=2.91 total_ms=95.61
v5_service device=0 lane=1 class=3 jobs=1 rows=21852 cells=106355 reach=106252 reverse=106355 table_mib=11.6 mutable_mib=512.0 max_job_mib=531.7 oldest_ms=374.71 pack_ms=12.27 solve_ms=95.67
v5_device jobs=1 rows=33363 cells=772988 direct=true graph_reused=false upload_ms=21.54 capture_ms=3.98 queue_ms=51.04 gpu_ms=0.02 unpack_ms=4.58 total_ms=81.17
v5_service device=0 lane=2 class=3 jobs=1 rows=33363 cells=772988 reach=619217 reverse=772988 table_mib=33.2 mutable_mib=1024.0 max_job_mib=1071.6 oldest_ms=305.35 pack_ms=24.77 solve_ms=81.21
v5_device jobs=17 rows=11170 cells=130928 direct=true graph_reused=false upload_ms=10.50 capture_ms=3.55 queue_ms=32.82 gpu_ms=0.02 unpack_ms=1.65 total_ms=48.53
v5_service device=1 lane=0 class=1 jobs=17 rows=11170 cells=130928 reach=336316 reverse=363120 table_mib=13.8 mutable_mib=352.0 max_job_mib=34.7 oldest_ms=78.37 pack_ms=9.88 solve_ms=48.58
v5_device jobs=25 rows=18727 cells=491285 direct=true graph_reused=false upload_ms=25.54 capture_ms=6.81 queue_ms=43.49 gpu_ms=0.02 unpack_ms=3.74 total_ms=79.59
v5_service device=0 lane=0 class=1 jobs=25 rows=18727 cells=491285 reach=683791 reverse=819775 table_mib=29.0 mutable_mib=560.0 max_job_mib=37.5 oldest_ms=86.44 pack_ms=20.80 solve_ms=79.66
v5_device jobs=6 rows=1813 cells=10254 direct=true graph_reused=false upload_ms=1.04 capture_ms=4.98 queue_ms=7.12 gpu_ms=0.01 unpack_ms=0.34 total_ms=13.49
v5_service device=0 lane=0 class=0 jobs=6 rows=1813 cells=10254 reach=45108 reverse=50604 table_mib=2.0 mutable_mib=48.0 max_job_mib=8.7 oldest_ms=186.75 pack_ms=1.91 solve_ms=13.54
v5_device jobs=3 rows=5899 cells=38743 direct=true graph_reused=false upload_ms=1.30 capture_ms=4.19 queue_ms=16.71 gpu_ms=0.01 unpack_ms=0.42 total_ms=22.62
v5_service device=0 lane=0 class=2 jobs=3 rows=5899 cells=38743 reach=35729 reverse=38978 table_mib=3.0 mutable_mib=192.0 max_job_mib=65.9 oldest_ms=200.88 pack_ms=1.91 solve_ms=22.68
v5_device jobs=38 rows=9389 cells=166606 direct=true graph_reused=false upload_ms=6.57 capture_ms=3.58 queue_ms=25.74 gpu_ms=0.01 unpack_ms=1.27 total_ms=37.17
v5_service device=0 lane=1 class=0 jobs=38 rows=9389 cells=166606 reach=228625 reverse=302996 table_mib=11.6 mutable_mib=268.0 max_job_mib=10.0 oldest_ms=76.36 pack_ms=7.79 solve_ms=37.22
v5_device jobs=1 rows=58592 cells=294210 direct=true graph_reused=false upload_ms=91.14 capture_ms=3.45 queue_ms=101.85 gpu_ms=0.02 unpack_ms=4.78 total_ms=201.24
v5_service device=1 lane=2 class=3 jobs=1 rows=58592 cells=294210 reach=1311771 reverse=1869534 table_mib=66.6 mutable_mib=2048.0 max_job_mib=2130.0 oldest_ms=908.82 pack_ms=45.59 solve_ms=201.29
v5_device jobs=4 rows=10471 cells=91382 direct=true graph_reused=false upload_ms=16.63 capture_ms=3.96 queue_ms=125.84 gpu_ms=0.01 unpack_ms=1.10 total_ms=147.54
v5_service device=1 lane=0 class=2 jobs=4 rows=10471 cells=91382 reach=123326 reverse=135092 table_mib=7.8 mutable_mib=320.0 max_job_mib=131.3 oldest_ms=138.80 pack_ms=5.75 solve_ms=147.60
v5_device jobs=25 rows=17560 cells=477658 direct=true graph_reused=false upload_ms=12.53 capture_ms=4.13 queue_ms=53.60 gpu_ms=0.01 unpack_ms=3.97 total_ms=74.25
v5_service device=1 lane=1 class=1 jobs=25 rows=17560 cells=477658 reach=386419 reverse=495070 table_mib=21.8 mutable_mib=528.0 max_job_mib=38.6 oldest_ms=82.98 pack_ms=12.54 solve_ms=74.31
v5_device jobs=26 rows=17206 cells=502580 direct=true graph_reused=false upload_ms=17.51 capture_ms=3.33 queue_ms=47.85 gpu_ms=0.02 unpack_ms=4.63 total_ms=73.35
v5_service device=0 lane=2 class=1 jobs=26 rows=17206 cells=502580 reach=637693 reverse=749589 table_mib=27.7 mutable_mib=576.0 max_job_mib=36.7 oldest_ms=85.73 pack_ms=18.41 solve_ms=73.40
v5_device jobs=3 rows=898 cells=8285 direct=true graph_reused=false upload_ms=0.51 capture_ms=3.81 queue_ms=5.31 gpu_ms=0.01 unpack_ms=0.19 total_ms=9.83
v5_service device=0 lane=2 class=0 jobs=3 rows=898 cells=8285 reach=21978 reverse=23829 table_mib=1.0 mutable_mib=24.0 max_job_mib=8.7 oldest_ms=177.38 pack_ms=1.41 solve_ms=9.87
v5_device jobs=4 rows=1076 cells=16920 direct=true graph_reused=false upload_ms=1.03 capture_ms=3.82 queue_ms=18.47 gpu_ms=0.01 unpack_ms=0.35 total_ms=23.68
v5_service device=1 lane=1 class=0 jobs=4 rows=1076 cells=16920 reach=61925 reverse=64742 table_mib=2.1 mutable_mib=32.0 max_job_mib=9.7 oldest_ms=173.14 pack_ms=1.45 solve_ms=23.71
v5_device jobs=16 rows=4223 cells=31202 direct=true graph_reused=false upload_ms=4.44 capture_ms=9.04 queue_ms=18.15 gpu_ms=0.01 unpack_ms=0.75 total_ms=32.39
v5_service device=1 lane=0 class=0 jobs=16 rows=4223 cells=31202 reach=148078 reverse=168712 table_mib=5.9 mutable_mib=116.0 max_job_mib=9.4 oldest_ms=293.06 pack_ms=5.53 solve_ms=32.47
v5_device jobs=40 rows=9390 cells=63700 direct=true graph_reused=false upload_ms=8.05 capture_ms=6.60 queue_ms=17.56 gpu_ms=0.02 unpack_ms=1.36 total_ms=33.59
v5_service device=0 lane=0 class=0 jobs=40 rows=9390 cells=63700 reach=207031 reverse=234144 table_mib=9.7 mutable_mib=286.0 max_job_mib=9.0 oldest_ms=76.96 pack_ms=10.35 solve_ms=33.67
v5_device jobs=6 rows=11984 cells=144620 direct=true graph_reused=false upload_ms=12.22 capture_ms=3.59 queue_ms=28.38 gpu_ms=0.03 unpack_ms=2.42 total_ms=46.63
v5_service device=1 lane=1 class=2 jobs=6 rows=11984 cells=144620 reach=427831 reverse=435703 table_mib=15.7 mutable_mib=384.0 max_job_mib=71.9 oldest_ms=190.42 pack_ms=8.95 solve_ms=46.69
v5_device jobs=1 rows=12960 cells=207313 direct=true graph_reused=false upload_ms=6.02 capture_ms=4.78 queue_ms=75.59 gpu_ms=0.02 unpack_ms=0.67 total_ms=87.08
v5_service device=1 lane=1 class=3 jobs=1 rows=12960 cells=207313 reach=153900 reverse=207313 table_mib=9.9 mutable_mib=512.0 max_job_mib=525.2 oldest_ms=213.93 pack_ms=6.25 solve_ms=87.15
v5_device jobs=25 rows=17478 cells=224059 direct=true graph_reused=false upload_ms=10.43 capture_ms=4.24 queue_ms=50.33 gpu_ms=0.01 unpack_ms=2.72 total_ms=67.73
v5_service device=1 lane=0 class=1 jobs=25 rows=17478 cells=224059 reach=306330 reverse=347752 table_mib=16.4 mutable_mib=560.0 max_job_mib=34.4 oldest_ms=79.09 pack_ms=12.03 solve_ms=67.80
v5_device jobs=35 rows=24086 cells=322875 direct=true graph_reused=false upload_ms=24.86 capture_ms=4.38 queue_ms=85.35 gpu_ms=0.01 unpack_ms=4.16 total_ms=118.75
v5_service device=1 lane=2 class=1 jobs=35 rows=24086 cells=322875 reach=628641 reverse=721461 table_mib=28.2 mutable_mib=736.0 max_job_mib=36.1 oldest_ms=81.23 pack_ms=19.90 solve_ms=118.80
v5_device jobs=11 rows=2697 cells=33670 direct=true graph_reused=false upload_ms=1.65 capture_ms=3.88 queue_ms=8.38 gpu_ms=0.01 unpack_ms=0.40 total_ms=14.32
v5_service device=1 lane=0 class=0 jobs=11 rows=2697 cells=33670 reach=64765 reverse=76712 table_mib=3.1 mutable_mib=80.0 max_job_mib=8.7 oldest_ms=163.17 pack_ms=3.61 solve_ms=14.37
v5_device jobs=7 rows=18536 cells=192233 direct=true graph_reused=false upload_ms=10.88 capture_ms=4.35 queue_ms=42.95 gpu_ms=0.02 unpack_ms=1.89 total_ms=60.09
v5_service device=1 lane=2 class=2 jobs=7 rows=18536 cells=192233 reach=230500 reverse=253274 table_mib=13.6 mutable_mib=640.0 max_job_mib=262.7 oldest_ms=232.65 pack_ms=10.17 solve_ms=60.14
v5_device jobs=5 rows=13659 cells=122941 direct=true graph_reused=false upload_ms=6.33 capture_ms=4.10 queue_ms=40.06 gpu_ms=0.01 unpack_ms=1.50 total_ms=52.01
v5_service device=1 lane=0 class=2 jobs=5 rows=13659 cells=122941 reach=166161 reverse=177001 table_mib=9.9 mutable_mib=448.0 max_job_mib=132.0 oldest_ms=173.83 pack_ms=7.78 solve_ms=52.05
v5_device jobs=14 rows=30338 cells=908042 direct=true graph_reused=false upload_ms=27.03 capture_ms=3.98 queue_ms=116.59 gpu_ms=0.02 unpack_ms=9.22 total_ms=156.84
v5_service device=0 lane=2 class=2 jobs=14 rows=30338 cells=908042 reach=812026 reverse=1006496 table_mib=42.6 mutable_mib=1152.0 max_job_mib=262.8 oldest_ms=83.46 pack_ms=25.88 solve_ms=156.91
v5_device jobs=83 rows=57601 cells=1004644 direct=true graph_reused=false upload_ms=93.94 capture_ms=3.75 queue_ms=170.43 gpu_ms=0.01 unpack_ms=12.29 total_ms=280.42
v5_service device=0 lane=1 class=1 jobs=83 rows=57601 cells=1004644 reach=1716490 reverse=2022674 table_mib=75.5 mutable_mib=1856.0 max_job_mib=38.5 oldest_ms=140.18 pack_ms=54.65 solve_ms=280.47
v5_device jobs=19 rows=4612 cells=40905 direct=true graph_reused=false upload_ms=8.81 capture_ms=3.83 queue_ms=52.88 gpu_ms=0.01 unpack_ms=0.74 total_ms=66.27
v5_service device=1 lane=2 class=0 jobs=19 rows=4612 cells=40905 reach=102328 reverse=123766 table_mib=5.0 mutable_mib=138.0 max_job_mib=8.8 oldest_ms=305.23 pack_ms=3.88 solve_ms=66.32
v5_device jobs=30 rows=19237 cells=354555 direct=true graph_reused=false upload_ms=17.83 capture_ms=4.39 queue_ms=54.33 gpu_ms=0.02 unpack_ms=5.65 total_ms=82.22
v5_service device=1 lane=1 class=1 jobs=30 rows=19237 cells=354555 reach=471240 reverse=534587 table_mib=24.0 mutable_mib=656.0 max_job_mib=35.3 oldest_ms=79.85 pack_ms=17.42 solve_ms=82.28
v5_device jobs=5 rows=11543 cells=229659 direct=true graph_reused=false upload_ms=8.66 capture_ms=4.13 queue_ms=23.69 gpu_ms=0.02 unpack_ms=1.68 total_ms=38.18
v5_service device=1 lane=0 class=2 jobs=5 rows=11543 cells=229659 reach=190597 reverse=229680 table_mib=11.1 mutable_mib=448.0 max_job_mib=134.1 oldest_ms=81.43 pack_ms=9.25 solve_ms=38.25
v5_device jobs=6 rows=12197 cells=355682 direct=true graph_reused=false upload_ms=8.34 capture_ms=4.19 queue_ms=29.70 gpu_ms=0.02 unpack_ms=3.18 total_ms=45.43
v5_service device=1 lane=1 class=2 jobs=6 rows=12197 cells=355682 reach=274198 reverse=355682 table_mib=15.3 mutable_mib=448.0 max_job_mib=132.3 oldest_ms=201.39 pack_ms=9.44 solve_ms=45.50
v5_device jobs=33 rows=22061 cells=773466 direct=true graph_reused=false upload_ms=32.55 capture_ms=4.23 queue_ms=84.11 gpu_ms=0.02 unpack_ms=6.97 total_ms=127.88
v5_service device=0 lane=2 class=1 jobs=33 rows=22061 cells=773466 reach=982484 reverse=1166828 table_mib=41.0 mutable_mib=768.0 max_job_mib=36.9 oldest_ms=276.44 pack_ms=26.37 solve_ms=127.94
v5_device jobs=8 rows=2160 cells=33782 direct=true graph_reused=false upload_ms=0.75 capture_ms=5.24 queue_ms=47.06 gpu_ms=0.01 unpack_ms=0.34 total_ms=53.39
v5_service device=1 lane=1 class=0 jobs=8 rows=2160 cells=33782 reach=26270 reverse=33782 table_mib=1.9 mutable_mib=64.0 max_job_mib=8.7 oldest_ms=252.94 pack_ms=1.30 solve_ms=53.46
v5_device jobs=5 rows=1462 cells=9959 direct=true graph_reused=false upload_ms=0.57 capture_ms=5.35 queue_ms=13.11 gpu_ms=0.02 unpack_ms=0.28 total_ms=19.33
v5_service device=0 lane=2 class=0 jobs=5 rows=1462 cells=9959 reach=16245 reverse=17417 table_mib=1.1 mutable_mib=36.0 max_job_mib=8.5 oldest_ms=478.05 pack_ms=0.97 solve_ms=19.39
v5_device jobs=33 rows=23679 cells=321777 direct=true graph_reused=false upload_ms=21.66 capture_ms=5.50 queue_ms=66.49 gpu_ms=0.02 unpack_ms=3.94 total_ms=97.60
v5_service device=1 lane=0 class=1 jobs=33 rows=23679 cells=321777 reach=535572 reverse=622760 table_mib=25.1 mutable_mib=736.0 max_job_mib=36.2 oldest_ms=132.99 pack_ms=16.94 solve_ms=97.67
v5_device jobs=26 rows=18259 cells=307371 direct=true graph_reused=false upload_ms=17.76 capture_ms=3.84 queue_ms=52.41 gpu_ms=0.01 unpack_ms=3.52 total_ms=77.55
v5_service device=1 lane=2 class=1 jobs=26 rows=18259 cells=307371 reach=394015 reverse=467893 table_mib=19.7 mutable_mib=560.0 max_job_mib=35.0 oldest_ms=79.49 pack_ms=16.36 solve_ms=77.61
v5_device jobs=19 rows=45908 cells=1320848 direct=true graph_reused=false upload_ms=65.07 capture_ms=4.59 queue_ms=91.53 gpu_ms=0.03 unpack_ms=8.90 total_ms=170.11
v5_service device=0 lane=1 class=2 jobs=19 rows=45908 cells=1320848 reach=1058046 reverse=1367570 table_mib=56.2 mutable_mib=1472.0 max_job_mib=142.0 oldest_ms=505.68 pack_ms=42.39 solve_ms=170.17
v5_device jobs=96 rows=69084 cells=1204422 direct=true graph_reused=false upload_ms=119.85 capture_ms=4.63 queue_ms=208.64 gpu_ms=0.02 unpack_ms=58.58 total_ms=391.73
v5_service device=0 lane=0 class=1 jobs=96 rows=69084 cells=1204422 reach=2043163 reverse=2365024 table_mib=89.3 mutable_mib=2112.0 max_job_mib=39.0 oldest_ms=161.60 pack_ms=63.67 solve_ms=391.81
v5_device jobs=24 rows=6027 cells=44156 direct=true graph_reused=false upload_ms=3.91 capture_ms=7.13 queue_ms=13.07 gpu_ms=0.02 unpack_ms=1.23 total_ms=25.36
v5_service device=1 lane=0 class=0 jobs=24 rows=6027 cells=44156 reach=104732 reverse=132573 table_mib=5.8 mutable_mib=172.0 max_job_mib=8.8 oldest_ms=258.65 pack_ms=10.51 solve_ms=25.44
v5_device jobs=4 rows=10611 cells=120919 direct=true graph_reused=false upload_ms=21.07 capture_ms=5.49 queue_ms=112.33 gpu_ms=0.02 unpack_ms=1.34 total_ms=140.25
v5_service device=1 lane=2 class=2 jobs=4 rows=10611 cells=120919 reach=197938 reverse=256305 table_mib=10.5 mutable_mib=320.0 max_job_mib=134.2 oldest_ms=221.78 pack_ms=18.01 solve_ms=140.33
v5_device jobs=20 rows=15090 cells=342113 direct=true graph_reused=false upload_ms=13.25 capture_ms=4.90 queue_ms=46.57 gpu_ms=0.01 unpack_ms=5.89 total_ms=70.61
v5_service device=1 lane=0 class=1 jobs=20 rows=15090 cells=342113 reach=456476 reverse=526963 table_mib=20.4 mutable_mib=480.0 max_job_mib=36.5 oldest_ms=80.76 pack_ms=14.62 solve_ms=70.68
v5_device jobs=1 rows=46392 cells=1028417 direct=true graph_reused=false upload_ms=78.19 capture_ms=4.15 queue_ms=122.05 gpu_ms=0.02 unpack_ms=8.58 total_ms=212.99
v5_service device=1 lane=1 class=3 jobs=1 rows=46392 cells=1028417 reach=1018370 reverse=1028417 table_mib=48.2 mutable_mib=1024.0 max_job_mib=1098.1 oldest_ms=302.57 pack_ms=31.75 solve_ms=213.05
v5_device jobs=4 rows=1296 cells=21200 direct=true graph_reused=false upload_ms=1.06 capture_ms=8.99 queue_ms=1.36 gpu_ms=0.02 unpack_ms=4.37 total_ms=15.80
v5_service device=1 lane=2 class=0 jobs=4 rows=1296 cells=21200 reach=33533 reverse=37087 table_mib=1.5 mutable_mib=32.0 max_job_mib=8.8 oldest_ms=379.53 pack_ms=1.75 solve_ms=15.92
v5_device jobs=8 rows=21278 cells=127716 direct=true graph_reused=false upload_ms=16.69 capture_ms=3.60 queue_ms=113.50 gpu_ms=0.02 unpack_ms=2.73 total_ms=136.54
v5_service device=0 lane=2 class=2 jobs=8 rows=21278 cells=127716 reach=476936 reverse=485898 table_mib=20.3 mutable_mib=640.0 max_job_mib=132.0 oldest_ms=78.52 pack_ms=18.85 solve_ms=136.59
v5_device jobs=12 rows=26746 cells=180160 direct=true graph_reused=false upload_ms=47.22 capture_ms=4.92 queue_ms=76.75 gpu_ms=0.01 unpack_ms=4.75 total_ms=133.65
v5_service device=0 lane=0 class=2 jobs=12 rows=26746 cells=180160 reach=765235 reverse=784030 table_mib=29.0 mutable_mib=1024.0 max_job_mib=259.6 oldest_ms=658.65 pack_ms=29.31 solve_ms=133.72
v5_device jobs=9 rows=18081 cells=244857 direct=true graph_reused=false upload_ms=11.10 capture_ms=4.49 queue_ms=92.73 gpu_ms=0.02 unpack_ms=4.45 total_ms=112.79
v5_service device=0 lane=1 class=2 jobs=9 rows=18081 cells=244857 reach=227530 reverse=246103 table_mib=15.7 mutable_mib=640.0 max_job_mib=132.9 oldest_ms=77.76 pack_ms=10.67 solve_ms=112.86
v5_device jobs=8 rows=1397 cells=16847 direct=true graph_reused=false upload_ms=1.63 capture_ms=7.24 queue_ms=7.51 gpu_ms=0.02 unpack_ms=0.37 total_ms=16.76
v5_service device=1 lane=0 class=0 jobs=8 rows=1397 cells=16847 reach=59459 reverse=66873 table_mib=2.3 mutable_mib=42.0 max_job_mib=8.9 oldest_ms=164.62 pack_ms=2.70 solve_ms=16.82
v5_device jobs=1 rows=12112 cells=57056 direct=true graph_reused=false upload_ms=11.74 capture_ms=3.82 queue_ms=19.13 gpu_ms=0.02 unpack_ms=0.86 total_ms=35.58
v5_service device=1 lane=0 class=3 jobs=1 rows=12112 cells=57056 reach=241232 reverse=292570 table_mib=11.9 mutable_mib=512.0 max_job_mib=526.7 oldest_ms=172.30 pack_ms=8.28 solve_ms=35.64
v5_device jobs=1 rows=2426 cells=18339 direct=true graph_reused=false upload_ms=0.66 capture_ms=3.77 queue_ms=6.32 gpu_ms=0.01 unpack_ms=0.11 total_ms=10.86
v5_service device=1 lane=0 class=2 jobs=1 rows=2426 cells=18339 reach=14015 reverse=18339 table_mib=1.3 mutable_mib=64.0 max_job_mib=65.9 oldest_ms=159.17 pack_ms=1.04 solve_ms=10.91
v5_device jobs=33 rows=23550 cells=611923 direct=true graph_reused=false upload_ms=22.90 capture_ms=4.13 queue_ms=46.43 gpu_ms=0.02 unpack_ms=4.04 total_ms=77.52
v5_service device=0 lane=1 class=1 jobs=33 rows=23550 cells=611923 reach=592983 reverse=793133 table_mib=30.4 mutable_mib=752.0 max_job_mib=38.4 oldest_ms=207.68 pack_ms=24.08 solve_ms=77.59
v5_device jobs=32 rows=8116 cells=95775 direct=true graph_reused=false upload_ms=5.89 capture_ms=5.90 queue_ms=42.86 gpu_ms=0.02 unpack_ms=1.61 total_ms=56.28
v5_service device=1 lane=2 class=0 jobs=32 rows=8116 cells=95775 reach=140238 reverse=178044 table_mib=8.1 mutable_mib=230.0 max_job_mib=9.5 oldest_ms=76.45 pack_ms=8.33 solve_ms=56.33
v5_device jobs=25 rows=17339 cells=463735 direct=true graph_reused=false upload_ms=10.02 capture_ms=4.15 queue_ms=43.70 gpu_ms=0.02 unpack_ms=4.29 total_ms=62.18
v5_service device=1 lane=1 class=1 jobs=25 rows=17339 cells=463735 reach=369822 reverse=464438 table_mib=20.3 mutable_mib=512.0 max_job_mib=35.6 oldest_ms=81.69 pack_ms=10.30 solve_ms=62.23
v5_device jobs=9 rows=2634 cells=26851 direct=true graph_reused=false upload_ms=0.72 capture_ms=3.37 queue_ms=9.97 gpu_ms=0.02 unpack_ms=0.47 total_ms=14.55
v5_service device=1 lane=1 class=0 jobs=9 rows=2634 cells=26851 reach=22093 reverse=26851 table_mib=1.8 mutable_mib=68.0 max_job_mib=8.9 oldest_ms=158.08 pack_ms=2.44 solve_ms=14.60
v5_device jobs=2 rows=3243 cells=100913 direct=true graph_reused=false upload_ms=2.11 capture_ms=4.59 queue_ms=56.45 gpu_ms=0.01 unpack_ms=0.62 total_ms=63.79
v5_service device=1 lane=1 class=2 jobs=2 rows=3243 cells=100913 reach=84967 reverse=100939 table_mib=4.3 mutable_mib=128.0 max_job_mib=69.0 oldest_ms=170.45 pack_ms=2.81 solve_ms=63.84
v5_device jobs=28 rows=18884 cells=298683 direct=true graph_reused=false upload_ms=21.12 capture_ms=4.60 queue_ms=51.97 gpu_ms=0.01 unpack_ms=2.46 total_ms=80.16
v5_service device=1 lane=0 class=1 jobs=28 rows=18884 cells=298683 reach=554912 reverse=612899 table_mib=23.2 mutable_mib=672.0 max_job_mib=36.0 oldest_ms=80.41 pack_ms=16.65 solve_ms=80.22
v5_device jobs=33 rows=7830 cells=79202 direct=true graph_reused=false upload_ms=4.43 capture_ms=5.24 queue_ms=46.46 gpu_ms=0.01 unpack_ms=7.51 total_ms=63.63
v5_service device=1 lane=0 class=0 jobs=33 rows=7830 cells=79202 reach=168209 reverse=202183 table_mib=8.5 mutable_mib=226.0 max_job_mib=8.9 oldest_ms=181.70 pack_ms=5.68 solve_ms=63.68
v5_device jobs=56 rows=40682 cells=604406 direct=true graph_reused=false upload_ms=41.28 capture_ms=3.34 queue_ms=75.54 gpu_ms=0.01 unpack_ms=6.22 total_ms=126.39
v5_service device=1 lane=2 class=1 jobs=56 rows=40682 cells=604406 reach=776340 reverse=906565 table_mib=40.3 mutable_mib=1264.0 max_job_mib=35.7 oldest_ms=155.51 pack_ms=43.39 solve_ms=126.45
v5_device jobs=13 rows=3164 cells=39308 direct=true graph_reused=false upload_ms=15.07 capture_ms=6.86 queue_ms=196.88 gpu_ms=0.01 unpack_ms=0.80 total_ms=219.63
v5_service device=0 lane=1 class=0 jobs=13 rows=3164 cells=39308 reach=86504 reverse=102351 table_mib=4.0 mutable_mib=92.0 max_job_mib=8.9 oldest_ms=326.69 pack_ms=4.10 solve_ms=219.71
v5_device jobs=5 rows=121724 cells=1157327 direct=true graph_reused=false upload_ms=120.96 capture_ms=4.04 queue_ms=178.97 gpu_ms=0.03 unpack_ms=11.58 total_ms=315.59
v5_service device=0 lane=0 class=3 jobs=5 rows=121724 cells=1157327 reach=1439564 reverse=1478635 table_mib=83.3 mutable_mib=3584.0 max_job_mib=1062.9 oldest_ms=828.12 pack_ms=66.02 solve_ms=315.66
v5_device jobs=78 rows=53070 cells=1205302 direct=true graph_reused=false upload_ms=82.88 capture_ms=4.13 queue_ms=228.36 gpu_ms=0.02 unpack_ms=13.40 total_ms=328.79
v5_service device=0 lane=2 class=1 jobs=78 rows=53070 cells=1205302 reach=1556337 reverse=1821096 table_mib=72.5 mutable_mib=1648.0 max_job_mib=37.7 oldest_ms=260.03 pack_ms=50.82 solve_ms=328.85
v5_device jobs=7 rows=1619 cells=115277 direct=true graph_reused=false upload_ms=1.79 capture_ms=3.96 queue_ms=18.28 gpu_ms=0.01 unpack_ms=0.69 total_ms=24.73
v5_service device=0 lane=2 class=0 jobs=7 rows=1619 cells=115277 reach=74839 reverse=115277 table_mib=4.2 mutable_mib=56.0 max_job_mib=10.7 oldest_ms=651.00 pack_ms=3.80 solve_ms=24.79
v5_device jobs=5 rows=10969 cells=134546 direct=true graph_reused=false upload_ms=4.46 capture_ms=4.64 queue_ms=128.03 gpu_ms=0.01 unpack_ms=1.25 total_ms=138.40
v5_service device=1 lane=0 class=2 jobs=5 rows=10969 cells=134546 reach=128038 reverse=134739 table_mib=8.1 mutable_mib=384.0 max_job_mib=131.4 oldest_ms=248.63 pack_ms=6.06 solve_ms=138.47
v5_device jobs=37 rows=27462 cells=441120 direct=true graph_reused=false upload_ms=16.96 capture_ms=4.54 queue_ms=123.58 gpu_ms=0.02 unpack_ms=5.50 total_ms=150.60
v5_service device=1 lane=1 class=1 jobs=37 rows=27462 cells=441120 reach=428780 reverse=501242 table_mib=25.7 mutable_mib=880.0 max_job_mib=37.5 oldest_ms=78.84 pack_ms=16.30 solve_ms=150.66
v5_device jobs=4 rows=12304 cells=114496 direct=true graph_reused=false upload_ms=8.56 capture_ms=4.12 queue_ms=28.14 gpu_ms=0.02 unpack_ms=2.05 total_ms=42.89
v5_service device=0 lane=1 class=2 jobs=4 rows=12304 cells=114496 reach=373632 reverse=393890 table_mib=14.1 mutable_mib=448.0 max_job_mib=259.9 oldest_ms=76.54 pack_ms=8.43 solve_ms=42.96
v5_device jobs=2 rows=59964 cells=583125 direct=true graph_reused=false upload_ms=25.61 capture_ms=4.18 queue_ms=90.54 gpu_ms=0.03 unpack_ms=10.40 total_ms=130.75
v5_service device=1 lane=2 class=3 jobs=2 rows=59964 cells=583125 reach=582985 reverse=583125 table_mib=39.2 mutable_mib=1536.0 max_job_mib=1068.7 oldest_ms=342.44 pack_ms=28.83 solve_ms=130.81
v5_device jobs=1 rows=32780 cells=234039 direct=true graph_reused=false upload_ms=14.32 capture_ms=4.96 queue_ms=34.01 gpu_ms=0.01 unpack_ms=1.79 total_ms=55.10
v5_service device=1 lane=0 class=3 jobs=1 rows=32780 cells=234039 reach=233931 reverse=234039 table_mib=18.0 mutable_mib=1024.0 max_job_mib=1050.4 oldest_ms=374.05 pack_ms=20.91 solve_ms=55.15
v5_device jobs=22 rows=14639 cells=161233 direct=true graph_reused=false upload_ms=20.35 capture_ms=3.52 queue_ms=54.93 gpu_ms=0.01 unpack_ms=3.18 total_ms=81.99
v5_service device=0 lane=0 class=1 jobs=22 rows=14639 cells=161233 reach=563070 reverse=627727 table_mib=21.7 mutable_mib=464.0 max_job_mib=35.0 oldest_ms=82.32 pack_ms=17.68 solve_ms=82.05
v5_device jobs=11 rows=2656 cells=12218 direct=true graph_reused=false upload_ms=1.31 capture_ms=3.42 queue_ms=33.44 gpu_ms=0.01 unpack_ms=0.89 total_ms=39.08
v5_service device=0 lane=0 class=0 jobs=11 rows=2656 cells=12218 reach=56717 reverse=64279 table_mib=2.7 mutable_mib=80.0 max_job_mib=8.7 oldest_ms=182.94 pack_ms=1.97 solve_ms=39.14
v5_device jobs=36 rows=27455 cells=308225 direct=true graph_reused=false upload_ms=21.41 capture_ms=4.25 queue_ms=92.50 gpu_ms=0.03 unpack_ms=4.38 total_ms=122.58
v5_service device=0 lane=1 class=1 jobs=36 rows=27455 cells=308225 reach=652087 reverse=765429 table_mib=29.8 mutable_mib=848.0 max_job_mib=39.3 oldest_ms=132.84 pack_ms=23.12 solve_ms=122.66
v5_device jobs=25 rows=17973 cells=457708 direct=true graph_reused=false upload_ms=14.18 capture_ms=3.85 queue_ms=66.82 gpu_ms=0.02 unpack_ms=4.33 total_ms=89.20
v5_service device=0 lane=2 class=1 jobs=25 rows=17973 cells=457708 reach=430656 reverse=522015 table_mib=22.8 mutable_mib=592.0 max_job_mib=35.2 oldest_ms=82.43 pack_ms=16.10 solve_ms=89.24
v5_device jobs=3 rows=4928 cells=165932 direct=true graph_reused=false upload_ms=3.27 capture_ms=3.58 queue_ms=27.34 gpu_ms=0.01 unpack_ms=0.94 total_ms=35.14
v5_service device=0 lane=2 class=2 jobs=3 rows=4928 cells=165932 reach=136155 reverse=166034 table_mib=6.8 mutable_mib=192.0 max_job_mib=70.2 oldest_ms=182.78 pack_ms=3.95 solve_ms=35.19
v5_device jobs=10 rows=27772 cells=361478 direct=true graph_reused=false upload_ms=13.96 capture_ms=4.03 queue_ms=44.66 gpu_ms=0.01 unpack_ms=2.83 total_ms=65.49
v5_service device=1 lane=0 class=2 jobs=10 rows=27772 cells=361478 reach=323293 reverse=362231 table_mib=20.7 mutable_mib=1024.0 max_job_mib=261.7 oldest_ms=76.95 pack_ms=10.62 solve_ms=65.55
v5_device jobs=6 rows=18206 cells=811436 direct=true graph_reused=false upload_ms=22.69 capture_ms=5.26 queue_ms=137.81 gpu_ms=0.02 unpack_ms=6.03 total_ms=171.81
v5_service device=1 lane=1 class=2 jobs=6 rows=18206 cells=811436 reach=690359 reverse=811440 table_mib=31.8 mutable_mib=576.0 max_job_mib=282.6 oldest_ms=267.87 pack_ms=24.42 solve_ms=171.87
v5_device jobs=12 rows=35637 cells=501227 direct=true graph_reused=false upload_ms=48.44 capture_ms=4.48 queue_ms=111.35 gpu_ms=0.01 unpack_ms=5.11 total_ms=169.40
v5_service device=1 lane=2 class=2 jobs=12 rows=35637 cells=501227 reach=979492 reverse=1105175 table_mib=42.4 mutable_mib=1216.0 max_job_mib=269.8 oldest_ms=508.68 pack_ms=26.51 solve_ms=169.45
v5_device jobs=2 rows=625 cells=11410 direct=true graph_reused=false upload_ms=0.18 capture_ms=4.54 queue_ms=19.16 gpu_ms=0.01 unpack_ms=0.13 total_ms=24.01
v5_service device=0 lane=2 class=0 jobs=2 rows=625 cells=11410 reach=8882 reverse=11410 table_mib=0.5 mutable_mib=16.0 max_job_mib=8.6 oldest_ms=207.30 pack_ms=0.34 solve_ms=24.05
v5_device jobs=19 rows=4360 cells=77200 direct=true graph_reused=false upload_ms=2.51 capture_ms=5.41 queue_ms=43.09 gpu_ms=0.01 unpack_ms=0.87 total_ms=51.88
v5_service device=0 lane=1 class=0 jobs=19 rows=4360 cells=77200 reach=94246 reverse=125533 table_mib=5.1 mutable_mib=130.0 max_job_mib=9.3 oldest_ms=284.34 pack_ms=13.67 solve_ms=51.98
v5_device jobs=3 rows=758 cells=19547 direct=true graph_reused=false upload_ms=0.39 capture_ms=5.23 queue_ms=1.49 gpu_ms=0.01 unpack_ms=0.20 total_ms=7.32
v5_service device=1 lane=1 class=0 jobs=3 rows=758 cells=19547 reach=13286 reverse=19547 table_mib=0.8 mutable_mib=20.0 max_job_mib=8.7 oldest_ms=462.63 pack_ms=0.70 solve_ms=7.40
v5_device jobs=1 rows=23584 cells=426332 direct=true graph_reused=false upload_ms=14.85 capture_ms=4.40 queue_ms=52.44 gpu_ms=0.02 unpack_ms=4.29 total_ms=76.00
v5_service device=0 lane=0 class=3 jobs=1 rows=23584 cells=426332 reach=315432 reverse=426332 table_mib=21.3 mutable_mib=1024.0 max_job_mib=1058.1 oldest_ms=218.73 pack_ms=16.46 solve_ms=76.05
v5_device jobs=1 rows=5476 cells=31465 direct=true graph_reused=false upload_ms=5.53 capture_ms=4.00 queue_ms=16.72 gpu_ms=0.01 unpack_ms=0.50 total_ms=26.77
v5_service device=0 lane=0 class=2 jobs=1 rows=5476 cells=31465 reach=238622 reverse=241969 table_mib=8.2 mutable_mib=128.0 max_job_mib=139.1 oldest_ms=288.32 pack_ms=5.63 solve_ms=26.82
v5_device jobs=34 rows=20609 cells=415129 direct=true graph_reused=false upload_ms=20.47 capture_ms=3.56 queue_ms=54.85 gpu_ms=0.01 unpack_ms=3.86 total_ms=82.75
v5_service device=1 lane=0 class=1 jobs=34 rows=20609 cells=415129 reach=643471 reverse=747607 table_mib=27.9 mutable_mib=640.0 max_job_mib=39.0 oldest_ms=165.36 pack_ms=20.79 solve_ms=82.80
v5_device jobs=17 rows=3952 cells=34493 direct=true graph_reused=false upload_ms=1.54 capture_ms=3.59 queue_ms=32.37 gpu_ms=0.01 unpack_ms=0.55 total_ms=38.06
v5_service device=1 lane=0 class=0 jobs=17 rows=3952 cells=34493 reach=59543 reverse=68179 table_mib=3.5 mutable_mib=112.0 max_job_mib=8.8 oldest_ms=272.66 pack_ms=2.48 solve_ms=38.11
v5_device jobs=13 rows=31566 cells=291902 direct=true graph_reused=false upload_ms=12.05 capture_ms=3.57 queue_ms=52.88 gpu_ms=0.02 unpack_ms=3.45 total_ms=71.97
v5_service device=1 lane=2 class=2 jobs=13 rows=31566 cells=291902 reach=335368 reverse=352496 table_mib=21.6 mutable_mib=1024.0 max_job_mib=262.0 oldest_ms=77.34 pack_ms=11.68 solve_ms=72.03
v5_device jobs=36 rows=23998 cells=325718 direct=true graph_reused=false upload_ms=19.44 capture_ms=5.32 queue_ms=74.37 gpu_ms=0.02 unpack_ms=4.24 total_ms=103.39
v5_service device=0 lane=0 class=1 jobs=36 rows=23998 cells=325718 reach=666619 reverse=756205 table_mib=28.8 mutable_mib=720.0 max_job_mib=34.3 oldest_ms=80.10 pack_ms=15.98 solve_ms=103.44
v5_device jobs=25 rows=15945 cells=674505 direct=true graph_reused=false upload_ms=17.60 capture_ms=4.14 queue_ms=125.12 gpu_ms=0.02 unpack_ms=5.00 total_ms=151.87
v5_service device=0 lane=2 class=1 jobs=25 rows=15945 cells=674505 reach=562651 reverse=719195 table_mib=28.0 mutable_mib=544.0 max_job_mib=38.9 oldest_ms=78.99 pack_ms=17.61 solve_ms=151.92
v5_device jobs=2 rows=62317 cells=751384 direct=true graph_reused=false upload_ms=24.25 capture_ms=4.00 queue_ms=155.01 gpu_ms=0.02 unpack_ms=8.94 total_ms=192.23
v5_service device=0 lane=1 class=3 jobs=2 rows=62317 cells=751384 reach=577125 reverse=751384 table_mib=43.6 mutable_mib=2560.0 max_job_mib=2106.3 oldest_ms=378.82 pack_ms=31.98 solve_ms=192.32
v5_device jobs=15 rows=3245 cells=25492 direct=true graph_reused=false upload_ms=3.30 capture_ms=5.17 queue_ms=19.84 gpu_ms=0.01 unpack_ms=0.59 total_ms=28.91
v5_service device=0 lane=0 class=0 jobs=15 rows=3245 cells=25492 reach=104473 reverse=117223 table_mib=4.3 mutable_mib=90.0 max_job_mib=9.0 oldest_ms=206.32 pack_ms=3.94 solve_ms=28.97
v5_device jobs=3 rows=5092 cells=86380 direct=true graph_reused=false upload_ms=2.70 capture_ms=5.23 queue_ms=21.86 gpu_ms=0.02 unpack_ms=1.44 total_ms=31.25
v5_service device=0 lane=2 class=2 jobs=3 rows=5092 cells=86380 reach=82158 reverse=86444 table_mib=5.1 mutable_mib=192.0 max_job_mib=68.4 oldest_ms=253.04 pack_ms=3.77 solve_ms=31.32
v5_device jobs=9 rows=2712 cells=70579 direct=true graph_reused=false upload_ms=1.62 capture_ms=4.47 queue_ms=10.94 gpu_ms=0.01 unpack_ms=0.61 total_ms=17.65
v5_service device=0 lane=2 class=0 jobs=9 rows=2712 cells=70579 reach=66083 reverse=83774 table_mib=3.5 mutable_mib=72.0 max_job_mib=9.2 oldest_ms=289.34 pack_ms=2.74 solve_ms=17.70
v5_device jobs=8 rows=21843 cells=412339 direct=true graph_reused=false upload_ms=12.60 capture_ms=3.77 queue_ms=35.17 gpu_ms=0.01 unpack_ms=2.20 total_ms=53.75
v5_service device=0 lane=0 class=2 jobs=8 rows=21843 cells=412339 reach=355640 reverse=418594 table_mib=19.6 mutable_mib=768.0 max_job_mib=263.2 oldest_ms=247.17 pack_ms=11.94 solve_ms=53.83
v5_device jobs=40 rows=30790 cells=521540 direct=true graph_reused=false upload_ms=23.48 capture_ms=4.33 queue_ms=215.66 gpu_ms=0.01 unpack_ms=4.89 total_ms=248.38
v5_service device=1 lane=2 class=1 jobs=40 rows=30790 cells=521540 reach=728670 reverse=890260 table_mib=35.4 mutable_mib=976.0 max_job_mib=39.2 oldest_ms=168.40 pack_ms=23.65 solve_ms=248.45
v5_device jobs=1 rows=25848 cells=198442 direct=true graph_reused=false upload_ms=75.95 capture_ms=4.69 queue_ms=166.58 gpu_ms=0.02 unpack_ms=6.08 total_ms=253.33
v5_service device=1 lane=0 class=3 jobs=1 rows=25848 cells=198442 reach=1503299 reverse=1543898 table_mib=48.4 mutable_mib=1024.0 max_job_mib=1091.1 oldest_ms=311.79 pack_ms=32.45 solve_ms=253.40
v5_device jobs=15 rows=3956 cells=50819 direct=true graph_reused=false upload_ms=3.01 capture_ms=4.86 queue_ms=17.23 gpu_ms=0.01 unpack_ms=0.90 total_ms=26.02
v5_service device=1 lane=2 class=0 jobs=15 rows=3956 cells=50819 reach=95266 reverse=112012 table_mib=4.9 mutable_mib=120.0 max_job_mib=9.5 oldest_ms=446.11 pack_ms=5.73 solve_ms=26.07
v5_device jobs=2 rows=65205 cells=2517870 direct=true graph_reused=false upload_ms=102.43 capture_ms=3.64 queue_ms=296.61 gpu_ms=0.03 unpack_ms=35.11 total_ms=437.82
v5_service device=1 lane=1 class=3 jobs=2 rows=65205 cells=2517870 reach=2008602 reverse=2517975 table_mib=100.6 mutable_mib=2048.0 max_job_mib=1126.7 oldest_ms=469.83 pack_ms=60.21 solve_ms=437.88
v5_device jobs=35 rows=25018 cells=416151 direct=true graph_reused=false upload_ms=17.04 capture_ms=3.29 queue_ms=46.41 gpu_ms=0.01 unpack_ms=3.33 total_ms=70.08
v5_service device=1 lane=0 class=1 jobs=35 rows=25018 cells=416151 reach=545093 reverse=648501 table_mib=27.4 mutable_mib=800.0 max_job_mib=36.6 oldest_ms=79.63 pack_ms=16.04 solve_ms=70.14
v5_device jobs=1 rows=24360 cells=3502140 direct=true graph_reused=false upload_ms=93.25 capture_ms=3.51 queue_ms=272.75 gpu_ms=0.02 unpack_ms=7.93 total_ms=377.46
v5_service device=0 lane=2 class=3 jobs=1 rows=24360 cells=3502140 reach=2247190 reverse=3502140 table_mib=109.0 mutable_mib=1024.0 max_job_mib=1189.7 oldest_ms=240.47 pack_ms=59.77 solve_ms=377.52
v5_device jobs=10 rows=2322 cells=16027 direct=true graph_reused=false upload_ms=4.35 capture_ms=3.30 queue_ms=161.70 gpu_ms=0.01 unpack_ms=0.26 total_ms=169.62
v5_service device=1 lane=0 class=0 jobs=10 rows=2322 cells=16027 reach=27270 reverse=30710 table_mib=1.7 mutable_mib=66.0 max_job_mib=8.5 oldest_ms=170.42 pack_ms=1.43 solve_ms=169.68
v5_device jobs=33 rows=23477 cells=587233 direct=true graph_reused=false upload_ms=16.74 capture_ms=3.99 queue_ms=151.73 gpu_ms=0.02 unpack_ms=4.46 total_ms=176.95
v5_service device=1 lane=1 class=1 jobs=33 rows=23477 cells=587233 reach=501357 reverse=635227 table_mib=27.3 mutable_mib=704.0 max_job_mib=35.1 oldest_ms=79.67 pack_ms=16.01 solve_ms=177.00
v5_device jobs=1 rows=38663 cells=2949104 direct=true graph_reused=false upload_ms=101.16 capture_ms=4.42 queue_ms=268.86 gpu_ms=0.01 unpack_ms=31.31 total_ms=405.76
v5_service device=0 lane=0 class=3 jobs=1 rows=38663 cells=2949104 reach=2063238 reverse=2949104 table_mib=97.5 mutable_mib=1024.0 max_job_mib=1167.4 oldest_ms=313.96 pack_ms=50.36 solve_ms=405.81
v5_device jobs=14 rows=3687 cells=68035 direct=true graph_reused=false upload_ms=1.72 capture_ms=7.12 queue_ms=13.44 gpu_ms=0.01 unpack_ms=0.66 total_ms=22.95
v5_service device=1 lane=1 class=0 jobs=14 rows=3687 cells=68035 reach=52580 reverse=68035 table_mib=3.3 mutable_mib=108.0 max_job_mib=8.8 oldest_ms=309.12 pack_ms=3.28 solve_ms=23.06
v5_device jobs=6 rows=18867 cells=277745 direct=true graph_reused=false upload_ms=11.29 capture_ms=5.55 queue_ms=36.81 gpu_ms=0.02 unpack_ms=1.99 total_ms=55.66
v5_service device=1 lane=0 class=2 jobs=6 rows=18867 cells=277745 reach=328173 reverse=366563 table_mib=16.7 mutable_mib=640.0 max_job_mib=133.2 oldest_ms=345.89 pack_ms=17.13 solve_ms=55.72
v5_device jobs=1 rows=54257 cells=362955 direct=true graph_reused=false upload_ms=177.14 capture_ms=4.23 queue_ms=325.87 gpu_ms=0.02 unpack_ms=40.39 total_ms=547.65
v5_service device=0 lane=1 class=3 jobs=1 rows=54257 cells=362955 reach=3589022 reverse=3643107 table_mib=110.5 mutable_mib=2048.0 max_job_mib=2203.7 oldest_ms=595.07 pack_ms=69.43 solve_ms=547.69
v5_device jobs=2 rows=71282 cells=1251716 direct=true graph_reused=false upload_ms=70.61 capture_ms=3.54 queue_ms=202.12 gpu_ms=0.01 unpack_ms=37.13 total_ms=313.42
v5_service device=1 lane=2 class=3 jobs=2 rows=71282 cells=1251716 reach=1242661 reverse=1251716 table_mib=66.6 mutable_mib=2560.0 max_job_mib=2119.2 oldest_ms=505.46 pack_ms=48.37 solve_ms=313.46
v5_device jobs=28 rows=18296 cells=576148 direct=true graph_reused=false upload_ms=13.77 capture_ms=3.51 queue_ms=50.87 gpu_ms=0.02 unpack_ms=6.06 total_ms=74.25
v5_service device=0 lane=2 class=1 jobs=28 rows=18296 cells=576148 reach=444606 reverse=576219 table_mib=25.1 mutable_mib=608.0 max_job_mib=38.4 oldest_ms=81.27 pack_ms=14.57 solve_ms=74.32
v5_device jobs=1 rows=14861 cells=738719 direct=true graph_reused=false upload_ms=20.95 capture_ms=3.87 queue_ms=37.49 gpu_ms=0.02 unpack_ms=3.75 total_ms=66.07
v5_service device=1 lane=1 class=3 jobs=1 rows=14861 cells=738719 reach=730942 reverse=738719 table_mib=27.5 mutable_mib=512.0 max_job_mib=551.6 oldest_ms=342.80 pack_ms=27.87 solve_ms=66.13
v5_device jobs=46 rows=10590 cells=115473 direct=true graph_reused=false upload_ms=7.76 capture_ms=3.68 queue_ms=82.07 gpu_ms=0.01 unpack_ms=1.53 total_ms=95.05
v5_service device=1 lane=2 class=0 jobs=46 rows=10590 cells=115473 reach=257365 reverse=302797 table_mib=11.9 mutable_mib=313.0 max_job_mib=9.5 oldest_ms=76.48 pack_ms=8.61 solve_ms=95.11
v5_device jobs=32 rows=20351 cells=354050 direct=true graph_reused=false upload_ms=15.04 capture_ms=3.76 queue_ms=132.34 gpu_ms=0.02 unpack_ms=4.94 total_ms=156.10
v5_service device=0 lane=0 class=1 jobs=32 rows=20351 cells=354050 reach=453630 reverse=550893 table_mib=22.7 mutable_mib=656.0 max_job_mib=37.2 oldest_ms=78.00 pack_ms=14.75 solve_ms=156.16
v5_device jobs=2 rows=48399 cells=300396 direct=true graph_reused=false upload_ms=73.42 capture_ms=3.62 queue_ms=72.88 gpu_ms=0.01 unpack_ms=4.73 total_ms=154.68
v5_service device=1 lane=0 class=3 jobs=2 rows=48399 cells=300396 reach=916036 reverse=1347380 table_mib=50.8 mutable_mib=1536.0 max_job_mib=1054.7 oldest_ms=417.36 pack_ms=37.43 solve_ms=154.74
v5_device jobs=35 rows=27271 cells=438516 direct=true graph_reused=false upload_ms=20.23 capture_ms=3.54 queue_ms=65.12 gpu_ms=0.01 unpack_ms=7.08 total_ms=95.98
v5_service device=0 lane=1 class=1 jobs=35 rows=27271 cells=438516 reach=646028 reverse=757143 table_mib=31.3 mutable_mib=816.0 max_job_mib=36.5 oldest_ms=78.86 pack_ms=18.40 solve_ms=96.03
v5_device jobs=5 rows=12388 cells=705551 direct=true graph_reused=false upload_ms=14.44 capture_ms=4.10 queue_ms=102.66 gpu_ms=0.03 unpack_ms=5.21 total_ms=126.44
v5_service device=0 lane=2 class=2 jobs=5 rows=12388 cells=705551 reach=515844 reverse=705584 table_mib=25.5 mutable_mib=512.0 max_job_mib=280.8 oldest_ms=179.18 pack_ms=13.49 solve_ms=126.49
v5_device jobs=12 rows=2973 cells=24802 direct=true graph_reused=false upload_ms=1.60 capture_ms=4.42 queue_ms=10.14 gpu_ms=0.01 unpack_ms=0.46 total_ms=16.62
v5_service device=0 lane=1 class=0 jobs=12 rows=2973 cells=24802 reach=51934 reverse=58105 table_mib=2.8 mutable_mib=88.0 max_job_mib=8.5 oldest_ms=203.66 pack_ms=2.52 solve_ms=16.68
v5_device jobs=4 rows=6852 cells=80714 direct=true graph_reused=false upload_ms=2.77 capture_ms=3.75 queue_ms=12.04 gpu_ms=0.01 unpack_ms=0.60 total_ms=19.17
v5_service device=0 lane=1 class=2 jobs=4 rows=6852 cells=80714 reach=69157 reverse=80741 table_mib=4.7 mutable_mib=256.0 max_job_mib=66.3 oldest_ms=225.68 pack_ms=3.28 solve_ms=19.23
v5_device jobs=23 rows=6419 cells=148029 direct=true graph_reused=false upload_ms=3.33 capture_ms=4.01 queue_ms=30.56 gpu_ms=0.01 unpack_ms=1.33 total_ms=39.25
v5_service device=0 lane=2 class=0 jobs=23 rows=6419 cells=148029 reach=129980 reverse=163469 table_mib=7.7 mutable_mib=184.0 max_job_mib=9.5 oldest_ms=76.70 pack_ms=4.63 solve_ms=39.32
v5_device jobs=8 rows=19615 cells=557806 direct=true graph_reused=false upload_ms=15.73 capture_ms=3.66 queue_ms=65.34 gpu_ms=0.02 unpack_ms=4.73 total_ms=89.48
v5_service device=0 lane=0 class=2 jobs=8 rows=19615 cells=557806 reach=497680 reverse=558500 table_mib=24.2 mutable_mib=640.0 max_job_mib=143.6 oldest_ms=273.80 pack_ms=17.93 solve_ms=89.54
v5_device jobs=44 rows=11296 cells=93158 direct=true graph_reused=false upload_ms=6.50 capture_ms=4.14 queue_ms=29.11 gpu_ms=0.02 unpack_ms=1.86 total_ms=41.64
v5_service device=1 lane=0 class=0 jobs=44 rows=11296 cells=93158 reach=263097 reverse=298580 table_mib=12.0 mutable_mib=316.0 max_job_mib=9.0 oldest_ms=76.59 pack_ms=7.48 solve_ms=41.70
v5_device jobs=14 rows=3302 cells=30540 direct=true graph_reused=false upload_ms=7.30 capture_ms=3.77 queue_ms=16.42 gpu_ms=0.02 unpack_ms=0.77 total_ms=28.26
v5_service device=0 lane=0 class=0 jobs=14 rows=3302 cells=30540 reach=101884 reverse=118437 table_mib=4.3 mutable_mib=96.0 max_job_mib=9.2 oldest_ms=382.08 pack_ms=3.29 solve_ms=28.33
v5_device jobs=8 rows=23932 cells=1820015 direct=true graph_reused=false upload_ms=74.09 capture_ms=3.59 queue_ms=162.34 gpu_ms=0.02 unpack_ms=16.78 total_ms=256.82
v5_service device=1 lane=1 class=2 jobs=8 rows=23932 cells=1820015 reach=1645094 reverse=1820423 table_mib=64.6 mutable_mib=896.0 max_job_mib=322.2 oldest_ms=441.33 pack_ms=40.72 solve_ms=256.88
v5_device jobs=36 rows=24822 cells=420032 direct=true graph_reused=false upload_ms=23.08 capture_ms=3.77 queue_ms=48.07 gpu_ms=0.01 unpack_ms=3.62 total_ms=78.56
v5_service device=0 lane=1 class=1 jobs=36 rows=24822 cells=420032 reach=539715 reverse=636213 table_mib=27.0 mutable_mib=832.0 max_job_mib=36.8 oldest_ms=79.95 pack_ms=20.35 solve_ms=78.62
v5_device jobs=34 rows=22128 cells=273670 direct=true graph_reused=false upload_ms=17.16 capture_ms=3.68 queue_ms=114.89 gpu_ms=0.01 unpack_ms=2.31 total_ms=138.06
v5_service device=0 lane=0 class=1 jobs=34 rows=22128 cells=273670 reach=446323 reverse=510317 table_mib=21.6 mutable_mib=688.0 max_job_mib=33.1 oldest_ms=79.81 pack_ms=14.99 solve_ms=138.11
v5_device jobs=36 rows=23383 cells=740644 direct=true graph_reused=false upload_ms=21.81 capture_ms=4.39 queue_ms=112.81 gpu_ms=0.02 unpack_ms=5.37 total_ms=144.39
v5_service device=1 lane=1 class=1 jobs=36 rows=23383 cells=740644 reach=650363 reverse=827755 table_mib=33.1 mutable_mib=768.0 max_job_mib=41.6 oldest_ms=80.90 pack_ms=18.94 solve_ms=144.45
v5_device jobs=87 rows=57751 cells=727309 direct=true graph_reused=false upload_ms=80.86 capture_ms=3.62 queue_ms=176.91 gpu_ms=0.03 unpack_ms=8.94 total_ms=270.37
v5_service device=1 lane=0 class=1 jobs=87 rows=57751 cells=727309 reach=1419085 reverse=1629394 table_mib=64.1 mutable_mib=1872.0 max_job_mib=36.2 oldest_ms=144.69 pack_ms=50.63 solve_ms=270.45
v5_device jobs=117 rows=81280 cells=1112391 direct=true graph_reused=false upload_ms=108.92 capture_ms=3.62 queue_ms=289.39 gpu_ms=0.02 unpack_ms=18.47 total_ms=420.42
v5_service device=1 lane=2 class=1 jobs=117 rows=81280 cells=1112391 reach=1673595 reverse=1900052 table_mib=82.2 mutable_mib=2592.0 max_job_mib=39.1 oldest_ms=214.95 pack_ms=58.40 solve_ms=420.48
v5_device jobs=5 rows=17470 cells=524841 direct=true graph_reused=false upload_ms=16.08 capture_ms=3.57 queue_ms=38.16 gpu_ms=0.01 unpack_ms=3.88 total_ms=61.69
v5_service device=1 lane=1 class=2 jobs=5 rows=17470 cells=524841 reach=472845 reverse=525111 table_mib=22.2 mutable_mib=512.0 max_job_mib=278.0 oldest_ms=254.71 pack_ms=13.03 solve_ms=61.75
v5_device jobs=9 rows=44433 cells=1225038 direct=true graph_reused=false upload_ms=25.71 capture_ms=3.68 queue_ms=232.75 gpu_ms=0.02 unpack_ms=6.41 total_ms=268.57
v5_service device=0 lane=1 class=2 jobs=9 rows=44433 cells=1225038 reach=921728 reverse=1245868 table_mib=50.1 mutable_mib=1280.0 max_job_mib=267.9 oldest_ms=188.98 pack_ms=30.56 solve_ms=268.64
v5_device jobs=11 rows=2811 cells=60862 direct=true graph_reused=false upload_ms=1.04 capture_ms=3.43 queue_ms=10.87 gpu_ms=0.01 unpack_ms=0.53 total_ms=15.87
v5_service device=1 lane=1 class=0 jobs=11 rows=2811 cells=60862 reach=45333 reverse=60862 table_mib=2.8 mutable_mib=76.0 max_job_mib=9.5 oldest_ms=330.50 pack_ms=1.93 solve_ms=15.93
v5_device jobs=12 rows=3704 cells=47387 direct=true graph_reused=false upload_ms=2.94 capture_ms=4.47 queue_ms=34.42 gpu_ms=0.02 unpack_ms=0.73 total_ms=42.58
v5_service device=0 lane=1 class=0 jobs=12 rows=3704 cells=47387 reach=93767 reverse=112745 table_mib=4.3 mutable_mib=96.0 max_job_mib=9.2 oldest_ms=491.52 pack_ms=3.54 solve_ms=42.66
v5_device jobs=22 rows=5439 cells=46358 direct=true graph_reused=false upload_ms=2.37 capture_ms=6.13 queue_ms=175.14 gpu_ms=0.01 unpack_ms=1.02 total_ms=184.67
v5_service device=0 lane=0 class=0 jobs=22 rows=5439 cells=46358 reach=88790 reverse=109450 table_mib=5.0 mutable_mib=160.0 max_job_mib=8.6 oldest_ms=240.45 pack_ms=4.13 solve_ms=184.78
v5_device jobs=9 rows=19208 cells=217493 direct=true graph_reused=false upload_ms=15.58 capture_ms=5.94 queue_ms=37.79 gpu_ms=0.01 unpack_ms=2.58 total_ms=61.90
v5_service device=0 lane=0 class=2 jobs=9 rows=19208 cells=217493 reach=292078 reverse=326740 table_mib=16.6 mutable_mib=640.0 max_job_mib=132.9 oldest_ms=448.67 pack_ms=17.55 solve_ms=61.97
v5_device jobs=111 rows=77323 cells=2772086 direct=true graph_reused=false upload_ms=130.32 capture_ms=3.70 queue_ms=310.11 gpu_ms=0.02 unpack_ms=29.17 total_ms=473.31
v5_service device=0 lane=2 class=1 jobs=111 rows=77323 cells=2772086 reach=2590846 reverse=3293604 table_mib=128.9 mutable_mib=2576.0 max_job_mib=42.6 oldest_ms=147.52 pack_ms=79.10 solve_ms=473.36
v5_device jobs=1 rows=39352 cells=99703 direct=true graph_reused=false upload_ms=42.29 capture_ms=4.33 queue_ms=132.57 gpu_ms=0.02 unpack_ms=2.04 total_ms=181.25
v5_service device=1 lane=1 class=3 jobs=1 rows=39352 cells=99703 reach=555126 reverse=555138 table_mib=30.5 mutable_mib=1024.0 max_job_mib=1060.9 oldest_ms=334.79 pack_ms=22.17 solve_ms=181.34
v5_device jobs=19 rows=53765 cells=878086 direct=true graph_reused=false upload_ms=61.45 capture_ms=3.81 queue_ms=129.14 gpu_ms=0.03 unpack_ms=9.22 total_ms=203.65
v5_service device=1 lane=2 class=2 jobs=19 rows=53765 cells=878086 reach=889542 reverse=1017513 table_mib=48.5 mutable_mib=1792.0 max_job_mib=267.4 oldest_ms=746.44 pack_ms=36.15 solve_ms=203.70
v5_device jobs=13 rows=31447 cells=303987 direct=true graph_reused=false upload_ms=33.31 capture_ms=3.73 queue_ms=177.70 gpu_ms=0.02 unpack_ms=8.36 total_ms=223.13
v5_service device=1 lane=0 class=2 jobs=13 rows=31447 cells=303987 reach=1024261 reverse=1140612 table_mib=41.7 mutable_mib=1024.0 max_job_mib=145.9 oldest_ms=538.04 pack_ms=32.53 solve_ms=223.18
v5_device jobs=1 rows=13514 cells=394291 direct=true graph_reused=false upload_ms=10.88 capture_ms=3.77 queue_ms=62.75 gpu_ms=0.01 unpack_ms=2.55 total_ms=79.96
v5_service device=1 lane=1 class=3 jobs=1 rows=13514 cells=394291 reach=391469 reverse=394291 table_mib=17.5 mutable_mib=512.0 max_job_mib=540.5 oldest_ms=516.11 pack_ms=12.30 solve_ms=80.03
v5_device jobs=1 rows=15375 cells=40572 direct=true graph_reused=false upload_ms=8.98 capture_ms=4.46 queue_ms=43.09 gpu_ms=0.02 unpack_ms=4.30 total_ms=60.85
v5_service device=1 lane=0 class=3 jobs=1 rows=15375 cells=40572 reach=40173 reverse=40572 table_mib=9.9 mutable_mib=512.0 max_job_mib=536.8 oldest_ms=780.85 pack_ms=7.70 solve_ms=60.90
v5_device jobs=21 rows=13657 cells=178965 direct=true graph_reused=false upload_ms=7.78 capture_ms=5.17 queue_ms=148.28 gpu_ms=0.02 unpack_ms=2.85 total_ms=164.10
v5_service device=0 lane=0 class=1 jobs=21 rows=13657 cells=178965 reach=155301 reverse=190833 table_mib=10.8 mutable_mib=416.0 max_job_mib=35.1 oldest_ms=80.60 pack_ms=8.16 solve_ms=164.19
v5_device jobs=34 rows=9760 cells=160948 direct=true graph_reused=false upload_ms=3.30 capture_ms=3.34 queue_ms=21.21 gpu_ms=0.01 unpack_ms=1.90 total_ms=29.77
v5_service device=1 lane=1 class=0 jobs=34 rows=9760 cells=160948 reach=121664 reverse=161025 table_mib=8.4 mutable_mib=264.0 max_job_mib=9.1 oldest_ms=76.41 pack_ms=4.77 solve_ms=29.83
v5_device jobs=16 rows=35860 cells=716953 direct=true graph_reused=false upload_ms=49.66 capture_ms=4.23 queue_ms=165.47 gpu_ms=0.03 unpack_ms=9.78 total_ms=229.17
v5_service device=0 lane=2 class=2 jobs=16 rows=35860 cells=716953 reach=760652 reverse=882763 table_mib=38.3 mutable_mib=1216.0 max_job_mib=133.5 oldest_ms=729.01 pack_ms=21.25 solve_ms=229.22
v5_device jobs=10 rows=2302 cells=32060 direct=true graph_reused=false upload_ms=1.93 capture_ms=9.03 queue_ms=9.08 gpu_ms=0.01 unpack_ms=0.79 total_ms=20.84
v5_service device=0 lane=0 class=0 jobs=10 rows=2302 cells=32060 reach=39978 reverse=49308 table_mib=2.5 mutable_mib=72.0 max_job_mib=9.2 oldest_ms=258.13 pack_ms=3.73 solve_ms=20.90
v5_device jobs=1 rows=49652 cells=3298368 direct=true graph_reused=false upload_ms=127.17 capture_ms=4.88 queue_ms=216.36 gpu_ms=0.02 unpack_ms=20.01 total_ms=368.45
v5_service device=0 lane=1 class=3 jobs=1 rows=49652 cells=3298368 reach=2277728 reverse=3298368 table_mib=110.7 mutable_mib=2048.0 max_job_mib=2208.3 oldest_ms=487.63 pack_ms=77.34 solve_ms=368.50
v5_device jobs=1 rows=49419 cells=362745 direct=true graph_reused=false upload_ms=21.19 capture_ms=4.31 queue_ms=55.95 gpu_ms=0.02 unpack_ms=2.58 total_ms=84.05
v5_service device=0 lane=0 class=3 jobs=1 rows=49419 cells=362745 reach=362767 reverse=362745 table_mib=27.6 mutable_mib=2048.0 max_job_mib=2087.7 oldest_ms=266.04 pack_ms=16.15 solve_ms=84.12
v5_device jobs=1 rows=2366 cells=3556 direct=true graph_reused=false upload_ms=0.48 capture_ms=3.76 queue_ms=4.25 gpu_ms=0.01 unpack_ms=0.06 total_ms=8.56
v5_service device=0 lane=0 class=2 jobs=1 rows=2366 cells=3556 reach=3568 reverse=3556 table_mib=0.9 mutable_mib=64.0 max_job_mib=65.3 oldest_ms=358.06 pack_ms=0.61 solve_ms=8.61
v5_device jobs=24 rows=15398 cells=267634 direct=true graph_reused=false upload_ms=23.53 capture_ms=5.73 queue_ms=153.77 gpu_ms=0.01 unpack_ms=2.30 total_ms=185.34
v5_service device=1 lane=0 class=1 jobs=24 rows=15398 cells=267634 reach=482031 reverse=545089 table_mib=20.0 mutable_mib=544.0 max_job_mib=34.6 oldest_ms=80.28 pack_ms=13.49 solve_ms=185.39
v5_device jobs=29 rows=6706 cells=73967 direct=true graph_reused=false upload_ms=4.55 capture_ms=3.94 queue_ms=29.01 gpu_ms=0.01 unpack_ms=1.16 total_ms=38.67
v5_service device=0 lane=1 class=0 jobs=29 rows=6706 cells=73967 reach=239679 reverse=268255 table_mib=9.5 mutable_mib=198.0 max_job_mib=9.7 oldest_ms=77.50 pack_ms=6.43 solve_ms=38.73
v5_device jobs=55 rows=39365 cells=902871 direct=true graph_reused=false upload_ms=52.56 capture_ms=4.19 queue_ms=120.33 gpu_ms=0.02 unpack_ms=10.58 total_ms=187.67
v5_service device=1 lane=1 class=1 jobs=55 rows=39365 cells=902871 reach=819043 reverse=999525 table_mib=44.9 mutable_mib=1216.0 max_job_mib=37.1 oldest_ms=167.79 pack_ms=36.91 solve_ms=187.75
v5_device jobs=4 rows=127257 cells=1751199 direct=true graph_reused=false upload_ms=121.71 capture_ms=3.98 queue_ms=263.57 gpu_ms=0.02 unpack_ms=18.16 total_ms=407.44
v5_service device=1 lane=2 class=3 jobs=4 rows=127257 cells=1751199 reach=1960884 reverse=2059455 table_mib=101.1 mutable_mib=5120.0 max_job_mib=2096.1 oldest_ms=1006.23 pack_ms=59.67 solve_ms=407.51
v5_device jobs=8 rows=29400 cells=154521 direct=true graph_reused=false upload_ms=20.62 capture_ms=3.85 queue_ms=51.19 gpu_ms=0.03 unpack_ms=4.43 total_ms=80.12
v5_service device=1 lane=0 class=2 jobs=8 rows=29400 cells=154521 reach=456686 reverse=483073 table_mib=23.9 mutable_mib=960.0 max_job_mib=268.8 oldest_ms=313.96 pack_ms=18.01 solve_ms=80.18
v5_device jobs=37 rows=29063 cells=388529 direct=true graph_reused=false upload_ms=22.23 capture_ms=4.20 queue_ms=55.05 gpu_ms=0.01 unpack_ms=4.91 total_ms=86.40
v5_service device=0 lane=0 class=1 jobs=37 rows=29063 cells=388529 reach=550299 reverse=632427 table_mib=28.1 mutable_mib=896.0 max_job_mib=34.2 oldest_ms=79.54 pack_ms=20.11 solve_ms=86.46
v5_device jobs=36 rows=22713 cells=347568 direct=true graph_reused=false upload_ms=14.44 capture_ms=4.03 queue_ms=45.60 gpu_ms=0.01 unpack_ms=2.84 total_ms=66.93
v5_service device=1 lane=2 class=1 jobs=36 rows=22713 cells=347568 reach=449990 reverse=543632 table_mib=23.4 mutable_mib=752.0 max_job_mib=34.8 oldest_ms=77.59 pack_ms=12.67 solve_ms=66.98
v5_device jobs=14 rows=30063 cells=879530 direct=true graph_reused=false upload_ms=37.96 capture_ms=3.59 queue_ms=97.88 gpu_ms=0.02 unpack_ms=6.87 total_ms=146.31
v5_service device=1 lane=1 class=2 jobs=14 rows=30063 cells=879530 reach=728855 reverse=881047 table_mib=37.3 mutable_mib=1024.0 max_job_mib=140.6 oldest_ms=411.49 pack_ms=26.59 solve_ms=146.38
{"phase": "live", "seconds": 60.078, "solves": 63488, "solves_per_s": 1056.8, "oversize_routes": 3, "card_exclusive_routes": 0}
v5_device jobs=12 rows=2762 cells=28247 direct=true graph_reused=false upload_ms=1.64 capture_ms=4.88 queue_ms=217.09 gpu_ms=0.01 unpack_ms=0.45 total_ms=224.06
v5_service device=0 lane=0 class=0 jobs=12 rows=2762 cells=28247 reach=72444 reverse=87291 table_mib=3.4 mutable_mib=76.0 max_job_mib=8.8 oldest_ms=209.42 pack_ms=2.94 solve_ms=224.11
v5_device jobs=52 rows=37672 cells=546907 direct=true graph_reused=false upload_ms=69.71 capture_ms=4.71 queue_ms=254.41 gpu_ms=0.02 unpack_ms=5.93 total_ms=334.78
v5_service device=0 lane=1 class=1 jobs=52 rows=37672 cells=546907 reach=688022 reverse=829019 table_mib=36.9 mutable_mib=1184.0 max_job_mib=35.8 oldest_ms=143.55 pack_ms=41.26 solve_ms=334.86
v5_device jobs=2 rows=106236 cells=1792226 direct=true graph_reused=false upload_ms=202.55 capture_ms=3.57 queue_ms=304.93 gpu_ms=0.02 unpack_ms=20.84 total_ms=531.91
v5_service device=0 lane=2 class=3 jobs=2 rows=106236 cells=1792226 reach=4219455 reverse=4349871 table_mib=152.7 mutable_mib=3072.0 max_job_mib=2144.0 oldest_ms=1005.92 pack_ms=87.16 solve_ms=531.97
v5_device jobs=26 rows=7249 cells=85481 direct=true graph_reused=false upload_ms=21.92 capture_ms=3.81 queue_ms=174.43 gpu_ms=0.01 unpack_ms=1.15 total_ms=201.32
v5_service device=1 lane=2 class=0 jobs=26 rows=7249 cells=85481 reach=112386 reverse=139836 table_mib=6.5 mutable_mib=204.0 max_job_mib=9.2 oldest_ms=163.65 pack_ms=4.62 solve_ms=201.38
v5_device jobs=8 rows=19634 cells=207800 direct=true graph_reused=false upload_ms=10.75 capture_ms=4.91 queue_ms=54.41 gpu_ms=0.02 unpack_ms=5.93 total_ms=76.02
v5_service device=0 lane=0 class=2 jobs=8 rows=19634 cells=207800 reach=187583 reverse=207907 table_mib=16.5 mutable_mib=640.0 max_job_mib=145.0 oldest_ms=444.88 pack_ms=33.18 solve_ms=76.08
v5_device jobs=2 rows=66959 cells=633065 direct=true graph_reused=false upload_ms=128.54 capture_ms=3.59 queue_ms=178.39 gpu_ms=0.03 unpack_ms=9.34 total_ms=319.88
v5_service device=1 lane=0 class=3 jobs=2 rows=66959 cells=633065 reach=2559652 reverse=2849275 table_mib=98.5 mutable_mib=2048.0 max_job_mib=1107.1 oldest_ms=416.91 pack_ms=63.25 solve_ms=319.94
v5_device jobs=2 rows=31918 cells=278249 direct=true graph_reused=false upload_ms=13.02 capture_ms=4.26 queue_ms=179.50 gpu_ms=0.01 unpack_ms=8.46 total_ms=205.26
v5_service device=1 lane=1 class=3 jobs=2 rows=31918 cells=278249 reach=277499 reverse=278249 table_mib=24.1 mutable_mib=1024.0 max_job_mib=554.7 oldest_ms=587.59 pack_ms=13.96 solve_ms=205.32
v5_device jobs=16 rows=4126 cells=38166 direct=true graph_reused=false upload_ms=2.44 capture_ms=3.59 queue_ms=16.38 gpu_ms=0.01 unpack_ms=0.52 total_ms=22.94
v5_service device=1 lane=0 class=0 jobs=16 rows=4126 cells=38166 reach=121544 reverse=135326 table_mib=5.1 mutable_mib=116.0 max_job_mib=10.1 oldest_ms=812.87 pack_ms=3.21 solve_ms=23.00
v5_device jobs=12 rows=31954 cells=381571 direct=true graph_reused=false upload_ms=21.77 capture_ms=4.27 queue_ms=55.38 gpu_ms=0.01 unpack_ms=3.27 total_ms=84.70
v5_service device=0 lane=1 class=2 jobs=12 rows=31954 cells=381571 reach=711735 reverse=823366 table_mib=33.0 mutable_mib=1088.0 max_job_mib=135.3 oldest_ms=580.75 pack_ms=46.73 solve_ms=84.77
v5_device jobs=29 rows=20036 cells=558097 direct=true graph_reused=false upload_ms=15.49 capture_ms=4.26 queue_ms=58.61 gpu_ms=0.01 unpack_ms=3.95 total_ms=82.32
v5_service device=1 lane=1 class=1 jobs=29 rows=20036 cells=558097 reach=423236 reverse=558163 table_mib=24.7 mutable_mib=640.0 max_job_mib=36.2 oldest_ms=77.63 pack_ms=12.37 solve_ms=82.38
v5_device jobs=41 rows=10231 cells=87351 direct=true graph_reused=false upload_ms=4.38 capture_ms=3.91 queue_ms=31.13 gpu_ms=0.01 unpack_ms=1.20 total_ms=40.63
v5_service device=1 lane=0 class=0 jobs=41 rows=10231 cells=87351 reach=172588 reverse=204606 table_mib=9.3 mutable_mib=292.0 max_job_mib=8.7 oldest_ms=76.73 pack_ms=5.88 solve_ms=40.70
v5_device jobs=13 rows=36171 cells=526945 direct=true graph_reused=false upload_ms=19.16 capture_ms=4.25 queue_ms=99.48 gpu_ms=0.02 unpack_ms=4.56 total_ms=127.48
v5_service device=1 lane=2 class=2 jobs=13 rows=36171 cells=526945 reach=580716 reverse=681856 table_mib=31.3 mutable_mib=1152.0 max_job_mib=132.9 oldest_ms=402.66 pack_ms=45.61 solve_ms=127.54
v5_device jobs=9 rows=2244 cells=32160 direct=true graph_reused=false upload_ms=0.65 capture_ms=4.02 queue_ms=6.96 gpu_ms=0.01 unpack_ms=0.24 total_ms=11.88
v5_service device=1 lane=1 class=0 jobs=9 rows=2244 cells=32160 reach=23018 reverse=32160 table_mib=1.8 mutable_mib=60.0 max_job_mib=8.9 oldest_ms=191.58 pack_ms=2.62 solve_ms=11.93
v5_device jobs=4 rows=10864 cells=195933 direct=true graph_reused=false upload_ms=3.18 capture_ms=3.18 queue_ms=20.01 gpu_ms=0.01 unpack_ms=1.04 total_ms=27.43
v5_service device=1 lane=1 class=2 jobs=4 rows=10864 cells=195933 reach=157954 reverse=195965 table_mib=9.4 mutable_mib=320.0 max_job_mib=133.4 oldest_ms=209.93 pack_ms=5.01 solve_ms=27.48
v5_device jobs=35 rows=25128 cells=328950 direct=true graph_reused=false upload_ms=17.68 capture_ms=4.80 queue_ms=170.43 gpu_ms=0.01 unpack_ms=3.35 total_ms=196.26
v5_service device=0 lane=0 class=1 jobs=35 rows=25128 cells=328950 reach=519887 reverse=593710 table_mib=25.5 mutable_mib=752.0 max_job_mib=35.9 oldest_ms=81.41 pack_ms=25.81 solve_ms=196.32
v5_device jobs=9 rows=22325 cells=209596 direct=true graph_reused=false upload_ms=9.24 capture_ms=3.40 queue_ms=33.83 gpu_ms=0.01 unpack_ms=2.05 total_ms=48.52
v5_service device=1 lane=2 class=2 jobs=9 rows=22325 cells=209596 reach=301830 reverse=339375 table_mib=17.1 mutable_mib=768.0 max_job_mib=132.2 oldest_ms=76.63 pack_ms=9.13 solve_ms=48.58
v5_device jobs=11 rows=2867 cells=16426 direct=true graph_reused=false upload_ms=2.25 capture_ms=7.27 queue_ms=180.41 gpu_ms=0.01 unpack_ms=0.52 total_ms=190.45
v5_service device=0 lane=0 class=0 jobs=11 rows=2867 cells=16426 reach=64696 reverse=76178 table_mib=3.1 mutable_mib=84.0 max_job_mib=8.8 oldest_ms=323.77 pack_ms=4.27 solve_ms=190.55
v5_device jobs=44 rows=32379 cells=407876 direct=true graph_reused=false upload_ms=35.12 capture_ms=3.37 queue_ms=175.05 gpu_ms=0.01 unpack_ms=4.29 total_ms=217.84
v5_service device=1 lane=2 class=1 jobs=44 rows=32379 cells=407876 reach=730300 reverse=833606 table_mib=33.9 mutable_mib=1008.0 max_job_mib=35.9 oldest_ms=142.81 pack_ms=21.39 solve_ms=217.90
v5_device jobs=3 rows=87880 cells=1634518 direct=true graph_reused=false upload_ms=93.21 capture_ms=3.27 queue_ms=437.01 gpu_ms=0.01 unpack_ms=26.09 total_ms=559.59
v5_service device=0 lane=2 class=3 jobs=3 rows=87880 cells=1634518 reach=1550127 reverse=1634518 table_mib=90.6 mutable_mib=3584.0 max_job_mib=2133.6 oldest_ms=1643.88 pack_ms=53.32 solve_ms=559.65
v5_device jobs=5 rows=16415 cells=180566 direct=true graph_reused=false upload_ms=6.75 capture_ms=6.75 queue_ms=25.15 gpu_ms=0.02 unpack_ms=2.03 total_ms=40.70
v5_service device=0 lane=0 class=2 jobs=5 rows=16415 cells=180566 reach=182283 reverse=182560 table_mib=11.5 mutable_mib=512.0 max_job_mib=264.8 oldest_ms=520.98 pack_ms=11.08 solve_ms=40.79
v5_device jobs=4 rows=155025 cells=1247266 direct=true graph_reused=false upload_ms=109.80 capture_ms=4.01 queue_ms=299.77 gpu_ms=0.02 unpack_ms=16.03 total_ms=429.63
v5_service device=0 lane=1 class=3 jobs=4 rows=155025 cells=1247266 reach=1176377 reverse=1247266 table_mib=90.9 mutable_mib=3584.0 max_job_mib=1070.4 oldest_ms=713.18 pack_ms=48.73 solve_ms=429.71
v5_device jobs=2 rows=42484 cells=2146139 direct=true graph_reused=false upload_ms=72.55 capture_ms=3.81 queue_ms=217.19 gpu_ms=0.01 unpack_ms=9.73 total_ms=303.29
v5_service device=1 lane=1 class=3 jobs=2 rows=42484 cells=2146139 reach=1738805 reverse=2146139 table_mib=76.5 mutable_mib=1536.0 max_job_mib=1123.4 oldest_ms=242.61 pack_ms=39.27 solve_ms=303.37
v5_device jobs=24 rows=5962 cells=105054 direct=true graph_reused=false upload_ms=3.08 capture_ms=4.40 queue_ms=14.57 gpu_ms=0.01 unpack_ms=0.83 total_ms=22.90
v5_service device=1 lane=2 class=0 jobs=24 rows=5962 cells=105054 reach=100512 reverse=136364 table_mib=6.1 mutable_mib=168.0 max_job_mib=9.2 oldest_ms=392.43 pack_ms=7.54 solve_ms=22.95
v5_device jobs=107 rows=77477 cells=1290840 direct=true graph_reused=false upload_ms=93.16 capture_ms=3.42 queue_ms=237.74 gpu_ms=0.01 unpack_ms=20.68 total_ms=355.02
v5_service device=1 lane=0 class=1 jobs=107 rows=77477 cells=1290840 reach=1799186 reverse=2117141 table_mib=85.9 mutable_mib=2400.0 max_job_mib=35.0 oldest_ms=169.98 pack_ms=48.96 solve_ms=355.07
v5_device jobs=32 rows=8349 cells=85660 direct=true graph_reused=false upload_ms=4.64 capture_ms=4.08 queue_ms=21.25 gpu_ms=0.01 unpack_ms=0.96 total_ms=30.94
v5_service device=0 lane=1 class=0 jobs=32 rows=8349 cells=85660 reach=148285 reverse=178655 table_mib=8.0 mutable_mib=232.0 max_job_mib=9.1 oldest_ms=77.25 pack_ms=6.44 solve_ms=31.00
v5_device jobs=1 rows=45135 cells=245032 direct=true graph_reused=false upload_ms=77.37 capture_ms=4.20 queue_ms=99.68 gpu_ms=0.01 unpack_ms=3.22 total_ms=184.47
v5_service device=0 lane=0 class=3 jobs=1 rows=45135 cells=245032 reach=1290203 reverse=1390605 table_mib=52.0 mutable_mib=1024.0 max_job_mib=1091.6 oldest_ms=570.41 pack_ms=44.16 solve_ms=184.53
v5_device jobs=38 rows=26840 cells=726779 direct=true graph_reused=false upload_ms=31.56 capture_ms=3.64 queue_ms=114.35 gpu_ms=0.02 unpack_ms=8.49 total_ms=158.05
v5_service device=0 lane=2 class=1 jobs=38 rows=26840 cells=726779 reach=777723 reverse=957072 table_mib=39.7 mutable_mib=896.0 max_job_mib=39.0 oldest_ms=79.25 pack_ms=17.93 solve_ms=158.11
v5_device jobs=2 rows=54143 cells=649317 direct=true graph_reused=false upload_ms=40.02 capture_ms=3.61 queue_ms=139.80 gpu_ms=0.03 unpack_ms=4.05 total_ms=187.50
v5_service device=1 lane=2 class=3 jobs=2 rows=54143 cells=649317 reach=585706 reverse=649335 table_mib=36.7 mutable_mib=1536.0 max_job_mib=1054.3 oldest_ms=412.29 pack_ms=22.39 solve_ms=187.55
v5_device jobs=31 rows=21725 cells=537602 direct=true graph_reused=false upload_ms=14.75 capture_ms=3.62 queue_ms=121.72 gpu_ms=0.02 unpack_ms=3.89 total_ms=144.00
v5_service device=1 lane=1 class=1 jobs=31 rows=21725 cells=537602 reach=466500 reverse=577699 table_mib=25.0 mutable_mib=720.0 max_job_mib=36.9 oldest_ms=79.55 pack_ms=15.27 solve_ms=144.06
v5_device jobs=16 rows=47883 cells=394877 direct=true graph_reused=false upload_ms=28.36 capture_ms=3.48 queue_ms=137.18 gpu_ms=0.01 unpack_ms=6.97 total_ms=176.00
v5_service device=1 lane=0 class=2 jobs=16 rows=47883 cells=394877 reach=748008 reverse=824538 table_mib=40.2 mutable_mib=1472.0 max_job_mib=264.0 oldest_ms=598.32 pack_ms=24.51 solve_ms=176.06
v5_device jobs=7 rows=1813 cells=15976 direct=true graph_reused=false upload_ms=0.69 capture_ms=7.15 queue_ms=1.92 gpu_ms=0.01 unpack_ms=1.10 total_ms=10.86
v5_service device=1 lane=1 class=0 jobs=7 rows=1813 cells=15976 reach=13221 reverse=15976 table_mib=1.2 mutable_mib=52.0 max_job_mib=8.4 oldest_ms=245.60 pack_ms=4.88 solve_ms=10.94
v5_device jobs=3 rows=762 cells=13294 direct=true graph_reused=false upload_ms=0.36 capture_ms=4.13 queue_ms=91.32 gpu_ms=0.01 unpack_ms=0.17 total_ms=95.99
v5_service device=0 lane=2 class=0 jobs=3 rows=762 cells=13294 reach=12306 reverse=16598 table_mib=0.8 mutable_mib=24.0 max_job_mib=8.7 oldest_ms=264.17 pack_ms=1.39 solve_ms=96.04
v5_device jobs=1 rows=22295 cells=55561 direct=true graph_reused=false upload_ms=14.25 capture_ms=5.09 queue_ms=103.87 gpu_ms=0.01 unpack_ms=1.00 total_ms=124.22
v5_service device=0 lane=0 class=3 jobs=1 rows=22295 cells=55561 reach=55387 reverse=55561 table_mib=9.6 mutable_mib=512.0 max_job_mib=526.8 oldest_ms=790.74 pack_ms=5.51 solve_ms=124.27
v5_device jobs=73 rows=52635 cells=959713 direct=true graph_reused=false upload_ms=63.20 capture_ms=8.91 queue_ms=115.18 gpu_ms=0.01 unpack_ms=8.91 total_ms=196.21
v5_service device=0 lane=1 class=1 jobs=73 rows=52635 cells=959713 reach=1299310 reverse=1546996 table_mib=62.4 mutable_mib=1632.0 max_job_mib=36.0 oldest_ms=141.27 pack_ms=39.33 solve_ms=196.27
v5_device jobs=6 rows=1507 cells=6618 direct=true graph_reused=false upload_ms=0.40 capture_ms=3.58 queue_ms=46.91 gpu_ms=0.02 unpack_ms=0.25 total_ms=51.15
v5_service device=1 lane=2 class=0 jobs=6 rows=1507 cells=6618 reach=14402 reverse=15847 table_mib=1.0 mutable_mib=44.0 max_job_mib=8.4 oldest_ms=75.64 pack_ms=0.82 solve_ms=51.21
v5_device jobs=4 rows=6379 cells=694373 direct=true graph_reused=false upload_ms=8.75 capture_ms=4.91 queue_ms=58.05 gpu_ms=0.02 unpack_ms=3.50 total_ms=75.23
v5_service device=1 lane=1 class=2 jobs=4 rows=6379 cells=694373 reach=510716 reverse=695832 table_mib=22.7 mutable_mib=256.0 max_job_mib=76.0 oldest_ms=251.32 pack_ms=18.26 solve_ms=75.29
v5_device jobs=2 rows=44383 cells=509088 direct=true graph_reused=false upload_ms=16.20 capture_ms=2.97 queue_ms=84.69 gpu_ms=0.03 unpack_ms=4.68 total_ms=108.57
v5_service device=1 lane=0 class=3 jobs=2 rows=44383 cells=509088 reach=501855 reverse=509088 table_mib=31.3 mutable_mib=1536.0 max_job_mib=1044.9 oldest_ms=801.31 pack_ms=18.04 solve_ms=108.62
v5_device jobs=16 rows=12036 cells=329723 direct=true graph_reused=false upload_ms=9.21 capture_ms=6.09 queue_ms=23.30 gpu_ms=0.01 unpack_ms=1.73 total_ms=40.33
v5_service device=1 lane=2 class=1 jobs=16 rows=12036 cells=329723 reach=250041 reverse=360746 table_mib=14.5 mutable_mib=368.0 max_job_mib=39.6 oldest_ms=136.46 pack_ms=15.04 solve_ms=40.40
v5_device jobs=2 rows=2985 cells=50166 direct=true graph_reused=false upload_ms=2.55 capture_ms=4.95 queue_ms=11.36 gpu_ms=0.01 unpack_ms=0.51 total_ms=19.38
v5_service device=1 lane=2 class=2 jobs=2 rows=2985 cells=50166 reach=139902 reverse=154496 table_mib=4.9 mutable_mib=128.0 max_job_mib=69.2 oldest_ms=195.46 pack_ms=4.33 solve_ms=19.45
v5_device jobs=6 rows=19419 cells=331515 direct=true graph_reused=false upload_ms=13.48 capture_ms=5.16 queue_ms=114.43 gpu_ms=0.01 unpack_ms=2.79 total_ms=135.86
v5_service device=0 lane=2 class=2 jobs=6 rows=19419 cells=331515 reach=435321 reverse=490365 table_mib=21.0 mutable_mib=576.0 max_job_mib=261.2 oldest_ms=358.49 pack_ms=22.42 solve_ms=135.93
v5_device jobs=20 rows=50977 cells=447773 direct=true graph_reused=false upload_ms=18.43 capture_ms=3.53 queue_ms=83.68 gpu_ms=0.01 unpack_ms=4.74 total_ms=110.40
v5_service device=0 lane=1 class=2 jobs=20 rows=50977 cells=447773 reach=601919 reverse=619400 table_mib=35.3 mutable_mib=1600.0 max_job_mib=264.8 oldest_ms=390.74 pack_ms=19.98 solve_ms=110.45
v5_device jobs=35 rows=26575 cells=333426 direct=true graph_reused=false upload_ms=19.29 capture_ms=4.67 queue_ms=64.74 gpu_ms=0.01 unpack_ms=3.49 total_ms=92.20
v5_service device=0 lane=0 class=1 jobs=35 rows=26575 cells=333426 reach=641212 reverse=729720 table_mib=29.2 mutable_mib=848.0 max_job_mib=37.3 oldest_ms=80.18 pack_ms=17.64 solve_ms=92.27
v5_device jobs=35 rows=22112 cells=459546 direct=true graph_reused=false upload_ms=9.44 capture_ms=2.97 queue_ms=55.88 gpu_ms=0.01 unpack_ms=3.79 total_ms=72.09
v5_service device=1 lane=1 class=1 jobs=35 rows=22112 cells=459546 reach=359188 reverse=459978 table_mib=22.0 mutable_mib=688.0 max_job_mib=34.7 oldest_ms=78.43 pack_ms=10.49 solve_ms=72.17
v5_device jobs=21 rows=5320 cells=51463 direct=true graph_reused=false upload_ms=2.75 capture_ms=4.04 queue_ms=14.66 gpu_ms=0.01 unpack_ms=0.61 total_ms=22.06
v5_service device=0 lane=0 class=0 jobs=21 rows=5320 cells=51463 reach=117294 reverse=138107 table_mib=5.7 mutable_mib=140.0 max_job_mib=9.0 oldest_ms=200.87 pack_ms=7.91 solve_ms=22.12
v5_device jobs=1 rows=5640 cells=473489 direct=true graph_reused=false upload_ms=6.44 capture_ms=3.85 queue_ms=32.73 gpu_ms=0.01 unpack_ms=1.81 total_ms=44.83
v5_service device=1 lane=1 class=2 jobs=1 rows=5640 cells=473489 reach=417221 reverse=473489 table_mib=16.5 mutable_mib=256.0 max_job_mib=281.8 oldest_ms=169.17 pack_ms=10.01 solve_ms=44.88
v5_device jobs=25 rows=17678 cells=410027 direct=true graph_reused=false upload_ms=10.43 capture_ms=3.89 queue_ms=114.05 gpu_ms=0.01 unpack_ms=3.50 total_ms=131.89
v5_service device=1 lane=0 class=1 jobs=25 rows=17678 cells=410027 reach=443542 reverse=548107 table_mib=21.7 mutable_mib=560.0 max_job_mib=36.7 oldest_ms=81.52 pack_ms=10.44 solve_ms=131.95
v5_device jobs=1 rows=25792 cells=610980 direct=true graph_reused=false upload_ms=37.82 capture_ms=4.73 queue_ms=83.96 gpu_ms=0.02 unpack_ms=5.13 total_ms=131.65
v5_service device=1 lane=2 class=3 jobs=1 rows=25792 cells=610980 reach=601024 reverse=610980 table_mib=28.8 mutable_mib=1024.0 max_job_mib=1069.8 oldest_ms=221.11 pack_ms=21.97 solve_ms=131.71
v5_device jobs=15 rows=3630 cells=39946 direct=true graph_reused=false upload_ms=1.42 capture_ms=3.46 queue_ms=8.62 gpu_ms=0.01 unpack_ms=0.46 total_ms=13.98
v5_service device=1 lane=1 class=0 jobs=15 rows=3630 cells=39946 reach=36933 reverse=45898 table_mib=2.6 mutable_mib=102.0 max_job_mib=8.5 oldest_ms=225.70 pack_ms=1.89 solve_ms=14.04
v5_device jobs=10 rows=2099 cells=26797 direct=true graph_reused=false upload_ms=1.76 capture_ms=5.10 queue_ms=12.51 gpu_ms=0.01 unpack_ms=0.43 total_ms=19.80
v5_service device=1 lane=0 class=0 jobs=10 rows=2099 cells=26797 reach=89210 reverse=102638 table_mib=3.5 mutable_mib=62.0 max_job_mib=9.4 oldest_ms=230.43 pack_ms=4.59 solve_ms=19.86
v5_device jobs=1 rows=29134 cells=110464 direct=true graph_reused=false upload_ms=5.09 capture_ms=3.85 queue_ms=34.59 gpu_ms=0.01 unpack_ms=0.46 total_ms=44.01
v5_service device=1 lane=1 class=3 jobs=1 rows=29134 cells=110464 reach=110442 reverse=110464 table_mib=12.5 mutable_mib=1024.0 max_job_mib=1039.5 oldest_ms=249.28 pack_ms=7.55 solve_ms=44.06
v5_device jobs=7 rows=13933 cells=206674 direct=true graph_reused=false upload_ms=4.38 capture_ms=4.66 queue_ms=33.85 gpu_ms=0.01 unpack_ms=9.44 total_ms=52.33
v5_service device=1 lane=0 class=2 jobs=7 rows=13933 cells=206674 reach=192138 reverse=207556 table_mib=11.2 mutable_mib=448.0 max_job_mib=68.0 oldest_ms=259.52 pack_ms=7.05 solve_ms=52.39
v5_device jobs=6 rows=18298 cells=130511 direct=true graph_reused=false upload_ms=5.38 capture_ms=4.10 queue_ms=137.63 gpu_ms=0.01 unpack_ms=2.52 total_ms=149.64
v5_service device=0 lane=0 class=2 jobs=6 rows=18298 cells=130511 reach=167323 reverse=180614 table_mib=12.4 mutable_mib=576.0 max_job_mib=267.8 oldest_ms=235.96 pack_ms=7.75 solve_ms=149.71
v5_device jobs=20 rows=13029 cells=384741 direct=true graph_reused=false upload_ms=7.11 capture_ms=3.67 queue_ms=112.26 gpu_ms=0.01 unpack_ms=3.42 total_ms=126.46
v5_service device=0 lane=2 class=1 jobs=20 rows=13029 cells=384741 reach=337804 reverse=417261 table_mib=18.0 mutable_mib=416.0 max_job_mib=36.5 oldest_ms=81.16 pack_ms=12.84 solve_ms=126.60
v5_device jobs=3 rows=89206 cells=599149 direct=true graph_reused=false upload_ms=59.57 capture_ms=4.26 queue_ms=125.23 gpu_ms=0.02 unpack_ms=6.00 total_ms=195.09
v5_service device=0 lane=1 class=3 jobs=3 rows=89206 cells=599149 reach=1027590 reverse=1057219 table_mib=59.5 mutable_mib=3072.0 max_job_mib=2092.3 oldest_ms=513.47 pack_ms=29.62 solve_ms=195.15
v5_device jobs=1 rows=26184 cells=95793 direct=true graph_reused=false upload_ms=6.49 capture_ms=5.54 queue_ms=32.05 gpu_ms=0.01 unpack_ms=0.55 total_ms=44.63
v5_service device=0 lane=0 class=3 jobs=1 rows=26184 cells=95793 reach=95129 reverse=95793 table_mib=11.2 mutable_mib=1024.0 max_job_mib=1038.4 oldest_ms=351.64 pack_ms=11.35 solve_ms=44.69
v5_device jobs=4 rows=2875 cells=27170 direct=true graph_reused=false upload_ms=1.30 capture_ms=4.80 queue_ms=17.89 gpu_ms=0.01 unpack_ms=0.40 total_ms=24.40
v5_service device=1 lane=0 class=1 jobs=4 rows=2875 cells=27170 reach=51399 reverse=56808 table_mib=2.6 mutable_mib=96.0 max_job_mib=33.4 oldest_ms=75.55 pack_ms=2.27 solve_ms=24.47
v5_device jobs=3 rows=832 cells=2733 direct=true graph_reused=false upload_ms=0.54 capture_ms=8.55 queue_ms=5.25 gpu_ms=0.01 unpack_ms=0.12 total_ms=14.47
v5_service device=1 lane=0 class=0 jobs=3 rows=832 cells=2733 reach=22583 reverse=27599 table_mib=1.0 mutable_mib=24.0 max_job_mib=8.6 oldest_ms=103.27 pack_ms=1.12 solve_ms=14.55
v5_device jobs=7 rows=19013 cells=252874 direct=true graph_reused=false upload_ms=8.00 capture_ms=4.28 queue_ms=47.97 gpu_ms=0.01 unpack_ms=3.04 total_ms=63.30
v5_service device=0 lane=2 class=2 jobs=7 rows=19013 cells=252874 reach=233439 reverse=252880 table_mib=15.4 mutable_mib=576.0 max_job_mib=135.6 oldest_ms=229.07 pack_ms=13.71 solve_ms=63.35
v5_device jobs=21 rows=16506 cells=390851 direct=true graph_reused=false upload_ms=7.41 capture_ms=4.61 queue_ms=35.61 gpu_ms=0.01 unpack_ms=2.62 total_ms=50.25
v5_service device=1 lane=1 class=1 jobs=21 rows=16506 cells=390851 reach=299577 reverse=391395 table_mib=17.5 mutable_mib=512.0 max_job_mib=36.4 oldest_ms=87.28 pack_ms=10.85 solve_ms=50.30
v5_device jobs=2 rows=580 cells=58296 direct=true graph_reused=false upload_ms=0.77 capture_ms=4.66 queue_ms=7.04 gpu_ms=0.01 unpack_ms=0.25 total_ms=12.73
v5_service device=0 lane=2 class=0 jobs=2 rows=580 cells=58296 reach=44692 reverse=58296 table_mib=1.9 mutable_mib=16.0 max_job_mib=9.5 oldest_ms=306.76 pack_ms=1.56 solve_ms=12.78
v5_device jobs=5 rows=1151 cells=16301 direct=true graph_reused=false upload_ms=0.35 capture_ms=3.92 queue_ms=3.03 gpu_ms=0.00 unpack_ms=0.12 total_ms=7.43
v5_service device=1 lane=1 class=0 jobs=5 rows=1151 cells=16301 reach=12162 reverse=16314 table_mib=0.9 mutable_mib=36.0 max_job_mib=8.3 oldest_ms=151.93 pack_ms=2.20 solve_ms=7.47
v5_device jobs=9 rows=23103 cells=329242 direct=true graph_reused=false upload_ms=8.22 capture_ms=3.21 queue_ms=78.94 gpu_ms=0.01 unpack_ms=1.94 total_ms=92.31
v5_service device=0 lane=1 class=2 jobs=9 rows=23103 cells=329242 reach=288902 reverse=335275 table_mib=17.9 mutable_mib=832.0 max_job_mib=265.6 oldest_ms=78.26 pack_ms=13.65 solve_ms=92.37
v5_device jobs=1 rows=101892 cells=201618 direct=true graph_reused=false upload_ms=20.11 capture_ms=3.40 queue_ms=94.97 gpu_ms=1.11 unpack_ms=2.17 total_ms=121.76
v5_service device=1 lane=0 class=31 jobs=1 rows=101892 cells=201618 reach=201629 reverse=201618 table_mib=36.8 mutable_mib=4096.0 max_job_mib=4140.9 oldest_ms=121.65 pack_ms=25.12 solve_ms=121.85
v5_device jobs=1 rows=34662 cells=296082 direct=true graph_reused=false upload_ms=13.97 capture_ms=4.33 queue_ms=99.38 gpu_ms=0.01 unpack_ms=2.55 total_ms=120.24
v5_service device=0 lane=2 class=3 jobs=1 rows=34662 cells=296082 reach=294345 reverse=296082 table_mib=21.1 mutable_mib=1024.0 max_job_mib=1055.6 oldest_ms=324.16 pack_ms=12.41 solve_ms=120.29
v5_device jobs=1 rows=17458 cells=390018 direct=true graph_reused=false upload_ms=13.51 capture_ms=4.41 queue_ms=97.27 gpu_ms=0.01 unpack_ms=4.36 total_ms=119.57
v5_service device=1 lane=1 class=3 jobs=1 rows=17458 cells=390018 reach=385252 reverse=390018 table_mib=19.7 mutable_mib=512.0 max_job_mib=546.6 oldest_ms=133.40 pack_ms=13.38 solve_ms=119.62
v5_device jobs=34 rows=20623 cells=254500 direct=true graph_reused=false upload_ms=15.96 capture_ms=4.07 queue_ms=70.21 gpu_ms=0.01 unpack_ms=5.12 total_ms=95.37
v5_service device=0 lane=0 class=1 jobs=34 rows=20623 cells=254500 reach=665320 reverse=720204 table_mib=26.9 mutable_mib=672.0 max_job_mib=43.9 oldest_ms=78.80 pack_ms=15.73 solve_ms=95.42
v5_device jobs=15 rows=3409 cells=47555 direct=true graph_reused=false upload_ms=2.57 capture_ms=4.58 queue_ms=27.06 gpu_ms=0.01 unpack_ms=0.72 total_ms=34.93
v5_service device=0 lane=0 class=0 jobs=15 rows=3409 cells=47555 reach=110629 reverse=134190 table_mib=4.8 mutable_mib=98.0 max_job_mib=9.0 oldest_ms=208.83 pack_ms=8.68 solve_ms=34.98
v5_device jobs=39 rows=24705 cells=359816 direct=true graph_reused=false upload_ms=23.34 capture_ms=4.81 queue_ms=59.88 gpu_ms=0.01 unpack_ms=3.53 total_ms=91.57
v5_service device=0 lane=1 class=1 jobs=39 rows=24705 cells=359816 reach=774464 reverse=873182 table_mib=31.9 mutable_mib=800.0 max_job_mib=37.1 oldest_ms=195.73 pack_ms=18.14 solve_ms=91.63
v5_device jobs=9 rows=1903 cells=13926 direct=true graph_reused=false upload_ms=1.37 capture_ms=3.76 queue_ms=16.99 gpu_ms=0.01 unpack_ms=0.25 total_ms=22.37
v5_service device=0 lane=1 class=0 jobs=9 rows=1903 cells=13926 reach=56050 reverse=60464 table_mib=2.3 mutable_mib=64.0 max_job_mib=9.3 oldest_ms=314.95 pack_ms=3.05 solve_ms=22.42
v5_device jobs=4 rows=21100 cells=299017 direct=true graph_reused=false upload_ms=10.09 capture_ms=4.87 queue_ms=35.55 gpu_ms=0.01 unpack_ms=2.56 total_ms=53.07
v5_service device=0 lane=0 class=2 jobs=4 rows=21100 cells=299017 reach=260457 reverse=299568 table_mib=16.9 mutable_mib=576.0 max_job_mib=274.2 oldest_ms=265.47 pack_ms=12.21 solve_ms=53.13
v5_device jobs=30 rows=18114 cells=361603 direct=true graph_reused=false upload_ms=13.06 capture_ms=3.75 queue_ms=41.63 gpu_ms=0.02 unpack_ms=3.20 total_ms=61.65
v5_service device=1 lane=1 class=1 jobs=30 rows=18114 cells=361603 reach=382803 reverse=468355 table_mib=20.2 mutable_mib=624.0 max_job_mib=36.8 oldest_ms=80.06 pack_ms=12.51 solve_ms=61.71
v5_device jobs=8 rows=2391 cells=24868 direct=true graph_reused=false upload_ms=0.75 capture_ms=4.51 queue_ms=5.02 gpu_ms=0.01 unpack_ms=0.20 total_ms=10.48
v5_service device=1 lane=1 class=0 jobs=8 rows=2391 cells=24868 reach=19667 reverse=24868 table_mib=1.5 mutable_mib=64.0 max_job_mib=8.6 oldest_ms=165.36 pack_ms=2.63 solve_ms=10.55
v5_device jobs=2 rows=49926 cells=263290 direct=true graph_reused=false upload_ms=13.69 capture_ms=3.58 queue_ms=60.59 gpu_ms=0.01 unpack_ms=2.91 total_ms=80.77
v5_service device=0 lane=1 class=3 jobs=2 rows=49926 cells=263290 reach=263256 reverse=263290 table_mib=25.9 mutable_mib=2048.0 max_job_mib=1046.1 oldest_ms=353.24 pack_ms=12.27 solve_ms=80.83
v5_device jobs=2 rows=2875 cells=241822 direct=true graph_reused=false upload_ms=7.57 capture_ms=3.81 queue_ms=20.60 gpu_ms=0.01 unpack_ms=1.23 total_ms=33.22
v5_service device=1 lane=1 class=2 jobs=2 rows=2875 cells=241822 reach=373346 reverse=404734 table_mib=12.1 mutable_mib=128.0 max_job_mib=74.3 oldest_ms=168.74 pack_ms=10.47 solve_ms=33.27
v5_device jobs=39 rows=10296 cells=124075 direct=true graph_reused=false upload_ms=2.98 capture_ms=3.75 queue_ms=18.31 gpu_ms=0.01 unpack_ms=1.11 total_ms=26.18
v5_service device=1 lane=1 class=0 jobs=39 rows=10296 cells=124075 reach=119828 reverse=147478 table_mib=8.0 mutable_mib=288.0 max_job_mib=8.9 oldest_ms=77.14 pack_ms=5.28 solve_ms=26.23
v5_device jobs=9 rows=22635 cells=216915 direct=true graph_reused=false upload_ms=5.88 capture_ms=4.04 queue_ms=97.76 gpu_ms=0.01 unpack_ms=1.96 total_ms=109.66
v5_service device=0 lane=0 class=2 jobs=9 rows=22635 cells=216915 reach=207153 reverse=218964 table_mib=14.2 mutable_mib=768.0 max_job_mib=259.7 oldest_ms=77.38 pack_ms=8.15 solve_ms=109.71
v5_device jobs=1 rows=25366 cells=358104 direct=true graph_reused=false upload_ms=163.63 capture_ms=3.81 queue_ms=150.36 gpu_ms=0.01 unpack_ms=8.19 total_ms=325.99
v5_service device=0 lane=2 class=3 jobs=1 rows=25366 cells=358104 reach=4140604 reverse=4154891 table_mib=108.8 mutable_mib=1024.0 max_job_mib=1184.7 oldest_ms=428.58 pack_ms=54.87 solve_ms=326.05
v5_device jobs=30 rows=7421 cells=107578 direct=true graph_reused=false upload_ms=3.87 capture_ms=4.71 queue_ms=28.88 gpu_ms=0.01 unpack_ms=1.09 total_ms=38.56
v5_service device=0 lane=0 class=0 jobs=30 rows=7421 cells=107578 reach=123898 reverse=161647 table_mib=7.4 mutable_mib=212.0 max_job_mib=9.6 oldest_ms=210.06 pack_ms=5.17 solve_ms=38.63
v5_device jobs=37 rows=25999 cells=331874 direct=true graph_reused=false upload_ms=17.40 capture_ms=3.08 queue_ms=65.93 gpu_ms=0.01 unpack_ms=3.18 total_ms=89.60
v5_service device=0 lane=1 class=1 jobs=37 rows=25999 cells=331874 reach=636761 reverse=719889 table_mib=28.3 mutable_mib=800.0 max_job_mib=34.9 oldest_ms=79.35 pack_ms=13.32 solve_ms=89.65
v5_device jobs=14 rows=3761 cells=35766 direct=true graph_reused=false upload_ms=1.60 capture_ms=3.16 queue_ms=10.05 gpu_ms=0.01 unpack_ms=0.40 total_ms=15.22
v5_service device=0 lane=1 class=0 jobs=14 rows=3761 cells=35766 reach=48543 reverse=58912 table_mib=3.1 mutable_mib=100.0 max_job_mib=8.5 oldest_ms=194.31 pack_ms=2.13 solve_ms=15.27
v5_device jobs=6 rows=12448 cells=102520 direct=true graph_reused=false upload_ms=3.37 capture_ms=3.12 queue_ms=22.62 gpu_ms=0.01 unpack_ms=1.07 total_ms=30.19
v5_service device=0 lane=1 class=2 jobs=6 rows=12448 cells=102520 reach=139227 reverse=164309 table_mib=9.1 mutable_mib=384.0 max_job_mib=66.9 oldest_ms=214.01 pack_ms=4.59 solve_ms=30.24
v5_device jobs=76 rows=49682 cells=1052503 direct=true graph_reused=false upload_ms=28.84 capture_ms=4.58 queue_ms=95.23 gpu_ms=0.01 unpack_ms=8.70 total_ms=137.36
v5_service device=1 lane=1 class=1 jobs=76 rows=49682 cells=1052503 reach=900703 reverse=1135571 table_mib=52.3 mutable_mib=1632.0 max_job_mib=35.2 oldest_ms=139.96 pack_ms=35.66 solve_ms=137.42
v5_device jobs=26 rows=20646 cells=361990 direct=true graph_reused=false upload_ms=11.35 capture_ms=3.81 queue_ms=78.07 gpu_ms=0.01 unpack_ms=3.98 total_ms=97.22
v5_service device=0 lane=2 class=1 jobs=26 rows=20646 cells=361990 reach=482246 reverse=560241 table_mib=23.5 mutable_mib=624.0 max_job_mib=36.2 oldest_ms=80.53 pack_ms=22.55 solve_ms=97.27
v5_device jobs=50 rows=35643 cells=894039 direct=true graph_reused=false upload_ms=25.56 capture_ms=4.05 queue_ms=92.53 gpu_ms=0.03 unpack_ms=6.75 total_ms=128.92
v5_service device=0 lane=0 class=1 jobs=50 rows=35643 cells=894039 reach=792087 reverse=1075939 table_mib=42.8 mutable_mib=1088.0 max_job_mib=41.0 oldest_ms=277.28 pack_ms=32.33 solve_ms=128.98
v5_device jobs=48 rows=12424 cells=109895 direct=true graph_reused=false upload_ms=5.69 capture_ms=3.33 queue_ms=24.09 gpu_ms=0.01 unpack_ms=1.26 total_ms=34.37
v5_service device=0 lane=1 class=0 jobs=48 rows=12424 cells=109895 reach=215946 reverse=256138 table_mib=11.7 mutable_mib=342.0 max_job_mib=9.3 oldest_ms=75.97 pack_ms=6.96 solve_ms=34.43
v5_device jobs=8 rows=2140 cells=53664 direct=true graph_reused=false upload_ms=1.37 capture_ms=6.67 queue_ms=8.43 gpu_ms=0.01 unpack_ms=0.53 total_ms=17.01
v5_service device=0 lane=2 class=0 jobs=8 rows=2140 cells=53664 reach=41325 reverse=53664 table_mib=2.5 mutable_mib=64.0 max_job_mib=8.8 oldest_ms=207.61 pack_ms=3.47 solve_ms=17.08
v5_device jobs=1 rows=28609 cells=309498 direct=true graph_reused=false upload_ms=11.27 capture_ms=3.88 queue_ms=69.87 gpu_ms=0.01 unpack_ms=1.19 total_ms=86.21
v5_service device=0 lane=0 class=3 jobs=1 rows=28609 cells=309498 reach=309519 reverse=309498 table_mib=18.6 mutable_mib=1024.0 max_job_mib=1049.2 oldest_ms=446.50 pack_ms=13.45 solve_ms=86.28
v5_device jobs=9 rows=21827 cells=267012 direct=true graph_reused=false upload_ms=10.93 capture_ms=3.94 queue_ms=59.56 gpu_ms=0.01 unpack_ms=4.08 total_ms=78.52
v5_service device=0 lane=2 class=2 jobs=9 rows=21827 cells=267012 reach=448976 reverse=469558 table_mib=21.3 mutable_mib=704.0 max_job_mib=132.0 oldest_ms=223.26 pack_ms=16.84 solve_ms=78.58
v5_device jobs=18 rows=39538 cells=1094589 direct=true graph_reused=false upload_ms=27.54 capture_ms=3.81 queue_ms=77.34 gpu_ms=0.01 unpack_ms=7.99 total_ms=116.69
v5_service device=1 lane=1 class=2 jobs=18 rows=39538 cells=1094589 reach=891049 reverse=1096337 table_mib=47.3 mutable_mib=1408.0 max_job_mib=263.6 oldest_ms=330.24 pack_ms=32.30 solve_ms=116.87
v5_device jobs=109 rows=75076 cells=1090920 direct=true graph_reused=false upload_ms=62.48 capture_ms=3.45 queue_ms=125.00 gpu_ms=0.02 unpack_ms=9.17 total_ms=200.11
v5_service device=0 lane=1 class=1 jobs=109 rows=75076 cells=1090920 reach=1093051 reverse=1396098 table_mib=66.6 mutable_mib=2352.0 max_job_mib=36.5 oldest_ms=132.19 pack_ms=38.69 solve_ms=200.18
v5_device jobs=1 rows=21020 cells=192954 direct=true graph_reused=false upload_ms=5.07 capture_ms=4.15 queue_ms=125.55 gpu_ms=0.01 unpack_ms=0.78 total_ms=135.55
v5_service device=0 lane=2 class=3 jobs=1 rows=21020 cells=192954 reach=192872 reverse=192954 table_mib=12.5 mutable_mib=512.0 max_job_mib=529.4 oldest_ms=305.20 pack_ms=7.44 solve_ms=135.62
v5_device jobs=33 rows=21904 cells=367463 direct=true graph_reused=false upload_ms=17.80 capture_ms=4.59 queue_ms=50.71 gpu_ms=0.01 unpack_ms=3.28 total_ms=76.40
v5_service device=0 lane=0 class=1 jobs=33 rows=21904 cells=367463 reach=572308 reverse=681082 table_mib=26.5 mutable_mib=736.0 max_job_mib=36.2 oldest_ms=81.30 pack_ms=16.53 solve_ms=76.46
v5_device jobs=8 rows=1701 cells=11219 direct=true graph_reused=false upload_ms=0.94 capture_ms=4.15 queue_ms=6.78 gpu_ms=0.01 unpack_ms=0.19 total_ms=12.06
v5_service device=0 lane=0 class=0 jobs=8 rows=1701 cells=11219 reach=39391 reverse=43469 table_mib=1.8 mutable_mib=50.0 max_job_mib=8.7 oldest_ms=188.30 pack_ms=2.48 solve_ms=12.12
v5_device jobs=2 rows=4106 cells=24912 direct=true graph_reused=false upload_ms=0.84 capture_ms=3.63 queue_ms=8.07 gpu_ms=0.01 unpack_ms=0.22 total_ms=12.77
v5_service device=0 lane=0 class=2 jobs=2 rows=4106 cells=24912 reach=24911 reverse=24912 table_mib=2.1 mutable_mib=128.0 max_job_mib=65.6 oldest_ms=161.28 pack_ms=1.38 solve_ms=12.83
v5_device jobs=2 rows=46186 cells=607007 direct=true graph_reused=false upload_ms=16.54 capture_ms=3.13 queue_ms=67.29 gpu_ms=0.01 unpack_ms=4.11 total_ms=91.08
v5_service device=0 lane=1 class=3 jobs=2 rows=46186 cells=607007 reach=513520 reverse=607007 table_mib=34.1 mutable_mib=1536.0 max_job_mib=1065.6 oldest_ms=426.96 pack_ms=18.76 solve_ms=91.14
v5_device jobs=26 rows=18401 cells=275668 direct=true graph_reused=false upload_ms=10.15 capture_ms=4.00 queue_ms=44.41 gpu_ms=0.01 unpack_ms=2.35 total_ms=60.92
v5_service device=0 lane=0 class=1 jobs=26 rows=18401 cells=275668 reach=419289 reverse=504565 table_mib=20.4 mutable_mib=560.0 max_job_mib=34.3 oldest_ms=81.47 pack_ms=12.17 solve_ms=60.98
v5_device jobs=17 rows=13378 cells=394117 direct=true graph_reused=false upload_ms=10.61 capture_ms=4.35 queue_ms=101.60 gpu_ms=0.01 unpack_ms=3.41 total_ms=119.97
v5_service device=0 lane=2 class=1 jobs=17 rows=13378 cells=394117 reach=440314 reverse=541236 table_mib=20.9 mutable_mib=432.0 max_job_mib=36.6 oldest_ms=83.23 pack_ms=12.32 solve_ms=120.03
v5_device jobs=2 rows=526 cells=24583 direct=true graph_reused=false upload_ms=0.55 capture_ms=5.44 queue_ms=85.92 gpu_ms=0.03 unpack_ms=0.32 total_ms=92.25
v5_service device=0 lane=2 class=0 jobs=2 rows=526 cells=24583 reach=18339 reverse=24583 table_mib=1.1 mutable_mib=16.0 max_job_mib=9.5 oldest_ms=214.77 pack_ms=2.33 solve_ms=92.34
v5_device jobs=9 rows=24021 cells=205373 direct=true graph_reused=false upload_ms=7.65 capture_ms=4.49 queue_ms=69.98 gpu_ms=0.01 unpack_ms=1.83 total_ms=83.95
v5_service device=0 lane=0 class=2 jobs=9 rows=24021 cells=205373 reach=287837 reverse=325596 table_mib=17.4 mutable_mib=768.0 max_job_mib=131.6 oldest_ms=170.97 pack_ms=10.53 solve_ms=84.00
v5_device jobs=21 rows=55389 cells=676532 direct=true graph_reused=false upload_ms=26.52 capture_ms=3.56 queue_ms=113.68 gpu_ms=0.02 unpack_ms=6.12 total_ms=149.89
v5_service device=0 lane=1 class=2 jobs=21 rows=55389 cells=676532 reach=898522 reverse=963933 table_mib=47.8 mutable_mib=1792.0 max_job_mib=262.6 oldest_ms=544.32 pack_ms=23.92 solve_ms=149.95
v5_device jobs=13 rows=3270 cells=34266 direct=true graph_reused=false upload_ms=1.89 capture_ms=5.46 queue_ms=13.65 gpu_ms=0.01 unpack_ms=0.54 total_ms=21.55
v5_service device=0 lane=0 class=0 jobs=13 rows=3270 cells=34266 reach=66753 reverse=76301 table_mib=3.4 mutable_mib=88.0 max_job_mib=8.9 oldest_ms=270.42 pack_ms=2.90 solve_ms=21.62
v5_device jobs=3 rows=5486 cells=115167 direct=true graph_reused=false upload_ms=2.69 capture_ms=6.40 queue_ms=19.49 gpu_ms=0.01 unpack_ms=0.70 total_ms=29.30
v5_service device=0 lane=2 class=2 jobs=3 rows=5486 cells=115167 reach=99425 reverse=115179 table_mib=5.2 mutable_mib=192.0 max_job_mib=68.0 oldest_ms=311.11 pack_ms=5.16 solve_ms=29.38
v5_device jobs=1 rows=28356 cells=266444 direct=true graph_reused=false upload_ms=8.06 capture_ms=4.13 queue_ms=31.54 gpu_ms=0.01 unpack_ms=0.96 total_ms=44.69
v5_service device=0 lane=0 class=3 jobs=1 rows=28356 cells=266444 reach=266431 reverse=266444 table_mib=17.1 mutable_mib=1024.0 max_job_mib=1047.0 oldest_ms=291.46 pack_ms=12.53 solve_ms=44.75
v5_device jobs=4 rows=110416 cells=4672698 direct=true graph_reused=false upload_ms=156.85 capture_ms=2.87 queue_ms=309.62 gpu_ms=0.03 unpack_ms=59.56 total_ms=528.94
v5_service device=1 lane=1 class=3 jobs=4 rows=110416 cells=4672698 reach=3484871 reverse=4672800 table_mib=176.4 mutable_mib=3584.0 max_job_mib=1158.4 oldest_ms=505.16 pack_ms=101.67 solve_ms=528.99
v5_device jobs=7 rows=23981 cells=457448 direct=true graph_reused=false upload_ms=10.49 capture_ms=3.06 queue_ms=90.44 gpu_ms=0.01 unpack_ms=2.31 total_ms=106.32
v5_service device=0 lane=1 class=2 jobs=7 rows=23981 cells=457448 reach=463483 reverse=562551 table_mib=23.8 mutable_mib=768.0 max_job_mib=269.5 oldest_ms=77.04 pack_ms=10.22 solve_ms=106.37
v5_device jobs=55 rows=13750 cells=132106 direct=true graph_reused=false upload_ms=7.96 capture_ms=4.00 queue_ms=31.77 gpu_ms=0.01 unpack_ms=1.53 total_ms=45.27
v5_service device=0 lane=0 class=0 jobs=55 rows=13750 cells=132106 reach=228822 reverse=273893 table_mib=12.6 mutable_mib=404.0 max_job_mib=8.9 oldest_ms=77.00 pack_ms=8.49 solve_ms=45.33
v5_device jobs=26 rows=19734 cells=563493 direct=true graph_reused=false upload_ms=15.51 capture_ms=4.33 queue_ms=62.41 gpu_ms=0.02 unpack_ms=5.19 total_ms=87.46
v5_service device=0 lane=2 class=1 jobs=26 rows=19734 cells=563493 reach=504941 reverse=601495 table_mib=26.5 mutable_mib=624.0 max_job_mib=36.9 oldest_ms=81.81 pack_ms=18.81 solve_ms=87.50
v5_device jobs=5 rows=12816 cells=211979 direct=true graph_reused=false upload_ms=7.68 capture_ms=3.97 queue_ms=55.60 gpu_ms=0.01 unpack_ms=2.54 total_ms=69.80
v5_service device=0 lane=2 class=2 jobs=5 rows=12816 cells=211979 reach=283128 reverse=317751 table_mib=14.6 mutable_mib=448.0 max_job_mib=132.7 oldest_ms=210.24 pack_ms=10.93 solve_ms=69.86
v5_device jobs=4 rows=953 cells=33115 direct=true graph_reused=false upload_ms=0.55 capture_ms=4.92 queue_ms=10.52 gpu_ms=0.01 unpack_ms=0.21 total_ms=16.20
v5_service device=0 lane=2 class=0 jobs=4 rows=953 cells=33115 reach=21196 reverse=33115 table_mib=1.3 mutable_mib=28.0 max_job_mib=8.6 oldest_ms=298.08 pack_ms=4.05 solve_ms=16.27
v5_device jobs=47 rows=26146 cells=592932 direct=true graph_reused=false upload_ms=15.86 capture_ms=3.08 queue_ms=47.12 gpu_ms=0.01 unpack_ms=3.77 total_ms=69.83
v5_service device=1 lane=1 class=1 jobs=47 rows=26146 cells=592932 reach=569669 reverse=713088 table_mib=29.9 mutable_mib=832.0 max_job_mib=37.8 oldest_ms=79.55 pack_ms=14.47 solve_ms=69.88
v5_device jobs=51 rows=37309 cells=594867 direct=true graph_reused=false upload_ms=22.24 capture_ms=3.38 queue_ms=81.52 gpu_ms=0.02 unpack_ms=6.55 total_ms=113.70
v5_service device=0 lane=1 class=1 jobs=51 rows=37309 cells=594867 reach=756402 reverse=913210 table_mib=39.7 mutable_mib=1136.0 max_job_mib=36.5 oldest_ms=217.50 pack_ms=23.45 solve_ms=113.77
v5_device jobs=25 rows=6380 cells=98083 direct=true graph_reused=false upload_ms=3.92 capture_ms=3.43 queue_ms=128.41 gpu_ms=0.01 unpack_ms=0.94 total_ms=136.71
v5_service device=0 lane=1 class=0 jobs=25 rows=6380 cells=98083 reach=180883 reverse=221316 table_mib=8.3 mutable_mib=180.0 max_job_mib=9.3 oldest_ms=372.66 pack_ms=5.62 solve_ms=136.76
v5_device jobs=22 rows=14208 cells=303855 direct=true graph_reused=false upload_ms=10.99 capture_ms=4.27 queue_ms=77.52 gpu_ms=0.02 unpack_ms=3.94 total_ms=96.73
v5_service device=0 lane=2 class=1 jobs=22 rows=14208 cells=303855 reach=529490 reverse=594813 table_mib=22.1 mutable_mib=448.0 max_job_mib=40.2 oldest_ms=80.60 pack_ms=15.24 solve_ms=96.80
v5_device jobs=92 rows=65291 cells=1270756 direct=true graph_reused=false upload_ms=91.11 capture_ms=4.85 queue_ms=126.82 gpu_ms=0.01 unpack_ms=13.59 total_ms=236.38
v5_service device=0 lane=0 class=1 jobs=92 rows=65291 cells=1270756 reach=1383040 reverse=1724922 table_mib=72.0 mutable_mib=2064.0 max_job_mib=39.4 oldest_ms=169.74 pack_ms=53.87 solve_ms=236.43
v5_device jobs=5 rows=89286 cells=868979 direct=true graph_reused=false upload_ms=30.55 capture_ms=2.95 queue_ms=101.87 gpu_ms=0.01 unpack_ms=7.92 total_ms=143.30
v5_service device=1 lane=1 class=3 jobs=5 rows=89286 cells=868979 reach=863910 reverse=868979 table_mib=56.9 mutable_mib=3072.0 max_job_mib=1063.2 oldest_ms=183.09 pack_ms=30.43 solve_ms=143.36
v5_device jobs=25 rows=5783 cells=69780 direct=true graph_reused=false upload_ms=1.69 capture_ms=3.13 queue_ms=14.49 gpu_ms=0.01 unpack_ms=0.71 total_ms=20.04
v5_service device=1 lane=1 class=0 jobs=25 rows=5783 cells=69780 reach=65849 reverse=85840 table_mib=4.7 mutable_mib=168.0 max_job_mib=9.3 oldest_ms=366.56 pack_ms=5.34 solve_ms=20.10
v5_device jobs=3 rows=10487 cells=89004 direct=true graph_reused=false upload_ms=2.31 capture_ms=3.09 queue_ms=18.06 gpu_ms=0.01 unpack_ms=0.97 total_ms=24.43
v5_service device=1 lane=1 class=2 jobs=3 rows=10487 cells=89004 reach=80765 reverse=91398 table_mib=6.6 mutable_mib=384.0 max_job_mib=262.5 oldest_ms=402.15 pack_ms=3.65 solve_ms=24.50
v5_device jobs=7 rows=21368 cells=266311 direct=true graph_reused=false upload_ms=19.71 capture_ms=4.08 queue_ms=40.60 gpu_ms=0.01 unpack_ms=2.92 total_ms=67.32
v5_service device=0 lane=2 class=2 jobs=7 rows=21368 cells=266311 reach=748066 reverse=771096 table_mib=27.1 mutable_mib=768.0 max_job_mib=266.0 oldest_ms=209.53 pack_ms=19.45 solve_ms=67.38
v5_device jobs=27 rows=18690 cells=513945 direct=true graph_reused=false upload_ms=11.41 capture_ms=3.20 queue_ms=60.47 gpu_ms=0.01 unpack_ms=3.13 total_ms=78.23
v5_service device=0 lane=1 class=1 jobs=27 rows=18690 cells=513945 reach=457282 reverse=588385 table_mib=24.6 mutable_mib=608.0 max_job_mib=37.4 oldest_ms=80.14 pack_ms=10.67 solve_ms=78.28
v5_device jobs=31 rows=8109 cells=91619 direct=true graph_reused=false upload_ms=2.22 capture_ms=2.98 queue_ms=13.46 gpu_ms=0.01 unpack_ms=0.70 total_ms=19.37
v5_service device=1 lane=1 class=0 jobs=31 rows=8109 cells=91619 reach=90896 reverse=116788 table_mib=6.3 mutable_mib=221.0 max_job_mib=8.6 oldest_ms=77.50 pack_ms=4.07 solve_ms=19.43
v5_device jobs=4 rows=1140 cells=14137 direct=true graph_reused=false upload_ms=0.44 capture_ms=4.32 queue_ms=114.69 gpu_ms=0.01 unpack_ms=0.25 total_ms=119.71
v5_service device=0 lane=2 class=0 jobs=4 rows=1140 cells=14137 reach=11950 reverse=14137 table_mib=0.9 mutable_mib=32.0 max_job_mib=9.0 oldest_ms=279.57 pack_ms=2.19 solve_ms=119.79
v5_device jobs=18 rows=4555 cells=109180 direct=true graph_reused=false upload_ms=2.95 capture_ms=3.29 queue_ms=52.69 gpu_ms=0.01 unpack_ms=0.82 total_ms=59.76
v5_service device=0 lane=1 class=0 jobs=18 rows=4555 cells=109180 reach=152909 reverse=203781 table_mib=7.2 mutable_mib=130.0 max_job_mib=9.9 oldest_ms=179.54 pack_ms=4.46 solve_ms=59.82
v5_device jobs=18 rows=64670 cells=680586 direct=true graph_reused=false upload_ms=70.48 capture_ms=4.78 queue_ms=100.95 gpu_ms=0.02 unpack_ms=7.02 total_ms=183.25
v5_service device=0 lane=0 class=2 jobs=18 rows=64670 cells=680586 reach=1034862 reverse=1153582 table_mib=55.2 mutable_mib=2048.0 max_job_mib=267.6 oldest_ms=488.86 pack_ms=39.46 solve_ms=183.32
v5_device jobs=6 rows=13755 cells=133185 direct=true graph_reused=false upload_ms=7.46 capture_ms=4.18 queue_ms=66.77 gpu_ms=0.01 unpack_ms=1.59 total_ms=80.01
v5_service device=0 lane=1 class=2 jobs=6 rows=13755 cells=133185 reach=204995 reverse=256128 table_mib=12.7 mutable_mib=448.0 max_job_mib=131.5 oldest_ms=246.23 pack_ms=9.48 solve_ms=80.06
v5_device jobs=1 rows=28025 cells=671064 direct=true graph_reused=false upload_ms=12.47 capture_ms=4.04 queue_ms=45.86 gpu_ms=0.01 unpack_ms=2.59 total_ms=64.97
v5_service device=0 lane=0 class=3 jobs=1 rows=28025 cells=671064 reach=511454 reverse=671064 table_mib=27.8 mutable_mib=1024.0 max_job_mib=1062.3 oldest_ms=723.49 pack_ms=16.73 solve_ms=65.03
v5_device jobs=1 rows=18614 cells=77974 direct=true graph_reused=false upload_ms=3.08 capture_ms=4.19 queue_ms=17.62 gpu_ms=0.01 unpack_ms=0.37 total_ms=25.27
v5_service device=0 lane=1 class=3 jobs=1 rows=18614 cells=77974 reach=54601 reverse=77974 table_mib=8.1 mutable_mib=512.0 max_job_mib=522.5 oldest_ms=290.21 pack_ms=4.61 solve_ms=25.33
v5_device jobs=1 rows=22755 cells=44571 direct=true graph_reused=false upload_ms=19.59 capture_ms=5.24 queue_ms=70.58 gpu_ms=0.01 unpack_ms=18.69 total_ms=114.10
v5_service device=0 lane=2 class=3 jobs=1 rows=22755 cells=44571 reach=536332 reverse=536323 table_mib=22.2 mutable_mib=512.0 max_job_mib=541.0 oldest_ms=354.47 pack_ms=30.07 solve_ms=114.23
v5_device jobs=90 rows=57266 cells=1186996 direct=true graph_reused=false upload_ms=35.00 capture_ms=5.56 queue_ms=91.63 gpu_ms=0.01 unpack_ms=8.61 total_ms=140.81
v5_service device=1 lane=1 class=1 jobs=90 rows=57266 cells=1186996 reach=1070019 reverse=1368508 table_mib=60.4 mutable_mib=1840.0 max_job_mib=36.1 oldest_ms=117.96 pack_ms=33.76 solve_ms=140.86
v5_device jobs=21 rows=4485 cells=67629 direct=true graph_reused=false upload_ms=2.39 capture_ms=3.02 queue_ms=13.33 gpu_ms=0.01 unpack_ms=0.59 total_ms=19.34
v5_service device=0 lane=1 class=0 jobs=21 rows=4485 cells=67629 reach=93615 reverse=117536 table_mib=5.0 mutable_mib=136.0 max_job_mib=9.0 oldest_ms=76.32 pack_ms=3.05 solve_ms=19.40
v5_device jobs=10 rows=24987 cells=1109780 direct=true graph_reused=false upload_ms=28.50 capture_ms=3.14 queue_ms=59.15 gpu_ms=0.01 unpack_ms=5.53 total_ms=96.33
v5_service device=1 lane=1 class=2 jobs=10 rows=24987 cells=1109780 reach=1027859 reverse=1305871 table_mib=45.7 mutable_mib=768.0 max_job_mib=159.5 oldest_ms=317.21 pack_ms=27.07 solve_ms=96.39
v5_device jobs=28 rows=20328 cells=396720 direct=true graph_reused=false upload_ms=18.12 capture_ms=3.72 queue_ms=72.24 gpu_ms=0.01 unpack_ms=3.41 total_ms=97.50
v5_service device=0 lane=0 class=1 jobs=28 rows=20328 cells=396720 reach=562860 reverse=678944 table_mib=26.1 mutable_mib=672.0 max_job_mib=36.4 oldest_ms=79.01 pack_ms=13.38 solve_ms=97.57
v5_device jobs=28 rows=18201 cells=181752 direct=true graph_reused=false upload_ms=10.96 capture_ms=3.39 queue_ms=62.57 gpu_ms=0.01 unpack_ms=2.22 total_ms=79.14
v5_service device=0 lane=1 class=1 jobs=28 rows=18201 cells=181752 reach=480887 reverse=516733 table_mib=20.1 mutable_mib=592.0 max_job_mib=35.5 oldest_ms=110.31 pack_ms=12.43 solve_ms=79.20
v5_device jobs=5 rows=1005 cells=20377 direct=true graph_reused=false upload_ms=0.41 capture_ms=3.64 queue_ms=5.54 gpu_ms=0.01 unpack_ms=0.22 total_ms=9.82
v5_service device=0 lane=0 class=0 jobs=5 rows=1005 cells=20377 reach=12545 reverse=20377 table_mib=1.0 mutable_mib=28.0 max_job_mib=8.5 oldest_ms=202.70 pack_ms=2.81 solve_ms=9.89
v5_device jobs=17 rows=10171 cells=474668 direct=true graph_reused=false upload_ms=9.85 capture_ms=3.97 queue_ms=71.64 gpu_ms=0.01 unpack_ms=5.18 total_ms=90.66
v5_service device=0 lane=2 class=1 jobs=17 rows=10171 cells=474668 reach=542734 reverse=660533 table_mib=22.4 mutable_mib=368.0 max_job_mib=38.2 oldest_ms=83.63 pack_ms=25.99 solve_ms=90.75
v5_device jobs=3 rows=736 cells=17032 direct=true graph_reused=false upload_ms=0.48 capture_ms=6.47 queue_ms=0.95 gpu_ms=0.01 unpack_ms=0.17 total_ms=8.07
v5_service device=0 lane=2 class=0 jobs=3 rows=736 cells=17032 reach=13264 reverse=17032 table_mib=0.8 mutable_mib=24.0 max_job_mib=8.7 oldest_ms=207.51 pack_ms=3.09 solve_ms=8.15
v5_device jobs=9 rows=19175 cells=285311 direct=true graph_reused=false upload_ms=6.86 capture_ms=3.49 queue_ms=62.01 gpu_ms=0.01 unpack_ms=1.92 total_ms=74.29
v5_service device=0 lane=0 class=2 jobs=9 rows=19175 cells=285311 reach=274023 reverse=285319 table_mib=15.3 mutable_mib=640.0 max_job_mib=129.9 oldest_ms=223.75 pack_ms=8.65 solve_ms=74.35
v5_device jobs=1 rows=16661 cells=131161 direct=true graph_reused=false upload_ms=4.73 capture_ms=4.89 queue_ms=73.85 gpu_ms=0.02 unpack_ms=0.70 total_ms=84.18
v5_service device=0 lane=2 class=3 jobs=1 rows=16661 cells=131161 reach=131178 reverse=131161 table_mib=9.3 mutable_mib=512.0 max_job_mib=524.8 oldest_ms=211.43 pack_ms=7.81 solve_ms=84.26
v5_device jobs=13 rows=37374 cells=387875 direct=true graph_reused=false upload_ms=19.07 capture_ms=3.44 queue_ms=68.88 gpu_ms=0.01 unpack_ms=3.31 total_ms=94.70
v5_service device=0 lane=1 class=2 jobs=13 rows=37374 cells=387875 reach=718884 reverse=785964 table_mib=34.2 mutable_mib=1216.0 max_job_mib=270.0 oldest_ms=214.31 pack_ms=22.76 solve_ms=94.76
v5_device jobs=2 rows=3233 cells=144118 direct=true graph_reused=false upload_ms=2.46 capture_ms=4.87 queue_ms=14.02 gpu_ms=0.02 unpack_ms=0.83 total_ms=22.19
v5_service device=0 lane=2 class=2 jobs=2 rows=3233 cells=144118 reach=119425 reverse=144118 table_mib=5.5 mutable_mib=128.0 max_job_mib=71.2 oldest_ms=263.77 pack_ms=4.31 solve_ms=22.26
v5_device jobs=26 rows=19704 cells=514066 direct=true graph_reused=false upload_ms=14.23 capture_ms=4.05 queue_ms=190.41 gpu_ms=0.01 unpack_ms=4.15 total_ms=212.85
v5_service device=0 lane=2 class=1 jobs=26 rows=19704 cells=514066 reach=417759 reverse=525112 table_mib=23.7 mutable_mib=624.0 max_job_mib=37.0 oldest_ms=80.83 pack_ms=15.44 solve_ms=212.91
v5_device jobs=1 rows=28184 cells=2015886 direct=true graph_reused=false upload_ms=65.57 capture_ms=3.28 queue_ms=216.22 gpu_ms=0.02 unpack_ms=8.94 total_ms=294.04
v5_service device=0 lane=1 class=3 jobs=1 rows=28184 cells=2015886 reach=2007817 reverse=2015886 table_mib=72.6 mutable_mib=1024.0 max_job_mib=1136.5 oldest_ms=336.38 pack_ms=39.92 solve_ms=294.09
v5_device jobs=2 rows=70594 cells=1191998 direct=true graph_reused=false upload_ms=66.79 capture_ms=3.39 queue_ms=274.99 gpu_ms=0.01 unpack_ms=12.26 total_ms=357.44
v5_service device=0 lane=0 class=3 jobs=2 rows=70594 cells=1191998 reach=905135 reverse=1191998 table_mib=66.1 mutable_mib=2560.0 max_job_mib=2151.6 oldest_ms=317.70 pack_ms=34.49 solve_ms=357.49
v5_device jobs=3 rows=7358 cells=40633 direct=true graph_reused=false upload_ms=2.63 capture_ms=6.54 queue_ms=14.83 gpu_ms=0.01 unpack_ms=1.11 total_ms=25.12
v5_service device=0 lane=2 class=2 jobs=3 rows=7358 cells=40633 reach=37593 reverse=40644 table_mib=4.4 mutable_mib=256.0 max_job_mib=132.5 oldest_ms=327.49 pack_ms=9.65 solve_ms=25.20
v5_device jobs=4 rows=1144 cells=19647 direct=true graph_reused=false upload_ms=0.63 capture_ms=3.90 queue_ms=4.43 gpu_ms=0.01 unpack_ms=0.18 total_ms=9.14
v5_service device=0 lane=2 class=0 jobs=4 rows=1144 cells=19647 reach=26756 reverse=31089 table_mib=1.3 mutable_mib=32.0 max_job_mib=8.7 oldest_ms=345.02 pack_ms=3.38 solve_ms=9.20
v5_device jobs=4 rows=107142 cells=4044152 direct=true graph_reused=false upload_ms=182.21 capture_ms=2.88 queue_ms=331.81 gpu_ms=0.01 unpack_ms=58.06 total_ms=574.98
v5_service device=1 lane=1 class=3 jobs=4 rows=107142 cells=4044152 reach=4519163 reverse=4725720 table_mib=179.8 mutable_mib=4096.0 max_job_mib=2230.9 oldest_ms=469.06 pack_ms=107.04 solve_ms=575.03
v5_device jobs=17 rows=11586 cells=256516 direct=true graph_reused=false upload_ms=5.24 capture_ms=4.02 queue_ms=44.43 gpu_ms=0.01 unpack_ms=2.10 total_ms=55.80
v5_service device=0 lane=2 class=1 jobs=17 rows=11586 cells=256516 reach=243896 reverse=290347 table_mib=13.2 mutable_mib=368.0 max_job_mib=37.4 oldest_ms=90.25 pack_ms=8.67 solve_ms=55.86
v5_device jobs=1 rows=40002 cells=191308 direct=true graph_reused=false upload_ms=73.17 capture_ms=3.20 queue_ms=91.93 gpu_ms=0.01 unpack_ms=4.42 total_ms=172.73
v5_service device=0 lane=0 class=3 jobs=1 rows=40002 cells=191308 reach=1375283 reverse=1540737 table_mib=52.8 mutable_mib=1024.0 max_job_mib=1093.4 oldest_ms=643.18 pack_ms=26.33 solve_ms=172.78
v5_device jobs=1 rows=1704 cells=45680 direct=true graph_reused=false upload_ms=1.35 capture_ms=4.67 queue_ms=10.10 gpu_ms=0.01 unpack_ms=0.29 total_ms=16.42
v5_service device=0 lane=2 class=2 jobs=1 rows=1704 cells=45680 reach=44274 reverse=45680 table_mib=2.4 mutable_mib=64.0 max_job_mib=68.6 oldest_ms=154.30 pack_ms=4.35 solve_ms=16.48
v5_device jobs=2 rows=504 cells=1989 direct=true graph_reused=false upload_ms=0.15 capture_ms=4.14 queue_ms=0.40 gpu_ms=0.00 unpack_ms=0.04 total_ms=4.72
v5_service device=0 lane=2 class=0 jobs=2 rows=504 cells=1989 reach=1685 reverse=1989 table_mib=0.2 mutable_mib=16.0 max_job_mib=8.1 oldest_ms=156.20 pack_ms=0.24 solve_ms=4.77
v5_device jobs=39 rows=10105 cells=148712 direct=true graph_reused=false upload_ms=3.80 capture_ms=3.16 queue_ms=18.72 gpu_ms=0.01 unpack_ms=1.11 total_ms=26.81
v5_service device=1 lane=1 class=0 jobs=39 rows=10105 cells=148712 reach=166176 reverse=216566 table_mib=9.8 mutable_mib=274.0 max_job_mib=9.1 oldest_ms=78.27 pack_ms=5.56 solve_ms=26.87
v5_device jobs=43 rows=35199 cells=286054 direct=true graph_reused=false upload_ms=19.54 capture_ms=3.35 queue_ms=94.28 gpu_ms=0.01 unpack_ms=3.16 total_ms=120.34
v5_service device=0 lane=0 class=1 jobs=43 rows=35199 cells=286054 reach=470526 reverse=552620 table_mib=27.5 mutable_mib=1056.0 max_job_mib=35.0 oldest_ms=76.83 pack_ms=14.94 solve_ms=120.39
v5_device jobs=34 rows=26210 cells=489388 direct=true graph_reused=false upload_ms=18.13 capture_ms=4.03 queue_ms=57.45 gpu_ms=0.01 unpack_ms=5.70 total_ms=85.32
v5_service device=0 lane=2 class=1 jobs=34 rows=26210 cells=489388 reach=452838 reverse=562942 table_mib=26.2 mutable_mib=816.0 max_job_mib=34.7 oldest_ms=79.30 pack_ms=16.33 solve_ms=85.38
v5_device jobs=8 rows=1852 cells=11282 direct=true graph_reused=false upload_ms=0.85 capture_ms=4.93 queue_ms=5.56 gpu_ms=0.01 unpack_ms=0.24 total_ms=11.58
v5_service device=0 lane=2 class=0 jobs=8 rows=1852 cells=11282 reach=35850 reverse=48116 table_mib=1.9 mutable_mib=56.0 max_job_mib=9.0 oldest_ms=190.88 pack_ms=2.39 solve_ms=11.65
v5_device jobs=2 rows=3388 cells=42609 direct=true graph_reused=false upload_ms=1.03 capture_ms=3.85 queue_ms=17.38 gpu_ms=0.01 unpack_ms=0.32 total_ms=22.59
v5_service device=0 lane=2 class=2 jobs=2 rows=3388 cells=42609 reach=39536 reverse=42609 table_mib=2.5 mutable_mib=128.0 max_job_mib=66.1 oldest_ms=182.97 pack_ms=2.08 solve_ms=22.64
v5_device jobs=10 rows=26062 cells=177485 direct=true graph_reused=false upload_ms=15.07 capture_ms=3.32 queue_ms=48.13 gpu_ms=0.01 unpack_ms=2.78 total_ms=69.31
v5_service device=0 lane=0 class=2 jobs=10 rows=26062 cells=177485 reach=512546 reverse=523554 table_mib=23.7 mutable_mib=768.0 max_job_mib=137.8 oldest_ms=235.22 pack_ms=16.54 solve_ms=69.36
v5_device jobs=84 rows=55184 cells=1236782 direct=true graph_reused=false upload_ms=71.79 capture_ms=2.88 queue_ms=105.30 gpu_ms=0.01 unpack_ms=9.27 total_ms=189.25
v5_service device=1 lane=1 class=1 jobs=84 rows=55184 cells=1236782 reach=1632321 reverse=1977580 table_mib=74.7 mutable_mib=1824.0 max_job_mib=39.3 oldest_ms=140.73 pack_ms=39.59 solve_ms=189.31
v5_device jobs=25 rows=6367 cells=58046 direct=true graph_reused=false upload_ms=4.17 capture_ms=3.38 queue_ms=16.93 gpu_ms=0.01 unpack_ms=1.22 total_ms=25.71
v5_service device=0 lane=0 class=0 jobs=25 rows=6367 cells=58046 reach=118571 reverse=149492 table_mib=6.3 mutable_mib=184.0 max_job_mib=9.0 oldest_ms=327.47 pack_ms=8.33 solve_ms=25.75
v5_device jobs=7 rows=13623 cells=116045 direct=true graph_reused=false upload_ms=3.70 capture_ms=4.07 queue_ms=22.99 gpu_ms=0.02 unpack_ms=1.46 total_ms=32.25
v5_service device=0 lane=2 class=2 jobs=7 rows=13623 cells=116045 reach=108895 reverse=118878 table_mib=8.6 mutable_mib=448.0 max_job_mib=68.3 oldest_ms=79.57 pack_ms=7.31 solve_ms=32.32
v5_device jobs=25 rows=5184 cells=40242 direct=true graph_reused=false upload_ms=3.06 capture_ms=3.98 queue_ms=17.03 gpu_ms=0.01 unpack_ms=0.72 total_ms=24.81
v5_service device=0 lane=2 class=0 jobs=25 rows=5184 cells=40242 reach=122389 reverse=142594 table_mib=5.9 mutable_mib=158.0 max_job_mib=9.1 oldest_ms=122.74 pack_ms=7.60 solve_ms=24.88
v5_device jobs=14 rows=44799 cells=1870048 direct=true graph_reused=false upload_ms=65.40 capture_ms=3.24 queue_ms=94.02 gpu_ms=0.01 unpack_ms=9.16 total_ms=171.83
v5_service device=1 lane=1 class=2 jobs=14 rows=44799 cells=1870048 reach=1402777 reverse=1960539 table_mib=72.2 mutable_mib=1408.0 max_job_mib=290.2 oldest_ms=397.53 pack_ms=40.58 solve_ms=171.88
v5_device jobs=57 rows=41001 cells=576045 direct=true graph_reused=false upload_ms=28.32 capture_ms=3.82 queue_ms=176.91 gpu_ms=0.02 unpack_ms=6.38 total_ms=215.43
v5_service device=0 lane=2 class=1 jobs=57 rows=41001 cells=576045 reach=1009794 reverse=1140701 table_mib=45.6 mutable_mib=1280.0 max_job_mib=37.9 oldest_ms=172.42 pack_ms=36.06 solve_ms=215.50
v5_device jobs=3 rows=104098 cells=1205728 direct=true graph_reused=false upload_ms=72.60 capture_ms=2.94 queue_ms=241.26 gpu_ms=0.02 unpack_ms=16.11 total_ms=332.93
v5_service device=0 lane=0 class=3 jobs=3 rows=104098 cells=1205728 reach=949134 reverse=1205728 table_mib=73.7 mutable_mib=3584.0 max_job_mib=2098.5 oldest_ms=338.14 pack_ms=37.31 solve_ms=332.99
v5_device jobs=1 rows=46386 cells=183119 direct=true graph_reused=false upload_ms=97.64 capture_ms=3.17 queue_ms=100.33 gpu_ms=0.02 unpack_ms=8.36 total_ms=209.52
v5_service device=1 lane=1 class=3 jobs=1 rows=46386 cells=183119 reach=2387775 reverse=2485037 table_mib=78.5 mutable_mib=2048.0 max_job_mib=2156.6 oldest_ms=636.54 pack_ms=33.77 solve_ms=209.58
v5_device jobs=1 rows=36210 cells=159557 direct=true graph_reused=false upload_ms=33.22 capture_ms=3.95 queue_ms=63.16 gpu_ms=0.01 unpack_ms=2.57 total_ms=102.91
v5_service device=0 lane=2 class=3 jobs=1 rows=36210 cells=159557 reach=945056 reverse=1470701 table_mib=47.0 mutable_mib=1024.0 max_job_mib=1082.6 oldest_ms=416.43 pack_ms=36.41 solve_ms=102.98
v5_device jobs=30 rows=20344 cells=217352 direct=true graph_reused=false upload_ms=12.74 capture_ms=3.35 queue_ms=36.62 gpu_ms=0.02 unpack_ms=2.68 total_ms=55.41
v5_service device=0 lane=0 class=1 jobs=30 rows=20344 cells=217352 reach=363343 reverse=411406 table_mib=18.4 mutable_mib=640.0 max_job_mib=35.7 oldest_ms=78.11 pack_ms=11.17 solve_ms=55.47
v5_device jobs=5 rows=1583 cells=14817 direct=true graph_reused=false upload_ms=0.39 capture_ms=4.31 queue_ms=7.71 gpu_ms=0.01 unpack_ms=0.13 total_ms=12.55
v5_service device=0 lane=2 class=0 jobs=5 rows=1583 cells=14817 reach=11214 reverse=14817 table_mib=0.9 mutable_mib=40.0 max_job_mib=8.4 oldest_ms=75.27 pack_ms=3.69 solve_ms=12.61
v5_device jobs=19 rows=4926 cells=67080 direct=true graph_reused=false upload_ms=2.40 capture_ms=3.63 queue_ms=14.98 gpu_ms=0.01 unpack_ms=0.76 total_ms=21.78
v5_service device=0 lane=0 class=0 jobs=19 rows=4926 cells=67080 reach=81123 reverse=102264 table_mib=4.7 mutable_mib=136.0 max_job_mib=8.7 oldest_ms=179.50 pack_ms=3.97 solve_ms=21.84
v5_device jobs=4 rows=2731 cells=19479 direct=true graph_reused=false upload_ms=1.63 capture_ms=6.30 queue_ms=23.67 gpu_ms=0.01 unpack_ms=0.31 total_ms=31.92
v5_service device=0 lane=2 class=1 jobs=4 rows=2731 cells=19479 reach=48889 reverse=54948 table_mib=2.5 mutable_mib=80.0 max_job_mib=33.3 oldest_ms=98.52 pack_ms=3.92 solve_ms=32.01
v5_device jobs=5 rows=12211 cells=105658 direct=true graph_reused=false upload_ms=4.08 capture_ms=3.43 queue_ms=22.68 gpu_ms=0.00 unpack_ms=0.93 total_ms=31.13
v5_service device=0 lane=0 class=2 jobs=5 rows=12211 cells=105658 reach=177010 reverse=214372 table_mib=9.9 mutable_mib=384.0 max_job_mib=132.0 oldest_ms=210.81 pack_ms=6.28 solve_ms=31.17
v5_device jobs=2 rows=12160 cells=1023514 direct=true graph_reused=false upload_ms=13.83 capture_ms=3.97 queue_ms=36.19 gpu_ms=0.01 unpack_ms=3.41 total_ms=57.42
v5_service device=0 lane=2 class=2 jobs=2 rows=12160 cells=1023514 reach=611833 reverse=1023514 table_mib=32.7 mutable_mib=320.0 max_job_mib=301.5 oldest_ms=145.50 pack_ms=38.89 solve_ms=57.47
v5_device jobs=2 rows=41750 cells=3351731 direct=true graph_reused=false upload_ms=114.20 capture_ms=2.98 queue_ms=206.39 gpu_ms=0.02 unpack_ms=38.18 total_ms=361.76
v5_service device=1 lane=1 class=3 jobs=2 rows=41750 cells=3351731 reach=3314220 reverse=3351737 table_mib=119.1 mutable_mib=1536.0 max_job_mib=1195.4 oldest_ms=882.08 pack_ms=66.01 solve_ms=361.82
v5_device jobs=40 rows=27496 cells=501458 direct=true graph_reused=false upload_ms=19.33 capture_ms=2.96 queue_ms=64.03 gpu_ms=0.01 unpack_ms=3.81 total_ms=90.13
v5_service device=1 lane=1 class=1 jobs=40 rows=27496 cells=501458 reach=800152 reverse=941782 table_mib=35.4 mutable_mib=880.0 max_job_mib=35.8 oldest_ms=78.09 pack_ms=15.93 solve_ms=90.18
v5_device jobs=13 rows=3073 cells=33942 direct=true graph_reused=false upload_ms=1.90 capture_ms=2.85 queue_ms=10.08 gpu_ms=0.01 unpack_ms=0.34 total_ms=15.17
v5_service device=1 lane=1 class=0 jobs=13 rows=3073 cells=33942 reach=83078 reverse=93609 table_mib=3.7 mutable_mib=94.0 max_job_mib=9.0 oldest_ms=202.50 pack_ms=3.32 solve_ms=15.23
v5_device jobs=8 rows=15322 cells=473224 direct=true graph_reused=false upload_ms=6.86 capture_ms=3.19 queue_ms=27.34 gpu_ms=0.01 unpack_ms=1.87 total_ms=39.27
v5_service device=1 lane=1 class=2 jobs=8 rows=15322 cells=473224 reach=346293 reverse=473706 table_mib=18.8 mutable_mib=512.0 max_job_mib=75.6 oldest_ms=230.18 pack_ms=10.03 solve_ms=39.32
v5_device jobs=35 rows=24011 cells=331080 direct=true graph_reused=false upload_ms=9.79 capture_ms=3.03 queue_ms=42.17 gpu_ms=0.01 unpack_ms=2.44 total_ms=57.44
v5_service device=1 lane=1 class=1 jobs=35 rows=24011 cells=331080 reach=433178 reverse=497693 table_mib=22.5 mutable_mib=768.0 max_job_mib=35.9 oldest_ms=79.16 pack_ms=10.05 solve_ms=57.50
v5_device jobs=6 rows=20324 cells=213156 direct=true graph_reused=false upload_ms=7.83 capture_ms=3.46 queue_ms=30.85 gpu_ms=0.01 unpack_ms=1.60 total_ms=43.74
v5_service device=1 lane=1 class=2 jobs=6 rows=20324 cells=213156 reach=360281 reverse=399126 table_mib=18.0 mutable_mib=704.0 max_job_mib=263.1 oldest_ms=160.32 pack_ms=8.83 solve_ms=43.79
v5_device jobs=23 rows=4950 cells=29100 direct=true graph_reused=false upload_ms=3.15 capture_ms=3.01 queue_ms=11.72 gpu_ms=0.00 unpack_ms=0.37 total_ms=18.26
v5_service device=1 lane=1 class=0 jobs=23 rows=4950 cells=29100 reach=50012 reverse=65876 table_mib=3.6 mutable_mib=146.0 max_job_mib=8.6 oldest_ms=216.87 pack_ms=2.21 solve_ms=18.30
v5_device jobs=32 rows=24502 cells=493118 direct=true graph_reused=false upload_ms=11.78 capture_ms=3.10 queue_ms=47.28 gpu_ms=0.01 unpack_ms=3.32 total_ms=65.49
v5_service device=1 lane=1 class=1 jobs=32 rows=24502 cells=493118 reach=461519 reverse=577569 table_mib=25.9 mutable_mib=752.0 max_job_mib=34.8 oldest_ms=80.32 pack_ms=12.39 solve_ms=65.54
v5_device jobs=17 rows=4015 cells=45723 direct=true graph_reused=false upload_ms=1.41 capture_ms=3.02 queue_ms=13.91 gpu_ms=0.01 unpack_ms=0.38 total_ms=18.72
v5_service device=1 lane=1 class=0 jobs=17 rows=4015 cells=45723 reach=69616 reverse=85598 table_mib=3.8 mutable_mib=120.0 max_job_mib=8.8 oldest_ms=187.93 pack_ms=2.15 solve_ms=18.77
v5_device jobs=1 rows=2033 cells=5827 direct=true graph_reused=false upload_ms=0.30 capture_ms=3.32 queue_ms=3.02 gpu_ms=0.00 unpack_ms=0.04 total_ms=6.68
v5_service device=1 lane=1 class=2 jobs=1 rows=2033 cells=5827 reach=5789 reverse=5827 table_mib=0.8 mutable_mib=64.0 max_job_mib=65.2 oldest_ms=191.68 pack_ms=0.71 solve_ms=6.71
v5_device jobs=10 rows=20154 cells=245140 direct=true graph_reused=false upload_ms=4.75 capture_ms=2.89 queue_ms=26.67 gpu_ms=0.01 unpack_ms=1.24 total_ms=35.55
v5_service device=1 lane=1 class=2 jobs=10 rows=20154 cells=245140 reach=217834 reverse=246482 table_mib=13.9 mutable_mib=640.0 max_job_mib=67.0 oldest_ms=78.00 pack_ms=5.34 solve_ms=35.59
v5_device jobs=20 rows=4733 cells=56745 direct=true graph_reused=false upload_ms=1.60 capture_ms=3.12 queue_ms=18.89 gpu_ms=0.00 unpack_ms=0.43 total_ms=24.04
v5_service device=1 lane=1 class=0 jobs=20 rows=4733 cells=56745 reach=84889 reverse=101523 table_mib=4.6 mutable_mib=132.0 max_job_mib=8.6 oldest_ms=127.01 pack_ms=2.33 solve_ms=24.06
v5_device jobs=45 rows=33448 cells=566329 direct=true graph_reused=false upload_ms=16.23 capture_ms=3.07 queue_ms=58.16 gpu_ms=0.01 unpack_ms=4.26 total_ms=81.72
v5_service device=1 lane=1 class=1 jobs=45 rows=33448 cells=566329 reach=609325 reverse=738342 table_mib=33.5 mutable_mib=1088.0 max_job_mib=35.9 oldest_ms=169.26 pack_ms=17.85 solve_ms=81.76
v5_device jobs=1 rows=16849 cells=559219 direct=true graph_reused=false upload_ms=10.16 capture_ms=3.10 queue_ms=34.76 gpu_ms=0.01 unpack_ms=1.52 total_ms=49.55
v5_service device=1 lane=1 class=3 jobs=1 rows=16849 cells=559219 reach=547566 reverse=559219 table_mib=22.9 mutable_mib=512.0 max_job_mib=545.3 oldest_ms=314.21 pack_ms=15.96 solve_ms=49.59
v5_device jobs=1 rows=26080 cells=54414 direct=true graph_reused=false upload_ms=20.41 capture_ms=3.01 queue_ms=39.67 gpu_ms=0.01 unpack_ms=0.92 total_ms=64.00
v5_service device=1 lane=1 class=3 jobs=1 rows=26080 cells=54414 reach=689334 reverse=977382 table_mib=31.8 mutable_mib=1024.0 max_job_mib=1064.5 oldest_ms=351.46 pack_ms=15.66 solve_ms=64.05
v5_device jobs=51 rows=36890 cells=407173 direct=true graph_reused=false upload_ms=15.20 capture_ms=3.05 queue_ms=60.06 gpu_ms=0.01 unpack_ms=3.64 total_ms=81.95
v5_service device=1 lane=1 class=1 jobs=51 rows=36890 cells=407173 reach=562380 reverse=637065 table_mib=31.5 mutable_mib=1104.0 max_job_mib=35.0 oldest_ms=77.17 pack_ms=14.15 solve_ms=81.99
v5_device jobs=15 rows=3909 cells=70748 direct=true graph_reused=false upload_ms=1.88 capture_ms=2.92 queue_ms=10.99 gpu_ms=0.01 unpack_ms=0.43 total_ms=16.23
v5_service device=1 lane=1 class=0 jobs=15 rows=3909 cells=70748 reach=100794 reverse=135137 table_mib=5.1 mutable_mib=112.0 max_job_mib=9.3 oldest_ms=223.82 pack_ms=3.95 solve_ms=16.27
v5_device jobs=9 rows=21127 cells=876321 direct=true graph_reused=false upload_ms=19.12 capture_ms=3.08 queue_ms=60.62 gpu_ms=0.01 unpack_ms=4.58 total_ms=87.41
v5_service device=1 lane=1 class=2 jobs=9 rows=21127 cells=876321 reach=843724 reverse=959662 table_mib=36.9 mutable_mib=704.0 max_job_mib=141.0 oldest_ms=246.67 pack_ms=19.63 solve_ms=87.45
v5_device jobs=1 rows=18373 cells=194700 direct=true graph_reused=false upload_ms=3.82 capture_ms=2.98 queue_ms=21.38 gpu_ms=0.01 unpack_ms=0.65 total_ms=28.83
v5_service device=1 lane=1 class=3 jobs=1 rows=18373 cells=194700 reach=145022 reverse=194700 table_mib=11.7 mutable_mib=512.0 max_job_mib=529.2 oldest_ms=333.89 pack_ms=5.19 solve_ms=28.87
v5_device jobs=2 rows=71205 cells=470981 direct=true graph_reused=false upload_ms=20.78 capture_ms=3.09 queue_ms=83.26 gpu_ms=0.01 unpack_ms=4.88 total_ms=112.02
v5_service device=1 lane=1 class=3 jobs=2 rows=71205 cells=470981 reach=469052 reverse=471015 table_mib=39.6 mutable_mib=2048.0 max_job_mib=1059.4 oldest_ms=78.36 pack_ms=16.12 solve_ms=112.06
v5_device jobs=17 rows=10731 cells=103589 direct=true graph_reused=false upload_ms=4.25 capture_ms=3.06 queue_ms=24.86 gpu_ms=0.01 unpack_ms=1.11 total_ms=33.28
v5_service device=1 lane=1 class=1 jobs=17 rows=10731 cells=103589 reach=244871 reverse=278429 table_mib=11.2 mutable_mib=352.0 max_job_mib=35.3 oldest_ms=220.29 pack_ms=5.95 solve_ms=33.33
v5_device jobs=13 rows=3126 cells=31472 direct=true graph_reused=false upload_ms=1.17 capture_ms=2.83 queue_ms=10.39 gpu_ms=0.00 unpack_ms=0.31 total_ms=14.72
v5_service device=1 lane=1 class=0 jobs=13 rows=3126 cells=31472 reach=56531 reverse=66794 table_mib=3.0 mutable_mib=82.0 max_job_mib=9.0 oldest_ms=270.46 pack_ms=2.85 solve_ms=14.75
v5_device jobs=1 rows=2102 cells=18077 direct=true graph_reused=false upload_ms=0.45 capture_ms=3.43 queue_ms=4.72 gpu_ms=0.00 unpack_ms=0.06 total_ms=8.66
v5_service device=1 lane=1 class=2 jobs=1 rows=2102 cells=18077 reach=18545 reverse=18553 table_mib=1.2 mutable_mib=64.0 max_job_mib=65.6 oldest_ms=262.22 pack_ms=1.82 solve_ms=8.69
v5_device jobs=37 rows=9983 cells=107228 direct=true graph_reused=false upload_ms=3.13 capture_ms=2.86 queue_ms=19.54 gpu_ms=0.01 unpack_ms=0.82 total_ms=26.35
v5_service device=1 lane=1 class=0 jobs=37 rows=9983 cells=107228 reach=141384 reverse=172234 table_mib=8.6 mutable_mib=264.0 max_job_mib=8.9 oldest_ms=75.73 pack_ms=4.50 solve_ms=26.39
v5_device jobs=103 rows=72253 cells=1259863 direct=true graph_reused=false upload_ms=91.79 capture_ms=3.31 queue_ms=128.82 gpu_ms=0.02 unpack_ms=10.85 total_ms=234.79
v5_service device=1 lane=1 class=1 jobs=103 rows=72253 cells=1259863 reach=2050404 reverse=2436664 table_mib=91.5 mutable_mib=2256.0 max_job_mib=40.5 oldest_ms=159.09 pack_ms=50.47 solve_ms=234.84
v5_device jobs=21 rows=65467 cells=761918 direct=true graph_reused=false upload_ms=25.56 capture_ms=3.19 queue_ms=81.33 gpu_ms=0.01 unpack_ms=5.93 total_ms=116.02
v5_service device=1 lane=1 class=2 jobs=21 rows=65467 cells=761918 reach=755507 reverse=881868 table_mib=47.9 mutable_mib=1984.0 max_job_mib=264.9 oldest_ms=528.03 pack_ms=24.12 solve_ms=116.08
v5_device jobs=1 rows=39154 cells=830613 direct=true graph_reused=false upload_ms=125.71 capture_ms=2.86 queue_ms=143.16 gpu_ms=0.02 unpack_ms=8.62 total_ms=280.36
v5_service device=1 lane=1 class=3 jobs=1 rows=39154 cells=830613 reach=3648320 reverse=4061863 table_mib=113.5 mutable_mib=1024.0 max_job_mib=1181.8 oldest_ms=829.98 pack_ms=44.10 solve_ms=280.41
v5_device jobs=2 rows=34008 cells=1263230 direct=true graph_reused=false upload_ms=58.83 capture_ms=3.06 queue_ms=80.04 gpu_ms=0.01 unpack_ms=5.57 total_ms=147.52
v5_service device=1 lane=1 class=3 jobs=2 rows=34008 cells=1263230 reach=1395283 reverse=1426083 table_mib=56.3 mutable_mib=1024.0 max_job_mib=579.4 oldest_ms=1147.30 pack_ms=27.75 solve_ms=147.57
{"phase": "prestop", "solves": 63488, "games": 0, "decisions": 191719, "oversize_routes": 3, "card_exclusive_routes": 0, "exact_fallbacks": 0, "censored_games": 0, "dropped": 0, "node_caps": 4, "seconds": 60.07789817894809, "solves_per_s": 1056.8}
{"phase": "drained", "solves": 67877, "games": 0, "decisions": 206359, "oversize_routes": 4, "card_exclusive_routes": 0, "exact_fallbacks": 0, "censored_games": 4608, "dropped": 0, "node_caps": 46, "seconds": 103.126, "solves_per_s": 658.2}
