Linux 6.8.0-136-generic (856a17914eb3) 	08/10/26 	_x86_64_	(72 CPU)

16:51:47     CPU    %usr   %nice    %sys %iowait    %irq   %soft  %steal  %guest  %gnice   %idle
16:51:48     all    7.04    0.00    0.35    0.00    0.00    0.00    0.00    0.00    0.00   92.61
16:51:49     all    0.76    0.00    0.94    0.00    0.00    0.00    0.00    0.00    0.00   98.29
16:51:50     all    1.51    0.00    0.39    0.00    0.00    0.00    0.00    0.00    0.00   98.10
16:51:51     all    1.31    0.01    0.44    0.00    0.00    0.00    0.00    0.00    0.00   98.24
16:51:52     all    1.43    0.00    0.19    0.00    0.00    0.00    0.00    0.00    0.00   98.38
16:51:53     all    1.61    0.00    0.24    0.00    0.00    0.00    0.00    0.00    0.00   98.15
16:51:54     all    1.53    0.00    0.19    0.00    0.00    0.00    0.00    0.00    0.00   98.28
16:51:55     all    1.43    0.00    0.24    0.00    0.00    0.00    0.00    0.00    0.00   98.33
16:51:56     all    1.58    0.00    0.21    0.00    0.00    0.00    0.00    0.00    0.00   98.21
16:51:57     all    1.63    0.00    0.26    0.00    0.00    0.00    0.00    0.00    0.00   98.11
16:51:58     all    1.58    0.00    0.39    0.00    0.00    0.00    0.00    0.00    0.00   98.03
16:51:59     all    1.70    0.00    0.25    0.00    0.00    0.00    0.00    0.00    0.00   98.05
16:52:00     all    2.10    0.00    0.33    0.00    0.00    0.00    0.00    0.00    0.00   97.57
16:52:01     all    1.64    0.00    0.31    0.00    0.00    0.00    0.00    0.00    0.00   98.06
16:52:02     all    1.60    0.00    0.19    0.00    0.00    0.00    0.00    0.00    0.00   98.21
16:52:03     all    2.07    0.00    0.29    0.00    0.00    0.00    0.00    0.00    0.00   97.64
16:52:04     all    1.36    0.00    0.26    0.01    0.00    0.00    0.00    0.00    0.00   98.36
16:52:05     all    1.67    0.01    0.25    0.00    0.00    0.00    0.00    0.00    0.00   98.07
16:52:06     all    1.51    0.00    0.21    0.00    0.00    0.00    0.00    0.00    0.00   98.28
16:52:07     all    1.35    0.00    0.24    0.00    0.00    0.00    0.00    0.00    0.00   98.42
16:52:08     all    1.65    0.00    0.21    0.00    0.00    0.00    0.00    0.00    0.00   98.14
16:52:09     all    1.58    0.00    0.18    0.00    0.00    0.00    0.00    0.00    0.00   98.24
16:52:10     all    1.46    0.00    0.28    0.00    0.00    0.00    0.00    0.00    0.00   98.26
16:52:11     all    1.56    0.01    0.19    0.00    0.00    0.00    0.00    0.00    0.00   98.24
16:52:12     all    1.58    0.00    0.21    0.00    0.00    0.00    0.00    0.00    0.00   98.21
16:52:13     all    1.40    0.00    0.15    0.00    0.00    0.00    0.00    0.00    0.00   98.44
16:52:14     all    1.54    0.00    0.15    0.00    0.00    0.00    0.00    0.00    0.00   98.30
16:52:15     all    1.65    0.00    0.29    0.00    0.00    0.00    0.00    0.00    0.00   98.06
16:52:16     all    1.38    0.00    0.26    0.00    0.00    0.00    0.00    0.00    0.00   98.36
16:52:17     all    1.60    0.00    0.21    0.00    0.00    0.00    0.00    0.00    0.00   98.19
16:52:18     all    3.36    0.00    0.99    0.00    0.00    0.00    0.00    0.00    0.00   95.65
16:52:19     all    1.36    0.00    0.13    0.00    0.00    0.00    0.00    0.00    0.00   98.51
16:52:20     all    3.37    0.00    0.25    0.00    0.00    0.00    0.00    0.00    0.00   96.38
16:52:21     all    1.76    0.00    0.14    0.00    0.00    0.00    0.00    0.00    0.00   98.10
16:52:22     all    3.98    0.00    0.40    0.00    0.00    0.00    0.00    0.00    0.00   95.61
16:52:23     all    2.20    0.00    0.33    0.00    0.00    0.00    0.00    0.00    0.00   97.47
16:52:24     all    3.68    0.00    0.18    0.00    0.00    0.00    0.00    0.00    0.00   96.14
16:52:25     all    3.73    0.00    0.28    0.00    0.00    0.00    0.00    0.00    0.00   95.99
16:52:26     all    1.59    0.00    0.13    0.00    0.00    0.00    0.00    0.00    0.00   98.29
16:52:27     all    3.96    0.00    0.22    0.00    0.00    0.00    0.00    0.00    0.00   95.82
16:52:28     all    1.44    0.00    0.15    0.00    0.00    0.00    0.00    0.00    0.00   98.40
16:52:29     all    3.60    0.00    0.28    0.00    0.00    0.00    0.00    0.00    0.00   96.12
16:52:30     all    1.85    0.00    0.42    0.00    0.00    0.00    0.00    0.00    0.00   97.74
16:52:31     all    3.58    0.00    0.29    0.00    0.00    0.00    0.00    0.00    0.00   96.12
16:52:32     all    1.64    0.00    0.15    0.00    0.00    0.00    0.00    0.00    0.00   98.21
16:52:33     all    3.71    0.00    0.33    0.00    0.00    0.00    0.00    0.00    0.00   95.96
16:52:34     all    2.26    0.00    0.14    0.00    0.00    0.00    0.00    0.00    0.00   97.61
16:52:35     all    2.95    0.00    0.32    0.00    0.00    0.00    0.00    0.00    0.00   96.73
16:52:36     all    3.75    0.00    0.28    0.00    0.00    0.00    0.00    0.00    0.00   95.97
16:52:37     all    1.42    0.00    0.10    0.00    0.00    0.00    0.00    0.00    0.00   98.49
16:52:38     all    3.89    0.00    0.22    0.00    0.00    0.00    0.00    0.00    0.00   95.89
16:52:39     all    1.65    0.00    0.12    0.00    0.00    0.00    0.00    0.00    0.00   98.22
16:52:40     all    3.52    0.00    0.45    0.00    0.00    0.00    0.00    0.00    0.00   96.04
16:52:41     all    3.04    0.00    0.21    0.00    0.00    0.00    0.00    0.00    0.00   96.75
16:52:42     all    2.32    0.00    0.19    0.00    0.00    0.00    0.00    0.00    0.00   97.48
16:52:43     all    3.97    0.00    0.32    0.00    0.00    0.00    0.00    0.00    0.00   95.71
16:52:44     all    2.10    0.00    0.33    0.00    0.00    0.00    0.00    0.00    0.00   97.57
16:52:45     all    4.00    0.01    0.28    0.00    0.00    0.00    0.00    0.00    0.00   95.70
16:52:46     all    1.60    0.00    0.40    0.00    0.00    0.00    0.00    0.00    0.00   98.00
16:52:47     all    3.92    0.00    0.31    0.00    0.00    0.00    0.00    0.00    0.00   95.78
16:52:48     all    1.74    0.00    0.15    0.00    0.00    0.00    0.00    0.00    0.00   98.11
16:52:49     all    3.42    0.00    0.31    0.00    0.00    0.00    0.00    0.00    0.00   96.27
16:52:50     all    3.75    0.00    0.29    0.00    0.00    0.00    0.00    0.00    0.00   95.96
16:52:51     all    1.74    0.00    0.21    0.00    0.00    0.00    0.00    0.00    0.00   98.05
16:52:52     all    3.93    0.00    0.35    0.00    0.00    0.00    0.00    0.00    0.00   95.72
16:52:53     all    1.64    0.00    0.15    0.00    0.00    0.00    0.00    0.00    0.00   98.21
16:52:54     all    3.74    0.00    0.26    0.00    0.00    0.00    0.00    0.00    0.00   96.00
16:52:55     all    1.47    0.00    0.12    0.00    0.00    0.00    0.00    0.00    0.00   98.40
16:52:56     all    3.72    0.00    0.31    0.00    0.00    0.00    0.00    0.00    0.00   95.97
16:52:57     all    3.86    0.00    0.31    0.00    0.00    0.00    0.00    0.00    0.00   95.83
16:52:58     all    1.38    0.00    0.14    0.00    0.00    0.00    0.00    0.00    0.00   98.49
16:52:59     all    3.65    0.00    0.28    0.00    0.00    0.00    0.00    0.00    0.00   96.07
16:53:00     all    1.65    0.00    0.10    0.00    0.00    0.00    0.00    0.00    0.00   98.25
16:53:01     all    3.71    0.00    0.44    0.00    0.00    0.00    0.00    0.00    0.00   95.85
16:53:02     all    2.38    0.00    0.77    0.00    0.00    0.00    0.00    0.00    0.00   96.86
16:53:03     all    6.18    0.00    1.88    0.00    0.00    0.00    0.00    0.00    0.00   91.94
16:53:04     all    4.95    0.00    2.17    0.00    0.00    0.00    0.00    0.00    0.00   92.88
16:53:05     all    4.86    0.00    2.91    0.00    0.00    0.00    0.00    0.00    0.00   92.23
16:53:06     all    2.18    0.00    0.39    0.00    0.00    0.00    0.00    0.00    0.00   97.43
16:53:07     all    3.87    0.00    0.31    0.00    0.00    0.00    0.00    0.00    0.00   95.83
16:53:08     all    3.76    0.00    0.33    0.00    0.00    0.00    0.00    0.00    0.00   95.90
16:53:09     all    1.62    0.00    0.17    0.00    0.00    0.00    0.00    0.00    0.00   98.21
16:53:10     all    3.49    0.01    0.21    0.03    0.00    0.00    0.00    0.00    0.00   96.26
16:53:11     all    1.74    0.00    0.18    0.00    0.00    0.00    0.00    0.00    0.00   98.08
16:53:12     all    3.94    0.00    0.28    0.00    0.00    0.00    0.00    0.00    0.00   95.78
16:53:13     all    1.53    0.00    0.22    0.00    0.00    0.00    0.00    0.00    0.00   98.25
16:53:14     all    3.70    0.00    0.32    0.00    0.00    0.00    0.00    0.00    0.00   95.98
16:53:15     all    1.64    0.00    0.10    0.00    0.00    0.00    0.00    0.00    0.00   98.26
16:53:16     all    3.62    0.00    0.24    0.00    0.00    0.00    0.00    0.00    0.00   96.14
16:53:17     all    1.68    0.00    0.21    0.00    0.00    0.00    0.00    0.00    0.00   98.11
16:53:18     all    3.85    0.00    0.58    0.00    0.00    0.00    0.00    0.00    0.00   95.57
16:53:19     all    2.30    0.00    0.17    0.00    0.00    0.00    0.00    0.00    0.00   97.53
16:53:20     all    3.46    0.00    0.42    0.00    0.00    0.00    0.00    0.00    0.00   96.12
16:53:21     all    3.75    0.00    0.28    0.00    0.00    0.00    0.00    0.00    0.00   95.97
16:53:22     all    1.44    0.00    0.11    0.00    0.00    0.00    0.00    0.00    0.00   98.44
16:53:23     all    3.87    0.00    0.31    0.00    0.00    0.00    0.00    0.00    0.00   95.82
16:53:24     all    1.71    0.00    0.15    0.00    0.00    0.00    0.00    0.00    0.00   98.14
16:53:25     all    3.45    0.00    0.19    0.00    0.00    0.00    0.00    0.00    0.00   96.35
16:53:26     all    1.65    0.00    0.08    0.00    0.00    0.00    0.00    0.00    0.00   98.26
16:53:27     all    3.87    0.00    0.37    0.00    0.00    0.00    0.00    0.00    0.00   95.75
16:53:28     all    1.54    0.00    0.21    0.00    0.00    0.00    0.00    0.00    0.00   98.25
16:53:29     all    4.02    0.00    0.29    0.00    0.00    0.00    0.00    0.00    0.00   95.69
16:53:30     all    3.67    0.00    0.22    0.00    0.00    0.00    0.00    0.00    0.00   96.11
16:53:31     all    1.38    0.00    0.14    0.00    0.00    0.00    0.00    0.00    0.00   98.49
16:53:32     all    3.91    0.00    0.42    0.00    0.00    0.00    0.00    0.00    0.00   95.67
16:53:33     all    1.96    0.00    0.35    0.00    0.00    0.00    0.00    0.00    0.00   97.69
16:53:34     all    3.73    0.00    0.50    0.00    0.00    0.00    0.00    0.00    0.00   95.77
16:53:35     all    2.08    0.03    0.33    0.00    0.00    0.00    0.00    0.00    0.00   97.55
16:53:36     all    3.71    0.00    0.31    0.00    0.00    0.00    0.00    0.00    0.00   95.98
16:53:37     all    1.50    0.00    0.19    0.00    0.00    0.00    0.00    0.00    0.00   98.31
16:53:38     all    3.87    0.00    0.33    0.00    0.00    0.00    0.00    0.00    0.00   95.80
16:53:39     all    1.64    0.00    0.14    0.00    0.00    0.00    0.00    0.00    0.00   98.22
16:53:40     all    3.47    0.00    0.22    0.00    0.00    0.00    0.00    0.00    0.00   96.31
16:53:41     all    3.64    0.00    0.24    0.00    0.00    0.00    0.00    0.00    0.00   96.12
16:53:42     all    1.75    0.00    0.17    0.00    0.00    0.00    0.00    0.00    0.00   98.08
16:53:43     all    3.59    0.00    0.24    0.00    0.00    0.00    0.00    0.00    0.00   96.18
16:53:44     all    1.65    0.00    0.13    0.00    0.00    0.00    0.00    0.00    0.00   98.22
16:53:45     all    4.07    0.00    0.33    0.00    0.00    0.00    0.00    0.00    0.00   95.60
16:53:46     all    1.69    0.00    0.12    0.00    0.00    0.00    0.00    0.00    0.00   98.18
16:53:47     all    3.85    0.00    0.40    0.00    0.00    0.00    0.00    0.00    0.00   95.75
16:53:48     all    1.67    0.00    0.10    0.00    0.00    0.00    0.00    0.00    0.00   98.24
16:53:49     all    3.58    0.00    0.22    0.00    0.00    0.00    0.00    0.00    0.00   96.19
16:53:50     all    3.52    0.00    0.31    0.00    0.00    0.00    0.00    0.00    0.00   96.17
16:53:51     all    2.14    0.00    0.24    0.00    0.00    0.00    0.00    0.00    0.00   97.62
16:53:52     all    3.67    0.00    0.31    0.00    0.00    0.00    0.00    0.00    0.00   96.03
16:53:53     all    1.67    0.00    0.15    0.00    0.00    0.00    0.00    0.00    0.00   98.18
16:53:54     all    3.78    0.00    0.22    0.00    0.00    0.00    0.00    0.00    0.00   96.00
16:53:55     all    1.82    0.00    0.28    0.00    0.00    0.00    0.00    0.00    0.00   97.90
16:53:56     all    3.72    0.00    0.31    0.00    0.00    0.00    0.00    0.00    0.00   95.97
16:53:57     all    3.92    0.00    0.22    0.00    0.00    0.00    0.00    0.00    0.00   95.86
16:53:58     all    1.54    0.00    0.44    0.00    0.00    0.00    0.00    0.00    0.00   98.01
16:53:59     all    3.69    0.00    0.33    0.00    0.00    0.00    0.00    0.00    0.00   95.97
16:54:00     all    1.67    0.00    0.13    0.00    0.00    0.00    0.00    0.00    0.00   98.21
16:54:01     all    3.58    0.00    0.17    0.00    0.00    0.00    0.00    0.00    0.00   96.25
16:54:02     all    1.82    0.00    0.29    0.00    0.00    0.00    0.00    0.00    0.00   97.89
16:54:03     all    3.93    0.00    0.42    0.00    0.00    0.00    0.00    0.00    0.00   95.65
16:54:04     all    2.03    0.00    0.33    0.00    0.00    0.00    0.00    0.00    0.00   97.64
16:54:05     all    4.09    0.00    0.36    0.00    0.00    0.00    0.00    0.00    0.00   95.55
16:54:06     all    3.78    0.00    0.47    0.00    0.00    0.00    0.00    0.00    0.00   95.75
16:54:07     all    1.46    0.00    0.24    0.00    0.00    0.00    0.00    0.00    0.00   98.30
16:54:08     all    3.71    0.00    0.29    0.00    0.00    0.03    0.00    0.00    0.00   95.97
16:54:09     all    1.64    0.00    0.13    0.00    0.00    0.00    0.00    0.00    0.00   98.24
16:54:10     all    3.65    0.00    0.26    0.00    0.00    0.00    0.00    0.00    0.00   96.08
16:54:11     all    1.63    0.00    0.15    0.00    0.00    0.00    0.00    0.00    0.00   98.22
16:54:12     all    3.60    0.00    0.26    0.00    0.00    0.00    0.00    0.00    0.00   96.14
16:54:13     all    2.17    0.00    0.47    0.00    0.00    0.00    0.00    0.00    0.00   97.36
16:54:14     all    3.78    0.01    0.25    0.00    0.00    0.00    0.00    0.00    0.00   95.95
16:54:15     all    1.63    0.00    0.14    0.00    0.00    0.00    0.00    0.00    0.00   98.24
16:54:16     all    3.72    0.00    0.22    0.00    0.00    0.00    0.00    0.00    0.00   96.05
16:54:17     all    1.65    0.00    0.17    0.00    0.00    0.00    0.00    0.00    0.00   98.18
16:54:18     all    3.78    0.00    0.36    0.00    0.00    0.00    0.00    0.00    0.00   95.86
16:54:19     all    1.40    0.00    0.14    0.00    0.00    0.00    0.00    0.00    0.00   98.46
16:54:20     all    3.77    0.00    0.25    0.00    0.00    0.00    0.00    0.00    0.00   95.98
16:54:21     all    1.88    0.00    0.24    0.00    0.00    0.00    0.00    0.00    0.00   97.89
16:54:22     all    3.95    0.00    0.53    0.00    0.00    0.01    0.00    0.00    0.00   95.51
16:54:23     all    4.14    0.00    0.42    0.00    0.00    0.00    0.00    0.00    0.00   95.44
16:54:24     all    2.10    0.00    0.28    0.00    0.00    0.00    0.00    0.00    0.00   97.62
16:54:25     all    3.54    0.00    0.26    0.00    0.00    0.00    0.00    0.00    0.00   96.20
16:54:26     all    1.58    0.00    0.11    0.00    0.00    0.00    0.00    0.00    0.00   98.30
16:54:27     all    3.74    0.00    0.35    0.00    0.00    0.00    0.00    0.00    0.00   95.91
16:54:28     all    1.61    0.00    0.21    0.00    0.00    0.00    0.00    0.00    0.00   98.18
16:54:29     all    3.82    0.00    0.25    0.00    0.00    0.00    0.00    0.00    0.00   95.93
16:54:30     all    1.62    0.00    0.18    0.00    0.00    0.00    0.00    0.00    0.00   98.19
16:54:31     all    3.48    0.00    0.18    0.00    0.00    0.00    0.00    0.00    0.00   96.34
16:54:32     all    3.46    0.00    0.25    0.00    0.00    0.00    0.00    0.00    0.00   96.29
16:54:33     all    1.73    0.00    0.28    0.00    0.00    0.00    0.00    0.00    0.00   98.00
16:54:34     all    3.56    0.00    0.25    0.00    0.00    0.00    0.00    0.00    0.00   96.19
16:54:35     all    1.99    0.00    0.24    0.00    0.00    0.00    0.00    0.00    0.00   97.78
16:54:36     all    3.97    0.00    0.31    0.00    0.00    0.00    0.00    0.00    0.00   95.72
16:54:37     all    1.47    0.00    0.14    0.00    0.00    0.00    0.00    0.00    0.00   98.39
16:54:38     all    3.80    0.00    0.31    0.00    0.00    0.00    0.00    0.00    0.00   95.90
16:54:39     all    1.61    0.00    0.15    0.00    0.00    0.00    0.00    0.00    0.00   98.23
16:54:40     all    3.53    0.00    0.25    0.00    0.00    0.00    0.00    0.00    0.00   96.22
16:54:41     all    2.23    0.00    0.11    0.00    0.00    0.00    0.00    0.00    0.00   97.66
16:54:42     all    3.22    0.00    0.31    0.00    0.00    0.00    0.00    0.00    0.00   96.47
16:54:43     all    3.67    0.00    0.33    0.00    0.00    0.01    0.00    0.00    0.00   95.99
16:54:44     all    1.65    0.00    0.17    0.00    0.00    0.00    0.00    0.00    0.00   98.18
16:54:45     all    3.66    0.00    0.28    0.00    0.00    0.00    0.00    0.00    0.00   96.07
16:54:46     all    1.57    0.00    0.14    0.00    0.00    0.00    0.00    0.00    0.00   98.29
16:54:47     all    3.68    0.00    0.26    0.00    0.00    0.00    0.00    0.00    0.00   96.06
16:54:48     all    2.18    0.00    0.36    0.00    0.00    0.00    0.00    0.00    0.00   97.46
16:54:49     all    3.71    0.00    0.32    0.01    0.00    0.00    0.00    0.00    0.00   95.96
16:54:50     all    3.67    0.00    0.19    0.00    0.00    0.00    0.00    0.00    0.00   96.14
16:54:51     all    1.69    0.00    0.15    0.00    0.00    0.00    0.00    0.00    0.00   98.15
16:54:52     all    3.67    0.00    0.15    0.00    0.00    0.00    0.00    0.00    0.00   96.18
16:54:53     all    1.81    0.00    0.32    0.00    0.00    0.00    0.00    0.00    0.00   97.87
16:54:54     all    3.80    0.00    0.57    0.00    0.00    0.00    0.00    0.00    0.00   95.63
16:54:55     all    1.65    0.00    0.21    0.00    0.00    0.00    0.00    0.00    0.00   98.14
16:54:56     all    3.31    0.00    0.32    0.00    0.00    0.00    0.00    0.00    0.00   96.38
16:54:57     all    1.82    0.00    0.19    0.00    0.00    0.00    0.00    0.00    0.00   97.99
16:54:58     all    3.99    0.00    0.44    0.00    0.00    0.01    0.00    0.00    0.00   95.55
16:54:59     all    3.62    0.00    0.35    0.00    0.00    0.00    0.00    0.00    0.00   96.03
16:55:00     all    1.61    0.00    0.13    0.00    0.00    0.00    0.00    0.00    0.00   98.26
16:55:01     all    3.72    0.00    0.26    0.00    0.00    0.00    0.00    0.00    0.00   96.01
16:55:02     all    2.44    0.00    0.71    0.00    0.00    0.00    0.00    0.00    0.00   96.85
16:55:03     all    4.73    0.00    0.88    0.00    0.00    0.00    0.00    0.00    0.00   94.39
16:55:04     all    1.47    0.00    0.17    0.00    0.00    0.00    0.00    0.00    0.00   98.36
16:55:05     all    3.60    0.00    0.26    0.00    0.00    0.00    0.00    0.00    0.00   96.14
16:55:06     all    1.78    0.00    0.19    0.00    0.00    0.00    0.00    0.00    0.00   98.03
16:55:07     all    4.05    0.00    0.43    0.00    0.00    0.00    0.00    0.00    0.00   95.52
16:55:08     all    3.69    0.00    0.31    0.00    0.00    0.00    0.00    0.00    0.00   96.00
16:55:09     all    1.67    0.00    0.21    0.00    0.00    0.00    0.00    0.00    0.00   98.12
16:55:10     all    3.76    0.00    0.47    0.00    0.00    0.00    0.00    0.00    0.00   95.76
16:55:11     all    1.51    0.00    0.13    0.00    0.00    0.00    0.00    0.00    0.00   98.36
16:55:12     all    3.76    0.00    0.35    0.00    0.00    0.00    0.00    0.00    0.00   95.89
16:55:13     all    1.54    0.00    0.07    0.00    0.00    0.00    0.00    0.00    0.00   98.39
16:55:14     all    3.64    0.00    0.32    0.00    0.00    0.00    0.00    0.00    0.00   96.04
16:55:15     all    1.68    0.00    0.31    0.00    0.00    0.00    0.00    0.00    0.00   98.01
16:55:16     all    3.68    0.00    0.25    0.00    0.00    0.00    0.00    0.00    0.00   96.07
16:55:17     all    3.72    0.00    0.24    0.00    0.00    0.00    0.00    0.00    0.00   96.05
16:55:18     all    1.88    0.00    0.25    0.00    0.00    0.00    0.00    0.00    0.00   97.87
16:55:19     all    3.80    0.00    0.36    0.00    0.00    0.00    0.00    0.00    0.00   95.84
16:55:20     all    1.93    0.00    0.24    0.00    0.00    0.00    0.00    0.00    0.00   97.83
16:55:21     all    3.77    0.00    0.33    0.00    0.00    0.00    0.00    0.00    0.00   95.90
16:55:22     all    1.61    0.00    0.11    0.00    0.00    0.00    0.00    0.00    0.00   98.28
16:55:23     all    3.50    0.00    0.29    0.00    0.00    0.00    0.00    0.00    0.00   96.21
16:55:24     all    3.82    0.00    0.35    0.00    0.00    0.00    0.00    0.00    0.00   95.83
16:55:25     all    1.97    0.00    0.29    0.00    0.00    0.00    0.00    0.00    0.00   97.73
16:55:26     all    3.62    0.00    0.31    0.00    0.00    0.00    0.00    0.00    0.00   96.07
16:55:27     all    1.67    0.00    0.15    0.00    0.00    0.00    0.00    0.00    0.00   98.18
16:55:28     all    4.02    0.00    0.40    0.00    0.00    0.00    0.00    0.00    0.00   95.58
16:55:29     all    1.70    0.00    0.21    0.00    0.00    0.00    0.00    0.00    0.00   98.10
16:55:30     all    3.66    0.00    0.19    0.00    0.00    0.00    0.00    0.00    0.00   96.15
16:55:31     all    3.40    0.00    0.18    0.00    0.00    0.00    0.00    0.00    0.00   96.42
16:55:32     all    1.72    0.00    0.21    0.00    0.00    0.00    0.00    0.00    0.00   98.07
16:55:33     all    3.78    0.00    0.21    0.00    0.00    0.00    0.00    0.00    0.00   96.01
16:55:34     all    1.83    0.00    0.25    0.00    0.00    0.00    0.00    0.00    0.00   97.92
16:55:35     all    3.52    0.03    0.31    0.00    0.00    0.00    0.00    0.00    0.00   96.15
16:55:36     all    1.65    0.00    0.13    0.00    0.00    0.00    0.00    0.00    0.00   98.22
16:55:37     all    3.60    0.00    0.21    0.00    0.00    0.00    0.00    0.00    0.00   96.20
16:55:38     all    3.57    0.00    0.29    0.00    0.00    0.00    0.00    0.00    0.00   96.14
16:55:39     all    1.70    0.00    0.25    0.00    0.00    0.00    0.00    0.00    0.00   98.05
16:55:40     all    3.85    0.00    0.31    0.00    0.00    0.00    0.00    0.00    0.00   95.84
16:55:41     all    1.60    0.00    0.26    0.00    0.00    0.00    0.00    0.00    0.00   98.14
16:55:42     all    3.94    0.00    0.53    0.00    0.00    0.00    0.00    0.00    0.00   95.53
16:55:43     all    1.68    0.00    0.15    0.00    0.00    0.00    0.00    0.00    0.00   98.17
16:55:44     all    3.72    0.00    0.39    0.00    0.00    0.00    0.00    0.00    0.00   95.89
16:55:45     all    1.64    0.00    0.11    0.00    0.00    0.00    0.00    0.00    0.00   98.25
16:55:46     all    3.67    0.00    0.25    0.00    0.00    0.00    0.00    0.00    0.00   96.08
16:55:47     all    3.69    0.00    0.21    0.00    0.00    0.00    0.00    0.00    0.00   96.10
16:55:48     all    1.68    0.00    0.19    0.00    0.00    0.00    0.00    0.00    0.00   98.12
16:55:49     all    3.64    0.00    0.40    0.00    0.00    0.00    0.00    0.00    0.00   95.96
16:55:50     all    1.83    0.00    0.24    0.00    0.00    0.00    0.00    0.00    0.00   97.93
16:55:51     all    3.74    0.00    0.31    0.00    0.00    0.00    0.00    0.00    0.00   95.96
16:55:52     all    1.67    0.00    0.15    0.00    0.00    0.00    0.00    0.00    0.00   98.18
16:55:53     all    3.50    0.00    0.22    0.00    0.00    0.00    0.00    0.00    0.00   96.28
16:55:54     all    1.71    0.00    0.21    0.00    0.00    0.00    0.00    0.00    0.00   98.08
16:55:55     all    3.78    0.00    0.18    0.00    0.00    0.00    0.00    0.00    0.00   96.04
16:55:56     all    3.82    0.00    0.22    0.00    0.00    0.00    0.00    0.00    0.00   95.95
16:55:57     all    1.90    0.00    0.35    0.00    0.00    0.00    0.00    0.00    0.00   97.75
16:55:58     all    3.88    0.00    0.49    0.00    0.00    0.00    0.00    0.00    0.00   95.64
16:55:59     all    1.43    0.00    0.12    0.00    0.00    0.00    0.00    0.00    0.00   98.44
16:56:00     all    3.84    0.00    0.38    0.00    0.00    0.00    0.00    0.00    0.00   95.79
16:56:01     all    1.63    0.00    0.14    0.00    0.00    0.00    0.00    0.00    0.00   98.23
16:56:02     all    3.54    0.00    0.35    0.00    0.00    0.00    0.00    0.00    0.00   96.11
16:56:03     all    1.68    0.00    0.15    0.00    0.00    0.00    0.00    0.00    0.00   98.17
16:56:04     all    4.36    0.00    0.47    0.00    0.00    0.00    0.00    0.00    0.00   95.16
16:56:05     all    1.58    0.00    0.24    0.00    0.00    0.00    0.00    0.00    0.00   98.18
16:56:06     all    3.71    0.00    0.24    0.00    0.00    0.00    0.00    0.00    0.00   96.05
16:56:07     all    1.65    0.00    0.17    0.01    0.00    0.00    0.00    0.00    0.00   98.17
16:56:08     all    3.51    0.00    0.28    0.00    0.00    0.00    0.00    0.00    0.00   96.21
16:56:09     all    3.71    0.00    0.24    0.00    0.00    0.00    0.00    0.00    0.00   96.05
16:56:10     all    1.75    0.00    0.24    0.00    0.00    0.00    0.00    0.00    0.00   98.01
16:56:11     all    3.47    0.00    0.24    0.00    0.00    0.00    0.00    0.00    0.00   96.29
16:56:12     all    1.68    0.00    0.17    0.00    0.00    0.00    0.00    0.00    0.00   98.15
16:56:13     all    3.83    0.00    0.24    0.01    0.00    0.00    0.00    0.00    0.00   95.91
16:56:14     all    1.46    0.00    0.14    0.00    0.00    0.00    0.00    0.00    0.00   98.40
16:56:15     all    3.56    0.00    0.32    0.00    0.00    0.00    0.00    0.00    0.00   96.12
16:56:16     all    1.58    0.00    0.10    0.00    0.00    0.00    0.00    0.00    0.00   98.32
16:56:17     all    3.57    0.00    0.25    0.00    0.00    0.00    0.00    0.00    0.00   96.18
16:56:18     all    2.00    0.00    0.12    0.00    0.00    0.00    0.00    0.00    0.00   97.88
16:56:19     all    3.50    0.00    0.26    0.00    0.00    0.01    0.00    0.00    0.00   96.22
16:56:20     all    3.50    0.00    0.29    0.00    0.00    0.00    0.00    0.00    0.00   96.21
16:56:21     all    1.70    0.00    0.10    0.00    0.00    0.00    0.00    0.00    0.00   98.21
16:56:22     all    3.79    0.00    0.28    0.00    0.00    0.00    0.00    0.00    0.00   95.93
16:56:23     all    1.47    0.00    0.17    0.00    0.00    0.00    0.00    0.00    0.00   98.36
16:56:24     all    3.79    0.00    0.32    0.00    0.00    0.00    0.00    0.00    0.00   95.89
16:56:25     all    3.71    0.00    0.26    0.00    0.00    0.00    0.00    0.00    0.00   96.03
16:56:26     all    1.91    0.01    0.36    0.00    0.00    0.00    0.00    0.00    0.00   97.72
16:56:27     all    4.86    0.00    0.56    0.00    0.00    0.00    0.00    0.00    0.00   94.58
16:56:28     all    1.64    0.00    0.13    0.00    0.00    0.01    0.00    0.00    0.00   98.22
16:56:29     all    3.65    0.00    0.36    0.00    0.00    0.00    0.00    0.00    0.00   95.99
16:56:30     all    1.93    0.00    0.43    0.00    0.00    0.00    0.00    0.00    0.00   97.64
16:56:31     all    3.72    0.00    0.26    0.00    0.00    0.00    0.00    0.00    0.00   96.01
16:56:32     all    1.45    0.00    0.33    0.00    0.00    0.00    0.00    0.00    0.00   98.22
16:56:33     all    3.93    0.00    0.36    0.00    0.00    0.00    0.00    0.00    0.00   95.70
16:56:34     all    1.68    0.00    0.14    0.00    0.00    0.00    0.00    0.00    0.00   98.18
16:56:35     all    3.58    0.00    0.39    0.00    0.00    0.00    0.00    0.00    0.00   96.03
16:56:36     all    3.77    0.00    0.14    0.00    0.00    0.00    0.00    0.00    0.00   96.09
16:56:37     all    1.64    0.00    0.19    0.00    0.00    0.00    0.00    0.00    0.00   98.17
16:56:38     all    3.90    0.00    0.32    0.00    0.00    0.00    0.00    0.00    0.00   95.78
16:56:39     all    1.97    0.00    0.25    0.00    0.00    0.00    0.00    0.00    0.00   97.77
16:56:40     all    4.04    0.01    0.37    0.00    0.00    0.00    0.00    0.00    0.00   95.57
16:56:41     all    1.40    0.00    0.10    0.00    0.00    0.00    0.00    0.00    0.00   98.50
16:56:42     all    3.64    0.00    0.26    0.00    0.00    0.00    0.00    0.00    0.00   96.10
16:56:43     all    1.64    0.00    0.13    0.00    0.00    0.00    0.00    0.00    0.00   98.24
16:56:44     all    3.47    0.00    0.25    0.00    0.00    0.00    0.00    0.00    0.00   96.28
16:56:45     all    3.90    0.00    0.32    0.00    0.00    0.00    0.00    0.00    0.00   95.78
16:56:46     all    1.77    0.00    0.32    0.00    0.00    0.00    0.00    0.00    0.00   97.92
16:56:47     all    3.68    0.00    0.24    0.00    0.00    0.00    0.00    0.00    0.00   96.08
16:56:48     all    1.85    0.00    0.24    0.00    0.00    0.00    0.00    0.00    0.00   97.92
16:56:49     all    4.01    0.00    0.40    0.00    0.00    0.00    0.00    0.00    0.00   95.59
16:56:50     all    1.45    0.00    0.14    0.00    0.00    0.00    0.00    0.00    0.00   98.42
16:56:51     all    4.06    0.00    0.35    0.00    0.00    0.00    0.00    0.00    0.00   95.59
16:56:52     all    2.06    0.00    0.22    0.00    0.00    0.00    0.00    0.00    0.00   97.72
16:56:53     all    3.39    0.00    0.22    0.00    0.00    0.00    0.00    0.00    0.00   96.38
16:56:54     all    2.44    0.00    0.11    0.00    0.00    0.00    0.00    0.00    0.00   97.45
16:56:55     all    3.04    0.00    0.28    0.00    0.00    0.00    0.00    0.00    0.00   96.68
16:56:56     all    3.56    0.00    0.18    0.00    0.00    0.00    0.00    0.00    0.00   96.26
16:56:57     all    1.61    0.00    0.15    0.00    0.00    0.00    0.00    0.00    0.00   98.24
16:56:58     all    3.92    0.00    0.31    0.00    0.00    0.00    0.00    0.00    0.00   95.78
16:56:59     all    1.44    0.00    0.14    0.00    0.00    0.00    0.00    0.00    0.00   98.42
16:57:00     all    4.14    0.00    0.42    0.00    0.00    0.00    0.00    0.00    0.00   95.44
16:57:01     all    1.70    0.00    0.22    0.00    0.00    0.00    0.00    0.00    0.00   98.08
16:57:02     all    3.71    0.00    0.35    0.00    0.00    0.00    0.00    0.00    0.00   95.94
16:57:03     all    1.79    0.00    0.29    0.00    0.00    0.00    0.00    0.00    0.00   97.91
16:57:04     all    4.50    0.01    0.60    0.00    0.00    0.00    0.00    0.00    0.00   94.89
16:57:05     all    3.56    0.00    0.26    0.00    0.00    0.00    0.00    0.00    0.00   96.18
16:57:06     all    1.72    0.00    0.19    0.00    0.00    0.00    0.00    0.00    0.00   98.08
16:57:07     all    3.53    0.00    0.44    0.00    0.00    0.00    0.00    0.00    0.00   96.03
16:57:08     all    1.45    0.00    0.11    0.00    0.00    0.01    0.00    0.00    0.00   98.43
16:57:09     all    3.86    0.00    0.26    0.00    0.00    0.00    0.00    0.00    0.00   95.87
16:57:10     all    1.60    0.00    0.19    0.00    0.00    0.00    0.00    0.00    0.00   98.21
16:57:11     all    4.14    0.00    0.40    0.00    0.00    0.00    0.00    0.00    0.00   95.46
16:57:12     all    1.75    0.00    0.18    0.00    0.00    0.00    0.00    0.00    0.00   98.07
16:57:13     all    3.67    0.00    0.28    0.00    0.00    0.00    0.00    0.00    0.00   96.05
16:57:14     all    1.43    0.00    0.10    0.00    0.00    0.00    0.00    0.00    0.00   98.47
16:57:15     all    3.63    0.00    0.24    0.00    0.00    0.00    0.00    0.00    0.00   96.13
16:57:16     all    1.70    0.01    0.17    0.00    0.00    0.00    0.00    0.00    0.00   98.12
16:57:17     all    3.54    0.00    0.28    0.00    0.00    0.00    0.00    0.00    0.00   96.19
16:57:18     all    3.98    0.00    0.72    0.00    0.00    0.00    0.00    0.00    0.00   95.30
16:57:19     all   17.60    0.00    2.38    0.00    0.00    0.00    0.00    0.00    0.00   80.02
16:57:20     all   29.09    0.00    2.13    0.00    0.00    0.00    0.00    0.00    0.00   68.78
16:57:21     all   36.57    0.00    4.41    0.00    0.00    0.00    0.00    0.00    0.00   59.01
16:57:22     all   29.14    0.00    3.40    0.00    0.00    0.00    0.00    0.00    0.00   67.47
16:57:23     all   30.11    0.00    3.47    0.00    0.00    0.00    0.00    0.00    0.00   66.42
16:57:24     all   31.10    0.00    2.71    0.00    0.00    0.00    0.00    0.00    0.00   66.19
16:57:25     all   28.14    0.00    2.63    0.00    0.00    0.00    0.00    0.00    0.00   69.23
16:57:26     all   31.39    0.00    2.01    0.00    0.00    0.00    0.00    0.00    0.00   66.60
16:57:27     all   30.01    0.00    1.05    0.00    0.00    0.03    0.00    0.00    0.00   68.92
16:57:28     all   23.04    0.00    1.09    0.01    0.00    0.00    0.00    0.00    0.00   75.86
16:57:29     all   25.25    0.00    1.28    0.00    0.00    0.00    0.00    0.00    0.00   73.47
16:57:30     all   31.84    0.00    1.38    0.00    0.00    0.00    0.00    0.00    0.00   66.78
16:57:31     all   25.99    0.00    2.85    0.00    0.00    0.00    0.00    0.00    0.00   71.16
16:57:32     all   26.16    0.00    3.04    0.00    0.00    0.00    0.00    0.00    0.00   70.80
16:57:33     all   29.51    0.00    3.36    0.00    0.00    0.00    0.00    0.00    0.00   67.14
16:57:34     all   31.32    0.00    3.30    0.00    0.00    0.00    0.00    0.00    0.00   65.39
16:57:35     all   34.08    0.00    4.46    0.00    0.00    0.01    0.00    0.00    0.00   61.44
16:57:36     all   31.03    0.00    4.06    0.00    0.00    0.03    0.00    0.00    0.00   64.88
16:57:37     all   29.60    0.00    4.27    0.00    0.00    0.00    0.00    0.00    0.00   66.12
16:57:38     all   22.21    0.00    3.58    0.00    0.00    0.01    0.00    0.00    0.00   74.20
16:57:39     all   26.27    0.00    3.26    0.00    0.00    0.00    0.00    0.00    0.00   70.47
16:57:40     all   27.41    0.00    2.88    0.00    0.00    0.01    0.00    0.00    0.00   69.70
16:57:41     all   29.96    0.00    2.57    0.00    0.00    0.00    0.00    0.00    0.00   67.47
16:57:42     all   29.26    0.00    3.20    0.00    0.00    0.00    0.00    0.00    0.00   67.54
16:57:43     all   29.08    0.00    4.33    0.00    0.00    0.00    0.00    0.00    0.00   66.59
16:57:44     all   19.89    0.00    3.37    0.00    0.00    0.00    0.00    0.00    0.00   76.75
16:57:45     all   25.87    0.00    3.42    0.00    0.00    0.00    0.00    0.00    0.00   70.70
16:57:46     all   26.77    0.00    3.81    0.00    0.00    0.00    0.00    0.00    0.00   69.41
16:57:47     all   30.29    0.00    4.51    0.00    0.00    0.00    0.00    0.00    0.00   65.20
16:57:48     all   31.94    0.00    5.82    0.00    0.00    0.03    0.00    0.00    0.00   62.21
16:57:49     all   30.64    0.00    6.71    0.00    0.00    0.00    0.00    0.00    0.00   62.64
16:57:50     all   25.52    0.00    6.32    0.00    0.00    0.00    0.00    0.00    0.00   68.16
16:57:51     all   26.44    0.00    6.68    0.00    0.00    0.00    0.00    0.00    0.00   66.89
16:57:52     all   30.80    0.00    5.21    0.00    0.00    0.00    0.00    0.00    0.00   63.99
16:57:53     all   31.68    0.00    5.45    0.00    0.00    0.00    0.00    0.00    0.00   62.87
16:57:54     all   32.99    0.00    7.83    0.00    0.00    0.01    0.00    0.00    0.00   59.16
16:57:55     all   33.10    0.00   10.23    0.00    0.00    0.01    0.00    0.00    0.00   56.66
16:57:56     all   30.16    0.00   10.09    0.00    0.00    0.00    0.00    0.00    0.00   59.74
16:57:57     all   29.31    0.00    7.50    0.00    0.00    0.00    0.00    0.00    0.00   63.19
16:57:58     all   34.43    0.00   10.25    0.00    0.00    0.00    0.00    0.00    0.00   55.32
16:57:59     all   33.13    0.00   12.09    0.00    0.00    0.00    0.00    0.00    0.00   54.78
16:58:00     all   34.06    0.00   13.87    0.00    0.00    0.00    0.00    0.00    0.00   52.07
16:58:01     all   31.42    0.00   12.31    0.00    0.00    0.01    0.00    0.00    0.00   56.25
16:58:02     all   30.72    0.00   11.95    0.00    0.00    0.00    0.00    0.00    0.00   57.33
16:58:03     all   32.03    0.00   12.23    0.00    0.00    0.00    0.00    0.00    0.00   55.74
16:58:04     all   33.06    0.00   12.17    0.00    0.00    0.01    0.00    0.00    0.00   54.76
16:58:05     all   31.80    0.00   12.09    0.00    0.00    0.00    0.00    0.00    0.00   56.10
16:58:06     all   33.16    0.00   14.17    0.00    0.00    0.00    0.00    0.00    0.00   52.67
16:58:07     all   33.64    0.00   15.11    0.00    0.00    0.00    0.00    0.00    0.00   51.24
16:58:08     all   32.92    0.00   14.52    0.00    0.00    0.01    0.00    0.00    0.00   52.55
16:58:09     all   33.38    0.00   14.30    0.00    0.00    0.00    0.00    0.00    0.00   52.31
16:58:10     all   33.15    0.00   15.30    0.00    0.00    0.00    0.00    0.00    0.00   51.54
16:58:11     all   34.14    0.00   14.61    0.00    0.00    0.01    0.00    0.00    0.00   51.24
16:58:12     all   34.02    0.00   14.34    0.00    0.00    0.00    0.00    0.00    0.00   51.63
16:58:13     all   33.47    0.00   16.01    0.00    0.00    0.01    0.00    0.00    0.00   50.51
16:58:14     all   32.75    0.00   15.62    0.00    0.00    0.00    0.00    0.00    0.00   51.63
16:58:15     all   33.66    0.00   14.27    0.00    0.00    0.00    0.00    0.00    0.00   52.06
16:58:16     all   31.76    0.00   13.88    0.00    0.00    0.00    0.00    0.00    0.00   54.35
16:58:17     all   27.78    0.00   11.99    0.00    0.00    0.00    0.00    0.00    0.00   60.23
16:58:18     all   31.32    0.00   12.93    0.00    0.00    0.00    0.00    0.00    0.00   55.76
16:58:19     all   34.00    0.00   14.00    0.00    0.00    0.01    0.00    0.00    0.00   51.99
16:58:20     all   33.60    0.00   13.70    0.00    0.00    0.00    0.00    0.00    0.00   52.70
16:58:21     all   32.96    0.00   16.28    0.01    0.00    0.00    0.00    0.00    0.00   50.74
16:58:22     all   32.51    0.00   17.67    0.00    0.00    0.00    0.00    0.00    0.00   49.82
16:58:23     all   32.18    0.00   16.17    0.00    0.00    0.01    0.00    0.00    0.00   51.64
16:58:24     all   34.18    0.00   14.61    0.00    0.00    0.01    0.00    0.00    0.00   51.20
16:58:25     all   34.42    0.00   14.97    0.00    0.00    0.00    0.00    0.00    0.00   50.61
16:58:26     all   30.00    0.00   13.39    0.00    0.00    0.00    0.00    0.00    0.00   56.62
16:58:27     all   29.10    0.00   11.61    0.00    0.00    0.01    0.00    0.00    0.00   59.27
16:58:28     all   30.40    0.01   11.89    0.00    0.00    0.00    0.00    0.00    0.00   57.70
16:58:29     all   34.05    0.00   12.82    0.00    0.00    0.01    0.00    0.00    0.00   53.12
16:58:30     all   35.15    0.00   14.35    0.00    0.00    0.01    0.00    0.00    0.00   50.49
16:58:31     all   32.44    0.00   15.38    0.00    0.00    0.00    0.00    0.00    0.00   52.18
16:58:32     all   33.77    0.00   15.07    0.00    0.00    0.01    0.00    0.00    0.00   51.15
16:58:33     all   33.66    0.00   15.54    0.00    0.00    0.00    0.00    0.00    0.00   50.80
16:58:34     all   34.06    0.00   15.10    0.00    0.00    0.00    0.00    0.00    0.00   50.84
16:58:35     all   32.33    0.00   14.87    0.00    0.00    0.00    0.00    0.00    0.00   52.80
16:58:36     all   34.14    0.00   14.86    0.00    0.00    0.00    0.00    0.00    0.00   51.00
16:58:37     all   32.47    0.00   16.65    0.00    0.00    0.01    0.00    0.00    0.00   50.87
16:58:38     all   33.19    0.00   17.19    0.00    0.00    0.00    0.00    0.00    0.00   49.61
16:58:39     all   33.62    0.00   15.77    0.00    0.00    0.01    0.00    0.00    0.00   50.60
16:58:40     all   32.11    0.00   17.20    0.00    0.00    0.00    0.00    0.00    0.00   50.70
16:58:41     all   33.87    0.00   16.64    0.00    0.00    0.00    0.00    0.00    0.00   49.49
16:58:42     all   34.82    0.00   14.88    0.00    0.00    0.00    0.00    0.00    0.00   50.31
16:58:43     all   32.83    0.00   15.52    0.00    0.00    0.00    0.00    0.00    0.00   51.65
16:58:44     all   32.90    0.00   16.11    0.00    0.00    0.00    0.00    0.00    0.00   50.99
16:58:45     all   32.76    0.00   15.13    0.00    0.00    0.03    0.00    0.00    0.00   52.09
16:58:46     all   34.14    0.00   14.43    0.00    0.00    0.00    0.00    0.00    0.00   51.43
16:58:47     all   32.50    0.00   14.76    0.00    0.00    0.00    0.00    0.00    0.00   52.74
16:58:48     all   34.46    0.00   14.90    0.00    0.00    0.00    0.00    0.00    0.00   50.64
16:58:49     all   34.07    0.00   14.68    0.00    0.00    0.00    0.00    0.00    0.00   51.26
16:58:50     all   33.12    0.00   15.01    0.00    0.00    0.00    0.00    0.00    0.00   51.87
16:58:51     all   34.11    0.00   15.64    0.00    0.00    0.00    0.00    0.00    0.00   50.26
16:58:52     all   33.20    0.00   15.12    0.00    0.00    0.00    0.00    0.00    0.00   51.68
16:58:53     all   31.50    0.00   15.74    0.00    0.00    0.01    0.00    0.00    0.00   52.75
16:58:54     all   32.57    0.00   17.08    0.00    0.00    0.00    0.00    0.00    0.00   50.35
16:58:55     all   32.00    0.00   17.09    0.00    0.00    0.03    0.00    0.00    0.00   50.88
16:58:56     all   33.68    0.00   16.51    0.01    0.00    0.00    0.00    0.00    0.00   49.80
16:58:57     all   34.84    0.00   15.82    0.00    0.00    0.01    0.00    0.00    0.00   49.32
16:58:58     all   32.37    0.00   17.09    0.00    0.00    0.00    0.00    0.00    0.00   50.55
16:58:59     all   33.22    0.00   16.44    0.00    0.00    0.01    0.00    0.00    0.00   50.33
16:59:00     all   31.25    0.00   15.23    0.00    0.00    0.00    0.00    0.00    0.00   53.52
16:59:01     all   32.64    0.00   15.83    0.00    0.00    0.01    0.00    0.00    0.00   51.51
16:59:02     all   32.94    0.00   17.24    0.00    0.00    0.01    0.00    0.00    0.00   49.81
16:59:03     all   32.62    0.00   17.69    0.00    0.00    0.01    0.00    0.00    0.00   49.68
16:59:04     all   34.01    0.00   16.08    0.00    0.00    0.01    0.00    0.00    0.00   49.89
16:59:05     all   34.52    0.00   15.72    0.00    0.00    0.00    0.00    0.00    0.00   49.76
16:59:06     all   32.65    0.00   16.69    0.00    0.00    0.00    0.00    0.00    0.00   50.65
16:59:07     all   33.19    0.00   16.14    0.01    0.00    0.00    0.00    0.00    0.00   50.65
16:59:08     all   32.83    0.00   15.80    0.00    0.00    0.01    0.00    0.00    0.00   51.35
16:59:09     all   31.98    0.00   14.04    0.00    0.00    0.00    0.00    0.00    0.00   53.98
16:59:10     all   32.42    0.00   16.36    0.00    0.00    0.00    0.00    0.00    0.00   51.22
16:59:11     all   32.81    0.00   15.30    0.00    0.00    0.00    0.00    0.00    0.00   51.89
16:59:12     all   32.55    0.00   16.93    0.00    0.00    0.00    0.00    0.00    0.00   50.52
16:59:13     all   32.87    0.00   14.54    0.00    0.00    0.00    0.00    0.00    0.00   52.59
16:59:14     all   32.68    0.00   14.06    0.00    0.00    0.00    0.00    0.00    0.00   53.25
16:59:15     all   34.26    0.00   14.54    0.00    0.00    0.00    0.00    0.00    0.00   51.20
16:59:16     all   32.99    0.00   15.49    0.00    0.00    0.01    0.00    0.00    0.00   51.52
16:59:17     all   33.51    0.00   16.19    0.00    0.00    0.00    0.00    0.00    0.00   50.29
16:59:18     all   33.62    0.00   14.76    0.00    0.00    0.00    0.00    0.00    0.00   51.63
16:59:19     all   32.14    0.00   14.01    0.00    0.00    0.01    0.00    0.00    0.00   53.84
16:59:20     all   35.54    0.00   14.64    0.00    0.00    0.01    0.00    0.00    0.00   49.81
16:59:21     all   31.78    0.00   12.82    0.00    0.00    0.00    0.00    0.00    0.00   55.41
16:59:22     all   33.81    0.00   14.37    0.00    0.00    0.00    0.00    0.00    0.00   51.82
16:59:23     all   32.04    0.00   11.56    0.00    0.00    0.00    0.00    0.00    0.00   56.40
16:59:24     all   31.68    0.00   14.91    0.00    0.00    0.00    0.00    0.00    0.00   53.41
16:59:25     all   32.74    0.00   16.62    0.01    0.00    0.00    0.00    0.00    0.00   50.63
16:59:26     all   30.42    0.00   13.67    0.00    0.00    0.00    0.00    0.00    0.00   55.92
16:59:27     all   32.32    0.00   13.61    0.00    0.00    0.01    0.00    0.00    0.00   54.06
16:59:28     all   33.23    0.00   14.12    0.00    0.00    0.00    0.00    0.00    0.00   52.65
16:59:29     all   32.19    0.00   13.47    0.00    0.00    0.00    0.00    0.00    0.00   54.35
16:59:30     all   31.64    0.00   16.88    0.00    0.00    0.00    0.00    0.00    0.00   51.48
16:59:31     all   31.50    0.00   14.89    0.00    0.00    0.01    0.00    0.00    0.00   53.60
16:59:32     all   29.53    0.00   13.08    0.00    0.00    0.00    0.00    0.00    0.00   57.39
16:59:33     all   32.89    0.00   12.76    0.00    0.00    0.00    0.00    0.00    0.00   54.35
16:59:34     all   34.83    0.00   14.74    0.00    0.00    0.00    0.00    0.00    0.00   50.43
16:59:35     all   32.76    0.00   14.57    0.00    0.00    0.00    0.00    0.00    0.00   52.67
16:59:36     all   33.25    0.00   14.37    0.00    0.00    0.00    0.00    0.00    0.00   52.38
16:59:37     all   32.61    0.00   14.16    0.00    0.00    0.01    0.00    0.00    0.00   53.22
16:59:38     all   32.94    0.00   13.23    0.00    0.00    0.00    0.00    0.00    0.00   53.83
16:59:39     all   29.55    0.00   11.15    0.00    0.00    0.01    0.00    0.00    0.00   59.29
16:59:40     all   28.87    0.00   12.29    0.00    0.00    0.00    0.00    0.00    0.00   58.84
16:59:41     all   30.00    0.00   11.55    0.00    0.00    0.01    0.00    0.00    0.00   58.44
16:59:42     all   27.87    0.00   11.61    0.00    0.00    0.00    0.00    0.00    0.00   60.51
16:59:43     all   30.73    0.00   11.28    0.00    0.00    0.00    0.00    0.00    0.00   57.99
16:59:44     all   28.57    0.00   12.05    0.00    0.00    0.00    0.00    0.00    0.00   59.39
16:59:45     all   29.51    0.00   11.93    0.00    0.00    0.01    0.00    0.00    0.00   58.55
16:59:46     all   33.05    0.00   12.86    0.00    0.00    0.00    0.00    0.00    0.00   54.09
16:59:47     all   33.24    0.00   13.43    0.01    0.00    0.00    0.00    0.00    0.00   53.32
16:59:48     all   32.30    0.00   15.78    0.00    0.00    0.00    0.00    0.00    0.00   51.92
16:59:49     all   31.54    0.00   14.44    0.00    0.00    0.00    0.00    0.00    0.00   54.02
16:59:50     all   32.88    0.00   13.20    0.00    0.00    0.00    0.00    0.00    0.00   53.92
16:59:51     all   28.86    0.00   12.14    0.00    0.00    0.00    0.00    0.00    0.00   59.00
16:59:52     all   31.81    0.00   14.58    0.00    0.00    0.01    0.00    0.00    0.00   53.59
16:59:53     all   33.26    0.00   15.92    0.00    0.00    0.00    0.00    0.00    0.00   50.81
16:59:54     all   33.15    0.00   12.41    0.00    0.00    0.00    0.00    0.00    0.00   54.44
16:59:55     all   30.92    0.00   12.95    0.00    0.00    0.00    0.00    0.00    0.00   56.13
16:59:56     all   34.03    0.00   14.51    0.00    0.00    0.00    0.00    0.00    0.00   51.46
16:59:57     all   32.84    0.00   14.49    0.00    0.00    0.01    0.00    0.00    0.00   52.65
16:59:58     all   32.83    0.00   13.14    0.00    0.00    0.00    0.00    0.00    0.00   54.02
16:59:59     all   33.11    0.00   14.45    0.00    0.00    0.00    0.00    0.00    0.00   52.44
17:00:00     all   34.47    0.00   13.97    0.00    0.00    0.01    0.00    0.00    0.00   51.55
17:00:01     all   31.37    0.00   12.31    0.00    0.00    0.00    0.00    0.00    0.00   56.33
17:00:02     all   33.63    0.01   13.31    0.00    0.00    0.01    0.00    0.00    0.00   53.03
17:00:03     all   32.48    0.00   13.01    0.00    0.00    0.01    0.00    0.00    0.00   54.49
17:00:04     all   32.48    0.00   12.94    0.00    0.00    0.00    0.00    0.00    0.00   54.58
17:00:05     all   32.70    0.00   11.87    0.00    0.00    0.01    0.00    0.00    0.00   55.41
17:00:06     all   31.61    0.00   12.57    0.00    0.00    0.00    0.00    0.00    0.00   55.82
17:00:07     all   33.39    0.00   12.46    0.00    0.00    0.00    0.00    0.00    0.00   54.15
17:00:08     all   33.39    0.00   12.71    0.00    0.00    0.01    0.00    0.00    0.00   53.89
17:00:09     all   31.76    0.00   11.50    0.00    0.00    0.01    0.00    0.00    0.00   56.72
17:00:10     all   28.80    0.00    9.35    0.00    0.00    0.00    0.00    0.00    0.00   61.85
17:00:11     all   32.09    0.00   12.28    0.00    0.00    0.01    0.00    0.00    0.00   55.61
17:00:12     all   32.38    0.00   12.50    0.00    0.00    0.00    0.00    0.00    0.00   55.13
17:00:13     all   32.75    0.00   12.09    0.01    0.00    0.00    0.00    0.00    0.00   55.15
17:00:14     all   31.83    0.00   10.91    0.00    0.00    0.01    0.00    0.00    0.00   57.25
17:00:15     all   30.22    0.00   12.11    0.00    0.00    0.00    0.00    0.00    0.00   57.67
17:00:16     all   30.77    0.00   10.88    0.00    0.00    0.01    0.00    0.00    0.00   58.34
17:00:17     all   31.36    0.00   10.79    0.00    0.00    0.00    0.00    0.00    0.00   57.84
17:00:18     all   31.57    0.00   10.33    0.00    0.00    0.00    0.00    0.00    0.00   58.10
17:00:19     all   33.81    0.00   10.54    0.00    0.00    0.00    0.00    0.00    0.00   55.65
17:00:20     all   32.61    0.00   11.28    0.00    0.00    0.00    0.00    0.00    0.00   56.10
17:00:21     all   31.11    0.00   10.87    0.00    0.00    0.00    0.00    0.00    0.00   58.02
17:00:22     all   31.54    0.00    9.25    0.00    0.00    0.00    0.00    0.00    0.00   59.21
17:00:23     all   29.51    0.00    8.91    0.00    0.00    0.03    0.00    0.00    0.00   61.55
17:00:24     all   26.34    0.00    7.50    0.00    0.00    0.00    0.00    0.00    0.00   66.16
17:00:25     all   33.44    0.00    9.54    0.00    0.00    0.00    0.00    0.00    0.00   57.02
17:00:26     all   29.83    0.00    9.56    0.00    0.00    0.00    0.00    0.00    0.00   60.61
17:00:27     all   34.17    0.00   10.64    0.00    0.00    0.00    0.00    0.00    0.00   55.18
17:00:28     all   32.05    0.00    9.17    0.00    0.00    0.00    0.00    0.00    0.00   58.78
17:00:29     all   30.47    0.00    9.32    0.00    0.00    0.00    0.00    0.00    0.00   60.21
17:00:30     all   34.60    0.00   10.49    0.00    0.00    0.00    0.00    0.00    0.00   54.90
17:00:31     all   30.92    0.00   10.08    0.00    0.00    0.00    0.00    0.00    0.00   59.00
17:00:32     all   30.40    0.00    9.13    0.00    0.00    0.01    0.00    0.00    0.00   60.46
17:00:33     all   30.52    0.00    8.95    0.00    0.00    0.00    0.00    0.00    0.00   60.53
17:00:34     all   27.62    0.00    9.63    0.00    0.00    0.00    0.00    0.00    0.00   62.76
17:00:35     all   30.12    0.00    9.90    0.00    0.00    0.01    0.00    0.00    0.00   59.97
17:00:36     all   29.09    0.00   10.23    0.00    0.00    0.00    0.00    0.00    0.00   60.68
17:00:37     all   32.34    0.00    9.23    0.00    0.00    0.00    0.00    0.00    0.00   58.43
17:00:38     all   31.31    0.00    9.36    0.00    0.00    0.00    0.00    0.00    0.00   59.33
17:00:39     all   30.84    0.00    9.38    0.00    0.00    0.01    0.00    0.00    0.00   59.77
17:00:40     all   32.94    0.00    9.52    0.00    0.00    0.00    0.00    0.00    0.00   57.54
17:00:41     all   31.80    0.00   10.36    0.00    0.00    0.00    0.00    0.00    0.00   57.84
17:00:42     all   33.54    0.00    9.18    0.00    0.00    0.00    0.00    0.00    0.00   57.28
17:00:43     all   30.20    0.00    8.48    0.00    0.00    0.00    0.00    0.00    0.00   61.32
17:00:44     all   30.71    0.00    8.46    0.00    0.00    0.00    0.00    0.00    0.00   60.83
17:00:45     all   30.62    0.00    9.11    0.00    0.00    0.00    0.00    0.00    0.00   60.27
17:00:46     all   29.37    0.00    9.65    0.00    0.00    0.03    0.00    0.00    0.00   60.96
17:00:47     all   28.60    0.00    7.12    0.00    0.00    0.00    0.00    0.00    0.00   64.29
17:00:48     all   33.35    0.00    9.50    0.00    0.00    0.00    0.00    0.00    0.00   57.14
17:00:49     all   31.89    0.00    9.21    0.00    0.00    0.03    0.00    0.00    0.00   58.87
17:00:50     all   32.22    0.00    9.47    0.00    0.00    0.00    0.00    0.00    0.00   58.31
17:00:51     all   28.07    0.00    7.47    0.00    0.00    0.00    0.00    0.00    0.00   64.45
17:00:52     all   22.98    0.00    7.66    0.00    0.00    0.00    0.00    0.00    0.00   69.36
17:00:53     all   21.12    0.00    7.30    0.00    0.00    0.00    0.00    0.00    0.00   71.58
17:00:54     all   23.58    0.00    7.84    0.00    0.00    0.00    0.00    0.00    0.00   68.58
17:00:55     all   27.52    0.00    7.69    0.00    0.00    0.00    0.00    0.00    0.00   64.79
17:00:56     all   25.32    0.00    7.31    0.00    0.00    0.00    0.00    0.00    0.00   67.38
17:00:57     all   27.63    0.00    8.00    0.00    0.00    0.00    0.00    0.00    0.00   64.37
17:00:58     all   30.73    0.00    7.95    0.00    0.00    0.00    0.00    0.00    0.00   61.33
17:00:59     all   30.09    0.00    8.04    0.00    0.00    0.00    0.00    0.00    0.00   61.87
17:01:00     all   32.06    0.00    8.22    0.00    0.00    0.01    0.00    0.00    0.00   59.70
17:01:01     all   30.78    0.00    8.44    0.00    0.00    0.01    0.00    0.00    0.00   60.76
17:01:02     all   31.15    0.00    7.38    0.00    0.00    0.00    0.00    0.00    0.00   61.47
17:01:03     all   28.35    0.00    7.73    0.00    0.00    0.03    0.00    0.00    0.00   63.89
17:01:04     all   32.50    0.00    9.30    0.00    0.00    0.00    0.00    0.00    0.00   58.20
17:01:05     all   29.67    0.00    9.06    0.00    0.00    0.00    0.00    0.00    0.00   61.27
17:01:06     all   32.19    0.00    8.22    0.00    0.00    0.00    0.00    0.00    0.00   59.59
17:01:07     all   31.17    0.00    8.39    0.00    0.00    0.00    0.00    0.00    0.00   60.44
17:01:08     all   32.18    0.00    8.42    0.00    0.00    0.01    0.00    0.00    0.00   59.39
17:01:09     all   33.23    0.00    9.61    0.00    0.00    0.00    0.00    0.00    0.00   57.16
17:01:10     all   31.18    0.00    8.91    0.00    0.00    0.00    0.00    0.00    0.00   59.90
17:01:11     all   32.55    0.00    8.55    0.00    0.00    0.00    0.00    0.00    0.00   58.90
17:01:12     all   33.16    0.00    8.85    0.00    0.00    0.00    0.00    0.00    0.00   57.98
17:01:13     all   30.51    0.00    8.15    0.00    0.00    0.01    0.00    0.00    0.00   61.33
17:01:14     all   30.99    0.00    8.31    0.00    0.00    0.00    0.00    0.00    0.00   60.70
17:01:15     all   32.39    0.00    9.74    0.00    0.00    0.00    0.00    0.00    0.00   57.87
17:01:16     all   35.08    0.00   12.56    0.00    0.00    0.00    0.00    0.00    0.00   52.36
17:01:17     all   30.32    0.00   11.48    0.00    0.00    0.00    0.00    0.00    0.00   58.20
17:01:18     all   30.55    0.00    8.94    0.00    0.00    0.00    0.00    0.00    0.00   60.51
17:01:19     all   35.87    0.00   10.34    0.00    0.00    0.01    0.00    0.00    0.00   53.78
17:01:20     all   36.25    0.00   11.49    0.00    0.00    0.00    0.00    0.00    0.00   52.26
17:01:21     all   32.85    0.00    9.96    0.00    0.00    0.00    0.00    0.00    0.00   57.19
17:01:22     all   30.20    0.00   10.71    0.01    0.00    0.00    0.00    0.00    0.00   59.08
17:01:23     all   34.70    0.00   11.31    0.00    0.00    0.01    0.00    0.00    0.00   53.97
17:01:24     all   28.65    0.00   10.60    0.00    0.00    0.00    0.00    0.00    0.00   60.75
17:01:25     all   35.27    0.00    9.53    0.00    0.00    0.00    0.00    0.00    0.00   55.21
17:01:26     all   35.42    0.00    9.10    0.00    0.00    0.00    0.00    0.00    0.00   55.47
17:01:27     all   33.06    0.00    9.77    0.00    0.00    0.00    0.00    0.00    0.00   57.17
17:01:28     all   30.79    0.00    8.57    0.00    0.00    0.01    0.00    0.00    0.00   60.62
17:01:29     all   33.57    0.00    9.20    0.00    0.00    0.00    0.00    0.00    0.00   57.23
17:01:30     all   36.39    0.01    9.73    0.00    0.00    0.00    0.00    0.00    0.00   53.87
17:01:31     all   31.05    0.00   10.01    0.00    0.00    0.01    0.00    0.00    0.00   58.93
17:01:32     all   32.90    0.00   10.39    0.00    0.00    0.00    0.00    0.00    0.00   56.71
17:01:33     all   36.33    0.00    9.12    0.00    0.00    0.01    0.00    0.00    0.00   54.54
17:01:34     all   31.59    0.00    8.83    0.00    0.00    0.00    0.00    0.00    0.00   59.58
17:01:35     all   28.62    0.00    7.25    0.00    0.00    0.00    0.00    0.00    0.00   64.13
17:01:36     all   29.75    0.00    6.87    0.00    0.00    0.00    0.00    0.00    0.00   63.39
17:01:37     all   29.99    0.00    7.33    0.01    0.00    0.01    0.00    0.00    0.00   62.66
17:01:38     all   34.32    0.00    8.23    0.00    0.00    0.00    0.00    0.00    0.00   57.45
17:01:39     all   31.59    0.00    8.11    0.00    0.00    0.01    0.00    0.00    0.00   60.28
17:01:40     all   33.22    0.00    9.91    0.00    0.00    0.00    0.00    0.00    0.00   56.87
17:01:41     all   31.01    0.00    8.67    0.00    0.00    0.00    0.00    0.00    0.00   60.32
17:01:42     all   31.36    0.00    8.47    0.00    0.00    0.00    0.00    0.00    0.00   60.16
17:01:43     all   35.96    0.00    8.54    0.00    0.00    0.00    0.00    0.00    0.00   55.50
17:01:44     all   29.30    0.00    7.85    0.00    0.00    0.00    0.00    0.00    0.00   62.85
17:01:45     all   33.57    0.00    7.88    0.00    0.00    0.01    0.00    0.00    0.00   58.53
17:01:46     all   32.28    0.00    7.77    0.00    0.00    0.00    0.00    0.00    0.00   59.95
17:01:47     all   35.22    0.00    6.74    0.00    0.00    0.00    0.00    0.00    0.00   58.04
17:01:48     all   28.20    0.00    5.96    0.00    0.00    0.00    0.00    0.00    0.00   65.84
17:01:49     all   29.50    0.00    6.09    0.00    0.00    0.00    0.00    0.00    0.00   64.40
17:01:50     all   30.73    0.00    6.90    0.00    0.00    0.00    0.00    0.00    0.00   62.37
17:01:51     all   28.42    0.00    5.62    0.00    0.00    0.00    0.00    0.00    0.00   65.96
17:01:52     all   29.09    0.00    5.54    0.00    0.00    0.01    0.00    0.00    0.00   65.35
17:01:53     all   29.34    0.00    5.85    0.00    0.00    0.00    0.00    0.00    0.00   64.81
17:01:54     all   33.70    0.00    7.85    0.00    0.00    0.00    0.00    0.00    0.00   58.44
17:01:55     all   26.78    0.00    5.88    0.00    0.00    0.00    0.00    0.00    0.00   67.35
17:01:56     all   25.71    0.00    5.45    0.00    0.00    0.00    0.00    0.00    0.00   68.84
17:01:57     all   30.14    0.00    6.80    0.00    0.00    0.00    0.00    0.00    0.00   63.06
17:01:58     all   33.86    0.00    8.66    0.00    0.00    0.01    0.00    0.00    0.00   57.46
17:01:59     all   33.47    0.00    7.57    0.00    0.00    0.00    0.00    0.00    0.00   58.96
17:02:00     all   29.17    0.00    8.03    0.00    0.00    0.01    0.00    0.00    0.00   62.78
17:02:01     all   30.80    0.00    6.96    0.00    0.00    0.01    0.00    0.00    0.00   62.22
17:02:02     all   31.01    0.00    6.21    0.00    0.00    0.00    0.00    0.00    0.00   62.78
17:02:03     all   33.55    0.00    7.33    0.00    0.00    0.00    0.00    0.00    0.00   59.11
17:02:04     all   34.56    0.00    8.83    0.00    0.00    0.00    0.00    0.00    0.00   56.61
17:02:05     all   35.24    0.00    9.95    0.00    0.00    0.01    0.00    0.00    0.00   54.80
17:02:06     all   36.03    0.01   11.14    0.00    0.00    0.01    0.00    0.00    0.00   52.80
17:02:07     all   34.89    0.00   10.42    0.00    0.00    0.00    0.00    0.00    0.00   54.68
17:02:08     all   29.37    0.00    9.08    0.00    0.00    0.00    0.00    0.00    0.00   61.54
17:02:09     all   36.82    0.00   10.35    0.00    0.00    0.01    0.00    0.00    0.00   52.82
17:02:10     all   35.71    0.00    8.97    0.00    0.00    0.00    0.00    0.00    0.00   55.33
17:02:11     all   37.83    0.00   10.64    0.00    0.00    0.00    0.00    0.00    0.00   51.53
17:02:12     all   34.09    0.00   11.19    0.00    0.00    0.00    0.00    0.00    0.00   54.72
17:02:13     all   34.56    0.00    9.63    0.00    0.00    0.00    0.00    0.00    0.00   55.81
17:02:14     all   33.80    0.00    9.14    0.00    0.00    0.03    0.00    0.00    0.00   57.03
17:02:15     all   34.39    0.00   10.32    0.00    0.00    0.00    0.00    0.00    0.00   55.29
17:02:16     all   37.03    0.00   10.69    0.00    0.00    0.00    0.00    0.00    0.00   52.28
17:02:17     all   31.40    0.00    8.83    0.00    0.00    0.00    0.00    0.00    0.00   59.77
17:02:18     all   34.55    0.00   11.11    0.00    0.00    0.01    0.00    0.00    0.00   54.33
17:02:19     all   32.43    0.00   12.34    0.01    0.00    0.00    0.00    0.00    0.00   55.21
17:02:20     all   24.31    0.00    9.93    0.00    0.00    0.01    0.00    0.00    0.00   65.74
17:02:21     all   26.40    0.00   10.68    0.00    0.00    0.00    0.00    0.00    0.00   62.92
17:02:22     all   25.44    0.00    9.46    0.00    0.00    0.00    0.00    0.00    0.00   65.10
17:02:23     all   22.46    0.00    7.32    0.00    0.00    0.00    0.00    0.00    0.00   70.22
17:02:24     all   15.98    0.00    5.03    0.00    0.00    0.01    0.00    0.00    0.00   78.98
17:02:25     all   11.59    0.00    4.22    0.00    0.00    0.00    0.00    0.00    0.00   84.20
17:02:26     all   20.12    0.00    5.22    0.00    0.00    0.00    0.00    0.00    0.00   74.66
17:02:27     all   31.55    0.00    7.06    0.00    0.00    0.01    0.00    0.00    0.00   61.37
17:02:28     all   35.19    0.00   10.22    0.00    0.00    0.00    0.00    0.00    0.00   54.59
17:02:29     all   36.69    0.00    9.97    0.00    0.00    0.00    0.00    0.00    0.00   53.35
17:02:30     all   27.70    0.00    9.21    0.00    0.00    0.00    0.00    0.00    0.00   63.09
17:02:31     all   28.02    0.00    7.87    0.00    0.00    0.01    0.00    0.00    0.00   64.10
17:02:32     all   31.07    0.00    7.67    0.00    0.00    0.00    0.00    0.00    0.00   61.26
17:02:33     all   35.96    0.00    9.06    0.00    0.00    0.00    0.00    0.00    0.00   54.98
17:02:34     all   34.14    0.00    7.49    0.00    0.00    0.00    0.00    0.00    0.00   58.36
17:02:35     all   34.69    0.00    8.34    0.00    0.00    0.00    0.00    0.00    0.00   56.97
17:02:36     all   32.23    0.00    8.82    0.00    0.00    0.00    0.00    0.00    0.00   58.95
17:02:37     all   29.76    0.00    7.85    0.00    0.00    0.00    0.00    0.00    0.00   62.39
17:02:38     all   33.71    0.00    8.43    0.00    0.00    0.01    0.00    0.00    0.00   57.84
17:02:39     all   35.39    0.00    7.89    0.00    0.00    0.00    0.00    0.00    0.00   56.72
17:02:40     all   34.17    0.00    7.88    0.00    0.00    0.01    0.00    0.00    0.00   57.93
17:02:41     all   33.95    0.00    8.10    0.00    0.00    0.00    0.00    0.00    0.00   57.94
17:02:42     all   33.29    0.00    8.95    0.00    0.00    0.01    0.00    0.00    0.00   57.75
17:02:43     all   30.18    0.00    8.78    0.00    0.00    0.00    0.00    0.00    0.00   61.05
17:02:44     all   34.72    0.00    8.30    0.00    0.00    0.01    0.00    0.00    0.00   56.96
17:02:45     all   28.74    0.00    8.81    0.00    0.00    0.00    0.00    0.00    0.00   62.46
17:02:46     all   28.41    0.00    6.73    0.00    0.00    0.01    0.00    0.00    0.00   64.85
17:02:47     all   36.97    0.00    9.67    0.00    0.00    0.01    0.00    0.00    0.00   53.35
17:02:48     all   32.65    0.00    8.90    0.00    0.00    0.01    0.00    0.00    0.00   58.44
17:02:49     all   19.20    0.00    5.87    0.00    0.00    0.00    0.00    0.00    0.00   74.93
17:02:50     all   30.67    0.00    7.78    0.00    0.00    0.00    0.00    0.00    0.00   61.55
17:02:51     all   34.61    0.00    8.60    0.00    0.00    0.00    0.00    0.00    0.00   56.79
17:02:52     all   33.60    0.00    9.36    0.00    0.00    0.00    0.00    0.00    0.00   57.04
17:02:53     all   35.63    0.00    9.07    0.00    0.00    0.01    0.00    0.00    0.00   55.29
17:02:54     all   27.21    0.00    7.55    0.00    0.00    0.00    0.00    0.00    0.00   65.23
17:02:55     all   32.59    0.00    7.39    0.00    0.00    0.00    0.00    0.00    0.00   60.02
17:02:56     all   32.00    0.00    8.85    0.00    0.00    0.00    0.00    0.00    0.00   59.15
17:02:57     all   30.27    0.00    7.44    0.00    0.00    0.01    0.00    0.00    0.00   62.28
17:02:58     all   30.69    0.01    7.50    0.01    0.00    0.00    0.00    0.00    0.00   61.78
17:02:59     all   31.66    0.00    8.79    0.00    0.00    0.00    0.00    0.00    0.00   59.55
17:03:00     all   29.66    0.01    7.60    0.00    0.00    0.00    0.00    0.00    0.00   62.73
17:03:01     all   31.90    0.00    8.34    0.00    0.00    0.03    0.00    0.00    0.00   59.74
17:03:02     all   33.43    0.00    8.64    0.00    0.00    0.00    0.00    0.00    0.00   57.93
17:03:03     all   32.83    0.00    8.18    0.00    0.00    0.00    0.00    0.00    0.00   58.99
17:03:04     all   29.93    0.00    7.39    0.00    0.00    0.00    0.00    0.00    0.00   62.68
17:03:05     all   30.78    0.00    7.66    0.00    0.00    0.01    0.00    0.00    0.00   61.54
17:03:06     all   34.88    0.00    7.77    0.00    0.00    0.00    0.00    0.00    0.00   57.35
17:03:07     all   32.33    0.00    7.84    0.00    0.00    0.00    0.00    0.00    0.00   59.84
17:03:08     all   30.33    0.00    7.75    0.00    0.00    0.01    0.00    0.00    0.00   61.91
17:03:09     all   27.06    0.00    5.97    0.00    0.00    0.00    0.00    0.00    0.00   66.96
17:03:10     all   33.25    0.00    7.74    0.00    0.00    0.01    0.00    0.00    0.00   58.99
17:03:11     all   36.59    0.00    9.00    0.00    0.00    0.01    0.00    0.00    0.00   54.40
17:03:12     all   32.15    0.00    7.64    0.00    0.00    0.00    0.00    0.00    0.00   60.21
17:03:13     all   32.36    0.00    7.99    0.00    0.00    0.00    0.00    0.00    0.00   59.65
17:03:14     all   37.15    0.00    9.78    0.00    0.00    0.00    0.00    0.00    0.00   53.06
17:03:15     all   36.86    0.00   10.08    0.00    0.00    0.01    0.00    0.00    0.00   53.05
17:03:16     all   31.15    0.00    7.98    0.00    0.00    0.01    0.00    0.00    0.00   60.86
17:03:17     all   35.46    0.00    9.54    0.00    0.00    0.01    0.00    0.00    0.00   54.99
17:03:18     all   37.74    0.00    9.22    0.00    0.00    0.00    0.00    0.00    0.00   53.04
17:03:19     all   29.43    0.00    7.21    0.00    0.00    0.00    0.00    0.00    0.00   63.37
17:03:20     all   33.25    0.00    6.85    0.00    0.00    0.00    0.00    0.00    0.00   59.90
17:03:21     all   37.55    0.00    9.60    0.00    0.00    0.00    0.00    0.00    0.00   52.86
17:03:22     all   33.21    0.00   10.33    0.00    0.00    0.01    0.00    0.00    0.00   56.45
17:03:23     all   35.02    0.00    8.93    0.00    0.00    0.00    0.00    0.00    0.00   56.06
17:03:24     all   36.47    0.01    9.48    0.00    0.00    0.00    0.00    0.00    0.00   54.03
17:03:25     all   36.32    0.00    9.71    0.00    0.00    0.00    0.00    0.00    0.00   53.96
17:03:26     all   31.61    0.00    9.64    0.00    0.00    0.00    0.00    0.00    0.00   58.75
17:03:27     all   34.92    0.00    8.98    0.00    0.00    0.01    0.00    0.00    0.00   56.09
17:03:28     all   34.39    0.00    9.12    0.00    0.00    0.00    0.00    0.00    0.00   56.49
17:03:29     all   30.31    0.00    9.64    0.00    0.00    0.00    0.00    0.00    0.00   60.05
17:03:30     all   32.44    0.00    8.52    0.00    0.00    0.00    0.00    0.00    0.00   59.05
17:03:31     all   37.14    0.00   10.22    0.00    0.00    0.00    0.00    0.00    0.00   52.64
17:03:32     all   36.92    0.00   11.38    0.00    0.00    0.00    0.00    0.00    0.00   51.70
17:03:33     all   36.32    0.00   10.25    0.00    0.00    0.01    0.00    0.00    0.00   53.41
17:03:34     all   35.35    0.00    8.65    0.00    0.00    0.00    0.00    0.00    0.00   56.00
17:03:35     all   31.72    0.03    9.60    0.00    0.00    0.00    0.00    0.00    0.00   58.65
17:03:36     all   37.20    0.00   10.65    0.00    0.00    0.03    0.00    0.00    0.00   52.12
17:03:37     all   38.33    0.00    9.82    0.00    0.00    0.00    0.00    0.00    0.00   51.85
17:03:38     all   34.33    0.00    9.32    0.00    0.00    0.00    0.00    0.00    0.00   56.35
17:03:39     all   36.61    0.00    9.28    0.00    0.00    0.00    0.00    0.00    0.00   54.11
17:03:40     all   39.48    0.00    9.63    0.00    0.00    0.00    0.00    0.00    0.00   50.88
17:03:41     all   32.32    0.00    8.86    0.00    0.00    0.00    0.00    0.00    0.00   58.82
17:03:42     all   37.81    0.00   11.88    0.00    0.00    0.03    0.00    0.00    0.00   50.28
17:03:43     all   33.40    0.00   10.59    0.00    0.00    0.00    0.00    0.00    0.00   56.02
17:03:44     all   27.33    0.00    8.93    0.00    0.00    0.00    0.00    0.00    0.00   63.74
17:03:45     all   33.99    0.00    8.65    0.00    0.00    0.01    0.00    0.00    0.00   57.35
17:03:46     all   29.47    0.00    8.09    0.00    0.00    0.00    0.00    0.00    0.00   62.45
17:03:47     all   28.90    0.00    7.49    0.00    0.00    0.00    0.00    0.00    0.00   63.61
17:03:48     all   32.82    0.00    8.52    0.00    0.00    0.00    0.00    0.00    0.00   58.66
17:03:49     all   33.67    0.00    9.61    0.00    0.00    0.00    0.00    0.00    0.00   56.72
17:03:50     all   33.33    0.00    9.71    0.00    0.00    0.00    0.00    0.00    0.00   56.96
17:03:51     all   31.52    0.00   10.64    0.00    0.00    0.01    0.00    0.00    0.00   57.82
17:03:52     all   29.63    0.00    9.82    0.00    0.00    0.00    0.00    0.00    0.00   60.55
17:03:53     all   29.07    0.00    7.74    0.00    0.00    0.01    0.00    0.00    0.00   63.18
17:03:54     all   32.25    0.00    8.80    0.00    0.00    0.00    0.00    0.00    0.00   58.95
17:03:55     all   37.43    0.00    9.89    0.00    0.00    0.01    0.00    0.00    0.00   52.67
17:03:56     all   36.06    0.00    9.55    0.00    0.00    0.00    0.00    0.00    0.00   54.39
17:03:57     all   35.12    0.00   10.02    0.00    0.00    0.01    0.00    0.00    0.00   54.84
17:03:58     all   35.45    0.00   11.73    0.00    0.00    0.00    0.00    0.00    0.00   52.82
17:03:59     all   33.65    0.00   10.23    0.00    0.00    0.00    0.00    0.00    0.00   56.12
17:04:00     all   32.22    0.00    9.82    0.00    0.00    0.01    0.00    0.00    0.00   57.94
17:04:01     all   31.55    0.00   10.09    0.00    0.00    0.00    0.00    0.00    0.00   58.37
17:04:02     all   34.07    0.00   10.12    0.00    0.00    0.00    0.00    0.00    0.00   55.82
17:04:03     all   29.88    0.00    8.22    0.00    0.00    0.00    0.00    0.00    0.00   61.90
17:04:04     all   30.55    0.00    9.52    0.00    0.00    0.00    0.00    0.00    0.00   59.92
17:04:05     all   37.69    0.00    9.69    0.00    0.00    0.01    0.00    0.00    0.00   52.60
17:04:06     all   32.89    0.00    9.73    0.00    0.00    0.00    0.00    0.00    0.00   57.38
17:04:07     all   29.67    0.00    7.68    0.00    0.00    0.01    0.00    0.00    0.00   62.64
17:04:08     all   37.86    0.00    8.94    0.00    0.00    0.00    0.00    0.00    0.00   53.20
17:04:09     all   32.73    0.00    8.24    0.00    0.00    0.00    0.00    0.00    0.00   59.03
17:04:10     all   33.22    0.00    7.43    0.00    0.00    0.00    0.00    0.00    0.00   59.35
17:04:11     all   37.63    0.00    9.20    0.00    0.00    0.01    0.00    0.00    0.00   53.16
17:04:12     all   36.76    0.00   10.61    0.01    0.00    0.00    0.00    0.00    0.00   52.61
17:04:13     all   37.28    0.00   10.17    0.00    0.00    0.01    0.00    0.00    0.00   52.53
17:04:14     all   38.67    0.00   10.29    0.00    0.00    0.00    0.00    0.00    0.00   51.04
17:04:15     all   34.50    0.00    9.52    0.00    0.00    0.01    0.00    0.00    0.00   55.96
17:04:16     all   37.54    0.00   10.67    0.00    0.00    0.00    0.00    0.00    0.00   51.78
17:04:17     all   37.23    0.00    9.27    0.00    0.00    0.00    0.00    0.00    0.00   53.51
17:04:18     all   35.48    0.00    9.54    0.00    0.00    0.00    0.00    0.00    0.00   54.98
17:04:19     all   35.46    0.00    9.84    0.00    0.00    0.00    0.00    0.00    0.00   54.70
17:04:20     all   32.21    0.00    9.21    0.00    0.00    0.01    0.00    0.00    0.00   58.57
17:04:21     all   37.35    0.00    8.90    0.00    0.00    0.00    0.00    0.00    0.00   53.75
17:04:22     all   35.49    0.00    8.65    0.00    0.00    0.00    0.00    0.00    0.00   55.85
17:04:23     all   36.79    0.00   10.35    0.00    0.00    0.00    0.00    0.00    0.00   52.86
17:04:24     all   37.24    0.00   10.22    0.00    0.00    0.00    0.00    0.00    0.00   52.54
17:04:25     all   34.99    0.00   10.92    0.00    0.00    0.00    0.00    0.00    0.00   54.09
17:04:26     all   35.72    0.00    9.59    0.00    0.00    0.01    0.00    0.00    0.00   54.67
17:04:27     all   33.73    0.00   10.05    0.00    0.00    0.00    0.00    0.00    0.00   56.22
17:04:28     all   29.60    0.00    9.32    0.00    0.00    0.00    0.00    0.00    0.00   61.08
17:04:29     all   35.81    0.00   12.43    0.00    0.00    0.00    0.00    0.00    0.00   51.77
17:04:30     all   33.41    0.00   11.93    0.00    0.00    0.00    0.00    0.00    0.00   54.66
17:04:31     all   35.65    0.00   11.71    0.00    0.00    0.00    0.00    0.00    0.00   52.64
17:04:32     all   37.24    0.00   10.45    0.00    0.00    0.01    0.00    0.00    0.00   52.30
17:04:33     all   35.79    0.00   11.25    0.00    0.00    0.00    0.00    0.00    0.00   52.96
17:04:34     all   36.23    0.00   11.40    0.00    0.00    0.00    0.00    0.00    0.00   52.37
17:04:35     all   35.12    0.00   11.22    0.00    0.00    0.00    0.00    0.00    0.00   53.66
17:04:36     all   30.36    0.00   11.26    0.00    0.00    0.00    0.00    0.00    0.00   58.37
17:04:37     all   34.60    0.01    9.79    0.00    0.00    0.00    0.00    0.00    0.00   55.59
17:04:38     all   31.79    0.00    9.87    0.01    0.00    0.00    0.00    0.00    0.00   58.32
17:04:39     all   33.72    0.00    9.48    0.00    0.00    0.00    0.00    0.00    0.00   56.80
17:04:40     all   38.06    0.00    8.77    0.00    0.00    0.00    0.00    0.00    0.00   53.17
17:04:41     all   36.47    0.00    8.61    0.00    0.00    0.00    0.00    0.00    0.00   54.92
17:04:42     all   37.29    0.00    8.76    0.00    0.00    0.00    0.00    0.00    0.00   53.94
17:04:43     all   40.00    0.00    9.23    0.00    0.00    0.03    0.00    0.00    0.00   50.74
17:04:44     all   36.13    0.00   10.36    0.00    0.00    0.00    0.00    0.00    0.00   53.51
17:04:45     all   37.30    0.01   10.06    0.00    0.00    0.00    0.00    0.00    0.00   52.62
17:04:46     all   29.64    0.00    8.31    0.00    0.00    0.00    0.00    0.00    0.00   62.05
17:04:47     all   37.35    0.00    9.51    0.00    0.00    0.00    0.00    0.00    0.00   53.14
17:04:48     all   33.68    0.00    8.82    0.00    0.00    0.00    0.00    0.00    0.00   57.50
17:04:49     all   32.67    0.00    8.42    0.00    0.00    0.00    0.00    0.00    0.00   58.91
17:04:50     all   32.82    0.00    8.92    0.00    0.00    0.00    0.00    0.00    0.00   58.26
17:04:51     all   34.10    0.00   10.94    0.00    0.00    0.00    0.00    0.00    0.00   54.96
17:04:52     all   26.24    0.00    8.97    0.00    0.00    0.01    0.00    0.00    0.00   64.78
17:04:53     all   31.08    0.00    7.48    0.00    0.00    0.00    0.00    0.00    0.00   61.45
17:04:54     all   29.59    0.00    8.46    0.00    0.00    0.00    0.00    0.00    0.00   61.95
17:04:55     all   28.41    0.00    7.56    0.00    0.00    0.00    0.00    0.00    0.00   64.03
17:04:56     all   34.61    0.00    7.47    0.00    0.00    0.00    0.00    0.00    0.00   57.91
17:04:57     all   33.83    0.00    7.51    0.00    0.00    0.00    0.00    0.00    0.00   58.66
17:04:58     all   31.86    0.00    6.94    0.00    0.00    0.00    0.00    0.00    0.00   61.19
17:04:59     all   34.61    0.00    7.18    0.00    0.00    0.00    0.00    0.00    0.00   58.21
17:05:00     all   33.00    0.00    8.21    0.00    0.00    0.00    0.00    0.00    0.00   58.78
17:05:01     all   36.22    0.00    8.24    0.00    0.00    0.01    0.00    0.00    0.00   55.53
17:05:02     all   33.35    0.00    9.04    0.00    0.00    0.00    0.00    0.00    0.00   57.62
17:05:03     all   35.59    0.00    8.70    0.00    0.00    0.00    0.00    0.00    0.00   55.71
17:05:04     all   29.81    0.00    7.64    0.00    0.00    0.00    0.00    0.00    0.00   62.54
17:05:05     all   27.35    0.00    7.41    0.00    0.00    0.00    0.00    0.00    0.00   65.24
17:05:06     all   34.19    0.00    7.70    0.00    0.00    0.00    0.00    0.00    0.00   58.12
17:05:07     all   32.88    0.00    8.37    0.00    0.00    0.00    0.00    0.00    0.00   58.74
17:05:08     all   33.29    0.00    9.01    0.00    0.00    0.00    0.00    0.00    0.00   57.70
17:05:09     all   34.32    0.00    8.25    0.00    0.00    0.01    0.00    0.00    0.00   57.42
17:05:10     all   36.33    0.00    8.81    0.00    0.00    0.00    0.00    0.00    0.00   54.86
17:05:11     all   32.47    0.00    8.93    0.00    0.00    0.00    0.00    0.00    0.00   58.61
17:05:12     all   35.07    0.00    8.75    0.00    0.00    0.00    0.00    0.00    0.00   56.17
17:05:13     all   33.15    0.00    7.44    0.00    0.00    0.00    0.00    0.00    0.00   59.40
17:05:14     all   36.79    0.00    8.13    0.00    0.00    0.01    0.00    0.00    0.00   55.07
17:05:15     all   36.48    0.00    8.50    0.00    0.00    0.00    0.00    0.00    0.00   55.02
17:05:16     all   32.39    0.00    7.97    0.00    0.00    0.00    0.00    0.00    0.00   59.63
17:05:17     all   31.54    0.00    6.85    0.00    0.00    0.00    0.00    0.00    0.00   61.61
17:05:18     all   36.63    0.00    8.56    0.00    0.00    0.00    0.00    0.00    0.00   54.81
17:05:19     all   35.70    0.00    7.61    0.00    0.00    0.00    0.00    0.00    0.00   56.69
17:05:20     all   32.64    0.00    7.67    0.00    0.00    0.00    0.00    0.00    0.00   59.68
17:05:21     all   34.55    0.01    8.43    0.00    0.00    0.00    0.00    0.00    0.00   57.00
17:05:22     all   30.58    0.00    8.15    0.00    0.00    0.00    0.00    0.00    0.00   61.27
17:05:23     all   29.39    0.00    6.10    0.00    0.00    0.03    0.00    0.00    0.00   64.47
17:05:24     all   31.82    0.00    7.78    0.00    0.00    0.00    0.00    0.00    0.00   60.40
17:05:25     all   33.12    0.00   10.22    0.00    0.00    0.00    0.00    0.00    0.00   56.65
17:05:26     all   21.74    0.00    6.14    0.00    0.00    0.00    0.00    0.00    0.00   72.12
17:05:27     all   23.84    0.00    6.93    0.00    0.00    0.00    0.00    0.00    0.00   69.22
17:05:28     all   24.62    0.00    6.72    0.00    0.00    0.00    0.00    0.00    0.00   68.66
17:05:29     all   29.91    0.00    7.52    0.00    0.00    0.00    0.00    0.00    0.00   62.57
17:05:30     all   33.16    0.00    9.16    0.00    0.00    0.00    0.00    0.00    0.00   57.68
17:05:31     all   30.87    0.00    7.69    0.00    0.00    0.00    0.00    0.00    0.00   61.44
17:05:32     all   31.38    0.00    6.75    0.00    0.00    0.00    0.00    0.00    0.00   61.86
17:05:33     all   32.78    0.00    7.03    0.00    0.00    0.00    0.00    0.00    0.00   60.20
17:05:34     all   30.94    0.00    7.90    0.00    0.00    0.00    0.00    0.00    0.00   61.16
17:05:35     all   34.09    0.03    7.38    0.00    0.00    0.01    0.00    0.00    0.00   58.49
17:05:36     all   37.31    0.00    9.02    0.00    0.00    0.03    0.00    0.00    0.00   53.64
17:05:37     all   34.74    0.00    8.15    0.00    0.00    0.00    0.00    0.00    0.00   57.11
17:05:38     all   33.49    0.00    7.57    0.00    0.00    0.00    0.00    0.00    0.00   58.94
17:05:39     all   32.22    0.00    7.88    0.00    0.00    0.00    0.00    0.00    0.00   59.90
17:05:40     all   32.22    0.00    9.74    0.00    0.00    0.00    0.00    0.00    0.00   58.05
17:05:41     all   31.49    0.00    8.27    0.00    0.00    0.00    0.00    0.00    0.00   60.24
17:05:42     all   36.80    0.00    9.01    0.00    0.00    0.00    0.00    0.00    0.00   54.19
17:05:43     all   37.05    0.00    9.98    0.00    0.00    0.00    0.00    0.00    0.00   52.97
17:05:44     all   35.87    0.00    9.62    0.00    0.00    0.00    0.00    0.00    0.00   54.51
17:05:45     all   31.93    0.00   10.56    0.00    0.00    0.00    0.00    0.00    0.00   57.51
17:05:46     all   34.99    0.00   10.83    0.00    0.00    0.00    0.00    0.00    0.00   54.18
17:05:47     all   35.52    0.00   10.36    0.00    0.00    0.00    0.00    0.00    0.00   54.12
17:05:48     all   33.06    0.00    9.90    0.00    0.00    0.00    0.00    0.00    0.00   57.04
17:05:49     all   27.45    0.00    7.67    0.00    0.00    0.00    0.00    0.00    0.00   64.88
17:05:50     all   23.42    0.00    6.47    0.00    0.00    0.01    0.00    0.00    0.00   70.09
17:05:51     all   28.66    0.00    9.51    0.00    0.00    0.00    0.00    0.00    0.00   61.83
17:05:52     all   34.40    0.00   11.01    0.00    0.00    0.00    0.00    0.00    0.00   54.58
17:05:53     all   34.73    0.00   11.02    0.00    0.00    0.00    0.00    0.00    0.00   54.25
17:05:54     all   34.69    0.00   10.17    0.01    0.00    0.00    0.00    0.00    0.00   55.13
17:05:55     all   36.78    0.00   10.68    0.00    0.00    0.00    0.00    0.00    0.00   52.54
17:05:56     all   32.25    0.00    9.84    0.00    0.00    0.00    0.00    0.00    0.00   57.90
17:05:57     all   33.07    0.00   10.70    0.00    0.00    0.00    0.00    0.00    0.00   56.23
17:05:58     all   27.18    0.00    8.61    0.00    0.00    0.00    0.00    0.00    0.00   64.21
17:05:59     all   29.62    0.00    9.65    0.00    0.00    0.03    0.00    0.00    0.00   60.70
17:06:00     all   30.28    0.00    9.65    0.01    0.00    0.01    0.00    0.00    0.00   60.04
17:06:01     all   32.28    0.00    8.52    0.00    0.00    0.00    0.00    0.00    0.00   59.20
17:06:02     all   31.29    0.00    8.39    0.00    0.00    0.00    0.00    0.00    0.00   60.32
17:06:03     all   28.35    0.00    9.11    0.00    0.00    0.00    0.00    0.00    0.00   62.54
17:06:04     all   27.70    0.00    7.85    0.00    0.00    0.00    0.00    0.00    0.00   64.45
17:06:05     all   26.14    0.00    8.80    0.00    0.00    0.00    0.00    0.00    0.00   65.06
17:06:06     all   31.19    0.00    7.60    0.00    0.00    0.01    0.00    0.00    0.00   61.20
17:06:07     all   25.78    0.00    7.66    0.00    0.00    0.00    0.00    0.00    0.00   66.56
17:06:08     all   32.96    0.00   10.72    0.00    0.00    0.00    0.00    0.00    0.00   56.32
17:06:09     all   36.27    0.00   10.26    0.00    0.00    0.00    0.00    0.00    0.00   53.47
17:06:10     all   38.46    0.00    9.79    0.00    0.00    0.00    0.00    0.00    0.00   51.75
17:06:11     all   34.11    0.00    9.28    0.00    0.00    0.00    0.00    0.00    0.00   56.61
17:06:12     all   32.32    0.00    8.40    0.00    0.00    0.00    0.00    0.00    0.00   59.27
17:06:13     all   36.05    0.00    8.81    0.00    0.00    0.01    0.00    0.00    0.00   55.13
17:06:14     all   31.56    0.00   10.14    0.00    0.00    0.01    0.00    0.00    0.00   58.29
17:06:15     all   34.39    0.00   10.78    0.00    0.00    0.01    0.00    0.00    0.00   54.82
17:06:16     all   36.50    0.00   12.13    0.00    0.00    0.00    0.00    0.00    0.00   51.38
17:06:17     all   34.75    0.00   10.77    0.00    0.00    0.00    0.00    0.00    0.00   54.48
17:06:18     all   35.09    0.00    9.79    0.00    0.00    0.01    0.00    0.00    0.00   55.10
17:06:19     all   35.67    0.00    9.86    0.00    0.00    0.01    0.00    0.00    0.00   54.45
17:06:20     all   35.30    0.00   10.01    0.00    0.00    0.00    0.00    0.00    0.00   54.69
17:06:21     all   28.73    0.00    8.94    0.00    0.00    0.00    0.00    0.00    0.00   62.33
17:06:22     all   33.66    0.00    8.53    0.00    0.00    0.00    0.00    0.00    0.00   57.81
17:06:23     all   37.99    0.00    9.89    0.00    0.00    0.00    0.00    0.00    0.00   52.12
17:06:24     all   36.51    0.00   12.45    0.00    0.00    0.03    0.00    0.00    0.00   51.02
17:06:25     all   31.26    0.00   10.26    0.01    0.00    0.00    0.00    0.00    0.00   58.46
17:06:26     all   25.17    0.00    6.58    0.00    0.00    0.00    0.00    0.00    0.00   68.25
17:06:27     all   29.80    0.00    8.43    0.00    0.00    0.01    0.00    0.00    0.00   61.76
17:06:28     all   35.27    0.00    9.61    0.00    0.00    0.00    0.00    0.00    0.00   55.12
17:06:29     all   31.20    0.00    8.93    0.00    0.00    0.00    0.00    0.00    0.00   59.87
17:06:30     all   28.75    0.00    9.22    0.00    0.00    0.00    0.00    0.00    0.00   62.03
17:06:31     all   35.26    0.00    9.08    0.00    0.00    0.00    0.00    0.00    0.00   55.67
17:06:32     all   38.18    0.00   11.10    0.00    0.00    0.00    0.00    0.00    0.00   50.71
17:06:33     all   35.68    0.01    8.44    0.00    0.00    0.01    0.00    0.00    0.00   55.86
17:06:34     all   32.28    0.00    8.23    0.00    0.00    0.00    0.00    0.00    0.00   59.49
17:06:35     all   22.40    0.00    5.96    0.00    0.00    0.00    0.00    0.00    0.00   71.64
17:06:36     all   34.38    0.00    9.32    0.00    0.00    0.01    0.00    0.00    0.00   56.29
17:06:37     all   30.61    0.00    7.68    0.00    0.00    0.01    0.00    0.00    0.00   61.69
17:06:38     all   32.05    0.00    7.75    0.00    0.00    0.00    0.00    0.00    0.00   60.19
17:06:39     all   35.12    0.00    9.16    0.00    0.00    0.04    0.00    0.00    0.00   55.68
17:06:40     all   32.59    0.00    9.85    0.00    0.00    0.00    0.00    0.00    0.00   57.57
17:06:41     all   29.04    0.00    7.20    0.00    0.00    0.00    0.00    0.00    0.00   63.76
17:06:42     all   32.47    0.00    9.05    0.00    0.00    0.01    0.00    0.00    0.00   58.46
17:06:43     all   32.75    0.00    8.91    0.00    0.00    0.01    0.00    0.00    0.00   58.32
17:06:44     all   37.13    0.00    8.43    0.00    0.00    0.00    0.00    0.00    0.00   54.44
17:06:45     all   32.51    0.00    8.52    0.00    0.00    0.00    0.00    0.00    0.00   58.97
17:06:46     all   24.62    0.00    6.22    0.00    0.00    0.00    0.00    0.00    0.00   69.15
17:06:47     all   32.42    0.00    7.90    0.00    0.00    0.01    0.00    0.00    0.00   59.67
17:06:48     all   34.31    0.00    8.67    0.00    0.00    0.00    0.00    0.00    0.00   57.02
17:06:49     all   31.24    0.00    9.22    0.00    0.00    0.00    0.00    0.00    0.00   59.54
17:06:50     all   24.73    0.00    7.07    0.00    0.00    0.01    0.00    0.00    0.00   68.19
17:06:51     all   24.33    0.00    6.55    0.00    0.00    0.00    0.00    0.00    0.00   69.13
17:06:52     all   26.35    0.00    7.43    0.00    0.00    0.00    0.00    0.00    0.00   66.22
17:06:53     all   32.31    0.00    7.47    0.00    0.00    0.00    0.00    0.00    0.00   60.22
17:06:54     all   32.30    0.00    9.12    0.00    0.00    0.01    0.00    0.00    0.00   58.57
17:06:55     all   29.88    0.00    8.89    0.00    0.00    0.00    0.00    0.00    0.00   61.23
17:06:56     all   29.11    0.00    7.62    0.00    0.00    0.00    0.00    0.00    0.00   63.27
17:06:57     all   32.01    0.00    8.71    0.00    0.00    0.00    0.00    0.00    0.00   59.28
17:06:58     all   35.05    0.00    8.26    0.01    0.00    0.00    0.00    0.00    0.00   56.67
17:06:59     all   24.32    0.00    6.62    0.00    0.00    0.01    0.00    0.00    0.00   69.05
17:07:00     all   27.65    0.00    7.55    0.00    0.00    0.00    0.00    0.00    0.00   64.80
17:07:01     all   37.29    0.00    8.11    0.00    0.00    0.01    0.00    0.00    0.00   54.59
17:07:02     all   36.72    0.00    9.58    0.00    0.00    0.00    0.00    0.00    0.00   53.70
17:07:03     all   36.92    0.00    8.12    0.00    0.00    0.00    0.00    0.00    0.00   54.96
17:07:04     all   35.28    0.00    8.11    0.00    0.00    0.00    0.00    0.00    0.00   56.61
17:07:05     all   37.28    0.00    7.99    0.00    0.00    0.00    0.00    0.00    0.00   54.73
17:07:06     all   36.30    0.00    8.21    0.00    0.00    0.00    0.00    0.00    0.00   55.49
17:07:07     all   35.29    0.00    7.37    0.00    0.00    0.01    0.00    0.00    0.00   57.33
17:07:08     all   34.40    0.00    7.51    0.00    0.00    0.00    0.00    0.00    0.00   58.09
17:07:09     all   30.59    0.00    6.16    0.00    0.00    0.00    0.00    0.00    0.00   63.24
17:07:10     all   40.07    0.00    8.24    0.00    0.00    0.00    0.00    0.00    0.00   51.69
17:07:11     all   34.09    0.00    7.82    0.00    0.00    0.00    0.00    0.00    0.00   58.09
17:07:12     all   39.51    0.00    8.08    0.00    0.00    0.01    0.00    0.00    0.00   52.39
17:07:13     all   33.38    0.00    7.56    0.01    0.00    0.00    0.00    0.00    0.00   59.06
17:07:14     all   35.27    0.00    7.86    0.00    0.00    0.00    0.00    0.00    0.00   56.87
17:07:15     all   36.00    0.00    8.94    0.00    0.00    0.00    0.00    0.00    0.00   55.06
17:07:16     all   28.61    0.00    6.60    0.00    0.00    0.01    0.00    0.00    0.00   64.78
17:07:17     all   31.28    0.01    7.02    0.00    0.00    0.00    0.00    0.00    0.00   61.69
17:07:18     all   36.26    0.00    7.82    0.00    0.00    0.00    0.00    0.00    0.00   55.92
17:07:19     all   36.45    0.00    7.53    0.00    0.00    0.01    0.00    0.00    0.00   56.01
17:07:20     all   30.87    0.00    6.78    0.00    0.00    0.00    0.00    0.00    0.00   62.35
17:07:21     all   37.89    0.00    7.09    0.00    0.00    0.00    0.00    0.00    0.00   55.02
17:07:22     all   34.49    0.00    9.13    0.00    0.00    0.00    0.00    0.00    0.00   56.38
17:07:23     all   35.09    0.00    8.73    0.00    0.00    0.01    0.00    0.00    0.00   56.17
17:07:24     all   37.91    0.00    8.91    0.00    0.00    0.01    0.00    0.00    0.00   53.16
17:07:25     all   27.63    0.00    8.16    0.00    0.00    0.01    0.00    0.00    0.00   64.20
17:07:26     all   30.78    0.00    8.15    0.00    0.00    0.00    0.00    0.00    0.00   61.06
17:07:27     all   35.15    0.00    8.36    0.00    0.00    0.01    0.00    0.00    0.00   56.47
17:07:28     all   31.06    0.01    6.68    0.00    0.00    0.00    0.00    0.00    0.00   62.25
17:07:29     all   28.51    0.00    6.41    0.00    0.00    0.00    0.00    0.00    0.00   65.08
17:07:30     all   31.45    0.00    5.87    0.00    0.00    0.00    0.00    0.00    0.00   62.68
17:07:31     all   32.79    0.00    6.91    0.00    0.00    0.01    0.00    0.00    0.00   60.30
17:07:32     all   31.48    0.00    6.41    0.00    0.00    0.00    0.00    0.00    0.00   62.11
17:07:33     all   35.87    0.01    6.71    0.00    0.00    0.00    0.00    0.00    0.00   57.41
17:07:34     all   32.36    0.00    8.23    0.00    0.00    0.00    0.00    0.00    0.00   59.41
17:07:35     all   27.93    0.04    5.46    0.00    0.00    0.00    0.00    0.00    0.00   66.57
17:07:36     all   28.69    0.00    6.16    0.00    0.00    0.00    0.00    0.00    0.00   65.16
17:07:37     all   26.72    0.00    6.70    0.00    0.00    0.01    0.00    0.00    0.00   66.56
17:07:38     all   28.85    0.00    6.79    0.00    0.00    0.00    0.00    0.00    0.00   64.36
17:07:39     all   30.77    0.00    6.88    0.00    0.00    0.00    0.00    0.00    0.00   62.35
17:07:40     all   35.78    0.00    7.24    0.00    0.00    0.00    0.00    0.00    0.00   56.98
17:07:41     all   33.20    0.00    8.60    0.00    0.00    0.00    0.00    0.00    0.00   58.20
17:07:42     all   34.80    0.00    7.88    0.00    0.00    0.01    0.00    0.00    0.00   57.31
17:07:43     all   35.93    0.00    7.86    0.00    0.00    0.00    0.00    0.00    0.00   56.20
17:07:44     all   31.98    0.00    8.60    0.00    0.00    0.00    0.00    0.00    0.00   59.42
17:07:45     all   28.43    0.00    6.35    0.00    0.00    0.00    0.00    0.00    0.00   65.22
17:07:46     all   34.15    0.00    7.50    0.00    0.00    0.00    0.00    0.00    0.00   58.35
17:07:47     all   30.53    0.00    6.82    0.00    0.00    0.00    0.00    0.00    0.00   62.66
17:07:48     all   23.56    0.00    5.32    0.00    0.00    0.00    0.00    0.00    0.00   71.11
17:07:49     all   29.06    0.00    6.44    0.00    0.00    0.01    0.00    0.00    0.00   64.49
17:07:50     all   33.49    0.00    7.41    0.00    0.00    0.00    0.00    0.00    0.00   59.11
17:07:51     all   35.55    0.00    8.24    0.00    0.00    0.00    0.00    0.00    0.00   56.21
17:07:52     all   30.44    0.00    7.23    0.00    0.00    0.00    0.00    0.00    0.00   62.33
17:07:53     all   26.48    0.00    5.90    0.00    0.00    0.00    0.00    0.00    0.00   67.62
17:07:54     all   35.14    0.00    6.10    0.00    0.00    0.01    0.00    0.00    0.00   58.74
17:07:55     all   33.78    0.01    6.82    0.00    0.00    0.00    0.00    0.00    0.00   59.39
17:07:56     all   33.75    0.00    8.01    0.00    0.00    0.00    0.00    0.00    0.00   58.24
17:07:57     all   34.95    0.00    8.92    0.00    0.00    0.00    0.00    0.00    0.00   56.13
17:07:58     all   28.73    0.00    7.78    0.00    0.00    0.01    0.00    0.00    0.00   63.47
17:07:59     all   23.00    0.00    6.33    0.00    0.00    0.00    0.00    0.00    0.00   70.67
17:08:00     all   34.73    0.00    6.72    0.00    0.00    0.00    0.00    0.00    0.00   58.55
17:08:01     all   31.27    0.00    5.86    0.00    0.00    0.01    0.00    0.00    0.00   62.85
17:08:02     all   28.42    0.00    6.27    0.01    0.00    0.01    0.00    0.00    0.00   65.28
17:08:03     all   36.22    0.00    8.11    0.00    0.00    0.01    0.00    0.00    0.00   55.66
17:08:04     all   34.85    0.01    9.21    0.00    0.00    0.00    0.00    0.00    0.00   55.93
17:08:05     all   29.08    0.00    9.81    0.00    0.00    0.00    0.00    0.00    0.00   61.11
17:08:06     all   30.00    0.00    7.33    0.00    0.00    0.00    0.00    0.00    0.00   62.67
17:08:07     all   35.69    0.00   10.20    0.00    0.00    0.00    0.00    0.00    0.00   54.11
17:08:08     all   24.39    0.00    6.66    0.00    0.00    0.01    0.00    0.00    0.00   68.93
17:08:09     all   27.56    0.00    7.08    0.00    0.00    0.00    0.00    0.00    0.00   65.36
17:08:10     all   33.50    0.00    7.18    0.00    0.00    0.00    0.00    0.00    0.00   59.33
17:08:11     all   33.70    0.00    8.51    0.04    0.00    0.01    0.00    0.00    0.00   57.73
17:08:12     all   27.07    0.00    6.47    0.00    0.00    0.01    0.00    0.00    0.00   66.45
17:08:13     all   33.74    0.00    6.54    0.00    0.00    0.00    0.00    0.00    0.00   59.72
17:08:14     all   29.69    0.00    7.41    0.00    0.00    0.01    0.00    0.00    0.00   62.89
17:08:15     all   32.32    0.00    6.98    0.00    0.00    0.00    0.00    0.00    0.00   60.70
17:08:16     all   28.25    0.00    7.08    0.00    0.00    0.00    0.00    0.00    0.00   64.68
17:08:17     all   31.04    0.00    7.27    0.00    0.00    0.00    0.00    0.00    0.00   61.69
17:08:18     all   34.80    0.00    9.48    0.00    0.00    0.00    0.00    0.00    0.00   55.72
17:08:19     all   33.70    0.00    8.93    0.00    0.00    0.00    0.00    0.00    0.00   57.38
17:08:20     all   36.13    0.00    8.93    0.00    0.00    0.00    0.00    0.00    0.00   54.94
17:08:21     all   24.29    0.00    6.26    0.00    0.00    0.01    0.00    0.00    0.00   69.43
17:08:22     all   20.99    0.00    6.59    0.00    0.00    0.00    0.00    0.00    0.00   72.42
17:08:23     all   22.34    0.00    6.26    0.00    0.00    0.01    0.00    0.00    0.00   71.39
17:08:24     all   23.94    0.00    5.41    0.00    0.00    0.00    0.00    0.00    0.00   70.65
17:08:25     all   19.54    0.00    6.27    0.01    0.00    0.00    0.00    0.00    0.00   74.17
17:08:26     all   24.35    0.00    6.48    0.00    0.00    0.00    0.00    0.00    0.00   69.17
17:08:27     all   28.11    0.00    5.58    0.00    0.00    0.01    0.00    0.00    0.00   66.30
17:08:28     all   29.16    0.00    5.65    0.00    0.00    0.01    0.00    0.00    0.00   65.18
17:08:29     all   30.16    0.00    6.22    0.00    0.00    0.00    0.00    0.00    0.00   63.62
17:08:30     all   30.20    0.00    7.85    0.00    0.00    0.00    0.00    0.00    0.00   61.95
17:08:31     all   30.58    0.00    7.05    0.00    0.00    0.00    0.00    0.00    0.00   62.37
17:08:32     all   33.15    0.01    7.31    0.00    0.00    0.00    0.00    0.00    0.00   59.53
17:08:33     all   31.76    0.00    8.06    0.00    0.00    0.00    0.00    0.00    0.00   60.18
17:08:34     all   27.26    0.00    6.82    0.00    0.00    0.00    0.00    0.00    0.00   65.92
17:08:35     all   19.01    0.00    4.83    0.01    0.00    0.00    0.00    0.00    0.00   76.15
17:08:36     all   33.03    0.00    4.88    0.00    0.00    0.00    0.00    0.00    0.00   62.09
17:08:37     all   37.30    0.00    8.37    0.00    0.00    0.01    0.00    0.00    0.00   54.32
17:08:38     all   29.81    0.00    7.82    0.00    0.00    0.00    0.00    0.00    0.00   62.38
17:08:39     all   26.10    0.00    7.70    0.00    0.00    0.00    0.00    0.00    0.00   66.20
17:08:40     all   23.99    0.00    5.22    0.00    0.00    0.00    0.00    0.00    0.00   70.79
17:08:41     all   23.19    0.00    5.99    0.01    0.00    0.01    0.00    0.00    0.00   70.80
17:08:42     all   25.90    0.00    6.32    0.00    0.00    0.00    0.00    0.00    0.00   67.78
17:08:43     all   32.59    0.00    6.61    0.00    0.00    0.00    0.00    0.00    0.00   60.80
17:08:44     all   27.43    0.00    5.38    0.00    0.00    0.00    0.00    0.00    0.00   67.19
17:08:45     all   28.67    0.00    6.03    0.00    0.00    0.00    0.00    0.00    0.00   65.30
17:08:46     all   29.59    0.00    6.44    0.00    0.00    0.01    0.00    0.00    0.00   63.95
17:08:47     all   30.29    0.00    6.04    0.00    0.00    0.00    0.00    0.00    0.00   63.67
17:08:48     all   27.22    0.00    6.00    0.00    0.00    0.00    0.00    0.00    0.00   66.77
17:08:49     all   29.57    0.00    6.12    0.00    0.00    0.03    0.00    0.00    0.00   64.28
17:08:50     all   32.81    0.00    6.40    0.00    0.00    0.00    0.00    0.00    0.00   60.80
17:08:51     all   31.59    0.00    6.34    0.00    0.00    0.00    0.00    0.00    0.00   62.07
17:08:52     all   35.70    0.00    7.33    0.00    0.00    0.01    0.00    0.00    0.00   56.95
17:08:53     all   29.91    0.00    6.18    0.00    0.00    0.00    0.00    0.00    0.00   63.91
17:08:54     all   30.07    0.00    5.70    0.00    0.00    0.00    0.00    0.00    0.00   64.23
17:08:55     all   32.11    0.00    5.48    0.00    0.00    0.01    0.00    0.00    0.00   62.40
17:08:56     all   28.53    0.00    5.22    0.00    0.00    0.00    0.00    0.00    0.00   66.25
17:08:57     all   23.28    0.00    4.18    0.00    0.00    0.01    0.00    0.00    0.00   72.52
17:08:58     all   24.56    0.00    4.70    0.00    0.00    0.01    0.00    0.00    0.00   70.73
17:08:59     all   31.96    0.00    5.74    0.00    0.00    0.00    0.00    0.00    0.00   62.30
17:09:00     all   32.51    0.00    6.51    0.00    0.00    0.00    0.00    0.00    0.00   60.98
17:09:01     all   31.50    0.00    6.32    0.00    0.00    0.00    0.00    0.00    0.00   62.19
17:09:02     all   30.00    0.00    6.65    0.00    0.00    0.00    0.00    0.00    0.00   63.35
17:09:03     all   33.06    0.00    6.52    0.00    0.00    0.01    0.00    0.00    0.00   60.40
17:09:04     all   30.03    0.00    7.48    0.00    0.00    0.01    0.00    0.00    0.00   62.47
17:09:05     all   29.75    0.00    7.47    0.00    0.00    0.00    0.00    0.00    0.00   62.78
17:09:06     all   30.57    0.00    6.65    0.00    0.00    0.00    0.00    0.00    0.00   62.78
17:09:07     all   29.16    0.00    5.70    0.00    0.00    0.00    0.00    0.00    0.00   65.14
17:09:08     all   29.25    0.00    5.77    0.00    0.00    0.00    0.00    0.00    0.00   64.98
17:09:09     all   31.12    0.00    6.33    0.00    0.00    0.00    0.00    0.00    0.00   62.56
17:09:10     all   30.56    0.00    5.70    0.00    0.00    0.01    0.00    0.00    0.00   63.73
17:09:11     all   22.19    0.00    4.22    0.00    0.00    0.00    0.00    0.00    0.00   73.59
17:09:12     all   31.19    0.00    5.89    0.00    0.00    0.00    0.00    0.00    0.00   62.92
17:09:13     all   33.32    0.00    6.24    0.00    0.00    0.00    0.00    0.00    0.00   60.44
17:09:14     all   30.50    0.00    5.41    0.00    0.00    0.00    0.00    0.00    0.00   64.09
17:09:15     all   31.96    0.00    5.28    0.00    0.00    0.01    0.00    0.00    0.00   62.75
17:09:16     all   28.62    0.00    5.75    0.00    0.00    0.00    0.00    0.00    0.00   65.64
17:09:17     all   26.72    0.00    5.09    0.00    0.00    0.00    0.00    0.00    0.00   68.19
17:09:18     all   32.56    0.00    5.64    0.01    0.00    0.00    0.00    0.00    0.00   61.78
17:09:19     all   32.02    0.00    7.07    0.00    0.00    0.00    0.00    0.00    0.00   60.91
17:09:20     all   33.75    0.00    7.32    0.00    0.00    0.00    0.00    0.00    0.00   58.93
17:09:21     all   32.31    0.01    7.42    0.00    0.00    0.03    0.00    0.00    0.00   60.23
17:09:22     all   31.69    0.00    6.84    0.00    0.00    0.00    0.00    0.00    0.00   61.46
17:09:23     all   26.68    0.00    5.39    0.00    0.00    0.01    0.00    0.00    0.00   67.92
17:09:24     all   32.05    0.01    6.19    0.00    0.00    0.01    0.00    0.00    0.00   61.74
17:09:25     all   31.90    0.00    7.51    0.00    0.00    0.00    0.00    0.00    0.00   60.59
17:09:26     all   27.01    0.00    5.74    0.00    0.00    0.01    0.00    0.00    0.00   67.23
17:09:27     all   25.62    0.00    4.81    0.00    0.00    0.00    0.00    0.00    0.00   69.56
17:09:28     all   34.10    0.00    5.18    0.00    0.00    0.01    0.00    0.00    0.00   60.70
17:09:29     all   29.45    0.00    5.49    0.00    0.00    0.00    0.00    0.00    0.00   65.06
17:09:30     all   32.95    0.00    5.49    0.00    0.00    0.00    0.00    0.00    0.00   61.56
17:09:31     all   28.30    0.00    4.49    0.00    0.00    0.00    0.00    0.00    0.00   67.21
17:09:32     all   29.75    0.00    4.04    0.00    0.00    0.00    0.00    0.00    0.00   66.21
17:09:33     all   31.47    0.00    4.68    0.00    0.00    0.01    0.00    0.00    0.00   63.83
17:09:34     all   29.44    0.00    4.29    0.00    0.00    0.00    0.00    0.00    0.00   66.27
17:09:35     all   28.34    0.00    3.30    0.00    0.00    0.00    0.00    0.00    0.00   68.36
17:09:36     all   32.80    0.00    4.61    0.00    0.00    0.00    0.00    0.00    0.00   62.59
17:09:37     all   27.79    0.00    4.20    0.00    0.00    0.00    0.00    0.00    0.00   68.01
17:09:38     all   27.08    0.00    3.35    0.00    0.00    0.00    0.00    0.00    0.00   69.57
17:09:39     all   30.20    0.00    3.60    0.00    0.00    0.00    0.00    0.00    0.00   66.20
17:09:40     all   30.12    0.00    4.23    0.00    0.00    0.01    0.00    0.00    0.00   65.64
17:09:41     all   27.25    0.00    3.67    0.00    0.00    0.01    0.00    0.00    0.00   69.06
17:09:42     all   27.45    0.00    3.48    0.00    0.00    0.00    0.00    0.00    0.00   69.07
17:09:43     all   26.60    0.00    3.92    0.00    0.00    0.00    0.00    0.00    0.00   69.48
17:09:44     all   29.21    0.00    4.18    0.00    0.00    0.00    0.00    0.00    0.00   66.61
17:09:45     all   31.07    0.00    4.59    0.00    0.00    0.00    0.00    0.00    0.00   64.35
17:09:46     all   28.71    0.00    4.55    0.00    0.00    0.00    0.00    0.00    0.00   66.74
17:09:47     all   27.20    0.00    4.11    0.00    0.00    0.00    0.00    0.00    0.00   68.69
17:09:48     all   30.89    0.00    4.01    0.00    0.00    0.01    0.00    0.00    0.00   65.09
17:09:49     all   27.62    0.00    4.65    0.00    0.00    0.00    0.00    0.00    0.00   67.73
17:09:50     all   27.90    0.00    5.44    0.00    0.00    0.01    0.00    0.00    0.00   66.64
17:09:51     all   31.43    0.00    4.83    0.00    0.00    0.01    0.00    0.00    0.00   63.73
17:09:52     all   25.62    0.00    5.00    0.00    0.00    0.00    0.00    0.00    0.00   69.38
17:09:53     all   23.79    0.00    3.78    0.00    0.00    0.00    0.00    0.00    0.00   72.43
17:09:54     all   30.76    0.00    4.66    0.00    0.00    0.00    0.00    0.00    0.00   64.57
17:09:55     all   30.97    0.00    6.40    0.00    0.00    0.00    0.00    0.00    0.00   62.63
17:09:56     all   22.51    0.00    4.45    0.00    0.00    0.00    0.00    0.00    0.00   73.04
17:09:57     all   27.98    0.00    5.01    0.00    0.00    0.00    0.00    0.00    0.00   67.01
17:09:58     all   31.26    0.00    5.36    0.00    0.00    0.00    0.00    0.00    0.00   63.38
17:09:59     all   25.64    0.00    4.30    0.00    0.00    0.00    0.00    0.00    0.00   70.06
17:10:00     all   23.52    0.00    3.74    0.00    0.00    0.00    0.00    0.00    0.00   72.74
17:10:01     all   26.38    0.00    4.27    0.00    0.00    0.00    0.00    0.00    0.00   69.35
17:10:02     all   34.91    0.00    5.69    0.00    0.00    0.01    0.00    0.00    0.00   59.39
17:10:03     all   34.36    0.00    7.08    0.03    0.00    0.01    0.00    0.00    0.00   58.52
17:10:04     all   34.37    0.00    6.98    0.00    0.00    0.00    0.00    0.00    0.00   58.65
17:10:05     all   31.77    0.00    7.85    0.00    0.00    0.00    0.00    0.00    0.00   60.37
17:10:06     all   32.96    0.00    6.91    0.00    0.00    0.01    0.00    0.00    0.00   60.11
17:10:07     all   30.48    0.00    4.54    0.00    0.00    0.00    0.00    0.00    0.00   64.97
17:10:08     all   25.74    0.00    3.76    0.00    0.00    0.00    0.00    0.00    0.00   70.50
17:10:09     all   28.16    0.00    4.46    0.00    0.00    0.00    0.00    0.00    0.00   67.38
17:10:10     all   32.30    0.00    5.34    0.00    0.00    0.00    0.00    0.00    0.00   62.36
17:10:11     all   31.66    0.00    5.98    0.00    0.00    0.00    0.00    0.00    0.00   62.36
17:10:12     all   28.46    0.00    5.18    0.00    0.00    0.00    0.00    0.00    0.00   66.36
17:10:13     all   34.99    0.00    5.99    0.10    0.00    0.03    0.00    0.00    0.00   58.89
17:10:14     all   31.11    0.00    5.94    0.00    0.00    0.01    0.00    0.00    0.00   62.94
17:10:15     all   33.35    0.00    6.23    0.00    0.00    0.00    0.00    0.00    0.00   60.43
17:10:16     all   36.54    0.00    6.78    0.00    0.00    0.01    0.00    0.00    0.00   56.66
17:10:17     all   31.46    0.00    6.17    0.00    0.00    0.00    0.00    0.00    0.00   62.37
17:10:18     all   32.11    0.00    5.37    0.00    0.00    0.00    0.00    0.00    0.00   62.52
17:10:19     all   30.59    0.00    5.25    0.00    0.00    0.00    0.00    0.00    0.00   64.16
17:10:20     all   30.00    0.00    5.23    0.00    0.00    0.00    0.00    0.00    0.00   64.76
17:10:21     all   29.45    0.00    5.32    0.00    0.00    0.00    0.00    0.00    0.00   65.23
17:10:22     all   34.69    0.00    5.31    0.00    0.00    0.03    0.00    0.00    0.00   59.97
17:10:23     all   33.82    0.00    6.51    0.00    0.00    0.00    0.00    0.00    0.00   59.67
17:10:24     all   31.02    0.00    7.48    0.00    0.00    0.00    0.00    0.00    0.00   61.51
17:10:25     all   31.13    0.00    6.27    0.00    0.00    0.01    0.00    0.00    0.00   62.58
17:10:26     all   28.99    0.00    6.29    0.00    0.00    0.01    0.00    0.00    0.00   64.71
17:10:27     all   28.37    0.00    5.71    0.00    0.00    0.03    0.00    0.00    0.00   65.89
17:10:28     all   33.02    0.00    6.46    0.00    0.00    0.00    0.00    0.00    0.00   60.53
17:10:29     all   28.61    0.00    6.05    0.00    0.00    0.00    0.00    0.00    0.00   65.34
17:10:30     all   30.62    0.00    6.46    0.00    0.00    0.01    0.00    0.00    0.00   62.90
17:10:31     all   32.43    0.00    6.78    0.00    0.00    0.00    0.00    0.00    0.00   60.79
17:10:32     all   30.45    0.00    6.37    0.00    0.00    0.01    0.00    0.00    0.00   63.17
17:10:33     all   34.75    0.00    6.82    0.00    0.00    0.00    0.00    0.00    0.00   58.43
17:10:34     all   34.96    0.00    7.09    0.00    0.00    0.01    0.00    0.00    0.00   57.93
17:10:35     all   33.13    0.00    6.43    0.00    0.00    0.00    0.00    0.00    0.00   60.43
17:10:36     all   32.68    0.00    6.70    0.00    0.00    0.01    0.00    0.00    0.00   60.61
17:10:37     all   32.75    0.00    6.58    0.00    0.00    0.01    0.00    0.00    0.00   60.65
17:10:38     all   32.73    0.00    6.70    0.01    0.00    0.01    0.00    0.00    0.00   60.54
17:10:39     all   32.05    0.00    6.45    0.00    0.00    0.00    0.00    0.00    0.00   61.50
17:10:40     all   28.86    0.01    5.47    0.00    0.00    0.00    0.00    0.00    0.00   65.66
17:10:41     all   31.83    0.00    6.03    0.00    0.00    0.00    0.00    0.00    0.00   62.15
17:10:42     all   32.94    0.00    6.31    0.00    0.00    0.00    0.00    0.00    0.00   60.75
17:10:43     all   35.27    0.00    6.25    0.00    0.00    0.01    0.00    0.00    0.00   58.47
17:10:44     all   31.35    0.00    7.03    0.00    0.00    0.00    0.00    0.00    0.00   61.62
17:10:45     all   32.67    0.00    6.79    0.00    0.00    0.00    0.00    0.00    0.00   60.55
17:10:46     all   33.03    0.00    7.43    0.00    0.00    0.01    0.00    0.00    0.00   59.52
17:10:47     all   30.87    0.00    7.24    0.00    0.00    0.00    0.00    0.00    0.00   61.89
17:10:48     all   33.10    0.00    6.82    0.00    0.00    0.00    0.00    0.00    0.00   60.08
17:10:49     all   29.48    0.00    5.51    0.00    0.00    0.00    0.00    0.00    0.00   65.01
17:10:50     all   34.16    0.00    6.42    0.00    0.00    0.00    0.00    0.00    0.00   59.42
17:10:51     all   38.12    0.00    8.41    0.00    0.00    0.00    0.00    0.00    0.00   53.48
17:10:52     all   35.26    0.00    8.20    0.00    0.00    0.00    0.00    0.00    0.00   56.54
17:10:53     all   35.41    0.00    8.02    0.00    0.00    0.01    0.00    0.00    0.00   56.55
17:10:54     all   31.97    0.00    6.68    0.00    0.00    0.00    0.00    0.00    0.00   61.34
17:10:55     all   28.50    0.00    6.65    0.00    0.00    0.01    0.00    0.00    0.00   64.84
17:10:56     all   24.13    0.00    5.37    0.00    0.00    0.00    0.00    0.00    0.00   70.49
17:10:57     all   29.82    0.00    6.89    0.00    0.00    0.00    0.00    0.00    0.00   63.28
17:10:58     all   34.02    0.00    7.38    0.00    0.00    0.00    0.00    0.00    0.00   58.60
17:10:59     all   33.38    0.00    7.56    0.00    0.00    0.01    0.00    0.00    0.00   59.04
17:11:00     all   32.05    0.00    7.04    0.00    0.00    0.00    0.00    0.00    0.00   60.91
17:11:01     all   36.13    0.00    7.12    0.00    0.00    0.00    0.00    0.00    0.00   56.75
17:11:02     all   31.32    0.00    7.02    0.00    0.00    0.01    0.00    0.00    0.00   61.65
17:11:03     all   32.63    0.00    8.69    0.00    0.00    0.03    0.00    0.00    0.00   58.65
17:11:04     all   32.99    0.00    7.74    0.00    0.00    0.01    0.00    0.00    0.00   59.26
17:11:05     all   32.99    0.00    7.26    0.00    0.00    0.00    0.00    0.00    0.00   59.74
17:11:06     all   28.90    0.00    6.26    0.00    0.00    0.00    0.00    0.00    0.00   64.83
17:11:07     all   29.32    0.00    5.16    0.00    0.00    0.00    0.00    0.00    0.00   65.52
17:11:08     all   36.37    0.00    6.20    0.00    0.00    0.00    0.00    0.00    0.00   57.43
17:11:09     all   26.87    0.00    4.69    0.00    0.00    0.03    0.00    0.00    0.00   68.42
17:11:10     all   29.06    0.00    5.33    0.00    0.00    0.00    0.00    0.00    0.00   65.61
17:11:11     all   35.04    0.00    7.50    0.00    0.00    0.00    0.00    0.00    0.00   57.46
17:11:12     all   32.41    0.00    6.74    0.00    0.00    0.00    0.00    0.00    0.00   60.85
17:11:13     all   37.87    0.00    7.48    0.00    0.00    0.01    0.00    0.00    0.00   54.63
17:11:14     all   34.85    0.00    9.17    0.00    0.00    0.00    0.00    0.00    0.00   55.98
17:11:15     all   31.39    0.00    8.63    0.00    0.00    0.00    0.00    0.00    0.00   59.97
17:11:16     all   37.97    0.00    8.72    0.00    0.00    0.00    0.00    0.00    0.00   53.30
17:11:17     all   25.76    0.00    6.67    0.00    0.00    0.00    0.00    0.00    0.00   67.57
17:11:18     all   35.09    0.00    6.73    0.00    0.00    0.01    0.00    0.00    0.00   58.17
17:11:19     all   34.77    0.00    7.35    0.00    0.00    0.03    0.00    0.00    0.00   57.85
17:11:20     all   32.15    0.00    6.09    0.00    0.00    0.01    0.00    0.00    0.00   61.75
17:11:21     all   33.04    0.00    5.53    0.00    0.00    0.00    0.00    0.00    0.00   61.43
17:11:22     all   33.11    0.00    6.26    0.00    0.00    0.00    0.00    0.00    0.00   60.63
17:11:23     all   33.58    0.00    6.58    0.00    0.00    0.01    0.00    0.00    0.00   59.83
17:11:24     all   34.02    0.00    6.54    0.00    0.00    0.00    0.00    0.00    0.00   59.44
17:11:25     all   32.80    0.00    6.85    0.00    0.00    0.00    0.00    0.00    0.00   60.36
17:11:26     all   31.11    0.00    7.10    0.00    0.00    0.01    0.00    0.00    0.00   61.78
17:11:27     all   34.62    0.00    6.23    0.00    0.00    0.00    0.00    0.00    0.00   59.15
17:11:28     all   33.02    0.00    6.61    0.00    0.00    0.00    0.00    0.00    0.00   60.37
17:11:29     all   31.49    0.00    5.98    0.00    0.00    0.00    0.00    0.00    0.00   62.53
17:11:30     all   33.65    0.00    6.87    0.00    0.00    0.00    0.00    0.00    0.00   59.48
17:11:31     all   30.98    0.00    6.59    0.00    0.00    0.00    0.00    0.00    0.00   62.43
17:11:32     all   32.14    0.00    6.27    0.00    0.00    0.00    0.00    0.00    0.00   61.59
17:11:33     all   32.04    0.00    8.44    0.00    0.00    0.00    0.00    0.00    0.00   59.52
17:11:34     all   31.39    0.00    7.72    0.00    0.00    0.01    0.00    0.00    0.00   60.88
17:11:35     all   30.52    0.01    6.97    0.00    0.00    0.00    0.00    0.00    0.00   62.49
17:11:36     all   33.50    0.00    7.23    0.00    0.00    0.00    0.00    0.00    0.00   59.27
17:11:37     all   32.09    0.00    6.58    0.00    0.00    0.00    0.00    0.00    0.00   61.33
17:11:38     all   30.87    0.00    6.60    0.00    0.00    0.01    0.00    0.00    0.00   62.52
17:11:39     all   29.42    0.00    5.67    0.00    0.00    0.00    0.00    0.00    0.00   64.91
17:11:40     all   31.32    0.00    5.76    0.00    0.00    0.00    0.00    0.00    0.00   62.93
17:11:41     all   28.98    0.00    4.83    0.00    0.00    0.00    0.00    0.00    0.00   66.18
17:11:42     all   31.53    0.00    5.64    0.00    0.00    0.01    0.00    0.00    0.00   62.82
17:11:43     all   31.66    0.00    5.56    0.00    0.00    0.00    0.00    0.00    0.00   62.78
17:11:44     all   29.78    0.00    5.38    0.00    0.00    0.00    0.00    0.00    0.00   64.84
17:11:45     all   32.50    0.00    5.65    0.00    0.00    0.00    0.00    0.00    0.00   61.84
17:11:46     all   34.62    0.00    6.94    0.00    0.00    0.00    0.00    0.00    0.00   58.44
17:11:47     all   33.97    0.00    8.60    0.00    0.00    0.00    0.00    0.00    0.00   57.44
17:11:48     all   33.06    0.00    7.16    0.00    0.00    0.01    0.00    0.00    0.00   59.77
17:11:49     all   28.75    0.00    5.65    0.00    0.00    0.00    0.00    0.00    0.00   65.60
17:11:50     all   30.54    0.00    6.29    0.00    0.00    0.00    0.00    0.00    0.00   63.17
17:11:51     all   32.15    0.00    6.33    0.00    0.00    0.00    0.00    0.00    0.00   61.53
17:11:52     all   29.97    0.00    4.92    0.00    0.00    0.00    0.00    0.00    0.00   65.11
17:11:53     all   30.86    0.00    5.60    0.00    0.00    0.00    0.00    0.00    0.00   63.54
17:11:54     all   32.10    0.00    7.32    0.00    0.00    0.00    0.00    0.00    0.00   60.58
17:11:55     all   33.34    0.00    7.81    0.00    0.00    0.01    0.00    0.00    0.00   58.84
17:11:56     all   34.98    0.00    7.43    0.01    0.00    0.01    0.00    0.00    0.00   57.56
17:11:57     all   24.91    0.00    5.61    0.00    0.00    0.00    0.00    0.00    0.00   69.49
17:11:58     all   32.28    0.00    7.17    0.00    0.00    0.00    0.00    0.00    0.00   60.55
17:11:59     all   27.94    0.00    6.87    0.00    0.00    0.00    0.00    0.00    0.00   65.19
17:12:00     all   34.52    0.00    9.49    0.00    0.00    0.01    0.00    0.00    0.00   55.98
17:12:01     all   32.48    0.00    8.36    0.00    0.00    0.00    0.00    0.00    0.00   59.16
17:12:02     all   32.70    0.00    7.99    0.00    0.00    0.00    0.00    0.00    0.00   59.31
17:12:03     all   31.22    0.00    7.37    0.00    0.00    0.00    0.00    0.00    0.00   61.40
17:12:04     all   28.83    0.00    6.05    0.00    0.00    0.00    0.00    0.00    0.00   65.13
17:12:05     all   34.91    0.00    8.46    0.00    0.00    0.01    0.00    0.00    0.00   56.62
17:12:06     all   35.61    0.00    7.80    0.00    0.00    0.00    0.00    0.00    0.00   56.58
17:12:07     all   26.96    0.00    7.29    0.00    0.00    0.00    0.00    0.00    0.00   65.75
17:12:08     all   31.42    0.01    7.26    0.00    0.00    0.01    0.00    0.00    0.00   61.29
17:12:09     all   30.44    0.00    7.61    0.00    0.00    0.00    0.00    0.00    0.00   61.95
17:12:10     all   37.84    0.00    7.99    0.00    0.00    0.00    0.00    0.00    0.00   54.17
17:12:11     all   31.45    0.00    7.05    0.00    0.00    0.03    0.00    0.00    0.00   61.47
17:12:12     all   29.61    0.00    7.09    0.00    0.00    0.00    0.00    0.00    0.00   63.30
17:12:13     all   33.13    0.00    7.63    0.00    0.00    0.00    0.00    0.00    0.00   59.24
17:12:14     all   36.70    0.01    9.40    0.00    0.00    0.00    0.00    0.00    0.00   53.89
17:12:15     all   38.57    0.00   10.07    0.00    0.00    0.00    0.00    0.00    0.00   51.36
17:12:16     all   28.12    0.00   10.11    0.00    0.00    0.01    0.00    0.00    0.00   61.76
17:12:17     all   28.69    0.00    8.70    0.00    0.00    0.00    0.00    0.00    0.00   62.62
17:12:18     all   32.46    0.00    9.67    0.00    0.00    0.00    0.00    0.00    0.00   57.87
17:12:19     all   32.33    0.00    9.89    0.00    0.00    0.00    0.00    0.00    0.00   57.78
17:12:20     all   29.97    0.00    9.87    0.00    0.00    0.01    0.00    0.00    0.00   60.14
17:12:21     all   28.14    0.00    8.13    0.00    0.00    0.01    0.00    0.00    0.00   63.72
17:12:22     all   19.21    0.00    5.69    0.00    0.00    0.01    0.00    0.00    0.00   75.09
17:12:23     all   26.69    0.00    7.45    0.00    0.00    0.01    0.00    0.00    0.00   65.85
17:12:24     all   24.40    0.00    6.26    0.00    0.00    0.00    0.00    0.00    0.00   69.34
17:12:25     all   30.07    0.00    7.67    0.00    0.00    0.00    0.00    0.00    0.00   62.27
17:12:26     all   35.30    0.00    7.50    0.00    0.00    0.00    0.00    0.00    0.00   57.20
17:12:27     all   28.68    0.00    6.79    0.00    0.00    0.00    0.00    0.00    0.00   64.53
17:12:28     all   30.03    0.00    6.06    0.00    0.00    0.01    0.00    0.00    0.00   63.89
17:12:29     all   30.41    0.00    8.01    0.00    0.00    0.01    0.00    0.00    0.00   61.57
17:12:30     all   35.29    0.00    9.33    0.00    0.00    0.00    0.00    0.00    0.00   55.38
17:12:31     all   35.61    0.00    7.82    0.00    0.00    0.01    0.00    0.00    0.00   56.56
17:12:32     all   29.02    0.00    6.42    0.00    0.00    0.00    0.00    0.00    0.00   64.55
17:12:33     all   32.23    0.00    7.46    0.00    0.00    0.00    0.00    0.00    0.00   60.31
17:12:34     all   34.47    0.00    6.99    0.00    0.00    0.00    0.00    0.00    0.00   58.54
17:12:35     all   29.36    0.00    7.96    0.00    0.00    0.00    0.00    0.00    0.00   62.68
17:12:36     all   28.44    0.00    6.78    0.00    0.00    0.00    0.00    0.00    0.00   64.78
17:12:37     all   38.01    0.00    7.60    0.00    0.00    0.01    0.00    0.00    0.00   54.38
17:12:38     all   33.72    0.00    8.93    0.00    0.00    0.00    0.00    0.00    0.00   57.35
17:12:39     all   32.95    0.00    8.03    0.00    0.00    0.00    0.00    0.00    0.00   59.02
17:12:40     all   32.25    0.00    6.96    0.00    0.00    0.00    0.00    0.00    0.00   60.79
17:12:41     all   30.73    0.00    7.80    0.00    0.00    0.00    0.00    0.00    0.00   61.47
17:12:42     all   35.44    0.00    8.88    0.00    0.00    0.00    0.00    0.00    0.00   55.69
17:12:43     all   31.69    0.00    8.00    0.00    0.00    0.01    0.00    0.00    0.00   60.29
17:12:44     all   26.37    0.00    7.01    0.00    0.00    0.00    0.00    0.00    0.00   66.62
17:12:45     all   30.36    0.01    8.01    0.00    0.00    0.00    0.00    0.00    0.00   61.62
17:12:46     all   30.49    0.00    8.14    0.00    0.00    0.00    0.00    0.00    0.00   61.38
17:12:47     all   34.52    0.00    7.33    0.00    0.00    0.00    0.00    0.00    0.00   58.15
17:12:48     all   32.70    0.00    7.33    0.00    0.00    0.00    0.00    0.00    0.00   59.97
17:12:49     all   32.58    0.00    6.33    0.00    0.00    0.00    0.00    0.00    0.00   61.09
17:12:50     all   30.71    0.00    6.44    0.00    0.00    0.00    0.00    0.00    0.00   62.85
17:12:51     all   34.10    0.00    7.79    0.00    0.00    0.00    0.00    0.00    0.00   58.12
17:12:52     all   29.84    0.00    6.68    0.00    0.00    0.01    0.00    0.00    0.00   63.47
17:12:53     all   36.71    0.00    8.23    0.00    0.00    0.00    0.00    0.00    0.00   55.05
17:12:54     all   30.10    0.00    7.98    0.00    0.00    0.00    0.00    0.00    0.00   61.92
17:12:55     all   32.88    0.00    6.45    0.00    0.00    0.00    0.00    0.00    0.00   60.67
17:12:56     all   38.39    0.00    8.65    0.00    0.00    0.00    0.00    0.00    0.00   52.96
17:12:57     all   30.89    0.00    7.29    0.00    0.00    0.00    0.00    0.00    0.00   61.82
17:12:58     all   29.02    0.00    6.30    0.00    0.00    0.01    0.00    0.00    0.00   64.67
17:12:59     all   36.94    0.00    7.90    0.00    0.00    0.00    0.00    0.00    0.00   55.17
17:13:00     all   35.23    0.01    7.85    0.00    0.00    0.01    0.00    0.00    0.00   56.89
17:13:01     all   30.80    0.00    7.20    0.00    0.00    0.00    0.00    0.00    0.00   62.00
17:13:02     all   34.47    0.00    6.55    0.00    0.00    0.00    0.00    0.00    0.00   58.98
17:13:03     all   27.68    0.00    5.36    0.00    0.00    0.01    0.00    0.00    0.00   66.95
17:13:04     all   28.49    0.00    5.89    0.00    0.00    0.01    0.00    0.00    0.00   65.61
17:13:05     all   37.85    0.00    7.70    0.00    0.00    0.00    0.00    0.00    0.00   54.45
17:13:06     all   29.52    0.00    6.59    0.00    0.00    0.00    0.00    0.00    0.00   63.89
17:13:07     all   30.58    0.00    5.82    0.00    0.00    0.01    0.00    0.00    0.00   63.59
17:13:08     all   37.21    0.00    6.96    0.00    0.00    0.00    0.00    0.00    0.00   55.83
17:13:09     all   34.33    0.00    6.13    0.00    0.00    0.00    0.00    0.00    0.00   59.54
17:13:10     all   33.18    0.00    7.21    0.00    0.00    0.00    0.00    0.00    0.00   59.61
17:13:11     all   35.42    0.00    8.40    0.00    0.00    0.00    0.00    0.00    0.00   56.17
17:13:12     all   36.28    0.00    8.30    0.00    0.00    0.01    0.00    0.00    0.00   55.41
17:13:13     all   34.38    0.00    7.47    0.00    0.00    0.00    0.00    0.00    0.00   58.15
17:13:14     all   32.08    0.01    7.01    0.00    0.00    0.00    0.00    0.00    0.00   60.90
17:13:15     all   31.27    0.00    5.92    0.00    0.00    0.00    0.00    0.00    0.00   62.81
17:13:16     all   30.97    0.00    5.43    0.00    0.00    0.00    0.00    0.00    0.00   63.60
17:13:17     all   30.04    0.00    5.80    0.01    0.00    0.00    0.00    0.00    0.00   64.14
17:13:18     all   34.24    0.00    6.57    0.00    0.00    0.01    0.00    0.00    0.00   59.17
17:13:19     all   30.20    0.00    5.39    0.00    0.00    0.00    0.00    0.00    0.00   64.41
17:13:20     all   32.18    0.00    6.01    0.00    0.00    0.00    0.00    0.00    0.00   61.81
17:13:21     all   35.12    0.00    7.73    0.00    0.00    0.00    0.00    0.00    0.00   57.15
17:13:22     all   28.91    0.00    5.93    0.00    0.00    0.00    0.00    0.00    0.00   65.16
17:13:23     all   35.58    0.00    6.89    0.00    0.00    0.00    0.00    0.00    0.00   57.53
17:13:24     all   35.40    0.00    7.52    0.00    0.00    0.01    0.00    0.00    0.00   57.07
17:13:25     all   36.36    0.00    7.64    0.00    0.00    0.00    0.00    0.00    0.00   56.00
17:13:26     all   33.90    0.00    8.39    0.00    0.00    0.00    0.00    0.00    0.00   57.72
17:13:27     all   33.98    0.00    8.26    0.01    0.00    0.00    0.00    0.00    0.00   57.75
17:13:28     all   32.96    0.00    7.49    0.00    0.00    0.00    0.00    0.00    0.00   59.55
17:13:29     all   29.12    0.00    6.66    0.00    0.00    0.00    0.00    0.00    0.00   64.22
17:13:30     all   31.52    0.00    6.85    0.00    0.00    0.01    0.00    0.00    0.00   61.62
17:13:31     all   28.27    0.00    5.81    0.00    0.00    0.00    0.00    0.00    0.00   65.92
17:13:32     all   32.12    0.00    6.16    0.00    0.00    0.01    0.00    0.00    0.00   61.71
17:13:33     all   30.63    0.00    5.97    0.00    0.00    0.00    0.00    0.00    0.00   63.40
17:13:34     all   32.80    0.00    5.94    0.00    0.00    0.00    0.00    0.00    0.00   61.25
17:13:35     all   30.68    0.03    6.78    0.00    0.00    0.00    0.00    0.00    0.00   62.52
17:13:36     all   29.15    0.00    6.55    0.00    0.00    0.00    0.00    0.00    0.00   64.30
17:13:37     all   30.95    0.00    7.08    0.00    0.00    0.00    0.00    0.00    0.00   61.97
17:13:38     all   33.02    0.00    6.79    0.00    0.00    0.01    0.00    0.00    0.00   60.17
17:13:39     all   33.60    0.00    6.73    0.00    0.00    0.00    0.00    0.00    0.00   59.67
17:13:40     all   31.75    0.00    6.35    0.00    0.00    0.00    0.00    0.00    0.00   61.90
17:13:41     all   34.28    0.00    8.14    0.00    0.00    0.01    0.00    0.00    0.00   57.57
17:13:42     all   31.25    0.00    7.24    0.01    0.00    0.01    0.00    0.00    0.00   61.49
17:13:43     all   31.91    0.00    6.84    0.00    0.00    0.01    0.00    0.00    0.00   61.24
17:13:44     all   30.75    0.00    6.58    0.00    0.00    0.00    0.00    0.00    0.00   62.67
17:13:45     all   33.42    0.00    6.76    0.00    0.00    0.00    0.00    0.00    0.00   59.82
17:13:46     all   31.00    0.00    6.13    0.00    0.00    0.00    0.00    0.00    0.00   62.87
17:13:47     all   32.17    0.01    7.35    0.00    0.00    0.00    0.00    0.00    0.00   60.46
17:13:48     all   32.02    0.00    6.90    0.00    0.00    0.00    0.00    0.00    0.00   61.07
17:13:49     all   31.54    0.00    7.84    0.00    0.00    0.00    0.00    0.00    0.00   60.61
17:13:50     all   31.59    0.00    7.85    0.00    0.00    0.01    0.00    0.00    0.00   60.55
17:13:51     all   28.11    0.00    6.69    0.00    0.00    0.00    0.00    0.00    0.00   65.20
17:13:52     all   35.34    0.00    6.78    0.00    0.00    0.04    0.00    0.00    0.00   57.83
17:13:53     all   32.97    0.00    6.88    0.00    0.00    0.00    0.00    0.00    0.00   60.15
17:13:54     all   29.37    0.00    5.37    0.00    0.00    0.00    0.00    0.00    0.00   65.26
17:13:55     all   35.96    0.00    8.41    0.00    0.00    0.00    0.00    0.00    0.00   55.63
17:13:56     all   34.53    0.00    8.30    0.00    0.00    0.01    0.00    0.00    0.00   57.16
17:13:57     all   32.41    0.00    8.63    0.00    0.00    0.00    0.00    0.00    0.00   58.97
17:13:58     all   29.51    0.00    7.49    0.00    0.00    0.00    0.00    0.00    0.00   63.00
17:13:59     all   32.30    0.00    8.17    0.00    0.00    0.00    0.00    0.00    0.00   59.53
17:14:00     all   33.16    0.00    6.37    0.00    0.00    0.00    0.00    0.00    0.00   60.47
17:14:01     all   31.96    0.00    6.74    0.00    0.00    0.01    0.00    0.00    0.00   61.28
17:14:02     all   34.13    0.00    7.26    0.00    0.00    0.00    0.00    0.00    0.00   58.61
17:14:03     all   36.39    0.00    8.06    0.00    0.00    0.00    0.00    0.00    0.00   55.55
17:14:04     all   32.59    0.00    8.89    0.00    0.00    0.00    0.00    0.00    0.00   58.53
17:14:05     all   36.77    0.00    9.32    0.00    0.00    0.00    0.00    0.00    0.00   53.91
17:14:06     all   27.11    0.00    7.27    0.00    0.00    0.00    0.00    0.00    0.00   65.62
17:14:07     all   31.79    0.00    8.28    0.00    0.00    0.00    0.00    0.00    0.00   59.93
17:14:08     all   32.40    0.00    7.44    0.00    0.00    0.00    0.00    0.00    0.00   60.16
17:14:09     all   32.16    0.00    6.70    0.00    0.00    0.01    0.00    0.00    0.00   61.12
17:14:10     all   35.21    0.01    7.46    0.00    0.00    0.00    0.00    0.00    0.00   57.32
17:14:11     all   33.68    0.00    8.38    0.00    0.00    0.00    0.00    0.00    0.00   57.94
17:14:12     all   32.94    0.00    7.03    0.00    0.00    0.00    0.00    0.00    0.00   60.02
17:14:13     all   31.08    0.00    6.68    0.00    0.00    0.00    0.00    0.00    0.00   62.23
17:14:14     all   31.90    0.00    6.02    0.00    0.00    0.00    0.00    0.00    0.00   62.08
17:14:15     all   30.29    0.00    7.26    0.00    0.00    0.00    0.00    0.00    0.00   62.45
17:14:16     all   30.91    0.00    6.49    0.00    0.00    0.01    0.00    0.00    0.00   62.59
17:14:17     all   30.50    0.00    7.62    0.00    0.00    0.00    0.00    0.00    0.00   61.88
17:14:18     all   30.12    0.00    7.62    0.00    0.00    0.00    0.00    0.00    0.00   62.26
17:14:19     all   31.25    0.00    7.22    0.00    0.00    0.00    0.00    0.00    0.00   61.53
17:14:20     all   29.86    0.00    6.33    0.00    0.00    0.00    0.00    0.00    0.00   63.81
17:14:21     all   28.68    0.00    6.44    0.00    0.00    0.01    0.00    0.00    0.00   64.87
17:14:22     all   35.69    0.00    8.29    0.00    0.00    0.01    0.00    0.00    0.00   56.00
17:14:23     all   29.05    0.00    6.39    0.00    0.00    0.01    0.00    0.00    0.00   64.55
17:14:24     all   32.45    0.00    6.51    0.00    0.00    0.00    0.00    0.00    0.00   61.05
17:14:25     all   34.16    0.00    6.57    0.00    0.00    0.01    0.00    0.00    0.00   59.26
17:14:26     all   25.15    0.00    5.19    0.00    0.00    0.00    0.00    0.00    0.00   69.66
17:14:27     all   28.91    0.00    4.64    0.00    0.00    0.00    0.00    0.00    0.00   66.45
17:14:28     all   37.10    0.00    6.94    0.00    0.00    0.01    0.00    0.00    0.00   55.95
17:14:29     all   30.36    0.00    6.49    0.00    0.00    0.00    0.00    0.00    0.00   63.15
17:14:30     all   34.10    0.00    6.93    0.00    0.00    0.01    0.00    0.00    0.00   58.96
17:14:31     all   32.54    0.00    6.50    0.00    0.00    0.00    0.00    0.00    0.00   60.96
17:14:32     all   29.74    0.00    6.27    0.00    0.00    0.00    0.00    0.00    0.00   63.98
17:14:33     all   34.31    0.00    7.10    0.00    0.00    0.00    0.00    0.00    0.00   58.60
17:14:34     all   28.78    0.00    6.84    0.00    0.00    0.00    0.00    0.00    0.00   64.37
17:14:35     all   30.84    0.00    7.27    0.00    0.00    0.01    0.00    0.00    0.00   61.87
17:14:36     all   27.68    0.00    7.85    0.00    0.00    0.03    0.00    0.00    0.00   64.44
17:14:37     all   35.49    0.00    8.22    0.00    0.00    0.01    0.00    0.00    0.00   56.28
17:14:38     all   30.73    0.00    7.45    0.00    0.00    0.00    0.00    0.00    0.00   61.82
17:14:39     all   27.27    0.00    6.74    0.00    0.00    0.00    0.00    0.00    0.00   65.99
17:14:40     all   31.30    0.00    6.61    0.00    0.00    0.00    0.00    0.00    0.00   62.09
17:14:41     all   31.64    0.00    6.55    0.00    0.00    0.00    0.00    0.00    0.00   61.80
17:14:42     all   33.13    0.00    7.99    0.00    0.00    0.03    0.00    0.00    0.00   58.85
17:14:43     all   29.28    0.01    6.95    0.00    0.00    0.01    0.00    0.00    0.00   63.74
17:14:44     all   30.91    0.00    6.57    0.00    0.00    0.00    0.00    0.00    0.00   62.52
17:14:45     all   33.13    0.00    7.40    0.00    0.00    0.00    0.00    0.00    0.00   59.46
17:14:46     all   33.39    0.00    8.11    0.00    0.00    0.00    0.00    0.00    0.00   58.50
17:14:47     all   27.37    0.00    6.27    0.01    0.00    0.00    0.00    0.00    0.00   66.35
17:14:48     all   30.95    0.00    5.40    0.00    0.00    0.00    0.00    0.00    0.00   63.65
17:14:49     all   38.27    0.00    7.01    0.00    0.00    0.00    0.00    0.00    0.00   54.72
17:14:50     all   29.33    0.00    7.04    0.00    0.00    0.01    0.00    0.00    0.00   63.61
17:14:51     all   33.78    0.00    7.31    0.00    0.00    0.00    0.00    0.00    0.00   58.91
17:14:52     all   31.54    0.00    9.09    0.00    0.00    0.00    0.00    0.00    0.00   59.37
17:14:53     all   29.81    0.00    8.73    0.00    0.00    0.01    0.00    0.00    0.00   61.45
17:14:54     all   23.96    0.00    6.05    0.00    0.00    0.00    0.00    0.00    0.00   69.99
17:14:55     all   25.13    0.00    6.42    0.00    0.00    0.00    0.00    0.00    0.00   68.45
17:14:56     all   30.64    0.00    7.12    0.00    0.00    0.01    0.00    0.00    0.00   62.23
17:14:57     all   30.38    0.00    6.45    0.00    0.00    0.00    0.00    0.00    0.00   63.18
17:14:58     all   34.64    0.00    7.63    0.00    0.00    0.00    0.00    0.00    0.00   57.73
17:14:59     all   28.51    0.00    6.16    0.00    0.00    0.01    0.00    0.00    0.00   65.31
17:15:00     all   23.52    0.00    5.17    0.00    0.00    0.00    0.00    0.00    0.00   71.31
17:15:01     all   31.21    0.00    6.48    0.00    0.00    0.00    0.00    0.00    0.00   62.31
17:15:02     all   37.02    0.00    8.79    0.00    0.00    0.01    0.00    0.00    0.00   54.17
17:15:03     all   30.22    0.00    7.91    0.00    0.00    0.01    0.00    0.00    0.00   61.86
17:15:04     all   32.65    0.00    7.15    0.00    0.00    0.00    0.00    0.00    0.00   60.21
17:15:05     all   35.19    0.00    8.10    0.00    0.00    0.00    0.00    0.00    0.00   56.71
17:15:06     all   30.11    0.00    6.83    0.00    0.00    0.00    0.00    0.00    0.00   63.06
17:15:07     all   28.87    0.00    6.51    0.00    0.00    0.00    0.00    0.00    0.00   64.62
17:15:08     all   30.88    0.00    7.28    0.00    0.00    0.03    0.00    0.00    0.00   61.81
17:15:09     all   33.36    0.00    7.11    0.00    0.00    0.00    0.00    0.00    0.00   59.53
17:15:10     all   31.10    0.00    7.13    0.00    0.00    0.00    0.00    0.00    0.00   61.77
17:15:11     all   28.91    0.00    8.05    0.00    0.00    0.00    0.00    0.00    0.00   63.04
17:15:12     all   32.99    0.00    8.08    0.01    0.00    0.00    0.00    0.00    0.00   58.91
17:15:13     all   29.97    0.00    7.65    0.00    0.00    0.00    0.00    0.00    0.00   62.37
17:15:14     all   32.83    0.00    6.24    0.00    0.00    0.00    0.00    0.00    0.00   60.94
17:15:15     all   32.36    0.00    7.48    0.00    0.00    0.00    0.00    0.00    0.00   60.16
17:15:16     all   35.15    0.00    6.88    0.00    0.00    0.01    0.00    0.00    0.00   57.96
17:15:17     all   33.64    0.00    7.81    0.00    0.00    0.00    0.00    0.00    0.00   58.55
17:15:18     all   34.32    0.00    8.30    0.00    0.00    0.00    0.00    0.00    0.00   57.38
17:15:19     all   35.39    0.00    8.01    0.01    0.00    0.00    0.00    0.00    0.00   56.59
17:15:20     all   33.57    0.00    8.72    0.00    0.00    0.01    0.00    0.00    0.00   57.70
17:15:21     all   30.18    0.00    7.33    0.00    0.00    0.01    0.00    0.00    0.00   62.48
17:15:22     all   30.74    0.00    7.37    0.00    0.00    0.00    0.00    0.00    0.00   61.89
17:15:23     all   33.52    0.00    6.82    0.00    0.00    0.00    0.00    0.00    0.00   59.67
17:15:24     all   30.40    0.00    6.89    0.00    0.00    0.00    0.00    0.00    0.00   62.71
17:15:25     all   31.92    0.00    5.91    0.00    0.00    0.00    0.00    0.00    0.00   62.16
17:15:26     all   30.91    0.00    7.43    0.00    0.00    0.00    0.00    0.00    0.00   61.66
17:15:27     all   33.92    0.00    6.55    0.00    0.00    0.00    0.00    0.00    0.00   59.53
17:15:28     all   29.25    0.00    6.62    0.00    0.00    0.01    0.00    0.00    0.00   64.11
17:15:29     all   33.70    0.00    7.68    0.00    0.00    0.00    0.00    0.00    0.00   58.62
17:15:30     all   38.90    0.00    9.59    0.00    0.00    0.00    0.00    0.00    0.00   51.51
17:15:31     all   28.39    0.00    7.06    0.00    0.00    0.01    0.00    0.00    0.00   64.54
17:15:32     all   28.57    0.00    6.90    0.00    0.00    0.01    0.00    0.00    0.00   64.52
17:15:33     all   33.34    0.00    7.64    0.00    0.00    0.00    0.00    0.00    0.00   59.02
17:15:34     all   33.87    0.00    9.30    0.00    0.00    0.00    0.00    0.00    0.00   56.83
17:15:35     all   31.95    0.00    8.15    0.00    0.00    0.00    0.00    0.00    0.00   59.90
17:15:36     all   32.36    0.00    7.77    0.00    0.00    0.00    0.00    0.00    0.00   59.87
17:15:37     all   35.74    0.00    7.77    0.00    0.00    0.01    0.00    0.00    0.00   56.47
17:15:38     all   34.99    0.00    9.07    0.00    0.00    0.01    0.00    0.00    0.00   55.93
17:15:39     all   34.25    0.00    7.63    0.00    0.00    0.00    0.00    0.00    0.00   58.13
17:15:40     all   36.66    0.00    8.40    0.00    0.00    0.00    0.00    0.00    0.00   54.94
17:15:41     all   34.10    0.00    7.05    0.01    0.00    0.01    0.00    0.00    0.00   58.81
17:15:42     all   32.41    0.00    7.41    0.00    0.00    0.00    0.00    0.00    0.00   60.19
17:15:43     all   31.49    0.00    7.14    0.00    0.00    0.00    0.00    0.00    0.00   61.36
17:15:44     all   29.12    0.00    6.75    0.00    0.00    0.01    0.00    0.00    0.00   64.11
17:15:45     all   29.56    0.00    5.85    0.01    0.00    0.00    0.00    0.00    0.00   64.58
17:15:46     all   37.77    0.00    8.20    0.00    0.00    0.00    0.00    0.00    0.00   54.02
17:15:47     all   33.35    0.00    7.43    0.00    0.00    0.00    0.00    0.00    0.00   59.22
17:15:48     all   32.59    0.00    7.76    0.00    0.00    0.00    0.00    0.00    0.00   59.66
17:15:49     all   33.41    0.00    9.06    0.00    0.00    0.00    0.00    0.00    0.00   57.53
17:15:50     all   29.42    0.00    6.43    0.00    0.00    0.00    0.00    0.00    0.00   64.15
17:15:51     all   34.63    0.00    7.65    0.00    0.00    0.01    0.00    0.00    0.00   57.71
17:15:52     all   32.06    0.00    7.81    0.00    0.00    0.00    0.00    0.00    0.00   60.13
17:15:53     all   27.14    0.00    6.98    0.00    0.00    0.00    0.00    0.00    0.00   65.88
17:15:54     all   33.68    0.00    7.46    0.00    0.00    0.00    0.00    0.00    0.00   58.87
17:15:55     all   29.99    0.00    7.04    0.00    0.00    0.00    0.00    0.00    0.00   62.97
17:15:56     all   28.34    0.00    6.18    0.00    0.00    0.00    0.00    0.00    0.00   65.48
17:15:57     all   32.81    0.00    6.71    0.00    0.00    0.01    0.00    0.00    0.00   60.47
17:15:58     all   28.28    0.00    6.08    0.00    0.00    0.00    0.00    0.00    0.00   65.64
17:15:59     all   30.90    0.00    6.39    0.00    0.00    0.00    0.00    0.00    0.00   62.71
17:16:00     all   34.90    0.00    6.41    0.00    0.00    0.00    0.00    0.00    0.00   58.70
17:16:01     all   36.21    0.00    7.16    0.00    0.00    0.00    0.00    0.00    0.00   56.63
17:16:02     all   34.77    0.00    7.35    0.00    0.00    0.01    0.00    0.00    0.00   57.87
17:16:03     all   35.48    0.00    7.91    0.00    0.00    0.01    0.00    0.00    0.00   56.60
17:16:04     all   34.34    0.00    6.20    0.00    0.00    0.01    0.00    0.00    0.00   59.44
17:16:05     all   33.35    0.00    5.66    0.00    0.00    0.01    0.00    0.00    0.00   60.97
17:16:06     all   33.72    0.00    5.59    0.00    0.00    0.00    0.00    0.00    0.00   60.69
17:16:07     all   34.50    0.00    6.44    0.00    0.00    0.00    0.00    0.00    0.00   59.06
17:16:08     all   32.35    0.00    6.06    0.00    0.00    0.01    0.00    0.00    0.00   61.58
17:16:09     all   35.96    0.00    6.78    0.00    0.00    0.00    0.00    0.00    0.00   57.26
17:16:10     all   31.80    0.00    6.26    0.00    0.00    0.00    0.00    0.00    0.00   61.94
17:16:11     all   38.09    0.00    7.43    0.00    0.00    0.01    0.00    0.00    0.00   54.47
17:16:12     all   32.90    0.00    6.82    0.00    0.00    0.01    0.00    0.00    0.00   60.27
17:16:13     all   35.02    0.00    7.24    0.00    0.00    0.00    0.00    0.00    0.00   57.74
17:16:14     all   36.42    0.00    7.59    0.00    0.00    0.01    0.00    0.00    0.00   55.98
17:16:15     all   37.08    0.00    7.95    0.00    0.00    0.00    0.00    0.00    0.00   54.97
17:16:16     all   34.39    0.00    7.76    0.00    0.00    0.00    0.00    0.00    0.00   57.84
17:16:17     all   38.19    0.00    7.53    0.01    0.00    0.00    0.00    0.00    0.00   54.27
17:16:18     all   37.47    0.00    7.28    0.00    0.00    0.00    0.00    0.00    0.00   55.25
17:16:19     all   34.19    0.00    7.52    0.00    0.00    0.01    0.00    0.00    0.00   58.28
17:16:20     all   33.39    0.00    6.57    0.00    0.00    0.00    0.00    0.00    0.00   60.04
17:16:21     all   32.14    0.00    6.50    0.00    0.00    0.00    0.00    0.00    0.00   61.36
17:16:22     all   30.97    0.00    5.29    0.00    0.00    0.01    0.00    0.00    0.00   63.72
17:16:23     all   30.31    0.00    5.47    0.00    0.00    0.01    0.00    0.00    0.00   64.20
17:16:24     all   35.27    0.01    6.70    0.00    0.00    0.01    0.00    0.00    0.00   58.00
17:16:25     all   35.64    0.00    7.09    0.00    0.00    0.00    0.00    0.00    0.00   57.27
17:16:26     all   32.86    0.00    6.64    0.00    0.00    0.00    0.00    0.00    0.00   60.51
17:16:27     all   33.56    0.00    6.51    0.00    0.00    0.00    0.00    0.00    0.00   59.92
17:16:28     all   32.11    0.01    5.95    0.00    0.00    0.01    0.00    0.00    0.00   61.91
17:16:29     all   31.25    0.00    6.82    0.00    0.00    0.00    0.00    0.00    0.00   61.92
17:16:30     all   34.08    0.00    6.86    0.00    0.00    0.00    0.00    0.00    0.00   59.06
17:16:31     all   33.59    0.00    6.28    0.00    0.00    0.00    0.00    0.00    0.00   60.14
17:16:32     all   27.96    0.00    5.02    0.00    0.00    0.00    0.00    0.00    0.00   67.02
17:16:33     all   34.38    0.00    6.86    0.00    0.00    0.01    0.00    0.00    0.00   58.75
17:16:34     all   32.76    0.00    5.80    0.00    0.00    0.00    0.00    0.00    0.00   61.44
17:16:35     all   35.14    0.00    6.17    0.00    0.00    0.01    0.00    0.00    0.00   58.67
17:16:36     all   28.02    0.00    6.44    0.00    0.00    0.00    0.00    0.00    0.00   65.54
17:16:37     all   26.03    0.00    5.51    0.00    0.00    0.00    0.00    0.00    0.00   68.46
17:16:38     all   32.23    0.00    6.44    0.00    0.00    0.00    0.00    0.00    0.00   61.33
17:16:39     all   34.60    0.00    6.11    0.00    0.00    0.00    0.00    0.00    0.00   59.28
17:16:40     all   25.30    0.00    5.14    0.01    0.00    0.01    0.00    0.00    0.00   69.53
17:16:41     all   30.24    0.00    4.39    0.00    0.00    0.00    0.00    0.00    0.00   65.38
17:16:42     all   29.89    0.00    5.45    0.00    0.00    0.00    0.00    0.00    0.00   64.65
17:16:43     all   34.12    0.00    5.90    0.01    0.00    0.01    0.00    0.00    0.00   59.95
17:16:44     all   32.24    0.00    6.84    0.00    0.00    0.00    0.00    0.00    0.00   60.91
17:16:45     all   31.49    0.00    6.02    0.00    0.00    0.00    0.00    0.00    0.00   62.49
17:16:46     all   34.20    0.00    6.81    0.00    0.00    0.00    0.00    0.00    0.00   59.00
17:16:47     all   30.16    0.00    6.27    0.00    0.00    0.00    0.00    0.00    0.00   63.57
17:16:48     all   29.79    0.00    5.74    0.00    0.00    0.03    0.00    0.00    0.00   64.45
17:16:49     all   38.09    0.00    7.09    0.00    0.00    0.00    0.00    0.00    0.00   54.82
17:16:50     all   35.81    0.00    9.74    0.00    0.00    0.00    0.00    0.00    0.00   54.45
17:16:51     all   33.03    0.00    8.51    0.00    0.00    0.00    0.00    0.00    0.00   58.46
17:16:52     all   34.12    0.00    8.43    0.00    0.00    0.00    0.00    0.00    0.00   57.45
17:16:53     all   33.06    0.00    8.25    0.00    0.00    0.00    0.00    0.00    0.00   58.68
17:16:54     all   32.71    0.00    8.17    0.00    0.00    0.00    0.00    0.00    0.00   59.12
17:16:55     all   33.03    0.00    7.33    0.00    0.00    0.00    0.00    0.00    0.00   59.64
17:16:56     all   35.48    0.00    8.79    0.00    0.00    0.00    0.00    0.00    0.00   55.73
17:16:57     all   39.22    0.00    8.18    0.00    0.00    0.00    0.00    0.00    0.00   52.59
17:16:58     all   37.06    0.00    8.25    0.00    0.00    0.01    0.00    0.00    0.00   54.68
17:16:59     all   36.49    0.00    8.32    0.00    0.00    0.00    0.00    0.00    0.00   55.19
17:17:00     all   37.79    0.00    8.35    0.01    0.00    0.00    0.00    0.00    0.00   53.85
17:17:01     all   38.90    0.00   10.18    0.00    0.00    0.01    0.00    0.00    0.00   50.90
17:17:02     all   36.81    0.00   10.79    0.00    0.00    0.01    0.00    0.00    0.00   52.39
17:17:03     all   32.43    0.00    8.54    0.00    0.00    0.00    0.00    0.00    0.00   59.04
17:17:04     all   31.27    0.01    8.65    0.00    0.00    0.00    0.00    0.00    0.00   60.07
17:17:05     all   32.40    0.00    8.57    0.00    0.00    0.00    0.00    0.00    0.00   59.03
17:17:06     all   38.42    0.00    9.05    0.00    0.00    0.01    0.00    0.00    0.00   52.51
17:17:07     all   35.32    0.00    9.56    0.00    0.00    0.00    0.00    0.00    0.00   55.12
17:17:08     all   33.02    0.00    8.41    0.00    0.00    0.01    0.00    0.00    0.00   58.55
17:17:09     all   36.13    0.00    8.63    0.00    0.00    0.00    0.00    0.00    0.00   55.24
17:17:10     all   29.92    0.00    7.87    0.00    0.00    0.00    0.00    0.00    0.00   62.21
17:17:11     all   32.12    0.00    8.17    0.00    0.00    0.01    0.00    0.00    0.00   59.70
17:17:12     all   29.79    0.00    7.92    0.00    0.00    0.00    0.00    0.00    0.00   62.29
17:17:13     all   34.70    0.01    8.73    0.00    0.00    0.00    0.00    0.00    0.00   56.55
17:17:14     all   30.29    0.00    8.30    0.00    0.00    0.01    0.00    0.00    0.00   61.39
17:17:15     all   29.68    0.00    8.18    0.00    0.00    0.00    0.00    0.00    0.00   62.14
17:17:16     all   30.70    0.00    7.20    0.00    0.00    0.00    0.00    0.00    0.00   62.10
17:17:17     all   33.27    0.01    8.07    0.00    0.00    0.00    0.00    0.00    0.00   58.64
17:17:18     all   27.82    0.00    5.80    0.00    0.00    0.03    0.00    0.00    0.00   66.35
17:17:19     all   32.48    0.00    7.12    0.00    0.00    0.00    0.00    0.00    0.00   60.40
17:17:20     all   30.30    0.00    7.77    0.00    0.00    0.00    0.00    0.00    0.00   61.93
17:17:21     all   30.96    0.00    9.01    0.00    0.00    0.01    0.00    0.00    0.00   60.02
17:17:22     all   34.54    0.00    9.99    0.00    0.00    0.00    0.00    0.00    0.00   55.47
17:17:23     all   37.10    0.00   10.53    0.00    0.00    0.01    0.00    0.00    0.00   52.36
17:17:24     all   37.11    0.00    9.17    0.00    0.00    0.03    0.00    0.00    0.00   53.69
17:17:25     all   35.48    0.00    9.81    0.00    0.00    0.01    0.00    0.00    0.00   54.70
17:17:26     all   32.45    0.00    8.95    0.00    0.00    0.00    0.00    0.00    0.00   58.61
17:17:27     all   34.13    0.00    8.80    0.00    0.00    0.00    0.00    0.00    0.00   57.07
17:17:28     all   35.96    0.00   10.12    0.01    0.00    0.00    0.00    0.00    0.00   53.91
17:17:29     all   33.14    0.00    9.65    0.00    0.00    0.00    0.00    0.00    0.00   57.20
17:17:30     all   31.04    0.00    8.45    0.00    0.00    0.00    0.00    0.00    0.00   60.51
17:17:31     all   27.65    0.00    7.25    0.00    0.00    0.00    0.00    0.00    0.00   65.10
17:17:32     all   30.70    0.00    7.92    0.00    0.00    0.01    0.00    0.00    0.00   61.37
17:17:33     all   34.93    0.00   10.35    0.00    0.00    0.00    0.00    0.00    0.00   54.72
17:17:34     all   32.14    0.00    9.74    0.00    0.00    0.00    0.00    0.00    0.00   58.12
17:17:35     all   30.99    0.00    8.51    0.00    0.00    0.01    0.00    0.00    0.00   60.49
17:17:36     all   29.49    0.00    7.80    0.00    0.00    0.00    0.00    0.00    0.00   62.71
17:17:37     all   29.92    0.00    7.33    0.00    0.00    0.00    0.00    0.00    0.00   62.76
17:17:38     all   27.82    0.00    7.52    0.00    0.00    0.00    0.00    0.00    0.00   64.66
17:17:39     all   30.41    0.00    7.41    0.00    0.00    0.00    0.00    0.00    0.00   62.19
17:17:40     all   38.71    0.00    9.44    0.00    0.00    0.00    0.00    0.00    0.00   51.85
17:17:41     all   30.35    0.00    8.03    0.00    0.00    0.01    0.00    0.00    0.00   61.60
17:17:42     all   34.49    0.00    8.30    0.00    0.00    0.00    0.00    0.00    0.00   57.21
17:17:43     all   31.01    0.00    8.55    0.00    0.00    0.00    0.00    0.00    0.00   60.45
17:17:44     all   29.83    0.00    8.16    0.00    0.00    0.00    0.00    0.00    0.00   62.01
17:17:45     all   32.72    0.00    9.32    0.00    0.00    0.00    0.00    0.00    0.00   57.96
17:17:46     all   38.14    0.00    9.45    0.00    0.00    0.01    0.00    0.00    0.00   52.39
17:17:47     all   34.34    0.00    9.76    0.00    0.00    0.00    0.00    0.00    0.00   55.89
17:17:48     all   34.46    0.00    8.22    0.00    0.00    0.00    0.00    0.00    0.00   57.32
17:17:49     all   30.83    0.00    8.90    0.00    0.00    0.00    0.00    0.00    0.00   60.27
17:17:50     all   36.41    0.00   10.55    0.00    0.00    0.00    0.00    0.00    0.00   53.04
17:17:51     all   30.94    0.00    7.91    0.00    0.00    0.00    0.00    0.00    0.00   61.16
17:17:52     all   32.81    0.00    8.76    0.00    0.00    0.01    0.00    0.00    0.00   58.41
17:17:53     all   35.88    0.00    9.55    0.00    0.00    0.00    0.00    0.00    0.00   54.57
17:17:54     all   30.81    0.00    8.03    0.00    0.00    0.00    0.00    0.00    0.00   61.16
17:17:55     all   33.14    0.00    7.11    0.00    0.00    0.00    0.00    0.00    0.00   59.74
17:17:56     all   32.93    0.00    7.18    0.00    0.00    0.00    0.00    0.00    0.00   59.89
17:17:57     all   37.27    0.01    8.31    0.00    0.00    0.00    0.00    0.00    0.00   54.41
17:17:58     all   33.47    0.00    7.17    0.00    0.00    0.01    0.00    0.00    0.00   59.35
17:17:59     all   33.03    0.00    8.72    0.00    0.00    0.00    0.00    0.00    0.00   58.25
17:18:00     all   31.24    0.00    8.54    0.00    0.00    0.01    0.00    0.00    0.00   60.21
17:18:01     all   30.46    0.00    7.49    0.00    0.00    0.00    0.00    0.00    0.00   62.05
17:18:02     all   30.13    0.00    7.50    0.00    0.00    0.00    0.00    0.00    0.00   62.37
17:18:03     all   27.31    0.01    7.86    0.00    0.00    0.01    0.00    0.00    0.00   64.80
17:18:04     all   29.92    0.00    7.73    0.00    0.00    0.00    0.00    0.00    0.00   62.35
17:18:05     all   28.74    0.00    6.32    0.00    0.00    0.00    0.00    0.00    0.00   64.94
17:18:06     all   36.11    0.00    8.71    0.00    0.00    0.00    0.00    0.00    0.00   55.18
17:18:07     all   34.68    0.00    7.96    0.00    0.00    0.00    0.00    0.00    0.00   57.35
17:18:08     all   39.21    0.00    9.24    0.00    0.00    0.00    0.00    0.00    0.00   51.56
17:18:09     all   36.22    0.00    9.89    0.00    0.00    0.00    0.00    0.00    0.00   53.90
17:18:10     all   37.94    0.00    9.19    0.00    0.00    0.00    0.00    0.00    0.00   52.87
17:18:11     all   38.91    0.00   10.08    0.00    0.00    0.00    0.00    0.00    0.00   51.01
17:18:12     all   39.06    0.00    9.29    0.00    0.00    0.01    0.00    0.00    0.00   51.63
17:18:13     all   37.10    0.00    9.56    0.00    0.00    0.01    0.00    0.00    0.00   53.33
17:18:14     all   37.62    0.00    9.78    0.00    0.00    0.00    0.00    0.00    0.00   52.61
17:18:15     all   39.53    0.00    9.68    0.00    0.00    0.00    0.00    0.00    0.00   50.79
17:18:16     all   35.52    0.00    9.14    0.00    0.00    0.00    0.00    0.00    0.00   55.34
17:18:17     all   37.06    0.00    9.56    0.00    0.00    0.01    0.00    0.00    0.00   53.36
17:18:18     all   38.10    0.00   10.32    0.00    0.00    0.00    0.00    0.00    0.00   51.58
17:18:19     all   29.62    0.00    8.78    0.00    0.00    0.00    0.00    0.00    0.00   61.60
17:18:20     all   31.71    0.00    8.63    0.00    0.00    0.00    0.00    0.00    0.00   59.66
17:18:21     all   36.51    0.00    9.68    0.00    0.00    0.01    0.00    0.00    0.00   53.79
17:18:22     all   33.04    0.00    8.62    0.00    0.00    0.01    0.00    0.00    0.00   58.33
17:18:23     all   36.00    0.00   10.35    0.00    0.00    0.00    0.00    0.00    0.00   53.65
17:18:24     all   32.17    0.00    9.36    0.00    0.00    0.00    0.00    0.00    0.00   58.47
17:18:25     all   32.61    0.00    8.18    0.00    0.00    0.01    0.00    0.00    0.00   59.19
17:18:26     all   32.34    0.00    8.60    0.00    0.00    0.00    0.00    0.00    0.00   59.06
17:18:27     all   33.09    0.00    8.80    0.00    0.00    0.03    0.00    0.00    0.00   58.08
17:18:28     all   33.92    0.00    9.44    0.00    0.00    0.00    0.00    0.00    0.00   56.64
17:18:29     all   36.03    0.00    8.76    0.00    0.00    0.00    0.00    0.00    0.00   55.20
17:18:30     all   31.70    0.00    8.53    0.00    0.00    0.00    0.00    0.00    0.00   59.77
17:18:31     all   35.37    0.00    9.77    0.00    0.00    0.03    0.00    0.00    0.00   54.83
17:18:32     all   36.19    0.00    9.34    0.00    0.00    0.00    0.00    0.00    0.00   54.46
17:18:33     all   35.12    0.00    8.57    0.00    0.00    0.01    0.00    0.00    0.00   56.30
17:18:34     all   34.90    0.00   10.17    0.00    0.00    0.00    0.00    0.00    0.00   54.93
17:18:35     all   35.24    0.00    9.72    0.00    0.00    0.00    0.00    0.00    0.00   55.05
17:18:36     all   34.99    0.00    9.84    0.00    0.00    0.01    0.00    0.00    0.00   55.16
17:18:37     all   33.38    0.00    8.92    0.00    0.00    0.00    0.00    0.00    0.00   57.70
17:18:38     all   36.07    0.00   10.09    0.00    0.00    0.00    0.00    0.00    0.00   53.84
17:18:39     all   38.82    0.00    9.77    0.00    0.00    0.01    0.00    0.00    0.00   51.40
17:18:40     all   33.31    0.00    8.98    0.00    0.00    0.00    0.00    0.00    0.00   57.72
17:18:41     all   37.13    0.00    9.10    0.01    0.00    0.00    0.00    0.00    0.00   53.75
17:18:42     all   35.79    0.00   10.06    0.00    0.00    0.00    0.00    0.00    0.00   54.15
17:18:43     all   36.30    0.00   11.30    0.00    0.00    0.00    0.00    0.00    0.00   52.40
17:18:44     all   35.41    0.00    9.50    0.00    0.00    0.03    0.00    0.00    0.00   55.06
17:18:45     all   33.55    0.00    9.47    0.00    0.00    0.00    0.00    0.00    0.00   56.98
17:18:46     all   38.92    0.00    9.87    0.00    0.00    0.01    0.00    0.00    0.00   51.20
17:18:47     all   38.22    0.00   10.51    0.00    0.00    0.00    0.00    0.00    0.00   51.28
17:18:48     all   33.57    0.00    8.49    0.00    0.00    0.00    0.00    0.00    0.00   57.94
17:18:49     all   36.22    0.00    9.37    0.00    0.00    0.00    0.00    0.00    0.00   54.41
17:18:50     all   34.32    0.00    9.14    0.00    0.00    0.01    0.00    0.00    0.00   56.53
17:18:51     all   33.28    0.00    9.28    0.00    0.00    0.00    0.00    0.00    0.00   57.44
17:18:52     all   31.10    0.00    9.48    0.01    0.00    0.00    0.00    0.00    0.00   59.41
17:18:53     all   28.95    0.00    8.32    0.00    0.00    0.00    0.00    0.00    0.00   62.73
17:18:54     all   33.65    0.00    9.85    0.00    0.00    0.00    0.00    0.00    0.00   56.50
17:18:55     all   35.93    0.00   11.08    0.00    0.00    0.01    0.00    0.00    0.00   52.98
17:18:56     all   33.77    0.00   10.70    0.00    0.00    0.00    0.00    0.00    0.00   55.53
17:18:57     all   36.69    0.00   10.53    0.00    0.00    0.00    0.00    0.00    0.00   52.78
17:18:58     all   36.29    0.00   10.39    0.00    0.00    0.01    0.00    0.00    0.00   53.31
17:18:59     all   37.49    0.00   10.43    0.00    0.00    0.01    0.00    0.00    0.00   52.06
17:19:00     all   27.98    0.00    8.67    0.00    0.00    0.00    0.00    0.00    0.00   63.35
17:19:01     all   34.09    0.00    8.85    0.00    0.00    0.01    0.00    0.00    0.00   57.04
17:19:02     all   33.85    0.01    8.53    0.00    0.00    0.00    0.00    0.00    0.00   57.60
17:19:03     all   36.57    0.00    9.71    0.00    0.00    0.00    0.00    0.00    0.00   53.72
17:19:04     all   33.14    0.00    7.79    0.00    0.00    0.00    0.00    0.00    0.00   59.07
17:19:05     all   36.43    0.00    8.44    0.00    0.00    0.00    0.00    0.00    0.00   55.13
17:19:06     all   39.86    0.00    9.49    0.00    0.00    0.00    0.00    0.00    0.00   50.65
17:19:07     all   35.20    0.00    8.75    0.00    0.00    0.01    0.00    0.00    0.00   56.04
17:19:08     all   32.08    0.00    8.35    0.00    0.00    0.01    0.00    0.00    0.00   59.56
17:19:09     all   32.97    0.00    8.43    0.00    0.00    0.00    0.00    0.00    0.00   58.60
17:19:10     all   30.74    0.00    8.18    0.01    0.00    0.00    0.00    0.00    0.00   61.07
17:19:11     all   34.85    0.00   10.23    0.00    0.00    0.00    0.00    0.00    0.00   54.92
17:19:12     all   37.46    0.00    8.90    0.01    0.00    0.01    0.00    0.00    0.00   53.61
17:19:13     all   33.95    0.00    9.08    0.00    0.00    0.00    0.00    0.00    0.00   56.97
17:19:14     all   32.91    0.00    9.12    0.00    0.00    0.00    0.00    0.00    0.00   57.98
17:19:15     all   34.61    0.00    9.29    0.00    0.00    0.00    0.00    0.00    0.00   56.09
17:19:16     all   36.08    0.00    8.57    0.00    0.00    0.00    0.00    0.00    0.00   55.35
17:19:17     all   34.71    0.00    8.52    0.00    0.00    0.00    0.00    0.00    0.00   56.77
17:19:18     all   37.47    0.00    8.83    0.00    0.00    0.01    0.00    0.00    0.00   53.69
17:19:19     all   35.04    0.00    9.01    0.00    0.00    0.01    0.00    0.00    0.00   55.94
17:19:20     all   33.39    0.00    7.13    0.00    0.00    0.00    0.00    0.00    0.00   59.48
17:19:21     all   31.63    0.00    8.01    0.00    0.00    0.00    0.00    0.00    0.00   60.36
17:19:22     all   37.10    0.00    9.80    0.00    0.00    0.03    0.00    0.00    0.00   53.07
17:19:23     all   29.17    0.00    7.66    0.00    0.00    0.00    0.00    0.00    0.00   63.17
17:19:24     all   31.51    0.00    7.75    0.00    0.00    0.00    0.00    0.00    0.00   60.74
17:19:25     all   32.65    0.00    7.27    0.00    0.00    0.00    0.00    0.00    0.00   60.09
17:19:26     all   31.66    0.00    6.37    0.00    0.00    0.00    0.00    0.00    0.00   61.97
17:19:27     all   36.07    0.01    8.78    0.00    0.00    0.01    0.00    0.00    0.00   55.12
17:19:28     all   37.36    0.00    9.80    0.00    0.00    0.00    0.00    0.00    0.00   52.84
17:19:29     all   32.57    0.00    8.92    0.00    0.00    0.00    0.00    0.00    0.00   58.51
17:19:30     all   34.02    0.00    8.39    0.00    0.00    0.03    0.00    0.00    0.00   57.56
17:19:31     all   27.34    0.00    7.31    0.00    0.00    0.01    0.00    0.00    0.00   65.34
17:19:32     all   27.41    0.00    7.70    0.00    0.00    0.00    0.00    0.00    0.00   64.89
17:19:33     all   35.04    0.00    9.48    0.00    0.00    0.00    0.00    0.00    0.00   55.48
17:19:34     all   30.17    0.00   10.08    0.00    0.00    0.00    0.00    0.00    0.00   59.75
17:19:35     all   29.00    0.00    9.02    0.00    0.00    0.01    0.00    0.00    0.00   61.96
17:19:36     all   30.70    0.00    6.92    0.00    0.00    0.00    0.00    0.00    0.00   62.38
17:19:37     all   37.03    0.00    7.28    0.00    0.00    0.00    0.00    0.00    0.00   55.69
17:19:38     all   33.93    0.00    7.29    0.00    0.00    0.00    0.00    0.00    0.00   58.79
17:19:39     all   28.83    0.00    8.03    0.00    0.00    0.01    0.00    0.00    0.00   63.13
17:19:40     all   32.11    0.00    7.07    0.00    0.00    0.00    0.00    0.00    0.00   60.82
17:19:41     all   31.61    0.00    7.65    0.00    0.00    0.00    0.00    0.00    0.00   60.74
17:19:42     all   34.43    0.00    8.13    0.00    0.00    0.00    0.00    0.00    0.00   57.44
17:19:43     all   30.12    0.00    7.13    0.00    0.00    0.00    0.00    0.00    0.00   62.75
17:19:44     all   34.76    0.00    7.47    0.00    0.00    0.01    0.00    0.00    0.00   57.75
17:19:45     all   22.71    0.00    6.53    0.00    0.00    0.00    0.00    0.00    0.00   70.76
17:19:46     all   32.01    0.00    7.14    0.00    0.00    0.00    0.00    0.00    0.00   60.84
17:19:47     all   29.84    0.00    6.89    0.00    0.00    0.00    0.00    0.00    0.00   63.27
17:19:48     all   34.37    0.00    8.82    0.00    0.00    0.00    0.00    0.00    0.00   56.81
17:19:49     all   27.70    0.00    7.36    0.00    0.00    0.00    0.00    0.00    0.00   64.93
17:19:50     all   32.58    0.00    7.30    0.00    0.00    0.00    0.00    0.00    0.00   60.12
17:19:51     all   35.53    0.00    8.60    0.00    0.00    0.01    0.00    0.00    0.00   55.86
17:19:52     all   30.70    0.00    9.03    0.00    0.00    0.01    0.00    0.00    0.00   60.26
17:19:53     all   36.13    0.00    8.16    0.00    0.00    0.00    0.00    0.00    0.00   55.70
17:19:54     all   32.38    0.00    7.94    0.00    0.00    0.01    0.00    0.00    0.00   59.66
17:19:55     all   33.23    0.00    7.52    0.00    0.00    0.00    0.00    0.00    0.00   59.25
17:19:56     all   27.86    0.01    6.85    0.00    0.00    0.00    0.00    0.00    0.00   65.27
17:19:57     all   34.55    0.00    8.28    0.00    0.00    0.00    0.00    0.00    0.00   57.17
17:19:58     all   29.73    0.01    8.64    0.00    0.00    0.01    0.00    0.00    0.00   61.60
17:19:59     all   31.28    0.00    7.07    0.00    0.00    0.00    0.00    0.00    0.00   61.65
17:20:00     all   30.47    0.00    6.93    0.00    0.00    0.01    0.00    0.00    0.00   62.59
17:20:01     all   28.31    0.00    6.42    0.00    0.00    0.01    0.00    0.00    0.00   65.25
17:20:02     all   29.12    0.00    6.09    0.00    0.00    0.00    0.00    0.00    0.00   64.80
17:20:03     all   29.61    0.00    6.49    0.00    0.00    0.00    0.00    0.00    0.00   63.90
17:20:04     all   34.07    0.00    7.84    0.00    0.00    0.01    0.00    0.00    0.00   58.08
17:20:05     all   36.60    0.00    7.69    0.00    0.00    0.01    0.00    0.00    0.00   55.69
17:20:06     all   34.51    0.00    8.13    0.00    0.00    0.00    0.00    0.00    0.00   57.37
17:20:07     all   29.44    0.00    7.00    0.00    0.00    0.00    0.00    0.00    0.00   63.56
17:20:08     all   34.59    0.00    7.58    0.00    0.00    0.03    0.00    0.00    0.00   57.81
17:20:09     all   34.13    0.00    8.17    0.00    0.00    0.00    0.00    0.00    0.00   57.69
17:20:10     all   28.35    0.00    7.87    0.00    0.00    0.00    0.00    0.00    0.00   63.78
17:20:11     all   28.23    0.00    6.74    0.00    0.00    0.00    0.00    0.00    0.00   65.03
17:20:12     all   26.18    0.00    7.47    0.00    0.00    0.01    0.00    0.00    0.00   66.34
17:20:13     all   32.03    0.00    8.36    0.01    0.00    0.00    0.00    0.00    0.00   59.59
17:20:14     all   31.52    0.00    6.10    0.00    0.00    0.00    0.00    0.00    0.00   62.38
17:20:15     all   31.94    0.00    8.41    0.00    0.00    0.00    0.00    0.00    0.00   59.65
17:20:16     all   36.17    0.00    8.55    0.00    0.00    0.01    0.00    0.00    0.00   55.27
17:20:17     all   35.21    0.00    9.44    0.00    0.00    0.00    0.00    0.00    0.00   55.35
17:20:18     all   36.65    0.00    8.83    0.00    0.00    0.00    0.00    0.00    0.00   54.53
17:20:19     all   29.83    0.00    8.00    0.00    0.00    0.00    0.00    0.00    0.00   62.17
17:20:20     all   32.00    0.00    9.00    0.00    0.00    0.00    0.00    0.00    0.00   59.00
17:20:21     all   36.92    0.00    9.34    0.00    0.00    0.00    0.00    0.00    0.00   53.74
17:20:22     all   35.90    0.00    8.72    0.00    0.00    0.00    0.00    0.00    0.00   55.38
17:20:23     all   31.38    0.00    8.12    0.00    0.00    0.00    0.00    0.00    0.00   60.49
17:20:24     all   36.62    0.00    8.46    0.00    0.00    0.00    0.00    0.00    0.00   54.92
17:20:25     all   36.65    0.00   11.02    0.00    0.00    0.03    0.00    0.00    0.00   52.31
17:20:26     all   35.56    0.00    9.66    0.00    0.00    0.00    0.00    0.00    0.00   54.78
17:20:27     all   35.32    0.00    9.66    0.00    0.00    0.00    0.00    0.00    0.00   55.02
17:20:28     all   33.45    0.00    9.30    0.00    0.00    0.01    0.00    0.00    0.00   57.24
17:20:29     all   36.04    0.00    9.98    0.00    0.00    0.00    0.00    0.00    0.00   53.98
17:20:30     all   32.61    0.00   10.10    0.00    0.00    0.01    0.00    0.00    0.00   57.28
17:20:31     all   32.61    0.01    9.21    0.00    0.00    0.00    0.00    0.00    0.00   58.16
17:20:32     all   34.48    0.00    8.56    0.00    0.00    0.00    0.00    0.00    0.00   56.96
17:20:33     all   31.03    0.00    7.14    0.00    0.00    0.00    0.00    0.00    0.00   61.83
17:20:34     all   29.58    0.00    6.98    0.00    0.00    0.03    0.00    0.00    0.00   63.40
17:20:35     all   33.39    0.00    7.70    0.00    0.00    0.00    0.00    0.00    0.00   58.91
17:20:36     all   36.41    0.00    9.29    0.00    0.00    0.00    0.00    0.00    0.00   54.30
17:20:37     all   33.82    0.00    8.49    0.00    0.00    0.00    0.00    0.00    0.00   57.68
17:20:38     all   35.62    0.00    8.64    0.00    0.00    0.00    0.00    0.00    0.00   55.74
17:20:39     all   36.78    0.00    7.74    0.00    0.00    0.00    0.00    0.00    0.00   55.47
17:20:40     all   35.45    0.00    7.80    0.00    0.00    0.00    0.00    0.00    0.00   56.75
17:20:41     all   38.07    0.00    8.33    0.00    0.00    0.00    0.00    0.00    0.00   53.60
17:20:42     all   36.43    0.00   10.04    0.00    0.00    0.01    0.00    0.00    0.00   53.52
17:20:43     all   38.09    0.00    9.71    0.00    0.00    0.00    0.00    0.00    0.00   52.20
17:20:44     all   36.72    0.00    9.25    0.00    0.00    0.01    0.00    0.00    0.00   54.02
17:20:45     all   37.20    0.00    9.03    0.00    0.00    0.01    0.00    0.00    0.00   53.75
17:20:46     all   33.73    0.00    8.46    0.00    0.00    0.00    0.00    0.00    0.00   57.80
17:20:47     all   31.21    0.00    7.28    0.00    0.00    0.00    0.00    0.00    0.00   61.51
17:20:48     all   33.80    0.00    7.20    0.00    0.00    0.00    0.00    0.00    0.00   59.00
17:20:49     all   31.44    0.00    6.87    0.00    0.00    0.00    0.00    0.00    0.00   61.70
17:20:50     all   32.47    0.00    7.75    0.00    0.00    0.00    0.00    0.00    0.00   59.78
17:20:51     all   32.17    0.00    7.31    0.00    0.00    0.01    0.00    0.00    0.00   60.50
17:20:52     all   32.59    0.00    7.72    0.00    0.00    0.00    0.00    0.00    0.00   59.69
17:20:53     all   33.83    0.00    7.87    0.00    0.00    0.00    0.00    0.00    0.00   58.30
17:20:54     all   34.38    0.00    9.19    0.00    0.00    0.03    0.00    0.00    0.00   56.40
17:20:55     all   33.31    0.01    9.58    0.00    0.00    0.00    0.00    0.00    0.00   57.10
17:20:56     all   33.00    0.00    8.51    0.00    0.00    0.01    0.00    0.00    0.00   58.47
17:20:57     all   35.98    0.00   10.79    0.00    0.00    0.00    0.00    0.00    0.00   53.23
17:20:58     all   35.76    0.00    8.56    0.00    0.00    0.00    0.00    0.00    0.00   55.68
17:20:59     all   35.07    0.00    9.66    0.00    0.00    0.00    0.00    0.00    0.00   55.27
17:21:00     all   33.12    0.00   10.16    0.07    0.00    0.01    0.00    0.00    0.00   56.63
17:21:01     all   35.49    0.00   11.04    0.08    0.00    0.00    0.00    0.00    0.00   53.38
17:21:02     all   38.67    0.00   12.03    0.00    0.00    0.00    0.00    0.00    0.00   49.30
17:21:03     all   34.23    0.00    9.01    0.00    0.00    0.01    0.00    0.00    0.00   56.75
17:21:04     all   33.00    0.00    8.26    0.00    0.00    0.00    0.00    0.00    0.00   58.74
17:21:05     all   35.23    0.00   10.13    0.00    0.00    0.00    0.00    0.00    0.00   54.65
17:21:06     all   34.63    0.00    8.37    0.00    0.00    0.00    0.00    0.00    0.00   57.00
17:21:07     all   32.29    0.00    8.90    0.00    0.00    0.01    0.00    0.00    0.00   58.80
17:21:08     all   28.79    0.00    7.76    0.00    0.00    0.00    0.00    0.00    0.00   63.45
17:21:09     all   32.48    0.00    8.03    0.00    0.00    0.00    0.00    0.00    0.00   59.49
17:21:10     all   31.99    0.01    8.54    0.00    0.00    0.00    0.00    0.00    0.00   59.45
17:21:11     all   37.48    0.00    8.83    0.00    0.00    0.00    0.00    0.00    0.00   53.69
17:21:12     all   36.56    0.00    9.71    0.01    0.00    0.00    0.00    0.00    0.00   53.71
17:21:13     all   36.86    0.00    9.71    0.00    0.00    0.00    0.00    0.00    0.00   53.44
17:21:14     all   35.61    0.00    9.82    0.00    0.00    0.00    0.00    0.00    0.00   54.57
17:21:15     all   35.20    0.00   11.11    0.00    0.00    0.01    0.00    0.00    0.00   53.67
17:21:16     all   37.24    0.00    9.69    0.00    0.00    0.00    0.00    0.00    0.00   53.07
17:21:17     all   29.65    0.00    8.68    0.00    0.00    0.01    0.00    0.00    0.00   61.65
17:21:18     all   35.46    0.00    9.17    0.00    0.00    0.00    0.00    0.00    0.00   55.37
17:21:19     all   36.31    0.00    9.30    0.00    0.00    0.01    0.00    0.00    0.00   54.37
17:21:20     all   35.90    0.00    8.69    0.00    0.00    0.00    0.00    0.00    0.00   55.41
17:21:21     all   29.97    0.00    6.74    0.00    0.00    0.00    0.00    0.00    0.00   63.30
17:21:22     all   37.02    0.00    9.66    0.00    0.00    0.01    0.00    0.00    0.00   53.31
17:21:23     all   37.99    0.00   10.54    0.00    0.00    0.00    0.00    0.00    0.00   51.46
17:21:24     all   34.09    0.00    9.08    0.00    0.00    0.01    0.00    0.00    0.00   56.81
17:21:25     all   38.36    0.00   10.24    0.00    0.00    0.00    0.00    0.00    0.00   51.40
17:21:26     all   36.64    0.00   11.82    0.00    0.00    0.00    0.00    0.00    0.00   51.54
17:21:27     all   30.02    0.00    9.68    0.00    0.00    0.00    0.00    0.00    0.00   60.30
17:21:28     all   35.41    0.00    7.39    0.00    0.00    0.00    0.00    0.00    0.00   57.20
17:21:29     all   34.99    0.00    8.11    0.00    0.00    0.01    0.00    0.00    0.00   56.89
17:21:30     all   36.08    0.01    9.28    0.00    0.00    0.00    0.00    0.00    0.00   54.63
17:21:31     all   32.50    0.00    8.11    0.00    0.00    0.00    0.00    0.00    0.00   59.39
17:21:32     all   32.75    0.00    8.52    0.00    0.00    0.00    0.00    0.00    0.00   58.73
17:21:33     all   35.42    0.00    9.73    0.00    0.00    0.00    0.00    0.00    0.00   54.85
17:21:34     all   36.14    0.00    9.16    0.00    0.00    0.00    0.00    0.00    0.00   54.70
17:21:35     all   37.82    0.03    8.54    0.00    0.00    0.00    0.00    0.00    0.00   53.62
17:21:36     all   36.54    0.00    9.61    0.00    0.00    0.00    0.00    0.00    0.00   53.86
17:21:37     all   35.21    0.00    8.85    0.00    0.00    0.01    0.00    0.00    0.00   55.92
17:21:38     all   39.05    0.00    8.99    0.00    0.00    0.01    0.00    0.00    0.00   51.94
17:21:39     all   38.01    0.00    8.32    0.00    0.00    0.00    0.00    0.00    0.00   53.67
17:21:40     all   37.58    0.00    9.16    0.00    0.00    0.00    0.00    0.00    0.00   53.25
17:21:41     all   37.38    0.00    9.02    0.00    0.00    0.01    0.00    0.00    0.00   53.58
17:21:42     all   37.94    0.00    8.96    0.00    0.00    0.01    0.00    0.00    0.00   53.09
17:21:43     all   37.92    0.00   10.22    0.00    0.00    0.00    0.00    0.00    0.00   51.86
17:21:45     all   38.04    0.00   10.39    0.00    0.00    0.01    0.00    0.00    0.00   51.55
17:21:46     all   33.17    0.00    9.17    0.00    0.00    0.01    0.00    0.00    0.00   57.65
17:21:47     all   35.18    0.00    9.21    0.00    0.00    0.01    0.00    0.00    0.00   55.60
17:21:48     all   32.53    0.00    7.90    0.00    0.00    0.00    0.00    0.00    0.00   59.58
17:21:49     all   30.74    0.00    8.17    0.00    0.00    0.00    0.00    0.00    0.00   61.08
17:21:50     all   35.23    0.00   10.03    0.00    0.00    0.01    0.00    0.00    0.00   54.73
17:21:51     all   34.06    0.00   10.03    0.00    0.00    0.00    0.00    0.00    0.00   55.91
17:21:52     all   32.05    0.00    9.25    0.00    0.00    0.01    0.00    0.00    0.00   58.69
17:21:53     all   35.62    0.00    9.76    0.00    0.00    0.03    0.00    0.00    0.00   54.59
17:21:54     all   34.78    0.00    9.96    0.00    0.00    0.00    0.00    0.00    0.00   55.26
17:21:55     all   32.35    0.00   10.43    0.00    0.00    0.03    0.00    0.00    0.00   57.19
17:21:56     all   30.69    0.00    8.93    0.01    0.00    0.00    0.00    0.00    0.00   60.36
17:21:57     all   28.04    0.00    7.77    0.00    0.00    0.00    0.00    0.00    0.00   64.19
17:21:58     all   31.54    0.00    8.60    0.00    0.00    0.01    0.00    0.00    0.00   59.84
17:21:59     all   34.89    0.00   12.32    0.00    0.00    0.01    0.00    0.00    0.00   52.78
17:22:00     all   17.35    0.00    5.92    0.00    0.00    0.00    0.00    0.00    0.00   76.73
17:22:01     all    8.33    0.00    3.15    0.00    0.00    0.00    0.00    0.00    0.00   88.51
17:22:02     all    7.11    0.00    2.34    0.00    0.00    0.00    0.00    0.00    0.00   90.55
17:22:03     all    5.40    0.00    1.97    0.00    0.00    0.00    0.00    0.00    0.00   92.62
17:22:04     all    4.52    0.00    1.63    0.00    0.00    0.00    0.00    0.00    0.00   93.85
17:22:05     all    2.35    0.00    1.01    0.00    0.00    0.00    0.00    0.00    0.00   96.64
17:22:06     all    2.40    0.00    0.94    0.00    0.00    0.00    0.00    0.00    0.00   96.65
17:22:07     all    2.50    0.00    0.72    0.00    0.00    0.01    0.00    0.00    0.00   96.76
17:22:08     all    2.25    0.00    0.71    0.00    0.00    0.00    0.00    0.00    0.00   97.04
17:22:09     all    1.35    0.00    0.40    0.00    0.00    0.00    0.00    0.00    0.00   98.25
17:22:10     all    1.82    0.00    0.65    0.00    0.00    0.00    0.00    0.00    0.00   97.53
17:22:11     all    1.36    0.00    0.39    0.00    0.00    0.00    0.00    0.00    0.00   98.25
17:22:12     all    0.36    0.00    0.21    0.00    0.00    0.00    0.00    0.00    0.00   99.43
17:22:13     all    0.33    0.00    0.15    0.00    0.00    0.00    0.00    0.00    0.00   99.51
17:22:14     all    0.03    0.00    0.14    0.00    0.00    0.00    0.00    0.00    0.00   99.83
17:22:15     all    0.42    0.00    0.21    0.00    0.00    0.00    0.00    0.00    0.00   99.37
17:22:16     all    0.26    0.00    0.14    0.00    0.00    0.00    0.00    0.00    0.00   99.60
17:22:17     all    0.03    0.00    0.11    0.00    0.00    0.00    0.00    0.00    0.00   99.86
17:22:18     all    0.79    0.00    0.15    0.00    0.00    0.00    0.00    0.00    0.00   99.06
17:22:19     all    0.49    0.00    1.39    0.00    0.00    0.00    0.00    0.00    0.00   98.12
17:22:20     all    0.11    0.00    1.60    0.00    0.00    0.00    0.00    0.00    0.00   98.29
17:22:21     all    0.43    0.00    0.57    0.00    0.00    0.00    0.00    0.00    0.00   99.00
17:22:22     all    0.47    0.00    0.36    0.00    0.00    0.01    0.00    0.00    0.00   99.15
17:22:23     all    0.11    0.00    0.11    0.00    0.00    0.00    0.00    0.00    0.00   99.78
17:22:24     all    0.26    0.00    0.08    0.00    0.00    0.00    0.00    0.00    0.00   99.65
17:22:25     all    0.38    0.00    0.22    0.00    0.00    0.00    0.00    0.00    0.00   99.40
17:22:26     all    0.01    0.00    0.15    0.01    0.00    0.00    0.00    0.00    0.00   99.82
17:22:27     all    0.35    0.00    0.11    0.00    0.00    0.00    0.00    0.00    0.00   99.54
17:22:28     all    0.56    0.00    0.32    0.00    0.00    0.00    0.00    0.00    0.00   99.12
17:22:29     all    0.03    0.00    0.04    0.00    0.00    0.00    0.00    0.00    0.00   99.93
17:22:30     all    0.33    0.00    0.75    0.00    0.00    0.00    0.00    0.00    0.00   98.92
17:22:31     all    0.32    0.00    0.11    0.00    0.00    0.01    0.00    0.00    0.00   99.56
17:22:32     all    0.46    0.00    0.24    0.00    0.00    0.00    0.00    0.00    0.00   99.31
17:22:33     all    0.36    0.00    0.10    0.00    0.00    0.00    0.00    0.00    0.00   99.54
17:22:34     all    0.28    0.00    0.10    0.00    0.00    0.01    0.00    0.00    0.00   99.61
17:22:35     all    0.10    0.00    0.17    0.00    0.00    0.00    0.00    0.00    0.00   99.74
17:22:36     all    0.25    0.00    0.14    0.00    0.00    0.00    0.00    0.00    0.00   99.61
17:22:37     all    0.37    0.00    0.17    0.00    0.00    0.00    0.00    0.00    0.00   99.46
17:22:38     all    0.21    0.00    0.43    0.00    0.00    0.00    0.00    0.00    0.00   99.36
17:22:39     all    0.24    0.00    0.10    0.00    0.00    0.00    0.00    0.00    0.00   99.67
17:22:40     all    0.33    0.00    0.15    0.00    0.00    0.00    0.00    0.00    0.00   99.51
17:22:41     all    0.11    0.00    0.13    0.00    0.00    0.00    0.00    0.00    0.00   99.76
17:22:42     all    0.26    0.00    0.13    0.00    0.00    0.00    0.00    0.00    0.00   99.61
17:22:43     all    0.25    0.00    0.11    0.00    0.00    0.00    0.00    0.00    0.00   99.64
17:22:44     all    0.01    0.00    0.06    0.00    0.00    0.00    0.00    0.00    0.00   99.93
17:22:45     all    0.31    0.00    0.19    0.00    0.00    0.00    0.00    0.00    0.00   99.50
17:22:46     all    0.29    0.00    0.11    0.00    0.00    0.00    0.00    0.00    0.00   99.60
17:22:47     all    0.04    0.00    0.06    0.00    0.00    0.00    0.00    0.00    0.00   99.90
17:22:48     all    0.42    0.00    0.15    0.00    0.00    0.00    0.00    0.00    0.00   99.43
17:22:49     all    0.81    0.00    0.25    0.00    0.00    0.00    0.00    0.00    0.00   98.94
17:22:50     all    0.04    0.00    0.10    0.00    0.00    0.00    0.00    0.00    0.00   99.86
17:22:51     all    0.47    0.01    0.17    0.00    0.00    0.00    0.00    0.00    0.00   99.35
17:22:52     all    0.22    0.00    0.08    0.00    0.00    0.00    0.00    0.00    0.00   99.69
17:22:53     all    0.19    0.00    0.13    0.00    0.00    0.01    0.00    0.00    0.00   99.67
17:22:54     all    0.43    0.00    0.36    0.00    0.00    0.00    0.00    0.00    0.00   99.21
17:22:55     all    0.67    0.00    0.18    0.00    0.00    0.00    0.00    0.00    0.00   99.15
17:22:56     all    0.15    0.00    0.14    0.00    0.00    0.01    0.00    0.00    0.00   99.69
17:22:57     all    0.36    0.00    0.14    0.00    0.00    0.00    0.00    0.00    0.00   99.50
17:22:58     all    0.64    0.00    0.28    0.00    0.00    0.00    0.00    0.00    0.00   99.08
17:22:59     all    0.61    0.00    0.19    0.00    0.00    0.00    0.00    0.00    0.00   99.19
17:23:00     all    0.29    0.01    0.08    0.00    0.00    0.00    0.00    0.00    0.00   99.61
17:23:01     all    0.18    0.00    0.25    0.00    0.00    0.00    0.00    0.00    0.00   99.57
17:23:02     all    0.26    0.00    0.15    0.00    0.00    0.00    0.00    0.00    0.00   99.58
17:23:03     all    0.25    0.00    0.07    0.00    0.00    0.00    0.00    0.00    0.00   99.68
17:23:04     all    0.04    0.00    0.08    0.00    0.00    0.00    0.00    0.00    0.00   99.87
17:23:05     all    0.28    0.00    0.11    0.00    0.00    0.00    0.00    0.00    0.00   99.61
17:23:06     all    0.38    0.00    0.15    0.00    0.00    0.00    0.00    0.00    0.00   99.47
17:23:07     all    0.03    0.00    0.06    0.00    0.00    0.00    0.00    0.00    0.00   99.92
17:23:08     all    0.25    0.00    0.04    0.00    0.00    0.00    0.00    0.00    0.00   99.71
17:23:09     all    0.33    0.00    0.15    0.01    0.00    0.00    0.00    0.00    0.00   99.50
17:23:10     all    0.13    0.00    0.31    0.00    0.00    0.00    0.00    0.00    0.00   99.57
17:23:11     all    0.39    0.00    0.14    0.00    0.00    0.00    0.00    0.00    0.00   99.47
17:23:12     all    0.33    0.00    0.14    0.00    0.00    0.00    0.00    0.00    0.00   99.53
17:23:13     all    0.08    0.00    0.15    0.00    0.00    0.00    0.00    0.00    0.00   99.76
17:23:14     all    0.28    0.00    0.13    0.00    0.00    0.00    0.00    0.00    0.00   99.60
17:23:15     all    0.40    0.00    0.17    0.00    0.00    0.00    0.00    0.00    0.00   99.43
17:23:16     all    0.63    0.00    0.26    0.00    0.00    0.00    0.00    0.00    0.00   99.11
17:23:17     all    0.60    0.00    0.19    0.00    0.00    0.01    0.00    0.00    0.00   99.19
17:23:18     all    0.32    0.00    0.10    0.00    0.00    0.00    0.00    0.00    0.00   99.58
17:23:19     all    0.06    0.00    0.10    0.00    0.00    0.00    0.00    0.00    0.00   99.85
17:23:20     all    0.35    0.00    0.10    0.00    0.00    0.00    0.00    0.00    0.00   99.56
17:23:21     all    0.36    0.00    0.19    0.00    0.00    0.00    0.00    0.00    0.00   99.44
17:23:22     all    0.01    0.00    0.11    0.00    0.00    0.00    0.00    0.00    0.00   99.88
17:23:23     all    0.25    0.00    0.11    0.00    0.00    0.01    0.00    0.00    0.00   99.62
17:23:24     all    0.56    0.00    0.21    0.00    0.00    0.00    0.00    0.00    0.00   99.24
17:23:25     all    0.14    0.00    0.24    0.00    0.00    0.00    0.00    0.00    0.00   99.63
17:23:26     all    0.83    0.00    0.51    0.00    0.00    0.00    0.00    0.00    0.00   98.65
17:23:27     all    0.25    0.00    0.10    0.00    0.00    0.00    0.00    0.00    0.00   99.65
17:23:28     all    0.03    0.00    0.01    0.00    0.00    0.00    0.00    0.00    0.00   99.96
17:23:29     all    0.26    0.00    0.06    0.00    0.00    0.00    0.00    0.00    0.00   99.68
17:23:30     all    0.28    0.00    0.15    0.01    0.00    0.00    0.00    0.00    0.00   99.56
17:23:31     all    0.10    0.00    0.11    0.00    0.00    0.00    0.00    0.00    0.00   99.79
17:23:32     all    0.24    0.00    0.10    0.00    0.00    0.00    0.00    0.00    0.00   99.67
17:23:33     all    0.25    0.00    0.08    0.00    0.00    0.00    0.00    0.00    0.00   99.67
17:23:34     all    0.04    0.00    0.07    0.00    0.00    0.00    0.00    0.00    0.00   99.89
17:23:35     all    0.39    0.00    0.21    0.00    0.00    0.00    0.00    0.00    0.00   99.40
17:23:36     all    0.35    0.00    0.15    0.00    0.00    0.00    0.00    0.00    0.00   99.50
17:23:37     all    0.08    0.00    0.10    0.00    0.00    0.00    0.00    0.00    0.00   99.82
17:23:38     all    0.50    0.00    0.46    0.00    0.00    0.00    0.00    0.00    0.00   99.04
17:23:39     all    0.71    0.00    0.28    0.00    0.00    0.00    0.00    0.00    0.00   99.01
17:23:40     all    0.08    0.00    0.14    0.01    0.00    0.00    0.00    0.00    0.00   99.76
17:23:41     all    0.33    0.00    0.11    0.00    0.00    0.00    0.00    0.00    0.00   99.55
17:23:42     all    0.43    0.00    0.39    0.00    0.00    0.00    0.00    0.00    0.00   99.18
17:23:43     all    0.21    0.00    0.08    0.00    0.00    0.00    0.00    0.00    0.00   99.71
17:23:44     all    0.32    0.00    0.12    0.00    0.00    0.01    0.00    0.00    0.00   99.54
17:23:45     all    0.22    0.00    0.18    0.00    0.00    0.00    0.00    0.00    0.00   99.60
17:23:46     all    0.17    0.00    0.13    0.00    0.00    0.00    0.00    0.00    0.00   99.71
17:23:47     all    0.92    0.00    0.33    0.00    0.00    0.00    0.00    0.00    0.00   98.75
17:23:48     all   11.46    0.00    0.42    0.00    0.00    0.00    0.00    0.00    0.00   88.12
Average:     all   25.41    0.00    6.54    0.00    0.00    0.00    0.00    0.00    0.00   68.04
