2026/08/10 16:51:47.293, 0, 93, 0
2026/08/10 16:51:47.297, 1, 15, 0
2026/08/10 16:51:48.341, 0, 93, 0
2026/08/10 16:51:48.345, 1, 15, 0
2026/08/10 16:51:49.384, 0, 95, 0
2026/08/10 16:51:49.387, 1, 321, 0
2026/08/10 16:51:50.437, 0, 111, 0
2026/08/10 16:51:50.439, 1, 321, 0
2026/08/10 16:51:51.480, 0, 443, 0
2026/08/10 16:51:51.482, 1, 321, 0
2026/08/10 16:51:52.518, 0, 475, 0
2026/08/10 16:51:52.520, 1, 321, 0
2026/08/10 16:51:53.558, 0, 475, 0
2026/08/10 16:51:53.560, 1, 321, 0
2026/08/10 16:51:54.599, 0, 475, 0
2026/08/10 16:51:54.601, 1, 321, 0
2026/08/10 16:51:55.637, 0, 475, 0
2026/08/10 16:51:55.639, 1, 321, 0
2026/08/10 16:51:56.674, 0, 475, 0
2026/08/10 16:51:56.676, 1, 321, 0
2026/08/10 16:51:57.709, 0, 475, 0
2026/08/10 16:51:57.711, 1, 321, 0
2026/08/10 16:51:58.743, 0, 475, 0
2026/08/10 16:51:58.745, 1, 321, 0
2026/08/10 16:51:59.781, 0, 507, 0
2026/08/10 16:51:59.783, 1, 321, 0
2026/08/10 16:52:00.820, 0, 507, 2
2026/08/10 16:52:00.822, 1, 321, 0
2026/08/10 16:52:01.857, 0, 509, 0
2026/08/10 16:52:01.859, 1, 321, 0
2026/08/10 16:52:02.897, 0, 511, 0
2026/08/10 16:52:02.898, 1, 321, 0
2026/08/10 16:52:03.936, 0, 511, 2
2026/08/10 16:52:03.938, 1, 407, 0
2026/08/10 16:52:04.970, 0, 511, 0
2026/08/10 16:52:04.972, 1, 439, 0
2026/08/10 16:52:06.006, 0, 511, 0
2026/08/10 16:52:06.008, 1, 439, 0
2026/08/10 16:52:07.041, 0, 511, 0
2026/08/10 16:52:07.043, 1, 439, 0
2026/08/10 16:52:08.079, 0, 511, 0
2026/08/10 16:52:08.081, 1, 439, 0
2026/08/10 16:52:09.119, 0, 511, 0
2026/08/10 16:52:09.121, 1, 439, 0
2026/08/10 16:52:10.158, 0, 511, 0
2026/08/10 16:52:10.160, 1, 439, 0
2026/08/10 16:52:11.198, 0, 511, 0
2026/08/10 16:52:11.201, 1, 439, 0
2026/08/10 16:52:12.236, 0, 511, 0
2026/08/10 16:52:12.238, 1, 439, 0
2026/08/10 16:52:13.275, 0, 511, 0
2026/08/10 16:52:13.276, 1, 471, 0
2026/08/10 16:52:14.314, 0, 511, 0
2026/08/10 16:52:14.316, 1, 473, 0
2026/08/10 16:52:15.351, 0, 511, 0
2026/08/10 16:52:15.353, 1, 475, 0
2026/08/10 16:52:16.392, 0, 511, 0
2026/08/10 16:52:16.395, 1, 475, 0
2026/08/10 16:52:17.431, 0, 511, 0
2026/08/10 16:52:17.432, 1, 475, 0
2026/08/10 16:52:18.470, 0, 511, 0
2026/08/10 16:52:18.472, 1, 909, 5
2026/08/10 16:52:19.509, 0, 511, 0
2026/08/10 16:52:19.510, 1, 1347, 34
2026/08/10 16:52:20.551, 0, 511, 0
2026/08/10 16:52:20.553, 1, 1721, 29
2026/08/10 16:52:21.595, 0, 511, 0
2026/08/10 16:52:21.598, 1, 1721, 25
2026/08/10 16:52:22.639, 0, 511, 0
2026/08/10 16:52:22.643, 1, 1721, 29
2026/08/10 16:52:23.684, 0, 511, 0
2026/08/10 16:52:23.688, 1, 1721, 16
2026/08/10 16:52:24.731, 0, 511, 0
2026/08/10 16:52:24.735, 1, 1721, 26
2026/08/10 16:52:25.780, 0, 511, 0
2026/08/10 16:52:25.784, 1, 1723, 29
2026/08/10 16:52:26.825, 0, 511, 0
2026/08/10 16:52:26.829, 1, 1723, 28
2026/08/10 16:52:27.872, 0, 511, 0
2026/08/10 16:52:27.875, 1, 1723, 27
2026/08/10 16:52:28.917, 0, 511, 0
2026/08/10 16:52:28.921, 1, 1723, 28
2026/08/10 16:52:29.964, 0, 511, 0
2026/08/10 16:52:29.967, 1, 1723, 25
2026/08/10 16:52:31.008, 0, 511, 0
2026/08/10 16:52:31.012, 1, 1723, 26
2026/08/10 16:52:32.052, 0, 511, 0
2026/08/10 16:52:32.055, 1, 1723, 27
2026/08/10 16:52:33.097, 0, 511, 0
2026/08/10 16:52:33.101, 1, 1723, 4
2026/08/10 16:52:34.143, 0, 511, 0
2026/08/10 16:52:34.147, 1, 1723, 25
2026/08/10 16:52:35.189, 0, 511, 0
2026/08/10 16:52:35.193, 1, 1723, 30
2026/08/10 16:52:36.235, 0, 511, 0
2026/08/10 16:52:36.239, 1, 1723, 24
2026/08/10 16:52:37.280, 0, 511, 0
2026/08/10 16:52:37.283, 1, 1723, 30
2026/08/10 16:52:38.325, 0, 511, 0
2026/08/10 16:52:38.329, 1, 1723, 30
2026/08/10 16:52:39.368, 0, 511, 0
2026/08/10 16:52:39.371, 1, 1723, 26
2026/08/10 16:52:40.415, 0, 511, 0
2026/08/10 16:52:40.419, 1, 1723, 13
2026/08/10 16:52:41.462, 0, 511, 0
2026/08/10 16:52:41.465, 1, 1723, 28
2026/08/10 16:52:42.507, 0, 511, 0
2026/08/10 16:52:42.510, 1, 1723, 28
2026/08/10 16:52:43.553, 0, 511, 0
2026/08/10 16:52:43.557, 1, 1723, 25
2026/08/10 16:52:44.599, 0, 511, 0
2026/08/10 16:52:44.602, 1, 1723, 28
2026/08/10 16:52:45.644, 0, 511, 0
2026/08/10 16:52:45.647, 1, 1723, 26
2026/08/10 16:52:46.690, 0, 511, 0
2026/08/10 16:52:46.693, 1, 1723, 3
2026/08/10 16:52:47.734, 0, 511, 0
2026/08/10 16:52:47.737, 1, 1723, 26
2026/08/10 16:52:48.779, 0, 511, 0
2026/08/10 16:52:48.782, 1, 1723, 13
2026/08/10 16:52:49.823, 0, 511, 0
2026/08/10 16:52:49.827, 1, 1723, 26
2026/08/10 16:52:50.868, 0, 511, 0
2026/08/10 16:52:50.871, 1, 1723, 29
2026/08/10 16:52:51.914, 0, 511, 0
2026/08/10 16:52:51.923, 1, 1723, 27
2026/08/10 16:52:52.976, 0, 511, 0
2026/08/10 16:52:52.979, 1, 1723, 28
2026/08/10 16:52:54.021, 0, 511, 0
2026/08/10 16:52:54.024, 1, 1723, 29
2026/08/10 16:52:55.065, 0, 511, 0
2026/08/10 16:52:55.068, 1, 1723, 26
2026/08/10 16:52:56.111, 0, 511, 0
2026/08/10 16:52:56.115, 1, 1723, 0
2026/08/10 16:52:57.154, 0, 511, 0
2026/08/10 16:52:57.158, 1, 1723, 27
2026/08/10 16:52:58.202, 0, 511, 0
2026/08/10 16:52:58.205, 1, 1723, 30
2026/08/10 16:52:59.249, 0, 511, 0
2026/08/10 16:52:59.253, 1, 1723, 26
2026/08/10 16:53:00.295, 0, 511, 0
2026/08/10 16:53:00.299, 1, 1723, 25
2026/08/10 16:53:01.343, 0, 511, 0
2026/08/10 16:53:01.347, 1, 1723, 30
2026/08/10 16:53:02.390, 0, 511, 0
2026/08/10 16:53:02.394, 1, 1723, 25
2026/08/10 16:53:03.439, 0, 511, 0
2026/08/10 16:53:03.443, 1, 1723, 18
2026/08/10 16:53:04.492, 0, 511, 0
2026/08/10 16:53:04.496, 1, 1723, 24
2026/08/10 16:53:05.542, 0, 511, 0
2026/08/10 16:53:05.547, 1, 1723, 17
2026/08/10 16:53:06.589, 0, 511, 0
2026/08/10 16:53:06.593, 1, 1723, 28
2026/08/10 16:53:07.637, 0, 511, 0
2026/08/10 16:53:07.640, 1, 1723, 29
2026/08/10 16:53:08.682, 0, 511, 0
2026/08/10 16:53:08.685, 1, 1723, 28
2026/08/10 16:53:09.728, 0, 511, 0
2026/08/10 16:53:09.732, 1, 1723, 25
2026/08/10 16:53:10.773, 0, 511, 0
2026/08/10 16:53:10.777, 1, 1723, 31
2026/08/10 16:53:11.816, 0, 511, 0
2026/08/10 16:53:11.820, 1, 1723, 28
2026/08/10 16:53:12.860, 0, 511, 0
2026/08/10 16:53:12.864, 1, 1723, 26
2026/08/10 16:53:13.908, 0, 511, 0
2026/08/10 16:53:13.912, 1, 1723, 27
2026/08/10 16:53:14.953, 0, 511, 0
2026/08/10 16:53:14.957, 1, 1723, 30
2026/08/10 16:53:15.999, 0, 511, 0
2026/08/10 16:53:16.002, 1, 1723, 28
2026/08/10 16:53:17.044, 0, 511, 0
2026/08/10 16:53:17.048, 1, 1723, 26
2026/08/10 16:53:18.090, 0, 511, 0
2026/08/10 16:53:18.093, 1, 1723, 0
2026/08/10 16:53:19.135, 0, 511, 0
2026/08/10 16:53:19.138, 1, 1723, 28
2026/08/10 16:53:20.183, 0, 511, 0
2026/08/10 16:53:20.186, 1, 1723, 24
2026/08/10 16:53:21.229, 0, 511, 0
2026/08/10 16:53:21.233, 1, 1723, 26
2026/08/10 16:53:22.273, 0, 511, 0
2026/08/10 16:53:22.276, 1, 1723, 27
2026/08/10 16:53:23.317, 0, 511, 0
2026/08/10 16:53:23.320, 1, 1723, 25
2026/08/10 16:53:24.361, 0, 511, 0
2026/08/10 16:53:24.365, 1, 1723, 26
2026/08/10 16:53:25.402, 0, 511, 0
2026/08/10 16:53:25.406, 1, 1723, 23
2026/08/10 16:53:26.446, 0, 511, 0
2026/08/10 16:53:26.450, 1, 1723, 28
2026/08/10 16:53:27.492, 0, 511, 0
2026/08/10 16:53:27.496, 1, 1723, 0
2026/08/10 16:53:28.537, 0, 511, 0
2026/08/10 16:53:28.541, 1, 1723, 26
2026/08/10 16:53:29.583, 0, 511, 0
2026/08/10 16:53:29.586, 1, 1723, 18
2026/08/10 16:53:30.630, 0, 511, 0
2026/08/10 16:53:30.633, 1, 1723, 28
2026/08/10 16:53:31.673, 0, 511, 0
2026/08/10 16:53:31.677, 1, 1723, 30
2026/08/10 16:53:32.720, 0, 511, 0
2026/08/10 16:53:32.724, 1, 1723, 26
2026/08/10 16:53:33.768, 0, 511, 0
2026/08/10 16:53:33.771, 1, 1723, 29
2026/08/10 16:53:34.812, 0, 511, 0
2026/08/10 16:53:34.815, 1, 1723, 29
2026/08/10 16:53:35.854, 0, 511, 0
2026/08/10 16:53:35.858, 1, 1723, 26
2026/08/10 16:53:36.900, 0, 511, 0
2026/08/10 16:53:36.904, 1, 1723, 27
2026/08/10 16:53:37.946, 0, 511, 0
2026/08/10 16:53:37.950, 1, 1723, 12
2026/08/10 16:53:38.992, 0, 511, 0
2026/08/10 16:53:38.996, 1, 1723, 26
2026/08/10 16:53:40.037, 0, 511, 0
2026/08/10 16:53:40.041, 1, 1723, 30
2026/08/10 16:53:41.085, 0, 511, 0
2026/08/10 16:53:41.088, 1, 1723, 25
2026/08/10 16:53:42.145, 0, 511, 0
2026/08/10 16:53:42.149, 1, 1723, 32
2026/08/10 16:53:43.190, 0, 511, 0
2026/08/10 16:53:43.194, 1, 1723, 28
2026/08/10 16:53:44.234, 0, 511, 0
2026/08/10 16:53:44.237, 1, 1723, 28
2026/08/10 16:53:45.278, 0, 511, 0
2026/08/10 16:53:45.282, 1, 1723, 27
2026/08/10 16:53:46.325, 0, 511, 0
2026/08/10 16:53:46.328, 1, 1723, 26
2026/08/10 16:53:47.369, 0, 511, 0
2026/08/10 16:53:47.373, 1, 1723, 0
2026/08/10 16:53:48.411, 0, 511, 0
2026/08/10 16:53:48.414, 1, 1723, 25
2026/08/10 16:53:49.471, 0, 511, 0
2026/08/10 16:53:49.475, 1, 1723, 3
2026/08/10 16:53:50.518, 0, 511, 0
2026/08/10 16:53:50.522, 1, 1723, 31
2026/08/10 16:53:51.562, 0, 511, 0
2026/08/10 16:53:51.565, 1, 1723, 28
2026/08/10 16:53:52.604, 0, 511, 0
2026/08/10 16:53:52.608, 1, 1723, 26
2026/08/10 16:53:53.650, 0, 511, 0
2026/08/10 16:53:53.654, 1, 1723, 27
2026/08/10 16:53:54.689, 0, 511, 0
2026/08/10 16:53:54.693, 1, 1723, 28
2026/08/10 16:53:55.734, 0, 511, 0
2026/08/10 16:53:55.738, 1, 1723, 0
2026/08/10 16:53:56.780, 0, 511, 0
2026/08/10 16:53:56.783, 1, 1723, 30
2026/08/10 16:53:57.821, 0, 511, 0
2026/08/10 16:53:57.824, 1, 1723, 32
2026/08/10 16:53:58.864, 0, 511, 0
2026/08/10 16:53:58.867, 1, 1723, 32
2026/08/10 16:53:59.909, 0, 511, 0
2026/08/10 16:53:59.913, 1, 1723, 25
2026/08/10 16:54:00.957, 0, 511, 0
2026/08/10 16:54:00.960, 1, 1723, 26
2026/08/10 16:54:02.007, 0, 511, 0
2026/08/10 16:54:02.011, 1, 1723, 30
2026/08/10 16:54:03.054, 0, 511, 0
2026/08/10 16:54:03.058, 1, 1723, 3
2026/08/10 16:54:04.100, 0, 511, 0
2026/08/10 16:54:04.104, 1, 1723, 27
2026/08/10 16:54:05.146, 0, 511, 0
2026/08/10 16:54:05.149, 1, 1723, 11
2026/08/10 16:54:06.191, 0, 511, 0
2026/08/10 16:54:06.194, 1, 1723, 28
2026/08/10 16:54:07.236, 0, 511, 0
2026/08/10 16:54:07.240, 1, 1723, 27
2026/08/10 16:54:08.282, 0, 511, 0
2026/08/10 16:54:08.285, 1, 1723, 26
2026/08/10 16:54:09.326, 0, 511, 0
2026/08/10 16:54:09.329, 1, 1723, 26
2026/08/10 16:54:10.371, 0, 511, 0
2026/08/10 16:54:10.374, 1, 1723, 27
2026/08/10 16:54:11.414, 0, 511, 0
2026/08/10 16:54:11.418, 1, 1723, 26
2026/08/10 16:54:12.460, 0, 511, 0
2026/08/10 16:54:12.463, 1, 1723, 22
2026/08/10 16:54:13.505, 0, 511, 0
2026/08/10 16:54:13.508, 1, 1723, 30
2026/08/10 16:54:14.550, 0, 511, 0
2026/08/10 16:54:14.553, 1, 1723, 28
2026/08/10 16:54:15.596, 0, 511, 0
2026/08/10 16:54:15.599, 1, 1723, 27
2026/08/10 16:54:16.642, 0, 511, 0
2026/08/10 16:54:16.645, 1, 1723, 25
2026/08/10 16:54:17.686, 0, 511, 0
2026/08/10 16:54:17.689, 1, 1723, 26
2026/08/10 16:54:18.734, 0, 511, 0
2026/08/10 16:54:18.738, 1, 1723, 30
2026/08/10 16:54:19.783, 0, 511, 0
2026/08/10 16:54:19.786, 1, 1723, 29
2026/08/10 16:54:20.828, 0, 511, 0
2026/08/10 16:54:20.832, 1, 1723, 30
2026/08/10 16:54:21.877, 0, 511, 0
2026/08/10 16:54:21.881, 1, 1723, 32
2026/08/10 16:54:22.927, 0, 511, 0
2026/08/10 16:54:22.931, 1, 1723, 25
2026/08/10 16:54:23.977, 0, 511, 0
2026/08/10 16:54:23.981, 1, 1723, 26
2026/08/10 16:54:25.027, 0, 511, 0
2026/08/10 16:54:25.030, 1, 1723, 23
2026/08/10 16:54:26.075, 0, 511, 0
2026/08/10 16:54:26.079, 1, 1723, 25
2026/08/10 16:54:27.127, 0, 511, 0
2026/08/10 16:54:27.130, 1, 1723, 27
2026/08/10 16:54:28.177, 0, 511, 0
2026/08/10 16:54:28.181, 1, 1723, 26
2026/08/10 16:54:29.227, 0, 511, 0
2026/08/10 16:54:29.231, 1, 1723, 25
2026/08/10 16:54:30.278, 0, 511, 0
2026/08/10 16:54:30.282, 1, 1723, 27
2026/08/10 16:54:31.329, 0, 511, 0
2026/08/10 16:54:31.333, 1, 1723, 4
2026/08/10 16:54:32.380, 0, 511, 0
2026/08/10 16:54:32.383, 1, 1723, 27
2026/08/10 16:54:33.434, 0, 511, 0
2026/08/10 16:54:33.437, 1, 1723, 27
2026/08/10 16:54:34.487, 0, 511, 0
2026/08/10 16:54:34.491, 1, 1723, 24
2026/08/10 16:54:35.537, 0, 511, 0
2026/08/10 16:54:35.541, 1, 1723, 31
2026/08/10 16:54:36.590, 0, 511, 0
2026/08/10 16:54:36.594, 1, 1723, 28
2026/08/10 16:54:37.641, 0, 511, 0
2026/08/10 16:54:37.645, 1, 1723, 30
2026/08/10 16:54:38.694, 0, 511, 0
2026/08/10 16:54:38.697, 1, 1723, 33
2026/08/10 16:54:39.744, 0, 511, 0
2026/08/10 16:54:39.748, 1, 1723, 16
2026/08/10 16:54:40.796, 0, 511, 0
2026/08/10 16:54:40.799, 1, 1723, 27
2026/08/10 16:54:41.848, 0, 511, 0
2026/08/10 16:54:41.852, 1, 1723, 27
2026/08/10 16:54:42.899, 0, 511, 0
2026/08/10 16:54:42.903, 1, 1723, 26
2026/08/10 16:54:43.951, 0, 511, 0
2026/08/10 16:54:43.954, 1, 1723, 32
2026/08/10 16:54:44.998, 0, 511, 0
2026/08/10 16:54:45.002, 1, 1723, 25
2026/08/10 16:54:46.049, 0, 511, 0
2026/08/10 16:54:46.053, 1, 1723, 29
2026/08/10 16:54:47.100, 0, 511, 0
2026/08/10 16:54:47.104, 1, 1723, 26
2026/08/10 16:54:48.148, 0, 511, 0
2026/08/10 16:54:48.152, 1, 1723, 34
2026/08/10 16:54:49.199, 0, 511, 0
2026/08/10 16:54:49.203, 1, 1723, 0
2026/08/10 16:54:50.248, 0, 511, 0
2026/08/10 16:54:50.251, 1, 1723, 26
2026/08/10 16:54:51.297, 0, 511, 0
2026/08/10 16:54:51.301, 1, 1723, 28
2026/08/10 16:54:52.346, 0, 511, 0
2026/08/10 16:54:52.350, 1, 1723, 28
2026/08/10 16:54:53.397, 0, 511, 0
2026/08/10 16:54:53.401, 1, 1723, 32
2026/08/10 16:54:54.450, 0, 511, 0
2026/08/10 16:54:54.454, 1, 1723, 28
2026/08/10 16:54:55.503, 0, 511, 0
2026/08/10 16:54:55.506, 1, 1723, 28
2026/08/10 16:54:56.553, 0, 511, 0
2026/08/10 16:54:56.557, 1, 1723, 28
2026/08/10 16:54:57.604, 0, 511, 0
2026/08/10 16:54:57.607, 1, 1723, 28
2026/08/10 16:54:58.655, 0, 511, 0
2026/08/10 16:54:58.659, 1, 1723, 24
2026/08/10 16:54:59.707, 0, 511, 0
2026/08/10 16:54:59.711, 1, 1723, 27
2026/08/10 16:55:00.759, 0, 511, 0
2026/08/10 16:55:00.763, 1, 1723, 28
2026/08/10 16:55:01.811, 0, 511, 0
2026/08/10 16:55:01.815, 1, 1723, 27
2026/08/10 16:55:02.862, 0, 511, 0
2026/08/10 16:55:02.865, 1, 1723, 27
2026/08/10 16:55:03.916, 0, 511, 0
2026/08/10 16:55:03.919, 1, 1723, 29
2026/08/10 16:55:04.968, 0, 511, 0
2026/08/10 16:55:04.972, 1, 1723, 27
2026/08/10 16:55:06.017, 0, 511, 0
2026/08/10 16:55:06.020, 1, 1723, 23
2026/08/10 16:55:07.068, 0, 511, 0
2026/08/10 16:55:07.071, 1, 1723, 0
2026/08/10 16:55:08.121, 0, 511, 0
2026/08/10 16:55:08.125, 1, 1723, 23
2026/08/10 16:55:09.171, 0, 511, 0
2026/08/10 16:55:09.175, 1, 1723, 27
2026/08/10 16:55:10.218, 0, 511, 0
2026/08/10 16:55:10.222, 1, 1723, 30
2026/08/10 16:55:11.269, 0, 511, 0
2026/08/10 16:55:11.273, 1, 1723, 28
2026/08/10 16:55:12.317, 0, 511, 0
2026/08/10 16:55:12.321, 1, 1723, 27
2026/08/10 16:55:13.368, 0, 511, 0
2026/08/10 16:55:13.371, 1, 1723, 24
2026/08/10 16:55:14.419, 0, 511, 0
2026/08/10 16:55:14.423, 1, 1723, 28
2026/08/10 16:55:15.468, 0, 511, 0
2026/08/10 16:55:15.472, 1, 1723, 29
2026/08/10 16:55:16.518, 0, 511, 0
2026/08/10 16:55:16.522, 1, 1723, 0
2026/08/10 16:55:17.567, 0, 511, 0
2026/08/10 16:55:17.570, 1, 1723, 23
2026/08/10 16:55:18.616, 0, 511, 0
2026/08/10 16:55:18.619, 1, 1723, 31
2026/08/10 16:55:19.666, 0, 511, 0
2026/08/10 16:55:19.669, 1, 1723, 30
2026/08/10 16:55:20.716, 0, 511, 0
2026/08/10 16:55:20.720, 1, 1723, 28
2026/08/10 16:55:21.766, 0, 511, 0
2026/08/10 16:55:21.770, 1, 1723, 27
2026/08/10 16:55:22.818, 0, 511, 0
2026/08/10 16:55:22.821, 1, 1723, 23
2026/08/10 16:55:23.863, 0, 511, 0
2026/08/10 16:55:23.873, 1, 1723, 30
2026/08/10 16:55:24.921, 0, 511, 0
2026/08/10 16:55:24.925, 1, 1723, 28
2026/08/10 16:55:25.982, 0, 511, 0
2026/08/10 16:55:25.985, 1, 1723, 27
2026/08/10 16:55:27.034, 0, 511, 0
2026/08/10 16:55:27.037, 1, 1723, 31
2026/08/10 16:55:28.085, 0, 511, 0
2026/08/10 16:55:28.088, 1, 1723, 30
2026/08/10 16:55:29.134, 0, 511, 0
2026/08/10 16:55:29.138, 1, 1723, 26
2026/08/10 16:55:30.188, 0, 511, 0
2026/08/10 16:55:30.192, 1, 1723, 12
2026/08/10 16:55:31.238, 0, 511, 0
2026/08/10 16:55:31.242, 1, 1723, 31
2026/08/10 16:55:32.290, 0, 511, 0
2026/08/10 16:55:32.293, 1, 1723, 35
2026/08/10 16:55:33.343, 0, 511, 0
2026/08/10 16:55:33.347, 1, 1723, 27
2026/08/10 16:55:34.392, 0, 511, 0
2026/08/10 16:55:34.396, 1, 1723, 29
2026/08/10 16:55:35.441, 0, 511, 0
2026/08/10 16:55:35.444, 1, 1723, 27
2026/08/10 16:55:36.488, 0, 511, 0
2026/08/10 16:55:36.491, 1, 1723, 27
2026/08/10 16:55:37.536, 0, 511, 0
2026/08/10 16:55:37.539, 1, 1723, 12
2026/08/10 16:55:38.588, 0, 511, 0
2026/08/10 16:55:38.591, 1, 1723, 26
2026/08/10 16:55:39.638, 0, 511, 0
2026/08/10 16:55:39.641, 1, 1723, 27
2026/08/10 16:55:40.686, 0, 511, 0
2026/08/10 16:55:40.689, 1, 1723, 31
2026/08/10 16:55:41.735, 0, 511, 0
2026/08/10 16:55:41.738, 1, 1723, 26
2026/08/10 16:55:42.785, 0, 511, 0
2026/08/10 16:55:42.788, 1, 1723, 27
2026/08/10 16:55:43.833, 0, 511, 0
2026/08/10 16:55:43.836, 1, 1723, 27
2026/08/10 16:55:44.881, 0, 511, 0
2026/08/10 16:55:44.885, 1, 1723, 25
2026/08/10 16:55:45.931, 0, 511, 0
2026/08/10 16:55:45.936, 1, 1723, 0
2026/08/10 16:55:46.978, 0, 511, 0
2026/08/10 16:55:46.982, 1, 1723, 27
2026/08/10 16:55:48.027, 0, 511, 0
2026/08/10 16:55:48.031, 1, 1723, 30
2026/08/10 16:55:49.082, 0, 511, 0
2026/08/10 16:55:49.085, 1, 1723, 28
2026/08/10 16:55:50.133, 0, 511, 0
2026/08/10 16:55:50.136, 1, 1723, 30
2026/08/10 16:55:51.182, 0, 511, 0
2026/08/10 16:55:51.185, 1, 1723, 27
2026/08/10 16:55:52.232, 0, 511, 0
2026/08/10 16:55:52.235, 1, 1723, 28
2026/08/10 16:55:53.281, 0, 511, 0
2026/08/10 16:55:53.284, 1, 1723, 26
2026/08/10 16:55:54.329, 0, 511, 0
2026/08/10 16:55:54.333, 1, 1723, 29
2026/08/10 16:55:55.377, 0, 511, 0
2026/08/10 16:55:55.380, 1, 1723, 0
2026/08/10 16:55:56.425, 0, 511, 0
2026/08/10 16:55:56.428, 1, 1723, 26
2026/08/10 16:55:57.474, 0, 511, 0
2026/08/10 16:55:57.478, 1, 1723, 26
2026/08/10 16:55:58.523, 0, 511, 0
2026/08/10 16:55:58.526, 1, 1723, 27
2026/08/10 16:55:59.575, 0, 511, 0
2026/08/10 16:55:59.579, 1, 1723, 29
2026/08/10 16:56:00.625, 0, 511, 0
2026/08/10 16:56:00.629, 1, 1723, 26
2026/08/10 16:56:01.671, 0, 511, 0
2026/08/10 16:56:01.674, 1, 1723, 27
2026/08/10 16:56:02.723, 0, 511, 0
2026/08/10 16:56:02.727, 1, 1723, 27
2026/08/10 16:56:03.772, 0, 511, 0
2026/08/10 16:56:03.776, 1, 1723, 28
2026/08/10 16:56:04.825, 0, 511, 0
2026/08/10 16:56:04.829, 1, 1723, 25
2026/08/10 16:56:05.876, 0, 511, 0
2026/08/10 16:56:05.880, 1, 1723, 0
2026/08/10 16:56:06.930, 0, 511, 0
2026/08/10 16:56:06.934, 1, 1723, 27
2026/08/10 16:56:07.982, 0, 511, 0
2026/08/10 16:56:07.985, 1, 1723, 19
2026/08/10 16:56:09.031, 0, 511, 0
2026/08/10 16:56:09.034, 1, 1723, 28
2026/08/10 16:56:10.082, 0, 511, 0
2026/08/10 16:56:10.085, 1, 1723, 27
2026/08/10 16:56:11.146, 0, 511, 0
2026/08/10 16:56:11.149, 1, 1723, 27
2026/08/10 16:56:12.194, 0, 511, 0
2026/08/10 16:56:12.197, 1, 1723, 26
2026/08/10 16:56:13.244, 0, 511, 0
2026/08/10 16:56:13.248, 1, 1723, 27
2026/08/10 16:56:14.290, 0, 511, 0
2026/08/10 16:56:14.294, 1, 1723, 27
2026/08/10 16:56:15.336, 0, 511, 0
2026/08/10 16:56:15.343, 1, 1723, 27
2026/08/10 16:56:16.386, 0, 511, 0
2026/08/10 16:56:16.392, 1, 1723, 27
2026/08/10 16:56:17.441, 0, 511, 0
2026/08/10 16:56:17.448, 1, 1723, 4
2026/08/10 16:56:18.494, 0, 511, 0
2026/08/10 16:56:18.501, 1, 1723, 30
2026/08/10 16:56:19.545, 0, 511, 0
2026/08/10 16:56:19.553, 1, 1723, 27
2026/08/10 16:56:20.599, 0, 511, 0
2026/08/10 16:56:20.608, 1, 1723, 24
2026/08/10 16:56:21.658, 0, 511, 0
2026/08/10 16:56:21.661, 1, 1723, 28
2026/08/10 16:56:22.708, 0, 511, 0
2026/08/10 16:56:22.711, 1, 1723, 32
2026/08/10 16:56:23.754, 0, 511, 0
2026/08/10 16:56:23.761, 1, 1723, 0
2026/08/10 16:56:24.811, 0, 511, 0
2026/08/10 16:56:24.816, 1, 1723, 26
2026/08/10 16:56:25.862, 0, 511, 0
2026/08/10 16:56:25.866, 1, 1723, 29
2026/08/10 16:56:26.914, 0, 511, 0
2026/08/10 16:56:26.917, 1, 1723, 26
2026/08/10 16:56:27.963, 0, 511, 0
2026/08/10 16:56:27.967, 1, 1723, 27
2026/08/10 16:56:29.013, 0, 511, 0
2026/08/10 16:56:29.016, 1, 1723, 26
2026/08/10 16:56:30.062, 0, 511, 0
2026/08/10 16:56:30.065, 1, 1723, 29
2026/08/10 16:56:31.112, 0, 511, 0
2026/08/10 16:56:31.116, 1, 1723, 30
2026/08/10 16:56:32.160, 0, 511, 0
2026/08/10 16:56:32.168, 1, 1723, 28
2026/08/10 16:56:33.210, 0, 511, 0
2026/08/10 16:56:33.218, 1, 1723, 0
2026/08/10 16:56:34.267, 0, 511, 0
2026/08/10 16:56:34.275, 1, 1723, 29
2026/08/10 16:56:35.322, 0, 511, 0
2026/08/10 16:56:35.326, 1, 1723, 18
2026/08/10 16:56:36.368, 0, 511, 0
2026/08/10 16:56:36.375, 1, 1723, 29
2026/08/10 16:56:37.415, 0, 511, 0
2026/08/10 16:56:37.423, 1, 1723, 29
2026/08/10 16:56:38.471, 0, 511, 0
2026/08/10 16:56:38.480, 1, 1723, 30
2026/08/10 16:56:39.525, 0, 511, 0
2026/08/10 16:56:39.533, 1, 1723, 26
2026/08/10 16:56:40.576, 0, 511, 0
2026/08/10 16:56:40.584, 1, 1723, 27
2026/08/10 16:56:41.631, 0, 511, 0
2026/08/10 16:56:41.635, 1, 1723, 26
2026/08/10 16:56:42.680, 0, 511, 0
2026/08/10 16:56:42.690, 1, 1723, 27
2026/08/10 16:56:43.733, 0, 511, 0
2026/08/10 16:56:43.741, 1, 1723, 5
2026/08/10 16:56:44.782, 0, 511, 0
2026/08/10 16:56:44.786, 1, 1723, 26
2026/08/10 16:56:45.833, 0, 511, 0
2026/08/10 16:56:45.839, 1, 1723, 28
2026/08/10 16:56:46.887, 0, 511, 0
2026/08/10 16:56:46.894, 1, 1723, 28
2026/08/10 16:56:47.938, 0, 511, 0
2026/08/10 16:56:47.946, 1, 1723, 25
2026/08/10 16:56:48.988, 0, 511, 0
2026/08/10 16:56:48.996, 1, 1723, 28
2026/08/10 16:56:50.039, 0, 511, 0
2026/08/10 16:56:50.045, 1, 1723, 28
2026/08/10 16:56:51.089, 0, 511, 0
2026/08/10 16:56:51.096, 1, 1723, 22
2026/08/10 16:56:52.142, 0, 511, 0
2026/08/10 16:56:52.151, 1, 1723, 26
2026/08/10 16:56:53.196, 0, 511, 0
2026/08/10 16:56:53.201, 1, 1723, 0
2026/08/10 16:56:54.246, 0, 511, 0
2026/08/10 16:56:54.252, 1, 1723, 26
2026/08/10 16:56:55.302, 0, 511, 0
2026/08/10 16:56:55.308, 1, 1723, 28
2026/08/10 16:56:56.353, 0, 511, 0
2026/08/10 16:56:56.358, 1, 1723, 28
2026/08/10 16:56:57.405, 0, 511, 0
2026/08/10 16:56:57.410, 1, 1723, 27
2026/08/10 16:56:58.459, 0, 511, 0
2026/08/10 16:56:58.463, 1, 1723, 31
2026/08/10 16:56:59.511, 0, 511, 0
2026/08/10 16:56:59.514, 1, 1723, 28
2026/08/10 16:57:00.564, 0, 511, 0
2026/08/10 16:57:00.568, 1, 1723, 28
2026/08/10 16:57:01.617, 0, 511, 0
2026/08/10 16:57:01.622, 1, 1723, 32
2026/08/10 16:57:02.670, 0, 511, 0
2026/08/10 16:57:02.675, 1, 1723, 23
2026/08/10 16:57:03.728, 0, 511, 0
2026/08/10 16:57:03.732, 1, 1723, 27
2026/08/10 16:57:04.782, 0, 511, 0
2026/08/10 16:57:04.787, 1, 1723, 25
2026/08/10 16:57:05.835, 0, 511, 0
2026/08/10 16:57:05.839, 1, 1723, 27
2026/08/10 16:57:06.888, 0, 511, 0
2026/08/10 16:57:06.893, 1, 1723, 24
2026/08/10 16:57:07.942, 0, 511, 0
2026/08/10 16:57:07.947, 1, 1723, 29
2026/08/10 16:57:08.998, 0, 511, 0
2026/08/10 16:57:09.003, 1, 1723, 29
2026/08/10 16:57:10.052, 0, 511, 0
2026/08/10 16:57:10.057, 1, 1723, 25
2026/08/10 16:57:11.108, 0, 511, 0
2026/08/10 16:57:11.113, 1, 1723, 17
2026/08/10 16:57:12.161, 0, 511, 0
2026/08/10 16:57:12.165, 1, 1723, 22
2026/08/10 16:57:13.214, 0, 511, 0
2026/08/10 16:57:13.219, 1, 1723, 23
2026/08/10 16:57:14.266, 0, 511, 0
2026/08/10 16:57:14.270, 1, 1723, 25
2026/08/10 16:57:15.319, 0, 511, 0
2026/08/10 16:57:15.324, 1, 1723, 9
2026/08/10 16:57:16.369, 0, 511, 0
2026/08/10 16:57:16.374, 1, 1723, 22
2026/08/10 16:57:17.419, 0, 511, 0
2026/08/10 16:57:17.424, 1, 1723, 0
2026/08/10 16:57:18.467, 0, 1919, 0
2026/08/10 16:57:18.469, 1, 2879, 27
2026/08/10 16:57:19.508, 0, 2021, 11
2026/08/10 16:57:19.511, 1, 3361, 0
2026/08/10 16:57:20.559, 0, 3141, 99
2026/08/10 16:57:20.563, 1, 3779, 47
2026/08/10 16:57:21.623, 0, 2533, 100
2026/08/10 16:57:21.629, 1, 4195, 74
2026/08/10 16:57:22.677, 0, 3077, 100
2026/08/10 16:57:22.680, 1, 4323, 93
2026/08/10 16:57:23.725, 0, 2789, 99
2026/08/10 16:57:23.728, 1, 4099, 100
2026/08/10 16:57:24.774, 0, 2885, 64
2026/08/10 16:57:24.777, 1, 4067, 75
2026/08/10 16:57:25.823, 0, 3013, 89
2026/08/10 16:57:25.826, 1, 4451, 100
2026/08/10 16:57:26.871, 0, 2885, 58
2026/08/10 16:57:26.873, 1, 4805, 100
2026/08/10 16:57:27.916, 0, 2629, 100
2026/08/10 16:57:27.919, 1, 3429, 100
2026/08/10 16:57:28.961, 0, 2789, 68
2026/08/10 16:57:28.964, 1, 3909, 68
2026/08/10 16:57:30.010, 0, 3301, 100
2026/08/10 16:57:30.013, 1, 4005, 87
2026/08/10 16:57:31.066, 0, 4133, 99
2026/08/10 16:57:31.069, 1, 5285, 97
2026/08/10 16:57:32.118, 0, 4325, 96
2026/08/10 16:57:32.122, 1, 6117, 100
2026/08/10 16:57:33.184, 0, 4677, 100
2026/08/10 16:57:33.186, 1, 6533, 100
2026/08/10 16:57:34.236, 0, 4741, 100
2026/08/10 16:57:34.239, 1, 5093, 88
2026/08/10 16:57:35.288, 0, 4389, 84
2026/08/10 16:57:35.292, 1, 6917, 100
2026/08/10 16:57:36.359, 0, 3973, 100
2026/08/10 16:57:36.362, 1, 6021, 100
2026/08/10 16:57:37.417, 0, 3845, 100
2026/08/10 16:57:37.420, 1, 7109, 100
2026/08/10 16:57:38.469, 0, 4741, 100
2026/08/10 16:57:38.473, 1, 5445, 100
2026/08/10 16:57:39.523, 0, 4133, 100
2026/08/10 16:57:39.526, 1, 5893, 83
2026/08/10 16:57:40.579, 0, 3813, 100
2026/08/10 16:57:40.582, 1, 5573, 100
2026/08/10 16:57:41.631, 0, 4069, 72
2026/08/10 16:57:41.636, 1, 4773, 100
2026/08/10 16:57:42.686, 0, 5125, 96
2026/08/10 16:57:42.690, 1, 6053, 100
2026/08/10 16:57:43.747, 0, 8613, 92
2026/08/10 16:57:43.751, 1, 8325, 100
2026/08/10 16:57:44.804, 0, 5093, 78
2026/08/10 16:57:44.808, 1, 8357, 100
2026/08/10 16:57:45.868, 0, 5253, 100
2026/08/10 16:57:45.872, 1, 5637, 97
2026/08/10 16:57:46.922, 0, 6597, 100
2026/08/10 16:57:46.925, 1, 7237, 100
2026/08/10 16:57:47.974, 0, 5477, 87
2026/08/10 16:57:47.978, 1, 5413, 100
2026/08/10 16:57:49.035, 0, 6149, 100
2026/08/10 16:57:49.038, 1, 7173, 100
2026/08/10 16:57:50.084, 0, 6117, 93
2026/08/10 16:57:50.088, 1, 9317, 100
2026/08/10 16:57:51.143, 0, 5733, 100
2026/08/10 16:57:51.147, 1, 8677, 84
2026/08/10 16:57:52.197, 0, 4453, 100
2026/08/10 16:57:52.202, 1, 6341, 100
2026/08/10 16:57:53.256, 0, 6117, 100
2026/08/10 16:57:53.259, 1, 6565, 100
2026/08/10 16:57:54.339, 0, 4901, 97
2026/08/10 16:57:54.345, 1, 5765, 98
2026/08/10 16:57:55.404, 0, 3877, 84
2026/08/10 16:57:55.407, 1, 4773, 100
2026/08/10 16:57:56.467, 0, 8773, 94
2026/08/10 16:57:56.471, 1, 9189, 100
2026/08/10 16:57:57.537, 0, 4357, 100
2026/08/10 16:57:57.542, 1, 7077, 100
2026/08/10 16:57:58.627, 0, 3973, 100
2026/08/10 16:57:58.631, 1, 6149, 75
2026/08/10 16:57:59.717, 0, 4741, 100
2026/08/10 16:57:59.728, 1, 6181, 82
2026/08/10 16:58:00.804, 0, 7365, 86
2026/08/10 16:58:00.809, 1, 9605, 76
2026/08/10 16:58:01.888, 0, 9605, 89
2026/08/10 16:58:01.892, 1, 5861, 56
2026/08/10 16:58:02.958, 0, 3141, 99
2026/08/10 16:58:02.966, 1, 8773, 87
2026/08/10 16:58:04.033, 0, 5989, 87
2026/08/10 16:58:04.037, 1, 8421, 90
2026/08/10 16:58:05.086, 0, 7621, 93
2026/08/10 16:58:05.090, 1, 8485, 73
2026/08/10 16:58:06.154, 0, 5061, 96
2026/08/10 16:58:06.158, 1, 5317, 89
2026/08/10 16:58:07.222, 0, 6149, 87
2026/08/10 16:58:07.226, 1, 6469, 60
2026/08/10 16:58:08.301, 0, 6789, 95
2026/08/10 16:58:08.305, 1, 8773, 98
2026/08/10 16:58:09.385, 0, 4229, 100
2026/08/10 16:58:09.389, 1, 7045, 100
2026/08/10 16:58:10.463, 0, 5093, 93
2026/08/10 16:58:10.470, 1, 4325, 100
2026/08/10 16:58:11.570, 0, 7461, 96
2026/08/10 16:58:11.573, 1, 6405, 100
2026/08/10 16:58:12.652, 0, 7269, 100
2026/08/10 16:58:12.659, 1, 6533, 100
2026/08/10 16:58:13.735, 0, 8389, 63
2026/08/10 16:58:13.737, 1, 8293, 94
2026/08/10 16:58:14.786, 0, 6245, 95
2026/08/10 16:58:14.790, 1, 6373, 67
2026/08/10 16:58:15.850, 0, 7045, 99
2026/08/10 16:58:15.860, 1, 4325, 84
2026/08/10 16:58:16.925, 0, 8229, 100
2026/08/10 16:58:16.928, 1, 10693, 35
2026/08/10 16:58:17.974, 0, 11365, 76
2026/08/10 16:58:17.978, 1, 10469, 93
2026/08/10 16:58:19.028, 0, 7237, 15
2026/08/10 16:58:19.031, 1, 6053, 95
2026/08/10 16:58:20.091, 0, 6981, 95
2026/08/10 16:58:20.095, 1, 6789, 89
2026/08/10 16:58:21.177, 0, 4325, 90
2026/08/10 16:58:21.184, 1, 5157, 63
2026/08/10 16:58:22.254, 0, 5733, 52
2026/08/10 16:58:22.258, 1, 7429, 90
2026/08/10 16:58:23.315, 0, 4869, 10
2026/08/10 16:58:23.318, 1, 4709, 83
2026/08/10 16:58:24.381, 0, 4613, 86
2026/08/10 16:58:24.384, 1, 5285, 77
2026/08/10 16:58:25.463, 0, 8165, 92
2026/08/10 16:58:25.466, 1, 5157, 93
2026/08/10 16:58:26.535, 0, 5765, 86
2026/08/10 16:58:26.543, 1, 4389, 100
2026/08/10 16:58:27.611, 0, 8389, 100
2026/08/10 16:58:27.616, 1, 10949, 79
2026/08/10 16:58:28.691, 0, 4869, 97
2026/08/10 16:58:28.701, 1, 6853, 81
2026/08/10 16:58:29.769, 0, 4197, 98
2026/08/10 16:58:29.775, 1, 5349, 94
2026/08/10 16:58:30.832, 0, 7141, 97
2026/08/10 16:58:30.835, 1, 8549, 92
2026/08/10 16:58:31.890, 0, 7589, 93
2026/08/10 16:58:31.895, 1, 8485, 89
2026/08/10 16:58:32.961, 0, 5925, 100
2026/08/10 16:58:32.965, 1, 6117, 84
2026/08/10 16:58:34.068, 0, 8325, 93
2026/08/10 16:58:34.073, 1, 5701, 97
2026/08/10 16:58:35.128, 0, 5797, 98
2026/08/10 16:58:35.132, 1, 7461, 62
2026/08/10 16:58:36.204, 0, 6277, 72
2026/08/10 16:58:36.208, 1, 6885, 97
2026/08/10 16:58:37.279, 0, 5509, 100
2026/08/10 16:58:37.288, 1, 9253, 94
2026/08/10 16:58:38.374, 0, 3269, 5
2026/08/10 16:58:38.385, 1, 7557, 95
2026/08/10 16:58:39.450, 0, 7877, 92
2026/08/10 16:58:39.453, 1, 8357, 90
2026/08/10 16:58:40.528, 0, 3077, 87
2026/08/10 16:58:40.534, 1, 6373, 100
2026/08/10 16:58:41.591, 0, 5925, 74
2026/08/10 16:58:41.594, 1, 8005, 0
2026/08/10 16:58:42.653, 0, 4261, 100
2026/08/10 16:58:42.657, 1, 6501, 73
2026/08/10 16:58:43.714, 0, 8069, 11
2026/08/10 16:58:43.718, 1, 8357, 80
2026/08/10 16:58:44.784, 0, 8421, 93
2026/08/10 16:58:44.787, 1, 7717, 95
2026/08/10 16:58:45.875, 0, 4741, 46
2026/08/10 16:58:45.881, 1, 7621, 100
2026/08/10 16:58:46.951, 0, 7717, 100
2026/08/10 16:58:46.955, 1, 8485, 80
2026/08/10 16:58:48.008, 0, 5413, 100
2026/08/10 16:58:48.014, 1, 6917, 71
2026/08/10 16:58:49.086, 0, 4517, 100
2026/08/10 16:58:49.089, 1, 7109, 71
2026/08/10 16:58:50.146, 0, 7013, 70
2026/08/10 16:58:50.150, 1, 6629, 81
2026/08/10 16:58:51.226, 0, 7365, 90
2026/08/10 16:58:51.233, 1, 7237, 94
2026/08/10 16:58:52.315, 0, 3973, 100
2026/08/10 16:58:52.320, 1, 6309, 96
2026/08/10 16:58:53.374, 0, 9541, 94
2026/08/10 16:58:53.378, 1, 9541, 100
2026/08/10 16:58:54.444, 0, 7653, 100
2026/08/10 16:58:54.449, 1, 8613, 94
2026/08/10 16:58:55.543, 0, 5189, 77
2026/08/10 16:58:55.546, 1, 6565, 48
2026/08/10 16:58:56.620, 0, 3397, 100
2026/08/10 16:58:56.623, 1, 6277, 98
2026/08/10 16:58:57.672, 0, 6661, 74
2026/08/10 16:58:57.674, 1, 7621, 71
2026/08/10 16:58:58.756, 0, 5221, 89
2026/08/10 16:58:58.761, 1, 7397, 79
2026/08/10 16:58:59.812, 0, 7077, 97
2026/08/10 16:58:59.816, 1, 6629, 96
2026/08/10 16:59:00.870, 0, 6149, 84
2026/08/10 16:59:00.874, 1, 5189, 94
2026/08/10 16:59:01.970, 0, 3717, 82
2026/08/10 16:59:01.973, 1, 6149, 82
2026/08/10 16:59:03.045, 0, 6213, 100
2026/08/10 16:59:03.052, 1, 7685, 93
2026/08/10 16:59:04.117, 0, 6181, 88
2026/08/10 16:59:04.121, 1, 6917, 94
2026/08/10 16:59:05.209, 0, 7109, 72
2026/08/10 16:59:05.217, 1, 5829, 75
2026/08/10 16:59:06.289, 0, 4101, 99
2026/08/10 16:59:06.296, 1, 4837, 64
2026/08/10 16:59:07.377, 0, 7781, 62
2026/08/10 16:59:07.383, 1, 6821, 90
2026/08/10 16:59:08.467, 0, 7109, 83
2026/08/10 16:59:08.474, 1, 7269, 29
2026/08/10 16:59:09.545, 0, 8325, 91
2026/08/10 16:59:09.549, 1, 6277, 100
2026/08/10 16:59:10.614, 0, 2597, 42
2026/08/10 16:59:10.617, 1, 10501, 86
2026/08/10 16:59:11.688, 0, 6725, 94
2026/08/10 16:59:11.695, 1, 6917, 89
2026/08/10 16:59:12.756, 0, 2885, 69
2026/08/10 16:59:12.759, 1, 4325, 52
2026/08/10 16:59:13.817, 0, 5221, 93
2026/08/10 16:59:13.822, 1, 6213, 50
2026/08/10 16:59:14.879, 0, 7077, 100
2026/08/10 16:59:14.882, 1, 5221, 100
2026/08/10 16:59:15.959, 0, 5605, 80
2026/08/10 16:59:15.962, 1, 5221, 99
2026/08/10 16:59:17.046, 0, 6181, 91
2026/08/10 16:59:17.050, 1, 6917, 92
2026/08/10 16:59:18.098, 0, 8581, 72
2026/08/10 16:59:18.101, 1, 6117, 93
2026/08/10 16:59:19.156, 0, 6309, 100
2026/08/10 16:59:19.160, 1, 6725, 87
2026/08/10 16:59:20.221, 0, 6405, 100
2026/08/10 16:59:20.229, 1, 7621, 71
2026/08/10 16:59:21.302, 0, 10629, 91
2026/08/10 16:59:21.307, 1, 8229, 71
2026/08/10 16:59:22.358, 0, 5381, 99
2026/08/10 16:59:22.365, 1, 6501, 87
2026/08/10 16:59:23.447, 0, 6533, 76
2026/08/10 16:59:23.451, 1, 10245, 100
2026/08/10 16:59:24.524, 0, 4293, 95
2026/08/10 16:59:24.527, 1, 5701, 91
2026/08/10 16:59:25.588, 0, 9093, 91
2026/08/10 16:59:25.591, 1, 6661, 0
2026/08/10 16:59:26.647, 0, 7781, 100
2026/08/10 16:59:26.650, 1, 8197, 80
2026/08/10 16:59:27.701, 0, 5541, 94
2026/08/10 16:59:27.705, 1, 7717, 100
2026/08/10 16:59:28.754, 0, 8741, 98
2026/08/10 16:59:28.757, 1, 8517, 96
2026/08/10 16:59:29.830, 0, 8005, 93
2026/08/10 16:59:29.843, 1, 4869, 100
2026/08/10 16:59:30.917, 0, 9029, 100
2026/08/10 16:59:30.922, 1, 7173, 100
2026/08/10 16:59:31.984, 0, 9349, 88
2026/08/10 16:59:31.989, 1, 9509, 29
2026/08/10 16:59:33.061, 0, 6469, 100
2026/08/10 16:59:33.065, 1, 5861, 100
2026/08/10 16:59:34.134, 0, 5989, 83
2026/08/10 16:59:34.150, 1, 6117, 96
2026/08/10 16:59:35.239, 0, 6181, 100
2026/08/10 16:59:35.243, 1, 8581, 74
2026/08/10 16:59:36.313, 0, 7077, 99
2026/08/10 16:59:36.317, 1, 8453, 88
2026/08/10 16:59:37.375, 0, 5701, 100
2026/08/10 16:59:37.378, 1, 7621, 100
2026/08/10 16:59:38.457, 0, 6373, 100
2026/08/10 16:59:38.461, 1, 9317, 82
2026/08/10 16:59:39.508, 0, 11781, 100
2026/08/10 16:59:39.510, 1, 9605, 100
2026/08/10 16:59:40.564, 0, 7653, 96
2026/08/10 16:59:40.567, 1, 11525, 68
2026/08/10 16:59:41.619, 0, 7013, 91
2026/08/10 16:59:41.622, 1, 11493, 100
2026/08/10 16:59:42.690, 0, 5957, 67
2026/08/10 16:59:42.695, 1, 5573, 82
2026/08/10 16:59:43.746, 0, 6629, 100
2026/08/10 16:59:43.749, 1, 7429, 89
2026/08/10 16:59:44.804, 0, 8037, 73
2026/08/10 16:59:44.808, 1, 9061, 100
2026/08/10 16:59:45.895, 0, 4133, 100
2026/08/10 16:59:45.899, 1, 8325, 57
2026/08/10 16:59:46.962, 0, 5637, 93
2026/08/10 16:59:46.968, 1, 5573, 95
2026/08/10 16:59:48.028, 0, 5413, 69
2026/08/10 16:59:48.032, 1, 6021, 81
2026/08/10 16:59:49.110, 0, 6117, 89
2026/08/10 16:59:49.114, 1, 8773, 91
2026/08/10 16:59:50.168, 0, 7781, 84
2026/08/10 16:59:50.172, 1, 9061, 90
2026/08/10 16:59:51.230, 0, 5061, 89
2026/08/10 16:59:51.238, 1, 4837, 97
2026/08/10 16:59:52.313, 0, 3717, 93
2026/08/10 16:59:52.321, 1, 10437, 80
2026/08/10 16:59:53.400, 0, 3749, 92
2026/08/10 16:59:53.406, 1, 5413, 86
2026/08/10 16:59:54.474, 0, 5861, 100
2026/08/10 16:59:54.478, 1, 9509, 100
2026/08/10 16:59:55.540, 0, 3781, 100
2026/08/10 16:59:55.545, 1, 7909, 100
2026/08/10 16:59:56.617, 0, 6213, 99
2026/08/10 16:59:56.621, 1, 5765, 100
2026/08/10 16:59:57.683, 0, 3781, 51
2026/08/10 16:59:57.686, 1, 6341, 100
2026/08/10 16:59:58.735, 0, 3813, 94
2026/08/10 16:59:58.738, 1, 6885, 100
2026/08/10 16:59:59.799, 0, 2885, 86
2026/08/10 16:59:59.802, 1, 6469, 92
2026/08/10 17:00:00.864, 0, 4165, 88
2026/08/10 17:00:00.874, 1, 9285, 83
2026/08/10 17:00:01.949, 0, 4229, 99
2026/08/10 17:00:01.953, 1, 7813, 100
2026/08/10 17:00:03.015, 0, 7557, 100
2026/08/10 17:00:03.018, 1, 6469, 100
2026/08/10 17:00:04.070, 0, 5925, 100
2026/08/10 17:00:04.074, 1, 6725, 98
2026/08/10 17:00:05.127, 0, 6149, 100
2026/08/10 17:00:05.130, 1, 6629, 93
2026/08/10 17:00:06.202, 0, 7397, 95
2026/08/10 17:00:06.206, 1, 7685, 87
2026/08/10 17:00:07.259, 0, 6213, 100
2026/08/10 17:00:07.263, 1, 5605, 100
2026/08/10 17:00:08.319, 0, 4581, 100
2026/08/10 17:00:08.323, 1, 4677, 90
2026/08/10 17:00:09.382, 0, 6053, 85
2026/08/10 17:00:09.385, 1, 7237, 100
2026/08/10 17:00:10.434, 0, 6117, 100
2026/08/10 17:00:10.438, 1, 12037, 95
2026/08/10 17:00:11.496, 0, 5285, 44
2026/08/10 17:00:11.500, 1, 5573, 56
2026/08/10 17:00:12.547, 0, 7237, 100
2026/08/10 17:00:12.550, 1, 7429, 67
2026/08/10 17:00:13.611, 0, 6469, 57
2026/08/10 17:00:13.616, 1, 4613, 100
2026/08/10 17:00:14.671, 0, 5509, 97
2026/08/10 17:00:14.675, 1, 6789, 95
2026/08/10 17:00:15.730, 0, 7077, 61
2026/08/10 17:00:15.734, 1, 9285, 80
2026/08/10 17:00:16.784, 0, 6085, 99
2026/08/10 17:00:16.788, 1, 7333, 94
2026/08/10 17:00:17.847, 0, 6981, 100
2026/08/10 17:00:17.850, 1, 5349, 100
2026/08/10 17:00:18.897, 0, 5221, 96
2026/08/10 17:00:18.901, 1, 4549, 91
2026/08/10 17:00:19.962, 0, 4613, 100
2026/08/10 17:00:19.965, 1, 6949, 97
2026/08/10 17:00:21.018, 0, 5061, 100
2026/08/10 17:00:21.021, 1, 6117, 93
2026/08/10 17:00:22.070, 0, 5573, 97
2026/08/10 17:00:22.078, 1, 9637, 90
2026/08/10 17:00:23.138, 0, 7557, 100
2026/08/10 17:00:23.142, 1, 7493, 92
2026/08/10 17:00:24.202, 0, 4165, 100
2026/08/10 17:00:24.206, 1, 6149, 100
2026/08/10 17:00:25.263, 0, 6309, 99
2026/08/10 17:00:25.267, 1, 7461, 72
2026/08/10 17:00:26.321, 0, 5797, 99
2026/08/10 17:00:26.326, 1, 6341, 82
2026/08/10 17:00:27.377, 0, 4357, 100
2026/08/10 17:00:27.380, 1, 5317, 93
2026/08/10 17:00:28.437, 0, 5797, 100
2026/08/10 17:00:28.441, 1, 9093, 97
2026/08/10 17:00:29.499, 0, 4101, 100
2026/08/10 17:00:29.505, 1, 7621, 95
2026/08/10 17:00:30.575, 0, 4485, 93
2026/08/10 17:00:30.579, 1, 5061, 91
2026/08/10 17:00:31.632, 0, 6853, 80
2026/08/10 17:00:31.635, 1, 6373, 94
2026/08/10 17:00:32.684, 0, 7589, 94
2026/08/10 17:00:32.687, 1, 7301, 76
2026/08/10 17:00:33.741, 0, 9605, 96
2026/08/10 17:00:33.746, 1, 9189, 100
2026/08/10 17:00:34.797, 0, 8837, 89
2026/08/10 17:00:34.800, 1, 6309, 94
2026/08/10 17:00:35.849, 0, 6949, 100
2026/08/10 17:00:35.853, 1, 6469, 99
2026/08/10 17:00:36.898, 0, 5861, 97
2026/08/10 17:00:36.902, 1, 4869, 99
2026/08/10 17:00:37.972, 0, 6085, 100
2026/08/10 17:00:37.980, 1, 8325, 100
2026/08/10 17:00:39.039, 0, 5573, 54
2026/08/10 17:00:39.045, 1, 5029, 100
2026/08/10 17:00:40.107, 0, 4805, 100
2026/08/10 17:00:40.112, 1, 7013, 94
2026/08/10 17:00:41.186, 0, 4325, 95
2026/08/10 17:00:41.191, 1, 6117, 70
2026/08/10 17:00:42.237, 0, 3301, 96
2026/08/10 17:00:42.241, 1, 4549, 100
2026/08/10 17:00:43.295, 0, 5509, 92
2026/08/10 17:00:43.298, 1, 7205, 96
2026/08/10 17:00:44.356, 0, 6821, 58
2026/08/10 17:00:44.359, 1, 8901, 98
2026/08/10 17:00:45.406, 0, 7333, 100
2026/08/10 17:00:45.409, 1, 7877, 100
2026/08/10 17:00:46.454, 0, 6821, 100
2026/08/10 17:00:46.457, 1, 10053, 10
2026/08/10 17:00:47.511, 0, 4197, 93
2026/08/10 17:00:47.515, 1, 6693, 94
2026/08/10 17:00:48.569, 0, 3877, 89
2026/08/10 17:00:48.573, 1, 6309, 100
2026/08/10 17:00:49.629, 0, 5061, 99
2026/08/10 17:00:49.633, 1, 6693, 96
2026/08/10 17:00:50.689, 0, 4741, 99
2026/08/10 17:00:50.692, 1, 5125, 96
2026/08/10 17:00:51.745, 0, 6629, 100
2026/08/10 17:00:51.748, 1, 8037, 22
2026/08/10 17:00:52.794, 0, 7781, 100
2026/08/10 17:00:52.798, 1, 8965, 0
2026/08/10 17:00:53.845, 0, 5861, 100
2026/08/10 17:00:53.849, 1, 11013, 15
2026/08/10 17:00:54.903, 0, 7621, 94
2026/08/10 17:00:54.906, 1, 5317, 87
2026/08/10 17:00:55.955, 0, 5605, 95
2026/08/10 17:00:55.959, 1, 9253, 94
2026/08/10 17:00:57.011, 0, 9093, 87
2026/08/10 17:00:57.017, 1, 10693, 92
2026/08/10 17:00:58.077, 0, 3365, 53
2026/08/10 17:00:58.080, 1, 6277, 100
2026/08/10 17:00:59.131, 0, 5349, 100
2026/08/10 17:00:59.134, 1, 6693, 99
2026/08/10 17:01:00.192, 0, 5221, 95
2026/08/10 17:01:00.195, 1, 6981, 100
2026/08/10 17:01:01.248, 0, 4389, 97
2026/08/10 17:01:01.252, 1, 6245, 100
2026/08/10 17:01:02.304, 0, 7653, 100
2026/08/10 17:01:02.307, 1, 8037, 100
2026/08/10 17:01:03.360, 0, 6277, 35
2026/08/10 17:01:03.366, 1, 5765, 98
2026/08/10 17:01:04.442, 0, 3653, 100
2026/08/10 17:01:04.446, 1, 8709, 100
2026/08/10 17:01:05.497, 0, 5765, 99
2026/08/10 17:01:05.500, 1, 4837, 92
2026/08/10 17:01:06.547, 0, 4261, 100
2026/08/10 17:01:06.550, 1, 9445, 100
2026/08/10 17:01:07.602, 0, 5093, 92
2026/08/10 17:01:07.606, 1, 6405, 99
2026/08/10 17:01:08.656, 0, 4453, 97
2026/08/10 17:01:08.659, 1, 7621, 65
2026/08/10 17:01:09.712, 0, 6597, 100
2026/08/10 17:01:09.715, 1, 6821, 99
2026/08/10 17:01:10.766, 0, 4645, 95
2026/08/10 17:01:10.770, 1, 5765, 100
2026/08/10 17:01:11.823, 0, 5189, 94
2026/08/10 17:01:11.826, 1, 7909, 99
2026/08/10 17:01:12.875, 0, 7813, 100
2026/08/10 17:01:12.878, 1, 5957, 100
2026/08/10 17:01:13.934, 0, 5157, 90
2026/08/10 17:01:13.937, 1, 8133, 100
2026/08/10 17:01:15.017, 0, 4421, 96
2026/08/10 17:01:15.021, 1, 7589, 84
2026/08/10 17:01:16.089, 0, 5061, 100
2026/08/10 17:01:16.093, 1, 6885, 100
2026/08/10 17:01:17.155, 0, 6117, 80
2026/08/10 17:01:17.158, 1, 10821, 100
2026/08/10 17:01:18.212, 0, 6565, 100
2026/08/10 17:01:18.215, 1, 7205, 94
2026/08/10 17:01:19.262, 0, 5157, 99
2026/08/10 17:01:19.265, 1, 5381, 100
2026/08/10 17:01:20.314, 0, 6405, 100
2026/08/10 17:01:20.317, 1, 6341, 99
2026/08/10 17:01:21.366, 0, 4741, 98
2026/08/10 17:01:21.369, 1, 4997, 89
2026/08/10 17:01:22.417, 0, 4197, 100
2026/08/10 17:01:22.421, 1, 6821, 100
2026/08/10 17:01:23.481, 0, 11845, 100
2026/08/10 17:01:23.484, 1, 5061, 98
2026/08/10 17:01:24.543, 0, 4709, 92
2026/08/10 17:01:24.547, 1, 5573, 100
2026/08/10 17:01:25.604, 0, 4069, 76
2026/08/10 17:01:25.607, 1, 4837, 100
2026/08/10 17:01:26.656, 0, 4069, 100
2026/08/10 17:01:26.660, 1, 4709, 100
2026/08/10 17:01:27.719, 0, 4741, 100
2026/08/10 17:01:27.723, 1, 7493, 100
2026/08/10 17:01:28.774, 0, 4741, 97
2026/08/10 17:01:28.778, 1, 6213, 100
2026/08/10 17:01:29.840, 0, 4229, 97
2026/08/10 17:01:29.844, 1, 5445, 100
2026/08/10 17:01:30.902, 0, 4005, 89
2026/08/10 17:01:30.905, 1, 7077, 100
2026/08/10 17:01:31.958, 0, 5189, 92
2026/08/10 17:01:31.966, 1, 8165, 95
2026/08/10 17:01:33.019, 0, 3493, 97
2026/08/10 17:01:33.023, 1, 4581, 95
2026/08/10 17:01:34.091, 0, 3525, 77
2026/08/10 17:01:34.094, 1, 5925, 92
2026/08/10 17:01:35.147, 0, 8997, 97
2026/08/10 17:01:35.150, 1, 5637, 96
2026/08/10 17:01:36.197, 0, 6789, 100
2026/08/10 17:01:36.201, 1, 6117, 100
2026/08/10 17:01:37.247, 0, 3877, 100
2026/08/10 17:01:37.250, 1, 5573, 98
2026/08/10 17:01:38.297, 0, 4421, 100
2026/08/10 17:01:38.300, 1, 5317, 100
2026/08/10 17:01:39.354, 0, 7461, 100
2026/08/10 17:01:39.371, 1, 6181, 95
2026/08/10 17:01:40.434, 0, 8197, 100
2026/08/10 17:01:40.437, 1, 6725, 96
2026/08/10 17:01:41.492, 0, 5989, 91
2026/08/10 17:01:41.498, 1, 6981, 100
2026/08/10 17:01:42.562, 0, 4517, 100
2026/08/10 17:01:42.566, 1, 5413, 100
2026/08/10 17:01:43.622, 0, 4165, 98
2026/08/10 17:01:43.626, 1, 7109, 100
2026/08/10 17:01:44.688, 0, 5029, 100
2026/08/10 17:01:44.693, 1, 7205, 99
2026/08/10 17:01:45.751, 0, 4165, 97
2026/08/10 17:01:45.754, 1, 7269, 32
2026/08/10 17:01:46.807, 0, 3653, 93
2026/08/10 17:01:46.812, 1, 5093, 96
2026/08/10 17:01:47.877, 0, 5765, 100
2026/08/10 17:01:47.881, 1, 11237, 74
2026/08/10 17:01:48.941, 0, 5669, 90
2026/08/10 17:01:48.945, 1, 5189, 100
2026/08/10 17:01:49.994, 0, 7173, 100
2026/08/10 17:01:49.998, 1, 5637, 100
2026/08/10 17:01:51.052, 0, 5029, 100
2026/08/10 17:01:51.055, 1, 8229, 91
2026/08/10 17:01:52.104, 0, 6181, 100
2026/08/10 17:01:52.108, 1, 5797, 96
2026/08/10 17:01:53.154, 0, 4805, 100
2026/08/10 17:01:53.157, 1, 6213, 92
2026/08/10 17:01:54.203, 0, 5253, 100
2026/08/10 17:01:54.206, 1, 6725, 97
2026/08/10 17:01:55.251, 0, 6533, 91
2026/08/10 17:01:55.254, 1, 6469, 98
2026/08/10 17:01:56.304, 0, 6981, 97
2026/08/10 17:01:56.307, 1, 11013, 100
2026/08/10 17:01:57.369, 0, 5637, 88
2026/08/10 17:01:57.373, 1, 6821, 100
2026/08/10 17:01:58.446, 0, 5029, 100
2026/08/10 17:01:58.454, 1, 5413, 99
2026/08/10 17:01:59.521, 0, 5701, 98
2026/08/10 17:01:59.526, 1, 9029, 100
2026/08/10 17:02:00.582, 0, 5477, 81
2026/08/10 17:02:00.586, 1, 5733, 76
2026/08/10 17:02:01.642, 0, 6725, 95
2026/08/10 17:02:01.645, 1, 7429, 96
2026/08/10 17:02:02.691, 0, 5605, 100
2026/08/10 17:02:02.694, 1, 5701, 96
2026/08/10 17:02:03.747, 0, 4837, 100
2026/08/10 17:02:03.757, 1, 5733, 79
2026/08/10 17:02:04.829, 0, 3781, 98
2026/08/10 17:02:04.836, 1, 6981, 98
2026/08/10 17:02:05.940, 0, 3845, 100
2026/08/10 17:02:05.944, 1, 6469, 95
2026/08/10 17:02:07.004, 0, 6821, 100
2026/08/10 17:02:07.008, 1, 5637, 100
2026/08/10 17:02:08.059, 0, 7717, 85
2026/08/10 17:02:08.062, 1, 8261, 100
2026/08/10 17:02:09.123, 0, 4517, 95
2026/08/10 17:02:09.126, 1, 7173, 100
2026/08/10 17:02:10.176, 0, 5061, 100
2026/08/10 17:02:10.183, 1, 5669, 90
2026/08/10 17:02:11.257, 0, 4133, 100
2026/08/10 17:02:11.265, 1, 5989, 98
2026/08/10 17:02:12.341, 0, 5829, 100
2026/08/10 17:02:12.345, 1, 7205, 96
2026/08/10 17:02:13.398, 0, 5765, 100
2026/08/10 17:02:13.402, 1, 6373, 51
2026/08/10 17:02:14.451, 0, 5221, 99
2026/08/10 17:02:14.455, 1, 7621, 100
2026/08/10 17:02:15.510, 0, 3845, 54
2026/08/10 17:02:15.513, 1, 6629, 100
2026/08/10 17:02:16.570, 0, 3461, 100
2026/08/10 17:02:16.578, 1, 8005, 90
2026/08/10 17:02:17.645, 0, 5285, 100
2026/08/10 17:02:17.651, 1, 5861, 100
2026/08/10 17:02:18.714, 0, 4293, 100
2026/08/10 17:02:18.717, 1, 5061, 99
2026/08/10 17:02:19.772, 0, 3077, 100
2026/08/10 17:02:19.775, 1, 7973, 100
2026/08/10 17:02:20.821, 0, 4965, 1
2026/08/10 17:02:20.824, 1, 8069, 91
2026/08/10 17:02:21.877, 0, 4837, 100
2026/08/10 17:02:21.880, 1, 5541, 100
2026/08/10 17:02:22.925, 0, 6757, 3
2026/08/10 17:02:22.927, 1, 7685, 95
2026/08/10 17:02:23.971, 0, 8805, 100
2026/08/10 17:02:23.974, 1, 14085, 100
2026/08/10 17:02:25.019, 0, 8805, 0
2026/08/10 17:02:25.021, 1, 8101, 97
2026/08/10 17:02:26.064, 0, 8677, 0
2026/08/10 17:02:26.068, 1, 8997, 98
2026/08/10 17:02:27.131, 0, 3781, 100
2026/08/10 17:02:27.136, 1, 6693, 94
2026/08/10 17:02:28.196, 0, 5029, 82
2026/08/10 17:02:28.199, 1, 4933, 100
2026/08/10 17:02:29.261, 0, 6437, 100
2026/08/10 17:02:29.268, 1, 5253, 90
2026/08/10 17:02:30.320, 0, 8581, 100
2026/08/10 17:02:30.322, 1, 6949, 99
2026/08/10 17:02:31.369, 0, 10309, 100
2026/08/10 17:02:31.372, 1, 4997, 84
2026/08/10 17:02:32.436, 0, 5253, 100
2026/08/10 17:02:32.440, 1, 7045, 90
2026/08/10 17:02:33.492, 0, 4261, 100
2026/08/10 17:02:33.495, 1, 5989, 98
2026/08/10 17:02:34.538, 0, 5221, 96
2026/08/10 17:02:34.542, 1, 4805, 98
2026/08/10 17:02:35.599, 0, 3621, 96
2026/08/10 17:02:35.605, 1, 5701, 99
2026/08/10 17:02:36.695, 0, 8197, 100
2026/08/10 17:02:36.699, 1, 6085, 99
2026/08/10 17:02:37.753, 0, 4933, 100
2026/08/10 17:02:37.757, 1, 5861, 100
2026/08/10 17:02:38.823, 0, 4325, 94
2026/08/10 17:02:38.827, 1, 5253, 100
2026/08/10 17:02:39.877, 0, 3813, 97
2026/08/10 17:02:39.881, 1, 5669, 98
2026/08/10 17:02:40.966, 0, 4197, 94
2026/08/10 17:02:40.971, 1, 5381, 100
2026/08/10 17:02:42.031, 0, 4741, 92
2026/08/10 17:02:42.034, 1, 4933, 98
2026/08/10 17:02:43.087, 0, 5125, 91
2026/08/10 17:02:43.091, 1, 7173, 100
2026/08/10 17:02:44.162, 0, 5765, 72
2026/08/10 17:02:44.166, 1, 7333, 100
2026/08/10 17:02:45.217, 0, 3909, 100
2026/08/10 17:02:45.221, 1, 7237, 100
2026/08/10 17:02:46.290, 0, 6181, 100
2026/08/10 17:02:46.294, 1, 5925, 73
2026/08/10 17:02:47.351, 0, 4389, 88
2026/08/10 17:02:47.357, 1, 6533, 100
2026/08/10 17:02:48.418, 0, 8997, 100
2026/08/10 17:02:48.421, 1, 8261, 91
2026/08/10 17:02:49.467, 0, 7877, 37
2026/08/10 17:02:49.471, 1, 10437, 100
2026/08/10 17:02:50.525, 0, 4389, 80
2026/08/10 17:02:50.532, 1, 10885, 98
2026/08/10 17:02:51.587, 0, 6469, 93
2026/08/10 17:02:51.590, 1, 6853, 85
2026/08/10 17:02:52.638, 0, 7237, 87
2026/08/10 17:02:52.642, 1, 5957, 100
2026/08/10 17:02:53.690, 0, 6501, 100
2026/08/10 17:02:53.693, 1, 5221, 61
2026/08/10 17:02:54.737, 0, 5157, 93
2026/08/10 17:02:54.739, 1, 8709, 100
2026/08/10 17:02:55.781, 0, 5445, 100
2026/08/10 17:02:55.784, 1, 6117, 100
2026/08/10 17:02:56.831, 0, 4005, 54
2026/08/10 17:02:56.835, 1, 6757, 100
2026/08/10 17:02:57.904, 0, 4549, 79
2026/08/10 17:02:57.910, 1, 5349, 86
2026/08/10 17:02:58.969, 0, 4581, 100
2026/08/10 17:02:58.971, 1, 6661, 75
2026/08/10 17:03:00.025, 0, 3941, 100
2026/08/10 17:03:00.029, 1, 9509, 87
2026/08/10 17:03:01.088, 0, 5797, 100
2026/08/10 17:03:01.091, 1, 6053, 100
2026/08/10 17:03:02.143, 0, 5637, 100
2026/08/10 17:03:02.146, 1, 5829, 91
2026/08/10 17:03:03.200, 0, 3973, 96
2026/08/10 17:03:03.203, 1, 6469, 86
2026/08/10 17:03:04.258, 0, 4613, 89
2026/08/10 17:03:04.266, 1, 7237, 100
2026/08/10 17:03:05.339, 0, 4037, 100
2026/08/10 17:03:05.342, 1, 7077, 100
2026/08/10 17:03:06.394, 0, 4613, 100
2026/08/10 17:03:06.398, 1, 5701, 100
2026/08/10 17:03:07.450, 0, 5893, 100
2026/08/10 17:03:07.453, 1, 7333, 100
2026/08/10 17:03:08.522, 0, 6341, 100
2026/08/10 17:03:08.525, 1, 6757, 100
2026/08/10 17:03:09.578, 0, 7141, 93
2026/08/10 17:03:09.581, 1, 5957, 100
2026/08/10 17:03:10.628, 0, 4549, 100
2026/08/10 17:03:10.632, 1, 7301, 100
2026/08/10 17:03:11.683, 0, 3141, 100
2026/08/10 17:03:11.686, 1, 9797, 100
2026/08/10 17:03:12.737, 0, 6085, 100
2026/08/10 17:03:12.741, 1, 8453, 84
2026/08/10 17:03:13.808, 0, 4229, 67
2026/08/10 17:03:13.814, 1, 5061, 100
2026/08/10 17:03:14.885, 0, 4965, 100
2026/08/10 17:03:14.889, 1, 4613, 92
2026/08/10 17:03:15.954, 0, 7141, 89
2026/08/10 17:03:15.958, 1, 4741, 100
2026/08/10 17:03:17.017, 0, 4357, 93
2026/08/10 17:03:17.021, 1, 6565, 92
2026/08/10 17:03:18.084, 0, 3397, 98
2026/08/10 17:03:18.087, 1, 5413, 100
2026/08/10 17:03:19.146, 0, 6821, 100
2026/08/10 17:03:19.149, 1, 6757, 100
2026/08/10 17:03:20.204, 0, 4837, 96
2026/08/10 17:03:20.208, 1, 5061, 97
2026/08/10 17:03:21.268, 0, 4069, 100
2026/08/10 17:03:21.275, 1, 5893, 95
2026/08/10 17:03:22.333, 0, 7717, 100
2026/08/10 17:03:22.336, 1, 6373, 100
2026/08/10 17:03:23.384, 0, 5637, 100
2026/08/10 17:03:23.387, 1, 7109, 100
2026/08/10 17:03:24.443, 0, 3749, 100
2026/08/10 17:03:24.447, 1, 5253, 99
2026/08/10 17:03:25.497, 0, 7621, 100
2026/08/10 17:03:25.502, 1, 7653, 100
2026/08/10 17:03:26.562, 0, 5701, 88
2026/08/10 17:03:26.570, 1, 9317, 100
2026/08/10 17:03:27.643, 0, 4741, 90
2026/08/10 17:03:27.651, 1, 7365, 82
2026/08/10 17:03:28.711, 0, 7205, 100
2026/08/10 17:03:28.713, 1, 8677, 91
2026/08/10 17:03:29.761, 0, 4901, 97
2026/08/10 17:03:29.765, 1, 10149, 85
2026/08/10 17:03:30.820, 0, 3749, 100
2026/08/10 17:03:30.823, 1, 5445, 97
2026/08/10 17:03:31.888, 0, 4677, 100
2026/08/10 17:03:31.891, 1, 7525, 89
2026/08/10 17:03:32.951, 0, 3045, 95
2026/08/10 17:03:32.961, 1, 5957, 100
2026/08/10 17:03:34.027, 0, 4133, 95
2026/08/10 17:03:34.030, 1, 5125, 89
2026/08/10 17:03:35.087, 0, 6405, 100
2026/08/10 17:03:35.090, 1, 6469, 94
2026/08/10 17:03:36.158, 0, 5317, 100
2026/08/10 17:03:36.162, 1, 6021, 100
2026/08/10 17:03:37.222, 0, 3941, 92
2026/08/10 17:03:37.226, 1, 6341, 98
2026/08/10 17:03:38.292, 0, 6149, 100
2026/08/10 17:03:38.295, 1, 7877, 100
2026/08/10 17:03:39.351, 0, 3717, 79
2026/08/10 17:03:39.354, 1, 6597, 100
2026/08/10 17:03:40.421, 0, 4069, 100
2026/08/10 17:03:40.427, 1, 5637, 96
2026/08/10 17:03:41.497, 0, 5381, 100
2026/08/10 17:03:41.506, 1, 6629, 100
2026/08/10 17:03:42.573, 0, 5797, 100
2026/08/10 17:03:42.577, 1, 5893, 100
2026/08/10 17:03:43.624, 0, 5829, 100
2026/08/10 17:03:43.628, 1, 7877, 100
2026/08/10 17:03:44.682, 0, 9573, 80
2026/08/10 17:03:44.686, 1, 5349, 99
2026/08/10 17:03:45.738, 0, 4293, 97
2026/08/10 17:03:45.741, 1, 8517, 68
2026/08/10 17:03:46.790, 0, 4453, 100
2026/08/10 17:03:46.794, 1, 6501, 90
2026/08/10 17:03:47.844, 0, 5189, 100
2026/08/10 17:03:47.853, 1, 6821, 100
2026/08/10 17:03:48.915, 0, 5541, 43
2026/08/10 17:03:48.919, 1, 6053, 87
2026/08/10 17:03:49.975, 0, 3973, 100
2026/08/10 17:03:49.979, 1, 5893, 83
2026/08/10 17:03:51.034, 0, 7269, 100
2026/08/10 17:03:51.038, 1, 5989, 60
2026/08/10 17:03:52.090, 0, 4453, 100
2026/08/10 17:03:52.093, 1, 7525, 100
2026/08/10 17:03:53.138, 0, 4677, 100
2026/08/10 17:03:53.141, 1, 5925, 100
2026/08/10 17:03:54.186, 0, 5317, 92
2026/08/10 17:03:54.190, 1, 7589, 100
2026/08/10 17:03:55.253, 0, 4197, 84
2026/08/10 17:03:55.255, 1, 5573, 100
2026/08/10 17:03:56.325, 0, 4805, 100
2026/08/10 17:03:56.329, 1, 6501, 100
2026/08/10 17:03:57.398, 0, 5061, 100
2026/08/10 17:03:57.402, 1, 7333, 97
2026/08/10 17:03:58.503, 0, 3717, 100
2026/08/10 17:03:58.507, 1, 5093, 100
2026/08/10 17:03:59.612, 0, 5221, 100
2026/08/10 17:03:59.619, 1, 6469, 65
2026/08/10 17:04:00.705, 0, 3653, 79
2026/08/10 17:04:00.709, 1, 5605, 97
2026/08/10 17:04:01.782, 0, 3109, 86
2026/08/10 17:04:01.791, 1, 5317, 100
2026/08/10 17:04:02.841, 0, 3717, 78
2026/08/10 17:04:02.843, 1, 7077, 100
2026/08/10 17:04:03.891, 0, 6629, 54
2026/08/10 17:04:03.895, 1, 7045, 88
2026/08/10 17:04:04.979, 0, 4101, 88
2026/08/10 17:04:04.987, 1, 4965, 100
2026/08/10 17:04:06.060, 0, 5733, 44
2026/08/10 17:04:06.064, 1, 5925, 100
2026/08/10 17:04:07.123, 0, 6885, 79
2026/08/10 17:04:07.127, 1, 7685, 100
2026/08/10 17:04:08.178, 0, 3749, 100
2026/08/10 17:04:08.182, 1, 7365, 100
2026/08/10 17:04:09.251, 0, 4229, 83
2026/08/10 17:04:09.254, 1, 7365, 90
2026/08/10 17:04:10.299, 0, 5797, 95
2026/08/10 17:04:10.301, 1, 6821, 100
2026/08/10 17:04:11.356, 0, 3333, 100
2026/08/10 17:04:11.361, 1, 4741, 100
2026/08/10 17:04:12.423, 0, 6757, 100
2026/08/10 17:04:12.428, 1, 6949, 96
2026/08/10 17:04:13.499, 0, 3781, 92
2026/08/10 17:04:13.503, 1, 4773, 100
2026/08/10 17:04:14.563, 0, 5285, 88
2026/08/10 17:04:14.569, 1, 6053, 100
2026/08/10 17:04:15.625, 0, 4677, 100
2026/08/10 17:04:15.628, 1, 5989, 98
2026/08/10 17:04:16.693, 0, 4581, 100
2026/08/10 17:04:16.699, 1, 4869, 94
2026/08/10 17:04:17.771, 0, 4709, 98
2026/08/10 17:04:17.774, 1, 7941, 97
2026/08/10 17:04:18.839, 0, 8005, 92
2026/08/10 17:04:18.843, 1, 6629, 100
2026/08/10 17:04:19.894, 0, 3941, 95
2026/08/10 17:04:19.896, 1, 8197, 61
2026/08/10 17:04:20.971, 0, 4037, 75
2026/08/10 17:04:20.975, 1, 5349, 93
2026/08/10 17:04:22.040, 0, 4901, 100
2026/08/10 17:04:22.044, 1, 6021, 100
2026/08/10 17:04:23.100, 0, 4005, 100
2026/08/10 17:04:23.107, 1, 9541, 100
2026/08/10 17:04:24.173, 0, 4773, 76
2026/08/10 17:04:24.182, 1, 5797, 100
2026/08/10 17:04:25.248, 0, 5413, 100
2026/08/10 17:04:25.251, 1, 6277, 97
2026/08/10 17:04:26.302, 0, 4837, 95
2026/08/10 17:04:26.306, 1, 7621, 97
2026/08/10 17:04:27.357, 0, 4613, 100
2026/08/10 17:04:27.360, 1, 5285, 97
2026/08/10 17:04:28.404, 0, 5253, 100
2026/08/10 17:04:28.407, 1, 7941, 100
2026/08/10 17:04:29.458, 0, 5317, 47
2026/08/10 17:04:29.462, 1, 7493, 28
2026/08/10 17:04:30.539, 0, 5829, 84
2026/08/10 17:04:30.543, 1, 5253, 100
2026/08/10 17:04:31.602, 0, 3909, 100
2026/08/10 17:04:31.609, 1, 5221, 100
2026/08/10 17:04:32.687, 0, 5861, 84
2026/08/10 17:04:32.693, 1, 5093, 33
2026/08/10 17:04:33.771, 0, 5125, 89
2026/08/10 17:04:33.775, 1, 7557, 68
2026/08/10 17:04:34.845, 0, 3493, 99
2026/08/10 17:04:34.849, 1, 6277, 100
2026/08/10 17:04:35.913, 0, 7749, 95
2026/08/10 17:04:35.916, 1, 5797, 56
2026/08/10 17:04:36.978, 0, 5701, 96
2026/08/10 17:04:36.982, 1, 5605, 95
2026/08/10 17:04:38.046, 0, 8421, 100
2026/08/10 17:04:38.050, 1, 8037, 75
2026/08/10 17:04:39.118, 0, 4229, 100
2026/08/10 17:04:39.121, 1, 6597, 90
2026/08/10 17:04:40.177, 0, 4357, 98
2026/08/10 17:04:40.181, 1, 4901, 85
2026/08/10 17:04:41.247, 0, 4901, 94
2026/08/10 17:04:41.250, 1, 5669, 88
2026/08/10 17:04:42.305, 0, 5893, 100
2026/08/10 17:04:42.307, 1, 6053, 88
2026/08/10 17:04:43.365, 0, 3749, 100
2026/08/10 17:04:43.374, 1, 5157, 56
2026/08/10 17:04:44.448, 0, 4837, 100
2026/08/10 17:04:44.452, 1, 5701, 81
2026/08/10 17:04:45.517, 0, 6085, 100
2026/08/10 17:04:45.520, 1, 7621, 88
2026/08/10 17:04:46.567, 0, 5285, 100
2026/08/10 17:04:46.574, 1, 5637, 43
2026/08/10 17:04:47.639, 0, 4069, 100
2026/08/10 17:04:47.642, 1, 5669, 93
2026/08/10 17:04:48.688, 0, 4965, 95
2026/08/10 17:04:48.691, 1, 4421, 34
2026/08/10 17:04:49.750, 0, 4805, 100
2026/08/10 17:04:49.754, 1, 6981, 41
2026/08/10 17:04:50.814, 0, 5413, 100
2026/08/10 17:04:50.818, 1, 9061, 57
2026/08/10 17:04:51.871, 0, 7813, 100
2026/08/10 17:04:51.874, 1, 10501, 72
2026/08/10 17:04:52.920, 0, 4517, 100
2026/08/10 17:04:52.922, 1, 6885, 75
2026/08/10 17:04:53.965, 0, 5637, 11
2026/08/10 17:04:53.967, 1, 5701, 81
2026/08/10 17:04:55.015, 0, 5029, 95
2026/08/10 17:04:55.019, 1, 7653, 100
2026/08/10 17:04:56.083, 0, 4037, 94
2026/08/10 17:04:56.086, 1, 5893, 100
2026/08/10 17:04:57.131, 0, 5541, 100
2026/08/10 17:04:57.134, 1, 7461, 96
2026/08/10 17:04:58.181, 0, 7109, 61
2026/08/10 17:04:58.185, 1, 6245, 100
2026/08/10 17:04:59.241, 0, 5125, 100
2026/08/10 17:04:59.245, 1, 4997, 100
2026/08/10 17:05:00.311, 0, 6245, 80
2026/08/10 17:05:00.320, 1, 5317, 100
2026/08/10 17:05:01.375, 0, 3973, 100
2026/08/10 17:05:01.378, 1, 5125, 87
2026/08/10 17:05:02.472, 0, 6021, 100
2026/08/10 17:05:02.481, 1, 6789, 84
2026/08/10 17:05:03.534, 0, 5509, 94
2026/08/10 17:05:03.537, 1, 5957, 85
2026/08/10 17:05:04.581, 0, 8613, 68
2026/08/10 17:05:04.584, 1, 6277, 83
2026/08/10 17:05:05.639, 0, 7173, 75
2026/08/10 17:05:05.642, 1, 9285, 97
2026/08/10 17:05:06.708, 0, 5189, 100
2026/08/10 17:05:06.712, 1, 6501, 82
2026/08/10 17:05:07.777, 0, 4005, 100
2026/08/10 17:05:07.781, 1, 6053, 100
2026/08/10 17:05:08.826, 0, 6565, 100
2026/08/10 17:05:08.828, 1, 5381, 100
2026/08/10 17:05:09.887, 0, 4901, 45
2026/08/10 17:05:09.894, 1, 7109, 91
2026/08/10 17:05:10.952, 0, 6149, 79
2026/08/10 17:05:10.954, 1, 5541, 100
2026/08/10 17:05:12.012, 0, 4677, 100
2026/08/10 17:05:12.019, 1, 4869, 97
2026/08/10 17:05:13.080, 0, 4005, 100
2026/08/10 17:05:13.083, 1, 5637, 91
2026/08/10 17:05:14.148, 0, 5605, 93
2026/08/10 17:05:14.155, 1, 5669, 100
2026/08/10 17:05:15.211, 0, 4197, 99
2026/08/10 17:05:15.214, 1, 6917, 100
2026/08/10 17:05:16.267, 0, 6501, 98
2026/08/10 17:05:16.271, 1, 5317, 100
2026/08/10 17:05:17.334, 0, 7493, 100
2026/08/10 17:05:17.341, 1, 6245, 100
2026/08/10 17:05:18.404, 0, 4421, 100
2026/08/10 17:05:18.408, 1, 5253, 63
2026/08/10 17:05:19.477, 0, 4837, 100
2026/08/10 17:05:19.485, 1, 5221, 85
2026/08/10 17:05:20.548, 0, 5381, 98
2026/08/10 17:05:20.552, 1, 6885, 89
2026/08/10 17:05:21.624, 0, 5509, 94
2026/08/10 17:05:21.628, 1, 5957, 100
2026/08/10 17:05:22.681, 0, 5925, 60
2026/08/10 17:05:22.685, 1, 7461, 96
2026/08/10 17:05:23.752, 0, 5221, 100
2026/08/10 17:05:23.756, 1, 6565, 100
2026/08/10 17:05:24.808, 0, 4869, 100
2026/08/10 17:05:24.813, 1, 5605, 100
2026/08/10 17:05:25.886, 0, 6821, 94
2026/08/10 17:05:25.889, 1, 10277, 100
2026/08/10 17:05:26.939, 0, 8901, 92
2026/08/10 17:05:26.941, 1, 11077, 100
2026/08/10 17:05:27.997, 0, 9893, 69
2026/08/10 17:05:28.000, 1, 5797, 100
2026/08/10 17:05:29.052, 0, 4165, 78
2026/08/10 17:05:29.056, 1, 6277, 87
2026/08/10 17:05:30.132, 0, 3429, 93
2026/08/10 17:05:30.136, 1, 5957, 100
2026/08/10 17:05:31.185, 0, 7749, 54
2026/08/10 17:05:31.189, 1, 7493, 94
2026/08/10 17:05:32.235, 0, 8517, 81
2026/08/10 17:05:32.239, 1, 6885, 96
2026/08/10 17:05:33.282, 0, 6405, 77
2026/08/10 17:05:33.284, 1, 5189, 94
2026/08/10 17:05:34.367, 0, 3653, 100
2026/08/10 17:05:34.370, 1, 4837, 100
2026/08/10 17:05:35.442, 0, 4837, 100
2026/08/10 17:05:35.447, 1, 6149, 85
2026/08/10 17:05:36.518, 0, 3909, 100
2026/08/10 17:05:36.522, 1, 5797, 100
2026/08/10 17:05:37.580, 0, 5797, 100
2026/08/10 17:05:37.583, 1, 9093, 100
2026/08/10 17:05:38.634, 0, 4901, 89
2026/08/10 17:05:38.638, 1, 9253, 100
2026/08/10 17:05:39.697, 0, 3781, 96
2026/08/10 17:05:39.700, 1, 7941, 100
2026/08/10 17:05:40.746, 0, 8069, 94
2026/08/10 17:05:40.755, 1, 6629, 100
2026/08/10 17:05:41.815, 0, 6437, 88
2026/08/10 17:05:41.819, 1, 5829, 100
2026/08/10 17:05:42.888, 0, 4773, 100
2026/08/10 17:05:42.895, 1, 5157, 80
2026/08/10 17:05:43.978, 0, 4421, 100
2026/08/10 17:05:43.981, 1, 8869, 97
2026/08/10 17:05:45.054, 0, 5957, 100
2026/08/10 17:05:45.058, 1, 7077, 100
2026/08/10 17:05:46.106, 0, 5381, 99
2026/08/10 17:05:46.109, 1, 7109, 100
2026/08/10 17:05:47.162, 0, 6053, 31
2026/08/10 17:05:47.169, 1, 5925, 97
2026/08/10 17:05:48.232, 0, 5285, 100
2026/08/10 17:05:48.235, 1, 6373, 100
2026/08/10 17:05:49.290, 0, 5509, 75
2026/08/10 17:05:49.294, 1, 11077, 100
2026/08/10 17:05:50.342, 0, 7557, 95
2026/08/10 17:05:50.345, 1, 11077, 100
2026/08/10 17:05:51.423, 0, 4293, 100
2026/08/10 17:05:51.430, 1, 10085, 12
2026/08/10 17:05:52.490, 0, 4997, 81
2026/08/10 17:05:52.494, 1, 8901, 97
2026/08/10 17:05:53.554, 0, 5893, 100
2026/08/10 17:05:53.562, 1, 8293, 100
2026/08/10 17:05:54.643, 0, 4005, 87
2026/08/10 17:05:54.648, 1, 9125, 100
2026/08/10 17:05:55.702, 0, 5637, 94
2026/08/10 17:05:55.706, 1, 5605, 100
2026/08/10 17:05:56.758, 0, 6469, 82
2026/08/10 17:05:56.761, 1, 7461, 100
2026/08/10 17:05:57.809, 0, 6117, 86
2026/08/10 17:05:57.813, 1, 6341, 77
2026/08/10 17:05:58.864, 0, 9637, 48
2026/08/10 17:05:58.868, 1, 9189, 100
2026/08/10 17:05:59.921, 0, 6533, 100
2026/08/10 17:05:59.923, 1, 8517, 100
2026/08/10 17:06:00.979, 0, 7237, 100
2026/08/10 17:06:00.983, 1, 5925, 100
2026/08/10 17:06:02.062, 0, 5861, 100
2026/08/10 17:06:02.067, 1, 6469, 100
2026/08/10 17:06:03.120, 0, 5701, 76
2026/08/10 17:06:03.124, 1, 11301, 100
2026/08/10 17:06:04.184, 0, 5061, 100
2026/08/10 17:06:04.192, 1, 8773, 100
2026/08/10 17:06:05.250, 0, 7845, 100
2026/08/10 17:06:05.252, 1, 8197, 98
2026/08/10 17:06:06.293, 0, 4517, 98
2026/08/10 17:06:06.296, 1, 7397, 100
2026/08/10 17:06:07.341, 0, 5285, 95
2026/08/10 17:06:07.343, 1, 7269, 100
2026/08/10 17:06:08.407, 0, 5573, 95
2026/08/10 17:06:08.410, 1, 8773, 100
2026/08/10 17:06:09.463, 0, 2917, 77
2026/08/10 17:06:09.467, 1, 4741, 96
2026/08/10 17:06:10.527, 0, 6181, 100
2026/08/10 17:06:10.537, 1, 5893, 100
2026/08/10 17:06:11.598, 0, 7589, 86
2026/08/10 17:06:11.601, 1, 8325, 100
2026/08/10 17:06:12.648, 0, 6757, 100
2026/08/10 17:06:12.651, 1, 5605, 100
2026/08/10 17:06:13.696, 0, 6405, 100
2026/08/10 17:06:13.699, 1, 9445, 100
2026/08/10 17:06:14.748, 0, 5125, 17
2026/08/10 17:06:14.751, 1, 4709, 83
2026/08/10 17:06:15.811, 0, 5349, 100
2026/08/10 17:06:15.819, 1, 6245, 84
2026/08/10 17:06:16.897, 0, 7525, 48
2026/08/10 17:06:16.900, 1, 7237, 85
2026/08/10 17:06:17.974, 0, 7365, 100
2026/08/10 17:06:17.979, 1, 6341, 76
2026/08/10 17:06:19.041, 0, 4709, 74
2026/08/10 17:06:19.045, 1, 8069, 100
2026/08/10 17:06:20.099, 0, 5605, 75
2026/08/10 17:06:20.103, 1, 8069, 88
2026/08/10 17:06:21.153, 0, 8965, 100
2026/08/10 17:06:21.156, 1, 9765, 100
2026/08/10 17:06:22.215, 0, 6501, 100
2026/08/10 17:06:22.221, 1, 6501, 100
2026/08/10 17:06:23.321, 0, 5221, 94
2026/08/10 17:06:23.327, 1, 5157, 100
2026/08/10 17:06:24.420, 0, 5445, 100
2026/08/10 17:06:24.424, 1, 6757, 76
2026/08/10 17:06:25.474, 0, 5573, 82
2026/08/10 17:06:25.477, 1, 9349, 97
2026/08/10 17:06:26.525, 0, 5861, 100
2026/08/10 17:06:26.529, 1, 5925, 100
2026/08/10 17:06:27.579, 0, 4901, 100
2026/08/10 17:06:27.583, 1, 7173, 100
2026/08/10 17:06:28.644, 0, 7109, 100
2026/08/10 17:06:28.647, 1, 6149, 99
2026/08/10 17:06:29.707, 0, 9029, 77
2026/08/10 17:06:29.712, 1, 6885, 100
2026/08/10 17:06:30.771, 0, 5221, 99
2026/08/10 17:06:30.774, 1, 7077, 39
2026/08/10 17:06:31.858, 0, 4325, 97
2026/08/10 17:06:31.862, 1, 6661, 100
2026/08/10 17:06:32.966, 0, 4453, 90
2026/08/10 17:06:32.970, 1, 5701, 100
2026/08/10 17:06:34.025, 0, 6533, 100
2026/08/10 17:06:34.028, 1, 6949, 100
2026/08/10 17:06:35.073, 0, 7845, 100
2026/08/10 17:06:35.076, 1, 7717, 82
2026/08/10 17:06:36.136, 0, 7621, 100
2026/08/10 17:06:36.140, 1, 7205, 83
2026/08/10 17:06:37.200, 0, 7525, 100
2026/08/10 17:06:37.203, 1, 7429, 100
2026/08/10 17:06:38.249, 0, 5477, 83
2026/08/10 17:06:38.253, 1, 6021, 100
2026/08/10 17:06:39.308, 0, 4325, 100
2026/08/10 17:06:39.312, 1, 7621, 62
2026/08/10 17:06:40.384, 0, 6725, 100
2026/08/10 17:06:40.392, 1, 5157, 88
2026/08/10 17:06:41.457, 0, 5317, 91
2026/08/10 17:06:41.461, 1, 11429, 85
2026/08/10 17:06:42.513, 0, 5573, 100
2026/08/10 17:06:42.515, 1, 7685, 63
2026/08/10 17:06:43.571, 0, 4389, 100
2026/08/10 17:06:43.575, 1, 6341, 100
2026/08/10 17:06:44.647, 0, 5061, 100
2026/08/10 17:06:44.651, 1, 8613, 100
2026/08/10 17:06:45.698, 0, 6789, 92
2026/08/10 17:06:45.700, 1, 7429, 100
2026/08/10 17:06:46.755, 0, 6757, 91
2026/08/10 17:06:46.759, 1, 6181, 87
2026/08/10 17:06:47.834, 0, 4933, 100
2026/08/10 17:06:47.842, 1, 4197, 91
2026/08/10 17:06:48.906, 0, 7653, 100
2026/08/10 17:06:48.910, 1, 6021, 89
2026/08/10 17:06:49.974, 0, 4005, 85
2026/08/10 17:06:49.977, 1, 5925, 100
2026/08/10 17:06:51.027, 0, 5893, 100
2026/08/10 17:06:51.031, 1, 8325, 100
2026/08/10 17:06:52.080, 0, 6917, 100
2026/08/10 17:06:52.083, 1, 6981, 85
2026/08/10 17:06:53.136, 0, 6725, 85
2026/08/10 17:06:53.140, 1, 5445, 96
2026/08/10 17:06:54.189, 0, 7205, 100
2026/08/10 17:06:54.193, 1, 7493, 100
2026/08/10 17:06:55.258, 0, 5829, 8
2026/08/10 17:06:55.262, 1, 5797, 100
2026/08/10 17:06:56.320, 0, 5765, 100
2026/08/10 17:06:56.323, 1, 8901, 100
2026/08/10 17:06:57.406, 0, 5861, 87
2026/08/10 17:06:57.413, 1, 9093, 100
2026/08/10 17:06:58.487, 0, 4197, 100
2026/08/10 17:06:58.490, 1, 5701, 100
2026/08/10 17:06:59.533, 0, 6277, 100
2026/08/10 17:06:59.535, 1, 5893, 100
2026/08/10 17:07:00.583, 0, 9285, 11
2026/08/10 17:07:00.588, 1, 4965, 79
2026/08/10 17:07:01.656, 0, 6821, 100
2026/08/10 17:07:01.659, 1, 5573, 97
2026/08/10 17:07:02.725, 0, 4453, 93
2026/08/10 17:07:02.729, 1, 4997, 89
2026/08/10 17:07:03.788, 0, 5349, 100
2026/08/10 17:07:03.792, 1, 5669, 100
2026/08/10 17:07:04.861, 0, 4741, 98
2026/08/10 17:07:04.865, 1, 5573, 100
2026/08/10 17:07:05.915, 0, 4933, 100
2026/08/10 17:07:05.918, 1, 6757, 100
2026/08/10 17:07:06.964, 0, 5349, 96
2026/08/10 17:07:06.967, 1, 7909, 87
2026/08/10 17:07:08.029, 0, 4837, 100
2026/08/10 17:07:08.035, 1, 6501, 97
2026/08/10 17:07:09.100, 0, 4197, 100
2026/08/10 17:07:09.104, 1, 5861, 100
2026/08/10 17:07:10.190, 0, 4933, 100
2026/08/10 17:07:10.193, 1, 5061, 87
2026/08/10 17:07:11.250, 0, 5253, 100
2026/08/10 17:07:11.256, 1, 6757, 100
2026/08/10 17:07:12.339, 0, 4261, 100
2026/08/10 17:07:12.343, 1, 5029, 75
2026/08/10 17:07:13.400, 0, 6885, 100
2026/08/10 17:07:13.402, 1, 5605, 100
2026/08/10 17:07:14.457, 0, 5477, 89
2026/08/10 17:07:14.460, 1, 7461, 97
2026/08/10 17:07:15.510, 0, 3717, 100
2026/08/10 17:07:15.513, 1, 6693, 100
2026/08/10 17:07:16.557, 0, 5541, 82
2026/08/10 17:07:16.560, 1, 7333, 100
2026/08/10 17:07:17.605, 0, 5285, 100
2026/08/10 17:07:17.617, 1, 5733, 67
2026/08/10 17:07:18.695, 0, 3909, 100
2026/08/10 17:07:18.700, 1, 5573, 100
2026/08/10 17:07:19.757, 0, 6437, 100
2026/08/10 17:07:19.760, 1, 7205, 100
2026/08/10 17:07:20.811, 0, 5765, 100
2026/08/10 17:07:20.814, 1, 5925, 100
2026/08/10 17:07:21.873, 0, 4997, 86
2026/08/10 17:07:21.877, 1, 6981, 100
2026/08/10 17:07:22.925, 0, 5797, 100
2026/08/10 17:07:22.928, 1, 6789, 100
2026/08/10 17:07:23.988, 0, 6853, 96
2026/08/10 17:07:23.996, 1, 5029, 93
2026/08/10 17:07:25.058, 0, 9701, 90
2026/08/10 17:07:25.061, 1, 5733, 100
2026/08/10 17:07:26.108, 0, 5957, 100
2026/08/10 17:07:26.111, 1, 7621, 90
2026/08/10 17:07:27.165, 0, 4549, 100
2026/08/10 17:07:27.170, 1, 6597, 100
2026/08/10 17:07:28.226, 0, 8549, 73
2026/08/10 17:07:28.228, 1, 5925, 100
2026/08/10 17:07:29.273, 0, 6565, 100
2026/08/10 17:07:29.276, 1, 7077, 100
2026/08/10 17:07:30.320, 0, 5381, 99
2026/08/10 17:07:30.322, 1, 6405, 95
2026/08/10 17:07:31.372, 0, 4677, 100
2026/08/10 17:07:31.376, 1, 6405, 90
2026/08/10 17:07:32.428, 0, 4741, 100
2026/08/10 17:07:32.432, 1, 5637, 100
2026/08/10 17:07:33.490, 0, 4613, 94
2026/08/10 17:07:33.494, 1, 5413, 80
2026/08/10 17:07:34.558, 0, 8357, 87
2026/08/10 17:07:34.562, 1, 5669, 90
2026/08/10 17:07:35.618, 0, 5093, 99
2026/08/10 17:07:35.621, 1, 7589, 100
2026/08/10 17:07:36.671, 0, 6341, 100
2026/08/10 17:07:36.674, 1, 6341, 100
2026/08/10 17:07:37.727, 0, 6437, 100
2026/08/10 17:07:37.733, 1, 5989, 100
2026/08/10 17:07:38.795, 0, 5477, 100
2026/08/10 17:07:38.798, 1, 7301, 100
2026/08/10 17:07:39.846, 0, 4421, 100
2026/08/10 17:07:39.850, 1, 5861, 89
2026/08/10 17:07:40.912, 0, 4645, 92
2026/08/10 17:07:40.916, 1, 5669, 100
2026/08/10 17:07:41.964, 0, 4773, 98
2026/08/10 17:07:41.968, 1, 6373, 100
2026/08/10 17:07:43.025, 0, 5637, 81
2026/08/10 17:07:43.029, 1, 5701, 100
2026/08/10 17:07:44.092, 0, 4197, 100
2026/08/10 17:07:44.096, 1, 7141, 100
2026/08/10 17:07:45.147, 0, 6757, 100
2026/08/10 17:07:45.150, 1, 4741, 100
2026/08/10 17:07:46.201, 0, 4837, 100
2026/08/10 17:07:46.205, 1, 7333, 68
2026/08/10 17:07:47.256, 0, 6277, 100
2026/08/10 17:07:47.259, 1, 8229, 100
2026/08/10 17:07:48.306, 0, 8389, 100
2026/08/10 17:07:48.310, 1, 7717, 100
2026/08/10 17:07:49.404, 0, 3845, 77
2026/08/10 17:07:49.408, 1, 6117, 100
2026/08/10 17:07:50.455, 0, 7173, 100
2026/08/10 17:07:50.459, 1, 5925, 92
2026/08/10 17:07:51.518, 0, 3685, 67
2026/08/10 17:07:51.521, 1, 5669, 100
2026/08/10 17:07:52.569, 0, 6789, 76
2026/08/10 17:07:52.571, 1, 5989, 94
2026/08/10 17:07:53.623, 0, 4165, 98
2026/08/10 17:07:53.627, 1, 6533, 93
2026/08/10 17:07:54.682, 0, 4517, 100
2026/08/10 17:07:54.686, 1, 8005, 88
2026/08/10 17:07:55.740, 0, 5669, 100
2026/08/10 17:07:55.743, 1, 7557, 100
2026/08/10 17:07:56.797, 0, 3685, 89
2026/08/10 17:07:56.800, 1, 5509, 100
2026/08/10 17:07:57.854, 0, 4805, 100
2026/08/10 17:07:57.857, 1, 6309, 100
2026/08/10 17:07:58.902, 0, 5125, 100
2026/08/10 17:07:58.905, 1, 9061, 98
2026/08/10 17:07:59.958, 0, 5477, 100
2026/08/10 17:07:59.962, 1, 5381, 85
2026/08/10 17:08:01.009, 0, 5925, 100
2026/08/10 17:08:01.012, 1, 5573, 98
2026/08/10 17:08:02.059, 0, 5157, 98
2026/08/10 17:08:02.062, 1, 6821, 53
2026/08/10 17:08:03.107, 0, 4453, 100
2026/08/10 17:08:03.110, 1, 6053, 100
2026/08/10 17:08:04.174, 0, 4005, 100
2026/08/10 17:08:04.178, 1, 5829, 80
2026/08/10 17:08:05.237, 0, 6021, 50
2026/08/10 17:08:05.240, 1, 6085, 89
2026/08/10 17:08:06.293, 0, 4261, 83
2026/08/10 17:08:06.296, 1, 9445, 78
2026/08/10 17:08:07.347, 0, 5189, 82
2026/08/10 17:08:07.350, 1, 6277, 96
2026/08/10 17:08:08.398, 0, 6949, 100
2026/08/10 17:08:08.401, 1, 9861, 100
2026/08/10 17:08:09.456, 0, 6629, 95
2026/08/10 17:08:09.461, 1, 7013, 12
2026/08/10 17:08:10.534, 0, 4325, 100
2026/08/10 17:08:10.538, 1, 5029, 91
2026/08/10 17:08:11.617, 0, 6885, 100
2026/08/10 17:08:11.620, 1, 7653, 100
2026/08/10 17:08:12.670, 0, 5189, 78
2026/08/10 17:08:12.674, 1, 8997, 100
2026/08/10 17:08:13.725, 0, 5605, 100
2026/08/10 17:08:13.729, 1, 5541, 100
2026/08/10 17:08:14.784, 0, 5893, 100
2026/08/10 17:08:14.789, 1, 6277, 100
2026/08/10 17:08:15.854, 0, 5189, 94
2026/08/10 17:08:15.857, 1, 7557, 100
2026/08/10 17:08:16.903, 0, 5189, 100
2026/08/10 17:08:16.906, 1, 7845, 100
2026/08/10 17:08:17.966, 0, 5445, 93
2026/08/10 17:08:17.975, 1, 6053, 100
2026/08/10 17:08:19.048, 0, 4805, 100
2026/08/10 17:08:19.051, 1, 5765, 100
2026/08/10 17:08:20.108, 0, 4485, 100
2026/08/10 17:08:20.112, 1, 5221, 79
2026/08/10 17:08:21.177, 0, 5381, 100
2026/08/10 17:08:21.181, 1, 8741, 100
2026/08/10 17:08:22.225, 0, 6981, 98
2026/08/10 17:08:22.227, 1, 3813, 7
2026/08/10 17:08:23.271, 0, 4773, 100
2026/08/10 17:08:23.274, 1, 4709, 0
2026/08/10 17:08:24.319, 0, 5669, 99
2026/08/10 17:08:24.323, 1, 7749, 23
2026/08/10 17:08:25.377, 0, 11141, 100
2026/08/10 17:08:25.380, 1, 7941, 100
2026/08/10 17:08:26.427, 0, 5093, 100
2026/08/10 17:08:26.432, 1, 12197, 100
2026/08/10 17:08:27.485, 0, 6885, 100
2026/08/10 17:08:27.489, 1, 5989, 100
2026/08/10 17:08:28.545, 0, 4229, 97
2026/08/10 17:08:28.548, 1, 7045, 100
2026/08/10 17:08:29.602, 0, 4997, 94
2026/08/10 17:08:29.606, 1, 7237, 100
2026/08/10 17:08:30.668, 0, 4165, 86
2026/08/10 17:08:30.672, 1, 8453, 97
2026/08/10 17:08:31.726, 0, 4389, 99
2026/08/10 17:08:31.730, 1, 7429, 100
2026/08/10 17:08:32.781, 0, 6469, 100
2026/08/10 17:08:32.792, 1, 5061, 100
2026/08/10 17:08:33.850, 0, 4901, 100
2026/08/10 17:08:33.853, 1, 7301, 56
2026/08/10 17:08:34.900, 0, 7365, 90
2026/08/10 17:08:34.902, 1, 7813, 100
2026/08/10 17:08:35.955, 0, 6885, 100
2026/08/10 17:08:35.959, 1, 8517, 100
2026/08/10 17:08:37.029, 0, 6021, 92
2026/08/10 17:08:37.032, 1, 6053, 100
2026/08/10 17:08:38.100, 0, 4677, 94
2026/08/10 17:08:38.105, 1, 4933, 100
2026/08/10 17:08:39.156, 0, 9637, 80
2026/08/10 17:08:39.159, 1, 7365, 100
2026/08/10 17:08:40.205, 0, 6789, 87
2026/08/10 17:08:40.209, 1, 7173, 100
2026/08/10 17:08:41.258, 0, 8389, 19
2026/08/10 17:08:41.260, 1, 5829, 100
2026/08/10 17:08:42.306, 0, 4485, 96
2026/08/10 17:08:42.309, 1, 5829, 100
2026/08/10 17:08:43.392, 0, 6661, 100
2026/08/10 17:08:43.399, 1, 8581, 98
2026/08/10 17:08:44.453, 0, 5765, 100
2026/08/10 17:08:44.455, 1, 6405, 100
2026/08/10 17:08:45.502, 0, 4517, 100
2026/08/10 17:08:45.505, 1, 8069, 100
2026/08/10 17:08:46.563, 0, 7397, 64
2026/08/10 17:08:46.567, 1, 6565, 100
2026/08/10 17:08:47.629, 0, 6885, 97
2026/08/10 17:08:47.633, 1, 6885, 91
2026/08/10 17:08:48.692, 0, 4837, 100
2026/08/10 17:08:48.696, 1, 7653, 80
2026/08/10 17:08:49.751, 0, 5797, 100
2026/08/10 17:08:49.754, 1, 6437, 100
2026/08/10 17:08:50.812, 0, 6629, 100
2026/08/10 17:08:50.816, 1, 6405, 99
2026/08/10 17:08:51.871, 0, 6853, 100
2026/08/10 17:08:51.879, 1, 6725, 100
2026/08/10 17:08:52.939, 0, 5253, 100
2026/08/10 17:08:52.943, 1, 5893, 97
2026/08/10 17:08:53.992, 0, 6501, 97
2026/08/10 17:08:53.996, 1, 5541, 90
2026/08/10 17:08:55.043, 0, 5253, 100
2026/08/10 17:08:55.046, 1, 7301, 100
2026/08/10 17:08:56.104, 0, 6021, 100
2026/08/10 17:08:56.108, 1, 8613, 100
2026/08/10 17:08:57.164, 0, 6981, 100
2026/08/10 17:08:57.168, 1, 7493, 100
2026/08/10 17:08:58.227, 0, 8837, 83
2026/08/10 17:08:58.231, 1, 6533, 100
2026/08/10 17:08:59.281, 0, 5957, 99
2026/08/10 17:08:59.284, 1, 6757, 97
2026/08/10 17:09:00.330, 0, 6853, 100
2026/08/10 17:09:00.334, 1, 7013, 100
2026/08/10 17:09:01.378, 0, 4901, 100
2026/08/10 17:09:01.381, 1, 9477, 100
2026/08/10 17:09:02.426, 0, 6053, 100
2026/08/10 17:09:02.429, 1, 7685, 98
2026/08/10 17:09:03.490, 0, 4133, 100
2026/08/10 17:09:03.496, 1, 5733, 99
2026/08/10 17:09:04.561, 0, 6277, 85
2026/08/10 17:09:04.567, 1, 6853, 100
2026/08/10 17:09:05.618, 0, 6661, 100
2026/08/10 17:09:05.621, 1, 6405, 97
2026/08/10 17:09:06.667, 0, 6117, 57
2026/08/10 17:09:06.670, 1, 6501, 84
2026/08/10 17:09:07.715, 0, 4613, 84
2026/08/10 17:09:07.718, 1, 6309, 100
2026/08/10 17:09:08.770, 0, 5509, 100
2026/08/10 17:09:08.773, 1, 7269, 100
2026/08/10 17:09:09.825, 0, 6853, 95
2026/08/10 17:09:09.828, 1, 6629, 100
2026/08/10 17:09:10.870, 0, 7109, 26
2026/08/10 17:09:10.873, 1, 6693, 97
2026/08/10 17:09:11.918, 0, 5413, 100
2026/08/10 17:09:11.922, 1, 7333, 63
2026/08/10 17:09:12.976, 0, 4581, 100
2026/08/10 17:09:12.980, 1, 6373, 100
2026/08/10 17:09:14.038, 0, 6629, 98
2026/08/10 17:09:14.042, 1, 7365, 100
2026/08/10 17:09:15.099, 0, 4933, 100
2026/08/10 17:09:15.103, 1, 7941, 97
2026/08/10 17:09:16.165, 0, 6565, 84
2026/08/10 17:09:16.169, 1, 7301, 100
2026/08/10 17:09:17.231, 0, 5733, 100
2026/08/10 17:09:17.234, 1, 5733, 100
2026/08/10 17:09:18.291, 0, 5573, 100
2026/08/10 17:09:18.296, 1, 7461, 100
2026/08/10 17:09:19.342, 0, 4229, 100
2026/08/10 17:09:19.346, 1, 6309, 98
2026/08/10 17:09:20.391, 0, 5157, 100
2026/08/10 17:09:20.394, 1, 5701, 100
2026/08/10 17:09:21.447, 0, 5541, 92
2026/08/10 17:09:21.450, 1, 6149, 72
2026/08/10 17:09:22.513, 0, 7877, 95
2026/08/10 17:09:22.516, 1, 6789, 91
2026/08/10 17:09:23.570, 0, 8869, 100
2026/08/10 17:09:23.576, 1, 10277, 100
2026/08/10 17:09:24.640, 0, 5957, 100
2026/08/10 17:09:24.642, 1, 4613, 93
2026/08/10 17:09:25.689, 0, 5701, 100
2026/08/10 17:09:25.698, 1, 6213, 100
2026/08/10 17:09:26.753, 0, 5381, 69
2026/08/10 17:09:26.756, 1, 9445, 100
2026/08/10 17:09:27.811, 0, 4709, 100
2026/08/10 17:09:27.815, 1, 7941, 96
2026/08/10 17:09:28.871, 0, 5381, 100
2026/08/10 17:09:28.877, 1, 6949, 100
2026/08/10 17:09:29.932, 0, 4741, 100
2026/08/10 17:09:29.936, 1, 5829, 98
2026/08/10 17:09:30.988, 0, 5029, 99
2026/08/10 17:09:30.991, 1, 7621, 100
2026/08/10 17:09:32.046, 0, 5317, 100
2026/08/10 17:09:32.049, 1, 5733, 100
2026/08/10 17:09:33.108, 0, 6053, 100
2026/08/10 17:09:33.111, 1, 5605, 100
2026/08/10 17:09:34.157, 0, 4677, 100
2026/08/10 17:09:34.160, 1, 7237, 100
2026/08/10 17:09:35.204, 0, 3749, 95
2026/08/10 17:09:35.206, 1, 5157, 100
2026/08/10 17:09:36.258, 0, 4549, 100
2026/08/10 17:09:36.266, 1, 6405, 100
2026/08/10 17:09:37.319, 0, 4389, 100
2026/08/10 17:09:37.322, 1, 7045, 99
2026/08/10 17:09:38.375, 0, 6373, 100
2026/08/10 17:09:38.378, 1, 6053, 97
2026/08/10 17:09:39.445, 0, 5157, 100
2026/08/10 17:09:39.451, 1, 6597, 100
2026/08/10 17:09:40.511, 0, 5413, 74
2026/08/10 17:09:40.515, 1, 5893, 100
2026/08/10 17:09:41.565, 0, 6853, 92
2026/08/10 17:09:41.569, 1, 5093, 100
2026/08/10 17:09:42.624, 0, 6021, 99
2026/08/10 17:09:42.629, 1, 5989, 100
2026/08/10 17:09:43.698, 0, 4357, 100
2026/08/10 17:09:43.702, 1, 6277, 96
2026/08/10 17:09:44.746, 0, 5957, 100
2026/08/10 17:09:44.749, 1, 5765, 100
2026/08/10 17:09:45.800, 0, 5957, 69
2026/08/10 17:09:45.806, 1, 6245, 100
2026/08/10 17:09:46.863, 0, 6949, 84
2026/08/10 17:09:46.867, 1, 6981, 100
2026/08/10 17:09:47.916, 0, 5093, 89
2026/08/10 17:09:47.919, 1, 6757, 100
2026/08/10 17:09:48.972, 0, 4613, 97
2026/08/10 17:09:48.977, 1, 7013, 100
2026/08/10 17:09:50.024, 0, 5509, 100
2026/08/10 17:09:50.027, 1, 7685, 100
2026/08/10 17:09:51.075, 0, 5285, 100
2026/08/10 17:09:51.079, 1, 7749, 92
2026/08/10 17:09:52.129, 0, 6085, 100
2026/08/10 17:09:52.131, 1, 6341, 66
2026/08/10 17:09:53.176, 0, 5509, 99
2026/08/10 17:09:53.179, 1, 7045, 100
2026/08/10 17:09:54.223, 0, 4549, 100
2026/08/10 17:09:54.226, 1, 7397, 100
2026/08/10 17:09:55.296, 0, 6853, 89
2026/08/10 17:09:55.300, 1, 5157, 100
2026/08/10 17:09:56.349, 0, 7685, 100
2026/08/10 17:09:56.352, 1, 5285, 100
2026/08/10 17:09:57.423, 0, 4101, 100
2026/08/10 17:09:57.427, 1, 7141, 100
2026/08/10 17:09:58.473, 0, 4805, 100
2026/08/10 17:09:58.477, 1, 7653, 87
2026/08/10 17:09:59.527, 0, 4997, 100
2026/08/10 17:09:59.531, 1, 9317, 100
2026/08/10 17:10:00.580, 0, 4805, 100
2026/08/10 17:10:00.583, 1, 6853, 59
2026/08/10 17:10:01.630, 0, 4677, 96
2026/08/10 17:10:01.634, 1, 7461, 100
2026/08/10 17:10:02.684, 0, 3813, 90
2026/08/10 17:10:02.688, 1, 5285, 100
2026/08/10 17:10:03.744, 0, 4293, 100
2026/08/10 17:10:03.748, 1, 6245, 100
2026/08/10 17:10:04.795, 0, 5509, 80
2026/08/10 17:10:04.799, 1, 5637, 96
2026/08/10 17:10:05.844, 0, 5349, 100
2026/08/10 17:10:05.847, 1, 6981, 100
2026/08/10 17:10:06.902, 0, 5509, 100
2026/08/10 17:10:06.906, 1, 5701, 93
2026/08/10 17:10:07.951, 0, 5573, 100
2026/08/10 17:10:07.954, 1, 6885, 82
2026/08/10 17:10:09.001, 0, 4165, 100
2026/08/10 17:10:09.004, 1, 5893, 100
2026/08/10 17:10:10.057, 0, 6533, 96
2026/08/10 17:10:10.060, 1, 6021, 100
2026/08/10 17:10:11.117, 0, 4229, 99
2026/08/10 17:10:11.124, 1, 5701, 95
2026/08/10 17:10:12.181, 0, 6021, 100
2026/08/10 17:10:12.185, 1, 7589, 100
2026/08/10 17:10:13.241, 0, 4933, 100
2026/08/10 17:10:13.246, 1, 6213, 100
2026/08/10 17:10:14.312, 0, 4133, 100
2026/08/10 17:10:14.315, 1, 8677, 95
2026/08/10 17:10:15.361, 0, 5349, 100
2026/08/10 17:10:15.364, 1, 7077, 100
2026/08/10 17:10:16.424, 0, 3461, 69
2026/08/10 17:10:16.429, 1, 5957, 100
2026/08/10 17:10:17.494, 0, 5285, 94
2026/08/10 17:10:17.498, 1, 7141, 100
2026/08/10 17:10:18.546, 0, 4741, 100
2026/08/10 17:10:18.550, 1, 6053, 100
2026/08/10 17:10:19.601, 0, 4325, 88
2026/08/10 17:10:19.604, 1, 8997, 100
2026/08/10 17:10:20.658, 0, 4389, 100
2026/08/10 17:10:20.662, 1, 5925, 100
2026/08/10 17:10:21.709, 0, 4197, 100
2026/08/10 17:10:21.712, 1, 5925, 100
2026/08/10 17:10:22.761, 0, 4421, 100
2026/08/10 17:10:22.765, 1, 5701, 100
2026/08/10 17:10:23.826, 0, 4805, 100
2026/08/10 17:10:23.833, 1, 5861, 97
2026/08/10 17:10:24.888, 0, 4197, 100
2026/08/10 17:10:24.893, 1, 7621, 100
2026/08/10 17:10:25.947, 0, 8101, 100
2026/08/10 17:10:25.950, 1, 7205, 97
2026/08/10 17:10:27.019, 0, 5125, 99
2026/08/10 17:10:27.023, 1, 5989, 90
2026/08/10 17:10:28.085, 0, 4773, 97
2026/08/10 17:10:28.089, 1, 6565, 100
2026/08/10 17:10:29.138, 0, 5541, 100
2026/08/10 17:10:29.141, 1, 5893, 100
2026/08/10 17:10:30.211, 0, 5093, 100
2026/08/10 17:10:30.216, 1, 8293, 82
2026/08/10 17:10:31.263, 0, 4389, 100
2026/08/10 17:10:31.265, 1, 7973, 100
2026/08/10 17:10:32.319, 0, 6021, 100
2026/08/10 17:10:32.323, 1, 5573, 100
2026/08/10 17:10:33.369, 0, 3525, 100
2026/08/10 17:10:33.376, 1, 5541, 100
2026/08/10 17:10:34.451, 0, 4389, 100
2026/08/10 17:10:34.455, 1, 6533, 100
2026/08/10 17:10:35.514, 0, 5381, 94
2026/08/10 17:10:35.524, 1, 5573, 100
2026/08/10 17:10:36.585, 0, 5221, 100
2026/08/10 17:10:36.588, 1, 6437, 98
2026/08/10 17:10:37.634, 0, 5253, 100
2026/08/10 17:10:37.637, 1, 8325, 100
2026/08/10 17:10:38.684, 0, 6149, 99
2026/08/10 17:10:38.688, 1, 6085, 100
2026/08/10 17:10:39.751, 0, 6181, 100
2026/08/10 17:10:39.756, 1, 7845, 87
2026/08/10 17:10:40.805, 0, 6469, 100
2026/08/10 17:10:40.808, 1, 7589, 100
2026/08/10 17:10:41.859, 0, 4357, 98
2026/08/10 17:10:41.865, 1, 4997, 100
2026/08/10 17:10:42.920, 0, 5605, 94
2026/08/10 17:10:42.924, 1, 6629, 100
2026/08/10 17:10:43.978, 0, 5189, 99
2026/08/10 17:10:43.981, 1, 7781, 100
2026/08/10 17:10:45.027, 0, 5765, 100
2026/08/10 17:10:45.031, 1, 5989, 100
2026/08/10 17:10:46.089, 0, 4901, 100
2026/08/10 17:10:46.093, 1, 5509, 96
2026/08/10 17:10:47.146, 0, 4581, 61
2026/08/10 17:10:47.151, 1, 10309, 92
2026/08/10 17:10:48.207, 0, 4837, 100
2026/08/10 17:10:48.210, 1, 5989, 100
2026/08/10 17:10:49.266, 0, 6693, 71
2026/08/10 17:10:49.270, 1, 6757, 100
2026/08/10 17:10:50.347, 0, 3493, 99
2026/08/10 17:10:50.351, 1, 5253, 100
2026/08/10 17:10:51.407, 0, 4549, 91
2026/08/10 17:10:51.411, 1, 5925, 90
2026/08/10 17:10:52.484, 0, 3685, 100
2026/08/10 17:10:52.487, 1, 6085, 91
2026/08/10 17:10:53.557, 0, 4997, 93
2026/08/10 17:10:53.562, 1, 6277, 100
2026/08/10 17:10:54.615, 0, 5445, 87
2026/08/10 17:10:54.617, 1, 6181, 95
2026/08/10 17:10:55.661, 0, 5093, 100
2026/08/10 17:10:55.664, 1, 8101, 98
2026/08/10 17:10:56.718, 0, 5637, 100
2026/08/10 17:10:56.724, 1, 8389, 100
2026/08/10 17:10:57.781, 0, 6981, 41
2026/08/10 17:10:57.784, 1, 5381, 93
2026/08/10 17:10:58.834, 0, 4101, 100
2026/08/10 17:10:58.837, 1, 6181, 100
2026/08/10 17:10:59.884, 0, 6661, 98
2026/08/10 17:10:59.888, 1, 6469, 86
2026/08/10 17:11:00.954, 0, 5221, 100
2026/08/10 17:11:00.959, 1, 5381, 88
2026/08/10 17:11:02.015, 0, 4837, 100
2026/08/10 17:11:02.018, 1, 5317, 100
2026/08/10 17:11:03.076, 0, 8901, 55
2026/08/10 17:11:03.080, 1, 6149, 94
2026/08/10 17:11:04.138, 0, 6885, 95
2026/08/10 17:11:04.142, 1, 5989, 78
2026/08/10 17:11:05.205, 0, 3525, 98
2026/08/10 17:11:05.208, 1, 5829, 96
2026/08/10 17:11:06.256, 0, 6085, 100
2026/08/10 17:11:06.260, 1, 6053, 87
2026/08/10 17:11:07.309, 0, 5893, 82
2026/08/10 17:11:07.313, 1, 5829, 100
2026/08/10 17:11:08.362, 0, 5797, 99
2026/08/10 17:11:08.365, 1, 5989, 100
2026/08/10 17:11:09.410, 0, 5829, 89
2026/08/10 17:11:09.413, 1, 9253, 100
2026/08/10 17:11:10.463, 0, 6117, 100
2026/08/10 17:11:10.466, 1, 5253, 99
2026/08/10 17:11:11.511, 0, 6245, 78
2026/08/10 17:11:11.514, 1, 6149, 99
2026/08/10 17:11:12.571, 0, 5893, 100
2026/08/10 17:11:12.574, 1, 8549, 100
2026/08/10 17:11:13.642, 0, 4037, 100
2026/08/10 17:11:13.646, 1, 6309, 100
2026/08/10 17:11:14.698, 0, 5381, 96
2026/08/10 17:11:14.708, 1, 6501, 100
2026/08/10 17:11:15.767, 0, 4197, 100
2026/08/10 17:11:15.772, 1, 7333, 100
2026/08/10 17:11:16.842, 0, 3685, 100
2026/08/10 17:11:16.847, 1, 5349, 87
2026/08/10 17:11:17.911, 0, 5765, 98
2026/08/10 17:11:17.922, 1, 6565, 88
2026/08/10 17:11:18.974, 0, 6469, 99
2026/08/10 17:11:18.977, 1, 5253, 92
2026/08/10 17:11:20.061, 0, 5893, 88
2026/08/10 17:11:20.072, 1, 6021, 100
2026/08/10 17:11:21.125, 0, 5381, 100
2026/08/10 17:11:21.128, 1, 6117, 97
2026/08/10 17:11:22.178, 0, 4549, 100
2026/08/10 17:11:22.182, 1, 6533, 100
2026/08/10 17:11:23.233, 0, 4997, 93
2026/08/10 17:11:23.235, 1, 5989, 100
2026/08/10 17:11:24.291, 0, 4197, 96
2026/08/10 17:11:24.295, 1, 5381, 100
2026/08/10 17:11:25.359, 0, 7493, 100
2026/08/10 17:11:25.363, 1, 6469, 100
2026/08/10 17:11:26.413, 0, 4165, 98
2026/08/10 17:11:26.416, 1, 8869, 97
2026/08/10 17:11:27.460, 0, 6341, 100
2026/08/10 17:11:27.463, 1, 6149, 100
2026/08/10 17:11:28.510, 0, 5189, 61
2026/08/10 17:11:28.514, 1, 8325, 86
2026/08/10 17:11:29.563, 0, 4293, 100
2026/08/10 17:11:29.566, 1, 5989, 100
2026/08/10 17:11:30.612, 0, 4549, 100
2026/08/10 17:11:30.616, 1, 5477, 96
2026/08/10 17:11:31.661, 0, 3237, 94
2026/08/10 17:11:31.664, 1, 6917, 98
2026/08/10 17:11:32.713, 0, 4485, 100
2026/08/10 17:11:32.717, 1, 4901, 100
2026/08/10 17:11:33.778, 0, 5061, 91
2026/08/10 17:11:33.780, 1, 9413, 36
2026/08/10 17:11:34.837, 0, 4005, 100
2026/08/10 17:11:34.840, 1, 5893, 99
2026/08/10 17:11:35.897, 0, 6629, 100
2026/08/10 17:11:35.900, 1, 7269, 85
2026/08/10 17:11:36.947, 0, 6501, 100
2026/08/10 17:11:36.951, 1, 8101, 96
2026/08/10 17:11:37.996, 0, 3589, 96
2026/08/10 17:11:37.998, 1, 6341, 100
2026/08/10 17:11:39.057, 0, 5157, 100
2026/08/10 17:11:39.062, 1, 8581, 100
2026/08/10 17:11:40.118, 0, 5701, 100
2026/08/10 17:11:40.122, 1, 7653, 86
2026/08/10 17:11:41.176, 0, 3333, 97
2026/08/10 17:11:41.179, 1, 5669, 96
2026/08/10 17:11:42.231, 0, 4261, 100
2026/08/10 17:11:42.235, 1, 5957, 93
2026/08/10 17:11:43.295, 0, 3941, 100
2026/08/10 17:11:43.299, 1, 5605, 100
2026/08/10 17:11:44.350, 0, 5445, 100
2026/08/10 17:11:44.353, 1, 7717, 100
2026/08/10 17:11:45.414, 0, 4485, 100
2026/08/10 17:11:45.418, 1, 6181, 100
2026/08/10 17:11:46.469, 0, 5093, 100
2026/08/10 17:11:46.472, 1, 4997, 100
2026/08/10 17:11:47.527, 0, 5125, 94
2026/08/10 17:11:47.531, 1, 5733, 100
2026/08/10 17:11:48.592, 0, 6725, 100
2026/08/10 17:11:48.604, 1, 5541, 82
2026/08/10 17:11:49.677, 0, 5253, 94
2026/08/10 17:11:49.681, 1, 6501, 97
2026/08/10 17:11:50.725, 0, 6085, 96
2026/08/10 17:11:50.728, 1, 5989, 100
2026/08/10 17:11:51.773, 0, 7493, 80
2026/08/10 17:11:51.776, 1, 5829, 95
2026/08/10 17:11:52.823, 0, 5413, 97
2026/08/10 17:11:52.826, 1, 8741, 100
2026/08/10 17:11:53.874, 0, 4869, 91
2026/08/10 17:11:53.878, 1, 7557, 100
2026/08/10 17:11:54.926, 0, 6149, 90
2026/08/10 17:11:54.930, 1, 5573, 86
2026/08/10 17:11:55.987, 0, 3813, 91
2026/08/10 17:11:55.995, 1, 5605, 96
2026/08/10 17:11:57.068, 0, 5445, 100
2026/08/10 17:11:57.071, 1, 8101, 87
2026/08/10 17:11:58.132, 0, 4581, 100
2026/08/10 17:11:58.136, 1, 9893, 70
2026/08/10 17:11:59.186, 0, 8645, 100
2026/08/10 17:11:59.189, 1, 6021, 100
2026/08/10 17:12:00.275, 0, 4965, 96
2026/08/10 17:12:00.282, 1, 7749, 97
2026/08/10 17:12:01.355, 0, 5381, 100
2026/08/10 17:12:01.366, 1, 7589, 96
2026/08/10 17:12:02.422, 0, 6949, 93
2026/08/10 17:12:02.425, 1, 6117, 100
2026/08/10 17:12:03.471, 0, 5637, 83
2026/08/10 17:12:03.474, 1, 10245, 99
2026/08/10 17:12:04.522, 0, 4837, 99
2026/08/10 17:12:04.524, 1, 7109, 100
2026/08/10 17:12:05.572, 0, 3877, 100
2026/08/10 17:12:05.576, 1, 6533, 94
2026/08/10 17:12:06.631, 0, 6309, 100
2026/08/10 17:12:06.635, 1, 5605, 99
2026/08/10 17:12:07.687, 0, 7973, 100
2026/08/10 17:12:07.690, 1, 7813, 97
2026/08/10 17:12:08.741, 0, 3941, 100
2026/08/10 17:12:08.745, 1, 5253, 82
2026/08/10 17:12:09.817, 0, 4549, 100
2026/08/10 17:12:09.821, 1, 6373, 83
2026/08/10 17:12:10.874, 0, 3941, 80
2026/08/10 17:12:10.877, 1, 9573, 73
2026/08/10 17:12:11.926, 0, 5637, 96
2026/08/10 17:12:11.929, 1, 5733, 100
2026/08/10 17:12:12.981, 0, 6565, 100
2026/08/10 17:12:12.985, 1, 7941, 91
2026/08/10 17:12:14.042, 0, 4901, 100
2026/08/10 17:12:14.045, 1, 5349, 99
2026/08/10 17:12:15.126, 0, 3557, 98
2026/08/10 17:12:15.134, 1, 5125, 99
2026/08/10 17:12:16.213, 0, 6597, 100
2026/08/10 17:12:16.216, 1, 8645, 100
2026/08/10 17:12:17.270, 0, 6853, 100
2026/08/10 17:12:17.274, 1, 4741, 100
2026/08/10 17:12:18.324, 0, 5445, 94
2026/08/10 17:12:18.328, 1, 5701, 81
2026/08/10 17:12:19.377, 0, 4805, 85
2026/08/10 17:12:19.380, 1, 5381, 100
2026/08/10 17:12:20.436, 0, 4229, 56
2026/08/10 17:12:20.439, 1, 6117, 100
2026/08/10 17:12:21.489, 0, 5413, 91
2026/08/10 17:12:21.492, 1, 7653, 100
2026/08/10 17:12:22.536, 0, 8037, 100
2026/08/10 17:12:22.538, 1, 8901, 100
2026/08/10 17:12:23.581, 0, 9829, 12
2026/08/10 17:12:23.584, 1, 9125, 88
2026/08/10 17:12:24.630, 0, 4261, 0
2026/08/10 17:12:24.633, 1, 6693, 81
2026/08/10 17:12:25.680, 0, 6245, 100
2026/08/10 17:12:25.684, 1, 8485, 57
2026/08/10 17:12:26.751, 0, 3749, 97
2026/08/10 17:12:26.755, 1, 5797, 94
2026/08/10 17:12:27.808, 0, 7749, 100
2026/08/10 17:12:27.811, 1, 8709, 100
2026/08/10 17:12:28.857, 0, 6309, 98
2026/08/10 17:12:28.861, 1, 6117, 100
2026/08/10 17:12:29.924, 0, 4293, 100
2026/08/10 17:12:29.931, 1, 8837, 70
2026/08/10 17:12:31.005, 0, 4805, 100
2026/08/10 17:12:31.009, 1, 6501, 100
2026/08/10 17:12:32.088, 0, 6277, 100
2026/08/10 17:12:32.091, 1, 9957, 100
2026/08/10 17:12:33.147, 0, 5125, 100
2026/08/10 17:12:33.151, 1, 8261, 100
2026/08/10 17:12:34.213, 0, 4613, 100
2026/08/10 17:12:34.216, 1, 6501, 100
2026/08/10 17:12:35.273, 0, 7237, 72
2026/08/10 17:12:35.277, 1, 6053, 100
2026/08/10 17:12:36.328, 0, 6149, 88
2026/08/10 17:12:36.331, 1, 6149, 100
2026/08/10 17:12:37.409, 0, 4101, 98
2026/08/10 17:12:37.418, 1, 7173, 100
2026/08/10 17:12:38.474, 0, 5861, 100
2026/08/10 17:12:38.478, 1, 6245, 100
2026/08/10 17:12:39.554, 0, 4197, 99
2026/08/10 17:12:39.558, 1, 6277, 74
2026/08/10 17:12:40.611, 0, 4901, 100
2026/08/10 17:12:40.615, 1, 5861, 90
2026/08/10 17:12:41.689, 0, 4197, 92
2026/08/10 17:12:41.697, 1, 6757, 80
2026/08/10 17:12:42.778, 0, 4453, 100
2026/08/10 17:12:42.782, 1, 5893, 100
2026/08/10 17:12:43.837, 0, 6853, 100
2026/08/10 17:12:43.840, 1, 8229, 99
2026/08/10 17:12:44.888, 0, 6053, 100
2026/08/10 17:12:44.894, 1, 4613, 100
2026/08/10 17:12:45.956, 0, 5509, 78
2026/08/10 17:12:45.959, 1, 8581, 42
2026/08/10 17:12:47.009, 0, 4645, 100
2026/08/10 17:12:47.012, 1, 5733, 100
2026/08/10 17:12:48.068, 0, 5637, 94
2026/08/10 17:12:48.072, 1, 7397, 88
2026/08/10 17:12:49.124, 0, 4677, 100
2026/08/10 17:12:49.128, 1, 8901, 100
2026/08/10 17:12:50.191, 0, 4325, 100
2026/08/10 17:12:50.200, 1, 6437, 97
2026/08/10 17:12:51.282, 0, 5381, 71
2026/08/10 17:12:51.285, 1, 5349, 76
2026/08/10 17:12:52.343, 0, 4613, 100
2026/08/10 17:12:52.348, 1, 6277, 100
2026/08/10 17:12:53.446, 0, 3557, 100
2026/08/10 17:12:53.455, 1, 4581, 100
2026/08/10 17:12:54.529, 0, 6245, 65
2026/08/10 17:12:54.533, 1, 7173, 88
2026/08/10 17:12:55.585, 0, 3813, 100
2026/08/10 17:12:55.589, 1, 5669, 96
2026/08/10 17:12:56.649, 0, 4837, 95
2026/08/10 17:12:56.653, 1, 6373, 76
2026/08/10 17:12:57.718, 0, 5669, 100
2026/08/10 17:12:57.723, 1, 5957, 100
2026/08/10 17:12:58.791, 0, 6533, 100
2026/08/10 17:12:58.794, 1, 4549, 100
2026/08/10 17:12:59.847, 0, 5189, 100
2026/08/10 17:12:59.852, 1, 5605, 87
2026/08/10 17:13:00.910, 0, 7205, 100
2026/08/10 17:13:00.913, 1, 6917, 100
2026/08/10 17:13:01.965, 0, 4197, 100
2026/08/10 17:13:01.969, 1, 6565, 100
2026/08/10 17:13:03.013, 0, 6405, 100
2026/08/10 17:13:03.016, 1, 6245, 100
2026/08/10 17:13:04.076, 0, 4837, 96
2026/08/10 17:13:04.081, 1, 5861, 80
2026/08/10 17:13:05.161, 0, 4037, 100
2026/08/10 17:13:05.165, 1, 4997, 70
2026/08/10 17:13:06.227, 0, 5349, 100
2026/08/10 17:13:06.231, 1, 5477, 95
2026/08/10 17:13:07.293, 0, 3717, 92
2026/08/10 17:13:07.298, 1, 6085, 100
2026/08/10 17:13:08.367, 0, 5893, 94
2026/08/10 17:13:08.374, 1, 5029, 100
2026/08/10 17:13:09.448, 0, 5701, 100
2026/08/10 17:13:09.452, 1, 7525, 100
2026/08/10 17:13:10.508, 0, 4933, 99
2026/08/10 17:13:10.511, 1, 5829, 100
2026/08/10 17:13:11.569, 0, 4997, 97
2026/08/10 17:13:11.577, 1, 6821, 75
2026/08/10 17:13:12.630, 0, 5061, 100
2026/08/10 17:13:12.633, 1, 6245, 100
2026/08/10 17:13:13.681, 0, 6565, 96
2026/08/10 17:13:13.685, 1, 8613, 100
2026/08/10 17:13:14.736, 0, 4613, 100
2026/08/10 17:13:14.739, 1, 9573, 100
2026/08/10 17:13:15.791, 0, 4421, 98
2026/08/10 17:13:15.794, 1, 8133, 67
2026/08/10 17:13:16.838, 0, 8101, 100
2026/08/10 17:13:16.845, 1, 6213, 80
2026/08/10 17:13:17.906, 0, 6469, 81
2026/08/10 17:13:17.912, 1, 6533, 99
2026/08/10 17:13:18.976, 0, 3973, 93
2026/08/10 17:13:18.979, 1, 5733, 97
2026/08/10 17:13:20.036, 0, 4325, 89
2026/08/10 17:13:20.039, 1, 7333, 100
2026/08/10 17:13:21.100, 0, 5989, 100
2026/08/10 17:13:21.104, 1, 6789, 100
2026/08/10 17:13:22.154, 0, 5221, 100
2026/08/10 17:13:22.156, 1, 7429, 87
2026/08/10 17:13:23.254, 0, 4133, 100
2026/08/10 17:13:23.262, 1, 5509, 96
2026/08/10 17:13:24.353, 0, 4549, 98
2026/08/10 17:13:24.358, 1, 5541, 100
2026/08/10 17:13:25.419, 0, 4357, 100
2026/08/10 17:13:25.422, 1, 6597, 100
2026/08/10 17:13:26.474, 0, 5797, 100
2026/08/10 17:13:26.477, 1, 6117, 97
2026/08/10 17:13:27.530, 0, 6149, 100
2026/08/10 17:13:27.536, 1, 5957, 100
2026/08/10 17:13:28.593, 0, 5573, 100
2026/08/10 17:13:28.598, 1, 7173, 97
2026/08/10 17:13:29.661, 0, 5285, 100
2026/08/10 17:13:29.667, 1, 6021, 73
2026/08/10 17:13:30.728, 0, 5317, 100
2026/08/10 17:13:30.731, 1, 7301, 88
2026/08/10 17:13:31.786, 0, 5861, 94
2026/08/10 17:13:31.790, 1, 8293, 100
2026/08/10 17:13:32.839, 0, 4901, 100
2026/08/10 17:13:32.845, 1, 5893, 100
2026/08/10 17:13:33.905, 0, 5285, 99
2026/08/10 17:13:33.908, 1, 10085, 97
2026/08/10 17:13:34.959, 0, 8325, 99
2026/08/10 17:13:34.962, 1, 6341, 80
2026/08/10 17:13:36.012, 0, 4069, 73
2026/08/10 17:13:36.017, 1, 6917, 100
2026/08/10 17:13:37.067, 0, 7173, 99
2026/08/10 17:13:37.070, 1, 8325, 100
2026/08/10 17:13:38.118, 0, 3397, 86
2026/08/10 17:13:38.121, 1, 6917, 86
2026/08/10 17:13:39.174, 0, 6661, 100
2026/08/10 17:13:39.177, 1, 6277, 99
2026/08/10 17:13:40.231, 0, 5253, 100
2026/08/10 17:13:40.238, 1, 7429, 100
2026/08/10 17:13:41.298, 0, 6117, 87
2026/08/10 17:13:41.304, 1, 5285, 100
2026/08/10 17:13:42.373, 0, 6245, 85
2026/08/10 17:13:42.384, 1, 5605, 100
2026/08/10 17:13:43.434, 0, 7653, 100
2026/08/10 17:13:43.438, 1, 5445, 100
2026/08/10 17:13:44.498, 0, 6789, 100
2026/08/10 17:13:44.503, 1, 6437, 87
2026/08/10 17:13:45.566, 0, 5061, 95
2026/08/10 17:13:45.569, 1, 8485, 100
2026/08/10 17:13:46.624, 0, 6821, 88
2026/08/10 17:13:46.627, 1, 6725, 100
2026/08/10 17:13:47.683, 0, 6725, 99
2026/08/10 17:13:47.686, 1, 7717, 94
2026/08/10 17:13:48.743, 0, 5861, 100
2026/08/10 17:13:48.747, 1, 5829, 100
2026/08/10 17:13:49.804, 0, 5509, 88
2026/08/10 17:13:49.812, 1, 8357, 49
2026/08/10 17:13:50.863, 0, 7909, 82
2026/08/10 17:13:50.866, 1, 8357, 99
2026/08/10 17:13:51.936, 0, 5957, 94
2026/08/10 17:13:51.941, 1, 8773, 100
2026/08/10 17:13:52.991, 0, 7333, 100
2026/08/10 17:13:52.994, 1, 6437, 89
2026/08/10 17:13:54.048, 0, 5317, 100
2026/08/10 17:13:54.052, 1, 7845, 99
2026/08/10 17:13:55.125, 0, 4549, 77
2026/08/10 17:13:55.137, 1, 8101, 93
2026/08/10 17:13:56.206, 0, 4677, 81
2026/08/10 17:13:56.209, 1, 6917, 85
2026/08/10 17:13:57.270, 0, 5733, 87
2026/08/10 17:13:57.277, 1, 5733, 100
2026/08/10 17:13:58.353, 0, 6405, 100
2026/08/10 17:13:58.357, 1, 9157, 96
2026/08/10 17:13:59.412, 0, 5573, 100
2026/08/10 17:13:59.415, 1, 6821, 92
2026/08/10 17:14:00.465, 0, 6213, 100
2026/08/10 17:14:00.468, 1, 5861, 88
2026/08/10 17:14:01.520, 0, 5189, 100
2026/08/10 17:14:01.523, 1, 6757, 100
2026/08/10 17:14:02.574, 0, 4453, 100
2026/08/10 17:14:02.579, 1, 5189, 87
2026/08/10 17:14:03.632, 0, 4613, 100
2026/08/10 17:14:03.636, 1, 6245, 100
2026/08/10 17:14:04.712, 0, 5669, 100
2026/08/10 17:14:04.716, 1, 5157, 99
2026/08/10 17:14:05.786, 0, 4709, 100
2026/08/10 17:14:05.789, 1, 7397, 81
2026/08/10 17:14:06.840, 0, 4933, 100
2026/08/10 17:14:06.846, 1, 6341, 88
2026/08/10 17:14:07.915, 0, 4581, 96
2026/08/10 17:14:07.920, 1, 5445, 100
2026/08/10 17:14:08.976, 0, 4773, 99
2026/08/10 17:14:08.983, 1, 7909, 55
2026/08/10 17:14:10.042, 0, 7301, 96
2026/08/10 17:14:10.048, 1, 5445, 99
2026/08/10 17:14:11.103, 0, 5669, 100
2026/08/10 17:14:11.106, 1, 6149, 40
2026/08/10 17:14:12.156, 0, 3525, 84
2026/08/10 17:14:12.161, 1, 5637, 67
2026/08/10 17:14:13.213, 0, 6501, 97
2026/08/10 17:14:13.216, 1, 9509, 100
2026/08/10 17:14:14.263, 0, 6501, 100
2026/08/10 17:14:14.266, 1, 6309, 100
2026/08/10 17:14:15.318, 0, 6693, 100
2026/08/10 17:14:15.321, 1, 6341, 100
2026/08/10 17:14:16.389, 0, 8133, 95
2026/08/10 17:14:16.395, 1, 5349, 100
2026/08/10 17:14:17.460, 0, 6533, 100
2026/08/10 17:14:17.464, 1, 6213, 86
2026/08/10 17:14:18.507, 0, 6629, 100
2026/08/10 17:14:18.510, 1, 6565, 77
2026/08/10 17:14:19.553, 0, 5477, 95
2026/08/10 17:14:19.556, 1, 7461, 73
2026/08/10 17:14:20.602, 0, 6757, 100
2026/08/10 17:14:20.606, 1, 7461, 39
2026/08/10 17:14:21.665, 0, 5189, 97
2026/08/10 17:14:21.669, 1, 6917, 87
2026/08/10 17:14:22.728, 0, 5221, 98
2026/08/10 17:14:22.730, 1, 6021, 87
2026/08/10 17:14:23.788, 0, 5413, 100
2026/08/10 17:14:23.792, 1, 8805, 100
2026/08/10 17:14:24.842, 0, 5253, 100
2026/08/10 17:14:24.846, 1, 5349, 100
2026/08/10 17:14:25.902, 0, 5093, 100
2026/08/10 17:14:25.906, 1, 8293, 100
2026/08/10 17:14:26.963, 0, 4869, 80
2026/08/10 17:14:26.966, 1, 6245, 97
2026/08/10 17:14:28.017, 0, 5061, 88
2026/08/10 17:14:28.022, 1, 5957, 100
2026/08/10 17:14:29.083, 0, 4933, 100
2026/08/10 17:14:29.086, 1, 6789, 92
2026/08/10 17:14:30.135, 0, 4613, 96
2026/08/10 17:14:30.138, 1, 6885, 99
2026/08/10 17:14:31.191, 0, 4965, 100
2026/08/10 17:14:31.195, 1, 6565, 100
2026/08/10 17:14:32.277, 0, 5605, 100
2026/08/10 17:14:32.281, 1, 5669, 93
2026/08/10 17:14:33.344, 0, 5669, 100
2026/08/10 17:14:33.348, 1, 6373, 95
2026/08/10 17:14:34.402, 0, 5605, 100
2026/08/10 17:14:34.404, 1, 6789, 92
2026/08/10 17:14:35.449, 0, 4613, 100
2026/08/10 17:14:35.452, 1, 6949, 100
2026/08/10 17:14:36.504, 0, 5861, 74
2026/08/10 17:14:36.513, 1, 6629, 94
2026/08/10 17:14:37.576, 0, 7429, 82
2026/08/10 17:14:37.580, 1, 5349, 100
2026/08/10 17:14:38.629, 0, 5989, 100
2026/08/10 17:14:38.632, 1, 7109, 100
2026/08/10 17:14:39.685, 0, 7973, 100
2026/08/10 17:14:39.688, 1, 7173, 83
2026/08/10 17:14:40.749, 0, 5669, 100
2026/08/10 17:14:40.753, 1, 6629, 84
2026/08/10 17:14:41.816, 0, 4261, 100
2026/08/10 17:14:41.822, 1, 6181, 99
2026/08/10 17:14:42.893, 0, 5029, 73
2026/08/10 17:14:42.897, 1, 7013, 97
2026/08/10 17:14:43.950, 0, 6885, 97
2026/08/10 17:14:43.954, 1, 9189, 100
2026/08/10 17:14:45.015, 0, 6437, 100
2026/08/10 17:14:45.021, 1, 6757, 100
2026/08/10 17:14:46.105, 0, 6277, 75
2026/08/10 17:14:46.116, 1, 6437, 91
2026/08/10 17:14:47.174, 0, 7109, 100
2026/08/10 17:14:47.179, 1, 6661, 85
2026/08/10 17:14:48.232, 0, 6469, 100
2026/08/10 17:14:48.236, 1, 5157, 100
2026/08/10 17:14:49.296, 0, 4645, 88
2026/08/10 17:14:49.299, 1, 5221, 82
2026/08/10 17:14:50.371, 0, 6757, 89
2026/08/10 17:14:50.376, 1, 5573, 82
2026/08/10 17:14:51.428, 0, 3813, 100
2026/08/10 17:14:51.431, 1, 6277, 100
2026/08/10 17:14:52.482, 0, 5061, 100
2026/08/10 17:14:52.486, 1, 7877, 100
2026/08/10 17:14:53.537, 0, 5221, 91
2026/08/10 17:14:53.540, 1, 7045, 97
2026/08/10 17:14:54.589, 0, 5893, 56
2026/08/10 17:14:54.591, 1, 6693, 100
2026/08/10 17:14:55.641, 0, 5189, 50
2026/08/10 17:14:55.644, 1, 14053, 98
2026/08/10 17:14:56.709, 0, 5189, 100
2026/08/10 17:14:56.714, 1, 7333, 70
2026/08/10 17:14:57.767, 0, 4869, 100
2026/08/10 17:14:57.771, 1, 7461, 80
2026/08/10 17:14:58.837, 0, 5093, 100
2026/08/10 17:14:58.841, 1, 8037, 96
2026/08/10 17:14:59.895, 0, 8517, 100
2026/08/10 17:14:59.898, 1, 5989, 97
2026/08/10 17:15:00.945, 0, 5189, 100
2026/08/10 17:15:00.948, 1, 10149, 55
2026/08/10 17:15:01.995, 0, 6917, 100
2026/08/10 17:15:01.999, 1, 6725, 100
2026/08/10 17:15:03.051, 0, 6053, 100
2026/08/10 17:15:03.054, 1, 8709, 100
2026/08/10 17:15:04.101, 0, 4549, 100
2026/08/10 17:15:04.104, 1, 7589, 100
2026/08/10 17:15:05.166, 0, 4549, 95
2026/08/10 17:15:05.172, 1, 8773, 100
2026/08/10 17:15:06.242, 0, 4773, 100
2026/08/10 17:15:06.247, 1, 7269, 91
2026/08/10 17:15:07.332, 0, 8517, 100
2026/08/10 17:15:07.336, 1, 6245, 78
2026/08/10 17:15:08.388, 0, 5573, 90
2026/08/10 17:15:08.392, 1, 6565, 100
2026/08/10 17:15:09.443, 0, 4069, 100
2026/08/10 17:15:09.449, 1, 8421, 100
2026/08/10 17:15:10.505, 0, 7909, 85
2026/08/10 17:15:10.509, 1, 5925, 100
2026/08/10 17:15:11.561, 0, 6405, 100
2026/08/10 17:15:11.564, 1, 8453, 100
2026/08/10 17:15:12.619, 0, 8421, 100
2026/08/10 17:15:12.622, 1, 6405, 100
2026/08/10 17:15:13.677, 0, 5637, 97
2026/08/10 17:15:13.680, 1, 7845, 100
2026/08/10 17:15:14.733, 0, 6437, 100
2026/08/10 17:15:14.738, 1, 9445, 100
2026/08/10 17:15:15.792, 0, 3845, 85
2026/08/10 17:15:15.795, 1, 6213, 100
2026/08/10 17:15:16.854, 0, 4517, 96
2026/08/10 17:15:16.862, 1, 5637, 100
2026/08/10 17:15:17.934, 0, 4837, 100
2026/08/10 17:15:17.938, 1, 6277, 98
2026/08/10 17:15:18.987, 0, 6341, 96
2026/08/10 17:15:18.990, 1, 5541, 100
2026/08/10 17:15:20.046, 0, 6053, 100
2026/08/10 17:15:20.050, 1, 5541, 100
2026/08/10 17:15:21.107, 0, 5061, 95
2026/08/10 17:15:21.111, 1, 7749, 100
2026/08/10 17:15:22.174, 0, 4261, 100
2026/08/10 17:15:22.177, 1, 6021, 100
2026/08/10 17:15:23.243, 0, 5221, 100
2026/08/10 17:15:23.250, 1, 6277, 97
2026/08/10 17:15:24.298, 0, 4293, 99
2026/08/10 17:15:24.300, 1, 9189, 85
2026/08/10 17:15:25.361, 0, 5381, 92
2026/08/10 17:15:25.365, 1, 5957, 100
2026/08/10 17:15:26.421, 0, 6469, 81
2026/08/10 17:15:26.424, 1, 7749, 99
2026/08/10 17:15:27.478, 0, 5093, 88
2026/08/10 17:15:27.483, 1, 8997, 85
2026/08/10 17:15:28.555, 0, 6981, 96
2026/08/10 17:15:28.558, 1, 6949, 100
2026/08/10 17:15:29.605, 0, 3973, 93
2026/08/10 17:15:29.609, 1, 5637, 37
2026/08/10 17:15:30.684, 0, 4357, 100
2026/08/10 17:15:30.690, 1, 6309, 93
2026/08/10 17:15:31.744, 0, 8869, 91
2026/08/10 17:15:31.747, 1, 7941, 100
2026/08/10 17:15:32.796, 0, 5637, 58
2026/08/10 17:15:32.800, 1, 6629, 100
2026/08/10 17:15:33.860, 0, 4933, 89
2026/08/10 17:15:33.864, 1, 8325, 100
2026/08/10 17:15:34.924, 0, 4485, 70
2026/08/10 17:15:34.927, 1, 7589, 96
2026/08/10 17:15:35.980, 0, 8005, 100
2026/08/10 17:15:35.984, 1, 7781, 100
2026/08/10 17:15:37.073, 0, 4997, 87
2026/08/10 17:15:37.078, 1, 5381, 94
2026/08/10 17:15:38.164, 0, 5925, 100
2026/08/10 17:15:38.175, 1, 6981, 94
2026/08/10 17:15:39.252, 0, 3749, 90
2026/08/10 17:15:39.255, 1, 8037, 97
2026/08/10 17:15:40.323, 0, 4165, 100
2026/08/10 17:15:40.332, 1, 8037, 100
2026/08/10 17:15:41.405, 0, 4773, 100
2026/08/10 17:15:41.411, 1, 7397, 92
2026/08/10 17:15:42.477, 0, 6149, 89
2026/08/10 17:15:42.480, 1, 9093, 100
2026/08/10 17:15:43.532, 0, 4837, 100
2026/08/10 17:15:43.536, 1, 9509, 100
2026/08/10 17:15:44.584, 0, 6629, 90
2026/08/10 17:15:44.587, 1, 7781, 100
2026/08/10 17:15:45.629, 0, 5061, 100
2026/08/10 17:15:45.632, 1, 6629, 63
2026/08/10 17:15:46.691, 0, 3845, 100
2026/08/10 17:15:46.695, 1, 5477, 100
2026/08/10 17:15:47.752, 0, 5605, 89
2026/08/10 17:15:47.756, 1, 6405, 90
2026/08/10 17:15:48.825, 0, 5893, 100
2026/08/10 17:15:48.829, 1, 7845, 100
2026/08/10 17:15:49.901, 0, 5189, 96
2026/08/10 17:15:49.904, 1, 8101, 99
2026/08/10 17:15:50.957, 0, 6117, 99
2026/08/10 17:15:50.961, 1, 7973, 100
2026/08/10 17:15:52.026, 0, 4965, 94
2026/08/10 17:15:52.028, 1, 5381, 82
2026/08/10 17:15:53.084, 0, 6405, 98
2026/08/10 17:15:53.088, 1, 9061, 100
2026/08/10 17:15:54.150, 0, 4901, 94
2026/08/10 17:15:54.153, 1, 5605, 100
2026/08/10 17:15:55.212, 0, 5733, 100
2026/08/10 17:15:55.215, 1, 8581, 100
2026/08/10 17:15:56.263, 0, 6565, 100
2026/08/10 17:15:56.268, 1, 7973, 100
2026/08/10 17:15:57.317, 0, 5957, 98
2026/08/10 17:15:57.320, 1, 4965, 100
2026/08/10 17:15:58.367, 0, 4901, 100
2026/08/10 17:15:58.371, 1, 7461, 100
2026/08/10 17:15:59.419, 0, 4805, 83
2026/08/10 17:15:59.422, 1, 7493, 77
2026/08/10 17:16:00.484, 0, 3973, 94
2026/08/10 17:16:00.488, 1, 5989, 100
2026/08/10 17:16:01.541, 0, 5221, 100
2026/08/10 17:16:01.545, 1, 7461, 95
2026/08/10 17:16:02.612, 0, 3941, 96
2026/08/10 17:16:02.618, 1, 6789, 76
2026/08/10 17:16:03.689, 0, 4293, 98
2026/08/10 17:16:03.693, 1, 6565, 100
2026/08/10 17:16:04.744, 0, 6309, 100
2026/08/10 17:16:04.747, 1, 6213, 100
2026/08/10 17:16:05.805, 0, 5413, 96
2026/08/10 17:16:05.809, 1, 6661, 100
2026/08/10 17:16:06.874, 0, 6341, 100
2026/08/10 17:16:06.879, 1, 6853, 100
2026/08/10 17:16:07.944, 0, 4901, 100
2026/08/10 17:16:07.948, 1, 6341, 100
2026/08/10 17:16:09.001, 0, 6469, 100
2026/08/10 17:16:09.005, 1, 6341, 98
2026/08/10 17:16:10.061, 0, 4805, 98
2026/08/10 17:16:10.065, 1, 5861, 100
2026/08/10 17:16:11.125, 0, 3621, 84
2026/08/10 17:16:11.128, 1, 6469, 91
2026/08/10 17:16:12.196, 0, 5285, 99
2026/08/10 17:16:12.201, 1, 5957, 95
2026/08/10 17:16:13.251, 0, 4261, 100
2026/08/10 17:16:13.254, 1, 7813, 92
2026/08/10 17:16:14.309, 0, 7109, 86
2026/08/10 17:16:14.315, 1, 6725, 100
2026/08/10 17:16:15.380, 0, 3941, 100
2026/08/10 17:16:15.384, 1, 5157, 100
2026/08/10 17:16:16.445, 0, 4709, 94
2026/08/10 17:16:16.452, 1, 8133, 100
2026/08/10 17:16:17.512, 0, 3301, 96
2026/08/10 17:16:17.516, 1, 6373, 100
2026/08/10 17:16:18.572, 0, 4677, 74
2026/08/10 17:16:18.576, 1, 6149, 100
2026/08/10 17:16:19.635, 0, 4677, 100
2026/08/10 17:16:19.638, 1, 6853, 100
2026/08/10 17:16:20.698, 0, 6149, 93
2026/08/10 17:16:20.702, 1, 4965, 91
2026/08/10 17:16:21.761, 0, 4197, 100
2026/08/10 17:16:21.764, 1, 8165, 100
2026/08/10 17:16:22.810, 0, 7525, 100
2026/08/10 17:16:22.812, 1, 5989, 100
2026/08/10 17:16:23.862, 0, 4933, 83
2026/08/10 17:16:23.866, 1, 5317, 100
2026/08/10 17:16:24.931, 0, 4517, 100
2026/08/10 17:16:24.936, 1, 6277, 100
2026/08/10 17:16:25.988, 0, 4389, 100
2026/08/10 17:16:25.993, 1, 5253, 78
2026/08/10 17:16:27.053, 0, 5797, 100
2026/08/10 17:16:27.057, 1, 5733, 63
2026/08/10 17:16:28.110, 0, 6693, 100
2026/08/10 17:16:28.119, 1, 6053, 99
2026/08/10 17:16:29.187, 0, 5349, 76
2026/08/10 17:16:29.192, 1, 5957, 100
2026/08/10 17:16:30.246, 0, 4453, 100
2026/08/10 17:16:30.249, 1, 6149, 68
2026/08/10 17:16:31.296, 0, 5061, 100
2026/08/10 17:16:31.299, 1, 7109, 99
2026/08/10 17:16:32.344, 0, 6181, 100
2026/08/10 17:16:32.347, 1, 9445, 98
2026/08/10 17:16:33.402, 0, 5829, 89
2026/08/10 17:16:33.406, 1, 7397, 99
2026/08/10 17:16:34.460, 0, 5285, 100
2026/08/10 17:16:34.464, 1, 5797, 100
2026/08/10 17:16:35.525, 0, 3877, 92
2026/08/10 17:16:35.528, 1, 5957, 100
2026/08/10 17:16:36.596, 0, 6789, 100
2026/08/10 17:16:36.600, 1, 7237, 100
2026/08/10 17:16:37.650, 0, 6501, 100
2026/08/10 17:16:37.654, 1, 8133, 100
2026/08/10 17:16:38.704, 0, 3941, 97
2026/08/10 17:16:38.707, 1, 6245, 100
2026/08/10 17:16:39.763, 0, 4901, 100
2026/08/10 17:16:39.767, 1, 7461, 100
2026/08/10 17:16:40.816, 0, 7749, 67
2026/08/10 17:16:40.819, 1, 8517, 100
2026/08/10 17:16:41.867, 0, 5157, 100
2026/08/10 17:16:41.870, 1, 6213, 100
2026/08/10 17:16:42.917, 0, 4549, 98
2026/08/10 17:16:42.927, 1, 5989, 100
2026/08/10 17:16:44.001, 0, 4517, 100
2026/08/10 17:16:44.006, 1, 6981, 89
2026/08/10 17:16:45.067, 0, 4581, 100
2026/08/10 17:16:45.070, 1, 5573, 99
2026/08/10 17:16:46.124, 0, 6501, 96
2026/08/10 17:16:46.128, 1, 7333, 95
2026/08/10 17:16:47.191, 0, 6533, 100
2026/08/10 17:16:47.195, 1, 8165, 100
2026/08/10 17:16:48.246, 0, 6693, 100
2026/08/10 17:16:48.249, 1, 7077, 100
2026/08/10 17:16:49.305, 0, 5253, 100
2026/08/10 17:16:49.309, 1, 5317, 100
2026/08/10 17:16:50.371, 0, 4229, 97
2026/08/10 17:16:50.375, 1, 5477, 96
2026/08/10 17:16:51.443, 0, 4869, 100
2026/08/10 17:16:51.446, 1, 9413, 100
2026/08/10 17:16:52.504, 0, 8133, 100
2026/08/10 17:16:52.508, 1, 5669, 100
2026/08/10 17:16:53.572, 0, 6309, 95
2026/08/10 17:16:53.576, 1, 4741, 100
2026/08/10 17:16:54.663, 0, 4453, 100
2026/08/10 17:16:54.669, 1, 7141, 78
2026/08/10 17:16:55.729, 0, 5093, 100
2026/08/10 17:16:55.733, 1, 4581, 100
2026/08/10 17:16:56.788, 0, 5893, 99
2026/08/10 17:16:56.792, 1, 6405, 100
2026/08/10 17:16:57.877, 0, 4261, 100
2026/08/10 17:16:57.881, 1, 6245, 100
2026/08/10 17:16:58.932, 0, 4613, 100
2026/08/10 17:16:58.935, 1, 6245, 100
2026/08/10 17:16:59.987, 0, 5445, 100
2026/08/10 17:16:59.991, 1, 5989, 100
2026/08/10 17:17:01.052, 0, 4709, 82
2026/08/10 17:17:01.056, 1, 5093, 100
2026/08/10 17:17:02.121, 0, 3941, 82
2026/08/10 17:17:02.126, 1, 5061, 93
2026/08/10 17:17:03.190, 0, 5509, 86
2026/08/10 17:17:03.193, 1, 4677, 95
2026/08/10 17:17:04.252, 0, 5733, 88
2026/08/10 17:17:04.255, 1, 7237, 88
2026/08/10 17:17:05.321, 0, 6693, 100
2026/08/10 17:17:05.324, 1, 8805, 86
2026/08/10 17:17:06.383, 0, 3781, 100
2026/08/10 17:17:06.386, 1, 4773, 82
2026/08/10 17:17:07.464, 0, 5893, 100
2026/08/10 17:17:07.471, 1, 5701, 100
2026/08/10 17:17:08.532, 0, 5253, 99
2026/08/10 17:17:08.536, 1, 7973, 100
2026/08/10 17:17:09.594, 0, 4965, 94
2026/08/10 17:17:09.599, 1, 6245, 85
2026/08/10 17:17:10.657, 0, 5477, 100
2026/08/10 17:17:10.661, 1, 6789, 98
2026/08/10 17:17:11.708, 0, 6565, 100
2026/08/10 17:17:11.712, 1, 5541, 71
2026/08/10 17:17:12.757, 0, 8197, 100
2026/08/10 17:17:12.761, 1, 7909, 100
2026/08/10 17:17:13.826, 0, 6469, 100
2026/08/10 17:17:13.831, 1, 7621, 92
2026/08/10 17:17:14.883, 0, 8037, 100
2026/08/10 17:17:14.886, 1, 7461, 100
2026/08/10 17:17:15.932, 0, 4901, 85
2026/08/10 17:17:15.936, 1, 7621, 100
2026/08/10 17:17:16.997, 0, 4389, 100
2026/08/10 17:17:17.005, 1, 5925, 85
2026/08/10 17:17:18.064, 0, 6501, 96
2026/08/10 17:17:18.068, 1, 8101, 100
2026/08/10 17:17:19.116, 0, 7557, 100
2026/08/10 17:17:19.119, 1, 7141, 100
2026/08/10 17:17:20.182, 0, 6021, 90
2026/08/10 17:17:20.186, 1, 7685, 75
2026/08/10 17:17:21.249, 0, 7077, 73
2026/08/10 17:17:21.252, 1, 7013, 63
2026/08/10 17:17:22.325, 0, 5221, 100
2026/08/10 17:17:22.329, 1, 7813, 100
2026/08/10 17:17:23.388, 0, 6629, 93
2026/08/10 17:17:23.396, 1, 6405, 100
2026/08/10 17:17:24.477, 0, 5061, 94
2026/08/10 17:17:24.483, 1, 7301, 97
2026/08/10 17:17:25.560, 0, 5029, 100
2026/08/10 17:17:25.564, 1, 7845, 100
2026/08/10 17:17:26.629, 0, 7557, 100
2026/08/10 17:17:26.634, 1, 6053, 100
2026/08/10 17:17:27.693, 0, 8165, 98
2026/08/10 17:17:27.699, 1, 6629, 60
2026/08/10 17:17:28.784, 0, 4741, 85
2026/08/10 17:17:28.792, 1, 6501, 74
2026/08/10 17:17:29.840, 0, 6725, 97
2026/08/10 17:17:29.843, 1, 8293, 98
2026/08/10 17:17:30.898, 0, 7205, 94
2026/08/10 17:17:30.907, 1, 8677, 99
2026/08/10 17:17:31.969, 0, 4869, 100
2026/08/10 17:17:31.973, 1, 6245, 62
2026/08/10 17:17:33.022, 0, 5509, 93
2026/08/10 17:17:33.027, 1, 6437, 19
2026/08/10 17:17:34.095, 0, 8165, 100
2026/08/10 17:17:34.099, 1, 5125, 90
2026/08/10 17:17:35.170, 0, 5541, 74
2026/08/10 17:17:35.174, 1, 9125, 100
2026/08/10 17:17:36.234, 0, 5157, 76
2026/08/10 17:17:36.237, 1, 5989, 100
2026/08/10 17:17:37.290, 0, 5829, 97
2026/08/10 17:17:37.294, 1, 9765, 54
2026/08/10 17:17:38.358, 0, 5477, 88
2026/08/10 17:17:38.362, 1, 8869, 90
2026/08/10 17:17:39.439, 0, 6021, 100
2026/08/10 17:17:39.441, 1, 8709, 100
2026/08/10 17:17:40.505, 0, 3749, 90
2026/08/10 17:17:40.512, 1, 5797, 99
2026/08/10 17:17:41.580, 0, 6149, 100
2026/08/10 17:17:41.585, 1, 7813, 100
2026/08/10 17:17:42.651, 0, 4165, 100
2026/08/10 17:17:42.654, 1, 6629, 100
2026/08/10 17:17:43.699, 0, 5509, 100
2026/08/10 17:17:43.703, 1, 6661, 100
2026/08/10 17:17:44.752, 0, 5925, 100
2026/08/10 17:17:44.755, 1, 7973, 13
2026/08/10 17:17:45.801, 0, 5285, 89
2026/08/10 17:17:45.805, 1, 6117, 94
2026/08/10 17:17:46.885, 0, 3589, 94
2026/08/10 17:17:46.892, 1, 6661, 98
2026/08/10 17:17:47.979, 0, 6149, 96
2026/08/10 17:17:47.983, 1, 6629, 96
2026/08/10 17:17:49.049, 0, 4581, 100
2026/08/10 17:17:49.053, 1, 7525, 93
2026/08/10 17:17:50.112, 0, 5605, 98
2026/08/10 17:17:50.116, 1, 5989, 82
2026/08/10 17:17:51.186, 0, 7813, 100
2026/08/10 17:17:51.191, 1, 6117, 83
2026/08/10 17:17:52.256, 0, 4229, 89
2026/08/10 17:17:52.260, 1, 6789, 79
2026/08/10 17:17:53.319, 0, 3685, 97
2026/08/10 17:17:53.327, 1, 8261, 100
2026/08/10 17:17:54.388, 0, 5317, 100
2026/08/10 17:17:54.391, 1, 5253, 100
2026/08/10 17:17:55.450, 0, 6501, 76
2026/08/10 17:17:55.455, 1, 5029, 100
2026/08/10 17:17:56.531, 0, 4037, 100
2026/08/10 17:17:56.535, 1, 5797, 81
2026/08/10 17:17:57.610, 0, 5189, 93
2026/08/10 17:17:57.615, 1, 8261, 100
2026/08/10 17:17:58.691, 0, 6501, 96
2026/08/10 17:17:58.695, 1, 6693, 100
2026/08/10 17:17:59.750, 0, 6917, 100
2026/08/10 17:17:59.754, 1, 7301, 100
2026/08/10 17:18:00.805, 0, 7333, 99
2026/08/10 17:18:00.808, 1, 9125, 100
2026/08/10 17:18:01.856, 0, 6501, 90
2026/08/10 17:18:01.860, 1, 8485, 74
2026/08/10 17:18:02.907, 0, 8677, 100
2026/08/10 17:18:02.911, 1, 9285, 100
2026/08/10 17:18:03.957, 0, 6277, 100
2026/08/10 17:18:03.960, 1, 8805, 90
2026/08/10 17:18:05.007, 0, 7525, 100
2026/08/10 17:18:05.010, 1, 7429, 100
2026/08/10 17:18:06.060, 0, 5253, 100
2026/08/10 17:18:06.063, 1, 8549, 94
2026/08/10 17:18:07.137, 0, 4933, 100
2026/08/10 17:18:07.140, 1, 5317, 86
2026/08/10 17:18:08.202, 0, 3813, 99
2026/08/10 17:18:08.206, 1, 5381, 100
2026/08/10 17:18:09.274, 0, 4965, 97
2026/08/10 17:18:09.278, 1, 5797, 92
2026/08/10 17:18:10.336, 0, 4581, 100
2026/08/10 17:18:10.340, 1, 4869, 89
2026/08/10 17:18:11.427, 0, 4165, 100
2026/08/10 17:18:11.431, 1, 5477, 97
2026/08/10 17:18:12.506, 0, 4517, 98
2026/08/10 17:18:12.511, 1, 7429, 84
2026/08/10 17:18:13.587, 0, 3781, 89
2026/08/10 17:18:13.596, 1, 6021, 100
2026/08/10 17:18:14.698, 0, 4517, 100
2026/08/10 17:18:14.705, 1, 8037, 97
2026/08/10 17:18:15.804, 0, 4421, 100
2026/08/10 17:18:15.811, 1, 4741, 90
2026/08/10 17:18:16.879, 0, 4453, 71
2026/08/10 17:18:16.882, 1, 6693, 97
2026/08/10 17:18:17.951, 0, 3397, 100
2026/08/10 17:18:17.959, 1, 5829, 100
2026/08/10 17:18:19.033, 0, 7333, 43
2026/08/10 17:18:19.040, 1, 6469, 100
2026/08/10 17:18:20.101, 0, 4453, 100
2026/08/10 17:18:20.104, 1, 7077, 100
2026/08/10 17:18:21.171, 0, 4965, 81
2026/08/10 17:18:21.178, 1, 6437, 100
2026/08/10 17:18:22.254, 0, 5445, 91
2026/08/10 17:18:22.257, 1, 6821, 100
2026/08/10 17:18:23.332, 0, 4389, 99
2026/08/10 17:18:23.340, 1, 6917, 100
2026/08/10 17:18:24.399, 0, 6501, 100
2026/08/10 17:18:24.402, 1, 5605, 95
2026/08/10 17:18:25.450, 0, 8165, 95
2026/08/10 17:18:25.454, 1, 9893, 100
2026/08/10 17:18:26.502, 0, 5253, 100
2026/08/10 17:18:26.505, 1, 9541, 98
2026/08/10 17:18:27.561, 0, 4549, 97
2026/08/10 17:18:27.564, 1, 6277, 94
2026/08/10 17:18:28.646, 0, 7653, 90
2026/08/10 17:18:28.650, 1, 6629, 100
2026/08/10 17:18:29.705, 0, 7877, 100
2026/08/10 17:18:29.708, 1, 6437, 77
2026/08/10 17:18:30.763, 0, 5957, 100
2026/08/10 17:18:30.771, 1, 5509, 100
2026/08/10 17:18:31.854, 0, 4165, 77
2026/08/10 17:18:31.864, 1, 5861, 100
2026/08/10 17:18:32.921, 0, 8645, 91
2026/08/10 17:18:32.925, 1, 7269, 100
2026/08/10 17:18:33.979, 0, 5669, 100
2026/08/10 17:18:33.983, 1, 5957, 100
2026/08/10 17:18:35.039, 0, 3973, 98
2026/08/10 17:18:35.042, 1, 6309, 100
2026/08/10 17:18:36.110, 0, 5669, 100
2026/08/10 17:18:36.117, 1, 5797, 100
2026/08/10 17:18:37.207, 0, 5733, 99
2026/08/10 17:18:37.210, 1, 5285, 69
2026/08/10 17:18:38.286, 0, 4261, 100
2026/08/10 17:18:38.289, 1, 7973, 100
2026/08/10 17:18:39.334, 0, 4773, 97
2026/08/10 17:18:39.338, 1, 6181, 97
2026/08/10 17:18:40.393, 0, 7013, 97
2026/08/10 17:18:40.396, 1, 6085, 78
2026/08/10 17:18:41.447, 0, 5989, 99
2026/08/10 17:18:41.451, 1, 6501, 100
2026/08/10 17:18:42.541, 0, 5477, 100
2026/08/10 17:18:42.548, 1, 5829, 84
2026/08/10 17:18:43.625, 0, 3557, 100
2026/08/10 17:18:43.632, 1, 5797, 100
2026/08/10 17:18:44.693, 0, 6917, 98
2026/08/10 17:18:44.696, 1, 6437, 98
2026/08/10 17:18:45.751, 0, 4901, 100
2026/08/10 17:18:45.755, 1, 7877, 99
2026/08/10 17:18:46.834, 0, 3717, 87
2026/08/10 17:18:46.838, 1, 5125, 96
2026/08/10 17:18:47.897, 0, 4453, 100
2026/08/10 17:18:47.905, 1, 6021, 93
2026/08/10 17:18:48.966, 0, 6757, 87
2026/08/10 17:18:48.971, 1, 7013, 100
2026/08/10 17:18:50.061, 0, 4837, 83
2026/08/10 17:18:50.069, 1, 4197, 97
2026/08/10 17:18:51.150, 0, 5733, 100
2026/08/10 17:18:51.154, 1, 7813, 87
2026/08/10 17:18:52.205, 0, 7077, 100
2026/08/10 17:18:52.208, 1, 6789, 84
2026/08/10 17:18:53.267, 0, 7045, 100
2026/08/10 17:18:53.273, 1, 10373, 99
2026/08/10 17:18:54.327, 0, 7461, 17
2026/08/10 17:18:54.330, 1, 5701, 99
2026/08/10 17:18:55.378, 0, 5861, 93
2026/08/10 17:18:55.381, 1, 7525, 99
2026/08/10 17:18:56.430, 0, 7077, 78
2026/08/10 17:18:56.433, 1, 7717, 90
2026/08/10 17:18:57.530, 0, 3589, 100
2026/08/10 17:18:57.538, 1, 4485, 100
2026/08/10 17:18:58.632, 0, 5861, 100
2026/08/10 17:18:58.636, 1, 6437, 45
2026/08/10 17:18:59.720, 0, 4133, 100
2026/08/10 17:18:59.724, 1, 7653, 100
2026/08/10 17:19:00.785, 0, 4933, 100
2026/08/10 17:19:00.789, 1, 7621, 100
2026/08/10 17:19:01.844, 0, 3941, 100
2026/08/10 17:19:01.846, 1, 5413, 97
2026/08/10 17:19:02.906, 0, 4965, 94
2026/08/10 17:19:02.914, 1, 6469, 100
2026/08/10 17:19:03.975, 0, 6277, 95
2026/08/10 17:19:03.979, 1, 6117, 97
2026/08/10 17:19:05.062, 0, 5029, 100
2026/08/10 17:19:05.068, 1, 5253, 91
2026/08/10 17:19:06.129, 0, 5157, 100
2026/08/10 17:19:06.133, 1, 5253, 100
2026/08/10 17:19:07.182, 0, 5061, 100
2026/08/10 17:19:07.185, 1, 7333, 96
2026/08/10 17:19:08.239, 0, 9669, 100
2026/08/10 17:19:08.242, 1, 7397, 96
2026/08/10 17:19:09.312, 0, 4805, 97
2026/08/10 17:19:09.316, 1, 5733, 100
2026/08/10 17:19:10.373, 0, 7045, 94
2026/08/10 17:19:10.376, 1, 10181, 100
2026/08/10 17:19:11.438, 0, 5637, 100
2026/08/10 17:19:11.442, 1, 6853, 95
2026/08/10 17:19:12.506, 0, 6821, 94
2026/08/10 17:19:12.511, 1, 5765, 100
2026/08/10 17:19:13.579, 0, 6661, 90
2026/08/10 17:19:13.584, 1, 7557, 100
2026/08/10 17:19:14.657, 0, 5093, 77
2026/08/10 17:19:14.660, 1, 7813, 100
2026/08/10 17:19:15.722, 0, 5413, 99
2026/08/10 17:19:15.730, 1, 10181, 100
2026/08/10 17:19:16.796, 0, 4485, 100
2026/08/10 17:19:16.804, 1, 7941, 100
2026/08/10 17:19:17.871, 0, 4421, 100
2026/08/10 17:19:17.874, 1, 6629, 89
2026/08/10 17:19:18.948, 0, 4709, 100
2026/08/10 17:19:18.952, 1, 6629, 91
2026/08/10 17:19:20.005, 0, 4965, 81
2026/08/10 17:19:20.009, 1, 10181, 98
2026/08/10 17:19:21.067, 0, 7237, 98
2026/08/10 17:19:21.072, 1, 5797, 91
2026/08/10 17:19:22.139, 0, 5157, 74
2026/08/10 17:19:22.143, 1, 7525, 100
2026/08/10 17:19:23.195, 0, 8229, 100
2026/08/10 17:19:23.199, 1, 7429, 100
2026/08/10 17:19:24.255, 0, 6725, 100
2026/08/10 17:19:24.259, 1, 8773, 81
2026/08/10 17:19:25.323, 0, 6725, 100
2026/08/10 17:19:25.328, 1, 6597, 100
2026/08/10 17:19:26.393, 0, 5509, 100
2026/08/10 17:19:26.397, 1, 7653, 91
2026/08/10 17:19:27.457, 0, 4389, 100
2026/08/10 17:19:27.464, 1, 6149, 99
2026/08/10 17:19:28.519, 0, 3973, 100
2026/08/10 17:19:28.522, 1, 6213, 100
2026/08/10 17:19:29.577, 0, 5797, 100
2026/08/10 17:19:29.580, 1, 7845, 95
2026/08/10 17:19:30.650, 0, 6085, 68
2026/08/10 17:19:30.655, 1, 6277, 88
2026/08/10 17:19:31.706, 0, 5765, 100
2026/08/10 17:19:31.709, 1, 8325, 55
2026/08/10 17:19:32.756, 0, 3941, 100
2026/08/10 17:19:32.760, 1, 8869, 100
2026/08/10 17:19:33.813, 0, 6341, 91
2026/08/10 17:19:33.816, 1, 7397, 100
2026/08/10 17:19:34.882, 0, 7525, 100
2026/08/10 17:19:34.887, 1, 7109, 100
2026/08/10 17:19:35.947, 0, 4389, 73
2026/08/10 17:19:35.950, 1, 8133, 79
2026/08/10 17:19:37.024, 0, 5509, 99
2026/08/10 17:19:37.029, 1, 7045, 96
2026/08/10 17:19:38.097, 0, 4933, 100
2026/08/10 17:19:38.102, 1, 6341, 98
2026/08/10 17:19:39.167, 0, 6501, 100
2026/08/10 17:19:39.171, 1, 7909, 100
2026/08/10 17:19:40.221, 0, 7237, 99
2026/08/10 17:19:40.224, 1, 5829, 98
2026/08/10 17:19:41.300, 0, 5093, 100
2026/08/10 17:19:41.306, 1, 8101, 94
2026/08/10 17:19:42.363, 0, 6757, 98
2026/08/10 17:19:42.372, 1, 6885, 100
2026/08/10 17:19:43.427, 0, 5925, 69
2026/08/10 17:19:43.433, 1, 7525, 100
2026/08/10 17:19:44.508, 0, 5125, 61
2026/08/10 17:19:44.513, 1, 5989, 91
2026/08/10 17:19:45.580, 0, 8485, 100
2026/08/10 17:19:45.588, 1, 9957, 100
2026/08/10 17:19:46.659, 0, 6533, 95
2026/08/10 17:19:46.663, 1, 7525, 100
2026/08/10 17:19:47.719, 0, 8805, 92
2026/08/10 17:19:47.722, 1, 9605, 99
2026/08/10 17:19:48.784, 0, 6085, 100
2026/08/10 17:19:48.791, 1, 7557, 100
2026/08/10 17:19:49.843, 0, 6885, 65
2026/08/10 17:19:49.847, 1, 9285, 100
2026/08/10 17:19:50.922, 0, 9061, 59
2026/08/10 17:19:50.926, 1, 5925, 100
2026/08/10 17:19:51.990, 0, 6181, 100
2026/08/10 17:19:51.996, 1, 10149, 90
2026/08/10 17:19:53.054, 0, 4293, 100
2026/08/10 17:19:53.058, 1, 6245, 100
2026/08/10 17:19:54.123, 0, 4901, 100
2026/08/10 17:19:54.126, 1, 8741, 100
2026/08/10 17:19:55.177, 0, 5061, 100
2026/08/10 17:19:55.180, 1, 8133, 99
2026/08/10 17:19:56.228, 0, 6597, 100
2026/08/10 17:19:56.231, 1, 10501, 78
2026/08/10 17:19:57.278, 0, 6597, 100
2026/08/10 17:19:57.283, 1, 7109, 100
2026/08/10 17:19:58.338, 0, 4293, 95
2026/08/10 17:19:58.342, 1, 6693, 100
2026/08/10 17:19:59.409, 0, 4677, 60
2026/08/10 17:19:59.413, 1, 8261, 100
2026/08/10 17:20:00.465, 0, 6533, 100
2026/08/10 17:20:00.469, 1, 5125, 100
2026/08/10 17:20:01.519, 0, 6405, 100
2026/08/10 17:20:01.523, 1, 8165, 93
2026/08/10 17:20:02.572, 0, 7749, 99
2026/08/10 17:20:02.576, 1, 6085, 100
2026/08/10 17:20:03.626, 0, 6149, 100
2026/08/10 17:20:03.629, 1, 9413, 97
2026/08/10 17:20:04.677, 0, 6661, 100
2026/08/10 17:20:04.681, 1, 6437, 99
2026/08/10 17:20:05.738, 0, 6725, 99
2026/08/10 17:20:05.741, 1, 6725, 91
2026/08/10 17:20:06.794, 0, 4037, 100
2026/08/10 17:20:06.797, 1, 7589, 95
2026/08/10 17:20:07.850, 0, 5669, 89
2026/08/10 17:20:07.854, 1, 7045, 100
2026/08/10 17:20:08.915, 0, 4965, 100
2026/08/10 17:20:08.918, 1, 8357, 100
2026/08/10 17:20:09.970, 0, 5317, 81
2026/08/10 17:20:09.973, 1, 9061, 100
2026/08/10 17:20:11.022, 0, 7173, 81
2026/08/10 17:20:11.025, 1, 8453, 63
2026/08/10 17:20:12.073, 0, 9605, 90
2026/08/10 17:20:12.077, 1, 6373, 100
2026/08/10 17:20:13.128, 0, 9349, 100
2026/08/10 17:20:13.131, 1, 8613, 99
2026/08/10 17:20:14.177, 0, 4133, 92
2026/08/10 17:20:14.180, 1, 7397, 100
2026/08/10 17:20:15.236, 0, 5957, 100
2026/08/10 17:20:15.239, 1, 8389, 83
2026/08/10 17:20:16.290, 0, 4805, 93
2026/08/10 17:20:16.295, 1, 7461, 99
2026/08/10 17:20:17.366, 0, 5093, 96
2026/08/10 17:20:17.370, 1, 7717, 75
2026/08/10 17:20:18.446, 0, 4677, 100
2026/08/10 17:20:18.450, 1, 6725, 100
2026/08/10 17:20:19.515, 0, 4677, 94
2026/08/10 17:20:19.518, 1, 9701, 99
2026/08/10 17:20:20.581, 0, 4901, 100
2026/08/10 17:20:20.585, 1, 9285, 14
2026/08/10 17:20:21.640, 0, 4165, 100
2026/08/10 17:20:21.645, 1, 7141, 98
2026/08/10 17:20:22.716, 0, 7333, 97
2026/08/10 17:20:22.720, 1, 5605, 100
2026/08/10 17:20:23.774, 0, 6501, 94
2026/08/10 17:20:23.781, 1, 5861, 100
2026/08/10 17:20:24.846, 0, 4229, 99
2026/08/10 17:20:24.852, 1, 5317, 90
2026/08/10 17:20:25.929, 0, 4549, 87
2026/08/10 17:20:25.933, 1, 6981, 95
2026/08/10 17:20:27.023, 0, 5253, 99
2026/08/10 17:20:27.032, 1, 5605, 92
2026/08/10 17:20:28.109, 0, 5509, 100
2026/08/10 17:20:28.113, 1, 7845, 100
2026/08/10 17:20:29.165, 0, 7013, 80
2026/08/10 17:20:29.168, 1, 7909, 100
2026/08/10 17:20:30.221, 0, 6373, 99
2026/08/10 17:20:30.224, 1, 7461, 93
2026/08/10 17:20:31.299, 0, 5157, 100
2026/08/10 17:20:31.303, 1, 4485, 100
2026/08/10 17:20:32.357, 0, 5573, 100
2026/08/10 17:20:32.359, 1, 8357, 98
2026/08/10 17:20:33.405, 0, 9445, 92
2026/08/10 17:20:33.408, 1, 9189, 87
2026/08/10 17:20:34.456, 0, 5061, 79
2026/08/10 17:20:34.459, 1, 8069, 100
2026/08/10 17:20:35.524, 0, 8677, 100
2026/08/10 17:20:35.529, 1, 6373, 97
2026/08/10 17:20:36.614, 0, 6437, 81
2026/08/10 17:20:36.622, 1, 6661, 100
2026/08/10 17:20:37.678, 0, 6469, 100
2026/08/10 17:20:37.689, 1, 5445, 74
2026/08/10 17:20:38.754, 0, 4453, 100
2026/08/10 17:20:38.760, 1, 5317, 85
2026/08/10 17:20:39.860, 0, 4997, 100
2026/08/10 17:20:39.864, 1, 8165, 100
2026/08/10 17:20:40.914, 0, 4293, 97
2026/08/10 17:20:40.918, 1, 6693, 94
2026/08/10 17:20:42.015, 0, 5989, 79
2026/08/10 17:20:42.023, 1, 5125, 100
2026/08/10 17:20:43.092, 0, 5541, 67
2026/08/10 17:20:43.095, 1, 4901, 100
2026/08/10 17:20:44.146, 0, 6949, 74
2026/08/10 17:20:44.150, 1, 7685, 100
2026/08/10 17:20:45.203, 0, 5701, 100
2026/08/10 17:20:45.207, 1, 6693, 100
2026/08/10 17:20:46.260, 0, 4645, 100
2026/08/10 17:20:46.264, 1, 5157, 97
2026/08/10 17:20:47.320, 0, 6533, 98
2026/08/10 17:20:47.323, 1, 9765, 87
2026/08/10 17:20:48.369, 0, 6309, 100
2026/08/10 17:20:48.372, 1, 7013, 97
2026/08/10 17:20:49.440, 0, 7781, 99
2026/08/10 17:20:49.452, 1, 6725, 100
2026/08/10 17:20:50.514, 0, 7557, 100
2026/08/10 17:20:50.520, 1, 9669, 100
2026/08/10 17:20:51.588, 0, 6149, 98
2026/08/10 17:20:51.592, 1, 7397, 100
2026/08/10 17:20:52.653, 0, 6149, 100
2026/08/10 17:20:52.661, 1, 6693, 100
2026/08/10 17:20:53.731, 0, 7973, 100
2026/08/10 17:20:53.735, 1, 6117, 100
2026/08/10 17:20:54.782, 0, 7301, 80
2026/08/10 17:20:54.785, 1, 6533, 96
2026/08/10 17:20:55.844, 0, 4389, 100
2026/08/10 17:20:55.848, 1, 11429, 95
2026/08/10 17:20:56.909, 0, 6661, 100
2026/08/10 17:20:56.914, 1, 5669, 100
2026/08/10 17:20:57.972, 0, 5925, 93
2026/08/10 17:20:57.975, 1, 6053, 95
2026/08/10 17:20:59.047, 0, 6661, 63
2026/08/10 17:20:59.051, 1, 7461, 99
2026/08/10 17:21:00.114, 0, 4965, 100
2026/08/10 17:21:00.117, 1, 5317, 100
2026/08/10 17:21:01.172, 0, 5797, 100
2026/08/10 17:21:01.175, 1, 7109, 81
2026/08/10 17:21:02.244, 0, 4101, 99
2026/08/10 17:21:02.253, 1, 8293, 100
2026/08/10 17:21:03.328, 0, 5061, 100
2026/08/10 17:21:03.332, 1, 6693, 100
2026/08/10 17:21:04.401, 0, 8293, 94
2026/08/10 17:21:04.405, 1, 7141, 100
2026/08/10 17:21:05.458, 0, 4485, 100
2026/08/10 17:21:05.461, 1, 8005, 100
2026/08/10 17:21:06.517, 0, 7781, 96
2026/08/10 17:21:06.520, 1, 5637, 100
2026/08/10 17:21:07.593, 0, 5093, 100
2026/08/10 17:21:07.598, 1, 7365, 58
2026/08/10 17:21:08.654, 0, 6341, 98
2026/08/10 17:21:08.658, 1, 8453, 100
2026/08/10 17:21:09.705, 0, 6629, 100
2026/08/10 17:21:09.708, 1, 7909, 100
2026/08/10 17:21:10.773, 0, 6053, 100
2026/08/10 17:21:10.777, 1, 7589, 95
2026/08/10 17:21:11.845, 0, 5605, 99
2026/08/10 17:21:11.849, 1, 6789, 95
2026/08/10 17:21:12.920, 0, 5189, 84
2026/08/10 17:21:12.930, 1, 7429, 91
2026/08/10 17:21:14.009, 0, 6213, 87
2026/08/10 17:21:14.013, 1, 5477, 91
2026/08/10 17:21:15.068, 0, 7717, 99
2026/08/10 17:21:15.072, 1, 7557, 15
2026/08/10 17:21:16.168, 0, 4773, 92
2026/08/10 17:21:16.175, 1, 8933, 100
2026/08/10 17:21:17.243, 0, 5061, 87
2026/08/10 17:21:17.245, 1, 6981, 99
2026/08/10 17:21:18.298, 0, 6149, 83
2026/08/10 17:21:18.302, 1, 5925, 100
2026/08/10 17:21:19.379, 0, 4869, 91
2026/08/10 17:21:19.382, 1, 5829, 90
2026/08/10 17:21:20.449, 0, 5861, 100
2026/08/10 17:21:20.452, 1, 7397, 88
2026/08/10 17:21:21.502, 0, 5221, 100
2026/08/10 17:21:21.506, 1, 7269, 100
2026/08/10 17:21:22.564, 0, 4869, 100
2026/08/10 17:21:22.568, 1, 6117, 100
2026/08/10 17:21:23.648, 0, 5701, 100
2026/08/10 17:21:23.651, 1, 6085, 100
2026/08/10 17:21:24.703, 0, 6757, 96
2026/08/10 17:21:24.708, 1, 7557, 100
2026/08/10 17:21:25.774, 0, 5637, 77
2026/08/10 17:21:25.781, 1, 6789, 100
2026/08/10 17:21:26.871, 0, 4645, 100
2026/08/10 17:21:26.878, 1, 7877, 33
2026/08/10 17:21:27.953, 0, 6885, 100
2026/08/10 17:21:27.957, 1, 7013, 67
2026/08/10 17:21:29.008, 0, 6117, 100
2026/08/10 17:21:29.012, 1, 8165, 93
2026/08/10 17:21:30.066, 0, 7205, 99
2026/08/10 17:21:30.070, 1, 6533, 67
2026/08/10 17:21:31.143, 0, 4933, 100
2026/08/10 17:21:31.147, 1, 4805, 88
2026/08/10 17:21:32.219, 0, 5477, 100
2026/08/10 17:21:32.225, 1, 9029, 75
2026/08/10 17:21:33.335, 0, 6469, 98
2026/08/10 17:21:33.343, 1, 6629, 100
2026/08/10 17:21:34.421, 0, 5029, 100
2026/08/10 17:21:34.428, 1, 5733, 100
2026/08/10 17:21:35.501, 0, 4997, 100
2026/08/10 17:21:35.508, 1, 6853, 100
2026/08/10 17:21:36.598, 0, 4901, 100
2026/08/10 17:21:36.602, 1, 6885, 97
2026/08/10 17:21:37.655, 0, 4485, 93
2026/08/10 17:21:37.659, 1, 9285, 87
2026/08/10 17:21:38.726, 0, 5477, 97
2026/08/10 17:21:38.732, 1, 5829, 100
2026/08/10 17:21:39.806, 0, 5029, 94
2026/08/10 17:21:39.810, 1, 5829, 99
2026/08/10 17:21:40.879, 0, 4293, 94
2026/08/10 17:21:40.884, 1, 7493, 90
2026/08/10 17:21:41.959, 0, 4293, 100
2026/08/10 17:21:41.968, 1, 6373, 100
2026/08/10 17:21:43.041, 0, 5317, 100
2026/08/10 17:21:43.048, 1, 6245, 91
2026/08/10 17:21:44.130, 0, 4805, 78
2026/08/10 17:21:44.133, 1, 7045, 96
2026/08/10 17:21:45.202, 0, 5733, 100
2026/08/10 17:21:45.207, 1, 5157, 93
2026/08/10 17:21:46.306, 0, 8901, 100
2026/08/10 17:21:46.313, 1, 8069, 100
2026/08/10 17:21:47.379, 0, 4261, 100
2026/08/10 17:21:47.383, 1, 8709, 76
2026/08/10 17:21:48.433, 0, 6693, 88
2026/08/10 17:21:48.437, 1, 9381, 100
2026/08/10 17:21:49.494, 0, 4485, 100
2026/08/10 17:21:49.504, 1, 7909, 95
2026/08/10 17:21:50.575, 0, 6373, 78
2026/08/10 17:21:50.579, 1, 7365, 100
2026/08/10 17:21:51.646, 0, 6885, 83
2026/08/10 17:21:51.653, 1, 5381, 100
2026/08/10 17:21:52.716, 0, 5701, 99
2026/08/10 17:21:52.720, 1, 6789, 98
2026/08/10 17:21:53.792, 0, 5477, 79
2026/08/10 17:21:53.797, 1, 7077, 97
2026/08/10 17:21:54.862, 0, 5061, 100
2026/08/10 17:21:54.865, 1, 9029, 84
2026/08/10 17:21:55.911, 0, 9221, 97
2026/08/10 17:21:55.914, 1, 7397, 100
2026/08/10 17:21:56.967, 0, 8261, 31
2026/08/10 17:21:56.970, 1, 9637, 100
2026/08/10 17:21:58.045, 0, 8069, 100
2026/08/10 17:21:58.056, 1, 8325, 100
2026/08/10 17:21:59.131, 0, 6693, 67
2026/08/10 17:21:59.133, 1, 7717, 100
2026/08/10 17:22:00.174, 0, 6693, 0
2026/08/10 17:22:00.176, 1, 7717, 0
2026/08/10 17:22:01.218, 0, 6693, 0
2026/08/10 17:22:01.220, 1, 7717, 0
2026/08/10 17:22:02.262, 0, 6693, 0
2026/08/10 17:22:02.264, 1, 7717, 0
2026/08/10 17:22:03.305, 0, 6693, 0
2026/08/10 17:22:03.307, 1, 7717, 0
2026/08/10 17:22:04.347, 0, 6693, 0
2026/08/10 17:22:04.349, 1, 7717, 0
2026/08/10 17:22:05.390, 0, 6693, 0
2026/08/10 17:22:05.392, 1, 7717, 0
2026/08/10 17:22:06.432, 0, 6693, 0
2026/08/10 17:22:06.434, 1, 7717, 0
2026/08/10 17:22:07.473, 0, 6693, 0
2026/08/10 17:22:07.475, 1, 7717, 0
2026/08/10 17:22:08.513, 0, 6693, 0
2026/08/10 17:22:08.515, 1, 7717, 0
2026/08/10 17:22:09.553, 0, 6693, 0
2026/08/10 17:22:09.556, 1, 7717, 0
2026/08/10 17:22:10.596, 0, 6693, 0
2026/08/10 17:22:10.598, 1, 7717, 0
2026/08/10 17:22:11.640, 0, 6693, 0
2026/08/10 17:22:11.642, 1, 7717, 0
2026/08/10 17:22:12.679, 0, 6693, 0
2026/08/10 17:22:12.681, 1, 7717, 0
2026/08/10 17:22:13.723, 0, 6693, 0
2026/08/10 17:22:13.725, 1, 7717, 0
2026/08/10 17:22:14.768, 0, 6693, 0
2026/08/10 17:22:14.770, 1, 7717, 0
2026/08/10 17:22:15.808, 0, 6693, 0
2026/08/10 17:22:15.811, 1, 7717, 0
2026/08/10 17:22:16.849, 0, 6693, 0
2026/08/10 17:22:16.853, 1, 7717, 0
2026/08/10 17:22:17.895, 0, 6693, 0
2026/08/10 17:22:17.899, 1, 7717, 0
2026/08/10 17:22:18.934, 0, 6693, 0
2026/08/10 17:22:18.937, 1, 7717, 0
2026/08/10 17:22:20.111, 0, 93, 2
2026/08/10 17:22:20.122, 1, 15, 0
