v5_sweeps block=256 backprop_blocks_per_sm=4 reach_blocks_per_sm=2
v5_sweeps block=256 backprop_blocks_per_sm=4 reach_blocks_per_sm=2
v5_sweeps block=256 backprop_blocks_per_sm=4 reach_blocks_per_sm=2
v5_sweeps block=256 backprop_blocks_per_sm=4 reach_blocks_per_sm=2
v5 GEMM compute=fast-f16
v5_device jobs=39 rows=7098 cells=257478 direct=true graph_reused=false upload_ms=6.35 capture_ms=248.21 queue_ms=30.89 gpu_ms=0.01 unpack_ms=1.61 total_ms=287.07
v5_service device=0 lane=1 class=0 jobs=39 rows=7098 cells=257478 reach=259506 reverse=257478 table_mib=11.4 mutable_mib=312.0 max_job_mib=8.5 oldest_ms=78.78 pack_ms=9.65 solve_ms=287.16
v5_device jobs=44 rows=8008 cells=290488 direct=true graph_reused=false upload_ms=8.48 capture_ms=244.08 queue_ms=30.60 gpu_ms=0.01 unpack_ms=1.84 total_ms=285.02
v5_service device=0 lane=0 class=0 jobs=44 rows=8008 cells=290488 reach=292776 reverse=290488 table_mib=12.9 mutable_mib=352.0 max_job_mib=8.5 oldest_ms=80.58 pack_ms=12.24 solve_ms=285.26
v5_device jobs=40 rows=7280 cells=264080 direct=true graph_reused=false upload_ms=10.45 capture_ms=237.78 queue_ms=35.63 gpu_ms=0.01 unpack_ms=2.15 total_ms=286.02
v5_service device=1 lane=0 class=0 jobs=40 rows=7280 cells=264080 reach=266160 reverse=264080 table_mib=11.7 mutable_mib=320.0 max_job_mib=8.5 oldest_ms=81.92 pack_ms=13.69 solve_ms=286.07
v5_device jobs=44 rows=8008 cells=290488 direct=true graph_reused=false upload_ms=9.64 capture_ms=236.89 queue_ms=36.21 gpu_ms=0.01 unpack_ms=8.70 total_ms=291.46
v5_service device=1 lane=1 class=0 jobs=44 rows=8008 cells=290488 reach=292776 reverse=290488 table_mib=12.9 mutable_mib=352.0 max_job_mib=8.5 oldest_ms=79.88 pack_ms=12.39 solve_ms=291.49
v5_device jobs=46 rows=8372 cells=303692 direct=true graph_reused=false upload_ms=5.56 capture_ms=3.71 queue_ms=20.36 gpu_ms=0.01 unpack_ms=2.04 total_ms=31.68
v5_service device=1 lane=0 class=0 jobs=46 rows=8372 cells=303692 reach=306084 reverse=303692 table_mib=13.5 mutable_mib=368.0 max_job_mib=8.5 oldest_ms=77.41 pack_ms=7.57 solve_ms=31.74
v5_device jobs=53 rows=9646 cells=349906 direct=true graph_reused=false upload_ms=6.29 capture_ms=3.91 queue_ms=29.81 gpu_ms=0.01 unpack_ms=2.68 total_ms=42.71
v5_service device=0 lane=0 class=0 jobs=53 rows=9646 cells=349906 reach=352662 reverse=349906 table_mib=15.6 mutable_mib=424.0 max_job_mib=8.5 oldest_ms=78.22 pack_ms=7.16 solve_ms=42.76
v5_device jobs=46 rows=8372 cells=303692 direct=true graph_reused=false upload_ms=13.76 capture_ms=3.47 queue_ms=30.77 gpu_ms=0.01 unpack_ms=2.01 total_ms=50.02
v5_service device=0 lane=1 class=0 jobs=46 rows=8372 cells=303692 reach=306084 reverse=303692 table_mib=13.5 mutable_mib=368.0 max_job_mib=8.5 oldest_ms=78.79 pack_ms=8.57 solve_ms=50.08
v5_device jobs=66 rows=12012 cells=435732 direct=true graph_reused=false upload_ms=15.80 capture_ms=4.94 queue_ms=38.27 gpu_ms=5.32 unpack_ms=1.94 total_ms=66.26
v5_service device=1 lane=1 class=0 jobs=66 rows=12012 cells=435732 reach=439164 reverse=435732 table_mib=19.4 mutable_mib=528.0 max_job_mib=8.5 oldest_ms=79.13 pack_ms=15.10 solve_ms=66.31
v5_device jobs=52 rows=9464 cells=343304 direct=true graph_reused=false upload_ms=6.04 capture_ms=3.66 queue_ms=22.21 gpu_ms=0.01 unpack_ms=1.81 total_ms=33.72
v5_service device=1 lane=0 class=0 jobs=52 rows=9464 cells=343304 reach=346008 reverse=343304 table_mib=15.3 mutable_mib=416.0 max_job_mib=8.5 oldest_ms=78.22 pack_ms=8.46 solve_ms=33.77
v5_device jobs=52 rows=9464 cells=343304 direct=true graph_reused=false upload_ms=9.52 capture_ms=3.59 queue_ms=26.29 gpu_ms=4.99 unpack_ms=2.46 total_ms=46.84
v5_service device=0 lane=1 class=0 jobs=52 rows=9464 cells=343304 reach=346008 reverse=343304 table_mib=15.3 mutable_mib=416.0 max_job_mib=8.5 oldest_ms=80.98 pack_ms=9.39 solve_ms=46.90
v5_device jobs=62 rows=11284 cells=409324 direct=true graph_reused=false upload_ms=8.09 capture_ms=2.86 queue_ms=45.17 gpu_ms=5.32 unpack_ms=3.15 total_ms=64.58
v5_service device=0 lane=0 class=0 jobs=62 rows=11284 cells=409324 reach=412548 reverse=409324 table_mib=18.2 mutable_mib=496.0 max_job_mib=8.5 oldest_ms=77.38 pack_ms=8.34 solve_ms=64.64
v5_device jobs=65 rows=11830 cells=429130 direct=true graph_reused=false upload_ms=9.40 capture_ms=2.88 queue_ms=29.49 gpu_ms=0.01 unpack_ms=2.37 total_ms=44.16
v5_service device=1 lane=1 class=0 jobs=65 rows=11830 cells=429130 reach=432510 reverse=429130 table_mib=19.1 mutable_mib=520.0 max_job_mib=8.5 oldest_ms=81.98 pack_ms=8.73 solve_ms=44.21
v5_device jobs=52 rows=9464 cells=343304 direct=true graph_reused=false upload_ms=5.99 capture_ms=3.40 queue_ms=22.88 gpu_ms=0.01 unpack_ms=1.86 total_ms=34.14
v5_service device=1 lane=0 class=0 jobs=52 rows=9464 cells=343304 reach=346008 reverse=343304 table_mib=15.3 mutable_mib=416.0 max_job_mib=8.5 oldest_ms=79.89 pack_ms=8.31 solve_ms=34.19
v5_device jobs=63 rows=11466 cells=415926 direct=true graph_reused=false upload_ms=17.30 capture_ms=3.19 queue_ms=39.62 gpu_ms=0.01 unpack_ms=1.62 total_ms=61.74
v5_service device=0 lane=0 class=0 jobs=63 rows=11466 cells=415926 reach=419202 reverse=415926 table_mib=18.5 mutable_mib=504.0 max_job_mib=8.5 oldest_ms=79.42 pack_ms=9.62 solve_ms=61.79
v5_device jobs=64 rows=11648 cells=422528 direct=true graph_reused=false upload_ms=9.41 capture_ms=2.84 queue_ms=28.01 gpu_ms=0.01 unpack_ms=3.78 total_ms=44.05
v5_service device=1 lane=1 class=0 jobs=64 rows=11648 cells=422528 reach=425856 reverse=422528 table_mib=18.8 mutable_mib=512.0 max_job_mib=8.5 oldest_ms=78.17 pack_ms=8.35 solve_ms=44.10
v5_device jobs=54 rows=9828 cells=356508 direct=true graph_reused=false upload_ms=18.93 capture_ms=4.06 queue_ms=53.16 gpu_ms=0.01 unpack_ms=2.50 total_ms=78.67
v5_service device=0 lane=1 class=0 jobs=54 rows=9828 cells=356508 reach=359316 reverse=356508 table_mib=15.8 mutable_mib=432.0 max_job_mib=8.5 oldest_ms=77.98 pack_ms=9.08 solve_ms=78.72
v5_device jobs=53 rows=9646 cells=349906 direct=true graph_reused=false upload_ms=6.60 capture_ms=3.45 queue_ms=24.34 gpu_ms=0.01 unpack_ms=1.73 total_ms=36.12
v5_service device=1 lane=0 class=0 jobs=53 rows=9646 cells=349906 reach=352662 reverse=349906 table_mib=15.6 mutable_mib=424.0 max_job_mib=8.5 oldest_ms=79.93 pack_ms=10.05 solve_ms=36.18
v5_device jobs=52 rows=9464 cells=343304 direct=true graph_reused=false upload_ms=6.64 capture_ms=3.46 queue_ms=28.61 gpu_ms=0.01 unpack_ms=2.21 total_ms=40.92
v5_service device=0 lane=0 class=0 jobs=52 rows=9464 cells=343304 reach=346008 reverse=343304 table_mib=15.3 mutable_mib=416.0 max_job_mib=8.5 oldest_ms=80.24 pack_ms=8.58 solve_ms=40.98
v5_device jobs=61 rows=11102 cells=402722 direct=true graph_reused=false upload_ms=12.86 capture_ms=2.88 queue_ms=26.16 gpu_ms=0.01 unpack_ms=2.83 total_ms=44.75
v5_service device=1 lane=1 class=0 jobs=61 rows=11102 cells=402722 reach=405894 reverse=402722 table_mib=17.9 mutable_mib=488.0 max_job_mib=8.5 oldest_ms=77.15 pack_ms=7.86 solve_ms=44.82
v5_device jobs=54 rows=9828 cells=356508 direct=true graph_reused=false upload_ms=6.85 capture_ms=3.46 queue_ms=31.36 gpu_ms=0.01 unpack_ms=2.34 total_ms=44.02
v5_service device=0 lane=1 class=0 jobs=54 rows=9828 cells=356508 reach=359316 reverse=356508 table_mib=15.8 mutable_mib=432.0 max_job_mib=8.5 oldest_ms=78.10 pack_ms=9.10 solve_ms=44.07
v5_device jobs=55 rows=10010 cells=363110 direct=true graph_reused=false upload_ms=7.14 capture_ms=3.24 queue_ms=22.37 gpu_ms=0.01 unpack_ms=2.14 total_ms=34.90
v5_service device=1 lane=0 class=0 jobs=55 rows=10010 cells=363110 reach=365970 reverse=363110 table_mib=16.1 mutable_mib=440.0 max_job_mib=8.5 oldest_ms=82.97 pack_ms=11.63 solve_ms=34.95
v5_device jobs=59 rows=10738 cells=389518 direct=true graph_reused=false upload_ms=9.09 capture_ms=2.94 queue_ms=31.16 gpu_ms=0.01 unpack_ms=2.07 total_ms=45.27
v5_service device=0 lane=0 class=0 jobs=59 rows=10738 cells=389518 reach=392586 reverse=389518 table_mib=17.3 mutable_mib=472.0 max_job_mib=8.5 oldest_ms=78.18 pack_ms=7.67 solve_ms=45.32
v5_device jobs=59 rows=10738 cells=389518 direct=true graph_reused=false upload_ms=14.07 capture_ms=2.59 queue_ms=24.91 gpu_ms=0.01 unpack_ms=2.21 total_ms=43.78
v5_service device=1 lane=1 class=0 jobs=59 rows=10738 cells=389518 reach=392586 reverse=389518 table_mib=17.3 mutable_mib=472.0 max_job_mib=8.5 oldest_ms=77.98 pack_ms=7.53 solve_ms=43.83
v5_device jobs=54 rows=9828 cells=356508 direct=true graph_reused=false upload_ms=8.59 capture_ms=3.44 queue_ms=30.97 gpu_ms=0.01 unpack_ms=2.34 total_ms=45.36
v5_service device=0 lane=1 class=0 jobs=54 rows=9828 cells=356508 reach=359316 reverse=356508 table_mib=15.8 mutable_mib=432.0 max_job_mib=8.5 oldest_ms=78.42 pack_ms=9.04 solve_ms=45.42
v5_device jobs=64 rows=11648 cells=422528 direct=true graph_reused=false upload_ms=9.52 capture_ms=2.89 queue_ms=26.65 gpu_ms=5.27 unpack_ms=2.31 total_ms=46.64
v5_service device=1 lane=0 class=0 jobs=64 rows=11648 cells=422528 reach=425856 reverse=422528 table_mib=18.8 mutable_mib=512.0 max_job_mib=8.5 oldest_ms=80.36 pack_ms=11.38 solve_ms=46.69
v5_device jobs=61 rows=11102 cells=402722 direct=true graph_reused=false upload_ms=7.34 capture_ms=2.62 queue_ms=26.84 gpu_ms=0.01 unpack_ms=5.27 total_ms=42.08
v5_service device=1 lane=1 class=0 jobs=61 rows=11102 cells=402722 reach=405894 reverse=402722 table_mib=17.9 mutable_mib=488.0 max_job_mib=8.5 oldest_ms=78.65 pack_ms=8.14 solve_ms=42.13
v5_device jobs=60 rows=10920 cells=396120 direct=true graph_reused=false upload_ms=12.85 capture_ms=2.67 queue_ms=30.04 gpu_ms=0.01 unpack_ms=2.76 total_ms=48.33
v5_service device=0 lane=1 class=0 jobs=60 rows=10920 cells=396120 reach=399240 reverse=396120 table_mib=17.6 mutable_mib=480.0 max_job_mib=8.5 oldest_ms=77.93 pack_ms=8.40 solve_ms=48.38
v5_device jobs=60 rows=10920 cells=396120 direct=true graph_reused=false upload_ms=9.50 capture_ms=3.02 queue_ms=48.39 gpu_ms=0.01 unpack_ms=3.67 total_ms=64.58
v5_service device=0 lane=0 class=0 jobs=60 rows=10920 cells=396120 reach=399240 reverse=396120 table_mib=17.6 mutable_mib=480.0 max_job_mib=8.5 oldest_ms=78.28 pack_ms=8.28 solve_ms=64.64
v5_device jobs=63 rows=11466 cells=415926 direct=true graph_reused=false upload_ms=8.49 capture_ms=2.84 queue_ms=25.42 gpu_ms=0.01 unpack_ms=1.70 total_ms=38.46
v5_service device=1 lane=0 class=0 jobs=63 rows=11466 cells=415926 reach=419202 reverse=415926 table_mib=18.5 mutable_mib=504.0 max_job_mib=8.5 oldest_ms=79.60 pack_ms=11.34 solve_ms=38.52
v5_device jobs=60 rows=10920 cells=396120 direct=true graph_reused=false upload_ms=11.66 capture_ms=2.66 queue_ms=26.34 gpu_ms=0.01 unpack_ms=1.98 total_ms=42.64
v5_service device=1 lane=1 class=0 jobs=60 rows=10920 cells=396120 reach=399240 reverse=396120 table_mib=17.6 mutable_mib=480.0 max_job_mib=8.5 oldest_ms=78.82 pack_ms=8.54 solve_ms=42.70
v5_device jobs=63 rows=11466 cells=415926 direct=true graph_reused=false upload_ms=14.33 capture_ms=2.68 queue_ms=36.76 gpu_ms=0.02 unpack_ms=2.84 total_ms=56.63
v5_service device=0 lane=0 class=0 jobs=63 rows=11466 cells=415926 reach=419202 reverse=415926 table_mib=18.5 mutable_mib=504.0 max_job_mib=8.5 oldest_ms=78.68 pack_ms=8.49 solve_ms=56.69
v5_device jobs=63 rows=11466 cells=415926 direct=true graph_reused=false upload_ms=10.84 capture_ms=2.61 queue_ms=47.69 gpu_ms=5.48 unpack_ms=3.38 total_ms=70.00
v5_service device=0 lane=1 class=0 jobs=63 rows=11466 cells=415926 reach=419202 reverse=415926 table_mib=18.5 mutable_mib=504.0 max_job_mib=8.5 oldest_ms=77.71 pack_ms=8.37 solve_ms=70.05
v5_device jobs=64 rows=11648 cells=422528 direct=true graph_reused=false upload_ms=8.34 capture_ms=4.31 queue_ms=26.12 gpu_ms=0.01 unpack_ms=6.26 total_ms=45.04
v5_service device=1 lane=0 class=0 jobs=64 rows=11648 cells=422528 reach=425856 reverse=422528 table_mib=18.8 mutable_mib=512.0 max_job_mib=8.5 oldest_ms=78.02 pack_ms=9.62 solve_ms=45.09
v5_device jobs=60 rows=10920 cells=396120 direct=true graph_reused=false upload_ms=12.36 capture_ms=2.55 queue_ms=25.94 gpu_ms=0.01 unpack_ms=2.28 total_ms=43.13
v5_service device=1 lane=1 class=0 jobs=60 rows=10920 cells=396120 reach=399240 reverse=396120 table_mib=17.6 mutable_mib=480.0 max_job_mib=8.5 oldest_ms=79.71 pack_ms=7.76 solve_ms=43.18
v5_device jobs=61 rows=11102 cells=402722 direct=true graph_reused=false upload_ms=8.36 capture_ms=2.89 queue_ms=31.97 gpu_ms=0.01 unpack_ms=2.26 total_ms=45.49
v5_service device=0 lane=1 class=0 jobs=61 rows=11102 cells=402722 reach=405894 reverse=402722 table_mib=17.9 mutable_mib=488.0 max_job_mib=8.5 oldest_ms=79.82 pack_ms=9.94 solve_ms=45.55
v5_device jobs=61 rows=11102 cells=402722 direct=true graph_reused=false upload_ms=7.83 capture_ms=2.75 queue_ms=46.51 gpu_ms=0.01 unpack_ms=3.89 total_ms=60.98
v5_service device=0 lane=0 class=0 jobs=61 rows=11102 cells=402722 reach=405894 reverse=402722 table_mib=17.9 mutable_mib=488.0 max_job_mib=8.5 oldest_ms=78.31 pack_ms=7.87 solve_ms=61.02
v5_device jobs=64 rows=11648 cells=422528 direct=true graph_reused=false upload_ms=12.66 capture_ms=2.60 queue_ms=29.52 gpu_ms=0.01 unpack_ms=2.42 total_ms=47.20
v5_service device=1 lane=0 class=0 jobs=64 rows=11648 cells=422528 reach=425856 reverse=422528 table_mib=18.8 mutable_mib=512.0 max_job_mib=8.5 oldest_ms=77.88 pack_ms=9.42 solve_ms=47.25
v5_device jobs=61 rows=11102 cells=402722 direct=true graph_reused=false upload_ms=7.31 capture_ms=2.79 queue_ms=26.51 gpu_ms=0.01 unpack_ms=1.77 total_ms=38.40
v5_service device=1 lane=1 class=0 jobs=61 rows=11102 cells=402722 reach=405894 reverse=402722 table_mib=17.9 mutable_mib=488.0 max_job_mib=8.5 oldest_ms=81.99 pack_ms=8.04 solve_ms=38.44
v5_device jobs=62 rows=11284 cells=409324 direct=true graph_reused=false upload_ms=15.05 capture_ms=2.62 queue_ms=32.64 gpu_ms=0.00 unpack_ms=2.81 total_ms=53.12
v5_service device=0 lane=0 class=0 jobs=62 rows=11284 cells=409324 reach=412548 reverse=409324 table_mib=18.2 mutable_mib=496.0 max_job_mib=8.5 oldest_ms=79.23 pack_ms=12.87 solve_ms=53.18
v5_device jobs=60 rows=10920 cells=396120 direct=true graph_reused=false upload_ms=8.81 capture_ms=2.63 queue_ms=45.31 gpu_ms=0.01 unpack_ms=7.89 total_ms=64.65
v5_service device=0 lane=1 class=0 jobs=60 rows=10920 cells=396120 reach=399240 reverse=396120 table_mib=17.6 mutable_mib=480.0 max_job_mib=8.5 oldest_ms=78.34 pack_ms=9.73 solve_ms=64.69
v5_device jobs=61 rows=11102 cells=402722 direct=true graph_reused=false upload_ms=12.84 capture_ms=2.60 queue_ms=29.36 gpu_ms=0.02 unpack_ms=3.15 total_ms=47.96
v5_service device=1 lane=0 class=0 jobs=61 rows=11102 cells=402722 reach=405894 reverse=402722 table_mib=17.9 mutable_mib=488.0 max_job_mib=8.5 oldest_ms=78.10 pack_ms=8.09 solve_ms=48.03
v5_device jobs=62 rows=11284 cells=409324 direct=true graph_reused=false upload_ms=17.97 capture_ms=2.79 queue_ms=33.19 gpu_ms=0.01 unpack_ms=2.91 total_ms=56.87
v5_service device=1 lane=1 class=0 jobs=62 rows=11284 cells=409324 reach=412548 reverse=409324 table_mib=18.2 mutable_mib=496.0 max_job_mib=8.5 oldest_ms=79.40 pack_ms=9.86 solve_ms=56.92
v5_device jobs=62 rows=11284 cells=409324 direct=true graph_reused=false upload_ms=7.72 capture_ms=2.65 queue_ms=35.15 gpu_ms=0.01 unpack_ms=1.89 total_ms=47.42
v5_service device=0 lane=0 class=0 jobs=62 rows=11284 cells=409324 reach=412548 reverse=409324 table_mib=18.2 mutable_mib=496.0 max_job_mib=8.5 oldest_ms=77.83 pack_ms=10.26 solve_ms=47.47
v5_device jobs=62 rows=11284 cells=409324 direct=true graph_reused=false upload_ms=10.73 capture_ms=2.57 queue_ms=28.36 gpu_ms=0.01 unpack_ms=3.05 total_ms=44.72
v5_service device=1 lane=0 class=0 jobs=62 rows=11284 cells=409324 reach=412548 reverse=409324 table_mib=18.2 mutable_mib=496.0 max_job_mib=8.5 oldest_ms=78.24 pack_ms=8.39 solve_ms=44.76
v5_device jobs=64 rows=11648 cells=422528 direct=true graph_reused=false upload_ms=14.15 capture_ms=2.69 queue_ms=37.79 gpu_ms=0.02 unpack_ms=3.09 total_ms=57.74
v5_service device=0 lane=1 class=0 jobs=64 rows=11648 cells=422528 reach=425856 reverse=422528 table_mib=18.8 mutable_mib=512.0 max_job_mib=8.5 oldest_ms=79.52 pack_ms=12.17 solve_ms=57.79
v5_device jobs=64 rows=11648 cells=422528 direct=true graph_reused=false upload_ms=7.87 capture_ms=2.72 queue_ms=26.46 gpu_ms=0.01 unpack_ms=4.96 total_ms=42.01
v5_service device=1 lane=1 class=0 jobs=64 rows=11648 cells=422528 reach=425856 reverse=422528 table_mib=18.8 mutable_mib=512.0 max_job_mib=8.5 oldest_ms=80.43 pack_ms=9.16 solve_ms=42.06
v5_device jobs=61 rows=11102 cells=402722 direct=true graph_reused=false upload_ms=6.68 capture_ms=2.65 queue_ms=26.88 gpu_ms=0.01 unpack_ms=1.59 total_ms=37.81
v5_service device=1 lane=0 class=0 jobs=61 rows=11102 cells=402722 reach=405894 reverse=402722 table_mib=17.9 mutable_mib=488.0 max_job_mib=8.5 oldest_ms=80.80 pack_ms=8.12 solve_ms=37.86
v5_device jobs=61 rows=11102 cells=402722 direct=true graph_reused=false upload_ms=15.34 capture_ms=2.60 queue_ms=38.03 gpu_ms=0.01 unpack_ms=2.77 total_ms=58.75
v5_service device=0 lane=0 class=0 jobs=61 rows=11102 cells=402722 reach=405894 reverse=402722 table_mib=17.9 mutable_mib=488.0 max_job_mib=8.5 oldest_ms=79.55 pack_ms=8.81 solve_ms=58.81
v5_device jobs=61 rows=11102 cells=402722 direct=true graph_reused=false upload_ms=9.07 capture_ms=2.62 queue_ms=37.37 gpu_ms=0.02 unpack_ms=3.25 total_ms=52.32
v5_service device=0 lane=1 class=0 jobs=61 rows=11102 cells=402722 reach=405894 reverse=402722 table_mib=17.9 mutable_mib=488.0 max_job_mib=8.5 oldest_ms=77.98 pack_ms=8.49 solve_ms=52.36
v5_device jobs=64 rows=11648 cells=422528 direct=true graph_reused=false upload_ms=16.35 capture_ms=2.52 queue_ms=35.26 gpu_ms=0.01 unpack_ms=2.87 total_ms=57.02
v5_service device=1 lane=1 class=0 jobs=64 rows=11648 cells=422528 reach=425856 reverse=422528 table_mib=18.8 mutable_mib=512.0 max_job_mib=8.5 oldest_ms=79.31 pack_ms=11.27 solve_ms=57.07
v5_device jobs=63 rows=11466 cells=415926 direct=true graph_reused=false upload_ms=10.18 capture_ms=2.96 queue_ms=25.74 gpu_ms=0.01 unpack_ms=3.67 total_ms=42.56
v5_service device=1 lane=0 class=0 jobs=63 rows=11466 cells=415926 reach=419202 reverse=415926 table_mib=18.5 mutable_mib=504.0 max_job_mib=8.5 oldest_ms=77.39 pack_ms=8.02 solve_ms=42.61
v5_device jobs=63 rows=11466 cells=415926 direct=true graph_reused=false upload_ms=9.06 capture_ms=2.56 queue_ms=36.65 gpu_ms=0.01 unpack_ms=2.30 total_ms=50.58
v5_service device=0 lane=0 class=0 jobs=63 rows=11466 cells=415926 reach=419202 reverse=415926 table_mib=18.5 mutable_mib=504.0 max_job_mib=8.5 oldest_ms=80.40 pack_ms=9.51 solve_ms=50.63
v5_device jobs=60 rows=10920 cells=396120 direct=true graph_reused=false upload_ms=14.79 capture_ms=2.65 queue_ms=35.92 gpu_ms=0.01 unpack_ms=2.91 total_ms=56.28
v5_service device=0 lane=1 class=0 jobs=60 rows=10920 cells=396120 reach=399240 reverse=396120 table_mib=17.6 mutable_mib=480.0 max_job_mib=8.5 oldest_ms=78.47 pack_ms=9.29 solve_ms=56.34
v5_device jobs=63 rows=11466 cells=415926 direct=true graph_reused=false upload_ms=14.17 capture_ms=2.53 queue_ms=27.37 gpu_ms=0.01 unpack_ms=2.59 total_ms=46.68
v5_service device=1 lane=1 class=0 jobs=63 rows=11466 cells=415926 reach=419202 reverse=415926 table_mib=18.5 mutable_mib=504.0 max_job_mib=8.5 oldest_ms=78.67 pack_ms=9.68 solve_ms=46.74
v5_device jobs=62 rows=11284 cells=409324 direct=true graph_reused=false upload_ms=19.55 capture_ms=2.78 queue_ms=32.86 gpu_ms=0.01 unpack_ms=2.12 total_ms=57.31
v5_service device=1 lane=0 class=0 jobs=62 rows=11284 cells=409324 reach=412548 reverse=409324 table_mib=18.2 mutable_mib=496.0 max_job_mib=8.5 oldest_ms=78.18 pack_ms=9.02 solve_ms=57.36
v5_device jobs=61 rows=11102 cells=402722 direct=true graph_reused=false upload_ms=6.53 capture_ms=2.69 queue_ms=37.48 gpu_ms=0.01 unpack_ms=2.52 total_ms=49.22
v5_service device=0 lane=1 class=0 jobs=61 rows=11102 cells=402722 reach=405894 reverse=402722 table_mib=17.9 mutable_mib=488.0 max_job_mib=8.5 oldest_ms=79.36 pack_ms=8.60 solve_ms=49.28
v5_device jobs=62 rows=11284 cells=409324 direct=true graph_reused=false upload_ms=9.44 capture_ms=2.65 queue_ms=46.20 gpu_ms=0.01 unpack_ms=3.15 total_ms=61.44
v5_service device=0 lane=0 class=0 jobs=62 rows=11284 cells=409324 reach=412548 reverse=409324 table_mib=18.2 mutable_mib=496.0 max_job_mib=8.5 oldest_ms=78.12 pack_ms=8.53 solve_ms=61.50
v5_device jobs=64 rows=11648 cells=422528 direct=true graph_reused=false upload_ms=9.07 capture_ms=2.84 queue_ms=28.27 gpu_ms=0.01 unpack_ms=2.05 total_ms=42.24
v5_service device=1 lane=1 class=0 jobs=64 rows=11648 cells=422528 reach=425856 reverse=422528 table_mib=18.8 mutable_mib=512.0 max_job_mib=8.5 oldest_ms=78.48 pack_ms=9.92 solve_ms=42.30
v5_device jobs=61 rows=11102 cells=402722 direct=true graph_reused=false upload_ms=14.18 capture_ms=2.63 queue_ms=26.50 gpu_ms=0.01 unpack_ms=2.40 total_ms=45.71
v5_service device=1 lane=0 class=0 jobs=61 rows=11102 cells=402722 reach=405894 reverse=402722 table_mib=17.9 mutable_mib=488.0 max_job_mib=8.5 oldest_ms=78.44 pack_ms=11.39 solve_ms=45.76
v5_device jobs=60 rows=10920 cells=396120 direct=true graph_reused=false upload_ms=18.06 capture_ms=2.66 queue_ms=38.66 gpu_ms=0.01 unpack_ms=2.87 total_ms=62.26
v5_service device=0 lane=1 class=0 jobs=60 rows=10920 cells=396120 reach=399240 reverse=396120 table_mib=17.6 mutable_mib=480.0 max_job_mib=8.5 oldest_ms=77.70 pack_ms=8.86 solve_ms=62.31
v5_device jobs=62 rows=11284 cells=409324 direct=true graph_reused=false upload_ms=7.49 capture_ms=2.65 queue_ms=48.40 gpu_ms=0.01 unpack_ms=4.60 total_ms=63.15
v5_service device=0 lane=0 class=0 jobs=62 rows=11284 cells=409324 reach=412548 reverse=409324 table_mib=18.2 mutable_mib=496.0 max_job_mib=8.5 oldest_ms=79.38 pack_ms=8.23 solve_ms=63.21
v5_device jobs=64 rows=11648 cells=422528 direct=true graph_reused=false upload_ms=11.05 capture_ms=2.98 queue_ms=28.31 gpu_ms=0.01 unpack_ms=2.56 total_ms=44.92
v5_service device=1 lane=1 class=0 jobs=64 rows=11648 cells=422528 reach=425856 reverse=422528 table_mib=18.8 mutable_mib=512.0 max_job_mib=8.5 oldest_ms=78.46 pack_ms=8.44 solve_ms=44.97
v5_device jobs=60 rows=10920 cells=396120 direct=true graph_reused=false upload_ms=6.88 capture_ms=2.57 queue_ms=25.10 gpu_ms=0.01 unpack_ms=2.31 total_ms=36.86
v5_service device=1 lane=0 class=0 jobs=60 rows=10920 cells=396120 reach=399240 reverse=396120 table_mib=17.6 mutable_mib=480.0 max_job_mib=8.5 oldest_ms=81.32 pack_ms=8.84 solve_ms=36.91
v5_device jobs=61 rows=11102 cells=402722 direct=true graph_reused=false upload_ms=15.53 capture_ms=2.62 queue_ms=37.90 gpu_ms=0.02 unpack_ms=4.25 total_ms=60.31
v5_service device=0 lane=1 class=0 jobs=61 rows=11102 cells=402722 reach=405894 reverse=402722 table_mib=17.9 mutable_mib=488.0 max_job_mib=8.5 oldest_ms=79.50 pack_ms=11.18 solve_ms=60.36
v5_device jobs=65 rows=11830 cells=429130 direct=true graph_reused=false upload_ms=8.19 capture_ms=2.51 queue_ms=28.29 gpu_ms=0.01 unpack_ms=2.70 total_ms=41.71
v5_service device=1 lane=1 class=0 jobs=65 rows=11830 cells=429130 reach=432510 reverse=429130 table_mib=19.1 mutable_mib=520.0 max_job_mib=8.5 oldest_ms=79.20 pack_ms=8.25 solve_ms=41.76
v5_device jobs=64 rows=11648 cells=422528 direct=true graph_reused=false upload_ms=17.53 capture_ms=2.59 queue_ms=48.02 gpu_ms=0.01 unpack_ms=2.96 total_ms=71.11
v5_service device=0 lane=0 class=0 jobs=64 rows=11648 cells=422528 reach=425856 reverse=422528 table_mib=18.8 mutable_mib=512.0 max_job_mib=8.5 oldest_ms=78.72 pack_ms=12.97 solve_ms=71.16
v5_device jobs=64 rows=11648 cells=422528 direct=true graph_reused=false upload_ms=9.72 capture_ms=2.56 queue_ms=28.19 gpu_ms=0.01 unpack_ms=2.55 total_ms=43.03
v5_service device=1 lane=0 class=0 jobs=64 rows=11648 cells=422528 reach=425856 reverse=422528 table_mib=18.8 mutable_mib=512.0 max_job_mib=8.5 oldest_ms=80.50 pack_ms=13.48 solve_ms=43.08
v5_device jobs=64 rows=11648 cells=422528 direct=true graph_reused=false upload_ms=7.36 capture_ms=2.54 queue_ms=27.70 gpu_ms=0.01 unpack_ms=2.66 total_ms=40.27
v5_service device=1 lane=1 class=0 jobs=64 rows=11648 cells=422528 reach=425856 reverse=422528 table_mib=18.8 mutable_mib=512.0 max_job_mib=8.5 oldest_ms=78.32 pack_ms=8.27 solve_ms=40.33
v5_device jobs=60 rows=10920 cells=396120 direct=true graph_reused=false upload_ms=13.61 capture_ms=2.65 queue_ms=39.06 gpu_ms=0.01 unpack_ms=5.18 total_ms=60.51
v5_service device=0 lane=1 class=0 jobs=60 rows=10920 cells=396120 reach=399240 reverse=396120 table_mib=17.6 mutable_mib=480.0 max_job_mib=8.5 oldest_ms=79.55 pack_ms=12.74 solve_ms=60.57
v5_device jobs=64 rows=11648 cells=422528 direct=true graph_reused=false upload_ms=7.43 capture_ms=2.59 queue_ms=37.21 gpu_ms=0.01 unpack_ms=3.16 total_ms=50.40
v5_service device=0 lane=0 class=0 jobs=64 rows=11648 cells=422528 reach=425856 reverse=422528 table_mib=18.8 mutable_mib=512.0 max_job_mib=8.5 oldest_ms=79.31 pack_ms=8.69 solve_ms=50.44
v5_device jobs=64 rows=11804 cells=416137 direct=true graph_reused=false upload_ms=7.90 capture_ms=3.26 queue_ms=29.51 gpu_ms=0.01 unpack_ms=2.54 total_ms=43.21
v5_service device=1 lane=0 class=0 jobs=64 rows=11804 cells=416137 reach=419413 reverse=416137 table_mib=18.6 mutable_mib=512.0 max_job_mib=8.5 oldest_ms=79.89 pack_ms=11.92 solve_ms=43.26
v5_device jobs=64 rows=12139 cells=412793 direct=true graph_reused=false upload_ms=7.16 capture_ms=3.33 queue_ms=28.99 gpu_ms=0.01 unpack_ms=2.54 total_ms=42.03
v5_service device=1 lane=1 class=0 jobs=64 rows=12139 cells=412793 reach=404741 reverse=412793 table_mib=18.4 mutable_mib=508.0 max_job_mib=8.7 oldest_ms=79.24 pack_ms=8.01 solve_ms=42.08
v5_device jobs=64 rows=11648 cells=415431 direct=true graph_reused=false upload_ms=7.85 capture_ms=3.03 queue_ms=41.90 gpu_ms=0.01 unpack_ms=2.70 total_ms=55.48
v5_service device=0 lane=0 class=0 jobs=64 rows=11648 cells=415431 reach=414754 reverse=415431 table_mib=18.5 mutable_mib=508.0 max_job_mib=8.6 oldest_ms=79.43 pack_ms=8.61 solve_ms=55.53
v5_device jobs=60 rows=10972 cells=397115 direct=true graph_reused=false upload_ms=13.89 capture_ms=3.15 queue_ms=43.73 gpu_ms=0.02 unpack_ms=5.17 total_ms=65.96
v5_service device=0 lane=1 class=0 jobs=60 rows=10972 cells=397115 reach=396463 reverse=397115 table_mib=17.6 mutable_mib=480.0 max_job_mib=8.6 oldest_ms=78.79 pack_ms=11.66 solve_ms=66.01
v5_device jobs=65 rows=12142 cells=386358 direct=true graph_reused=false upload_ms=9.40 capture_ms=4.13 queue_ms=28.17 gpu_ms=0.01 unpack_ms=2.42 total_ms=44.13
v5_service device=1 lane=0 class=0 jobs=65 rows=12142 cells=386358 reach=381339 reverse=386358 table_mib=17.6 mutable_mib=496.0 max_job_mib=8.6 oldest_ms=78.29 pack_ms=7.82 solve_ms=44.18
v5_device jobs=65 rows=13482 cells=340706 direct=true graph_reused=false upload_ms=6.06 capture_ms=3.07 queue_ms=27.21 gpu_ms=0.01 unpack_ms=2.29 total_ms=38.64
v5_service device=1 lane=1 class=0 jobs=65 rows=13482 cells=340706 reach=326980 reverse=340706 table_mib=16.4 mutable_mib=480.0 max_job_mib=8.7 oldest_ms=78.61 pack_ms=7.97 solve_ms=38.69
v5_device jobs=63 rows=12219 cells=438345 direct=true graph_reused=false upload_ms=8.07 capture_ms=3.24 queue_ms=36.83 gpu_ms=0.01 unpack_ms=2.59 total_ms=50.75
v5_service device=0 lane=0 class=0 jobs=63 rows=12219 cells=438345 reach=396448 reverse=438345 table_mib=18.8 mutable_mib=484.0 max_job_mib=8.8 oldest_ms=77.73 pack_ms=8.32 solve_ms=50.80
v5_device jobs=62 rows=11680 cells=363207 direct=true graph_reused=false upload_ms=8.41 capture_ms=3.57 queue_ms=36.13 gpu_ms=0.01 unpack_ms=2.64 total_ms=50.76
v5_service device=0 lane=1 class=0 jobs=62 rows=11680 cells=363207 reach=362945 reverse=363207 table_mib=16.6 mutable_mib=468.0 max_job_mib=8.5 oldest_ms=78.74 pack_ms=10.30 solve_ms=50.81
v5_device jobs=1 rows=420 cells=5388 direct=true graph_reused=false upload_ms=0.21 capture_ms=8.70 queue_ms=2.47 gpu_ms=0.00 unpack_ms=0.04 total_ms=11.42
v5_service device=0 lane=1 class=1 jobs=1 rows=420 cells=5388 reach=5414 reverse=5388 table_mib=0.3 mutable_mib=16.0 max_job_mib=16.5 oldest_ms=137.28 pack_ms=0.28 solve_ms=11.47
v5_device jobs=64 rows=12386 cells=372564 direct=true graph_reused=false upload_ms=6.01 capture_ms=5.07 queue_ms=25.17 gpu_ms=0.01 unpack_ms=2.36 total_ms=38.62
v5_service device=1 lane=0 class=0 jobs=64 rows=12386 cells=372564 reach=337857 reverse=372564 table_mib=16.9 mutable_mib=472.0 max_job_mib=8.7 oldest_ms=77.62 pack_ms=7.47 solve_ms=38.67
v5_device jobs=76 rows=15861 cells=421755 direct=true graph_reused=false upload_ms=7.44 capture_ms=3.17 queue_ms=28.54 gpu_ms=0.01 unpack_ms=2.42 total_ms=41.57
v5_service device=1 lane=1 class=0 jobs=76 rows=15861 cells=421755 reach=353917 reverse=421755 table_mib=19.1 mutable_mib=524.0 max_job_mib=8.7 oldest_ms=78.68 pack_ms=8.96 solve_ms=41.63
v5_device jobs=1 rows=418 cells=6026 direct=true graph_reused=false upload_ms=0.19 capture_ms=5.64 queue_ms=1.51 gpu_ms=0.01 unpack_ms=0.03 total_ms=7.38
v5_service device=1 lane=1 class=1 jobs=1 rows=418 cells=6026 reach=6052 reverse=6026 table_mib=0.3 mutable_mib=16.0 max_job_mib=16.5 oldest_ms=93.86 pack_ms=0.26 solve_ms=7.43
v5_device jobs=76 rows=16702 cells=426234 direct=true graph_reused=false upload_ms=8.68 capture_ms=3.68 queue_ms=33.50 gpu_ms=0.01 unpack_ms=2.66 total_ms=48.53
v5_service device=0 lane=0 class=0 jobs=76 rows=16702 cells=426234 reach=362157 reverse=426234 table_mib=19.7 mutable_mib=572.0 max_job_mib=8.9 oldest_ms=77.08 pack_ms=9.08 solve_ms=48.58
v5_device jobs=60 rows=13568 cells=326056 direct=true graph_reused=false upload_ms=5.65 capture_ms=3.52 queue_ms=28.20 gpu_ms=0.02 unpack_ms=2.57 total_ms=39.95
v5_service device=0 lane=1 class=0 jobs=60 rows=13568 cells=326056 reach=281974 reverse=326056 table_mib=15.4 mutable_mib=444.0 max_job_mib=8.8 oldest_ms=80.17 pack_ms=8.53 solve_ms=40.00
v5_device jobs=66 rows=14128 cells=340105 direct=true graph_reused=false upload_ms=5.95 capture_ms=3.21 queue_ms=26.23 gpu_ms=0.01 unpack_ms=2.70 total_ms=38.09
v5_service device=1 lane=0 class=0 jobs=66 rows=14128 cells=340105 reach=285786 reverse=340105 table_mib=16.0 mutable_mib=464.0 max_job_mib=8.8 oldest_ms=78.45 pack_ms=7.75 solve_ms=38.17
v5_device jobs=1 rows=414 cells=6818 direct=true graph_reused=false upload_ms=0.20 capture_ms=3.83 queue_ms=1.64 gpu_ms=0.01 unpack_ms=0.03 total_ms=5.70
v5_service device=0 lane=1 class=1 jobs=1 rows=414 cells=6818 reach=6844 reverse=6818 table_mib=0.4 mutable_mib=16.0 max_job_mib=16.5 oldest_ms=131.54 pack_ms=0.29 solve_ms=5.74
v5_device jobs=2 rows=798 cells=10817 direct=true graph_reused=false upload_ms=0.36 capture_ms=12.13 queue_ms=1.45 gpu_ms=0.00 unpack_ms=0.07 total_ms=14.02
v5_service device=1 lane=0 class=1 jobs=2 rows=798 cells=10817 reach=10869 reverse=10817 table_mib=0.6 mutable_mib=32.0 max_job_mib=16.5 oldest_ms=124.28 pack_ms=0.46 solve_ms=14.09
v5_device jobs=79 rows=17112 cells=392921 direct=true graph_reused=false upload_ms=7.13 capture_ms=3.18 queue_ms=28.46 gpu_ms=0.01 unpack_ms=2.28 total_ms=41.06
v5_service device=1 lane=1 class=0 jobs=79 rows=17112 cells=392921 reach=326273 reverse=392921 table_mib=18.7 mutable_mib=560.0 max_job_mib=8.8 oldest_ms=77.75 pack_ms=8.53 solve_ms=41.11
v5_device jobs=2 rows=840 cells=8844 direct=true graph_reused=false upload_ms=0.27 capture_ms=4.49 queue_ms=1.61 gpu_ms=0.01 unpack_ms=0.08 total_ms=6.46
v5_service device=1 lane=1 class=1 jobs=2 rows=840 cells=8844 reach=8896 reverse=8844 table_mib=0.6 mutable_mib=32.0 max_job_mib=16.4 oldest_ms=112.56 pack_ms=0.33 solve_ms=6.51
v5_device jobs=82 rows=18123 cells=410863 direct=true graph_reused=false upload_ms=9.13 capture_ms=3.68 queue_ms=31.24 gpu_ms=0.01 unpack_ms=2.79 total_ms=46.85
v5_service device=0 lane=0 class=0 jobs=82 rows=18123 cells=410863 reach=341134 reverse=410863 table_mib=19.6 mutable_mib=592.0 max_job_mib=8.8 oldest_ms=78.34 pack_ms=9.03 solve_ms=46.92
v5_device jobs=66 rows=14268 cells=405598 direct=true graph_reused=false upload_ms=11.38 capture_ms=3.23 queue_ms=27.27 gpu_ms=0.01 unpack_ms=2.35 total_ms=44.24
v5_service device=0 lane=1 class=0 jobs=66 rows=14268 cells=405598 reach=319045 reverse=405598 table_mib=17.8 mutable_mib=460.0 max_job_mib=8.7 oldest_ms=79.60 pack_ms=13.76 solve_ms=44.28
v5_device jobs=80 rows=18108 cells=443677 direct=true graph_reused=false upload_ms=9.16 capture_ms=4.68 queue_ms=32.25 gpu_ms=0.02 unpack_ms=2.99 total_ms=49.09
v5_service device=1 lane=0 class=0 jobs=80 rows=18108 cells=443677 reach=360130 reverse=443677 table_mib=20.4 mutable_mib=572.0 max_job_mib=8.8 oldest_ms=77.65 pack_ms=9.28 solve_ms=49.14
v5_device jobs=1 rows=420 cells=5388 direct=true graph_reused=false upload_ms=0.28 capture_ms=6.53 queue_ms=0.36 gpu_ms=0.01 unpack_ms=0.05 total_ms=7.23
v5_service device=0 lane=0 class=1 jobs=1 rows=420 cells=5388 reach=5414 reverse=5388 table_mib=0.3 mutable_mib=16.0 max_job_mib=16.5 oldest_ms=166.09 pack_ms=0.42 solve_ms=7.29
v5_device jobs=1 rows=408 cells=3954 direct=true graph_reused=false upload_ms=0.17 capture_ms=6.50 queue_ms=0.20 gpu_ms=0.00 unpack_ms=0.04 total_ms=6.92
v5_service device=0 lane=1 class=1 jobs=1 rows=408 cells=3954 reach=3980 reverse=3954 table_mib=0.3 mutable_mib=16.0 max_job_mib=16.4 oldest_ms=116.45 pack_ms=0.27 solve_ms=6.96
v5_device jobs=3 rows=1187 cells=13167 direct=true graph_reused=false upload_ms=0.42 capture_ms=4.18 queue_ms=2.54 gpu_ms=0.01 unpack_ms=0.11 total_ms=7.26
v5_service device=1 lane=0 class=1 jobs=3 rows=1187 cells=13167 reach=13245 reverse=13167 table_mib=0.8 mutable_mib=48.0 max_job_mib=16.4 oldest_ms=75.08 pack_ms=0.48 solve_ms=7.32
v5_device jobs=75 rows=15941 cells=391295 direct=true graph_reused=false upload_ms=7.65 capture_ms=3.82 queue_ms=28.45 gpu_ms=0.01 unpack_ms=2.40 total_ms=42.33
v5_service device=1 lane=1 class=0 jobs=75 rows=15941 cells=391295 reach=318805 reverse=391295 table_mib=18.2 mutable_mib=516.0 max_job_mib=8.8 oldest_ms=78.84 pack_ms=9.69 solve_ms=42.38
v5_device jobs=3 rows=1242 cells=15976 direct=true graph_reused=false upload_ms=0.40 capture_ms=3.73 queue_ms=2.66 gpu_ms=0.01 unpack_ms=0.12 total_ms=6.92
v5_service device=1 lane=1 class=1 jobs=3 rows=1242 cells=15976 reach=16054 reverse=15976 table_mib=0.9 mutable_mib=48.0 max_job_mib=16.5 oldest_ms=129.21 pack_ms=0.54 solve_ms=6.96
v5_device jobs=40 rows=8228 cells=249768 direct=true graph_reused=false upload_ms=7.75 capture_ms=6.10 queue_ms=27.22 gpu_ms=0.01 unpack_ms=1.81 total_ms=42.89
v5_service device=0 lane=1 class=0 jobs=40 rows=8228 cells=249768 reach=193331 reverse=249768 table_mib=10.7 mutable_mib=268.0 max_job_mib=8.8 oldest_ms=80.38 pack_ms=7.60 solve_ms=42.98
v5_device jobs=63 rows=13901 cells=306770 direct=true graph_reused=false upload_ms=8.66 capture_ms=5.20 queue_ms=33.13 gpu_ms=0.01 unpack_ms=2.48 total_ms=49.46
v5_service device=0 lane=0 class=0 jobs=63 rows=13901 cells=306770 reach=257484 reverse=306770 table_mib=14.8 mutable_mib=464.0 max_job_mib=8.8 oldest_ms=79.68 pack_ms=10.84 solve_ms=49.53
v5_device jobs=66 rows=14606 cells=333388 direct=true graph_reused=false upload_ms=5.54 capture_ms=3.26 queue_ms=34.94 gpu_ms=0.01 unpack_ms=2.15 total_ms=45.91
v5_service device=1 lane=1 class=0 jobs=66 rows=14606 cells=333388 reach=279224 reverse=333388 table_mib=15.9 mutable_mib=476.0 max_job_mib=8.8 oldest_ms=80.50 pack_ms=7.46 solve_ms=45.96
v5_device jobs=124 rows=27043 cells=757329 direct=true graph_reused=false upload_ms=28.69 capture_ms=5.08 queue_ms=69.06 gpu_ms=11.98 unpack_ms=4.93 total_ms=119.73
v5_service device=1 lane=0 class=0 jobs=124 rows=27043 cells=757329 reach=597248 reverse=757329 table_mib=33.3 mutable_mib=900.0 max_job_mib=8.8 oldest_ms=82.06 pack_ms=17.31 solve_ms=119.79
v5_device jobs=1 rows=414 cells=6818 direct=true graph_reused=false upload_ms=0.27 capture_ms=4.55 queue_ms=0.94 gpu_ms=0.01 unpack_ms=0.03 total_ms=5.80
v5_service device=1 lane=0 class=1 jobs=1 rows=414 cells=6818 reach=6844 reverse=6818 table_mib=0.4 mutable_mib=16.0 max_job_mib=16.5 oldest_ms=159.59 pack_ms=0.36 solve_ms=5.84
v5_device jobs=61 rows=14138 cells=327393 direct=true graph_reused=false upload_ms=10.25 capture_ms=4.96 queue_ms=34.23 gpu_ms=0.01 unpack_ms=2.05 total_ms=51.50
v5_service device=0 lane=1 class=0 jobs=61 rows=14138 cells=327393 reach=271330 reverse=327393 table_mib=15.3 mutable_mib=452.0 max_job_mib=8.8 oldest_ms=79.89 pack_ms=10.44 solve_ms=51.56
v5_device jobs=60 rows=13506 cells=321706 direct=true graph_reused=false upload_ms=5.65 capture_ms=3.22 queue_ms=34.20 gpu_ms=0.01 unpack_ms=2.16 total_ms=45.24
v5_service device=0 lane=0 class=0 jobs=60 rows=13506 cells=321706 reach=263979 reverse=321706 table_mib=15.0 mutable_mib=448.0 max_job_mib=8.8 oldest_ms=81.36 pack_ms=13.53 solve_ms=45.28
v5_device jobs=73 rows=16246 cells=454385 direct=true graph_reused=false upload_ms=7.27 capture_ms=3.24 queue_ms=34.22 gpu_ms=0.01 unpack_ms=2.66 total_ms=47.39
v5_service device=1 lane=0 class=0 jobs=73 rows=16246 cells=454385 reach=355580 reverse=454385 table_mib=19.9 mutable_mib=540.0 max_job_mib=8.8 oldest_ms=77.12 pack_ms=8.87 solve_ms=47.45
v5_device jobs=81 rows=18533 cells=410327 direct=true graph_reused=false upload_ms=8.63 capture_ms=3.18 queue_ms=57.23 gpu_ms=0.01 unpack_ms=3.39 total_ms=72.44
v5_service device=1 lane=1 class=0 jobs=81 rows=18533 cells=410327 reach=345795 reverse=410327 table_mib=19.7 mutable_mib=572.0 max_job_mib=8.8 oldest_ms=80.30 pack_ms=12.14 solve_ms=72.48
v5_device jobs=1 rows=418 cells=6072 direct=true graph_reused=false upload_ms=0.18 capture_ms=3.89 queue_ms=2.28 gpu_ms=0.01 unpack_ms=0.03 total_ms=6.39
v5_service device=1 lane=1 class=1 jobs=1 rows=418 cells=6072 reach=6098 reverse=6072 table_mib=0.3 mutable_mib=16.0 max_job_mib=16.5 oldest_ms=130.30 pack_ms=0.31 solve_ms=6.43
v5_device jobs=2 rows=836 cells=12052 direct=true graph_reused=false upload_ms=0.40 capture_ms=6.10 queue_ms=2.31 gpu_ms=0.00 unpack_ms=0.10 total_ms=8.91
v5_service device=1 lane=0 class=1 jobs=2 rows=836 cells=12052 reach=12104 reverse=12052 table_mib=0.7 mutable_mib=32.0 max_job_mib=16.5 oldest_ms=102.54 pack_ms=0.68 solve_ms=8.95
v5_device jobs=65 rows=14494 cells=386322 direct=true graph_reused=false upload_ms=11.29 capture_ms=6.80 queue_ms=35.89 gpu_ms=0.01 unpack_ms=2.23 total_ms=56.21
v5_service device=0 lane=1 class=0 jobs=65 rows=14494 cells=386322 reach=306961 reverse=386322 table_mib=17.1 mutable_mib=452.0 max_job_mib=8.8 oldest_ms=77.18 pack_ms=9.78 solve_ms=56.27
v5_device jobs=84 rows=18845 cells=476443 direct=true graph_reused=false upload_ms=11.03 capture_ms=3.53 queue_ms=42.22 gpu_ms=0.01 unpack_ms=2.97 total_ms=59.76
v5_service device=0 lane=0 class=0 jobs=84 rows=18845 cells=476443 reach=383094 reverse=476443 table_mib=21.8 mutable_mib=608.0 max_job_mib=8.8 oldest_ms=78.47 pack_ms=11.90 solve_ms=59.81
v5_device jobs=1 rows=420 cells=4422 direct=true graph_reused=false upload_ms=0.21 capture_ms=3.36 queue_ms=2.02 gpu_ms=0.00 unpack_ms=0.02 total_ms=5.61
v5_service device=0 lane=0 class=1 jobs=1 rows=420 cells=4422 reach=4448 reverse=4422 table_mib=0.3 mutable_mib=16.0 max_job_mib=16.4 oldest_ms=143.87 pack_ms=0.24 solve_ms=5.65
v5_device jobs=75 rows=16666 cells=451190 direct=true graph_reused=false upload_ms=9.42 capture_ms=3.25 queue_ms=45.27 gpu_ms=0.01 unpack_ms=2.60 total_ms=60.55
v5_service device=1 lane=0 class=0 jobs=75 rows=16666 cells=451190 reach=359800 reverse=451190 table_mib=20.1 mutable_mib=544.0 max_job_mib=9.0 oldest_ms=77.52 pack_ms=9.18 solve_ms=60.60
v5_device jobs=77 rows=16328 cells=421835 direct=true graph_reused=false upload_ms=10.11 capture_ms=3.22 queue_ms=45.42 gpu_ms=0.01 unpack_ms=3.21 total_ms=61.97
v5_service device=1 lane=1 class=0 jobs=77 rows=16328 cells=421835 reach=340206 reverse=421835 table_mib=19.2 mutable_mib=536.0 max_job_mib=8.9 oldest_ms=78.61 pack_ms=10.04 solve_ms=62.01
v5_device jobs=1 rows=414 cells=6818 direct=true graph_reused=false upload_ms=0.22 capture_ms=3.51 queue_ms=1.47 gpu_ms=0.01 unpack_ms=0.06 total_ms=5.28
v5_service device=1 lane=1 class=1 jobs=1 rows=414 cells=6818 reach=6844 reverse=6818 table_mib=0.4 mutable_mib=16.0 max_job_mib=16.5 oldest_ms=85.83 pack_ms=0.31 solve_ms=5.32
v5_device jobs=67 rows=15277 cells=317230 direct=true graph_reused=false upload_ms=6.11 capture_ms=3.76 queue_ms=28.95 gpu_ms=0.01 unpack_ms=2.22 total_ms=41.05
v5_service device=0 lane=1 class=0 jobs=67 rows=15277 cells=317230 reach=274065 reverse=317230 table_mib=15.6 mutable_mib=476.0 max_job_mib=8.8 oldest_ms=77.77 pack_ms=8.92 solve_ms=41.11
v5_device jobs=68 rows=15238 cells=380029 direct=true graph_reused=false upload_ms=8.86 capture_ms=4.03 queue_ms=27.79 gpu_ms=0.01 unpack_ms=2.68 total_ms=43.38
v5_service device=0 lane=0 class=0 jobs=68 rows=15238 cells=380029 reach=308578 reverse=380029 table_mib=17.4 mutable_mib=472.0 max_job_mib=8.7 oldest_ms=79.19 pack_ms=8.70 solve_ms=43.42
v5_device jobs=1 rows=418 cells=6026 direct=true graph_reused=false upload_ms=0.24 capture_ms=4.72 queue_ms=1.19 gpu_ms=0.01 unpack_ms=0.05 total_ms=6.21
v5_service device=0 lane=1 class=1 jobs=1 rows=418 cells=6026 reach=6052 reverse=6026 table_mib=0.3 mutable_mib=16.0 max_job_mib=16.5 oldest_ms=118.33 pack_ms=0.41 solve_ms=6.27
v5_device jobs=81 rows=17882 cells=404377 direct=true graph_reused=false upload_ms=8.20 capture_ms=3.12 queue_ms=48.74 gpu_ms=0.01 unpack_ms=2.79 total_ms=62.86
v5_service device=1 lane=0 class=0 jobs=81 rows=17882 cells=404377 reach=336404 reverse=404377 table_mib=19.2 mutable_mib=588.0 max_job_mib=8.7 oldest_ms=76.76 pack_ms=8.71 solve_ms=62.91
v5_device jobs=75 rows=16777 cells=384351 direct=true graph_reused=false upload_ms=7.14 capture_ms=3.21 queue_ms=41.73 gpu_ms=0.01 unpack_ms=2.80 total_ms=54.88
v5_service device=1 lane=1 class=0 jobs=75 rows=16777 cells=384351 reach=320356 reverse=384351 table_mib=18.3 mutable_mib=540.0 max_job_mib=8.9 oldest_ms=77.68 pack_ms=9.75 solve_ms=54.92
v5_device jobs=1 rows=418 cells=6026 direct=true graph_reused=false upload_ms=0.21 capture_ms=4.53 queue_ms=1.51 gpu_ms=0.01 unpack_ms=0.04 total_ms=6.28
v5_service device=1 lane=0 class=1 jobs=1 rows=418 cells=6026 reach=6052 reverse=6026 table_mib=0.3 mutable_mib=16.0 max_job_mib=16.5 oldest_ms=149.55 pack_ms=0.35 solve_ms=6.33
v5_device jobs=2 rows=838 cells=10448 direct=true graph_reused=false upload_ms=0.30 capture_ms=4.46 queue_ms=3.32 gpu_ms=0.00 unpack_ms=0.10 total_ms=8.18
v5_service device=1 lane=1 class=1 jobs=2 rows=838 cells=10448 reach=10500 reverse=10448 table_mib=0.6 mutable_mib=32.0 max_job_mib=16.5 oldest_ms=126.13 pack_ms=0.40 solve_ms=8.21
v5_device jobs=57 rows=12996 cells=316066 direct=true graph_reused=false upload_ms=7.17 capture_ms=3.24 queue_ms=36.32 gpu_ms=0.01 unpack_ms=1.98 total_ms=48.72
v5_service device=0 lane=0 class=0 jobs=57 rows=12996 cells=316066 reach=256719 reverse=316066 table_mib=14.5 mutable_mib=408.0 max_job_mib=9.0 oldest_ms=79.01 pack_ms=6.54 solve_ms=48.78
v5_device jobs=61 rows=13010 cells=329581 direct=true graph_reused=false upload_ms=7.09 capture_ms=4.05 queue_ms=40.35 gpu_ms=0.01 unpack_ms=2.81 total_ms=54.31
v5_service device=0 lane=1 class=0 jobs=61 rows=13010 cells=329581 reach=267623 reverse=329581 table_mib=15.3 mutable_mib=432.0 max_job_mib=8.7 oldest_ms=77.70 pack_ms=8.69 solve_ms=54.37
v5_device jobs=1 rows=408 cells=3954 direct=true graph_reused=false upload_ms=0.19 capture_ms=3.47 queue_ms=2.03 gpu_ms=0.01 unpack_ms=0.03 total_ms=5.73
v5_service device=0 lane=0 class=1 jobs=1 rows=408 cells=3954 reach=3980 reverse=3954 table_mib=0.3 mutable_mib=16.0 max_job_mib=16.4 oldest_ms=108.70 pack_ms=0.25 solve_ms=5.77
v5_device jobs=83 rows=17627 cells=402580 direct=true graph_reused=false upload_ms=8.13 capture_ms=3.16 queue_ms=43.68 gpu_ms=0.01 unpack_ms=2.60 total_ms=57.57
v5_service device=1 lane=0 class=0 jobs=83 rows=17627 cells=402580 reach=335220 reverse=402580 table_mib=19.2 mutable_mib=596.0 max_job_mib=8.7 oldest_ms=77.89 pack_ms=9.11 solve_ms=57.63
v5_device jobs=78 rows=17332 cells=428542 direct=true graph_reused=false upload_ms=12.47 capture_ms=3.26 queue_ms=42.91 gpu_ms=0.01 unpack_ms=3.03 total_ms=61.67
v5_service device=1 lane=1 class=0 jobs=78 rows=17332 cells=428542 reach=350770 reverse=428542 table_mib=19.6 mutable_mib=544.0 max_job_mib=8.9 oldest_ms=77.69 pack_ms=10.37 solve_ms=61.72
v5_device jobs=3 rows=1178 cells=15608 direct=true graph_reused=false upload_ms=0.35 capture_ms=3.61 queue_ms=3.07 gpu_ms=0.01 unpack_ms=0.11 total_ms=7.15
v5_service device=1 lane=1 class=1 jobs=3 rows=1178 cells=15608 reach=15686 reverse=15608 table_mib=0.9 mutable_mib=48.0 max_job_mib=16.5 oldest_ms=148.78 pack_ms=0.61 solve_ms=7.20
v5_device jobs=2 rows=813 cells=11240 direct=true graph_reused=false upload_ms=0.35 capture_ms=5.95 queue_ms=4.78 gpu_ms=0.00 unpack_ms=0.10 total_ms=11.18
v5_service device=1 lane=0 class=1 jobs=2 rows=813 cells=11240 reach=11292 reverse=11240 table_mib=0.6 mutable_mib=32.0 max_job_mib=16.5 oldest_ms=150.12 pack_ms=0.60 solve_ms=11.26
v5_device jobs=58 rows=12758 cells=319217 direct=true graph_reused=false upload_ms=5.74 capture_ms=3.14 queue_ms=41.59 gpu_ms=0.01 unpack_ms=2.27 total_ms=52.75
v5_service device=0 lane=0 class=0 jobs=58 rows=12758 cells=319217 reach=259650 reverse=319217 table_mib=14.8 mutable_mib=424.0 max_job_mib=9.0 oldest_ms=77.75 pack_ms=6.94 solve_ms=52.79
v5_device jobs=67 rows=15005 cells=339021 direct=true graph_reused=false upload_ms=7.23 capture_ms=3.84 queue_ms=38.92 gpu_ms=0.01 unpack_ms=2.55 total_ms=52.55
v5_service device=0 lane=1 class=0 jobs=67 rows=15005 cells=339021 reach=283313 reverse=339021 table_mib=16.2 mutable_mib=488.0 max_job_mib=9.0 oldest_ms=77.89 pack_ms=9.27 solve_ms=52.59
v5_device jobs=1 rows=456 cells=4343 direct=true graph_reused=false upload_ms=0.19 capture_ms=3.61 queue_ms=1.97 gpu_ms=0.01 unpack_ms=0.03 total_ms=5.80
v5_service device=0 lane=0 class=1 jobs=1 rows=456 cells=4343 reach=4369 reverse=4343 table_mib=0.3 mutable_mib=16.0 max_job_mib=16.4 oldest_ms=104.68 pack_ms=0.25 solve_ms=5.84
v5_device jobs=2 rows=814 cells=12556 direct=true graph_reused=false upload_ms=0.34 capture_ms=7.58 queue_ms=1.84 gpu_ms=0.00 unpack_ms=0.08 total_ms=9.85
v5_service device=0 lane=1 class=1 jobs=2 rows=814 cells=12556 reach=12608 reverse=12556 table_mib=0.7 mutable_mib=32.0 max_job_mib=16.5 oldest_ms=75.17 pack_ms=0.57 solve_ms=9.90
v5_device jobs=54 rows=11990 cells=302951 direct=true graph_reused=false upload_ms=5.26 capture_ms=3.17 queue_ms=43.49 gpu_ms=0.01 unpack_ms=1.97 total_ms=53.90
v5_service device=1 lane=0 class=0 jobs=54 rows=11990 cells=302951 reach=244927 reverse=302951 table_mib=13.9 mutable_mib=384.0 max_job_mib=8.8 oldest_ms=79.21 pack_ms=6.41 solve_ms=53.96
v5_device jobs=80 rows=17241 cells=444597 direct=true graph_reused=false upload_ms=9.01 capture_ms=3.20 queue_ms=39.66 gpu_ms=0.01 unpack_ms=3.22 total_ms=55.10
v5_service device=1 lane=1 class=0 jobs=80 rows=17241 cells=444597 reach=360838 reverse=444597 table_mib=20.2 mutable_mib=560.0 max_job_mib=8.8 oldest_ms=77.81 pack_ms=10.57 solve_ms=55.15
v5_device jobs=1 rows=414 cells=6818 direct=true graph_reused=false upload_ms=0.25 capture_ms=5.54 queue_ms=0.80 gpu_ms=0.00 unpack_ms=0.04 total_ms=6.63
v5_service device=1 lane=0 class=1 jobs=1 rows=414 cells=6818 reach=6844 reverse=6818 table_mib=0.4 mutable_mib=16.0 max_job_mib=16.5 oldest_ms=92.89 pack_ms=0.39 solve_ms=6.68
v5_device jobs=55 rows=12696 cells=327348 direct=true graph_reused=false upload_ms=5.62 capture_ms=2.98 queue_ms=46.73 gpu_ms=0.02 unpack_ms=2.39 total_ms=57.73
v5_service device=0 lane=1 class=0 jobs=55 rows=12696 cells=327348 reach=260187 reverse=327348 table_mib=14.7 mutable_mib=396.0 max_job_mib=8.8 oldest_ms=78.92 pack_ms=6.86 solve_ms=57.79
v5_device jobs=1 rows=414 cells=6818 direct=true graph_reused=false upload_ms=0.17 capture_ms=3.62 queue_ms=1.67 gpu_ms=0.00 unpack_ms=0.03 total_ms=5.50
v5_service device=1 lane=1 class=1 jobs=1 rows=414 cells=6818 reach=6844 reverse=6818 table_mib=0.4 mutable_mib=16.0 max_job_mib=16.5 oldest_ms=96.39 pack_ms=0.31 solve_ms=5.54
v5_device jobs=79 rows=16882 cells=455124 direct=true graph_reused=false upload_ms=8.03 capture_ms=3.05 queue_ms=41.03 gpu_ms=0.01 unpack_ms=3.28 total_ms=55.39
v5_service device=0 lane=0 class=0 jobs=79 rows=16882 cells=455124 reach=360934 reverse=455124 table_mib=20.2 mutable_mib=544.0 max_job_mib=8.8 oldest_ms=77.89 pack_ms=9.74 solve_ms=55.44
v5_device jobs=1 rows=420 cells=4422 direct=true graph_reused=false upload_ms=0.22 capture_ms=3.37 queue_ms=2.03 gpu_ms=0.01 unpack_ms=0.03 total_ms=5.66
v5_service device=0 lane=0 class=1 jobs=1 rows=420 cells=4422 reach=4448 reverse=4422 table_mib=0.3 mutable_mib=16.0 max_job_mib=16.4 oldest_ms=126.06 pack_ms=0.25 solve_ms=5.70
v5_device jobs=54 rows=12034 cells=289295 direct=true graph_reused=false upload_ms=4.73 capture_ms=3.14 queue_ms=29.84 gpu_ms=0.01 unpack_ms=1.70 total_ms=39.41
v5_service device=0 lane=1 class=0 jobs=54 rows=12034 cells=289295 reach=237601 reverse=289295 table_mib=13.4 mutable_mib=380.0 max_job_mib=8.8 oldest_ms=77.75 pack_ms=6.06 solve_ms=39.47
v5_device jobs=57 rows=12863 cells=313183 direct=true graph_reused=false upload_ms=4.95 capture_ms=3.10 queue_ms=30.12 gpu_ms=0.01 unpack_ms=2.10 total_ms=40.28
v5_service device=0 lane=0 class=0 jobs=57 rows=12863 cells=313183 reach=255455 reverse=313183 table_mib=14.4 mutable_mib=416.0 max_job_mib=8.9 oldest_ms=78.87 pack_ms=7.27 solve_ms=40.34
v5_device jobs=2 rows=798 cells=10035 direct=true graph_reused=false upload_ms=0.32 capture_ms=3.91 queue_ms=2.77 gpu_ms=0.00 unpack_ms=0.08 total_ms=7.08
v5_service device=0 lane=0 class=1 jobs=2 rows=798 cells=10035 reach=10087 reverse=10035 table_mib=0.6 mutable_mib=32.0 max_job_mib=16.5 oldest_ms=76.08 pack_ms=0.38 solve_ms=7.12
v5_device jobs=82 rows=17974 cells=402968 direct=true graph_reused=false upload_ms=9.07 capture_ms=3.15 queue_ms=49.18 gpu_ms=0.01 unpack_ms=3.07 total_ms=64.48
v5_service device=1 lane=0 class=0 jobs=82 rows=17974 cells=402968 reach=336119 reverse=402968 table_mib=19.2 mutable_mib=572.0 max_job_mib=8.8 oldest_ms=78.05 pack_ms=9.04 solve_ms=64.53
v5_device jobs=79 rows=18108 cells=404277 direct=true graph_reused=false upload_ms=9.74 capture_ms=2.95 queue_ms=48.46 gpu_ms=0.01 unpack_ms=3.31 total_ms=64.47
v5_service device=1 lane=1 class=0 jobs=79 rows=18108 cells=404277 reach=338215 reverse=404277 table_mib=19.2 mutable_mib=556.0 max_job_mib=8.7 oldest_ms=77.21 pack_ms=10.19 solve_ms=64.50
v5_device jobs=1 rows=414 cells=6818 direct=true graph_reused=false upload_ms=0.18 capture_ms=3.87 queue_ms=1.76 gpu_ms=0.01 unpack_ms=0.04 total_ms=5.86
v5_service device=1 lane=1 class=1 jobs=1 rows=414 cells=6818 reach=6844 reverse=6818 table_mib=0.4 mutable_mib=16.0 max_job_mib=16.5 oldest_ms=147.16 pack_ms=0.31 solve_ms=5.91
v5_device jobs=1 rows=440 cells=4528 direct=true graph_reused=false upload_ms=0.27 capture_ms=6.28 queue_ms=0.21 gpu_ms=0.00 unpack_ms=0.05 total_ms=6.82
v5_service device=1 lane=0 class=1 jobs=1 rows=440 cells=4528 reach=4554 reverse=4528 table_mib=0.3 mutable_mib=16.0 max_job_mib=16.4 oldest_ms=149.57 pack_ms=0.39 solve_ms=6.86
v5_device jobs=74 rows=16415 cells=464119 direct=true graph_reused=false upload_ms=8.25 capture_ms=3.04 queue_ms=57.67 gpu_ms=0.01 unpack_ms=3.03 total_ms=71.99
v5_service device=0 lane=1 class=0 jobs=74 rows=16415 cells=464119 reach=364665 reverse=464119 table_mib=20.4 mutable_mib=544.0 max_job_mib=9.0 oldest_ms=78.17 pack_ms=9.11 solve_ms=72.04
v5_device jobs=83 rows=17508 cells=491348 direct=true graph_reused=false upload_ms=7.92 capture_ms=3.25 queue_ms=40.11 gpu_ms=0.02 unpack_ms=3.29 total_ms=54.60
v5_service device=0 lane=0 class=0 jobs=83 rows=17508 cells=491348 reach=387255 reverse=491348 table_mib=21.7 mutable_mib=580.0 max_job_mib=8.8 oldest_ms=77.92 pack_ms=9.88 solve_ms=54.63
v5_device jobs=1 rows=418 cells=6026 direct=true graph_reused=false upload_ms=0.20 capture_ms=3.45 queue_ms=1.83 gpu_ms=0.01 unpack_ms=0.03 total_ms=5.52
v5_service device=0 lane=0 class=1 jobs=1 rows=418 cells=6026 reach=6052 reverse=6026 table_mib=0.3 mutable_mib=16.0 max_job_mib=16.5 oldest_ms=142.12 pack_ms=0.28 solve_ms=5.56
v5_device jobs=84 rows=18484 cells=467417 direct=true graph_reused=false upload_ms=10.35 capture_ms=3.28 queue_ms=47.52 gpu_ms=0.01 unpack_ms=3.39 total_ms=64.55
v5_service device=1 lane=0 class=0 jobs=84 rows=18484 cells=467417 reach=377172 reverse=467417 table_mib=21.3 mutable_mib=592.0 max_job_mib=9.0 oldest_ms=78.14 pack_ms=10.17 solve_ms=64.60
v5_device jobs=78 rows=17393 cells=393451 direct=true graph_reused=false upload_ms=9.63 capture_ms=3.17 queue_ms=51.20 gpu_ms=0.01 unpack_ms=3.22 total_ms=67.23
v5_service device=1 lane=1 class=0 jobs=78 rows=17393 cells=393451 reach=327467 reverse=393451 table_mib=18.7 mutable_mib=556.0 max_job_mib=8.8 oldest_ms=77.12 pack_ms=10.11 solve_ms=67.27
v5_device jobs=1 rows=408 cells=3954 direct=true graph_reused=false upload_ms=0.26 capture_ms=5.73 queue_ms=0.29 gpu_ms=0.01 unpack_ms=0.06 total_ms=6.35
v5_service device=1 lane=0 class=1 jobs=1 rows=408 cells=3954 reach=3980 reverse=3954 table_mib=0.3 mutable_mib=16.0 max_job_mib=16.4 oldest_ms=157.54 pack_ms=0.32 solve_ms=6.41
v5_device jobs=76 rows=16552 cells=432816 direct=true graph_reused=false upload_ms=8.36 capture_ms=3.05 queue_ms=48.48 gpu_ms=0.01 unpack_ms=2.71 total_ms=62.62
v5_service device=0 lane=1 class=0 jobs=76 rows=16552 cells=432816 reach=347742 reverse=432816 table_mib=19.5 mutable_mib=532.0 max_job_mib=8.9 oldest_ms=77.59 pack_ms=8.92 solve_ms=62.67
v5_device jobs=76 rows=17298 cells=372528 direct=true graph_reused=false upload_ms=7.95 capture_ms=3.07 queue_ms=45.19 gpu_ms=0.00 unpack_ms=2.67 total_ms=58.89
v5_service device=0 lane=0 class=0 jobs=76 rows=17298 cells=372528 reach=311586 reverse=372528 table_mib=18.0 mutable_mib=540.0 max_job_mib=8.8 oldest_ms=76.95 pack_ms=8.51 solve_ms=58.92
v5_device jobs=4 rows=1632 cells=21275 direct=true graph_reused=false upload_ms=0.50 capture_ms=4.37 queue_ms=4.26 gpu_ms=0.01 unpack_ms=0.16 total_ms=9.30
v5_service device=0 lane=0 class=1 jobs=4 rows=1632 cells=21275 reach=21379 reverse=21275 table_mib=1.2 mutable_mib=64.0 max_job_mib=16.5 oldest_ms=142.75 pack_ms=0.77 solve_ms=9.34
v5_device jobs=74 rows=16370 cells=380506 direct=true graph_reused=false upload_ms=8.46 capture_ms=3.27 queue_ms=45.72 gpu_ms=0.02 unpack_ms=3.23 total_ms=60.69
v5_service device=1 lane=1 class=0 jobs=74 rows=16370 cells=380506 reach=316687 reverse=380506 table_mib=18.2 mutable_mib=540.0 max_job_mib=9.0 oldest_ms=78.80 pack_ms=9.44 solve_ms=60.75
v5_device jobs=68 rows=15663 cells=353756 direct=true graph_reused=false upload_ms=6.96 capture_ms=3.23 queue_ms=45.25 gpu_ms=0.01 unpack_ms=2.98 total_ms=58.44
v5_service device=1 lane=0 class=0 jobs=68 rows=15663 cells=353756 reach=295572 reverse=353756 table_mib=16.6 mutable_mib=492.0 max_job_mib=8.8 oldest_ms=76.83 pack_ms=7.82 solve_ms=58.49
v5_device jobs=2 rows=836 cells=8306 direct=true graph_reused=false upload_ms=0.30 capture_ms=3.80 queue_ms=2.15 gpu_ms=0.01 unpack_ms=0.08 total_ms=6.35
v5_service device=1 lane=1 class=1 jobs=2 rows=836 cells=8306 reach=8358 reverse=8306 table_mib=0.5 mutable_mib=32.0 max_job_mib=16.4 oldest_ms=153.77 pack_ms=0.39 solve_ms=6.39
v5_device jobs=63 rows=14583 cells=377142 direct=true graph_reused=false upload_ms=8.88 capture_ms=3.47 queue_ms=35.89 gpu_ms=0.01 unpack_ms=2.13 total_ms=50.38
v5_service device=0 lane=1 class=0 jobs=63 rows=14583 cells=377142 reach=304399 reverse=377142 table_mib=17.0 mutable_mib=468.0 max_job_mib=8.9 oldest_ms=77.34 pack_ms=9.08 solve_ms=50.43
v5_device jobs=71 rows=15046 cells=385904 direct=true graph_reused=false upload_ms=6.80 capture_ms=3.31 queue_ms=35.61 gpu_ms=0.01 unpack_ms=2.66 total_ms=48.38
v5_service device=0 lane=0 class=0 jobs=71 rows=15046 cells=385904 reach=311765 reverse=385904 table_mib=17.5 mutable_mib=468.0 max_job_mib=9.0 oldest_ms=79.47 pack_ms=10.37 solve_ms=48.44
v5_device jobs=2 rows=845 cells=8251 direct=true graph_reused=false upload_ms=0.30 capture_ms=6.66 queue_ms=0.34 gpu_ms=0.00 unpack_ms=0.09 total_ms=7.39
v5_service device=0 lane=1 class=1 jobs=2 rows=845 cells=8251 reach=8303 reverse=8251 table_mib=0.6 mutable_mib=32.0 max_job_mib=16.4 oldest_ms=102.28 pack_ms=0.47 solve_ms=7.42
v5_device jobs=2 rows=838 cells=10448 direct=true graph_reused=false upload_ms=0.27 capture_ms=5.04 queue_ms=1.80 gpu_ms=0.01 unpack_ms=0.09 total_ms=7.21
v5_service device=0 lane=0 class=1 jobs=2 rows=838 cells=10448 reach=10500 reverse=10448 table_mib=0.6 mutable_mib=32.0 max_job_mib=16.5 oldest_ms=139.05 pack_ms=0.41 solve_ms=7.25
v5_device jobs=50 rows=10485 cells=251269 direct=true graph_reused=false upload_ms=4.09 capture_ms=3.04 queue_ms=46.41 gpu_ms=0.01 unpack_ms=1.85 total_ms=55.40
v5_service device=1 lane=0 class=0 jobs=50 rows=10485 cells=251269 reach=207184 reverse=251269 table_mib=11.7 mutable_mib=336.0 max_job_mib=8.8 oldest_ms=77.75 pack_ms=5.34 solve_ms=55.45
v5_device jobs=78 rows=16979 cells=440949 direct=true graph_reused=false upload_ms=7.46 capture_ms=3.26 queue_ms=35.51 gpu_ms=0.01 unpack_ms=3.25 total_ms=49.49
v5_service device=1 lane=1 class=0 jobs=78 rows=16979 cells=440949 reach=354019 reverse=440949 table_mib=20.1 mutable_mib=548.0 max_job_mib=9.0 oldest_ms=78.20 pack_ms=10.43 solve_ms=49.53
v5_device jobs=1 rows=414 cells=6818 direct=true graph_reused=false upload_ms=0.27 capture_ms=6.99 queue_ms=0.26 gpu_ms=0.01 unpack_ms=0.06 total_ms=7.59
v5_service device=1 lane=0 class=1 jobs=1 rows=414 cells=6818 reach=6844 reverse=6818 table_mib=0.4 mutable_mib=16.0 max_job_mib=16.5 oldest_ms=100.36 pack_ms=0.36 solve_ms=7.65
v5_device jobs=1 rows=414 cells=6864 direct=true graph_reused=false upload_ms=0.19 capture_ms=3.53 queue_ms=1.94 gpu_ms=0.00 unpack_ms=0.04 total_ms=5.70
v5_service device=1 lane=1 class=1 jobs=1 rows=414 cells=6864 reach=6890 reverse=6864 table_mib=0.4 mutable_mib=16.0 max_job_mib=16.5 oldest_ms=135.34 pack_ms=0.28 solve_ms=5.74
v5_device jobs=50 rows=11086 cells=259780 direct=true graph_reused=false upload_ms=5.54 capture_ms=3.53 queue_ms=24.77 gpu_ms=0.01 unpack_ms=1.69 total_ms=35.54
v5_service device=0 lane=1 class=0 jobs=50 rows=11086 cells=259780 reach=212852 reverse=259780 table_mib=12.2 mutable_mib=348.0 max_job_mib=8.7 oldest_ms=79.46 pack_ms=6.89 solve_ms=35.60
v5_device jobs=76 rows=16548 cells=403748 direct=true graph_reused=false upload_ms=8.36 capture_ms=3.61 queue_ms=31.50 gpu_ms=0.01 unpack_ms=2.55 total_ms=46.04
v5_service device=0 lane=0 class=0 jobs=76 rows=16548 cells=403748 reach=327911 reverse=403748 table_mib=18.6 mutable_mib=528.0 max_job_mib=8.9 oldest_ms=79.49 pack_ms=10.65 solve_ms=46.09
v5_device jobs=2 rows=832 cells=12890 direct=true graph_reused=false upload_ms=0.32 capture_ms=4.08 queue_ms=2.69 gpu_ms=0.01 unpack_ms=0.11 total_ms=7.20
v5_service device=0 lane=0 class=1 jobs=2 rows=832 cells=12890 reach=12942 reverse=12890 table_mib=0.7 mutable_mib=32.0 max_job_mib=16.5 oldest_ms=123.42 pack_ms=0.43 solve_ms=7.25
v5_device jobs=50 rows=11512 cells=301671 direct=true graph_reused=false upload_ms=5.33 capture_ms=3.42 queue_ms=43.67 gpu_ms=0.02 unpack_ms=2.50 total_ms=54.94
v5_service device=1 lane=0 class=0 jobs=50 rows=11512 cells=301671 reach=240572 reverse=301671 table_mib=13.4 mutable_mib=364.0 max_job_mib=8.8 oldest_ms=79.11 pack_ms=6.95 solve_ms=55.02
v5_device jobs=73 rows=16387 cells=401316 direct=true graph_reused=false upload_ms=9.19 capture_ms=4.73 queue_ms=35.58 gpu_ms=0.01 unpack_ms=3.41 total_ms=52.92
v5_service device=1 lane=1 class=0 jobs=73 rows=16387 cells=401316 reach=326223 reverse=401316 table_mib=18.4 mutable_mib=532.0 max_job_mib=8.8 oldest_ms=77.35 pack_ms=9.75 solve_ms=52.96
v5_device jobs=1 rows=396 cells=6530 direct=true graph_reused=false upload_ms=0.27 capture_ms=6.26 queue_ms=0.28 gpu_ms=0.01 unpack_ms=0.05 total_ms=6.87
v5_service device=1 lane=0 class=1 jobs=1 rows=396 cells=6530 reach=6556 reverse=6530 table_mib=0.3 mutable_mib=16.0 max_job_mib=16.5 oldest_ms=127.03 pack_ms=0.41 solve_ms=6.95
v5_device jobs=4 rows=1654 cells=16883 direct=true graph_reused=false upload_ms=2.09 capture_ms=5.14 queue_ms=12.75 gpu_ms=0.01 unpack_ms=0.44 total_ms=20.43
v5_service device=1 lane=1 class=1 jobs=4 rows=1654 cells=16883 reach=122124 reverse=124028 table_mib=3.7 mutable_mib=64.0 max_job_mib=18.7 oldest_ms=75.33 pack_ms=2.32 solve_ms=20.48
v5_device jobs=69 rows=15695 cells=371689 direct=true graph_reused=false upload_ms=8.53 capture_ms=3.97 queue_ms=26.79 gpu_ms=0.01 unpack_ms=2.42 total_ms=41.73
v5_service device=0 lane=1 class=0 jobs=69 rows=15695 cells=371689 reach=305493 reverse=371689 table_mib=17.2 mutable_mib=516.0 max_job_mib=8.7 oldest_ms=77.90 pack_ms=9.47 solve_ms=41.78
v5_device jobs=1 rows=380 cells=4791 direct=true graph_reused=false upload_ms=0.19 capture_ms=31.48 queue_ms=1.80 gpu_ms=0.00 unpack_ms=0.04 total_ms=33.51
v5_service device=0 lane=1 class=1 jobs=1 rows=380 cells=4791 reach=4817 reverse=4791 table_mib=0.3 mutable_mib=16.0 max_job_mib=16.4 oldest_ms=131.70 pack_ms=0.31 solve_ms=33.57
v5_device jobs=69 rows=15145 cells=368068 direct=true graph_reused=false upload_ms=8.24 capture_ms=3.59 queue_ms=36.51 gpu_ms=0.01 unpack_ms=2.44 total_ms=50.79
v5_service device=0 lane=0 class=0 jobs=69 rows=15145 cells=368068 reach=376314 reverse=444048 table_mib=18.7 mutable_mib=504.0 max_job_mib=10.0 oldest_ms=77.21 pack_ms=9.29 solve_ms=50.83
v5_device jobs=66 rows=14599 cells=257482 direct=true graph_reused=false upload_ms=8.19 capture_ms=3.65 queue_ms=54.91 gpu_ms=0.01 unpack_ms=2.38 total_ms=69.15
v5_service device=1 lane=0 class=0 jobs=66 rows=14599 cells=257482 reach=231860 reverse=257482 table_mib=13.7 mutable_mib=464.0 max_job_mib=8.7 oldest_ms=78.46 pack_ms=10.76 solve_ms=69.21
v5_device jobs=77 rows=17289 cells=415953 direct=true graph_reused=false upload_ms=15.86 capture_ms=4.95 queue_ms=47.58 gpu_ms=0.02 unpack_ms=4.21 total_ms=72.63
v5_service device=1 lane=1 class=0 jobs=77 rows=17289 cells=415953 reach=548682 reverse=630168 table_mib=24.5 mutable_mib=540.0 max_job_mib=10.2 oldest_ms=80.27 pack_ms=17.96 solve_ms=72.69
v5_device jobs=62 rows=13670 cells=356436 direct=true graph_reused=false upload_ms=12.22 capture_ms=5.69 queue_ms=55.96 gpu_ms=0.01 unpack_ms=2.78 total_ms=76.65
v5_service device=0 lane=1 class=0 jobs=62 rows=13670 cells=356436 reach=418085 reverse=495364 table_mib=19.5 mutable_mib=448.0 max_job_mib=9.7 oldest_ms=81.32 pack_ms=14.70 solve_ms=76.71
v5_device jobs=65 rows=14368 cells=307961 direct=true graph_reused=false upload_ms=22.05 capture_ms=3.33 queue_ms=46.33 gpu_ms=0.01 unpack_ms=3.85 total_ms=75.56
v5_service device=0 lane=0 class=0 jobs=65 rows=14368 cells=307961 reach=671590 reverse=738453 table_mib=25.4 mutable_mib=452.0 max_job_mib=9.6 oldest_ms=79.97 pack_ms=14.99 solve_ms=75.61
v5_device jobs=54 rows=12052 cells=329662 direct=true graph_reused=false upload_ms=7.00 capture_ms=4.02 queue_ms=25.29 gpu_ms=0.01 unpack_ms=2.39 total_ms=38.70
v5_service device=1 lane=0 class=0 jobs=54 rows=12052 cells=329662 reach=282407 reverse=349747 table_mib=15.0 mutable_mib=392.0 max_job_mib=8.9 oldest_ms=77.88 pack_ms=9.40 solve_ms=38.75
v5_device jobs=4 rows=1548 cells=21500 direct=true graph_reused=false upload_ms=1.39 capture_ms=4.99 queue_ms=11.56 gpu_ms=0.01 unpack_ms=0.39 total_ms=18.34
v5_service device=1 lane=0 class=1 jobs=4 rows=1548 cells=21500 reach=73438 reverse=74564 table_mib=2.5 mutable_mib=64.0 max_job_mib=18.2 oldest_ms=75.22 pack_ms=1.79 solve_ms=18.41
v5_device jobs=4 rows=1553 cells=14763 direct=true graph_reused=false upload_ms=2.42 capture_ms=4.21 queue_ms=13.65 gpu_ms=0.01 unpack_ms=0.70 total_ms=20.99
v5_service device=0 lane=0 class=1 jobs=4 rows=1553 cells=14763 reach=155005 reverse=157137 table_mib=4.5 mutable_mib=64.0 max_job_mib=19.0 oldest_ms=159.81 pack_ms=2.87 solve_ms=21.04
v5_device jobs=47 rows=9758 cells=186736 direct=true graph_reused=false upload_ms=56.76 capture_ms=7.86 queue_ms=51.01 gpu_ms=0.02 unpack_ms=4.88 total_ms=120.54
v5_service device=1 lane=1 class=0 jobs=47 rows=9758 cells=186736 reach=1064975 reverse=1113629 table_mib=32.2 mutable_mib=344.0 max_job_mib=10.2 oldest_ms=77.70 pack_ms=19.01 solve_ms=120.59
v5_device jobs=36 rows=7704 cells=143583 direct=true graph_reused=false upload_ms=4.80 capture_ms=4.09 queue_ms=21.33 gpu_ms=0.01 unpack_ms=1.49 total_ms=31.72
v5_service device=1 lane=0 class=0 jobs=36 rows=7704 cells=143583 reach=235522 reverse=255063 table_mib=10.2 mutable_mib=252.0 max_job_mib=9.6 oldest_ms=81.14 pack_ms=6.71 solve_ms=31.78
v5_device jobs=34 rows=7193 cells=116593 direct=true graph_reused=false upload_ms=18.54 capture_ms=7.13 queue_ms=29.82 gpu_ms=0.01 unpack_ms=2.50 total_ms=58.00
v5_service device=0 lane=1 class=0 jobs=34 rows=7193 cells=116593 reach=651652 reverse=679260 table_mib=20.0 mutable_mib=244.0 max_job_mib=9.8 oldest_ms=79.18 pack_ms=10.49 solve_ms=58.06
v5_device jobs=5 rows=1828 cells=18200 direct=true graph_reused=false upload_ms=4.39 capture_ms=26.14 queue_ms=12.82 gpu_ms=0.01 unpack_ms=0.80 total_ms=44.17
v5_service device=1 lane=1 class=1 jobs=5 rows=1828 cells=18200 reach=259474 reverse=263740 table_mib=7.2 mutable_mib=80.0 max_job_mib=18.3 oldest_ms=194.10 pack_ms=6.00 solve_ms=44.22
v5_device jobs=1 rows=375 cells=4340 direct=true graph_reused=false upload_ms=0.76 capture_ms=4.66 queue_ms=5.03 gpu_ms=0.01 unpack_ms=0.10 total_ms=10.56
v5_service device=1 lane=0 class=1 jobs=1 rows=375 cells=4340 reach=47343 reverse=48215 table_mib=1.3 mutable_mib=16.0 max_job_mib=17.9 oldest_ms=104.68 pack_ms=1.57 solve_ms=10.62
v5_device jobs=5 rows=1929 cells=19198 direct=true graph_reused=false upload_ms=11.26 capture_ms=4.92 queue_ms=45.28 gpu_ms=0.01 unpack_ms=0.85 total_ms=62.33
v5_service device=0 lane=1 class=1 jobs=5 rows=1929 cells=19198 reach=303833 reverse=307951 table_mib=8.2 mutable_mib=80.0 max_job_mib=19.2 oldest_ms=142.47 pack_ms=4.71 solve_ms=62.39
v5_device jobs=47 rows=9987 cells=133502 direct=true graph_reused=false upload_ms=39.94 capture_ms=4.04 queue_ms=51.47 gpu_ms=0.01 unpack_ms=3.37 total_ms=98.84
v5_service device=0 lane=0 class=0 jobs=47 rows=9987 cells=133502 reach=971382 reverse=1002399 table_mib=29.2 mutable_mib=332.0 max_job_mib=10.2 oldest_ms=82.46 pack_ms=17.42 solve_ms=98.88
v5_device jobs=4 rows=1393 cells=11957 direct=true graph_reused=false upload_ms=2.76 capture_ms=4.06 queue_ms=13.97 gpu_ms=0.01 unpack_ms=0.84 total_ms=21.63
v5_service device=0 lane=0 class=1 jobs=4 rows=1393 cells=11957 reach=191370 reverse=194542 table_mib=5.3 mutable_mib=64.0 max_job_mib=18.5 oldest_ms=197.46 pack_ms=3.05 solve_ms=21.68
v5_device jobs=33 rows=6751 cells=67021 direct=true graph_reused=false upload_ms=38.42 capture_ms=4.11 queue_ms=62.32 gpu_ms=0.01 unpack_ms=3.01 total_ms=107.88
v5_service device=1 lane=1 class=0 jobs=33 rows=6751 cells=67021 reach=938438 reverse=958512 table_mib=26.5 mutable_mib=228.0 max_job_mib=10.2 oldest_ms=84.06 pack_ms=19.86 solve_ms=107.94
v5_device jobs=52 rows=11681 cells=209861 direct=true graph_reused=false upload_ms=41.12 capture_ms=4.02 queue_ms=60.97 gpu_ms=0.02 unpack_ms=4.32 total_ms=110.45
v5_service device=1 lane=0 class=0 jobs=52 rows=11681 cells=209861 reach=913543 reverse=962338 table_mib=29.2 mutable_mib=388.0 max_job_mib=10.2 oldest_ms=78.90 pack_ms=20.60 solve_ms=110.51
v5_device jobs=46 rows=10567 cells=127443 direct=true graph_reused=false upload_ms=17.99 capture_ms=2.99 queue_ms=43.97 gpu_ms=0.02 unpack_ms=3.59 total_ms=68.55
v5_service device=0 lane=1 class=0 jobs=46 rows=10567 cells=127443 reach=771305 reverse=792574 table_mib=24.3 mutable_mib=348.0 max_job_mib=9.7 oldest_ms=79.28 pack_ms=13.10 solve_ms=68.62
v5_device jobs=5 rows=1611 cells=27009 direct=true graph_reused=false upload_ms=8.24 capture_ms=4.85 queue_ms=29.97 gpu_ms=0.01 unpack_ms=0.99 total_ms=44.06
v5_service device=1 lane=0 class=1 jobs=5 rows=1611 cells=27009 reach=307996 reverse=317459 table_mib=8.4 mutable_mib=80.0 max_job_mib=20.0 oldest_ms=213.42 pack_ms=6.47 solve_ms=44.13
v5_device jobs=7 rows=2929 cells=37400 direct=true graph_reused=false upload_ms=14.56 capture_ms=4.43 queue_ms=27.34 gpu_ms=0.01 unpack_ms=1.65 total_ms=47.98
v5_service device=1 lane=1 class=1 jobs=7 rows=2929 cells=37400 reach=476010 reverse=487127 table_mib=13.0 mutable_mib=112.0 max_job_mib=20.8 oldest_ms=214.75 pack_ms=10.23 solve_ms=48.03
v5_device jobs=52 rows=10726 cells=105102 direct=true graph_reused=false upload_ms=55.48 capture_ms=4.01 queue_ms=65.12 gpu_ms=0.01 unpack_ms=5.65 total_ms=130.27
v5_service device=0 lane=0 class=0 jobs=52 rows=10726 cells=105102 reach=1353422 reverse=1383547 table_mib=38.7 mutable_mib=384.0 max_job_mib=10.6 oldest_ms=79.15 pack_ms=19.24 solve_ms=130.33
v5_device jobs=9 rows=3177 cells=41676 direct=true graph_reused=false upload_ms=14.53 capture_ms=44.13 queue_ms=30.40 gpu_ms=0.02 unpack_ms=2.18 total_ms=91.26
v5_service device=0 lane=1 class=1 jobs=9 rows=3177 cells=41676 reach=578493 reverse=591308 table_mib=15.7 mutable_mib=144.0 max_job_mib=19.6 oldest_ms=127.92 pack_ms=14.52 solve_ms=91.32
v5_device jobs=12 rows=5041 cells=53172 direct=true graph_reused=false upload_ms=15.37 capture_ms=3.69 queue_ms=32.73 gpu_ms=0.01 unpack_ms=2.09 total_ms=53.89
v5_service device=0 lane=0 class=1 jobs=12 rows=5041 cells=53172 reach=741182 reverse=756965 table_mib=20.4 mutable_mib=208.0 max_job_mib=37.9 oldest_ms=233.01 pack_ms=12.99 solve_ms=53.95
v5_device jobs=31 rows=6613 cells=69856 direct=true graph_reused=false upload_ms=38.36 capture_ms=4.15 queue_ms=63.05 gpu_ms=0.01 unpack_ms=2.91 total_ms=108.48
v5_service device=1 lane=1 class=0 jobs=31 rows=6613 cells=69856 reach=944827 reverse=967826 table_mib=26.7 mutable_mib=232.0 max_job_mib=10.8 oldest_ms=82.23 pack_ms=18.57 solve_ms=108.54
v5_device jobs=15 rows=5747 cells=70116 direct=true graph_reused=false upload_ms=26.77 capture_ms=3.00 queue_ms=39.20 gpu_ms=0.02 unpack_ms=3.14 total_ms=72.13
v5_service device=0 lane=1 class=1 jobs=15 rows=5747 cells=70116 reach=884299 reverse=903193 table_mib=24.3 mutable_mib=240.0 max_job_mib=19.1 oldest_ms=76.78 pack_ms=11.97 solve_ms=72.19
v5_device jobs=34 rows=7764 cells=82710 direct=true graph_reused=false upload_ms=44.62 capture_ms=4.02 queue_ms=75.75 gpu_ms=0.01 unpack_ms=7.55 total_ms=131.96
v5_service device=1 lane=0 class=0 jobs=34 rows=7764 cells=82710 reach=1114616 reverse=1140274 table_mib=31.3 mutable_mib=264.0 max_job_mib=10.5 oldest_ms=81.09 pack_ms=24.80 solve_ms=132.02
v5_device jobs=6 rows=2388 cells=12796 direct=true graph_reused=false upload_ms=4.41 capture_ms=4.65 queue_ms=15.15 gpu_ms=0.01 unpack_ms=0.74 total_ms=24.97
v5_service device=1 lane=1 class=1 jobs=6 rows=2388 cells=12796 reach=254332 reverse=256945 table_mib=7.2 mutable_mib=96.0 max_job_mib=18.5 oldest_ms=210.12 pack_ms=4.95 solve_ms=25.02
v5_device jobs=6 rows=2454 cells=28592 direct=true graph_reused=false upload_ms=5.87 capture_ms=3.77 queue_ms=17.87 gpu_ms=0.01 unpack_ms=1.02 total_ms=28.54
v5_service device=1 lane=0 class=1 jobs=6 rows=2454 cells=28592 reach=340635 reverse=348153 table_mib=9.4 mutable_mib=96.0 max_job_mib=18.7 oldest_ms=240.28 pack_ms=5.75 solve_ms=28.59
v5_device jobs=59 rows=12716 cells=104461 direct=true graph_reused=false upload_ms=59.39 capture_ms=3.54 queue_ms=81.25 gpu_ms=0.01 unpack_ms=6.88 total_ms=151.06
v5_service device=0 lane=0 class=0 jobs=59 rows=12716 cells=104461 reach=1550879 reverse=1578979 table_mib=44.3 mutable_mib=436.0 max_job_mib=10.0 oldest_ms=77.04 pack_ms=24.92 solve_ms=151.11
v5_device jobs=34 rows=6922 cells=69279 direct=true graph_reused=false upload_ms=37.10 capture_ms=4.26 queue_ms=50.36 gpu_ms=0.01 unpack_ms=2.85 total_ms=94.57
v5_service device=1 lane=1 class=0 jobs=34 rows=6922 cells=69279 reach=913416 reverse=934110 table_mib=26.0 mutable_mib=236.0 max_job_mib=10.0 oldest_ms=79.40 pack_ms=17.02 solve_ms=94.63
v5_device jobs=66 rows=13995 cells=124963 direct=true graph_reused=false upload_ms=61.97 capture_ms=3.18 queue_ms=71.25 gpu_ms=0.02 unpack_ms=13.55 total_ms=149.98
v5_service device=0 lane=1 class=0 jobs=66 rows=13995 cells=124963 reach=1677437 reverse=1707515 table_mib=48.1 mutable_mib=488.0 max_job_mib=10.5 oldest_ms=169.05 pack_ms=53.98 solve_ms=150.04
v5_device jobs=18 rows=7359 cells=63608 direct=true graph_reused=false upload_ms=39.31 capture_ms=3.72 queue_ms=49.23 gpu_ms=0.02 unpack_ms=4.61 total_ms=96.90
v5_service device=0 lane=0 class=1 jobs=18 rows=7359 cells=63608 reach=1083097 reverse=1099210 table_mib=29.6 mutable_mib=304.0 max_job_mib=35.1 oldest_ms=258.53 pack_ms=17.89 solve_ms=96.95
v5_device jobs=44 rows=9616 cells=113842 direct=true graph_reused=false upload_ms=49.49 capture_ms=3.42 queue_ms=72.37 gpu_ms=0.01 unpack_ms=11.88 total_ms=137.17
v5_service device=1 lane=0 class=0 jobs=44 rows=9616 cells=113842 reach=1361101 reverse=1396923 table_mib=38.5 mutable_mib=332.0 max_job_mib=10.2 oldest_ms=78.07 pack_ms=26.44 solve_ms=137.23
v5_device jobs=17 rows=6555 cells=60740 direct=true graph_reused=false upload_ms=36.31 capture_ms=3.67 queue_ms=50.41 gpu_ms=0.02 unpack_ms=7.22 total_ms=97.62
v5_service device=1 lane=1 class=1 jobs=17 rows=6555 cells=60740 reach=882417 reverse=897760 table_mib=24.4 mutable_mib=272.0 max_job_mib=19.7 oldest_ms=195.68 pack_ms=17.99 solve_ms=97.68
v5_device jobs=8 rows=3024 cells=23940 direct=true graph_reused=false upload_ms=21.37 capture_ms=3.32 queue_ms=27.29 gpu_ms=0.02 unpack_ms=1.52 total_ms=53.52
v5_service device=1 lane=0 class=1 jobs=8 rows=3024 cells=23940 reach=505802 reverse=511825 table_mib=13.6 mutable_mib=144.0 max_job_mib=37.9 oldest_ms=243.69 pack_ms=8.39 solve_ms=53.57
v5_device jobs=42 rows=9186 cells=79849 direct=true graph_reused=false upload_ms=40.51 capture_ms=3.81 queue_ms=49.99 gpu_ms=0.01 unpack_ms=2.99 total_ms=97.32
v5_service device=0 lane=1 class=0 jobs=42 rows=9186 cells=79849 reach=1104254 reverse=1126862 table_mib=31.6 mutable_mib=320.0 max_job_mib=10.0 oldest_ms=80.43 pack_ms=23.59 solve_ms=97.37
v5_device jobs=19 rows=7918 cells=56904 direct=true graph_reused=false upload_ms=30.66 capture_ms=3.36 queue_ms=43.60 gpu_ms=0.01 unpack_ms=2.63 total_ms=80.27
v5_service device=0 lane=0 class=1 jobs=19 rows=7918 cells=56904 reach=935807 reverse=948736 table_mib=26.2 mutable_mib=320.0 max_job_mib=34.8 oldest_ms=77.92 pack_ms=14.53 solve_ms=80.31
v5_device jobs=8 rows=2755 cells=21208 direct=true graph_reused=false upload_ms=6.09 capture_ms=4.11 queue_ms=24.39 gpu_ms=0.01 unpack_ms=1.10 total_ms=35.69
v5_service device=0 lane=1 class=1 jobs=8 rows=2755 cells=21208 reach=377460 reverse=382892 table_mib=10.4 mutable_mib=128.0 max_job_mib=18.7 oldest_ms=203.05 pack_ms=5.61 solve_ms=35.73
v5_device jobs=46 rows=10377 cells=80437 direct=true graph_reused=false upload_ms=43.53 capture_ms=3.50 queue_ms=69.10 gpu_ms=0.01 unpack_ms=3.43 total_ms=119.56
v5_service device=1 lane=1 class=0 jobs=46 rows=10377 cells=80437 reach=1185474 reverse=1206230 table_mib=34.1 mutable_mib=344.0 max_job_mib=10.2 oldest_ms=80.00 pack_ms=34.99 solve_ms=119.62
v5_device jobs=19 rows=7482 cells=67383 direct=true graph_reused=false upload_ms=38.78 capture_ms=3.31 queue_ms=71.10 gpu_ms=0.01 unpack_ms=3.95 total_ms=117.15
v5_service device=1 lane=0 class=1 jobs=19 rows=7482 cells=67383 reach=1014296 reverse=1029423 table_mib=28.0 mutable_mib=304.0 max_job_mib=19.2 oldest_ms=79.20 pack_ms=20.19 solve_ms=117.20
v5_device jobs=8 rows=3015 cells=20948 direct=true graph_reused=false upload_ms=7.21 capture_ms=3.67 queue_ms=18.00 gpu_ms=0.01 unpack_ms=1.16 total_ms=30.05
v5_service device=1 lane=1 class=1 jobs=8 rows=3015 cells=20948 reach=371121 reverse=374951 table_mib=10.3 mutable_mib=128.0 max_job_mib=19.0 oldest_ms=237.63 pack_ms=5.76 solve_ms=30.10
v5_device jobs=64 rows=13949 cells=142092 direct=true graph_reused=false upload_ms=65.88 capture_ms=3.12 queue_ms=96.61 gpu_ms=0.01 unpack_ms=11.41 total_ms=177.03
v5_service device=0 lane=0 class=0 jobs=64 rows=13949 cells=142092 reach=1899564 reverse=1942095 table_mib=53.8 mutable_mib=492.0 max_job_mib=10.2 oldest_ms=180.56 pack_ms=34.57 solve_ms=177.09
v5_device jobs=43 rows=9425 cells=93504 direct=true graph_reused=false upload_ms=55.34 capture_ms=3.61 queue_ms=75.35 gpu_ms=0.03 unpack_ms=5.15 total_ms=139.48
v5_service device=0 lane=1 class=0 jobs=43 rows=9425 cells=93504 reach=1222260 reverse=1249625 table_mib=34.8 mutable_mib=312.0 max_job_mib=10.5 oldest_ms=79.89 pack_ms=18.07 solve_ms=139.54
v5_device jobs=11 rows=4109 cells=29607 direct=true graph_reused=false upload_ms=12.87 capture_ms=3.22 queue_ms=23.34 gpu_ms=0.01 unpack_ms=1.67 total_ms=41.11
v5_service device=0 lane=1 class=1 jobs=11 rows=4109 cells=29607 reach=550484 reverse=556255 table_mib=15.1 mutable_mib=176.0 max_job_mib=18.7 oldest_ms=241.85 pack_ms=11.12 solve_ms=41.16
v5_device jobs=42 rows=9533 cells=80149 direct=true graph_reused=false upload_ms=46.38 capture_ms=3.61 queue_ms=60.43 gpu_ms=0.01 unpack_ms=3.97 total_ms=114.40
v5_service device=1 lane=1 class=0 jobs=42 rows=9533 cells=80149 reach=1161283 reverse=1182722 table_mib=33.1 mutable_mib=324.0 max_job_mib=10.4 oldest_ms=80.47 pack_ms=21.45 solve_ms=114.45
v5_device jobs=68 rows=15038 cells=145565 direct=true graph_reused=false upload_ms=76.81 capture_ms=3.65 queue_ms=138.52 gpu_ms=0.02 unpack_ms=17.82 total_ms=236.83
v5_service device=1 lane=0 class=0 jobs=68 rows=15038 cells=145565 reach=2046824 reverse=2090595 table_mib=57.9 mutable_mib=504.0 max_job_mib=10.8 oldest_ms=224.73 pack_ms=52.32 solve_ms=236.89
v5_device jobs=40 rows=8599 cells=94446 direct=true graph_reused=false upload_ms=39.21 capture_ms=3.16 queue_ms=67.03 gpu_ms=0.02 unpack_ms=4.60 total_ms=114.02
v5_service device=0 lane=0 class=0 jobs=40 rows=8599 cells=94446 reach=1207476 reverse=1236652 table_mib=34.2 mutable_mib=308.0 max_job_mib=10.2 oldest_ms=79.67 pack_ms=28.23 solve_ms=114.07
v5_device jobs=13 rows=4291 cells=51590 direct=true graph_reused=false upload_ms=27.57 capture_ms=3.32 queue_ms=36.70 gpu_ms=0.02 unpack_ms=2.64 total_ms=70.25
v5_service device=1 lane=1 class=1 jobs=13 rows=4291 cells=51590 reach=689291 reverse=703311 table_mib=18.9 mutable_mib=208.0 max_job_mib=18.9 oldest_ms=220.55 pack_ms=11.05 solve_ms=70.30
v5_device jobs=9 rows=3160 cells=38409 direct=true graph_reused=false upload_ms=15.11 capture_ms=3.98 queue_ms=29.87 gpu_ms=0.01 unpack_ms=1.50 total_ms=50.48
v5_service device=0 lane=0 class=1 jobs=9 rows=3160 cells=38409 reach=513304 reverse=524235 table_mib=14.0 mutable_mib=144.0 max_job_mib=19.0 oldest_ms=225.86 pack_ms=7.84 solve_ms=50.53
v5_device jobs=43 rows=9751 cells=86864 direct=true graph_reused=false upload_ms=58.92 capture_ms=4.78 queue_ms=82.50 gpu_ms=0.01 unpack_ms=4.94 total_ms=151.15
v5_service device=0 lane=1 class=0 jobs=43 rows=9751 cells=86864 reach=1227015 reverse=1250886 table_mib=34.9 mutable_mib=320.0 max_job_mib=10.0 oldest_ms=82.30 pack_ms=22.81 solve_ms=151.21
v5_device jobs=7 rows=2722 cells=29305 direct=true graph_reused=false upload_ms=6.92 capture_ms=3.49 queue_ms=19.72 gpu_ms=0.01 unpack_ms=1.12 total_ms=31.27
v5_service device=0 lane=1 class=1 jobs=7 rows=2722 cells=29305 reach=394136 reverse=400926 table_mib=10.8 mutable_mib=112.0 max_job_mib=19.0 oldest_ms=259.23 pack_ms=6.77 solve_ms=31.32
v5_device jobs=41 rows=8863 cells=104381 direct=true graph_reused=false upload_ms=39.36 capture_ms=3.11 queue_ms=55.43 gpu_ms=0.01 unpack_ms=3.99 total_ms=101.90
v5_service device=1 lane=0 class=0 jobs=41 rows=8863 cells=104381 reach=1235419 reverse=1269989 table_mib=35.0 mutable_mib=304.0 max_job_mib=10.8 oldest_ms=78.30 pack_ms=18.34 solve_ms=101.95
v5_device jobs=13 rows=4923 cells=58590 direct=true graph_reused=false upload_ms=16.08 capture_ms=3.26 queue_ms=33.34 gpu_ms=0.01 unpack_ms=2.33 total_ms=55.02
v5_service device=0 lane=0 class=1 jobs=13 rows=4923 cells=58590 reach=782688 reverse=798793 table_mib=21.4 mutable_mib=208.0 max_job_mib=19.1 oldest_ms=79.09 pack_ms=11.03 solve_ms=55.10
v5_device jobs=33 rows=7231 cells=82225 direct=true graph_reused=false upload_ms=46.66 capture_ms=4.13 queue_ms=59.27 gpu_ms=0.02 unpack_ms=4.41 total_ms=114.47
v5_service device=1 lane=1 class=0 jobs=33 rows=7231 cells=82225 reach=1089614 reverse=1115401 table_mib=30.5 mutable_mib=260.0 max_job_mib=10.3 oldest_ms=79.13 pack_ms=18.09 solve_ms=114.53
v5_device jobs=8 rows=2765 cells=32623 direct=true graph_reused=false upload_ms=8.20 capture_ms=3.44 queue_ms=26.70 gpu_ms=0.01 unpack_ms=1.41 total_ms=39.77
v5_service device=1 lane=0 class=1 jobs=8 rows=2765 cells=32623 reach=449735 reverse=460465 table_mib=12.4 mutable_mib=128.0 max_job_mib=18.9 oldest_ms=201.59 pack_ms=7.26 solve_ms=39.81
v5_device jobs=11 rows=3919 cells=35078 direct=true graph_reused=false upload_ms=24.42 capture_ms=3.87 queue_ms=25.64 gpu_ms=0.01 unpack_ms=1.72 total_ms=55.66
v5_service device=1 lane=1 class=1 jobs=11 rows=3919 cells=35078 reach=518728 reverse=526581 table_mib=14.4 mutable_mib=176.0 max_job_mib=18.3 oldest_ms=214.57 pack_ms=9.83 solve_ms=55.71
v5_device jobs=16 rows=6289 cells=45044 direct=true graph_reused=false upload_ms=16.78 capture_ms=3.07 queue_ms=29.93 gpu_ms=0.01 unpack_ms=2.09 total_ms=51.88
v5_service device=1 lane=0 class=1 jobs=16 rows=6289 cells=45044 reach=783420 reverse=792322 table_mib=21.7 mutable_mib=256.0 max_job_mib=18.9 oldest_ms=77.90 pack_ms=11.28 solve_ms=51.94
v5_device jobs=39 rows=8818 cells=91452 direct=true graph_reused=false upload_ms=44.99 capture_ms=3.45 queue_ms=84.19 gpu_ms=0.01 unpack_ms=5.50 total_ms=138.15
v5_service device=0 lane=1 class=0 jobs=39 rows=8818 cells=91452 reach=1238317 reverse=1266644 table_mib=34.9 mutable_mib=300.0 max_job_mib=10.5 oldest_ms=78.86 pack_ms=20.20 solve_ms=138.20
v5_device jobs=65 rows=13947 cells=118568 direct=true graph_reused=false upload_ms=62.24 capture_ms=3.42 queue_ms=100.20 gpu_ms=0.02 unpack_ms=6.72 total_ms=172.59
v5_service device=0 lane=0 class=0 jobs=65 rows=13947 cells=118568 reach=1718157 reverse=1751556 table_mib=49.0 mutable_mib=476.0 max_job_mib=10.8 oldest_ms=151.27 pack_ms=42.57 solve_ms=172.64
v5_device jobs=11 rows=4689 cells=36796 direct=true graph_reused=false upload_ms=23.98 capture_ms=4.42 queue_ms=31.94 gpu_ms=0.02 unpack_ms=2.84 total_ms=63.20
v5_service device=1 lane=1 class=1 jobs=11 rows=4689 cells=36796 reach=618434 reverse=625233 table_mib=17.0 mutable_mib=192.0 max_job_mib=34.8 oldest_ms=78.11 pack_ms=13.27 solve_ms=63.28
v5_device jobs=18 rows=6913 cells=70103 direct=true graph_reused=false upload_ms=38.87 capture_ms=3.63 queue_ms=54.83 gpu_ms=0.01 unpack_ms=3.44 total_ms=100.79
v5_service device=0 lane=1 class=1 jobs=18 rows=6913 cells=70103 reach=1000993 reverse=1017388 table_mib=27.5 mutable_mib=304.0 max_job_mib=36.3 oldest_ms=242.12 pack_ms=17.08 solve_ms=100.84
v5_device jobs=50 rows=10730 cells=132842 direct=true graph_reused=false upload_ms=63.42 capture_ms=3.64 queue_ms=69.27 gpu_ms=0.02 unpack_ms=6.60 total_ms=142.95
v5_service device=1 lane=0 class=0 jobs=50 rows=10730 cells=132842 reach=1534078 reverse=1578364 table_mib=43.5 mutable_mib=376.0 max_job_mib=10.8 oldest_ms=147.95 pack_ms=23.64 solve_ms=143.00
v5_device jobs=47 rows=10070 cells=107193 direct=true graph_reused=false upload_ms=54.95 capture_ms=6.62 queue_ms=68.42 gpu_ms=0.01 unpack_ms=5.31 total_ms=135.31
v5_service device=1 lane=1 class=0 jobs=47 rows=10070 cells=107193 reach=1277326 reverse=1311503 table_mib=36.6 mutable_mib=344.0 max_job_mib=10.2 oldest_ms=162.45 pack_ms=34.75 solve_ms=135.37
v5_device jobs=52 rows=11213 cells=96818 direct=true graph_reused=false upload_ms=53.99 capture_ms=3.30 queue_ms=55.93 gpu_ms=0.02 unpack_ms=5.55 total_ms=118.80
v5_service device=0 lane=0 class=0 jobs=52 rows=11213 cells=96818 reach=1442874 reverse=1469384 table_mib=41.0 mutable_mib=384.0 max_job_mib=9.9 oldest_ms=77.62 pack_ms=24.60 solve_ms=118.87
v5_device jobs=10 rows=3764 cells=39912 direct=true graph_reused=false upload_ms=9.44 capture_ms=3.55 queue_ms=39.71 gpu_ms=0.01 unpack_ms=1.04 total_ms=53.74
v5_service device=0 lane=0 class=1 jobs=10 rows=3764 cells=39912 reach=548003 reverse=557951 table_mib=15.1 mutable_mib=160.0 max_job_mib=19.0 oldest_ms=215.25 pack_ms=10.07 solve_ms=53.79
v5_device jobs=44 rows=9430 cells=83185 direct=true graph_reused=false upload_ms=43.53 capture_ms=3.66 queue_ms=72.65 gpu_ms=0.01 unpack_ms=4.03 total_ms=123.88
v5_service device=0 lane=1 class=0 jobs=44 rows=9430 cells=83185 reach=1192044 reverse=1214277 table_mib=33.9 mutable_mib=328.0 max_job_mib=10.0 oldest_ms=78.92 pack_ms=16.42 solve_ms=123.94
v5_device jobs=45 rows=10137 cells=78382 direct=true graph_reused=false upload_ms=46.93 capture_ms=3.37 queue_ms=46.12 gpu_ms=0.02 unpack_ms=4.78 total_ms=101.22
v5_service device=1 lane=0 class=0 jobs=45 rows=10137 cells=78382 reach=1256331 reverse=1277282 table_mib=35.7 mutable_mib=340.0 max_job_mib=10.2 oldest_ms=77.93 pack_ms=20.21 solve_ms=101.27
v5_device jobs=7 rows=3261 cells=25330 direct=true graph_reused=false upload_ms=8.36 capture_ms=3.56 queue_ms=23.48 gpu_ms=0.01 unpack_ms=1.26 total_ms=36.67
v5_service device=0 lane=1 class=1 jobs=7 rows=3261 cells=25330 reach=403329 reverse=408096 table_mib=11.2 mutable_mib=128.0 max_job_mib=34.5 oldest_ms=222.57 pack_ms=6.67 solve_ms=36.71
v5_device jobs=10 rows=3657 cells=39364 direct=true graph_reused=false upload_ms=12.58 capture_ms=3.56 queue_ms=42.79 gpu_ms=0.01 unpack_ms=1.33 total_ms=60.28
v5_service device=1 lane=0 class=1 jobs=10 rows=3657 cells=39364 reach=579519 reverse=590480 table_mib=15.8 mutable_mib=160.0 max_job_mib=18.9 oldest_ms=202.69 pack_ms=11.11 solve_ms=60.34
v5_device jobs=34 rows=7532 cells=61641 direct=true graph_reused=false upload_ms=42.07 capture_ms=6.11 queue_ms=51.56 gpu_ms=0.01 unpack_ms=3.27 total_ms=103.01
v5_service device=1 lane=1 class=0 jobs=34 rows=7532 cells=61641 reach=932691 reverse=949846 table_mib=26.6 mutable_mib=256.0 max_job_mib=10.2 oldest_ms=79.67 pack_ms=17.95 solve_ms=103.06
v5_device jobs=6 rows=2449 cells=25116 direct=true graph_reused=false upload_ms=7.51 capture_ms=3.61 queue_ms=17.77 gpu_ms=0.01 unpack_ms=0.72 total_ms=29.62
v5_service device=1 lane=1 class=1 jobs=6 rows=2449 cells=25116 reach=356005 reverse=361804 table_mib=9.7 mutable_mib=96.0 max_job_mib=19.0 oldest_ms=173.53 pack_ms=5.90 solve_ms=29.67
v5_device jobs=39 rows=8155 cells=75086 direct=true graph_reused=false upload_ms=37.50 capture_ms=3.58 queue_ms=39.94 gpu_ms=0.01 unpack_ms=3.35 total_ms=84.38
v5_service device=0 lane=0 class=0 jobs=39 rows=8155 cells=75086 reach=988920 reverse=1010514 table_mib=28.4 mutable_mib=280.0 max_job_mib=10.2 oldest_ms=77.98 pack_ms=15.75 solve_ms=84.43
v5_device jobs=21 rows=7886 cells=74865 direct=true graph_reused=false upload_ms=40.16 capture_ms=3.10 queue_ms=48.92 gpu_ms=0.01 unpack_ms=3.06 total_ms=95.25
v5_service device=1 lane=0 class=1 jobs=21 rows=7886 cells=74865 reach=1222584 reverse=1241313 table_mib=33.3 mutable_mib=336.0 max_job_mib=19.0 oldest_ms=82.99 pack_ms=20.06 solve_ms=95.30
v5_device jobs=16 rows=7441 cells=63806 direct=true graph_reused=false upload_ms=35.19 capture_ms=3.33 queue_ms=74.29 gpu_ms=0.01 unpack_ms=3.25 total_ms=116.08
v5_service device=0 lane=0 class=1 jobs=16 rows=7441 cells=63806 reach=1006832 reverse=1023077 table_mib=27.7 mutable_mib=272.0 max_job_mib=36.1 oldest_ms=182.49 pack_ms=15.85 solve_ms=116.13
v5_device jobs=50 rows=10580 cells=113074 direct=true graph_reused=false upload_ms=53.12 capture_ms=3.48 queue_ms=91.53 gpu_ms=0.02 unpack_ms=5.58 total_ms=153.74
v5_service device=0 lane=1 class=0 jobs=50 rows=10580 cells=113074 reach=1479599 reverse=1514717 table_mib=41.8 mutable_mib=372.0 max_job_mib=10.2 oldest_ms=79.25 pack_ms=26.26 solve_ms=153.80
v5_device jobs=39 rows=9053 cells=75341 direct=true graph_reused=false upload_ms=37.29 capture_ms=3.25 queue_ms=46.12 gpu_ms=0.02 unpack_ms=4.24 total_ms=90.92
v5_service device=1 lane=1 class=0 jobs=39 rows=9053 cells=75341 reach=1081861 reverse=1101443 table_mib=30.8 mutable_mib=300.0 max_job_mib=9.9 oldest_ms=78.89 pack_ms=16.90 solve_ms=90.98
v5_device jobs=13 rows=4699 cells=60356 direct=true graph_reused=false upload_ms=16.65 capture_ms=3.80 queue_ms=29.96 gpu_ms=0.01 unpack_ms=2.07 total_ms=52.49
v5_service device=0 lane=1 class=1 jobs=13 rows=4699 cells=60356 reach=732933 reverse=750268 table_mib=20.1 mutable_mib=208.0 max_job_mib=20.0 oldest_ms=263.07 pack_ms=11.48 solve_ms=52.54
v5_device jobs=15 rows=5907 cells=45475 direct=true graph_reused=false upload_ms=18.30 capture_ms=3.75 queue_ms=47.47 gpu_ms=0.01 unpack_ms=1.83 total_ms=71.35
v5_service device=1 lane=1 class=1 jobs=15 rows=5907 cells=45475 reach=788882 reverse=798135 table_mib=21.7 mutable_mib=240.0 max_job_mib=19.6 oldest_ms=190.68 pack_ms=15.11 solve_ms=71.41
v5_device jobs=34 rows=7280 cells=79466 direct=true graph_reused=false upload_ms=47.77 capture_ms=3.75 queue_ms=63.52 gpu_ms=0.01 unpack_ms=5.09 total_ms=120.14
v5_service device=1 lane=0 class=0 jobs=34 rows=7280 cells=79466 reach=1105280 reverse=1129773 table_mib=30.9 mutable_mib=256.0 max_job_mib=10.7 oldest_ms=201.94 pack_ms=16.52 solve_ms=120.19
v5_device jobs=1 rows=1920 cells=3312 direct=true graph_reused=false upload_ms=2.79 capture_ms=4.13 queue_ms=12.59 gpu_ms=0.01 unpack_ms=0.54 total_ms=20.06
v5_service device=1 lane=1 class=2 jobs=1 rows=1920 cells=3312 reach=200282 reverse=200304 table_mib=5.5 mutable_mib=64.0 max_job_mib=72.2 oldest_ms=268.59 pack_ms=3.62 solve_ms=20.10
v5_device jobs=37 rows=9009 cells=67868 direct=true graph_reused=false upload_ms=39.48 capture_ms=3.73 queue_ms=53.07 gpu_ms=0.01 unpack_ms=4.56 total_ms=100.85
v5_service device=0 lane=0 class=0 jobs=37 rows=9009 cells=67868 reach=1100659 reverse=1117607 table_mib=31.2 mutable_mib=284.0 max_job_mib=10.1 oldest_ms=79.66 pack_ms=16.55 solve_ms=100.90
v5_device jobs=17 rows=7092 cells=71110 direct=true graph_reused=false upload_ms=19.25 capture_ms=3.27 queue_ms=41.06 gpu_ms=0.01 unpack_ms=2.70 total_ms=66.28
v5_service device=0 lane=1 class=1 jobs=17 rows=7092 cells=71110 reach=967552 reverse=986996 table_mib=26.9 mutable_mib=288.0 max_job_mib=34.6 oldest_ms=77.76 pack_ms=13.37 solve_ms=66.33
v5_device jobs=12 rows=4613 cells=45517 direct=true graph_reused=false upload_ms=12.77 capture_ms=3.47 queue_ms=28.79 gpu_ms=0.01 unpack_ms=2.07 total_ms=47.11
v5_service device=0 lane=0 class=1 jobs=12 rows=4613 cells=45517 reach=659907 reverse=672163 table_mib=18.1 mutable_mib=192.0 max_job_mib=19.2 oldest_ms=199.07 pack_ms=10.45 solve_ms=47.17
v5_device jobs=14 rows=5389 cells=42780 direct=true graph_reused=false upload_ms=18.14 capture_ms=3.62 queue_ms=31.83 gpu_ms=0.01 unpack_ms=4.89 total_ms=58.49
v5_service device=1 lane=1 class=1 jobs=14 rows=5389 cells=42780 reach=784203 reverse=793274 table_mib=21.4 mutable_mib=224.0 max_job_mib=19.7 oldest_ms=78.65 pack_ms=13.40 solve_ms=58.55
v5_device jobs=42 rows=8411 cells=82969 direct=true graph_reused=false upload_ms=43.60 capture_ms=3.23 queue_ms=51.24 gpu_ms=0.02 unpack_ms=4.17 total_ms=102.25
v5_service device=0 lane=1 class=0 jobs=42 rows=8411 cells=82969 reach=1203628 reverse=1228417 table_mib=33.9 mutable_mib=304.0 max_job_mib=10.0 oldest_ms=165.25 pack_ms=20.13 solve_ms=102.31
v5_device jobs=53 rows=11236 cells=96306 direct=true graph_reused=false upload_ms=55.16 capture_ms=3.52 queue_ms=56.30 gpu_ms=0.01 unpack_ms=10.29 total_ms=125.28
v5_service device=1 lane=0 class=0 jobs=53 rows=11236 cells=96306 reach=1435131 reverse=1460709 table_mib=40.8 mutable_mib=376.0 max_job_mib=10.0 oldest_ms=84.17 pack_ms=30.81 solve_ms=125.33
v5_device jobs=3 rows=992 cells=8737 direct=true graph_reused=false upload_ms=1.94 capture_ms=5.35 queue_ms=44.68 gpu_ms=0.01 unpack_ms=0.26 total_ms=52.23
v5_service device=1 lane=0 class=1 jobs=3 rows=992 cells=8737 reach=130925 reverse=132723 table_mib=3.6 mutable_mib=48.0 max_job_mib=18.2 oldest_ms=228.64 pack_ms=2.84 solve_ms=52.27
v5_device jobs=39 rows=8429 cells=100017 direct=true graph_reused=false upload_ms=41.03 capture_ms=3.47 queue_ms=72.38 gpu_ms=0.02 unpack_ms=5.19 total_ms=122.08
v5_service device=1 lane=1 class=0 jobs=39 rows=8429 cells=100017 reach=1281194 reverse=1313004 table_mib=36.0 mutable_mib=304.0 max_job_mib=10.4 oldest_ms=155.97 pack_ms=34.12 solve_ms=122.16
v5_device jobs=43 rows=9150 cells=110760 direct=true graph_reused=false upload_ms=49.31 capture_ms=3.61 queue_ms=70.92 gpu_ms=0.02 unpack_ms=4.81 total_ms=128.67
v5_service device=0 lane=0 class=0 jobs=43 rows=9150 cells=110760 reach=1348960 reverse=1385812 table_mib=38.1 mutable_mib=324.0 max_job_mib=10.7 oldest_ms=77.99 pack_ms=24.86 solve_ms=128.72
v5_device jobs=40 rows=8077 cells=75165 direct=true graph_reused=false upload_ms=40.97 capture_ms=3.66 queue_ms=52.53 gpu_ms=0.01 unpack_ms=3.52 total_ms=100.69
v5_service device=0 lane=1 class=0 jobs=40 rows=8077 cells=75165 reach=1118298 reverse=1138646 table_mib=31.5 mutable_mib=276.0 max_job_mib=10.5 oldest_ms=79.12 pack_ms=19.29 solve_ms=100.76
v5_device jobs=12 rows=4646 cells=51460 direct=true graph_reused=false upload_ms=15.91 capture_ms=3.51 queue_ms=44.73 gpu_ms=0.01 unpack_ms=2.61 total_ms=66.77
v5_service device=0 lane=0 class=1 jobs=12 rows=4646 cells=51460 reach=771813 reverse=785665 table_mib=20.9 mutable_mib=208.0 max_job_mib=35.5 oldest_ms=235.83 pack_ms=13.27 solve_ms=66.81
v5_device jobs=13 rows=5678 cells=45292 direct=true graph_reused=false upload_ms=12.29 capture_ms=3.55 queue_ms=27.02 gpu_ms=0.01 unpack_ms=1.57 total_ms=44.44
v5_service device=0 lane=1 class=1 jobs=13 rows=5678 cells=45292 reach=624525 reverse=634645 table_mib=17.7 mutable_mib=224.0 max_job_mib=35.1 oldest_ms=203.03 pack_ms=12.08 solve_ms=44.49
v5_device jobs=34 rows=7153 cells=66788 direct=true graph_reused=false upload_ms=31.38 capture_ms=3.70 queue_ms=52.09 gpu_ms=0.02 unpack_ms=2.98 total_ms=90.17
v5_service device=1 lane=1 class=0 jobs=34 rows=7153 cells=66788 reach=928381 reverse=948586 table_mib=26.5 mutable_mib=244.0 max_job_mib=10.2 oldest_ms=80.49 pack_ms=14.43 solve_ms=90.22
v5_device jobs=38 rows=8138 cells=74396 direct=true graph_reused=false upload_ms=37.71 capture_ms=3.53 queue_ms=82.97 gpu_ms=0.01 unpack_ms=4.88 total_ms=129.10
v5_service device=1 lane=0 class=0 jobs=38 rows=8138 cells=74396 reach=1156849 reverse=1178294 table_mib=32.5 mutable_mib=296.0 max_job_mib=10.2 oldest_ms=81.60 pack_ms=20.04 solve_ms=129.15
v5_device jobs=8 rows=3429 cells=32055 direct=true graph_reused=false upload_ms=9.27 capture_ms=3.62 queue_ms=20.27 gpu_ms=0.01 unpack_ms=1.20 total_ms=34.37
v5_service device=1 lane=1 class=1 jobs=8 rows=3429 cells=32055 reach=434829 reverse=442089 table_mib=12.1 mutable_mib=128.0 max_job_mib=19.7 oldest_ms=187.55 pack_ms=7.83 solve_ms=34.42
v5_device jobs=7 rows=2898 cells=26327 direct=true graph_reused=false upload_ms=6.47 capture_ms=3.56 queue_ms=17.73 gpu_ms=0.01 unpack_ms=1.06 total_ms=28.83
v5_service device=1 lane=0 class=1 jobs=7 rows=2898 cells=26327 reach=365687 reverse=372255 table_mib=10.2 mutable_mib=112.0 max_job_mib=19.7 oldest_ms=232.43 pack_ms=6.72 solve_ms=28.88
v5_device jobs=20 rows=7014 cells=64920 direct=true graph_reused=false upload_ms=30.45 capture_ms=3.21 queue_ms=51.83 gpu_ms=0.01 unpack_ms=2.80 total_ms=88.31
v5_service device=0 lane=1 class=1 jobs=20 rows=7014 cells=64920 reach=998436 reverse=1014262 table_mib=27.5 mutable_mib=320.0 max_job_mib=19.0 oldest_ms=78.00 pack_ms=14.62 solve_ms=88.36
v5_device jobs=48 rows=10514 cells=89956 direct=true graph_reused=false upload_ms=46.71 capture_ms=3.32 queue_ms=87.45 gpu_ms=0.01 unpack_ms=4.74 total_ms=142.23
v5_service device=0 lane=0 class=0 jobs=48 rows=10514 cells=89956 reach=1231009 reverse=1255832 table_mib=35.4 mutable_mib=360.0 max_job_mib=10.0 oldest_ms=78.98 pack_ms=21.81 solve_ms=142.28
v5_device jobs=4 rows=2223 cells=19519 direct=true graph_reused=false upload_ms=4.46 capture_ms=5.27 queue_ms=15.52 gpu_ms=0.01 unpack_ms=0.74 total_ms=26.00
v5_service device=0 lane=0 class=1 jobs=4 rows=2223 cells=19519 reach=261559 reverse=265727 table_mib=7.3 mutable_mib=96.0 max_job_mib=35.5 oldest_ms=243.45 pack_ms=4.46 solve_ms=26.07
v5_device jobs=34 rows=8187 cells=70331 direct=true graph_reused=false upload_ms=30.78 capture_ms=3.05 queue_ms=49.62 gpu_ms=0.01 unpack_ms=5.04 total_ms=88.50
v5_service device=1 lane=1 class=0 jobs=34 rows=8187 cells=70331 reach=982583 reverse=1002013 table_mib=28.0 mutable_mib=264.0 max_job_mib=9.8 oldest_ms=77.65 pack_ms=13.11 solve_ms=88.56
v5_device jobs=15 rows=5714 cells=47338 direct=true graph_reused=false upload_ms=14.24 capture_ms=3.41 queue_ms=39.40 gpu_ms=0.01 unpack_ms=1.33 total_ms=58.38
v5_service device=1 lane=1 class=1 jobs=15 rows=5714 cells=47338 reach=716606 reverse=727644 table_mib=20.0 mutable_mib=256.0 max_job_mib=35.8 oldest_ms=178.38 pack_ms=12.47 solve_ms=58.43
v5_device jobs=49 rows=10446 cells=123791 direct=true graph_reused=false upload_ms=64.70 capture_ms=3.65 queue_ms=95.24 gpu_ms=0.02 unpack_ms=6.29 total_ms=169.89
v5_service device=1 lane=0 class=0 jobs=49 rows=10446 cells=123791 reach=1475198 reverse=1516561 table_mib=41.9 mutable_mib=368.0 max_job_mib=10.8 oldest_ms=78.90 pack_ms=22.69 solve_ms=169.95
v5_device jobs=13 rows=4981 cells=50522 direct=true graph_reused=false upload_ms=15.71 capture_ms=3.38 queue_ms=42.53 gpu_ms=0.01 unpack_ms=2.61 total_ms=64.24
v5_service device=0 lane=0 class=1 jobs=13 rows=4981 cells=50522 reach=799733 reverse=810648 table_mib=21.7 mutable_mib=208.0 max_job_mib=19.6 oldest_ms=77.30 pack_ms=11.43 solve_ms=64.29
v5_device jobs=6 rows=2125 cells=22614 direct=true graph_reused=false upload_ms=5.54 capture_ms=4.41 queue_ms=21.95 gpu_ms=0.01 unpack_ms=0.81 total_ms=32.72
v5_service device=1 lane=0 class=1 jobs=6 rows=2125 cells=22614 reach=306651 reverse=313349 table_mib=8.5 mutable_mib=96.0 max_job_mib=18.9 oldest_ms=275.02 pack_ms=5.33 solve_ms=32.78
v5_device jobs=55 rows=12197 cells=115715 direct=true graph_reused=false upload_ms=57.50 capture_ms=3.08 queue_ms=106.93 gpu_ms=0.02 unpack_ms=6.10 total_ms=173.62
v5_service device=0 lane=1 class=0 jobs=55 rows=12197 cells=115715 reach=1614273 reverse=1648706 table_mib=45.7 mutable_mib=416.0 max_job_mib=10.6 oldest_ms=189.44 pack_ms=45.31 solve_ms=173.68
v5_device jobs=50 rows=11457 cells=84469 direct=true graph_reused=false upload_ms=46.83 capture_ms=3.55 queue_ms=63.47 gpu_ms=0.01 unpack_ms=4.60 total_ms=118.45
v5_service device=1 lane=1 class=0 jobs=50 rows=11457 cells=84469 reach=1274896 reverse=1296677 table_mib=36.7 mutable_mib=376.0 max_job_mib=10.1 oldest_ms=81.09 pack_ms=21.11 solve_ms=118.51
v5_device jobs=16 rows=5699 cells=82100 direct=true graph_reused=false upload_ms=29.67 capture_ms=3.14 queue_ms=43.38 gpu_ms=0.02 unpack_ms=4.30 total_ms=80.51
v5_service device=1 lane=0 class=1 jobs=16 rows=5699 cells=82100 reach=953510 reverse=981419 table_mib=26.2 mutable_mib=256.0 max_job_mib=20.3 oldest_ms=76.78 pack_ms=12.97 solve_ms=80.57
v5_device jobs=51 rows=10839 cells=114739 direct=true graph_reused=false upload_ms=56.98 capture_ms=3.44 queue_ms=73.22 gpu_ms=0.01 unpack_ms=13.49 total_ms=147.14
v5_service device=0 lane=0 class=0 jobs=51 rows=10839 cells=114739 reach=1489999 reverse=1525169 table_mib=42.2 mutable_mib=380.0 max_job_mib=10.8 oldest_ms=159.87 pack_ms=30.41 solve_ms=147.21
v5_device jobs=8 rows=3482 cells=27902 direct=true graph_reused=false upload_ms=16.37 capture_ms=3.52 queue_ms=20.76 gpu_ms=0.02 unpack_ms=1.43 total_ms=42.09
v5_service device=1 lane=1 class=1 jobs=8 rows=3482 cells=27902 reach=437883 reverse=444206 table_mib=12.1 mutable_mib=144.0 max_job_mib=35.8 oldest_ms=223.85 pack_ms=6.82 solve_ms=42.14
v5_device jobs=44 rows=9596 cells=99314 direct=true graph_reused=false upload_ms=48.52 capture_ms=3.64 queue_ms=51.02 gpu_ms=0.01 unpack_ms=4.43 total_ms=107.62
v5_service device=0 lane=1 class=0 jobs=44 rows=9596 cells=99314 reach=1318759 reverse=1347415 table_mib=37.3 mutable_mib=332.0 max_job_mib=10.2 oldest_ms=79.57 pack_ms=19.14 solve_ms=107.68
v5_device jobs=9 rows=4509 cells=40398 direct=true graph_reused=false upload_ms=12.27 capture_ms=3.41 queue_ms=24.98 gpu_ms=0.01 unpack_ms=1.68 total_ms=42.36
v5_service device=0 lane=1 class=1 jobs=9 rows=4509 cells=40398 reach=585944 reverse=594571 table_mib=16.2 mutable_mib=160.0 max_job_mib=35.5 oldest_ms=205.25 pack_ms=9.87 solve_ms=42.42
v5_device jobs=37 rows=7943 cells=79287 direct=true graph_reused=false upload_ms=56.56 capture_ms=5.73 queue_ms=67.23 gpu_ms=0.01 unpack_ms=4.95 total_ms=134.49
v5_service device=1 lane=0 class=0 jobs=37 rows=7943 cells=79287 reach=1199329 reverse=1222267 table_mib=33.5 mutable_mib=280.0 max_job_mib=10.0 oldest_ms=178.29 pack_ms=26.97 solve_ms=134.55
v5_device jobs=16 rows=6956 cells=72922 direct=true graph_reused=false upload_ms=35.42 capture_ms=3.30 queue_ms=48.41 gpu_ms=0.02 unpack_ms=3.06 total_ms=90.21
v5_service device=0 lane=0 class=1 jobs=16 rows=6956 cells=72922 reach=1011797 reverse=1030227 table_mib=27.7 mutable_mib=288.0 max_job_mib=35.5 oldest_ms=80.83 pack_ms=17.07 solve_ms=90.26
v5_device jobs=41 rows=9092 cells=95758 direct=true graph_reused=false upload_ms=43.92 capture_ms=3.47 queue_ms=66.27 gpu_ms=0.02 unpack_ms=4.26 total_ms=117.94
v5_service device=1 lane=1 class=0 jobs=41 rows=9092 cells=95758 reach=1299088 reverse=1329281 table_mib=36.6 mutable_mib=316.0 max_job_mib=10.4 oldest_ms=78.08 pack_ms=25.43 solve_ms=118.00
v5_device jobs=9 rows=3230 cells=38005 direct=true graph_reused=false upload_ms=10.73 capture_ms=3.48 queue_ms=26.66 gpu_ms=0.01 unpack_ms=1.30 total_ms=42.18
v5_service device=1 lane=1 class=1 jobs=9 rows=3230 cells=38005 reach=507105 reverse=518123 table_mib=13.9 mutable_mib=144.0 max_job_mib=19.0 oldest_ms=220.75 pack_ms=9.17 solve_ms=42.23
v5_device jobs=41 rows=8818 cells=79383 direct=true graph_reused=false upload_ms=41.92 capture_ms=3.53 queue_ms=75.81 gpu_ms=0.01 unpack_ms=3.59 total_ms=124.86
v5_service device=0 lane=1 class=0 jobs=41 rows=8818 cells=79383 reach=1188057 reverse=1209561 table_mib=33.5 mutable_mib=300.0 max_job_mib=10.4 oldest_ms=80.25 pack_ms=18.46 solve_ms=124.91
v5_device jobs=44 rows=9115 cells=100901 direct=true graph_reused=false upload_ms=49.53 capture_ms=3.65 queue_ms=83.16 gpu_ms=0.01 unpack_ms=5.83 total_ms=142.19
v5_service device=0 lane=0 class=0 jobs=44 rows=9115 cells=100901 reach=1326779 reverse=1357837 table_mib=37.4 mutable_mib=320.0 max_job_mib=10.7 oldest_ms=193.41 pack_ms=24.46 solve_ms=142.24
v5_device jobs=50 rows=10837 cells=87282 direct=true graph_reused=false upload_ms=42.80 capture_ms=3.42 queue_ms=55.21 gpu_ms=0.02 unpack_ms=4.85 total_ms=106.29
v5_service device=1 lane=0 class=0 jobs=50 rows=10837 cells=87282 reach=1202502 reverse=1224577 table_mib=34.7 mutable_mib=352.0 max_job_mib=10.0 oldest_ms=78.99 pack_ms=23.02 solve_ms=106.34
v5_device jobs=8 rows=2935 cells=33506 direct=true graph_reused=false upload_ms=10.64 capture_ms=3.62 queue_ms=25.38 gpu_ms=0.02 unpack_ms=1.59 total_ms=41.24
v5_service device=0 lane=1 class=1 jobs=8 rows=2935 cells=33506 reach=469266 reverse=478842 table_mib=12.8 mutable_mib=128.0 max_job_mib=19.6 oldest_ms=227.26 pack_ms=7.21 solve_ms=41.29
v5_device jobs=12 rows=4511 cells=51462 direct=true graph_reused=false upload_ms=15.24 capture_ms=3.64 queue_ms=29.48 gpu_ms=0.01 unpack_ms=2.11 total_ms=50.48
v5_service device=1 lane=1 class=1 jobs=12 rows=4511 cells=51462 reach=664395 reverse=679775 table_mib=18.3 mutable_mib=192.0 max_job_mib=20.8 oldest_ms=78.30 pack_ms=10.58 solve_ms=50.53
v5_device jobs=17 rows=6836 cells=53312 direct=true graph_reused=false upload_ms=36.76 capture_ms=3.80 queue_ms=38.07 gpu_ms=0.01 unpack_ms=2.91 total_ms=81.56
v5_service device=1 lane=0 class=1 jobs=17 rows=6836 cells=53312 reach=946768 reverse=959144 table_mib=26.0 mutable_mib=272.0 max_job_mib=19.7 oldest_ms=213.76 pack_ms=20.54 solve_ms=81.62
v5_device jobs=42 rows=9156 cells=78758 direct=true graph_reused=false upload_ms=23.54 capture_ms=3.71 queue_ms=50.61 gpu_ms=0.01 unpack_ms=3.38 total_ms=81.25
v5_service device=0 lane=0 class=0 jobs=42 rows=9156 cells=78758 reach=1037491 reverse=1060066 table_mib=30.0 mutable_mib=308.0 max_job_mib=10.2 oldest_ms=78.83 pack_ms=18.72 solve_ms=81.32
v5_device jobs=12 rows=4591 cells=40598 direct=true graph_reused=false upload_ms=15.38 capture_ms=3.41 queue_ms=45.00 gpu_ms=0.01 unpack_ms=2.34 total_ms=66.14
v5_service device=0 lane=1 class=1 jobs=12 rows=4591 cells=40598 reach=678762 reverse=686799 table_mib=18.5 mutable_mib=192.0 max_job_mib=19.6 oldest_ms=77.11 pack_ms=10.55 solve_ms=66.19
v5_device jobs=14 rows=5028 cells=47025 direct=true graph_reused=false upload_ms=16.91 capture_ms=3.64 queue_ms=32.31 gpu_ms=0.01 unpack_ms=2.10 total_ms=54.97
v5_service device=0 lane=0 class=1 jobs=14 rows=5028 cells=47025 reach=761227 reverse=773204 table_mib=20.8 mutable_mib=224.0 max_job_mib=19.5 oldest_ms=183.45 pack_ms=12.38 solve_ms=55.03
v5_device jobs=70 rows=15030 cells=110480 direct=true graph_reused=false upload_ms=64.26 capture_ms=3.16 queue_ms=90.65 gpu_ms=0.01 unpack_ms=11.20 total_ms=169.28
v5_service device=1 lane=1 class=0 jobs=70 rows=15030 cells=110480 reach=1837958 reverse=1865886 table_mib=52.3 mutable_mib=504.0 max_job_mib=10.5 oldest_ms=144.73 pack_ms=29.25 solve_ms=169.35
v5_device jobs=47 rows=9974 cells=91852 direct=true graph_reused=false upload_ms=45.08 capture_ms=3.71 queue_ms=66.72 gpu_ms=0.02 unpack_ms=6.56 total_ms=122.08
v5_service device=1 lane=0 class=0 jobs=47 rows=9974 cells=91852 reach=1267213 reverse=1293789 table_mib=36.1 mutable_mib=352.0 max_job_mib=10.3 oldest_ms=82.62 pack_ms=22.14 solve_ms=122.13
v5_device jobs=57 rows=12937 cells=116610 direct=true graph_reused=false upload_ms=63.59 capture_ms=3.68 queue_ms=62.76 gpu_ms=0.02 unpack_ms=12.23 total_ms=142.28
v5_service device=0 lane=1 class=0 jobs=57 rows=12937 cells=116610 reach=1711006 reverse=1744197 table_mib=48.4 mutable_mib=432.0 max_job_mib=10.7 oldest_ms=160.72 pack_ms=32.40 solve_ms=142.35
v5_device jobs=9 rows=3476 cells=38847 direct=true graph_reused=false upload_ms=12.72 capture_ms=3.66 queue_ms=24.33 gpu_ms=0.01 unpack_ms=1.66 total_ms=42.38
v5_service device=1 lane=0 class=1 jobs=9 rows=3476 cells=38847 reach=533815 reverse=544132 table_mib=14.6 mutable_mib=144.0 max_job_mib=19.7 oldest_ms=226.54 pack_ms=9.98 solve_ms=42.43
v5_device jobs=44 rows=9783 cells=90598 direct=true graph_reused=false upload_ms=48.70 capture_ms=3.72 queue_ms=54.52 gpu_ms=0.02 unpack_ms=5.48 total_ms=112.44
v5_service device=0 lane=0 class=0 jobs=44 rows=9783 cells=90598 reach=1264371 reverse=1290210 table_mib=35.9 mutable_mib=332.0 max_job_mib=10.0 oldest_ms=77.58 pack_ms=19.93 solve_ms=112.50
v5_device jobs=35 rows=8244 cells=76075 direct=true graph_reused=false upload_ms=41.67 capture_ms=3.45 queue_ms=63.01 gpu_ms=0.02 unpack_ms=4.52 total_ms=112.68
v5_service device=1 lane=1 class=0 jobs=35 rows=8244 cells=76075 reach=1147843 reverse=1170282 table_mib=32.3 mutable_mib=276.0 max_job_mib=10.8 oldest_ms=83.26 pack_ms=20.08 solve_ms=112.74
v5_device jobs=8 rows=2897 cells=23517 direct=true graph_reused=false upload_ms=8.60 capture_ms=3.53 queue_ms=18.79 gpu_ms=0.01 unpack_ms=1.05 total_ms=31.97
v5_service device=1 lane=1 class=1 jobs=8 rows=2897 cells=23517 reach=414338 reverse=419443 table_mib=11.4 mutable_mib=128.0 max_job_mib=18.6 oldest_ms=218.57 pack_ms=6.61 solve_ms=32.03
v5_device jobs=12 rows=4371 cells=41799 direct=true graph_reused=false upload_ms=25.53 capture_ms=3.50 queue_ms=70.61 gpu_ms=0.01 unpack_ms=1.90 total_ms=101.55
v5_service device=0 lane=0 class=1 jobs=12 rows=4371 cells=41799 reach=625585 reverse=636985 table_mib=17.3 mutable_mib=192.0 max_job_mib=19.6 oldest_ms=204.50 pack_ms=9.74 solve_ms=101.61
{"phase": "live", "seconds": 10.153, "solves": 12288, "solves_per_s": 1210.3, "oversize_routes": 0, "card_exclusive_routes": 0}
v5_device jobs=49 rows=10991 cells=99267 direct=true graph_reused=false upload_ms=55.03 capture_ms=3.42 queue_ms=65.90 gpu_ms=0.01 unpack_ms=8.23 total_ms=132.58
v5_service device=0 lane=1 class=0 jobs=49 rows=10991 cells=99267 reach=1458980 reverse=1485588 table_mib=41.2 mutable_mib=364.0 max_job_mib=10.2 oldest_ms=79.45 pack_ms=22.75 solve_ms=132.64
v5_device jobs=45 rows=9741 cells=82222 direct=true graph_reused=false upload_ms=43.49 capture_ms=3.36 queue_ms=54.13 gpu_ms=0.02 unpack_ms=4.54 total_ms=105.54
v5_service device=1 lane=0 class=0 jobs=45 rows=9741 cells=82222 reach=1204558 reverse=1227745 table_mib=34.3 mutable_mib=328.0 max_job_mib=10.0 oldest_ms=81.01 pack_ms=20.80 solve_ms=105.59
v5_device jobs=8 rows=3532 cells=25987 direct=true graph_reused=false upload_ms=11.68 capture_ms=3.57 queue_ms=20.59 gpu_ms=0.01 unpack_ms=1.33 total_ms=37.18
v5_service device=1 lane=0 class=1 jobs=8 rows=3532 cells=25987 reach=466954 reverse=473438 table_mib=12.9 mutable_mib=144.0 max_job_mib=36.1 oldest_ms=211.58 pack_ms=8.02 solve_ms=37.24
v5_device jobs=15 rows=5573 cells=64860 direct=true graph_reused=false upload_ms=32.01 capture_ms=3.42 queue_ms=50.34 gpu_ms=0.01 unpack_ms=3.45 total_ms=89.24
v5_service device=0 lane=1 class=1 jobs=15 rows=5573 cells=64860 reach=897805 reverse=917468 table_mib=24.5 mutable_mib=240.0 max_job_mib=20.0 oldest_ms=240.93 pack_ms=21.56 solve_ms=89.29
v5_device jobs=45 rows=9658 cells=76614 direct=true graph_reused=false upload_ms=40.46 capture_ms=3.16 queue_ms=46.39 gpu_ms=0.01 unpack_ms=4.04 total_ms=94.06
v5_service device=1 lane=1 class=0 jobs=45 rows=9658 cells=76614 reach=1156173 reverse=1175896 table_mib=33.0 mutable_mib=320.0 max_job_mib=10.5 oldest_ms=81.17 pack_ms=20.33 solve_ms=94.12
v5_device jobs=41 rows=8190 cells=82861 direct=true graph_reused=false upload_ms=43.35 capture_ms=3.46 queue_ms=48.47 gpu_ms=0.02 unpack_ms=4.02 total_ms=99.32
v5_service device=0 lane=0 class=0 jobs=41 rows=8190 cells=82861 reach=1175761 reverse=1201109 table_mib=33.2 mutable_mib=300.0 max_job_mib=10.6 oldest_ms=78.81 pack_ms=19.08 solve_ms=99.37
v5_device jobs=9 rows=3365 cells=23550 direct=true graph_reused=false upload_ms=9.72 capture_ms=3.40 queue_ms=18.88 gpu_ms=0.01 unpack_ms=1.12 total_ms=33.13
v5_service device=1 lane=1 class=1 jobs=9 rows=3365 cells=23550 reach=432992 reverse=437374 table_mib=12.0 mutable_mib=144.0 max_job_mib=18.5 oldest_ms=198.57 pack_ms=7.78 solve_ms=33.17
v5_device jobs=4 rows=1371 cells=19891 direct=true graph_reused=false upload_ms=4.63 capture_ms=3.96 queue_ms=23.03 gpu_ms=0.01 unpack_ms=0.82 total_ms=32.45
v5_service device=0 lane=0 class=1 jobs=4 rows=1371 cells=19891 reach=279688 reverse=285744 table_mib=7.5 mutable_mib=64.0 max_job_mib=19.1 oldest_ms=193.20 pack_ms=5.23 solve_ms=32.51
v5_device jobs=16 rows=6477 cells=65706 direct=true graph_reused=false upload_ms=34.38 capture_ms=3.64 queue_ms=43.41 gpu_ms=0.01 unpack_ms=3.44 total_ms=84.88
v5_service device=1 lane=0 class=1 jobs=16 rows=6477 cells=65706 reach=975344 reverse=991699 table_mib=26.7 mutable_mib=272.0 max_job_mib=34.5 oldest_ms=80.13 pack_ms=16.19 solve_ms=84.94
v5_device jobs=46 rows=9924 cells=100179 direct=true graph_reused=false upload_ms=45.02 capture_ms=3.14 queue_ms=64.33 gpu_ms=0.02 unpack_ms=5.76 total_ms=118.27
v5_service device=0 lane=1 class=0 jobs=46 rows=9924 cells=100179 reach=1310741 reverse=1340902 table_mib=37.3 mutable_mib=344.0 max_job_mib=10.2 oldest_ms=82.18 pack_ms=22.76 solve_ms=118.33
v5_device jobs=40 rows=8910 cells=87901 direct=true graph_reused=false upload_ms=39.65 capture_ms=3.09 queue_ms=57.16 gpu_ms=0.01 unpack_ms=4.20 total_ms=104.12
v5_service device=1 lane=1 class=0 jobs=40 rows=8910 cells=87901 reach=1253866 reverse=1279892 table_mib=35.2 mutable_mib=292.0 max_job_mib=10.5 oldest_ms=78.94 pack_ms=17.81 solve_ms=104.17
v5_device jobs=7 rows=3216 cells=53255 direct=true graph_reused=false upload_ms=17.60 capture_ms=3.55 queue_ms=52.24 gpu_ms=0.01 unpack_ms=1.56 total_ms=74.96
v5_service device=0 lane=1 class=1 jobs=7 rows=3216 cells=53255 reach=541400 reverse=560237 table_mib=14.8 mutable_mib=144.0 max_job_mib=38.8 oldest_ms=227.07 pack_ms=8.32 solve_ms=75.01
v5_device jobs=8 rows=2933 cells=35915 direct=true graph_reused=false upload_ms=8.03 capture_ms=10.61 queue_ms=22.37 gpu_ms=0.01 unpack_ms=1.21 total_ms=42.24
v5_service device=1 lane=1 class=1 jobs=8 rows=2933 cells=35915 reach=441797 reverse=452558 table_mib=12.2 mutable_mib=128.0 max_job_mib=19.0 oldest_ms=200.81 pack_ms=7.36 solve_ms=42.31
v5_device jobs=48 rows=10833 cells=100205 direct=true graph_reused=false upload_ms=51.07 capture_ms=3.64 queue_ms=61.57 gpu_ms=0.02 unpack_ms=5.42 total_ms=121.71
v5_service device=0 lane=0 class=0 jobs=48 rows=10833 cells=100205 reach=1388158 reverse=1417369 table_mib=39.5 mutable_mib=368.0 max_job_mib=10.2 oldest_ms=79.36 pack_ms=23.84 solve_ms=121.75
v5_device jobs=63 rows=13751 cells=123566 direct=true graph_reused=false upload_ms=62.84 capture_ms=5.88 queue_ms=83.12 gpu_ms=0.01 unpack_ms=11.69 total_ms=163.54
v5_service device=1 lane=0 class=0 jobs=63 rows=13751 cells=123566 reach=1745822 reverse=1780867 table_mib=49.7 mutable_mib=472.0 max_job_mib=10.5 oldest_ms=190.26 pack_ms=41.80 solve_ms=163.59
v5_device jobs=18 rows=6373 cells=73028 direct=true graph_reused=false upload_ms=33.84 capture_ms=3.49 queue_ms=54.48 gpu_ms=0.01 unpack_ms=2.85 total_ms=94.67
v5_service device=1 lane=1 class=1 jobs=18 rows=6373 cells=73028 reach=1001554 reverse=1022455 table_mib=27.5 mutable_mib=288.0 max_job_mib=19.1 oldest_ms=79.27 pack_ms=14.70 solve_ms=94.72
v5_device jobs=24 rows=10523 cells=86082 direct=true graph_reused=false upload_ms=52.24 capture_ms=3.37 queue_ms=86.87 gpu_ms=0.01 unpack_ms=5.45 total_ms=147.94
v5_service device=0 lane=0 class=1 jobs=24 rows=10523 cells=86082 reach=1479745 reverse=1497291 table_mib=40.4 mutable_mib=400.0 max_job_mib=37.2 oldest_ms=232.40 pack_ms=29.81 solve_ms=148.00
v5_device jobs=15 rows=5470 cells=50891 direct=true graph_reused=false upload_ms=28.74 capture_ms=3.30 queue_ms=49.32 gpu_ms=0.03 unpack_ms=5.06 total_ms=86.44
v5_service device=1 lane=0 class=1 jobs=15 rows=5470 cells=50891 reach=754838 reverse=767860 table_mib=20.9 mutable_mib=240.0 max_job_mib=19.7 oldest_ms=77.33 pack_ms=10.07 solve_ms=86.50
v5_device jobs=37 rows=7486 cells=77354 direct=true graph_reused=false upload_ms=38.68 capture_ms=3.40 queue_ms=58.88 gpu_ms=0.02 unpack_ms=5.83 total_ms=106.81
v5_service device=0 lane=1 class=0 jobs=37 rows=7486 cells=77354 reach=1097289 reverse=1120877 table_mib=30.9 mutable_mib=280.0 max_job_mib=10.2 oldest_ms=79.30 pack_ms=17.34 solve_ms=106.86
v5_device jobs=5 rows=1852 cells=19977 direct=true graph_reused=false upload_ms=4.90 capture_ms=4.38 queue_ms=16.09 gpu_ms=0.01 unpack_ms=0.89 total_ms=26.27
v5_service device=0 lane=1 class=1 jobs=5 rows=1852 cells=19977 reach=290687 reverse=296453 table_mib=7.9 mutable_mib=80.0 max_job_mib=18.9 oldest_ms=179.87 pack_ms=5.14 solve_ms=26.32
v5_device jobs=38 rows=8714 cells=84251 direct=true graph_reused=false upload_ms=40.83 capture_ms=3.11 queue_ms=92.65 gpu_ms=0.01 unpack_ms=7.00 total_ms=143.60
v5_service device=0 lane=0 class=0 jobs=38 rows=8714 cells=84251 reach=1083743 reverse=1107802 table_mib=30.9 mutable_mib=288.0 max_job_mib=10.3 oldest_ms=79.18 pack_ms=25.65 solve_ms=143.66
v5_device jobs=40 rows=8357 cells=87990 direct=true graph_reused=false upload_ms=37.99 capture_ms=3.22 queue_ms=71.11 gpu_ms=0.01 unpack_ms=5.76 total_ms=118.09
v5_service device=0 lane=1 class=0 jobs=40 rows=8357 cells=87990 reach=1164252 reverse=1191096 table_mib=32.9 mutable_mib=288.0 max_job_mib=10.5 oldest_ms=79.71 pack_ms=16.41 solve_ms=118.13
v5_device jobs=63 rows=13811 cells=171102 direct=true graph_reused=false upload_ms=74.02 capture_ms=3.26 queue_ms=129.82 gpu_ms=0.02 unpack_ms=7.63 total_ms=214.75
v5_service device=1 lane=1 class=0 jobs=63 rows=13811 cells=171102 reach=2107367 reverse=2163438 table_mib=59.2 mutable_mib=484.0 max_job_mib=10.8 oldest_ms=195.93 pack_ms=40.56 solve_ms=214.80
v5_device jobs=77 rows=16313 cells=140201 direct=true graph_reused=false upload_ms=68.37 capture_ms=3.35 queue_ms=103.32 gpu_ms=0.03 unpack_ms=13.66 total_ms=188.73
v5_service device=1 lane=0 class=0 jobs=77 rows=16313 cells=140201 reach=1961311 reverse=2000441 table_mib=56.2 mutable_mib=560.0 max_job_mib=10.2 oldest_ms=183.81 pack_ms=64.01 solve_ms=188.80
v5_device jobs=3 rows=956 cells=16344 direct=true graph_reused=false upload_ms=2.94 capture_ms=4.23 queue_ms=17.37 gpu_ms=0.01 unpack_ms=0.52 total_ms=25.07
v5_service device=0 lane=1 class=1 jobs=3 rows=956 cells=16344 reach=167755 reverse=173888 table_mib=4.6 mutable_mib=48.0 max_job_mib=18.9 oldest_ms=216.50 pack_ms=2.99 solve_ms=25.13
v5_device jobs=11 rows=4230 cells=39274 direct=true graph_reused=false upload_ms=13.51 capture_ms=3.65 queue_ms=31.48 gpu_ms=0.01 unpack_ms=1.90 total_ms=50.55
v5_service device=0 lane=0 class=1 jobs=11 rows=4230 cells=39274 reach=583703 reverse=594242 table_mib=16.1 mutable_mib=176.0 max_job_mib=19.3 oldest_ms=252.94 pack_ms=11.37 solve_ms=50.61
v5_device jobs=18 rows=7564 cells=156426 direct=true graph_reused=false upload_ms=31.09 capture_ms=3.43 queue_ms=36.02 gpu_ms=0.01 unpack_ms=2.78 total_ms=73.31
v5_service device=1 lane=1 class=1 jobs=18 rows=7564 cells=156426 reach=879564 reverse=930664 table_mib=26.2 mutable_mib=304.0 max_job_mib=35.0 oldest_ms=78.45 pack_ms=14.20 solve_ms=73.37
v5_device jobs=14 rows=5115 cells=278902 direct=true graph_reused=false upload_ms=10.18 capture_ms=3.45 queue_ms=36.25 gpu_ms=0.01 unpack_ms=2.39 total_ms=52.28
v5_service device=0 lane=0 class=1 jobs=14 rows=5115 cells=278902 reach=579237 reverse=676843 table_mib=19.9 mutable_mib=224.0 max_job_mib=19.4 oldest_ms=78.63 pack_ms=10.65 solve_ms=52.33
v5_device jobs=44 rows=9654 cells=127186 direct=true graph_reused=false upload_ms=42.03 capture_ms=3.42 queue_ms=43.14 gpu_ms=0.01 unpack_ms=4.54 total_ms=93.15
v5_service device=1 lane=0 class=0 jobs=44 rows=9654 cells=127186 reach=1165572 reverse=1206464 table_mib=34.1 mutable_mib=340.0 max_job_mib=10.2 oldest_ms=79.95 pack_ms=20.08 solve_ms=93.20
v5_device jobs=17 rows=6507 cells=91882 direct=true graph_reused=false upload_ms=19.09 capture_ms=3.37 queue_ms=59.88 gpu_ms=0.01 unpack_ms=3.64 total_ms=85.99
v5_service device=0 lane=1 class=1 jobs=17 rows=6507 cells=91882 reach=868133 reverse=890369 table_mib=24.5 mutable_mib=272.0 max_job_mib=19.2 oldest_ms=79.18 pack_ms=14.39 solve_ms=86.03
v5_device jobs=1 rows=2262 cells=6307 direct=true graph_reused=false upload_ms=1.71 capture_ms=4.32 queue_ms=9.00 gpu_ms=0.01 unpack_ms=0.18 total_ms=15.21
v5_service device=0 lane=0 class=2 jobs=1 rows=2262 cells=6307 reach=100389 reverse=100379 table_mib=3.3 mutable_mib=64.0 max_job_mib=68.6 oldest_ms=142.61 pack_ms=2.46 solve_ms=15.26
v5_device jobs=7 rows=2452 cells=31044 direct=true graph_reused=false upload_ms=10.47 capture_ms=6.26 queue_ms=30.00 gpu_ms=0.01 unpack_ms=1.22 total_ms=47.95
v5_service device=1 lane=0 class=1 jobs=7 rows=2452 cells=31044 reach=449001 reverse=457790 table_mib=12.1 mutable_mib=112.0 max_job_mib=19.6 oldest_ms=192.48 pack_ms=10.50 solve_ms=48.00
v5_device jobs=51 rows=10914 cells=184331 direct=true graph_reused=false upload_ms=52.50 capture_ms=3.51 queue_ms=55.23 gpu_ms=0.01 unpack_ms=4.62 total_ms=115.87
v5_service device=1 lane=1 class=0 jobs=51 rows=10914 cells=184331 reach=1412244 reverse=1478853 table_mib=41.5 mutable_mib=384.0 max_job_mib=10.8 oldest_ms=174.53 pack_ms=22.22 solve_ms=115.92
v5_device jobs=48 rows=10546 cells=147848 direct=true graph_reused=false upload_ms=49.94 capture_ms=3.28 queue_ms=57.28 gpu_ms=0.01 unpack_ms=4.89 total_ms=115.40
v5_service device=0 lane=1 class=0 jobs=48 rows=10546 cells=147848 reach=1378960 reverse=1427675 table_mib=40.0 mutable_mib=372.0 max_job_mib=10.2 oldest_ms=185.27 pack_ms=27.06 solve_ms=115.46
v5_device jobs=74 rows=16787 cells=292765 direct=true graph_reused=false upload_ms=74.11 capture_ms=3.45 queue_ms=76.50 gpu_ms=0.01 unpack_ms=12.41 total_ms=166.48
v5_service device=0 lane=0 class=0 jobs=74 rows=16787 cells=292765 reach=1917606 reverse=2015085 table_mib=57.6 mutable_mib=564.0 max_job_mib=10.7 oldest_ms=166.83 pack_ms=36.44 solve_ms=166.54
v5_device jobs=39 rows=8675 cells=280514 direct=true graph_reused=false upload_ms=29.42 capture_ms=3.81 queue_ms=43.15 gpu_ms=0.01 unpack_ms=3.65 total_ms=80.05
v5_service device=1 lane=1 class=0 jobs=39 rows=8675 cells=280514 reach=848103 reverse=946389 table_mib=28.5 mutable_mib=304.0 max_job_mib=10.9 oldest_ms=78.76 pack_ms=14.43 solve_ms=80.11
v5_device jobs=39 rows=8860 cells=268916 direct=true graph_reused=false upload_ms=38.21 capture_ms=3.15 queue_ms=77.29 gpu_ms=0.04 unpack_ms=5.29 total_ms=123.99
v5_service device=1 lane=0 class=0 jobs=39 rows=8860 cells=268916 reach=1063555 reverse=1159023 table_mib=33.4 mutable_mib=300.0 max_job_mib=10.7 oldest_ms=79.33 pack_ms=19.97 solve_ms=124.04
v5_device jobs=22 rows=4806 cells=211212 direct=true graph_reused=false upload_ms=10.30 capture_ms=3.56 queue_ms=31.23 gpu_ms=0.01 unpack_ms=2.39 total_ms=47.49
v5_service device=0 lane=1 class=0 jobs=22 rows=4806 cells=211212 reach=460079 reverse=543205 table_mib=16.5 mutable_mib=164.0 max_job_mib=10.9 oldest_ms=80.79 pack_ms=9.81 solve_ms=47.53
v5_device jobs=8 rows=3404 cells=70361 direct=true graph_reused=false upload_ms=10.78 capture_ms=3.46 queue_ms=51.04 gpu_ms=0.01 unpack_ms=1.52 total_ms=66.81
v5_service device=0 lane=1 class=1 jobs=8 rows=3404 cells=70361 reach=489698 reverse=510751 table_mib=13.9 mutable_mib=128.0 max_job_mib=19.9 oldest_ms=123.52 pack_ms=9.35 solve_ms=66.89
v5_device jobs=14 rows=5378 cells=324876 direct=true graph_reused=false upload_ms=8.36 capture_ms=3.42 queue_ms=36.45 gpu_ms=0.01 unpack_ms=2.54 total_ms=50.77
v5_service device=0 lane=0 class=1 jobs=14 rows=5378 cells=324876 reach=421474 reverse=526924 table_mib=17.2 mutable_mib=240.0 max_job_mib=33.1 oldest_ms=80.89 pack_ms=10.67 solve_ms=50.82
v5_device jobs=14 rows=5157 cells=231540 direct=true graph_reused=false upload_ms=13.56 capture_ms=3.62 queue_ms=62.09 gpu_ms=0.01 unpack_ms=2.70 total_ms=81.98
v5_service device=1 lane=0 class=1 jobs=14 rows=5157 cells=231540 reach=599843 reverse=684022 table_mib=19.7 mutable_mib=224.0 max_job_mib=19.9 oldest_ms=229.35 pack_ms=14.19 solve_ms=82.03
v5_device jobs=20 rows=7886 cells=407877 direct=true graph_reused=false upload_ms=33.18 capture_ms=3.26 queue_ms=47.81 gpu_ms=0.01 unpack_ms=4.40 total_ms=88.66
v5_service device=1 lane=1 class=1 jobs=20 rows=7886 cells=407877 reach=903783 reverse=1025548 table_mib=30.4 mutable_mib=320.0 max_job_mib=20.3 oldest_ms=180.98 pack_ms=19.97 solve_ms=88.72
v5_device jobs=43 rows=9410 cells=426062 direct=true graph_reused=false upload_ms=28.50 capture_ms=3.28 queue_ms=62.24 gpu_ms=0.01 unpack_ms=4.23 total_ms=98.26
v5_service device=0 lane=1 class=0 jobs=43 rows=9410 cells=426062 reach=805904 reverse=959007 table_mib=29.9 mutable_mib=320.0 max_job_mib=10.1 oldest_ms=78.31 pack_ms=14.93 solve_ms=98.31
v5_device jobs=34 rows=7942 cells=404263 direct=true graph_reused=false upload_ms=14.61 capture_ms=3.16 queue_ms=59.70 gpu_ms=0.01 unpack_ms=3.90 total_ms=81.38
v5_service device=1 lane=0 class=0 jobs=34 rows=7942 cells=404263 reach=651228 reverse=796992 table_mib=25.2 mutable_mib=264.0 max_job_mib=10.1 oldest_ms=77.88 pack_ms=11.21 solve_ms=81.45
v5_device jobs=21 rows=8422 cells=690697 direct=true graph_reused=false upload_ms=12.30 capture_ms=3.18 queue_ms=50.98 gpu_ms=0.01 unpack_ms=4.86 total_ms=71.32
v5_service device=1 lane=1 class=1 jobs=21 rows=8422 cells=690697 reach=657045 reverse=886532 table_mib=28.9 mutable_mib=336.0 max_job_mib=20.1 oldest_ms=81.39 pack_ms=13.49 solve_ms=71.37
v5_device jobs=57 rows=12186 cells=727064 direct=true graph_reused=false upload_ms=44.69 capture_ms=3.31 queue_ms=111.46 gpu_ms=0.02 unpack_ms=11.78 total_ms=171.26
v5_service device=0 lane=0 class=0 jobs=57 rows=12186 cells=727064 reach=1114381 reverse=1400987 table_mib=43.5 mutable_mib=432.0 max_job_mib=10.3 oldest_ms=148.80 pack_ms=27.86 solve_ms=171.31
v5_device jobs=7 rows=2870 cells=216267 direct=true graph_reused=false upload_ms=5.03 capture_ms=3.54 queue_ms=18.70 gpu_ms=0.02 unpack_ms=1.62 total_ms=28.91
v5_service device=0 lane=1 class=1 jobs=7 rows=2870 cells=216267 reach=181178 reverse=254295 table_mib=8.6 mutable_mib=112.0 max_job_mib=19.2 oldest_ms=195.28 pack_ms=4.99 solve_ms=28.96
v5_device jobs=32 rows=6957 cells=397296 direct=true graph_reused=false upload_ms=13.59 capture_ms=4.07 queue_ms=43.19 gpu_ms=0.01 unpack_ms=3.12 total_ms=63.99
v5_service device=1 lane=1 class=0 jobs=32 rows=6957 cells=397296 reach=411428 reverse=549097 table_mib=19.0 mutable_mib=236.0 max_job_mib=10.0 oldest_ms=171.45 pack_ms=11.78 solve_ms=64.05
v5_device jobs=15 rows=5976 cells=430136 direct=true graph_reused=false upload_ms=13.74 capture_ms=3.80 queue_ms=41.64 gpu_ms=0.01 unpack_ms=3.40 total_ms=62.59
v5_service device=1 lane=0 class=1 jobs=15 rows=5976 cells=430136 reach=430478 reverse=562002 table_mib=18.7 mutable_mib=256.0 max_job_mib=35.8 oldest_ms=178.98 pack_ms=14.42 solve_ms=62.65
v5_device jobs=38 rows=8838 cells=624521 direct=true graph_reused=false upload_ms=13.26 capture_ms=3.06 queue_ms=58.06 gpu_ms=0.01 unpack_ms=4.03 total_ms=78.43
v5_service device=0 lane=1 class=0 jobs=38 rows=8838 cells=624521 reach=518862 reverse=758919 table_mib=25.8 mutable_mib=296.0 max_job_mib=10.2 oldest_ms=80.19 pack_ms=12.24 solve_ms=78.48
v5_device jobs=30 rows=6653 cells=523828 direct=true graph_reused=false upload_ms=22.94 capture_ms=3.37 queue_ms=61.25 gpu_ms=0.01 unpack_ms=4.87 total_ms=92.44
v5_service device=0 lane=0 class=0 jobs=30 rows=6653 cells=523828 reach=429678 reverse=620211 table_mib=21.2 mutable_mib=232.0 max_job_mib=10.9 oldest_ms=84.76 pack_ms=12.39 solve_ms=92.48
v5_device jobs=14 rows=5115 cells=556231 direct=true graph_reused=false upload_ms=7.74 capture_ms=2.92 queue_ms=48.91 gpu_ms=0.01 unpack_ms=3.60 total_ms=63.19
v5_service device=1 lane=1 class=1 jobs=14 rows=5115 cells=556231 reach=406274 reverse=601159 table_mib=19.8 mutable_mib=224.0 max_job_mib=19.0 oldest_ms=78.10 pack_ms=8.14 solve_ms=63.24
v5_device jobs=34 rows=7359 cells=593095 direct=true graph_reused=false upload_ms=10.60 capture_ms=3.13 queue_ms=45.65 gpu_ms=0.02 unpack_ms=4.40 total_ms=63.80
v5_service device=1 lane=0 class=0 jobs=34 rows=7359 cells=593095 reach=499427 reverse=729954 table_mib=24.4 mutable_mib=252.0 max_job_mib=10.2 oldest_ms=77.96 pack_ms=10.82 solve_ms=63.85
v5_device jobs=11 rows=4324 cells=305364 direct=true graph_reused=false upload_ms=6.37 capture_ms=3.65 queue_ms=37.79 gpu_ms=0.01 unpack_ms=2.02 total_ms=49.84
v5_service device=0 lane=1 class=1 jobs=11 rows=4324 cells=305364 reach=286490 reverse=379377 table_mib=12.8 mutable_mib=176.0 max_job_mib=19.0 oldest_ms=174.05 pack_ms=7.70 solve_ms=49.90
v5_device jobs=8 rows=3762 cells=449061 direct=true graph_reused=false upload_ms=14.15 capture_ms=3.59 queue_ms=29.19 gpu_ms=0.00 unpack_ms=2.26 total_ms=49.20
v5_service device=0 lane=0 class=1 jobs=8 rows=3762 cells=449061 reach=282545 reverse=449061 table_mib=14.7 mutable_mib=144.0 max_job_mib=34.6 oldest_ms=194.84 pack_ms=7.84 solve_ms=49.26
v5_device jobs=9 rows=3613 cells=378405 direct=true graph_reused=false upload_ms=6.42 capture_ms=3.63 queue_ms=20.28 gpu_ms=0.01 unpack_ms=1.72 total_ms=32.05
v5_service device=1 lane=0 class=1 jobs=9 rows=3613 cells=378405 reach=243334 reverse=378405 table_mib=12.7 mutable_mib=144.0 max_job_mib=19.3 oldest_ms=158.36 pack_ms=7.78 solve_ms=32.11
v5_device jobs=42 rows=9721 cells=806366 direct=true graph_reused=false upload_ms=16.72 capture_ms=3.52 queue_ms=40.91 gpu_ms=0.01 unpack_ms=4.21 total_ms=65.37
v5_service device=1 lane=1 class=0 jobs=42 rows=9721 cells=806366 reach=617822 reverse=931690 table_mib=31.4 mutable_mib=336.0 max_job_mib=10.9 oldest_ms=158.86 pack_ms=18.15 solve_ms=65.43
v5_device jobs=1 rows=1920 cells=79789 direct=true graph_reused=false upload_ms=1.46 capture_ms=4.36 queue_ms=12.51 gpu_ms=0.01 unpack_ms=0.80 total_ms=19.14
v5_service device=1 lane=1 class=2 jobs=1 rows=1920 cells=79789 reach=69308 reverse=79789 table_mib=3.7 mutable_mib=64.0 max_job_mib=71.3 oldest_ms=221.37 pack_ms=2.21 solve_ms=19.19
v5_device jobs=31 rows=6965 cells=543396 direct=true graph_reused=false upload_ms=7.26 capture_ms=3.25 queue_ms=28.97 gpu_ms=0.01 unpack_ms=2.90 total_ms=42.38
v5_service device=1 lane=0 class=0 jobs=31 rows=6965 cells=543396 reach=351326 reverse=543396 table_mib=19.5 mutable_mib=248.0 max_job_mib=10.0 oldest_ms=77.71 pack_ms=8.45 solve_ms=42.43
v5_device jobs=26 rows=6315 cells=493575 direct=true graph_reused=false upload_ms=7.76 capture_ms=3.21 queue_ms=47.81 gpu_ms=0.02 unpack_ms=3.02 total_ms=61.81
v5_service device=0 lane=1 class=0 jobs=26 rows=6315 cells=493575 reach=391387 reverse=581244 table_mib=19.5 mutable_mib=208.0 max_job_mib=10.2 oldest_ms=81.54 pack_ms=11.41 solve_ms=61.87
v5_device jobs=30 rows=6562 cells=524011 direct=true graph_reused=false upload_ms=18.51 capture_ms=3.15 queue_ms=49.22 gpu_ms=0.02 unpack_ms=5.35 total_ms=76.24
v5_service device=0 lane=0 class=0 jobs=30 rows=6562 cells=524011 reach=384516 reverse=570051 table_mib=19.8 mutable_mib=228.0 max_job_mib=10.3 oldest_ms=80.64 pack_ms=11.54 solve_ms=76.29
v5_device jobs=7 rows=2686 cells=157142 direct=true graph_reused=false upload_ms=7.55 capture_ms=3.52 queue_ms=22.85 gpu_ms=0.01 unpack_ms=1.45 total_ms=35.38
v5_service device=0 lane=1 class=1 jobs=7 rows=2686 cells=157142 reach=323336 reverse=367764 table_mib=11.0 mutable_mib=112.0 max_job_mib=20.5 oldest_ms=158.06 pack_ms=6.47 solve_ms=35.44
v5_device jobs=15 rows=5288 cells=571680 direct=true graph_reused=false upload_ms=12.30 capture_ms=3.54 queue_ms=50.71 gpu_ms=0.01 unpack_ms=3.18 total_ms=69.74
v5_service device=1 lane=0 class=1 jobs=15 rows=5288 cells=571680 reach=466543 reverse=683643 table_mib=21.8 mutable_mib=240.0 max_job_mib=21.3 oldest_ms=135.91 pack_ms=13.09 solve_ms=69.80
v5_device jobs=30 rows=6471 cells=668676 direct=true graph_reused=false upload_ms=8.30 capture_ms=3.66 queue_ms=41.09 gpu_ms=0.01 unpack_ms=3.39 total_ms=56.44
v5_service device=1 lane=1 class=0 jobs=30 rows=6471 cells=668676 reach=392785 reverse=668676 table_mib=22.7 mutable_mib=224.0 max_job_mib=10.9 oldest_ms=84.93 pack_ms=13.39 solve_ms=56.48
v5_device jobs=10 rows=4217 cells=533381 direct=true graph_reused=false upload_ms=19.36 capture_ms=3.29 queue_ms=27.91 gpu_ms=0.01 unpack_ms=2.62 total_ms=53.19
v5_service device=0 lane=0 class=1 jobs=10 rows=4217 cells=533381 reach=400509 reverse=601753 table_mib=18.8 mutable_mib=176.0 max_job_mib=38.6 oldest_ms=175.81 pack_ms=10.21 solve_ms=53.24
v5_device jobs=1 rows=1269 cells=196037 direct=true graph_reused=false upload_ms=2.70 capture_ms=5.88 queue_ms=22.45 gpu_ms=0.01 unpack_ms=0.50 total_ms=31.54
v5_service device=1 lane=0 class=2 jobs=1 rows=1269 cells=196037 reach=137193 reverse=196037 table_mib=6.3 mutable_mib=64.0 max_job_mib=73.7 oldest_ms=217.32 pack_ms=4.44 solve_ms=31.60
v5_device jobs=10 rows=3906 cells=247122 direct=true graph_reused=false upload_ms=3.56 capture_ms=3.57 queue_ms=21.35 gpu_ms=0.01 unpack_ms=1.41 total_ms=29.89
v5_service device=1 lane=1 class=1 jobs=10 rows=3906 cells=247122 reach=177159 reverse=247122 table_mib=9.3 mutable_mib=160.0 max_job_mib=19.2 oldest_ms=158.49 pack_ms=5.08 solve_ms=29.94
v5_device jobs=35 rows=7843 cells=539286 direct=true graph_reused=false upload_ms=7.72 capture_ms=3.14 queue_ms=28.51 gpu_ms=0.01 unpack_ms=2.97 total_ms=42.35
v5_service device=0 lane=1 class=0 jobs=35 rows=7843 cells=539286 reach=349756 reverse=539286 table_mib=19.7 mutable_mib=268.0 max_job_mib=10.0 oldest_ms=79.76 pack_ms=9.08 solve_ms=42.43
v5_device jobs=14 rows=5715 cells=572626 direct=true graph_reused=false upload_ms=9.64 capture_ms=3.42 queue_ms=50.69 gpu_ms=0.01 unpack_ms=2.88 total_ms=66.63
v5_service device=0 lane=1 class=1 jobs=14 rows=5715 cells=572626 reach=402064 reverse=572626 table_mib=19.5 mutable_mib=224.0 max_job_mib=20.1 oldest_ms=137.35 pack_ms=10.33 solve_ms=66.68
v5_device jobs=27 rows=5956 cells=490382 direct=true graph_reused=false upload_ms=7.00 capture_ms=3.43 queue_ms=47.95 gpu_ms=0.01 unpack_ms=3.31 total_ms=61.70
v5_service device=1 lane=0 class=0 jobs=27 rows=5956 cells=490382 reach=301537 reverse=490382 table_mib=17.7 mutable_mib=216.0 max_job_mib=10.1 oldest_ms=79.58 pack_ms=8.93 solve_ms=61.77
v5_device jobs=40 rows=8747 cells=648404 direct=true graph_reused=false upload_ms=25.79 capture_ms=3.91 queue_ms=57.42 gpu_ms=0.01 unpack_ms=6.02 total_ms=93.15
v5_service device=0 lane=0 class=0 jobs=40 rows=8747 cells=648404 reach=408056 reverse=648404 table_mib=23.5 mutable_mib=300.0 max_job_mib=10.0 oldest_ms=78.96 pack_ms=11.13 solve_ms=93.19
v5_device jobs=39 rows=8428 cells=529186 direct=true graph_reused=false upload_ms=8.79 capture_ms=3.42 queue_ms=44.49 gpu_ms=0.01 unpack_ms=4.50 total_ms=61.21
v5_service device=1 lane=1 class=0 jobs=39 rows=8428 cells=529186 reach=362653 reverse=529186 table_mib=20.5 mutable_mib=288.0 max_job_mib=10.1 oldest_ms=78.47 pack_ms=10.47 solve_ms=61.26
v5_device jobs=15 rows=6586 cells=434432 direct=true graph_reused=false upload_ms=9.30 capture_ms=3.80 queue_ms=48.25 gpu_ms=0.01 unpack_ms=2.82 total_ms=64.18
v5_service device=1 lane=1 class=1 jobs=15 rows=6586 cells=434432 reach=307503 reverse=434432 table_mib=16.0 mutable_mib=256.0 max_job_mib=33.9 oldest_ms=155.85 pack_ms=9.21 solve_ms=64.25
v5_device jobs=13 rows=5816 cells=675570 direct=true graph_reused=false upload_ms=14.04 capture_ms=4.09 queue_ms=35.48 gpu_ms=0.01 unpack_ms=3.51 total_ms=57.13
v5_service device=1 lane=0 class=1 jobs=13 rows=5816 cells=675570 reach=426886 reverse=675570 table_mib=22.3 mutable_mib=240.0 max_job_mib=37.6 oldest_ms=158.94 pack_ms=17.25 solve_ms=57.19
v5_device jobs=30 rows=6711 cells=526402 direct=true graph_reused=false upload_ms=7.51 capture_ms=3.59 queue_ms=54.95 gpu_ms=0.01 unpack_ms=2.94 total_ms=69.00
v5_service device=0 lane=1 class=0 jobs=30 rows=6711 cells=526402 reach=326427 reverse=526402 table_mib=19.0 mutable_mib=236.0 max_job_mib=10.2 oldest_ms=78.68 pack_ms=9.17 solve_ms=69.06
v5_device jobs=27 rows=10653 cells=1160775 direct=true graph_reused=false upload_ms=34.19 capture_ms=3.30 queue_ms=84.25 gpu_ms=0.02 unpack_ms=9.58 total_ms=131.35
v5_service device=0 lane=0 class=1 jobs=27 rows=10653 cells=1160775 reach=769213 reverse=1160775 table_mib=38.6 mutable_mib=448.0 max_job_mib=37.3 oldest_ms=193.66 pack_ms=24.84 solve_ms=131.40
v5_device jobs=13 rows=5781 cells=525515 direct=true graph_reused=false upload_ms=7.73 capture_ms=3.67 queue_ms=26.85 gpu_ms=0.02 unpack_ms=2.65 total_ms=40.91
v5_service device=0 lane=1 class=1 jobs=13 rows=5781 cells=525515 reach=363960 reverse=525515 table_mib=18.2 mutable_mib=224.0 max_job_mib=35.6 oldest_ms=163.98 pack_ms=10.77 solve_ms=41.01
v5_device jobs=27 rows=6147 cells=544970 direct=true graph_reused=false upload_ms=12.96 capture_ms=3.49 queue_ms=43.44 gpu_ms=0.01 unpack_ms=3.08 total_ms=62.98
v5_service device=1 lane=1 class=0 jobs=27 rows=6147 cells=544970 reach=331661 reverse=544970 table_mib=19.2 mutable_mib=208.0 max_job_mib=10.2 oldest_ms=83.40 pack_ms=10.95 solve_ms=63.04
v5_device jobs=39 rows=8900 cells=614497 direct=true graph_reused=false upload_ms=12.58 capture_ms=3.76 queue_ms=45.61 gpu_ms=0.01 unpack_ms=4.09 total_ms=66.06
v5_service device=1 lane=0 class=0 jobs=39 rows=8900 cells=614497 reach=395508 reverse=614497 table_mib=22.7 mutable_mib=296.0 max_job_mib=10.3 oldest_ms=79.03 pack_ms=12.48 solve_ms=66.10
v5_device jobs=14 rows=5421 cells=466703 direct=true graph_reused=false upload_ms=9.02 capture_ms=3.70 queue_ms=48.99 gpu_ms=0.01 unpack_ms=2.40 total_ms=64.12
v5_service device=1 lane=1 class=1 jobs=14 rows=5421 cells=466703 reach=329173 reverse=466703 table_mib=16.3 mutable_mib=224.0 max_job_mib=19.0 oldest_ms=158.82 pack_ms=9.12 solve_ms=64.17
v5_device jobs=20 rows=8828 cells=623410 direct=true graph_reused=false upload_ms=10.72 capture_ms=4.12 queue_ms=39.03 gpu_ms=0.00 unpack_ms=3.56 total_ms=57.44
v5_service device=1 lane=0 class=1 jobs=20 rows=8828 cells=623410 reach=445080 reverse=623410 table_mib=22.4 mutable_mib=336.0 max_job_mib=35.3 oldest_ms=164.27 pack_ms=15.11 solve_ms=57.48
v5_device jobs=36 rows=8587 cells=721552 direct=true graph_reused=false upload_ms=9.51 capture_ms=3.26 queue_ms=48.61 gpu_ms=0.01 unpack_ms=3.86 total_ms=65.25
v5_service device=0 lane=1 class=0 jobs=36 rows=8587 cells=721552 reach=448476 reverse=721552 table_mib=25.4 mutable_mib=276.0 max_job_mib=10.4 oldest_ms=80.99 pack_ms=12.60 solve_ms=65.32
v5_device jobs=19 rows=7486 cells=645919 direct=true graph_reused=false upload_ms=23.26 capture_ms=3.23 queue_ms=73.11 gpu_ms=0.01 unpack_ms=6.08 total_ms=105.70
v5_service device=0 lane=0 class=1 jobs=19 rows=7486 cells=645919 reach=445112 reverse=645919 table_mib=22.8 mutable_mib=304.0 max_job_mib=20.2 oldest_ms=84.12 pack_ms=14.87 solve_ms=105.74
v5_device jobs=23 rows=5199 cells=583649 direct=true graph_reused=false upload_ms=8.29 capture_ms=3.20 queue_ms=36.63 gpu_ms=0.01 unpack_ms=2.77 total_ms=50.90
v5_service device=1 lane=0 class=0 jobs=23 rows=5199 cells=583649 reach=355730 reverse=583649 table_mib=19.8 mutable_mib=184.0 max_job_mib=10.4 oldest_ms=80.72 pack_ms=8.92 solve_ms=50.96
v5_device jobs=28 rows=5635 cells=529504 direct=true graph_reused=false upload_ms=7.51 capture_ms=3.22 queue_ms=40.88 gpu_ms=0.00 unpack_ms=3.09 total_ms=54.69
v5_service device=1 lane=1 class=0 jobs=28 rows=5635 cells=529504 reach=314264 reverse=529504 table_mib=18.5 mutable_mib=208.0 max_job_mib=10.2 oldest_ms=81.36 pack_ms=8.37 solve_ms=54.73
v5_device jobs=16 rows=6641 cells=698568 direct=true graph_reused=false upload_ms=10.84 capture_ms=3.31 queue_ms=59.61 gpu_ms=0.01 unpack_ms=3.82 total_ms=77.59
v5_service device=0 lane=1 class=1 jobs=16 rows=6641 cells=698568 reach=459008 reverse=698568 table_mib=23.3 mutable_mib=272.0 max_job_mib=37.4 oldest_ms=170.19 pack_ms=14.16 solve_ms=77.64
v5_device jobs=39 rows=8909 cells=781615 direct=true graph_reused=false upload_ms=25.39 capture_ms=3.17 queue_ms=57.68 gpu_ms=0.02 unpack_ms=6.43 total_ms=92.70
v5_service device=0 lane=0 class=0 jobs=39 rows=8909 cells=781615 reach=487785 reverse=781615 table_mib=27.4 mutable_mib=304.0 max_job_mib=11.1 oldest_ms=210.11 pack_ms=17.23 solve_ms=92.77
v5_device jobs=9 rows=3523 cells=295437 direct=true graph_reused=false upload_ms=4.15 capture_ms=3.57 queue_ms=31.68 gpu_ms=0.01 unpack_ms=1.49 total_ms=40.90
v5_service device=1 lane=1 class=1 jobs=9 rows=3523 cells=295437 reach=191786 reverse=295437 table_mib=10.2 mutable_mib=144.0 max_job_mib=19.2 oldest_ms=143.97 pack_ms=5.60 solve_ms=40.96
v5_device jobs=12 rows=4995 cells=386476 direct=true graph_reused=false upload_ms=5.95 capture_ms=3.82 queue_ms=28.83 gpu_ms=0.01 unpack_ms=2.06 total_ms=40.67
v5_service device=1 lane=0 class=1 jobs=12 rows=4995 cells=386476 reach=275394 reverse=386476 table_mib=13.7 mutable_mib=192.0 max_job_mib=19.8 oldest_ms=145.76 pack_ms=10.02 solve_ms=40.71
v5_device jobs=18 rows=8457 cells=703866 direct=true graph_reused=false upload_ms=10.85 capture_ms=3.13 queue_ms=45.96 gpu_ms=0.01 unpack_ms=4.20 total_ms=64.14
v5_service device=0 lane=1 class=1 jobs=18 rows=8457 cells=703866 reach=498342 reverse=703866 table_mib=25.2 mutable_mib=336.0 max_job_mib=35.1 oldest_ms=78.50 pack_ms=11.41 solve_ms=64.22
v5_device jobs=12 rows=4593 cells=453697 direct=true graph_reused=false upload_ms=11.35 capture_ms=3.05 queue_ms=34.17 gpu_ms=0.01 unpack_ms=2.40 total_ms=50.99
v5_service device=0 lane=0 class=1 jobs=12 rows=4593 cells=453697 reach=298841 reverse=453697 table_mib=15.5 mutable_mib=192.0 max_job_mib=19.0 oldest_ms=77.76 pack_ms=6.72 solve_ms=51.04
v5_device jobs=40 rows=10148 cells=698135 direct=true graph_reused=false upload_ms=12.45 capture_ms=3.11 queue_ms=61.54 gpu_ms=0.01 unpack_ms=4.70 total_ms=81.80
v5_service device=1 lane=1 class=0 jobs=40 rows=10148 cells=698135 reach=465400 reverse=698135 table_mib=26.3 mutable_mib=312.0 max_job_mib=10.1 oldest_ms=79.66 pack_ms=11.05 solve_ms=81.86
v5_device jobs=45 rows=9918 cells=765116 direct=true graph_reused=false upload_ms=12.46 capture_ms=3.15 queue_ms=58.92 gpu_ms=0.01 unpack_ms=5.00 total_ms=79.54
v5_service device=1 lane=0 class=0 jobs=45 rows=9918 cells=765116 reach=476874 reverse=765116 table_mib=27.6 mutable_mib=324.0 max_job_mib=10.4 oldest_ms=78.10 pack_ms=12.04 solve_ms=79.59
v5_device jobs=27 rows=5987 cells=558851 direct=true graph_reused=false upload_ms=7.45 capture_ms=3.32 queue_ms=33.53 gpu_ms=0.01 unpack_ms=3.14 total_ms=47.45
v5_service device=0 lane=1 class=0 jobs=27 rows=5987 cells=558851 reach=343322 reverse=558851 table_mib=19.4 mutable_mib=208.0 max_job_mib=10.2 oldest_ms=159.88 pack_ms=11.15 solve_ms=47.49
v5_device jobs=31 rows=7472 cells=682483 direct=true graph_reused=false upload_ms=19.54 capture_ms=3.37 queue_ms=48.82 gpu_ms=0.02 unpack_ms=5.76 total_ms=77.51
v5_service device=0 lane=0 class=0 jobs=31 rows=7472 cells=682483 reach=423059 reverse=682483 table_mib=23.3 mutable_mib=244.0 max_job_mib=10.2 oldest_ms=139.66 pack_ms=13.66 solve_ms=77.58
v5_device jobs=13 rows=4813 cells=371608 direct=true graph_reused=false upload_ms=6.94 capture_ms=3.76 queue_ms=22.37 gpu_ms=0.01 unpack_ms=2.47 total_ms=35.54
v5_service device=1 lane=1 class=1 jobs=13 rows=4813 cells=371608 reach=248294 reverse=371608 table_mib=13.2 mutable_mib=208.0 max_job_mib=19.2 oldest_ms=162.82 pack_ms=7.02 solve_ms=35.60
v5_device jobs=20 rows=8370 cells=792465 direct=true graph_reused=false upload_ms=17.71 capture_ms=6.08 queue_ms=32.68 gpu_ms=0.01 unpack_ms=3.65 total_ms=60.12
v5_service device=1 lane=0 class=1 jobs=20 rows=8370 cells=792465 reach=549266 reverse=792465 table_mib=27.1 mutable_mib=352.0 max_job_mib=36.5 oldest_ms=179.22 pack_ms=20.38 solve_ms=60.18
v5_device jobs=33 rows=7517 cells=545064 direct=true graph_reused=false upload_ms=8.95 capture_ms=3.55 queue_ms=29.28 gpu_ms=0.01 unpack_ms=3.08 total_ms=44.88
v5_service device=0 lane=1 class=0 jobs=33 rows=7517 cells=545064 reach=345847 reverse=545064 table_mib=19.8 mutable_mib=264.0 max_job_mib=10.2 oldest_ms=80.07 pack_ms=9.52 solve_ms=44.93
v5_device jobs=26 rows=5076 cells=537680 direct=true graph_reused=false upload_ms=7.29 capture_ms=3.66 queue_ms=25.11 gpu_ms=0.01 unpack_ms=2.52 total_ms=38.58
v5_service device=1 lane=1 class=0 jobs=26 rows=5076 cells=537680 reach=317202 reverse=537680 table_mib=18.4 mutable_mib=200.0 max_job_mib=10.0 oldest_ms=79.29 pack_ms=7.51 solve_ms=38.63
v5_device jobs=18 rows=7242 cells=767731 direct=true graph_reused=false upload_ms=10.13 capture_ms=3.60 queue_ms=42.18 gpu_ms=0.01 unpack_ms=3.41 total_ms=59.33
v5_service device=0 lane=1 class=1 jobs=18 rows=7242 cells=767731 reach=519684 reverse=767731 table_mib=25.8 mutable_mib=288.0 max_job_mib=19.7 oldest_ms=142.73 pack_ms=15.32 solve_ms=59.38
v5_device jobs=32 rows=7387 cells=683871 direct=true graph_reused=false upload_ms=24.61 capture_ms=3.66 queue_ms=75.04 gpu_ms=0.01 unpack_ms=5.22 total_ms=108.55
v5_service device=0 lane=0 class=0 jobs=32 rows=7387 cells=683871 reach=420383 reverse=683871 table_mib=24.2 mutable_mib=248.0 max_job_mib=10.4 oldest_ms=80.05 pack_ms=10.82 solve_ms=108.60
v5_device jobs=41 rows=9184 cells=730997 direct=true graph_reused=false upload_ms=12.82 capture_ms=3.41 queue_ms=54.11 gpu_ms=0.02 unpack_ms=4.51 total_ms=74.87
v5_service device=1 lane=0 class=0 jobs=41 rows=9184 cells=730997 reach=465008 reverse=730997 table_mib=26.1 mutable_mib=312.0 max_job_mib=10.3 oldest_ms=79.15 pack_ms=13.12 solve_ms=74.93
v5_device jobs=15 rows=6537 cells=597693 direct=true graph_reused=false upload_ms=11.62 capture_ms=3.20 queue_ms=53.73 gpu_ms=0.01 unpack_ms=4.09 total_ms=72.66
v5_service device=1 lane=1 class=1 jobs=15 rows=6537 cells=597693 reach=404024 reverse=597693 table_mib=21.0 mutable_mib=272.0 max_job_mib=35.8 oldest_ms=130.06 pack_ms=10.84 solve_ms=72.70
v5_device jobs=15 rows=6659 cells=449874 direct=true graph_reused=false upload_ms=7.93 capture_ms=3.44 queue_ms=28.71 gpu_ms=0.01 unpack_ms=2.59 total_ms=42.67
v5_service device=1 lane=0 class=1 jobs=15 rows=6659 cells=449874 reach=301578 reverse=449874 table_mib=16.7 mutable_mib=256.0 max_job_mib=33.6 oldest_ms=175.58 pack_ms=11.08 solve_ms=42.73
v5_device jobs=15 rows=7580 cells=668252 direct=true graph_reused=false upload_ms=24.44 capture_ms=3.65 queue_ms=44.13 gpu_ms=0.01 unpack_ms=4.60 total_ms=76.83
v5_service device=0 lane=0 class=1 jobs=15 rows=7580 cells=668252 reach=466091 reverse=668252 table_mib=23.0 mutable_mib=272.0 max_job_mib=36.5 oldest_ms=207.96 pack_ms=12.16 solve_ms=76.88
v5_device jobs=34 rows=7806 cells=572454 direct=true graph_reused=false upload_ms=7.30 capture_ms=3.17 queue_ms=31.06 gpu_ms=0.01 unpack_ms=3.06 total_ms=44.60
v5_service device=0 lane=1 class=0 jobs=34 rows=7806 cells=572454 reach=362553 reverse=572454 table_mib=20.5 mutable_mib=264.0 max_job_mib=10.1 oldest_ms=78.33 pack_ms=9.55 solve_ms=44.67
v5_device jobs=7 rows=3332 cells=318583 direct=true graph_reused=false upload_ms=4.38 capture_ms=3.32 queue_ms=20.39 gpu_ms=0.01 unpack_ms=1.64 total_ms=29.73
v5_service device=0 lane=1 class=1 jobs=7 rows=3332 cells=318583 reach=225591 reverse=318583 table_mib=11.2 mutable_mib=128.0 max_job_mib=33.6 oldest_ms=134.90 pack_ms=6.05 solve_ms=29.80
v5_device jobs=34 rows=7863 cells=721889 direct=true graph_reused=false upload_ms=23.79 capture_ms=3.31 queue_ms=34.03 gpu_ms=0.02 unpack_ms=4.18 total_ms=65.33
v5_service device=1 lane=1 class=0 jobs=34 rows=7863 cells=721889 reach=448869 reverse=721889 table_mib=25.4 mutable_mib=268.0 max_job_mib=10.3 oldest_ms=79.02 pack_ms=11.52 solve_ms=65.39
v5_device jobs=26 rows=5938 cells=504399 direct=true graph_reused=false upload_ms=7.80 capture_ms=5.14 queue_ms=26.34 gpu_ms=0.01 unpack_ms=2.71 total_ms=42.00
v5_service device=1 lane=0 class=0 jobs=26 rows=5938 cells=504399 reach=310349 reverse=504399 table_mib=18.1 mutable_mib=208.0 max_job_mib=10.0 oldest_ms=80.28 pack_ms=8.00 solve_ms=42.06
v5_device jobs=14 rows=6271 cells=714850 direct=true graph_reused=false upload_ms=8.63 capture_ms=3.28 queue_ms=31.95 gpu_ms=0.01 unpack_ms=3.79 total_ms=47.65
v5_service device=1 lane=1 class=1 jobs=14 rows=6271 cells=714850 reach=462618 reverse=714850 table_mib=23.8 mutable_mib=256.0 max_job_mib=35.1 oldest_ms=164.09 pack_ms=11.34 solve_ms=47.70
v5_device jobs=11 rows=4632 cells=389000 direct=true graph_reused=false upload_ms=4.89 capture_ms=3.54 queue_ms=28.30 gpu_ms=0.01 unpack_ms=2.12 total_ms=38.86
v5_service device=0 lane=1 class=1 jobs=11 rows=4632 cells=389000 reach=278215 reverse=389000 table_mib=13.7 mutable_mib=176.0 max_job_mib=19.6 oldest_ms=80.66 pack_ms=6.49 solve_ms=38.91
v5_device jobs=14 rows=6326 cells=756315 direct=true graph_reused=false upload_ms=11.97 capture_ms=3.66 queue_ms=32.37 gpu_ms=0.01 unpack_ms=3.60 total_ms=51.60
v5_service device=1 lane=0 class=1 jobs=14 rows=6326 cells=756315 reach=501624 reverse=756315 table_mib=24.9 mutable_mib=240.0 max_job_mib=35.3 oldest_ms=137.47 pack_ms=12.15 solve_ms=51.64
v5_device jobs=20 rows=8651 cells=954105 direct=true graph_reused=false upload_ms=31.23 capture_ms=3.60 queue_ms=77.39 gpu_ms=0.02 unpack_ms=7.44 total_ms=119.69
v5_service device=0 lane=0 class=1 jobs=20 rows=8651 cells=954105 reach=610733 reverse=954105 table_mib=31.9 mutable_mib=352.0 max_job_mib=36.8 oldest_ms=80.04 pack_ms=15.07 solve_ms=119.75
v5_device jobs=33 rows=7422 cells=713847 direct=true graph_reused=false upload_ms=13.46 capture_ms=3.66 queue_ms=56.74 gpu_ms=0.01 unpack_ms=4.14 total_ms=78.01
v5_service device=0 lane=1 class=0 jobs=33 rows=7422 cells=713847 reach=430282 reverse=713847 table_mib=25.2 mutable_mib=260.0 max_job_mib=10.4 oldest_ms=131.26 pack_ms=15.19 solve_ms=78.07
v5_device jobs=26 rows=5648 cells=427645 direct=true graph_reused=false upload_ms=13.33 capture_ms=3.40 queue_ms=39.03 gpu_ms=0.02 unpack_ms=3.91 total_ms=59.70
v5_service device=0 lane=0 class=0 jobs=26 rows=5648 cells=427645 reach=272618 reverse=427645 table_mib=15.7 mutable_mib=204.0 max_job_mib=10.9 oldest_ms=222.38 pack_ms=8.00 solve_ms=59.74
v5_device jobs=34 rows=8040 cells=616022 direct=true graph_reused=false upload_ms=8.84 capture_ms=3.11 queue_ms=34.17 gpu_ms=0.01 unpack_ms=9.26 total_ms=55.38
v5_service device=1 lane=1 class=0 jobs=34 rows=8040 cells=616022 reach=384475 reverse=616022 table_mib=22.2 mutable_mib=264.0 max_job_mib=10.9 oldest_ms=80.08 pack_ms=10.30 solve_ms=55.43
v5_device jobs=1 rows=2054 cells=146730 direct=true graph_reused=false upload_ms=1.75 capture_ms=4.27 queue_ms=10.41 gpu_ms=0.01 unpack_ms=0.43 total_ms=16.88
v5_service device=0 lane=0 class=2 jobs=1 rows=2054 cells=146730 reach=114753 reverse=146730 table_mib=5.1 mutable_mib=64.0 max_job_mib=71.8 oldest_ms=281.84 pack_ms=2.89 solve_ms=16.94
v5_device jobs=37 rows=8292 cells=544090 direct=true graph_reused=false upload_ms=7.69 capture_ms=5.96 queue_ms=30.58 gpu_ms=0.01 unpack_ms=3.53 total_ms=47.76
v5_service device=1 lane=0 class=0 jobs=37 rows=8292 cells=544090 reach=357050 reverse=544090 table_mib=20.4 mutable_mib=272.0 max_job_mib=10.2 oldest_ms=79.24 pack_ms=8.74 solve_ms=47.83
v5_device jobs=8 rows=2991 cells=294799 direct=true graph_reused=false upload_ms=3.71 capture_ms=3.63 queue_ms=20.01 gpu_ms=0.01 unpack_ms=1.54 total_ms=28.91
v5_service device=1 lane=1 class=1 jobs=8 rows=2991 cells=294799 reach=187806 reverse=294799 table_mib=10.1 mutable_mib=128.0 max_job_mib=19.8 oldest_ms=135.10 pack_ms=5.09 solve_ms=28.95
v5_device jobs=14 rows=5767 cells=620487 direct=true graph_reused=false upload_ms=9.05 capture_ms=4.08 queue_ms=29.56 gpu_ms=0.01 unpack_ms=2.87 total_ms=45.57
v5_service device=1 lane=0 class=1 jobs=14 rows=5767 cells=620487 reach=431654 reverse=620487 table_mib=21.0 mutable_mib=224.0 max_job_mib=20.2 oldest_ms=143.82 pack_ms=11.16 solve_ms=45.62
v5_device jobs=1 rows=2133 cells=325033 direct=true graph_reused=false upload_ms=3.38 capture_ms=4.13 queue_ms=13.73 gpu_ms=0.01 unpack_ms=0.68 total_ms=21.93
v5_service device=1 lane=0 class=2 jobs=1 rows=2133 cells=325033 reach=227251 reverse=325033 table_mib=10.1 mutable_mib=64.0 max_job_mib=79.0 oldest_ms=152.01 pack_ms=5.35 solve_ms=21.98
v5_device jobs=37 rows=8413 cells=665802 direct=true graph_reused=false upload_ms=10.52 capture_ms=3.43 queue_ms=34.20 gpu_ms=0.01 unpack_ms=3.56 total_ms=51.71
v5_service device=0 lane=1 class=0 jobs=37 rows=8413 cells=665802 reach=414507 reverse=665802 table_mib=23.7 mutable_mib=284.0 max_job_mib=10.4 oldest_ms=79.87 pack_ms=10.44 solve_ms=51.77
v5_device jobs=17 rows=6953 cells=694915 direct=true graph_reused=false upload_ms=21.85 capture_ms=3.23 queue_ms=50.23 gpu_ms=0.02 unpack_ms=4.78 total_ms=80.11
v5_service device=0 lane=0 class=1 jobs=17 rows=6953 cells=694915 reach=481371 reverse=694915 table_mib=24.2 mutable_mib=272.0 max_job_mib=19.8 oldest_ms=80.22 pack_ms=11.33 solve_ms=80.17
v5_device jobs=36 rows=8918 cells=689286 direct=true graph_reused=false upload_ms=23.13 capture_ms=3.34 queue_ms=35.13 gpu_ms=0.02 unpack_ms=4.51 total_ms=66.13
v5_service device=1 lane=1 class=0 jobs=36 rows=8918 cells=689286 reach=449195 reverse=689286 table_mib=24.8 mutable_mib=280.0 max_job_mib=10.2 oldest_ms=79.42 pack_ms=10.95 solve_ms=66.17
v5_device jobs=17 rows=8100 cells=751871 direct=true graph_reused=false upload_ms=11.00 capture_ms=3.12 queue_ms=34.86 gpu_ms=0.02 unpack_ms=3.87 total_ms=52.87
v5_service device=0 lane=1 class=1 jobs=17 rows=8100 cells=751871 reach=529129 reverse=751871 table_mib=25.3 mutable_mib=304.0 max_job_mib=36.9 oldest_ms=150.46 pack_ms=13.14 solve_ms=52.93
v5_device jobs=19 rows=4353 cells=398260 direct=true graph_reused=false upload_ms=14.05 capture_ms=3.52 queue_ms=21.69 gpu_ms=0.01 unpack_ms=1.89 total_ms=41.17
v5_service device=0 lane=0 class=0 jobs=19 rows=4353 cells=398260 reach=245566 reverse=398260 table_mib=13.8 mutable_mib=144.0 max_job_mib=10.0 oldest_ms=175.07 pack_ms=6.79 solve_ms=41.22
v5_device jobs=15 rows=6068 cells=700185 direct=true graph_reused=false upload_ms=11.86 capture_ms=3.44 queue_ms=54.26 gpu_ms=0.01 unpack_ms=3.18 total_ms=72.74
v5_service device=1 lane=0 class=1 jobs=15 rows=6068 cells=700185 reach=442213 reverse=700185 table_mib=23.2 mutable_mib=240.0 max_job_mib=20.7 oldest_ms=81.43 pack_ms=12.80 solve_ms=72.80
v5_device jobs=19 rows=8862 cells=747487 direct=true graph_reused=false upload_ms=14.00 capture_ms=3.48 queue_ms=54.66 gpu_ms=0.01 unpack_ms=4.80 total_ms=76.96
v5_service device=1 lane=1 class=1 jobs=19 rows=8862 cells=747487 reach=511009 reverse=747487 table_mib=26.7 mutable_mib=352.0 max_job_mib=36.6 oldest_ms=165.48 pack_ms=15.02 solve_ms=77.02
v5_device jobs=30 rows=6313 cells=528193 direct=true graph_reused=false upload_ms=6.92 capture_ms=3.28 queue_ms=29.28 gpu_ms=0.01 unpack_ms=2.70 total_ms=42.20
v5_service device=1 lane=0 class=0 jobs=30 rows=6313 cells=528193 reach=325739 reverse=528193 table_mib=18.8 mutable_mib=216.0 max_job_mib=10.6 oldest_ms=174.58 pack_ms=11.55 solve_ms=42.25
v5_device jobs=33 rows=7535 cells=666910 direct=true graph_reused=false upload_ms=11.57 capture_ms=3.31 queue_ms=35.20 gpu_ms=0.01 unpack_ms=3.73 total_ms=53.81
v5_service device=0 lane=1 class=0 jobs=33 rows=7535 cells=666910 reach=413335 reverse=666910 table_mib=23.7 mutable_mib=252.0 max_job_mib=10.4 oldest_ms=78.61 pack_ms=11.35 solve_ms=53.86
v5_device jobs=28 rows=6837 cells=615838 direct=true graph_reused=false upload_ms=17.04 capture_ms=3.13 queue_ms=40.70 gpu_ms=0.01 unpack_ms=4.02 total_ms=64.90
v5_service device=0 lane=0 class=0 jobs=28 rows=6837 cells=615838 reach=381861 reverse=615838 table_mib=21.2 mutable_mib=224.0 max_job_mib=10.2 oldest_ms=78.08 pack_ms=9.15 solve_ms=64.95
v5_device jobs=12 rows=4920 cells=565288 direct=true graph_reused=false upload_ms=8.45 capture_ms=3.34 queue_ms=27.34 gpu_ms=0.02 unpack_ms=3.12 total_ms=42.26
v5_service device=0 lane=1 class=1 jobs=12 rows=4920 cells=565288 reach=387961 reverse=565288 table_mib=18.9 mutable_mib=208.0 max_job_mib=35.8 oldest_ms=149.31 pack_ms=9.55 solve_ms=42.31
v5_device jobs=31 rows=6873 cells=570766 direct=true graph_reused=false upload_ms=16.61 capture_ms=3.67 queue_ms=31.87 gpu_ms=0.02 unpack_ms=3.50 total_ms=55.66
v5_service device=1 lane=1 class=0 jobs=31 rows=6873 cells=570766 reach=351410 reverse=570766 table_mib=20.5 mutable_mib=248.0 max_job_mib=10.1 oldest_ms=82.73 pack_ms=9.34 solve_ms=55.72
v5_device jobs=14 rows=5578 cells=558168 direct=true graph_reused=false upload_ms=18.02 capture_ms=3.51 queue_ms=37.25 gpu_ms=0.01 unpack_ms=3.94 total_ms=62.74
v5_service device=0 lane=0 class=1 jobs=14 rows=5578 cells=558168 reach=358859 reverse=558168 table_mib=18.9 mutable_mib=240.0 max_job_mib=34.7 oldest_ms=158.68 pack_ms=9.97 solve_ms=62.80
v5_device jobs=39 rows=8913 cells=650531 direct=true graph_reused=false upload_ms=13.04 capture_ms=4.95 queue_ms=58.11 gpu_ms=0.01 unpack_ms=3.85 total_ms=79.95
v5_service device=1 lane=0 class=0 jobs=39 rows=8913 cells=650531 reach=416597 reverse=650531 table_mib=24.0 mutable_mib=308.0 max_job_mib=10.3 oldest_ms=78.70 pack_ms=10.87 solve_ms=80.00
v5_device jobs=16 rows=6404 cells=668232 direct=true graph_reused=false upload_ms=9.95 capture_ms=3.82 queue_ms=46.73 gpu_ms=0.01 unpack_ms=3.67 total_ms=64.19
v5_service device=1 lane=1 class=1 jobs=16 rows=6404 cells=668232 reach=454380 reverse=668232 table_mib=22.9 mutable_mib=256.0 max_job_mib=19.8 oldest_ms=154.40 pack_ms=12.04 solve_ms=64.24
v5_device jobs=1 rows=1422 cells=98145 direct=true graph_reused=false upload_ms=1.12 capture_ms=4.04 queue_ms=10.07 gpu_ms=0.01 unpack_ms=0.28 total_ms=15.52
v5_service device=1 lane=1 class=2 jobs=1 rows=1422 cells=98145 reach=66168 reverse=98145 table_mib=3.4 mutable_mib=64.0 max_job_mib=69.1 oldest_ms=211.64 pack_ms=1.93 solve_ms=15.57
v5_device jobs=40 rows=9339 cells=833629 direct=true graph_reused=false upload_ms=14.96 capture_ms=3.11 queue_ms=40.13 gpu_ms=0.02 unpack_ms=4.82 total_ms=63.03
v5_service device=0 lane=1 class=0 jobs=40 rows=9339 cells=833629 reach=521731 reverse=833629 table_mib=29.2 mutable_mib=312.0 max_job_mib=10.2 oldest_ms=77.88 pack_ms=12.86 solve_ms=63.08
v5_device jobs=9 rows=3605 cells=316118 direct=true graph_reused=false upload_ms=4.19 capture_ms=5.74 queue_ms=20.54 gpu_ms=0.02 unpack_ms=1.88 total_ms=32.37
v5_service device=1 lane=0 class=1 jobs=9 rows=3605 cells=316118 reach=191018 reverse=316118 table_mib=11.0 mutable_mib=144.0 max_job_mib=21.3 oldest_ms=175.78 pack_ms=8.26 solve_ms=32.45
v5_device jobs=15 rows=5917 cells=438958 direct=true graph_reused=false upload_ms=6.67 capture_ms=3.59 queue_ms=36.28 gpu_ms=0.01 unpack_ms=2.14 total_ms=48.68
v5_service device=0 lane=1 class=1 jobs=15 rows=5917 cells=438958 reach=306951 reverse=438958 table_mib=15.6 mutable_mib=240.0 max_job_mib=18.4 oldest_ms=157.28 pack_ms=8.66 solve_ms=48.73
v5_device jobs=31 rows=6919 cells=567590 direct=true graph_reused=false upload_ms=21.46 capture_ms=3.82 queue_ms=52.62 gpu_ms=0.01 unpack_ms=4.17 total_ms=82.09
v5_service device=0 lane=0 class=0 jobs=31 rows=6919 cells=567590 reach=356954 reverse=567590 table_mib=20.3 mutable_mib=236.0 max_job_mib=10.1 oldest_ms=78.43 pack_ms=9.70 solve_ms=82.14
v5_device jobs=28 rows=6088 cells=541403 direct=true graph_reused=false upload_ms=7.17 capture_ms=3.44 queue_ms=47.50 gpu_ms=0.01 unpack_ms=2.99 total_ms=61.11
v5_service device=1 lane=0 class=0 jobs=28 rows=6088 cells=541403 reach=334256 reverse=541403 table_mib=19.4 mutable_mib=220.0 max_job_mib=10.4 oldest_ms=80.88 pack_ms=10.24 solve_ms=61.16
v5_device jobs=16 rows=6011 cells=648811 direct=true graph_reused=false upload_ms=19.61 capture_ms=3.09 queue_ms=39.57 gpu_ms=0.02 unpack_ms=5.92 total_ms=68.19
v5_service device=0 lane=0 class=1 jobs=16 rows=6011 cells=648811 reach=433795 reverse=648811 table_mib=22.1 mutable_mib=256.0 max_job_mib=19.6 oldest_ms=175.49 pack_ms=11.86 solve_ms=68.24
v5_device jobs=40 rows=9064 cells=734559 direct=true graph_reused=false upload_ms=14.05 capture_ms=3.58 queue_ms=67.94 gpu_ms=0.01 unpack_ms=7.09 total_ms=92.67
v5_service device=1 lane=1 class=0 jobs=40 rows=9064 cells=734559 reach=465070 reverse=734559 table_mib=26.3 mutable_mib=316.0 max_job_mib=10.2 oldest_ms=80.04 pack_ms=12.57 solve_ms=92.72
v5_device jobs=36 rows=8412 cells=612607 direct=true graph_reused=false upload_ms=10.82 capture_ms=3.62 queue_ms=38.11 gpu_ms=0.01 unpack_ms=4.29 total_ms=56.85
v5_service device=0 lane=1 class=0 jobs=36 rows=8412 cells=612607 reach=385008 reverse=612607 table_mib=22.7 mutable_mib=280.0 max_job_mib=10.4 oldest_ms=79.56 pack_ms=10.62 solve_ms=56.91
v5_device jobs=13 rows=5554 cells=451315 direct=true graph_reused=false upload_ms=9.51 capture_ms=5.72 queue_ms=48.88 gpu_ms=0.01 unpack_ms=2.62 total_ms=66.74
v5_service device=1 lane=0 class=1 jobs=13 rows=5554 cells=451315 reach=315132 reverse=451315 table_mib=16.5 mutable_mib=240.0 max_job_mib=35.4 oldest_ms=159.83 pack_ms=11.80 solve_ms=66.79
v5_device jobs=16 rows=6942 cells=525166 direct=true graph_reused=false upload_ms=19.13 capture_ms=3.57 queue_ms=35.82 gpu_ms=0.01 unpack_ms=3.95 total_ms=62.48
v5_service device=1 lane=1 class=1 jobs=16 rows=6942 cells=525166 reach=367312 reverse=525166 table_mib=18.7 mutable_mib=272.0 max_job_mib=35.8 oldest_ms=192.68 pack_ms=11.58 solve_ms=62.52
v5_device jobs=12 rows=5194 cells=482082 direct=true graph_reused=false upload_ms=6.64 capture_ms=3.35 queue_ms=25.70 gpu_ms=0.02 unpack_ms=2.45 total_ms=38.16
v5_service device=0 lane=1 class=1 jobs=12 rows=5194 cells=482082 reach=335983 reverse=482082 table_mib=16.5 mutable_mib=192.0 max_job_mib=19.5 oldest_ms=153.27 pack_ms=9.41 solve_ms=38.22
v5_device jobs=29 rows=6917 cells=577963 direct=true graph_reused=false upload_ms=20.31 capture_ms=3.52 queue_ms=42.72 gpu_ms=0.01 unpack_ms=4.47 total_ms=71.03
v5_service device=0 lane=0 class=0 jobs=29 rows=6917 cells=577963 reach=354525 reverse=577963 table_mib=20.8 mutable_mib=228.0 max_job_mib=10.9 oldest_ms=78.26 pack_ms=9.17 solve_ms=71.09
v5_device jobs=27 rows=6115 cells=567020 direct=true graph_reused=false upload_ms=8.60 capture_ms=3.45 queue_ms=51.82 gpu_ms=0.02 unpack_ms=2.85 total_ms=66.72
v5_service device=1 lane=0 class=0 jobs=27 rows=6115 cells=567020 reach=347154 reverse=567020 table_mib=19.5 mutable_mib=216.0 max_job_mib=10.2 oldest_ms=83.39 pack_ms=10.09 solve_ms=66.78
v5_device jobs=33 rows=7752 cells=660596 direct=true graph_reused=false upload_ms=21.11 capture_ms=3.41 queue_ms=50.22 gpu_ms=0.02 unpack_ms=6.15 total_ms=80.92
v5_service device=1 lane=1 class=0 jobs=33 rows=7752 cells=660596 reach=413713 reverse=660596 table_mib=23.2 mutable_mib=256.0 max_job_mib=10.2 oldest_ms=81.04 pack_ms=14.00 solve_ms=80.96
v5_device jobs=30 rows=6851 cells=648232 direct=true graph_reused=false upload_ms=10.38 capture_ms=3.28 queue_ms=59.03 gpu_ms=0.02 unpack_ms=4.17 total_ms=76.87
v5_service device=0 lane=1 class=0 jobs=30 rows=6851 cells=648232 reach=394851 reverse=648232 table_mib=22.8 mutable_mib=236.0 max_job_mib=10.4 oldest_ms=81.89 pack_ms=11.12 solve_ms=76.93
v5_device jobs=14 rows=5947 cells=743727 direct=true graph_reused=false upload_ms=23.34 capture_ms=3.33 queue_ms=65.25 gpu_ms=0.02 unpack_ms=5.82 total_ms=97.76
v5_service device=0 lane=0 class=1 jobs=14 rows=5947 cells=743727 reach=490286 reverse=743727 table_mib=24.5 mutable_mib=256.0 max_job_mib=37.0 oldest_ms=164.84 pack_ms=11.88 solve_ms=97.81
v5_device jobs=15 rows=6090 cells=685385 direct=true graph_reused=false upload_ms=15.04 capture_ms=6.16 queue_ms=29.29 gpu_ms=0.01 unpack_ms=2.87 total_ms=53.37
v5_service device=1 lane=0 class=1 jobs=15 rows=6090 cells=685385 reach=441383 reverse=685385 table_mib=22.6 mutable_mib=240.0 max_job_mib=19.6 oldest_ms=170.10 pack_ms=13.43 solve_ms=53.44
v5_device jobs=15 rows=5774 cells=563246 direct=true graph_reused=false upload_ms=8.96 capture_ms=3.67 queue_ms=29.57 gpu_ms=0.02 unpack_ms=3.00 total_ms=45.21
v5_service device=0 lane=1 class=1 jobs=15 rows=5774 cells=563246 reach=382426 reverse=563246 table_mib=19.6 mutable_mib=240.0 max_job_mib=19.1 oldest_ms=176.55 pack_ms=11.27 solve_ms=45.27
v5_device jobs=18 rows=6747 cells=780322 direct=true graph_reused=false upload_ms=26.79 capture_ms=3.50 queue_ms=48.14 gpu_ms=0.02 unpack_ms=5.10 total_ms=83.55
v5_service device=1 lane=1 class=1 jobs=18 rows=6747 cells=780322 reach=512141 reverse=780322 table_mib=26.0 mutable_mib=288.0 max_job_mib=19.7 oldest_ms=183.23 pack_ms=16.27 solve_ms=83.60
v5_device jobs=11 rows=4466 cells=507350 direct=true graph_reused=false upload_ms=15.19 capture_ms=3.24 queue_ms=31.44 gpu_ms=0.01 unpack_ms=3.06 total_ms=52.94
v5_service device=0 lane=0 class=1 jobs=11 rows=4466 cells=507350 reach=336811 reverse=507350 table_mib=17.1 mutable_mib=192.0 max_job_mib=37.0 oldest_ms=79.85 pack_ms=7.02 solve_ms=52.99
v5_device jobs=43 rows=9452 cells=714154 direct=true graph_reused=false upload_ms=12.06 capture_ms=3.41 queue_ms=41.32 gpu_ms=0.02 unpack_ms=4.24 total_ms=61.06
v5_service device=1 lane=0 class=0 jobs=43 rows=9452 cells=714154 reach=452021 reverse=714154 table_mib=26.0 mutable_mib=320.0 max_job_mib=10.7 oldest_ms=78.04 pack_ms=10.94 solve_ms=61.12
v5_device jobs=20 rows=4267 cells=296970 direct=true graph_reused=false upload_ms=10.01 capture_ms=3.04 queue_ms=36.90 gpu_ms=0.01 unpack_ms=2.08 total_ms=52.04
v5_service device=0 lane=0 class=0 jobs=20 rows=4267 cells=296970 reach=190842 reverse=296970 table_mib=11.0 mutable_mib=152.0 max_job_mib=10.0 oldest_ms=142.25 pack_ms=5.42 solve_ms=52.09
v5_device jobs=34 rows=7650 cells=566683 direct=true graph_reused=false upload_ms=8.34 capture_ms=3.43 queue_ms=39.39 gpu_ms=0.01 unpack_ms=3.85 total_ms=55.02
v5_service device=0 lane=1 class=0 jobs=34 rows=7650 cells=566683 reach=369273 reverse=566683 table_mib=20.8 mutable_mib=264.0 max_job_mib=10.1 oldest_ms=79.25 pack_ms=10.20 solve_ms=55.06
v5_device jobs=13 rows=5506 cells=478788 direct=true graph_reused=false upload_ms=8.58 capture_ms=3.54 queue_ms=24.20 gpu_ms=0.01 unpack_ms=2.35 total_ms=38.68
v5_service device=0 lane=1 class=1 jobs=13 rows=5506 cells=478788 reach=320446 reverse=478788 table_mib=16.6 mutable_mib=208.0 max_job_mib=19.6 oldest_ms=149.86 pack_ms=9.39 solve_ms=38.73
v5_device jobs=43 rows=9599 cells=862908 direct=true graph_reused=false upload_ms=22.81 capture_ms=3.72 queue_ms=41.22 gpu_ms=0.02 unpack_ms=19.97 total_ms=87.74
v5_service device=1 lane=1 class=0 jobs=43 rows=9599 cells=862908 reach=524918 reverse=862908 table_mib=30.0 mutable_mib=328.0 max_job_mib=10.3 oldest_ms=79.32 pack_ms=15.85 solve_ms=87.79
v5_device jobs=24 rows=9057 cells=805196 direct=true graph_reused=false upload_ms=21.62 capture_ms=3.28 queue_ms=39.95 gpu_ms=0.02 unpack_ms=4.76 total_ms=69.63
v5_service device=1 lane=0 class=1 jobs=24 rows=9057 cells=805196 reach=540890 reverse=805196 table_mib=27.8 mutable_mib=384.0 max_job_mib=20.1 oldest_ms=164.34 pack_ms=20.83 solve_ms=69.70
v5_device jobs=17 rows=7114 cells=799232 direct=true graph_reused=false upload_ms=26.73 capture_ms=3.14 queue_ms=47.62 gpu_ms=0.01 unpack_ms=5.29 total_ms=82.79
v5_service device=1 lane=1 class=1 jobs=17 rows=7114 cells=799232 reach=511934 reverse=799232 table_mib=26.7 mutable_mib=304.0 max_job_mib=36.9 oldest_ms=189.41 pack_ms=17.05 solve_ms=82.85
v5_device jobs=23 rows=5028 cells=618247 direct=true graph_reused=false upload_ms=6.34 capture_ms=3.01 queue_ms=38.89 gpu_ms=0.01 unpack_ms=2.98 total_ms=51.23
v5_service device=0 lane=1 class=0 jobs=23 rows=5028 cells=618247 reach=357509 reverse=618247 table_mib=20.3 mutable_mib=176.0 max_job_mib=10.7 oldest_ms=80.18 pack_ms=8.16 solve_ms=51.30
v5_device jobs=39 rows=8182 cells=754840 direct=true graph_reused=false upload_ms=27.35 capture_ms=3.21 queue_ms=72.64 gpu_ms=0.02 unpack_ms=7.01 total_ms=110.22
v5_service device=0 lane=0 class=0 jobs=39 rows=8182 cells=754840 reach=459611 reverse=754840 table_mib=26.4 mutable_mib=304.0 max_job_mib=10.2 oldest_ms=80.60 pack_ms=16.03 solve_ms=110.29
v5_device jobs=5 rows=1951 cells=184478 direct=true graph_reused=false upload_ms=2.51 capture_ms=4.43 queue_ms=13.99 gpu_ms=0.01 unpack_ms=1.03 total_ms=21.99
v5_service device=0 lane=1 class=1 jobs=5 rows=1951 cells=184478 reach=132899 reverse=184478 table_mib=6.4 mutable_mib=80.0 max_job_mib=18.8 oldest_ms=141.36 pack_ms=3.50 solve_ms=22.05
v5_device jobs=27 rows=6240 cells=488050 direct=true graph_reused=false upload_ms=7.91 capture_ms=3.71 queue_ms=25.64 gpu_ms=0.02 unpack_ms=2.84 total_ms=40.12
v5_service device=1 lane=0 class=0 jobs=27 rows=6240 cells=488050 reach=309775 reverse=488050 table_mib=17.3 mutable_mib=208.0 max_job_mib=10.0 oldest_ms=82.11 pack_ms=8.52 solve_ms=40.17
v5_device jobs=9 rows=4373 cells=507580 direct=true graph_reused=false upload_ms=7.21 capture_ms=3.24 queue_ms=23.54 gpu_ms=0.01 unpack_ms=2.06 total_ms=36.06
v5_service device=1 lane=0 class=1 jobs=9 rows=4373 cells=507580 reach=356327 reverse=507580 table_mib=16.8 mutable_mib=176.0 max_job_mib=37.3 oldest_ms=123.62 pack_ms=9.09 solve_ms=36.11
v5_device jobs=13 rows=5449 cells=645931 direct=true graph_reused=false upload_ms=20.95 capture_ms=3.34 queue_ms=35.40 gpu_ms=0.01 unpack_ms=3.92 total_ms=63.62
v5_service device=0 lane=0 class=1 jobs=13 rows=5449 cells=645931 reach=422584 reverse=645931 table_mib=21.1 mutable_mib=208.0 max_job_mib=20.2 oldest_ms=214.18 pack_ms=12.06 solve_ms=63.67
v5_device jobs=10 rows=4067 cells=366523 direct=true graph_reused=false upload_ms=9.39 capture_ms=2.92 queue_ms=23.97 gpu_ms=0.02 unpack_ms=2.38 total_ms=38.67
v5_service device=1 lane=1 class=1 jobs=10 rows=4067 cells=366523 reach=240340 reverse=366523 table_mib=12.8 mutable_mib=176.0 max_job_mib=35.3 oldest_ms=79.09 pack_ms=5.30 solve_ms=38.73
v5_device jobs=29 rows=6672 cells=437675 direct=true graph_reused=false upload_ms=5.63 capture_ms=3.19 queue_ms=26.36 gpu_ms=0.01 unpack_ms=2.37 total_ms=37.55
v5_service device=0 lane=1 class=0 jobs=29 rows=6672 cells=437675 reach=287271 reverse=437675 table_mib=16.2 mutable_mib=216.0 max_job_mib=10.1 oldest_ms=82.29 pack_ms=8.32 solve_ms=37.61
v5_device jobs=34 rows=7770 cells=766277 direct=true graph_reused=false upload_ms=16.54 capture_ms=3.12 queue_ms=36.18 gpu_ms=0.01 unpack_ms=5.22 total_ms=61.07
v5_service device=1 lane=1 class=0 jobs=34 rows=7770 cells=766277 reach=459970 reverse=766277 table_mib=26.1 mutable_mib=264.0 max_job_mib=10.4 oldest_ms=130.12 pack_ms=14.84 solve_ms=61.12
v5_device jobs=14 rows=6019 cells=761487 direct=true graph_reused=false upload_ms=21.78 capture_ms=3.68 queue_ms=31.13 gpu_ms=0.01 unpack_ms=3.40 total_ms=60.00
v5_service device=1 lane=0 class=1 jobs=14 rows=6019 cells=761487 reach=485709 reverse=761487 table_mib=24.9 mutable_mib=240.0 max_job_mib=35.7 oldest_ms=80.66 pack_ms=12.01 solve_ms=60.05
v5_device jobs=15 rows=6954 cells=634230 direct=true graph_reused=false upload_ms=10.01 capture_ms=3.29 queue_ms=58.82 gpu_ms=0.01 unpack_ms=3.35 total_ms=75.47
v5_service device=0 lane=1 class=1 jobs=15 rows=6954 cells=634230 reach=441750 reverse=634230 table_mib=21.9 mutable_mib=256.0 max_job_mib=35.3 oldest_ms=133.19 pack_ms=10.72 solve_ms=75.53
v5_device jobs=29 rows=6624 cells=547217 direct=true graph_reused=false upload_ms=18.34 capture_ms=3.52 queue_ms=43.26 gpu_ms=0.02 unpack_ms=4.61 total_ms=69.75
v5_service device=0 lane=0 class=0 jobs=29 rows=6624 cells=547217 reach=350597 reverse=547217 table_mib=19.6 mutable_mib=228.0 max_job_mib=10.0 oldest_ms=84.76 pack_ms=11.43 solve_ms=69.80
v5_device jobs=17 rows=3416 cells=200284 direct=true graph_reused=false upload_ms=2.59 capture_ms=3.44 queue_ms=15.89 gpu_ms=0.01 unpack_ms=1.25 total_ms=23.19
v5_service device=1 lane=0 class=0 jobs=17 rows=3416 cells=200284 reach=131766 reverse=200284 table_mib=7.6 mutable_mib=120.0 max_job_mib=9.9 oldest_ms=151.41 pack_ms=3.78 solve_ms=23.24
v5_device jobs=8 rows=3069 cells=338402 direct=true graph_reused=false upload_ms=10.92 capture_ms=3.30 queue_ms=21.67 gpu_ms=0.01 unpack_ms=1.74 total_ms=37.64
v5_service device=0 lane=0 class=1 jobs=8 rows=3069 cells=338402 reach=233807 reverse=338402 table_mib=11.6 mutable_mib=128.0 max_job_mib=19.5 oldest_ms=168.36 pack_ms=5.98 solve_ms=37.70
v5_device jobs=46 rows=9875 cells=631689 direct=true graph_reused=false upload_ms=17.72 capture_ms=3.38 queue_ms=37.88 gpu_ms=0.01 unpack_ms=5.39 total_ms=64.38
v5_service device=1 lane=1 class=0 jobs=46 rows=9875 cells=631689 reach=418775 reverse=631689 table_mib=24.0 mutable_mib=344.0 max_job_mib=10.0 oldest_ms=78.53 pack_ms=14.12 solve_ms=64.43
v5_device jobs=28 rows=6944 cells=537804 direct=true graph_reused=false upload_ms=7.79 capture_ms=3.12 queue_ms=38.26 gpu_ms=0.01 unpack_ms=3.54 total_ms=52.72
v5_service device=0 lane=1 class=0 jobs=28 rows=6944 cells=537804 reach=348069 reverse=537804 table_mib=20.0 mutable_mib=216.0 max_job_mib=10.2 oldest_ms=79.39 pack_ms=9.02 solve_ms=52.77
v5_device jobs=42 rows=9568 cells=676004 direct=true graph_reused=false upload_ms=16.01 capture_ms=4.55 queue_ms=44.05 gpu_ms=0.01 unpack_ms=4.20 total_ms=68.82
v5_service device=1 lane=0 class=0 jobs=42 rows=9568 cells=676004 reach=426617 reverse=676004 table_mib=25.3 mutable_mib=336.0 max_job_mib=10.2 oldest_ms=78.06 pack_ms=14.45 solve_ms=68.88
v5_device jobs=20 rows=8859 cells=679937 direct=true graph_reused=false upload_ms=19.73 capture_ms=3.82 queue_ms=46.86 gpu_ms=0.01 unpack_ms=7.65 total_ms=78.07
v5_service device=1 lane=1 class=1 jobs=20 rows=8859 cells=679937 reach=486107 reverse=679937 table_mib=24.4 mutable_mib=336.0 max_job_mib=35.3 oldest_ms=161.72 pack_ms=16.75 solve_ms=78.13
v5_device jobs=34 rows=7822 cells=495322 direct=true graph_reused=false upload_ms=19.86 capture_ms=3.45 queue_ms=46.14 gpu_ms=0.01 unpack_ms=4.96 total_ms=74.42
v5_service device=0 lane=0 class=0 jobs=34 rows=7822 cells=495322 reach=329466 reverse=495322 table_mib=18.8 mutable_mib=268.0 max_job_mib=10.3 oldest_ms=79.27 pack_ms=10.21 solve_ms=74.48
v5_device jobs=14 rows=5932 cells=386204 direct=true graph_reused=false upload_ms=6.17 capture_ms=3.64 queue_ms=29.17 gpu_ms=0.02 unpack_ms=2.73 total_ms=41.73
v5_service device=1 lane=0 class=1 jobs=14 rows=5932 cells=386204 reach=259773 reverse=386204 table_mib=14.7 mutable_mib=240.0 max_job_mib=34.0 oldest_ms=166.18 pack_ms=10.09 solve_ms=41.79
v5_device jobs=1 rows=1840 cells=74355 direct=true graph_reused=false upload_ms=1.18 capture_ms=4.42 queue_ms=8.66 gpu_ms=0.01 unpack_ms=0.28 total_ms=14.56
v5_service device=1 lane=0 class=2 jobs=1 rows=1840 cells=74355 reach=64890 reverse=74355 table_mib=3.1 mutable_mib=64.0 max_job_mib=69.1 oldest_ms=195.15 pack_ms=2.47 solve_ms=14.61
v5_device jobs=21 rows=9344 cells=1219796 direct=true graph_reused=false upload_ms=35.16 capture_ms=3.73 queue_ms=50.14 gpu_ms=0.02 unpack_ms=6.94 total_ms=95.99
v5_service device=0 lane=1 class=1 jobs=21 rows=9344 cells=1219796 reach=786314 reverse=1219796 table_mib=39.7 mutable_mib=384.0 max_job_mib=40.1 oldest_ms=151.00 pack_ms=24.26 solve_ms=96.04
v5_device jobs=19 rows=7626 cells=861418 direct=true graph_reused=false upload_ms=29.74 capture_ms=3.57 queue_ms=51.23 gpu_ms=0.01 unpack_ms=6.15 total_ms=90.70
v5_service device=0 lane=0 class=1 jobs=19 rows=7626 cells=861418 reach=573471 reverse=861418 table_mib=29.0 mutable_mib=320.0 max_job_mib=33.6 oldest_ms=172.07 pack_ms=16.07 solve_ms=90.75
v5_device jobs=25 rows=5944 cells=553162 direct=true graph_reused=false upload_ms=13.52 capture_ms=3.09 queue_ms=36.95 gpu_ms=0.02 unpack_ms=4.21 total_ms=57.78
v5_service device=1 lane=1 class=0 jobs=25 rows=5944 cells=553162 reach=342436 reverse=553162 table_mib=18.9 mutable_mib=200.0 max_job_mib=10.0 oldest_ms=82.93 pack_ms=8.99 solve_ms=57.84
v5_device jobs=35 rows=7986 cells=734312 direct=true graph_reused=false upload_ms=13.35 capture_ms=3.70 queue_ms=43.64 gpu_ms=0.01 unpack_ms=3.80 total_ms=64.50
v5_service device=1 lane=0 class=0 jobs=35 rows=7986 cells=734312 reach=452040 reverse=734312 table_mib=25.4 mutable_mib=268.0 max_job_mib=10.3 oldest_ms=81.15 pack_ms=12.73 solve_ms=64.55
v5_device jobs=37 rows=8664 cells=632888 direct=true graph_reused=false upload_ms=20.39 capture_ms=3.15 queue_ms=35.63 gpu_ms=0.01 unpack_ms=4.02 total_ms=63.20
v5_service device=0 lane=1 class=0 jobs=37 rows=8664 cells=632888 reach=396028 reverse=632888 table_mib=23.0 mutable_mib=292.0 max_job_mib=10.4 oldest_ms=77.98 pack_ms=11.70 solve_ms=63.24
v5_device jobs=9 rows=4315 cells=303790 direct=true graph_reused=false upload_ms=11.55 capture_ms=3.50 queue_ms=39.62 gpu_ms=0.00 unpack_ms=2.84 total_ms=57.51
v5_service device=1 lane=1 class=1 jobs=9 rows=4315 cells=303790 reach=223288 reverse=303790 table_mib=11.2 mutable_mib=160.0 max_job_mib=35.8 oldest_ms=153.43 pack_ms=6.27 solve_ms=57.55
v5_device jobs=15 rows=5951 cells=557250 direct=true graph_reused=false upload_ms=11.55 capture_ms=3.64 queue_ms=28.35 gpu_ms=0.01 unpack_ms=2.62 total_ms=46.17
v5_service device=1 lane=0 class=1 jobs=15 rows=5951 cells=557250 reach=381083 reverse=557250 table_mib=19.5 mutable_mib=240.0 max_job_mib=20.2 oldest_ms=168.29 pack_ms=14.14 solve_ms=46.22
v5_device jobs=23 rows=8855 cells=734393 direct=true graph_reused=false upload_ms=15.74 capture_ms=3.28 queue_ms=68.77 gpu_ms=0.01 unpack_ms=4.25 total_ms=92.05
v5_service device=0 lane=1 class=1 jobs=23 rows=8855 cells=734393 reach=508459 reverse=734393 table_mib=26.1 mutable_mib=368.0 max_job_mib=19.8 oldest_ms=158.94 pack_ms=13.99 solve_ms=92.11
v5_device jobs=45 rows=10049 cells=713536 direct=true graph_reused=false upload_ms=29.60 capture_ms=3.71 queue_ms=71.23 gpu_ms=0.01 unpack_ms=6.96 total_ms=111.51
v5_service device=0 lane=0 class=0 jobs=45 rows=10049 cells=713536 reach=459949 reverse=713536 table_mib=26.2 mutable_mib=340.0 max_job_mib=10.3 oldest_ms=78.20 pack_ms=13.77 solve_ms=111.55
v5_device jobs=13 rows=6256 cells=505818 direct=true graph_reused=false upload_ms=12.20 capture_ms=3.01 queue_ms=35.65 gpu_ms=0.02 unpack_ms=4.74 total_ms=55.61
v5_service device=1 lane=1 class=1 jobs=13 rows=6256 cells=505818 reach=342727 reverse=505818 table_mib=18.1 mutable_mib=240.0 max_job_mib=37.0 oldest_ms=78.36 pack_ms=8.70 solve_ms=55.67
v5_device jobs=28 rows=6558 cells=468267 direct=true graph_reused=false upload_ms=6.47 capture_ms=3.37 queue_ms=31.29 gpu_ms=0.01 unpack_ms=2.48 total_ms=43.62
v5_service device=1 lane=0 class=0 jobs=28 rows=6558 cells=468267 reach=309732 reverse=468267 table_mib=17.1 mutable_mib=220.0 max_job_mib=10.2 oldest_ms=82.86 pack_ms=8.78 solve_ms=43.67
v5_device jobs=16 rows=6955 cells=625910 direct=true graph_reused=false upload_ms=20.29 capture_ms=3.28 queue_ms=39.44 gpu_ms=0.01 unpack_ms=5.12 total_ms=68.14
v5_service device=0 lane=0 class=1 jobs=16 rows=6955 cells=625910 reach=405756 reverse=625910 table_mib=21.6 mutable_mib=272.0 max_job_mib=33.9 oldest_ms=213.68 pack_ms=12.38 solve_ms=68.20
v5_device jobs=43 rows=9243 cells=738818 direct=true graph_reused=false upload_ms=16.45 capture_ms=3.21 queue_ms=41.59 gpu_ms=0.01 unpack_ms=7.10 total_ms=68.37
v5_service device=1 lane=1 class=0 jobs=43 rows=9243 cells=738818 reach=464772 reverse=738818 table_mib=26.1 mutable_mib=324.0 max_job_mib=10.3 oldest_ms=148.45 pack_ms=20.21 solve_ms=68.42
v5_device jobs=13 rows=6375 cells=586888 direct=true graph_reused=false upload_ms=9.95 capture_ms=3.60 queue_ms=30.18 gpu_ms=0.01 unpack_ms=3.30 total_ms=47.04
v5_service device=0 lane=1 class=1 jobs=13 rows=6375 cells=586888 reach=422927 reverse=586888 table_mib=20.3 mutable_mib=224.0 max_job_mib=35.3 oldest_ms=80.54 pack_ms=9.29 solve_ms=47.10
v5_device jobs=12 rows=5702 cells=557625 direct=true graph_reused=false upload_ms=7.55 capture_ms=3.19 queue_ms=26.76 gpu_ms=0.03 unpack_ms=2.56 total_ms=40.09
v5_service device=1 lane=0 class=1 jobs=12 rows=5702 cells=557625 reach=362652 reverse=557625 table_mib=18.7 mutable_mib=224.0 max_job_mib=39.6 oldest_ms=143.54 pack_ms=10.12 solve_ms=40.14
v5_device jobs=1 rows=2133 cells=325033 direct=true graph_reused=false upload_ms=3.61 capture_ms=3.86 queue_ms=13.80 gpu_ms=0.01 unpack_ms=0.65 total_ms=21.92
v5_service device=1 lane=0 class=2 jobs=1 rows=2133 cells=325033 reach=227251 reverse=325033 table_mib=10.1 mutable_mib=64.0 max_job_mib=79.0 oldest_ms=184.57 pack_ms=7.35 solve_ms=21.98
v5_device jobs=30 rows=7351 cells=707135 direct=true graph_reused=false upload_ms=10.38 capture_ms=3.15 queue_ms=35.55 gpu_ms=0.01 unpack_ms=3.77 total_ms=52.86
v5_service device=0 lane=1 class=0 jobs=30 rows=7351 cells=707135 reach=434916 reverse=707135 table_mib=24.5 mutable_mib=240.0 max_job_mib=10.4 oldest_ms=145.32 pack_ms=12.84 solve_ms=52.91
v5_device jobs=16 rows=5981 cells=663322 direct=true graph_reused=false upload_ms=17.81 capture_ms=3.19 queue_ms=41.86 gpu_ms=0.01 unpack_ms=4.34 total_ms=67.22
v5_service device=0 lane=0 class=1 jobs=16 rows=5981 cells=663322 reach=450533 reverse=663322 table_mib=22.4 mutable_mib=256.0 max_job_mib=19.0 oldest_ms=80.78 pack_ms=9.96 solve_ms=67.27
v5_device jobs=30 rows=6531 cells=604664 direct=true graph_reused=false upload_ms=16.34 capture_ms=3.25 queue_ms=31.44 gpu_ms=0.02 unpack_ms=5.02 total_ms=56.06
v5_service device=1 lane=1 class=0 jobs=30 rows=6531 cells=604664 reach=370627 reverse=604664 table_mib=21.2 mutable_mib=228.0 max_job_mib=10.2 oldest_ms=78.17 pack_ms=13.97 solve_ms=56.11
v5_device jobs=30 rows=6465 cells=456151 direct=true graph_reused=false upload_ms=14.77 capture_ms=3.48 queue_ms=35.46 gpu_ms=0.01 unpack_ms=3.57 total_ms=57.29
v5_service device=0 lane=0 class=0 jobs=30 rows=6465 cells=456151 reach=297792 reverse=456151 table_mib=16.7 mutable_mib=228.0 max_job_mib=10.2 oldest_ms=163.42 pack_ms=8.77 solve_ms=57.34
v5_device jobs=29 rows=6890 cells=670294 direct=true graph_reused=false upload_ms=7.85 capture_ms=3.16 queue_ms=33.70 gpu_ms=0.01 unpack_ms=3.36 total_ms=48.09
v5_service device=0 lane=1 class=0 jobs=29 rows=6890 cells=670294 reach=418050 reverse=670294 table_mib=23.0 mutable_mib=228.0 max_job_mib=10.2 oldest_ms=79.39 pack_ms=10.34 solve_ms=48.14
v5_device jobs=41 rows=9240 cells=772064 direct=true graph_reused=false upload_ms=14.28 capture_ms=3.48 queue_ms=66.59 gpu_ms=0.02 unpack_ms=5.74 total_ms=90.10
v5_service device=1 lane=0 class=0 jobs=41 rows=9240 cells=772064 reach=487990 reverse=772064 table_mib=27.6 mutable_mib=316.0 max_job_mib=10.1 oldest_ms=79.85 pack_ms=12.60 solve_ms=90.19
v5_device jobs=17 rows=7835 cells=668907 direct=true graph_reused=false upload_ms=15.34 capture_ms=3.17 queue_ms=40.42 gpu_ms=0.01 unpack_ms=7.16 total_ms=66.10
v5_service device=1 lane=1 class=1 jobs=17 rows=7835 cells=668907 reach=457664 reverse=668907 table_mib=23.0 mutable_mib=304.0 max_job_mib=36.4 oldest_ms=154.45 pack_ms=16.72 solve_ms=66.14
v5_device jobs=13 rows=5032 cells=568303 direct=true graph_reused=false upload_ms=8.99 capture_ms=3.43 queue_ms=27.07 gpu_ms=0.01 unpack_ms=2.87 total_ms=42.37
v5_service device=0 lane=1 class=1 jobs=13 rows=5032 cells=568303 reach=387529 reverse=568303 table_mib=19.2 mutable_mib=208.0 max_job_mib=19.4 oldest_ms=142.49 pack_ms=9.67 solve_ms=42.43
v5_device jobs=18 rows=7599 cells=640504 direct=true graph_reused=false upload_ms=9.27 capture_ms=3.16 queue_ms=32.44 gpu_ms=0.01 unpack_ms=3.31 total_ms=48.19
v5_service device=1 lane=0 class=1 jobs=18 rows=7599 cells=640504 reach=442452 reverse=640504 table_mib=22.7 mutable_mib=304.0 max_job_mib=35.8 oldest_ms=192.32 pack_ms=14.34 solve_ms=48.24
v5_device jobs=12 rows=5463 cells=571983 direct=true graph_reused=false upload_ms=17.13 capture_ms=3.15 queue_ms=40.14 gpu_ms=0.01 unpack_ms=3.87 total_ms=64.30
v5_service device=0 lane=0 class=1 jobs=12 rows=5463 cells=571983 reach=381499 reverse=571983 table_mib=19.5 mutable_mib=224.0 max_job_mib=36.7 oldest_ms=78.58 pack_ms=9.98 solve_ms=64.36
v5_device jobs=34 rows=7812 cells=503056 direct=true graph_reused=false upload_ms=11.76 capture_ms=3.04 queue_ms=31.56 gpu_ms=0.01 unpack_ms=4.36 total_ms=50.74
v5_service device=1 lane=1 class=0 jobs=34 rows=7812 cells=503056 reach=330740 reverse=503056 table_mib=18.9 mutable_mib=264.0 max_job_mib=10.2 oldest_ms=79.15 pack_ms=12.08 solve_ms=50.80
v5_device jobs=23 rows=5140 cells=416212 direct=true graph_reused=false upload_ms=13.76 capture_ms=3.62 queue_ms=40.51 gpu_ms=0.01 unpack_ms=2.39 total_ms=60.29
v5_service device=0 lane=0 class=0 jobs=23 rows=5140 cells=416212 reach=257031 reverse=416212 table_mib=15.0 mutable_mib=172.0 max_job_mib=10.2 oldest_ms=158.41 pack_ms=7.39 solve_ms=60.35
v5_device jobs=30 rows=6868 cells=505156 direct=true graph_reused=false upload_ms=7.58 capture_ms=3.56 queue_ms=40.26 gpu_ms=0.01 unpack_ms=3.40 total_ms=54.80
v5_service device=0 lane=1 class=0 jobs=30 rows=6868 cells=505156 reach=315818 reverse=505156 table_mib=18.5 mutable_mib=240.0 max_job_mib=10.9 oldest_ms=81.29 pack_ms=8.20 solve_ms=54.85
v5_device jobs=13 rows=7021 cells=516816 direct=true graph_reused=false upload_ms=13.83 capture_ms=3.06 queue_ms=47.07 gpu_ms=0.01 unpack_ms=2.88 total_ms=66.85
v5_service device=1 lane=1 class=1 jobs=13 rows=7021 cells=516816 reach=375719 reverse=516816 table_mib=18.8 mutable_mib=256.0 max_job_mib=37.0 oldest_ms=150.38 pack_ms=11.95 solve_ms=66.91
v5_device jobs=10 rows=4063 cells=348570 direct=true graph_reused=false upload_ms=4.67 capture_ms=3.20 queue_ms=24.64 gpu_ms=0.01 unpack_ms=1.90 total_ms=34.42
v5_service device=0 lane=1 class=1 jobs=10 rows=4063 cells=348570 reach=249335 reverse=348570 table_mib=12.5 mutable_mib=160.0 max_job_mib=19.9 oldest_ms=149.85 pack_ms=6.61 solve_ms=34.47
v5_device jobs=15 rows=6264 cells=705598 direct=true graph_reused=false upload_ms=9.45 capture_ms=3.25 queue_ms=62.84 gpu_ms=0.02 unpack_ms=3.70 total_ms=79.26
v5_service device=1 lane=0 class=1 jobs=15 rows=6264 cells=705598 reach=468729 reverse=705598 table_mib=23.8 mutable_mib=240.0 max_job_mib=20.1 oldest_ms=81.69 pack_ms=11.02 solve_ms=79.32
v5_device jobs=13 rows=5637 cells=413936 direct=true graph_reused=false upload_ms=11.52 capture_ms=3.04 queue_ms=24.92 gpu_ms=0.01 unpack_ms=2.23 total_ms=41.72
v5_service device=0 lane=0 class=1 jobs=13 rows=5637 cells=413936 reach=288082 reverse=413936 table_mib=14.9 mutable_mib=224.0 max_job_mib=35.3 oldest_ms=77.16 pack_ms=7.04 solve_ms=41.78
v5_device jobs=36 rows=8310 cells=661096 direct=true graph_reused=false upload_ms=9.61 capture_ms=3.19 queue_ms=38.40 gpu_ms=0.01 unpack_ms=4.22 total_ms=55.43
v5_service device=1 lane=0 class=0 jobs=36 rows=8310 cells=661096 reach=418395 reverse=661096 table_mib=24.1 mutable_mib=276.0 max_job_mib=10.9 oldest_ms=177.00 pack_ms=11.34 solve_ms=55.48
v5_device jobs=17 rows=6554 cells=623588 direct=true graph_reused=false upload_ms=10.98 capture_ms=3.33 queue_ms=32.27 gpu_ms=0.01 unpack_ms=3.06 total_ms=49.63
v5_service device=1 lane=1 class=1 jobs=17 rows=6554 cells=623588 reach=409513 reverse=623588 table_mib=21.5 mutable_mib=272.0 max_job_mib=19.2 oldest_ms=78.85 pack_ms=10.83 solve_ms=49.70
v5_device jobs=17 rows=6663 cells=709444 direct=true graph_reused=false upload_ms=12.16 capture_ms=3.11 queue_ms=74.67 gpu_ms=0.01 unpack_ms=3.26 total_ms=93.20
v5_service device=0 lane=1 class=1 jobs=17 rows=6663 cells=709444 reach=473092 reverse=709444 table_mib=23.8 mutable_mib=272.0 max_job_mib=19.9 oldest_ms=80.46 pack_ms=13.02 solve_ms=93.26
v5_device jobs=45 rows=9981 cells=805815 direct=true graph_reused=false upload_ms=25.26 capture_ms=3.17 queue_ms=56.48 gpu_ms=0.01 unpack_ms=6.43 total_ms=91.35
v5_service device=0 lane=0 class=0 jobs=45 rows=9981 cells=805815 reach=504923 reverse=805815 table_mib=28.9 mutable_mib=344.0 max_job_mib=10.3 oldest_ms=133.37 pack_ms=17.40 solve_ms=91.40
v5_device jobs=17 rows=6855 cells=704341 direct=true graph_reused=false upload_ms=8.36 capture_ms=3.20 queue_ms=47.71 gpu_ms=0.01 unpack_ms=3.76 total_ms=63.04
v5_service device=1 lane=0 class=1 jobs=17 rows=6855 cells=704341 reach=470939 reverse=704341 table_mib=24.0 mutable_mib=272.0 max_job_mib=20.4 oldest_ms=78.95 pack_ms=10.24 solve_ms=63.10
v5_device jobs=40 rows=9053 cells=791928 direct=true graph_reused=false upload_ms=13.97 capture_ms=3.22 queue_ms=60.10 gpu_ms=0.01 unpack_ms=5.34 total_ms=82.63
v5_service device=1 lane=1 class=0 jobs=40 rows=9053 cells=791928 reach=493287 reverse=791928 table_mib=27.9 mutable_mib=308.0 max_job_mib=11.1 oldest_ms=148.74 pack_ms=13.29 solve_ms=82.68
v5_device jobs=40 rows=9298 cells=895939 direct=true graph_reused=false upload_ms=16.12 capture_ms=3.26 queue_ms=42.01 gpu_ms=0.01 unpack_ms=4.64 total_ms=66.03
v5_service device=0 lane=1 class=0 jobs=40 rows=9298 cells=895939 reach=553769 reverse=895939 table_mib=30.7 mutable_mib=312.0 max_job_mib=10.9 oldest_ms=197.16 pack_ms=17.72 solve_ms=66.09
v5_device jobs=44 rows=9839 cells=858932 direct=true graph_reused=false upload_ms=14.67 capture_ms=3.40 queue_ms=43.52 gpu_ms=0.01 unpack_ms=4.79 total_ms=66.39
v5_service device=1 lane=0 class=0 jobs=44 rows=9839 cells=858932 reach=538483 reverse=858932 table_mib=30.3 mutable_mib=336.0 max_job_mib=10.7 oldest_ms=163.64 pack_ms=16.32 solve_ms=66.45
v5_device jobs=28 rows=6303 cells=586991 direct=true graph_reused=false upload_ms=18.14 capture_ms=3.18 queue_ms=41.44 gpu_ms=0.01 unpack_ms=4.04 total_ms=66.82
v5_service device=0 lane=0 class=0 jobs=28 rows=6303 cells=586991 reach=362180 reverse=586991 table_mib=20.7 mutable_mib=224.0 max_job_mib=10.9 oldest_ms=80.27 pack_ms=9.76 solve_ms=66.87
v5_device jobs=15 rows=6095 cells=560793 direct=true graph_reused=false upload_ms=8.95 capture_ms=3.59 queue_ms=28.08 gpu_ms=0.01 unpack_ms=2.89 total_ms=43.52
v5_service device=1 lane=1 class=1 jobs=15 rows=6095 cells=560793 reach=385933 reverse=560793 table_mib=19.4 mutable_mib=240.0 max_job_mib=19.9 oldest_ms=80.76 pack_ms=9.34 solve_ms=43.58
v5_device jobs=7 rows=2768 cells=234371 direct=true graph_reused=false upload_ms=2.82 capture_ms=3.37 queue_ms=16.60 gpu_ms=0.01 unpack_ms=1.26 total_ms=24.06
v5_service device=0 lane=0 class=1 jobs=7 rows=2768 cells=234371 reach=162030 reverse=234371 table_mib=8.4 mutable_mib=112.0 max_job_mib=18.8 oldest_ms=159.34 pack_ms=3.90 solve_ms=24.11
v5_device jobs=1 rows=3168 cells=195080 direct=true graph_reused=false upload_ms=1.64 capture_ms=3.33 queue_ms=19.71 gpu_ms=0.01 unpack_ms=0.43 total_ms=25.12
v5_service device=0 lane=0 class=2 jobs=1 rows=3168 cells=195080 reach=155350 reverse=195080 table_mib=6.7 mutable_mib=128.0 max_job_mib=137.7 oldest_ms=179.01 pack_ms=3.54 solve_ms=25.17
v5_device jobs=14 rows=5689 cells=607210 direct=true graph_reused=false upload_ms=7.54 capture_ms=3.35 queue_ms=31.00 gpu_ms=0.01 unpack_ms=2.44 total_ms=44.33
v5_service device=0 lane=1 class=1 jobs=14 rows=5689 cells=607210 reach=393543 reverse=607210 table_mib=19.9 mutable_mib=240.0 max_job_mib=35.8 oldest_ms=81.66 pack_ms=9.13 solve_ms=44.38
v5_device jobs=31 rows=6757 cells=554531 direct=true graph_reused=false upload_ms=7.80 capture_ms=3.09 queue_ms=31.33 gpu_ms=0.01 unpack_ms=3.31 total_ms=45.53
v5_service device=1 lane=1 class=0 jobs=31 rows=6757 cells=554531 reach=337183 reverse=554531 table_mib=19.8 mutable_mib=228.0 max_job_mib=10.9 oldest_ms=138.50 pack_ms=10.38 solve_ms=45.59
v5_device jobs=16 rows=7375 cells=645380 direct=true graph_reused=false upload_ms=11.29 capture_ms=4.42 queue_ms=30.71 gpu_ms=0.01 unpack_ms=3.15 total_ms=49.58
v5_service device=1 lane=0 class=1 jobs=16 rows=7375 cells=645380 reach=461614 reverse=645380 table_mib=22.5 mutable_mib=256.0 max_job_mib=20.0 oldest_ms=77.80 pack_ms=10.86 solve_ms=49.63
v5_device jobs=46 rows=10477 cells=828142 direct=true graph_reused=false upload_ms=13.59 capture_ms=3.09 queue_ms=40.02 gpu_ms=0.01 unpack_ms=4.65 total_ms=61.35
v5_service device=0 lane=1 class=0 jobs=46 rows=10477 cells=828142 reach=510682 reverse=828142 table_mib=29.4 mutable_mib=352.0 max_job_mib=10.3 oldest_ms=140.29 pack_ms=14.31 solve_ms=61.41
v5_device jobs=29 rows=6415 cells=480532 direct=true graph_reused=false upload_ms=6.60 capture_ms=3.07 queue_ms=28.84 gpu_ms=0.01 unpack_ms=3.04 total_ms=41.56
v5_service device=1 lane=0 class=0 jobs=29 rows=6415 cells=480532 reach=297359 reverse=480532 table_mib=17.7 mutable_mib=216.0 max_job_mib=10.0 oldest_ms=142.33 pack_ms=8.35 solve_ms=41.62
v5_device jobs=23 rows=4863 cells=367609 direct=true graph_reused=false upload_ms=12.16 capture_ms=3.33 queue_ms=22.72 gpu_ms=0.01 unpack_ms=2.14 total_ms=40.36
v5_service device=0 lane=0 class=0 jobs=23 rows=4863 cells=367609 reach=223087 reverse=367609 table_mib=13.2 mutable_mib=180.0 max_job_mib=10.6 oldest_ms=79.52 pack_ms=6.57 solve_ms=40.43
v5_device jobs=46 rows=9650 cells=734197 direct=true graph_reused=false upload_ms=11.72 capture_ms=3.73 queue_ms=35.29 gpu_ms=0.01 unpack_ms=3.89 total_ms=54.65
v5_service device=1 lane=1 class=0 jobs=46 rows=9650 cells=734197 reach=443073 reverse=734197 table_mib=26.3 mutable_mib=336.0 max_job_mib=10.2 oldest_ms=79.67 pack_ms=12.77 solve_ms=54.70
v5_device jobs=9 rows=3432 cells=229579 direct=true graph_reused=false upload_ms=3.18 capture_ms=3.43 queue_ms=15.96 gpu_ms=0.01 unpack_ms=1.19 total_ms=23.78
v5_service device=1 lane=1 class=1 jobs=9 rows=3432 cells=229579 reach=150100 reverse=229579 table_mib=8.4 mutable_mib=144.0 max_job_mib=18.4 oldest_ms=152.63 pack_ms=4.29 solve_ms=23.83
v5_device jobs=49 rows=10170 cells=578671 direct=true graph_reused=false upload_ms=9.19 capture_ms=3.51 queue_ms=32.42 gpu_ms=0.01 unpack_ms=3.05 total_ms=48.17
v5_service device=0 lane=1 class=0 jobs=49 rows=10170 cells=578671 reach=352307 reverse=578671 table_mib=21.4 mutable_mib=324.0 max_job_mib=10.4 oldest_ms=78.48 pack_ms=10.50 solve_ms=48.23
v5_device jobs=15 rows=7992 cells=627398 direct=true graph_reused=false upload_ms=18.44 capture_ms=3.12 queue_ms=70.31 gpu_ms=0.02 unpack_ms=5.26 total_ms=97.16
v5_service device=0 lane=0 class=1 jobs=15 rows=7992 cells=627398 reach=420903 reverse=627398 table_mib=21.9 mutable_mib=272.0 max_job_mib=34.9 oldest_ms=133.19 pack_ms=11.08 solve_ms=97.22
v5_device jobs=35 rows=7778 cells=613546 direct=true graph_reused=false upload_ms=8.79 capture_ms=3.14 queue_ms=31.14 gpu_ms=0.01 unpack_ms=3.41 total_ms=46.49
v5_service device=1 lane=0 class=0 jobs=35 rows=7778 cells=613546 reach=376320 reverse=613546 table_mib=21.5 mutable_mib=260.0 max_job_mib=10.2 oldest_ms=79.71 pack_ms=9.20 solve_ms=46.56
v5_device jobs=12 rows=4930 cells=453166 direct=true graph_reused=false upload_ms=6.27 capture_ms=3.57 queue_ms=23.01 gpu_ms=0.01 unpack_ms=2.04 total_ms=34.90
v5_service device=0 lane=1 class=1 jobs=12 rows=4930 cells=453166 reach=306906 reverse=453166 table_mib=15.5 mutable_mib=192.0 max_job_mib=19.0 oldest_ms=147.10 pack_ms=10.65 solve_ms=34.96
v5_device jobs=15 rows=5878 cells=417252 direct=true graph_reused=false upload_ms=5.62 capture_ms=3.29 queue_ms=26.59 gpu_ms=0.01 unpack_ms=2.05 total_ms=37.56
v5_service device=1 lane=0 class=1 jobs=15 rows=5878 cells=417252 reach=278756 reverse=417252 table_mib=15.0 mutable_mib=240.0 max_job_mib=18.7 oldest_ms=141.36 pack_ms=8.00 solve_ms=37.62
v5_device jobs=28 rows=6187 cells=367276 direct=true graph_reused=false upload_ms=4.17 capture_ms=3.10 queue_ms=22.98 gpu_ms=0.01 unpack_ms=1.78 total_ms=32.04
v5_service device=1 lane=1 class=0 jobs=28 rows=6187 cells=367276 reach=219789 reverse=367276 table_mib=13.4 mutable_mib=208.0 max_job_mib=10.2 oldest_ms=81.14 pack_ms=6.04 solve_ms=32.09
v5_device jobs=6 rows=2502 cells=227237 direct=true graph_reused=false upload_ms=2.72 capture_ms=3.31 queue_ms=15.46 gpu_ms=0.01 unpack_ms=0.97 total_ms=22.47
v5_service device=1 lane=1 class=1 jobs=6 rows=2502 cells=227237 reach=147360 reverse=227237 table_mib=7.7 mutable_mib=96.0 max_job_mib=19.7 oldest_ms=123.44 pack_ms=3.81 solve_ms=22.52
v5_device jobs=43 rows=9285 cells=539200 direct=true graph_reused=false upload_ms=6.47 capture_ms=3.23 queue_ms=41.68 gpu_ms=0.01 unpack_ms=2.82 total_ms=54.20
v5_service device=0 lane=1 class=0 jobs=43 rows=9285 cells=539200 reach=314962 reverse=539200 table_mib=19.5 mutable_mib=308.0 max_job_mib=9.8 oldest_ms=77.91 pack_ms=8.56 solve_ms=54.25
v5_device jobs=40 rows=9165 cells=502322 direct=true graph_reused=false upload_ms=6.27 capture_ms=3.11 queue_ms=27.47 gpu_ms=0.01 unpack_ms=3.12 total_ms=39.98
v5_service device=1 lane=0 class=0 jobs=40 rows=9165 cells=502322 reach=301475 reverse=502322 table_mib=18.5 mutable_mib=288.0 max_job_mib=9.8 oldest_ms=79.18 pack_ms=7.83 solve_ms=40.03
v5_device jobs=48 rows=9927 cells=668815 direct=true graph_reused=false upload_ms=21.15 capture_ms=3.29 queue_ms=67.52 gpu_ms=0.01 unpack_ms=5.71 total_ms=97.68
v5_service device=0 lane=0 class=0 jobs=48 rows=9927 cells=668815 reach=405218 reverse=668815 table_mib=24.3 mutable_mib=348.0 max_job_mib=9.9 oldest_ms=78.20 pack_ms=11.78 solve_ms=97.72
v5_device jobs=6 rows=2215 cells=158715 direct=true graph_reused=false upload_ms=2.21 capture_ms=5.97 queue_ms=12.55 gpu_ms=0.01 unpack_ms=0.83 total_ms=21.56
v5_service device=0 lane=1 class=1 jobs=6 rows=2215 cells=158715 reach=94088 reverse=158715 table_mib=5.5 mutable_mib=96.0 max_job_mib=18.5 oldest_ms=143.97 pack_ms=3.03 solve_ms=21.61
v5_device jobs=1 rows=1920 cells=77680 direct=true graph_reused=false upload_ms=1.19 capture_ms=4.09 queue_ms=29.65 gpu_ms=0.01 unpack_ms=0.44 total_ms=35.37
v5_service device=0 lane=1 class=2 jobs=1 rows=1920 cells=77680 reach=64268 reverse=77680 table_mib=3.3 mutable_mib=64.0 max_job_mib=69.7 oldest_ms=102.48 pack_ms=1.96 solve_ms=35.43
v5_device jobs=9 rows=3507 cells=233751 direct=true graph_reused=false upload_ms=3.43 capture_ms=3.52 queue_ms=42.62 gpu_ms=0.01 unpack_ms=1.37 total_ms=50.94
v5_service device=1 lane=0 class=1 jobs=9 rows=3507 cells=233751 reach=149396 reverse=233751 table_mib=8.6 mutable_mib=144.0 max_job_mib=18.6 oldest_ms=134.52 pack_ms=6.36 solve_ms=50.99
v5_device jobs=14 rows=5859 cells=479033 direct=true graph_reused=false upload_ms=16.00 capture_ms=3.26 queue_ms=27.43 gpu_ms=0.01 unpack_ms=2.28 total_ms=48.97
v5_service device=0 lane=0 class=1 jobs=14 rows=5859 cells=479033 reach=322151 reverse=479033 table_mib=16.5 mutable_mib=224.0 max_job_mib=20.2 oldest_ms=192.70 pack_ms=8.96 solve_ms=49.02
v5_device jobs=53 rows=11199 cells=536157 direct=true graph_reused=false upload_ms=9.44 capture_ms=3.83 queue_ms=32.15 gpu_ms=0.00 unpack_ms=3.43 total_ms=48.85
v5_service device=1 lane=1 class=0 jobs=53 rows=11199 cells=536157 reach=322376 reverse=536157 table_mib=20.6 mutable_mib=376.0 max_job_mib=9.6 oldest_ms=82.08 pack_ms=12.42 solve_ms=48.89
v5_device jobs=8 rows=3570 cells=156107 direct=true graph_reused=false upload_ms=2.24 capture_ms=3.50 queue_ms=13.70 gpu_ms=0.01 unpack_ms=0.92 total_ms=20.36
v5_service device=1 lane=1 class=1 jobs=8 rows=3570 cells=156107 reach=106192 reverse=156107 table_mib=6.1 mutable_mib=144.0 max_job_mib=33.7 oldest_ms=144.14 pack_ms=3.24 solve_ms=20.41
v5_device jobs=18 rows=8761 cells=537814 direct=true graph_reused=false upload_ms=7.02 capture_ms=3.17 queue_ms=26.62 gpu_ms=0.01 unpack_ms=2.73 total_ms=39.55
v5_service device=1 lane=0 class=1 jobs=18 rows=8761 cells=537814 reach=346781 reverse=537814 table_mib=19.2 mutable_mib=320.0 max_job_mib=38.6 oldest_ms=77.61 pack_ms=7.79 solve_ms=39.61
v5_device jobs=62 rows=13810 cells=642698 direct=true graph_reused=false upload_ms=10.67 capture_ms=3.10 queue_ms=45.74 gpu_ms=0.01 unpack_ms=3.60 total_ms=63.13
v5_service device=0 lane=1 class=0 jobs=62 rows=13810 cells=642698 reach=388214 reverse=642698 table_mib=24.4 mutable_mib=448.0 max_job_mib=9.5 oldest_ms=78.75 pack_ms=11.08 solve_ms=63.18
v5_device jobs=20 rows=8151 cells=549887 direct=true graph_reused=false upload_ms=16.28 capture_ms=3.06 queue_ms=45.36 gpu_ms=0.02 unpack_ms=3.97 total_ms=68.69
v5_service device=0 lane=0 class=1 jobs=20 rows=8151 cells=549887 reach=349546 reverse=549887 table_mib=19.3 mutable_mib=320.0 max_job_mib=18.4 oldest_ms=77.50 pack_ms=8.33 solve_ms=68.75
v5_device jobs=63 rows=13090 cells=597356 direct=true graph_reused=false upload_ms=9.94 capture_ms=3.47 queue_ms=33.22 gpu_ms=0.01 unpack_ms=3.74 total_ms=50.39
v5_service device=1 lane=1 class=0 jobs=63 rows=13090 cells=597356 reach=369917 reverse=597356 table_mib=22.9 mutable_mib=440.0 max_job_mib=9.8 oldest_ms=78.56 pack_ms=9.90 solve_ms=50.44
v5_device jobs=9 rows=4293 cells=207657 direct=true graph_reused=false upload_ms=3.30 capture_ms=3.45 queue_ms=14.72 gpu_ms=0.01 unpack_ms=1.21 total_ms=22.69
v5_service device=0 lane=1 class=1 jobs=9 rows=4293 cells=207657 reach=148726 reverse=207657 table_mib=7.9 mutable_mib=144.0 max_job_mib=18.0 oldest_ms=159.24 pack_ms=4.69 solve_ms=22.74
v5_device jobs=7 rows=3661 cells=219744 direct=true graph_reused=false upload_ms=2.74 capture_ms=3.61 queue_ms=21.40 gpu_ms=0.01 unpack_ms=1.15 total_ms=28.90
v5_service device=1 lane=1 class=1 jobs=7 rows=3661 cells=219744 reach=145739 reverse=219744 table_mib=8.0 mutable_mib=128.0 max_job_mib=36.8 oldest_ms=141.93 pack_ms=4.15 solve_ms=28.96
v5_device jobs=71 rows=14577 cells=696245 direct=true graph_reused=false upload_ms=15.44 capture_ms=3.69 queue_ms=48.53 gpu_ms=0.01 unpack_ms=4.45 total_ms=72.12
v5_service device=1 lane=0 class=0 jobs=71 rows=14577 cells=696245 reach=416491 reverse=696245 table_mib=26.3 mutable_mib=464.0 max_job_mib=9.4 oldest_ms=131.84 pack_ms=12.76 solve_ms=72.18
v5_device jobs=58 rows=13023 cells=744004 direct=true graph_reused=false upload_ms=28.21 capture_ms=3.35 queue_ms=50.40 gpu_ms=0.01 unpack_ms=5.97 total_ms=87.94
v5_service device=0 lane=0 class=0 jobs=58 rows=13023 cells=744004 reach=449379 reverse=744004 table_mib=27.4 mutable_mib=436.0 max_job_mib=9.8 oldest_ms=162.65 pack_ms=17.49 solve_ms=88.00
v5_device jobs=36 rows=7470 cells=326544 direct=true graph_reused=false upload_ms=5.30 capture_ms=5.73 queue_ms=17.37 gpu_ms=0.01 unpack_ms=1.85 total_ms=30.26
v5_service device=0 lane=1 class=0 jobs=36 rows=7470 cells=326544 reach=192008 reverse=326544 table_mib=12.6 mutable_mib=248.0 max_job_mib=9.6 oldest_ms=80.22 pack_ms=5.75 solve_ms=30.32
v5_device jobs=4 rows=1622 cells=126850 direct=true graph_reused=false upload_ms=1.68 capture_ms=4.18 queue_ms=9.28 gpu_ms=0.01 unpack_ms=0.54 total_ms=15.70
v5_service device=0 lane=1 class=1 jobs=4 rows=1622 cells=126850 reach=68681 reverse=126850 table_mib=4.3 mutable_mib=64.0 max_job_mib=18.2 oldest_ms=119.22 pack_ms=2.93 solve_ms=15.75
v5_device jobs=40 rows=9118 cells=480814 direct=true graph_reused=false upload_ms=7.39 capture_ms=3.59 queue_ms=41.82 gpu_ms=0.01 unpack_ms=2.54 total_ms=55.34
v5_service device=1 lane=1 class=0 jobs=40 rows=9118 cells=480814 reach=282565 reverse=480814 table_mib=17.5 mutable_mib=296.0 max_job_mib=9.5 oldest_ms=81.24 pack_ms=8.61 solve_ms=55.40
v5_device jobs=51 rows=10204 cells=399843 direct=true graph_reused=false upload_ms=5.72 capture_ms=3.64 queue_ms=30.55 gpu_ms=0.01 unpack_ms=2.99 total_ms=42.91
v5_service device=1 lane=0 class=0 jobs=51 rows=10204 cells=399843 reach=249042 reverse=399843 table_mib=16.1 mutable_mib=328.0 max_job_mib=9.4 oldest_ms=81.19 pack_ms=9.02 solve_ms=42.96
v5_device jobs=13 rows=5121 cells=313982 direct=true graph_reused=false upload_ms=11.15 capture_ms=3.55 queue_ms=16.32 gpu_ms=0.01 unpack_ms=1.35 total_ms=32.38
v5_service device=0 lane=0 class=1 jobs=13 rows=5121 cells=313982 reach=209286 reverse=313982 table_mib=11.0 mutable_mib=208.0 max_job_mib=18.0 oldest_ms=77.40 pack_ms=5.51 solve_ms=32.43
v5_device jobs=13 rows=5489 cells=319219 direct=true graph_reused=false upload_ms=5.08 capture_ms=3.76 queue_ms=24.91 gpu_ms=0.01 unpack_ms=1.62 total_ms=35.37
v5_service device=1 lane=1 class=1 jobs=13 rows=5489 cells=319219 reach=210841 reverse=319219 table_mib=11.5 mutable_mib=208.0 max_job_mib=18.2 oldest_ms=148.86 pack_ms=7.05 solve_ms=35.43
v5_device jobs=12 rows=5015 cells=254556 direct=true graph_reused=false upload_ms=4.26 capture_ms=3.70 queue_ms=22.02 gpu_ms=0.00 unpack_ms=1.46 total_ms=31.44
v5_service device=1 lane=0 class=1 jobs=12 rows=5015 cells=254556 reach=167711 reverse=254556 table_mib=9.3 mutable_mib=192.0 max_job_mib=17.8 oldest_ms=141.53 pack_ms=7.39 solve_ms=31.50
v5_device jobs=12 rows=4869 cells=288976 direct=true graph_reused=false upload_ms=3.88 capture_ms=3.71 queue_ms=16.47 gpu_ms=0.01 unpack_ms=1.46 total_ms=25.52
v5_service device=0 lane=1 class=1 jobs=12 rows=4869 cells=288976 reach=177536 reverse=288976 table_mib=10.4 mutable_mib=192.0 max_job_mib=18.8 oldest_ms=77.01 pack_ms=5.20 solve_ms=25.59
v5_device jobs=61 rows=13467 cells=715165 direct=true graph_reused=false upload_ms=9.58 capture_ms=3.23 queue_ms=36.33 gpu_ms=0.01 unpack_ms=3.54 total_ms=52.69
v5_service device=0 lane=1 class=0 jobs=61 rows=13467 cells=715165 reach=411179 reverse=715165 table_mib=26.3 mutable_mib=444.0 max_job_mib=10.3 oldest_ms=112.98 pack_ms=11.72 solve_ms=52.74
v5_device jobs=67 rows=15511 cells=603970 direct=true graph_reused=false upload_ms=20.91 capture_ms=3.46 queue_ms=76.31 gpu_ms=0.02 unpack_ms=5.20 total_ms=105.90
v5_service device=0 lane=0 class=0 jobs=67 rows=15511 cells=603970 reach=380798 reverse=603970 table_mib=23.9 mutable_mib=476.0 max_job_mib=9.4 oldest_ms=122.99 pack_ms=13.34 solve_ms=105.96
v5_device jobs=1 rows=2225 cells=28910 direct=true graph_reused=false upload_ms=0.76 capture_ms=4.21 queue_ms=6.97 gpu_ms=0.01 unpack_ms=0.40 total_ms=12.35
v5_service device=0 lane=0 class=2 jobs=1 rows=2225 cells=28910 reach=25865 reverse=28910 table_mib=1.9 mutable_mib=64.0 max_job_mib=67.5 oldest_ms=245.34 pack_ms=1.16 solve_ms=12.40
v5_device jobs=51 rows=10236 cells=482942 direct=true graph_reused=false upload_ms=6.93 capture_ms=3.33 queue_ms=47.71 gpu_ms=0.01 unpack_ms=2.53 total_ms=60.52
v5_service device=1 lane=0 class=0 jobs=51 rows=10236 cells=482942 reach=279828 reverse=482942 table_mib=18.0 mutable_mib=336.0 max_job_mib=9.4 oldest_ms=77.76 pack_ms=8.03 solve_ms=60.57
v5_device jobs=63 rows=14054 cells=662861 direct=true graph_reused=false upload_ms=11.62 capture_ms=3.69 queue_ms=42.74 gpu_ms=0.01 unpack_ms=4.26 total_ms=62.32
v5_service device=1 lane=1 class=0 jobs=63 rows=14054 cells=662861 reach=402497 reverse=662861 table_mib=25.1 mutable_mib=432.0 max_job_mib=9.4 oldest_ms=78.37 pack_ms=11.00 solve_ms=62.36
v5_device jobs=12 rows=4727 cells=294109 direct=true graph_reused=false upload_ms=4.79 capture_ms=3.85 queue_ms=25.23 gpu_ms=0.01 unpack_ms=1.49 total_ms=35.37
v5_service device=1 lane=1 class=1 jobs=12 rows=4727 cells=294109 reach=172154 reverse=294109 table_mib=10.6 mutable_mib=192.0 max_job_mib=18.4 oldest_ms=152.39 pack_ms=6.22 solve_ms=35.42
v5_device jobs=15 rows=5971 cells=327529 direct=true graph_reused=false upload_ms=6.79 capture_ms=3.67 queue_ms=25.02 gpu_ms=0.01 unpack_ms=2.02 total_ms=37.50
v5_service device=1 lane=0 class=1 jobs=15 rows=5971 cells=327529 reach=208829 reverse=327529 table_mib=11.9 mutable_mib=240.0 max_job_mib=18.0 oldest_ms=155.43 pack_ms=9.15 solve_ms=37.55
v5_device jobs=63 rows=13061 cells=549899 direct=true graph_reused=false upload_ms=8.75 capture_ms=3.52 queue_ms=31.23 gpu_ms=0.01 unpack_ms=3.13 total_ms=46.64
v5_service device=0 lane=1 class=0 jobs=63 rows=13061 cells=549899 reach=343419 reverse=549899 table_mib=21.5 mutable_mib=440.0 max_job_mib=9.4 oldest_ms=78.15 pack_ms=10.49 solve_ms=46.69
v5_device jobs=40 rows=9023 cells=546328 direct=true graph_reused=false upload_ms=14.91 capture_ms=3.12 queue_ms=25.30 gpu_ms=0.01 unpack_ms=2.42 total_ms=45.76
v5_service device=0 lane=0 class=0 jobs=40 rows=9023 cells=546328 reach=315593 reverse=546328 table_mib=19.3 mutable_mib=296.0 max_job_mib=9.5 oldest_ms=79.87 pack_ms=8.66 solve_ms=45.81
v5_device jobs=9 rows=4498 cells=268360 direct=true graph_reused=false upload_ms=3.29 capture_ms=3.28 queue_ms=15.55 gpu_ms=0.01 unpack_ms=1.21 total_ms=23.33
v5_service device=0 lane=1 class=1 jobs=9 rows=4498 cells=268360 reach=181068 reverse=268360 table_mib=9.5 mutable_mib=160.0 max_job_mib=34.2 oldest_ms=144.29 pack_ms=5.20 solve_ms=23.39
v5_device jobs=6 rows=3462 cells=129177 direct=true graph_reused=false upload_ms=1.73 capture_ms=3.58 queue_ms=12.49 gpu_ms=0.01 unpack_ms=0.72 total_ms=18.52
v5_service device=0 lane=0 class=1 jobs=6 rows=3462 cells=129177 reach=85818 reverse=129177 table_mib=5.2 mutable_mib=112.0 max_job_mib=33.5 oldest_ms=137.12 pack_ms=2.51 solve_ms=18.57
v5_device jobs=12 rows=5594 cells=311094 direct=true graph_reused=false upload_ms=4.19 capture_ms=3.62 queue_ms=38.78 gpu_ms=0.01 unpack_ms=1.43 total_ms=48.04
v5_service device=1 lane=0 class=1 jobs=12 rows=5594 cells=311094 reach=203055 reverse=311094 table_mib=11.2 mutable_mib=208.0 max_job_mib=33.8 oldest_ms=78.51 pack_ms=5.68 solve_ms=48.09
v5_device jobs=54 rows=11565 cells=549770 direct=true graph_reused=false upload_ms=8.18 capture_ms=3.25 queue_ms=33.27 gpu_ms=0.01 unpack_ms=3.48 total_ms=48.19
v5_service device=1 lane=1 class=0 jobs=54 rows=11565 cells=549770 reach=334841 reverse=549770 table_mib=20.9 mutable_mib=374.0 max_job_mib=9.6 oldest_ms=79.42 pack_ms=12.73 solve_ms=48.23
v5_device jobs=10 rows=5610 cells=245797 direct=true graph_reused=false upload_ms=4.33 capture_ms=3.78 queue_ms=25.05 gpu_ms=0.01 unpack_ms=1.14 total_ms=34.32
v5_service device=1 lane=1 class=1 jobs=10 rows=5610 cells=245797 reach=160817 reverse=245797 table_mib=9.2 mutable_mib=192.0 max_job_mib=36.0 oldest_ms=146.98 pack_ms=5.68 solve_ms=34.37
v5_device jobs=48 rows=10478 cells=470897 direct=true graph_reused=false upload_ms=9.17 capture_ms=3.49 queue_ms=32.44 gpu_ms=0.01 unpack_ms=2.65 total_ms=47.76
v5_service device=1 lane=0 class=0 jobs=48 rows=10478 cells=470897 reach=287638 reverse=470897 table_mib=18.2 mutable_mib=332.0 max_job_mib=9.5 oldest_ms=137.27 pack_ms=11.73 solve_ms=47.80
v5_device jobs=57 rows=12933 cells=566509 direct=true graph_reused=false upload_ms=10.17 capture_ms=3.13 queue_ms=58.02 gpu_ms=0.01 unpack_ms=3.23 total_ms=74.56
v5_service device=0 lane=1 class=0 jobs=57 rows=12933 cells=566509 reach=345698 reverse=566509 table_mib=21.9 mutable_mib=412.0 max_job_mib=9.5 oldest_ms=79.59 pack_ms=11.07 solve_ms=74.61
v5_device jobs=54 rows=11383 cells=668757 direct=true graph_reused=false upload_ms=20.21 capture_ms=3.46 queue_ms=46.44 gpu_ms=0.02 unpack_ms=5.62 total_ms=75.75
v5_service device=0 lane=0 class=0 jobs=54 rows=11383 cells=668757 reach=393970 reverse=668757 table_mib=24.1 mutable_mib=380.0 max_job_mib=9.3 oldest_ms=79.75 pack_ms=11.55 solve_ms=75.80
v5_device jobs=7 rows=2723 cells=135849 direct=true graph_reused=false upload_ms=1.79 capture_ms=4.17 queue_ms=10.79 gpu_ms=0.01 unpack_ms=0.86 total_ms=17.62
v5_service device=0 lane=1 class=1 jobs=7 rows=2723 cells=135849 reach=79728 reverse=135849 table_mib=5.1 mutable_mib=112.0 max_job_mib=18.1 oldest_ms=170.28 pack_ms=2.52 solve_ms=17.67
v5_device jobs=10 rows=3955 cells=218736 direct=true graph_reused=false upload_ms=2.81 capture_ms=3.47 queue_ms=13.42 gpu_ms=0.01 unpack_ms=1.12 total_ms=20.83
v5_service device=0 lane=0 class=1 jobs=10 rows=3955 cells=218736 reach=130090 reverse=218736 table_mib=7.9 mutable_mib=160.0 max_job_mib=17.8 oldest_ms=172.61 pack_ms=4.18 solve_ms=20.89
v5_device jobs=46 rows=10041 cells=550200 direct=true graph_reused=false upload_ms=7.61 capture_ms=3.44 queue_ms=27.05 gpu_ms=0.01 unpack_ms=2.63 total_ms=40.74
v5_service device=1 lane=0 class=0 jobs=46 rows=10041 cells=550200 reach=316425 reverse=550200 table_mib=20.0 mutable_mib=312.0 max_job_mib=9.4 oldest_ms=79.65 pack_ms=10.49 solve_ms=40.80
v5_device jobs=40 rows=8719 cells=377576 direct=true graph_reused=false upload_ms=5.65 capture_ms=3.59 queue_ms=45.40 gpu_ms=0.01 unpack_ms=2.33 total_ms=56.98
v5_service device=1 lane=1 class=0 jobs=40 rows=8719 cells=377576 reach=229398 reverse=377576 table_mib=14.5 mutable_mib=272.0 max_job_mib=9.2 oldest_ms=82.00 pack_ms=8.56 solve_ms=57.02
v5_device jobs=5 rows=2430 cells=108029 direct=true graph_reused=false upload_ms=1.47 capture_ms=3.67 queue_ms=21.37 gpu_ms=0.01 unpack_ms=0.59 total_ms=27.11
v5_service device=1 lane=1 class=1 jobs=5 rows=2430 cells=108029 reach=68399 reverse=108029 table_mib=4.1 mutable_mib=80.0 max_job_mib=18.2 oldest_ms=150.42 pack_ms=2.05 solve_ms=27.16
v5_device jobs=9 rows=4412 cells=196232 direct=true graph_reused=false upload_ms=2.73 capture_ms=3.64 queue_ms=15.56 gpu_ms=0.01 unpack_ms=1.22 total_ms=23.16
v5_service device=1 lane=0 class=1 jobs=9 rows=4412 cells=196232 reach=130244 reverse=196232 table_mib=7.6 mutable_mib=160.0 max_job_mib=33.6 oldest_ms=138.28 pack_ms=4.24 solve_ms=23.21
v5_device jobs=50 rows=11513 cells=531266 direct=true graph_reused=false upload_ms=8.71 capture_ms=3.38 queue_ms=33.66 gpu_ms=0.01 unpack_ms=2.79 total_ms=48.54
v5_service device=0 lane=1 class=0 jobs=50 rows=11513 cells=531266 reach=318304 reverse=531266 table_mib=20.2 mutable_mib=368.0 max_job_mib=9.4 oldest_ms=82.90 pack_ms=11.55 solve_ms=48.60
v5_device jobs=46 rows=9376 cells=418173 direct=true graph_reused=false upload_ms=12.54 capture_ms=3.07 queue_ms=31.00 gpu_ms=0.02 unpack_ms=2.84 total_ms=49.47
v5_service device=0 lane=0 class=0 jobs=46 rows=9376 cells=418173 reach=257398 reverse=418173 table_mib=16.2 mutable_mib=304.0 max_job_mib=9.3 oldest_ms=79.97 pack_ms=9.71 solve_ms=49.54
v5_device jobs=4 rows=1766 cells=66213 direct=true graph_reused=false upload_ms=0.91 capture_ms=4.39 queue_ms=14.67 gpu_ms=0.01 unpack_ms=0.42 total_ms=20.39
v5_service device=0 lane=0 class=1 jobs=4 rows=1766 cells=66213 reach=44332 reverse=66213 table_mib=2.7 mutable_mib=64.0 max_job_mib=17.9 oldest_ms=134.40 pack_ms=1.59 solve_ms=20.44
v5_device jobs=10 rows=5985 cells=293016 direct=true graph_reused=false upload_ms=5.04 capture_ms=6.03 queue_ms=18.78 gpu_ms=0.01 unpack_ms=1.66 total_ms=31.52
v5_service device=0 lane=1 class=1 jobs=10 rows=5985 cells=293016 reach=178014 reverse=293016 table_mib=11.1 mutable_mib=208.0 max_job_mib=34.5 oldest_ms=141.26 pack_ms=5.63 solve_ms=31.57
v5_device jobs=1 rows=1716 cells=110290 direct=true graph_reused=false upload_ms=1.26 capture_ms=3.46 queue_ms=7.32 gpu_ms=0.01 unpack_ms=0.26 total_ms=12.31
v5_service device=0 lane=0 class=2 jobs=1 rows=1716 cells=110290 reach=74665 reverse=110290 table_mib=3.7 mutable_mib=64.0 max_job_mib=69.3 oldest_ms=143.21 pack_ms=2.16 solve_ms=12.35
v5_device jobs=61 rows=12977 cells=580998 direct=true graph_reused=false upload_ms=10.89 capture_ms=3.28 queue_ms=48.30 gpu_ms=0.01 unpack_ms=3.34 total_ms=65.81
v5_service device=1 lane=1 class=0 jobs=61 rows=12977 cells=580998 reach=355861 reverse=580998 table_mib=22.4 mutable_mib=418.0 max_job_mib=9.3 oldest_ms=77.57 pack_ms=10.83 solve_ms=65.86
v5_device jobs=52 rows=11656 cells=644951 direct=true graph_reused=false upload_ms=11.55 capture_ms=3.16 queue_ms=47.59 gpu_ms=0.01 unpack_ms=3.89 total_ms=66.20
v5_service device=1 lane=0 class=0 jobs=52 rows=11656 cells=644951 reach=389871 reverse=644951 table_mib=23.6 mutable_mib=380.0 max_job_mib=9.6 oldest_ms=77.79 pack_ms=11.30 solve_ms=66.25
v5_device jobs=7 rows=2703 cells=108340 direct=true graph_reused=false upload_ms=1.68 capture_ms=3.61 queue_ms=17.30 gpu_ms=0.01 unpack_ms=0.69 total_ms=23.29
v5_service device=1 lane=0 class=1 jobs=7 rows=2703 cells=108340 reach=72942 reverse=108340 table_mib=4.3 mutable_mib=112.0 max_job_mib=17.5 oldest_ms=157.58 pack_ms=2.46 solve_ms=23.34
v5_device jobs=6 rows=2776 cells=221015 direct=true graph_reused=false upload_ms=2.80 capture_ms=3.58 queue_ms=14.77 gpu_ms=0.01 unpack_ms=1.01 total_ms=22.18
v5_service device=1 lane=1 class=1 jobs=6 rows=2776 cells=221015 reach=129374 reverse=221015 table_mib=7.4 mutable_mib=96.0 max_job_mib=18.7 oldest_ms=150.45 pack_ms=4.51 solve_ms=22.23
v5_device jobs=17 rows=7776 cells=438167 direct=true graph_reused=false upload_ms=15.10 capture_ms=3.33 queue_ms=28.69 gpu_ms=0.00 unpack_ms=2.05 total_ms=49.18
v5_service device=0 lane=0 class=1 jobs=17 rows=7776 cells=438167 reach=291794 reverse=438167 table_mib=15.8 mutable_mib=304.0 max_job_mib=34.2 oldest_ms=79.51 pack_ms=9.13 solve_ms=49.23
v5_device jobs=45 rows=9962 cells=466695 direct=true graph_reused=false upload_ms=8.20 capture_ms=3.65 queue_ms=43.14 gpu_ms=0.01 unpack_ms=2.89 total_ms=57.89
v5_service device=0 lane=1 class=0 jobs=45 rows=9962 cells=466695 reach=277217 reverse=466695 table_mib=17.8 mutable_mib=328.0 max_job_mib=9.8 oldest_ms=81.48 pack_ms=9.84 solve_ms=57.92
v5_device jobs=5 rows=3151 cells=91504 direct=true graph_reused=false upload_ms=1.63 capture_ms=3.69 queue_ms=9.26 gpu_ms=0.01 unpack_ms=0.56 total_ms=15.14
v5_service device=0 lane=1 class=1 jobs=5 rows=3151 cells=91504 reach=64553 reverse=91504 table_mib=3.9 mutable_mib=96.0 max_job_mib=33.4 oldest_ms=152.52 pack_ms=2.96 solve_ms=15.20
v5_device jobs=1 rows=1656 cells=171010 direct=true graph_reused=false upload_ms=1.54 capture_ms=3.75 queue_ms=8.03 gpu_ms=0.01 unpack_ms=0.32 total_ms=13.65
v5_service device=0 lane=1 class=2 jobs=1 rows=1656 cells=171010 reach=93803 reverse=171010 table_mib=5.2 mutable_mib=64.0 max_job_mib=71.4 oldest_ms=154.12 pack_ms=2.84 solve_ms=13.70
v5_device jobs=50 rows=10788 cells=440432 direct=true graph_reused=false upload_ms=7.44 capture_ms=3.37 queue_ms=43.30 gpu_ms=0.01 unpack_ms=2.55 total_ms=56.68
v5_service device=1 lane=0 class=0 jobs=50 rows=10788 cells=440432 reach=272253 reverse=440432 table_mib=17.4 mutable_mib=344.0 max_job_mib=9.1 oldest_ms=78.45 pack_ms=8.29 solve_ms=56.73
v5_device jobs=54 rows=11473 cells=583348 direct=true graph_reused=false upload_ms=9.21 capture_ms=3.25 queue_ms=40.26 gpu_ms=0.00 unpack_ms=3.40 total_ms=56.12
v5_service device=1 lane=1 class=0 jobs=54 rows=11473 cells=583348 reach=341141 reverse=583348 table_mib=21.6 mutable_mib=392.0 max_job_mib=9.7 oldest_ms=79.07 pack_ms=10.12 solve_ms=56.16
v5_device jobs=71 rows=16006 cells=769705 direct=true graph_reused=false upload_ms=26.96 capture_ms=3.05 queue_ms=49.95 gpu_ms=0.02 unpack_ms=7.02 total_ms=87.00
v5_service device=0 lane=0 class=0 jobs=71 rows=16006 cells=769705 reach=459161 reverse=769705 table_mib=28.8 mutable_mib=504.0 max_job_mib=10.3 oldest_ms=146.52 pack_ms=18.17 solve_ms=87.05
v5_device jobs=11 rows=4431 cells=245079 direct=true graph_reused=false upload_ms=5.97 capture_ms=4.55 queue_ms=24.90 gpu_ms=0.01 unpack_ms=1.25 total_ms=36.67
v5_service device=1 lane=0 class=1 jobs=11 rows=4431 cells=245079 reach=162046 reverse=245079 table_mib=8.9 mutable_mib=176.0 max_job_mib=18.6 oldest_ms=150.63 pack_ms=6.66 solve_ms=36.73
v5_device jobs=14 rows=6545 cells=344993 direct=true graph_reused=false upload_ms=6.80 capture_ms=3.78 queue_ms=25.60 gpu_ms=0.01 unpack_ms=1.82 total_ms=38.01
v5_service device=1 lane=1 class=1 jobs=14 rows=6545 cells=344993 reach=227077 reverse=344993 table_mib=12.7 mutable_mib=240.0 max_job_mib=34.2 oldest_ms=151.28 pack_ms=7.18 solve_ms=38.06
v5_device jobs=2 rows=3465 cells=65869 direct=true graph_reused=false upload_ms=1.31 capture_ms=5.65 queue_ms=6.08 gpu_ms=0.01 unpack_ms=0.46 total_ms=13.51
v5_service device=1 lane=0 class=2 jobs=2 rows=3465 cells=65869 reach=47119 reverse=65869 table_mib=3.2 mutable_mib=128.0 max_job_mib=67.2 oldest_ms=180.59 pack_ms=2.23 solve_ms=13.56
v5_device jobs=39 rows=8364 cells=445423 direct=true graph_reused=false upload_ms=7.52 capture_ms=3.46 queue_ms=21.38 gpu_ms=0.01 unpack_ms=2.19 total_ms=34.56
v5_service device=0 lane=1 class=0 jobs=39 rows=8364 cells=445423 reach=254665 reverse=445423 table_mib=16.2 mutable_mib=264.0 max_job_mib=9.7 oldest_ms=82.77 pack_ms=11.60 solve_ms=34.61
v5_device jobs=8 rows=3472 cells=189941 direct=true graph_reused=false upload_ms=2.36 capture_ms=3.27 queue_ms=12.94 gpu_ms=0.01 unpack_ms=0.95 total_ms=19.52
v5_service device=0 lane=1 class=1 jobs=8 rows=3472 cells=189941 reach=121589 reverse=189941 table_mib=7.0 mutable_mib=128.0 max_job_mib=17.7 oldest_ms=128.65 pack_ms=3.44 solve_ms=19.58
v5_device jobs=53 rows=11645 cells=564778 direct=true graph_reused=false upload_ms=18.59 capture_ms=3.30 queue_ms=30.69 gpu_ms=0.01 unpack_ms=3.16 total_ms=55.74
v5_service device=0 lane=0 class=0 jobs=53 rows=11645 cells=564778 reach=338254 reverse=564778 table_mib=21.0 mutable_mib=372.0 max_job_mib=9.5 oldest_ms=79.05 pack_ms=11.22 solve_ms=55.79
v5_device jobs=13 rows=5502 cells=310021 direct=true graph_reused=false upload_ms=3.79 capture_ms=3.23 queue_ms=31.54 gpu_ms=0.01 unpack_ms=1.61 total_ms=40.19
v5_service device=1 lane=0 class=1 jobs=13 rows=5502 cells=310021 reach=191712 reverse=310021 table_mib=11.2 mutable_mib=208.0 max_job_mib=17.9 oldest_ms=76.82 pack_ms=5.03 solve_ms=40.25
v5_device jobs=43 rows=10288 cells=511518 direct=true graph_reused=false upload_ms=7.57 capture_ms=3.17 queue_ms=35.07 gpu_ms=0.00 unpack_ms=2.97 total_ms=48.78
v5_service device=1 lane=1 class=0 jobs=43 rows=10288 cells=511518 reach=306576 reverse=511518 table_mib=19.1 mutable_mib=312.0 max_job_mib=9.4 oldest_ms=79.74 pack_ms=9.08 solve_ms=48.82
v5_device jobs=11 rows=5213 cells=286688 direct=true graph_reused=false upload_ms=10.10 capture_ms=3.68 queue_ms=16.67 gpu_ms=0.01 unpack_ms=1.38 total_ms=31.84
v5_service device=0 lane=0 class=1 jobs=11 rows=5213 cells=286688 reach=187255 reverse=286688 table_mib=10.4 mutable_mib=192.0 max_job_mib=34.2 oldest_ms=151.98 pack_ms=5.30 solve_ms=31.89
v5_device jobs=11 rows=4494 cells=277158 direct=true graph_reused=false upload_ms=4.06 capture_ms=3.48 queue_ms=16.65 gpu_ms=0.01 unpack_ms=1.23 total_ms=25.42
v5_service device=1 lane=1 class=1 jobs=11 rows=4494 cells=277158 reach=169998 reverse=277158 table_mib=9.9 mutable_mib=176.0 max_job_mib=18.7 oldest_ms=142.54 pack_ms=5.13 solve_ms=25.49
v5_device jobs=59 rows=12338 cells=639875 direct=true graph_reused=false upload_ms=11.70 capture_ms=3.56 queue_ms=32.00 gpu_ms=0.01 unpack_ms=3.44 total_ms=50.72
v5_service device=0 lane=1 class=0 jobs=59 rows=12338 cells=639875 reach=379288 reverse=639875 table_mib=23.8 mutable_mib=396.0 max_job_mib=9.4 oldest_ms=79.14 pack_ms=13.80 solve_ms=50.77
v5_device jobs=52 rows=11514 cells=548668 direct=true graph_reused=false upload_ms=9.01 capture_ms=3.33 queue_ms=31.55 gpu_ms=0.02 unpack_ms=3.70 total_ms=47.62
v5_service device=1 lane=0 class=0 jobs=52 rows=11514 cells=548668 reach=327938 reverse=548668 table_mib=21.0 mutable_mib=368.0 max_job_mib=9.3 oldest_ms=129.00 pack_ms=14.45 solve_ms=47.67
v5_device jobs=8 rows=3313 cells=204961 direct=true graph_reused=false upload_ms=2.83 capture_ms=3.64 queue_ms=12.16 gpu_ms=0.01 unpack_ms=0.96 total_ms=19.60
v5_service device=0 lane=1 class=1 jobs=8 rows=3313 cells=204961 reach=126445 reverse=204961 table_mib=7.2 mutable_mib=128.0 max_job_mib=18.0 oldest_ms=152.36 pack_ms=4.69 solve_ms=19.65
v5_device jobs=41 rows=9211 cells=492435 direct=true graph_reused=false upload_ms=14.39 capture_ms=3.18 queue_ms=24.64 gpu_ms=0.01 unpack_ms=2.30 total_ms=44.51
v5_service device=0 lane=0 class=0 jobs=41 rows=9211 cells=492435 reach=290908 reverse=492435 table_mib=18.1 mutable_mib=284.0 max_job_mib=9.6 oldest_ms=78.00 pack_ms=7.99 solve_ms=44.56
v5_device jobs=52 rows=11545 cells=577700 direct=true graph_reused=false upload_ms=7.96 capture_ms=3.00 queue_ms=30.20 gpu_ms=0.01 unpack_ms=3.43 total_ms=44.59
v5_service device=1 lane=1 class=0 jobs=52 rows=11545 cells=577700 reach=338232 reverse=577700 table_mib=21.5 mutable_mib=372.0 max_job_mib=9.2 oldest_ms=78.65 pack_ms=9.33 solve_ms=44.65
v5_device jobs=8 rows=3413 cells=160154 direct=true graph_reused=false upload_ms=2.37 capture_ms=3.28 queue_ms=12.98 gpu_ms=0.01 unpack_ms=0.90 total_ms=19.54
v5_service device=0 lane=0 class=1 jobs=8 rows=3413 cells=160154 reach=105894 reverse=160154 table_mib=6.1 mutable_mib=128.0 max_job_mib=18.1 oldest_ms=132.58 pack_ms=3.06 solve_ms=19.60
v5_device jobs=15 rows=6493 cells=293097 direct=true graph_reused=false upload_ms=4.98 capture_ms=3.71 queue_ms=17.72 gpu_ms=0.01 unpack_ms=1.44 total_ms=27.85
v5_service device=0 lane=1 class=1 jobs=15 rows=6493 cells=293097 reach=182623 reverse=293097 table_mib=11.0 mutable_mib=240.0 max_job_mib=18.1 oldest_ms=77.36 pack_ms=5.89 solve_ms=27.90
v5_device jobs=12 rows=5599 cells=377311 direct=true graph_reused=false upload_ms=4.92 capture_ms=4.22 queue_ms=29.32 gpu_ms=0.01 unpack_ms=1.76 total_ms=40.23
v5_service device=1 lane=1 class=1 jobs=12 rows=5599 cells=377311 reach=246299 reverse=377311 table_mib=13.2 mutable_mib=224.0 max_job_mib=34.8 oldest_ms=129.68 pack_ms=8.87 solve_ms=40.29
v5_device jobs=59 rows=12508 cells=576998 direct=true graph_reused=false upload_ms=12.68 capture_ms=3.63 queue_ms=43.37 gpu_ms=0.01 unpack_ms=3.68 total_ms=63.37
v5_service device=1 lane=0 class=0 jobs=59 rows=12508 cells=576998 reach=349173 reverse=576998 table_mib=22.2 mutable_mib=412.0 max_job_mib=9.6 oldest_ms=79.46 pack_ms=14.10 solve_ms=63.41
v5_device jobs=11 rows=4308 cells=305451 direct=true graph_reused=false upload_ms=4.02 capture_ms=5.61 queue_ms=13.18 gpu_ms=0.01 unpack_ms=1.25 total_ms=24.07
v5_service device=1 lane=0 class=1 jobs=11 rows=4308 cells=305451 reach=183367 reverse=305451 table_mib=10.5 mutable_mib=176.0 max_job_mib=18.5 oldest_ms=165.63 pack_ms=7.29 solve_ms=24.12
v5_device jobs=79 rows=16655 cells=778595 direct=true graph_reused=false upload_ms=16.43 capture_ms=3.62 queue_ms=39.55 gpu_ms=0.01 unpack_ms=4.44 total_ms=64.05
v5_service device=0 lane=1 class=0 jobs=79 rows=16655 cells=778595 reach=469895 reverse=778595 table_mib=29.6 mutable_mib=560.0 max_job_mib=9.5 oldest_ms=119.54 pack_ms=15.17 solve_ms=64.10
v5_device jobs=47 rows=10278 cells=519063 direct=true graph_reused=false upload_ms=16.27 capture_ms=3.09 queue_ms=26.59 gpu_ms=0.01 unpack_ms=2.80 total_ms=48.76
v5_service device=0 lane=0 class=0 jobs=47 rows=10278 cells=519063 reach=306872 reverse=519063 table_mib=19.3 mutable_mib=328.0 max_job_mib=9.3 oldest_ms=77.98 pack_ms=8.54 solve_ms=48.82
v5_device jobs=9 rows=3793 cells=183182 direct=true graph_reused=false upload_ms=2.67 capture_ms=3.43 queue_ms=12.70 gpu_ms=0.01 unpack_ms=0.85 total_ms=19.65
v5_service device=0 lane=0 class=1 jobs=9 rows=3793 cells=183182 reach=120045 reverse=183182 table_mib=6.8 mutable_mib=144.0 max_job_mib=17.6 oldest_ms=137.44 pack_ms=3.49 solve_ms=19.71
v5_device jobs=41 rows=9458 cells=425755 direct=true graph_reused=false upload_ms=8.69 capture_ms=4.16 queue_ms=22.60 gpu_ms=0.01 unpack_ms=2.65 total_ms=38.11
v5_service device=1 lane=1 class=0 jobs=41 rows=9458 cells=425755 reach=263956 reverse=425755 table_mib=16.3 mutable_mib=288.0 max_job_mib=9.4 oldest_ms=80.95 pack_ms=10.65 solve_ms=38.16
v5_device jobs=5 rows=2168 cells=117560 direct=true graph_reused=false upload_ms=1.34 capture_ms=4.39 queue_ms=16.26 gpu_ms=0.01 unpack_ms=0.63 total_ms=22.63
v5_service device=1 lane=1 class=1 jobs=5 rows=2168 cells=117560 reach=75155 reverse=117560 table_mib=4.3 mutable_mib=80.0 max_job_mib=17.5 oldest_ms=120.18 pack_ms=2.47 solve_ms=22.69
v5_device jobs=35 rows=7128 cells=367370 direct=true graph_reused=false upload_ms=5.07 capture_ms=3.78 queue_ms=22.99 gpu_ms=0.01 unpack_ms=1.94 total_ms=33.78
v5_service device=1 lane=0 class=0 jobs=35 rows=7128 cells=367370 reach=208263 reverse=367370 table_mib=13.5 mutable_mib=240.0 max_job_mib=9.4 oldest_ms=78.42 pack_ms=6.40 solve_ms=33.83
v5_device jobs=10 rows=4358 cells=278817 direct=true graph_reused=false upload_ms=4.02 capture_ms=3.48 queue_ms=15.17 gpu_ms=0.01 unpack_ms=1.36 total_ms=24.04
v5_service device=1 lane=0 class=1 jobs=10 rows=4358 cells=278817 reach=167639 reverse=278817 table_mib=9.8 mutable_mib=160.0 max_job_mib=18.8 oldest_ms=124.09 pack_ms=5.49 solve_ms=24.10
v5_device jobs=56 rows=11581 cells=653529 direct=true graph_reused=false upload_ms=12.20 capture_ms=5.99 queue_ms=28.21 gpu_ms=0.01 unpack_ms=3.39 total_ms=49.81
v5_service device=0 lane=1 class=0 jobs=56 rows=11581 cells=653529 reach=374585 reverse=653529 table_mib=23.6 mutable_mib=388.0 max_job_mib=9.3 oldest_ms=80.24 pack_ms=11.21 solve_ms=49.86
v5_device jobs=5 rows=2383 cells=101363 direct=true graph_reused=false upload_ms=1.50 capture_ms=5.31 queue_ms=33.95 gpu_ms=0.01 unpack_ms=0.51 total_ms=41.29
v5_service device=0 lane=1 class=1 jobs=5 rows=2383 cells=101363 reach=68230 reverse=101363 table_mib=3.8 mutable_mib=96.0 max_job_mib=33.1 oldest_ms=147.01 pack_ms=2.69 solve_ms=41.34
v5_device jobs=45 rows=9506 cells=665821 direct=true graph_reused=false upload_ms=22.56 capture_ms=3.31 queue_ms=28.94 gpu_ms=0.00 unpack_ms=2.84 total_ms=57.66
v5_service device=0 lane=0 class=0 jobs=45 rows=9506 cells=665821 reach=371995 reverse=665821 table_mib=23.1 mutable_mib=320.0 max_job_mib=9.7 oldest_ms=77.79 pack_ms=10.70 solve_ms=57.70
v5_device jobs=8 rows=3586 cells=235608 direct=true graph_reused=false upload_ms=2.74 capture_ms=3.34 queue_ms=14.07 gpu_ms=0.01 unpack_ms=1.00 total_ms=21.16
v5_service device=0 lane=0 class=1 jobs=8 rows=3586 cells=235608 reach=146443 reverse=235608 table_mib=8.2 mutable_mib=128.0 max_job_mib=18.4 oldest_ms=145.64 pack_ms=3.91 solve_ms=21.21
v5_device jobs=56 rows=11744 cells=531097 direct=true graph_reused=false upload_ms=7.93 capture_ms=3.45 queue_ms=29.78 gpu_ms=0.01 unpack_ms=3.40 total_ms=44.58
v5_service device=1 lane=1 class=0 jobs=56 rows=11744 cells=531097 reach=320055 reverse=531097 table_mib=20.4 mutable_mib=388.0 max_job_mib=9.8 oldest_ms=78.66 pack_ms=10.07 solve_ms=44.63
v5_device jobs=12 rows=5607 cells=241367 direct=true graph_reused=false upload_ms=3.37 capture_ms=3.86 queue_ms=26.98 gpu_ms=0.01 unpack_ms=1.29 total_ms=35.50
v5_service device=1 lane=1 class=1 jobs=12 rows=5607 cells=241367 reach=152883 reverse=241367 table_mib=9.3 mutable_mib=224.0 max_job_mib=32.9 oldest_ms=139.75 pack_ms=5.56 solve_ms=35.56
v5_device jobs=50 rows=10748 cells=642906 direct=true graph_reused=false upload_ms=11.66 capture_ms=3.69 queue_ms=36.93 gpu_ms=0.02 unpack_ms=3.46 total_ms=55.76
v5_service device=1 lane=0 class=0 jobs=50 rows=10748 cells=642906 reach=372270 reverse=642906 table_mib=22.8 mutable_mib=356.0 max_job_mib=9.5 oldest_ms=79.16 pack_ms=10.43 solve_ms=55.81
v5_device jobs=15 rows=6346 cells=375140 direct=true graph_reused=false upload_ms=5.28 capture_ms=3.45 queue_ms=19.65 gpu_ms=0.01 unpack_ms=1.75 total_ms=30.14
v5_service device=1 lane=0 class=1 jobs=15 rows=6346 cells=375140 reach=240768 reverse=375140 table_mib=13.6 mutable_mib=240.0 max_job_mib=18.3 oldest_ms=147.32 pack_ms=7.00 solve_ms=30.19
v5_device jobs=54 rows=12375 cells=499249 direct=true graph_reused=false upload_ms=11.29 capture_ms=3.62 queue_ms=33.74 gpu_ms=0.01 unpack_ms=3.71 total_ms=52.36
v5_service device=0 lane=1 class=0 jobs=54 rows=12375 cells=499249 reach=306224 reverse=499249 table_mib=19.8 mutable_mib=392.0 max_job_mib=9.9 oldest_ms=79.48 pack_ms=10.90 solve_ms=52.43
v5_device jobs=45 rows=8914 cells=448933 direct=true graph_reused=false upload_ms=13.53 capture_ms=3.47 queue_ms=22.97 gpu_ms=0.01 unpack_ms=2.22 total_ms=42.19
v5_service device=0 lane=0 class=0 jobs=45 rows=8914 cells=448933 reach=263149 reverse=448933 table_mib=16.6 mutable_mib=296.0 max_job_mib=9.4 oldest_ms=78.25 pack_ms=7.10 solve_ms=42.25
v5_device jobs=8 rows=3296 cells=210222 direct=true graph_reused=false upload_ms=2.52 capture_ms=3.32 queue_ms=13.37 gpu_ms=0.01 unpack_ms=1.11 total_ms=20.32
v5_service device=0 lane=1 class=1 jobs=8 rows=3296 cells=210222 reach=136916 reverse=210222 table_mib=7.5 mutable_mib=128.0 max_job_mib=18.5 oldest_ms=150.41 pack_ms=4.22 solve_ms=20.37
v5_device jobs=1 rows=1602 cells=20082 direct=true graph_reused=false upload_ms=0.45 capture_ms=3.95 queue_ms=7.38 gpu_ms=0.00 unpack_ms=0.09 total_ms=11.88
v5_service device=0 lane=1 class=2 jobs=1 rows=1602 cells=20082 reach=18096 reverse=20082 table_mib=1.2 mutable_mib=64.0 max_job_mib=65.8 oldest_ms=151.05 pack_ms=0.70 solve_ms=11.92
v5_device jobs=6 rows=3433 cells=137906 direct=true graph_reused=false upload_ms=2.00 capture_ms=3.50 queue_ms=13.19 gpu_ms=0.00 unpack_ms=0.73 total_ms=19.42
v5_service device=0 lane=0 class=1 jobs=6 rows=3433 cells=137906 reach=94241 reverse=137906 table_mib=5.3 mutable_mib=112.0 max_job_mib=33.4 oldest_ms=131.64 pack_ms=2.64 solve_ms=19.46
v5_device jobs=55 rows=12269 cells=588399 direct=true graph_reused=false upload_ms=10.43 capture_ms=3.37 queue_ms=30.77 gpu_ms=0.01 unpack_ms=3.73 total_ms=48.31
v5_service device=1 lane=1 class=0 jobs=55 rows=12269 cells=588399 reach=352318 reverse=588399 table_mib=22.3 mutable_mib=392.0 max_job_mib=9.5 oldest_ms=78.68 pack_ms=13.94 solve_ms=48.37
v5_device jobs=12 rows=5133 cells=242639 direct=true graph_reused=false upload_ms=3.40 capture_ms=3.73 queue_ms=19.35 gpu_ms=0.01 unpack_ms=1.26 total_ms=27.75
v5_service device=1 lane=1 class=1 jobs=12 rows=5133 cells=242639 reach=162444 reverse=242639 table_mib=9.2 mutable_mib=192.0 max_job_mib=18.1 oldest_ms=146.81 pack_ms=5.28 solve_ms=27.80
v5_device jobs=56 rows=11819 cells=476093 direct=true graph_reused=false upload_ms=6.73 capture_ms=4.91 queue_ms=38.91 gpu_ms=0.01 unpack_ms=2.89 total_ms=53.44
v5_service device=1 lane=0 class=0 jobs=56 rows=11819 cells=476093 reach=293731 reverse=476093 table_mib=18.7 mutable_mib=382.0 max_job_mib=9.6 oldest_ms=77.62 pack_ms=8.13 solve_ms=53.51
v5_device jobs=13 rows=6437 cells=348803 direct=true graph_reused=false upload_ms=5.10 capture_ms=3.54 queue_ms=19.89 gpu_ms=0.02 unpack_ms=1.62 total_ms=30.16
v5_service device=1 lane=0 class=1 jobs=13 rows=6437 cells=348803 reach=225741 reverse=348803 table_mib=12.8 mutable_mib=224.0 max_job_mib=34.0 oldest_ms=146.30 pack_ms=6.95 solve_ms=30.21
v5_device jobs=50 rows=10470 cells=497006 direct=true graph_reused=false upload_ms=8.48 capture_ms=3.42 queue_ms=44.06 gpu_ms=0.01 unpack_ms=2.83 total_ms=58.80
v5_service device=0 lane=1 class=0 jobs=50 rows=10470 cells=497006 reach=299287 reverse=497006 table_mib=18.8 mutable_mib=344.0 max_job_mib=9.7 oldest_ms=78.45 pack_ms=11.03 solve_ms=58.85
v5_device jobs=48 rows=9923 cells=461560 direct=true graph_reused=false upload_ms=16.49 capture_ms=3.44 queue_ms=34.11 gpu_ms=0.00 unpack_ms=2.70 total_ms=56.74
v5_service device=0 lane=0 class=0 jobs=48 rows=9923 cells=461560 reach=275110 reverse=461560 table_mib=17.5 mutable_mib=312.0 max_job_mib=9.3 oldest_ms=80.67 pack_ms=9.57 solve_ms=56.78
v5_device jobs=7 rows=2713 cells=151655 direct=true graph_reused=false upload_ms=2.06 capture_ms=3.66 queue_ms=17.06 gpu_ms=0.01 unpack_ms=0.83 total_ms=23.62
v5_service device=0 lane=0 class=1 jobs=7 rows=2713 cells=151655 reach=98049 reverse=151655 table_mib=5.7 mutable_mib=112.0 max_job_mib=18.1 oldest_ms=151.74 pack_ms=3.07 solve_ms=23.66
v5_device jobs=6 rows=2850 cells=109706 direct=true graph_reused=false upload_ms=1.85 capture_ms=5.71 queue_ms=13.38 gpu_ms=0.01 unpack_ms=0.72 total_ms=21.68
v5_service device=0 lane=1 class=1 jobs=6 rows=2850 cells=109706 reach=75306 reverse=109706 table_mib=4.5 mutable_mib=96.0 max_job_mib=17.7 oldest_ms=153.07 pack_ms=3.25 solve_ms=21.76
v5_device jobs=48 rows=10488 cells=501760 direct=true graph_reused=false upload_ms=8.11 capture_ms=3.47 queue_ms=25.80 gpu_ms=0.01 unpack_ms=2.64 total_ms=40.02
v5_service device=1 lane=1 class=0 jobs=48 rows=10488 cells=501760 reach=300190 reverse=501760 table_mib=18.9 mutable_mib=344.0 max_job_mib=9.6 oldest_ms=79.96 pack_ms=12.46 solve_ms=40.08
v5_device jobs=12 rows=5098 cells=335401 direct=true graph_reused=false upload_ms=5.24 capture_ms=3.86 queue_ms=33.48 gpu_ms=0.01 unpack_ms=1.61 total_ms=44.20
v5_service device=1 lane=1 class=1 jobs=12 rows=5098 cells=335401 reach=199337 reverse=335401 table_mib=11.7 mutable_mib=208.0 max_job_mib=36.5 oldest_ms=138.52 pack_ms=6.65 solve_ms=44.26
v5_device jobs=51 rows=11506 cells=495150 direct=true graph_reused=false upload_ms=10.55 capture_ms=3.46 queue_ms=35.57 gpu_ms=0.01 unpack_ms=3.31 total_ms=52.91
v5_service device=1 lane=0 class=0 jobs=51 rows=11506 cells=495150 reach=299128 reverse=495150 table_mib=19.0 mutable_mib=372.0 max_job_mib=9.7 oldest_ms=79.16 pack_ms=12.13 solve_ms=52.97
v5_device jobs=12 rows=5100 cells=281614 direct=true graph_reused=false upload_ms=3.97 capture_ms=3.78 queue_ms=24.85 gpu_ms=0.01 unpack_ms=1.44 total_ms=34.06
v5_service device=0 lane=1 class=1 jobs=12 rows=5100 cells=281614 reach=184832 reverse=281614 table_mib=10.2 mutable_mib=192.0 max_job_mib=18.8 oldest_ms=76.45 pack_ms=4.52 solve_ms=34.14
v5_device jobs=13 rows=5970 cells=279645 direct=true graph_reused=false upload_ms=4.71 capture_ms=3.57 queue_ms=25.05 gpu_ms=0.00 unpack_ms=1.67 total_ms=35.01
v5_service device=0 lane=0 class=1 jobs=13 rows=5970 cells=279645 reach=185065 reverse=279645 table_mib=10.5 mutable_mib=224.0 max_job_mib=33.2 oldest_ms=76.38 pack_ms=4.66 solve_ms=35.06
v5_device jobs=6 rows=2555 cells=157799 direct=true graph_reused=false upload_ms=2.44 capture_ms=3.64 queue_ms=10.80 gpu_ms=0.01 unpack_ms=0.73 total_ms=17.61
v5_service device=1 lane=0 class=1 jobs=6 rows=2555 cells=157799 reach=104375 reverse=157799 table_mib=5.6 mutable_mib=96.0 max_job_mib=18.0 oldest_ms=150.83 pack_ms=4.01 solve_ms=17.67
v5_device jobs=71 rows=14889 cells=554724 direct=true graph_reused=false upload_ms=9.99 capture_ms=3.27 queue_ms=35.60 gpu_ms=0.02 unpack_ms=3.12 total_ms=52.01
v5_service device=0 lane=1 class=0 jobs=71 rows=14889 cells=554724 reach=346724 reverse=554724 table_mib=22.4 mutable_mib=484.0 max_job_mib=9.1 oldest_ms=122.28 pack_ms=12.43 solve_ms=52.06
{"phase": "live", "seconds": 20.122, "solves": 21504, "solves_per_s": 1068.7, "oversize_routes": 0, "card_exclusive_routes": 0}
v5_device jobs=43 rows=9405 cells=497851 direct=true graph_reused=false upload_ms=6.48 capture_ms=3.19 queue_ms=26.88 gpu_ms=0.02 unpack_ms=3.16 total_ms=39.73
v5_service device=1 lane=1 class=0 jobs=43 rows=9405 cells=497851 reach=289528 reverse=497851 table_mib=18.5 mutable_mib=308.0 max_job_mib=9.6 oldest_ms=78.12 pack_ms=9.10 solve_ms=39.80
v5_device jobs=2 rows=3188 cells=278566 direct=true graph_reused=false upload_ms=3.66 capture_ms=5.34 queue_ms=15.22 gpu_ms=0.01 unpack_ms=0.91 total_ms=25.13
v5_service device=0 lane=1 class=2 jobs=2 rows=3188 cells=278566 reach=161654 reverse=278566 table_mib=8.8 mutable_mib=128.0 max_job_mib=70.8 oldest_ms=178.54 pack_ms=5.89 solve_ms=25.19
v5_device jobs=83 rows=18079 cells=887928 direct=true graph_reused=false upload_ms=28.88 capture_ms=3.18 queue_ms=68.58 gpu_ms=0.01 unpack_ms=5.79 total_ms=106.44
v5_service device=0 lane=0 class=0 jobs=83 rows=18079 cells=887928 reach=533669 reverse=887928 table_mib=33.1 mutable_mib=582.0 max_job_mib=9.4 oldest_ms=123.92 pack_ms=21.52 solve_ms=106.49
v5_device jobs=11 rows=5045 cells=348888 direct=true graph_reused=false upload_ms=4.63 capture_ms=3.68 queue_ms=27.46 gpu_ms=0.01 unpack_ms=2.01 total_ms=37.80
v5_service device=1 lane=1 class=1 jobs=11 rows=5045 cells=348888 reach=222221 reverse=348888 table_mib=12.2 mutable_mib=176.0 max_job_mib=18.7 oldest_ms=130.63 pack_ms=7.59 solve_ms=37.86
v5_device jobs=46 rows=9587 cells=481893 direct=true graph_reused=false upload_ms=8.37 capture_ms=3.81 queue_ms=39.62 gpu_ms=0.01 unpack_ms=3.57 total_ms=55.39
v5_service device=1 lane=0 class=0 jobs=46 rows=9587 cells=481893 reach=283058 reverse=481893 table_mib=18.0 mutable_mib=324.0 max_job_mib=9.7 oldest_ms=82.11 pack_ms=12.06 solve_ms=55.46
v5_device jobs=12 rows=7713 cells=415375 direct=true graph_reused=false upload_ms=6.55 capture_ms=3.69 queue_ms=22.42 gpu_ms=0.01 unpack_ms=2.00 total_ms=34.67
v5_service device=1 lane=0 class=1 jobs=12 rows=7713 cells=415375 reach=278740 reverse=415375 table_mib=15.2 mutable_mib=256.0 max_job_mib=36.5 oldest_ms=158.19 pack_ms=7.93 solve_ms=34.72
v5_device jobs=52 rows=12511 cells=502212 direct=true graph_reused=false upload_ms=8.56 capture_ms=3.44 queue_ms=29.32 gpu_ms=0.01 unpack_ms=3.05 total_ms=44.39
v5_service device=0 lane=1 class=0 jobs=52 rows=12511 cells=502212 reach=320275 reverse=502212 table_mib=19.9 mutable_mib=388.0 max_job_mib=9.5 oldest_ms=78.73 pack_ms=9.78 solve_ms=44.45
v5_device jobs=55 rows=12219 cells=648485 direct=true graph_reused=false upload_ms=13.08 capture_ms=3.60 queue_ms=30.77 gpu_ms=0.01 unpack_ms=3.79 total_ms=51.26
v5_service device=1 lane=1 class=0 jobs=55 rows=12219 cells=648485 reach=393643 reverse=648485 table_mib=23.7 mutable_mib=388.0 max_job_mib=9.5 oldest_ms=78.88 pack_ms=11.63 solve_ms=51.32
v5_device jobs=11 rows=4833 cells=313871 direct=true graph_reused=false upload_ms=3.65 capture_ms=3.39 queue_ms=26.95 gpu_ms=0.01 unpack_ms=1.79 total_ms=35.79
v5_service device=0 lane=1 class=1 jobs=11 rows=4833 cells=313871 reach=206548 reverse=313871 table_mib=11.0 mutable_mib=176.0 max_job_mib=18.7 oldest_ms=141.50 pack_ms=5.77 solve_ms=35.87
v5_device jobs=52 rows=11381 cells=607835 direct=true graph_reused=false upload_ms=20.71 capture_ms=3.65 queue_ms=40.66 gpu_ms=0.01 unpack_ms=3.28 total_ms=68.31
v5_service device=0 lane=0 class=0 jobs=52 rows=11381 cells=607835 reach=358124 reverse=607835 table_mib=22.2 mutable_mib=350.0 max_job_mib=9.5 oldest_ms=77.24 pack_ms=9.66 solve_ms=68.35
v5_device jobs=12 rows=5051 cells=292178 direct=true graph_reused=false upload_ms=4.00 capture_ms=3.48 queue_ms=16.65 gpu_ms=0.01 unpack_ms=1.39 total_ms=25.54
v5_service device=0 lane=0 class=1 jobs=12 rows=5051 cells=292178 reach=190216 reverse=292178 table_mib=10.5 mutable_mib=192.0 max_job_mib=18.6 oldest_ms=161.94 pack_ms=5.55 solve_ms=25.60
v5_device jobs=8 rows=3877 cells=191227 direct=true graph_reused=false upload_ms=2.90 capture_ms=3.65 queue_ms=24.10 gpu_ms=0.01 unpack_ms=1.19 total_ms=31.86
v5_service device=1 lane=1 class=1 jobs=8 rows=3877 cells=191227 reach=121992 reverse=191227 table_mib=7.2 mutable_mib=128.0 max_job_mib=17.8 oldest_ms=142.64 pack_ms=4.17 solve_ms=31.91
v5_device jobs=48 rows=10333 cells=424409 direct=true graph_reused=false upload_ms=9.38 capture_ms=5.30 queue_ms=27.43 gpu_ms=0.01 unpack_ms=2.77 total_ms=44.89
v5_service device=1 lane=0 class=0 jobs=48 rows=10333 cells=424409 reach=256946 reverse=424409 table_mib=16.6 mutable_mib=332.0 max_job_mib=9.1 oldest_ms=78.08 pack_ms=7.79 solve_ms=44.94
v5_device jobs=4 rows=1748 cells=122522 direct=true graph_reused=false upload_ms=1.42 capture_ms=4.45 queue_ms=7.96 gpu_ms=0.01 unpack_ms=0.53 total_ms=14.38
v5_service device=1 lane=0 class=1 jobs=4 rows=1748 cells=122522 reach=79822 reverse=122522 table_mib=4.2 mutable_mib=64.0 max_job_mib=18.7 oldest_ms=133.84 pack_ms=2.22 solve_ms=14.43
v5_device jobs=1 rows=9218 cells=99700 direct=true graph_reused=false upload_ms=3.26 capture_ms=3.52 queue_ms=20.28 gpu_ms=0.01 unpack_ms=0.67 total_ms=27.72
v5_service device=1 lane=0 class=2 jobs=1 rows=9218 cells=99700 reach=96979 reverse=99700 table_mib=7.3 mutable_mib=256.0 max_job_mib=269.7 oldest_ms=133.14 pack_ms=4.04 solve_ms=27.78
v5_device jobs=48 rows=10189 cells=424811 direct=true graph_reused=false upload_ms=6.10 capture_ms=3.16 queue_ms=24.95 gpu_ms=0.01 unpack_ms=2.39 total_ms=36.60
v5_service device=0 lane=1 class=0 jobs=48 rows=10189 cells=424811 reach=260245 reverse=424811 table_mib=16.6 mutable_mib=328.0 max_job_mib=9.5 oldest_ms=77.70 pack_ms=7.46 solve_ms=36.66
v5_device jobs=39 rows=8067 cells=394178 direct=true graph_reused=false upload_ms=6.76 capture_ms=3.71 queue_ms=20.92 gpu_ms=0.01 unpack_ms=2.11 total_ms=33.51
v5_service device=1 lane=1 class=0 jobs=39 rows=8067 cells=394178 reach=238835 reverse=394178 table_mib=14.8 mutable_mib=276.0 max_job_mib=9.3 oldest_ms=79.60 pack_ms=8.65 solve_ms=33.57
v5_device jobs=11 rows=4618 cells=315104 direct=true graph_reused=false upload_ms=4.09 capture_ms=3.31 queue_ms=37.50 gpu_ms=0.01 unpack_ms=1.58 total_ms=46.49
v5_service device=0 lane=1 class=1 jobs=11 rows=4618 cells=315104 reach=195522 reverse=315104 table_mib=11.0 mutable_mib=192.0 max_job_mib=32.9 oldest_ms=128.72 pack_ms=6.06 solve_ms=46.55
v5_device jobs=47 rows=9935 cells=524358 direct=true graph_reused=false upload_ms=19.07 capture_ms=3.19 queue_ms=32.13 gpu_ms=0.01 unpack_ms=2.97 total_ms=57.37
v5_service device=0 lane=0 class=0 jobs=47 rows=9935 cells=524358 reach=307420 reverse=524358 table_mib=19.4 mutable_mib=316.0 max_job_mib=9.7 oldest_ms=78.25 pack_ms=9.73 solve_ms=57.41
v5_device jobs=8 rows=3697 cells=259779 direct=true graph_reused=false upload_ms=3.51 capture_ms=3.99 queue_ms=14.30 gpu_ms=0.01 unpack_ms=1.59 total_ms=23.42
v5_service device=1 lane=1 class=1 jobs=8 rows=3697 cells=259779 reach=155023 reverse=259779 table_mib=9.0 mutable_mib=128.0 max_job_mib=18.7 oldest_ms=128.17 pack_ms=5.70 solve_ms=23.48
v5_device jobs=7 rows=3098 cells=150748 direct=true graph_reused=false upload_ms=2.02 capture_ms=3.48 queue_ms=11.38 gpu_ms=0.01 unpack_ms=0.78 total_ms=17.68
v5_service device=0 lane=0 class=1 jobs=7 rows=3098 cells=150748 reach=99030 reverse=150748 table_mib=5.6 mutable_mib=112.0 max_job_mib=17.9 oldest_ms=147.37 pack_ms=3.13 solve_ms=17.75
v5_device jobs=56 rows=12175 cells=594102 direct=true graph_reused=false upload_ms=12.23 capture_ms=3.63 queue_ms=30.60 gpu_ms=0.01 unpack_ms=3.01 total_ms=49.48
v5_service device=1 lane=0 class=0 jobs=56 rows=12175 cells=594102 reach=350519 reverse=598041 table_mib=22.2 mutable_mib=388.0 max_job_mib=10.2 oldest_ms=81.56 pack_ms=14.93 solve_ms=49.53
v5_device jobs=1 rows=2822 cells=156742 direct=true graph_reused=false upload_ms=1.97 capture_ms=3.51 queue_ms=8.02 gpu_ms=0.01 unpack_ms=0.39 total_ms=13.90
v5_service device=1 lane=0 class=2 jobs=1 rows=2822 cells=156742 reach=112010 reverse=156742 table_mib=5.3 mutable_mib=128.0 max_job_mib=135.5 oldest_ms=149.70 pack_ms=3.17 solve_ms=13.95
v5_device jobs=4 rows=1796 cells=122119 direct=true graph_reused=false upload_ms=1.39 capture_ms=4.32 queue_ms=7.58 gpu_ms=0.01 unpack_ms=0.51 total_ms=13.81
v5_service device=1 lane=0 class=1 jobs=4 rows=1796 cells=122119 reach=70167 reverse=122119 table_mib=4.2 mutable_mib=64.0 max_job_mib=18.1 oldest_ms=164.25 pack_ms=2.28 solve_ms=13.87
v5_device jobs=39 rows=7959 cells=362702 direct=true graph_reused=false upload_ms=5.16 capture_ms=3.21 queue_ms=21.99 gpu_ms=0.01 unpack_ms=2.01 total_ms=32.38
v5_service device=0 lane=1 class=0 jobs=39 rows=7959 cells=362702 reach=220004 reverse=365117 table_mib=14.1 mutable_mib=264.0 max_job_mib=9.4 oldest_ms=79.16 pack_ms=6.92 solve_ms=32.44
v5_device jobs=42 rows=9177 cells=424915 direct=true graph_reused=false upload_ms=6.05 capture_ms=3.90 queue_ms=25.10 gpu_ms=0.01 unpack_ms=2.58 total_ms=37.64
v5_service device=1 lane=1 class=0 jobs=42 rows=9177 cells=424915 reach=268609 reverse=432843 table_mib=16.6 mutable_mib=300.0 max_job_mib=9.4 oldest_ms=78.21 pack_ms=9.31 solve_ms=37.70
v5_device jobs=7 rows=2860 cells=204006 direct=true graph_reused=false upload_ms=2.34 capture_ms=3.32 queue_ms=37.10 gpu_ms=0.01 unpack_ms=0.94 total_ms=43.71
v5_service device=0 lane=1 class=1 jobs=7 rows=2860 cells=204006 reach=121521 reverse=204006 table_mib=7.0 mutable_mib=112.0 max_job_mib=18.0 oldest_ms=122.45 pack_ms=3.31 solve_ms=43.77
v5_device jobs=48 rows=10242 cells=563172 direct=true graph_reused=false upload_ms=21.88 capture_ms=3.43 queue_ms=31.20 gpu_ms=0.01 unpack_ms=3.01 total_ms=59.53
v5_service device=0 lane=0 class=0 jobs=48 rows=10242 cells=563172 reach=331588 reverse=572894 table_mib=20.9 mutable_mib=336.0 max_job_mib=9.5 oldest_ms=77.59 pack_ms=10.28 solve_ms=59.58
v5_device jobs=14 rows=5742 cells=299347 direct=true graph_reused=false upload_ms=4.41 capture_ms=4.02 queue_ms=18.01 gpu_ms=0.01 unpack_ms=1.84 total_ms=28.30
v5_service device=1 lane=1 class=1 jobs=14 rows=5742 cells=299347 reach=204762 reverse=307467 table_mib=11.2 mutable_mib=224.0 max_job_mib=18.1 oldest_ms=130.33 pack_ms=6.68 solve_ms=28.35
v5_device jobs=7 rows=2969 cells=168200 direct=true graph_reused=false upload_ms=2.19 capture_ms=3.51 queue_ms=12.02 gpu_ms=0.01 unpack_ms=0.84 total_ms=18.57
v5_service device=0 lane=0 class=1 jobs=7 rows=2969 cells=168200 reach=103405 reverse=168200 table_mib=6.1 mutable_mib=112.0 max_job_mib=18.1 oldest_ms=148.38 pack_ms=3.32 solve_ms=18.64
v5_device jobs=53 rows=11471 cells=484843 direct=true graph_reused=false upload_ms=10.82 capture_ms=3.98 queue_ms=27.75 gpu_ms=0.01 unpack_ms=2.60 total_ms=45.17
v5_service device=1 lane=0 class=0 jobs=53 rows=11471 cells=484843 reach=315702 reverse=514493 table_mib=19.5 mutable_mib=360.0 max_job_mib=9.4 oldest_ms=79.82 pack_ms=12.58 solve_ms=45.23
v5_device jobs=8 rows=3504 cells=225722 direct=true graph_reused=false upload_ms=3.00 capture_ms=3.54 queue_ms=12.12 gpu_ms=0.01 unpack_ms=1.01 total_ms=19.67
v5_service device=1 lane=0 class=1 jobs=8 rows=3504 cells=225722 reach=145724 reverse=225722 table_mib=7.9 mutable_mib=128.0 max_job_mib=17.9 oldest_ms=144.49 pack_ms=4.21 solve_ms=19.73
v5_device jobs=63 rows=12503 cells=477585 direct=true graph_reused=false upload_ms=10.52 capture_ms=3.42 queue_ms=31.59 gpu_ms=0.01 unpack_ms=2.58 total_ms=48.12
v5_service device=0 lane=1 class=0 jobs=63 rows=12503 cells=477585 reach=362394 reverse=560030 table_mib=21.2 mutable_mib=406.0 max_job_mib=9.5 oldest_ms=79.41 pack_ms=11.86 solve_ms=48.17
v5_device jobs=54 rows=12084 cells=459291 direct=true graph_reused=false upload_ms=9.50 capture_ms=3.91 queue_ms=30.63 gpu_ms=0.02 unpack_ms=2.78 total_ms=46.84
v5_service device=1 lane=1 class=0 jobs=54 rows=12084 cells=459291 reach=358480 reverse=558747 table_mib=20.8 mutable_mib=380.0 max_job_mib=9.7 oldest_ms=79.50 pack_ms=13.45 solve_ms=46.90
v5_device jobs=50 rows=9617 cells=315631 direct=true graph_reused=false upload_ms=13.04 capture_ms=3.07 queue_ms=25.00 gpu_ms=0.01 unpack_ms=1.77 total_ms=42.90
v5_service device=0 lane=0 class=0 jobs=50 rows=9617 cells=315631 reach=266336 reverse=394517 table_mib=15.1 mutable_mib=322.0 max_job_mib=9.1 oldest_ms=79.26 pack_ms=8.26 solve_ms=42.95
v5_device jobs=5 rows=2252 cells=88791 direct=true graph_reused=false upload_ms=1.62 capture_ms=4.78 queue_ms=8.42 gpu_ms=0.02 unpack_ms=0.52 total_ms=15.35
v5_service device=1 lane=1 class=1 jobs=5 rows=2252 cells=88791 reach=76432 reverse=102861 table_mib=3.8 mutable_mib=80.0 max_job_mib=18.0 oldest_ms=135.86 pack_ms=2.50 solve_ms=15.41
v5_device jobs=12 rows=5464 cells=191550 direct=true graph_reused=false upload_ms=3.44 capture_ms=5.59 queue_ms=18.23 gpu_ms=0.01 unpack_ms=1.32 total_ms=28.60
v5_service device=0 lane=1 class=1 jobs=12 rows=5464 cells=191550 reach=144729 reverse=206991 table_mib=8.4 mutable_mib=192.0 max_job_mib=17.8 oldest_ms=144.44 pack_ms=4.37 solve_ms=28.65
v5_device jobs=7 rows=4320 cells=131798 direct=true graph_reused=false upload_ms=2.82 capture_ms=3.48 queue_ms=15.30 gpu_ms=0.01 unpack_ms=0.72 total_ms=22.34
v5_service device=0 lane=0 class=1 jobs=7 rows=4320 cells=131798 reach=111461 reverse=158386 table_mib=6.2 mutable_mib=160.0 max_job_mib=33.5 oldest_ms=134.57 pack_ms=3.71 solve_ms=22.41
v5_device jobs=67 rows=13727 cells=382654 direct=true graph_reused=false upload_ms=13.22 capture_ms=3.63 queue_ms=30.37 gpu_ms=0.01 unpack_ms=2.04 total_ms=49.26
v5_service device=1 lane=0 class=0 jobs=67 rows=13727 cells=382654 reach=376885 reverse=540400 table_mib=20.8 mutable_mib=436.0 max_job_mib=9.8 oldest_ms=77.53 pack_ms=13.74 solve_ms=49.31
v5_device jobs=12 rows=5011 cells=119738 direct=true graph_reused=false upload_ms=3.40 capture_ms=4.03 queue_ms=24.68 gpu_ms=0.01 unpack_ms=0.76 total_ms=32.87
v5_service device=1 lane=1 class=1 jobs=12 rows=5011 cells=119738 reach=151555 reverse=193478 table_mib=7.4 mutable_mib=192.0 max_job_mib=17.7 oldest_ms=77.51 pack_ms=5.08 solve_ms=32.92
v5_device jobs=18 rows=7771 cells=275487 direct=true graph_reused=false upload_ms=7.53 capture_ms=3.56 queue_ms=29.04 gpu_ms=0.01 unpack_ms=1.39 total_ms=41.51
v5_service device=1 lane=0 class=1 jobs=18 rows=7771 cells=275487 reach=270521 reverse=376421 table_mib=13.7 mutable_mib=288.0 max_job_mib=19.2 oldest_ms=147.15 pack_ms=8.42 solve_ms=41.55
v5_device jobs=82 rows=16306 cells=383122 direct=true graph_reused=false upload_ms=27.71 capture_ms=3.29 queue_ms=39.98 gpu_ms=0.01 unpack_ms=2.31 total_ms=73.29
v5_service device=0 lane=0 class=0 jobs=82 rows=16306 cells=383122 reach=442027 reverse=604989 table_mib=23.8 mutable_mib=500.0 max_job_mib=9.3 oldest_ms=76.96 pack_ms=13.72 solve_ms=73.35
v5_device jobs=70 rows=15757 cells=411283 direct=true graph_reused=false upload_ms=13.68 capture_ms=3.09 queue_ms=70.46 gpu_ms=0.01 unpack_ms=2.73 total_ms=89.98
v5_service device=0 lane=1 class=0 jobs=70 rows=15757 cells=411283 reach=442868 reverse=616560 table_mib=23.6 mutable_mib=496.0 max_job_mib=9.3 oldest_ms=77.93 pack_ms=12.82 solve_ms=90.03
v5_device jobs=71 rows=14591 cells=349980 direct=true graph_reused=false upload_ms=10.83 capture_ms=3.91 queue_ms=32.40 gpu_ms=0.01 unpack_ms=2.72 total_ms=49.87
v5_service device=1 lane=1 class=0 jobs=71 rows=14591 cells=349980 reach=388776 reverse=527185 table_mib=20.9 mutable_mib=446.0 max_job_mib=9.3 oldest_ms=123.42 pack_ms=16.52 solve_ms=49.93
v5_device jobs=8 rows=3356 cells=40386 direct=true graph_reused=false upload_ms=2.14 capture_ms=3.97 queue_ms=8.83 gpu_ms=0.01 unpack_ms=0.37 total_ms=15.32
v5_service device=0 lane=0 class=1 jobs=8 rows=3356 cells=40386 reach=78659 reverse=92171 table_mib=3.9 mutable_mib=128.0 max_job_mib=16.8 oldest_ms=168.59 pack_ms=2.94 solve_ms=15.37
v5_device jobs=15 rows=6546 cells=270431 direct=true graph_reused=false upload_ms=7.90 capture_ms=5.92 queue_ms=16.79 gpu_ms=0.01 unpack_ms=1.23 total_ms=31.86
v5_service device=0 lane=1 class=1 jobs=15 rows=6546 cells=270431 reach=222361 reverse=320534 table_mib=11.5 mutable_mib=240.0 max_job_mib=18.3 oldest_ms=192.48 pack_ms=9.99 solve_ms=31.91
v5_device jobs=70 rows=14834 cells=237766 direct=true graph_reused=false upload_ms=14.21 capture_ms=3.65 queue_ms=28.68 gpu_ms=0.01 unpack_ms=1.59 total_ms=48.13
v5_service device=1 lane=0 class=0 jobs=70 rows=14834 cells=237766 reach=382735 reverse=482231 table_mib=19.4 mutable_mib=436.0 max_job_mib=8.8 oldest_ms=78.22 pack_ms=14.13 solve_ms=48.19
v5_device jobs=8 rows=4319 cells=73129 direct=true graph_reused=false upload_ms=3.22 capture_ms=3.64 queue_ms=11.42 gpu_ms=0.01 unpack_ms=0.52 total_ms=18.80
v5_service device=1 lane=0 class=1 jobs=8 rows=4319 cells=73129 reach=126139 reverse=153515 table_mib=5.9 mutable_mib=144.0 max_job_mib=33.7 oldest_ms=147.35 pack_ms=3.67 solve_ms=18.87
v5_device jobs=70 rows=15336 cells=225634 direct=true graph_reused=false upload_ms=12.38 capture_ms=3.93 queue_ms=28.15 gpu_ms=0.01 unpack_ms=1.53 total_ms=45.99
v5_service device=1 lane=1 class=0 jobs=70 rows=15336 cells=225634 reach=377088 reverse=467783 table_mib=19.2 mutable_mib=458.0 max_job_mib=8.8 oldest_ms=77.54 pack_ms=14.18 solve_ms=46.05
v5_device jobs=15 rows=8085 cells=151278 direct=true graph_reused=false upload_ms=6.57 capture_ms=3.66 queue_ms=18.66 gpu_ms=0.01 unpack_ms=0.78 total_ms=29.68
v5_service device=1 lane=1 class=1 jobs=15 rows=8085 cells=151278 reach=248066 reverse=307024 table_mib=11.6 mutable_mib=272.0 max_job_mib=34.6 oldest_ms=145.72 pack_ms=8.08 solve_ms=29.73
v5_device jobs=73 rows=16344 cells=262142 direct=true graph_reused=false upload_ms=14.68 capture_ms=6.06 queue_ms=40.17 gpu_ms=0.01 unpack_ms=1.92 total_ms=62.85
v5_service device=0 lane=1 class=0 jobs=73 rows=16344 cells=262142 reach=425474 reverse=534895 table_mib=21.5 mutable_mib=496.0 max_job_mib=9.1 oldest_ms=76.75 pack_ms=12.95 solve_ms=62.91
v5_device jobs=76 rows=15595 cells=258222 direct=true graph_reused=false upload_ms=24.16 capture_ms=2.99 queue_ms=61.36 gpu_ms=0.01 unpack_ms=1.83 total_ms=90.35
v5_service device=0 lane=0 class=0 jobs=76 rows=15595 cells=258222 reach=408559 reverse=516527 table_mib=20.7 mutable_mib=478.0 max_job_mib=9.0 oldest_ms=77.84 pack_ms=13.04 solve_ms=90.40
v5_device jobs=82 rows=16415 cells=267900 direct=true graph_reused=false upload_ms=13.42 capture_ms=3.54 queue_ms=32.34 gpu_ms=0.01 unpack_ms=1.96 total_ms=51.26
v5_service device=1 lane=0 class=0 jobs=82 rows=16415 cells=267900 reach=435268 reverse=545166 table_mib=21.8 mutable_mib=500.0 max_job_mib=8.7 oldest_ms=76.93 pack_ms=12.80 solve_ms=51.31
v5_device jobs=6 rows=3302 cells=51268 direct=true graph_reused=false upload_ms=2.36 capture_ms=3.46 queue_ms=21.59 gpu_ms=0.01 unpack_ms=0.42 total_ms=27.83
v5_service device=0 lane=0 class=1 jobs=6 rows=3302 cells=51268 reach=98681 reverse=114495 table_mib=4.5 mutable_mib=112.0 max_job_mib=34.2 oldest_ms=173.06 pack_ms=2.87 solve_ms=27.88
v5_device jobs=8 rows=3982 cells=60062 direct=true graph_reused=false upload_ms=3.25 capture_ms=5.73 queue_ms=12.35 gpu_ms=0.01 unpack_ms=0.59 total_ms=21.92
v5_service device=0 lane=1 class=1 jobs=8 rows=3982 cells=60062 reach=119041 reverse=141455 table_mib=5.5 mutable_mib=144.0 max_job_mib=33.6 oldest_ms=162.82 pack_ms=5.69 solve_ms=21.97
v5_device jobs=10 rows=4828 cells=61135 direct=true graph_reused=false upload_ms=2.88 capture_ms=4.04 queue_ms=10.50 gpu_ms=0.01 unpack_ms=0.43 total_ms=17.85
v5_service device=1 lane=0 class=1 jobs=10 rows=4828 cells=61135 reach=111489 reverse=133576 table_mib=5.6 mutable_mib=176.0 max_job_mib=33.0 oldest_ms=150.17 pack_ms=3.77 solve_ms=17.90
v5_device jobs=21 rows=12113 cells=176348 direct=true graph_reused=false upload_ms=10.15 capture_ms=3.68 queue_ms=24.44 gpu_ms=0.01 unpack_ms=1.08 total_ms=39.37
v5_service device=1 lane=1 class=1 jobs=21 rows=12113 cells=176348 reach=323063 reverse=382646 table_mib=15.4 mutable_mib=416.0 max_job_mib=34.8 oldest_ms=76.98 pack_ms=9.65 solve_ms=39.42
v5_device jobs=54 rows=12259 cells=186217 direct=true graph_reused=false upload_ms=24.36 capture_ms=3.19 queue_ms=49.17 gpu_ms=0.00 unpack_ms=1.34 total_ms=78.07
v5_service device=0 lane=0 class=0 jobs=54 rows=12259 cells=186217 reach=330481 reverse=407237 table_mib=16.3 mutable_mib=374.0 max_job_mib=8.8 oldest_ms=78.43 pack_ms=11.71 solve_ms=78.12
v5_device jobs=88 rows=18885 cells=287540 direct=true graph_reused=false upload_ms=16.26 capture_ms=3.45 queue_ms=53.33 gpu_ms=0.01 unpack_ms=2.28 total_ms=75.33
v5_service device=0 lane=1 class=0 jobs=88 rows=18885 cells=287540 reach=481579 reverse=603089 table_mib=24.4 mutable_mib=586.0 max_job_mib=8.9 oldest_ms=76.79 pack_ms=16.41 solve_ms=75.38
v5_device jobs=96 rows=20255 cells=324673 direct=true graph_reused=false upload_ms=15.80 capture_ms=3.44 queue_ms=60.30 gpu_ms=0.01 unpack_ms=2.33 total_ms=81.87
v5_service device=1 lane=0 class=0 jobs=96 rows=20255 cells=324673 reach=517947 reverse=656267 table_mib=26.4 mutable_mib=610.0 max_job_mib=8.8 oldest_ms=78.11 pack_ms=17.10 solve_ms=81.93
v5_device jobs=106 rows=23338 cells=395139 direct=true graph_reused=false upload_ms=21.71 capture_ms=3.28 queue_ms=73.81 gpu_ms=0.01 unpack_ms=2.85 total_ms=101.66
v5_service device=1 lane=1 class=0 jobs=106 rows=23338 cells=395139 reach=636164 reverse=802465 table_mib=31.6 mutable_mib=680.0 max_job_mib=8.9 oldest_ms=133.53 pack_ms=20.95 solve_ms=101.70
v5_device jobs=10 rows=4695 cells=108715 direct=true graph_reused=false upload_ms=5.60 capture_ms=4.13 queue_ms=22.34 gpu_ms=0.01 unpack_ms=0.66 total_ms=32.74
v5_service device=0 lane=0 class=1 jobs=10 rows=4695 cells=108715 reach=169577 reverse=219252 table_mib=7.8 mutable_mib=176.0 max_job_mib=33.8 oldest_ms=174.53 pack_ms=5.74 solve_ms=32.79
v5_device jobs=10 rows=4351 cells=72834 direct=true graph_reused=false upload_ms=3.67 capture_ms=3.97 queue_ms=18.33 gpu_ms=0.01 unpack_ms=0.56 total_ms=26.52
v5_service device=0 lane=1 class=1 jobs=10 rows=4351 cells=72834 reach=129475 reverse=156247 table_mib=6.0 mutable_mib=160.0 max_job_mib=17.2 oldest_ms=180.88 pack_ms=5.91 solve_ms=26.57
v5_device jobs=7 rows=3116 cells=41797 direct=true graph_reused=false upload_ms=2.11 capture_ms=3.58 queue_ms=8.57 gpu_ms=0.01 unpack_ms=0.42 total_ms=14.69
v5_service device=1 lane=0 class=1 jobs=7 rows=3116 cells=41797 reach=80605 reverse=95763 table_mib=3.9 mutable_mib=112.0 max_job_mib=17.1 oldest_ms=185.59 pack_ms=3.05 solve_ms=14.75
v5_device jobs=1 rows=11724 cells=75508 direct=true graph_reused=false upload_ms=9.88 capture_ms=3.82 queue_ms=21.07 gpu_ms=0.01 unpack_ms=0.36 total_ms=35.14
v5_service device=1 lane=0 class=2 jobs=1 rows=11724 cells=75508 reach=225740 reverse=227442 table_mib=11.1 mutable_mib=256.0 max_job_mib=269.4 oldest_ms=203.19 pack_ms=8.34 solve_ms=35.20
v5_device jobs=88 rows=18621 cells=267648 direct=true graph_reused=false upload_ms=13.80 capture_ms=3.23 queue_ms=34.37 gpu_ms=0.01 unpack_ms=1.74 total_ms=53.16
v5_service device=1 lane=1 class=0 jobs=88 rows=18621 cells=267648 reach=447434 reverse=558378 table_mib=23.1 mutable_mib=558.0 max_job_mib=8.7 oldest_ms=77.06 pack_ms=14.22 solve_ms=53.21
v5_device jobs=69 rows=14932 cells=248982 direct=true graph_reused=false upload_ms=11.56 capture_ms=3.24 queue_ms=53.74 gpu_ms=0.01 unpack_ms=1.69 total_ms=70.24
v5_service device=0 lane=1 class=0 jobs=69 rows=14932 cells=248982 reach=404739 reverse=508867 table_mib=20.1 mutable_mib=456.0 max_job_mib=8.7 oldest_ms=77.84 pack_ms=11.86 solve_ms=70.29
v5_device jobs=66 rows=13499 cells=232701 direct=true graph_reused=false upload_ms=23.00 capture_ms=3.05 queue_ms=43.61 gpu_ms=0.01 unpack_ms=1.68 total_ms=71.34
v5_service device=0 lane=0 class=0 jobs=66 rows=13499 cells=232701 reach=375128 reverse=475488 table_mib=18.6 mutable_mib=404.0 max_job_mib=8.8 oldest_ms=77.64 pack_ms=11.99 solve_ms=71.38
v5_device jobs=15 rows=8600 cells=110563 direct=true graph_reused=false upload_ms=6.99 capture_ms=3.85 queue_ms=18.09 gpu_ms=0.01 unpack_ms=0.77 total_ms=29.70
v5_service device=1 lane=0 class=1 jobs=15 rows=8600 cells=110563 reach=211282 reverse=246933 table_mib=10.2 mutable_mib=304.0 max_job_mib=33.8 oldest_ms=75.61 pack_ms=5.73 solve_ms=29.77
v5_device jobs=7 rows=3363 cells=52874 direct=true graph_reused=false upload_ms=2.79 capture_ms=7.65 queue_ms=6.72 gpu_ms=0.01 unpack_ms=0.42 total_ms=17.60
v5_service device=1 lane=1 class=1 jobs=7 rows=3363 cells=52874 reach=92051 reverse=111013 table_mib=4.4 mutable_mib=112.0 max_job_mib=17.3 oldest_ms=158.26 pack_ms=4.38 solve_ms=17.68
v5_device jobs=10 rows=4541 cells=50156 direct=true graph_reused=false upload_ms=3.29 capture_ms=5.73 queue_ms=24.95 gpu_ms=0.01 unpack_ms=0.45 total_ms=34.43
v5_service device=0 lane=1 class=1 jobs=10 rows=4541 cells=50156 reach=108410 reverse=126301 table_mib=5.3 mutable_mib=160.0 max_job_mib=17.1 oldest_ms=169.79 pack_ms=5.86 solve_ms=34.48
v5_device jobs=12 rows=6117 cells=122215 direct=true graph_reused=false upload_ms=13.40 capture_ms=3.76 queue_ms=18.41 gpu_ms=0.01 unpack_ms=0.72 total_ms=36.29
v5_service device=0 lane=0 class=1 jobs=12 rows=6117 cells=122215 reach=196704 reverse=246456 table_mib=9.1 mutable_mib=208.0 max_job_mib=34.6 oldest_ms=168.00 pack_ms=6.57 solve_ms=36.33
v5_device jobs=49 rows=9928 cells=192412 direct=true graph_reused=false upload_ms=7.95 capture_ms=3.93 queue_ms=23.35 gpu_ms=0.01 unpack_ms=1.16 total_ms=36.41
v5_service device=1 lane=1 class=0 jobs=49 rows=9928 cells=192412 reach=291191 reverse=375384 table_mib=14.4 mutable_mib=304.0 max_job_mib=8.8 oldest_ms=77.58 pack_ms=10.04 solve_ms=36.47
v5_device jobs=23 rows=11834 cells=165200 direct=true graph_reused=false upload_ms=8.50 capture_ms=4.16 queue_ms=25.23 gpu_ms=0.01 unpack_ms=1.05 total_ms=38.94
v5_service device=0 lane=1 class=1 jobs=23 rows=11834 cells=165200 reach=326532 reverse=380621 table_mib=15.2 mutable_mib=416.0 max_job_mib=33.8 oldest_ms=77.31 pack_ms=8.72 solve_ms=39.00
v5_device jobs=76 rows=16308 cells=297427 direct=true graph_reused=false upload_ms=30.19 capture_ms=3.48 queue_ms=34.33 gpu_ms=0.02 unpack_ms=2.02 total_ms=70.04
v5_service device=0 lane=0 class=0 jobs=76 rows=16308 cells=297427 reach=455397 reverse=584981 table_mib=22.7 mutable_mib=492.0 max_job_mib=8.9 oldest_ms=78.18 pack_ms=15.13 solve_ms=70.12
v5_device jobs=8 rows=4498 cells=50206 direct=true graph_reused=false upload_ms=2.46 capture_ms=3.85 queue_ms=80.96 gpu_ms=0.01 unpack_ms=0.56 total_ms=87.83
v5_service device=1 lane=1 class=1 jobs=8 rows=4498 cells=50206 reach=111143 reverse=125889 table_mib=5.3 mutable_mib=144.0 max_job_mib=33.9 oldest_ms=130.48 pack_ms=3.63 solve_ms=87.91
v5_device jobs=5 rows=2182 cells=30853 direct=true graph_reused=false upload_ms=1.17 capture_ms=4.35 queue_ms=39.62 gpu_ms=6.42 unpack_ms=0.24 total_ms=51.80
v5_service device=0 lane=0 class=1 jobs=5 rows=2182 cells=30853 reach=55634 reverse=66771 table_mib=2.7 mutable_mib=80.0 max_job_mib=17.2 oldest_ms=170.31 pack_ms=1.72 solve_ms=51.84
v5_device jobs=109 rows=21888 cells=317000 direct=true graph_reused=false upload_ms=19.82 capture_ms=5.71 queue_ms=45.28 gpu_ms=4.41 unpack_ms=2.33 total_ms=77.55
v5_service device=0 lane=1 class=0 jobs=109 rows=21888 cells=317000 reach=546470 reverse=676610 table_mib=27.7 mutable_mib=676.0 max_job_mib=9.0 oldest_ms=131.50 pack_ms=17.72 solve_ms=77.59
v5_device jobs=226 rows=49541 cells=804467 direct=true graph_reused=false upload_ms=72.36 capture_ms=3.66 queue_ms=101.10 gpu_ms=25.64 unpack_ms=5.68 total_ms=208.44
v5_service device=1 lane=0 class=0 jobs=226 rows=49541 cells=804467 reach=1303412 reverse=1645375 table_mib=65.6 mutable_mib=1484.0 max_job_mib=8.9 oldest_ms=123.78 pack_ms=46.85 solve_ms=208.48
v5_device jobs=1 rows=1564 cells=48396 direct=true graph_reused=false upload_ms=1.31 capture_ms=4.10 queue_ms=6.16 gpu_ms=0.01 unpack_ms=0.16 total_ms=11.75
v5_service device=1 lane=0 class=2 jobs=1 rows=1564 cells=48396 reach=62041 reverse=83351 table_mib=2.8 mutable_mib=64.0 max_job_mib=67.5 oldest_ms=370.52 pack_ms=2.18 solve_ms=11.81
v5_device jobs=54 rows=11844 cells=186168 direct=true graph_reused=false upload_ms=11.39 capture_ms=3.99 queue_ms=24.30 gpu_ms=0.01 unpack_ms=1.31 total_ms=41.00
v5_service device=1 lane=1 class=0 jobs=54 rows=11844 cells=186168 reach=307407 reverse=386115 table_mib=15.5 mutable_mib=376.0 max_job_mib=8.7 oldest_ms=79.71 pack_ms=12.11 solve_ms=41.05
v5_device jobs=4 rows=1989 cells=42376 direct=true graph_reused=false upload_ms=1.52 capture_ms=4.76 queue_ms=6.43 gpu_ms=0.01 unpack_ms=0.21 total_ms=12.93
v5_service device=1 lane=1 class=1 jobs=4 rows=1989 cells=42376 reach=58530 reverse=77417 table_mib=2.9 mutable_mib=64.0 max_job_mib=17.0 oldest_ms=139.76 pack_ms=3.96 solve_ms=12.99
v5_device jobs=48 rows=10362 cells=189186 direct=true graph_reused=false upload_ms=18.36 capture_ms=3.54 queue_ms=48.10 gpu_ms=0.01 unpack_ms=1.19 total_ms=71.21
v5_service device=0 lane=0 class=0 jobs=48 rows=10362 cells=189186 reach=294005 reverse=376729 table_mib=14.6 mutable_mib=308.0 max_job_mib=8.8 oldest_ms=78.04 pack_ms=9.11 solve_ms=71.27
v5_device jobs=68 rows=14427 cells=214881 direct=true graph_reused=false upload_ms=12.81 capture_ms=3.57 queue_ms=36.11 gpu_ms=0.01 unpack_ms=1.63 total_ms=54.12
v5_service device=0 lane=1 class=0 jobs=68 rows=14427 cells=214881 reach=364634 reverse=454233 table_mib=18.5 mutable_mib=432.0 max_job_mib=8.7 oldest_ms=77.26 pack_ms=11.58 solve_ms=54.16
v5_device jobs=6 rows=2916 cells=39751 direct=true graph_reused=false upload_ms=1.96 capture_ms=3.75 queue_ms=18.38 gpu_ms=0.01 unpack_ms=0.32 total_ms=24.42
v5_service device=0 lane=1 class=1 jobs=6 rows=2916 cells=39751 reach=77716 reverse=91281 table_mib=3.7 mutable_mib=112.0 max_job_mib=33.0 oldest_ms=139.45 pack_ms=2.59 solve_ms=24.48
v5_device jobs=10 rows=4530 cells=90557 direct=true graph_reused=false upload_ms=3.82 capture_ms=3.39 queue_ms=17.24 gpu_ms=0.01 unpack_ms=0.53 total_ms=24.99
v5_service device=0 lane=0 class=1 jobs=10 rows=4530 cells=90557 reach=144316 reverse=180954 table_mib=6.7 mutable_mib=160.0 max_job_mib=17.2 oldest_ms=161.76 pack_ms=4.63 solve_ms=25.03
v5_device jobs=1 rows=10218 cells=247045 direct=true graph_reused=false upload_ms=8.16 capture_ms=3.92 queue_ms=42.41 gpu_ms=0.01 unpack_ms=0.78 total_ms=55.28
v5_service device=1 lane=1 class=2 jobs=1 rows=10218 cells=247045 reach=347633 reverse=441941 table_mib=15.9 mutable_mib=256.0 max_job_mib=275.4 oldest_ms=142.33 pack_ms=10.39 solve_ms=55.33
v5_device jobs=71 rows=15286 cells=256208 direct=true graph_reused=false upload_ms=13.19 capture_ms=3.22 queue_ms=48.07 gpu_ms=0.02 unpack_ms=1.86 total_ms=66.35
v5_service device=1 lane=0 class=0 jobs=71 rows=15286 cells=256208 reach=419822 reverse=528174 table_mib=20.8 mutable_mib=454.0 max_job_mib=8.8 oldest_ms=77.18 pack_ms=12.72 solve_ms=66.38
v5_device jobs=9 rows=5017 cells=56678 direct=true graph_reused=false upload_ms=3.19 capture_ms=3.71 queue_ms=11.94 gpu_ms=0.01 unpack_ms=0.47 total_ms=19.31
v5_service device=1 lane=0 class=1 jobs=9 rows=5017 cells=56678 reach=121039 reverse=139977 table_mib=5.9 mutable_mib=176.0 max_job_mib=33.4 oldest_ms=158.74 pack_ms=4.29 solve_ms=19.37
v5_device jobs=51 rows=9526 cells=154366 direct=true graph_reused=false upload_ms=5.48 capture_ms=3.89 queue_ms=18.92 gpu_ms=0.01 unpack_ms=1.11 total_ms=29.41
v5_service device=1 lane=1 class=0 jobs=51 rows=9526 cells=154366 reach=242342 reverse=308070 table_mib=12.4 mutable_mib=304.0 max_job_mib=8.6 oldest_ms=77.97 pack_ms=8.85 solve_ms=29.48
v5_device jobs=8 rows=5245 cells=74767 direct=true graph_reused=false upload_ms=3.22 capture_ms=4.07 queue_ms=17.51 gpu_ms=0.01 unpack_ms=0.49 total_ms=25.28
v5_service device=1 lane=1 class=1 jobs=8 rows=5245 cells=74767 reach=136661 reverse=162917 table_mib=6.6 mutable_mib=176.0 max_job_mib=33.6 oldest_ms=123.69 pack_ms=6.97 solve_ms=25.33
v5_device jobs=18 rows=9846 cells=113358 direct=true graph_reused=false upload_ms=6.98 capture_ms=3.71 queue_ms=31.12 gpu_ms=0.01 unpack_ms=0.85 total_ms=42.66
v5_service device=1 lane=0 class=1 jobs=18 rows=9846 cells=113358 reach=240491 reverse=278704 table_mib=11.7 mutable_mib=336.0 max_job_mib=33.4 oldest_ms=76.48 pack_ms=6.85 solve_ms=42.70
v5_device jobs=77 rows=17452 cells=306421 direct=true graph_reused=false upload_ms=16.78 capture_ms=3.15 queue_ms=65.21 gpu_ms=0.01 unpack_ms=1.93 total_ms=87.08
v5_service device=0 lane=0 class=0 jobs=77 rows=17452 cells=306421 reach=492598 reverse=623843 table_mib=24.3 mutable_mib=520.0 max_job_mib=8.9 oldest_ms=77.97 pack_ms=15.40 solve_ms=87.14
v5_device jobs=89 rows=20315 cells=324639 direct=true graph_reused=false upload_ms=21.27 capture_ms=3.65 queue_ms=60.45 gpu_ms=0.01 unpack_ms=2.58 total_ms=87.95
v5_service device=0 lane=1 class=0 jobs=89 rows=20315 cells=324639 reach=546173 reverse=683072 table_mib=27.1 mutable_mib=606.0 max_job_mib=8.8 oldest_ms=77.43 pack_ms=17.76 solve_ms=88.00
v5_device jobs=12 rows=5318 cells=93692 direct=true graph_reused=false upload_ms=4.54 capture_ms=3.70 queue_ms=23.49 gpu_ms=0.01 unpack_ms=0.55 total_ms=32.28
v5_service device=0 lane=0 class=1 jobs=12 rows=5318 cells=93692 reach=151974 reverse=189191 table_mib=7.3 mutable_mib=192.0 max_job_mib=17.1 oldest_ms=188.85 pack_ms=5.05 solve_ms=32.34
v5_device jobs=12 rows=5679 cells=90230 direct=true graph_reused=false upload_ms=5.19 capture_ms=4.00 queue_ms=20.35 gpu_ms=0.01 unpack_ms=0.66 total_ms=30.21
v5_service device=0 lane=1 class=1 jobs=12 rows=5679 cells=90230 reach=163758 reverse=197957 table_mib=7.7 mutable_mib=192.0 max_job_mib=17.3 oldest_ms=189.08 pack_ms=5.85 solve_ms=30.25
v5_device jobs=1 rows=10164 cells=40161 direct=true graph_reused=false upload_ms=5.32 capture_ms=3.44 queue_ms=19.45 gpu_ms=0.01 unpack_ms=0.29 total_ms=28.50
v5_service device=0 lane=0 class=2 jobs=1 rows=10164 cells=40161 reach=191272 reverse=192157 table_mib=9.5 mutable_mib=256.0 max_job_mib=267.7 oldest_ms=223.01 pack_ms=6.22 solve_ms=28.55
v5_device jobs=76 rows=16668 cells=283012 direct=true graph_reused=false upload_ms=16.88 capture_ms=4.04 queue_ms=91.28 gpu_ms=0.01 unpack_ms=1.81 total_ms=114.02
v5_service device=1 lane=1 class=0 jobs=76 rows=16668 cells=283012 reach=450419 reverse=569928 table_mib=22.5 mutable_mib=516.0 max_job_mib=8.8 oldest_ms=78.87 pack_ms=17.93 solve_ms=114.08
v5_device jobs=185 rows=38878 cells=636765 direct=true graph_reused=false upload_ms=59.51 capture_ms=3.71 queue_ms=92.96 gpu_ms=0.00 unpack_ms=4.38 total_ms=160.56
v5_service device=1 lane=0 class=0 jobs=185 rows=38878 cells=636765 reach=1028954 reverse=1301276 table_mib=51.8 mutable_mib=1206.0 max_job_mib=8.9 oldest_ms=132.75 pack_ms=46.13 solve_ms=160.62
v5_device jobs=1 rows=399 cells=2928 direct=true graph_reused=false upload_ms=0.47 capture_ms=10.51 queue_ms=0.44 gpu_ms=0.01 unpack_ms=0.08 total_ms=11.52
v5_service device=1 lane=1 class=1 jobs=1 rows=399 cells=2928 reach=8515 reverse=9400 table_mib=0.4 mutable_mib=16.0 max_job_mib=16.5 oldest_ms=164.09 pack_ms=1.14 solve_ms=11.63
v5_device jobs=67 rows=14327 cells=240580 direct=true graph_reused=false upload_ms=8.99 capture_ms=3.23 queue_ms=34.99 gpu_ms=0.01 unpack_ms=1.98 total_ms=49.20
v5_service device=0 lane=0 class=0 jobs=67 rows=14327 cells=240580 reach=380674 reverse=482143 table_mib=19.1 mutable_mib=440.0 max_job_mib=8.7 oldest_ms=77.92 pack_ms=10.52 solve_ms=49.26
v5_device jobs=89 rows=17959 cells=261405 direct=true graph_reused=false upload_ms=13.18 capture_ms=3.13 queue_ms=63.78 gpu_ms=0.01 unpack_ms=2.31 total_ms=82.40
v5_service device=0 lane=1 class=0 jobs=89 rows=17959 cells=261405 reach=445176 reverse=551845 table_mib=22.6 mutable_mib=544.0 max_job_mib=8.8 oldest_ms=76.54 pack_ms=14.19 solve_ms=82.45
v5_device jobs=7 rows=3315 cells=53936 direct=true graph_reused=false upload_ms=2.15 capture_ms=3.49 queue_ms=11.08 gpu_ms=0.01 unpack_ms=0.36 total_ms=17.08
v5_service device=0 lane=0 class=1 jobs=7 rows=3315 cells=53936 reach=85608 reverse=107761 table_mib=4.3 mutable_mib=112.0 max_job_mib=17.0 oldest_ms=143.23 pack_ms=2.87 solve_ms=17.13
v5_device jobs=11 rows=5488 cells=93974 direct=true graph_reused=false upload_ms=4.61 capture_ms=3.86 queue_ms=15.78 gpu_ms=0.01 unpack_ms=0.65 total_ms=24.91
v5_service device=0 lane=1 class=1 jobs=11 rows=5488 cells=93974 reach=172652 reverse=208623 table_mib=7.9 mutable_mib=176.0 max_job_mib=17.5 oldest_ms=181.11 pack_ms=6.26 solve_ms=24.96
v5_device jobs=1 rows=11634 cells=188056 direct=true graph_reused=false upload_ms=11.78 capture_ms=5.97 queue_ms=20.50 gpu_ms=0.01 unpack_ms=0.61 total_ms=38.87
v5_service device=1 lane=0 class=2 jobs=1 rows=11634 cells=188056 reach=271757 reverse=351541 table_mib=14.1 mutable_mib=256.0 max_job_mib=273.0 oldest_ms=360.61 pack_ms=13.49 solve_ms=38.93
v5_device jobs=42 rows=8733 cells=145428 direct=true graph_reused=false upload_ms=6.79 capture_ms=6.28 queue_ms=15.47 gpu_ms=0.01 unpack_ms=0.98 total_ms=29.54
v5_service device=1 lane=1 class=0 jobs=42 rows=8733 cells=145428 reach=232582 reverse=295302 table_mib=11.7 mutable_mib=262.0 max_job_mib=8.8 oldest_ms=79.30 pack_ms=12.82 solve_ms=29.59
v5_device jobs=4 rows=1510 cells=33848 direct=true graph_reused=false upload_ms=1.17 capture_ms=4.41 queue_ms=6.47 gpu_ms=0.01 unpack_ms=0.23 total_ms=12.30
v5_service device=1 lane=1 class=1 jobs=4 rows=1510 cells=33848 reach=55937 reverse=70559 table_mib=2.5 mutable_mib=64.0 max_job_mib=16.9 oldest_ms=111.90 pack_ms=1.89 solve_ms=12.36
v5_device jobs=19 rows=9625 cells=159905 direct=true graph_reused=false upload_ms=6.31 capture_ms=3.45 queue_ms=21.67 gpu_ms=0.01 unpack_ms=0.97 total_ms=32.40
v5_service device=0 lane=0 class=1 jobs=19 rows=9625 cells=159905 reach=270652 reverse=333647 table_mib=13.0 mutable_mib=336.0 max_job_mib=32.8 oldest_ms=76.52 pack_ms=6.87 solve_ms=32.46
v5_device jobs=14 rows=6799 cells=91248 direct=true graph_reused=false upload_ms=4.03 capture_ms=3.47 queue_ms=15.93 gpu_ms=0.01 unpack_ms=0.59 total_ms=24.03
v5_service device=1 lane=0 class=1 jobs=14 rows=6799 cells=91248 reach=180129 reverse=210319 table_mib=8.5 mutable_mib=240.0 max_job_mib=32.8 oldest_ms=75.88 pack_ms=5.28 solve_ms=24.08
v5_device jobs=59 rows=11867 cells=202340 direct=true graph_reused=false upload_ms=9.82 capture_ms=3.57 queue_ms=26.14 gpu_ms=0.03 unpack_ms=1.46 total_ms=41.00
v5_service device=0 lane=1 class=0 jobs=59 rows=11867 cells=202340 reach=327067 reverse=413981 table_mib=16.3 mutable_mib=362.0 max_job_mib=8.8 oldest_ms=80.01 pack_ms=11.32 solve_ms=41.06
v5_device jobs=8 rows=3954 cells=73107 direct=true graph_reused=false upload_ms=2.66 capture_ms=3.45 queue_ms=39.43 gpu_ms=0.01 unpack_ms=0.41 total_ms=45.96
v5_service device=0 lane=1 class=1 jobs=8 rows=3954 cells=73107 reach=118614 reverse=148307 table_mib=5.6 mutable_mib=128.0 max_job_mib=17.2 oldest_ms=138.46 pack_ms=3.84 solve_ms=46.01
v5_device jobs=90 rows=19398 cells=318521 direct=true graph_reused=false upload_ms=17.30 capture_ms=3.51 queue_ms=46.44 gpu_ms=0.00 unpack_ms=1.94 total_ms=69.20
v5_service device=0 lane=0 class=0 jobs=90 rows=19398 cells=318521 reach=509526 reverse=647912 table_mib=25.8 mutable_mib=588.0 max_job_mib=8.8 oldest_ms=121.65 pack_ms=17.10 solve_ms=69.24
v5_device jobs=80 rows=16575 cells=249493 direct=true graph_reused=false upload_ms=16.54 capture_ms=6.56 queue_ms=87.30 gpu_ms=0.01 unpack_ms=1.85 total_ms=112.27
v5_service device=1 lane=1 class=0 jobs=80 rows=16575 cells=249493 reach=422843 reverse=527511 table_mib=21.4 mutable_mib=498.0 max_job_mib=8.8 oldest_ms=78.05 pack_ms=15.58 solve_ms=112.32
v5_device jobs=167 rows=34630 cells=545469 direct=true graph_reused=false upload_ms=62.27 capture_ms=4.34 queue_ms=74.75 gpu_ms=0.01 unpack_ms=4.35 total_ms=145.71
v5_service device=1 lane=0 class=0 jobs=167 rows=34630 cells=545469 reach=897054 reverse=1123843 table_mib=45.2 mutable_mib=1074.0 max_job_mib=8.9 oldest_ms=114.76 pack_ms=39.78 solve_ms=145.78
v5_device jobs=1 rows=1950 cells=44324 direct=true graph_reused=false upload_ms=1.37 capture_ms=5.34 queue_ms=6.52 gpu_ms=0.01 unpack_ms=0.19 total_ms=13.43
v5_service device=1 lane=0 class=2 jobs=1 rows=1950 cells=44324 reach=62228 reverse=77787 table_mib=2.9 mutable_mib=64.0 max_job_mib=67.5 oldest_ms=295.67 pack_ms=2.36 solve_ms=13.50
v5_device jobs=5 rows=2609 cells=41796 direct=true graph_reused=false upload_ms=2.32 capture_ms=5.71 queue_ms=13.88 gpu_ms=0.01 unpack_ms=0.36 total_ms=22.27
v5_service device=1 lane=1 class=1 jobs=5 rows=2609 cells=41796 reach=71913 reverse=88149 table_mib=3.5 mutable_mib=96.0 max_job_mib=32.7 oldest_ms=217.31 pack_ms=3.86 solve_ms=22.34
v5_device jobs=68 rows=13860 cells=225581 direct=true graph_reused=false upload_ms=12.60 capture_ms=3.29 queue_ms=69.18 gpu_ms=0.01 unpack_ms=1.57 total_ms=86.65
v5_service device=0 lane=1 class=0 jobs=68 rows=13860 cells=225581 reach=361304 reverse=456763 table_mib=18.3 mutable_mib=412.0 max_job_mib=8.8 oldest_ms=78.08 pack_ms=11.88 solve_ms=86.70
v5_device jobs=103 rows=21605 cells=331135 direct=true graph_reused=false upload_ms=20.18 capture_ms=3.57 queue_ms=46.73 gpu_ms=0.01 unpack_ms=2.30 total_ms=72.78
v5_service device=0 lane=0 class=0 jobs=103 rows=21605 cells=331135 reach=539864 reverse=676834 table_mib=27.5 mutable_mib=646.0 max_job_mib=8.8 oldest_ms=77.43 pack_ms=17.80 solve_ms=72.82
v5_device jobs=3 rows=2404 cells=28233 direct=true graph_reused=false upload_ms=1.20 capture_ms=3.72 queue_ms=7.00 gpu_ms=0.01 unpack_ms=0.20 total_ms=12.12
v5_service device=0 lane=1 class=1 jobs=3 rows=2404 cells=28233 reach=45107 reverse=55855 table_mib=2.5 mutable_mib=80.0 max_job_mib=33.5 oldest_ms=160.72 pack_ms=1.83 solve_ms=12.18
v5_device jobs=17 rows=7922 cells=154821 direct=true graph_reused=false upload_ms=11.73 capture_ms=3.28 queue_ms=20.72 gpu_ms=0.01 unpack_ms=0.85 total_ms=36.60
v5_service device=0 lane=0 class=1 jobs=17 rows=7922 cells=154821 reach=263861 reverse=321233 table_mib=11.9 mutable_mib=272.0 max_job_mib=17.2 oldest_ms=177.96 pack_ms=8.14 solve_ms=36.67
v5_device jobs=59 rows=12783 cells=186332 direct=true graph_reused=false upload_ms=11.11 capture_ms=3.99 queue_ms=46.81 gpu_ms=0.01 unpack_ms=1.36 total_ms=63.28
v5_service device=1 lane=1 class=0 jobs=59 rows=12783 cells=186332 reach=323818 reverse=399156 table_mib=16.3 mutable_mib=380.0 max_job_mib=8.8 oldest_ms=77.95 pack_ms=12.48 solve_ms=63.34
v5_device jobs=65 rows=14658 cells=278355 direct=true graph_reused=false upload_ms=13.51 capture_ms=4.00 queue_ms=43.26 gpu_ms=0.01 unpack_ms=1.90 total_ms=62.68
v5_service device=1 lane=0 class=0 jobs=65 rows=14658 cells=278355 reach=415408 reverse=536746 table_mib=20.7 mutable_mib=432.0 max_job_mib=8.8 oldest_ms=78.30 pack_ms=15.52 solve_ms=62.74
v5_device jobs=67 rows=14358 cells=220442 direct=true graph_reused=false upload_ms=10.38 capture_ms=3.17 queue_ms=29.69 gpu_ms=0.01 unpack_ms=1.59 total_ms=44.84
v5_service device=0 lane=1 class=0 jobs=67 rows=14358 cells=220442 reach=372733 reverse=460932 table_mib=18.6 mutable_mib=426.0 max_job_mib=8.8 oldest_ms=77.08 pack_ms=11.52 solve_ms=44.90
v5_device jobs=10 rows=4728 cells=86269 direct=true graph_reused=false upload_ms=3.89 capture_ms=4.32 queue_ms=17.27 gpu_ms=0.01 unpack_ms=0.54 total_ms=26.03
v5_service device=1 lane=1 class=1 jobs=10 rows=4728 cells=86269 reach=149238 reverse=182674 table_mib=6.9 mutable_mib=176.0 max_job_mib=34.1 oldest_ms=162.72 pack_ms=6.43 solve_ms=26.08
v5_device jobs=8 rows=4127 cells=77105 direct=true graph_reused=false upload_ms=3.40 capture_ms=12.47 queue_ms=11.86 gpu_ms=0.01 unpack_ms=0.58 total_ms=28.32
v5_service device=1 lane=0 class=1 jobs=8 rows=4127 cells=77105 reach=129921 reverse=158510 table_mib=6.0 mutable_mib=160.0 max_job_mib=33.6 oldest_ms=161.78 pack_ms=4.54 solve_ms=28.42
v5_device jobs=10 rows=5328 cells=118627 direct=true graph_reused=false upload_ms=4.26 capture_ms=3.43 queue_ms=46.98 gpu_ms=0.01 unpack_ms=0.61 total_ms=55.29
v5_service device=0 lane=1 class=1 jobs=10 rows=5328 cells=118627 reach=165696 reverse=218645 table_mib=8.0 mutable_mib=176.0 max_job_mib=34.9 oldest_ms=138.98 pack_ms=4.85 solve_ms=55.35
v5_device jobs=81 rows=17463 cells=309028 direct=true graph_reused=false upload_ms=23.84 capture_ms=3.06 queue_ms=41.84 gpu_ms=0.00 unpack_ms=1.99 total_ms=70.72
v5_service device=0 lane=0 class=0 jobs=81 rows=17463 cells=309028 reach=489451 reverse=623731 table_mib=24.2 mutable_mib=538.0 max_job_mib=8.9 oldest_ms=78.83 pack_ms=16.09 solve_ms=70.77
v5_device jobs=6 rows=2807 cells=54962 direct=true graph_reused=false upload_ms=1.98 capture_ms=3.40 queue_ms=8.86 gpu_ms=0.01 unpack_ms=0.24 total_ms=14.48
v5_service device=0 lane=0 class=1 jobs=6 rows=2807 cells=54962 reach=86823 reverse=107154 table_mib=4.1 mutable_mib=96.0 max_job_mib=17.3 oldest_ms=171.67 pack_ms=2.65 solve_ms=14.54
v5_device jobs=11 rows=5687 cells=90805 direct=true graph_reused=false upload_ms=3.57 capture_ms=4.00 queue_ms=14.03 gpu_ms=0.01 unpack_ms=0.58 total_ms=22.19
v5_service device=1 lane=0 class=1 jobs=11 rows=5687 cells=90805 reach=143648 reverse=176567 table_mib=7.0 mutable_mib=192.0 max_job_mib=32.8 oldest_ms=77.27 pack_ms=4.70 solve_ms=22.26
v5_device jobs=58 rows=13120 cells=238253 direct=true graph_reused=false upload_ms=9.67 capture_ms=3.99 queue_ms=27.58 gpu_ms=0.01 unpack_ms=1.50 total_ms=42.75
v5_service device=1 lane=1 class=0 jobs=58 rows=13120 cells=238253 reach=372381 reverse=473344 table_mib=18.3 mutable_mib=390.0 max_job_mib=9.0 oldest_ms=78.34 pack_ms=13.19 solve_ms=42.81
v5_device jobs=10 rows=5132 cells=67894 direct=true graph_reused=false upload_ms=3.03 capture_ms=3.99 queue_ms=39.04 gpu_ms=0.01 unpack_ms=0.47 total_ms=46.54
v5_service device=1 lane=1 class=1 jobs=10 rows=5132 cells=67894 reach=136145 reverse=159743 table_mib=6.5 mutable_mib=176.0 max_job_mib=33.7 oldest_ms=133.66 pack_ms=4.47 solve_ms=46.59
v5_device jobs=94 rows=20693 cells=304156 direct=true graph_reused=false upload_ms=16.85 capture_ms=4.03 queue_ms=44.53 gpu_ms=0.01 unpack_ms=2.02 total_ms=67.44
v5_service device=1 lane=0 class=0 jobs=94 rows=20693 cells=304156 reach=459912 reverse=586567 table_mib=24.4 mutable_mib=632.0 max_job_mib=8.8 oldest_ms=108.89 pack_ms=17.64 solve_ms=67.49
v5_device jobs=72 rows=16176 cells=260235 direct=true graph_reused=false upload_ms=13.07 capture_ms=3.19 queue_ms=70.29 gpu_ms=0.01 unpack_ms=1.64 total_ms=88.20
v5_service device=0 lane=1 class=0 jobs=72 rows=16176 cells=260235 reach=423002 reverse=531331 table_mib=21.2 mutable_mib=490.0 max_job_mib=8.8 oldest_ms=77.47 pack_ms=15.17 solve_ms=88.24
v5_device jobs=97 rows=21833 cells=321684 direct=true graph_reused=false upload_ms=13.46 capture_ms=3.15 queue_ms=44.37 gpu_ms=0.01 unpack_ms=2.27 total_ms=63.25
v5_service device=0 lane=0 class=0 jobs=97 rows=21833 cells=321684 reach=462600 reverse=597728 table_mib=25.0 mutable_mib=666.0 max_job_mib=8.8 oldest_ms=77.22 pack_ms=15.28 solve_ms=63.29
v5_device jobs=7 rows=3405 cells=47363 direct=true graph_reused=false upload_ms=2.36 capture_ms=3.72 queue_ms=15.21 gpu_ms=0.01 unpack_ms=0.35 total_ms=21.65
v5_service device=0 lane=1 class=1 jobs=7 rows=3405 cells=47363 reach=96342 reverse=113178 table_mib=4.5 mutable_mib=112.0 max_job_mib=16.9 oldest_ms=185.54 pack_ms=3.17 solve_ms=21.70
v5_device jobs=9 rows=4317 cells=58775 direct=true graph_reused=false upload_ms=2.12 capture_ms=3.65 queue_ms=14.86 gpu_ms=0.00 unpack_ms=0.34 total_ms=20.97
v5_service device=0 lane=0 class=1 jobs=9 rows=4317 cells=58775 reach=83889 reverse=105327 table_mib=4.6 mutable_mib=160.0 max_job_mib=32.8 oldest_ms=150.68 pack_ms=3.05 solve_ms=21.02
v5_device jobs=1 rows=11100 cells=222859 direct=true graph_reused=false upload_ms=6.59 capture_ms=3.07 queue_ms=23.52 gpu_ms=0.01 unpack_ms=0.44 total_ms=33.63
v5_service device=0 lane=0 class=2 jobs=1 rows=11100 cells=222859 reach=300237 reverse=388996 table_mib=14.8 mutable_mib=256.0 max_job_mib=273.9 oldest_ms=152.35 pack_ms=8.71 solve_ms=33.68
v5_device jobs=67 rows=13863 cells=213916 direct=true graph_reused=false upload_ms=9.77 capture_ms=3.96 queue_ms=41.54 gpu_ms=0.01 unpack_ms=1.52 total_ms=56.80
v5_service device=1 lane=1 class=0 jobs=67 rows=13863 cells=213916 reach=326275 reverse=416804 table_mib=17.1 mutable_mib=426.0 max_job_mib=8.7 oldest_ms=77.49 pack_ms=12.35 solve_ms=56.85
v5_device jobs=65 rows=13620 cells=198819 direct=true graph_reused=false upload_ms=7.37 capture_ms=3.96 queue_ms=37.41 gpu_ms=0.01 unpack_ms=1.38 total_ms=50.12
v5_service device=1 lane=0 class=0 jobs=65 rows=13620 cells=198819 reach=253846 reverse=341467 table_mib=14.6 mutable_mib=412.0 max_job_mib=8.7 oldest_ms=77.61 pack_ms=10.41 solve_ms=50.23
v5_device jobs=10 rows=4392 cells=91561 direct=true graph_reused=false upload_ms=3.21 capture_ms=3.91 queue_ms=29.54 gpu_ms=0.01 unpack_ms=0.56 total_ms=37.24
v5_service device=1 lane=1 class=1 jobs=10 rows=4392 cells=91561 reach=141978 reverse=179956 table_mib=6.6 mutable_mib=160.0 max_job_mib=17.2 oldest_ms=155.33 pack_ms=5.96 solve_ms=37.29
v5_device jobs=20 rows=9428 cells=155915 direct=true graph_reused=false upload_ms=7.02 capture_ms=4.41 queue_ms=24.49 gpu_ms=0.01 unpack_ms=0.97 total_ms=36.89
v5_service device=1 lane=0 class=1 jobs=20 rows=9428 cells=155915 reach=263156 reverse=324416 table_mib=12.6 mutable_mib=352.0 max_job_mib=33.4 oldest_ms=145.58 pack_ms=9.58 solve_ms=36.96
v5_device jobs=87 rows=18766 cells=247134 direct=true graph_reused=false upload_ms=6.77 capture_ms=3.17 queue_ms=26.22 gpu_ms=0.01 unpack_ms=1.53 total_ms=37.70
v5_service device=0 lane=0 class=0 jobs=87 rows=18766 cells=247134 reach=211437 reverse=321391 table_mib=15.5 mutable_mib=582.0 max_job_mib=8.6 oldest_ms=76.71 pack_ms=10.03 solve_ms=37.76
v5_device jobs=96 rows=20926 cells=259680 direct=true graph_reused=false upload_ms=11.87 capture_ms=3.20 queue_ms=58.82 gpu_ms=0.00 unpack_ms=2.14 total_ms=76.04
v5_service device=0 lane=1 class=0 jobs=96 rows=20926 cells=259680 reach=356711 reverse=464742 table_mib=20.9 mutable_mib=634.0 max_job_mib=8.8 oldest_ms=78.45 pack_ms=15.36 solve_ms=76.08
v5_device jobs=10 rows=4506 cells=76379 direct=true graph_reused=false upload_ms=2.69 capture_ms=3.64 queue_ms=20.69 gpu_ms=0.01 unpack_ms=0.42 total_ms=27.43
v5_service device=0 lane=1 class=1 jobs=10 rows=4506 cells=76379 reach=108959 reverse=139607 table_mib=5.5 mutable_mib=160.0 max_job_mib=17.0 oldest_ms=168.59 pack_ms=3.67 solve_ms=27.50
v5_device jobs=19 rows=9573 cells=108675 direct=true graph_reused=false upload_ms=3.42 capture_ms=3.44 queue_ms=20.85 gpu_ms=0.00 unpack_ms=0.77 total_ms=28.48
v5_service device=0 lane=0 class=1 jobs=19 rows=9573 cells=108675 reach=101505 reverse=143940 table_mib=7.3 mutable_mib=352.0 max_job_mib=33.1 oldest_ms=131.42 pack_ms=4.46 solve_ms=28.54
v5_device jobs=72 rows=14267 cells=166594 direct=true graph_reused=false upload_ms=5.81 capture_ms=3.98 queue_ms=20.67 gpu_ms=0.01 unpack_ms=1.22 total_ms=31.68
v5_service device=1 lane=0 class=0 jobs=72 rows=14267 cells=166594 reach=187531 reverse=255086 table_mib=12.3 mutable_mib=442.0 max_job_mib=8.7 oldest_ms=78.16 pack_ms=9.36 solve_ms=31.75
v5_device jobs=3 rows=1316 cells=11063 direct=true graph_reused=false upload_ms=0.34 capture_ms=5.07 queue_ms=18.66 gpu_ms=0.01 unpack_ms=0.09 total_ms=24.17
v5_service device=1 lane=0 class=1 jobs=3 rows=1316 cells=11063 reach=6966 reverse=11063 table_mib=0.7 mutable_mib=48.0 max_job_mib=16.4 oldest_ms=111.97 pack_ms=0.46 solve_ms=24.25
v5_device jobs=76 rows=17317 cells=265243 direct=true graph_reused=false upload_ms=26.85 capture_ms=4.36 queue_ms=31.83 gpu_ms=0.01 unpack_ms=1.67 total_ms=64.71
v5_service device=1 lane=1 class=0 jobs=76 rows=17317 cells=265243 reach=371897 reverse=484685 table_mib=20.1 mutable_mib=500.0 max_job_mib=8.7 oldest_ms=77.09 pack_ms=14.68 solve_ms=64.76
v5_device jobs=1 rows=2169 cells=9241 direct=true graph_reused=false upload_ms=0.83 capture_ms=5.35 queue_ms=3.17 gpu_ms=0.01 unpack_ms=0.07 total_ms=9.44
v5_service device=1 lane=0 class=2 jobs=1 rows=2169 cells=9241 reach=24563 reverse=24881 table_mib=1.6 mutable_mib=64.0 max_job_mib=65.9 oldest_ms=129.09 pack_ms=1.38 solve_ms=9.51
v5_device jobs=9 rows=3650 cells=62388 direct=true graph_reused=false upload_ms=2.14 capture_ms=3.78 queue_ms=9.65 gpu_ms=2.30 unpack_ms=0.33 total_ms=18.20
v5_service device=1 lane=1 class=1 jobs=9 rows=3650 cells=62388 reach=103726 reverse=126545 table_mib=4.9 mutable_mib=144.0 max_job_mib=17.1 oldest_ms=159.29 pack_ms=3.55 solve_ms=18.25
v5_device jobs=82 rows=17735 cells=280184 direct=true graph_reused=false upload_ms=12.74 capture_ms=3.66 queue_ms=46.60 gpu_ms=0.01 unpack_ms=1.65 total_ms=64.64
v5_service device=0 lane=1 class=0 jobs=82 rows=17735 cells=280184 reach=287370 reverse=416165 table_mib=17.9 mutable_mib=548.0 max_job_mib=8.8 oldest_ms=77.69 pack_ms=12.16 solve_ms=64.71
v5_device jobs=114 rows=24246 cells=291479 direct=true graph_reused=false upload_ms=12.36 capture_ms=3.94 queue_ms=46.86 gpu_ms=13.24 unpack_ms=2.23 total_ms=78.63
v5_service device=0 lane=0 class=0 jobs=114 rows=24246 cells=291479 reach=213459 reverse=341757 table_mib=17.7 mutable_mib=738.0 max_job_mib=8.6 oldest_ms=77.12 pack_ms=12.02 solve_ms=78.69
v5_device jobs=6 rows=2859 cells=32002 direct=true graph_reused=false upload_ms=0.79 capture_ms=3.39 queue_ms=8.13 gpu_ms=0.01 unpack_ms=0.32 total_ms=12.63
v5_service device=0 lane=1 class=1 jobs=6 rows=2859 cells=32002 reach=25578 reverse=38836 table_mib=2.1 mutable_mib=96.0 max_job_mib=16.7 oldest_ms=160.66 pack_ms=1.31 solve_ms=12.67
v5_device jobs=10 rows=5349 cells=69264 direct=true graph_reused=false upload_ms=1.44 capture_ms=3.41 queue_ms=9.27 gpu_ms=0.01 unpack_ms=0.33 total_ms=14.45
v5_service device=0 lane=0 class=1 jobs=10 rows=5349 cells=69264 reach=52695 reverse=80362 table_mib=4.0 mutable_mib=176.0 max_job_mib=33.4 oldest_ms=175.23 pack_ms=2.34 solve_ms=14.50
v5_device jobs=73 rows=15554 cells=185359 direct=true graph_reused=false upload_ms=4.27 capture_ms=4.09 queue_ms=20.61 gpu_ms=0.01 unpack_ms=1.28 total_ms=30.26
v5_service device=1 lane=1 class=0 jobs=73 rows=15554 cells=185359 reach=139533 reverse=220051 table_mib=11.5 mutable_mib=468.0 max_job_mib=8.6 oldest_ms=77.18 pack_ms=7.50 solve_ms=30.32
v5_device jobs=65 rows=13829 cells=184425 direct=true graph_reused=false upload_ms=6.99 capture_ms=4.09 queue_ms=39.33 gpu_ms=0.01 unpack_ms=1.43 total_ms=51.85
v5_service device=1 lane=0 class=0 jobs=65 rows=13829 cells=184425 reach=178623 reverse=260980 table_mib=12.2 mutable_mib=408.0 max_job_mib=8.5 oldest_ms=78.65 pack_ms=8.57 solve_ms=51.91
v5_device jobs=6 rows=2763 cells=27800 direct=true graph_reused=false upload_ms=0.76 capture_ms=5.15 queue_ms=12.28 gpu_ms=0.01 unpack_ms=0.24 total_ms=18.44
v5_service device=1 lane=0 class=1 jobs=6 rows=2763 cells=27800 reach=17309 reverse=27800 table_mib=1.7 mutable_mib=96.0 max_job_mib=16.5 oldest_ms=142.91 pack_ms=1.38 solve_ms=18.52
v5_device jobs=12 rows=5584 cells=67697 direct=true graph_reused=false upload_ms=1.50 capture_ms=4.16 queue_ms=9.77 gpu_ms=0.00 unpack_ms=0.46 total_ms=15.89
v5_service device=1 lane=1 class=1 jobs=12 rows=5584 cells=67697 reach=47617 reverse=74844 table_mib=4.0 mutable_mib=208.0 max_job_mib=32.6 oldest_ms=122.65 pack_ms=2.84 solve_ms=15.94
v5_device jobs=1 rows=1704 cells=18831 direct=true graph_reused=false upload_ms=0.42 capture_ms=3.83 queue_ms=2.76 gpu_ms=0.00 unpack_ms=0.08 total_ms=7.09
v5_service device=1 lane=1 class=2 jobs=1 rows=1704 cells=18831 reach=12369 reverse=18831 table_mib=1.1 mutable_mib=64.0 max_job_mib=65.5 oldest_ms=133.80 pack_ms=0.74 solve_ms=7.14
v5_device jobs=90 rows=20575 cells=256155 direct=true graph_reused=false upload_ms=5.34 capture_ms=3.29 queue_ms=44.59 gpu_ms=0.01 unpack_ms=1.68 total_ms=54.91
v5_service device=0 lane=1 class=0 jobs=90 rows=20575 cells=256155 reach=152236 reverse=268450 table_mib=14.3 mutable_mib=606.0 max_job_mib=8.5 oldest_ms=77.48 pack_ms=8.62 solve_ms=54.97
v5_device jobs=96 rows=20387 cells=261608 direct=true graph_reused=false upload_ms=4.72 capture_ms=3.21 queue_ms=26.41 gpu_ms=0.00 unpack_ms=1.60 total_ms=35.94
v5_service device=0 lane=0 class=0 jobs=96 rows=20387 cells=261608 reach=138669 reverse=261608 table_mib=14.0 mutable_mib=618.0 max_job_mib=8.4 oldest_ms=77.18 pack_ms=8.08 solve_ms=35.98
v5_device jobs=10 rows=6474 cells=67689 direct=true graph_reused=false upload_ms=1.56 capture_ms=4.30 queue_ms=13.12 gpu_ms=0.01 unpack_ms=0.44 total_ms=19.43
v5_service device=0 lane=0 class=1 jobs=10 rows=6474 cells=67689 reach=44222 reverse=67689 table_mib=4.0 mutable_mib=224.0 max_job_mib=33.0 oldest_ms=128.39 pack_ms=2.39 solve_ms=19.48
v5_device jobs=9 rows=5017 cells=59932 direct=true graph_reused=false upload_ms=3.88 capture_ms=4.18 queue_ms=11.99 gpu_ms=0.00 unpack_ms=0.46 total_ms=20.51
v5_service device=0 lane=1 class=1 jobs=9 rows=5017 cells=59932 reach=37671 reverse=59932 table_mib=3.3 mutable_mib=160.0 max_job_mib=32.8 oldest_ms=146.89 pack_ms=2.03 solve_ms=20.56
v5_device jobs=89 rows=18706 cells=211291 direct=true graph_reused=false upload_ms=4.85 capture_ms=5.63 queue_ms=22.09 gpu_ms=0.01 unpack_ms=1.32 total_ms=33.89
v5_service device=1 lane=1 class=0 jobs=89 rows=18706 cells=211291 reach=122352 reverse=216723 table_mib=12.3 mutable_mib=572.0 max_job_mib=8.4 oldest_ms=79.46 pack_ms=9.75 solve_ms=33.94
v5_device jobs=71 rows=15770 cells=208198 direct=true graph_reused=false upload_ms=4.87 capture_ms=4.02 queue_ms=37.31 gpu_ms=0.01 unpack_ms=1.68 total_ms=47.89
v5_service device=1 lane=0 class=0 jobs=71 rows=15770 cells=208198 reach=119908 reverse=215938 table_mib=11.3 mutable_mib=466.0 max_job_mib=8.7 oldest_ms=77.44 pack_ms=7.81 solve_ms=47.94
v5_device jobs=13 rows=6751 cells=79135 direct=true graph_reused=false upload_ms=1.86 capture_ms=4.05 queue_ms=19.87 gpu_ms=0.01 unpack_ms=0.51 total_ms=26.29
v5_service device=1 lane=0 class=1 jobs=13 rows=6751 cells=79135 reach=47168 reverse=79135 table_mib=4.4 mutable_mib=224.0 max_job_mib=33.0 oldest_ms=137.39 pack_ms=2.92 solve_ms=26.35
v5_device jobs=19 rows=9865 cells=113684 direct=true graph_reused=false upload_ms=2.56 capture_ms=4.29 queue_ms=16.17 gpu_ms=0.01 unpack_ms=0.68 total_ms=23.71
v5_service device=1 lane=1 class=1 jobs=19 rows=9865 cells=113684 reach=69270 reverse=113684 table_mib=6.4 mutable_mib=320.0 max_job_mib=32.8 oldest_ms=132.12 pack_ms=4.44 solve_ms=23.77
v5_device jobs=19 rows=10603 cells=125335 direct=true graph_reused=false upload_ms=2.41 capture_ms=3.23 queue_ms=28.05 gpu_ms=0.01 unpack_ms=0.66 total_ms=34.36
v5_service device=0 lane=0 class=1 jobs=19 rows=10603 cells=125335 reach=75001 reverse=125335 table_mib=6.9 mutable_mib=336.0 max_job_mib=33.4 oldest_ms=75.95 pack_ms=3.34 solve_ms=34.41
v5_device jobs=30 rows=16233 cells=132679 direct=true graph_reused=false upload_ms=3.34 capture_ms=3.24 queue_ms=25.62 gpu_ms=0.00 unpack_ms=0.96 total_ms=33.16
v5_service device=0 lane=1 class=1 jobs=30 rows=16233 cells=132679 reach=84694 reverse=132679 table_mib=9.0 mutable_mib=544.0 max_job_mib=32.9 oldest_ms=75.70 pack_ms=4.65 solve_ms=33.20
v5_device jobs=95 rows=20925 cells=239893 direct=true graph_reused=false upload_ms=4.71 capture_ms=3.10 queue_ms=35.65 gpu_ms=0.01 unpack_ms=1.39 total_ms=44.86
v5_service device=1 lane=1 class=0 jobs=95 rows=20925 cells=239893 reach=132590 reverse=239923 table_mib=13.6 mutable_mib=616.0 max_job_mib=8.4 oldest_ms=77.33 pack_ms=7.03 solve_ms=44.91
v5_device jobs=91 rows=19788 cells=219185 direct=true graph_reused=false upload_ms=5.18 capture_ms=3.98 queue_ms=34.28 gpu_ms=0.01 unpack_ms=1.70 total_ms=45.15
v5_service device=1 lane=0 class=0 jobs=91 rows=19788 cells=219185 reach=122592 reverse=219185 table_mib=12.7 mutable_mib=584.0 max_job_mib=8.4 oldest_ms=77.83 pack_ms=9.20 solve_ms=45.20
v5_device jobs=178 rows=40532 cells=491795 direct=true graph_reused=false upload_ms=14.60 capture_ms=3.36 queue_ms=67.56 gpu_ms=0.01 unpack_ms=2.88 total_ms=88.42
v5_service device=0 lane=0 class=0 jobs=178 rows=40532 cells=491795 reach=270284 reverse=491795 table_mib=27.1 mutable_mib=1174.0 max_job_mib=8.4 oldest_ms=119.50 pack_ms=18.19 solve_ms=88.47
v5_device jobs=10 rows=5471 cells=80426 direct=true graph_reused=false upload_ms=1.41 capture_ms=3.86 queue_ms=16.10 gpu_ms=6.01 unpack_ms=0.66 total_ms=28.03
v5_service device=1 lane=1 class=1 jobs=10 rows=5471 cells=80426 reach=45255 reverse=80426 table_mib=4.0 mutable_mib=176.0 max_job_mib=33.3 oldest_ms=125.47 pack_ms=2.29 solve_ms=28.09
v5_device jobs=11 rows=6580 cells=71409 direct=true graph_reused=false upload_ms=1.77 capture_ms=5.76 queue_ms=10.64 gpu_ms=5.47 unpack_ms=0.71 total_ms=24.35
v5_service device=1 lane=0 class=1 jobs=11 rows=6580 cells=71409 reach=43846 reverse=71409 table_mib=4.1 mutable_mib=208.0 max_job_mib=33.0 oldest_ms=134.67 pack_ms=3.29 solve_ms=24.41
v5_device jobs=165 rows=35790 cells=413441 direct=true graph_reused=false upload_ms=15.65 capture_ms=3.49 queue_ms=67.90 gpu_ms=13.30 unpack_ms=3.46 total_ms=103.81
v5_service device=0 lane=1 class=0 jobs=165 rows=35790 cells=413441 reach=229921 reverse=413441 table_mib=23.5 mutable_mib=1068.0 max_job_mib=8.4 oldest_ms=120.53 pack_ms=15.77 solve_ms=103.86
v5_device jobs=1 rows=3498 cells=19021 direct=true graph_reused=false upload_ms=0.88 capture_ms=5.24 queue_ms=4.06 gpu_ms=0.01 unpack_ms=0.15 total_ms=10.35
v5_service device=1 lane=0 class=2 jobs=1 rows=3498 cells=19021 reach=13230 reverse=19021 table_mib=1.6 mutable_mib=128.0 max_job_mib=130.1 oldest_ms=154.90 pack_ms=1.35 solve_ms=10.42
v5_device jobs=1 rows=9392 cells=111168 direct=true graph_reused=false upload_ms=2.63 capture_ms=5.44 queue_ms=9.54 gpu_ms=0.01 unpack_ms=0.38 total_ms=18.00
v5_service device=0 lane=1 class=2 jobs=1 rows=9392 cells=111168 reach=64148 reverse=111168 table_mib=6.0 mutable_mib=256.0 max_job_mib=263.9 oldest_ms=255.62 pack_ms=3.94 solve_ms=18.06
v5_device jobs=101 rows=22486 cells=278554 direct=true graph_reused=false upload_ms=5.03 capture_ms=3.06 queue_ms=25.63 gpu_ms=0.01 unpack_ms=1.58 total_ms=35.30
v5_service device=0 lane=0 class=0 jobs=101 rows=22486 cells=278554 reach=151913 reverse=278554 table_mib=15.2 mutable_mib=680.0 max_job_mib=8.4 oldest_ms=76.45 pack_ms=8.26 solve_ms=35.34
v5_device jobs=26 rows=14502 cells=157743 direct=true graph_reused=false upload_ms=3.57 capture_ms=4.06 queue_ms=33.26 gpu_ms=12.03 unpack_ms=1.07 total_ms=53.99
v5_service device=1 lane=0 class=1 jobs=26 rows=14502 cells=157743 reach=100402 reverse=157743 table_mib=9.2 mutable_mib=480.0 max_job_mib=32.8 oldest_ms=76.84 pack_ms=5.89 solve_ms=54.05
v5_device jobs=109 rows=23904 cells=276988 direct=true graph_reused=false upload_ms=10.02 capture_ms=3.29 queue_ms=37.18 gpu_ms=12.34 unpack_ms=1.93 total_ms=64.76
v5_service device=1 lane=1 class=0 jobs=109 rows=23904 cells=276988 reach=153436 reverse=276988 table_mib=15.7 mutable_mib=732.0 max_job_mib=8.4 oldest_ms=76.26 pack_ms=8.40 solve_ms=64.81
v5_device jobs=7 rows=2843 cells=26330 direct=true graph_reused=false upload_ms=0.64 capture_ms=4.16 queue_ms=4.26 gpu_ms=0.01 unpack_ms=0.19 total_ms=9.25
v5_service device=1 lane=1 class=1 jobs=7 rows=2843 cells=26330 reach=17588 reverse=26330 table_mib=1.7 mutable_mib=112.0 max_job_mib=16.4 oldest_ms=154.27 pack_ms=0.96 solve_ms=9.31
v5_device jobs=23 rows=11832 cells=131086 direct=true graph_reused=false upload_ms=2.69 capture_ms=3.36 queue_ms=33.78 gpu_ms=0.03 unpack_ms=0.75 total_ms=40.61
v5_service device=0 lane=0 class=1 jobs=23 rows=11832 cells=131086 reach=82919 reverse=131086 table_mib=7.5 mutable_mib=400.0 max_job_mib=33.2 oldest_ms=127.67 pack_ms=3.76 solve_ms=40.66
v5_device jobs=106 rows=21606 cells=275567 direct=true graph_reused=false upload_ms=6.75 capture_ms=5.95 queue_ms=31.88 gpu_ms=0.01 unpack_ms=2.09 total_ms=46.70
v5_service device=0 lane=1 class=0 jobs=106 rows=21606 cells=275567 reach=147289 reverse=275567 table_mib=14.9 mutable_mib=645.0 max_job_mib=8.4 oldest_ms=76.73 pack_ms=11.55 solve_ms=46.76
v5_device jobs=1 rows=9680 cells=50772 direct=true graph_reused=false upload_ms=1.88 capture_ms=3.45 queue_ms=11.49 gpu_ms=0.01 unpack_ms=0.28 total_ms=17.11
v5_service device=0 lane=0 class=2 jobs=1 rows=9680 cells=50772 reach=49341 reverse=50772 table_mib=4.8 mutable_mib=256.0 max_job_mib=262.6 oldest_ms=102.98 pack_ms=2.52 solve_ms=17.17
v5_device jobs=15 rows=8813 cells=128507 direct=true graph_reused=false upload_ms=2.52 capture_ms=5.72 queue_ms=10.57 gpu_ms=0.01 unpack_ms=0.62 total_ms=19.44
v5_service device=0 lane=1 class=1 jobs=15 rows=8813 cells=128507 reach=73348 reverse=128507 table_mib=6.4 mutable_mib=288.0 max_job_mib=33.5 oldest_ms=153.61 pack_ms=4.77 solve_ms=19.50
v5_device jobs=1 rows=11286 cells=72045 direct=true graph_reused=false upload_ms=2.53 capture_ms=5.82 queue_ms=41.09 gpu_ms=0.01 unpack_ms=0.35 total_ms=49.79
v5_service device=1 lane=1 class=2 jobs=1 rows=11286 cells=72045 reach=70209 reverse=72045 table_mib=6.0 mutable_mib=256.0 max_job_mib=264.4 oldest_ms=118.53 pack_ms=3.44 solve_ms=49.84
v5_device jobs=134 rows=30155 cells=365931 direct=true graph_reused=false upload_ms=10.91 capture_ms=4.89 queue_ms=33.18 gpu_ms=0.01 unpack_ms=2.42 total_ms=51.42
v5_service device=1 lane=0 class=0 jobs=134 rows=30155 cells=365931 reach=200791 reverse=365931 table_mib=20.2 mutable_mib=902.0 max_job_mib=8.5 oldest_ms=145.96 pack_ms=18.57 solve_ms=51.48
v5_device jobs=1 rows=1638 cells=4606 direct=true graph_reused=false upload_ms=0.35 capture_ms=5.42 queue_ms=0.70 gpu_ms=0.01 unpack_ms=0.05 total_ms=6.51
v5_service device=1 lane=0 class=2 jobs=1 rows=1638 cells=4606 reach=4237 reverse=4606 table_mib=0.7 mutable_mib=64.0 max_job_mib=64.8 oldest_ms=201.96 pack_ms=0.47 solve_ms=6.56
v5_device jobs=1 rows=10218 cells=190451 direct=true graph_reused=false upload_ms=2.96 capture_ms=4.86 queue_ms=12.74 gpu_ms=0.01 unpack_ms=0.52 total_ms=21.08
v5_service device=0 lane=1 class=2 jobs=1 rows=10218 cells=190451 reach=110227 reverse=190451 table_mib=8.4 mutable_mib=256.0 max_job_mib=267.2 oldest_ms=176.14 pack_ms=5.06 solve_ms=21.13
v5_device jobs=112 rows=25009 cells=294693 direct=true graph_reused=false upload_ms=5.59 capture_ms=3.21 queue_ms=27.48 gpu_ms=0.01 unpack_ms=1.68 total_ms=37.97
v5_service device=0 lane=0 class=0 jobs=112 rows=25009 cells=294693 reach=161533 reverse=294693 table_mib=16.6 mutable_mib=730.0 max_job_mib=8.4 oldest_ms=76.58 pack_ms=8.09 solve_ms=38.02
v5_device jobs=15 rows=7344 cells=72677 direct=true graph_reused=false upload_ms=1.55 capture_ms=3.44 queue_ms=12.55 gpu_ms=0.01 unpack_ms=0.41 total_ms=17.95
v5_service device=0 lane=0 class=1 jobs=15 rows=7344 cells=72677 reach=45501 reverse=72677 table_mib=4.5 mutable_mib=256.0 max_job_mib=32.6 oldest_ms=129.39 pack_ms=2.32 solve_ms=18.00
v5_device jobs=86 rows=18560 cells=217956 direct=true graph_reused=false upload_ms=5.21 capture_ms=5.55 queue_ms=19.96 gpu_ms=0.01 unpack_ms=1.53 total_ms=32.26
v5_service device=0 lane=1 class=0 jobs=86 rows=18560 cells=217956 reach=118964 reverse=217956 table_mib=12.3 mutable_mib=580.0 max_job_mib=8.4 oldest_ms=77.92 pack_ms=9.55 solve_ms=32.32
v5_device jobs=97 rows=21703 cells=266295 direct=true graph_reused=false upload_ms=6.13 capture_ms=4.15 queue_ms=28.21 gpu_ms=0.01 unpack_ms=2.00 total_ms=40.49
v5_service device=1 lane=0 class=0 jobs=97 rows=21703 cells=266295 reach=146012 reverse=266295 table_mib=14.6 mutable_mib=660.0 max_job_mib=8.4 oldest_ms=76.70 pack_ms=9.80 solve_ms=40.56
v5_device jobs=119 rows=25743 cells=308522 direct=true graph_reused=false upload_ms=6.24 capture_ms=4.22 queue_ms=50.93 gpu_ms=0.02 unpack_ms=2.91 total_ms=64.32
v5_service device=1 lane=1 class=0 jobs=119 rows=25743 cells=308522 reach=166547 reverse=308522 table_mib=17.1 mutable_mib=760.0 max_job_mib=8.5 oldest_ms=76.71 pack_ms=8.73 solve_ms=64.37
v5_device jobs=13 rows=7067 cells=81046 direct=true graph_reused=false upload_ms=2.08 capture_ms=6.48 queue_ms=7.66 gpu_ms=0.01 unpack_ms=0.57 total_ms=16.81
v5_service device=0 lane=1 class=1 jobs=13 rows=7067 cells=81046 reach=51412 reverse=81046 table_mib=4.6 mutable_mib=240.0 max_job_mib=33.0 oldest_ms=127.71 pack_ms=3.08 solve_ms=16.86
v5_device jobs=10 rows=5891 cells=49314 direct=true graph_reused=false upload_ms=1.35 capture_ms=4.27 queue_ms=15.18 gpu_ms=0.01 unpack_ms=0.42 total_ms=21.23
v5_service device=1 lane=0 class=1 jobs=10 rows=5891 cells=49314 reach=33339 reverse=49314 table_mib=3.3 mutable_mib=208.0 max_job_mib=32.8 oldest_ms=136.98 pack_ms=2.23 solve_ms=21.28
v5_device jobs=14 rows=6553 cells=70118 direct=true graph_reused=false upload_ms=1.47 capture_ms=3.68 queue_ms=11.79 gpu_ms=0.00 unpack_ms=0.47 total_ms=17.41
v5_service device=1 lane=1 class=1 jobs=14 rows=6553 cells=70118 reach=43296 reverse=70118 table_mib=4.1 mutable_mib=224.0 max_job_mib=16.5 oldest_ms=161.45 pack_ms=3.38 solve_ms=17.44
v5_device jobs=91 rows=20299 cells=238888 direct=true graph_reused=false upload_ms=4.86 capture_ms=3.11 queue_ms=21.90 gpu_ms=0.02 unpack_ms=1.30 total_ms=31.18
v5_service device=0 lane=0 class=0 jobs=91 rows=20299 cells=238888 reach=131518 reverse=238888 table_mib=13.4 mutable_mib=596.0 max_job_mib=8.4 oldest_ms=77.71 pack_ms=6.90 solve_ms=31.22
v5_device jobs=7 rows=3911 cells=44736 direct=true graph_reused=false upload_ms=0.91 capture_ms=3.15 queue_ms=7.00 gpu_ms=0.01 unpack_ms=0.22 total_ms=11.28
v5_service device=0 lane=0 class=1 jobs=7 rows=3911 cells=44736 reach=28377 reverse=44736 table_mib=2.6 mutable_mib=128.0 max_job_mib=32.9 oldest_ms=121.88 pack_ms=1.33 solve_ms=11.32
v5_device jobs=92 rows=20215 cells=258442 direct=true graph_reused=false upload_ms=5.62 capture_ms=4.96 queue_ms=20.82 gpu_ms=0.01 unpack_ms=1.58 total_ms=32.99
v5_service device=0 lane=1 class=0 jobs=92 rows=20215 cells=258442 reach=137045 reverse=258442 table_mib=13.9 mutable_mib=612.0 max_job_mib=8.4 oldest_ms=76.72 pack_ms=8.86 solve_ms=33.05
v5_device jobs=96 rows=21518 cells=246864 direct=true graph_reused=false upload_ms=5.08 capture_ms=3.34 queue_ms=36.25 gpu_ms=0.01 unpack_ms=1.50 total_ms=46.19
v5_service device=1 lane=1 class=0 jobs=96 rows=21518 cells=246864 reach=136931 reverse=246864 table_mib=14.0 mutable_mib=632.0 max_job_mib=8.5 oldest_ms=76.83 pack_ms=7.68 solve_ms=46.24
v5_device jobs=83 rows=18482 cells=225267 direct=true graph_reused=false upload_ms=5.49 capture_ms=4.05 queue_ms=35.39 gpu_ms=0.01 unpack_ms=1.77 total_ms=46.70
v5_service device=1 lane=0 class=0 jobs=83 rows=18482 cells=225267 reach=122016 reverse=225267 table_mib=12.4 mutable_mib=556.0 max_job_mib=8.4 oldest_ms=76.74 pack_ms=9.05 solve_ms=46.75
v5_device jobs=9 rows=6434 cells=100382 direct=true graph_reused=false upload_ms=1.72 capture_ms=4.91 queue_ms=9.49 gpu_ms=0.01 unpack_ms=0.61 total_ms=16.74
v5_service device=0 lane=1 class=1 jobs=9 rows=6434 cells=100382 reach=56128 reverse=100382 table_mib=4.8 mutable_mib=208.0 max_job_mib=33.3 oldest_ms=124.42 pack_ms=2.69 solve_ms=16.78
v5_device jobs=8 rows=4095 cells=50476 direct=true graph_reused=false upload_ms=1.14 capture_ms=4.45 queue_ms=8.18 gpu_ms=0.01 unpack_ms=0.34 total_ms=14.12
v5_service device=1 lane=1 class=1 jobs=8 rows=4095 cells=50476 reach=30001 reverse=50476 table_mib=2.8 mutable_mib=160.0 max_job_mib=32.6 oldest_ms=140.72 pack_ms=1.89 solve_ms=14.18
v5_device jobs=1 rows=1560 cells=3428 direct=true graph_reused=false upload_ms=0.23 capture_ms=4.04 queue_ms=8.39 gpu_ms=0.00 unpack_ms=0.05 total_ms=12.71
v5_service device=1 lane=1 class=2 jobs=1 rows=1560 cells=3428 reach=3311 reverse=3428 table_mib=0.6 mutable_mib=64.0 max_job_mib=64.8 oldest_ms=141.39 pack_ms=0.38 solve_ms=12.76
v5_device jobs=18 rows=10989 cells=128239 direct=true graph_reused=false upload_ms=3.21 capture_ms=5.10 queue_ms=15.61 gpu_ms=0.01 unpack_ms=0.80 total_ms=24.73
v5_service device=1 lane=0 class=1 jobs=18 rows=10989 cells=128239 reach=78264 reverse=128239 table_mib=7.2 mutable_mib=352.0 max_job_mib=33.2 oldest_ms=142.42 pack_ms=6.22 solve_ms=24.79
v5_device jobs=101 rows=21136 cells=242304 direct=true graph_reused=false upload_ms=4.67 capture_ms=3.53 queue_ms=25.36 gpu_ms=0.01 unpack_ms=1.36 total_ms=34.93
v5_service device=0 lane=0 class=0 jobs=101 rows=21136 cells=242304 reach=134036 reverse=242304 table_mib=13.8 mutable_mib=623.0 max_job_mib=8.4 oldest_ms=76.96 pack_ms=7.42 solve_ms=34.98
v5_device jobs=3 rows=17185 cells=134578 direct=true graph_reused=false upload_ms=5.78 capture_ms=4.89 queue_ms=42.19 gpu_ms=0.01 unpack_ms=1.07 total_ms=53.94
v5_service device=0 lane=1 class=2 jobs=3 rows=17185 cells=134578 reach=116619 reverse=134578 table_mib=9.7 mutable_mib=448.0 max_job_mib=264.1 oldest_ms=144.54 pack_ms=5.73 solve_ms=53.99
v5_device jobs=21 rows=11648 cells=119930 direct=true graph_reused=false upload_ms=2.55 capture_ms=3.18 queue_ms=14.77 gpu_ms=0.01 unpack_ms=0.60 total_ms=21.10
v5_service device=0 lane=0 class=1 jobs=21 rows=11648 cells=119930 reach=75539 reverse=119930 table_mib=7.2 mutable_mib=384.0 max_job_mib=32.9 oldest_ms=126.10 pack_ms=3.94 solve_ms=21.13
v5_device jobs=102 rows=21826 cells=267900 direct=true graph_reused=false upload_ms=5.30 capture_ms=3.12 queue_ms=38.29 gpu_ms=0.01 unpack_ms=1.62 total_ms=48.35
v5_service device=1 lane=1 class=0 jobs=102 rows=21826 cells=267900 reach=145467 reverse=267900 table_mib=14.7 mutable_mib=664.0 max_job_mib=8.4 oldest_ms=76.27 pack_ms=7.41 solve_ms=48.40
v5_device jobs=80 rows=17855 cells=216535 direct=true graph_reused=false upload_ms=4.55 capture_ms=3.98 queue_ms=32.53 gpu_ms=0.01 unpack_ms=1.78 total_ms=42.84
v5_service device=1 lane=0 class=0 jobs=80 rows=17855 cells=216535 reach=119771 reverse=216535 table_mib=12.0 mutable_mib=532.0 max_job_mib=8.4 oldest_ms=77.51 pack_ms=8.37 solve_ms=42.89
v5_device jobs=81 rows=17142 cells=203591 direct=true graph_reused=false upload_ms=3.98 capture_ms=4.85 queue_ms=18.21 gpu_ms=0.02 unpack_ms=1.54 total_ms=28.59
v5_service device=0 lane=1 class=0 jobs=81 rows=17142 cells=203591 reach=110569 reverse=203591 table_mib=11.4 mutable_mib=540.0 max_job_mib=8.5 oldest_ms=78.32 pack_ms=7.71 solve_ms=28.65
v5_device jobs=8 rows=3693 cells=33885 direct=true graph_reused=false upload_ms=0.91 capture_ms=4.83 queue_ms=6.70 gpu_ms=0.02 unpack_ms=0.39 total_ms=12.85
v5_service device=1 lane=0 class=1 jobs=8 rows=3693 cells=33885 reach=21466 reverse=33885 table_mib=2.2 mutable_mib=128.0 max_job_mib=16.5 oldest_ms=129.44 pack_ms=1.58 solve_ms=12.90
v5_device jobs=13 rows=6622 cells=89781 direct=true graph_reused=false upload_ms=2.04 capture_ms=8.41 queue_ms=6.18 gpu_ms=0.01 unpack_ms=0.55 total_ms=17.19
v5_service device=1 lane=1 class=1 jobs=13 rows=6622 cells=89781 reach=53157 reverse=89781 table_mib=4.7 mutable_mib=224.0 max_job_mib=33.0 oldest_ms=138.01 pack_ms=3.56 solve_ms=17.26
v5_device jobs=13 rows=6854 cells=75638 direct=true graph_reused=false upload_ms=2.01 capture_ms=6.69 queue_ms=31.79 gpu_ms=0.01 unpack_ms=0.46 total_ms=40.96
v5_service device=0 lane=1 class=1 jobs=13 rows=6854 cells=75638 reach=46575 reverse=75638 table_mib=4.3 mutable_mib=240.0 max_job_mib=33.0 oldest_ms=122.51 pack_ms=3.72 solve_ms=41.02
v5_device jobs=119 rows=27045 cells=340292 direct=true graph_reused=false upload_ms=8.00 capture_ms=4.32 queue_ms=33.99 gpu_ms=0.01 unpack_ms=2.07 total_ms=48.38
v5_service device=0 lane=0 class=0 jobs=119 rows=27045 cells=340292 reach=184517 reverse=340292 table_mib=18.4 mutable_mib=806.0 max_job_mib=8.4 oldest_ms=77.50 pack_ms=12.60 solve_ms=48.44
v5_device jobs=1 rows=2106 cells=35471 direct=true graph_reused=false upload_ms=0.59 capture_ms=6.16 queue_ms=2.25 gpu_ms=0.01 unpack_ms=0.11 total_ms=9.12
v5_service device=0 lane=1 class=2 jobs=1 rows=2106 cells=35471 reach=22217 reverse=35471 table_mib=1.6 mutable_mib=64.0 max_job_mib=66.1 oldest_ms=158.22 pack_ms=1.19 solve_ms=9.18
v5_device jobs=15 rows=8285 cells=79211 direct=true graph_reused=false upload_ms=1.71 capture_ms=3.82 queue_ms=10.35 gpu_ms=0.01 unpack_ms=0.43 total_ms=16.32
v5_service device=0 lane=0 class=1 jobs=15 rows=8285 cells=79211 reach=50139 reverse=79211 table_mib=4.9 mutable_mib=288.0 max_job_mib=33.0 oldest_ms=145.15 pack_ms=2.65 solve_ms=16.37
v5_device jobs=73 rows=16178 cells=197276 direct=true graph_reused=false upload_ms=3.69 capture_ms=4.77 queue_ms=23.72 gpu_ms=0.01 unpack_ms=1.11 total_ms=33.29
v5_service device=1 lane=1 class=0 jobs=73 rows=16178 cells=197276 reach=109037 reverse=197276 table_mib=10.9 mutable_mib=478.0 max_job_mib=8.4 oldest_ms=77.57 pack_ms=7.28 solve_ms=33.34
v5_device jobs=83 rows=17678 cells=200341 direct=true graph_reused=false upload_ms=4.10 capture_ms=3.91 queue_ms=34.55 gpu_ms=0.01 unpack_ms=1.66 total_ms=44.24
v5_service device=1 lane=0 class=0 jobs=83 rows=17678 cells=200341 reach=112414 reverse=200349 table_mib=11.5 mutable_mib=512.0 max_job_mib=8.4 oldest_ms=77.73 pack_ms=7.11 solve_ms=44.28
v5_device jobs=69 rows=15242 cells=189364 direct=true graph_reused=false upload_ms=5.72 capture_ms=4.16 queue_ms=17.26 gpu_ms=0.01 unpack_ms=1.32 total_ms=28.47
v5_service device=0 lane=1 class=0 jobs=69 rows=15242 cells=189364 reach=103336 reverse=189364 table_mib=10.3 mutable_mib=452.0 max_job_mib=8.4 oldest_ms=77.82 pack_ms=8.23 solve_ms=28.53
v5_device jobs=16 rows=8532 cells=98189 direct=true graph_reused=false upload_ms=2.26 capture_ms=3.60 queue_ms=19.06 gpu_ms=0.01 unpack_ms=1.09 total_ms=26.02
v5_service device=1 lane=1 class=1 jobs=16 rows=8532 cells=98189 reach=56439 reverse=98189 table_mib=5.5 mutable_mib=288.0 max_job_mib=33.1 oldest_ms=125.46 pack_ms=3.11 solve_ms=26.07
v5_device jobs=16 rows=9369 cells=99157 direct=true graph_reused=false upload_ms=2.37 capture_ms=4.11 queue_ms=17.46 gpu_ms=0.01 unpack_ms=0.80 total_ms=24.75
v5_service device=1 lane=0 class=1 jobs=16 rows=9369 cells=99157 reach=59171 reverse=99157 table_mib=5.8 mutable_mib=304.0 max_job_mib=33.0 oldest_ms=136.45 pack_ms=4.37 solve_ms=24.80
v5_device jobs=1 rows=8337 cells=69329 direct=true graph_reused=false upload_ms=1.67 capture_ms=3.55 queue_ms=9.16 gpu_ms=0.00 unpack_ms=0.19 total_ms=14.58
v5_service device=1 lane=1 class=2 jobs=1 rows=8337 cells=69329 reach=43064 reverse=69329 table_mib=4.5 mutable_mib=256.0 max_job_mib=261.9 oldest_ms=80.83 pack_ms=2.42 solve_ms=14.64
v5_device jobs=6 rows=3919 cells=37315 direct=true graph_reused=false upload_ms=0.91 capture_ms=4.76 queue_ms=14.00 gpu_ms=0.01 unpack_ms=0.26 total_ms=19.94
v5_service device=0 lane=1 class=1 jobs=6 rows=3919 cells=37315 reach=24497 reverse=37315 table_mib=2.3 mutable_mib=112.0 max_job_mib=32.8 oldest_ms=118.18 pack_ms=1.58 solve_ms=19.99
v5_device jobs=110 rows=22124 cells=252180 direct=true graph_reused=false upload_ms=4.79 capture_ms=3.04 queue_ms=29.79 gpu_ms=0.01 unpack_ms=1.56 total_ms=39.19
v5_service device=0 lane=0 class=0 jobs=110 rows=22124 cells=252180 reach=139222 reverse=252180 table_mib=14.4 mutable_mib=654.0 max_job_mib=8.4 oldest_ms=77.39 pack_ms=8.37 solve_ms=39.24
v5_device jobs=18 rows=9184 cells=109526 direct=true graph_reused=false upload_ms=2.00 capture_ms=2.86 queue_ms=12.41 gpu_ms=0.01 unpack_ms=0.51 total_ms=17.78
v5_service device=0 lane=0 class=1 jobs=18 rows=9184 cells=109526 reach=64149 reverse=109526 table_mib=6.0 mutable_mib=304.0 max_job_mib=32.6 oldest_ms=131.47 pack_ms=3.24 solve_ms=17.82
v5_device jobs=63 rows=13869 cells=180543 direct=true graph_reused=false upload_ms=3.43 capture_ms=3.94 queue_ms=15.08 gpu_ms=0.01 unpack_ms=1.18 total_ms=23.64
v5_service device=1 lane=0 class=0 jobs=63 rows=13869 cells=180543 reach=96500 reverse=180543 table_mib=9.6 mutable_mib=406.0 max_job_mib=8.4 oldest_ms=78.29 pack_ms=6.31 solve_ms=23.70
v5_device jobs=59 rows=13329 cells=182695 direct=true graph_reused=false upload_ms=3.97 capture_ms=4.19 queue_ms=15.64 gpu_ms=0.01 unpack_ms=1.13 total_ms=24.93
v5_service device=0 lane=1 class=0 jobs=59 rows=13329 cells=182695 reach=97483 reverse=182695 table_mib=9.5 mutable_mib=392.0 max_job_mib=8.4 oldest_ms=78.54 pack_ms=6.75 solve_ms=24.99
v5_device jobs=10 rows=5346 cells=51383 direct=true graph_reused=false upload_ms=1.27 capture_ms=3.99 queue_ms=14.78 gpu_ms=0.01 unpack_ms=0.43 total_ms=20.48
v5_service device=1 lane=0 class=1 jobs=10 rows=5346 cells=51383 reach=31212 reverse=51383 table_mib=3.2 mutable_mib=176.0 max_job_mib=32.7 oldest_ms=113.38 pack_ms=2.13 solve_ms=20.53
v5_device jobs=93 rows=20666 cells=258166 direct=true graph_reused=false upload_ms=4.54 capture_ms=3.17 queue_ms=30.24 gpu_ms=0.01 unpack_ms=1.71 total_ms=39.68
v5_service device=1 lane=1 class=0 jobs=93 rows=20666 cells=258166 reach=137815 reverse=258187 table_mib=14.0 mutable_mib=592.0 max_job_mib=8.4 oldest_ms=76.78 pack_ms=6.98 solve_ms=39.72
v5_device jobs=13 rows=6699 cells=73432 direct=true graph_reused=false upload_ms=1.42 capture_ms=3.49 queue_ms=9.01 gpu_ms=0.01 unpack_ms=0.44 total_ms=14.37
v5_service device=1 lane=1 class=1 jobs=13 rows=6699 cells=73432 reach=46174 reverse=73432 table_mib=4.3 mutable_mib=240.0 max_job_mib=32.7 oldest_ms=129.72 pack_ms=2.34 solve_ms=14.43
v5_device jobs=15 rows=6733 cells=78367 direct=true graph_reused=false upload_ms=1.69 capture_ms=5.02 queue_ms=30.02 gpu_ms=0.01 unpack_ms=0.54 total_ms=37.29
v5_service device=0 lane=1 class=1 jobs=15 rows=6733 cells=78367 reach=46347 reverse=78367 table_mib=4.4 mutable_mib=240.0 max_job_mib=16.6 oldest_ms=114.90 pack_ms=2.91 solve_ms=37.34
v5_device jobs=126 rows=24098 cells=234171 direct=true graph_reused=false upload_ms=5.73 capture_ms=3.92 queue_ms=28.31 gpu_ms=0.01 unpack_ms=1.68 total_ms=39.65
v5_service device=0 lane=0 class=0 jobs=126 rows=24098 cells=234171 reach=129290 reverse=234171 table_mib=14.4 mutable_mib=726.0 max_job_mib=8.4 oldest_ms=76.83 pack_ms=9.83 solve_ms=39.70
v5_device jobs=23 rows=12115 cells=103888 direct=true graph_reused=false upload_ms=2.42 capture_ms=3.86 queue_ms=14.15 gpu_ms=0.01 unpack_ms=0.59 total_ms=21.02
v5_service device=0 lane=0 class=1 jobs=23 rows=12115 cells=103888 reach=68079 reverse=103888 table_mib=6.8 mutable_mib=400.0 max_job_mib=32.9 oldest_ms=134.46 pack_ms=3.79 solve_ms=21.05
v5_device jobs=85 rows=17720 cells=175013 direct=true graph_reused=false upload_ms=4.02 capture_ms=3.92 queue_ms=18.00 gpu_ms=0.01 unpack_ms=1.35 total_ms=27.30
v5_service device=1 lane=0 class=0 jobs=85 rows=17720 cells=175013 reach=99652 reverse=175013 table_mib=10.8 mutable_mib=530.0 max_job_mib=8.4 oldest_ms=76.78 pack_ms=7.84 solve_ms=27.37
v5_device jobs=7 rows=3151 cells=28441 direct=true graph_reused=false upload_ms=0.70 capture_ms=3.79 queue_ms=14.11 gpu_ms=0.01 unpack_ms=0.25 total_ms=18.85
v5_service device=1 lane=0 class=1 jobs=7 rows=3151 cells=28441 reach=17971 reverse=28441 table_mib=1.8 mutable_mib=112.0 max_job_mib=16.4 oldest_ms=116.10 pack_ms=1.15 solve_ms=18.91
v5_device jobs=92 rows=17860 cells=171803 direct=true graph_reused=false upload_ms=4.27 capture_ms=5.89 queue_ms=18.99 gpu_ms=0.01 unpack_ms=1.23 total_ms=30.38
v5_service device=1 lane=1 class=0 jobs=92 rows=17860 cells=171803 reach=93618 reverse=171803 table_mib=10.6 mutable_mib=538.0 max_job_mib=8.5 oldest_ms=76.56 pack_ms=5.62 solve_ms=30.42
v5_device jobs=9 rows=5301 cells=42209 direct=true graph_reused=false upload_ms=1.01 capture_ms=3.56 queue_ms=7.63 gpu_ms=0.01 unpack_ms=0.24 total_ms=12.45
v5_service device=1 lane=1 class=1 jobs=9 rows=5301 cells=42209 reach=26123 reverse=42209 table_mib=2.9 mutable_mib=192.0 max_job_mib=32.7 oldest_ms=118.93 pack_ms=1.51 solve_ms=12.50
v5_device jobs=95 rows=20419 cells=212270 direct=true graph_reused=false upload_ms=4.66 capture_ms=4.02 queue_ms=21.51 gpu_ms=0.02 unpack_ms=1.65 total_ms=31.86
v5_service device=0 lane=1 class=0 jobs=95 rows=20419 cells=212270 reach=117598 reverse=212270 table_mib=12.7 mutable_mib=596.0 max_job_mib=8.4 oldest_ms=77.45 pack_ms=8.70 solve_ms=31.91
v5_device jobs=15 rows=6675 cells=82550 direct=true graph_reused=false upload_ms=1.64 capture_ms=4.84 queue_ms=19.10 gpu_ms=0.01 unpack_ms=0.51 total_ms=26.10
v5_service device=0 lane=1 class=1 jobs=15 rows=6675 cells=82550 reach=48641 reverse=82550 table_mib=4.5 mutable_mib=240.0 max_job_mib=16.6 oldest_ms=126.31 pack_ms=2.61 solve_ms=26.16
v5_device jobs=112 rows=20906 cells=178922 direct=true graph_reused=false upload_ms=4.66 capture_ms=3.50 queue_ms=26.48 gpu_ms=0.01 unpack_ms=1.35 total_ms=36.00
v5_service device=0 lane=0 class=0 jobs=112 rows=20906 cells=178922 reach=98680 reverse=178922 table_mib=11.8 mutable_mib=632.0 max_job_mib=8.4 oldest_ms=76.44 pack_ms=7.61 solve_ms=36.05
v5_device jobs=9 rows=4924 cells=33399 direct=true graph_reused=false upload_ms=0.90 capture_ms=3.18 queue_ms=7.29 gpu_ms=0.00 unpack_ms=0.18 total_ms=11.56
v5_service device=0 lane=0 class=1 jobs=9 rows=4924 cells=33399 reach=22296 reverse=33399 table_mib=2.5 mutable_mib=176.0 max_job_mib=32.7 oldest_ms=127.65 pack_ms=1.36 solve_ms=11.61
v5_device jobs=73 rows=14586 cells=136689 direct=true graph_reused=false upload_ms=3.16 capture_ms=3.96 queue_ms=15.01 gpu_ms=0.01 unpack_ms=1.11 total_ms=23.24
v5_service device=1 lane=0 class=0 jobs=73 rows=14586 cells=136689 reach=76252 reverse=136689 table_mib=8.6 mutable_mib=428.0 max_job_mib=8.4 oldest_ms=78.59 pack_ms=6.19 solve_ms=23.31
v5_device jobs=6 rows=3631 cells=42112 direct=true graph_reused=false upload_ms=0.89 capture_ms=3.89 queue_ms=17.03 gpu_ms=0.01 unpack_ms=0.30 total_ms=22.11
v5_service device=1 lane=0 class=1 jobs=6 rows=3631 cells=42112 reach=25901 reverse=42112 table_mib=2.4 mutable_mib=112.0 max_job_mib=32.8 oldest_ms=112.69 pack_ms=1.53 solve_ms=22.19
v5_device jobs=123 rows=23008 cells=174618 direct=true graph_reused=false upload_ms=4.58 capture_ms=4.75 queue_ms=23.48 gpu_ms=0.00 unpack_ms=1.42 total_ms=34.23
v5_service device=1 lane=1 class=0 jobs=123 rows=23008 cells=174618 reach=95639 reverse=174618 table_mib=12.3 mutable_mib=690.0 max_job_mib=8.4 oldest_ms=76.14 pack_ms=6.86 solve_ms=34.28
v5_device jobs=6 rows=2532 cells=19763 direct=true graph_reused=false upload_ms=0.52 capture_ms=3.15 queue_ms=5.72 gpu_ms=0.01 unpack_ms=0.15 total_ms=9.54
v5_service device=1 lane=1 class=1 jobs=6 rows=2532 cells=19763 reach=12661 reverse=19763 table_mib=1.4 mutable_mib=96.0 max_job_mib=16.4 oldest_ms=125.16 pack_ms=0.79 solve_ms=9.59
v5_device jobs=119 rows=19029 cells=161278 direct=true graph_reused=false upload_ms=4.30 capture_ms=3.92 queue_ms=22.87 gpu_ms=0.01 unpack_ms=1.29 total_ms=32.38
v5_service device=0 lane=1 class=0 jobs=119 rows=19029 cells=161278 reach=86295 reverse=161278 table_mib=10.7 mutable_mib=562.0 max_job_mib=8.3 oldest_ms=76.14 pack_ms=10.45 solve_ms=32.44
v5_device jobs=14 rows=8364 cells=47582 direct=true graph_reused=false upload_ms=1.37 capture_ms=3.37 queue_ms=17.27 gpu_ms=0.01 unpack_ms=0.33 total_ms=22.34
v5_service device=0 lane=0 class=1 jobs=14 rows=8364 cells=47582 reach=31667 reverse=47582 table_mib=4.0 mutable_mib=288.0 max_job_mib=32.6 oldest_ms=75.71 pack_ms=2.12 solve_ms=22.39
v5_device jobs=10 rows=4841 cells=53235 direct=true graph_reused=false upload_ms=1.19 capture_ms=4.12 queue_ms=6.85 gpu_ms=0.01 unpack_ms=0.31 total_ms=12.46
v5_service device=0 lane=1 class=1 jobs=10 rows=4841 cells=53235 reach=34395 reverse=53235 table_mib=3.1 mutable_mib=160.0 max_job_mib=16.8 oldest_ms=127.17 pack_ms=1.84 solve_ms=12.52
v5_device jobs=256 rows=44501 cells=280524 direct=true graph_reused=false upload_ms=9.75 capture_ms=3.51 queue_ms=36.73 gpu_ms=0.01 unpack_ms=2.06 total_ms=52.05
v5_service device=0 lane=0 class=0 jobs=256 rows=44501 cells=280524 reach=158558 reverse=280524 table_mib=22.1 mutable_mib=1356.0 max_job_mib=8.3 oldest_ms=104.05 pack_ms=16.44 solve_ms=52.09
v5_device jobs=125 rows=21849 cells=152311 direct=true graph_reused=false upload_ms=3.79 capture_ms=3.44 queue_ms=23.92 gpu_ms=0.01 unpack_ms=1.23 total_ms=32.38
v5_service device=1 lane=1 class=0 jobs=125 rows=21849 cells=152311 reach=83306 reverse=152311 table_mib=11.3 mutable_mib=664.0 max_job_mib=8.4 oldest_ms=76.78 pack_ms=6.91 solve_ms=32.44
v5_device jobs=116 rows=21691 cells=182960 direct=true graph_reused=false upload_ms=4.89 capture_ms=3.99 queue_ms=41.09 gpu_ms=0.01 unpack_ms=1.83 total_ms=51.80
v5_service device=1 lane=0 class=0 jobs=116 rows=21691 cells=182960 reach=99093 reverse=182960 table_mib=12.1 mutable_mib=632.0 max_job_mib=8.4 oldest_ms=76.82 pack_ms=8.47 solve_ms=51.86
v5_device jobs=40 rows=6878 cells=43113 direct=true graph_reused=false upload_ms=1.29 capture_ms=4.07 queue_ms=7.40 gpu_ms=0.01 unpack_ms=0.47 total_ms=13.24
v5_service device=0 lane=0 class=0 jobs=40 rows=6878 cells=43113 reach=23671 reverse=43113 table_mib=3.4 mutable_mib=212.0 max_job_mib=8.2 oldest_ms=156.34 pack_ms=2.16 solve_ms=13.28
v5_device jobs=1 rows=1560 cells=13628 direct=true graph_reused=false upload_ms=0.37 capture_ms=5.59 queue_ms=0.88 gpu_ms=0.01 unpack_ms=0.06 total_ms=6.91
v5_service device=1 lane=1 class=2 jobs=1 rows=1560 cells=13628 reach=6994 reverse=13628 table_mib=0.8 mutable_mib=64.0 max_job_mib=65.0 oldest_ms=114.09 pack_ms=0.49 solve_ms=6.96
v5_device jobs=1 rows=1617 cells=9681 direct=true graph_reused=false upload_ms=0.33 capture_ms=3.89 queue_ms=5.41 gpu_ms=0.00 unpack_ms=0.03 total_ms=9.65
v5_service device=0 lane=0 class=2 jobs=1 rows=1617 cells=9681 reach=5514 reverse=9681 table_mib=0.8 mutable_mib=64.0 max_job_mib=64.9 oldest_ms=170.51 pack_ms=0.45 solve_ms=9.68
v5_device jobs=4 rows=1798 cells=8472 direct=true graph_reused=false upload_ms=0.29 capture_ms=4.58 queue_ms=3.82 gpu_ms=0.01 unpack_ms=0.09 total_ms=8.78
v5_service device=1 lane=1 class=1 jobs=4 rows=1798 cells=8472 reach=5917 reverse=8472 table_mib=0.8 mutable_mib=64.0 max_job_mib=16.3 oldest_ms=115.56 pack_ms=0.51 solve_ms=8.83
v5_device jobs=6 rows=3275 cells=25613 direct=true graph_reused=false upload_ms=0.77 capture_ms=4.17 queue_ms=6.58 gpu_ms=0.02 unpack_ms=0.24 total_ms=11.78
v5_service device=1 lane=0 class=1 jobs=6 rows=3275 cells=25613 reach=14504 reverse=25613 table_mib=1.7 mutable_mib=112.0 max_job_mib=32.6 oldest_ms=147.16 pack_ms=1.64 solve_ms=11.85
v5_device jobs=115 rows=20042 cells=123923 direct=true graph_reused=false upload_ms=4.46 capture_ms=4.69 queue_ms=17.31 gpu_ms=0.01 unpack_ms=1.14 total_ms=27.61
v5_service device=0 lane=1 class=0 jobs=115 rows=20042 cells=123923 reach=69754 reverse=123923 table_mib=9.9 mutable_mib=628.0 max_job_mib=8.2 oldest_ms=78.45 pack_ms=8.89 solve_ms=27.66
v5_device jobs=4 rows=2415 cells=10887 direct=true graph_reused=false upload_ms=0.50 capture_ms=3.73 queue_ms=3.99 gpu_ms=0.01 unpack_ms=0.09 total_ms=8.31
v5_service device=0 lane=1 class=1 jobs=4 rows=2415 cells=10887 reach=7860 reverse=10887 table_mib=1.1 mutable_mib=80.0 max_job_mib=32.5 oldest_ms=119.24 pack_ms=0.70 solve_ms=8.37
v5_device jobs=156 rows=27968 cells=172149 direct=true graph_reused=false upload_ms=4.78 capture_ms=3.02 queue_ms=25.10 gpu_ms=0.01 unpack_ms=1.21 total_ms=34.11
v5_service device=0 lane=0 class=0 jobs=156 rows=27968 cells=172149 reach=96659 reverse=172149 table_mib=13.8 mutable_mib=830.0 max_job_mib=8.3 oldest_ms=76.00 pack_ms=7.84 solve_ms=34.15
v5_device jobs=173 rows=28002 cells=169023 direct=true graph_reused=false upload_ms=5.25 capture_ms=3.21 queue_ms=42.40 gpu_ms=0.01 unpack_ms=1.49 total_ms=52.36
v5_service device=1 lane=1 class=0 jobs=173 rows=28002 cells=169023 reach=95115 reverse=169023 table_mib=13.7 mutable_mib=854.0 max_job_mib=8.2 oldest_ms=75.93 pack_ms=8.50 solve_ms=52.42
v5_device jobs=156 rows=26825 cells=164253 direct=true graph_reused=false upload_ms=5.55 capture_ms=3.96 queue_ms=39.21 gpu_ms=0.01 unpack_ms=1.83 total_ms=50.57
v5_service device=1 lane=0 class=0 jobs=156 rows=26825 cells=164253 reach=93133 reverse=164253 table_mib=13.2 mutable_mib=778.0 max_job_mib=8.2 oldest_ms=76.81 pack_ms=9.57 solve_ms=50.63
v5_device jobs=10 rows=4687 cells=27068 direct=true graph_reused=false upload_ms=0.83 capture_ms=3.98 queue_ms=15.69 gpu_ms=0.01 unpack_ms=0.44 total_ms=20.94
v5_service device=0 lane=0 class=1 jobs=10 rows=4687 cells=27068 reach=16599 reverse=27068 table_mib=2.2 mutable_mib=160.0 max_job_mib=16.3 oldest_ms=127.15 pack_ms=1.39 solve_ms=20.98
v5_device jobs=111 rows=19255 cells=118080 direct=true graph_reused=false upload_ms=4.97 capture_ms=4.31 queue_ms=21.69 gpu_ms=0.01 unpack_ms=1.41 total_ms=32.39
v5_service device=0 lane=1 class=0 jobs=111 rows=19255 cells=118080 reach=67233 reverse=118080 table_mib=9.5 mutable_mib=582.0 max_job_mib=8.2 oldest_ms=76.95 pack_ms=6.75 solve_ms=32.43
v5_device jobs=8 rows=3695 cells=21760 direct=true graph_reused=false upload_ms=0.73 capture_ms=6.40 queue_ms=6.04 gpu_ms=0.01 unpack_ms=0.21 total_ms=13.39
v5_service device=1 lane=1 class=1 jobs=8 rows=3695 cells=21760 reach=13377 reverse=21760 table_mib=1.8 mutable_mib=128.0 max_job_mib=16.4 oldest_ms=150.38 pack_ms=1.31 solve_ms=13.44
v5_device jobs=6 rows=2975 cells=14123 direct=true graph_reused=false upload_ms=0.77 capture_ms=7.70 queue_ms=3.89 gpu_ms=0.01 unpack_ms=0.16 total_ms=12.52
v5_service device=1 lane=0 class=1 jobs=6 rows=2975 cells=14123 reach=9822 reverse=14123 table_mib=1.3 mutable_mib=96.0 max_job_mib=16.3 oldest_ms=142.43 pack_ms=1.23 solve_ms=12.58
v5_device jobs=1 rows=1914 cells=15283 direct=true graph_reused=false upload_ms=0.40 capture_ms=4.72 queue_ms=2.25 gpu_ms=0.00 unpack_ms=0.07 total_ms=7.45
v5_service device=0 lane=1 class=2 jobs=1 rows=1914 cells=15283 reach=8318 reverse=15283 table_mib=1.0 mutable_mib=64.0 max_job_mib=65.2 oldest_ms=96.79 pack_ms=0.55 solve_ms=7.50
v5_device jobs=1 rows=9979 cells=62119 direct=true graph_reused=false upload_ms=1.60 capture_ms=3.50 queue_ms=9.48 gpu_ms=0.00 unpack_ms=0.20 total_ms=14.78
v5_service device=1 lane=1 class=2 jobs=1 rows=9979 cells=62119 reach=35669 reverse=62119 table_mib=4.7 mutable_mib=256.0 max_job_mib=261.8 oldest_ms=161.69 pack_ms=2.45 solve_ms=14.82
v5_device jobs=159 rows=26422 cells=165191 direct=true graph_reused=false upload_ms=4.50 capture_ms=2.94 queue_ms=30.11 gpu_ms=0.01 unpack_ms=1.20 total_ms=38.75
v5_service device=0 lane=0 class=0 jobs=159 rows=26422 cells=165191 reach=92209 reverse=165191 table_mib=13.1 mutable_mib=782.0 max_job_mib=8.2 oldest_ms=76.56 pack_ms=8.70 solve_ms=38.79
v5_device jobs=136 rows=22663 cells=144291 direct=true graph_reused=false upload_ms=3.71 capture_ms=3.21 queue_ms=22.21 gpu_ms=0.01 unpack_ms=1.19 total_ms=30.34
v5_service device=1 lane=1 class=0 jobs=136 rows=22663 cells=144291 reach=79062 reverse=144291 table_mib=11.3 mutable_mib=706.0 max_job_mib=8.2 oldest_ms=76.81 pack_ms=7.11 solve_ms=30.39
v5_device jobs=108 rows=19744 cells=125046 direct=true graph_reused=false upload_ms=4.05 capture_ms=3.99 queue_ms=38.40 gpu_ms=0.01 unpack_ms=1.57 total_ms=48.02
v5_service device=1 lane=0 class=0 jobs=108 rows=19744 cells=125046 reach=69651 reverse=125046 table_mib=9.8 mutable_mib=599.0 max_job_mib=8.2 oldest_ms=77.17 pack_ms=6.94 solve_ms=48.09
v5_device jobs=7 rows=3521 cells=22899 direct=true graph_reused=false upload_ms=0.67 capture_ms=3.58 queue_ms=7.63 gpu_ms=0.01 unpack_ms=0.40 total_ms=12.28
v5_service device=0 lane=0 class=1 jobs=7 rows=3521 cells=22899 reach=13006 reverse=22899 table_mib=1.7 mutable_mib=112.0 max_job_mib=16.4 oldest_ms=132.37 pack_ms=0.98 solve_ms=12.43
v5_device jobs=167 rows=28667 cells=176111 direct=true graph_reused=false upload_ms=5.56 capture_ms=4.16 queue_ms=37.58 gpu_ms=0.01 unpack_ms=2.18 total_ms=49.49
v5_service device=0 lane=1 class=0 jobs=167 rows=28667 cells=176111 reach=98056 reverse=176111 table_mib=14.1 mutable_mib=879.0 max_job_mib=8.2 oldest_ms=76.43 pack_ms=8.81 solve_ms=49.55
v5_device jobs=9 rows=4370 cells=24258 direct=true graph_reused=false upload_ms=0.97 capture_ms=4.44 queue_ms=7.48 gpu_ms=0.01 unpack_ms=0.24 total_ms=13.13
v5_service device=1 lane=1 class=1 jobs=9 rows=4370 cells=24258 reach=16030 reverse=24258 table_mib=2.1 mutable_mib=176.0 max_job_mib=32.5 oldest_ms=126.13 pack_ms=1.72 solve_ms=13.18
v5_device jobs=6 rows=3735 cells=17647 direct=true graph_reused=false upload_ms=0.95 capture_ms=7.77 queue_ms=4.21 gpu_ms=0.01 unpack_ms=0.21 total_ms=13.15
v5_service device=1 lane=0 class=1 jobs=6 rows=3735 cells=17647 reach=12670 reverse=17647 table_mib=1.7 mutable_mib=112.0 max_job_mib=32.7 oldest_ms=144.72 pack_ms=1.93 solve_ms=13.21
v5_device jobs=6 rows=3510 cells=17122 direct=true graph_reused=false upload_ms=0.60 capture_ms=4.10 queue_ms=4.96 gpu_ms=0.00 unpack_ms=0.14 total_ms=9.81
v5_service device=0 lane=1 class=1 jobs=6 rows=3510 cells=17122 reach=11192 reverse=17122 table_mib=1.6 mutable_mib=112.0 max_job_mib=32.5 oldest_ms=145.78 pack_ms=0.96 solve_ms=9.84
v5_device jobs=1 rows=5010 cells=35956 direct=true graph_reused=false upload_ms=0.85 capture_ms=3.41 queue_ms=6.60 gpu_ms=0.00 unpack_ms=0.09 total_ms=10.96
v5_service device=0 lane=1 class=2 jobs=1 rows=5010 cells=35956 reach=17911 reverse=35956 table_mib=2.5 mutable_mib=128.0 max_job_mib=131.0 oldest_ms=149.11 pack_ms=1.19 solve_ms=11.00
v5_device jobs=135 rows=24961 cells=153908 direct=true graph_reused=false upload_ms=4.18 capture_ms=3.04 queue_ms=23.10 gpu_ms=0.01 unpack_ms=1.19 total_ms=31.52
v5_service device=0 lane=0 class=0 jobs=135 rows=24961 cells=153908 reach=86890 reverse=153908 table_mib=12.3 mutable_mib=752.0 max_job_mib=8.2 oldest_ms=76.27 pack_ms=7.15 solve_ms=31.57
v5_device jobs=9 rows=4442 cells=24110 direct=true graph_reused=false upload_ms=0.81 capture_ms=3.16 queue_ms=12.10 gpu_ms=0.01 unpack_ms=0.17 total_ms=16.25
v5_service device=0 lane=0 class=1 jobs=9 rows=4442 cells=24110 reach=15509 reverse=24110 table_mib=2.1 mutable_mib=144.0 max_job_mib=16.4 oldest_ms=114.15 pack_ms=1.15 solve_ms=16.30
v5_device jobs=97 rows=17400 cells=108622 direct=true graph_reused=false upload_ms=3.38 capture_ms=6.72 queue_ms=32.87 gpu_ms=0.01 unpack_ms=1.01 total_ms=43.99
v5_service device=1 lane=0 class=0 jobs=97 rows=17400 cells=108622 reach=59992 reverse=108622 table_mib=8.6 mutable_mib=528.0 max_job_mib=8.3 oldest_ms=77.28 pack_ms=6.07 solve_ms=44.05
v5_device jobs=170 rows=27939 cells=170675 direct=true graph_reused=false upload_ms=7.08 capture_ms=4.82 queue_ms=31.37 gpu_ms=0.00 unpack_ms=1.90 total_ms=45.17
v5_service device=1 lane=1 class=0 jobs=170 rows=27939 cells=170675 reach=96030 reverse=170675 table_mib=13.7 mutable_mib=834.0 max_job_mib=8.2 oldest_ms=76.55 pack_ms=8.53 solve_ms=45.22
v5_device jobs=144 rows=24091 cells=150202 direct=true graph_reused=false upload_ms=4.42 capture_ms=4.12 queue_ms=23.56 gpu_ms=0.01 unpack_ms=1.85 total_ms=33.95
v5_service device=0 lane=1 class=0 jobs=144 rows=24091 cells=150202 reach=83687 reverse=150202 table_mib=11.9 mutable_mib=732.0 max_job_mib=8.2 oldest_ms=78.54 pack_ms=9.38 solve_ms=34.01
v5_device jobs=7 rows=4599 cells=18691 direct=true graph_reused=false upload_ms=1.10 capture_ms=5.96 queue_ms=5.41 gpu_ms=0.01 unpack_ms=0.20 total_ms=12.68
v5_service device=1 lane=0 class=1 jobs=7 rows=4599 cells=18691 reach=14719 reverse=18691 table_mib=2.0 mutable_mib=144.0 max_job_mib=32.5 oldest_ms=135.14 pack_ms=2.04 solve_ms=12.74
v5_device jobs=8 rows=4994 cells=26962 direct=true graph_reused=false upload_ms=0.84 capture_ms=4.31 queue_ms=6.43 gpu_ms=0.00 unpack_ms=0.21 total_ms=11.80
v5_service device=0 lane=1 class=1 jobs=8 rows=4994 cells=26962 reach=17846 reverse=27250 table_mib=2.3 mutable_mib=176.0 max_job_mib=32.6 oldest_ms=128.76 pack_ms=1.31 solve_ms=11.85
v5_device jobs=10 rows=4700 cells=32569 direct=true graph_reused=false upload_ms=1.10 capture_ms=6.18 queue_ms=4.08 gpu_ms=0.01 unpack_ms=0.29 total_ms=11.67
v5_service device=1 lane=1 class=1 jobs=10 rows=4700 cells=32569 reach=18765 reverse=32569 table_mib=2.4 mutable_mib=176.0 max_job_mib=32.7 oldest_ms=146.30 pack_ms=1.97 solve_ms=11.73
v5_device jobs=160 rows=26117 cells=164105 direct=true graph_reused=false upload_ms=4.93 capture_ms=3.60 queue_ms=23.38 gpu_ms=0.01 unpack_ms=1.53 total_ms=33.45
v5_service device=0 lane=0 class=0 jobs=160 rows=26117 cells=164105 reach=90383 reverse=164105 table_mib=13.0 mutable_mib=794.0 max_job_mib=8.2 oldest_ms=76.29 pack_ms=8.53 solve_ms=33.49
v5_device jobs=9 rows=4601 cells=28095 direct=true graph_reused=false upload_ms=0.84 capture_ms=3.37 queue_ms=34.53 gpu_ms=0.01 unpack_ms=0.19 total_ms=38.93
v5_service device=0 lane=0 class=1 jobs=9 rows=4601 cells=28095 reach=16526 reverse=28095 table_mib=2.2 mutable_mib=160.0 max_job_mib=32.6 oldest_ms=125.53 pack_ms=1.25 solve_ms=38.99
v5_device jobs=167 rows=28541 cells=180623 direct=true graph_reused=false upload_ms=6.38 capture_ms=4.59 queue_ms=25.81 gpu_ms=0.01 unpack_ms=1.60 total_ms=38.39
v5_service device=0 lane=1 class=0 jobs=167 rows=28541 cells=180623 reach=103338 reverse=183702 table_mib=14.3 mutable_mib=848.0 max_job_mib=8.3 oldest_ms=77.76 pack_ms=10.88 solve_ms=38.43
v5_device jobs=145 rows=23875 cells=146415 direct=true graph_reused=false upload_ms=5.18 capture_ms=3.39 queue_ms=26.09 gpu_ms=0.01 unpack_ms=1.65 total_ms=36.32
v5_service device=1 lane=1 class=0 jobs=145 rows=23875 cells=146415 reach=81442 reverse=146415 table_mib=11.8 mutable_mib=730.0 max_job_mib=8.2 oldest_ms=78.49 pack_ms=12.25 solve_ms=36.37
v5_device jobs=115 rows=20647 cells=127850 direct=true graph_reused=false upload_ms=5.41 capture_ms=4.29 queue_ms=37.96 gpu_ms=0.01 unpack_ms=1.63 total_ms=49.29
v5_service device=1 lane=0 class=0 jobs=115 rows=20647 cells=127850 reach=71185 reverse=127850 table_mib=10.2 mutable_mib=626.0 max_job_mib=8.2 oldest_ms=76.45 pack_ms=9.73 solve_ms=49.36
v5_device jobs=4 rows=2108 cells=10449 direct=true graph_reused=false upload_ms=0.50 capture_ms=7.52 queue_ms=4.39 gpu_ms=0.01 unpack_ms=0.13 total_ms=12.55
v5_service device=1 lane=1 class=1 jobs=4 rows=2108 cells=10449 reach=7427 reverse=10449 table_mib=1.0 mutable_mib=64.0 max_job_mib=16.3 oldest_ms=134.99 pack_ms=0.88 solve_ms=12.61
v5_device jobs=8 rows=4141 cells=23304 direct=true graph_reused=false upload_ms=0.98 capture_ms=7.56 queue_ms=3.77 gpu_ms=0.01 unpack_ms=0.29 total_ms=12.61
v5_service device=1 lane=0 class=1 jobs=8 rows=4141 cells=23304 reach=14935 reverse=23304 table_mib=1.9 mutable_mib=144.0 max_job_mib=32.7 oldest_ms=146.09 pack_ms=1.90 solve_ms=12.66
v5_device jobs=12 rows=6760 cells=35283 direct=true graph_reused=false upload_ms=1.31 capture_ms=4.36 queue_ms=7.97 gpu_ms=0.01 unpack_ms=0.31 total_ms=13.96
v5_service device=0 lane=1 class=1 jobs=12 rows=6760 cells=35283 reach=21953 reverse=35283 table_mib=3.1 mutable_mib=240.0 max_job_mib=32.6 oldest_ms=140.17 pack_ms=2.76 solve_ms=14.01
v5_device jobs=1 rows=6435 cells=24798 direct=true graph_reused=false upload_ms=1.32 capture_ms=6.59 queue_ms=4.05 gpu_ms=0.01 unpack_ms=0.15 total_ms=12.11
v5_service device=1 lane=0 class=2 jobs=1 rows=6435 cells=24798 reach=24130 reverse=24798 table_mib=2.7 mutable_mib=256.0 max_job_mib=259.3 oldest_ms=140.46 pack_ms=2.47 solve_ms=12.16
v5_device jobs=121 rows=23109 cells=144552 direct=true graph_reused=false upload_ms=4.21 capture_ms=4.82 queue_ms=21.57 gpu_ms=0.01 unpack_ms=1.37 total_ms=31.98
v5_service device=0 lane=0 class=0 jobs=121 rows=23109 cells=144552 reach=88181 reverse=151409 table_mib=11.6 mutable_mib=696.0 max_job_mib=8.4 oldest_ms=76.30 pack_ms=9.07 solve_ms=32.04
v5_device jobs=151 rows=25957 cells=163965 direct=true graph_reused=false upload_ms=5.17 capture_ms=6.49 queue_ms=22.19 gpu_ms=0.01 unpack_ms=1.33 total_ms=35.20
v5_service device=1 lane=1 class=0 jobs=151 rows=25957 cells=163965 reach=98257 reverse=171756 table_mib=13.2 mutable_mib=788.0 max_job_mib=8.3 oldest_ms=76.05 pack_ms=7.77 solve_ms=35.25
v5_device jobs=9 rows=4233 cells=25202 direct=true graph_reused=false upload_ms=0.79 capture_ms=5.40 queue_ms=21.67 gpu_ms=0.01 unpack_ms=1.81 total_ms=29.67
v5_service device=0 lane=0 class=1 jobs=9 rows=4233 cells=25202 reach=15242 reverse=25202 table_mib=2.0 mutable_mib=144.0 max_job_mib=16.3 oldest_ms=123.60 pack_ms=1.31 solve_ms=29.78
v5_device jobs=129 rows=22043 cells=122101 direct=true graph_reused=false upload_ms=7.66 capture_ms=4.14 queue_ms=27.35 gpu_ms=0.01 unpack_ms=1.73 total_ms=40.88
v5_service device=0 lane=1 class=0 jobs=129 rows=22043 cells=122101 reach=137081 reverse=189394 table_mib=12.4 mutable_mib=684.0 max_job_mib=8.5 oldest_ms=76.05 pack_ms=8.78 solve_ms=40.94
v5_device jobs=159 rows=27029 cells=167818 direct=true graph_reused=false upload_ms=6.11 capture_ms=4.15 queue_ms=25.90 gpu_ms=0.01 unpack_ms=1.74 total_ms=37.90
v5_service device=1 lane=0 class=0 jobs=159 rows=27029 cells=167818 reach=126476 reverse=201265 table_mib=14.3 mutable_mib=810.0 max_job_mib=8.4 oldest_ms=77.86 pack_ms=14.01 solve_ms=37.96
v5_device jobs=3 rows=1361 cells=7753 direct=true graph_reused=false upload_ms=0.36 capture_ms=6.37 queue_ms=1.65 gpu_ms=0.01 unpack_ms=0.10 total_ms=8.50
v5_service device=1 lane=1 class=1 jobs=3 rows=1361 cells=7753 reach=5112 reverse=7753 table_mib=0.6 mutable_mib=48.0 max_job_mib=16.3 oldest_ms=108.90 pack_ms=0.58 solve_ms=8.54
v5_device jobs=12 rows=6252 cells=29158 direct=true graph_reused=false upload_ms=1.64 capture_ms=6.45 queue_ms=7.06 gpu_ms=0.01 unpack_ms=0.48 total_ms=15.65
v5_service device=0 lane=1 class=1 jobs=12 rows=6252 cells=29158 reach=46251 reverse=55945 table_mib=3.5 mutable_mib=208.0 max_job_mib=32.5 oldest_ms=135.09 pack_ms=3.06 solve_ms=15.72
v5_device jobs=4 rows=2220 cells=8658 direct=true graph_reused=false upload_ms=0.96 capture_ms=6.18 queue_ms=4.62 gpu_ms=0.01 unpack_ms=0.26 total_ms=12.03
v5_service device=1 lane=0 class=1 jobs=4 rows=2220 cells=8658 reach=38643 reverse=41715 table_mib=1.8 mutable_mib=80.0 max_job_mib=33.6 oldest_ms=114.58 pack_ms=1.50 solve_ms=12.10
v5_device jobs=140 rows=24426 cells=139563 direct=true graph_reused=false upload_ms=6.59 capture_ms=3.90 queue_ms=27.13 gpu_ms=0.01 unpack_ms=1.71 total_ms=39.33
v5_service device=0 lane=0 class=0 jobs=140 rows=24426 cells=139563 reach=223299 reverse=284628 table_mib=15.8 mutable_mib=720.0 max_job_mib=8.6 oldest_ms=76.38 pack_ms=11.11 solve_ms=39.39
v5_device jobs=128 rows=21685 cells=115997 direct=true graph_reused=false upload_ms=7.42 capture_ms=3.06 queue_ms=29.07 gpu_ms=0.02 unpack_ms=2.56 total_ms=42.12
v5_service device=1 lane=1 class=0 jobs=128 rows=21685 cells=115997 reach=274196 reverse=325670 table_mib=16.1 mutable_mib=652.0 max_job_mib=8.8 oldest_ms=76.38 pack_ms=9.90 solve_ms=42.19
v5_device jobs=6 rows=3432 cells=13368 direct=true graph_reused=false upload_ms=1.29 capture_ms=4.77 queue_ms=29.58 gpu_ms=0.01 unpack_ms=0.35 total_ms=36.00
v5_service device=0 lane=0 class=1 jobs=6 rows=3432 cells=13368 reach=57685 reverse=61667 table_mib=2.7 mutable_mib=112.0 max_job_mib=32.4 oldest_ms=117.99 pack_ms=2.06 solve_ms=36.06
v5_device jobs=2 rows=921 cells=3144 direct=true graph_reused=false upload_ms=0.27 capture_ms=6.84 queue_ms=16.51 gpu_ms=0.01 unpack_ms=0.10 total_ms=23.72
v5_service device=1 lane=1 class=1 jobs=2 rows=921 cells=3144 reach=2538 reverse=3144 table_mib=0.4 mutable_mib=32.0 max_job_mib=16.2 oldest_ms=140.20 pack_ms=0.54 solve_ms=23.78
v5_device jobs=146 rows=22516 cells=94665 direct=true graph_reused=false upload_ms=16.86 capture_ms=4.14 queue_ms=35.83 gpu_ms=0.01 unpack_ms=2.60 total_ms=59.44
v5_service device=0 lane=1 class=0 jobs=146 rows=22516 cells=94665 reach=478987 reverse=520307 table_mib=22.1 mutable_mib=689.0 max_job_mib=8.7 oldest_ms=76.88 pack_ms=13.48 solve_ms=59.48
v5_device jobs=113 rows=17663 cells=77030 direct=true graph_reused=false upload_ms=14.14 capture_ms=6.79 queue_ms=26.18 gpu_ms=0.01 unpack_ms=2.70 total_ms=49.82
v5_service device=1 lane=0 class=0 jobs=113 rows=17663 cells=77030 reach=379628 reverse=414062 table_mib=17.5 mutable_mib=556.0 max_job_mib=8.6 oldest_ms=77.12 pack_ms=17.95 solve_ms=49.90
v5_device jobs=4 rows=2586 cells=11818 direct=true graph_reused=false upload_ms=0.77 capture_ms=6.52 queue_ms=5.32 gpu_ms=0.01 unpack_ms=0.30 total_ms=12.91
v5_service device=0 lane=1 class=1 jobs=4 rows=2586 cells=11818 reach=24522 reverse=28557 table_mib=1.6 mutable_mib=80.0 max_job_mib=32.6 oldest_ms=161.76 pack_ms=1.99 solve_ms=12.96
v5_device jobs=4 rows=2754 cells=9240 direct=true graph_reused=false upload_ms=1.55 capture_ms=6.23 queue_ms=5.38 gpu_ms=0.01 unpack_ms=0.40 total_ms=13.58
v5_service device=1 lane=0 class=1 jobs=4 rows=2754 cells=9240 reach=66075 reverse=69423 table_mib=2.7 mutable_mib=80.0 max_job_mib=33.9 oldest_ms=158.72 pack_ms=2.54 solve_ms=13.65
v5_device jobs=1 rows=4114 cells=20809 direct=true graph_reused=false upload_ms=0.88 capture_ms=6.45 queue_ms=3.13 gpu_ms=0.01 unpack_ms=0.12 total_ms=10.59
v5_service device=1 lane=0 class=2 jobs=1 rows=4114 cells=20809 reach=11821 reverse=20809 table_mib=1.8 mutable_mib=128.0 max_job_mib=130.2 oldest_ms=133.20 pack_ms=1.53 solve_ms=10.65
v5_device jobs=84 rows=12721 cells=54239 direct=true graph_reused=false upload_ms=5.63 capture_ms=3.93 queue_ms=19.37 gpu_ms=0.01 unpack_ms=1.36 total_ms=30.30
v5_service device=0 lane=0 class=0 jobs=84 rows=12721 cells=54239 reach=252692 reverse=276593 table_mib=12.0 mutable_mib=400.0 max_job_mib=8.6 oldest_ms=77.74 pack_ms=8.69 solve_ms=30.35
v5_device jobs=93 rows=14558 cells=59277 direct=true graph_reused=false upload_ms=8.66 capture_ms=3.22 queue_ms=23.27 gpu_ms=0.01 unpack_ms=1.90 total_ms=37.07
v5_service device=1 lane=1 class=0 jobs=93 rows=14558 cells=59277 reach=354858 reverse=381506 table_mib=15.4 mutable_mib=442.0 max_job_mib=8.8 oldest_ms=77.02 pack_ms=9.88 solve_ms=37.12
v5_device jobs=1 rows=2224 cells=6196 direct=true graph_reused=false upload_ms=0.46 capture_ms=4.53 queue_ms=2.37 gpu_ms=0.01 unpack_ms=0.07 total_ms=7.43
v5_service device=1 lane=1 class=2 jobs=1 rows=2224 cells=6196 reach=5993 reverse=6196 table_mib=0.9 mutable_mib=64.0 max_job_mib=65.1 oldest_ms=144.69 pack_ms=0.95 solve_ms=7.48
v5_device jobs=2 rows=750 cells=3556 direct=true graph_reused=false upload_ms=0.35 capture_ms=3.97 queue_ms=4.51 gpu_ms=0.01 unpack_ms=0.11 total_ms=8.95
v5_service device=1 lane=1 class=1 jobs=2 rows=750 cells=3556 reach=16718 reverse=18427 table_mib=0.7 mutable_mib=32.0 max_job_mib=16.7 oldest_ms=148.98 pack_ms=0.55 solve_ms=8.99
v5_device jobs=3 rows=1413 cells=5927 direct=true graph_reused=false upload_ms=0.68 capture_ms=7.98 queue_ms=24.17 gpu_ms=0.01 unpack_ms=0.14 total_ms=32.98
v5_service device=0 lane=0 class=1 jobs=3 rows=1413 cells=5927 reach=20263 reverse=21693 table_mib=1.0 mutable_mib=48.0 max_job_mib=16.8 oldest_ms=144.50 pack_ms=1.36 solve_ms=33.07
v5_device jobs=126 rows=17965 cells=53840 direct=true graph_reused=false upload_ms=19.38 capture_ms=6.24 queue_ms=30.23 gpu_ms=0.02 unpack_ms=2.26 total_ms=58.13
v5_service device=0 lane=1 class=0 jobs=126 rows=17965 cells=53840 reach=565294 reverse=588591 table_mib=22.7 mutable_mib=587.0 max_job_mib=8.6 oldest_ms=76.78 pack_ms=20.29 solve_ms=58.18
v5_device jobs=109 rows=15158 cells=46423 direct=true graph_reused=false upload_ms=13.26 capture_ms=3.99 queue_ms=28.00 gpu_ms=0.02 unpack_ms=2.57 total_ms=47.84
v5_service device=1 lane=0 class=0 jobs=109 rows=15158 cells=46423 reach=460767 reverse=481074 table_mib=18.8 mutable_mib=486.0 max_job_mib=8.6 oldest_ms=77.69 pack_ms=19.19 solve_ms=47.89
v5_device jobs=3 rows=1239 cells=2238 direct=true graph_reused=false upload_ms=1.50 capture_ms=6.20 queue_ms=3.54 gpu_ms=0.01 unpack_ms=0.27 total_ms=11.51
v5_service device=1 lane=0 class=1 jobs=3 rows=1239 cells=2238 reach=56328 reverse=57184 table_mib=1.9 mutable_mib=48.0 max_job_mib=17.0 oldest_ms=153.42 pack_ms=2.73 solve_ms=11.57
v5_device jobs=1 rows=6460 cells=12663 direct=true graph_reused=false upload_ms=7.25 capture_ms=4.12 queue_ms=15.37 gpu_ms=0.01 unpack_ms=0.52 total_ms=27.26
v5_service device=0 lane=1 class=2 jobs=1 rows=6460 cells=12663 reach=281112 reverse=286819 table_mib=9.4 mutable_mib=256.0 max_job_mib=269.1 oldest_ms=147.63 pack_ms=7.73 solve_ms=27.32
v5_device jobs=5 rows=3230 cells=5237 direct=true graph_reused=false upload_ms=1.81 capture_ms=3.14 queue_ms=8.74 gpu_ms=0.01 unpack_ms=0.39 total_ms=14.10
v5_service device=0 lane=1 class=1 jobs=5 rows=3230 cells=5237 reach=104683 reverse=106059 table_mib=3.9 mutable_mib=96.0 max_job_mib=33.8 oldest_ms=181.65 pack_ms=2.32 solve_ms=14.14
v5_device jobs=100 rows=15122 cells=36010 direct=true graph_reused=false upload_ms=14.74 capture_ms=3.29 queue_ms=27.77 gpu_ms=0.01 unpack_ms=7.51 total_ms=53.32
v5_service device=1 lane=1 class=0 jobs=100 rows=15122 cells=36010 reach=578075 reverse=594053 table_mib=21.7 mutable_mib=492.0 max_job_mib=8.7 oldest_ms=77.20 pack_ms=13.38 solve_ms=53.37
v5_device jobs=84 rows=12559 cells=35119 direct=true graph_reused=false upload_ms=9.24 capture_ms=3.85 queue_ms=24.30 gpu_ms=0.01 unpack_ms=2.03 total_ms=39.43
v5_service device=0 lane=0 class=0 jobs=84 rows=12559 cells=35119 reach=447227 reverse=463437 table_mib=17.3 mutable_mib=416.0 max_job_mib=8.7 oldest_ms=76.86 pack_ms=12.28 solve_ms=39.49
v5_device jobs=2 rows=783 cells=1484 direct=true graph_reused=false upload_ms=0.75 capture_ms=7.28 queue_ms=1.03 gpu_ms=0.01 unpack_ms=0.19 total_ms=9.26
v5_service device=1 lane=1 class=1 jobs=2 rows=783 cells=1484 reach=33191 reverse=33800 table_mib=1.2 mutable_mib=32.0 max_job_mib=16.8 oldest_ms=141.28 pack_ms=1.33 solve_ms=9.33
v5_device jobs=4 rows=1965 cells=6544 direct=true graph_reused=false upload_ms=1.21 capture_ms=6.58 queue_ms=4.46 gpu_ms=0.01 unpack_ms=0.32 total_ms=12.58
v5_service device=0 lane=0 class=1 jobs=4 rows=1965 cells=6544 reach=55144 reverse=57379 table_mib=2.2 mutable_mib=64.0 max_job_mib=17.0 oldest_ms=135.43 pack_ms=1.99 solve_ms=12.66
v5_device jobs=91 rows=13665 cells=27344 direct=true graph_reused=false upload_ms=16.54 capture_ms=4.07 queue_ms=26.39 gpu_ms=0.01 unpack_ms=2.16 total_ms=49.16
v5_service device=1 lane=0 class=0 jobs=91 rows=13665 cells=27344 reach=569529 reverse=581148 table_mib=20.8 mutable_mib=428.0 max_job_mib=8.8 oldest_ms=78.10 pack_ms=19.52 solve_ms=49.23
v5_device jobs=3 rows=1612 cells=2623 direct=true graph_reused=false upload_ms=1.21 capture_ms=4.52 queue_ms=6.34 gpu_ms=0.01 unpack_ms=0.31 total_ms=12.38
v5_service device=1 lane=0 class=1 jobs=3 rows=1612 cells=2623 reach=68534 reverse=69115 table_mib=2.4 mutable_mib=48.0 max_job_mib=17.4 oldest_ms=156.38 pack_ms=1.94 solve_ms=12.44
v5_device jobs=107 rows=14274 cells=29061 direct=true graph_reused=false upload_ms=13.54 capture_ms=3.31 queue_ms=28.50 gpu_ms=0.01 unpack_ms=2.31 total_ms=47.68
v5_service device=0 lane=1 class=0 jobs=107 rows=14274 cells=29061 reach=575596 reverse=588143 table_mib=21.5 mutable_mib=470.0 max_job_mib=8.7 oldest_ms=79.07 pack_ms=16.00 solve_ms=47.72
v5_device jobs=4 rows=1867 cells=3812 direct=true graph_reused=false upload_ms=1.69 capture_ms=4.89 queue_ms=6.70 gpu_ms=0.01 unpack_ms=0.34 total_ms=13.63
v5_service device=0 lane=1 class=1 jobs=4 rows=1867 cells=3812 reach=84420 reverse=86172 table_mib=2.9 mutable_mib=64.0 max_job_mib=17.3 oldest_ms=143.74 pack_ms=2.68 solve_ms=13.68
v5_device jobs=84 rows=12658 cells=25413 direct=true graph_reused=false upload_ms=11.85 capture_ms=3.60 queue_ms=24.07 gpu_ms=0.01 unpack_ms=1.82 total_ms=41.34
v5_service device=1 lane=1 class=0 jobs=84 rows=12658 cells=25413 reach=512207 reverse=523161 table_mib=18.9 mutable_mib=410.0 max_job_mib=8.7 oldest_ms=79.83 pack_ms=17.33 solve_ms=41.40
v5_device jobs=108 rows=15589 cells=36423 direct=true graph_reused=false upload_ms=15.13 capture_ms=3.84 queue_ms=29.76 gpu_ms=0.02 unpack_ms=2.79 total_ms=51.53
v5_service device=0 lane=0 class=0 jobs=108 rows=15589 cells=36423 reach=592633 reverse=608612 table_mib=22.4 mutable_mib=504.0 max_job_mib=8.7 oldest_ms=77.34 pack_ms=16.69 solve_ms=51.58
v5_device jobs=1 rows=378 cells=709 direct=true graph_reused=false upload_ms=0.34 capture_ms=4.67 queue_ms=2.11 gpu_ms=0.01 unpack_ms=0.05 total_ms=7.17
v5_service device=0 lane=0 class=1 jobs=1 rows=378 cells=709 reach=14459 reverse=14719 table_mib=0.5 mutable_mib=16.0 max_job_mib=16.7 oldest_ms=121.60 pack_ms=0.58 solve_ms=7.22
v5_device jobs=5 rows=3064 cells=4694 direct=true graph_reused=false upload_ms=3.05 capture_ms=5.55 queue_ms=7.39 gpu_ms=0.02 unpack_ms=0.60 total_ms=16.60
v5_service device=1 lane=1 class=1 jobs=5 rows=3064 cells=4694 reach=119615 reverse=120686 table_mib=4.2 mutable_mib=112.0 max_job_mib=34.1 oldest_ms=139.65 pack_ms=4.22 solve_ms=16.66
v5_device jobs=83 rows=12810 cells=25733 direct=true graph_reused=false upload_ms=16.59 capture_ms=4.31 queue_ms=23.74 gpu_ms=0.01 unpack_ms=1.97 total_ms=46.62
v5_service device=1 lane=0 class=0 jobs=83 rows=12810 cells=25733 reach=519908 reverse=530982 table_mib=19.2 mutable_mib=412.0 max_job_mib=8.7 oldest_ms=79.84 pack_ms=21.49 solve_ms=46.68
v5_device jobs=76 rows=10425 cells=21325 direct=true graph_reused=false upload_ms=9.45 capture_ms=3.58 queue_ms=23.53 gpu_ms=0.02 unpack_ms=2.10 total_ms=38.68
v5_service device=0 lane=1 class=0 jobs=76 rows=10425 cells=21325 reach=423689 reverse=432983 table_mib=15.8 mutable_mib=354.0 max_job_mib=8.6 oldest_ms=78.85 pack_ms=11.50 solve_ms=38.75
v5_device jobs=1 rows=488 cells=640 direct=true graph_reused=false upload_ms=0.45 capture_ms=5.87 queue_ms=1.35 gpu_ms=0.01 unpack_ms=0.05 total_ms=7.72
v5_service device=0 lane=1 class=1 jobs=1 rows=488 cells=640 reach=17483 reverse=17534 table_mib=0.6 mutable_mib=16.0 max_job_mib=16.9 oldest_ms=131.98 pack_ms=0.74 solve_ms=7.76
v5_device jobs=5 rows=2222 cells=4002 direct=true graph_reused=false upload_ms=2.31 capture_ms=7.86 queue_ms=4.12 gpu_ms=0.01 unpack_ms=0.43 total_ms=14.72
v5_service device=1 lane=0 class=1 jobs=5 rows=2222 cells=4002 reach=98606 reverse=99988 table_mib=3.4 mutable_mib=80.0 max_job_mib=17.1 oldest_ms=149.70 pack_ms=3.68 solve_ms=14.79
v5_device jobs=86 rows=11845 cells=24048 direct=true graph_reused=false upload_ms=9.58 capture_ms=3.18 queue_ms=22.77 gpu_ms=0.01 unpack_ms=1.73 total_ms=37.26
v5_service device=1 lane=1 class=0 jobs=86 rows=11845 cells=24048 reach=467109 reverse=477368 table_mib=17.5 mutable_mib=402.0 max_job_mib=8.7 oldest_ms=77.82 pack_ms=11.12 solve_ms=37.31
v5_device jobs=102 rows=14040 cells=28949 direct=true graph_reused=false upload_ms=13.17 capture_ms=3.75 queue_ms=28.59 gpu_ms=0.01 unpack_ms=2.40 total_ms=47.91
v5_service device=0 lane=0 class=0 jobs=102 rows=14040 cells=28949 reach=583258 reverse=596006 table_mib=21.5 mutable_mib=496.0 max_job_mib=8.8 oldest_ms=77.73 pack_ms=15.58 solve_ms=47.98
v5_device jobs=5 rows=2598 cells=4705 direct=true graph_reused=false upload_ms=1.86 capture_ms=4.65 queue_ms=7.62 gpu_ms=0.01 unpack_ms=0.45 total_ms=14.59
v5_service device=1 lane=1 class=1 jobs=5 rows=2598 cells=4705 reach=111636 reverse=113478 table_mib=3.8 mutable_mib=80.0 max_job_mib=17.4 oldest_ms=122.59 pack_ms=2.47 solve_ms=14.64
v5_device jobs=3 rows=1952 cells=3453 direct=true graph_reused=false upload_ms=1.59 capture_ms=5.14 queue_ms=6.74 gpu_ms=0.02 unpack_ms=0.34 total_ms=13.82
v5_service device=0 lane=0 class=1 jobs=3 rows=1952 cells=3453 reach=89765 reverse=90920 table_mib=3.0 mutable_mib=64.0 max_job_mib=33.8 oldest_ms=148.46 pack_ms=2.10 solve_ms=13.89
v5_device jobs=1 rows=5372 cells=7118 direct=true graph_reused=false upload_ms=2.71 capture_ms=3.83 queue_ms=10.65 gpu_ms=0.01 unpack_ms=0.25 total_ms=17.44
v5_service device=0 lane=0 class=2 jobs=1 rows=5372 cells=7118 reach=140848 reverse=140956 table_mib=5.6 mutable_mib=128.0 max_job_mib=135.4 oldest_ms=151.77 pack_ms=4.01 solve_ms=17.50
v5_device jobs=96 rows=14993 cells=29903 direct=true graph_reused=false upload_ms=16.89 capture_ms=3.59 queue_ms=27.16 gpu_ms=0.01 unpack_ms=2.23 total_ms=49.88
v5_service device=1 lane=0 class=0 jobs=96 rows=14993 cells=29903 reach=596138 reverse=608749 table_mib=22.1 mutable_mib=508.0 max_job_mib=8.7 oldest_ms=77.92 pack_ms=15.44 solve_ms=49.93
v5_device jobs=98 rows=14904 cells=29851 direct=true graph_reused=false upload_ms=16.75 capture_ms=3.26 queue_ms=28.54 gpu_ms=0.01 unpack_ms=3.06 total_ms=51.62
v5_service device=0 lane=1 class=0 jobs=98 rows=14904 cells=29851 reach=598214 reverse=610836 table_mib=22.2 mutable_mib=472.0 max_job_mib=8.7 oldest_ms=79.92 pack_ms=20.88 solve_ms=51.68
v5_device jobs=2 rows=1494 cells=2196 direct=true graph_reused=false upload_ms=1.35 capture_ms=6.78 queue_ms=3.83 gpu_ms=0.01 unpack_ms=0.33 total_ms=12.30
v5_service device=0 lane=1 class=1 jobs=2 rows=1494 cells=2196 reach=60758 reverse=61109 table_mib=2.1 mutable_mib=48.0 max_job_mib=33.8 oldest_ms=116.28 pack_ms=1.79 solve_ms=12.37
v5_device jobs=5 rows=2823 cells=5188 direct=true graph_reused=false upload_ms=2.27 capture_ms=3.45 queue_ms=8.04 gpu_ms=0.01 unpack_ms=0.45 total_ms=14.21
v5_service device=1 lane=0 class=1 jobs=5 rows=2823 cells=5188 reach=115200 reverse=117319 table_mib=4.0 mutable_mib=96.0 max_job_mib=34.2 oldest_ms=153.29 pack_ms=3.17 solve_ms=14.25
v5_device jobs=1 rows=4008 cells=8456 direct=true graph_reused=false upload_ms=2.99 capture_ms=4.37 queue_ms=10.04 gpu_ms=0.01 unpack_ms=0.23 total_ms=17.64
v5_service device=0 lane=1 class=2 jobs=1 rows=4008 cells=8456 reach=126414 reverse=130426 table_mib=4.7 mutable_mib=128.0 max_job_mib=134.4 oldest_ms=123.02 pack_ms=3.87 solve_ms=17.70
v5_device jobs=100 rows=13471 cells=27633 direct=true graph_reused=false upload_ms=14.45 capture_ms=3.54 queue_ms=25.55 gpu_ms=0.01 unpack_ms=2.04 total_ms=45.58
v5_service device=1 lane=1 class=0 jobs=100 rows=13471 cells=27633 reach=544604 reverse=556686 table_mib=20.3 mutable_mib=450.0 max_job_mib=8.6 oldest_ms=80.34 pack_ms=21.05 solve_ms=45.64
v5_device jobs=1 rows=12306 cells=21836 direct=true graph_reused=false upload_ms=9.37 capture_ms=3.22 queue_ms=42.48 gpu_ms=0.01 unpack_ms=0.90 total_ms=55.99
v5_service device=0 lane=1 class=3 jobs=1 rows=12306 cells=21836 reach=479078 reverse=487872 table_mib=16.5 mutable_mib=512.0 max_job_mib=534.8 oldest_ms=142.42 pack_ms=9.38 solve_ms=56.04
v5_device jobs=97 rows=14219 cells=30041 direct=true graph_reused=false upload_ms=13.21 capture_ms=4.41 queue_ms=38.58 gpu_ms=0.01 unpack_ms=2.27 total_ms=58.48
v5_service device=0 lane=0 class=0 jobs=97 rows=14219 cells=30041 reach=591363 reverse=604924 table_mib=21.8 mutable_mib=466.0 max_job_mib=8.7 oldest_ms=77.02 pack_ms=15.50 solve_ms=58.53
v5_device jobs=9 rows=4945 cells=8592 direct=true graph_reused=false upload_ms=3.98 capture_ms=4.29 queue_ms=12.02 gpu_ms=0.01 unpack_ms=0.68 total_ms=20.98
v5_service device=0 lane=0 class=1 jobs=9 rows=4945 cells=8592 reach=201524 reverse=204185 table_mib=7.0 mutable_mib=160.0 max_job_mib=33.4 oldest_ms=159.45 pack_ms=5.15 solve_ms=21.03
v5_device jobs=95 rows=15017 cells=30507 direct=true graph_reused=false upload_ms=18.55 capture_ms=3.51 queue_ms=28.24 gpu_ms=0.01 unpack_ms=2.53 total_ms=52.84
v5_service device=1 lane=0 class=0 jobs=95 rows=15017 cells=30507 reach=618821 reverse=632091 table_mib=22.7 mutable_mib=492.0 max_job_mib=8.7 oldest_ms=77.41 pack_ms=14.88 solve_ms=52.90
v5_device jobs=1 rows=3584 cells=6491 direct=true graph_reused=false upload_ms=2.25 capture_ms=3.66 queue_ms=10.23 gpu_ms=0.01 unpack_ms=0.24 total_ms=16.38
v5_service device=0 lane=0 class=2 jobs=1 rows=3584 cells=6491 reach=140277 reverse=142841 table_mib=4.8 mutable_mib=128.0 max_job_mib=134.7 oldest_ms=156.68 pack_ms=3.41 solve_ms=16.42
v5_device jobs=3 rows=1302 cells=2437 direct=true graph_reused=false upload_ms=0.94 capture_ms=3.54 queue_ms=4.86 gpu_ms=0.01 unpack_ms=0.26 total_ms=9.61
v5_service device=1 lane=0 class=1 jobs=3 rows=1302 cells=2437 reach=50353 reverse=51338 table_mib=1.8 mutable_mib=48.0 max_job_mib=17.0 oldest_ms=153.44 pack_ms=1.28 solve_ms=9.66
v5_device jobs=106 rows=15479 cells=31500 direct=true graph_reused=false upload_ms=16.86 capture_ms=3.51 queue_ms=28.33 gpu_ms=0.01 unpack_ms=2.27 total_ms=50.98
v5_service device=1 lane=1 class=0 jobs=106 rows=15479 cells=31500 reach=618768 reverse=632579 table_mib=23.0 mutable_mib=506.0 max_job_mib=8.7 oldest_ms=76.75 pack_ms=17.52 solve_ms=51.03
v5_device jobs=1 rows=629 cells=1168 direct=true graph_reused=false upload_ms=0.56 capture_ms=4.60 queue_ms=3.27 gpu_ms=0.01 unpack_ms=0.06 total_ms=8.50
v5_service device=1 lane=1 class=1 jobs=1 rows=629 cells=1168 reach=26842 reverse=27291 table_mib=0.9 mutable_mib=16.0 max_job_mib=17.3 oldest_ms=139.56 pack_ms=1.05 solve_ms=8.56
v5_device jobs=105 rows=14902 cells=30552 direct=true graph_reused=false upload_ms=13.92 capture_ms=3.37 queue_ms=29.70 gpu_ms=0.01 unpack_ms=2.29 total_ms=49.28
v5_service device=0 lane=1 class=0 jobs=105 rows=14902 cells=30552 reach=610693 reverse=624080 table_mib=22.6 mutable_mib=482.0 max_job_mib=8.8 oldest_ms=78.19 pack_ms=15.06 solve_ms=49.33
v5_device jobs=2 rows=1216 cells=2144 direct=true graph_reused=false upload_ms=1.17 capture_ms=5.35 queue_ms=3.79 gpu_ms=0.01 unpack_ms=0.25 total_ms=10.56
v5_service device=0 lane=1 class=1 jobs=2 rows=1216 cells=2144 reach=47813 reverse=48489 table_mib=1.7 mutable_mib=32.0 max_job_mib=17.5 oldest_ms=133.29 pack_ms=1.51 solve_ms=10.64
v5_device jobs=1 rows=2556 cells=3585 direct=true graph_reused=false upload_ms=2.56 capture_ms=5.80 queue_ms=25.17 gpu_ms=0.01 unpack_ms=0.19 total_ms=33.74
v5_service device=0 lane=1 class=2 jobs=1 rows=2556 cells=3585 reach=82653 reverse=82728 table_mib=3.1 mutable_mib=64.0 max_job_mib=68.1 oldest_ms=141.63 pack_ms=3.06 solve_ms=33.79
v5_device jobs=93 rows=14217 cells=29133 direct=true graph_reused=false upload_ms=15.00 capture_ms=4.49 queue_ms=30.75 gpu_ms=0.01 unpack_ms=2.13 total_ms=52.38
v5_service device=0 lane=0 class=0 jobs=93 rows=14217 cells=29133 reach=562654 reverse=575409 table_mib=20.9 mutable_mib=454.0 max_job_mib=8.7 oldest_ms=78.23 pack_ms=15.92 solve_ms=52.43
v5_device jobs=2 rows=941 cells=1607 direct=true graph_reused=false upload_ms=0.80 capture_ms=4.25 queue_ms=3.75 gpu_ms=0.01 unpack_ms=0.17 total_ms=8.98
v5_service device=0 lane=0 class=1 jobs=2 rows=941 cells=1607 reach=41207 reverse=41605 table_mib=1.4 mutable_mib=32.0 max_job_mib=17.1 oldest_ms=151.88 pack_ms=1.13 solve_ms=9.03
v5_device jobs=92 rows=14034 cells=28950 direct=true graph_reused=false upload_ms=14.10 capture_ms=4.05 queue_ms=28.11 gpu_ms=0.02 unpack_ms=2.94 total_ms=49.21
v5_service device=1 lane=0 class=0 jobs=92 rows=14034 cells=28950 reach=585746 reverse=598531 table_mib=21.5 mutable_mib=464.0 max_job_mib=8.8 oldest_ms=77.91 pack_ms=16.64 solve_ms=49.27
v5_device jobs=3 rows=1458 cells=2378 direct=true graph_reused=false upload_ms=0.99 capture_ms=4.50 queue_ms=5.74 gpu_ms=0.01 unpack_ms=0.22 total_ms=11.46
v5_service device=1 lane=0 class=1 jobs=3 rows=1458 cells=2378 reach=48226 reverse=48902 table_mib=1.8 mutable_mib=48.0 max_job_mib=16.9 oldest_ms=150.31 pack_ms=1.57 solve_ms=11.52
v5_device jobs=1 rows=2536 cells=6762 direct=true graph_reused=false upload_ms=1.94 capture_ms=4.03 queue_ms=19.30 gpu_ms=0.01 unpack_ms=0.22 total_ms=25.50
v5_service device=1 lane=0 class=2 jobs=1 rows=2536 cells=6762 reach=118049 reverse=121857 table_mib=3.9 mutable_mib=64.0 max_job_mib=69.5 oldest_ms=148.46 pack_ms=2.96 solve_ms=25.56
v5_device jobs=77 rows=11425 cells=23359 direct=true graph_reused=false upload_ms=12.48 capture_ms=3.58 queue_ms=25.69 gpu_ms=0.00 unpack_ms=1.66 total_ms=43.42
v5_service device=1 lane=1 class=0 jobs=77 rows=11425 cells=23359 reach=459065 reverse=469261 table_mib=17.0 mutable_mib=378.0 max_job_mib=8.7 oldest_ms=77.80 pack_ms=14.64 solve_ms=43.46
v5_device jobs=3 rows=1192 cells=2096 direct=true graph_reused=false upload_ms=0.95 capture_ms=5.51 queue_ms=3.44 gpu_ms=0.01 unpack_ms=0.23 total_ms=10.13
v5_service device=1 lane=1 class=1 jobs=3 rows=1192 cells=2096 reach=46268 reverse=46974 table_mib=1.6 mutable_mib=48.0 max_job_mib=16.9 oldest_ms=142.40 pack_ms=1.94 solve_ms=10.19
v5_device jobs=73 rows=10524 cells=21885 direct=true graph_reused=false upload_ms=8.41 capture_ms=4.36 queue_ms=29.88 gpu_ms=0.01 unpack_ms=1.79 total_ms=44.44
v5_service device=0 lane=0 class=0 jobs=73 rows=10524 cells=21885 reach=444646 reverse=454389 table_mib=16.3 mutable_mib=359.0 max_job_mib=8.8 oldest_ms=77.55 pack_ms=11.27 solve_ms=44.50
v5_device jobs=98 rows=12959 cells=26706 direct=true graph_reused=false upload_ms=13.05 capture_ms=4.92 queue_ms=42.01 gpu_ms=0.01 unpack_ms=2.59 total_ms=62.59
v5_service device=0 lane=1 class=0 jobs=98 rows=12959 cells=26706 reach=525629 reverse=537280 table_mib=19.6 mutable_mib=428.0 max_job_mib=8.7 oldest_ms=78.12 pack_ms=15.11 solve_ms=62.66
v5_device jobs=5 rows=1937 cells=3631 direct=true graph_reused=false upload_ms=1.47 capture_ms=4.93 queue_ms=7.93 gpu_ms=0.01 unpack_ms=0.53 total_ms=14.86
v5_service device=0 lane=0 class=1 jobs=5 rows=1937 cells=3631 reach=83323 reverse=84799 table_mib=2.9 mutable_mib=80.0 max_job_mib=17.0 oldest_ms=138.55 pack_ms=2.42 solve_ms=14.93
v5_device jobs=2 rows=1193 cells=2260 direct=true graph_reused=false upload_ms=1.01 capture_ms=9.11 queue_ms=2.25 gpu_ms=0.01 unpack_ms=0.38 total_ms=12.76
v5_service device=0 lane=1 class=1 jobs=2 rows=1193 cells=2260 reach=40218 reverse=41095 table_mib=1.5 mutable_mib=32.0 max_job_mib=17.2 oldest_ms=164.45 pack_ms=2.20 solve_ms=12.84
v5_device jobs=1 rows=1980 cells=2638 direct=true graph_reused=false upload_ms=1.36 capture_ms=4.60 queue_ms=5.79 gpu_ms=0.01 unpack_ms=0.15 total_ms=11.91
v5_service device=0 lane=0 class=2 jobs=1 rows=1980 cells=2638 reach=78054 reverse=78142 table_mib=2.7 mutable_mib=64.0 max_job_mib=67.7 oldest_ms=112.84 pack_ms=2.05 solve_ms=11.97
v5_device jobs=108 rows=14207 cells=29028 direct=true graph_reused=false upload_ms=13.90 capture_ms=3.48 queue_ms=30.27 gpu_ms=0.01 unpack_ms=2.23 total_ms=49.89
v5_service device=1 lane=1 class=0 jobs=108 rows=14207 cells=29028 reach=554459 reverse=566987 table_mib=21.0 mutable_mib=452.0 max_job_mib=8.8 oldest_ms=79.20 pack_ms=18.72 solve_ms=49.95
v5_device jobs=101 rows=14541 cells=30480 direct=true graph_reused=false upload_ms=18.11 capture_ms=4.11 queue_ms=51.30 gpu_ms=0.01 unpack_ms=2.79 total_ms=76.32
v5_service device=1 lane=0 class=0 jobs=101 rows=14541 cells=30480 reach=581826 reverse=594686 table_mib=21.7 mutable_mib=470.0 max_job_mib=8.7 oldest_ms=77.11 pack_ms=17.45 solve_ms=76.38
v5_device jobs=1 rows=690 cells=1105 direct=true graph_reused=false upload_ms=0.80 capture_ms=6.78 queue_ms=3.67 gpu_ms=0.01 unpack_ms=0.11 total_ms=11.37
v5_service device=1 lane=1 class=1 jobs=1 rows=690 cells=1105 reach=30522 reverse=30764 table_mib=1.0 mutable_mib=16.0 max_job_mib=17.4 oldest_ms=143.55 pack_ms=1.11 solve_ms=11.43
v5_device jobs=3 rows=1115 cells=1916 direct=true graph_reused=false upload_ms=0.92 capture_ms=4.24 queue_ms=6.38 gpu_ms=0.00 unpack_ms=0.25 total_ms=11.80
v5_service device=1 lane=0 class=1 jobs=3 rows=1115 cells=1916 reach=46807 reverse=47435 table_mib=1.6 mutable_mib=48.0 max_job_mib=16.8 oldest_ms=160.46 pack_ms=1.34 solve_ms=11.84
v5_device jobs=1 rows=4840 cells=6288 direct=true graph_reused=false upload_ms=4.21 capture_ms=4.81 queue_ms=10.54 gpu_ms=0.02 unpack_ms=0.43 total_ms=20.01
v5_service device=1 lane=0 class=2 jobs=1 rows=4840 cells=6288 reach=192407 reverse=192588 table_mib=6.6 mutable_mib=128.0 max_job_mib=137.1 oldest_ms=129.44 pack_ms=4.89 solve_ms=20.06
v5_device jobs=108 rows=15290 cells=31609 direct=true graph_reused=false upload_ms=14.99 capture_ms=3.73 queue_ms=38.63 gpu_ms=0.01 unpack_ms=2.36 total_ms=59.72
v5_service device=0 lane=0 class=0 jobs=108 rows=15290 cells=31609 reach=618021 reverse=631967 table_mib=23.0 mutable_mib=508.0 max_job_mib=8.8 oldest_ms=77.75 pack_ms=14.08 solve_ms=59.78
v5_device jobs=74 rows=11728 cells=23987 direct=true graph_reused=false upload_ms=14.67 capture_ms=5.23 queue_ms=43.30 gpu_ms=0.01 unpack_ms=2.52 total_ms=65.72
v5_service device=0 lane=1 class=0 jobs=74 rows=11728 cells=23987 reach=485549 reverse=496138 table_mib=17.8 mutable_mib=354.0 max_job_mib=8.7 oldest_ms=80.96 pack_ms=18.76 solve_ms=65.80
v5_device jobs=3 rows=1595 cells=2545 direct=true graph_reused=false upload_ms=1.99 capture_ms=12.21 queue_ms=2.96 gpu_ms=0.01 unpack_ms=0.31 total_ms=17.48
v5_service device=0 lane=1 class=1 jobs=3 rows=1595 cells=2545 reach=67635 reverse=68199 table_mib=2.3 mutable_mib=48.0 max_job_mib=17.4 oldest_ms=169.23 pack_ms=2.55 solve_ms=17.54
v5_device jobs=5 rows=3078 cells=5782 direct=true graph_reused=false upload_ms=2.13 capture_ms=3.64 queue_ms=13.47 gpu_ms=0.01 unpack_ms=0.42 total_ms=19.67
v5_service device=0 lane=0 class=1 jobs=5 rows=3078 cells=5782 reach=119906 reverse=122325 table_mib=4.2 mutable_mib=112.0 max_job_mib=33.5 oldest_ms=148.42 pack_ms=2.83 solve_ms=19.73
v5_device jobs=92 rows=12120 cells=25255 direct=true graph_reused=false upload_ms=14.31 capture_ms=3.59 queue_ms=24.47 gpu_ms=0.01 unpack_ms=2.07 total_ms=44.45
v5_service device=1 lane=1 class=0 jobs=92 rows=12120 cells=25255 reach=501355 reverse=512607 table_mib=18.6 mutable_mib=418.0 max_job_mib=8.7 oldest_ms=76.23 pack_ms=11.92 solve_ms=44.50
v5_device jobs=71 rows=10909 cells=21838 direct=true graph_reused=false upload_ms=12.53 capture_ms=4.10 queue_ms=22.57 gpu_ms=0.01 unpack_ms=1.88 total_ms=41.08
v5_service device=1 lane=0 class=0 jobs=71 rows=10909 cells=21838 reach=446880 reverse=456122 table_mib=16.4 mutable_mib=346.0 max_job_mib=8.7 oldest_ms=77.75 pack_ms=13.04 solve_ms=41.15
v5_device jobs=2 rows=1128 cells=1954 direct=true graph_reused=false upload_ms=0.66 capture_ms=13.92 queue_ms=4.36 gpu_ms=0.00 unpack_ms=0.21 total_ms=19.15
v5_service device=1 lane=1 class=1 jobs=2 rows=1128 cells=1954 reach=32894 reverse=33578 table_mib=1.3 mutable_mib=32.0 max_job_mib=17.1 oldest_ms=130.58 pack_ms=0.98 solve_ms=19.19
v5_device jobs=4 rows=1942 cells=4023 direct=true graph_reused=false upload_ms=1.54 capture_ms=5.03 queue_ms=5.77 gpu_ms=0.01 unpack_ms=0.35 total_ms=12.69
v5_service device=1 lane=0 class=1 jobs=4 rows=1942 cells=4023 reach=79771 reverse=81601 table_mib=2.8 mutable_mib=64.0 max_job_mib=17.1 oldest_ms=134.90 pack_ms=2.18 solve_ms=12.75
v5_device jobs=100 rows=13395 cells=27506 direct=true graph_reused=false upload_ms=12.23 capture_ms=5.21 queue_ms=46.07 gpu_ms=0.01 unpack_ms=2.14 total_ms=65.67
v5_service device=0 lane=1 class=0 jobs=100 rows=13395 cells=27506 reach=526343 reverse=538241 table_mib=19.8 mutable_mib=466.0 max_job_mib=8.6 oldest_ms=77.61 pack_ms=14.34 solve_ms=65.73
v5_device jobs=112 rows=17141 cells=34647 direct=true graph_reused=false upload_ms=15.10 capture_ms=3.43 queue_ms=45.09 gpu_ms=0.01 unpack_ms=2.71 total_ms=66.33
v5_service device=0 lane=0 class=0 jobs=112 rows=17141 cells=34647 reach=689901 reverse=704890 table_mib=25.5 mutable_mib=552.0 max_job_mib=8.8 oldest_ms=77.30 pack_ms=14.94 solve_ms=66.38
v5_device jobs=2 rows=1359 cells=18702 direct=true graph_reused=false upload_ms=0.78 capture_ms=4.05 queue_ms=9.15 gpu_ms=0.01 unpack_ms=0.28 total_ms=14.27
v5_service device=0 lane=0 class=1 jobs=2 rows=1359 cells=18702 reach=39405 reverse=40002 table_mib=1.6 mutable_mib=48.0 max_job_mib=33.3 oldest_ms=135.31 pack_ms=1.13 solve_ms=14.32
v5_device jobs=102 rows=13552 cells=27631 direct=true graph_reused=false upload_ms=12.03 capture_ms=3.06 queue_ms=28.15 gpu_ms=0.01 unpack_ms=2.92 total_ms=46.17
v5_service device=1 lane=1 class=0 jobs=102 rows=13552 cells=27631 reach=553671 reverse=565599 table_mib=20.6 mutable_mib=450.0 max_job_mib=8.6 oldest_ms=76.52 pack_ms=12.80 solve_ms=46.22
v5_device jobs=5 rows=2713 cells=5150 direct=true graph_reused=false upload_ms=3.13 capture_ms=8.62 queue_ms=5.73 gpu_ms=0.01 unpack_ms=0.59 total_ms=18.09
v5_service device=0 lane=1 class=1 jobs=5 rows=2713 cells=5150 reach=116817 reverse=118934 table_mib=4.0 mutable_mib=112.0 max_job_mib=33.8 oldest_ms=167.72 pack_ms=4.43 solve_ms=18.17
v5_device jobs=2 rows=1054 cells=1608 direct=true graph_reused=false upload_ms=0.77 capture_ms=3.76 queue_ms=6.93 gpu_ms=0.01 unpack_ms=0.24 total_ms=11.71
v5_service device=1 lane=1 class=1 jobs=2 rows=1054 cells=1608 reach=40181 reverse=40507 table_mib=1.4 mutable_mib=32.0 max_job_mib=17.1 oldest_ms=132.58 pack_ms=1.16 solve_ms=11.76
v5_device jobs=75 rows=11444 cells=23145 direct=true graph_reused=false upload_ms=15.40 capture_ms=4.41 queue_ms=28.84 gpu_ms=0.02 unpack_ms=2.46 total_ms=51.13
v5_service device=1 lane=0 class=0 jobs=75 rows=11444 cells=23145 reach=479565 reverse=489665 table_mib=17.5 mutable_mib=378.0 max_job_mib=8.7 oldest_ms=78.44 pack_ms=12.83 solve_ms=51.18
v5_device jobs=4 rows=3052 cells=18956 direct=true graph_reused=false upload_ms=1.93 capture_ms=3.64 queue_ms=9.85 gpu_ms=0.01 unpack_ms=0.42 total_ms=15.85
v5_service device=1 lane=0 class=1 jobs=4 rows=3052 cells=18956 reach=86300 reverse=87336 table_mib=3.4 mutable_mib=96.0 max_job_mib=34.0 oldest_ms=125.65 pack_ms=2.47 solve_ms=15.91
v5_device jobs=96 rows=14136 cells=36108 direct=true graph_reused=false upload_ms=16.63 capture_ms=3.46 queue_ms=43.74 gpu_ms=0.02 unpack_ms=2.73 total_ms=66.58
v5_service device=0 lane=0 class=0 jobs=96 rows=14136 cells=36108 reach=582312 reverse=594909 table_mib=21.5 mutable_mib=488.0 max_job_mib=8.7 oldest_ms=77.71 pack_ms=14.69 solve_ms=66.64
v5_device jobs=100 rows=13964 cells=28605 direct=true graph_reused=false upload_ms=14.54 capture_ms=3.10 queue_ms=28.40 gpu_ms=0.01 unpack_ms=2.83 total_ms=48.88
v5_service device=1 lane=1 class=0 jobs=100 rows=13964 cells=28605 reach=564747 reverse=577139 table_mib=21.0 mutable_mib=460.0 max_job_mib=8.7 oldest_ms=76.68 pack_ms=15.24 solve_ms=48.93
v5_device jobs=85 rows=12224 cells=24934 direct=true graph_reused=false upload_ms=14.06 capture_ms=5.97 queue_ms=36.80 gpu_ms=0.01 unpack_ms=2.87 total_ms=59.71
v5_service device=0 lane=1 class=0 jobs=85 rows=12224 cells=24934 reach=487253 reverse=498180 table_mib=18.2 mutable_mib=392.0 max_job_mib=8.6 oldest_ms=77.99 pack_ms=13.44 solve_ms=59.77
v5_device jobs=4 rows=1596 cells=2541 direct=true graph_reused=false upload_ms=1.22 capture_ms=4.81 queue_ms=14.98 gpu_ms=0.01 unpack_ms=0.35 total_ms=21.38
v5_service device=1 lane=1 class=1 jobs=4 rows=1596 cells=2541 reach=53085 reverse=53731 table_mib=2.0 mutable_mib=64.0 max_job_mib=16.8 oldest_ms=147.16 pack_ms=1.55 solve_ms=21.44
v5_device jobs=1 rows=594 cells=14103 direct=true graph_reused=false upload_ms=0.55 capture_ms=11.05 queue_ms=8.33 gpu_ms=0.01 unpack_ms=0.15 total_ms=20.09
v5_service device=0 lane=1 class=1 jobs=1 rows=594 cells=14103 reach=14148 reverse=14103 table_mib=0.7 mutable_mib=16.0 max_job_mib=17.1 oldest_ms=134.62 pack_ms=0.95 solve_ms=20.15
v5_device jobs=7 rows=4200 cells=54444 direct=true graph_reused=false upload_ms=2.54 capture_ms=3.95 queue_ms=13.81 gpu_ms=0.02 unpack_ms=0.83 total_ms=21.16
v5_service device=0 lane=0 class=1 jobs=7 rows=4200 cells=54444 reach=94894 reverse=95533 table_mib=4.3 mutable_mib=112.0 max_job_mib=17.1 oldest_ms=166.32 pack_ms=3.38 solve_ms=21.21
v5_device jobs=97 rows=13928 cells=28442 direct=true graph_reused=false upload_ms=16.10 capture_ms=3.67 queue_ms=36.97 gpu_ms=0.03 unpack_ms=3.83 total_ms=60.60
v5_service device=1 lane=0 class=0 jobs=97 rows=13928 cells=28442 reach=562816 reverse=575215 table_mib=20.9 mutable_mib=450.0 max_job_mib=8.7 oldest_ms=76.95 pack_ms=12.96 solve_ms=60.69
v5_device jobs=3 rows=2531 cells=38629 direct=true graph_reused=false upload_ms=2.01 capture_ms=6.94 queue_ms=6.91 gpu_ms=0.02 unpack_ms=0.49 total_ms=16.37
v5_service device=1 lane=0 class=1 jobs=3 rows=2531 cells=38629 reach=52490 reverse=52718 table_mib=2.5 mutable_mib=80.0 max_job_mib=33.7 oldest_ms=162.04 pack_ms=2.66 solve_ms=16.45
v5_device jobs=1 rows=7057 cells=120919 direct=true graph_reused=false upload_ms=4.32 capture_ms=6.73 queue_ms=12.27 gpu_ms=0.04 unpack_ms=0.92 total_ms=24.28
v5_service device=1 lane=0 class=2 jobs=1 rows=7057 cells=120919 reach=120961 reverse=120919 table_mib=6.1 mutable_mib=256.0 max_job_mib=265.2 oldest_ms=107.53 pack_ms=6.13 solve_ms=24.37
v5_device jobs=53 rows=7452 cells=19699 direct=true graph_reused=false upload_ms=7.52 capture_ms=5.13 queue_ms=16.24 gpu_ms=0.02 unpack_ms=1.36 total_ms=30.27
v5_service device=0 lane=1 class=0 jobs=53 rows=7452 cells=19699 reach=299465 reverse=305722 table_mib=11.2 mutable_mib=244.0 max_job_mib=8.6 oldest_ms=78.86 pack_ms=9.23 solve_ms=30.33
v5_device jobs=89 rows=14667 cells=35327 direct=true graph_reused=false upload_ms=15.41 capture_ms=3.42 queue_ms=28.57 gpu_ms=0.02 unpack_ms=2.50 total_ms=49.92
v5_service device=1 lane=1 class=0 jobs=89 rows=14667 cells=35327 reach=584907 reverse=597171 table_mib=21.6 mutable_mib=466.0 max_job_mib=8.7 oldest_ms=77.82 pack_ms=15.69 solve_ms=49.98
v5_device jobs=4 rows=3579 cells=20933 direct=true graph_reused=false upload_ms=2.90 capture_ms=5.07 queue_ms=19.91 gpu_ms=0.02 unpack_ms=0.72 total_ms=28.62
v5_service device=0 lane=1 class=1 jobs=4 rows=3579 cells=20933 reach=117391 reverse=118544 table_mib=4.4 mutable_mib=112.0 max_job_mib=34.4 oldest_ms=124.21 pack_ms=4.57 solve_ms=28.68
v5_device jobs=87 rows=13701 cells=28104 direct=true graph_reused=false upload_ms=27.09 capture_ms=3.68 queue_ms=35.41 gpu_ms=0.02 unpack_ms=2.54 total_ms=68.73
v5_service device=0 lane=0 class=0 jobs=87 rows=13701 cells=28104 reach=548283 reverse=560561 table_mib=20.3 mutable_mib=446.0 max_job_mib=8.7 oldest_ms=79.02 pack_ms=14.98 solve_ms=68.80
v5_device jobs=1 rows=3393 cells=4627 direct=true graph_reused=false upload_ms=4.04 capture_ms=4.84 queue_ms=9.58 gpu_ms=0.02 unpack_ms=0.67 total_ms=19.15
v5_service device=0 lane=1 class=2 jobs=1 rows=3393 cells=4627 reach=136389 reverse=136550 table_mib=4.7 mutable_mib=128.0 max_job_mib=134.4 oldest_ms=150.45 pack_ms=4.43 solve_ms=19.21
v5_device jobs=16 rows=11891 cells=196292 direct=true graph_reused=false upload_ms=7.29 capture_ms=3.51 queue_ms=23.82 gpu_ms=0.01 unpack_ms=1.69 total_ms=36.31
v5_service device=0 lane=0 class=1 jobs=16 rows=11891 cells=196292 reach=227303 reverse=227158 table_mib=11.4 mutable_mib=416.0 max_job_mib=33.5 oldest_ms=170.76 pack_ms=9.12 solve_ms=36.37
v5_device jobs=64 rows=8835 cells=25054 direct=true graph_reused=false upload_ms=18.16 capture_ms=6.57 queue_ms=27.11 gpu_ms=0.02 unpack_ms=1.90 total_ms=53.75
v5_service device=1 lane=0 class=0 jobs=64 rows=8835 cells=25054 reach=356650 reverse=364816 table_mib=13.3 mutable_mib=284.0 max_job_mib=8.7 oldest_ms=79.94 pack_ms=17.90 solve_ms=53.81
v5_device jobs=18 rows=12669 cells=219679 direct=true graph_reused=false upload_ms=15.41 capture_ms=6.59 queue_ms=36.90 gpu_ms=0.01 unpack_ms=2.52 total_ms=61.44
v5_service device=1 lane=1 class=1 jobs=18 rows=12669 cells=219679 reach=295391 reverse=295962 table_mib=13.4 mutable_mib=384.0 max_job_mib=34.4 oldest_ms=149.88 pack_ms=12.88 solve_ms=61.49
v5_device jobs=1 rows=3214 cells=79498 direct=true graph_reused=false upload_ms=1.34 capture_ms=3.43 queue_ms=9.64 gpu_ms=0.02 unpack_ms=0.33 total_ms=14.76
v5_service device=0 lane=0 class=2 jobs=1 rows=3214 cells=79498 reach=79539 reverse=79498 table_mib=3.5 mutable_mib=128.0 max_job_mib=133.4 oldest_ms=182.57 pack_ms=2.11 solve_ms=14.82
v5_device jobs=21 rows=15164 cells=241002 direct=true graph_reused=false upload_ms=11.41 capture_ms=5.92 queue_ms=25.55 gpu_ms=0.01 unpack_ms=1.93 total_ms=44.82
v5_service device=1 lane=0 class=1 jobs=21 rows=15164 cells=241002 reach=327471 reverse=327298 table_mib=15.2 mutable_mib=496.0 max_job_mib=33.8 oldest_ms=161.63 pack_ms=13.60 solve_ms=44.88
v5_device jobs=67 rows=9463 cells=20050 direct=true graph_reused=false upload_ms=9.67 capture_ms=3.52 queue_ms=22.36 gpu_ms=0.02 unpack_ms=1.98 total_ms=37.54
v5_service device=0 lane=1 class=0 jobs=67 rows=9463 cells=20050 reach=400785 reverse=409969 table_mib=14.7 mutable_mib=310.0 max_job_mib=8.6 oldest_ms=78.67 pack_ms=11.07 solve_ms=37.61
v5_device jobs=2 rows=4207 cells=67858 direct=true graph_reused=false upload_ms=1.32 capture_ms=3.45 queue_ms=10.25 gpu_ms=0.01 unpack_ms=0.55 total_ms=15.58
v5_service device=1 lane=0 class=2 jobs=2 rows=4207 cells=67858 reach=67935 reverse=67858 table_mib=3.6 mutable_mib=128.0 max_job_mib=66.9 oldest_ms=181.59 pack_ms=1.85 solve_ms=15.64
v5_device jobs=61 rows=9603 cells=41899 direct=true graph_reused=false upload_ms=14.58 capture_ms=6.58 queue_ms=18.35 gpu_ms=0.02 unpack_ms=1.65 total_ms=41.18
v5_service device=1 lane=1 class=0 jobs=61 rows=9603 cells=41899 reach=357779 reverse=364964 table_mib=13.7 mutable_mib=306.0 max_job_mib=8.6 oldest_ms=76.59 pack_ms=13.62 solve_ms=41.24
v5_device jobs=56 rows=8545 cells=39570 direct=true graph_reused=false upload_ms=9.26 capture_ms=3.57 queue_ms=48.72 gpu_ms=0.01 unpack_ms=1.44 total_ms=63.01
v5_service device=0 lane=0 class=0 jobs=56 rows=8545 cells=39570 reach=341294 reverse=347963 table_mib=12.8 mutable_mib=284.0 max_job_mib=8.8 oldest_ms=76.22 pack_ms=8.76 solve_ms=63.07
v5_device jobs=26 rows=17924 cells=299487 direct=true graph_reused=false upload_ms=11.19 capture_ms=4.70 queue_ms=38.22 gpu_ms=0.02 unpack_ms=4.00 total_ms=58.13
v5_service device=0 lane=1 class=1 jobs=26 rows=17924 cells=299487 reach=370660 reverse=370534 table_mib=17.7 mutable_mib=592.0 max_job_mib=33.7 oldest_ms=136.02 pack_ms=13.07 solve_ms=58.18
v5_device jobs=1 rows=1593 cells=34116 direct=true graph_reused=false upload_ms=0.95 capture_ms=7.28 queue_ms=4.68 gpu_ms=0.03 unpack_ms=0.32 total_ms=13.28
v5_service device=0 lane=1 class=2 jobs=1 rows=1593 cells=34116 reach=34157 reverse=34116 table_mib=1.6 mutable_mib=64.0 max_job_mib=66.4 oldest_ms=136.58 pack_ms=1.68 solve_ms=13.37
v5_device jobs=27 rows=21047 cells=368442 direct=true graph_reused=false upload_ms=16.72 capture_ms=3.95 queue_ms=93.37 gpu_ms=0.01 unpack_ms=3.27 total_ms=117.33
v5_service device=1 lane=0 class=1 jobs=27 rows=21047 cells=368442 reach=400567 reverse=400084 table_mib=19.9 mutable_mib=672.0 max_job_mib=34.1 oldest_ms=81.63 pack_ms=17.32 solve_ms=117.40
v5_device jobs=58 rows=43585 cells=883588 direct=true graph_reused=false upload_ms=31.69 capture_ms=4.40 queue_ms=85.49 gpu_ms=0.02 unpack_ms=8.63 total_ms=130.22
v5_service device=1 lane=1 class=1 jobs=58 rows=43585 cells=883588 reach=924433 reverse=922879 table_mib=44.4 mutable_mib=1312.0 max_job_mib=34.6 oldest_ms=148.67 pack_ms=38.78 solve_ms=130.29
v5_device jobs=25 rows=21214 cells=392757 direct=true graph_reused=false upload_ms=8.80 capture_ms=4.35 queue_ms=56.44 gpu_ms=0.02 unpack_ms=4.05 total_ms=73.66
v5_service device=0 lane=1 class=1 jobs=25 rows=21214 cells=392757 reach=393811 reverse=392796 table_mib=20.0 mutable_mib=640.0 max_job_mib=34.0 oldest_ms=78.64 pack_ms=9.49 solve_ms=73.71
v5_device jobs=13 rows=1797 cells=17872 direct=true graph_reused=false upload_ms=1.33 capture_ms=6.73 queue_ms=5.61 gpu_ms=0.01 unpack_ms=0.40 total_ms=14.08
v5_service device=0 lane=1 class=0 jobs=13 rows=1797 cells=17872 reach=57852 reverse=58852 table_mib=2.4 mutable_mib=56.0 max_job_mib=8.6 oldest_ms=164.22 pack_ms=2.29 solve_ms=14.14
v5_device jobs=63 rows=45766 cells=859195 direct=true graph_reused=false upload_ms=43.57 capture_ms=3.29 queue_ms=134.25 gpu_ms=0.02 unpack_ms=7.80 total_ms=188.94
v5_service device=0 lane=0 class=1 jobs=63 rows=45766 cells=859195 reach=875466 reverse=873148 table_mib=44.1 mutable_mib=1424.0 max_job_mib=34.2 oldest_ms=158.81 pack_ms=27.06 solve_ms=189.01
v5_device jobs=6 rows=13715 cells=232991 direct=true graph_reused=false upload_ms=8.33 capture_ms=5.19 queue_ms=40.36 gpu_ms=0.02 unpack_ms=2.18 total_ms=56.07
v5_service device=1 lane=1 class=2 jobs=6 rows=13715 cells=232991 reach=233255 reverse=233047 table_mib=11.8 mutable_mib=448.0 max_job_mib=133.1 oldest_ms=319.35 pack_ms=7.71 solve_ms=56.15
v5_device jobs=7 rows=14431 cells=274651 direct=true graph_reused=false upload_ms=9.45 capture_ms=4.44 queue_ms=36.17 gpu_ms=0.01 unpack_ms=2.53 total_ms=52.60
v5_service device=1 lane=0 class=2 jobs=7 rows=14431 cells=274651 reach=275961 reverse=275694 table_mib=13.5 mutable_mib=448.0 max_job_mib=68.2 oldest_ms=239.27 pack_ms=10.53 solve_ms=52.65
v5_device jobs=4 rows=7926 cells=130688 direct=true graph_reused=false upload_ms=3.06 capture_ms=3.74 queue_ms=16.79 gpu_ms=0.03 unpack_ms=1.30 total_ms=24.92
v5_service device=0 lane=1 class=2 jobs=4 rows=7926 cells=130688 reach=130832 reverse=130688 table_mib=6.9 mutable_mib=256.0 max_job_mib=66.9 oldest_ms=146.85 pack_ms=3.53 solve_ms=24.98
v5_device jobs=16 rows=2412 cells=11012 direct=true graph_reused=false upload_ms=2.64 capture_ms=4.52 queue_ms=8.39 gpu_ms=0.01 unpack_ms=0.58 total_ms=16.14
v5_service device=1 lane=0 class=0 jobs=16 rows=2412 cells=11012 reach=96802 reverse=98798 table_mib=3.6 mutable_mib=78.0 max_job_mib=8.5 oldest_ms=303.43 pack_ms=3.40 solve_ms=16.20
v5_device jobs=3 rows=8685 cells=99959 direct=true graph_reused=false upload_ms=5.52 capture_ms=3.47 queue_ms=18.40 gpu_ms=0.01 unpack_ms=1.00 total_ms=28.41
v5_service device=0 lane=0 class=2 jobs=3 rows=8685 cells=99959 reach=225273 reverse=225327 table_mib=9.2 mutable_mib=256.0 max_job_mib=133.8 oldest_ms=375.10 pack_ms=5.81 solve_ms=28.47
v5_device jobs=1 rows=13200 cells=333428 direct=true graph_reused=false upload_ms=10.08 capture_ms=6.74 queue_ms=20.60 gpu_ms=0.02 unpack_ms=1.88 total_ms=39.31
v5_service device=1 lane=1 class=3 jobs=1 rows=13200 cells=333428 reach=333474 reverse=333428 table_mib=14.6 mutable_mib=512.0 max_job_mib=533.9 oldest_ms=314.40 pack_ms=12.65 solve_ms=39.37
v5_device jobs=1 rows=18367 cells=300912 direct=true graph_reused=false upload_ms=7.39 capture_ms=3.28 queue_ms=26.35 gpu_ms=0.01 unpack_ms=0.93 total_ms=37.97
v5_service device=0 lane=0 class=3 jobs=1 rows=18367 cells=300912 reach=300949 reverse=300912 table_mib=15.2 mutable_mib=512.0 max_job_mib=534.9 oldest_ms=358.62 pack_ms=8.19 solve_ms=38.02
v5_device jobs=31 rows=23384 cells=460043 direct=true graph_reused=false upload_ms=13.51 capture_ms=3.69 queue_ms=41.67 gpu_ms=0.02 unpack_ms=4.02 total_ms=62.90
v5_service device=0 lane=1 class=1 jobs=31 rows=23384 cells=460043 reach=461934 reverse=460675 table_mib=22.9 mutable_mib=736.0 max_job_mib=34.1 oldest_ms=78.94 pack_ms=12.30 solve_ms=62.96
v5_device jobs=29 rows=20867 cells=392533 direct=true graph_reused=false upload_ms=11.77 capture_ms=3.66 queue_ms=37.33 gpu_ms=0.01 unpack_ms=3.72 total_ms=56.49
v5_service device=1 lane=0 class=1 jobs=29 rows=20867 cells=392533 reach=411402 reverse=410354 table_mib=20.3 mutable_mib=656.0 max_job_mib=34.1 oldest_ms=82.27 pack_ms=13.78 solve_ms=56.55
v5_device jobs=2 rows=3600 cells=84174 direct=true graph_reused=false upload_ms=1.49 capture_ms=3.53 queue_ms=10.74 gpu_ms=0.02 unpack_ms=0.74 total_ms=16.52
v5_service device=0 lane=1 class=2 jobs=2 rows=3600 cells=84174 reach=84265 reverse=84174 table_mib=3.9 mutable_mib=128.0 max_job_mib=67.3 oldest_ms=159.21 pack_ms=2.17 solve_ms=16.59
v5_device jobs=13 rows=2043 cells=10212 direct=true graph_reused=false upload_ms=1.57 capture_ms=4.54 queue_ms=10.28 gpu_ms=0.01 unpack_ms=0.48 total_ms=16.87
v5_service device=1 lane=0 class=0 jobs=13 rows=2043 cells=10212 reach=85159 reverse=86608 table_mib=3.1 mutable_mib=68.0 max_job_mib=8.5 oldest_ms=165.37 pack_ms=2.29 solve_ms=16.93
v5_device jobs=33 rows=24749 cells=532375 direct=true graph_reused=false upload_ms=15.26 capture_ms=4.23 queue_ms=42.55 gpu_ms=0.01 unpack_ms=4.47 total_ms=66.52
v5_service device=1 lane=1 class=1 jobs=33 rows=24749 cells=532375 reach=533730 reverse=532394 table_mib=25.5 mutable_mib=784.0 max_job_mib=34.3 oldest_ms=80.53 pack_ms=15.40 solve_ms=66.57
v5_device jobs=22 rows=2742 cells=5902 direct=true graph_reused=false upload_ms=2.29 capture_ms=3.58 queue_ms=54.10 gpu_ms=0.02 unpack_ms=0.82 total_ms=60.80
v5_service device=0 lane=1 class=0 jobs=22 rows=2742 cells=5902 reach=112365 reverse=115060 table_mib=4.2 mutable_mib=94.0 max_job_mib=8.7 oldest_ms=174.09 pack_ms=3.08 solve_ms=60.85
v5_device jobs=43 rows=31138 cells=556658 direct=true graph_reused=false upload_ms=19.95 capture_ms=4.21 queue_ms=52.75 gpu_ms=0.02 unpack_ms=5.39 total_ms=82.32
v5_service device=0 lane=0 class=1 jobs=43 rows=31138 cells=556658 reach=558446 reverse=556744 table_mib=28.8 mutable_mib=976.0 max_job_mib=34.0 oldest_ms=79.68 pack_ms=16.10 solve_ms=82.40
v5_device jobs=4 rows=9180 cells=115328 direct=true graph_reused=false upload_ms=4.42 capture_ms=3.81 queue_ms=31.59 gpu_ms=0.01 unpack_ms=1.26 total_ms=41.09
v5_service device=1 lane=0 class=2 jobs=4 rows=9180 cells=115328 reach=115478 reverse=115328 table_mib=6.9 mutable_mib=320.0 max_job_mib=132.4 oldest_ms=181.73 pack_ms=4.23 solve_ms=41.14
v5_device jobs=3 rows=9300 cells=112322 direct=true graph_reused=false upload_ms=5.56 capture_ms=3.90 queue_ms=22.85 gpu_ms=0.02 unpack_ms=1.54 total_ms=33.85
v5_service device=1 lane=1 class=2 jobs=3 rows=9300 cells=112322 reach=209841 reverse=212732 table_mib=9.3 mutable_mib=256.0 max_job_mib=134.4 oldest_ms=160.32 pack_ms=7.65 solve_ms=33.93
v5_device jobs=10 rows=2135 cells=28294 direct=true graph_reused=false upload_ms=1.35 capture_ms=4.34 queue_ms=8.98 gpu_ms=0.01 unpack_ms=0.45 total_ms=15.13
v5_service device=0 lane=0 class=0 jobs=10 rows=2135 cells=28294 reach=65613 reverse=66255 table_mib=2.7 mutable_mib=60.0 max_job_mib=8.7 oldest_ms=183.09 pack_ms=1.97 solve_ms=15.18
v5_device jobs=2 rows=4135 cells=52867 direct=true graph_reused=false upload_ms=1.20 capture_ms=3.31 queue_ms=10.38 gpu_ms=0.02 unpack_ms=0.49 total_ms=15.41
v5_service device=0 lane=0 class=2 jobs=2 rows=4135 cells=52867 reach=52936 reverse=52867 table_mib=3.2 mutable_mib=128.0 max_job_mib=66.8 oldest_ms=164.55 pack_ms=1.74 solve_ms=15.46
v5_device jobs=1 rows=16531 cells=190446 direct=true graph_reused=false upload_ms=9.98 capture_ms=3.73 queue_ms=32.87 gpu_ms=0.02 unpack_ms=2.59 total_ms=49.19
v5_service device=1 lane=1 class=3 jobs=1 rows=16531 cells=190446 reach=190488 reverse=190446 table_mib=12.9 mutable_mib=512.0 max_job_mib=534.8 oldest_ms=216.63 pack_ms=8.48 solve_ms=49.25
v5_device jobs=3 rows=654 cells=8609 direct=true graph_reused=false upload_ms=0.39 capture_ms=4.03 queue_ms=3.84 gpu_ms=0.01 unpack_ms=0.14 total_ms=8.40
v5_service device=1 lane=1 class=0 jobs=3 rows=654 cells=8609 reach=17905 reverse=18161 table_mib=0.8 mutable_mib=16.0 max_job_mib=8.6 oldest_ms=273.49 pack_ms=0.66 solve_ms=8.46
v5_device jobs=23 rows=4666 cells=58399 direct=true graph_reused=false upload_ms=2.31 capture_ms=3.43 queue_ms=20.35 gpu_ms=0.01 unpack_ms=0.79 total_ms=26.88
v5_service device=0 lane=0 class=0 jobs=23 rows=4666 cells=58399 reach=147248 reverse=148961 table_mib=6.1 mutable_mib=138.0 max_job_mib=8.7 oldest_ms=75.71 pack_ms=3.06 solve_ms=26.94
v5_device jobs=33 rows=24125 cells=437239 direct=true graph_reused=false upload_ms=13.67 capture_ms=3.58 queue_ms=53.89 gpu_ms=0.03 unpack_ms=4.82 total_ms=75.98
v5_service device=0 lane=1 class=1 jobs=33 rows=24125 cells=437239 reach=438521 reverse=437257 table_mib=22.4 mutable_mib=768.0 max_job_mib=33.7 oldest_ms=80.46 pack_ms=13.78 solve_ms=76.03
v5_device jobs=30 rows=24456 cells=441639 direct=true graph_reused=false upload_ms=12.76 capture_ms=3.50 queue_ms=43.25 gpu_ms=0.02 unpack_ms=4.78 total_ms=64.31
v5_service device=1 lane=0 class=1 jobs=30 rows=24456 cells=441639 reach=442811 reverse=441675 table_mib=22.6 mutable_mib=768.0 max_job_mib=34.3 oldest_ms=81.96 pack_ms=14.92 solve_ms=64.35
v5_device jobs=5 rows=1390 cells=13935 direct=true graph_reused=false upload_ms=1.29 capture_ms=4.37 queue_ms=7.41 gpu_ms=0.01 unpack_ms=0.32 total_ms=13.39
v5_service device=1 lane=0 class=0 jobs=5 rows=1390 cells=13935 reach=45463 reverse=46280 table_mib=1.8 mutable_mib=40.0 max_job_mib=8.6 oldest_ms=162.82 pack_ms=1.68 solve_ms=13.44
v5_device jobs=8 rows=1575 cells=24307 direct=true graph_reused=false upload_ms=1.53 capture_ms=6.84 queue_ms=6.10 gpu_ms=0.01 unpack_ms=0.43 total_ms=14.91
v5_service device=0 lane=1 class=0 jobs=8 rows=1575 cells=24307 reach=44803 reverse=45125 table_mib=2.0 mutable_mib=44.0 max_job_mib=8.7 oldest_ms=172.44 pack_ms=2.12 solve_ms=14.96
v5_device jobs=2 rows=4768 cells=74903 direct=true graph_reused=false upload_ms=2.18 capture_ms=3.82 queue_ms=10.65 gpu_ms=0.01 unpack_ms=0.67 total_ms=17.33
v5_service device=1 lane=0 class=2 jobs=2 rows=4768 cells=74903 reach=74978 reverse=74903 table_mib=4.0 mutable_mib=128.0 max_job_mib=67.2 oldest_ms=175.23 pack_ms=2.73 solve_ms=17.40
v5_device jobs=1 rows=16742 cells=153575 direct=true graph_reused=false upload_ms=7.66 capture_ms=3.88 queue_ms=24.52 gpu_ms=0.01 unpack_ms=0.76 total_ms=36.82
v5_service device=0 lane=1 class=3 jobs=1 rows=16742 cells=153575 reach=153609 reverse=153575 table_mib=10.8 mutable_mib=512.0 max_job_mib=528.8 oldest_ms=175.97 pack_ms=8.75 solve_ms=36.89
v5_device jobs=38 rows=31286 cells=499108 direct=true graph_reused=false upload_ms=17.53 capture_ms=3.65 queue_ms=47.89 gpu_ms=0.01 unpack_ms=4.07 total_ms=73.15
v5_service device=1 lane=1 class=1 jobs=38 rows=31286 cells=499108 reach=519994 reverse=519055 table_mib=27.4 mutable_mib=960.0 max_job_mib=33.9 oldest_ms=81.00 pack_ms=21.43 solve_ms=73.20
v5_device jobs=5 rows=15843 cells=237286 direct=true graph_reused=false upload_ms=5.24 capture_ms=3.33 queue_ms=28.37 gpu_ms=0.02 unpack_ms=2.39 total_ms=39.34
v5_service device=0 lane=1 class=2 jobs=5 rows=15843 cells=237286 reach=237483 reverse=237286 table_mib=12.8 mutable_mib=512.0 max_job_mib=133.5 oldest_ms=219.11 pack_ms=5.84 solve_ms=39.41
v5_device jobs=16 rows=2589 cells=12058 direct=true graph_reused=false upload_ms=2.21 capture_ms=3.83 queue_ms=9.52 gpu_ms=0.01 unpack_ms=0.49 total_ms=16.05
v5_service device=1 lane=1 class=0 jobs=16 rows=2589 cells=12058 reach=95333 reverse=97206 table_mib=3.7 mutable_mib=88.0 max_job_mib=8.6 oldest_ms=177.94 pack_ms=2.53 solve_ms=16.10
v5_device jobs=2 rows=6153 cells=102900 direct=true graph_reused=false upload_ms=3.06 capture_ms=3.82 queue_ms=12.58 gpu_ms=0.02 unpack_ms=0.87 total_ms=20.35
v5_service device=1 lane=1 class=2 jobs=2 rows=6153 cells=102900 reach=102976 reverse=102900 table_mib=5.4 mutable_mib=256.0 max_job_mib=132.3 oldest_ms=188.05 pack_ms=3.19 solve_ms=20.40
v5_device jobs=34 rows=24793 cells=481927 direct=true graph_reused=false upload_ms=14.55 capture_ms=3.51 queue_ms=40.80 gpu_ms=0.02 unpack_ms=4.17 total_ms=63.04
v5_service device=1 lane=0 class=1 jobs=34 rows=24793 cells=481927 reach=483417 reverse=482102 table_mib=24.0 mutable_mib=832.0 max_job_mib=34.0 oldest_ms=82.44 pack_ms=16.81 solve_ms=63.10
v5_device jobs=36 rows=24446 cells=440956 direct=true graph_reused=false upload_ms=15.70 capture_ms=3.56 queue_ms=42.52 gpu_ms=0.01 unpack_ms=3.22 total_ms=65.00
v5_service device=0 lane=1 class=1 jobs=36 rows=24446 cells=440956 reach=442338 reverse=440956 table_mib=22.7 mutable_mib=816.0 max_job_mib=34.0 oldest_ms=79.39 pack_ms=12.05 solve_ms=65.06
v5_device jobs=6 rows=22020 cells=292834 direct=true graph_reused=false upload_ms=10.42 capture_ms=3.46 queue_ms=75.22 gpu_ms=0.01 unpack_ms=2.43 total_ms=91.53
v5_service device=1 lane=0 class=2 jobs=6 rows=22020 cells=292834 reach=293050 reverse=292834 table_mib=17.2 mutable_mib=576.0 max_job_mib=270.3 oldest_ms=165.55 pack_ms=11.31 solve_ms=91.59
v5_device jobs=35 rows=26529 cells=510700 direct=true graph_reused=false upload_ms=12.92 capture_ms=3.51 queue_ms=51.46 gpu_ms=0.01 unpack_ms=4.74 total_ms=72.64
v5_service device=1 lane=1 class=1 jobs=35 rows=26529 cells=510700 reach=512185 reverse=510772 table_mib=25.7 mutable_mib=784.0 max_job_mib=34.1 oldest_ms=81.60 pack_ms=13.76 solve_ms=72.69
v5_device jobs=4 rows=707 cells=1393 direct=true graph_reused=false upload_ms=0.60 capture_ms=4.32 queue_ms=2.64 gpu_ms=0.01 unpack_ms=0.18 total_ms=7.74
v5_service device=1 lane=0 class=0 jobs=4 rows=707 cells=1393 reach=30597 reverse=31179 table_mib=1.1 mutable_mib=20.0 max_job_mib=8.7 oldest_ms=267.46 pack_ms=0.88 solve_ms=7.79
v5_device jobs=2 rows=9048 cells=169645 direct=true graph_reused=false upload_ms=3.78 capture_ms=3.70 queue_ms=14.78 gpu_ms=0.01 unpack_ms=0.95 total_ms=23.22
v5_service device=1 lane=1 class=2 jobs=2 rows=9048 cells=169645 reach=169719 reverse=169645 table_mib=8.2 mutable_mib=256.0 max_job_mib=134.8 oldest_ms=165.86 pack_ms=4.49 solve_ms=23.27
v5_device jobs=3 rows=552 cells=6073 direct=true graph_reused=false upload_ms=0.32 capture_ms=3.42 queue_ms=3.79 gpu_ms=0.01 unpack_ms=0.10 total_ms=7.64
v5_service device=1 lane=1 class=0 jobs=3 rows=552 cells=6073 reach=13572 reverse=13774 table_mib=0.6 mutable_mib=14.0 max_job_mib=8.4 oldest_ms=165.97 pack_ms=0.52 solve_ms=7.69
v5_device jobs=21 rows=5490 cells=101591 direct=true graph_reused=false upload_ms=2.46 capture_ms=3.25 queue_ms=13.99 gpu_ms=0.01 unpack_ms=0.93 total_ms=20.63
v5_service device=1 lane=0 class=0 jobs=21 rows=5490 cells=101591 reach=142341 reverse=142571 table_mib=6.5 mutable_mib=156.0 max_job_mib=8.7 oldest_ms=75.80 pack_ms=3.52 solve_ms=20.69
v5_device jobs=9 rows=1527 cells=18099 direct=true graph_reused=false upload_ms=0.93 capture_ms=5.26 queue_ms=233.61 gpu_ms=0.01 unpack_ms=0.36 total_ms=240.16
v5_service device=0 lane=1 class=0 jobs=9 rows=1527 cells=18099 reach=50627 reverse=51372 table_mib=2.1 mutable_mib=44.0 max_job_mib=8.7 oldest_ms=159.28 pack_ms=1.81 solve_ms=240.22
v5_device jobs=40 rows=29856 cells=551537 direct=true graph_reused=false upload_ms=14.45 capture_ms=3.19 queue_ms=48.58 gpu_ms=0.01 unpack_ms=4.87 total_ms=71.10
v5_service device=1 lane=1 class=1 jobs=40 rows=29856 cells=551537 reach=553143 reverse=551584 table_mib=28.1 mutable_mib=912.0 max_job_mib=34.3 oldest_ms=83.80 pack_ms=14.95 solve_ms=71.16
v5_device jobs=2 rows=3539 cells=62821 direct=true graph_reused=false upload_ms=1.29 capture_ms=3.83 queue_ms=10.37 gpu_ms=0.01 unpack_ms=0.53 total_ms=16.03
v5_service device=0 lane=1 class=2 jobs=2 rows=3539 cells=62821 reach=62910 reverse=62821 table_mib=3.2 mutable_mib=128.0 max_job_mib=66.9 oldest_ms=401.22 pack_ms=1.73 solve_ms=16.08
v5_device jobs=6 rows=15618 cells=229283 direct=true graph_reused=false upload_ms=8.52 capture_ms=3.67 queue_ms=25.92 gpu_ms=0.01 unpack_ms=1.77 total_ms=39.89
v5_service device=1 lane=1 class=2 jobs=6 rows=15618 cells=229283 reach=229521 reverse=229283 table_mib=12.7 mutable_mib=448.0 max_job_mib=133.9 oldest_ms=173.41 pack_ms=7.08 solve_ms=39.95
v5_device jobs=2 rows=672 cells=11195 direct=true graph_reused=false upload_ms=0.30 capture_ms=3.99 queue_ms=3.27 gpu_ms=0.01 unpack_ms=0.14 total_ms=7.71
v5_service device=1 lane=1 class=0 jobs=2 rows=672 cells=11195 reach=11265 reverse=11195 table_mib=0.6 mutable_mib=16.0 max_job_mib=8.6 oldest_ms=205.94 pack_ms=0.43 solve_ms=7.76
v5_device jobs=202 rows=155512 cells=2915549 direct=true graph_reused=false upload_ms=147.40 capture_ms=3.11 queue_ms=319.36 gpu_ms=0.03 unpack_ms=27.55 total_ms=497.45
v5_service device=0 lane=0 class=1 jobs=202 rows=155512 cells=2915549 reach=2939915 reverse=2932393 table_mib=148.0 mutable_mib=4880.0 max_job_mib=34.2 oldest_ms=133.18 pack_ms=106.87 solve_ms=497.51
v5_device jobs=20 rows=5320 cells=112128 direct=true graph_reused=false upload_ms=2.36 capture_ms=4.14 queue_ms=15.76 gpu_ms=0.03 unpack_ms=1.53 total_ms=23.82
v5_service device=0 lane=1 class=0 jobs=20 rows=5320 cells=112128 reach=132824 reverse=132688 table_mib=6.2 mutable_mib=144.0 max_job_mib=8.8 oldest_ms=75.72 pack_ms=3.30 solve_ms=23.90
{"phase": "live", "seconds": 30.173, "solves": 41984, "solves_per_s": 1391.4, "oversize_routes": 0, "card_exclusive_routes": 0}
v5_device jobs=40 rows=31252 cells=594741 direct=true graph_reused=false upload_ms=19.87 capture_ms=3.69 queue_ms=51.74 gpu_ms=0.01 unpack_ms=5.34 total_ms=80.65
v5_service device=1 lane=1 class=1 jobs=40 rows=31252 cells=594741 reach=596631 reverse=595050 table_mib=29.9 mutable_mib=976.0 max_job_mib=34.2 oldest_ms=84.08 pack_ms=20.99 solve_ms=80.70
v5_device jobs=19 rows=39865 cells=714864 direct=true graph_reused=false upload_ms=35.97 capture_ms=3.18 queue_ms=83.23 gpu_ms=0.04 unpack_ms=11.38 total_ms=133.79
v5_service device=0 lane=0 class=2 jobs=19 rows=39865 cells=714864 reach=715556 reverse=714864 table_mib=35.6 mutable_mib=1280.0 max_job_mib=133.4 oldest_ms=786.88 pack_ms=22.13 solve_ms=133.84
v5_device jobs=2 rows=39886 cells=645304 direct=true graph_reused=false upload_ms=34.01 capture_ms=3.16 queue_ms=53.07 gpu_ms=0.01 unpack_ms=3.73 total_ms=93.99
v5_service device=0 lane=0 class=3 jobs=2 rows=39886 cells=645304 reach=645374 reverse=645304 table_mib=33.1 mutable_mib=1024.0 max_job_mib=542.3 oldest_ms=924.26 pack_ms=17.22 solve_ms=94.04
v5_device jobs=3 rows=8243 cells=115019 direct=true graph_reused=false upload_ms=3.89 capture_ms=3.89 queue_ms=290.54 gpu_ms=0.01 unpack_ms=0.97 total_ms=299.30
v5_service device=1 lane=1 class=2 jobs=3 rows=8243 cells=115019 reach=115131 reverse=115019 table_mib=6.6 mutable_mib=192.0 max_job_mib=67.9 oldest_ms=188.54 pack_ms=3.54 solve_ms=299.37
v5_device jobs=1 rows=35047 cells=886631 direct=true graph_reused=false upload_ms=20.92 capture_ms=4.01 queue_ms=59.76 gpu_ms=0.02 unpack_ms=5.73 total_ms=90.43
v5_service device=1 lane=1 class=3 jobs=1 rows=35047 cells=886631 reach=886680 reverse=886631 table_mib=39.3 mutable_mib=1024.0 max_job_mib=1084.5 oldest_ms=488.38 pack_ms=24.96 solve_ms=90.49
v5_device jobs=244 rows=185975 cells=3461044 direct=true graph_reused=false upload_ms=197.31 capture_ms=3.58 queue_ms=369.74 gpu_ms=0.02 unpack_ms=35.33 total_ms=605.98
v5_service device=1 lane=0 class=1 jobs=244 rows=185975 cells=3461044 reach=3471245 reverse=3461616 table_mib=175.7 mutable_mib=5872.0 max_job_mib=34.1 oldest_ms=133.73 pack_ms=131.34 solve_ms=606.02
v5_device jobs=42 rows=31866 cells=554821 direct=true graph_reused=false upload_ms=12.94 capture_ms=3.62 queue_ms=140.96 gpu_ms=0.01 unpack_ms=4.74 total_ms=162.27
v5_service device=0 lane=0 class=1 jobs=42 rows=31866 cells=554821 reach=556543 reverse=554915 table_mib=28.9 mutable_mib=1008.0 max_job_mib=33.6 oldest_ms=79.09 pack_ms=12.50 solve_ms=162.32
v5_device jobs=1 rows=323 cells=7044 direct=true graph_reused=false upload_ms=0.22 capture_ms=7.48 queue_ms=0.46 gpu_ms=0.01 unpack_ms=0.09 total_ms=8.26
v5_service device=1 lane=1 class=0 jobs=1 rows=323 cells=7044 reach=7091 reverse=7044 table_mib=0.4 mutable_mib=8.0 max_job_mib=8.6 oldest_ms=596.75 pack_ms=0.41 solve_ms=8.35
v5_device jobs=2 rows=65764 cells=607852 direct=true graph_reused=false upload_ms=50.03 capture_ms=3.89 queue_ms=82.85 gpu_ms=0.01 unpack_ms=5.00 total_ms=141.77
v5_service device=0 lane=0 class=3 jobs=2 rows=65764 cells=607852 reach=607915 reverse=607852 table_mib=42.0 mutable_mib=2048.0 max_job_mib=1059.4 oldest_ms=259.51 pack_ms=27.83 solve_ms=141.83
v5_device jobs=2 rows=3612 cells=62008 direct=true graph_reused=false upload_ms=1.04 capture_ms=2.95 queue_ms=9.37 gpu_ms=0.01 unpack_ms=0.38 total_ms=13.75
v5_service device=0 lane=0 class=2 jobs=2 rows=3612 cells=62008 reach=62078 reverse=62008 table_mib=3.1 mutable_mib=128.0 max_job_mib=66.4 oldest_ms=427.35 pack_ms=1.46 solve_ms=13.79
v5_device jobs=222 rows=160165 cells=3096287 direct=true graph_reused=false upload_ms=162.16 capture_ms=3.13 queue_ms=393.67 gpu_ms=0.02 unpack_ms=34.79 total_ms=593.77
v5_service device=0 lane=1 class=1 jobs=222 rows=160165 cells=3096287 reach=3105349 reverse=3096562 table_mib=155.1 mutable_mib=5072.0 max_job_mib=34.3 oldest_ms=141.10 pack_ms=120.82 solve_ms=593.82
v5_device jobs=3 rows=941 cells=18377 direct=true graph_reused=false upload_ms=0.26 capture_ms=3.35 queue_ms=4.09 gpu_ms=0.01 unpack_ms=0.16 total_ms=7.87
v5_service device=0 lane=0 class=0 jobs=3 rows=941 cells=18377 reach=18481 reverse=18377 table_mib=0.9 mutable_mib=24.0 max_job_mib=8.6 oldest_ms=442.20 pack_ms=0.60 solve_ms=7.91
v5_device jobs=25 rows=16373 cells=308238 direct=true graph_reused=false upload_ms=14.13 capture_ms=4.33 queue_ms=87.81 gpu_ms=0.04 unpack_ms=4.62 total_ms=110.93
v5_service device=1 lane=1 class=1 jobs=25 rows=16373 cells=308238 reach=309253 reverse=308238 table_mib=15.7 mutable_mib=528.0 max_job_mib=34.3 oldest_ms=81.66 pack_ms=10.54 solve_ms=111.02
v5_device jobs=20 rows=50145 cells=856593 direct=true graph_reused=false upload_ms=50.87 capture_ms=3.71 queue_ms=102.09 gpu_ms=0.04 unpack_ms=10.79 total_ms=167.51
v5_service device=1 lane=0 class=2 jobs=20 rows=50145 cells=856593 reach=857421 reverse=856647 table_mib=44.3 mutable_mib=1792.0 max_job_mib=265.0 oldest_ms=901.12 pack_ms=33.84 solve_ms=167.59
v5_device jobs=2 rows=6249 cells=108620 direct=true graph_reused=false upload_ms=5.28 capture_ms=8.95 queue_ms=9.83 gpu_ms=0.03 unpack_ms=1.19 total_ms=25.29
v5_service device=1 lane=1 class=2 jobs=2 rows=6249 cells=108620 reach=108690 reverse=108620 table_mib=5.5 mutable_mib=192.0 max_job_mib=134.0 oldest_ms=206.91 pack_ms=6.65 solve_ms=25.38
v5_device jobs=1 rows=28340 cells=432336 direct=true graph_reused=false upload_ms=20.45 capture_ms=4.13 queue_ms=39.77 gpu_ms=0.01 unpack_ms=4.23 total_ms=68.59
v5_service device=1 lane=1 class=3 jobs=1 rows=28340 cells=432336 reach=432378 reverse=432336 table_mib=23.0 mutable_mib=1024.0 max_job_mib=1059.3 oldest_ms=235.40 pack_ms=25.64 solve_ms=68.65
v5_device jobs=33 rows=24621 cells=475676 direct=true graph_reused=false upload_ms=61.88 capture_ms=3.74 queue_ms=50.26 gpu_ms=0.01 unpack_ms=3.36 total_ms=119.26
v5_service device=0 lane=0 class=1 jobs=33 rows=24621 cells=475676 reach=477011 reverse=475700 table_mib=23.7 mutable_mib=816.0 max_job_mib=34.0 oldest_ms=80.23 pack_ms=14.58 solve_ms=119.31
v5_device jobs=2 rows=666 cells=17602 direct=true graph_reused=false upload_ms=4.00 capture_ms=4.84 queue_ms=76.52 gpu_ms=0.01 unpack_ms=0.26 total_ms=85.62
v5_service device=1 lane=1 class=0 jobs=2 rows=666 cells=17602 reach=17701 reverse=17602 table_mib=0.8 mutable_mib=16.0 max_job_mib=8.7 oldest_ms=320.31 pack_ms=0.70 solve_ms=85.69
v5_device jobs=19 rows=44238 cells=731224 direct=true graph_reused=false upload_ms=46.53 capture_ms=3.74 queue_ms=103.89 gpu_ms=0.03 unpack_ms=8.33 total_ms=162.51
v5_service device=0 lane=1 class=2 jobs=19 rows=44238 cells=731224 reach=732100 reverse=731401 table_mib=38.0 mutable_mib=1472.0 max_job_mib=134.6 oldest_ms=888.70 pack_ms=37.70 solve_ms=162.56
v5_device jobs=3 rows=64088 cells=880724 direct=true graph_reused=false upload_ms=57.31 capture_ms=3.95 queue_ms=93.18 gpu_ms=0.02 unpack_ms=7.65 total_ms=162.11
v5_service device=1 lane=0 class=3 jobs=3 rows=64088 cells=880724 reach=880929 reverse=880816 table_mib=49.3 mutable_mib=2048.0 max_job_mib=1052.5 oldest_ms=1118.10 pack_ms=46.21 solve_ms=162.16
v5_device jobs=5 rows=10416 cells=178027 direct=true graph_reused=false upload_ms=4.58 capture_ms=3.54 queue_ms=18.90 gpu_ms=0.01 unpack_ms=1.21 total_ms=28.25
v5_service device=0 lane=0 class=2 jobs=5 rows=10416 cells=178027 reach=178240 reverse=178027 table_mib=9.3 mutable_mib=384.0 max_job_mib=131.8 oldest_ms=221.06 pack_ms=5.68 solve_ms=28.33
v5_device jobs=1 rows=342 cells=8530 direct=true graph_reused=false upload_ms=0.16 capture_ms=3.75 queue_ms=3.12 gpu_ms=0.01 unpack_ms=0.04 total_ms=7.07
v5_service device=0 lane=0 class=0 jobs=1 rows=342 cells=8530 reach=8578 reverse=8530 table_mib=0.4 mutable_mib=8.0 max_job_mib=8.6 oldest_ms=251.13 pack_ms=0.33 solve_ms=7.12
v5_device jobs=1 rows=56080 cells=657491 direct=true graph_reused=false upload_ms=45.42 capture_ms=3.57 queue_ms=81.34 gpu_ms=0.01 unpack_ms=4.26 total_ms=134.60
v5_service device=1 lane=0 class=3 jobs=1 rows=56080 cells=657491 reach=657519 reverse=657491 table_mib=38.9 mutable_mib=2048.0 max_job_mib=2104.0 oldest_ms=1302.14 pack_ms=21.58 solve_ms=134.67
v5_device jobs=28 rows=20704 cells=431576 direct=true graph_reused=false upload_ms=12.79 capture_ms=4.25 queue_ms=70.32 gpu_ms=0.01 unpack_ms=3.52 total_ms=90.88
v5_service device=1 lane=1 class=1 jobs=28 rows=20704 cells=431576 reach=432814 reverse=431670 table_mib=20.9 mutable_mib=688.0 max_job_mib=34.2 oldest_ms=80.37 pack_ms=14.50 solve_ms=90.94
v5_device jobs=2 rows=5693 cells=79660 direct=true graph_reused=false upload_ms=2.39 capture_ms=7.19 queue_ms=10.09 gpu_ms=0.01 unpack_ms=0.76 total_ms=20.43
v5_service device=1 lane=1 class=2 jobs=2 rows=5693 cells=79660 reach=79794 reverse=79715 table_mib=4.6 mutable_mib=192.0 max_job_mib=132.0 oldest_ms=183.41 pack_ms=4.32 solve_ms=20.52
v5_device jobs=43 rows=32623 cells=602722 direct=true graph_reused=false upload_ms=15.64 capture_ms=3.23 queue_ms=177.27 gpu_ms=0.01 unpack_ms=4.33 total_ms=200.47
v5_service device=0 lane=0 class=1 jobs=43 rows=32623 cells=602722 reach=604454 reverse=602795 table_mib=30.6 mutable_mib=1008.0 max_job_mib=34.0 oldest_ms=78.55 pack_ms=13.54 solve_ms=200.54
v5_device jobs=1 rows=3654 cells=62388 direct=true graph_reused=false upload_ms=1.36 capture_ms=3.36 queue_ms=17.88 gpu_ms=0.01 unpack_ms=0.25 total_ms=22.86
v5_service device=0 lane=0 class=2 jobs=1 rows=3654 cells=62388 reach=62433 reverse=62388 table_mib=3.3 mutable_mib=128.0 max_job_mib=133.2 oldest_ms=280.33 pack_ms=1.97 solve_ms=22.91
v5_device jobs=1 rows=210 cells=4386 direct=true graph_reused=false upload_ms=0.14 capture_ms=4.48 queue_ms=1.82 gpu_ms=0.00 unpack_ms=0.03 total_ms=6.47
v5_service device=0 lane=0 class=0 jobs=1 rows=210 cells=4386 reach=4412 reverse=4386 table_mib=0.2 mutable_mib=8.0 max_job_mib=8.3 oldest_ms=303.85 pack_ms=0.24 solve_ms=6.50
v5_device jobs=6 rows=37322 cells=567815 direct=true graph_reused=false upload_ms=32.19 capture_ms=3.34 queue_ms=83.92 gpu_ms=0.01 unpack_ms=4.57 total_ms=124.04
v5_service device=1 lane=0 class=2 jobs=6 rows=37322 cells=567815 reach=568122 reverse=567875 table_mib=31.1 mutable_mib=1024.0 max_job_mib=271.1 oldest_ms=82.20 pack_ms=14.35 solve_ms=124.09
v5_device jobs=35 rows=26352 cells=464574 direct=true graph_reused=false upload_ms=11.49 capture_ms=4.14 queue_ms=77.38 gpu_ms=0.01 unpack_ms=4.83 total_ms=97.85
v5_service device=1 lane=1 class=1 jobs=35 rows=26352 cells=464574 reach=466077 reverse=464664 table_mib=24.3 mutable_mib=896.0 max_job_mib=33.6 oldest_ms=80.92 pack_ms=13.76 solve_ms=97.91
v5_device jobs=5 rows=120550 cells=1573234 direct=true graph_reused=false upload_ms=95.74 capture_ms=4.07 queue_ms=227.41 gpu_ms=0.01 unpack_ms=17.58 total_ms=344.81
v5_service device=0 lane=1 class=3 jobs=5 rows=120550 cells=1573234 reach=1573418 reverse=1573234 table_mib=90.6 mutable_mib=3072.0 max_job_mib=1063.2 oldest_ms=1104.23 pack_ms=55.44 solve_ms=344.86
v5_device jobs=5 rows=14496 cells=205169 direct=true graph_reused=false upload_ms=7.20 capture_ms=4.38 queue_ms=48.73 gpu_ms=0.01 unpack_ms=1.56 total_ms=61.87
v5_service device=1 lane=1 class=2 jobs=5 rows=14496 cells=205169 reach=205344 reverse=205169 table_mib=11.4 mutable_mib=448.0 max_job_mib=133.3 oldest_ms=201.41 pack_ms=9.25 solve_ms=61.94
v5_device jobs=28 rows=20916 cells=406583 direct=true graph_reused=false upload_ms=13.59 capture_ms=5.72 queue_ms=43.44 gpu_ms=0.01 unpack_ms=4.03 total_ms=66.80
v5_service device=1 lane=0 class=1 jobs=28 rows=20916 cells=406583 reach=407762 reverse=406633 table_mib=20.3 mutable_mib=656.0 max_job_mib=34.1 oldest_ms=223.66 pack_ms=16.47 solve_ms=66.86
v5_device jobs=41 rows=30539 cells=591605 direct=true graph_reused=false upload_ms=13.26 capture_ms=5.12 queue_ms=49.51 gpu_ms=0.01 unpack_ms=4.31 total_ms=72.21
v5_service device=0 lane=0 class=1 jobs=41 rows=30539 cells=591605 reach=593343 reverse=591678 table_mib=29.7 mutable_mib=1008.0 max_job_mib=33.8 oldest_ms=78.73 pack_ms=13.06 solve_ms=72.27
v5_device jobs=1 rows=20632 cells=263741 direct=true graph_reused=false upload_ms=11.20 capture_ms=4.05 queue_ms=36.36 gpu_ms=0.03 unpack_ms=2.87 total_ms=54.51
v5_service device=1 lane=1 class=3 jobs=1 rows=20632 cells=263741 reach=263775 reverse=263741 table_mib=15.7 mutable_mib=512.0 max_job_mib=536.0 oldest_ms=253.99 pack_ms=11.02 solve_ms=54.59
v5_device jobs=1 rows=348 cells=8819 direct=true graph_reused=false upload_ms=0.40 capture_ms=4.72 queue_ms=2.70 gpu_ms=0.01 unpack_ms=0.08 total_ms=7.91
v5_service device=1 lane=1 class=0 jobs=1 rows=348 cells=8819 reach=8871 reverse=8819 table_mib=0.4 mutable_mib=8.0 max_job_mib=8.7 oldest_ms=273.32 pack_ms=0.54 solve_ms=7.97
v5_device jobs=31 rows=22830 cells=412843 direct=true graph_reused=false upload_ms=12.23 capture_ms=3.75 queue_ms=40.28 gpu_ms=0.02 unpack_ms=3.40 total_ms=59.69
v5_service device=0 lane=1 class=1 jobs=31 rows=22830 cells=412843 reach=414459 reverse=413218 table_mib=21.2 mutable_mib=736.0 max_job_mib=34.2 oldest_ms=82.75 pack_ms=12.82 solve_ms=59.75
v5_device jobs=3 rows=6660 cells=92336 direct=true graph_reused=false upload_ms=5.14 capture_ms=4.53 queue_ms=53.80 gpu_ms=0.01 unpack_ms=0.71 total_ms=64.20
v5_service device=0 lane=1 class=2 jobs=3 rows=6660 cells=92336 reach=92449 reverse=92336 table_mib=5.1 mutable_mib=256.0 max_job_mib=131.5 oldest_ms=151.70 pack_ms=3.64 solve_ms=64.26
v5_device jobs=1 rows=35032 cells=427035 direct=true graph_reused=false upload_ms=17.70 capture_ms=4.10 queue_ms=60.70 gpu_ms=0.01 unpack_ms=2.40 total_ms=84.91
v5_service device=0 lane=0 class=3 jobs=1 rows=35032 cells=427035 reach=427081 reverse=427035 table_mib=26.3 mutable_mib=1024.0 max_job_mib=1066.0 oldest_ms=121.95 pack_ms=14.23 solve_ms=84.97
v5_device jobs=1 rows=221 cells=5314 direct=true graph_reused=false upload_ms=0.19 capture_ms=4.05 queue_ms=2.78 gpu_ms=0.01 unpack_ms=0.06 total_ms=7.09
v5_service device=0 lane=1 class=0 jobs=1 rows=221 cells=5314 reach=5362 reverse=5314 table_mib=0.3 mutable_mib=8.0 max_job_mib=8.4 oldest_ms=186.61 pack_ms=0.33 solve_ms=7.14
v5_device jobs=40 rows=25083 cells=451872 direct=true graph_reused=false upload_ms=13.93 capture_ms=3.55 queue_ms=41.86 gpu_ms=0.01 unpack_ms=4.09 total_ms=63.43
v5_service device=1 lane=0 class=1 jobs=40 rows=25083 cells=451872 reach=453535 reverse=452000 table_mib=23.4 mutable_mib=800.0 max_job_mib=33.3 oldest_ms=81.38 pack_ms=16.39 solve_ms=63.47
v5_device jobs=34 rows=26228 cells=478394 direct=true graph_reused=false upload_ms=17.08 capture_ms=4.05 queue_ms=80.27 gpu_ms=0.02 unpack_ms=4.94 total_ms=106.36
v5_service device=1 lane=1 class=1 jobs=34 rows=26228 cells=478394 reach=479772 reverse=478474 table_mib=24.5 mutable_mib=864.0 max_job_mib=33.9 oldest_ms=79.45 pack_ms=14.87 solve_ms=106.43
v5_device jobs=1 rows=30483 cells=681414 direct=true graph_reused=false upload_ms=16.36 capture_ms=3.50 queue_ms=57.62 gpu_ms=0.01 unpack_ms=5.17 total_ms=82.65
v5_service device=1 lane=0 class=3 jobs=1 rows=30483 cells=681414 reach=681455 reverse=681414 table_mib=30.9 mutable_mib=1024.0 max_job_mib=1070.3 oldest_ms=164.37 pack_ms=22.66 solve_ms=82.70
v5_device jobs=2 rows=648 cells=16080 direct=true graph_reused=false upload_ms=0.38 capture_ms=6.45 queue_ms=1.51 gpu_ms=0.01 unpack_ms=0.19 total_ms=8.54
v5_service device=1 lane=0 class=0 jobs=2 rows=648 cells=16080 reach=16211 reverse=16130 table_mib=0.8 mutable_mib=16.0 max_job_mib=8.6 oldest_ms=267.44 pack_ms=0.69 solve_ms=8.61
v5_device jobs=2 rows=4250 cells=72120 direct=true graph_reused=false upload_ms=1.52 capture_ms=4.35 queue_ms=9.25 gpu_ms=0.01 unpack_ms=0.40 total_ms=15.54
v5_service device=1 lane=1 class=2 jobs=2 rows=4250 cells=72120 reach=72190 reverse=72120 table_mib=3.7 mutable_mib=128.0 max_job_mib=66.8 oldest_ms=208.55 pack_ms=2.68 solve_ms=15.61
v5_device jobs=2 rows=589 cells=15908 direct=true graph_reused=false upload_ms=0.35 capture_ms=5.11 queue_ms=2.18 gpu_ms=0.01 unpack_ms=0.18 total_ms=7.82
v5_service device=1 lane=1 class=0 jobs=2 rows=589 cells=15908 reach=16017 reverse=15908 table_mib=0.8 mutable_mib=16.0 max_job_mib=8.6 oldest_ms=184.68 pack_ms=0.62 solve_ms=7.88
v5_device jobs=28 rows=21615 cells=452617 direct=true graph_reused=false upload_ms=16.90 capture_ms=4.67 queue_ms=65.52 gpu_ms=0.03 unpack_ms=4.21 total_ms=91.32
v5_service device=0 lane=1 class=1 jobs=28 rows=21615 cells=452617 reach=453759 reverse=452617 table_mib=22.0 mutable_mib=656.0 max_job_mib=34.6 oldest_ms=82.36 pack_ms=10.35 solve_ms=91.38
v5_device jobs=37 rows=27811 cells=560006 direct=true graph_reused=false upload_ms=14.64 capture_ms=3.60 queue_ms=71.31 gpu_ms=0.01 unpack_ms=5.07 total_ms=94.64
v5_service device=0 lane=0 class=1 jobs=37 rows=27811 cells=560006 reach=561524 reverse=560024 table_mib=27.7 mutable_mib=896.0 max_job_mib=34.3 oldest_ms=78.25 pack_ms=12.85 solve_ms=94.68
v5_device jobs=1 rows=340 cells=8054 direct=true graph_reused=false upload_ms=0.25 capture_ms=4.23 queue_ms=2.81 gpu_ms=0.01 unpack_ms=0.08 total_ms=7.38
v5_service device=0 lane=1 class=0 jobs=1 rows=340 cells=8054 reach=8105 reverse=8054 table_mib=0.4 mutable_mib=8.0 max_job_mib=8.7 oldest_ms=184.97 pack_ms=0.42 solve_ms=7.43
v5_device jobs=5 rows=8001 cells=157142 direct=true graph_reused=false upload_ms=3.43 capture_ms=3.57 queue_ms=15.86 gpu_ms=0.01 unpack_ms=1.05 total_ms=23.92
v5_service device=0 lane=0 class=2 jobs=5 rows=8001 cells=157142 reach=157337 reverse=157142 table_mib=7.6 mutable_mib=320.0 max_job_mib=67.0 oldest_ms=192.10 pack_ms=4.43 solve_ms=23.99
v5_device jobs=2 rows=536 cells=14033 direct=true graph_reused=false upload_ms=0.32 capture_ms=3.68 queue_ms=3.74 gpu_ms=0.01 unpack_ms=0.15 total_ms=7.90
v5_service device=0 lane=0 class=0 jobs=2 rows=536 cells=14033 reach=14128 reverse=14033 table_mib=0.7 mutable_mib=16.0 max_job_mib=8.6 oldest_ms=220.20 pack_ms=0.45 solve_ms=7.96
v5_device jobs=37 rows=28399 cells=510189 direct=true graph_reused=false upload_ms=17.68 capture_ms=3.63 queue_ms=45.69 gpu_ms=0.01 unpack_ms=4.86 total_ms=71.87
v5_service device=1 lane=0 class=1 jobs=37 rows=28399 cells=510189 reach=511667 reverse=510254 table_mib=26.2 mutable_mib=864.0 max_job_mib=33.8 oldest_ms=83.76 pack_ms=16.78 solve_ms=71.94
v5_device jobs=5 rows=10684 cells=171451 direct=true graph_reused=false upload_ms=3.93 capture_ms=3.81 queue_ms=99.28 gpu_ms=0.01 unpack_ms=0.95 total_ms=107.99
v5_service device=1 lane=0 class=2 jobs=5 rows=10684 cells=171451 reach=171616 reverse=171451 table_mib=8.9 mutable_mib=384.0 max_job_mib=131.0 oldest_ms=164.15 pack_ms=6.62 solve_ms=108.03
v5_device jobs=2 rows=405 cells=10605 direct=true graph_reused=false upload_ms=0.28 capture_ms=4.04 queue_ms=2.79 gpu_ms=0.01 unpack_ms=0.12 total_ms=7.25
v5_service device=1 lane=0 class=0 jobs=2 rows=405 cells=10605 reach=10694 reverse=10605 table_mib=0.5 mutable_mib=12.0 max_job_mib=8.5 oldest_ms=278.01 pack_ms=0.51 solve_ms=7.29
v5_device jobs=43 rows=32564 cells=622352 direct=true graph_reused=false upload_ms=13.94 capture_ms=3.59 queue_ms=106.98 gpu_ms=0.14 unpack_ms=4.49 total_ms=129.14
v5_service device=0 lane=0 class=1 jobs=43 rows=32564 cells=622352 reach=624171 reverse=622444 table_mib=31.2 mutable_mib=1008.0 max_job_mib=34.0 oldest_ms=82.57 pack_ms=14.06 solve_ms=129.18
v5_device jobs=1 rows=59189 cells=1842808 direct=true graph_reused=false upload_ms=105.24 capture_ms=4.04 queue_ms=106.92 gpu_ms=27.20 unpack_ms=10.46 total_ms=253.87
v5_service device=1 lane=1 class=3 jobs=1 rows=59189 cells=1842808 reach=1891336 reverse=1891294 table_mib=76.4 mutable_mib=2048.0 max_job_mib=2160.0 oldest_ms=184.67 pack_ms=55.78 solve_ms=253.95
v5_device jobs=2 rows=82672 cells=1028402 direct=true graph_reused=false upload_ms=66.29 capture_ms=3.54 queue_ms=143.42 gpu_ms=0.02 unpack_ms=10.19 total_ms=223.45
v5_service device=0 lane=1 class=3 jobs=2 rows=82672 cells=1028402 reach=1028477 reverse=1028402 table_mib=60.2 mutable_mib=3072.0 max_job_mib=2103.3 oldest_ms=200.10 pack_ms=40.00 solve_ms=223.49
v5_device jobs=1 rows=304 cells=8643 direct=true graph_reused=false upload_ms=0.23 capture_ms=4.26 queue_ms=3.71 gpu_ms=0.01 unpack_ms=0.05 total_ms=8.26
v5_service device=0 lane=0 class=0 jobs=1 rows=304 cells=8643 reach=8699 reverse=8643 table_mib=0.4 mutable_mib=8.0 max_job_mib=8.7 oldest_ms=226.08 pack_ms=0.37 solve_ms=8.31
v5_device jobs=2 rows=3184 cells=39723 direct=true graph_reused=false upload_ms=0.87 capture_ms=4.60 queue_ms=9.92 gpu_ms=0.01 unpack_ms=0.33 total_ms=15.73
v5_service device=0 lane=0 class=2 jobs=2 rows=3184 cells=39723 reach=39794 reverse=39723 table_mib=2.4 mutable_mib=128.0 max_job_mib=66.0 oldest_ms=233.98 pack_ms=1.33 solve_ms=15.78
v5_device jobs=1 rows=2500 cells=43830 direct=true graph_reused=false upload_ms=0.89 capture_ms=3.92 queue_ms=15.72 gpu_ms=0.01 unpack_ms=0.22 total_ms=20.76
v5_service device=0 lane=1 class=2 jobs=1 rows=2500 cells=43830 reach=43871 reverse=43830 table_mib=2.3 mutable_mib=64.0 max_job_mib=67.6 oldest_ms=425.49 pack_ms=1.53 solve_ms=20.79
v5_device jobs=39 rows=28333 cells=554770 direct=true graph_reused=false upload_ms=14.77 capture_ms=3.22 queue_ms=83.78 gpu_ms=0.02 unpack_ms=4.62 total_ms=106.41
v5_service device=1 lane=0 class=1 jobs=39 rows=28333 cells=554770 reach=556556 reverse=554967 table_mib=27.7 mutable_mib=912.0 max_job_mib=33.8 oldest_ms=83.11 pack_ms=14.76 solve_ms=106.47
v5_device jobs=33 rows=26187 cells=482895 direct=true graph_reused=false upload_ms=11.20 capture_ms=3.39 queue_ms=50.58 gpu_ms=0.01 unpack_ms=4.27 total_ms=69.45
v5_service device=1 lane=1 class=1 jobs=33 rows=26187 cells=482895 reach=484454 reverse=483111 table_mib=24.7 mutable_mib=848.0 max_job_mib=33.8 oldest_ms=79.09 pack_ms=10.73 solve_ms=69.50
v5_device jobs=2 rows=576 cells=13603 direct=true graph_reused=false upload_ms=0.38 capture_ms=6.18 queue_ms=6.66 gpu_ms=0.01 unpack_ms=0.15 total_ms=13.37
v5_service device=1 lane=1 class=0 jobs=2 rows=576 cells=13603 reach=13690 reverse=13603 table_mib=0.7 mutable_mib=16.0 max_job_mib=8.6 oldest_ms=161.50 pack_ms=0.62 solve_ms=13.41
v5_device jobs=1 rows=2787 cells=38790 direct=true graph_reused=false upload_ms=0.88 capture_ms=5.80 queue_ms=6.27 gpu_ms=0.01 unpack_ms=0.30 total_ms=13.25
v5_service device=1 lane=0 class=2 jobs=1 rows=2787 cells=38790 reach=38820 reverse=38790 table_mib=2.1 mutable_mib=64.0 max_job_mib=67.1 oldest_ms=206.66 pack_ms=1.58 solve_ms=13.30
v5_device jobs=2 rows=3898 cells=55424 direct=true graph_reused=false upload_ms=1.16 capture_ms=3.45 queue_ms=9.64 gpu_ms=0.01 unpack_ms=0.28 total_ms=14.54
v5_service device=1 lane=1 class=2 jobs=2 rows=3898 cells=55424 reach=55555 reverse=55474 table_mib=3.1 mutable_mib=128.0 max_job_mib=66.4 oldest_ms=143.34 pack_ms=1.70 solve_ms=14.58
v5_device jobs=41 rows=33799 cells=598441 direct=true graph_reused=false upload_ms=14.28 capture_ms=4.20 queue_ms=77.06 gpu_ms=0.01 unpack_ms=4.90 total_ms=100.46
v5_service device=0 lane=1 class=1 jobs=41 rows=33799 cells=598441 reach=600067 reverse=598525 table_mib=30.8 mutable_mib=1040.0 max_job_mib=34.5 oldest_ms=80.40 pack_ms=15.16 solve_ms=100.50
v5_device jobs=42 rows=29825 cells=620922 direct=true graph_reused=false upload_ms=13.17 capture_ms=3.03 queue_ms=85.66 gpu_ms=0.01 unpack_ms=4.63 total_ms=106.50
v5_service device=0 lane=0 class=1 jobs=42 rows=29825 cells=620922 reach=622622 reverse=620947 table_mib=30.2 mutable_mib=944.0 max_job_mib=33.9 oldest_ms=78.03 pack_ms=13.08 solve_ms=106.54
v5_device jobs=1 rows=1584 cells=18840 direct=true graph_reused=false upload_ms=0.51 capture_ms=4.09 queue_ms=4.78 gpu_ms=0.01 unpack_ms=0.12 total_ms=9.52
v5_service device=0 lane=1 class=2 jobs=1 rows=1584 cells=18840 reach=18870 reverse=18840 table_mib=1.1 mutable_mib=64.0 max_job_mib=65.7 oldest_ms=140.92 pack_ms=0.83 solve_ms=9.57
v5_device jobs=37 rows=25254 cells=478233 direct=true graph_reused=false upload_ms=14.47 capture_ms=3.58 queue_ms=54.36 gpu_ms=0.01 unpack_ms=3.48 total_ms=75.90
v5_service device=1 lane=0 class=1 jobs=37 rows=25254 cells=478233 reach=479754 reverse=478281 table_mib=24.2 mutable_mib=784.0 max_job_mib=33.6 oldest_ms=80.60 pack_ms=14.39 solve_ms=75.95
v5_device jobs=2 rows=540 cells=11598 direct=true graph_reused=false upload_ms=0.28 capture_ms=3.62 queue_ms=3.04 gpu_ms=0.01 unpack_ms=0.13 total_ms=7.07
v5_service device=1 lane=0 class=0 jobs=2 rows=540 cells=11598 reach=11684 reverse=11598 table_mib=0.6 mutable_mib=16.0 max_job_mib=8.6 oldest_ms=161.92 pack_ms=0.45 solve_ms=7.11
v5_device jobs=28 rows=20737 cells=395674 direct=true graph_reused=false upload_ms=11.89 capture_ms=4.15 queue_ms=50.19 gpu_ms=0.01 unpack_ms=3.66 total_ms=69.90
v5_service device=1 lane=1 class=1 jobs=28 rows=20737 cells=395674 reach=396954 reverse=395863 table_mib=19.9 mutable_mib=656.0 max_job_mib=34.1 oldest_ms=84.85 pack_ms=14.48 solve_ms=69.95
v5_device jobs=3 rows=5934 cells=81157 direct=true graph_reused=false upload_ms=1.98 capture_ms=3.57 queue_ms=15.44 gpu_ms=0.01 unpack_ms=0.51 total_ms=21.52
v5_service device=1 lane=0 class=2 jobs=3 rows=5934 cells=81157 reach=81294 reverse=81201 table_mib=4.6 mutable_mib=192.0 max_job_mib=67.7 oldest_ms=156.32 pack_ms=2.52 solve_ms=21.57
v5_device jobs=2 rows=3977 cells=60088 direct=true graph_reused=false upload_ms=1.28 capture_ms=3.90 queue_ms=13.15 gpu_ms=0.01 unpack_ms=0.48 total_ms=18.82
v5_service device=1 lane=1 class=2 jobs=2 rows=3977 cells=60088 reach=60157 reverse=60088 table_mib=3.3 mutable_mib=128.0 max_job_mib=66.6 oldest_ms=169.82 pack_ms=2.02 solve_ms=18.88
v5_device jobs=3 rows=970 cells=21362 direct=true graph_reused=false upload_ms=0.35 capture_ms=4.82 queue_ms=2.93 gpu_ms=0.01 unpack_ms=0.19 total_ms=8.29
v5_service device=1 lane=1 class=0 jobs=3 rows=970 cells=21362 reach=21483 reverse=21362 table_mib=1.0 mutable_mib=24.0 max_job_mib=8.6 oldest_ms=167.15 pack_ms=0.77 solve_ms=8.35
v5_device jobs=34 rows=25067 cells=476708 direct=true graph_reused=false upload_ms=10.04 capture_ms=3.31 queue_ms=164.60 gpu_ms=0.01 unpack_ms=4.19 total_ms=182.15
v5_service device=0 lane=1 class=1 jobs=34 rows=25067 cells=476708 reach=478304 reverse=476928 table_mib=24.1 mutable_mib=816.0 max_job_mib=33.7 oldest_ms=79.36 pack_ms=10.52 solve_ms=182.21
v5_device jobs=2 rows=614 cells=11067 direct=true graph_reused=false upload_ms=0.38 capture_ms=5.05 queue_ms=11.70 gpu_ms=0.01 unpack_ms=0.14 total_ms=17.29
v5_service device=0 lane=1 class=0 jobs=2 rows=614 cells=11067 reach=11142 reverse=11067 table_mib=0.6 mutable_mib=16.0 max_job_mib=8.5 oldest_ms=274.63 pack_ms=0.64 solve_ms=17.35
v5_device jobs=5 rows=11770 cells=191503 direct=true graph_reused=false upload_ms=3.97 capture_ms=4.23 queue_ms=19.94 gpu_ms=0.01 unpack_ms=1.20 total_ms=29.34
v5_service device=0 lane=1 class=2 jobs=5 rows=11770 cells=191503 reach=191684 reverse=191503 table_mib=10.0 mutable_mib=384.0 max_job_mib=132.8 oldest_ms=293.21 pack_ms=5.97 solve_ms=29.39
v5_device jobs=34 rows=26421 cells=520155 direct=true graph_reused=false upload_ms=16.80 capture_ms=3.30 queue_ms=80.64 gpu_ms=0.01 unpack_ms=3.80 total_ms=104.55
v5_service device=1 lane=0 class=1 jobs=34 rows=26421 cells=520155 reach=521768 reverse=520369 table_mib=25.8 mutable_mib=800.0 max_job_mib=34.2 oldest_ms=79.88 pack_ms=11.18 solve_ms=104.60
v5_device jobs=5 rows=104830 cells=1475190 direct=true graph_reused=false upload_ms=82.19 capture_ms=5.72 queue_ms=195.98 gpu_ms=0.01 unpack_ms=16.89 total_ms=300.79
v5_service device=0 lane=0 class=3 jobs=5 rows=104830 cells=1475190 reach=1475402 reverse=1475215 table_mib=82.6 mutable_mib=3072.0 max_job_mib=1069.0 oldest_ms=209.61 pack_ms=45.95 solve_ms=300.84
v5_device jobs=33 rows=29784 cells=553302 direct=true graph_reused=false upload_ms=15.75 capture_ms=4.20 queue_ms=63.92 gpu_ms=0.02 unpack_ms=4.85 total_ms=88.74
v5_service device=1 lane=1 class=1 jobs=33 rows=29784 cells=553302 reach=554753 reverse=553482 table_mib=28.0 mutable_mib=848.0 max_job_mib=34.4 oldest_ms=83.46 pack_ms=17.85 solve_ms=88.79
v5_device jobs=3 rows=915 cells=23941 direct=true graph_reused=false upload_ms=0.47 capture_ms=3.95 queue_ms=4.23 gpu_ms=0.01 unpack_ms=0.22 total_ms=8.89
v5_service device=0 lane=0 class=0 jobs=3 rows=915 cells=23941 reach=24098 reverse=23941 table_mib=1.1 mutable_mib=24.0 max_job_mib=8.6 oldest_ms=555.08 pack_ms=0.83 solve_ms=8.94
v5_device jobs=3 rows=6744 cells=106590 direct=true graph_reused=false upload_ms=2.68 capture_ms=4.03 queue_ms=21.83 gpu_ms=0.01 unpack_ms=0.72 total_ms=29.27
v5_service device=1 lane=1 class=2 jobs=3 rows=6744 cells=106590 reach=106711 reverse=106590 table_mib=5.7 mutable_mib=192.0 max_job_mib=67.7 oldest_ms=191.41 pack_ms=3.46 solve_ms=29.33
v5_device jobs=5 rows=8998 cells=145974 direct=true graph_reused=false upload_ms=4.70 capture_ms=6.36 queue_ms=21.68 gpu_ms=0.01 unpack_ms=0.98 total_ms=33.73
v5_service device=1 lane=0 class=2 jobs=5 rows=8998 cells=145974 reach=146162 reverse=145974 table_mib=7.7 mutable_mib=320.0 max_job_mib=67.1 oldest_ms=197.53 pack_ms=5.83 solve_ms=33.78
v5_device jobs=3 rows=7768 cells=121776 direct=true graph_reused=false upload_ms=2.61 capture_ms=3.50 queue_ms=16.35 gpu_ms=0.01 unpack_ms=0.91 total_ms=23.38
v5_service device=0 lane=0 class=2 jobs=3 rows=7768 cells=121776 reach=121956 reverse=121826 table_mib=6.6 mutable_mib=256.0 max_job_mib=132.6 oldest_ms=551.36 pack_ms=3.54 solve_ms=23.43
v5_device jobs=1 rows=299 cells=6024 direct=true graph_reused=false upload_ms=0.17 capture_ms=4.48 queue_ms=2.36 gpu_ms=0.01 unpack_ms=0.07 total_ms=7.09
v5_service device=1 lane=1 class=0 jobs=1 rows=299 cells=6024 reach=6072 reverse=6024 table_mib=0.3 mutable_mib=8.0 max_job_mib=8.5 oldest_ms=202.88 pack_ms=0.30 solve_ms=7.14
v5_device jobs=1 rows=12528 cells=213894 direct=true graph_reused=false upload_ms=5.83 capture_ms=3.56 queue_ms=23.42 gpu_ms=0.02 unpack_ms=1.18 total_ms=34.02
v5_service device=1 lane=0 class=3 jobs=1 rows=12528 cells=213894 reach=213944 reverse=213894 table_mib=11.4 mutable_mib=512.0 max_job_mib=529.9 oldest_ms=182.13 pack_ms=7.60 solve_ms=34.07
v5_device jobs=1 rows=242 cells=7152 direct=true graph_reused=false upload_ms=0.21 capture_ms=4.18 queue_ms=2.87 gpu_ms=0.01 unpack_ms=0.05 total_ms=7.31
v5_service device=1 lane=0 class=0 jobs=1 rows=242 cells=7152 reach=7210 reverse=7152 table_mib=0.3 mutable_mib=8.0 max_job_mib=8.5 oldest_ms=220.73 pack_ms=0.27 solve_ms=7.37
v5_device jobs=36 rows=27676 cells=585486 direct=true graph_reused=false upload_ms=15.41 capture_ms=3.19 queue_ms=49.83 gpu_ms=0.01 unpack_ms=4.68 total_ms=73.12
v5_service device=0 lane=1 class=1 jobs=36 rows=27676 cells=585486 reach=584619 reverse=585768 table_mib=28.3 mutable_mib=848.0 max_job_mib=35.1 oldest_ms=83.07 pack_ms=13.83 solve_ms=73.19
v5_device jobs=2 rows=4134 cells=75012 direct=true graph_reused=false upload_ms=1.48 capture_ms=4.66 queue_ms=26.66 gpu_ms=0.01 unpack_ms=0.38 total_ms=33.18
v5_service device=0 lane=1 class=2 jobs=2 rows=4134 cells=75012 reach=75080 reverse=75012 table_mib=3.7 mutable_mib=128.0 max_job_mib=66.9 oldest_ms=171.01 pack_ms=2.05 solve_ms=33.23
v5_device jobs=32 rows=26596 cells=498324 direct=true graph_reused=false upload_ms=10.24 capture_ms=3.01 queue_ms=49.18 gpu_ms=0.01 unpack_ms=3.73 total_ms=66.18
v5_service device=0 lane=0 class=1 jobs=32 rows=26596 cells=498324 reach=499585 reverse=498324 table_mib=25.1 mutable_mib=800.0 max_job_mib=34.0 oldest_ms=79.15 pack_ms=10.52 solve_ms=66.23
v5_device jobs=38 rows=28428 cells=568443 direct=true graph_reused=false upload_ms=18.15 capture_ms=4.06 queue_ms=49.45 gpu_ms=0.01 unpack_ms=4.67 total_ms=76.35
v5_service device=1 lane=1 class=1 jobs=38 rows=28428 cells=568443 reach=570083 reverse=568541 table_mib=28.2 mutable_mib=896.0 max_job_mib=34.3 oldest_ms=80.59 pack_ms=15.47 solve_ms=76.41
v5_device jobs=3 rows=7161 cells=154536 direct=true graph_reused=false upload_ms=3.47 capture_ms=3.52 queue_ms=16.49 gpu_ms=0.01 unpack_ms=0.83 total_ms=24.33
v5_service device=0 lane=0 class=2 jobs=3 rows=7161 cells=154536 reach=156382 reverse=156256 table_mib=7.3 mutable_mib=256.0 max_job_mib=133.8 oldest_ms=128.03 pack_ms=3.94 solve_ms=24.39
v5_device jobs=2 rows=706 cells=16580 direct=true graph_reused=false upload_ms=0.34 capture_ms=3.81 queue_ms=4.09 gpu_ms=0.01 unpack_ms=0.17 total_ms=8.42
v5_service device=0 lane=0 class=0 jobs=2 rows=706 cells=16580 reach=16683 reverse=16580 table_mib=0.8 mutable_mib=16.0 max_job_mib=8.7 oldest_ms=137.50 pack_ms=0.51 solve_ms=8.46
v5_device jobs=2 rows=3701 cells=65684 direct=true graph_reused=false upload_ms=1.30 capture_ms=3.67 queue_ms=29.05 gpu_ms=0.01 unpack_ms=0.35 total_ms=34.39
v5_service device=1 lane=1 class=2 jobs=2 rows=3701 cells=65684 reach=65758 reverse=65684 table_mib=3.4 mutable_mib=128.0 max_job_mib=67.2 oldest_ms=148.74 pack_ms=1.82 solve_ms=34.44
v5_device jobs=1 rows=352 cells=4559 direct=true graph_reused=false upload_ms=0.16 capture_ms=3.83 queue_ms=1.68 gpu_ms=0.00 unpack_ms=0.03 total_ms=5.70
v5_service device=1 lane=1 class=0 jobs=1 rows=352 cells=4559 reach=4582 reverse=4559 table_mib=0.3 mutable_mib=8.0 max_job_mib=8.4 oldest_ms=144.42 pack_ms=0.30 solve_ms=5.75
v5_device jobs=41 rows=33413 cells=638181 direct=true graph_reused=false upload_ms=19.73 capture_ms=6.23 queue_ms=56.92 gpu_ms=0.01 unpack_ms=5.20 total_ms=88.10
v5_service device=1 lane=0 class=1 jobs=41 rows=33413 cells=638181 reach=639912 reverse=638337 table_mib=32.0 mutable_mib=1056.0 max_job_mib=34.0 oldest_ms=79.79 pack_ms=15.31 solve_ms=88.16
v5_device jobs=3 rows=10036 cells=131055 direct=true graph_reused=false upload_ms=3.75 capture_ms=3.67 queue_ms=15.06 gpu_ms=0.01 unpack_ms=0.82 total_ms=23.31
v5_service device=1 lane=0 class=2 jobs=3 rows=10036 cells=131055 reach=131162 reverse=131055 table_mib=7.6 mutable_mib=320.0 max_job_mib=133.6 oldest_ms=176.64 pack_ms=5.10 solve_ms=23.37
v5_device jobs=31 rows=23864 cells=458978 direct=true graph_reused=false upload_ms=14.13 capture_ms=3.67 queue_ms=41.86 gpu_ms=0.01 unpack_ms=3.83 total_ms=63.51
v5_service device=0 lane=1 class=1 jobs=31 rows=23864 cells=458978 reach=460334 reverse=459143 table_mib=22.9 mutable_mib=736.0 max_job_mib=34.0 oldest_ms=79.19 pack_ms=13.45 solve_ms=63.57
v5_device jobs=4 rows=7499 cells=143210 direct=true graph_reused=false upload_ms=3.45 capture_ms=3.68 queue_ms=30.94 gpu_ms=0.01 unpack_ms=0.88 total_ms=38.95
v5_service device=0 lane=1 class=2 jobs=4 rows=7499 cells=143210 reach=143377 reverse=143210 table_mib=7.0 mutable_mib=256.0 max_job_mib=67.2 oldest_ms=152.59 pack_ms=4.15 solve_ms=39.00
v5_device jobs=1 rows=24937 cells=345343 direct=true graph_reused=false upload_ms=21.34 capture_ms=3.36 queue_ms=82.59 gpu_ms=0.01 unpack_ms=3.28 total_ms=110.57
v5_service device=1 lane=0 class=3 jobs=1 rows=24937 cells=345343 reach=345388 reverse=345343 table_mib=20.6 mutable_mib=1024.0 max_job_mib=1058.1 oldest_ms=154.38 pack_ms=10.82 solve_ms=110.63
v5_device jobs=36 rows=26020 cells=499979 direct=true graph_reused=false upload_ms=14.32 capture_ms=3.56 queue_ms=48.48 gpu_ms=0.01 unpack_ms=4.39 total_ms=70.76
v5_service device=1 lane=1 class=1 jobs=36 rows=26020 cells=499979 reach=501607 reverse=500150 table_mib=25.1 mutable_mib=816.0 max_job_mib=33.9 oldest_ms=79.17 pack_ms=16.26 solve_ms=70.81
v5_device jobs=1 rows=12761 cells=170546 direct=true graph_reused=false upload_ms=4.04 capture_ms=4.23 queue_ms=27.11 gpu_ms=0.01 unpack_ms=1.44 total_ms=36.82
v5_service device=0 lane=1 class=3 jobs=1 rows=12761 cells=170546 reach=170588 reverse=170546 table_mib=10.2 mutable_mib=512.0 max_job_mib=528.3 oldest_ms=185.99 pack_ms=5.13 solve_ms=36.86
v5_device jobs=2 rows=633 cells=13078 direct=true graph_reused=false upload_ms=0.32 capture_ms=4.28 queue_ms=3.18 gpu_ms=0.01 unpack_ms=0.15 total_ms=7.93
v5_service device=0 lane=1 class=0 jobs=2 rows=633 cells=13078 reach=13162 reverse=13078 table_mib=0.7 mutable_mib=16.0 max_job_mib=8.6 oldest_ms=219.53 pack_ms=0.49 solve_ms=7.99
v5_device jobs=39 rows=29581 cells=505016 direct=true graph_reused=false upload_ms=29.70 capture_ms=4.11 queue_ms=73.82 gpu_ms=0.03 unpack_ms=4.40 total_ms=112.06
v5_service device=0 lane=0 class=1 jobs=39 rows=29581 cells=505016 reach=506485 reverse=505064 table_mib=26.3 mutable_mib=912.0 max_job_mib=33.8 oldest_ms=81.16 pack_ms=12.77 solve_ms=112.11
v5_device jobs=4 rows=7021 cells=105968 direct=true graph_reused=false upload_ms=2.27 capture_ms=3.65 queue_ms=13.13 gpu_ms=0.01 unpack_ms=0.71 total_ms=19.78
v5_service device=1 lane=1 class=2 jobs=4 rows=7021 cells=105968 reach=106110 reverse=105968 table_mib=5.7 mutable_mib=256.0 max_job_mib=66.5 oldest_ms=166.38 pack_ms=3.10 solve_ms=19.83
v5_device jobs=2 rows=5479 cells=97486 direct=true graph_reused=false upload_ms=1.84 capture_ms=3.88 queue_ms=10.99 gpu_ms=0.01 unpack_ms=0.66 total_ms=17.38
v5_service device=0 lane=0 class=2 jobs=2 rows=5479 cells=97486 reach=97557 reverse=97486 table_mib=4.8 mutable_mib=192.0 max_job_mib=132.1 oldest_ms=208.33 pack_ms=2.54 solve_ms=17.44
v5_device jobs=1 rows=32581 cells=445777 direct=true graph_reused=false upload_ms=15.29 capture_ms=3.57 queue_ms=48.58 gpu_ms=0.01 unpack_ms=1.71 total_ms=69.16
v5_service device=1 lane=1 class=3 jobs=1 rows=32581 cells=445777 reach=445818 reverse=445777 table_mib=25.4 mutable_mib=1024.0 max_job_mib=1063.0 oldest_ms=153.08 pack_ms=13.65 solve_ms=69.22
v5_device jobs=7 rows=13925 cells=204148 direct=true graph_reused=false upload_ms=5.24 capture_ms=3.54 queue_ms=23.63 gpu_ms=0.00 unpack_ms=1.31 total_ms=33.72
v5_service device=0 lane=1 class=2 jobs=7 rows=13925 cells=204148 reach=204403 reverse=204148 table_mib=11.2 mutable_mib=448.0 max_job_mib=66.8 oldest_ms=76.64 pack_ms=5.49 solve_ms=33.77
v5_device jobs=1 rows=272 cells=7054 direct=true graph_reused=false upload_ms=0.15 capture_ms=3.60 queue_ms=31.75 gpu_ms=0.01 unpack_ms=0.06 total_ms=35.57
v5_service device=1 lane=1 class=0 jobs=1 rows=272 cells=7054 reach=7106 reverse=7054 table_mib=0.3 mutable_mib=8.0 max_job_mib=8.5 oldest_ms=221.24 pack_ms=0.29 solve_ms=35.63
v5_device jobs=39 rows=29374 cells=511134 direct=true graph_reused=false upload_ms=14.71 capture_ms=3.12 queue_ms=48.74 gpu_ms=0.02 unpack_ms=4.07 total_ms=70.66
v5_service device=1 lane=0 class=1 jobs=39 rows=29374 cells=511134 reach=512749 reverse=511290 table_mib=26.7 mutable_mib=928.0 max_job_mib=33.9 oldest_ms=77.38 pack_ms=12.35 solve_ms=70.72
v5_device jobs=4 rows=1255 cells=28907 direct=true graph_reused=false upload_ms=0.54 capture_ms=3.53 queue_ms=4.33 gpu_ms=0.01 unpack_ms=0.24 total_ms=8.64
v5_service device=1 lane=0 class=0 jobs=4 rows=1255 cells=28907 reach=29057 reverse=28907 table_mib=1.4 mutable_mib=32.0 max_job_mib=8.6 oldest_ms=163.04 pack_ms=1.14 solve_ms=8.70
v5_device jobs=5 rows=10779 cells=204868 direct=true graph_reused=false upload_ms=4.08 capture_ms=3.54 queue_ms=19.55 gpu_ms=0.01 unpack_ms=0.99 total_ms=28.17
v5_service device=1 lane=0 class=2 jobs=5 rows=10779 cells=204868 reach=205038 reverse=204868 table_mib=10.1 mutable_mib=384.0 max_job_mib=134.9 oldest_ms=174.03 pack_ms=6.38 solve_ms=28.22
v5_device jobs=1 rows=26257 cells=427340 direct=true graph_reused=false upload_ms=13.47 capture_ms=3.34 queue_ms=54.44 gpu_ms=0.01 unpack_ms=1.55 total_ms=72.81
v5_service device=1 lane=0 class=3 jobs=1 rows=26257 cells=427340 reach=427382 reverse=427340 table_mib=22.4 mutable_mib=1024.0 max_job_mib=1057.6 oldest_ms=208.28 pack_ms=11.92 solve_ms=72.86
v5_device jobs=62 rows=46193 cells=838999 direct=true graph_reused=false upload_ms=42.73 capture_ms=4.39 queue_ms=97.47 gpu_ms=0.01 unpack_ms=7.10 total_ms=151.70
v5_service device=0 lane=1 class=1 jobs=62 rows=46193 cells=838999 reach=841438 reverse=839035 table_mib=43.0 mutable_mib=1424.0 max_job_mib=34.3 oldest_ms=123.52 pack_ms=25.29 solve_ms=151.76
v5_device jobs=39 rows=29462 cells=543923 direct=true graph_reused=false upload_ms=12.92 capture_ms=3.38 queue_ms=61.64 gpu_ms=0.03 unpack_ms=5.86 total_ms=83.82
v5_service device=1 lane=1 class=1 jobs=39 rows=29462 cells=543923 reach=545543 reverse=544015 table_mib=27.9 mutable_mib=928.0 max_job_mib=33.9 oldest_ms=79.75 pack_ms=16.53 solve_ms=83.87
v5_device jobs=3 rows=90052 cells=1040957 direct=true graph_reused=false upload_ms=61.60 capture_ms=3.08 queue_ms=174.32 gpu_ms=0.02 unpack_ms=16.07 total_ms=255.09
v5_service device=0 lane=0 class=3 jobs=3 rows=90052 cells=1040957 reach=1041066 reverse=1040957 table_mib=63.8 mutable_mib=2560.0 max_job_mib=1061.4 oldest_ms=229.40 pack_ms=31.63 solve_ms=255.15
v5_device jobs=2 rows=652 cells=17617 direct=true graph_reused=false upload_ms=0.38 capture_ms=4.69 queue_ms=2.83 gpu_ms=0.01 unpack_ms=0.17 total_ms=8.09
v5_service device=0 lane=0 class=0 jobs=2 rows=652 cells=17617 reach=17708 reverse=17617 table_mib=0.8 mutable_mib=16.0 max_job_mib=8.7 oldest_ms=503.80 pack_ms=0.56 solve_ms=8.13
v5_device jobs=5 rows=10947 cells=214486 direct=true graph_reused=false upload_ms=6.82 capture_ms=3.73 queue_ms=19.06 gpu_ms=0.01 unpack_ms=1.20 total_ms=30.82
v5_service device=1 lane=1 class=2 jobs=5 rows=10947 cells=214486 reach=214676 reverse=214486 table_mib=10.4 mutable_mib=384.0 max_job_mib=133.7 oldest_ms=182.56 pack_ms=6.76 solve_ms=30.88
v5_device jobs=1 rows=30001 cells=567151 direct=true graph_reused=false upload_ms=17.45 capture_ms=3.68 queue_ms=44.61 gpu_ms=0.02 unpack_ms=4.08 total_ms=69.84
v5_service device=0 lane=1 class=3 jobs=1 rows=30001 cells=567151 reach=567193 reverse=567151 table_mib=27.4 mutable_mib=1024.0 max_job_mib=1065.4 oldest_ms=301.98 pack_ms=17.33 solve_ms=69.90
v5_device jobs=2 rows=684 cells=16963 direct=true graph_reused=false upload_ms=0.34 capture_ms=3.80 queue_ms=4.40 gpu_ms=0.01 unpack_ms=0.14 total_ms=8.69
v5_service device=0 lane=1 class=0 jobs=2 rows=684 cells=16963 reach=17160 reverse=17073 table_mib=0.8 mutable_mib=16.0 max_job_mib=8.7 oldest_ms=387.85 pack_ms=0.57 solve_ms=8.74
v5_device jobs=33 rows=23568 cells=468629 direct=true graph_reused=false upload_ms=15.07 capture_ms=4.93 queue_ms=39.25 gpu_ms=0.01 unpack_ms=4.08 total_ms=63.34
v5_service device=1 lane=0 class=1 jobs=33 rows=23568 cells=468629 reach=470076 reverse=468734 table_mib=23.3 mutable_mib=736.0 max_job_mib=33.6 oldest_ms=81.10 pack_ms=17.69 solve_ms=63.40
v5_device jobs=36 rows=26537 cells=521734 direct=true graph_reused=false upload_ms=21.56 capture_ms=3.29 queue_ms=45.80 gpu_ms=0.01 unpack_ms=3.76 total_ms=74.42
v5_service device=0 lane=0 class=1 jobs=36 rows=26537 cells=521734 reach=523669 reverse=522190 table_mib=26.1 mutable_mib=864.0 max_job_mib=33.9 oldest_ms=78.53 pack_ms=11.21 solve_ms=74.47
v5_device jobs=3 rows=7892 cells=102051 direct=true graph_reused=false upload_ms=2.44 capture_ms=3.51 queue_ms=56.92 gpu_ms=0.02 unpack_ms=0.84 total_ms=63.73
v5_service device=0 lane=0 class=2 jobs=3 rows=7892 cells=102051 reach=102151 reverse=102051 table_mib=6.0 mutable_mib=256.0 max_job_mib=132.6 oldest_ms=164.44 pack_ms=2.99 solve_ms=63.78
v5_device jobs=2 rows=627 cells=17754 direct=true graph_reused=false upload_ms=0.33 capture_ms=3.57 queue_ms=3.53 gpu_ms=0.00 unpack_ms=0.13 total_ms=7.56
v5_service device=0 lane=0 class=0 jobs=2 rows=627 cells=17754 reach=17852 reverse=17754 table_mib=0.8 mutable_mib=16.0 max_job_mib=8.7 oldest_ms=222.16 pack_ms=0.53 solve_ms=7.59
v5_device jobs=35 rows=29254 cells=554245 direct=true graph_reused=false upload_ms=16.84 capture_ms=4.34 queue_ms=50.06 gpu_ms=0.01 unpack_ms=4.10 total_ms=75.35
v5_service device=0 lane=1 class=1 jobs=35 rows=29254 cells=554245 reach=555715 reverse=554338 table_mib=27.9 mutable_mib=960.0 max_job_mib=34.2 oldest_ms=80.14 pack_ms=15.11 solve_ms=75.40
v5_device jobs=2 rows=5978 cells=110689 direct=true graph_reused=false upload_ms=2.18 capture_ms=3.68 queue_ms=132.85 gpu_ms=0.01 unpack_ms=0.73 total_ms=139.45
v5_service device=1 lane=0 class=2 jobs=2 rows=5978 cells=110689 reach=110773 reverse=110689 table_mib=5.5 mutable_mib=192.0 max_job_mib=133.9 oldest_ms=111.34 pack_ms=2.97 solve_ms=139.50
v5_device jobs=7 rows=28529 cells=389695 direct=true graph_reused=false upload_ms=13.10 capture_ms=3.58 queue_ms=41.86 gpu_ms=0.01 unpack_ms=2.88 total_ms=61.43
v5_service device=0 lane=1 class=2 jobs=7 rows=28529 cells=389695 reach=390551 reverse=390293 table_mib=21.9 mutable_mib=768.0 max_job_mib=267.4 oldest_ms=182.16 pack_ms=11.30 solve_ms=61.49
v5_device jobs=1 rows=72270 cells=1129628 direct=true graph_reused=false upload_ms=65.94 capture_ms=3.94 queue_ms=170.94 gpu_ms=0.02 unpack_ms=28.33 total_ms=269.17
v5_service device=1 lane=1 class=3 jobs=1 rows=72270 cells=1129628 reach=1129677 reverse=1129628 table_mib=62.9 mutable_mib=2048.0 max_job_mib=2152.4 oldest_ms=224.36 pack_ms=28.56 solve_ms=269.20
v5_device jobs=4 rows=1077 cells=24291 direct=true graph_reused=false upload_ms=0.48 capture_ms=3.27 queue_ms=4.87 gpu_ms=0.01 unpack_ms=0.21 total_ms=8.84
v5_service device=0 lane=1 class=0 jobs=4 rows=1077 cells=24291 reach=24463 reverse=24291 table_mib=1.2 mutable_mib=28.0 max_job_mib=8.6 oldest_ms=251.78 pack_ms=0.76 solve_ms=8.88
v5_device jobs=43 rows=31176 cells=613670 direct=true graph_reused=false upload_ms=20.28 capture_ms=3.08 queue_ms=51.00 gpu_ms=0.01 unpack_ms=3.77 total_ms=78.15
v5_service device=0 lane=0 class=1 jobs=43 rows=31176 cells=613670 reach=615539 reverse=613854 table_mib=30.5 mutable_mib=1008.0 max_job_mib=34.1 oldest_ms=79.69 pack_ms=15.26 solve_ms=78.20
v5_device jobs=3 rows=4745 cells=101133 direct=true graph_reused=false upload_ms=1.78 capture_ms=3.47 queue_ms=11.48 gpu_ms=0.01 unpack_ms=0.59 total_ms=17.33
v5_service device=0 lane=0 class=2 jobs=3 rows=4745 cells=101133 reach=101259 reverse=101133 table_mib=4.8 mutable_mib=192.0 max_job_mib=67.1 oldest_ms=175.72 pack_ms=2.55 solve_ms=17.39
v5_device jobs=39 rows=29899 cells=618470 direct=true graph_reused=false upload_ms=15.28 capture_ms=3.44 queue_ms=95.09 gpu_ms=0.01 unpack_ms=6.06 total_ms=119.89
v5_service device=1 lane=0 class=1 jobs=39 rows=29899 cells=618470 reach=620284 reverse=618672 table_mib=30.1 mutable_mib=928.0 max_job_mib=34.2 oldest_ms=82.53 pack_ms=17.37 solve_ms=119.95
v5_device jobs=2 rows=46803 cells=445024 direct=true graph_reused=false upload_ms=33.96 capture_ms=3.21 queue_ms=93.80 gpu_ms=0.01 unpack_ms=11.04 total_ms=142.02
v5_service device=1 lane=1 class=3 jobs=2 rows=46803 cells=445024 reach=445104 reverse=445024 table_mib=31.2 mutable_mib=1536.0 max_job_mib=1052.3 oldest_ms=530.04 pack_ms=14.81 solve_ms=142.07
v5_device jobs=1 rows=200 cells=1900 direct=true graph_reused=false upload_ms=0.14 capture_ms=4.87 queue_ms=1.14 gpu_ms=0.02 unpack_ms=0.03 total_ms=6.20
v5_service device=1 lane=1 class=0 jobs=1 rows=200 cells=1900 reach=1922 reverse=1900 table_mib=0.1 mutable_mib=8.0 max_job_mib=8.2 oldest_ms=679.23 pack_ms=0.20 solve_ms=6.26
v5_device jobs=41 rows=30024 cells=585898 direct=true graph_reused=false upload_ms=14.10 capture_ms=3.29 queue_ms=54.03 gpu_ms=0.01 unpack_ms=5.40 total_ms=76.83
v5_service device=0 lane=1 class=1 jobs=41 rows=30024 cells=585898 reach=587655 reverse=586054 table_mib=29.1 mutable_mib=976.0 max_job_mib=33.7 oldest_ms=83.25 pack_ms=15.39 solve_ms=76.88
v5_device jobs=5 rows=1469 cells=35311 direct=true graph_reused=false upload_ms=0.67 capture_ms=4.12 queue_ms=6.49 gpu_ms=0.01 unpack_ms=0.32 total_ms=11.61
v5_service device=0 lane=1 class=0 jobs=5 rows=1469 cells=35311 reach=35538 reverse=35311 table_mib=1.7 mutable_mib=40.0 max_job_mib=8.6 oldest_ms=177.41 pack_ms=1.11 solve_ms=11.67
v5_device jobs=6 rows=14254 cells=242625 direct=true graph_reused=false upload_ms=12.25 capture_ms=3.53 queue_ms=26.81 gpu_ms=0.01 unpack_ms=1.65 total_ms=44.24
v5_service device=1 lane=0 class=2 jobs=6 rows=14254 cells=242625 reach=242869 reverse=242625 table_mib=12.6 mutable_mib=448.0 max_job_mib=133.4 oldest_ms=224.20 pack_ms=8.86 solve_ms=44.30
v5_device jobs=2 rows=3824 cells=58966 direct=true graph_reused=false upload_ms=1.25 capture_ms=4.45 queue_ms=52.86 gpu_ms=0.01 unpack_ms=0.39 total_ms=58.96
v5_service device=0 lane=1 class=2 jobs=2 rows=3824 cells=58966 reach=59035 reverse=58966 table_mib=3.2 mutable_mib=128.0 max_job_mib=67.0 oldest_ms=188.43 pack_ms=1.73 solve_ms=59.04
v5_device jobs=38 rows=28359 cells=570322 direct=true graph_reused=false upload_ms=16.25 capture_ms=3.95 queue_ms=48.39 gpu_ms=0.01 unpack_ms=3.76 total_ms=72.35
v5_service device=0 lane=0 class=1 jobs=38 rows=28359 cells=570322 reach=572137 reverse=570650 table_mib=28.0 mutable_mib=912.0 max_job_mib=34.3 oldest_ms=79.78 pack_ms=14.58 solve_ms=72.42
v5_device jobs=1 rows=30913 cells=696924 direct=true graph_reused=false upload_ms=24.82 capture_ms=3.46 queue_ms=56.46 gpu_ms=0.02 unpack_ms=5.16 total_ms=89.93
v5_service device=1 lane=0 class=3 jobs=1 rows=30913 cells=696924 reach=696968 reverse=696924 table_mib=31.8 mutable_mib=1024.0 max_job_mib=1072.5 oldest_ms=274.09 pack_ms=23.62 solve_ms=89.99
v5_device jobs=1 rows=29316 cells=487805 direct=true graph_reused=false upload_ms=12.99 capture_ms=3.06 queue_ms=38.40 gpu_ms=0.01 unpack_ms=1.47 total_ms=55.93
v5_service device=0 lane=0 class=3 jobs=1 rows=29316 cells=487805 reach=487838 reverse=487805 table_mib=24.3 mutable_mib=1024.0 max_job_mib=1059.3 oldest_ms=168.98 pack_ms=12.59 solve_ms=55.98
v5_device jobs=2 rows=654 cells=14112 direct=true graph_reused=false upload_ms=0.32 capture_ms=3.97 queue_ms=10.31 gpu_ms=0.01 unpack_ms=0.19 total_ms=14.79
v5_service device=1 lane=0 class=0 jobs=2 rows=654 cells=14112 reach=14200 reverse=14112 table_mib=0.7 mutable_mib=16.0 max_job_mib=8.6 oldest_ms=385.89 pack_ms=0.49 solve_ms=14.85
v5_device jobs=2 rows=655 cells=14717 direct=true graph_reused=false upload_ms=0.29 capture_ms=4.33 queue_ms=7.36 gpu_ms=0.01 unpack_ms=0.13 total_ms=12.11
v5_service device=0 lane=0 class=0 jobs=2 rows=655 cells=14717 reach=14803 reverse=14717 table_mib=0.7 mutable_mib=16.0 max_job_mib=8.6 oldest_ms=237.62 pack_ms=0.48 solve_ms=12.16
v5_device jobs=12 rows=3699 cells=65154 direct=true graph_reused=false upload_ms=1.27 capture_ms=3.69 queue_ms=11.01 gpu_ms=0.01 unpack_ms=0.65 total_ms=16.63
v5_service device=0 lane=1 class=0 jobs=12 rows=3699 cells=65154 reach=65375 reverse=65154 table_mib=3.5 mutable_mib=96.0 max_job_mib=8.6 oldest_ms=75.96 pack_ms=2.26 solve_ms=16.69
v5_device jobs=36 rows=26814 cells=529371 direct=true graph_reused=false upload_ms=24.51 capture_ms=3.79 queue_ms=57.69 gpu_ms=0.01 unpack_ms=5.32 total_ms=91.31
v5_service device=1 lane=1 class=1 jobs=36 rows=26814 cells=529371 reach=531752 reverse=530313 table_mib=26.3 mutable_mib=832.0 max_job_mib=34.0 oldest_ms=82.34 pack_ms=14.87 solve_ms=91.37
v5_device jobs=2 rows=3550 cells=77149 direct=true graph_reused=false upload_ms=1.29 capture_ms=3.45 queue_ms=10.35 gpu_ms=0.01 unpack_ms=0.36 total_ms=15.47
v5_service device=1 lane=1 class=2 jobs=2 rows=3550 cells=77149 reach=77231 reverse=77160 table_mib=3.5 mutable_mib=128.0 max_job_mib=66.9 oldest_ms=199.48 pack_ms=2.01 solve_ms=15.52
v5_device jobs=6 rows=14183 cells=207553 direct=true graph_reused=false upload_ms=5.27 capture_ms=3.60 queue_ms=23.75 gpu_ms=0.01 unpack_ms=1.49 total_ms=34.12
v5_service device=0 lane=0 class=2 jobs=6 rows=14183 cells=207553 reach=207774 reverse=207553 table_mib=11.4 mutable_mib=448.0 max_job_mib=133.2 oldest_ms=249.17 pack_ms=5.90 solve_ms=34.18
v5_device jobs=1 rows=33967 cells=592572 direct=true graph_reused=false upload_ms=18.04 capture_ms=3.27 queue_ms=45.31 gpu_ms=0.01 unpack_ms=2.98 total_ms=69.62
v5_service device=1 lane=1 class=3 jobs=1 rows=33967 cells=592572 reach=592605 reverse=592572 table_mib=29.0 mutable_mib=1024.0 max_job_mib=1066.2 oldest_ms=212.27 pack_ms=16.10 solve_ms=69.67
v5_device jobs=39 rows=29308 cells=540105 direct=true graph_reused=false upload_ms=19.86 capture_ms=3.46 queue_ms=48.51 gpu_ms=0.01 unpack_ms=3.74 total_ms=75.57
v5_service device=0 lane=0 class=1 jobs=39 rows=29308 cells=540105 reach=541858 reverse=540354 table_mib=27.5 mutable_mib=944.0 max_job_mib=33.8 oldest_ms=80.50 pack_ms=13.54 solve_ms=75.62
v5_device jobs=1 rows=71069 cells=1406444 direct=true graph_reused=false upload_ms=64.96 capture_ms=3.39 queue_ms=131.05 gpu_ms=0.01 unpack_ms=18.69 total_ms=218.10
v5_service device=1 lane=0 class=3 jobs=1 rows=71069 cells=1406444 reach=1406486 reverse=1406444 table_mib=66.6 mutable_mib=2048.0 max_job_mib=2148.0 oldest_ms=361.05 pack_ms=55.11 solve_ms=218.16
v5_device jobs=40 rows=29415 cells=570484 direct=true graph_reused=false upload_ms=22.45 capture_ms=3.35 queue_ms=49.52 gpu_ms=0.01 unpack_ms=3.82 total_ms=79.15
v5_service device=1 lane=1 class=1 jobs=40 rows=29415 cells=570484 reach=572365 reverse=570729 table_mib=28.6 mutable_mib=944.0 max_job_mib=34.0 oldest_ms=79.45 pack_ms=13.89 solve_ms=79.20
v5_device jobs=6 rows=13813 cells=225651 direct=true graph_reused=false upload_ms=4.74 capture_ms=3.63 queue_ms=20.73 gpu_ms=0.01 unpack_ms=1.23 total_ms=30.33
v5_service device=1 lane=1 class=2 jobs=6 rows=13813 cells=225651 reach=225941 reverse=225698 table_mib=11.7 mutable_mib=512.0 max_job_mib=132.6 oldest_ms=174.96 pack_ms=5.95 solve_ms=30.38
v5_device jobs=42 rows=29423 cells=576320 direct=true graph_reused=false upload_ms=13.47 capture_ms=3.20 queue_ms=47.60 gpu_ms=0.02 unpack_ms=4.40 total_ms=68.69
v5_service device=1 lane=0 class=1 jobs=42 rows=29423 cells=576320 reach=578170 reverse=576428 table_mib=28.8 mutable_mib=912.0 max_job_mib=33.7 oldest_ms=79.63 pack_ms=13.69 solve_ms=68.74
v5_device jobs=1 rows=354 cells=9741 direct=true graph_reused=false upload_ms=0.25 capture_ms=4.19 queue_ms=2.72 gpu_ms=0.01 unpack_ms=0.17 total_ms=7.34
v5_service device=1 lane=0 class=0 jobs=1 rows=354 cells=9741 reach=9792 reverse=9741 table_mib=0.4 mutable_mib=8.0 max_job_mib=8.7 oldest_ms=163.23 pack_ms=0.39 solve_ms=7.39
v5_device jobs=7 rows=14029 cells=310187 direct=true graph_reused=false upload_ms=29.61 capture_ms=3.14 queue_ms=187.92 gpu_ms=0.01 unpack_ms=2.00 total_ms=222.69
v5_service device=0 lane=0 class=2 jobs=7 rows=14029 cells=310187 reach=310461 reverse=310187 table_mib=14.4 mutable_mib=448.0 max_job_mib=69.1 oldest_ms=172.80 pack_ms=7.67 solve_ms=222.73
v5_device jobs=2 rows=3411 cells=49206 direct=true graph_reused=false upload_ms=1.66 capture_ms=3.58 queue_ms=39.56 gpu_ms=0.01 unpack_ms=0.36 total_ms=45.16
v5_service device=1 lane=0 class=2 jobs=2 rows=3411 cells=49206 reach=49290 reverse=49206 table_mib=2.8 mutable_mib=128.0 max_job_mib=66.4 oldest_ms=159.76 pack_ms=1.70 solve_ms=45.21
v5_device jobs=2 rows=609 cells=11622 direct=true graph_reused=false upload_ms=0.28 capture_ms=4.07 queue_ms=40.84 gpu_ms=0.01 unpack_ms=0.13 total_ms=45.33
v5_service device=0 lane=0 class=0 jobs=2 rows=609 cells=11622 reach=11696 reverse=11622 table_mib=0.6 mutable_mib=16.0 max_job_mib=8.6 oldest_ms=337.54 pack_ms=0.44 solve_ms=45.38
v5_device jobs=33 rows=26726 cells=512179 direct=true graph_reused=false upload_ms=15.49 capture_ms=3.90 queue_ms=49.05 gpu_ms=0.01 unpack_ms=3.95 total_ms=72.39
v5_service device=1 lane=1 class=1 jobs=33 rows=26726 cells=512179 reach=513627 reverse=512344 table_mib=25.6 mutable_mib=848.0 max_job_mib=33.7 oldest_ms=80.07 pack_ms=11.58 solve_ms=72.47
v5_device jobs=7 rows=17059 cells=260095 direct=true graph_reused=false upload_ms=7.77 capture_ms=3.31 queue_ms=26.03 gpu_ms=0.01 unpack_ms=1.41 total_ms=38.53
v5_service device=1 lane=1 class=2 jobs=7 rows=17059 cells=260095 reach=260352 reverse=260095 table_mib=13.9 mutable_mib=576.0 max_job_mib=133.0 oldest_ms=167.61 pack_ms=7.79 solve_ms=38.59
v5_device jobs=3 rows=986 cells=17974 direct=true graph_reused=false upload_ms=0.36 capture_ms=3.29 queue_ms=3.88 gpu_ms=0.01 unpack_ms=0.15 total_ms=7.68
v5_service device=1 lane=1 class=0 jobs=3 rows=986 cells=17974 reach=18077 reverse=17974 table_mib=0.9 mutable_mib=24.0 max_job_mib=8.6 oldest_ms=214.44 pack_ms=0.62 solve_ms=7.73
v5_device jobs=187 rows=139924 cells=2580007 direct=true graph_reused=false upload_ms=129.63 capture_ms=4.47 queue_ms=298.64 gpu_ms=0.01 unpack_ms=39.08 total_ms=471.83
v5_service device=0 lane=1 class=1 jobs=187 rows=139924 cells=2580007 reach=2564756 reverse=2580537 table_mib=131.2 mutable_mib=4336.0 max_job_mib=34.3 oldest_ms=128.80 pack_ms=95.49 solve_ms=471.89
v5_device jobs=6 rows=15745 cells=253366 direct=true graph_reused=false upload_ms=6.74 capture_ms=3.39 queue_ms=26.82 gpu_ms=0.02 unpack_ms=2.35 total_ms=39.31
v5_service device=1 lane=0 class=2 jobs=6 rows=15745 cells=253366 reach=253576 reverse=253366 table_mib=13.4 mutable_mib=512.0 max_job_mib=133.9 oldest_ms=77.03 pack_ms=6.86 solve_ms=39.37
v5_device jobs=37 rows=30846 cells=562142 direct=true graph_reused=false upload_ms=29.56 capture_ms=3.66 queue_ms=51.08 gpu_ms=0.03 unpack_ms=4.96 total_ms=89.29
v5_service device=0 lane=0 class=1 jobs=37 rows=30846 cells=562142 reach=563805 reverse=562376 table_mib=28.7 mutable_mib=960.0 max_job_mib=34.2 oldest_ms=78.29 pack_ms=13.12 solve_ms=89.36
v5_device jobs=3 rows=6866 cells=99187 direct=true graph_reused=false upload_ms=2.49 capture_ms=3.57 queue_ms=14.79 gpu_ms=0.03 unpack_ms=0.59 total_ms=21.46
v5_service device=0 lane=0 class=2 jobs=3 rows=6866 cells=99187 reach=100125 reverse=100011 table_mib=5.5 mutable_mib=192.0 max_job_mib=67.7 oldest_ms=181.14 pack_ms=3.31 solve_ms=21.51
v5_device jobs=36 rows=28294 cells=532203 direct=true graph_reused=false upload_ms=20.86 capture_ms=3.82 queue_ms=56.68 gpu_ms=0.01 unpack_ms=4.08 total_ms=85.44
v5_service device=1 lane=1 class=1 jobs=36 rows=28294 cells=532203 reach=534982 reverse=533597 table_mib=26.8 mutable_mib=880.0 max_job_mib=34.0 oldest_ms=82.76 pack_ms=17.22 solve_ms=85.51
v5_device jobs=1 rows=300 cells=8522 direct=true graph_reused=false upload_ms=3.71 capture_ms=3.85 queue_ms=63.47 gpu_ms=0.01 unpack_ms=0.08 total_ms=71.11
v5_service device=0 lane=0 class=0 jobs=1 rows=300 cells=8522 reach=8577 reverse=8522 table_mib=0.4 mutable_mib=8.0 max_job_mib=8.6 oldest_ms=185.00 pack_ms=0.37 solve_ms=71.17
v5_device jobs=2 rows=3497 cells=63969 direct=true graph_reused=false upload_ms=1.29 capture_ms=4.11 queue_ms=29.76 gpu_ms=0.01 unpack_ms=0.50 total_ms=35.66
v5_service device=1 lane=1 class=2 jobs=2 rows=3497 cells=63969 reach=64058 reverse=63969 table_mib=3.3 mutable_mib=128.0 max_job_mib=67.0 oldest_ms=189.64 pack_ms=1.80 solve_ms=35.72
v5_device jobs=20 rows=49662 cells=843200 direct=true graph_reused=false upload_ms=52.81 capture_ms=4.81 queue_ms=74.62 gpu_ms=0.01 unpack_ms=7.59 total_ms=139.84
v5_service device=0 lane=1 class=2 jobs=20 rows=49662 cells=843200 reach=823982 reverse=843480 table_mib=43.1 mutable_mib=1728.0 max_job_mib=264.0 oldest_ms=718.61 pack_ms=32.09 solve_ms=139.90
v5_device jobs=64 rows=46123 cells=902610 direct=true graph_reused=false upload_ms=56.26 capture_ms=3.71 queue_ms=96.61 gpu_ms=0.02 unpack_ms=9.13 total_ms=165.72
v5_service device=1 lane=0 class=1 jobs=64 rows=46123 cells=902610 reach=900874 reverse=902862 table_mib=44.8 mutable_mib=1488.0 max_job_mib=34.3 oldest_ms=134.04 pack_ms=36.26 solve_ms=165.78
v5_device jobs=2 rows=683 cells=18755 direct=true graph_reused=false upload_ms=0.41 capture_ms=4.43 queue_ms=24.76 gpu_ms=0.01 unpack_ms=0.18 total_ms=29.79
v5_service device=1 lane=0 class=0 jobs=2 rows=683 cells=18755 reach=18845 reverse=18755 table_mib=0.9 mutable_mib=16.0 max_job_mib=8.7 oldest_ms=338.54 pack_ms=0.70 solve_ms=29.85
v5_device jobs=1 rows=22148 cells=594345 direct=true graph_reused=false upload_ms=16.50 capture_ms=3.68 queue_ms=40.44 gpu_ms=0.02 unpack_ms=3.72 total_ms=64.36
v5_service device=1 lane=1 class=3 jobs=1 rows=22148 cells=594345 reach=594389 reverse=594345 table_mib=25.4 mutable_mib=512.0 max_job_mib=549.9 oldest_ms=160.52 pack_ms=16.03 solve_ms=64.41
v5_device jobs=36 rows=27349 cells=560299 direct=true graph_reused=false upload_ms=12.96 capture_ms=3.11 queue_ms=54.86 gpu_ms=0.02 unpack_ms=4.54 total_ms=75.49
v5_service device=0 lane=0 class=1 jobs=36 rows=27349 cells=560299 reach=561871 reverse=560413 table_mib=27.4 mutable_mib=864.0 max_job_mib=34.6 oldest_ms=81.57 pack_ms=15.56 solve_ms=75.55
v5_device jobs=1 rows=2688 cells=44925 direct=true graph_reused=false upload_ms=1.02 capture_ms=3.44 queue_ms=8.01 gpu_ms=0.01 unpack_ms=0.20 total_ms=12.69
v5_service device=0 lane=0 class=2 jobs=1 rows=2688 cells=44925 reach=44965 reverse=44925 table_mib=2.4 mutable_mib=64.0 max_job_mib=67.7 oldest_ms=163.68 pack_ms=1.79 solve_ms=12.74
v5_device jobs=1 rows=304 cells=6777 direct=true graph_reused=false upload_ms=0.19 capture_ms=3.74 queue_ms=2.76 gpu_ms=0.01 unpack_ms=0.06 total_ms=6.75
v5_service device=0 lane=0 class=0 jobs=1 rows=304 cells=6777 reach=6821 reverse=6777 table_mib=0.3 mutable_mib=8.0 max_job_mib=8.5 oldest_ms=134.95 pack_ms=0.32 solve_ms=6.81
v5_device jobs=40 rows=28309 cells=549017 direct=true graph_reused=false upload_ms=18.97 capture_ms=4.01 queue_ms=76.05 gpu_ms=0.02 unpack_ms=5.22 total_ms=104.27
v5_service device=1 lane=0 class=1 jobs=40 rows=28309 cells=549017 reach=550918 reverse=549268 table_mib=27.6 mutable_mib=912.0 max_job_mib=34.0 oldest_ms=81.64 pack_ms=16.79 solve_ms=104.33
v5_device jobs=34 rows=27311 cells=474005 direct=true graph_reused=false upload_ms=15.33 capture_ms=3.54 queue_ms=69.66 gpu_ms=0.01 unpack_ms=4.73 total_ms=93.27
v5_service device=1 lane=1 class=1 jobs=34 rows=27311 cells=474005 reach=475248 reverse=474005 table_mib=24.5 mutable_mib=864.0 max_job_mib=33.8 oldest_ms=84.36 pack_ms=16.95 solve_ms=93.32
v5_device jobs=1 rows=2235 cells=34314 direct=true graph_reused=false upload_ms=0.92 capture_ms=4.86 queue_ms=6.61 gpu_ms=0.02 unpack_ms=0.22 total_ms=12.64
v5_service device=1 lane=0 class=2 jobs=1 rows=2235 cells=34314 reach=34351 reverse=34314 table_mib=1.8 mutable_mib=64.0 max_job_mib=66.8 oldest_ms=205.78 pack_ms=1.27 solve_ms=12.70
v5_device jobs=2 rows=580 cells=10661 direct=true graph_reused=false upload_ms=0.34 capture_ms=3.93 queue_ms=3.17 gpu_ms=0.01 unpack_ms=0.22 total_ms=7.67
v5_service device=1 lane=0 class=0 jobs=2 rows=580 cells=10661 reach=10738 reverse=10661 table_mib=0.6 mutable_mib=16.0 max_job_mib=8.6 oldest_ms=194.70 pack_ms=0.55 solve_ms=7.73
v5_device jobs=5 rows=19084 cells=227890 direct=true graph_reused=false upload_ms=9.92 capture_ms=3.81 queue_ms=25.70 gpu_ms=0.01 unpack_ms=1.51 total_ms=40.94
v5_service device=1 lane=1 class=2 jobs=5 rows=19084 cells=227890 reach=228063 reverse=227915 table_mib=13.4 mutable_mib=640.0 max_job_mib=260.3 oldest_ms=197.26 pack_ms=10.54 solve_ms=41.00
v5_device jobs=3 rows=952 cells=22077 direct=true graph_reused=false upload_ms=0.48 capture_ms=4.75 queue_ms=3.27 gpu_ms=0.01 unpack_ms=0.20 total_ms=8.70
v5_service device=1 lane=1 class=0 jobs=3 rows=952 cells=22077 reach=22207 reverse=22077 table_mib=1.1 mutable_mib=24.0 max_job_mib=8.6 oldest_ms=245.93 pack_ms=0.83 solve_ms=8.76
v5_device jobs=9 rows=26676 cells=362630 direct=true graph_reused=false upload_ms=10.17 capture_ms=3.23 queue_ms=39.36 gpu_ms=0.01 unpack_ms=2.76 total_ms=55.53
v5_service device=1 lane=0 class=2 jobs=9 rows=26676 cells=362630 reach=362959 reverse=362630 table_mib=20.6 mutable_mib=960.0 max_job_mib=262.2 oldest_ms=77.64 pack_ms=9.53 solve_ms=55.59
v5_device jobs=48 rows=35066 cells=685438 direct=true graph_reused=false upload_ms=30.03 capture_ms=3.30 queue_ms=59.27 gpu_ms=0.01 unpack_ms=4.72 total_ms=97.32
v5_service device=1 lane=1 class=1 jobs=48 rows=35066 cells=685438 reach=672083 reverse=686238 table_mib=34.0 mutable_mib=1120.0 max_job_mib=35.3 oldest_ms=79.63 pack_ms=15.81 solve_ms=97.38
v5_device jobs=7 rows=16744 cells=245119 direct=true graph_reused=false upload_ms=6.06 capture_ms=3.52 queue_ms=51.29 gpu_ms=0.01 unpack_ms=1.29 total_ms=62.17
v5_service device=1 lane=1 class=2 jobs=7 rows=16744 cells=245119 reach=245805 reverse=245551 table_mib=13.5 mutable_mib=576.0 max_job_mib=132.4 oldest_ms=199.55 pack_ms=8.41 solve_ms=62.22
v5_device jobs=34 rows=26533 cells=525087 direct=true graph_reused=false upload_ms=36.24 capture_ms=3.73 queue_ms=294.32 gpu_ms=0.02 unpack_ms=4.06 total_ms=338.37
v5_service device=0 lane=0 class=1 jobs=34 rows=26533 cells=525087 reach=526595 reverse=525215 table_mib=26.1 mutable_mib=800.0 max_job_mib=34.1 oldest_ms=80.39 pack_ms=13.92 solve_ms=338.40
v5_device jobs=4 rows=1286 cells=24156 direct=true graph_reused=false upload_ms=0.49 capture_ms=4.80 queue_ms=2.52 gpu_ms=0.01 unpack_ms=0.27 total_ms=8.09
v5_service device=1 lane=1 class=0 jobs=4 rows=1286 cells=24156 reach=24290 reverse=24156 table_mib=1.2 mutable_mib=32.0 max_job_mib=8.7 oldest_ms=268.63 pack_ms=0.76 solve_ms=8.15
v5_device jobs=69 rows=51596 cells=977468 direct=true graph_reused=false upload_ms=44.60 capture_ms=3.31 queue_ms=99.49 gpu_ms=0.02 unpack_ms=8.92 total_ms=156.34
v5_service device=1 lane=0 class=1 jobs=69 rows=51596 cells=977468 reach=963838 reverse=978894 table_mib=48.9 mutable_mib=1600.0 max_job_mib=34.6 oldest_ms=152.53 pack_ms=28.36 solve_ms=156.39
v5_device jobs=4 rows=8151 cells=125679 direct=true graph_reused=false upload_ms=2.93 capture_ms=3.95 queue_ms=16.22 gpu_ms=0.02 unpack_ms=1.01 total_ms=24.13
v5_service device=0 lane=0 class=2 jobs=4 rows=8151 cells=125679 reach=125994 reverse=125839 table_mib=6.9 mutable_mib=256.0 max_job_mib=67.7 oldest_ms=436.08 pack_ms=4.27 solve_ms=24.19
v5_device jobs=5 rows=1583 cells=40793 direct=true graph_reused=false upload_ms=1.24 capture_ms=7.15 queue_ms=4.48 gpu_ms=0.01 unpack_ms=0.40 total_ms=13.28
v5_service device=1 lane=0 class=0 jobs=5 rows=1583 cells=40793 reach=41037 reverse=40793 table_mib=1.9 mutable_mib=40.0 max_job_mib=8.7 oldest_ms=342.94 pack_ms=1.88 solve_ms=13.35
v5_device jobs=3 rows=980 cells=19369 direct=true graph_reused=false upload_ms=0.44 capture_ms=4.22 queue_ms=3.80 gpu_ms=0.01 unpack_ms=0.20 total_ms=8.66
v5_service device=0 lane=0 class=0 jobs=3 rows=980 cells=19369 reach=19489 reverse=19369 table_mib=1.0 mutable_mib=24.0 max_job_mib=8.7 oldest_ms=437.63 pack_ms=0.76 solve_ms=8.71
v5_device jobs=7 rows=193786 cells=2659864 direct=true graph_reused=false upload_ms=174.74 capture_ms=4.67 queue_ms=349.52 gpu_ms=0.02 unpack_ms=44.98 total_ms=573.93
v5_service device=0 lane=1 class=3 jobs=7 rows=193786 cells=2659864 reach=2660130 reverse=2659864 table_mib=148.7 mutable_mib=6144.0 max_job_mib=1063.8 oldest_ms=925.39 pack_ms=107.98 solve_ms=574.01
v5_device jobs=1 rows=21830 cells=272905 direct=true graph_reused=false upload_ms=7.80 capture_ms=3.39 queue_ms=51.18 gpu_ms=0.01 unpack_ms=2.30 total_ms=64.68
v5_service device=0 lane=0 class=3 jobs=1 rows=21830 cells=272905 reach=272948 reverse=272905 table_mib=16.6 mutable_mib=512.0 max_job_mib=538.6 oldest_ms=433.10 pack_ms=10.37 solve_ms=64.73
v5_device jobs=1 rows=56374 cells=548506 direct=true graph_reused=false upload_ms=43.95 capture_ms=5.28 queue_ms=103.84 gpu_ms=0.02 unpack_ms=5.86 total_ms=158.94
v5_service device=1 lane=0 class=3 jobs=1 rows=56374 cells=548506 reach=548542 reverse=548506 table_mib=36.9 mutable_mib=2048.0 max_job_mib=2105.2 oldest_ms=338.75 pack_ms=23.02 solve_ms=159.01
v5_device jobs=44 rows=32063 cells=614061 direct=true graph_reused=false upload_ms=15.53 capture_ms=3.67 queue_ms=85.59 gpu_ms=0.01 unpack_ms=5.25 total_ms=110.05
v5_service device=1 lane=1 class=1 jobs=44 rows=32063 cells=614061 reach=598700 reverse=614061 table_mib=30.6 mutable_mib=1008.0 max_job_mib=34.5 oldest_ms=80.92 pack_ms=27.08 solve_ms=110.09
v5_device jobs=1 rows=323 cells=8325 direct=true graph_reused=false upload_ms=0.25 capture_ms=6.16 queue_ms=0.85 gpu_ms=0.01 unpack_ms=0.07 total_ms=7.34
v5_service device=1 lane=1 class=0 jobs=1 rows=323 cells=8325 reach=8375 reverse=8325 table_mib=0.4 mutable_mib=8.0 max_job_mib=8.6 oldest_ms=161.96 pack_ms=0.42 solve_ms=7.40
v5_device jobs=45 rows=32641 cells=484836 direct=true graph_reused=false upload_ms=13.53 capture_ms=3.36 queue_ms=84.62 gpu_ms=0.02 unpack_ms=3.97 total_ms=105.49
v5_service device=0 lane=1 class=1 jobs=45 rows=32641 cells=484836 reach=455996 reverse=485620 table_mib=26.2 mutable_mib=1056.0 max_job_mib=34.3 oldest_ms=81.28 pack_ms=11.73 solve_ms=105.55
v5_device jobs=45 rows=32734 cells=609720 direct=true graph_reused=false upload_ms=14.29 capture_ms=4.09 queue_ms=76.11 gpu_ms=0.01 unpack_ms=4.74 total_ms=99.24
v5_service device=0 lane=0 class=1 jobs=45 rows=32734 cells=609720 reach=611707 reverse=610078 table_mib=30.9 mutable_mib=1072.0 max_job_mib=34.3 oldest_ms=79.66 pack_ms=14.00 solve_ms=99.29
v5_device jobs=2 rows=581 cells=7816 direct=true graph_reused=false upload_ms=0.27 capture_ms=3.69 queue_ms=2.73 gpu_ms=0.01 unpack_ms=0.11 total_ms=6.81
v5_service device=0 lane=1 class=0 jobs=2 rows=581 cells=7816 reach=7864 reverse=7816 table_mib=0.4 mutable_mib=16.0 max_job_mib=8.4 oldest_ms=201.23 pack_ms=0.40 solve_ms=6.86
v5_device jobs=8 rows=18816 cells=334129 direct=true graph_reused=false upload_ms=10.73 capture_ms=3.54 queue_ms=29.14 gpu_ms=0.01 unpack_ms=1.91 total_ms=45.33
v5_service device=0 lane=0 class=2 jobs=8 rows=18816 cells=334129 reach=334442 reverse=334129 table_mib=16.6 mutable_mib=576.0 max_job_mib=133.7 oldest_ms=196.63 pack_ms=10.73 solve_ms=45.39
v5_device jobs=5 rows=1316 cells=31961 direct=true graph_reused=false upload_ms=0.54 capture_ms=2.90 queue_ms=5.84 gpu_ms=0.01 unpack_ms=0.24 total_ms=9.53
v5_service device=0 lane=0 class=0 jobs=5 rows=1316 cells=31961 reach=32148 reverse=31961 table_mib=1.5 mutable_mib=40.0 max_job_mib=8.7 oldest_ms=248.56 pack_ms=0.88 solve_ms=9.58
v5_device jobs=40 rows=29697 cells=428737 direct=true graph_reused=false upload_ms=20.48 capture_ms=5.31 queue_ms=78.84 gpu_ms=0.02 unpack_ms=4.50 total_ms=109.16
v5_service device=1 lane=0 class=1 jobs=40 rows=29697 cells=428737 reach=424404 reverse=428819 table_mib=24.0 mutable_mib=960.0 max_job_mib=33.6 oldest_ms=80.00 pack_ms=17.08 solve_ms=109.22
v5_device jobs=44 rows=30950 cells=558825 direct=true graph_reused=false upload_ms=13.93 capture_ms=3.60 queue_ms=64.45 gpu_ms=0.02 unpack_ms=5.30 total_ms=87.29
v5_service device=1 lane=1 class=1 jobs=44 rows=30950 cells=558825 reach=531279 reverse=559124 table_mib=28.4 mutable_mib=976.0 max_job_mib=33.9 oldest_ms=87.06 pack_ms=22.53 solve_ms=87.35
v5_device jobs=4 rows=1282 cells=16582 direct=true graph_reused=false upload_ms=0.51 capture_ms=5.63 queue_ms=2.29 gpu_ms=0.01 unpack_ms=0.26 total_ms=8.71
v5_service device=1 lane=0 class=0 jobs=4 rows=1282 cells=16582 reach=16543 reverse=16582 table_mib=1.0 mutable_mib=32.0 max_job_mib=8.6 oldest_ms=210.10 pack_ms=1.02 solve_ms=8.79
v5_device jobs=3 rows=1041 cells=15901 direct=true graph_reused=false upload_ms=0.54 capture_ms=3.70 queue_ms=15.18 gpu_ms=0.01 unpack_ms=0.20 total_ms=19.63
v5_service device=1 lane=1 class=0 jobs=3 rows=1041 cells=15901 reach=15846 reverse=15901 table_mib=0.9 mutable_mib=24.0 max_job_mib=8.7 oldest_ms=204.43 pack_ms=0.80 solve_ms=19.68
v5_device jobs=3 rows=10524 cells=77782 direct=true graph_reused=false upload_ms=2.70 capture_ms=3.50 queue_ms=16.13 gpu_ms=0.01 unpack_ms=0.73 total_ms=23.07
v5_service device=1 lane=0 class=2 jobs=3 rows=10524 cells=77782 reach=78083 reverse=78270 table_mib=6.0 mutable_mib=320.0 max_job_mib=131.6 oldest_ms=202.71 pack_ms=4.39 solve_ms=23.11
v5_device jobs=2 rows=3950 cells=89325 direct=true graph_reused=false upload_ms=1.55 capture_ms=5.15 queue_ms=8.32 gpu_ms=0.01 unpack_ms=0.47 total_ms=15.50
v5_service device=1 lane=1 class=2 jobs=2 rows=3950 cells=89325 reach=79261 reverse=90711 table_mib=4.0 mutable_mib=128.0 max_job_mib=67.0 oldest_ms=205.78 pack_ms=1.91 solve_ms=15.55
v5_device jobs=49 rows=36459 cells=575370 direct=true graph_reused=false upload_ms=16.84 capture_ms=3.87 queue_ms=52.09 gpu_ms=0.01 unpack_ms=4.53 total_ms=77.35
v5_service device=0 lane=1 class=1 jobs=49 rows=36459 cells=575370 reach=528346 reverse=575517 table_mib=30.3 mutable_mib=1152.0 max_job_mib=34.0 oldest_ms=77.53 pack_ms=13.81 solve_ms=77.40
v5_device jobs=7 rows=15077 cells=109768 direct=true graph_reused=false upload_ms=3.97 capture_ms=4.56 queue_ms=51.11 gpu_ms=0.01 unpack_ms=0.87 total_ms=60.52
v5_service device=0 lane=1 class=2 jobs=7 rows=15077 cells=109768 reach=109920 reverse=109768 table_mib=8.3 mutable_mib=448.0 max_job_mib=66.6 oldest_ms=171.18 pack_ms=4.67 solve_ms=60.57
v5_device jobs=40 rows=31431 cells=562465 direct=true graph_reused=false upload_ms=16.31 capture_ms=3.86 queue_ms=60.42 gpu_ms=0.01 unpack_ms=4.12 total_ms=84.73
v5_service device=0 lane=0 class=1 jobs=40 rows=31431 cells=562465 reach=564844 reverse=563309 table_mib=28.8 mutable_mib=976.0 max_job_mib=34.2 oldest_ms=82.86 pack_ms=15.39 solve_ms=84.80
v5_device jobs=4 rows=1129 cells=23339 direct=true graph_reused=false upload_ms=0.44 capture_ms=3.52 queue_ms=4.35 gpu_ms=0.01 unpack_ms=0.20 total_ms=8.52
v5_service device=0 lane=1 class=0 jobs=4 rows=1129 cells=23339 reach=20738 reverse=23339 table_mib=1.1 mutable_mib=32.0 max_job_mib=8.6 oldest_ms=235.30 pack_ms=0.76 solve_ms=8.56
v5_device jobs=26 rows=8248 cells=96454 direct=true graph_reused=false upload_ms=2.17 capture_ms=3.43 queue_ms=13.39 gpu_ms=0.01 unpack_ms=1.00 total_ms=20.00
v5_service device=1 lane=0 class=0 jobs=26 rows=8248 cells=96454 reach=96729 reverse=96454 table_mib=6.0 mutable_mib=204.0 max_job_mib=8.6 oldest_ms=75.90 pack_ms=3.12 solve_ms=20.03
v5_device jobs=5 rows=8743 cells=149920 direct=true graph_reused=false upload_ms=3.44 capture_ms=3.72 queue_ms=17.10 gpu_ms=0.01 unpack_ms=1.09 total_ms=25.36
v5_service device=0 lane=0 class=2 jobs=5 rows=8743 cells=149920 reach=150882 reverse=150664 table_mib=7.9 mutable_mib=320.0 max_job_mib=67.4 oldest_ms=197.13 pack_ms=4.56 solve_ms=25.41
v5_device jobs=3 rows=873 cells=17461 direct=true graph_reused=false upload_ms=0.34 capture_ms=3.63 queue_ms=4.08 gpu_ms=0.01 unpack_ms=0.15 total_ms=8.21
v5_service device=0 lane=0 class=0 jobs=3 rows=873 cells=17461 reach=17579 reverse=17461 table_mib=0.9 mutable_mib=24.0 max_job_mib=8.5 oldest_ms=224.46 pack_ms=0.60 solve_ms=8.26
v5_device jobs=34 rows=27607 cells=380018 direct=true graph_reused=false upload_ms=12.10 capture_ms=3.49 queue_ms=41.45 gpu_ms=0.01 unpack_ms=2.97 total_ms=60.02
v5_service device=0 lane=1 class=1 jobs=34 rows=27607 cells=380018 reach=362037 reverse=380890 table_mib=21.3 mutable_mib=832.0 max_job_mib=34.4 oldest_ms=78.84 pack_ms=11.90 solve_ms=60.08
v5_device jobs=3 rows=91471 cells=1171460 direct=true graph_reused=false upload_ms=74.62 capture_ms=3.29 queue_ms=148.56 gpu_ms=0.03 unpack_ms=9.61 total_ms=236.11
v5_service device=1 lane=1 class=3 jobs=3 rows=91471 cells=1171460 reach=1171570 reverse=1171460 table_mib=67.6 mutable_mib=2560.0 max_job_mib=1063.8 oldest_ms=232.36 pack_ms=37.16 solve_ms=236.16
v5_device jobs=4 rows=12870 cells=135341 direct=true graph_reused=false upload_ms=6.21 capture_ms=4.35 queue_ms=53.47 gpu_ms=0.01 unpack_ms=1.07 total_ms=65.10
v5_service device=0 lane=1 class=2 jobs=4 rows=12870 cells=135341 reach=135459 reverse=135341 table_mib=8.4 mutable_mib=384.0 max_job_mib=131.2 oldest_ms=154.17 pack_ms=5.09 solve_ms=65.17
v5_device jobs=4 rows=1280 cells=10776 direct=true graph_reused=false upload_ms=0.39 capture_ms=3.79 queue_ms=2.94 gpu_ms=0.01 unpack_ms=0.18 total_ms=7.31
v5_service device=0 lane=1 class=0 jobs=4 rows=1280 cells=10776 reach=10799 reverse=10776 table_mib=0.8 mutable_mib=32.0 max_job_mib=8.4 oldest_ms=216.00 pack_ms=0.65 solve_ms=7.36
v5_device jobs=46 rows=32250 cells=545156 direct=true graph_reused=false upload_ms=16.92 capture_ms=4.08 queue_ms=60.76 gpu_ms=0.02 unpack_ms=4.84 total_ms=86.61
v5_service device=0 lane=0 class=1 jobs=46 rows=32250 cells=545156 reach=528093 reverse=545285 table_mib=28.4 mutable_mib=1040.0 max_job_mib=33.8 oldest_ms=80.40 pack_ms=14.79 solve_ms=86.68
v5_device jobs=5 rows=1411 cells=30936 direct=true graph_reused=false upload_ms=0.69 capture_ms=4.13 queue_ms=6.47 gpu_ms=0.01 unpack_ms=0.30 total_ms=11.60
v5_service device=0 lane=0 class=0 jobs=5 rows=1411 cells=30936 reach=31143 reverse=30936 table_mib=1.5 mutable_mib=40.0 max_job_mib=8.6 oldest_ms=185.31 pack_ms=1.14 solve_ms=11.64
v5_device jobs=4 rows=9629 cells=123322 direct=true graph_reused=false upload_ms=3.07 capture_ms=3.48 queue_ms=15.57 gpu_ms=0.01 unpack_ms=0.86 total_ms=22.99
v5_service device=0 lane=0 class=2 jobs=4 rows=9629 cells=123322 reach=123447 reverse=123322 table_mib=7.1 mutable_mib=320.0 max_job_mib=132.5 oldest_ms=194.61 pack_ms=3.66 solve_ms=23.04
v5_device jobs=36 rows=26126 cells=382477 direct=true graph_reused=false upload_ms=9.33 capture_ms=3.34 queue_ms=40.11 gpu_ms=0.01 unpack_ms=3.09 total_ms=55.88
v5_service device=0 lane=1 class=1 jobs=36 rows=26126 cells=382477 reach=367096 reverse=382905 table_mib=21.0 mutable_mib=784.0 max_job_mib=33.4 oldest_ms=78.66 pack_ms=10.71 solve_ms=55.94
v5_device jobs=4 rows=11329 cells=185854 direct=true graph_reused=false upload_ms=4.69 capture_ms=4.56 queue_ms=30.22 gpu_ms=0.01 unpack_ms=0.95 total_ms=40.43
v5_service device=0 lane=1 class=2 jobs=4 rows=11329 cells=185854 reach=166139 reverse=185854 table_mib=9.2 mutable_mib=320.0 max_job_mib=135.3 oldest_ms=148.85 pack_ms=5.12 solve_ms=40.48
v5_device jobs=11 rows=25180 cells=280441 direct=true graph_reused=false upload_ms=6.96 capture_ms=3.32 queue_ms=49.22 gpu_ms=0.01 unpack_ms=2.13 total_ms=61.63
v5_service device=0 lane=0 class=2 jobs=11 rows=25180 cells=280441 reach=280964 reverse=281105 table_mib=17.4 mutable_mib=768.0 max_job_mib=132.6 oldest_ms=76.83 pack_ms=8.05 solve_ms=61.67
v5_device jobs=1 rows=16524 cells=112690 direct=true graph_reused=false upload_ms=3.55 capture_ms=3.69 queue_ms=16.97 gpu_ms=0.01 unpack_ms=0.45 total_ms=24.66
v5_service device=0 lane=1 class=3 jobs=1 rows=16524 cells=112690 reach=112711 reverse=112690 table_mib=8.6 mutable_mib=512.0 max_job_mib=523.5 oldest_ms=190.80 pack_ms=4.50 solve_ms=24.72
v5_device jobs=34 rows=23330 cells=333335 direct=true graph_reused=false upload_ms=7.92 capture_ms=3.48 queue_ms=189.79 gpu_ms=0.01 unpack_ms=2.57 total_ms=203.78
v5_service device=1 lane=1 class=1 jobs=34 rows=23330 cells=333335 reach=314963 reverse=333679 table_mib=18.2 mutable_mib=736.0 max_job_mib=34.0 oldest_ms=81.46 pack_ms=12.42 solve_ms=203.84
v5_device jobs=2 rows=6656 cells=151332 direct=true graph_reused=false upload_ms=3.36 capture_ms=5.12 queue_ms=13.08 gpu_ms=0.01 unpack_ms=0.85 total_ms=22.41
v5_service device=1 lane=1 class=2 jobs=2 rows=6656 cells=151332 reach=151907 reverse=151836 table_mib=6.9 mutable_mib=192.0 max_job_mib=135.0 oldest_ms=298.56 pack_ms=6.59 solve_ms=22.48
v5_device jobs=4 rows=1289 cells=21207 direct=true graph_reused=false upload_ms=0.48 capture_ms=4.18 queue_ms=2.43 gpu_ms=0.01 unpack_ms=0.20 total_ms=7.28
v5_service device=1 lane=1 class=0 jobs=4 rows=1289 cells=21207 reach=18006 reverse=21207 table_mib=1.1 mutable_mib=32.0 max_job_mib=8.6 oldest_ms=320.69 pack_ms=0.82 solve_ms=7.36
v5_device jobs=226 rows=165509 cells=2373675 direct=true graph_reused=false upload_ms=144.52 capture_ms=4.03 queue_ms=291.79 gpu_ms=0.02 unpack_ms=24.14 total_ms=464.50
v5_service device=1 lane=0 class=1 jobs=226 rows=165509 cells=2373675 reach=2205443 reverse=2374903 table_mib=129.9 mutable_mib=5184.0 max_job_mib=34.7 oldest_ms=120.63 pack_ms=89.16 solve_ms=464.55
v5_device jobs=50 rows=34709 cells=552027 direct=true graph_reused=false upload_ms=16.51 capture_ms=4.49 queue_ms=78.51 gpu_ms=0.02 unpack_ms=5.80 total_ms=105.33
v5_service device=0 lane=1 class=1 jobs=50 rows=34709 cells=552027 reach=505354 reverse=552093 table_mib=28.9 mutable_mib=1072.0 max_job_mib=33.9 oldest_ms=81.65 pack_ms=16.06 solve_ms=105.39
v5_device jobs=92 rows=67005 cells=1081969 direct=true graph_reused=false upload_ms=53.33 capture_ms=3.09 queue_ms=133.65 gpu_ms=0.03 unpack_ms=10.88 total_ms=200.97
v5_service device=0 lane=0 class=1 jobs=92 rows=67005 cells=1081969 reach=999139 reverse=1082281 table_mib=56.5 mutable_mib=2112.0 max_job_mib=34.5 oldest_ms=159.32 pack_ms=31.03 solve_ms=201.03
v5_device jobs=35 rows=23983 cells=426425 direct=true graph_reused=false upload_ms=16.46 capture_ms=6.71 queue_ms=38.92 gpu_ms=0.02 unpack_ms=5.00 total_ms=67.12
v5_service device=1 lane=1 class=1 jobs=35 rows=23983 cells=426425 reach=388637 reverse=426690 table_mib=21.2 mutable_mib=752.0 max_job_mib=34.0 oldest_ms=80.05 pack_ms=19.07 solve_ms=67.20
v5_device jobs=8 rows=38044 cells=497475 direct=true graph_reused=false upload_ms=23.42 capture_ms=4.05 queue_ms=52.80 gpu_ms=0.01 unpack_ms=3.48 total_ms=83.76
v5_service device=0 lane=1 class=2 jobs=8 rows=38044 cells=497475 reach=497818 reverse=497578 table_mib=28.0 mutable_mib=1280.0 max_job_mib=270.3 oldest_ms=212.27 pack_ms=22.57 solve_ms=83.82
v5_device jobs=16 rows=45118 cells=542297 direct=true graph_reused=false upload_ms=19.07 capture_ms=3.78 queue_ms=61.38 gpu_ms=0.01 unpack_ms=3.74 total_ms=87.98
v5_service device=1 lane=1 class=2 jobs=16 rows=45118 cells=542297 reach=505686 reverse=542891 table_mib=31.5 mutable_mib=1408.0 max_job_mib=265.2 oldest_ms=182.76 pack_ms=22.78 solve_ms=88.03
v5_device jobs=29 rows=67017 cells=731950 direct=true graph_reused=false upload_ms=64.78 capture_ms=8.69 queue_ms=132.99 gpu_ms=0.02 unpack_ms=7.08 total_ms=213.56
v5_service device=1 lane=0 class=2 jobs=29 rows=67017 cells=731950 reach=696338 reverse=732051 table_mib=44.9 mutable_mib=2112.0 max_job_mib=131.5 oldest_ms=706.34 pack_ms=28.61 solve_ms=213.61
v5_device jobs=2 rows=624 cells=4399 direct=true graph_reused=false upload_ms=6.95 capture_ms=3.92 queue_ms=97.67 gpu_ms=0.01 unpack_ms=0.10 total_ms=108.65
v5_service device=0 lane=1 class=0 jobs=2 rows=624 cells=4399 reach=4435 reverse=4399 table_mib=0.3 mutable_mib=16.0 max_job_mib=8.2 oldest_ms=321.03 pack_ms=0.44 solve_ms=108.74
v5_device jobs=3 rows=109546 cells=1108483 direct=true graph_reused=false upload_ms=66.90 capture_ms=3.57 queue_ms=108.75 gpu_ms=0.02 unpack_ms=7.24 total_ms=186.47
v5_service device=0 lane=0 class=3 jobs=3 rows=109546 cells=1108483 reach=1108551 reverse=1108483 table_mib=68.5 mutable_mib=3584.0 max_job_mib=2088.5 oldest_ms=406.02 pack_ms=40.03 solve_ms=186.53
v5_device jobs=6 rows=1511 cells=14556 direct=true graph_reused=false upload_ms=0.40 capture_ms=3.54 queue_ms=3.85 gpu_ms=0.01 unpack_ms=0.13 total_ms=7.93
v5_service device=0 lane=0 class=0 jobs=6 rows=1511 cells=14556 reach=13486 reverse=14556 table_mib=1.0 mutable_mib=44.0 max_job_mib=8.3 oldest_ms=632.43 pack_ms=0.69 solve_ms=7.97
v5_device jobs=2 rows=31294 cells=118254 direct=true graph_reused=false upload_ms=6.76 capture_ms=3.17 queue_ms=88.20 gpu_ms=0.01 unpack_ms=1.10 total_ms=99.23
v5_service device=1 lane=0 class=3 jobs=2 rows=31294 cells=118254 reach=118292 reverse=118254 table_mib=13.9 mutable_mib=1024.0 max_job_mib=522.1 oldest_ms=924.81 pack_ms=10.27 solve_ms=99.29
v5_device jobs=2 rows=47642 cells=547809 direct=true graph_reused=false upload_ms=33.66 capture_ms=3.32 queue_ms=77.02 gpu_ms=0.02 unpack_ms=4.98 total_ms=119.00
v5_service device=1 lane=1 class=3 jobs=2 rows=47642 cells=547809 reach=547881 reverse=547809 table_mib=34.6 mutable_mib=1536.0 max_job_mib=1057.4 oldest_ms=293.02 pack_ms=19.97 solve_ms=119.06
v5_device jobs=1 rows=351 cells=8706 direct=true graph_reused=false upload_ms=0.23 capture_ms=3.66 queue_ms=3.25 gpu_ms=0.01 unpack_ms=0.05 total_ms=7.20
v5_service device=1 lane=1 class=0 jobs=1 rows=351 cells=8706 reach=8780 reverse=8737 table_mib=0.4 mutable_mib=8.0 max_job_mib=8.6 oldest_ms=374.41 pack_ms=0.39 solve_ms=7.25
v5_device jobs=51 rows=36491 cells=468272 direct=true graph_reused=false upload_ms=11.07 capture_ms=3.48 queue_ms=65.81 gpu_ms=0.01 unpack_ms=3.34 total_ms=83.71
v5_service device=0 lane=0 class=1 jobs=51 rows=36491 cells=468272 reach=435405 reverse=468338 table_mib=26.9 mutable_mib=1152.0 max_job_mib=33.7 oldest_ms=78.42 pack_ms=11.58 solve_ms=83.77
v5_device jobs=49 rows=38607 cells=592709 direct=true graph_reused=false upload_ms=15.15 capture_ms=3.34 queue_ms=88.79 gpu_ms=0.01 unpack_ms=4.80 total_ms=112.09
v5_service device=0 lane=1 class=1 jobs=49 rows=38607 cells=592709 reach=532908 reverse=593120 table_mib=31.3 mutable_mib=1184.0 max_job_mib=34.7 oldest_ms=81.66 pack_ms=15.88 solve_ms=112.14
v5_device jobs=2 rows=6286 cells=145331 direct=true graph_reused=false upload_ms=3.49 capture_ms=4.57 queue_ms=18.36 gpu_ms=0.01 unpack_ms=0.71 total_ms=27.13
v5_service device=0 lane=1 class=2 jobs=2 rows=6286 cells=145331 reach=118494 reverse=145403 table_mib=6.3 mutable_mib=192.0 max_job_mib=135.2 oldest_ms=211.31 pack_ms=4.04 solve_ms=27.21
v5_device jobs=12 rows=32501 cells=302266 direct=true graph_reused=false upload_ms=8.89 capture_ms=3.17 queue_ms=79.48 gpu_ms=0.01 unpack_ms=2.33 total_ms=93.88
v5_service device=1 lane=0 class=2 jobs=12 rows=32501 cells=302266 reach=296424 reverse=302280 table_mib=19.9 mutable_mib=1088.0 max_job_mib=260.3 oldest_ms=76.49 pack_ms=9.08 solve_ms=93.91
v5_device jobs=4 rows=10952 cells=123225 direct=true graph_reused=false upload_ms=3.78 capture_ms=4.10 queue_ms=23.23 gpu_ms=0.01 unpack_ms=0.84 total_ms=31.95
v5_service device=0 lane=0 class=2 jobs=4 rows=10952 cells=123225 reach=117690 reverse=124235 table_mib=7.3 mutable_mib=384.0 max_job_mib=131.5 oldest_ms=178.46 pack_ms=4.07 solve_ms=32.00
v5_device jobs=1 rows=272 cells=2201 direct=true graph_reused=false upload_ms=0.14 capture_ms=4.10 queue_ms=1.83 gpu_ms=0.00 unpack_ms=0.05 total_ms=6.12
v5_service device=0 lane=1 class=0 jobs=1 rows=272 cells=2201 reach=2223 reverse=2201 table_mib=0.2 mutable_mib=8.0 max_job_mib=8.2 oldest_ms=212.62 pack_ms=0.21 solve_ms=6.18
v5_device jobs=47 rows=35290 cells=566609 direct=true graph_reused=false upload_ms=12.19 capture_ms=3.40 queue_ms=51.54 gpu_ms=0.01 unpack_ms=4.51 total_ms=71.66
v5_service device=1 lane=1 class=1 jobs=47 rows=35290 cells=566609 reach=501642 reverse=566747 table_mib=29.1 mutable_mib=1088.0 max_job_mib=34.6 oldest_ms=78.98 pack_ms=13.94 solve_ms=71.70
v5_device jobs=9 rows=2574 cells=29111 direct=true graph_reused=false upload_ms=0.67 capture_ms=3.90 queue_ms=7.10 gpu_ms=0.01 unpack_ms=0.33 total_ms=12.01
v5_service device=0 lane=0 class=0 jobs=9 rows=2574 cells=29111 reach=26787 reverse=29111 table_mib=1.7 mutable_mib=72.0 max_job_mib=8.6 oldest_ms=206.80 pack_ms=1.13 solve_ms=12.06
v5_device jobs=2 rows=5821 cells=60267 direct=true graph_reused=false upload_ms=1.73 capture_ms=4.16 queue_ms=10.38 gpu_ms=0.01 unpack_ms=0.48 total_ms=16.76
v5_service device=1 lane=1 class=2 jobs=2 rows=5821 cells=60267 reach=60427 reverse=60369 table_mib=3.8 mutable_mib=192.0 max_job_mib=131.3 oldest_ms=167.76 pack_ms=2.44 solve_ms=16.82
v5_device jobs=10 rows=3229 cells=30508 direct=true graph_reused=false upload_ms=0.81 capture_ms=3.56 queue_ms=7.14 gpu_ms=0.01 unpack_ms=0.39 total_ms=11.91
v5_service device=1 lane=1 class=0 jobs=10 rows=3229 cells=30508 reach=28892 reverse=30508 table_mib=2.1 mutable_mib=80.0 max_job_mib=8.6 oldest_ms=187.32 pack_ms=1.44 solve_ms=11.97
v5_device jobs=1 rows=20047 cells=131858 direct=true graph_reused=false upload_ms=4.38 capture_ms=3.53 queue_ms=19.91 gpu_ms=0.01 unpack_ms=0.50 total_ms=28.34
v5_service device=0 lane=0 class=3 jobs=1 rows=20047 cells=131858 reach=131879 reverse=131858 table_mib=10.2 mutable_mib=512.0 max_job_mib=525.7 oldest_ms=197.18 pack_ms=5.81 solve_ms=28.41
v5_device jobs=39 rows=28108 cells=414829 direct=true graph_reused=false upload_ms=8.53 capture_ms=3.28 queue_ms=39.26 gpu_ms=0.01 unpack_ms=2.90 total_ms=53.98
v5_service device=0 lane=1 class=1 jobs=39 rows=28108 cells=414829 reach=357329 reverse=414867 table_mib=22.0 mutable_mib=896.0 max_job_mib=34.7 oldest_ms=79.71 pack_ms=10.65 solve_ms=54.03
v5_device jobs=1 rows=21360 cells=107776 direct=true graph_reused=false upload_ms=7.20 capture_ms=3.47 queue_ms=118.32 gpu_ms=0.02 unpack_ms=2.50 total_ms=131.51
v5_service device=1 lane=1 class=3 jobs=1 rows=21360 cells=107776 reach=107712 reverse=107776 table_mib=12.2 mutable_mib=512.0 max_job_mib=534.5 oldest_ms=201.07 pack_ms=7.17 solve_ms=131.57
v5_device jobs=83 rows=60909 cells=908800 direct=true graph_reused=false upload_ms=44.68 capture_ms=3.33 queue_ms=93.72 gpu_ms=0.01 unpack_ms=8.34 total_ms=150.07
v5_service device=1 lane=0 class=1 jobs=83 rows=60909 cells=908800 reach=806752 reverse=910211 table_mib=48.3 mutable_mib=1904.0 max_job_mib=34.4 oldest_ms=189.62 pack_ms=29.67 solve_ms=150.13
v5_device jobs=4 rows=1142 cells=9830 direct=true graph_reused=false upload_ms=0.35 capture_ms=3.60 queue_ms=3.04 gpu_ms=0.01 unpack_ms=0.15 total_ms=7.16
v5_service device=1 lane=0 class=0 jobs=4 rows=1142 cells=9830 reach=9821 reverse=9830 table_mib=0.7 mutable_mib=32.0 max_job_mib=8.3 oldest_ms=378.27 pack_ms=0.83 solve_ms=7.21
v5_device jobs=6 rows=15178 cells=150323 direct=true graph_reused=false upload_ms=4.55 capture_ms=3.87 queue_ms=62.30 gpu_ms=0.01 unpack_ms=1.18 total_ms=71.91
v5_service device=0 lane=1 class=2 jobs=6 rows=15178 cells=150323 reach=144291 reverse=150323 table_mib=9.6 mutable_mib=448.0 max_job_mib=132.6 oldest_ms=146.68 pack_ms=6.37 solve_ms=71.96
v5_device jobs=63 rows=44707 cells=559809 direct=true graph_reused=false upload_ms=31.28 capture_ms=3.82 queue_ms=60.94 gpu_ms=0.02 unpack_ms=4.86 total_ms=100.91
v5_service device=0 lane=0 class=1 jobs=63 rows=44707 cells=559809 reach=501715 reverse=559857 table_mib=32.0 mutable_mib=1392.0 max_job_mib=34.8 oldest_ms=78.76 pack_ms=14.86 solve_ms=100.97
v5_device jobs=6 rows=1887 cells=23281 direct=true graph_reused=false upload_ms=0.59 capture_ms=4.61 queue_ms=5.78 gpu_ms=0.01 unpack_ms=0.31 total_ms=11.31
v5_service device=0 lane=1 class=0 jobs=6 rows=1887 cells=23281 reach=21161 reverse=23451 table_mib=1.4 mutable_mib=48.0 max_job_mib=8.6 oldest_ms=224.88 pack_ms=0.95 solve_ms=11.36
v5_device jobs=7 rows=17163 cells=254125 direct=true graph_reused=false upload_ms=6.03 capture_ms=3.67 queue_ms=23.48 gpu_ms=0.01 unpack_ms=1.39 total_ms=34.58
v5_service device=0 lane=0 class=2 jobs=7 rows=17163 cells=254125 reach=222752 reverse=254202 table_mib=13.1 mutable_mib=640.0 max_job_mib=134.6 oldest_ms=225.79 pack_ms=7.61 solve_ms=34.63
v5_device jobs=4 rows=1224 cells=9114 direct=true graph_reused=false upload_ms=0.33 capture_ms=3.40 queue_ms=3.06 gpu_ms=0.01 unpack_ms=0.13 total_ms=6.94
v5_service device=0 lane=0 class=0 jobs=4 rows=1224 cells=9114 reach=9151 reverse=9114 table_mib=0.7 mutable_mib=32.0 max_job_mib=8.4 oldest_ms=268.90 pack_ms=0.55 solve_ms=6.99
v5_device jobs=37 rows=22221 cells=279657 direct=true graph_reused=false upload_ms=7.20 capture_ms=3.90 queue_ms=38.66 gpu_ms=0.01 unpack_ms=2.61 total_ms=52.37
v5_service device=1 lane=0 class=1 jobs=37 rows=22221 cells=279657 reach=244934 reverse=280214 table_mib=15.8 mutable_mib=688.0 max_job_mib=33.5 oldest_ms=81.00 pack_ms=8.27 solve_ms=52.43
v5_device jobs=36 rows=28179 cells=345912 direct=true graph_reused=false upload_ms=10.66 capture_ms=3.74 queue_ms=61.63 gpu_ms=0.02 unpack_ms=3.62 total_ms=79.66
v5_service device=1 lane=1 class=1 jobs=36 rows=28179 cells=345912 reach=309575 reverse=346056 table_mib=20.0 mutable_mib=848.0 max_job_mib=34.0 oldest_ms=78.69 pack_ms=12.90 solve_ms=79.73
v5_device jobs=5 rows=8294 cells=71690 direct=true graph_reused=false upload_ms=3.03 capture_ms=3.67 queue_ms=11.67 gpu_ms=0.01 unpack_ms=0.58 total_ms=18.96
v5_service device=1 lane=1 class=2 jobs=5 rows=8294 cells=71690 reach=71677 reverse=71704 table_mib=4.9 mutable_mib=320.0 max_job_mib=65.8 oldest_ms=176.36 pack_ms=3.58 solve_ms=19.02
v5_device jobs=1 rows=29761 cells=190005 direct=true graph_reused=false upload_ms=8.98 capture_ms=3.78 queue_ms=64.00 gpu_ms=0.01 unpack_ms=0.80 total_ms=77.57
v5_service device=0 lane=0 class=3 jobs=1 rows=29761 cells=190005 reach=190022 reverse=190005 table_mib=15.0 mutable_mib=1024.0 max_job_mib=1043.8 oldest_ms=262.30 pack_ms=6.94 solve_ms=77.62
v5_device jobs=49 rows=33420 cells=403678 direct=true graph_reused=false upload_ms=20.74 capture_ms=5.48 queue_ms=49.94 gpu_ms=0.01 unpack_ms=3.47 total_ms=79.64
v5_service device=0 lane=1 class=1 jobs=49 rows=33420 cells=403678 reach=354212 reverse=403692 table_mib=23.6 mutable_mib=1040.0 max_job_mib=33.4 oldest_ms=78.32 pack_ms=14.67 solve_ms=79.70
v5_device jobs=3 rows=729 cells=12917 direct=true graph_reused=false upload_ms=0.35 capture_ms=4.23 queue_ms=3.56 gpu_ms=0.01 unpack_ms=0.14 total_ms=8.29
v5_service device=0 lane=1 class=0 jobs=3 rows=729 cells=12917 reach=10579 reverse=12917 table_mib=0.7 mutable_mib=24.0 max_job_mib=8.4 oldest_ms=173.55 pack_ms=0.56 solve_ms=8.34
v5_device jobs=8 rows=2379 cells=40326 direct=true graph_reused=false upload_ms=0.85 capture_ms=3.44 queue_ms=53.15 gpu_ms=0.01 unpack_ms=0.38 total_ms=57.83
v5_service device=1 lane=1 class=0 jobs=8 rows=2379 cells=40326 reach=33197 reverse=40326 table_mib=2.0 mutable_mib=60.0 max_job_mib=8.7 oldest_ms=206.18 pack_ms=1.37 solve_ms=57.88
v5_device jobs=1 rows=46221 cells=202670 direct=true graph_reused=false upload_ms=29.97 capture_ms=3.82 queue_ms=53.44 gpu_ms=0.02 unpack_ms=3.65 total_ms=90.90
v5_service device=1 lane=0 class=3 jobs=1 rows=46221 cells=202670 reach=202558 reverse=202670 table_mib=22.6 mutable_mib=1024.0 max_job_mib=1058.8 oldest_ms=146.61 pack_ms=17.92 solve_ms=90.95
v5_device jobs=2 rows=586 cells=4753 direct=true graph_reused=false upload_ms=0.18 capture_ms=4.19 queue_ms=29.96 gpu_ms=0.01 unpack_ms=0.11 total_ms=34.44
v5_service device=1 lane=0 class=0 jobs=2 rows=586 cells=4753 reach=4783 reverse=4797 table_mib=0.4 mutable_mib=16.0 max_job_mib=8.3 oldest_ms=255.21 pack_ms=0.31 solve_ms=34.50
v5_device jobs=1 rows=23494 cells=131895 direct=true graph_reused=false upload_ms=7.72 capture_ms=3.99 queue_ms=29.34 gpu_ms=0.01 unpack_ms=1.09 total_ms=42.15
v5_service device=1 lane=1 class=3 jobs=1 rows=23494 cells=131895 reach=131842 reverse=131895 table_mib=12.4 mutable_mib=512.0 max_job_mib=530.9 oldest_ms=250.32 pack_ms=7.91 solve_ms=42.20
v5_device jobs=3 rows=6795 cells=92399 direct=true graph_reused=false upload_ms=2.13 capture_ms=3.62 queue_ms=66.06 gpu_ms=0.01 unpack_ms=0.57 total_ms=72.40
v5_service device=0 lane=1 class=2 jobs=3 rows=6795 cells=92399 reach=77805 reverse=92399 table_mib=4.9 mutable_mib=256.0 max_job_mib=130.6 oldest_ms=169.11 pack_ms=2.79 solve_ms=72.45
v5_device jobs=1 rows=60310 cells=322775 direct=true graph_reused=false upload_ms=24.96 capture_ms=4.00 queue_ms=59.11 gpu_ms=0.02 unpack_ms=2.61 total_ms=90.70
v5_service device=0 lane=0 class=3 jobs=1 rows=60310 cells=322775 reach=322799 reverse=322775 table_mib=29.5 mutable_mib=2048.0 max_job_mib=2089.1 oldest_ms=341.96 pack_ms=12.95 solve_ms=90.78
v5_device jobs=46 rows=35185 cells=365646 direct=true graph_reused=false upload_ms=14.94 capture_ms=3.46 queue_ms=69.94 gpu_ms=0.01 unpack_ms=3.25 total_ms=91.60
v5_service device=1 lane=0 class=1 jobs=46 rows=35185 cells=365646 reach=338225 reverse=366060 table_mib=23.3 mutable_mib=1072.0 max_job_mib=33.9 oldest_ms=78.53 pack_ms=12.29 solve_ms=91.66
v5_device jobs=40 rows=29306 cells=477125 direct=true graph_reused=false upload_ms=14.59 capture_ms=3.57 queue_ms=63.46 gpu_ms=0.01 unpack_ms=3.56 total_ms=85.17
v5_service device=1 lane=1 class=1 jobs=40 rows=29306 cells=477125 reach=403030 reverse=477139 table_mib=24.3 mutable_mib=896.0 max_job_mib=35.2 oldest_ms=80.43 pack_ms=13.52 solve_ms=85.21
v5_device jobs=39 rows=29093 cells=386705 direct=true graph_reused=false upload_ms=10.50 capture_ms=3.38 queue_ms=68.50 gpu_ms=0.02 unpack_ms=3.66 total_ms=86.06
v5_service device=0 lane=1 class=1 jobs=39 rows=29093 cells=386705 reach=339097 reverse=387065 table_mib=21.4 mutable_mib=896.0 max_job_mib=34.2 oldest_ms=82.21 pack_ms=14.31 solve_ms=86.12
v5_device jobs=46 rows=33083 cells=444626 direct=true graph_reused=false upload_ms=12.28 capture_ms=3.71 queue_ms=65.57 gpu_ms=0.02 unpack_ms=3.98 total_ms=85.56
v5_service device=0 lane=0 class=1 jobs=46 rows=33083 cells=444626 reach=390154 reverse=445307 table_mib=24.5 mutable_mib=1040.0 max_job_mib=34.2 oldest_ms=79.44 pack_ms=12.36 solve_ms=85.61
v5_device jobs=2 rows=638 cells=24337 direct=true graph_reused=false upload_ms=0.48 capture_ms=5.22 queue_ms=4.61 gpu_ms=0.01 unpack_ms=0.18 total_ms=10.50
v5_service device=1 lane=1 class=0 jobs=2 rows=638 cells=24337 reach=17590 reverse=24337 table_mib=0.9 mutable_mib=16.0 max_job_mib=8.7 oldest_ms=172.76 pack_ms=0.75 solve_ms=10.54
v5_device jobs=4 rows=1138 cells=9636 direct=true graph_reused=false upload_ms=0.44 capture_ms=6.08 queue_ms=2.93 gpu_ms=0.01 unpack_ms=0.18 total_ms=9.64
v5_service device=1 lane=0 class=0 jobs=4 rows=1138 cells=9636 reach=9721 reverse=9636 table_mib=0.7 mutable_mib=32.0 max_job_mib=8.3 oldest_ms=187.66 pack_ms=0.98 solve_ms=9.69
v5_device jobs=3 rows=752 cells=6578 direct=true graph_reused=false upload_ms=0.35 capture_ms=5.83 queue_ms=0.44 gpu_ms=0.01 unpack_ms=0.14 total_ms=6.77
v5_service device=0 lane=0 class=0 jobs=3 rows=752 cells=6578 reach=6639 reverse=6578 table_mib=0.5 mutable_mib=24.0 max_job_mib=8.3 oldest_ms=181.49 pack_ms=0.61 solve_ms=6.84
v5_device jobs=6 rows=10237 cells=116624 direct=true graph_reused=false upload_ms=4.85 capture_ms=4.03 queue_ms=15.96 gpu_ms=0.01 unpack_ms=0.85 total_ms=25.71
v5_service device=1 lane=0 class=2 jobs=6 rows=10237 cells=116624 reach=106019 reverse=116624 table_mib=7.0 mutable_mib=384.0 max_job_mib=66.5 oldest_ms=199.27 pack_ms=6.02 solve_ms=25.76
v5_device jobs=3 rows=6827 cells=71293 direct=true graph_reused=false upload_ms=2.01 capture_ms=3.95 queue_ms=32.86 gpu_ms=0.01 unpack_ms=0.51 total_ms=39.34
v5_service device=0 lane=0 class=2 jobs=3 rows=6827 cells=71293 reach=65301 reverse=71853 table_mib=4.4 mutable_mib=256.0 max_job_mib=130.5 oldest_ms=187.82 pack_ms=2.90 solve_ms=39.40
v5_device jobs=9 rows=19747 cells=196704 direct=true graph_reused=false upload_ms=10.24 capture_ms=4.83 queue_ms=28.72 gpu_ms=0.01 unpack_ms=1.65 total_ms=45.45
v5_service device=0 lane=1 class=2 jobs=9 rows=19747 cells=196704 reach=180351 reverse=197334 table_mib=12.6 mutable_mib=640.0 max_job_mib=130.3 oldest_ms=187.18 pack_ms=10.24 solve_ms=45.51
v5_device jobs=10 rows=25599 cells=249370 direct=true graph_reused=false upload_ms=11.70 capture_ms=4.26 queue_ms=31.67 gpu_ms=0.01 unpack_ms=1.86 total_ms=49.50
v5_service device=1 lane=1 class=2 jobs=10 rows=25599 cells=249370 reach=234425 reverse=250609 table_mib=16.1 mutable_mib=896.0 max_job_mib=261.3 oldest_ms=176.36 pack_ms=13.34 solve_ms=49.56
v5_device jobs=5 rows=1536 cells=13843 direct=true graph_reused=false upload_ms=0.50 capture_ms=4.12 queue_ms=5.58 gpu_ms=0.01 unpack_ms=0.34 total_ms=10.54
v5_service device=0 lane=1 class=0 jobs=5 rows=1536 cells=13843 reach=13603 reverse=13843 table_mib=1.0 mutable_mib=40.0 max_job_mib=8.5 oldest_ms=233.42 pack_ms=0.75 solve_ms=10.59
v5_device jobs=37 rows=27078 cells=310556 direct=true graph_reused=false upload_ms=8.51 capture_ms=4.11 queue_ms=52.79 gpu_ms=0.01 unpack_ms=2.26 total_ms=67.67
v5_service device=0 lane=1 class=1 jobs=37 rows=27078 cells=310556 reach=288872 reverse=310635 table_mib=18.6 mutable_mib=848.0 max_job_mib=33.7 oldest_ms=79.10 pack_ms=10.85 solve_ms=67.73
v5_device jobs=52 rows=34223 cells=360142 direct=true graph_reused=false upload_ms=10.50 capture_ms=3.09 queue_ms=68.64 gpu_ms=0.01 unpack_ms=3.13 total_ms=85.37
v5_service device=0 lane=0 class=1 jobs=52 rows=34223 cells=360142 reach=338338 reverse=360579 table_mib=22.7 mutable_mib=1056.0 max_job_mib=33.6 oldest_ms=79.14 pack_ms=11.94 solve_ms=85.42
v5_device jobs=54 rows=38210 cells=468310 direct=true graph_reused=false upload_ms=28.84 capture_ms=3.45 queue_ms=82.09 gpu_ms=0.02 unpack_ms=4.29 total_ms=118.69
v5_service device=1 lane=0 class=1 jobs=54 rows=38210 cells=468310 reach=425719 reverse=469275 table_mib=27.3 mutable_mib=1200.0 max_job_mib=34.6 oldest_ms=77.86 pack_ms=13.27 solve_ms=118.75
v5_device jobs=3 rows=1004 cells=8433 direct=true graph_reused=false upload_ms=0.33 capture_ms=4.27 queue_ms=4.99 gpu_ms=0.01 unpack_ms=0.15 total_ms=9.76
v5_service device=0 lane=0 class=0 jobs=3 rows=1004 cells=8433 reach=8493 reverse=8433 table_mib=0.6 mutable_mib=24.0 max_job_mib=8.3 oldest_ms=199.38 pack_ms=0.75 solve_ms=9.81
v5_device jobs=1 rows=39139 cells=1736940 direct=true graph_reused=false upload_ms=51.72 capture_ms=3.21 queue_ms=105.22 gpu_ms=0.02 unpack_ms=8.05 total_ms=168.23
v5_service device=1 lane=1 class=3 jobs=1 rows=39139 cells=1736940 reach=1221416 reverse=1736940 table_mib=61.8 mutable_mib=1024.0 max_job_mib=1111.2 oldest_ms=215.08 pack_ms=32.83 solve_ms=168.28
v5_device jobs=6 rows=14077 cells=96119 direct=true graph_reused=false upload_ms=4.36 capture_ms=4.00 queue_ms=22.49 gpu_ms=0.02 unpack_ms=1.11 total_ms=31.98
v5_service device=0 lane=1 class=2 jobs=6 rows=14077 cells=96119 reach=95953 reverse=96119 table_mib=7.7 mutable_mib=448.0 max_job_mib=130.7 oldest_ms=161.43 pack_ms=4.67 solve_ms=32.02
v5_device jobs=2 rows=564 cells=3650 direct=true graph_reused=false upload_ms=0.26 capture_ms=3.78 queue_ms=1.57 gpu_ms=0.01 unpack_ms=0.11 total_ms=5.73
v5_service device=0 lane=1 class=0 jobs=2 rows=564 cells=3650 reach=3674 reverse=3650 table_mib=0.3 mutable_mib=16.0 max_job_mib=8.2 oldest_ms=191.89 pack_ms=0.32 solve_ms=5.78
v5_device jobs=6 rows=17871 cells=164208 direct=true graph_reused=false upload_ms=6.88 capture_ms=6.84 queue_ms=20.10 gpu_ms=0.02 unpack_ms=1.43 total_ms=35.26
v5_service device=1 lane=0 class=2 jobs=6 rows=17871 cells=164208 reach=152817 reverse=164221 table_mib=11.0 mutable_mib=576.0 max_job_mib=132.0 oldest_ms=220.25 pack_ms=8.27 solve_ms=35.34
v5_device jobs=2 rows=595 cells=4554 direct=true graph_reused=false upload_ms=0.27 capture_ms=6.37 queue_ms=0.35 gpu_ms=0.01 unpack_ms=0.15 total_ms=7.16
v5_service device=1 lane=0 class=0 jobs=2 rows=595 cells=4554 reach=4507 reverse=4554 table_mib=0.4 mutable_mib=16.0 max_job_mib=8.4 oldest_ms=257.16 pack_ms=0.36 solve_ms=7.22
v5_device jobs=30 rows=21566 cells=296785 direct=true graph_reused=false upload_ms=11.58 capture_ms=3.47 queue_ms=29.53 gpu_ms=0.01 unpack_ms=2.12 total_ms=46.70
v5_service device=1 lane=1 class=1 jobs=30 rows=21566 cells=296785 reach=259020 reverse=296896 table_mib=16.1 mutable_mib=672.0 max_job_mib=34.3 oldest_ms=79.24 pack_ms=8.36 solve_ms=46.77
v5_device jobs=7 rows=15590 cells=252314 direct=true graph_reused=false upload_ms=7.30 capture_ms=4.32 queue_ms=41.03 gpu_ms=0.02 unpack_ms=2.00 total_ms=54.68
v5_service device=0 lane=1 class=2 jobs=7 rows=15590 cells=252314 reach=223162 reverse=252314 table_mib=13.0 mutable_mib=512.0 max_job_mib=132.0 oldest_ms=77.39 pack_ms=6.86 solve_ms=54.73
v5_device jobs=5 rows=1555 cells=20181 direct=true graph_reused=false upload_ms=0.49 capture_ms=4.13 queue_ms=5.16 gpu_ms=0.01 unpack_ms=0.21 total_ms=10.01
v5_service device=0 lane=1 class=0 jobs=5 rows=1555 cells=20181 reach=17715 reverse=20278 table_mib=1.2 mutable_mib=40.0 max_job_mib=8.6 oldest_ms=139.64 pack_ms=0.74 solve_ms=10.06
v5_device jobs=2 rows=60438 cells=406021 direct=true graph_reused=false upload_ms=35.70 capture_ms=3.18 queue_ms=131.63 gpu_ms=0.03 unpack_ms=5.28 total_ms=175.81
v5_service device=0 lane=0 class=3 jobs=2 rows=60438 cells=406021 reach=405934 reverse=406021 table_mib=33.7 mutable_mib=2048.0 max_job_mib=1050.5 oldest_ms=213.22 pack_ms=18.66 solve_ms=175.87
v5_device jobs=5 rows=11270 cells=147231 direct=true graph_reused=false upload_ms=2.90 capture_ms=3.23 queue_ms=16.15 gpu_ms=0.01 unpack_ms=0.81 total_ms=23.10
v5_service device=0 lane=0 class=2 jobs=5 rows=11270 cells=147231 reach=129231 reverse=147252 table_mib=8.0 mutable_mib=384.0 max_job_mib=131.0 oldest_ms=406.51 pack_ms=3.76 solve_ms=23.16
v5_device jobs=2 rows=27533 cells=166386 direct=true graph_reused=false upload_ms=41.96 capture_ms=3.76 queue_ms=52.50 gpu_ms=0.01 unpack_ms=2.45 total_ms=100.69
v5_service device=1 lane=1 class=3 jobs=2 rows=27533 cells=166386 reach=166153 reverse=166386 table_mib=15.3 mutable_mib=1024.0 max_job_mib=525.6 oldest_ms=119.47 pack_ms=9.41 solve_ms=100.75
v5_device jobs=41 rows=29245 cells=528426 direct=true graph_reused=false upload_ms=30.57 capture_ms=3.45 queue_ms=70.13 gpu_ms=0.01 unpack_ms=3.84 total_ms=107.99
v5_service device=1 lane=0 class=1 jobs=41 rows=29245 cells=528426 reach=436989 reverse=529270 table_mib=25.8 mutable_mib=896.0 max_job_mib=34.0 oldest_ms=79.06 pack_ms=14.27 solve_ms=108.03
v5_device jobs=1 rows=224 cells=1095 direct=true graph_reused=false upload_ms=0.11 capture_ms=3.73 queue_ms=0.62 gpu_ms=0.00 unpack_ms=0.03 total_ms=4.48
v5_service device=1 lane=1 class=0 jobs=1 rows=224 cells=1095 reach=1108 reverse=1095 table_mib=0.1 mutable_mib=8.0 max_job_mib=8.1 oldest_ms=205.78 pack_ms=0.17 solve_ms=4.51
v5_device jobs=5 rows=1257 cells=19516 direct=true graph_reused=false upload_ms=0.42 capture_ms=3.51 queue_ms=3.03 gpu_ms=0.01 unpack_ms=0.15 total_ms=7.12
v5_service device=1 lane=0 class=0 jobs=5 rows=1257 cells=19516 reach=16124 reverse=19516 table_mib=1.0 mutable_mib=40.0 max_job_mib=8.7 oldest_ms=208.41 pack_ms=0.71 solve_ms=7.17
v5_device jobs=5 rows=13010 cells=84030 direct=true graph_reused=false upload_ms=2.71 capture_ms=3.62 queue_ms=14.67 gpu_ms=0.01 unpack_ms=0.67 total_ms=21.68
v5_service device=1 lane=0 class=2 jobs=5 rows=13010 cells=84030 reach=84157 reverse=84051 table_mib=6.7 mutable_mib=448.0 max_job_mib=130.9 oldest_ms=212.49 pack_ms=3.41 solve_ms=21.73
v5_device jobs=4 rows=72087 cells=1033890 direct=true graph_reused=false upload_ms=48.99 capture_ms=3.62 queue_ms=76.67 gpu_ms=0.01 unpack_ms=5.08 total_ms=134.37
v5_service device=0 lane=1 class=3 jobs=4 rows=72087 cells=1033890 reach=832070 reverse=1033890 table_mib=53.0 mutable_mib=2560.0 max_job_mib=1039.2 oldest_ms=163.58 pack_ms=26.67 solve_ms=134.43
v5_device jobs=51 rows=35593 cells=514359 direct=true graph_reused=false upload_ms=11.60 capture_ms=3.09 queue_ms=45.23 gpu_ms=0.01 unpack_ms=3.03 total_ms=62.96
v5_service device=0 lane=0 class=1 jobs=51 rows=35593 cells=514359 reach=444177 reverse=514402 table_mib=27.5 mutable_mib=1120.0 max_job_mib=33.8 oldest_ms=79.78 pack_ms=12.42 solve_ms=63.02
v5_device jobs=38 rows=25178 cells=310384 direct=true graph_reused=false upload_ms=10.14 capture_ms=3.30 queue_ms=33.16 gpu_ms=0.02 unpack_ms=3.17 total_ms=49.78
v5_service device=1 lane=1 class=1 jobs=38 rows=25178 cells=310384 reach=275540 reverse=310422 table_mib=17.8 mutable_mib=800.0 max_job_mib=33.6 oldest_ms=79.16 pack_ms=10.51 solve_ms=49.84
v5_device jobs=4 rows=1010 cells=28814 direct=true graph_reused=false upload_ms=0.48 capture_ms=4.40 queue_ms=40.58 gpu_ms=0.01 unpack_ms=0.20 total_ms=45.67
v5_service device=0 lane=0 class=0 jobs=4 rows=1010 cells=28814 reach=22014 reverse=28814 table_mib=1.2 mutable_mib=32.0 max_job_mib=8.7 oldest_ms=157.83 pack_ms=0.82 solve_ms=45.72
v5_device jobs=57 rows=43601 cells=581445 direct=true graph_reused=false upload_ms=18.16 capture_ms=3.39 queue_ms=61.05 gpu_ms=0.01 unpack_ms=4.75 total_ms=87.37
v5_service device=0 lane=1 class=1 jobs=57 rows=43601 cells=581445 reach=519797 reverse=582312 table_mib=32.6 mutable_mib=1312.0 max_job_mib=34.6 oldest_ms=330.11 pack_ms=17.68 solve_ms=87.43
v5_device jobs=2 rows=3243 cells=26427 direct=true graph_reused=false upload_ms=0.71 capture_ms=3.80 queue_ms=6.75 gpu_ms=0.01 unpack_ms=0.24 total_ms=11.51
v5_service device=0 lane=0 class=2 jobs=2 rows=3243 cells=26427 reach=26363 reverse=26427 table_mib=1.9 mutable_mib=128.0 max_job_mib=65.6 oldest_ms=147.90 pack_ms=1.33 solve_ms=11.54
v5_device jobs=6 rows=16251 cells=112100 direct=true graph_reused=false upload_ms=5.14 capture_ms=4.55 queue_ms=58.74 gpu_ms=0.01 unpack_ms=0.91 total_ms=69.36
v5_service device=1 lane=1 class=2 jobs=6 rows=16251 cells=112100 reach=112659 reverse=112520 table_mib=8.7 mutable_mib=512.0 max_job_mib=132.0 oldest_ms=142.46 pack_ms=5.52 solve_ms=69.42
v5_device jobs=45 rows=31576 cells=501224 direct=true graph_reused=false upload_ms=31.17 capture_ms=3.94 queue_ms=46.62 gpu_ms=0.01 unpack_ms=3.83 total_ms=85.57
v5_service device=1 lane=0 class=1 jobs=45 rows=31576 cells=501224 reach=441385 reverse=502422 table_mib=25.8 mutable_mib=960.0 max_job_mib=34.5 oldest_ms=79.67 pack_ms=16.94 solve_ms=85.63
v5_device jobs=5 rows=1535 cells=26779 direct=true graph_reused=false upload_ms=0.50 capture_ms=3.94 queue_ms=4.31 gpu_ms=0.01 unpack_ms=0.25 total_ms=9.00
v5_service device=1 lane=1 class=0 jobs=5 rows=1535 cells=26779 reach=21211 reverse=26779 table_mib=1.3 mutable_mib=40.0 max_job_mib=8.6 oldest_ms=217.42 pack_ms=0.85 solve_ms=9.05
v5_device jobs=4 rows=1126 cells=26739 direct=true graph_reused=false upload_ms=0.59 capture_ms=3.70 queue_ms=3.85 gpu_ms=0.01 unpack_ms=0.23 total_ms=8.38
v5_service device=1 lane=0 class=0 jobs=4 rows=1126 cells=26739 reach=20861 reverse=26739 table_mib=1.2 mutable_mib=32.0 max_job_mib=8.6 oldest_ms=185.11 pack_ms=0.94 solve_ms=8.43
v5_device jobs=6 rows=11119 cells=99403 direct=true graph_reused=false upload_ms=3.47 capture_ms=3.70 queue_ms=17.23 gpu_ms=0.01 unpack_ms=0.98 total_ms=25.40
v5_service device=1 lane=0 class=2 jobs=6 rows=11119 cells=99403 reach=94437 reverse=99821 table_mib=7.0 mutable_mib=384.0 max_job_mib=66.7 oldest_ms=195.99 pack_ms=4.20 solve_ms=25.46
v5_device jobs=11 rows=30939 cells=555520 direct=true graph_reused=false upload_ms=19.98 capture_ms=4.80 queue_ms=67.96 gpu_ms=0.01 unpack_ms=2.86 total_ms=95.61
v5_service device=0 lane=1 class=2 jobs=11 rows=30939 cells=555520 reach=488050 reverse=557391 table_mib=26.5 mutable_mib=896.0 max_job_mib=276.0 oldest_ms=79.35 pack_ms=14.16 solve_ms=95.67
v5_device jobs=54 rows=41470 cells=505873 direct=true graph_reused=false upload_ms=14.52 capture_ms=3.20 queue_ms=80.58 gpu_ms=0.02 unpack_ms=4.11 total_ms=102.42
v5_service device=0 lane=0 class=1 jobs=54 rows=41470 cells=505873 reach=459331 reverse=505885 table_mib=29.5 mutable_mib=1312.0 max_job_mib=33.9 oldest_ms=78.02 pack_ms=14.42 solve_ms=102.47
v5_device jobs=8 rows=17867 cells=277763 direct=true graph_reused=false upload_ms=5.79 capture_ms=3.68 queue_ms=29.95 gpu_ms=0.01 unpack_ms=1.94 total_ms=41.38
v5_service device=1 lane=0 class=2 jobs=8 rows=17867 cells=277763 reach=247547 reverse=278570 table_mib=14.1 mutable_mib=640.0 max_job_mib=132.4 oldest_ms=77.94 pack_ms=7.16 solve_ms=41.43
v5_device jobs=30 rows=26590 cells=362359 direct=true graph_reused=false upload_ms=11.10 capture_ms=3.45 queue_ms=64.96 gpu_ms=0.03 unpack_ms=4.04 total_ms=83.58
v5_service device=1 lane=1 class=1 jobs=30 rows=26590 cells=362359 reach=323304 reverse=363055 table_mib=20.2 mutable_mib=768.0 max_job_mib=34.4 oldest_ms=79.99 pack_ms=12.15 solve_ms=83.63
v5_device jobs=4 rows=8761 cells=157019 direct=true graph_reused=false upload_ms=3.20 capture_ms=3.90 queue_ms=14.77 gpu_ms=0.02 unpack_ms=0.90 total_ms=22.79
v5_service device=0 lane=0 class=2 jobs=4 rows=8761 cells=157019 reach=135712 reverse=157052 table_mib=7.6 mutable_mib=256.0 max_job_mib=67.9 oldest_ms=201.99 pack_ms=4.47 solve_ms=22.86
v5_device jobs=1 rows=364 cells=3581 direct=true graph_reused=false upload_ms=0.17 capture_ms=4.15 queue_ms=1.67 gpu_ms=0.01 unpack_ms=0.04 total_ms=6.03
v5_service device=0 lane=0 class=0 jobs=1 rows=364 cells=3581 reach=3607 reverse=3581 table_mib=0.2 mutable_mib=8.0 max_job_mib=8.3 oldest_ms=229.00 pack_ms=0.29 solve_ms=6.09
v5_device jobs=6 rows=14286 cells=101008 direct=true graph_reused=false upload_ms=5.34 capture_ms=3.86 queue_ms=44.78 gpu_ms=0.01 unpack_ms=0.88 total_ms=54.87
v5_service device=1 lane=1 class=2 jobs=6 rows=14286 cells=101008 reach=101047 reverse=101029 table_mib=7.9 mutable_mib=448.0 max_job_mib=130.6 oldest_ms=178.49 pack_ms=4.48 solve_ms=54.93
v5_device jobs=37 rows=23671 cells=346624 direct=true graph_reused=false upload_ms=14.52 capture_ms=4.04 queue_ms=38.13 gpu_ms=0.01 unpack_ms=2.65 total_ms=59.34
v5_service device=1 lane=0 class=1 jobs=37 rows=23671 cells=346624 reach=295443 reverse=346949 table_mib=18.3 mutable_mib=784.0 max_job_mib=33.7 oldest_ms=129.92 pack_ms=14.07 solve_ms=59.40
v5_device jobs=3 rows=1022 cells=9629 direct=true graph_reused=false upload_ms=0.36 capture_ms=5.70 queue_ms=1.74 gpu_ms=0.01 unpack_ms=0.17 total_ms=7.98
v5_service device=1 lane=1 class=0 jobs=3 rows=1022 cells=9629 reach=9556 reverse=9629 table_mib=0.7 mutable_mib=24.0 max_job_mib=8.4 oldest_ms=234.90 pack_ms=0.59 solve_ms=8.04
v5_device jobs=2 rows=700 cells=6069 direct=true graph_reused=false upload_ms=0.27 capture_ms=4.94 queue_ms=1.72 gpu_ms=0.01 unpack_ms=0.12 total_ms=7.06
v5_service device=1 lane=0 class=0 jobs=2 rows=700 cells=6069 reach=5982 reverse=6069 table_mib=0.5 mutable_mib=16.0 max_job_mib=8.5 oldest_ms=209.31 pack_ms=0.55 solve_ms=7.10
v5_device jobs=1 rows=23880 cells=243462 direct=true graph_reused=false upload_ms=8.19 capture_ms=4.00 queue_ms=57.52 gpu_ms=0.01 unpack_ms=1.38 total_ms=71.11
v5_service device=0 lane=0 class=3 jobs=1 rows=23880 cells=243462 reach=243332 reverse=243462 table_mib=16.0 mutable_mib=1024.0 max_job_mib=1049.5 oldest_ms=218.44 pack_ms=9.23 solve_ms=71.18
v5_device jobs=55 rows=38384 cells=484797 direct=true graph_reused=false upload_ms=19.14 capture_ms=3.80 queue_ms=69.66 gpu_ms=0.01 unpack_ms=4.14 total_ms=96.76
v5_service device=0 lane=1 class=1 jobs=55 rows=38384 cells=484797 reach=435126 reverse=484869 table_mib=27.6 mutable_mib=1200.0 max_job_mib=34.2 oldest_ms=198.09 pack_ms=22.03 solve_ms=96.81
v5_device jobs=1 rows=33395 cells=180628 direct=true graph_reused=false upload_ms=9.95 capture_ms=3.75 queue_ms=33.46 gpu_ms=0.01 unpack_ms=0.90 total_ms=48.07
v5_service device=0 lane=1 class=3 jobs=1 rows=33395 cells=180628 reach=181053 reverse=181034 table_mib=16.4 mutable_mib=1024.0 max_job_mib=1045.1 oldest_ms=338.46 pack_ms=9.09 solve_ms=48.13
v5_device jobs=5 rows=1607 cells=22207 direct=true graph_reused=false upload_ms=0.45 capture_ms=3.79 queue_ms=4.68 gpu_ms=0.01 unpack_ms=0.18 total_ms=9.10
v5_service device=0 lane=1 class=0 jobs=5 rows=1607 cells=22207 reach=18765 reverse=22207 table_mib=1.2 mutable_mib=40.0 max_job_mib=8.6 oldest_ms=395.37 pack_ms=0.88 solve_ms=9.15
v5_device jobs=28 rows=23698 cells=420483 direct=true graph_reused=false upload_ms=10.21 capture_ms=3.59 queue_ms=67.67 gpu_ms=0.01 unpack_ms=3.16 total_ms=84.63
v5_service device=1 lane=0 class=1 jobs=28 rows=23698 cells=420483 reach=353279 reverse=420511 table_mib=21.1 mutable_mib=720.0 max_job_mib=34.2 oldest_ms=82.78 pack_ms=12.83 solve_ms=84.69
v5_device jobs=42 rows=30118 cells=376139 direct=true graph_reused=false upload_ms=48.45 capture_ms=3.71 queue_ms=44.33 gpu_ms=0.01 unpack_ms=2.96 total_ms=99.46
v5_service device=1 lane=1 class=1 jobs=42 rows=30118 cells=376139 reach=333222 reverse=376543 table_mib=21.4 mutable_mib=928.0 max_job_mib=33.5 oldest_ms=80.46 pack_ms=11.09 solve_ms=99.52
v5_device jobs=47 rows=29878 cells=410824 direct=true graph_reused=false upload_ms=24.01 capture_ms=3.31 queue_ms=39.76 gpu_ms=0.02 unpack_ms=3.26 total_ms=70.35
v5_service device=0 lane=0 class=1 jobs=47 rows=29878 cells=410824 reach=365001 reverse=410952 table_mib=22.6 mutable_mib=976.0 max_job_mib=33.8 oldest_ms=80.71 pack_ms=12.02 solve_ms=70.41
v5_device jobs=3 rows=909 cells=13555 direct=true graph_reused=false upload_ms=0.35 capture_ms=4.22 queue_ms=5.24 gpu_ms=0.01 unpack_ms=0.16 total_ms=9.98
v5_service device=1 lane=0 class=0 jobs=3 rows=909 cells=13555 reach=11716 reverse=13555 table_mib=0.7 mutable_mib=24.0 max_job_mib=8.5 oldest_ms=180.98 pack_ms=0.59 solve_ms=10.03
v5_device jobs=4 rows=1329 cells=21428 direct=true graph_reused=false upload_ms=0.59 capture_ms=5.95 queue_ms=3.22 gpu_ms=0.01 unpack_ms=0.26 total_ms=10.04
v5_service device=1 lane=1 class=0 jobs=4 rows=1329 cells=21428 reach=18244 reverse=21428 table_mib=1.1 mutable_mib=32.0 max_job_mib=8.7 oldest_ms=195.26 pack_ms=1.07 solve_ms=10.10
v5_device jobs=1 rows=1740 cells=14155 direct=true graph_reused=false upload_ms=0.46 capture_ms=4.31 queue_ms=4.73 gpu_ms=0.01 unpack_ms=0.16 total_ms=9.67
v5_service device=0 lane=0 class=2 jobs=1 rows=1740 cells=14155 reach=14009 reverse=14215 table_mib=1.1 mutable_mib=64.0 max_job_mib=65.7 oldest_ms=165.49 pack_ms=0.66 solve_ms=9.73
v5_device jobs=5 rows=1315 cells=12018 direct=true graph_reused=false upload_ms=0.37 capture_ms=3.39 queue_ms=2.55 gpu_ms=0.01 unpack_ms=0.18 total_ms=6.49
v5_service device=0 lane=0 class=0 jobs=5 rows=1315 cells=12018 reach=12122 reverse=12018 table_mib=0.8 mutable_mib=40.0 max_job_mib=8.3 oldest_ms=175.79 pack_ms=0.64 solve_ms=6.54
v5_device jobs=4 rows=8316 cells=96370 direct=true graph_reused=false upload_ms=2.81 capture_ms=4.02 queue_ms=17.61 gpu_ms=0.01 unpack_ms=0.87 total_ms=25.32
v5_service device=1 lane=0 class=2 jobs=4 rows=8316 cells=96370 reach=91563 reverse=96958 table_mib=5.6 mutable_mib=256.0 max_job_mib=66.9 oldest_ms=185.96 pack_ms=3.28 solve_ms=25.38
v5_device jobs=3 rows=6330 cells=39552 direct=true graph_reused=false upload_ms=2.25 capture_ms=6.63 queue_ms=13.73 gpu_ms=0.01 unpack_ms=0.68 total_ms=23.29
v5_service device=1 lane=1 class=2 jobs=3 rows=6330 cells=39552 reach=40349 reverse=40412 table_mib=3.4 mutable_mib=192.0 max_job_mib=66.0 oldest_ms=152.69 pack_ms=2.50 solve_ms=23.37
v5_device jobs=1 rows=29608 cells=150584 direct=true graph_reused=false upload_ms=9.09 capture_ms=3.52 queue_ms=61.55 gpu_ms=0.01 unpack_ms=1.40 total_ms=75.57
v5_service device=0 lane=0 class=3 jobs=1 rows=29608 cells=150584 reach=150607 reverse=150584 table_mib=14.4 mutable_mib=1024.0 max_job_mib=1043.7 oldest_ms=128.23 pack_ms=7.03 solve_ms=75.63
v5_device jobs=45 rows=32449 cells=420817 direct=true graph_reused=false upload_ms=14.64 capture_ms=4.72 queue_ms=57.61 gpu_ms=0.01 unpack_ms=3.56 total_ms=80.54
v5_service device=0 lane=1 class=1 jobs=45 rows=32449 cells=420817 reach=376995 reverse=421783 table_mib=23.7 mutable_mib=992.0 max_job_mib=34.9 oldest_ms=83.68 pack_ms=16.62 solve_ms=80.59
v5_device jobs=8 rows=15265 cells=177241 direct=true graph_reused=false upload_ms=6.25 capture_ms=3.62 queue_ms=21.98 gpu_ms=0.01 unpack_ms=1.11 total_ms=32.97
v5_service device=0 lane=1 class=2 jobs=8 rows=15265 cells=177241 reach=168103 reverse=179394 table_mib=10.4 mutable_mib=512.0 max_job_mib=66.9 oldest_ms=185.90 pack_ms=6.32 solve_ms=33.04
v5_device jobs=2 rows=574 cells=4611 direct=true graph_reused=false upload_ms=0.16 capture_ms=3.28 queue_ms=2.25 gpu_ms=0.00 unpack_ms=0.06 total_ms=5.75
v5_service device=0 lane=1 class=0 jobs=2 rows=574 cells=4611 reach=4646 reverse=4611 table_mib=0.3 mutable_mib=16.0 max_job_mib=8.3 oldest_ms=216.61 pack_ms=0.28 solve_ms=5.79
v5_device jobs=32 rows=21733 cells=270672 direct=true graph_reused=false upload_ms=9.63 capture_ms=4.25 queue_ms=54.66 gpu_ms=0.01 unpack_ms=2.13 total_ms=70.68
v5_service device=1 lane=1 class=1 jobs=32 rows=21733 cells=270672 reach=244022 reverse=270686 table_mib=15.7 mutable_mib=704.0 max_job_mib=34.1 oldest_ms=82.56 pack_ms=10.91 solve_ms=70.73
v5_device jobs=39 rows=29756 cells=390293 direct=true graph_reused=false upload_ms=12.47 capture_ms=3.63 queue_ms=54.73 gpu_ms=0.01 unpack_ms=3.28 total_ms=74.12
v5_service device=1 lane=0 class=1 jobs=39 rows=29756 cells=390293 reach=340582 reverse=390855 table_mib=21.7 mutable_mib=896.0 max_job_mib=34.3 oldest_ms=79.91 pack_ms=14.59 solve_ms=74.17
v5_device jobs=3 rows=945 cells=7573 direct=true graph_reused=false upload_ms=0.29 capture_ms=4.40 queue_ms=6.61 gpu_ms=0.01 unpack_ms=0.15 total_ms=11.46
v5_service device=1 lane=0 class=0 jobs=3 rows=945 cells=7573 reach=7554 reverse=7573 table_mib=0.6 mutable_mib=24.0 max_job_mib=8.4 oldest_ms=171.32 pack_ms=0.62 solve_ms=11.52
v5_device jobs=2 rows=5168 cells=34742 direct=true graph_reused=false upload_ms=1.27 capture_ms=6.81 queue_ms=6.05 gpu_ms=0.01 unpack_ms=0.38 total_ms=14.52
v5_service device=1 lane=1 class=2 jobs=2 rows=5168 cells=34742 reach=34788 reverse=34742 table_mib=2.7 mutable_mib=192.0 max_job_mib=130.4 oldest_ms=166.20 pack_ms=2.19 solve_ms=14.58
v5_device jobs=1 rows=27406 cells=134462 direct=true graph_reused=false upload_ms=5.21 capture_ms=3.13 queue_ms=58.84 gpu_ms=0.01 unpack_ms=0.72 total_ms=67.92
v5_service device=0 lane=1 class=3 jobs=1 rows=27406 cells=134462 reach=134483 reverse=134462 table_mib=13.0 mutable_mib=1024.0 max_job_mib=1041.5 oldest_ms=214.39 pack_ms=6.70 solve_ms=67.98
v5_device jobs=32 rows=23653 cells=305262 direct=true graph_reused=false upload_ms=8.07 capture_ms=4.20 queue_ms=34.98 gpu_ms=0.01 unpack_ms=2.58 total_ms=49.85
v5_service device=0 lane=0 class=1 jobs=32 rows=23653 cells=305262 reach=270298 reverse=305393 table_mib=17.4 mutable_mib=736.0 max_job_mib=34.2 oldest_ms=79.34 pack_ms=8.63 solve_ms=49.91
v5_device jobs=4 rows=1217 cells=15231 direct=true graph_reused=false upload_ms=0.40 capture_ms=4.13 queue_ms=2.38 gpu_ms=0.01 unpack_ms=0.17 total_ms=7.09
v5_service device=0 lane=0 class=0 jobs=4 rows=1217 cells=15231 reach=13447 reverse=15231 table_mib=0.9 mutable_mib=32.0 max_job_mib=8.5 oldest_ms=142.07 pack_ms=0.75 solve_ms=7.14
v5_device jobs=5 rows=10069 cells=140074 direct=true graph_reused=false upload_ms=2.88 capture_ms=3.48 queue_ms=15.31 gpu_ms=0.01 unpack_ms=0.89 total_ms=22.57
v5_service device=0 lane=0 class=2 jobs=5 rows=10069 cells=140074 reach=120874 reverse=140402 table_mib=7.5 mutable_mib=320.0 max_job_mib=67.5 oldest_ms=150.49 pack_ms=4.07 solve_ms=22.63
v5_device jobs=1 rows=47882 cells=189518 direct=true graph_reused=false upload_ms=12.29 capture_ms=3.38 queue_ms=48.21 gpu_ms=0.01 unpack_ms=0.95 total_ms=64.84
v5_service device=0 lane=0 class=3 jobs=1 rows=47882 cells=189518 reach=189557 reverse=189539 table_mib=21.8 mutable_mib=1024.0 max_job_mib=1053.6 oldest_ms=176.09 pack_ms=11.43 solve_ms=64.89
v5_device jobs=53 rows=39575 cells=533886 direct=true graph_reused=false upload_ms=49.00 capture_ms=2.98 queue_ms=52.04 gpu_ms=0.01 unpack_ms=3.82 total_ms=107.85
v5_service device=0 lane=1 class=1 jobs=53 rows=39575 cells=533886 reach=471976 reverse=534343 table_mib=29.7 mutable_mib=1232.0 max_job_mib=34.6 oldest_ms=78.25 pack_ms=13.54 solve_ms=107.91
v5_device jobs=2 rows=49404 cells=577447 direct=true graph_reused=false upload_ms=39.04 capture_ms=3.45 queue_ms=148.68 gpu_ms=0.01 unpack_ms=4.63 total_ms=195.81
v5_service device=1 lane=1 class=3 jobs=2 rows=49404 cells=577447 reach=496213 reverse=577490 table_mib=33.5 mutable_mib=1536.0 max_job_mib=1050.8 oldest_ms=186.30 pack_ms=21.97 solve_ms=195.86
v5_device jobs=4 rows=1095 cells=7924 direct=true graph_reused=false upload_ms=0.36 capture_ms=3.54 queue_ms=2.75 gpu_ms=0.01 unpack_ms=0.12 total_ms=6.78
v5_service device=0 lane=1 class=0 jobs=4 rows=1095 cells=7924 reach=7995 reverse=7924 table_mib=0.6 mutable_mib=32.0 max_job_mib=8.3 oldest_ms=204.20 pack_ms=0.65 solve_ms=6.81
v5_device jobs=6 rows=1733 cells=15327 direct=true graph_reused=false upload_ms=0.51 capture_ms=4.59 queue_ms=9.75 gpu_ms=0.01 unpack_ms=0.28 total_ms=15.15
v5_service device=1 lane=1 class=0 jobs=6 rows=1733 cells=15327 reach=15252 reverse=15327 table_mib=1.1 mutable_mib=44.0 max_job_mib=8.4 oldest_ms=403.33 pack_ms=0.95 solve_ms=15.20
v5_device jobs=3 rows=100800 cells=664452 direct=true graph_reused=false upload_ms=59.41 capture_ms=3.17 queue_ms=169.76 gpu_ms=0.02 unpack_ms=14.60 total_ms=246.96
v5_service device=1 lane=0 class=3 jobs=3 rows=100800 cells=664452 reach=664244 reverse=664452 table_mib=56.7 mutable_mib=2560.0 max_job_mib=1064.4 oldest_ms=190.40 pack_ms=31.75 solve_ms=247.01
v5_device jobs=9 rows=18701 cells=207918 direct=true graph_reused=false upload_ms=5.41 capture_ms=3.58 queue_ms=52.25 gpu_ms=0.01 unpack_ms=1.72 total_ms=62.96
v5_service device=0 lane=1 class=2 jobs=9 rows=18701 cells=207918 reach=195213 reverse=208446 table_mib=12.6 mutable_mib=640.0 max_job_mib=130.6 oldest_ms=210.88 pack_ms=6.08 solve_ms=63.02
v5_device jobs=34 rows=24282 cells=418593 direct=true graph_reused=false upload_ms=11.98 capture_ms=4.06 queue_ms=48.01 gpu_ms=0.01 unpack_ms=3.28 total_ms=67.35
v5_service device=0 lane=0 class=1 jobs=34 rows=24282 cells=418593 reach=363989 reverse=419433 table_mib=21.1 mutable_mib=736.0 max_job_mib=34.6 oldest_ms=80.04 pack_ms=12.48 solve_ms=67.41
v5_device jobs=6 rows=14419 cells=202258 direct=true graph_reused=false upload_ms=7.26 capture_ms=3.79 queue_ms=23.40 gpu_ms=0.01 unpack_ms=1.68 total_ms=36.14
v5_service device=1 lane=0 class=2 jobs=6 rows=14419 cells=202258 reach=177854 reverse=202630 table_mib=11.3 mutable_mib=448.0 max_job_mib=130.9 oldest_ms=475.14 pack_ms=6.56 solve_ms=36.19
v5_device jobs=2 rows=5621 cells=164385 direct=true graph_reused=false upload_ms=2.85 capture_ms=3.88 queue_ms=38.12 gpu_ms=0.01 unpack_ms=0.74 total_ms=45.60
v5_service device=0 lane=0 class=2 jobs=2 rows=5621 cells=164385 reach=139071 reverse=164456 table_mib=6.7 mutable_mib=192.0 max_job_mib=134.7 oldest_ms=155.43 pack_ms=4.04 solve_ms=45.66
v5_device jobs=1 rows=29885 cells=148712 direct=true graph_reused=false upload_ms=10.32 capture_ms=4.42 queue_ms=35.97 gpu_ms=0.01 unpack_ms=1.30 total_ms=52.01
v5_service device=0 lane=1 class=3 jobs=1 rows=29885 cells=148712 reach=148733 reverse=148712 table_mib=14.4 mutable_mib=1024.0 max_job_mib=1043.9 oldest_ms=271.85 pack_ms=9.05 solve_ms=52.07
v5_device jobs=3 rows=948 cells=8992 direct=true graph_reused=false upload_ms=0.26 capture_ms=3.94 queue_ms=2.23 gpu_ms=0.00 unpack_ms=0.12 total_ms=6.55
v5_service device=0 lane=0 class=0 jobs=3 rows=948 cells=8992 reach=8831 reverse=8992 table_mib=0.6 mutable_mib=24.0 max_job_mib=8.4 oldest_ms=201.43 pack_ms=0.52 solve_ms=6.62
v5_device jobs=41 rows=30319 cells=412523 direct=true graph_reused=false upload_ms=12.11 capture_ms=3.69 queue_ms=39.59 gpu_ms=0.01 unpack_ms=3.05 total_ms=58.46
v5_service device=1 lane=1 class=1 jobs=41 rows=30319 cells=412523 reach=362946 reverse=412901 table_mib=22.8 mutable_mib=912.0 max_job_mib=34.0 oldest_ms=82.29 pack_ms=13.11 solve_ms=58.52
v5_device jobs=4 rows=1093 cells=11408 direct=true graph_reused=false upload_ms=0.34 capture_ms=4.53 queue_ms=1.73 gpu_ms=0.01 unpack_ms=0.17 total_ms=6.77
v5_service device=1 lane=1 class=0 jobs=4 rows=1093 cells=11408 reach=10490 reverse=11408 table_mib=0.7 mutable_mib=28.0 max_job_mib=8.3 oldest_ms=160.25 pack_ms=0.55 solve_ms=6.82
v5_device jobs=3 rows=7588 cells=65592 direct=true graph_reused=false upload_ms=1.85 capture_ms=5.69 queue_ms=7.76 gpu_ms=0.01 unpack_ms=0.54 total_ms=15.86
v5_service device=1 lane=1 class=2 jobs=3 rows=7588 cells=65592 reach=65662 reverse=65592 table_mib=4.4 mutable_mib=256.0 max_job_mib=131.6 oldest_ms=167.89 pack_ms=2.91 solve_ms=15.93
v5_device jobs=28 rows=19611 cells=321959 direct=true graph_reused=false upload_ms=8.82 capture_ms=3.80 queue_ms=28.78 gpu_ms=0.01 unpack_ms=2.14 total_ms=43.54
v5_service device=1 lane=0 class=1 jobs=28 rows=19611 cells=321959 reach=276331 reverse=322056 table_mib=16.3 mutable_mib=608.0 max_job_mib=34.2 oldest_ms=79.99 pack_ms=9.89 solve_ms=43.60
v5_device jobs=10 rows=24146 cells=244722 direct=true graph_reused=false upload_ms=7.87 capture_ms=3.73 queue_ms=67.76 gpu_ms=0.01 unpack_ms=1.48 total_ms=80.84
v5_service device=0 lane=1 class=2 jobs=10 rows=24146 cells=244722 reach=226489 reverse=244749 table_mib=15.3 mutable_mib=768.0 max_job_mib=131.0 oldest_ms=76.78 pack_ms=8.36 solve_ms=80.89
v5_device jobs=52 rows=36688 cells=479997 direct=true graph_reused=false upload_ms=14.08 capture_ms=4.21 queue_ms=53.12 gpu_ms=0.01 unpack_ms=3.45 total_ms=74.87
v5_service device=0 lane=0 class=1 jobs=52 rows=36688 cells=479997 reach=423994 reverse=480702 table_mib=26.9 mutable_mib=1136.0 max_job_mib=34.4 oldest_ms=78.15 pack_ms=14.44 solve_ms=74.92
v5_device jobs=8 rows=2411 cells=32723 direct=true graph_reused=false upload_ms=0.73 capture_ms=4.06 queue_ms=7.07 gpu_ms=0.02 unpack_ms=0.41 total_ms=12.30
v5_service device=0 lane=0 class=0 jobs=8 rows=2411 cells=32723 reach=27642 reverse=32723 table_mib=1.9 mutable_mib=64.0 max_job_mib=8.8 oldest_ms=171.26 pack_ms=1.27 solve_ms=12.36
v5_device jobs=6 rows=12436 cells=187269 direct=true graph_reused=false upload_ms=4.14 capture_ms=3.73 queue_ms=91.93 gpu_ms=0.01 unpack_ms=1.11 total_ms=100.92
v5_service device=1 lane=0 class=2 jobs=6 rows=12436 cells=187269 reach=156692 reverse=187269 table_mib=9.7 mutable_mib=384.0 max_job_mib=68.7 oldest_ms=134.78 pack_ms=5.33 solve_ms=100.98
v5_device jobs=6 rows=12265 cells=143404 direct=true graph_reused=false upload_ms=3.18 capture_ms=3.34 queue_ms=18.54 gpu_ms=0.01 unpack_ms=1.17 total_ms=26.24
v5_service device=0 lane=0 class=2 jobs=6 rows=12265 cells=143404 reach=125026 reverse=143418 table_mib=8.4 mutable_mib=384.0 max_job_mib=68.4 oldest_ms=167.86 pack_ms=4.26 solve_ms=26.30
v5_device jobs=1 rows=372 cells=2821 direct=true graph_reused=false upload_ms=0.22 capture_ms=4.99 queue_ms=0.74 gpu_ms=0.00 unpack_ms=0.04 total_ms=6.00
v5_service device=1 lane=0 class=0 jobs=1 rows=372 cells=2821 reach=2842 reverse=2821 table_mib=0.2 mutable_mib=8.0 max_job_mib=8.3 oldest_ms=208.24 pack_ms=0.36 solve_ms=6.05
v5_device jobs=1 rows=90021 cells=478282 direct=true graph_reused=false upload_ms=50.34 capture_ms=3.44 queue_ms=84.75 gpu_ms=0.01 unpack_ms=4.90 total_ms=143.44
v5_service device=1 lane=1 class=3 jobs=1 rows=90021 cells=478282 reach=478306 reverse=478282 table_mib=43.6 mutable_mib=2048.0 max_job_mib=2107.8 oldest_ms=146.42 pack_ms=19.57 solve_ms=143.49
{"phase": "live", "seconds": 40.169, "solves": 48128, "solves_per_s": 1198.1, "oversize_routes": 0, "card_exclusive_routes": 0}
v5_device jobs=2 rows=65268 cells=306701 direct=true graph_reused=false upload_ms=17.11 capture_ms=3.61 queue_ms=109.32 gpu_ms=0.01 unpack_ms=2.51 total_ms=132.56
v5_service device=0 lane=0 class=3 jobs=2 rows=65268 cells=306701 reach=306952 reverse=306909 table_mib=30.7 mutable_mib=2048.0 max_job_mib=1045.7 oldest_ms=153.93 pack_ms=13.60 solve_ms=132.60
v5_device jobs=85 rows=64534 cells=818689 direct=true graph_reused=false upload_ms=45.13 capture_ms=3.40 queue_ms=117.96 gpu_ms=0.01 unpack_ms=5.54 total_ms=172.04
v5_service device=0 lane=1 class=1 jobs=85 rows=64534 cells=818689 reach=728032 reverse=818905 table_mib=46.4 mutable_mib=2000.0 max_job_mib=34.1 oldest_ms=176.14 pack_ms=28.16 solve_ms=172.10
v5_device jobs=12 rows=3713 cells=43698 direct=true graph_reused=false upload_ms=0.96 capture_ms=3.49 queue_ms=7.47 gpu_ms=0.01 unpack_ms=0.48 total_ms=12.40
v5_service device=0 lane=1 class=0 jobs=12 rows=3713 cells=43698 reach=38741 reverse=43698 table_mib=2.6 mutable_mib=96.0 max_job_mib=8.5 oldest_ms=389.32 pack_ms=1.48 solve_ms=12.45
v5_device jobs=46 rows=31989 cells=466949 direct=true graph_reused=false upload_ms=10.60 capture_ms=3.55 queue_ms=64.12 gpu_ms=0.02 unpack_ms=4.02 total_ms=82.30
v5_service device=1 lane=1 class=1 jobs=46 rows=31989 cells=466949 reach=401375 reverse=467081 table_mib=24.9 mutable_mib=976.0 max_job_mib=33.8 oldest_ms=79.85 pack_ms=12.64 solve_ms=82.36
v5_device jobs=1 rows=78675 cells=426073 direct=true graph_reused=false upload_ms=40.69 capture_ms=3.27 queue_ms=111.25 gpu_ms=0.01 unpack_ms=5.63 total_ms=160.86
v5_service device=1 lane=0 class=3 jobs=1 rows=78675 cells=426073 reach=426098 reverse=426073 table_mib=39.4 mutable_mib=2048.0 max_job_mib=2104.6 oldest_ms=196.33 pack_ms=19.37 solve_ms=160.91
v5_device jobs=3 rows=970 cells=18414 direct=true graph_reused=false upload_ms=0.42 capture_ms=3.91 queue_ms=3.38 gpu_ms=0.01 unpack_ms=0.26 total_ms=7.97
v5_service device=1 lane=1 class=0 jobs=3 rows=970 cells=18414 reach=16262 reverse=18414 table_mib=1.0 mutable_mib=24.0 max_job_mib=8.8 oldest_ms=179.54 pack_ms=0.75 solve_ms=8.02
v5_device jobs=8 rows=17468 cells=127906 direct=true graph_reused=false upload_ms=4.67 capture_ms=3.99 queue_ms=59.45 gpu_ms=0.01 unpack_ms=1.23 total_ms=69.35
v5_service device=1 lane=1 class=2 jobs=8 rows=17468 cells=127906 reach=127656 reverse=127906 table_mib=9.8 mutable_mib=576.0 max_job_mib=130.2 oldest_ms=188.97 pack_ms=4.98 solve_ms=69.41
v5_device jobs=1 rows=34281 cells=188458 direct=true graph_reused=false upload_ms=14.04 capture_ms=3.70 queue_ms=61.99 gpu_ms=0.02 unpack_ms=4.98 total_ms=84.73
v5_service device=1 lane=0 class=3 jobs=1 rows=34281 cells=188458 reach=188315 reverse=188458 table_mib=19.6 mutable_mib=1024.0 max_job_mib=1059.3 oldest_ms=368.23 pack_ms=10.98 solve_ms=84.79
v5_device jobs=40 rows=31272 cells=453650 direct=true graph_reused=false upload_ms=13.23 capture_ms=4.50 queue_ms=42.43 gpu_ms=0.01 unpack_ms=3.37 total_ms=63.54
v5_service device=0 lane=1 class=1 jobs=40 rows=31272 cells=453650 reach=397510 reverse=454181 table_mib=24.1 mutable_mib=912.0 max_job_mib=34.2 oldest_ms=79.08 pack_ms=11.12 solve_ms=63.60
v5_device jobs=44 rows=29068 cells=440706 direct=true graph_reused=false upload_ms=13.50 capture_ms=3.37 queue_ms=83.54 gpu_ms=0.02 unpack_ms=3.60 total_ms=104.02
v5_service device=0 lane=0 class=1 jobs=44 rows=29068 cells=440706 reach=383643 reverse=441888 table_mib=23.2 mutable_mib=912.0 max_job_mib=33.7 oldest_ms=79.12 pack_ms=11.70 solve_ms=104.08
v5_device jobs=3 rows=6552 cells=79618 direct=true graph_reused=false upload_ms=2.73 capture_ms=5.80 queue_ms=19.47 gpu_ms=0.01 unpack_ms=0.68 total_ms=28.70
v5_service device=0 lane=1 class=2 jobs=3 rows=6552 cells=79618 reach=72417 reverse=79618 table_mib=4.8 mutable_mib=256.0 max_job_mib=131.1 oldest_ms=157.71 pack_ms=3.64 solve_ms=28.76
v5_device jobs=3 rows=5258 cells=100443 direct=true graph_reused=false upload_ms=2.16 capture_ms=4.81 queue_ms=14.59 gpu_ms=0.01 unpack_ms=0.64 total_ms=22.21
v5_service device=0 lane=0 class=2 jobs=3 rows=5258 cells=100443 reach=94765 reverse=100455 table_mib=4.8 mutable_mib=192.0 max_job_mib=67.2 oldest_ms=199.17 pack_ms=3.42 solve_ms=22.26
v5_device jobs=2 rows=600 cells=4649 direct=true graph_reused=false upload_ms=0.25 capture_ms=7.44 queue_ms=5.80 gpu_ms=0.01 unpack_ms=0.10 total_ms=13.59
v5_service device=0 lane=1 class=0 jobs=2 rows=600 cells=4649 reach=4691 reverse=4649 table_mib=0.4 mutable_mib=16.0 max_job_mib=8.3 oldest_ms=189.37 pack_ms=0.41 solve_ms=13.66
v5_device jobs=8 rows=2594 cells=33387 direct=true graph_reused=false upload_ms=0.72 capture_ms=4.58 queue_ms=6.74 gpu_ms=0.01 unpack_ms=0.39 total_ms=12.43
v5_service device=0 lane=0 class=0 jobs=8 rows=2594 cells=33387 reach=29575 reverse=33387 table_mib=1.9 mutable_mib=64.0 max_job_mib=8.5 oldest_ms=222.99 pack_ms=1.34 solve_ms=12.48
v5_device jobs=51 rows=35007 cells=421158 direct=true graph_reused=false upload_ms=13.88 capture_ms=5.14 queue_ms=80.10 gpu_ms=0.01 unpack_ms=3.47 total_ms=102.60
v5_service device=1 lane=1 class=1 jobs=51 rows=35007 cells=421158 reach=380957 reverse=421192 table_mib=24.6 mutable_mib=1056.0 max_job_mib=33.9 oldest_ms=80.82 pack_ms=16.29 solve_ms=102.66
v5_device jobs=45 rows=36610 cells=598809 direct=true graph_reused=false upload_ms=18.38 capture_ms=3.68 queue_ms=64.87 gpu_ms=0.01 unpack_ms=5.07 total_ms=92.01
v5_service device=1 lane=0 class=1 jobs=45 rows=36610 cells=598809 reach=524106 reverse=599927 table_mib=30.6 mutable_mib=1056.0 max_job_mib=34.5 oldest_ms=82.70 pack_ms=20.59 solve_ms=92.06
v5_device jobs=3 rows=5812 cells=68539 direct=true graph_reused=false upload_ms=2.29 capture_ms=6.51 queue_ms=9.31 gpu_ms=0.01 unpack_ms=0.48 total_ms=18.59
v5_service device=1 lane=1 class=2 jobs=3 rows=5812 cells=68539 reach=62948 reverse=68553 table_mib=3.9 mutable_mib=192.0 max_job_mib=66.7 oldest_ms=207.15 pack_ms=3.22 solve_ms=18.63
v5_device jobs=2 rows=50326 cells=454190 direct=true graph_reused=false upload_ms=33.49 capture_ms=3.39 queue_ms=67.16 gpu_ms=0.02 unpack_ms=4.91 total_ms=108.96
v5_service device=0 lane=1 class=3 jobs=2 rows=50326 cells=454190 reach=451458 reverse=454190 table_mib=31.8 mutable_mib=1536.0 max_job_mib=1041.3 oldest_ms=163.41 pack_ms=19.07 solve_ms=109.02
v5_device jobs=5 rows=1461 cells=22083 direct=true graph_reused=false upload_ms=0.47 capture_ms=4.22 queue_ms=15.28 gpu_ms=0.01 unpack_ms=0.28 total_ms=20.26
v5_service device=1 lane=1 class=0 jobs=5 rows=1461 cells=22083 reach=18399 reverse=22083 table_mib=1.2 mutable_mib=36.0 max_job_mib=8.7 oldest_ms=229.33 pack_ms=0.74 solve_ms=20.30
v5_device jobs=8 rows=18392 cells=143624 direct=true graph_reused=false upload_ms=6.22 capture_ms=4.02 queue_ms=25.68 gpu_ms=0.01 unpack_ms=1.25 total_ms=37.18
v5_service device=1 lane=0 class=2 jobs=8 rows=18392 cells=143624 reach=147102 reverse=147001 table_mib=10.5 mutable_mib=640.0 max_job_mib=131.8 oldest_ms=200.55 pack_ms=7.53 solve_ms=37.23
v5_device jobs=54 rows=41228 cells=579250 direct=true graph_reused=false upload_ms=20.97 capture_ms=3.91 queue_ms=52.65 gpu_ms=0.02 unpack_ms=4.49 total_ms=82.05
v5_service device=0 lane=0 class=1 jobs=54 rows=41228 cells=579250 reach=501295 reverse=580222 table_mib=31.5 mutable_mib=1248.0 max_job_mib=34.0 oldest_ms=77.49 pack_ms=15.81 solve_ms=82.11
v5_device jobs=5 rows=1278 cells=20279 direct=true graph_reused=false upload_ms=0.45 capture_ms=3.64 queue_ms=3.38 gpu_ms=0.02 unpack_ms=0.21 total_ms=7.70
v5_service device=0 lane=0 class=0 jobs=5 rows=1278 cells=20279 reach=17392 reverse=20279 table_mib=1.0 mutable_mib=36.0 max_job_mib=8.7 oldest_ms=189.25 pack_ms=0.69 solve_ms=7.75
v5_device jobs=9 rows=21191 cells=318600 direct=true graph_reused=false upload_ms=14.83 capture_ms=4.58 queue_ms=65.04 gpu_ms=0.01 unpack_ms=1.74 total_ms=86.20
v5_service device=0 lane=0 class=2 jobs=9 rows=21191 cells=318600 reach=285833 reverse=319397 table_mib=16.5 mutable_mib=640.0 max_job_mib=135.5 oldest_ms=197.81 pack_ms=8.70 solve_ms=86.25
v5_device jobs=44 rows=31733 cells=457277 direct=true graph_reused=false upload_ms=21.16 capture_ms=4.59 queue_ms=45.58 gpu_ms=0.01 unpack_ms=3.00 total_ms=74.33
v5_service device=0 lane=1 class=1 jobs=44 rows=31733 cells=457277 reach=401978 reverse=457379 table_mib=24.4 mutable_mib=976.0 max_job_mib=34.0 oldest_ms=80.07 pack_ms=13.85 solve_ms=74.38
v5_device jobs=36 rows=25330 cells=294516 direct=true graph_reused=false upload_ms=12.30 capture_ms=3.85 queue_ms=70.31 gpu_ms=0.01 unpack_ms=2.90 total_ms=89.38
v5_service device=1 lane=1 class=1 jobs=36 rows=25330 cells=294516 reach=271420 reverse=295102 table_mib=17.4 mutable_mib=784.0 max_job_mib=34.2 oldest_ms=80.30 pack_ms=11.47 solve_ms=89.43
v5_device jobs=1 rows=87274 cells=514941 direct=true graph_reused=false upload_ms=49.54 capture_ms=3.57 queue_ms=102.15 gpu_ms=0.02 unpack_ms=5.36 total_ms=160.63
v5_service device=1 lane=0 class=3 jobs=1 rows=87274 cells=514941 reach=514965 reverse=514941 table_mib=43.5 mutable_mib=2048.0 max_job_mib=2106.5 oldest_ms=231.45 pack_ms=21.33 solve_ms=160.68
v5_device jobs=2 rows=634 cells=7443 direct=true graph_reused=false upload_ms=0.26 capture_ms=4.42 queue_ms=2.09 gpu_ms=0.01 unpack_ms=0.11 total_ms=6.87
v5_service device=1 lane=0 class=0 jobs=2 rows=634 cells=7443 reach=6231 reverse=7443 table_mib=0.4 mutable_mib=16.0 max_job_mib=8.3 oldest_ms=397.51 pack_ms=0.45 solve_ms=6.92
v5_device jobs=5 rows=11050 cells=138553 direct=true graph_reused=false upload_ms=4.39 capture_ms=3.70 queue_ms=15.95 gpu_ms=0.01 unpack_ms=0.82 total_ms=24.87
v5_service device=0 lane=1 class=2 jobs=5 rows=11050 cells=138553 reach=117804 reverse=138567 table_mib=7.7 mutable_mib=384.0 max_job_mib=131.3 oldest_ms=172.78 pack_ms=5.26 solve_ms=24.91
v5_device jobs=2 rows=507 cells=15763 direct=true graph_reused=false upload_ms=0.37 capture_ms=7.86 queue_ms=0.47 gpu_ms=0.01 unpack_ms=0.14 total_ms=8.85
v5_service device=1 lane=1 class=0 jobs=2 rows=507 cells=15763 reach=11654 reverse=15763 table_mib=0.6 mutable_mib=16.0 max_job_mib=8.7 oldest_ms=184.48 pack_ms=0.94 solve_ms=8.90
v5_device jobs=2 rows=3532 cells=63872 direct=true graph_reused=false upload_ms=1.48 capture_ms=6.26 queue_ms=7.30 gpu_ms=0.01 unpack_ms=0.52 total_ms=15.57
v5_service device=1 lane=1 class=2 jobs=2 rows=3532 cells=63872 reach=54063 reverse=63886 table_mib=3.1 mutable_mib=128.0 max_job_mib=66.7 oldest_ms=194.38 pack_ms=2.66 solve_ms=15.64
v5_device jobs=4 rows=1109 cells=19769 direct=true graph_reused=false upload_ms=0.40 capture_ms=4.46 queue_ms=42.16 gpu_ms=0.01 unpack_ms=0.20 total_ms=47.24
v5_service device=0 lane=1 class=0 jobs=4 rows=1109 cells=19769 reach=17167 reverse=19769 table_mib=1.0 mutable_mib=32.0 max_job_mib=8.6 oldest_ms=200.75 pack_ms=0.79 solve_ms=47.29
v5_device jobs=1 rows=55739 cells=473877 direct=true graph_reused=false upload_ms=19.11 capture_ms=3.40 queue_ms=55.58 gpu_ms=0.01 unpack_ms=1.98 total_ms=80.08
v5_service device=0 lane=0 class=3 jobs=1 rows=55739 cells=473877 reach=473901 reverse=473877 table_mib=31.7 mutable_mib=2048.0 max_job_mib=2091.1 oldest_ms=252.02 pack_ms=17.10 solve_ms=80.14
v5_device jobs=1 rows=21337 cells=174182 direct=true graph_reused=false upload_ms=7.55 capture_ms=3.78 queue_ms=31.50 gpu_ms=0.01 unpack_ms=1.81 total_ms=44.63
v5_service device=1 lane=0 class=3 jobs=1 rows=21337 cells=174182 reach=174037 reverse=174182 table_mib=13.1 mutable_mib=512.0 max_job_mib=533.2 oldest_ms=75.07 pack_ms=6.80 solve_ms=44.70
v5_device jobs=1 rows=43811 cells=335398 direct=true graph_reused=false upload_ms=14.52 capture_ms=6.59 queue_ms=64.68 gpu_ms=0.01 unpack_ms=2.14 total_ms=87.94
v5_service device=1 lane=1 class=3 jobs=1 rows=43811 cells=335398 reach=335419 reverse=335398 table_mib=24.0 mutable_mib=1024.0 max_job_mib=1056.2 oldest_ms=208.47 pack_ms=16.11 solve_ms=88.00
v5_device jobs=1 rows=30004 cells=733973 direct=true graph_reused=false upload_ms=20.09 capture_ms=3.34 queue_ms=47.54 gpu_ms=0.02 unpack_ms=3.75 total_ms=74.74
v5_service device=0 lane=1 class=3 jobs=1 rows=30004 cells=733973 reach=728574 reverse=733973 table_mib=32.0 mutable_mib=1024.0 max_job_mib=1068.3 oldest_ms=218.88 pack_ms=18.96 solve_ms=74.80
v5_device jobs=37 rows=23513 cells=354812 direct=true graph_reused=false upload_ms=10.47 capture_ms=3.64 queue_ms=33.47 gpu_ms=0.01 unpack_ms=2.54 total_ms=50.13
v5_service device=1 lane=0 class=1 jobs=37 rows=23513 cells=354812 reach=302922 reverse=355301 table_mib=18.6 mutable_mib=736.0 max_job_mib=34.2 oldest_ms=126.75 pack_ms=10.46 solve_ms=50.19
v5_device jobs=37 rows=30446 cells=430430 direct=true graph_reused=false upload_ms=15.15 capture_ms=3.24 queue_ms=41.27 gpu_ms=0.01 unpack_ms=2.92 total_ms=62.59
v5_service device=0 lane=0 class=1 jobs=37 rows=30446 cells=430430 reach=384035 reverse=430719 table_mib=23.2 mutable_mib=880.0 max_job_mib=34.1 oldest_ms=81.06 pack_ms=11.92 solve_ms=62.65
v5_device jobs=2 rows=366 cells=10870 direct=true graph_reused=false upload_ms=0.24 capture_ms=4.13 queue_ms=2.56 gpu_ms=0.01 unpack_ms=0.09 total_ms=7.02
v5_service device=0 lane=0 class=0 jobs=2 rows=366 cells=10870 reach=8811 reverse=10870 table_mib=0.5 mutable_mib=10.0 max_job_mib=8.6 oldest_ms=148.76 pack_ms=0.42 solve_ms=7.07
v5_device jobs=5 rows=13012 cells=197135 direct=true graph_reused=false upload_ms=4.11 capture_ms=3.51 queue_ms=19.10 gpu_ms=0.01 unpack_ms=1.17 total_ms=27.90
v5_service device=0 lane=0 class=2 jobs=5 rows=13012 cells=197135 reach=162229 reverse=197135 table_mib=10.2 mutable_mib=448.0 max_job_mib=133.0 oldest_ms=140.69 pack_ms=5.88 solve_ms=27.95
v5_device jobs=7 rows=16043 cells=289192 direct=true graph_reused=false upload_ms=9.14 capture_ms=3.74 queue_ms=61.70 gpu_ms=0.01 unpack_ms=1.92 total_ms=76.52
v5_service device=1 lane=0 class=2 jobs=7 rows=16043 cells=289192 reach=253607 reverse=289213 table_mib=14.2 mutable_mib=512.0 max_job_mib=130.8 oldest_ms=180.78 pack_ms=9.02 solve_ms=76.59
v5_device jobs=43 rows=30039 cells=380716 direct=true graph_reused=false upload_ms=13.30 capture_ms=3.89 queue_ms=45.55 gpu_ms=0.01 unpack_ms=3.34 total_ms=66.10
v5_service device=1 lane=1 class=1 jobs=43 rows=30039 cells=380716 reach=346587 reverse=380959 table_mib=22.0 mutable_mib=992.0 max_job_mib=33.4 oldest_ms=79.90 pack_ms=13.33 solve_ms=66.14
v5_device jobs=3 rows=785 cells=6004 direct=true graph_reused=false upload_ms=0.24 capture_ms=4.10 queue_ms=1.71 gpu_ms=0.01 unpack_ms=0.10 total_ms=6.16
v5_service device=1 lane=0 class=0 jobs=3 rows=785 cells=6004 reach=6064 reverse=6004 table_mib=0.5 mutable_mib=24.0 max_job_mib=8.2 oldest_ms=230.04 pack_ms=0.38 solve_ms=6.21
v5_device jobs=1 rows=13641 cells=305636 direct=true graph_reused=false upload_ms=8.18 capture_ms=3.59 queue_ms=22.07 gpu_ms=0.01 unpack_ms=1.04 total_ms=34.89
v5_service device=1 lane=1 class=3 jobs=1 rows=13641 cells=305636 reach=300174 reverse=305636 table_mib=13.8 mutable_mib=512.0 max_job_mib=531.0 oldest_ms=160.94 pack_ms=9.29 solve_ms=34.94
v5_device jobs=2 rows=62290 cells=505974 direct=true graph_reused=false upload_ms=36.08 capture_ms=3.56 queue_ms=58.11 gpu_ms=0.02 unpack_ms=3.18 total_ms=100.95
v5_service device=0 lane=1 class=3 jobs=2 rows=62290 cells=505974 reach=506017 reverse=505974 table_mib=34.7 mutable_mib=1536.0 max_job_mib=1058.1 oldest_ms=80.49 pack_ms=17.53 solve_ms=101.01
v5_device jobs=2 rows=6438 cells=44858 direct=true graph_reused=false upload_ms=1.35 capture_ms=3.60 queue_ms=9.60 gpu_ms=0.01 unpack_ms=0.40 total_ms=14.96
v5_service device=1 lane=1 class=2 jobs=2 rows=6438 cells=44858 reach=44900 reverse=44858 table_mib=3.4 mutable_mib=192.0 max_job_mib=131.0 oldest_ms=205.08 pack_ms=1.96 solve_ms=15.01
v5_device jobs=1 rows=130 cells=1155 direct=true graph_reused=false upload_ms=0.14 capture_ms=3.55 queue_ms=0.91 gpu_ms=0.00 unpack_ms=0.02 total_ms=4.63
v5_service device=1 lane=1 class=0 jobs=1 rows=130 cells=1155 reach=1174 reverse=1155 table_mib=0.1 mutable_mib=4.0 max_job_mib=4.1 oldest_ms=157.40 pack_ms=0.15 solve_ms=4.67
v5_device jobs=43 rows=30726 cells=430587 direct=true graph_reused=false upload_ms=11.64 capture_ms=3.56 queue_ms=41.30 gpu_ms=0.01 unpack_ms=3.42 total_ms=59.93
v5_service device=1 lane=0 class=1 jobs=43 rows=30726 cells=430587 reach=376713 reverse=430888 table_mib=23.4 mutable_mib=992.0 max_job_mib=33.9 oldest_ms=79.29 pack_ms=13.48 solve_ms=59.98
v5_device jobs=45 rows=31353 cells=439692 direct=true graph_reused=false upload_ms=13.68 capture_ms=3.51 queue_ms=79.04 gpu_ms=0.04 unpack_ms=4.18 total_ms=100.45
v5_service device=0 lane=0 class=1 jobs=45 rows=31353 cells=439692 reach=386752 reverse=440508 table_mib=23.7 mutable_mib=992.0 max_job_mib=33.9 oldest_ms=80.43 pack_ms=12.25 solve_ms=100.50
v5_device jobs=51 rows=36945 cells=455217 direct=true graph_reused=false upload_ms=16.49 capture_ms=4.25 queue_ms=62.86 gpu_ms=0.01 unpack_ms=4.92 total_ms=88.54
v5_service device=0 lane=1 class=1 jobs=51 rows=36945 cells=455217 reach=405204 reverse=455726 table_mib=26.3 mutable_mib=1104.0 max_job_mib=33.8 oldest_ms=200.54 pack_ms=21.39 solve_ms=88.59
v5_device jobs=4 rows=8429 cells=140884 direct=true graph_reused=false upload_ms=3.19 capture_ms=4.16 queue_ms=19.49 gpu_ms=0.01 unpack_ms=0.86 total_ms=27.72
v5_service device=0 lane=1 class=2 jobs=4 rows=8429 cells=140884 reach=124450 reverse=140912 table_mib=6.9 mutable_mib=256.0 max_job_mib=67.5 oldest_ms=311.07 pack_ms=4.49 solve_ms=27.77
v5_device jobs=5 rows=14599 cells=147932 direct=true graph_reused=false upload_ms=5.07 capture_ms=3.68 queue_ms=29.47 gpu_ms=0.01 unpack_ms=1.02 total_ms=39.24
v5_service device=0 lane=0 class=2 jobs=5 rows=14599 cells=147932 reach=134464 reverse=148777 table_mib=9.1 mutable_mib=448.0 max_job_mib=131.6 oldest_ms=197.63 pack_ms=4.86 solve_ms=39.28
v5_device jobs=10 rows=25515 cells=300331 direct=true graph_reused=false upload_ms=11.88 capture_ms=3.79 queue_ms=57.59 gpu_ms=0.01 unpack_ms=2.57 total_ms=75.85
v5_service device=1 lane=1 class=2 jobs=10 rows=25515 cells=300331 reach=269324 reverse=300390 table_mib=17.4 mutable_mib=832.0 max_job_mib=133.1 oldest_ms=76.64 pack_ms=8.51 solve_ms=75.90
v5_device jobs=8 rows=18638 cells=345795 direct=true graph_reused=false upload_ms=11.80 capture_ms=4.64 queue_ms=33.57 gpu_ms=0.02 unpack_ms=2.75 total_ms=52.78
v5_service device=1 lane=0 class=2 jobs=8 rows=18638 cells=345795 reach=315848 reverse=345905 table_mib=16.7 mutable_mib=576.0 max_job_mib=135.1 oldest_ms=158.64 pack_ms=10.36 solve_ms=52.82
v5_device jobs=3 rows=964 cells=9431 direct=true graph_reused=false upload_ms=0.39 capture_ms=3.98 queue_ms=2.91 gpu_ms=0.01 unpack_ms=0.18 total_ms=7.46
v5_service device=0 lane=0 class=0 jobs=3 rows=964 cells=9431 reach=9371 reverse=9431 table_mib=0.7 mutable_mib=24.0 max_job_mib=8.5 oldest_ms=243.06 pack_ms=0.68 solve_ms=7.51
v5_device jobs=1 rows=15096 cells=140124 direct=true graph_reused=false upload_ms=7.26 capture_ms=4.03 queue_ms=21.02 gpu_ms=0.02 unpack_ms=1.41 total_ms=33.73
v5_service device=0 lane=0 class=3 jobs=1 rows=15096 cells=140124 reach=139999 reverse=140124 table_mib=9.7 mutable_mib=512.0 max_job_mib=527.1 oldest_ms=203.08 pack_ms=6.08 solve_ms=33.78
v5_device jobs=1 rows=28269 cells=234029 direct=true graph_reused=false upload_ms=12.54 capture_ms=3.76 queue_ms=82.09 gpu_ms=0.01 unpack_ms=2.87 total_ms=101.27
v5_service device=1 lane=0 class=3 jobs=1 rows=28269 cells=234029 reach=233909 reverse=234029 table_mib=16.8 mutable_mib=1024.0 max_job_mib=1049.5 oldest_ms=196.82 pack_ms=12.03 solve_ms=101.33
v5_device jobs=4 rows=1243 cells=10787 direct=true graph_reused=false upload_ms=0.34 capture_ms=3.33 queue_ms=3.03 gpu_ms=0.01 unpack_ms=0.18 total_ms=6.88
v5_service device=1 lane=0 class=0 jobs=4 rows=1243 cells=10787 reach=10765 reverse=10787 table_mib=0.8 mutable_mib=32.0 max_job_mib=8.4 oldest_ms=294.06 pack_ms=0.64 solve_ms=6.94
v5_device jobs=61 rows=44003 cells=615798 direct=true graph_reused=false upload_ms=19.70 capture_ms=3.78 queue_ms=58.55 gpu_ms=0.01 unpack_ms=5.11 total_ms=87.15
v5_service device=1 lane=1 class=1 jobs=61 rows=44003 cells=615798 reach=548802 reverse=616347 table_mib=33.5 mutable_mib=1360.0 max_job_mib=34.5 oldest_ms=172.63 pack_ms=25.36 solve_ms=87.18
v5_device jobs=6 rows=1939 cells=39414 direct=true graph_reused=false upload_ms=0.86 capture_ms=5.48 queue_ms=5.17 gpu_ms=0.01 unpack_ms=0.43 total_ms=11.95
v5_service device=1 lane=1 class=0 jobs=6 rows=1939 cells=39414 reach=31736 reverse=39414 table_mib=2.0 mutable_mib=48.0 max_job_mib=8.9 oldest_ms=291.42 pack_ms=1.41 solve_ms=12.00
v5_device jobs=16 rows=12234 cells=145691 direct=true graph_reused=false upload_ms=3.70 capture_ms=3.89 queue_ms=24.92 gpu_ms=0.01 unpack_ms=1.49 total_ms=34.01
v5_service device=0 lane=0 class=1 jobs=16 rows=12234 cells=145691 reach=129931 reverse=145746 table_mib=8.8 mutable_mib=368.0 max_job_mib=34.3 oldest_ms=76.62 pack_ms=4.83 solve_ms=34.06
v5_device jobs=1 rows=352 cells=2510 direct=true graph_reused=false upload_ms=0.22 capture_ms=4.48 queue_ms=1.19 gpu_ms=0.01 unpack_ms=0.06 total_ms=5.94
v5_service device=0 lane=0 class=0 jobs=1 rows=352 cells=2510 reach=2444 reverse=2510 table_mib=0.2 mutable_mib=8.0 max_job_mib=8.3 oldest_ms=114.82 pack_ms=0.31 solve_ms=6.00
v5_device jobs=41 rows=28413 cells=313783 direct=true graph_reused=false upload_ms=19.00 capture_ms=4.04 queue_ms=59.35 gpu_ms=0.01 unpack_ms=3.82 total_ms=86.23
v5_service device=0 lane=1 class=1 jobs=41 rows=28413 cells=313783 reach=329890 reverse=352565 table_mib=20.3 mutable_mib=928.0 max_job_mib=34.2 oldest_ms=78.24 pack_ms=12.76 solve_ms=86.27
v5_device jobs=1 rows=45100 cells=299006 direct=true graph_reused=false upload_ms=17.14 capture_ms=3.77 queue_ms=40.86 gpu_ms=0.02 unpack_ms=2.18 total_ms=63.97
v5_service device=1 lane=1 class=3 jobs=1 rows=45100 cells=299006 reach=299025 reverse=299006 table_mib=23.0 mutable_mib=1024.0 max_job_mib=1054.4 oldest_ms=302.64 pack_ms=13.18 solve_ms=64.02
v5_device jobs=39 rows=27208 cells=401903 direct=true graph_reused=false upload_ms=16.18 capture_ms=3.71 queue_ms=42.15 gpu_ms=0.01 unpack_ms=3.76 total_ms=65.81
v5_service device=1 lane=0 class=1 jobs=39 rows=27208 cells=401903 reach=414419 reverse=465926 table_mib=23.0 mutable_mib=848.0 max_job_mib=34.9 oldest_ms=81.08 pack_ms=15.43 solve_ms=65.87
v5_device jobs=1 rows=41277 cells=1069538 direct=true graph_reused=false upload_ms=46.26 capture_ms=3.43 queue_ms=57.01 gpu_ms=0.03 unpack_ms=5.23 total_ms=111.95
v5_service device=0 lane=0 class=3 jobs=1 rows=41277 cells=1069538 reach=857101 reverse=1069538 table_mib=43.8 mutable_mib=1024.0 max_job_mib=1085.5 oldest_ms=116.09 pack_ms=26.37 solve_ms=112.00
v5_device jobs=6 rows=16912 cells=90329 direct=true graph_reused=false upload_ms=13.39 capture_ms=4.09 queue_ms=83.84 gpu_ms=0.02 unpack_ms=15.37 total_ms=116.72
v5_service device=0 lane=1 class=2 jobs=6 rows=16912 cells=90329 reach=360630 reverse=360933 table_mib=15.1 mutable_mib=512.0 max_job_mib=131.4 oldest_ms=190.74 pack_ms=13.20 solve_ms=116.77
v5_device jobs=5 rows=1477 cells=20094 direct=true graph_reused=false upload_ms=0.54 capture_ms=4.87 queue_ms=3.87 gpu_ms=0.01 unpack_ms=0.23 total_ms=9.53
v5_service device=0 lane=1 class=0 jobs=5 rows=1477 cells=20094 reach=17885 reverse=20094 table_mib=1.1 mutable_mib=40.0 max_job_mib=8.6 oldest_ms=313.82 pack_ms=0.86 solve_ms=9.59
v5_device jobs=4 rows=8723 cells=169556 direct=true graph_reused=false upload_ms=4.81 capture_ms=3.85 queue_ms=51.50 gpu_ms=0.01 unpack_ms=0.93 total_ms=61.10
v5_service device=1 lane=0 class=2 jobs=4 rows=8723 cells=169556 reach=136201 reverse=170462 table_mib=7.8 mutable_mib=320.0 max_job_mib=133.3 oldest_ms=186.99 pack_ms=5.05 solve_ms=61.17
v5_device jobs=38 rows=30286 cells=415027 direct=true graph_reused=false upload_ms=14.36 capture_ms=3.95 queue_ms=42.64 gpu_ms=0.01 unpack_ms=3.71 total_ms=64.67
v5_service device=1 lane=1 class=1 jobs=38 rows=30286 cells=415027 reach=360176 reverse=415230 table_mib=22.9 mutable_mib=928.0 max_job_mib=34.4 oldest_ms=80.71 pack_ms=15.79 solve_ms=64.74
v5_device jobs=3 rows=797 cells=6786 direct=true graph_reused=false upload_ms=0.31 capture_ms=5.75 queue_ms=0.60 gpu_ms=0.01 unpack_ms=0.13 total_ms=6.79
v5_service device=1 lane=0 class=0 jobs=3 rows=797 cells=6786 reach=6841 reverse=6786 table_mib=0.5 mutable_mib=20.0 max_job_mib=8.3 oldest_ms=237.05 pack_ms=0.51 solve_ms=6.84
v5_device jobs=3 rows=5519 cells=82957 direct=true graph_reused=false upload_ms=1.69 capture_ms=4.06 queue_ms=10.07 gpu_ms=0.01 unpack_ms=0.55 total_ms=16.40
v5_service device=1 lane=1 class=2 jobs=3 rows=5519 cells=82957 reach=76152 reverse=82957 table_mib=4.3 mutable_mib=192.0 max_job_mib=67.0 oldest_ms=152.11 pack_ms=2.45 solve_ms=16.45
v5_device jobs=2 rows=1881 cells=14749 direct=true graph_reused=false upload_ms=0.60 capture_ms=13.38 queue_ms=0.87 gpu_ms=0.01 unpack_ms=0.24 total_ms=15.10
v5_service device=0 lane=1 class=1 jobs=2 rows=1881 cells=14749 reach=14664 reverse=14749 table_mib=1.1 mutable_mib=64.0 max_job_mib=33.0 oldest_ms=75.32 pack_ms=1.17 solve_ms=15.19
v5_device jobs=2 rows=641 cells=7486 direct=true graph_reused=false upload_ms=0.28 capture_ms=4.77 queue_ms=2.38 gpu_ms=0.01 unpack_ms=0.13 total_ms=7.56
v5_service device=1 lane=1 class=0 jobs=2 rows=641 cells=7486 reach=7375 reverse=7494 table_mib=0.5 mutable_mib=16.0 max_job_mib=8.5 oldest_ms=172.02 pack_ms=0.44 solve_ms=7.61
v5_device jobs=1 rows=26284 cells=263900 direct=true graph_reused=false upload_ms=10.91 capture_ms=3.76 queue_ms=28.39 gpu_ms=0.01 unpack_ms=0.99 total_ms=44.06
v5_service device=1 lane=1 class=3 jobs=1 rows=26284 cells=263900 reach=263924 reverse=263900 table_mib=16.2 mutable_mib=1024.0 max_job_mib=1046.1 oldest_ms=178.27 pack_ms=10.66 solve_ms=44.12
v5_device jobs=29 rows=23130 cells=360198 direct=true graph_reused=false upload_ms=13.45 capture_ms=3.52 queue_ms=38.48 gpu_ms=0.01 unpack_ms=3.00 total_ms=58.46
v5_service device=1 lane=0 class=1 jobs=29 rows=23130 cells=360198 reach=453358 reverse=504474 table_mib=22.2 mutable_mib=704.0 max_job_mib=35.5 oldest_ms=78.74 pack_ms=12.51 solve_ms=58.51
v5_device jobs=7 rows=18747 cells=140970 direct=true graph_reused=false upload_ms=4.92 capture_ms=3.66 queue_ms=21.18 gpu_ms=0.01 unpack_ms=1.13 total_ms=30.91
v5_service device=1 lane=0 class=2 jobs=7 rows=18747 cells=140970 reach=141418 reverse=141258 table_mib=10.3 mutable_mib=640.0 max_job_mib=130.5 oldest_ms=154.65 pack_ms=5.82 solve_ms=30.97
v5_device jobs=2 rows=522 cells=10335 direct=true graph_reused=false upload_ms=0.20 capture_ms=3.55 queue_ms=37.68 gpu_ms=0.01 unpack_ms=0.15 total_ms=41.59
v5_service device=1 lane=0 class=0 jobs=2 rows=522 cells=10335 reach=8217 reverse=10335 table_mib=0.5 mutable_mib=16.0 max_job_mib=8.4 oldest_ms=181.58 pack_ms=0.54 solve_ms=41.64
v5_device jobs=46 rows=34598 cells=341284 direct=true graph_reused=false upload_ms=18.10 capture_ms=3.83 queue_ms=51.20 gpu_ms=0.01 unpack_ms=3.67 total_ms=76.81
v5_service device=1 lane=1 class=1 jobs=46 rows=34598 cells=341284 reach=511638 reverse=538916 table_mib=27.2 mutable_mib=1056.0 max_job_mib=38.1 oldest_ms=80.82 pack_ms=16.79 solve_ms=76.88
v5_device jobs=1 rows=37731 cells=186154 direct=true graph_reused=false upload_ms=10.17 capture_ms=3.49 queue_ms=35.61 gpu_ms=0.01 unpack_ms=1.16 total_ms=50.45
v5_service device=1 lane=1 class=3 jobs=1 rows=37731 cells=186154 reach=186173 reverse=186154 table_mib=17.8 mutable_mib=1024.0 max_job_mib=1047.5 oldest_ms=183.62 pack_ms=9.56 solve_ms=50.51
v5_device jobs=3 rows=7728 cells=28142 direct=true graph_reused=false upload_ms=3.59 capture_ms=3.69 queue_ms=13.91 gpu_ms=0.01 unpack_ms=0.60 total_ms=21.81
v5_service device=1 lane=1 class=2 jobs=3 rows=7728 cells=28142 reach=135022 reverse=134980 table_mib=6.2 mutable_mib=256.0 max_job_mib=133.9 oldest_ms=243.30 pack_ms=4.35 solve_ms=21.86
v5_device jobs=3 rows=837 cells=8271 direct=true graph_reused=false upload_ms=0.29 capture_ms=4.17 queue_ms=1.10 gpu_ms=0.01 unpack_ms=0.14 total_ms=5.71
v5_service device=1 lane=1 class=0 jobs=3 rows=837 cells=8271 reach=8335 reverse=8271 table_mib=0.5 mutable_mib=20.0 max_job_mib=8.3 oldest_ms=247.57 pack_ms=0.48 solve_ms=5.77
v5_device jobs=1 rows=97140 cells=2923273 direct=true graph_reused=false upload_ms=118.69 capture_ms=3.23 queue_ms=184.11 gpu_ms=2.92 unpack_ms=32.75 total_ms=341.70
v5_service device=0 lane=0 class=31 jobs=1 rows=97140 cells=2923273 reach=2418085 reverse=2923273 table_mib=115.5 mutable_mib=4096.0 max_job_mib=4259.3 oldest_ms=363.57 pack_ms=67.68 solve_ms=341.80
v5_device jobs=48 rows=36818 cells=360472 direct=true graph_reused=false upload_ms=39.59 capture_ms=3.69 queue_ms=52.68 gpu_ms=0.01 unpack_ms=4.20 total_ms=100.17
v5_service device=1 lane=0 class=1 jobs=48 rows=36818 cells=360472 reach=698055 reverse=727937 table_mib=32.5 mutable_mib=1152.0 max_job_mib=35.7 oldest_ms=78.36 pack_ms=21.66 solve_ms=100.24
v5_device jobs=6 rows=1909 cells=36302 direct=true graph_reused=false upload_ms=0.72 capture_ms=4.56 queue_ms=36.25 gpu_ms=0.01 unpack_ms=0.35 total_ms=41.88
v5_service device=1 lane=0 class=0 jobs=6 rows=1909 cells=36302 reach=29611 reverse=36330 table_mib=1.8 mutable_mib=48.0 max_job_mib=8.8 oldest_ms=207.44 pack_ms=1.28 solve_ms=41.95
v5_device jobs=31 rows=20764 cells=350524 direct=true graph_reused=false upload_ms=11.25 capture_ms=3.67 queue_ms=32.30 gpu_ms=0.01 unpack_ms=2.54 total_ms=49.77
v5_service device=1 lane=1 class=1 jobs=31 rows=20764 cells=350524 reach=367999 reverse=417967 table_mib=19.0 mutable_mib=656.0 max_job_mib=35.3 oldest_ms=79.01 pack_ms=10.73 solve_ms=49.83
v5_device jobs=3 rows=974 cells=8980 direct=true graph_reused=false upload_ms=0.33 capture_ms=4.65 queue_ms=2.60 gpu_ms=0.01 unpack_ms=0.17 total_ms=7.76
v5_service device=1 lane=1 class=0 jobs=3 rows=974 cells=8980 reach=8855 reverse=8980 table_mib=0.7 mutable_mib=24.0 max_job_mib=8.5 oldest_ms=135.07 pack_ms=0.52 solve_ms=7.81
v5_device jobs=2 rows=8852 cells=106832 direct=true graph_reused=false upload_ms=2.19 capture_ms=3.65 queue_ms=41.08 gpu_ms=195.73 unpack_ms=0.88 total_ms=243.53
v5_service device=1 lane=1 class=2 jobs=2 rows=8852 cells=106832 reach=97984 reverse=107004 table_mib=6.0 mutable_mib=320.0 max_job_mib=261.1 oldest_ms=123.75 pack_ms=3.38 solve_ms=243.58
v5_device jobs=20 rows=6036 cells=97335 direct=true graph_reused=false upload_ms=4.32 capture_ms=4.08 queue_ms=21.10 gpu_ms=218.71 unpack_ms=1.48 total_ms=249.69
v5_service device=0 lane=1 class=0 jobs=20 rows=6036 cells=97335 reach=157192 reverse=176019 table_mib=7.0 mutable_mib=160.0 max_job_mib=9.8 oldest_ms=76.47 pack_ms=5.43 solve_ms=249.74
v5_device jobs=1 rows=31690 cells=134659 direct=true graph_reused=false upload_ms=10.35 capture_ms=3.65 queue_ms=51.46 gpu_ms=190.33 unpack_ms=4.44 total_ms=260.23
v5_service device=1 lane=0 class=3 jobs=1 rows=31690 cells=134659 reach=134597 reverse=134659 table_mib=16.6 mutable_mib=1024.0 max_job_mib=1053.6 oldest_ms=238.47 pack_ms=8.78 solve_ms=260.27
v5_device jobs=7 rows=17571 cells=127080 direct=true graph_reused=false upload_ms=5.56 capture_ms=3.81 queue_ms=50.03 gpu_ms=9.62 unpack_ms=1.09 total_ms=70.11
v5_service device=1 lane=0 class=2 jobs=7 rows=17571 cells=127080 reach=127129 reverse=127114 table_mib=9.6 mutable_mib=576.0 max_job_mib=131.1 oldest_ms=502.37 pack_ms=5.78 solve_ms=70.16
v5_device jobs=1 rows=40821 cells=148239 direct=true graph_reused=false upload_ms=10.93 capture_ms=3.48 queue_ms=47.44 gpu_ms=9.69 unpack_ms=1.57 total_ms=73.11
v5_service device=1 lane=1 class=3 jobs=1 rows=40821 cells=148239 reach=148271 reverse=148253 table_mib=17.6 mutable_mib=1024.0 max_job_mib=1047.7 oldest_ms=349.88 pack_ms=9.52 solve_ms=73.16
v5_device jobs=49 rows=34854 cells=456366 direct=true graph_reused=false upload_ms=107.09 capture_ms=6.52 queue_ms=46.34 gpu_ms=149.94 unpack_ms=4.43 total_ms=314.31
v5_service device=0 lane=0 class=1 jobs=49 rows=34854 cells=456366 reach=452694 reverse=513488 table_mib=27.4 mutable_mib=1056.0 max_job_mib=33.5 oldest_ms=81.80 pack_ms=16.40 solve_ms=314.37
v5_device jobs=4 rows=1128 cells=14991 direct=true graph_reused=false upload_ms=0.39 capture_ms=3.17 queue_ms=3.63 gpu_ms=0.01 unpack_ms=0.23 total_ms=7.43
v5_service device=0 lane=0 class=0 jobs=4 rows=1128 cells=14991 reach=12862 reverse=14991 table_mib=0.9 mutable_mib=28.0 max_job_mib=8.5 oldest_ms=415.50 pack_ms=0.61 solve_ms=7.48
v5_device jobs=5 rows=10255 cells=121776 direct=true graph_reused=false upload_ms=3.20 capture_ms=3.54 queue_ms=14.19 gpu_ms=0.01 unpack_ms=0.81 total_ms=21.75
v5_service device=0 lane=0 class=2 jobs=5 rows=10255 cells=121776 reach=108594 reverse=121804 table_mib=7.0 mutable_mib=320.0 max_job_mib=66.6 oldest_ms=418.27 pack_ms=3.72 solve_ms=21.81
v5_device jobs=1 rows=19853 cells=97760 direct=true graph_reused=false upload_ms=4.28 capture_ms=3.45 queue_ms=20.47 gpu_ms=0.01 unpack_ms=0.51 total_ms=28.71
v5_service device=0 lane=0 class=3 jobs=1 rows=19853 cells=97760 reach=97780 reverse=97760 table_mib=9.4 mutable_mib=512.0 max_job_mib=524.6 oldest_ms=390.48 pack_ms=5.36 solve_ms=28.77
v5_device jobs=25 rows=7337 cells=67336 direct=true graph_reused=false upload_ms=4.59 capture_ms=3.64 queue_ms=20.26 gpu_ms=0.01 unpack_ms=1.10 total_ms=29.59
v5_service device=1 lane=0 class=0 jobs=25 rows=7337 cells=67336 reach=221463 reverse=230732 table_mib=8.7 mutable_mib=196.0 max_job_mib=9.4 oldest_ms=76.08 pack_ms=4.97 solve_ms=29.65
v5_device jobs=33 rows=22837 cells=270612 direct=true graph_reused=false upload_ms=21.57 capture_ms=3.74 queue_ms=50.92 gpu_ms=0.01 unpack_ms=3.92 total_ms=80.17
v5_service device=1 lane=1 class=1 jobs=33 rows=22837 cells=270612 reach=788306 reverse=827909 table_mib=29.5 mutable_mib=736.0 max_job_mib=36.0 oldest_ms=79.54 pack_ms=17.79 solve_ms=80.22
v5_device jobs=5 rows=12652 cells=83918 direct=true graph_reused=false upload_ms=3.80 capture_ms=3.89 queue_ms=15.61 gpu_ms=0.01 unpack_ms=0.84 total_ms=24.15
v5_service device=1 lane=1 class=2 jobs=5 rows=12652 cells=83918 reach=83829 reverse=83944 table_mib=6.8 mutable_mib=384.0 max_job_mib=131.6 oldest_ms=181.43 pack_ms=4.00 solve_ms=24.21
v5_device jobs=2 rows=631 cells=4842 direct=true graph_reused=false upload_ms=0.21 capture_ms=4.11 queue_ms=0.84 gpu_ms=0.01 unpack_ms=0.10 total_ms=5.27
v5_service device=1 lane=1 class=0 jobs=2 rows=631 cells=4842 reach=4879 reverse=4842 table_mib=0.4 mutable_mib=16.0 max_job_mib=8.3 oldest_ms=197.05 pack_ms=0.30 solve_ms=5.33
v5_device jobs=10 rows=26451 cells=263389 direct=true graph_reused=false upload_ms=31.14 capture_ms=3.55 queue_ms=45.17 gpu_ms=1.54 unpack_ms=2.87 total_ms=84.26
v5_service device=0 lane=0 class=2 jobs=10 rows=26451 cells=263389 reach=629272 reverse=653315 table_mib=26.5 mutable_mib=960.0 max_job_mib=261.2 oldest_ms=77.16 pack_ms=15.46 solve_ms=84.33
v5_device jobs=107 rows=78068 cells=847566 direct=true graph_reused=false upload_ms=112.91 capture_ms=4.20 queue_ms=151.20 gpu_ms=7.16 unpack_ms=10.12 total_ms=285.59
v5_service device=0 lane=1 class=1 jobs=107 rows=78068 cells=847566 reach=1332564 reverse=1419466 table_mib=66.2 mutable_mib=2448.0 max_job_mib=42.7 oldest_ms=346.88 pack_ms=40.88 solve_ms=285.65
v5_device jobs=1 rows=17406 cells=398851 direct=true graph_reused=false upload_ms=10.95 capture_ms=3.36 queue_ms=28.58 gpu_ms=0.02 unpack_ms=2.01 total_ms=44.92
v5_service device=1 lane=1 class=3 jobs=1 rows=17406 cells=398851 reach=394801 reverse=398851 table_mib=17.8 mutable_mib=512.0 max_job_mib=537.0 oldest_ms=199.37 pack_ms=11.61 solve_ms=44.98
v5_device jobs=9 rows=20694 cells=116028 direct=true graph_reused=false upload_ms=13.27 capture_ms=5.06 queue_ms=31.22 gpu_ms=0.02 unpack_ms=1.89 total_ms=51.46
v5_service device=0 lane=1 class=2 jobs=9 rows=20694 cells=116028 reach=291206 reverse=292342 table_mib=15.0 mutable_mib=576.0 max_job_mib=68.1 oldest_ms=683.13 pack_ms=10.66 solve_ms=51.52
v5_device jobs=61 rows=42347 cells=547649 direct=true graph_reused=false upload_ms=61.03 capture_ms=3.53 queue_ms=75.17 gpu_ms=0.01 unpack_ms=5.94 total_ms=145.68
v5_service device=0 lane=0 class=1 jobs=61 rows=42347 cells=547649 reach=1153835 reverse=1240109 table_mib=47.8 mutable_mib=1408.0 max_job_mib=36.8 oldest_ms=183.70 pack_ms=36.37 solve_ms=145.74
v5_device jobs=44 rows=32024 cells=330305 direct=true graph_reused=false upload_ms=21.76 capture_ms=3.72 queue_ms=54.60 gpu_ms=0.02 unpack_ms=4.99 total_ms=85.09
v5_service device=1 lane=1 class=1 jobs=44 rows=32024 cells=330305 reach=706630 reverse=742481 table_mib=30.9 mutable_mib=1008.0 max_job_mib=37.5 oldest_ms=81.11 pack_ms=22.82 solve_ms=85.15
v5_device jobs=9 rows=2782 cells=19325 direct=true graph_reused=false upload_ms=0.99 capture_ms=4.83 queue_ms=46.89 gpu_ms=0.01 unpack_ms=0.38 total_ms=53.10
v5_service device=0 lane=0 class=0 jobs=9 rows=2782 cells=19325 reach=38732 reverse=39251 table_mib=2.1 mutable_mib=72.0 max_job_mib=8.9 oldest_ms=371.17 pack_ms=1.60 solve_ms=53.16
v5_device jobs=3 rows=68397 cells=652241 direct=true graph_reused=false upload_ms=52.67 capture_ms=4.81 queue_ms=89.74 gpu_ms=0.02 unpack_ms=7.23 total_ms=154.48
v5_service device=0 lane=1 class=3 jobs=3 rows=68397 cells=652241 reach=648204 reverse=652241 table_mib=43.8 mutable_mib=2048.0 max_job_mib=1046.4 oldest_ms=729.64 pack_ms=29.67 solve_ms=154.53
v5_device jobs=1 rows=33913 cells=742363 direct=true graph_reused=false upload_ms=37.67 capture_ms=3.47 queue_ms=56.92 gpu_ms=0.01 unpack_ms=3.83 total_ms=101.91
v5_service device=0 lane=0 class=3 jobs=1 rows=33913 cells=742363 reach=736134 reverse=742363 table_mib=34.7 mutable_mib=1024.0 max_job_mib=1076.5 oldest_ms=419.45 pack_ms=21.51 solve_ms=101.97
v5_device jobs=7 rows=2033 cells=34013 direct=true graph_reused=false upload_ms=1.09 capture_ms=5.25 queue_ms=216.09 gpu_ms=0.01 unpack_ms=0.40 total_ms=222.84
v5_service device=1 lane=1 class=0 jobs=7 rows=2033 cells=34013 reach=56100 reverse=62405 table_mib=2.4 mutable_mib=56.0 max_job_mib=9.3 oldest_ms=194.95 pack_ms=1.56 solve_ms=222.90
v5_device jobs=5 rows=8913 cells=62288 direct=true graph_reused=false upload_ms=7.08 capture_ms=6.59 queue_ms=17.95 gpu_ms=0.01 unpack_ms=1.13 total_ms=32.78
v5_service device=1 lane=1 class=2 jobs=5 rows=8913 cells=62288 reach=255252 reverse=261938 table_mib=10.0 mutable_mib=320.0 max_job_mib=68.9 oldest_ms=426.19 pack_ms=9.79 solve_ms=32.87
v5_device jobs=25 rows=6873 cells=70941 direct=true graph_reused=false upload_ms=4.71 capture_ms=3.69 queue_ms=35.34 gpu_ms=0.01 unpack_ms=1.25 total_ms=45.00
v5_service device=0 lane=0 class=0 jobs=25 rows=6873 cells=70941 reach=275576 reverse=292314 table_mib=10.2 mutable_mib=188.0 max_job_mib=9.8 oldest_ms=76.22 pack_ms=5.89 solve_ms=45.05
v5_device jobs=49 rows=31565 cells=222621 direct=true graph_reused=false upload_ms=48.00 capture_ms=4.12 queue_ms=85.15 gpu_ms=0.03 unpack_ms=6.66 total_ms=143.95
v5_service device=0 lane=1 class=1 jobs=49 rows=31565 cells=222621 reach=1174008 reverse=1203626 table_mib=42.1 mutable_mib=1024.0 max_job_mib=36.9 oldest_ms=78.07 pack_ms=23.16 solve_ms=144.01
v5_device jobs=3 rows=801 cells=3644 direct=true graph_reused=false upload_ms=0.66 capture_ms=5.85 queue_ms=2.54 gpu_ms=0.01 unpack_ms=0.23 total_ms=9.30
v5_service device=0 lane=1 class=0 jobs=3 rows=801 cells=3644 reach=24966 reverse=24927 table_mib=0.9 mutable_mib=20.0 max_job_mib=8.7 oldest_ms=248.81 pack_ms=4.40 solve_ms=9.35
v5_device jobs=187 rows=129647 cells=1338294 direct=true graph_reused=false upload_ms=214.86 capture_ms=3.45 queue_ms=292.17 gpu_ms=0.03 unpack_ms=40.60 total_ms=551.11
v5_service device=1 lane=0 class=1 jobs=187 rows=129647 cells=1338294 reach=4370638 reverse=4552687 table_mib=163.4 mutable_mib=4016.0 max_job_mib=40.1 oldest_ms=129.73 pack_ms=121.97 solve_ms=551.16
v5_device jobs=6 rows=11709 cells=161243 direct=true graph_reused=false upload_ms=15.02 capture_ms=4.85 queue_ms=29.88 gpu_ms=0.03 unpack_ms=3.27 total_ms=53.05
v5_service device=0 lane=1 class=2 jobs=6 rows=11709 cells=161243 reach=450325 reverse=485953 table_mib=16.6 mutable_mib=448.0 max_job_mib=136.6 oldest_ms=253.72 pack_ms=11.47 solve_ms=53.14
v5_device jobs=28 rows=18334 cells=144284 direct=true graph_reused=false upload_ms=31.01 capture_ms=3.95 queue_ms=54.53 gpu_ms=0.02 unpack_ms=4.57 total_ms=94.08
v5_service device=1 lane=1 class=1 jobs=28 rows=18334 cells=144284 reach=730104 reverse=747372 table_mib=25.6 mutable_mib=656.0 max_job_mib=39.3 oldest_ms=82.20 pack_ms=27.59 solve_ms=94.13
v5_device jobs=1 rows=38561 cells=1072091 direct=true graph_reused=false upload_ms=54.97 capture_ms=4.79 queue_ms=82.58 gpu_ms=0.02 unpack_ms=6.76 total_ms=149.11
v5_service device=0 lane=1 class=3 jobs=1 rows=38561 cells=1072091 reach=816840 reverse=1072091 table_mib=44.0 mutable_mib=1024.0 max_job_mib=1088.7 oldest_ms=278.36 pack_ms=38.64 solve_ms=149.16
v5_device jobs=5 rows=13592 cells=114887 direct=true graph_reused=false upload_ms=13.16 capture_ms=4.35 queue_ms=83.18 gpu_ms=0.02 unpack_ms=4.37 total_ms=105.09
v5_service device=1 lane=1 class=2 jobs=5 rows=13592 cells=114887 reach=392401 reverse=395960 table_mib=14.9 mutable_mib=512.0 max_job_mib=261.8 oldest_ms=218.02 pack_ms=15.86 solve_ms=105.15
v5_device jobs=3 rows=951 cells=3163 direct=true graph_reused=false upload_ms=0.84 capture_ms=5.86 queue_ms=4.38 gpu_ms=0.01 unpack_ms=0.22 total_ms=11.31
v5_service device=1 lane=1 class=0 jobs=3 rows=951 cells=3163 reach=37181 reverse=37325 table_mib=1.3 mutable_mib=24.0 max_job_mib=9.1 oldest_ms=316.42 pack_ms=1.31 solve_ms=11.39
v5_device jobs=29 rows=68191 cells=627951 direct=true graph_reused=false upload_ms=86.38 capture_ms=3.89 queue_ms=126.98 gpu_ms=0.02 unpack_ms=9.70 total_ms=226.96
v5_service device=1 lane=0 class=2 jobs=29 rows=68191 cells=627951 reach=1220220 reverse=1272415 table_mib=58.5 mutable_mib=2304.0 max_job_mib=261.0 oldest_ms=831.22 pack_ms=60.65 solve_ms=227.02
v5_device jobs=29 rows=8567 cells=35288 direct=true graph_reused=false upload_ms=9.20 capture_ms=4.13 queue_ms=23.31 gpu_ms=0.02 unpack_ms=1.50 total_ms=38.15
v5_service device=0 lane=1 class=0 jobs=29 rows=8567 cells=35288 reach=333928 reverse=339907 table_mib=11.9 mutable_mib=224.0 max_job_mib=9.6 oldest_ms=76.74 pack_ms=9.25 solve_ms=38.22
v5_device jobs=1 rows=56425 cells=240605 direct=true graph_reused=false upload_ms=19.16 capture_ms=5.00 queue_ms=103.44 gpu_ms=0.01 unpack_ms=2.36 total_ms=129.98
v5_service device=1 lane=1 class=3 jobs=1 rows=56425 cells=240605 reach=240623 reverse=240605 table_mib=25.5 mutable_mib=2048.0 max_job_mib=2082.0 oldest_ms=370.33 pack_ms=17.48 solve_ms=130.04
v5_device jobs=2 rows=63286 cells=775612 direct=true graph_reused=false upload_ms=48.67 capture_ms=3.86 queue_ms=94.59 gpu_ms=0.01 unpack_ms=4.89 total_ms=152.02
v5_service device=1 lane=0 class=3 jobs=2 rows=63286 cells=775612 reach=642142 reverse=775612 table_mib=43.1 mutable_mib=2560.0 max_job_mib=2079.5 oldest_ms=1122.66 pack_ms=24.37 solve_ms=152.07
v5_device jobs=36 rows=26318 cells=149637 direct=true graph_reused=false upload_ms=61.87 capture_ms=3.46 queue_ms=65.77 gpu_ms=0.02 unpack_ms=5.70 total_ms=136.82
v5_service device=1 lane=0 class=1 jobs=36 rows=26318 cells=149637 reach=1512940 reverse=1534268 table_mib=47.8 mutable_mib=816.0 max_job_mib=38.5 oldest_ms=82.64 pack_ms=34.70 solve_ms=136.88
v5_device jobs=3 rows=758 cells=5488 direct=true graph_reused=false upload_ms=0.75 capture_ms=4.16 queue_ms=7.64 gpu_ms=0.01 unpack_ms=0.21 total_ms=12.77
v5_service device=1 lane=0 class=0 jobs=3 rows=758 cells=5488 reach=48081 reverse=48747 table_mib=1.5 mutable_mib=20.0 max_job_mib=9.8 oldest_ms=279.24 pack_ms=1.24 solve_ms=12.83
v5_device jobs=4 rows=8054 cells=113215 direct=true graph_reused=false upload_ms=13.63 capture_ms=3.52 queue_ms=38.31 gpu_ms=0.01 unpack_ms=1.68 total_ms=57.15
v5_service device=1 lane=0 class=2 jobs=4 rows=8054 cells=113215 reach=583961 reverse=606455 table_mib=18.0 mutable_mib=320.0 max_job_mib=132.7 oldest_ms=295.31 pack_ms=11.18 solve_ms=57.21
v5_device jobs=20 rows=44800 cells=242619 direct=true graph_reused=false upload_ms=149.62 capture_ms=4.07 queue_ms=357.14 gpu_ms=0.02 unpack_ms=6.66 total_ms=517.50
v5_service device=0 lane=1 class=2 jobs=20 rows=44800 cells=242619 reach=1572782 reverse=1605981 table_mib=57.0 mutable_mib=1408.0 max_job_mib=136.6 oldest_ms=137.07 pack_ms=46.23 solve_ms=517.57
v5_device jobs=199 rows=138959 cells=980036 direct=true graph_reused=false upload_ms=312.04 capture_ms=3.07 queue_ms=434.16 gpu_ms=0.03 unpack_ms=34.42 total_ms=783.73
v5_service device=0 lane=0 class=1 jobs=199 rows=138959 cells=980036 reach=6649026 reverse=6825090 table_mib=222.5 mutable_mib=4384.0 max_job_mib=38.3 oldest_ms=165.66 pack_ms=269.01 solve_ms=783.79
v5_device jobs=1 rows=70242 cells=1144889 direct=true graph_reused=false upload_ms=58.32 capture_ms=3.47 queue_ms=94.54 gpu_ms=0.03 unpack_ms=13.36 total_ms=169.71
v5_service device=1 lane=0 class=3 jobs=1 rows=70242 cells=1144889 reach=1135576 reverse=1144910 table_mib=57.8 mutable_mib=2048.0 max_job_mib=2129.3 oldest_ms=337.29 pack_ms=24.53 solve_ms=169.78
v5_device jobs=9 rows=43015 cells=99913 direct=true graph_reused=false upload_ms=166.86 capture_ms=4.11 queue_ms=191.89 gpu_ms=0.03 unpack_ms=27.32 total_ms=390.20
v5_service device=1 lane=1 class=2 jobs=9 rows=43015 cells=99913 reach=3718965 reverse=3723672 table_mib=105.1 mutable_mib=1280.0 max_job_mib=304.4 oldest_ms=88.83 pack_ms=112.09 solve_ms=390.26
v5_device jobs=8 rows=2369 cells=5299 direct=true graph_reused=false upload_ms=2.38 capture_ms=3.94 queue_ms=11.63 gpu_ms=0.02 unpack_ms=0.52 total_ms=18.48
v5_service device=1 lane=1 class=0 jobs=8 rows=2369 cells=5299 reach=98975 reverse=98956 table_mib=3.4 mutable_mib=64.0 max_job_mib=9.5 oldest_ms=596.19 pack_ms=3.43 solve_ms=18.54
v5_device jobs=28 rows=18496 cells=138073 direct=true graph_reused=false upload_ms=56.32 capture_ms=3.68 queue_ms=55.98 gpu_ms=0.02 unpack_ms=4.84 total_ms=120.84
v5_service device=1 lane=0 class=1 jobs=28 rows=18496 cells=138073 reach=1136262 reverse=1165815 table_mib=35.9 mutable_mib=608.0 max_job_mib=36.2 oldest_ms=82.71 pack_ms=34.49 solve_ms=120.90
v5_device jobs=5 rows=19778 cells=145161 direct=true graph_reused=false upload_ms=16.77 capture_ms=3.62 queue_ms=153.22 gpu_ms=0.01 unpack_ms=1.22 total_ms=174.85
v5_service device=1 lane=0 class=2 jobs=5 rows=19778 cells=145161 reach=254489 reverse=257749 table_mib=13.9 mutable_mib=512.0 max_job_mib=265.8 oldest_ms=258.24 pack_ms=9.03 solve_ms=174.90
v5_device jobs=31 rows=78385 cells=437081 direct=true graph_reused=false upload_ms=154.72 capture_ms=3.49 queue_ms=199.93 gpu_ms=0.01 unpack_ms=16.16 total_ms=374.32
v5_service device=0 lane=0 class=2 jobs=31 rows=78385 cells=437081 reach=3091821 reverse=3136511 table_mib=106.9 mutable_mib=2624.0 max_job_mib=266.1 oldest_ms=1247.52 pack_ms=94.51 solve_ms=374.39
v5_device jobs=1 rows=21802 cells=114716 direct=true graph_reused=false upload_ms=8.43 capture_ms=3.83 queue_ms=32.87 gpu_ms=0.01 unpack_ms=1.98 total_ms=47.13
v5_service device=1 lane=0 class=3 jobs=1 rows=21802 cells=114716 reach=114623 reverse=114716 table_mib=12.1 mutable_mib=512.0 max_job_mib=532.5 oldest_ms=443.65 pack_ms=7.39 solve_ms=47.20
v5_device jobs=76 rows=53870 cells=312804 direct=true graph_reused=false upload_ms=135.67 capture_ms=4.95 queue_ms=192.14 gpu_ms=0.03 unpack_ms=15.76 total_ms=348.55
v5_service device=1 lane=1 class=1 jobs=76 rows=53870 cells=312804 reach=3072720 reverse=3124607 table_mib=97.4 mutable_mib=1696.0 max_job_mib=41.3 oldest_ms=653.85 pack_ms=87.90 solve_ms=348.61
v5_device jobs=4 rows=1215 cells=3568 direct=true graph_reused=false upload_ms=0.64 capture_ms=3.53 queue_ms=4.51 gpu_ms=0.01 unpack_ms=0.20 total_ms=8.89
v5_service device=1 lane=0 class=0 jobs=4 rows=1215 cells=3568 reach=31738 reverse=33047 table_mib=1.3 mutable_mib=32.0 max_job_mib=8.6 oldest_ms=498.47 pack_ms=1.03 solve_ms=8.94
v5_device jobs=1 rows=19760 cells=102112 direct=true graph_reused=false upload_ms=7.76 capture_ms=3.83 queue_ms=31.30 gpu_ms=0.02 unpack_ms=2.17 total_ms=45.07
v5_service device=1 lane=1 class=3 jobs=1 rows=19760 cells=102112 reach=102011 reverse=102112 table_mib=11.1 mutable_mib=512.0 max_job_mib=531.9 oldest_ms=1088.34 pack_ms=7.36 solve_ms=45.14
v5_device jobs=172 rows=119581 cells=856276 direct=true graph_reused=false upload_ms=288.68 capture_ms=3.16 queue_ms=350.39 gpu_ms=0.03 unpack_ms=38.39 total_ms=680.65
v5_service device=0 lane=1 class=1 jobs=172 rows=119581 cells=856276 reach=6494286 reverse=6653769 table_mib=210.3 mutable_mib=3872.0 max_job_mib=37.8 oldest_ms=729.66 pack_ms=259.16 solve_ms=680.71
v5_device jobs=2 rows=38705 cells=184604 direct=true graph_reused=false upload_ms=118.85 capture_ms=3.47 queue_ms=165.21 gpu_ms=0.02 unpack_ms=40.16 total_ms=327.71
v5_service device=0 lane=0 class=3 jobs=2 rows=38705 cells=184604 reach=2833010 reverse=2834122 table_mib=81.8 mutable_mib=1536.0 max_job_mib=1043.0 oldest_ms=1746.02 pack_ms=58.46 solve_ms=327.77
v5_device jobs=1 rows=34176 cells=323034 direct=true graph_reused=false upload_ms=96.39 capture_ms=4.32 queue_ms=195.19 gpu_ms=0.03 unpack_ms=33.13 total_ms=329.06
v5_service device=1 lane=1 class=3 jobs=1 rows=34176 cells=323034 reach=2710503 reverse=2773536 table_mib=80.0 mutable_mib=1024.0 max_job_mib=1137.9 oldest_ms=1127.94 pack_ms=40.40 solve_ms=329.11
v5_device jobs=1 rows=34972 cells=211507 direct=true graph_reused=false upload_ms=116.41 capture_ms=3.41 queue_ms=259.72 gpu_ms=0.02 unpack_ms=37.13 total_ms=416.70
v5_service device=1 lane=0 class=3 jobs=1 rows=34972 cells=211507 reach=2776473 reverse=2812359 table_mib=80.8 mutable_mib=1024.0 max_job_mib=1140.4 oldest_ms=456.65 pack_ms=49.69 solve_ms=416.75
v5_device jobs=2 rows=44970 cells=1142304 direct=true graph_reused=false upload_ms=79.21 capture_ms=4.27 queue_ms=83.35 gpu_ms=0.02 unpack_ms=8.08 total_ms=174.93
v5_service device=0 lane=1 class=3 jobs=2 rows=44970 cells=1142304 reach=1752927 reverse=1948127 table_mib=67.8 mutable_mib=1536.0 max_job_mib=1083.5 oldest_ms=1691.05 pack_ms=47.99 solve_ms=174.99
v5_device jobs=2 rows=63386 cells=200184 direct=true graph_reused=false upload_ms=111.52 capture_ms=3.77 queue_ms=103.13 gpu_ms=0.02 unpack_ms=8.39 total_ms=226.84
v5_service device=0 lane=0 class=3 jobs=2 rows=63386 cells=200184 reach=2104400 reverse=2106512 table_mib=77.2 mutable_mib=1536.0 max_job_mib=1063.2 oldest_ms=2127.97 pack_ms=61.90 solve_ms=226.90
v5_device jobs=42 rows=26707 cells=161510 direct=true graph_reused=false upload_ms=53.38 capture_ms=3.40 queue_ms=70.74 gpu_ms=0.02 unpack_ms=5.66 total_ms=133.21
v5_service device=1 lane=1 class=1 jobs=42 rows=26707 cells=161510 reach=1375351 reverse=1403818 table_mib=44.9 mutable_mib=832.0 max_job_mib=36.7 oldest_ms=81.21 pack_ms=28.10 solve_ms=133.27
v5_device jobs=9 rows=2641 cells=13366 direct=true graph_reused=false upload_ms=1.77 capture_ms=6.65 queue_ms=30.15 gpu_ms=0.01 unpack_ms=0.36 total_ms=38.94
v5_service device=1 lane=1 class=0 jobs=9 rows=2641 cells=13366 reach=78111 reverse=84141 table_mib=3.2 mutable_mib=68.0 max_job_mib=9.0 oldest_ms=249.55 pack_ms=2.85 solve_ms=39.00
v5_device jobs=2 rows=4535 cells=61555 direct=true graph_reused=false upload_ms=1.85 capture_ms=3.56 queue_ms=11.37 gpu_ms=0.01 unpack_ms=0.57 total_ms=17.36
v5_service device=1 lane=1 class=2 jobs=2 rows=4535 cells=61555 reach=90201 reverse=100339 table_mib=4.5 mutable_mib=128.0 max_job_mib=68.4 oldest_ms=247.96 pack_ms=2.67 solve_ms=17.42
v5_device jobs=38 rows=23847 cells=134520 direct=true graph_reused=false upload_ms=69.49 capture_ms=3.52 queue_ms=78.30 gpu_ms=0.02 unpack_ms=7.13 total_ms=158.47
v5_service device=1 lane=0 class=1 jobs=38 rows=23847 cells=134520 reach=1707668 reverse=1735991 table_mib=51.7 mutable_mib=880.0 max_job_mib=37.5 oldest_ms=81.02 pack_ms=33.21 solve_ms=158.53
v5_device jobs=11 rows=3447 cells=13852 direct=true graph_reused=false upload_ms=2.58 capture_ms=3.52 queue_ms=11.60 gpu_ms=0.01 unpack_ms=0.55 total_ms=18.26
v5_service device=1 lane=0 class=0 jobs=11 rows=3447 cells=13852 reach=126201 reverse=128764 table_mib=4.6 mutable_mib=88.0 max_job_mib=9.0 oldest_ms=276.43 pack_ms=3.54 solve_ms=18.32
v5_device jobs=7 rows=11852 cells=94681 direct=true graph_reused=false upload_ms=52.26 capture_ms=4.62 queue_ms=56.57 gpu_ms=0.02 unpack_ms=5.24 total_ms=118.71
v5_service device=0 lane=1 class=2 jobs=7 rows=11852 cells=94681 reach=1312579 reverse=1338575 table_mib=36.6 mutable_mib=512.0 max_job_mib=140.3 oldest_ms=77.33 pack_ms=21.28 solve_ms=118.77
v5_device jobs=2 rows=4317 cells=48412 direct=true graph_reused=false upload_ms=1.48 capture_ms=3.37 queue_ms=10.73 gpu_ms=0.02 unpack_ms=0.32 total_ms=15.92
v5_service device=1 lane=0 class=2 jobs=2 rows=4317 cells=48412 reach=57187 reverse=65014 table_mib=3.5 mutable_mib=128.0 max_job_mib=66.7 oldest_ms=291.00 pack_ms=2.40 solve_ms=15.97
v5_device jobs=27 rows=19866 cells=88368 direct=true graph_reused=false upload_ms=49.56 capture_ms=3.67 queue_ms=58.69 gpu_ms=0.02 unpack_ms=4.66 total_ms=116.60
v5_service device=0 lane=0 class=1 jobs=27 rows=19866 cells=88368 reach=1133179 reverse=1151386 table_mib=35.9 mutable_mib=624.0 max_job_mib=39.1 oldest_ms=83.11 pack_ms=24.98 solve_ms=116.66
v5_device jobs=3 rows=932 cells=2041 direct=true graph_reused=false upload_ms=0.84 capture_ms=4.37 queue_ms=7.80 gpu_ms=0.01 unpack_ms=0.28 total_ms=13.31
v5_service device=0 lane=0 class=0 jobs=3 rows=932 cells=2041 reach=55407 reverse=55403 table_mib=1.7 mutable_mib=24.0 max_job_mib=9.3 oldest_ms=226.66 pack_ms=1.25 solve_ms=13.35
v5_device jobs=22 rows=6310 cells=26784 direct=true graph_reused=false upload_ms=5.21 capture_ms=3.68 queue_ms=64.10 gpu_ms=0.01 unpack_ms=0.90 total_ms=73.91
v5_service device=1 lane=0 class=0 jobs=22 rows=6310 cells=26784 reach=227239 reverse=235572 table_mib=8.5 mutable_mib=168.0 max_job_mib=9.4 oldest_ms=75.96 pack_ms=5.74 solve_ms=73.95
v5_device jobs=26 rows=17913 cells=98086 direct=true graph_reused=false upload_ms=48.32 capture_ms=5.23 queue_ms=52.19 gpu_ms=0.02 unpack_ms=4.87 total_ms=110.62
v5_service device=1 lane=1 class=1 jobs=26 rows=17913 cells=98086 reach=1269140 reverse=1297259 table_mib=38.6 mutable_mib=624.0 max_job_mib=37.0 oldest_ms=82.17 pack_ms=22.20 solve_ms=110.68
v5_device jobs=3 rows=10324 cells=30839 direct=true graph_reused=false upload_ms=8.03 capture_ms=4.15 queue_ms=80.96 gpu_ms=0.01 unpack_ms=2.14 total_ms=95.30
v5_service device=0 lane=0 class=2 jobs=3 rows=10324 cells=30839 reach=330850 reverse=336773 table_mib=12.4 mutable_mib=384.0 max_job_mib=262.5 oldest_ms=241.31 pack_ms=8.36 solve_ms=95.37
v5_device jobs=40 rows=28647 cells=167181 direct=true graph_reused=false upload_ms=80.65 capture_ms=5.74 queue_ms=105.49 gpu_ms=0.03 unpack_ms=8.04 total_ms=199.96
v5_service device=0 lane=1 class=1 jobs=40 rows=28647 cells=167181 reach=1920299 reverse=1956413 table_mib=59.1 mutable_mib=928.0 max_job_mib=37.5 oldest_ms=225.25 pack_ms=42.01 solve_ms=200.03
v5_device jobs=8 rows=2209 cells=7233 direct=true graph_reused=false upload_ms=3.51 capture_ms=9.61 queue_ms=8.05 gpu_ms=0.02 unpack_ms=0.54 total_ms=21.73
v5_service device=0 lane=1 class=0 jobs=8 rows=2209 cells=7233 reach=100074 reverse=100935 table_mib=3.4 mutable_mib=64.0 max_job_mib=9.0 oldest_ms=462.23 pack_ms=3.79 solve_ms=21.80
v5_device jobs=5 rows=16556 cells=136796 direct=true graph_reused=false upload_ms=51.78 capture_ms=3.78 queue_ms=49.23 gpu_ms=0.02 unpack_ms=4.15 total_ms=108.95
v5_service device=1 lane=1 class=2 jobs=5 rows=16556 cells=136796 reach=1141614 reverse=1169227 table_mib=34.8 mutable_mib=576.0 max_job_mib=281.6 oldest_ms=231.73 pack_ms=22.90 solve_ms=109.01
v5_device jobs=4 rows=954 cells=5340 direct=true graph_reused=false upload_ms=0.89 capture_ms=4.06 queue_ms=10.26 gpu_ms=0.01 unpack_ms=0.24 total_ms=15.45
v5_service device=1 lane=1 class=0 jobs=4 rows=954 cells=5340 reach=49329 reverse=50555 table_mib=1.7 mutable_mib=32.0 max_job_mib=9.4 oldest_ms=363.70 pack_ms=1.20 solve_ms=15.50
v5_device jobs=20 rows=12994 cells=59843 direct=true graph_reused=false upload_ms=16.90 capture_ms=4.99 queue_ms=44.58 gpu_ms=0.02 unpack_ms=2.45 total_ms=68.95
v5_service device=0 lane=1 class=1 jobs=20 rows=12994 cells=59843 reach=669272 reverse=680319 table_mib=21.9 mutable_mib=432.0 max_job_mib=35.5 oldest_ms=84.25 pack_ms=15.14 solve_ms=69.01
v5_device jobs=6 rows=13339 cells=58215 direct=true graph_reused=false upload_ms=45.00 capture_ms=3.37 queue_ms=77.38 gpu_ms=0.02 unpack_ms=4.12 total_ms=129.88
v5_service device=0 lane=0 class=2 jobs=6 rows=13339 cells=58215 reach=1107907 reverse=1117199 table_mib=32.0 mutable_mib=448.0 max_job_mib=138.1 oldest_ms=83.15 pack_ms=20.66 solve_ms=129.92
v5_device jobs=4 rows=974 cells=4434 direct=true graph_reused=false upload_ms=0.68 capture_ms=4.64 queue_ms=3.44 gpu_ms=0.01 unpack_ms=0.25 total_ms=9.02
v5_service device=0 lane=1 class=0 jobs=4 rows=974 cells=4434 reach=30997 reverse=32066 table_mib=1.2 mutable_mib=28.0 max_job_mib=8.7 oldest_ms=169.74 pack_ms=1.11 solve_ms=9.08
v5_device jobs=15 rows=10715 cells=43524 direct=true graph_reused=false upload_ms=18.25 capture_ms=3.43 queue_ms=62.44 gpu_ms=0.01 unpack_ms=2.24 total_ms=86.37
v5_service device=0 lane=0 class=1 jobs=15 rows=10715 cells=43524 reach=722805 reverse=731782 table_mib=22.0 mutable_mib=336.0 max_job_mib=38.6 oldest_ms=235.02 pack_ms=14.53 solve_ms=86.44
v5_device jobs=7 rows=13487 cells=53831 direct=true graph_reused=false upload_ms=32.27 capture_ms=5.11 queue_ms=38.76 gpu_ms=0.01 unpack_ms=1.82 total_ms=77.97
v5_service device=0 lane=1 class=2 jobs=7 rows=13487 cells=53831 reach=565273 reverse=572338 table_mib=19.4 mutable_mib=512.0 max_job_mib=132.3 oldest_ms=181.25 pack_ms=15.18 solve_ms=78.03
v5_device jobs=4 rows=1302 cells=4212 direct=true graph_reused=false upload_ms=1.23 capture_ms=3.34 queue_ms=15.98 gpu_ms=0.01 unpack_ms=0.38 total_ms=20.94
v5_service device=0 lane=0 class=0 jobs=4 rows=1302 cells=4212 reach=80739 reverse=82334 table_mib=2.5 mutable_mib=32.0 max_job_mib=10.4 oldest_ms=334.63 pack_ms=1.65 solve_ms=20.99
v5_device jobs=39 rows=27431 cells=124847 direct=true graph_reused=false upload_ms=80.49 capture_ms=3.34 queue_ms=92.43 gpu_ms=0.02 unpack_ms=7.18 total_ms=183.46
v5_service device=1 lane=1 class=1 jobs=39 rows=27431 cells=124847 reach=1921388 reverse=1947850 table_mib=58.2 mutable_mib=944.0 max_job_mib=37.8 oldest_ms=79.47 pack_ms=32.74 solve_ms=183.52
v5_device jobs=1 rows=20463 cells=25119 direct=true graph_reused=false upload_ms=17.53 capture_ms=3.51 queue_ms=32.39 gpu_ms=0.02 unpack_ms=2.38 total_ms=55.83
v5_service device=0 lane=0 class=3 jobs=1 rows=20463 cells=25119 reach=544913 reverse=544904 table_mib=21.5 mutable_mib=512.0 max_job_mib=540.5 oldest_ms=319.38 pack_ms=13.75 solve_ms=55.89
v5_device jobs=4 rows=1325 cells=6633 direct=true graph_reused=false upload_ms=49.06 capture_ms=3.54 queue_ms=15.81 gpu_ms=0.01 unpack_ms=0.42 total_ms=68.84
v5_service device=1 lane=1 class=0 jobs=4 rows=1325 cells=6633 reach=104571 reverse=105725 table_mib=3.1 mutable_mib=32.0 max_job_mib=9.6 oldest_ms=298.88 pack_ms=2.13 solve_ms=68.90
v5_device jobs=20 rows=12537 cells=66412 direct=true graph_reused=false upload_ms=55.45 capture_ms=4.15 queue_ms=61.00 gpu_ms=0.01 unpack_ms=4.27 total_ms=124.87
v5_service device=0 lane=1 class=1 jobs=20 rows=12537 cells=66412 reach=1217739 reverse=1231266 table_mib=34.6 mutable_mib=432.0 max_job_mib=44.2 oldest_ms=82.60 pack_ms=27.57 solve_ms=124.94
v5_device jobs=2 rows=445 cells=1664 direct=true graph_reused=false upload_ms=0.26 capture_ms=3.90 queue_ms=2.38 gpu_ms=0.01 unpack_ms=0.05 total_ms=6.60
v5_service device=0 lane=1 class=0 jobs=2 rows=445 cells=1664 reach=7641 reverse=7949 table_mib=0.4 mutable_mib=16.0 max_job_mib=8.3 oldest_ms=235.27 pack_ms=0.46 solve_ms=6.65
v5_device jobs=4 rows=8588 cells=40404 direct=true graph_reused=false upload_ms=23.49 capture_ms=4.52 queue_ms=75.88 gpu_ms=0.02 unpack_ms=1.57 total_ms=105.47
v5_service device=0 lane=1 class=2 jobs=4 rows=8588 cells=40404 reach=462743 reverse=469902 table_mib=14.7 mutable_mib=320.0 max_job_mib=130.1 oldest_ms=243.47 pack_ms=10.35 solve_ms=105.54
v5_device jobs=39 rows=25329 cells=135160 direct=true graph_reused=false upload_ms=74.89 capture_ms=4.14 queue_ms=82.29 gpu_ms=0.02 unpack_ms=6.90 total_ms=168.25
v5_service device=0 lane=0 class=1 jobs=39 rows=25329 cells=135160 reach=1803227 reverse=1834128 table_mib=54.5 mutable_mib=800.0 max_job_mib=45.5 oldest_ms=79.78 pack_ms=33.42 solve_ms=168.31
v5_device jobs=9 rows=2356 cells=6380 direct=true graph_reused=false upload_ms=2.12 capture_ms=3.41 queue_ms=14.58 gpu_ms=0.01 unpack_ms=0.51 total_ms=20.62
v5_service device=0 lane=0 class=0 jobs=9 rows=2356 cells=6380 reach=125299 reverse=125930 table_mib=4.1 mutable_mib=68.0 max_job_mib=9.0 oldest_ms=311.12 pack_ms=3.97 solve_ms=20.69
v5_device jobs=9 rows=19473 cells=89358 direct=true graph_reused=false upload_ms=46.71 capture_ms=4.57 queue_ms=252.03 gpu_ms=0.02 unpack_ms=3.79 total_ms=307.11
v5_service device=1 lane=1 class=2 jobs=9 rows=19473 cells=89358 reach=1146453 reverse=1158720 table_mib=35.9 mutable_mib=576.0 max_job_mib=75.4 oldest_ms=373.05 pack_ms=22.89 solve_ms=307.16
v5_device jobs=24 rows=7182 cells=27860 direct=true graph_reused=false upload_ms=7.49 capture_ms=3.46 queue_ms=27.88 gpu_ms=0.01 unpack_ms=1.31 total_ms=40.16
v5_service device=1 lane=1 class=0 jobs=24 rows=7182 cells=27860 reach=381031 reverse=388979 table_mib=12.5 mutable_mib=192.0 max_job_mib=9.8 oldest_ms=75.96 pack_ms=7.04 solve_ms=40.22
v5_device jobs=153 rows=106330 cells=551124 direct=true graph_reused=false upload_ms=329.84 capture_ms=3.62 queue_ms=427.36 gpu_ms=0.03 unpack_ms=41.89 total_ms=802.73
v5_service device=1 lane=0 class=1 jobs=153 rows=106330 cells=551124 reach=7530197 reverse=7648914 table_mib=228.2 mutable_mib=3376.0 max_job_mib=39.9 oldest_ms=193.45 pack_ms=187.30 solve_ms=802.79
v5_device jobs=37 rows=27531 cells=122257 direct=true graph_reused=false upload_ms=62.70 capture_ms=4.00 queue_ms=92.43 gpu_ms=0.04 unpack_ms=7.58 total_ms=166.75
v5_service device=0 lane=0 class=1 jobs=37 rows=27531 cells=122257 reach=1457966 reverse=1483130 table_mib=47.3 mutable_mib=816.0 max_job_mib=37.1 oldest_ms=78.62 pack_ms=30.74 solve_ms=166.80
v5_device jobs=42 rows=27219 cells=130951 direct=true graph_reused=false upload_ms=91.78 capture_ms=3.56 queue_ms=140.63 gpu_ms=0.03 unpack_ms=14.66 total_ms=250.66
v5_service device=0 lane=1 class=1 jobs=42 rows=27219 cells=130951 reach=1946586 reverse=1974732 table_mib=58.9 mutable_mib=928.0 max_job_mib=38.7 oldest_ms=80.35 pack_ms=35.32 solve_ms=250.72
v5_device jobs=4 rows=6870 cells=47280 direct=true graph_reused=false upload_ms=24.21 capture_ms=5.07 queue_ms=40.93 gpu_ms=0.02 unpack_ms=1.87 total_ms=72.11
v5_service device=0 lane=1 class=2 jobs=4 rows=6870 cells=47280 reach=484032 reverse=495156 table_mib=14.7 mutable_mib=256.0 max_job_mib=71.9 oldest_ms=375.23 pack_ms=28.08 solve_ms=72.16
v5_device jobs=8 rows=15703 cells=45533 direct=true graph_reused=false upload_ms=25.20 capture_ms=3.87 queue_ms=48.17 gpu_ms=0.02 unpack_ms=3.07 total_ms=80.33
v5_service device=0 lane=0 class=2 jobs=8 rows=15703 cells=45533 reach=697250 reverse=701233 table_mib=23.3 mutable_mib=512.0 max_job_mib=70.7 oldest_ms=309.80 pack_ms=16.31 solve_ms=80.38
v5_device jobs=3 rows=987 cells=2067 direct=true graph_reused=false upload_ms=0.74 capture_ms=3.69 queue_ms=18.24 gpu_ms=0.01 unpack_ms=0.18 total_ms=22.86
v5_service device=0 lane=1 class=0 jobs=3 rows=987 cells=2067 reach=36671 reverse=36646 table_mib=1.3 mutable_mib=24.0 max_job_mib=8.8 oldest_ms=475.89 pack_ms=1.03 solve_ms=22.91
v5_device jobs=7 rows=1793 cells=11536 direct=true graph_reused=false upload_ms=1.90 capture_ms=5.05 queue_ms=12.75 gpu_ms=0.01 unpack_ms=0.42 total_ms=20.12
v5_service device=0 lane=0 class=0 jobs=7 rows=1793 cells=11536 reach=93409 reverse=96801 table_mib=3.2 mutable_mib=56.0 max_job_mib=9.7 oldest_ms=405.28 pack_ms=2.37 solve_ms=20.16
v5_device jobs=19 rows=5551 cells=22808 direct=true graph_reused=false upload_ms=5.85 capture_ms=4.24 queue_ms=44.36 gpu_ms=0.01 unpack_ms=1.14 total_ms=55.60
v5_service device=0 lane=0 class=0 jobs=19 rows=5551 cells=22808 reach=279832 reverse=284822 table_mib=9.3 mutable_mib=152.0 max_job_mib=9.4 oldest_ms=76.17 pack_ms=5.99 solve_ms=55.65
v5_device jobs=1 rows=40200 cells=72767 direct=true graph_reused=false upload_ms=70.31 capture_ms=3.79 queue_ms=84.18 gpu_ms=0.03 unpack_ms=6.64 total_ms=164.95
v5_service device=0 lane=1 class=3 jobs=1 rows=40200 cells=72767 reach=1446826 reverse=1446817 table_mib=50.6 mutable_mib=1024.0 max_job_mib=1093.3 oldest_ms=477.89 pack_ms=36.34 solve_ms=165.00
v5_device jobs=20 rows=11646 cells=54571 direct=true graph_reused=false upload_ms=43.48 capture_ms=3.55 queue_ms=51.84 gpu_ms=0.02 unpack_ms=3.65 total_ms=102.54
v5_service device=0 lane=1 class=1 jobs=20 rows=11646 cells=54571 reach=953115 reverse=963776 table_mib=28.0 mutable_mib=416.0 max_job_mib=37.9 oldest_ms=81.22 pack_ms=16.61 solve_ms=102.61
v5_device jobs=11 rows=3203 cells=14215 direct=true graph_reused=false upload_ms=2.48 capture_ms=3.51 queue_ms=15.11 gpu_ms=0.02 unpack_ms=0.64 total_ms=21.75
v5_service device=0 lane=1 class=0 jobs=11 rows=3203 cells=14215 reach=148274 reverse=150900 table_mib=5.1 mutable_mib=88.0 max_job_mib=9.3 oldest_ms=198.49 pack_ms=5.33 solve_ms=21.81
v5_device jobs=4 rows=11692 cells=52376 direct=true graph_reused=false upload_ms=17.65 capture_ms=3.79 queue_ms=27.06 gpu_ms=0.02 unpack_ms=1.97 total_ms=50.50
v5_service device=0 lane=1 class=2 jobs=4 rows=11692 cells=52376 reach=491210 reverse=499725 table_mib=16.8 mutable_mib=320.0 max_job_mib=135.7 oldest_ms=215.69 pack_ms=11.01 solve_ms=50.57
v5_device jobs=24 rows=54614 cells=288909 direct=true graph_reused=false upload_ms=155.11 capture_ms=4.12 queue_ms=383.38 gpu_ms=0.03 unpack_ms=18.63 total_ms=561.26
v5_service device=1 lane=0 class=2 jobs=24 rows=54614 cells=288909 reach=3592169 reverse=3646122 table_mib=109.8 mutable_mib=1920.0 max_job_mib=268.1 oldest_ms=1348.77 pack_ms=89.37 solve_ms=561.33
v5_device jobs=157 rows=110976 cells=588954 direct=true graph_reused=false upload_ms=311.21 capture_ms=4.65 queue_ms=422.89 gpu_ms=0.03 unpack_ms=32.29 total_ms=771.07
v5_service device=1 lane=1 class=1 jobs=157 rows=110976 cells=588954 reach=6555325 reverse=6694992 table_mib=207.9 mutable_mib=3664.0 max_job_mib=39.7 oldest_ms=150.27 pack_ms=168.03 solve_ms=771.13
v5_device jobs=2 rows=24794 cells=58401 direct=true graph_reused=false upload_ms=41.77 capture_ms=3.57 queue_ms=44.50 gpu_ms=0.02 unpack_ms=3.44 total_ms=93.30
v5_service device=1 lane=0 class=3 jobs=2 rows=24794 cells=58401 reach=830919 reverse=853742 table_mib=30.8 mutable_mib=1024.0 max_job_mib=542.8 oldest_ms=2023.06 pack_ms=19.06 solve_ms=93.36
v5_device jobs=43 rows=26155 cells=119971 direct=true graph_reused=false upload_ms=72.07 capture_ms=3.88 queue_ms=76.28 gpu_ms=0.02 unpack_ms=8.02 total_ms=160.28
v5_service device=0 lane=1 class=1 jobs=43 rows=26155 cells=119971 reach=1647775 reverse=1678184 table_mib=51.4 mutable_mib=880.0 max_job_mib=36.2 oldest_ms=80.92 pack_ms=38.28 solve_ms=160.33
v5_device jobs=6 rows=1588 cells=9104 direct=true graph_reused=false upload_ms=1.78 capture_ms=5.29 queue_ms=14.26 gpu_ms=0.01 unpack_ms=0.49 total_ms=21.84
v5_service device=0 lane=1 class=0 jobs=6 rows=1588 cells=9104 reach=98052 reverse=101398 table_mib=3.1 mutable_mib=48.0 max_job_mib=10.3 oldest_ms=285.05 pack_ms=2.40 solve_ms=21.89
v5_device jobs=111 rows=75665 cells=367912 direct=true graph_reused=false upload_ms=203.90 capture_ms=3.56 queue_ms=268.47 gpu_ms=0.02 unpack_ms=32.86 total_ms=508.81
v5_service device=0 lane=0 class=1 jobs=111 rows=75665 cells=367912 reach=4815901 reverse=4888408 table_mib=149.4 mutable_mib=2576.0 max_job_mib=37.7 oldest_ms=158.28 pack_ms=109.67 solve_ms=508.87
v5_device jobs=26 rows=18856 cells=132752 direct=true graph_reused=false upload_ms=61.12 capture_ms=3.79 queue_ms=60.19 gpu_ms=0.02 unpack_ms=5.70 total_ms=130.83
v5_service device=0 lane=1 class=1 jobs=26 rows=18856 cells=132752 reach=1290375 reverse=1318287 table_mib=39.8 mutable_mib=624.0 max_job_mib=38.1 oldest_ms=82.95 pack_ms=38.57 solve_ms=130.89
v5_device jobs=2 rows=580 cells=1251 direct=true graph_reused=false upload_ms=0.49 capture_ms=5.48 queue_ms=40.20 gpu_ms=0.01 unpack_ms=0.13 total_ms=46.31
v5_service device=0 lane=1 class=0 jobs=2 rows=580 cells=1251 reach=19287 reverse=19271 table_mib=0.7 mutable_mib=16.0 max_job_mib=8.6 oldest_ms=243.69 pack_ms=0.88 solve_ms=46.36
v5_device jobs=1 rows=2079 cells=3263 direct=true graph_reused=false upload_ms=0.84 capture_ms=4.38 queue_ms=5.76 gpu_ms=0.01 unpack_ms=0.11 total_ms=11.09
v5_service device=0 lane=1 class=2 jobs=1 rows=2079 cells=3263 reach=33067 reverse=33080 table_mib=1.7 mutable_mib=64.0 max_job_mib=66.1 oldest_ms=260.48 pack_ms=1.40 solve_ms=11.14
v5_device jobs=2 rows=33630 cells=190096 direct=true graph_reused=false upload_ms=104.35 capture_ms=3.85 queue_ms=86.84 gpu_ms=0.02 unpack_ms=8.74 total_ms=203.81
v5_service device=0 lane=0 class=3 jobs=2 rows=33630 cells=190096 reach=2183822 reverse=2227708 table_mib=66.7 mutable_mib=1024.0 max_job_mib=590.5 oldest_ms=832.76 pack_ms=58.86 solve_ms=203.86
v5_device jobs=14 rows=37875 cells=171967 direct=true graph_reused=false upload_ms=124.46 capture_ms=4.42 queue_ms=169.40 gpu_ms=0.03 unpack_ms=19.79 total_ms=318.10
v5_service device=1 lane=1 class=2 jobs=14 rows=37875 cells=171967 reach=2790670 reverse=2807922 table_mib=82.4 mutable_mib=1344.0 max_job_mib=271.0 oldest_ms=1220.66 pack_ms=117.69 solve_ms=318.17
v5_device jobs=29 rows=23205 cells=116057 direct=true graph_reused=false upload_ms=87.30 capture_ms=5.07 queue_ms=104.38 gpu_ms=0.03 unpack_ms=5.76 total_ms=202.54
v5_service device=0 lane=1 class=1 jobs=29 rows=23205 cells=116057 reach=1370365 reverse=1395187 table_mib=43.3 mutable_mib=720.0 max_job_mib=36.9 oldest_ms=80.30 pack_ms=32.45 solve_ms=202.62
v5_device jobs=13 rows=31657 cells=197106 direct=true graph_reused=false upload_ms=93.56 capture_ms=3.68 queue_ms=127.01 gpu_ms=0.02 unpack_ms=8.48 total_ms=232.76
v5_service device=0 lane=0 class=2 jobs=13 rows=31657 cells=197106 reach=2130580 reverse=2164280 table_mib=64.8 mutable_mib=1024.0 max_job_mib=147.2 oldest_ms=1102.49 pack_ms=76.80 solve_ms=232.81
v5_device jobs=2 rows=448 cells=2460 direct=true graph_reused=false upload_ms=0.78 capture_ms=4.03 queue_ms=10.14 gpu_ms=0.01 unpack_ms=0.24 total_ms=15.20
v5_service device=0 lane=1 class=0 jobs=2 rows=448 cells=2460 reach=50431 reverse=50888 table_mib=1.4 mutable_mib=16.0 max_job_mib=9.7 oldest_ms=324.31 pack_ms=1.30 solve_ms=15.27
v5_device jobs=3 rows=5538 cells=10307 direct=true graph_reused=false upload_ms=7.72 capture_ms=4.07 queue_ms=19.53 gpu_ms=0.01 unpack_ms=0.85 total_ms=32.17
v5_service device=0 lane=1 class=2 jobs=3 rows=5538 cells=10307 reach=304019 reverse=304012 table_mib=9.5 mutable_mib=192.0 max_job_mib=71.0 oldest_ms=339.46 pack_ms=6.15 solve_ms=32.23
v5_device jobs=1 rows=19638 cells=25344 direct=true graph_reused=false upload_ms=12.91 capture_ms=4.69 queue_ms=215.69 gpu_ms=0.01 unpack_ms=0.75 total_ms=234.06
v5_service device=1 lane=1 class=3 jobs=1 rows=19638 cells=25344 reach=383351 reverse=383378 table_mib=17.9 mutable_mib=512.0 max_job_mib=534.7 oldest_ms=1744.09 pack_ms=11.95 solve_ms=234.11
v5_device jobs=3 rows=111302 cells=576049 direct=true graph_reused=false upload_ms=344.41 capture_ms=77.02 queue_ms=376.18 gpu_ms=0.02 unpack_ms=66.45 total_ms=864.07
v5_service device=1 lane=0 class=3 jobs=3 rows=111302 cells=576049 reach=7245898 reverse=7249818 table_mib=218.8 mutable_mib=3072.0 max_job_mib=1152.8 oldest_ms=2132.90 pack_ms=185.04 solve_ms=864.13
v5_device jobs=27 rows=16013 cells=90128 direct=true graph_reused=false upload_ms=53.20 capture_ms=4.85 queue_ms=125.31 gpu_ms=0.02 unpack_ms=5.19 total_ms=188.58
v5_service device=0 lane=1 class=1 jobs=27 rows=16013 cells=90128 reach=1307724 reverse=1329251 table_mib=38.7 mutable_mib=544.0 max_job_mib=37.2 oldest_ms=79.75 pack_ms=22.96 solve_ms=188.64
v5_device jobs=2 rows=77201 cells=318393 direct=true graph_reused=false upload_ms=103.53 capture_ms=3.51 queue_ms=144.49 gpu_ms=0.02 unpack_ms=5.59 total_ms=257.15
v5_service device=0 lane=0 class=3 jobs=2 rows=77201 cells=318393 reach=1524661 reverse=1985764 table_mib=78.5 mutable_mib=2048.0 max_job_mib=1097.2 oldest_ms=1402.39 pack_ms=82.35 solve_ms=257.20
v5_device jobs=2 rows=63194 cells=105572 direct=true graph_reused=false upload_ms=92.00 capture_ms=3.67 queue_ms=94.85 gpu_ms=0.02 unpack_ms=7.81 total_ms=198.35
v5_service device=1 lane=1 class=3 jobs=2 rows=63194 cells=105572 reach=1789388 reverse=1789370 table_mib=68.8 mutable_mib=1536.0 max_job_mib=1100.1 oldest_ms=1991.98 pack_ms=55.91 solve_ms=198.41
v5_device jobs=7 rows=12491 cells=71975 direct=true graph_reused=false upload_ms=17.32 capture_ms=3.77 queue_ms=33.29 gpu_ms=0.01 unpack_ms=2.17 total_ms=56.57
v5_service device=1 lane=0 class=2 jobs=7 rows=12491 cells=71975 reach=660246 reverse=678604 table_mib=21.5 mutable_mib=448.0 max_job_mib=71.3 oldest_ms=76.67 pack_ms=13.49 solve_ms=56.64
v5_device jobs=4 rows=18125 cells=98507 direct=true graph_reused=false upload_ms=42.37 capture_ms=3.79 queue_ms=47.20 gpu_ms=0.01 unpack_ms=3.46 total_ms=96.83
v5_service device=0 lane=1 class=2 jobs=4 rows=18125 cells=98507 reach=967253 reverse=993488 table_mib=31.2 mutable_mib=512.0 max_job_mib=282.8 oldest_ms=302.02 pack_ms=25.06 solve_ms=96.88
v5_device jobs=1 rows=306 cells=2284 direct=true graph_reused=false upload_ms=0.33 capture_ms=4.59 queue_ms=2.11 gpu_ms=0.01 unpack_ms=22.76 total_ms=29.79
v5_service device=0 lane=1 class=0 jobs=1 rows=306 cells=2284 reach=13452 reverse=14096 table_mib=0.5 mutable_mib=8.0 max_job_mib=8.6 oldest_ms=390.97 pack_ms=0.44 solve_ms=29.91
v5_device jobs=37 rows=24217 cells=138383 direct=true graph_reused=false upload_ms=76.43 capture_ms=3.49 queue_ms=76.64 gpu_ms=0.02 unpack_ms=7.87 total_ms=164.46
v5_service device=0 lane=0 class=1 jobs=37 rows=24217 cells=138383 reach=1710974 reverse=1741402 table_mib=52.1 mutable_mib=784.0 max_job_mib=37.3 oldest_ms=85.24 pack_ms=35.12 solve_ms=164.54
v5_device jobs=37 rows=27515 cells=136598 direct=true graph_reused=false upload_ms=79.20 capture_ms=3.58 queue_ms=130.97 gpu_ms=0.02 unpack_ms=7.45 total_ms=221.22
v5_service device=1 lane=1 class=1 jobs=37 rows=27515 cells=136598 reach=1806506 reverse=1833341 table_mib=55.5 mutable_mib=864.0 max_job_mib=40.6 oldest_ms=80.80 pack_ms=36.40 solve_ms=221.27
v5_device jobs=50 rows=32519 cells=122334 direct=true graph_reused=false upload_ms=83.65 capture_ms=5.54 queue_ms=118.00 gpu_ms=0.02 unpack_ms=8.03 total_ms=215.23
v5_service device=1 lane=0 class=1 jobs=50 rows=32519 cells=122334 reach=1884746 reverse=1912194 table_mib=59.6 mutable_mib=1040.0 max_job_mib=39.6 oldest_ms=185.32 pack_ms=45.29 solve_ms=215.29
v5_device jobs=1 rows=352 cells=880 direct=true graph_reused=false upload_ms=0.26 capture_ms=4.09 queue_ms=1.78 gpu_ms=0.01 unpack_ms=0.07 total_ms=6.21
v5_service device=1 lane=1 class=0 jobs=1 rows=352 cells=880 reach=10213 reverse=10205 table_mib=0.4 mutable_mib=8.0 max_job_mib=8.5 oldest_ms=340.06 pack_ms=0.51 solve_ms=6.26
v5_device jobs=5 rows=1316 cells=11181 direct=true graph_reused=false upload_ms=1.70 capture_ms=3.47 queue_ms=11.14 gpu_ms=0.02 unpack_ms=0.37 total_ms=16.69
v5_service device=1 lane=0 class=0 jobs=5 rows=1316 cells=11181 reach=85017 reverse=88441 table_mib=2.7 mutable_mib=40.0 max_job_mib=9.7 oldest_ms=445.86 pack_ms=2.30 solve_ms=16.75
v5_device jobs=7 rows=13832 cells=67747 direct=true graph_reused=false upload_ms=41.41 capture_ms=4.18 queue_ms=100.52 gpu_ms=0.02 unpack_ms=3.75 total_ms=149.87
v5_service device=0 lane=0 class=2 jobs=7 rows=13832 cells=67747 reach=1019831 reverse=1031872 table_mib=30.2 mutable_mib=512.0 max_job_mib=135.0 oldest_ms=320.29 pack_ms=30.18 solve_ms=149.93
v5_device jobs=3 rows=824 cells=3005 direct=true graph_reused=false upload_ms=0.83 capture_ms=4.29 queue_ms=5.46 gpu_ms=0.01 unpack_ms=0.23 total_ms=10.82
v5_service device=0 lane=0 class=0 jobs=3 rows=824 cells=3005 reach=47814 reverse=48233 table_mib=1.5 mutable_mib=24.0 max_job_mib=8.8 oldest_ms=471.41 pack_ms=1.45 solve_ms=10.87
v5_device jobs=1 rows=43228 cells=406707 direct=true graph_reused=false upload_ms=117.99 capture_ms=3.74 queue_ms=212.43 gpu_ms=0.03 unpack_ms=37.95 total_ms=372.14
v5_service device=0 lane=1 class=3 jobs=1 rows=43228 cells=406707 reach=2841559 reverse=2964352 table_mib=88.5 mutable_mib=1024.0 max_job_mib=1148.2 oldest_ms=418.41 pack_ms=51.76 solve_ms=372.20
v5_device jobs=7 rows=13805 cells=68863 direct=true graph_reused=false upload_ms=36.92 capture_ms=3.74 queue_ms=45.88 gpu_ms=0.02 unpack_ms=3.02 total_ms=89.58
v5_service device=1 lane=1 class=2 jobs=7 rows=13805 cells=68863 reach=869911 reverse=882501 table_mib=26.8 mutable_mib=512.0 max_job_mib=131.6 oldest_ms=77.34 pack_ms=17.82 solve_ms=89.67
v5_device jobs=4 rows=12507 cells=36402 direct=true graph_reused=false upload_ms=18.33 capture_ms=3.36 queue_ms=36.30 gpu_ms=0.01 unpack_ms=2.07 total_ms=60.07
v5_service device=0 lane=0 class=2 jobs=4 rows=12507 cells=36402 reach=680081 reverse=683845 table_mib=21.5 mutable_mib=448.0 max_job_mib=265.1 oldest_ms=77.39 pack_ms=13.02 solve_ms=60.13
v5_device jobs=31 rows=24209 cells=93264 direct=true graph_reused=false upload_ms=50.76 capture_ms=3.72 queue_ms=56.47 gpu_ms=0.02 unpack_ms=4.75 total_ms=115.73
v5_service device=1 lane=0 class=1 jobs=31 rows=24209 cells=93264 reach=1166294 reverse=1180632 table_mib=38.5 mutable_mib=720.0 max_job_mib=38.7 oldest_ms=81.78 pack_ms=28.68 solve_ms=115.79
v5_device jobs=6 rows=1662 cells=8197 direct=true graph_reused=false upload_ms=2.30 capture_ms=3.86 queue_ms=14.98 gpu_ms=0.01 unpack_ms=5.66 total_ms=26.81
v5_service device=1 lane=0 class=0 jobs=6 rows=1662 cells=8197 reach=107025 reverse=108508 table_mib=3.4 mutable_mib=44.0 max_job_mib=9.8 oldest_ms=241.07 pack_ms=3.02 solve_ms=26.88
v5_device jobs=31 rows=23841 cells=116082 direct=true graph_reused=false upload_ms=78.22 capture_ms=3.53 queue_ms=122.38 gpu_ms=0.01 unpack_ms=6.57 total_ms=210.72
v5_service device=0 lane=1 class=1 jobs=31 rows=23841 cells=116082 reach=1878416 reverse=1905185 table_mib=55.6 mutable_mib=800.0 max_job_mib=38.3 oldest_ms=87.27 pack_ms=44.37 solve_ms=210.77
v5_device jobs=41 rows=29909 cells=114964 direct=true graph_reused=false upload_ms=81.58 capture_ms=3.82 queue_ms=108.88 gpu_ms=0.01 unpack_ms=7.69 total_ms=201.98
v5_service device=0 lane=0 class=1 jobs=41 rows=29909 cells=114964 reach=1988671 reverse=2016973 table_mib=60.8 mutable_mib=880.0 max_job_mib=39.3 oldest_ms=156.76 pack_ms=59.15 solve_ms=202.03
v5_device jobs=35 rows=24880 cells=129138 direct=true graph_reused=false upload_ms=68.59 capture_ms=4.38 queue_ms=143.08 gpu_ms=0.02 unpack_ms=7.35 total_ms=223.42
v5_service device=1 lane=0 class=1 jobs=35 rows=24880 cells=129138 reach=1942230 reverse=1964347 table_mib=57.5 mutable_mib=784.0 max_job_mib=39.5 oldest_ms=82.03 pack_ms=30.91 solve_ms=223.48
v5_device jobs=1 rows=19951 cells=99309 direct=true graph_reused=false upload_ms=35.49 capture_ms=3.50 queue_ms=67.61 gpu_ms=0.01 unpack_ms=2.90 total_ms=109.51
v5_service device=0 lane=0 class=3 jobs=1 rows=19951 cells=99309 reach=784384 reverse=785445 table_mib=27.3 mutable_mib=512.0 max_job_mib=548.8 oldest_ms=393.42 pack_ms=19.80 solve_ms=109.56
v5_device jobs=4 rows=17090 cells=40619 direct=true graph_reused=false upload_ms=50.24 capture_ms=7.38 queue_ms=52.29 gpu_ms=0.02 unpack_ms=3.69 total_ms=113.61
v5_service device=0 lane=1 class=2 jobs=4 rows=17090 cells=40619 reach=905385 reverse=908757 table_mib=28.6 mutable_mib=448.0 max_job_mib=268.6 oldest_ms=348.52 pack_ms=26.27 solve_ms=113.67
v5_device jobs=4 rows=1200 cells=4803 direct=true graph_reused=false upload_ms=0.77 capture_ms=3.52 queue_ms=5.36 gpu_ms=0.01 unpack_ms=0.26 total_ms=9.92
v5_service device=1 lane=0 class=0 jobs=4 rows=1200 cells=4803 reach=37621 reverse=38671 table_mib=1.5 mutable_mib=32.0 max_job_mib=8.8 oldest_ms=338.19 pack_ms=1.14 solve_ms=9.96
v5_device jobs=2 rows=653 cells=2585 direct=true graph_reused=false upload_ms=0.41 capture_ms=3.97 queue_ms=3.77 gpu_ms=0.01 unpack_ms=0.13 total_ms=8.29
v5_service device=0 lane=0 class=0 jobs=2 rows=653 cells=2585 reach=19197 reverse=19628 table_mib=0.8 mutable_mib=16.0 max_job_mib=8.5 oldest_ms=519.55 pack_ms=0.69 solve_ms=8.33
v5_device jobs=2 rows=636 cells=3278 direct=true graph_reused=false upload_ms=0.79 capture_ms=4.27 queue_ms=5.67 gpu_ms=0.01 unpack_ms=0.23 total_ms=10.97
v5_service device=0 lane=1 class=0 jobs=2 rows=636 cells=3278 reach=50614 reverse=51305 table_mib=1.5 mutable_mib=16.0 max_job_mib=9.4 oldest_ms=483.54 pack_ms=1.12 solve_ms=11.02
v5_device jobs=66 rows=46180 cells=261252 direct=true graph_reused=false upload_ms=122.49 capture_ms=3.26 queue_ms=219.25 gpu_ms=0.01 unpack_ms=22.11 total_ms=367.13
v5_service device=1 lane=1 class=1 jobs=66 rows=46180 cells=261252 reach=3186521 reverse=3241124 table_mib=97.4 mutable_mib=1536.0 max_job_mib=39.4 oldest_ms=209.66 pack_ms=95.24 solve_ms=367.18
v5_device jobs=10 rows=3052 cells=12574 direct=true graph_reused=false upload_ms=3.28 capture_ms=4.93 queue_ms=16.20 gpu_ms=0.01 unpack_ms=0.57 total_ms=24.98
v5_service device=1 lane=1 class=0 jobs=10 rows=3052 cells=12574 reach=109209 reverse=111762 table_mib=4.0 mutable_mib=76.0 max_job_mib=9.1 oldest_ms=679.97 pack_ms=3.21 solve_ms=25.03
v5_device jobs=5 rows=11216 cells=61251 direct=true graph_reused=false upload_ms=13.51 capture_ms=3.62 queue_ms=37.38 gpu_ms=0.01 unpack_ms=1.61 total_ms=56.13
v5_service device=1 lane=0 class=2 jobs=5 rows=11216 cells=61251 reach=485236 reverse=495971 table_mib=16.7 mutable_mib=448.0 max_job_mib=134.8 oldest_ms=350.80 pack_ms=10.51 solve_ms=56.18
{"phase": "live", "seconds": 50.084, "solves": 52224, "solves_per_s": 1042.7, "oversize_routes": 1, "card_exclusive_routes": 0}
v5_device jobs=29 rows=20488 cells=89551 direct=true graph_reused=false upload_ms=46.13 capture_ms=3.60 queue_ms=74.29 gpu_ms=0.01 unpack_ms=3.58 total_ms=127.60
v5_service device=0 lane=0 class=1 jobs=29 rows=20488 cells=89551 reach=1079539 reverse=1101396 table_mib=35.2 mutable_mib=656.0 max_job_mib=34.9 oldest_ms=80.02 pack_ms=23.83 solve_ms=127.67
v5_device jobs=16 rows=11145 cells=77542 direct=true graph_reused=false upload_ms=45.25 capture_ms=4.68 queue_ms=65.47 gpu_ms=0.02 unpack_ms=4.16 total_ms=119.59
v5_service device=0 lane=1 class=1 jobs=16 rows=11145 cells=77542 reach=1092997 reverse=1108517 table_mib=31.2 mutable_mib=368.0 max_job_mib=40.8 oldest_ms=82.91 pack_ms=20.39 solve_ms=119.68
v5_device jobs=5 rows=1567 cells=9908 direct=true graph_reused=false upload_ms=1.40 capture_ms=4.00 queue_ms=18.52 gpu_ms=0.01 unpack_ms=0.39 total_ms=24.31
v5_service device=0 lane=0 class=0 jobs=5 rows=1567 cells=9908 reach=85292 reverse=89565 table_mib=2.9 mutable_mib=40.0 max_job_mib=9.5 oldest_ms=232.45 pack_ms=2.00 solve_ms=24.36
v5_device jobs=2 rows=3169 cells=21344 direct=true graph_reused=false upload_ms=3.43 capture_ms=6.08 queue_ms=13.65 gpu_ms=0.01 unpack_ms=0.43 total_ms=23.60
v5_service device=0 lane=1 class=2 jobs=2 rows=3169 cells=21344 reach=159002 reverse=163686 table_mib=5.3 mutable_mib=128.0 max_job_mib=68.0 oldest_ms=224.39 pack_ms=4.46 solve_ms=23.66
v5_device jobs=5 rows=1356 cells=6758 direct=true graph_reused=false upload_ms=1.34 capture_ms=6.35 queue_ms=11.10 gpu_ms=0.02 unpack_ms=0.39 total_ms=19.19
v5_service device=0 lane=1 class=0 jobs=5 rows=1356 cells=6758 reach=74258 reverse=75643 table_mib=2.4 mutable_mib=40.0 max_job_mib=9.1 oldest_ms=253.26 pack_ms=2.23 solve_ms=19.26
v5_device jobs=7 rows=15277 cells=73596 direct=true graph_reused=false upload_ms=45.66 capture_ms=4.60 queue_ms=81.02 gpu_ms=0.02 unpack_ms=4.98 total_ms=136.28
v5_service device=1 lane=0 class=2 jobs=7 rows=15277 cells=73596 reach=1213893 reverse=1226557 table_mib=35.5 mutable_mib=512.0 max_job_mib=143.6 oldest_ms=82.04 pack_ms=20.50 solve_ms=136.35
v5_device jobs=1 rows=19639 cells=24980 direct=true graph_reused=false upload_ms=75.77 capture_ms=4.49 queue_ms=127.04 gpu_ms=0.03 unpack_ms=8.88 total_ms=216.21
v5_service device=1 lane=1 class=3 jobs=1 rows=19639 cells=24980 reach=1878309 reverse=1878322 table_mib=52.0 mutable_mib=512.0 max_job_mib=588.8 oldest_ms=711.63 pack_ms=44.46 solve_ms=216.27
v5_device jobs=7 rows=15593 cells=94067 direct=true graph_reused=false upload_ms=43.39 capture_ms=3.61 queue_ms=43.40 gpu_ms=0.03 unpack_ms=3.48 total_ms=93.92
v5_service device=0 lane=0 class=2 jobs=7 rows=15593 cells=94067 reach=902489 reverse=927813 table_mib=28.7 mutable_mib=512.0 max_job_mib=141.6 oldest_ms=253.59 pack_ms=20.03 solve_ms=93.97
v5_device jobs=1 rows=18872 cells=299849 direct=true graph_reused=false upload_ms=68.47 capture_ms=3.77 queue_ms=65.62 gpu_ms=0.02 unpack_ms=7.61 total_ms=145.48
v5_service device=0 lane=1 class=3 jobs=1 rows=18872 cells=299849 reach=1635741 reverse=1730071 table_mib=49.4 mutable_mib=512.0 max_job_mib=581.6 oldest_ms=213.39 pack_ms=43.85 solve_ms=145.55
v5_device jobs=33 rows=22399 cells=146711 direct=true graph_reused=false upload_ms=64.60 capture_ms=3.64 queue_ms=70.27 gpu_ms=0.02 unpack_ms=6.02 total_ms=144.54
v5_service device=1 lane=0 class=1 jobs=33 rows=22399 cells=146711 reach=1485355 reverse=1524482 table_mib=46.1 mutable_mib=736.0 max_job_mib=39.3 oldest_ms=244.61 pack_ms=35.71 solve_ms=144.61
v5_device jobs=8 rows=2052 cells=4318 direct=true graph_reused=false upload_ms=1.24 capture_ms=5.13 queue_ms=20.68 gpu_ms=0.01 unpack_ms=0.38 total_ms=27.44
v5_service device=1 lane=0 class=0 jobs=8 rows=2052 cells=4318 reach=64526 reverse=65133 table_mib=2.5 mutable_mib=60.0 max_job_mib=9.1 oldest_ms=440.78 pack_ms=2.01 solve_ms=27.50
v5_device jobs=34 rows=21367 cells=113332 direct=true graph_reused=false upload_ms=51.06 capture_ms=4.46 queue_ms=66.33 gpu_ms=0.03 unpack_ms=5.29 total_ms=127.18
v5_service device=1 lane=1 class=1 jobs=34 rows=21367 cells=113332 reach=1135460 reverse=1162426 table_mib=37.1 mutable_mib=736.0 max_job_mib=39.0 oldest_ms=80.25 pack_ms=22.25 solve_ms=127.26
v5_device jobs=38 rows=23711 cells=106414 direct=true graph_reused=false upload_ms=56.53 capture_ms=3.38 queue_ms=79.59 gpu_ms=0.02 unpack_ms=5.39 total_ms=144.92
v5_service device=0 lane=0 class=1 jobs=38 rows=23711 cells=106414 reach=1297667 reverse=1325562 table_mib=41.9 mutable_mib=752.0 max_job_mib=35.5 oldest_ms=81.34 pack_ms=29.76 solve_ms=144.98
v5_device jobs=1 rows=18504 cells=22872 direct=true graph_reused=false upload_ms=22.65 capture_ms=4.50 queue_ms=37.35 gpu_ms=0.03 unpack_ms=2.88 total_ms=67.41
v5_service device=1 lane=1 class=3 jobs=1 rows=18504 cells=22872 reach=704434 reverse=704440 table_mib=24.5 mutable_mib=512.0 max_job_mib=545.6 oldest_ms=235.63 pack_ms=18.75 solve_ms=67.48
v5_device jobs=5 rows=1449 cells=4812 direct=true graph_reused=false upload_ms=1.97 capture_ms=3.93 queue_ms=22.25 gpu_ms=0.01 unpack_ms=0.49 total_ms=28.66
v5_service device=0 lane=0 class=0 jobs=5 rows=1449 cells=4812 reach=122835 reverse=123528 table_mib=3.6 mutable_mib=40.0 max_job_mib=10.5 oldest_ms=258.12 pack_ms=2.39 solve_ms=28.71
v5_device jobs=7 rows=2047 cells=8998 direct=true graph_reused=false upload_ms=2.87 capture_ms=8.52 queue_ms=34.95 gpu_ms=0.02 unpack_ms=0.70 total_ms=47.06
v5_service device=1 lane=1 class=0 jobs=7 rows=2047 cells=8998 reach=134936 reverse=136436 table_mib=4.2 mutable_mib=56.0 max_job_mib=9.4 oldest_ms=321.21 pack_ms=3.68 solve_ms=47.14
v5_device jobs=26 rows=7318 cells=30731 direct=true graph_reused=false upload_ms=11.08 capture_ms=4.72 queue_ms=30.25 gpu_ms=0.01 unpack_ms=1.91 total_ms=47.98
v5_service device=1 lane=0 class=0 jobs=26 rows=7318 cells=30731 reach=410163 reverse=416771 table_mib=13.3 mutable_mib=208.0 max_job_mib=10.0 oldest_ms=76.46 pack_ms=9.14 solve_ms=48.03
v5_device jobs=1 rows=5734 cells=11324 direct=true graph_reused=false upload_ms=14.74 capture_ms=7.81 queue_ms=17.36 gpu_ms=0.01 unpack_ms=0.80 total_ms=40.72
v5_service device=1 lane=1 class=2 jobs=1 rows=5734 cells=11324 reach=409072 reverse=409084 table_mib=12.0 mutable_mib=256.0 max_job_mib=273.4 oldest_ms=365.15 pack_ms=13.59 solve_ms=40.79
v5_device jobs=5 rows=10568 cells=28654 direct=true graph_reused=false upload_ms=39.96 capture_ms=3.78 queue_ms=106.52 gpu_ms=0.01 unpack_ms=1.84 total_ms=152.12
v5_service device=0 lane=0 class=2 jobs=5 rows=10568 cells=28654 reach=558844 reverse=567020 table_mib=17.9 mutable_mib=320.0 max_job_mib=72.2 oldest_ms=314.53 pack_ms=13.13 solve_ms=152.18
v5_device jobs=1 rows=46386 cells=183119 direct=true graph_reused=false upload_ms=122.75 capture_ms=4.71 queue_ms=129.92 gpu_ms=0.02 unpack_ms=8.64 total_ms=266.04
v5_service device=0 lane=1 class=3 jobs=1 rows=46386 cells=183119 reach=2387775 reverse=2485037 table_mib=78.5 mutable_mib=2048.0 max_job_mib=2156.6 oldest_ms=87.00 pack_ms=65.80 solve_ms=266.12
v5_device jobs=1 rows=25797 cells=32420 direct=true graph_reused=false upload_ms=63.58 capture_ms=4.58 queue_ms=72.06 gpu_ms=0.03 unpack_ms=5.60 total_ms=145.84
v5_service device=1 lane=1 class=3 jobs=1 rows=25797 cells=32420 reach=1428174 reverse=1428184 table_mib=44.5 mutable_mib=1024.0 max_job_mib=1087.2 oldest_ms=416.72 pack_ms=24.84 solve_ms=145.90
v5_device jobs=13 rows=11140 cells=50834 direct=true graph_reused=false upload_ms=34.44 capture_ms=3.70 queue_ms=37.93 gpu_ms=0.02 unpack_ms=3.96 total_ms=80.04
v5_service device=0 lane=1 class=1 jobs=13 rows=11140 cells=50834 reach=768651 reverse=778761 table_mib=23.3 mutable_mib=368.0 max_job_mib=37.3 oldest_ms=428.63 pack_ms=15.04 solve_ms=80.09
v5_device jobs=4 rows=7502 cells=20679 direct=true graph_reused=false upload_ms=8.65 capture_ms=4.30 queue_ms=69.92 gpu_ms=0.01 unpack_ms=0.84 total_ms=83.73
v5_service device=0 lane=1 class=2 jobs=4 rows=7502 cells=20679 reach=354864 reverse=378637 table_mib=12.0 mutable_mib=256.0 max_job_mib=71.0 oldest_ms=551.10 pack_ms=7.95 solve_ms=83.78
v5_device jobs=31 rows=23140 cells=163586 direct=true graph_reused=false upload_ms=70.66 capture_ms=3.98 queue_ms=82.33 gpu_ms=0.02 unpack_ms=7.10 total_ms=164.08
v5_service device=0 lane=0 class=1 jobs=31 rows=23140 cells=163586 reach=1754794 reverse=1804537 table_mib=53.0 mutable_mib=720.0 max_job_mib=44.6 oldest_ms=79.67 pack_ms=32.81 solve_ms=164.14
v5_device jobs=33 rows=22391 cells=106279 direct=true graph_reused=false upload_ms=61.75 capture_ms=4.28 queue_ms=72.73 gpu_ms=0.02 unpack_ms=6.42 total_ms=145.19
v5_service device=1 lane=1 class=1 jobs=33 rows=22391 cells=106279 reach=1465823 reverse=1488477 table_mib=45.1 mutable_mib=752.0 max_job_mib=36.4 oldest_ms=83.31 pack_ms=31.24 solve_ms=145.26
v5_device jobs=4 rows=1302 cells=8927 direct=true graph_reused=false upload_ms=39.88 capture_ms=5.03 queue_ms=7.66 gpu_ms=0.01 unpack_ms=0.34 total_ms=52.91
v5_service device=1 lane=1 class=0 jobs=4 rows=1302 cells=8927 reach=58540 reverse=61043 table_mib=2.0 mutable_mib=32.0 max_job_mib=9.2 oldest_ms=264.66 pack_ms=2.14 solve_ms=52.98
v5_device jobs=1 rows=32343 cells=158265 direct=true graph_reused=false upload_ms=83.92 capture_ms=3.60 queue_ms=104.49 gpu_ms=0.02 unpack_ms=4.72 total_ms=196.75
v5_service device=0 lane=0 class=3 jobs=1 rows=32343 cells=158265 reach=1386497 reverse=1387882 table_mib=46.8 mutable_mib=1024.0 max_job_mib=1087.8 oldest_ms=278.59 pack_ms=30.01 solve_ms=196.81
v5_device jobs=1 rows=16981 cells=299191 direct=true graph_reused=false upload_ms=92.75 capture_ms=4.63 queue_ms=129.85 gpu_ms=0.02 unpack_ms=8.39 total_ms=235.64
v5_service device=0 lane=1 class=3 jobs=1 rows=16981 cells=299191 reach=2353003 reverse=2415344 table_mib=64.4 mutable_mib=512.0 max_job_mib=605.8 oldest_ms=650.67 pack_ms=39.34 solve_ms=235.71
v5_device jobs=4 rows=8050 cells=22061 direct=true graph_reused=false upload_ms=7.27 capture_ms=3.31 queue_ms=31.95 gpu_ms=0.02 unpack_ms=0.75 total_ms=43.30
v5_service device=0 lane=0 class=2 jobs=4 rows=8050 cells=22061 reach=277162 reverse=278661 table_mib=10.1 mutable_mib=256.0 max_job_mib=68.1 oldest_ms=506.03 pack_ms=6.11 solve_ms=43.34
v5_device jobs=5 rows=1347 cells=5815 direct=true graph_reused=false upload_ms=0.74 capture_ms=4.18 queue_ms=5.47 gpu_ms=0.01 unpack_ms=0.23 total_ms=10.62
v5_service device=0 lane=1 class=0 jobs=5 rows=1347 cells=5815 reach=35099 reverse=37924 table_mib=1.5 mutable_mib=36.0 max_job_mib=8.7 oldest_ms=928.01 pack_ms=1.39 solve_ms=10.66
v5_device jobs=1 rows=32128 cells=240342 direct=true graph_reused=false upload_ms=89.96 capture_ms=4.65 queue_ms=187.61 gpu_ms=0.02 unpack_ms=7.93 total_ms=290.17
v5_service device=1 lane=1 class=3 jobs=1 rows=32128 cells=240342 reach=2136783 reverse=2188927 table_mib=65.4 mutable_mib=1024.0 max_job_mib=1116.3 oldest_ms=270.79 pack_ms=37.29 solve_ms=290.22
v5_device jobs=1 rows=3596 cells=6802 direct=true graph_reused=false upload_ms=1.37 capture_ms=3.04 queue_ms=10.16 gpu_ms=0.01 unpack_ms=0.10 total_ms=14.68
v5_service device=1 lane=1 class=2 jobs=1 rows=3596 cells=6802 reach=73880 reverse=73871 table_mib=3.3 mutable_mib=128.0 max_job_mib=132.2 oldest_ms=595.38 pack_ms=2.45 solve_ms=14.73
v5_device jobs=140 rows=95565 cells=503941 direct=true graph_reused=false upload_ms=274.22 capture_ms=3.53 queue_ms=380.13 gpu_ms=0.02 unpack_ms=36.55 total_ms=694.45
v5_service device=1 lane=0 class=1 jobs=140 rows=95565 cells=503941 reach=6410093 reverse=6535662 table_mib=197.3 mutable_mib=3136.0 max_job_mib=39.0 oldest_ms=161.80 pack_ms=246.12 solve_ms=694.51
v5_device jobs=26 rows=18204 cells=88983 direct=true graph_reused=false upload_ms=49.31 capture_ms=3.59 queue_ms=106.17 gpu_ms=0.03 unpack_ms=7.20 total_ms=166.31
v5_service device=0 lane=1 class=1 jobs=26 rows=18204 cells=88983 reach=1223441 reverse=1240993 table_mib=37.5 mutable_mib=592.0 max_job_mib=42.4 oldest_ms=78.51 pack_ms=22.55 solve_ms=166.38
v5_device jobs=32 rows=21118 cells=133311 direct=true graph_reused=false upload_ms=62.71 capture_ms=3.76 queue_ms=100.57 gpu_ms=0.03 unpack_ms=8.69 total_ms=175.75
v5_service device=0 lane=0 class=1 jobs=32 rows=21118 cells=133311 reach=1613949 reverse=1643396 table_mib=48.4 mutable_mib=704.0 max_job_mib=42.8 oldest_ms=80.60 pack_ms=27.33 solve_ms=175.81
v5_device jobs=5 rows=8234 cells=27516 direct=true graph_reused=false upload_ms=18.98 capture_ms=3.85 queue_ms=31.56 gpu_ms=0.02 unpack_ms=2.50 total_ms=56.91
v5_service device=0 lane=0 class=2 jobs=5 rows=8234 cells=27516 reach=546608 reverse=548924 table_mib=16.5 mutable_mib=320.0 max_job_mib=72.3 oldest_ms=268.18 pack_ms=14.83 solve_ms=56.97
v5_device jobs=2 rows=564 cells=1485 direct=true graph_reused=false upload_ms=0.88 capture_ms=3.44 queue_ms=7.88 gpu_ms=0.01 unpack_ms=0.26 total_ms=12.48
v5_service device=0 lane=0 class=0 jobs=2 rows=564 cells=1485 reach=54903 reverse=55144 table_mib=1.6 mutable_mib=16.0 max_job_mib=9.4 oldest_ms=332.48 pack_ms=1.24 solve_ms=12.54
v5_device jobs=31 rows=19764 cells=93303 direct=true graph_reused=false upload_ms=58.74 capture_ms=3.74 queue_ms=55.35 gpu_ms=0.02 unpack_ms=4.76 total_ms=122.61
v5_service device=1 lane=1 class=1 jobs=31 rows=19764 cells=93303 reach=1161578 reverse=1177728 table_mib=36.7 mutable_mib=624.0 max_job_mib=35.7 oldest_ms=79.47 pack_ms=27.94 solve_ms=122.66
v5_device jobs=4 rows=7162 cells=40637 direct=true graph_reused=false upload_ms=11.18 capture_ms=3.75 queue_ms=20.67 gpu_ms=0.01 unpack_ms=1.24 total_ms=36.85
v5_service device=1 lane=1 class=2 jobs=4 rows=7162 cells=40637 reach=340476 reverse=347963 table_mib=11.4 mutable_mib=256.0 max_job_mib=69.7 oldest_ms=210.51 pack_ms=8.19 solve_ms=36.90
v5_device jobs=1 rows=560 cells=1389 direct=true graph_reused=false upload_ms=0.53 capture_ms=3.60 queue_ms=3.90 gpu_ms=0.01 unpack_ms=0.58 total_ms=8.62
v5_service device=0 lane=0 class=1 jobs=1 rows=560 cells=1389 reach=18029 reverse=18035 table_mib=0.7 mutable_mib=16.0 max_job_mib=16.9 oldest_ms=75.10 pack_ms=1.08 solve_ms=8.71
v5_device jobs=8 rows=18907 cells=79691 direct=true graph_reused=false upload_ms=66.34 capture_ms=3.89 queue_ms=63.91 gpu_ms=0.01 unpack_ms=6.54 total_ms=140.69
v5_service device=0 lane=1 class=2 jobs=8 rows=18907 cells=79691 reach=1436655 reverse=1448840 table_mib=42.2 mutable_mib=640.0 max_job_mib=141.5 oldest_ms=271.81 pack_ms=37.96 solve_ms=140.74
v5_device jobs=1 rows=240 cells=458 direct=true graph_reused=false upload_ms=0.20 capture_ms=4.96 queue_ms=0.72 gpu_ms=0.01 unpack_ms=0.05 total_ms=5.93
v5_service device=0 lane=1 class=0 jobs=1 rows=240 cells=458 reach=2634 reverse=2778 table_mib=0.2 mutable_mib=8.0 max_job_mib=8.2 oldest_ms=449.73 pack_ms=0.29 solve_ms=5.98
v5_device jobs=1 rows=19204 cells=22841 direct=true graph_reused=false upload_ms=22.02 capture_ms=3.73 queue_ms=38.56 gpu_ms=0.01 unpack_ms=1.56 total_ms=65.89
v5_service device=1 lane=1 class=3 jobs=1 rows=19204 cells=22841 reach=653844 reverse=653851 table_mib=23.6 mutable_mib=512.0 max_job_mib=544.1 oldest_ms=251.76 pack_ms=18.56 solve_ms=65.94
v5_device jobs=1 rows=320 cells=728 direct=true graph_reused=false upload_ms=0.47 capture_ms=5.37 queue_ms=73.15 gpu_ms=0.01 unpack_ms=0.08 total_ms=79.07
v5_service device=1 lane=1 class=0 jobs=1 rows=320 cells=728 reach=27508 reverse=27512 table_mib=0.8 mutable_mib=8.0 max_job_mib=9.2 oldest_ms=291.55 pack_ms=0.63 solve_ms=79.12
v5_device jobs=3 rows=54385 cells=191593 direct=true graph_reused=false upload_ms=136.51 capture_ms=4.41 queue_ms=151.44 gpu_ms=0.03 unpack_ms=24.95 total_ms=317.34
v5_service device=1 lane=0 class=3 jobs=3 rows=54385 cells=191593 reach=2707562 reverse=2736417 table_mib=87.7 mutable_mib=1536.0 max_job_mib=577.6 oldest_ms=1136.99 pack_ms=108.29 solve_ms=317.41
v5_device jobs=1 rows=45322 cells=228641 direct=true graph_reused=false upload_ms=102.37 capture_ms=3.61 queue_ms=99.33 gpu_ms=0.02 unpack_ms=9.30 total_ms=214.63
v5_service device=0 lane=1 class=3 jobs=1 rows=45322 cells=228641 reach=2482133 reverse=2483656 table_mib=78.1 mutable_mib=1024.0 max_job_mib=1133.1 oldest_ms=403.19 pack_ms=47.12 solve_ms=214.70
v5_device jobs=37 rows=25934 cells=125268 direct=true graph_reused=false upload_ms=73.61 capture_ms=3.38 queue_ms=180.36 gpu_ms=0.02 unpack_ms=7.20 total_ms=264.58
v5_service device=1 lane=1 class=1 jobs=37 rows=25934 cells=125268 reach=1926044 reverse=1961019 table_mib=57.8 mutable_mib=832.0 max_job_mib=38.8 oldest_ms=78.28 pack_ms=36.81 solve_ms=264.63
v5_device jobs=17 rows=39450 cells=256965 direct=true graph_reused=false upload_ms=94.06 capture_ms=4.24 queue_ms=137.18 gpu_ms=0.02 unpack_ms=12.33 total_ms=247.84
v5_service device=1 lane=0 class=2 jobs=17 rows=39450 cells=256965 reach=2229774 reverse=2289916 table_mib=71.4 mutable_mib=1344.0 max_job_mib=144.9 oldest_ms=1576.07 pack_ms=45.03 solve_ms=247.90
v5_device jobs=4 rows=9565 cells=16910 direct=true graph_reused=false upload_ms=12.35 capture_ms=3.67 queue_ms=27.50 gpu_ms=0.01 unpack_ms=1.45 total_ms=44.98
v5_service device=1 lane=1 class=2 jobs=4 rows=9565 cells=16910 reach=477418 reverse=479947 table_mib=15.3 mutable_mib=384.0 max_job_mib=140.5 oldest_ms=382.34 pack_ms=10.24 solve_ms=45.04
v5_device jobs=3 rows=765 cells=2909 direct=true graph_reused=false upload_ms=0.63 capture_ms=4.23 queue_ms=5.31 gpu_ms=0.01 unpack_ms=0.22 total_ms=10.40
v5_service device=1 lane=1 class=0 jobs=3 rows=765 cells=2909 reach=35174 reverse=35704 table_mib=1.2 mutable_mib=24.0 max_job_mib=9.0 oldest_ms=425.12 pack_ms=1.02 solve_ms=10.45
v5_device jobs=1 rows=23691 cells=29123 direct=true graph_reused=false upload_ms=56.07 capture_ms=3.25 queue_ms=57.19 gpu_ms=0.02 unpack_ms=3.16 total_ms=119.69
v5_service device=1 lane=1 class=3 jobs=1 rows=23691 cells=29123 reach=1432988 reverse=1433012 table_mib=43.6 mutable_mib=1024.0 max_job_mib=1086.4 oldest_ms=386.91 pack_ms=25.49 solve_ms=119.73
v5_device jobs=1 rows=94007 cells=4867733 direct=true graph_reused=false upload_ms=155.66 capture_ms=2.77 queue_ms=259.43 gpu_ms=5.49 unpack_ms=54.34 total_ms=477.68
v5_service device=0 lane=0 class=31 jobs=1 rows=94007 cells=4867733 reach=4108444 reverse=5047230 table_mib=175.7 mutable_mib=4096.0 max_job_mib=4352.1 oldest_ms=357.16 pack_ms=89.33 solve_ms=477.78
v5_device jobs=39 rows=27073 cells=158788 direct=true graph_reused=false upload_ms=64.50 capture_ms=3.09 queue_ms=104.83 gpu_ms=33.37 unpack_ms=9.10 total_ms=214.89
v5_service device=1 lane=1 class=1 jobs=39 rows=27073 cells=158788 reach=1827853 reverse=1864421 table_mib=56.2 mutable_mib=864.0 max_job_mib=35.2 oldest_ms=81.50 pack_ms=36.81 solve_ms=214.93
v5_device jobs=2 rows=48578 cells=75204 direct=true graph_reused=false upload_ms=52.84 capture_ms=5.62 queue_ms=83.57 gpu_ms=0.01 unpack_ms=2.14 total_ms=144.18
v5_service device=1 lane=1 class=3 jobs=2 rows=48578 cells=75204 reach=1047593 reverse=1047576 table_mib=45.2 mutable_mib=1536.0 max_job_mib=1053.5 oldest_ms=336.08 pack_ms=29.72 solve_ms=144.23
v5_device jobs=5 rows=1226 cells=7206 direct=true graph_reused=false upload_ms=0.72 capture_ms=2.93 queue_ms=46.81 gpu_ms=0.00 unpack_ms=0.14 total_ms=50.60
v5_service device=1 lane=1 class=0 jobs=5 rows=1226 cells=7206 reach=46383 reverse=48564 table_mib=1.7 mutable_mib=30.0 max_job_mib=8.8 oldest_ms=509.80 pack_ms=1.03 solve_ms=50.63
v5_device jobs=4 rows=14780 cells=72837 direct=true graph_reused=false upload_ms=28.42 capture_ms=3.19 queue_ms=32.72 gpu_ms=0.01 unpack_ms=1.27 total_ms=65.61
v5_service device=1 lane=1 class=2 jobs=4 rows=14780 cells=72837 reach=656626 reverse=668462 table_mib=22.2 mutable_mib=448.0 max_job_mib=276.3 oldest_ms=550.00 pack_ms=12.21 solve_ms=65.65
v5_device jobs=2 rows=101625 cells=269889 direct=true graph_reused=false upload_ms=244.16 capture_ms=2.97 queue_ms=377.29 gpu_ms=0.02 unpack_ms=60.32 total_ms=684.77
v5_service device=1 lane=0 class=3 jobs=2 rows=101625 cells=269889 reach=6544277 reverse=6545573 table_mib=196.7 mutable_mib=3072.0 max_job_mib=2244.3 oldest_ms=1849.06 pack_ms=228.25 solve_ms=684.84
v5_device jobs=1 rows=95301 cells=3321497 direct=true graph_reused=false upload_ms=140.27 capture_ms=2.61 queue_ms=337.36 gpu_ms=0.02 unpack_ms=86.27 total_ms=566.52
v5_service device=0 lane=0 class=31 jobs=1 rows=95301 cells=3321497 reach=3028981 reverse=3613891 table_mib=151.9 mutable_mib=4096.0 max_job_mib=4369.8 oldest_ms=1172.14 pack_ms=61.15 solve_ms=566.61
v5_device jobs=41 rows=26997 cells=138706 direct=true graph_reused=false upload_ms=66.97 capture_ms=4.24 queue_ms=95.98 gpu_ms=0.01 unpack_ms=5.98 total_ms=173.18
v5_service device=1 lane=0 class=1 jobs=41 rows=26997 cells=138706 reach=1785008 reverse=1824881 table_mib=55.2 mutable_mib=896.0 max_job_mib=37.9 oldest_ms=80.31 pack_ms=31.13 solve_ms=173.24
v5_device jobs=42 rows=31231 cells=166888 direct=true graph_reused=false upload_ms=67.38 capture_ms=3.10 queue_ms=155.23 gpu_ms=0.02 unpack_ms=7.46 total_ms=233.18
v5_service device=1 lane=1 class=1 jobs=42 rows=31231 cells=166888 reach=1934774 reverse=1970760 table_mib=60.6 mutable_mib=960.0 max_job_mib=38.6 oldest_ms=79.89 pack_ms=47.46 solve_ms=233.23
v5_device jobs=4 rows=1083 cells=8603 direct=true graph_reused=false upload_ms=1.66 capture_ms=3.62 queue_ms=14.17 gpu_ms=0.01 unpack_ms=0.43 total_ms=19.89
v5_service device=1 lane=0 class=0 jobs=4 rows=1083 cells=8603 reach=97783 reverse=99654 table_mib=2.9 mutable_mib=32.0 max_job_mib=9.8 oldest_ms=301.72 pack_ms=2.41 solve_ms=19.95
v5_device jobs=3 rows=5109 cells=8790 direct=true graph_reused=false upload_ms=10.97 capture_ms=3.73 queue_ms=23.71 gpu_ms=0.02 unpack_ms=1.46 total_ms=39.89
v5_service device=1 lane=1 class=2 jobs=3 rows=5109 cells=8790 reach=416633 reverse=416670 table_mib=11.9 mutable_mib=192.0 max_job_mib=76.7 oldest_ms=361.01 pack_ms=8.69 solve_ms=39.95
v5_device jobs=6 rows=1449 cells=3861 direct=true graph_reused=false upload_ms=1.43 capture_ms=3.91 queue_ms=49.79 gpu_ms=69.17 unpack_ms=0.55 total_ms=124.86
v5_service device=1 lane=1 class=0 jobs=6 rows=1449 cells=3861 reach=92590 reverse=93005 table_mib=2.9 mutable_mib=48.0 max_job_mib=9.2 oldest_ms=403.97 pack_ms=1.90 solve_ms=124.91
v5_device jobs=30 rows=8479 cells=29670 direct=true graph_reused=false upload_ms=11.21 capture_ms=3.55 queue_ms=27.00 gpu_ms=110.36 unpack_ms=1.98 total_ms=154.09
v5_service device=0 lane=0 class=0 jobs=30 rows=8479 cells=29670 reach=390162 reverse=396160 table_mib=13.3 mutable_mib=230.0 max_job_mib=9.8 oldest_ms=76.21 pack_ms=9.47 solve_ms=154.15
v5_device jobs=8 rows=17346 cells=119303 direct=true graph_reused=false upload_ms=22.44 capture_ms=4.38 queue_ms=42.08 gpu_ms=62.57 unpack_ms=3.09 total_ms=134.57
v5_service device=1 lane=0 class=2 jobs=8 rows=17346 cells=119303 reach=871378 reverse=914797 table_mib=29.1 mutable_mib=576.0 max_job_mib=133.1 oldest_ms=328.10 pack_ms=20.15 solve_ms=134.61
v5_device jobs=36 rows=23772 cells=132118 direct=true graph_reused=false upload_ms=122.62 capture_ms=3.75 queue_ms=71.35 gpu_ms=0.02 unpack_ms=5.55 total_ms=203.29
v5_service device=0 lane=1 class=1 jobs=36 rows=23772 cells=132118 reach=1541314 reverse=1569682 table_mib=47.7 mutable_mib=768.0 max_job_mib=39.0 oldest_ms=82.66 pack_ms=39.29 solve_ms=203.35
v5_device jobs=7 rows=2060 cells=4274 direct=true graph_reused=false upload_ms=1.54 capture_ms=4.37 queue_ms=10.10 gpu_ms=0.01 unpack_ms=0.52 total_ms=16.55
v5_service device=0 lane=1 class=0 jobs=7 rows=2060 cells=4274 reach=88402 reverse=88786 table_mib=3.0 mutable_mib=56.0 max_job_mib=8.8 oldest_ms=329.67 pack_ms=2.14 solve_ms=16.61
v5_device jobs=7 rows=25398 cells=107458 direct=true graph_reused=false upload_ms=18.26 capture_ms=3.50 queue_ms=41.27 gpu_ms=0.01 unpack_ms=5.04 total_ms=68.08
v5_service device=0 lane=1 class=2 jobs=7 rows=25398 cells=107458 reach=604246 reverse=612808 table_mib=25.8 mutable_mib=704.0 max_job_mib=265.6 oldest_ms=348.39 pack_ms=21.18 solve_ms=68.14
v5_device jobs=1 rows=20069 cells=176787 direct=true graph_reused=false upload_ms=90.15 capture_ms=3.57 queue_ms=99.03 gpu_ms=0.02 unpack_ms=9.67 total_ms=202.45
v5_service device=1 lane=1 class=3 jobs=1 rows=20069 cells=176787 reach=2305627 reverse=2307396 table_mib=63.2 mutable_mib=512.0 max_job_mib=604.3 oldest_ms=526.83 pack_ms=39.49 solve_ms=202.50
v5_device jobs=1 rows=21318 cells=162585 direct=true graph_reused=false upload_ms=143.76 capture_ms=3.73 queue_ms=169.89 gpu_ms=0.02 unpack_ms=40.83 total_ms=358.22
v5_service device=1 lane=0 class=3 jobs=1 rows=21318 cells=162585 reach=3856884 reverse=3890601 table_mib=99.9 mutable_mib=1024.0 max_job_mib=1174.3 oldest_ms=466.51 pack_ms=55.88 solve_ms=358.28
v5_device jobs=41 rows=28600 cells=87083 direct=true graph_reused=false upload_ms=56.27 capture_ms=3.36 queue_ms=75.50 gpu_ms=0.02 unpack_ms=6.44 total_ms=141.58
v5_service device=1 lane=1 class=1 jobs=41 rows=28600 cells=87083 reach=1459643 reverse=1468656 table_mib=47.4 mutable_mib=896.0 max_job_mib=35.8 oldest_ms=79.31 pack_ms=27.03 solve_ms=141.64
v5_device jobs=5 rows=1389 cells=8571 direct=true graph_reused=false upload_ms=1.54 capture_ms=4.21 queue_ms=10.64 gpu_ms=0.01 unpack_ms=0.46 total_ms=16.87
v5_service device=1 lane=1 class=0 jobs=5 rows=1389 cells=8571 reach=84947 reverse=86703 table_mib=2.7 mutable_mib=40.0 max_job_mib=9.1 oldest_ms=250.62 pack_ms=1.97 solve_ms=16.93
v5_device jobs=1 rows=1896 cells=2998 direct=true graph_reused=false upload_ms=1.34 capture_ms=4.59 queue_ms=7.40 gpu_ms=0.01 unpack_ms=0.17 total_ms=13.51
v5_service device=1 lane=1 class=2 jobs=1 rows=1896 cells=2998 reach=60956 reverse=60947 table_mib=2.2 mutable_mib=64.0 max_job_mib=67.0 oldest_ms=259.28 pack_ms=2.04 solve_ms=13.56
v5_device jobs=1 rows=14728 cells=30540 direct=true graph_reused=false upload_ms=9.15 capture_ms=4.78 queue_ms=32.40 gpu_ms=0.01 unpack_ms=0.46 total_ms=46.79
v5_service device=1 lane=1 class=3 jobs=1 rows=14728 cells=30540 reach=273532 reverse=273544 table_mib=12.9 mutable_mib=512.0 max_job_mib=528.2 oldest_ms=234.74 pack_ms=9.24 solve_ms=46.86
v5_device jobs=4 rows=11541 cells=47855 direct=true graph_reused=false upload_ms=24.48 capture_ms=3.74 queue_ms=47.29 gpu_ms=0.01 unpack_ms=2.14 total_ms=77.66
v5_service device=1 lane=0 class=2 jobs=4 rows=11541 cells=47855 reach=768253 reverse=776183 table_mib=23.3 mutable_mib=320.0 max_job_mib=138.6 oldest_ms=76.88 pack_ms=18.63 solve_ms=77.71
v5_device jobs=1 rows=25366 cells=357972 direct=true graph_reused=false upload_ms=121.98 capture_ms=3.57 queue_ms=178.86 gpu_ms=0.04 unpack_ms=43.07 total_ms=347.52
v5_service device=0 lane=1 class=3 jobs=1 rows=25366 cells=357972 reach=3560152 reverse=3574440 table_mib=95.5 mutable_mib=1024.0 max_job_mib=1163.6 oldest_ms=402.41 pack_ms=58.62 solve_ms=347.57
v5_device jobs=31 rows=19629 cells=100534 direct=true graph_reused=false upload_ms=46.08 capture_ms=4.48 queue_ms=79.97 gpu_ms=0.01 unpack_ms=3.94 total_ms=134.48
v5_service device=0 lane=1 class=1 jobs=31 rows=19629 cells=100534 reach=1120280 reverse=1142840 table_mib=35.8 mutable_mib=640.0 max_job_mib=35.7 oldest_ms=82.06 pack_ms=23.62 solve_ms=134.53
v5_device jobs=31 rows=21362 cells=106676 direct=true graph_reused=false upload_ms=74.40 capture_ms=4.39 queue_ms=125.86 gpu_ms=0.02 unpack_ms=7.92 total_ms=212.60
v5_service device=1 lane=1 class=1 jobs=31 rows=21362 cells=106676 reach=1510890 reverse=1531829 table_mib=45.8 mutable_mib=704.0 max_job_mib=39.8 oldest_ms=79.37 pack_ms=25.42 solve_ms=212.65
v5_device jobs=59 rows=39518 cells=181205 direct=true graph_reused=false upload_ms=103.54 capture_ms=3.55 queue_ms=146.20 gpu_ms=0.02 unpack_ms=13.45 total_ms=266.76
v5_service device=1 lane=0 class=1 jobs=59 rows=39518 cells=181205 reach=2638509 reverse=2683688 table_mib=81.0 mutable_mib=1312.0 max_job_mib=39.2 oldest_ms=185.97 pack_ms=48.45 solve_ms=266.82
v5_device jobs=6 rows=1838 cells=6076 direct=true graph_reused=false upload_ms=1.68 capture_ms=4.74 queue_ms=12.81 gpu_ms=0.02 unpack_ms=0.44 total_ms=19.67
v5_service device=1 lane=1 class=0 jobs=6 rows=1838 cells=6076 reach=86502 reverse=87668 table_mib=2.9 mutable_mib=48.0 max_job_mib=9.4 oldest_ms=334.68 pack_ms=1.92 solve_ms=19.73
v5_device jobs=1 rows=21280 cells=143680 direct=true graph_reused=false upload_ms=17.84 capture_ms=3.63 queue_ms=32.63 gpu_ms=0.01 unpack_ms=0.81 total_ms=54.92
v5_service device=1 lane=0 class=3 jobs=1 rows=21280 cells=143680 reach=458023 reverse=497940 table_mib=21.5 mutable_mib=512.0 max_job_mib=538.8 oldest_ms=500.53 pack_ms=14.35 solve_ms=54.98
v5_device jobs=4 rows=1082 cells=6769 direct=true graph_reused=false upload_ms=0.94 capture_ms=4.16 queue_ms=12.22 gpu_ms=0.01 unpack_ms=0.39 total_ms=17.71
v5_service device=1 lane=0 class=0 jobs=4 rows=1082 cells=6769 reach=81977 reverse=83978 table_mib=2.5 mutable_mib=32.0 max_job_mib=9.7 oldest_ms=569.09 pack_ms=1.70 solve_ms=17.77
v5_device jobs=4 rows=11229 cells=82466 direct=true graph_reused=false upload_ms=48.37 capture_ms=3.78 queue_ms=57.83 gpu_ms=0.02 unpack_ms=6.78 total_ms=116.79
v5_service device=0 lane=1 class=2 jobs=4 rows=11229 cells=82466 reach=1091477 reverse=1107876 table_mib=30.9 mutable_mib=448.0 max_job_mib=265.2 oldest_ms=281.52 pack_ms=22.24 solve_ms=116.85
v5_device jobs=2 rows=578 cells=8494 direct=true graph_reused=false upload_ms=1.01 capture_ms=4.07 queue_ms=7.23 gpu_ms=0.01 unpack_ms=0.28 total_ms=12.60
v5_service device=0 lane=1 class=0 jobs=2 rows=578 cells=8494 reach=69110 reverse=71558 table_mib=2.0 mutable_mib=16.0 max_job_mib=9.7 oldest_ms=391.21 pack_ms=1.43 solve_ms=12.65
v5_device jobs=174 rows=117142 cells=705831 direct=true graph_reused=false upload_ms=332.12 capture_ms=3.28 queue_ms=477.68 gpu_ms=0.02 unpack_ms=42.48 total_ms=855.58
v5_service device=0 lane=0 class=1 jobs=174 rows=117142 cells=705831 reach=8373514 reverse=8535765 table_mib=254.3 mutable_mib=3808.0 max_job_mib=40.3 oldest_ms=266.85 pack_ms=204.32 solve_ms=855.65
v5_device jobs=1 rows=28350 cells=54664 direct=true graph_reused=false upload_ms=21.69 capture_ms=4.52 queue_ms=50.35 gpu_ms=0.02 unpack_ms=2.55 total_ms=79.13
v5_service device=1 lane=0 class=3 jobs=1 rows=28350 cells=54664 reach=639249 reverse=639274 table_mib=27.3 mutable_mib=1024.0 max_job_mib=1059.3 oldest_ms=559.30 pack_ms=16.96 solve_ms=79.19
v5_device jobs=7 rows=12319 cells=88980 direct=true graph_reused=false upload_ms=45.66 capture_ms=3.78 queue_ms=94.57 gpu_ms=0.03 unpack_ms=5.27 total_ms=149.31
v5_service device=1 lane=1 class=2 jobs=7 rows=12319 cells=88980 reach=1169251 reverse=1187698 table_mib=33.3 mutable_mib=448.0 max_job_mib=77.7 oldest_ms=373.97 pack_ms=21.08 solve_ms=149.36
v5_device jobs=22 rows=14473 cells=105492 direct=true graph_reused=false upload_ms=53.45 capture_ms=3.86 queue_ms=62.30 gpu_ms=0.02 unpack_ms=4.78 total_ms=124.41
v5_service device=0 lane=1 class=1 jobs=22 rows=14473 cells=105492 reach=1284027 reverse=1317325 table_mib=37.8 mutable_mib=512.0 max_job_mib=37.8 oldest_ms=88.51 pack_ms=31.19 solve_ms=124.46
v5_device jobs=1 rows=170 cells=318 direct=true graph_reused=false upload_ms=0.17 capture_ms=4.05 queue_ms=2.43 gpu_ms=0.01 unpack_ms=0.05 total_ms=6.70
v5_service device=0 lane=1 class=0 jobs=1 rows=170 cells=318 reach=1915 reverse=2148 table_mib=0.1 mutable_mib=4.0 max_job_mib=4.1 oldest_ms=248.40 pack_ms=0.35 solve_ms=6.76
v5_device jobs=22 rows=15483 cells=139265 direct=true graph_reused=false upload_ms=41.60 capture_ms=3.76 queue_ms=84.20 gpu_ms=0.03 unpack_ms=4.85 total_ms=134.44
v5_service device=1 lane=1 class=1 jobs=22 rows=15483 cells=139265 reach=1057089 reverse=1086503 table_mib=33.0 mutable_mib=560.0 max_job_mib=37.1 oldest_ms=81.06 pack_ms=21.07 solve_ms=134.50
v5_device jobs=28 rows=19951 cells=376930 direct=true graph_reused=false upload_ms=62.74 capture_ms=4.63 queue_ms=74.29 gpu_ms=0.02 unpack_ms=5.61 total_ms=147.28
v5_service device=1 lane=0 class=1 jobs=28 rows=19951 cells=376930 reach=1289848 reverse=1411788 table_mib=43.4 mutable_mib=640.0 max_job_mib=39.3 oldest_ms=82.60 pack_ms=29.98 solve_ms=147.33
v5_device jobs=2 rows=5802 cells=16656 direct=true graph_reused=false upload_ms=4.26 capture_ms=4.11 queue_ms=19.94 gpu_ms=0.01 unpack_ms=0.46 total_ms=28.78
v5_service device=1 lane=1 class=2 jobs=2 rows=5802 cells=16656 reach=99028 reverse=111750 table_mib=5.1 mutable_mib=192.0 max_job_mib=131.5 oldest_ms=225.51 pack_ms=4.25 solve_ms=28.84
v5_device jobs=7 rows=2151 cells=9138 direct=true graph_reused=false upload_ms=2.61 capture_ms=6.20 queue_ms=13.26 gpu_ms=0.01 unpack_ms=0.75 total_ms=22.82
v5_service device=1 lane=0 class=0 jobs=7 rows=2151 cells=9138 reach=99390 reverse=101001 table_mib=3.4 mutable_mib=56.0 max_job_mib=9.5 oldest_ms=266.74 pack_ms=4.11 solve_ms=22.88
v5_device jobs=3 rows=957 cells=3265 direct=true graph_reused=false upload_ms=0.45 capture_ms=4.19 queue_ms=2.94 gpu_ms=0.01 unpack_ms=0.16 total_ms=7.75
v5_service device=1 lane=1 class=0 jobs=3 rows=957 cells=3265 reach=24102 reverse=24575 table_mib=1.0 mutable_mib=24.0 max_job_mib=8.5 oldest_ms=253.65 pack_ms=0.96 solve_ms=7.80
v5_device jobs=6 rows=18228 cells=83709 direct=true graph_reused=false upload_ms=42.49 capture_ms=3.97 queue_ms=55.15 gpu_ms=0.02 unpack_ms=4.89 total_ms=106.52
v5_service device=0 lane=1 class=2 jobs=6 rows=18228 cells=83709 reach=1022848 reverse=1040663 table_mib=32.3 mutable_mib=640.0 max_job_mib=277.1 oldest_ms=258.39 pack_ms=21.96 solve_ms=106.58
v5_device jobs=3 rows=5671 cells=41812 direct=true graph_reused=false upload_ms=3.21 capture_ms=4.03 queue_ms=14.07 gpu_ms=0.01 unpack_ms=0.76 total_ms=22.09
v5_service device=1 lane=0 class=2 jobs=3 rows=5671 cells=41812 reach=125930 reverse=129058 table_mib=5.8 mutable_mib=192.0 max_job_mib=67.5 oldest_ms=296.68 pack_ms=4.25 solve_ms=22.16
v5_device jobs=19 rows=50415 cells=367237 direct=true graph_reused=false upload_ms=160.92 capture_ms=5.70 queue_ms=209.26 gpu_ms=0.01 unpack_ms=18.42 total_ms=394.33
v5_service device=0 lane=0 class=2 jobs=19 rows=50415 cells=367237 reach=3752428 reverse=3787139 table_mib=111.9 mutable_mib=1728.0 max_job_mib=303.1 oldest_ms=1414.83 pack_ms=80.94 solve_ms=394.39
v5_device jobs=25 rows=15670 cells=112797 direct=true graph_reused=false upload_ms=49.99 capture_ms=3.54 queue_ms=63.65 gpu_ms=0.02 unpack_ms=5.11 total_ms=122.32
v5_service device=0 lane=1 class=1 jobs=25 rows=15670 cells=112797 reach=1214261 reverse=1240976 table_mib=36.5 mutable_mib=544.0 max_job_mib=37.8 oldest_ms=83.75 pack_ms=33.23 solve_ms=122.38
v5_device jobs=1 rows=2417 cells=42247 direct=true graph_reused=false upload_ms=1.28 capture_ms=3.37 queue_ms=18.68 gpu_ms=0.01 unpack_ms=0.52 total_ms=23.86
v5_service device=0 lane=1 class=2 jobs=1 rows=2417 cells=42247 reach=41101 reverse=42271 table_mib=3.2 mutable_mib=64.0 max_job_mib=71.9 oldest_ms=248.26 pack_ms=2.26 solve_ms=23.91
v5_device jobs=4 rows=1079 cells=5206 direct=true graph_reused=false upload_ms=0.74 capture_ms=3.52 queue_ms=6.63 gpu_ms=0.01 unpack_ms=0.21 total_ms=11.10
v5_service device=0 lane=1 class=0 jobs=4 rows=1079 cells=5206 reach=40869 reverse=43053 table_mib=1.5 mutable_mib=32.0 max_job_mib=8.9 oldest_ms=271.29 pack_ms=1.22 solve_ms=11.15
v5_device jobs=43 rows=27843 cells=235973 direct=true graph_reused=false upload_ms=73.39 capture_ms=4.48 queue_ms=111.50 gpu_ms=0.02 unpack_ms=6.95 total_ms=196.34
v5_service device=1 lane=0 class=1 jobs=43 rows=27843 cells=235973 reach=1706433 reverse=1759125 table_mib=54.2 mutable_mib=944.0 max_job_mib=37.1 oldest_ms=81.35 pack_ms=33.14 solve_ms=196.40
v5_device jobs=1 rows=45952 cells=343515 direct=true graph_reused=false upload_ms=101.32 capture_ms=3.57 queue_ms=168.08 gpu_ms=0.02 unpack_ms=11.23 total_ms=284.21
v5_service device=1 lane=1 class=3 jobs=1 rows=45952 cells=343515 reach=2224236 reverse=2285951 table_mib=73.8 mutable_mib=1024.0 max_job_mib=1125.1 oldest_ms=243.30 pack_ms=69.18 solve_ms=284.27
v5_device jobs=8 rows=15455 cells=90416 direct=true graph_reused=false upload_ms=12.23 capture_ms=4.57 queue_ms=29.92 gpu_ms=0.01 unpack_ms=1.71 total_ms=48.44
v5_service device=1 lane=0 class=2 jobs=8 rows=15455 cells=90416 reach=342286 reverse=355865 table_mib=15.7 mutable_mib=512.0 max_job_mib=67.4 oldest_ms=317.59 pack_ms=11.30 solve_ms=48.50
v5_device jobs=5 rows=1362 cells=10428 direct=true graph_reused=false upload_ms=0.85 capture_ms=4.06 queue_ms=7.36 gpu_ms=0.01 unpack_ms=0.30 total_ms=12.58
v5_service device=1 lane=0 class=0 jobs=5 rows=1362 cells=10428 reach=45267 reverse=45311 table_mib=1.7 mutable_mib=40.0 max_job_mib=9.0 oldest_ms=378.30 pack_ms=1.52 solve_ms=12.64
v5_device jobs=36 rows=21413 cells=93811 direct=true graph_reused=false upload_ms=53.14 capture_ms=3.41 queue_ms=75.83 gpu_ms=0.02 unpack_ms=6.70 total_ms=139.09
v5_service device=1 lane=1 class=1 jobs=36 rows=21413 cells=93811 reach=1344331 reverse=1357935 table_mib=41.7 mutable_mib=752.0 max_job_mib=38.5 oldest_ms=79.10 pack_ms=26.41 solve_ms=139.17
v5_device jobs=7 rows=1837 cells=13835 direct=true graph_reused=false upload_ms=1.46 capture_ms=5.89 queue_ms=22.60 gpu_ms=0.01 unpack_ms=0.49 total_ms=30.45
v5_service device=1 lane=1 class=0 jobs=7 rows=1837 cells=13835 reach=70908 reverse=73910 table_mib=2.8 mutable_mib=56.0 max_job_mib=9.2 oldest_ms=249.77 pack_ms=3.36 solve_ms=30.51
v5_device jobs=40 rows=26462 cells=314282 direct=true graph_reused=false upload_ms=47.56 capture_ms=3.65 queue_ms=74.69 gpu_ms=0.02 unpack_ms=6.18 total_ms=132.10
v5_service device=1 lane=0 class=1 jobs=40 rows=26462 cells=314282 reach=1155478 reverse=1217412 table_mib=41.8 mutable_mib=864.0 max_job_mib=37.5 oldest_ms=81.19 pack_ms=23.88 solve_ms=132.16
v5_device jobs=38 rows=23717 cells=135771 direct=true graph_reused=false upload_ms=55.09 capture_ms=4.37 queue_ms=175.98 gpu_ms=0.02 unpack_ms=6.01 total_ms=241.47
v5_service device=0 lane=1 class=1 jobs=38 rows=23717 cells=135771 reach=1317017 reverse=1353559 table_mib=42.8 mutable_mib=768.0 max_job_mib=35.5 oldest_ms=81.14 pack_ms=29.45 solve_ms=241.53
v5_device jobs=3 rows=97005 cells=328560 direct=true graph_reused=false upload_ms=151.93 capture_ms=3.20 queue_ms=220.33 gpu_ms=0.02 unpack_ms=13.15 total_ms=388.63
v5_service device=0 lane=0 class=3 jobs=3 rows=97005 cells=328560 reach=2978496 reverse=2981886 table_mib=113.2 mutable_mib=3072.0 max_job_mib=1109.1 oldest_ms=1900.27 pack_ms=69.29 solve_ms=388.70
v5_device jobs=1 rows=22660 cells=42455 direct=true graph_reused=false upload_ms=13.87 capture_ms=4.91 queue_ms=51.19 gpu_ms=0.01 unpack_ms=0.84 total_ms=70.81
v5_service device=1 lane=1 class=3 jobs=1 rows=22660 cells=42455 reach=308361 reverse=308353 table_mib=16.9 mutable_mib=512.0 max_job_mib=532.7 oldest_ms=281.18 pack_ms=11.53 solve_ms=70.88
v5_device jobs=3 rows=5204 cells=155973 direct=true graph_reused=false upload_ms=13.60 capture_ms=4.85 queue_ms=34.73 gpu_ms=0.02 unpack_ms=2.08 total_ms=55.27
v5_service device=1 lane=0 class=2 jobs=3 rows=5204 cells=155973 reach=563303 reverse=592838 table_mib=16.8 mutable_mib=192.0 max_job_mib=80.1 oldest_ms=243.48 pack_ms=11.22 solve_ms=55.33
v5_device jobs=7 rows=13668 cells=165787 direct=true graph_reused=false upload_ms=20.64 capture_ms=3.81 queue_ms=48.16 gpu_ms=0.02 unpack_ms=2.40 total_ms=75.03
v5_service device=0 lane=1 class=2 jobs=7 rows=13668 cells=165787 reach=730344 reverse=743573 table_mib=24.0 mutable_mib=512.0 max_job_mib=131.2 oldest_ms=360.94 pack_ms=19.52 solve_ms=75.09
v5_device jobs=7 rows=12743 cells=70387 direct=true graph_reused=false upload_ms=17.15 capture_ms=3.67 queue_ms=36.74 gpu_ms=0.01 unpack_ms=2.46 total_ms=60.03
v5_service device=1 lane=1 class=2 jobs=7 rows=12743 cells=70387 reach=657528 reverse=675350 table_mib=21.5 mutable_mib=448.0 max_job_mib=72.1 oldest_ms=365.05 pack_ms=14.98 solve_ms=60.09
v5_device jobs=1 rows=20160 cells=182652 direct=true graph_reused=false upload_ms=62.60 capture_ms=3.34 queue_ms=69.45 gpu_ms=0.02 unpack_ms=5.17 total_ms=140.59
v5_service device=0 lane=0 class=3 jobs=1 rows=20160 cells=182652 reach=1624928 reverse=1673201 table_mib=47.9 mutable_mib=512.0 max_job_mib=580.5 oldest_ms=2284.91 pack_ms=28.65 solve_ms=140.64
v5_device jobs=1 rows=23731 cells=175627 direct=true graph_reused=false upload_ms=74.19 capture_ms=3.45 queue_ms=63.02 gpu_ms=0.02 unpack_ms=5.90 total_ms=146.58
v5_service device=1 lane=0 class=3 jobs=1 rows=23731 cells=175627 reach=1707626 reverse=1748880 table_mib=51.1 mutable_mib=1024.0 max_job_mib=1096.8 oldest_ms=319.77 pack_ms=23.83 solve_ms=146.64
v5_device jobs=5 rows=1475 cells=12933 direct=true graph_reused=false upload_ms=1.30 capture_ms=3.71 queue_ms=11.01 gpu_ms=0.01 unpack_ms=0.35 total_ms=16.38
v5_service device=1 lane=0 class=0 jobs=5 rows=1475 cells=12933 reach=87031 reverse=89222 table_mib=2.8 mutable_mib=40.0 max_job_mib=9.5 oldest_ms=490.31 pack_ms=1.82 solve_ms=16.43
v5_device jobs=35 rows=23987 cells=192463 direct=true graph_reused=false upload_ms=66.06 capture_ms=3.58 queue_ms=94.31 gpu_ms=0.01 unpack_ms=8.66 total_ms=172.62
v5_service device=1 lane=1 class=1 jobs=35 rows=23987 cells=192463 reach=1650296 reverse=1687575 table_mib=51.0 mutable_mib=768.0 max_job_mib=38.6 oldest_ms=81.45 pack_ms=33.51 solve_ms=172.68
v5_device jobs=3 rows=8257 cells=39074 direct=true graph_reused=false upload_ms=12.26 capture_ms=4.49 queue_ms=50.26 gpu_ms=0.01 unpack_ms=1.52 total_ms=68.54
v5_service device=1 lane=1 class=2 jobs=3 rows=8257 cells=39074 reach=600704 reverse=603698 table_mib=17.8 mutable_mib=256.0 max_job_mib=134.1 oldest_ms=299.67 pack_ms=11.36 solve_ms=68.60
v5_device jobs=6 rows=1791 cells=25251 direct=true graph_reused=false upload_ms=1.55 capture_ms=4.32 queue_ms=15.83 gpu_ms=0.01 unpack_ms=0.43 total_ms=22.13
v5_service device=1 lane=1 class=0 jobs=6 rows=1791 cells=25251 reach=102161 reverse=108072 table_mib=3.4 mutable_mib=48.0 max_job_mib=9.3 oldest_ms=373.04 pack_ms=2.04 solve_ms=22.18
v5_device jobs=28 rows=19130 cells=123066 direct=true graph_reused=false upload_ms=55.97 capture_ms=3.79 queue_ms=211.17 gpu_ms=0.01 unpack_ms=5.02 total_ms=275.96
v5_service device=0 lane=0 class=1 jobs=28 rows=19130 cells=123066 reach=1352606 reverse=1380053 table_mib=41.2 mutable_mib=640.0 max_job_mib=39.9 oldest_ms=83.78 pack_ms=27.94 solve_ms=276.03
v5_device jobs=2 rows=27540 cells=249894 direct=true graph_reused=false upload_ms=109.09 capture_ms=3.29 queue_ms=161.00 gpu_ms=0.02 unpack_ms=27.67 total_ms=301.06
v5_service device=1 lane=0 class=3 jobs=2 rows=27540 cells=249894 reach=3023901 reverse=3091371 table_mib=84.3 mutable_mib=1024.0 max_job_mib=599.6 oldest_ms=513.64 pack_ms=47.51 solve_ms=301.13
v5_device jobs=2 rows=75560 cells=420736 direct=true graph_reused=false upload_ms=182.32 capture_ms=3.37 queue_ms=263.54 gpu_ms=27.97 unpack_ms=36.71 total_ms=513.91
v5_service device=0 lane=1 class=3 jobs=2 rows=75560 cells=420736 reach=4549912 reverse=4646548 table_mib=141.8 mutable_mib=3072.0 max_job_mib=2161.5 oldest_ms=448.89 pack_ms=70.47 solve_ms=513.97
v5_device jobs=2 rows=571 cells=4821 direct=true graph_reused=false upload_ms=0.54 capture_ms=4.55 queue_ms=15.57 gpu_ms=0.01 unpack_ms=0.16 total_ms=20.82
v5_service device=0 lane=1 class=0 jobs=2 rows=571 cells=4821 reach=27916 reverse=28402 table_mib=0.9 mutable_mib=16.0 max_job_mib=9.0 oldest_ms=1033.47 pack_ms=0.75 solve_ms=20.87
v5_device jobs=6 rows=13979 cells=61555 direct=true graph_reused=false upload_ms=41.52 capture_ms=3.27 queue_ms=57.57 gpu_ms=0.02 unpack_ms=3.98 total_ms=106.37
v5_service device=0 lane=0 class=2 jobs=6 rows=13979 cells=61555 reach=952825 reverse=963919 table_mib=28.6 mutable_mib=448.0 max_job_mib=135.8 oldest_ms=393.01 pack_ms=19.96 solve_ms=106.43
v5_device jobs=3 rows=817 cells=4802 direct=true graph_reused=false upload_ms=0.88 capture_ms=4.01 queue_ms=6.83 gpu_ms=0.01 unpack_ms=0.25 total_ms=11.99
v5_service device=0 lane=0 class=0 jobs=3 rows=817 cells=4802 reach=56057 reverse=57158 table_mib=1.7 mutable_mib=20.0 max_job_mib=8.9 oldest_ms=517.14 pack_ms=1.44 solve_ms=12.05
v5_device jobs=31 rows=24201 cells=371214 direct=true graph_reused=false upload_ms=30.33 capture_ms=5.08 queue_ms=79.73 gpu_ms=0.02 unpack_ms=6.23 total_ms=121.39
v5_service device=1 lane=0 class=1 jobs=31 rows=24201 cells=371214 reach=1068868 reverse=1145594 table_mib=39.7 mutable_mib=736.0 max_job_mib=37.7 oldest_ms=84.68 pack_ms=25.97 solve_ms=121.45
v5_device jobs=2 rows=4903 cells=31223 direct=true graph_reused=false upload_ms=2.39 capture_ms=3.67 queue_ms=10.83 gpu_ms=0.01 unpack_ms=0.39 total_ms=17.29
v5_service device=1 lane=0 class=2 jobs=2 rows=4903 cells=31223 reach=95153 reverse=100881 table_mib=4.4 mutable_mib=128.0 max_job_mib=67.9 oldest_ms=235.46 pack_ms=2.96 solve_ms=17.35
v5_device jobs=30 rows=20072 cells=314786 direct=true graph_reused=false upload_ms=67.33 capture_ms=3.61 queue_ms=137.81 gpu_ms=0.02 unpack_ms=11.20 total_ms=219.96
v5_service device=1 lane=1 class=1 jobs=30 rows=20072 cells=314786 reach=1739151 reverse=1827208 table_mib=53.1 mutable_mib=672.0 max_job_mib=38.8 oldest_ms=85.10 pack_ms=32.74 solve_ms=220.02
v5_device jobs=6 rows=16821 cells=45691 direct=true graph_reused=false upload_ms=32.31 capture_ms=3.78 queue_ms=46.56 gpu_ms=0.02 unpack_ms=7.48 total_ms=90.15
v5_service device=0 lane=1 class=2 jobs=6 rows=16821 cells=45691 reach=848771 reverse=851916 table_mib=27.2 mutable_mib=640.0 max_job_mib=143.9 oldest_ms=84.66 pack_ms=15.64 solve_ms=90.20
v5_device jobs=22 rows=16388 cells=84914 direct=true graph_reused=false upload_ms=43.91 capture_ms=5.37 queue_ms=54.62 gpu_ms=0.02 unpack_ms=3.74 total_ms=107.66
v5_service device=0 lane=0 class=1 jobs=22 rows=16388 cells=84914 reach=993877 reverse=1013098 table_mib=31.0 mutable_mib=512.0 max_job_mib=41.1 oldest_ms=85.04 pack_ms=18.08 solve_ms=107.74
v5_device jobs=7 rows=25379 cells=141690 direct=true graph_reused=false upload_ms=40.58 capture_ms=3.77 queue_ms=43.44 gpu_ms=0.01 unpack_ms=2.51 total_ms=90.30
v5_service device=1 lane=1 class=2 jobs=7 rows=25379 cells=141690 reach=813786 reverse=827659 table_mib=30.9 mutable_mib=704.0 max_job_mib=264.2 oldest_ms=348.86 pack_ms=22.12 solve_ms=90.36
v5_device jobs=1 rows=260 cells=2127 direct=true graph_reused=false upload_ms=0.52 capture_ms=4.01 queue_ms=5.96 gpu_ms=0.01 unpack_ms=0.06 total_ms=10.56
v5_service device=1 lane=1 class=0 jobs=1 rows=260 cells=2127 reach=32767 reverse=33370 table_mib=0.9 mutable_mib=8.0 max_job_mib=9.4 oldest_ms=448.47 pack_ms=0.73 solve_ms=10.62
v5_device jobs=24 rows=16531 cells=173632 direct=true graph_reused=false upload_ms=42.29 capture_ms=3.37 queue_ms=50.34 gpu_ms=0.01 unpack_ms=3.94 total_ms=99.95
v5_service device=0 lane=1 class=1 jobs=24 rows=16531 cells=173632 reach=965990 reverse=1005689 table_mib=31.6 mutable_mib=544.0 max_job_mib=35.9 oldest_ms=201.53 pack_ms=22.57 solve_ms=100.01
v5_device jobs=37 rows=23534 cells=161499 direct=true graph_reused=false upload_ms=53.03 capture_ms=3.27 queue_ms=58.80 gpu_ms=0.01 unpack_ms=4.49 total_ms=119.60
v5_service device=1 lane=0 class=1 jobs=37 rows=23534 cells=161499 reach=1242217 reverse=1277829 table_mib=40.8 mutable_mib=768.0 max_job_mib=36.7 oldest_ms=82.01 pack_ms=26.95 solve_ms=119.66
v5_device jobs=6 rows=1976 cells=24049 direct=true graph_reused=false upload_ms=1.17 capture_ms=4.16 queue_ms=12.04 gpu_ms=0.01 unpack_ms=0.44 total_ms=17.83
v5_service device=1 lane=0 class=0 jobs=6 rows=1976 cells=24049 reach=60355 reverse=67212 table_mib=2.7 mutable_mib=48.0 max_job_mib=9.1 oldest_ms=229.72 pack_ms=1.77 solve_ms=17.89
v5_device jobs=6 rows=1547 cells=16533 direct=true graph_reused=false upload_ms=17.70 capture_ms=4.20 queue_ms=65.32 gpu_ms=0.01 unpack_ms=0.60 total_ms=87.83
v5_service device=0 lane=1 class=0 jobs=6 rows=1547 cells=16533 reach=121063 reverse=125553 table_mib=3.8 mutable_mib=48.0 max_job_mib=10.0 oldest_ms=320.64 pack_ms=2.60 solve_ms=87.88
v5_device jobs=1 rows=2496 cells=165535 direct=true graph_reused=false upload_ms=2.00 capture_ms=3.43 queue_ms=12.69 gpu_ms=0.01 unpack_ms=0.40 total_ms=18.53
v5_service device=1 lane=0 class=2 jobs=1 rows=2496 cells=165535 reach=132879 reverse=165581 table_mib=5.8 mutable_mib=64.0 max_job_mib=72.5 oldest_ms=242.96 pack_ms=3.30 solve_ms=18.59
v5_device jobs=1 rows=26700 cells=102268 direct=true graph_reused=false upload_ms=80.75 capture_ms=3.92 queue_ms=77.84 gpu_ms=0.01 unpack_ms=6.49 total_ms=169.01
v5_service device=0 lane=0 class=3 jobs=1 rows=26700 cells=102268 reach=1948743 reverse=1950332 table_mib=57.3 mutable_mib=1024.0 max_job_mib=1106.4 oldest_ms=202.57 pack_ms=31.82 solve_ms=169.07
v5_device jobs=2 rows=657 cells=4959 direct=true graph_reused=false upload_ms=0.63 capture_ms=3.74 queue_ms=5.28 gpu_ms=0.01 unpack_ms=0.14 total_ms=9.80
v5_service device=0 lane=0 class=0 jobs=2 rows=657 cells=4959 reach=40957 reverse=42217 table_mib=1.3 mutable_mib=16.0 max_job_mib=9.1 oldest_ms=377.06 pack_ms=0.97 solve_ms=9.84
v5_device jobs=1 rows=26440 cells=116435 direct=true graph_reused=false upload_ms=19.15 capture_ms=3.45 queue_ms=37.76 gpu_ms=0.01 unpack_ms=0.82 total_ms=61.19
v5_service device=0 lane=1 class=3 jobs=1 rows=26440 cells=116435 reach=543237 reverse=543939 table_mib=24.8 mutable_mib=1024.0 max_job_mib=1054.9 oldest_ms=357.79 pack_ms=16.49 solve_ms=61.24
v5_device jobs=20 rows=13807 cells=569766 direct=true graph_reused=false upload_ms=42.45 capture_ms=3.31 queue_ms=64.64 gpu_ms=0.02 unpack_ms=5.85 total_ms=116.26
v5_service device=1 lane=1 class=1 jobs=20 rows=13807 cells=569766 reach=1074475 reverse=1259929 table_mib=38.7 mutable_mib=464.0 max_job_mib=41.9 oldest_ms=84.70 pack_ms=22.19 solve_ms=116.32
v5_device jobs=5 rows=1172 cells=7431 direct=true graph_reused=false upload_ms=1.46 capture_ms=3.56 queue_ms=13.36 gpu_ms=0.01 unpack_ms=0.40 total_ms=18.79
v5_service device=1 lane=1 class=0 jobs=5 rows=1172 cells=7431 reach=94006 reverse=95271 table_mib=2.8 mutable_mib=32.0 max_job_mib=9.8 oldest_ms=225.52 pack_ms=1.90 solve_ms=18.84
v5_device jobs=30 rows=19515 cells=170651 direct=true graph_reused=false upload_ms=40.77 capture_ms=3.07 queue_ms=56.45 gpu_ms=0.02 unpack_ms=4.86 total_ms=105.17
v5_service device=0 lane=0 class=1 jobs=30 rows=19515 cells=170651 reach=1032116 reverse=1059667 table_mib=34.6 mutable_mib=656.0 max_job_mib=37.3 oldest_ms=81.67 pack_ms=20.52 solve_ms=105.23
v5_device jobs=37 rows=23368 cells=422455 direct=true graph_reused=false upload_ms=48.31 capture_ms=3.63 queue_ms=69.36 gpu_ms=0.01 unpack_ms=7.49 total_ms=128.79
v5_service device=1 lane=0 class=1 jobs=37 rows=23368 cells=422455 reach=1143161 reverse=1238415 table_mib=42.5 mutable_mib=768.0 max_job_mib=36.0 oldest_ms=82.40 pack_ms=22.89 solve_ms=128.84
v5_device jobs=7 rows=1976 cells=23166 direct=true graph_reused=false upload_ms=13.40 capture_ms=8.14 queue_ms=63.66 gpu_ms=0.01 unpack_ms=0.47 total_ms=85.69
v5_service device=0 lane=0 class=0 jobs=7 rows=1976 cells=23166 reach=97719 reverse=103156 table_mib=3.4 mutable_mib=52.0 max_job_mib=10.1 oldest_ms=211.93 pack_ms=3.99 solve_ms=85.76
v5_device jobs=36 rows=26131 cells=148768 direct=true graph_reused=false upload_ms=69.88 capture_ms=4.19 queue_ms=75.38 gpu_ms=0.01 unpack_ms=5.95 total_ms=155.41
v5_service device=0 lane=1 class=1 jobs=36 rows=26131 cells=148768 reach=1692230 reverse=1720834 table_mib=52.4 mutable_mib=832.0 max_job_mib=38.2 oldest_ms=81.05 pack_ms=36.38 solve_ms=155.47
v5_device jobs=5 rows=9161 cells=80739 direct=true graph_reused=false upload_ms=10.70 capture_ms=4.63 queue_ms=76.34 gpu_ms=0.02 unpack_ms=2.56 total_ms=94.25
v5_service device=1 lane=0 class=2 jobs=5 rows=9161 cells=80739 reach=380218 reverse=389593 table_mib=13.3 mutable_mib=320.0 max_job_mib=76.7 oldest_ms=239.64 pack_ms=9.18 solve_ms=94.30
v5_device jobs=6 rows=1661 cells=12765 direct=true graph_reused=false upload_ms=1.36 capture_ms=3.79 queue_ms=11.15 gpu_ms=0.01 unpack_ms=0.41 total_ms=16.72
v5_service device=1 lane=0 class=0 jobs=6 rows=1661 cells=12765 reach=65244 reverse=67723 table_mib=2.5 mutable_mib=48.0 max_job_mib=8.9 oldest_ms=343.23 pack_ms=1.94 solve_ms=16.77
v5_device jobs=11 rows=28975 cells=201423 direct=true graph_reused=false upload_ms=69.24 capture_ms=3.94 queue_ms=110.86 gpu_ms=0.02 unpack_ms=16.08 total_ms=200.13
v5_service device=1 lane=1 class=2 jobs=11 rows=28975 cells=201423 reach=1741724 reverse=1781505 table_mib=54.9 mutable_mib=1024.0 max_job_mib=267.0 oldest_ms=252.08 pack_ms=41.47 solve_ms=200.19
v5_device jobs=6 rows=11828 cells=29360 direct=true graph_reused=false upload_ms=14.65 capture_ms=4.50 queue_ms=35.50 gpu_ms=0.01 unpack_ms=2.30 total_ms=56.96
v5_service device=0 lane=1 class=2 jobs=6 rows=11828 cells=29360 reach=573211 reverse=575750 table_mib=18.6 mutable_mib=448.0 max_job_mib=132.6 oldest_ms=277.82 pack_ms=12.33 solve_ms=57.01
v5_device jobs=5 rows=9711 cells=109064 direct=true graph_reused=false upload_ms=13.93 capture_ms=5.08 queue_ms=56.81 gpu_ms=0.02 unpack_ms=2.23 total_ms=78.06
v5_service device=0 lane=0 class=2 jobs=5 rows=9711 cells=109064 reach=504648 reverse=514791 table_mib=16.7 mutable_mib=384.0 max_job_mib=140.6 oldest_ms=303.68 pack_ms=11.66 solve_ms=78.13
v5_device jobs=3 rows=739 cells=7455 direct=true graph_reused=false upload_ms=0.99 capture_ms=4.17 queue_ms=9.55 gpu_ms=0.01 unpack_ms=0.26 total_ms=14.98
v5_service device=0 lane=1 class=0 jobs=3 rows=739 cells=7455 reach=65920 reverse=68120 table_mib=2.0 mutable_mib=20.0 max_job_mib=9.7 oldest_ms=347.03 pack_ms=1.57 solve_ms=15.05
v5_device jobs=39 rows=27365 cells=443987 direct=true graph_reused=false upload_ms=28.63 capture_ms=3.52 queue_ms=62.53 gpu_ms=0.02 unpack_ms=6.36 total_ms=101.06
v5_service device=1 lane=0 class=1 jobs=39 rows=27365 cells=443987 reach=1063429 reverse=1150959 table_mib=41.6 mutable_mib=880.0 max_job_mib=36.8 oldest_ms=82.18 pack_ms=25.33 solve_ms=101.12
v5_device jobs=4 rows=983 cells=4605 direct=true graph_reused=false upload_ms=0.39 capture_ms=4.07 queue_ms=3.00 gpu_ms=0.01 unpack_ms=0.20 total_ms=7.67
v5_service device=1 lane=0 class=0 jobs=4 rows=983 cells=4605 reach=14580 reverse=14633 table_mib=0.8 mutable_mib=28.0 max_job_mib=8.4 oldest_ms=215.37 pack_ms=0.70 solve_ms=7.74
v5_device jobs=24 rows=17365 cells=469044 direct=true graph_reused=false upload_ms=29.31 capture_ms=3.51 queue_ms=52.53 gpu_ms=0.02 unpack_ms=5.70 total_ms=91.07
v5_service device=0 lane=0 class=1 jobs=24 rows=17365 cells=469044 reach=540603 reverse=650605 table_mib=26.0 mutable_mib=544.0 max_job_mib=36.1 oldest_ms=79.91 pack_ms=15.01 solve_ms=91.13
v5_device jobs=2 rows=572 cells=27086 direct=true graph_reused=false upload_ms=0.47 capture_ms=4.35 queue_ms=34.76 gpu_ms=0.01 unpack_ms=0.23 total_ms=39.81
v5_service device=0 lane=0 class=0 jobs=2 rows=572 cells=27086 reach=20541 reverse=27086 table_mib=1.0 mutable_mib=16.0 max_job_mib=9.3 oldest_ms=190.01 pack_ms=1.08 solve_ms=39.87
v5_device jobs=6 rows=12641 cells=398373 direct=true graph_reused=false upload_ms=11.55 capture_ms=3.81 queue_ms=27.63 gpu_ms=0.02 unpack_ms=2.45 total_ms=45.48
v5_service device=1 lane=0 class=2 jobs=6 rows=12641 cells=398373 reach=392842 reverse=449888 table_mib=17.7 mutable_mib=384.0 max_job_mib=74.3 oldest_ms=226.28 pack_ms=11.23 solve_ms=45.52
v5_device jobs=38 rows=25868 cells=343963 direct=true graph_reused=false upload_ms=49.15 capture_ms=3.75 queue_ms=73.91 gpu_ms=0.02 unpack_ms=6.42 total_ms=133.26
v5_service device=0 lane=1 class=1 jobs=38 rows=25868 cells=343963 reach=1149405 reverse=1236941 table_mib=42.4 mutable_mib=848.0 max_job_mib=36.4 oldest_ms=79.88 pack_ms=23.68 solve_ms=133.32
v5_device jobs=3 rows=6308 cells=31411 direct=true graph_reused=false upload_ms=2.19 capture_ms=3.71 queue_ms=20.11 gpu_ms=0.02 unpack_ms=2.18 total_ms=28.21
v5_service device=0 lane=0 class=2 jobs=3 rows=6308 cells=31411 reach=30449 reverse=31411 table_mib=4.0 mutable_mib=256.0 max_job_mib=130.9 oldest_ms=231.74 pack_ms=2.72 solve_ms=28.27
v5_device jobs=7 rows=1971 cells=10642 direct=true graph_reused=false upload_ms=1.11 capture_ms=4.56 queue_ms=10.15 gpu_ms=0.01 unpack_ms=0.34 total_ms=16.17
v5_service device=0 lane=1 class=0 jobs=7 rows=1971 cells=10642 reach=56003 reverse=56397 table_mib=2.2 mutable_mib=56.0 max_job_mib=8.9 oldest_ms=240.29 pack_ms=1.81 solve_ms=16.23
v5_device jobs=3 rows=7209 cells=489609 direct=true graph_reused=false upload_ms=6.93 capture_ms=3.46 queue_ms=28.81 gpu_ms=0.01 unpack_ms=2.41 total_ms=41.62
v5_service device=0 lane=1 class=2 jobs=3 rows=7209 cells=489609 reach=350765 reverse=489729 table_mib=17.2 mutable_mib=256.0 max_job_mib=140.7 oldest_ms=238.75 pack_ms=9.32 solve_ms=41.68
v5_device jobs=1 rows=43027 cells=209167 direct=true graph_reused=false upload_ms=66.67 capture_ms=3.51 queue_ms=63.28 gpu_ms=0.02 unpack_ms=4.23 total_ms=137.72
v5_service device=1 lane=0 class=3 jobs=1 rows=43027 cells=209167 reach=1270008 reverse=1271363 table_mib=49.1 mutable_mib=1024.0 max_job_mib=1088.1 oldest_ms=281.44 pack_ms=32.68 solve_ms=137.78
v5_device jobs=28 rows=18559 cells=668515 direct=true graph_reused=false upload_ms=41.66 capture_ms=3.25 queue_ms=53.50 gpu_ms=0.02 unpack_ms=6.37 total_ms=104.80
v5_service device=0 lane=0 class=1 jobs=28 rows=18559 cells=668515 reach=1051486 reverse=1205059 table_mib=39.7 mutable_mib=624.0 max_job_mib=37.0 oldest_ms=83.61 pack_ms=23.28 solve_ms=104.87
v5_device jobs=4 rows=9626 cells=259266 direct=true graph_reused=false upload_ms=19.48 capture_ms=4.01 queue_ms=34.62 gpu_ms=0.01 unpack_ms=1.54 total_ms=59.67
v5_service device=0 lane=0 class=2 jobs=4 rows=9626 cells=259266 reach=226732 reverse=274910 table_mib=11.7 mutable_mib=320.0 max_job_mib=134.0 oldest_ms=241.93 pack_ms=6.52 solve_ms=59.72
v5_device jobs=1 rows=288 cells=9932 direct=true graph_reused=false upload_ms=0.21 capture_ms=3.71 queue_ms=1.96 gpu_ms=0.00 unpack_ms=0.04 total_ms=5.92
v5_service device=0 lane=0 class=0 jobs=1 rows=288 cells=9932 reach=7369 reverse=9932 table_mib=0.4 mutable_mib=8.0 max_job_mib=8.6 oldest_ms=301.69 pack_ms=0.39 solve_ms=5.96
v5_device jobs=30 rows=19490 cells=617405 direct=true graph_reused=false upload_ms=62.04 capture_ms=3.44 queue_ms=81.57 gpu_ms=0.01 unpack_ms=5.96 total_ms=153.02
v5_service device=0 lane=1 class=1 jobs=30 rows=19490 cells=617405 reach=1149486 reverse=1330095 table_mib=43.7 mutable_mib=656.0 max_job_mib=43.3 oldest_ms=79.45 pack_ms=24.05 solve_ms=153.07
v5_device jobs=1 rows=15181 cells=18508 direct=true graph_reused=false upload_ms=11.56 capture_ms=3.55 queue_ms=24.12 gpu_ms=0.01 unpack_ms=0.73 total_ms=39.97
v5_service device=0 lane=1 class=3 jobs=1 rows=15181 cells=18508 reach=416640 reverse=416632 table_mib=16.2 mutable_mib=512.0 max_job_mib=533.6 oldest_ms=256.76 pack_ms=10.58 solve_ms=40.03
v5_device jobs=20 rows=5515 cells=139021 direct=true graph_reused=false upload_ms=4.79 capture_ms=3.81 queue_ms=33.53 gpu_ms=0.01 unpack_ms=1.14 total_ms=43.28
v5_service device=0 lane=0 class=0 jobs=20 rows=5515 cells=139021 reach=152381 reverse=193461 table_mib=7.8 mutable_mib=152.0 max_job_mib=9.7 oldest_ms=76.23 pack_ms=4.32 solve_ms=43.33
v5_device jobs=6 rows=12330 cells=70194 direct=true graph_reused=false upload_ms=9.94 capture_ms=3.77 queue_ms=35.80 gpu_ms=0.03 unpack_ms=2.09 total_ms=51.63
v5_service device=0 lane=1 class=2 jobs=6 rows=12330 cells=70194 reach=526455 reverse=527638 table_mib=17.6 mutable_mib=448.0 max_job_mib=133.1 oldest_ms=307.91 pack_ms=9.55 solve_ms=51.68
v5_device jobs=1 rows=256 cells=595 direct=true graph_reused=false upload_ms=0.26 capture_ms=5.01 queue_ms=1.39 gpu_ms=0.01 unpack_ms=0.05 total_ms=6.72
v5_service device=0 lane=1 class=0 jobs=1 rows=256 cells=595 reach=5494 reverse=5507 table_mib=0.2 mutable_mib=8.0 max_job_mib=8.3 oldest_ms=361.52 pack_ms=0.38 solve_ms=6.77
v5_device jobs=33 rows=25858 cells=502527 direct=true graph_reused=false upload_ms=28.48 capture_ms=4.13 queue_ms=269.89 gpu_ms=0.02 unpack_ms=6.69 total_ms=309.20
v5_service device=1 lane=0 class=1 jobs=33 rows=25858 cells=502527 reach=1127415 reverse=1234730 table_mib=42.9 mutable_mib=800.0 max_job_mib=37.1 oldest_ms=81.26 pack_ms=25.04 solve_ms=309.26
v5_device jobs=23 rows=6582 cells=117946 direct=true graph_reused=false upload_ms=3.97 capture_ms=3.34 queue_ms=28.35 gpu_ms=0.02 unpack_ms=1.59 total_ms=37.27
v5_service device=0 lane=1 class=0 jobs=23 rows=6582 cells=117946 reach=191628 reverse=219702 table_mib=8.9 mutable_mib=180.0 max_job_mib=10.2 oldest_ms=78.04 pack_ms=5.18 solve_ms=37.33
v5_device jobs=3 rows=5164 cells=50161 direct=true graph_reused=false upload_ms=1.84 capture_ms=4.44 queue_ms=9.34 gpu_ms=0.01 unpack_ms=0.49 total_ms=16.13
v5_service device=1 lane=0 class=2 jobs=3 rows=5164 cells=50161 reach=52403 reverse=66842 table_mib=3.7 mutable_mib=192.0 max_job_mib=66.0 oldest_ms=427.02 pack_ms=2.86 solve_ms=16.21
v5_device jobs=1 rows=61544 cells=75182 direct=true graph_reused=false upload_ms=50.40 capture_ms=3.20 queue_ms=66.85 gpu_ms=0.01 unpack_ms=1.23 total_ms=121.69
v5_service device=1 lane=0 class=3 jobs=1 rows=61544 cells=75182 reach=594879 reverse=606413 table_mib=41.5 mutable_mib=2048.0 max_job_mib=2096.7 oldest_ms=434.60 pack_ms=31.08 solve_ms=121.75
v5_device jobs=2 rows=594 cells=5150 direct=true graph_reused=false upload_ms=0.24 capture_ms=3.64 queue_ms=2.20 gpu_ms=0.01 unpack_ms=0.11 total_ms=6.20
v5_service device=1 lane=0 class=0 jobs=2 rows=594 cells=5150 reach=4999 reverse=5150 table_mib=0.4 mutable_mib=16.0 max_job_mib=8.4 oldest_ms=562.63 pack_ms=0.37 solve_ms=6.25
v5_device jobs=2 rows=66969 cells=177543 direct=true graph_reused=false upload_ms=308.63 capture_ms=3.88 queue_ms=423.51 gpu_ms=0.03 unpack_ms=92.21 total_ms=828.25
v5_service device=1 lane=1 class=3 jobs=2 rows=66969 cells=177543 reach=8411649 reverse=8412257 table_mib=224.7 mutable_mib=2048.0 max_job_mib=1252.9 oldest_ms=490.75 pack_ms=224.75 solve_ms=828.30
v5_device jobs=38 rows=25942 cells=623918 direct=true graph_reused=false upload_ms=21.18 capture_ms=3.19 queue_ms=88.74 gpu_ms=0.01 unpack_ms=5.13 total_ms=118.24
v5_service device=1 lane=0 class=1 jobs=38 rows=25942 cells=623918 reach=832956 reverse=941145 table_mib=36.6 mutable_mib=832.0 max_job_mib=41.6 oldest_ms=80.57 pack_ms=17.02 solve_ms=118.30
v5_device jobs=26 rows=20094 cells=472662 direct=true graph_reused=false upload_ms=29.05 capture_ms=4.12 queue_ms=72.41 gpu_ms=0.01 unpack_ms=4.06 total_ms=109.65
v5_service device=1 lane=1 class=1 jobs=26 rows=20094 cells=472662 reach=723575 reverse=821922 table_mib=30.9 mutable_mib=640.0 max_job_mib=38.4 oldest_ms=80.38 pack_ms=16.89 solve_ms=109.77
v5_device jobs=3 rows=768 cells=5707 direct=true graph_reused=false upload_ms=0.51 capture_ms=4.88 queue_ms=5.29 gpu_ms=0.01 unpack_ms=0.16 total_ms=10.84
v5_service device=1 lane=1 class=0 jobs=3 rows=768 cells=5707 reach=15104 reverse=15561 table_mib=0.7 mutable_mib=20.0 max_job_mib=8.5 oldest_ms=211.38 pack_ms=0.70 solve_ms=10.89
v5_device jobs=6 rows=1635 cells=10181 direct=true graph_reused=false upload_ms=0.51 capture_ms=4.73 queue_ms=5.58 gpu_ms=0.01 unpack_ms=0.22 total_ms=11.05
v5_service device=1 lane=0 class=0 jobs=6 rows=1635 cells=10181 reach=17333 reverse=18141 table_mib=1.1 mutable_mib=44.0 max_job_mib=8.5 oldest_ms=220.10 pack_ms=0.79 solve_ms=11.14
v5_device jobs=9 rows=22415 cells=276076 direct=true graph_reused=false upload_ms=11.30 capture_ms=3.88 queue_ms=86.28 gpu_ms=0.01 unpack_ms=2.07 total_ms=103.53
v5_service device=1 lane=1 class=2 jobs=9 rows=22415 cells=276076 reach=301069 reverse=355867 table_mib=18.7 mutable_mib=704.0 max_job_mib=133.2 oldest_ms=222.82 pack_ms=12.13 solve_ms=103.58
v5_device jobs=5 rows=20467 cells=678194 direct=true graph_reused=false upload_ms=23.74 capture_ms=4.31 queue_ms=66.58 gpu_ms=0.01 unpack_ms=6.73 total_ms=101.38
v5_service device=1 lane=0 class=2 jobs=5 rows=20467 cells=678194 reach=950242 reverse=999108 table_mib=37.9 mutable_mib=704.0 max_job_mib=282.6 oldest_ms=235.04 pack_ms=22.49 solve_ms=101.44
v5_device jobs=155 rows=104865 cells=2995161 direct=true graph_reused=false upload_ms=177.82 capture_ms=2.87 queue_ms=482.41 gpu_ms=0.01 unpack_ms=29.17 total_ms=692.29
v5_service device=0 lane=0 class=1 jobs=155 rows=104865 cells=2995161 reach=4094032 reverse=4805812 table_mib=175.0 mutable_mib=3440.0 max_job_mib=41.2 oldest_ms=157.55 pack_ms=112.96 solve_ms=692.34
v5_device jobs=22 rows=15465 cells=627899 direct=true graph_reused=false upload_ms=16.63 capture_ms=4.14 queue_ms=101.58 gpu_ms=0.02 unpack_ms=5.56 total_ms=127.93
v5_service device=1 lane=0 class=1 jobs=22 rows=15465 cells=627899 reach=716903 reverse=862804 table_mib=30.5 mutable_mib=496.0 max_job_mib=37.7 oldest_ms=81.43 pack_ms=14.85 solve_ms=127.98
v5_device jobs=2 rows=68436 cells=134907 direct=true graph_reused=false upload_ms=74.14 capture_ms=3.58 queue_ms=117.06 gpu_ms=0.03 unpack_ms=12.15 total_ms=206.97
v5_service device=1 lane=1 class=3 jobs=2 rows=68436 cells=134907 reach=1301624 reverse=1301651 table_mib=60.7 mutable_mib=2048.0 max_job_mib=1063.8 oldest_ms=313.79 pack_ms=38.27 solve_ms=207.03
v5_device jobs=3 rows=6824 cells=211253 direct=true graph_reused=false upload_ms=4.69 capture_ms=4.05 queue_ms=20.69 gpu_ms=0.01 unpack_ms=1.25 total_ms=30.70
v5_service device=1 lane=0 class=2 jobs=3 rows=6824 cells=211253 reach=184298 reverse=211311 table_mib=9.0 mutable_mib=256.0 max_job_mib=132.0 oldest_ms=224.73 pack_ms=5.64 solve_ms=30.76
v5_device jobs=151 rows=106109 cells=2578257 direct=true graph_reused=false upload_ms=164.90 capture_ms=4.18 queue_ms=441.90 gpu_ms=0.02 unpack_ms=53.32 total_ms=664.32
v5_service device=0 lane=1 class=1 jobs=151 rows=106109 cells=2578257 reach=3845659 reverse=4411553 table_mib=164.8 mutable_mib=3424.0 max_job_mib=39.5 oldest_ms=148.05 pack_ms=115.89 solve_ms=664.39
v5_device jobs=2 rows=678 cells=8313 direct=true graph_reused=false upload_ms=0.23 capture_ms=7.86 queue_ms=1.15 gpu_ms=0.01 unpack_ms=0.13 total_ms=9.39
v5_service device=1 lane=0 class=0 jobs=2 rows=678 cells=8313 reach=5850 reverse=8313 table_mib=0.5 mutable_mib=16.0 max_job_mib=8.5 oldest_ms=250.33 pack_ms=0.29 solve_ms=9.44
v5_device jobs=29 rows=7822 cells=138569 direct=true graph_reused=false upload_ms=2.98 capture_ms=4.63 queue_ms=33.25 gpu_ms=0.01 unpack_ms=1.46 total_ms=42.34
v5_service device=1 lane=0 class=0 jobs=29 rows=7822 cells=138569 reach=116384 reverse=147545 table_mib=7.5 mutable_mib=224.0 max_job_mib=9.2 oldest_ms=76.62 pack_ms=5.40 solve_ms=42.40
v5_device jobs=2 rows=30587 cells=904365 direct=true graph_reused=false upload_ms=50.56 capture_ms=3.83 queue_ms=85.83 gpu_ms=0.03 unpack_ms=6.68 total_ms=146.94
v5_service device=1 lane=1 class=3 jobs=2 rows=30587 cells=904365 reach=893813 reverse=904389 table_mib=38.4 mutable_mib=1024.0 max_job_mib=551.6 oldest_ms=557.97 pack_ms=30.01 solve_ms=146.99
v5_device jobs=16 rows=41527 cells=834249 direct=true graph_reused=false upload_ms=75.21 capture_ms=4.04 queue_ms=89.19 gpu_ms=0.04 unpack_ms=9.30 total_ms=177.78
v5_service device=0 lane=0 class=2 jobs=16 rows=41527 cells=834249 reach=1235955 reverse=1366090 table_mib=53.2 mutable_mib=1472.0 max_job_mib=136.7 oldest_ms=1023.95 pack_ms=53.79 solve_ms=177.85
v5_device jobs=25 rows=16839 cells=336586 direct=true graph_reused=false upload_ms=17.41 capture_ms=3.84 queue_ms=44.86 gpu_ms=0.02 unpack_ms=4.88 total_ms=71.02
v5_service device=1 lane=1 class=1 jobs=25 rows=16839 cells=336586 reach=386680 reverse=438389 table_mib=20.2 mutable_mib=544.0 max_job_mib=35.4 oldest_ms=81.52 pack_ms=15.96 solve_ms=71.07
v5_device jobs=5 rows=1122 cells=27944 direct=true graph_reused=false upload_ms=0.56 capture_ms=3.43 queue_ms=4.15 gpu_ms=0.01 unpack_ms=0.31 total_ms=8.45
v5_service device=1 lane=1 class=0 jobs=5 rows=1122 cells=27944 reach=23473 reverse=27944 table_mib=1.3 mutable_mib=36.0 max_job_mib=8.6 oldest_ms=171.92 pack_ms=0.88 solve_ms=8.50
v5_device jobs=33 rows=96661 cells=1577404 direct=true graph_reused=false upload_ms=153.78 capture_ms=3.79 queue_ms=258.18 gpu_ms=0.02 unpack_ms=21.72 total_ms=437.49
v5_service device=0 lane=1 class=2 jobs=33 rows=96661 cells=1577404 reach=2786118 reverse=3024080 table_mib=120.7 mutable_mib=3392.0 max_job_mib=271.3 oldest_ms=1014.17 pack_ms=87.25 solve_ms=437.55
v5_device jobs=4 rows=10764 cells=1888023 direct=true graph_reused=false upload_ms=53.94 capture_ms=4.69 queue_ms=268.43 gpu_ms=0.02 unpack_ms=11.09 total_ms=338.17
v5_service device=1 lane=1 class=2 jobs=4 rows=10764 cells=1888023 reach=1437270 reverse=2005098 table_mib=60.3 mutable_mib=448.0 max_job_mib=328.1 oldest_ms=194.13 pack_ms=37.70 solve_ms=338.23
v5_device jobs=135 rows=93607 cells=2905108 direct=true graph_reused=false upload_ms=135.45 capture_ms=2.97 queue_ms=325.78 gpu_ms=0.02 unpack_ms=34.91 total_ms=499.13
v5_service device=1 lane=0 class=1 jobs=135 rows=93607 cells=2905108 reach=2668700 reverse=3299276 table_mib=135.5 mutable_mib=3056.0 max_job_mib=44.0 oldest_ms=165.05 pack_ms=119.61 solve_ms=499.20
v5_device jobs=2 rows=97930 cells=546747 direct=true graph_reused=false upload_ms=211.93 capture_ms=3.08 queue_ms=236.12 gpu_ms=0.02 unpack_ms=44.01 total_ms=495.16
v5_service device=0 lane=0 class=3 jobs=2 rows=97930 cells=546747 reach=3968520 reverse=4473420 table_mib=146.0 mutable_mib=3072.0 max_job_mib=2150.8 oldest_ms=1258.11 pack_ms=92.84 solve_ms=495.22
v5_device jobs=25 rows=6197 cells=89904 direct=true graph_reused=false upload_ms=4.34 capture_ms=3.75 queue_ms=17.10 gpu_ms=0.01 unpack_ms=1.29 total_ms=26.50
v5_service device=1 lane=1 class=0 jobs=25 rows=6197 cells=89904 reach=137669 reverse=153420 table_mib=6.6 mutable_mib=180.0 max_job_mib=9.1 oldest_ms=75.79 pack_ms=4.57 solve_ms=26.56
{"phase": "live", "seconds": 60.197, "solves": 55296, "solves_per_s": 918.6, "oversize_routes": 3, "card_exclusive_routes": 0}
v5_device jobs=26 rows=58334 cells=1290566 direct=true graph_reused=false upload_ms=71.15 capture_ms=3.39 queue_ms=143.10 gpu_ms=0.03 unpack_ms=12.97 total_ms=230.65
v5_service device=1 lane=0 class=2 jobs=26 rows=58334 cells=1290566 reach=1456448 reverse=1756242 table_mib=71.5 mutable_mib=2048.0 max_job_mib=273.9 oldest_ms=824.64 pack_ms=51.58 solve_ms=230.70
v5_device jobs=4 rows=73710 cells=3388569 direct=true graph_reused=false upload_ms=149.57 capture_ms=3.50 queue_ms=311.39 gpu_ms=0.02 unpack_ms=22.13 total_ms=486.60
v5_service device=0 lane=1 class=3 jobs=4 rows=73710 cells=3388569 reach=3583928 reverse=3990633 table_mib=139.6 mutable_mib=2560.0 max_job_mib=1123.9 oldest_ms=1556.91 pack_ms=91.60 solve_ms=486.66
v5_device jobs=2 rows=64484 cells=486496 direct=true graph_reused=false upload_ms=64.02 capture_ms=4.16 queue_ms=362.00 gpu_ms=0.03 unpack_ms=50.11 total_ms=480.32
v5_service device=0 lane=0 class=3 jobs=2 rows=64484 cells=486496 reach=485873 reverse=486496 table_mib=48.2 mutable_mib=2560.0 max_job_mib=2143.0 oldest_ms=1835.37 pack_ms=34.79 solve_ms=480.37
v5_device jobs=22 rows=5391 cells=182917 direct=true graph_reused=false upload_ms=2.58 capture_ms=3.38 queue_ms=18.22 gpu_ms=0.01 unpack_ms=1.14 total_ms=25.33
v5_service device=0 lane=1 class=0 jobs=22 rows=5391 cells=182917 reach=135691 reverse=182917 table_mib=7.6 mutable_mib=150.0 max_job_mib=9.5 oldest_ms=76.17 pack_ms=8.51 solve_ms=25.39
v5_device jobs=26 rows=18710 cells=721263 direct=true graph_reused=false upload_ms=37.08 capture_ms=3.52 queue_ms=54.44 gpu_ms=0.02 unpack_ms=4.96 total_ms=100.02
v5_service device=0 lane=0 class=1 jobs=26 rows=18710 cells=721263 reach=652575 reverse=827168 table_mib=31.3 mutable_mib=592.0 max_job_mib=37.8 oldest_ms=81.02 pack_ms=20.82 solve_ms=100.08
v5_device jobs=1 rows=32178 cells=234552 direct=true graph_reused=false upload_ms=171.95 capture_ms=5.27 queue_ms=220.88 gpu_ms=0.02 unpack_ms=55.24 total_ms=453.37
v5_service device=1 lane=0 class=3 jobs=1 rows=32178 cells=234552 reach=3634946 reverse=3677231 table_mib=99.6 mutable_mib=1024.0 max_job_mib=1170.5 oldest_ms=1161.51 pack_ms=86.49 solve_ms=453.44
v5_device jobs=4 rows=14549 cells=62550 direct=true graph_reused=false upload_ms=12.85 capture_ms=4.02 queue_ms=164.52 gpu_ms=0.02 unpack_ms=3.02 total_ms=184.43
v5_service device=0 lane=0 class=2 jobs=4 rows=14549 cells=62550 reach=452387 reverse=453372 table_mib=17.5 mutable_mib=448.0 max_job_mib=274.3 oldest_ms=206.16 pack_ms=19.56 solve_ms=184.50
v5_device jobs=202 rows=141931 cells=3793800 direct=true graph_reused=false upload_ms=203.12 capture_ms=3.95 queue_ms=526.82 gpu_ms=0.02 unpack_ms=43.46 total_ms=777.36
v5_service device=1 lane=1 class=1 jobs=202 rows=141931 cells=3793800 reach=4269931 reverse=5077607 table_mib=203.3 mutable_mib=4656.0 max_job_mib=38.5 oldest_ms=152.15 pack_ms=162.49 solve_ms=777.44
v5_device jobs=124 rows=88286 cells=2692718 direct=true graph_reused=false upload_ms=108.87 capture_ms=3.97 queue_ms=272.74 gpu_ms=0.04 unpack_ms=28.50 total_ms=414.13
v5_service device=0 lane=1 class=1 jobs=124 rows=88286 cells=2692718 reach=2246952 reverse=2836915 table_mib=119.6 mutable_mib=2896.0 max_job_mib=39.5 oldest_ms=153.91 pack_ms=88.21 solve_ms=414.19
v5_device jobs=15 rows=37602 cells=885363 direct=true graph_reused=false upload_ms=41.58 capture_ms=4.52 queue_ms=138.82 gpu_ms=0.02 unpack_ms=8.79 total_ms=193.72
v5_service device=0 lane=1 class=2 jobs=15 rows=37602 cells=885363 reach=733431 reverse=885666 table_mib=41.5 mutable_mib=1344.0 max_job_mib=268.7 oldest_ms=681.57 pack_ms=27.82 solve_ms=193.79
v5_device jobs=1 rows=22906 cells=28038 direct=true graph_reused=false upload_ms=130.90 capture_ms=3.67 queue_ms=209.41 gpu_ms=0.02 unpack_ms=35.58 total_ms=379.58
v5_service device=0 lane=0 class=3 jobs=1 rows=22906 cells=28038 reach=3191185 reverse=3191254 table_mib=84.1 mutable_mib=1024.0 max_job_mib=1150.5 oldest_ms=396.55 pack_ms=47.04 solve_ms=379.64
v5_device jobs=4 rows=1182 cells=11764 direct=true graph_reused=false upload_ms=0.40 capture_ms=3.27 queue_ms=4.34 gpu_ms=0.01 unpack_ms=0.17 total_ms=8.18
v5_service device=0 lane=0 class=0 jobs=4 rows=1182 cells=11764 reach=10530 reverse=11764 table_mib=0.8 mutable_mib=32.0 max_job_mib=8.4 oldest_ms=817.31 pack_ms=2.62 solve_ms=8.23
v5_device jobs=15 rows=9909 cells=362670 direct=true graph_reused=false upload_ms=8.25 capture_ms=4.12 queue_ms=36.00 gpu_ms=0.01 unpack_ms=2.46 total_ms=50.83
v5_service device=0 lane=0 class=1 jobs=15 rows=9909 cells=362670 reach=391877 reverse=500554 table_mib=17.9 mutable_mib=304.0 max_job_mib=37.9 oldest_ms=86.70 pack_ms=11.51 solve_ms=50.90
v5_device jobs=3 rows=5921 cells=290275 direct=true graph_reused=false upload_ms=3.71 capture_ms=4.03 queue_ms=19.72 gpu_ms=0.01 unpack_ms=1.51 total_ms=28.98
v5_service device=0 lane=0 class=2 jobs=3 rows=5921 cells=290275 reach=230447 reverse=290306 table_mib=10.8 mutable_mib=256.0 max_job_mib=136.6 oldest_ms=145.14 pack_ms=7.39 solve_ms=29.05
v5_device jobs=1 rows=228 cells=861 direct=true graph_reused=false upload_ms=0.14 capture_ms=4.53 queue_ms=0.71 gpu_ms=0.01 unpack_ms=0.04 total_ms=5.43
v5_service device=0 lane=0 class=0 jobs=1 rows=228 cells=861 reach=780 reverse=861 table_mib=0.1 mutable_mib=8.0 max_job_mib=8.2 oldest_ms=126.83 pack_ms=0.24 solve_ms=5.48
v5_device jobs=36 rows=88233 cells=3281959 direct=true graph_reused=false upload_ms=119.72 capture_ms=3.21 queue_ms=256.03 gpu_ms=0.01 unpack_ms=24.66 total_ms=403.62
v5_service device=1 lane=1 class=2 jobs=36 rows=88233 cells=3281959 reach=2902201 reverse=3603522 table_mib=138.3 mutable_mib=2880.0 max_job_mib=310.1 oldest_ms=1191.17 pack_ms=75.44 solve_ms=403.68
v5_device jobs=3 rows=84235 cells=1250116 direct=true graph_reused=false upload_ms=73.22 capture_ms=5.01 queue_ms=117.42 gpu_ms=0.01 unpack_ms=11.60 total_ms=207.25
v5_service device=1 lane=1 class=3 jobs=3 rows=84235 cells=1250116 reach=1242244 reverse=1250235 table_mib=66.1 mutable_mib=2048.0 max_job_mib=1094.7 oldest_ms=1691.13 pack_ms=42.20 solve_ms=207.30
v5_device jobs=43 rows=29794 cells=773843 direct=true graph_reused=false upload_ms=16.06 capture_ms=4.09 queue_ms=320.64 gpu_ms=0.01 unpack_ms=5.64 total_ms=346.44
v5_service device=0 lane=0 class=1 jobs=43 rows=29794 cells=773843 reach=615803 reverse=773920 table_mib=34.4 mutable_mib=976.0 max_job_mib=36.5 oldest_ms=80.59 pack_ms=16.08 solve_ms=346.50
v5_device jobs=27 rows=18672 cells=446684 direct=true graph_reused=false upload_ms=8.59 capture_ms=3.30 queue_ms=43.02 gpu_ms=0.01 unpack_ms=3.99 total_ms=58.91
v5_service device=1 lane=1 class=1 jobs=27 rows=18672 cells=446684 reach=387568 reverse=470103 table_mib=21.6 mutable_mib=608.0 max_job_mib=35.6 oldest_ms=79.02 pack_ms=21.24 solve_ms=58.97
v5_device jobs=4 rows=1064 cells=29292 direct=true graph_reused=false upload_ms=0.47 capture_ms=3.26 queue_ms=5.53 gpu_ms=0.01 unpack_ms=0.20 total_ms=9.47
v5_service device=1 lane=1 class=0 jobs=4 rows=1064 cells=29292 reach=22811 reverse=29484 table_mib=1.3 mutable_mib=32.0 max_job_mib=8.6 oldest_ms=169.84 pack_ms=1.02 solve_ms=9.53
v5_device jobs=6 rows=1825 cells=63387 direct=true graph_reused=false upload_ms=1.41 capture_ms=8.47 queue_ms=8.04 gpu_ms=0.01 unpack_ms=0.62 total_ms=18.55
v5_service device=0 lane=0 class=0 jobs=6 rows=1825 cells=63387 reach=52592 reverse=63387 table_mib=2.8 mutable_mib=48.0 max_job_mib=9.1 oldest_ms=464.87 pack_ms=4.36 solve_ms=18.62
v5_device jobs=5 rows=9759 cells=159855 direct=true graph_reused=false upload_ms=3.04 capture_ms=3.43 queue_ms=17.74 gpu_ms=0.01 unpack_ms=1.03 total_ms=25.25
v5_service device=1 lane=1 class=2 jobs=5 rows=9759 cells=159855 reach=143481 reverse=159888 table_mib=8.2 mutable_mib=320.0 max_job_mib=68.2 oldest_ms=179.09 pack_ms=3.82 solve_ms=25.31
v5_device jobs=4 rows=10527 cells=232948 direct=true graph_reused=false upload_ms=4.62 capture_ms=5.92 queue_ms=20.47 gpu_ms=0.01 unpack_ms=1.33 total_ms=32.35
v5_service device=0 lane=0 class=2 jobs=4 rows=10527 cells=232948 reach=207061 reverse=232957 table_mib=10.6 mutable_mib=320.0 max_job_mib=130.6 oldest_ms=495.10 pack_ms=9.47 solve_ms=32.41
v5_device jobs=4 rows=128775 cells=7886772 direct=true graph_reused=false upload_ms=269.25 capture_ms=3.11 queue_ms=569.08 gpu_ms=0.01 unpack_ms=75.14 total_ms=916.58
v5_service device=1 lane=0 class=3 jobs=4 rows=128775 cells=7886772 reach=6454490 reverse=7886772 table_mib=283.2 mutable_mib=5120.0 max_job_mib=2230.9 oldest_ms=1789.17 pack_ms=233.13 solve_ms=916.64
v5_device jobs=1 rows=12789 cells=55541 direct=true graph_reused=false upload_ms=3.74 capture_ms=5.12 queue_ms=24.69 gpu_ms=0.02 unpack_ms=1.05 total_ms=34.61
v5_service device=0 lane=0 class=3 jobs=1 rows=12789 cells=55541 reach=55328 reverse=55541 table_mib=7.5 mutable_mib=512.0 max_job_mib=526.7 oldest_ms=506.74 pack_ms=8.99 solve_ms=34.66
v5_device jobs=4 rows=133018 cells=4741408 direct=true graph_reused=false upload_ms=187.79 capture_ms=3.07 queue_ms=461.32 gpu_ms=0.01 unpack_ms=92.85 total_ms=745.04
v5_service device=0 lane=1 class=3 jobs=4 rows=133018 cells=4741408 reach=4350719 reverse=4751548 table_mib=199.3 mutable_mib=4608.0 max_job_mib=2185.8 oldest_ms=904.54 pack_ms=125.06 solve_ms=745.09
v5_device jobs=23 rows=14791 cells=479582 direct=true graph_reused=false upload_ms=8.00 capture_ms=3.15 queue_ms=42.24 gpu_ms=0.01 unpack_ms=3.61 total_ms=57.01
v5_service device=1 lane=0 class=1 jobs=23 rows=14791 cells=479582 reach=349092 reverse=479582 table_mib=20.9 mutable_mib=512.0 max_job_mib=36.4 oldest_ms=80.08 pack_ms=9.78 solve_ms=57.07
v5_device jobs=34 rows=23380 cells=636581 direct=true graph_reused=false upload_ms=15.40 capture_ms=3.36 queue_ms=56.64 gpu_ms=0.01 unpack_ms=97.26 total_ms=172.67
v5_service device=1 lane=1 class=1 jobs=34 rows=23380 cells=636581 reach=522896 reverse=636707 table_mib=29.0 mutable_mib=752.0 max_job_mib=37.4 oldest_ms=81.34 pack_ms=13.43 solve_ms=172.74
v5_device jobs=4 rows=6975 cells=373017 direct=true graph_reused=false upload_ms=4.77 capture_ms=3.08 queue_ms=23.06 gpu_ms=0.01 unpack_ms=1.58 total_ms=32.51
v5_service device=1 lane=0 class=2 jobs=4 rows=6975 cells=373017 reach=297287 reverse=373035 table_mib=13.6 mutable_mib=256.0 max_job_mib=71.1 oldest_ms=212.00 pack_ms=8.16 solve_ms=32.56
v5_device jobs=6 rows=1893 cells=76037 direct=true graph_reused=false upload_ms=0.99 capture_ms=3.62 queue_ms=13.82 gpu_ms=0.01 unpack_ms=0.46 total_ms=18.90
v5_service device=1 lane=0 class=0 jobs=6 rows=1893 cells=76037 reach=57278 reverse=76037 table_mib=3.2 mutable_mib=48.0 max_job_mib=9.4 oldest_ms=252.62 pack_ms=3.09 solve_ms=18.93
v5_device jobs=29 rows=20022 cells=862353 direct=true graph_reused=false upload_ms=69.57 capture_ms=3.38 queue_ms=79.78 gpu_ms=0.02 unpack_ms=5.83 total_ms=158.58
v5_service device=0 lane=1 class=1 jobs=29 rows=20022 cells=862353 reach=665081 reverse=862447 table_mib=33.5 mutable_mib=672.0 max_job_mib=37.0 oldest_ms=82.65 pack_ms=32.82 solve_ms=158.64
v5_device jobs=32 rows=22833 cells=720301 direct=true graph_reused=false upload_ms=129.61 capture_ms=3.97 queue_ms=92.55 gpu_ms=0.01 unpack_ms=7.92 total_ms=234.05
v5_service device=0 lane=0 class=1 jobs=32 rows=22833 cells=720301 reach=661530 reverse=816714 table_mib=34.7 mutable_mib=800.0 max_job_mib=37.3 oldest_ms=80.77 pack_ms=21.74 solve_ms=234.10
v5_device jobs=1 rows=2408 cells=30415 direct=true graph_reused=false upload_ms=0.71 capture_ms=3.84 queue_ms=6.35 gpu_ms=0.00 unpack_ms=0.21 total_ms=11.11
v5_service device=0 lane=0 class=2 jobs=1 rows=2408 cells=30415 reach=27256 reverse=30427 table_mib=1.7 mutable_mib=64.0 max_job_mib=66.5 oldest_ms=350.08 pack_ms=2.99 solve_ms=11.17
v5_device jobs=13 rows=29405 cells=711451 direct=true graph_reused=false upload_ms=15.81 capture_ms=4.82 queue_ms=81.80 gpu_ms=0.02 unpack_ms=5.53 total_ms=107.99
v5_service device=1 lane=1 class=2 jobs=13 rows=29405 cells=711451 reach=601195 reverse=712606 table_mib=32.4 mutable_mib=896.0 max_job_mib=135.6 oldest_ms=302.24 pack_ms=27.22 solve_ms=108.04
v5_device jobs=1 rows=21966 cells=212385 direct=true graph_reused=false upload_ms=6.34 capture_ms=3.81 queue_ms=65.08 gpu_ms=0.01 unpack_ms=4.74 total_ms=79.99
v5_service device=1 lane=0 class=3 jobs=1 rows=21966 cells=212385 reach=211645 reverse=212385 table_mib=17.0 mutable_mib=512.0 max_job_mib=546.9 oldest_ms=214.52 pack_ms=7.81 solve_ms=80.07
v5_device jobs=3 rows=912 cells=12095 direct=true graph_reused=false upload_ms=0.34 capture_ms=6.04 queue_ms=1.41 gpu_ms=0.01 unpack_ms=0.15 total_ms=7.94
v5_service device=0 lane=0 class=0 jobs=3 rows=912 cells=12095 reach=10852 reverse=12108 table_mib=0.7 mutable_mib=24.0 max_job_mib=8.4 oldest_ms=360.47 pack_ms=3.14 solve_ms=7.98
v5_device jobs=2 rows=691 cells=6589 direct=true graph_reused=false upload_ms=0.26 capture_ms=4.26 queue_ms=2.38 gpu_ms=0.01 unpack_ms=0.12 total_ms=7.02
v5_service device=1 lane=1 class=0 jobs=2 rows=691 cells=6589 reach=6421 reverse=6589 table_mib=0.5 mutable_mib=16.0 max_job_mib=8.5 oldest_ms=445.84 pack_ms=5.82 solve_ms=7.07
v5_device jobs=4 rows=77405 cells=535641 direct=true graph_reused=false upload_ms=20.41 capture_ms=3.13 queue_ms=117.98 gpu_ms=0.01 unpack_ms=3.28 total_ms=144.81
v5_service device=1 lane=1 class=3 jobs=4 rows=77405 cells=535641 reach=516641 reverse=535641 table_mib=40.7 mutable_mib=2048.0 max_job_mib=528.4 oldest_ms=458.86 pack_ms=20.56 solve_ms=144.86
v5_device jobs=34 rows=23853 cells=958349 direct=true graph_reused=false upload_ms=17.80 capture_ms=3.85 queue_ms=70.59 gpu_ms=0.01 unpack_ms=6.56 total_ms=98.80
v5_service device=1 lane=0 class=1 jobs=34 rows=23853 cells=958349 reach=739954 reverse=958421 table_mib=38.8 mutable_mib=816.0 max_job_mib=36.9 oldest_ms=81.31 pack_ms=18.72 solve_ms=98.86
v5_device jobs=35 rows=22500 cells=731623 direct=true graph_reused=false upload_ms=14.76 capture_ms=4.07 queue_ms=107.22 gpu_ms=0.02 unpack_ms=6.37 total_ms=132.44
v5_service device=0 lane=0 class=1 jobs=35 rows=22500 cells=731623 reach=579372 reverse=752960 table_mib=32.3 mutable_mib=704.0 max_job_mib=37.7 oldest_ms=80.27 pack_ms=15.12 solve_ms=132.50
v5_device jobs=7 rows=1556 cells=22815 direct=true graph_reused=false upload_ms=0.59 capture_ms=5.01 queue_ms=5.15 gpu_ms=0.01 unpack_ms=0.32 total_ms=11.09
v5_service device=0 lane=0 class=0 jobs=7 rows=1556 cells=22815 reach=24217 reverse=29711 table_mib=1.4 mutable_mib=48.0 max_job_mib=8.6 oldest_ms=233.36 pack_ms=1.89 solve_ms=11.14
v5_device jobs=2 rows=67031 cells=151776 direct=true graph_reused=false upload_ms=46.72 capture_ms=4.15 queue_ms=201.09 gpu_ms=0.01 unpack_ms=12.72 total_ms=264.68
v5_service device=0 lane=1 class=3 jobs=2 rows=67031 cells=151776 reach=151277 reverse=151776 table_mib=34.7 mutable_mib=2560.0 max_job_mib=2099.9 oldest_ms=290.40 pack_ms=21.46 solve_ms=264.73
v5_device jobs=1 rows=4526 cells=7639 direct=true graph_reused=false upload_ms=1.17 capture_ms=4.22 queue_ms=8.35 gpu_ms=0.01 unpack_ms=0.15 total_ms=13.89
v5_service device=0 lane=0 class=2 jobs=1 rows=4526 cells=7639 reach=31601 reverse=31592 table_mib=2.7 mutable_mib=128.0 max_job_mib=131.0 oldest_ms=248.79 pack_ms=2.52 solve_ms=13.93
v5_device jobs=5 rows=1325 cells=13780 direct=true graph_reused=false upload_ms=0.41 capture_ms=3.04 queue_ms=6.94 gpu_ms=0.01 unpack_ms=0.34 total_ms=10.73
v5_service device=0 lane=1 class=0 jobs=5 rows=1325 cells=13780 reach=11320 reverse=13780 table_mib=1.1 mutable_mib=36.0 max_job_mib=8.6 oldest_ms=581.33 pack_ms=4.19 solve_ms=10.78
v5_device jobs=5 rows=9771 cells=131771 direct=true graph_reused=false upload_ms=3.69 capture_ms=3.33 queue_ms=27.06 gpu_ms=0.01 unpack_ms=1.72 total_ms=35.80
v5_service device=0 lane=1 class=2 jobs=5 rows=9771 cells=131771 reach=114196 reverse=133112 table_mib=8.6 mutable_mib=320.0 max_job_mib=69.4 oldest_ms=585.89 pack_ms=10.15 solve_ms=35.86
v5_device jobs=28 rows=20205 cells=785170 direct=true graph_reused=false upload_ms=16.12 capture_ms=4.41 queue_ms=87.53 gpu_ms=0.02 unpack_ms=5.48 total_ms=113.55
v5_service device=1 lane=1 class=1 jobs=28 rows=20205 cells=785170 reach=605448 reverse=786746 table_mib=31.7 mutable_mib=640.0 max_job_mib=36.5 oldest_ms=80.51 pack_ms=17.34 solve_ms=113.61
v5_device jobs=5 rows=15258 cells=1373826 direct=true graph_reused=false upload_ms=26.85 capture_ms=2.97 queue_ms=106.47 gpu_ms=0.01 unpack_ms=8.03 total_ms=144.33
v5_service device=1 lane=0 class=2 jobs=5 rows=15258 cells=1373826 reach=1348022 reverse=1373913 table_mib=49.9 mutable_mib=512.0 max_job_mib=322.2 oldest_ms=233.07 pack_ms=30.00 solve_ms=144.38
v5_device jobs=26 rows=16657 cells=475767 direct=true graph_reused=false upload_ms=9.14 capture_ms=4.09 queue_ms=37.73 gpu_ms=0.01 unpack_ms=3.40 total_ms=54.37
v5_service device=0 lane=0 class=1 jobs=26 rows=16657 cells=475767 reach=396268 reverse=482019 table_mib=21.0 mutable_mib=512.0 max_job_mib=35.8 oldest_ms=80.05 pack_ms=15.34 solve_ms=54.43
v5_device jobs=6 rows=1651 cells=25358 direct=true graph_reused=false upload_ms=0.55 capture_ms=3.57 queue_ms=9.35 gpu_ms=0.01 unpack_ms=0.30 total_ms=13.78
v5_service device=1 lane=0 class=0 jobs=6 rows=1651 cells=25358 reach=19479 reverse=25358 table_mib=1.5 mutable_mib=44.0 max_job_mib=9.2 oldest_ms=411.18 pack_ms=3.59 solve_ms=13.84
v5_device jobs=2 rows=650 cells=13616 direct=true graph_reused=false upload_ms=0.32 capture_ms=4.30 queue_ms=2.02 gpu_ms=0.01 unpack_ms=0.09 total_ms=6.74
v5_service device=1 lane=1 class=0 jobs=2 rows=650 cells=13616 reach=10128 reverse=13616 table_mib=0.6 mutable_mib=16.0 max_job_mib=8.6 oldest_ms=237.24 pack_ms=4.86 solve_ms=6.79
v5_device jobs=1 rows=1681 cells=8955 direct=true graph_reused=false upload_ms=0.39 capture_ms=3.65 queue_ms=4.82 gpu_ms=0.01 unpack_ms=0.15 total_ms=9.01
v5_service device=1 lane=1 class=2 jobs=1 rows=1681 cells=8955 reach=7389 reverse=8955 table_mib=0.9 mutable_mib=64.0 max_job_mib=65.6 oldest_ms=238.14 pack_ms=2.40 solve_ms=9.07
v5_device jobs=1 rows=240 cells=16014 direct=true graph_reused=false upload_ms=0.28 capture_ms=5.09 queue_ms=5.51 gpu_ms=0.00 unpack_ms=0.13 total_ms=11.02
v5_service device=0 lane=0 class=0 jobs=1 rows=240 cells=16014 reach=11251 reverse=16014 table_mib=0.7 mutable_mib=8.0 max_job_mib=9.2 oldest_ms=156.48 pack_ms=1.46 solve_ms=11.07
v5_device jobs=2 rows=3066 cells=200028 direct=true graph_reused=false upload_ms=2.29 capture_ms=3.97 queue_ms=39.76 gpu_ms=0.01 unpack_ms=0.88 total_ms=46.90
v5_service device=0 lane=0 class=2 jobs=2 rows=3066 cells=200028 reach=164758 reverse=200054 table_mib=6.9 mutable_mib=128.0 max_job_mib=69.4 oldest_ms=168.28 pack_ms=4.24 solve_ms=46.97
v5_device jobs=28 rows=20168 cells=732777 direct=true graph_reused=false upload_ms=21.01 capture_ms=3.40 queue_ms=58.54 gpu_ms=0.01 unpack_ms=4.80 total_ms=87.76
v5_service device=0 lane=1 class=1 jobs=28 rows=20168 cells=732777 reach=567123 reverse=733163 table_mib=30.3 mutable_mib=672.0 max_job_mib=36.6 oldest_ms=80.31 pack_ms=17.21 solve_ms=87.81
v5_device jobs=14 rows=10631 cells=293423 direct=true graph_reused=false upload_ms=4.40 capture_ms=4.29 queue_ms=40.27 gpu_ms=0.01 unpack_ms=1.99 total_ms=50.96
v5_service device=1 lane=0 class=1 jobs=14 rows=10631 cells=293423 reach=249679 reverse=295694 table_mib=13.3 mutable_mib=352.0 max_job_mib=35.7 oldest_ms=76.72 pack_ms=8.63 solve_ms=51.00
v5_device jobs=1 rows=18438 cells=1468267 direct=true graph_reused=false upload_ms=20.84 capture_ms=3.17 queue_ms=67.49 gpu_ms=0.01 unpack_ms=5.61 total_ms=97.13
v5_service device=1 lane=1 class=3 jobs=1 rows=18438 cells=1468267 reach=1086321 reverse=1468267 table_mib=48.1 mutable_mib=512.0 max_job_mib=582.1 oldest_ms=210.54 pack_ms=24.52 solve_ms=97.18
v5_device jobs=4 rows=8016 cells=130009 direct=true graph_reused=false upload_ms=2.91 capture_ms=3.26 queue_ms=29.68 gpu_ms=0.01 unpack_ms=1.69 total_ms=37.55
v5_service device=0 lane=1 class=2 jobs=4 rows=8016 cells=130009 reach=119282 reverse=130015 table_mib=8.0 mutable_mib=256.0 max_job_mib=69.6 oldest_ms=201.20 pack_ms=5.50 solve_ms=37.60
v5_device jobs=1 rows=301 cells=11015 direct=true graph_reused=false upload_ms=0.24 capture_ms=4.19 queue_ms=4.09 gpu_ms=0.00 unpack_ms=0.07 total_ms=8.60
v5_service device=1 lane=0 class=0 jobs=1 rows=301 cells=11015 reach=8302 reverse=11015 table_mib=0.5 mutable_mib=8.0 max_job_mib=9.0 oldest_ms=143.68 pack_ms=1.77 solve_ms=8.64
v5_device jobs=2 rows=558 cells=11086 direct=true graph_reused=false upload_ms=0.25 capture_ms=3.12 queue_ms=3.67 gpu_ms=0.00 unpack_ms=0.11 total_ms=7.15
v5_service device=0 lane=1 class=0 jobs=2 rows=558 cells=11086 reach=8349 reverse=11086 table_mib=0.6 mutable_mib=16.0 max_job_mib=8.6 oldest_ms=239.00 pack_ms=0.56 solve_ms=7.20
v5_device jobs=3 rows=6782 cells=260098 direct=true graph_reused=false upload_ms=3.56 capture_ms=3.26 queue_ms=21.75 gpu_ms=0.01 unpack_ms=1.40 total_ms=29.97
v5_service device=1 lane=0 class=2 jobs=3 rows=6782 cells=260098 reach=220494 reverse=260272 table_mib=10.7 mutable_mib=256.0 max_job_mib=139.7 oldest_ms=154.98 pack_ms=5.62 solve_ms=30.01
v5_device jobs=32 rows=22609 cells=692779 direct=true graph_reused=false upload_ms=12.44 capture_ms=3.81 queue_ms=56.35 gpu_ms=0.01 unpack_ms=4.52 total_ms=77.14
v5_service device=0 lane=0 class=1 jobs=32 rows=22609 cells=692779 reach=532165 reverse=694257 table_mib=30.0 mutable_mib=736.0 max_job_mib=38.0 oldest_ms=80.50 pack_ms=15.20 solve_ms=77.18
v5_device jobs=6 rows=1696 cells=32422 direct=true graph_reused=false upload_ms=0.64 capture_ms=3.83 queue_ms=12.80 gpu_ms=0.01 unpack_ms=0.33 total_ms=17.60
v5_service device=0 lane=0 class=0 jobs=6 rows=1696 cells=32422 reach=26529 reverse=32422 table_mib=1.8 mutable_mib=48.0 max_job_mib=9.1 oldest_ms=185.39 pack_ms=0.92 solve_ms=17.63
v5_device jobs=6 rows=9495 cells=372891 direct=true graph_reused=false upload_ms=5.15 capture_ms=3.83 queue_ms=31.40 gpu_ms=0.01 unpack_ms=2.30 total_ms=42.69
v5_service device=0 lane=0 class=2 jobs=6 rows=9495 cells=372891 reach=290613 reverse=372910 table_mib=15.3 mutable_mib=384.0 max_job_mib=73.0 oldest_ms=206.37 pack_ms=8.23 solve_ms=42.73
v5_device jobs=1 rows=40940 cells=1888695 direct=true graph_reused=false upload_ms=73.33 capture_ms=2.83 queue_ms=126.32 gpu_ms=0.02 unpack_ms=7.01 total_ms=209.51
v5_service device=1 lane=0 class=3 jobs=1 rows=40940 cells=1888695 reach=1879526 reverse=1888695 table_mib=77.6 mutable_mib=1024.0 max_job_mib=1157.1 oldest_ms=187.31 pack_ms=37.66 solve_ms=209.56
v5_device jobs=24 rows=17629 cells=646276 direct=true graph_reused=false upload_ms=10.44 capture_ms=3.88 queue_ms=50.99 gpu_ms=0.01 unpack_ms=3.83 total_ms=69.15
v5_service device=0 lane=0 class=1 jobs=24 rows=17629 cells=646276 reach=492765 reverse=646828 table_mib=26.5 mutable_mib=576.0 max_job_mib=35.7 oldest_ms=83.25 pack_ms=11.63 solve_ms=69.19
v5_device jobs=6 rows=12473 cells=557553 direct=true graph_reused=false upload_ms=8.28 capture_ms=3.88 queue_ms=35.68 gpu_ms=0.01 unpack_ms=2.95 total_ms=50.81
v5_service device=0 lane=0 class=2 jobs=6 rows=12473 cells=557553 reach=470922 reverse=559201 table_mib=21.7 mutable_mib=448.0 max_job_mib=131.1 oldest_ms=190.94 pack_ms=11.49 solve_ms=50.85
v5_device jobs=5 rows=1373 cells=14411 direct=true graph_reused=false upload_ms=0.39 capture_ms=4.24 queue_ms=5.24 gpu_ms=0.00 unpack_ms=0.19 total_ms=10.07
v5_service device=0 lane=0 class=0 jobs=5 rows=1373 cells=14411 reach=12905 reverse=14411 table_mib=1.0 mutable_mib=40.0 max_job_mib=8.6 oldest_ms=255.40 pack_ms=0.82 solve_ms=10.10
v5_device jobs=16 rows=4676 cells=209885 direct=true graph_reused=false upload_ms=2.66 capture_ms=3.76 queue_ms=22.37 gpu_ms=0.01 unpack_ms=1.16 total_ms=29.95
v5_service device=0 lane=0 class=0 jobs=16 rows=4676 cells=209885 reach=152908 reverse=209885 table_mib=8.3 mutable_mib=128.0 max_job_mib=10.7 oldest_ms=76.04 pack_ms=4.14 solve_ms=29.99
v5_device jobs=83 rows=59508 cells=1902295 direct=true graph_reused=false upload_ms=69.34 capture_ms=3.74 queue_ms=175.21 gpu_ms=0.02 unpack_ms=17.20 total_ms=265.51
v5_service device=0 lane=0 class=1 jobs=83 rows=59508 cells=1902295 reach=1483560 reverse=1905782 table_mib=82.7 mutable_mib=1840.0 max_job_mib=38.6 oldest_ms=129.27 pack_ms=43.77 solve_ms=265.55
v5_device jobs=11 rows=31222 cells=778927 direct=true graph_reused=false upload_ms=27.77 capture_ms=3.90 queue_ms=61.44 gpu_ms=0.01 unpack_ms=5.09 total_ms=98.21
v5_service device=0 lane=0 class=2 jobs=11 rows=31222 cells=778927 reach=630978 reverse=779385 table_mib=35.4 mutable_mib=1024.0 max_job_mib=274.4 oldest_ms=609.28 pack_ms=15.77 solve_ms=98.26
v5_device jobs=3 rows=84611 cells=1412469 direct=true graph_reused=false upload_ms=68.50 capture_ms=3.70 queue_ms=171.75 gpu_ms=0.02 unpack_ms=15.18 total_ms=259.14
v5_service device=0 lane=0 class=3 jobs=3 rows=84611 cells=1412469 reach=1402989 reverse=1412469 table_mib=75.1 mutable_mib=3072.0 max_job_mib=2111.6 oldest_ms=830.83 pack_ms=34.69 solve_ms=259.20
{"phase": "prestop", "solves": 55296, "games": 0, "decisions": 165234, "oversize_routes": 3, "card_exclusive_routes": 0, "exact_fallbacks": 0, "censored_games": 0, "dropped": 0, "node_caps": 2, "seconds": 60.196994864032604, "solves_per_s": 918.6}
{"phase": "drained", "solves": 57214, "games": 0, "decisions": 171951, "oversize_routes": 3, "card_exclusive_routes": 0, "exact_fallbacks": 0, "censored_games": 4608, "dropped": 0, "node_caps": 2, "seconds": 65.384, "solves_per_s": 875.0}
