[train] CUDA stream priority -1
[gpu] solve services up on [0]
[cfg] PUBFEAT=897 CFEAT=26 hidden=384 head=384 dg=64 rank=64 depth=2 iters=64 budget=1800s warm=300s device=cuda:0 draft=random snapshots=3 (every 8.3min) train_gen_ratio=0.5 recent_mix=0.5 recent_rows=400000 augment=True cap=2000000 matmul=high
[t=   0.9s] greedy ep  0 games=  96 dec= 18587 rows= 17807 horizon=0.30 nodecap=0 over=0 card=0 exact=0 drop=0 cfgs= 26.6 L=0.16107 P=nan old=nan new=nan tgt=-0.042/0.522 pstd=0.350 capv=0.040 lr=1.0e-03 gen=0.1s conv=0.0s add=0.1s train=0.7s sps=0
[t=   1.2s] greedy ep  1 games=  96 dec= 17876 rows= 17171 horizon=0.31 nodecap=0 over=0 card=0 exact=0 drop=0 cfgs= 24.3 L=0.13559 P=nan old=nan new=nan tgt=-0.059/0.500 pstd=0.488 capv=0.040 lr=1.0e-03 gen=0.1s conv=0.0s add=0.0s train=0.2s sps=0
[t=   1.6s] greedy ep  2 games=  96 dec= 18743 rows= 17947 horizon=0.33 nodecap=0 over=0 card=0 exact=0 drop=0 cfgs= 25.0 L=0.10627 P=nan old=nan new=nan tgt=-0.054/0.504 pstd=0.480 capv=0.040 lr=1.0e-03 gen=0.1s conv=0.0s add=0.0s train=0.2s sps=0
[t=   1.9s] greedy ep  3 games=  96 dec= 18353 rows= 17532 horizon=0.32 nodecap=0 over=0 card=0 exact=0 drop=0 cfgs= 25.1 L=0.09940 P=nan old=nan new=nan tgt=-0.044/0.488 pstd=0.470 capv=0.040 lr=1.0e-03 gen=0.1s conv=0.0s add=0.1s train=0.2s sps=0
[t=   2.3s] greedy ep  4 games=  96 dec= 18515 rows= 17700 horizon=0.33 nodecap=0 over=0 card=0 exact=0 drop=0 cfgs= 25.4 L=0.09860 P=nan old=nan new=nan tgt=-0.042/0.485 pstd=0.470 capv=0.040 lr=1.0e-03 gen=0.1s conv=0.0s add=0.1s train=0.2s sps=0
[t=   2.6s] greedy ep  5 games=  96 dec= 17779 rows= 16976 horizon=0.25 nodecap=0 over=0 card=0 exact=0 drop=0 cfgs= 26.0 L=0.09179 P=nan old=nan new=nan tgt=-0.046/0.506 pstd=0.471 capv=0.040 lr=1.0e-03 gen=0.1s conv=0.0s add=0.1s train=0.2s sps=0
[t=   3.0s] greedy ep  6 games=  96 dec= 18977 rows= 18196 horizon=0.38 nodecap=0 over=0 card=0 exact=0 drop=0 cfgs= 24.0 L=0.08730 P=nan old=nan new=nan tgt=-0.001/0.481 pstd=0.458 capv=0.040 lr=1.0e-03 gen=0.1s conv=0.0s add=0.0s train=0.2s sps=0
[t=   3.3s] greedy ep  7 games=  96 dec= 18186 rows= 17397 horizon=0.33 nodecap=0 over=0 card=0 exact=0 drop=0 cfgs= 26.4 L=0.07890 P=nan old=nan new=nan tgt=-0.022/0.489 pstd=0.492 capv=0.040 lr=1.0e-03 gen=0.1s conv=0.0s add=0.1s train=0.2s sps=0
[t=   3.6s] greedy ep  8 games=  96 dec= 17129 rows= 16347 horizon=0.24 nodecap=0 over=0 card=0 exact=0 drop=0 cfgs= 26.3 L=0.07804 P=nan old=nan new=nan tgt=-0.069/0.515 pstd=0.487 capv=0.040 lr=1.0e-03 gen=0.1s conv=0.0s add=0.0s train=0.2s sps=0
[t=   4.0s] greedy ep  9 games=  96 dec= 18710 rows= 18000 horizon=0.36 nodecap=0 over=0 card=0 exact=0 drop=0 cfgs= 25.8 L=0.07053 P=nan old=nan new=nan tgt=-0.037/0.490 pstd=0.453 capv=0.040 lr=1.0e-03 gen=0.1s conv=0.0s add=0.1s train=0.2s sps=0
[t=   4.3s] greedy ep 10 games=  96 dec= 17462 rows= 16805 horizon=0.30 nodecap=0 over=0 card=0 exact=0 drop=0 cfgs= 25.5 L=0.06909 P=nan old=nan new=nan tgt=-0.051/0.495 pstd=0.473 capv=0.040 lr=1.0e-03 gen=0.1s conv=0.0s add=0.1s train=0.2s sps=0
[t=   4.7s] greedy ep 11 games=  96 dec= 17609 rows= 16735 horizon=0.23 nodecap=0 over=0 card=0 exact=0 drop=0 cfgs= 24.2 L=0.06771 P=nan old=nan new=nan tgt=-0.029/0.520 pstd=0.461 capv=0.040 lr=1.0e-03 gen=0.1s conv=0.0s add=0.1s train=0.2s sps=0
[t=   5.0s] greedy ep 12 games=  96 dec= 18324 rows= 17593 horizon=0.30 nodecap=0 over=0 card=0 exact=0 drop=0 cfgs= 25.8 L=0.06489 P=nan old=nan new=nan tgt=-0.025/0.500 pstd=0.476 capv=0.040 lr=1.0e-03 gen=0.1s conv=0.0s add=0.1s train=0.2s sps=0
[t=   5.3s] greedy ep 13 games=  96 dec= 18178 rows= 17392 horizon=0.29 nodecap=0 over=0 card=0 exact=0 drop=0 cfgs= 25.2 L=0.06729 P=nan old=nan new=nan tgt=-0.032/0.496 pstd=0.508 capv=0.040 lr=1.0e-03 gen=0.1s conv=0.0s add=0.0s train=0.2s sps=0
[t=   5.7s] greedy ep 14 games=  96 dec= 17481 rows= 16799 horizon=0.28 nodecap=0 over=0 card=0 exact=0 drop=0 cfgs= 26.5 L=0.06446 P=nan old=nan new=nan tgt=-0.061/0.509 pstd=0.486 capv=0.040 lr=1.0e-03 gen=0.1s conv=0.0s add=0.1s train=0.2s sps=0
[t=   6.0s] greedy ep 15 games=  96 dec= 17814 rows= 17099 horizon=0.28 nodecap=0 over=0 card=0 exact=0 drop=0 cfgs= 25.4 L=0.06901 P=nan old=nan new=nan tgt=-0.054/0.495 pstd=0.468 capv=0.040 lr=1.0e-03 gen=0.1s conv=0.0s add=0.1s train=0.2s sps=0
[t=   6.3s] greedy ep 16 games=  96 dec= 18174 rows= 17365 horizon=0.30 nodecap=0 over=0 card=0 exact=0 drop=0 cfgs= 24.2 L=0.06917 P=nan old=nan new=nan tgt=-0.026/0.480 pstd=0.480 capv=0.040 lr=1.0e-03 gen=0.1s conv=0.0s add=0.1s train=0.2s sps=0
[t=   6.7s] greedy ep 17 games=  96 dec= 17864 rows= 17145 horizon=0.29 nodecap=0 over=0 card=0 exact=0 drop=0 cfgs= 25.2 L=0.06920 P=nan old=nan new=nan tgt=-0.044/0.504 pstd=0.480 capv=0.040 lr=1.0e-03 gen=0.1s conv=0.0s add=0.1s train=0.2s sps=0
[t=   7.0s] greedy ep 18 games=  96 dec= 17867 rows= 17080 horizon=0.28 nodecap=0 over=0 card=0 exact=0 drop=0 cfgs= 27.2 L=0.07175 P=nan old=nan new=nan tgt=-0.047/0.531 pstd=0.481 capv=0.040 lr=1.0e-03 gen=0.1s conv=0.0s add=0.1s train=0.2s sps=0
[t=   7.4s] greedy ep 19 games=  96 dec= 17539 rows= 16833 horizon=0.27 nodecap=0 over=0 card=0 exact=0 drop=0 cfgs= 26.0 L=0.06782 P=nan old=nan new=nan tgt=-0.025/0.497 pstd=0.492 capv=0.040 lr=1.0e-03 gen=0.1s conv=0.0s add=0.1s train=0.2s sps=0
[t=   7.7s] greedy ep 20 games=  96 dec= 18338 rows= 17649 horizon=0.34 nodecap=0 over=0 card=0 exact=0 drop=0 cfgs= 24.0 L=0.06784 P=nan old=nan new=nan tgt=-0.018/0.465 pstd=0.490 capv=0.040 lr=1.0e-03 gen=0.1s conv=0.0s add=0.0s train=0.2s sps=0
[t=   8.0s] greedy ep 21 games=  96 dec= 17660 rows= 16940 horizon=0.30 nodecap=0 over=0 card=0 exact=0 drop=0 cfgs= 27.0 L=0.06678 P=nan old=nan new=nan tgt=-0.027/0.497 pstd=0.494 capv=0.040 lr=1.0e-03 gen=0.1s conv=0.0s add=0.1s train=0.2s sps=0
[t=   8.4s] greedy ep 22 games=  96 dec= 17830 rows= 17119 horizon=0.26 nodecap=0 over=0 card=0 exact=0 drop=0 cfgs= 25.0 L=0.06517 P=nan old=nan new=nan tgt=-0.022/0.508 pstd=0.498 capv=0.040 lr=1.0e-03 gen=0.1s conv=0.0s add=0.1s train=0.2s sps=0
[t=   8.8s] greedy ep 23 games=  96 dec= 18877 rows= 18012 horizon=0.35 nodecap=0 over=0 card=0 exact=0 drop=0 cfgs= 24.0 L=0.06592 P=nan old=0.04165 new=0.06545 tgt=-0.040/0.473 pstd=0.491 capv=0.040 lr=1.0e-03 gen=0.1s conv=0.0s add=0.0s train=0.2s sps=0
[t=   9.1s] greedy ep 24 games=  96 dec= 17428 rows= 16703 horizon=0.25 nodecap=0 over=0 card=0 exact=0 drop=0 cfgs= 25.6 L=0.06743 P=nan old=0.04056 new=0.06385 tgt=-0.043/0.521 pstd=0.487 capv=0.040 lr=1.0e-03 gen=0.1s conv=0.0s add=0.0s train=0.2s sps=0
[t=   9.4s] greedy ep 25 games=  96 dec= 17451 rows= 16720 horizon=0.26 nodecap=0 over=0 card=0 exact=0 drop=0 cfgs= 25.8 L=0.06803 P=nan old=0.04071 new=0.06796 tgt=-0.025/0.506 pstd=0.449 capv=0.040 lr=1.0e-03 gen=0.1s conv=0.0s add=0.0s train=0.2s sps=0
[t=   9.8s] greedy ep 26 games=  96 dec= 17750 rows= 17058 horizon=0.29 nodecap=0 over=0 card=0 exact=0 drop=0 cfgs= 26.4 L=0.06565 P=nan old=0.03914 new=0.07001 tgt=-0.041/0.505 pstd=0.449 capv=0.040 lr=1.0e-03 gen=0.1s conv=0.0s add=0.1s train=0.2s sps=0
[t=  10.2s] greedy ep 27 games=  96 dec= 18605 rows= 17768 horizon=0.33 nodecap=0 over=0 card=0 exact=0 drop=0 cfgs= 24.4 L=0.06669 P=nan old=0.03892 new=0.06635 tgt=-0.023/0.480 pstd=0.459 capv=0.040 lr=1.0e-03 gen=0.1s conv=0.0s add=0.0s train=0.2s sps=0
[t=  10.5s] greedy ep 28 games=  96 dec= 17893 rows= 17155 horizon=0.34 nodecap=0 over=0 card=0 exact=0 drop=0 cfgs= 25.1 L=0.06924 P=nan old=0.04429 new=0.07257 tgt=-0.052/0.490 pstd=0.444 capv=0.040 lr=1.0e-03 gen=0.1s conv=0.0s add=0.0s train=0.2s sps=0
[t=  10.9s] greedy ep 29 games=  96 dec= 17752 rows= 16994 horizon=0.26 nodecap=0 over=0 card=0 exact=0 drop=0 cfgs= 26.0 L=0.06913 P=nan old=0.04512 new=0.06277 tgt=-0.066/0.536 pstd=0.446 capv=0.040 lr=1.0e-03 gen=0.1s conv=0.0s add=0.1s train=0.2s sps=0
[t=  11.2s] greedy ep 30 games=  96 dec= 18126 rows= 17358 horizon=0.28 nodecap=0 over=0 card=0 exact=0 drop=0 cfgs= 24.3 L=0.06989 P=nan old=0.04820 new=0.07000 tgt=-0.025/0.502 pstd=0.454 capv=0.040 lr=1.0e-03 gen=0.1s conv=0.0s add=0.0s train=0.2s sps=0
[t=  11.6s] greedy ep 31 games=  96 dec= 18004 rows= 17295 horizon=0.27 nodecap=0 over=0 card=0 exact=0 drop=0 cfgs= 26.5 L=0.07225 P=nan old=0.05198 new=0.07892 tgt=-0.075/0.522 pstd=0.430 capv=0.040 lr=1.0e-03 gen=0.1s conv=0.0s add=0.1s train=0.2s sps=0
[t=  11.9s] greedy ep 32 games=  96 dec= 17922 rows= 17196 horizon=0.28 nodecap=0 over=0 card=0 exact=0 drop=0 cfgs= 24.8 L=0.07546 P=nan old=0.05212 new=0.07419 tgt=-0.044/0.499 pstd=0.440 capv=0.040 lr=1.0e-03 gen=0.1s conv=0.0s add=0.0s train=0.2s sps=0
[t=  12.3s] greedy ep 33 games=  96 dec= 18475 rows= 17677 horizon=0.25 nodecap=0 over=0 card=0 exact=0 drop=0 cfgs= 24.4 L=0.07346 P=nan old=0.04546 new=0.07558 tgt=-0.038/0.534 pstd=0.405 capv=0.040 lr=1.0e-03 gen=0.1s conv=0.0s add=0.1s train=0.2s sps=0
[t=  12.7s] greedy ep 34 games=  96 dec= 17884 rows= 17116 horizon=0.30 nodecap=0 over=0 card=0 exact=0 drop=0 cfgs= 26.5 L=0.07295 P=nan old=0.04863 new=0.07708 tgt=-0.068/0.492 pstd=0.412 capv=0.040 lr=1.0e-03 gen=0.1s conv=0.0s add=0.1s train=0.2s sps=0
[t=  13.0s] greedy ep 35 games=  96 dec= 17765 rows= 17071 horizon=0.26 nodecap=0 over=0 card=0 exact=0 drop=0 cfgs= 25.2 L=0.07177 P=nan old=0.05250 new=0.07250 tgt=-0.024/0.511 pstd=0.440 capv=0.040 lr=1.0e-03 gen=0.1s conv=0.0s add=0.0s train=0.2s sps=0
[t=  13.3s] greedy ep 36 games=  96 dec= 18096 rows= 17391 horizon=0.30 nodecap=0 over=0 card=0 exact=0 drop=0 cfgs= 26.6 L=0.07013 P=nan old=0.04953 new=0.07966 tgt=-0.035/0.497 pstd=0.426 capv=0.040 lr=1.0e-03 gen=0.1s conv=0.0s add=0.1s train=0.2s sps=0
[t=  13.7s] greedy ep 37 games=  96 dec= 17649 rows= 16852 horizon=0.24 nodecap=0 over=0 card=0 exact=0 drop=0 cfgs= 27.3 L=0.07343 P=nan old=0.05493 new=0.07747 tgt=-0.045/0.532 pstd=0.409 capv=0.040 lr=1.0e-03 gen=0.1s conv=0.0s add=0.1s train=0.2s sps=0
[t=  14.1s] greedy ep 38 games=  96 dec= 18132 rows= 17382 horizon=0.33 nodecap=0 over=0 card=0 exact=0 drop=0 cfgs= 25.1 L=0.07196 P=nan old=0.05234 new=0.06944 tgt=-0.040/0.494 pstd=0.427 capv=0.040 lr=1.0e-03 gen=0.1s conv=0.0s add=0.1s train=0.2s sps=0
[t=  14.4s] greedy ep 39 games=  96 dec= 17367 rows= 16584 horizon=0.26 nodecap=0 over=0 card=0 exact=0 drop=0 cfgs= 25.1 L=0.07322 P=nan old=0.05388 new=0.08144 tgt=-0.041/0.515 pstd=0.444 capv=0.040 lr=1.0e-03 gen=0.1s conv=0.0s add=0.1s train=0.2s sps=0
[t=  14.8s] greedy ep 40 games=  96 dec= 18241 rows= 17453 horizon=0.28 nodecap=0 over=0 card=0 exact=0 drop=0 cfgs= 25.1 L=0.07753 P=nan old=0.05689 new=0.08238 tgt=-0.033/0.504 pstd=0.416 capv=0.040 lr=1.0e-03 gen=0.1s conv=0.0s add=0.1s train=0.2s sps=0
[t=  15.1s] greedy ep 41 games=  96 dec= 18549 rows= 17719 horizon=0.27 nodecap=0 over=0 card=0 exact=0 drop=0 cfgs= 25.6 L=0.07429 P=nan old=0.05688 new=0.07957 tgt=-0.058/0.491 pstd=0.444 capv=0.040 lr=1.0e-03 gen=0.1s conv=0.0s add=0.1s train=0.2s sps=0
[t=  15.5s] greedy ep 42 games=  96 dec= 18256 rows= 17524 horizon=0.32 nodecap=0 over=0 card=0 exact=0 drop=0 cfgs= 27.1 L=0.07356 P=nan old=0.05966 new=0.07650 tgt=-0.032/0.506 pstd=0.452 capv=0.040 lr=1.0e-03 gen=0.1s conv=0.0s add=0.1s train=0.2s sps=0
[t=  15.9s] greedy ep 43 games=  96 dec= 17549 rows= 16725 horizon=0.23 nodecap=0 over=0 card=0 exact=0 drop=0 cfgs= 25.9 L=0.07347 P=nan old=0.06322 new=0.07963 tgt=-0.042/0.531 pstd=0.430 capv=0.040 lr=1.0e-03 gen=0.1s conv=0.0s add=0.0s train=0.2s sps=0
[t=  16.2s] greedy ep 44 games=  96 dec= 18569 rows= 17819 horizon=0.35 nodecap=0 over=0 card=0 exact=0 drop=0 cfgs= 24.6 L=0.07393 P=nan old=0.05783 new=0.07448 tgt=-0.054/0.482 pstd=0.408 capv=0.040 lr=1.0e-03 gen=0.1s conv=0.0s add=0.1s train=0.2s sps=0
[t=  16.6s] greedy ep 45 games=  96 dec= 18382 rows= 17559 horizon=0.29 nodecap=0 over=0 card=0 exact=0 drop=0 cfgs= 24.9 L=0.07315 P=nan old=0.05581 new=0.07286 tgt=-0.047/0.494 pstd=0.432 capv=0.040 lr=1.0e-03 gen=0.1s conv=0.0s add=0.1s train=0.2s sps=0
[t=  17.0s] greedy ep 46 games=  96 dec= 18351 rows= 17666 horizon=0.32 nodecap=0 over=0 card=0 exact=0 drop=0 cfgs= 25.1 L=0.07299 P=nan old=0.05949 new=0.07593 tgt=-0.021/0.456 pstd=0.424 capv=0.040 lr=1.0e-03 gen=0.1s conv=0.0s add=0.0s train=0.2s sps=0
[t=  17.4s] greedy ep 47 games=  96 dec= 17850 rows= 17078 horizon=0.26 nodecap=0 over=0 card=0 exact=0 drop=0 cfgs= 27.1 L=0.07436 P=nan old=0.05944 new=0.07109 tgt=-0.034/0.514 pstd=0.442 capv=0.040 lr=1.0e-03 gen=0.1s conv=0.0s add=0.1s train=0.2s sps=0
[t=  17.8s] greedy ep 48 games=  96 dec= 17426 rows= 16790 horizon=0.27 nodecap=0 over=0 card=0 exact=0 drop=0 cfgs= 26.5 L=0.07180 P=nan old=0.05856 new=0.07347 tgt=-0.052/0.508 pstd=0.420 capv=0.040 lr=1.0e-03 gen=0.1s conv=0.0s add=0.1s train=0.2s sps=0
[t=  18.1s] greedy ep 49 games=  96 dec= 17326 rows= 16659 horizon=0.25 nodecap=0 over=0 card=0 exact=0 drop=0 cfgs= 26.3 L=0.07319 P=nan old=0.05868 new=0.07537 tgt=-0.029/0.531 pstd=0.409 capv=0.040 lr=1.0e-03 gen=0.1s conv=0.0s add=0.1s train=0.2s sps=0
[t=  18.4s] greedy ep 50 games=  96 dec= 17564 rows= 16825 horizon=0.24 nodecap=0 over=0 card=0 exact=0 drop=0 cfgs= 26.0 L=0.07314 P=nan old=0.06281 new=0.07980 tgt=-0.036/0.528 pstd=0.452 capv=0.040 lr=1.0e-03 gen=0.1s conv=0.0s add=0.1s train=0.2s sps=0
[t=  18.8s] greedy ep 51 games=  96 dec= 18761 rows= 17962 horizon=0.26 nodecap=0 over=0 card=0 exact=0 drop=0 cfgs= 24.3 L=0.07322 P=nan old=0.05785 new=0.07362 tgt=-0.033/0.513 pstd=0.433 capv=0.040 lr=1.0e-03 gen=0.1s conv=0.0s add=0.1s train=0.2s sps=0
[t=  19.2s] greedy ep 52 games=  96 dec= 17813 rows= 17085 horizon=0.25 nodecap=0 over=0 card=0 exact=0 drop=0 cfgs= 27.0 L=0.07394 P=nan old=0.05868 new=0.07631 tgt=-0.085/0.527 pstd=0.432 capv=0.040 lr=1.0e-03 gen=0.1s conv=0.0s add=0.1s train=0.2s sps=0
[t=  19.5s] greedy ep 53 games=  96 dec= 17701 rows= 16975 horizon=0.24 nodecap=0 over=0 card=0 exact=0 drop=0 cfgs= 26.5 L=0.07687 P=nan old=0.06414 new=0.08209 tgt=-0.054/0.539 pstd=0.419 capv=0.040 lr=1.0e-03 gen=0.1s conv=0.0s add=0.1s train=0.2s sps=0
[t=  19.9s] greedy ep 54 games=  96 dec= 18507 rows= 17687 horizon=0.30 nodecap=0 over=0 card=0 exact=0 drop=0 cfgs= 25.3 L=0.07601 P=nan old=0.06160 new=0.08309 tgt=-0.010/0.470 pstd=0.442 capv=0.040 lr=1.0e-03 gen=0.1s conv=0.0s add=0.1s train=0.2s sps=0
[t=  20.3s] greedy ep 55 games=  96 dec= 17822 rows= 17035 horizon=0.26 nodecap=0 over=0 card=0 exact=0 drop=0 cfgs= 26.0 L=0.07652 P=nan old=0.06729 new=0.07773 tgt=-0.025/0.520 pstd=0.410 capv=0.040 lr=1.0e-03 gen=0.1s conv=0.0s add=0.1s train=0.2s sps=0
[t=  20.6s] greedy ep 56 games=  96 dec= 15992 rows= 15232 horizon=0.16 nodecap=0 over=0 card=0 exact=0 drop=0 cfgs= 26.8 L=0.07723 P=nan old=0.06659 new=0.08404 tgt=-0.054/0.535 pstd=0.424 capv=0.040 lr=1.0e-03 gen=0.1s conv=0.0s add=0.0s train=0.1s sps=0
[t=  21.0s] greedy ep 57 games=  96 dec= 18494 rows= 17754 horizon=0.31 nodecap=0 over=0 card=0 exact=0 drop=0 cfgs= 26.9 L=0.07693 P=nan old=0.06248 new=0.07277 tgt=-0.059/0.490 pstd=0.423 capv=0.040 lr=1.0e-03 gen=0.1s conv=0.0s add=0.1s train=0.2s sps=0
[t=  21.3s] greedy ep 58 games=  96 dec= 17606 rows= 16826 horizon=0.25 nodecap=0 over=0 card=0 exact=0 drop=0 cfgs= 26.6 L=0.07643 P=nan old=0.06451 new=0.07448 tgt=-0.020/0.530 pstd=0.412 capv=0.040 lr=1.0e-03 gen=0.1s conv=0.0s add=0.1s train=0.2s sps=0
[t=  21.7s] greedy ep 59 games=  96 dec= 18736 rows= 18023 horizon=0.35 nodecap=0 over=0 card=0 exact=0 drop=0 cfgs= 24.6 L=0.07545 P=nan old=0.06138 new=0.07738 tgt=-0.019/0.463 pstd=0.410 capv=0.040 lr=1.0e-03 gen=0.1s conv=0.0s add=0.1s train=0.2s sps=0
[t=  22.1s] greedy ep 60 games=  96 dec= 17787 rows= 16970 horizon=0.25 nodecap=0 over=0 card=0 exact=0 drop=0 cfgs= 25.9 L=0.07518 P=nan old=0.06946 new=0.08340 tgt=-0.043/0.514 pstd=0.408 capv=0.040 lr=1.0e-03 gen=0.1s conv=0.0s add=0.1s train=0.2s sps=0
[t=  22.4s] greedy ep 61 games=  96 dec= 16770 rows= 16064 horizon=0.22 nodecap=0 over=0 card=0 exact=0 drop=0 cfgs= 25.9 L=0.07510 P=nan old=0.06316 new=0.08251 tgt=-0.058/0.534 pstd=0.410 capv=0.040 lr=1.0e-03 gen=0.1s conv=0.0s add=0.1s train=0.2s sps=0
[t=  22.8s] greedy ep 62 games=  96 dec= 18144 rows= 17349 horizon=0.28 nodecap=0 over=0 card=0 exact=0 drop=0 cfgs= 26.3 L=0.07476 P=nan old=0.06310 new=0.07837 tgt=-0.035/0.507 pstd=0.416 capv=0.040 lr=1.0e-03 gen=0.1s conv=0.0s add=0.1s train=0.2s sps=0
[t=  23.1s] greedy ep 63 games=  96 dec= 18420 rows= 17649 horizon=0.34 nodecap=0 over=0 card=0 exact=0 drop=0 cfgs= 23.3 L=0.07698 P=nan old=0.06638 new=0.07969 tgt=-0.033/0.490 pstd=0.406 capv=0.040 lr=1.0e-03 gen=0.1s conv=0.0s add=0.1s train=0.2s sps=0
[t=  23.5s] greedy ep 64 games=  96 dec= 18082 rows= 17287 horizon=0.26 nodecap=0 over=0 card=0 exact=0 drop=0 cfgs= 26.8 L=0.07592 P=nan old=0.06734 new=0.07530 tgt=-0.048/0.507 pstd=0.401 capv=0.040 lr=1.0e-03 gen=0.1s conv=0.0s add=0.1s train=0.2s sps=0
[t=  23.9s] greedy ep 65 games=  96 dec= 18635 rows= 17930 horizon=0.32 nodecap=0 over=0 card=0 exact=0 drop=0 cfgs= 25.0 L=0.07439 P=nan old=0.06267 new=0.08079 tgt=+0.001/0.438 pstd=0.403 capv=0.040 lr=1.0e-03 gen=0.1s conv=0.0s add=0.1s train=0.2s sps=0
[t=  24.2s] greedy ep 66 games=  96 dec= 17306 rows= 16633 horizon=0.28 nodecap=0 over=0 card=0 exact=0 drop=0 cfgs= 25.4 L=0.07479 P=nan old=0.06833 new=0.07462 tgt=-0.047/0.520 pstd=0.392 capv=0.040 lr=1.0e-03 gen=0.1s conv=0.0s add=0.1s train=0.2s sps=0
[t=  24.6s] greedy ep 67 games=  96 dec= 17122 rows= 16401 horizon=0.22 nodecap=0 over=0 card=0 exact=0 drop=0 cfgs= 27.0 L=0.07615 P=nan old=0.06512 new=0.07730 tgt=-0.068/0.523 pstd=0.405 capv=0.040 lr=1.0e-03 gen=0.1s conv=0.0s add=0.1s train=0.2s sps=0
[t=  24.9s] greedy ep 68 games=  96 dec= 17276 rows= 16436 horizon=0.22 nodecap=0 over=0 card=0 exact=0 drop=0 cfgs= 26.6 L=0.07757 P=nan old=0.06141 new=0.07854 tgt=-0.017/0.526 pstd=0.409 capv=0.040 lr=1.0e-03 gen=0.1s conv=0.0s add=0.1s train=0.2s sps=0
[t=  25.3s] greedy ep 69 games=  96 dec= 18232 rows= 17441 horizon=0.33 nodecap=0 over=0 card=0 exact=0 drop=0 cfgs= 25.4 L=0.07537 P=nan old=0.06774 new=0.07989 tgt=-0.036/0.492 pstd=0.449 capv=0.040 lr=1.0e-03 gen=0.1s conv=0.0s add=0.1s train=0.2s sps=0
[t=  25.6s] greedy ep 70 games=  96 dec= 17743 rows= 17000 horizon=0.25 nodecap=0 over=0 card=0 exact=0 drop=0 cfgs= 23.5 L=0.07609 P=nan old=0.06733 new=0.07979 tgt=-0.022/0.480 pstd=0.420 capv=0.040 lr=1.0e-03 gen=0.1s conv=0.0s add=0.1s train=0.2s sps=0
[t=  26.0s] greedy ep 71 games=  96 dec= 16733 rows= 16018 horizon=0.23 nodecap=0 over=0 card=0 exact=0 drop=0 cfgs= 24.3 L=0.07668 P=nan old=0.06687 new=0.08355 tgt=-0.022/0.526 pstd=0.386 capv=0.040 lr=1.0e-03 gen=0.1s conv=0.0s add=0.1s train=0.2s sps=0
[t=  26.3s] greedy ep 72 games=  96 dec= 18023 rows= 17311 horizon=0.28 nodecap=0 over=0 card=0 exact=0 drop=0 cfgs= 24.9 L=0.07790 P=nan old=0.06702 new=0.07957 tgt=-0.020/0.487 pstd=0.409 capv=0.040 lr=1.0e-03 gen=0.1s conv=0.0s add=0.1s train=0.2s sps=0
[t=  26.7s] greedy ep 73 games=  96 dec= 16977 rows= 16222 horizon=0.18 nodecap=0 over=0 card=0 exact=0 drop=0 cfgs= 27.3 L=0.08003 P=nan old=0.06548 new=0.08350 tgt=-0.021/0.533 pstd=0.405 capv=0.040 lr=1.0e-03 gen=0.1s conv=0.0s add=0.1s train=0.2s sps=0
[t=  27.1s] greedy ep 74 games=  96 dec= 17622 rows= 16868 horizon=0.27 nodecap=0 over=0 card=0 exact=0 drop=0 cfgs= 27.3 L=0.07615 P=nan old=0.06179 new=0.08563 tgt=-0.044/0.531 pstd=0.416 capv=0.040 lr=1.0e-03 gen=0.1s conv=0.0s add=0.1s train=0.2s sps=0
[t=  27.4s] greedy ep 75 games=  96 dec= 17594 rows= 16815 horizon=0.27 nodecap=0 over=0 card=0 exact=0 drop=0 cfgs= 24.6 L=0.07770 P=nan old=0.06313 new=0.07660 tgt=-0.045/0.512 pstd=0.400 capv=0.040 lr=1.0e-03 gen=0.1s conv=0.0s add=0.1s train=0.2s sps=0
[t=  27.8s] greedy ep 76 games=  96 dec= 17138 rows= 16338 horizon=0.21 nodecap=0 over=0 card=0 exact=0 drop=0 cfgs= 26.5 L=0.07955 P=nan old=0.06567 new=0.08037 tgt=-0.067/0.536 pstd=0.408 capv=0.040 lr=1.0e-03 gen=0.1s conv=0.0s add=0.1s train=0.2s sps=0
[t=  28.2s] greedy ep 77 games=  96 dec= 18538 rows= 17750 horizon=0.34 nodecap=0 over=0 card=0 exact=0 drop=0 cfgs= 26.5 L=0.07539 P=nan old=0.07392 new=0.07915 tgt=-0.105/0.520 pstd=0.383 capv=0.040 lr=1.0e-03 gen=0.1s conv=0.0s add=0.1s train=0.2s sps=0
[t=  28.5s] greedy ep 78 games=  96 dec= 18131 rows= 17360 horizon=0.27 nodecap=0 over=0 card=0 exact=0 drop=0 cfgs= 25.4 L=0.07898 P=nan old=0.07019 new=0.07486 tgt=-0.025/0.489 pstd=0.379 capv=0.040 lr=1.0e-03 gen=0.1s conv=0.0s add=0.1s train=0.2s sps=0
[t=  28.9s] greedy ep 79 games=  96 dec= 17744 rows= 17027 horizon=0.29 nodecap=0 over=0 card=0 exact=0 drop=0 cfgs= 25.4 L=0.07872 P=nan old=0.06884 new=0.07129 tgt=-0.002/0.497 pstd=0.394 capv=0.040 lr=1.0e-03 gen=0.1s conv=0.0s add=0.1s train=0.2s sps=0
[t=  29.2s] greedy ep 80 games=  96 dec= 17851 rows= 17148 horizon=0.30 nodecap=0 over=0 card=0 exact=0 drop=0 cfgs= 26.0 L=0.07687 P=nan old=0.06674 new=0.07288 tgt=-0.039/0.488 pstd=0.385 capv=0.040 lr=1.0e-03 gen=0.1s conv=0.0s add=0.1s train=0.2s sps=0
[t=  29.6s] greedy ep 81 games=  96 dec= 18355 rows= 17609 horizon=0.32 nodecap=0 over=0 card=0 exact=0 drop=0 cfgs= 26.5 L=0.07715 P=nan old=0.07302 new=0.07650 tgt=-0.033/0.489 pstd=0.400 capv=0.040 lr=1.0e-03 gen=0.1s conv=0.0s add=0.1s train=0.2s sps=0
[t=  30.0s] greedy ep 82 games=  96 dec= 17922 rows= 17261 horizon=0.33 nodecap=0 over=0 card=0 exact=0 drop=0 cfgs= 25.0 L=0.08021 P=nan old=0.07787 new=0.08065 tgt=-0.020/0.473 pstd=0.394 capv=0.040 lr=1.0e-03 gen=0.1s conv=0.0s add=0.1s train=0.2s sps=0
[t=  30.3s] greedy ep 83 games=  96 dec= 17821 rows= 17069 horizon=0.28 nodecap=0 over=0 card=0 exact=0 drop=0 cfgs= 24.6 L=0.07790 P=nan old=0.07404 new=0.07433 tgt=-0.061/0.514 pstd=0.398 capv=0.040 lr=1.0e-03 gen=0.1s conv=0.0s add=0.1s train=0.2s sps=0
[t=  30.7s] greedy ep 84 games=  96 dec= 17705 rows= 16968 horizon=0.29 nodecap=0 over=0 card=0 exact=0 drop=0 cfgs= 26.9 L=0.07780 P=nan old=0.07083 new=0.07804 tgt=+0.006/0.499 pstd=0.402 capv=0.040 lr=1.0e-03 gen=0.1s conv=0.0s add=0.1s train=0.2s sps=0
[t=  31.0s] greedy ep 85 games=  96 dec= 17805 rows= 17080 horizon=0.28 nodecap=0 over=0 card=0 exact=0 drop=0 cfgs= 25.1 L=0.07750 P=nan old=0.06874 new=0.06983 tgt=-0.001/0.493 pstd=0.397 capv=0.040 lr=1.0e-03 gen=0.1s conv=0.0s add=0.1s train=0.2s sps=0
[t=  31.4s] greedy ep 86 games=  96 dec= 17838 rows= 17003 horizon=0.25 nodecap=0 over=0 card=0 exact=0 drop=0 cfgs= 26.8 L=0.08192 P=nan old=0.07814 new=0.07691 tgt=-0.022/0.508 pstd=0.394 capv=0.040 lr=1.0e-03 gen=0.1s conv=0.0s add=0.1s train=0.2s sps=0
[t=  31.7s] greedy ep 87 games=  96 dec= 17802 rows= 17095 horizon=0.31 nodecap=0 over=0 card=0 exact=0 drop=0 cfgs= 25.4 L=0.08112 P=nan old=0.06848 new=0.08509 tgt=-0.031/0.480 pstd=0.409 capv=0.040 lr=1.0e-03 gen=0.1s conv=0.0s add=0.1s train=0.2s sps=0
[t=  32.1s] greedy ep 88 games=  96 dec= 17377 rows= 16599 horizon=0.21 nodecap=0 over=0 card=0 exact=0 drop=0 cfgs= 26.0 L=0.07891 P=nan old=0.07273 new=0.08151 tgt=-0.045/0.553 pstd=0.400 capv=0.040 lr=1.0e-03 gen=0.1s conv=0.0s add=0.1s train=0.2s sps=0
[t=  32.4s] greedy ep 89 games=  96 dec= 17354 rows= 16600 horizon=0.25 nodecap=0 over=0 card=0 exact=0 drop=0 cfgs= 25.8 L=0.07760 P=nan old=0.06589 new=0.08259 tgt=-0.035/0.518 pstd=0.417 capv=0.040 lr=1.0e-03 gen=0.1s conv=0.0s add=0.1s train=0.2s sps=0
[t=  32.8s] greedy ep 90 games=  96 dec= 17115 rows= 16301 horizon=0.18 nodecap=0 over=0 card=0 exact=0 drop=0 cfgs= 27.4 L=0.07792 P=nan old=0.07379 new=0.07947 tgt=-0.038/0.533 pstd=0.415 capv=0.040 lr=1.0e-03 gen=0.1s conv=0.0s add=0.1s train=0.2s sps=0
[t=  33.1s] greedy ep 91 games=  96 dec= 17659 rows= 16934 horizon=0.28 nodecap=0 over=0 card=0 exact=0 drop=0 cfgs= 22.8 L=0.08007 P=nan old=0.07089 new=0.08038 tgt=-0.014/0.476 pstd=0.388 capv=0.040 lr=1.0e-03 gen=0.1s conv=0.0s add=0.1s train=0.2s sps=0
[t=  33.5s] greedy ep 92 games=  96 dec= 18637 rows= 17925 horizon=0.38 nodecap=0 over=0 card=0 exact=0 drop=0 cfgs= 24.3 L=0.07815 P=nan old=0.07760 new=0.07488 tgt=-0.041/0.486 pstd=0.381 capv=0.040 lr=1.0e-03 gen=0.1s conv=0.0s add=0.1s train=0.2s sps=0
[t=  33.9s] greedy ep 93 games=  96 dec= 18125 rows= 17430 horizon=0.30 nodecap=0 over=0 card=0 exact=0 drop=0 cfgs= 25.5 L=0.07674 P=nan old=0.07513 new=0.08629 tgt=-0.043/0.514 pstd=0.399 capv=0.040 lr=1.0e-03 gen=0.1s conv=0.0s add=0.1s train=0.2s sps=0
[t=  34.3s] greedy ep 94 games=  96 dec= 17075 rows= 16288 horizon=0.19 nodecap=0 over=0 card=0 exact=0 drop=0 cfgs= 26.0 L=0.07933 P=nan old=0.07850 new=0.08355 tgt=-0.013/0.522 pstd=0.380 capv=0.040 lr=1.0e-03 gen=0.1s conv=0.0s add=0.1s train=0.2s sps=0
[t=  34.6s] greedy ep 95 games=  96 dec= 18595 rows= 17812 horizon=0.29 nodecap=0 over=0 card=0 exact=0 drop=0 cfgs= 25.9 L=0.08178 P=nan old=0.07224 new=0.09440 tgt=-0.044/0.490 pstd=0.395 capv=0.040 lr=1.0e-03 gen=0.1s conv=0.0s add=0.1s train=0.2s sps=0
[t=  35.0s] greedy ep 96 games=  96 dec= 17739 rows= 17006 horizon=0.29 nodecap=0 over=0 card=0 exact=0 drop=0 cfgs= 23.5 L=0.08047 P=nan old=0.07841 new=0.07674 tgt=-0.027/0.527 pstd=0.365 capv=0.040 lr=1.0e-03 gen=0.1s conv=0.0s add=0.1s train=0.2s sps=0
[t=  35.4s] greedy ep 97 games=  96 dec= 17670 rows= 16972 horizon=0.27 nodecap=0 over=0 card=0 exact=0 drop=0 cfgs= 26.3 L=0.07926 P=nan old=0.07318 new=0.07627 tgt=-0.057/0.516 pstd=0.362 capv=0.040 lr=1.0e-03 gen=0.1s conv=0.0s add=0.1s train=0.2s sps=0
[t=  35.7s] greedy ep 98 games=  96 dec= 17544 rows= 16821 horizon=0.31 nodecap=0 over=0 card=0 exact=0 drop=0 cfgs= 24.2 L=0.07981 P=nan old=0.07498 new=0.08063 tgt=-0.006/0.471 pstd=0.387 capv=0.040 lr=1.0e-03 gen=0.1s conv=0.0s add=0.1s train=0.2s sps=0
[t=  36.1s] greedy ep 99 games=  96 dec= 17503 rows= 16781 horizon=0.25 nodecap=0 over=0 card=0 exact=0 drop=0 cfgs= 27.1 L=0.08208 P=nan old=0.07833 new=0.07833 tgt=-0.046/0.526 pstd=0.360 capv=0.040 lr=1.0e-03 gen=0.1s conv=0.0s add=0.1s train=0.2s sps=0
[t=  36.4s] greedy ep100 games=  96 dec= 17518 rows= 16756 horizon=0.24 nodecap=0 over=0 card=0 exact=0 drop=0 cfgs= 26.1 L=0.08087 P=nan old=0.07987 new=0.07059 tgt=-0.072/0.515 pstd=0.389 capv=0.040 lr=1.0e-03 gen=0.1s conv=0.0s add=0.1s train=0.2s sps=0
[t=  36.8s] greedy ep101 games=  96 dec= 18127 rows= 17397 horizon=0.32 nodecap=0 over=0 card=0 exact=0 drop=0 cfgs= 25.6 L=0.08168 P=nan old=0.07295 new=0.07782 tgt=-0.058/0.488 pstd=0.388 capv=0.040 lr=1.0e-03 gen=0.1s conv=0.0s add=0.1s train=0.2s sps=0
[t=  37.2s] greedy ep102 games=  96 dec= 17852 rows= 17058 horizon=0.27 nodecap=0 over=0 card=0 exact=0 drop=0 cfgs= 24.5 L=0.07950 P=nan old=0.08006 new=0.07561 tgt=-0.024/0.501 pstd=0.398 capv=0.040 lr=1.0e-03 gen=0.1s conv=0.0s add=0.1s train=0.2s sps=0
[t=  37.5s] greedy ep103 games=  96 dec= 17970 rows= 17245 horizon=0.26 nodecap=0 over=0 card=0 exact=0 drop=0 cfgs= 25.6 L=0.08033 P=nan old=0.07641 new=0.07148 tgt=-0.043/0.492 pstd=0.406 capv=0.040 lr=1.0e-03 gen=0.1s conv=0.0s add=0.1s train=0.2s sps=0
[t=  37.9s] greedy ep104 games=  96 dec= 17757 rows= 16967 horizon=0.24 nodecap=0 over=0 card=0 exact=0 drop=0 cfgs= 26.2 L=0.08201 P=nan old=0.07411 new=0.08435 tgt=-0.038/0.522 pstd=0.402 capv=0.040 lr=1.0e-03 gen=0.1s conv=0.0s add=0.1s train=0.2s sps=0
[t=  38.2s] greedy ep105 games=  96 dec= 18587 rows= 17907 horizon=0.32 nodecap=0 over=0 card=0 exact=0 drop=0 cfgs= 25.2 L=0.08063 P=nan old=0.07213 new=0.07814 tgt=-0.025/0.489 pstd=0.424 capv=0.040 lr=1.0e-03 gen=0.1s conv=0.0s add=0.1s train=0.2s sps=0
[t=  38.6s] greedy ep106 games=  96 dec= 18147 rows= 17460 horizon=0.31 nodecap=0 over=0 card=0 exact=0 drop=0 cfgs= 26.4 L=0.08113 P=nan old=0.07801 new=0.08055 tgt=-0.051/0.477 pstd=0.399 capv=0.040 lr=1.0e-03 gen=0.1s conv=0.0s add=0.1s train=0.2s sps=0
[t=  39.0s] greedy ep107 games=  96 dec= 18776 rows= 17965 horizon=0.34 nodecap=0 over=0 card=0 exact=0 drop=0 cfgs= 23.9 L=0.08196 P=nan old=0.07263 new=0.07789 tgt=-0.037/0.489 pstd=0.417 capv=0.040 lr=1.0e-03 gen=0.1s conv=0.0s add=0.1s train=0.2s sps=0
[t=  39.4s] greedy ep108 games=  96 dec= 18200 rows= 17442 horizon=0.31 nodecap=0 over=0 card=0 exact=0 drop=0 cfgs= 26.5 L=0.07956 P=nan old=0.07590 new=0.08820 tgt=-0.046/0.519 pstd=0.416 capv=0.040 lr=1.0e-03 gen=0.1s conv=0.0s add=0.1s train=0.2s sps=0
[t=  39.8s] greedy ep109 games=  96 dec= 17401 rows= 16694 horizon=0.26 nodecap=0 over=0 card=0 exact=0 drop=0 cfgs= 26.0 L=0.07885 P=nan old=0.07852 new=0.08160 tgt=-0.070/0.511 pstd=0.430 capv=0.040 lr=1.0e-03 gen=0.1s conv=0.0s add=0.1s train=0.2s sps=0
[t=  40.1s] greedy ep110 games=  96 dec= 18684 rows= 17895 horizon=0.38 nodecap=0 over=0 card=0 exact=0 drop=0 cfgs= 23.8 L=0.08058 P=nan old=0.07682 new=0.07575 tgt=-0.050/0.469 pstd=0.383 capv=0.040 lr=1.0e-03 gen=0.1s conv=0.0s add=0.1s train=0.2s sps=0
[t=  40.5s] greedy ep111 games=  96 dec= 18212 rows= 17436 horizon=0.32 nodecap=0 over=0 card=0 exact=0 drop=0 cfgs= 23.5 L=0.08249 P=nan old=0.07731 new=0.07442 tgt=-0.060/0.492 pstd=0.428 capv=0.040 lr=1.0e-03 gen=0.1s conv=0.0s add=0.1s train=0.2s sps=0
[t=  40.9s] greedy ep112 games=  96 dec= 19086 rows= 18350 horizon=0.35 nodecap=0 over=0 card=0 exact=0 drop=0 cfgs= 23.7 L=0.07939 P=nan old=0.07248 new=0.08338 tgt=-0.017/0.490 pstd=0.415 capv=0.040 lr=1.0e-03 gen=0.1s conv=0.0s add=0.1s train=0.2s sps=0
[t=  41.3s] greedy ep113 games=  96 dec= 18255 rows= 17453 horizon=0.34 nodecap=0 over=0 card=0 exact=0 drop=0 cfgs= 24.8 L=0.07991 P=nan old=0.07502 new=0.08208 tgt=-0.061/0.503 pstd=0.389 capv=0.040 lr=1.0e-03 gen=0.1s conv=0.0s add=0.1s train=0.2s sps=0
[t=  41.6s] greedy ep114 games=  96 dec= 18211 rows= 17387 horizon=0.26 nodecap=0 over=0 card=0 exact=0 drop=0 cfgs= 26.7 L=0.07934 P=nan old=0.07996 new=0.07324 tgt=-0.034/0.489 pstd=0.409 capv=0.040 lr=1.0e-03 gen=0.1s conv=0.0s add=0.1s train=0.2s sps=0
[t=  42.0s] greedy ep115 games=  96 dec= 17031 rows= 16357 horizon=0.19 nodecap=0 over=0 card=0 exact=0 drop=0 cfgs= 28.9 L=0.07847 P=nan old=0.07710 new=0.07754 tgt=-0.050/0.526 pstd=0.417 capv=0.040 lr=1.0e-03 gen=0.1s conv=0.0s add=0.1s train=0.2s sps=0
[t=  42.4s] greedy ep116 games=  96 dec= 18327 rows= 17465 horizon=0.29 nodecap=0 over=0 card=0 exact=0 drop=0 cfgs= 25.4 L=0.08082 P=nan old=0.06975 new=0.07526 tgt=-0.037/0.478 pstd=0.403 capv=0.040 lr=1.0e-03 gen=0.1s conv=0.0s add=0.1s train=0.2s sps=0
[t=  42.7s] greedy ep117 games=  96 dec= 18182 rows= 17387 horizon=0.28 nodecap=0 over=0 card=0 exact=0 drop=0 cfgs= 24.3 L=0.07793 P=nan old=0.07533 new=0.08451 tgt=-0.040/0.518 pstd=0.421 capv=0.040 lr=1.0e-03 gen=0.1s conv=0.0s add=0.1s train=0.2s sps=0
[t=  43.1s] greedy ep118 games=  96 dec= 17617 rows= 16905 horizon=0.30 nodecap=0 over=0 card=0 exact=0 drop=0 cfgs= 26.6 L=0.08073 P=nan old=0.07617 new=0.08013 tgt=-0.030/0.486 pstd=0.415 capv=0.040 lr=1.0e-03 gen=0.1s conv=0.0s add=0.1s train=0.2s sps=0
[t=  43.5s] greedy ep119 games=  96 dec= 17288 rows= 16497 horizon=0.26 nodecap=0 over=0 card=0 exact=0 drop=0 cfgs= 26.6 L=0.08058 P=nan old=0.07470 new=0.08080 tgt=-0.027/0.512 pstd=0.412 capv=0.040 lr=1.0e-03 gen=0.1s conv=0.0s add=0.1s train=0.2s sps=0
[t=  43.8s] greedy ep120 games=  96 dec= 18097 rows= 17383 horizon=0.31 nodecap=0 over=0 card=0 exact=0 drop=0 cfgs= 26.3 L=0.08096 P=nan old=0.07073 new=0.07559 tgt=-0.036/0.501 pstd=0.411 capv=0.040 lr=1.0e-03 gen=0.1s conv=0.0s add=0.1s train=0.2s sps=0
[t=  44.2s] greedy ep121 games=  96 dec= 16993 rows= 16269 horizon=0.21 nodecap=0 over=0 card=0 exact=0 drop=0 cfgs= 26.8 L=0.08132 P=nan old=0.07716 new=0.07462 tgt=-0.022/0.503 pstd=0.424 capv=0.040 lr=1.0e-03 gen=0.1s conv=0.0s add=0.1s train=0.2s sps=0
[t=  44.6s] greedy ep122 games=  96 dec= 18030 rows= 17184 horizon=0.23 nodecap=0 over=0 card=0 exact=0 drop=0 cfgs= 26.0 L=0.08044 P=nan old=0.08536 new=0.08325 tgt=-0.032/0.539 pstd=0.413 capv=0.040 lr=1.0e-03 gen=0.1s conv=0.0s add=0.1s train=0.2s sps=0
[t=  45.0s] greedy ep123 games=  96 dec= 18761 rows= 18045 horizon=0.39 nodecap=0 over=0 card=0 exact=0 drop=0 cfgs= 25.3 L=0.07995 P=nan old=0.07630 new=0.08353 tgt=-0.028/0.451 pstd=0.390 capv=0.040 lr=1.0e-03 gen=0.1s conv=0.0s add=0.1s train=0.2s sps=0
[t=  45.3s] greedy ep124 games=  96 dec= 18070 rows= 17348 horizon=0.30 nodecap=0 over=0 card=0 exact=0 drop=0 cfgs= 25.8 L=0.08242 P=nan old=0.08231 new=0.07754 tgt=-0.034/0.514 pstd=0.410 capv=0.040 lr=1.0e-03 gen=0.1s conv=0.0s add=0.1s train=0.2s sps=0
[t=  45.7s] greedy ep125 games=  96 dec= 17659 rows= 16922 horizon=0.29 nodecap=0 over=0 card=0 exact=0 drop=0 cfgs= 26.7 L=0.08184 P=nan old=0.07951 new=0.07520 tgt=-0.043/0.505 pstd=0.378 capv=0.040 lr=1.0e-03 gen=0.1s conv=0.0s add=0.1s train=0.2s sps=0
[t=  46.0s] greedy ep126 games=  96 dec= 17252 rows= 16523 horizon=0.28 nodecap=0 over=0 card=0 exact=0 drop=0 cfgs= 26.1 L=0.08010 P=nan old=0.08020 new=0.08625 tgt=-0.043/0.502 pstd=0.398 capv=0.040 lr=1.0e-03 gen=0.1s conv=0.0s add=0.1s train=0.2s sps=0
[t=  46.4s] greedy ep127 games=  96 dec= 18442 rows= 17614 horizon=0.26 nodecap=0 over=0 card=0 exact=0 drop=0 cfgs= 25.1 L=0.08104 P=nan old=0.08569 new=0.08001 tgt=+0.006/0.484 pstd=0.390 capv=0.040 lr=1.0e-03 gen=0.1s conv=0.0s add=0.1s train=0.2s sps=0
[t=  46.8s] greedy ep128 games=  96 dec= 17867 rows= 17125 horizon=0.26 nodecap=0 over=0 card=0 exact=0 drop=0 cfgs= 25.9 L=0.08323 P=nan old=0.08434 new=0.07826 tgt=-0.039/0.499 pstd=0.384 capv=0.040 lr=1.0e-03 gen=0.1s conv=0.0s add=0.1s train=0.2s sps=0
[t=  47.1s] greedy ep129 games=  96 dec= 17716 rows= 17041 horizon=0.28 nodecap=0 over=0 card=0 exact=0 drop=0 cfgs= 25.1 L=0.07963 P=nan old=0.07856 new=0.08372 tgt=-0.053/0.516 pstd=0.399 capv=0.040 lr=1.0e-03 gen=0.1s conv=0.0s add=0.1s train=0.2s sps=0
[t=  47.5s] greedy ep130 games=  96 dec= 18684 rows= 17957 horizon=0.32 nodecap=0 over=0 card=0 exact=0 drop=0 cfgs= 24.8 L=0.08328 P=nan old=0.07741 new=0.07279 tgt=-0.037/0.480 pstd=0.395 capv=0.040 lr=1.0e-03 gen=0.1s conv=0.0s add=0.1s train=0.2s sps=0
[t=  47.9s] greedy ep131 games=  96 dec= 18062 rows= 17320 horizon=0.30 nodecap=0 over=0 card=0 exact=0 drop=0 cfgs= 25.0 L=0.07968 P=nan old=0.08839 new=0.07916 tgt=-0.019/0.494 pstd=0.406 capv=0.040 lr=1.0e-03 gen=0.1s conv=0.0s add=0.1s train=0.2s sps=0
[t=  48.2s] greedy ep132 games=  96 dec= 18110 rows= 17277 horizon=0.27 nodecap=0 over=0 card=0 exact=0 drop=0 cfgs= 25.2 L=0.07982 P=nan old=0.07647 new=0.07413 tgt=-0.058/0.514 pstd=0.386 capv=0.040 lr=1.0e-03 gen=0.1s conv=0.0s add=0.1s train=0.2s sps=0
[t=  48.6s] greedy ep133 games=  96 dec= 17692 rows= 16948 horizon=0.25 nodecap=0 over=0 card=0 exact=0 drop=0 cfgs= 26.8 L=0.08147 P=nan old=0.08433 new=0.07922 tgt=-0.050/0.494 pstd=0.396 capv=0.040 lr=1.0e-03 gen=0.1s conv=0.0s add=0.1s train=0.2s sps=0
[t=  48.9s] greedy ep134 games=  96 dec= 17429 rows= 16715 horizon=0.29 nodecap=0 over=0 card=0 exact=0 drop=0 cfgs= 25.4 L=0.08096 P=nan old=0.08475 new=0.08075 tgt=-0.057/0.503 pstd=0.392 capv=0.040 lr=1.0e-03 gen=0.1s conv=0.0s add=0.1s train=0.2s sps=0
[t=  49.3s] greedy ep135 games=  96 dec= 17711 rows= 16977 horizon=0.30 nodecap=0 over=0 card=0 exact=0 drop=0 cfgs= 25.3 L=0.08206 P=nan old=0.08294 new=0.08198 tgt=-0.036/0.508 pstd=0.392 capv=0.040 lr=1.0e-03 gen=0.1s conv=0.0s add=0.1s train=0.2s sps=0
[t=  49.7s] greedy ep136 games=  96 dec= 18284 rows= 17470 horizon=0.29 nodecap=0 over=0 card=0 exact=0 drop=0 cfgs= 24.5 L=0.08354 P=nan old=0.07676 new=0.08226 tgt=-0.052/0.504 pstd=0.399 capv=0.040 lr=1.0e-03 gen=0.1s conv=0.0s add=0.1s train=0.2s sps=0
[t=  50.0s] greedy ep137 games=  96 dec= 17485 rows= 16760 horizon=0.23 nodecap=0 over=0 card=0 exact=0 drop=0 cfgs= 27.0 L=0.08060 P=nan old=0.07791 new=0.07781 tgt=-0.051/0.530 pstd=0.407 capv=0.040 lr=1.0e-03 gen=0.1s conv=0.0s add=0.1s train=0.2s sps=0
[t=  50.4s] greedy ep138 games=  96 dec= 17734 rows= 16952 horizon=0.23 nodecap=0 over=0 card=0 exact=0 drop=0 cfgs= 27.9 L=0.08432 P=nan old=0.08208 new=0.07461 tgt=-0.062/0.514 pstd=0.391 capv=0.040 lr=1.0e-03 gen=0.1s conv=0.0s add=0.1s train=0.2s sps=0
[t=  50.8s] greedy ep139 games=  96 dec= 17520 rows= 16822 horizon=0.28 nodecap=0 over=0 card=0 exact=0 drop=0 cfgs= 26.3 L=0.08323 P=nan old=0.08261 new=0.07775 tgt=-0.016/0.502 pstd=0.412 capv=0.040 lr=1.0e-03 gen=0.1s conv=0.0s add=0.1s train=0.2s sps=0
[t=  51.1s] greedy ep140 games=  96 dec= 16880 rows= 16174 horizon=0.23 nodecap=0 over=0 card=0 exact=0 drop=0 cfgs= 26.4 L=0.08248 P=nan old=0.08503 new=0.08816 tgt=-0.015/0.497 pstd=0.394 capv=0.040 lr=1.0e-03 gen=0.1s conv=0.0s add=0.1s train=0.2s sps=0
[t=  51.5s] greedy ep141 games=  96 dec= 18389 rows= 17585 horizon=0.35 nodecap=0 over=0 card=0 exact=0 drop=0 cfgs= 25.1 L=0.08126 P=nan old=0.08563 new=0.07108 tgt=-0.036/0.496 pstd=0.395 capv=0.040 lr=1.0e-03 gen=0.1s conv=0.0s add=0.1s train=0.2s sps=0
[t=  51.9s] greedy ep142 games=  96 dec= 18434 rows= 17709 horizon=0.35 nodecap=0 over=0 card=0 exact=0 drop=0 cfgs= 22.7 L=0.08013 P=nan old=0.08512 new=0.07716 tgt=-0.036/0.496 pstd=0.400 capv=0.040 lr=1.0e-03 gen=0.1s conv=0.0s add=0.1s train=0.2s sps=0
[t=  52.2s] greedy ep143 games=  96 dec= 17526 rows= 16758 horizon=0.21 nodecap=0 over=0 card=0 exact=0 drop=0 cfgs= 25.4 L=0.08172 P=nan old=0.07674 new=0.07835 tgt=-0.029/0.522 pstd=0.389 capv=0.040 lr=1.0e-03 gen=0.1s conv=0.0s add=0.1s train=0.2s sps=0
[t=  52.6s] greedy ep144 games=  96 dec= 18359 rows= 17622 horizon=0.34 nodecap=0 over=0 card=0 exact=0 drop=0 cfgs= 26.5 L=0.07981 P=nan old=0.08541 new=0.07830 tgt=-0.055/0.492 pstd=0.388 capv=0.040 lr=1.0e-03 gen=0.1s conv=0.0s add=0.1s train=0.2s sps=0
[t=  53.0s] greedy ep145 games=  96 dec= 17467 rows= 16758 horizon=0.28 nodecap=0 over=0 card=0 exact=0 drop=0 cfgs= 25.2 L=0.08076 P=nan old=0.08200 new=0.07601 tgt=-0.029/0.490 pstd=0.396 capv=0.040 lr=1.0e-03 gen=0.1s conv=0.0s add=0.1s train=0.2s sps=0
[t=  53.4s] greedy ep146 games=  96 dec= 18580 rows= 17803 horizon=0.32 nodecap=0 over=0 card=0 exact=0 drop=0 cfgs= 24.7 L=0.07947 P=nan old=0.08503 new=0.07935 tgt=-0.027/0.498 pstd=0.385 capv=0.040 lr=1.0e-03 gen=0.1s conv=0.0s add=0.1s train=0.2s sps=0
[t=  53.7s] greedy ep147 games=  96 dec= 17745 rows= 16981 horizon=0.25 nodecap=0 over=0 card=0 exact=0 drop=0 cfgs= 25.5 L=0.08054 P=nan old=0.07835 new=0.08524 tgt=-0.023/0.502 pstd=0.401 capv=0.040 lr=1.0e-03 gen=0.1s conv=0.0s add=0.1s train=0.2s sps=0
[t=  54.1s] greedy ep148 games=  96 dec= 16980 rows= 16237 horizon=0.22 nodecap=0 over=0 card=0 exact=0 drop=0 cfgs= 27.0 L=0.08145 P=nan old=0.08276 new=0.07956 tgt=-0.050/0.543 pstd=0.407 capv=0.040 lr=1.0e-03 gen=0.1s conv=0.0s add=0.1s train=0.2s sps=0
[t=  54.5s] greedy ep149 games=  96 dec= 18002 rows= 17312 horizon=0.30 nodecap=0 over=0 card=0 exact=0 drop=0 cfgs= 26.0 L=0.08093 P=nan old=0.07903 new=0.07549 tgt=-0.038/0.498 pstd=0.399 capv=0.040 lr=1.0e-03 gen=0.1s conv=0.0s add=0.1s train=0.2s sps=0
[t=  54.8s] greedy ep150 games=  96 dec= 17540 rows= 16814 horizon=0.27 nodecap=0 over=0 card=0 exact=0 drop=0 cfgs= 27.1 L=0.07974 P=nan old=0.07654 new=0.08196 tgt=-0.017/0.483 pstd=0.376 capv=0.040 lr=1.0e-03 gen=0.1s conv=0.0s add=0.1s train=0.2s sps=0
[t=  55.2s] greedy ep151 games=  96 dec= 17685 rows= 16946 horizon=0.25 nodecap=0 over=0 card=0 exact=0 drop=0 cfgs= 27.8 L=0.08086 P=nan old=0.08631 new=0.07814 tgt=-0.033/0.507 pstd=0.397 capv=0.040 lr=1.0e-03 gen=0.1s conv=0.0s add=0.1s train=0.2s sps=0
[t=  55.6s] greedy ep152 games=  96 dec= 18652 rows= 17939 horizon=0.36 nodecap=0 over=0 card=0 exact=0 drop=0 cfgs= 24.3 L=0.08117 P=nan old=0.08853 new=0.08193 tgt=-0.015/0.470 pstd=0.399 capv=0.040 lr=1.0e-03 gen=0.1s conv=0.0s add=0.1s train=0.2s sps=0
[t=  56.0s] greedy ep153 games=  96 dec= 17619 rows= 16831 horizon=0.21 nodecap=0 over=0 card=0 exact=0 drop=0 cfgs= 25.5 L=0.07971 P=nan old=0.08150 new=0.07763 tgt=-0.045/0.510 pstd=0.395 capv=0.040 lr=1.0e-03 gen=0.1s conv=0.0s add=0.1s train=0.2s sps=0
[t=  56.4s] greedy ep154 games=  96 dec= 18342 rows= 17531 horizon=0.31 nodecap=0 over=0 card=0 exact=0 drop=0 cfgs= 25.2 L=0.08068 P=nan old=0.08404 new=0.07709 tgt=-0.022/0.470 pstd=0.397 capv=0.040 lr=1.0e-03 gen=0.1s conv=0.0s add=0.1s train=0.2s sps=0
[t=  56.7s] greedy ep155 games=  96 dec= 16700 rows= 15918 horizon=0.21 nodecap=0 over=0 card=0 exact=0 drop=0 cfgs= 28.0 L=0.07923 P=nan old=0.07423 new=0.07582 tgt=-0.022/0.525 pstd=0.385 capv=0.040 lr=1.0e-03 gen=0.1s conv=0.0s add=0.1s train=0.2s sps=0
[t=  57.1s] greedy ep156 games=  96 dec= 18170 rows= 17358 horizon=0.27 nodecap=0 over=0 card=0 exact=0 drop=0 cfgs= 25.9 L=0.08198 P=nan old=0.07966 new=0.06935 tgt=-0.020/0.502 pstd=0.381 capv=0.040 lr=1.0e-03 gen=0.1s conv=0.0s add=0.1s train=0.2s sps=0
[t=  57.5s] greedy ep157 games=  96 dec= 17760 rows= 17105 horizon=0.29 nodecap=0 over=0 card=0 exact=0 drop=0 cfgs= 25.1 L=0.08205 P=nan old=0.08240 new=0.08151 tgt=-0.023/0.508 pstd=0.381 capv=0.040 lr=1.0e-03 gen=0.1s conv=0.0s add=0.1s train=0.2s sps=0
[t=  57.9s] greedy ep158 games=  96 dec= 18456 rows= 17768 horizon=0.33 nodecap=0 over=0 card=0 exact=0 drop=0 cfgs= 25.9 L=0.07977 P=nan old=0.08773 new=0.07290 tgt=-0.038/0.478 pstd=0.392 capv=0.040 lr=1.0e-03 gen=0.1s conv=0.0s add=0.1s train=0.2s sps=0
[t=  58.2s] greedy ep159 games=  96 dec= 17172 rows= 16432 horizon=0.22 nodecap=0 over=0 card=0 exact=0 drop=0 cfgs= 26.0 L=0.07884 P=nan old=0.07878 new=0.07863 tgt=-0.047/0.523 pstd=0.383 capv=0.040 lr=1.0e-03 gen=0.1s conv=0.0s add=0.1s train=0.2s sps=0
[t=  58.6s] greedy ep160 games=  96 dec= 18195 rows= 17499 horizon=0.30 nodecap=0 over=0 card=0 exact=0 drop=0 cfgs= 24.8 L=0.07941 P=nan old=0.08045 new=0.07552 tgt=-0.046/0.501 pstd=0.401 capv=0.040 lr=1.0e-03 gen=0.1s conv=0.0s add=0.1s train=0.2s sps=0
[t=  59.0s] greedy ep161 games=  96 dec= 18414 rows= 17639 horizon=0.31 nodecap=0 over=0 card=0 exact=0 drop=0 cfgs= 26.1 L=0.07993 P=nan old=0.07903 new=0.07569 tgt=-0.055/0.514 pstd=0.392 capv=0.040 lr=1.0e-03 gen=0.1s conv=0.0s add=0.1s train=0.2s sps=0
[t=  59.4s] greedy ep162 games=  96 dec= 18322 rows= 17603 horizon=0.36 nodecap=0 over=0 card=0 exact=0 drop=0 cfgs= 24.5 L=0.07851 P=nan old=0.08635 new=0.07675 tgt=-0.063/0.516 pstd=0.401 capv=0.040 lr=1.0e-03 gen=0.1s conv=0.0s add=0.1s train=0.2s sps=0
[t=  59.8s] greedy ep163 games=  96 dec= 18092 rows= 17419 horizon=0.31 nodecap=0 over=0 card=0 exact=0 drop=0 cfgs= 25.2 L=0.08055 P=nan old=0.08707 new=0.07320 tgt=-0.074/0.503 pstd=0.407 capv=0.040 lr=1.0e-03 gen=0.1s conv=0.0s add=0.1s train=0.2s sps=0
[t=  60.1s] greedy ep164 games=  96 dec= 17013 rows= 16287 horizon=0.27 nodecap=0 over=0 card=0 exact=0 drop=0 cfgs= 28.4 L=0.07646 P=nan old=0.07985 new=0.07308 tgt=-0.068/0.521 pstd=0.396 capv=0.040 lr=1.0e-03 gen=0.1s conv=0.0s add=0.1s train=0.2s sps=0
[t=  60.5s] greedy ep165 games=  96 dec= 17014 rows= 16296 horizon=0.23 nodecap=0 over=0 card=0 exact=0 drop=0 cfgs= 25.5 L=0.07768 P=nan old=0.08199 new=0.07127 tgt=-0.035/0.537 pstd=0.399 capv=0.040 lr=1.0e-03 gen=0.1s conv=0.0s add=0.1s train=0.2s sps=0
[t=  60.8s] greedy ep166 games=  96 dec= 17620 rows= 16904 horizon=0.28 nodecap=0 over=0 card=0 exact=0 drop=0 cfgs= 24.2 L=0.07677 P=nan old=0.07969 new=0.07811 tgt=-0.014/0.493 pstd=0.405 capv=0.040 lr=1.0e-03 gen=0.1s conv=0.0s add=0.1s train=0.2s sps=0
[t=  61.2s] greedy ep167 games=  96 dec= 17788 rows= 16986 horizon=0.29 nodecap=0 over=0 card=0 exact=0 drop=0 cfgs= 23.2 L=0.07901 P=nan old=0.07637 new=0.07507 tgt=-0.058/0.494 pstd=0.400 capv=0.040 lr=1.0e-03 gen=0.1s conv=0.0s add=0.1s train=0.2s sps=0
[t=  61.6s] greedy ep168 games=  96 dec= 18272 rows= 17460 horizon=0.25 nodecap=0 over=0 card=0 exact=0 drop=0 cfgs= 24.9 L=0.07847 P=nan old=0.08050 new=0.07645 tgt=-0.017/0.499 pstd=0.408 capv=0.040 lr=1.0e-03 gen=0.1s conv=0.0s add=0.1s train=0.2s sps=0
[t=  61.9s] greedy ep169 games=  96 dec= 18884 rows= 17991 horizon=0.31 nodecap=0 over=0 card=0 exact=0 drop=0 cfgs= 24.3 L=0.07858 P=nan old=0.08466 new=0.06950 tgt=-0.052/0.516 pstd=0.401 capv=0.040 lr=1.0e-03 gen=0.1s conv=0.0s add=0.1s train=0.2s sps=0
[t=  62.3s] greedy ep170 games=  96 dec= 18369 rows= 17545 horizon=0.29 nodecap=0 over=0 card=0 exact=0 drop=0 cfgs= 24.2 L=0.08013 P=nan old=0.07459 new=0.07313 tgt=-0.035/0.522 pstd=0.380 capv=0.040 lr=1.0e-03 gen=0.1s conv=0.0s add=0.1s train=0.2s sps=0
[t=  62.7s] greedy ep171 games=  96 dec= 18276 rows= 17530 horizon=0.31 nodecap=0 over=0 card=0 exact=0 drop=0 cfgs= 25.2 L=0.07858 P=nan old=0.07712 new=0.07368 tgt=-0.018/0.485 pstd=0.380 capv=0.040 lr=1.0e-03 gen=0.1s conv=0.0s add=0.1s train=0.2s sps=0
[t=  63.1s] greedy ep172 games=  96 dec= 17258 rows= 16513 horizon=0.25 nodecap=0 over=0 card=0 exact=0 drop=0 cfgs= 27.5 L=0.07700 P=nan old=0.07755 new=0.08078 tgt=-0.033/0.508 pstd=0.386 capv=0.040 lr=1.0e-03 gen=0.1s conv=0.0s add=0.1s train=0.2s sps=0
[t=  63.4s] greedy ep173 games=  96 dec= 17903 rows= 17214 horizon=0.29 nodecap=0 over=0 card=0 exact=0 drop=0 cfgs= 25.5 L=0.07944 P=nan old=0.07496 new=0.06635 tgt=-0.050/0.501 pstd=0.414 capv=0.040 lr=1.0e-03 gen=0.1s conv=0.0s add=0.1s train=0.2s sps=0
[t=  63.9s] greedy ep174 games=  96 dec= 18363 rows= 17625 horizon=0.36 nodecap=0 over=0 card=0 exact=0 drop=0 cfgs= 23.9 L=0.07952 P=nan old=0.08083 new=0.08009 tgt=-0.031/0.481 pstd=0.389 capv=0.040 lr=1.0e-03 gen=0.1s conv=0.0s add=0.1s train=0.2s sps=0
[t=  64.3s] greedy ep175 games=  96 dec= 18585 rows= 17866 horizon=0.33 nodecap=0 over=0 card=0 exact=0 drop=0 cfgs= 24.1 L=0.07802 P=nan old=0.07998 new=0.07150 tgt=-0.025/0.478 pstd=0.385 capv=0.040 lr=1.0e-03 gen=0.1s conv=0.0s add=0.1s train=0.2s sps=0
[t=  64.7s] greedy ep176 games=  96 dec= 16765 rows= 16061 horizon=0.21 nodecap=0 over=0 card=0 exact=0 drop=0 cfgs= 27.8 L=0.07771 P=nan old=0.08252 new=0.07597 tgt=-0.022/0.512 pstd=0.376 capv=0.040 lr=1.0e-03 gen=0.1s conv=0.0s add=0.1s train=0.2s sps=0
[t=  65.1s] greedy ep177 games=  96 dec= 18424 rows= 17664 horizon=0.31 nodecap=0 over=0 card=0 exact=0 drop=0 cfgs= 25.2 L=0.07872 P=nan old=0.07530 new=0.07777 tgt=-0.053/0.488 pstd=0.395 capv=0.040 lr=1.0e-03 gen=0.1s conv=0.0s add=0.1s train=0.2s sps=0
[t=  65.4s] greedy ep178 games=  96 dec= 18052 rows= 17283 horizon=0.29 nodecap=0 over=0 card=0 exact=0 drop=0 cfgs= 24.6 L=0.07788 P=nan old=0.08535 new=0.07505 tgt=-0.015/0.488 pstd=0.395 capv=0.040 lr=1.0e-03 gen=0.1s conv=0.0s add=0.1s train=0.2s sps=0
[t=  65.8s] greedy ep179 games=  96 dec= 16435 rows= 15796 horizon=0.18 nodecap=0 over=0 card=0 exact=0 drop=0 cfgs= 28.0 L=0.07859 P=nan old=0.07526 new=0.07710 tgt=-0.049/0.529 pstd=0.407 capv=0.040 lr=1.0e-03 gen=0.1s conv=0.0s add=0.1s train=0.2s sps=0
[t=  66.2s] greedy ep180 games=  96 dec= 17654 rows= 16865 horizon=0.27 nodecap=0 over=0 card=0 exact=0 drop=0 cfgs= 26.6 L=0.07814 P=nan old=0.07407 new=0.07557 tgt=-0.051/0.483 pstd=0.392 capv=0.040 lr=1.0e-03 gen=0.1s conv=0.0s add=0.1s train=0.2s sps=0
[t=  66.6s] greedy ep181 games=  96 dec= 18212 rows= 17472 horizon=0.29 nodecap=0 over=0 card=0 exact=0 drop=0 cfgs= 26.7 L=0.07788 P=nan old=0.07637 new=0.07559 tgt=-0.061/0.516 pstd=0.398 capv=0.040 lr=1.0e-03 gen=0.1s conv=0.0s add=0.1s train=0.2s sps=0
[t=  66.9s] greedy ep182 games=  96 dec= 18050 rows= 17331 horizon=0.30 nodecap=0 over=0 card=0 exact=0 drop=0 cfgs= 24.7 L=0.08055 P=nan old=0.08823 new=0.07342 tgt=-0.017/0.503 pstd=0.390 capv=0.040 lr=1.0e-03 gen=0.1s conv=0.0s add=0.1s train=0.2s sps=0
[t=  67.3s] greedy ep183 games=  96 dec= 18306 rows= 17497 horizon=0.29 nodecap=0 over=0 card=0 exact=0 drop=0 cfgs= 24.9 L=0.07766 P=nan old=0.07873 new=0.07315 tgt=-0.045/0.488 pstd=0.384 capv=0.040 lr=1.0e-03 gen=0.1s conv=0.0s add=0.1s train=0.2s sps=0
[t=  67.7s] greedy ep184 games=  96 dec= 18009 rows= 17225 horizon=0.21 nodecap=0 over=0 card=0 exact=0 drop=0 cfgs= 25.1 L=0.07983 P=nan old=0.08090 new=0.08112 tgt=-0.049/0.529 pstd=0.418 capv=0.040 lr=1.0e-03 gen=0.1s conv=0.0s add=0.1s train=0.2s sps=0
[t=  68.0s] greedy ep185 games=  96 dec= 17474 rows= 16697 horizon=0.24 nodecap=0 over=0 card=0 exact=0 drop=0 cfgs= 25.2 L=0.07883 P=nan old=0.08106 new=0.07884 tgt=+0.008/0.526 pstd=0.381 capv=0.040 lr=1.0e-03 gen=0.1s conv=0.0s add=0.1s train=0.2s sps=0
[t=  68.4s] greedy ep186 games=  96 dec= 19395 rows= 18633 horizon=0.36 nodecap=0 over=0 card=0 exact=0 drop=0 cfgs= 22.5 L=0.08095 P=nan old=0.08041 new=0.07878 tgt=-0.018/0.466 pstd=0.420 capv=0.040 lr=1.0e-03 gen=0.1s conv=0.0s add=0.1s train=0.2s sps=0
[t=  68.8s] greedy ep187 games=  96 dec= 18044 rows= 17208 horizon=0.27 nodecap=0 over=0 card=0 exact=0 drop=0 cfgs= 24.6 L=0.08155 P=nan old=0.08455 new=0.07706 tgt=-0.024/0.516 pstd=0.406 capv=0.040 lr=1.0e-03 gen=0.1s conv=0.0s add=0.1s train=0.2s sps=0
[t=  69.2s] greedy ep188 games=  96 dec= 17749 rows= 16941 horizon=0.25 nodecap=0 over=0 card=0 exact=0 drop=0 cfgs= 27.1 L=0.08075 P=nan old=0.07851 new=0.08101 tgt=-0.051/0.509 pstd=0.402 capv=0.040 lr=1.0e-03 gen=0.1s conv=0.0s add=0.1s train=0.2s sps=0
[t=  69.6s] greedy ep189 games=  96 dec= 18809 rows= 18068 horizon=0.35 nodecap=0 over=0 card=0 exact=0 drop=0 cfgs= 25.4 L=0.08197 P=nan old=0.06992 new=0.07168 tgt=-0.026/0.444 pstd=0.383 capv=0.040 lr=1.0e-03 gen=0.1s conv=0.0s add=0.1s train=0.2s sps=0
[t=  69.9s] greedy ep190 games=  96 dec= 17583 rows= 16889 horizon=0.28 nodecap=0 over=0 card=0 exact=0 drop=0 cfgs= 25.1 L=0.07863 P=nan old=0.07694 new=0.07559 tgt=+0.000/0.504 pstd=0.398 capv=0.040 lr=1.0e-03 gen=0.1s conv=0.0s add=0.1s train=0.2s sps=0
[t=  70.3s] greedy ep191 games=  96 dec= 18077 rows= 17288 horizon=0.29 nodecap=0 over=0 card=0 exact=0 drop=0 cfgs= 25.6 L=0.07910 P=nan old=0.08107 new=0.07996 tgt=-0.011/0.504 pstd=0.377 capv=0.040 lr=1.0e-03 gen=0.1s conv=0.0s add=0.1s train=0.2s sps=0
[t=  70.6s] greedy ep192 games=  96 dec= 18140 rows= 17331 horizon=0.33 nodecap=0 over=0 card=0 exact=0 drop=0 cfgs= 24.4 L=0.07911 P=nan old=0.07808 new=0.07728 tgt=-0.004/0.493 pstd=0.401 capv=0.040 lr=1.0e-03 gen=0.1s conv=0.0s add=0.1s train=0.2s sps=0
[t=  71.0s] greedy ep193 games=  96 dec= 18798 rows= 18050 horizon=0.36 nodecap=0 over=0 card=0 exact=0 drop=0 cfgs= 24.7 L=0.07738 P=nan old=0.08490 new=0.07440 tgt=-0.034/0.508 pstd=0.382 capv=0.040 lr=1.0e-03 gen=0.1s conv=0.0s add=0.1s train=0.2s sps=0
[t=  71.4s] greedy ep194 games=  96 dec= 18047 rows= 17271 horizon=0.27 nodecap=0 over=0 card=0 exact=0 drop=0 cfgs= 25.1 L=0.07749 P=nan old=0.08378 new=0.07620 tgt=-0.031/0.488 pstd=0.395 capv=0.040 lr=1.0e-03 gen=0.1s conv=0.0s add=0.1s train=0.2s sps=0
[t=  71.8s] greedy ep195 games=  96 dec= 18274 rows= 17482 horizon=0.29 nodecap=0 over=0 card=0 exact=0 drop=0 cfgs= 26.9 L=0.07694 P=nan old=0.07326 new=0.08408 tgt=-0.042/0.499 pstd=0.384 capv=0.040 lr=1.0e-03 gen=0.1s conv=0.0s add=0.1s train=0.2s sps=0
[t=  72.2s] greedy ep196 games=  96 dec= 18074 rows= 17393 horizon=0.30 nodecap=0 over=0 card=0 exact=0 drop=0 cfgs= 26.2 L=0.07780 P=nan old=0.07434 new=0.07301 tgt=-0.056/0.516 pstd=0.386 capv=0.040 lr=1.0e-03 gen=0.1s conv=0.0s add=0.1s train=0.2s sps=0
[t=  72.5s] greedy ep197 games=  96 dec= 17543 rows= 16753 horizon=0.24 nodecap=0 over=0 card=0 exact=0 drop=0 cfgs= 24.6 L=0.07802 P=nan old=0.08141 new=0.07993 tgt=-0.031/0.508 pstd=0.411 capv=0.040 lr=1.0e-03 gen=0.1s conv=0.0s add=0.1s train=0.2s sps=0
[t=  72.9s] greedy ep198 games=  96 dec= 18024 rows= 17317 horizon=0.28 nodecap=0 over=0 card=0 exact=0 drop=0 cfgs= 24.2 L=0.07790 P=nan old=0.07997 new=0.08408 tgt=-0.024/0.508 pstd=0.371 capv=0.040 lr=1.0e-03 gen=0.1s conv=0.0s add=0.1s train=0.2s sps=0
[t=  73.3s] greedy ep199 games=  96 dec= 17062 rows= 16296 horizon=0.27 nodecap=0 over=0 card=0 exact=0 drop=0 cfgs= 24.3 L=0.07731 P=nan old=0.07691 new=0.07697 tgt=-0.047/0.527 pstd=0.401 capv=0.040 lr=1.0e-03 gen=0.1s conv=0.0s add=0.1s train=0.2s sps=0
[t=  73.6s] greedy ep200 games=  96 dec= 16921 rows= 16209 horizon=0.22 nodecap=0 over=0 card=0 exact=0 drop=0 cfgs= 26.9 L=0.07820 P=nan old=0.08044 new=0.08379 tgt=-0.048/0.522 pstd=0.410 capv=0.040 lr=1.0e-03 gen=0.1s conv=0.0s add=0.1s train=0.2s sps=0
[t=  74.0s] greedy ep201 games=  96 dec= 18140 rows= 17388 horizon=0.28 nodecap=0 over=0 card=0 exact=0 drop=0 cfgs= 26.3 L=0.07636 P=nan old=0.07566 new=0.08047 tgt=-0.038/0.509 pstd=0.396 capv=0.040 lr=1.0e-03 gen=0.1s conv=0.0s add=0.1s train=0.2s sps=0
[t=  74.4s] greedy ep202 games=  96 dec= 18260 rows= 17477 horizon=0.26 nodecap=0 over=0 card=0 exact=0 drop=0 cfgs= 26.7 L=0.07792 P=nan old=0.07374 new=0.07171 tgt=-0.014/0.488 pstd=0.386 capv=0.040 lr=1.0e-03 gen=0.1s conv=0.0s add=0.1s train=0.2s sps=0
[t=  74.8s] greedy ep203 games=  96 dec= 18140 rows= 17501 horizon=0.31 nodecap=0 over=0 card=0 exact=0 drop=0 cfgs= 25.9 L=0.07576 P=nan old=0.07644 new=0.07020 tgt=-0.066/0.506 pstd=0.400 capv=0.040 lr=1.0e-03 gen=0.1s conv=0.0s add=0.1s train=0.2s sps=0
[t=  75.2s] greedy ep204 games=  96 dec= 17587 rows= 16827 horizon=0.25 nodecap=0 over=0 card=0 exact=0 drop=0 cfgs= 26.3 L=0.07798 P=nan old=0.07725 new=0.07350 tgt=-0.019/0.519 pstd=0.400 capv=0.040 lr=1.0e-03 gen=0.1s conv=0.0s add=0.1s train=0.2s sps=0
[t=  75.5s] greedy ep205 games=  96 dec= 18143 rows= 17425 horizon=0.33 nodecap=0 over=0 card=0 exact=0 drop=0 cfgs= 25.2 L=0.07636 P=nan old=0.06952 new=0.07441 tgt=-0.030/0.482 pstd=0.387 capv=0.040 lr=1.0e-03 gen=0.1s conv=0.0s add=0.1s train=0.2s sps=0
[t=  75.9s] greedy ep206 games=  96 dec= 17107 rows= 16341 horizon=0.21 nodecap=0 over=0 card=0 exact=0 drop=0 cfgs= 25.5 L=0.07921 P=nan old=0.07504 new=0.07337 tgt=-0.070/0.528 pstd=0.375 capv=0.040 lr=1.0e-03 gen=0.1s conv=0.0s add=0.1s train=0.2s sps=0
[t=  76.3s] greedy ep207 games=  96 dec= 17846 rows= 17048 horizon=0.29 nodecap=0 over=0 card=0 exact=0 drop=0 cfgs= 24.8 L=0.07522 P=nan old=0.07403 new=0.07566 tgt=-0.051/0.490 pstd=0.371 capv=0.040 lr=1.0e-03 gen=0.1s conv=0.0s add=0.1s train=0.2s sps=0
[t=  76.7s] greedy ep208 games=  96 dec= 18361 rows= 17501 horizon=0.28 nodecap=0 over=0 card=0 exact=0 drop=0 cfgs= 23.8 L=0.07756 P=nan old=0.08401 new=0.07245 tgt=-0.032/0.491 pstd=0.393 capv=0.040 lr=1.0e-03 gen=0.1s conv=0.0s add=0.1s train=0.2s sps=0
[t=  77.0s] greedy ep209 games=  96 dec= 17609 rows= 16855 horizon=0.24 nodecap=0 over=0 card=0 exact=0 drop=0 cfgs= 26.3 L=0.07913 P=nan old=0.07734 new=0.07513 tgt=-0.022/0.508 pstd=0.371 capv=0.040 lr=1.0e-03 gen=0.1s conv=0.0s add=0.1s train=0.2s sps=0
[t=  77.4s] greedy ep210 games=  96 dec= 17701 rows= 16954 horizon=0.26 nodecap=0 over=0 card=0 exact=0 drop=0 cfgs= 24.4 L=0.07863 P=nan old=0.07871 new=0.07967 tgt=-0.021/0.529 pstd=0.388 capv=0.040 lr=1.0e-03 gen=0.1s conv=0.0s add=0.1s train=0.2s sps=0
[t=  77.8s] greedy ep211 games=  96 dec= 16887 rows= 16133 horizon=0.20 nodecap=0 over=0 card=0 exact=0 drop=0 cfgs= 26.0 L=0.07682 P=nan old=0.07475 new=0.08196 tgt=-0.019/0.549 pstd=0.398 capv=0.040 lr=1.0e-03 gen=0.1s conv=0.0s add=0.1s train=0.2s sps=0
[t=  78.2s] greedy ep212 games=  96 dec= 18300 rows= 17496 horizon=0.27 nodecap=0 over=0 card=0 exact=0 drop=0 cfgs= 25.4 L=0.07783 P=nan old=0.07560 new=0.08051 tgt=-0.011/0.518 pstd=0.402 capv=0.040 lr=1.0e-03 gen=0.1s conv=0.0s add=0.1s train=0.2s sps=0
[t=  78.5s] greedy ep213 games=  96 dec= 18066 rows= 17364 horizon=0.28 nodecap=0 over=0 card=0 exact=0 drop=0 cfgs= 24.0 L=0.07806 P=nan old=0.07706 new=0.07655 tgt=-0.055/0.505 pstd=0.390 capv=0.040 lr=1.0e-03 gen=0.1s conv=0.0s add=0.1s train=0.2s sps=0
[t=  78.9s] greedy ep214 games=  96 dec= 18569 rows= 17738 horizon=0.33 nodecap=0 over=0 card=0 exact=0 drop=0 cfgs= 24.4 L=0.07818 P=nan old=0.08253 new=0.07991 tgt=-0.059/0.465 pstd=0.393 capv=0.040 lr=1.0e-03 gen=0.1s conv=0.0s add=0.1s train=0.2s sps=0
[t=  79.3s] greedy ep215 games=  96 dec= 18209 rows= 17434 horizon=0.32 nodecap=0 over=0 card=0 exact=0 drop=0 cfgs= 24.1 L=0.07920 P=nan old=0.07006 new=0.07322 tgt=-0.057/0.502 pstd=0.395 capv=0.040 lr=1.0e-03 gen=0.1s conv=0.0s add=0.1s train=0.2s sps=0
[t=  79.7s] greedy ep216 games=  96 dec= 17834 rows= 17124 horizon=0.28 nodecap=0 over=0 card=0 exact=0 drop=0 cfgs= 25.1 L=0.07719 P=nan old=0.06945 new=0.08291 tgt=-0.024/0.505 pstd=0.401 capv=0.040 lr=1.0e-03 gen=0.1s conv=0.0s add=0.1s train=0.2s sps=0
[t=  80.1s] greedy ep217 games=  96 dec= 16925 rows= 16265 horizon=0.22 nodecap=0 over=0 card=0 exact=0 drop=0 cfgs= 26.7 L=0.07794 P=nan old=0.08099 new=0.07414 tgt=-0.023/0.512 pstd=0.392 capv=0.040 lr=1.0e-03 gen=0.1s conv=0.0s add=0.1s train=0.2s sps=0
[t=  80.4s] greedy ep218 games=  96 dec= 18185 rows= 17362 horizon=0.28 nodecap=0 over=0 card=0 exact=0 drop=0 cfgs= 24.8 L=0.07702 P=nan old=0.07377 new=0.08181 tgt=-0.024/0.495 pstd=0.380 capv=0.040 lr=1.0e-03 gen=0.1s conv=0.0s add=0.1s train=0.2s sps=0
[t=  80.8s] greedy ep219 games=  96 dec= 18056 rows= 17229 horizon=0.29 nodecap=0 over=0 card=0 exact=0 drop=0 cfgs= 24.9 L=0.07745 P=nan old=0.07481 new=0.08346 tgt=-0.020/0.497 pstd=0.381 capv=0.040 lr=1.0e-03 gen=0.1s conv=0.0s add=0.1s train=0.2s sps=0
[t=  81.2s] greedy ep220 games=  96 dec= 18360 rows= 17544 horizon=0.32 nodecap=0 over=0 card=0 exact=0 drop=0 cfgs= 24.6 L=0.07728 P=nan old=0.07947 new=0.07299 tgt=-0.038/0.509 pstd=0.363 capv=0.040 lr=1.0e-03 gen=0.1s conv=0.0s add=0.1s train=0.2s sps=0
[t=  81.6s] greedy ep221 games=  96 dec= 17636 rows= 16912 horizon=0.28 nodecap=0 over=0 card=0 exact=0 drop=0 cfgs= 25.3 L=0.07964 P=nan old=0.08102 new=0.07243 tgt=-0.075/0.528 pstd=0.377 capv=0.040 lr=1.0e-03 gen=0.1s conv=0.0s add=0.1s train=0.2s sps=0
[t=  82.0s] greedy ep222 games=  96 dec= 17973 rows= 17257 horizon=0.28 nodecap=0 over=0 card=0 exact=0 drop=0 cfgs= 25.6 L=0.07862 P=nan old=0.07569 new=0.07740 tgt=-0.024/0.500 pstd=0.356 capv=0.040 lr=1.0e-03 gen=0.1s conv=0.0s add=0.1s train=0.2s sps=0
[t=  82.3s] greedy ep223 games=  96 dec= 18033 rows= 17287 horizon=0.28 nodecap=0 over=0 card=0 exact=0 drop=0 cfgs= 27.5 L=0.07807 P=nan old=0.08182 new=0.07539 tgt=-0.027/0.518 pstd=0.349 capv=0.040 lr=1.0e-03 gen=0.1s conv=0.0s add=0.1s train=0.2s sps=0
[t=  82.7s] greedy ep224 games=  96 dec= 17819 rows= 16994 horizon=0.27 nodecap=0 over=0 card=0 exact=0 drop=0 cfgs= 23.1 L=0.07949 P=nan old=0.07931 new=0.08444 tgt=-0.044/0.509 pstd=0.373 capv=0.040 lr=1.0e-03 gen=0.1s conv=0.0s add=0.1s train=0.2s sps=0
[t=  83.1s] greedy ep225 games=  96 dec= 17421 rows= 16718 horizon=0.23 nodecap=0 over=0 card=0 exact=0 drop=0 cfgs= 26.7 L=0.07940 P=nan old=0.07370 new=0.08526 tgt=-0.080/0.513 pstd=0.356 capv=0.040 lr=1.0e-03 gen=0.1s conv=0.0s add=0.1s train=0.2s sps=0
[t=  83.4s] greedy ep226 games=  96 dec= 17020 rows= 16361 horizon=0.24 nodecap=0 over=0 card=0 exact=0 drop=0 cfgs= 25.9 L=0.08076 P=nan old=0.07606 new=0.07995 tgt=-0.042/0.526 pstd=0.374 capv=0.040 lr=1.0e-03 gen=0.1s conv=0.0s add=0.1s train=0.2s sps=0
[t=  83.8s] greedy ep227 games=  96 dec= 18688 rows= 17922 horizon=0.33 nodecap=0 over=0 card=0 exact=0 drop=0 cfgs= 22.3 L=0.07671 P=nan old=0.07716 new=0.07953 tgt=-0.003/0.465 pstd=0.369 capv=0.040 lr=1.0e-03 gen=0.1s conv=0.0s add=0.1s train=0.2s sps=0
[t=  84.2s] greedy ep228 games=  96 dec= 17721 rows= 16930 horizon=0.28 nodecap=0 over=0 card=0 exact=0 drop=0 cfgs= 25.9 L=0.07788 P=nan old=0.07723 new=0.07418 tgt=-0.070/0.524 pstd=0.379 capv=0.040 lr=1.0e-03 gen=0.1s conv=0.0s add=0.1s train=0.2s sps=0
[t=  84.6s] greedy ep229 games=  96 dec= 18482 rows= 17743 horizon=0.30 nodecap=0 over=0 card=0 exact=0 drop=0 cfgs= 23.1 L=0.07846 P=nan old=0.08022 new=0.08099 tgt=-0.039/0.503 pstd=0.355 capv=0.040 lr=1.0e-03 gen=0.1s conv=0.0s add=0.1s train=0.2s sps=0
[t=  85.0s] greedy ep230 games=  96 dec= 17691 rows= 17012 horizon=0.26 nodecap=0 over=0 card=0 exact=0 drop=0 cfgs= 25.8 L=0.08015 P=nan old=0.07885 new=0.07505 tgt=-0.054/0.526 pstd=0.353 capv=0.040 lr=1.0e-03 gen=0.1s conv=0.0s add=0.1s train=0.2s sps=0
[t=  85.4s] greedy ep231 games=  96 dec= 17242 rows= 16440 horizon=0.23 nodecap=0 over=0 card=0 exact=0 drop=0 cfgs= 25.3 L=0.08038 P=nan old=0.07246 new=0.07630 tgt=-0.051/0.527 pstd=0.404 capv=0.040 lr=1.0e-03 gen=0.1s conv=0.0s add=0.1s train=0.2s sps=0
[t=  85.8s] greedy ep232 games=  96 dec= 18713 rows= 17962 horizon=0.36 nodecap=0 over=0 card=0 exact=0 drop=0 cfgs= 25.3 L=0.07881 P=nan old=0.07606 new=0.07476 tgt=-0.037/0.494 pstd=0.403 capv=0.040 lr=1.0e-03 gen=0.1s conv=0.0s add=0.1s train=0.2s sps=0
[t=  86.2s] greedy ep233 games=  96 dec= 17137 rows= 16359 horizon=0.21 nodecap=0 over=0 card=0 exact=0 drop=0 cfgs= 28.0 L=0.07682 P=nan old=0.07695 new=0.08057 tgt=-0.045/0.532 pstd=0.371 capv=0.040 lr=1.0e-03 gen=0.1s conv=0.0s add=0.1s train=0.2s sps=0
[t=  86.6s] greedy ep234 games=  96 dec= 18250 rows= 17398 horizon=0.28 nodecap=0 over=0 card=0 exact=0 drop=0 cfgs= 25.4 L=0.07554 P=nan old=0.07502 new=0.07303 tgt=-0.033/0.511 pstd=0.371 capv=0.040 lr=1.0e-03 gen=0.1s conv=0.0s add=0.1s train=0.2s sps=0
[t=  86.9s] greedy ep235 games=  96 dec= 17939 rows= 17170 horizon=0.31 nodecap=0 over=0 card=0 exact=0 drop=0 cfgs= 26.6 L=0.07241 P=nan old=0.07213 new=0.07332 tgt=-0.023/0.483 pstd=0.354 capv=0.040 lr=1.0e-03 gen=0.1s conv=0.0s add=0.1s train=0.2s sps=0
[t=  87.3s] greedy ep236 games=  96 dec= 17927 rows= 17206 horizon=0.27 nodecap=0 over=0 card=0 exact=0 drop=0 cfgs= 25.7 L=0.07691 P=nan old=0.07737 new=0.07144 tgt=-0.023/0.488 pstd=0.354 capv=0.040 lr=1.0e-03 gen=0.1s conv=0.0s add=0.1s train=0.2s sps=0
[t=  87.7s] greedy ep237 games=  96 dec= 18860 rows= 17980 horizon=0.34 nodecap=0 over=0 card=0 exact=0 drop=0 cfgs= 25.7 L=0.07825 P=nan old=0.07151 new=0.07628 tgt=-0.020/0.481 pstd=0.391 capv=0.040 lr=1.0e-03 gen=0.1s conv=0.0s add=0.1s train=0.2s sps=0
[t=  88.1s] greedy ep238 games=  96 dec= 17801 rows= 17101 horizon=0.27 nodecap=0 over=0 card=0 exact=0 drop=0 cfgs= 24.0 L=0.07774 P=nan old=0.08059 new=0.07142 tgt=-0.051/0.506 pstd=0.377 capv=0.040 lr=1.0e-03 gen=0.1s conv=0.0s add=0.1s train=0.2s sps=0
[t=  88.4s] greedy ep239 games=  96 dec= 18458 rows= 17701 horizon=0.31 nodecap=0 over=0 card=0 exact=0 drop=0 cfgs= 22.8 L=0.07721 P=nan old=0.08316 new=0.07445 tgt=-0.050/0.492 pstd=0.360 capv=0.040 lr=1.0e-03 gen=0.1s conv=0.0s add=0.0s train=0.2s sps=0
[t=  88.8s] greedy ep240 games=  96 dec= 18719 rows= 18004 horizon=0.35 nodecap=0 over=0 card=0 exact=0 drop=0 cfgs= 23.1 L=0.07840 P=nan old=0.07450 new=0.07471 tgt=-0.023/0.491 pstd=0.377 capv=0.040 lr=1.0e-03 gen=0.1s conv=0.0s add=0.1s train=0.2s sps=0
[t=  89.2s] greedy ep241 games=  96 dec= 17232 rows= 16508 horizon=0.23 nodecap=0 over=0 card=0 exact=0 drop=0 cfgs= 27.3 L=0.07382 P=nan old=0.07258 new=0.07391 tgt=-0.032/0.508 pstd=0.374 capv=0.040 lr=1.0e-03 gen=0.1s conv=0.0s add=0.1s train=0.2s sps=0
[t=  89.5s] greedy ep242 games=  96 dec= 18310 rows= 17545 horizon=0.30 nodecap=0 over=0 card=0 exact=0 drop=0 cfgs= 23.9 L=0.07387 P=nan old=0.07981 new=0.07411 tgt=-0.049/0.513 pstd=0.382 capv=0.040 lr=1.0e-03 gen=0.1s conv=0.0s add=0.1s train=0.2s sps=0
[t=  89.9s] greedy ep243 games=  96 dec= 18313 rows= 17523 horizon=0.30 nodecap=0 over=0 card=0 exact=0 drop=0 cfgs= 24.5 L=0.07600 P=nan old=0.07525 new=0.07663 tgt=-0.043/0.475 pstd=0.356 capv=0.040 lr=1.0e-03 gen=0.1s conv=0.0s add=0.1s train=0.2s sps=0
[t=  90.3s] greedy ep244 games=  96 dec= 18592 rows= 17768 horizon=0.33 nodecap=0 over=0 card=0 exact=0 drop=0 cfgs= 25.0 L=0.07413 P=nan old=0.07241 new=0.07087 tgt=-0.030/0.456 pstd=0.373 capv=0.040 lr=1.0e-03 gen=0.1s conv=0.0s add=0.1s train=0.2s sps=0
[t=  90.7s] greedy ep245 games=  96 dec= 18404 rows= 17567 horizon=0.30 nodecap=0 over=0 card=0 exact=0 drop=0 cfgs= 24.2 L=0.07259 P=nan old=0.07319 new=0.06587 tgt=-0.009/0.488 pstd=0.361 capv=0.040 lr=1.0e-03 gen=0.1s conv=0.0s add=0.1s train=0.2s sps=0
[t=  91.1s] greedy ep246 games=  96 dec= 18255 rows= 17441 horizon=0.27 nodecap=0 over=0 card=0 exact=0 drop=0 cfgs= 25.1 L=0.07406 P=nan old=0.07815 new=0.07961 tgt=-0.029/0.514 pstd=0.359 capv=0.040 lr=1.0e-03 gen=0.1s conv=0.0s add=0.1s train=0.2s sps=0
[t=  91.5s] greedy ep247 games=  96 dec= 18878 rows= 18040 horizon=0.33 nodecap=0 over=0 card=0 exact=0 drop=0 cfgs= 24.4 L=0.07351 P=nan old=0.07342 new=0.06933 tgt=-0.033/0.478 pstd=0.354 capv=0.040 lr=1.0e-03 gen=0.1s conv=0.0s add=0.1s train=0.2s sps=0
[t=  91.8s] greedy ep248 games=  96 dec= 17898 rows= 17150 horizon=0.32 nodecap=0 over=0 card=0 exact=0 drop=0 cfgs= 26.7 L=0.07379 P=nan old=0.06975 new=0.07534 tgt=-0.047/0.498 pstd=0.371 capv=0.040 lr=1.0e-03 gen=0.1s conv=0.0s add=0.1s train=0.2s sps=0
[t=  92.2s] greedy ep249 games=  96 dec= 17063 rows= 16337 horizon=0.24 nodecap=0 over=0 card=0 exact=0 drop=0 cfgs= 25.2 L=0.07288 P=nan old=0.07623 new=0.07573 tgt=-0.035/0.534 pstd=0.360 capv=0.040 lr=1.0e-03 gen=0.1s conv=0.0s add=0.1s train=0.2s sps=0
[t=  92.6s] greedy ep250 games=  96 dec= 16287 rows= 15580 horizon=0.22 nodecap=0 over=0 card=0 exact=0 drop=0 cfgs= 27.5 L=0.07518 P=nan old=0.07837 new=0.07470 tgt=-0.082/0.527 pstd=0.367 capv=0.040 lr=1.0e-03 gen=0.1s conv=0.0s add=0.1s train=0.2s sps=0
[t=  92.9s] greedy ep251 games=  96 dec= 19142 rows= 18393 horizon=0.38 nodecap=0 over=0 card=0 exact=0 drop=0 cfgs= 23.0 L=0.07444 P=nan old=0.08319 new=0.07259 tgt=-0.044/0.473 pstd=0.364 capv=0.040 lr=1.0e-03 gen=0.1s conv=0.0s add=0.1s train=0.2s sps=0
[t=  93.3s] greedy ep252 games=  96 dec= 18142 rows= 17360 horizon=0.30 nodecap=0 over=0 card=0 exact=0 drop=0 cfgs= 24.6 L=0.07471 P=nan old=0.07768 new=0.07804 tgt=-0.033/0.491 pstd=0.359 capv=0.040 lr=1.0e-03 gen=0.1s conv=0.0s add=0.1s train=0.2s sps=0
[t=  93.7s] greedy ep253 games=  96 dec= 18597 rows= 17764 horizon=0.30 nodecap=0 over=0 card=0 exact=0 drop=0 cfgs= 25.0 L=0.07348 P=nan old=0.07422 new=0.07459 tgt=-0.014/0.488 pstd=0.356 capv=0.040 lr=1.0e-03 gen=0.1s conv=0.0s add=0.1s train=0.2s sps=0
[t=  94.0s] greedy ep254 games=  96 dec= 17436 rows= 16809 horizon=0.26 nodecap=0 over=0 card=0 exact=0 drop=0 cfgs= 24.6 L=0.07410 P=nan old=0.07422 new=0.07270 tgt=-0.045/0.504 pstd=0.405 capv=0.040 lr=1.0e-03 gen=0.1s conv=0.0s add=0.1s train=0.2s sps=0
[t=  94.4s] greedy ep255 games=  96 dec= 17995 rows= 17156 horizon=0.27 nodecap=0 over=0 card=0 exact=0 drop=0 cfgs= 25.9 L=0.07305 P=nan old=0.07044 new=0.07222 tgt=-0.030/0.497 pstd=0.348 capv=0.040 lr=1.0e-03 gen=0.1s conv=0.0s add=0.1s train=0.2s sps=0
[t=  94.8s] greedy ep256 games=  96 dec= 17948 rows= 17108 horizon=0.24 nodecap=0 over=0 card=0 exact=0 drop=0 cfgs= 27.0 L=0.07564 P=nan old=0.07029 new=0.07151 tgt=-0.011/0.494 pstd=0.356 capv=0.040 lr=1.0e-03 gen=0.1s conv=0.0s add=0.1s train=0.2s sps=0
[t=  95.1s] greedy ep257 games=  96 dec= 17593 rows= 16838 horizon=0.26 nodecap=0 over=0 card=0 exact=0 drop=0 cfgs= 26.6 L=0.07554 P=nan old=0.07660 new=0.08123 tgt=-0.041/0.483 pstd=0.373 capv=0.040 lr=1.0e-03 gen=0.1s conv=0.0s add=0.1s train=0.2s sps=0
[t=  95.5s] greedy ep258 games=  96 dec= 18901 rows= 18100 horizon=0.35 nodecap=0 over=0 card=0 exact=0 drop=0 cfgs= 22.3 L=0.07407 P=nan old=0.06793 new=0.07031 tgt=-0.037/0.488 pstd=0.372 capv=0.040 lr=1.0e-03 gen=0.1s conv=0.0s add=0.1s train=0.2s sps=0
[t=  95.9s] greedy ep259 games=  96 dec= 17547 rows= 16744 horizon=0.27 nodecap=0 over=0 card=0 exact=0 drop=0 cfgs= 25.4 L=0.07417 P=nan old=0.07484 new=0.07117 tgt=-0.062/0.520 pstd=0.368 capv=0.040 lr=1.0e-03 gen=0.1s conv=0.0s add=0.1s train=0.2s sps=0
[t=  96.3s] greedy ep260 games=  96 dec= 18271 rows= 17499 horizon=0.32 nodecap=0 over=0 card=0 exact=0 drop=0 cfgs= 25.5 L=0.07437 P=nan old=0.07113 new=0.08040 tgt=-0.035/0.472 pstd=0.359 capv=0.040 lr=1.0e-03 gen=0.1s conv=0.0s add=0.1s train=0.2s sps=0
[t=  96.6s] greedy ep261 games=  96 dec= 18608 rows= 17760 horizon=0.31 nodecap=0 over=0 card=0 exact=0 drop=0 cfgs= 25.4 L=0.07430 P=nan old=0.07605 new=0.07507 tgt=-0.061/0.508 pstd=0.364 capv=0.040 lr=1.0e-03 gen=0.1s conv=0.0s add=0.1s train=0.2s sps=0
[t=  97.0s] greedy ep262 games=  96 dec= 18353 rows= 17578 horizon=0.30 nodecap=0 over=0 card=0 exact=0 drop=0 cfgs= 25.0 L=0.07503 P=nan old=0.07441 new=0.06960 tgt=-0.016/0.480 pstd=0.361 capv=0.040 lr=1.0e-03 gen=0.1s conv=0.0s add=0.1s train=0.2s sps=0
[t=  97.4s] greedy ep263 games=  96 dec= 17670 rows= 16916 horizon=0.25 nodecap=0 over=0 card=0 exact=0 drop=0 cfgs= 25.2 L=0.07358 P=nan old=0.06859 new=0.07885 tgt=-0.041/0.525 pstd=0.358 capv=0.040 lr=1.0e-03 gen=0.1s conv=0.0s add=0.1s train=0.2s sps=0
[t=  97.8s] greedy ep264 games=  96 dec= 17439 rows= 16661 horizon=0.22 nodecap=0 over=0 card=0 exact=0 drop=0 cfgs= 27.6 L=0.07561 P=nan old=0.07003 new=0.07280 tgt=-0.061/0.513 pstd=0.374 capv=0.040 lr=1.0e-03 gen=0.1s conv=0.0s add=0.1s train=0.2s sps=0
[t=  98.1s] greedy ep265 games=  96 dec= 17954 rows= 17234 horizon=0.28 nodecap=0 over=0 card=0 exact=0 drop=0 cfgs= 23.8 L=0.07428 P=nan old=0.07499 new=0.06848 tgt=-0.041/0.511 pstd=0.362 capv=0.040 lr=1.0e-03 gen=0.1s conv=0.0s add=0.1s train=0.2s sps=0
[t=  98.5s] greedy ep266 games=  96 dec= 17326 rows= 16642 horizon=0.24 nodecap=0 over=0 card=0 exact=0 drop=0 cfgs= 25.6 L=0.07330 P=nan old=0.07013 new=0.07620 tgt=-0.035/0.493 pstd=0.362 capv=0.040 lr=1.0e-03 gen=0.1s conv=0.0s add=0.1s train=0.2s sps=0
[t=  98.9s] greedy ep267 games=  96 dec= 17851 rows= 17084 horizon=0.25 nodecap=0 over=0 card=0 exact=0 drop=0 cfgs= 26.4 L=0.07312 P=nan old=0.06505 new=0.07372 tgt=-0.027/0.496 pstd=0.366 capv=0.040 lr=1.0e-03 gen=0.1s conv=0.0s add=0.1s train=0.2s sps=0
[t=  99.2s] greedy ep268 games=  96 dec= 16945 rows= 16228 horizon=0.23 nodecap=0 over=0 card=0 exact=0 drop=0 cfgs= 26.2 L=0.07543 P=nan old=0.07552 new=0.07019 tgt=-0.044/0.535 pstd=0.363 capv=0.040 lr=1.0e-03 gen=0.1s conv=0.0s add=0.1s train=0.2s sps=0
[t=  99.6s] greedy ep269 games=  96 dec= 16584 rows= 15901 horizon=0.19 nodecap=0 over=0 card=0 exact=0 drop=0 cfgs= 27.1 L=0.07517 P=nan old=0.07397 new=0.08121 tgt=-0.058/0.539 pstd=0.366 capv=0.040 lr=1.0e-03 gen=0.1s conv=0.0s add=0.1s train=0.2s sps=0
[t= 100.0s] greedy ep270 games=  96 dec= 16978 rows= 16184 horizon=0.21 nodecap=0 over=0 card=0 exact=0 drop=0 cfgs= 27.6 L=0.07420 P=nan old=0.07497 new=0.07801 tgt=-0.038/0.549 pstd=0.368 capv=0.040 lr=1.0e-03 gen=0.1s conv=0.0s add=0.1s train=0.2s sps=0
[t= 100.4s] greedy ep271 games=  96 dec= 17733 rows= 16950 horizon=0.26 nodecap=0 over=0 card=0 exact=0 drop=0 cfgs= 25.4 L=0.07668 P=nan old=0.07517 new=0.07479 tgt=-0.031/0.480 pstd=0.367 capv=0.040 lr=1.0e-03 gen=0.1s conv=0.0s add=0.1s train=0.2s sps=0
[t= 100.7s] greedy ep272 games=  96 dec= 17410 rows= 16605 horizon=0.25 nodecap=0 over=0 card=0 exact=0 drop=0 cfgs= 26.5 L=0.07546 P=nan old=0.07701 new=0.08056 tgt=-0.012/0.497 pstd=0.399 capv=0.040 lr=1.0e-03 gen=0.1s conv=0.0s add=0.1s train=0.2s sps=0
[t= 101.1s] greedy ep273 games=  96 dec= 17996 rows= 17288 horizon=0.32 nodecap=0 over=0 card=0 exact=0 drop=0 cfgs= 24.2 L=0.07715 P=nan old=0.07361 new=0.07535 tgt=-0.015/0.485 pstd=0.351 capv=0.040 lr=1.0e-03 gen=0.1s conv=0.0s add=0.1s train=0.2s sps=0
[t= 101.5s] greedy ep274 games=  96 dec= 17453 rows= 16696 horizon=0.25 nodecap=0 over=0 card=0 exact=0 drop=0 cfgs= 25.9 L=0.07633 P=nan old=0.06975 new=0.07418 tgt=-0.028/0.522 pstd=0.375 capv=0.040 lr=1.0e-03 gen=0.1s conv=0.0s add=0.1s train=0.2s sps=0
[t= 101.8s] greedy ep275 games=  96 dec= 17863 rows= 17110 horizon=0.25 nodecap=0 over=0 card=0 exact=0 drop=0 cfgs= 25.3 L=0.07723 P=nan old=0.06987 new=0.07551 tgt=-0.043/0.505 pstd=0.361 capv=0.040 lr=1.0e-03 gen=0.1s conv=0.0s add=0.1s train=0.2s sps=0
[t= 102.2s] greedy ep276 games=  96 dec= 18148 rows= 17371 horizon=0.26 nodecap=0 over=0 card=0 exact=0 drop=0 cfgs= 26.0 L=0.07775 P=nan old=0.06843 new=0.07655 tgt=-0.038/0.519 pstd=0.367 capv=0.040 lr=1.0e-03 gen=0.1s conv=0.0s add=0.1s train=0.2s sps=0
[t= 102.6s] greedy ep277 games=  96 dec= 17778 rows= 17067 horizon=0.30 nodecap=0 over=0 card=0 exact=0 drop=0 cfgs= 24.5 L=0.07496 P=nan old=0.07395 new=0.08892 tgt=-0.026/0.499 pstd=0.363 capv=0.040 lr=1.0e-03 gen=0.1s conv=0.0s add=0.1s train=0.2s sps=0
[t= 102.9s] greedy ep278 games=  96 dec= 17819 rows= 17088 horizon=0.29 nodecap=0 over=0 card=0 exact=0 drop=0 cfgs= 25.2 L=0.07715 P=nan old=0.07717 new=0.07581 tgt=-0.072/0.520 pstd=0.384 capv=0.040 lr=1.0e-03 gen=0.1s conv=0.0s add=0.1s train=0.2s sps=0
[t= 103.3s] greedy ep279 games=  96 dec= 18291 rows= 17532 horizon=0.32 nodecap=0 over=0 card=0 exact=0 drop=0 cfgs= 26.0 L=0.07527 P=nan old=0.07691 new=0.06958 tgt=-0.024/0.467 pstd=0.354 capv=0.040 lr=1.0e-03 gen=0.1s conv=0.0s add=0.1s train=0.2s sps=0
[t= 103.7s] greedy ep280 games=  96 dec= 18502 rows= 17785 horizon=0.34 nodecap=0 over=0 card=0 exact=0 drop=0 cfgs= 24.7 L=0.07367 P=nan old=0.07703 new=0.07138 tgt=-0.053/0.486 pstd=0.359 capv=0.040 lr=1.0e-03 gen=0.1s conv=0.0s add=0.1s train=0.2s sps=0
[t= 104.1s] greedy ep281 games=  96 dec= 18218 rows= 17396 horizon=0.23 nodecap=0 over=0 card=0 exact=0 drop=0 cfgs= 26.3 L=0.07644 P=nan old=0.07539 new=0.07846 tgt=-0.015/0.513 pstd=0.387 capv=0.040 lr=1.0e-03 gen=0.1s conv=0.0s add=0.1s train=0.2s sps=0
[t= 104.5s] greedy ep282 games=  96 dec= 17403 rows= 16727 horizon=0.26 nodecap=0 over=0 card=0 exact=0 drop=0 cfgs= 26.8 L=0.07612 P=nan old=0.07620 new=0.07668 tgt=-0.052/0.515 pstd=0.345 capv=0.040 lr=1.0e-03 gen=0.1s conv=0.0s add=0.1s train=0.2s sps=0
[t= 104.8s] greedy ep283 games=  96 dec= 16655 rows= 15874 horizon=0.16 nodecap=0 over=0 card=0 exact=0 drop=0 cfgs= 27.1 L=0.07560 P=nan old=0.07371 new=0.07228 tgt=+0.003/0.532 pstd=0.366 capv=0.040 lr=1.0e-03 gen=0.1s conv=0.0s add=0.1s train=0.2s sps=0
[t= 105.2s] greedy ep284 games=  96 dec= 18723 rows= 17991 horizon=0.29 nodecap=0 over=0 card=0 exact=0 drop=0 cfgs= 25.0 L=0.07490 P=nan old=0.07022 new=0.06860 tgt=-0.062/0.502 pstd=0.373 capv=0.040 lr=1.0e-03 gen=0.1s conv=0.0s add=0.1s train=0.2s sps=0
[t= 105.6s] greedy ep285 games=  96 dec= 18143 rows= 17398 horizon=0.30 nodecap=0 over=0 card=0 exact=0 drop=0 cfgs= 23.8 L=0.07529 P=nan old=0.07924 new=0.07365 tgt=-0.013/0.506 pstd=0.392 capv=0.040 lr=1.0e-03 gen=0.1s conv=0.0s add=0.1s train=0.2s sps=0
[t= 106.0s] greedy ep286 games=  96 dec= 17038 rows= 16365 horizon=0.21 nodecap=0 over=0 card=0 exact=0 drop=0 cfgs= 28.5 L=0.07634 P=nan old=0.07210 new=0.07654 tgt=-0.021/0.523 pstd=0.379 capv=0.040 lr=1.0e-03 gen=0.1s conv=0.0s add=0.1s train=0.2s sps=0
[t= 106.4s] greedy ep287 games=  96 dec= 18219 rows= 17479 horizon=0.30 nodecap=0 over=0 card=0 exact=0 drop=0 cfgs= 26.3 L=0.07536 P=nan old=0.07344 new=0.08267 tgt=-0.040/0.497 pstd=0.387 capv=0.040 lr=1.0e-03 gen=0.1s conv=0.0s add=0.1s train=0.2s sps=0
[t= 106.7s] greedy ep288 games=  96 dec= 18026 rows= 17278 horizon=0.30 nodecap=0 over=0 card=0 exact=0 drop=0 cfgs= 24.9 L=0.07664 P=nan old=0.07421 new=0.07664 tgt=-0.063/0.512 pstd=0.372 capv=0.040 lr=1.0e-03 gen=0.1s conv=0.0s add=0.1s train=0.2s sps=0
[t= 107.1s] greedy ep289 games=  96 dec= 18021 rows= 17202 horizon=0.28 nodecap=0 over=0 card=0 exact=0 drop=0 cfgs= 24.1 L=0.07775 P=nan old=0.07050 new=0.07962 tgt=-0.055/0.528 pstd=0.365 capv=0.040 lr=1.0e-03 gen=0.1s conv=0.0s add=0.1s train=0.2s sps=0
[t= 107.5s] greedy ep290 games=  96 dec= 17582 rows= 16816 horizon=0.25 nodecap=0 over=0 card=0 exact=0 drop=0 cfgs= 27.3 L=0.07452 P=nan old=0.07541 new=0.07922 tgt=-0.041/0.515 pstd=0.366 capv=0.040 lr=1.0e-03 gen=0.1s conv=0.0s add=0.1s train=0.2s sps=0
[t= 107.8s] greedy ep291 games=  96 dec= 17209 rows= 16433 horizon=0.20 nodecap=0 over=0 card=0 exact=0 drop=0 cfgs= 27.6 L=0.07557 P=nan old=0.07356 new=0.07529 tgt=-0.035/0.525 pstd=0.368 capv=0.040 lr=1.0e-03 gen=0.1s conv=0.0s add=0.1s train=0.2s sps=0
[t= 108.2s] greedy ep292 games=  96 dec= 17631 rows= 16897 horizon=0.25 nodecap=0 over=0 card=0 exact=0 drop=0 cfgs= 25.2 L=0.07938 P=nan old=0.07421 new=0.07504 tgt=-0.023/0.514 pstd=0.372 capv=0.040 lr=1.0e-03 gen=0.1s conv=0.0s add=0.1s train=0.2s sps=0
[t= 108.6s] greedy ep293 games=  96 dec= 18645 rows= 17785 horizon=0.30 nodecap=0 over=0 card=0 exact=0 drop=0 cfgs= 25.2 L=0.07832 P=nan old=0.07650 new=0.06997 tgt=-0.037/0.495 pstd=0.366 capv=0.040 lr=1.0e-03 gen=0.1s conv=0.0s add=0.1s train=0.2s sps=0
[t= 109.0s] greedy ep294 games=  96 dec= 18309 rows= 17545 horizon=0.29 nodecap=0 over=0 card=0 exact=0 drop=0 cfgs= 25.4 L=0.07289 P=nan old=0.07540 new=0.06972 tgt=-0.009/0.498 pstd=0.368 capv=0.040 lr=1.0e-03 gen=0.1s conv=0.0s add=0.1s train=0.2s sps=0
[t= 109.4s] greedy ep295 games=  96 dec= 19050 rows= 18218 horizon=0.31 nodecap=0 over=0 card=0 exact=0 drop=0 cfgs= 24.3 L=0.07420 P=nan old=0.07136 new=0.07415 tgt=+0.016/0.461 pstd=0.376 capv=0.040 lr=1.0e-03 gen=0.1s conv=0.0s add=0.1s train=0.2s sps=0
[t= 109.8s] greedy ep296 games=  96 dec= 19128 rows= 18238 horizon=0.32 nodecap=0 over=0 card=0 exact=0 drop=0 cfgs= 25.0 L=0.07613 P=nan old=0.07430 new=0.07345 tgt=-0.035/0.496 pstd=0.372 capv=0.040 lr=1.0e-03 gen=0.1s conv=0.0s add=0.1s train=0.2s sps=0
[t= 110.1s] greedy ep297 games=  96 dec= 16836 rows= 16177 horizon=0.26 nodecap=0 over=0 card=0 exact=0 drop=0 cfgs= 25.9 L=0.07548 P=nan old=0.08169 new=0.07168 tgt=-0.035/0.513 pstd=0.362 capv=0.040 lr=1.0e-03 gen=0.1s conv=0.0s add=0.1s train=0.2s sps=0
[t= 110.5s] greedy ep298 games=  96 dec= 17580 rows= 16882 horizon=0.24 nodecap=0 over=0 card=0 exact=0 drop=0 cfgs= 27.2 L=0.07460 P=nan old=0.06587 new=0.06635 tgt=-0.053/0.511 pstd=0.379 capv=0.040 lr=1.0e-03 gen=0.1s conv=0.0s add=0.1s train=0.2s sps=0
[t= 110.9s] greedy ep299 games=  96 dec= 17406 rows= 16638 horizon=0.24 nodecap=0 over=0 card=0 exact=0 drop=0 cfgs= 26.5 L=0.07497 P=nan old=0.07608 new=0.07876 tgt=-0.006/0.513 pstd=0.382 capv=0.040 lr=1.0e-03 gen=0.1s conv=0.0s add=0.1s train=0.2s sps=0
[t= 111.3s] greedy ep300 games=  96 dec= 17710 rows= 16979 horizon=0.28 nodecap=0 over=0 card=0 exact=0 drop=0 cfgs= 24.1 L=0.07597 P=nan old=0.07211 new=0.07645 tgt=-0.013/0.505 pstd=0.411 capv=0.040 lr=1.0e-03 gen=0.1s conv=0.0s add=0.1s train=0.2s sps=0
[t= 111.6s] greedy ep301 games=  96 dec= 17717 rows= 17012 horizon=0.24 nodecap=0 over=0 card=0 exact=0 drop=0 cfgs= 25.9 L=0.07544 P=nan old=0.07276 new=0.07231 tgt=-0.038/0.529 pstd=0.367 capv=0.040 lr=1.0e-03 gen=0.1s conv=0.0s add=0.1s train=0.2s sps=0
[t= 112.0s] greedy ep302 games=  96 dec= 17652 rows= 16875 horizon=0.30 nodecap=0 over=0 card=0 exact=0 drop=0 cfgs= 25.0 L=0.07408 P=nan old=0.07174 new=0.07029 tgt=-0.015/0.490 pstd=0.372 capv=0.040 lr=1.0e-03 gen=0.1s conv=0.0s add=0.1s train=0.2s sps=0
[t= 112.4s] greedy ep303 games=  96 dec= 18461 rows= 17712 horizon=0.28 nodecap=0 over=0 card=0 exact=0 drop=0 cfgs= 24.2 L=0.07271 P=nan old=0.07211 new=0.07261 tgt=-0.020/0.499 pstd=0.375 capv=0.040 lr=1.0e-03 gen=0.1s conv=0.0s add=0.1s train=0.2s sps=0
[t= 112.8s] greedy ep304 games=  96 dec= 16935 rows= 16192 horizon=0.21 nodecap=0 over=0 card=0 exact=0 drop=0 cfgs= 27.3 L=0.07315 P=nan old=0.07662 new=0.07101 tgt=-0.031/0.528 pstd=0.376 capv=0.040 lr=1.0e-03 gen=0.1s conv=0.0s add=0.1s train=0.2s sps=0
[t= 113.2s] greedy ep305 games=  96 dec= 18054 rows= 17288 horizon=0.26 nodecap=0 over=0 card=0 exact=0 drop=0 cfgs= 25.0 L=0.07277 P=nan old=0.07422 new=0.06232 tgt=-0.027/0.511 pstd=0.391 capv=0.040 lr=1.0e-03 gen=0.1s conv=0.0s add=0.1s train=0.2s sps=0
[t= 113.5s] greedy ep306 games=  96 dec= 17126 rows= 16399 horizon=0.21 nodecap=0 over=0 card=0 exact=0 drop=0 cfgs= 26.3 L=0.07335 P=nan old=0.06780 new=0.07261 tgt=-0.013/0.512 pstd=0.373 capv=0.040 lr=1.0e-03 gen=0.1s conv=0.0s add=0.1s train=0.2s sps=0
[t= 113.9s] greedy ep307 games=  96 dec= 18115 rows= 17391 horizon=0.28 nodecap=0 over=0 card=0 exact=0 drop=0 cfgs= 26.5 L=0.07243 P=nan old=0.06696 new=0.07662 tgt=-0.036/0.482 pstd=0.376 capv=0.040 lr=1.0e-03 gen=0.1s conv=0.0s add=0.1s train=0.2s sps=0
[t= 114.3s] greedy ep308 games=  96 dec= 17694 rows= 16919 horizon=0.26 nodecap=0 over=0 card=0 exact=0 drop=0 cfgs= 26.0 L=0.07226 P=nan old=0.07330 new=0.06977 tgt=-0.032/0.495 pstd=0.383 capv=0.040 lr=1.0e-03 gen=0.1s conv=0.0s add=0.1s train=0.2s sps=0
[t= 114.7s] greedy ep309 games=  96 dec= 18428 rows= 17655 horizon=0.30 nodecap=0 over=0 card=0 exact=0 drop=0 cfgs= 25.8 L=0.07265 P=nan old=0.07511 new=0.07029 tgt=-0.042/0.467 pstd=0.356 capv=0.040 lr=1.0e-03 gen=0.1s conv=0.0s add=0.1s train=0.2s sps=0
[t= 115.1s] greedy ep310 games=  96 dec= 17462 rows= 16638 horizon=0.22 nodecap=0 over=0 card=0 exact=0 drop=0 cfgs= 24.9 L=0.07272 P=nan old=0.06387 new=0.07361 tgt=-0.028/0.524 pstd=0.377 capv=0.040 lr=1.0e-03 gen=0.1s conv=0.0s add=0.1s train=0.2s sps=0
[t= 115.4s] greedy ep311 games=  96 dec= 18274 rows= 17503 horizon=0.31 nodecap=0 over=0 card=0 exact=0 drop=0 cfgs= 25.5 L=0.07382 P=nan old=0.06828 new=0.06801 tgt=-0.040/0.505 pstd=0.380 capv=0.040 lr=1.0e-03 gen=0.1s conv=0.0s add=0.1s train=0.2s sps=0
[t= 115.8s] greedy ep312 games=  96 dec= 17619 rows= 16814 horizon=0.23 nodecap=0 over=0 card=0 exact=0 drop=0 cfgs= 26.1 L=0.07284 P=nan old=0.07404 new=0.07080 tgt=-0.050/0.522 pstd=0.389 capv=0.040 lr=1.0e-03 gen=0.1s conv=0.0s add=0.1s train=0.2s sps=0
[t= 116.2s] greedy ep313 games=  96 dec= 18616 rows= 17875 horizon=0.39 nodecap=0 over=0 card=0 exact=0 drop=0 cfgs= 25.0 L=0.07354 P=nan old=0.07529 new=0.07267 tgt=-0.049/0.480 pstd=0.386 capv=0.040 lr=1.0e-03 gen=0.1s conv=0.0s add=0.1s train=0.2s sps=0
[t= 116.6s] greedy ep314 games=  96 dec= 18571 rows= 17816 horizon=0.30 nodecap=0 over=0 card=0 exact=0 drop=0 cfgs= 23.6 L=0.07196 P=nan old=0.07513 new=0.06918 tgt=-0.017/0.488 pstd=0.379 capv=0.040 lr=1.0e-03 gen=0.1s conv=0.0s add=0.1s train=0.2s sps=0
[t= 117.0s] greedy ep315 games=  96 dec= 18323 rows= 17491 horizon=0.28 nodecap=0 over=0 card=0 exact=0 drop=0 cfgs= 25.8 L=0.07388 P=nan old=0.07060 new=0.07051 tgt=-0.032/0.511 pstd=0.395 capv=0.040 lr=1.0e-03 gen=0.1s conv=0.0s add=0.1s train=0.2s sps=0
[t= 117.4s] greedy ep316 games=  96 dec= 17731 rows= 17005 horizon=0.26 nodecap=0 over=0 card=0 exact=0 drop=0 cfgs= 25.9 L=0.07204 P=nan old=0.07347 new=0.07000 tgt=-0.047/0.517 pstd=0.359 capv=0.040 lr=1.0e-03 gen=0.1s conv=0.0s add=0.1s train=0.2s sps=0
[t= 117.8s] greedy ep317 games=  96 dec= 18748 rows= 17934 horizon=0.31 nodecap=0 over=0 card=0 exact=0 drop=0 cfgs= 24.0 L=0.07306 P=nan old=0.06898 new=0.06486 tgt=-0.000/0.473 pstd=0.375 capv=0.040 lr=1.0e-03 gen=0.1s conv=0.0s add=0.1s train=0.2s sps=0
[t= 118.1s] greedy ep318 games=  96 dec= 17944 rows= 17237 horizon=0.27 nodecap=0 over=0 card=0 exact=0 drop=0 cfgs= 27.0 L=0.07108 P=nan old=0.07770 new=0.07006 tgt=-0.034/0.504 pstd=0.387 capv=0.040 lr=1.0e-03 gen=0.1s conv=0.0s add=0.1s train=0.2s sps=0
[t= 118.5s] greedy ep319 games=  96 dec= 18238 rows= 17468 horizon=0.28 nodecap=0 over=0 card=0 exact=0 drop=0 cfgs= 25.3 L=0.07083 P=nan old=0.07148 new=0.07355 tgt=-0.025/0.505 pstd=0.399 capv=0.040 lr=1.0e-03 gen=0.1s conv=0.0s add=0.1s train=0.2s sps=0
[t= 119.0s] greedy ep320 games=  96 dec= 17720 rows= 16849 horizon=0.23 nodecap=0 over=0 card=0 exact=0 drop=0 cfgs= 26.5 L=0.07201 P=nan old=0.06992 new=0.07510 tgt=-0.052/0.559 pstd=0.387 capv=0.040 lr=1.0e-03 gen=0.1s conv=0.0s add=0.1s train=0.2s sps=0
[t= 119.4s] greedy ep321 games=  96 dec= 17613 rows= 16847 horizon=0.27 nodecap=0 over=0 card=0 exact=0 drop=0 cfgs= 25.5 L=0.06952 P=nan old=0.06567 new=0.07497 tgt=-0.043/0.507 pstd=0.383 capv=0.040 lr=1.0e-03 gen=0.1s conv=0.0s add=0.1s train=0.2s sps=0
[t= 119.8s] greedy ep322 games=  96 dec= 18713 rows= 17939 horizon=0.34 nodecap=0 over=0 card=0 exact=0 drop=0 cfgs= 23.9 L=0.07125 P=nan old=0.07090 new=0.06932 tgt=-0.024/0.452 pstd=0.351 capv=0.040 lr=1.0e-03 gen=0.1s conv=0.0s add=0.1s train=0.2s sps=0
[t= 120.1s] greedy ep323 games=  96 dec= 16732 rows= 16026 horizon=0.21 nodecap=0 over=0 card=0 exact=0 drop=0 cfgs= 26.0 L=0.07255 P=nan old=0.07016 new=0.06761 tgt=-0.030/0.540 pstd=0.383 capv=0.040 lr=1.0e-03 gen=0.1s conv=0.0s add=0.1s train=0.2s sps=0
[t= 120.5s] greedy ep324 games=  96 dec= 17978 rows= 17219 horizon=0.32 nodecap=0 over=0 card=0 exact=0 drop=0 cfgs= 22.7 L=0.07259 P=nan old=0.06731 new=0.06738 tgt=-0.019/0.471 pstd=0.378 capv=0.040 lr=1.0e-03 gen=0.1s conv=0.0s add=0.1s train=0.2s sps=0
[t= 120.8s] greedy ep325 games=  96 dec= 17991 rows= 17250 horizon=0.28 nodecap=0 over=0 card=0 exact=0 drop=0 cfgs= 26.0 L=0.07116 P=nan old=0.06519 new=0.07023 tgt=+0.008/0.496 pstd=0.361 capv=0.040 lr=1.0e-03 gen=0.1s conv=0.0s add=0.1s train=0.2s sps=0
[t= 121.2s] greedy ep326 games=  96 dec= 17424 rows= 16715 horizon=0.29 nodecap=0 over=0 card=0 exact=0 drop=0 cfgs= 24.6 L=0.07071 P=nan old=0.07179 new=0.07015 tgt=-0.036/0.484 pstd=0.381 capv=0.040 lr=1.0e-03 gen=0.1s conv=0.0s add=0.1s train=0.2s sps=0
[t= 121.6s] greedy ep327 games=  96 dec= 17743 rows= 16890 horizon=0.26 nodecap=0 over=0 card=0 exact=0 drop=0 cfgs= 26.2 L=0.07071 P=nan old=0.06871 new=0.06819 tgt=-0.048/0.525 pstd=0.371 capv=0.040 lr=1.0e-03 gen=0.1s conv=0.0s add=0.1s train=0.2s sps=0
[t= 122.0s] greedy ep328 games=  96 dec= 18210 rows= 17451 horizon=0.28 nodecap=0 over=0 card=0 exact=0 drop=0 cfgs= 24.9 L=0.07217 P=nan old=0.07853 new=0.06724 tgt=-0.020/0.501 pstd=0.379 capv=0.040 lr=1.0e-03 gen=0.1s conv=0.0s add=0.1s train=0.2s sps=0
[t= 122.4s] greedy ep329 games=  96 dec= 17772 rows= 17009 horizon=0.26 nodecap=0 over=0 card=0 exact=0 drop=0 cfgs= 25.4 L=0.07261 P=nan old=0.06569 new=0.07068 tgt=-0.016/0.495 pstd=0.395 capv=0.040 lr=1.0e-03 gen=0.1s conv=0.0s add=0.1s train=0.2s sps=0
[t= 122.7s] greedy ep330 games=  96 dec= 16999 rows= 16281 horizon=0.23 nodecap=0 over=0 card=0 exact=0 drop=0 cfgs= 28.1 L=0.07225 P=nan old=0.06677 new=0.07428 tgt=-0.040/0.520 pstd=0.392 capv=0.040 lr=1.0e-03 gen=0.1s conv=0.0s add=0.1s train=0.2s sps=0
[t= 123.1s] greedy ep331 games=  96 dec= 18757 rows= 17965 horizon=0.34 nodecap=0 over=0 card=0 exact=0 drop=0 cfgs= 24.1 L=0.07226 P=nan old=0.06721 new=0.06821 tgt=-0.019/0.494 pstd=0.382 capv=0.040 lr=1.0e-03 gen=0.1s conv=0.0s add=0.1s train=0.2s sps=0
[t= 123.5s] greedy ep332 games=  96 dec= 17794 rows= 17079 horizon=0.28 nodecap=0 over=0 card=0 exact=0 drop=0 cfgs= 24.7 L=0.07247 P=nan old=0.06700 new=0.06937 tgt=-0.035/0.490 pstd=0.377 capv=0.040 lr=1.0e-03 gen=0.1s conv=0.0s add=0.1s train=0.2s sps=0
[t= 123.9s] greedy ep333 games=  96 dec= 17881 rows= 17034 horizon=0.26 nodecap=0 over=0 card=0 exact=0 drop=0 cfgs= 25.4 L=0.07062 P=nan old=0.07641 new=0.06829 tgt=-0.034/0.525 pstd=0.367 capv=0.040 lr=1.0e-03 gen=0.1s conv=0.0s add=0.1s train=0.2s sps=0
[t= 124.2s] greedy ep334 games=  96 dec= 17986 rows= 17222 horizon=0.27 nodecap=0 over=0 card=0 exact=0 drop=0 cfgs= 25.0 L=0.07238 P=nan old=0.06944 new=0.07062 tgt=-0.046/0.488 pstd=0.363 capv=0.040 lr=1.0e-03 gen=0.1s conv=0.0s add=0.1s train=0.2s sps=0
[t= 124.6s] greedy ep335 games=  96 dec= 17142 rows= 16487 horizon=0.25 nodecap=0 over=0 card=0 exact=0 drop=0 cfgs= 26.4 L=0.06997 P=nan old=0.07003 new=0.06406 tgt=-0.038/0.527 pstd=0.354 capv=0.040 lr=1.0e-03 gen=0.1s conv=0.0s add=0.1s train=0.2s sps=0
[t= 125.0s] greedy ep336 games=  96 dec= 18280 rows= 17484 horizon=0.25 nodecap=0 over=0 card=0 exact=0 drop=0 cfgs= 25.3 L=0.07139 P=nan old=0.06484 new=0.06594 tgt=-0.023/0.497 pstd=0.368 capv=0.040 lr=1.0e-03 gen=0.1s conv=0.0s add=0.1s train=0.2s sps=0
[t= 125.4s] greedy ep337 games=  96 dec= 18671 rows= 17898 horizon=0.34 nodecap=0 over=0 card=0 exact=0 drop=0 cfgs= 25.1 L=0.07300 P=nan old=0.07317 new=0.06630 tgt=-0.066/0.506 pstd=0.355 capv=0.040 lr=1.0e-03 gen=0.1s conv=0.0s add=0.1s train=0.2s sps=0
[t= 125.8s] greedy ep338 games=  96 dec= 17672 rows= 16949 horizon=0.29 nodecap=0 over=0 card=0 exact=0 drop=0 cfgs= 26.2 L=0.06801 P=nan old=0.07635 new=0.06619 tgt=-0.014/0.505 pstd=0.390 capv=0.040 lr=1.0e-03 gen=0.1s conv=0.0s add=0.1s train=0.2s sps=0
[t= 126.2s] greedy ep339 games=  96 dec= 17458 rows= 16873 horizon=0.31 nodecap=0 over=0 card=0 exact=0 drop=0 cfgs= 26.3 L=0.06947 P=nan old=0.06843 new=0.07899 tgt=-0.019/0.497 pstd=0.373 capv=0.040 lr=1.0e-03 gen=0.1s conv=0.0s add=0.1s train=0.2s sps=0
[t= 126.5s] greedy ep340 games=  96 dec= 17678 rows= 16928 horizon=0.28 nodecap=0 over=0 card=0 exact=0 drop=0 cfgs= 26.3 L=0.06921 P=nan old=0.06683 new=0.07151 tgt=-0.038/0.494 pstd=0.357 capv=0.040 lr=1.0e-03 gen=0.1s conv=0.0s add=0.1s train=0.2s sps=0
[t= 126.9s] greedy ep341 games=  96 dec= 18462 rows= 17705 horizon=0.34 nodecap=0 over=0 card=0 exact=0 drop=0 cfgs= 23.8 L=0.07050 P=nan old=0.06531 new=0.06738 tgt=-0.022/0.484 pstd=0.393 capv=0.040 lr=1.0e-03 gen=0.1s conv=0.0s add=0.1s train=0.2s sps=0
[t= 127.3s] greedy ep342 games=  96 dec= 17980 rows= 17242 horizon=0.27 nodecap=0 over=0 card=0 exact=0 drop=0 cfgs= 26.5 L=0.07140 P=nan old=0.06853 new=0.06293 tgt=-0.041/0.498 pstd=0.375 capv=0.040 lr=1.0e-03 gen=0.1s conv=0.0s add=0.1s train=0.2s sps=0
[t= 127.7s] greedy ep343 games=  96 dec= 18278 rows= 17533 horizon=0.34 nodecap=0 over=0 card=0 exact=0 drop=0 cfgs= 25.7 L=0.07074 P=nan old=0.06543 new=0.07242 tgt=-0.046/0.474 pstd=0.370 capv=0.040 lr=1.0e-03 gen=0.1s conv=0.0s add=0.1s train=0.2s sps=0
[t= 128.1s] greedy ep344 games=  96 dec= 17650 rows= 16965 horizon=0.28 nodecap=0 over=0 card=0 exact=0 drop=0 cfgs= 24.1 L=0.06871 P=nan old=0.07148 new=0.07115 tgt=-0.011/0.498 pstd=0.372 capv=0.040 lr=1.0e-03 gen=0.1s conv=0.0s add=0.1s train=0.2s sps=0
[t= 128.4s] greedy ep345 games=  96 dec= 18173 rows= 17397 horizon=0.28 nodecap=0 over=0 card=0 exact=0 drop=0 cfgs= 26.4 L=0.06797 P=nan old=0.06836 new=0.07092 tgt=-0.028/0.482 pstd=0.365 capv=0.040 lr=1.0e-03 gen=0.1s conv=0.0s add=0.1s train=0.2s sps=0
[t= 128.8s] greedy ep346 games=  96 dec= 18555 rows= 17773 horizon=0.33 nodecap=0 over=0 card=0 exact=0 drop=0 cfgs= 24.2 L=0.06859 P=nan old=0.06667 new=0.06775 tgt=-0.015/0.469 pstd=0.380 capv=0.040 lr=1.0e-03 gen=0.1s conv=0.0s add=0.1s train=0.2s sps=0
[t= 129.2s] greedy ep347 games=  96 dec= 17924 rows= 17139 horizon=0.29 nodecap=0 over=0 card=0 exact=0 drop=0 cfgs= 25.1 L=0.07096 P=nan old=0.06872 new=0.06439 tgt=-0.048/0.506 pstd=0.372 capv=0.040 lr=1.0e-03 gen=0.1s conv=0.0s add=0.1s train=0.2s sps=0
[t= 129.6s] greedy ep348 games=  96 dec= 17614 rows= 16892 horizon=0.25 nodecap=0 over=0 card=0 exact=0 drop=0 cfgs= 24.8 L=0.06838 P=nan old=0.07160 new=0.06793 tgt=+0.005/0.491 pstd=0.381 capv=0.040 lr=1.0e-03 gen=0.1s conv=0.0s add=0.1s train=0.2s sps=0
[t= 130.0s] greedy ep349 games=  96 dec= 18172 rows= 17376 horizon=0.26 nodecap=0 over=0 card=0 exact=0 drop=0 cfgs= 24.4 L=0.07049 P=nan old=0.06766 new=0.06815 tgt=-0.008/0.509 pstd=0.373 capv=0.040 lr=1.0e-03 gen=0.1s conv=0.0s add=0.1s train=0.2s sps=0
[t= 130.3s] greedy ep350 games=  96 dec= 17814 rows= 17101 horizon=0.28 nodecap=0 over=0 card=0 exact=0 drop=0 cfgs= 25.6 L=0.06932 P=nan old=0.06601 new=0.06805 tgt=-0.025/0.500 pstd=0.376 capv=0.040 lr=1.0e-03 gen=0.1s conv=0.0s add=0.1s train=0.2s sps=0
[t= 130.7s] greedy ep351 games=  96 dec= 18568 rows= 17752 horizon=0.30 nodecap=0 over=0 card=0 exact=0 drop=0 cfgs= 24.5 L=0.06998 P=nan old=0.06751 new=0.07194 tgt=-0.028/0.490 pstd=0.361 capv=0.040 lr=1.0e-03 gen=0.1s conv=0.0s add=0.1s train=0.2s sps=0
[t= 131.1s] greedy ep352 games=  96 dec= 17141 rows= 16388 horizon=0.26 nodecap=0 over=0 card=0 exact=0 drop=0 cfgs= 24.8 L=0.06910 P=nan old=0.06404 new=0.06800 tgt=+0.001/0.505 pstd=0.371 capv=0.040 lr=1.0e-03 gen=0.1s conv=0.0s add=0.1s train=0.2s sps=0
[t= 131.5s] greedy ep353 games=  96 dec= 17979 rows= 17279 horizon=0.28 nodecap=0 over=0 card=0 exact=0 drop=0 cfgs= 24.8 L=0.07148 P=nan old=0.06727 new=0.06812 tgt=-0.039/0.496 pstd=0.376 capv=0.040 lr=1.0e-03 gen=0.1s conv=0.0s add=0.1s train=0.2s sps=0
[t= 131.9s] greedy ep354 games=  96 dec= 16839 rows= 16106 horizon=0.20 nodecap=0 over=0 card=0 exact=0 drop=0 cfgs= 28.2 L=0.07180 P=nan old=0.07038 new=0.06994 tgt=-0.091/0.544 pstd=0.352 capv=0.040 lr=1.0e-03 gen=0.1s conv=0.0s add=0.1s train=0.2s sps=0
[t= 132.4s] greedy ep355 games=  96 dec= 18652 rows= 17906 horizon=0.30 nodecap=0 over=0 card=0 exact=0 drop=0 cfgs= 25.8 L=0.06960 P=nan old=0.06714 new=0.06398 tgt=-0.041/0.486 pstd=0.373 capv=0.040 lr=1.0e-03 gen=0.1s conv=0.0s add=0.1s train=0.2s sps=0
[t= 132.8s] greedy ep356 games=  96 dec= 18201 rows= 17445 horizon=0.30 nodecap=0 over=0 card=0 exact=0 drop=0 cfgs= 24.7 L=0.07022 P=nan old=0.07033 new=0.06800 tgt=-0.019/0.514 pstd=0.361 capv=0.040 lr=1.0e-03 gen=0.1s conv=0.0s add=0.1s train=0.2s sps=0
[t= 133.3s] greedy ep357 games=  96 dec= 17044 rows= 16246 horizon=0.23 nodecap=0 over=0 card=0 exact=0 drop=0 cfgs= 28.1 L=0.07269 P=nan old=0.06591 new=0.06450 tgt=-0.025/0.532 pstd=0.378 capv=0.040 lr=1.0e-03 gen=0.1s conv=0.0s add=0.1s train=0.2s sps=0
[t= 133.7s] greedy ep358 games=  96 dec= 16891 rows= 16166 horizon=0.23 nodecap=0 over=0 card=0 exact=0 drop=0 cfgs= 26.0 L=0.07355 P=nan old=0.07205 new=0.06964 tgt=-0.060/0.533 pstd=0.391 capv=0.040 lr=1.0e-03 gen=0.1s conv=0.0s add=0.1s train=0.2s sps=0
[t= 134.1s] greedy ep359 games=  96 dec= 17762 rows= 17023 horizon=0.28 nodecap=0 over=0 card=0 exact=0 drop=0 cfgs= 24.7 L=0.06931 P=nan old=0.07232 new=0.06970 tgt=-0.031/0.534 pstd=0.360 capv=0.040 lr=1.0e-03 gen=0.1s conv=0.0s add=0.1s train=0.2s sps=0
[t= 134.4s] greedy ep360 games=  96 dec= 17957 rows= 17173 horizon=0.27 nodecap=0 over=0 card=0 exact=0 drop=0 cfgs= 27.6 L=0.06992 P=nan old=0.06692 new=0.06765 tgt=+0.005/0.493 pstd=0.364 capv=0.040 lr=1.0e-03 gen=0.1s conv=0.0s add=0.1s train=0.2s sps=0
[t= 134.8s] greedy ep361 games=  96 dec= 17517 rows= 16757 horizon=0.25 nodecap=0 over=0 card=0 exact=0 drop=0 cfgs= 27.1 L=0.07196 P=nan old=0.06808 new=0.06624 tgt=-0.047/0.524 pstd=0.364 capv=0.040 lr=1.0e-03 gen=0.1s conv=0.0s add=0.1s train=0.2s sps=0
[t= 135.2s] greedy ep362 games=  96 dec= 18642 rows= 17943 horizon=0.31 nodecap=0 over=0 card=0 exact=0 drop=0 cfgs= 25.3 L=0.07098 P=nan old=0.07128 new=0.07483 tgt=-0.032/0.493 pstd=0.376 capv=0.040 lr=1.0e-03 gen=0.1s conv=0.0s add=0.1s train=0.2s sps=0
[t= 135.6s] greedy ep363 games=  96 dec= 17166 rows= 16358 horizon=0.25 nodecap=0 over=0 card=0 exact=0 drop=0 cfgs= 25.1 L=0.07200 P=nan old=0.06502 new=0.07287 tgt=-0.059/0.515 pstd=0.385 capv=0.040 lr=1.0e-03 gen=0.1s conv=0.0s add=0.0s train=0.2s sps=0
[t= 136.0s] greedy ep364 games=  96 dec= 17206 rows= 16496 horizon=0.26 nodecap=0 over=0 card=0 exact=0 drop=0 cfgs= 26.8 L=0.06866 P=nan old=0.06841 new=0.06628 tgt=-0.049/0.505 pstd=0.375 capv=0.040 lr=1.0e-03 gen=0.1s conv=0.0s add=0.1s train=0.2s sps=0
[t= 136.4s] greedy ep365 games=  96 dec= 16720 rows= 15972 horizon=0.19 nodecap=0 over=0 card=0 exact=0 drop=0 cfgs= 25.5 L=0.07147 P=nan old=0.07303 new=0.07385 tgt=-0.016/0.532 pstd=0.378 capv=0.040 lr=1.0e-03 gen=0.1s conv=0.0s add=0.1s train=0.2s sps=0
[t= 136.8s] greedy ep366 games=  96 dec= 17656 rows= 16828 horizon=0.27 nodecap=0 over=0 card=0 exact=0 drop=0 cfgs= 25.2 L=0.07068 P=nan old=0.06920 new=0.07340 tgt=+0.015/0.505 pstd=0.392 capv=0.040 lr=1.0e-03 gen=0.1s conv=0.0s add=0.1s train=0.2s sps=0
[t= 137.2s] greedy ep367 games=  96 dec= 17532 rows= 16779 horizon=0.26 nodecap=0 over=0 card=0 exact=0 drop=0 cfgs= 26.2 L=0.06903 P=nan old=0.06722 new=0.06866 tgt=-0.050/0.513 pstd=0.394 capv=0.040 lr=1.0e-03 gen=0.1s conv=0.0s add=0.1s train=0.2s sps=0
[t= 137.6s] greedy ep368 games=  96 dec= 18512 rows= 17672 horizon=0.32 nodecap=0 over=0 card=0 exact=0 drop=0 cfgs= 24.4 L=0.07133 P=nan old=0.06852 new=0.06473 tgt=-0.058/0.514 pstd=0.397 capv=0.040 lr=1.0e-03 gen=0.1s conv=0.0s add=0.1s train=0.2s sps=0
[t= 138.0s] greedy ep369 games=  96 dec= 18686 rows= 17858 horizon=0.33 nodecap=0 over=0 card=0 exact=0 drop=0 cfgs= 26.1 L=0.06996 P=nan old=0.07943 new=0.07028 tgt=-0.029/0.472 pstd=0.368 capv=0.040 lr=1.0e-03 gen=0.1s conv=0.0s add=0.1s train=0.2s sps=0
[t= 138.3s] greedy ep370 games=  96 dec= 18134 rows= 17203 horizon=0.25 nodecap=0 over=0 card=0 exact=0 drop=0 cfgs= 24.3 L=0.07306 P=nan old=0.06669 new=0.06809 tgt=-0.061/0.512 pstd=0.374 capv=0.040 lr=1.0e-03 gen=0.1s conv=0.0s add=0.1s train=0.2s sps=0
[t= 138.7s] greedy ep371 games=  96 dec= 18266 rows= 17485 horizon=0.28 nodecap=0 over=0 card=0 exact=0 drop=0 cfgs= 25.0 L=0.07005 P=nan old=0.06564 new=0.06753 tgt=-0.027/0.493 pstd=0.388 capv=0.040 lr=1.0e-03 gen=0.1s conv=0.0s add=0.1s train=0.2s sps=0
[t= 139.1s] greedy ep372 games=  96 dec= 16806 rows= 16105 horizon=0.23 nodecap=0 over=0 card=0 exact=0 drop=0 cfgs= 25.7 L=0.06939 P=nan old=0.06726 new=0.07117 tgt=-0.031/0.532 pstd=0.382 capv=0.040 lr=1.0e-03 gen=0.1s conv=0.0s add=0.1s train=0.2s sps=0
[t= 139.5s] greedy ep373 games=  96 dec= 18695 rows= 17980 horizon=0.35 nodecap=0 over=0 card=0 exact=0 drop=0 cfgs= 22.0 L=0.07063 P=nan old=0.06344 new=0.06538 tgt=-0.015/0.469 pstd=0.401 capv=0.040 lr=1.0e-03 gen=0.1s conv=0.0s add=0.1s train=0.2s sps=0
[t= 139.9s] greedy ep374 games=  96 dec= 18067 rows= 17212 horizon=0.23 nodecap=0 over=0 card=0 exact=0 drop=0 cfgs= 27.2 L=0.06889 P=nan old=0.06607 new=0.07636 tgt=-0.064/0.539 pstd=0.374 capv=0.040 lr=1.0e-03 gen=0.1s conv=0.0s add=0.1s train=0.2s sps=0
[t= 140.3s] greedy ep375 games=  96 dec= 17304 rows= 16570 horizon=0.25 nodecap=0 over=0 card=0 exact=0 drop=0 cfgs= 26.7 L=0.06916 P=nan old=0.06682 new=0.07611 tgt=-0.021/0.496 pstd=0.403 capv=0.040 lr=1.0e-03 gen=0.1s conv=0.0s add=0.1s train=0.2s sps=0
[t= 140.6s] greedy ep376 games=  96 dec= 17300 rows= 16566 horizon=0.24 nodecap=0 over=0 card=0 exact=0 drop=0 cfgs= 28.4 L=0.07028 P=nan old=0.06638 new=0.07666 tgt=-0.057/0.534 pstd=0.366 capv=0.040 lr=1.0e-03 gen=0.1s conv=0.0s add=0.1s train=0.2s sps=0
[t= 141.0s] greedy ep377 games=  96 dec= 17317 rows= 16551 horizon=0.23 nodecap=0 over=0 card=0 exact=0 drop=0 cfgs= 26.8 L=0.06846 P=nan old=0.06590 new=0.06439 tgt=-0.035/0.501 pstd=0.385 capv=0.040 lr=1.0e-03 gen=0.1s conv=0.0s add=0.1s train=0.2s sps=0
[t= 141.4s] greedy ep378 games=  96 dec= 17575 rows= 16795 horizon=0.24 nodecap=0 over=0 card=0 exact=0 drop=0 cfgs= 25.6 L=0.06978 P=nan old=0.06440 new=0.07102 tgt=-0.045/0.525 pstd=0.383 capv=0.040 lr=1.0e-03 gen=0.1s conv=0.0s add=0.1s train=0.2s sps=0
[t= 141.8s] greedy ep379 games=  96 dec= 17726 rows= 17024 horizon=0.32 nodecap=0 over=0 card=0 exact=0 drop=0 cfgs= 25.0 L=0.07000 P=nan old=0.06363 new=0.06869 tgt=-0.018/0.495 pstd=0.380 capv=0.040 lr=1.0e-03 gen=0.1s conv=0.0s add=0.1s train=0.2s sps=0
[t= 142.2s] greedy ep380 games=  96 dec= 17239 rows= 16531 horizon=0.25 nodecap=0 over=0 card=0 exact=0 drop=0 cfgs= 25.1 L=0.07018 P=nan old=0.07009 new=0.07211 tgt=-0.048/0.515 pstd=0.403 capv=0.040 lr=1.0e-03 gen=0.1s conv=0.0s add=0.1s train=0.2s sps=0
[t= 142.5s] greedy ep381 games=  96 dec= 17259 rows= 16591 horizon=0.29 nodecap=0 over=0 card=0 exact=0 drop=0 cfgs= 26.9 L=0.07190 P=nan old=0.06564 new=0.06484 tgt=-0.063/0.499 pstd=0.384 capv=0.040 lr=1.0e-03 gen=0.1s conv=0.0s add=0.1s train=0.2s sps=0
[t= 142.9s] greedy ep382 games=  96 dec= 17023 rows= 16309 horizon=0.21 nodecap=0 over=0 card=0 exact=0 drop=0 cfgs= 27.8 L=0.07003 P=nan old=0.06269 new=0.07276 tgt=-0.033/0.501 pstd=0.370 capv=0.040 lr=1.0e-03 gen=0.1s conv=0.0s add=0.1s train=0.2s sps=0
[t= 143.3s] greedy ep383 games=  96 dec= 18191 rows= 17428 horizon=0.27 nodecap=0 over=0 card=0 exact=0 drop=0 cfgs= 23.4 L=0.07037 P=nan old=0.06583 new=0.06564 tgt=-0.024/0.514 pstd=0.408 capv=0.040 lr=1.0e-03 gen=0.1s conv=0.0s add=0.1s train=0.2s sps=0
[t= 143.7s] greedy ep384 games=  96 dec= 17975 rows= 17261 horizon=0.29 nodecap=0 over=0 card=0 exact=0 drop=0 cfgs= 27.3 L=0.07086 P=nan old=0.06753 new=0.06875 tgt=-0.073/0.528 pstd=0.381 capv=0.040 lr=1.0e-03 gen=0.1s conv=0.0s add=0.1s train=0.2s sps=0
[t= 144.1s] greedy ep385 games=  96 dec= 18920 rows= 18166 horizon=0.34 nodecap=0 over=0 card=0 exact=0 drop=0 cfgs= 23.8 L=0.06989 P=nan old=0.06617 new=0.06540 tgt=-0.044/0.497 pstd=0.379 capv=0.040 lr=1.0e-03 gen=0.1s conv=0.0s add=0.1s train=0.2s sps=0
[t= 144.5s] greedy ep386 games=  96 dec= 18249 rows= 17437 horizon=0.26 nodecap=0 over=0 card=0 exact=0 drop=0 cfgs= 26.1 L=0.06869 P=nan old=0.06148 new=0.06353 tgt=-0.059/0.498 pstd=0.368 capv=0.040 lr=1.0e-03 gen=0.1s conv=0.0s add=0.1s train=0.2s sps=0
[t= 144.9s] greedy ep387 games=  96 dec= 18764 rows= 17967 horizon=0.35 nodecap=0 over=0 card=0 exact=0 drop=0 cfgs= 25.7 L=0.06747 P=nan old=0.06420 new=0.06161 tgt=-0.013/0.460 pstd=0.362 capv=0.040 lr=1.0e-03 gen=0.1s conv=0.0s add=0.1s train=0.2s sps=0
[t= 145.3s] greedy ep388 games=  96 dec= 17274 rows= 16589 horizon=0.23 nodecap=0 over=0 card=0 exact=0 drop=0 cfgs= 27.1 L=0.06955 P=nan old=0.06258 new=0.06387 tgt=-0.028/0.524 pstd=0.374 capv=0.040 lr=1.0e-03 gen=0.1s conv=0.0s add=0.1s train=0.2s sps=0
[t= 145.7s] greedy ep389 games=  96 dec= 17548 rows= 16829 horizon=0.29 nodecap=0 over=0 card=0 exact=0 drop=0 cfgs= 25.3 L=0.06615 P=nan old=0.06161 new=0.06663 tgt=-0.039/0.492 pstd=0.372 capv=0.040 lr=1.0e-03 gen=0.1s conv=0.0s add=0.1s train=0.2s sps=0
[t= 146.0s] greedy ep390 games=  96 dec= 17509 rows= 16761 horizon=0.28 nodecap=0 over=0 card=0 exact=0 drop=0 cfgs= 25.1 L=0.06782 P=nan old=0.06782 new=0.07161 tgt=-0.032/0.491 pstd=0.357 capv=0.040 lr=1.0e-03 gen=0.1s conv=0.0s add=0.1s train=0.2s sps=0
[t= 146.4s] greedy ep391 games=  96 dec= 17575 rows= 16791 horizon=0.26 nodecap=0 over=0 card=0 exact=0 drop=0 cfgs= 27.5 L=0.06931 P=nan old=0.07115 new=0.06866 tgt=-0.053/0.529 pstd=0.364 capv=0.040 lr=1.0e-03 gen=0.1s conv=0.0s add=0.1s train=0.2s sps=0
[t= 146.8s] greedy ep392 games=  96 dec= 17800 rows= 17059 horizon=0.27 nodecap=0 over=0 card=0 exact=0 drop=0 cfgs= 26.8 L=0.06867 P=nan old=0.06873 new=0.07121 tgt=-0.003/0.488 pstd=0.367 capv=0.040 lr=1.0e-03 gen=0.1s conv=0.0s add=0.1s train=0.2s sps=0
[t= 147.2s] greedy ep393 games=  96 dec= 17730 rows= 16944 horizon=0.26 nodecap=0 over=0 card=0 exact=0 drop=0 cfgs= 25.6 L=0.06843 P=nan old=0.06558 new=0.07417 tgt=+0.003/0.489 pstd=0.391 capv=0.040 lr=1.0e-03 gen=0.1s conv=0.0s add=0.1s train=0.2s sps=0
[t= 147.6s] greedy ep394 games=  96 dec= 18525 rows= 17795 horizon=0.28 nodecap=0 over=0 card=0 exact=0 drop=0 cfgs= 25.2 L=0.06741 P=nan old=0.06605 new=0.06520 tgt=-0.027/0.505 pstd=0.365 capv=0.040 lr=1.0e-03 gen=0.1s conv=0.0s add=0.1s train=0.2s sps=0
[t= 148.0s] greedy ep395 games=  96 dec= 16632 rows= 15924 horizon=0.19 nodecap=0 over=0 card=0 exact=0 drop=0 cfgs= 26.9 L=0.06769 P=nan old=0.06667 new=0.06974 tgt=-0.041/0.557 pstd=0.367 capv=0.040 lr=1.0e-03 gen=0.1s conv=0.0s add=0.1s train=0.2s sps=0
[t= 148.4s] greedy ep396 games=  96 dec= 17627 rows= 16855 horizon=0.28 nodecap=0 over=0 card=0 exact=0 drop=0 cfgs= 26.2 L=0.07132 P=nan old=0.06469 new=0.06689 tgt=-0.010/0.508 pstd=0.372 capv=0.040 lr=1.0e-03 gen=0.1s conv=0.0s add=0.1s train=0.2s sps=0
[t= 148.8s] greedy ep397 games=  96 dec= 18566 rows= 17711 horizon=0.29 nodecap=0 over=0 card=0 exact=0 drop=0 cfgs= 25.5 L=0.07100 P=nan old=0.06499 new=0.06705 tgt=-0.066/0.536 pstd=0.370 capv=0.040 lr=1.0e-03 gen=0.1s conv=0.0s add=0.1s train=0.2s sps=0
[t= 149.1s] greedy ep398 games=  96 dec= 17957 rows= 17237 horizon=0.27 nodecap=0 over=0 card=0 exact=0 drop=0 cfgs= 23.9 L=0.06757 P=nan old=0.06583 new=0.06575 tgt=-0.020/0.522 pstd=0.387 capv=0.040 lr=1.0e-03 gen=0.1s conv=0.0s add=0.1s train=0.2s sps=0
[t= 149.6s] greedy ep399 games=  96 dec= 18250 rows= 17474 horizon=0.29 nodecap=0 over=0 card=0 exact=0 drop=0 cfgs= 25.5 L=0.06964 P=nan old=0.06996 new=0.07307 tgt=-0.024/0.488 pstd=0.355 capv=0.040 lr=1.0e-03 gen=0.1s conv=0.0s add=0.1s train=0.2s sps=0
[t= 149.9s] greedy ep400 games=  96 dec= 18159 rows= 17329 horizon=0.27 nodecap=0 over=0 card=0 exact=0 drop=0 cfgs= 25.7 L=0.06888 P=nan old=0.06394 new=0.06009 tgt=-0.035/0.512 pstd=0.371 capv=0.040 lr=1.0e-03 gen=0.1s conv=0.0s add=0.1s train=0.2s sps=0
[t= 150.4s] greedy ep401 games=  96 dec= 18600 rows= 17846 horizon=0.32 nodecap=0 over=0 card=0 exact=0 drop=0 cfgs= 24.8 L=0.06821 P=nan old=0.06378 new=0.06518 tgt=-0.043/0.472 pstd=0.384 capv=0.040 lr=1.0e-03 gen=0.1s conv=0.0s add=0.1s train=0.2s sps=0
[t= 150.8s] greedy ep402 games=  96 dec= 17932 rows= 17198 horizon=0.23 nodecap=0 over=0 card=0 exact=0 drop=0 cfgs= 27.7 L=0.06892 P=nan old=0.06398 new=0.07064 tgt=-0.038/0.507 pstd=0.364 capv=0.040 lr=1.0e-03 gen=0.1s conv=0.0s add=0.1s train=0.2s sps=0
[t= 151.2s] greedy ep403 games=  96 dec= 19051 rows= 18272 horizon=0.35 nodecap=0 over=0 card=0 exact=0 drop=0 cfgs= 23.5 L=0.06632 P=nan old=0.06332 new=0.06860 tgt=-0.051/0.497 pstd=0.344 capv=0.040 lr=1.0e-03 gen=0.1s conv=0.0s add=0.1s train=0.2s sps=0
[t= 151.6s] greedy ep404 games=  96 dec= 17477 rows= 16662 horizon=0.26 nodecap=0 over=0 card=0 exact=0 drop=0 cfgs= 25.5 L=0.06644 P=nan old=0.07408 new=0.06540 tgt=-0.048/0.514 pstd=0.368 capv=0.040 lr=1.0e-03 gen=0.1s conv=0.0s add=0.1s train=0.2s sps=0
[t= 151.9s] greedy ep405 games=  96 dec= 17930 rows= 17161 horizon=0.30 nodecap=0 over=0 card=0 exact=0 drop=0 cfgs= 25.8 L=0.06510 P=nan old=0.06546 new=0.06134 tgt=-0.038/0.492 pstd=0.359 capv=0.040 lr=1.0e-03 gen=0.1s conv=0.0s add=0.1s train=0.2s sps=0
[t= 152.3s] greedy ep406 games=  96 dec= 18107 rows= 17318 horizon=0.29 nodecap=0 over=0 card=0 exact=0 drop=0 cfgs= 25.3 L=0.06734 P=nan old=0.06977 new=0.06738 tgt=-0.030/0.492 pstd=0.356 capv=0.040 lr=1.0e-03 gen=0.1s conv=0.0s add=0.1s train=0.2s sps=0
[t= 152.7s] greedy ep407 games=  96 dec= 17410 rows= 16669 horizon=0.28 nodecap=0 over=0 card=0 exact=0 drop=0 cfgs= 25.2 L=0.06741 P=nan old=0.06972 new=0.06740 tgt=-0.056/0.522 pstd=0.373 capv=0.040 lr=1.0e-03 gen=0.1s conv=0.0s add=0.1s train=0.2s sps=0
[t= 153.1s] greedy ep408 games=  96 dec= 17914 rows= 17144 horizon=0.26 nodecap=0 over=0 card=0 exact=0 drop=0 cfgs= 26.0 L=0.06644 P=nan old=0.05863 new=0.06078 tgt=-0.074/0.513 pstd=0.373 capv=0.040 lr=1.0e-03 gen=0.1s conv=0.0s add=0.1s train=0.2s sps=0
[t= 153.5s] greedy ep409 games=  96 dec= 17542 rows= 16860 horizon=0.30 nodecap=0 over=0 card=0 exact=0 drop=0 cfgs= 29.0 L=0.06690 P=nan old=0.06721 new=0.06484 tgt=-0.066/0.494 pstd=0.361 capv=0.040 lr=1.0e-03 gen=0.1s conv=0.0s add=0.1s train=0.2s sps=0
[t= 153.9s] greedy ep410 games=  96 dec= 18272 rows= 17493 horizon=0.30 nodecap=0 over=0 card=0 exact=0 drop=0 cfgs= 24.2 L=0.06725 P=nan old=0.06249 new=0.06406 tgt=-0.006/0.491 pstd=0.370 capv=0.040 lr=1.0e-03 gen=0.1s conv=0.0s add=0.1s train=0.2s sps=0
[t= 154.2s] greedy ep411 games=  96 dec= 17725 rows= 17018 horizon=0.26 nodecap=0 over=0 card=0 exact=0 drop=0 cfgs= 24.9 L=0.06702 P=nan old=0.06806 new=0.06325 tgt=-0.056/0.537 pstd=0.347 capv=0.040 lr=1.0e-03 gen=0.1s conv=0.0s add=0.1s train=0.2s sps=0
[t= 154.6s] greedy ep412 games=  96 dec= 17881 rows= 17081 horizon=0.29 nodecap=0 over=0 card=0 exact=0 drop=0 cfgs= 23.4 L=0.06763 P=nan old=0.06800 new=0.05787 tgt=-0.014/0.495 pstd=0.364 capv=0.040 lr=1.0e-03 gen=0.1s conv=0.0s add=0.1s train=0.2s sps=0
[t= 155.0s] greedy ep413 games=  96 dec= 17732 rows= 16889 horizon=0.27 nodecap=0 over=0 card=0 exact=0 drop=0 cfgs= 25.1 L=0.06578 P=nan old=0.06467 new=0.06011 tgt=+0.010/0.499 pstd=0.365 capv=0.040 lr=1.0e-03 gen=0.1s conv=0.0s add=0.1s train=0.2s sps=0
[t= 155.4s] greedy ep414 games=  96 dec= 18392 rows= 17658 horizon=0.32 nodecap=0 over=0 card=0 exact=0 drop=0 cfgs= 24.2 L=0.06637 P=nan old=0.07010 new=0.06438 tgt=-0.054/0.498 pstd=0.349 capv=0.040 lr=1.0e-03 gen=0.1s conv=0.0s add=0.1s train=0.2s sps=0
[t= 155.8s] greedy ep415 games=  96 dec= 18001 rows= 17216 horizon=0.30 nodecap=0 over=0 card=0 exact=0 drop=0 cfgs= 25.2 L=0.06492 P=nan old=0.06599 new=0.06447 tgt=-0.034/0.497 pstd=0.344 capv=0.040 lr=1.0e-03 gen=0.1s conv=0.0s add=0.1s train=0.2s sps=0
[t= 156.1s] greedy ep416 games=  96 dec= 17197 rows= 16517 horizon=0.30 nodecap=0 over=0 card=0 exact=0 drop=0 cfgs= 23.5 L=0.06667 P=nan old=0.06616 new=0.06192 tgt=-0.025/0.497 pstd=0.342 capv=0.040 lr=1.0e-03 gen=0.1s conv=0.0s add=0.1s train=0.2s sps=0
[t= 156.5s] greedy ep417 games=  96 dec= 19318 rows= 18549 horizon=0.36 nodecap=0 over=0 card=0 exact=0 drop=0 cfgs= 22.9 L=0.06785 P=nan old=0.06461 new=0.06503 tgt=-0.017/0.466 pstd=0.347 capv=0.040 lr=1.0e-03 gen=0.1s conv=0.0s add=0.1s train=0.2s sps=0
[t= 156.9s] greedy ep418 games=  96 dec= 16649 rows= 15860 horizon=0.15 nodecap=0 over=0 card=0 exact=0 drop=0 cfgs= 27.3 L=0.06479 P=nan old=0.06752 new=0.06386 tgt=-0.018/0.540 pstd=0.341 capv=0.040 lr=1.0e-03 gen=0.1s conv=0.0s add=0.1s train=0.2s sps=0
[t= 157.3s] greedy ep419 games=  96 dec= 18494 rows= 17702 horizon=0.30 nodecap=0 over=0 card=0 exact=0 drop=0 cfgs= 24.5 L=0.06615 P=nan old=0.06186 new=0.06844 tgt=-0.009/0.490 pstd=0.345 capv=0.040 lr=1.0e-03 gen=0.1s conv=0.0s add=0.1s train=0.2s sps=0
[t= 157.7s] greedy ep420 games=  96 dec= 17920 rows= 17238 horizon=0.33 nodecap=0 over=0 card=0 exact=0 drop=0 cfgs= 26.3 L=0.06574 P=nan old=0.06658 new=0.06275 tgt=-0.025/0.488 pstd=0.352 capv=0.040 lr=1.0e-03 gen=0.1s conv=0.0s add=0.1s train=0.2s sps=0
[t= 158.1s] greedy ep421 games=  96 dec= 17101 rows= 16345 horizon=0.24 nodecap=0 over=0 card=0 exact=0 drop=0 cfgs= 26.5 L=0.06721 P=nan old=0.06799 new=0.06001 tgt=-0.030/0.505 pstd=0.354 capv=0.040 lr=1.0e-03 gen=0.1s conv=0.0s add=0.1s train=0.2s sps=0
[t= 158.5s] greedy ep422 games=  96 dec= 16992 rows= 16119 horizon=0.18 nodecap=0 over=0 card=0 exact=0 drop=0 cfgs= 25.4 L=0.06363 P=nan old=0.06216 new=0.05997 tgt=-0.056/0.555 pstd=0.373 capv=0.040 lr=1.0e-03 gen=0.1s conv=0.0s add=0.1s train=0.2s sps=0
[t= 158.9s] greedy ep423 games=  96 dec= 17632 rows= 16873 horizon=0.25 nodecap=0 over=0 card=0 exact=0 drop=0 cfgs= 24.3 L=0.06610 P=nan old=0.06611 new=0.06223 tgt=-0.001/0.503 pstd=0.356 capv=0.040 lr=1.0e-03 gen=0.1s conv=0.0s add=0.1s train=0.2s sps=0
[t= 159.2s] greedy ep424 games=  96 dec= 17929 rows= 17172 horizon=0.25 nodecap=0 over=0 card=0 exact=0 drop=0 cfgs= 24.2 L=0.06660 P=nan old=0.06270 new=0.06361 tgt=-0.038/0.527 pstd=0.343 capv=0.040 lr=1.0e-03 gen=0.1s conv=0.0s add=0.1s train=0.2s sps=0
[t= 159.6s] greedy ep425 games=  96 dec= 18364 rows= 17529 horizon=0.26 nodecap=0 over=0 card=0 exact=0 drop=0 cfgs= 24.6 L=0.06488 P=nan old=0.05920 new=0.06785 tgt=-0.054/0.519 pstd=0.347 capv=0.040 lr=1.0e-03 gen=0.1s conv=0.0s add=0.1s train=0.2s sps=0
[t= 160.1s] greedy ep426 games=  96 dec= 18395 rows= 17672 horizon=0.33 nodecap=0 over=0 card=0 exact=0 drop=0 cfgs= 27.3 L=0.06326 P=nan old=0.06856 new=0.05999 tgt=-0.013/0.464 pstd=0.335 capv=0.040 lr=1.0e-03 gen=0.1s conv=0.0s add=0.1s train=0.2s sps=0
[t= 160.5s] greedy ep427 games=  96 dec= 16926 rows= 16144 horizon=0.25 nodecap=0 over=0 card=0 exact=0 drop=0 cfgs= 28.7 L=0.06748 P=nan old=0.06332 new=0.05866 tgt=-0.048/0.550 pstd=0.353 capv=0.040 lr=1.0e-03 gen=0.1s conv=0.0s add=0.1s train=0.2s sps=0
[t= 160.9s] greedy ep428 games=  96 dec= 18220 rows= 17560 horizon=0.35 nodecap=0 over=0 card=0 exact=0 drop=0 cfgs= 24.5 L=0.06623 P=nan old=0.06353 new=0.05800 tgt=-0.019/0.463 pstd=0.349 capv=0.040 lr=1.0e-03 gen=0.1s conv=0.0s add=0.1s train=0.2s sps=0
[t= 161.2s] greedy ep429 games=  96 dec= 17557 rows= 16729 horizon=0.25 nodecap=0 over=0 card=0 exact=0 drop=0 cfgs= 24.2 L=0.06425 P=nan old=0.05993 new=0.06143 tgt=-0.057/0.521 pstd=0.364 capv=0.040 lr=1.0e-03 gen=0.1s conv=0.0s add=0.1s train=0.2s sps=0
[t= 161.6s] greedy ep430 games=  96 dec= 17739 rows= 16925 horizon=0.23 nodecap=0 over=0 card=0 exact=0 drop=0 cfgs= 25.4 L=0.06283 P=nan old=0.07195 new=0.06045 tgt=-0.031/0.524 pstd=0.364 capv=0.040 lr=1.0e-03 gen=0.1s conv=0.0s add=0.1s train=0.2s sps=0
[t= 162.0s] greedy ep431 games=  96 dec= 17646 rows= 16913 horizon=0.23 nodecap=0 over=0 card=0 exact=0 drop=0 cfgs= 26.9 L=0.06467 P=nan old=0.06999 new=0.06775 tgt=-0.020/0.532 pstd=0.352 capv=0.040 lr=1.0e-03 gen=0.1s conv=0.0s add=0.1s train=0.2s sps=0
[t= 162.4s] greedy ep432 games=  96 dec= 17273 rows= 16486 horizon=0.22 nodecap=0 over=0 card=0 exact=0 drop=0 cfgs= 26.9 L=0.06515 P=nan old=0.06610 new=0.06092 tgt=-0.023/0.502 pstd=0.352 capv=0.040 lr=1.0e-03 gen=0.1s conv=0.0s add=0.1s train=0.2s sps=0
[t= 162.8s] greedy ep433 games=  96 dec= 18280 rows= 17538 horizon=0.32 nodecap=0 over=0 card=0 exact=0 drop=0 cfgs= 26.1 L=0.06374 P=nan old=0.06484 new=0.06788 tgt=-0.050/0.494 pstd=0.359 capv=0.040 lr=1.0e-03 gen=0.1s conv=0.0s add=0.1s train=0.2s sps=0
[t= 163.2s] greedy ep434 games=  96 dec= 17340 rows= 16690 horizon=0.31 nodecap=0 over=0 card=0 exact=0 drop=0 cfgs= 27.0 L=0.06485 P=nan old=0.06414 new=0.06316 tgt=-0.050/0.495 pstd=0.364 capv=0.040 lr=1.0e-03 gen=0.1s conv=0.0s add=0.1s train=0.2s sps=0
[t= 163.5s] greedy ep435 games=  96 dec= 17046 rows= 16329 horizon=0.22 nodecap=0 over=0 card=0 exact=0 drop=0 cfgs= 25.9 L=0.06383 P=nan old=0.06057 new=0.06441 tgt=-0.007/0.526 pstd=0.367 capv=0.040 lr=1.0e-03 gen=0.1s conv=0.0s add=0.1s train=0.2s sps=0
[t= 164.0s] greedy ep436 games=  96 dec= 18537 rows= 17737 horizon=0.34 nodecap=0 over=0 card=0 exact=0 drop=0 cfgs= 26.5 L=0.06361 P=nan old=0.06817 new=0.05814 tgt=-0.037/0.514 pstd=0.373 capv=0.040 lr=1.0e-03 gen=0.1s conv=0.0s add=0.1s train=0.2s sps=0
[t= 164.4s] greedy ep437 games=  96 dec= 18635 rows= 17817 horizon=0.32 nodecap=0 over=0 card=0 exact=0 drop=0 cfgs= 23.1 L=0.06329 P=nan old=0.06561 new=0.06409 tgt=-0.016/0.454 pstd=0.346 capv=0.040 lr=1.0e-03 gen=0.1s conv=0.0s add=0.1s train=0.2s sps=0
[t= 164.8s] greedy ep438 games=  96 dec= 18613 rows= 17980 horizon=0.35 nodecap=0 over=0 card=0 exact=0 drop=0 cfgs= 25.1 L=0.06396 P=nan old=0.06059 new=0.05594 tgt=-0.023/0.511 pstd=0.356 capv=0.040 lr=1.0e-03 gen=0.1s conv=0.0s add=0.1s train=0.2s sps=0
[t= 165.2s] greedy ep439 games=  96 dec= 17732 rows= 16964 horizon=0.24 nodecap=0 over=0 card=0 exact=0 drop=0 cfgs= 24.2 L=0.06427 P=nan old=0.06510 new=0.05829 tgt=-0.039/0.493 pstd=0.358 capv=0.040 lr=1.0e-03 gen=0.1s conv=0.0s add=0.1s train=0.2s sps=0
[t= 165.6s] greedy ep440 games=  96 dec= 19119 rows= 18392 horizon=0.41 nodecap=0 over=0 card=0 exact=0 drop=0 cfgs= 23.0 L=0.06177 P=nan old=0.05887 new=0.05754 tgt=-0.045/0.465 pstd=0.345 capv=0.040 lr=1.0e-03 gen=0.1s conv=0.0s add=0.1s train=0.2s sps=0
[t= 166.0s] greedy ep441 games=  96 dec= 18003 rows= 17232 horizon=0.26 nodecap=0 over=0 card=0 exact=0 drop=0 cfgs= 27.1 L=0.06300 P=nan old=0.06339 new=0.06218 tgt=-0.004/0.499 pstd=0.358 capv=0.040 lr=1.0e-03 gen=0.1s conv=0.0s add=0.1s train=0.2s sps=0
[t= 166.4s] greedy ep442 games=  96 dec= 18644 rows= 17912 horizon=0.33 nodecap=0 over=0 card=0 exact=0 drop=0 cfgs= 23.1 L=0.06366 P=nan old=0.06171 new=0.06139 tgt=-0.018/0.468 pstd=0.353 capv=0.040 lr=1.0e-03 gen=0.1s conv=0.0s add=0.1s train=0.2s sps=0
[t= 166.8s] greedy ep443 games=  96 dec= 17533 rows= 16754 horizon=0.27 nodecap=0 over=0 card=0 exact=0 drop=0 cfgs= 25.3 L=0.06142 P=nan old=0.05967 new=0.05222 tgt=-0.041/0.506 pstd=0.358 capv=0.040 lr=1.0e-03 gen=0.1s conv=0.0s add=0.1s train=0.2s sps=0
[t= 167.2s] greedy ep444 games=  96 dec= 16741 rows= 16035 horizon=0.17 nodecap=0 over=0 card=0 exact=0 drop=0 cfgs= 26.7 L=0.06541 P=nan old=0.06590 new=0.06162 tgt=-0.026/0.505 pstd=0.374 capv=0.040 lr=1.0e-03 gen=0.1s conv=0.0s add=0.1s train=0.2s sps=0
[t= 167.6s] greedy ep445 games=  96 dec= 17555 rows= 16744 horizon=0.24 nodecap=0 over=0 card=0 exact=0 drop=0 cfgs= 24.7 L=0.06579 P=nan old=0.06272 new=0.06600 tgt=-0.012/0.516 pstd=0.378 capv=0.040 lr=1.0e-03 gen=0.1s conv=0.0s add=0.1s train=0.2s sps=0
[t= 168.0s] greedy ep446 games=  96 dec= 17874 rows= 17097 horizon=0.26 nodecap=0 over=0 card=0 exact=0 drop=0 cfgs= 25.9 L=0.06331 P=nan old=0.05880 new=0.05856 tgt=-0.035/0.502 pstd=0.354 capv=0.040 lr=1.0e-03 gen=0.1s conv=0.0s add=0.1s train=0.2s sps=0
[t= 168.4s] greedy ep447 games=  96 dec= 17221 rows= 16449 horizon=0.21 nodecap=0 over=0 card=0 exact=0 drop=0 cfgs= 26.5 L=0.06605 P=nan old=0.06150 new=0.06283 tgt=-0.047/0.516 pstd=0.382 capv=0.040 lr=1.0e-03 gen=0.1s conv=0.0s add=0.1s train=0.2s sps=0
[t= 168.7s] greedy ep448 games=  96 dec= 17329 rows= 16565 horizon=0.25 nodecap=0 over=0 card=0 exact=0 drop=0 cfgs= 25.5 L=0.06268 P=nan old=0.06506 new=0.06341 tgt=-0.025/0.523 pstd=0.334 capv=0.040 lr=1.0e-03 gen=0.1s conv=0.0s add=0.1s train=0.2s sps=0
[t= 169.1s] greedy ep449 games=  96 dec= 17360 rows= 16598 horizon=0.22 nodecap=0 over=0 card=0 exact=0 drop=0 cfgs= 26.8 L=0.06397 P=nan old=0.06516 new=0.06456 tgt=-0.066/0.543 pstd=0.351 capv=0.040 lr=1.0e-03 gen=0.1s conv=0.0s add=0.1s train=0.2s sps=0
[t= 169.5s] greedy ep450 games=  96 dec= 17940 rows= 17241 horizon=0.29 nodecap=0 over=0 card=0 exact=0 drop=0 cfgs= 24.7 L=0.06659 P=nan old=0.06479 new=0.06240 tgt=+0.010/0.494 pstd=0.360 capv=0.040 lr=1.0e-03 gen=0.1s conv=0.0s add=0.1s train=0.2s sps=0
[t= 169.9s] greedy ep451 games=  96 dec= 18722 rows= 17922 horizon=0.32 nodecap=0 over=0 card=0 exact=0 drop=0 cfgs= 23.1 L=0.06376 P=nan old=0.06634 new=0.05745 tgt=-0.046/0.497 pstd=0.352 capv=0.040 lr=1.0e-03 gen=0.1s conv=0.0s add=0.1s train=0.2s sps=0
[t= 170.3s] greedy ep452 games=  96 dec= 18680 rows= 17905 horizon=0.30 nodecap=0 over=0 card=0 exact=0 drop=0 cfgs= 23.6 L=0.06257 P=nan old=0.06361 new=0.06170 tgt=-0.026/0.491 pstd=0.360 capv=0.040 lr=1.0e-03 gen=0.1s conv=0.0s add=0.1s train=0.2s sps=0
[t= 170.7s] greedy ep453 games=  96 dec= 18392 rows= 17602 horizon=0.27 nodecap=0 over=0 card=0 exact=0 drop=0 cfgs= 26.8 L=0.06460 P=nan old=0.06350 new=0.06538 tgt=-0.078/0.526 pstd=0.353 capv=0.040 lr=1.0e-03 gen=0.1s conv=0.0s add=0.1s train=0.2s sps=0
[t= 171.1s] greedy ep454 games=  96 dec= 18144 rows= 17395 horizon=0.29 nodecap=0 over=0 card=0 exact=0 drop=0 cfgs= 26.0 L=0.06257 P=nan old=0.06358 new=0.06841 tgt=-0.063/0.504 pstd=0.376 capv=0.040 lr=1.0e-03 gen=0.1s conv=0.0s add=0.1s train=0.2s sps=0
[t= 171.5s] greedy ep455 games=  96 dec= 17853 rows= 17124 horizon=0.25 nodecap=0 over=0 card=0 exact=0 drop=0 cfgs= 27.1 L=0.06384 P=nan old=0.06355 new=0.06174 tgt=-0.055/0.536 pstd=0.377 capv=0.040 lr=1.0e-03 gen=0.1s conv=0.0s add=0.1s train=0.2s sps=0
[t= 171.9s] greedy ep456 games=  96 dec= 17825 rows= 17136 horizon=0.29 nodecap=0 over=0 card=0 exact=0 drop=0 cfgs= 23.9 L=0.06232 P=nan old=0.06690 new=0.06818 tgt=-0.003/0.506 pstd=0.367 capv=0.040 lr=1.0e-03 gen=0.1s conv=0.0s add=0.1s train=0.2s sps=0
[t= 172.3s] greedy ep457 games=  96 dec= 17538 rows= 16767 horizon=0.25 nodecap=0 over=0 card=0 exact=0 drop=0 cfgs= 25.2 L=0.06294 P=nan old=0.06296 new=0.05983 tgt=-0.048/0.508 pstd=0.368 capv=0.040 lr=1.0e-03 gen=0.1s conv=0.0s add=0.1s train=0.2s sps=0
[t= 172.7s] greedy ep458 games=  96 dec= 17742 rows= 17042 horizon=0.27 nodecap=0 over=0 card=0 exact=0 drop=0 cfgs= 25.1 L=0.06342 P=nan old=0.06457 new=0.06187 tgt=-0.036/0.506 pstd=0.357 capv=0.040 lr=1.0e-03 gen=0.1s conv=0.0s add=0.1s train=0.2s sps=0
[t= 173.1s] greedy ep459 games=  96 dec= 17541 rows= 16808 horizon=0.25 nodecap=0 over=0 card=0 exact=0 drop=0 cfgs= 25.1 L=0.06442 P=nan old=0.06395 new=0.05729 tgt=-0.025/0.505 pstd=0.373 capv=0.040 lr=1.0e-03 gen=0.1s conv=0.0s add=0.1s train=0.2s sps=0
[t= 173.5s] greedy ep460 games=  96 dec= 18667 rows= 17914 horizon=0.31 nodecap=0 over=0 card=0 exact=0 drop=0 cfgs= 23.3 L=0.06235 P=nan old=0.06591 new=0.05822 tgt=-0.028/0.515 pstd=0.375 capv=0.040 lr=1.0e-03 gen=0.1s conv=0.0s add=0.1s train=0.2s sps=0
[t= 173.9s] greedy ep461 games=  96 dec= 17346 rows= 16618 horizon=0.25 nodecap=0 over=0 card=0 exact=0 drop=0 cfgs= 25.3 L=0.06273 P=nan old=0.05821 new=0.05783 tgt=-0.042/0.534 pstd=0.398 capv=0.040 lr=1.0e-03 gen=0.1s conv=0.0s add=0.1s train=0.2s sps=0
[t= 174.3s] greedy ep462 games=  96 dec= 17837 rows= 17122 horizon=0.26 nodecap=0 over=0 card=0 exact=0 drop=0 cfgs= 24.4 L=0.06316 P=nan old=0.06089 new=0.06752 tgt=-0.060/0.497 pstd=0.381 capv=0.040 lr=1.0e-03 gen=0.1s conv=0.0s add=0.1s train=0.2s sps=0
[t= 174.6s] greedy ep463 games=  96 dec= 16977 rows= 16255 horizon=0.24 nodecap=0 over=0 card=0 exact=0 drop=0 cfgs= 25.4 L=0.06248 P=nan old=0.06233 new=0.06344 tgt=-0.059/0.534 pstd=0.392 capv=0.040 lr=1.0e-03 gen=0.1s conv=0.0s add=0.1s train=0.2s sps=0
[t= 175.0s] greedy ep464 games=  96 dec= 17707 rows= 16957 horizon=0.27 nodecap=0 over=0 card=0 exact=0 drop=0 cfgs= 27.2 L=0.06192 P=nan old=0.06162 new=0.05517 tgt=-0.002/0.495 pstd=0.388 capv=0.040 lr=1.0e-03 gen=0.1s conv=0.0s add=0.1s train=0.2s sps=0
[t= 175.4s] greedy ep465 games=  96 dec= 18283 rows= 17512 horizon=0.34 nodecap=0 over=0 card=0 exact=0 drop=0 cfgs= 22.2 L=0.06466 P=nan old=0.05987 new=0.05936 tgt=-0.025/0.506 pstd=0.392 capv=0.040 lr=1.0e-03 gen=0.1s conv=0.0s add=0.1s train=0.2s sps=0
[t= 175.9s] greedy ep466 games=  96 dec= 18231 rows= 17458 horizon=0.31 nodecap=0 over=0 card=0 exact=0 drop=0 cfgs= 24.2 L=0.06360 P=nan old=0.05971 new=0.06574 tgt=-0.017/0.477 pstd=0.402 capv=0.040 lr=1.0e-03 gen=0.1s conv=0.0s add=0.1s train=0.2s sps=0
[t= 176.3s] greedy ep467 games=  96 dec= 17922 rows= 17222 horizon=0.27 nodecap=0 over=0 card=0 exact=0 drop=0 cfgs= 25.8 L=0.06166 P=nan old=0.06292 new=0.05849 tgt=-0.033/0.501 pstd=0.388 capv=0.040 lr=1.0e-03 gen=0.1s conv=0.0s add=0.1s train=0.2s sps=0
[t= 176.7s] greedy ep468 games=  96 dec= 18272 rows= 17596 horizon=0.38 nodecap=0 over=0 card=0 exact=0 drop=0 cfgs= 25.7 L=0.06182 P=nan old=0.06267 new=0.05936 tgt=-0.074/0.500 pstd=0.378 capv=0.040 lr=1.0e-03 gen=0.1s conv=0.0s add=0.1s train=0.2s sps=0
[t= 177.1s] greedy ep469 games=  96 dec= 17153 rows= 16345 horizon=0.22 nodecap=0 over=0 card=0 exact=0 drop=0 cfgs= 27.1 L=0.05993 P=nan old=0.05760 new=0.05407 tgt=-0.071/0.550 pstd=0.381 capv=0.040 lr=1.0e-03 gen=0.1s conv=0.0s add=0.1s train=0.2s sps=0
[t= 177.4s] greedy ep470 games=  96 dec= 17700 rows= 16962 horizon=0.31 nodecap=0 over=0 card=0 exact=0 drop=0 cfgs= 25.5 L=0.06197 P=nan old=0.06170 new=0.05897 tgt=-0.037/0.503 pstd=0.387 capv=0.040 lr=1.0e-03 gen=0.1s conv=0.0s add=0.1s train=0.2s sps=0
[t= 177.8s] greedy ep471 games=  96 dec= 17964 rows= 17164 horizon=0.26 nodecap=0 over=0 card=0 exact=0 drop=0 cfgs= 24.5 L=0.06107 P=nan old=0.06162 new=0.05741 tgt=-0.065/0.524 pstd=0.392 capv=0.040 lr=1.0e-03 gen=0.1s conv=0.0s add=0.1s train=0.2s sps=0
[t= 178.2s] greedy ep472 games=  96 dec= 18303 rows= 17548 horizon=0.32 nodecap=0 over=0 card=0 exact=0 drop=0 cfgs= 25.6 L=0.06121 P=nan old=0.06168 new=0.06097 tgt=-0.055/0.501 pstd=0.412 capv=0.040 lr=1.0e-03 gen=0.1s conv=0.0s add=0.1s train=0.2s sps=0
[t= 178.6s] greedy ep473 games=  96 dec= 17478 rows= 16729 horizon=0.24 nodecap=0 over=0 card=0 exact=0 drop=0 cfgs= 25.6 L=0.06220 P=nan old=0.06147 new=0.05457 tgt=-0.033/0.502 pstd=0.404 capv=0.040 lr=1.0e-03 gen=0.1s conv=0.0s add=0.1s train=0.2s sps=0
[t= 178.9s] greedy ep474 games=  96 dec= 17838 rows= 17054 horizon=0.25 nodecap=0 over=0 card=0 exact=0 drop=0 cfgs= 23.3 L=0.06116 P=nan old=0.05574 new=0.05916 tgt=-0.018/0.489 pstd=0.406 capv=0.040 lr=1.0e-03 gen=0.1s conv=0.0s add=0.0s train=0.2s sps=0
[t= 179.3s] greedy ep475 games=  96 dec= 17869 rows= 17054 horizon=0.24 nodecap=0 over=0 card=0 exact=0 drop=0 cfgs= 26.2 L=0.06394 P=nan old=0.06010 new=0.06021 tgt=-0.025/0.511 pstd=0.426 capv=0.040 lr=1.0e-03 gen=0.1s conv=0.0s add=0.1s train=0.2s sps=0
[t= 179.7s] greedy ep476 games=  96 dec= 17326 rows= 16623 horizon=0.24 nodecap=0 over=0 card=0 exact=0 drop=0 cfgs= 26.4 L=0.06334 P=nan old=0.06113 new=0.06726 tgt=-0.062/0.507 pstd=0.395 capv=0.040 lr=1.0e-03 gen=0.1s conv=0.0s add=0.1s train=0.2s sps=0
[t= 180.0s] greedy ep477 games=  96 dec= 17724 rows= 16942 horizon=0.27 nodecap=0 over=0 card=0 exact=0 drop=0 cfgs= 23.4 L=0.06108 P=nan old=0.06099 new=0.05805 tgt=-0.034/0.488 pstd=0.398 capv=0.040 lr=1.0e-03 gen=0.1s conv=0.0s add=0.1s train=0.2s sps=0
[t= 180.4s] greedy ep478 games=  96 dec= 18536 rows= 17728 horizon=0.32 nodecap=0 over=0 card=0 exact=0 drop=0 cfgs= 23.9 L=0.06441 P=nan old=0.06156 new=0.06220 tgt=-0.049/0.477 pstd=0.385 capv=0.040 lr=1.0e-03 gen=0.1s conv=0.0s add=0.1s train=0.2s sps=0
[t= 180.8s] greedy ep479 games=  96 dec= 18318 rows= 17586 horizon=0.33 nodecap=0 over=0 card=0 exact=0 drop=0 cfgs= 26.3 L=0.06146 P=nan old=0.05475 new=0.05779 tgt=-0.055/0.490 pstd=0.377 capv=0.040 lr=1.0e-03 gen=0.1s conv=0.0s add=0.1s train=0.2s sps=0
[t= 181.3s] greedy ep480 games=  96 dec= 16529 rows= 15858 horizon=0.22 nodecap=0 over=0 card=0 exact=0 drop=0 cfgs= 24.9 L=0.06063 P=nan old=0.05601 new=0.05968 tgt=-0.040/0.535 pstd=0.413 capv=0.040 lr=1.0e-03 gen=0.1s conv=0.0s add=0.1s train=0.2s sps=0
[t= 181.7s] greedy ep481 games=  96 dec= 18484 rows= 17644 horizon=0.31 nodecap=0 over=0 card=0 exact=0 drop=0 cfgs= 25.2 L=0.06148 P=nan old=0.05749 new=0.05433 tgt=-0.025/0.493 pstd=0.394 capv=0.040 lr=1.0e-03 gen=0.1s conv=0.0s add=0.1s train=0.2s sps=0
[t= 182.0s] greedy ep482 games=  96 dec= 17410 rows= 16566 horizon=0.21 nodecap=0 over=0 card=0 exact=0 drop=0 cfgs= 26.1 L=0.06056 P=nan old=0.05544 new=0.06215 tgt=-0.046/0.529 pstd=0.407 capv=0.040 lr=1.0e-03 gen=0.1s conv=0.0s add=0.1s train=0.2s sps=0
[t= 182.4s] greedy ep483 games=  96 dec= 19434 rows= 18620 horizon=0.39 nodecap=0 over=0 card=0 exact=0 drop=0 cfgs= 23.1 L=0.05989 P=nan old=0.05603 new=0.05781 tgt=-0.038/0.482 pstd=0.418 capv=0.040 lr=1.0e-03 gen=0.1s conv=0.0s add=0.1s train=0.2s sps=0
[t= 182.8s] greedy ep484 games=  96 dec= 17575 rows= 16925 horizon=0.30 nodecap=0 over=0 card=0 exact=0 drop=0 cfgs= 25.9 L=0.06107 P=nan old=0.06053 new=0.06167 tgt=-0.032/0.525 pstd=0.396 capv=0.040 lr=1.0e-03 gen=0.1s conv=0.0s add=0.1s train=0.2s sps=0
[t= 183.2s] greedy ep485 games=  96 dec= 17412 rows= 16709 horizon=0.29 nodecap=0 over=0 card=0 exact=0 drop=0 cfgs= 26.9 L=0.06068 P=nan old=0.06053 new=0.05576 tgt=-0.044/0.498 pstd=0.419 capv=0.040 lr=1.0e-03 gen=0.1s conv=0.0s add=0.1s train=0.2s sps=0
[t= 183.5s] greedy ep486 games=  96 dec= 18062 rows= 17287 horizon=0.26 nodecap=0 over=0 card=0 exact=0 drop=0 cfgs= 25.5 L=0.06192 P=nan old=0.05912 new=0.05315 tgt=-0.015/0.492 pstd=0.414 capv=0.040 lr=1.0e-03 gen=0.1s conv=0.0s add=0.1s train=0.2s sps=0
[t= 183.9s] greedy ep487 games=  96 dec= 17866 rows= 17066 horizon=0.25 nodecap=0 over=0 card=0 exact=0 drop=0 cfgs= 25.1 L=0.06309 P=nan old=0.05826 new=0.06372 tgt=+0.001/0.503 pstd=0.419 capv=0.040 lr=1.0e-03 gen=0.1s conv=0.0s add=0.1s train=0.2s sps=0
[t= 184.3s] greedy ep488 games=  96 dec= 18773 rows= 17955 horizon=0.30 nodecap=0 over=0 card=0 exact=0 drop=0 cfgs= 26.3 L=0.06303 P=nan old=0.06474 new=0.06133 tgt=-0.035/0.487 pstd=0.433 capv=0.040 lr=1.0e-03 gen=0.1s conv=0.0s add=0.1s train=0.2s sps=0
[t= 184.6s] greedy ep489 games=  96 dec= 17223 rows= 16517 horizon=0.25 nodecap=0 over=0 card=0 exact=0 drop=0 cfgs= 25.9 L=0.06284 P=nan old=0.05891 new=0.05803 tgt=-0.059/0.525 pstd=0.414 capv=0.040 lr=1.0e-03 gen=0.1s conv=0.0s add=0.1s train=0.2s sps=0
[t= 185.0s] greedy ep490 games=  96 dec= 18297 rows= 17542 horizon=0.28 nodecap=0 over=0 card=0 exact=0 drop=0 cfgs= 26.9 L=0.06135 P=nan old=0.05673 new=0.05675 tgt=-0.051/0.529 pstd=0.401 capv=0.040 lr=1.0e-03 gen=0.1s conv=0.0s add=0.1s train=0.2s sps=0
[t= 185.4s] greedy ep491 games=  96 dec= 17808 rows= 17017 horizon=0.28 nodecap=0 over=0 card=0 exact=0 drop=0 cfgs= 25.3 L=0.06027 P=nan old=0.06077 new=0.06019 tgt=-0.030/0.510 pstd=0.427 capv=0.040 lr=1.0e-03 gen=0.1s conv=0.0s add=0.1s train=0.2s sps=0
[t= 185.8s] greedy ep492 games=  96 dec= 17905 rows= 17097 horizon=0.26 nodecap=0 over=0 card=0 exact=0 drop=0 cfgs= 24.4 L=0.06161 P=nan old=0.06262 new=0.06190 tgt=-0.037/0.522 pstd=0.412 capv=0.040 lr=1.0e-03 gen=0.1s conv=0.0s add=0.1s train=0.2s sps=0
[t= 186.2s] greedy ep493 games=  96 dec= 18364 rows= 17500 horizon=0.28 nodecap=0 over=0 card=0 exact=0 drop=0 cfgs= 26.3 L=0.06026 P=nan old=0.06080 new=0.05769 tgt=-0.037/0.508 pstd=0.411 capv=0.040 lr=1.0e-03 gen=0.1s conv=0.0s add=0.1s train=0.2s sps=0
[t= 186.6s] greedy ep494 games=  96 dec= 18358 rows= 17713 horizon=0.36 nodecap=0 over=0 card=0 exact=0 drop=0 cfgs= 22.7 L=0.06006 P=nan old=0.05650 new=0.05785 tgt=-0.011/0.486 pstd=0.390 capv=0.040 lr=1.0e-03 gen=0.1s conv=0.0s add=0.1s train=0.2s sps=0
[t= 186.9s] greedy ep495 games=  96 dec= 17835 rows= 17116 horizon=0.29 nodecap=0 over=0 card=0 exact=0 drop=0 cfgs= 24.7 L=0.05915 P=nan old=0.05785 new=0.06084 tgt=-0.041/0.509 pstd=0.397 capv=0.040 lr=1.0e-03 gen=0.1s conv=0.0s add=0.1s train=0.2s sps=0
[t= 187.3s] greedy ep496 games=  96 dec= 17419 rows= 16638 horizon=0.18 nodecap=0 over=0 card=0 exact=0 drop=0 cfgs= 26.2 L=0.06343 P=nan old=0.06012 new=0.06033 tgt=-0.054/0.561 pstd=0.392 capv=0.040 lr=1.0e-03 gen=0.1s conv=0.0s add=0.1s train=0.2s sps=0
[t= 187.7s] greedy ep497 games=  96 dec= 17087 rows= 16368 horizon=0.21 nodecap=0 over=0 card=0 exact=0 drop=0 cfgs= 27.7 L=0.05991 P=nan old=0.05924 new=0.06127 tgt=-0.027/0.537 pstd=0.395 capv=0.040 lr=1.0e-03 gen=0.1s conv=0.0s add=0.1s train=0.2s sps=0
[t= 188.0s] greedy ep498 games=  96 dec= 17768 rows= 17037 horizon=0.28 nodecap=0 over=0 card=0 exact=0 drop=0 cfgs= 26.6 L=0.06132 P=nan old=0.05678 new=0.06026 tgt=-0.052/0.505 pstd=0.386 capv=0.040 lr=1.0e-03 gen=0.1s conv=0.0s add=0.1s train=0.2s sps=0
[t= 188.4s] greedy ep499 games=  96 dec= 18300 rows= 17611 horizon=0.36 nodecap=0 over=0 card=0 exact=0 drop=0 cfgs= 23.4 L=0.06041 P=nan old=0.06488 new=0.06124 tgt=-0.028/0.489 pstd=0.402 capv=0.040 lr=1.0e-03 gen=0.1s conv=0.0s add=0.1s train=0.2s sps=0
[t= 188.8s] greedy ep500 games=  96 dec= 17458 rows= 16677 horizon=0.23 nodecap=0 over=0 card=0 exact=0 drop=0 cfgs= 26.5 L=0.05983 P=nan old=0.05751 new=0.06155 tgt=-0.034/0.512 pstd=0.392 capv=0.040 lr=1.0e-03 gen=0.1s conv=0.0s add=0.1s train=0.2s sps=0
[t= 189.2s] greedy ep501 games=  96 dec= 18912 rows= 18129 horizon=0.35 nodecap=0 over=0 card=0 exact=0 drop=0 cfgs= 23.1 L=0.06097 P=nan old=0.06368 new=0.06128 tgt=-0.016/0.473 pstd=0.377 capv=0.040 lr=1.0e-03 gen=0.1s conv=0.0s add=0.1s train=0.2s sps=0
[t= 189.6s] greedy ep502 games=  96 dec= 17249 rows= 16499 horizon=0.24 nodecap=0 over=0 card=0 exact=0 drop=0 cfgs= 27.1 L=0.06163 P=nan old=0.05869 new=0.06179 tgt=-0.024/0.523 pstd=0.371 capv=0.040 lr=1.0e-03 gen=0.1s conv=0.0s add=0.1s train=0.2s sps=0
[t= 189.9s] greedy ep503 games=  96 dec= 17803 rows= 17097 horizon=0.34 nodecap=0 over=0 card=0 exact=0 drop=0 cfgs= 24.3 L=0.05917 P=nan old=0.05858 new=0.06479 tgt=-0.061/0.504 pstd=0.398 capv=0.040 lr=1.0e-03 gen=0.1s conv=0.0s add=0.1s train=0.2s sps=0
[t= 190.3s] greedy ep504 games=  96 dec= 17263 rows= 16481 horizon=0.23 nodecap=0 over=0 card=0 exact=0 drop=0 cfgs= 26.5 L=0.06124 P=nan old=0.05706 new=0.05834 tgt=-0.040/0.529 pstd=0.388 capv=0.040 lr=1.0e-03 gen=0.1s conv=0.0s add=0.1s train=0.2s sps=0
[t= 190.7s] greedy ep505 games=  96 dec= 18151 rows= 17303 horizon=0.28 nodecap=0 over=0 card=0 exact=0 drop=0 cfgs= 24.3 L=0.06094 P=nan old=0.05648 new=0.05681 tgt=-0.040/0.477 pstd=0.382 capv=0.040 lr=1.0e-03 gen=0.1s conv=0.0s add=0.1s train=0.2s sps=0
[t= 191.1s] greedy ep506 games=  96 dec= 18642 rows= 17838 horizon=0.34 nodecap=0 over=0 card=0 exact=0 drop=0 cfgs= 25.3 L=0.05882 P=nan old=0.05647 new=0.05773 tgt=-0.020/0.486 pstd=0.402 capv=0.040 lr=1.0e-03 gen=0.1s conv=0.0s add=0.1s train=0.2s sps=0
[t= 191.4s] greedy ep507 games=  96 dec= 16700 rows= 16032 horizon=0.25 nodecap=0 over=0 card=0 exact=0 drop=0 cfgs= 24.9 L=0.05887 P=nan old=0.05750 new=0.06061 tgt=-0.032/0.517 pstd=0.402 capv=0.040 lr=1.0e-03 gen=0.1s conv=0.0s add=0.1s train=0.2s sps=0
[t= 191.8s] greedy ep508 games=  96 dec= 17949 rows= 17275 horizon=0.30 nodecap=0 over=0 card=0 exact=0 drop=0 cfgs= 24.2 L=0.05950 P=nan old=0.05466 new=0.06281 tgt=-0.020/0.503 pstd=0.389 capv=0.040 lr=1.0e-03 gen=0.1s conv=0.0s add=0.1s train=0.2s sps=0
[t= 192.2s] greedy ep509 games=  96 dec= 17505 rows= 16752 horizon=0.25 nodecap=0 over=0 card=0 exact=0 drop=0 cfgs= 28.6 L=0.05837 P=nan old=0.05971 new=0.05880 tgt=-0.048/0.501 pstd=0.391 capv=0.040 lr=1.0e-03 gen=0.1s conv=0.0s add=0.1s train=0.2s sps=0
[t= 192.6s] greedy ep510 games=  96 dec= 18597 rows= 17876 horizon=0.32 nodecap=0 over=0 card=0 exact=0 drop=0 cfgs= 25.3 L=0.05748 P=nan old=0.05549 new=0.06272 tgt=-0.039/0.486 pstd=0.412 capv=0.040 lr=1.0e-03 gen=0.1s conv=0.0s add=0.1s train=0.2s sps=0
[t= 193.0s] greedy ep511 games=  96 dec= 17390 rows= 16676 horizon=0.25 nodecap=0 over=0 card=0 exact=0 drop=0 cfgs= 27.8 L=0.05923 P=nan old=0.05918 new=0.05331 tgt=-0.066/0.513 pstd=0.397 capv=0.040 lr=1.0e-03 gen=0.1s conv=0.0s add=0.1s train=0.2s sps=0
[t= 193.3s] greedy ep512 games=  96 dec= 17829 rows= 17050 horizon=0.26 nodecap=0 over=0 card=0 exact=0 drop=0 cfgs= 25.2 L=0.05667 P=nan old=0.05361 new=0.06587 tgt=-0.048/0.532 pstd=0.402 capv=0.040 lr=1.0e-03 gen=0.1s conv=0.0s add=0.1s train=0.2s sps=0
[t= 193.7s] greedy ep513 games=  96 dec= 18302 rows= 17536 horizon=0.31 nodecap=0 over=0 card=0 exact=0 drop=0 cfgs= 24.6 L=0.05937 P=nan old=0.05602 new=0.06352 tgt=-0.045/0.499 pstd=0.404 capv=0.040 lr=1.0e-03 gen=0.1s conv=0.0s add=0.1s train=0.2s sps=0
[t= 194.1s] greedy ep514 games=  96 dec= 18237 rows= 17492 horizon=0.26 nodecap=0 over=0 card=0 exact=0 drop=0 cfgs= 25.4 L=0.05837 P=nan old=0.05761 new=0.06212 tgt=-0.043/0.511 pstd=0.384 capv=0.040 lr=1.0e-03 gen=0.1s conv=0.0s add=0.1s train=0.2s sps=0
[t= 194.5s] greedy ep515 games=  96 dec= 18063 rows= 17295 horizon=0.30 nodecap=0 over=0 card=0 exact=0 drop=0 cfgs= 25.5 L=0.06262 P=nan old=0.05561 new=0.05597 tgt=-0.001/0.486 pstd=0.402 capv=0.040 lr=1.0e-03 gen=0.1s conv=0.0s add=0.1s train=0.2s sps=0
[t= 194.9s] greedy ep516 games=  96 dec= 16965 rows= 16251 horizon=0.27 nodecap=0 over=0 card=0 exact=0 drop=0 cfgs= 24.8 L=0.05942 P=nan old=0.05891 new=0.06150 tgt=-0.060/0.522 pstd=0.429 capv=0.040 lr=1.0e-03 gen=0.1s conv=0.0s add=0.1s train=0.2s sps=0
[t= 195.3s] greedy ep517 games=  96 dec= 18329 rows= 17558 horizon=0.25 nodecap=0 over=0 card=0 exact=0 drop=0 cfgs= 24.2 L=0.05977 P=nan old=0.06282 new=0.05703 tgt=-0.024/0.508 pstd=0.392 capv=0.040 lr=1.0e-03 gen=0.1s conv=0.0s add=0.1s train=0.2s sps=0
[t= 195.7s] greedy ep518 games=  96 dec= 17204 rows= 16469 horizon=0.25 nodecap=0 over=0 card=0 exact=0 drop=0 cfgs= 25.2 L=0.05665 P=nan old=0.05609 new=0.05948 tgt=-0.046/0.509 pstd=0.406 capv=0.040 lr=1.0e-03 gen=0.1s conv=0.0s add=0.1s train=0.2s sps=0
[t= 196.0s] greedy ep519 games=  96 dec= 17969 rows= 17205 horizon=0.31 nodecap=0 over=0 card=0 exact=0 drop=0 cfgs= 26.7 L=0.05704 P=nan old=0.05744 new=0.05944 tgt=-0.054/0.516 pstd=0.380 capv=0.040 lr=1.0e-03 gen=0.1s conv=0.0s add=0.1s train=0.2s sps=0
[t= 196.4s] greedy ep520 games=  96 dec= 17506 rows= 16686 horizon=0.24 nodecap=0 over=0 card=0 exact=0 drop=0 cfgs= 25.4 L=0.06121 P=nan old=0.05661 new=0.05349 tgt=-0.026/0.495 pstd=0.391 capv=0.040 lr=1.0e-03 gen=0.1s conv=0.0s add=0.1s train=0.2s sps=0
[t= 196.8s] greedy ep521 games=  96 dec= 19156 rows= 18325 horizon=0.32 nodecap=0 over=0 card=0 exact=0 drop=0 cfgs= 22.6 L=0.05823 P=nan old=0.05533 new=0.05798 tgt=-0.043/0.514 pstd=0.386 capv=0.040 lr=1.0e-03 gen=0.1s conv=0.0s add=0.1s train=0.2s sps=0
[t= 197.2s] greedy ep522 games=  96 dec= 17101 rows= 16339 horizon=0.21 nodecap=0 over=0 card=0 exact=0 drop=0 cfgs= 26.2 L=0.05901 P=nan old=0.05665 new=0.05919 tgt=-0.065/0.517 pstd=0.389 capv=0.040 lr=1.0e-03 gen=0.1s conv=0.0s add=0.1s train=0.2s sps=0
[t= 197.5s] greedy ep523 games=  96 dec= 17847 rows= 17153 horizon=0.32 nodecap=0 over=0 card=0 exact=0 drop=0 cfgs= 24.3 L=0.05865 P=nan old=0.05638 new=0.06204 tgt=-0.026/0.479 pstd=0.408 capv=0.040 lr=1.0e-03 gen=0.1s conv=0.0s add=0.1s train=0.2s sps=0
[t= 197.9s] greedy ep524 games=  96 dec= 18228 rows= 17396 horizon=0.30 nodecap=0 over=0 card=0 exact=0 drop=0 cfgs= 25.3 L=0.05902 P=nan old=0.05609 new=0.05736 tgt=-0.049/0.495 pstd=0.409 capv=0.040 lr=1.0e-03 gen=0.1s conv=0.0s add=0.1s train=0.2s sps=0
[t= 198.3s] greedy ep525 games=  96 dec= 16934 rows= 16124 horizon=0.17 nodecap=0 over=0 card=0 exact=0 drop=0 cfgs= 25.5 L=0.05938 P=nan old=0.05757 new=0.05858 tgt=-0.025/0.544 pstd=0.391 capv=0.040 lr=1.0e-03 gen=0.1s conv=0.0s add=0.1s train=0.2s sps=0
[t= 198.7s] greedy ep526 games=  96 dec= 17785 rows= 17026 horizon=0.26 nodecap=0 over=0 card=0 exact=0 drop=0 cfgs= 28.2 L=0.05884 P=nan old=0.05591 new=0.05888 tgt=-0.012/0.510 pstd=0.404 capv=0.040 lr=1.0e-03 gen=0.1s conv=0.0s add=0.1s train=0.2s sps=0
[t= 199.1s] greedy ep527 games=  96 dec= 17671 rows= 16920 horizon=0.26 nodecap=0 over=0 card=0 exact=0 drop=0 cfgs= 26.8 L=0.06033 P=nan old=0.05047 new=0.06274 tgt=-0.026/0.492 pstd=0.396 capv=0.040 lr=1.0e-03 gen=0.1s conv=0.0s add=0.1s train=0.2s sps=0
[t= 199.4s] greedy ep528 games=  96 dec= 17890 rows= 17057 horizon=0.28 nodecap=0 over=0 card=0 exact=0 drop=0 cfgs= 26.1 L=0.06030 P=nan old=0.05707 new=0.05136 tgt=-0.027/0.481 pstd=0.413 capv=0.040 lr=1.0e-03 gen=0.1s conv=0.0s add=0.1s train=0.2s sps=0
[t= 199.8s] greedy ep529 games=  96 dec= 16569 rows= 15906 horizon=0.19 nodecap=0 over=0 card=0 exact=0 drop=0 cfgs= 25.1 L=0.05908 P=nan old=0.05491 new=0.06041 tgt=-0.031/0.515 pstd=0.389 capv=0.040 lr=1.0e-03 gen=0.1s conv=0.0s add=0.1s train=0.2s sps=0
[t= 200.2s] greedy ep530 games=  96 dec= 17642 rows= 16856 horizon=0.23 nodecap=0 over=0 card=0 exact=0 drop=0 cfgs= 27.6 L=0.05915 P=nan old=0.05501 new=0.06131 tgt=-0.057/0.537 pstd=0.417 capv=0.040 lr=1.0e-03 gen=0.1s conv=0.0s add=0.1s train=0.2s sps=0
[t= 200.6s] greedy ep531 games=  96 dec= 18389 rows= 17568 horizon=0.31 nodecap=0 over=0 card=0 exact=0 drop=0 cfgs= 23.8 L=0.05888 P=nan old=0.05469 new=0.05855 tgt=-0.035/0.485 pstd=0.411 capv=0.040 lr=1.0e-03 gen=0.1s conv=0.0s add=0.1s train=0.2s sps=0
[t= 201.0s] greedy ep532 games=  96 dec= 18158 rows= 17291 horizon=0.30 nodecap=0 over=0 card=0 exact=0 drop=0 cfgs= 23.5 L=0.05715 P=nan old=0.05629 new=0.05159 tgt=-0.021/0.497 pstd=0.410 capv=0.040 lr=1.0e-03 gen=0.1s conv=0.0s add=0.1s train=0.2s sps=0
[t= 201.4s] greedy ep533 games=  96 dec= 17034 rows= 16336 horizon=0.24 nodecap=0 over=0 card=0 exact=0 drop=0 cfgs= 27.3 L=0.05861 P=nan old=0.05188 new=0.05654 tgt=-0.099/0.529 pstd=0.384 capv=0.040 lr=1.0e-03 gen=0.1s conv=0.0s add=0.1s train=0.2s sps=0
[t= 201.8s] greedy ep534 games=  96 dec= 18356 rows= 17636 horizon=0.33 nodecap=0 over=0 card=0 exact=0 drop=0 cfgs= 25.9 L=0.05921 P=nan old=0.05790 new=0.05827 tgt=-0.023/0.494 pstd=0.378 capv=0.040 lr=1.0e-03 gen=0.1s conv=0.0s add=0.1s train=0.2s sps=0
[t= 202.2s] greedy ep535 games=  96 dec= 18660 rows= 17796 horizon=0.27 nodecap=0 over=0 card=0 exact=0 drop=0 cfgs= 25.6 L=0.06033 P=nan old=0.05825 new=0.06030 tgt=-0.047/0.504 pstd=0.394 capv=0.040 lr=1.0e-03 gen=0.1s conv=0.0s add=0.1s train=0.2s sps=0
[t= 202.6s] greedy ep536 games=  96 dec= 18531 rows= 17749 horizon=0.33 nodecap=0 over=0 card=0 exact=0 drop=0 cfgs= 25.2 L=0.05861 P=nan old=0.05720 new=0.05739 tgt=-0.035/0.493 pstd=0.397 capv=0.040 lr=1.0e-03 gen=0.1s conv=0.0s add=0.1s train=0.2s sps=0
[t= 203.0s] greedy ep537 games=  96 dec= 17950 rows= 17196 horizon=0.27 nodecap=0 over=0 card=0 exact=0 drop=0 cfgs= 26.7 L=0.05708 P=nan old=0.05668 new=0.05996 tgt=-0.027/0.495 pstd=0.401 capv=0.040 lr=1.0e-03 gen=0.1s conv=0.0s add=0.1s train=0.2s sps=0
[t= 203.3s] greedy ep538 games=  96 dec= 17528 rows= 16791 horizon=0.25 nodecap=0 over=0 card=0 exact=0 drop=0 cfgs= 26.1 L=0.05892 P=nan old=0.06051 new=0.05343 tgt=-0.016/0.488 pstd=0.385 capv=0.040 lr=1.0e-03 gen=0.1s conv=0.0s add=0.1s train=0.2s sps=0
[t= 203.7s] greedy ep539 games=  96 dec= 17965 rows= 17220 horizon=0.26 nodecap=0 over=0 card=0 exact=0 drop=0 cfgs= 26.0 L=0.05863 P=nan old=0.05767 new=0.05570 tgt=-0.004/0.504 pstd=0.386 capv=0.040 lr=1.0e-03 gen=0.1s conv=0.0s add=0.1s train=0.2s sps=0
[t= 204.1s] greedy ep540 games=  96 dec= 18132 rows= 17301 horizon=0.27 nodecap=0 over=0 card=0 exact=0 drop=0 cfgs= 24.7 L=0.05845 P=nan old=0.05793 new=0.05649 tgt=+0.006/0.470 pstd=0.387 capv=0.040 lr=1.0e-03 gen=0.1s conv=0.0s add=0.1s train=0.2s sps=0
[t= 204.5s] greedy ep541 games=  96 dec= 16573 rows= 15852 horizon=0.16 nodecap=0 over=0 card=0 exact=0 drop=0 cfgs= 27.6 L=0.06032 P=nan old=0.05784 new=0.05736 tgt=-0.074/0.550 pstd=0.382 capv=0.040 lr=1.0e-03 gen=0.1s conv=0.0s add=0.1s train=0.2s sps=0
[t= 204.9s] greedy ep542 games=  96 dec= 18887 rows= 18101 horizon=0.31 nodecap=0 over=0 card=0 exact=0 drop=0 cfgs= 24.0 L=0.05915 P=nan old=0.05570 new=0.06073 tgt=-0.003/0.492 pstd=0.379 capv=0.040 lr=1.0e-03 gen=0.1s conv=0.0s add=0.1s train=0.2s sps=0
[t= 205.3s] greedy ep543 games=  96 dec= 18041 rows= 17344 horizon=0.28 nodecap=0 over=0 card=0 exact=0 drop=0 cfgs= 25.7 L=0.05801 P=nan old=0.05175 new=0.05519 tgt=-0.045/0.517 pstd=0.386 capv=0.040 lr=1.0e-03 gen=0.1s conv=0.0s add=0.1s train=0.2s sps=0
[t= 205.6s] greedy ep544 games=  96 dec= 17155 rows= 16366 horizon=0.23 nodecap=0 over=0 card=0 exact=0 drop=0 cfgs= 26.7 L=0.06070 P=nan old=0.05756 new=0.06271 tgt=-0.049/0.501 pstd=0.405 capv=0.040 lr=1.0e-03 gen=0.1s conv=0.0s add=0.1s train=0.2s sps=0
[t= 206.0s] greedy ep545 games=  96 dec= 18293 rows= 17505 horizon=0.28 nodecap=0 over=0 card=0 exact=0 drop=0 cfgs= 24.8 L=0.05755 P=nan old=0.05490 new=0.05851 tgt=-0.021/0.516 pstd=0.389 capv=0.040 lr=1.0e-03 gen=0.1s conv=0.0s add=0.1s train=0.2s sps=0
[t= 206.4s] greedy ep546 games=  96 dec= 18297 rows= 17564 horizon=0.30 nodecap=0 over=0 card=0 exact=0 drop=0 cfgs= 26.6 L=0.05732 P=nan old=0.05585 new=0.05441 tgt=-0.034/0.494 pstd=0.409 capv=0.040 lr=1.0e-03 gen=0.1s conv=0.0s add=0.1s train=0.2s sps=0
[t= 206.8s] greedy ep547 games=  96 dec= 18229 rows= 17475 horizon=0.29 nodecap=0 over=0 card=0 exact=0 drop=0 cfgs= 23.7 L=0.05580 P=nan old=0.05513 new=0.05419 tgt=-0.037/0.516 pstd=0.403 capv=0.040 lr=1.0e-03 gen=0.1s conv=0.0s add=0.1s train=0.2s sps=0
[t= 207.2s] greedy ep548 games=  96 dec= 18628 rows= 17755 horizon=0.29 nodecap=0 over=0 card=0 exact=0 drop=0 cfgs= 24.0 L=0.05502 P=nan old=0.05380 new=0.05825 tgt=-0.037/0.495 pstd=0.396 capv=0.040 lr=1.0e-03 gen=0.1s conv=0.0s add=0.1s train=0.2s sps=0
[t= 207.6s] greedy ep549 games=  96 dec= 17074 rows= 16378 horizon=0.24 nodecap=0 over=0 card=0 exact=0 drop=0 cfgs= 26.9 L=0.05708 P=nan old=0.05538 new=0.05530 tgt=-0.042/0.519 pstd=0.409 capv=0.040 lr=1.0e-03 gen=0.1s conv=0.0s add=0.1s train=0.2s sps=0
[t= 208.0s] greedy ep550 games=  96 dec= 17785 rows= 17044 horizon=0.27 nodecap=0 over=0 card=0 exact=0 drop=0 cfgs= 25.7 L=0.05898 P=nan old=0.05603 new=0.05141 tgt=-0.002/0.487 pstd=0.390 capv=0.040 lr=1.0e-03 gen=0.1s conv=0.0s add=0.1s train=0.2s sps=0
[t= 208.4s] greedy ep551 games=  96 dec= 18246 rows= 17415 horizon=0.26 nodecap=0 over=0 card=0 exact=0 drop=0 cfgs= 24.3 L=0.05824 P=nan old=0.06165 new=0.05102 tgt=-0.004/0.478 pstd=0.416 capv=0.040 lr=1.0e-03 gen=0.1s conv=0.0s add=0.1s train=0.2s sps=0
[t= 208.8s] greedy ep552 games=  96 dec= 16927 rows= 16165 horizon=0.22 nodecap=0 over=0 card=0 exact=0 drop=0 cfgs= 25.7 L=0.05771 P=nan old=0.05739 new=0.05519 tgt=-0.017/0.497 pstd=0.403 capv=0.040 lr=1.0e-03 gen=0.1s conv=0.0s add=0.1s train=0.2s sps=0
[t= 209.2s] greedy ep553 games=  96 dec= 18520 rows= 17708 horizon=0.32 nodecap=0 over=0 card=0 exact=0 drop=0 cfgs= 24.1 L=0.05371 P=nan old=0.05804 new=0.05600 tgt=-0.025/0.492 pstd=0.407 capv=0.040 lr=1.0e-03 gen=0.1s conv=0.0s add=0.1s train=0.2s sps=0
[t= 209.6s] greedy ep554 games=  96 dec= 17930 rows= 17194 horizon=0.31 nodecap=0 over=0 card=0 exact=0 drop=0 cfgs= 26.2 L=0.05557 P=nan old=0.05888 new=0.05517 tgt=-0.010/0.508 pstd=0.425 capv=0.040 lr=1.0e-03 gen=0.1s conv=0.0s add=0.1s train=0.2s sps=0
[t= 210.0s] greedy ep555 games=  96 dec= 18255 rows= 17534 horizon=0.30 nodecap=0 over=0 card=0 exact=0 drop=0 cfgs= 25.0 L=0.05693 P=nan old=0.04840 new=0.05465 tgt=-0.039/0.531 pstd=0.414 capv=0.040 lr=1.0e-03 gen=0.1s conv=0.0s add=0.1s train=0.2s sps=0
[t= 210.4s] greedy ep556 games=  96 dec= 18665 rows= 17835 horizon=0.33 nodecap=0 over=0 card=0 exact=0 drop=0 cfgs= 24.7 L=0.05547 P=nan old=0.05235 new=0.05002 tgt=-0.059/0.504 pstd=0.423 capv=0.040 lr=1.0e-03 gen=0.1s conv=0.0s add=0.1s train=0.2s sps=0
[t= 210.7s] greedy ep557 games=  96 dec= 18361 rows= 17557 horizon=0.34 nodecap=0 over=0 card=0 exact=0 drop=0 cfgs= 23.7 L=0.05493 P=nan old=0.05441 new=0.05435 tgt=-0.052/0.486 pstd=0.419 capv=0.040 lr=1.0e-03 gen=0.1s conv=0.0s add=0.1s train=0.2s sps=0
[t= 211.2s] greedy ep558 games=  96 dec= 17993 rows= 17239 horizon=0.32 nodecap=0 over=0 card=0 exact=0 drop=0 cfgs= 25.9 L=0.05620 P=nan old=0.05400 new=0.05611 tgt=-0.065/0.500 pstd=0.421 capv=0.040 lr=1.0e-03 gen=0.1s conv=0.0s add=0.1s train=0.2s sps=0
[t= 211.6s] greedy ep559 games=  96 dec= 17462 rows= 16695 horizon=0.19 nodecap=0 over=0 card=0 exact=0 drop=0 cfgs= 26.7 L=0.05650 P=nan old=0.05124 new=0.05147 tgt=-0.021/0.506 pstd=0.405 capv=0.040 lr=1.0e-03 gen=0.1s conv=0.0s add=0.1s train=0.2s sps=0
[t= 212.0s] greedy ep560 games=  96 dec= 18153 rows= 17410 horizon=0.32 nodecap=0 over=0 card=0 exact=0 drop=0 cfgs= 24.4 L=0.05844 P=nan old=0.05682 new=0.05820 tgt=-0.040/0.502 pstd=0.387 capv=0.040 lr=1.0e-03 gen=0.1s conv=0.0s add=0.1s train=0.2s sps=0
[t= 212.4s] greedy ep561 games=  96 dec= 18468 rows= 17660 horizon=0.30 nodecap=0 over=0 card=0 exact=0 drop=0 cfgs= 23.8 L=0.05651 P=nan old=0.06016 new=0.05189 tgt=-0.025/0.480 pstd=0.379 capv=0.040 lr=1.0e-03 gen=0.1s conv=0.0s add=0.1s train=0.2s sps=0
[t= 212.8s] greedy ep562 games=  96 dec= 17310 rows= 16627 horizon=0.24 nodecap=0 over=0 card=0 exact=0 drop=0 cfgs= 25.7 L=0.05782 P=nan old=0.05372 new=0.05970 tgt=-0.037/0.497 pstd=0.381 capv=0.040 lr=1.0e-03 gen=0.1s conv=0.0s add=0.1s train=0.2s sps=0
[t= 213.2s] greedy ep563 games=  96 dec= 17659 rows= 16841 horizon=0.20 nodecap=0 over=0 card=0 exact=0 drop=0 cfgs= 26.9 L=0.05707 P=nan old=0.05223 new=0.05682 tgt=-0.038/0.535 pstd=0.396 capv=0.040 lr=1.0e-03 gen=0.1s conv=0.0s add=0.1s train=0.2s sps=0
[t= 213.6s] greedy ep564 games=  96 dec= 18023 rows= 17335 horizon=0.25 nodecap=0 over=0 card=0 exact=0 drop=0 cfgs= 25.4 L=0.05416 P=nan old=0.05367 new=0.05254 tgt=-0.034/0.532 pstd=0.399 capv=0.040 lr=1.0e-03 gen=0.1s conv=0.0s add=0.1s train=0.2s sps=0
[t= 214.0s] greedy ep565 games=  96 dec= 17442 rows= 16662 horizon=0.22 nodecap=0 over=0 card=0 exact=0 drop=0 cfgs= 26.9 L=0.05774 P=nan old=0.05609 new=0.05887 tgt=-0.060/0.523 pstd=0.410 capv=0.040 lr=1.0e-03 gen=0.1s conv=0.0s add=0.1s train=0.2s sps=0
[t= 214.3s] greedy ep566 games=  96 dec= 17523 rows= 16832 horizon=0.26 nodecap=0 over=0 card=0 exact=0 drop=0 cfgs= 26.0 L=0.05792 P=nan old=0.05769 new=0.04775 tgt=-0.043/0.505 pstd=0.397 capv=0.040 lr=1.0e-03 gen=0.1s conv=0.0s add=0.1s train=0.2s sps=0
[t= 214.7s] greedy ep567 games=  96 dec= 18016 rows= 17175 horizon=0.28 nodecap=0 over=0 card=0 exact=0 drop=0 cfgs= 26.5 L=0.05746 P=nan old=0.05580 new=0.05896 tgt=-0.067/0.508 pstd=0.410 capv=0.040 lr=1.0e-03 gen=0.1s conv=0.0s add=0.1s train=0.2s sps=0
[t= 215.1s] greedy ep568 games=  96 dec= 18475 rows= 17810 horizon=0.32 nodecap=0 over=0 card=0 exact=0 drop=0 cfgs= 25.5 L=0.05733 P=nan old=0.05208 new=0.05308 tgt=-0.054/0.503 pstd=0.385 capv=0.040 lr=1.0e-03 gen=0.1s conv=0.0s add=0.1s train=0.2s sps=0
[t= 215.6s] greedy ep569 games=  96 dec= 18538 rows= 17844 horizon=0.38 nodecap=0 over=0 card=0 exact=0 drop=0 cfgs= 25.3 L=0.05717 P=nan old=0.05297 new=0.05306 tgt=-0.051/0.493 pstd=0.385 capv=0.040 lr=1.0e-03 gen=0.1s conv=0.0s add=0.1s train=0.2s sps=0
[t= 215.9s] greedy ep570 games=  96 dec= 17017 rows= 16307 horizon=0.24 nodecap=0 over=0 card=0 exact=0 drop=0 cfgs= 26.2 L=0.05661 P=nan old=0.05290 new=0.05545 tgt=-0.024/0.510 pstd=0.369 capv=0.040 lr=1.0e-03 gen=0.1s conv=0.0s add=0.1s train=0.2s sps=0
[t= 216.3s] greedy ep571 games=  96 dec= 17472 rows= 16800 horizon=0.26 nodecap=0 over=0 card=0 exact=0 drop=0 cfgs= 24.7 L=0.05577 P=nan old=0.05537 new=0.05719 tgt=-0.037/0.514 pstd=0.380 capv=0.040 lr=1.0e-03 gen=0.1s conv=0.0s add=0.1s train=0.2s sps=0
[t= 216.7s] greedy ep572 games=  96 dec= 17599 rows= 16842 horizon=0.25 nodecap=0 over=0 card=0 exact=0 drop=0 cfgs= 26.2 L=0.05607 P=nan old=0.05447 new=0.05248 tgt=-0.042/0.501 pstd=0.388 capv=0.040 lr=1.0e-03 gen=0.1s conv=0.0s add=0.1s train=0.2s sps=0
[t= 217.1s] greedy ep573 games=  96 dec= 18070 rows= 17315 horizon=0.31 nodecap=0 over=0 card=0 exact=0 drop=0 cfgs= 25.7 L=0.05498 P=nan old=0.05471 new=0.05495 tgt=-0.047/0.517 pstd=0.374 capv=0.040 lr=1.0e-03 gen=0.1s conv=0.0s add=0.1s train=0.2s sps=0
[t= 217.5s] greedy ep574 games=  96 dec= 17572 rows= 16841 horizon=0.26 nodecap=0 over=0 card=0 exact=0 drop=0 cfgs= 25.3 L=0.05729 P=nan old=0.05518 new=0.05978 tgt=-0.032/0.514 pstd=0.388 capv=0.040 lr=1.0e-03 gen=0.1s conv=0.0s add=0.1s train=0.2s sps=0
[t= 217.9s] greedy ep575 games=  96 dec= 17022 rows= 16322 horizon=0.25 nodecap=0 over=0 card=0 exact=0 drop=0 cfgs= 26.9 L=0.05581 P=nan old=0.05259 new=0.05220 tgt=-0.030/0.518 pstd=0.400 capv=0.040 lr=1.0e-03 gen=0.1s conv=0.0s add=0.1s train=0.2s sps=0
[t= 218.3s] greedy ep576 games=  96 dec= 18009 rows= 17268 horizon=0.30 nodecap=0 over=0 card=0 exact=0 drop=0 cfgs= 27.7 L=0.05540 P=nan old=0.05538 new=0.05855 tgt=-0.046/0.504 pstd=0.394 capv=0.040 lr=1.0e-03 gen=0.1s conv=0.0s add=0.1s train=0.2s sps=0
[t= 218.7s] greedy ep577 games=  96 dec= 18278 rows= 17560 horizon=0.30 nodecap=0 over=0 card=0 exact=0 drop=0 cfgs= 24.4 L=0.05621 P=nan old=0.04941 new=0.05745 tgt=-0.032/0.466 pstd=0.378 capv=0.040 lr=1.0e-03 gen=0.1s conv=0.0s add=0.1s train=0.2s sps=0
[t= 219.0s] greedy ep578 games=  96 dec= 18017 rows= 17319 horizon=0.35 nodecap=0 over=0 card=0 exact=0 drop=0 cfgs= 24.8 L=0.05577 P=nan old=0.05159 new=0.04893 tgt=-0.028/0.479 pstd=0.378 capv=0.040 lr=1.0e-03 gen=0.1s conv=0.0s add=0.1s train=0.2s sps=0
[t= 219.4s] greedy ep579 games=  96 dec= 17868 rows= 17112 horizon=0.22 nodecap=0 over=0 card=0 exact=0 drop=0 cfgs= 25.1 L=0.05326 P=nan old=0.05548 new=0.05661 tgt=-0.036/0.518 pstd=0.386 capv=0.040 lr=1.0e-03 gen=0.1s conv=0.0s add=0.1s train=0.2s sps=0
[t= 219.8s] greedy ep580 games=  96 dec= 18168 rows= 17402 horizon=0.26 nodecap=0 over=0 card=0 exact=0 drop=0 cfgs= 25.1 L=0.05473 P=nan old=0.05074 new=0.06179 tgt=-0.030/0.518 pstd=0.371 capv=0.040 lr=1.0e-03 gen=0.1s conv=0.0s add=0.1s train=0.2s sps=0
[t= 220.2s] greedy ep581 games=  96 dec= 18328 rows= 17542 horizon=0.28 nodecap=0 over=0 card=0 exact=0 drop=0 cfgs= 26.7 L=0.05631 P=nan old=0.05830 new=0.05398 tgt=-0.043/0.511 pstd=0.383 capv=0.040 lr=1.0e-03 gen=0.1s conv=0.0s add=0.1s train=0.2s sps=0
[t= 220.7s] greedy ep582 games=  96 dec= 17733 rows= 16983 horizon=0.24 nodecap=0 over=0 card=0 exact=0 drop=0 cfgs= 25.6 L=0.05475 P=nan old=0.05127 new=0.05608 tgt=-0.018/0.519 pstd=0.395 capv=0.040 lr=1.0e-03 gen=0.1s conv=0.0s add=0.1s train=0.2s sps=0
[t= 221.1s] greedy ep583 games=  96 dec= 17553 rows= 16766 horizon=0.23 nodecap=0 over=0 card=0 exact=0 drop=0 cfgs= 25.8 L=0.05339 P=nan old=0.05181 new=0.05061 tgt=-0.017/0.507 pstd=0.350 capv=0.040 lr=1.0e-03 gen=0.1s conv=0.0s add=0.1s train=0.2s sps=0
[t= 221.5s] greedy ep584 games=  96 dec= 18014 rows= 17245 horizon=0.31 nodecap=0 over=0 card=0 exact=0 drop=0 cfgs= 26.1 L=0.05340 P=nan old=0.05842 new=0.05250 tgt=-0.059/0.499 pstd=0.341 capv=0.040 lr=1.0e-03 gen=0.1s conv=0.0s add=0.1s train=0.2s sps=0
[t= 221.9s] greedy ep585 games=  96 dec= 17767 rows= 17001 horizon=0.27 nodecap=0 over=0 card=0 exact=0 drop=0 cfgs= 25.3 L=0.05386 P=nan old=0.05618 new=0.04920 tgt=-0.065/0.510 pstd=0.350 capv=0.040 lr=1.0e-03 gen=0.1s conv=0.0s add=0.1s train=0.2s sps=0
[t= 222.3s] greedy ep586 games=  96 dec= 17862 rows= 17068 horizon=0.27 nodecap=0 over=0 card=0 exact=0 drop=0 cfgs= 26.5 L=0.05625 P=nan old=0.05624 new=0.04910 tgt=-0.000/0.485 pstd=0.359 capv=0.040 lr=1.0e-03 gen=0.1s conv=0.0s add=0.1s train=0.2s sps=0
[t= 222.7s] greedy ep587 games=  96 dec= 19004 rows= 18186 horizon=0.35 nodecap=0 over=0 card=0 exact=0 drop=0 cfgs= 23.1 L=0.05464 P=nan old=0.05279 new=0.05499 tgt=-0.034/0.481 pstd=0.330 capv=0.040 lr=1.0e-03 gen=0.1s conv=0.0s add=0.1s train=0.2s sps=0
[t= 223.0s] greedy ep588 games=  96 dec= 17512 rows= 16771 horizon=0.29 nodecap=0 over=0 card=0 exact=0 drop=0 cfgs= 25.9 L=0.05648 P=nan old=0.05399 new=0.05281 tgt=-0.074/0.502 pstd=0.332 capv=0.040 lr=1.0e-03 gen=0.1s conv=0.0s add=0.1s train=0.2s sps=0
[t= 223.4s] greedy ep589 games=  96 dec= 17530 rows= 16814 horizon=0.25 nodecap=0 over=0 card=0 exact=0 drop=0 cfgs= 24.1 L=0.05661 P=nan old=0.05482 new=0.05503 tgt=-0.005/0.500 pstd=0.339 capv=0.040 lr=1.0e-03 gen=0.1s conv=0.0s add=0.0s train=0.2s sps=0
[t= 223.8s] greedy ep590 games=  96 dec= 18105 rows= 17317 horizon=0.29 nodecap=0 over=0 card=0 exact=0 drop=0 cfgs= 25.7 L=0.05427 P=nan old=0.05265 new=0.05374 tgt=-0.024/0.473 pstd=0.338 capv=0.040 lr=1.0e-03 gen=0.1s conv=0.0s add=0.1s train=0.2s sps=0
[t= 224.2s] greedy ep591 games=  96 dec= 17140 rows= 16300 horizon=0.15 nodecap=0 over=0 card=0 exact=0 drop=0 cfgs= 27.2 L=0.05626 P=nan old=0.05374 new=0.04961 tgt=-0.036/0.541 pstd=0.368 capv=0.040 lr=1.0e-03 gen=0.1s conv=0.0s add=0.1s train=0.2s sps=0
[t= 224.5s] greedy ep592 games=  96 dec= 17390 rows= 16713 horizon=0.31 nodecap=0 over=0 card=0 exact=0 drop=0 cfgs= 25.5 L=0.05683 P=nan old=0.05133 new=0.04958 tgt=-0.058/0.507 pstd=0.341 capv=0.040 lr=1.0e-03 gen=0.1s conv=0.0s add=0.1s train=0.2s sps=0
[t= 224.9s] greedy ep593 games=  96 dec= 17998 rows= 17284 horizon=0.29 nodecap=0 over=0 card=0 exact=0 drop=0 cfgs= 24.3 L=0.05756 P=nan old=0.05570 new=0.05597 tgt=-0.070/0.499 pstd=0.355 capv=0.040 lr=1.0e-03 gen=0.1s conv=0.0s add=0.1s train=0.2s sps=0
[t= 225.3s] greedy ep594 games=  96 dec= 18142 rows= 17354 horizon=0.29 nodecap=0 over=0 card=0 exact=0 drop=0 cfgs= 23.7 L=0.05718 P=nan old=0.05073 new=0.05207 tgt=-0.045/0.502 pstd=0.363 capv=0.040 lr=1.0e-03 gen=0.1s conv=0.0s add=0.1s train=0.2s sps=0
[t= 225.6s] greedy ep595 games=  96 dec= 16587 rows= 15848 horizon=0.17 nodecap=0 over=0 card=0 exact=0 drop=0 cfgs= 27.6 L=0.05674 P=nan old=0.05203 new=0.05265 tgt=-0.006/0.535 pstd=0.377 capv=0.040 lr=1.0e-03 gen=0.1s conv=0.0s add=0.1s train=0.2s sps=0
[t= 226.1s] greedy ep596 games=  96 dec= 18938 rows= 18109 horizon=0.30 nodecap=0 over=0 card=0 exact=0 drop=0 cfgs= 25.2 L=0.05523 P=nan old=0.05145 new=0.05672 tgt=-0.041/0.501 pstd=0.371 capv=0.040 lr=1.0e-03 gen=0.1s conv=0.0s add=0.1s train=0.2s sps=0
[t= 226.5s] greedy ep597 games=  96 dec= 18887 rows= 18088 horizon=0.35 nodecap=0 over=0 card=0 exact=0 drop=0 cfgs= 22.9 L=0.05795 P=nan old=0.06141 new=0.05168 tgt=-0.028/0.462 pstd=0.350 capv=0.040 lr=1.0e-03 gen=0.1s conv=0.0s add=0.1s train=0.2s sps=0
[t= 226.8s] greedy ep598 games=  96 dec= 17125 rows= 16422 horizon=0.26 nodecap=0 over=0 card=0 exact=0 drop=0 cfgs= 27.8 L=0.05619 P=nan old=0.05680 new=0.05654 tgt=-0.062/0.523 pstd=0.369 capv=0.040 lr=1.0e-03 gen=0.1s conv=0.0s add=0.1s train=0.2s sps=0
[t= 227.2s] greedy ep599 games=  96 dec= 17026 rows= 16265 horizon=0.20 nodecap=0 over=0 card=0 exact=0 drop=0 cfgs= 26.6 L=0.05655 P=nan old=0.05421 new=0.05261 tgt=-0.036/0.537 pstd=0.379 capv=0.040 lr=1.0e-03 gen=0.1s conv=0.0s add=0.1s train=0.2s sps=0
[t= 227.6s] greedy ep600 games=  96 dec= 18372 rows= 17567 horizon=0.29 nodecap=0 over=0 card=0 exact=0 drop=0 cfgs= 24.3 L=0.05529 P=nan old=0.05579 new=0.05723 tgt=-0.013/0.464 pstd=0.388 capv=0.040 lr=1.0e-03 gen=0.1s conv=0.0s add=0.1s train=0.2s sps=0
[t= 228.0s] greedy ep601 games=  96 dec= 17752 rows= 17012 horizon=0.26 nodecap=0 over=0 card=0 exact=0 drop=0 cfgs= 25.3 L=0.05547 P=nan old=0.05427 new=0.05980 tgt=+0.001/0.506 pstd=0.370 capv=0.040 lr=1.0e-03 gen=0.1s conv=0.0s add=0.1s train=0.2s sps=0
[t= 228.4s] greedy ep602 games=  96 dec= 18554 rows= 17748 horizon=0.35 nodecap=0 over=0 card=0 exact=0 drop=0 cfgs= 24.2 L=0.05569 P=nan old=0.04478 new=0.05431 tgt=-0.053/0.501 pstd=0.376 capv=0.040 lr=1.0e-03 gen=0.1s conv=0.0s add=0.1s train=0.2s sps=0
[t= 228.8s] greedy ep603 games=  96 dec= 17833 rows= 17087 horizon=0.25 nodecap=0 over=0 card=0 exact=0 drop=0 cfgs= 27.9 L=0.05241 P=nan old=0.05537 new=0.04706 tgt=-0.052/0.492 pstd=0.380 capv=0.040 lr=1.0e-03 gen=0.1s conv=0.0s add=0.1s train=0.2s sps=0
[t= 229.1s] greedy ep604 games=  96 dec= 17572 rows= 16763 horizon=0.21 nodecap=0 over=0 card=0 exact=0 drop=0 cfgs= 27.8 L=0.05364 P=nan old=0.04878 new=0.05129 tgt=-0.020/0.520 pstd=0.380 capv=0.040 lr=1.0e-03 gen=0.1s conv=0.0s add=0.1s train=0.2s sps=0
[t= 229.5s] greedy ep605 games=  96 dec= 18106 rows= 17322 horizon=0.24 nodecap=0 over=0 card=0 exact=0 drop=0 cfgs= 26.6 L=0.05337 P=nan old=0.05059 new=0.05521 tgt=-0.042/0.491 pstd=0.381 capv=0.040 lr=1.0e-03 gen=0.1s conv=0.0s add=0.1s train=0.2s sps=0
[t= 229.9s] greedy ep606 games=  96 dec= 16856 rows= 16127 horizon=0.21 nodecap=0 over=0 card=0 exact=0 drop=0 cfgs= 29.2 L=0.05541 P=nan old=0.04760 new=0.05300 tgt=-0.063/0.528 pstd=0.379 capv=0.040 lr=1.0e-03 gen=0.1s conv=0.0s add=0.1s train=0.2s sps=0
[t= 230.3s] greedy ep607 games=  96 dec= 18446 rows= 17672 horizon=0.30 nodecap=0 over=0 card=0 exact=0 drop=0 cfgs= 25.6 L=0.05596 P=nan old=0.05486 new=0.04848 tgt=+0.009/0.477 pstd=0.349 capv=0.040 lr=1.0e-03 gen=0.1s conv=0.0s add=0.1s train=0.2s sps=0
[t= 230.7s] greedy ep608 games=  96 dec= 19172 rows= 18306 horizon=0.36 nodecap=0 over=0 card=0 exact=0 drop=0 cfgs= 25.0 L=0.05484 P=nan old=0.05228 new=0.05221 tgt=-0.012/0.460 pstd=0.341 capv=0.040 lr=1.0e-03 gen=0.1s conv=0.0s add=0.1s train=0.2s sps=0
[t= 231.1s] greedy ep609 games=  96 dec= 18026 rows= 17344 horizon=0.32 nodecap=0 over=0 card=0 exact=0 drop=0 cfgs= 26.6 L=0.05289 P=nan old=0.05170 new=0.04831 tgt=-0.032/0.498 pstd=0.347 capv=0.040 lr=1.0e-03 gen=0.1s conv=0.0s add=0.1s train=0.2s sps=0
[t= 231.5s] greedy ep610 games=  96 dec= 17223 rows= 16506 horizon=0.26 nodecap=0 over=0 card=0 exact=0 drop=0 cfgs= 27.6 L=0.05180 P=nan old=0.05047 new=0.04978 tgt=-0.051/0.509 pstd=0.369 capv=0.040 lr=1.0e-03 gen=0.1s conv=0.0s add=0.1s train=0.2s sps=0
[t= 231.9s] greedy ep611 games=  96 dec= 18265 rows= 17514 horizon=0.32 nodecap=0 over=0 card=0 exact=0 drop=0 cfgs= 23.4 L=0.04987 P=nan old=0.05341 new=0.04442 tgt=-0.048/0.487 pstd=0.359 capv=0.040 lr=1.0e-03 gen=0.1s conv=0.0s add=0.1s train=0.2s sps=0
[t= 232.3s] greedy ep612 games=  96 dec= 18838 rows= 18065 horizon=0.36 nodecap=0 over=0 card=0 exact=0 drop=0 cfgs= 25.0 L=0.05335 P=nan old=0.05405 new=0.04992 tgt=-0.060/0.492 pstd=0.391 capv=0.040 lr=1.0e-03 gen=0.1s conv=0.0s add=0.1s train=0.2s sps=0
[t= 232.7s] greedy ep613 games=  96 dec= 17705 rows= 16926 horizon=0.26 nodecap=0 over=0 card=0 exact=0 drop=0 cfgs= 26.5 L=0.05203 P=nan old=0.04686 new=0.05413 tgt=-0.041/0.506 pstd=0.373 capv=0.040 lr=1.0e-03 gen=0.1s conv=0.0s add=0.1s train=0.2s sps=0
[t= 233.1s] greedy ep614 games=  96 dec= 18030 rows= 17228 horizon=0.27 nodecap=0 over=0 card=0 exact=0 drop=0 cfgs= 26.6 L=0.05298 P=nan old=0.05241 new=0.05013 tgt=-0.060/0.489 pstd=0.367 capv=0.040 lr=1.0e-03 gen=0.1s conv=0.0s add=0.1s train=0.2s sps=0
[t= 233.5s] greedy ep615 games=  96 dec= 19081 rows= 18238 horizon=0.33 nodecap=0 over=0 card=0 exact=0 drop=0 cfgs= 23.9 L=0.05387 P=nan old=0.04973 new=0.05286 tgt=-0.009/0.465 pstd=0.372 capv=0.040 lr=1.0e-03 gen=0.1s conv=0.0s add=0.1s train=0.2s sps=0
[t= 233.9s] greedy ep616 games=  96 dec= 17517 rows= 16723 horizon=0.26 nodecap=0 over=0 card=0 exact=0 drop=0 cfgs= 26.4 L=0.05256 P=nan old=0.04772 new=0.05362 tgt=-0.030/0.508 pstd=0.382 capv=0.040 lr=1.0e-03 gen=0.1s conv=0.0s add=0.1s train=0.2s sps=0
[t= 234.3s] greedy ep617 games=  96 dec= 18212 rows= 17423 horizon=0.26 nodecap=0 over=0 card=0 exact=0 drop=0 cfgs= 23.5 L=0.05235 P=nan old=0.05027 new=0.05009 tgt=-0.026/0.494 pstd=0.370 capv=0.040 lr=1.0e-03 gen=0.1s conv=0.0s add=0.0s train=0.2s sps=0
[t= 234.6s] greedy ep618 games=  96 dec= 17636 rows= 16964 horizon=0.28 nodecap=0 over=0 card=0 exact=0 drop=0 cfgs= 26.4 L=0.05099 P=nan old=0.05306 new=0.05221 tgt=-0.009/0.524 pstd=0.364 capv=0.040 lr=1.0e-03 gen=0.1s conv=0.0s add=0.1s train=0.2s sps=0
[t= 235.0s] greedy ep619 games=  96 dec= 18185 rows= 17444 horizon=0.31 nodecap=0 over=0 card=0 exact=0 drop=0 cfgs= 25.4 L=0.05068 P=nan old=0.04729 new=0.05092 tgt=-0.024/0.512 pstd=0.363 capv=0.040 lr=1.0e-03 gen=0.1s conv=0.0s add=0.1s train=0.2s sps=0
[t= 235.4s] greedy ep620 games=  96 dec= 17626 rows= 16889 horizon=0.30 nodecap=0 over=0 card=0 exact=0 drop=0 cfgs= 26.0 L=0.05077 P=nan old=0.05074 new=0.04858 tgt=-0.053/0.497 pstd=0.369 capv=0.040 lr=1.0e-03 gen=0.1s conv=0.0s add=0.1s train=0.2s sps=0
[t= 235.8s] greedy ep621 games=  96 dec= 17381 rows= 16587 horizon=0.25 nodecap=0 over=0 card=0 exact=0 drop=0 cfgs= 27.4 L=0.05214 P=nan old=0.05469 new=0.05177 tgt=-0.040/0.522 pstd=0.375 capv=0.040 lr=1.0e-03 gen=0.1s conv=0.0s add=0.1s train=0.2s sps=0
[t= 236.2s] greedy ep622 games=  96 dec= 19083 rows= 18274 horizon=0.36 nodecap=0 over=0 card=0 exact=0 drop=0 cfgs= 24.8 L=0.05083 P=nan old=0.04873 new=0.04561 tgt=-0.009/0.480 pstd=0.372 capv=0.040 lr=1.0e-03 gen=0.1s conv=0.0s add=0.1s train=0.2s sps=0
[t= 236.6s] greedy ep623 games=  96 dec= 18447 rows= 17795 horizon=0.34 nodecap=0 over=0 card=0 exact=0 drop=0 cfgs= 25.5 L=0.05130 P=nan old=0.05081 new=0.04381 tgt=-0.037/0.484 pstd=0.351 capv=0.040 lr=1.0e-03 gen=0.1s conv=0.0s add=0.1s train=0.2s sps=0
[t= 237.0s] greedy ep624 games=  96 dec= 18609 rows= 17874 horizon=0.36 nodecap=0 over=0 card=0 exact=0 drop=0 cfgs= 23.0 L=0.05050 P=nan old=0.04872 new=0.05010 tgt=-0.046/0.497 pstd=0.379 capv=0.040 lr=1.0e-03 gen=0.1s conv=0.0s add=0.1s train=0.2s sps=0
[t= 237.4s] greedy ep625 games=  96 dec= 17338 rows= 16528 horizon=0.26 nodecap=0 over=0 card=0 exact=0 drop=0 cfgs= 24.7 L=0.05013 P=nan old=0.04948 new=0.05117 tgt=-0.037/0.519 pstd=0.366 capv=0.040 lr=1.0e-03 gen=0.1s conv=0.0s add=0.1s train=0.2s sps=0
[t= 237.8s] greedy ep626 games=  96 dec= 17346 rows= 16549 horizon=0.23 nodecap=0 over=0 card=0 exact=0 drop=0 cfgs= 27.0 L=0.05194 P=nan old=0.04885 new=0.04564 tgt=-0.013/0.527 pstd=0.360 capv=0.040 lr=1.0e-03 gen=0.1s conv=0.0s add=0.1s train=0.2s sps=0
[t= 238.2s] greedy ep627 games=  96 dec= 18672 rows= 17933 horizon=0.33 nodecap=0 over=0 card=0 exact=0 drop=0 cfgs= 23.4 L=0.05112 P=nan old=0.04274 new=0.04775 tgt=-0.014/0.460 pstd=0.356 capv=0.040 lr=1.0e-03 gen=0.1s conv=0.0s add=0.1s train=0.2s sps=0
[t= 238.6s] greedy ep628 games=  96 dec= 17835 rows= 17086 horizon=0.27 nodecap=0 over=0 card=0 exact=0 drop=0 cfgs= 26.2 L=0.05090 P=nan old=0.04825 new=0.04889 tgt=-0.022/0.511 pstd=0.371 capv=0.040 lr=1.0e-03 gen=0.1s conv=0.0s add=0.1s train=0.2s sps=0
[t= 238.9s] greedy ep629 games=  96 dec= 17994 rows= 17182 horizon=0.31 nodecap=0 over=0 card=0 exact=0 drop=0 cfgs= 24.5 L=0.05143 P=nan old=0.04763 new=0.04980 tgt=-0.020/0.476 pstd=0.373 capv=0.040 lr=1.0e-03 gen=0.1s conv=0.0s add=0.1s train=0.2s sps=0
[t= 239.3s] greedy ep630 games=  96 dec= 18190 rows= 17523 horizon=0.34 nodecap=0 over=0 card=0 exact=0 drop=0 cfgs= 25.8 L=0.05076 P=nan old=0.04986 new=0.04911 tgt=-0.074/0.503 pstd=0.378 capv=0.040 lr=1.0e-03 gen=0.1s conv=0.0s add=0.1s train=0.2s sps=0
[t= 239.7s] greedy ep631 games=  96 dec= 17395 rows= 16610 horizon=0.25 nodecap=0 over=0 card=0 exact=0 drop=0 cfgs= 24.6 L=0.05017 P=nan old=0.04865 new=0.05951 tgt=-0.023/0.514 pstd=0.381 capv=0.040 lr=1.0e-03 gen=0.1s conv=0.0s add=0.1s train=0.2s sps=0
[t= 240.1s] greedy ep632 games=  96 dec= 18348 rows= 17573 horizon=0.31 nodecap=0 over=0 card=0 exact=0 drop=0 cfgs= 24.4 L=0.05280 P=nan old=0.05164 new=0.04465 tgt=-0.014/0.478 pstd=0.363 capv=0.040 lr=1.0e-03 gen=0.1s conv=0.0s add=0.1s train=0.2s sps=0
[t= 240.5s] greedy ep633 games=  96 dec= 17607 rows= 16833 horizon=0.25 nodecap=0 over=0 card=0 exact=0 drop=0 cfgs= 28.2 L=0.05142 P=nan old=0.04757 new=0.04775 tgt=-0.056/0.508 pstd=0.366 capv=0.040 lr=1.0e-03 gen=0.1s conv=0.0s add=0.1s train=0.2s sps=0
[t= 240.9s] greedy ep634 games=  96 dec= 17796 rows= 16999 horizon=0.28 nodecap=0 over=0 card=0 exact=0 drop=0 cfgs= 25.0 L=0.05204 P=nan old=0.05129 new=0.04445 tgt=-0.001/0.483 pstd=0.364 capv=0.040 lr=1.0e-03 gen=0.1s conv=0.0s add=0.1s train=0.2s sps=0
[t= 241.3s] greedy ep635 games=  96 dec= 17059 rows= 16341 horizon=0.19 nodecap=0 over=0 card=0 exact=0 drop=0 cfgs= 28.2 L=0.05107 P=nan old=0.04894 new=0.05359 tgt=+0.010/0.513 pstd=0.383 capv=0.040 lr=1.0e-03 gen=0.1s conv=0.0s add=0.1s train=0.2s sps=0
[t= 241.7s] greedy ep636 games=  96 dec= 17744 rows= 16917 horizon=0.24 nodecap=0 over=0 card=0 exact=0 drop=0 cfgs= 28.8 L=0.05091 P=nan old=0.04785 new=0.04852 tgt=-0.056/0.519 pstd=0.375 capv=0.040 lr=1.0e-03 gen=0.1s conv=0.0s add=0.1s train=0.2s sps=0
[t= 242.1s] greedy ep637 games=  96 dec= 18147 rows= 17420 horizon=0.34 nodecap=0 over=0 card=0 exact=0 drop=0 cfgs= 24.5 L=0.05273 P=nan old=0.05306 new=0.05158 tgt=-0.044/0.473 pstd=0.379 capv=0.040 lr=1.0e-03 gen=0.1s conv=0.0s add=0.1s train=0.2s sps=0
[t= 242.5s] greedy ep638 games=  96 dec= 17569 rows= 16843 horizon=0.27 nodecap=0 over=0 card=0 exact=0 drop=0 cfgs= 27.3 L=0.05030 P=nan old=0.04684 new=0.04805 tgt=-0.053/0.499 pstd=0.362 capv=0.040 lr=1.0e-03 gen=0.1s conv=0.0s add=0.1s train=0.2s sps=0
[t= 242.8s] greedy ep639 games=  96 dec= 17297 rows= 16498 horizon=0.27 nodecap=0 over=0 card=0 exact=0 drop=0 cfgs= 27.4 L=0.05040 P=nan old=0.04957 new=0.04982 tgt=-0.075/0.521 pstd=0.375 capv=0.040 lr=1.0e-03 gen=0.1s conv=0.0s add=0.1s train=0.2s sps=0
[t= 243.3s] greedy ep640 games=  96 dec= 19070 rows= 18140 horizon=0.32 nodecap=0 over=0 card=0 exact=0 drop=0 cfgs= 24.0 L=0.05228 P=nan old=0.05272 new=0.05069 tgt=-0.028/0.482 pstd=0.364 capv=0.040 lr=1.0e-03 gen=0.1s conv=0.0s add=0.1s train=0.2s sps=0
[t= 243.6s] greedy ep641 games=  96 dec= 16804 rows= 16169 horizon=0.25 nodecap=0 over=0 card=0 exact=0 drop=0 cfgs= 25.1 L=0.05012 P=nan old=0.04963 new=0.04821 tgt=-0.041/0.503 pstd=0.368 capv=0.040 lr=1.0e-03 gen=0.1s conv=0.0s add=0.1s train=0.2s sps=0
[t= 244.0s] greedy ep642 games=  96 dec= 17112 rows= 16444 horizon=0.23 nodecap=0 over=0 card=0 exact=0 drop=0 cfgs= 25.2 L=0.05124 P=nan old=0.04979 new=0.05105 tgt=-0.053/0.541 pstd=0.385 capv=0.040 lr=1.0e-03 gen=0.1s conv=0.0s add=0.1s train=0.2s sps=0
[t= 244.4s] greedy ep643 games=  96 dec= 18737 rows= 17915 horizon=0.32 nodecap=0 over=0 card=0 exact=0 drop=0 cfgs= 26.6 L=0.05270 P=nan old=0.04707 new=0.04880 tgt=-0.077/0.501 pstd=0.386 capv=0.040 lr=1.0e-03 gen=0.1s conv=0.0s add=0.1s train=0.2s sps=0
[t= 244.8s] greedy ep644 games=  96 dec= 17884 rows= 17128 horizon=0.26 nodecap=0 over=0 card=0 exact=0 drop=0 cfgs= 25.4 L=0.05227 P=nan old=0.04682 new=0.04764 tgt=-0.019/0.503 pstd=0.390 capv=0.040 lr=1.0e-03 gen=0.1s conv=0.0s add=0.1s train=0.2s sps=0
[t= 245.2s] greedy ep645 games=  96 dec= 18834 rows= 18008 horizon=0.28 nodecap=0 over=0 card=0 exact=0 drop=0 cfgs= 26.2 L=0.05216 P=nan old=0.05387 new=0.05042 tgt=-0.031/0.513 pstd=0.386 capv=0.040 lr=1.0e-03 gen=0.1s conv=0.0s add=0.1s train=0.2s sps=0
[t= 245.6s] greedy ep646 games=  96 dec= 17874 rows= 17169 horizon=0.28 nodecap=0 over=0 card=0 exact=0 drop=0 cfgs= 26.4 L=0.05137 P=nan old=0.04920 new=0.04846 tgt=-0.031/0.498 pstd=0.384 capv=0.040 lr=1.0e-03 gen=0.1s conv=0.0s add=0.1s train=0.2s sps=0
[t= 246.0s] greedy ep647 games=  96 dec= 17649 rows= 16997 horizon=0.27 nodecap=0 over=0 card=0 exact=0 drop=0 cfgs= 26.1 L=0.05105 P=nan old=0.05301 new=0.05399 tgt=-0.035/0.492 pstd=0.379 capv=0.040 lr=1.0e-03 gen=0.1s conv=0.0s add=0.1s train=0.2s sps=0
[t= 246.4s] greedy ep648 games=  96 dec= 17830 rows= 17097 horizon=0.30 nodecap=0 over=0 card=0 exact=0 drop=0 cfgs= 24.3 L=0.05012 P=nan old=0.05041 new=0.05209 tgt=-0.027/0.476 pstd=0.380 capv=0.040 lr=1.0e-03 gen=0.1s conv=0.0s add=0.1s train=0.2s sps=0
[t= 246.8s] greedy ep649 games=  96 dec= 17266 rows= 16524 horizon=0.25 nodecap=0 over=0 card=0 exact=0 drop=0 cfgs= 26.4 L=0.05430 P=nan old=0.05262 new=0.04416 tgt=-0.057/0.505 pstd=0.391 capv=0.040 lr=1.0e-03 gen=0.1s conv=0.0s add=0.1s train=0.2s sps=0
[t= 247.2s] greedy ep650 games=  96 dec= 17861 rows= 17116 horizon=0.29 nodecap=0 over=0 card=0 exact=0 drop=0 cfgs= 26.5 L=0.05266 P=nan old=0.05005 new=0.05554 tgt=-0.040/0.491 pstd=0.383 capv=0.040 lr=1.0e-03 gen=0.1s conv=0.0s add=0.1s train=0.2s sps=0
[t= 247.6s] greedy ep651 games=  96 dec= 18052 rows= 17330 horizon=0.24 nodecap=0 over=0 card=0 exact=0 drop=0 cfgs= 28.2 L=0.05487 P=nan old=0.04761 new=0.04844 tgt=-0.033/0.504 pstd=0.371 capv=0.040 lr=1.0e-03 gen=0.1s conv=0.0s add=0.1s train=0.2s sps=0
[t= 248.1s] greedy ep652 games=  96 dec= 18721 rows= 17917 horizon=0.34 nodecap=0 over=0 card=0 exact=0 drop=0 cfgs= 23.6 L=0.05069 P=nan old=0.04332 new=0.04705 tgt=-0.046/0.505 pstd=0.376 capv=0.040 lr=1.0e-03 gen=0.1s conv=0.0s add=0.1s train=0.2s sps=0
[t= 248.5s] greedy ep653 games=  96 dec= 17653 rows= 16923 horizon=0.29 nodecap=0 over=0 card=0 exact=0 drop=0 cfgs= 26.3 L=0.05217 P=nan old=0.05238 new=0.04837 tgt=-0.035/0.478 pstd=0.369 capv=0.040 lr=1.0e-03 gen=0.1s conv=0.0s add=0.1s train=0.2s sps=0
[t= 249.0s] greedy ep654 games=  96 dec= 17507 rows= 16708 horizon=0.24 nodecap=0 over=0 card=0 exact=0 drop=0 cfgs= 25.5 L=0.05088 P=nan old=0.04424 new=0.05044 tgt=-0.039/0.545 pstd=0.364 capv=0.040 lr=1.0e-03 gen=0.1s conv=0.0s add=0.1s train=0.2s sps=0
[t= 249.5s] greedy ep655 games=  96 dec= 17917 rows= 17185 horizon=0.31 nodecap=0 over=0 card=0 exact=0 drop=0 cfgs= 28.0 L=0.05134 P=nan old=0.04665 new=0.04970 tgt=-0.093/0.516 pstd=0.371 capv=0.040 lr=1.0e-03 gen=0.1s conv=0.0s add=0.1s train=0.2s sps=0
[t= 249.9s] greedy ep656 games=  96 dec= 16897 rows= 16178 horizon=0.22 nodecap=0 over=0 card=0 exact=0 drop=0 cfgs= 27.9 L=0.05012 P=nan old=0.04642 new=0.05219 tgt=-0.061/0.558 pstd=0.382 capv=0.040 lr=1.0e-03 gen=0.1s conv=0.0s add=0.1s train=0.2s sps=0
[t= 250.3s] greedy ep657 games=  96 dec= 18049 rows= 17194 horizon=0.23 nodecap=0 over=0 card=0 exact=0 drop=0 cfgs= 25.9 L=0.05180 P=nan old=0.05345 new=0.04728 tgt=-0.002/0.487 pstd=0.383 capv=0.040 lr=1.0e-03 gen=0.1s conv=0.0s add=0.1s train=0.2s sps=0
[t= 250.7s] greedy ep658 games=  96 dec= 17679 rows= 16931 horizon=0.25 nodecap=0 over=0 card=0 exact=0 drop=0 cfgs= 26.0 L=0.05291 P=nan old=0.04691 new=0.05222 tgt=-0.043/0.504 pstd=0.388 capv=0.040 lr=1.0e-03 gen=0.1s conv=0.0s add=0.1s train=0.2s sps=0
[t= 251.0s] greedy ep659 games=  96 dec= 18070 rows= 17340 horizon=0.29 nodecap=0 over=0 card=0 exact=0 drop=0 cfgs= 24.6 L=0.05353 P=nan old=0.04533 new=0.04939 tgt=+0.005/0.503 pstd=0.373 capv=0.040 lr=1.0e-03 gen=0.1s conv=0.0s add=0.1s train=0.2s sps=0
[t= 251.4s] greedy ep660 games=  96 dec= 17785 rows= 17006 horizon=0.26 nodecap=0 over=0 card=0 exact=0 drop=0 cfgs= 27.0 L=0.05288 P=nan old=0.05216 new=0.05853 tgt=-0.061/0.540 pstd=0.360 capv=0.040 lr=1.0e-03 gen=0.1s conv=0.0s add=0.1s train=0.2s sps=0
[t= 251.8s] greedy ep661 games=  96 dec= 18532 rows= 17693 horizon=0.29 nodecap=0 over=0 card=0 exact=0 drop=0 cfgs= 23.6 L=0.05427 P=nan old=0.04845 new=0.05888 tgt=-0.009/0.497 pstd=0.369 capv=0.040 lr=1.0e-03 gen=0.1s conv=0.0s add=0.1s train=0.2s sps=0
[t= 252.2s] greedy ep662 games=  96 dec= 17590 rows= 16765 horizon=0.24 nodecap=0 over=0 card=0 exact=0 drop=0 cfgs= 25.3 L=0.05551 P=nan old=0.04683 new=0.05331 tgt=-0.017/0.509 pstd=0.393 capv=0.040 lr=1.0e-03 gen=0.1s conv=0.0s add=0.1s train=0.2s sps=0
[t= 252.6s] greedy ep663 games=  96 dec= 17608 rows= 16886 horizon=0.26 nodecap=0 over=0 card=0 exact=0 drop=0 cfgs= 25.0 L=0.05191 P=nan old=0.04683 new=0.05496 tgt=-0.009/0.491 pstd=0.381 capv=0.040 lr=1.0e-03 gen=0.1s conv=0.0s add=0.1s train=0.2s sps=0
[t= 253.0s] greedy ep664 games=  96 dec= 17714 rows= 16901 horizon=0.21 nodecap=0 over=0 card=0 exact=0 drop=0 cfgs= 26.1 L=0.05192 P=nan old=0.04970 new=0.05667 tgt=-0.028/0.511 pstd=0.391 capv=0.040 lr=1.0e-03 gen=0.1s conv=0.0s add=0.1s train=0.2s sps=0
[t= 253.3s] greedy ep665 games=  96 dec= 17910 rows= 17152 horizon=0.31 nodecap=0 over=0 card=0 exact=0 drop=0 cfgs= 24.6 L=0.05335 P=nan old=0.04883 new=0.05260 tgt=+0.005/0.486 pstd=0.380 capv=0.040 lr=1.0e-03 gen=0.1s conv=0.0s add=0.1s train=0.2s sps=0
[t= 253.7s] greedy ep666 games=  96 dec= 16608 rows= 15893 horizon=0.20 nodecap=0 over=0 card=0 exact=0 drop=0 cfgs= 27.3 L=0.05351 P=nan old=0.05040 new=0.05448 tgt=-0.038/0.539 pstd=0.382 capv=0.040 lr=1.0e-03 gen=0.1s conv=0.0s add=0.1s train=0.2s sps=0
[t= 254.1s] greedy ep667 games=  96 dec= 17340 rows= 16582 horizon=0.26 nodecap=0 over=0 card=0 exact=0 drop=0 cfgs= 25.9 L=0.05548 P=nan old=0.05312 new=0.05380 tgt=-0.005/0.506 pstd=0.395 capv=0.040 lr=1.0e-03 gen=0.1s conv=0.0s add=0.1s train=0.2s sps=0
[t= 254.5s] greedy ep668 games=  96 dec= 18541 rows= 17809 horizon=0.30 nodecap=0 over=0 card=0 exact=0 drop=0 cfgs= 24.6 L=0.05052 P=nan old=0.04971 new=0.05113 tgt=-0.032/0.464 pstd=0.378 capv=0.040 lr=1.0e-03 gen=0.1s conv=0.0s add=0.1s train=0.2s sps=0
[t= 254.9s] greedy ep669 games=  96 dec= 18795 rows= 18044 horizon=0.33 nodecap=0 over=0 card=0 exact=0 drop=0 cfgs= 23.9 L=0.04909 P=nan old=0.04721 new=0.05547 tgt=-0.008/0.476 pstd=0.364 capv=0.040 lr=1.0e-03 gen=0.1s conv=0.0s add=0.1s train=0.2s sps=0
[t= 255.3s] greedy ep670 games=  96 dec= 17294 rows= 16576 horizon=0.25 nodecap=0 over=0 card=0 exact=0 drop=0 cfgs= 24.8 L=0.05181 P=nan old=0.04555 new=0.05453 tgt=-0.026/0.511 pstd=0.383 capv=0.040 lr=1.0e-03 gen=0.1s conv=0.0s add=0.1s train=0.2s sps=0
[t= 255.7s] greedy ep671 games=  96 dec= 17524 rows= 16738 horizon=0.23 nodecap=0 over=0 card=0 exact=0 drop=0 cfgs= 25.7 L=0.05351 P=nan old=0.04760 new=0.05106 tgt=-0.030/0.530 pstd=0.377 capv=0.040 lr=1.0e-03 gen=0.1s conv=0.0s add=0.1s train=0.2s sps=0
[t= 256.1s] greedy ep672 games=  96 dec= 17217 rows= 16464 horizon=0.23 nodecap=0 over=0 card=0 exact=0 drop=0 cfgs= 26.9 L=0.05281 P=nan old=0.05153 new=0.05485 tgt=-0.049/0.546 pstd=0.387 capv=0.040 lr=1.0e-03 gen=0.1s conv=0.0s add=0.1s train=0.2s sps=0
[t= 256.4s] greedy ep673 games=  96 dec= 17781 rows= 17044 horizon=0.31 nodecap=0 over=0 card=0 exact=0 drop=0 cfgs= 25.0 L=0.05422 P=nan old=0.04735 new=0.05059 tgt=-0.057/0.544 pstd=0.397 capv=0.040 lr=1.0e-03 gen=0.1s conv=0.0s add=0.1s train=0.2s sps=0
[t= 256.8s] greedy ep674 games=  96 dec= 17206 rows= 16483 horizon=0.21 nodecap=0 over=0 card=0 exact=0 drop=0 cfgs= 24.5 L=0.05219 P=nan old=0.05501 new=0.04436 tgt=-0.029/0.546 pstd=0.392 capv=0.040 lr=1.0e-03 gen=0.1s conv=0.0s add=0.1s train=0.2s sps=0
[t= 257.2s] greedy ep675 games=  96 dec= 18653 rows= 17849 horizon=0.34 nodecap=0 over=0 card=0 exact=0 drop=0 cfgs= 24.1 L=0.05284 P=nan old=0.04646 new=0.04832 tgt=-0.055/0.485 pstd=0.415 capv=0.040 lr=1.0e-03 gen=0.1s conv=0.0s add=0.1s train=0.2s sps=0
[t= 257.6s] greedy ep676 games=  96 dec= 17942 rows= 17178 horizon=0.30 nodecap=0 over=0 card=0 exact=0 drop=0 cfgs= 25.7 L=0.05147 P=nan old=0.04927 new=0.04936 tgt=-0.051/0.498 pstd=0.393 capv=0.040 lr=1.0e-03 gen=0.1s conv=0.0s add=0.1s train=0.2s sps=0
[t= 258.0s] greedy ep677 games=  96 dec= 17823 rows= 17038 horizon=0.24 nodecap=0 over=0 card=0 exact=0 drop=0 cfgs= 25.5 L=0.05136 P=nan old=0.05083 new=0.04694 tgt=-0.010/0.520 pstd=0.401 capv=0.040 lr=1.0e-03 gen=0.1s conv=0.0s add=0.1s train=0.2s sps=0
[t= 258.4s] greedy ep678 games=  96 dec= 17516 rows= 16712 horizon=0.22 nodecap=0 over=0 card=0 exact=0 drop=0 cfgs= 26.6 L=0.05106 P=nan old=0.04614 new=0.04722 tgt=-0.046/0.527 pstd=0.376 capv=0.040 lr=1.0e-03 gen=0.1s conv=0.0s add=0.1s train=0.2s sps=0
[t= 258.8s] greedy ep679 games=  96 dec= 18346 rows= 17562 horizon=0.33 nodecap=0 over=0 card=0 exact=0 drop=0 cfgs= 24.2 L=0.05015 P=nan old=0.04989 new=0.04546 tgt=-0.018/0.477 pstd=0.404 capv=0.040 lr=1.0e-03 gen=0.1s conv=0.0s add=0.1s train=0.2s sps=0
[t= 259.2s] greedy ep680 games=  96 dec= 17999 rows= 17237 horizon=0.32 nodecap=0 over=0 card=0 exact=0 drop=0 cfgs= 26.1 L=0.05000 P=nan old=0.04730 new=0.04642 tgt=-0.082/0.503 pstd=0.398 capv=0.040 lr=1.0e-03 gen=0.1s conv=0.0s add=0.1s train=0.2s sps=0
[t= 259.6s] greedy ep681 games=  96 dec= 17653 rows= 16889 horizon=0.25 nodecap=0 over=0 card=0 exact=0 drop=0 cfgs= 25.9 L=0.05316 P=nan old=0.04896 new=0.05015 tgt=-0.030/0.503 pstd=0.401 capv=0.040 lr=1.0e-03 gen=0.1s conv=0.0s add=0.1s train=0.2s sps=0
[t= 259.9s] greedy ep682 games=  96 dec= 17301 rows= 16561 horizon=0.23 nodecap=0 over=0 card=0 exact=0 drop=0 cfgs= 26.8 L=0.05142 P=nan old=0.05111 new=0.04611 tgt=-0.029/0.518 pstd=0.384 capv=0.040 lr=1.0e-03 gen=0.1s conv=0.0s add=0.1s train=0.2s sps=0
[t= 260.3s] greedy ep683 games=  96 dec= 18159 rows= 17422 horizon=0.31 nodecap=0 over=0 card=0 exact=0 drop=0 cfgs= 25.8 L=0.05312 P=nan old=0.04900 new=0.04826 tgt=-0.060/0.491 pstd=0.384 capv=0.040 lr=1.0e-03 gen=0.1s conv=0.0s add=0.1s train=0.2s sps=0
[t= 260.7s] greedy ep684 games=  96 dec= 19000 rows= 18221 horizon=0.34 nodecap=0 over=0 card=0 exact=0 drop=0 cfgs= 23.9 L=0.05174 P=nan old=0.04524 new=0.04982 tgt=-0.022/0.448 pstd=0.380 capv=0.040 lr=1.0e-03 gen=0.1s conv=0.0s add=0.1s train=0.2s sps=0
[t= 261.1s] greedy ep685 games=  96 dec= 17615 rows= 16969 horizon=0.27 nodecap=0 over=0 card=0 exact=0 drop=0 cfgs= 28.0 L=0.05131 P=nan old=0.04648 new=0.05180 tgt=-0.043/0.510 pstd=0.396 capv=0.040 lr=1.0e-03 gen=0.1s conv=0.0s add=0.1s train=0.2s sps=0
[t= 261.5s] greedy ep686 games=  96 dec= 17713 rows= 16937 horizon=0.28 nodecap=0 over=0 card=0 exact=0 drop=0 cfgs= 25.2 L=0.05211 P=nan old=0.04675 new=0.04974 tgt=-0.079/0.538 pstd=0.398 capv=0.040 lr=1.0e-03 gen=0.1s conv=0.0s add=0.1s train=0.2s sps=0
[t= 261.9s] greedy ep687 games=  96 dec= 17220 rows= 16590 horizon=0.25 nodecap=0 over=0 card=0 exact=0 drop=0 cfgs= 24.7 L=0.05049 P=nan old=0.04644 new=0.04939 tgt=-0.060/0.532 pstd=0.393 capv=0.040 lr=1.0e-03 gen=0.1s conv=0.0s add=0.1s train=0.2s sps=0
[t= 262.3s] greedy ep688 games=  96 dec= 17051 rows= 16294 horizon=0.23 nodecap=0 over=0 card=0 exact=0 drop=0 cfgs= 25.2 L=0.05363 P=nan old=0.04770 new=0.05183 tgt=-0.053/0.548 pstd=0.393 capv=0.040 lr=1.0e-03 gen=0.1s conv=0.0s add=0.1s train=0.2s sps=0
[t= 262.6s] greedy ep689 games=  96 dec= 18077 rows= 17345 horizon=0.32 nodecap=0 over=0 card=0 exact=0 drop=0 cfgs= 24.8 L=0.05182 P=nan old=0.05246 new=0.04750 tgt=-0.058/0.499 pstd=0.391 capv=0.040 lr=1.0e-03 gen=0.1s conv=0.0s add=0.1s train=0.2s sps=0
[t= 263.0s] greedy ep690 games=  96 dec= 18319 rows= 17518 horizon=0.30 nodecap=0 over=0 card=0 exact=0 drop=0 cfgs= 26.5 L=0.05007 P=nan old=0.05101 new=0.04720 tgt=-0.036/0.486 pstd=0.409 capv=0.040 lr=1.0e-03 gen=0.1s conv=0.0s add=0.1s train=0.2s sps=0
[t= 263.4s] greedy ep691 games=  96 dec= 17753 rows= 16969 horizon=0.23 nodecap=0 over=0 card=0 exact=0 drop=0 cfgs= 25.7 L=0.05126 P=nan old=0.04570 new=0.04629 tgt=-0.010/0.516 pstd=0.392 capv=0.040 lr=1.0e-03 gen=0.1s conv=0.0s add=0.1s train=0.2s sps=0
[t= 263.8s] greedy ep692 games=  96 dec= 17792 rows= 17024 horizon=0.26 nodecap=0 over=0 card=0 exact=0 drop=0 cfgs= 25.7 L=0.05075 P=nan old=0.05010 new=0.04790 tgt=-0.016/0.498 pstd=0.416 capv=0.040 lr=1.0e-03 gen=0.1s conv=0.0s add=0.1s train=0.2s sps=0
[t= 264.2s] greedy ep693 games=  96 dec= 17690 rows= 16960 horizon=0.23 nodecap=0 over=0 card=0 exact=0 drop=0 cfgs= 26.2 L=0.05116 P=nan old=0.04723 new=0.05302 tgt=-0.047/0.535 pstd=0.395 capv=0.040 lr=1.0e-03 gen=0.1s conv=0.0s add=0.1s train=0.2s sps=0
[t= 264.6s] greedy ep694 games=  96 dec= 17700 rows= 17032 horizon=0.28 nodecap=0 over=0 card=0 exact=0 drop=0 cfgs= 26.6 L=0.05034 P=nan old=0.05050 new=0.05195 tgt=-0.041/0.520 pstd=0.377 capv=0.040 lr=1.0e-03 gen=0.1s conv=0.0s add=0.1s train=0.2s sps=0
[t= 264.9s] greedy ep695 games=  96 dec= 17802 rows= 16988 horizon=0.29 nodecap=0 over=0 card=0 exact=0 drop=0 cfgs= 23.5 L=0.05037 P=nan old=0.04189 new=0.05230 tgt=-0.044/0.492 pstd=0.378 capv=0.040 lr=1.0e-03 gen=0.1s conv=0.0s add=0.1s train=0.2s sps=0
[t= 265.3s] greedy ep696 games=  96 dec= 18720 rows= 17884 horizon=0.32 nodecap=0 over=0 card=0 exact=0 drop=0 cfgs= 24.9 L=0.05164 P=nan old=0.04768 new=0.04187 tgt=-0.022/0.495 pstd=0.385 capv=0.040 lr=1.0e-03 gen=0.1s conv=0.0s add=0.1s train=0.2s sps=0
[t= 265.7s] greedy ep697 games=  96 dec= 17646 rows= 16899 horizon=0.25 nodecap=0 over=0 card=0 exact=0 drop=0 cfgs= 25.5 L=0.05035 P=nan old=0.04733 new=0.04845 tgt=-0.040/0.515 pstd=0.404 capv=0.040 lr=1.0e-03 gen=0.1s conv=0.0s add=0.1s train=0.2s sps=0
[t= 266.1s] greedy ep698 games=  96 dec= 18544 rows= 17810 horizon=0.28 nodecap=0 over=0 card=0 exact=0 drop=0 cfgs= 23.7 L=0.05037 P=nan old=0.05288 new=0.04535 tgt=-0.025/0.489 pstd=0.398 capv=0.040 lr=1.0e-03 gen=0.1s conv=0.0s add=0.1s train=0.2s sps=0
[t= 266.5s] greedy ep699 games=  96 dec= 18415 rows= 17660 horizon=0.32 nodecap=0 over=0 card=0 exact=0 drop=0 cfgs= 25.1 L=0.05056 P=nan old=0.04531 new=0.04727 tgt=-0.028/0.468 pstd=0.420 capv=0.040 lr=1.0e-03 gen=0.1s conv=0.0s add=0.1s train=0.2s sps=0
[t= 266.9s] greedy ep700 games=  96 dec= 17594 rows= 16871 horizon=0.30 nodecap=0 over=0 card=0 exact=0 drop=0 cfgs= 25.3 L=0.05105 P=nan old=0.04874 new=0.04321 tgt=-0.022/0.494 pstd=0.385 capv=0.040 lr=1.0e-03 gen=0.1s conv=0.0s add=0.1s train=0.2s sps=0
[t= 267.3s] greedy ep701 games=  96 dec= 18567 rows= 17773 horizon=0.28 nodecap=0 over=0 card=0 exact=0 drop=0 cfgs= 24.5 L=0.05003 P=nan old=0.05344 new=0.05306 tgt=-0.027/0.487 pstd=0.385 capv=0.040 lr=1.0e-03 gen=0.1s conv=0.0s add=0.1s train=0.2s sps=0
[t= 267.7s] greedy ep702 games=  96 dec= 18081 rows= 17302 horizon=0.28 nodecap=0 over=0 card=0 exact=0 drop=0 cfgs= 26.0 L=0.04950 P=nan old=0.04766 new=0.05163 tgt=-0.015/0.492 pstd=0.394 capv=0.040 lr=1.0e-03 gen=0.1s conv=0.0s add=0.1s train=0.2s sps=0
[t= 268.1s] greedy ep703 games=  96 dec= 17622 rows= 16889 horizon=0.26 nodecap=0 over=0 card=0 exact=0 drop=0 cfgs= 26.9 L=0.05164 P=nan old=0.04636 new=0.04563 tgt=-0.019/0.498 pstd=0.363 capv=0.040 lr=1.0e-03 gen=0.1s conv=0.0s add=0.1s train=0.2s sps=0
[t= 268.5s] greedy ep704 games=  96 dec= 18317 rows= 17569 horizon=0.31 nodecap=0 over=0 card=0 exact=0 drop=0 cfgs= 23.8 L=0.04853 P=nan old=0.05239 new=0.04045 tgt=+0.008/0.469 pstd=0.396 capv=0.040 lr=1.0e-03 gen=0.1s conv=0.0s add=0.0s train=0.2s sps=0
[t= 268.8s] greedy ep705 games=  96 dec= 16948 rows= 16192 horizon=0.23 nodecap=0 over=0 card=0 exact=0 drop=0 cfgs= 25.7 L=0.05162 P=nan old=0.05034 new=0.04649 tgt=-0.024/0.516 pstd=0.385 capv=0.040 lr=1.0e-03 gen=0.1s conv=0.0s add=0.1s train=0.2s sps=0
[t= 269.2s] greedy ep706 games=  96 dec= 18743 rows= 17937 horizon=0.34 nodecap=0 over=0 card=0 exact=0 drop=0 cfgs= 24.8 L=0.04954 P=nan old=0.05198 new=0.04197 tgt=-0.047/0.470 pstd=0.394 capv=0.040 lr=1.0e-03 gen=0.1s conv=0.0s add=0.1s train=0.2s sps=0
[t= 269.6s] greedy ep707 games=  96 dec= 16875 rows= 16134 horizon=0.23 nodecap=0 over=0 card=0 exact=0 drop=0 cfgs= 26.0 L=0.04936 P=nan old=0.04406 new=0.04475 tgt=-0.052/0.518 pstd=0.382 capv=0.040 lr=1.0e-03 gen=0.1s conv=0.0s add=0.0s train=0.2s sps=0
[t= 270.0s] greedy ep708 games=  96 dec= 17281 rows= 16572 horizon=0.25 nodecap=0 over=0 card=0 exact=0 drop=0 cfgs= 25.9 L=0.04873 P=nan old=0.05100 new=0.04733 tgt=-0.027/0.496 pstd=0.383 capv=0.040 lr=1.0e-03 gen=0.1s conv=0.0s add=0.0s train=0.2s sps=0
[t= 270.3s] greedy ep709 games=  96 dec= 18253 rows= 17517 horizon=0.31 nodecap=0 over=0 card=0 exact=0 drop=0 cfgs= 24.1 L=0.04881 P=nan old=0.04953 new=0.04797 tgt=+0.003/0.487 pstd=0.396 capv=0.040 lr=1.0e-03 gen=0.1s conv=0.0s add=0.0s train=0.2s sps=0
[t= 270.7s] greedy ep710 games=  96 dec= 18598 rows= 17821 horizon=0.32 nodecap=0 over=0 card=0 exact=0 drop=0 cfgs= 24.6 L=0.05039 P=nan old=0.04467 new=0.04483 tgt=-0.025/0.486 pstd=0.394 capv=0.040 lr=1.0e-03 gen=0.1s conv=0.0s add=0.1s train=0.2s sps=0
[t= 271.1s] greedy ep711 games=  96 dec= 17439 rows= 16744 horizon=0.26 nodecap=0 over=0 card=0 exact=0 drop=0 cfgs= 25.2 L=0.04954 P=nan old=0.04916 new=0.04905 tgt=+0.000/0.512 pstd=0.410 capv=0.040 lr=1.0e-03 gen=0.1s conv=0.0s add=0.1s train=0.2s sps=0
[t= 271.5s] greedy ep712 games=  96 dec= 18358 rows= 17649 horizon=0.33 nodecap=0 over=0 card=0 exact=0 drop=0 cfgs= 26.0 L=0.05109 P=nan old=0.05112 new=0.04417 tgt=-0.042/0.506 pstd=0.398 capv=0.040 lr=1.0e-03 gen=0.1s conv=0.0s add=0.1s train=0.2s sps=0
[t= 271.9s] greedy ep713 games=  96 dec= 17434 rows= 16614 horizon=0.24 nodecap=0 over=0 card=0 exact=0 drop=0 cfgs= 28.6 L=0.04892 P=nan old=0.04488 new=0.05186 tgt=-0.087/0.536 pstd=0.385 capv=0.040 lr=1.0e-03 gen=0.1s conv=0.0s add=0.1s train=0.2s sps=0
[t= 272.3s] greedy ep714 games=  96 dec= 17941 rows= 17164 horizon=0.27 nodecap=0 over=0 card=0 exact=0 drop=0 cfgs= 25.2 L=0.04838 P=nan old=0.05031 new=0.05146 tgt=-0.001/0.466 pstd=0.392 capv=0.040 lr=1.0e-03 gen=0.1s conv=0.0s add=0.1s train=0.2s sps=0
[t= 272.7s] greedy ep715 games=  96 dec= 18304 rows= 17501 horizon=0.27 nodecap=0 over=0 card=0 exact=0 drop=0 cfgs= 26.6 L=0.04995 P=nan old=0.04416 new=0.05445 tgt=-0.007/0.494 pstd=0.401 capv=0.040 lr=1.0e-03 gen=0.1s conv=0.0s add=0.1s train=0.2s sps=0
[t= 273.0s] greedy ep716 games=  96 dec= 17925 rows= 17182 horizon=0.29 nodecap=0 over=0 card=0 exact=0 drop=0 cfgs= 24.5 L=0.04970 P=nan old=0.04463 new=0.05019 tgt=-0.028/0.499 pstd=0.391 capv=0.040 lr=1.0e-03 gen=0.1s conv=0.0s add=0.0s train=0.2s sps=0
[t= 273.5s] greedy ep717 games=  96 dec= 18649 rows= 17773 horizon=0.28 nodecap=0 over=0 card=0 exact=0 drop=0 cfgs= 25.2 L=0.05069 P=nan old=0.04757 new=0.04487 tgt=-0.040/0.518 pstd=0.419 capv=0.040 lr=1.0e-03 gen=0.1s conv=0.0s add=0.1s train=0.2s sps=0
[t= 273.8s] greedy ep718 games=  96 dec= 17998 rows= 17265 horizon=0.28 nodecap=0 over=0 card=0 exact=0 drop=0 cfgs= 24.1 L=0.05013 P=nan old=0.04301 new=0.04573 tgt=-0.034/0.484 pstd=0.385 capv=0.040 lr=1.0e-03 gen=0.1s conv=0.0s add=0.1s train=0.2s sps=0
[t= 274.2s] greedy ep719 games=  96 dec= 18413 rows= 17669 horizon=0.33 nodecap=0 over=0 card=0 exact=0 drop=0 cfgs= 25.0 L=0.04917 P=nan old=0.04520 new=0.04835 tgt=-0.022/0.505 pstd=0.380 capv=0.040 lr=1.0e-03 gen=0.1s conv=0.0s add=0.1s train=0.2s sps=0
[t= 274.6s] greedy ep720 games=  96 dec= 18010 rows= 17241 horizon=0.29 nodecap=0 over=0 card=0 exact=0 drop=0 cfgs= 24.4 L=0.04867 P=nan old=0.04730 new=0.04695 tgt=-0.078/0.501 pstd=0.371 capv=0.040 lr=1.0e-03 gen=0.1s conv=0.0s add=0.1s train=0.2s sps=0
[t= 275.0s] greedy ep721 games=  96 dec= 17974 rows= 17132 horizon=0.25 nodecap=0 over=0 card=0 exact=0 drop=0 cfgs= 25.2 L=0.04798 P=nan old=0.04702 new=0.04865 tgt=-0.045/0.503 pstd=0.392 capv=0.040 lr=1.0e-03 gen=0.1s conv=0.0s add=0.1s train=0.2s sps=0
[t= 275.3s] greedy ep722 games=  96 dec= 18177 rows= 17379 horizon=0.33 nodecap=0 over=0 card=0 exact=0 drop=0 cfgs= 24.2 L=0.04717 P=nan old=0.04520 new=0.04681 tgt=-0.046/0.502 pstd=0.386 capv=0.040 lr=1.0e-03 gen=0.1s conv=0.0s add=0.1s train=0.2s sps=0
[t= 275.7s] greedy ep723 games=  96 dec= 18560 rows= 17732 horizon=0.28 nodecap=0 over=0 card=0 exact=0 drop=0 cfgs= 24.1 L=0.04849 P=nan old=0.04820 new=0.04988 tgt=-0.034/0.493 pstd=0.394 capv=0.040 lr=1.0e-03 gen=0.1s conv=0.0s add=0.1s train=0.2s sps=0
[t= 276.1s] greedy ep724 games=  96 dec= 18690 rows= 17976 horizon=0.27 nodecap=0 over=0 card=0 exact=0 drop=0 cfgs= 25.4 L=0.04902 P=nan old=0.04886 new=0.05054 tgt=-0.042/0.530 pstd=0.394 capv=0.040 lr=1.0e-03 gen=0.1s conv=0.0s add=0.1s train=0.2s sps=0
[t= 276.5s] greedy ep725 games=  96 dec= 17349 rows= 16607 horizon=0.26 nodecap=0 over=0 card=0 exact=0 drop=0 cfgs= 27.0 L=0.04877 P=nan old=0.04886 new=0.04885 tgt=-0.031/0.517 pstd=0.394 capv=0.040 lr=1.0e-03 gen=0.1s conv=0.0s add=0.1s train=0.2s sps=0
[t= 276.9s] greedy ep726 games=  96 dec= 18436 rows= 17726 horizon=0.35 nodecap=0 over=0 card=0 exact=0 drop=0 cfgs= 25.2 L=0.04887 P=nan old=0.04671 new=0.04643 tgt=-0.038/0.503 pstd=0.387 capv=0.040 lr=1.0e-03 gen=0.1s conv=0.0s add=0.1s train=0.2s sps=0
[t= 277.3s] greedy ep727 games=  96 dec= 18971 rows= 18155 horizon=0.33 nodecap=0 over=0 card=0 exact=0 drop=0 cfgs= 23.6 L=0.04912 P=nan old=0.04684 new=0.04933 tgt=-0.037/0.475 pstd=0.401 capv=0.040 lr=1.0e-03 gen=0.1s conv=0.0s add=0.1s train=0.2s sps=0
[t= 277.7s] greedy ep728 games=  96 dec= 18352 rows= 17615 horizon=0.31 nodecap=0 over=0 card=0 exact=0 drop=0 cfgs= 24.3 L=0.04917 P=nan old=0.04521 new=0.05073 tgt=-0.059/0.515 pstd=0.381 capv=0.040 lr=1.0e-03 gen=0.1s conv=0.0s add=0.1s train=0.2s sps=0
[t= 278.1s] greedy ep729 games=  96 dec= 18035 rows= 17228 horizon=0.25 nodecap=0 over=0 card=0 exact=0 drop=0 cfgs= 26.8 L=0.05068 P=nan old=0.04768 new=0.05231 tgt=-0.053/0.509 pstd=0.379 capv=0.040 lr=1.0e-03 gen=0.1s conv=0.0s add=0.1s train=0.2s sps=0
[t= 278.5s] greedy ep730 games=  96 dec= 18661 rows= 17987 horizon=0.35 nodecap=0 over=0 card=0 exact=0 drop=0 cfgs= 26.9 L=0.05244 P=nan old=0.05020 new=0.04399 tgt=-0.066/0.495 pstd=0.376 capv=0.040 lr=1.0e-03 gen=0.1s conv=0.0s add=0.1s train=0.2s sps=0
[t= 278.9s] greedy ep731 games=  96 dec= 17925 rows= 17088 horizon=0.28 nodecap=0 over=0 card=0 exact=0 drop=0 cfgs= 25.6 L=0.04909 P=nan old=0.04668 new=0.04690 tgt=-0.029/0.534 pstd=0.369 capv=0.040 lr=1.0e-03 gen=0.1s conv=0.0s add=0.1s train=0.2s sps=0
[t= 279.3s] greedy ep732 games=  96 dec= 17775 rows= 17039 horizon=0.29 nodecap=0 over=0 card=0 exact=0 drop=0 cfgs= 25.4 L=0.04945 P=nan old=0.04963 new=0.05302 tgt=-0.095/0.498 pstd=0.381 capv=0.040 lr=1.0e-03 gen=0.1s conv=0.0s add=0.1s train=0.2s sps=0
[t= 279.7s] greedy ep733 games=  96 dec= 18336 rows= 17607 horizon=0.31 nodecap=0 over=0 card=0 exact=0 drop=0 cfgs= 26.1 L=0.04954 P=nan old=0.04397 new=0.04829 tgt=-0.056/0.517 pstd=0.385 capv=0.040 lr=1.0e-03 gen=0.1s conv=0.0s add=0.1s train=0.2s sps=0
[t= 280.1s] greedy ep734 games=  96 dec= 18213 rows= 17417 horizon=0.27 nodecap=0 over=0 card=0 exact=0 drop=0 cfgs= 25.1 L=0.04754 P=nan old=0.05029 new=0.04738 tgt=-0.015/0.502 pstd=0.368 capv=0.040 lr=1.0e-03 gen=0.1s conv=0.0s add=0.1s train=0.2s sps=0
[t= 280.4s] greedy ep735 games=  96 dec= 18016 rows= 17244 horizon=0.26 nodecap=0 over=0 card=0 exact=0 drop=0 cfgs= 24.6 L=0.04839 P=nan old=0.04676 new=0.04369 tgt=-0.041/0.512 pstd=0.379 capv=0.040 lr=1.0e-03 gen=0.1s conv=0.0s add=0.1s train=0.2s sps=0
[t= 280.8s] greedy ep736 games=  96 dec= 17853 rows= 17125 horizon=0.25 nodecap=0 over=0 card=0 exact=0 drop=0 cfgs= 24.6 L=0.04984 P=nan old=0.04378 new=0.05096 tgt=+0.001/0.496 pstd=0.373 capv=0.040 lr=1.0e-03 gen=0.1s conv=0.0s add=0.1s train=0.2s sps=0
[t= 281.2s] greedy ep737 games=  96 dec= 17960 rows= 17292 horizon=0.29 nodecap=0 over=0 card=0 exact=0 drop=0 cfgs= 24.8 L=0.04953 P=nan old=0.04577 new=0.04825 tgt=-0.020/0.509 pstd=0.369 capv=0.040 lr=1.0e-03 gen=0.1s conv=0.0s add=0.1s train=0.2s sps=0
[t= 281.5s] greedy ep738 games=  96 dec= 17570 rows= 16794 horizon=0.30 nodecap=0 over=0 card=0 exact=0 drop=0 cfgs= 26.1 L=0.05136 P=nan old=0.04850 new=0.04391 tgt=-0.049/0.467 pstd=0.394 capv=0.040 lr=1.0e-03 gen=0.1s conv=0.0s add=0.1s train=0.2s sps=0
[t= 281.9s] greedy ep739 games=  96 dec= 18970 rows= 18200 horizon=0.39 nodecap=0 over=0 card=0 exact=0 drop=0 cfgs= 25.5 L=0.04997 P=nan old=0.04705 new=0.04299 tgt=-0.075/0.476 pstd=0.396 capv=0.040 lr=1.0e-03 gen=0.1s conv=0.0s add=0.1s train=0.2s sps=0
[t= 282.3s] greedy ep740 games=  96 dec= 17816 rows= 17055 horizon=0.25 nodecap=0 over=0 card=0 exact=0 drop=0 cfgs= 26.7 L=0.04799 P=nan old=0.04880 new=0.04772 tgt=-0.038/0.512 pstd=0.409 capv=0.040 lr=1.0e-03 gen=0.1s conv=0.0s add=0.1s train=0.2s sps=0
[t= 282.7s] greedy ep741 games=  96 dec= 18082 rows= 17430 horizon=0.36 nodecap=0 over=0 card=0 exact=0 drop=0 cfgs= 23.9 L=0.04720 P=nan old=0.04533 new=0.04461 tgt=-0.039/0.504 pstd=0.391 capv=0.040 lr=1.0e-03 gen=0.1s conv=0.0s add=0.1s train=0.2s sps=0
[t= 283.1s] greedy ep742 games=  96 dec= 18949 rows= 18163 horizon=0.33 nodecap=0 over=0 card=0 exact=0 drop=0 cfgs= 24.4 L=0.04773 P=nan old=0.04327 new=0.04459 tgt=-0.013/0.437 pstd=0.386 capv=0.040 lr=1.0e-03 gen=0.1s conv=0.0s add=0.1s train=0.2s sps=0
[t= 283.5s] greedy ep743 games=  96 dec= 17796 rows= 17090 horizon=0.30 nodecap=0 over=0 card=0 exact=0 drop=0 cfgs= 27.0 L=0.04527 P=nan old=0.04613 new=0.04641 tgt=-0.035/0.497 pstd=0.390 capv=0.040 lr=1.0e-03 gen=0.1s conv=0.0s add=0.1s train=0.2s sps=0
[t= 283.9s] greedy ep744 games=  96 dec= 18398 rows= 17699 horizon=0.32 nodecap=0 over=0 card=0 exact=0 drop=0 cfgs= 25.6 L=0.04715 P=nan old=0.04573 new=0.04941 tgt=-0.037/0.474 pstd=0.368 capv=0.040 lr=1.0e-03 gen=0.1s conv=0.0s add=0.1s train=0.2s sps=0
[t= 284.3s] greedy ep745 games=  96 dec= 17421 rows= 16695 horizon=0.24 nodecap=0 over=0 card=0 exact=0 drop=0 cfgs= 27.0 L=0.04692 P=nan old=0.04440 new=0.03890 tgt=-0.049/0.519 pstd=0.387 capv=0.040 lr=1.0e-03 gen=0.1s conv=0.0s add=0.1s train=0.2s sps=0
[t= 284.7s] greedy ep746 games=  96 dec= 17997 rows= 17243 horizon=0.24 nodecap=0 over=0 card=0 exact=0 drop=0 cfgs= 26.8 L=0.04624 P=nan old=0.04846 new=0.04578 tgt=-0.040/0.530 pstd=0.414 capv=0.040 lr=1.0e-03 gen=0.1s conv=0.0s add=0.1s train=0.2s sps=0
[t= 285.1s] greedy ep747 games=  96 dec= 19117 rows= 18248 horizon=0.34 nodecap=0 over=0 card=0 exact=0 drop=0 cfgs= 24.9 L=0.04826 P=nan old=0.04477 new=0.04455 tgt=-0.025/0.494 pstd=0.406 capv=0.040 lr=1.0e-03 gen=0.1s conv=0.0s add=0.1s train=0.2s sps=0
[t= 285.4s] greedy ep748 games=  96 dec= 16769 rows= 16093 horizon=0.17 nodecap=0 over=0 card=0 exact=0 drop=0 cfgs= 27.6 L=0.04894 P=nan old=0.04847 new=0.04433 tgt=+0.009/0.527 pstd=0.399 capv=0.040 lr=1.0e-03 gen=0.1s conv=0.0s add=0.1s train=0.2s sps=0
[t= 285.9s] greedy ep749 games=  96 dec= 18235 rows= 17511 horizon=0.30 nodecap=0 over=0 card=0 exact=0 drop=0 cfgs= 26.5 L=0.04620 P=nan old=0.04396 new=0.04956 tgt=-0.040/0.498 pstd=0.401 capv=0.040 lr=1.0e-03 gen=0.1s conv=0.0s add=0.1s train=0.2s sps=0
[t= 286.3s] greedy ep750 games=  96 dec= 18967 rows= 18190 horizon=0.34 nodecap=0 over=0 card=0 exact=0 drop=0 cfgs= 24.8 L=0.04819 P=nan old=0.04642 new=0.04600 tgt=-0.054/0.500 pstd=0.393 capv=0.040 lr=1.0e-03 gen=0.1s conv=0.0s add=0.1s train=0.2s sps=0
[t= 286.7s] greedy ep751 games=  96 dec= 18436 rows= 17654 horizon=0.30 nodecap=0 over=0 card=0 exact=0 drop=0 cfgs= 24.7 L=0.04914 P=nan old=0.04572 new=0.05089 tgt=-0.031/0.491 pstd=0.394 capv=0.040 lr=1.0e-03 gen=0.1s conv=0.0s add=0.1s train=0.2s sps=0
[t= 287.1s] greedy ep752 games=  96 dec= 17631 rows= 16859 horizon=0.28 nodecap=0 over=0 card=0 exact=0 drop=0 cfgs= 25.2 L=0.04845 P=nan old=0.04317 new=0.04190 tgt=-0.010/0.503 pstd=0.401 capv=0.040 lr=1.0e-03 gen=0.1s conv=0.0s add=0.1s train=0.2s sps=0
[t= 287.5s] greedy ep753 games=  96 dec= 18315 rows= 17566 horizon=0.31 nodecap=0 over=0 card=0 exact=0 drop=0 cfgs= 23.3 L=0.04683 P=nan old=0.04523 new=0.04367 tgt=-0.052/0.483 pstd=0.406 capv=0.040 lr=1.0e-03 gen=0.1s conv=0.0s add=0.1s train=0.2s sps=0
[t= 287.9s] greedy ep754 games=  96 dec= 18293 rows= 17564 horizon=0.32 nodecap=0 over=0 card=0 exact=0 drop=0 cfgs= 23.3 L=0.04738 P=nan old=0.04398 new=0.04462 tgt=-0.038/0.499 pstd=0.428 capv=0.040 lr=1.0e-03 gen=0.1s conv=0.0s add=0.1s train=0.2s sps=0
[t= 288.3s] greedy ep755 games=  96 dec= 17904 rows= 17189 horizon=0.28 nodecap=0 over=0 card=0 exact=0 drop=0 cfgs= 26.4 L=0.04740 P=nan old=0.04751 new=0.04492 tgt=-0.053/0.497 pstd=0.416 capv=0.040 lr=1.0e-03 gen=0.1s conv=0.0s add=0.1s train=0.2s sps=0
[t= 288.7s] greedy ep756 games=  96 dec= 18949 rows= 18206 horizon=0.39 nodecap=0 over=0 card=0 exact=0 drop=0 cfgs= 23.7 L=0.04646 P=nan old=0.04478 new=0.04377 tgt=-0.066/0.471 pstd=0.425 capv=0.040 lr=1.0e-03 gen=0.1s conv=0.0s add=0.1s train=0.2s sps=0
[t= 289.1s] greedy ep757 games=  96 dec= 17421 rows= 16565 horizon=0.19 nodecap=0 over=0 card=0 exact=0 drop=0 cfgs= 29.0 L=0.04661 P=nan old=0.04390 new=0.04778 tgt=-0.049/0.539 pstd=0.429 capv=0.040 lr=1.0e-03 gen=0.1s conv=0.0s add=0.1s train=0.2s sps=0
[t= 289.4s] greedy ep758 games=  96 dec= 16803 rows= 16146 horizon=0.23 nodecap=0 over=0 card=0 exact=0 drop=0 cfgs= 26.3 L=0.04639 P=nan old=0.04546 new=0.04204 tgt=-0.061/0.524 pstd=0.421 capv=0.040 lr=1.0e-03 gen=0.1s conv=0.0s add=0.1s train=0.2s sps=0
[t= 289.9s] greedy ep759 games=  96 dec= 16669 rows= 15923 horizon=0.23 nodecap=0 over=0 card=0 exact=0 drop=0 cfgs= 28.7 L=0.04631 P=nan old=0.04396 new=0.04257 tgt=-0.031/0.549 pstd=0.428 capv=0.040 lr=1.0e-03 gen=0.1s conv=0.0s add=0.1s train=0.2s sps=0
[t= 290.3s] greedy ep760 games=  96 dec= 18253 rows= 17523 horizon=0.32 nodecap=0 over=0 card=0 exact=0 drop=0 cfgs= 24.0 L=0.04829 P=nan old=0.04137 new=0.04117 tgt=-0.040/0.490 pstd=0.430 capv=0.040 lr=1.0e-03 gen=0.1s conv=0.0s add=0.1s train=0.2s sps=0
[t= 290.7s] greedy ep761 games=  96 dec= 17531 rows= 16754 horizon=0.26 nodecap=0 over=0 card=0 exact=0 drop=0 cfgs= 26.1 L=0.04816 P=nan old=0.04475 new=0.04746 tgt=-0.017/0.508 pstd=0.426 capv=0.040 lr=1.0e-03 gen=0.1s conv=0.0s add=0.1s train=0.2s sps=0
[t= 291.1s] greedy ep762 games=  96 dec= 17639 rows= 16743 horizon=0.19 nodecap=0 over=0 card=0 exact=0 drop=0 cfgs= 26.6 L=0.04681 P=nan old=0.04611 new=0.04639 tgt=-0.012/0.500 pstd=0.431 capv=0.040 lr=1.0e-03 gen=0.1s conv=0.0s add=0.1s train=0.2s sps=0
[t= 291.5s] greedy ep763 games=  96 dec= 17336 rows= 16595 horizon=0.20 nodecap=0 over=0 card=0 exact=0 drop=0 cfgs= 25.7 L=0.04565 P=nan old=0.04359 new=0.04826 tgt=-0.015/0.523 pstd=0.431 capv=0.040 lr=1.0e-03 gen=0.1s conv=0.0s add=0.1s train=0.2s sps=0
[t= 291.9s] greedy ep764 games=  96 dec= 18531 rows= 17727 horizon=0.32 nodecap=0 over=0 card=0 exact=0 drop=0 cfgs= 27.2 L=0.04674 P=nan old=0.04537 new=0.04210 tgt=-0.018/0.483 pstd=0.431 capv=0.040 lr=1.0e-03 gen=0.1s conv=0.0s add=0.1s train=0.2s sps=0
[t= 292.3s] greedy ep765 games=  96 dec= 16841 rows= 16108 horizon=0.22 nodecap=0 over=0 card=0 exact=0 drop=0 cfgs= 26.4 L=0.04632 P=nan old=0.04658 new=0.04260 tgt=-0.035/0.553 pstd=0.415 capv=0.040 lr=1.0e-03 gen=0.1s conv=0.0s add=0.1s train=0.2s sps=0
[t= 292.6s] greedy ep766 games=  96 dec= 16776 rows= 16066 horizon=0.23 nodecap=0 over=0 card=0 exact=0 drop=0 cfgs= 24.3 L=0.04627 P=nan old=0.04451 new=0.04616 tgt=-0.040/0.511 pstd=0.427 capv=0.040 lr=1.0e-03 gen=0.1s conv=0.0s add=0.1s train=0.2s sps=0
[t= 293.0s] greedy ep767 games=  96 dec= 17818 rows= 16995 horizon=0.27 nodecap=0 over=0 card=0 exact=0 drop=0 cfgs= 24.9 L=0.04712 P=nan old=0.04366 new=0.04865 tgt=-0.046/0.503 pstd=0.430 capv=0.040 lr=1.0e-03 gen=0.1s conv=0.0s add=0.1s train=0.2s sps=0
[t= 293.4s] greedy ep768 games=  96 dec= 17870 rows= 17145 horizon=0.28 nodecap=0 over=0 card=0 exact=0 drop=0 cfgs= 26.4 L=0.04586 P=nan old=0.04368 new=0.04411 tgt=-0.047/0.500 pstd=0.418 capv=0.040 lr=1.0e-03 gen=0.1s conv=0.0s add=0.1s train=0.2s sps=0
[t= 293.8s] greedy ep769 games=  96 dec= 17758 rows= 16972 horizon=0.24 nodecap=0 over=0 card=0 exact=0 drop=0 cfgs= 26.7 L=0.04790 P=nan old=0.04577 new=0.04218 tgt=-0.032/0.508 pstd=0.418 capv=0.040 lr=1.0e-03 gen=0.1s conv=0.0s add=0.1s train=0.2s sps=0
[t= 294.2s] greedy ep770 games=  96 dec= 17729 rows= 16918 horizon=0.25 nodecap=0 over=0 card=0 exact=0 drop=0 cfgs= 25.2 L=0.04731 P=nan old=0.04401 new=0.05070 tgt=-0.030/0.523 pstd=0.422 capv=0.040 lr=1.0e-03 gen=0.1s conv=0.0s add=0.1s train=0.2s sps=0
[t= 294.6s] greedy ep771 games=  96 dec= 17613 rows= 16819 horizon=0.26 nodecap=0 over=0 card=0 exact=0 drop=0 cfgs= 27.0 L=0.04773 P=nan old=0.04311 new=0.04436 tgt=-0.043/0.510 pstd=0.426 capv=0.040 lr=1.0e-03 gen=0.1s conv=0.0s add=0.1s train=0.2s sps=0
[t= 295.0s] greedy ep772 games=  96 dec= 17896 rows= 17219 horizon=0.29 nodecap=0 over=0 card=0 exact=0 drop=0 cfgs= 24.1 L=0.04908 P=nan old=0.04146 new=0.04736 tgt=-0.013/0.492 pstd=0.425 capv=0.040 lr=1.0e-03 gen=0.1s conv=0.0s add=0.1s train=0.2s sps=0
[t= 295.4s] greedy ep773 games=  96 dec= 18787 rows= 18084 horizon=0.38 nodecap=0 over=0 card=0 exact=0 drop=0 cfgs= 25.0 L=0.04700 P=nan old=0.04774 new=0.04720 tgt=-0.047/0.456 pstd=0.416 capv=0.040 lr=1.0e-03 gen=0.1s conv=0.0s add=0.1s train=0.2s sps=0
[t= 295.8s] greedy ep774 games=  96 dec= 18926 rows= 18136 horizon=0.29 nodecap=0 over=0 card=0 exact=0 drop=0 cfgs= 23.7 L=0.04754 P=nan old=0.04274 new=0.04765 tgt=-0.018/0.472 pstd=0.404 capv=0.040 lr=1.0e-03 gen=0.1s conv=0.0s add=0.1s train=0.2s sps=0
[t= 296.2s] greedy ep775 games=  96 dec= 17471 rows= 16713 horizon=0.22 nodecap=0 over=0 card=0 exact=0 drop=0 cfgs= 26.2 L=0.04621 P=nan old=0.03833 new=0.04172 tgt=-0.048/0.543 pstd=0.428 capv=0.040 lr=1.0e-03 gen=0.1s conv=0.0s add=0.1s train=0.2s sps=0
[t= 296.6s] greedy ep776 games=  96 dec= 18163 rows= 17408 horizon=0.30 nodecap=0 over=0 card=0 exact=0 drop=0 cfgs= 26.4 L=0.04731 P=nan old=0.04447 new=0.04568 tgt=-0.079/0.513 pstd=0.409 capv=0.040 lr=1.0e-03 gen=0.1s conv=0.0s add=0.1s train=0.2s sps=0
[t= 297.0s] greedy ep777 games=  96 dec= 18633 rows= 17858 horizon=0.32 nodecap=0 over=0 card=0 exact=0 drop=0 cfgs= 24.6 L=0.04852 P=nan old=0.04342 new=0.04492 tgt=-0.017/0.494 pstd=0.417 capv=0.040 lr=1.0e-03 gen=0.1s conv=0.0s add=0.1s train=0.2s sps=0
[t= 297.4s] greedy ep778 games=  96 dec= 17916 rows= 17125 horizon=0.23 nodecap=0 over=0 card=0 exact=0 drop=0 cfgs= 27.1 L=0.04580 P=nan old=0.04953 new=0.04611 tgt=-0.054/0.540 pstd=0.409 capv=0.040 lr=1.0e-03 gen=0.1s conv=0.0s add=0.1s train=0.2s sps=0
[t= 297.8s] greedy ep779 games=  96 dec= 17811 rows= 17034 horizon=0.25 nodecap=0 over=0 card=0 exact=0 drop=0 cfgs= 23.1 L=0.04648 P=nan old=0.04283 new=0.04219 tgt=-0.035/0.511 pstd=0.410 capv=0.040 lr=1.0e-03 gen=0.1s conv=0.0s add=0.1s train=0.2s sps=0
[t= 298.2s] greedy ep780 games=  96 dec= 17808 rows= 16996 horizon=0.29 nodecap=0 over=0 card=0 exact=0 drop=0 cfgs= 24.3 L=0.04693 P=nan old=0.04325 new=0.04564 tgt=-0.027/0.497 pstd=0.427 capv=0.040 lr=1.0e-03 gen=0.1s conv=0.0s add=0.1s train=0.2s sps=0
[t= 298.6s] greedy ep781 games=  96 dec= 16939 rows= 16236 horizon=0.21 nodecap=0 over=0 card=0 exact=0 drop=0 cfgs= 26.7 L=0.04866 P=nan old=0.03740 new=0.04475 tgt=+0.015/0.536 pstd=0.432 capv=0.040 lr=1.0e-03 gen=0.1s conv=0.0s add=0.1s train=0.2s sps=0
[t= 298.9s] greedy ep782 games=  96 dec= 17994 rows= 17291 horizon=0.32 nodecap=0 over=0 card=0 exact=0 drop=0 cfgs= 23.7 L=0.04601 P=nan old=0.04466 new=0.04392 tgt=-0.035/0.500 pstd=0.405 capv=0.040 lr=1.0e-03 gen=0.1s conv=0.0s add=0.1s train=0.2s sps=0
[t= 299.3s] greedy ep783 games=  96 dec= 17838 rows= 17055 horizon=0.25 nodecap=0 over=0 card=0 exact=0 drop=0 cfgs= 25.6 L=0.04785 P=nan old=0.04674 new=0.04873 tgt=-0.039/0.522 pstd=0.404 capv=0.040 lr=1.0e-03 gen=0.1s conv=0.0s add=0.1s train=0.2s sps=0
[t= 299.7s] greedy ep784 games=  96 dec= 17731 rows= 16923 horizon=0.26 nodecap=0 over=0 card=0 exact=0 drop=0 cfgs= 25.0 L=0.04686 P=nan old=0.04263 new=0.04520 tgt=-0.071/0.528 pstd=0.396 capv=0.040 lr=1.0e-03 gen=0.1s conv=0.0s add=0.1s train=0.2s sps=0
[t= 300.1s] greedy ep785 games=  96 dec= 18031 rows= 17145 horizon=0.31 nodecap=0 over=0 card=0 exact=0 drop=0 cfgs= 24.7 L=0.04569 P=nan old=0.04530 new=0.04623 tgt=-0.058/0.511 pstd=0.411 capv=0.040 lr=1.0e-03 gen=0.1s conv=0.0s add=0.1s train=0.2s sps=0
[t= 300.1s] --- snapshot snap_00.pt (init) ---
[t= 300.1s] --- switching to ReBeL ---
v5 GEMM compute=fast-f16
[t= 310.2s] rebel stream solves=10240 solves=1024/s rows=4965/s balanced_rows=4914/s debt=256 rows steps=24 over=0 card=0 drop=0 L=0.03285 tgt=-0.008/0.311 cfg/b=41834 prep=0.11s gpu=0.00s conv=0.01s add=0.24s train=0.72s
[t= 320.2s] rebel stream solves=15360 solves=766/s rows=4520/s balanced_rows=4495/s debt=256 rows steps=44 over=0 card=0 drop=0 L=0.01783 tgt=-0.006/0.267 cfg/b=38050 prep=0.10s gpu=0.00s conv=0.01s add=0.32s train=0.59s
[t= 330.4s] rebel stream solves=23552 solves=778/s rows=5158/s balanced_rows=5141/s debt=256 rows steps=76 over=0 card=0 drop=0 L=0.01072 tgt=-0.002/0.267 cfg/b=67064 prep=0.18s gpu=0.00s conv=0.05s add=0.88s train=1.01s
[t= 340.4s] rebel stream solves=41984 solves=1042/s rows=7538/s balanced_rows=7525/s debt=256 rows steps=148 over=0 card=0 drop=0 L=0.00659 tgt=-0.005/0.271 cfg/b=60500 prep=0.43s gpu=0.00s conv=0.02s add=0.54s train=2.49s
[t= 350.5s] rebel stream solves=47104 solves=936/s rows=6850/s balanced_rows=6840/s debt=256 rows steps=168 over=0 card=0 drop=0 L=0.00546 tgt=+0.011/0.271 cfg/b=47921 prep=0.10s gpu=0.00s conv=0.01s add=0.17s train=0.62s
[t= 360.5s] rebel stream solves=53248 solves=883/s rows=6528/s balanced_rows=6520/s debt=249 rows steps=192 over=0 card=0 drop=0 L=0.00525 tgt=+0.026/0.283 cfg/b=45988 prep=0.14s gpu=0.00s conv=0.00s add=0.18s train=0.77s
[t= 370.5s] rebel stream solves=57344 solves=815/s rows=6062/s balanced_rows=6055/s debt=246 rows steps=208 over=0 card=0 drop=0 L=0.00517 tgt=+0.026/0.286 cfg/b=43961 prep=0.07s gpu=0.00s conv=0.00s add=0.22s train=0.44s
[t= 380.5s] rebel stream solves=63488 solves=790/s rows=5919/s balanced_rows=5913/s debt=246 rows steps=232 over=0 card=0 drop=0 L=0.00459 tgt=+0.025/0.280 cfg/b=45742 prep=0.08s gpu=0.00s conv=0.02s add=0.38s train=0.62s
[t= 390.6s] rebel stream solves=70656 solves=782/s rows=5895/s balanced_rows=5890/s debt=246 rows steps=260 over=0 card=0 drop=0 L=0.00433 tgt=+0.035/0.276 cfg/b=42233 prep=0.12s gpu=0.00s conv=0.01s add=0.28s train=0.79s
[t= 400.6s] rebel stream solves=74752 solves=744/s rows=5632/s balanced_rows=5627/s debt=242 rows steps=276 over=0 card=0 drop=0 L=0.00411 tgt=+0.033/0.281 cfg/b=38036 prep=0.07s gpu=0.00s conv=0.00s add=0.16s train=0.47s
[t= 410.7s] rebel stream solves=80896 solves=732/s rows=5565/s balanced_rows=5560/s debt=232 rows steps=300 over=0 card=0 drop=0 L=0.00401 tgt=+0.037/0.284 cfg/b=35776 prep=0.14s gpu=0.00s conv=0.00s add=0.15s train=0.79s
[t= 420.7s] rebel stream solves=84992 solves=705/s rows=5374/s balanced_rows=5370/s debt=218 rows steps=316 over=0 card=0 drop=0 L=0.00396 tgt=+0.060/0.292 cfg/b=33773 prep=0.07s gpu=0.00s conv=0.00s add=0.11s train=0.46s
[t= 430.7s] rebel stream solves=89088 solves=682/s rows=5211/s balanced_rows=5208/s debt=207 rows steps=332 over=0 card=0 drop=0 L=0.00397 tgt=+0.046/0.302 cfg/b=34618 prep=0.08s gpu=0.00s conv=0.01s add=0.12s train=0.51s
[t= 440.7s] rebel stream solves=94208 solves=670/s rows=5131/s balanced_rows=5128/s debt=165 rows steps=352 over=0 card=0 drop=0 L=0.00388 tgt=+0.052/0.314 cfg/b=34899 prep=0.12s gpu=0.00s conv=0.00s add=0.11s train=0.66s
[t= 450.7s] rebel stream solves=97280 solves=646/s rows=4952/s balanced_rows=4950/s debt=140 rows steps=364 over=0 card=0 drop=0 L=0.00382 tgt=+0.053/0.297 cfg/b=35296 prep=0.09s gpu=0.00s conv=0.00s add=0.11s train=0.39s
[t= 460.7s] rebel stream solves=100352 solves=625/s rows=4796/s balanced_rows=4795/s debt=109 rows steps=376 over=0 card=0 drop=0 L=0.00373 tgt=+0.050/0.306 cfg/b=34908 prep=0.05s gpu=0.00s conv=0.00s add=0.13s train=0.35s
[t= 470.8s] rebel stream solves=103424 solves=606/s rows=4658/s balanced_rows=4657/s debt=78 rows steps=388 over=0 card=0 drop=0 L=0.00374 tgt=+0.059/0.322 cfg/b=34660 prep=0.05s gpu=0.00s conv=0.01s add=0.10s train=0.35s
[t= 480.8s] rebel stream solves=107520 solves=595/s rows=4581/s balanced_rows=4580/s debt=22 rows steps=404 over=0 card=0 drop=0 L=0.00368 tgt=+0.070/0.301 cfg/b=33911 prep=0.07s gpu=0.00s conv=0.00s add=0.11s train=0.46s
[t= 490.8s] rebel stream solves=109568 solves=575/s rows=4426/s balanced_rows=4415/s debt=1021 rows steps=411 over=0 card=0 drop=0 L=0.00358 tgt=+0.057/0.328 cfg/b=31481 prep=0.05s gpu=0.00s conv=0.00s add=0.09s train=0.23s
[t= 500.8s] rebel stream solves=113664 solves=566/s rows=4367/s balanced_rows=4358/s debt=958 rows steps=427 over=0 card=0 drop=0 L=0.00365 tgt=+0.085/0.319 cfg/b=31076 prep=0.09s gpu=0.00s conv=0.01s add=0.13s train=0.50s
[t= 510.9s] rebel stream solves=116736 solves=554/s rows=4275/s balanced_rows=4267/s debt=878 rows steps=439 over=0 card=0 drop=0 L=0.00362 tgt=+0.095/0.318 cfg/b=30935 prep=0.06s gpu=0.00s conv=0.00s add=0.10s train=0.36s
[t= 520.9s] rebel stream solves=118784 solves=538/s rows=4155/s balanced_rows=4147/s debt=822 rows steps=447 over=0 card=0 drop=0 L=0.00342 tgt=+0.117/0.309 cfg/b=29937 prep=0.07s gpu=0.00s conv=0.00s add=0.06s train=0.28s
[t= 530.9s] rebel stream solves=120832 solves=524/s rows=4045/s balanced_rows=4038/s debt=776 rows steps=455 over=0 card=0 drop=0 L=0.00356 tgt=+0.092/0.319 cfg/b=30661 prep=0.04s gpu=0.00s conv=0.00s add=0.08s train=0.24s
[t= 540.9s] rebel stream solves=123904 solves=515/s rows=3978/s balanced_rows=3972/s debt=699 rows steps=467 over=0 card=0 drop=0 L=0.00357 tgt=+0.072/0.308 cfg/b=30590 prep=0.05s gpu=0.00s conv=0.00s add=0.08s train=0.34s
[t= 551.0s] rebel stream solves=126976 solves=506/s rows=3916/s balanced_rows=3911/s debt=618 rows steps=479 over=0 card=0 drop=0 L=0.00362 tgt=+0.112/0.310 cfg/b=31075 prep=0.08s gpu=0.00s conv=0.00s add=0.10s train=0.38s
[t= 561.0s] rebel stream solves=130048 solves=499/s rows=3859/s balanced_rows=3855/s debt=517 rows steps=491 over=0 card=0 drop=0 L=0.00389 tgt=+0.122/0.310 cfg/b=29580 prep=0.05s gpu=0.00s conv=0.00s add=0.08s train=0.34s
[t= 571.0s] rebel stream solves=132096 solves=488/s rows=3776/s balanced_rows=3773/s debt=454 rows steps=499 over=0 card=0 drop=0 L=0.00388 tgt=+0.106/0.334 cfg/b=29074 prep=0.08s gpu=0.00s conv=0.00s add=0.07s train=0.30s
[t= 581.1s] rebel stream solves=134144 solves=478/s rows=3699/s balanced_rows=3696/s debt=394 rows steps=507 over=0 card=0 drop=0 L=0.00391 tgt=+0.118/0.304 cfg/b=30055 prep=0.05s gpu=0.00s conv=0.00s add=0.06s train=0.24s
[t= 591.1s] rebel stream solves=137216 solves=472/s rows=3655/s balanced_rows=3653/s debt=310 rows steps=519 over=0 card=0 drop=0 L=0.00397 tgt=+0.112/0.326 cfg/b=29988 prep=0.14s gpu=0.00s conv=0.00s add=0.10s train=0.48s
[t= 601.1s] rebel stream solves=140288 solves=466/s rows=3614/s balanced_rows=3613/s debt=209 rows steps=531 over=0 card=0 drop=0 L=0.00372 tgt=+0.104/0.330 cfg/b=29360 prep=0.07s gpu=0.00s conv=0.00s add=0.10s train=0.40s
[t= 611.2s] rebel stream solves=143360 solves=461/s rows=3576/s balanced_rows=3576/s debt=114 rows steps=543 over=0 card=0 drop=0 L=0.00409 tgt=+0.126/0.333 cfg/b=29482 prep=0.09s gpu=0.00s conv=0.00s add=0.10s train=0.43s
[t= 621.2s] rebel stream solves=146432 solves=456/s rows=3541/s balanced_rows=3534/s debt=1009 rows steps=554 over=0 card=0 drop=0 L=0.00383 tgt=+0.140/0.312 cfg/b=28728 prep=0.05s gpu=0.00s conv=0.00s add=0.08s train=0.32s
[t= 631.2s] rebel stream solves=148480 solves=449/s rows=3483/s balanced_rows=3477/s debt=942 rows steps=562 over=0 card=0 drop=0 L=0.00411 tgt=+0.113/0.324 cfg/b=29075 prep=0.03s gpu=0.00s conv=0.00s add=0.07s train=0.25s
[t= 641.2s] rebel stream solves=150528 solves=441/s rows=3428/s balanced_rows=3423/s debt=858 rows steps=570 over=0 card=0 drop=0 L=0.00410 tgt=+0.144/0.318 cfg/b=29732 prep=0.04s gpu=0.00s conv=0.00s add=0.06s train=0.27s
[t= 651.2s] rebel stream solves=153600 solves=438/s rows=3399/s balanced_rows=3395/s debt=736 rows steps=582 over=0 card=0 drop=0 L=0.00433 tgt=+0.133/0.328 cfg/b=28711 prep=0.05s gpu=0.00s conv=0.00s add=0.10s train=0.33s
[t= 661.3s] rebel stream solves=155648 solves=431/s rows=3350/s balanced_rows=3346/s debt=648 rows steps=590 over=0 card=0 drop=0 L=0.00424 tgt=+0.154/0.325 cfg/b=28680 prep=0.04s gpu=0.00s conv=0.00s add=0.07s train=0.25s
[t= 671.3s] rebel stream solves=158720 solves=428/s rows=3325/s balanced_rows=3322/s debt=508 rows steps=602 over=0 card=0 drop=0 L=0.00462 tgt=+0.152/0.318 cfg/b=30287 prep=0.10s gpu=0.00s conv=0.00s add=0.08s train=0.41s
[t= 681.3s] rebel stream solves=160768 solves=422/s rows=3280/s balanced_rows=3278/s debt=390 rows steps=610 over=0 card=0 drop=0 L=0.00442 tgt=+0.177/0.316 cfg/b=28610 prep=0.04s gpu=0.00s conv=0.00s add=0.08s train=0.24s
[t= 691.3s] rebel stream solves=162816 solves=416/s rows=3237/s balanced_rows=3236/s debt=326 rows steps=618 over=0 card=0 drop=0 L=0.00483 tgt=+0.145/0.320 cfg/b=29067 prep=0.03s gpu=0.00s conv=0.00s add=0.07s train=0.24s
[t= 701.4s] rebel stream solves=164864 solves=411/s rows=3197/s balanced_rows=3196/s debt=232 rows steps=626 over=0 card=0 drop=0 L=0.00431 tgt=+0.161/0.333 cfg/b=28214 prep=0.11s gpu=0.00s conv=0.00s add=0.07s train=0.33s
[t= 711.4s] rebel stream solves=167936 solves=408/s rows=3178/s balanced_rows=3177/s debt=71 rows steps=638 over=0 card=0 drop=0 L=0.00513 tgt=+0.148/0.323 cfg/b=28198 prep=0.08s gpu=0.00s conv=0.00s add=0.11s train=0.39s
[t= 721.4s] rebel stream solves=171008 solves=406/s rows=3160/s balanced_rows=3155/s debt=885 rows steps=649 over=0 card=0 drop=0 L=0.00501 tgt=+0.146/0.317 cfg/b=28063 prep=0.09s gpu=0.00s conv=0.00s add=0.08s train=0.37s
[t= 731.4s] rebel stream solves=173056 solves=401/s rows=3124/s balanced_rows=3120/s debt=756 rows steps=657 over=0 card=0 drop=0 L=0.00514 tgt=+0.157/0.322 cfg/b=27846 prep=0.04s gpu=0.00s conv=0.00s add=0.06s train=0.25s
[t= 741.5s] rebel stream solves=176128 solves=399/s rows=3107/s balanced_rows=3105/s debt=538 rows steps=669 over=0 card=0 drop=0 L=0.00553 tgt=+0.149/0.315 cfg/b=28480 prep=0.06s gpu=0.00s conv=0.00s add=0.08s train=0.35s
[t= 751.5s] rebel stream solves=179200 solves=397/s rows=3092/s balanced_rows=3090/s debt=339 rows steps=681 over=0 card=0 drop=0 L=0.00547 tgt=+0.154/0.323 cfg/b=28776 prep=0.06s gpu=0.00s conv=0.01s add=0.09s train=0.38s
[t= 761.5s] rebel stream solves=182272 solves=395/s rows=3077/s balanced_rows=3076/s debt=129 rows steps=693 over=0 card=0 drop=0 L=0.00549 tgt=+0.144/0.328 cfg/b=28715 prep=0.05s gpu=0.00s conv=0.01s add=0.12s train=0.37s
[t= 771.6s] rebel stream solves=185344 solves=393/s rows=3062/s balanced_rows=3058/s debt=915 rows steps=704 over=0 card=0 drop=0 L=0.00557 tgt=+0.143/0.307 cfg/b=29018 prep=0.06s gpu=0.00s conv=0.00s add=0.11s train=0.35s
[t= 781.6s] rebel stream solves=187392 solves=389/s rows=3032/s balanced_rows=3029/s debt=778 rows steps=712 over=0 card=0 drop=0 L=0.00622 tgt=+0.153/0.323 cfg/b=27986 prep=0.04s gpu=0.00s conv=0.00s add=0.05s train=0.21s
[t= 791.7s] rebel stream solves=190464 solves=388/s rows=3019/s balanced_rows=3017/s debt=590 rows steps=724 over=0 card=0 drop=0 L=0.00585 tgt=+0.148/0.358 cfg/b=29014 prep=0.07s gpu=0.00s conv=0.01s add=0.12s train=0.35s
[t= 795.2s] --- lr -> 5.00e-04 ---
[t= 800.2s] --- snapshot snap_01.pt (s1) ---
[t= 801.7s] rebel stream solves=193536 solves=386/s rows=3007/s balanced_rows=3005/s debt=390 rows steps=736 over=0 card=0 drop=0 L=0.00686 tgt=+0.135/0.342 cfg/b=28654 prep=0.05s gpu=0.00s conv=0.00s add=0.12s train=0.34s
[t= 811.8s] rebel stream solves=195584 solves=382/s rows=2979/s balanced_rows=2978/s debt=236 rows steps=744 over=0 card=0 drop=0 L=0.00612 tgt=+0.145/0.322 cfg/b=28778 prep=0.03s gpu=0.00s conv=0.00s add=0.10s train=0.22s
[t= 821.8s] rebel stream solves=198656 solves=381/s rows=2968/s balanced_rows=2964/s debt=1004 rows steps=755 over=0 card=0 drop=0 L=0.00640 tgt=+0.140/0.341 cfg/b=28674 prep=0.05s gpu=0.00s conv=0.00s add=0.13s train=0.30s
[t= 831.8s] rebel stream solves=201728 solves=379/s rows=2957/s balanced_rows=2955/s debt=696 rows steps=767 over=0 card=0 drop=0 L=0.00660 tgt=+0.152/0.351 cfg/b=28307 prep=0.05s gpu=0.00s conv=0.00s add=0.10s train=0.34s
[t= 841.8s] rebel stream solves=204800 solves=378/s rows=2947/s balanced_rows=2945/s debt=441 rows steps=779 over=0 card=0 drop=0 L=0.00744 tgt=+0.148/0.343 cfg/b=29283 prep=0.05s gpu=0.00s conv=0.00s add=0.11s train=0.36s
[t= 851.8s] rebel stream solves=207872 solves=377/s rows=2937/s balanced_rows=2936/s debt=164 rows steps=791 over=0 card=0 drop=0 L=0.00716 tgt=+0.134/0.325 cfg/b=29590 prep=0.09s gpu=0.00s conv=0.01s add=0.12s train=0.41s
[t= 861.8s] rebel stream solves=211968 solves=377/s rows=2942/s balanced_rows=2939/s debt=779 rows steps=806 over=0 card=0 drop=0 L=0.00805 tgt=+0.137/0.319 cfg/b=29653 prep=0.10s gpu=0.00s conv=0.00s add=0.17s train=0.48s
[t= 871.9s] rebel stream solves=212992 solves=373/s rows=2904/s balanced_rows=2902/s debt=664 rows steps=810 over=1 card=1 drop=0 L=0.00705 tgt=+0.114/0.343 cfg/b=29922 prep=0.07s gpu=0.00s conv=0.00s add=0.05s train=0.16s
[t= 881.9s] rebel stream solves=216064 solves=371/s rows=2895/s balanced_rows=2894/s debt=415 rows steps=822 over=1 card=1 drop=0 L=0.00784 tgt=+0.113/0.313 cfg/b=29154 prep=0.05s gpu=0.00s conv=0.00s add=0.11s train=0.34s
[t= 891.9s] rebel stream solves=220160 solves=372/s rows=2901/s balanced_rows=2900/s debt=82 rows steps=838 over=1 card=1 drop=0 L=0.00794 tgt=+0.116/0.313 cfg/b=30225 prep=0.11s gpu=0.00s conv=0.00s add=0.18s train=0.50s
[t= 901.9s] rebel stream solves=223232 solves=371/s rows=2892/s balanced_rows=2889/s debt=854 rows steps=849 over=1 card=1 drop=0 L=0.00842 tgt=+0.117/0.321 cfg/b=29853 prep=0.05s gpu=0.00s conv=0.00s add=0.11s train=0.33s
[t= 912.0s] rebel stream solves=226304 solves=370/s rows=2884/s balanced_rows=2882/s debt=546 rows steps=861 over=1 card=1 drop=0 L=0.00798 tgt=+0.095/0.307 cfg/b=30633 prep=0.09s gpu=0.00s conv=0.00s add=0.13s train=0.39s
[t= 922.0s] rebel stream solves=229376 solves=369/s rows=2876/s balanced_rows=2875/s debt=322 rows steps=873 over=1 card=1 drop=0 L=0.00864 tgt=+0.113/0.299 cfg/b=30552 prep=0.05s gpu=0.00s conv=0.01s add=0.14s train=0.34s
[t= 932.0s] rebel stream solves=232448 solves=368/s rows=2869/s balanced_rows=2868/s debt=74 rows steps=885 over=1 card=1 drop=0 L=0.00839 tgt=+0.100/0.308 cfg/b=30581 prep=0.05s gpu=0.00s conv=0.00s add=0.13s train=0.33s
[t= 942.2s] rebel stream solves=236544 solves=368/s rows=2873/s balanced_rows=2871/s debt=699 rows steps=900 over=1 card=1 drop=0 L=0.00892 tgt=+0.105/0.307 cfg/b=30147 prep=0.06s gpu=0.00s conv=0.00s add=0.15s train=0.41s
[t= 952.2s] rebel stream solves=239616 solves=367/s rows=2866/s balanced_rows=2864/s debt=426 rows steps=912 over=1 card=1 drop=0 L=0.00892 tgt=+0.112/0.330 cfg/b=30539 prep=0.05s gpu=0.00s conv=0.01s add=0.11s train=0.33s
[t= 962.3s] rebel stream solves=244736 solves=370/s rows=2883/s balanced_rows=2882/s debt=27 rows steps=932 over=1 card=1 drop=0 L=0.00993 tgt=+0.098/0.313 cfg/b=31305 prep=0.07s gpu=0.00s conv=0.01s add=0.17s train=0.52s
[t= 972.4s] rebel stream solves=248832 solves=370/s rows=2887/s balanced_rows=2885/s debt=746 rows steps=947 over=1 card=1 drop=0 L=0.00978 tgt=+0.086/0.310 cfg/b=31660 prep=0.08s gpu=0.00s conv=0.01s add=0.16s train=0.46s
[t= 982.4s] rebel stream solves=253952 solves=372/s rows=2903/s balanced_rows=2903/s debt=274 rows steps=967 over=1 card=1 drop=0 L=0.00920 tgt=+0.082/0.320 cfg/b=31516 prep=0.09s gpu=0.00s conv=0.01s add=0.21s train=0.56s
[t= 992.4s] rebel stream solves=258048 solves=373/s rows=2908/s balanced_rows=2905/s debt=955 rows steps=982 over=1 card=1 drop=0 L=0.00961 tgt=+0.087/0.325 cfg/b=31928 prep=0.07s gpu=0.00s conv=0.01s add=0.18s train=0.44s
[t=1002.5s] rebel stream solves=263168 solves=375/s rows=2923/s balanced_rows=2922/s debt=514 rows steps=1002 over=1 card=1 drop=0 L=0.00970 tgt=+0.087/0.320 cfg/b=31803 prep=0.09s gpu=0.00s conv=0.01s add=0.23s train=0.58s
[t=1012.5s] rebel stream solves=267264 solves=375/s rows=2927/s balanced_rows=2927/s debt=129 rows steps=1018 over=1 card=1 drop=0 L=0.01029 tgt=+0.068/0.313 cfg/b=31894 prep=0.07s gpu=0.00s conv=0.01s add=0.16s train=0.46s
[t=1022.5s] rebel stream solves=271360 solves=376/s rows=2931/s balanced_rows=2929/s debt=800 rows steps=1033 over=1 card=1 drop=0 L=0.01061 tgt=+0.079/0.316 cfg/b=31522 prep=0.14s gpu=0.00s conv=0.01s add=0.19s train=0.53s
[t=1032.5s] rebel stream solves=276480 solves=378/s rows=2945/s balanced_rows=2945/s debt=344 rows steps=1053 over=1 card=1 drop=0 L=0.01035 tgt=+0.067/0.291 cfg/b=30569 prep=0.09s gpu=0.00s conv=0.01s add=0.24s train=0.60s
[t=1042.6s] rebel stream solves=281600 solves=379/s rows=2960/s balanced_rows=2957/s debt=998 rows steps=1072 over=1 card=1 drop=0 L=0.01017 tgt=+0.072/0.315 cfg/b=29741 prep=0.10s gpu=0.00s conv=0.01s add=0.22s train=0.59s
[t=1052.6s] rebel stream solves=285696 solves=380/s rows=2963/s balanced_rows=2961/s debt=686 rows steps=1088 over=1 card=1 drop=0 L=0.01096 tgt=+0.070/0.306 cfg/b=30343 prep=0.07s gpu=0.00s conv=0.01s add=0.20s train=0.44s
[t=1062.6s] rebel stream solves=289792 solves=380/s rows=2966/s balanced_rows=2965/s debt=392 rows steps=1104 over=1 card=1 drop=0 L=0.00998 tgt=+0.062/0.292 cfg/b=30628 prep=0.08s gpu=0.00s conv=0.01s add=0.14s train=0.48s
[t=1072.6s] rebel stream solves=293888 solves=380/s rows=2970/s balanced_rows=2969/s debt=77 rows steps=1120 over=1 card=1 drop=0 L=0.01130 tgt=+0.048/0.279 cfg/b=30723 prep=0.07s gpu=0.00s conv=0.01s add=0.14s train=0.45s
[t=1082.6s] rebel stream solves=297984 solves=381/s rows=2972/s balanced_rows=2971/s debt=688 rows steps=1135 over=1 card=1 drop=0 L=0.01003 tgt=+0.053/0.286 cfg/b=30981 prep=0.07s gpu=0.00s conv=0.01s add=0.18s train=0.44s
[t=1092.7s] rebel stream solves=301056 solves=380/s rows=2965/s balanced_rows=2964/s debt=471 rows steps=1147 over=1 card=1 drop=0 L=0.01030 tgt=+0.047/0.283 cfg/b=31335 prep=0.06s gpu=0.00s conv=0.00s add=0.13s train=0.37s
[t=1102.7s] rebel stream solves=305152 solves=380/s rows=2969/s balanced_rows=2968/s debt=264 rows steps=1163 over=1 card=1 drop=0 L=0.01020 tgt=+0.060/0.301 cfg/b=30986 prep=0.07s gpu=0.00s conv=0.01s add=0.17s train=0.45s
[t=1112.7s] rebel stream solves=309248 solves=381/s rows=2971/s balanced_rows=2969/s debt=974 rows steps=1178 over=1 card=1 drop=0 L=0.00968 tgt=+0.056/0.291 cfg/b=31577 prep=0.08s gpu=0.00s conv=0.01s add=0.19s train=0.46s
[t=1122.7s] rebel stream solves=313344 solves=381/s rows=2974/s balanced_rows=2973/s debt=686 rows steps=1194 over=1 card=1 drop=0 L=0.01024 tgt=+0.055/0.317 cfg/b=31349 prep=0.07s gpu=0.00s conv=0.01s add=0.19s train=0.47s
[t=1132.7s] rebel stream solves=316416 solves=380/s rows=2968/s balanced_rows=2967/s debt=452 rows steps=1206 over=1 card=1 drop=0 L=0.01036 tgt=+0.035/0.285 cfg/b=31357 prep=0.06s gpu=0.00s conv=0.01s add=0.14s train=0.35s
[t=1142.8s] rebel stream solves=320512 solves=380/s rows=2970/s balanced_rows=2970/s debt=140 rows steps=1222 over=1 card=1 drop=0 L=0.01025 tgt=+0.052/0.303 cfg/b=31411 prep=0.07s gpu=0.00s conv=0.01s add=0.20s train=0.47s
[t=1152.8s] rebel stream solves=323584 solves=379/s rows=2964/s balanced_rows=2961/s debt=930 rows steps=1233 over=1 card=1 drop=0 L=0.01012 tgt=+0.042/0.301 cfg/b=30992 prep=0.05s gpu=0.00s conv=0.01s add=0.13s train=0.32s
[t=1162.9s] rebel stream solves=327680 solves=380/s rows=2967/s balanced_rows=2965/s debt=654 rows steps=1249 over=1 card=1 drop=0 L=0.01016 tgt=+0.032/0.286 cfg/b=31200 prep=0.07s gpu=0.00s conv=0.01s add=0.19s train=0.45s
[t=1172.9s] rebel stream solves=331776 solves=380/s rows=2969/s balanced_rows=2969/s debt=374 rows steps=1265 over=1 card=1 drop=0 L=0.00974 tgt=+0.037/0.285 cfg/b=32356 prep=0.10s gpu=0.00s conv=0.01s add=0.22s train=0.46s
[t=1182.9s] rebel stream solves=335872 solves=380/s rows=2972/s balanced_rows=2972/s debt=128 rows steps=1281 over=1 card=1 drop=0 L=0.01007 tgt=+0.028/0.280 cfg/b=32262 prep=0.08s gpu=0.00s conv=0.01s add=0.18s train=0.43s
[t=1192.9s] rebel stream solves=338944 solves=380/s rows=2966/s balanced_rows=2964/s debt=922 rows steps=1292 over=1 card=1 drop=0 L=0.01033 tgt=+0.019/0.279 cfg/b=32965 prep=0.08s gpu=0.00s conv=0.01s add=0.17s train=0.34s
[t=1203.0s] rebel stream solves=343040 solves=380/s rows=2968/s balanced_rows=2967/s debt=610 rows steps=1308 over=1 card=1 drop=0 L=0.01050 tgt=+0.034/0.287 cfg/b=32513 prep=0.07s gpu=0.00s conv=0.01s add=0.19s train=0.44s
[t=1213.0s] rebel stream solves=346112 solves=379/s rows=2962/s balanced_rows=2961/s debt=386 rows steps=1320 over=1 card=1 drop=0 L=0.00921 tgt=+0.028/0.275 cfg/b=33046 prep=0.05s gpu=0.00s conv=0.01s add=0.18s train=0.32s
[t=1223.0s] rebel stream solves=350208 solves=379/s rows=2965/s balanced_rows=2965/s debt=120 rows steps=1336 over=1 card=1 drop=0 L=0.01013 tgt=+0.026/0.279 cfg/b=32880 prep=0.07s gpu=0.00s conv=0.01s add=0.18s train=0.45s
[t=1233.0s] rebel stream solves=354304 solves=380/s rows=2968/s balanced_rows=2966/s debt=836 rows steps=1351 over=1 card=1 drop=0 L=0.00959 tgt=+0.024/0.279 cfg/b=33434 prep=0.07s gpu=0.00s conv=0.01s add=0.18s train=0.42s
[t=1243.0s] rebel stream solves=357376 solves=379/s rows=2962/s balanced_rows=2961/s debt=630 rows steps=1363 over=1 card=1 drop=0 L=0.00959 tgt=+0.030/0.284 cfg/b=33140 prep=0.05s gpu=0.00s conv=0.01s add=0.14s train=0.34s
[t=1253.1s] rebel stream solves=361472 solves=379/s rows=2965/s balanced_rows=2964/s debt=395 rows steps=1379 over=1 card=1 drop=0 L=0.00965 tgt=+0.024/0.272 cfg/b=32408 prep=0.07s gpu=0.00s conv=0.01s add=0.21s train=0.46s
[t=1263.1s] rebel stream solves=365568 solves=380/s rows=2967/s balanced_rows=2967/s debt=154 rows steps=1395 over=1 card=1 drop=0 L=0.00973 tgt=+0.022/0.286 cfg/b=33291 prep=0.06s gpu=0.00s conv=0.01s add=0.22s train=0.40s
[t=1273.1s] rebel stream solves=367616 solves=378/s rows=2953/s balanced_rows=2953/s debt=48 rows steps=1403 over=1 card=1 drop=0 L=0.01018 tgt=+0.027/0.267 cfg/b=32664 prep=0.03s gpu=0.00s conv=0.00s add=0.12s train=0.20s
[t=1283.1s] rebel stream solves=370688 solves=377/s rows=2948/s balanced_rows=2946/s debt=856 rows steps=1414 over=1 card=1 drop=0 L=0.01076 tgt=+0.028/0.285 cfg/b=33215 prep=0.06s gpu=0.00s conv=0.01s add=0.13s train=0.33s
[t=1293.2s] rebel stream solves=373760 solves=376/s rows=2942/s balanced_rows=2941/s debt=670 rows steps=1426 over=1 card=1 drop=0 L=0.00990 tgt=+0.020/0.275 cfg/b=34176 prep=0.06s gpu=0.00s conv=0.01s add=0.16s train=0.36s
[t=1300.2s] --- snapshot snap_02.pt (s2) ---
[t=1304.6s] rebel stream solves=377856 solves=376/s rows=2941/s balanced_rows=2936/s debt=2417 rows steps=1440 over=1 card=1 drop=0 L=0.00951 tgt=+0.020/0.284 cfg/b=33486 prep=0.08s gpu=0.00s conv=0.01s add=0.22s train=0.41s
[t=1305.2s] --- lr -> 2.50e-04 ---
[t=1314.6s] rebel stream solves=380928 solves=376/s rows=2936/s balanced_rows=2935/s debt=156 rows steps=1454 over=1 card=1 drop=0 L=0.00976 tgt=+0.017/0.293 cfg/b=34715 prep=0.07s gpu=0.00s conv=0.01s add=0.16s train=0.43s
[t=1324.6s] rebel stream solves=384000 solves=375/s rows=2931/s balanced_rows=2929/s debt=945 rows steps=1465 over=1 card=1 drop=0 L=0.00952 tgt=+0.026/0.294 cfg/b=34395 prep=0.05s gpu=0.00s conv=0.01s add=0.15s train=0.31s
[t=1334.7s] rebel stream solves=387072 solves=374/s rows=2925/s balanced_rows=2924/s debt=690 rows steps=1477 over=1 card=1 drop=0 L=0.00931 tgt=+0.025/0.275 cfg/b=34870 prep=0.05s gpu=0.00s conv=0.01s add=0.16s train=0.35s
[t=1344.7s] rebel stream solves=390144 solves=374/s rows=2920/s balanced_rows=2919/s debt=522 rows steps=1489 over=1 card=1 drop=0 L=0.01073 tgt=+0.027/0.284 cfg/b=34538 prep=0.04s gpu=0.00s conv=0.01s add=0.15s train=0.34s
[t=1354.7s] rebel stream solves=393216 solves=373/s rows=2915/s balanced_rows=2915/s debt=284 rows steps=1501 over=1 card=1 drop=0 L=0.01036 tgt=+0.024/0.293 cfg/b=35074 prep=0.06s gpu=0.00s conv=0.02s add=0.15s train=0.36s
[t=1364.7s] rebel stream solves=396288 solves=372/s rows=2911/s balanced_rows=2911/s debt=32 rows steps=1513 over=1 card=1 drop=0 L=0.01013 tgt=+0.027/0.301 cfg/b=34225 prep=0.05s gpu=0.00s conv=0.01s add=0.18s train=0.35s
[t=1374.8s] rebel stream solves=399360 solves=372/s rows=2906/s balanced_rows=2904/s debt=828 rows steps=1524 over=1 card=1 drop=0 L=0.00928 tgt=+0.024/0.292 cfg/b=35535 prep=0.04s gpu=0.00s conv=0.01s add=0.14s train=0.30s
[t=1384.8s] rebel stream solves=402432 solves=371/s rows=2901/s balanced_rows=2900/s debt=660 rows steps=1536 over=1 card=1 drop=0 L=0.01079 tgt=+0.023/0.285 cfg/b=36520 prep=0.05s gpu=0.00s conv=0.01s add=0.16s train=0.33s
[t=1394.8s] rebel stream solves=404480 solves=370/s rows=2890/s balanced_rows=2889/s debt=478 rows steps=1544 over=1 card=1 drop=0 L=0.01072 tgt=+0.017/0.303 cfg/b=35963 prep=0.03s gpu=0.00s conv=0.00s add=0.11s train=0.25s
[t=1404.8s] rebel stream solves=408576 solves=370/s rows=2892/s balanced_rows=2892/s debt=174 rows steps=1560 over=1 card=1 drop=0 L=0.01082 tgt=+0.012/0.300 cfg/b=36104 prep=0.06s gpu=0.00s conv=0.01s add=0.23s train=0.41s
[t=1414.8s] rebel stream solves=411648 solves=369/s rows=2888/s balanced_rows=2886/s debt=1008 rows steps=1571 over=1 card=1 drop=0 L=0.01041 tgt=+0.019/0.290 cfg/b=37116 prep=0.07s gpu=0.00s conv=0.01s add=0.15s train=0.31s
[t=1424.9s] rebel stream solves=414720 solves=369/s rows=2884/s balanced_rows=2883/s debt=739 rows steps=1583 over=1 card=1 drop=0 L=0.01116 tgt=+0.023/0.289 cfg/b=36521 prep=0.06s gpu=0.00s conv=0.01s add=0.13s train=0.33s
[t=1434.9s] rebel stream solves=417792 solves=368/s rows=2880/s balanced_rows=2879/s debt=568 rows steps=1595 over=1 card=1 drop=0 L=0.01083 tgt=+0.011/0.300 cfg/b=37479 prep=0.05s gpu=0.00s conv=0.01s add=0.17s train=0.32s
[t=1444.9s] rebel stream solves=420864 solves=368/s rows=2876/s balanced_rows=2875/s debt=417 rows steps=1607 over=1 card=1 drop=0 L=0.01028 tgt=+0.022/0.311 cfg/b=37142 prep=0.05s gpu=0.00s conv=0.01s add=0.17s train=0.36s
[t=1454.9s] rebel stream solves=424960 solves=368/s rows=2879/s balanced_rows=2878/s debt=84 rows steps=1623 over=1 card=1 drop=0 L=0.01030 tgt=+0.021/0.292 cfg/b=36952 prep=0.08s gpu=0.00s conv=0.01s add=0.21s train=0.46s
[t=1464.9s] rebel stream solves=428032 solves=367/s rows=2875/s balanced_rows=2873/s debt=951 rows steps=1634 over=1 card=1 drop=0 L=0.01070 tgt=+0.025/0.303 cfg/b=36627 prep=0.06s gpu=0.00s conv=0.01s add=0.18s train=0.34s
[t=1475.0s] rebel stream solves=431104 solves=367/s rows=2871/s balanced_rows=2869/s debt=720 rows steps=1646 over=1 card=1 drop=0 L=0.01095 tgt=+0.018/0.302 cfg/b=37804 prep=0.07s gpu=0.00s conv=0.01s add=0.17s train=0.35s
[t=1485.0s] rebel stream solves=435200 solves=367/s rows=2874/s balanced_rows=2873/s debt=444 rows steps=1662 over=1 card=1 drop=0 L=0.01023 tgt=+0.025/0.300 cfg/b=38249 prep=0.06s gpu=0.00s conv=0.01s add=0.19s train=0.45s
[t=1495.0s] rebel stream solves=438272 solves=367/s rows=2870/s balanced_rows=2869/s debt=195 rows steps=1674 over=1 card=1 drop=0 L=0.00993 tgt=+0.034/0.297 cfg/b=38089 prep=0.05s gpu=0.00s conv=0.01s add=0.16s train=0.33s
[t=1505.0s] rebel stream solves=441344 solves=366/s rows=2866/s balanced_rows=2866/s debt=2 rows steps=1686 over=1 card=1 drop=0 L=0.01138 tgt=+0.024/0.303 cfg/b=38264 prep=0.05s gpu=0.00s conv=0.01s add=0.17s train=0.35s
[t=1515.1s] rebel stream solves=444416 solves=366/s rows=2862/s balanced_rows=2861/s debt=796 rows steps=1697 over=1 card=1 drop=0 L=0.01073 tgt=+0.018/0.312 cfg/b=39024 prep=0.05s gpu=0.00s conv=0.01s add=0.17s train=0.29s
[t=1525.1s] rebel stream solves=447488 solves=365/s rows=2858/s balanced_rows=2857/s debt=582 rows steps=1709 over=1 card=1 drop=0 L=0.01079 tgt=-0.001/0.288 cfg/b=38707 prep=0.05s gpu=0.00s conv=0.01s add=0.18s train=0.35s
[t=1535.1s] rebel stream solves=450560 solves=365/s rows=2855/s balanced_rows=2854/s debt=404 rows steps=1721 over=1 card=1 drop=0 L=0.01077 tgt=+0.012/0.321 cfg/b=38967 prep=0.08s gpu=0.00s conv=0.01s add=0.18s train=0.38s
[t=1545.1s] rebel stream solves=453632 solves=364/s rows=2851/s balanced_rows=2851/s debt=204 rows steps=1733 over=1 card=1 drop=0 L=0.01092 tgt=+0.011/0.312 cfg/b=38112 prep=0.07s gpu=0.00s conv=0.01s add=0.17s train=0.38s
[t=1555.1s] rebel stream solves=456704 solves=364/s rows=2848/s balanced_rows=2846/s debt=969 rows steps=1744 over=1 card=1 drop=0 L=0.01210 tgt=+0.003/0.328 cfg/b=39203 prep=0.06s gpu=0.00s conv=0.01s add=0.14s train=0.32s
[t=1565.1s] rebel stream solves=459776 solves=363/s rows=2844/s balanced_rows=2843/s debt=703 rows steps=1756 over=1 card=1 drop=0 L=0.01033 tgt=+0.009/0.325 cfg/b=38856 prep=0.05s gpu=0.00s conv=0.01s add=0.13s train=0.32s
[t=1575.1s] rebel stream solves=462848 solves=363/s rows=2841/s balanced_rows=2840/s debt=444 rows steps=1768 over=1 card=1 drop=0 L=0.01144 tgt=+0.012/0.304 cfg/b=38733 prep=0.06s gpu=0.00s conv=0.01s add=0.16s train=0.34s
[t=1585.2s] rebel stream solves=466944 solves=363/s rows=2843/s balanced_rows=2843/s debt=146 rows steps=1784 over=1 card=1 drop=0 L=0.01018 tgt=+0.021/0.315 cfg/b=39341 prep=0.06s gpu=0.00s conv=0.01s add=0.19s train=0.44s
[t=1595.2s] rebel stream solves=470016 solves=363/s rows=2840/s balanced_rows=2839/s debt=922 rows steps=1795 over=1 card=1 drop=0 L=0.01088 tgt=-0.003/0.328 cfg/b=39450 prep=0.05s gpu=0.00s conv=0.01s add=0.17s train=0.32s
[t=1605.3s] rebel stream solves=473088 solves=362/s rows=2837/s balanced_rows=2835/s debt=691 rows steps=1807 over=1 card=1 drop=0 L=0.01111 tgt=+0.019/0.300 cfg/b=39373 prep=0.05s gpu=0.00s conv=0.01s add=0.16s train=0.33s
[t=1615.3s] rebel stream solves=476160 solves=362/s rows=2833/s balanced_rows=2833/s debt=488 rows steps=1819 over=1 card=1 drop=0 L=0.01113 tgt=+0.017/0.314 cfg/b=38354 prep=0.05s gpu=0.00s conv=0.01s add=0.14s train=0.32s
[t=1625.4s] rebel stream solves=480256 solves=362/s rows=2836/s balanced_rows=2836/s debt=162 rows steps=1835 over=1 card=1 drop=0 L=0.01118 tgt=+0.009/0.300 cfg/b=38913 prep=0.08s gpu=0.00s conv=0.01s add=0.22s train=0.47s
[t=1635.4s] rebel stream solves=484352 solves=363/s rows=2839/s balanced_rows=2838/s debt=945 rows steps=1850 over=1 card=1 drop=0 L=0.01102 tgt=+0.011/0.309 cfg/b=38981 prep=0.08s gpu=0.00s conv=0.01s add=0.21s train=0.43s
[t=1645.4s] rebel stream solves=488448 solves=363/s rows=2842/s balanced_rows=2841/s debt=676 rows steps=1866 over=1 card=1 drop=0 L=0.01091 tgt=+0.029/0.312 cfg/b=39611 prep=0.07s gpu=0.00s conv=0.01s add=0.21s train=0.46s
[t=1655.4s] rebel stream solves=490496 solves=362/s rows=2833/s balanced_rows=2832/s debt=556 rows steps=1874 over=2 card=2 drop=0 L=0.01093 tgt=+0.008/0.316 cfg/b=39604 prep=0.03s gpu=0.00s conv=0.01s add=0.13s train=0.20s
[t=1665.4s] rebel stream solves=494592 solves=362/s rows=2836/s balanced_rows=2835/s debt=294 rows steps=1890 over=2 card=2 drop=0 L=0.01103 tgt=+0.024/0.321 cfg/b=39687 prep=0.07s gpu=0.00s conv=0.01s add=0.22s train=0.41s
[t=1675.5s] rebel stream solves=497664 solves=362/s rows=2832/s balanced_rows=2832/s debt=80 rows steps=1902 over=2 card=2 drop=0 L=0.01049 tgt=+0.002/0.330 cfg/b=39632 prep=0.05s gpu=0.00s conv=0.01s add=0.19s train=0.31s
[t=1685.5s] rebel stream solves=501760 solves=362/s rows=2835/s balanced_rows=2834/s debt=818 rows steps=1917 over=2 card=2 drop=0 L=0.01059 tgt=+0.015/0.311 cfg/b=39486 prep=0.06s gpu=0.00s conv=0.01s add=0.23s train=0.37s
[t=1695.5s] rebel stream solves=505856 solves=363/s rows=2838/s balanced_rows=2837/s debt=496 rows steps=1933 over=2 card=2 drop=0 L=0.01096 tgt=+0.012/0.317 cfg/b=38836 prep=0.07s gpu=0.00s conv=0.01s add=0.16s train=0.43s
[t=1705.5s] rebel stream solves=509952 solves=363/s rows=2840/s balanced_rows=2840/s debt=184 rows steps=1949 over=2 card=2 drop=0 L=0.01049 tgt=+0.011/0.321 cfg/b=38790 prep=0.07s gpu=0.00s conv=0.01s add=0.19s train=0.43s
[t=1715.5s] rebel stream solves=514048 solves=363/s rows=2843/s balanced_rows=2842/s debt=910 rows steps=1964 over=2 card=2 drop=0 L=0.01055 tgt=+0.019/0.317 cfg/b=39833 prep=0.07s gpu=0.00s conv=0.01s add=0.19s train=0.42s
[t=1725.6s] rebel stream solves=517120 solves=363/s rows=2840/s balanced_rows=2839/s debt=742 rows steps=1976 over=2 card=2 drop=0 L=0.01060 tgt=+0.018/0.299 cfg/b=40365 prep=0.05s gpu=0.00s conv=0.01s add=0.18s train=0.34s
[t=1735.6s] rebel stream solves=520192 solves=362/s rows=2837/s balanced_rows=2836/s debt=543 rows steps=1988 over=2 card=2 drop=0 L=0.00994 tgt=+0.013/0.310 cfg/b=40266 prep=0.05s gpu=0.00s conv=0.01s add=0.15s train=0.32s
[t=1745.6s] rebel stream solves=524288 solves=363/s rows=2840/s balanced_rows=2839/s debt=274 rows steps=2004 over=2 card=2 drop=0 L=0.01066 tgt=+0.017/0.311 cfg/b=39134 prep=0.06s gpu=0.00s conv=0.01s add=0.20s train=0.45s
[t=1755.6s] rebel stream solves=528384 solves=363/s rows=2842/s balanced_rows=2842/s debt=0 rows steps=2020 over=2 card=2 drop=0 L=0.01048 tgt=+0.017/0.309 cfg/b=40296 prep=0.07s gpu=0.00s conv=0.01s add=0.20s train=0.46s
[t=1765.6s] rebel stream solves=531456 solves=363/s rows=2840/s balanced_rows=2838/s debt=860 rows steps=2031 over=2 card=2 drop=0 L=0.01036 tgt=+0.019/0.313 cfg/b=39662 prep=0.04s gpu=0.00s conv=0.01s add=0.17s train=0.30s
[t=1775.6s] rebel stream solves=535552 solves=363/s rows=2842/s balanced_rows=2841/s debt=531 rows steps=2047 over=2 card=2 drop=0 L=0.01055 tgt=+0.013/0.330 cfg/b=40749 prep=0.08s gpu=0.00s conv=0.01s add=0.22s train=0.48s
[t=1780.0s] --- stopping GPU admission; draining ---
[t=1784.1s] rebel stream solves=538481 solves=363/s rows=2841/s balanced_rows=2840/s debt=798 rows steps=2058 over=2 card=2 drop=0 L=0.01049 tgt=+0.012/0.323 cfg/b=39365 prep=0.05s gpu=0.00s conv=0.01s add=0.16s train=0.32s
[gpu-summary] solves=538481 rows=4216379 optimizer_rows=2107392 ratio=0.500 debt=798 solves=359.0/s rows=2811.2/s balanced_rows=2810.1/s over=2 card=2 exact=0 censored=4608 dropped=0 overrun=0.00s
[t=1800.0s] --- snapshot snap_03.pt (final) ---
[report] runs/warm-base-s1/report.html
