Linux 6.8.0-136-generic (856a17914eb3) 	08/10/26 	_x86_64_	(72 CPU)

12:56:42     CPU    %usr   %nice    %sys %iowait    %irq   %soft  %steal  %guest  %gnice   %idle
12:56:43     all    6.72    0.00    0.42    0.00    0.00    0.00    0.00    0.00    0.00   92.86
12:56:44     all    0.97    0.00    0.85    0.00    0.00    0.00    0.00    0.00    0.00   98.18
12:56:45     all    1.44    0.00    0.31    0.00    0.00    0.00    0.00    0.00    0.00   98.25
12:56:46     all    1.19    0.00    0.47    0.00    0.00    0.00    0.00    0.00    0.00   98.33
12:56:47     all    1.54    0.00    0.22    0.00    0.00    0.00    0.00    0.00    0.00   98.24
12:56:48     all    1.71    0.00    0.32    0.00    0.00    0.00    0.00    0.00    0.00   97.97
12:56:49     all    1.46    0.00    0.26    0.00    0.00    0.00    0.00    0.00    0.00   98.28
12:56:50     all    1.97    0.00    0.32    0.00    0.00    0.00    0.00    0.00    0.00   97.71
12:56:51     all    2.04    0.00    0.26    0.00    0.00    0.00    0.00    0.00    0.00   97.69
12:56:52     all    1.39    0.00    0.26    0.00    0.00    0.00    0.00    0.00    0.00   98.35
12:56:53     all    1.54    0.00    0.19    0.00    0.00    0.00    0.00    0.00    0.00   98.26
12:56:54     all    1.64    0.00    0.21    0.00    0.00    0.00    0.00    0.00    0.00   98.15
12:56:55     all    1.47    0.00    0.31    0.00    0.00    0.00    0.00    0.00    0.00   98.22
12:56:56     all    1.50    0.01    0.18    0.00    0.00    0.00    0.00    0.00    0.00   98.30
12:56:57     all    1.67    0.01    0.25    0.00    0.00    0.00    0.00    0.00    0.00   98.07
12:56:58     all    1.54    0.00    0.24    0.00    0.00    0.00    0.00    0.00    0.00   98.22
12:56:59     all    1.50    0.00    0.28    0.00    0.00    0.00    0.00    0.00    0.00   98.22
12:57:00     all    1.60    0.00    0.26    0.00    0.00    0.00    0.00    0.00    0.00   98.14
12:57:01     all    1.47    0.00    0.24    0.00    0.00    0.00    0.00    0.00    0.00   98.29
12:57:02     all    1.42    0.00    0.24    0.00    0.00    0.00    0.00    0.00    0.00   98.35
12:57:03     all    1.61    0.00    0.14    0.00    0.00    0.00    0.00    0.00    0.00   98.25
12:57:04     all    1.49    0.00    0.25    0.00    0.00    0.00    0.00    0.00    0.00   98.26
12:57:05     all    1.49    0.00    0.21    0.00    0.00    0.00    0.00    0.00    0.00   98.31
12:57:06     all    1.60    0.00    0.25    0.00    0.00    0.00    0.00    0.00    0.00   98.15
12:57:07     all    1.42    0.00    0.18    0.00    0.00    0.00    0.00    0.00    0.00   98.40
12:57:08     all    1.58    0.00    0.11    0.00    0.00    0.00    0.00    0.00    0.00   98.31
12:57:09     all    1.65    0.00    0.28    0.00    0.00    0.00    0.00    0.00    0.00   98.07
12:57:10     all    1.35    0.00    0.18    0.00    0.00    0.00    0.00    0.00    0.00   98.47
12:57:11     all    1.78    0.00    0.28    0.00    0.00    0.00    0.00    0.00    0.00   97.94
12:57:12     all    2.11    0.00    0.36    0.00    0.00    0.00    0.00    0.00    0.00   97.53
12:57:13     all    2.54    0.00    1.01    0.00    0.00    0.00    0.00    0.00    0.00   96.44
12:57:14     all    1.67    0.00    0.14    0.00    0.00    0.00    0.00    0.00    0.00   98.19
12:57:15     all    3.29    0.00    0.35    0.00    0.00    0.00    0.00    0.00    0.00   96.37
12:57:16     all    1.45    0.00    0.13    0.00    0.00    0.00    0.00    0.00    0.00   98.43
12:57:17     all    3.50    0.00    0.28    0.00    0.00    0.00    0.00    0.00    0.00   96.22
12:57:18     all    1.67    0.00    0.14    0.00    0.00    0.00    0.00    0.00    0.00   98.19
12:57:19     all    3.49    0.00    0.26    0.00    0.00    0.00    0.00    0.00    0.00   96.25
12:57:20     all    3.85    0.00    0.14    0.00    0.00    0.00    0.00    0.00    0.00   96.01
12:57:21     all    1.64    0.01    0.18    0.00    0.00    0.00    0.00    0.00    0.00   98.17
12:57:22     all    3.60    0.01    0.24    0.00    0.00    0.00    0.00    0.00    0.00   96.15
12:57:23     all    1.76    0.00    0.22    0.00    0.00    0.00    0.00    0.00    0.00   98.01
12:57:24     all    3.70    0.00    0.24    0.00    0.00    0.00    0.00    0.00    0.00   96.06
12:57:25     all    1.46    0.00    0.15    0.00    0.00    0.00    0.00    0.00    0.00   98.39
12:57:26     all    3.81    0.00    0.26    0.00    0.00    0.00    0.00    0.00    0.00   95.93
12:57:27     all    1.78    0.01    0.19    0.00    0.00    0.00    0.00    0.00    0.00   98.01
12:57:28     all    3.51    0.00    0.29    0.00    0.00    0.00    0.00    0.00    0.00   96.20
12:57:29     all    3.70    0.00    0.46    0.00    0.00    0.00    0.00    0.00    0.00   95.84
12:57:30     all    1.68    0.00    0.15    0.00    0.00    0.00    0.00    0.00    0.00   98.17
12:57:31     all    3.65    0.00    0.19    0.00    0.00    0.00    0.00    0.00    0.00   96.15
12:57:32     all    1.62    0.00    0.12    0.00    0.00    0.00    0.00    0.00    0.00   98.25
12:57:33     all    3.83    0.00    0.26    0.00    0.00    0.00    0.00    0.00    0.00   95.91
12:57:34     all    2.04    0.00    0.36    0.00    0.00    0.00    0.00    0.00    0.00   97.60
12:57:35     all    3.60    0.00    0.31    0.00    0.00    0.00    0.00    0.00    0.00   96.10
12:57:36     all    3.68    0.00    0.19    0.00    0.00    0.03    0.00    0.00    0.00   96.09
12:57:37     all    1.51    0.00    0.12    0.00    0.00    0.00    0.00    0.00    0.00   98.36
12:57:38     all    3.61    0.00    0.28    0.00    0.00    0.00    0.00    0.00    0.00   96.11
12:57:39     all    1.89    0.00    0.25    0.00    0.00    0.00    0.00    0.00    0.00   97.86
12:57:40     all    3.49    0.00    0.39    0.00    0.00    0.00    0.00    0.00    0.00   96.12
12:57:41     all    2.07    0.00    0.24    0.00    0.00    0.00    0.00    0.00    0.00   97.69
12:57:42     all    3.87    0.00    0.24    0.00    0.00    0.00    0.00    0.00    0.00   95.90
12:57:43     all    1.63    0.00    0.17    0.00    0.00    0.00    0.00    0.00    0.00   98.21
12:57:44     all    3.74    0.01    0.29    0.00    0.00    0.00    0.00    0.00    0.00   95.96
12:57:45     all    3.91    0.00    0.50    0.00    0.00    0.00    0.00    0.00    0.00   95.59
12:57:46     all    1.57    0.00    0.18    0.00    0.00    0.00    0.00    0.00    0.00   98.25
12:57:47     all    3.79    0.00    0.18    0.00    0.00    0.00    0.00    0.00    0.00   96.03
12:57:48     all    1.82    0.00    0.19    0.00    0.00    0.00    0.00    0.00    0.00   97.99
12:57:49     all    3.69    0.00    0.32    0.00    0.00    0.00    0.00    0.00    0.00   95.99
12:57:50     all    1.54    0.00    0.13    0.00    0.00    0.00    0.00    0.00    0.00   98.33
12:57:51     all    3.82    0.00    0.24    0.00    0.00    0.00    0.00    0.00    0.00   95.94
12:57:52     all    3.85    0.00    0.17    0.00    0.00    0.00    0.00    0.00    0.00   95.99
12:57:53     all    2.03    0.00    0.24    0.00    0.00    0.00    0.00    0.00    0.00   97.74
12:57:54     all    3.85    0.00    0.53    0.00    0.00    0.00    0.00    0.00    0.00   95.62
12:57:55     all    1.58    0.00    0.17    0.00    0.00    0.00    0.00    0.00    0.00   98.25
12:57:56     all    3.98    0.00    0.26    0.00    0.00    0.00    0.00    0.00    0.00   95.76
12:57:57     all    1.93    0.00    0.31    0.01    0.00    0.00    0.00    0.00    0.00   97.75
12:57:58     all    3.52    0.00    0.26    0.00    0.00    0.00    0.00    0.00    0.00   96.21
12:57:59     all    1.60    0.00    0.13    0.00    0.00    0.00    0.00    0.00    0.00   98.28
12:58:00     all    4.03    0.00    0.39    0.00    0.00    0.00    0.00    0.00    0.00   95.58
12:58:01     all    1.60    0.00    0.29    0.00    0.00    0.00    0.00    0.00    0.00   98.11
12:58:02     all    3.72    0.00    0.24    0.00    0.00    0.00    0.00    0.00    0.00   96.04
12:58:03     all    1.64    0.00    0.14    0.00    0.00    0.00    0.00    0.00    0.00   98.22
12:58:04     all    3.67    0.00    0.31    0.00    0.00    0.00    0.00    0.00    0.00   96.03
12:58:05     all    3.85    0.00    0.32    0.00    0.00    0.00    0.00    0.00    0.00   95.83
12:58:06     all    1.67    0.00    0.14    0.00    0.00    0.00    0.00    0.00    0.00   98.19
12:58:07     all    3.68    0.00    0.31    0.00    0.00    0.00    0.00    0.00    0.00   96.01
12:58:08     all    1.64    0.00    0.15    0.00    0.00    0.00    0.00    0.00    0.00   98.21
12:58:09     all    3.77    0.00    0.35    0.00    0.00    0.00    0.00    0.00    0.00   95.89
12:58:10     all    1.60    0.00    0.18    0.00    0.00    0.00    0.00    0.00    0.00   98.22
12:58:11     all    3.72    0.00    0.19    0.00    0.00    0.00    0.00    0.00    0.00   96.08
12:58:12     all    1.63    0.00    0.18    0.00    0.00    0.00    0.00    0.00    0.00   98.19
12:58:13     all    3.73    0.00    0.28    0.00    0.00    0.00    0.00    0.00    0.00   96.00
12:58:14     all    1.54    0.00    0.08    0.00    0.00    0.01    0.00    0.00    0.00   98.36
12:58:15     all    3.83    0.00    0.39    0.00    0.00    0.00    0.00    0.00    0.00   95.78
12:58:16     all    3.38    0.00    0.22    0.00    0.00    0.00    0.00    0.00    0.00   96.40
12:58:17     all    1.63    0.00    0.21    0.00    0.00    0.00    0.00    0.00    0.00   98.16
12:58:18     all    3.90    0.00    0.26    0.00    0.00    0.00    0.00    0.00    0.00   95.83
12:58:19     all    1.88    0.00    0.21    0.00    0.00    0.00    0.00    0.00    0.00   97.91
12:58:20     all    3.89    0.00    0.40    0.00    0.00    0.00    0.00    0.00    0.00   95.71
12:58:21     all    1.65    0.00    0.15    0.00    0.00    0.00    0.00    0.00    0.00   98.20
12:58:22     all    3.54    0.00    0.36    0.00    0.00    0.00    0.00    0.00    0.00   96.10
12:58:23     all    1.65    0.00    0.11    0.00    0.00    0.00    0.00    0.00    0.00   98.23
12:58:24     all    3.78    0.00    0.31    0.00    0.00    0.00    0.00    0.00    0.00   95.91
12:58:25     all    1.50    0.00    0.18    0.00    0.00    0.00    0.00    0.00    0.00   98.32
12:58:26     all    3.84    0.00    0.25    0.00    0.00    0.00    0.00    0.00    0.00   95.91
12:58:27     all    1.67    0.00    0.17    0.00    0.00    0.00    0.00    0.00    0.00   98.17
12:58:28     all    3.58    0.00    0.21    0.00    0.00    0.00    0.00    0.00    0.00   96.21
12:58:29     all    1.64    0.00    0.13    0.00    0.00    0.00    0.00    0.00    0.00   98.23
12:58:30     all    3.86    0.00    0.43    0.00    0.00    0.00    0.00    0.00    0.00   95.71
12:58:31     all    1.45    0.00    0.22    0.00    0.00    0.00    0.00    0.00    0.00   98.33
12:58:32     all    3.91    0.00    0.29    0.00    0.00    0.00    0.00    0.00    0.00   95.79
12:58:33     all    1.81    0.00    0.33    0.00    0.00    0.00    0.00    0.00    0.00   97.86
12:58:34     all    3.58    0.00    0.18    0.00    0.00    0.00    0.00    0.00    0.00   96.24
12:58:35     all    2.42    0.00    0.12    0.00    0.00    0.00    0.00    0.00    0.00   97.46
12:58:36     all    3.00    0.01    0.24    0.00    0.00    0.00    0.00    0.00    0.00   96.75
12:58:37     all    3.53    0.00    0.26    0.00    0.00    0.00    0.00    0.00    0.00   96.21
12:58:38     all    1.71    0.00    0.18    0.00    0.00    0.00    0.00    0.00    0.00   98.11
12:58:39     all    3.89    0.00    0.32    0.00    0.00    0.00    0.00    0.00    0.00   95.79
12:58:40     all    1.58    0.00    0.21    0.00    0.00    0.00    0.00    0.00    0.00   98.21
12:58:41     all    4.25    0.00    0.42    0.00    0.00    0.01    0.00    0.00    0.00   95.32
12:58:42     all    1.71    0.00    0.17    0.00    0.00    0.00    0.00    0.00    0.00   98.12
12:58:43     all    3.97    0.00    0.49    0.00    0.00    0.00    0.00    0.00    0.00   95.55
12:58:44     all    1.64    0.00    0.11    0.00    0.00    0.00    0.00    0.00    0.00   98.25
12:58:45     all    3.81    0.00    0.32    0.00    0.00    0.00    0.00    0.00    0.00   95.87
12:58:46     all    3.53    0.00    0.25    0.00    0.00    0.00    0.00    0.00    0.00   96.22
12:58:47     all    1.66    0.00    0.18    0.00    0.00    0.00    0.00    0.00    0.00   98.16
12:58:48     all    3.73    0.00    0.28    0.00    0.00    0.00    0.00    0.00    0.00   96.00
12:58:49     all    1.53    0.00    0.37    0.00    0.00    0.00    0.00    0.00    0.00   98.10
12:58:50     all    3.64    0.00    0.29    0.00    0.00    0.00    0.00    0.00    0.00   96.07
12:58:51     all    1.74    0.00    0.19    0.00    0.00    0.00    0.00    0.00    0.00   98.07
12:58:52     all    3.75    0.00    0.25    0.00    0.00    0.00    0.00    0.00    0.00   96.00
12:58:53     all    1.64    0.00    0.10    0.00    0.00    0.00    0.00    0.00    0.00   98.26
12:58:54     all    3.79    0.00    0.33    0.00    0.00    0.00    0.00    0.00    0.00   95.87
12:58:55     all    4.11    0.00    0.39    0.00    0.00    0.01    0.00    0.00    0.00   95.49
12:58:56     all    1.64    0.00    0.22    0.00    0.00    0.00    0.00    0.00    0.00   98.14
12:58:57     all    3.67    0.00    0.28    0.00    0.00    0.00    0.00    0.00    0.00   96.05
12:58:58     all    1.47    0.00    0.13    0.00    0.00    0.00    0.00    0.00    0.00   98.40
12:58:59     all    3.71    0.00    0.31    0.00    0.00    0.00    0.00    0.00    0.00   95.99
12:59:00     all    1.64    0.00    0.11    0.00    0.00    0.00    0.00    0.00    0.00   98.25
12:59:01     all    3.63    0.00    0.31    0.00    0.00    0.00    0.00    0.00    0.00   96.06
12:59:02     all    1.72    0.00    0.17    0.00    0.00    0.00    0.00    0.00    0.00   98.11
12:59:03     all    4.49    0.00    0.53    0.00    0.00    0.00    0.00    0.00    0.00   94.98
12:59:04     all    1.43    0.00    0.14    0.00    0.00    0.00    0.00    0.00    0.00   98.43
12:59:05     all    4.14    0.00    0.58    0.00    0.00    0.01    0.00    0.00    0.00   95.26
12:59:06     all    3.19    0.00    0.22    0.00    0.00    0.00    0.00    0.00    0.00   96.59
12:59:07     all    2.10    0.00    0.24    0.00    0.00    0.00    0.00    0.00    0.00   97.67
12:59:08     all    3.99    0.00    0.38    0.00    0.00    0.00    0.00    0.00    0.00   95.64
12:59:09     all    1.61    0.00    0.15    0.00    0.00    0.00    0.00    0.00    0.00   98.24
12:59:10     all    3.54    0.00    0.26    0.00    0.00    0.00    0.00    0.00    0.00   96.20
12:59:11     all    1.78    0.00    0.32    0.01    0.00    0.00    0.00    0.00    0.00   97.89
12:59:12     all    3.89    0.00    0.43    0.00    0.00    0.00    0.00    0.00    0.00   95.67
12:59:13     all    1.43    0.00    0.15    0.00    0.00    0.00    0.00    0.00    0.00   98.42
12:59:14     all    3.83    0.00    0.29    0.00    0.00    0.00    0.00    0.00    0.00   95.88
12:59:15     all    1.68    0.00    0.12    0.00    0.00    0.01    0.00    0.00    0.00   98.18
12:59:16     all    3.77    0.00    0.26    0.00    0.00    0.00    0.00    0.00    0.00   95.97
12:59:17     all    1.74    0.00    0.21    0.00    0.00    0.00    0.00    0.00    0.00   98.05
12:59:18     all    3.86    0.00    0.29    0.00    0.00    0.00    0.00    0.00    0.00   95.85
12:59:19     all    3.60    0.00    0.28    0.00    0.00    0.00    0.00    0.00    0.00   96.12
12:59:20     all    1.60    0.00    0.11    0.00    0.00    0.00    0.00    0.00    0.00   98.29
12:59:21     all    3.87    0.00    0.35    0.00    0.00    0.00    0.00    0.00    0.00   95.78
12:59:22     all    1.47    0.00    0.15    0.00    0.00    0.00    0.00    0.00    0.00   98.37
12:59:23     all    3.67    0.00    0.21    0.00    0.00    0.00    0.00    0.00    0.00   96.12
12:59:24     all    1.72    0.00    0.15    0.00    0.00    0.00    0.00    0.00    0.00   98.12
12:59:25     all    3.87    0.00    0.32    0.00    0.00    0.00    0.00    0.00    0.00   95.81
12:59:26     all    1.97    0.00    0.21    0.00    0.00    0.01    0.00    0.00    0.00   97.81
12:59:27     all    4.05    0.00    0.46    0.00    0.00    0.00    0.00    0.00    0.00   95.49
12:59:28     all    3.63    0.00    0.31    0.00    0.00    0.00    0.00    0.00    0.00   96.06
12:59:29     all    1.64    0.00    0.18    0.00    0.00    0.00    0.00    0.00    0.00   98.18
12:59:30     all    3.74    0.00    0.26    0.00    0.00    0.00    0.00    0.00    0.00   96.00
12:59:31     all    1.52    0.00    0.14    0.00    0.00    0.00    0.00    0.00    0.00   98.35
12:59:32     all    3.69    0.00    0.32    0.00    0.00    0.00    0.00    0.00    0.00   95.99
12:59:33     all    1.64    0.00    0.14    0.00    0.00    0.00    0.00    0.00    0.00   98.22
12:59:34     all    3.62    0.00    0.19    0.00    0.00    0.00    0.00    0.00    0.00   96.18
12:59:35     all    1.64    0.00    0.17    0.00    0.00    0.00    0.00    0.00    0.00   98.19
12:59:36     all    3.81    0.00    0.35    0.00    0.00    0.00    0.00    0.00    0.00   95.84
12:59:37     all    1.78    0.00    0.40    0.00    0.00    0.00    0.00    0.00    0.00   97.82
12:59:38     all    3.64    0.00    0.28    0.00    0.00    0.00    0.00    0.00    0.00   96.08
12:59:39     all    3.89    0.00    0.29    0.00    0.00    0.00    0.00    0.00    0.00   95.82
12:59:40     all    1.45    0.00    0.11    0.00    0.00    0.00    0.00    0.00    0.00   98.44
12:59:41     all    3.82    0.00    0.36    0.00    0.00    0.00    0.00    0.00    0.00   95.82
12:59:42     all    1.61    0.00    0.15    0.00    0.00    0.00    0.00    0.00    0.00   98.23
12:59:43     all    3.68    0.00    0.28    0.00    0.00    0.00    0.00    0.00    0.00   96.04
12:59:44     all    1.63    0.00    0.14    0.00    0.00    0.00    0.00    0.00    0.00   98.24
12:59:45     all    4.27    0.00    0.40    0.00    0.00    0.00    0.00    0.00    0.00   95.33
12:59:46     all    3.80    0.00    0.35    0.00    0.00    0.00    0.00    0.00    0.00   95.85
12:59:47     all    1.61    0.00    0.18    0.00    0.00    0.00    0.00    0.00    0.00   98.21
12:59:48     all    4.10    0.00    0.38    0.00    0.00    0.00    0.00    0.00    0.00   95.52
12:59:49     all    1.49    0.00    0.12    0.00    0.00    0.00    0.00    0.00    0.00   98.39
12:59:50     all    3.61    0.00    0.29    0.00    0.00    0.00    0.00    0.00    0.00   96.10
12:59:51     all    2.59    0.00    1.11    0.00    0.00    0.00    0.00    0.00    0.00   96.30
12:59:52     all    3.81    0.00    0.54    0.00    0.00    0.00    0.00    0.00    0.00   95.65
12:59:53     all    3.78    0.00    0.26    0.00    0.00    0.00    0.00    0.00    0.00   95.95
12:59:54     all    1.64    0.00    0.04    0.00    0.00    0.00    0.00    0.00    0.00   98.32
12:59:55     all    3.88    0.00    1.64    0.00    0.00    0.03    0.00    0.00    0.00   94.46
12:59:56     all    1.64    0.00    0.15    0.00    0.00    0.00    0.00    0.00    0.00   98.21
12:59:57     all    4.06    0.00    0.39    0.00    0.00    0.00    0.00    0.00    0.00   95.55
12:59:58     all    1.65    0.00    0.18    0.00    0.00    0.00    0.00    0.00    0.00   98.17
12:59:59     all    3.60    0.00    0.25    0.00    0.00    0.00    0.00    0.00    0.00   96.15
13:00:00     all    1.68    0.00    0.11    0.00    0.00    0.00    0.00    0.00    0.00   98.21
13:00:01     all    3.89    0.00    0.50    0.00    0.00    0.00    0.00    0.00    0.00   95.61
13:00:02     all    4.59    0.00    0.92    0.00    0.00    0.00    0.00    0.00    0.00   94.50
13:00:03     all    2.17    0.00    0.42    0.00    0.00    0.00    0.00    0.00    0.00   97.41
13:00:04     all    3.49    0.00    0.31    0.00    0.00    0.00    0.00    0.00    0.00   96.21
13:00:05     all    1.64    0.00    0.11    0.00    0.00    0.00    0.00    0.00    0.00   98.25
13:00:06     all    3.83    0.00    0.33    0.00    0.00    0.00    0.00    0.00    0.00   95.84
13:00:07     all    1.65    0.00    0.25    0.00    0.00    0.00    0.00    0.00    0.00   98.10
13:00:08     all    3.73    0.00    0.25    0.00    0.00    0.00    0.00    0.00    0.00   96.02
13:00:09     all    1.69    0.00    0.14    0.00    0.00    0.00    0.00    0.00    0.00   98.17
13:00:10     all    4.12    0.00    0.43    0.00    0.00    0.00    0.00    0.00    0.00   95.45
13:00:11     all    1.60    0.00    0.11    0.00    0.00    0.00    0.00    0.00    0.00   98.29
13:00:12     all    3.94    0.00    0.46    0.03    0.00    0.00    0.00    0.00    0.00   95.57
13:00:13     all    1.61    0.00    0.15    0.00    0.00    0.00    0.00    0.00    0.00   98.24
13:00:14     all    3.61    0.00    0.25    0.00    0.00    0.00    0.00    0.00    0.00   96.14
13:00:15     all    3.84    0.00    0.07    0.00    0.00    0.00    0.00    0.00    0.00   96.09
13:00:16     all    1.44    0.00    0.22    0.00    0.00    0.00    0.00    0.00    0.00   98.33
13:00:17     all    3.68    0.00    0.42    0.00    0.00    0.00    0.00    0.00    0.00   95.90
13:00:18     all    1.68    0.00    0.18    0.00    0.00    0.00    0.00    0.00    0.00   98.14
13:00:19     all    3.56    0.00    0.19    0.00    0.00    0.00    0.00    0.00    0.00   96.25
13:00:20     all    1.54    0.00    0.11    0.00    0.00    0.00    0.00    0.00    0.00   98.35
13:00:21     all    3.77    0.00    0.32    0.00    0.00    0.00    0.00    0.00    0.00   95.91
13:00:22     all    2.11    0.00    0.22    0.00    0.00    0.00    0.00    0.00    0.00   97.67
13:00:23     all    3.23    0.00    0.24    0.00    0.00    0.00    0.00    0.00    0.00   96.54
13:00:24     all    3.87    0.00    0.31    0.00    0.00    0.00    0.00    0.00    0.00   95.82
13:00:25     all    1.60    0.00    0.18    0.00    0.00    0.00    0.00    0.00    0.00   98.22
13:00:26     all    3.74    0.00    0.31    0.00    0.00    0.00    0.00    0.00    0.00   95.95
13:00:27     all    1.71    0.00    0.28    0.00    0.00    0.00    0.00    0.00    0.00   98.01
13:00:28     all    3.62    0.00    0.33    0.00    0.00    0.00    0.00    0.00    0.00   96.04
13:00:29     all    1.59    0.00    0.35    0.00    0.00    0.00    0.00    0.00    0.00   98.07
13:00:30     all    3.88    0.00    0.19    0.00    0.00    0.00    0.00    0.00    0.00   95.93
13:00:31     all    1.64    0.00    0.15    0.00    0.00    0.00    0.00    0.00    0.00   98.21
13:00:32     all    3.97    0.00    0.51    0.00    0.00    0.00    0.00    0.00    0.00   95.52
13:00:33     all    1.85    0.00    0.21    0.00    0.00    0.01    0.00    0.00    0.00   97.93
13:00:34     all    3.57    0.00    0.22    0.00    0.00    0.00    0.00    0.00    0.00   96.21
13:00:35     all    3.79    0.00    0.31    0.00    0.00    0.00    0.00    0.00    0.00   95.91
13:00:36     all    1.75    0.00    0.17    0.00    0.00    0.00    0.00    0.00    0.00   98.08
13:00:37     all    3.71    0.00    0.25    0.00    0.00    0.00    0.00    0.00    0.00   96.04
13:00:38     all    1.53    0.00    0.19    0.00    0.00    0.00    0.00    0.00    0.00   98.28
13:00:39     all    4.07    0.00    0.26    0.00    0.00    0.00    0.00    0.00    0.00   95.67
13:00:40     all    1.68    0.00    0.17    0.00    0.00    0.00    0.00    0.00    0.00   98.15
13:00:41     all    3.75    0.00    0.39    0.00    0.00    0.00    0.00    0.00    0.00   95.86
13:00:42     all    1.76    0.00    0.35    0.00    0.00    0.01    0.00    0.00    0.00   97.87
13:00:43     all    3.63    0.00    0.39    0.00    0.00    0.00    0.00    0.00    0.00   95.98
13:00:44     all    1.46    0.00    0.08    0.00    0.00    0.00    0.00    0.00    0.00   98.46
13:00:45     all    3.84    0.00    0.26    0.00    0.00    0.00    0.00    0.00    0.00   95.90
13:00:46     all    1.65    0.00    0.15    0.00    0.00    0.00    0.00    0.00    0.00   98.19
13:00:47     all    3.90    0.00    0.39    0.00    0.00    0.00    0.00    0.00    0.00   95.71
13:00:48     all    4.15    0.00    0.39    0.00    0.00    0.00    0.00    0.00    0.00   95.46
13:00:49     all    1.57    0.00    0.18    0.00    0.00    0.00    0.00    0.00    0.00   98.25
13:00:50     all    3.71    0.00    0.31    0.00    0.00    0.00    0.00    0.00    0.00   95.99
13:00:51     all    1.64    0.00    0.11    0.00    0.00    0.00    0.00    0.00    0.00   98.25
13:00:52     all    3.76    0.00    0.33    0.00    0.00    0.00    0.00    0.00    0.00   95.90
13:00:53     all    1.58    0.00    0.21    0.00    0.00    0.00    0.00    0.00    0.00   98.21
13:00:54     all    3.92    0.00    0.26    0.00    0.00    0.00    0.00    0.00    0.00   95.81
13:00:55     all    2.10    0.00    0.33    0.00    0.00    0.00    0.00    0.00    0.00   97.57
13:00:56     all    3.67    0.00    0.18    0.00    0.00    0.00    0.00    0.00    0.00   96.15
13:00:57     all    1.63    0.00    0.10    0.00    0.00    0.00    0.00    0.00    0.00   98.28
13:00:58     all    3.86    0.00    0.36    0.00    0.00    0.00    0.00    0.00    0.00   95.78
13:00:59     all    1.62    0.00    0.17    0.00    0.00    0.00    0.00    0.00    0.00   98.21
13:01:00     all    4.11    0.00    0.36    0.00    0.00    0.00    0.00    0.00    0.00   95.53
13:01:01     all    1.65    0.00    0.14    0.00    0.00    0.00    0.00    0.00    0.00   98.21
13:01:02     all    3.59    0.00    0.28    0.01    0.00    0.00    0.00    0.00    0.00   96.12
13:01:03     all    4.07    0.01    0.24    0.00    0.00    0.00    0.00    0.00    0.00   95.68
13:01:04     all    1.60    0.00    0.25    0.00    0.00    0.00    0.00    0.00    0.00   98.15
13:01:05     all    3.62    0.00    0.21    0.00    0.00    0.00    0.00    0.00    0.00   96.17
13:01:06     all    1.63    0.00    0.17    0.00    0.00    0.00    0.00    0.00    0.00   98.21
13:01:07     all    3.64    0.00    0.25    0.00    0.00    0.00    0.00    0.00    0.00   96.11
13:01:08     all    1.58    0.00    0.32    0.00    0.00    0.00    0.00    0.00    0.00   98.10
13:01:09     all    3.61    0.00    0.28    0.00    0.00    0.01    0.00    0.00    0.00   96.10
13:01:10     all    1.71    0.00    0.17    0.00    0.00    0.00    0.00    0.00    0.00   98.12
13:01:11     all    3.48    0.00    0.25    0.00    0.00    0.00    0.00    0.00    0.00   96.27
13:01:12     all    1.76    0.00    0.21    0.01    0.00    0.00    0.00    0.00    0.00   98.01
13:01:13     all    3.96    0.00    0.47    0.00    0.00    0.00    0.00    0.00    0.00   95.57
13:01:14     all    1.47    0.00    0.33    0.00    0.00    0.00    0.00    0.00    0.00   98.19
13:01:15     all    3.83    0.00    0.26    0.00    0.00    0.00    0.00    0.00    0.00   95.90
13:01:16     all    3.89    0.00    0.18    0.00    0.00    0.00    0.00    0.00    0.00   95.93
13:01:17     all    1.88    0.00    0.26    0.00    0.00    0.00    0.00    0.00    0.00   97.86
13:01:18     all    3.59    0.00    0.29    0.00    0.00    0.00    0.00    0.00    0.00   96.12
13:01:19     all    1.63    0.00    0.15    0.00    0.00    0.00    0.00    0.00    0.00   98.22
13:01:20     all    3.72    0.00    0.26    0.00    0.00    0.00    0.00    0.00    0.00   96.01
13:01:21     all    1.69    0.00    0.14    0.00    0.00    0.00    0.00    0.00    0.00   98.17
13:01:22     all    3.34    0.00    0.35    0.00    0.00    0.00    0.00    0.00    0.00   96.31
13:01:23     all    1.54    0.00    0.11    0.00    0.00    0.00    0.00    0.00    0.00   98.35
13:01:24     all    3.83    0.00    0.37    0.00    0.00    0.00    0.00    0.00    0.00   95.79
13:01:25     all    1.57    0.00    0.11    0.00    0.00    0.00    0.00    0.00    0.00   98.32
13:01:26     all    3.62    0.00    0.28    0.00    0.00    0.00    0.00    0.00    0.00   96.10
13:01:27     all    3.94    0.00    0.25    0.00    0.00    0.00    0.00    0.00    0.00   95.81
13:01:28     all    1.64    0.00    0.19    0.00    0.00    0.00    0.00    0.00    0.00   98.17
13:01:29     all    3.75    0.00    0.39    0.00    0.00    0.00    0.00    0.00    0.00   95.86
13:01:30     all    1.75    0.00    0.31    0.00    0.00    0.00    0.00    0.00    0.00   97.94
13:01:31     all    3.68    0.00    0.28    0.00    0.00    0.00    0.00    0.00    0.00   96.04
13:01:32     all    1.49    0.00    0.11    0.00    0.00    0.00    0.00    0.00    0.00   98.40
13:01:33     all    3.92    0.00    0.42    0.00    0.00    0.00    0.00    0.00    0.00   95.67
13:01:34     all    1.60    0.00    0.22    0.00    0.00    0.00    0.00    0.00    0.00   98.18
13:01:35     all    3.59    0.00    0.18    0.00    0.00    0.00    0.00    0.00    0.00   96.23
13:01:36     all    1.60    0.00    0.17    0.00    0.00    0.00    0.00    0.00    0.00   98.24
13:01:37     all    3.82    0.00    0.25    0.00    0.00    0.00    0.00    0.00    0.00   95.93
13:01:38     all    1.57    0.00    0.15    0.00    0.00    0.00    0.00    0.00    0.00   98.28
13:01:39     all    4.32    0.00    0.44    0.00    0.00    0.00    0.00    0.00    0.00   95.23
13:01:40     all    1.64    0.00    0.13    0.00    0.00    0.00    0.00    0.00    0.00   98.23
13:01:41     all    3.62    0.00    0.29    0.00    0.00    0.00    0.00    0.00    0.00   96.08
13:01:42     all    1.65    0.00    0.18    0.00    0.00    0.00    0.00    0.00    0.00   98.17
13:01:43     all    3.71    0.00    0.26    0.00    0.00    0.00    0.00    0.00    0.00   96.02
13:01:44     all    2.72    0.00    0.26    0.00    0.00    0.00    0.00    0.00    0.00   97.02
13:01:45     all    2.93    0.00    0.51    0.00    0.00    0.00    0.00    0.00    0.00   96.55
13:01:46     all    3.85    0.00    0.56    0.00    0.00    0.00    0.00    0.00    0.00   95.59
13:01:47     all    1.56    0.00    0.18    0.00    0.00    0.00    0.00    0.00    0.00   98.26
13:01:48     all    3.83    0.00    0.28    0.00    0.00    0.00    0.00    0.00    0.00   95.89
13:01:49     all    1.64    0.00    0.21    0.00    0.00    0.00    0.00    0.00    0.00   98.15
13:01:50     all    4.03    0.00    0.39    0.00    0.00    0.00    0.00    0.00    0.00   95.58
13:01:51     all    1.66    0.00    0.15    0.00    0.00    0.00    0.00    0.00    0.00   98.19
13:01:52     all    3.67    0.00    0.25    0.00    0.00    0.00    0.00    0.00    0.00   96.08
13:01:53     all    1.50    0.00    0.13    0.00    0.00    0.00    0.00    0.00    0.00   98.37
13:01:54     all    3.97    0.00    0.49    0.00    0.00    0.00    0.00    0.00    0.00   95.55
13:01:55     all    1.56    0.00    0.14    0.00    0.00    0.00    0.00    0.00    0.00   98.31
13:01:56     all    3.78    0.00    0.26    0.00    0.00    0.00    0.00    0.00    0.00   95.96
13:01:57     all    1.65    0.00    0.15    0.00    0.00    0.00    0.00    0.00    0.00   98.19
13:01:58     all    3.73    0.00    0.28    0.00    0.00    0.00    0.00    0.00    0.00   96.00
13:01:59     all    3.56    0.00    0.18    0.00    0.00    0.00    0.00    0.00    0.00   96.26
13:02:00     all    1.78    0.00    0.28    0.00    0.00    0.00    0.00    0.00    0.00   97.94
13:02:01     all    3.96    0.00    0.31    0.00    0.00    0.00    0.00    0.00    0.00   95.73
13:02:02     all    2.49    0.00    0.42    0.00    0.00    0.00    0.00    0.00    0.00   97.10
13:02:03     all    3.84    0.00    0.37    0.00    0.00    0.00    0.00    0.00    0.00   95.78
13:02:04     all    1.54    0.00    0.17    0.00    0.00    0.00    0.00    0.00    0.00   98.29
13:02:05     all    3.70    0.00    0.29    0.00    0.00    0.00    0.00    0.00    0.00   96.01
13:02:06     all    1.63    0.00    0.11    0.00    0.00    0.00    0.00    0.00    0.00   98.26
13:02:07     all    3.56    0.00    0.28    0.00    0.00    0.00    0.00    0.00    0.00   96.17
13:02:08     all    1.67    0.00    0.22    0.00    0.00    0.00    0.00    0.00    0.00   98.11
13:02:09     all    3.73    0.00    0.28    0.00    0.00    0.00    0.00    0.00    0.00   96.00
13:02:10     all    1.65    0.00    0.19    0.00    0.00    0.00    0.00    0.00    0.00   98.15
13:02:11     all    3.79    0.00    0.28    0.00    0.00    0.00    0.00    0.00    0.00   95.93
13:02:12     all    1.67    0.00    0.17    0.00    0.00    0.00    0.00    0.00    0.00   98.17
13:02:13     all   13.37    0.00    2.57    0.00    0.00    0.00    0.00    0.00    0.00   84.06
13:02:14     all   29.57    0.00    2.62    0.00    0.00    0.00    0.00    0.00    0.00   67.81
13:02:15     all   20.72    0.00    1.06    0.00    0.00    0.00    0.00    0.00    0.00   78.22
13:02:16     all   29.37    0.00    4.08    0.00    0.00    0.00    0.00    0.00    0.00   66.55
13:02:17     all   23.82    0.00    1.94    0.00    0.00    0.01    0.00    0.00    0.00   74.22
13:02:18     all   25.01    0.00    3.25    0.00    0.00    0.00    0.00    0.00    0.00   71.73
13:02:19     all   22.63    0.00    1.68    0.00    0.00    0.00    0.00    0.00    0.00   75.70
13:02:20     all   20.08    0.00    1.71    0.00    0.00    0.00    0.00    0.00    0.00   78.20
13:02:21     all   21.50    0.00    1.94    0.00    0.00    0.00    0.00    0.00    0.00   76.56
13:02:22     all   18.14    0.00    1.00    0.01    0.00    0.00    0.00    0.00    0.00   80.84
13:02:23     all   17.11    0.01    1.15    0.00    0.00    0.00    0.00    0.00    0.00   81.73
13:02:24     all   20.36    0.00    1.02    0.00    0.00    0.00    0.00    0.00    0.00   78.63
13:02:25     all   16.11    0.00    1.42    0.00    0.00    0.00    0.00    0.00    0.00   82.47
13:02:26     all   12.83    0.00    0.92    0.00    0.00    0.00    0.00    0.00    0.00   86.25
13:02:27     all   12.61    0.00    1.14    0.00    0.00    0.00    0.00    0.00    0.00   86.25
13:02:28     all   14.19    0.00    1.21    0.00    0.00    0.00    0.00    0.00    0.00   84.60
13:02:29     all   18.56    0.00    1.60    0.00    0.00    0.00    0.00    0.00    0.00   79.84
13:02:30     all   20.68    0.00    2.52    0.00    0.00    0.00    0.00    0.00    0.00   76.80
13:02:31     all   14.50    0.00    1.74    0.00    0.00    0.00    0.00    0.00    0.00   83.76
13:02:32     all   24.01    0.00    3.24    0.00    0.00    0.00    0.00    0.00    0.00   72.75
13:02:33     all   17.06    0.00    2.52    0.00    0.00    0.00    0.00    0.00    0.00   80.42
13:02:34     all   17.44    0.00    2.50    0.00    0.00    0.00    0.00    0.00    0.00   80.06
13:02:35     all   23.89    0.00    2.84    0.00    0.00    0.01    0.00    0.00    0.00   73.26
13:02:36     all   20.99    0.00    2.96    0.00    0.00    0.01    0.00    0.00    0.00   76.04
13:02:37     all   27.84    0.00    3.73    0.00    0.00    0.00    0.00    0.00    0.00   68.43
13:02:38     all   22.56    0.00    3.18    0.00    0.00    0.00    0.00    0.00    0.00   74.26
13:02:39     all   19.60    0.00    3.08    0.00    0.00    0.00    0.00    0.00    0.00   77.33
13:02:40     all   19.90    0.00    2.94    0.00    0.00    0.00    0.00    0.00    0.00   77.16
13:02:41     all   16.58    0.00    2.90    0.00    0.00    0.00    0.00    0.00    0.00   80.52
13:02:42     all   19.83    0.00    3.22    0.00    0.00    0.00    0.00    0.00    0.00   76.95
13:02:43     all   21.68    0.00    3.87    0.00    0.00    0.01    0.00    0.00    0.00   74.44
13:02:44     all   16.48    0.00    3.43    0.00    0.00    0.00    0.00    0.00    0.00   80.09
13:02:45     all   19.93    0.00    2.92    0.00    0.00    0.00    0.00    0.00    0.00   77.15
13:02:46     all   16.56    0.00    2.58    0.00    0.00    0.00    0.00    0.00    0.00   80.86
13:02:47     all   21.41    0.00    4.60    0.00    0.00    0.01    0.00    0.00    0.00   73.98
13:02:48     all   16.02    0.00    3.72    0.00    0.00    0.00    0.00    0.00    0.00   80.26
13:02:49     all   20.99    0.00    4.07    0.00    0.00    0.00    0.00    0.00    0.00   74.94
13:02:50     all   24.19    0.00    5.11    0.00    0.00    0.00    0.00    0.00    0.00   70.70
13:02:51     all   20.70    0.00    5.97    0.00    0.00    0.01    0.00    0.00    0.00   73.32
13:02:52     all   27.38    0.00    7.07    0.00    0.00    0.00    0.00    0.00    0.00   65.55
13:02:53     all   18.38    0.00    4.47    0.01    0.00    0.00    0.00    0.00    0.00   77.13
13:02:54     all   27.27    0.00    7.05    0.00    0.00    0.00    0.00    0.00    0.00   65.68
13:02:55     all   20.04    0.00    6.45    0.00    0.00    0.01    0.00    0.00    0.00   73.50
13:02:56     all   22.52    0.00    5.35    0.01    0.00    0.00    0.00    0.00    0.00   72.11
13:02:57     all   19.91    0.00    5.98    0.00    0.00    0.00    0.00    0.00    0.00   74.11
13:02:58     all   21.89    0.00    6.40    0.00    0.00    0.00    0.00    0.00    0.00   71.71
13:02:59     all   23.29    0.00    8.21    0.00    0.00    0.00    0.00    0.00    0.00   68.50
13:03:00     all   19.59    0.00    5.70    0.00    0.00    0.00    0.00    0.00    0.00   74.71
13:03:01     all   28.13    0.00    9.48    0.00    0.00    0.00    0.00    0.00    0.00   62.39
13:03:02     all   24.64    0.00   10.91    0.00    0.00    0.00    0.00    0.00    0.00   64.45
13:03:03     all   29.06    0.00   10.82    0.00    0.00    0.00    0.00    0.00    0.00   60.12
13:03:04     all   23.60    0.00    9.83    0.00    0.00    0.00    0.00    0.00    0.00   66.57
13:03:05     all   29.41    0.00   11.29    0.00    0.00    0.01    0.00    0.00    0.00   59.28
13:03:06     all   22.66    0.00   10.54    0.00    0.00    0.00    0.00    0.00    0.00   66.80
13:03:07     all   27.91    0.00   12.11    0.00    0.00    0.00    0.00    0.00    0.00   59.98
13:03:08     all   25.69    0.00   11.55    0.00    0.00    0.00    0.00    0.00    0.00   62.76
13:03:09     all   29.04    0.00   12.79    0.00    0.00    0.00    0.00    0.00    0.00   58.17
13:03:10     all   24.23    0.01   11.93    0.00    0.00    0.00    0.00    0.00    0.00   63.83
13:03:11     all   26.95    0.00   12.34    0.00    0.00    0.03    0.00    0.00    0.00   60.68
13:03:12     all   28.94    0.00   15.17    0.00    0.00    0.00    0.00    0.00    0.00   55.88
13:03:13     all   23.09    0.00   12.32    0.00    0.00    0.01    0.00    0.00    0.00   64.57
13:03:14     all   27.16    0.00   12.02    0.00    0.00    0.00    0.00    0.00    0.00   60.83
13:03:15     all   27.39    0.00   13.83    0.00    0.00    0.01    0.00    0.00    0.00   58.77
13:03:16     all   27.96    0.00   13.74    0.00    0.00    0.00    0.00    0.00    0.00   58.30
13:03:17     all   27.27    0.00   15.68    0.00    0.00    0.00    0.00    0.00    0.00   57.05
13:03:18     all   29.09    0.00   13.07    0.00    0.00    0.00    0.00    0.00    0.00   57.84
13:03:19     all   26.49    0.00   12.48    0.00    0.00    0.01    0.00    0.00    0.00   61.02
13:03:20     all   29.05    0.00   13.04    0.00    0.00    0.01    0.00    0.00    0.00   57.89
13:03:21     all   24.25    0.00   11.41    0.00    0.00    0.00    0.00    0.00    0.00   64.34
13:03:22     all   27.42    0.00   14.93    0.00    0.00    0.00    0.00    0.00    0.00   57.65
13:03:23     all   27.24    0.00   16.52    0.00    0.00    0.00    0.00    0.00    0.00   56.24
13:03:24     all   24.56    0.00   13.79    0.01    0.00    0.00    0.00    0.00    0.00   61.64
13:03:25     all   30.40    0.00   19.71    0.00    0.00    0.01    0.00    0.00    0.00   49.88
13:03:26     all   26.49    0.00   20.11    0.00    0.00    0.00    0.00    0.00    0.00   53.40
13:03:27     all   29.10    0.00   19.90    0.00    0.00    0.00    0.00    0.00    0.00   51.01
13:03:28     all   30.71    0.00   16.78    0.00    0.00    0.00    0.00    0.00    0.00   52.50
13:03:29     all   27.41    0.00   16.70    0.00    0.00    0.00    0.00    0.00    0.00   55.89
13:03:30     all   30.93    0.00   18.73    0.00    0.00    0.01    0.00    0.00    0.00   50.33
13:03:31     all   29.48    0.00   20.92    0.00    0.00    0.00    0.00    0.00    0.00   49.60
13:03:32     all   25.52    0.00   20.10    0.00    0.00    0.00    0.00    0.00    0.00   54.38
13:03:33     all   30.50    0.00   19.32    0.00    0.00    0.03    0.00    0.00    0.00   50.15
13:03:34     all   27.92    0.00   18.73    0.00    0.00    0.00    0.00    0.00    0.00   53.35
13:03:35     all   31.08    0.00   17.55    0.00    0.00    0.00    0.00    0.00    0.00   51.37
13:03:36     all   26.03    0.00   16.25    0.00    0.00    0.00    0.00    0.00    0.00   57.72
13:03:37     all   29.68    0.00   19.56    0.00    0.00    0.00    0.00    0.00    0.00   50.77
13:03:38     all   28.98    0.00   18.25    0.00    0.00    0.00    0.00    0.00    0.00   52.78
13:03:39     all   26.33    0.00   18.82    0.00    0.00    0.00    0.00    0.00    0.00   54.85
13:03:40     all   27.33    0.00   18.60    0.00    0.00    0.01    0.00    0.00    0.00   54.05
13:03:41     all   30.13    0.00   19.72    0.00    0.00    0.00    0.00    0.00    0.00   50.15
13:03:42     all   24.43    0.00   17.40    0.00    0.00    0.00    0.00    0.00    0.00   58.17
13:03:43     all   29.37    0.00   20.16    0.00    0.00    0.00    0.00    0.00    0.00   50.47
13:03:44     all   28.64    0.00   21.10    0.00    0.00    0.00    0.00    0.00    0.00   50.26
13:03:45     all   27.54    0.00   18.54    0.00    0.00    0.01    0.00    0.00    0.00   53.91
13:03:46     all   29.37    0.00   20.29    0.00    0.00    0.00    0.00    0.00    0.00   50.34
13:03:47     all   29.83    0.00   19.85    0.00    0.00    0.00    0.00    0.00    0.00   50.33
13:03:48     all   28.07    0.00   21.49    0.00    0.00    0.01    0.00    0.00    0.00   50.42
13:03:49     all   29.55    0.00   19.57    0.00    0.00    0.00    0.00    0.00    0.00   50.88
13:03:50     all   31.06    0.00   19.02    0.00    0.00    0.00    0.00    0.00    0.00   49.92
13:03:51     all   28.33    0.00   19.22    0.00    0.00    0.01    0.00    0.00    0.00   52.43
13:03:52     all   29.30    0.00   18.76    0.00    0.00    0.00    0.00    0.00    0.00   51.93
13:03:53     all   28.68    0.00   20.72    0.00    0.00    0.01    0.00    0.00    0.00   50.58
13:03:54     all   30.28    0.00   21.05    0.00    0.00    0.00    0.00    0.00    0.00   48.68
13:03:55     all   26.12    0.00   17.19    0.00    0.00    0.01    0.00    0.00    0.00   56.68
13:03:56     all   27.65    0.00   19.96    0.00    0.00    0.03    0.00    0.00    0.00   52.36
13:03:57     all   27.88    0.00   22.07    0.00    0.00    0.00    0.00    0.00    0.00   50.05
13:03:58     all   30.38    0.00   19.86    0.00    0.00    0.00    0.00    0.00    0.00   49.76
13:03:59     all   30.31    0.00   19.99    0.00    0.00    0.00    0.00    0.00    0.00   49.69
13:04:00     all   29.77    0.00   20.41    0.00    0.00    0.01    0.00    0.00    0.00   49.81
13:04:01     all   29.67    0.01   20.38    0.00    0.00    0.00    0.00    0.00    0.00   49.94
13:04:02     all   30.79    0.00   18.69    0.00    0.00    0.01    0.00    0.00    0.00   50.51
13:04:03     all   24.35    0.00   17.91    0.00    0.00    0.00    0.00    0.00    0.00   57.74
13:04:04     all   30.48    0.00   19.04    0.00    0.00    0.01    0.00    0.00    0.00   50.46
13:04:05     all   30.83    0.00   20.24    0.00    0.00    0.01    0.00    0.00    0.00   48.92
13:04:06     all   26.28    0.00   20.64    0.00    0.00    0.00    0.00    0.00    0.00   53.08
13:04:07     all   30.62    0.00   21.51    0.00    0.00    0.03    0.00    0.00    0.00   47.84
13:04:08     all   28.00    0.00   22.38    0.00    0.00    0.00    0.00    0.00    0.00   49.62
13:04:09     all   30.04    0.00   20.01    0.00    0.00    0.00    0.00    0.00    0.00   49.95
13:04:10     all   26.49    0.00   17.68    0.00    0.00    0.00    0.00    0.00    0.00   55.83
13:04:11     all   29.66    0.00   19.00    0.00    0.00    0.00    0.00    0.00    0.00   51.35
13:04:12     all   29.88    0.00   19.83    0.01    0.00    0.01    0.00    0.00    0.00   50.26
13:04:13     all   30.88    0.00   19.35    0.00    0.00    0.00    0.00    0.00    0.00   49.76
13:04:14     all   28.58    0.00   20.95    0.00    0.00    0.00    0.00    0.00    0.00   50.47
13:04:15     all   27.54    0.00   18.17    0.00    0.00    0.00    0.00    0.00    0.00   54.28
13:04:16     all   28.18    0.00   18.76    0.00    0.00    0.01    0.00    0.00    0.00   53.05
13:04:17     all   27.42    0.00   20.73    0.00    0.00    0.00    0.00    0.00    0.00   51.85
13:04:18     all   31.38    0.00   18.31    0.00    0.00    0.00    0.00    0.00    0.00   50.31
13:04:19     all   27.46    0.00   18.84    0.00    0.00    0.00    0.00    0.00    0.00   53.71
13:04:20     all   26.56    0.00   17.31    0.00    0.00    0.03    0.00    0.00    0.00   56.10
13:04:21     all   32.54    0.00   16.59    0.00    0.00    0.00    0.00    0.00    0.00   50.87
13:04:22     all   27.93    0.00   17.29    0.00    0.00    0.01    0.00    0.00    0.00   54.76
13:04:23     all   26.83    0.00   19.14    0.00    0.00    0.00    0.00    0.00    0.00   54.03
13:04:24     all   28.62    0.00   19.32    0.00    0.00    0.01    0.00    0.00    0.00   52.04
13:04:25     all   29.77    0.00   20.16    0.00    0.00    0.00    0.00    0.00    0.00   50.08
13:04:26     all   29.12    0.00   19.48    0.00    0.00    0.00    0.00    0.00    0.00   51.41
13:04:27     all   27.93    0.00   16.14    0.00    0.00    0.00    0.00    0.00    0.00   55.93
13:04:28     all   28.29    0.00   17.28    0.00    0.00    0.00    0.00    0.00    0.00   54.43
13:04:29     all   30.12    0.00   18.00    0.00    0.00    0.03    0.00    0.00    0.00   51.85
13:04:30     all   23.40    0.00   14.99    0.00    0.00    0.00    0.00    0.00    0.00   61.61
13:04:31     all   28.43    0.00   18.75    0.00    0.00    0.00    0.00    0.00    0.00   52.82
13:04:32     all   26.73    0.00   17.73    0.00    0.00    0.01    0.00    0.00    0.00   55.52
13:04:33     all   30.09    0.00   17.67    0.00    0.00    0.00    0.00    0.00    0.00   52.24
13:04:34     all   22.36    0.00   15.48    0.00    0.00    0.00    0.00    0.00    0.00   62.16
13:04:35     all   29.50    0.00   18.05    0.00    0.00    0.00    0.00    0.00    0.00   52.45
13:04:36     all   25.08    0.00   14.10    0.00    0.00    0.01    0.00    0.00    0.00   60.81
13:04:37     all   27.23    0.00   16.34    0.00    0.00    0.01    0.00    0.00    0.00   56.41
13:04:38     all   29.45    0.00   17.24    0.00    0.00    0.00    0.00    0.00    0.00   53.31
13:04:39     all   27.61    0.01   15.38    0.00    0.00    0.00    0.00    0.00    0.00   56.99
13:04:40     all   28.70    0.00   16.40    0.00    0.00    0.01    0.00    0.00    0.00   54.89
13:04:41     all   27.22    0.00   14.53    0.00    0.00    0.00    0.00    0.00    0.00   58.25
13:04:42     all   28.78    0.00   20.20    0.00    0.00    0.00    0.00    0.00    0.00   51.02
13:04:43     all   29.10    0.00   18.56    0.00    0.00    0.00    0.00    0.00    0.00   52.33
13:04:44     all   26.41    0.00   16.17    0.00    0.00    0.00    0.00    0.00    0.00   57.42
13:04:45     all   29.41    0.00   19.88    0.01    0.00    0.00    0.00    0.00    0.00   50.70
13:04:46     all   27.78    0.00   18.54    0.00    0.00    0.00    0.00    0.00    0.00   53.68
13:04:47     all   30.62    0.00   19.16    0.00    0.00    0.00    0.00    0.00    0.00   50.23
13:04:48     all   26.00    0.00   18.02    0.00    0.00    0.00    0.00    0.00    0.00   55.98
13:04:49     all   30.25    0.00   19.39    0.00    0.00    0.01    0.00    0.00    0.00   50.35
13:04:50     all   27.84    0.00   18.76    0.00    0.00    0.00    0.00    0.00    0.00   53.40
13:04:51     all   28.23    0.00   16.12    0.00    0.00    0.00    0.00    0.00    0.00   55.65
13:04:52     all   31.57    0.00   17.87    0.00    0.00    0.01    0.00    0.00    0.00   50.55
13:04:53     all   29.12    0.00   17.09    0.00    0.00    0.01    0.00    0.00    0.00   53.78
13:04:54     all   26.65    0.00   14.66    0.00    0.00    0.00    0.00    0.00    0.00   58.69
13:04:55     all   25.72    0.00   15.83    0.00    0.00    0.00    0.00    0.00    0.00   58.45
13:04:56     all   28.89    0.00   17.03    0.00    0.00    0.00    0.00    0.00    0.00   54.08
13:04:57     all   27.37    0.00   16.07    0.00    0.00    0.00    0.00    0.00    0.00   56.56
13:04:58     all   32.69    0.00   17.23    0.00    0.00    0.03    0.00    0.00    0.00   50.06
13:04:59     all   33.53    0.00   16.65    0.00    0.00    0.00    0.00    0.00    0.00   49.82
13:05:00     all   32.12    0.00   16.85    0.00    0.00    0.00    0.00    0.00    0.00   51.03
13:05:01     all   29.48    0.00   19.85    0.00    0.00    0.00    0.00    0.00    0.00   50.67
13:05:02     all   31.38    0.00   17.63    0.00    0.00    0.01    0.00    0.00    0.00   50.98
13:05:03     all   29.07    0.00   18.64    0.01    0.00    0.03    0.00    0.00    0.00   52.25
13:05:04     all   29.25    0.00   20.43    0.00    0.00    0.03    0.00    0.00    0.00   50.29
13:05:05     all   26.99    0.00   15.65    0.00    0.00    0.00    0.00    0.00    0.00   57.35
13:05:06     all   30.33    0.00   18.05    0.00    0.00    0.00    0.00    0.00    0.00   51.62
13:05:07     all   29.08    0.00   19.22    0.00    0.00    0.00    0.00    0.00    0.00   51.71
13:05:08     all   30.67    0.00   18.86    0.00    0.00    0.01    0.00    0.00    0.00   50.45
13:05:09     all   25.88    0.00   15.68    0.00    0.00    0.01    0.00    0.00    0.00   58.43
13:05:10     all   29.91    0.00   15.57    0.00    0.00    0.00    0.00    0.00    0.00   54.51
13:05:11     all   26.67    0.00   14.30    0.00    0.00    0.00    0.00    0.00    0.00   59.03
13:05:12     all   28.28    0.00   13.45    0.00    0.00    0.01    0.00    0.00    0.00   58.26
13:05:13     all   23.49    0.01   11.71    0.00    0.00    0.01    0.00    0.00    0.00   64.77
13:05:14     all   28.23    0.00   13.41    0.00    0.00    0.00    0.00    0.00    0.00   58.37
13:05:15     all   29.59    0.00   16.35    0.00    0.00    0.00    0.00    0.00    0.00   54.05
13:05:16     all   24.56    0.00   13.23    0.00    0.00    0.00    0.00    0.00    0.00   62.21
13:05:17     all   27.05    0.00   14.36    0.00    0.00    0.00    0.00    0.00    0.00   58.59
13:05:18     all   25.90    0.00   13.35    0.00    0.00    0.01    0.00    0.00    0.00   60.73
13:05:19     all   29.75    0.00   16.05    0.00    0.00    0.00    0.00    0.00    0.00   54.20
13:05:20     all   23.74    0.00   12.72    0.00    0.00    0.00    0.00    0.00    0.00   63.54
13:05:21     all   32.51    0.00   15.83    0.00    0.00    0.00    0.00    0.00    0.00   51.66
13:05:22     all   28.15    0.08   15.60    0.00    0.00    0.01    0.00    0.00    0.00   56.16
13:05:23     all   26.83    0.00   13.45    0.00    0.00    0.00    0.00    0.00    0.00   59.72
13:05:24     all   28.56    0.00   13.40    0.00    0.00    0.00    0.00    0.00    0.00   58.04
13:05:25     all   28.80    0.00   13.91    0.00    0.00    0.01    0.00    0.00    0.00   57.28
13:05:26     all   25.04    0.00   13.01    0.00    0.00    0.01    0.00    0.00    0.00   61.94
13:05:27     all   28.77    0.00   14.44    0.00    0.00    0.00    0.00    0.00    0.00   56.80
13:05:28     all   26.50    0.00   13.66    0.00    0.00    0.00    0.00    0.00    0.00   59.84
13:05:29     all   24.22    0.00   12.35    0.00    0.00    0.00    0.00    0.00    0.00   63.43
13:05:30     all   26.86    0.00   12.18    0.00    0.00    0.01    0.00    0.00    0.00   60.95
13:05:31     all   23.76    0.00   12.52    0.00    0.00    0.01    0.00    0.00    0.00   63.71
13:05:32     all   28.61    0.00   15.64    0.00    0.00    0.00    0.00    0.00    0.00   55.75
13:05:33     all   26.00    0.00   15.24    0.00    0.00    0.00    0.00    0.00    0.00   58.75
13:05:34     all   31.04    0.00   15.42    0.00    0.00    0.00    0.00    0.00    0.00   53.54
13:05:35     all   24.91    0.00   14.63    0.00    0.00    0.01    0.00    0.00    0.00   60.45
13:05:36     all   31.59    0.00   16.74    0.00    0.00    0.00    0.00    0.00    0.00   51.67
13:05:37     all   26.04    0.00   13.82    0.00    0.00    0.00    0.00    0.00    0.00   60.14
13:05:38     all   27.37    0.00   12.03    0.00    0.00    0.00    0.00    0.00    0.00   60.60
13:05:39     all   23.12    0.00   10.82    0.00    0.00    0.00    0.00    0.00    0.00   66.06
13:05:40     all   26.51    0.00   13.80    0.00    0.00    0.00    0.00    0.00    0.00   59.69
13:05:41     all   27.19    0.00   12.51    0.00    0.00    0.01    0.00    0.00    0.00   60.28
13:05:42     all   18.89    0.00    8.33    0.00    0.00    0.00    0.00    0.00    0.00   72.78
13:05:43     all   26.66    0.00   10.62    0.01    0.00    0.00    0.00    0.00    0.00   62.70
13:05:44     all   25.88    0.00   11.70    0.00    0.00    0.00    0.00    0.00    0.00   62.42
13:05:45     all   27.65    0.00   14.19    0.00    0.00    0.00    0.00    0.00    0.00   58.16
13:05:46     all   25.92    0.00   13.77    0.00    0.00    0.00    0.00    0.00    0.00   60.31
13:05:47     all   27.84    0.00   12.23    0.00    0.00    0.00    0.00    0.00    0.00   59.93
13:05:48     all   24.12    0.00   10.86    0.00    0.00    0.03    0.00    0.00    0.00   65.00
13:05:49     all   24.10    0.00    9.14    0.00    0.00    0.00    0.00    0.00    0.00   66.76
13:05:50     all   27.50    0.00   13.75    0.00    0.00    0.01    0.00    0.00    0.00   58.74
13:05:51     all   27.54    0.00   12.72    0.00    0.00    0.00    0.00    0.00    0.00   59.74
13:05:52     all   26.87    0.01   14.39    0.00    0.00    0.00    0.00    0.00    0.00   58.72
13:05:53     all   27.24    0.00   12.63    0.00    0.00    0.01    0.00    0.00    0.00   60.12
13:05:54     all   24.15    0.00   13.55    0.00    0.00    0.00    0.00    0.00    0.00   62.30
13:05:55     all   25.55    0.00   11.93    0.00    0.00    0.00    0.00    0.00    0.00   62.52
13:05:56     all   27.66    0.00   11.52    0.00    0.00    0.00    0.00    0.00    0.00   60.82
13:05:57     all   28.14    0.00   12.36    0.00    0.00    0.00    0.00    0.00    0.00   59.50
13:05:58     all   25.81    0.01   12.42    0.00    0.00    0.00    0.00    0.00    0.00   61.76
13:05:59     all   32.49    0.00   13.92    0.00    0.00    0.01    0.00    0.00    0.00   53.58
13:06:00     all   24.85    0.00   11.65    0.00    0.00    0.00    0.00    0.00    0.00   63.50
13:06:01     all   27.63    0.00   11.51    0.00    0.00    0.00    0.00    0.00    0.00   60.87
13:06:02     all   21.51    0.00   11.36    0.00    0.00    0.01    0.00    0.00    0.00   67.11
13:06:03     all   26.43    0.00   11.43    0.00    0.00    0.00    0.00    0.00    0.00   62.13
13:06:04     all   24.61    0.00   10.28    0.00    0.00    0.00    0.00    0.00    0.00   65.11
13:06:05     all   30.92    0.00   11.75    0.00    0.00    0.00    0.00    0.00    0.00   57.33
13:06:06     all   22.54    0.00   10.64    0.00    0.00    0.01    0.00    0.00    0.00   66.80
13:06:07     all   28.06    0.00   12.29    0.00    0.00    0.00    0.00    0.00    0.00   59.65
13:06:08     all   31.45    0.00   16.16    0.00    0.00    0.00    0.00    0.00    0.00   52.39
13:06:09     all   25.33    0.00   12.01    0.00    0.00    0.01    0.00    0.00    0.00   62.64
13:06:10     all   26.49    0.00   12.22    0.00    0.00    0.03    0.00    0.00    0.00   61.26
13:06:11     all   25.63    0.00   11.79    0.00    0.00    0.00    0.00    0.00    0.00   62.58
13:06:12     all   28.36    0.00   12.63    0.00    0.00    0.01    0.00    0.00    0.00   59.00
13:06:13     all   26.41    0.01   11.74    0.00    0.00    0.00    0.00    0.00    0.00   61.83
13:06:14     all   23.81    0.00   11.15    0.00    0.00    0.00    0.00    0.00    0.00   65.04
13:06:15     all   30.16    0.00   12.48    0.00    0.00    0.01    0.00    0.00    0.00   57.34
13:06:16     all   24.01    0.00    9.56    0.00    0.00    0.00    0.00    0.00    0.00   66.43
13:06:17     all   26.38    0.00   10.91    0.00    0.00    0.00    0.00    0.00    0.00   62.70
13:06:18     all   26.11    0.00   13.51    0.00    0.00    0.00    0.00    0.00    0.00   60.38
13:06:19     all   22.67    0.00   11.31    0.00    0.00    0.00    0.00    0.00    0.00   66.03
13:06:20     all   26.89    0.00   10.57    0.00    0.00    0.00    0.00    0.00    0.00   62.55
13:06:21     all   24.59    0.00   10.76    0.00    0.00    0.00    0.00    0.00    0.00   64.66
13:06:22     all   28.45    0.00   11.97    0.00    0.00    0.01    0.00    0.00    0.00   59.57
13:06:23     all   23.86    0.00   10.55    0.00    0.00    0.00    0.00    0.00    0.00   65.59
13:06:24     all   25.65    0.00   12.38    0.00    0.00    0.00    0.00    0.00    0.00   61.97
13:06:25     all   30.09    0.00   12.95    0.00    0.00    0.01    0.00    0.00    0.00   56.94
13:06:26     all   27.43    0.00   13.91    0.00    0.00    0.00    0.00    0.00    0.00   58.66
13:06:27     all   24.83    0.00   12.90    0.00    0.00    0.00    0.00    0.00    0.00   62.27
13:06:28     all   30.53    0.00   11.65    0.00    0.00    0.00    0.00    0.00    0.00   57.81
13:06:29     all   23.62    0.00   11.33    0.00    0.00    0.00    0.00    0.00    0.00   65.05
13:06:30     all   23.75    0.00   13.89    0.00    0.00    0.00    0.00    0.00    0.00   62.36
13:06:31     all   29.55    0.00   14.25    0.00    0.00    0.00    0.00    0.00    0.00   56.20
13:06:32     all   27.54    0.00   13.60    0.00    0.00    0.03    0.00    0.00    0.00   58.83
13:06:33     all   26.61    0.00   12.64    0.00    0.00    0.00    0.00    0.00    0.00   60.76
13:06:34     all   25.45    0.00   12.04    0.00    0.00    0.00    0.00    0.00    0.00   62.51
13:06:35     all   30.08    0.00   16.00    0.00    0.00    0.00    0.00    0.00    0.00   53.92
13:06:36     all   26.94    0.00   13.06    0.00    0.00    0.00    0.00    0.00    0.00   60.00
13:06:37     all   27.74    0.00   12.94    0.00    0.00    0.00    0.00    0.00    0.00   59.32
13:06:38     all   33.65    0.00   14.37    0.00    0.00    0.00    0.00    0.00    0.00   51.98
13:06:39     all   28.45    0.00   14.06    0.00    0.00    0.01    0.00    0.00    0.00   57.48
13:06:40     all   24.34    0.00   12.71    0.00    0.00    0.00    0.00    0.00    0.00   62.95
13:06:41     all   27.88    0.00   12.80    0.00    0.00    0.00    0.00    0.00    0.00   59.32
13:06:42     all   28.10    0.00   12.78    0.00    0.00    0.00    0.00    0.00    0.00   59.12
13:06:43     all   26.26    0.00   13.32    0.00    0.00    0.00    0.00    0.00    0.00   60.42
13:06:44     all   27.22    0.01   13.74    0.00    0.00    0.00    0.00    0.00    0.00   59.03
13:06:45     all   25.21    0.00   11.25    0.00    0.00    0.00    0.00    0.00    0.00   63.54
13:06:46     all   32.72    0.00   13.61    0.00    0.00    0.01    0.00    0.00    0.00   53.65
13:06:47     all   23.28    0.00   11.43    0.00    0.00    0.00    0.00    0.00    0.00   65.29
13:06:48     all   29.90    0.00   14.01    0.00    0.00    0.00    0.00    0.00    0.00   56.09
13:06:49     all   28.24    0.00   13.26    0.00    0.00    0.00    0.00    0.00    0.00   58.50
13:06:50     all   33.72    0.00   12.82    0.00    0.00    0.01    0.00    0.00    0.00   53.45
13:06:51     all   27.57    0.00   13.58    0.00    0.00    0.00    0.00    0.00    0.00   58.85
13:06:52     all   24.80    0.00   13.30    0.00    0.00    0.00    0.00    0.00    0.00   61.90
13:06:53     all   29.87    0.00   17.28    0.00    0.00    0.00    0.00    0.00    0.00   52.86
13:06:54     all   21.30    0.00   12.57    0.00    0.00    0.00    0.00    0.00    0.00   66.14
13:06:55     all   23.77    0.00   11.88    0.01    0.00    0.01    0.00    0.00    0.00   64.32
13:06:56     all   34.47    0.00   15.46    0.00    0.00    0.00    0.00    0.00    0.00   50.08
13:06:57     all   26.01    0.00   13.34    0.00    0.00    0.00    0.00    0.00    0.00   60.65
13:06:58     all   29.35    0.00   11.98    0.00    0.00    0.01    0.00    0.00    0.00   58.65
13:06:59     all   29.43    0.00   14.81    0.00    0.00    0.00    0.00    0.00    0.00   55.76
13:07:00     all   28.59    0.00   11.99    0.00    0.00    0.01    0.00    0.00    0.00   59.40
13:07:01     all   28.51    0.00   10.42    0.00    0.00    0.01    0.00    0.00    0.00   61.05
13:07:02     all   30.19    0.00   13.35    0.00    0.00    0.03    0.00    0.00    0.00   56.44
13:07:03     all   29.11    0.00   13.40    0.00    0.00    0.01    0.00    0.00    0.00   57.48
13:07:04     all   27.66    0.00   12.25    0.00    0.00    0.00    0.00    0.00    0.00   60.09
13:07:05     all   27.23    0.00   12.29    0.00    0.00    0.00    0.00    0.00    0.00   60.48
13:07:06     all   30.21    0.00   11.10    0.00    0.00    0.00    0.00    0.00    0.00   58.69
13:07:07     all   30.67    0.00   14.59    0.00    0.00    0.00    0.00    0.00    0.00   54.74
13:07:08     all   27.64    0.00   14.78    0.00    0.00    0.00    0.00    0.00    0.00   57.58
13:07:09     all   23.73    0.00   12.56    0.00    0.00    0.01    0.00    0.00    0.00   63.70
13:07:10     all   31.59    0.00   12.07    0.00    0.00    0.00    0.00    0.00    0.00   56.34
13:07:11     all   30.98    0.00   12.88    0.00    0.00    0.00    0.00    0.00    0.00   56.14
13:07:12     all   23.23    0.00   11.29    0.00    0.00    0.00    0.00    0.00    0.00   65.48
13:07:13     all   26.34    0.00   12.54    0.00    0.00    0.00    0.00    0.00    0.00   61.12
13:07:14     all   31.47    0.00   14.79    0.00    0.00    0.00    0.00    0.00    0.00   53.74
13:07:15     all   28.85    0.00   15.70    0.00    0.00    0.01    0.00    0.00    0.00   55.43
13:07:16     all   29.85    0.00   13.06    0.00    0.00    0.00    0.00    0.00    0.00   57.09
13:07:17     all   34.38    0.00   14.27    0.00    0.00    0.01    0.00    0.00    0.00   51.33
13:07:18     all   29.39    0.00   13.79    0.00    0.00    0.00    0.00    0.00    0.00   56.81
13:07:19     all   35.95    0.00   15.54    0.00    0.00    0.00    0.00    0.00    0.00   48.51
13:07:20     all   23.31    0.00   13.39    0.00    0.00    0.00    0.00    0.00    0.00   63.30
13:07:21     all   35.12    0.00   14.53    0.00    0.00    0.00    0.00    0.00    0.00   50.35
13:07:22     all   23.36    0.00   13.06    0.00    0.00    0.00    0.00    0.00    0.00   63.58
13:07:23     all   32.44    0.00   13.46    0.00    0.00    0.00    0.00    0.00    0.00   54.10
13:07:24     all   18.65    0.00   11.26    0.00    0.00    0.00    0.00    0.00    0.00   70.09
13:07:25     all   25.53    0.00   11.91    0.00    0.00    0.00    0.00    0.00    0.00   62.56
13:07:26     all   27.83    0.00   12.03    0.00    0.00    0.01    0.00    0.00    0.00   60.13
13:07:27     all   28.45    0.00   15.86    0.00    0.00    0.00    0.00    0.00    0.00   55.70
13:07:28     all   32.37    0.00   17.63    0.00    0.00    0.00    0.00    0.00    0.00   50.00
13:07:29     all   25.21    0.00   15.56    0.00    0.00    0.00    0.00    0.00    0.00   59.23
13:07:30     all   27.41    0.00   14.74    0.00    0.00    0.00    0.00    0.00    0.00   57.84
13:07:31     all   30.54    0.00   13.80    0.00    0.00    0.00    0.00    0.00    0.00   55.66
13:07:32     all   28.14    0.00   15.65    0.00    0.00    0.01    0.00    0.00    0.00   56.19
13:07:33     all   27.20    0.00   14.39    0.00    0.00    0.00    0.00    0.00    0.00   58.40
13:07:34     all   25.90    0.00   13.52    0.00    0.00    0.00    0.00    0.00    0.00   60.57
13:07:35     all   26.89    0.00   12.95    0.00    0.00    0.00    0.00    0.00    0.00   60.16
13:07:36     all   29.07    0.00   14.27    0.00    0.00    0.01    0.00    0.00    0.00   56.65
13:07:37     all   20.55    0.00   10.66    0.00    0.00    0.00    0.00    0.00    0.00   68.79
13:07:38     all   34.76    0.00   16.04    0.00    0.00    0.00    0.00    0.00    0.00   49.20
13:07:39     all   23.84    0.00   12.18    0.00    0.00    0.01    0.00    0.00    0.00   63.97
13:07:40     all   27.30    0.00   14.06    0.00    0.00    0.00    0.00    0.00    0.00   58.64
13:07:41     all   29.75    0.01   14.00    0.00    0.00    0.00    0.00    0.00    0.00   56.24
13:07:42     all   29.55    0.00   14.04    0.00    0.00    0.03    0.00    0.00    0.00   56.38
13:07:43     all   32.60    0.00   17.33    0.00    0.00    0.00    0.00    0.00    0.00   50.08
13:07:44     all   28.61    0.01   14.83    0.00    0.00    0.00    0.00    0.00    0.00   56.55
13:07:45     all   31.29    0.00   15.05    0.00    0.00    0.00    0.00    0.00    0.00   53.67
13:07:46     all   24.72    0.00   15.14    0.00    0.00    0.00    0.00    0.00    0.00   60.14
13:07:47     all   33.21    0.00   16.38    0.00    0.00    0.00    0.00    0.00    0.00   50.41
13:07:48     all   28.46    0.00   19.33    0.00    0.00    0.01    0.00    0.00    0.00   52.19
13:07:49     all   27.18    0.00   20.22    0.00    0.00    0.00    0.00    0.00    0.00   52.60
13:07:50     all   31.36    0.00   18.64    0.00    0.00    0.01    0.00    0.00    0.00   49.99
13:07:51     all   32.49    0.00   17.56    0.00    0.00    0.00    0.00    0.00    0.00   49.94
13:07:52     all   30.90    0.00   18.25    0.00    0.00    0.01    0.00    0.00    0.00   50.83
13:07:53     all   31.51    0.00   17.97    0.00    0.00    0.01    0.00    0.00    0.00   50.51
13:07:54     all   31.99    0.00   18.67    0.00    0.00    0.00    0.00    0.00    0.00   49.34
13:07:55     all   32.74    0.00   17.01    0.00    0.00    0.00    0.00    0.00    0.00   50.25
13:07:56     all   27.27    0.00   15.45    0.00    0.00    0.00    0.00    0.00    0.00   57.28
13:07:57     all   34.03    0.00   15.98    0.01    0.00    0.00    0.00    0.00    0.00   49.98
13:07:58     all   26.05    0.00   17.04    0.00    0.00    0.01    0.00    0.00    0.00   56.90
13:07:59     all   28.02    0.00   16.88    0.00    0.00    0.00    0.00    0.00    0.00   55.09
13:08:00     all   34.41    0.00   15.76    0.01    0.00    0.00    0.00    0.00    0.00   49.81
13:08:01     all   31.31    0.00   17.96    0.00    0.00    0.00    0.00    0.00    0.00   50.73
13:08:02     all   32.33    0.00   16.34    0.00    0.00    0.00    0.00    0.00    0.00   51.32
13:08:03     all   18.91    0.00   11.57    0.00    0.00    0.00    0.00    0.00    0.00   69.52
13:08:04     all   35.67    0.00   14.87    0.00    0.00    0.01    0.00    0.00    0.00   49.45
13:08:05     all   26.38    0.00   16.00    0.00    0.00    0.00    0.00    0.00    0.00   57.62
13:08:06     all   32.20    0.00   16.65    0.00    0.00    0.00    0.00    0.00    0.00   51.15
13:08:07     all   30.41    0.00   14.84    0.00    0.00    0.01    0.00    0.00    0.00   54.74
13:08:08     all   27.70    0.00   15.45    0.00    0.00    0.00    0.00    0.00    0.00   56.85
13:08:09     all   32.94    0.00   13.38    0.00    0.00    0.00    0.00    0.00    0.00   53.68
13:08:10     all   26.35    0.00   11.96    0.00    0.00    0.00    0.00    0.00    0.00   61.68
13:08:11     all   31.12    0.00   12.35    0.00    0.00    0.00    0.00    0.00    0.00   56.54
13:08:12     all   27.71    0.00   12.20    0.01    0.00    0.00    0.00    0.00    0.00   60.08
13:08:13     all   26.80    0.00   11.68    0.00    0.00    0.00    0.00    0.00    0.00   61.51
13:08:14     all   32.32    0.00   14.43    0.00    0.00    0.00    0.00    0.00    0.00   53.25
13:08:15     all   29.11    0.00   13.70    0.00    0.00    0.00    0.00    0.00    0.00   57.19
13:08:16     all   29.32    0.00   12.97    0.00    0.00    0.00    0.00    0.00    0.00   57.71
13:08:17     all   22.69    0.00   10.03    0.00    0.00    0.00    0.00    0.00    0.00   67.28
13:08:18     all   28.81    0.00   10.00    0.00    0.00    0.01    0.00    0.00    0.00   61.18
13:08:19     all   26.29    0.00   12.33    0.00    0.00    0.00    0.00    0.00    0.00   61.38
13:08:20     all   35.12    0.00   14.90    0.00    0.00    0.00    0.00    0.00    0.00   49.97
13:08:21     all   30.45    0.00   14.10    0.00    0.00    0.00    0.00    0.00    0.00   55.44
13:08:22     all   31.88    0.00   16.18    0.01    0.00    0.00    0.00    0.00    0.00   51.93
13:08:23     all   26.25    0.00   14.84    0.00    0.00    0.00    0.00    0.00    0.00   58.90
13:08:24     all   30.58    0.00   13.84    0.00    0.00    0.00    0.00    0.00    0.00   55.58
13:08:25     all   30.18    0.00   16.79    0.00    0.00    0.01    0.00    0.00    0.00   53.01
13:08:26     all   25.35    0.00   14.26    0.00    0.00    0.00    0.00    0.00    0.00   60.38
13:08:27     all   29.61    0.00   12.74    0.00    0.00    0.00    0.00    0.00    0.00   57.65
13:08:28     all   25.24    0.00   13.19    0.00    0.00    0.00    0.00    0.00    0.00   61.57
13:08:29     all   32.40    0.00   10.82    0.00    0.00    0.00    0.00    0.00    0.00   56.78
13:08:30     all   25.57    0.00   12.49    0.00    0.00    0.01    0.00    0.00    0.00   61.93
13:08:31     all   31.38    0.00   13.62    0.00    0.00    0.00    0.00    0.00    0.00   55.00
13:08:32     all   31.03    0.00   13.40    0.00    0.00    0.00    0.00    0.00    0.00   55.57
13:08:33     all   30.00    0.00   13.55    0.00    0.00    0.00    0.00    0.00    0.00   56.45
13:08:34     all   27.16    0.00   11.81    0.00    0.00    0.00    0.00    0.00    0.00   61.03
13:08:35     all   29.24    0.00   12.48    0.00    0.00    0.00    0.00    0.00    0.00   58.28
13:08:36     all   31.78    0.00   13.64    0.00    0.00    0.03    0.00    0.00    0.00   54.55
13:08:37     all   31.37    0.00   15.48    0.00    0.00    0.01    0.00    0.00    0.00   53.13
13:08:38     all   26.33    0.00   14.93    0.00    0.00    0.01    0.00    0.00    0.00   58.73
13:08:39     all   28.14    0.00   13.80    0.00    0.00    0.00    0.00    0.00    0.00   58.06
13:08:40     all   30.26    0.00   11.42    0.00    0.00    0.00    0.00    0.00    0.00   58.32
13:08:41     all   31.32    0.00   14.24    0.00    0.00    0.00    0.00    0.00    0.00   54.44
13:08:42     all   26.01    0.00   12.09    0.00    0.00    0.00    0.00    0.00    0.00   61.90
13:08:43     all   29.30    0.00   11.96    0.00    0.00    0.00    0.00    0.00    0.00   58.74
13:08:44     all   27.12    0.00   11.72    0.00    0.00    0.00    0.00    0.00    0.00   61.16
13:08:45     all   24.23    0.00    9.69    0.00    0.00    0.01    0.00    0.00    0.00   66.06
13:08:46     all   30.20    0.00   12.17    0.00    0.00    0.00    0.00    0.00    0.00   57.63
13:08:47     all   32.83    0.00   12.59    0.00    0.00    0.01    0.00    0.00    0.00   54.56
13:08:48     all   29.32    0.00   13.27    0.00    0.00    0.00    0.00    0.00    0.00   57.40
13:08:49     all   30.44    0.00   12.01    0.00    0.00    0.00    0.00    0.00    0.00   57.55
13:08:50     all   31.18    0.00   13.87    0.00    0.00    0.00    0.00    0.00    0.00   54.95
13:08:51     all   28.56    0.00   12.99    0.00    0.00    0.01    0.00    0.00    0.00   58.44
13:08:52     all   34.32    0.01   13.81    0.00    0.00    0.00    0.00    0.00    0.00   51.86
13:08:53     all   29.40    0.00   13.67    0.00    0.00    0.00    0.00    0.00    0.00   56.93
13:08:54     all   32.74    0.00   14.57    0.00    0.00    0.00    0.00    0.00    0.00   52.70
13:08:55     all   32.96    0.00   15.62    0.00    0.00    0.00    0.00    0.00    0.00   51.42
13:08:56     all   29.07    0.00   12.89    0.00    0.00    0.01    0.00    0.00    0.00   58.02
13:08:57     all   26.75    0.00   12.00    0.00    0.00    0.00    0.00    0.00    0.00   61.26
13:08:58     all   35.18    0.00   14.72    0.00    0.00    0.01    0.00    0.00    0.00   50.08
13:08:59     all   27.53    0.00   12.08    0.00    0.00    0.00    0.00    0.00    0.00   60.39
13:09:00     all   22.53    0.00   10.20    0.00    0.00    0.01    0.00    0.00    0.00   67.26
13:09:01     all   33.77    0.00   12.44    0.00    0.00    0.00    0.00    0.00    0.00   53.79
13:09:02     all   27.77    0.00   11.90    0.00    0.00    0.00    0.00    0.00    0.00   60.33
13:09:03     all   30.12    0.00   14.65    0.00    0.00    0.01    0.00    0.00    0.00   55.22
13:09:04     all   28.70    0.00   12.14    0.00    0.00    0.00    0.00    0.00    0.00   59.16
13:09:05     all   28.39    0.00   12.75    0.00    0.00    0.00    0.00    0.00    0.00   58.86
13:09:06     all   28.18    0.00   13.07    0.00    0.00    0.00    0.00    0.00    0.00   58.75
13:09:07     all   25.82    0.00   11.97    0.00    0.00    0.00    0.00    0.00    0.00   62.21
13:09:08     all   35.55    0.00   13.76    0.00    0.00    0.01    0.00    0.00    0.00   50.68
13:09:09     all   24.72    0.00   15.24    0.00    0.00    0.00    0.00    0.00    0.00   60.04
13:09:10     all   29.75    0.00   15.12    0.00    0.00    0.00    0.00    0.00    0.00   55.13
13:09:11     all   32.53    0.00   13.93    0.00    0.00    0.01    0.00    0.00    0.00   53.53
13:09:12     all   28.15    0.00   14.25    0.00    0.00    0.00    0.00    0.00    0.00   57.60
13:09:13     all   21.78    0.00   13.65    0.00    0.00    0.00    0.00    0.00    0.00   64.57
13:09:14     all   37.47    0.01   13.27    0.00    0.00    0.00    0.00    0.00    0.00   49.24
13:09:15     all   24.70    0.01   14.17    0.00    0.00    0.00    0.00    0.00    0.00   61.11
13:09:16     all   33.38    0.00   12.56    0.01    0.00    0.00    0.00    0.00    0.00   54.05
13:09:17     all   25.72    0.00   12.14    0.00    0.00    0.01    0.00    0.00    0.00   62.14
13:09:18     all   13.40    0.00    8.97    0.00    0.00    0.00    0.00    0.00    0.00   77.63
13:09:19     all   24.38    0.00   11.67    0.00    0.00    0.00    0.00    0.00    0.00   63.95
13:09:20     all   31.51    0.00   14.93    0.00    0.00    0.00    0.00    0.00    0.00   53.56
13:09:21     all   13.86    0.00    9.58    0.00    0.00    0.00    0.00    0.00    0.00   76.55
13:09:22     all   31.18    0.01   14.13    0.00    0.00    0.00    0.00    0.00    0.00   54.68
13:09:23     all   31.72    0.00   17.27    0.00    0.00    0.00    0.00    0.00    0.00   51.01
13:09:24     all   33.24    0.00   16.40    0.00    0.00    0.00    0.00    0.00    0.00   50.36
13:09:25     all   31.18    0.00   15.09    0.00    0.00    0.00    0.00    0.00    0.00   53.73
13:09:26     all   30.58    0.00   15.51    0.00    0.00    0.01    0.00    0.00    0.00   53.89
13:09:27     all   32.99    0.00   16.43    0.00    0.00    0.01    0.00    0.00    0.00   50.56
13:09:28     all   28.69    0.00   15.15    0.00    0.00    0.00    0.00    0.00    0.00   56.16
13:09:29     all   33.74    0.00   15.95    0.00    0.00    0.03    0.00    0.00    0.00   50.28
13:09:30     all   20.25    0.00   11.28    0.00    0.00    0.00    0.00    0.00    0.00   68.47
13:09:31     all   23.81    0.00   10.46    0.00    0.00    0.00    0.00    0.00    0.00   65.73
13:09:32     all   16.07    0.00    8.03    0.00    0.00    0.00    0.00    0.00    0.00   75.91
13:09:33     all   27.06    0.00    8.96    0.00    0.00    0.00    0.00    0.00    0.00   63.98
13:09:34     all   26.95    0.00   10.42    0.00    0.00    0.03    0.00    0.00    0.00   62.60
13:09:35     all   23.75    0.00   10.22    0.00    0.00    0.00    0.00    0.00    0.00   66.03
13:09:36     all   22.98    0.00   10.29    0.00    0.00    0.00    0.00    0.00    0.00   66.73
13:09:37     all   28.73    0.00   12.05    0.00    0.00    0.00    0.00    0.00    0.00   59.21
13:09:38     all   28.81    0.00   10.42    0.00    0.00    0.00    0.00    0.00    0.00   60.77
13:09:39     all   27.64    0.00   11.41    0.00    0.00    0.01    0.00    0.00    0.00   60.93
13:09:40     all   28.67    0.00   11.87    0.00    0.00    0.00    0.00    0.00    0.00   59.46
13:09:41     all   22.44    0.00   10.13    0.00    0.00    0.00    0.00    0.00    0.00   67.43
13:09:42     all   35.60    0.00   13.18    0.00    0.00    0.00    0.00    0.00    0.00   51.22
13:09:43     all   18.18    0.00    9.24    0.00    0.00    0.00    0.00    0.00    0.00   72.58
13:09:44     all   36.26    0.00   13.27    0.00    0.00    0.01    0.00    0.00    0.00   50.46
13:09:45     all   28.68    0.00   14.64    0.00    0.00    0.00    0.00    0.00    0.00   56.68
13:09:46     all   31.33    0.00   13.88    0.00    0.00    0.00    0.00    0.00    0.00   54.79
13:09:47     all   30.43    0.00   14.00    0.00    0.00    0.00    0.00    0.00    0.00   55.57
13:09:48     all   17.20    0.00   12.29    0.00    0.00    0.00    0.00    0.00    0.00   70.51
13:09:49     all   28.05    0.00   11.73    0.00    0.00    0.00    0.00    0.00    0.00   60.22
13:09:50     all   22.69    0.00   11.05    0.00    0.00    0.00    0.00    0.00    0.00   66.26
13:09:51     all   20.01    0.00    9.36    0.00    0.00    0.00    0.00    0.00    0.00   70.63
13:09:52     all   23.16    0.00    9.33    0.00    0.00    0.01    0.00    0.00    0.00   67.49
13:09:53     all   33.46    0.00   15.46    0.00    0.00    0.00    0.00    0.00    0.00   51.08
13:09:54     all   20.51    0.00   13.61    0.00    0.00    0.00    0.00    0.00    0.00   65.88
13:09:55     all   28.34    0.00   12.20    0.00    0.00    0.03    0.00    0.00    0.00   59.43
13:09:56     all   27.19    0.00   11.81    0.00    0.00    0.00    0.00    0.00    0.00   61.00
13:09:57     all   28.83    0.00   12.61    0.00    0.00    0.00    0.00    0.00    0.00   58.57
13:09:58     all   28.16    0.00   13.67    0.00    0.00    0.00    0.00    0.00    0.00   58.17
13:09:59     all   27.83    0.00   13.11    0.00    0.00    0.00    0.00    0.00    0.00   59.06
13:10:00     all   35.02    0.00   14.81    0.00    0.00    0.00    0.00    0.00    0.00   50.17
13:10:01     all   29.97    0.00   14.86    0.00    0.00    0.01    0.00    0.00    0.00   55.15
13:10:02     all   28.40    0.00   14.47    0.00    0.00    0.01    0.00    0.00    0.00   57.12
13:10:03     all   30.24    0.00   13.29    0.01    0.00    0.01    0.00    0.00    0.00   56.44
13:10:04     all   23.39    0.50   10.97    0.00    0.00    0.00    0.00    0.00    0.00   65.14
13:10:05     all   27.09    1.39   11.25    0.00    0.00    0.00    0.00    0.00    0.00   60.27
13:10:06     all   35.16    1.22   14.63    0.00    0.00    0.00    0.00    0.00    0.00   48.99
13:10:07     all   28.74    1.39   17.53    0.00    0.00    0.00    0.00    0.00    0.00   52.34
13:10:08     all   21.96    1.21   14.37    0.00    0.00    0.01    0.00    0.00    0.00   62.45
13:10:09     all   36.01    0.90   14.44    0.00    0.00    0.01    0.00    0.00    0.00   48.63
13:10:10     all   34.86    0.00   16.06    0.00    0.00    0.00    0.00    0.00    0.00   49.08
13:10:11     all   24.59    0.00   13.06    0.01    0.00    0.01    0.00    0.00    0.00   62.33
13:10:12     all   28.78    0.00   11.87    0.00    0.00    0.00    0.00    0.00    0.00   59.35
13:10:13     all   31.94    0.00   13.34    0.00    0.00    0.00    0.00    0.00    0.00   54.72
13:10:14     all   29.83    0.00   12.96    0.00    0.00    0.01    0.00    0.00    0.00   57.19
13:10:15     all   35.96    0.00   16.15    0.00    0.00    0.00    0.00    0.00    0.00   47.89
13:10:16     all   26.12    0.00   15.52    0.00    0.00    0.03    0.00    0.00    0.00   58.33
13:10:17     all   25.78    0.00   13.16    0.00    0.00    0.00    0.00    0.00    0.00   61.07
13:10:18     all   27.05    0.00   12.35    0.00    0.00    0.01    0.00    0.00    0.00   60.59
13:10:19     all   29.20    0.00   11.92    0.01    0.00    0.00    0.00    0.00    0.00   58.86
13:10:20     all   28.72    0.00   12.60    0.00    0.00    0.00    0.00    0.00    0.00   58.68
13:10:21     all   28.08    0.00   10.94    0.00    0.00    0.01    0.00    0.00    0.00   60.97
13:10:22     all   27.87    0.00   12.12    0.00    0.00    0.00    0.00    0.00    0.00   60.00
13:10:23     all   25.99    0.00   11.84    0.03    0.00    0.01    0.00    0.00    0.00   62.13
13:10:24     all   27.30    0.00   11.13    0.00    0.00    0.00    0.00    0.00    0.00   61.57
13:10:25     all   27.45    0.00   10.17    0.01    0.00    0.00    0.00    0.00    0.00   62.37
13:10:26     all   33.42    0.00   12.80    0.00    0.00    0.00    0.00    0.00    0.00   53.79
13:10:27     all   30.09    0.00   13.44    0.00    0.00    0.01    0.00    0.00    0.00   56.46
13:10:28     all   22.82    0.00   12.11    0.00    0.00    0.00    0.00    0.00    0.00   65.07
13:10:29     all   24.35    0.00   11.34    0.00    0.00    0.00    0.00    0.00    0.00   64.31
13:10:30     all   26.73    0.00   10.61    0.00    0.00    0.00    0.00    0.00    0.00   62.66
13:10:31     all   29.65    0.00   12.19    0.00    0.00    0.00    0.00    0.00    0.00   58.15
13:10:32     all   31.16    0.00   13.75    0.00    0.00    0.00    0.00    0.00    0.00   55.09
13:10:33     all   24.83    0.00   12.97    0.01    0.00    0.00    0.00    0.00    0.00   62.19
13:10:34     all   34.13    0.00   15.60    0.00    0.00    0.00    0.00    0.00    0.00   50.27
13:10:35     all   29.77    0.00   15.78    0.00    0.00    0.01    0.00    0.00    0.00   54.44
13:10:36     all   31.65    0.00   16.24    0.00    0.00    0.00    0.00    0.00    0.00   52.11
13:10:37     all   33.56    0.00   15.03    0.00    0.00    0.00    0.00    0.00    0.00   51.41
13:10:38     all   20.18    0.00   13.57    0.00    0.00    0.01    0.00    0.00    0.00   66.24
13:10:39     all   35.61    0.00   14.38    0.00    0.00    0.00    0.00    0.00    0.00   50.01
13:10:40     all   30.10    0.00   14.11    0.00    0.00    0.01    0.00    0.00    0.00   55.77
13:10:41     all   25.70    0.00   12.00    0.00    0.00    0.00    0.00    0.00    0.00   62.30
13:10:42     all   29.30    0.00   11.59    0.00    0.00    0.00    0.00    0.00    0.00   59.11
13:10:43     all   24.54    0.00   10.71    0.00    0.00    0.01    0.00    0.00    0.00   64.73
13:10:44     all   28.72    0.00   11.17    0.00    0.00    0.01    0.00    0.00    0.00   60.10
13:10:45     all   31.42    0.00   11.79    0.00    0.00    0.00    0.00    0.00    0.00   56.79
13:10:46     all   33.88    0.00   11.80    0.00    0.00    0.00    0.00    0.00    0.00   54.32
13:10:47     all   30.17    0.01   15.09    0.00    0.00    0.00    0.00    0.00    0.00   54.72
13:10:48     all   31.37    0.00   14.39    0.00    0.00    0.01    0.00    0.00    0.00   54.22
13:10:49     all   28.67    0.00   14.53    0.00    0.00    0.00    0.00    0.00    0.00   56.79
13:10:50     all   28.22    0.00   12.25    0.00    0.00    0.00    0.00    0.00    0.00   59.53
13:10:51     all   26.54    0.00   10.06    0.00    0.00    0.00    0.00    0.00    0.00   63.40
13:10:52     all   29.26    0.00   12.04    0.00    0.00    0.00    0.00    0.00    0.00   58.70
13:10:53     all   33.61    0.00   13.51    0.01    0.00    0.00    0.00    0.00    0.00   52.86
13:10:54     all   32.87    0.00   16.51    0.00    0.00    0.00    0.00    0.00    0.00   50.61
13:10:55     all   19.95    0.00   14.18    0.01    0.00    0.01    0.00    0.00    0.00   65.85
13:10:56     all   29.94    0.00   14.81    0.00    0.00    0.01    0.00    0.00    0.00   55.24
13:10:57     all   30.03    0.00   14.42    0.00    0.00    0.00    0.00    0.00    0.00   55.55
13:10:58     all   27.13    0.00   12.44    0.00    0.00    0.00    0.00    0.00    0.00   60.43
13:10:59     all   21.03    0.00   10.81    0.00    0.00    0.03    0.00    0.00    0.00   68.14
13:11:00     all   27.84    0.00   12.53    0.00    0.00    0.00    0.00    0.00    0.00   59.63
13:11:01     all   29.43    0.00   10.44    0.00    0.00    0.00    0.00    0.00    0.00   60.13
13:11:02     all   33.75    0.00   17.17    0.00    0.00    0.01    0.00    0.00    0.00   49.06
13:11:03     all   19.21    0.00   12.99    0.00    0.00    0.00    0.00    0.00    0.00   67.80
13:11:04     all   30.07    0.00   13.17    0.00    0.00    0.00    0.00    0.00    0.00   56.75
13:11:05     all   27.94    0.00   10.34    0.00    0.00    0.01    0.00    0.00    0.00   61.71
13:11:06     all   23.43    0.00   10.18    0.00    0.00    0.00    0.00    0.00    0.00   66.39
13:11:07     all   27.69    0.00   13.63    0.00    0.00    0.01    0.00    0.00    0.00   58.66
13:11:08     all   36.82    0.00   13.74    0.01    0.00    0.00    0.00    0.00    0.00   49.43
13:11:09     all   27.98    0.00   14.70    0.00    0.00    0.00    0.00    0.00    0.00   57.32
13:11:10     all   21.32    0.00   10.94    0.00    0.00    0.00    0.00    0.00    0.00   67.73
13:11:11     all   36.84    0.00   12.24    0.00    0.00    0.00    0.00    0.00    0.00   50.92
13:11:12     all   16.95    0.00    8.21    0.00    0.00    0.00    0.00    0.00    0.00   74.84
13:11:13     all   35.00    0.00   12.33    0.00    0.00    0.01    0.00    0.00    0.00   52.65
13:11:14     all   32.28    0.01   14.54    0.00    0.00    0.01    0.00    0.00    0.00   53.15
13:11:15     all   22.82    0.00   11.53    0.00    0.00    0.00    0.00    0.00    0.00   65.66
13:11:16     all   20.04    0.00   10.30    0.00    0.00    0.00    0.00    0.00    0.00   69.66
13:11:17     all   30.68    0.00   13.12    0.00    0.00    0.00    0.00    0.00    0.00   56.20
13:11:18     all   14.22    0.00    8.20    0.00    0.00    0.00    0.00    0.00    0.00   77.58
13:11:19     all   35.85    0.00   14.28    0.00    0.00    0.01    0.00    0.00    0.00   49.86
13:11:20     all   34.69    0.00   15.69    0.00    0.00    0.00    0.00    0.00    0.00   49.63
13:11:21     all   27.51    0.00   13.41    0.00    0.00    0.01    0.00    0.00    0.00   59.07
13:11:22     all   21.40    0.03   11.41    0.00    0.00    0.00    0.00    0.00    0.00   67.16
13:11:23     all   35.92    0.00   14.56    0.01    0.00    0.00    0.00    0.00    0.00   49.51
13:11:24     all   27.55    0.00   15.17    0.00    0.00    0.01    0.00    0.00    0.00   57.27
13:11:25     all   25.23    0.00   13.54    0.00    0.00    0.00    0.00    0.00    0.00   61.24
13:11:26     all   35.49    0.00   14.56    0.00    0.00    0.00    0.00    0.00    0.00   49.96
13:11:27     all   24.77    0.01   13.14    0.00    0.00    0.00    0.00    0.00    0.00   62.08
13:11:28     all   29.07    0.00   10.72    0.00    0.00    0.00    0.00    0.00    0.00   60.22
13:11:29     all   21.05    0.00    9.78    0.00    0.00    0.00    0.00    0.00    0.00   69.17
13:11:30     all   31.52    0.00   12.94    0.00    0.00    0.00    0.00    0.00    0.00   55.54
13:11:31     all   28.66    0.00   10.11    0.00    0.00    0.00    0.00    0.00    0.00   61.23
13:11:32     all   27.71    0.00   10.10    0.00    0.00    0.01    0.00    0.00    0.00   62.18
13:11:33     all   31.79    0.00   11.53    0.00    0.00    0.00    0.00    0.00    0.00   56.68
13:11:34     all   19.79    0.00    8.62    0.00    0.00    0.00    0.00    0.00    0.00   71.59
13:11:35     all   37.09    0.00   13.01    0.00    0.00    0.00    0.00    0.00    0.00   49.90
13:11:36     all   23.10    0.00   12.68    0.00    0.00    0.00    0.00    0.00    0.00   64.22
13:11:37     all   29.69    0.00   12.20    0.00    0.00    0.00    0.00    0.00    0.00   58.11
13:11:38     all   29.19    0.00   10.88    0.00    0.00    0.00    0.00    0.00    0.00   59.93
13:11:39     all   31.54    0.00   13.27    0.00    0.00    0.00    0.00    0.00    0.00   55.19
13:11:40     all   29.26    0.00   12.73    0.00    0.00    0.00    0.00    0.00    0.00   58.01
13:11:41     all   33.34    0.00   14.24    0.00    0.00    0.00    0.00    0.00    0.00   52.42
13:11:42     all   31.42    0.00   13.50    0.00    0.00    0.01    0.00    0.00    0.00   55.07
13:11:43     all   27.03    0.00   14.48    0.00    0.00    0.01    0.00    0.00    0.00   58.48
13:11:44     all   28.34    0.00   12.54    0.00    0.00    0.00    0.00    0.00    0.00   59.12
13:11:45     all   32.12    0.00   13.22    0.00    0.00    0.00    0.00    0.00    0.00   54.66
13:11:46     all   33.52    0.00   14.56    0.00    0.00    0.00    0.00    0.00    0.00   51.92
13:11:47     all   32.48    0.00   11.36    0.00    0.00    0.01    0.00    0.00    0.00   56.14
13:11:48     all   19.65    0.00    9.48    0.00    0.00    0.00    0.00    0.00    0.00   70.87
13:11:49     all   11.76    0.00    6.01    0.00    0.00    0.00    0.00    0.00    0.00   82.23
13:11:50     all   28.89    0.00   11.22    0.00    0.00    0.00    0.00    0.00    0.00   59.89
13:11:51     all   35.97    0.00   14.28    0.00    0.00    0.01    0.00    0.00    0.00   49.73
13:11:52     all   30.85    0.00   14.70    0.00    0.00    0.01    0.00    0.00    0.00   54.43
13:11:53     all   17.06    0.00   10.29    0.00    0.00    0.01    0.00    0.00    0.00   72.63
13:11:54     all   24.01    0.00    9.32    0.00    0.00    0.00    0.00    0.00    0.00   66.66
13:11:55     all   36.59    0.00   11.69    0.00    0.00    0.00    0.00    0.00    0.00   51.72
13:11:56     all   26.99    0.00    9.47    0.00    0.00    0.00    0.00    0.00    0.00   63.54
13:11:57     all   18.90    0.00    7.76    0.00    0.00    0.01    0.00    0.00    0.00   73.33
13:11:58     all   26.65    0.00   10.34    0.00    0.00    0.00    0.00    0.00    0.00   63.02
13:11:59     all   27.88    0.01    9.85    0.00    0.00    0.00    0.00    0.00    0.00   62.25
13:12:00     all   28.91    0.00   10.58    0.00    0.00    0.01    0.00    0.00    0.00   60.49
13:12:01     all   32.26    0.00   11.01    0.00    0.00    0.00    0.00    0.00    0.00   56.73
13:12:02     all   13.85    0.00    8.24    0.00    0.00    0.00    0.00    0.00    0.00   77.91
13:12:03     all   37.76    0.00   12.33    0.00    0.00    0.01    0.00    0.00    0.00   49.90
13:12:04     all   25.39    0.00   11.96    0.00    0.00    0.00    0.00    0.00    0.00   62.65
13:12:05     all   27.43    0.00   10.36    0.00    0.00    0.00    0.00    0.00    0.00   62.21
13:12:06     all   25.77    0.00    9.74    0.00    0.00    0.00    0.00    0.00    0.00   64.49
13:12:07     all   21.44    0.00   11.19    0.00    0.00    0.00    0.00    0.00    0.00   67.36
13:12:08     all   31.34    0.00   11.51    0.00    0.00    0.00    0.00    0.00    0.00   57.15
13:12:09     all   16.14    0.00    8.56    0.00    0.00    0.00    0.00    0.00    0.00   75.30
13:12:10     all   20.48    0.00    7.77    0.00    0.00    0.01    0.00    0.00    0.00   71.73
13:12:11     all   26.16    0.00    8.35    0.00    0.00    0.00    0.00    0.00    0.00   65.49
13:12:12     all   31.85    0.00   11.53    0.00    0.00    0.03    0.00    0.00    0.00   56.60
13:12:13     all   26.79    0.00    9.31    0.00    0.00    0.00    0.00    0.00    0.00   63.91
13:12:14     all   35.09    0.00   10.24    0.00    0.00    0.00    0.00    0.00    0.00   54.68
13:12:15     all   21.23    0.00   10.03    0.00    0.00    0.01    0.00    0.00    0.00   68.73
13:12:16     all   27.71    0.00    9.43    0.00    0.00    0.00    0.00    0.00    0.00   62.86
13:12:17     all   25.55    0.00    9.68    0.00    0.00    0.00    0.00    0.00    0.00   64.77
13:12:18     all   28.64    0.00   10.69    0.00    0.00    0.00    0.00    0.00    0.00   60.66
13:12:19     all   28.45    0.00   11.62    0.00    0.00    0.01    0.00    0.00    0.00   59.91
13:12:20     all   28.76    0.00   10.17    0.00    0.00    0.00    0.00    0.00    0.00   61.08
13:12:21     all   18.82    0.00    8.79    0.00    0.00    0.00    0.00    0.00    0.00   72.39
13:12:22     all   37.41    0.00   12.78    0.00    0.00    0.00    0.00    0.00    0.00   49.81
13:12:23     all   20.82    0.00    9.23    0.00    0.00    0.00    0.00    0.00    0.00   69.95
13:12:24     all   22.45    0.00    7.27    0.00    0.00    0.00    0.00    0.00    0.00   70.28
13:12:25     all   25.14    0.00    7.73    0.00    0.00    0.00    0.00    0.00    0.00   67.13
13:12:26     all   28.66    0.00    8.41    0.00    0.00    0.00    0.00    0.00    0.00   62.93
13:12:27     all   12.49    0.00    4.78    0.00    0.00    0.01    0.00    0.00    0.00   82.72
13:12:28     all   28.54    0.00    8.33    0.00    0.00    0.00    0.00    0.00    0.00   63.14
13:12:29     all   29.52    0.00    8.39    0.00    0.00    0.01    0.00    0.00    0.00   62.08
13:12:30     all   22.37    0.00    9.89    0.00    0.00    0.00    0.00    0.00    0.00   67.74
13:12:31     all   26.78    0.00    9.95    0.00    0.00    0.00    0.00    0.00    0.00   63.28
13:12:32     all   16.93    0.00    7.19    0.00    0.00    0.00    0.00    0.00    0.00   75.89
13:12:33     all   37.10    0.00   11.76    0.00    0.00    0.01    0.00    0.00    0.00   51.13
13:12:34     all   23.54    0.00   10.06    0.00    0.00    0.00    0.00    0.00    0.00   66.40
13:12:35     all   21.65    0.00   10.24    0.00    0.00    0.00    0.00    0.00    0.00   68.10
13:12:36     all   30.98    0.00   10.34    0.00    0.00    0.00    0.00    0.00    0.00   58.67
13:12:37     all   22.13    0.00    8.32    0.00    0.00    0.00    0.00    0.00    0.00   69.55
13:12:38     all    8.27    0.00    5.43    0.00    0.00    0.00    0.00    0.00    0.00   86.30
13:12:39     all   27.13    0.00    9.63    0.00    0.00    0.00    0.00    0.00    0.00   63.24
13:12:40     all   20.97    0.00    8.96    0.00    0.00    0.00    0.00    0.00    0.00   70.07
13:12:41     all   12.58    0.00    7.20    0.00    0.00    0.01    0.00    0.00    0.00   80.20
13:12:42     all   11.12    0.00    6.59    0.00    0.00    0.00    0.00    0.00    0.00   82.29
13:12:43     all   23.02    0.00    8.87    0.00    0.00    0.00    0.00    0.00    0.00   68.10
13:12:44     all    8.96    0.00    5.40    0.00    0.00    0.00    0.00    0.00    0.00   85.64
13:12:45     all   24.78    0.00    9.30    0.00    0.00    0.01    0.00    0.00    0.00   65.91
13:12:46     all   14.87    0.00    7.84    0.00    0.00    0.01    0.00    0.00    0.00   77.28
13:12:47     all   38.64    0.00   11.73    0.00    0.00    0.00    0.00    0.00    0.00   49.63
13:12:48     all   32.59    0.00   12.59    0.00    0.00    0.00    0.00    0.00    0.00   54.81
13:12:49     all   15.51    0.00    8.82    0.00    0.00    0.00    0.00    0.00    0.00   75.67
13:12:50     all   32.97    0.00   12.15    0.00    0.00    0.00    0.00    0.00    0.00   54.89
13:12:51     all   27.50    0.00   10.32    0.01    0.00    0.01    0.00    0.00    0.00   62.15
13:12:52     all   23.68    0.00    9.02    0.00    0.00    0.00    0.00    0.00    0.00   67.30
13:12:53     all   18.43    0.00    8.60    0.00    0.00    0.01    0.00    0.00    0.00   72.96
13:12:54     all   33.54    0.00   12.26    0.00    0.00    0.00    0.00    0.00    0.00   54.21
13:12:55     all   32.34    0.00   12.00    0.00    0.00    0.01    0.00    0.00    0.00   55.65
13:12:56     all   19.06    0.00   10.10    0.00    0.00    0.00    0.00    0.00    0.00   70.85
13:12:57     all   36.40    0.00   13.89    0.00    0.00    0.00    0.00    0.00    0.00   49.71
13:12:58     all   35.76    0.00   14.40    0.00    0.00    0.01    0.00    0.00    0.00   49.83
13:12:59     all   29.02    0.00   13.61    0.00    0.00    0.00    0.00    0.00    0.00   57.37
13:13:00     all   23.10    0.00    9.91    0.00    0.00    0.00    0.00    0.00    0.00   67.00
13:13:01     all   37.44    0.00   12.40    0.00    0.00    0.00    0.00    0.00    0.00   50.16
13:13:02     all   20.09    0.00    9.55    0.00    0.00    0.00    0.00    0.00    0.00   70.35
13:13:03     all   25.75    0.00    9.41    0.00    0.00    0.01    0.00    0.00    0.00   64.82
13:13:04     all   25.65    0.00    9.38    0.00    0.00    0.00    0.00    0.00    0.00   64.96
13:13:05     all   26.24    0.01    9.30    0.00    0.00    0.00    0.00    0.00    0.00   64.45
13:13:06     all   36.46    0.00   13.90    0.00    0.00    0.00    0.00    0.00    0.00   49.65
13:13:07     all   24.49    0.00   12.20    0.00    0.00    0.00    0.00    0.00    0.00   63.30
13:13:08     all   17.99    0.00    8.89    0.00    0.00    0.01    0.00    0.00    0.00   73.10
13:13:09     all   31.60    0.00   11.49    0.00    0.00    0.00    0.00    0.00    0.00   56.91
13:13:10     all   22.37    0.00   10.80    0.00    0.00    0.00    0.00    0.00    0.00   66.83
13:13:11     all   20.94    0.00   10.42    0.00    0.00    0.00    0.00    0.00    0.00   68.64
13:13:12     all   27.44    0.00   10.03    0.00    0.00    0.00    0.00    0.00    0.00   62.53
13:13:13     all   11.94    0.00    6.73    0.00    0.00    0.00    0.00    0.00    0.00   81.33
13:13:14     all   38.00    0.00   10.52    0.00    0.00    0.01    0.00    0.00    0.00   51.47
13:13:15     all   19.76    0.00    9.82    0.00    0.00    0.00    0.00    0.00    0.00   70.42
13:13:16     all   39.18    0.00   11.17    0.00    0.00    0.00    0.00    0.00    0.00   49.65
13:13:17     all   23.19    0.00   11.62    0.00    0.00    0.00    0.00    0.00    0.00   65.18
13:13:18     all   38.07    0.00   12.22    0.00    0.00    0.00    0.00    0.00    0.00   49.71
13:13:19     all   22.34    0.00   10.29    0.00    0.00    0.00    0.00    0.00    0.00   67.37
13:13:20     all   29.36    0.00   10.12    0.00    0.00    0.00    0.00    0.00    0.00   60.52
13:13:21     all   31.61    0.00   10.59    0.00    0.00    0.00    0.00    0.00    0.00   57.80
13:13:22     all   32.06    0.03   12.39    0.00    0.00    0.01    0.00    0.00    0.00   55.51
13:13:23     all   29.28    0.00   11.43    0.00    0.00    0.00    0.00    0.00    0.00   59.29
13:13:24     all   30.42    0.00   11.87    0.00    0.00    0.00    0.00    0.00    0.00   57.71
13:13:25     all   30.69    0.00   12.91    0.00    0.00    0.01    0.00    0.00    0.00   56.39
13:13:26     all   18.70    0.00    9.69    0.00    0.00    0.00    0.00    0.00    0.00   71.61
13:13:27     all   29.54    0.00    9.89    0.00    0.00    0.00    0.00    0.00    0.00   60.57
13:13:28     all   31.76    0.00   13.90    0.00    0.00    0.01    0.00    0.00    0.00   54.32
13:13:29     all   30.01    0.00   11.08    0.00    0.00    0.00    0.00    0.00    0.00   58.91
13:13:30     all   29.14    0.00   11.69    0.00    0.00    0.00    0.00    0.00    0.00   59.17
13:13:31     all   29.07    0.00    9.44    0.00    0.00    0.01    0.00    0.00    0.00   61.48
13:13:32     all   28.79    0.00    9.69    0.00    0.00    0.00    0.00    0.00    0.00   61.52
13:13:33     all   29.60    0.00    9.16    0.00    0.00    0.00    0.00    0.00    0.00   61.23
13:13:34     all   24.91    0.00    9.00    0.00    0.00    0.00    0.00    0.00    0.00   66.10
13:13:35     all   19.60    0.00    8.59    0.00    0.00    0.00    0.00    0.00    0.00   71.81
13:13:36     all   24.35    0.00    8.51    0.00    0.00    0.01    0.00    0.00    0.00   67.13
13:13:37     all   26.58    0.00    8.40    0.00    0.00    0.00    0.00    0.00    0.00   65.02
13:13:38     all   35.56    0.00   11.86    0.00    0.00    0.00    0.00    0.00    0.00   52.57
13:13:39     all   27.24    0.00   12.26    0.00    0.00    0.01    0.00    0.00    0.00   60.49
13:13:40     all   29.85    0.00   11.58    0.00    0.00    0.00    0.00    0.00    0.00   58.56
13:13:41     all   26.15    0.00    9.88    0.00    0.00    0.01    0.00    0.00    0.00   63.95
13:13:42     all   29.26    0.00   11.25    0.00    0.00    0.00    0.00    0.00    0.00   59.49
13:13:43     all   28.95    0.00    9.59    0.00    0.00    0.01    0.00    0.00    0.00   61.45
13:13:44     all   29.00    0.01    9.66    0.00    0.00    0.00    0.00    0.00    0.00   61.33
13:13:45     all   29.62    0.00   11.09    0.00    0.00    0.00    0.00    0.00    0.00   59.29
13:13:46     all   28.93    0.00   10.11    0.00    0.00    0.01    0.00    0.00    0.00   60.95
13:13:47     all   29.31    0.00   11.38    0.00    0.00    0.00    0.00    0.00    0.00   59.31
13:13:48     all   26.80    0.00   12.16    0.00    0.00    0.00    0.00    0.00    0.00   61.04
13:13:49     all   30.38    0.00   11.95    0.00    0.00    0.01    0.00    0.00    0.00   57.66
13:13:50     all   30.91    0.00   12.46    0.00    0.00    0.01    0.00    0.00    0.00   56.61
13:13:51     all   37.12    0.00   12.97    0.00    0.00    0.00    0.00    0.00    0.00   49.90
13:13:52     all   28.50    0.00   13.53    0.00    0.00    0.00    0.00    0.00    0.00   57.97
13:13:53     all   34.32    0.00   12.76    0.00    0.00    0.00    0.00    0.00    0.00   52.92
13:13:54     all   29.29    0.00   13.39    0.00    0.00    0.01    0.00    0.00    0.00   57.30
13:13:55     all   31.08    0.00   11.66    0.00    0.00    0.01    0.00    0.00    0.00   57.24
13:13:56     all   28.74    0.00   10.87    0.00    0.00    0.00    0.00    0.00    0.00   60.39
13:13:57     all   31.51    0.00   10.45    0.00    0.00    0.00    0.00    0.00    0.00   58.03
13:13:58     all   23.49    0.00   10.83    0.00    0.00    0.01    0.00    0.00    0.00   65.66
13:13:59     all   20.42    0.00    9.00    0.00    0.00    0.00    0.00    0.00    0.00   70.58
13:14:00     all   30.97    0.00   10.87    0.00    0.00    0.00    0.00    0.00    0.00   58.16
13:14:01     all   28.18    0.00   10.04    0.00    0.00    0.00    0.00    0.00    0.00   61.79
13:14:02     all   27.51    0.00    9.55    0.00    0.00    0.00    0.00    0.00    0.00   62.95
13:14:03     all   30.59    0.00   11.72    0.00    0.00    0.00    0.00    0.00    0.00   57.69
13:14:04     all   23.75    0.00   10.19    0.00    0.00    0.01    0.00    0.00    0.00   66.04
13:14:05     all   25.97    0.00   11.35    0.00    0.00    0.00    0.00    0.00    0.00   62.68
13:14:06     all   25.70    0.00   10.57    0.00    0.00    0.00    0.00    0.00    0.00   63.73
13:14:07     all   33.47    0.00   10.98    0.00    0.00    0.01    0.00    0.00    0.00   55.54
13:14:08     all   26.57    0.00   10.27    0.00    0.00    0.00    0.00    0.00    0.00   63.16
13:14:09     all   28.72    0.00   13.32    0.00    0.00    0.00    0.00    0.00    0.00   57.95
13:14:10     all   28.82    0.00   11.99    0.00    0.00    0.00    0.00    0.00    0.00   59.19
13:14:11     all   24.65    0.00   10.73    0.01    0.00    0.00    0.00    0.00    0.00   64.60
13:14:12     all   34.75    0.00   12.82    0.00    0.00    0.01    0.00    0.00    0.00   52.41
13:14:13     all   24.44    0.00   11.11    0.00    0.00    0.00    0.00    0.00    0.00   64.45
13:14:14     all   37.56    0.00   12.43    0.00    0.00    0.00    0.00    0.00    0.00   50.01
13:14:15     all   18.28    0.00    9.93    0.00    0.00    0.01    0.00    0.00    0.00   71.78
13:14:16     all   33.81    0.00   11.61    0.00    0.00    0.00    0.00    0.00    0.00   54.58
13:14:17     all   29.76    0.00   12.73    0.00    0.00    0.00    0.00    0.00    0.00   57.51
13:14:18     all   28.75    0.00   11.40    0.00    0.00    0.01    0.00    0.00    0.00   59.84
13:14:19     all   27.91    0.00   10.48    0.00    0.00    0.00    0.00    0.00    0.00   61.62
13:14:20     all   24.98    0.01   10.03    0.00    0.00    0.00    0.00    0.00    0.00   64.98
13:14:21     all   26.05    0.00   10.61    0.01    0.00    0.03    0.00    0.00    0.00   63.29
13:14:22     all   26.26    0.00    9.14    0.00    0.00    0.00    0.00    0.00    0.00   64.60
13:14:23     all   28.41    0.00    9.93    0.00    0.00    0.01    0.00    0.00    0.00   61.64
13:14:24     all   29.36    0.00   10.21    0.00    0.00    0.00    0.00    0.00    0.00   60.42
13:14:25     all   30.96    0.00   13.25    0.01    0.00    0.00    0.00    0.00    0.00   55.78
13:14:26     all   27.56    0.00   12.29    0.00    0.00    0.00    0.00    0.00    0.00   60.15
13:14:27     all   26.44    0.00   10.30    0.00    0.00    0.00    0.00    0.00    0.00   63.26
13:14:28     all   34.68    0.00   11.87    0.00    0.00    0.00    0.00    0.00    0.00   53.45
13:14:29     all   20.97    0.00    9.06    0.00    0.00    0.00    0.00    0.00    0.00   69.97
13:14:30     all   37.64    0.00   11.18    0.00    0.00    0.01    0.00    0.00    0.00   51.17
13:14:31     all   25.03    0.00   10.19    0.00    0.00    0.00    0.00    0.00    0.00   64.78
13:14:32     all   21.28    0.00    8.81    0.00    0.00    0.00    0.00    0.00    0.00   69.91
13:14:33     all   36.74    0.00   13.03    0.00    0.00    0.01    0.00    0.00    0.00   50.22
13:14:34     all   21.51    0.00   10.26    0.00    0.00    0.00    0.00    0.00    0.00   68.23
13:14:35     all   34.08    0.00   11.58    0.00    0.00    0.00    0.00    0.00    0.00   54.34
13:14:36     all   24.58    0.00   10.57    0.00    0.00    0.00    0.00    0.00    0.00   64.85
13:14:37     all   30.43    0.00   10.18    0.00    0.00    0.00    0.00    0.00    0.00   59.38
13:14:38     all   31.02    0.00   13.23    0.00    0.00    0.00    0.00    0.00    0.00   55.75
13:14:39     all   27.02    0.00   10.87    0.00    0.00    0.00    0.00    0.00    0.00   62.11
13:14:40     all   27.17    0.00    8.25    0.00    0.00    0.00    0.00    0.00    0.00   64.57
13:14:41     all   29.09    0.00    8.94    0.00    0.00    0.01    0.00    0.00    0.00   61.95
13:14:42     all   25.60    0.00    9.61    0.00    0.00    0.01    0.00    0.00    0.00   64.77
13:14:43     all   26.13    0.00   10.71    0.00    0.00    0.00    0.00    0.00    0.00   63.16
13:14:44     all   32.14    0.00   11.22    0.00    0.00    0.00    0.00    0.00    0.00   56.64
13:14:45     all   25.84    0.00   11.89    0.00    0.00    0.00    0.00    0.00    0.00   62.27
13:14:46     all   26.31    0.00   10.56    0.00    0.00    0.00    0.00    0.00    0.00   63.13
13:14:47     all   30.23    0.00    8.71    0.00    0.00    0.01    0.00    0.00    0.00   61.04
13:14:48     all   28.14    0.00   11.74    0.00    0.00    0.01    0.00    0.00    0.00   60.11
13:14:49     all   29.36    0.00   11.46    0.00    0.00    0.00    0.00    0.00    0.00   59.19
13:14:50     all   32.89    0.00   12.05    0.00    0.00    0.00    0.00    0.00    0.00   55.06
13:14:51     all   26.75    0.00    8.94    0.00    0.00    0.00    0.00    0.00    0.00   64.31
13:14:52     all   29.35    0.00   10.42    0.00    0.00    0.01    0.00    0.00    0.00   60.22
13:14:53     all   24.83    0.00    9.11    0.00    0.00    0.00    0.00    0.00    0.00   66.06
13:14:54     all   30.59    0.00   10.72    0.00    0.00    0.00    0.00    0.00    0.00   58.68
13:14:55     all   25.48    0.00   11.01    0.00    0.00    0.00    0.00    0.00    0.00   63.51
13:14:56     all   24.88    0.00    9.27    0.00    0.00    0.00    0.00    0.00    0.00   65.85
13:14:57     all   38.42    0.01   11.79    0.00    0.00    0.01    0.00    0.00    0.00   49.76
13:14:58     all   24.19    0.00   11.57    0.00    0.00    0.00    0.00    0.00    0.00   64.24
13:14:59     all   15.95    0.00    9.24    0.00    0.00    0.00    0.00    0.00    0.00   74.81
13:15:00     all   35.18    0.00   11.52    0.00    0.00    0.00    0.00    0.00    0.00   53.31
13:15:01     all   13.06    0.00    7.23    0.00    0.00    0.04    0.00    0.00    0.00   79.66
13:15:02     all   26.94    0.00    8.25    0.00    0.00    0.01    0.00    0.00    0.00   64.80
13:15:03     all   28.89    0.00    8.93    0.00    0.00    0.00    0.00    0.00    0.00   62.18
13:15:04     all   28.42    0.00    9.35    0.00    0.00    0.00    0.00    0.00    0.00   62.24
13:15:05     all   27.28    0.00   10.93    0.00    0.00    0.00    0.00    0.00    0.00   61.79
13:15:06     all   18.18    0.00    8.68    0.00    0.00    0.00    0.00    0.00    0.00   73.14
13:15:07     all   35.26    0.00   10.98    0.00    0.00    0.00    0.00    0.00    0.00   53.76
13:15:08     all   16.14    0.00    6.71    0.00    0.00    0.00    0.00    0.00    0.00   77.15
13:15:09     all   37.36    0.00   10.77    0.00    0.00    0.00    0.00    0.00    0.00   51.88
13:15:10     all   14.24    0.01    7.35    0.00    0.00    0.00    0.00    0.00    0.00   78.40
13:15:11     all   24.26    0.00    8.17    0.00    0.00    0.01    0.00    0.00    0.00   67.56
13:15:12     all   27.49    0.00    7.64    0.00    0.00    0.00    0.00    0.00    0.00   64.87
13:15:13     all   29.30    0.00    9.09    0.00    0.00    0.01    0.00    0.00    0.00   61.60
13:15:14     all   24.32    0.00    8.11    0.00    0.00    0.00    0.00    0.00    0.00   67.57
13:15:15     all   26.38    0.00    9.17    0.01    0.00    0.00    0.00    0.00    0.00   64.44
13:15:16     all   27.04    0.00    8.12    0.00    0.00    0.00    0.00    0.00    0.00   64.84
13:15:17     all   26.41    0.00    7.55    0.00    0.00    0.00    0.00    0.00    0.00   66.04
13:15:18     all   31.11    0.00   10.41    0.00    0.00    0.01    0.00    0.00    0.00   58.47
13:15:19     all   26.07    0.00    9.12    0.00    0.00    0.01    0.00    0.00    0.00   64.80
13:15:20     all   25.87    0.00    7.58    0.00    0.00    0.00    0.00    0.00    0.00   66.55
13:15:21     all   17.70    0.00    5.28    0.00    0.00    0.00    0.00    0.00    0.00   77.02
13:15:22     all   31.82    0.00    8.70    0.00    0.00    0.00    0.00    0.00    0.00   59.48
13:15:23     all   22.28    0.00    6.28    0.00    0.00    0.00    0.00    0.00    0.00   71.44
13:15:24     all   22.71    0.00    6.05    0.00    0.00    0.01    0.00    0.00    0.00   71.22
13:15:25     all   13.04    0.00    5.48    0.00    0.00    0.00    0.00    0.00    0.00   81.48
13:15:26     all   36.36    0.00    8.73    0.00    0.00    0.00    0.00    0.00    0.00   54.91
13:15:27     all   14.48    0.00    5.52    0.00    0.00    0.00    0.00    0.00    0.00   80.00
13:15:28     all   28.69    0.00    9.04    0.00    0.00    0.00    0.00    0.00    0.00   62.26
13:15:29     all   28.10    0.00    8.53    0.00    0.00    0.00    0.00    0.00    0.00   63.37
13:15:30     all   23.10    0.00    8.64    0.00    0.00    0.00    0.00    0.00    0.00   68.26
13:15:31     all   36.79    0.00   10.45    0.00    0.00    0.01    0.00    0.00    0.00   52.75
13:15:32     all   17.80    0.00    7.66    0.00    0.00    0.00    0.00    0.00    0.00   74.54
13:15:33     all   34.85    0.00    9.59    0.00    0.00    0.00    0.00    0.00    0.00   55.57
13:15:34     all   21.81    0.00    7.48    0.00    0.00    0.00    0.00    0.00    0.00   70.71
13:15:35     all   30.74    0.00    8.34    0.00    0.00    0.00    0.00    0.00    0.00   60.92
13:15:36     all   21.31    0.00    6.77    0.00    0.00    0.00    0.00    0.00    0.00   71.92
13:15:37     all   32.35    0.00    9.86    0.00    0.00    0.00    0.00    0.00    0.00   57.79
13:15:38     all   20.43    0.00    7.52    0.00    0.00    0.01    0.00    0.00    0.00   72.04
13:15:39     all   32.63    0.00   10.02    0.00    0.00    0.00    0.00    0.00    0.00   57.35
13:15:40     all   12.17    0.00    5.84    0.00    0.00    0.00    0.00    0.00    0.00   81.99
13:15:41     all   38.96    0.00   10.34    0.00    0.00    0.03    0.00    0.00    0.00   50.67
13:15:42     all   16.83    0.00    7.36    0.00    0.00    0.00    0.00    0.00    0.00   75.81
13:15:43     all   38.21    0.00    9.11    0.00    0.00    0.01    0.00    0.00    0.00   52.66
13:15:44     all   13.46    0.00    6.18    0.00    0.00    0.00    0.00    0.00    0.00   80.36
13:15:45     all   30.59    0.00    8.22    0.00    0.00    0.00    0.00    0.00    0.00   61.19
13:15:46     all   19.93    0.00    6.07    0.00    0.00    0.00    0.00    0.00    0.00   74.00
13:15:47     all   26.32    0.00    7.41    0.00    0.00    0.00    0.00    0.00    0.00   66.27
13:15:48     all   32.17    0.00    8.49    0.00    0.00    0.00    0.00    0.00    0.00   59.33
13:15:49     all   19.44    0.01    6.41    0.00    0.00    0.00    0.00    0.00    0.00   74.13
13:15:50     all   25.60    0.00    7.43    0.00    0.00    0.01    0.00    0.00    0.00   66.95
13:15:51     all   29.13    0.00    8.02    0.00    0.00    0.00    0.00    0.00    0.00   62.85
13:15:52     all   25.37    0.00    7.11    0.00    0.00    0.00    0.00    0.00    0.00   67.52
13:15:53     all   21.04    0.00    7.05    0.00    0.00    0.00    0.00    0.00    0.00   71.91
13:15:54     all   24.26    0.00    7.40    0.00    0.00    0.00    0.00    0.00    0.00   68.34
13:15:55     all   32.55    0.00    9.08    0.00    0.00    0.01    0.00    0.00    0.00   58.36
13:15:56     all   13.93    0.00    6.92    0.00    0.00    0.01    0.00    0.00    0.00   79.14
13:15:57     all   21.65    0.00    7.98    0.00    0.00    0.00    0.00    0.00    0.00   70.37
13:15:58     all   24.54    0.00    7.82    0.00    0.00    0.00    0.00    0.00    0.00   67.63
13:15:59     all   17.54    0.00    5.57    0.00    0.00    0.00    0.00    0.00    0.00   76.89
13:16:00     all   22.27    0.00    7.64    0.00    0.00    0.01    0.00    0.00    0.00   70.08
13:16:01     all   27.02    0.00    8.57    0.00    0.00    0.00    0.00    0.00    0.00   64.42
13:16:02     all   25.18    0.00    8.18    0.00    0.00    0.00    0.00    0.00    0.00   66.64
13:16:03     all   26.79    0.00    7.84    0.00    0.00    0.00    0.00    0.00    0.00   65.37
13:16:04     all   27.15    0.00    8.94    0.00    0.00    0.01    0.00    0.00    0.00   63.90
13:16:05     all   22.03    0.00    7.90    0.00    0.00    0.00    0.00    0.00    0.00   70.07
13:16:06     all   32.86    0.00   10.98    0.00    0.00    0.00    0.00    0.00    0.00   56.16
13:16:07     all   18.06    0.00    7.59    0.00    0.00    0.00    0.00    0.00    0.00   74.35
13:16:08     all   38.20    0.00   12.48    0.00    0.00    0.01    0.00    0.00    0.00   49.30
13:16:09     all   19.39    0.00    9.98    0.00    0.00    0.01    0.00    0.00    0.00   70.62
13:16:10     all   25.59    0.00    7.45    0.00    0.00    0.00    0.00    0.00    0.00   66.96
13:16:11     all   28.52    0.00    8.60    0.00    0.00    0.00    0.00    0.00    0.00   62.88
13:16:12     all   29.17    0.00    9.19    0.00    0.00    0.00    0.00    0.00    0.00   61.64
13:16:13     all   29.98    0.00   13.38    0.00    0.00    0.00    0.00    0.00    0.00   56.65
13:16:14     all   21.65    0.00    9.27    0.00    0.00    0.00    0.00    0.00    0.00   69.08
13:16:15     all   36.68    0.00   12.93    0.00    0.00    0.00    0.00    0.00    0.00   50.40
13:16:16     all   20.80    0.00    9.15    0.00    0.00    0.01    0.00    0.00    0.00   70.03
13:16:17     all   38.44    0.00   10.89    0.00    0.00    0.00    0.00    0.00    0.00   50.67
13:16:18     all   13.50    0.00    5.65    0.00    0.00    0.00    0.00    0.00    0.00   80.85
13:16:19     all   37.28    0.00    8.84    0.00    0.00    0.00    0.00    0.00    0.00   53.89
13:16:20     all   16.31    0.00    6.67    0.00    0.00    0.00    0.00    0.00    0.00   77.02
13:16:21     all   31.13    0.00    8.54    0.00    0.00    0.01    0.00    0.00    0.00   60.31
13:16:22     all   27.29    0.00   10.15    0.00    0.00    0.00    0.00    0.00    0.00   62.56
13:16:23     all   27.16    0.00    7.33    0.00    0.00    0.00    0.00    0.00    0.00   65.51
13:16:24     all   23.49    0.00    7.60    0.00    0.00    0.00    0.00    0.00    0.00   68.90
13:16:25     all   16.82    0.00    5.73    0.00    0.00    0.00    0.00    0.00    0.00   77.46
13:16:26     all   33.64    0.00   10.39    0.00    0.00    0.01    0.00    0.00    0.00   55.95
13:16:27     all   23.54    0.00    7.09    0.00    0.00    0.00    0.00    0.00    0.00   69.38
13:16:28     all   22.28    0.00    6.14    0.00    0.00    0.00    0.00    0.00    0.00   71.58
13:16:29     all   26.22    0.00    8.28    0.01    0.00    0.00    0.00    0.00    0.00   65.49
13:16:30     all   19.64    0.00    9.25    0.01    0.00    0.03    0.00    0.00    0.00   71.07
13:16:32     all   33.64    0.00   10.11    0.00    0.00    0.00    0.00    0.00    0.00   56.24
13:16:33     all   23.88    0.00    9.80    0.00    0.00    0.00    0.00    0.00    0.00   66.32
13:16:33     all   31.25    0.00   12.40    0.00    0.00    0.00    0.00    0.00    0.00   56.35
13:16:34     all   24.99    0.00    9.10    0.00    0.00    0.00    0.00    0.00    0.00   65.90
13:16:35     all   29.94    0.00    9.53    0.00    0.00    0.00    0.00    0.00    0.00   60.53
13:16:37     all   26.31    0.00    8.44    0.00    0.00    0.01    0.00    0.00    0.00   65.24
13:16:38     all   26.01    0.00    8.17    0.00    0.00    0.00    0.00    0.00    0.00   65.81
13:16:39     all   33.60    0.00   11.67    0.00    0.00    0.00    0.00    0.00    0.00   54.74
13:16:40     all   22.83    0.00    9.91    0.00    0.00    0.00    0.00    0.00    0.00   67.27
13:16:41     all   35.94    0.00   11.64    0.00    0.00    0.00    0.00    0.00    0.00   52.42
13:16:42     all   13.80    0.00    7.45    0.00    0.00    0.00    0.00    0.00    0.00   78.76
13:16:43     all   36.56    0.00   11.63    0.00    0.00    0.01    0.00    0.00    0.00   51.79
13:16:44     all   21.81    0.00    8.90    0.00    0.00    0.00    0.00    0.00    0.00   69.30
13:16:45     all   20.19    0.00    7.28    0.00    0.00    0.01    0.00    0.00    0.00   72.51
13:16:46     all   33.76    0.00   10.25    0.00    0.00    0.00    0.00    0.00    0.00   55.99
13:16:47     all   13.33    0.00    7.46    0.00    0.00    0.00    0.00    0.00    0.00   79.21
13:16:48     all   38.76    0.01   11.95    0.00    0.00    0.00    0.00    0.00    0.00   49.28
13:16:49     all   24.56    0.00   10.52    0.00    0.00    0.01    0.00    0.00    0.00   64.91
13:16:50     all   33.05    0.00   11.29    0.00    0.00    0.00    0.00    0.00    0.00   55.66
13:16:51     all   25.89    0.00    9.91    0.00    0.00    0.00    0.00    0.00    0.00   64.19
13:16:52     all   26.10    0.00   10.14    0.00    0.00    0.00    0.00    0.00    0.00   63.77
13:16:53     all   30.28    0.00   11.48    0.00    0.00    0.00    0.00    0.00    0.00   58.24
13:16:54     all   10.09    0.00    5.35    0.00    0.00    0.00    0.00    0.00    0.00   84.55
13:16:55     all   37.63    0.00   10.32    0.00    0.00    0.01    0.00    0.00    0.00   52.04
13:16:56     all   13.81    0.00    5.56    0.01    0.00    0.00    0.00    0.00    0.00   80.61
13:16:57     all   26.37    0.00    7.25    0.00    0.00    0.00    0.00    0.00    0.00   66.37
13:16:58     all   29.29    0.00   10.19    0.00    0.00    0.00    0.00    0.00    0.00   60.51
13:16:59     all   28.28    0.00    9.75    0.00    0.00    0.00    0.00    0.00    0.00   61.97
13:17:00     all   26.35    0.00    9.25    0.00    0.00    0.01    0.00    0.00    0.00   64.40
13:17:01     all   13.63    0.00    6.84    0.00    0.00    0.00    0.00    0.00    0.00   79.53
13:17:02     all   35.56    0.01   10.03    0.00    0.00    0.00    0.00    0.00    0.00   54.39
13:17:03     all   12.79    0.00    5.51    0.00    0.00    0.00    0.00    0.00    0.00   81.70
13:17:04     all   37.36    0.00    9.58    0.00    0.00    0.00    0.00    0.00    0.00   53.06
13:17:05     all   19.12    0.00    6.43    0.00    0.00    0.00    0.00    0.00    0.00   74.45
13:17:06     all   19.76    0.00    7.38    0.00    0.00    0.00    0.00    0.00    0.00   72.86
13:17:07     all   24.93    0.00    7.04    0.00    0.00    0.01    0.00    0.00    0.00   68.02
13:17:08     all   35.17    0.00    8.51    0.00    0.00    0.01    0.00    0.00    0.00   56.31
13:17:09     all   19.56    0.00    7.89    0.00    0.00    0.01    0.00    0.00    0.00   72.54
13:17:10     all   27.97    0.00    8.42    0.00    0.00    0.00    0.00    0.00    0.00   63.61
13:17:11     all   30.24    0.00   10.46    0.00    0.00    0.00    0.00    0.00    0.00   59.30
13:17:12     all   26.28    0.00    8.34    0.00    0.00    0.00    0.00    0.00    0.00   65.39
13:17:13     all   28.05    0.00    8.74    0.00    0.00    0.01    0.00    0.00    0.00   63.19
13:17:14     all   27.04    0.00    9.53    0.00    0.00    0.00    0.00    0.00    0.00   63.44
13:17:15     all   26.19    0.00    8.57    0.00    0.00    0.00    0.00    0.00    0.00   65.25
13:17:16     all   31.10    0.00   11.27    0.00    0.00    0.00    0.00    0.00    0.00   57.62
13:17:17     all   20.54    0.00   10.22    0.00    0.00    0.00    0.00    0.00    0.00   69.24
13:17:18     all   24.29    0.00    9.04    0.00    0.00    0.00    0.00    0.00    0.00   66.67
13:17:19     all   28.04    0.00    7.72    0.00    0.00    0.01    0.00    0.00    0.00   64.23
13:17:20     all   26.21    0.00    8.67    0.00    0.00    0.00    0.00    0.00    0.00   65.11
13:17:21     all   28.23    0.00    9.50    0.00    0.00    0.01    0.00    0.00    0.00   62.26
13:17:22     all   25.64    0.00    8.56    0.00    0.00    0.00    0.00    0.00    0.00   65.80
13:17:23     all   25.73    0.04    8.41    0.00    0.00    0.00    0.00    0.00    0.00   65.82
13:17:24     all   29.07    0.00    9.26    0.00    0.00    0.00    0.00    0.00    0.00   61.66
13:17:25     all   18.49    0.00    7.55    0.00    0.00    0.00    0.00    0.00    0.00   73.96
13:17:26     all   33.76    0.00   10.41    0.00    0.00    0.00    0.00    0.00    0.00   55.83
13:17:27     all   12.73    0.00    5.92    0.00    0.00    0.01    0.00    0.00    0.00   81.34
13:17:28     all   38.44    0.00   10.21    0.00    0.00    0.01    0.00    0.00    0.00   51.34
13:17:29     all   14.63    0.00    6.51    0.00    0.00    0.00    0.00    0.00    0.00   78.86
13:17:30     all   34.97    0.00    9.03    0.00    0.00    0.00    0.00    0.00    0.00   56.00
13:17:31     all   20.54    0.00    7.21    0.00    0.00    0.00    0.00    0.00    0.00   72.25
13:17:32     all   35.08    0.00    9.51    0.00    0.00    0.00    0.00    0.00    0.00   55.42
13:17:33     all   19.00    0.00    7.14    0.00    0.00    0.00    0.00    0.00    0.00   73.85
13:17:34     all   29.09    0.00    9.76    0.01    0.00    0.00    0.00    0.00    0.00   61.13
13:17:35     all   26.12    0.00    9.87    0.00    0.00    0.03    0.00    0.00    0.00   63.98
13:17:36     all   25.92    0.00    8.24    0.00    0.00    0.00    0.00    0.00    0.00   65.83
13:17:37     all   26.87    0.00    7.90    0.00    0.00    0.00    0.00    0.00    0.00   65.23
13:17:38     all   23.29    0.00    8.54    0.00    0.00    0.00    0.00    0.00    0.00   68.18
13:17:39     all   25.77    0.00    7.81    0.00    0.00    0.00    0.00    0.00    0.00   66.42
13:17:40     all   13.06    0.00    5.60    0.00    0.00    0.00    0.00    0.00    0.00   81.34
13:17:41     all   37.54    0.00   10.66    0.00    0.00    0.00    0.00    0.00    0.00   51.79
13:17:42     all   15.88    0.00    6.05    0.00    0.00    0.01    0.00    0.00    0.00   78.06
13:17:43     all   31.00    0.00    8.23    0.00    0.00    0.00    0.00    0.00    0.00   60.77
13:17:44     all   19.85    0.00    6.47    0.00    0.00    0.00    0.00    0.00    0.00   73.68
13:17:45     all   21.64    0.00    6.52    0.00    0.00    0.00    0.00    0.00    0.00   71.83
13:17:46     all   21.41    0.00    5.88    0.00    0.00    0.00    0.00    0.00    0.00   72.70
13:17:47     all   29.10    0.00    8.37    0.00    0.00    0.01    0.00    0.00    0.00   62.52
13:17:48     all   17.58    0.00    6.70    0.00    0.00    0.00    0.00    0.00    0.00   75.72
13:17:49     all   31.92    0.00    9.62    0.00    0.00    0.01    0.00    0.00    0.00   58.45
13:17:50     all   14.55    0.00    7.11    0.00    0.00    0.00    0.00    0.00    0.00   78.34
13:17:51     all   36.21    0.00   10.01    0.00    0.00    0.00    0.00    0.00    0.00   53.79
13:17:52     all   17.13    0.00    7.43    0.00    0.00    0.00    0.00    0.00    0.00   75.45
13:17:53     all   17.91    0.00    6.27    0.00    0.00    0.00    0.00    0.00    0.00   75.82
13:17:54     all    6.18    0.00    4.56    0.00    0.00    0.00    0.00    0.00    0.00   89.26
13:17:55     all   37.28    0.00    9.70    0.00    0.00    0.01    0.00    0.00    0.00   53.01
13:17:56     all   11.87    0.00    5.82    0.00    0.00    0.01    0.00    0.00    0.00   82.30
13:17:57     all   39.02    0.00   10.39    0.00    0.00    0.00    0.00    0.00    0.00   50.60
13:17:58     all   17.09    0.00    7.29    0.00    0.00    0.00    0.00    0.00    0.00   75.61
13:17:59     all   24.62    0.00    7.47    0.00    0.00    0.00    0.00    0.00    0.00   67.91
13:18:00     all   26.03    0.00    7.56    0.00    0.00    0.00    0.00    0.00    0.00   66.41
13:18:01     all   33.12    0.00    7.95    0.00    0.00    0.00    0.00    0.00    0.00   58.94
13:18:02     all   20.87    0.00    7.36    0.00    0.00    0.00    0.00    0.00    0.00   71.76
13:18:03     all   17.02    0.00    6.07    0.00    0.00    0.00    0.00    0.00    0.00   76.91
13:18:04     all   31.01    0.00    8.54    0.00    0.00    0.00    0.00    0.00    0.00   60.45
13:18:05     all   19.34    0.00    6.63    0.00    0.00    0.00    0.00    0.00    0.00   74.03
13:18:06     all   31.79    0.00    8.70    0.00    0.00    0.01    0.00    0.00    0.00   59.49
13:18:07     all   19.31    0.00    5.96    0.00    0.00    0.00    0.00    0.00    0.00   74.73
13:18:08     all   30.76    0.00    8.40    0.00    0.00    0.00    0.00    0.00    0.00   60.84
13:18:09     all    9.34    0.00    4.85    0.00    0.00    0.00    0.00    0.00    0.00   85.81
13:18:10     all   35.37    0.00    8.63    0.00    0.00    0.00    0.00    0.00    0.00   55.99
13:18:11     all   14.45    0.00    6.55    0.00    0.00    0.00    0.00    0.00    0.00   79.00
13:18:12     all   27.58    0.00    9.60    0.01    0.00    0.00    0.00    0.00    0.00   62.80
13:18:13     all   25.79    0.00    9.09    0.00    0.00    0.01    0.00    0.00    0.00   65.11
13:18:14     all   16.47    0.00    6.21    0.00    0.00    0.01    0.00    0.00    0.00   77.30
13:18:15     all   37.88    0.00   11.66    0.00    0.00    0.00    0.00    0.00    0.00   50.46
13:18:16     all   17.56    0.00    7.54    0.00    0.00    0.00    0.00    0.00    0.00   74.90
13:18:17     all   24.17    0.00    9.45    0.00    0.00    0.00    0.00    0.00    0.00   66.39
13:18:18     all   29.38    0.00    8.62    0.00    0.00    0.00    0.00    0.00    0.00   62.00
13:18:19     all   27.81    0.00    8.23    0.00    0.00    0.00    0.00    0.00    0.00   63.95
13:18:20     all   30.59    0.00   11.38    0.00    0.00    0.00    0.00    0.00    0.00   58.02
13:18:21     all   28.31    0.00    9.36    0.00    0.00    0.01    0.00    0.00    0.00   62.31
13:18:22     all   27.75    0.00    9.93    0.00    0.00    0.00    0.00    0.00    0.00   62.32
13:18:23     all   24.37    0.00    8.22    0.00    0.00    0.00    0.00    0.00    0.00   67.41
13:18:24     all   24.96    0.00    7.63    0.00    0.00    0.01    0.00    0.00    0.00   67.40
13:18:25     all   21.66    0.00    7.62    0.00    0.00    0.00    0.00    0.00    0.00   70.72
13:18:26     all   23.41    0.00    8.54    0.00    0.00    0.01    0.00    0.00    0.00   68.03
13:18:27     all   27.75    0.00    8.26    0.00    0.00    0.00    0.00    0.00    0.00   63.99
13:18:28     all   31.96    0.00    7.99    0.00    0.00    0.00    0.00    0.00    0.00   60.05
13:18:29     all   16.47    0.00    5.09    0.00    0.00    0.00    0.00    0.00    0.00   78.45
13:18:30     all   23.75    0.00    6.44    0.00    0.00    0.01    0.00    0.00    0.00   69.79
13:18:31     all   29.77    0.00    9.41    0.00    0.00    0.00    0.00    0.00    0.00   60.82
13:18:32     all   37.93    0.00   10.17    0.00    0.00    0.01    0.00    0.00    0.00   51.89
13:18:33     all   14.24    0.00    6.13    0.00    0.00    0.00    0.00    0.00    0.00   79.63
13:18:34     all   22.12    0.00    6.63    0.00    0.00    0.00    0.00    0.00    0.00   71.25
13:18:35     all   16.81    0.00    4.21    0.00    0.00    0.00    0.00    0.00    0.00   78.97
13:18:36     all   30.30    0.00    8.74    0.00    0.00    0.00    0.00    0.00    0.00   60.95
13:18:37     all   25.60    0.00    9.09    0.00    0.00    0.00    0.00    0.00    0.00   65.31
13:18:38     all   28.36    0.00   10.88    0.00    0.00    0.01    0.00    0.00    0.00   60.75
13:18:39     all   29.34    0.00   10.92    0.00    0.00    0.00    0.00    0.00    0.00   59.73
13:18:40     all   28.93    0.00    9.76    0.00    0.00    0.00    0.00    0.00    0.00   61.31
13:18:41     all   17.68    0.00    7.26    0.00    0.00    0.00    0.00    0.00    0.00   75.06
13:18:42     all   36.08    0.00   11.02    0.00    0.00    0.00    0.00    0.00    0.00   52.90
13:18:43     all   20.15    0.00    7.18    0.00    0.00    0.00    0.00    0.00    0.00   72.67
13:18:44     all   34.03    0.00    9.32    0.00    0.00    0.01    0.00    0.00    0.00   56.63
13:18:45     all   19.80    0.00    7.24    0.00    0.00    0.00    0.00    0.00    0.00   72.96
13:18:46     all   20.46    0.00    8.98    0.00    0.00    0.00    0.00    0.00    0.00   70.56
13:18:47     all   25.32    0.00    8.07    0.00    0.00    0.00    0.00    0.00    0.00   66.61
13:18:48     all   26.31    0.00    7.23    0.00    0.00    0.00    0.00    0.00    0.00   66.46
13:18:49     all   24.68    0.00    6.22    0.01    0.00    0.00    0.00    0.00    0.00   69.09
13:18:50     all   24.99    0.00    8.40    0.00    0.00    0.03    0.00    0.00    0.00   66.58
13:18:51     all   26.07    0.00    9.26    0.00    0.00    0.00    0.00    0.00    0.00   64.67
13:18:52     all   13.70    0.00    7.44    0.00    0.00    0.00    0.00    0.00    0.00   78.86
13:18:53     all   32.49    0.00    9.34    0.00    0.00    0.00    0.00    0.00    0.00   58.17
13:18:54     all   20.24    0.00    8.45    0.00    0.00    0.00    0.00    0.00    0.00   71.31
13:18:55     all   32.48    0.00    9.99    0.00    0.00    0.00    0.00    0.00    0.00   57.53
13:18:56     all   26.12    0.00   10.94    0.00    0.00    0.00    0.00    0.00    0.00   62.94
13:18:57     all   29.21    0.00    9.93    0.00    0.00    0.00    0.00    0.00    0.00   60.86
13:18:58     all   23.95    0.00    8.32    0.00    0.00    0.01    0.00    0.00    0.00   67.72
13:18:59     all   27.90    0.00    9.10    0.00    0.00    0.00    0.00    0.00    0.00   62.99
13:19:00     all   36.07    0.00   10.09    0.00    0.00    0.00    0.00    0.00    0.00   53.84
13:19:01     all   21.19    0.00    8.21    0.00    0.00    0.03    0.00    0.00    0.00   70.58
13:19:02     all   24.35    0.00    8.28    0.00    0.00    0.00    0.00    0.00    0.00   67.36
13:19:03     all   30.54    0.00   10.32    0.00    0.00    0.00    0.00    0.00    0.00   59.13
13:19:04     all   27.24    0.00   10.06    0.00    0.00    0.01    0.00    0.00    0.00   62.69
13:19:05     all   30.38    0.00   10.10    0.00    0.00    0.00    0.00    0.00    0.00   59.52
13:19:06     all   26.18    0.00    9.91    0.00    0.00    0.00    0.00    0.00    0.00   63.90
13:19:07     all   25.18    0.00   10.24    0.00    0.00    0.00    0.00    0.00    0.00   64.58
13:19:08     all   32.91    0.00   12.51    0.00    0.00    0.00    0.00    0.00    0.00   54.57
13:19:09     all   35.25    0.00   14.80    0.00    0.00    0.01    0.00    0.00    0.00   49.94
13:19:10     all   33.31    0.00   15.72    0.00    0.00    0.00    0.00    0.00    0.00   50.97
13:19:11     all   19.69    0.00   12.06    0.00    0.00    0.00    0.00    0.00    0.00   68.25
13:19:12     all   17.85    0.00   10.31    0.00    0.00    0.00    0.00    0.00    0.00   71.84
13:19:13     all   33.91    0.00   14.25    0.00    0.00    0.01    0.00    0.00    0.00   51.82
13:19:14     all   34.65    0.00   15.23    0.00    0.00    0.00    0.00    0.00    0.00   50.11
13:19:15     all   34.88    0.01   15.08    0.00    0.00    0.01    0.00    0.00    0.00   50.01
13:19:16     all   27.90    0.00   13.80    0.01    0.00    0.00    0.00    0.00    0.00   58.29
13:19:17     all   29.03    0.00   11.57    0.00    0.00    0.00    0.00    0.00    0.00   59.40
13:19:18     all   26.20    0.00   10.37    0.00    0.00    0.00    0.00    0.00    0.00   63.44
13:19:19     all   33.00    0.00   11.41    0.00    0.00    0.00    0.00    0.00    0.00   55.59
13:19:20     all   28.00    0.00   12.41    0.00    0.00    0.00    0.00    0.00    0.00   59.59
13:19:21     all   36.26    0.00   13.93    0.00    0.00    0.01    0.00    0.00    0.00   49.80
13:19:22     all   30.12    0.00   13.29    0.00    0.00    0.01    0.00    0.00    0.00   56.58
13:19:23     all   22.70    0.01   11.04    0.00    0.00    0.00    0.00    0.00    0.00   66.25
13:19:24     all   24.77    0.00   10.55    0.00    0.00    0.00    0.00    0.00    0.00   64.69
13:19:25     all   36.60    0.00   13.63    0.00    0.00    0.00    0.00    0.00    0.00   49.77
13:19:26     all   28.90    0.00   13.34    0.00    0.00    0.01    0.00    0.00    0.00   57.75
13:19:27     all   15.18    0.00    8.42    0.00    0.00    0.00    0.00    0.00    0.00   76.40
13:19:28     all   33.51    0.00   11.55    0.00    0.00    0.00    0.00    0.00    0.00   54.94
13:19:29     all   23.98    0.00    9.05    0.00    0.00    0.00    0.00    0.00    0.00   66.97
13:19:30     all   38.14    0.00   12.15    0.00    0.00    0.01    0.00    0.00    0.00   49.70
13:19:31     all   21.20    0.00   10.72    0.00    0.00    0.00    0.00    0.00    0.00   68.08
13:19:32     all   30.79    0.00   12.37    0.00    0.00    0.00    0.00    0.00    0.00   56.84
13:19:33     all   28.01    0.00   11.86    0.00    0.00    0.00    0.00    0.00    0.00   60.13
13:19:34     all   31.85    0.00   13.01    0.00    0.00    0.01    0.00    0.00    0.00   55.13
13:19:35     all   30.44    0.00   10.97    0.00    0.00    0.00    0.00    0.00    0.00   58.59
13:19:36     all   28.89    0.00   11.75    0.00    0.00    0.01    0.00    0.00    0.00   59.34
13:19:37     all   28.03    0.00   10.57    0.00    0.00    0.00    0.00    0.00    0.00   61.40
13:19:38     all   30.21    0.00   12.32    0.00    0.00    0.01    0.00    0.00    0.00   57.45
13:19:39     all   23.67    0.00   10.36    0.00    0.00    0.00    0.00    0.00    0.00   65.97
13:19:40     all   28.16    0.00   12.87    0.00    0.00    0.00    0.00    0.00    0.00   58.97
13:19:41     all   31.58    0.00   14.10    0.00    0.00    0.00    0.00    0.00    0.00   54.32
13:19:42     all   29.74    0.00   12.44    0.00    0.00    0.00    0.00    0.00    0.00   57.82
13:19:43     all   30.66    0.00   10.27    0.00    0.00    0.00    0.00    0.00    0.00   59.07
13:19:44     all   27.97    0.00   12.13    0.00    0.00    0.00    0.00    0.00    0.00   59.91
13:19:45     all   26.87    0.01   10.54    0.00    0.00    0.01    0.00    0.00    0.00   62.57
13:19:46     all   20.47    0.00    8.06    0.00    0.00    0.00    0.00    0.00    0.00   71.48
13:19:47     all   23.27    0.00    9.35    0.00    0.00    0.00    0.00    0.00    0.00   67.39
13:19:48     all   29.45    0.00   12.27    0.00    0.00    0.00    0.00    0.00    0.00   58.28
13:19:49     all   26.12    0.00   11.50    0.00    0.00    0.00    0.00    0.00    0.00   62.37
13:19:50     all   27.28    0.00   10.26    0.00    0.00    0.00    0.00    0.00    0.00   62.47
13:19:51     all   25.22    0.00    9.41    0.00    0.00    0.01    0.00    0.00    0.00   65.36
13:19:52     all   26.35    0.00   10.32    0.00    0.00    0.01    0.00    0.00    0.00   63.32
13:19:53     all   32.25    0.00   12.58    0.00    0.00    0.00    0.00    0.00    0.00   55.18
13:19:54     all   32.78    0.00   13.47    0.00    0.00    0.00    0.00    0.00    0.00   53.75
13:19:55     all   22.92    0.00   13.34    0.00    0.00    0.00    0.00    0.00    0.00   63.75
13:19:56     all   31.41    0.00    9.38    0.01    0.00    0.00    0.00    0.00    0.00   59.20
13:19:57     all   23.63    0.00    9.03    0.00    0.00    0.00    0.00    0.00    0.00   67.34
13:19:58     all   33.84    0.00   10.34    0.00    0.00    0.01    0.00    0.00    0.00   55.81
13:19:59     all   24.84    0.00   10.94    0.00    0.00    0.00    0.00    0.00    0.00   64.22
13:20:00     all   22.88    0.00    9.15    0.00    0.00    0.00    0.00    0.00    0.00   67.97
13:20:01     all   37.97    0.00   11.49    0.00    0.00    0.00    0.00    0.00    0.00   50.54
13:20:02     all   26.03    0.00   12.55    0.00    0.00    0.01    0.00    0.00    0.00   61.41
13:20:03     all   30.39    0.00   11.87    0.00    0.00    0.00    0.00    0.00    0.00   57.73
13:20:04     all   33.09    0.00   13.36    0.00    0.00    0.01    0.00    0.00    0.00   53.53
13:20:05     all   25.44    0.00   10.70    0.00    0.00    0.01    0.00    0.00    0.00   63.84
13:20:06     all   22.91    0.00    8.62    0.00    0.00    0.00    0.00    0.00    0.00   68.47
13:20:07     all   23.93    0.00    8.13    0.00    0.00    0.00    0.00    0.00    0.00   67.94
13:20:08     all   20.93    0.00    8.08    0.00    0.00    0.00    0.00    0.00    0.00   70.99
13:20:09     all   35.54    0.00   10.37    0.00    0.00    0.01    0.00    0.00    0.00   54.07
13:20:10     all   18.78    0.00    8.22    0.00    0.00    0.01    0.00    0.00    0.00   72.99
13:20:11     all   27.47    0.00    8.73    0.00    0.00    0.00    0.00    0.00    0.00   63.81
13:20:12     all   26.24    0.00   10.66    0.00    0.00    0.00    0.00    0.00    0.00   63.11
13:20:13     all   27.33    0.00   10.94    0.00    0.00    0.01    0.00    0.00    0.00   61.72
13:20:14     all   33.78    0.00   12.29    0.00    0.00    0.00    0.00    0.00    0.00   53.92
13:20:15     all   21.34    0.00    8.37    0.00    0.00    0.00    0.00    0.00    0.00   70.29
13:20:16     all   32.89    0.00   10.69    0.00    0.00    0.00    0.00    0.00    0.00   56.42
13:20:17     all   21.59    0.00    6.85    0.00    0.00    0.01    0.00    0.00    0.00   71.55
13:20:18     all   35.27    0.00   11.60    0.00    0.00    0.00    0.00    0.00    0.00   53.13
13:20:19     all   14.96    0.00    8.11    0.00    0.00    0.01    0.00    0.00    0.00   76.92
13:20:20     all   36.86    0.00   10.16    0.00    0.00    0.00    0.00    0.00    0.00   52.97
13:20:21     all   18.67    0.00    6.30    0.00    0.00    0.00    0.00    0.00    0.00   75.03
13:20:22     all   27.84    0.00    7.51    0.00    0.00    0.00    0.00    0.00    0.00   64.65
13:20:23     all   17.19    0.00    5.88    0.00    0.00    0.00    0.00    0.00    0.00   76.93
13:20:24     all   22.61    0.00    7.22    0.00    0.00    0.00    0.00    0.00    0.00   70.17
13:20:25     all   30.14    0.00    8.94    0.00    0.00    0.00    0.00    0.00    0.00   60.92
13:20:26     all   28.07    0.00   10.58    0.00    0.00    0.00    0.00    0.00    0.00   61.35
13:20:27     all   29.67    0.00    8.59    0.00    0.00    0.00    0.00    0.00    0.00   61.74
13:20:28     all   19.23    0.00    7.01    0.00    0.00    0.00    0.00    0.00    0.00   73.75
13:20:29     all   24.97    0.00    7.77    0.00    0.00    0.01    0.00    0.00    0.00   67.25
13:20:30     all   29.77    0.00    9.43    0.00    0.00    0.00    0.00    0.00    0.00   60.80
13:20:31     all   24.99    0.00    8.71    0.00    0.00    0.00    0.00    0.00    0.00   66.30
13:20:32     all   25.60    0.00    8.56    0.00    0.00    0.00    0.00    0.00    0.00   65.84
13:20:33     all   26.25    0.00    9.71    0.00    0.00    0.00    0.00    0.00    0.00   64.04
13:20:34     all   31.38    0.00    8.89    0.00    0.00    0.01    0.00    0.00    0.00   59.72
13:20:35     all   24.47    0.00    9.19    0.00    0.00    0.00    0.00    0.00    0.00   66.34
13:20:36     all   31.00    0.00    8.90    0.00    0.00    0.01    0.00    0.00    0.00   60.09
13:20:37     all   20.09    0.00    7.32    0.00    0.00    0.00    0.00    0.00    0.00   72.59
13:20:38     all   25.51    0.00    7.17    0.00    0.00    0.00    0.00    0.00    0.00   67.32
13:20:39     all   28.28    0.00    9.38    0.00    0.00    0.00    0.00    0.00    0.00   62.35
13:20:40     all   27.61    0.00    9.05    0.00    0.00    0.00    0.00    0.00    0.00   63.34
13:20:41     all   23.93    0.00    7.98    0.00    0.00    0.03    0.00    0.00    0.00   68.06
13:20:42     all   25.76    0.00    8.37    0.00    0.00    0.00    0.00    0.00    0.00   65.87
13:20:43     all   28.31    0.00    9.73    0.00    0.00    0.00    0.00    0.00    0.00   61.96
13:20:44     all   26.73    0.00    8.94    0.00    0.00    0.00    0.00    0.00    0.00   64.33
13:20:45     all   23.22    0.00    7.68    0.00    0.00    0.00    0.00    0.00    0.00   69.10
13:20:46     all   26.51    0.00    8.54    0.00    0.00    0.00    0.00    0.00    0.00   64.96
13:20:47     all   11.46    0.00    6.47    0.00    0.00    0.00    0.00    0.00    0.00   82.07
13:20:48     all   20.58    0.00    7.28    0.00    0.00    0.00    0.00    0.00    0.00   72.14
13:20:49     all   27.97    0.00   10.28    0.00    0.00    0.01    0.00    0.00    0.00   61.74
13:20:50     all   24.48    0.00    7.21    0.00    0.00    0.00    0.00    0.00    0.00   68.31
13:20:51     all   27.05    0.00    8.55    0.00    0.00    0.00    0.00    0.00    0.00   64.40
13:20:52     all   25.77    0.00    8.96    0.00    0.00    0.00    0.00    0.00    0.00   65.27
13:20:53     all   25.31    0.00    8.06    0.00    0.00    0.00    0.00    0.00    0.00   66.64
13:20:54     all   22.83    0.00    7.87    0.01    0.00    0.00    0.00    0.00    0.00   69.28
13:20:55     all   26.73    0.00    7.18    0.00    0.00    0.00    0.00    0.00    0.00   66.10
13:20:56     all   33.05    0.00    8.09    0.00    0.00    0.01    0.00    0.00    0.00   58.84
13:20:57     all   17.82    0.00    5.51    0.00    0.00    0.00    0.00    0.00    0.00   76.67
13:20:58     all   21.56    0.00    6.52    0.00    0.00    0.00    0.00    0.00    0.00   71.92
13:20:59     all   27.74    0.00    7.12    0.00    0.00    0.00    0.00    0.00    0.00   65.13
13:21:00     all   25.14    0.00    6.77    0.00    0.00    0.00    0.00    0.00    0.00   68.09
13:21:01     all   25.74    0.00    8.16    0.00    0.00    0.00    0.00    0.00    0.00   66.10
13:21:02     all   28.02    0.00    8.94    0.00    0.00    0.00    0.00    0.00    0.00   63.04
13:21:03     all   23.42    0.00    8.09    0.00    0.00    0.00    0.00    0.00    0.00   68.48
13:21:04     all   31.11    0.00    9.75    0.00    0.00    0.00    0.00    0.00    0.00   59.14
13:21:05     all   23.47    0.00    8.29    0.00    0.00    0.00    0.00    0.00    0.00   68.24
13:21:06     all   32.06    0.00    8.33    0.00    0.00    0.00    0.00    0.00    0.00   59.61
13:21:07     all   19.26    0.00    6.65    0.01    0.00    0.00    0.00    0.00    0.00   74.08
13:21:08     all   34.62    0.00    8.78    0.00    0.00    0.01    0.00    0.00    0.00   56.58
13:21:09     all   20.75    0.00    6.97    0.00    0.00    0.00    0.00    0.00    0.00   72.28
13:21:10     all   25.48    0.00    7.38    0.00    0.00    0.00    0.00    0.00    0.00   67.13
13:21:11     all   21.70    0.00    8.04    0.00    0.00    0.00    0.00    0.00    0.00   70.26
13:21:12     all   33.13    0.00    9.90    0.00    0.00    0.00    0.00    0.00    0.00   56.97
13:21:13     all   21.62    0.00    6.74    0.00    0.00    0.00    0.00    0.00    0.00   71.63
13:21:14     all   35.78    0.01    8.48    0.00    0.00    0.01    0.00    0.00    0.00   55.71
13:21:15     all   20.36    0.00    6.38    0.00    0.00    0.01    0.00    0.00    0.00   73.24
13:21:16     all   26.19    0.00    7.70    0.00    0.00    0.00    0.00    0.00    0.00   66.11
13:21:17     all   22.21    0.00    7.11    0.00    0.00    0.00    0.00    0.00    0.00   70.68
13:21:18     all   24.41    0.00    6.41    0.01    0.00    0.01    0.00    0.00    0.00   69.15
13:21:19     all   32.97    0.00    7.74    0.00    0.00    0.00    0.00    0.00    0.00   59.29
13:21:20     all   15.03    0.00    5.06    0.00    0.00    0.00    0.00    0.00    0.00   79.91
13:21:21     all   38.35    0.01    9.05    0.00    0.00    0.00    0.00    0.00    0.00   52.58
13:21:22     all   11.98    0.00    4.97    0.00    0.00    0.00    0.00    0.00    0.00   83.05
13:21:23     all   22.91    0.01    5.94    0.00    0.00    0.01    0.00    0.00    0.00   71.12
13:21:24     all   26.16    0.00    7.79    0.00    0.00    0.00    0.00    0.00    0.00   66.05
13:21:25     all   30.85    0.00    8.48    0.00    0.00    0.00    0.00    0.00    0.00   60.67
13:21:26     all   24.00    0.00    8.97    0.00    0.00    0.00    0.00    0.00    0.00   67.03
13:21:27     all   34.12    0.00    9.81    0.00    0.00    0.00    0.00    0.00    0.00   56.07
13:21:28     all   14.71    0.00    8.49    0.00    0.00    0.00    0.00    0.00    0.00   76.81
13:21:29     all   36.22    0.00    9.37    0.00    0.00    0.00    0.00    0.00    0.00   54.41
13:21:30     all   13.44    0.00    4.89    0.00    0.00    0.00    0.00    0.00    0.00   81.66
13:21:31     all   35.06    0.00    9.27    0.00    0.00    0.00    0.00    0.00    0.00   55.68
13:21:32     all   21.34    0.00    5.56    0.00    0.00    0.00    0.00    0.00    0.00   73.10
13:21:33     all   30.33    0.00    9.56    0.00    0.00    0.00    0.00    0.00    0.00   60.11
13:21:34     all   22.95    0.00    7.99    0.00    0.00    0.00    0.00    0.00    0.00   69.06
13:21:35     all   32.68    0.00   10.23    0.01    0.00    0.00    0.00    0.00    0.00   57.08
13:21:36     all   13.15    0.00    7.08    0.00    0.00    0.00    0.00    0.00    0.00   79.76
13:21:37     all   37.19    0.00    9.62    0.00    0.00    0.00    0.00    0.00    0.00   53.18
13:21:38     all   19.67    0.00    6.51    0.00    0.00    0.01    0.00    0.00    0.00   73.81
13:21:39     all   35.20    0.00    9.44    0.00    0.00    0.00    0.00    0.00    0.00   55.36
13:21:40     all   15.42    0.00    5.43    0.00    0.00    0.00    0.00    0.00    0.00   79.15
13:21:41     all   25.55    0.00    6.46    0.00    0.00    0.00    0.00    0.00    0.00   68.00
13:21:42     all   26.81    0.00    8.10    0.00    0.00    0.00    0.00    0.00    0.00   65.10
13:21:43     all   19.67    0.00    7.24    0.00    0.00    0.00    0.00    0.00    0.00   73.09
13:21:44     all   20.06    0.00    5.78    0.00    0.00    0.00    0.00    0.00    0.00   74.16
13:21:45     all   32.78    0.00    7.04    0.00    0.00    0.00    0.00    0.00    0.00   60.18
13:21:46     all   17.59    0.00    6.00    0.00    0.00    0.00    0.00    0.00    0.00   76.41
13:21:47     all   23.62    0.00    6.49    0.00    0.00    0.01    0.00    0.00    0.00   69.88
13:21:48     all   24.61    0.00    6.34    0.00    0.00    0.00    0.00    0.00    0.00   69.05
13:21:49     all   18.73    0.00    6.15    0.00    0.00    0.00    0.00    0.00    0.00   75.12
13:21:50     all   37.28    0.00    9.06    0.00    0.00    0.00    0.00    0.00    0.00   53.66
13:21:51     all   16.32    0.00    6.48    0.00    0.00    0.01    0.00    0.00    0.00   77.18
13:21:52     all   33.86    0.00   10.00    0.00    0.00    0.00    0.00    0.00    0.00   56.15
13:21:53     all   18.52    0.00    7.53    0.00    0.00    0.00    0.00    0.00    0.00   73.95
13:21:54     all   35.03    0.00   12.14    0.00    0.00    0.00    0.00    0.00    0.00   52.83
13:21:55     all   17.05    0.00    7.56    0.00    0.00    0.01    0.00    0.00    0.00   75.38
13:21:56     all   22.77    0.00    5.13    0.00    0.00    0.01    0.00    0.00    0.00   72.08
13:21:57     all   35.95    0.00    8.45    0.00    0.00    0.00    0.00    0.00    0.00   55.60
13:21:58     all   20.63    0.00    6.57    0.00    0.00    0.00    0.00    0.00    0.00   72.80
13:21:59     all   31.97    0.00    9.76    0.00    0.00    0.00    0.00    0.00    0.00   58.27
13:22:00     all   20.17    0.00    6.55    0.00    0.00    0.00    0.00    0.00    0.00   73.27
13:22:01     all   34.01    0.00    9.79    0.00    0.00    0.01    0.00    0.00    0.00   56.18
13:22:02     all   10.82    0.00    5.38    0.00    0.00    0.00    0.00    0.00    0.00   83.80
13:22:03     all   32.70    0.00    7.27    0.00    0.00    0.00    0.00    0.00    0.00   60.03
13:22:04     all   18.74    0.00    4.78    0.00    0.00    0.00    0.00    0.00    0.00   76.48
13:22:05     all   27.81    0.00    6.21    0.00    0.00    0.00    0.00    0.00    0.00   65.98
13:22:06     all   23.48    0.00    5.49    0.00    0.00    0.00    0.00    0.00    0.00   71.03
13:22:07     all   26.51    0.00    7.84    0.00    0.00    0.00    0.00    0.00    0.00   65.65
13:22:08     all   34.87    0.00    9.16    0.00    0.00    0.01    0.00    0.00    0.00   55.95
13:22:09     all   21.76    0.00    8.19    0.00    0.00    0.00    0.00    0.00    0.00   70.05
13:22:10     all   27.47    0.00    6.51    0.00    0.00    0.00    0.00    0.00    0.00   66.02
13:22:11     all   26.17    0.00    6.19    0.00    0.00    0.00    0.00    0.00    0.00   67.63
13:22:12     all   26.45    0.00    7.58    0.00    0.00    0.00    0.00    0.00    0.00   65.97
13:22:13     all   30.43    0.00    8.82    0.00    0.00    0.00    0.00    0.00    0.00   60.75
13:22:14     all   26.58    0.01    8.16    0.00    0.00    0.03    0.00    0.00    0.00   65.22
13:22:15     all   26.91    0.00    9.65    0.00    0.00    0.00    0.00    0.00    0.00   63.44
13:22:16     all   22.45    0.00    7.07    0.00    0.00    0.00    0.00    0.00    0.00   70.48
13:22:17     all   28.83    0.00    7.39    0.00    0.00    0.01    0.00    0.00    0.00   63.77
13:22:18     all   18.46    0.00    6.36    0.00    0.00    0.00    0.00    0.00    0.00   75.17
13:22:19     all   35.55    0.00    8.90    0.00    0.00    0.01    0.00    0.00    0.00   55.54
13:22:20     all   24.65    0.00    8.15    0.00    0.00    0.00    0.00    0.00    0.00   67.20
13:22:21     all   26.80    0.00   10.20    0.00    0.00    0.00    0.00    0.00    0.00   62.99
13:22:22     all   25.57    0.00    8.80    0.00    0.00    0.00    0.00    0.00    0.00   65.63
13:22:23     all   27.82    0.00    8.52    0.00    0.00    0.00    0.00    0.00    0.00   63.65
13:22:24     all   26.14    0.00    8.37    0.00    0.00    0.00    0.00    0.00    0.00   65.49
13:22:25     all   19.72    0.00    8.09    0.00    0.00    0.00    0.00    0.00    0.00   72.19
13:22:26     all   32.68    0.00    9.58    0.00    0.00    0.01    0.00    0.00    0.00   57.72
13:22:27     all   21.95    0.00    6.90    0.00    0.00    0.00    0.00    0.00    0.00   71.15
13:22:28     all   26.14    0.00    7.75    0.00    0.00    0.00    0.00    0.00    0.00   66.11
13:22:29     all   26.15    0.00    7.31    0.01    0.00    0.01    0.00    0.00    0.00   66.51
13:22:30     all   22.65    0.00    5.92    0.00    0.00    0.00    0.00    0.00    0.00   71.42
13:22:31     all   25.01    0.00    8.25    0.00    0.00    0.00    0.00    0.00    0.00   66.74
13:22:32     all   23.68    0.00    6.49    0.00    0.00    0.00    0.00    0.00    0.00   69.83
13:22:33     all   23.55    0.00    7.70    0.00    0.00    0.00    0.00    0.00    0.00   68.75
13:22:34     all   22.49    0.00    6.73    0.00    0.00    0.00    0.00    0.00    0.00   70.78
13:22:35     all   26.58    0.00    8.05    0.00    0.00    0.01    0.00    0.00    0.00   65.36
13:22:36     all   28.57    0.00    8.24    0.00    0.00    0.00    0.00    0.00    0.00   63.20
13:22:37     all   23.34    0.00    8.68    0.00    0.00    0.00    0.00    0.00    0.00   67.98
13:22:38     all   23.83    0.00    6.77    0.00    0.00    0.00    0.00    0.00    0.00   69.40
13:22:39     all   29.69    0.00    6.97    0.00    0.00    0.00    0.00    0.00    0.00   63.35
13:22:40     all   30.11    0.00    9.45    0.00    0.00    0.00    0.00    0.00    0.00   60.44
13:22:41     all   28.01    0.00    8.88    0.00    0.00    0.00    0.00    0.00    0.00   63.10
13:22:42     all   24.32    0.00    6.38    0.00    0.00    0.00    0.00    0.00    0.00   69.29
13:22:43     all   23.25    0.00    5.35    0.00    0.00    0.00    0.00    0.00    0.00   71.41
13:22:44     all   22.49    0.00    5.97    0.00    0.00    0.00    0.00    0.00    0.00   71.53
13:22:45     all   28.04    0.00    6.89    0.00    0.00    0.01    0.00    0.00    0.00   65.05
13:22:46     all   31.54    0.00   10.77    0.00    0.00    0.00    0.00    0.00    0.00   57.68
13:22:47     all   21.27    0.00    8.53    0.00    0.00    0.00    0.00    0.00    0.00   70.20
13:22:48     all   36.64    0.00   10.25    0.00    0.00    0.00    0.00    0.00    0.00   53.11
13:22:49     all   13.75    0.00    6.51    0.00    0.00    0.00    0.00    0.00    0.00   79.75
13:22:50     all   28.94    0.00    9.10    0.00    0.00    0.00    0.00    0.00    0.00   61.95
13:22:51     all   22.01    0.00    7.06    0.00    0.00    0.01    0.00    0.00    0.00   70.92
13:22:52     all   29.60    0.00    8.05    0.00    0.00    0.00    0.00    0.00    0.00   62.35
13:22:53     all   25.39    0.00    8.35    0.00    0.00    0.00    0.00    0.00    0.00   66.25
13:22:54     all   21.67    0.00    7.62    0.00    0.00    0.00    0.00    0.00    0.00   70.71
13:22:55     all   25.04    0.00    6.84    0.00    0.00    0.00    0.00    0.00    0.00   68.12
13:22:56     all   36.92    0.00   10.13    0.00    0.00    0.00    0.00    0.00    0.00   52.95
13:22:57     all   33.54    0.00   13.57    0.00    0.00    0.01    0.00    0.00    0.00   52.87
13:22:58     all   22.67    0.00   10.15    0.00    0.00    0.00    0.00    0.00    0.00   67.18
13:22:59     all   23.21    0.00    9.76    0.00    0.00    0.00    0.00    0.00    0.00   67.04
13:23:00     all   37.24    0.00   13.13    0.00    0.00    0.00    0.00    0.00    0.00   49.63
13:23:01     all   26.45    0.00   11.50    0.00    0.00    0.01    0.00    0.00    0.00   62.04
13:23:02     all   27.16    0.00   10.82    0.00    0.00    0.00    0.00    0.00    0.00   62.02
13:23:03     all   27.91    0.00   10.49    0.00    0.00    0.00    0.00    0.00    0.00   61.60
13:23:04     all   24.67    0.00   11.22    0.00    0.00    0.00    0.00    0.00    0.00   64.10
13:23:05     all   14.66    0.00    8.92    0.00    0.00    0.00    0.00    0.00    0.00   76.42
13:23:06     all   28.64    0.00   10.64    0.00    0.00    0.01    0.00    0.00    0.00   60.71
13:23:07     all   36.98    0.00   12.73    0.00    0.00    0.00    0.00    0.00    0.00   50.29
13:23:08     all   22.95    0.00   11.85    0.00    0.00    0.00    0.00    0.00    0.00   65.20
13:23:09     all   23.10    0.00    9.01    0.00    0.00    0.00    0.00    0.00    0.00   67.89
13:23:10     all   37.20    0.00   11.70    0.00    0.00    0.01    0.00    0.00    0.00   51.08
13:23:11     all   21.44    0.00    9.93    0.00    0.00    0.00    0.00    0.00    0.00   68.64
13:23:12     all   29.36    0.00    8.50    0.00    0.00    0.00    0.00    0.00    0.00   62.14
13:23:13     all   23.41    0.00   10.27    0.00    0.00    0.01    0.00    0.00    0.00   66.30
13:23:14     all   21.77    0.03    8.16    0.00    0.00    0.00    0.00    0.00    0.00   70.04
13:23:15     all   29.49    0.00    9.83    0.00    0.00    0.01    0.00    0.00    0.00   60.67
13:23:16     all   27.70    0.00    9.15    0.00    0.00    0.01    0.00    0.00    0.00   63.14
13:23:17     all   28.49    0.00    9.93    0.00    0.00    0.00    0.00    0.00    0.00   61.58
13:23:18     all   23.82    0.01    9.57    0.00    0.00    0.01    0.00    0.00    0.00   66.58
13:23:19     all   29.75    0.00    9.18    0.00    0.00    0.00    0.00    0.00    0.00   61.08
13:23:20     all   24.13    0.00    8.55    0.00    0.00    0.00    0.00    0.00    0.00   67.32
13:23:21     all   28.35    0.00   10.16    0.00    0.00    0.00    0.00    0.00    0.00   61.49
13:23:22     all   25.80    0.00   10.20    0.00    0.00    0.00    0.00    0.00    0.00   64.00
13:23:23     all   24.01    0.00    9.18    0.00    0.00    0.00    0.00    0.00    0.00   66.81
13:23:24     all   27.21    0.00    8.91    0.00    0.00    0.01    0.00    0.00    0.00   63.87
13:23:25     all   26.82    0.00    9.40    0.00    0.00    0.00    0.00    0.00    0.00   63.77
13:23:26     all   28.51    0.00   10.40    0.00    0.00    0.00    0.00    0.00    0.00   61.09
13:23:27     all   29.31    0.00   11.64    0.00    0.00    0.00    0.00    0.00    0.00   59.05
13:23:28     all   29.28    0.00   11.88    0.00    0.00    0.00    0.00    0.00    0.00   58.84
13:23:29     all   24.76    0.00   10.56    0.00    0.00    0.00    0.00    0.00    0.00   64.68
13:23:30     all   32.87    0.00   11.08    0.00    0.00    0.01    0.00    0.00    0.00   56.03
13:23:31     all   26.59    0.00   10.02    0.00    0.00    0.00    0.00    0.00    0.00   63.39
13:23:32     all   32.44    0.00   10.75    0.00    0.00    0.00    0.00    0.00    0.00   56.81
13:23:33     all   28.98    0.00    9.11    0.00    0.00    0.00    0.00    0.00    0.00   61.91
13:23:34     all   27.30    0.00   10.23    0.00    0.00    0.00    0.00    0.00    0.00   62.47
13:23:35     all   30.80    0.00    9.15    0.00    0.00    0.00    0.00    0.00    0.00   60.06
13:23:36     all   25.64    0.00   11.26    0.00    0.00    0.01    0.00    0.00    0.00   63.08
13:23:37     all   31.14    0.00    9.50    0.00    0.00    0.00    0.00    0.00    0.00   59.36
13:23:38     all   22.25    0.00    9.35    0.00    0.00    0.00    0.00    0.00    0.00   68.41
13:23:39     all   38.77    0.00   11.53    0.00    0.00    0.00    0.00    0.00    0.00   49.69
13:23:40     all   16.37    0.00    7.81    0.00    0.00    0.00    0.00    0.00    0.00   75.83
13:23:41     all   38.18    0.00   10.51    0.00    0.00    0.00    0.00    0.00    0.00   51.31
13:23:42     all   18.42    0.00    7.87    0.00    0.00    0.00    0.00    0.00    0.00   73.71
13:23:43     all   35.74    0.01    9.85    0.00    0.00    0.00    0.00    0.00    0.00   54.40
13:23:44     all   22.12    0.00    6.69    0.00    0.00    0.00    0.00    0.00    0.00   71.19
13:23:45     all   27.23    0.00    6.84    0.00    0.00    0.00    0.00    0.00    0.00   65.93
13:23:46     all   24.46    0.00    7.26    0.00    0.00    0.00    0.00    0.00    0.00   68.28
13:23:47     all   27.02    0.00    9.39    0.00    0.00    0.01    0.00    0.00    0.00   63.57
13:23:48     all   25.38    0.00    9.13    0.00    0.00    0.03    0.00    0.00    0.00   65.46
13:23:49     all   24.99    0.00    7.33    0.00    0.00    0.00    0.00    0.00    0.00   67.69
13:23:50     all   26.10    0.00    7.34    0.00    0.00    0.01    0.00    0.00    0.00   66.55
13:23:51     all   25.22    0.00    8.11    0.00    0.00    0.00    0.00    0.00    0.00   66.67
13:23:52     all   23.81    0.00    7.35    0.01    0.00    0.00    0.00    0.00    0.00   68.83
13:23:53     all   23.27    0.00    7.01    0.00    0.00    0.00    0.00    0.00    0.00   69.72
13:23:54     all   30.68    0.00    8.98    0.00    0.00    0.00    0.00    0.00    0.00   60.34
13:23:55     all   23.33    0.00    7.95    0.00    0.00    0.00    0.00    0.00    0.00   68.72
13:23:56     all   23.23    0.00    6.73    0.00    0.00    0.01    0.00    0.00    0.00   70.02
13:23:57     all   31.64    0.00    9.68    0.00    0.00    0.01    0.00    0.00    0.00   58.66
13:23:58     all   21.29    0.00    6.95    0.00    0.00    0.00    0.00    0.00    0.00   71.76
13:23:59     all   29.95    0.00    9.12    0.00    0.00    0.00    0.00    0.00    0.00   60.93
13:24:00     all   26.56    0.00    7.32    0.00    0.00    0.00    0.00    0.00    0.00   66.12
13:24:01     all   26.99    0.00   10.39    0.00    0.00    0.00    0.00    0.00    0.00   62.62
13:24:02     all   30.46    0.00   11.31    0.00    0.00    0.03    0.00    0.00    0.00   58.20
13:24:03     all   27.11    0.00   12.12    0.00    0.00    0.00    0.00    0.00    0.00   60.78
13:24:04     all   13.76    0.00    8.95    0.00    0.00    0.00    0.00    0.00    0.00   77.30
13:24:05     all   36.07    0.00    9.39    0.00    0.00    0.00    0.00    0.00    0.00   54.55
13:24:06     all   23.44    0.00    8.75    0.00    0.00    0.00    0.00    0.00    0.00   67.81
13:24:07     all   31.31    0.00    9.78    0.00    0.00    0.01    0.00    0.00    0.00   58.90
13:24:08     all   23.65    0.00    9.95    0.00    0.00    0.00    0.00    0.00    0.00   66.40
13:24:09     all   30.78    0.00   10.47    0.00    0.00    0.00    0.00    0.00    0.00   58.74
13:24:10     all   25.08    0.00   10.01    0.00    0.00    0.00    0.00    0.00    0.00   64.92
13:24:11     all   29.58    0.00   10.05    0.00    0.00    0.00    0.00    0.00    0.00   60.36
13:24:12     all   28.13    0.00    9.91    0.00    0.00    0.01    0.00    0.00    0.00   61.95
13:24:13     all   28.87    0.00   10.45    0.00    0.00    0.00    0.00    0.00    0.00   60.68
13:24:14     all   29.44    0.00   10.30    0.00    0.00    0.01    0.00    0.00    0.00   60.24
13:24:15     all   23.35    0.00    9.15    0.00    0.00    0.00    0.00    0.00    0.00   67.51
13:24:16     all   28.90    0.00    9.71    0.00    0.00    0.00    0.00    0.00    0.00   61.40
13:24:17     all   21.50    0.00    7.49    0.00    0.00    0.01    0.00    0.00    0.00   71.00
13:24:18     all   19.96    0.00    8.99    0.00    0.00    0.00    0.00    0.00    0.00   71.05
13:24:19     all   36.82    0.00   11.03    0.00    0.00    0.00    0.00    0.00    0.00   52.14
13:24:20     all   18.41    0.00    8.10    0.00    0.00    0.00    0.00    0.00    0.00   73.49
13:24:21     all   25.56    0.00    8.30    0.00    0.00    0.00    0.00    0.00    0.00   66.14
13:24:22     all   26.38    0.00    8.14    0.00    0.00    0.00    0.00    0.00    0.00   65.48
13:24:23     all   36.85    0.00   10.75    0.00    0.00    0.00    0.00    0.00    0.00   52.39
13:24:24     all   20.07    0.00    7.82    0.01    0.00    0.00    0.00    0.00    0.00   72.09
13:24:25     all   30.62    0.00    9.96    0.00    0.00    0.00    0.00    0.00    0.00   59.42
13:24:26     all   26.69    0.00   11.15    0.00    0.00    0.00    0.00    0.00    0.00   62.17
13:24:27     all   34.98    0.00   11.60    0.00    0.00    0.01    0.00    0.00    0.00   53.41
13:24:28     all   28.82    0.00   13.58    0.00    0.00    0.01    0.00    0.00    0.00   57.58
13:24:29     all   23.16    0.00   10.79    0.00    0.00    0.00    0.00    0.00    0.00   66.05
13:24:30     all   22.50    0.00   10.06    0.00    0.00    0.00    0.00    0.00    0.00   67.44
13:24:31     all   21.03    0.00    8.34    0.00    0.00    0.00    0.00    0.00    0.00   70.63
13:24:32     all   14.97    0.00    6.40    0.00    0.00    0.00    0.00    0.00    0.00   78.63
13:24:33     all   36.83    0.00   13.01    0.00    0.00    0.00    0.00    0.00    0.00   50.15
13:24:34     all   26.82    0.00    9.70    0.00    0.00    0.03    0.00    0.00    0.00   63.45
13:24:35     all   19.52    0.00    7.66    0.00    0.00    0.01    0.00    0.00    0.00   72.81
13:24:36     all   36.79    0.00    9.65    0.00    0.00    0.00    0.00    0.00    0.00   53.55
13:24:37     all   28.43    0.00   10.66    0.00    0.00    0.00    0.00    0.00    0.00   60.91
13:24:38     all   19.87    0.00    8.82    0.00    0.00    0.00    0.00    0.00    0.00   71.31
13:24:39     all   25.19    0.00    9.38    0.00    0.00    0.00    0.00    0.00    0.00   65.43
13:24:40     all   24.50    0.00    8.94    0.00    0.00    0.00    0.00    0.00    0.00   66.56
13:24:41     all   37.77    0.00   10.46    0.00    0.00    0.01    0.00    0.00    0.00   51.76
13:24:42     all   18.69    0.00    6.50    0.00    0.00    0.00    0.00    0.00    0.00   74.81
13:24:43     all   19.83    0.00    7.23    0.00    0.00    0.01    0.00    0.00    0.00   72.93
13:24:44     all   25.95    0.00   10.02    0.00    0.00    0.00    0.00    0.00    0.00   64.03
13:24:45     all   25.72    0.00    8.69    0.00    0.00    0.00    0.00    0.00    0.00   65.59
13:24:46     all   25.55    0.00    8.28    0.00    0.00    0.01    0.00    0.00    0.00   66.16
13:24:47     all   23.42    0.00    6.82    0.00    0.00    0.01    0.00    0.00    0.00   69.75
13:24:48     all   31.22    0.00    8.94    0.00    0.00    0.00    0.00    0.00    0.00   59.84
13:24:49     all   21.24    0.00    7.76    0.00    0.00    0.00    0.00    0.00    0.00   71.00
13:24:50     all   28.67    0.00    8.00    0.00    0.00    0.00    0.00    0.00    0.00   63.33
13:24:51     all   19.84    0.00    8.21    0.00    0.00    0.00    0.00    0.00    0.00   71.94
13:24:52     all   30.97    0.00    8.44    0.00    0.00    0.00    0.00    0.00    0.00   60.59
13:24:53     all   21.25    0.01    7.85    0.00    0.00    0.00    0.00    0.00    0.00   70.88
13:24:54     all   33.07    0.00    8.93    0.00    0.00    0.00    0.00    0.00    0.00   57.99
13:24:55     all   19.32    0.00    7.53    0.00    0.00    0.01    0.00    0.00    0.00   73.13
13:24:56     all   26.05    0.00    6.20    0.00    0.00    0.01    0.00    0.00    0.00   67.73
13:24:57     all   22.40    0.00    6.29    0.00    0.00    0.00    0.00    0.00    0.00   71.32
13:24:58     all   34.68    0.00   10.04    0.00    0.00    0.01    0.00    0.00    0.00   55.26
13:24:59     all   22.67    0.00    7.91    0.00    0.00    0.00    0.00    0.00    0.00   69.41
13:25:00     all   27.02    0.00    7.10    0.00    0.00    0.00    0.00    0.00    0.00   65.88
13:25:01     all   27.22    0.00    8.26    0.00    0.00    0.03    0.00    0.00    0.00   64.49
13:25:02     all   25.87    0.00    7.74    0.01    0.00    0.04    0.00    0.00    0.00   66.34
13:25:03     all   25.58    0.00    8.39    0.00    0.00    0.00    0.00    0.00    0.00   66.02
13:25:04     all   27.90    0.00    9.44    0.00    0.00    0.03    0.00    0.00    0.00   62.63
13:25:05     all   23.38    0.00    6.58    0.00    0.00    0.00    0.00    0.00    0.00   70.04
13:25:06     all   21.62    0.00    5.24    0.00    0.00    0.01    0.00    0.00    0.00   73.13
13:25:07     all   25.96    0.00    6.20    0.01    0.00    0.00    0.00    0.00    0.00   67.82
13:25:08     all   23.50    0.00    6.29    0.00    0.00    0.00    0.00    0.00    0.00   70.21
13:25:09     all   23.25    0.00    4.23    0.00    0.00    0.00    0.00    0.00    0.00   72.52
13:25:10     all   24.51    0.00    4.92    0.00    0.00    0.00    0.00    0.00    0.00   70.56
13:25:11     all   19.35    0.00    3.90    0.00    0.00    0.00    0.00    0.00    0.00   76.75
13:25:12     all   23.51    0.00    5.37    0.01    0.00    0.00    0.00    0.00    0.00   71.11
13:25:13     all   20.22    0.00    4.00    0.00    0.00    0.00    0.00    0.00    0.00   75.78
13:25:14     all   29.79    0.00    7.79    0.00    0.00    0.00    0.00    0.00    0.00   62.42
13:25:15     all   19.37    0.01    5.35    0.00    0.00    0.00    0.00    0.00    0.00   75.27
13:25:16     all   23.88    0.00    5.79    0.00    0.00    0.01    0.00    0.00    0.00   70.32
13:25:17     all   23.30    0.00    5.05    0.00    0.00    0.00    0.00    0.00    0.00   71.65
13:25:18     all   26.13    0.00    6.62    0.00    0.00    0.00    0.00    0.00    0.00   67.25
13:25:19     all   21.29    0.00    5.78    0.00    0.00    0.00    0.00    0.00    0.00   72.93
13:25:20     all   23.68    0.00    5.92    0.00    0.00    0.00    0.00    0.00    0.00   70.41
13:25:21     all   30.40    0.00    6.69    0.00    0.00    0.00    0.00    0.00    0.00   62.91
13:25:22     all   25.73    0.00    5.68    0.00    0.00    0.01    0.00    0.00    0.00   68.58
13:25:23     all   22.06    0.00    5.72    0.01    0.00    0.00    0.00    0.00    0.00   72.21
13:25:24     all   24.35    0.00    6.01    0.00    0.00    0.01    0.00    0.00    0.00   69.63
13:25:25     all   21.50    0.00    4.52    0.00    0.00    0.00    0.00    0.00    0.00   73.98
13:25:26     all   26.26    0.00    5.81    0.00    0.00    0.00    0.00    0.00    0.00   67.93
13:25:27     all   17.83    0.00    4.45    0.00    0.00    0.01    0.00    0.00    0.00   77.71
13:25:28     all   28.35    0.00    5.53    0.00    0.00    0.00    0.00    0.00    0.00   66.12
13:25:29     all   26.97    0.00    6.95    0.00    0.00    0.00    0.00    0.00    0.00   66.08
13:25:30     all   24.00    0.00    6.87    0.00    0.00    0.00    0.00    0.00    0.00   69.12
13:25:31     all   22.84    0.00    5.72    0.00    0.00    0.00    0.00    0.00    0.00   71.45
13:25:32     all   24.17    0.00    6.37    0.00    0.00    0.00    0.00    0.00    0.00   69.46
13:25:33     all   21.97    0.00    5.98    0.00    0.00    0.00    0.00    0.00    0.00   72.05
13:25:34     all   22.71    0.00    5.98    0.00    0.00    0.00    0.00    0.00    0.00   71.32
13:25:35     all   22.04    0.00    5.30    0.00    0.00    0.01    0.00    0.00    0.00   72.65
13:25:36     all   24.07    0.00    6.83    0.00    0.00    0.00    0.00    0.00    0.00   69.10
13:25:37     all   36.32    0.00    7.97    0.00    0.00    0.00    0.00    0.00    0.00   55.71
13:25:38     all   16.89    0.00    5.57    0.00    0.00    0.00    0.00    0.00    0.00   77.54
13:25:39     all   24.47    0.00    6.11    0.00    0.00    0.00    0.00    0.00    0.00   69.43
13:25:40     all   28.70    0.00    8.60    0.00    0.00    0.00    0.00    0.00    0.00   62.70
13:25:41     all   23.89    0.00    9.39    0.00    0.00    0.00    0.00    0.00    0.00   66.73
13:25:42     all   28.72    0.00    9.14    0.00    0.00    0.00    0.00    0.00    0.00   62.14
13:25:43     all   27.09    0.00    9.21    0.00    0.00    0.00    0.00    0.00    0.00   63.70
13:25:44     all   27.96    0.00   10.06    0.00    0.00    0.00    0.00    0.00    0.00   61.98
13:25:45     all   25.01    0.00    8.56    0.00    0.00    0.01    0.00    0.00    0.00   66.42
13:25:46     all   29.79    0.00    9.10    0.00    0.00    0.00    0.00    0.00    0.00   61.10
13:25:47     all   26.26    0.00    8.46    0.00    0.00    0.01    0.00    0.00    0.00   65.27
13:25:48     all   27.44    0.00    8.12    0.00    0.00    0.00    0.00    0.00    0.00   64.44
13:25:49     all   20.99    0.00    6.74    0.00    0.00    0.00    0.00    0.00    0.00   72.28
13:25:50     all   29.64    0.00    8.53    0.00    0.00    0.00    0.00    0.00    0.00   61.83
13:25:51     all   25.72    0.00    8.40    0.00    0.00    0.00    0.00    0.00    0.00   65.88
13:25:52     all   27.36    0.00    6.59    0.00    0.00    0.00    0.00    0.00    0.00   66.05
13:25:53     all   24.89    0.00    8.37    0.00    0.00    0.01    0.00    0.00    0.00   66.73
13:25:54     all   28.89    0.00    9.86    0.00    0.00    0.00    0.00    0.00    0.00   61.25
13:25:55     all   34.02    0.00   10.96    0.00    0.00    0.01    0.00    0.00    0.00   55.01
13:25:56     all   26.14    0.00   10.17    0.00    0.00    0.00    0.00    0.00    0.00   63.69
13:25:57     all   26.21    0.00    9.16    0.00    0.00    0.00    0.00    0.00    0.00   64.63
13:25:58     all   22.83    0.00    7.86    0.00    0.00    0.00    0.00    0.00    0.00   69.31
13:25:59     all   31.22    0.00    8.41    0.00    0.00    0.01    0.00    0.00    0.00   60.35
13:26:00     all   25.85    0.00    8.49    0.00    0.00    0.00    0.00    0.00    0.00   65.66
13:26:01     all   27.94    0.01    8.13    0.00    0.00    0.00    0.00    0.00    0.00   63.91
13:26:02     all   26.75    0.00    9.73    0.00    0.00    0.01    0.00    0.00    0.00   63.50
13:26:03     all   28.23    0.00    8.30    0.01    0.00    0.00    0.00    0.00    0.00   63.45
13:26:04     all   29.14    0.00   10.54    0.00    0.00    0.00    0.00    0.00    0.00   60.32
13:26:05     all   29.28    0.00    9.38    0.00    0.00    0.03    0.00    0.00    0.00   61.31
13:26:06     all   30.58    0.00   11.41    0.00    0.00    0.00    0.00    0.00    0.00   58.01
13:26:07     all   28.25    0.00    9.18    0.01    0.00    0.00    0.00    0.00    0.00   62.55
13:26:08     all   29.95    0.00   11.15    0.00    0.00    0.00    0.00    0.00    0.00   58.91
13:26:09     all   26.84    0.00   10.80    0.00    0.00    0.01    0.00    0.00    0.00   62.35
13:26:10     all   34.60    0.00   14.75    0.00    0.00    0.00    0.00    0.00    0.00   50.65
13:26:11     all   23.15    0.00   10.06    0.00    0.00    0.01    0.00    0.00    0.00   66.78
13:26:12     all   36.58    0.00   12.32    0.19    0.00    0.00    0.00    0.00    0.00   50.91
13:26:13     all   24.04    0.00   10.50    0.00    0.00    0.00    0.00    0.00    0.00   65.46
13:26:14     all   25.40    0.03    8.95    0.00    0.00    0.00    0.00    0.00    0.00   65.62
13:26:15     all   27.89    0.00   10.44    0.00    0.00    0.00    0.00    0.00    0.00   61.67
13:26:16     all   25.75    0.00   10.52    0.00    0.00    0.00    0.00    0.00    0.00   63.73
13:26:17     all   34.32    0.00   10.53    0.03    0.00    0.01    0.00    0.00    0.00   55.11
13:26:18     all   21.08    0.00    8.03    0.04    0.00    0.00    0.00    0.00    0.00   70.85
13:26:19     all   28.36    0.00   11.03    0.00    0.00    0.00    0.00    0.00    0.00   60.61
13:26:20     all   26.38    0.00    9.76    0.00    0.00    0.00    0.00    0.00    0.00   63.86
13:26:21     all   23.84    0.00    8.03    0.00    0.00    0.00    0.00    0.00    0.00   68.14
13:26:22     all   22.36    0.00    6.86    0.00    0.00    0.00    0.00    0.00    0.00   70.78
13:26:23     all   28.68    0.00    9.68    0.00    0.00    0.00    0.00    0.00    0.00   61.64
13:26:24     all   24.36    0.00    8.18    0.00    0.00    0.00    0.00    0.00    0.00   67.46
13:26:25     all   28.12    0.00    8.92    0.00    0.00    0.00    0.00    0.00    0.00   62.96
13:26:26     all   26.63    0.00    8.62    0.00    0.00    0.01    0.00    0.00    0.00   64.74
13:26:27     all   27.64    0.00   10.21    0.00    0.00    0.00    0.00    0.00    0.00   62.15
13:26:28     all   25.87    0.00    8.83    0.00    0.00    0.00    0.00    0.00    0.00   65.30
13:26:29     all   26.80    0.00    8.28    0.00    0.00    0.01    0.00    0.00    0.00   64.91
13:26:30     all   24.56    0.00    8.07    0.00    0.00    0.00    0.00    0.00    0.00   67.37
13:26:31     all   26.38    0.00    8.65    0.00    0.00    0.00    0.00    0.00    0.00   64.97
13:26:32     all   25.44    0.00    8.66    0.00    0.00    0.00    0.00    0.00    0.00   65.90
13:26:33     all   29.59    0.00   10.11    0.00    0.00    0.00    0.00    0.00    0.00   60.30
13:26:34     all   26.92    0.00    9.61    0.00    0.00    0.00    0.00    0.00    0.00   63.47
13:26:35     all   27.08    0.00    8.93    0.00    0.00    0.00    0.00    0.00    0.00   63.98
13:26:36     all   34.96    0.00   12.91    0.00    0.00    0.01    0.00    0.00    0.00   52.11
13:26:37     all   20.86    0.00    9.82    0.00    0.00    0.00    0.00    0.00    0.00   69.32
13:26:38     all   37.28    0.00   11.99    0.00    0.00    0.00    0.00    0.00    0.00   50.73
13:26:39     all   25.64    0.00    9.35    0.00    0.00    0.00    0.00    0.00    0.00   65.01
13:26:40     all   32.12    0.00   10.05    0.00    0.00    0.00    0.00    0.00    0.00   57.83
13:26:41     all   27.01    0.00    8.02    0.00    0.00    0.00    0.00    0.00    0.00   64.97
13:26:42     all   32.22    0.00   14.41    0.00    0.00    0.01    0.00    0.00    0.00   53.35
13:26:43     all   29.30    0.00   12.32    0.00    0.00    0.00    0.00    0.00    0.00   58.37
13:26:44     all   30.06    0.00   11.52    0.00    0.00    0.00    0.00    0.00    0.00   58.42
13:26:45     all   24.45    0.01    9.71    0.00    0.00    0.00    0.00    0.00    0.00   65.82
13:26:46     all   30.91    0.00   11.67    0.00    0.00    0.01    0.00    0.00    0.00   57.40
13:26:47     all   29.02    0.00   10.66    0.00    0.00    0.00    0.00    0.00    0.00   60.33
13:26:48     all   28.36    0.00   11.06    0.00    0.00    0.00    0.00    0.00    0.00   60.58
13:26:49     all   28.87    0.00   10.39    0.00    0.00    0.00    0.00    0.00    0.00   60.74
13:26:50     all   26.22    0.01    9.97    0.00    0.00    0.00    0.00    0.00    0.00   63.79
13:26:51     all   26.46    0.00   10.13    0.00    0.00    0.01    0.00    0.00    0.00   63.40
13:26:52     all   25.99    0.00    8.58    0.00    0.00    0.00    0.00    0.00    0.00   65.42
13:26:53     all   10.80    0.00   11.61    0.00    0.00    0.00    0.00    0.00    0.00   77.60
13:26:54     all    7.00    0.00    4.08    0.00    0.00    0.00    0.00    0.00    0.00   88.92
13:26:55     all    5.71    0.00    3.42    0.00    0.00    0.00    0.00    0.00    0.00   90.86
13:26:56     all    5.36    0.00    2.51    0.00    0.00    0.00    0.00    0.00    0.00   92.12
13:26:57     all    3.92    0.00    1.97    0.00    0.00    0.00    0.00    0.00    0.00   94.11
13:26:58     all    1.71    0.00    0.74    0.00    0.00    0.00    0.00    0.00    0.00   97.55
13:26:59     all    0.97    0.00    0.56    0.00    0.00    0.00    0.00    0.00    0.00   98.47
13:27:00     all    1.17    0.00    0.67    0.00    0.00    0.00    0.00    0.00    0.00   98.17
13:27:01     all    1.15    0.00    0.79    0.00    0.00    0.00    0.00    0.00    0.00   98.06
13:27:02     all    1.06    0.00    0.60    0.00    0.00    0.00    0.00    0.00    0.00   98.34
13:27:03     all    1.49    0.00    0.33    0.00    0.00    0.00    0.00    0.00    0.00   98.18
13:27:04     all    1.43    0.00    0.47    0.00    0.00    0.00    0.00    0.00    0.00   98.10
13:27:05     all    1.10    0.00    0.39    0.00    0.00    0.00    0.00    0.00    0.00   98.51
13:27:06     all    1.46    0.00    0.69    0.00    0.00    0.00    0.00    0.00    0.00   97.85
13:27:07     all    1.36    0.00    0.49    0.00    0.00    0.00    0.00    0.00    0.00   98.15
13:27:08     all    1.08    0.00    0.42    0.00    0.00    0.00    0.00    0.00    0.00   98.50
13:27:09     all    1.24    0.00    0.57    0.00    0.00    0.00    0.00    0.00    0.00   98.19
13:27:10     all    1.36    0.00    0.38    0.00    0.00    0.00    0.00    0.00    0.00   98.26
13:27:11     all    1.00    0.00    0.64    0.01    0.00    0.01    0.00    0.00    0.00   98.33
13:27:12     all    1.26    0.00    0.44    0.00    0.00    0.00    0.00    0.00    0.00   98.29
13:27:13     all    1.40    0.00    0.72    0.00    0.00    0.00    0.00    0.00    0.00   97.87
13:27:14     all    1.10    0.00    0.44    0.00    0.00    0.00    0.00    0.00    0.00   98.46
13:27:15     all    1.47    0.00    0.33    0.00    0.00    0.01    0.00    0.00    0.00   98.18
13:27:16     all    1.31    0.00    0.49    0.01    0.00    0.00    0.00    0.00    0.00   98.19
13:27:17     all    1.12    0.00    0.61    0.00    0.00    0.00    0.00    0.00    0.00   98.27
13:27:18     all    1.92    0.00    0.82    0.01    0.00    0.00    0.00    0.00    0.00   97.25
13:27:19     all    1.32    0.00    1.04    0.00    0.00    0.00    0.00    0.00    0.00   97.64
13:27:20     all    0.14    0.00    1.60    0.00    0.00    0.00    0.00    0.00    0.00   98.26
13:27:21     all    0.82    0.00    0.99    0.00    0.00    0.00    0.00    0.00    0.00   98.19
13:27:22     all    0.82    0.03    0.50    0.00    0.00    0.00    0.00    0.00    0.00   98.65
13:27:23     all    0.19    0.00    0.24    0.00    0.00    0.00    0.00    0.00    0.00   99.57
13:27:24     all    0.57    0.00    0.31    0.00    0.00    0.00    0.00    0.00    0.00   99.12
13:27:25     all    0.47    0.00    0.17    0.00    0.00    0.00    0.00    0.00    0.00   99.36
13:27:26     all    0.04    0.00    0.08    0.00    0.00    0.00    0.00    0.00    0.00   99.87
13:27:27     all    0.24    0.00    0.07    0.00    0.00    0.00    0.00    0.00    0.00   99.69
13:27:28     all    0.32    0.00    0.15    0.00    0.00    0.00    0.00    0.00    0.00   99.53
13:27:29     all    0.03    0.00    0.08    0.01    0.00    0.00    0.00    0.00    0.00   99.87
13:27:30     all    0.25    0.00    0.08    0.00    0.00    0.00    0.00    0.00    0.00   99.67
13:27:31     all    0.25    0.00    0.11    0.00    0.00    0.00    0.00    0.00    0.00   99.64
13:27:32     all    0.06    0.00    0.11    0.00    0.00    0.00    0.00    0.00    0.00   99.83
13:27:33     all    0.29    0.00    0.17    0.00    0.00    0.00    0.00    0.00    0.00   99.54
13:27:34     all    0.38    0.00    0.33    0.00    0.00    0.00    0.00    0.00    0.00   99.29
13:27:35     all    0.15    0.00    0.18    0.00    0.00    0.00    0.00    0.00    0.00   99.67
13:27:36     all    0.29    0.00    0.14    0.00    0.00    0.00    0.00    0.00    0.00   99.57
13:27:37     all    0.26    0.00    0.08    0.00    0.00    0.00    0.00    0.00    0.00   99.65
13:27:38     all    0.17    0.00    0.18    0.00    0.00    0.00    0.00    0.00    0.00   99.65
13:27:39     all    0.26    0.00    0.35    0.00    0.00    0.00    0.00    0.00    0.00   99.39
13:27:40     all    0.71    0.00    0.24    0.00    0.00    0.00    0.00    0.00    0.00   99.06
13:27:41     all    0.03    0.00    0.07    0.00    0.00    0.00    0.00    0.00    0.00   99.90
13:27:42     all    0.24    0.00    0.10    0.00    0.00    0.00    0.00    0.00    0.00   99.67
13:27:43     all    0.31    0.00    0.14    0.00    0.00    0.00    0.00    0.00    0.00   99.56
13:27:44     all    0.11    0.00    0.10    0.00    0.00    0.00    0.00    0.00    0.00   99.79
13:27:45     all    0.36    0.00    0.15    0.00    0.00    0.00    0.00    0.00    0.00   99.49
13:27:46     all    0.43    0.00    0.14    0.00    0.00    0.00    0.00    0.00    0.00   99.43
13:27:47     all    0.46    0.00    0.26    0.00    0.00    0.00    0.00    0.00    0.00   99.28
13:27:48     all    0.43    0.00    0.26    0.00    0.00    0.00    0.00    0.00    0.00   99.31
13:27:49     all    0.25    0.00    0.08    0.00    0.00    0.00    0.00    0.00    0.00   99.67
13:27:50     all    0.03    0.00    0.14    0.00    0.00    0.00    0.00    0.00    0.00   99.83
13:27:51     all    0.26    0.00    0.07    0.00    0.00    0.00    0.00    0.00    0.00   99.67
13:27:52     all    0.40    0.00    0.21    0.00    0.00    0.00    0.00    0.00    0.00   99.39
13:27:53     all    0.13    0.00    0.13    0.00    0.00    0.00    0.00    0.00    0.00   99.75
13:27:54     all    0.43    0.00    0.33    0.00    0.00    0.00    0.00    0.00    0.00   99.24
13:27:55     all    0.75    0.00    0.29    0.00    0.00    0.00    0.00    0.00    0.00   98.96
13:27:56     all    0.01    0.00    0.07    0.00    0.00    0.00    0.00    0.00    0.00   99.92
13:27:57     all    0.28    0.00    0.08    0.00    0.00    0.00    0.00    0.00    0.00   99.64
13:27:58     all    0.40    0.00    0.24    0.00    0.00    0.00    0.00    0.00    0.00   99.36
13:27:59     all    0.03    0.00    0.10    0.00    0.00    0.00    0.00    0.00    0.00   99.88
13:28:00     all    0.32    0.00    0.14    0.00    0.00    0.00    0.00    0.00    0.00   99.54
13:28:01     all    0.31    0.00    0.11    0.00    0.00    0.00    0.00    0.00    0.00   99.58
13:28:02     all    0.46    0.01    0.22    0.00    0.00    0.00    0.00    0.00    0.00   99.30
13:28:03     all    0.36    0.00    0.11    0.00    0.00    0.00    0.00    0.00    0.00   99.53
13:28:04     all    0.33    0.00    0.21    0.00    0.00    0.00    0.00    0.00    0.00   99.46
13:28:05     all    0.06    0.00    0.07    0.00    0.00    0.00    0.00    0.00    0.00   99.87
13:28:06     all    0.32    0.00    0.13    0.00    0.00    0.00    0.00    0.00    0.00   99.56
13:28:07     all    0.79    0.00    0.18    0.00    0.00    0.00    0.00    0.00    0.00   99.03
13:28:08     all    0.08    0.00    0.17    0.00    0.00    0.00    0.00    0.00    0.00   99.75
13:28:09     all    0.35    0.00    0.17    0.00    0.00    0.00    0.00    0.00    0.00   99.49
13:28:10     all    0.50    0.00    0.36    0.00    0.00    0.00    0.00    0.00    0.00   99.14
13:28:11     all    0.11    0.00    0.12    0.00    0.00    0.00    0.00    0.00    0.00   99.76
13:28:12     all    0.25    0.00    0.11    0.00    0.00    0.00    0.00    0.00    0.00   99.64
13:28:13     all    0.38    0.00    0.18    0.00    0.00    0.00    0.00    0.00    0.00   99.44
13:28:14     all    0.10    0.00    0.18    0.01    0.00    0.00    0.00    0.00    0.00   99.71
13:28:15     all    0.25    0.00    0.11    0.00    0.00    0.00    0.00    0.00    0.00   99.64
13:28:16     all    0.24    0.00    0.13    0.00    0.00    0.00    0.00    0.00    0.00   99.64
13:28:17     all    0.08    0.00    0.07    0.00    0.00    0.00    0.00    0.00    0.00   99.85
13:28:18     all    0.25    0.00    0.10    0.00    0.00    0.00    0.00    0.00    0.00   99.65
13:28:19     all    0.43    0.00    0.24    0.00    0.00    0.00    0.00    0.00    0.00   99.33
13:28:20     all    0.03    0.00    0.08    0.00    0.00    0.00    0.00    0.00    0.00   99.89
13:28:21     all    0.65    0.00    0.35    0.00    0.00    0.00    0.00    0.00    0.00   99.00
13:28:22     all    0.26    0.00    0.10    0.00    0.00    0.00    0.00    0.00    0.00   99.64
13:28:23     all    0.10    0.00    0.08    0.00    0.00    0.00    0.00    0.00    0.00   99.82
13:28:24     all    0.86    0.00    0.32    0.00    0.00    0.00    0.00    0.00    0.00   98.82
13:28:25     all    0.25    0.00    0.10    0.00    0.00    0.00    0.00    0.00    0.00   99.65
13:28:26     all    0.04    0.00    0.07    0.00    0.00    0.00    0.00    0.00    0.00   99.89
13:28:27     all    0.24    0.00    0.14    0.00    0.00    0.00    0.00    0.00    0.00   99.62
13:28:28     all    0.22    0.00    0.06    0.00    0.00    0.00    0.00    0.00    0.00   99.72
13:28:29     all    0.11    0.00    0.10    0.00    0.00    0.00    0.00    0.00    0.00   99.79
13:28:30     all    0.31    0.00    0.11    0.00    0.00    0.00    0.00    0.00    0.00   99.58
13:28:31     all    0.26    0.00    0.12    0.00    0.00    0.00    0.00    0.00    0.00   99.61
13:28:32     all    0.08    0.00    0.13    0.00    0.00    0.00    0.00    0.00    0.00   99.79
13:28:33     all    0.39    0.00    0.15    0.00    0.00    0.00    0.00    0.00    0.00   99.46
13:28:34     all    0.46    0.00    0.22    0.00    0.00    0.00    0.00    0.00    0.00   99.32
13:28:35     all    0.42    0.00    0.19    0.01    0.00    0.01    0.00    0.00    0.00   99.36
13:28:36     all    0.28    0.00    0.04    0.00    0.00    0.00    0.00    0.00    0.00   99.68
13:28:37     all    0.24    0.00    0.14    0.00    0.00    0.00    0.00    0.00    0.00   99.63
13:28:38     all    0.11    0.00    0.11    0.00    0.00    0.00    0.00    0.00    0.00   99.78
13:28:39     all    0.38    0.00    0.14    0.00    0.00    0.00    0.00    0.00    0.00   99.49
13:28:40     all    0.32    0.00    0.17    0.00    0.00    0.00    0.00    0.00    0.00   99.51
13:28:41     all    0.11    0.00    0.13    0.00    0.00    0.00    0.00    0.00    0.00   99.76
13:28:42     all    0.31    0.00    0.33    0.00    0.00    0.00    0.00    0.00    0.00   99.36
13:28:43     all    0.17    0.00    0.07    0.00    0.00    0.00    0.00    0.00    0.00   99.76
Average:     all   21.17    0.00    8.36    0.00    0.00    0.00    0.00    0.00    0.00   70.46
