2026/08/10 12:56:42.380, 0, 93, 0
2026/08/10 12:56:42.384, 1, 15, 0
2026/08/10 12:56:43.433, 0, 93, 0
2026/08/10 12:56:43.436, 1, 15, 0
2026/08/10 12:56:44.477, 0, 95, 0
2026/08/10 12:56:44.480, 1, 301, 0
2026/08/10 12:56:45.522, 0, 123, 0
2026/08/10 12:56:45.524, 1, 301, 0
2026/08/10 12:56:46.568, 0, 443, 0
2026/08/10 12:56:46.570, 1, 301, 0
2026/08/10 12:56:47.611, 0, 475, 0
2026/08/10 12:56:47.613, 1, 301, 0
2026/08/10 12:56:48.651, 0, 475, 0
2026/08/10 12:56:48.653, 1, 301, 0
2026/08/10 12:56:49.691, 0, 475, 0
2026/08/10 12:56:49.693, 1, 301, 0
2026/08/10 12:56:50.732, 0, 475, 0
2026/08/10 12:56:50.734, 1, 301, 0
2026/08/10 12:56:51.772, 0, 475, 0
2026/08/10 12:56:51.774, 1, 301, 0
2026/08/10 12:56:52.813, 0, 475, 0
2026/08/10 12:56:52.815, 1, 301, 0
2026/08/10 12:56:53.855, 0, 475, 0
2026/08/10 12:56:53.857, 1, 301, 0
2026/08/10 12:56:54.898, 0, 507, 0
2026/08/10 12:56:54.899, 1, 301, 0
2026/08/10 12:56:55.938, 0, 507, 0
2026/08/10 12:56:55.939, 1, 301, 0
2026/08/10 12:56:56.979, 0, 509, 0
2026/08/10 12:56:56.981, 1, 301, 0
2026/08/10 12:56:58.018, 0, 511, 0
2026/08/10 12:56:58.020, 1, 301, 0
2026/08/10 12:56:59.058, 0, 511, 0
2026/08/10 12:56:59.060, 1, 387, 0
2026/08/10 12:57:00.100, 0, 511, 0
2026/08/10 12:57:00.101, 1, 419, 0
2026/08/10 12:57:01.139, 0, 511, 0
2026/08/10 12:57:01.141, 1, 419, 0
2026/08/10 12:57:02.179, 0, 511, 0
2026/08/10 12:57:02.181, 1, 419, 0
2026/08/10 12:57:03.218, 0, 511, 0
2026/08/10 12:57:03.220, 1, 419, 0
2026/08/10 12:57:04.256, 0, 511, 0
2026/08/10 12:57:04.257, 1, 419, 0
2026/08/10 12:57:05.295, 0, 511, 0
2026/08/10 12:57:05.297, 1, 419, 0
2026/08/10 12:57:06.336, 0, 511, 0
2026/08/10 12:57:06.338, 1, 419, 0
2026/08/10 12:57:07.377, 0, 511, 0
2026/08/10 12:57:07.379, 1, 419, 0
2026/08/10 12:57:08.416, 0, 511, 0
2026/08/10 12:57:08.418, 1, 451, 0
2026/08/10 12:57:09.455, 0, 511, 0
2026/08/10 12:57:09.457, 1, 453, 4
2026/08/10 12:57:10.496, 0, 511, 0
2026/08/10 12:57:10.498, 1, 455, 0
2026/08/10 12:57:11.540, 0, 511, 0
2026/08/10 12:57:11.542, 1, 455, 0
2026/08/10 12:57:12.581, 0, 511, 0
2026/08/10 12:57:12.583, 1, 455, 0
2026/08/10 12:57:13.622, 0, 511, 0
2026/08/10 12:57:13.624, 1, 1105, 1
2026/08/10 12:57:14.665, 0, 511, 0
2026/08/10 12:57:14.667, 1, 1327, 35
2026/08/10 12:57:15.714, 0, 511, 0
2026/08/10 12:57:15.716, 1, 1701, 30
2026/08/10 12:57:16.763, 0, 511, 0
2026/08/10 12:57:16.766, 1, 1701, 24
2026/08/10 12:57:17.812, 0, 511, 0
2026/08/10 12:57:17.815, 1, 1701, 18
2026/08/10 12:57:18.859, 0, 511, 0
2026/08/10 12:57:18.862, 1, 1701, 27
2026/08/10 12:57:19.907, 0, 511, 0
2026/08/10 12:57:19.911, 1, 1701, 26
2026/08/10 12:57:20.953, 0, 511, 0
2026/08/10 12:57:20.957, 1, 1703, 30
2026/08/10 12:57:21.999, 0, 511, 0
2026/08/10 12:57:22.004, 1, 1703, 29
2026/08/10 12:57:23.046, 0, 511, 0
2026/08/10 12:57:23.050, 1, 1703, 29
2026/08/10 12:57:24.093, 0, 511, 0
2026/08/10 12:57:24.097, 1, 1703, 25
2026/08/10 12:57:25.143, 0, 511, 0
2026/08/10 12:57:25.147, 1, 1703, 28
2026/08/10 12:57:26.193, 0, 511, 0
2026/08/10 12:57:26.196, 1, 1703, 0
2026/08/10 12:57:27.240, 0, 511, 0
2026/08/10 12:57:27.244, 1, 1703, 26
2026/08/10 12:57:28.288, 0, 511, 0
2026/08/10 12:57:28.291, 1, 1703, 27
2026/08/10 12:57:29.338, 0, 511, 0
2026/08/10 12:57:29.341, 1, 1703, 28
2026/08/10 12:57:30.390, 0, 511, 0
2026/08/10 12:57:30.393, 1, 1703, 28
2026/08/10 12:57:31.438, 0, 511, 0
2026/08/10 12:57:31.441, 1, 1703, 25
2026/08/10 12:57:32.487, 0, 511, 0
2026/08/10 12:57:32.490, 1, 1703, 26
2026/08/10 12:57:33.536, 0, 511, 0
2026/08/10 12:57:33.539, 1, 1703, 33
2026/08/10 12:57:34.596, 0, 511, 0
2026/08/10 12:57:34.600, 1, 1703, 29
2026/08/10 12:57:35.647, 0, 511, 0
2026/08/10 12:57:35.650, 1, 1703, 25
2026/08/10 12:57:36.694, 0, 511, 0
2026/08/10 12:57:36.697, 1, 1703, 30
2026/08/10 12:57:37.744, 0, 511, 0
2026/08/10 12:57:37.747, 1, 1703, 28
2026/08/10 12:57:38.792, 0, 511, 0
2026/08/10 12:57:38.795, 1, 1703, 28
2026/08/10 12:57:39.842, 0, 511, 0
2026/08/10 12:57:39.845, 1, 1703, 27
2026/08/10 12:57:40.889, 0, 511, 0
2026/08/10 12:57:40.892, 1, 1703, 30
2026/08/10 12:57:41.939, 0, 511, 0
2026/08/10 12:57:41.943, 1, 1703, 0
2026/08/10 12:57:42.989, 0, 511, 0
2026/08/10 12:57:42.992, 1, 1703, 26
2026/08/10 12:57:44.038, 0, 511, 0
2026/08/10 12:57:44.041, 1, 1703, 30
2026/08/10 12:57:45.083, 0, 511, 0
2026/08/10 12:57:45.087, 1, 1703, 27
2026/08/10 12:57:46.131, 0, 511, 0
2026/08/10 12:57:46.135, 1, 1703, 28
2026/08/10 12:57:47.180, 0, 511, 0
2026/08/10 12:57:47.183, 1, 1703, 28
2026/08/10 12:57:48.226, 0, 511, 0
2026/08/10 12:57:48.230, 1, 1703, 24
2026/08/10 12:57:49.274, 0, 511, 0
2026/08/10 12:57:49.278, 1, 1703, 14
2026/08/10 12:57:50.322, 0, 511, 0
2026/08/10 12:57:50.326, 1, 1703, 28
2026/08/10 12:57:51.371, 0, 511, 0
2026/08/10 12:57:51.375, 1, 1703, 28
2026/08/10 12:57:52.418, 0, 511, 0
2026/08/10 12:57:52.421, 1, 1703, 24
2026/08/10 12:57:53.468, 0, 511, 0
2026/08/10 12:57:53.472, 1, 1703, 27
2026/08/10 12:57:54.518, 0, 511, 0
2026/08/10 12:57:54.521, 1, 1703, 27
2026/08/10 12:57:55.564, 0, 511, 0
2026/08/10 12:57:55.567, 1, 1703, 26
2026/08/10 12:57:56.610, 0, 511, 0
2026/08/10 12:57:56.613, 1, 1703, 25
2026/08/10 12:57:57.660, 0, 511, 0
2026/08/10 12:57:57.664, 1, 1703, 25
2026/08/10 12:57:58.708, 0, 511, 0
2026/08/10 12:57:58.712, 1, 1703, 26
2026/08/10 12:57:59.756, 0, 511, 0
2026/08/10 12:57:59.760, 1, 1703, 27
2026/08/10 12:58:00.806, 0, 511, 0
2026/08/10 12:58:00.809, 1, 1703, 0
2026/08/10 12:58:01.852, 0, 511, 0
2026/08/10 12:58:01.855, 1, 1703, 17
2026/08/10 12:58:02.899, 0, 511, 0
2026/08/10 12:58:02.902, 1, 1703, 23
2026/08/10 12:58:03.950, 0, 511, 0
2026/08/10 12:58:03.954, 1, 1703, 31
2026/08/10 12:58:05.002, 0, 511, 0
2026/08/10 12:58:05.008, 1, 1703, 26
2026/08/10 12:58:06.053, 0, 511, 0
2026/08/10 12:58:06.057, 1, 1703, 31
2026/08/10 12:58:07.117, 0, 511, 0
2026/08/10 12:58:07.121, 1, 1703, 26
2026/08/10 12:58:08.167, 0, 511, 0
2026/08/10 12:58:08.170, 1, 1703, 27
2026/08/10 12:58:09.213, 0, 511, 0
2026/08/10 12:58:09.216, 1, 1703, 27
2026/08/10 12:58:10.263, 0, 511, 0
2026/08/10 12:58:10.266, 1, 1703, 28
2026/08/10 12:58:11.310, 0, 511, 0
2026/08/10 12:58:11.313, 1, 1703, 19
2026/08/10 12:58:12.357, 0, 511, 0
2026/08/10 12:58:12.360, 1, 1703, 31
2026/08/10 12:58:13.405, 0, 511, 0
2026/08/10 12:58:13.409, 1, 1703, 7
2026/08/10 12:58:14.456, 0, 511, 0
2026/08/10 12:58:14.460, 1, 1703, 29
2026/08/10 12:58:15.507, 0, 511, 0
2026/08/10 12:58:15.511, 1, 1703, 29
2026/08/10 12:58:16.557, 0, 511, 0
2026/08/10 12:58:16.560, 1, 1703, 26
2026/08/10 12:58:17.603, 0, 511, 0
2026/08/10 12:58:17.606, 1, 1703, 26
2026/08/10 12:58:18.650, 0, 511, 0
2026/08/10 12:58:18.654, 1, 1703, 27
2026/08/10 12:58:19.699, 0, 511, 0
2026/08/10 12:58:19.702, 1, 1703, 28
2026/08/10 12:58:20.748, 0, 511, 0
2026/08/10 12:58:20.751, 1, 1703, 27
2026/08/10 12:58:21.797, 0, 511, 0
2026/08/10 12:58:21.800, 1, 1703, 26
2026/08/10 12:58:22.850, 0, 511, 0
2026/08/10 12:58:22.854, 1, 1703, 27
2026/08/10 12:58:23.900, 0, 511, 0
2026/08/10 12:58:23.904, 1, 1703, 28
2026/08/10 12:58:24.952, 0, 511, 0
2026/08/10 12:58:24.956, 1, 1703, 26
2026/08/10 12:58:26.000, 0, 511, 0
2026/08/10 12:58:26.004, 1, 1703, 17
2026/08/10 12:58:27.051, 0, 511, 0
2026/08/10 12:58:27.055, 1, 1703, 29
2026/08/10 12:58:28.100, 0, 511, 0
2026/08/10 12:58:28.103, 1, 1703, 0
2026/08/10 12:58:29.150, 0, 511, 0
2026/08/10 12:58:29.154, 1, 1703, 27
2026/08/10 12:58:30.200, 0, 511, 0
2026/08/10 12:58:30.203, 1, 1703, 0
2026/08/10 12:58:31.247, 0, 511, 0
2026/08/10 12:58:31.250, 1, 1703, 27
2026/08/10 12:58:32.295, 0, 511, 0
2026/08/10 12:58:32.298, 1, 1703, 20
2026/08/10 12:58:33.346, 0, 511, 0
2026/08/10 12:58:33.349, 1, 1703, 27
2026/08/10 12:58:34.396, 0, 511, 0
2026/08/10 12:58:34.399, 1, 1703, 23
2026/08/10 12:58:35.443, 0, 511, 0
2026/08/10 12:58:35.447, 1, 1703, 26
2026/08/10 12:58:36.495, 0, 511, 0
2026/08/10 12:58:36.499, 1, 1703, 30
2026/08/10 12:58:37.546, 0, 511, 0
2026/08/10 12:58:37.549, 1, 1703, 25
2026/08/10 12:58:38.596, 0, 511, 0
2026/08/10 12:58:38.600, 1, 1703, 27
2026/08/10 12:58:39.647, 0, 511, 0
2026/08/10 12:58:39.650, 1, 1703, 27
2026/08/10 12:58:40.697, 0, 511, 0
2026/08/10 12:58:40.701, 1, 1703, 27
2026/08/10 12:58:41.748, 0, 511, 0
2026/08/10 12:58:41.752, 1, 1703, 32
2026/08/10 12:58:42.798, 0, 511, 0
2026/08/10 12:58:42.801, 1, 1703, 29
2026/08/10 12:58:43.845, 0, 511, 0
2026/08/10 12:58:43.854, 1, 1703, 27
2026/08/10 12:58:44.898, 0, 511, 0
2026/08/10 12:58:44.908, 1, 1703, 21
2026/08/10 12:58:45.951, 0, 511, 0
2026/08/10 12:58:45.958, 1, 1703, 26
2026/08/10 12:58:47.002, 0, 511, 0
2026/08/10 12:58:47.009, 1, 1703, 27
2026/08/10 12:58:48.055, 0, 511, 0
2026/08/10 12:58:48.060, 1, 1703, 26
2026/08/10 12:58:49.124, 0, 511, 0
2026/08/10 12:58:49.128, 1, 1703, 32
2026/08/10 12:58:50.175, 0, 511, 0
2026/08/10 12:58:50.181, 1, 1703, 30
2026/08/10 12:58:51.223, 0, 511, 0
2026/08/10 12:58:51.231, 1, 1703, 26
2026/08/10 12:58:52.272, 0, 511, 0
2026/08/10 12:58:52.278, 1, 1703, 0
2026/08/10 12:58:53.323, 0, 511, 0
2026/08/10 12:58:53.331, 1, 1703, 30
2026/08/10 12:58:54.375, 0, 511, 0
2026/08/10 12:58:54.382, 1, 1703, 29
2026/08/10 12:58:55.425, 0, 511, 0
2026/08/10 12:58:55.431, 1, 1703, 28
2026/08/10 12:58:56.477, 0, 511, 0
2026/08/10 12:58:56.486, 1, 1703, 28
2026/08/10 12:58:57.531, 0, 511, 0
2026/08/10 12:58:57.538, 1, 1703, 26
2026/08/10 12:58:58.585, 0, 511, 0
2026/08/10 12:58:58.591, 1, 1703, 23
2026/08/10 12:58:59.639, 0, 511, 0
2026/08/10 12:58:59.647, 1, 1703, 26
2026/08/10 12:59:00.691, 0, 511, 0
2026/08/10 12:59:00.697, 1, 1703, 27
2026/08/10 12:59:01.746, 0, 511, 0
2026/08/10 12:59:01.754, 1, 1703, 30
2026/08/10 12:59:02.801, 0, 511, 0
2026/08/10 12:59:02.807, 1, 1703, 30
2026/08/10 12:59:03.859, 0, 511, 0
2026/08/10 12:59:03.865, 1, 1703, 26
2026/08/10 12:59:04.915, 0, 511, 0
2026/08/10 12:59:04.922, 1, 1703, 13
2026/08/10 12:59:05.969, 0, 511, 0
2026/08/10 12:59:05.974, 1, 1703, 27
2026/08/10 12:59:07.025, 0, 511, 0
2026/08/10 12:59:07.035, 1, 1703, 29
2026/08/10 12:59:08.080, 0, 511, 0
2026/08/10 12:59:08.088, 1, 1703, 26
2026/08/10 12:59:09.132, 0, 511, 0
2026/08/10 12:59:09.138, 1, 1703, 29
2026/08/10 12:59:10.189, 0, 511, 0
2026/08/10 12:59:10.194, 1, 1703, 27
2026/08/10 12:59:11.243, 0, 511, 0
2026/08/10 12:59:11.248, 1, 1703, 27
2026/08/10 12:59:12.298, 0, 511, 0
2026/08/10 12:59:12.305, 1, 1703, 25
2026/08/10 12:59:13.351, 0, 511, 0
2026/08/10 12:59:13.356, 1, 1703, 29
2026/08/10 12:59:14.402, 0, 511, 0
2026/08/10 12:59:14.414, 1, 1703, 30
2026/08/10 12:59:15.457, 0, 511, 0
2026/08/10 12:59:15.462, 1, 1703, 30
2026/08/10 12:59:16.509, 0, 511, 0
2026/08/10 12:59:16.519, 1, 1703, 0
2026/08/10 12:59:17.565, 0, 511, 0
2026/08/10 12:59:17.570, 1, 1703, 30
2026/08/10 12:59:18.619, 0, 511, 0
2026/08/10 12:59:18.629, 1, 1703, 26
2026/08/10 12:59:19.675, 0, 511, 0
2026/08/10 12:59:19.683, 1, 1703, 30
2026/08/10 12:59:20.730, 0, 511, 0
2026/08/10 12:59:20.738, 1, 1703, 29
2026/08/10 12:59:21.783, 0, 511, 0
2026/08/10 12:59:21.787, 1, 1703, 32
2026/08/10 12:59:22.835, 0, 511, 0
2026/08/10 12:59:22.841, 1, 1703, 29
2026/08/10 12:59:23.892, 0, 511, 0
2026/08/10 12:59:23.900, 1, 1703, 27
2026/08/10 12:59:24.943, 0, 511, 0
2026/08/10 12:59:24.947, 1, 1703, 0
2026/08/10 12:59:25.997, 0, 511, 0
2026/08/10 12:59:26.004, 1, 1703, 28
2026/08/10 12:59:27.047, 0, 511, 0
2026/08/10 12:59:27.056, 1, 1703, 6
2026/08/10 12:59:28.101, 0, 511, 0
2026/08/10 12:59:28.109, 1, 1703, 28
2026/08/10 12:59:29.155, 0, 511, 0
2026/08/10 12:59:29.160, 1, 1703, 26
2026/08/10 12:59:30.208, 0, 511, 0
2026/08/10 12:59:30.216, 1, 1703, 27
2026/08/10 12:59:31.262, 0, 511, 0
2026/08/10 12:59:31.266, 1, 1703, 31
2026/08/10 12:59:32.315, 0, 511, 0
2026/08/10 12:59:32.324, 1, 1703, 24
2026/08/10 12:59:33.371, 0, 511, 0
2026/08/10 12:59:33.376, 1, 1703, 33
2026/08/10 12:59:34.422, 0, 511, 0
2026/08/10 12:59:34.426, 1, 1703, 31
2026/08/10 12:59:35.470, 0, 511, 0
2026/08/10 12:59:35.477, 1, 1703, 28
2026/08/10 12:59:36.520, 0, 511, 0
2026/08/10 12:59:36.526, 1, 1703, 0
2026/08/10 12:59:37.577, 0, 511, 0
2026/08/10 12:59:37.586, 1, 1703, 30
2026/08/10 12:59:38.631, 0, 511, 0
2026/08/10 12:59:38.639, 1, 1703, 26
2026/08/10 12:59:39.684, 0, 511, 0
2026/08/10 12:59:39.693, 1, 1703, 27
2026/08/10 12:59:40.739, 0, 511, 0
2026/08/10 12:59:40.747, 1, 1703, 27
2026/08/10 12:59:41.794, 0, 511, 0
2026/08/10 12:59:41.801, 1, 1703, 25
2026/08/10 12:59:42.846, 0, 511, 0
2026/08/10 12:59:42.853, 1, 1703, 28
2026/08/10 12:59:43.899, 0, 511, 0
2026/08/10 12:59:43.906, 1, 1703, 31
2026/08/10 12:59:44.951, 0, 511, 0
2026/08/10 12:59:44.957, 1, 1703, 4
2026/08/10 12:59:46.007, 0, 511, 0
2026/08/10 12:59:46.014, 1, 1703, 25
2026/08/10 12:59:47.064, 0, 511, 0
2026/08/10 12:59:47.072, 1, 1703, 27
2026/08/10 12:59:48.135, 0, 511, 0
2026/08/10 12:59:48.139, 1, 1703, 29
2026/08/10 12:59:49.189, 0, 511, 0
2026/08/10 12:59:49.192, 1, 1703, 29
2026/08/10 12:59:50.241, 0, 511, 0
2026/08/10 12:59:50.244, 1, 1703, 28
2026/08/10 12:59:51.285, 0, 511, 0
2026/08/10 12:59:51.289, 1, 1703, 27
2026/08/10 12:59:52.336, 0, 511, 0
2026/08/10 12:59:52.340, 1, 1703, 2
2026/08/10 12:59:53.387, 0, 511, 0
2026/08/10 12:59:53.391, 1, 1703, 27
2026/08/10 12:59:54.436, 0, 511, 0
2026/08/10 12:59:54.440, 1, 1703, 29
2026/08/10 12:59:55.485, 0, 511, 0
2026/08/10 12:59:55.493, 1, 1703, 27
2026/08/10 12:59:56.540, 0, 511, 0
2026/08/10 12:59:56.543, 1, 1703, 26
2026/08/10 12:59:57.590, 0, 511, 0
2026/08/10 12:59:57.594, 1, 1703, 31
2026/08/10 12:59:58.642, 0, 511, 0
2026/08/10 12:59:58.650, 1, 1703, 25
2026/08/10 12:59:59.704, 0, 511, 0
2026/08/10 12:59:59.707, 1, 1703, 0
2026/08/10 13:00:00.752, 0, 511, 0
2026/08/10 13:00:00.756, 1, 1703, 29
2026/08/10 13:00:01.801, 0, 511, 0
2026/08/10 13:00:01.805, 1, 1703, 19
2026/08/10 13:00:02.851, 0, 511, 0
2026/08/10 13:00:02.855, 1, 1703, 27
2026/08/10 13:00:03.901, 0, 511, 0
2026/08/10 13:00:03.905, 1, 1703, 29
2026/08/10 13:00:04.949, 0, 511, 0
2026/08/10 13:00:04.952, 1, 1703, 29
2026/08/10 13:00:05.995, 0, 511, 0
2026/08/10 13:00:05.999, 1, 1703, 22
2026/08/10 13:00:07.045, 0, 511, 0
2026/08/10 13:00:07.048, 1, 1703, 23
2026/08/10 13:00:08.092, 0, 511, 0
2026/08/10 13:00:08.095, 1, 1703, 25
2026/08/10 13:00:09.141, 0, 511, 0
2026/08/10 13:00:09.145, 1, 1703, 29
2026/08/10 13:00:10.190, 0, 511, 0
2026/08/10 13:00:10.194, 1, 1703, 26
2026/08/10 13:00:11.240, 0, 511, 0
2026/08/10 13:00:11.243, 1, 1703, 29
2026/08/10 13:00:12.286, 0, 511, 0
2026/08/10 13:00:12.289, 1, 1703, 0
2026/08/10 13:00:13.332, 0, 511, 0
2026/08/10 13:00:13.336, 1, 1703, 29
2026/08/10 13:00:14.380, 0, 511, 0
2026/08/10 13:00:14.384, 1, 1703, 24
2026/08/10 13:00:15.428, 0, 511, 0
2026/08/10 13:00:15.431, 1, 1703, 26
2026/08/10 13:00:16.477, 0, 511, 0
2026/08/10 13:00:16.480, 1, 1703, 31
2026/08/10 13:00:17.527, 0, 511, 0
2026/08/10 13:00:17.531, 1, 1703, 27
2026/08/10 13:00:18.574, 0, 511, 0
2026/08/10 13:00:18.577, 1, 1703, 28
2026/08/10 13:00:19.623, 0, 511, 0
2026/08/10 13:00:19.626, 1, 1703, 27
2026/08/10 13:00:20.682, 0, 511, 0
2026/08/10 13:00:20.686, 1, 1703, 26
2026/08/10 13:00:21.731, 0, 511, 0
2026/08/10 13:00:21.735, 1, 1703, 0
2026/08/10 13:00:22.777, 0, 511, 0
2026/08/10 13:00:22.781, 1, 1703, 28
2026/08/10 13:00:23.827, 0, 511, 0
2026/08/10 13:00:23.831, 1, 1703, 33
2026/08/10 13:00:24.875, 0, 511, 0
2026/08/10 13:00:24.879, 1, 1703, 28
2026/08/10 13:00:25.923, 0, 511, 0
2026/08/10 13:00:25.926, 1, 1703, 21
2026/08/10 13:00:26.970, 0, 511, 0
2026/08/10 13:00:26.974, 1, 1703, 30
2026/08/10 13:00:28.017, 0, 511, 0
2026/08/10 13:00:28.021, 1, 1703, 30
2026/08/10 13:00:29.063, 0, 511, 0
2026/08/10 13:00:29.067, 1, 1703, 28
2026/08/10 13:00:30.110, 0, 511, 0
2026/08/10 13:00:30.113, 1, 1703, 25
2026/08/10 13:00:31.160, 0, 511, 0
2026/08/10 13:00:31.163, 1, 1703, 25
2026/08/10 13:00:32.209, 0, 511, 0
2026/08/10 13:00:32.212, 1, 1703, 16
2026/08/10 13:00:33.257, 0, 511, 0
2026/08/10 13:00:33.260, 1, 1703, 26
2026/08/10 13:00:34.304, 0, 511, 0
2026/08/10 13:00:34.308, 1, 1703, 7
2026/08/10 13:00:35.356, 0, 511, 0
2026/08/10 13:00:35.360, 1, 1703, 29
2026/08/10 13:00:36.407, 0, 511, 0
2026/08/10 13:00:36.410, 1, 1703, 34
2026/08/10 13:00:37.457, 0, 511, 0
2026/08/10 13:00:37.460, 1, 1703, 28
2026/08/10 13:00:38.511, 0, 511, 0
2026/08/10 13:00:38.514, 1, 1703, 30
2026/08/10 13:00:39.561, 0, 511, 0
2026/08/10 13:00:39.564, 1, 1703, 24
2026/08/10 13:00:40.612, 0, 511, 0
2026/08/10 13:00:40.615, 1, 1703, 24
2026/08/10 13:00:41.664, 0, 511, 0
2026/08/10 13:00:41.667, 1, 1703, 27
2026/08/10 13:00:42.714, 0, 511, 0
2026/08/10 13:00:42.718, 1, 1703, 24
2026/08/10 13:00:43.766, 0, 511, 0
2026/08/10 13:00:43.769, 1, 1703, 25
2026/08/10 13:00:44.817, 0, 511, 0
2026/08/10 13:00:44.820, 1, 1703, 26
2026/08/10 13:00:45.864, 0, 511, 0
2026/08/10 13:00:45.868, 1, 1703, 24
2026/08/10 13:00:46.911, 0, 511, 0
2026/08/10 13:00:46.919, 1, 1703, 22
2026/08/10 13:00:47.963, 0, 511, 0
2026/08/10 13:00:47.971, 1, 1703, 30
2026/08/10 13:00:49.014, 0, 511, 0
2026/08/10 13:00:49.021, 1, 1703, 26
2026/08/10 13:00:50.064, 0, 511, 0
2026/08/10 13:00:50.071, 1, 1703, 28
2026/08/10 13:00:51.117, 0, 511, 0
2026/08/10 13:00:51.124, 1, 1703, 28
2026/08/10 13:00:52.172, 0, 511, 0
2026/08/10 13:00:52.177, 1, 1703, 26
2026/08/10 13:00:53.228, 0, 511, 0
2026/08/10 13:00:53.237, 1, 1703, 28
2026/08/10 13:00:54.280, 0, 511, 0
2026/08/10 13:00:54.289, 1, 1703, 26
2026/08/10 13:00:55.335, 0, 511, 0
2026/08/10 13:00:55.342, 1, 1703, 28
2026/08/10 13:00:56.388, 0, 511, 0
2026/08/10 13:00:56.393, 1, 1703, 4
2026/08/10 13:00:57.442, 0, 511, 0
2026/08/10 13:00:57.448, 1, 1703, 28
2026/08/10 13:00:58.497, 0, 511, 0
2026/08/10 13:00:58.503, 1, 1703, 0
2026/08/10 13:00:59.549, 0, 511, 0
2026/08/10 13:00:59.557, 1, 1703, 27
2026/08/10 13:01:00.604, 0, 511, 0
2026/08/10 13:01:00.611, 1, 1703, 20
2026/08/10 13:01:01.658, 0, 511, 0
2026/08/10 13:01:01.662, 1, 1703, 26
2026/08/10 13:01:02.712, 0, 511, 0
2026/08/10 13:01:02.718, 1, 1703, 30
2026/08/10 13:01:03.767, 0, 511, 0
2026/08/10 13:01:03.776, 1, 1703, 27
2026/08/10 13:01:04.824, 0, 511, 0
2026/08/10 13:01:04.830, 1, 1703, 28
2026/08/10 13:01:05.877, 0, 511, 0
2026/08/10 13:01:05.883, 1, 1703, 25
2026/08/10 13:01:06.932, 0, 511, 0
2026/08/10 13:01:06.940, 1, 1703, 26
2026/08/10 13:01:07.987, 0, 511, 0
2026/08/10 13:01:07.995, 1, 1703, 29
2026/08/10 13:01:09.058, 0, 511, 0
2026/08/10 13:01:09.062, 1, 1703, 27
2026/08/10 13:01:10.114, 0, 511, 0
2026/08/10 13:01:10.117, 1, 1703, 27
2026/08/10 13:01:11.163, 0, 511, 0
2026/08/10 13:01:11.167, 1, 1703, 31
2026/08/10 13:01:12.213, 0, 511, 0
2026/08/10 13:01:12.216, 1, 1703, 26
2026/08/10 13:01:13.263, 0, 511, 0
2026/08/10 13:01:13.267, 1, 1703, 0
2026/08/10 13:01:14.315, 0, 511, 0
2026/08/10 13:01:14.318, 1, 1703, 30
2026/08/10 13:01:15.364, 0, 511, 0
2026/08/10 13:01:15.367, 1, 1703, 31
2026/08/10 13:01:16.413, 0, 511, 0
2026/08/10 13:01:16.417, 1, 1703, 27
2026/08/10 13:01:17.464, 0, 511, 0
2026/08/10 13:01:17.468, 1, 1703, 28
2026/08/10 13:01:18.514, 0, 511, 0
2026/08/10 13:01:18.517, 1, 1703, 24
2026/08/10 13:01:19.562, 0, 511, 0
2026/08/10 13:01:19.565, 1, 1703, 26
2026/08/10 13:01:20.610, 0, 511, 0
2026/08/10 13:01:20.614, 1, 1703, 26
2026/08/10 13:01:21.656, 0, 511, 0
2026/08/10 13:01:21.659, 1, 1703, 26
2026/08/10 13:01:22.706, 0, 511, 0
2026/08/10 13:01:22.709, 1, 1703, 0
2026/08/10 13:01:23.757, 0, 511, 0
2026/08/10 13:01:23.760, 1, 1703, 28
2026/08/10 13:01:24.808, 0, 511, 0
2026/08/10 13:01:24.811, 1, 1703, 30
2026/08/10 13:01:25.857, 0, 511, 0
2026/08/10 13:01:25.861, 1, 1703, 29
2026/08/10 13:01:26.903, 0, 511, 0
2026/08/10 13:01:26.906, 1, 1703, 25
2026/08/10 13:01:27.951, 0, 511, 0
2026/08/10 13:01:27.954, 1, 1703, 25
2026/08/10 13:01:28.996, 0, 511, 0
2026/08/10 13:01:28.999, 1, 1703, 29
2026/08/10 13:01:30.048, 0, 511, 0
2026/08/10 13:01:30.052, 1, 1703, 27
2026/08/10 13:01:31.093, 0, 511, 0
2026/08/10 13:01:31.101, 1, 1703, 22
2026/08/10 13:01:32.154, 0, 511, 0
2026/08/10 13:01:32.161, 1, 1703, 21
2026/08/10 13:01:33.208, 0, 511, 0
2026/08/10 13:01:33.214, 1, 1703, 21
2026/08/10 13:01:34.264, 0, 511, 0
2026/08/10 13:01:34.272, 1, 1703, 32
2026/08/10 13:01:35.319, 0, 511, 0
2026/08/10 13:01:35.328, 1, 1703, 27
2026/08/10 13:01:36.372, 0, 511, 0
2026/08/10 13:01:36.377, 1, 1703, 28
2026/08/10 13:01:37.426, 0, 511, 0
2026/08/10 13:01:37.432, 1, 1703, 27
2026/08/10 13:01:38.479, 0, 511, 0
2026/08/10 13:01:38.490, 1, 1703, 24
2026/08/10 13:01:39.534, 0, 511, 0
2026/08/10 13:01:39.541, 1, 1703, 26
2026/08/10 13:01:40.588, 0, 511, 0
2026/08/10 13:01:40.595, 1, 1703, 25
2026/08/10 13:01:41.641, 0, 511, 0
2026/08/10 13:01:41.650, 1, 1703, 4
2026/08/10 13:01:42.698, 0, 511, 0
2026/08/10 13:01:42.703, 1, 1703, 25
2026/08/10 13:01:43.753, 0, 511, 0
2026/08/10 13:01:43.762, 1, 1703, 6
2026/08/10 13:01:44.808, 0, 511, 0
2026/08/10 13:01:44.813, 1, 1703, 26
2026/08/10 13:01:45.863, 0, 511, 0
2026/08/10 13:01:45.873, 1, 1703, 28
2026/08/10 13:01:46.918, 0, 511, 0
2026/08/10 13:01:46.926, 1, 1703, 28
2026/08/10 13:01:47.969, 0, 511, 0
2026/08/10 13:01:47.975, 1, 1703, 26
2026/08/10 13:01:49.023, 0, 511, 0
2026/08/10 13:01:49.035, 1, 1703, 27
2026/08/10 13:01:50.080, 0, 511, 0
2026/08/10 13:01:50.086, 1, 1703, 28
2026/08/10 13:01:51.136, 0, 511, 0
2026/08/10 13:01:51.140, 1, 1703, 30
2026/08/10 13:01:52.191, 0, 511, 0
2026/08/10 13:01:52.196, 1, 1703, 29
2026/08/10 13:01:53.244, 0, 511, 0
2026/08/10 13:01:53.249, 1, 1703, 29
2026/08/10 13:01:54.301, 0, 511, 0
2026/08/10 13:01:54.311, 1, 1703, 10
2026/08/10 13:01:55.360, 0, 511, 0
2026/08/10 13:01:55.370, 1, 1703, 30
2026/08/10 13:01:56.415, 0, 511, 0
2026/08/10 13:01:56.421, 1, 1703, 0
2026/08/10 13:01:57.467, 0, 511, 0
2026/08/10 13:01:57.475, 1, 1703, 29
2026/08/10 13:01:58.518, 0, 511, 0
2026/08/10 13:01:58.529, 1, 1703, 29
2026/08/10 13:01:59.573, 0, 511, 0
2026/08/10 13:01:59.581, 1, 1703, 26
2026/08/10 13:02:00.627, 0, 511, 0
2026/08/10 13:02:00.635, 1, 1703, 31
2026/08/10 13:02:01.682, 0, 511, 0
2026/08/10 13:02:01.686, 1, 1703, 26
2026/08/10 13:02:02.733, 0, 511, 0
2026/08/10 13:02:02.737, 1, 1703, 26
2026/08/10 13:02:03.781, 0, 511, 0
2026/08/10 13:02:03.788, 1, 1703, 30
2026/08/10 13:02:04.830, 0, 511, 0
2026/08/10 13:02:04.839, 1, 1703, 26
2026/08/10 13:02:05.887, 0, 511, 0
2026/08/10 13:02:05.896, 1, 1703, 21
2026/08/10 13:02:06.942, 0, 511, 0
2026/08/10 13:02:06.945, 1, 1703, 22
2026/08/10 13:02:07.993, 0, 511, 0
2026/08/10 13:02:07.997, 1, 1703, 20
2026/08/10 13:02:09.037, 0, 511, 0
2026/08/10 13:02:09.043, 1, 1703, 22
2026/08/10 13:02:10.091, 0, 511, 0
2026/08/10 13:02:10.097, 1, 1703, 26
2026/08/10 13:02:11.145, 0, 511, 0
2026/08/10 13:02:11.152, 1, 1703, 24
2026/08/10 13:02:12.199, 0, 511, 0
2026/08/10 13:02:12.208, 1, 1703, 24
2026/08/10 13:02:13.255, 0, 1925, 12
2026/08/10 13:02:13.259, 1, 3181, 18
2026/08/10 13:02:14.312, 0, 2789, 100
2026/08/10 13:02:14.316, 1, 4205, 80
2026/08/10 13:02:15.388, 0, 1701, 12
2026/08/10 13:02:15.390, 1, 2895, 81
2026/08/10 13:02:16.455, 0, 2629, 100
2026/08/10 13:02:16.457, 1, 3919, 60
2026/08/10 13:02:17.508, 0, 2405, 99
2026/08/10 13:02:17.511, 1, 3759, 91
2026/08/10 13:02:18.563, 0, 2533, 100
2026/08/10 13:02:18.566, 1, 3887, 59
2026/08/10 13:02:19.621, 0, 2501, 87
2026/08/10 13:02:19.624, 1, 3887, 89
2026/08/10 13:02:20.687, 0, 2533, 24
2026/08/10 13:02:20.691, 1, 3887, 100
2026/08/10 13:02:21.733, 0, 2565, 95
2026/08/10 13:02:21.736, 1, 3887, 98
2026/08/10 13:02:22.771, 0, 2501, 63
2026/08/10 13:02:22.773, 1, 4079, 70
2026/08/10 13:02:23.814, 0, 2469, 0
2026/08/10 13:02:23.816, 1, 3823, 77
2026/08/10 13:02:24.859, 0, 2469, 0
2026/08/10 13:02:24.866, 1, 3823, 12
2026/08/10 13:02:25.918, 0, 2469, 98
2026/08/10 13:02:25.920, 1, 4111, 99
2026/08/10 13:02:26.962, 0, 2469, 31
2026/08/10 13:02:26.964, 1, 3823, 66
2026/08/10 13:02:28.014, 0, 2469, 19
2026/08/10 13:02:28.017, 1, 3983, 51
2026/08/10 13:02:29.058, 0, 2469, 57
2026/08/10 13:02:29.060, 1, 3759, 57
2026/08/10 13:02:30.099, 0, 2757, 81
2026/08/10 13:02:30.101, 1, 3823, 100
2026/08/10 13:02:31.149, 0, 3109, 75
2026/08/10 13:02:31.152, 1, 4015, 10
2026/08/10 13:02:32.193, 0, 3973, 91
2026/08/10 13:02:32.196, 1, 4815, 72
2026/08/10 13:02:33.236, 0, 3269, 95
2026/08/10 13:02:33.239, 1, 4719, 73
2026/08/10 13:02:34.282, 0, 2629, 11
2026/08/10 13:02:34.285, 1, 3567, 94
2026/08/10 13:02:35.332, 0, 3077, 100
2026/08/10 13:02:35.335, 1, 4591, 100
2026/08/10 13:02:36.377, 0, 2661, 74
2026/08/10 13:02:36.379, 1, 4751, 63
2026/08/10 13:02:37.417, 0, 3173, 100
2026/08/10 13:02:37.419, 1, 4175, 100
2026/08/10 13:02:38.473, 0, 3301, 95
2026/08/10 13:02:38.477, 1, 3951, 85
2026/08/10 13:02:39.523, 0, 3397, 96
2026/08/10 13:02:39.526, 1, 3663, 100
2026/08/10 13:02:40.568, 0, 2725, 77
2026/08/10 13:02:40.571, 1, 3791, 97
2026/08/10 13:02:41.615, 0, 2853, 100
2026/08/10 13:02:41.617, 1, 3951, 5
2026/08/10 13:02:42.688, 0, 2821, 65
2026/08/10 13:02:42.691, 1, 4943, 82
2026/08/10 13:02:43.748, 0, 3525, 96
2026/08/10 13:02:43.755, 1, 6319, 81
2026/08/10 13:02:44.817, 0, 3045, 100
2026/08/10 13:02:44.820, 1, 4911, 83
2026/08/10 13:02:45.880, 0, 4293, 54
2026/08/10 13:02:45.889, 1, 4655, 4
2026/08/10 13:02:46.950, 0, 4133, 88
2026/08/10 13:02:46.952, 1, 4527, 100
2026/08/10 13:02:48.016, 0, 4933, 98
2026/08/10 13:02:48.020, 1, 5007, 43
2026/08/10 13:02:49.063, 0, 3365, 91
2026/08/10 13:02:49.066, 1, 4367, 90
2026/08/10 13:02:50.118, 0, 3109, 99
2026/08/10 13:02:50.121, 1, 4175, 38
2026/08/10 13:02:51.163, 0, 3973, 100
2026/08/10 13:02:51.166, 1, 5455, 88
2026/08/10 13:02:52.230, 0, 4997, 100
2026/08/10 13:02:52.237, 1, 6735, 100
2026/08/10 13:02:53.295, 0, 2981, 42
2026/08/10 13:02:53.298, 1, 4271, 45
2026/08/10 13:02:54.344, 0, 2757, 100
2026/08/10 13:02:54.347, 1, 4527, 65
2026/08/10 13:02:55.391, 0, 3749, 60
2026/08/10 13:02:55.393, 1, 5455, 64
2026/08/10 13:02:56.435, 0, 2949, 100
2026/08/10 13:02:56.438, 1, 6159, 72
2026/08/10 13:02:57.482, 0, 4581, 19
2026/08/10 13:02:57.485, 1, 5231, 94
2026/08/10 13:02:58.529, 0, 3365, 85
2026/08/10 13:02:58.532, 1, 5967, 72
2026/08/10 13:02:59.578, 0, 5093, 10
2026/08/10 13:02:59.581, 1, 6479, 96
2026/08/10 13:03:00.648, 0, 5989, 94
2026/08/10 13:03:00.655, 1, 5711, 32
2026/08/10 13:03:01.718, 0, 3749, 91
2026/08/10 13:03:01.722, 1, 4111, 78
2026/08/10 13:03:02.784, 0, 3429, 100
2026/08/10 13:03:02.789, 1, 4751, 93
2026/08/10 13:03:03.870, 0, 4485, 48
2026/08/10 13:03:03.873, 1, 5455, 62
2026/08/10 13:03:04.945, 0, 3141, 64
2026/08/10 13:03:04.949, 1, 4015, 65
2026/08/10 13:03:05.995, 0, 6565, 54
2026/08/10 13:03:05.997, 1, 7087, 95
2026/08/10 13:03:07.085, 0, 4901, 73
2026/08/10 13:03:07.091, 1, 5871, 90
2026/08/10 13:03:08.158, 0, 6117, 99
2026/08/10 13:03:08.161, 1, 7247, 100
2026/08/10 13:03:09.209, 0, 4773, 100
2026/08/10 13:03:09.212, 1, 4751, 76
2026/08/10 13:03:10.271, 0, 5573, 87
2026/08/10 13:03:10.275, 1, 7215, 82
2026/08/10 13:03:11.331, 0, 3621, 100
2026/08/10 13:03:11.333, 1, 5135, 65
2026/08/10 13:03:12.383, 0, 7045, 87
2026/08/10 13:03:12.386, 1, 6351, 96
2026/08/10 13:03:13.433, 0, 5701, 92
2026/08/10 13:03:13.436, 1, 7375, 31
2026/08/10 13:03:14.501, 0, 4901, 65
2026/08/10 13:03:14.512, 1, 6223, 78
2026/08/10 13:03:15.588, 0, 3013, 52
2026/08/10 13:03:15.593, 1, 4591, 100
2026/08/10 13:03:16.665, 0, 6853, 97
2026/08/10 13:03:16.673, 1, 5039, 84
2026/08/10 13:03:17.757, 0, 8485, 100
2026/08/10 13:03:17.761, 1, 5327, 87
2026/08/10 13:03:18.808, 0, 8645, 100
2026/08/10 13:03:18.812, 1, 8527, 96
2026/08/10 13:03:19.858, 0, 5221, 100
2026/08/10 13:03:19.861, 1, 5775, 100
2026/08/10 13:03:20.909, 0, 7397, 98
2026/08/10 13:03:20.912, 1, 5327, 99
2026/08/10 13:03:21.965, 0, 5733, 91
2026/08/10 13:03:21.969, 1, 4719, 92
2026/08/10 13:03:23.025, 0, 3909, 93
2026/08/10 13:03:23.028, 1, 7151, 75
2026/08/10 13:03:24.098, 0, 8165, 46
2026/08/10 13:03:24.102, 1, 9231, 84
2026/08/10 13:03:25.176, 0, 3397, 93
2026/08/10 13:03:25.182, 1, 5519, 65
2026/08/10 13:03:26.249, 0, 7045, 74
2026/08/10 13:03:26.252, 1, 8783, 89
2026/08/10 13:03:27.317, 0, 3973, 83
2026/08/10 13:03:27.319, 1, 7663, 91
2026/08/10 13:03:28.384, 0, 6725, 100
2026/08/10 13:03:28.391, 1, 9007, 100
2026/08/10 13:03:29.486, 0, 2917, 93
2026/08/10 13:03:29.496, 1, 5967, 99
2026/08/10 13:03:30.588, 0, 4837, 81
2026/08/10 13:03:30.592, 1, 6799, 51
2026/08/10 13:03:31.650, 0, 9253, 100
2026/08/10 13:03:31.652, 1, 10031, 44
2026/08/10 13:03:32.714, 0, 7909, 48
2026/08/10 13:03:32.718, 1, 6639, 100
2026/08/10 13:03:33.831, 0, 3205, 81
2026/08/10 13:03:33.837, 1, 6383, 98
2026/08/10 13:03:34.903, 0, 3909, 100
2026/08/10 13:03:34.907, 1, 5967, 100
2026/08/10 13:03:35.957, 0, 7589, 100
2026/08/10 13:03:35.960, 1, 8111, 100
2026/08/10 13:03:37.045, 0, 3749, 91
2026/08/10 13:03:37.051, 1, 5231, 75
2026/08/10 13:03:38.159, 0, 6213, 78
2026/08/10 13:03:38.169, 1, 5327, 100
2026/08/10 13:03:39.240, 0, 5573, 85
2026/08/10 13:03:39.244, 1, 5679, 85
2026/08/10 13:03:40.338, 0, 3493, 30
2026/08/10 13:03:40.344, 1, 5007, 86
2026/08/10 13:03:41.448, 0, 4133, 54
2026/08/10 13:03:41.452, 1, 4975, 80
2026/08/10 13:03:42.515, 0, 6725, 81
2026/08/10 13:03:42.518, 1, 6319, 75
2026/08/10 13:03:43.613, 0, 3813, 93
2026/08/10 13:03:43.619, 1, 4559, 58
2026/08/10 13:03:44.709, 0, 3301, 100
2026/08/10 13:03:44.717, 1, 5391, 93
2026/08/10 13:03:45.786, 0, 6053, 83
2026/08/10 13:03:45.789, 1, 5743, 86
2026/08/10 13:03:46.860, 0, 7205, 87
2026/08/10 13:03:46.868, 1, 7375, 100
2026/08/10 13:03:47.949, 0, 3045, 84
2026/08/10 13:03:47.955, 1, 5903, 91
2026/08/10 13:03:49.063, 0, 4421, 93
2026/08/10 13:03:49.067, 1, 8655, 100
2026/08/10 13:03:50.164, 0, 4901, 92
2026/08/10 13:03:50.171, 1, 6031, 79
2026/08/10 13:03:51.238, 0, 3173, 43
2026/08/10 13:03:51.240, 1, 5007, 92
2026/08/10 13:03:52.303, 0, 4549, 87
2026/08/10 13:03:52.307, 1, 7727, 100
2026/08/10 13:03:53.386, 0, 3557, 87
2026/08/10 13:03:53.395, 1, 6671, 88
2026/08/10 13:03:54.470, 0, 3429, 77
2026/08/10 13:03:54.473, 1, 6479, 76
2026/08/10 13:03:55.524, 0, 7781, 60
2026/08/10 13:03:55.527, 1, 9647, 91
2026/08/10 13:03:56.582, 0, 4453, 92
2026/08/10 13:03:56.585, 1, 4239, 92
2026/08/10 13:03:57.673, 0, 3845, 64
2026/08/10 13:03:57.676, 1, 6287, 47
2026/08/10 13:03:58.757, 0, 3973, 93
2026/08/10 13:03:58.767, 1, 4271, 81
2026/08/10 13:03:59.846, 0, 7205, 85
2026/08/10 13:03:59.857, 1, 8367, 100
2026/08/10 13:04:00.948, 0, 6917, 42
2026/08/10 13:04:00.955, 1, 5071, 85
2026/08/10 13:04:02.047, 0, 4581, 98
2026/08/10 13:04:02.051, 1, 6671, 43
2026/08/10 13:04:03.111, 0, 7301, 100
2026/08/10 13:04:03.115, 1, 7919, 99
2026/08/10 13:04:04.208, 0, 3749, 100
2026/08/10 13:04:04.214, 1, 4687, 57
2026/08/10 13:04:05.306, 0, 4645, 94
2026/08/10 13:04:05.315, 1, 6191, 51
2026/08/10 13:04:06.392, 0, 2981, 3
2026/08/10 13:04:06.397, 1, 4271, 77
2026/08/10 13:04:07.510, 0, 3397, 74
2026/08/10 13:04:07.514, 1, 6095, 52
2026/08/10 13:04:08.610, 0, 3205, 67
2026/08/10 13:04:08.616, 1, 4047, 89
2026/08/10 13:04:09.711, 0, 4741, 59
2026/08/10 13:04:09.719, 1, 5487, 73
2026/08/10 13:04:10.783, 0, 3269, 91
2026/08/10 13:04:10.786, 1, 4399, 72
2026/08/10 13:04:11.855, 0, 5445, 97
2026/08/10 13:04:11.860, 1, 4175, 39
2026/08/10 13:04:12.961, 0, 7301, 100
2026/08/10 13:04:12.965, 1, 7407, 93
2026/08/10 13:04:14.035, 0, 4805, 89
2026/08/10 13:04:14.040, 1, 6799, 100
2026/08/10 13:04:15.116, 0, 5029, 78
2026/08/10 13:04:15.119, 1, 6255, 44
2026/08/10 13:04:16.208, 0, 3973, 84
2026/08/10 13:04:16.215, 1, 4495, 68
2026/08/10 13:04:17.287, 0, 5669, 100
2026/08/10 13:04:17.290, 1, 6639, 94
2026/08/10 13:04:18.347, 0, 5253, 100
2026/08/10 13:04:18.352, 1, 4143, 88
2026/08/10 13:04:19.417, 0, 4197, 86
2026/08/10 13:04:19.420, 1, 4719, 79
2026/08/10 13:04:20.473, 0, 7781, 100
2026/08/10 13:04:20.476, 1, 9807, 73
2026/08/10 13:04:21.525, 0, 3621, 61
2026/08/10 13:04:21.528, 1, 4815, 78
2026/08/10 13:04:22.584, 0, 3557, 51
2026/08/10 13:04:22.587, 1, 4943, 94
2026/08/10 13:04:23.667, 0, 6949, 90
2026/08/10 13:04:23.670, 1, 6287, 73
2026/08/10 13:04:24.747, 0, 8645, 74
2026/08/10 13:04:24.754, 1, 6351, 91
2026/08/10 13:04:25.839, 0, 5861, 81
2026/08/10 13:04:25.847, 1, 6639, 63
2026/08/10 13:04:26.932, 0, 10149, 79
2026/08/10 13:04:26.939, 1, 9423, 32
2026/08/10 13:04:28.005, 0, 4997, 69
2026/08/10 13:04:28.009, 1, 4943, 100
2026/08/10 13:04:29.084, 0, 3813, 25
2026/08/10 13:04:29.092, 1, 4655, 100
2026/08/10 13:04:30.200, 0, 10821, 69
2026/08/10 13:04:30.211, 1, 10575, 100
2026/08/10 13:04:31.281, 0, 3749, 100
2026/08/10 13:04:31.284, 1, 4975, 92
2026/08/10 13:04:32.333, 0, 5445, 54
2026/08/10 13:04:32.336, 1, 6671, 100
2026/08/10 13:04:33.390, 0, 3237, 38
2026/08/10 13:04:33.399, 1, 4399, 80
2026/08/10 13:04:34.487, 0, 7109, 84
2026/08/10 13:04:34.494, 1, 9391, 95
2026/08/10 13:04:35.565, 0, 8037, 100
2026/08/10 13:04:35.568, 1, 7343, 96
2026/08/10 13:04:36.651, 0, 5893, 52
2026/08/10 13:04:36.666, 1, 5007, 96
2026/08/10 13:04:37.770, 0, 12357, 100
2026/08/10 13:04:37.778, 1, 9615, 96
2026/08/10 13:04:38.879, 0, 5733, 92
2026/08/10 13:04:38.883, 1, 9167, 70
2026/08/10 13:04:39.977, 0, 5253, 88
2026/08/10 13:04:39.983, 1, 5871, 100
2026/08/10 13:04:41.036, 0, 6565, 89
2026/08/10 13:04:41.040, 1, 6735, 100
2026/08/10 13:04:42.139, 0, 4133, 78
2026/08/10 13:04:42.145, 1, 6063, 87
2026/08/10 13:04:43.225, 0, 5349, 100
2026/08/10 13:04:43.228, 1, 4751, 42
2026/08/10 13:04:44.279, 0, 8965, 95
2026/08/10 13:04:44.283, 1, 8399, 95
2026/08/10 13:04:45.359, 0, 4901, 100
2026/08/10 13:04:45.363, 1, 6223, 94
2026/08/10 13:04:46.429, 0, 4709, 85
2026/08/10 13:04:46.432, 1, 7727, 59
2026/08/10 13:04:47.521, 0, 3781, 83
2026/08/10 13:04:47.524, 1, 7439, 83
2026/08/10 13:04:48.596, 0, 8773, 69
2026/08/10 13:04:48.600, 1, 6223, 100
2026/08/10 13:04:49.682, 0, 6917, 95
2026/08/10 13:04:49.693, 1, 4623, 81
2026/08/10 13:04:50.780, 0, 7493, 88
2026/08/10 13:04:50.784, 1, 8207, 76
2026/08/10 13:04:51.833, 0, 3141, 75
2026/08/10 13:04:51.842, 1, 5871, 96
2026/08/10 13:04:52.906, 0, 8645, 91
2026/08/10 13:04:52.908, 1, 3951, 89
2026/08/10 13:04:53.970, 0, 8325, 71
2026/08/10 13:04:53.974, 1, 5135, 3
2026/08/10 13:04:55.045, 0, 8261, 96
2026/08/10 13:04:55.053, 1, 7087, 13
2026/08/10 13:04:56.119, 0, 12901, 100
2026/08/10 13:04:56.123, 1, 7279, 81
2026/08/10 13:04:57.187, 0, 8261, 96
2026/08/10 13:04:57.191, 1, 8591, 100
2026/08/10 13:04:58.275, 0, 3589, 94
2026/08/10 13:04:58.281, 1, 7183, 93
2026/08/10 13:04:59.386, 0, 5413, 99
2026/08/10 13:04:59.389, 1, 5039, 96
2026/08/10 13:05:00.462, 0, 9637, 100
2026/08/10 13:05:00.466, 1, 7727, 67
2026/08/10 13:05:01.551, 0, 7525, 81
2026/08/10 13:05:01.559, 1, 5103, 96
2026/08/10 13:05:02.618, 0, 7269, 99
2026/08/10 13:05:02.622, 1, 5199, 100
2026/08/10 13:05:03.717, 0, 4901, 68
2026/08/10 13:05:03.724, 1, 7407, 100
2026/08/10 13:05:04.799, 0, 7141, 49
2026/08/10 13:05:04.802, 1, 9231, 100
2026/08/10 13:05:05.856, 0, 4453, 62
2026/08/10 13:05:05.860, 1, 6031, 97
2026/08/10 13:05:06.931, 0, 4965, 100
2026/08/10 13:05:06.939, 1, 4591, 94
2026/08/10 13:05:08.008, 0, 6917, 76
2026/08/10 13:05:08.021, 1, 4687, 63
2026/08/10 13:05:09.115, 0, 4869, 100
2026/08/10 13:05:09.118, 1, 4655, 55
2026/08/10 13:05:10.188, 0, 5093, 98
2026/08/10 13:05:10.192, 1, 6223, 11
2026/08/10 13:05:11.249, 0, 5093, 57
2026/08/10 13:05:11.253, 1, 5423, 100
2026/08/10 13:05:12.317, 0, 8069, 100
2026/08/10 13:05:12.324, 1, 6543, 67
2026/08/10 13:05:13.413, 0, 6597, 87
2026/08/10 13:05:13.420, 1, 8175, 100
2026/08/10 13:05:14.497, 0, 5605, 100
2026/08/10 13:05:14.501, 1, 6639, 91
2026/08/10 13:05:15.570, 0, 4357, 49
2026/08/10 13:05:15.574, 1, 5935, 79
2026/08/10 13:05:16.621, 0, 6629, 77
2026/08/10 13:05:16.624, 1, 8911, 28
2026/08/10 13:05:17.670, 0, 4325, 74
2026/08/10 13:05:17.673, 1, 4911, 61
2026/08/10 13:05:18.726, 0, 4645, 60
2026/08/10 13:05:18.729, 1, 8239, 71
2026/08/10 13:05:19.776, 0, 6533, 59
2026/08/10 13:05:19.780, 1, 6127, 7
2026/08/10 13:05:20.836, 0, 3781, 87
2026/08/10 13:05:20.840, 1, 4591, 100
2026/08/10 13:05:21.893, 0, 8037, 98
2026/08/10 13:05:21.895, 1, 7343, 74
2026/08/10 13:05:22.946, 0, 6149, 7
2026/08/10 13:05:22.948, 1, 6767, 100
2026/08/10 13:05:24.034, 0, 3941, 95
2026/08/10 13:05:24.042, 1, 4847, 87
2026/08/10 13:05:25.108, 0, 5029, 99
2026/08/10 13:05:25.115, 1, 5167, 97
2026/08/10 13:05:26.181, 0, 5061, 97
2026/08/10 13:05:26.185, 1, 6191, 81
2026/08/10 13:05:27.236, 0, 4037, 65
2026/08/10 13:05:27.240, 1, 7247, 80
2026/08/10 13:05:28.347, 0, 3941, 99
2026/08/10 13:05:28.352, 1, 9231, 94
2026/08/10 13:05:29.411, 0, 6853, 98
2026/08/10 13:05:29.414, 1, 9359, 100
2026/08/10 13:05:30.459, 0, 3717, 69
2026/08/10 13:05:30.463, 1, 5071, 11
2026/08/10 13:05:31.546, 0, 3397, 12
2026/08/10 13:05:31.556, 1, 4623, 82
2026/08/10 13:05:32.629, 0, 3109, 94
2026/08/10 13:05:32.632, 1, 4335, 100
2026/08/10 13:05:33.710, 0, 5765, 40
2026/08/10 13:05:33.718, 1, 6383, 100
2026/08/10 13:05:34.794, 0, 3269, 49
2026/08/10 13:05:34.797, 1, 6127, 80
2026/08/10 13:05:35.856, 0, 3685, 99
2026/08/10 13:05:35.859, 1, 4719, 96
2026/08/10 13:05:36.918, 0, 3429, 100
2026/08/10 13:05:36.922, 1, 7215, 99
2026/08/10 13:05:37.993, 0, 5285, 93
2026/08/10 13:05:37.997, 1, 5743, 45
2026/08/10 13:05:39.052, 0, 4261, 95
2026/08/10 13:05:39.055, 1, 8335, 97
2026/08/10 13:05:40.105, 0, 4197, 100
2026/08/10 13:05:40.109, 1, 5391, 88
2026/08/10 13:05:41.156, 0, 5797, 98
2026/08/10 13:05:41.159, 1, 7151, 98
2026/08/10 13:05:42.201, 0, 10245, 98
2026/08/10 13:05:42.204, 1, 9551, 95
2026/08/10 13:05:43.270, 0, 5061, 87
2026/08/10 13:05:43.279, 1, 4303, 14
2026/08/10 13:05:44.340, 0, 5093, 87
2026/08/10 13:05:44.345, 1, 4527, 100
2026/08/10 13:05:45.407, 0, 9189, 99
2026/08/10 13:05:45.417, 1, 7695, 88
2026/08/10 13:05:46.493, 0, 5445, 96
2026/08/10 13:05:46.497, 1, 6351, 97
2026/08/10 13:05:47.568, 0, 3589, 86
2026/08/10 13:05:47.572, 1, 5295, 80
2026/08/10 13:05:48.618, 0, 5349, 96
2026/08/10 13:05:48.621, 1, 4463, 100
2026/08/10 13:05:49.669, 0, 4357, 0
2026/08/10 13:05:49.672, 1, 4655, 95
2026/08/10 13:05:50.727, 0, 4421, 93
2026/08/10 13:05:50.732, 1, 4591, 100
2026/08/10 13:05:51.815, 0, 3045, 85
2026/08/10 13:05:51.825, 1, 4847, 98
2026/08/10 13:05:52.884, 0, 6533, 91
2026/08/10 13:05:52.886, 1, 10703, 51
2026/08/10 13:05:53.937, 0, 6181, 22
2026/08/10 13:05:53.942, 1, 6607, 100
2026/08/10 13:05:54.991, 0, 5957, 96
2026/08/10 13:05:54.994, 1, 5839, 100
2026/08/10 13:05:56.066, 0, 3045, 72
2026/08/10 13:05:56.069, 1, 4975, 65
2026/08/10 13:05:57.171, 0, 5573, 97
2026/08/10 13:05:57.180, 1, 6287, 6
2026/08/10 13:05:58.239, 0, 6917, 99
2026/08/10 13:05:58.242, 1, 7791, 73
2026/08/10 13:05:59.315, 0, 5509, 100
2026/08/10 13:05:59.323, 1, 5775, 86
2026/08/10 13:06:00.384, 0, 5445, 36
2026/08/10 13:06:00.387, 1, 6447, 39
2026/08/10 13:06:01.468, 0, 5573, 25
2026/08/10 13:06:01.472, 1, 6735, 39
2026/08/10 13:06:02.544, 0, 5605, 100
2026/08/10 13:06:02.547, 1, 6191, 87
2026/08/10 13:06:03.638, 0, 3973, 90
2026/08/10 13:06:03.641, 1, 6383, 98
2026/08/10 13:06:04.744, 0, 3589, 100
2026/08/10 13:06:04.752, 1, 4111, 96
2026/08/10 13:06:05.815, 0, 3749, 96
2026/08/10 13:06:05.818, 1, 6959, 100
2026/08/10 13:06:06.881, 0, 3781, 69
2026/08/10 13:06:06.884, 1, 5487, 60
2026/08/10 13:06:07.960, 0, 5509, 100
2026/08/10 13:06:07.968, 1, 6351, 33
2026/08/10 13:06:09.037, 0, 3269, 100
2026/08/10 13:06:09.039, 1, 6479, 44
2026/08/10 13:06:10.086, 0, 5221, 94
2026/08/10 13:06:10.089, 1, 6607, 93
2026/08/10 13:06:11.180, 0, 5509, 100
2026/08/10 13:06:11.184, 1, 6191, 97
2026/08/10 13:06:12.240, 0, 5637, 100
2026/08/10 13:06:12.243, 1, 5711, 83
2026/08/10 13:06:13.330, 0, 6373, 100
2026/08/10 13:06:13.333, 1, 5903, 96
2026/08/10 13:06:14.389, 0, 4613, 94
2026/08/10 13:06:14.392, 1, 7279, 78
2026/08/10 13:06:15.436, 0, 3589, 98
2026/08/10 13:06:15.439, 1, 5263, 92
2026/08/10 13:06:16.499, 0, 5509, 100
2026/08/10 13:06:16.509, 1, 7695, 69
2026/08/10 13:06:17.578, 0, 4005, 97
2026/08/10 13:06:17.581, 1, 4271, 89
2026/08/10 13:06:18.629, 0, 6309, 73
2026/08/10 13:06:18.631, 1, 8847, 86
2026/08/10 13:06:19.687, 0, 5157, 43
2026/08/10 13:06:19.699, 1, 8623, 50
2026/08/10 13:06:20.771, 0, 3461, 100
2026/08/10 13:06:20.773, 1, 4847, 97
2026/08/10 13:06:21.831, 0, 3109, 96
2026/08/10 13:06:21.834, 1, 5135, 2
2026/08/10 13:06:22.881, 0, 6309, 100
2026/08/10 13:06:22.883, 1, 7855, 100
2026/08/10 13:06:23.934, 0, 3397, 81
2026/08/10 13:06:23.937, 1, 5167, 93
2026/08/10 13:06:24.988, 0, 3173, 97
2026/08/10 13:06:24.991, 1, 4399, 89
2026/08/10 13:06:26.071, 0, 4933, 0
2026/08/10 13:06:26.074, 1, 7663, 89
2026/08/10 13:06:27.139, 0, 4325, 95
2026/08/10 13:06:27.142, 1, 7055, 100
2026/08/10 13:06:28.215, 0, 3557, 76
2026/08/10 13:06:28.223, 1, 5295, 94
2026/08/10 13:06:29.290, 0, 2757, 56
2026/08/10 13:06:29.292, 1, 5071, 95
2026/08/10 13:06:30.347, 0, 5349, 100
2026/08/10 13:06:30.350, 1, 6255, 58
2026/08/10 13:06:31.436, 0, 5477, 88
2026/08/10 13:06:31.443, 1, 7471, 61
2026/08/10 13:06:32.531, 0, 5221, 100
2026/08/10 13:06:32.536, 1, 4751, 100
2026/08/10 13:06:33.591, 0, 3813, 10
2026/08/10 13:06:33.595, 1, 5967, 89
2026/08/10 13:06:34.665, 0, 5061, 0
2026/08/10 13:06:34.677, 1, 4687, 96
2026/08/10 13:06:35.757, 0, 3269, 100
2026/08/10 13:06:35.761, 1, 5071, 50
2026/08/10 13:06:36.818, 0, 3237, 96
2026/08/10 13:06:36.823, 1, 4655, 97
2026/08/10 13:06:37.892, 0, 7685, 99
2026/08/10 13:06:37.895, 1, 6767, 96
2026/08/10 13:06:38.957, 0, 4997, 73
2026/08/10 13:06:38.960, 1, 7215, 86
2026/08/10 13:06:40.007, 0, 5829, 100
2026/08/10 13:06:40.011, 1, 6895, 100
2026/08/10 13:06:41.105, 0, 7397, 56
2026/08/10 13:06:41.113, 1, 5295, 100
2026/08/10 13:06:42.227, 0, 4965, 60
2026/08/10 13:06:42.230, 1, 5327, 51
2026/08/10 13:06:43.278, 0, 5317, 82
2026/08/10 13:06:43.281, 1, 7023, 82
2026/08/10 13:06:44.325, 0, 3973, 25
2026/08/10 13:06:44.328, 1, 5935, 92
2026/08/10 13:06:45.372, 0, 4741, 74
2026/08/10 13:06:45.375, 1, 9455, 100
2026/08/10 13:06:46.425, 0, 6885, 60
2026/08/10 13:06:46.428, 1, 5391, 87
2026/08/10 13:06:47.513, 0, 5189, 69
2026/08/10 13:06:47.516, 1, 6639, 75
2026/08/10 13:06:48.593, 0, 3749, 96
2026/08/10 13:06:48.597, 1, 5135, 91
2026/08/10 13:06:49.644, 0, 5637, 55
2026/08/10 13:06:49.648, 1, 8143, 46
2026/08/10 13:06:50.702, 0, 5317, 93
2026/08/10 13:06:50.706, 1, 5455, 45
2026/08/10 13:06:51.757, 0, 6693, 100
2026/08/10 13:06:51.760, 1, 5231, 100
2026/08/10 13:06:52.830, 0, 4133, 92
2026/08/10 13:06:52.833, 1, 6383, 100
2026/08/10 13:06:53.902, 0, 5157, 100
2026/08/10 13:06:53.904, 1, 8847, 100
2026/08/10 13:06:54.948, 0, 5157, 19
2026/08/10 13:06:54.951, 1, 6735, 95
2026/08/10 13:06:56.007, 0, 3173, 97
2026/08/10 13:06:56.013, 1, 4591, 84
2026/08/10 13:06:57.115, 0, 4965, 0
2026/08/10 13:06:57.126, 1, 6831, 100
2026/08/10 13:06:58.230, 0, 2981, 9
2026/08/10 13:06:58.233, 1, 4239, 29
2026/08/10 13:06:59.303, 0, 4517, 100
2026/08/10 13:06:59.306, 1, 6095, 62
2026/08/10 13:07:00.380, 0, 3141, 100
2026/08/10 13:07:00.383, 1, 4239, 94
2026/08/10 13:07:01.477, 0, 5061, 82
2026/08/10 13:07:01.485, 1, 5647, 100
2026/08/10 13:07:02.565, 0, 3237, 97
2026/08/10 13:07:02.569, 1, 4335, 72
2026/08/10 13:07:03.636, 0, 5445, 96
2026/08/10 13:07:03.639, 1, 7503, 99
2026/08/10 13:07:04.685, 0, 3685, 50
2026/08/10 13:07:04.688, 1, 5775, 92
2026/08/10 13:07:05.784, 0, 4133, 88
2026/08/10 13:07:05.793, 1, 4847, 23
2026/08/10 13:07:06.859, 0, 3141, 57
2026/08/10 13:07:06.863, 1, 4559, 95
2026/08/10 13:07:07.912, 0, 3557, 91
2026/08/10 13:07:07.915, 1, 5359, 100
2026/08/10 13:07:08.966, 0, 3333, 39
2026/08/10 13:07:08.969, 1, 4815, 100
2026/08/10 13:07:10.042, 0, 3141, 100
2026/08/10 13:07:10.046, 1, 4623, 98
2026/08/10 13:07:11.123, 0, 2437, 21
2026/08/10 13:07:11.126, 1, 6287, 13
2026/08/10 13:07:12.197, 0, 5797, 100
2026/08/10 13:07:12.200, 1, 5647, 69
2026/08/10 13:07:13.247, 0, 3717, 93
2026/08/10 13:07:13.250, 1, 6703, 19
2026/08/10 13:07:14.345, 0, 3365, 97
2026/08/10 13:07:14.353, 1, 4271, 1
2026/08/10 13:07:15.422, 0, 5957, 83
2026/08/10 13:07:15.426, 1, 6319, 100
2026/08/10 13:07:16.486, 0, 4037, 88
2026/08/10 13:07:16.493, 1, 5103, 78
2026/08/10 13:07:17.560, 0, 4069, 100
2026/08/10 13:07:17.563, 1, 5519, 100
2026/08/10 13:07:18.642, 0, 6181, 53
2026/08/10 13:07:18.645, 1, 7279, 100
2026/08/10 13:07:19.747, 0, 5157, 61
2026/08/10 13:07:19.751, 1, 7951, 49
2026/08/10 13:07:20.833, 0, 5637, 100
2026/08/10 13:07:20.843, 1, 9039, 100
2026/08/10 13:07:21.918, 0, 6629, 99
2026/08/10 13:07:21.923, 1, 5455, 88
2026/08/10 13:07:23.014, 0, 3909, 100
2026/08/10 13:07:23.017, 1, 6415, 38
2026/08/10 13:07:24.076, 0, 4805, 87
2026/08/10 13:07:24.079, 1, 5423, 95
2026/08/10 13:07:25.127, 0, 5541, 0
2026/08/10 13:07:25.130, 1, 5007, 41
2026/08/10 13:07:26.177, 0, 3269, 72
2026/08/10 13:07:26.180, 1, 4815, 89
2026/08/10 13:07:27.234, 0, 5445, 67
2026/08/10 13:07:27.236, 1, 4815, 85
2026/08/10 13:07:28.328, 0, 3877, 72
2026/08/10 13:07:28.334, 1, 5615, 26
2026/08/10 13:07:29.404, 0, 6565, 98
2026/08/10 13:07:29.407, 1, 7887, 84
2026/08/10 13:07:30.458, 0, 4773, 16
2026/08/10 13:07:30.461, 1, 8719, 100
2026/08/10 13:07:31.528, 0, 3365, 21
2026/08/10 13:07:31.537, 1, 4335, 90
2026/08/10 13:07:32.609, 0, 5701, 100
2026/08/10 13:07:32.612, 1, 8527, 100
2026/08/10 13:07:33.661, 0, 4549, 50
2026/08/10 13:07:33.664, 1, 4751, 33
2026/08/10 13:07:34.710, 0, 5605, 57
2026/08/10 13:07:34.713, 1, 5487, 85
2026/08/10 13:07:35.758, 0, 3429, 45
2026/08/10 13:07:35.760, 1, 5199, 82
2026/08/10 13:07:36.813, 0, 4325, 0
2026/08/10 13:07:36.815, 1, 5871, 86
2026/08/10 13:07:37.883, 0, 3557, 94
2026/08/10 13:07:37.887, 1, 4239, 67
2026/08/10 13:07:38.947, 0, 4101, 80
2026/08/10 13:07:38.950, 1, 6895, 100
2026/08/10 13:07:40.002, 0, 3173, 94
2026/08/10 13:07:40.006, 1, 6031, 99
2026/08/10 13:07:41.055, 0, 4229, 78
2026/08/10 13:07:41.058, 1, 5135, 79
2026/08/10 13:07:42.104, 0, 5509, 100
2026/08/10 13:07:42.107, 1, 5167, 76
2026/08/10 13:07:43.185, 0, 3205, 95
2026/08/10 13:07:43.194, 1, 6415, 87
2026/08/10 13:07:44.297, 0, 4933, 91
2026/08/10 13:07:44.301, 1, 5967, 100
2026/08/10 13:07:45.402, 0, 4421, 90
2026/08/10 13:07:45.405, 1, 6607, 95
2026/08/10 13:07:46.492, 0, 10373, 100
2026/08/10 13:07:46.497, 1, 6767, 91
2026/08/10 13:07:47.578, 0, 3237, 87
2026/08/10 13:07:47.583, 1, 4303, 97
2026/08/10 13:07:48.693, 0, 4901, 86
2026/08/10 13:07:48.699, 1, 4239, 100
2026/08/10 13:07:49.803, 0, 7781, 66
2026/08/10 13:07:49.815, 1, 4367, 67
2026/08/10 13:07:50.905, 0, 4197, 81
2026/08/10 13:07:50.911, 1, 4527, 91
2026/08/10 13:07:51.986, 0, 4901, 41
2026/08/10 13:07:51.991, 1, 8719, 100
2026/08/10 13:07:53.065, 0, 7077, 100
2026/08/10 13:07:53.068, 1, 6511, 6
2026/08/10 13:07:54.182, 0, 8549, 92
2026/08/10 13:07:54.187, 1, 7663, 98
2026/08/10 13:07:55.290, 0, 5861, 100
2026/08/10 13:07:55.294, 1, 5679, 89
2026/08/10 13:07:56.361, 0, 8261, 93
2026/08/10 13:07:56.363, 1, 9199, 96
2026/08/10 13:07:57.445, 0, 7173, 98
2026/08/10 13:07:57.452, 1, 4463, 90
2026/08/10 13:07:58.518, 0, 7429, 99
2026/08/10 13:07:58.522, 1, 7599, 62
2026/08/10 13:07:59.624, 0, 3685, 78
2026/08/10 13:07:59.634, 1, 4015, 48
2026/08/10 13:08:00.752, 0, 5349, 82
2026/08/10 13:08:00.759, 1, 7055, 40
2026/08/10 13:08:01.878, 0, 5701, 35
2026/08/10 13:08:01.886, 1, 5999, 97
2026/08/10 13:08:02.959, 0, 6117, 86
2026/08/10 13:08:02.962, 1, 7279, 100
2026/08/10 13:08:04.041, 0, 2917, 94
2026/08/10 13:08:04.051, 1, 4303, 81
2026/08/10 13:08:05.119, 0, 5253, 86
2026/08/10 13:08:05.123, 1, 4815, 100
2026/08/10 13:08:06.200, 0, 2789, 50
2026/08/10 13:08:06.207, 1, 4143, 26
2026/08/10 13:08:07.279, 0, 3973, 72
2026/08/10 13:08:07.284, 1, 4623, 99
2026/08/10 13:08:08.358, 0, 2885, 2
2026/08/10 13:08:08.366, 1, 10191, 71
2026/08/10 13:08:09.428, 0, 3813, 89
2026/08/10 13:08:09.432, 1, 7055, 90
2026/08/10 13:08:10.495, 0, 9797, 89
2026/08/10 13:08:10.500, 1, 6639, 100
2026/08/10 13:08:11.554, 0, 3717, 90
2026/08/10 13:08:11.557, 1, 5071, 97
2026/08/10 13:08:12.605, 0, 3397, 42
2026/08/10 13:08:12.608, 1, 6255, 100
2026/08/10 13:08:13.664, 0, 3845, 25
2026/08/10 13:08:13.668, 1, 4239, 91
2026/08/10 13:08:14.715, 0, 4165, 75
2026/08/10 13:08:14.718, 1, 6031, 100
2026/08/10 13:08:15.764, 0, 4037, 84
2026/08/10 13:08:15.768, 1, 5167, 86
2026/08/10 13:08:16.815, 0, 4325, 51
2026/08/10 13:08:16.818, 1, 5327, 93
2026/08/10 13:08:17.867, 0, 5317, 95
2026/08/10 13:08:17.870, 1, 4879, 97
2026/08/10 13:08:18.918, 0, 3429, 100
2026/08/10 13:08:18.921, 1, 4719, 100
2026/08/10 13:08:19.997, 0, 3589, 91
2026/08/10 13:08:20.005, 1, 4751, 33
2026/08/10 13:08:21.066, 0, 4645, 81
2026/08/10 13:08:21.069, 1, 5679, 100
2026/08/10 13:08:22.118, 0, 3429, 99
2026/08/10 13:08:22.121, 1, 4815, 98
2026/08/10 13:08:23.170, 0, 5573, 100
2026/08/10 13:08:23.173, 1, 8303, 83
2026/08/10 13:08:24.222, 0, 5125, 85
2026/08/10 13:08:24.225, 1, 4719, 70
2026/08/10 13:08:25.274, 0, 3525, 61
2026/08/10 13:08:25.277, 1, 5967, 100
2026/08/10 13:08:26.335, 0, 6085, 37
2026/08/10 13:08:26.340, 1, 8047, 93
2026/08/10 13:08:27.416, 0, 6757, 85
2026/08/10 13:08:27.419, 1, 4783, 51
2026/08/10 13:08:28.475, 0, 5445, 55
2026/08/10 13:08:28.478, 1, 5999, 48
2026/08/10 13:08:29.529, 0, 4965, 100
2026/08/10 13:08:29.535, 1, 5487, 36
2026/08/10 13:08:30.603, 0, 3845, 89
2026/08/10 13:08:30.605, 1, 7535, 95
2026/08/10 13:08:31.649, 0, 3493, 100
2026/08/10 13:08:31.652, 1, 6415, 7
2026/08/10 13:08:32.701, 0, 4037, 100
2026/08/10 13:08:32.704, 1, 5871, 70
2026/08/10 13:08:33.756, 0, 5381, 34
2026/08/10 13:08:33.760, 1, 6607, 95
2026/08/10 13:08:34.822, 0, 3269, 93
2026/08/10 13:08:34.825, 1, 4303, 100
2026/08/10 13:08:35.883, 0, 3749, 97
2026/08/10 13:08:35.889, 1, 4463, 61
2026/08/10 13:08:36.944, 0, 3429, 100
2026/08/10 13:08:36.947, 1, 5455, 89
2026/08/10 13:08:38.034, 0, 3333, 81
2026/08/10 13:08:38.043, 1, 4399, 85
2026/08/10 13:08:39.113, 0, 5861, 28
2026/08/10 13:08:39.116, 1, 7983, 39
2026/08/10 13:08:40.228, 0, 7109, 60
2026/08/10 13:08:40.236, 1, 6223, 100
2026/08/10 13:08:41.348, 0, 3941, 100
2026/08/10 13:08:41.352, 1, 5807, 100
2026/08/10 13:08:42.421, 0, 8133, 81
2026/08/10 13:08:42.427, 1, 7087, 100
2026/08/10 13:08:43.536, 0, 7141, 93
2026/08/10 13:08:43.541, 1, 7087, 100
2026/08/10 13:08:44.649, 0, 5701, 84
2026/08/10 13:08:44.656, 1, 4879, 100
2026/08/10 13:08:45.757, 0, 4517, 89
2026/08/10 13:08:45.761, 1, 9007, 65
2026/08/10 13:08:46.831, 0, 6245, 80
2026/08/10 13:08:46.834, 1, 7215, 86
2026/08/10 13:08:47.904, 0, 4773, 78
2026/08/10 13:08:47.910, 1, 6319, 100
2026/08/10 13:08:49.020, 0, 5701, 85
2026/08/10 13:08:49.023, 1, 5327, 10
2026/08/10 13:08:50.121, 0, 3205, 94
2026/08/10 13:08:50.127, 1, 6511, 41
2026/08/10 13:08:51.217, 0, 8517, 100
2026/08/10 13:08:51.221, 1, 8175, 93
2026/08/10 13:08:52.345, 0, 4069, 68
2026/08/10 13:08:52.353, 1, 5551, 100
2026/08/10 13:08:53.438, 0, 3173, 40
2026/08/10 13:08:53.444, 1, 7343, 92
2026/08/10 13:08:54.507, 0, 5797, 99
2026/08/10 13:08:54.511, 1, 6991, 74
2026/08/10 13:08:55.575, 0, 5381, 92
2026/08/10 13:08:55.582, 1, 6607, 63
2026/08/10 13:08:56.656, 0, 3269, 85
2026/08/10 13:08:56.666, 1, 6159, 98
2026/08/10 13:08:57.747, 0, 2949, 49
2026/08/10 13:08:57.753, 1, 4047, 100
2026/08/10 13:08:58.848, 0, 4389, 100
2026/08/10 13:08:58.852, 1, 5199, 86
2026/08/10 13:08:59.930, 0, 6917, 100
2026/08/10 13:08:59.941, 1, 4303, 86
2026/08/10 13:09:01.025, 0, 5957, 100
2026/08/10 13:09:01.032, 1, 4879, 11
2026/08/10 13:09:02.099, 0, 5861, 100
2026/08/10 13:09:02.102, 1, 4751, 56
2026/08/10 13:09:03.170, 0, 5413, 100
2026/08/10 13:09:03.174, 1, 6095, 89
2026/08/10 13:09:04.245, 0, 8933, 99
2026/08/10 13:09:04.251, 1, 8463, 69
2026/08/10 13:09:05.354, 0, 5669, 100
2026/08/10 13:09:05.362, 1, 5807, 95
2026/08/10 13:09:06.475, 0, 5029, 100
2026/08/10 13:09:06.482, 1, 5775, 49
2026/08/10 13:09:07.548, 0, 7205, 99
2026/08/10 13:09:07.551, 1, 8207, 68
2026/08/10 13:09:08.640, 0, 7717, 82
2026/08/10 13:09:08.648, 1, 5199, 100
2026/08/10 13:09:09.730, 0, 8965, 100
2026/08/10 13:09:09.737, 1, 6223, 100
2026/08/10 13:09:10.808, 0, 3813, 45
2026/08/10 13:09:10.811, 1, 4623, 100
2026/08/10 13:09:11.866, 0, 4101, 98
2026/08/10 13:09:11.870, 1, 4911, 99
2026/08/10 13:09:12.918, 0, 6405, 66
2026/08/10 13:09:12.921, 1, 5263, 87
2026/08/10 13:09:13.990, 0, 2789, 99
2026/08/10 13:09:13.993, 1, 4687, 45
2026/08/10 13:09:15.053, 0, 8165, 95
2026/08/10 13:09:15.058, 1, 5583, 85
2026/08/10 13:09:16.144, 0, 6533, 39
2026/08/10 13:09:16.152, 1, 6127, 76
2026/08/10 13:09:17.222, 0, 3621, 94
2026/08/10 13:09:17.224, 1, 5551, 84
2026/08/10 13:09:18.272, 0, 4997, 100
2026/08/10 13:09:18.274, 1, 9935, 100
2026/08/10 13:09:19.341, 0, 6021, 48
2026/08/10 13:09:19.348, 1, 11951, 74
2026/08/10 13:09:20.422, 0, 5541, 92
2026/08/10 13:09:20.426, 1, 4847, 99
2026/08/10 13:09:21.479, 0, 8133, 60
2026/08/10 13:09:21.481, 1, 6127, 96
2026/08/10 13:09:22.558, 0, 3525, 100
2026/08/10 13:09:22.566, 1, 5935, 83
2026/08/10 13:09:23.651, 0, 4869, 78
2026/08/10 13:09:23.660, 1, 4623, 83
2026/08/10 13:09:24.740, 0, 4389, 100
2026/08/10 13:09:24.747, 1, 5391, 52
2026/08/10 13:09:25.809, 0, 9669, 84
2026/08/10 13:09:25.813, 1, 7119, 43
2026/08/10 13:09:26.870, 0, 5189, 96
2026/08/10 13:09:26.874, 1, 7823, 68
2026/08/10 13:09:27.934, 0, 6821, 95
2026/08/10 13:09:27.937, 1, 8047, 90
2026/08/10 13:09:29.024, 0, 5669, 76
2026/08/10 13:09:29.033, 1, 5199, 75
2026/08/10 13:09:30.096, 0, 7973, 100
2026/08/10 13:09:30.099, 1, 7663, 100
2026/08/10 13:09:31.145, 0, 8165, 3
2026/08/10 13:09:31.147, 1, 8623, 100
2026/08/10 13:09:32.191, 0, 5477, 81
2026/08/10 13:09:32.194, 1, 7023, 59
2026/08/10 13:09:33.290, 0, 8101, 32
2026/08/10 13:09:33.297, 1, 9871, 100
2026/08/10 13:09:34.365, 0, 3685, 100
2026/08/10 13:09:34.368, 1, 6319, 90
2026/08/10 13:09:35.459, 0, 5509, 0
2026/08/10 13:09:35.462, 1, 5871, 99
2026/08/10 13:09:36.527, 0, 8677, 87
2026/08/10 13:09:36.529, 1, 8879, 76
2026/08/10 13:09:37.573, 0, 4197, 83
2026/08/10 13:09:37.575, 1, 5967, 47
2026/08/10 13:09:38.618, 0, 4357, 90
2026/08/10 13:09:38.620, 1, 6255, 100
2026/08/10 13:09:39.662, 0, 5317, 100
2026/08/10 13:09:39.664, 1, 4591, 35
2026/08/10 13:09:40.710, 0, 4133, 8
2026/08/10 13:09:40.713, 1, 4911, 100
2026/08/10 13:09:41.793, 0, 7333, 83
2026/08/10 13:09:41.799, 1, 4431, 98
2026/08/10 13:09:42.865, 0, 4869, 54
2026/08/10 13:09:42.869, 1, 5647, 100
2026/08/10 13:09:43.944, 0, 3685, 86
2026/08/10 13:09:43.947, 1, 7855, 20
2026/08/10 13:09:45.050, 0, 3525, 61
2026/08/10 13:09:45.058, 1, 5167, 55
2026/08/10 13:09:46.144, 0, 4645, 9
2026/08/10 13:09:46.151, 1, 4079, 56
2026/08/10 13:09:47.245, 0, 3045, 0
2026/08/10 13:09:47.254, 1, 4719, 88
2026/08/10 13:09:48.322, 0, 6565, 100
2026/08/10 13:09:48.326, 1, 5935, 86
2026/08/10 13:09:49.377, 0, 7653, 74
2026/08/10 13:09:49.380, 1, 6831, 5
2026/08/10 13:09:50.460, 0, 8357, 55
2026/08/10 13:09:50.470, 1, 7695, 100
2026/08/10 13:09:51.535, 0, 5349, 10
2026/08/10 13:09:51.538, 1, 5519, 61
2026/08/10 13:09:52.606, 0, 5957, 0
2026/08/10 13:09:52.615, 1, 5967, 100
2026/08/10 13:09:53.680, 0, 3749, 92
2026/08/10 13:09:53.683, 1, 4815, 55
2026/08/10 13:09:54.772, 0, 4805, 18
2026/08/10 13:09:54.781, 1, 8655, 96
2026/08/10 13:09:55.850, 0, 7109, 90
2026/08/10 13:09:55.853, 1, 6255, 78
2026/08/10 13:09:56.903, 0, 3621, 18
2026/08/10 13:09:56.906, 1, 6927, 100
2026/08/10 13:09:57.962, 0, 3973, 100
2026/08/10 13:09:57.967, 1, 5199, 100
2026/08/10 13:09:59.052, 0, 3557, 100
2026/08/10 13:09:59.058, 1, 4655, 19
2026/08/10 13:10:00.161, 0, 3077, 85
2026/08/10 13:10:00.168, 1, 6127, 100
2026/08/10 13:10:01.267, 0, 5829, 100
2026/08/10 13:10:01.271, 1, 5295, 100
2026/08/10 13:10:02.370, 0, 7909, 100
2026/08/10 13:10:02.381, 1, 8815, 100
2026/08/10 13:10:03.472, 0, 3461, 100
2026/08/10 13:10:03.479, 1, 4207, 83
2026/08/10 13:10:04.545, 0, 6469, 100
2026/08/10 13:10:04.548, 1, 6479, 89
2026/08/10 13:10:05.591, 0, 3813, 33
2026/08/10 13:10:05.593, 1, 5775, 64
2026/08/10 13:10:06.663, 0, 3493, 93
2026/08/10 13:10:06.673, 1, 5551, 16
2026/08/10 13:10:07.749, 0, 5605, 100
2026/08/10 13:10:07.752, 1, 11343, 78
2026/08/10 13:10:08.838, 0, 6885, 100
2026/08/10 13:10:08.840, 1, 6927, 100
2026/08/10 13:10:09.908, 0, 4421, 24
2026/08/10 13:10:09.912, 1, 4687, 100
2026/08/10 13:10:10.965, 0, 6213, 97
2026/08/10 13:10:10.968, 1, 5615, 47
2026/08/10 13:10:12.051, 0, 8805, 100
2026/08/10 13:10:12.057, 1, 6031, 51
2026/08/10 13:10:13.137, 0, 9733, 66
2026/08/10 13:10:13.140, 1, 4847, 91
2026/08/10 13:10:14.250, 0, 7205, 91
2026/08/10 13:10:14.256, 1, 8015, 100
2026/08/10 13:10:15.351, 0, 3973, 100
2026/08/10 13:10:15.355, 1, 7055, 69
2026/08/10 13:10:16.428, 0, 6597, 100
2026/08/10 13:10:16.432, 1, 6031, 90
2026/08/10 13:10:17.480, 0, 8037, 82
2026/08/10 13:10:17.484, 1, 7695, 66
2026/08/10 13:10:18.532, 0, 6501, 51
2026/08/10 13:10:18.534, 1, 4527, 79
2026/08/10 13:10:19.622, 0, 2725, 94
2026/08/10 13:10:19.626, 1, 4431, 93
2026/08/10 13:10:20.691, 0, 6149, 84
2026/08/10 13:10:20.695, 1, 5679, 89
2026/08/10 13:10:21.772, 0, 5861, 100
2026/08/10 13:10:21.775, 1, 6479, 91
2026/08/10 13:10:22.850, 0, 2885, 88
2026/08/10 13:10:22.853, 1, 4111, 100
2026/08/10 13:10:23.959, 0, 7717, 96
2026/08/10 13:10:23.967, 1, 9647, 63
2026/08/10 13:10:25.074, 0, 4677, 96
2026/08/10 13:10:25.081, 1, 5199, 50
2026/08/10 13:10:26.193, 0, 3845, 72
2026/08/10 13:10:26.199, 1, 5231, 87
2026/08/10 13:10:27.307, 0, 3589, 0
2026/08/10 13:10:27.313, 1, 3823, 100
2026/08/10 13:10:28.385, 0, 7877, 78
2026/08/10 13:10:28.388, 1, 6799, 84
2026/08/10 13:10:29.431, 0, 4389, 91
2026/08/10 13:10:29.433, 1, 5583, 95
2026/08/10 13:10:30.475, 0, 3685, 77
2026/08/10 13:10:30.479, 1, 5391, 94
2026/08/10 13:10:31.525, 0, 3493, 29
2026/08/10 13:10:31.529, 1, 4559, 48
2026/08/10 13:10:32.594, 0, 3205, 7
2026/08/10 13:10:32.601, 1, 5295, 100
2026/08/10 13:10:33.687, 0, 6085, 100
2026/08/10 13:10:33.693, 1, 8335, 88
2026/08/10 13:10:34.759, 0, 4421, 100
2026/08/10 13:10:34.762, 1, 5071, 0
2026/08/10 13:10:35.842, 0, 5189, 100
2026/08/10 13:10:35.845, 1, 8463, 66
2026/08/10 13:10:36.913, 0, 4965, 81
2026/08/10 13:10:36.918, 1, 4719, 65
2026/08/10 13:10:37.973, 0, 7397, 80
2026/08/10 13:10:37.975, 1, 7471, 85
2026/08/10 13:10:39.037, 0, 6757, 100
2026/08/10 13:10:39.040, 1, 6159, 77
2026/08/10 13:10:40.145, 0, 4613, 93
2026/08/10 13:10:40.154, 1, 6863, 49
2026/08/10 13:10:41.233, 0, 8069, 89
2026/08/10 13:10:41.236, 1, 9583, 93
2026/08/10 13:10:42.278, 0, 4293, 100
2026/08/10 13:10:42.281, 1, 5583, 65
2026/08/10 13:10:43.324, 0, 5221, 92
2026/08/10 13:10:43.326, 1, 4847, 100
2026/08/10 13:10:44.374, 0, 3461, 87
2026/08/10 13:10:44.376, 1, 5071, 100
2026/08/10 13:10:45.423, 0, 3493, 81
2026/08/10 13:10:45.427, 1, 6319, 70
2026/08/10 13:10:46.515, 0, 5125, 10
2026/08/10 13:10:46.520, 1, 4367, 98
2026/08/10 13:10:47.588, 0, 4037, 95
2026/08/10 13:10:47.591, 1, 4943, 59
2026/08/10 13:10:48.664, 0, 3141, 35
2026/08/10 13:10:48.670, 1, 4399, 88
2026/08/10 13:10:49.778, 0, 4005, 92
2026/08/10 13:10:49.786, 1, 6063, 100
2026/08/10 13:10:50.901, 0, 10757, 96
2026/08/10 13:10:50.912, 1, 5007, 100
2026/08/10 13:10:52.006, 0, 3941, 62
2026/08/10 13:10:52.014, 1, 6159, 100
2026/08/10 13:10:53.084, 0, 3717, 0
2026/08/10 13:10:53.088, 1, 4815, 65
2026/08/10 13:10:54.182, 0, 4901, 93
2026/08/10 13:10:54.192, 1, 6479, 93
2026/08/10 13:10:55.263, 0, 7365, 84
2026/08/10 13:10:55.267, 1, 5295, 93
2026/08/10 13:10:56.350, 0, 4773, 0
2026/08/10 13:10:56.355, 1, 4431, 7
2026/08/10 13:10:57.447, 0, 4549, 0
2026/08/10 13:10:57.454, 1, 5487, 95
2026/08/10 13:10:58.558, 0, 6469, 98
2026/08/10 13:10:58.566, 1, 7375, 93
2026/08/10 13:10:59.619, 0, 5253, 99
2026/08/10 13:10:59.622, 1, 6671, 67
2026/08/10 13:11:00.668, 0, 5573, 100
2026/08/10 13:11:00.671, 1, 5711, 94
2026/08/10 13:11:01.760, 0, 4901, 0
2026/08/10 13:11:01.763, 1, 4591, 79
2026/08/10 13:11:02.853, 0, 4229, 100
2026/08/10 13:11:02.857, 1, 7087, 100
2026/08/10 13:11:03.906, 0, 9477, 93
2026/08/10 13:11:03.909, 1, 8527, 11
2026/08/10 13:11:04.958, 0, 5157, 100
2026/08/10 13:11:04.961, 1, 9647, 100
2026/08/10 13:11:06.009, 0, 3269, 96
2026/08/10 13:11:06.012, 1, 5135, 100
2026/08/10 13:11:07.063, 0, 4997, 45
2026/08/10 13:11:07.067, 1, 4943, 69
2026/08/10 13:11:08.131, 0, 7077, 100
2026/08/10 13:11:08.139, 1, 5679, 82
2026/08/10 13:11:09.225, 0, 4005, 95
2026/08/10 13:11:09.229, 1, 6991, 87
2026/08/10 13:11:10.286, 0, 11237, 100
2026/08/10 13:11:10.289, 1, 8367, 62
2026/08/10 13:11:11.372, 0, 4165, 73
2026/08/10 13:11:11.375, 1, 4495, 60
2026/08/10 13:11:12.455, 0, 4837, 100
2026/08/10 13:11:12.458, 1, 8623, 74
2026/08/10 13:11:13.528, 0, 2949, 0
2026/08/10 13:11:13.535, 1, 4431, 66
2026/08/10 13:11:14.608, 0, 4421, 91
2026/08/10 13:11:14.612, 1, 4975, 71
2026/08/10 13:11:15.689, 0, 4645, 42
2026/08/10 13:11:15.695, 1, 8559, 80
2026/08/10 13:11:16.763, 0, 5797, 96
2026/08/10 13:11:16.766, 1, 5871, 97
2026/08/10 13:11:17.814, 0, 7013, 12
2026/08/10 13:11:17.817, 1, 6031, 69
2026/08/10 13:11:18.881, 0, 12997, 49
2026/08/10 13:11:18.886, 1, 7343, 38
2026/08/10 13:11:19.960, 0, 4101, 85
2026/08/10 13:11:19.964, 1, 7215, 96
2026/08/10 13:11:21.053, 0, 4965, 50
2026/08/10 13:11:21.058, 1, 6319, 100
2026/08/10 13:11:22.127, 0, 6693, 95
2026/08/10 13:11:22.129, 1, 12431, 91
2026/08/10 13:11:23.217, 0, 4997, 48
2026/08/10 13:11:23.227, 1, 6415, 76
2026/08/10 13:11:24.304, 0, 3685, 100
2026/08/10 13:11:24.308, 1, 5103, 100
2026/08/10 13:11:25.378, 0, 8165, 71
2026/08/10 13:11:25.381, 1, 10415, 100
2026/08/10 13:11:26.482, 0, 4037, 45
2026/08/10 13:11:26.496, 1, 4879, 73
2026/08/10 13:11:27.574, 0, 7333, 100
2026/08/10 13:11:27.578, 1, 6703, 74
2026/08/10 13:11:28.645, 0, 4357, 0
2026/08/10 13:11:28.648, 1, 4303, 100
2026/08/10 13:11:29.720, 0, 6373, 100
2026/08/10 13:11:29.729, 1, 6991, 100
2026/08/10 13:11:30.840, 0, 4837, 81
2026/08/10 13:11:30.843, 1, 5935, 92
2026/08/10 13:11:31.901, 0, 5925, 100
2026/08/10 13:11:31.904, 1, 8175, 100
2026/08/10 13:11:32.949, 0, 5541, 74
2026/08/10 13:11:32.952, 1, 4783, 82
2026/08/10 13:11:34.002, 0, 5317, 100
2026/08/10 13:11:34.004, 1, 4495, 100
2026/08/10 13:11:35.080, 0, 2885, 68
2026/08/10 13:11:35.083, 1, 4015, 95
2026/08/10 13:11:36.152, 0, 5125, 100
2026/08/10 13:11:36.155, 1, 6639, 90
2026/08/10 13:11:37.243, 0, 7269, 100
2026/08/10 13:11:37.249, 1, 6223, 100
2026/08/10 13:11:38.332, 0, 5701, 100
2026/08/10 13:11:38.339, 1, 5263, 100
2026/08/10 13:11:39.408, 0, 6277, 75
2026/08/10 13:11:39.413, 1, 5199, 10
2026/08/10 13:11:40.471, 0, 6533, 100
2026/08/10 13:11:40.474, 1, 6255, 14
2026/08/10 13:11:41.529, 0, 4325, 88
2026/08/10 13:11:41.533, 1, 6415, 98
2026/08/10 13:11:42.585, 0, 11653, 15
2026/08/10 13:11:42.588, 1, 6255, 92
2026/08/10 13:11:43.643, 0, 8293, 100
2026/08/10 13:11:43.647, 1, 8111, 98
2026/08/10 13:11:44.714, 0, 7877, 100
2026/08/10 13:11:44.720, 1, 11887, 88
2026/08/10 13:11:45.784, 0, 4997, 100
2026/08/10 13:11:45.788, 1, 9391, 100
2026/08/10 13:11:46.850, 0, 5541, 90
2026/08/10 13:11:46.857, 1, 8847, 72
2026/08/10 13:11:47.927, 0, 7013, 75
2026/08/10 13:11:47.930, 1, 5679, 95
2026/08/10 13:11:48.974, 0, 6629, 13
2026/08/10 13:11:48.977, 1, 9199, 100
2026/08/10 13:11:50.021, 0, 8293, 89
2026/08/10 13:11:50.024, 1, 14479, 71
2026/08/10 13:11:51.105, 0, 5381, 88
2026/08/10 13:11:51.112, 1, 4879, 91
2026/08/10 13:11:52.187, 0, 5221, 100
2026/08/10 13:11:52.191, 1, 5935, 87
2026/08/10 13:11:53.251, 0, 4549, 100
2026/08/10 13:11:53.256, 1, 8207, 61
2026/08/10 13:11:54.304, 0, 10565, 100
2026/08/10 13:11:54.306, 1, 14031, 100
2026/08/10 13:11:55.352, 0, 5701, 70
2026/08/10 13:11:55.355, 1, 7023, 69
2026/08/10 13:11:56.405, 0, 3909, 94
2026/08/10 13:11:56.408, 1, 6255, 100
2026/08/10 13:11:57.454, 0, 5413, 100
2026/08/10 13:11:57.457, 1, 6287, 100
2026/08/10 13:11:58.500, 0, 4837, 67
2026/08/10 13:11:58.503, 1, 5839, 96
2026/08/10 13:11:59.550, 0, 4325, 100
2026/08/10 13:11:59.553, 1, 5135, 42
2026/08/10 13:12:00.598, 0, 3973, 100
2026/08/10 13:12:00.600, 1, 6255, 28
2026/08/10 13:12:01.645, 0, 7141, 94
2026/08/10 13:12:01.648, 1, 4751, 36
2026/08/10 13:12:02.694, 0, 8005, 26
2026/08/10 13:12:02.696, 1, 10447, 100
2026/08/10 13:12:03.752, 0, 3653, 73
2026/08/10 13:12:03.760, 1, 4655, 31
2026/08/10 13:12:04.830, 0, 6085, 100
2026/08/10 13:12:04.834, 1, 6031, 100
2026/08/10 13:12:05.881, 0, 3205, 18
2026/08/10 13:12:05.884, 1, 4239, 88
2026/08/10 13:12:06.934, 0, 3973, 100
2026/08/10 13:12:06.939, 1, 6831, 89
2026/08/10 13:12:08.037, 0, 6629, 37
2026/08/10 13:12:08.047, 1, 5423, 15
2026/08/10 13:12:09.115, 0, 5157, 100
2026/08/10 13:12:09.118, 1, 8111, 82
2026/08/10 13:12:10.164, 0, 6213, 7
2026/08/10 13:12:10.167, 1, 5935, 91
2026/08/10 13:12:11.236, 0, 8197, 100
2026/08/10 13:12:11.238, 1, 6863, 72
2026/08/10 13:12:12.328, 0, 3749, 87
2026/08/10 13:12:12.337, 1, 5359, 54
2026/08/10 13:12:13.439, 0, 5989, 100
2026/08/10 13:12:13.445, 1, 6543, 96
2026/08/10 13:12:14.541, 0, 4837, 100
2026/08/10 13:12:14.545, 1, 5231, 71
2026/08/10 13:12:15.598, 0, 5509, 96
2026/08/10 13:12:15.600, 1, 7599, 95
2026/08/10 13:12:16.692, 0, 4837, 35
2026/08/10 13:12:16.694, 1, 5519, 94
2026/08/10 13:12:17.787, 0, 4869, 71
2026/08/10 13:12:17.789, 1, 7247, 11
2026/08/10 13:12:18.836, 0, 4037, 96
2026/08/10 13:12:18.838, 1, 5039, 51
2026/08/10 13:12:19.884, 0, 3621, 100
2026/08/10 13:12:19.888, 1, 4975, 62
2026/08/10 13:12:20.956, 0, 4005, 100
2026/08/10 13:12:20.961, 1, 4239, 91
2026/08/10 13:12:22.045, 0, 5317, 100
2026/08/10 13:12:22.052, 1, 7023, 15
2026/08/10 13:12:23.122, 0, 3653, 79
2026/08/10 13:12:23.125, 1, 4815, 63
2026/08/10 13:12:24.173, 0, 6661, 100
2026/08/10 13:12:24.176, 1, 11567, 73
2026/08/10 13:12:25.248, 0, 3813, 94
2026/08/10 13:12:25.252, 1, 4719, 73
2026/08/10 13:12:26.326, 0, 5669, 80
2026/08/10 13:12:26.334, 1, 6319, 100
2026/08/10 13:12:27.396, 0, 6469, 83
2026/08/10 13:12:27.398, 1, 9615, 100
2026/08/10 13:12:28.439, 0, 4965, 26
2026/08/10 13:12:28.443, 1, 5231, 6
2026/08/10 13:12:29.485, 0, 4037, 97
2026/08/10 13:12:29.488, 1, 5071, 78
2026/08/10 13:12:30.535, 0, 3781, 80
2026/08/10 13:12:30.537, 1, 5839, 93
2026/08/10 13:12:31.612, 0, 4197, 88
2026/08/10 13:12:31.615, 1, 6415, 71
2026/08/10 13:12:32.667, 0, 5573, 28
2026/08/10 13:12:32.669, 1, 7919, 100
2026/08/10 13:12:33.774, 0, 4165, 76
2026/08/10 13:12:33.782, 1, 4495, 62
2026/08/10 13:12:34.886, 0, 5413, 100
2026/08/10 13:12:34.894, 1, 4143, 98
2026/08/10 13:12:35.978, 0, 4933, 51
2026/08/10 13:12:35.988, 1, 8047, 53
2026/08/10 13:12:37.098, 0, 4101, 82
2026/08/10 13:12:37.104, 1, 5007, 2
2026/08/10 13:12:38.175, 0, 4005, 0
2026/08/10 13:12:38.177, 1, 8143, 100
2026/08/10 13:12:39.231, 0, 4005, 0
2026/08/10 13:12:39.233, 1, 11055, 100
2026/08/10 13:12:40.280, 0, 4005, 0
2026/08/10 13:12:40.282, 1, 5487, 92
2026/08/10 13:12:41.331, 0, 4005, 0
2026/08/10 13:12:41.334, 1, 6159, 85
2026/08/10 13:12:42.381, 0, 6757, 56
2026/08/10 13:12:42.384, 1, 8047, 95
2026/08/10 13:12:43.427, 0, 6757, 100
2026/08/10 13:12:43.429, 1, 6127, 15
2026/08/10 13:12:44.473, 0, 6757, 12
2026/08/10 13:12:44.475, 1, 6287, 100
2026/08/10 13:12:45.520, 0, 6757, 2
2026/08/10 13:12:45.523, 1, 5039, 87
2026/08/10 13:12:46.565, 0, 6757, 0
2026/08/10 13:12:46.568, 1, 7215, 91
2026/08/10 13:12:47.659, 0, 2949, 46
2026/08/10 13:12:47.667, 1, 5007, 31
2026/08/10 13:12:48.745, 0, 3653, 72
2026/08/10 13:12:48.749, 1, 5167, 100
2026/08/10 13:12:49.801, 0, 7621, 100
2026/08/10 13:12:49.804, 1, 10095, 99
2026/08/10 13:12:50.886, 0, 4517, 47
2026/08/10 13:12:50.893, 1, 4335, 76
2026/08/10 13:12:51.948, 0, 3813, 57
2026/08/10 13:12:51.951, 1, 4911, 100
2026/08/10 13:12:52.997, 0, 6149, 65
2026/08/10 13:12:53.000, 1, 5295, 75
2026/08/10 13:12:54.063, 0, 8485, 0
2026/08/10 13:12:54.066, 1, 6415, 99
2026/08/10 13:12:55.159, 0, 3205, 100
2026/08/10 13:12:55.169, 1, 4655, 100
2026/08/10 13:12:56.232, 0, 4133, 29
2026/08/10 13:12:56.235, 1, 9583, 100
2026/08/10 13:12:57.315, 0, 3141, 66
2026/08/10 13:12:57.322, 1, 4559, 11
2026/08/10 13:12:58.431, 0, 3109, 97
2026/08/10 13:12:58.437, 1, 6287, 100
2026/08/10 13:12:59.515, 0, 6533, 43
2026/08/10 13:12:59.519, 1, 5775, 98
2026/08/10 13:13:00.572, 0, 8741, 72
2026/08/10 13:13:00.575, 1, 9295, 100
2026/08/10 13:13:01.653, 0, 3269, 78
2026/08/10 13:13:01.656, 1, 5327, 82
2026/08/10 13:13:02.742, 0, 6277, 100
2026/08/10 13:13:02.745, 1, 7279, 85
2026/08/10 13:13:03.799, 0, 3493, 100
2026/08/10 13:13:03.804, 1, 4399, 99
2026/08/10 13:13:04.896, 0, 3269, 91
2026/08/10 13:13:04.898, 1, 6383, 50
2026/08/10 13:13:06.010, 0, 2629, 95
2026/08/10 13:13:06.013, 1, 3983, 83
2026/08/10 13:13:07.098, 0, 5189, 42
2026/08/10 13:13:07.103, 1, 5519, 90
2026/08/10 13:13:08.156, 0, 11845, 71
2026/08/10 13:13:08.159, 1, 12047, 74
2026/08/10 13:13:09.222, 0, 9669, 32
2026/08/10 13:13:09.224, 1, 5423, 75
2026/08/10 13:13:10.292, 0, 4133, 94
2026/08/10 13:13:10.295, 1, 5999, 100
2026/08/10 13:13:11.343, 0, 4581, 0
2026/08/10 13:13:11.346, 1, 5071, 100
2026/08/10 13:13:12.429, 0, 5765, 100
2026/08/10 13:13:12.436, 1, 4911, 80
2026/08/10 13:13:13.497, 0, 7461, 79
2026/08/10 13:13:13.500, 1, 7791, 100
2026/08/10 13:13:14.592, 0, 2981, 41
2026/08/10 13:13:14.599, 1, 3823, 82
2026/08/10 13:13:15.666, 0, 4453, 97
2026/08/10 13:13:15.668, 1, 6831, 90
2026/08/10 13:13:16.755, 0, 3237, 46
2026/08/10 13:13:16.765, 1, 4783, 47
2026/08/10 13:13:17.841, 0, 7781, 69
2026/08/10 13:13:17.844, 1, 7087, 68
2026/08/10 13:13:18.961, 0, 4133, 70
2026/08/10 13:13:18.965, 1, 7087, 100
2026/08/10 13:13:20.076, 0, 8805, 100
2026/08/10 13:13:20.083, 1, 7407, 91
2026/08/10 13:13:21.160, 0, 2693, 82
2026/08/10 13:13:21.169, 1, 4591, 99
2026/08/10 13:13:22.255, 0, 4933, 34
2026/08/10 13:13:22.259, 1, 5359, 100
2026/08/10 13:13:23.338, 0, 4965, 95
2026/08/10 13:13:23.341, 1, 7439, 100
2026/08/10 13:13:24.414, 0, 5957, 100
2026/08/10 13:13:24.417, 1, 6575, 100
2026/08/10 13:13:25.509, 0, 6341, 100
2026/08/10 13:13:25.512, 1, 6735, 52
2026/08/10 13:13:26.590, 0, 5797, 84
2026/08/10 13:13:26.592, 1, 8431, 100
2026/08/10 13:13:27.635, 0, 3845, 66
2026/08/10 13:13:27.638, 1, 5007, 12
2026/08/10 13:13:28.685, 0, 4389, 98
2026/08/10 13:13:28.688, 1, 4399, 65
2026/08/10 13:13:29.731, 0, 3493, 82
2026/08/10 13:13:29.734, 1, 5551, 27
2026/08/10 13:13:30.784, 0, 3653, 89
2026/08/10 13:13:30.787, 1, 4783, 78
2026/08/10 13:13:31.833, 0, 3493, 75
2026/08/10 13:13:31.836, 1, 5071, 100
2026/08/10 13:13:32.890, 0, 5189, 96
2026/08/10 13:13:32.893, 1, 4271, 100
2026/08/10 13:13:33.940, 0, 4741, 100
2026/08/10 13:13:33.943, 1, 5327, 86
2026/08/10 13:13:34.995, 0, 5317, 99
2026/08/10 13:13:34.998, 1, 4399, 90
2026/08/10 13:13:36.072, 0, 2885, 86
2026/08/10 13:13:36.075, 1, 6255, 13
2026/08/10 13:13:37.181, 0, 3045, 96
2026/08/10 13:13:37.187, 1, 3983, 74
2026/08/10 13:13:38.280, 0, 3365, 6
2026/08/10 13:13:38.284, 1, 5359, 85
2026/08/10 13:13:39.344, 0, 4197, 100
2026/08/10 13:13:39.347, 1, 5199, 73
2026/08/10 13:13:40.396, 0, 3461, 77
2026/08/10 13:13:40.400, 1, 4495, 21
2026/08/10 13:13:41.444, 0, 5765, 82
2026/08/10 13:13:41.447, 1, 4943, 52
2026/08/10 13:13:42.501, 0, 3365, 21
2026/08/10 13:13:42.505, 1, 4783, 40
2026/08/10 13:13:43.557, 0, 3173, 2
2026/08/10 13:13:43.560, 1, 4527, 95
2026/08/10 13:13:44.607, 0, 3525, 8
2026/08/10 13:13:44.610, 1, 5263, 93
2026/08/10 13:13:45.668, 0, 4133, 0
2026/08/10 13:13:45.671, 1, 5039, 91
2026/08/10 13:13:46.746, 0, 2853, 99
2026/08/10 13:13:46.755, 1, 5103, 98
2026/08/10 13:13:47.861, 0, 3045, 100
2026/08/10 13:13:47.865, 1, 4399, 48
2026/08/10 13:13:48.961, 0, 4293, 100
2026/08/10 13:13:48.969, 1, 4815, 76
2026/08/10 13:13:50.072, 0, 3589, 8
2026/08/10 13:13:50.079, 1, 6191, 100
2026/08/10 13:13:51.181, 0, 3397, 99
2026/08/10 13:13:51.187, 1, 5871, 53
2026/08/10 13:13:52.274, 0, 4869, 51
2026/08/10 13:13:52.278, 1, 7343, 65
2026/08/10 13:13:53.356, 0, 4005, 98
2026/08/10 13:13:53.359, 1, 5231, 100
2026/08/10 13:13:54.444, 0, 6277, 99
2026/08/10 13:13:54.448, 1, 6895, 94
2026/08/10 13:13:55.523, 0, 5445, 100
2026/08/10 13:13:55.526, 1, 4975, 95
2026/08/10 13:13:56.615, 0, 3109, 98
2026/08/10 13:13:56.618, 1, 5359, 57
2026/08/10 13:13:57.724, 0, 4933, 100
2026/08/10 13:13:57.733, 1, 8303, 93
2026/08/10 13:13:58.848, 0, 6949, 100
2026/08/10 13:13:58.851, 1, 8079, 100
2026/08/10 13:13:59.898, 0, 5861, 57
2026/08/10 13:13:59.900, 1, 6607, 92
2026/08/10 13:14:00.982, 0, 4741, 6
2026/08/10 13:14:00.991, 1, 4783, 89
2026/08/10 13:14:02.083, 0, 5733, 0
2026/08/10 13:14:02.092, 1, 6351, 93
2026/08/10 13:14:03.181, 0, 5701, 36
2026/08/10 13:14:03.188, 1, 4111, 98
2026/08/10 13:14:04.244, 0, 4805, 54
2026/08/10 13:14:04.246, 1, 7663, 90
2026/08/10 13:14:05.291, 0, 4133, 87
2026/08/10 13:14:05.294, 1, 5039, 91
2026/08/10 13:14:06.340, 0, 3429, 94
2026/08/10 13:14:06.344, 1, 5231, 37
2026/08/10 13:14:07.392, 0, 4549, 93
2026/08/10 13:14:07.395, 1, 4399, 14
2026/08/10 13:14:08.443, 0, 3973, 60
2026/08/10 13:14:08.446, 1, 5679, 87
2026/08/10 13:14:09.496, 0, 4453, 70
2026/08/10 13:14:09.500, 1, 4559, 40
2026/08/10 13:14:10.577, 0, 7877, 15
2026/08/10 13:14:10.580, 1, 4079, 85
2026/08/10 13:14:11.640, 0, 7141, 100
2026/08/10 13:14:11.646, 1, 5263, 100
2026/08/10 13:14:12.716, 0, 4581, 88
2026/08/10 13:14:12.720, 1, 7311, 47
2026/08/10 13:14:13.809, 0, 5413, 91
2026/08/10 13:14:13.820, 1, 7951, 100
2026/08/10 13:14:14.936, 0, 4709, 49
2026/08/10 13:14:14.942, 1, 4623, 95
2026/08/10 13:14:15.993, 0, 7557, 93
2026/08/10 13:14:15.997, 1, 8591, 56
2026/08/10 13:14:17.074, 0, 3493, 100
2026/08/10 13:14:17.084, 1, 4687, 95
2026/08/10 13:14:18.154, 0, 6725, 44
2026/08/10 13:14:18.157, 1, 6351, 100
2026/08/10 13:14:19.203, 0, 5925, 88
2026/08/10 13:14:19.206, 1, 5551, 69
2026/08/10 13:14:20.259, 0, 4005, 98
2026/08/10 13:14:20.262, 1, 6575, 58
2026/08/10 13:14:21.315, 0, 5445, 90
2026/08/10 13:14:21.318, 1, 4911, 97
2026/08/10 13:14:22.366, 0, 4997, 90
2026/08/10 13:14:22.369, 1, 4943, 59
2026/08/10 13:14:23.420, 0, 4165, 47
2026/08/10 13:14:23.422, 1, 4527, 62
2026/08/10 13:14:24.470, 0, 3749, 10
2026/08/10 13:14:24.472, 1, 5327, 45
2026/08/10 13:14:25.532, 0, 5413, 34
2026/08/10 13:14:25.536, 1, 4495, 83
2026/08/10 13:14:26.604, 0, 5477, 46
2026/08/10 13:14:26.609, 1, 7279, 98
2026/08/10 13:14:27.722, 0, 5093, 100
2026/08/10 13:14:27.730, 1, 5487, 93
2026/08/10 13:14:28.804, 0, 5829, 82
2026/08/10 13:14:28.807, 1, 4655, 60
2026/08/10 13:14:29.891, 0, 6533, 95
2026/08/10 13:14:29.898, 1, 7183, 98
2026/08/10 13:14:30.968, 0, 4197, 60
2026/08/10 13:14:30.971, 1, 5103, 100
2026/08/10 13:14:32.039, 0, 2917, 100
2026/08/10 13:14:32.042, 1, 6191, 99
2026/08/10 13:14:33.123, 0, 3173, 71
2026/08/10 13:14:33.133, 1, 7247, 11
2026/08/10 13:14:34.197, 0, 4453, 100
2026/08/10 13:14:34.201, 1, 6255, 33
2026/08/10 13:14:35.290, 0, 9189, 75
2026/08/10 13:14:35.293, 1, 8623, 73
2026/08/10 13:14:36.362, 0, 3813, 97
2026/08/10 13:14:36.366, 1, 6575, 100
2026/08/10 13:14:37.445, 0, 6821, 45
2026/08/10 13:14:37.448, 1, 8719, 77
2026/08/10 13:14:38.522, 0, 4517, 100
2026/08/10 13:14:38.526, 1, 5167, 97
2026/08/10 13:14:39.586, 0, 8037, 85
2026/08/10 13:14:39.594, 1, 5135, 100
2026/08/10 13:14:40.678, 0, 3749, 97
2026/08/10 13:14:40.681, 1, 4879, 84
2026/08/10 13:14:41.788, 0, 5285, 100
2026/08/10 13:14:41.794, 1, 4143, 76
2026/08/10 13:14:42.915, 0, 5797, 96
2026/08/10 13:14:42.921, 1, 7183, 64
2026/08/10 13:14:44.043, 0, 3077, 100
2026/08/10 13:14:44.050, 1, 3791, 82
2026/08/10 13:14:45.152, 0, 7397, 100
2026/08/10 13:14:45.155, 1, 4591, 97
2026/08/10 13:14:46.256, 0, 3141, 82
2026/08/10 13:14:46.264, 1, 4175, 6
2026/08/10 13:14:47.325, 0, 9573, 70
2026/08/10 13:14:47.328, 1, 8271, 95
2026/08/10 13:14:48.389, 0, 3845, 100
2026/08/10 13:14:48.392, 1, 6319, 92
2026/08/10 13:14:49.444, 0, 2789, 100
2026/08/10 13:14:49.447, 1, 5583, 100
2026/08/10 13:14:50.548, 0, 5125, 98
2026/08/10 13:14:50.552, 1, 7247, 100
2026/08/10 13:14:51.660, 0, 6789, 100
2026/08/10 13:14:51.667, 1, 4271, 98
2026/08/10 13:14:52.764, 0, 3301, 83
2026/08/10 13:14:52.774, 1, 4559, 94
2026/08/10 13:14:53.862, 0, 3397, 100
2026/08/10 13:14:53.870, 1, 7759, 86
2026/08/10 13:14:54.989, 0, 4133, 44
2026/08/10 13:14:54.996, 1, 6927, 84
2026/08/10 13:14:56.106, 0, 3941, 94
2026/08/10 13:14:56.111, 1, 4463, 99
2026/08/10 13:14:57.209, 0, 4005, 67
2026/08/10 13:14:57.212, 1, 4111, 29
2026/08/10 13:14:58.272, 0, 4165, 100
2026/08/10 13:14:58.275, 1, 5263, 84
2026/08/10 13:14:59.324, 0, 7685, 75
2026/08/10 13:14:59.326, 1, 9263, 82
2026/08/10 13:15:00.394, 0, 7365, 6
2026/08/10 13:15:00.400, 1, 4783, 57
2026/08/10 13:15:01.472, 0, 5509, 100
2026/08/10 13:15:01.475, 1, 5135, 100
2026/08/10 13:15:02.531, 0, 2757, 25
2026/08/10 13:15:02.534, 1, 3983, 100
2026/08/10 13:15:03.587, 0, 3269, 88
2026/08/10 13:15:03.590, 1, 4367, 100
2026/08/10 13:15:04.677, 0, 4741, 74
2026/08/10 13:15:04.681, 1, 4495, 94
2026/08/10 13:15:05.738, 0, 7461, 89
2026/08/10 13:15:05.744, 1, 5167, 100
2026/08/10 13:15:06.807, 0, 5573, 12
2026/08/10 13:15:06.810, 1, 9263, 89
2026/08/10 13:15:07.859, 0, 2661, 78
2026/08/10 13:15:07.863, 1, 5839, 3
2026/08/10 13:15:08.938, 0, 5573, 100
2026/08/10 13:15:08.944, 1, 7823, 41
2026/08/10 13:15:10.015, 0, 3493, 3
2026/08/10 13:15:10.018, 1, 5199, 66
2026/08/10 13:15:11.102, 0, 8261, 14
2026/08/10 13:15:11.107, 1, 5519, 24
2026/08/10 13:15:12.187, 0, 7397, 91
2026/08/10 13:15:12.193, 1, 7087, 62
2026/08/10 13:15:13.265, 0, 4517, 74
2026/08/10 13:15:13.268, 1, 7151, 100
2026/08/10 13:15:14.354, 0, 3973, 100
2026/08/10 13:15:14.359, 1, 5199, 83
2026/08/10 13:15:15.461, 0, 3941, 81
2026/08/10 13:15:15.470, 1, 6831, 100
2026/08/10 13:15:16.561, 0, 4293, 100
2026/08/10 13:15:16.568, 1, 5583, 100
2026/08/10 13:15:17.651, 0, 3653, 100
2026/08/10 13:15:17.657, 1, 9519, 92
2026/08/10 13:15:18.726, 0, 4261, 100
2026/08/10 13:15:18.729, 1, 5007, 96
2026/08/10 13:15:19.777, 0, 3685, 100
2026/08/10 13:15:19.780, 1, 5295, 97
2026/08/10 13:15:20.825, 0, 5957, 46
2026/08/10 13:15:20.828, 1, 7311, 85
2026/08/10 13:15:21.922, 0, 7813, 96
2026/08/10 13:15:21.931, 1, 6735, 99
2026/08/10 13:15:22.989, 0, 3781, 85
2026/08/10 13:15:22.992, 1, 5583, 100
2026/08/10 13:15:24.039, 0, 3301, 97
2026/08/10 13:15:24.042, 1, 4847, 81
2026/08/10 13:15:25.093, 0, 3397, 51
2026/08/10 13:15:25.097, 1, 4431, 95
2026/08/10 13:15:26.181, 0, 5029, 0
2026/08/10 13:15:26.188, 1, 8271, 51
2026/08/10 13:15:27.243, 0, 4133, 100
2026/08/10 13:15:27.246, 1, 5583, 95
2026/08/10 13:15:28.292, 0, 3013, 91
2026/08/10 13:15:28.297, 1, 4623, 14
2026/08/10 13:15:29.351, 0, 3877, 89
2026/08/10 13:15:29.354, 1, 5103, 51
2026/08/10 13:15:30.399, 0, 4517, 82
2026/08/10 13:15:30.402, 1, 6415, 37
2026/08/10 13:15:31.477, 0, 3365, 97
2026/08/10 13:15:31.495, 1, 4687, 17
2026/08/10 13:15:32.573, 0, 4837, 100
2026/08/10 13:15:32.577, 1, 6927, 98
2026/08/10 13:15:33.667, 0, 4357, 75
2026/08/10 13:15:33.671, 1, 4815, 4
2026/08/10 13:15:34.786, 0, 4997, 100
2026/08/10 13:15:34.793, 1, 7055, 100
2026/08/10 13:15:35.857, 0, 4613, 65
2026/08/10 13:15:35.860, 1, 6415, 15
2026/08/10 13:15:36.934, 0, 3269, 100
2026/08/10 13:15:36.947, 1, 5103, 76
2026/08/10 13:15:37.994, 0, 3909, 85
2026/08/10 13:15:37.996, 1, 6031, 100
2026/08/10 13:15:39.057, 0, 2821, 100
2026/08/10 13:15:39.059, 1, 6063, 42
2026/08/10 13:15:40.104, 0, 4549, 99
2026/08/10 13:15:40.107, 1, 5519, 100
2026/08/10 13:15:41.167, 0, 7749, 28
2026/08/10 13:15:41.170, 1, 9679, 72
2026/08/10 13:15:42.229, 0, 4837, 92
2026/08/10 13:15:42.233, 1, 5519, 95
2026/08/10 13:15:43.284, 0, 3141, 65
2026/08/10 13:15:43.287, 1, 4207, 32
2026/08/10 13:15:44.331, 0, 5669, 100
2026/08/10 13:15:44.333, 1, 5295, 53
2026/08/10 13:15:45.391, 0, 6981, 100
2026/08/10 13:15:45.399, 1, 10735, 64
2026/08/10 13:15:46.468, 0, 4229, 100
2026/08/10 13:15:46.471, 1, 6479, 97
2026/08/10 13:15:47.515, 0, 3493, 98
2026/08/10 13:15:47.518, 1, 5487, 52
2026/08/10 13:15:48.609, 0, 2821, 93
2026/08/10 13:15:48.615, 1, 3823, 88
2026/08/10 13:15:49.669, 0, 5029, 54
2026/08/10 13:15:49.672, 1, 6479, 100
2026/08/10 13:15:50.715, 0, 3781, 66
2026/08/10 13:15:50.718, 1, 6287, 100
2026/08/10 13:15:51.766, 0, 3621, 100
2026/08/10 13:15:51.768, 1, 6063, 71
2026/08/10 13:15:52.814, 0, 4965, 96
2026/08/10 13:15:52.817, 1, 4911, 100
2026/08/10 13:15:53.877, 0, 5253, 100
2026/08/10 13:15:53.885, 1, 6063, 77
2026/08/10 13:15:54.969, 0, 5061, 68
2026/08/10 13:15:54.978, 1, 5583, 53
2026/08/10 13:15:56.053, 0, 3685, 68
2026/08/10 13:15:56.056, 1, 6447, 93
2026/08/10 13:15:57.131, 0, 6181, 100
2026/08/10 13:15:57.138, 1, 9679, 61
2026/08/10 13:15:58.192, 0, 5541, 14
2026/08/10 13:15:58.194, 1, 6063, 97
2026/08/10 13:15:59.239, 0, 4197, 85
2026/08/10 13:15:59.243, 1, 8719, 74
2026/08/10 13:16:00.294, 0, 4101, 93
2026/08/10 13:16:00.297, 1, 8879, 18
2026/08/10 13:16:01.343, 0, 3653, 59
2026/08/10 13:16:01.346, 1, 4271, 37
2026/08/10 13:16:02.395, 0, 3429, 56
2026/08/10 13:16:02.398, 1, 4719, 90
2026/08/10 13:16:03.481, 0, 2661, 91
2026/08/10 13:16:03.489, 1, 4207, 97
2026/08/10 13:16:04.562, 0, 3909, 90
2026/08/10 13:16:04.566, 1, 5967, 99
2026/08/10 13:16:05.620, 0, 9157, 99
2026/08/10 13:16:05.627, 1, 9711, 94
2026/08/10 13:16:06.711, 0, 5829, 27
2026/08/10 13:16:06.714, 1, 4591, 72
2026/08/10 13:16:07.793, 0, 5381, 100
2026/08/10 13:16:07.795, 1, 6319, 83
2026/08/10 13:16:08.877, 0, 3429, 89
2026/08/10 13:16:08.881, 1, 5423, 13
2026/08/10 13:16:09.931, 0, 5349, 89
2026/08/10 13:16:09.934, 1, 6831, 79
2026/08/10 13:16:10.978, 0, 7877, 81
2026/08/10 13:16:10.982, 1, 6255, 47
2026/08/10 13:16:12.048, 0, 5093, 100
2026/08/10 13:16:12.051, 1, 6671, 100
2026/08/10 13:16:13.130, 0, 3621, 100
2026/08/10 13:16:13.133, 1, 4911, 73
2026/08/10 13:16:14.200, 0, 6853, 100
2026/08/10 13:16:14.204, 1, 6607, 100
2026/08/10 13:16:15.271, 0, 2693, 71
2026/08/10 13:16:15.274, 1, 4143, 62
2026/08/10 13:16:16.347, 0, 4421, 100
2026/08/10 13:16:16.350, 1, 7407, 100
2026/08/10 13:16:17.450, 0, 3077, 82
2026/08/10 13:16:17.458, 1, 3951, 12
2026/08/10 13:16:18.523, 0, 5093, 100
2026/08/10 13:16:18.526, 1, 7951, 37
2026/08/10 13:16:19.615, 0, 4613, 100
2026/08/10 13:16:19.622, 1, 4047, 64
2026/08/10 13:16:20.692, 0, 4805, 100
2026/08/10 13:16:20.695, 1, 5103, 96
2026/08/10 13:16:21.742, 0, 3557, 45
2026/08/10 13:16:21.745, 1, 4719, 100
2026/08/10 13:16:22.793, 0, 3397, 45
2026/08/10 13:16:22.795, 1, 5551, 98
2026/08/10 13:16:23.842, 0, 4933, 100
2026/08/10 13:16:23.844, 1, 5103, 91
2026/08/10 13:16:24.888, 0, 4997, 92
2026/08/10 13:16:24.891, 1, 5519, 100
2026/08/10 13:16:25.974, 0, 7493, 57
2026/08/10 13:16:25.977, 1, 8271, 4
2026/08/10 13:16:27.029, 0, 4261, 66
2026/08/10 13:16:27.032, 1, 5231, 88
2026/08/10 13:16:28.076, 0, 3269, 72
2026/08/10 13:16:28.080, 1, 5039, 63
2026/08/10 13:16:29.134, 0, 2949, 83
2026/08/10 13:16:29.138, 1, 4431, 63
2026/08/10 13:16:30.197, 0, 3045, 81
2026/08/10 13:16:30.200, 1, 4719, 98
2026/08/10 13:16:31.260, 0, 5797, 0
2026/08/10 13:16:31.265, 1, 4431, 95
2026/08/10 13:16:32.358, 0, 4005, 92
2026/08/10 13:16:32.362, 1, 4783, 95
2026/08/10 13:16:33.420, 0, 4805, 72
2026/08/10 13:16:33.426, 1, 9359, 89
2026/08/10 13:16:34.500, 0, 8517, 94
2026/08/10 13:16:34.502, 1, 10255, 100
2026/08/10 13:16:35.578, 0, 5893, 98
2026/08/10 13:16:35.584, 1, 5615, 100
2026/08/10 13:16:36.675, 0, 4325, 100
2026/08/10 13:16:36.682, 1, 5519, 100
2026/08/10 13:16:37.776, 0, 5349, 100
2026/08/10 13:16:37.780, 1, 4815, 78
2026/08/10 13:16:38.836, 0, 5285, 74
2026/08/10 13:16:38.839, 1, 5583, 69
2026/08/10 13:16:39.921, 0, 5733, 97
2026/08/10 13:16:39.925, 1, 5231, 53
2026/08/10 13:16:40.987, 0, 3973, 40
2026/08/10 13:16:40.991, 1, 4655, 87
2026/08/10 13:16:42.057, 0, 10021, 97
2026/08/10 13:16:42.060, 1, 11439, 100
2026/08/10 13:16:43.141, 0, 4101, 51
2026/08/10 13:16:43.149, 1, 4943, 99
2026/08/10 13:16:44.202, 0, 7845, 100
2026/08/10 13:16:44.205, 1, 9231, 100
2026/08/10 13:16:45.269, 0, 3077, 66
2026/08/10 13:16:45.278, 1, 4239, 92
2026/08/10 13:16:46.337, 0, 5125, 97
2026/08/10 13:16:46.339, 1, 6767, 100
2026/08/10 13:16:47.405, 0, 2853, 0
2026/08/10 13:16:47.415, 1, 4143, 93
2026/08/10 13:16:48.477, 0, 3973, 78
2026/08/10 13:16:48.480, 1, 5807, 100
2026/08/10 13:16:49.554, 0, 9701, 100
2026/08/10 13:16:49.557, 1, 6991, 100
2026/08/10 13:16:50.621, 0, 4901, 67
2026/08/10 13:16:50.624, 1, 6223, 71
2026/08/10 13:16:51.710, 0, 10533, 100
2026/08/10 13:16:51.714, 1, 6031, 91
2026/08/10 13:16:52.776, 0, 7877, 60
2026/08/10 13:16:52.780, 1, 5423, 62
2026/08/10 13:16:53.824, 0, 9893, 100
2026/08/10 13:16:53.826, 1, 8431, 100
2026/08/10 13:16:54.913, 0, 5445, 0
2026/08/10 13:16:54.921, 1, 4943, 100
2026/08/10 13:16:56.003, 0, 6661, 100
2026/08/10 13:16:56.005, 1, 6415, 72
2026/08/10 13:16:57.055, 0, 5285, 0
2026/08/10 13:16:57.061, 1, 5423, 100
2026/08/10 13:16:58.119, 0, 6085, 80
2026/08/10 13:16:58.122, 1, 8367, 100
2026/08/10 13:16:59.193, 0, 7653, 100
2026/08/10 13:16:59.196, 1, 6799, 100
2026/08/10 13:17:00.240, 0, 4005, 100
2026/08/10 13:17:00.243, 1, 5903, 100
2026/08/10 13:17:01.286, 0, 2853, 94
2026/08/10 13:17:01.288, 1, 8175, 12
2026/08/10 13:17:02.332, 0, 5093, 100
2026/08/10 13:17:02.335, 1, 5487, 100
2026/08/10 13:17:03.411, 0, 2853, 61
2026/08/10 13:17:03.417, 1, 3951, 70
2026/08/10 13:17:04.478, 0, 5957, 100
2026/08/10 13:17:04.482, 1, 5167, 71
2026/08/10 13:17:05.532, 0, 5509, 100
2026/08/10 13:17:05.536, 1, 6127, 5
2026/08/10 13:17:06.585, 0, 5253, 62
2026/08/10 13:17:06.588, 1, 6127, 81
2026/08/10 13:17:07.675, 0, 3141, 0
2026/08/10 13:17:07.682, 1, 4207, 86
2026/08/10 13:17:08.752, 0, 5701, 88
2026/08/10 13:17:08.755, 1, 5007, 100
2026/08/10 13:17:09.802, 0, 5381, 12
2026/08/10 13:17:09.806, 1, 5455, 96
2026/08/10 13:17:10.852, 0, 4165, 63
2026/08/10 13:17:10.855, 1, 5199, 100
2026/08/10 13:17:11.907, 0, 4069, 100
2026/08/10 13:17:11.910, 1, 4687, 69
2026/08/10 13:17:12.968, 0, 4421, 96
2026/08/10 13:17:12.972, 1, 4591, 87
2026/08/10 13:17:14.036, 0, 3173, 100
2026/08/10 13:17:14.040, 1, 5103, 87
2026/08/10 13:17:15.123, 0, 3397, 79
2026/08/10 13:17:15.126, 1, 4335, 79
2026/08/10 13:17:16.180, 0, 4005, 24
2026/08/10 13:17:16.185, 1, 4943, 52
2026/08/10 13:17:17.284, 0, 7717, 100
2026/08/10 13:17:17.290, 1, 8079, 76
2026/08/10 13:17:18.398, 0, 4645, 3
2026/08/10 13:17:18.400, 1, 4079, 100
2026/08/10 13:17:19.477, 0, 5541, 50
2026/08/10 13:17:19.480, 1, 5103, 100
2026/08/10 13:17:20.538, 0, 4069, 80
2026/08/10 13:17:20.541, 1, 4431, 79
2026/08/10 13:17:21.625, 0, 4229, 53
2026/08/10 13:17:21.633, 1, 4399, 70
2026/08/10 13:17:22.702, 0, 2981, 77
2026/08/10 13:17:22.705, 1, 6639, 100
2026/08/10 13:17:23.813, 0, 3397, 99
2026/08/10 13:17:23.820, 1, 4591, 92
2026/08/10 13:17:24.939, 0, 7269, 100
2026/08/10 13:17:24.947, 1, 7727, 20
2026/08/10 13:17:26.006, 0, 5189, 94
2026/08/10 13:17:26.010, 1, 5871, 86
2026/08/10 13:17:27.099, 0, 9093, 21
2026/08/10 13:17:27.107, 1, 8559, 12
2026/08/10 13:17:28.173, 0, 4101, 100
2026/08/10 13:17:28.177, 1, 5231, 74
2026/08/10 13:17:29.247, 0, 6661, 26
2026/08/10 13:17:29.250, 1, 8911, 100
2026/08/10 13:17:30.325, 0, 4357, 100
2026/08/10 13:17:30.329, 1, 5711, 100
2026/08/10 13:17:31.402, 0, 5189, 100
2026/08/10 13:17:31.407, 1, 6959, 100
2026/08/10 13:17:32.473, 0, 3717, 79
2026/08/10 13:17:32.477, 1, 4975, 98
2026/08/10 13:17:33.553, 0, 7493, 100
2026/08/10 13:17:33.561, 1, 10991, 100
2026/08/10 13:17:34.628, 0, 5157, 100
2026/08/10 13:17:34.632, 1, 6479, 86
2026/08/10 13:17:35.716, 0, 5125, 100
2026/08/10 13:17:35.719, 1, 6767, 98
2026/08/10 13:17:36.785, 0, 4389, 100
2026/08/10 13:17:36.787, 1, 6255, 53
2026/08/10 13:17:37.873, 0, 5445, 100
2026/08/10 13:17:37.878, 1, 5487, 100
2026/08/10 13:17:38.945, 0, 4293, 94
2026/08/10 13:17:38.949, 1, 6703, 72
2026/08/10 13:17:40.036, 0, 6917, 36
2026/08/10 13:17:40.039, 1, 7375, 65
2026/08/10 13:17:41.099, 0, 4133, 76
2026/08/10 13:17:41.105, 1, 6991, 73
2026/08/10 13:17:42.200, 0, 6725, 100
2026/08/10 13:17:42.214, 1, 6479, 100
2026/08/10 13:17:43.316, 0, 8325, 99
2026/08/10 13:17:43.320, 1, 5231, 67
2026/08/10 13:17:44.367, 0, 8773, 100
2026/08/10 13:17:44.370, 1, 7951, 100
2026/08/10 13:17:45.412, 0, 7269, 100
2026/08/10 13:17:45.415, 1, 6191, 95
2026/08/10 13:17:46.487, 0, 3973, 60
2026/08/10 13:17:46.495, 1, 5327, 91
2026/08/10 13:17:47.562, 0, 5061, 98
2026/08/10 13:17:47.564, 1, 9007, 100
2026/08/10 13:17:48.639, 0, 3781, 72
2026/08/10 13:17:48.646, 1, 5007, 7
2026/08/10 13:17:49.705, 0, 9285, 99
2026/08/10 13:17:49.708, 1, 6383, 92
2026/08/10 13:17:50.792, 0, 4229, 54
2026/08/10 13:17:50.800, 1, 6255, 15
2026/08/10 13:17:51.868, 0, 5061, 99
2026/08/10 13:17:51.870, 1, 5903, 100
2026/08/10 13:17:52.912, 0, 7525, 0
2026/08/10 13:17:52.915, 1, 6447, 100
2026/08/10 13:17:53.957, 0, 7429, 100
2026/08/10 13:17:53.959, 1, 11471, 86
2026/08/10 13:17:55.001, 0, 3109, 0
2026/08/10 13:17:55.005, 1, 4847, 100
2026/08/10 13:17:56.056, 0, 5925, 100
2026/08/10 13:17:56.058, 1, 6703, 93
2026/08/10 13:17:57.119, 0, 4229, 98
2026/08/10 13:17:57.122, 1, 5583, 95
2026/08/10 13:17:58.189, 0, 4325, 0
2026/08/10 13:17:58.196, 1, 7119, 69
2026/08/10 13:17:59.298, 0, 7141, 80
2026/08/10 13:17:59.302, 1, 8143, 100
2026/08/10 13:18:00.392, 0, 7301, 99
2026/08/10 13:18:00.401, 1, 6415, 100
2026/08/10 13:18:01.478, 0, 4805, 100
2026/08/10 13:18:01.480, 1, 7471, 67
2026/08/10 13:18:02.526, 0, 10117, 33
2026/08/10 13:18:02.529, 1, 10223, 100
2026/08/10 13:18:03.584, 0, 3205, 85
2026/08/10 13:18:03.592, 1, 4943, 2
2026/08/10 13:18:04.647, 0, 10533, 100
2026/08/10 13:18:04.650, 1, 6959, 96
2026/08/10 13:18:05.709, 0, 3589, 90
2026/08/10 13:18:05.713, 1, 5295, 4
2026/08/10 13:18:06.761, 0, 6085, 100
2026/08/10 13:18:06.764, 1, 10671, 100
2026/08/10 13:18:07.816, 0, 3365, 91
2026/08/10 13:18:07.821, 1, 7407, 8
2026/08/10 13:18:08.870, 0, 7717, 100
2026/08/10 13:18:08.872, 1, 10223, 94
2026/08/10 13:18:09.951, 0, 3365, 0
2026/08/10 13:18:09.954, 1, 5359, 100
2026/08/10 13:18:11.000, 0, 9221, 100
2026/08/10 13:18:11.002, 1, 8847, 93
2026/08/10 13:18:12.091, 0, 3109, 77
2026/08/10 13:18:12.098, 1, 6319, 61
2026/08/10 13:18:13.174, 0, 5189, 94
2026/08/10 13:18:13.177, 1, 6255, 100
2026/08/10 13:18:14.251, 0, 4581, 60
2026/08/10 13:18:14.258, 1, 6063, 82
2026/08/10 13:18:15.312, 0, 4933, 98
2026/08/10 13:18:15.316, 1, 5551, 88
2026/08/10 13:18:16.400, 0, 4773, 57
2026/08/10 13:18:16.404, 1, 6319, 57
2026/08/10 13:18:17.492, 0, 6085, 100
2026/08/10 13:18:17.502, 1, 4655, 100
2026/08/10 13:18:18.590, 0, 3429, 89
2026/08/10 13:18:18.594, 1, 3983, 87
2026/08/10 13:18:19.666, 0, 5189, 67
2026/08/10 13:18:19.670, 1, 6543, 100
2026/08/10 13:18:20.751, 0, 4453, 100
2026/08/10 13:18:20.757, 1, 5839, 100
2026/08/10 13:18:21.818, 0, 4357, 100
2026/08/10 13:18:21.820, 1, 5839, 74
2026/08/10 13:18:22.901, 0, 8517, 98
2026/08/10 13:18:22.909, 1, 6959, 60
2026/08/10 13:18:24.012, 0, 3237, 100
2026/08/10 13:18:24.018, 1, 4015, 20
2026/08/10 13:18:25.112, 0, 4901, 35
2026/08/10 13:18:25.118, 1, 7471, 100
2026/08/10 13:18:26.232, 0, 6149, 81
2026/08/10 13:18:26.238, 1, 5711, 74
2026/08/10 13:18:27.307, 0, 8869, 100
2026/08/10 13:18:27.310, 1, 7247, 95
2026/08/10 13:18:28.373, 0, 5413, 100
2026/08/10 13:18:28.376, 1, 5231, 79
2026/08/10 13:18:29.460, 0, 3461, 7
2026/08/10 13:18:29.471, 1, 4527, 100
2026/08/10 13:18:30.535, 0, 3557, 97
2026/08/10 13:18:30.539, 1, 4591, 100
2026/08/10 13:18:31.622, 0, 4197, 100
2026/08/10 13:18:31.626, 1, 4143, 100
2026/08/10 13:18:32.673, 0, 5829, 100
2026/08/10 13:18:32.676, 1, 7727, 96
2026/08/10 13:18:33.721, 0, 8357, 100
2026/08/10 13:18:33.724, 1, 4495, 89
2026/08/10 13:18:34.776, 0, 8645, 97
2026/08/10 13:18:34.778, 1, 6671, 68
2026/08/10 13:18:35.845, 0, 4485, 71
2026/08/10 13:18:35.849, 1, 5039, 10
2026/08/10 13:18:36.939, 0, 3461, 92
2026/08/10 13:18:36.945, 1, 6031, 68
2026/08/10 13:18:38.014, 0, 6917, 84
2026/08/10 13:18:38.018, 1, 5967, 76
2026/08/10 13:18:39.085, 0, 3365, 79
2026/08/10 13:18:39.088, 1, 7887, 100
2026/08/10 13:18:40.134, 0, 4613, 100
2026/08/10 13:18:40.138, 1, 5263, 100
2026/08/10 13:18:41.218, 0, 4549, 96
2026/08/10 13:18:41.227, 1, 4751, 16
2026/08/10 13:18:42.290, 0, 3781, 100
2026/08/10 13:18:42.293, 1, 5583, 83
2026/08/10 13:18:43.342, 0, 3141, 94
2026/08/10 13:18:43.348, 1, 3823, 20
2026/08/10 13:18:44.424, 0, 5733, 100
2026/08/10 13:18:44.427, 1, 5839, 100
2026/08/10 13:18:45.473, 0, 3557, 15
2026/08/10 13:18:45.476, 1, 4719, 23
2026/08/10 13:18:46.537, 0, 7621, 11
2026/08/10 13:18:46.540, 1, 5007, 100
2026/08/10 13:18:47.619, 0, 4581, 100
2026/08/10 13:18:47.627, 1, 5903, 85
2026/08/10 13:18:48.680, 0, 3269, 100
2026/08/10 13:18:48.683, 1, 5935, 100
2026/08/10 13:18:49.769, 0, 3781, 100
2026/08/10 13:18:49.772, 1, 6639, 100
2026/08/10 13:18:50.850, 0, 3973, 87
2026/08/10 13:18:50.852, 1, 4911, 80
2026/08/10 13:18:51.911, 0, 5477, 11
2026/08/10 13:18:51.914, 1, 7567, 100
2026/08/10 13:18:52.980, 0, 3205, 21
2026/08/10 13:18:52.988, 1, 4271, 86
2026/08/10 13:18:54.066, 0, 7077, 87
2026/08/10 13:18:54.068, 1, 5935, 87
2026/08/10 13:18:55.154, 0, 4037, 93
2026/08/10 13:18:55.162, 1, 5551, 96
2026/08/10 13:18:56.233, 0, 6981, 69
2026/08/10 13:18:56.236, 1, 7823, 70
2026/08/10 13:18:57.311, 0, 3749, 46
2026/08/10 13:18:57.319, 1, 5007, 55
2026/08/10 13:18:58.391, 0, 7781, 100
2026/08/10 13:18:58.395, 1, 7919, 100
2026/08/10 13:18:59.465, 0, 3973, 82
2026/08/10 13:18:59.469, 1, 5167, 96
2026/08/10 13:19:00.514, 0, 5093, 100
2026/08/10 13:19:00.518, 1, 5391, 99
2026/08/10 13:19:01.562, 0, 5189, 89
2026/08/10 13:19:01.564, 1, 9647, 100
2026/08/10 13:19:02.613, 0, 3781, 31
2026/08/10 13:19:02.617, 1, 5295, 67
2026/08/10 13:19:03.696, 0, 2917, 100
2026/08/10 13:19:03.709, 1, 3983, 100
2026/08/10 13:19:04.804, 0, 3973, 100
2026/08/10 13:19:04.817, 1, 7151, 100
2026/08/10 13:19:05.919, 0, 3173, 100
2026/08/10 13:19:05.929, 1, 6639, 48
2026/08/10 13:19:07.023, 0, 4773, 61
2026/08/10 13:19:07.029, 1, 4815, 53
2026/08/10 13:19:08.110, 0, 5637, 100
2026/08/10 13:19:08.113, 1, 4431, 6
2026/08/10 13:19:09.203, 0, 3685, 97
2026/08/10 13:19:09.209, 1, 4463, 51
2026/08/10 13:19:10.285, 0, 8325, 100
2026/08/10 13:19:10.288, 1, 9167, 37
2026/08/10 13:19:11.336, 0, 7845, 57
2026/08/10 13:19:11.340, 1, 9167, 63
2026/08/10 13:19:12.421, 0, 4677, 66
2026/08/10 13:19:12.431, 1, 10831, 100
2026/08/10 13:19:13.526, 0, 5605, 51
2026/08/10 13:19:13.534, 1, 5967, 38
2026/08/10 13:19:14.642, 0, 3813, 66
2026/08/10 13:19:14.650, 1, 7855, 100
2026/08/10 13:19:15.723, 0, 5989, 100
2026/08/10 13:19:15.726, 1, 6511, 76
2026/08/10 13:19:16.789, 0, 9253, 48
2026/08/10 13:19:16.792, 1, 7279, 79
2026/08/10 13:19:17.879, 0, 6213, 100
2026/08/10 13:19:17.885, 1, 3919, 100
2026/08/10 13:19:18.947, 0, 3589, 76
2026/08/10 13:19:18.950, 1, 6447, 99
2026/08/10 13:19:20.030, 0, 2661, 99
2026/08/10 13:19:20.036, 1, 4399, 74
2026/08/10 13:19:21.121, 0, 4133, 91
2026/08/10 13:19:21.124, 1, 6191, 92
2026/08/10 13:19:22.207, 0, 4837, 92
2026/08/10 13:19:22.211, 1, 6799, 63
2026/08/10 13:19:23.263, 0, 6149, 100
2026/08/10 13:19:23.265, 1, 10639, 68
2026/08/10 13:19:24.316, 0, 3461, 82
2026/08/10 13:19:24.320, 1, 4207, 11
2026/08/10 13:19:25.378, 0, 5189, 100
2026/08/10 13:19:25.381, 1, 5903, 97
2026/08/10 13:19:26.431, 0, 4901, 93
2026/08/10 13:19:26.434, 1, 10383, 86
2026/08/10 13:19:27.511, 0, 5477, 97
2026/08/10 13:19:27.517, 1, 11119, 100
2026/08/10 13:19:28.567, 0, 4197, 99
2026/08/10 13:19:28.570, 1, 4783, 74
2026/08/10 13:19:29.643, 0, 5605, 87
2026/08/10 13:19:29.647, 1, 4335, 100
2026/08/10 13:19:30.704, 0, 4965, 90
2026/08/10 13:19:30.707, 1, 5935, 100
2026/08/10 13:19:31.756, 0, 4165, 26
2026/08/10 13:19:31.759, 1, 4847, 100
2026/08/10 13:19:32.843, 0, 4709, 87
2026/08/10 13:19:32.850, 1, 5263, 100
2026/08/10 13:19:33.925, 0, 4325, 75
2026/08/10 13:19:33.928, 1, 4879, 100
2026/08/10 13:19:34.975, 0, 3109, 100
2026/08/10 13:19:34.978, 1, 4623, 94
2026/08/10 13:19:36.022, 0, 3781, 97
2026/08/10 13:19:36.025, 1, 5391, 39
2026/08/10 13:19:37.075, 0, 3621, 100
2026/08/10 13:19:37.078, 1, 4559, 86
2026/08/10 13:19:38.163, 0, 3525, 91
2026/08/10 13:19:38.170, 1, 5359, 52
2026/08/10 13:19:39.259, 0, 5861, 100
2026/08/10 13:19:39.262, 1, 4655, 70
2026/08/10 13:19:40.380, 0, 2981, 98
2026/08/10 13:19:40.386, 1, 5103, 90
2026/08/10 13:19:41.476, 0, 4261, 79
2026/08/10 13:19:41.483, 1, 4783, 92
2026/08/10 13:19:42.556, 0, 6693, 74
2026/08/10 13:19:42.561, 1, 8847, 100
2026/08/10 13:19:43.634, 0, 4965, 35
2026/08/10 13:19:43.638, 1, 5391, 78
2026/08/10 13:19:44.711, 0, 8101, 100
2026/08/10 13:19:44.715, 1, 5391, 100
2026/08/10 13:19:45.772, 0, 4613, 63
2026/08/10 13:19:45.775, 1, 6479, 74
2026/08/10 13:19:46.818, 0, 6245, 23
2026/08/10 13:19:46.821, 1, 5103, 12
2026/08/10 13:19:47.866, 0, 3333, 63
2026/08/10 13:19:47.869, 1, 4559, 79
2026/08/10 13:19:48.944, 0, 5093, 72
2026/08/10 13:19:48.948, 1, 4783, 100
2026/08/10 13:19:50.043, 0, 4389, 98
2026/08/10 13:19:50.052, 1, 6095, 49
2026/08/10 13:19:51.150, 0, 4005, 89
2026/08/10 13:19:51.158, 1, 4111, 8
2026/08/10 13:19:52.245, 0, 2789, 63
2026/08/10 13:19:52.251, 1, 4559, 31
2026/08/10 13:19:53.370, 0, 3301, 88
2026/08/10 13:19:53.378, 1, 4815, 92
2026/08/10 13:19:54.449, 0, 6789, 100
2026/08/10 13:19:54.453, 1, 7855, 88
2026/08/10 13:19:55.530, 0, 5541, 100
2026/08/10 13:19:55.536, 1, 7919, 91
2026/08/10 13:19:56.601, 0, 5925, 97
2026/08/10 13:19:56.605, 1, 5199, 74
2026/08/10 13:19:57.668, 0, 3493, 31
2026/08/10 13:19:57.676, 1, 8175, 95
2026/08/10 13:19:58.736, 0, 6885, 60
2026/08/10 13:19:58.739, 1, 6831, 83
2026/08/10 13:19:59.805, 0, 12517, 100
2026/08/10 13:19:59.813, 1, 8495, 99
2026/08/10 13:20:00.912, 0, 4645, 53
2026/08/10 13:20:00.916, 1, 5039, 91
2026/08/10 13:20:01.971, 0, 5061, 73
2026/08/10 13:20:01.974, 1, 9615, 100
2026/08/10 13:20:03.038, 0, 3237, 100
2026/08/10 13:20:03.046, 1, 4143, 67
2026/08/10 13:20:04.130, 0, 4101, 100
2026/08/10 13:20:04.134, 1, 6927, 81
2026/08/10 13:20:05.184, 0, 3397, 78
2026/08/10 13:20:05.186, 1, 8015, 89
2026/08/10 13:20:06.257, 0, 7941, 89
2026/08/10 13:20:06.260, 1, 5679, 79
2026/08/10 13:20:07.341, 0, 3237, 0
2026/08/10 13:20:07.344, 1, 4431, 73
2026/08/10 13:20:08.431, 0, 5285, 100
2026/08/10 13:20:08.441, 1, 5807, 99
2026/08/10 13:20:09.508, 0, 4421, 100
2026/08/10 13:20:09.511, 1, 6415, 100
2026/08/10 13:20:10.559, 0, 8261, 85
2026/08/10 13:20:10.561, 1, 9455, 100
2026/08/10 13:20:11.619, 0, 3493, 49
2026/08/10 13:20:11.623, 1, 7471, 64
2026/08/10 13:20:12.706, 0, 4773, 90
2026/08/10 13:20:12.713, 1, 9263, 100
2026/08/10 13:20:13.821, 0, 4389, 56
2026/08/10 13:20:13.832, 1, 5903, 86
2026/08/10 13:20:14.906, 0, 7077, 100
2026/08/10 13:20:14.912, 1, 12175, 10
2026/08/10 13:20:15.974, 0, 4453, 96
2026/08/10 13:20:15.978, 1, 6479, 84
2026/08/10 13:20:17.074, 0, 5637, 100
2026/08/10 13:20:17.082, 1, 7343, 49
2026/08/10 13:20:18.154, 0, 4613, 99
2026/08/10 13:20:18.158, 1, 5711, 72
2026/08/10 13:20:19.230, 0, 9861, 99
2026/08/10 13:20:19.238, 1, 6703, 100
2026/08/10 13:20:20.297, 0, 4933, 100
2026/08/10 13:20:20.301, 1, 6447, 100
2026/08/10 13:20:21.346, 0, 4869, 8
2026/08/10 13:20:21.350, 1, 6095, 49
2026/08/10 13:20:22.395, 0, 3685, 51
2026/08/10 13:20:22.398, 1, 5135, 98
2026/08/10 13:20:23.455, 0, 7397, 79
2026/08/10 13:20:23.463, 1, 9263, 100
2026/08/10 13:20:24.575, 0, 3589, 99
2026/08/10 13:20:24.582, 1, 4399, 100
2026/08/10 13:20:25.669, 0, 5509, 69
2026/08/10 13:20:25.672, 1, 5519, 100
2026/08/10 13:20:26.759, 0, 5445, 88
2026/08/10 13:20:26.762, 1, 4175, 100
2026/08/10 13:20:27.834, 0, 5029, 82
2026/08/10 13:20:27.837, 1, 7951, 29
2026/08/10 13:20:28.884, 0, 5669, 93
2026/08/10 13:20:28.887, 1, 7087, 100
2026/08/10 13:20:29.936, 0, 4261, 99
2026/08/10 13:20:29.939, 1, 5231, 93
2026/08/10 13:20:30.984, 0, 4549, 93
2026/08/10 13:20:30.987, 1, 6287, 98
2026/08/10 13:20:32.035, 0, 5701, 86
2026/08/10 13:20:32.039, 1, 5391, 100
2026/08/10 13:20:33.086, 0, 4357, 100
2026/08/10 13:20:33.091, 1, 6639, 96
2026/08/10 13:20:34.175, 0, 3525, 81
2026/08/10 13:20:34.183, 1, 4751, 68
2026/08/10 13:20:35.250, 0, 7237, 98
2026/08/10 13:20:35.254, 1, 9295, 76
2026/08/10 13:20:36.342, 0, 6885, 62
2026/08/10 13:20:36.347, 1, 6799, 70
2026/08/10 13:20:37.409, 0, 9445, 97
2026/08/10 13:20:37.412, 1, 8783, 100
2026/08/10 13:20:38.506, 0, 4325, 76
2026/08/10 13:20:38.515, 1, 5839, 81
2026/08/10 13:20:39.624, 0, 3525, 95
2026/08/10 13:20:39.627, 1, 4239, 80
2026/08/10 13:20:40.701, 0, 5477, 100
2026/08/10 13:20:40.704, 1, 5679, 100
2026/08/10 13:20:41.751, 0, 3525, 100
2026/08/10 13:20:41.754, 1, 4783, 100
2026/08/10 13:20:42.805, 0, 3813, 83
2026/08/10 13:20:42.808, 1, 4655, 91
2026/08/10 13:20:43.855, 0, 4133, 97
2026/08/10 13:20:43.859, 1, 5839, 100
2026/08/10 13:20:44.909, 0, 3397, 92
2026/08/10 13:20:44.912, 1, 4783, 97
2026/08/10 13:20:45.957, 0, 3109, 100
2026/08/10 13:20:45.960, 1, 6383, 100
2026/08/10 13:20:47.004, 0, 7621, 0
2026/08/10 13:20:47.007, 1, 9711, 64
2026/08/10 13:20:48.050, 0, 6117, 4
2026/08/10 13:20:48.052, 1, 6159, 100
2026/08/10 13:20:49.097, 0, 6181, 92
2026/08/10 13:20:49.101, 1, 5807, 56
2026/08/10 13:20:50.180, 0, 5253, 91
2026/08/10 13:20:50.186, 1, 4495, 98
2026/08/10 13:20:51.244, 0, 4869, 100
2026/08/10 13:20:51.247, 1, 6735, 95
2026/08/10 13:20:52.289, 0, 4005, 100
2026/08/10 13:20:52.292, 1, 5007, 67
2026/08/10 13:20:53.336, 0, 6117, 95
2026/08/10 13:20:53.339, 1, 6511, 50
2026/08/10 13:20:54.384, 0, 3749, 75
2026/08/10 13:20:54.388, 1, 4943, 100
2026/08/10 13:20:55.432, 0, 7493, 100
2026/08/10 13:20:55.435, 1, 6191, 100
2026/08/10 13:20:56.479, 0, 5061, 95
2026/08/10 13:20:56.482, 1, 5391, 67
2026/08/10 13:20:57.563, 0, 2821, 100
2026/08/10 13:20:57.570, 1, 4143, 100
2026/08/10 13:20:58.633, 0, 3301, 99
2026/08/10 13:20:58.637, 1, 4335, 100
2026/08/10 13:20:59.693, 0, 5381, 73
2026/08/10 13:20:59.696, 1, 5775, 100
2026/08/10 13:21:00.742, 0, 3397, 72
2026/08/10 13:21:00.745, 1, 5935, 100
2026/08/10 13:21:01.797, 0, 4005, 85
2026/08/10 13:21:01.800, 1, 5071, 100
2026/08/10 13:21:02.846, 0, 5157, 84
2026/08/10 13:21:02.849, 1, 8751, 90
2026/08/10 13:21:03.897, 0, 3173, 100
2026/08/10 13:21:03.901, 1, 6319, 100
2026/08/10 13:21:04.947, 0, 4485, 90
2026/08/10 13:21:04.950, 1, 6831, 93
2026/08/10 13:21:06.033, 0, 3269, 100
2026/08/10 13:21:06.040, 1, 4143, 92
2026/08/10 13:21:07.093, 0, 8261, 100
2026/08/10 13:21:07.096, 1, 7887, 100
2026/08/10 13:21:08.152, 0, 4613, 100
2026/08/10 13:21:08.163, 1, 5135, 76
2026/08/10 13:21:09.277, 0, 8357, 41
2026/08/10 13:21:09.282, 1, 5615, 95
2026/08/10 13:21:10.349, 0, 3237, 85
2026/08/10 13:21:10.352, 1, 5263, 81
2026/08/10 13:21:11.433, 0, 4709, 69
2026/08/10 13:21:11.441, 1, 7215, 100
2026/08/10 13:21:12.520, 0, 3909, 91
2026/08/10 13:21:12.524, 1, 4943, 100
2026/08/10 13:21:13.602, 0, 5285, 95
2026/08/10 13:21:13.605, 1, 4175, 73
2026/08/10 13:21:14.652, 0, 6085, 79
2026/08/10 13:21:14.656, 1, 6159, 83
2026/08/10 13:21:15.701, 0, 4549, 85
2026/08/10 13:21:15.704, 1, 5199, 83
2026/08/10 13:21:16.747, 0, 4389, 100
2026/08/10 13:21:16.750, 1, 5903, 98
2026/08/10 13:21:17.796, 0, 3429, 91
2026/08/10 13:21:17.799, 1, 4495, 99
2026/08/10 13:21:18.869, 0, 3237, 100
2026/08/10 13:21:18.875, 1, 4207, 100
2026/08/10 13:21:19.946, 0, 6693, 89
2026/08/10 13:21:19.949, 1, 6991, 96
2026/08/10 13:21:21.047, 0, 4389, 91
2026/08/10 13:21:21.057, 1, 5263, 100
2026/08/10 13:21:22.110, 0, 5605, 56
2026/08/10 13:21:22.112, 1, 8591, 100
2026/08/10 13:21:23.152, 0, 4421, 82
2026/08/10 13:21:23.154, 1, 6447, 98
2026/08/10 13:21:24.229, 0, 5765, 88
2026/08/10 13:21:24.238, 1, 5519, 98
2026/08/10 13:21:25.353, 0, 3429, 86
2026/08/10 13:21:25.360, 1, 4655, 100
2026/08/10 13:21:26.437, 0, 4997, 57
2026/08/10 13:21:26.440, 1, 4463, 100
2026/08/10 13:21:27.489, 0, 4421, 83
2026/08/10 13:21:27.492, 1, 5583, 100
2026/08/10 13:21:28.593, 0, 5445, 100
2026/08/10 13:21:28.599, 1, 3631, 82
2026/08/10 13:21:29.665, 0, 5157, 96
2026/08/10 13:21:29.668, 1, 7279, 74
2026/08/10 13:21:30.756, 0, 3781, 47
2026/08/10 13:21:30.764, 1, 5423, 94
2026/08/10 13:21:31.826, 0, 5541, 100
2026/08/10 13:21:31.828, 1, 9487, 100
2026/08/10 13:21:32.877, 0, 4645, 99
2026/08/10 13:21:32.880, 1, 4911, 45
2026/08/10 13:21:33.973, 0, 6213, 96
2026/08/10 13:21:33.979, 1, 7055, 11
2026/08/10 13:21:35.051, 0, 4133, 59
2026/08/10 13:21:35.053, 1, 6223, 75
2026/08/10 13:21:36.098, 0, 6565, 36
2026/08/10 13:21:36.101, 1, 11695, 100
2026/08/10 13:21:37.148, 0, 3941, 80
2026/08/10 13:21:37.151, 1, 4847, 93
2026/08/10 13:21:38.225, 0, 6693, 7
2026/08/10 13:21:38.228, 1, 4751, 69
2026/08/10 13:21:39.295, 0, 6021, 81
2026/08/10 13:21:39.297, 1, 6191, 91
2026/08/10 13:21:40.358, 0, 6693, 7
2026/08/10 13:21:40.361, 1, 5743, 100
2026/08/10 13:21:41.422, 0, 3685, 28
2026/08/10 13:21:41.426, 1, 5455, 100
2026/08/10 13:21:42.475, 0, 3909, 34
2026/08/10 13:21:42.478, 1, 4495, 93
2026/08/10 13:21:43.523, 0, 4613, 41
2026/08/10 13:21:43.527, 1, 4751, 95
2026/08/10 13:21:44.605, 0, 7397, 91
2026/08/10 13:21:44.615, 1, 7407, 100
2026/08/10 13:21:45.670, 0, 4037, 89
2026/08/10 13:21:45.673, 1, 6063, 59
2026/08/10 13:21:46.718, 0, 4389, 82
2026/08/10 13:21:46.721, 1, 5839, 100
2026/08/10 13:21:47.766, 0, 3589, 90
2026/08/10 13:21:47.769, 1, 6543, 97
2026/08/10 13:21:48.815, 0, 6469, 18
2026/08/10 13:21:48.818, 1, 5391, 100
2026/08/10 13:21:49.914, 0, 3685, 80
2026/08/10 13:21:49.921, 1, 5231, 100
2026/08/10 13:21:50.987, 0, 7429, 96
2026/08/10 13:21:50.990, 1, 7023, 100
2026/08/10 13:21:52.036, 0, 6533, 6
2026/08/10 13:21:52.039, 1, 5679, 100
2026/08/10 13:21:53.105, 0, 5381, 0
2026/08/10 13:21:53.113, 1, 9167, 33
2026/08/10 13:21:54.180, 0, 3557, 100
2026/08/10 13:21:54.183, 1, 4943, 98
2026/08/10 13:21:55.265, 0, 4133, 16
2026/08/10 13:21:55.272, 1, 7471, 100
2026/08/10 13:21:56.355, 0, 6853, 89
2026/08/10 13:21:56.359, 1, 5807, 98
2026/08/10 13:21:57.425, 0, 4197, 93
2026/08/10 13:21:57.428, 1, 5903, 100
2026/08/10 13:21:58.509, 0, 3621, 1
2026/08/10 13:21:58.515, 1, 5583, 70
2026/08/10 13:21:59.576, 0, 5125, 86
2026/08/10 13:21:59.579, 1, 8015, 100
2026/08/10 13:22:00.668, 0, 5349, 34
2026/08/10 13:22:00.675, 1, 4943, 82
2026/08/10 13:22:01.744, 0, 5221, 100
2026/08/10 13:22:01.747, 1, 10127, 77
2026/08/10 13:22:02.818, 0, 3109, 100
2026/08/10 13:22:02.822, 1, 4271, 90
2026/08/10 13:22:03.890, 0, 7493, 100
2026/08/10 13:22:03.893, 1, 7599, 33
2026/08/10 13:22:04.941, 0, 4229, 5
2026/08/10 13:22:04.944, 1, 5039, 97
2026/08/10 13:22:06.013, 0, 2757, 97
2026/08/10 13:22:06.017, 1, 4015, 29
2026/08/10 13:22:07.063, 0, 4677, 78
2026/08/10 13:22:07.065, 1, 5391, 100
2026/08/10 13:22:08.157, 0, 3909, 100
2026/08/10 13:22:08.167, 1, 4879, 57
2026/08/10 13:22:09.267, 0, 4837, 100
2026/08/10 13:22:09.274, 1, 6415, 90
2026/08/10 13:22:10.384, 0, 3813, 87
2026/08/10 13:22:10.388, 1, 4911, 95
2026/08/10 13:22:11.444, 0, 3749, 0
2026/08/10 13:22:11.447, 1, 5039, 98
2026/08/10 13:22:12.496, 0, 3333, 79
2026/08/10 13:22:12.499, 1, 4783, 92
2026/08/10 13:22:13.544, 0, 4293, 100
2026/08/10 13:22:13.547, 1, 6511, 100
2026/08/10 13:22:14.616, 0, 3461, 54
2026/08/10 13:22:14.621, 1, 5071, 21
2026/08/10 13:22:15.667, 0, 6757, 100
2026/08/10 13:22:15.670, 1, 7247, 96
2026/08/10 13:22:16.751, 0, 7429, 100
2026/08/10 13:22:16.754, 1, 9359, 87
2026/08/10 13:22:17.807, 0, 5925, 86
2026/08/10 13:22:17.810, 1, 5711, 93
2026/08/10 13:22:18.905, 0, 3045, 93
2026/08/10 13:22:18.916, 1, 4367, 85
2026/08/10 13:22:19.998, 0, 5957, 82
2026/08/10 13:22:20.000, 1, 6511, 93
2026/08/10 13:22:21.045, 0, 5733, 65
2026/08/10 13:22:21.051, 1, 5871, 97
2026/08/10 13:22:22.141, 0, 6181, 91
2026/08/10 13:22:22.149, 1, 5455, 100
2026/08/10 13:22:23.227, 0, 3909, 21
2026/08/10 13:22:23.234, 1, 4399, 99
2026/08/10 13:22:24.330, 0, 3365, 0
2026/08/10 13:22:24.335, 1, 4783, 80
2026/08/10 13:22:25.412, 0, 4613, 42
2026/08/10 13:22:25.416, 1, 4207, 99
2026/08/10 13:22:26.467, 0, 3717, 92
2026/08/10 13:22:26.470, 1, 5455, 100
2026/08/10 13:22:27.513, 0, 3429, 70
2026/08/10 13:22:27.515, 1, 5487, 3
2026/08/10 13:22:28.560, 0, 4421, 75
2026/08/10 13:22:28.566, 1, 7503, 47
2026/08/10 13:22:29.674, 0, 5509, 93
2026/08/10 13:22:29.684, 1, 6671, 66
2026/08/10 13:22:30.799, 0, 3109, 100
2026/08/10 13:22:30.802, 1, 4527, 100
2026/08/10 13:22:31.857, 0, 6501, 100
2026/08/10 13:22:31.860, 1, 5583, 81
2026/08/10 13:22:32.911, 0, 4005, 100
2026/08/10 13:22:32.914, 1, 4463, 93
2026/08/10 13:22:33.958, 0, 3429, 98
2026/08/10 13:22:33.961, 1, 4719, 72
2026/08/10 13:22:35.007, 0, 3301, 100
2026/08/10 13:22:35.010, 1, 5679, 100
2026/08/10 13:22:36.054, 0, 4453, 85
2026/08/10 13:22:36.057, 1, 5231, 96
2026/08/10 13:22:37.101, 0, 4165, 94
2026/08/10 13:22:37.104, 1, 5999, 100
2026/08/10 13:22:38.150, 0, 4997, 98
2026/08/10 13:22:38.152, 1, 6799, 100
2026/08/10 13:22:39.242, 0, 3685, 85
2026/08/10 13:22:39.252, 1, 4911, 100
2026/08/10 13:22:40.324, 0, 3589, 100
2026/08/10 13:22:40.328, 1, 5007, 51
2026/08/10 13:22:41.373, 0, 3749, 100
2026/08/10 13:22:41.376, 1, 6735, 9
2026/08/10 13:22:42.419, 0, 3813, 43
2026/08/10 13:22:42.422, 1, 5295, 26
2026/08/10 13:22:43.466, 0, 6821, 73
2026/08/10 13:22:43.470, 1, 5135, 99
2026/08/10 13:22:44.536, 0, 5253, 100
2026/08/10 13:22:44.544, 1, 5807, 68
2026/08/10 13:22:45.662, 0, 3077, 100
2026/08/10 13:22:45.665, 1, 4655, 100
2026/08/10 13:22:46.718, 0, 4485, 100
2026/08/10 13:22:46.721, 1, 6671, 100
2026/08/10 13:22:47.815, 0, 2949, 90
2026/08/10 13:22:47.822, 1, 4943, 100
2026/08/10 13:22:48.896, 0, 6213, 99
2026/08/10 13:22:48.898, 1, 6159, 60
2026/08/10 13:22:49.941, 0, 3205, 4
2026/08/10 13:22:49.944, 1, 4975, 100
2026/08/10 13:22:50.989, 0, 4677, 96
2026/08/10 13:22:50.991, 1, 7119, 100
2026/08/10 13:22:52.037, 0, 4677, 51
2026/08/10 13:22:52.040, 1, 4847, 100
2026/08/10 13:22:53.083, 0, 3429, 76
2026/08/10 13:22:53.086, 1, 6703, 97
2026/08/10 13:22:54.127, 0, 5445, 89
2026/08/10 13:22:54.129, 1, 5967, 95
2026/08/10 13:22:55.171, 0, 4837, 89
2026/08/10 13:22:55.173, 1, 7919, 98
2026/08/10 13:22:56.230, 0, 4645, 100
2026/08/10 13:22:56.233, 1, 4559, 69
2026/08/10 13:22:57.356, 0, 5317, 100
2026/08/10 13:22:57.362, 1, 6351, 57
2026/08/10 13:22:58.418, 0, 9669, 100
2026/08/10 13:22:58.422, 1, 9263, 47
2026/08/10 13:22:59.477, 0, 5285, 93
2026/08/10 13:22:59.484, 1, 10191, 17
2026/08/10 13:23:00.568, 0, 5701, 100
2026/08/10 13:23:00.575, 1, 5455, 95
2026/08/10 13:23:01.634, 0, 7365, 98
2026/08/10 13:23:01.636, 1, 9167, 100
2026/08/10 13:23:02.706, 0, 4005, 40
2026/08/10 13:23:02.709, 1, 5871, 7
2026/08/10 13:23:03.759, 0, 5221, 100
2026/08/10 13:23:03.764, 1, 7791, 100
2026/08/10 13:23:04.829, 0, 6917, 0
2026/08/10 13:23:04.832, 1, 5711, 49
2026/08/10 13:23:05.920, 0, 6181, 100
2026/08/10 13:23:05.923, 1, 10831, 13
2026/08/10 13:23:07.037, 0, 4101, 44
2026/08/10 13:23:07.044, 1, 5583, 70
2026/08/10 13:23:08.128, 0, 6917, 80
2026/08/10 13:23:08.132, 1, 6255, 100
2026/08/10 13:23:09.189, 0, 3589, 91
2026/08/10 13:23:09.191, 1, 9231, 91
2026/08/10 13:23:10.284, 0, 3237, 100
2026/08/10 13:23:10.290, 1, 4911, 34
2026/08/10 13:23:11.360, 0, 4293, 100
2026/08/10 13:23:11.362, 1, 11855, 100
2026/08/10 13:23:12.433, 0, 5765, 24
2026/08/10 13:23:12.440, 1, 5391, 76
2026/08/10 13:23:13.502, 0, 7781, 100
2026/08/10 13:23:13.507, 1, 8111, 89
2026/08/10 13:23:14.551, 0, 5189, 91
2026/08/10 13:23:14.557, 1, 5167, 11
2026/08/10 13:23:15.602, 0, 6949, 97
2026/08/10 13:23:15.609, 1, 6447, 34
2026/08/10 13:23:16.696, 0, 4325, 61
2026/08/10 13:23:16.702, 1, 5359, 2
2026/08/10 13:23:17.759, 0, 7557, 100
2026/08/10 13:23:17.761, 1, 6543, 100
2026/08/10 13:23:18.825, 0, 3557, 69
2026/08/10 13:23:18.829, 1, 5167, 30
2026/08/10 13:23:19.919, 0, 5029, 96
2026/08/10 13:23:19.926, 1, 5871, 13
2026/08/10 13:23:21.033, 0, 4133, 75
2026/08/10 13:23:21.042, 1, 4751, 100
2026/08/10 13:23:22.108, 0, 3269, 93
2026/08/10 13:23:22.111, 1, 5327, 85
2026/08/10 13:23:23.188, 0, 3109, 100
2026/08/10 13:23:23.191, 1, 4879, 15
2026/08/10 13:23:24.250, 0, 3109, 87
2026/08/10 13:23:24.253, 1, 4527, 86
2026/08/10 13:23:25.309, 0, 4133, 71
2026/08/10 13:23:25.313, 1, 5071, 68
2026/08/10 13:23:26.365, 0, 4069, 78
2026/08/10 13:23:26.368, 1, 4719, 100
2026/08/10 13:23:27.415, 0, 3653, 99
2026/08/10 13:23:27.419, 1, 5327, 100
2026/08/10 13:23:28.466, 0, 3045, 86
2026/08/10 13:23:28.469, 1, 4751, 100
2026/08/10 13:23:29.558, 0, 3077, 11
2026/08/10 13:23:29.566, 1, 4367, 28
2026/08/10 13:23:30.641, 0, 6437, 100
2026/08/10 13:23:30.643, 1, 6511, 100
2026/08/10 13:23:31.735, 0, 3813, 92
2026/08/10 13:23:31.744, 1, 5647, 2
2026/08/10 13:23:32.829, 0, 5381, 90
2026/08/10 13:23:32.839, 1, 10319, 75
2026/08/10 13:23:33.900, 0, 4293, 60
2026/08/10 13:23:33.903, 1, 5839, 97
2026/08/10 13:23:34.961, 0, 2501, 100
2026/08/10 13:23:34.964, 1, 5039, 80
2026/08/10 13:23:36.008, 0, 4613, 66
2026/08/10 13:23:36.010, 1, 6767, 100
2026/08/10 13:23:37.055, 0, 3877, 94
2026/08/10 13:23:37.058, 1, 4623, 87
2026/08/10 13:23:38.104, 0, 3557, 100
2026/08/10 13:23:38.108, 1, 8655, 97
2026/08/10 13:23:39.191, 0, 5349, 100
2026/08/10 13:23:39.199, 1, 4879, 59
2026/08/10 13:23:40.272, 0, 7525, 99
2026/08/10 13:23:40.275, 1, 7279, 97
2026/08/10 13:23:41.344, 0, 4293, 91
2026/08/10 13:23:41.348, 1, 5103, 93
2026/08/10 13:23:42.409, 0, 6181, 29
2026/08/10 13:23:42.417, 1, 4495, 86
2026/08/10 13:23:43.476, 0, 4517, 100
2026/08/10 13:23:43.479, 1, 6351, 100
2026/08/10 13:23:44.524, 0, 3493, 65
2026/08/10 13:23:44.527, 1, 5263, 61
2026/08/10 13:23:45.572, 0, 4517, 77
2026/08/10 13:23:45.574, 1, 5903, 100
2026/08/10 13:23:46.617, 0, 4101, 75
2026/08/10 13:23:46.619, 1, 6479, 82
2026/08/10 13:23:47.660, 0, 6533, 78
2026/08/10 13:23:47.662, 1, 8303, 94
2026/08/10 13:23:48.705, 0, 7909, 92
2026/08/10 13:23:48.707, 1, 7407, 21
2026/08/10 13:23:49.767, 0, 4421, 68
2026/08/10 13:23:49.770, 1, 6159, 93
2026/08/10 13:23:50.854, 0, 6373, 100
2026/08/10 13:23:50.859, 1, 6863, 99
2026/08/10 13:23:51.961, 0, 6213, 60
2026/08/10 13:23:51.969, 1, 6575, 40
2026/08/10 13:23:53.069, 0, 2917, 80
2026/08/10 13:23:53.072, 1, 5679, 0
2026/08/10 13:23:54.136, 0, 3237, 52
2026/08/10 13:23:54.139, 1, 4975, 63
2026/08/10 13:23:55.193, 0, 3941, 46
2026/08/10 13:23:55.196, 1, 5967, 16
2026/08/10 13:23:56.280, 0, 3141, 0
2026/08/10 13:23:56.282, 1, 4911, 52
2026/08/10 13:23:57.324, 0, 4741, 100
2026/08/10 13:23:57.327, 1, 5295, 93
2026/08/10 13:23:58.371, 0, 4165, 15
2026/08/10 13:23:58.374, 1, 4559, 11
2026/08/10 13:23:59.418, 0, 5477, 100
2026/08/10 13:23:59.421, 1, 5327, 81
2026/08/10 13:24:00.526, 0, 3365, 75
2026/08/10 13:24:00.536, 1, 5327, 85
2026/08/10 13:24:01.601, 0, 5957, 98
2026/08/10 13:24:01.604, 1, 6767, 100
2026/08/10 13:24:02.689, 0, 6629, 80
2026/08/10 13:24:02.692, 1, 5583, 43
2026/08/10 13:24:03.738, 0, 5509, 95
2026/08/10 13:24:03.741, 1, 6351, 79
2026/08/10 13:24:04.844, 0, 3301, 49
2026/08/10 13:24:04.852, 1, 4303, 84
2026/08/10 13:24:05.921, 0, 6725, 59
2026/08/10 13:24:05.924, 1, 7663, 59
2026/08/10 13:24:06.978, 0, 5925, 39
2026/08/10 13:24:06.982, 1, 5423, 98
2026/08/10 13:24:08.061, 0, 8389, 98
2026/08/10 13:24:08.065, 1, 8783, 20
2026/08/10 13:24:09.125, 0, 5605, 100
2026/08/10 13:24:09.129, 1, 5391, 93
2026/08/10 13:24:10.196, 0, 4229, 7
2026/08/10 13:24:10.207, 1, 4399, 11
2026/08/10 13:24:11.288, 0, 3269, 53
2026/08/10 13:24:11.292, 1, 4879, 100
2026/08/10 13:24:12.396, 0, 3365, 82
2026/08/10 13:24:12.403, 1, 4911, 0
2026/08/10 13:24:13.468, 0, 5605, 100
2026/08/10 13:24:13.470, 1, 5807, 100
2026/08/10 13:24:14.514, 0, 4485, 95
2026/08/10 13:24:14.516, 1, 5935, 65
2026/08/10 13:24:15.560, 0, 3333, 3
2026/08/10 13:24:15.563, 1, 5167, 59
2026/08/10 13:24:16.609, 0, 3461, 89
2026/08/10 13:24:16.611, 1, 5615, 72
2026/08/10 13:24:17.655, 0, 4901, 6
2026/08/10 13:24:17.658, 1, 5871, 100
2026/08/10 13:24:18.703, 0, 3365, 35
2026/08/10 13:24:18.706, 1, 4431, 83
2026/08/10 13:24:19.752, 0, 4197, 78
2026/08/10 13:24:19.755, 1, 5231, 100
2026/08/10 13:24:20.801, 0, 5445, 67
2026/08/10 13:24:20.803, 1, 6895, 100
2026/08/10 13:24:21.854, 0, 6149, 100
2026/08/10 13:24:21.857, 1, 7119, 99
2026/08/10 13:24:22.917, 0, 4037, 100
2026/08/10 13:24:22.925, 1, 5423, 100
2026/08/10 13:24:23.999, 0, 6213, 100
2026/08/10 13:24:24.001, 1, 6255, 100
2026/08/10 13:24:25.063, 0, 4869, 49
2026/08/10 13:24:25.069, 1, 4911, 86
2026/08/10 13:24:26.132, 0, 5733, 100
2026/08/10 13:24:26.134, 1, 5359, 100
2026/08/10 13:24:27.215, 0, 3653, 99
2026/08/10 13:24:27.224, 1, 6735, 66
2026/08/10 13:24:28.297, 0, 7781, 100
2026/08/10 13:24:28.308, 1, 7119, 83
2026/08/10 13:24:29.436, 0, 7557, 94
2026/08/10 13:24:29.440, 1, 6095, 87
2026/08/10 13:24:30.520, 0, 11461, 97
2026/08/10 13:24:30.523, 1, 7023, 100
2026/08/10 13:24:31.566, 0, 11429, 5
2026/08/10 13:24:31.569, 1, 5391, 72
2026/08/10 13:24:32.625, 0, 7397, 0
2026/08/10 13:24:32.628, 1, 4143, 92
2026/08/10 13:24:33.694, 0, 3717, 100
2026/08/10 13:24:33.697, 1, 6095, 73
2026/08/10 13:24:34.743, 0, 5029, 2
2026/08/10 13:24:34.747, 1, 7215, 100
2026/08/10 13:24:35.846, 0, 3045, 100
2026/08/10 13:24:35.853, 1, 4335, 95
2026/08/10 13:24:36.991, 0, 4677, 100
2026/08/10 13:24:37.000, 1, 6895, 95
2026/08/10 13:24:38.067, 0, 7845, 100
2026/08/10 13:24:38.069, 1, 5903, 39
2026/08/10 13:24:39.114, 0, 6533, 100
2026/08/10 13:24:39.116, 1, 6351, 95
2026/08/10 13:24:40.162, 0, 5221, 100
2026/08/10 13:24:40.164, 1, 7407, 90
2026/08/10 13:24:41.235, 0, 5221, 92
2026/08/10 13:24:41.240, 1, 4783, 100
2026/08/10 13:24:42.368, 0, 5061, 47
2026/08/10 13:24:42.376, 1, 7663, 97
2026/08/10 13:24:43.496, 0, 4613, 75
2026/08/10 13:24:43.503, 1, 5871, 100
2026/08/10 13:24:44.625, 0, 6053, 100
2026/08/10 13:24:44.632, 1, 5647, 72
2026/08/10 13:24:45.722, 0, 10309, 100
2026/08/10 13:24:45.733, 1, 4975, 100
2026/08/10 13:24:46.834, 0, 6565, 96
2026/08/10 13:24:46.837, 1, 5487, 67
2026/08/10 13:24:47.896, 0, 5765, 100
2026/08/10 13:24:47.902, 1, 5615, 88
2026/08/10 13:24:48.962, 0, 4453, 98
2026/08/10 13:24:48.965, 1, 5743, 100
2026/08/10 13:24:50.013, 0, 5221, 97
2026/08/10 13:24:50.016, 1, 5711, 70
2026/08/10 13:24:51.078, 0, 4165, 59
2026/08/10 13:24:51.082, 1, 5583, 100
2026/08/10 13:24:52.170, 0, 2949, 96
2026/08/10 13:24:52.180, 1, 4111, 65
2026/08/10 13:24:53.245, 0, 7493, 99
2026/08/10 13:24:53.248, 1, 8623, 100
2026/08/10 13:24:54.320, 0, 3909, 76
2026/08/10 13:24:54.329, 1, 6895, 74
2026/08/10 13:24:55.442, 0, 6213, 81
2026/08/10 13:24:55.447, 1, 4207, 100
2026/08/10 13:24:56.523, 0, 4549, 100
2026/08/10 13:24:56.526, 1, 6319, 100
2026/08/10 13:24:57.580, 0, 4709, 100
2026/08/10 13:24:57.584, 1, 4719, 100
2026/08/10 13:24:58.632, 0, 5765, 99
2026/08/10 13:24:58.635, 1, 5679, 100
2026/08/10 13:24:59.676, 0, 4293, 21
2026/08/10 13:24:59.679, 1, 5743, 77
2026/08/10 13:25:00.730, 0, 4005, 76
2026/08/10 13:25:00.737, 1, 6287, 19
2026/08/10 13:25:01.822, 0, 4421, 100
2026/08/10 13:25:01.829, 1, 7759, 100
2026/08/10 13:25:02.934, 0, 2981, 82
2026/08/10 13:25:02.940, 1, 4271, 85
2026/08/10 13:25:04.019, 0, 3269, 62
2026/08/10 13:25:04.023, 1, 4751, 66
2026/08/10 13:25:05.071, 0, 5413, 100
2026/08/10 13:25:05.073, 1, 4719, 55
2026/08/10 13:25:06.118, 0, 4261, 99
2026/08/10 13:25:06.121, 1, 6511, 100
2026/08/10 13:25:07.166, 0, 3909, 100
2026/08/10 13:25:07.168, 1, 5007, 100
2026/08/10 13:25:08.213, 0, 6309, 100
2026/08/10 13:25:08.216, 1, 5839, 98
2026/08/10 13:25:09.287, 0, 7109, 100
2026/08/10 13:25:09.295, 1, 6895, 80
2026/08/10 13:25:10.350, 0, 3589, 50
2026/08/10 13:25:10.354, 1, 4559, 100
2026/08/10 13:25:11.400, 0, 4037, 100
2026/08/10 13:25:11.403, 1, 5199, 5
2026/08/10 13:25:12.449, 0, 4965, 94
2026/08/10 13:25:12.452, 1, 5519, 96
2026/08/10 13:25:13.526, 0, 4325, 96
2026/08/10 13:25:13.529, 1, 4911, 86
2026/08/10 13:25:14.587, 0, 5573, 83
2026/08/10 13:25:14.591, 1, 6575, 100
2026/08/10 13:25:15.640, 0, 3397, 72
2026/08/10 13:25:15.644, 1, 5967, 100
2026/08/10 13:25:16.689, 0, 3557, 100
2026/08/10 13:25:16.692, 1, 4975, 100
2026/08/10 13:25:17.757, 0, 3909, 93
2026/08/10 13:25:17.763, 1, 4815, 100
2026/08/10 13:25:18.853, 0, 5381, 100
2026/08/10 13:25:18.857, 1, 5455, 100
2026/08/10 13:25:19.926, 0, 3557, 71
2026/08/10 13:25:19.928, 1, 4303, 76
2026/08/10 13:25:20.972, 0, 3813, 100
2026/08/10 13:25:20.974, 1, 4527, 100
2026/08/10 13:25:22.018, 0, 5093, 96
2026/08/10 13:25:22.020, 1, 5679, 96
2026/08/10 13:25:23.095, 0, 4677, 0
2026/08/10 13:25:23.103, 1, 5359, 93
2026/08/10 13:25:24.196, 0, 3365, 94
2026/08/10 13:25:24.200, 1, 4655, 22
2026/08/10 13:25:25.246, 0, 3557, 100
2026/08/10 13:25:25.248, 1, 4975, 96
2026/08/10 13:25:26.305, 0, 4997, 100
2026/08/10 13:25:26.314, 1, 4911, 96
2026/08/10 13:25:27.394, 0, 4677, 94
2026/08/10 13:25:27.396, 1, 5615, 100
2026/08/10 13:25:28.473, 0, 3397, 91
2026/08/10 13:25:28.477, 1, 4399, 95
2026/08/10 13:25:29.523, 0, 3941, 98
2026/08/10 13:25:29.526, 1, 4591, 100
2026/08/10 13:25:30.572, 0, 3781, 3
2026/08/10 13:25:30.575, 1, 4623, 100
2026/08/10 13:25:31.617, 0, 4325, 35
2026/08/10 13:25:31.619, 1, 5199, 44
2026/08/10 13:25:32.661, 0, 7877, 100
2026/08/10 13:25:32.664, 1, 5423, 95
2026/08/10 13:25:33.719, 0, 3909, 95
2026/08/10 13:25:33.727, 1, 5071, 92
2026/08/10 13:25:34.790, 0, 3365, 100
2026/08/10 13:25:34.794, 1, 4271, 100
2026/08/10 13:25:35.846, 0, 3845, 100
2026/08/10 13:25:35.849, 1, 6159, 100
2026/08/10 13:25:36.935, 0, 3429, 100
2026/08/10 13:25:36.942, 1, 4239, 59
2026/08/10 13:25:37.997, 0, 4773, 100
2026/08/10 13:25:37.999, 1, 5615, 100
2026/08/10 13:25:39.041, 0, 3397, 0
2026/08/10 13:25:39.043, 1, 5071, 96
2026/08/10 13:25:40.133, 0, 4197, 56
2026/08/10 13:25:40.137, 1, 4719, 76
2026/08/10 13:25:41.239, 0, 4005, 9
2026/08/10 13:25:41.248, 1, 6223, 91
2026/08/10 13:25:42.328, 0, 4357, 77
2026/08/10 13:25:42.330, 1, 7151, 91
2026/08/10 13:25:43.407, 0, 2885, 59
2026/08/10 13:25:43.413, 1, 4431, 22
2026/08/10 13:25:44.486, 0, 4997, 100
2026/08/10 13:25:44.489, 1, 6543, 95
2026/08/10 13:25:45.537, 0, 4101, 60
2026/08/10 13:25:45.541, 1, 6767, 54
2026/08/10 13:25:46.588, 0, 6085, 83
2026/08/10 13:25:46.590, 1, 7247, 100
2026/08/10 13:25:47.655, 0, 3141, 86
2026/08/10 13:25:47.661, 1, 5807, 90
2026/08/10 13:25:48.736, 0, 8293, 92
2026/08/10 13:25:48.739, 1, 8943, 83
2026/08/10 13:25:49.810, 0, 3589, 0
2026/08/10 13:25:49.817, 1, 5583, 77
2026/08/10 13:25:50.901, 0, 4229, 93
2026/08/10 13:25:50.909, 1, 5391, 86
2026/08/10 13:25:51.961, 0, 3013, 90
2026/08/10 13:25:51.963, 1, 4047, 81
2026/08/10 13:25:53.008, 0, 4741, 57
2026/08/10 13:25:53.011, 1, 7311, 100
2026/08/10 13:25:54.056, 0, 3621, 98
2026/08/10 13:25:54.058, 1, 6255, 100
2026/08/10 13:25:55.137, 0, 4869, 97
2026/08/10 13:25:55.151, 1, 4783, 99
2026/08/10 13:25:56.253, 0, 3109, 77
2026/08/10 13:25:56.261, 1, 6799, 84
2026/08/10 13:25:57.368, 0, 6277, 34
2026/08/10 13:25:57.376, 1, 7535, 90
2026/08/10 13:25:58.467, 0, 3013, 100
2026/08/10 13:25:58.473, 1, 6127, 96
2026/08/10 13:25:59.535, 0, 3781, 60
2026/08/10 13:25:59.538, 1, 5487, 81
2026/08/10 13:26:00.592, 0, 5477, 3
2026/08/10 13:26:00.595, 1, 5039, 92
2026/08/10 13:26:01.643, 0, 4101, 71
2026/08/10 13:26:01.646, 1, 6127, 89
2026/08/10 13:26:02.688, 0, 3877, 100
2026/08/10 13:26:02.691, 1, 5263, 75
2026/08/10 13:26:03.736, 0, 3749, 94
2026/08/10 13:26:03.739, 1, 4719, 77
2026/08/10 13:26:04.781, 0, 4389, 92
2026/08/10 13:26:04.783, 1, 6031, 50
2026/08/10 13:26:05.827, 0, 4069, 46
2026/08/10 13:26:05.830, 1, 5551, 35
2026/08/10 13:26:06.876, 0, 5829, 98
2026/08/10 13:26:06.883, 1, 4687, 56
2026/08/10 13:26:07.973, 0, 4581, 96
2026/08/10 13:26:07.979, 1, 6159, 18
2026/08/10 13:26:09.047, 0, 5765, 81
2026/08/10 13:26:09.050, 1, 5423, 72
2026/08/10 13:26:10.120, 0, 4837, 100
2026/08/10 13:26:10.124, 1, 5487, 100
2026/08/10 13:26:11.187, 0, 6021, 1
2026/08/10 13:26:11.192, 1, 7599, 83
2026/08/10 13:26:12.285, 0, 4901, 92
2026/08/10 13:26:12.290, 1, 5327, 100
2026/08/10 13:26:13.376, 0, 3813, 3
2026/08/10 13:26:13.383, 1, 5455, 90
2026/08/10 13:26:14.471, 0, 4165, 44
2026/08/10 13:26:14.480, 1, 4111, 100
2026/08/10 13:26:15.575, 0, 4869, 53
2026/08/10 13:26:15.577, 1, 4751, 96
2026/08/10 13:26:16.706, 0, 6405, 98
2026/08/10 13:26:16.714, 1, 8207, 100
2026/08/10 13:26:17.788, 0, 4005, 68
2026/08/10 13:26:17.792, 1, 4719, 73
2026/08/10 13:26:18.869, 0, 4197, 80
2026/08/10 13:26:18.875, 1, 6095, 88
2026/08/10 13:26:19.953, 0, 5637, 83
2026/08/10 13:26:19.957, 1, 5295, 48
2026/08/10 13:26:21.033, 0, 7685, 99
2026/08/10 13:26:21.037, 1, 4655, 47
2026/08/10 13:26:22.121, 0, 6085, 0
2026/08/10 13:26:22.127, 1, 5711, 77
2026/08/10 13:26:23.189, 0, 3877, 100
2026/08/10 13:26:23.192, 1, 5519, 67
2026/08/10 13:26:24.241, 0, 3653, 86
2026/08/10 13:26:24.244, 1, 4783, 4
2026/08/10 13:26:25.293, 0, 5573, 100
2026/08/10 13:26:25.297, 1, 4943, 92
2026/08/10 13:26:26.342, 0, 3205, 100
2026/08/10 13:26:26.345, 1, 5583, 88
2026/08/10 13:26:27.390, 0, 4325, 74
2026/08/10 13:26:27.393, 1, 5071, 88
2026/08/10 13:26:28.439, 0, 4133, 81
2026/08/10 13:26:28.443, 1, 6511, 24
2026/08/10 13:26:29.489, 0, 3525, 93
2026/08/10 13:26:29.492, 1, 4687, 58
2026/08/10 13:26:30.539, 0, 3813, 82
2026/08/10 13:26:30.542, 1, 5647, 8
2026/08/10 13:26:31.586, 0, 4165, 96
2026/08/10 13:26:31.589, 1, 6063, 86
2026/08/10 13:26:32.669, 0, 3717, 95
2026/08/10 13:26:32.672, 1, 4911, 94
2026/08/10 13:26:33.804, 0, 4517, 97
2026/08/10 13:26:33.808, 1, 5423, 80
2026/08/10 13:26:34.895, 0, 3205, 60
2026/08/10 13:26:34.898, 1, 4175, 96
2026/08/10 13:26:35.954, 0, 3589, 100
2026/08/10 13:26:35.957, 1, 4207, 100
2026/08/10 13:26:37.002, 0, 5253, 100
2026/08/10 13:26:37.005, 1, 7119, 74
2026/08/10 13:26:38.096, 0, 3973, 99
2026/08/10 13:26:38.101, 1, 7215, 80
2026/08/10 13:26:39.177, 0, 5125, 43
2026/08/10 13:26:39.183, 1, 7631, 100
2026/08/10 13:26:40.253, 0, 3813, 90
2026/08/10 13:26:40.257, 1, 6095, 78
2026/08/10 13:26:41.301, 0, 3141, 82
2026/08/10 13:26:41.304, 1, 4015, 25
2026/08/10 13:26:42.366, 0, 4581, 90
2026/08/10 13:26:42.369, 1, 5039, 69
2026/08/10 13:26:43.416, 0, 5701, 51
2026/08/10 13:26:43.419, 1, 4975, 92
2026/08/10 13:26:44.467, 0, 3813, 89
2026/08/10 13:26:44.470, 1, 6159, 89
2026/08/10 13:26:45.528, 0, 3621, 12
2026/08/10 13:26:45.537, 1, 5103, 100
2026/08/10 13:26:46.593, 0, 3397, 91
2026/08/10 13:26:46.596, 1, 3951, 100
2026/08/10 13:26:47.657, 0, 3845, 88
2026/08/10 13:26:47.667, 1, 5615, 86
2026/08/10 13:26:48.740, 0, 5957, 41
2026/08/10 13:26:48.750, 1, 5615, 77
2026/08/10 13:26:49.837, 0, 7461, 97
2026/08/10 13:26:49.845, 1, 6543, 97
2026/08/10 13:26:50.948, 0, 8101, 65
2026/08/10 13:26:50.955, 1, 4079, 100
2026/08/10 13:26:52.048, 0, 3173, 84
2026/08/10 13:26:52.052, 1, 4111, 81
2026/08/10 13:26:53.105, 0, 6245, 0
2026/08/10 13:26:53.107, 1, 6991, 1
2026/08/10 13:26:54.149, 0, 6245, 0
2026/08/10 13:26:54.151, 1, 6991, 12
2026/08/10 13:26:55.194, 0, 6245, 0
2026/08/10 13:26:55.196, 1, 6991, 0
2026/08/10 13:26:56.238, 0, 6245, 0
2026/08/10 13:26:56.240, 1, 6991, 0
2026/08/10 13:26:57.282, 0, 6245, 0
2026/08/10 13:26:57.284, 1, 6991, 0
2026/08/10 13:26:58.320, 0, 6245, 0
2026/08/10 13:26:58.322, 1, 6991, 0
2026/08/10 13:26:59.359, 0, 6245, 0
2026/08/10 13:26:59.361, 1, 6991, 0
2026/08/10 13:27:00.398, 0, 6245, 0
2026/08/10 13:27:00.400, 1, 6991, 0
2026/08/10 13:27:01.439, 0, 6245, 0
2026/08/10 13:27:01.441, 1, 6991, 0
2026/08/10 13:27:02.477, 0, 6245, 0
2026/08/10 13:27:02.479, 1, 6991, 0
2026/08/10 13:27:03.518, 0, 6245, 0
2026/08/10 13:27:03.520, 1, 6991, 1
2026/08/10 13:27:04.557, 0, 6245, 0
2026/08/10 13:27:04.559, 1, 6991, 0
2026/08/10 13:27:05.595, 0, 6245, 0
2026/08/10 13:27:05.597, 1, 6991, 0
2026/08/10 13:27:06.635, 0, 6245, 0
2026/08/10 13:27:06.637, 1, 6991, 0
2026/08/10 13:27:07.675, 0, 6245, 0
2026/08/10 13:27:07.677, 1, 6991, 0
2026/08/10 13:27:08.714, 0, 6245, 0
2026/08/10 13:27:08.716, 1, 6991, 0
2026/08/10 13:27:09.752, 0, 6245, 0
2026/08/10 13:27:09.754, 1, 6991, 0
2026/08/10 13:27:10.792, 0, 6245, 0
2026/08/10 13:27:10.794, 1, 6991, 0
2026/08/10 13:27:11.832, 0, 6245, 0
2026/08/10 13:27:11.836, 1, 6991, 0
2026/08/10 13:27:12.875, 0, 6245, 0
2026/08/10 13:27:12.878, 1, 6991, 0
2026/08/10 13:27:13.915, 0, 6245, 0
2026/08/10 13:27:13.918, 1, 6991, 10
2026/08/10 13:27:14.956, 0, 6245, 0
2026/08/10 13:27:14.960, 1, 6991, 0
2026/08/10 13:27:15.998, 0, 6245, 0
2026/08/10 13:27:16.002, 1, 6991, 0
2026/08/10 13:27:17.039, 0, 6245, 0
2026/08/10 13:27:17.043, 1, 6991, 0
2026/08/10 13:27:18.081, 0, 6245, 0
2026/08/10 13:27:18.084, 1, 6991, 0
2026/08/10 13:27:19.122, 0, 6245, 0
2026/08/10 13:27:19.126, 1, 6991, 0
2026/08/10 13:27:20.164, 0, 6245, 0
2026/08/10 13:27:20.168, 1, 6991, 0
