v5_arena rows=6916 cfgs=8664 cells=250876 total_mib=104.5 bx=39.2 bh=10.6 bh2=10.6 bg=8.5 carry=6.1 h0=5.1 h=5.1
v5 GEMM compute=fast-f16
v5_arena rows=7098 cfgs=8892 cells=257478 total_mib=107.2 bx=40.2 bh=10.9 bh2=10.9 bg=8.7 carry=6.2 h0=5.2 h=5.2
v5_arena rows=6734 cfgs=8436 cells=244274 total_mib=101.7 bx=38.1 bh=10.3 bh2=10.3 bg=8.3 carry=5.9 h0=4.9 h=4.9
v5_arena rows=6916 cfgs=8664 cells=250876 total_mib=104.5 bx=39.2 bh=10.6 bh2=10.6 bg=8.5 carry=6.1 h0=5.1 h=5.1
v5_arena rows=6916 cfgs=8664 cells=250876 total_mib=104.5 bx=39.2 bh=10.6 bh2=10.6 bg=8.5 carry=6.1 h0=5.1 h=5.1
v5_arena rows=7280 cfgs=9120 cells=264080 total_mib=110.0 bx=41.2 bh=11.1 bh2=11.1 bg=8.9 carry=6.4 h0=5.3 h=5.3
v5_arena rows=8554 cfgs=10716 cells=310294 total_mib=129.2 bx=48.5 bh=13.1 bh2=13.1 bg=10.5 carry=7.5 h0=6.3 h=6.3
v5_arena rows=6916 cfgs=8664 cells=250876 total_mib=104.5 bx=39.2 bh=10.6 bh2=10.6 bg=8.5 carry=6.1 h0=5.1 h=5.1
v5_arena rows=6370 cfgs=7980 cells=231070 total_mib=96.2 bx=36.1 bh=9.7 bh2=9.7 bg=7.8 carry=5.6 h0=4.7 h=4.7
v5_arena rows=6370 cfgs=7980 cells=231070 total_mib=96.2 bx=36.1 bh=9.7 bh2=9.7 bg=7.8 carry=5.6 h0=4.7 h=4.7
v5_arena rows=9100 cfgs=11400 cells=330100 total_mib=137.5 bx=51.5 bh=13.9 bh2=13.9 bg=11.2 carry=8.0 h0=6.7 h=6.7
v5_arena rows=8008 cfgs=10032 cells=290488 total_mib=121.0 bx=45.4 bh=12.2 bh2=12.2 bg=9.8 carry=7.0 h0=5.9 h=5.9
v5_arena rows=6006 cfgs=7524 cells=217866 total_mib=90.7 bx=34.0 bh=9.2 bh2=9.2 bg=7.4 carry=5.3 h0=4.4 h=4.4
v5_arena rows=8736 cfgs=10944 cells=316896 total_mib=132.0 bx=49.5 bh=13.4 bh2=13.4 bg=10.7 carry=7.7 h0=6.4 h=6.4
v5_arena rows=9100 cfgs=11400 cells=330100 total_mib=137.5 bx=51.5 bh=13.9 bh2=13.9 bg=11.2 carry=8.0 h0=6.7 h=6.7
v5_arena rows=6006 cfgs=7524 cells=217866 total_mib=90.7 bx=34.0 bh=9.2 bh2=9.2 bg=7.4 carry=5.3 h0=4.4 h=4.4
v5_arena rows=6370 cfgs=7980 cells=231070 total_mib=96.2 bx=36.1 bh=9.7 bh2=9.7 bg=7.8 carry=5.6 h0=4.7 h=4.7
v5_arena rows=6006 cfgs=7524 cells=217866 total_mib=90.7 bx=34.0 bh=9.2 bh2=9.2 bg=7.4 carry=5.3 h0=4.4 h=4.4
v5_arena rows=9464 cfgs=11856 cells=343304 total_mib=143.0 bx=53.6 bh=14.5 bh2=14.5 bg=11.6 carry=8.3 h0=6.9 h=6.9
v5_arena rows=9828 cfgs=12312 cells=356508 total_mib=148.5 bx=55.7 bh=15.0 bh2=15.0 bg=12.1 carry=8.6 h0=7.2 h=7.2
v5_arena rows=9282 cfgs=11628 cells=336702 total_mib=140.2 bx=52.6 bh=14.2 bh2=14.2 bg=11.4 carry=8.2 h0=6.8 h=6.8
v5_arena rows=8736 cfgs=10944 cells=316896 total_mib=132.0 bx=49.5 bh=13.4 bh2=13.4 bg=10.7 carry=7.7 h0=6.4 h=6.4
v5_arena rows=8918 cfgs=11172 cells=323498 total_mib=134.7 bx=50.5 bh=13.6 bh2=13.6 bg=10.9 carry=7.8 h0=6.5 h=6.5
v5_arena rows=8736 cfgs=10944 cells=316896 total_mib=132.0 bx=49.5 bh=13.4 bh2=13.4 bg=10.7 carry=7.7 h0=6.4 h=6.4
v5_arena rows=9646 cfgs=12084 cells=349906 total_mib=145.7 bx=54.6 bh=14.8 bh2=14.8 bg=11.8 carry=8.5 h0=7.1 h=7.1
v5_arena rows=8554 cfgs=10716 cells=310294 total_mib=129.2 bx=48.5 bh=13.1 bh2=13.1 bg=10.5 carry=7.5 h0=6.3 h=6.3
v5_arena rows=8554 cfgs=10716 cells=310294 total_mib=129.2 bx=48.5 bh=13.1 bh2=13.1 bg=10.5 carry=7.5 h0=6.3 h=6.3
v5_arena rows=8736 cfgs=10944 cells=316896 total_mib=132.0 bx=49.5 bh=13.4 bh2=13.4 bg=10.7 carry=7.7 h0=6.4 h=6.4
v5_arena rows=9464 cfgs=11856 cells=343304 total_mib=143.0 bx=53.6 bh=14.5 bh2=14.5 bg=11.6 carry=8.3 h0=6.9 h=6.9
v5_arena rows=8918 cfgs=11172 cells=323498 total_mib=134.7 bx=50.5 bh=13.6 bh2=13.6 bg=10.9 carry=7.8 h0=6.5 h=6.5
v5_arena rows=8918 cfgs=11172 cells=323498 total_mib=134.7 bx=50.5 bh=13.6 bh2=13.6 bg=10.9 carry=7.8 h0=6.5 h=6.5
v5_arena rows=8736 cfgs=10944 cells=316896 total_mib=132.0 bx=49.5 bh=13.4 bh2=13.4 bg=10.7 carry=7.7 h0=6.4 h=6.4
v5_arena rows=8372 cfgs=10488 cells=303692 total_mib=126.5 bx=47.4 bh=12.8 bh2=12.8 bg=10.3 carry=7.4 h0=6.1 h=6.1
v5_arena rows=9100 cfgs=11400 cells=330100 total_mib=137.5 bx=51.5 bh=13.9 bh2=13.9 bg=11.2 carry=8.0 h0=6.7 h=6.7
v5_arena rows=8190 cfgs=10260 cells=297090 total_mib=123.7 bx=46.4 bh=12.5 bh2=12.5 bg=10.1 carry=7.2 h0=6.0 h=6.0
v5_arena rows=8372 cfgs=10488 cells=303692 total_mib=126.5 bx=47.4 bh=12.8 bh2=12.8 bg=10.3 carry=7.4 h0=6.1 h=6.1
v5_arena rows=8736 cfgs=10944 cells=316896 total_mib=132.0 bx=49.5 bh=13.4 bh2=13.4 bg=10.7 carry=7.7 h0=6.4 h=6.4
v5_arena rows=9464 cfgs=11856 cells=343304 total_mib=143.0 bx=53.6 bh=14.5 bh2=14.5 bg=11.6 carry=8.3 h0=6.9 h=6.9
v5_arena rows=9464 cfgs=11856 cells=343304 total_mib=143.0 bx=53.6 bh=14.5 bh2=14.5 bg=11.6 carry=8.3 h0=6.9 h=6.9
v5_arena rows=8736 cfgs=10944 cells=316896 total_mib=132.0 bx=49.5 bh=13.4 bh2=13.4 bg=10.7 carry=7.7 h0=6.4 h=6.4
v5_arena rows=9100 cfgs=11400 cells=330100 total_mib=137.5 bx=51.5 bh=13.9 bh2=13.9 bg=11.2 carry=8.0 h0=6.7 h=6.7
v5_arena rows=9282 cfgs=11628 cells=336702 total_mib=140.2 bx=52.6 bh=14.2 bh2=14.2 bg=11.4 carry=8.2 h0=6.8 h=6.8
v5_arena rows=8918 cfgs=11172 cells=323498 total_mib=134.7 bx=50.5 bh=13.6 bh2=13.6 bg=10.9 carry=7.8 h0=6.5 h=6.5
v5_arena rows=9100 cfgs=11400 cells=330100 total_mib=137.5 bx=51.5 bh=13.9 bh2=13.9 bg=11.2 carry=8.0 h0=6.7 h=6.7
v5_arena rows=8554 cfgs=10716 cells=310294 total_mib=129.2 bx=48.5 bh=13.1 bh2=13.1 bg=10.5 carry=7.5 h0=6.3 h=6.3
v5_arena rows=9100 cfgs=11400 cells=330100 total_mib=137.5 bx=51.5 bh=13.9 bh2=13.9 bg=11.2 carry=8.0 h0=6.7 h=6.7
v5_arena rows=8554 cfgs=10716 cells=310294 total_mib=129.2 bx=48.5 bh=13.1 bh2=13.1 bg=10.5 carry=7.5 h0=6.3 h=6.3
v5_arena rows=9282 cfgs=11628 cells=336702 total_mib=140.2 bx=52.6 bh=14.2 bh2=14.2 bg=11.4 carry=8.2 h0=6.8 h=6.8
v5_arena rows=9100 cfgs=11400 cells=330100 total_mib=137.5 bx=51.5 bh=13.9 bh2=13.9 bg=11.2 carry=8.0 h0=6.7 h=6.7
v5_arena rows=9646 cfgs=12084 cells=349906 total_mib=145.7 bx=54.6 bh=14.8 bh2=14.8 bg=11.8 carry=8.5 h0=7.1 h=7.1
v5_arena rows=8918 cfgs=11172 cells=323498 total_mib=134.7 bx=50.5 bh=13.6 bh2=13.6 bg=10.9 carry=7.8 h0=6.5 h=6.5
v5_arena rows=9646 cfgs=12084 cells=349906 total_mib=145.7 bx=54.6 bh=14.8 bh2=14.8 bg=11.8 carry=8.5 h0=7.1 h=7.1
v5_arena rows=9828 cfgs=12312 cells=356508 total_mib=148.5 bx=55.7 bh=15.0 bh2=15.0 bg=12.1 carry=8.6 h0=7.2 h=7.2
v5_arena rows=10374 cfgs=12996 cells=376314 total_mib=156.7 bx=58.8 bh=15.9 bh2=15.9 bg=12.7 carry=9.1 h0=7.6 h=7.6
v5_arena rows=8736 cfgs=10944 cells=316896 total_mib=132.0 bx=49.5 bh=13.4 bh2=13.4 bg=10.7 carry=7.7 h0=6.4 h=6.4
v5_arena rows=9100 cfgs=11400 cells=330100 total_mib=137.5 bx=51.5 bh=13.9 bh2=13.9 bg=11.2 carry=8.0 h0=6.7 h=6.7
v5_arena rows=9100 cfgs=11400 cells=330100 total_mib=137.5 bx=51.5 bh=13.9 bh2=13.9 bg=11.2 carry=8.0 h0=6.7 h=6.7
v5_arena rows=8372 cfgs=10488 cells=303692 total_mib=126.5 bx=47.4 bh=12.8 bh2=12.8 bg=10.3 carry=7.4 h0=6.1 h=6.1
v5_arena rows=9646 cfgs=12084 cells=349906 total_mib=145.7 bx=54.6 bh=14.8 bh2=14.8 bg=11.8 carry=8.5 h0=7.1 h=7.1
v5_arena rows=10556 cfgs=13224 cells=382916 total_mib=159.5 bx=59.8 bh=16.1 bh2=16.1 bg=13.0 carry=9.3 h0=7.7 h=7.7
v5_arena rows=8918 cfgs=11172 cells=323498 total_mib=134.7 bx=50.5 bh=13.6 bh2=13.6 bg=10.9 carry=7.8 h0=6.5 h=6.5
v5_arena rows=8918 cfgs=11172 cells=323498 total_mib=134.7 bx=50.5 bh=13.6 bh2=13.6 bg=10.9 carry=7.8 h0=6.5 h=6.5
v5_arena rows=9282 cfgs=11628 cells=336702 total_mib=140.2 bx=52.6 bh=14.2 bh2=14.2 bg=11.4 carry=8.2 h0=6.8 h=6.8
v5_arena rows=10010 cfgs=12540 cells=363110 total_mib=151.2 bx=56.7 bh=15.3 bh2=15.3 bg=12.3 carry=8.8 h0=7.3 h=7.3
v5_arena rows=8554 cfgs=10716 cells=310294 total_mib=129.2 bx=48.5 bh=13.1 bh2=13.1 bg=10.5 carry=7.5 h0=6.3 h=6.3
v5_arena rows=9828 cfgs=12312 cells=356508 total_mib=148.5 bx=55.7 bh=15.0 bh2=15.0 bg=12.1 carry=8.6 h0=7.2 h=7.2
v5_arena rows=9828 cfgs=12312 cells=356508 total_mib=148.5 bx=55.7 bh=15.0 bh2=15.0 bg=12.1 carry=8.6 h0=7.2 h=7.2
v5_arena rows=9282 cfgs=11628 cells=336702 total_mib=140.2 bx=52.6 bh=14.2 bh2=14.2 bg=11.4 carry=8.2 h0=6.8 h=6.8
v5_arena rows=9282 cfgs=11628 cells=336702 total_mib=140.2 bx=52.6 bh=14.2 bh2=14.2 bg=11.4 carry=8.2 h0=6.8 h=6.8
v5_arena rows=9282 cfgs=11628 cells=336702 total_mib=140.2 bx=52.6 bh=14.2 bh2=14.2 bg=11.4 carry=8.2 h0=6.8 h=6.8
v5_arena rows=10920 cfgs=13680 cells=396120 total_mib=165.0 bx=61.9 bh=16.7 bh2=16.7 bg=13.4 carry=9.6 h0=8.0 h=8.0
v5_arena rows=10010 cfgs=12540 cells=363110 total_mib=151.2 bx=56.7 bh=15.3 bh2=15.3 bg=12.3 carry=8.8 h0=7.3 h=7.3
v5_arena rows=10192 cfgs=12768 cells=369712 total_mib=154.0 bx=57.7 bh=15.6 bh2=15.6 bg=12.5 carry=9.0 h0=7.5 h=7.5
v5_arena rows=9100 cfgs=11400 cells=330100 total_mib=137.5 bx=51.5 bh=13.9 bh2=13.9 bg=11.2 carry=8.0 h0=6.7 h=6.7
v5_arena rows=9282 cfgs=11628 cells=336702 total_mib=140.2 bx=52.6 bh=14.2 bh2=14.2 bg=11.4 carry=8.2 h0=6.8 h=6.8
v5_arena rows=9828 cfgs=12312 cells=356508 total_mib=148.5 bx=55.7 bh=15.0 bh2=15.0 bg=12.1 carry=8.6 h0=7.2 h=7.2
v5_arena rows=9464 cfgs=11856 cells=343304 total_mib=143.0 bx=53.6 bh=14.5 bh2=14.5 bg=11.6 carry=8.3 h0=6.9 h=6.9
v5_arena rows=10010 cfgs=12540 cells=363110 total_mib=151.2 bx=56.7 bh=15.3 bh2=15.3 bg=12.3 carry=8.8 h0=7.3 h=7.3
v5_arena rows=9100 cfgs=11400 cells=330100 total_mib=137.5 bx=51.5 bh=13.9 bh2=13.9 bg=11.2 carry=8.0 h0=6.7 h=6.7
v5_arena rows=10608 cfgs=13080 cells=378973 total_mib=159.4 bx=60.1 bh=16.0 bh2=16.0 bg=13.0 carry=9.2 h0=7.8 h=7.8
v5_arena rows=9100 cfgs=11400 cells=330100 total_mib=137.5 bx=51.5 bh=13.9 bh2=13.9 bg=11.2 carry=8.0 h0=6.7 h=6.7
v5_arena rows=9100 cfgs=11400 cells=330100 total_mib=137.5 bx=51.5 bh=13.9 bh2=13.9 bg=11.2 carry=8.0 h0=6.7 h=6.7
v5_arena rows=9828 cfgs=12312 cells=356508 total_mib=148.5 bx=55.7 bh=15.0 bh2=15.0 bg=12.1 carry=8.6 h0=7.2 h=7.2
v5_arena rows=9646 cfgs=12084 cells=349906 total_mib=145.7 bx=54.6 bh=14.8 bh2=14.8 bg=11.8 carry=8.5 h0=7.1 h=7.1
v5_arena rows=8918 cfgs=11172 cells=323498 total_mib=134.7 bx=50.5 bh=13.6 bh2=13.6 bg=10.9 carry=7.8 h0=6.5 h=6.5
v5_arena rows=9464 cfgs=11856 cells=343304 total_mib=143.0 bx=53.6 bh=14.5 bh2=14.5 bg=11.6 carry=8.3 h0=6.9 h=6.9
v5_arena rows=9646 cfgs=12084 cells=349906 total_mib=145.7 bx=54.6 bh=14.8 bh2=14.8 bg=11.8 carry=8.5 h0=7.1 h=7.1
v5_arena rows=9646 cfgs=12084 cells=349906 total_mib=145.7 bx=54.6 bh=14.8 bh2=14.8 bg=11.8 carry=8.5 h0=7.1 h=7.1
v5_arena rows=8723 cfgs=10768 cells=315653 total_mib=131.1 bx=49.4 bh=13.1 bh2=13.1 bg=10.7 carry=7.5 h0=6.4 h=6.4
v5_arena rows=10743 cfgs=12084 cells=366692 total_mib=158.6 bx=60.9 bh=15.7 bh2=15.7 bg=13.2 carry=8.5 h0=7.9 h=7.9
v5_arena rows=11416 cfgs=10756 cells=332167 total_mib=164.9 bx=64.7 bh=16.7 bh2=16.7 bg=14.0 h0=8.4 h=8.4 h2=8.4
v5_arena rows=9936 cfgs=11264 cells=349598 total_mib=147.1 bx=56.3 bh=14.6 bh2=14.6 bg=12.2 carry=7.9 h0=7.3 h=7.3
v5_arena rows=12147 cfgs=8876 cells=294194 total_mib=171.0 bx=68.8 bh=17.8 bh2=17.8 bg=14.9 h0=8.9 h=8.9 h2=8.9
v5_arena rows=10562 cfgs=9752 cells=307211 total_mib=152.1 bx=59.8 bh=15.5 bh2=15.5 bg=13.0 h0=7.7 h=7.7 h2=7.7
v5_arena rows=7748 cfgs=9416 cells=276880 total_mib=115.9 bx=43.9 bh=11.5 bh2=11.5 bg=9.5 carry=6.6 h0=5.7 h=5.7
v5_arena rows=11314 cfgs=9328 cells=301452 total_mib=161.0 bx=64.1 bh=16.6 bh2=16.6 bg=13.9 h0=8.3 h=8.3 h2=8.3
v5_arena rows=12442 cfgs=9484 cells=350543 total_mib=176.4 bx=70.5 bh=18.2 bh2=18.2 bg=15.3 h0=9.1 h=9.1 h2=9.1
v5_arena rows=11909 cfgs=9652 cells=325421 total_mib=169.2 bx=67.5 bh=17.4 bh2=17.4 bg=14.6 h0=8.7 h=8.7 h2=8.7
v5_arena rows=12869 cfgs=8864 cells=280368 total_mib=179.6 bx=72.9 bh=18.9 bh2=18.9 bg=15.8 h0=9.4 h=9.4 h2=9.4
v5_arena rows=16469 cfgs=10052 cells=375779 total_mib=228.8 bx=93.3 bh=24.1 bh2=24.1 bg=20.2 h0=12.1 h=12.1 h2=12.1
v5_arena rows=12810 cfgs=8780 cells=274343 total_mib=178.7 bx=72.6 bh=18.8 bh2=18.8 bg=15.7 h0=9.4 h=9.4 h2=9.4
v5_arena rows=9739 cfgs=7324 cells=260955 total_mib=137.7 bx=55.2 bh=14.3 bh2=14.3 bg=11.9 h0=7.1 h=7.1 h2=7.1
v5_arena rows=10378 cfgs=6776 cells=259838 total_mib=145.1 bx=58.8 bh=15.2 bh2=15.2 bg=12.7 h0=7.6 h=7.6 h2=7.6
v5_arena rows=14068 cfgs=9140 cells=367348 total_mib=196.8 bx=79.7 bh=20.6 bh2=20.6 bg=17.3 h0=10.3 h=10.3 h2=10.3
v5_arena rows=11546 cfgs=8388 cells=317648 total_mib=163.1 bx=65.4 bh=16.9 bh2=16.9 bg=14.2 h0=8.5 h=8.5 h2=8.5
v5_arena rows=11361 cfgs=8292 cells=273265 total_mib=159.8 bx=64.4 bh=16.6 bh2=16.6 bg=13.9 h0=8.3 h=8.3 h2=8.3
v5_arena rows=15801 cfgs=9156 cells=366020 total_mib=219.1 bx=89.5 bh=23.1 bh2=23.1 bg=19.4 h0=11.6 h=11.6 h2=11.6
v5_arena rows=11508 cfgs=6468 cells=203048 total_mib=157.6 bx=65.2 bh=16.9 bh2=16.9 bg=14.1 h0=8.4 h=8.4 h2=8.4
v5_arena rows=13965 cfgs=8904 cells=363547 total_mib=195.4 bx=79.1 bh=20.5 bh2=20.5 bg=17.1 h0=10.2 h=10.2 h2=10.2
v5_arena rows=14526 cfgs=9520 cells=358021 total_mib=203.1 bx=82.3 bh=21.3 bh2=21.3 bg=17.8 h0=10.6 h=10.6 h2=10.6
v5_arena rows=11847 cfgs=7924 cells=311885 total_mib=166.2 bx=67.1 bh=17.4 bh2=17.4 bg=14.5 h0=8.7 h=8.7 h2=8.7
v5_arena rows=12412 cfgs=8680 cells=358375 total_mib=174.8 bx=70.3 bh=18.2 bh2=18.2 bg=15.2 h0=9.1 h=9.1 h2=9.1
v5_arena rows=11817 cfgs=7140 cells=272069 total_mib=163.9 bx=66.9 bh=17.3 bh2=17.3 bg=14.5 h0=8.7 h=8.7 h2=8.7
v5_arena rows=12076 cfgs=6804 cells=257367 total_mib=166.6 bx=68.4 bh=17.7 bh2=17.7 bg=14.8 h0=8.8 h=8.8 h2=8.8
v5_arena rows=13248 cfgs=10136 cells=381678 total_mib=187.9 bx=75.0 bh=19.4 bh2=19.4 bg=16.2 h0=9.7 h=9.7 h2=9.7
v5_arena rows=12273 cfgs=8316 cells=345189 total_mib=172.7 bx=69.5 bh=18.0 bh2=18.0 bg=15.0 h0=9.0 h=9.0 h2=9.0
v5_arena rows=14261 cfgs=7700 cells=301591 total_mib=196.5 bx=80.8 bh=20.9 bh2=20.9 bg=17.5 h0=10.4 h=10.4 h2=10.4
v5_arena rows=14336 cfgs=8344 cells=328457 total_mib=198.8 bx=81.2 bh=21.0 bh2=21.0 bg=17.6 h0=10.5 h=10.5 h2=10.5
v5_arena rows=14465 cfgs=10892 cells=391080 total_mib=204.5 bx=81.9 bh=21.2 bh2=21.2 bg=17.7 h0=10.6 h=10.6 h2=10.6
v5_arena rows=14436 cfgs=8876 cells=371638 total_mib=201.6 bx=81.8 bh=21.1 bh2=21.1 bg=17.7 h0=10.6 h=10.6 h2=10.6
v5_arena rows=10856 cfgs=6776 cells=252441 total_mib=150.8 bx=61.5 bh=15.9 bh2=15.9 bg=13.3 h0=8.0 h=8.0 h2=8.0
v5_arena rows=14285 cfgs=7952 cells=334237 total_mib=197.3 bx=80.9 bh=20.9 bh2=20.9 bg=17.5 h0=10.5 h=10.5 h2=10.5
v5_arena rows=13522 cfgs=9212 cells=354342 total_mib=189.6 bx=76.6 bh=19.8 bh2=19.8 bg=16.6 h0=9.9 h=9.9 h2=9.9
v5_arena rows=10897 cfgs=7336 cells=305908 total_mib=153.2 bx=61.7 bh=16.0 bh2=16.0 bg=13.4 h0=8.0 h=8.0 h2=8.0
v5_arena rows=10047 cfgs=6552 cells=249459 total_mib=140.3 bx=56.9 bh=14.7 bh2=14.7 bg=12.3 h0=7.4 h=7.4 h2=7.4
v5_arena rows=13751 cfgs=8204 cells=309110 total_mib=190.5 bx=77.9 bh=20.1 bh2=20.1 bg=16.9 h0=10.1 h=10.1 h2=10.1
v5_arena rows=14146 cfgs=8876 cells=360024 total_mib=197.4 bx=80.1 bh=20.7 bh2=20.7 bg=17.3 h0=10.4 h=10.4 h2=10.4
v5_arena rows=12394 cfgs=8484 cells=315859 total_mib=173.8 bx=70.2 bh=18.2 bh2=18.2 bg=15.2 h0=9.1 h=9.1 h2=9.1
v5_arena rows=14696 cfgs=10164 cells=388349 total_mib=206.8 bx=83.3 bh=21.5 bh2=21.5 bg=18.0 h0=10.8 h=10.8 h2=10.8
v5_arena rows=10711 cfgs=7168 cells=265108 total_mib=150.0 bx=60.7 bh=15.7 bh2=15.7 bg=13.1 h0=7.8 h=7.8 h2=7.8
v5_arena rows=17000 cfgs=9380 cells=353199 total_mib=234.7 bx=96.3 bh=24.9 bh2=24.9 bg=20.8 h0=12.5 h=12.5 h2=12.5
v5_arena rows=15853 cfgs=8960 cells=337085 total_mib=218.9 bx=89.8 bh=23.2 bh2=23.2 bg=19.4 h0=11.6 h=11.6 h2=11.6
v5_arena rows=14355 cfgs=8428 cells=315370 total_mib=198.6 bx=81.3 bh=21.0 bh2=21.0 bg=17.6 h0=10.5 h=10.5 h2=10.5
v5_arena rows=16710 cfgs=9968 cells=430511 total_mib=232.6 bx=94.7 bh=24.5 bh2=24.5 bg=20.5 h0=12.2 h=12.2 h2=12.2
v5_arena rows=14464 cfgs=9492 cells=356036 total_mib=202.2 bx=81.9 bh=21.2 bh2=21.2 bg=17.7 h0=10.6 h=10.6 h2=10.6
v5_arena rows=14740 cfgs=9240 cells=328220 total_mib=204.8 bx=83.5 bh=21.6 bh2=21.6 bg=18.1 h0=10.8 h=10.8 h2=10.8
v5_arena rows=11258 cfgs=7532 cells=287537 total_mib=157.7 bx=63.8 bh=16.5 bh2=16.5 bg=13.8 h0=8.2 h=8.2 h2=8.2
v5_arena rows=15457 cfgs=9520 cells=369894 total_mib=215.1 bx=87.6 bh=22.6 bh2=22.6 bg=19.0 h0=11.3 h=11.3 h2=11.3
v5_arena rows=13780 cfgs=8176 cells=310671 total_mib=190.9 bx=78.1 bh=20.2 bh2=20.2 bg=16.9 h0=10.1 h=10.1 h2=10.1
v5_arena rows=16024 cfgs=9296 cells=322921 total_mib=221.0 bx=90.8 bh=23.5 bh2=23.5 bg=19.6 h0=11.7 h=11.7 h2=11.7
v5_arena rows=9642 cfgs=6580 cells=282245 total_mib=135.9 bx=54.6 bh=14.1 bh2=14.1 bg=11.8 h0=7.1 h=7.1 h2=7.1
v5_arena rows=15301 cfgs=8876 cells=305798 total_mib=211.1 bx=86.7 bh=22.4 bh2=22.4 bg=18.8 h0=11.2 h=11.2 h2=11.2
v5_arena rows=11810 cfgs=7840 cells=288443 total_mib=165.0 bx=66.9 bh=17.3 bh2=17.3 bg=14.5 h0=8.6 h=8.6 h2=8.6
v5_arena rows=14456 cfgs=8820 cells=362250 total_mib=201.3 bx=81.9 bh=21.2 bh2=21.2 bg=17.7 h0=10.6 h=10.6 h2=10.6
v5_arena rows=14448 cfgs=10080 cells=360585 total_mib=202.8 bx=81.8 bh=21.2 bh2=21.2 bg=17.7 h0=10.6 h=10.6 h2=10.6
v5_arena rows=13619 cfgs=9576 cells=359120 total_mib=191.7 bx=77.1 bh=19.9 bh2=19.9 bg=16.7 h0=10.0 h=10.0 h2=10.0
v5_arena rows=15070 cfgs=8792 cells=349458 total_mib=208.8 bx=85.4 bh=22.1 bh2=22.1 bg=18.5 h0=11.0 h=11.0 h2=11.0
v5_arena rows=14196 cfgs=9072 cells=360869 total_mib=198.4 bx=80.4 bh=20.8 bh2=20.8 bg=17.4 h0=10.4 h=10.4 h2=10.4
v5_arena rows=9360 cfgs=5432 cells=213738 total_mib=129.7 bx=53.0 bh=13.7 bh2=13.7 bg=11.5 h0=6.9 h=6.9 h2=6.9
v5_arena rows=14981 cfgs=9184 cells=336445 total_mib=207.9 bx=84.9 bh=21.9 bh2=21.9 bg=18.4 h0=11.0 h=11.0 h2=11.0
v5_arena rows=12993 cfgs=8904 cells=340629 total_mib=182.7 bx=73.6 bh=19.0 bh2=19.0 bg=15.9 h0=9.5 h=9.5 h2=9.5
v5_arena rows=15336 cfgs=9548 cells=377892 total_mib=214.0 bx=86.9 bh=22.5 bh2=22.5 bg=18.8 h0=11.2 h=11.2 h2=11.2
v5_arena rows=10461 cfgs=7616 cells=295920 total_mib=148.0 bx=59.3 bh=15.3 bh2=15.3 bg=12.8 h0=7.7 h=7.7 h2=7.7
v5_arena rows=15732 cfgs=9464 cells=335780 total_mib=217.7 bx=89.1 bh=23.0 bh2=23.0 bg=19.3 h0=11.5 h=11.5 h2=11.5
v5_arena rows=16137 cfgs=8652 cells=354744 total_mib=222.1 bx=91.4 bh=23.6 bh2=23.6 bg=19.8 h0=11.8 h=11.8 h2=11.8
v5_arena rows=10838 cfgs=7084 cells=293737 total_mib=152.0 bx=61.4 bh=15.9 bh2=15.9 bg=13.3 h0=7.9 h=7.9 h2=7.9
v5_arena rows=15528 cfgs=8596 cells=348024 total_mib=214.3 bx=88.0 bh=22.7 bh2=22.7 bg=19.0 h0=11.4 h=11.4 h2=11.4
v5_arena rows=14053 cfgs=8484 cells=287185 total_mib=194.7 bx=79.6 bh=20.6 bh2=20.6 bg=17.2 h0=10.3 h=10.3 h2=10.3
v5_arena rows=13049 cfgs=8232 cells=323984 total_mib=182.3 bx=73.9 bh=19.1 bh2=19.1 bg=16.0 h0=9.6 h=9.6 h2=9.6
v5_arena rows=15465 cfgs=8876 cells=373821 total_mib=214.5 bx=87.6 bh=22.7 bh2=22.7 bg=19.0 h0=11.3 h=11.3 h2=11.3
v5_arena rows=12249 cfgs=8680 cells=347068 total_mib=172.8 bx=69.4 bh=17.9 bh2=17.9 bg=15.0 h0=9.0 h=9.0 h2=9.0
v5_arena rows=11450 cfgs=8425 cells=277239 total_mib=161.8 bx=64.9 bh=16.8 bh2=16.8 bg=14.0 h0=8.4 h=8.4 h2=8.4
v5_arena rows=12885 cfgs=9044 cells=331892 total_mib=181.0 bx=73.0 bh=18.9 bh2=18.9 bg=15.8 h0=9.4 h=9.4 h2=9.4
v5_arena rows=13339 cfgs=8736 cells=348624 total_mib=187.0 bx=75.6 bh=19.5 bh2=19.5 bg=16.4 h0=9.8 h=9.8 h2=9.8
v5_arena rows=10926 cfgs=6384 cells=274579 total_mib=151.8 bx=61.9 bh=16.0 bh2=16.0 bg=13.4 h0=8.0 h=8.0 h2=8.0
v5_arena rows=12639 cfgs=9563 cells=322238 total_mib=180.6 bx=71.6 bh=18.5 bh2=18.5 bg=15.5 h0=9.3 h=9.3 h2=9.3
v5_arena rows=13208 cfgs=13060 cells=293230 total_mib=192.6 bx=74.8 bh=19.3 bh2=19.3 bg=16.2 carry=9.9 h0=9.7 h=9.7
v5_arena rows=12561 cfgs=6272 cells=261751 total_mib=172.3 bx=71.2 bh=18.4 bh2=18.4 bg=15.4 h0=9.2 h=9.2 h2=9.2
v5_arena rows=10814 cfgs=6076 cells=263803 total_mib=149.8 bx=61.3 bh=15.8 bh2=15.8 bg=13.3 h0=7.9 h=7.9 h2=7.9
v5_arena rows=13063 cfgs=15548 cells=318331 total_mib=196.2 bx=74.0 bh=19.1 bh2=19.1 bg=16.0 carry=11.7 h0=9.6 h=9.6
v5_arena rows=8199 cfgs=6372 cells=212388 total_mib=117.4 bx=46.4 bh=12.0 bh2=12.0 bg=10.1 h0=6.0 h=6.0 h2=6.0
v5_arena rows=10198 cfgs=11786 cells=186234 total_mib=151.6 bx=57.8 bh=14.9 bh2=14.9 bg=12.5 carry=8.9 h0=7.5 h=7.5
v5_arena rows=10173 cfgs=15076 cells=142626 total_mib=163.6 bx=57.6 bh=18.4 bh2=18.4 bg=12.5 carry=11.2 h0=7.5 h=7.5
v5_arena rows=9900 cfgs=13874 cells=197009 total_mib=154.9 bx=56.1 bh=16.9 bh2=16.9 bg=12.1 carry=9.5 h0=7.3 h=7.3
v5_arena rows=9545 cfgs=14078 cells=130657 total_mib=152.3 bx=54.1 bh=17.2 bh2=17.2 bg=11.7 carry=10.0 h0=7.0 h=7.0
v5_arena rows=7300 cfgs=12720 cells=111305 total_mib=126.9 bx=41.4 bh=15.5 bh2=15.5 carry=10.1 bg=8.9 h0=5.3 h=5.3
v5_arena rows=9581 cfgs=19254 cells=148259 total_mib=176.6 bx=54.3 bh=23.5 bh2=23.5 carry=13.7 bg=13.2 h0=7.0 h=7.0
v5_arena rows=6502 cfgs=15961 cells=90214 total_mib=134.9 bx=36.8 bh=19.5 bh2=19.5 carry=11.9 bg=11.0 h0=4.8 h=4.8
v5_arena rows=7979 cfgs=16944 cells=134069 total_mib=153.1 bx=45.2 bh=20.7 bh2=20.7 carry=12.8 bg=11.6 h0=5.8 h=5.8
v5_arena rows=8644 cfgs=15828 cells=84071 total_mib=153.6 bx=49.0 bh=19.3 bh2=19.3 carry=12.6 bg=10.9 h0=6.3 h=6.3
v5_arena rows=7786 cfgs=18233 cells=76897 total_mib=155.7 bx=44.1 bh=22.3 bh2=22.3 carry=13.0 bg=12.5 h0=5.7 h=5.7
v5_arena rows=8476 cfgs=16599 cells=68979 total_mib=157.3 bx=48.0 bh=20.3 bh2=20.3 carry=14.1 bg=11.4 h0=6.2 h=6.2
v5_arena rows=6346 cfgs=12392 cells=72944 total_mib=119.6 bx=35.9 bh=15.1 bh2=15.1 carry=11.4 bg=8.5 h0=4.6 h=4.6
v5_arena rows=7385 cfgs=16507 cells=70774 total_mib=145.1 bx=41.8 bh=20.2 bh2=20.2 carry=12.5 bg=11.3 h0=5.4 h=5.4
v5_arena rows=6766 cfgs=15932 cells=57795 total_mib=137.7 bx=38.3 bh=19.4 bh2=19.4 carry=12.5 bg=10.9 h0=5.0 h=5.0
v5_arena rows=7742 cfgs=18720 cells=78328 total_mib=158.8 bx=43.9 bh=22.9 bh2=22.9 carry=14.0 bg=12.9 h0=5.7 h=5.7
v5_arena rows=9788 cfgs=19773 cells=80667 total_mib=183.1 bx=55.4 bh=24.1 bh2=24.1 carry=15.8 bg=13.6 h0=7.2 h=7.2
v5_arena rows=10326 cfgs=20739 cells=87523 total_mib=193.6 bx=58.5 bh=25.3 bh2=25.3 carry=17.0 bg=14.2 h0=7.6 h=7.6
v5_arena rows=8376 cfgs=17032 cells=68840 total_mib=158.0 bx=47.4 bh=20.8 bh2=20.8 carry=14.1 bg=11.7 h0=6.1 h=6.1
v5_arena rows=8252 cfgs=18513 cells=86597 total_mib=163.5 bx=46.7 bh=22.6 bh2=22.6 carry=14.4 bg=12.7 h0=6.0 h=6.0
v5_arena rows=9146 cfgs=19431 cells=90168 total_mib=174.7 bx=51.8 bh=23.7 bh2=23.7 carry=14.6 bg=13.3 h0=6.7 h=6.7
v5_arena rows=987 cfgs=526 cells=12223 total_mib=16.1 bx=5.6 carry=1.8 bh=1.4 bh2=1.4 bg=1.2 h0=0.7 h=0.7
v5_arena rows=6614 cfgs=17496 cells=73075 total_mib=143.2 bx=37.5 bh=21.4 bh2=21.4 carry=13.1 bg=12.0 h0=4.8 h=4.8
v5_arena rows=8701 cfgs=17586 cells=88140 total_mib=164.1 bx=49.3 bh=21.5 bh2=21.5 carry=14.6 bg=12.1 h0=6.4 h=6.4
v5_arena rows=7263 cfgs=15347 cells=65338 total_mib=139.6 bx=41.1 bh=18.7 bh2=18.7 carry=12.4 bg=10.5 h0=5.3 h=5.3
v5_arena rows=7893 cfgs=18600 cells=77377 total_mib=160.7 bx=44.7 bh=22.7 bh2=22.7 carry=14.4 bg=12.8 h0=5.8 h=5.8
v5_arena rows=7056 cfgs=13798 cells=66621 total_mib=131.2 bx=40.0 bh=16.8 bh2=16.8 carry=11.8 bg=9.5 h0=5.2 h=5.2
v5_arena rows=7443 cfgs=16991 cells=71567 total_mib=150.1 bx=42.2 bh=20.7 bh2=20.7 carry=14.0 bg=11.7 h0=5.5 h=5.5
v5_arena rows=8322 cfgs=17019 cells=76575 total_mib=156.7 bx=47.1 bh=20.8 bh2=20.8 carry=13.4 bg=11.7 h0=6.1 h=6.1
v5_arena rows=9433 cfgs=16613 cells=87784 total_mib=167.7 bx=53.4 bh=20.3 bh2=20.3 carry=14.9 bg=11.6 h0=6.9 h=6.9
v5_arena rows=9974 cfgs=18868 cells=90677 total_mib=182.0 bx=56.5 bh=23.0 bh2=23.0 carry=16.0 bg=13.0 h0=7.3 h=7.3
v5_arena rows=816 cfgs=282 cells=6072 total_mib=11.9 bx=4.6 bh=1.2 bh2=1.2 bg=1.0 carry=0.8 h0=0.6 h=0.6
v5_arena rows=10170 cfgs=22711 cells=99142 total_mib=199.4 bx=57.6 bh=27.7 bh2=27.7 carry=16.8 bg=15.6 h0=7.4 h=7.4
v5_arena rows=7426 cfgs=16309 cells=75287 total_mib=145.4 bx=42.1 bh=19.9 bh2=19.9 carry=12.7 bg=11.2 h0=5.4 h=5.4
v5_arena rows=6924 cfgs=14329 cells=60142 total_mib=130.5 bx=39.2 bh=17.5 bh2=17.5 carry=10.9 bg=9.8 h0=5.1 h=5.1
v5_arena rows=8787 cfgs=22092 cells=87112 total_mib=183.9 bx=49.8 bh=27.0 bh2=27.0 carry=16.2 bg=15.2 h0=6.4 h=6.4
v5_arena rows=9827 cfgs=20994 cells=86758 total_mib=189.4 bx=55.7 bh=25.6 bh2=25.6 carry=16.5 bg=14.4 h0=7.2 h=7.2
v5_arena rows=8481 cfgs=21747 cells=95442 total_mib=179.9 bx=48.0 bh=26.5 bh2=26.5 carry=15.9 bg=14.9 h0=6.2 h=6.2
v5_arena rows=11552 cfgs=24615 cells=115557 total_mib=223.7 bx=65.4 bh=30.0 bh2=30.0 carry=20.1 bg=16.9 h0=8.5 h=8.5
v5_arena rows=6280 cfgs=13561 cells=53226 total_mib=120.7 bx=35.6 bh=16.6 bh2=16.6 carry=10.1 bg=9.3 h0=4.6 h=4.6
v5_arena rows=7742 cfgs=17785 cells=86807 total_mib=155.4 bx=43.9 bh=21.7 bh2=21.7 carry=13.8 bg=12.2 h0=5.7 h=5.7
v5_arena rows=6615 cfgs=13944 cells=56035 total_mib=125.0 bx=37.5 bh=17.0 bh2=17.0 carry=10.1 bg=9.6 h0=4.8 h=4.8
v5_arena rows=9317 cfgs=19327 cells=78924 total_mib=176.5 bx=52.8 bh=23.6 bh2=23.6 carry=15.2 bg=13.3 h0=6.8 h=6.8
v5_arena rows=9556 cfgs=21782 cells=108598 total_mib=191.3 bx=54.1 bh=26.6 bh2=26.6 carry=17.0 bg=15.0 h0=7.0 h=7.0
v5_arena rows=11745 cfgs=24009 cells=112267 total_mib=222.9 bx=66.5 bh=29.3 bh2=29.3 carry=20.0 bg=16.5 h0=8.6 h=8.6
v5_arena rows=8155 cfgs=16638 cells=76374 total_mib=153.3 bx=46.2 bh=20.3 bh2=20.3 carry=13.1 bg=11.4 h0=6.0 h=6.0
v5_arena rows=2736 cfgs=954 cells=9517 total_mib=42.2 bx=15.5 bh=4.0 bh2=4.0 carry=4.0 bg=3.3 h0=2.0 h=2.0
v5_arena rows=8003 cfgs=16497 cells=78080 total_mib=151.3 bx=45.3 bh=20.1 bh2=20.1 carry=13.0 bg=11.3 h0=5.9 h=5.9
v5_arena rows=9547 cfgs=21064 cells=98854 total_mib=187.8 bx=54.1 bh=25.7 bh2=25.7 carry=16.6 bg=14.5 h0=7.0 h=7.0
v5_arena rows=8017 cfgs=18918 cells=86230 total_mib=164.1 bx=45.4 bh=23.1 bh2=23.1 carry=15.0 bg=13.0 h0=5.9 h=5.9
v5_arena rows=7028 cfgs=15612 cells=78997 total_mib=139.3 bx=39.8 bh=19.1 bh2=19.1 carry=12.6 bg=10.7 h0=5.1 h=5.1
v5_arena rows=7834 cfgs=18511 cells=63661 total_mib=158.9 bx=44.4 bh=22.6 bh2=22.6 carry=14.1 bg=12.7 h0=5.7 h=5.7
v5_arena rows=8327 cfgs=16189 cells=66027 total_mib=154.7 bx=47.2 bh=19.8 bh2=19.8 carry=14.2 bg=11.1 h0=6.1 h=6.1
v5_arena rows=846 cfgs=282 cells=2306 total_mib=12.3 bx=4.8 bh=1.2 bh2=1.2 bg=1.0 carry=0.8 h0=0.6 h=0.6
v5_arena rows=9140 cfgs=21444 cells=94091 total_mib=184.7 bx=51.8 bh=26.2 bh2=26.2 carry=16.1 bg=14.7 h0=6.7 h=6.7
v5_arena rows=8444 cfgs=16383 cells=78789 total_mib=155.8 bx=47.8 bh=20.0 bh2=20.0 carry=13.6 bg=11.2 h0=6.2 h=6.2
v5_arena rows=8936 cfgs=21615 cells=89602 total_mib=182.2 bx=50.6 bh=26.4 bh2=26.4 carry=15.5 bg=14.8 h0=6.5 h=6.5
v5_arena rows=8263 cfgs=19777 cells=94231 total_mib=170.2 bx=46.8 bh=24.1 bh2=24.1 carry=15.6 bg=13.6 h0=6.1 h=6.1
v5_arena rows=7522 cfgs=15372 cells=67521 total_mib=142.7 bx=42.6 bh=18.8 bh2=18.8 carry=12.8 bg=10.6 h0=5.5 h=5.5
v5_arena rows=6839 cfgs=17833 cells=74368 total_mib=146.8 bx=38.7 bh=21.8 bh2=21.8 carry=13.3 bg=12.2 h0=5.0 h=5.0
v5_arena rows=7504 cfgs=13456 cells=66067 total_mib=134.5 bx=42.5 bh=16.4 bh2=16.4 carry=12.1 bg=9.2 h0=5.5 h=5.5
v5_arena rows=7763 cfgs=17929 cells=84676 total_mib=158.4 bx=44.0 bh=21.9 bh2=21.9 carry=15.1 bg=12.3 h0=5.7 h=5.7
v5_arena rows=7802 cfgs=18011 cells=80995 total_mib=156.8 bx=44.2 bh=22.0 bh2=22.0 carry=13.9 bg=12.4 h0=5.7 h=5.7
v5_arena rows=8969 cfgs=20644 cells=70167 total_mib=178.1 bx=50.8 bh=25.2 bh2=25.2 carry=15.2 bg=14.2 h0=6.6 h=6.6
v5_arena rows=11542 cfgs=20891 cells=99675 total_mib=207.0 bx=65.4 bh=25.5 bh2=25.5 carry=18.5 bg=14.3 h0=8.5 h=8.5
v5_arena rows=1040 cfgs=428 cells=1801 total_mib=15.7 bx=5.9 bh=1.5 bh2=1.5 carry=1.3 bg=1.3 h0=0.8 h=0.8
v5_arena rows=9762 cfgs=19689 cells=85185 total_mib=182.6 bx=55.3 bh=24.0 bh2=24.0 carry=15.7 bg=13.5 h0=7.1 h=7.1
v5_arena rows=8087 cfgs=19296 cells=79086 total_mib=165.6 bx=45.8 bh=23.6 bh2=23.6 carry=15.0 bg=13.2 h0=5.9 h=5.9
v5_arena rows=7713 cfgs=16171 cells=74703 total_mib=147.5 bx=43.7 bh=19.7 bh2=19.7 carry=12.9 bg=11.1 h0=5.6 h=5.6
v5_arena rows=7277 cfgs=16954 cells=67655 total_mib=146.4 bx=41.2 bh=20.7 bh2=20.7 carry=12.8 bg=11.6 h0=5.3 h=5.3
v5_arena rows=8364 cfgs=16556 cells=76348 total_mib=157.4 bx=47.4 bh=20.2 bh2=20.2 carry=14.7 bg=11.4 h0=6.1 h=6.1
v5_arena rows=8143 cfgs=16546 cells=80134 total_mib=154.7 bx=46.1 bh=20.2 bh2=20.2 carry=14.2 bg=11.4 h0=6.0 h=6.0
v5_arena rows=8356 cfgs=16332 cells=73478 total_mib=155.3 bx=47.3 bh=19.9 bh2=19.9 carry=13.9 bg=11.2 h0=6.1 h=6.1
v5_arena rows=7884 cfgs=18205 cells=75924 total_mib=158.0 bx=44.7 bh=22.2 bh2=22.2 carry=13.7 bg=12.5 h0=5.8 h=5.8
v5_arena rows=6859 cfgs=13223 cells=55562 total_mib=124.9 bx=38.9 bh=16.1 bh2=16.1 carry=10.3 bg=9.1 h0=5.0 h=5.0
v5_arena rows=12943 cfgs=28302 cells=109463 total_mib=250.4 bx=73.3 bh=34.5 bh2=34.5 carry=21.1 bg=19.4 h0=9.5 h=9.5
v5_arena rows=1360 cfgs=184 cells=2196 total_mib=18.4 bx=7.7 bh=2.0 bh2=2.0 bg=1.7 h0=1.0 h=1.0 h2=1.0
v5_arena rows=987 cfgs=282 cells=2447 total_mib=14.2 bx=5.6 bh=1.4 bh2=1.4 bg=1.2 carry=0.9 h0=0.7 h=0.7
v5_arena rows=10904 cfgs=22383 cells=89746 total_mib=205.4 bx=61.8 bh=27.3 bh2=27.3 carry=17.5 bg=15.4 h0=8.0 h=8.0
v5_arena rows=9779 cfgs=19535 cells=84979 total_mib=181.9 bx=55.4 bh=23.8 bh2=23.8 carry=15.6 bg=13.4 h0=7.2 h=7.2
v5_arena rows=8882 cfgs=18986 cells=91863 total_mib=173.1 bx=50.3 bh=23.2 bh2=23.2 carry=15.9 bg=13.0 h0=6.5 h=6.5
v5_arena rows=8043 cfgs=19661 cells=83884 total_mib=165.5 bx=45.6 bh=24.0 bh2=24.0 carry=14.2 bg=13.5 h0=5.9 h=5.9
v5_arena rows=8791 cfgs=16182 cells=84448 total_mib=159.2 bx=49.8 bh=19.8 bh2=19.8 carry=14.2 bg=11.1 h0=6.4 h=6.4
v5_arena rows=7842 cfgs=19101 cells=76292 total_mib=161.8 bx=44.4 bh=23.3 bh2=23.3 carry=14.4 bg=13.1 h0=5.7 h=5.7
v5_arena rows=7635 cfgs=15708 cells=73347 total_mib=144.2 bx=43.3 bh=19.2 bh2=19.2 carry=12.4 bg=10.8 h0=5.6 h=5.6
v5_arena rows=9207 cfgs=17521 cells=92964 total_mib=168.3 bx=52.2 bh=21.4 bh2=21.4 carry=14.7 bg=12.0 h0=6.7 h=6.7
v5_arena rows=6289 cfgs=12812 cells=63784 total_mib=119.7 bx=35.6 bh=15.6 bh2=15.6 carry=10.9 bg=8.8 h0=4.6 h=4.6
v5_arena rows=9907 cfgs=22377 cells=97883 total_mib=198.1 bx=56.1 bh=27.3 bh2=27.3 carry=18.2 bg=15.4 h0=7.3 h=7.3
v5_arena rows=10326 cfgs=20519 cells=94280 total_mib=191.1 bx=58.5 bh=25.0 bh2=25.0 carry=16.1 bg=14.1 h0=7.6 h=7.6
v5_arena rows=10715 cfgs=20107 cells=96326 total_mib=195.0 bx=60.7 bh=24.5 bh2=24.5 carry=17.2 bg=13.8 h0=7.8 h=7.8
v5_arena rows=7784 cfgs=17884 cells=76983 total_mib=158.3 bx=44.1 bh=21.8 bh2=21.8 carry=15.1 bg=12.3 h0=5.7 h=5.7
v5_arena rows=7968 cfgs=16705 cells=75011 total_mib=152.3 bx=45.1 bh=20.4 bh2=20.4 carry=13.4 bg=11.5 h0=5.8 h=5.8
v5_arena rows=7208 cfgs=13607 cells=70222 total_mib=131.3 bx=40.8 bh=16.6 bh2=16.6 carry=11.5 bg=9.3 h0=5.3 h=5.3
v5_arena rows=8655 cfgs=19505 cells=83683 total_mib=170.0 bx=49.0 bh=23.8 bh2=23.8 carry=14.2 bg=13.4 h0=6.3 h=6.3
v5_arena rows=7421 cfgs=14350 cells=64889 total_mib=135.1 bx=42.0 bh=17.5 bh2=17.5 carry=11.2 bg=9.9 h0=5.4 h=5.4
v5_arena rows=6678 cfgs=19425 cells=76226 total_mib=152.5 bx=37.8 bh=23.7 bh2=23.7 carry=13.9 bg=13.3 h0=4.9 h=4.9
v5_arena rows=750 cfgs=428 cells=7851 total_mib=11.7 bx=4.2 bh=1.1 bh2=1.1 carry=1.1 bg=0.9 h0=0.5 h=0.5
v5_arena rows=6224 cfgs=15826 cells=87949 total_mib=133.6 bx=35.3 bh=19.3 bh2=19.3 carry=12.6 bg=10.9 h0=4.6 h=4.6
v5_arena rows=6663 cfgs=16788 cells=80140 total_mib=142.6 bx=37.7 bh=20.5 bh2=20.5 carry=13.7 bg=11.5 h0=4.9 h=4.9
v5_arena rows=8163 cfgs=18405 cells=66225 total_mib=160.3 bx=46.2 bh=22.5 bh2=22.5 carry=13.5 bg=12.6 h0=6.0 h=6.0
v5_arena rows=13146 cfgs=28039 cells=112571 total_mib=253.6 bx=74.5 bh=34.2 bh2=34.2 carry=22.4 bg=19.3 h0=9.6 h=9.6
v5_arena rows=10101 cfgs=18918 cells=81686 total_mib=181.9 bx=57.2 bh=23.1 bh2=23.1 carry=15.3 bg=13.0 h0=7.4 h=7.4
v5_arena rows=8004 cfgs=16156 cells=78481 total_mib=150.9 bx=45.3 bh=19.7 bh2=19.7 carry=13.5 bg=11.1 h0=5.9 h=5.9
v5_arena rows=8148 cfgs=19786 cells=89717 total_mib=168.7 bx=46.2 bh=24.2 bh2=24.2 carry=15.2 bg=13.6 h0=6.0 h=6.0
v5_arena rows=6849 cfgs=16271 cells=75844 total_mib=141.5 bx=38.8 bh=19.9 bh2=19.9 carry=13.3 bg=11.2 h0=5.0 h=5.0
v5_arena rows=7525 cfgs=17408 cells=80034 total_mib=151.3 bx=42.6 bh=21.2 bh2=21.2 carry=13.3 bg=12.0 h0=5.5 h=5.5
v5_arena rows=7804 cfgs=16778 cells=67451 total_mib=151.7 bx=44.2 bh=20.5 bh2=20.5 carry=13.6 bg=11.5 h0=5.7 h=5.7
v5_arena rows=6970 cfgs=17026 cells=73030 total_mib=144.7 bx=39.5 bh=20.8 bh2=20.8 carry=13.2 bg=11.7 h0=5.1 h=5.1
v5_arena rows=8940 cfgs=15470 cells=70008 total_mib=156.1 bx=50.6 bh=18.9 bh2=18.9 carry=13.3 bg=11.0 h0=6.5 h=6.5
v5_arena rows=7795 cfgs=17151 cells=75942 total_mib=153.2 bx=44.2 bh=20.9 bh2=20.9 carry=13.7 bg=11.8 h0=5.7 h=5.7
v5_arena rows=11530 cfgs=24615 cells=116121 total_mib=223.0 bx=65.3 bh=30.0 bh2=30.0 carry=19.7 bg=16.9 h0=8.4 h=8.4
v5_arena rows=9427 cfgs=17619 cells=80468 total_mib=169.8 bx=53.4 bh=21.5 bh2=21.5 carry=14.4 bg=12.1 h0=6.9 h=6.9
v5_arena rows=8738 cfgs=21690 cells=83936 total_mib=182.2 bx=49.5 bh=26.5 bh2=26.5 carry=16.3 bg=14.9 h0=6.4 h=6.4
v5_arena rows=7824 cfgs=18349 cells=74987 total_mib=158.0 bx=44.3 bh=22.4 bh2=22.4 carry=13.8 bg=12.6 h0=5.7 h=5.7
v5_arena rows=6751 cfgs=11672 cells=40911 total_mib=115.2 bx=38.2 bh=14.2 bh2=14.2 carry=8.7 bg=8.3 h0=4.9 h=4.9
v5_arena rows=8274 cfgs=18118 cells=78884 total_mib=161.1 bx=46.9 bh=22.1 bh2=22.1 carry=13.8 bg=12.4 h0=6.1 h=6.1
v5_arena rows=6072 cfgs=13590 cells=56766 total_mib=120.7 bx=34.4 bh=16.6 bh2=16.6 carry=11.1 bg=9.3 h0=4.4 h=4.4
v5_arena rows=8302 cfgs=16833 cells=89530 total_mib=159.7 bx=47.0 bh=20.5 bh2=20.5 carry=15.5 bg=11.6 h0=6.1 h=6.1
v5_arena rows=8346 cfgs=15921 cells=75628 total_mib=153.7 bx=47.3 bh=19.4 bh2=19.4 carry=13.8 bg=10.9 h0=6.1 h=6.1
v5_arena rows=7067 cfgs=17180 cells=74509 total_mib=149.5 bx=40.0 bh=21.0 bh2=21.0 carry=15.1 bg=11.8 h0=5.2 h=5.2
v5_arena rows=9403 cfgs=22131 cells=84807 total_mib=188.3 bx=53.3 bh=27.0 bh2=27.0 carry=15.6 bg=15.2 h0=6.9 h=6.9
v5_arena rows=9264 cfgs=19998 cells=100408 total_mib=180.5 bx=52.5 bh=24.4 bh2=24.4 carry=16.1 bg=13.7 h0=6.8 h=6.8
v5_arena rows=846 cfgs=526 cells=11518 total_mib=14.0 bx=4.8 carry=1.6 bh=1.2 bh2=1.2 bg=1.0 h0=0.6 h=0.6
v5_arena rows=1034 cfgs=254 cells=2494 total_mib=14.9 bx=5.9 bh=1.5 bh2=1.5 bg=1.3 carry=1.0 h0=0.8 h=0.8
v5_arena rows=8619 cfgs=19373 cells=80094 total_mib=169.0 bx=48.8 bh=23.6 bh2=23.6 carry=14.2 bg=13.3 h0=6.3 h=6.3
v5_arena rows=9553 cfgs=18945 cells=88659 total_mib=176.8 bx=54.1 bh=23.1 bh2=23.1 carry=14.8 bg=13.0 h0=7.0 h=7.0
v5_arena rows=7330 cfgs=17562 cells=75487 total_mib=149.9 bx=41.5 bh=21.4 bh2=21.4 carry=13.2 bg=12.1 h0=5.4 h=5.4
v5_arena rows=8539 cfgs=14921 cells=73829 total_mib=151.2 bx=48.4 bh=18.2 bh2=18.2 carry=13.5 bg=10.5 h0=6.3 h=6.3
v5_arena rows=9316 cfgs=19760 cells=148381 total_mib=180.0 bx=52.8 bh=24.1 bh2=24.1 carry=15.9 bg=13.6 h0=6.8 h=6.8
v5_arena rows=7351 cfgs=13020 cells=57816 total_mib=130.0 bx=41.6 bh=15.9 bh2=15.9 carry=11.4 bg=9.0 h0=5.4 h=5.4
v5_arena rows=7906 cfgs=15591 cells=73801 total_mib=148.4 bx=44.8 bh=19.0 bh2=19.0 carry=13.7 bg=10.7 h0=5.8 h=5.8
v5_arena rows=6756 cfgs=15661 cells=68303 total_mib=137.6 bx=38.3 bh=19.1 bh2=19.1 carry=13.0 bg=10.8 h0=4.9 h=4.9
v5_arena rows=9454 cfgs=18583 cells=89225 total_mib=174.6 bx=53.6 bh=22.7 bh2=22.7 carry=14.9 bg=12.8 h0=6.9 h=6.9
v5_arena rows=8287 cfgs=18592 cells=90311 total_mib=164.5 bx=46.9 bh=22.7 bh2=22.7 carry=14.7 bg=12.8 h0=6.1 h=6.1
v5_arena rows=1040 cfgs=428 cells=1801 total_mib=15.7 bx=5.9 bh=1.5 bh2=1.5 carry=1.3 bg=1.3 h0=0.8 h=0.8
v5_arena rows=11446 cfgs=23099 cells=568794 total_mib=218.7 bx=64.8 bh=28.2 bh2=28.2 carry=18.1 bg=15.9 h0=8.4 h=8.4
v5_arena rows=9064 cfgs=18638 cells=137049 total_mib=171.2 bx=51.3 bh=22.8 bh2=22.8 carry=14.6 bg=12.8 h0=6.6 h=6.6
v5_arena rows=8106 cfgs=16041 cells=81300 total_mib=152.7 bx=45.9 bh=19.6 bh2=19.6 carry=14.1 bg=11.0 h0=5.9 h=5.9
v5_arena rows=9263 cfgs=17362 cells=204027 total_mib=168.8 bx=52.5 bh=21.2 bh2=21.2 carry=14.5 bg=11.9 h0=6.8 h=6.8
v5_arena rows=8629 cfgs=17314 cells=197045 total_mib=162.9 bx=48.9 bh=21.1 bh2=21.1 carry=14.4 bg=11.9 h0=6.3 h=6.3
v5_arena rows=8408 cfgs=17937 cells=115803 total_mib=163.6 bx=47.6 bh=21.9 bh2=21.9 carry=14.8 bg=12.3 h0=6.2 h=6.2
v5_arena rows=6477 cfgs=14240 cells=172948 total_mib=128.1 bx=36.7 bh=17.4 bh2=17.4 carry=11.2 bg=9.8 h0=4.7 h=4.7
v5_arena rows=6937 cfgs=16326 cells=85043 total_mib=140.3 bx=39.3 bh=19.9 bh2=19.9 carry=12.1 bg=11.2 h0=5.1 h=5.1
v5_arena rows=7552 cfgs=15487 cells=130639 total_mib=142.5 bx=42.8 bh=18.9 bh2=18.9 carry=12.0 bg=10.6 h0=5.5 h=5.5
v5_arena rows=8907 cfgs=21225 cells=200092 total_mib=183.8 bx=50.5 bh=25.9 bh2=25.9 carry=16.6 bg=14.6 h0=6.5 h=6.5
v5_arena rows=10271 cfgs=18529 cells=837346 total_mib=191.0 bx=58.2 bh=22.6 bh2=22.6 carry=15.8 bg=12.7 h0=7.5 h=7.5
v5_arena rows=9421 cfgs=19691 cells=459205 total_mib=184.3 bx=53.4 bh=24.0 bh2=24.0 carry=16.5 bg=13.5 h0=6.9 h=6.9
v5_arena rows=2262 cfgs=170 cells=6307 total_mib=30.8 bx=12.8 bh=3.3 bh2=3.3 bg=2.8 h0=1.7 h=1.7 h2=1.7
v5_arena rows=8597 cfgs=14702 cells=299273 total_mib=150.8 bx=48.7 bh=17.9 bh2=17.9 carry=12.4 bg=10.5 h0=6.3 h=6.3
v5_arena rows=7626 cfgs=16721 cells=156744 total_mib=148.1 bx=43.2 bh=20.4 bh2=20.4 carry=12.2 bg=11.5 h0=5.6 h=5.6
v5_arena rows=8206 cfgs=16156 cells=279750 total_mib=155.7 bx=46.5 bh=19.7 bh2=19.7 carry=14.2 bg=11.1 h0=6.0 h=6.0
v5_arena rows=7151 cfgs=12402 cells=418351 total_mib=129.8 bx=40.5 bh=15.1 bh2=15.1 carry=11.0 bg=8.8 h0=5.2 h=5.2
v5_arena rows=6934 cfgs=14308 cells=236107 total_mib=133.6 bx=39.3 bh=17.5 bh2=17.5 carry=11.5 bg=9.8 h0=5.1 h=5.1
v5_arena rows=940 cfgs=254 cells=2447 total_mib=13.6 bx=5.3 bh=1.4 bh2=1.4 bg=1.1 carry=0.9 h0=0.7 h=0.7
v5_arena rows=7911 cfgs=13515 cells=371573 total_mib=141.5 bx=44.8 bh=16.5 bh2=16.5 carry=12.1 bg=9.7 h0=5.8 h=5.8
v5_arena rows=6991 cfgs=17001 cells=471395 total_mib=149.3 bx=39.6 bh=20.8 bh2=20.8 carry=13.2 bg=11.7 h0=5.1 h=5.1
v5_arena rows=10668 cfgs=17693 cells=715950 total_mib=187.1 bx=60.4 bh=21.6 bh2=21.6 carry=14.1 bg=13.1 h0=7.8 h=7.8
v5_arena rows=9618 cfgs=19137 cells=316597 total_mib=179.5 bx=54.5 bh=23.4 bh2=23.4 carry=14.5 bg=13.1 h0=7.0 h=7.0
v5_arena rows=1269 cfgs=623 cells=196037 total_mib=23.5 bx=7.2 carry=2.7 bh=1.9 bh2=1.9 bg=1.6 h0=0.9 h=0.9
v5_arena rows=9506 cfgs=16243 cells=793875 total_mib=174.1 bx=53.8 bh=19.8 bh2=19.8 carry=14.6 bg=11.6 h0=7.0 h=7.0
v5_arena rows=9171 cfgs=14931 cells=566331 total_mib=162.6 bx=52.0 bh=18.2 bh2=18.2 carry=13.8 bg=11.2 h0=6.7 h=6.7
v5_arena rows=7304 cfgs=15396 cells=667876 total_mib=150.2 bx=41.4 bh=18.8 bh2=18.8 carry=14.0 bg=10.6 h0=5.3 h=5.3
v5_arena rows=7064 cfgs=16125 cells=583364 total_mib=147.0 bx=40.0 bh=19.7 bh2=19.7 carry=12.7 bg=11.1 h0=5.2 h=5.2
v5_arena rows=6836 cfgs=11388 cells=497200 total_mib=122.6 bx=38.7 bh=13.9 bh2=13.9 carry=10.1 bg=8.4 h0=5.0 h=5.0
v5_arena rows=7581 cfgs=12917 cells=349100 total_mib=134.2 bx=42.9 bh=15.8 bh2=15.8 carry=11.3 bg=9.3 h0=5.6 h=5.6
v5_arena rows=5821 cfgs=10933 cells=539105 total_mib=111.9 bx=33.0 bh=13.3 bh2=13.3 carry=9.9 bg=7.5 h0=4.3 h=4.3
v5_arena rows=6969 cfgs=15325 cells=627919 total_mib=142.0 bx=39.5 bh=18.7 bh2=18.7 carry=11.8 bg=10.5 h0=5.1 h=5.1
v5_arena rows=8172 cfgs=13989 cells=476432 total_mib=147.2 bx=46.3 bh=17.1 bh2=17.1 carry=12.8 bg=10.0 h0=6.0 h=6.0
v5_arena rows=11915 cfgs=15334 cells=848683 total_mib=195.6 bx=67.5 bh=18.7 bh2=18.7 carry=15.2 bg=14.6 h0=8.7 h=8.7
v5_arena rows=846 cfgs=623 cells=140389 total_mib=15.7 bx=4.8 carry=1.7 bh=1.2 bh2=1.2 bg=1.0 h0=0.6 h=0.6
v5_arena rows=1920 cfgs=562 cells=79789 total_mib=30.8 bx=10.9 carry=3.3 bh=2.8 bh2=2.8 bg=2.3 h0=1.4 h=1.4
v5_arena rows=9679 cfgs=17036 cells=784587 total_mib=177.0 bx=54.8 bh=20.8 bh2=20.8 carry=14.5 bg=11.9 h0=7.1 h=7.1
v5_arena rows=7965 cfgs=11982 cells=832405 total_mib=142.7 bx=45.1 bh=14.6 bh2=14.6 carry=11.6 bg=9.8 h0=5.8 h=5.8
v5_arena rows=6945 cfgs=12045 cells=709978 total_mib=129.7 bx=39.3 bh=14.7 bh2=14.7 carry=10.7 bg=8.5 h0=5.1 h=5.1
v5_arena rows=7037 cfgs=9114 cells=536098 total_mib=116.1 bx=39.9 bh=11.1 bh2=11.1 carry=8.8 bg=8.6 h0=5.2 h=5.2
v5_arena rows=6864 cfgs=10636 cells=515318 total_mib=118.3 bx=38.9 bh=13.0 bh2=13.0 carry=8.5 bg=8.4 h0=5.0 h=5.0
v5_arena rows=5438 cfgs=9145 cells=306155 total_mib=95.3 bx=30.8 bh=11.2 bh2=11.2 carry=7.4 bg=6.7 h0=4.0 h=4.0
v5_arena rows=7963 cfgs=12110 cells=576671 total_mib=136.2 bx=45.1 bh=14.8 bh2=14.8 carry=9.9 bg=9.8 h0=5.8 h=5.8
v5_arena rows=8090 cfgs=16468 cells=666518 total_mib=157.7 bx=45.8 bh=20.1 bh2=20.1 carry=12.9 bg=11.3 h0=5.9 h=5.9
v5_arena rows=6495 cfgs=10263 cells=663983 total_mib=117.5 bx=36.8 bh=12.5 bh2=12.5 carry=9.5 bg=8.0 h0=4.8 h=4.8
v5_arena rows=7429 cfgs=12276 cells=842341 total_mib=139.8 bx=42.1 bh=15.0 bh2=15.0 carry=12.6 bg=9.1 h0=5.4 h=5.4
v5_arena rows=846 cfgs=395 cells=61053 total_mib=13.5 bx=4.8 bh=1.2 bh2=1.2 carry=1.2 bg=1.0 h0=0.6 h=0.6
v5_arena rows=8399 cfgs=10622 cells=642453 total_mib=137.7 bx=47.6 bh=13.0 bh2=13.0 carry=10.4 bg=10.3 h0=6.2 h=6.2
v5_arena rows=7958 cfgs=11917 cells=732825 total_mib=140.0 bx=45.1 bh=14.5 bh2=14.5 carry=11.0 bg=9.7 h0=5.8 h=5.8
v5_arena rows=6850 cfgs=10626 cells=703279 total_mib=124.1 bx=38.8 bh=13.0 bh2=13.0 carry=10.5 bg=8.4 h0=5.0 h=5.0
v5_arena rows=5912 cfgs=9774 cells=525430 total_mib=106.2 bx=33.5 bh=11.9 bh2=11.9 carry=8.3 bg=7.2 h0=4.3 h=4.3
v5_arena rows=6491 cfgs=10373 cells=723932 total_mib=119.4 bx=36.8 bh=12.7 bh2=12.7 carry=10.1 bg=7.9 h0=4.8 h=4.8
v5_arena rows=6907 cfgs=13094 cells=651604 total_mib=132.2 bx=39.1 bh=16.0 bh2=16.0 carry=11.0 bg=9.0 h0=5.1 h=5.1
v5_arena rows=7086 cfgs=9615 cells=675989 total_mib=122.8 bx=40.1 bh=11.7 bh2=11.7 carry=10.3 bg=8.7 h0=5.2 h=5.2
v5_arena rows=9775 cfgs=14477 cells=786975 total_mib=168.9 bx=55.4 bh=17.7 bh2=17.7 carry=13.3 bg=12.0 h0=7.2 h=7.2
v5_arena rows=8207 cfgs=12800 cells=772558 total_mib=146.5 bx=46.5 bh=15.6 bh2=15.6 carry=12.0 bg=10.1 h0=6.0 h=6.0
v5_arena rows=8263 cfgs=13409 cells=661342 total_mib=147.3 bx=46.8 bh=16.4 bh2=16.4 carry=12.1 bg=10.1 h0=6.1 h=6.1
v5_arena rows=7713 cfgs=14134 cells=697689 total_mib=144.4 bx=43.7 bh=17.3 bh2=17.3 carry=11.6 bg=9.7 h0=5.6 h=5.6
v5_arena rows=940 cfgs=233 cells=15369 total_mib=13.5 bx=5.3 bh=1.4 bh2=1.4 bg=1.1 carry=0.9 h0=0.7 h=0.7
v5_arena rows=1200 cfgs=258 cells=48635 total_mib=17.7 bx=6.8 bh=1.8 bh2=1.8 bg=1.5 carry=1.1 h0=0.9 h=0.9
v5_arena rows=1757 cfgs=507 cells=70536 total_mib=26.1 bx=10.0 bh=2.6 bh2=2.6 bg=2.1 carry=1.8 h0=1.3 h=1.3
v5_arena rows=8295 cfgs=12364 cells=691121 total_mib=144.8 bx=47.0 bh=15.1 bh2=15.1 carry=11.7 bg=10.2 h0=6.1 h=6.1
v5_arena rows=6594 cfgs=10878 cells=666900 total_mib=120.2 bx=37.4 bh=13.3 bh2=13.3 carry=9.4 bg=8.1 h0=4.8 h=4.8
v5_arena rows=9273 cfgs=16617 cells=893820 total_mib=174.8 bx=52.5 bh=20.3 bh2=20.3 carry=15.0 bg=11.4 h0=6.8 h=6.8
v5_arena rows=7422 cfgs=12547 cells=784855 total_mib=137.6 bx=42.0 bh=15.3 bh2=15.3 carry=11.3 bg=9.1 h0=5.4 h=5.4
v5_arena rows=7150 cfgs=11593 cells=825056 total_mib=133.3 bx=40.5 bh=14.2 bh2=14.2 carry=11.4 bg=8.8 h0=5.2 h=5.2
v5_arena rows=6287 cfgs=10925 cells=777263 total_mib=120.3 bx=35.6 bh=13.3 bh2=13.3 carry=10.1 bg=7.7 h0=4.6 h=4.6
v5_arena rows=6379 cfgs=9606 cells=496706 total_mib=110.0 bx=36.1 bh=11.7 bh2=11.7 carry=8.3 bg=7.8 h0=4.7 h=4.7
v5_arena rows=8387 cfgs=13819 cells=645720 total_mib=150.3 bx=47.5 bh=16.9 bh2=16.9 carry=12.6 bg=10.3 h0=6.1 h=6.1
v5_arena rows=9380 cfgs=16853 cells=852573 total_mib=174.7 bx=53.1 bh=20.6 bh2=20.6 carry=14.5 bg=11.6 h0=6.9 h=6.9
v5_arena rows=8692 cfgs=12482 cells=615377 total_mib=147.5 bx=49.2 bh=15.2 bh2=15.2 carry=11.9 bg=10.6 h0=6.4 h=6.4
v5_arena rows=1949 cfgs=605 cells=73118 total_mib=29.0 bx=11.0 bh=2.9 bh2=2.9 bg=2.4 carry=2.1 h0=1.4 h=1.4
v5_arena rows=1040 cfgs=252 cells=41928 total_mib=15.1 bx=5.9 bh=1.5 bh2=1.5 bg=1.3 carry=0.9 h0=0.8 h=0.8
v5_arena rows=11779 cfgs=16118 cells=879258 total_mib=197.0 bx=66.7 bh=19.7 bh2=19.7 carry=14.9 bg=14.4 h0=8.6 h=8.6
v5_arena rows=2054 cfgs=334 cells=146730 total_mib=31.6 bx=11.6 bh=3.0 bh2=3.0 bg=2.5 carry=2.2 h0=1.5 h=1.5
v5_arena rows=1128 cfgs=357 cells=71769 total_mib=17.7 bx=6.4 bh=1.7 bh2=1.7 carry=1.6 bg=1.4 h0=0.8 h=0.8
v5_arena rows=7393 cfgs=12063 cells=544077 total_mib=131.1 bx=41.9 bh=14.7 bh2=14.7 carry=10.8 bg=9.1 h0=5.4 h=5.4
v5_arena rows=752 cfgs=233 cells=13959 total_mib=10.9 bx=4.3 bh=1.1 bh2=1.1 bg=0.9 carry=0.7 h0=0.6 h=0.6
v5_arena rows=8571 cfgs=18164 cells=813319 total_mib=171.0 bx=48.6 bh=22.2 bh2=22.2 carry=13.8 bg=12.5 h0=6.3 h=6.3
v5_arena rows=7165 cfgs=12117 cells=624603 total_mib=130.2 bx=40.6 bh=14.8 bh2=14.8 carry=10.5 bg=8.8 h0=5.2 h=5.2
v5_arena rows=5534 cfgs=8643 cells=437520 total_mib=96.3 bx=31.3 bh=10.6 bh2=10.6 carry=7.2 bg=6.8 h0=4.1 h=4.1
v5_arena rows=6953 cfgs=12929 cells=704805 total_mib=132.3 bx=39.4 bh=15.8 bh2=15.8 carry=10.3 bg=8.9 h0=5.1 h=5.1
v5_arena rows=7361 cfgs=11493 cells=598118 total_mib=129.9 bx=41.7 bh=14.0 bh2=14.0 carry=10.6 bg=9.0 h0=5.4 h=5.4
v5_arena rows=6516 cfgs=10563 cells=533811 total_mib=116.3 bx=36.9 bh=12.9 bh2=12.9 carry=9.5 bg=8.0 h0=4.8 h=4.8
v5_arena rows=10529 cfgs=15527 cells=936822 total_mib=185.9 bx=59.6 bh=19.0 bh2=19.0 carry=16.2 bg=12.9 h0=7.7 h=7.7
v5_arena rows=7049 cfgs=9432 cells=612468 total_mib=119.9 bx=39.9 bh=11.5 bh2=11.5 carry=9.8 bg=8.6 h0=5.2 h=5.2
v5_arena rows=2133 cfgs=562 cells=325033 total_mib=38.2 bx=12.1 carry=3.6 bh=3.1 bh2=3.1 bg=2.6 h0=1.6 h=1.6
v5_arena rows=1027 cfgs=172 cells=17486 total_mib=14.1 bx=5.8 bh=1.5 bh2=1.5 bg=1.3 h0=0.8 h=0.8 h2=0.8
v5_arena rows=8061 cfgs=12185 cells=763398 total_mib=143.5 bx=45.7 bh=14.9 bh2=14.9 carry=11.8 bg=9.9 h0=5.9 h=5.9
v5_arena rows=8391 cfgs=13904 cells=762865 total_mib=153.6 bx=47.5 bh=17.0 bh2=17.0 carry=13.3 bg=10.3 h0=6.1 h=6.1
v5_arena rows=8081 cfgs=12673 cells=637984 total_mib=142.2 bx=45.8 bh=15.5 bh2=15.5 carry=11.5 bg=9.9 h0=5.9 h=5.9
v5_arena rows=6741 cfgs=11384 cells=567629 total_mib=121.7 bx=38.2 bh=13.9 bh2=13.9 carry=9.7 bg=8.3 h0=4.9 h=4.9
v5_arena rows=8287 cfgs=15780 cells=891702 total_mib=160.1 bx=46.9 bh=19.3 bh2=19.3 carry=13.1 bg=10.8 h0=6.1 h=6.1
v5_arena rows=6695 cfgs=11969 cells=666036 total_mib=125.9 bx=37.9 bh=14.6 bh2=14.6 carry=10.7 bg=8.2 h0=4.9 h=4.9
v5_arena rows=5883 cfgs=10053 cells=666974 total_mib=110.2 bx=33.3 bh=12.3 bh2=12.3 carry=9.1 bg=7.2 h0=4.3 h=4.3
v5_arena rows=7526 cfgs=13422 cells=817727 total_mib=143.6 bx=42.6 bh=16.4 bh2=16.4 carry=12.5 bg=9.2 h0=5.5 h=5.5
v5_arena rows=7695 cfgs=11904 cells=722903 total_mib=137.4 bx=43.6 bh=14.5 bh2=14.5 carry=11.1 bg=9.4 h0=5.6 h=5.6
v5_arena rows=7575 cfgs=13017 cells=774212 total_mib=141.5 bx=42.9 bh=15.9 bh2=15.9 carry=11.9 bg=9.3 h0=5.5 h=5.5
v5_arena rows=10012 cfgs=14561 cells=763611 total_mib=172.1 bx=56.7 bh=17.8 bh2=17.8 carry=14.0 bg=12.3 h0=7.3 h=7.3
v5_arena rows=1320 cfgs=296 cells=53195 total_mib=19.4 bx=7.5 bh=1.9 bh2=1.9 bg=1.6 carry=1.3 h0=1.0 h=1.0
v5_arena rows=6009 cfgs=12131 cells=696263 total_mib=120.6 bx=34.0 bh=14.8 bh2=14.8 carry=10.0 bg=8.3 h0=4.4 h=4.4
v5_arena rows=4958 cfgs=7894 cells=444784 total_mib=88.4 bx=28.1 bh=9.6 bh2=9.6 carry=7.0 bg=6.1 h0=3.6 h=3.6
v5_arena rows=8938 cfgs=14019 cells=775838 total_mib=158.9 bx=50.6 bh=17.1 bh2=17.1 carry=13.0 bg=10.9 h0=6.5 h=6.5
v5_arena rows=8763 cfgs=11136 cells=546704 total_mib=141.3 bx=49.6 bh=13.6 bh2=13.6 bg=10.7 carry=10.3 h0=6.4 h=6.4
v5_arena rows=6806 cfgs=11459 cells=717197 total_mib=127.0 bx=38.6 bh=14.0 bh2=14.0 carry=11.1 bg=8.3 h0=5.0 h=5.0
v5_arena rows=6413 cfgs=10946 cells=574688 total_mib=119.0 bx=36.3 bh=13.4 bh2=13.4 carry=10.8 bg=7.9 h0=4.7 h=4.7
v5_arena rows=9654 cfgs=16107 cells=793382 total_mib=174.2 bx=54.7 bh=19.7 bh2=19.7 carry=14.4 bg=11.8 h0=7.1 h=7.1
v5_arena rows=8363 cfgs=13738 cells=739002 total_mib=150.8 bx=47.4 bh=16.8 bh2=16.8 carry=12.4 bg=10.2 h0=6.1 h=6.1
v5_arena rows=8550 cfgs=11721 cells=888246 total_mib=151.3 bx=48.4 bh=14.3 bh2=14.3 carry=13.5 bg=10.5 h0=6.3 h=6.3
v5_arena rows=7303 cfgs=13627 cells=785525 total_mib=142.1 bx=41.4 bh=16.6 bh2=16.6 carry=12.7 bg=9.4 h0=5.3 h=5.3
v5_arena rows=8094 cfgs=17814 cells=854265 total_mib=165.7 bx=45.9 bh=21.7 bh2=21.7 carry=13.3 bg=12.2 h0=5.9 h=5.9
v5_arena rows=1200 cfgs=258 cells=48635 total_mib=17.7 bx=6.8 bh=1.8 bh2=1.8 bg=1.5 carry=1.1 h0=0.9 h=0.9
v5_arena rows=7587 cfgs=10803 cells=817216 total_mib=134.6 bx=43.0 bh=13.2 bh2=13.2 carry=11.0 bg=9.3 h0=5.6 h=5.6
v5_arena rows=7369 cfgs=11530 cells=627280 total_mib=130.5 bx=41.7 bh=14.1 bh2=14.1 carry=10.3 bg=9.0 h0=5.4 h=5.4
v5_arena rows=6870 cfgs=11568 cells=627529 total_mib=126.2 bx=38.9 bh=14.1 bh2=14.1 carry=10.8 bg=8.4 h0=5.0 h=5.0
v5_arena rows=1157 cfgs=476 cells=11245 total_mib=17.4 bx=6.6 bh=1.7 bh2=1.7 carry=1.5 bg=1.4 h0=0.8 h=0.8
v5_arena rows=6277 cfgs=10712 cells=525243 total_mib=114.0 bx=35.6 bh=13.1 bh2=13.1 carry=9.4 bg=7.7 h0=4.6 h=4.6
v5_arena rows=6814 cfgs=9189 cells=703244 total_mib=118.4 bx=38.6 bh=11.2 bh2=11.2 carry=9.5 bg=8.3 h0=5.0 h=5.0
v5_arena rows=7133 cfgs=10812 cells=726877 total_mib=128.1 bx=40.4 bh=13.2 bh2=13.2 carry=10.8 bg=8.7 h0=5.2 h=5.2
v5_arena rows=6982 cfgs=11579 cells=608809 total_mib=126.5 bx=39.6 bh=14.1 bh2=14.1 carry=10.2 bg=8.6 h0=5.1 h=5.1
v5_arena rows=3267 cfgs=992 cells=109645 total_mib=48.4 bx=18.5 bh=4.8 bh2=4.8 bg=4.0 carry=3.4 h0=2.4 h=2.4
v5_arena rows=819 cfgs=476 cells=9126 total_mib=12.4 bx=4.6 bh=1.2 bh2=1.2 carry=1.1 bg=1.0 h0=0.6 h=0.6
v5_arena rows=8437 cfgs=13088 cells=675670 total_mib=147.9 bx=47.8 bh=16.0 bh2=16.0 carry=11.5 bg=10.3 h0=6.2 h=6.2
v5_arena rows=8031 cfgs=14840 cells=786616 total_mib=151.3 bx=45.5 bh=18.1 bh2=18.1 carry=11.6 bg=10.2 h0=5.9 h=5.9
v5_arena rows=1422 cfgs=334 cells=98145 total_mib=21.6 bx=8.1 bh=2.1 bh2=2.1 bg=1.7 carry=1.4 h0=1.0 h=1.0
v5_arena rows=754 cfgs=562 cells=44314 total_mib=12.4 bx=4.3 carry=1.3 bh=1.1 bh2=1.1 bg=0.9 h0=0.6 h=0.6
v5_arena rows=9558 cfgs=14539 cells=713474 total_mib=165.8 bx=54.1 bh=17.7 bh2=17.7 carry=13.4 bg=11.7 h0=7.0 h=7.0
v5_arena rows=8047 cfgs=14713 cells=814299 total_mib=153.9 bx=45.6 bh=18.0 bh2=18.0 carry=13.3 bg=10.1 h0=5.9 h=5.9
v5_arena rows=940 cfgs=319 cells=63121 total_mib=14.8 bx=5.3 bh=1.4 bh2=1.4 carry=1.3 bg=1.1 h0=0.7 h=0.7
v5_arena rows=7041 cfgs=11657 cells=691950 total_mib=129.3 bx=39.9 bh=14.2 bh2=14.2 carry=10.9 bg=8.6 h0=5.2 h=5.2
v5_arena rows=6864 cfgs=10807 cells=516094 total_mib=119.9 bx=38.9 bh=13.2 bh2=13.2 carry=9.3 bg=8.4 h0=5.0 h=5.0
v5_arena rows=7313 cfgs=10902 cells=652866 total_mib=128.1 bx=41.4 bh=13.3 bh2=13.3 carry=10.2 bg=9.0 h0=5.4 h=5.4
v5_arena rows=6662 cfgs=11016 cells=546213 total_mib=119.0 bx=37.7 bh=13.4 bh2=13.4 carry=9.2 bg=8.2 h0=4.9 h=4.9
v5_arena rows=9156 cfgs=14486 cells=759940 total_mib=161.1 bx=51.9 bh=17.7 bh2=17.7 carry=12.5 bg=11.2 h0=6.7 h=6.7
v5_arena rows=8891 cfgs=12644 cells=748365 total_mib=154.1 bx=50.4 bh=15.4 bh2=15.4 carry=12.8 bg=10.9 h0=6.5 h=6.5
v5_arena rows=29761 cfgs=51620 cells=2827425 total_mib=551.4 bx=168.6 bh=63.0 bh2=63.0 carry=45.8 bg=36.5 h0=21.8 h=21.8
v5_arena rows=7508 cfgs=15095 cells=778130 total_mib=148.2 bx=42.5 bh=18.4 bh2=18.4 carry=12.1 bg=10.4 h0=5.5 h=5.5
v5_arena rows=8650 cfgs=14255 cells=670055 total_mib=153.7 bx=49.0 bh=17.4 bh2=17.4 carry=12.1 bg=10.6 h0=6.3 h=6.3
v5_arena rows=7096 cfgs=11985 cells=649551 total_mib=130.1 bx=40.2 bh=14.6 bh2=14.6 carry=11.0 bg=8.7 h0=5.2 h=5.2
v5_arena rows=8945 cfgs=14299 cells=915929 total_mib=163.9 bx=50.7 bh=17.5 bh2=17.5 carry=14.3 bg=11.0 h0=6.6 h=6.6
v5_arena rows=6624 cfgs=10844 cells=617582 total_mib=119.6 bx=37.5 bh=13.2 bh2=13.2 carry=9.5 bg=8.1 h0=4.9 h=4.9
v5_arena rows=7231 cfgs=11391 cells=577870 total_mib=126.6 bx=41.0 bh=13.9 bh2=13.9 carry=9.5 bg=8.9 h0=5.3 h=5.3
v5_arena rows=7397 cfgs=12030 cells=738486 total_mib=135.7 bx=41.9 bh=14.7 bh2=14.7 carry=11.6 bg=9.1 h0=5.4 h=5.4
v5_arena rows=7950 cfgs=11083 cells=707609 total_mib=135.5 bx=45.0 bh=13.5 bh2=13.5 carry=10.0 bg=9.7 h0=5.8 h=5.8
v5_arena rows=7664 cfgs=14009 cells=666225 total_mib=142.8 bx=43.4 bh=17.1 bh2=17.1 carry=11.6 bg=9.6 h0=5.6 h=5.6
v5_arena rows=9726 cfgs=14062 cells=780538 total_mib=167.5 bx=55.1 bh=17.2 bh2=17.2 carry=13.5 bg=11.9 h0=7.1 h=7.1
v5_arena rows=1081 cfgs=395 cells=83895 total_mib=17.4 bx=6.1 carry=1.6 bh=1.6 bh2=1.6 bg=1.3 h0=0.8 h=0.8
v5_arena rows=7901 cfgs=13153 cells=836359 total_mib=147.3 bx=44.8 bh=16.1 bh2=16.1 carry=12.9 bg=9.7 h0=5.8 h=5.8
v5_arena rows=752 cfgs=319 cells=57481 total_mib=12.0 bx=4.3 bh=1.1 bh2=1.1 carry=1.1 bg=0.9 h0=0.6 h=0.6
v5_arena rows=9357 cfgs=13642 cells=787226 total_mib=162.7 bx=53.0 bh=16.7 bh2=16.7 carry=13.2 bg=11.5 h0=6.9 h=6.9
v5_arena rows=10662 cfgs=15850 cells=850965 total_mib=185.2 bx=60.4 bh=19.3 bh2=19.3 carry=15.0 bg=13.1 h0=7.8 h=7.8
v5_arena rows=775 cfgs=562 cells=110625 total_mib=14.0 bx=4.4 carry=1.4 bh=1.1 bh2=1.1 bg=0.9 h0=0.6 h=0.6
v5_arena rows=770 cfgs=704 cells=146353 total_mib=14.8 bx=4.4 carry=1.6 bh=1.1 bh2=1.1 bg=0.9 h0=0.6 h=0.6
v5_arena rows=8549 cfgs=12327 cells=651859 total_mib=145.9 bx=48.4 bh=15.0 bh2=15.0 carry=11.3 bg=10.5 h0=6.3 h=6.3
v5_arena rows=2072 cfgs=615 cells=110676 total_mib=31.5 bx=11.7 bh=3.0 bh2=3.0 bg=2.5 carry=2.3 h0=1.5 h=1.5
v5_arena rows=7058 cfgs=14150 cells=626452 total_mib=137.7 bx=40.0 bh=17.3 bh2=17.3 carry=11.2 bg=9.7 h0=5.2 h=5.2
v5_arena rows=9860 cfgs=15114 cells=867986 total_mib=174.6 bx=55.9 bh=18.4 bh2=18.4 carry=14.8 bg=12.1 h0=7.2 h=7.2
v5_arena rows=8670 cfgs=13493 cells=811840 total_mib=154.2 bx=49.1 bh=16.5 bh2=16.5 carry=12.1 bg=10.6 h0=6.4 h=6.4
v5_arena rows=7724 cfgs=12760 cells=696384 total_mib=140.0 bx=43.8 bh=15.6 bh2=15.6 carry=11.4 bg=9.5 h0=5.7 h=5.7
v5_arena rows=6316 cfgs=8608 cells=471538 total_mib=105.4 bx=35.8 bh=10.5 bh2=10.5 carry=8.0 bg=7.7 h0=4.6 h=4.6
v5_arena rows=7786 cfgs=12140 cells=561006 total_mib=134.9 bx=44.1 bh=14.8 bh2=14.8 carry=10.3 bg=9.5 h0=5.7 h=5.7
v5_arena rows=7534 cfgs=13390 cells=657734 total_mib=139.3 bx=42.7 bh=16.3 bh2=16.3 carry=11.5 bg=9.2 h0=5.5 h=5.5
v5_arena rows=7633 cfgs=10744 cells=632318 total_mib=129.7 bx=43.2 bh=13.1 bh2=13.1 carry=9.6 bg=9.4 h0=5.6 h=5.6
v5_arena rows=7453 cfgs=10310 cells=679614 total_mib=129.6 bx=42.2 bh=12.6 bh2=12.6 carry=11.0 bg=9.1 h0=5.5 h=5.5
v5_arena rows=7228 cfgs=10554 cells=637767 total_mib=126.1 bx=40.9 bh=12.9 bh2=12.9 carry=10.2 bg=8.9 h0=5.3 h=5.3
v5_arena rows=940 cfgs=319 cells=76516 total_mib=15.2 bx=5.3 carry=1.4 bh=1.4 bh2=1.4 bg=1.1 h0=0.7 h=0.7
v5_arena rows=7673 cfgs=13878 cells=664271 total_mib=142.3 bx=43.5 bh=16.9 bh2=16.9 carry=11.5 bg=9.5 h0=5.6 h=5.6
v5_arena rows=6427 cfgs=11743 cells=741377 total_mib=125.0 bx=36.4 bh=14.3 bh2=14.3 carry=11.0 bg=8.1 h0=4.7 h=4.7
v5_arena rows=7625 cfgs=13305 cells=669211 total_mib=140.9 bx=43.2 bh=16.2 bh2=16.2 carry=11.9 bg=9.3 h0=5.6 h=5.6
v5_arena rows=7331 cfgs=13853 cells=728401 total_mib=141.3 bx=41.5 bh=16.9 bh2=16.9 carry=12.1 bg=9.5 h0=5.4 h=5.4
v5_arena rows=8114 cfgs=10374 cells=622042 total_mib=133.6 bx=46.0 bh=12.7 bh2=12.7 carry=10.3 bg=9.9 h0=5.9 h=5.9
v5_arena rows=6286 cfgs=9411 cells=553318 total_mib=110.3 bx=35.6 bh=11.5 bh2=11.5 carry=9.0 bg=7.7 h0=4.6 h=4.6
v5_arena rows=6832 cfgs=11664 cells=580466 total_mib=126.1 bx=38.7 bh=14.2 bh2=14.2 carry=11.3 bg=8.4 h0=5.0 h=5.0
v5_arena rows=7926 cfgs=11940 cells=759520 total_mib=140.1 bx=44.9 bh=14.6 bh2=14.6 carry=11.1 bg=9.7 h0=5.8 h=5.8
v5_arena rows=6857 cfgs=13606 cells=641984 total_mib=134.0 bx=38.8 bh=16.6 bh2=16.6 carry=11.5 bg=9.3 h0=5.0 h=5.0
v5_arena rows=7751 cfgs=10543 cells=662507 total_mib=132.2 bx=43.9 bh=12.9 bh2=12.9 carry=10.8 bg=9.5 h0=5.7 h=5.7
v5_arena rows=1840 cfgs=296 cells=74355 total_mib=27.0 bx=10.4 bh=2.7 bh2=2.7 bg=2.2 carry=1.7 h0=1.3 h=1.3
v5_arena rows=1200 cfgs=258 cells=48635 total_mib=17.7 bx=6.8 bh=1.8 bh2=1.8 bg=1.5 carry=1.1 h0=0.9 h=0.9
v5_arena rows=6446 cfgs=10883 cells=609602 total_mib=118.8 bx=36.5 bh=13.3 bh2=13.3 carry=10.1 bg=7.9 h0=4.7 h=4.7
v5_arena rows=1040 cfgs=562 cells=43524 total_mib=16.7 bx=5.9 carry=1.7 bh=1.5 bh2=1.5 bg=1.3 h0=0.8 h=0.8
v5_arena rows=1335 cfgs=172 cells=11390 total_mib=18.4 bx=7.6 bh=2.0 bh2=2.0 bg=1.6 h0=1.0 h=1.0 h2=1.0
v5_arena rows=816 cfgs=623 cells=84317 total_mib=14.4 bx=4.6 carry=1.6 bh=1.2 bh2=1.2 bg=1.0 h0=0.6 h=0.6
v5_arena rows=987 cfgs=623 cells=169247 total_mib=18.7 bx=5.6 carry=2.1 bh=1.4 bh2=1.4 bg=1.2 h0=0.7 h=0.7
v5_arena rows=7304 cfgs=13442 cells=635310 total_mib=136.2 bx=41.4 bh=16.4 bh2=16.4 carry=10.9 bg=9.2 h0=5.3 h=5.3
v5_arena rows=9374 cfgs=10796 cells=637828 total_mib=149.9 bx=53.1 bh=13.7 bh2=13.7 bg=11.5 carry=11.4 h0=6.9 h=6.9
v5_arena rows=6142 cfgs=8482 cells=506327 total_mib=104.1 bx=34.8 bh=10.4 bh2=10.4 carry=8.2 bg=7.5 h0=4.5 h=4.5
v5_arena rows=5695 cfgs=8278 cells=614923 total_mib=103.0 bx=32.3 bh=10.1 bh2=10.1 carry=9.0 bg=7.0 h0=4.2 h=4.2
v5_arena rows=8261 cfgs=15568 cells=685743 total_mib=155.1 bx=46.8 bh=19.0 bh2=19.0 carry=12.3 bg=10.7 h0=6.1 h=6.1
v5_arena rows=6879 cfgs=9444 cells=520276 total_mib=116.2 bx=39.0 bh=11.5 bh2=11.5 carry=9.5 bg=8.4 h0=5.0 h=5.0
v5_arena rows=8189 cfgs=13515 cells=682262 total_mib=147.1 bx=46.4 bh=16.5 bh2=16.5 carry=11.8 bg=10.0 h0=6.0 h=6.0
v5_arena rows=9270 cfgs=15110 cells=785233 total_mib=165.2 bx=52.5 bh=18.4 bh2=18.4 carry=12.8 bg=11.4 h0=6.8 h=6.8
v5_arena rows=1027 cfgs=562 cells=178646 total_mib=18.7 bx=5.8 carry=1.6 bh=1.5 bh2=1.5 bg=1.3 h0=0.8 h=0.8
v5_arena rows=7156 cfgs=11077 cells=676192 total_mib=127.0 bx=40.5 bh=13.5 bh2=13.5 carry=9.8 bg=8.8 h0=5.2 h=5.2
v5_arena rows=7198 cfgs=11744 cells=527652 total_mib=127.0 bx=40.8 bh=14.3 bh2=14.3 carry=10.1 bg=8.8 h0=5.3 h=5.3
v5_arena rows=7946 cfgs=13443 cells=660634 total_mib=144.7 bx=45.0 bh=16.4 bh2=16.4 carry=11.9 bg=9.7 h0=5.8 h=5.8
v5_arena rows=1200 cfgs=258 cells=48635 total_mib=17.7 bx=6.8 bh=1.8 bh2=1.8 bg=1.5 carry=1.1 h0=0.9 h=0.9
v5_arena rows=1625 cfgs=810 cells=54255 total_mib=24.7 bx=9.2 bh=2.4 bh2=2.4 carry=2.0 bg=2.0 h0=1.2 h=1.2
v5_arena rows=752 cfgs=319 cells=57481 total_mib=12.0 bx=4.3 bh=1.1 bh2=1.1 carry=1.1 bg=0.9 h0=0.6 h=0.6
v5_arena rows=8294 cfgs=12902 cells=620200 total_mib=143.7 bx=47.0 bh=15.7 bh2=15.7 carry=10.7 bg=10.2 h0=6.1 h=6.1
v5_arena rows=7236 cfgs=13855 cells=751411 total_mib=140.7 bx=41.0 bh=16.9 bh2=16.9 carry=11.9 bg=9.5 h0=5.3 h=5.3
v5_arena rows=5364 cfgs=8648 cells=435860 total_mib=96.1 bx=30.4 bh=10.6 bh2=10.6 carry=8.2 bg=6.6 h0=3.9 h=3.9
v5_arena rows=5955 cfgs=10554 cells=449984 total_mib=108.1 bx=33.7 bh=12.9 bh2=12.9 carry=8.5 bg=7.3 h0=4.4 h=4.4
v5_arena rows=7782 cfgs=15373 cells=804141 total_mib=152.7 bx=44.1 bh=18.8 bh2=18.8 carry=12.8 bg=10.6 h0=5.7 h=5.7
v5_arena rows=9014 cfgs=14158 cells=817884 total_mib=160.1 bx=51.1 bh=17.3 bh2=17.3 carry=12.6 bg=11.0 h0=6.6 h=6.6
v5_arena rows=6929 cfgs=10574 cells=509018 total_mib=119.0 bx=39.3 bh=12.9 bh2=12.9 carry=8.6 bg=8.5 h0=5.1 h=5.1
v5_arena rows=8203 cfgs=11989 cells=661928 total_mib=141.4 bx=46.5 bh=14.6 bh2=14.6 carry=11.3 bg=10.0 h0=6.0 h=6.0
v5_arena rows=9742 cfgs=15234 cells=814584 total_mib=172.8 bx=55.2 bh=18.6 bh2=18.6 carry=14.3 bg=11.9 h0=7.1 h=7.1
v5_arena rows=8661 cfgs=13585 cells=674758 total_mib=151.8 bx=49.1 bh=16.6 bh2=16.6 carry=11.8 bg=10.6 h0=6.3 h=6.3
v5_arena rows=2133 cfgs=562 cells=325033 total_mib=38.2 bx=12.1 carry=3.6 bh=3.1 bh2=3.1 bg=2.6 h0=1.6 h=1.6
v5_arena rows=12234 cfgs=14350 cells=846394 total_mib=195.8 bx=69.3 bh=17.9 bh2=17.9 bg=15.0 carry=14.3 h0=9.0 h=9.0
v5_arena rows=8712 cfgs=14073 cells=824249 total_mib=156.9 bx=49.4 bh=17.2 bh2=17.2 carry=12.4 bg=10.7 h0=6.4 h=6.4
v5_arena rows=3168 cfgs=248 cells=195080 total_mib=46.8 bx=17.9 bh=4.6 bh2=4.6 bg=3.9 h0=2.3 h=2.3 h2=2.3
v5_arena rows=6772 cfgs=10113 cells=640813 total_mib=118.9 bx=38.4 bh=12.3 bh2=12.3 carry=9.1 bg=8.3 h0=5.0 h=5.0
v5_arena rows=6559 cfgs=8774 cells=469715 total_mib=106.9 bx=37.2 bh=10.7 bh2=10.7 bg=8.0 carry=6.8 h0=4.8 h=4.8
v5_arena rows=6997 cfgs=10321 cells=617389 total_mib=121.2 bx=39.6 bh=12.6 bh2=12.6 carry=9.2 bg=8.6 h0=5.1 h=5.1
v5_arena rows=8186 cfgs=14292 cells=669850 total_mib=147.0 bx=46.4 bh=17.4 bh2=17.4 carry=10.3 bg=10.0 h0=6.0 h=6.0
v5_arena rows=2037 cfgs=775 cells=67885 total_mib=30.9 bx=11.5 bh=3.0 bh2=3.0 carry=2.5 bg=2.5 h0=1.5 h=1.5
v5_arena rows=8679 cfgs=12400 cells=600575 total_mib=145.1 bx=49.2 bh=15.1 bh2=15.1 carry=10.7 bg=10.6 h0=6.4 h=6.4
v5_arena rows=8117 cfgs=11577 cells=662425 total_mib=136.9 bx=46.0 bh=14.1 bh2=14.1 bg=9.9 carry=9.5 h0=5.9 h=5.9
v5_arena rows=8099 cfgs=9678 cells=569711 total_mib=129.3 bx=45.9 bh=11.9 bh2=11.9 bg=9.9 carry=9.4 h0=5.9 h=5.9
{"phase": "live", "seconds": 10.164, "solves": 17408, "solves_per_s": 1712.7, "oversize_routes": 0, "card_exclusive_routes": 0, "wait_frac": 0.537, "merge_frac": 0.001}
v5_arena rows=1034 cfgs=172 cells=60206 total_mib=15.1 bx=5.9 bh=1.5 bh2=1.5 bg=1.3 h0=0.8 h=0.8 h2=0.8
v5_arena rows=10642 cfgs=15507 cells=732229 total_mib=176.9 bx=60.3 bh=18.9 bh2=18.9 bg=13.0 carry=11.5 h0=7.8 h=7.8
v5_arena rows=7426 cfgs=7966 cells=524878 total_mib=118.0 bx=42.1 bh=10.9 bh2=10.9 bg=9.1 carry=8.3 h0=5.4 h=5.4
v5_arena rows=11178 cfgs=12911 cells=631474 total_mib=171.2 bx=63.3 bh=16.4 bh2=16.4 bg=13.7 carry=9.7 h0=8.2 h=8.2
v5_arena rows=9347 cfgs=11057 cells=559238 total_mib=144.8 bx=52.9 bh=13.7 bh2=13.7 bg=11.5 carry=8.8 h0=6.8 h=6.8
v5_arena rows=7667 cfgs=8476 cells=390871 total_mib=117.9 bx=43.4 bh=11.2 bh2=11.2 bg=9.4 carry=7.7 h0=5.6 h=5.6
v5_arena rows=10312 cfgs=9803 cells=536820 total_mib=155.6 bx=58.4 bh=15.1 bh2=15.1 bg=12.6 carry=8.5 h0=7.6 h=7.6
v5_arena rows=8914 cfgs=8724 cells=450504 total_mib=133.7 bx=50.5 bh=13.1 bh2=13.1 bg=10.9 carry=6.9 h0=6.5 h=6.5
v5_arena rows=8650 cfgs=8982 cells=536061 total_mib=134.1 bx=49.0 bh=12.7 bh2=12.7 bg=10.6 carry=8.3 h0=6.3 h=6.3
v5_arena rows=10961 cfgs=9898 cells=488224 total_mib=163.3 bx=62.1 bh=16.1 bh2=16.1 bg=13.4 carry=8.8 h0=8.0 h=8.0
v5_arena rows=8930 cfgs=10659 cells=544335 total_mib=139.7 bx=50.6 bh=13.1 bh2=13.1 bg=10.9 carry=9.2 h0=6.5 h=6.5
v5_arena rows=1920 cfgs=397 cells=77680 total_mib=28.7 bx=10.9 bh=2.8 bh2=2.8 bg=2.3 carry=2.1 h0=1.4 h=1.4
v5_arena rows=2225 cfgs=240 cells=28910 total_mib=30.8 bx=12.6 bh=3.3 bh2=3.3 bg=2.7 h0=1.6 h=1.6 h2=1.6
v5_arena rows=11505 cfgs=9826 cells=429282 total_mib=167.6 bx=65.2 bh=16.9 bh2=16.9 bg=14.1 h0=8.4 h=8.4 h2=8.4
v5_arena rows=7251 cfgs=5887 cells=397861 total_mib=108.5 bx=41.1 bh=10.6 bh2=10.6 bg=8.9 carry=5.5 h0=5.3 h=5.3
v5_arena rows=5795 cfgs=5929 cells=324016 total_mib=88.8 bx=32.8 bh=8.5 bh2=8.5 bg=7.1 carry=5.4 h0=4.2 h=4.2
v5_arena rows=10473 cfgs=9877 cells=580249 total_mib=158.3 bx=59.3 bh=15.3 bh2=15.3 bg=12.8 carry=8.4 h0=7.7 h=7.7
v5_arena rows=7673 cfgs=7921 cells=477114 total_mib=116.9 bx=43.5 bh=11.2 bh2=11.2 bg=9.4 carry=6.0 h0=5.6 h=5.6
v5_arena rows=10934 cfgs=9512 cells=574079 total_mib=164.0 bx=61.9 bh=16.0 bh2=16.0 bg=13.4 carry=8.6 h0=8.0 h=8.0
v5_arena rows=8564 cfgs=10610 cells=618754 total_mib=136.2 bx=48.5 bh=13.0 bh2=13.0 bg=10.5 carry=8.6 h0=6.3 h=6.3
v5_arena rows=9760 cfgs=8586 cells=462427 total_mib=145.0 bx=55.3 bh=14.3 bh2=14.3 bg=12.0 carry=7.3 h0=7.1 h=7.1
v5_arena rows=10601 cfgs=9978 cells=549733 total_mib=159.2 bx=60.1 bh=15.5 bh2=15.5 bg=13.0 carry=8.4 h0=7.8 h=7.8
v5_arena rows=10128 cfgs=9252 cells=505036 total_mib=151.7 bx=57.4 bh=14.8 bh2=14.8 bg=12.4 carry=8.0 h0=7.4 h=7.4
v5_arena rows=1343 cfgs=164 cells=37608 total_mib=18.7 bx=7.6 bh=2.0 bh2=2.0 bg=1.6 h0=1.0 h=1.0 h2=1.0
v5_arena rows=12113 cfgs=10993 cells=529573 total_mib=178.2 bx=68.6 bh=17.7 bh2=17.7 bg=14.9 h0=8.9 h=8.9 h2=8.9
v5_arena rows=1269 cfgs=408 cells=133491 total_mib=20.9 bx=7.2 bh=1.9 bh2=1.9 carry=1.8 bg=1.6 h0=0.9 h=0.9
v5_arena rows=11700 cfgs=9417 cells=603895 total_mib=174.0 bx=66.3 bh=17.1 bh2=17.1 bg=14.3 carry=8.7 h0=8.6 h=8.6
v5_arena rows=7867 cfgs=6622 cells=434565 total_mib=117.6 bx=44.6 bh=11.5 bh2=11.5 bg=9.6 h0=5.8 h=5.8 h2=5.8
v5_arena rows=7137 cfgs=7176 cells=423277 total_mib=108.7 bx=40.4 bh=10.5 bh2=10.5 bg=8.7 carry=5.9 h0=5.2 h=5.2
v5_arena rows=12136 cfgs=10629 cells=632828 total_mib=181.6 bx=68.7 bh=17.8 bh2=17.8 bg=14.9 carry=9.2 h0=8.9 h=8.9
v5_arena rows=9319 cfgs=8258 cells=502906 total_mib=139.9 bx=52.8 bh=13.7 bh2=13.7 bg=11.4 carry=7.2 h0=6.8 h=6.8
v5_arena rows=10472 cfgs=7301 cells=554721 total_mib=155.3 bx=59.3 bh=15.3 bh2=15.3 bg=12.8 h0=7.7 h=7.7 h2=7.7
v5_arena rows=9729 cfgs=6877 cells=403566 total_mib=140.6 bx=55.1 bh=14.3 bh2=14.3 bg=11.9 h0=7.1 h=7.1 h2=7.1
v5_arena rows=6721 cfgs=5523 cells=370670 total_mib=100.6 bx=38.1 bh=9.8 bh2=9.8 bg=8.2 carry=5.1 h0=4.9 h=4.9
v5_arena rows=9918 cfgs=10118 cells=448907 total_mib=147.9 bx=56.2 bh=14.5 bh2=14.5 bg=12.2 carry=7.5 h0=7.3 h=7.3
v5_arena rows=9473 cfgs=8589 cells=523450 total_mib=143.4 bx=53.7 bh=13.9 bh2=13.9 bg=11.6 carry=8.1 h0=6.9 h=6.9
v5_arena rows=960 cfgs=164 cells=38124 total_mib=13.6 bx=5.4 bh=1.4 bh2=1.4 bg=1.2 h0=0.7 h=0.7 h2=0.7
v5_arena rows=2068 cfgs=484 cells=140364 total_mib=31.5 bx=11.7 bh=3.0 bh2=3.0 bg=2.5 carry=2.2 h0=1.5 h=1.5
v5_arena rows=1245 cfgs=129 cells=6680 total_mib=16.8 bx=7.1 bh=1.8 bh2=1.8 bg=1.5 h0=0.9 h=0.9 h2=0.9
v5_arena rows=987 cfgs=140 cells=11526 total_mib=13.6 bx=5.6 bh=1.4 bh2=1.4 bg=1.2 h0=0.7 h=0.7 h2=0.7
v5_arena rows=9173 cfgs=9046 cells=542252 total_mib=139.9 bx=52.0 bh=13.4 bh2=13.4 bg=11.2 carry=7.7 h0=6.7 h=6.7
v5_arena rows=11782 cfgs=8973 cells=449082 total_mib=171.3 bx=66.7 bh=17.3 bh2=17.3 bg=14.4 h0=8.6 h=8.6 h2=8.6
v5_arena rows=9569 cfgs=8744 cells=437527 total_mib=142.1 bx=54.2 bh=14.0 bh2=14.0 bg=11.7 carry=7.2 h0=7.0 h=7.0
v5_arena rows=6892 cfgs=5693 cells=339367 total_mib=102.1 bx=39.0 bh=10.1 bh2=10.1 bg=8.4 h0=5.0 h=5.0 h2=5.0
v5_arena rows=8285 cfgs=8645 cells=439631 total_mib=125.5 bx=46.9 bh=12.1 bh2=12.1 bg=10.2 carry=7.0 h0=6.1 h=6.1
v5_arena rows=9857 cfgs=10049 cells=468766 total_mib=147.1 bx=55.8 bh=14.4 bh2=14.4 bg=12.1 carry=7.3 h0=7.2 h=7.2
v5_arena rows=10240 cfgs=8520 cells=511212 total_mib=152.5 bx=58.0 bh=15.0 bh2=15.0 bg=12.5 carry=7.7 h0=7.5 h=7.5
v5_arena rows=7757 cfgs=5983 cells=328599 total_mib=113.6 bx=43.9 bh=11.4 bh2=11.4 bg=9.5 h0=5.7 h=5.7 h2=5.7
v5_arena rows=11154 cfgs=10287 cells=549092 total_mib=166.5 bx=63.2 bh=16.3 bh2=16.3 bg=13.7 carry=8.6 h0=8.2 h=8.2
v5_arena rows=10993 cfgs=9891 cells=504524 total_mib=163.5 bx=62.3 bh=16.1 bh2=16.1 bg=13.5 carry=8.6 h0=8.1 h=8.1
v5_arena rows=752 cfgs=175 cells=19751 total_mib=10.7 bx=4.3 bh=1.1 bh2=1.1 bg=0.9 carry=0.6 h0=0.6 h=0.6
v5_arena rows=1716 cfgs=240 cells=110290 total_mib=25.3 bx=9.7 bh=2.5 bh2=2.5 bg=2.1 h0=1.3 h=1.3 h2=1.3
v5_arena rows=2381 cfgs=328 cells=110768 total_mib=33.8 bx=13.5 bh=3.5 bh2=3.5 bg=2.9 h0=1.7 h=1.7 h2=1.7
v5_arena rows=6927 cfgs=5881 cells=344543 total_mib=102.8 bx=39.2 bh=10.1 bh2=10.1 bg=8.5 h0=5.1 h=5.1 h2=5.1
v5_arena rows=5913 cfgs=7195 cells=400580 total_mib=92.7 bx=33.5 bh=8.8 bh2=8.8 bg=7.2 carry=5.6 h0=4.3 h=4.3
v5_arena rows=9337 cfgs=7362 cells=457958 total_mib=138.2 bx=52.9 bh=13.7 bh2=13.7 bg=11.4 h0=6.8 h=6.8 h2=6.8
v5_arena rows=9727 cfgs=9073 cells=422768 total_mib=144.6 bx=55.1 bh=14.2 bh2=14.2 bg=11.9 carry=7.6 h0=7.1 h=7.1
v5_arena rows=7399 cfgs=7885 cells=511750 total_mib=114.6 bx=41.9 bh=10.8 bh2=10.8 bg=9.1 carry=6.4 h0=5.4 h=5.4
v5_arena rows=11132 cfgs=9541 cells=492809 total_mib=164.1 bx=63.1 bh=16.3 bh2=16.3 bg=13.6 h0=8.2 h=8.2 h2=8.2
v5_arena rows=6990 cfgs=7344 cells=350565 total_mib=105.3 bx=39.6 bh=10.2 bh2=10.2 bg=8.6 carry=5.7 h0=5.1 h=5.1
v5_arena rows=10108 cfgs=9226 cells=540435 total_mib=152.2 bx=57.3 bh=14.8 bh2=14.8 bg=12.4 carry=8.2 h0=7.4 h=7.4
v5_arena rows=11613 cfgs=9259 cells=603762 total_mib=173.2 bx=65.8 bh=17.0 bh2=17.0 bg=14.2 carry=8.9 h0=8.5 h=8.5
v5_arena rows=9527 cfgs=8151 cells=475422 total_mib=142.3 bx=54.0 bh=14.0 bh2=14.0 bg=11.7 carry=7.5 h0=7.0 h=7.0
v5_arena rows=1575 cfgs=129 cells=8369 total_mib=21.1 bx=8.9 bh=2.3 bh2=2.3 bg=1.9 h0=1.2 h=1.2 h2=1.2
v5_arena rows=1656 cfgs=349 cells=171010 total_mib=26.1 bx=9.4 bh=2.4 bh2=2.4 bg=2.0 carry=1.4 h0=1.2 h=1.2
v5_arena rows=912 cfgs=223 cells=66915 total_mib=14.1 bx=5.2 bh=1.3 bh2=1.3 bg=1.1 carry=1.0 h0=0.7 h=0.7
v5_arena rows=960 cfgs=164 cells=38124 total_mib=13.6 bx=5.4 bh=1.4 bh2=1.4 bg=1.2 h0=0.7 h=0.7 h2=0.7
v5_arena rows=10667 cfgs=8833 cells=573485 total_mib=159.7 bx=60.4 bh=15.6 bh2=15.6 bg=13.1 carry=8.3 h0=7.8 h=7.8
v5_arena rows=6479 cfgs=5350 cells=351417 total_mib=97.0 bx=36.7 bh=9.5 bh2=9.5 bg=7.9 carry=5.0 h0=4.7 h=4.7
v5_arena rows=5722 cfgs=5627 cells=304596 total_mib=86.9 bx=32.4 bh=8.4 bh2=8.4 bg=7.0 carry=5.0 h0=4.2 h=4.2
v5_arena rows=9067 cfgs=9035 cells=617102 total_mib=139.5 bx=51.4 bh=13.3 bh2=13.3 bg=11.1 carry=7.5 h0=6.6 h=6.6
v5_arena rows=10685 cfgs=9554 cells=522471 total_mib=159.6 bx=60.5 bh=15.7 bh2=15.7 bg=13.1 carry=8.4 h0=7.8 h=7.8
v5_arena rows=11549 cfgs=9799 cells=550039 total_mib=171.3 bx=65.4 bh=16.9 bh2=16.9 bg=14.2 carry=8.5 h0=8.5 h=8.5
v5_arena rows=9884 cfgs=9560 cells=446795 total_mib=147.0 bx=56.0 bh=14.5 bh2=14.5 bg=12.1 carry=7.5 h0=7.2 h=7.2
v5_arena rows=11109 cfgs=10147 cells=541526 total_mib=164.9 bx=62.9 bh=16.3 bh2=16.3 bg=13.6 h0=8.1 h=8.1 h2=8.1
v5_arena rows=9455 cfgs=9373 cells=571697 total_mib=144.2 bx=53.6 bh=13.9 bh2=13.9 bg=11.6 carry=7.7 h0=6.9 h=6.9
v5_arena rows=11244 cfgs=9874 cells=578800 total_mib=168.5 bx=63.7 bh=16.5 bh2=16.5 bg=13.8 carry=9.0 h0=8.2 h=8.2
v5_arena rows=10437 cfgs=9135 cells=573398 total_mib=156.3 bx=59.1 bh=15.3 bh2=15.3 bg=12.8 carry=7.7 h0=7.6 h=7.6
v5_arena rows=1335 cfgs=164 cells=17420 total_mib=18.3 bx=7.6 bh=2.0 bh2=2.0 bg=1.6 h0=1.0 h=1.0 h2=1.0
v5_arena rows=780 cfgs=109 cells=12635 total_mib=10.5 bx=4.4 bh=1.1 bh2=1.1 bg=1.0 h0=0.6 h=0.6 h2=0.6
v5_arena rows=2940 cfgs=347 cells=109486 total_mib=41.2 bx=16.7 bh=4.3 bh2=4.3 bg=3.6 h0=2.2 h=2.2 h2=2.2
v5_arena rows=2116 cfgs=331 cells=50645 total_mib=29.1 bx=12.0 bh=3.1 bh2=3.1 bg=2.6 h0=1.5 h=1.5 h2=1.5
v5_arena rows=10995 cfgs=10385 cells=531770 total_mib=164.3 bx=62.3 bh=16.1 bh2=16.1 bg=13.5 carry=8.4 h0=8.1 h=8.1
v5_arena rows=8280 cfgs=7263 cells=432360 total_mib=123.9 bx=46.9 bh=12.1 bh2=12.1 bg=10.1 carry=6.4 h0=6.1 h=6.1
v5_arena rows=7365 cfgs=6432 cells=401900 total_mib=110.3 bx=41.7 bh=10.8 bh2=10.8 bg=9.0 carry=5.5 h0=5.4 h=5.4
v5_arena rows=9477 cfgs=9263 cells=539665 total_mib=143.7 bx=53.7 bh=13.9 bh2=13.9 bg=11.6 carry=7.8 h0=6.9 h=6.9
v5_arena rows=9763 cfgs=9130 cells=513610 total_mib=146.5 bx=55.3 bh=14.3 bh2=14.3 bg=12.0 carry=7.5 h0=7.2 h=7.2
v5_arena rows=11505 cfgs=9516 cells=542222 total_mib=170.7 bx=65.2 bh=16.9 bh2=16.9 bg=14.1 carry=8.7 h0=8.4 h=8.4
v5_arena rows=780 cfgs=116 cells=10932 total_mib=10.4 bx=4.4 bh=1.1 bh2=1.1 bg=1.0 h0=0.6 h=0.6 h2=0.6
v5_arena rows=8649 cfgs=7962 cells=456045 total_mib=128.9 bx=49.0 bh=12.7 bh2=12.7 bg=10.6 h0=6.3 h=6.3 h2=6.3
v5_arena rows=10924 cfgs=10299 cells=652021 total_mib=166.2 bx=61.9 bh=16.0 bh2=16.0 bg=13.4 carry=9.2 h0=8.0 h=8.0
v5_arena rows=8750 cfgs=8460 cells=540887 total_mib=133.9 bx=49.6 bh=12.8 bh2=12.8 bg=10.7 carry=7.6 h0=6.4 h=6.4
v5_arena rows=13107 cfgs=9977 cells=597068 total_mib=192.4 bx=74.2 bh=19.2 bh2=19.2 bg=16.1 h0=9.6 h=9.6 h2=9.6
v5_arena rows=784 cfgs=233 cells=55230 total_mib=11.9 bx=4.4 bh=1.1 bh2=1.1 bg=1.0 carry=0.7 h0=0.6 h=0.6
v5_arena rows=6835 cfgs=7209 cells=375841 total_mib=104.0 bx=38.7 bh=10.0 bh2=10.0 bg=8.4 carry=5.8 h0=5.0 h=5.0
v5_arena rows=10543 cfgs=9803 cells=505932 total_mib=156.2 bx=59.7 bh=15.4 bh2=15.4 bg=12.9 h0=7.7 h=7.7 h2=7.7
v5_arena rows=11493 cfgs=8900 cells=504408 total_mib=169.0 bx=65.1 bh=16.8 bh2=16.8 bg=14.1 h0=8.4 h=8.4 h2=8.4
v5_arena rows=6090 cfgs=5227 cells=242629 total_mib=88.5 bx=34.5 bh=8.9 bh2=8.9 bg=7.5 h0=4.5 h=4.5 h2=4.5
v5_arena rows=9240 cfgs=8727 cells=449886 total_mib=137.9 bx=52.3 bh=13.5 bh2=13.5 bg=11.3 carry=7.1 h0=6.8 h=6.8
v5_arena rows=9570 cfgs=7926 cells=501008 total_mib=143.2 bx=54.2 bh=14.0 bh2=14.0 bg=11.7 carry=7.5 h0=7.0 h=7.0
v5_arena rows=1236 cfgs=116 cells=15372 total_mib=16.4 bx=7.0 bh=1.8 bh2=1.8 bg=1.5 h0=0.9 h=0.9 h2=0.9
v5_arena rows=9706 cfgs=8950 cells=570324 total_mib=148.1 bx=55.0 bh=14.2 bh2=14.2 bg=11.9 carry=8.6 h0=7.1 h=7.1
v5_arena rows=12743 cfgs=9920 cells=603572 total_mib=188.7 bx=72.2 bh=18.7 bh2=18.7 bg=15.6 carry=9.5 h0=9.3 h=9.3
v5_arena rows=8275 cfgs=8877 cells=492678 total_mib=126.6 bx=46.9 bh=12.1 bh2=12.1 bg=10.1 carry=6.9 h0=6.1 h=6.1
v5_arena rows=10702 cfgs=9537 cells=449463 total_mib=157.9 bx=60.6 bh=15.7 bh2=15.7 bg=13.1 carry=7.9 h0=7.8 h=7.8
v5_arena rows=7118 cfgs=6122 cells=363318 total_mib=107.0 bx=40.3 bh=10.4 bh2=10.4 bg=8.7 carry=6.0 h0=5.2 h=5.2
v5_arena rows=940 cfgs=175 cells=27177 total_mib=13.4 bx=5.3 bh=1.4 bh2=1.4 bg=1.1 carry=0.8 h0=0.7 h=0.7
v5_arena rows=10055 cfgs=8643 cells=501602 total_mib=149.7 bx=57.0 bh=14.7 bh2=14.7 bg=12.3 carry=7.5 h0=7.4 h=7.4
v5_arena rows=8560 cfgs=8211 cells=448510 total_mib=128.9 bx=48.5 bh=12.5 bh2=12.5 bg=10.5 carry=6.8 h0=6.3 h=6.3
v5_arena rows=7364 cfgs=7430 cells=433370 total_mib=112.0 bx=41.7 bh=10.8 bh2=10.8 bg=9.0 carry=6.0 h0=5.4 h=5.4
v5_arena rows=7668 cfgs=6462 cells=378128 total_mib=114.1 bx=43.4 bh=11.2 bh2=11.2 bg=9.4 carry=5.8 h0=5.6 h=5.6
v5_arena rows=10585 cfgs=9147 cells=532637 total_mib=158.0 bx=60.0 bh=15.5 bh2=15.5 bg=13.0 carry=8.2 h0=7.8 h=7.8
v5_arena rows=9026 cfgs=8983 cells=473408 total_mib=135.7 bx=51.1 bh=13.2 bh2=13.2 bg=11.1 carry=7.0 h0=6.6 h=6.6
v5_arena rows=11890 cfgs=10086 cells=498897 total_mib=174.3 bx=67.4 bh=17.4 bh2=17.4 bg=14.6 h0=8.7 h=8.7 h2=8.7
v5_arena rows=12480 cfgs=11229 cells=648996 total_mib=187.5 bx=70.7 bh=18.3 bh2=18.3 bg=15.3 carry=10.1 h0=9.1 h=9.1
v5_arena rows=11097 cfgs=9309 cells=455671 total_mib=162.1 bx=62.9 bh=16.3 bh2=16.3 bg=13.6 h0=8.1 h=8.1 h2=8.1
v5_arena rows=10350 cfgs=10264 cells=531349 total_mib=155.1 bx=58.6 bh=15.2 bh2=15.2 bg=12.7 carry=7.8 h0=7.6 h=7.6
v5_arena rows=790 cfgs=120 cells=7746 total_mib=10.6 bx=4.5 bh=1.2 bh2=1.2 bg=1.0 h0=0.6 h=0.6 h2=0.6
v5_arena rows=1068 cfgs=349 cells=14503 total_mib=15.3 bx=6.1 bh=1.6 bh2=1.6 bg=1.3 carry=0.9 h0=0.8 h=0.8
v5_arena rows=1116 cfgs=116 cells=13812 total_mib=14.8 bx=6.3 bh=1.6 bh2=1.6 bg=1.4 h0=0.8 h=0.8 h2=0.8
v5_arena rows=2495 cfgs=511 cells=111837 total_mib=35.7 bx=14.1 bh=3.7 bh2=3.7 bg=3.0 h0=1.8 h=1.8 h2=1.8
v5_arena rows=10715 cfgs=10575 cells=552938 total_mib=161.3 bx=60.7 bh=15.7 bh2=15.7 bg=13.1 carry=8.4 h0=7.8 h=7.8
v5_arena rows=8256 cfgs=7200 cells=467518 total_mib=124.5 bx=46.8 bh=12.1 bh2=12.1 bg=10.1 carry=6.6 h0=6.0 h=6.0
v5_arena rows=9144 cfgs=8549 cells=424637 total_mib=135.8 bx=51.8 bh=13.4 bh2=13.4 bg=11.2 carry=6.7 h0=6.7 h=6.7
v5_arena rows=7806 cfgs=5600 cells=352672 total_mib=114.3 bx=44.2 bh=11.4 bh2=11.4 bg=9.6 h0=5.7 h=5.7 h2=5.7
v5_arena rows=9519 cfgs=8099 cells=498970 total_mib=142.0 bx=53.9 bh=13.9 bh2=13.9 bg=11.7 h0=7.0 h=7.0 h2=7.0
v5_arena rows=6232 cfgs=5565 cells=356406 total_mib=93.9 bx=35.3 bh=9.1 bh2=9.1 bg=7.6 carry=4.8 h0=4.6 h=4.6
v5_arena rows=9194 cfgs=7287 cells=402142 total_mib=135.7 bx=52.1 bh=13.5 bh2=13.5 bg=11.3 carry=7.0 h0=6.7 h=6.7
v5_arena rows=9810 cfgs=9707 cells=477596 total_mib=146.2 bx=55.6 bh=14.4 bh2=14.4 bg=12.0 h0=7.2 h=7.2 h2=7.2
v5_arena rows=10045 cfgs=9464 cells=562868 total_mib=151.4 bx=56.9 bh=14.7 bh2=14.7 bg=12.3 carry=7.9 h0=7.4 h=7.4
v5_arena rows=10611 cfgs=10661 cells=591112 total_mib=160.3 bx=60.1 bh=15.5 bh2=15.5 bg=13.0 carry=8.3 h0=7.8 h=7.8
v5_arena rows=4262 cfgs=554 cells=317382 total_mib=63.7 bx=24.1 bh=6.2 bh2=6.2 bg=5.2 h0=3.1 h=3.1 h2=3.1
v5_arena rows=9590 cfgs=8805 cells=477029 total_mib=143.3 bx=54.3 bh=14.0 bh2=14.0 bg=11.8 carry=7.4 h0=7.0 h=7.0
v5_arena rows=7258 cfgs=6030 cells=277929 total_mib=105.9 bx=41.1 bh=10.6 bh2=10.6 bg=8.9 h0=5.3 h=5.3 h2=5.3
v5_arena rows=9371 cfgs=8708 cells=493125 total_mib=140.5 bx=53.1 bh=13.7 bh2=13.7 bg=11.5 carry=7.2 h0=6.9 h=6.9
v5_arena rows=9106 cfgs=9270 cells=534546 total_mib=138.9 bx=51.6 bh=13.3 bh2=13.3 bg=11.2 carry=7.6 h0=6.7 h=6.7
v5_arena rows=6666 cfgs=5875 cells=375774 total_mib=100.1 bx=37.8 bh=9.8 bh2=9.8 bg=8.2 carry=4.9 h0=4.9 h=4.9
v5_arena rows=8717 cfgs=7523 cells=411705 total_mib=129.1 bx=49.4 bh=12.8 bh2=12.8 bg=10.7 h0=6.4 h=6.4 h2=6.4
v5_arena rows=11592 cfgs=9038 cells=430505 total_mib=168.1 bx=65.7 bh=17.0 bh2=17.0 bg=14.2 h0=8.5 h=8.5 h2=8.5
v5_arena rows=11491 cfgs=7318 cells=520442 total_mib=167.5 bx=65.1 bh=16.8 bh2=16.8 bg=14.1 h0=8.4 h=8.4 h2=8.4
v5_arena rows=9971 cfgs=8207 cells=418403 total_mib=146.8 bx=56.5 bh=14.6 bh2=14.6 bg=12.2 h0=7.3 h=7.3 h2=7.3
v5_arena rows=1748 cfgs=164 cells=117926 total_mib=25.8 bx=9.9 bh=2.6 bh2=2.6 bg=2.1 h0=1.3 h=1.3 h2=1.3
v5_arena rows=10942 cfgs=7158 cells=549644 total_mib=160.4 bx=62.0 bh=16.0 bh2=16.0 bg=13.4 h0=8.0 h=8.0 h2=8.0
v5_arena rows=806 cfgs=288 cells=44922 total_mib=12.0 bx=4.6 bh=1.2 bh2=1.2 bg=1.0 carry=0.8 h0=0.6 h=0.6
v5_arena rows=752 cfgs=136 cells=8283 total_mib=10.4 bx=4.3 bh=1.1 bh2=1.1 bg=0.9 h0=0.6 h=0.6 h2=0.6
v5_arena rows=9218 cfgs=214 cells=99700 total_mib=126.9 bx=52.2 bh=13.5 bh2=13.5 bg=11.3 h0=6.8 h=6.8 h2=6.8
v5_arena rows=2928 cfgs=542 cells=45181 total_mib=40.1 bx=16.6 bh=4.3 bh2=4.3 bg=3.6 h0=2.1 h=2.1 h2=2.1
v5_arena rows=12634 cfgs=9132 cells=523471 total_mib=183.1 bx=71.6 bh=18.5 bh2=18.5 bg=15.5 h0=9.3 h=9.3 h2=9.3
v5_arena rows=6274 cfgs=6207 cells=352344 total_mib=95.0 bx=35.5 bh=9.2 bh2=9.2 bg=7.7 carry=4.9 h0=4.6 h=4.6
v5_arena rows=7845 cfgs=5687 cells=312437 total_mib=114.0 bx=44.4 bh=11.5 bh2=11.5 bg=9.6 h0=5.7 h=5.7 h2=5.7
v5_arena rows=11973 cfgs=8284 cells=489001 total_mib=173.5 bx=67.8 bh=17.5 bh2=17.5 bg=14.7 h0=8.8 h=8.8 h2=8.8
v5_arena rows=8415 cfgs=4586 cells=284936 total_mib=118.8 bx=47.7 bh=12.3 bh2=12.3 bg=10.3 h0=6.2 h=6.2 h2=6.2
v5_arena rows=8794 cfgs=5910 cells=353742 total_mib=126.9 bx=49.8 bh=12.9 bh2=12.9 bg=10.8 h0=6.4 h=6.4 h2=6.4
v5_arena rows=13474 cfgs=4553 cells=235207 total_mib=182.3 bx=76.3 bh=19.7 bh2=19.7 bg=16.5 h0=9.9 h=9.9 h2=9.9
v5_arena rows=8506 cfgs=5133 cells=289453 total_mib=121.1 bx=48.2 bh=12.5 bh2=12.5 bg=10.4 h0=6.2 h=6.2 h2=6.2
v5_arena rows=9439 cfgs=5223 cells=345683 total_mib=134.4 bx=53.5 bh=13.8 bh2=13.8 bg=11.6 h0=6.9 h=6.9 h2=6.9
v5_arena rows=11391 cfgs=5950 cells=377405 total_mib=160.8 bx=64.5 bh=16.7 bh2=16.7 bg=14.0 h0=8.3 h=8.3 h2=8.3
v5_arena rows=16197 cfgs=5130 cells=308954 total_mib=219.6 bx=91.8 bh=23.7 bh2=23.7 bg=19.9 h0=11.9 h=11.9 h2=11.9
v5_arena rows=8851 cfgs=6224 cells=351896 total_mib=127.3 bx=50.1 bh=13.0 bh2=13.0 bg=10.9 h0=6.5 h=6.5 h2=6.5
v5_arena rows=10798 cfgs=5811 cells=326423 total_mib=152.4 bx=61.2 bh=15.8 bh2=15.8 bg=13.2 h0=7.9 h=7.9 h2=7.9
v5_arena rows=1264 cfgs=81 cells=19916 total_mib=17.0 bx=7.2 bh=1.9 bh2=1.9 bg=1.5 h0=0.9 h=0.9 h2=0.9
v5_arena rows=10312 cfgs=2907 cells=145790 total_mib=137.7 bx=58.4 bh=15.1 bh2=15.1 bg=12.6 h0=7.6 h=7.6 h2=7.6
v5_arena rows=1127 cfgs=48 cells=5859 total_mib=14.6 bx=6.4 bh=1.7 bh2=1.7 bg=1.4 h0=0.8 h=0.8 h2=0.8
v5_arena rows=2073 cfgs=90 cells=12920 total_mib=27.1 bx=11.7 bh=3.0 bh2=3.0 bg=2.5 h0=1.5 h=1.5 h2=1.5
v5_arena rows=14564 cfgs=5471 cells=323193 total_mib=199.5 bx=82.5 bh=21.3 bh2=21.3 bg=17.9 h0=10.7 h=10.7 h2=10.7
v5_arena rows=13821 cfgs=4601 cells=268749 total_mib=187.2 bx=78.3 bh=20.2 bh2=20.2 bg=16.9 h0=10.1 h=10.1 h2=10.1
v5_arena rows=13769 cfgs=4099 cells=223495 total_mib=185.0 bx=78.0 bh=20.2 bh2=20.2 bg=16.9 h0=10.1 h=10.1 h2=10.1
v5_arena rows=14391 cfgs=3607 cells=233521 total_mib=193.1 bx=81.5 bh=21.1 bh2=21.1 bg=17.6 h0=10.5 h=10.5 h2=10.5
v5_arena rows=11301 cfgs=3261 cells=192590 total_mib=152.1 bx=64.0 bh=16.6 bh2=16.6 bg=13.9 h0=8.3 h=8.3 h2=8.3
v5_arena rows=9925 cfgs=2539 cells=135991 total_mib=132.2 bx=56.2 bh=14.5 bh2=14.5 bg=12.2 h0=7.3 h=7.3 h2=7.3
v5_arena rows=18106 cfgs=4526 cells=258087 total_mib=241.7 bx=102.6 bh=26.5 bh2=26.5 bg=22.2 h0=13.3 h=13.3 h2=13.3
v5_arena rows=13789 cfgs=3455 cells=221465 total_mib=184.6 bx=78.1 bh=20.2 bh2=20.2 bg=16.9 h0=10.1 h=10.1 h2=10.1
v5_arena rows=17394 cfgs=4988 cells=315103 total_mib=235.1 bx=98.5 bh=25.5 bh2=25.5 bg=21.3 h0=12.7 h=12.7 h2=12.7
v5_arena rows=1128 cfgs=70 cells=19368 total_mib=15.2 bx=6.4 bh=1.7 bh2=1.7 bg=1.4 h0=0.8 h=0.8 h2=0.8
v5_arena rows=16082 cfgs=4233 cells=249700 total_mib=215.6 bx=91.1 bh=23.6 bh2=23.6 bg=19.7 h0=11.8 h=11.8 h2=11.8
v5_arena rows=1113 cfgs=58 cells=14324 total_mib=14.6 bx=6.3 bh=1.6 bh2=1.6 bg=1.4 h0=0.8 h=0.8 h2=0.8
v5_arena rows=11724 cfgs=58 cells=75508 total_mib=152.3 bx=66.4 bh=17.2 bh2=17.2 bg=14.3 h0=8.6 h=8.6 h2=8.6
v5_arena rows=1178 cfgs=102 cells=38235 total_mib=16.2 bx=6.7 bh=1.7 bh2=1.7 bg=1.4 h0=0.9 h=0.9 h2=0.9
v5_arena rows=18073 cfgs=5527 cells=295889 total_mib=243.0 bx=102.4 bh=26.5 bh2=26.5 bg=22.2 h0=13.2 h=13.2 h2=13.2
v5_arena rows=780 cfgs=28 cells=7290 total_mib=10.1 bx=4.4 bh=1.1 bh2=1.1 bg=1.0 h0=0.6 h=0.6 h2=0.6
v5_arena rows=14590 cfgs=3868 cells=225429 total_mib=195.6 bx=82.6 bh=21.4 bh2=21.4 bg=17.9 h0=10.7 h=10.7 h2=10.7
v5_arena rows=15910 cfgs=3922 cells=235406 total_mib=212.7 bx=90.1 bh=23.3 bh2=23.3 bg=19.5 h0=11.7 h=11.7 h2=11.7
v5_arena rows=14810 cfgs=3791 cells=235215 total_mib=198.4 bx=83.9 bh=21.7 bh2=21.7 bg=18.1 h0=10.8 h=10.8 h2=10.8
v5_arena rows=14427 cfgs=4284 cells=237826 total_mib=194.1 bx=81.7 bh=21.1 bh2=21.1 bg=17.7 h0=10.6 h=10.6 h2=10.6
v5_arena rows=948 cfgs=67 cells=14895 total_mib=12.7 bx=5.4 bh=1.4 bh2=1.4 bg=1.2 h0=0.7 h=0.7 h2=0.7
v5_arena rows=893 cfgs=40 cells=3247 total_mib=11.7 bx=5.1 bh=1.3 bh2=1.3 bg=1.1 h0=0.7 h=0.7 h2=0.7
v5_arena rows=18883 cfgs=5027 cells=306660 total_mib=253.7 bx=107.0 bh=27.7 bh2=27.7 bg=23.1 h0=13.8 h=13.8 h2=13.8
v5_arena rows=16548 cfgs=3856 cells=240472 total_mib=220.6 bx=93.7 bh=24.2 bh2=24.2 bg=20.3 h0=12.1 h=12.1 h2=12.1
v5_arena rows=11344 cfgs=3644 cells=189271 total_mib=152.7 bx=64.3 bh=16.6 bh2=16.6 bg=13.9 h0=8.3 h=8.3 h2=8.3
v5_arena rows=13812 cfgs=3894 cells=230545 total_mib=185.7 bx=78.2 bh=20.2 bh2=20.2 bg=16.9 h0=10.1 h=10.1 h2=10.1
v5_arena rows=10974 cfgs=3423 cells=213336 total_mib=148.4 bx=62.2 bh=16.1 bh2=16.1 bg=13.5 h0=8.0 h=8.0 h2=8.0
v5_arena rows=13507 cfgs=3902 cells=195072 total_mib=180.7 bx=76.5 bh=19.8 bh2=19.8 bg=16.6 h0=9.9 h=9.9 h2=9.9
v5_arena rows=14406 cfgs=3677 cells=237682 total_mib=193.5 bx=81.6 bh=21.1 bh2=21.1 bg=17.7 h0=10.6 h=10.6 h2=10.6
v5_arena rows=2449 cfgs=125 cells=43301 total_mib=32.6 bx=13.9 bh=3.6 bh2=3.6 bg=3.0 h0=1.8 h=1.8 h2=1.8
v5_arena rows=16297 cfgs=4298 cells=261013 total_mib=218.5 bx=92.3 bh=23.9 bh2=23.9 bg=20.0 h0=11.9 h=11.9 h2=11.9
v5_arena rows=17468 cfgs=4987 cells=304338 total_mib=235.3 bx=99.0 bh=25.6 bh2=25.6 bg=21.4 h0=12.8 h=12.8 h2=12.8
v5_arena rows=2280 cfgs=143 cells=27060 total_mib=30.4 bx=12.9 bh=3.3 bh2=3.3 bg=2.8 h0=1.7 h=1.7 h2=1.7
v5_arena rows=2410 cfgs=170 cells=54886 total_mib=32.7 bx=13.7 bh=3.5 bh2=3.5 bg=2.9 h0=1.8 h=1.8 h2=1.8
v5_arena rows=2777 cfgs=221 cells=23838 total_mib=36.6 bx=15.7 bh=4.1 bh2=4.1 bg=3.4 h0=2.0 h=2.0 h2=2.0
v5_arena rows=2188 cfgs=182 cells=49328 total_mib=29.8 bx=12.4 bh=3.2 bh2=3.2 bg=2.7 h0=1.6 h=1.6 h2=1.6
v5_arena rows=15244 cfgs=4111 cells=234997 total_mib=204.2 bx=86.4 bh=22.3 bh2=22.3 bg=18.7 h0=11.2 h=11.2 h2=11.2
v5_arena rows=18854 cfgs=5506 cells=329464 total_mib=254.2 bx=106.8 bh=27.6 bh2=27.6 bg=23.1 h0=13.8 h=13.8 h2=13.8
v5_arena rows=16244 cfgs=4312 cells=260721 total_mib=218.2 bx=92.0 bh=23.8 bh2=23.8 bg=19.9 h0=11.9 h=11.9 h2=11.9
v5_arena rows=11045 cfgs=3282 cells=186125 total_mib=148.6 bx=62.6 bh=16.2 bh2=16.2 bg=13.5 h0=8.1 h=8.1 h2=8.1
v5_arena rows=12786 cfgs=3920 cells=209832 total_mib=172.1 bx=72.4 bh=18.7 bh2=18.7 bg=15.7 h0=9.4 h=9.4 h2=9.4
v5_arena rows=10223 cfgs=3102 cells=176873 total_mib=137.9 bx=57.9 bh=15.0 bh2=15.0 bg=12.5 h0=7.5 h=7.5 h2=7.5
v5_arena rows=12313 cfgs=3314 cells=196613 total_mib=165.6 bx=69.8 bh=18.0 bh2=18.0 bg=15.1 h0=9.0 h=9.0 h2=9.0
v5_arena rows=14252 cfgs=4024 cells=240229 total_mib=191.6 bx=80.7 bh=20.9 bh2=20.9 bg=17.5 h0=10.4 h=10.4 h2=10.4
v5_arena rows=11399 cfgs=3394 cells=198278 total_mib=153.9 bx=64.6 bh=16.7 bh2=16.7 bg=14.0 h0=8.3 h=8.3 h2=8.3
v5_arena rows=1872 cfgs=121 cells=25743 total_mib=24.7 bx=10.6 bh=2.7 bh2=2.7 bg=2.3 h0=1.4 h=1.4 h2=1.4
v5_arena rows=20062 cfgs=5649 cells=324179 total_mib=269.5 bx=113.6 bh=29.4 bh2=29.4 bg=24.6 h0=14.7 h=14.7 h2=14.7
v5_arena rows=3058 cfgs=170 cells=32865 total_mib=40.1 bx=17.3 bh=4.5 bh2=4.5 bg=3.7 h0=2.2 h=2.2 h2=2.2
v5_arena rows=10218 cfgs=95 cells=247045 total_mib=138.0 bx=57.9 bh=15.0 bh2=15.0 bg=12.5 h0=7.5 h=7.5 h2=7.5
v5_arena rows=11658 cfgs=3422 cells=202436 total_mib=157.2 bx=66.0 bh=17.1 bh2=17.1 bg=14.3 h0=8.5 h=8.5 h2=8.5
v5_arena rows=950 cfgs=44 cells=11089 total_mib=12.5 bx=5.4 bh=1.4 bh2=1.4 bg=1.2 h0=0.7 h=0.7 h2=0.7
v5_arena rows=16751 cfgs=4402 cells=253104 total_mib=224.3 bx=94.9 bh=24.5 bh2=24.5 bg=20.5 h0=12.3 h=12.3 h2=12.3
v5_arena rows=12589 cfgs=3400 cells=220716 total_mib=169.8 bx=71.3 bh=18.4 bh2=18.4 bg=15.4 h0=9.2 h=9.2 h2=9.2
v5_arena rows=13755 cfgs=3749 cells=235661 total_mib=185.1 bx=77.9 bh=20.1 bh2=20.1 bg=16.9 h0=10.1 h=10.1 h2=10.1
v5_arena rows=11497 cfgs=3158 cells=199199 total_mib=154.9 bx=65.1 bh=16.8 bh2=16.8 bg=14.1 h0=8.4 h=8.4 h2=8.4
v5_arena rows=13056 cfgs=3989 cells=229697 total_mib=176.2 bx=74.0 bh=19.1 bh2=19.1 bg=16.0 h0=9.6 h=9.6 h2=9.6
v5_arena rows=12260 cfgs=3293 cells=175720 total_mib=163.7 bx=69.5 bh=18.0 bh2=18.0 bg=15.0 h0=9.0 h=9.0 h2=9.0
v5_arena rows=15770 cfgs=4088 cells=258097 total_mib=211.5 bx=89.3 bh=23.1 bh2=23.1 bg=19.3 h0=11.6 h=11.6 h2=11.6
v5_arena rows=13698 cfgs=3637 cells=220423 total_mib=184.0 bx=77.6 bh=20.1 bh2=20.1 bg=16.8 h0=10.0 h=10.0 h2=10.0
v5_arena rows=1080 cfgs=51 cells=8034 total_mib=14.2 bx=6.1 bh=1.6 bh2=1.6 bg=1.3 h0=0.8 h=0.8 h2=0.8
v5_arena rows=768 cfgs=26 cells=5412 total_mib=9.9 bx=4.4 bh=1.1 bh2=1.1 bg=0.9 h0=0.6 h=0.6 h2=0.6
v5_arena rows=15044 cfgs=3830 cells=242581 total_mib=201.8 bx=85.2 bh=22.0 bh2=22.0 bg=18.4 h0=11.0 h=11.0 h2=11.0
v5_arena rows=17589 cfgs=4542 cells=280757 total_mib=235.7 bx=99.6 bh=25.8 bh2=25.8 bg=21.6 h0=12.9 h=12.9 h2=12.9
v5_arena rows=15981 cfgs=4120 cells=227389 total_mib=213.3 bx=90.5 bh=23.4 bh2=23.4 bg=19.6 h0=11.7 h=11.7 h2=11.7
v5_arena rows=12615 cfgs=3406 cells=221134 total_mib=169.9 bx=71.5 bh=18.5 bh2=18.5 bg=15.5 h0=9.2 h=9.2 h2=9.2
v5_arena rows=12966 cfgs=3598 cells=196491 total_mib=173.6 bx=73.5 bh=19.0 bh2=19.0 bg=15.9 h0=9.5 h=9.5 h2=9.5
v5_arena rows=12280 cfgs=3241 cells=217506 total_mib=165.4 bx=69.6 bh=18.0 bh2=18.0 bg=15.1 h0=9.0 h=9.0 h2=9.0
v5_arena rows=14751 cfgs=4451 cells=230740 total_mib=198.2 bx=83.6 bh=21.6 bh2=21.6 bg=18.1 h0=10.8 h=10.8 h2=10.8
v5_arena rows=11734 cfgs=3723 cells=210396 total_mib=158.6 bx=66.5 bh=17.2 bh2=17.2 bg=14.4 h0=8.6 h=8.6 h2=8.6
v5_arena rows=14310 cfgs=3981 cells=228973 total_mib=192.1 bx=81.1 bh=21.0 bh2=21.0 bg=17.5 h0=10.5 h=10.5 h2=10.5
v5_arena rows=12785 cfgs=3614 cells=198499 total_mib=171.7 bx=72.4 bh=18.7 bh2=18.7 bg=15.7 h0=9.4 h=9.4 h2=9.4
v5_arena rows=936 cfgs=106 cells=4771 total_mib=12.5 bx=5.3 bh=1.4 bh2=1.4 bg=1.1 h0=0.7 h=0.7 h2=0.7
v5_arena rows=760 cfgs=28 cells=5769 total_mib=9.8 bx=4.3 bh=1.1 bh2=1.1 bg=0.9 h0=0.6 h=0.6 h2=0.6
v5_arena rows=11634 cfgs=64 cells=188056 total_mib=153.5 bx=65.9 bh=17.0 bh2=17.0 bg=14.2 h0=8.5 h=8.5 h2=8.5
v5_arena rows=1120 cfgs=30 cells=4964 total_mib=14.4 bx=6.3 bh=1.6 bh2=1.6 bg=1.4 h0=0.8 h=0.8 h2=0.8
v5_arena rows=782 cfgs=64 cells=11701 total_mib=10.5 bx=4.4 bh=1.1 bh2=1.1 bg=1.0 h0=0.6 h=0.6 h2=0.6
v5_arena rows=10164 cfgs=51 cells=40161 total_mib=132.5 bx=57.6 bh=14.9 bh2=14.9 bg=12.4 h0=7.4 h=7.4 h2=7.4
v5_arena rows=13352 cfgs=3921 cells=213673 total_mib=179.1 bx=75.6 bh=19.6 bh2=19.6 bg=16.4 h0=9.8 h=9.8 h2=9.8
v5_arena rows=16174 cfgs=3807 cells=257527 total_mib=216.3 bx=91.6 bh=23.7 bh2=23.7 bg=19.8 h0=11.8 h=11.8 h2=11.8
v5_arena rows=13445 cfgs=4059 cells=205115 total_mib=180.3 bx=76.2 bh=19.7 bh2=19.7 bg=16.5 h0=9.8 h=9.8 h2=9.8
v5_arena rows=13628 cfgs=3470 cells=177797 total_mib=181.5 bx=77.2 bh=20.0 bh2=20.0 bg=16.7 h0=10.0 h=10.0 h2=10.0
v5_arena rows=16717 cfgs=4081 cells=252880 total_mib=222.8 bx=94.7 bh=24.5 bh2=24.5 bg=20.5 h0=12.2 h=12.2 h2=12.2
v5_arena rows=12268 cfgs=3198 cells=223948 total_mib=165.5 bx=69.5 bh=18.0 bh2=18.0 bg=15.0 h0=9.0 h=9.0 h2=9.0
v5_arena rows=13921 cfgs=4293 cells=253830 total_mib=187.9 bx=78.9 bh=20.4 bh2=20.4 bg=17.1 h0=10.2 h=10.2 h2=10.2
v5_arena rows=15555 cfgs=3690 cells=242707 total_mib=208.2 bx=88.1 bh=22.8 bh2=22.8 bg=19.1 h0=11.4 h=11.4 h2=11.4
v5_arena rows=777 cfgs=55 cells=16847 total_mib=10.4 bx=4.4 bh=1.1 bh2=1.1 bg=0.9 h0=0.6 h=0.6 h2=0.6
v5_arena rows=16307 cfgs=4360 cells=276897 total_mib=219.0 bx=92.4 bh=23.9 bh2=23.9 bg=20.0 h0=11.9 h=11.9 h2=11.9
v5_arena rows=16516 cfgs=4063 cells=231141 total_mib=219.2 bx=93.6 bh=24.2 bh2=24.2 bg=20.3 h0=12.1 h=12.1 h2=12.1
v5_arena rows=1140 cfgs=67 cells=13794 total_mib=15.1 bx=6.5 bh=1.7 bh2=1.7 bg=1.4 h0=0.8 h=0.8 h2=0.8
v5_arena rows=2985 cfgs=103 cells=29533 total_mib=38.8 bx=16.9 bh=4.4 bh2=4.4 bg=3.6 h0=2.2 h=2.2 h2=2.2
v5_arena rows=1950 cfgs=83 cells=44324 total_mib=26.3 bx=11.0 bh=2.9 bh2=2.9 bg=2.4 h0=1.4 h=1.4 h2=1.4
v5_arena rows=1368 cfgs=39 cells=6249 total_mib=17.7 bx=7.7 bh=2.0 bh2=2.0 bg=1.7 h0=1.0 h=1.0 h2=1.0
v5_arena rows=869 cfgs=43 cells=3045 total_mib=11.3 bx=4.9 bh=1.3 bh2=1.3 bg=1.1 h0=0.6 h=0.6 h2=0.6
v5_arena rows=12770 cfgs=3272 cells=211132 total_mib=170.4 bx=72.3 bh=18.7 bh2=18.7 bg=15.7 h0=9.4 h=9.4 h2=9.4
v5_arena rows=14076 cfgs=3510 cells=224182 total_mib=188.0 bx=79.7 bh=20.6 bh2=20.6 bg=17.3 h0=10.3 h=10.3 h2=10.3
v5_arena rows=21004 cfgs=4380 cells=258908 total_mib=276.7 bx=119.0 bh=30.8 bh2=30.8 bg=25.7 h0=15.4 h=15.4 h2=15.4
v5_arena rows=16568 cfgs=3644 cells=206475 total_mib=218.3 bx=93.9 bh=24.3 bh2=24.3 bg=20.3 h0=12.1 h=12.1 h2=12.1
v5_arena rows=22239 cfgs=4729 cells=297913 total_mib=293.2 bx=126.0 bh=32.6 bh2=32.6 bg=27.3 h0=16.3 h=16.3 h2=16.3
v5_arena rows=966 cfgs=18 cells=5728 total_mib=12.3 bx=5.5 bh=1.4 bh2=1.4 bg=1.2 h0=0.7 h=0.7 h2=0.7
v5_arena rows=20553 cfgs=4682 cells=290811 total_mib=272.4 bx=116.4 bh=30.1 bh2=30.1 bg=25.2 h0=15.1 h=15.1 h2=15.1
v5_arena rows=18199 cfgs=4033 cells=261643 total_mib=240.0 bx=103.1 bh=26.7 bh2=26.7 bg=22.3 h0=13.3 h=13.3 h2=13.3
v5_arena rows=21746 cfgs=4414 cells=303440 total_mib=286.5 bx=123.2 bh=31.9 bh2=31.9 bg=26.7 h0=15.9 h=15.9 h2=15.9
v5_arena rows=12647 cfgs=2415 cells=152318 total_mib=165.7 bx=71.6 bh=18.5 bh2=18.5 bg=15.5 h0=9.3 h=9.3 h2=9.3
v5_arena rows=19178 cfgs=4003 cells=249607 total_mib=252.2 bx=108.6 bh=28.1 bh2=28.1 bg=23.5 h0=14.0 h=14.0 h2=14.0
v5_arena rows=806 cfgs=42 cells=11637 total_mib=10.6 bx=4.6 bh=1.2 bh2=1.2 bg=1.0 h0=0.6 h=0.6 h2=0.6
v5_arena rows=830 cfgs=36 cells=7753 total_mib=10.7 bx=4.7 bh=1.2 bh2=1.2 bg=1.0 h0=0.6 h=0.6 h2=0.6
v5_arena rows=1780 cfgs=100 cells=15410 total_mib=23.2 bx=10.1 bh=2.6 bh2=2.6 bg=2.2 h0=1.3 h=1.3 h2=1.3
v5_arena rows=1288 cfgs=43 cells=10808 total_mib=16.7 bx=7.3 bh=1.9 bh2=1.9 bg=1.6 h0=0.9 h=0.9 h2=0.9
v5_arena rows=1920 cfgs=58 cells=13154 total_mib=24.6 bx=10.9 bh=2.8 bh2=2.8 bg=2.3 h0=1.4 h=1.4 h2=1.4
v5_arena rows=1814 cfgs=137 cells=28386 total_mib=24.1 bx=10.3 bh=2.7 bh2=2.7 bg=2.2 h0=1.3 h=1.3 h2=1.3
v5_arena rows=9392 cfgs=54 cells=111168 total_mib=121.3 bx=53.2 bh=13.8 bh2=13.8 bg=11.5 h0=6.9 h=6.9 h2=6.9
v5_arena rows=15856 cfgs=3623 cells=222020 total_mib=209.4 bx=89.8 bh=23.2 bh2=23.2 bg=19.4 h0=11.6 h=11.6 h2=11.6
v5_arena rows=11100 cfgs=83 cells=222859 total_mib=147.8 bx=62.9 bh=16.3 bh2=16.3 bg=13.6 h0=8.1 h=8.1 h2=8.1
v5_arena rows=19078 cfgs=3911 cells=256613 total_mib=250.3 bx=108.1 bh=27.9 bh2=27.9 bg=23.4 h0=14.0 h=14.0 h2=14.0
v5_arena rows=13871 cfgs=2716 cells=171251 total_mib=181.4 bx=78.6 bh=20.3 bh2=20.3 bg=17.0 h0=10.2 h=10.2 h2=10.2
v5_arena rows=16797 cfgs=3496 cells=206000 total_mib=219.8 bx=95.2 bh=24.6 bh2=24.6 bg=20.6 h0=12.3 h=12.3 h2=12.3
v5_arena rows=16943 cfgs=3214 cells=217849 total_mib=221.8 bx=96.0 bh=24.8 bh2=24.8 bg=20.8 h0=12.4 h=12.4 h2=12.4
v5_arena rows=1185 cfgs=43 cells=12354 total_mib=15.3 bx=6.7 bh=1.7 bh2=1.7 bg=1.4 h0=0.9 h=0.9 h2=0.9
v5_arena rows=20574 cfgs=4276 cells=269046 total_mib=269.4 bx=116.5 bh=30.1 bh2=30.1 bg=25.2 h0=15.1 h=15.1 h2=15.1
v5_arena rows=15969 cfgs=3054 cells=197277 total_mib=208.7 bx=90.5 bh=23.4 bh2=23.4 bg=19.6 h0=11.7 h=11.7 h2=11.7
v5_arena rows=19388 cfgs=3612 cells=227437 total_mib=253.0 bx=109.8 bh=28.4 bh2=28.4 bg=23.8 h0=14.2 h=14.2 h2=14.2
v5_arena rows=18167 cfgs=3318 cells=208301 total_mib=237.1 bx=102.9 bh=26.6 bh2=26.6 bg=22.3 h0=13.3 h=13.3 h2=13.3
v5_arena rows=966 cfgs=48 cells=11802 total_mib=12.5 bx=5.5 bh=1.4 bh2=1.4 bg=1.2 h0=0.7 h=0.7 h2=0.7
v5_arena rows=2936 cfgs=161 cells=63281 total_mib=39.2 bx=16.6 bh=4.3 bh2=4.3 bg=3.6 h0=2.2 h=2.2 h2=2.2
v5_arena rows=1938 cfgs=101 cells=31978 total_mib=25.4 bx=11.0 bh=2.8 bh2=2.8 bg=2.4 h0=1.4 h=1.4 h2=1.4
v5_arena rows=980 cfgs=42 cells=6686 total_mib=12.6 bx=5.6 bh=1.4 bh2=1.4 bg=1.2 h0=0.7 h=0.7 h2=0.7
v5_arena rows=16677 cfgs=2990 cells=209446 total_mib=217.7 bx=94.5 bh=24.4 bh2=24.4 bg=20.4 h0=12.2 h=12.2 h2=12.2
v5_arena rows=3498 cfgs=36 cells=19021 total_mib=44.6 bx=19.8 bh=5.1 bh2=5.1 bg=4.3 h0=2.6 h=2.6 h2=2.6
v5_arena rows=816 cfgs=36 cells=7697 total_mib=10.5 bx=4.6 bh=1.2 bh2=1.2 bg=1.0 h0=0.6 h=0.6 h2=0.6
v5_arena rows=22505 cfgs=4328 cells=292179 total_mib=294.1 bx=127.5 bh=33.0 bh2=33.0 bg=27.6 h0=16.5 h=16.5 h2=16.5
v5_arena rows=975 cfgs=63 cells=9283 total_mib=12.7 bx=5.5 bh=1.4 bh2=1.4 bg=1.2 h0=0.7 h=0.7 h2=0.7
v5_arena rows=11286 cfgs=77 cells=72045 total_mib=145.6 bx=63.9 bh=16.5 bh2=16.5 bg=13.8 h0=8.3 h=8.3 h2=8.3
v5_arena rows=16458 cfgs=2766 cells=180291 total_mib=214.1 bx=93.2 bh=24.1 bh2=24.1 bg=20.2 h0=12.1 h=12.1 h2=12.1
v5_arena rows=17469 cfgs=3127 cells=186685 total_mib=227.4 bx=99.0 bh=25.6 bh2=25.6 bg=21.4 h0=12.8 h=12.8 h2=12.8
v5_arena rows=2736 cfgs=120 cells=24528 total_mib=35.3 bx=15.5 bh=4.0 bh2=4.0 bg=3.3 h0=2.0 h=2.0 h2=2.0
v5_arena rows=18782 cfgs=3353 cells=232892 total_mib=245.3 bx=106.4 bh=27.5 bh2=27.5 bg=23.0 h0=13.8 h=13.8 h2=13.8
v5_arena rows=23056 cfgs=3955 cells=229170 total_mib=299.5 bx=130.6 bh=33.8 bh2=33.8 bg=28.3 h0=16.9 h=16.9 h2=16.9
v5_arena rows=20385 cfgs=3981 cells=241953 total_mib=266.2 bx=115.5 bh=29.9 bh2=29.9 bg=25.0 h0=14.9 h=14.9 h2=14.9
v5_arena rows=21274 cfgs=3818 cells=254316 total_mib=277.8 bx=120.5 bh=31.2 bh2=31.2 bg=26.1 h0=15.6 h=15.6 h2=15.6
v5_arena rows=1128 cfgs=72 cells=22268 total_mib=14.9 bx=6.4 bh=1.7 bh2=1.7 bg=1.4 h0=0.8 h=0.8 h2=0.8
v5_arena rows=20520 cfgs=4152 cells=265968 total_mib=268.5 bx=116.2 bh=30.1 bh2=30.1 bg=25.2 h0=15.0 h=15.0 h2=15.0
v5_arena rows=15562 cfgs=2664 cells=183164 total_mib=202.6 bx=88.2 bh=22.8 bh2=22.8 bg=19.1 h0=11.4 h=11.4 h2=11.4
v5_arena rows=2952 cfgs=150 cells=30152 total_mib=38.3 bx=16.7 bh=4.3 bh2=4.3 bg=3.6 h0=2.2 h=2.2 h2=2.2
v5_arena rows=18602 cfgs=3432 cells=232569 total_mib=243.0 bx=105.4 bh=27.2 bh2=27.2 bg=22.8 h0=13.6 h=13.6 h2=13.6
v5_arena rows=1302 cfgs=30 cells=10805 total_mib=16.7 bx=7.4 bh=1.9 bh2=1.9 bg=1.6 h0=1.0 h=1.0 h2=1.0
v5_arena rows=19482 cfgs=3777 cells=226291 total_mib=254.1 bx=110.4 bh=28.5 bh2=28.5 bg=23.9 h0=14.3 h=14.3 h2=14.3
v5_arena rows=2064 cfgs=76 cells=11804 total_mib=26.6 bx=11.7 bh=3.0 bh2=3.0 bg=2.5 h0=1.5 h=1.5 h2=1.5
v5_arena rows=2162 cfgs=54 cells=6506 total_mib=27.5 bx=12.2 bh=3.2 bh2=3.2 bg=2.6 h0=1.6 h=1.6 h2=1.6
v5_arena rows=19416 cfgs=3686 cells=223859 total_mib=253.2 bx=110.0 bh=28.4 bh2=28.4 bg=23.8 h0=14.2 h=14.2 h2=14.2
v5_arena rows=2356 cfgs=99 cells=31228 total_mib=30.6 bx=13.3 bh=3.5 bh2=3.5 bg=2.9 h0=1.7 h=1.7 h2=1.7
v5_arena rows=21006 cfgs=4313 cells=251804 total_mib=274.4 bx=119.0 bh=30.8 bh2=30.8 bg=25.8 h0=15.4 h=15.4 h2=15.4
v5_arena rows=1638 cfgs=24 cells=4606 total_mib=20.8 bx=9.3 bh=2.4 bh2=2.4 bg=2.0 h0=1.2 h=1.2 h2=1.2
v5_arena rows=10218 cfgs=77 cells=190451 total_mib=134.1 bx=57.9 bh=15.0 bh2=15.0 bg=12.5 h0=7.5 h=7.5 h2=7.5
v5_arena rows=4584 cfgs=40 cells=33893 total_mib=59.0 bx=26.0 bh=6.7 bh2=6.7 bg=5.6 h0=3.4 h=3.4 h2=3.4
v5_arena rows=16193 cfgs=3295 cells=206136 total_mib=211.6 bx=91.7 bh=23.7 bh2=23.7 bg=19.9 h0=11.9 h=11.9 h2=11.9
v5_arena rows=21374 cfgs=3874 cells=251433 total_mib=278.7 bx=121.1 bh=31.3 bh2=31.3 bg=26.2 h0=15.7 h=15.7 h2=15.7
v5_arena rows=19321 cfgs=3308 cells=217246 total_mib=251.6 bx=109.5 bh=28.3 bh2=28.3 bg=23.7 h0=14.2 h=14.2 h2=14.2
v5_arena rows=16545 cfgs=3109 cells=207902 total_mib=216.1 bx=93.7 bh=24.2 bh2=24.2 bg=20.3 h0=12.1 h=12.1 h2=12.1
v5_arena rows=15424 cfgs=3218 cells=211892 total_mib=202.2 bx=87.4 bh=22.6 bh2=22.6 bg=18.9 h0=11.3 h=11.3 h2=11.3
v5_arena rows=19209 cfgs=3251 cells=221332 total_mib=250.3 bx=108.8 bh=28.1 bh2=28.1 bg=23.5 h0=14.1 h=14.1 h2=14.1
v5_arena rows=20603 cfgs=3700 cells=242118 total_mib=268.6 bx=116.7 bh=30.2 bh2=30.2 bg=25.3 h0=15.1 h=15.1 h2=15.1
v5_arena rows=1946 cfgs=75 cells=19495 total_mib=25.1 bx=11.0 bh=2.9 bh2=2.9 bg=2.4 h0=1.4 h=1.4 h2=1.4
v5_arena rows=24581 cfgs=4618 cells=303327 total_mib=320.9 bx=139.2 bh=36.0 bh2=36.0 bg=30.1 h0=18.0 h=18.0 h2=18.0
v5_arena rows=17943 cfgs=3681 cells=234023 total_mib=234.8 bx=101.6 bh=26.3 bh2=26.3 bg=22.0 h0=13.1 h=13.1 h2=13.1
v5_arena rows=2372 cfgs=85 cells=32148 total_mib=30.8 bx=13.4 bh=3.5 bh2=3.5 bg=2.9 h0=1.7 h=1.7 h2=1.7
v5_arena rows=27956 cfgs=4373 cells=318258 total_mib=363.8 bx=158.4 bh=41.0 bh2=41.0 bg=34.2 h0=20.5 h=20.5 h2=20.5
v5_arena rows=4389 cfgs=204 cells=37452 total_mib=56.8 bx=24.9 bh=6.4 bh2=6.4 bg=5.4 h0=3.2 h=3.2 h2=3.2
v5_arena rows=2079 cfgs=95 cells=13867 total_mib=26.8 bx=11.8 bh=3.0 bh2=3.0 bg=2.5 h0=1.5 h=1.5 h2=1.5
v5_arena rows=14472 cfgs=2503 cells=171021 total_mib=188.6 bx=82.0 bh=21.2 bh2=21.2 bg=17.7 h0=10.6 h=10.6 h2=10.6
v5_arena rows=2873 cfgs=104 cells=20822 total_mib=36.9 bx=16.3 bh=4.2 bh2=4.2 bg=3.5 h0=2.1 h=2.1 h2=2.1
v5_arena rows=9680 cfgs=43 cells=50772 total_mib=124.5 bx=54.8 bh=14.2 bh2=14.2 bg=11.8 h0=7.1 h=7.1 h2=7.1
v5_arena rows=21189 cfgs=4107 cells=263329 total_mib=276.9 bx=120.0 bh=31.0 bh2=31.0 bg=26.0 h0=15.5 h=15.5 h2=15.5
v5_arena rows=21735 cfgs=4311 cells=270174 total_mib=283.9 bx=123.1 bh=31.8 bh2=31.8 bg=26.6 h0=15.9 h=15.9 h2=15.9
v5_arena rows=23528 cfgs=4110 cells=272535 total_mib=306.7 bx=133.3 bh=34.5 bh2=34.5 bg=28.8 h0=17.2 h=17.2 h2=17.2
v5_arena rows=15995 cfgs=3096 cells=191090 total_mib=208.7 bx=90.6 bh=23.4 bh2=23.4 bg=19.6 h0=11.7 h=11.7 h2=11.7
v5_arena rows=17240 cfgs=2961 cells=185938 total_mib=224.4 bx=97.7 bh=25.3 bh2=25.3 bg=21.1 h0=12.6 h=12.6 h2=12.6
v5_arena rows=1984 cfgs=89 cells=25164 total_mib=25.7 bx=11.2 bh=2.9 bh2=2.9 bg=2.4 h0=1.5 h=1.5 h2=1.5
v5_arena rows=19275 cfgs=3722 cells=243903 total_mib=251.8 bx=109.2 bh=28.2 bh2=28.2 bg=23.6 h0=14.1 h=14.1 h2=14.1
v5_arena rows=17435 cfgs=3525 cells=206477 total_mib=227.6 bx=98.8 bh=25.5 bh2=25.5 bg=21.4 h0=12.8 h=12.8 h2=12.8
v5_arena rows=2970 cfgs=126 cells=25133 total_mib=38.3 bx=16.8 bh=4.4 bh2=4.4 bg=3.6 h0=2.2 h=2.2 h2=2.2
v5_arena rows=18368 cfgs=3211 cells=222861 total_mib=239.6 bx=104.1 bh=26.9 bh2=26.9 bg=22.5 h0=13.5 h=13.5 h2=13.5
v5_arena rows=29635 cfgs=5005 cells=326503 total_mib=385.7 bx=167.9 bh=43.4 bh2=43.4 bg=36.3 h0=21.7 h=21.7 h2=21.7
v5_arena rows=1062 cfgs=77 cells=8924 total_mib=13.8 bx=6.0 bh=1.6 bh2=1.6 bg=1.3 h0=0.8 h=0.8 h2=0.8
v5_arena rows=3262 cfgs=184 cells=51262 total_mib=42.7 bx=18.5 bh=4.8 bh2=4.8 bg=4.0 h0=2.4 h=2.4 h2=2.4
v5_arena rows=2205 cfgs=62 cells=12970 total_mib=28.2 bx=12.5 bh=3.2 bh2=3.2 bg=2.7 h0=1.6 h=1.6 h2=1.6
v5_arena rows=2382 cfgs=82 cells=27264 total_mib=30.8 bx=13.5 bh=3.5 bh2=3.5 bg=2.9 h0=1.7 h=1.7 h2=1.7
v5_arena rows=3218 cfgs=122 cells=26197 total_mib=41.6 bx=18.2 bh=4.7 bh2=4.7 bg=3.9 h0=2.4 h=2.4 h2=2.4
v5_arena rows=20224 cfgs=3694 cells=220077 total_mib=263.3 bx=114.6 bh=29.6 bh2=29.6 bg=24.8 h0=14.8 h=14.8 h2=14.8
v5_arena rows=16278 cfgs=2642 cells=181174 total_mib=211.6 bx=92.2 bh=23.8 bh2=23.8 bg=20.0 h0=11.9 h=11.9 h2=11.9
v5_arena rows=11100 cfgs=59 cells=72215 total_mib=142.9 bx=62.9 bh=16.3 bh2=16.3 bg=13.6 h0=8.1 h=8.1 h2=8.1
v5_arena rows=15587 cfgs=2789 cells=154193 total_mib=202.1 bx=88.3 bh=22.8 bh2=22.8 bg=19.1 h0=11.4 h=11.4 h2=11.4
v5_arena rows=1140 cfgs=36 cells=7290 total_mib=14.6 bx=6.5 bh=1.7 bh2=1.7 bg=1.4 h0=0.8 h=0.8 h2=0.8
v5_arena rows=1106 cfgs=36 cells=6370 total_mib=14.2 bx=6.3 bh=1.6 bh2=1.6 bg=1.4 h0=0.8 h=0.8 h2=0.8
v5_arena rows=770 cfgs=20 cells=1274 total_mib=9.8 bx=4.4 bh=1.1 bh2=1.1 bg=0.9 h0=0.6 h=0.6 h2=0.6
v5_arena rows=8337 cfgs=28 cells=69329 total_mib=106.9 bx=47.2 bh=12.2 bh2=12.2 bg=10.2 h0=6.1 h=6.1 h2=6.1
v5_arena rows=18030 cfgs=3088 cells=186496 total_mib=233.9 bx=102.1 bh=26.4 bh2=26.4 bg=22.1 h0=13.2 h=13.2 h2=13.2
v5_arena rows=24957 cfgs=4076 cells=277557 total_mib=324.3 bx=141.4 bh=36.6 bh2=36.6 bg=30.6 h0=18.3 h=18.3 h2=18.3
v5_arena rows=14252 cfgs=2649 cells=166292 total_mib=185.6 bx=80.7 bh=20.9 bh2=20.9 bg=17.5 h0=10.4 h=10.4 h2=10.4
v5_arena rows=20769 cfgs=3333 cells=226758 total_mib=269.7 bx=117.7 bh=30.4 bh2=30.4 bg=25.5 h0=15.2 h=15.2 h2=15.2
v5_arena rows=19730 cfgs=3094 cells=181922 total_mib=255.0 bx=111.8 bh=28.9 bh2=28.9 bg=24.2 h0=14.5 h=14.5 h2=14.5
v5_arena rows=24673 cfgs=3363 cells=207091 total_mib=318.2 bx=139.8 bh=36.1 bh2=36.1 bg=30.3 h0=18.1 h=18.1 h2=18.1
v5_arena rows=19405 cfgs=3014 cells=185136 total_mib=251.0 bx=109.9 bh=28.4 bh2=28.4 bg=23.8 h0=14.2 h=14.2 h2=14.2
v5_arena rows=21122 cfgs=3159 cells=216526 total_mib=274.1 bx=119.7 bh=30.9 bh2=30.9 bg=25.9 h0=15.5 h=15.5 h2=15.5
v5_arena rows=22700 cfgs=3293 cells=227611 total_mib=293.8 bx=128.6 bh=33.3 bh2=33.3 bg=27.8 h0=16.6 h=16.6 h2=16.6
v5_arena rows=23172 cfgs=3153 cells=179647 total_mib=298.1 bx=131.3 bh=33.9 bh2=33.9 bg=28.4 h0=17.0 h=17.0 h2=17.0
v5_arena rows=2106 cfgs=61 cells=35471 total_mib=27.5 bx=11.9 bh=3.1 bh2=3.1 bg=2.6 h0=1.5 h=1.5 h2=1.5
v5_arena rows=3607 cfgs=125 cells=33794 total_mib=46.6 bx=20.4 bh=5.3 bh2=5.3 bg=4.4 h0=2.6 h=2.6 h2=2.6
v5_arena rows=1590 cfgs=59 cells=14445 total_mib=20.5 bx=9.0 bh=2.3 bh2=2.3 bg=1.9 h0=1.2 h=1.2 h2=1.2
v5_arena rows=1898 cfgs=63 cells=13946 total_mib=24.3 bx=10.8 bh=2.8 bh2=2.8 bg=2.3 h0=1.4 h=1.4 h2=1.4
v5_arena rows=9979 cfgs=29 cells=62119 total_mib=127.0 bx=56.5 bh=14.6 bh2=14.6 bg=12.2 h0=7.3 h=7.3 h2=7.3
v5_arena rows=3520 cfgs=127 cells=32878 total_mib=45.2 bx=19.9 bh=5.2 bh2=5.2 bg=4.3 h0=2.6 h=2.6 h2=2.6
v5_arena rows=1111 cfgs=36 cells=6041 total_mib=14.2 bx=6.3 bh=1.6 bh2=1.6 bg=1.4 h0=0.8 h=0.8 h2=0.8
v5_arena rows=782 cfgs=15 cells=2808 total_mib=9.9 bx=4.4 bh=1.1 bh2=1.1 bg=1.0 h0=0.6 h=0.6 h2=0.6
v5_arena rows=17147 cfgs=2306 cells=137030 total_mib=220.7 bx=97.1 bh=25.1 bh2=25.1 bg=21.0 h0=12.6 h=12.6 h2=12.6
v5_arena rows=23898 cfgs=3257 cells=189212 total_mib=307.6 bx=135.4 bh=35.0 bh2=35.0 bg=29.3 h0=17.5 h=17.5 h2=17.5
v5_arena rows=18291 cfgs=2314 cells=117148 total_mib=234.3 bx=103.6 bh=26.8 bh2=26.8 bg=22.5 h0=13.4 h=13.4 h2=13.4
v5_arena rows=16213 cfgs=2347 cells=150416 total_mib=209.3 bx=91.8 bh=23.7 bh2=23.7 bg=19.9 h0=11.9 h=11.9 h2=11.9
v5_arena rows=16085 cfgs=1998 cells=113758 total_mib=206.3 bx=91.1 bh=23.6 bh2=23.6 bg=19.7 h0=11.8 h=11.8 h2=11.8
v5_arena rows=2572 cfgs=54 cells=18884 total_mib=32.8 bx=14.6 bh=3.8 bh2=3.8 bg=3.1 h0=1.9 h=1.9 h2=1.9
v5_arena rows=18596 cfgs=2391 cells=118744 total_mib=238.3 bx=105.3 bh=27.2 bh2=27.2 bg=22.8 h0=13.6 h=13.6 h2=13.6
v5_arena rows=18784 cfgs=2303 cells=125113 total_mib=240.7 bx=106.4 bh=27.5 bh2=27.5 bg=23.0 h0=13.8 h=13.8 h2=13.8
v5_arena rows=23181 cfgs=2954 cells=147194 total_mib=296.9 bx=131.3 bh=34.0 bh2=34.0 bg=28.5 h0=17.0 h=17.0 h2=17.0
v5_arena rows=21436 cfgs=2514 cells=128880 total_mib=274.2 bx=121.4 bh=31.4 bh2=31.4 bg=26.3 h0=15.7 h=15.7 h2=15.7
v5_arena rows=20568 cfgs=2489 cells=141103 total_mib=263.7 bx=116.5 bh=30.1 bh2=30.1 bg=25.2 h0=15.1 h=15.1 h2=15.1
v5_arena rows=828 cfgs=37 cells=8048 total_mib=10.7 bx=4.7 bh=1.2 bh2=1.2 bg=1.0 h0=0.6 h=0.6 h2=0.6
v5_arena rows=2696 cfgs=38 cells=12864 total_mib=34.2 bx=15.3 bh=3.9 bh2=3.9 bg=3.3 h0=2.0 h=2.0 h2=2.0
v5_arena rows=3139 cfgs=79 cells=20384 total_mib=40.0 bx=17.8 bh=4.6 bh2=4.6 bg=3.8 h0=2.3 h=2.3 h2=2.3
v5_arena rows=2229 cfgs=58 cells=10312 total_mib=28.4 bx=12.6 bh=3.3 bh2=3.3 bg=2.7 h0=1.6 h=1.6 h2=1.6
v5_arena rows=20066 cfgs=2558 cells=139705 total_mib=257.3 bx=113.7 bh=29.4 bh2=29.4 bg=24.6 h0=14.7 h=14.7 h2=14.7
v5_arena rows=21404 cfgs=2597 cells=136569 total_mib=274.1 bx=121.2 bh=31.4 bh2=31.4 bg=26.3 h0=15.7 h=15.7 h2=15.7
v5_arena rows=5010 cfgs=15 cells=35956 total_mib=63.8 bx=28.4 bh=7.3 bh2=7.3 bg=6.1 h0=3.7 h=3.7 h2=3.7
v5_arena rows=17386 cfgs=2143 cells=112687 total_mib=222.8 bx=98.5 bh=25.5 bh2=25.5 bg=21.3 h0=12.7 h=12.7 h2=12.7
v5_arena rows=21127 cfgs=2480 cells=127772 total_mib=270.3 bx=119.7 bh=30.9 bh2=30.9 bg=25.9 h0=15.5 h=15.5 h2=15.5
v5_arena rows=21064 cfgs=2394 cells=129665 total_mib=269.5 bx=119.3 bh=30.9 bh2=30.9 bg=25.8 h0=15.4 h=15.4 h2=15.4
v5_arena rows=21162 cfgs=2574 cells=127715 total_mib=270.8 bx=119.9 bh=31.0 bh2=31.0 bg=26.0 h0=15.5 h=15.5 h2=15.5
v5_arena rows=19667 cfgs=2274 cells=122862 total_mib=251.7 bx=111.4 bh=28.8 bh2=28.8 bg=24.1 h0=14.4 h=14.4 h2=14.4
v5_arena rows=21895 cfgs=2634 cells=135333 total_mib=280.2 bx=124.0 bh=32.1 bh2=32.1 bg=26.9 h0=16.0 h=16.0 h2=16.0
v5_arena rows=1180 cfgs=23 cells=5692 total_mib=15.0 bx=6.7 bh=1.7 bh2=1.7 bg=1.4 h0=0.9 h=0.9 h2=0.9
v5_arena rows=816 cfgs=23 cells=2529 total_mib=10.4 bx=4.6 bh=1.2 bh2=1.2 bg=1.0 h0=0.6 h=0.6 h2=0.6
v5_arena rows=21968 cfgs=2552 cells=132407 total_mib=281.0 bx=124.4 bh=32.2 bh2=32.2 bg=27.0 h0=16.1 h=16.1 h2=16.1
v5_arena rows=21520 cfgs=2488 cells=141237 total_mib=275.5 bx=121.9 bh=31.5 bh2=31.5 bg=26.4 h0=15.8 h=15.8 h2=15.8
v5_arena rows=1914 cfgs=27 cells=15283 total_mib=24.4 bx=10.8 bh=2.8 bh2=2.8 bg=2.3 h0=1.4 h=1.4 h2=1.4
v5_arena rows=19957 cfgs=2453 cells=119476 total_mib=255.4 bx=113.1 bh=29.2 bh2=29.2 bg=24.5 h0=14.6 h=14.6 h2=14.6
v5_arena rows=22418 cfgs=2451 cells=127272 total_mib=286.5 bx=127.0 bh=32.8 bh2=32.8 bg=27.5 h0=16.4 h=16.4 h2=16.4
v5_arena rows=19808 cfgs=2173 cells=117366 total_mib=253.3 bx=112.2 bh=29.0 bh2=29.0 bg=24.3 h0=14.5 h=14.5 h2=14.5
v5_arena rows=20328 cfgs=2482 cells=136401 total_mib=260.5 bx=115.2 bh=29.8 bh2=29.8 bg=24.9 h0=14.9 h=14.9 h2=14.9
v5_arena rows=16759 cfgs=2036 cells=106614 total_mib=214.5 bx=94.9 bh=24.5 bh2=24.5 bg=20.6 h0=12.3 h=12.3 h2=12.3
v5_arena rows=1036 cfgs=21 cells=3054 total_mib=13.2 bx=5.9 bh=1.5 bh2=1.5 bg=1.3 h0=0.8 h=0.8 h2=0.8
v5_arena rows=21123 cfgs=2526 cells=129090 total_mib=270.3 bx=119.7 bh=30.9 bh2=30.9 bg=25.9 h0=15.5 h=15.5 h2=15.5
v5_arena rows=1957 cfgs=43 cells=13882 total_mib=25.0 bx=11.1 bh=2.9 bh2=2.9 bg=2.4 h0=1.4 h=1.4 h2=1.4
v5_arena rows=924 cfgs=23 cells=7371 total_mib=11.8 bx=5.2 bh=1.4 bh2=1.4 bg=1.1 h0=0.7 h=0.7 h2=0.7
v5_arena rows=21687 cfgs=3095 cells=132344 total_mib=278.1 bx=122.9 bh=31.8 bh2=31.8 bg=26.6 h0=15.9 h=15.9 h2=15.9
v5_arena rows=21299 cfgs=2816 cells=125490 total_mib=272.7 bx=120.7 bh=31.2 bh2=31.2 bg=26.1 h0=15.6 h=15.6 h2=15.6
v5_arena rows=22606 cfgs=3480 cells=131134 total_mib=289.8 bx=128.1 bh=33.1 bh2=33.1 bg=27.8 h0=16.6 h=16.6 h2=16.6
v5_arena rows=21739 cfgs=3329 cells=136858 total_mib=278.9 bx=123.1 bh=31.8 bh2=31.8 bg=26.7 h0=15.9 h=15.9 h2=15.9
v5_arena rows=3091 cfgs=29 cells=12317 total_mib=39.2 bx=17.5 bh=4.5 bh2=4.5 bg=3.8 h0=2.3 h=2.3 h2=2.3
v5_arena rows=1967 cfgs=91 cells=13871 total_mib=25.2 bx=11.1 bh=2.9 bh2=2.9 bg=2.4 h0=1.4 h=1.4 h2=1.4
v5_arena rows=15625 cfgs=6568 cells=87741 total_mib=204.2 bx=88.5 bh=22.9 bh2=22.9 bg=19.2 h0=11.4 h=11.4 h2=11.4
v5_arena rows=21149 cfgs=7965 cells=118738 total_mib=275.5 bx=119.8 bh=31.0 bh2=31.0 bg=26.0 h0=15.5 h=15.5 h2=15.5
v5_arena rows=21831 cfgs=7068 cells=126024 total_mib=283.4 bx=123.7 bh=32.0 bh2=32.0 bg=26.8 h0=16.0 h=16.0 h2=16.0
v5_arena rows=19390 cfgs=5021 cells=110195 total_mib=250.6 bx=109.8 bh=28.4 bh2=28.4 bg=23.8 h0=14.2 h=14.2 h2=14.2
v5_arena rows=7278 cfgs=2947 cells=36793 total_mib=95.2 bx=41.2 bh=10.7 bh2=10.7 bg=8.9 h0=5.3 h=5.3 h2=5.3
v5_arena rows=1007 cfgs=20 cells=3717 total_mib=12.8 bx=5.7 bh=1.5 bh2=1.5 bg=1.2 h0=0.7 h=0.7 h2=0.7
v5_arena rows=1682 cfgs=41 cells=9712 total_mib=21.4 bx=9.5 bh=2.5 bh2=2.5 bg=2.1 h0=1.2 h=1.2 h2=1.2
v5_arena rows=790 cfgs=22 cells=3336 total_mib=10.0 bx=4.5 bh=1.2 bh2=1.2 bg=1.0 h0=0.6 h=0.6 h2=0.6
v5_arena rows=20182 cfgs=8161 cells=114251 total_mib=263.8 bx=114.3 bh=29.6 bh2=29.6 bg=24.8 h0=14.8 h=14.8 h2=14.8
v5_arena rows=6435 cfgs=23 cells=24798 total_mib=81.6 bx=36.5 bh=9.4 bh2=9.4 bg=7.9 h0=4.7 h=4.7 h2=4.7
v5_arena rows=4114 cfgs=16 cells=20809 total_mib=52.2 bx=23.3 bh=6.0 bh2=6.0 bg=5.0 h0=3.0 h=3.0 h2=3.0
v5_arena rows=19110 cfgs=12032 cells=85017 total_mib=254.7 bx=108.3 bh=28.0 bh2=28.0 bg=23.5 h0=14.0 h=14.0 h2=14.0
v5_arena rows=14966 cfgs=10258 cells=73532 total_mib=199.3 bx=84.8 bh=21.9 bh2=21.9 bg=18.4 h0=11.0 h=11.0 h2=11.0
v5_arena rows=13695 cfgs=7377 cells=69002 total_mib=180.9 bx=77.6 bh=20.1 bh2=20.1 bg=16.8 h0=10.0 h=10.0 h2=10.0
v5_arena rows=11611 cfgs=7995 cells=53065 total_mib=154.7 bx=65.8 bh=17.0 bh2=17.0 bg=14.3 h0=8.5 h=8.5 h2=8.5
v5_arena rows=16353 cfgs=12573 cells=71524 total_mib=219.2 bx=92.6 bh=24.0 bh2=24.0 bg=20.1 h0=12.0 h=12.0 h2=12.0
v5_arena rows=12579 cfgs=16672 cells=38689 total_mib=179.6 bx=71.3 bh=20.4 bh2=20.4 bg=15.4 h0=9.2 h=9.2 h2=9.2
v5_arena rows=13324 cfgs=19915 cells=37205 total_mib=196.8 bx=75.5 bh=24.3 bh2=24.3 bg=16.4 h0=9.8 h=9.8 h2=9.8
v5_arena rows=10182 cfgs=13771 cells=35165 total_mib=145.5 bx=57.7 bh=16.8 bh2=16.8 bg=12.5 h0=7.5 h=7.5 h2=7.5
v5_arena rows=13320 cfgs=19136 cells=34784 total_mib=195.1 bx=75.5 bh=23.4 bh2=23.4 bg=16.4 h0=9.8 h=9.8 h2=9.8
v5_arena rows=11607 cfgs=14000 cells=34449 total_mib=161.2 bx=65.8 bh=17.1 bh2=17.1 bg=14.3 h0=8.5 h=8.5 h2=8.5
v5_arena rows=2709 cfgs=286 cells=10087 total_mib=35.3 bx=15.3 bh=4.0 bh2=4.0 bg=3.3 h0=2.0 h=2.0 h2=2.0
v5_arena rows=13583 cfgs=16940 cells=42337 total_mib=190.3 bx=76.9 bh=20.7 bh2=20.7 bg=16.7 h0=9.9 h=9.9 h2=9.9
v5_arena rows=12742 cfgs=19195 cells=33621 total_mib=189.5 bx=72.2 bh=23.4 bh2=23.4 bg=15.7 h0=9.3 h=9.3 h2=9.3
v5_arena rows=15155 cfgs=21327 cells=36773 total_mib=220.7 bx=85.9 bh=26.0 bh2=26.0 bg=18.6 h0=11.1 h=11.1 h2=11.1
v5_arena rows=13187 cfgs=21952 cells=31759 total_mib=202.5 bx=74.7 bh=26.8 bh2=26.8 bg=16.2 h0=9.7 h=9.7 h2=9.7
v5_arena rows=1225 cfgs=231 cells=2034 total_mib=16.5 bx=6.9 bh=1.8 bh2=1.8 bg=1.5 h0=0.9 h=0.9 h2=0.9
v5_arena rows=13001 cfgs=20029 cells=35097 total_mib=194.4 bx=73.6 bh=24.4 bh2=24.4 bg=16.0 h0=9.5 h=9.5 h2=9.5
v5_arena rows=11814 cfgs=21187 cells=24462 total_mib=186.9 bx=66.9 bh=25.9 bh2=25.9 bg=14.5 h0=8.7 h=8.7 h2=8.7
v5_arena rows=14481 cfgs=24146 cells=31575 total_mib=223.1 bx=82.0 bh=29.5 bh2=29.5 bg=17.8 h0=10.6 h=10.6 h2=10.6
v5_arena rows=13947 cfgs=23833 cells=30146 total_mib=216.9 bx=79.0 bh=29.1 bh2=29.1 bg=17.1 h0=10.2 h=10.2 h2=10.2
v5_arena rows=10360 cfgs=18712 cells=23160 total_mib=164.2 bx=58.7 bh=22.8 bh2=22.8 bg=12.8 h0=7.6 h=7.6 h2=7.6
v5_arena rows=816 cfgs=278 cells=1509 total_mib=11.1 bx=4.6 bh=1.2 bh2=1.2 bg=1.0 h0=0.6 h=0.6 h2=0.6
v5_arena rows=5372 cfgs=173 cells=7118 total_mib=70.5 bx=30.4 bh=7.9 bh2=7.9 bg=6.6 h0=3.9 h=3.9 h2=3.9
v5_arena rows=7424 cfgs=10364 cells=16510 total_mib=108.7 bx=42.1 bh=12.7 bh2=12.7 bg=9.1 h0=5.4 h=5.4 h2=5.4
v5_arena rows=768 cfgs=258 cells=1413 total_mib=10.4 bx=4.4 bh=1.1 bh2=1.1 bg=0.9 h0=0.6 h=0.6 h2=0.6
v5_arena rows=13205 cfgs=23250 cells=26701 total_mib=207.3 bx=74.8 bh=28.4 bh2=28.4 bg=16.2 h0=9.7 h=9.7 h2=9.7
v5_arena rows=1260 cfgs=21 cells=4706 total_mib=16.0 bx=7.1 bh=1.8 bh2=1.8 bg=1.5 h0=0.9 h=0.9 h2=0.9
v5_arena rows=1918 cfgs=409 cells=2783 total_mib=25.7 bx=10.9 bh=2.8 bh2=2.8 bg=2.3 h0=1.4 h=1.4 h2=1.4
v5_arena rows=12306 cfgs=253 cells=21836 total_mib=165.3 bx=69.7 bh=18.0 bh2=18.0 bg=15.0 h0=9.0 h=9.0 h2=9.0
v5_arena rows=10411 cfgs=17436 cells=21121 total_mib=161.0 bx=59.0 bh=21.3 bh2=21.3 bg=12.8 h0=7.6 h=7.6 h2=7.6
v5_arena rows=14331 cfgs=24016 cells=29442 total_mib=221.8 bx=81.2 bh=29.3 bh2=29.3 bg=17.6 h0=10.5 h=10.5 h2=10.5
v5_arena rows=14313 cfgs=23206 cells=28967 total_mib=218.9 bx=81.1 bh=28.3 bh2=28.3 bg=17.6 h0=10.5 h=10.5 h2=10.5
v5_arena rows=12406 cfgs=21207 cells=25027 total_mib=192.8 bx=70.3 bh=25.9 bh2=25.9 bg=15.2 h0=9.1 h=9.1 h2=9.1
v5_arena rows=4008 cfgs=205 cells=8456 total_mib=53.2 bx=22.7 bh=5.9 bh2=5.9 bg=4.9 h0=2.9 h=2.9 h2=2.9
v5_arena rows=12255 cfgs=20869 cells=24037 total_mib=190.2 bx=69.4 bh=25.5 bh2=25.5 bg=15.1 h0=9.0 h=9.0 h2=9.0
v5_arena rows=13238 cfgs=22173 cells=26882 total_mib=204.2 bx=75.0 bh=27.1 bh2=27.1 bg=16.3 h0=9.7 h=9.7 h2=9.7
v5_arena rows=11119 cfgs=19358 cells=22432 total_mib=174.0 bx=63.0 bh=23.6 bh2=23.6 bg=13.7 h0=8.1 h=8.1 h2=8.1
v5_arena rows=12318 cfgs=18434 cells=24239 total_mib=184.1 bx=69.8 bh=22.5 bh2=22.5 bg=15.1 h0=9.0 h=9.0 h2=9.0
v5_arena rows=836 cfgs=295 cells=1653 total_mib=11.5 bx=4.7 bh=1.2 bh2=1.2 bg=1.0 h0=0.6 h=0.6 h2=0.6
v5_arena rows=13181 cfgs=22622 cells=26475 total_mib=205.5 bx=74.7 bh=27.6 bh2=27.6 bg=16.2 h0=9.7 h=9.7 h2=9.7
v5_arena rows=1175 cfgs=271 cells=1766 total_mib=15.9 bx=6.7 bh=1.7 bh2=1.7 bg=1.4 h0=0.9 h=0.9 h2=0.9
v5_arena rows=6460 cfgs=266 cells=12663 total_mib=87.5 bx=36.6 bh=9.5 bh2=9.5 bg=7.9 h0=4.7 h=4.7 h2=4.7
v5_arena rows=11478 cfgs=19668 cells=23305 total_mib=178.8 bx=65.0 bh=24.0 bh2=24.0 bg=14.1 h0=8.4 h=8.4 h2=8.4
v5_arena rows=1000 cfgs=246 cells=1380 total_mib=13.5 bx=5.7 bh=1.5 bh2=1.5 bg=1.2 h0=0.7 h=0.7 h2=0.7
v5_arena rows=10984 cfgs=19814 cells=22162 total_mib=174.0 bx=62.2 bh=24.2 bh2=24.2 bg=13.6 h0=8.0 h=8.0 h2=8.0
v5_arena rows=13028 cfgs=19403 cells=25673 total_mib=194.2 bx=73.8 bh=23.7 bh2=23.7 bg=16.0 h0=9.5 h=9.5 h2=9.5
v5_arena rows=11842 cfgs=21537 cells=23784 total_mib=188.4 bx=67.1 bh=26.3 bh2=26.3 bg=14.8 h0=8.7 h=8.7 h2=8.7
v5_arena rows=14380 cfgs=24822 cells=29524 total_mib=224.5 bx=81.5 bh=30.3 bh2=30.3 bg=17.7 h0=10.5 h=10.5 h2=10.5
v5_arena rows=13100 cfgs=24560 cells=27333 total_mib=211.2 bx=74.2 bh=30.0 bh2=30.0 bg=16.9 h0=9.6 h=9.6 h2=9.6
v5_arena rows=13057 cfgs=21448 cells=26797 total_mib=200.6 bx=74.0 bh=26.2 bh2=26.2 bg=16.0 h0=9.6 h=9.6 h2=9.6
v5_arena rows=13226 cfgs=23475 cells=27131 total_mib=208.5 bx=74.9 bh=28.7 bh2=28.7 bg=16.3 h0=9.7 h=9.7 h2=9.7
v5_arena rows=2960 cfgs=433 cells=4329 total_mib=39.7 bx=16.8 bh=4.3 bh2=4.3 bg=3.6 h0=2.2 h=2.2 h2=2.2
v5_arena rows=12522 cfgs=20262 cells=24526 total_mib=191.4 bx=70.9 bh=24.7 bh2=24.7 bg=15.4 h0=9.2 h=9.2 h2=9.2
v5_arena rows=16028 cfgs=27474 cells=32338 total_mib=249.7 bx=90.8 bh=33.5 bh2=33.5 bg=19.7 h0=11.7 h=11.7 h2=11.7
v5_arena rows=828 cfgs=333 cells=1635 total_mib=11.4 bx=4.7 bh=1.2 bh2=1.2 bg=1.0 h0=0.6 h=0.6 h2=0.6
v5_arena rows=3323 cfgs=451 cells=4674 total_mib=44.4 bx=18.8 bh=4.9 bh2=4.9 bg=4.1 h0=2.4 h=2.4 h2=2.4
v5_arena rows=11513 cfgs=16751 cells=30889 total_mib=170.4 bx=65.2 bh=20.4 bh2=20.4 bg=14.1 h0=8.4 h=8.4 h2=8.4
v5_arena rows=13438 cfgs=22609 cells=27339 total_mib=207.5 bx=76.1 bh=27.6 bh2=27.6 bg=16.5 h0=9.8 h=9.8 h2=9.8
v5_arena rows=9845 cfgs=17161 cells=19725 total_mib=154.3 bx=55.8 bh=20.9 bh2=20.9 bg=12.1 h0=7.2 h=7.2 h2=7.2
v5_arena rows=11763 cfgs=19849 cells=23792 total_mib=182.5 bx=66.6 bh=24.2 bh2=24.2 bg=14.4 h0=8.6 h=8.6 h2=8.6
v5_arena rows=9215 cfgs=15883 cells=18674 total_mib=143.9 bx=52.2 bh=19.4 bh2=19.4 bg=11.3 h0=6.7 h=6.7 h2=6.7
v5_arena rows=14561 cfgs=23920 cells=54725 total_mib=223.7 bx=82.5 bh=29.2 bh2=29.2 bg=17.9 h0=10.7 h=10.7 h2=10.7
v5_arena rows=10790 cfgs=18600 cells=21922 total_mib=168.2 bx=61.1 bh=22.7 bh2=22.7 bg=13.3 h0=7.9 h=7.9 h2=7.9
v5_arena rows=12462 cfgs=22567 cells=25287 total_mib=197.6 bx=70.6 bh=27.5 bh2=27.5 bg=15.5 h0=9.1 h=9.1 h2=9.1
v5_arena rows=10277 cfgs=16594 cells=43103 total_mib=157.3 bx=58.2 bh=20.3 bh2=20.3 bg=12.6 h0=7.5 h=7.5 h2=7.5
v5_arena rows=3584 cfgs=234 cells=6491 total_mib=48.2 bx=20.3 bh=5.2 bh2=5.2 bg=4.4 h0=2.6 h=2.6 h2=2.6
v5_arena rows=2780 cfgs=274 cells=3828 total_mib=37.9 bx=15.7 bh=4.1 bh2=4.1 bg=3.4 h0=2.0 h=2.0 h2=2.0
v5_arena rows=13554 cfgs=20037 cells=67764 total_mib=202.3 bx=76.8 bh=24.5 bh2=24.5 bg=16.6 h0=9.9 h=9.9 h2=9.9
v5_arena rows=5454 cfgs=925 cells=38316 total_mib=74.3 bx=30.9 bh=8.0 bh2=8.0 bg=6.7 h0=4.0 h=4.0 h2=4.0
v5_arena rows=4840 cfgs=252 cells=6288 total_mib=65.1 bx=27.4 bh=7.1 bh2=7.1 bg=5.9 h0=3.5 h=3.5 h2=3.5
v5_arena rows=11620 cfgs=17069 cells=63952 total_mib=172.8 bx=65.8 bh=20.8 bh2=20.8 bg=14.3 h0=8.5 h=8.5 h2=8.5
v5_arena rows=12037 cfgs=17923 cells=48129 total_mib=179.4 bx=68.2 bh=21.9 bh2=21.9 bg=14.8 h0=8.8 h=8.8 h2=8.8
v5_arena rows=12969 cfgs=17592 cells=84837 total_mib=188.3 bx=73.5 bh=21.5 bh2=21.5 bg=15.9 h0=9.5 h=9.5 h2=9.5
v5_arena rows=2727 cfgs=510 cells=46474 total_mib=36.8 bx=15.4 bh=4.0 bh2=4.0 bg=3.3 h0=2.0 h=2.0 h2=2.0
v5_arena rows=10345 cfgs=1455 cells=142943 total_mib=138.5 bx=58.6 bh=15.2 bh2=15.2 bg=12.6 h0=7.6 h=7.6 h2=7.6
v5_arena rows=13814 cfgs=18296 cells=89560 total_mib=199.7 bx=78.3 bh=22.3 bh2=22.3 bg=16.9 h0=10.1 h=10.1 h2=10.1
v5_arena rows=10752 cfgs=14625 cells=68172 total_mib=156.3 bx=60.9 bh=17.9 bh2=17.9 bg=13.2 h0=7.9 h=7.9 h2=7.9
v5_arena rows=8718 cfgs=12532 cells=58641 total_mib=129.1 bx=49.4 bh=15.3 bh2=15.3 bg=10.7 h0=6.4 h=6.4 h2=6.4
v5_arena rows=20375 cfgs=23241 cells=179899 total_mib=286.3 bx=115.4 bh=29.8 bh2=29.8 bg=25.0 h0=14.9 h=14.9 h2=14.9
v5_arena rows=14051 cfgs=16053 cells=140233 total_mib=197.7 bx=79.6 bh=20.6 bh2=20.6 bg=17.2 h0=10.3 h=10.3 h2=10.3
v5_arena rows=13912 cfgs=16616 cells=99487 total_mib=196.2 bx=78.8 bh=20.4 bh2=20.4 bg=17.1 h0=10.2 h=10.2 h2=10.2
v5_arena rows=1319 cfgs=145 cells=15944 total_mib=17.6 bx=7.5 bh=1.9 bh2=1.9 bg=1.6 h0=1.0 h=1.0 h2=1.0
v5_arena rows=4306 cfgs=766 cells=69160 total_mib=58.7 bx=24.4 bh=6.3 bh2=6.3 bg=5.3 h0=3.2 h=3.2 h2=3.2
v5_arena rows=3035 cfgs=476 cells=51170 total_mib=40.9 bx=17.2 bh=4.4 bh2=4.4 bg=3.7 h0=2.2 h=2.2 h2=2.2
v5_arena rows=7196 cfgs=1009 cells=90049 total_mib=97.3 bx=40.8 bh=10.5 bh2=10.5 bg=8.8 h0=5.3 h=5.3 h2=5.3
v5_arena rows=6994 cfgs=1190 cells=101803 total_mib=94.1 bx=39.6 bh=10.2 bh2=10.2 bg=8.5 h0=5.1 h=5.1 h2=5.1
v5_arena rows=14068 cfgs=13207 cells=170238 total_mib=196.6 bx=79.7 bh=20.6 bh2=20.6 bg=17.2 h0=10.3 h=10.3 h2=10.3
v5_arena rows=12913 cfgs=9092 cells=164879 total_mib=177.8 bx=73.1 bh=18.9 bh2=18.9 bg=15.8 h0=9.5 h=9.5 h2=9.5
v5_arena rows=3393 cfgs=249 cells=4627 total_mib=45.7 bx=19.2 bh=5.0 bh2=5.0 bg=4.1 h0=2.5 h=2.5 h2=2.5
v5_arena rows=10725 cfgs=1936 cells=216213 total_mib=145.9 bx=60.8 bh=15.7 bh2=15.7 bg=13.1 h0=7.9 h=7.9 h2=7.9
v5_arena rows=6094 cfgs=960 cells=88825 total_mib=81.7 bx=34.5 bh=8.9 bh2=8.9 bg=7.4 h0=4.5 h=4.5 h2=4.5
v5_arena rows=10839 cfgs=1778 cells=193540 total_mib=146.8 bx=61.4 bh=15.9 bh2=15.9 bg=13.2 h0=7.9 h=7.9 h2=7.9
v5_arena rows=16174 cfgs=11728 cells=241846 total_mib=224.5 bx=91.6 bh=23.7 bh2=23.7 bg=19.8 h0=11.8 h=11.8 h2=11.8
v5_arena rows=8968 cfgs=9933 cells=99106 total_mib=126.4 bx=50.8 bh=13.1 bh2=13.1 bg=11.0 h0=6.6 h=6.6 h2=6.6
v5_arena rows=10719 cfgs=6847 cells=165965 total_mib=148.5 bx=60.7 bh=15.7 bh2=15.7 bg=13.1 h0=7.9 h=7.9 h2=7.9
v5_arena rows=14013 cfgs=2142 cells=244004 total_mib=188.8 bx=79.4 bh=20.5 bh2=20.5 bg=17.1 h0=10.3 h=10.3 h2=10.3
v5_arena rows=10979 cfgs=10483 cells=148410 total_mib=154.2 bx=62.2 bh=16.1 bh2=16.1 bg=13.5 h0=8.0 h=8.0 h2=8.0
v5_arena rows=2685 cfgs=402 cells=33534 total_mib=35.9 bx=15.2 bh=3.9 bh2=3.9 bg=3.3 h0=2.0 h=2.0 h2=2.0
v5_arena rows=11335 cfgs=7301 cells=187340 total_mib=157.2 bx=64.2 bh=16.6 bh2=16.6 bg=13.9 h0=8.3 h=8.3 h2=8.3
v5_arena rows=14609 cfgs=2771 cells=259671 total_mib=197.9 bx=82.8 bh=21.4 bh2=21.4 bg=17.9 h0=10.7 h=10.7 h2=10.7
v5_arena rows=11230 cfgs=4588 cells=229537 total_mib=155.1 bx=63.6 bh=16.5 bh2=16.5 bg=13.7 h0=8.2 h=8.2 h2=8.2
v5_arena rows=17577 cfgs=2741 cells=300457 total_mib=237.6 bx=99.6 bh=25.7 bh2=25.7 bg=21.5 h0=12.9 h=12.9 h2=12.9
v5_arena rows=27493 cfgs=654 cells=347760 total_mib=370.6 bx=155.7 bh=40.3 bh2=40.3 bg=33.6 h0=20.1 h=20.1 h2=20.1
v5_arena rows=12104 cfgs=6418 cells=209626 total_mib=167.4 bx=68.6 bh=17.7 bh2=17.7 bg=14.8 h0=8.9 h=8.9 h2=8.9
v5_arena rows=14806 cfgs=372 cells=210580 total_mib=199.5 bx=83.9 bh=21.7 bh2=21.7 bg=18.1 h0=10.8 h=10.8 h2=10.8
v5_arena rows=3038 cfgs=189 cells=45485 total_mib=41.2 bx=17.2 bh=4.5 bh2=4.5 bg=3.7 h0=2.2 h=2.2 h2=2.2
v5_arena rows=10125 cfgs=4806 cells=164973 total_mib=139.2 bx=57.4 bh=14.8 bh2=14.8 bg=12.4 h0=7.4 h=7.4 h2=7.4
v5_arena rows=22681 cfgs=3170 cells=391799 total_mib=305.3 bx=128.5 bh=33.2 bh2=33.2 bg=27.7 h0=16.6 h=16.6 h2=16.6
v5_arena rows=17362 cfgs=2674 cells=311700 total_mib=234.3 bx=98.4 bh=25.4 bh2=25.4 bg=21.2 h0=12.7 h=12.7 h2=12.7
v5_arena rows=11984 cfgs=7033 cells=203288 total_mib=165.7 bx=67.9 bh=17.6 bh2=17.6 bg=14.7 h0=8.8 h=8.8 h2=8.8
v5_arena rows=17735 cfgs=2828 cells=302250 total_mib=239.3 bx=100.5 bh=26.0 bh2=26.0 bg=21.7 h0=13.0 h=13.0 h2=13.0
v5_arena rows=19017 cfgs=170 cells=175195 total_mib=251.9 bx=107.7 bh=27.9 bh2=27.9 bg=23.2 h0=13.9 h=13.9 h2=13.9
v5_arena rows=12217 cfgs=2344 cells=207175 total_mib=165.6 bx=69.2 bh=17.9 bh2=17.9 bg=14.9 h0=8.9 h=8.9 h2=8.9
v5_arena rows=22238 cfgs=3316 cells=414139 total_mib=300.7 bx=126.0 bh=32.6 bh2=32.6 bg=27.2 h0=16.3 h=16.3 h2=16.3
v5_arena rows=21812 cfgs=3357 cells=409078 total_mib=295.0 bx=123.6 bh=32.0 bh2=32.0 bg=26.6 h0=16.0 h=16.0 h2=16.0
v5_arena rows=20841 cfgs=3818 cells=402483 total_mib=283.4 bx=118.1 bh=30.5 bh2=30.5 bg=25.5 h0=15.3 h=15.3 h2=15.3
v5_arena rows=16433 cfgs=2337 cells=299998 total_mib=222.1 bx=93.1 bh=24.1 bh2=24.1 bg=20.1 h0=12.0 h=12.0 h2=12.0
v5_arena rows=21679 cfgs=9138 cells=395505 total_mib=297.9 bx=122.8 bh=31.8 bh2=31.8 bg=26.5 h0=15.9 h=15.9 h2=15.9
v5_arena rows=16112 cfgs=6287 cells=309045 total_mib=222.0 bx=91.3 bh=23.6 bh2=23.6 bg=19.7 h0=11.8 h=11.8 h2=11.8
v5_arena rows=11457 cfgs=5664 cells=195694 total_mib=157.4 bx=64.9 bh=16.8 bh2=16.8 bg=14.0 h0=8.4 h=8.4 h2=8.4
v5_arena rows=11767 cfgs=5024 cells=236817 total_mib=162.6 bx=66.7 bh=17.2 bh2=17.2 bg=14.4 h0=8.6 h=8.6 h2=8.6
v5_arena rows=9757 cfgs=4321 cells=162089 total_mib=133.6 bx=55.3 bh=14.3 bh2=14.3 bg=11.9 h0=7.1 h=7.1 h2=7.1
v5_arena rows=3600 cfgs=202 cells=76606 total_mib=48.8 bx=20.4 bh=5.3 bh2=5.3 bg=4.4 h0=2.6 h=2.6 h2=2.6
v5_arena rows=16080 cfgs=2252 cells=264845 total_mib=216.1 bx=91.1 bh=23.6 bh2=23.6 bg=19.6 h0=11.8 h=11.8 h2=11.8
v5_arena rows=16466 cfgs=2438 cells=266655 total_mib=222.0 bx=93.3 bh=24.1 bh2=24.1 bg=20.1 h0=12.1 h=12.1 h2=12.1
v5_arena rows=8423 cfgs=4655 cells=147689 total_mib=116.6 bx=47.7 bh=12.3 bh2=12.3 bg=10.3 h0=6.2 h=6.2 h2=6.2
v5_arena rows=23023 cfgs=3499 cells=372295 total_mib=309.0 bx=130.4 bh=33.7 bh2=33.7 bg=28.1 h0=16.9 h=16.9 h2=16.9
v5_arena rows=14808 cfgs=5239 cells=309502 total_mib=204.3 bx=83.9 bh=21.7 bh2=21.7 bg=18.1 h0=10.8 h=10.8 h2=10.8
v5_arena rows=19173 cfgs=2529 cells=321786 total_mib=258.2 bx=108.6 bh=28.1 bh2=28.1 bg=23.4 h0=14.0 h=14.0 h2=14.0
v5_arena rows=12176 cfgs=4262 cells=235489 total_mib=167.2 bx=69.0 bh=17.8 bh2=17.8 bg=14.9 h0=8.9 h=8.9 h2=8.9
v5_arena rows=18571 cfgs=2875 cells=329043 total_mib=251.2 bx=105.2 bh=27.2 bh2=27.2 bg=22.7 h0=13.6 h=13.6 h2=13.6
v5_arena rows=13403 cfgs=4939 cells=229180 total_mib=182.9 bx=75.9 bh=19.6 bh2=19.6 bg=16.4 h0=9.8 h=9.8 h2=9.8
v5_arena rows=12111 cfgs=2326 cells=233353 total_mib=164.7 bx=68.6 bh=17.7 bh2=17.7 bg=14.8 h0=8.9 h=8.9 h2=8.9
v5_arena rows=20983 cfgs=159 cells=187765 total_mib=276.2 bx=118.9 bh=30.7 bh2=30.7 bg=25.6 h0=15.4 h=15.4 h2=15.4
v5_arena rows=17366 cfgs=2626 cells=289505 total_mib=233.8 bx=98.4 bh=25.4 bh2=25.4 bg=21.2 h0=12.7 h=12.7 h2=12.7
v5_arena rows=16895 cfgs=5603 cells=325270 total_mib=231.3 bx=95.7 bh=24.7 bh2=24.7 bg=20.7 h0=12.4 h=12.4 h2=12.4
v5_arena rows=8521 cfgs=3574 cells=175573 total_mib=118.0 bx=48.3 bh=12.5 bh2=12.5 bg=10.4 h0=6.2 h=6.2 h2=6.2
v5_arena rows=12535 cfgs=512 cells=192100 total_mib=167.0 bx=71.0 bh=18.4 bh2=18.4 bg=15.3 h0=9.2 h=9.2 h2=9.2
v5_arena rows=20888 cfgs=3621 cells=363085 total_mib=283.1 bx=118.3 bh=30.6 bh2=30.6 bg=25.5 h0=15.3 h=15.3 h2=15.3
v5_arena rows=10764 cfgs=4474 cells=200947 total_mib=148.0 bx=61.0 bh=15.8 bh2=15.8 bg=13.2 h0=7.9 h=7.9 h2=7.9
v5_arena rows=25754 cfgs=4134 cells=457393 total_mib=347.9 bx=145.9 bh=37.7 bh2=37.7 bg=31.5 h0=18.9 h=18.9 h2=18.9
v5_arena rows=4263 cfgs=140 cells=47999 total_mib=56.1 bx=24.1 bh=6.2 bh2=6.2 bg=5.2 h0=3.1 h=3.1 h2=3.1
v5_arena rows=12522 cfgs=3878 cells=250297 total_mib=171.7 bx=70.9 bh=18.3 bh2=18.3 bg=15.3 h0=9.2 h=9.2 h2=9.2
v5_arena rows=12565 cfgs=350 cells=169856 total_mib=167.0 bx=71.2 bh=18.4 bh2=18.4 bg=15.3 h0=9.2 h=9.2 h2=9.2
v5_arena rows=17476 cfgs=2448 cells=337547 total_mib=236.6 bx=99.0 bh=25.6 bh2=25.6 bg=21.4 h0=12.8 h=12.8 h2=12.8
v5_arena rows=23749 cfgs=329 cells=390642 total_mib=315.9 bx=134.5 bh=34.8 bh2=34.8 bg=29.0 h0=17.4 h=17.4 h2=17.4
v5_arena rows=3805 cfgs=264 cells=33246 total_mib=50.5 bx=21.6 bh=5.6 bh2=5.6 bg=4.6 h0=2.8 h=2.8 h2=2.8
v5_arena rows=17396 cfgs=6193 cells=350675 total_mib=239.4 bx=98.5 bh=25.5 bh2=25.5 bg=21.3 h0=12.7 h=12.7 h2=12.7
v5_arena rows=20208 cfgs=2533 cells=364395 total_mib=272.6 bx=114.5 bh=29.6 bh2=29.6 bg=24.7 h0=14.8 h=14.8 h2=14.8
v5_arena rows=24517 cfgs=4308 cells=439604 total_mib=331.6 bx=138.9 bh=35.9 bh2=35.9 bg=30.0 h0=18.0 h=18.0 h2=18.0
v5_arena rows=9174 cfgs=2768 cells=172675 total_mib=125.2 bx=52.0 bh=13.4 bh2=13.4 bg=11.2 h0=6.7 h=6.7 h2=6.7
v5_arena rows=17279 cfgs=330 cells=411507 total_mib=234.8 bx=97.9 bh=25.3 bh2=25.3 bg=21.1 h0=12.7 h=12.7 h2=12.7
v5_arena rows=22935 cfgs=3677 cells=373142 total_mib=308.7 bx=129.9 bh=33.6 bh2=33.6 bg=28.0 h0=16.8 h=16.8 h2=16.8
v5_arena rows=27011 cfgs=487 cells=461130 total_mib=360.8 bx=153.0 bh=39.6 bh2=39.6 bg=33.0 h0=19.8 h=19.8 h2=19.8
v5_arena rows=22187 cfgs=3423 cells=343027 total_mib=298.7 bx=125.7 bh=32.5 bh2=32.5 bg=27.1 h0=16.3 h=16.3 h2=16.3
v5_arena rows=15190 cfgs=4599 cells=313792 total_mib=208.7 bx=86.0 bh=22.3 bh2=22.3 bg=18.6 h0=11.1 h=11.1 h2=11.1
v5_arena rows=16133 cfgs=2567 cells=273031 total_mib=217.8 bx=91.4 bh=23.6 bh2=23.6 bg=19.7 h0=11.8 h=11.8 h2=11.8
v5_arena rows=18165 cfgs=2642 cells=335058 total_mib=245.4 bx=102.9 bh=26.6 bh2=26.6 bg=22.2 h0=13.3 h=13.3 h2=13.3
v5_arena rows=22442 cfgs=187 cells=412820 total_mib=300.3 bx=127.1 bh=32.9 bh2=32.9 bg=27.4 h0=16.4 h=16.4 h2=16.4
v5_arena rows=28629 cfgs=4068 cells=496480 total_mib=386.7 bx=162.2 bh=41.9 bh2=41.9 bg=35.0 h0=21.0 h=21.0 h2=21.0
v5_arena rows=5754 cfgs=1847 cells=118161 total_mib=79.1 bx=32.6 bh=8.4 bh2=8.4 bg=7.0 h0=4.2 h=4.2 h2=4.2
v5_arena rows=6993 cfgs=2579 cells=141578 total_mib=96.3 bx=39.6 bh=10.2 bh2=10.2 bg=8.6 h0=5.1 h=5.1 h2=5.1
v5_arena rows=12999 cfgs=4623 cells=277645 total_mib=179.4 bx=73.6 bh=19.0 bh2=19.0 bg=15.9 h0=9.5 h=9.5 h2=9.5
v5_arena rows=15399 cfgs=2434 cells=256941 total_mib=207.4 bx=87.2 bh=22.6 bh2=22.6 bg=18.8 h0=11.3 h=11.3 h2=11.3
v5_arena rows=25890 cfgs=3810 cells=473727 total_mib=349.8 bx=146.7 bh=37.9 bh2=37.9 bg=31.6 h0=19.0 h=19.0 h2=19.0
v5_arena rows=12123 cfgs=4071 cells=263920 total_mib=167.1 bx=68.7 bh=17.8 bh2=17.8 bg=14.8 h0=8.9 h=8.9 h2=8.9
v5_arena rows=26500 cfgs=347 cells=395547 total_mib=354.6 bx=150.1 bh=38.8 bh2=38.8 bg=32.4 h0=19.4 h=19.4 h2=19.4
v5_arena rows=11139 cfgs=3759 cells=262108 total_mib=154.5 bx=63.1 bh=16.3 bh2=16.3 bg=13.6 h0=8.2 h=8.2 h2=8.2
v5_arena rows=3482 cfgs=191 cells=47182 total_mib=46.6 bx=19.7 bh=5.1 bh2=5.1 bg=4.3 h0=2.6 h=2.6 h2=2.6
v5_arena rows=9066 cfgs=2882 cells=193512 total_mib=125.0 bx=51.4 bh=13.3 bh2=13.3 bg=11.1 h0=6.6 h=6.6 h2=6.6
v5_arena rows=20392 cfgs=3313 cells=346132 total_mib=275.0 bx=115.5 bh=29.9 bh2=29.9 bg=24.9 h0=14.9 h=14.9 h2=14.9
v5_arena rows=35927 cfgs=146 cells=478005 total_mib=472.6 bx=203.5 bh=52.6 bh2=52.6 bg=43.9 h0=26.3 h=26.3 h2=26.3
v5_arena rows=3134 cfgs=170 cells=53216 total_mib=41.9 bx=17.8 bh=4.6 bh2=4.6 bg=3.8 h0=2.3 h=2.3 h2=2.3
v5_arena rows=15631 cfgs=5220 cells=292346 total_mib=214.3 bx=88.5 bh=22.9 bh2=22.9 bg=19.1 h0=11.4 h=11.4 h2=11.4
v5_arena rows=4314 cfgs=183 cells=75641 total_mib=57.7 bx=24.4 bh=6.3 bh2=6.3 bg=5.3 h0=3.2 h=3.2 h2=3.2
v5_arena rows=2945 cfgs=1179 cells=73012 total_mib=41.0 bx=16.7 bh=4.3 bh2=4.3 bg=3.6 h0=2.2 h=2.2 h2=2.2
v5_arena rows=3187 cfgs=174 cells=47515 total_mib=42.4 bx=18.1 bh=4.7 bh2=4.7 bg=3.9 h0=2.3 h=2.3 h2=2.3
v5_arena rows=2674 cfgs=561 cells=49727 total_mib=36.5 bx=15.1 bh=3.9 bh2=3.9 bg=3.3 h0=2.0 h=2.0 h2=2.0
v5_arena rows=14299 cfgs=4245 cells=295942 total_mib=196.3 bx=81.0 bh=20.9 bh2=20.9 bg=17.5 h0=10.5 h=10.5 h2=10.5
v5_arena rows=28678 cfgs=3785 cells=469009 total_mib=384.9 bx=162.5 bh=42.0 bh2=42.0 bg=35.0 h0=21.0 h=21.0 h2=21.0
v5_arena rows=40267 cfgs=467 cells=467669 total_mib=529.7 bx=228.1 bh=59.0 bh2=59.0 bg=49.2 h0=29.5 h=29.5 h2=29.5
v5_arena rows=15368 cfgs=5089 cells=334415 total_mib=211.9 bx=87.1 bh=22.5 bh2=22.5 bg=18.8 h0=11.3 h=11.3 h2=11.3
v5_arena rows=25129 cfgs=3653 cells=394566 total_mib=338.3 bx=142.4 bh=36.8 bh2=36.8 bg=30.7 h0=18.4 h=18.4 h2=18.4
v5_arena rows=26369 cfgs=4652 cells=497219 total_mib=358.1 bx=149.4 bh=38.6 bh2=38.6 bg=32.2 h0=19.3 h=19.3 h2=19.3
v5_arena rows=11184 cfgs=3678 cells=234845 total_mib=153.8 bx=63.4 bh=16.4 bh2=16.4 bg=13.7 h0=8.2 h=8.2 h2=8.2
v5_arena rows=12479 cfgs=4318 cells=244294 total_mib=171.6 bx=70.7 bh=18.3 bh2=18.3 bg=15.3 h0=9.1 h=9.1 h2=9.1
v5_arena rows=14487 cfgs=5390 cells=313086 total_mib=200.4 bx=82.1 bh=21.2 bh2=21.2 bg=17.7 h0=10.6 h=10.6 h2=10.6
v5_arena rows=14943 cfgs=4530 cells=284410 total_mib=204.2 bx=84.6 bh=21.9 bh2=21.9 bg=18.3 h0=10.9 h=10.9 h2=10.9
v5_arena rows=14930 cfgs=4706 cells=281672 total_mib=204.3 bx=84.6 bh=21.9 bh2=21.9 bg=18.3 h0=10.9 h=10.9 h2=10.9
v5_arena rows=14456 cfgs=4793 cells=292624 total_mib=198.6 bx=81.9 bh=21.2 bh2=21.2 bg=17.7 h0=10.6 h=10.6 h2=10.6
v5_arena rows=30220 cfgs=4490 cells=538233 total_mib=408.5 bx=171.2 bh=44.3 bh2=44.3 bg=36.9 h0=22.1 h=22.1 h2=22.1
v5_arena rows=22453 cfgs=3882 cells=410210 total_mib=304.1 bx=127.2 bh=32.9 bh2=32.9 bg=27.4 h0=16.4 h=16.4 h2=16.4
v5_arena rows=12319 cfgs=2312 cells=212850 total_mib=166.7 bx=69.8 bh=18.0 bh2=18.0 bg=15.1 h0=9.0 h=9.0 h2=9.0
v5_arena rows=20005 cfgs=3069 cells=313250 total_mib=268.3 bx=113.3 bh=29.3 bh2=29.3 bg=24.4 h0=14.7 h=14.7 h2=14.7
v5_arena rows=13708 cfgs=172 cells=176579 total_mib=183.1 bx=77.7 bh=20.1 bh2=20.1 bg=16.7 h0=10.0 h=10.0 h2=10.0
v5_arena rows=23771 cfgs=3717 cells=432704 total_mib=321.5 bx=134.7 bh=34.8 bh2=34.8 bg=29.0 h0=17.4 h=17.4 h2=17.4
v5_arena rows=33831 cfgs=155 cells=444500 total_mib=445.1 bx=191.6 bh=49.6 bh2=49.6 bg=41.3 h0=24.8 h=24.8 h2=24.8
v5_arena rows=22460 cfgs=3535 cells=372005 total_mib=302.7 bx=127.2 bh=32.9 bh2=32.9 bg=27.4 h0=16.5 h=16.5 h2=16.5
v5_arena rows=21485 cfgs=3182 cells=318736 total_mib=288.2 bx=121.7 bh=31.5 bh2=31.5 bg=26.2 h0=15.7 h=15.7 h2=15.7
v5_arena rows=33363 cfgs=570 cells=500662 total_mib=445.9 bx=189.0 bh=48.9 bh2=48.9 bg=40.7 h0=24.4 h=24.4 h2=24.4
v5_arena rows=9435 cfgs=3197 cells=196945 total_mib=129.7 bx=53.4 bh=13.8 bh2=13.8 bg=11.5 h0=6.9 h=6.9 h2=6.9
v5_arena rows=28340 cfgs=187 cells=432336 total_mib=376.6 bx=160.5 bh=41.5 bh2=41.5 bg=34.6 h0=20.8 h=20.8 h2=20.8
v5_arena rows=50020 cfgs=412 cells=667641 total_mib=661.3 bx=283.4 bh=73.3 bh2=73.3 bg=61.1 h0=36.6 h=36.6 h2=36.6
v5_arena rows=33638 cfgs=345 cells=458073 total_mib=445.6 bx=190.6 bh=49.3 bh2=49.3 bg=41.1 h0=24.6 h=24.6 h2=24.6
v5_arena rows=4448 cfgs=153 cells=82164 total_mib=59.5 bx=25.2 bh=6.5 bh2=6.5 bg=5.4 h0=3.3 h=3.3 h2=3.3
v5_arena rows=20923 cfgs=3083 cells=405643 total_mib=283.7 bx=118.5 bh=30.6 bh2=30.6 bg=25.6 h0=15.3 h=15.3 h2=15.3
v5_arena rows=15292 cfgs=5071 cells=308907 total_mib=209.9 bx=86.6 bh=22.4 bh2=22.4 bg=18.7 h0=11.2 h=11.2 h2=11.2
v5_arena rows=19032 cfgs=2584 cells=333072 total_mib=256.2 bx=107.8 bh=27.9 bh2=27.9 bg=23.3 h0=13.9 h=13.9 h2=13.9
v5_arena rows=17060 cfgs=5213 cells=351869 total_mib=234.3 bx=96.6 bh=25.0 bh2=25.0 bg=20.9 h0=12.5 h=12.5 h2=12.5
v5_arena rows=22818 cfgs=3397 cells=384762 total_mib=307.3 bx=129.3 bh=33.4 bh2=33.4 bg=27.9 h0=16.7 h=16.7 h2=16.7
v5_arena rows=8018 cfgs=308 cells=136571 total_mib=107.0 bx=45.4 bh=11.7 bh2=11.7 bg=9.8 h0=5.9 h=5.9 h2=5.9
v5_arena rows=19552 cfgs=2935 cells=363262 total_mib=265.1 bx=110.8 bh=28.6 bh2=28.6 bg=23.9 h0=14.3 h=14.3 h2=14.3
v5_arena rows=7495 cfgs=2587 cells=170514 total_mib=103.5 bx=42.5 bh=11.0 bh2=11.0 bg=9.2 h0=5.5 h=5.5 h2=5.5
v5_arena rows=12228 cfgs=3978 cells=250599 total_mib=167.9 bx=69.3 bh=17.9 bh2=17.9 bg=15.0 h0=9.0 h=9.0 h2=9.0
v5_arena rows=5820 cfgs=185 cells=66722 total_mib=77.2 bx=33.0 bh=8.5 bh2=8.5 bg=7.1 h0=4.3 h=4.3 h2=4.3
v5_arena rows=3281 cfgs=164 cells=41305 total_mib=43.2 bx=18.6 bh=4.8 bh2=4.8 bg=4.0 h0=2.4 h=2.4 h2=2.4
v5_arena rows=7994 cfgs=2334 cells=165968 total_mib=109.4 bx=45.3 bh=11.7 bh2=11.7 bg=9.8 h0=5.9 h=5.9 h2=5.9
v5_arena rows=16465 cfgs=5109 cells=331818 total_mib=225.5 bx=93.3 bh=24.1 bh2=24.1 bg=20.1 h0=12.1 h=12.1 h2=12.1
v5_arena rows=22826 cfgs=3842 cells=443604 total_mib=310.1 bx=129.3 bh=33.4 bh2=33.4 bg=27.9 h0=16.7 h=16.7 h2=16.7
v5_arena rows=26800 cfgs=4571 cells=489564 total_mib=362.8 bx=151.8 bh=39.3 bh2=39.3 bg=32.7 h0=19.6 h=19.6 h2=19.6
v5_arena rows=14203 cfgs=4919 cells=299650 total_mib=195.8 bx=80.5 bh=20.8 bh2=20.8 bg=17.4 h0=10.4 h=10.4 h2=10.4
v5_arena rows=56080 cfgs=138 cells=657491 total_mib=733.4 bx=317.7 bh=82.1 bh2=82.1 bg=68.5 h0=41.1 h=41.1 h2=41.1
v5_arena rows=40942 cfgs=125 cells=299678 total_mib=533.6 bx=231.9 bh=60.0 bh2=60.0 bg=50.0 h0=30.0 h=30.0 h2=30.0
v5_arena rows=13882 cfgs=4701 cells=283310 total_mib=190.7 bx=78.6 bh=20.3 bh2=20.3 bg=17.0 h0=10.2 h=10.2 h2=10.2
v5_arena rows=16481 cfgs=5107 cells=348093 total_mib=226.5 bx=93.4 bh=24.1 bh2=24.1 bg=20.2 h0=12.1 h=12.1 h2=12.1
v5_arena rows=13590 cfgs=4483 cells=245631 total_mib=185.6 bx=77.0 bh=19.9 bh2=19.9 bg=16.6 h0=10.0 h=10.0 h2=10.0
v5_arena rows=14576 cfgs=2463 cells=258870 total_mib=197.4 bx=82.6 bh=21.4 bh2=21.4 bg=17.8 h0=10.7 h=10.7 h2=10.7
v5_arena rows=17062 cfgs=2132 cells=296918 total_mib=229.7 bx=96.7 bh=25.0 bh2=25.0 bg=20.8 h0=12.5 h=12.5 h2=12.5
v5_arena rows=11283 cfgs=173 cells=160188 total_mib=150.6 bx=63.9 bh=16.5 bh2=16.5 bg=13.8 h0=8.3 h=8.3 h2=8.3
v5_arena rows=35047 cfgs=215 cells=886631 total_mib=479.9 bx=198.5 bh=51.3 bh2=51.3 bg=42.8 h0=25.7 h=25.7 h2=25.7
v5_arena rows=21228 cfgs=3908 cells=426906 total_mib=288.6 bx=120.3 bh=31.1 bh2=31.1 bg=25.9 h0=15.5 h=15.5 h2=15.5
v5_arena rows=22171 cfgs=3912 cells=389326 total_mib=299.8 bx=125.6 bh=32.5 bh2=32.5 bg=27.1 h0=16.2 h=16.2 h2=16.2
v5_arena rows=14601 cfgs=5268 cells=306318 total_mib=201.2 bx=82.7 bh=21.4 bh2=21.4 bg=17.9 h0=10.7 h=10.7 h2=10.7
v5_arena rows=11503 cfgs=3803 cells=240788 total_mib=158.2 bx=65.2 bh=16.9 bh2=16.9 bg=14.1 h0=8.4 h=8.4 h2=8.4
v5_arena rows=23415 cfgs=4012 cells=453707 total_mib=317.6 bx=132.6 bh=34.3 bh2=34.3 bg=28.6 h0=17.1 h=17.1 h2=17.1
v5_arena rows=30177 cfgs=505 cells=336900 total_mib=399.9 bx=170.9 bh=44.2 bh2=44.2 bg=36.8 h0=22.1 h=22.1 h2=22.1
v5_arena rows=15922 cfgs=5674 cells=359596 total_mib=220.5 bx=90.2 bh=23.3 bh2=23.3 bg=19.5 h0=11.7 h=11.7 h2=11.7
v5_arena rows=27803 cfgs=4265 cells=508597 total_mib=375.8 bx=157.5 bh=40.7 bh2=40.7 bg=34.0 h0=20.4 h=20.4 h2=20.4
v5_arena rows=6448 cfgs=2485 cells=138657 total_mib=89.2 bx=36.5 bh=9.4 bh2=9.4 bg=7.9 h0=4.7 h=4.7 h2=4.7
v5_arena rows=20632 cfgs=145 cells=263741 total_mib=273.8 bx=116.9 bh=30.2 bh2=30.2 bg=25.2 h0=15.1 h=15.1 h2=15.1
v5_arena rows=8050 cfgs=323 cells=117636 total_mib=107.0 bx=45.6 bh=11.8 bh2=11.8 bg=9.8 h0=5.9 h=5.9 h2=5.9
v5_arena rows=10179 cfgs=1791 cells=164703 total_mib=137.0 bx=57.7 bh=14.9 bh2=14.9 bg=12.4 h0=7.5 h=7.5 h2=7.5
v5_arena rows=16305 cfgs=5452 cells=324444 total_mib=223.7 bx=92.4 bh=23.9 bh2=23.9 bg=19.9 h0=11.9 h=11.9 h2=11.9
v5_arena rows=9622 cfgs=3458 cells=202123 total_mib=132.4 bx=54.5 bh=14.1 bh2=14.1 bg=11.8 h0=7.0 h=7.0 h2=7.0
v5_arena rows=5056 cfgs=138 cells=57087 total_mib=66.5 bx=28.6 bh=7.4 bh2=7.4 bg=6.2 h0=3.7 h=3.7 h2=3.7
v5_arena rows=37111 cfgs=5415 cells=671864 total_mib=502.4 bx=210.2 bh=54.4 bh2=54.4 bg=45.3 h0=27.2 h=27.2 h2=27.2
v5_arena rows=30483 cfgs=185 cells=681414 total_mib=412.3 bx=172.7 bh=44.7 bh2=44.7 bg=37.2 h0=22.3 h=22.3 h2=22.3
v5_arena rows=16473 cfgs=389 cells=256773 total_mib=218.2 bx=93.3 bh=24.1 bh2=24.1 bg=20.1 h0=12.1 h=12.1 h2=12.1
v5_arena rows=8098 cfgs=1222 cells=131120 total_mib=108.6 bx=45.9 bh=11.9 bh2=11.9 bg=9.9 h0=5.9 h=5.9 h2=5.9
v5_arena rows=34658 cfgs=200 cells=527847 total_mib=463.5 bx=196.3 bh=50.8 bh2=50.8 bg=42.3 h0=25.4 h=25.4 h2=25.4
v5_arena rows=59189 cfgs=344 cells=1842808 total_mib=818.6 bx=335.3 bh=86.7 bh2=86.7 bg=72.3 h0=43.4 h=43.4 h2=43.4
v5_arena rows=10663 cfgs=4122 cells=224976 total_mib=147.2 bx=60.4 bh=15.6 bh2=15.6 bg=13.0 h0=7.8 h=7.8 h2=7.8
v5_arena rows=15952 cfgs=2484 cells=276027 total_mib=214.9 bx=90.4 bh=23.4 bh2=23.4 bg=19.5 h0=11.7 h=11.7 h2=11.7
v5_arena rows=12162 cfgs=4250 cells=242961 total_mib=167.1 bx=68.9 bh=17.8 bh2=17.8 bg=14.9 h0=8.9 h=8.9 h2=8.9
v5_arena rows=25933 cfgs=3652 cells=420346 total_mib=348.3 bx=146.9 bh=38.0 bh2=38.0 bg=31.7 h0=19.0 h=19.0 h2=19.0
v5_arena rows=15555 cfgs=4718 cells=303972 total_mib=212.9 bx=88.1 bh=22.8 bh2=22.8 bg=19.0 h0=11.4 h=11.4 h2=11.4
v5_arena rows=15588 cfgs=4546 cells=285259 total_mib=212.8 bx=88.3 bh=22.8 bh2=22.8 bg=19.1 h0=11.4 h=11.4 h2=11.4
v5_arena rows=25235 cfgs=4129 cells=417997 total_mib=340.5 bx=143.0 bh=37.0 bh2=37.0 bg=30.8 h0=18.5 h=18.5 h2=18.5
v5_arena rows=26320 cfgs=4308 cells=456724 total_mib=356.3 bx=149.1 bh=38.6 bh2=38.6 bg=32.2 h0=19.3 h=19.3 h2=19.3
v5_arena rows=18147 cfgs=2670 cells=326396 total_mib=246.5 bx=102.8 bh=26.6 bh2=26.6 bg=22.2 h0=13.3 h=13.3 h2=13.3
v5_arena rows=8424 cfgs=2748 cells=157957 total_mib=115.5 bx=47.7 bh=12.3 bh2=12.3 bg=10.3 h0=6.2 h=6.2 h2=6.2
v5_arena rows=13722 cfgs=4669 cells=287059 total_mib=188.7 bx=77.7 bh=20.1 bh2=20.1 bg=16.8 h0=10.1 h=10.1 h2=10.1
v5_arena rows=28686 cfgs=3895 cells=495350 total_mib=387.1 bx=162.5 bh=42.0 bh2=42.0 bg=35.0 h0=21.0 h=21.0 h2=21.0
v5_arena rows=22334 cfgs=3416 cells=417015 total_mib=302.0 bx=126.5 bh=32.7 bh2=32.7 bg=27.3 h0=16.4 h=16.4 h2=16.4
v5_arena rows=30277 cfgs=4784 cells=537355 total_mib=408.9 bx=171.5 bh=44.4 bh2=44.4 bg=37.0 h0=22.2 h=22.2 h2=22.2
v5_arena rows=10081 cfgs=469 cells=163881 total_mib=134.7 bx=57.1 bh=14.8 bh2=14.8 bg=12.3 h0=7.4 h=7.4 h2=7.4
v5_arena rows=6580 cfgs=372 cells=129915 total_mib=88.7 bx=37.3 bh=9.6 bh2=9.6 bg=8.0 h0=4.8 h=4.8 h2=4.8
v5_arena rows=18981 cfgs=3198 cells=319554 total_mib=255.7 bx=107.5 bh=27.8 bh2=27.8 bg=23.2 h0=13.9 h=13.9 h2=13.9
v5_arena rows=15681 cfgs=5587 cells=323176 total_mib=215.6 bx=88.8 bh=23.0 bh2=23.0 bg=19.2 h0=11.5 h=11.5 h2=11.5
v5_arena rows=9137 cfgs=2942 cells=186938 total_mib=125.6 bx=51.8 bh=13.4 bh2=13.4 bg=11.2 h0=6.7 h=6.7 h2=6.7
v5_arena rows=8243 cfgs=2758 cells=171172 total_mib=113.5 bx=46.7 bh=12.1 bh2=12.1 bg=10.1 h0=6.0 h=6.0 h2=6.0
v5_arena rows=13936 cfgs=2410 cells=235154 total_mib=188.1 bx=78.9 bh=20.4 bh2=20.4 bg=17.0 h0=10.2 h=10.2 h2=10.2
v5_arena rows=26873 cfgs=4267 cells=476237 total_mib=362.3 bx=152.2 bh=39.4 bh2=39.4 bg=32.8 h0=19.7 h=19.7 h2=19.7
v5_arena rows=34838 cfgs=200 cells=730731 total_mib=470.3 bx=197.4 bh=51.0 bh2=51.0 bg=42.5 h0=25.5 h=25.5 h2=25.5
v5_arena rows=59969 cfgs=400 cells=772367 total_mib=803.7 bx=339.7 bh=87.8 bh2=87.8 bg=73.2 h0=43.9 h=43.9 h2=43.9
v5_arena rows=18287 cfgs=2736 cells=333904 total_mib=246.7 bx=103.6 bh=26.8 bh2=26.8 bg=22.3 h0=13.4 h=13.4 h2=13.4
v5_arena rows=22612 cfgs=3946 cells=343497 total_mib=303.8 bx=128.1 bh=33.1 bh2=33.1 bg=27.6 h0=16.6 h=16.6 h2=16.6
v5_arena rows=12305 cfgs=3706 cells=228901 total_mib=168.1 bx=69.7 bh=18.0 bh2=18.0 bg=15.0 h0=9.0 h=9.0 h2=9.0
v5_arena rows=11673 cfgs=3966 cells=228521 total_mib=160.2 bx=66.1 bh=17.1 bh2=17.1 bg=14.3 h0=8.5 h=8.5 h2=8.5
v5_arena rows=3181 cfgs=123 cells=32482 total_mib=41.6 bx=18.0 bh=4.7 bh2=4.7 bg=3.9 h0=2.3 h=2.3 h2=2.3
v5_arena rows=17381 cfgs=5008 cells=297189 total_mib=236.2 bx=98.5 bh=25.5 bh2=25.5 bg=21.3 h0=12.7 h=12.7 h2=12.7
v5_arena rows=16460 cfgs=5535 cells=336042 total_mib=226.4 bx=93.2 bh=24.1 bh2=24.1 bg=20.1 h0=12.1 h=12.1 h2=12.1
v5_arena rows=7615 cfgs=361 cells=158984 total_mib=102.9 bx=43.1 bh=11.2 bh2=11.2 bg=9.3 h0=5.6 h=5.6 h2=5.6
v5_arena rows=69861 cfgs=204 cells=1091961 total_mib=945.5 bx=395.8 bh=102.3 bh2=102.3 bg=85.3 h0=51.2 h=51.2 h2=51.2
v5_arena rows=22560 cfgs=3292 cells=391098 total_mib=304.5 bx=127.8 bh=33.0 bh2=33.0 bg=27.6 h0=16.5 h=16.5 h2=16.5
v5_arena rows=23088 cfgs=3938 cells=400662 total_mib=311.8 bx=130.8 bh=33.8 bh2=33.8 bg=28.2 h0=16.9 h=16.9 h2=16.9
v5_arena rows=23155 cfgs=3725 cells=420169 total_mib=313.4 bx=131.2 bh=33.9 bh2=33.9 bg=28.3 h0=17.0 h=17.0 h2=17.0
v5_arena rows=31526 cfgs=170 cells=431245 total_mib=416.2 bx=178.6 bh=46.2 bh2=46.2 bg=38.5 h0=23.1 h=23.1 h2=23.1
v5_arena rows=7714 cfgs=2500 cells=153379 total_mib=105.7 bx=43.7 bh=11.3 bh2=11.3 bg=9.4 h0=5.6 h=5.6 h2=5.6
v5_arena rows=11148 cfgs=3428 cells=217314 total_mib=152.9 bx=63.2 bh=16.3 bh2=16.3 bg=13.6 h0=8.2 h=8.2 h2=8.2
v5_arena rows=22131 cfgs=3382 cells=420748 total_mib=300.1 bx=125.4 bh=32.4 bh2=32.4 bg=27.0 h0=16.2 h=16.2 h2=16.2
v5_arena rows=3519 cfgs=155 cells=35619 total_mib=46.5 bx=19.9 bh=5.2 bh2=5.2 bg=4.3 h0=2.6 h=2.6 h2=2.6
{"phase": "live", "seconds": 20.162, "solves": 44032, "solves_per_s": 2183.9, "oversize_routes": 0, "card_exclusive_routes": 0, "wait_frac": 0.546, "merge_frac": 0.001}
v5_arena rows=10600 cfgs=131 cells=137692 total_mib=139.4 bx=60.0 bh=15.5 bh2=15.5 bg=12.9 h0=7.8 h=7.8 h2=7.8
v5_arena rows=38070 cfgs=568 cells=464225 total_mib=505.6 bx=215.7 bh=55.8 bh2=55.8 bg=46.5 h0=27.9 h=27.9 h2=27.9
v5_arena rows=36426 cfgs=172 cells=358434 total_mib=479.7 bx=206.3 bh=53.4 bh2=53.4 bg=44.5 h0=26.7 h=26.7 h2=26.7
v5_arena rows=17845 cfgs=5783 cells=353291 total_mib=244.4 bx=101.1 bh=26.1 bh2=26.1 bg=21.8 h0=13.1 h=13.1 h2=13.1
v5_arena rows=30001 cfgs=187 cells=567151 total_mib=402.2 bx=170.0 bh=43.9 bh2=43.9 bg=36.6 h0=22.0 h=22.0 h2=22.0
v5_arena rows=48841 cfgs=175 cells=583902 total_mib=647.2 bx=276.7 bh=71.5 bh2=71.5 bg=59.6 h0=35.8 h=35.8 h2=35.8
v5_arena rows=25963 cfgs=4241 cells=434530 total_mib=349.7 bx=147.1 bh=38.0 bh2=38.0 bg=31.7 h0=19.0 h=19.0 h2=19.0
v5_arena rows=18069 cfgs=3347 cells=333378 total_mib=244.8 bx=102.4 bh=26.5 bh2=26.5 bg=22.1 h0=13.2 h=13.2 h2=13.2
v5_arena rows=9638 cfgs=3493 cells=194051 total_mib=132.4 bx=54.6 bh=14.1 bh2=14.1 bg=11.8 h0=7.1 h=7.1 h2=7.1
v5_arena rows=11519 cfgs=3581 cells=241408 total_mib=158.4 bx=65.3 bh=16.9 bh2=16.9 bg=14.1 h0=8.4 h=8.4 h2=8.4
v5_arena rows=13320 cfgs=4220 cells=270788 total_mib=182.6 bx=75.5 bh=19.5 bh2=19.5 bg=16.3 h0=9.8 h=9.8 h2=9.8
v5_arena rows=26948 cfgs=4363 cells=464340 total_mib=365.2 bx=152.7 bh=39.5 bh2=39.5 bg=32.9 h0=19.7 h=19.7 h2=19.7
v5_arena rows=30099 cfgs=4796 cells=541156 total_mib=407.1 bx=170.5 bh=44.1 bh2=44.1 bg=36.8 h0=22.0 h=22.0 h2=22.0
v5_arena rows=19241 cfgs=3230 cells=341208 total_mib=260.1 bx=109.0 bh=28.2 bh2=28.2 bg=23.5 h0=14.1 h=14.1 h2=14.1
v5_arena rows=23361 cfgs=3920 cells=439105 total_mib=316.8 bx=132.3 bh=34.2 bh2=34.2 bg=28.5 h0=17.1 h=17.1 h2=17.1
v5_arena rows=11679 cfgs=379 cells=302842 total_mib=160.0 bx=66.2 bh=17.1 bh2=17.1 bg=14.3 h0=8.6 h=8.6 h2=8.6
v5_arena rows=18574 cfgs=188 cells=300033 total_mib=248.5 bx=105.2 bh=27.2 bh2=27.2 bg=22.7 h0=13.6 h=13.6 h2=13.6
v5_arena rows=10815 cfgs=3568 cells=232495 total_mib=149.1 bx=61.3 bh=15.8 bh2=15.8 bg=13.2 h0=7.9 h=7.9 h2=7.9
v5_arena rows=17115 cfgs=2205 cells=348060 total_mib=232.9 bx=97.0 bh=25.1 bh2=25.1 bg=20.9 h0=12.5 h=12.5 h2=12.5
v5_arena rows=16379 cfgs=2660 cells=315893 total_mib=222.3 bx=92.8 bh=24.0 bh2=24.0 bg=20.0 h0=12.0 h=12.0 h2=12.0
v5_arena rows=8770 cfgs=340 cells=143623 total_mib=117.9 bx=49.7 bh=12.8 bh2=12.8 bg=10.7 h0=6.4 h=6.4 h2=6.4
v5_arena rows=4684 cfgs=170 cells=54049 total_mib=62.2 bx=26.5 bh=6.9 bh2=6.9 bg=5.7 h0=3.4 h=3.4 h2=3.4
v5_arena rows=6250 cfgs=2306 cells=128222 total_mib=86.2 bx=35.4 bh=9.2 bh2=9.2 bg=7.6 h0=4.6 h=4.6 h2=4.6
v5_arena rows=6966 cfgs=124 cells=49840 total_mib=91.2 bx=39.5 bh=10.2 bh2=10.2 bg=8.5 h0=5.1 h=5.1 h2=5.1
v5_arena rows=6869 cfgs=347 cells=139933 total_mib=93.1 bx=38.9 bh=10.1 bh2=10.1 bg=8.4 h0=5.0 h=5.0 h2=5.0
v5_arena rows=20160 cfgs=160 cells=207876 total_mib=267.0 bx=114.2 bh=29.5 bh2=29.5 bg=24.6 h0=14.8 h=14.8 h2=14.8
v5_arena rows=13494 cfgs=4069 cells=271180 total_mib=184.9 bx=76.4 bh=19.8 bh2=19.8 bg=16.5 h0=9.9 h=9.9 h2=9.9
v5_arena rows=6488 cfgs=2062 cells=143084 total_mib=89.6 bx=36.8 bh=9.5 bh2=9.5 bg=7.9 h0=4.8 h=4.8 h2=4.8
v5_arena rows=13763 cfgs=4069 cells=285472 total_mib=188.8 bx=78.0 bh=20.2 bh2=20.2 bg=16.8 h0=10.1 h=10.1 h2=10.1
v5_arena rows=14763 cfgs=5106 cells=297888 total_mib=203.4 bx=83.6 bh=21.6 bh2=21.6 bg=18.1 h0=10.8 h=10.8 h2=10.8
v5_arena rows=4063 cfgs=170 cells=51869 total_mib=54.1 bx=23.0 bh=6.0 bh2=6.0 bg=5.0 h0=3.0 h=3.0 h2=3.0
v5_arena rows=16244 cfgs=2797 cells=272499 total_mib=219.2 bx=92.0 bh=23.8 bh2=23.8 bg=19.8 h0=11.9 h=11.9 h2=11.9
v5_arena rows=3332 cfgs=172 cells=49875 total_mib=44.9 bx=18.9 bh=4.9 bh2=4.9 bg=4.1 h0=2.4 h=2.4 h2=2.4
v5_arena rows=21475 cfgs=3576 cells=401881 total_mib=291.2 bx=121.7 bh=31.5 bh2=31.5 bg=26.2 h0=15.7 h=15.7 h2=15.7
v5_arena rows=33466 cfgs=157 cells=474850 total_mib=440.6 bx=189.6 bh=49.0 bh2=49.0 bg=40.9 h0=24.5 h=24.5 h2=24.5
v5_arena rows=7838 cfgs=2110 cells=158222 total_mib=107.0 bx=44.4 bh=11.5 bh2=11.5 bg=9.6 h0=5.7 h=5.7 h2=5.7
v5_arena rows=23321 cfgs=3265 cells=397265 total_mib=314.4 bx=132.1 bh=34.2 bh2=34.2 bg=28.5 h0=17.1 h=17.1 h2=17.1
v5_arena rows=15865 cfgs=2596 cells=289518 total_mib=214.5 bx=89.9 bh=23.2 bh2=23.2 bg=19.4 h0=11.6 h=11.6 h2=11.6
v5_arena rows=18470 cfgs=301 cells=234810 total_mib=245.8 bx=104.6 bh=27.1 bh2=27.1 bg=22.5 h0=13.5 h=13.5 h2=13.5
v5_arena rows=13654 cfgs=4353 cells=245048 total_mib=186.3 bx=77.3 bh=20.0 bh2=20.0 bg=16.7 h0=10.0 h=10.0 h2=10.0
v5_arena rows=43793 cfgs=13473 cells=842984 total_mib=598.2 bx=248.1 bh=64.1 bh2=64.1 bg=53.6 h0=32.1 h=32.1 h2=32.1
v5_arena rows=12152 cfgs=4212 cells=254661 total_mib=167.5 bx=68.8 bh=17.8 bh2=17.8 bg=14.9 h0=8.9 h=8.9 h2=8.9
v5_arena rows=127334 cfgs=680 cells=1993453 total_mib=1694.2 bx=721.3 bh=186.5 bh2=186.5 bg=155.4 h0=93.3 h=93.3 h2=93.3
v5_arena rows=13651 cfgs=4534 cells=301150 total_mib=188.3 bx=77.3 bh=20.0 bh2=20.0 bg=16.7 h0=10.0 h=10.0 h2=10.0
v5_arena rows=22003 cfgs=306 cells=399910 total_mib=294.5 bx=124.6 bh=32.2 bh2=32.2 bg=26.9 h0=16.1 h=16.1 h2=16.1
v5_arena rows=15246 cfgs=2406 cells=290005 total_mib=207.3 bx=86.4 bh=22.3 bh2=22.3 bg=18.6 h0=11.2 h=11.2 h2=11.2
v5_arena rows=22366 cfgs=3401 cells=404700 total_mib=301.4 bx=126.7 bh=32.8 bh2=32.8 bg=27.3 h0=16.4 h=16.4 h2=16.4
v5_arena rows=26223 cfgs=4699 cells=524151 total_mib=357.1 bx=148.5 bh=38.4 bh2=38.4 bg=32.0 h0=19.2 h=19.2 h2=19.2
v5_arena rows=30484 cfgs=463 cells=515497 total_mib=405.8 bx=172.7 bh=44.7 bh2=44.7 bg=37.2 h0=22.3 h=22.3 h2=22.3
v5_arena rows=14455 cfgs=3895 cells=260950 total_mib=196.0 bx=81.9 bh=21.2 bh2=21.2 bg=17.7 h0=10.6 h=10.6 h2=10.6
v5_arena rows=14112 cfgs=4812 cells=279891 total_mib=193.6 bx=79.9 bh=20.7 bh2=20.7 bg=17.3 h0=10.3 h=10.3 h2=10.3
v5_arena rows=21306 cfgs=3908 cells=340741 total_mib=287.6 bx=120.7 bh=31.2 bh2=31.2 bg=26.0 h0=15.6 h=15.6 h2=15.6
v5_arena rows=4321 cfgs=1273 cells=80298 total_mib=59.0 bx=24.5 bh=6.3 bh2=6.3 bg=5.3 h0=3.2 h=3.2 h2=3.2
v5_arena rows=81471 cfgs=12027 cells=1425831 total_mib=1097.2 bx=461.5 bh=119.3 bh2=119.3 bg=99.5 h0=59.7 h=59.7 h2=59.7
v5_arena rows=32117 cfgs=4159 cells=509310 total_mib=430.0 bx=181.9 bh=47.0 bh2=47.0 bg=39.2 h0=23.5 h=23.5 h2=23.5
v5_arena rows=8769 cfgs=2767 cells=161681 total_mib=119.9 bx=49.7 bh=12.8 bh2=12.8 bg=10.7 h0=6.4 h=6.4 h2=6.4
v5_arena rows=16123 cfgs=2525 cells=236789 total_mib=216.3 bx=91.3 bh=23.6 bh2=23.6 bg=19.7 h0=11.8 h=11.8 h2=11.8
v5_arena rows=25469 cfgs=7049 cells=415008 total_mib=344.2 bx=144.3 bh=37.3 bh2=37.3 bg=31.1 h0=18.7 h=18.7 h2=18.7
v5_arena rows=10485 cfgs=323 cells=186877 total_mib=140.1 bx=59.4 bh=15.4 bh2=15.4 bg=12.8 h0=7.7 h=7.7 h2=7.7
v5_arena rows=4633 cfgs=146 cells=51903 total_mib=60.7 bx=26.2 bh=6.8 bh2=6.8 bg=5.7 h0=3.4 h=3.4 h2=3.4
v5_arena rows=12742 cfgs=3782 cells=239700 total_mib=173.9 bx=72.2 bh=18.7 bh2=18.7 bg=15.6 h0=9.3 h=9.3 h2=9.3
v5_arena rows=17609 cfgs=5963 cells=345065 total_mib=241.7 bx=99.8 bh=25.8 bh2=25.8 bg=21.5 h0=12.9 h=12.9 h2=12.9
v5_arena rows=71069 cfgs=187 cells=1406444 total_mib=954.2 bx=402.6 bh=104.1 bh2=104.1 bg=86.8 h0=52.1 h=52.1 h2=52.1
v5_arena rows=3132 cfgs=196 cells=102798 total_mib=43.4 bx=17.7 bh=4.6 bh2=4.6 bg=3.8 h0=2.3 h=2.3 h2=2.3
v5_arena rows=40062 cfgs=125 cells=629438 total_mib=529.2 bx=226.9 bh=58.7 bh2=58.7 bg=48.9 h0=29.3 h=29.3 h2=29.3
v5_arena rows=19890 cfgs=2743 cells=376021 total_mib=268.9 bx=112.7 bh=29.1 bh2=29.1 bg=24.3 h0=14.6 h=14.6 h2=14.6
v5_arena rows=30050 cfgs=168 cells=374736 total_mib=397.0 bx=170.2 bh=44.0 bh2=44.0 bg=36.7 h0=22.0 h=22.0 h2=22.0
v5_arena rows=29316 cfgs=163 cells=487805 total_mib=388.9 bx=166.1 bh=42.9 bh2=42.9 bg=35.8 h0=21.5 h=21.5 h2=21.5
v5_arena rows=25200 cfgs=3461 cells=483200 total_mib=340.5 bx=142.8 bh=36.9 bh2=36.9 bg=30.8 h0=18.5 h=18.5 h2=18.5
v5_arena rows=28619 cfgs=122 cells=111230 total_mib=372.2 bx=162.1 bh=41.9 bh2=41.9 bg=34.9 h0=21.0 h=21.0 h2=21.0
v5_arena rows=16136 cfgs=4440 cells=308169 total_mib=219.3 bx=91.4 bh=23.6 bh2=23.6 bg=19.7 h0=11.8 h=11.8 h2=11.8
v5_arena rows=56374 cfgs=155 cells=548410 total_mib=737.6 bx=319.3 bh=82.6 bh2=82.6 bg=68.8 h0=41.3 h=41.3 h2=41.3
v5_arena rows=22079 cfgs=2733 cells=356456 total_mib=295.2 bx=125.1 bh=32.3 bh2=32.3 bg=27.0 h0=16.2 h=16.2 h2=16.2
v5_arena rows=10630 cfgs=2972 cells=170653 total_mib=143.7 bx=60.2 bh=15.6 bh2=15.6 bg=13.0 h0=7.8 h=7.8 h2=7.8
v5_arena rows=18185 cfgs=3047 cells=396339 total_mib=247.5 bx=103.0 bh=26.6 bh2=26.6 bg=22.2 h0=13.3 h=13.3 h2=13.3
v5_arena rows=12864 cfgs=2021 cells=219123 total_mib=173.7 bx=72.9 bh=18.8 bh2=18.8 bg=15.7 h0=9.4 h=9.4 h2=9.4
v5_arena rows=4677 cfgs=84 cells=29164 total_mib=60.4 bx=26.5 bh=6.9 bh2=6.9 bg=5.7 h0=3.4 h=3.4 h2=3.4
v5_arena rows=10509 cfgs=3445 cells=224436 total_mib=144.8 bx=59.5 bh=15.4 bh2=15.4 bg=12.9 h0=7.7 h=7.7 h2=7.7
v5_arena rows=8426 cfgs=332 cells=110877 total_mib=111.4 bx=47.7 bh=12.3 bh2=12.3 bg=10.3 h0=6.2 h=6.2 h2=6.2
v5_arena rows=20270 cfgs=4579 cells=282555 total_mib=270.4 bx=114.8 bh=29.7 bh2=29.7 bg=24.8 h0=14.8 h=14.8 h2=14.8
v5_arena rows=3526 cfgs=128 cells=59172 total_mib=46.8 bx=20.0 bh=5.2 bh2=5.2 bg=4.3 h0=2.6 h=2.6 h2=2.6
v5_arena rows=26071 cfgs=172 cells=321449 total_mib=350.4 bx=147.7 bh=38.2 bh2=38.2 bg=31.8 h0=19.1 h=19.1 h2=19.1
v5_arena rows=22010 cfgs=177 cells=266147 total_mib=293.3 bx=124.7 bh=32.2 bh2=32.2 bg=26.9 h0=16.1 h=16.1 h2=16.1
v5_arena rows=23669 cfgs=3178 cells=412296 total_mib=318.1 bx=134.1 bh=34.7 bh2=34.7 bg=28.9 h0=17.3 h=17.3 h2=17.3
v5_arena rows=10256 cfgs=340 cells=140336 total_mib=137.3 bx=58.1 bh=15.0 bh2=15.0 bg=12.5 h0=7.5 h=7.5 h2=7.5
v5_arena rows=20786 cfgs=2651 cells=350837 total_mib=278.6 bx=117.7 bh=30.4 bh2=30.4 bg=25.4 h0=15.2 h=15.2 h2=15.2
v5_arena rows=25380 cfgs=187 cells=255275 total_mib=337.1 bx=143.8 bh=37.2 bh2=37.2 bg=31.0 h0=18.6 h=18.6 h2=18.6
v5_arena rows=21251 cfgs=2661 cells=278373 total_mib=281.8 bx=120.4 bh=31.1 bh2=31.1 bg=26.0 h0=15.6 h=15.6 h2=15.6
v5_arena rows=16205 cfgs=4759 cells=326018 total_mib=221.2 bx=91.8 bh=23.7 bh2=23.7 bg=19.8 h0=11.9 h=11.9 h2=11.9
v5_arena rows=20163 cfgs=204 cells=170984 total_mib=260.9 bx=114.2 bh=29.5 bh2=29.5 bg=24.6 h0=14.8 h=14.8 h2=14.8
v5_arena rows=13477 cfgs=3823 cells=233923 total_mib=182.1 bx=76.3 bh=19.7 bh2=19.7 bg=16.5 h0=9.9 h=9.9 h2=9.9
v5_arena rows=14095 cfgs=3097 cells=191807 total_mib=188.0 bx=79.8 bh=20.6 bh2=20.6 bg=17.2 h0=10.3 h=10.3 h2=10.3
v5_arena rows=19884 cfgs=2725 cells=299390 total_mib=265.2 bx=112.6 bh=29.1 bh2=29.1 bg=24.3 h0=14.6 h=14.6 h2=14.6
v5_arena rows=21863 cfgs=2476 cells=304298 total_mib=289.1 bx=123.9 bh=32.0 bh2=32.0 bg=26.7 h0=16.0 h=16.0 h2=16.0
v5_arena rows=3441 cfgs=153 cells=123110 total_mib=47.6 bx=19.5 bh=5.0 bh2=5.0 bg=4.2 h0=2.5 h=2.5 h2=2.5
v5_arena rows=19777 cfgs=4452 cells=277173 total_mib=264.4 bx=112.0 bh=29.0 bh2=29.0 bg=24.2 h0=14.5 h=14.5 h2=14.5
v5_arena rows=16048 cfgs=4621 cells=266749 total_mib=217.2 bx=90.9 bh=23.5 bh2=23.5 bg=19.6 h0=11.8 h=11.8 h2=11.8
v5_arena rows=21742 cfgs=2315 cells=337479 total_mib=290.1 bx=123.2 bh=31.8 bh2=31.8 bg=26.6 h0=15.9 h=15.9 h2=15.9
v5_arena rows=25230 cfgs=3162 cells=431851 total_mib=339.2 bx=142.9 bh=37.0 bh2=37.0 bg=30.8 h0=18.5 h=18.5 h2=18.5
v5_arena rows=22148 cfgs=198 cells=594345 total_mib=303.2 bx=125.5 bh=32.4 bh2=32.4 bg=27.0 h0=16.2 h=16.2 h2=16.2
v5_arena rows=15137 cfgs=4246 cells=263100 total_mib=204.7 bx=85.7 bh=22.2 bh2=22.2 bg=18.5 h0=11.1 h=11.1 h2=11.1
v5_arena rows=32655 cfgs=3569 cells=492385 total_mib=433.3 bx=185.0 bh=47.8 bh2=47.8 bg=39.9 h0=23.9 h=23.9 h2=23.9
v5_arena rows=24382 cfgs=534 cells=324898 total_mib=319.3 bx=138.1 bh=35.7 bh2=35.7 bg=29.8 h0=17.9 h=17.9 h2=17.9
v5_arena rows=17203 cfgs=4211 cells=277536 total_mib=231.4 bx=97.5 bh=25.2 bh2=25.2 bg=21.0 h0=12.6 h=12.6 h2=12.6
v5_arena rows=14466 cfgs=3597 cells=217483 total_mib=193.8 bx=81.9 bh=21.2 bh2=21.2 bg=17.7 h0=10.6 h=10.6 h2=10.6
v5_arena rows=32457 cfgs=174 cells=473497 total_mib=428.9 bx=183.9 bh=47.5 bh2=47.5 bg=39.6 h0=23.8 h=23.8 h2=23.8
v5_arena rows=20158 cfgs=4838 cells=349507 total_mib=270.9 bx=114.2 bh=29.5 bh2=29.5 bg=24.7 h0=14.8 h=14.8 h2=14.8
v5_arena rows=15337 cfgs=3332 cells=196678 total_mib=204.3 bx=86.9 bh=22.5 bh2=22.5 bg=18.8 h0=11.2 h=11.2 h2=11.2
v5_arena rows=11742 cfgs=3450 cells=208525 total_mib=159.6 bx=66.5 bh=17.2 bh2=17.2 bg=14.4 h0=8.6 h=8.6 h2=8.6
v5_arena rows=31806 cfgs=3498 cells=607033 total_mib=426.8 bx=180.2 bh=46.6 bh2=46.6 bg=38.9 h0=23.3 h=23.3 h2=23.3
v5_arena rows=19527 cfgs=2251 cells=316547 total_mib=260.2 bx=110.6 bh=28.6 bh2=28.6 bg=23.9 h0=14.3 h=14.3 h2=14.3
v5_arena rows=9818 cfgs=222 cells=93595 total_mib=128.2 bx=55.6 bh=14.4 bh2=14.4 bg=12.0 h0=7.2 h=7.2 h2=7.2
v5_arena rows=25958 cfgs=3724 cells=394801 total_mib=348.1 bx=147.0 bh=38.0 bh2=38.0 bg=31.7 h0=19.0 h=19.0 h2=19.0
v5_arena rows=25598 cfgs=351 cells=167591 total_mib=341.3 bx=145.0 bh=37.5 bh2=37.5 bg=31.2 h0=18.7 h=18.7 h2=18.7
v5_arena rows=6324 cfgs=77 cells=37990 total_mib=81.2 bx=35.8 bh=9.3 bh2=9.3 bg=7.7 h0=4.6 h=4.6 h2=4.6
v5_arena rows=17520 cfgs=1957 cells=189417 total_mib=230.6 bx=99.2 bh=25.7 bh2=25.7 bg=21.4 h0=12.8 h=12.8 h2=12.8
v5_arena rows=21632 cfgs=2257 cells=253597 total_mib=284.9 bx=122.5 bh=31.7 bh2=31.7 bg=26.4 h0=15.8 h=15.8 h2=15.8
v5_arena rows=16937 cfgs=1871 cells=252545 total_mib=226.0 bx=95.9 bh=24.8 bh2=24.8 bg=20.7 h0=12.4 h=12.4 h2=12.4
v5_arena rows=23586 cfgs=3754 cells=366914 total_mib=315.5 bx=133.6 bh=34.5 bh2=34.5 bg=28.8 h0=17.3 h=17.3 h2=17.3
v5_arena rows=3855 cfgs=137 cells=36939 total_mib=50.0 bx=21.8 bh=5.6 bh2=5.6 bg=4.7 h0=2.8 h=2.8 h2=2.8
v5_arena rows=3662 cfgs=80 cells=28405 total_mib=47.2 bx=20.7 bh=5.4 bh2=5.4 bg=4.5 h0=2.7 h=2.7 h2=2.7
v5_arena rows=9701 cfgs=2456 cells=151019 total_mib=130.9 bx=55.0 bh=14.2 bh2=14.2 bg=11.9 h0=7.1 h=7.1 h2=7.1
v5_arena rows=11917 cfgs=2907 cells=199089 total_mib=160.4 bx=67.5 bh=17.5 bh2=17.5 bg=14.6 h0=8.7 h=8.7 h2=8.7
v5_arena rows=12841 cfgs=3107 cells=271074 total_mib=173.9 bx=72.7 bh=18.8 bh2=18.8 bg=15.7 h0=9.4 h=9.4 h2=9.4
v5_arena rows=76274 cfgs=781 cells=661481 total_mib=991.8 bx=432.1 bh=111.7 bh2=111.7 bg=93.1 h0=55.9 h=55.9 h2=55.9
v5_arena rows=41058 cfgs=123 cells=404026 total_mib=537.7 bx=232.6 bh=60.1 bh2=60.1 bg=50.1 h0=30.1 h=30.1 h2=30.1
v5_arena rows=13696 cfgs=2719 cells=186589 total_mib=182.3 bx=77.6 bh=20.1 bh2=20.1 bg=16.7 h0=10.0 h=10.0 h2=10.0
v5_arena rows=33268 cfgs=157 cells=394492 total_mib=438.4 bx=188.5 bh=48.7 bh2=48.7 bg=40.6 h0=24.4 h=24.4 h2=24.4
v5_arena rows=21830 cfgs=176 cells=272905 total_mib=291.4 bx=123.7 bh=32.0 bh2=32.0 bg=26.6 h0=16.0 h=16.0 h2=16.0
v5_arena rows=15414 cfgs=3278 cells=227501 total_mib=206.0 bx=87.3 bh=22.6 bh2=22.6 bg=18.9 h0=11.3 h=11.3 h2=11.3
v5_arena rows=17069 cfgs=3969 cells=220973 total_mib=227.6 bx=96.7 bh=25.0 bh2=25.0 bg=20.9 h0=12.5 h=12.5 h2=12.5
v5_arena rows=33751 cfgs=3446 cells=393085 total_mib=444.6 bx=191.2 bh=49.4 bh2=49.4 bg=41.2 h0=24.7 h=24.7 h2=24.7
v5_arena rows=17166 cfgs=3206 cells=198740 total_mib=226.6 bx=97.2 bh=25.1 bh2=25.1 bg=21.0 h0=12.6 h=12.6 h2=12.6
v5_arena rows=21886 cfgs=4292 cells=278174 total_mib=289.7 bx=124.0 bh=32.1 bh2=32.1 bg=26.8 h0=16.0 h=16.0 h2=16.0
v5_arena rows=12532 cfgs=68 cells=67427 total_mib=162.0 bx=71.0 bh=18.4 bh2=18.4 bg=15.3 h0=9.2 h=9.2 h2=9.2
v5_arena rows=19699 cfgs=2017 cells=199659 total_mib=257.8 bx=111.6 bh=28.9 bh2=28.9 bg=24.1 h0=14.4 h=14.4 h2=14.4
v5_arena rows=30613 cfgs=2928 cells=417545 total_mib=404.5 bx=173.4 bh=44.8 bh2=44.8 bg=37.4 h0=22.4 h=22.4 h2=22.4
v5_arena rows=5065 cfgs=70 cells=34740 total_mib=65.0 bx=28.7 bh=7.4 bh2=7.4 bg=6.2 h0=3.7 h=3.7 h2=3.7
v5_arena rows=22093 cfgs=2105 cells=319265 total_mib=291.7 bx=125.2 bh=32.4 bh2=32.4 bg=27.0 h0=16.2 h=16.2 h2=16.2
v5_arena rows=13259 cfgs=3452 cells=239539 total_mib=178.7 bx=75.1 bh=19.4 bh2=19.4 bg=16.2 h0=9.7 h=9.7 h2=9.7
v5_arena rows=16248 cfgs=3551 cells=234970 total_mib=217.4 bx=92.0 bh=23.8 bh2=23.8 bg=19.9 h0=11.9 h=11.9 h2=11.9
v5_arena rows=39347 cfgs=3970 cells=521727 total_mib=520.2 bx=222.9 bh=57.6 bh2=57.6 bg=48.1 h0=28.8 h=28.8 h2=28.8
v5_arena rows=17562 cfgs=3618 cells=233076 total_mib=233.5 bx=99.5 bh=25.7 bh2=25.7 bg=21.5 h0=12.9 h=12.9 h2=12.9
v5_arena rows=24856 cfgs=3058 cells=288937 total_mib=328.7 bx=140.8 bh=36.4 bh2=36.4 bg=30.4 h0=18.2 h=18.2 h2=18.2
v5_arena rows=13848 cfgs=1540 cells=196693 total_mib=182.8 bx=78.4 bh=20.3 bh2=20.3 bg=16.9 h0=10.1 h=10.1 h2=10.1
v5_arena rows=37346 cfgs=3709 cells=523472 total_mib=493.7 bx=211.6 bh=54.7 bh2=54.7 bg=45.6 h0=27.4 h=27.4 h2=27.4
v5_arena rows=16504 cfgs=3796 cells=294551 total_mib=222.0 bx=93.5 bh=24.2 bh2=24.2 bg=20.2 h0=12.1 h=12.1 h2=12.1
v5_arena rows=15294 cfgs=1663 cells=220766 total_mib=202.9 bx=86.6 bh=22.4 bh2=22.4 bg=18.7 h0=11.2 h=11.2 h2=11.2
v5_arena rows=18495 cfgs=3641 cells=234233 total_mib=244.7 bx=104.8 bh=27.1 bh2=27.1 bg=22.6 h0=13.5 h=13.5 h2=13.5
v5_arena rows=32008 cfgs=2765 cells=447928 total_mib=421.8 bx=181.3 bh=46.9 bh2=46.9 bg=39.1 h0=23.4 h=23.4 h2=23.4
v5_arena rows=24568 cfgs=2550 cells=269242 total_mib=323.8 bx=139.2 bh=36.0 bh2=36.0 bg=30.0 h0=18.0 h=18.0 h2=18.0
v5_arena rows=56952 cfgs=78 cells=411618 total_mib=731.9 bx=322.6 bh=83.4 bh2=83.4 bg=69.5 h0=41.7 h=41.7 h2=41.7
v5_arena rows=28206 cfgs=2613 cells=348983 total_mib=372.2 bx=159.8 bh=41.3 bh2=41.3 bg=34.5 h0=20.7 h=20.7 h2=20.7
v5_arena rows=13187 cfgs=2607 cells=164156 total_mib=174.8 bx=74.7 bh=19.3 bh2=19.3 bg=16.1 h0=9.7 h=9.7 h2=9.7
v5_arena rows=8936 cfgs=261 cells=125036 total_mib=117.8 bx=50.6 bh=13.1 bh2=13.1 bg=10.9 h0=6.5 h=6.5 h2=6.5
v5_arena rows=10432 cfgs=2061 cells=162410 total_mib=139.1 bx=59.1 bh=15.3 bh2=15.3 bg=12.8 h0=7.6 h=7.6 h2=7.6
v5_arena rows=3193 cfgs=82 cells=19809 total_mib=41.1 bx=18.1 bh=4.7 bh2=4.7 bg=3.9 h0=2.3 h=2.3 h2=2.3
v5_arena rows=13348 cfgs=2799 cells=222360 total_mib=178.4 bx=75.6 bh=19.6 bh2=19.6 bg=16.3 h0=9.8 h=9.8 h2=9.8
v5_arena rows=13130 cfgs=2872 cells=188919 total_mib=176.0 bx=74.4 bh=19.2 bh2=19.2 bg=16.1 h0=9.6 h=9.6 h2=9.6
v5_arena rows=3481 cfgs=82 cells=21390 total_mib=44.9 bx=19.7 bh=5.1 bh2=5.1 bg=4.3 h0=2.5 h=2.5 h2=2.5
v5_arena rows=16370 cfgs=1749 cells=185680 total_mib=216.3 bx=92.7 bh=24.0 bh2=24.0 bg=20.0 h0=12.0 h=12.0 h2=12.0
v5_arena rows=14151 cfgs=1446 cells=160168 total_mib=186.9 bx=80.2 bh=20.7 bh2=20.7 bg=17.3 h0=10.4 h=10.4 h2=10.4
v5_arena rows=14841 cfgs=289 cells=89991 total_mib=191.9 bx=84.1 bh=21.7 bh2=21.7 bg=18.1 h0=10.9 h=10.9 h2=10.9
v5_arena rows=20327 cfgs=4745 cells=311679 total_mib=271.9 bx=115.1 bh=29.8 bh2=29.8 bg=24.9 h0=14.9 h=14.9 h2=14.9
v5_arena rows=34425 cfgs=82 cells=277455 total_mib=443.8 bx=195.0 bh=50.4 bh2=50.4 bg=42.0 h0=25.2 h=25.2 h2=25.2
v5_arena rows=7980 cfgs=135 cells=45991 total_mib=102.3 bx=45.2 bh=11.7 bh2=11.7 bg=9.7 h0=5.8 h=5.8 h2=5.8
v5_arena rows=16524 cfgs=67 cells=112690 total_mib=212.1 bx=93.6 bh=24.2 bh2=24.2 bg=20.2 h0=12.1 h=12.1 h2=12.1
v5_arena rows=3670 cfgs=157 cells=57151 total_mib=48.8 bx=20.8 bh=5.4 bh2=5.4 bg=4.5 h0=2.7 h=2.7 h2=2.7
v5_arena rows=16273 cfgs=3483 cells=191690 total_mib=216.1 bx=92.2 bh=23.8 bh2=23.8 bg=19.9 h0=11.9 h=11.9 h2=11.9
v5_arena rows=36026 cfgs=226 cells=195295 total_mib=470.7 bx=204.1 bh=52.8 bh2=52.8 bg=44.0 h0=26.4 h=26.4 h2=26.4
v5_arena rows=17298 cfgs=109 cells=96742 total_mib=221.3 bx=98.0 bh=25.3 bh2=25.3 bg=21.1 h0=12.7 h=12.7 h2=12.7
v5_arena rows=20214 cfgs=4093 cells=258198 total_mib=267.6 bx=114.5 bh=29.6 bh2=29.6 bg=24.7 h0=14.8 h=14.8 h2=14.8
v5_arena rows=21640 cfgs=313 cells=142485 total_mib=281.7 bx=122.6 bh=31.7 bh2=31.7 bg=26.4 h0=15.8 h=15.8 h2=15.8
v5_arena rows=21894 cfgs=4649 cells=321404 total_mib=291.5 bx=124.0 bh=32.1 bh2=32.1 bg=26.8 h0=16.0 h=16.0 h2=16.0
v5_arena rows=33395 cfgs=88 cells=180628 total_mib=426.6 bx=189.2 bh=48.9 bh2=48.9 bg=40.8 h0=24.5 h=24.5 h2=24.5
v5_arena rows=37872 cfgs=4213 cells=607879 total_mib=505.2 bx=214.5 bh=55.5 bh2=55.5 bg=46.3 h0=27.7 h=27.7 h2=27.7
v5_arena rows=31973 cfgs=6258 cells=395528 total_mib=423.2 bx=181.1 bh=46.8 bh2=46.8 bg=39.1 h0=23.4 h=23.4 h2=23.4
v5_arena rows=16801 cfgs=3919 cells=295216 total_mib=225.5 bx=95.2 bh=24.6 bh2=24.6 bg=20.5 h0=12.3 h=12.3 h2=12.3
v5_arena rows=15572 cfgs=1587 cells=240802 total_mib=206.8 bx=88.2 bh=22.8 bh2=22.8 bg=19.0 h0=11.4 h=11.4 h2=11.4
v5_arena rows=68045 cfgs=5873 cells=781257 total_mib=894.4 bx=385.5 bh=99.7 bh2=99.7 bg=83.1 h0=49.8 h=49.8 h2=49.8
v5_arena rows=20120 cfgs=1745 cells=228659 total_mib=264.7 bx=114.0 bh=29.5 bh2=29.5 bg=24.6 h0=14.7 h=14.7 h2=14.7
v5_arena rows=28844 cfgs=3047 cells=417148 total_mib=381.6 bx=163.4 bh=42.3 bh2=42.3 bg=35.2 h0=21.1 h=21.1 h2=21.1
v5_arena rows=20037 cfgs=2548 cells=411900 total_mib=270.0 bx=113.5 bh=29.4 bh2=29.4 bg=24.5 h0=14.7 h=14.7 h2=14.7
v5_arena rows=32172 cfgs=2980 cells=460045 total_mib=425.7 bx=182.2 bh=47.1 bh2=47.1 bg=39.3 h0=23.6 h=23.6 h2=23.6
v5_arena rows=14798 cfgs=3016 cells=204127 total_mib=196.5 bx=83.8 bh=21.7 bh2=21.7 bg=18.1 h0=10.8 h=10.8 h2=10.8
v5_arena rows=37428 cfgs=86 cells=229213 total_mib=481.8 bx=212.0 bh=54.8 bh2=54.8 bg=45.7 h0=27.4 h=27.4 h2=27.4
v5_arena rows=9306 cfgs=1914 cells=115527 total_mib=123.3 bx=52.7 bh=13.6 bh2=13.6 bg=11.4 h0=6.8 h=6.8 h2=6.8
v5_arena rows=17525 cfgs=143 cells=78574 total_mib=224.7 bx=99.3 bh=25.7 bh2=25.7 bg=21.4 h0=12.8 h=12.8 h2=12.8
v5_arena rows=7294 cfgs=1582 cells=109088 total_mib=97.6 bx=41.3 bh=10.7 bh2=10.7 bg=8.9 h0=5.3 h=5.3 h2=5.3
v5_arena rows=25142 cfgs=2755 cells=387066 total_mib=333.4 bx=142.4 bh=36.8 bh2=36.8 bg=30.7 h0=18.4 h=18.4 h2=18.4
v5_arena rows=8240 cfgs=152 cells=51884 total_mib=105.9 bx=46.7 bh=12.1 bh2=12.1 bg=10.1 h0=6.0 h=6.0 h2=6.0
v5_arena rows=27772 cfgs=2712 cells=347527 total_mib=365.8 bx=157.3 bh=40.7 bh2=40.7 bg=33.9 h0=20.3 h=20.3 h2=20.3
v5_arena rows=7579 cfgs=176 cells=47548 total_mib=97.4 bx=42.9 bh=11.1 bh2=11.1 bg=9.3 h0=5.6 h=5.6 h2=5.6
v5_arena rows=8965 cfgs=156 cells=75618 total_mib=115.9 bx=50.8 bh=13.1 bh2=13.1 bg=10.9 h0=6.6 h=6.6 h2=6.6
v5_arena rows=26007 cfgs=2651 cells=289278 total_mib=341.6 bx=147.3 bh=38.1 bh2=38.1 bg=31.8 h0=19.0 h=19.0 h2=19.0
v5_arena rows=3568 cfgs=84 cells=22945 total_mib=45.9 bx=20.2 bh=5.2 bh2=5.2 bg=4.4 h0=2.6 h=2.6 h2=2.6
v5_arena rows=29608 cfgs=78 cells=150584 total_mib=380.0 bx=167.7 bh=43.4 bh2=43.4 bg=36.1 h0=21.7 h=21.7 h2=21.7
v5_arena rows=20688 cfgs=1989 cells=246247 total_mib=272.3 bx=117.2 bh=30.3 bh2=30.3 bg=25.3 h0=15.2 h=15.2 h2=15.2
v5_arena rows=15918 cfgs=3254 cells=216642 total_mib=210.9 bx=90.2 bh=23.3 bh2=23.3 bg=19.5 h0=11.7 h=11.7 h2=11.7
v5_arena rows=31713 cfgs=2205 cells=304796 total_mib=413.5 bx=179.6 bh=46.5 bh2=46.5 bg=38.7 h0=23.2 h=23.2 h2=23.2
v5_arena rows=23317 cfgs=3992 cells=252577 total_mib=306.5 bx=132.1 bh=34.2 bh2=34.2 bg=28.5 h0=17.1 h=17.1 h2=17.1
v5_arena rows=24181 cfgs=2330 cells=251384 total_mib=316.2 bx=137.0 bh=35.4 bh2=35.4 bg=29.5 h0=17.7 h=17.7 h2=17.7
v5_arena rows=19802 cfgs=3920 cells=261277 total_mib=263.1 bx=112.2 bh=29.0 bh2=29.0 bg=24.2 h0=14.5 h=14.5 h2=14.5
v5_arena rows=60310 cfgs=80 cells=322775 total_mib=775.0 bx=341.6 bh=88.3 bh2=88.3 bg=73.6 h0=44.2 h=44.2 h2=44.2
v5_arena rows=72496 cfgs=162 cells=298894 total_mib=935.0 bx=410.7 bh=106.2 bh2=106.2 bg=88.5 h0=53.1 h=53.1 h2=53.1
v5_arena rows=11244 cfgs=2657 cells=196984 total_mib=150.7 bx=63.7 bh=16.5 bh2=16.5 bg=13.8 h0=8.2 h=8.2 h2=8.2
v5_arena rows=13579 cfgs=1218 cells=192041 total_mib=178.8 bx=76.9 bh=19.9 bh2=19.9 bg=16.6 h0=9.9 h=9.9 h2=9.9
v5_arena rows=27189 cfgs=2243 cells=426121 total_mib=359.4 bx=154.0 bh=39.8 bh2=39.8 bg=33.2 h0=19.9 h=19.9 h2=19.9
v5_arena rows=17359 cfgs=3513 cells=238895 total_mib=230.6 bx=98.3 bh=25.4 bh2=25.4 bg=21.2 h0=12.7 h=12.7 h2=12.7
v5_arena rows=10427 cfgs=158 cells=63247 total_mib=134.0 bx=59.1 bh=15.3 bh2=15.3 bg=12.7 h0=7.6 h=7.6 h2=7.6
v5_arena rows=15811 cfgs=3430 cells=275813 total_mib=211.9 bx=89.6 bh=23.2 bh2=23.2 bg=19.3 h0=11.6 h=11.6 h2=11.6
v5_arena rows=30912 cfgs=2593 cells=281531 total_mib=405.7 bx=175.1 bh=45.3 bh2=45.3 bg=37.8 h0=22.6 h=22.6 h2=22.6
v5_arena rows=7991 cfgs=143 cells=58908 total_mib=102.9 bx=45.3 bh=11.7 bh2=11.7 bg=9.8 h0=5.9 h=5.9 h2=5.9
v5_arena rows=20369 cfgs=2184 cells=338918 total_mib=272.3 bx=115.4 bh=29.8 bh2=29.8 bg=24.9 h0=14.9 h=14.9 h2=14.9
v5_arena rows=21726 cfgs=4153 cells=287838 total_mib=287.6 bx=123.1 bh=31.8 bh2=31.8 bg=26.6 h0=15.9 h=15.9 h2=15.9
v5_arena rows=10927 cfgs=2558 cells=167862 total_mib=146.6 bx=61.9 bh=16.0 bh2=16.0 bg=13.4 h0=8.0 h=8.0 h2=8.0
v5_arena rows=29761 cfgs=59 cells=190005 total_mib=381.2 bx=168.6 bh=43.6 bh2=43.6 bg=36.3 h0=21.8 h=21.8 h2=21.8
v5_arena rows=3859 cfgs=160 cells=17723 total_mib=51.1 bx=21.9 bh=5.7 bh2=5.7 bg=4.7 h0=2.8 h=2.8 h2=2.8
v5_arena rows=14923 cfgs=3130 cells=226132 total_mib=198.4 bx=84.5 bh=21.9 bh2=21.9 bg=18.3 h0=10.9 h=10.9 h2=10.9
v5_arena rows=39049 cfgs=156 cells=334964 total_mib=513.3 bx=221.2 bh=57.2 bh2=57.2 bg=47.7 h0=28.6 h=28.6 h2=28.6
v5_arena rows=4515 cfgs=101 cells=31502 total_mib=58.0 bx=25.6 bh=6.6 bh2=6.6 bg=5.5 h0=3.3 h=3.3 h2=3.3
v5_arena rows=4733 cfgs=59 cells=21663 total_mib=60.6 bx=26.8 bh=6.9 bh2=6.9 bg=5.8 h0=3.5 h=3.5 h2=3.5
v5_arena rows=24533 cfgs=4572 cells=322480 total_mib=324.6 bx=139.0 bh=35.9 bh2=35.9 bg=30.0 h0=18.0 h=18.0 h2=18.0
v5_arena rows=6879 cfgs=161 cells=44656 total_mib=88.8 bx=39.0 bh=10.1 bh2=10.1 bg=8.4 h0=5.0 h=5.0 h2=5.0
v5_arena rows=20760 cfgs=4067 cells=273239 total_mib=275.1 bx=117.6 bh=30.4 bh2=30.4 bg=25.4 h0=15.2 h=15.2 h2=15.2
v5_arena rows=19989 cfgs=2091 cells=222865 total_mib=262.6 bx=113.2 bh=29.3 bh2=29.3 bg=24.4 h0=14.6 h=14.6 h2=14.6
v5_arena rows=28831 cfgs=2949 cells=302448 total_mib=378.5 bx=163.3 bh=42.2 bh2=42.2 bg=35.2 h0=21.1 h=21.1 h2=21.1
v5_arena rows=23720 cfgs=280 cells=841959 total_mib=327.1 bx=134.4 bh=34.7 bh2=34.7 bg=29.0 h0=17.4 h=17.4 h2=17.4
v5_arena rows=31269 cfgs=3070 cells=393084 total_mib=412.8 bx=177.1 bh=45.8 bh2=45.8 bg=38.2 h0=22.9 h=22.9 h2=22.9
v5_arena rows=32334 cfgs=3157 cells=380354 total_mib=424.4 bx=183.2 bh=47.4 bh2=47.4 bg=39.5 h0=23.7 h=23.7 h2=23.7
v5_arena rows=28032 cfgs=2299 cells=380909 total_mib=369.4 bx=158.8 bh=41.1 bh2=41.1 bg=34.2 h0=20.5 h=20.5 h2=20.5
v5_arena rows=11991 cfgs=317 cells=176118 total_mib=157.4 bx=67.9 bh=17.6 bh2=17.6 bg=14.6 h0=8.8 h=8.8 h2=8.8
v5_arena rows=22538 cfgs=4365 cells=290866 total_mib=298.3 bx=127.7 bh=33.0 bh2=33.0 bg=27.6 h0=16.5 h=16.5 h2=16.5
v5_arena rows=20947 cfgs=4157 cells=345412 total_mib=279.4 bx=118.7 bh=30.7 bh2=30.7 bg=25.6 h0=15.3 h=15.3 h2=15.3
v5_arena rows=21657 cfgs=2461 cells=250855 total_mib=286.4 bx=122.7 bh=31.7 bh2=31.7 bg=26.5 h0=15.9 h=15.9 h2=15.9
v5_arena rows=8609 cfgs=1788 cells=83608 total_mib=113.8 bx=48.8 bh=12.6 bh2=12.6 bg=10.5 h0=6.3 h=6.3 h2=6.3
v5_arena rows=14186 cfgs=3382 cells=236992 total_mib=190.7 bx=80.4 bh=20.8 bh2=20.8 bg=17.3 h0=10.4 h=10.4 h2=10.4
v5_arena rows=29885 cfgs=67 cells=148712 total_mib=383.8 bx=169.3 bh=43.8 bh2=43.8 bg=36.5 h0=21.9 h=21.9 h2=21.9
v5_arena rows=47882 cfgs=99 cells=189518 total_mib=613.1 bx=271.2 bh=70.1 bh2=70.1 bg=58.5 h0=35.1 h=35.1 h2=35.1
v5_arena rows=21571 cfgs=4388 cells=298493 total_mib=286.7 bx=122.2 bh=31.6 bh2=31.6 bg=26.4 h0=15.8 h=15.8 h2=15.8
v5_arena rows=5516 cfgs=98 cells=23364 total_mib=70.6 bx=31.2 bh=8.1 bh2=8.1 bg=6.7 h0=4.0 h=4.0 h2=4.0
v5_arena rows=16831 cfgs=3657 cells=193612 total_mib=222.8 bx=95.3 bh=24.7 bh2=24.7 bg=20.6 h0=12.3 h=12.3 h2=12.3
v5_arena rows=21210 cfgs=4525 cells=301222 total_mib=282.1 bx=120.2 bh=31.1 bh2=31.1 bg=25.9 h0=15.5 h=15.5 h2=15.5
v5_arena rows=28333 cfgs=2546 cells=326538 total_mib=372.2 bx=160.5 bh=41.5 bh2=41.5 bg=34.6 h0=20.8 h=20.8 h2=20.8
v5_arena rows=17219 cfgs=1994 cells=259477 total_mib=229.2 bx=97.5 bh=25.2 bh2=25.2 bg=21.0 h0=12.6 h=12.6 h2=12.6
v5_arena rows=29776 cfgs=3350 cells=425776 total_mib=394.1 bx=168.7 bh=43.6 bh2=43.6 bg=36.4 h0=21.8 h=21.8 h2=21.8
v5_arena rows=4411 cfgs=255 cells=110738 total_mib=60.3 bx=25.0 bh=6.5 bh2=6.5 bg=5.4 h0=3.2 h=3.2 h2=3.2
v5_arena rows=16227 cfgs=1751 cells=171457 total_mib=213.3 bx=91.9 bh=23.8 bh2=23.8 bg=19.8 h0=11.9 h=11.9 h2=11.9
v5_arena rows=18001 cfgs=183 cells=336439 total_mib=238.7 bx=102.0 bh=26.4 bh2=26.4 bg=22.0 h0=13.2 h=13.2 h2=13.2
v5_arena rows=11976 cfgs=277 cells=348234 total_mib=164.0 bx=67.8 bh=17.5 bh2=17.5 bg=14.6 h0=8.8 h=8.8 h2=8.8
v5_arena rows=16107 cfgs=3198 cells=251523 total_mib=214.2 bx=91.2 bh=23.6 bh2=23.6 bg=19.7 h0=11.8 h=11.8 h2=11.8
v5_arena rows=26529 cfgs=2401 cells=216950 total_mib=346.7 bx=150.3 bh=38.9 bh2=38.9 bg=32.4 h0=19.4 h=19.4 h2=19.4
v5_arena rows=4275 cfgs=84 cells=42360 total_mib=55.4 bx=24.2 bh=6.3 bh2=6.3 bg=5.2 h0=3.1 h=3.1 h2=3.1
v5_arena rows=13437 cfgs=246 cells=110718 total_mib=173.5 bx=76.1 bh=19.7 bh2=19.7 bg=16.4 h0=9.8 h=9.8 h2=9.8
v5_arena rows=15599 cfgs=3032 cells=198445 total_mib=206.9 bx=88.4 bh=22.9 bh2=22.9 bg=19.1 h0=11.4 h=11.4 h2=11.4
v5_arena rows=18251 cfgs=1647 cells=219284 total_mib=240.0 bx=103.4 bh=26.7 bh2=26.7 bg=22.3 h0=13.4 h=13.4 h2=13.4
v5_arena rows=39139 cfgs=179 cells=1736940 total_mib=549.5 bx=221.7 bh=57.3 bh2=57.3 bg=47.8 h0=28.7 h=28.7 h2=28.7
v5_arena rows=26261 cfgs=2158 cells=247945 total_mib=342.9 bx=148.8 bh=38.5 bh2=38.5 bg=32.1 h0=19.2 h=19.2 h2=19.2
v5_arena rows=3136 cfgs=162 cells=22152 total_mib=41.4 bx=17.8 bh=4.6 bh2=4.6 bg=3.8 h0=2.3 h=2.3 h2=2.3
v5_arena rows=18230 cfgs=3774 cells=227035 total_mib=241.7 bx=103.3 bh=26.7 bh2=26.7 bg=22.3 h0=13.4 h=13.4 h2=13.4
v5_arena rows=90021 cfgs=80 cells=478282 total_mib=1154.8 bx=510.0 bh=131.9 bh2=131.9 bg=109.9 h0=65.9 h=65.9 h2=65.9
v5_arena rows=22119 cfgs=2428 cells=286144 total_mib=292.3 bx=125.3 bh=32.4 bh2=32.4 bg=27.0 h0=16.2 h=16.2 h2=16.2
v5_arena rows=26741 cfgs=5392 cells=338651 total_mib=354.7 bx=151.5 bh=39.2 bh2=39.2 bg=32.7 h0=19.6 h=19.6 h2=19.6
v5_arena rows=28558 cfgs=303 cells=161415 total_mib=366.4 bx=161.8 bh=41.8 bh2=41.8 bg=34.9 h0=20.9 h=20.9 h2=20.9
v5_arena rows=76422 cfgs=77 cells=413864 total_mib=985.0 bx=432.9 bh=111.9 bh2=111.9 bg=93.3 h0=56.0 h=56.0 h2=56.0
v5_arena rows=20133 cfgs=1808 cells=332056 total_mib=267.2 bx=114.0 bh=29.5 bh2=29.5 bg=24.6 h0=14.7 h=14.7 h2=14.7
v5_arena rows=15231 cfgs=2765 cells=251590 total_mib=203.0 bx=86.3 bh=22.3 bh2=22.3 bg=18.6 h0=11.2 h=11.2 h2=11.2
v5_arena rows=15424 cfgs=2966 cells=218640 total_mib=205.1 bx=87.4 bh=22.6 bh2=22.6 bg=18.9 h0=11.3 h=11.3 h2=11.3
v5_arena rows=38373 cfgs=3627 cells=503000 total_mib=506.0 bx=217.4 bh=56.2 bh2=56.2 bg=46.9 h0=28.1 h=28.1 h2=28.1
v5_arena rows=21752 cfgs=2489 cells=392172 total_mib=290.8 bx=123.2 bh=31.9 bh2=31.9 bg=26.6 h0=15.9 h=15.9 h2=15.9
v5_arena rows=13818 cfgs=3168 cells=217164 total_mib=184.7 bx=78.3 bh=20.2 bh2=20.2 bg=16.9 h0=10.1 h=10.1 h2=10.1
v5_arena rows=16774 cfgs=3155 cells=259333 total_mib=223.3 bx=95.0 bh=24.6 bh2=24.6 bg=20.5 h0=12.3 h=12.3 h2=12.3
v5_arena rows=22126 cfgs=2033 cells=253756 total_mib=290.1 bx=125.3 bh=32.4 bh2=32.4 bg=27.0 h0=16.2 h=16.2 h2=16.2
v5_arena rows=69824 cfgs=248 cells=463953 total_mib=909.6 bx=395.5 bh=102.3 bh2=102.3 bg=85.2 h0=51.1 h=51.1 h2=51.1
v5_arena rows=25552 cfgs=314 cells=376416 total_mib=344.5 bx=144.7 bh=37.4 bh2=37.4 bg=31.2 h0=18.7 h=18.7 h2=18.7
v5_arena rows=27867 cfgs=3358 cells=437751 total_mib=371.1 bx=157.9 bh=40.8 bh2=40.8 bg=34.0 h0=20.4 h=20.4 h2=20.4
v5_arena rows=15858 cfgs=2588 cells=151523 total_mib=208.3 bx=89.8 bh=23.2 bh2=23.2 bg=19.4 h0=11.6 h=11.6 h2=11.6
v5_arena rows=11439 cfgs=80 cells=117849 total_mib=148.4 bx=64.8 bh=16.8 bh2=16.8 bg=14.0 h0=8.4 h=8.4 h2=8.4
v5_arena rows=4615 cfgs=78 cells=29781 total_mib=59.4 bx=26.1 bh=6.8 bh2=6.8 bg=5.6 h0=3.4 h=3.4 h2=3.4
v5_arena rows=16929 cfgs=195 cells=291416 total_mib=229.5 bx=95.9 bh=24.8 bh2=24.8 bg=20.7 h0=12.4 h=12.4 h2=12.4
v5_arena rows=17384 cfgs=298 cells=432167 total_mib=233.8 bx=98.5 bh=25.5 bh2=25.5 bg=21.2 h0=12.7 h=12.7 h2=12.7
v5_arena rows=17258 cfgs=3500 cells=281017 total_mib=230.2 bx=97.8 bh=25.3 bh2=25.3 bg=21.1 h0=12.6 h=12.6 h2=12.6
v5_arena rows=27406 cfgs=67 cells=134462 total_mib=350.9 bx=155.3 bh=40.1 bh2=40.1 bg=33.5 h0=20.1 h=20.1 h2=20.1
v5_arena rows=21337 cfgs=166 cells=174182 total_mib=280.9 bx=120.9 bh=31.3 bh2=31.3 bg=26.0 h0=15.6 h=15.6 h2=15.6
v5_arena rows=42848 cfgs=158 cells=234004 total_mib=565.1 bx=242.7 bh=62.8 bh2=62.8 bg=52.3 h0=31.4 h=31.4 h2=31.4
v5_arena rows=32160 cfgs=86 cells=144172 total_mib=411.3 bx=182.2 bh=47.1 bh2=47.1 bg=39.3 h0=23.6 h=23.6 h2=23.6
v5_arena rows=33108 cfgs=80 cells=162529 total_mib=424.7 bx=187.6 bh=48.5 bh2=48.5 bg=40.4 h0=24.2 h=24.2 h2=24.2
v5_arena rows=20827 cfgs=1797 cells=213812 total_mib=272.5 bx=118.0 bh=30.5 bh2=30.5 bg=25.4 h0=15.3 h=15.3 h2=15.3
v5_arena rows=19713 cfgs=2095 cells=204072 total_mib=258.2 bx=111.7 bh=28.9 bh2=28.9 bg=24.1 h0=14.4 h=14.4 h2=14.4
v5_arena rows=15809 cfgs=3759 cells=208927 total_mib=213.0 bx=89.6 bh=23.2 bh2=23.2 bg=19.3 h0=11.6 h=11.6 h2=11.6
v5_arena rows=24061 cfgs=2560 cells=291227 total_mib=317.4 bx=136.3 bh=35.2 bh2=35.2 bg=29.4 h0=17.6 h=17.6 h2=17.6
v5_arena rows=24941 cfgs=6348 cells=284769 total_mib=333.9 bx=141.3 bh=36.5 bh2=36.5 bg=30.5 h0=18.3 h=18.3 h2=18.3
v5_arena rows=3488 cfgs=67 cells=35714 total_mib=45.3 bx=19.8 bh=5.1 bh2=5.1 bg=4.3 h0=2.6 h=2.6 h2=2.6
v5_arena rows=10949 cfgs=2366 cells=144254 total_mib=145.4 bx=62.0 bh=16.0 bh2=16.0 bg=13.4 h0=8.0 h=8.0 h2=8.0
v5_arena rows=11046 cfgs=2113 cells=202820 total_mib=148.4 bx=62.6 bh=16.2 bh2=16.2 bg=13.5 h0=8.1 h=8.1 h2=8.1
v5_arena rows=12531 cfgs=1361 cells=177948 total_mib=165.4 bx=71.0 bh=18.4 bh2=18.4 bg=15.3 h0=9.2 h=9.2 h2=9.2
v5_arena rows=28825 cfgs=160 cells=703470 total_mib=388.4 bx=163.3 bh=42.2 bh2=42.2 bg=35.2 h0=21.1 h=21.1 h2=21.1
v5_arena rows=20956 cfgs=6284 cells=259924 total_mib=284.0 bx=118.7 bh=30.7 bh2=30.7 bg=25.6 h0=15.3 h=15.3 h2=15.3
v5_arena rows=3818 cfgs=92 cells=17050 total_mib=49.2 bx=21.6 bh=5.6 bh2=5.6 bg=4.7 h0=2.8 h=2.8 h2=2.8
v5_arena rows=16103 cfgs=3742 cells=276439 total_mib=216.4 bx=91.2 bh=23.6 bh2=23.6 bg=19.7 h0=11.8 h=11.8 h2=11.8
v5_arena rows=67604 cfgs=259 cells=372837 total_mib=883.7 bx=383.0 bh=99.0 bh2=99.0 bg=82.5 h0=49.5 h=49.5 h2=49.5
v5_arena rows=24875 cfgs=160 cells=248437 total_mib=328.2 bx=140.9 bh=36.4 bh2=36.4 bg=30.4 h0=18.2 h=18.2 h2=18.2
v5_arena rows=14584 cfgs=1585 cells=308560 total_mib=196.4 bx=82.6 bh=21.4 bh2=21.4 bg=17.8 h0=10.7 h=10.7 h2=10.7
v5_arena rows=13535 cfgs=2967 cells=199655 total_mib=180.6 bx=76.7 bh=19.8 bh2=19.8 bg=16.6 h0=9.9 h=9.9 h2=9.9
v5_arena rows=12984 cfgs=4024 cells=121530 total_mib=175.8 bx=73.6 bh=19.0 bh2=19.0 bg=15.9 h0=9.5 h=9.5 h2=9.5
v5_arena rows=28883 cfgs=698 cells=604840 total_mib=386.4 bx=163.6 bh=42.3 bh2=42.3 bg=35.3 h0=21.2 h=21.2 h2=21.2
v5_arena rows=14045 cfgs=3073 cells=230882 total_mib=188.1 bx=79.6 bh=20.6 bh2=20.6 bg=17.2 h0=10.3 h=10.3 h2=10.3
v5_arena rows=8350 cfgs=1880 cells=184863 total_mib=113.2 bx=47.3 bh=12.2 bh2=12.2 bg=10.2 h0=6.1 h=6.1 h2=6.1
v5_arena rows=13144 cfgs=1017 cells=156211 total_mib=172.9 bx=74.5 bh=19.3 bh2=19.3 bg=16.1 h0=9.6 h=9.6 h2=9.6
v5_arena rows=26302 cfgs=281 cells=154781 total_mib=347.0 bx=149.0 bh=38.5 bh2=38.5 bg=32.1 h0=19.3 h=19.3 h2=19.3
v5_arena rows=27302 cfgs=2934 cells=297409 total_mib=359.9 bx=154.7 bh=40.0 bh2=40.0 bg=33.4 h0=20.0 h=20.0 h2=20.0
v5_arena rows=42502 cfgs=6339 cells=501887 total_mib=572.4 bx=240.8 bh=62.3 bh2=62.3 bg=51.9 h0=31.1 h=31.1 h2=31.1
v5_arena rows=33156 cfgs=3032 cells=357078 total_mib=436.1 bx=187.8 bh=48.6 bh2=48.6 bg=40.5 h0=24.3 h=24.3 h2=24.3
v5_arena rows=24245 cfgs=2946 cells=267808 total_mib=320.9 bx=137.3 bh=35.5 bh2=35.5 bg=29.6 h0=17.8 h=17.8 h2=17.8
v5_arena rows=33241 cfgs=239 cells=316570 total_mib=437.3 bx=188.3 bh=48.7 bh2=48.7 bg=40.6 h0=24.3 h=24.3 h2=24.3
v5_arena rows=17406 cfgs=141 cells=398851 total_mib=233.9 bx=98.6 bh=25.5 bh2=25.5 bg=21.2 h0=12.7 h=12.7 h2=12.7
v5_arena rows=29494 cfgs=4595 cells=276215 total_mib=397.9 bx=167.1 bh=43.2 bh2=43.2 bg=36.0 h0=21.6 h=21.6 h2=21.6
v5_arena rows=18490 cfgs=4854 cells=195093 total_mib=247.4 bx=104.7 bh=27.1 bh2=27.1 bg=22.6 h0=13.5 h=13.5 h2=13.5
v5_arena rows=25639 cfgs=3522 cells=236390 total_mib=343.7 bx=145.2 bh=37.6 bh2=37.6 bg=31.3 h0=18.8 h=18.8 h2=18.8
v5_arena rows=15165 cfgs=3867 cells=172982 total_mib=203.6 bx=85.9 bh=22.2 bh2=22.2 bg=18.5 h0=11.1 h=11.1 h2=11.1
v5_arena rows=13984 cfgs=4657 cells=150752 total_mib=190.2 bx=79.2 bh=20.5 bh2=20.5 bg=17.1 h0=10.2 h=10.2 h2=10.2
v5_arena rows=4406 cfgs=652 cells=72965 total_mib=58.6 bx=25.0 bh=6.5 bh2=6.5 bg=5.4 h0=3.2 h=3.2 h2=3.2
v5_arena rows=3869 cfgs=807 cells=29976 total_mib=51.3 bx=21.9 bh=5.7 bh2=5.7 bg=4.7 h0=2.8 h=2.8 h2=2.8
v5_arena rows=17808 cfgs=3885 cells=235651 total_mib=238.1 bx=100.9 bh=26.1 bh2=26.1 bg=21.8 h0=13.0 h=13.0 h2=13.0
v5_arena rows=20941 cfgs=124 cells=158252 total_mib=269.2 bx=118.6 bh=30.7 bh2=30.7 bg=25.6 h0=15.3 h=15.3 h2=15.3
v5_arena rows=21184 cfgs=3303 cells=181693 total_mib=283.6 bx=120.0 bh=31.0 bh2=31.0 bg=25.9 h0=15.5 h=15.5 h2=15.5
v5_arena rows=24174 cfgs=3580 cells=446455 total_mib=325.3 bx=136.9 bh=35.4 bh2=35.4 bg=29.5 h0=17.7 h=17.7 h2=17.7
v5_arena rows=45100 cfgs=63 cells=299006 total_mib=578.2 bx=255.5 bh=66.1 bh2=66.1 bg=55.1 h0=33.0 h=33.0 h2=33.0
v5_arena rows=7165 cfgs=214 cells=112269 total_mib=94.3 bx=40.6 bh=10.5 bh2=10.5 bg=8.7 h0=5.2 h=5.2 h2=5.2
v5_arena rows=9773 cfgs=4381 cells=91277 total_mib=136.2 bx=55.4 bh=14.3 bh2=14.3 bg=12.0 h0=7.2 h=7.2 h2=7.2
v5_arena rows=25379 cfgs=2900 cells=376519 total_mib=340.1 bx=143.8 bh=37.2 bh2=37.2 bg=31.0 h0=18.6 h=18.6 h2=18.6
v5_arena rows=17758 cfgs=4156 cells=228784 total_mib=238.2 bx=100.6 bh=26.0 bh2=26.0 bg=21.7 h0=13.0 h=13.0 h2=13.0
v5_arena rows=9648 cfgs=4527 cells=163950 total_mib=147.6 bx=54.7 bh=14.1 bh2=14.1 carry=12.1 bg=11.8 h0=7.1 h=7.1
v5_arena rows=87274 cfgs=80 cells=514941 total_mib=1118.8 bx=494.4 bh=127.8 bh2=127.8 bg=106.5 h0=63.9 h=63.9 h2=63.9
v5_arena rows=10269 cfgs=845 cells=122877 total_mib=136.1 bx=58.2 bh=15.0 bh2=15.0 bg=12.5 h0=7.5 h=7.5 h2=7.5
v5_arena rows=31754 cfgs=6364 cells=330020 total_mib=432.4 bx=179.9 bh=46.5 bh2=46.5 bg=38.8 h0=23.3 h=23.3 h2=23.3
v5_arena rows=17247 cfgs=4542 cells=186236 total_mib=231.0 bx=97.7 bh=25.3 bh2=25.3 bg=21.1 h0=12.6 h=12.6 h2=12.6
v5_arena rows=24193 cfgs=3525 cells=259903 total_mib=325.1 bx=137.0 bh=35.4 bh2=35.4 bg=29.6 h0=17.7 h=17.7 h2=17.7
v5_arena rows=9639 cfgs=2850 cells=108195 total_mib=129.4 bx=54.6 bh=14.1 bh2=14.1 bg=11.8 h0=7.1 h=7.1 h2=7.1
v5_arena rows=55739 cfgs=80 cells=473877 total_mib=719.2 bx=315.8 bh=81.6 bh2=81.6 bg=68.0 h0=40.8 h=40.8 h2=40.8
v5_arena rows=2474 cfgs=790 cells=39924 total_mib=33.8 bx=14.0 bh=3.6 bh2=3.6 bg=3.0 h0=1.8 h=1.8 h2=1.8
v5_arena rows=21217 cfgs=72 cells=169952 total_mib=273.6 bx=120.2 bh=31.1 bh2=31.1 bg=25.9 h0=15.5 h=15.5 h2=15.5
v5_arena rows=20950 cfgs=6514 cells=201580 total_mib=285.0 bx=118.7 bh=30.7 bh2=30.7 bg=25.6 h0=15.3 h=15.3 h2=15.3
v5_arena rows=2528 cfgs=196 cells=24113 total_mib=32.8 bx=14.3 bh=3.7 bh2=3.7 bg=3.1 h0=1.9 h=1.9 h2=1.9
v5_arena rows=17007 cfgs=8150 cells=152208 total_mib=238.1 bx=96.3 bh=24.9 bh2=24.9 bg=20.8 h0=12.5 h=12.5 h2=12.5
v5_arena rows=16347 cfgs=5128 cells=200006 total_mib=221.5 bx=92.6 bh=23.9 bh2=23.9 bg=20.0 h0=12.0 h=12.0 h2=12.0
v5_arena rows=19292 cfgs=2492 cells=186571 total_mib=255.8 bx=109.3 bh=28.3 bh2=28.3 bg=23.6 h0=14.1 h=14.1 h2=14.1
v5_arena rows=31121 cfgs=196 cells=1090700 total_mib=430.4 bx=176.3 bh=45.6 bh2=45.6 bg=38.0 h0=22.8 h=22.8 h2=22.8
v5_arena rows=8580 cfgs=117 cells=18035 total_mib=111.8 bx=48.6 bh=12.6 bh2=12.6 bg=10.5 h0=6.3 h=6.3 h2=6.3
v5_arena rows=40821 cfgs=86 cells=148239 total_mib=521.2 bx=231.2 bh=59.8 bh2=59.8 bg=49.8 h0=29.9 h=29.9 h2=29.9
v5_arena rows=26284 cfgs=80 cells=263900 total_mib=340.6 bx=148.9 bh=38.5 bh2=38.5 bg=32.1 h0=19.3 h=19.3 h2=19.3
v5_arena rows=13874 cfgs=4002 cells=94605 total_mib=195.8 bx=78.6 bh=20.3 bh2=20.3 bg=17.0 carry=10.7 h0=10.2 h=10.2
v5_arena rows=9179 cfgs=1514 cells=125228 total_mib=122.9 bx=52.0 bh=13.4 bh2=13.4 bg=11.2 h0=6.7 h=6.7 h2=6.7
v5_arena rows=23918 cfgs=3840 cells=241815 total_mib=324.5 bx=135.5 bh=35.0 bh2=35.0 bg=29.2 h0=17.5 h=17.5 h2=17.5
v5_arena rows=16175 cfgs=8172 cells=160894 total_mib=227.1 bx=91.6 bh=23.7 bh2=23.7 bg=19.8 h0=11.8 h=11.8 h2=11.8
v5_arena rows=28919 cfgs=60 cells=103347 total_mib=369.9 bx=163.8 bh=42.4 bh2=42.4 bg=35.3 h0=21.2 h=21.2 h2=21.2
v5_arena rows=3204 cfgs=145 cells=24023 total_mib=41.4 bx=18.2 bh=4.7 bh2=4.7 bg=3.9 h0=2.3 h=2.3 h2=2.3
v5_arena rows=28269 cfgs=141 cells=234029 total_mib=368.7 bx=160.1 bh=41.4 bh2=41.4 bg=34.5 h0=20.7 h=20.7 h2=20.7
v5_arena rows=19853 cfgs=61 cells=97760 total_mib=254.2 bx=112.5 bh=29.1 bh2=29.1 bg=24.2 h0=14.5 h=14.5 h2=14.5
v5_arena rows=19046 cfgs=3597 cells=217623 total_mib=257.9 bx=107.9 bh=27.9 bh2=27.9 bg=23.3 h0=13.9 h=13.9 h2=13.9
v5_arena rows=7196 cfgs=76 cells=52482 total_mib=92.5 bx=40.8 bh=10.5 bh2=10.5 bg=8.8 h0=5.3 h=5.3 h2=5.3
v5_arena rows=29505 cfgs=4392 cells=245116 total_mib=396.8 bx=167.1 bh=43.2 bh2=43.2 bg=36.0 h0=21.6 h=21.6 h2=21.6
v5_arena rows=6653 cfgs=1986 cells=52969 total_mib=90.3 bx=37.7 bh=9.7 bh2=9.7 bg=8.1 h0=4.9 h=4.9 h2=4.9
v5_arena rows=16410 cfgs=5443 cells=176716 total_mib=223.8 bx=93.0 bh=24.0 bh2=24.0 bg=20.1 h0=12.0 h=12.0 h2=12.0
v5_arena rows=38561 cfgs=177 cells=1072091 total_mib=524.8 bx=218.4 bh=56.5 bh2=56.5 bg=47.1 h0=28.2 h=28.2 h2=28.2
v5_arena rows=15299 cfgs=2370 cells=100809 total_mib=205.2 bx=86.7 bh=22.4 bh2=22.4 bg=18.7 h0=11.2 h=11.2 h2=11.2
v5_arena rows=97140 cfgs=160 cells=2923273 total_mib=1324.2 bx=550.3 bh=142.3 bh2=142.3 bg=118.6 h0=71.1 h=71.1 h2=71.1
v5_arena rows=19434 cfgs=4017 cells=235869 total_mib=266.1 bx=110.1 bh=28.5 bh2=28.5 bg=23.7 h0=14.2 h=14.2 h2=14.2
v5_arena rows=10569 cfgs=4658 cells=117094 total_mib=147.3 bx=59.9 bh=15.5 bh2=15.5 bg=12.9 h0=7.7 h=7.7 h2=7.7
v5_arena rows=96792 cfgs=152 cells=475239 total_mib=1240.2 bx=548.3 bh=141.8 bh2=141.8 bg=118.2 h0=70.9 h=70.9 h2=70.9
v5_arena rows=8722 cfgs=2885 cells=100700 total_mib=118.4 bx=49.4 bh=12.8 bh2=12.8 bg=10.7 h0=6.4 h=6.4 h2=6.4
v5_arena rows=8298 cfgs=969 cells=51215 total_mib=110.7 bx=47.0 bh=12.2 bh2=12.2 bg=10.1 h0=6.1 h=6.1 h2=6.1
v5_arena rows=4914 cfgs=1747 cells=16088 total_mib=66.2 bx=27.8 bh=7.2 bh2=7.2 bg=6.0 h0=3.6 h=3.6 h2=3.6
v5_arena rows=11092 cfgs=1004 cells=80256 total_mib=162.2 bx=62.8 bh=16.2 bh2=16.2 bg=13.5 carry=12.1 h0=8.1 h=8.1
v5_arena rows=14266 cfgs=6209 cells=78621 total_mib=197.9 bx=80.8 bh=20.9 bh2=20.9 bg=17.4 h0=10.4 h=10.4 h2=10.4
v5_arena rows=6678 cfgs=88 cells=65086 total_mib=86.6 bx=37.8 bh=9.8 bh2=9.8 bg=8.2 h0=4.9 h=4.9 h2=4.9
v5_arena rows=9637 cfgs=3124 cells=77973 total_mib=130.6 bx=54.6 bh=14.1 bh2=14.1 bg=11.8 h0=7.1 h=7.1 h2=7.1
v5_arena rows=8625 cfgs=48 cells=34600 total_mib=109.9 bx=48.9 bh=12.6 bh2=12.6 bg=10.5 h0=6.3 h=6.3 h2=6.3
v5_arena rows=56425 cfgs=61 cells=240605 total_mib=721.0 bx=319.6 bh=82.7 bh2=82.7 bg=68.9 h0=41.3 h=41.3 h2=41.3
v5_arena rows=17780 cfgs=8516 cells=89789 total_mib=247.7 bx=100.7 bh=26.0 bh2=26.0 bg=21.7 h0=13.0 h=13.0 h2=13.0
v5_arena rows=18996 cfgs=2680 cells=146700 total_mib=256.2 bx=107.6 bh=27.8 bh2=27.8 bg=23.2 h0=13.9 h=13.9 h2=13.9
v5_arena rows=16812 cfgs=3720 cells=110721 total_mib=230.8 bx=95.2 bh=24.6 bh2=24.6 bg=20.5 h0=12.3 h=12.3 h2=12.3
v5_arena rows=33913 cfgs=196 cells=742363 total_mib=458.7 bx=192.1 bh=49.7 bh2=49.7 bg=41.4 h0=24.8 h=24.8 h2=24.8
v5_arena rows=12853 cfgs=6482 cells=90524 total_mib=179.9 bx=72.8 bh=18.8 bh2=18.8 bg=15.7 h0=9.4 h=9.4 h2=9.4
v5_arena rows=15936 cfgs=9994 cells=144536 total_mib=230.6 bx=90.3 bh=23.3 bh2=23.3 bg=19.5 carry=13.4 h0=11.7 h=11.7
v5_arena rows=16748 cfgs=4624 cells=174380 total_mib=230.2 bx=94.9 bh=24.5 bh2=24.5 bg=20.5 h0=12.3 h=12.3 h2=12.3
v5_arena rows=35065 cfgs=660 cells=181405 total_mib=469.0 bx=198.6 bh=51.4 bh2=51.4 bg=42.8 h0=25.7 h=25.7 h2=25.7
v5_arena rows=32517 cfgs=5788 cells=165699 total_mib=442.7 bx=184.2 bh=47.6 bh2=47.6 bg=39.7 h0=23.8 h=23.8 h2=23.8
v5_arena rows=21782 cfgs=6821 cells=244841 total_mib=305.2 bx=123.4 bh=31.9 bh2=31.9 bg=26.6 h0=16.0 h=16.0 h2=16.0
v5_arena rows=16552 cfgs=2869 cells=134433 total_mib=223.2 bx=93.8 bh=24.2 bh2=24.2 bg=20.2 h0=12.1 h=12.1 h2=12.1
v5_arena rows=14450 cfgs=948 cells=94623 total_mib=245.1 bx=81.9 carry=35.4 bh=21.2 bh2=21.2 bg=17.6 h0=10.6 h=10.6
v5_arena rows=3944 cfgs=53 cells=24935 total_mib=51.3 bx=22.3 bh=5.8 bh2=5.8 bg=4.8 h0=2.9 h=2.9 h2=2.9
v5_arena rows=17705 cfgs=7436 cells=117561 total_mib=247.3 bx=100.3 bh=25.9 bh2=25.9 bg=21.7 h0=13.0 h=13.0 h2=13.0
v5_arena rows=20629 cfgs=3117 cells=136743 total_mib=278.8 bx=116.9 bh=30.2 bh2=30.2 bg=25.2 h0=15.1 h=15.1 h2=15.1
v5_arena rows=3040 cfgs=286 cells=16535 total_mib=40.4 bx=17.2 bh=4.5 bh2=4.5 bg=3.7 h0=2.2 h=2.2 h2=2.2
v5_arena rows=15482 cfgs=3727 cells=151185 total_mib=215.1 bx=87.7 bh=22.7 bh2=22.7 bg=18.9 h0=11.3 h=11.3 h2=11.3
v5_arena rows=10027 cfgs=6718 cells=59635 total_mib=144.7 bx=56.8 bh=14.7 bh2=14.7 bg=12.3 carry=8.4 h0=7.3 h=7.3
v5_arena rows=18536 cfgs=10768 cells=99005 total_mib=264.6 bx=105.0 bh=27.2 bh2=27.2 bg=22.7 carry=14.3 h0=13.6 h=13.6
v5_arena rows=23399 cfgs=4878 cells=149382 total_mib=320.5 bx=132.6 bh=34.3 bh2=34.3 bg=28.6 h0=17.1 h=17.1 h2=17.1
v5_arena rows=10191 cfgs=6303 cells=73567 total_mib=147.8 bx=57.7 bh=14.9 bh2=14.9 bg=12.5 carry=8.8 h0=7.5 h=7.5
v5_arena rows=31690 cfgs=141 cells=134659 total_mib=418.8 bx=179.5 bh=46.4 bh2=46.4 bg=38.7 h0=23.2 h=23.2 h2=23.2
v5_arena rows=4626 cfgs=84 cells=46975 total_mib=60.0 bx=26.2 bh=6.8 bh2=6.8 bg=5.6 h0=3.4 h=3.4 h2=3.4
v5_arena rows=6363 cfgs=1611 cells=63352 total_mib=84.4 bx=36.0 bh=9.3 bh2=9.3 bg=7.8 h0=4.7 h=4.7 h2=4.7
v5_arena rows=8392 cfgs=586 cells=77748 total_mib=119.3 bx=47.5 bh=12.3 bh2=12.3 bg=10.2 carry=6.6 h0=6.1 h=6.1
v5_arena rows=9217 cfgs=5632 cells=79014 total_mib=131.5 bx=52.2 bh=13.5 bh2=13.5 bg=11.3 h0=6.8 h=6.8 h2=6.8
v5_arena rows=6963 cfgs=1174 cells=54851 total_mib=95.2 bx=39.4 bh=10.2 bh2=10.2 bg=8.5 h0=5.1 h=5.1 h2=5.1
v5_arena rows=11466 cfgs=2780 cells=132621 total_mib=158.5 bx=65.0 bh=16.8 bh2=16.8 bg=14.0 h0=8.4 h=8.4 h2=8.4
v5_arena rows=3205 cfgs=113 cells=4589 total_mib=41.5 bx=18.2 bh=4.7 bh2=4.7 bg=3.9 h0=2.3 h=2.3 h2=2.3
v5_arena rows=21802 cfgs=158 cells=114716 total_mib=287.8 bx=123.5 bh=31.9 bh2=31.9 bg=26.6 h0=16.0 h=16.0 h2=16.0
v5_arena rows=16915 cfgs=623 cells=57764 total_mib=235.5 bx=95.8 bh=24.8 bh2=24.8 bg=20.7 h0=12.4 h=12.4 h2=12.4
v5_arena rows=9612 cfgs=5056 cells=66281 total_mib=136.2 bx=54.5 bh=14.1 bh2=14.1 bg=11.8 h0=7.0 h=7.0 h2=7.0
v5_arena rows=17051 cfgs=4972 cells=88982 total_mib=243.7 bx=96.6 bh=25.0 bh2=25.0 bg=20.8 carry=14.4 h0=12.5 h=12.5
v5_arena rows=3222 cfgs=117 cells=90451 total_mib=43.6 bx=18.3 bh=4.7 bh2=4.7 bg=3.9 h0=2.4 h=2.4 h2=2.4
v5_arena rows=41277 cfgs=162 cells=1069538 total_mib=556.4 bx=233.8 bh=60.5 bh2=60.5 bg=50.4 h0=30.2 h=30.2 h2=30.2
v5_arena rows=8348 cfgs=4922 cells=47170 total_mib=116.9 bx=47.3 bh=12.2 bh2=12.2 bg=10.2 h0=6.1 h=6.1 h2=6.1
v5_arena rows=9785 cfgs=4709 cells=46906 total_mib=137.4 bx=55.4 bh=14.3 bh2=14.3 bg=12.0 h0=7.2 h=7.2 h2=7.2
v5_arena rows=13499 cfgs=2382 cells=57902 total_mib=182.9 bx=76.5 bh=19.8 bh2=19.8 bg=16.5 h0=9.9 h=9.9 h2=9.9
v5_arena rows=14588 cfgs=8444 cells=121497 total_mib=208.5 bx=82.6 bh=21.4 bh2=21.4 bg=17.8 carry=10.9 h0=10.7 h=10.7
v5_arena rows=40200 cfgs=227 cells=72767 total_mib=536.1 bx=227.7 bh=58.9 bh2=58.9 bg=49.1 h0=29.4 h=29.4 h2=29.4
v5_arena rows=10066 cfgs=6516 cells=59121 total_mib=145.8 bx=57.0 bh=14.7 bh2=14.7 bg=12.3 carry=8.6 h0=7.4 h=7.4
v5_arena rows=13978 cfgs=8385 cells=105448 total_mib=202.3 bx=79.2 bh=20.5 bh2=20.5 bg=17.1 carry=11.9 h0=10.2 h=10.2
v5_arena rows=13012 cfgs=6925 cells=84750 total_mib=184.0 bx=73.7 bh=19.1 bh2=19.1 bg=15.9 h0=9.5 h=9.5 h2=9.5
v5_arena rows=20235 cfgs=6949 cells=131135 total_mib=285.7 bx=114.6 bh=29.6 bh2=29.6 bg=24.7 carry=15.2 h0=14.8 h=14.8
v5_arena rows=25531 cfgs=8584 cells=175778 total_mib=369.2 bx=144.6 bh=37.4 bh2=37.4 bg=31.2 carry=23.4 h0=18.7 h=18.7
v5_arena rows=30820 cfgs=183 cells=538043 total_mib=408.1 bx=174.6 bh=45.1 bh2=45.1 bg=37.6 h0=22.6 h=22.6 h2=22.6
v5_arena rows=9796 cfgs=694 cells=81732 total_mib=138.2 bx=55.5 bh=14.3 bh2=14.3 bg=12.0 carry=7.4 h0=7.2 h=7.2
v5_arena rows=17401 cfgs=3000 cells=100702 total_mib=236.9 bx=98.6 bh=25.5 bh2=25.5 bg=21.3 h0=12.7 h=12.7 h2=12.7
v5_arena rows=28001 cfgs=7818 cells=162498 total_mib=393.6 bx=158.6 bh=41.0 bh2=41.0 bg=34.2 h0=20.5 h=20.5 h2=20.5
v5_arena rows=13211 cfgs=8786 cells=72684 total_mib=195.2 bx=74.8 bh=19.4 bh2=19.4 bg=16.2 carry=13.3 h0=9.7 h=9.7
v5_arena rows=14746 cfgs=5267 cells=78925 total_mib=210.2 bx=83.5 bh=21.6 bh2=21.6 bg=18.0 carry=12.0 h0=10.8 h=10.8
v5_arena rows=14788 cfgs=2708 cells=98425 total_mib=200.1 bx=83.8 bh=21.7 bh2=21.7 bg=18.1 h0=10.8 h=10.8 h2=10.8
v5_arena rows=4052 cfgs=198 cells=5925 total_mib=53.9 bx=23.0 bh=5.9 bh2=5.9 bg=4.9 h0=3.0 h=3.0 h2=3.0
v5_arena rows=20382 cfgs=97 cells=27685 total_mib=259.4 bx=115.5 bh=29.9 bh2=29.9 bg=24.9 h0=14.9 h=14.9 h2=14.9
v5_arena rows=6238 cfgs=167 cells=8345 total_mib=84.5 bx=35.3 bh=9.1 bh2=9.1 bg=7.6 h0=4.6 h=4.6 h2=4.6
v5_arena rows=9012 cfgs=5822 cells=34537 total_mib=128.3 bx=51.1 bh=13.2 bh2=13.2 bg=11.0 carry=6.6 h0=6.6 h=6.6
v5_arena rows=14077 cfgs=2646 cells=56711 total_mib=194.9 bx=79.7 bh=20.6 bh2=20.6 bg=17.2 h0=10.3 h=10.3 h2=10.3
v5_arena rows=14933 cfgs=7962 cells=70656 total_mib=210.9 bx=84.6 bh=21.9 bh2=21.9 bg=18.3 h0=10.9 h=10.9 h2=10.9
v5_arena rows=18135 cfgs=4639 cells=65061 total_mib=254.9 bx=102.7 bh=26.6 bh2=26.6 bg=22.2 carry=13.6 h0=13.3 h=13.3
v5_arena rows=16871 cfgs=582 cells=61211 total_mib=244.0 bx=95.6 bh=24.7 bh2=24.7 bg=20.6 carry=16.9 h0=12.4 h=12.4
v5_arena rows=22681 cfgs=523 cells=123076 total_mib=319.5 bx=128.5 bh=33.2 bh2=33.2 bg=27.7 carry=18.3 h0=16.6 h=16.6
v5_arena rows=9585 cfgs=7713 cells=51763 total_mib=142.2 bx=54.3 bh=14.0 bh2=14.0 bg=11.7 carry=9.7 h0=7.0 h=7.0
v5_arena rows=11951 cfgs=9560 cells=76552 total_mib=177.7 bx=67.7 bh=17.5 bh2=17.5 bg=14.6 carry=12.0 h0=8.8 h=8.8
v5_arena rows=13389 cfgs=3595 cells=77904 total_mib=187.3 bx=75.8 bh=19.6 bh2=19.6 bg=16.4 h0=9.8 h=9.8 h2=9.8
v5_arena rows=8682 cfgs=3872 cells=58119 total_mib=122.5 bx=49.2 bh=12.7 bh2=12.7 bg=10.6 h0=6.4 h=6.4 h2=6.4
v5_arena rows=26885 cfgs=6907 cells=170661 total_mib=376.7 bx=152.3 bh=39.4 bh2=39.4 bg=32.8 h0=19.7 h=19.7 h2=19.7
v5_arena rows=11648 cfgs=2515 cells=45005 total_mib=161.3 bx=66.0 bh=17.1 bh2=17.1 bg=14.2 h0=8.5 h=8.5 h2=8.5
v5_arena rows=9030 cfgs=1840 cells=60907 total_mib=123.3 bx=51.2 bh=13.2 bh2=13.2 bg=11.0 h0=6.6 h=6.6 h2=6.6
v5_arena rows=13508 cfgs=6804 cells=54011 total_mib=189.9 bx=76.5 bh=19.8 bh2=19.8 bg=16.5 h0=9.9 h=9.9 h2=9.9
v5_arena rows=9976 cfgs=5877 cells=81253 total_mib=142.3 bx=56.5 bh=14.6 bh2=14.6 bg=12.2 h0=7.3 h=7.3 h2=7.3
v5_arena rows=15096 cfgs=4501 cells=67285 total_mib=211.1 bx=85.5 bh=22.1 bh2=22.1 bg=18.4 h0=11.1 h=11.1 h2=11.1
v5_arena rows=14377 cfgs=3494 cells=141849 total_mib=205.9 bx=81.4 bh=21.1 bh2=21.1 bg=17.6 carry=12.2 h0=10.5 h=10.5
v5_arena rows=13427 cfgs=6461 cells=90144 total_mib=197.8 bx=76.1 bh=19.7 bh2=19.7 bg=16.4 carry=13.7 h0=9.8 h=9.8
v5_arena rows=11878 cfgs=7600 cells=66053 total_mib=172.5 bx=67.3 bh=17.4 bh2=17.4 bg=14.5 carry=10.4 h0=8.7 h=8.7
v5_arena rows=12769 cfgs=7274 cells=94400 total_mib=183.5 bx=72.3 bh=18.7 bh2=18.7 bg=15.6 carry=10.2 h0=9.4 h=9.4
v5_arena rows=18770 cfgs=4382 cells=99001 total_mib=259.7 bx=106.3 bh=27.5 bh2=27.5 bg=22.9 h0=13.7 h=13.7 h2=13.7
v5_arena rows=12861 cfgs=450 cells=42613 total_mib=172.4 bx=72.9 bh=18.8 bh2=18.8 bg=15.7 h0=9.4 h=9.4 h2=9.4
v5_arena rows=6401 cfgs=201 cells=9322 total_mib=82.6 bx=36.3 bh=9.4 bh2=9.4 bg=7.8 h0=4.7 h=4.7 h2=4.7
v5_arena rows=6786 cfgs=120 cells=12905 total_mib=87.3 bx=38.4 bh=9.9 bh2=9.9 bg=8.3 h0=5.0 h=5.0 h2=5.0
v5_arena rows=4944 cfgs=2537 cells=22882 total_mib=70.1 bx=28.0 bh=7.2 bh2=7.2 bg=6.0 h0=3.6 h=3.6 h2=3.6
v5_arena rows=16035 cfgs=7952 cells=74528 total_mib=227.6 bx=90.8 bh=23.5 bh2=23.5 bg=19.6 carry=11.9 h0=11.7 h=11.7
v5_arena rows=20896 cfgs=6970 cells=96610 total_mib=302.4 bx=118.4 bh=30.6 bh2=30.6 bg=25.5 carry=19.7 h0=15.3 h=15.3
v5_arena rows=13772 cfgs=6632 cells=81908 total_mib=210.3 bx=78.0 bh=20.2 bh2=20.2 carry=18.3 bg=16.8 h0=10.1 h=10.1
v5_arena rows=9302 cfgs=6522 cells=42368 total_mib=136.1 bx=52.7 bh=13.6 bh2=13.6 bg=11.4 carry=8.5 h0=6.8 h=6.8
v5_arena rows=18289 cfgs=5825 cells=81085 total_mib=259.7 bx=103.6 bh=26.8 bh2=26.8 bg=22.3 carry=14.5 h0=13.4 h=13.4
v5_arena rows=34972 cfgs=507 cells=211507 total_mib=503.6 bx=198.1 bh=51.2 bh2=51.2 bg=42.7 carry=34.7 h0=25.6 h=25.6
v5_arena rows=10984 cfgs=7015 cells=57416 total_mib=159.8 bx=62.2 bh=16.1 bh2=16.1 bg=13.4 carry=9.7 h0=8.0 h=8.0
v5_arena rows=13322 cfgs=6278 cells=65787 total_mib=186.2 bx=75.5 bh=19.5 bh2=19.5 bg=16.3 h0=9.8 h=9.8 h2=9.8
v5_arena rows=17481 cfgs=5221 cells=83668 total_mib=246.5 bx=99.0 bh=25.6 bh2=25.6 bg=21.4 carry=13.1 h0=12.8 h=12.8
v5_arena rows=6503 cfgs=5472 cells=41098 total_mib=96.1 bx=36.8 bh=9.5 bh2=9.5 bg=8.0 carry=6.3 h0=4.8 h=4.8
v5_arena rows=13477 cfgs=6371 cells=62387 total_mib=190.4 bx=76.3 bh=19.7 bh2=19.7 bg=16.5 h0=9.9 h=9.9 h2=9.9
v5_arena rows=19638 cfgs=150 cells=25344 total_mib=254.8 bx=111.2 bh=28.8 bh2=28.8 bg=24.0 h0=14.4 h=14.4 h2=14.4
v5_arena rows=12774 cfgs=6283 cells=58715 total_mib=179.8 bx=72.4 bh=18.7 bh2=18.7 bg=15.6 h0=9.4 h=9.4 h2=9.4
v5_arena rows=15235 cfgs=806 cells=60222 total_mib=215.6 bx=86.3 bh=22.3 bh2=22.3 bg=18.6 carry=12.6 h0=11.2 h=11.2
v5_arena rows=23382 cfgs=370 cells=145820 total_mib=337.6 bx=132.5 bh=34.3 bh2=34.3 bg=28.5 carry=22.5 h0=17.1 h=17.1
v5_arena rows=42849 cfgs=217 cells=185695 total_mib=576.1 bx=242.7 bh=62.8 bh2=62.8 bg=52.3 h0=31.4 h=31.4 h2=31.4
v5_arena rows=31335 cfgs=9466 cells=172913 total_mib=445.7 bx=177.5 bh=45.9 bh2=45.9 bg=38.3 carry=25.1 h0=23.0 h=23.0
v5_arena rows=12749 cfgs=6920 cells=52594 total_mib=180.4 bx=72.2 bh=18.7 bh2=18.7 bg=15.6 h0=9.3 h=9.3 h2=9.3
v5_arena rows=9668 cfgs=5994 cells=45068 total_mib=139.1 bx=54.8 bh=14.2 bh2=14.2 bg=11.8 carry=7.9 h0=7.1 h=7.1
v5_arena rows=23632 cfgs=4600 cells=112478 total_mib=323.2 bx=133.9 bh=34.6 bh2=34.6 bg=28.9 h0=17.3 h=17.3 h2=17.3
v5_arena rows=11904 cfgs=6684 cells=78030 total_mib=172.9 bx=67.4 bh=17.4 bh2=17.4 bg=14.6 carry=10.5 h0=8.7 h=8.7
v5_arena rows=20151 cfgs=7441 cells=92372 total_mib=286.1 bx=114.2 bh=29.5 bh2=29.5 bg=24.6 carry=15.9 h0=14.8 h=14.8
v5_arena rows=7373 cfgs=259 cells=40799 total_mib=100.1 bx=41.8 bh=10.8 bh2=10.8 bg=9.0 h0=5.4 h=5.4 h2=5.4
v5_arena rows=11667 cfgs=3386 cells=60346 total_mib=167.5 bx=66.1 bh=17.1 bh2=17.1 bg=14.3 carry=10.2 h0=8.5 h=8.5
v5_arena rows=11538 cfgs=72 cells=19090 total_mib=149.5 bx=65.4 bh=16.9 bh2=16.9 bg=14.1 h0=8.5 h=8.5 h2=8.5
v5_arena rows=19295 cfgs=4923 cells=99745 total_mib=268.6 bx=109.3 bh=28.3 bh2=28.3 bg=23.6 h0=14.1 h=14.1 h2=14.1
v5_arena rows=11840 cfgs=7684 cells=62371 total_mib=172.9 bx=67.1 bh=17.3 bh2=17.3 bg=14.5 carry=10.8 h0=8.7 h=8.7
v5_arena rows=23162 cfgs=555 cells=133224 total_mib=349.3 bx=131.2 bh=33.9 bh2=33.9 carry=31.5 bg=28.3 h0=17.0 h=17.0
v5_arena rows=7149 cfgs=197 cells=10392 total_mib=92.3 bx=40.5 bh=10.5 bh2=10.5 bg=8.7 h0=5.2 h=5.2 h2=5.2
v5_arena rows=20724 cfgs=6168 cells=116360 total_mib=291.2 bx=117.4 bh=30.4 bh2=30.4 bg=25.3 h0=15.2 h=15.2 h2=15.2
v5_arena rows=15360 cfgs=7381 cells=92192 total_mib=214.1 bx=87.0 bh=22.5 bh2=22.5 bg=18.8 h0=11.2 h=11.2 h2=11.2
v5_arena rows=13211 cfgs=3415 cells=83500 total_mib=189.8 bx=74.8 bh=19.4 bh2=19.4 bg=16.1 carry=11.6 h0=9.7 h=9.7
v5_arena rows=45291 cfgs=436 cells=257130 total_mib=639.6 bx=256.6 bh=66.3 bh2=66.3 bg=55.3 carry=37.0 h0=33.2 h=33.2
v5_arena rows=17613 cfgs=4288 cells=95425 total_mib=242.8 bx=99.8 bh=25.8 bh2=25.8 bg=21.5 h0=12.9 h=12.9 h2=12.9
v5_arena rows=20463 cfgs=127 cells=25119 total_mib=269.0 bx=115.9 bh=30.0 bh2=30.0 bg=25.0 h0=15.0 h=15.0 h2=15.0
v5_arena rows=12549 cfgs=2236 cells=58101 total_mib=170.8 bx=71.1 bh=18.4 bh2=18.4 bg=15.3 h0=9.2 h=9.2 h2=9.2
v5_arena rows=14469 cfgs=5272 cells=87664 total_mib=209.4 bx=82.0 bh=21.2 bh2=21.2 bg=17.7 carry=13.2 h0=10.6 h=10.6
v5_arena rows=6909 cfgs=2839 cells=50329 total_mib=101.9 bx=39.1 bh=10.1 bh2=10.1 bg=8.4 carry=7.3 h0=5.1 h=5.1
v5_arena rows=9792 cfgs=7373 cells=57556 total_mib=143.0 bx=55.5 bh=14.3 bh2=14.3 bg=12.0 carry=8.6 h0=7.2 h=7.2
v5_arena rows=31629 cfgs=13263 cells=174642 total_mib=461.5 bx=179.2 bh=46.3 bh2=46.3 bg=38.6 carry=30.5 h0=23.2 h=23.2
v5_arena rows=4952 cfgs=1285 cells=11515 total_mib=65.9 bx=28.1 bh=7.3 bh2=7.3 bg=6.1 h0=3.6 h=3.6 h2=3.6
v5_arena rows=11152 cfgs=6713 cells=58215 total_mib=161.9 bx=63.2 bh=16.3 bh2=16.3 bg=13.6 carry=9.9 h0=8.2 h=8.2
v5_arena rows=8259 cfgs=208 cells=11711 total_mib=106.5 bx=46.8 bh=12.1 bh2=12.1 bg=10.1 h0=6.0 h=6.0 h2=6.0
v5_arena rows=18693 cfgs=11697 cells=74899 total_mib=268.3 bx=105.9 bh=27.4 bh2=27.4 bg=22.9 carry=14.9 h0=13.7 h=13.7
v5_arena rows=8375 cfgs=1560 cells=12462 total_mib=139.1 bx=47.4 carry=17.7 bh=12.3 bh2=12.3 bg=10.2 h0=6.1 h=6.1
v5_arena rows=12015 cfgs=7480 cells=39311 total_mib=172.8 bx=68.1 bh=17.6 bh2=17.6 bg=14.7 carry=9.9 h0=8.8 h=8.8
v5_arena rows=11557 cfgs=6475 cells=55675 total_mib=165.2 bx=65.5 bh=16.9 bh2=16.9 bg=14.1 carry=9.0 h0=8.5 h=8.5
v5_arena rows=12718 cfgs=7986 cells=54775 total_mib=183.9 bx=72.0 bh=18.6 bh2=18.6 bg=15.6 carry=10.9 h0=9.3 h=9.3
v5_arena rows=10679 cfgs=5079 cells=41416 total_mib=149.4 bx=60.5 bh=15.6 bh2=15.6 bg=13.1 h0=7.8 h=7.8 h2=7.8
v5_arena rows=13800 cfgs=4645 cells=83622 total_mib=197.8 bx=78.2 bh=20.2 bh2=20.2 bg=16.9 carry=11.6 h0=10.1 h=10.1
v5_arena rows=29920 cfgs=149 cells=49568 total_mib=387.2 bx=169.5 bh=43.8 bh2=43.8 bg=36.5 h0=21.9 h=21.9 h2=21.9
v5_arena rows=36495 cfgs=1078 cells=107652 total_mib=493.8 bx=206.7 bh=53.5 bh2=53.5 bg=44.6 h0=26.7 h=26.7 h2=26.7
v5_arena rows=8437 cfgs=246 cells=41225 total_mib=111.1 bx=47.8 bh=12.4 bh2=12.4 bg=10.3 h0=6.2 h=6.2 h2=6.2
v5_arena rows=15616 cfgs=8289 cells=70374 total_mib=221.3 bx=88.5 bh=22.9 bh2=22.9 bg=19.1 h0=11.4 h=11.4 h2=11.4
v5_arena rows=10510 cfgs=3462 cells=48579 total_mib=151.0 bx=59.5 bh=15.4 bh2=15.4 bg=12.8 carry=9.1 h0=7.7 h=7.7
v5_arena rows=21011 cfgs=6950 cells=148941 total_mib=306.9 bx=119.0 bh=30.8 bh2=30.8 bg=25.7 carry=20.9 h0=15.4 h=15.4
v5_arena rows=18322 cfgs=7402 cells=108323 total_mib=266.2 bx=103.8 bh=26.8 bh2=26.8 bg=22.4 carry=17.1 h0=13.4 h=13.4
v5_arena rows=9118 cfgs=4890 cells=39367 total_mib=129.5 bx=51.7 bh=13.4 bh2=13.4 bg=11.2 carry=6.8 h0=6.7 h=6.7
v5_arena rows=7108 cfgs=5499 cells=40570 total_mib=106.6 bx=40.3 bh=10.4 bh2=10.4 bg=8.7 carry=7.7 h0=5.2 h=5.2
v5_arena rows=36869 cfgs=10436 cells=168382 total_mib=524.4 bx=208.9 bh=54.0 bh2=54.0 bg=45.0 carry=29.9 h0=27.0 h=27.0
v5_arena rows=40705 cfgs=92 cells=77108 total_mib=523.1 bx=230.6 bh=59.6 bh2=59.6 bg=49.7 h0=29.8 h=29.8 h2=29.8
v5_arena rows=2313 cfgs=1090 cells=9582 total_mib=32.2 bx=13.1 bh=3.4 bh2=3.4 bg=2.8 h0=1.7 h=1.7 h2=1.7
v5_arena rows=42812 cfgs=261 cells=77887 total_mib=572.9 bx=242.5 bh=62.7 bh2=62.7 bg=52.3 h0=31.4 h=31.4 h2=31.4
v5_arena rows=14015 cfgs=3941 cells=64856 total_mib=194.2 bx=79.4 bh=20.5 bh2=20.5 bg=17.1 h0=10.3 h=10.3 h2=10.3
v5_arena rows=3384 cfgs=3378 cells=24599 total_mib=56.3 bx=19.2 carry=6.6 bh=5.0 bh2=5.0 bg=4.1 h0=2.5 h=2.5
v5_arena rows=10158 cfgs=4947 cells=48750 total_mib=144.1 bx=57.5 bh=14.9 bh2=14.9 bg=12.4 carry=7.5 h0=7.4 h=7.4
v5_arena rows=10144 cfgs=320 cells=66776 total_mib=141.4 bx=57.5 bh=14.9 bh2=14.9 bg=12.4 h0=7.4 h=7.4 h2=7.4
v5_arena rows=24684 cfgs=5238 cells=102084 total_mib=337.3 bx=139.8 bh=36.2 bh2=36.2 bg=30.2 h0=18.1 h=18.1 h2=18.1
v5_arena rows=9627 cfgs=1939 cells=30500 total_mib=130.6 bx=54.5 bh=14.1 bh2=14.1 bg=11.8 h0=7.1 h=7.1 h2=7.1
v5_arena rows=22920 cfgs=8058 cells=153033 total_mib=322.5 bx=129.8 bh=33.6 bh2=33.6 bg=28.0 h0=16.8 h=16.8 h2=16.8
v5_arena rows=7655 cfgs=5777 cells=38262 total_mib=112.2 bx=43.4 bh=11.2 bh2=11.2 bg=9.4 carry=7.1 h0=5.6 h=5.6
v5_arena rows=10676 cfgs=6416 cells=49149 total_mib=154.0 bx=60.5 bh=15.6 bh2=15.6 bg=13.1 carry=8.9 h0=7.8 h=7.8
v5_arena rows=6961 cfgs=3717 cells=41735 total_mib=103.2 bx=39.4 bh=10.2 bh2=10.2 bg=8.5 carry=7.3 h0=5.1 h=5.1
v5_arena rows=46221 cfgs=171 cells=202178 total_mib=608.4 bx=261.8 bh=67.7 bh2=67.7 bg=56.4 h0=33.9 h=33.9 h2=33.9
v5_arena rows=16340 cfgs=171 cells=61979 total_mib=211.3 bx=92.6 bh=23.9 bh2=23.9 bg=19.9 h0=12.0 h=12.0 h2=12.0
v5_arena rows=14863 cfgs=9131 cells=86988 total_mib=216.3 bx=84.2 bh=21.8 bh2=21.8 bg=18.2 carry=13.3 h0=10.9 h=10.9
v5_arena rows=18923 cfgs=4108 cells=112027 total_mib=262.7 bx=107.2 bh=27.7 bh2=27.7 bg=23.1 h0=13.9 h=13.9 h2=13.9
v5_arena rows=11256 cfgs=8057 cells=55754 total_mib=164.4 bx=63.8 bh=16.5 bh2=16.5 bg=13.8 carry=10.1 h0=8.2 h=8.2
v5_arena rows=14902 cfgs=5009 cells=63772 total_mib=210.3 bx=84.4 bh=21.8 bh2=21.8 bg=18.2 carry=11.1 h0=10.9 h=10.9
v5_arena rows=10578 cfgs=3339 cells=48344 total_mib=154.3 bx=59.9 bh=15.5 bh2=15.5 bg=12.9 carry=10.6 h0=7.7 h=7.7
v5_arena rows=12266 cfgs=9032 cells=59158 total_mib=180.4 bx=69.5 bh=18.0 bh2=18.0 bg=15.0 carry=11.7 h0=9.0 h=9.0
v5_arena rows=11673 cfgs=8952 cells=68046 total_mib=172.0 bx=66.1 bh=17.1 bh2=17.1 bg=14.3 carry=11.0 h0=8.5 h=8.5
v5_arena rows=18872 cfgs=449 cells=299849 total_mib=278.2 bx=106.9 bh=27.6 bh2=27.6 bg=23.0 carry=19.1 h0=13.8 h=13.8
v5_arena rows=12574 cfgs=4790 cells=49814 total_mib=179.3 bx=71.2 bh=18.4 bh2=18.4 bg=15.4 carry=10.3 h0=9.2 h=9.2
v5_arena rows=15651 cfgs=5581 cells=79613 total_mib=226.7 bx=88.7 bh=22.9 bh2=22.9 bg=19.1 carry=14.7 h0=11.5 h=11.5
{"phase": "live", "seconds": 30.172, "solves": 52224, "solves_per_s": 1730.9, "oversize_routes": 0, "card_exclusive_routes": 0, "wait_frac": 0.492, "merge_frac": 0.001}
v5_arena rows=3305 cfgs=59 cells=4563 total_mib=42.2 bx=18.7 bh=4.8 bh2=4.8 bg=4.0 h0=2.4 h=2.4 h2=2.4
v5_arena rows=9620 cfgs=5545 cells=56650 total_mib=137.6 bx=54.5 bh=14.1 bh2=14.1 bg=11.8 carry=7.3 h0=7.0 h=7.0
v5_arena rows=14625 cfgs=1005 cells=80879 total_mib=203.3 bx=82.8 bh=21.4 bh2=21.4 bg=17.9 h0=10.7 h=10.7 h2=10.7
v5_arena rows=78514 cfgs=849 cells=423461 total_mib=1093.6 bx=444.8 bh=115.0 bh2=115.0 bg=95.8 h0=57.5 h=57.5 h2=57.5
v5_arena rows=22113 cfgs=5444 cells=92094 total_mib=306.0 bx=125.3 bh=32.4 bh2=32.4 bg=27.0 h0=16.2 h=16.2 h2=16.2
v5_arena rows=7492 cfgs=252 cells=29426 total_mib=98.2 bx=42.4 bh=11.0 bh2=11.0 bg=9.1 h0=5.5 h=5.5 h2=5.5
v5_arena rows=22699 cfgs=970 cells=223745 total_mib=328.7 bx=128.6 bh=33.3 bh2=33.3 bg=27.7 carry=21.7 h0=16.6 h=16.6
v5_arena rows=3144 cfgs=117 cells=19125 total_mib=41.2 bx=17.8 bh=4.6 bh2=4.6 bg=3.8 h0=2.3 h=2.3 h2=2.3
v5_arena rows=11647 cfgs=8853 cells=54318 total_mib=169.7 bx=66.0 bh=17.1 bh2=17.1 bg=14.2 carry=10.1 h0=8.5 h=8.5
v5_arena rows=43228 cfgs=352 cells=406707 total_mib=611.0 bx=244.9 bh=63.3 bh2=63.3 bg=52.8 carry=34.1 h0=31.7 h=31.7
v5_arena rows=12929 cfgs=3896 cells=123809 total_mib=182.2 bx=73.2 bh=18.9 bh2=18.9 bg=15.8 h0=9.5 h=9.5 h2=9.5
v5_arena rows=10034 cfgs=8743 cells=50269 total_mib=151.2 bx=56.8 bh=14.7 bh2=14.7 bg=12.3 carry=11.2 h0=7.3 h=7.3
v5_arena rows=4309 cfgs=741 cells=30633 total_mib=63.1 bx=24.4 bh=6.3 bh2=6.3 bg=5.3 carry=4.7 h0=3.2 h=3.2
v5_arena rows=13147 cfgs=8174 cells=58088 total_mib=188.2 bx=74.5 bh=19.3 bh2=19.3 bg=16.1 carry=10.2 h0=9.6 h=9.6
v5_arena rows=11119 cfgs=4111 cells=56259 total_mib=164.2 bx=63.0 bh=16.3 bh2=16.3 bg=13.6 carry=12.2 h0=8.1 h=8.1
v5_arena rows=10806 cfgs=917 cells=14850 total_mib=149.3 bx=61.2 bh=15.8 bh2=15.8 bg=13.2 h0=7.9 h=7.9 h2=7.9
v5_arena rows=8244 cfgs=7395 cells=89102 total_mib=122.4 bx=46.7 bh=12.1 bh2=12.1 bg=10.1 carry=7.9 h0=6.0 h=6.0
v5_arena rows=16204 cfgs=4583 cells=61470 total_mib=228.7 bx=91.8 bh=23.7 bh2=23.7 bg=19.8 carry=12.2 h0=11.9 h=11.9
v5_arena rows=14080 cfgs=7627 cells=60574 total_mib=199.9 bx=79.8 bh=20.6 bh2=20.6 bg=17.2 carry=10.4 h0=10.3 h=10.3
v5_arena rows=9799 cfgs=179 cells=55206 total_mib=133.2 bx=55.5 bh=14.4 bh2=14.4 bg=12.0 h0=7.2 h=7.2 h2=7.2
v5_arena rows=58140 cfgs=455 cells=190685 total_mib=795.1 bx=329.4 bh=85.2 bh2=85.2 bg=71.0 h0=42.6 h=42.6 h2=42.6
v5_arena rows=29030 cfgs=5332 cells=147472 total_mib=397.4 bx=164.4 bh=42.5 bh2=42.5 bg=35.5 h0=21.3 h=21.3 h2=21.3
v5_arena rows=20479 cfgs=9573 cells=80642 total_mib=300.4 bx=116.0 bh=30.0 bh2=30.0 bg=25.0 carry=20.7 h0=15.0 h=15.0
v5_arena rows=34630 cfgs=11777 cells=213426 total_mib=504.9 bx=196.2 bh=50.7 bh2=50.7 bg=42.3 carry=33.8 h0=25.4 h=25.4
v5_arena rows=10323 cfgs=6367 cells=52676 total_mib=149.2 bx=58.5 bh=15.1 bh2=15.1 bg=12.6 carry=8.7 h0=7.6 h=7.6
v5_arena rows=3177 cfgs=103 cells=4320 total_mib=41.0 bx=18.0 bh=4.7 bh2=4.7 bg=3.9 h0=2.3 h=2.3 h2=2.3
v5_arena rows=19860 cfgs=4441 cells=84041 total_mib=274.1 bx=112.5 bh=29.1 bh2=29.1 bg=24.3 h0=14.5 h=14.5 h2=14.5
v5_arena rows=15275 cfgs=3145 cells=68194 total_mib=210.9 bx=86.5 bh=22.4 bh2=22.4 bg=18.7 h0=11.2 h=11.2 h2=11.2
v5_arena rows=11574 cfgs=8204 cells=65878 total_mib=168.7 bx=65.6 bh=17.0 bh2=17.0 bg=14.2 carry=10.1 h0=8.5 h=8.5
v5_arena rows=15300 cfgs=10860 cells=164822 total_mib=225.8 bx=86.7 bh=22.4 bh2=22.4 bg=18.7 carry=14.7 h0=11.2 h=11.2
v5_arena rows=10277 cfgs=4029 cells=46528 total_mib=146.8 bx=58.2 bh=15.1 bh2=15.1 bg=12.6 carry=8.3 h0=7.5 h=7.5
v5_arena rows=17247 cfgs=669 cells=36793 total_mib=239.6 bx=97.7 bh=25.3 bh2=25.3 bg=21.1 carry=12.7 h0=12.6 h=12.6
v5_arena rows=13209 cfgs=7734 cells=87998 total_mib=189.9 bx=74.8 bh=19.3 bh2=19.3 bg=16.2 carry=10.8 h0=9.7 h=9.7
v5_arena rows=7042 cfgs=4496 cells=43415 total_mib=102.5 bx=39.9 bh=10.3 bh2=10.3 bg=8.6 carry=6.2 h0=5.2 h=5.2
v5_arena rows=9872 cfgs=2337 cells=50751 total_mib=137.0 bx=55.9 bh=14.5 bh2=14.5 bg=12.1 h0=7.2 h=7.2 h2=7.2
v5_arena rows=3319 cfgs=123 cells=22907 total_mib=43.9 bx=18.8 bh=4.9 bh2=4.9 bg=4.1 h0=2.4 h=2.4 h2=2.4
v5_arena rows=12727 cfgs=10445 cells=98144 total_mib=188.5 bx=72.1 bh=18.6 bh2=18.6 bg=15.6 carry=12.2 h0=9.3 h=9.3
v5_arena rows=5048 cfgs=215 cells=8945 total_mib=66.4 bx=28.6 bh=7.4 bh2=7.4 bg=6.2 h0=3.7 h=3.7 h2=3.7
v5_arena rows=22250 cfgs=612 cells=181141 total_mib=328.9 bx=126.0 bh=32.6 bh2=32.6 bg=27.2 carry=25.2 h0=16.3 h=16.3
v5_arena rows=14930 cfgs=9343 cells=200374 total_mib=213.0 bx=84.6 bh=21.9 bh2=21.9 bg=18.3 h0=10.9 h=10.9 h2=10.9
v5_arena rows=5270 cfgs=265 cells=7581 total_mib=71.7 bx=29.9 bh=7.7 bh2=7.7 bg=6.4 h0=3.9 h=3.9 h2=3.9
v5_arena rows=11976 cfgs=5826 cells=53378 total_mib=169.2 bx=67.8 bh=17.5 bh2=17.5 bg=14.6 h0=8.8 h=8.8 h2=8.8
v5_arena rows=11689 cfgs=7263 cells=53031 total_mib=167.7 bx=66.2 bh=17.1 bh2=17.1 bg=14.3 carry=9.4 h0=8.6 h=8.6
v5_arena rows=10822 cfgs=2903 cells=64135 total_mib=154.3 bx=61.3 bh=15.9 bh2=15.9 bg=13.2 carry=9.0 h0=7.9 h=7.9
v5_arena rows=20063 cfgs=8404 cells=114589 total_mib=294.3 bx=113.7 bh=29.4 bh2=29.4 bg=24.5 carry=20.2 h0=14.7 h=14.7
v5_arena rows=9058 cfgs=6301 cells=50038 total_mib=132.9 bx=51.3 bh=13.3 bh2=13.3 bg=11.1 carry=8.5 h0=6.6 h=6.6
v5_arena rows=11646 cfgs=4198 cells=57515 total_mib=165.1 bx=66.0 bh=17.1 bh2=17.1 bg=14.2 carry=8.8 h0=8.5 h=8.5
v5_arena rows=10297 cfgs=7175 cells=63018 total_mib=149.1 bx=58.3 bh=15.1 bh2=15.1 bg=12.6 carry=8.5 h0=7.5 h=7.5
v5_arena rows=6124 cfgs=4676 cells=59386 total_mib=98.5 bx=34.7 carry=10.1 bh=9.0 bh2=9.0 bg=7.5 h0=4.5 h=4.5
v5_arena rows=39666 cfgs=341 cells=194288 total_mib=541.4 bx=224.7 bh=58.1 bh2=58.1 bg=48.4 h0=29.1 h=29.1 h2=29.1
v5_arena rows=8200 cfgs=4796 cells=30541 total_mib=116.3 bx=46.5 bh=12.0 bh2=12.0 bg=10.0 h0=6.0 h=6.0 h2=6.0
v5_arena rows=11474 cfgs=4280 cells=67633 total_mib=170.4 bx=65.0 bh=16.8 bh2=16.8 bg=14.0 carry=12.8 h0=8.4 h=8.4
v5_arena rows=20314 cfgs=6968 cells=239475 total_mib=301.7 bx=115.1 bh=29.8 bh2=29.8 bg=24.8 carry=22.7 h0=14.9 h=14.9
v5_arena rows=19204 cfgs=135 cells=22841 total_mib=256.9 bx=108.8 bh=28.1 bh2=28.1 bg=23.4 h0=14.1 h=14.1 h2=14.1
v5_arena rows=19423 cfgs=7745 cells=102178 total_mib=284.0 bx=110.0 bh=28.5 bh2=28.5 bg=23.7 carry=19.3 h0=14.2 h=14.2
v5_arena rows=14621 cfgs=4465 cells=236081 total_mib=208.2 bx=82.8 bh=21.4 bh2=21.4 bg=17.9 carry=11.7 h0=10.7 h=10.7
v5_arena rows=14145 cfgs=8476 cells=61736 total_mib=204.8 bx=80.1 bh=20.7 bh2=20.7 bg=17.3 carry=12.2 h0=10.4 h=10.4
v5_arena rows=13992 cfgs=602 cells=108724 total_mib=214.5 bx=79.3 carry=21.1 bh=20.5 bh2=20.5 bg=17.1 h0=10.2 h=10.2
v5_arena rows=11683 cfgs=4583 cells=300538 total_mib=173.2 bx=66.2 bh=17.1 bh2=17.1 bg=14.3 carry=11.9 h0=8.6 h=8.6
v5_arena rows=11193 cfgs=8976 cells=94501 total_mib=164.8 bx=63.4 bh=16.4 bh2=16.4 bg=13.7 carry=10.3 h0=8.2 h=8.2
v5_arena rows=19647 cfgs=7068 cells=306022 total_mib=285.5 bx=111.3 bh=28.8 bh2=28.8 bg=24.0 carry=17.7 h0=14.4 h=14.4
v5_arena rows=4224 cfgs=718 cells=32867 total_mib=61.0 bx=23.9 bh=6.2 bh2=6.2 bg=5.2 carry=3.8 h0=3.1 h=3.1
v5_arena rows=12467 cfgs=7671 cells=79969 total_mib=180.1 bx=70.6 bh=18.3 bh2=18.3 bg=15.2 carry=10.5 h0=9.1 h=9.1
v5_arena rows=12573 cfgs=7504 cells=173361 total_mib=181.1 bx=71.2 bh=18.4 bh2=18.4 bg=15.4 carry=9.8 h0=9.2 h=9.2
v5_arena rows=10152 cfgs=6061 cells=40745 total_mib=144.8 bx=57.5 bh=14.9 bh2=14.9 bg=12.4 carry=7.6 h0=7.4 h=7.4
v5_arena rows=6429 cfgs=3404 cells=43586 total_mib=93.1 bx=36.4 bh=9.4 bh2=9.4 bg=7.9 carry=5.5 h0=4.7 h=4.7
v5_arena rows=21746 cfgs=9877 cells=203012 total_mib=304.5 bx=123.2 bh=31.9 bh2=31.9 bg=26.6 h0=15.9 h=15.9 h2=15.9
v5_arena rows=15901 cfgs=8816 cells=117452 total_mib=226.2 bx=90.1 bh=23.3 bh2=23.3 bg=19.5 carry=11.7 h0=11.6 h=11.6
v5_arena rows=16297 cfgs=3259 cells=109469 total_mib=225.5 bx=92.3 bh=23.9 bh2=23.9 bg=19.9 h0=11.9 h=11.9 h2=11.9
v5_arena rows=8599 cfgs=467 cells=29616 total_mib=115.9 bx=48.7 bh=12.6 bh2=12.6 bg=10.5 h0=6.3 h=6.3 h2=6.3
v5_arena rows=60076 cfgs=379 cells=73291 total_mib=876.7 bx=340.3 bh=88.0 bh2=88.0 bg=73.3 carry=67.2 h0=44.0 h=44.0
v5_arena rows=11732 cfgs=8660 cells=94184 total_mib=172.0 bx=66.5 bh=17.2 bh2=17.2 bg=14.4 carry=10.8 h0=8.6 h=8.6
v5_arena rows=19663 cfgs=6153 cells=114789 total_mib=273.1 bx=111.4 bh=28.8 bh2=28.8 bg=24.0 h0=14.4 h=14.4 h2=14.4
v5_arena rows=17947 cfgs=4633 cells=111172 total_mib=250.8 bx=101.7 bh=26.3 bh2=26.3 bg=21.9 h0=13.1 h=13.1 h2=13.1
v5_arena rows=10989 cfgs=6871 cells=193665 total_mib=161.4 bx=62.3 bh=16.1 bh2=16.1 bg=13.4 carry=9.7 h0=8.0 h=8.0
v5_arena rows=14770 cfgs=5041 cells=104861 total_mib=214.7 bx=83.7 bh=21.6 bh2=21.6 bg=18.0 carry=14.3 h0=10.8 h=10.8
v5_arena rows=16981 cfgs=546 cells=299191 total_mib=272.1 bx=96.2 carry=28.3 bh=24.9 bh2=24.9 bg=20.7 h0=12.4 h=12.4
v5_arena rows=25100 cfgs=858 cells=186448 total_mib=375.3 bx=142.2 bh=36.8 bh2=36.8 carry=30.7 bg=30.6 h0=18.4 h=18.4
v5_arena rows=12317 cfgs=3084 cells=73983 total_mib=173.0 bx=69.8 bh=18.0 bh2=18.0 bg=15.0 h0=9.0 h=9.0 h2=9.0
v5_arena rows=45322 cfgs=367 cells=228641 total_mib=624.3 bx=256.7 bh=66.4 bh2=66.4 bg=55.3 h0=33.2 h=33.2 h2=33.2
v5_arena rows=94007 cfgs=386 cells=4867733 total_mib=1359.5 bx=532.5 bh=137.7 bh2=137.7 bg=114.8 h0=68.9 h=68.9 h2=68.9
v5_arena rows=30980 cfgs=24 cells=116215 total_mib=393.9 bx=175.5 bh=45.4 bh2=45.4 bg=37.8 h0=22.7 h=22.7 h2=22.7
v5_arena rows=21280 cfgs=72 cells=143680 total_mib=277.9 bx=120.5 bh=31.2 bh2=31.2 bg=26.0 h0=15.6 h=15.6 h2=15.6
v5_arena rows=18504 cfgs=162 cells=22872 total_mib=248.5 bx=104.8 bh=27.1 bh2=27.1 bg=22.6 h0=13.6 h=13.6 h2=13.6
v5_arena rows=2350 cfgs=698 cells=29040 total_mib=33.0 bx=13.3 bh=3.4 bh2=3.4 bg=2.9 h0=1.7 h=1.7 h2=1.7
v5_arena rows=46351 cfgs=372 cells=71578 total_mib=622.6 bx=262.6 bh=67.9 bh2=67.9 bg=56.6 h0=33.9 h=33.9 h2=33.9
v5_arena rows=28031 cfgs=205 cells=147766 total_mib=369.3 bx=158.8 bh=41.1 bh2=41.1 bg=34.2 h0=20.5 h=20.5 h2=20.5
v5_arena rows=3596 cfgs=179 cells=6802 total_mib=46.8 bx=20.4 bh=5.3 bh2=5.3 bg=4.4 h0=2.6 h=2.6 h2=2.6
v5_arena rows=26700 cfgs=290 cells=102268 total_mib=382.4 bx=151.3 bh=39.1 bh2=39.1 bg=32.6 carry=24.7 h0=19.6 h=19.6
v5_arena rows=8085 cfgs=66 cells=106116 total_mib=105.4 bx=45.8 bh=11.8 bh2=11.8 bg=9.9 h0=5.9 h=5.9 h2=5.9
v5_arena rows=22524 cfgs=8130 cells=188295 total_mib=326.5 bx=127.6 bh=33.0 bh2=33.0 bg=27.5 carry=21.2 h0=16.5 h=16.5
v5_arena rows=26440 cfgs=81 cells=116435 total_mib=343.7 bx=149.8 bh=38.7 bh2=38.7 bg=32.3 h0=19.4 h=19.4 h2=19.4
v5_arena rows=19083 cfgs=11456 cells=194203 total_mib=275.1 bx=108.1 bh=28.0 bh2=28.0 bg=23.3 carry=16.0 h0=14.0 h=14.0
v5_arena rows=16330 cfgs=7849 cells=244384 total_mib=231.6 bx=92.5 bh=23.9 bh2=23.9 bg=20.0 h0=12.0 h=12.0 h2=12.0
v5_arena rows=17495 cfgs=5511 cells=129335 total_mib=247.8 bx=99.1 bh=25.6 bh2=25.6 bg=21.4 carry=13.3 h0=12.8 h=12.8
v5_arena rows=11304 cfgs=8209 cells=134714 total_mib=166.2 bx=64.0 bh=16.6 bh2=16.6 bg=13.8 carry=10.6 h0=8.3 h=8.3
v5_arena rows=16894 cfgs=8386 cells=237687 total_mib=240.1 bx=95.7 bh=24.7 bh2=24.7 bg=20.7 h0=12.4 h=12.4 h2=12.4
v5_arena rows=15278 cfgs=8072 cells=225564 total_mib=223.6 bx=86.5 bh=22.4 bh2=22.4 bg=18.7 carry=14.3 h0=11.2 h=11.2
v5_arena rows=18142 cfgs=6819 cells=150781 total_mib=261.9 bx=102.8 bh=26.6 bh2=26.6 bg=22.2 carry=16.0 h0=13.3 h=13.3
v5_arena rows=15006 cfgs=6062 cells=225258 total_mib=221.0 bx=85.0 bh=22.0 bh2=22.0 bg=18.3 carry=15.2 h0=11.0 h=11.0
v5_arena rows=13385 cfgs=2287 cells=191208 total_mib=185.2 bx=75.8 bh=19.6 bh2=19.6 bg=16.4 h0=9.8 h=9.8 h2=9.8
v5_arena rows=13188 cfgs=5823 cells=165922 total_mib=185.6 bx=74.7 bh=19.3 bh2=19.3 bg=16.1 h0=9.7 h=9.7 h2=9.7
v5_arena rows=12252 cfgs=6615 cells=97227 total_mib=175.3 bx=69.4 bh=17.9 bh2=17.9 bg=15.0 carry=9.4 h0=9.0 h=9.0
v5_arena rows=10522 cfgs=4646 cells=110697 total_mib=146.8 bx=59.6 bh=15.4 bh2=15.4 bg=12.9 h0=7.7 h=7.7 h2=7.7
v5_arena rows=12155 cfgs=9493 cells=128598 total_mib=179.4 bx=68.9 bh=17.8 bh2=17.8 bg=14.9 carry=11.9 h0=8.9 h=8.9
v5_arena rows=4914 cfgs=3968 cells=31254 total_mib=72.8 bx=27.8 bh=7.2 bh2=7.2 bg=6.0 carry=5.0 h0=3.6 h=3.6
v5_arena rows=16424 cfgs=550 cells=136188 total_mib=222.8 bx=93.0 bh=24.1 bh2=24.1 bg=20.1 h0=12.0 h=12.0 h2=12.0
v5_arena rows=3080 cfgs=448 cells=51936 total_mib=45.9 bx=17.4 bh=4.5 bh2=4.5 bg=3.8 carry=3.2 h0=2.3 h=2.3
v5_arena rows=18041 cfgs=11803 cells=502639 total_mib=267.3 bx=102.2 bh=26.4 bh2=26.4 bg=22.1 carry=16.4 h0=13.2 h=13.2
v5_arena rows=22651 cfgs=5746 cells=245817 total_mib=317.4 bx=128.3 bh=33.2 bh2=33.2 bg=27.7 h0=16.6 h=16.6 h2=16.6
v5_arena rows=28657 cfgs=7745 cells=298106 total_mib=401.3 bx=162.3 bh=42.0 bh2=42.0 bg=35.0 h0=21.0 h=21.0 h2=21.0
v5_arena rows=25366 cfgs=950 cells=358104 total_mib=420.7 bx=143.7 carry=50.5 bh=37.2 bh2=37.2 bg=31.0 h0=18.6 h=18.6
v5_arena rows=36267 cfgs=942 cells=90976 total_mib=527.1 bx=205.4 bh=53.1 bh2=53.1 bg=44.3 carry=38.6 h0=26.6 h=26.6
v5_arena rows=34178 cfgs=298 cells=175576 total_mib=475.4 bx=193.6 bh=50.1 bh2=50.1 bg=41.7 h0=25.0 h=25.0 h2=25.0
v5_arena rows=26352 cfgs=611 cells=1956996 total_mib=405.8 bx=149.3 bh=38.6 bh2=38.6 bg=32.2 carry=24.0 h0=19.3 h=19.3
v5_arena rows=13988 cfgs=5006 cells=65752 total_mib=202.6 bx=79.2 bh=20.5 bh2=20.5 bg=17.1 carry=13.0 h0=10.2 h=10.2
v5_arena rows=12967 cfgs=4641 cells=49643 total_mib=188.1 bx=73.5 bh=19.0 bh2=19.0 bg=15.8 carry=12.4 h0=9.5 h=9.5
v5_arena rows=13537 cfgs=2601 cells=72682 total_mib=189.5 bx=76.7 bh=19.8 bh2=19.8 bg=16.5 h0=9.9 h=9.9 h2=9.9
v5_arena rows=14421 cfgs=415 cells=1311838 total_mib=225.6 bx=81.7 bh=21.1 bh2=21.1 bg=17.6 carry=14.0 h0=10.6 h=10.6
v5_arena rows=20500 cfgs=589 cells=257213 total_mib=287.6 bx=116.1 bh=30.0 bh2=30.0 bg=25.0 h0=15.0 h=15.0 h2=15.0
v5_arena rows=20283 cfgs=469 cells=25677 total_mib=296.3 bx=114.9 bh=29.7 bh2=29.7 bg=24.8 carry=22.3 h0=14.9 h=14.9
v5_arena rows=18321 cfgs=12684 cells=182842 total_mib=265.8 bx=103.8 bh=26.8 bh2=26.8 bg=22.4 carry=16.0 h0=13.4 h=13.4
v5_arena rows=4307 cfgs=135 cells=77550 total_mib=57.1 bx=24.4 bh=6.3 bh2=6.3 bg=5.3 h0=3.2 h=3.2 h2=3.2
v5_arena rows=15946 cfgs=4546 cells=497905 total_mib=230.4 bx=90.3 bh=23.4 bh2=23.4 bg=19.5 carry=12.5 h0=11.7 h=11.7
v5_arena rows=15379 cfgs=6828 cells=260397 total_mib=215.9 bx=87.1 bh=22.5 bh2=22.5 bg=18.8 h0=11.3 h=11.3 h2=11.3
v5_arena rows=3451 cfgs=196 cells=20312 total_mib=45.4 bx=19.5 bh=5.1 bh2=5.1 bg=4.2 h0=2.5 h=2.5 h2=2.5
v5_arena rows=3688 cfgs=129 cells=5969 total_mib=48.2 bx=20.9 bh=5.4 bh2=5.4 bg=4.5 h0=2.7 h=2.7 h2=2.7
v5_arena rows=25823 cfgs=90 cells=30633 total_mib=335.4 bx=146.3 bh=37.8 bh2=37.8 bg=31.5 h0=18.9 h=18.9 h2=18.9
v5_arena rows=16641 cfgs=4386 cells=147385 total_mib=233.0 bx=94.3 bh=24.4 bh2=24.4 bg=20.3 h0=12.2 h=12.2 h2=12.2
v5_arena rows=14113 cfgs=7139 cells=215673 total_mib=200.9 bx=79.9 bh=20.7 bh2=20.7 bg=17.3 h0=10.3 h=10.3 h2=10.3
v5_arena rows=3315 cfgs=132 cells=4758 total_mib=43.9 bx=18.8 bh=4.9 bh2=4.9 bg=4.0 h0=2.4 h=2.4 h2=2.4
v5_arena rows=8900 cfgs=4281 cells=145964 total_mib=126.6 bx=50.4 bh=13.0 bh2=13.0 bg=10.9 carry=6.6 h0=6.5 h=6.5
v5_arena rows=18139 cfgs=3041 cells=222448 total_mib=246.5 bx=102.8 bh=26.6 bh2=26.6 bg=22.2 h0=13.3 h=13.3 h2=13.3
v5_arena rows=19603 cfgs=3924 cells=238212 total_mib=272.7 bx=111.0 bh=28.7 bh2=28.7 bg=23.9 h0=14.4 h=14.4 h2=14.4
v5_arena rows=8117 cfgs=6638 cells=148278 total_mib=121.2 bx=46.0 bh=11.9 bh2=11.9 bg=9.9 carry=8.3 h0=5.9 h=5.9
v5_arena rows=9676 cfgs=6804 cells=174387 total_mib=142.1 bx=54.8 bh=14.2 bh2=14.2 bg=11.8 carry=9.0 h0=7.1 h=7.1
v5_arena rows=11134 cfgs=5899 cells=79047 total_mib=159.1 bx=63.1 bh=16.3 bh2=16.3 bg=13.6 carry=8.7 h0=8.2 h=8.2
v5_arena rows=12837 cfgs=7734 cells=124251 total_mib=182.7 bx=72.7 bh=18.8 bh2=18.8 bg=15.7 carry=9.5 h0=9.4 h=9.4
v5_arena rows=10684 cfgs=5503 cells=215849 total_mib=153.4 bx=60.5 bh=15.7 bh2=15.7 bg=13.1 h0=7.8 h=7.8 h2=7.8
v5_arena rows=45952 cfgs=224 cells=343515 total_mib=629.5 bx=260.3 bh=67.3 bh2=67.3 bg=56.1 h0=33.7 h=33.7 h2=33.7
v5_arena rows=35609 cfgs=8037 cells=463838 total_mib=495.2 bx=201.7 bh=52.2 bh2=52.2 bg=43.5 h0=26.1 h=26.1 h2=26.1
v5_arena rows=4421 cfgs=46 cells=7746 total_mib=56.4 bx=25.0 bh=6.5 bh2=6.5 bg=5.4 h0=3.2 h=3.2 h2=3.2
v5_arena rows=5255 cfgs=730 cells=56328 total_mib=70.3 bx=29.8 bh=7.7 bh2=7.7 bg=6.4 h0=3.8 h=3.8 h2=3.8
v5_arena rows=11721 cfgs=6700 cells=242516 total_mib=168.3 bx=66.4 bh=17.2 bh2=17.2 bg=14.3 carry=8.8 h0=8.6 h=8.6
v5_arena rows=10098 cfgs=3532 cells=237554 total_mib=150.6 bx=57.2 bh=14.8 bh2=14.8 bg=12.3 carry=11.0 h0=7.4 h=7.4
v5_arena rows=14075 cfgs=7744 cells=142786 total_mib=199.6 bx=79.7 bh=20.6 bh2=20.6 bg=17.2 h0=10.3 h=10.3 h2=10.3
v5_arena rows=16849 cfgs=6652 cells=251389 total_mib=241.4 bx=95.4 bh=24.7 bh2=24.7 bg=20.6 carry=13.3 h0=12.3 h=12.3
v5_arena rows=3240 cfgs=121 cells=6740 total_mib=42.6 bx=18.4 bh=4.7 bh2=4.7 bg=4.0 h0=2.4 h=2.4 h2=2.4
v5_arena rows=26014 cfgs=550 cells=206092 total_mib=372.5 bx=147.4 bh=38.1 bh2=38.1 bg=31.8 carry=23.2 h0=19.1 h=19.1
v5_arena rows=24782 cfgs=12136 cells=398609 total_mib=379.7 bx=140.4 bh=36.3 bh2=36.3 carry=33.4 bg=30.3 h0=18.2 h=18.2
v5_arena rows=13869 cfgs=11310 cells=281136 total_mib=206.3 bx=78.6 bh=20.3 bh2=20.3 bg=17.0 carry=13.6 h0=10.2 h=10.2
v5_arena rows=15180 cfgs=6211 cells=119044 total_mib=220.5 bx=86.0 bh=22.2 bh2=22.2 bg=18.5 carry=14.7 h0=11.1 h=11.1
v5_arena rows=21212 cfgs=976 cells=53564 total_mib=287.7 bx=120.2 bh=31.1 bh2=31.1 bg=25.9 h0=15.5 h=15.5 h2=15.5
v5_arena rows=22906 cfgs=587 cells=28038 total_mib=367.6 bx=129.8 carry=42.2 bh=33.6 bh2=33.6 bg=28.0 h0=16.8 h=16.8
v5_arena rows=16483 cfgs=4775 cells=408355 total_mib=232.0 bx=93.4 bh=24.1 bh2=24.1 bg=20.1 h0=12.1 h=12.1 h2=12.1
v5_arena rows=19140 cfgs=4439 cells=284944 total_mib=270.0 bx=108.4 bh=28.0 bh2=28.0 bg=23.4 h0=14.0 h=14.0 h2=14.0
v5_arena rows=11440 cfgs=7196 cells=203341 total_mib=167.1 bx=64.8 bh=16.8 bh2=16.8 bg=14.0 carry=9.6 h0=8.4 h=8.4
v5_arena rows=9427 cfgs=6291 cells=314705 total_mib=140.1 bx=53.4 bh=13.8 bh2=13.8 bg=11.5 carry=8.3 h0=6.9 h=6.9
v5_arena rows=22863 cfgs=4867 cells=238437 total_mib=316.2 bx=129.5 bh=33.5 bh2=33.5 bg=27.9 h0=16.7 h=16.7 h2=16.7
v5_arena rows=14632 cfgs=3183 cells=520984 total_mib=211.9 bx=82.9 bh=21.4 bh2=21.4 bg=17.9 carry=11.5 h0=10.7 h=10.7
v5_arena rows=17482 cfgs=3347 cells=220381 total_mib=240.9 bx=99.0 bh=25.6 bh2=25.6 bg=21.4 h0=12.8 h=12.8 h2=12.8
v5_arena rows=12891 cfgs=4015 cells=456958 total_mib=190.4 bx=73.0 bh=18.9 bh2=18.9 bg=15.7 carry=12.0 h0=9.4 h=9.4
v5_arena rows=18460 cfgs=5095 cells=491867 total_mib=263.7 bx=104.6 bh=27.0 bh2=27.0 bg=22.6 h0=13.5 h=13.5 h2=13.5
v5_arena rows=16911 cfgs=243 cells=196202 total_mib=234.6 bx=95.8 bh=24.8 bh2=24.8 bg=20.6 h0=12.4 h=12.4 h2=12.4
v5_arena rows=20395 cfgs=123 cells=39396 total_mib=267.9 bx=115.5 bh=29.9 bh2=29.9 bg=24.9 h0=14.9 h=14.9 h2=14.9
v5_arena rows=3040 cfgs=2016 cells=31490 total_mib=43.2 bx=17.2 bh=4.5 bh2=4.5 bg=3.7 carry=2.2 h0=2.2 h=2.2
v5_arena rows=9329 cfgs=4158 cells=43453 total_mib=130.1 bx=52.8 bh=13.7 bh2=13.7 bg=11.4 h0=6.8 h=6.8 h2=6.8
v5_arena rows=9628 cfgs=3690 cells=371744 total_mib=142.7 bx=54.5 bh=14.1 bh2=14.1 bg=11.8 carry=9.1 h0=7.1 h=7.1
v5_arena rows=8633 cfgs=4649 cells=121379 total_mib=123.0 bx=48.9 bh=12.6 bh2=12.6 bg=10.6 h0=6.3 h=6.3 h2=6.3
v5_arena rows=7413 cfgs=477 cells=392787 total_mib=113.7 bx=42.0 bh=10.9 bh2=10.9 carry=9.3 bg=9.1 h0=5.4 h=5.4
v5_arena rows=22755 cfgs=112 cells=44571 total_mib=297.3 bx=128.9 bh=33.3 bh2=33.3 bg=27.8 h0=16.7 h=16.7 h2=16.7
v5_arena rows=12964 cfgs=8601 cells=387309 total_mib=190.9 bx=73.4 bh=19.0 bh2=19.0 bg=15.9 carry=11.0 h0=9.5 h=9.5
v5_arena rows=12839 cfgs=826 cells=115706 total_mib=181.5 bx=72.7 bh=18.8 bh2=18.8 bg=15.7 carry=11.0 h0=9.4 h=9.4
v5_arena rows=10415 cfgs=2995 cells=275992 total_mib=155.3 bx=59.0 bh=15.3 bh2=15.3 bg=12.7 carry=11.3 h0=7.6 h=7.6
v5_arena rows=20982 cfgs=6042 cells=525848 total_mib=306.5 bx=118.9 bh=30.7 bh2=30.7 bg=25.6 carry=20.5 h0=15.4 h=15.4
v5_arena rows=25251 cfgs=6676 cells=287698 total_mib=357.7 bx=143.0 bh=37.0 bh2=37.0 bg=30.8 carry=19.6 h0=18.5 h=18.5
v5_arena rows=53990 cfgs=1535 cells=526839 total_mib=811.8 bx=305.8 bh=79.1 bh2=79.1 carry=74.8 bg=65.9 h0=39.5 h=39.5
v5_arena rows=21464 cfgs=6676 cells=341585 total_mib=307.3 bx=121.6 bh=31.4 bh2=31.4 bg=26.2 carry=16.9 h0=15.7 h=15.7
v5_arena rows=5365 cfgs=5462 cells=243111 total_mib=83.8 bx=30.4 bh=7.9 bh2=7.9 bg=6.6 carry=5.9 h0=3.9 h=3.9
v5_arena rows=15726 cfgs=186 cells=165646 total_mib=208.4 bx=89.1 bh=23.0 bh2=23.0 bg=19.2 h0=11.5 h=11.5 h2=11.5
v5_arena rows=35298 cfgs=419 cells=43530 total_mib=503.4 bx=200.0 bh=51.7 bh2=51.7 bg=43.1 carry=32.8 h0=25.9 h=25.9
v5_arena rows=8482 cfgs=4435 cells=260731 total_mib=123.5 bx=48.0 bh=12.4 bh2=12.4 bg=10.4 carry=6.6 h0=6.2 h=6.2
v5_arena rows=74716 cfgs=97 cells=336095 total_mib=950.6 bx=423.3 bh=109.4 bh2=109.4 bg=91.2 h0=54.7 h=54.7 h2=54.7
v5_arena rows=19879 cfgs=4336 cells=508764 total_mib=286.8 bx=112.6 bh=29.1 bh2=29.1 bg=24.3 carry=17.2 h0=14.6 h=14.6
v5_arena rows=9587 cfgs=2518 cells=429639 total_mib=143.3 bx=54.3 bh=14.0 bh2=14.0 bg=11.7 carry=9.1 h0=7.0 h=7.0
v5_arena rows=8434 cfgs=3904 cells=175597 total_mib=119.4 bx=47.8 bh=12.4 bh2=12.4 bg=10.3 h0=6.2 h=6.2 h2=6.2
v5_arena rows=11795 cfgs=6455 cells=360729 total_mib=170.5 bx=66.8 bh=17.3 bh2=17.3 bg=14.4 carry=8.8 h0=8.6 h=8.6
v5_arena rows=11494 cfgs=7734 cells=442421 total_mib=174.4 bx=65.1 bh=16.8 bh2=16.8 bg=14.1 carry=11.8 h0=8.4 h=8.4
v5_arena rows=16244 cfgs=10358 cells=250229 total_mib=238.8 bx=92.0 bh=23.8 bh2=23.8 bg=19.9 carry=15.0 h0=11.9 h=11.9
v5_arena rows=18460 cfgs=10266 cells=233035 total_mib=264.7 bx=104.6 bh=27.0 bh2=27.0 bg=22.6 carry=14.9 h0=13.5 h=13.5
v5_arena rows=3600 cfgs=579 cells=21060 total_mib=53.5 bx=20.4 bh=5.3 bh2=5.3 bg=4.4 carry=4.4 h0=2.6 h=2.6
v5_arena rows=50599 cfgs=203 cells=63782 total_mib=679.1 bx=286.6 bh=74.1 bh2=74.1 bg=61.8 h0=37.1 h=37.1 h2=37.1
v5_arena rows=10367 cfgs=6888 cells=347776 total_mib=153.1 bx=58.7 bh=15.2 bh2=15.2 bg=12.7 carry=9.1 h0=7.6 h=7.6
v5_arena rows=11831 cfgs=533 cells=189831 total_mib=162.9 bx=67.0 bh=17.3 bh2=17.3 bg=14.4 h0=8.7 h=8.7 h2=8.7
v5_arena rows=15181 cfgs=123 cells=18508 total_mib=200.0 bx=86.0 bh=22.2 bh2=22.2 bg=18.5 h0=11.1 h=11.1 h2=11.1
v5_arena rows=12016 cfgs=5256 cells=548930 total_mib=179.6 bx=68.1 bh=17.6 bh2=17.6 bg=14.7 carry=10.8 h0=8.8 h=8.8
v5_arena rows=45260 cfgs=546 cells=3000664 total_mib=705.3 bx=256.4 bh=66.3 bh2=66.3 carry=59.2 bg=55.3 h0=33.1 h=33.1
v5_arena rows=5804 cfgs=1465 cells=29577 total_mib=79.6 bx=32.9 bh=8.5 bh2=8.5 bg=7.1 h0=4.3 h=4.3 h2=4.3
v5_arena rows=7239 cfgs=622 cells=11960 total_mib=102.8 bx=41.0 bh=10.6 bh2=10.6 bg=8.8 carry=6.4 h0=5.3 h=5.3
v5_arena rows=25680 cfgs=429 cells=145631 total_mib=330.6 bx=145.5 bh=37.6 bh2=37.6 bg=31.4 h0=18.8 h=18.8 h2=18.8
v5_arena rows=11574 cfgs=7867 cells=422779 total_mib=175.1 bx=65.6 bh=17.0 bh2=17.0 bg=14.2 carry=11.9 h0=8.5 h=8.5
v5_arena rows=12233 cfgs=8757 cells=260272 total_mib=180.7 bx=69.3 bh=17.9 bh2=17.9 bg=15.0 carry=11.0 h0=9.0 h=9.0
v5_arena rows=10654 cfgs=6930 cells=350055 total_mib=156.9 bx=60.4 bh=15.6 bh2=15.6 bg=13.0 carry=8.9 h0=7.8 h=7.8
v5_arena rows=10497 cfgs=5462 cells=244088 total_mib=149.3 bx=59.5 bh=15.4 bh2=15.4 bg=12.8 h0=7.7 h=7.7 h2=7.7
v5_arena rows=35577 cfgs=1779 cells=1957434 total_mib=532.8 bx=201.5 bh=52.1 bh2=52.1 bg=43.4 carry=33.6 h0=26.1 h=26.1
v5_arena rows=23731 cfgs=396 cells=175627 total_mib=339.8 bx=134.4 bh=34.8 bh2=34.8 bg=29.0 carry=21.0 h0=17.4 h=17.4
v5_arena rows=95301 cfgs=986 cells=3321497 total_mib=1407.7 bx=539.9 bh=139.6 bh2=139.6 bg=116.3 carry=109.2 h0=69.8 h=69.8
v5_arena rows=14321 cfgs=3018 cells=256431 total_mib=198.9 bx=81.1 bh=21.0 bh2=21.0 bg=17.5 h0=10.5 h=10.5 h2=10.5
v5_arena rows=15535 cfgs=3601 cells=287583 total_mib=223.5 bx=88.0 bh=22.8 bh2=22.8 bg=19.0 carry=13.6 h0=11.4 h=11.4
v5_arena rows=13865 cfgs=6968 cells=285776 total_mib=196.6 bx=78.5 bh=20.3 bh2=20.3 bg=17.0 h0=10.2 h=10.2 h2=10.2
v5_arena rows=43027 cfgs=180 cells=209167 total_mib=569.0 bx=243.7 bh=63.0 bh2=63.0 bg=52.5 h0=31.5 h=31.5 h2=31.5
v5_arena rows=16226 cfgs=3240 cells=367184 total_mib=225.8 bx=91.9 bh=23.8 bh2=23.8 bg=19.8 h0=11.9 h=11.9 h2=11.9
v5_arena rows=20606 cfgs=5321 cells=380413 total_mib=292.7 bx=116.7 bh=30.2 bh2=30.2 bg=25.2 carry=16.2 h0=15.1 h=15.1
v5_arena rows=26460 cfgs=7720 cells=694037 total_mib=379.9 bx=149.9 bh=38.8 bh2=38.8 bg=32.3 carry=20.3 h0=19.4 h=19.4
v5_arena rows=4470 cfgs=347 cells=20463 total_mib=63.8 bx=25.3 bh=6.5 bh2=6.5 bg=5.5 carry=4.5 h0=3.3 h=3.3
v5_arena rows=11875 cfgs=460 cells=320154 total_mib=164.0 bx=67.3 bh=17.4 bh2=17.4 bg=14.5 h0=8.7 h=8.7 h2=8.7
v5_arena rows=6625 cfgs=3548 cells=92769 total_mib=94.6 bx=37.5 bh=9.7 bh2=9.7 bg=8.1 carry=5.2 h0=4.9 h=4.9
v5_arena rows=26718 cfgs=5323 cells=326670 total_mib=364.6 bx=151.4 bh=39.1 bh2=39.1 bg=32.6 h0=19.6 h=19.6 h2=19.6
v5_arena rows=14216 cfgs=138 cells=44104 total_mib=181.7 bx=80.5 bh=20.8 bh2=20.8 bg=17.4 h0=10.4 h=10.4 h2=10.4
v5_arena rows=23972 cfgs=6546 cells=613161 total_mib=338.4 bx=135.8 bh=35.1 bh2=35.1 bg=29.3 h0=17.6 h=17.6 h2=17.6
v5_arena rows=14834 cfgs=6747 cells=645936 total_mib=225.9 bx=84.0 bh=21.7 bh2=21.7 bg=18.1 carry=16.0 h0=10.9 h=10.9
v5_arena rows=9541 cfgs=4699 cells=215151 total_mib=134.3 bx=54.0 bh=14.0 bh2=14.0 bg=11.7 h0=7.0 h=7.0 h2=7.0
v5_arena rows=17683 cfgs=9121 cells=380865 total_mib=253.4 bx=100.2 bh=25.9 bh2=25.9 bg=21.6 carry=13.4 h0=13.0 h=13.0
v5_arena rows=12047 cfgs=5944 cells=243580 total_mib=171.0 bx=68.2 bh=17.6 bh2=17.6 bg=14.7 h0=8.8 h=8.8 h2=8.8
v5_arena rows=17268 cfgs=2954 cells=286927 total_mib=237.1 bx=97.8 bh=25.3 bh2=25.3 bg=21.1 h0=12.6 h=12.6 h2=12.6
v5_arena rows=18028 cfgs=7613 cells=278551 total_mib=250.5 bx=102.1 bh=26.4 bh2=26.4 bg=22.1 h0=13.2 h=13.2 h2=13.2
v5_arena rows=17796 cfgs=3016 cells=421780 total_mib=247.5 bx=100.8 bh=26.1 bh2=26.1 bg=21.7 h0=13.0 h=13.0 h2=13.0
v5_arena rows=7185 cfgs=295 cells=9905 total_mib=100.2 bx=40.7 bh=10.5 bh2=10.5 bg=8.8 carry=5.3 h0=5.3 h=5.3
v5_arena rows=31671 cfgs=816 cells=134013 total_mib=542.3 bx=179.4 carry=77.1 bh=46.4 bh2=46.4 bg=38.7 h0=23.2 h=23.2
v5_arena rows=14371 cfgs=6624 cells=360658 total_mib=202.8 bx=81.4 bh=21.1 bh2=21.1 bg=17.6 h0=10.5 h=10.5 h2=10.5
v5_arena rows=9325 cfgs=3952 cells=286357 total_mib=139.9 bx=52.8 bh=13.7 bh2=13.7 bg=11.4 carry=10.2 h0=6.8 h=6.8
v5_arena rows=6777 cfgs=3715 cells=91287 total_mib=95.8 bx=38.4 bh=9.9 bh2=9.9 bg=8.3 h0=5.0 h=5.0 h2=5.0
v5_arena rows=24545 cfgs=200 cells=525062 total_mib=333.9 bx=139.0 bh=36.0 bh2=36.0 bg=30.0 h0=18.0 h=18.0 h2=18.0
v5_arena rows=6366 cfgs=3707 cells=149772 total_mib=92.1 bx=36.1 bh=9.3 bh2=9.3 bg=7.8 carry=5.0 h0=4.7 h=4.7
v5_arena rows=21655 cfgs=5423 cells=780542 total_mib=310.4 bx=122.7 bh=31.7 bh2=31.7 bg=26.5 h0=15.9 h=15.9 h2=15.9
v5_arena rows=59392 cfgs=1405 cells=1305928 total_mib=835.4 bx=336.4 bh=87.0 bh2=87.0 bg=72.5 carry=43.6 h0=43.5 h=43.5
v5_arena rows=28350 cfgs=118 cells=54664 total_mib=370.0 bx=160.6 bh=41.5 bh2=41.5 bg=34.6 h0=20.8 h=20.8 h2=20.8
v5_arena rows=30344 cfgs=11714 cells=820774 total_mib=442.2 bx=171.9 bh=44.4 bh2=44.4 bg=37.1 carry=27.0 h0=22.2 h=22.2
v5_arena rows=39352 cfgs=60 cells=99703 total_mib=505.4 bx=222.9 bh=57.6 bh2=57.6 bg=48.0 h0=28.8 h=28.8 h2=28.8
v5_arena rows=6307 cfgs=94 cells=32604 total_mib=80.8 bx=35.7 bh=9.2 bh2=9.2 bg=7.7 h0=4.6 h=4.6 h2=4.6
v5_arena rows=10283 cfgs=6503 cells=280935 total_mib=150.0 bx=58.3 bh=15.1 bh2=15.1 bg=12.6 carry=8.7 h0=7.5 h=7.5
v5_arena rows=14654 cfgs=6555 cells=371663 total_mib=208.2 bx=83.0 bh=21.5 bh2=21.5 bg=17.9 h0=10.7 h=10.7 h2=10.7
v5_arena rows=10828 cfgs=6303 cells=380700 total_mib=157.3 bx=61.3 bh=15.9 bh2=15.9 bg=13.2 carry=7.9 h0=7.9 h=7.9
v5_arena rows=14962 cfgs=10101 cells=385760 total_mib=219.8 bx=84.8 bh=21.9 bh2=21.9 bg=18.3 carry=13.4 h0=11.0 h=11.0
v5_arena rows=24411 cfgs=3593 cells=395420 total_mib=331.0 bx=138.3 bh=35.8 bh2=35.8 bg=29.8 h0=17.9 h=17.9 h2=17.9
v5_arena rows=14535 cfgs=4612 cells=340518 total_mib=207.3 bx=82.3 bh=21.3 bh2=21.3 bg=17.8 carry=11.3 h0=10.6 h=10.6
v5_arena rows=12362 cfgs=6335 cells=343345 total_mib=181.7 bx=70.0 bh=18.1 bh2=18.1 bg=15.1 carry=12.0 h0=9.1 h=9.1
v5_arena rows=13694 cfgs=7195 cells=443847 total_mib=198.2 bx=77.6 bh=20.1 bh2=20.1 bg=16.7 carry=10.1 h0=10.0 h=10.0
v5_arena rows=16245 cfgs=4669 cells=557781 total_mib=233.8 bx=92.0 bh=23.8 bh2=23.8 bg=19.8 h0=11.9 h=11.9 h2=11.9
v5_arena rows=14744 cfgs=740 cells=309259 total_mib=200.9 bx=83.5 bh=21.6 bh2=21.6 bg=18.0 h0=10.8 h=10.8 h2=10.8
v5_arena rows=22283 cfgs=1349 cells=1583313 total_mib=336.3 bx=126.2 bh=32.6 bh2=32.6 bg=27.2 carry=18.0 h0=16.3 h=16.3
v5_arena rows=10477 cfgs=300 cells=44824 total_mib=145.1 bx=59.4 bh=15.3 bh2=15.3 bg=12.8 carry=7.7 h0=7.7 h=7.7
v5_arena rows=4776 cfgs=3201 cells=83550 total_mib=68.4 bx=27.1 bh=7.0 bh2=7.0 bg=5.8 h0=3.5 h=3.5 h2=3.5
v5_arena rows=38179 cfgs=406 cells=1952200 total_mib=564.2 bx=216.3 bh=55.9 bh2=55.9 bg=46.6 carry=34.7 h0=28.0 h=28.0
v5_arena rows=17255 cfgs=5365 cells=448284 total_mib=251.3 bx=97.7 bh=25.3 bh2=25.3 bg=21.1 carry=15.5 h0=12.6 h=12.6
v5_arena rows=18778 cfgs=4019 cells=342973 total_mib=259.8 bx=106.4 bh=27.5 bh2=27.5 bg=22.9 h0=13.8 h=13.8 h2=13.8
v5_arena rows=12011 cfgs=4458 cells=671421 total_mib=182.1 bx=68.0 bh=17.6 bh2=17.6 bg=14.7 carry=11.8 h0=8.8 h=8.8
v5_arena rows=6553 cfgs=3418 cells=144151 total_mib=93.0 bx=37.1 bh=9.6 bh2=9.6 bg=8.0 h0=4.8 h=4.8 h2=4.8
v5_arena rows=16465 cfgs=3308 cells=459707 total_mib=234.2 bx=93.3 bh=24.1 bh2=24.1 bg=20.1 carry=12.1 h0=12.1 h=12.1
v5_arena rows=13711 cfgs=7811 cells=277473 total_mib=196.3 bx=77.7 bh=20.1 bh2=20.1 bg=16.8 carry=10.3 h0=10.0 h=10.0
v5_arena rows=31773 cfgs=289 cells=201044 total_mib=416.6 bx=180.0 bh=46.5 bh2=46.5 bg=38.8 h0=23.3 h=23.3 h2=23.3
v5_arena rows=71946 cfgs=421 cells=2347147 total_mib=997.6 bx=407.6 bh=105.4 bh2=105.4 bg=87.8 h0=52.7 h=52.7 h2=52.7
v5_arena rows=17383 cfgs=2806 cells=388197 total_mib=236.3 bx=98.5 bh=25.5 bh2=25.5 bg=21.2 h0=12.7 h=12.7 h2=12.7
v5_arena rows=4550 cfgs=222 cells=65312 total_mib=61.0 bx=25.8 bh=6.7 bh2=6.7 bg=5.6 h0=3.3 h=3.3 h2=3.3
v5_arena rows=5215 cfgs=2420 cells=88254 total_mib=72.2 bx=29.5 bh=7.6 bh2=7.6 bg=6.4 h0=3.8 h=3.8 h2=3.8
v5_arena rows=19639 cfgs=3416 cells=453231 total_mib=269.3 bx=111.3 bh=28.8 bh2=28.8 bg=24.0 h0=14.4 h=14.4 h2=14.4
v5_arena rows=16478 cfgs=10794 cells=463504 total_mib=243.2 bx=93.3 bh=24.1 bh2=24.1 bg=20.2 carry=15.0 h0=12.1 h=12.1
v5_arena rows=17916 cfgs=2853 cells=229852 total_mib=246.4 bx=101.5 bh=26.2 bh2=26.2 bg=21.9 h0=13.1 h=13.1 h2=13.1
v5_arena rows=61544 cfgs=158 cells=75182 total_mib=785.1 bx=348.6 bh=90.2 bh2=90.2 bg=75.1 h0=45.1 h=45.1 h2=45.1
v5_arena rows=30983 cfgs=1000 cells=967432 total_mib=437.0 bx=175.5 bh=45.4 bh2=45.4 bg=37.8 h0=22.7 h=22.7 h2=22.7
v5_arena rows=3137 cfgs=658 cells=126666 total_mib=47.6 bx=17.8 bh=4.6 bh2=4.6 carry=4.0 bg=3.8 h0=2.3 h=2.3
v5_arena rows=61262 cfgs=780 cells=269756 total_mib=872.1 bx=347.0 bh=89.7 bh2=89.7 bg=74.8 carry=55.5 h0=44.9 h=44.9
v5_arena rows=9541 cfgs=5358 cells=183239 total_mib=137.2 bx=54.0 bh=14.0 bh2=14.0 bg=11.7 carry=7.4 h0=7.0 h=7.0
v5_arena rows=12826 cfgs=6026 cells=274352 total_mib=181.2 bx=72.7 bh=18.8 bh2=18.8 bg=15.7 h0=9.4 h=9.4 h2=9.4
v5_arena rows=4890 cfgs=203 cells=34444 total_mib=65.7 bx=27.7 bh=7.2 bh2=7.2 bg=6.0 h0=3.6 h=3.6 h2=3.6
v5_arena rows=4551 cfgs=143 cells=19341 total_mib=59.9 bx=25.8 bh=6.7 bh2=6.7 bg=5.6 h0=3.3 h=3.3 h2=3.3
v5_arena rows=12092 cfgs=8335 cells=557973 total_mib=181.6 bx=68.5 bh=17.7 bh2=17.7 bg=14.8 carry=10.8 h0=8.9 h=8.9
v5_arena rows=8283 cfgs=2725 cells=159112 total_mib=113.2 bx=46.9 bh=12.1 bh2=12.1 bg=10.1 h0=6.1 h=6.1 h2=6.1
v5_arena rows=26911 cfgs=590 cells=604303 total_mib=370.4 bx=152.4 bh=39.4 bh2=39.4 bg=32.9 h0=19.7 h=19.7 h2=19.7
v5_arena rows=26871 cfgs=9225 cells=877058 total_mib=392.6 bx=152.2 bh=39.4 bh2=39.4 bg=32.8 carry=23.4 h0=19.7 h=19.7
v5_arena rows=13339 cfgs=7922 cells=344359 total_mib=193.9 bx=75.6 bh=19.5 bh2=19.5 bg=16.3 carry=10.9 h0=9.8 h=9.8
v5_arena rows=5812 cfgs=4211 cells=313678 total_mib=89.7 bx=32.9 bh=8.5 bh2=8.5 bg=7.1 carry=6.2 h0=4.3 h=4.3
v5_arena rows=9748 cfgs=4974 cells=383084 total_mib=142.8 bx=55.2 bh=14.3 bh2=14.3 bg=11.9 carry=7.5 h0=7.1 h=7.1
v5_arena rows=9855 cfgs=4210 cells=547330 total_mib=153.1 bx=55.8 bh=14.4 bh2=14.4 carry=12.2 bg=12.0 h0=7.2 h=7.2
v5_arena rows=11180 cfgs=6249 cells=586125 total_mib=167.4 bx=63.3 bh=16.4 bh2=16.4 bg=13.7 carry=9.3 h0=8.2 h=8.2
v5_arena rows=22387 cfgs=5465 cells=664756 total_mib=319.0 bx=126.8 bh=32.8 bh2=32.8 bg=27.3 h0=16.4 h=16.4 h2=16.4
v5_arena rows=20207 cfgs=10384 cells=626122 total_mib=288.5 bx=114.5 bh=29.6 bh2=29.6 bg=24.7 h0=14.8 h=14.8 h2=14.8
v5_arena rows=26512 cfgs=265 cells=129067 total_mib=351.3 bx=150.2 bh=38.8 bh2=38.8 bg=32.4 h0=19.4 h=19.4 h2=19.4
v5_arena rows=12442 cfgs=3437 cells=424174 total_mib=178.1 bx=70.5 bh=18.2 bh2=18.2 bg=15.2 h0=9.1 h=9.1 h2=9.1
v5_arena rows=10589 cfgs=4004 cells=337812 total_mib=158.9 bx=60.0 bh=15.5 bh2=15.5 bg=12.9 carry=12.0 h0=7.8 h=7.8
v5_arena rows=39509 cfgs=747 cells=538684 total_mib=537.9 bx=223.8 bh=57.9 bh2=57.9 bg=48.2 h0=28.9 h=28.9 h2=28.9
v5_arena rows=14964 cfgs=7765 cells=606091 total_mib=218.3 bx=84.8 bh=21.9 bh2=21.9 bg=18.3 carry=11.0 h0=11.0 h=11.0
v5_arena rows=13581 cfgs=4933 cells=214895 total_mib=195.7 bx=76.9 bh=19.9 bh2=19.9 bg=16.6 carry=11.8 h0=9.9 h=9.9
v5_arena rows=24693 cfgs=6090 cells=449294 total_mib=345.2 bx=139.9 bh=36.2 bh2=36.2 bg=30.2 h0=18.1 h=18.1 h2=18.1
v5_arena rows=13483 cfgs=3197 cells=387821 total_mib=190.6 bx=76.4 bh=19.8 bh2=19.8 bg=16.5 h0=9.9 h=9.9 h2=9.9
v5_arena rows=15693 cfgs=9139 cells=493993 total_mib=228.5 bx=88.9 bh=23.0 bh2=23.0 bg=19.2 carry=12.5 h0=11.5 h=11.5
v5_arena rows=3083 cfgs=58 cells=23161 total_mib=39.6 bx=17.5 bh=4.5 bh2=4.5 bg=3.8 h0=2.3 h=2.3 h2=2.3
v5_arena rows=18884 cfgs=829 cells=232527 total_mib=259.0 bx=107.0 bh=27.7 bh2=27.7 bg=23.1 h0=13.8 h=13.8 h2=13.8
v5_arena rows=9785 cfgs=5242 cells=246348 total_mib=141.6 bx=55.4 bh=14.3 bh2=14.3 bg=12.0 carry=7.9 h0=7.2 h=7.2
v5_arena rows=14861 cfgs=304 cells=738719 total_mib=214.8 bx=84.2 bh=21.8 bh2=21.8 bg=18.1 h0=10.9 h=10.9 h2=10.9
v5_arena rows=6732 cfgs=3053 cells=109724 total_mib=94.1 bx=38.1 bh=9.9 bh2=9.9 bg=8.2 h0=4.9 h=4.9 h2=4.9
v5_arena rows=13009 cfgs=3306 cells=587550 total_mib=189.8 bx=73.7 bh=19.1 bh2=19.1 bg=15.9 carry=10.0 h0=9.5 h=9.5
v5_arena rows=10287 cfgs=5773 cells=300891 total_mib=149.1 bx=58.3 bh=15.1 bh2=15.1 bg=12.6 carry=8.1 h0=7.5 h=7.5
v5_arena rows=21509 cfgs=3849 cells=493746 total_mib=299.3 bx=121.8 bh=31.5 bh2=31.5 bg=26.3 h0=15.8 h=15.8 h2=15.8
v5_arena rows=9936 cfgs=6828 cells=242503 total_mib=145.9 bx=56.3 bh=14.6 bh2=14.6 bg=12.2 carry=9.0 h0=7.3 h=7.3
v5_arena rows=17002 cfgs=3847 cells=464346 total_mib=242.1 bx=96.3 bh=24.9 bh2=24.9 bg=20.8 carry=12.6 h0=12.5 h=12.5
v5_arena rows=6862 cfgs=2768 cells=359813 total_mib=103.3 bx=38.9 bh=10.1 bh2=10.1 bg=8.4 carry=6.2 h0=5.0 h=5.0
v5_arena rows=53250 cfgs=210 cells=380456 total_mib=714.1 bx=301.7 bh=78.0 bh2=78.0 bg=65.0 h0=39.0 h=39.0 h2=39.0
v5_arena rows=27633 cfgs=419 cells=328301 total_mib=394.6 bx=156.5 bh=40.5 bh2=40.5 bg=33.7 carry=22.2 h0=20.2 h=20.2
v5_arena rows=32184 cfgs=190 cells=508372 total_mib=431.0 bx=182.3 bh=47.1 bh2=47.1 bg=39.3 h0=23.6 h=23.6 h2=23.6
v5_arena rows=6244 cfgs=6263 cells=387431 total_mib=101.1 bx=35.4 bh=9.1 bh2=9.1 carry=8.7 bg=7.6 h0=4.6 h=4.6
v5_arena rows=27735 cfgs=6599 cells=804862 total_mib=390.5 bx=157.1 bh=40.6 bh2=40.6 bg=33.9 h0=20.3 h=20.3 h2=20.3
v5_arena rows=21191 cfgs=6855 cells=629134 total_mib=312.3 bx=120.0 bh=31.0 bh2=31.0 bg=25.9 carry=21.3 h0=15.5 h=15.5
v5_arena rows=3201 cfgs=425 cells=235949 total_mib=49.5 bx=18.1 bh=4.7 bh2=4.7 bg=3.9 carry=3.5 h0=2.3 h=2.3
v5_arena rows=11517 cfgs=158 cells=280146 total_mib=156.6 bx=65.2 bh=16.9 bh2=16.9 bg=14.1 h0=8.4 h=8.4 h2=8.4
v5_arena rows=7210 cfgs=3636 cells=134824 total_mib=103.7 bx=40.8 bh=10.6 bh2=10.6 bg=8.8 carry=5.8 h0=5.3 h=5.3
v5_arena rows=27788 cfgs=10228 cells=1445136 total_mib=425.9 bx=157.4 bh=40.7 bh2=40.7 bg=33.9 carry=30.8 h0=20.4 h=20.4
v5_arena rows=22784 cfgs=67 cells=148392 total_mib=294.2 bx=129.1 bh=33.4 bh2=33.4 bg=27.8 h0=16.7 h=16.7 h2=16.7
v5_arena rows=3337 cfgs=341 cells=31839 total_mib=46.9 bx=18.9 bh=4.9 bh2=4.9 bg=4.1 carry=2.8 h0=2.4 h=2.4
v5_arena rows=3239 cfgs=155 cells=89536 total_mib=43.9 bx=18.3 bh=4.7 bh2=4.7 bg=4.0 h0=2.4 h=2.4 h2=2.4
v5_arena rows=5351 cfgs=30 cells=16841 total_mib=67.8 bx=30.3 bh=7.8 bh2=7.8 bg=6.5 h0=3.9 h=3.9 h2=3.9
v5_arena rows=3461 cfgs=347 cells=34857 total_mib=47.5 bx=19.6 bh=5.1 bh2=5.1 bg=4.2 h0=2.5 h=2.5 h2=2.5
v5_arena rows=7571 cfgs=3310 cells=232137 total_mib=107.0 bx=42.9 bh=11.1 bh2=11.1 bg=9.3 h0=5.5 h=5.5 h2=5.5
v5_arena rows=12952 cfgs=4716 cells=495274 total_mib=186.9 bx=73.4 bh=19.0 bh2=19.0 bg=15.8 carry=9.6 h0=9.5 h=9.5
v5_arena rows=24360 cfgs=688 cells=3502140 total_mib=428.4 bx=138.0 carry=43.3 bh=35.7 bh2=35.7 bg=29.7 h0=17.8 h=17.8
v5_arena rows=47680 cfgs=155 cells=801704 total_mib=637.2 bx=270.1 bh=69.8 bh2=69.8 bg=58.2 h0=34.9 h=34.9 h2=34.9
v5_arena rows=12629 cfgs=6466 cells=545683 total_mib=184.6 bx=71.5 bh=18.5 bh2=18.5 bg=15.4 carry=9.5 h0=9.2 h=9.2
v5_arena rows=9537 cfgs=5571 cells=357984 total_mib=139.4 bx=54.0 bh=14.0 bh2=14.0 bg=11.7 carry=7.1 h0=7.0 h=7.0
v5_arena rows=23608 cfgs=3567 cells=568686 total_mib=323.7 bx=133.7 bh=34.6 bh2=34.6 bg=28.8 h0=17.3 h=17.3 h2=17.3
v5_arena rows=16508 cfgs=5177 cells=321386 total_mib=236.9 bx=93.5 bh=24.2 bh2=24.2 bg=20.2 carry=14.3 h0=12.1 h=12.1
v5_arena rows=13158 cfgs=8078 cells=594420 total_mib=194.8 bx=74.5 bh=19.3 bh2=19.3 bg=16.1 carry=10.3 h0=9.6 h=9.6
v5_arena rows=19916 cfgs=5824 cells=649888 total_mib=287.2 bx=112.8 bh=29.2 bh2=29.2 bg=24.3 carry=16.2 h0=14.6 h=14.6
v5_arena rows=16308 cfgs=4743 cells=907111 total_mib=243.9 bx=92.4 bh=23.9 bh2=23.9 bg=19.9 carry=14.4 h0=11.9 h=11.9
v5_arena rows=14600 cfgs=9594 cells=470867 total_mib=216.4 bx=82.7 bh=21.4 bh2=21.4 bg=17.9 carry=13.7 h0=10.7 h=10.7
v5_arena rows=17287 cfgs=3667 cells=483676 total_mib=241.5 bx=97.9 bh=25.3 bh2=25.3 bg=21.1 h0=12.7 h=12.7 h2=12.7
v5_arena rows=10675 cfgs=5799 cells=249992 total_mib=153.6 bx=60.5 bh=15.6 bh2=15.6 bg=13.1 carry=8.4 h0=7.8 h=7.8
v5_arena rows=16815 cfgs=3878 cells=466073 total_mib=237.2 bx=95.3 bh=24.6 bh2=24.6 bg=20.5 h0=12.3 h=12.3 h2=12.3
v5_arena rows=9686 cfgs=7622 cells=429429 total_mib=146.4 bx=54.9 bh=14.2 bh2=14.2 bg=11.8 carry=9.2 h0=7.1 h=7.1
v5_arena rows=10312 cfgs=8196 cells=415616 total_mib=156.9 bx=58.4 bh=15.1 bh2=15.1 bg=12.6 carry=11.0 h0=7.6 h=7.6
v5_arena rows=18991 cfgs=58 cells=69868 total_mib=243.0 bx=107.6 bh=27.8 bh2=27.8 bg=23.2 h0=13.9 h=13.9 h2=13.9
v5_arena rows=10808 cfgs=6232 cells=382462 total_mib=158.2 bx=61.2 bh=15.8 bh2=15.8 bg=13.2 carry=9.0 h0=7.9 h=7.9
v5_arena rows=20380 cfgs=5998 cells=726025 total_mib=294.4 bx=115.4 bh=29.9 bh2=29.9 bg=24.9 carry=15.0 h0=14.9 h=14.9
v5_arena rows=4530 cfgs=29 cells=7067 total_mib=57.1 bx=25.7 bh=6.6 bh2=6.6 bg=5.5 h0=3.3 h=3.3 h2=3.3
v5_arena rows=60824 cfgs=2208 cells=2427918 total_mib=868.4 bx=344.6 bh=89.1 bh2=89.1 bg=74.3 h0=44.5 h=44.5 h2=44.5
v5_arena rows=27872 cfgs=155 cells=141415 total_mib=374.8 bx=157.9 bh=40.8 bh2=40.8 bg=34.0 h0=20.4 h=20.4 h2=20.4
v5_arena rows=10506 cfgs=3159 cells=364333 total_mib=150.9 bx=59.5 bh=15.4 bh2=15.4 bg=12.8 h0=7.7 h=7.7 h2=7.7
v5_arena rows=24206 cfgs=883 cells=486793 total_mib=336.2 bx=137.1 bh=35.5 bh2=35.5 bg=29.6 h0=17.7 h=17.7 h2=17.7
v5_arena rows=22500 cfgs=859 cells=540668 total_mib=306.2 bx=127.5 bh=33.0 bh2=33.0 bg=27.5 h0=16.5 h=16.5 h2=16.5
v5_arena rows=3541 cfgs=153 cells=90693 total_mib=47.8 bx=20.1 bh=5.2 bh2=5.2 bg=4.3 h0=2.6 h=2.6 h2=2.6
v5_arena rows=14538 cfgs=414 cells=645581 total_mib=213.9 bx=82.4 bh=21.3 bh2=21.3 bg=17.7 carry=15.0 h0=10.6 h=10.6
v5_arena rows=12005 cfgs=4460 cells=373612 total_mib=169.4 bx=68.0 bh=17.6 bh2=17.6 bg=14.7 h0=8.8 h=8.8 h2=8.8
v5_arena rows=14359 cfgs=1261 cells=346567 total_mib=201.9 bx=81.3 bh=21.0 bh2=21.0 bg=17.5 h0=10.5 h=10.5 h2=10.5
v5_arena rows=16363 cfgs=7040 cells=507963 total_mib=231.3 bx=92.7 bh=24.0 bh2=24.0 bg=20.0 h0=12.0 h=12.0 h2=12.0
v5_arena rows=794 cfgs=294 cells=7703 total_mib=10.9 bx=4.5 bh=1.2 bh2=1.2 bg=1.0 h0=0.6 h=0.6 h2=0.6
v5_arena rows=7168 cfgs=1142 cells=108286 total_mib=100.5 bx=40.6 bh=10.5 bh2=10.5 bg=8.8 h0=5.2 h=5.2 h2=5.2
v5_arena rows=25792 cfgs=276 cells=610980 total_mib=355.0 bx=146.1 bh=37.8 bh2=37.8 bg=31.5 h0=18.9 h=18.9 h2=18.9
v5_arena rows=3225 cfgs=1496 cells=100830 total_mib=52.1 bx=18.3 carry=6.0 bh=4.7 bh2=4.7 bg=3.9 h0=2.4 h=2.4
v5_arena rows=19570 cfgs=4288 cells=543095 total_mib=275.4 bx=110.9 bh=28.7 bh2=28.7 bg=23.9 h0=14.3 h=14.3 h2=14.3
v5_arena rows=12108 cfgs=6388 cells=411905 total_mib=175.8 bx=68.6 bh=17.7 bh2=17.7 bg=14.8 carry=9.4 h0=8.9 h=8.9
v5_arena rows=4970 cfgs=2100 cells=71524 total_mib=69.3 bx=28.2 bh=7.3 bh2=7.3 bg=6.1 h0=3.6 h=3.6 h2=3.6
v5_arena rows=17621 cfgs=5334 cells=393971 total_mib=258.0 bx=99.8 bh=25.8 bh2=25.8 bg=21.5 carry=18.2 h0=12.9 h=12.9
v5_arena rows=13118 cfgs=758 cells=95615 total_mib=179.6 bx=74.3 bh=19.2 bh2=19.2 bg=16.0 h0=9.6 h=9.6 h2=9.6
v5_arena rows=8311 cfgs=6744 cells=340996 total_mib=124.5 bx=47.1 bh=12.2 bh2=12.2 bg=10.2 carry=7.4 h0=6.1 h=6.1
v5_arena rows=36938 cfgs=545 cells=677743 total_mib=508.1 bx=209.2 bh=54.1 bh2=54.1 bg=45.1 h0=27.1 h=27.1 h2=27.1
v5_arena rows=23345 cfgs=4324 cells=560521 total_mib=324.8 bx=132.2 bh=34.2 bh2=34.2 bg=28.5 h0=17.1 h=17.1 h2=17.1
v5_arena rows=15868 cfgs=7947 cells=451653 total_mib=226.5 bx=89.9 bh=23.2 bh2=23.2 bg=19.4 h0=11.6 h=11.6 h2=11.6
v5_arena rows=30115 cfgs=239 cells=185139 total_mib=385.1 bx=170.6 bh=44.1 bh2=44.1 bg=36.8 h0=22.1 h=22.1 h2=22.1
v5_arena rows=10359 cfgs=6324 cells=380942 total_mib=150.7 bx=58.7 bh=15.2 bh2=15.2 bg=12.7 h0=7.6 h=7.6 h2=7.6
v5_arena rows=24836 cfgs=7582 cells=590902 total_mib=359.9 bx=140.7 bh=36.4 bh2=36.4 bg=30.3 carry=22.1 h0=18.2 h=18.2
v5_arena rows=23449 cfgs=6669 cells=470447 total_mib=332.0 bx=132.8 bh=34.3 bh2=34.3 bg=28.6 carry=17.9 h0=17.2 h=17.2
v5_arena rows=13573 cfgs=4623 cells=447251 total_mib=195.7 bx=76.9 bh=19.9 bh2=19.9 bg=16.6 carry=11.0 h0=9.9 h=9.9
v5_arena rows=15585 cfgs=5910 cells=566094 total_mib=232.8 bx=88.3 bh=22.8 bh2=22.8 bg=19.0 carry=16.6 h0=11.4 h=11.4
v5_arena rows=17258 cfgs=4451 cells=475004 total_mib=248.8 bx=97.8 bh=25.3 bh2=25.3 bg=21.1 carry=14.6 h0=12.6 h=12.6
v5_arena rows=7451 cfgs=1108 cells=99173 total_mib=99.3 bx=42.2 bh=10.9 bh2=10.9 bg=9.1 h0=5.5 h=5.5 h2=5.5
v5_arena rows=3215 cfgs=538 cells=137629 total_mib=46.1 bx=18.2 bh=4.7 bh2=4.7 bg=3.9 h0=2.4 h=2.4 h2=2.4
v5_arena rows=11743 cfgs=5932 cells=367336 total_mib=167.3 bx=66.5 bh=17.2 bh2=17.2 bg=14.4 h0=8.6 h=8.6 h2=8.6
v5_arena rows=34662 cfgs=111 cells=296082 total_mib=452.6 bx=196.4 bh=50.8 bh2=50.8 bg=42.3 h0=25.4 h=25.4 h2=25.4
v5_arena rows=8233 cfgs=6267 cells=443368 total_mib=124.9 bx=46.6 bh=12.1 bh2=12.1 bg=10.1 carry=7.3 h0=6.0 h=6.0
v5_arena rows=23638 cfgs=4966 cells=570702 total_mib=330.2 bx=133.9 bh=34.6 bh2=34.6 bg=28.9 h0=17.3 h=17.3 h2=17.3
v5_arena rows=11303 cfgs=2678 cells=345068 total_mib=159.4 bx=64.0 bh=16.6 bh2=16.6 bg=13.8 h0=8.3 h=8.3 h2=8.3
v5_arena rows=16023 cfgs=9635 cells=526332 total_mib=233.8 bx=90.8 bh=23.5 bh2=23.5 bg=19.6 carry=12.9 h0=11.7 h=11.7
v5_arena rows=6062 cfgs=2646 cells=67837 total_mib=83.4 bx=34.3 bh=8.9 bh2=8.9 bg=7.4 h0=4.4 h=4.4 h2=4.4
v5_arena rows=3120 cfgs=134 cells=18263 total_mib=40.3 bx=17.7 bh=4.6 bh2=4.6 bg=3.8 h0=2.3 h=2.3 h2=2.3
v5_arena rows=45806 cfgs=592 cells=1721617 total_mib=685.2 bx=259.5 bh=67.1 bh2=67.1 carry=56.8 bg=55.9 h0=33.5 h=33.5
v5_arena rows=59013 cfgs=366 cells=2093523 total_mib=816.8 bx=334.3 bh=86.4 bh2=86.4 bg=72.0 h0=43.2 h=43.2 h2=43.2
v5_arena rows=13440 cfgs=7508 cells=529146 total_mib=198.1 bx=76.1 bh=19.7 bh2=19.7 bg=16.4 carry=11.3 h0=9.8 h=9.8
v5_arena rows=10400 cfgs=7569 cells=491183 total_mib=156.0 bx=58.9 bh=15.2 bh2=15.2 bg=12.7 carry=9.0 h0=7.6 h=7.6
v5_arena rows=14632 cfgs=827 cells=1289212 total_mib=228.1 bx=82.9 bh=21.4 bh2=21.4 bg=17.9 carry=14.0 h0=10.7 h=10.7
v5_arena rows=7828 cfgs=5661 cells=255113 total_mib=115.5 bx=44.3 bh=11.5 bh2=11.5 bg=9.6 carry=6.9 h0=5.7 h=5.7
v5_arena rows=12780 cfgs=6343 cells=352393 total_mib=181.4 bx=72.4 bh=18.7 bh2=18.7 bg=15.6 h0=9.4 h=9.4 h2=9.4
v5_arena rows=16999 cfgs=8155 cells=466617 total_mib=241.0 bx=96.3 bh=24.9 bh2=24.9 bg=20.8 h0=12.5 h=12.5 h2=12.5
v5_arena rows=19861 cfgs=13340 cells=618717 total_mib=291.7 bx=112.5 bh=29.1 bh2=29.1 bg=24.3 carry=17.1 h0=14.5 h=14.5
v5_arena rows=46392 cfgs=202 cells=1028417 total_mib=629.4 bx=262.8 bh=68.0 bh2=68.0 bg=56.6 h0=34.0 h=34.0 h2=34.0
v5_arena rows=13310 cfgs=3694 cells=461879 total_mib=192.2 bx=75.4 bh=19.5 bh2=19.5 bg=16.3 carry=10.4 h0=9.7 h=9.7
v5_arena rows=14109 cfgs=4128 cells=540324 total_mib=203.5 bx=79.9 bh=20.7 bh2=20.7 bg=17.2 carry=10.5 h0=10.3 h=10.3
v5_arena rows=21977 cfgs=3783 cells=380794 total_mib=299.2 bx=124.5 bh=32.2 bh2=32.2 bg=26.9 h0=16.1 h=16.1 h2=16.1
v5_arena rows=10298 cfgs=4661 cells=306445 total_mib=146.5 bx=58.3 bh=15.1 bh2=15.1 bg=12.6 h0=7.5 h=7.5 h2=7.5
v5_arena rows=12361 cfgs=3345 cells=398484 total_mib=178.0 bx=70.0 bh=18.1 bh2=18.1 bg=15.1 carry=9.8 h0=9.1 h=9.1
v5_arena rows=28090 cfgs=4699 cells=588767 total_mib=382.6 bx=159.1 bh=41.1 bh2=41.1 bg=34.3 h0=20.6 h=20.6 h2=20.6
v5_arena rows=22535 cfgs=579 cells=1207614 total_mib=334.6 bx=127.7 bh=33.0 bh2=33.0 bg=27.5 carry=19.9 h0=16.5 h=16.5
v5_arena rows=34296 cfgs=6774 cells=1027207 total_mib=486.9 bx=194.3 bh=50.2 bh2=50.2 bg=41.9 h0=25.1 h=25.1 h2=25.1
v5_arena rows=11111 cfgs=5841 cells=270452 total_mib=158.0 bx=62.9 bh=16.3 bh2=16.3 bg=13.6 h0=8.1 h=8.1 h2=8.1
v5_arena rows=3680 cfgs=505 cells=208031 total_mib=55.5 bx=20.8 bh=5.4 bh2=5.4 bg=4.5 carry=4.2 h0=2.7 h=2.7
v5_arena rows=18679 cfgs=3789 cells=302651 total_mib=255.4 bx=105.8 bh=27.4 bh2=27.4 bg=22.8 h0=13.7 h=13.7 h2=13.7
v5_arena rows=13428 cfgs=6658 cells=339181 total_mib=191.0 bx=76.1 bh=19.7 bh2=19.7 bg=16.4 h0=9.8 h=9.8 h2=9.8
v5_arena rows=7272 cfgs=342 cells=72975 total_mib=96.1 bx=41.2 bh=10.7 bh2=10.7 bg=8.9 h0=5.3 h=5.3 h2=5.3
v5_arena rows=8686 cfgs=3998 cells=234530 total_mib=122.5 bx=49.2 bh=12.7 bh2=12.7 bg=10.6 h0=6.4 h=6.4 h2=6.4
v5_arena rows=9284 cfgs=212 cells=229514 total_mib=129.8 bx=52.6 bh=13.6 bh2=13.6 bg=11.3 h0=6.8 h=6.8 h2=6.8
v5_arena rows=17315 cfgs=506 cells=416877 total_mib=241.2 bx=98.1 bh=25.4 bh2=25.4 bg=21.1 h0=12.7 h=12.7 h2=12.7
v5_arena rows=16526 cfgs=3817 cells=496846 total_mib=232.6 bx=93.6 bh=24.2 bh2=24.2 bg=20.2 h0=12.1 h=12.1 h2=12.1
v5_arena rows=4796 cfgs=147 cells=56158 total_mib=63.7 bx=27.2 bh=7.0 bh2=7.0 bg=5.9 h0=3.5 h=3.5 h2=3.5
v5_arena rows=12834 cfgs=7352 cells=457850 total_mib=186.4 bx=72.7 bh=18.8 bh2=18.8 bg=15.7 carry=9.5 h0=9.4 h=9.4
v5_arena rows=11300 cfgs=3465 cells=466249 total_mib=163.6 bx=64.0 bh=16.6 bh2=16.6 bg=13.8 carry=8.6 h0=8.3 h=8.3
v5_arena rows=13381 cfgs=4495 cells=194479 total_mib=182.2 bx=75.8 bh=19.6 bh2=19.6 bg=16.4 h0=9.8 h=9.8 h2=9.8
v5_arena rows=25063 cfgs=637 cells=1285504 total_mib=382.0 bx=142.0 bh=36.7 bh2=36.7 carry=32.0 bg=30.6 h0=18.4 h=18.4
v5_arena rows=21974 cfgs=921 cells=1618360 total_mib=336.7 bx=124.5 bh=32.2 bh2=32.2 bg=26.8 carry=21.1 h0=16.1 h=16.1
v5_arena rows=11729 cfgs=3315 cells=333344 total_mib=170.1 bx=66.4 bh=17.2 bh2=17.2 bg=14.3 carry=10.3 h0=8.6 h=8.6
v5_arena rows=6431 cfgs=3455 cells=326077 total_mib=95.0 bx=36.4 bh=9.4 bh2=9.4 bg=7.9 h0=4.7 h=4.7 h2=4.7
v5_arena rows=78714 cfgs=607 cells=2392838 total_mib=1104.9 bx=445.9 bh=115.3 bh2=115.3 bg=96.1 h0=57.7 h=57.7 h2=57.7
v5_arena rows=74760 cfgs=977 cells=3337091 total_mib=1081.6 bx=423.5 bh=109.5 bh2=109.5 bg=91.3 carry=55.8 h0=54.8 h=54.8
v5_arena rows=29640 cfgs=92 cells=184304 total_mib=385.5 bx=167.9 bh=43.4 bh2=43.4 bg=36.2 h0=21.7 h=21.7 h2=21.7
v5_arena rows=9510 cfgs=6724 cells=472071 total_mib=144.4 bx=53.9 bh=13.9 bh2=13.9 bg=11.6 carry=9.3 h0=7.0 h=7.0
v5_arena rows=16270 cfgs=2557 cells=464235 total_mib=224.9 bx=92.2 bh=23.8 bh2=23.8 bg=19.9 h0=11.9 h=11.9 h2=11.9
v5_arena rows=22911 cfgs=4313 cells=542357 total_mib=315.3 bx=129.8 bh=33.6 bh2=33.6 bg=28.0 h0=16.8 h=16.8 h2=16.8
v5_arena rows=38122 cfgs=258 cells=634903 total_mib=510.2 bx=216.0 bh=55.8 bh2=55.8 bg=46.5 h0=27.9 h=27.9 h2=27.9
v5_arena rows=20774 cfgs=11213 cells=398943 total_mib=294.3 bx=117.7 bh=30.4 bh2=30.4 bg=25.4 h0=15.2 h=15.2 h2=15.2
v5_arena rows=28503 cfgs=1030 cells=305244 total_mib=378.7 bx=161.5 bh=41.8 bh2=41.8 bg=34.8 h0=20.9 h=20.9 h2=20.9
{"phase": "live", "seconds": 40.059, "solves": 58368, "solves_per_s": 1457.1, "oversize_routes": 0, "card_exclusive_routes": 0, "wait_frac": 0.494, "merge_frac": 0.001}
v5_arena rows=11223 cfgs=364 cells=1268694 total_mib=184.4 bx=63.6 bh=16.4 bh2=16.4 bg=13.7 carry=12.8 h0=8.2 h=8.2
v5_arena rows=10157 cfgs=7574 cells=686303 total_mib=158.4 bx=57.5 bh=14.9 bh2=14.9 bg=12.4 carry=10.2 h0=7.4 h=7.4
v5_arena rows=14492 cfgs=9570 cells=574297 total_mib=213.1 bx=82.1 bh=21.2 bh2=21.2 bg=17.7 carry=11.4 h0=10.6 h=10.6
v5_arena rows=6778 cfgs=3018 cells=220824 total_mib=100.1 bx=38.4 bh=9.9 bh2=9.9 bg=8.3 carry=6.7 h0=5.0 h=5.0
v5_arena rows=22316 cfgs=4426 cells=449016 total_mib=310.9 bx=126.4 bh=32.7 bh2=32.7 bg=27.3 h0=16.3 h=16.3 h2=16.3
v5_arena rows=15628 cfgs=4121 cells=473574 total_mib=225.5 bx=88.5 bh=22.9 bh2=22.9 bg=19.1 carry=12.8 h0=11.4 h=11.4
v5_arena rows=10307 cfgs=4186 cells=295866 total_mib=145.7 bx=58.4 bh=15.1 bh2=15.1 bg=12.6 h0=7.5 h=7.5 h2=7.5
v5_arena rows=44607 cfgs=383 cells=2142646 total_mib=644.0 bx=252.7 bh=65.3 bh2=65.3 bg=54.5 h0=32.7 h=32.7 h2=32.7
v5_arena rows=8500 cfgs=3928 cells=223089 total_mib=120.0 bx=48.2 bh=12.5 bh2=12.5 bg=10.4 h0=6.2 h=6.2 h2=6.2
v5_arena rows=23010 cfgs=3602 cells=367153 total_mib=309.1 bx=130.3 bh=33.7 bh2=33.7 bg=28.1 h0=16.9 h=16.9 h2=16.9
v5_arena rows=9461 cfgs=2232 cells=272281 total_mib=131.7 bx=53.6 bh=13.9 bh2=13.9 bg=11.6 h0=6.9 h=6.9 h2=6.9
v5_arena rows=10130 cfgs=1941 cells=157264 total_mib=141.5 bx=57.4 bh=14.8 bh2=14.8 bg=12.4 h0=7.4 h=7.4 h2=7.4
v5_arena rows=6603 cfgs=1401 cells=209218 total_mib=92.5 bx=37.4 bh=9.7 bh2=9.7 bg=8.1 h0=4.8 h=4.8 h2=4.8
v5_arena rows=9129 cfgs=7572 cells=402534 total_mib=139.4 bx=51.7 bh=13.4 bh2=13.4 bg=11.2 carry=9.5 h0=6.7 h=6.7
v5_arena rows=10209 cfgs=2161 cells=226221 total_mib=139.1 bx=57.8 bh=15.0 bh2=15.0 bg=12.5 h0=7.5 h=7.5 h2=7.5
v5_arena rows=11392 cfgs=5439 cells=308243 total_mib=162.6 bx=64.5 bh=16.7 bh2=16.7 bg=13.9 h0=8.3 h=8.3 h2=8.3
v5_arena rows=17265 cfgs=256 cells=226722 total_mib=225.7 bx=97.8 bh=25.3 bh2=25.3 bg=21.1 h0=12.6 h=12.6 h2=12.6
v5_arena rows=14676 cfgs=7266 cells=569430 total_mib=212.2 bx=83.1 bh=21.5 bh2=21.5 bg=18.0 h0=10.7 h=10.7 h2=10.7
v5_arena rows=3113 cfgs=524 cells=142441 total_mib=46.7 bx=17.6 bh=4.6 bh2=4.6 bg=3.8 carry=3.5 h0=2.3 h=2.3
v5_arena rows=26680 cfgs=329 cells=106048 total_mib=387.8 bx=151.1 bh=39.1 bh2=39.1 bg=32.6 carry=31.1 h0=19.5 h=19.5
v5_arena rows=4820 cfgs=2390 cells=65218 total_mib=66.6 bx=27.3 bh=7.1 bh2=7.1 bg=5.9 h0=3.5 h=3.5 h2=3.5
v5_arena rows=14301 cfgs=6183 cells=316239 total_mib=199.5 bx=81.0 bh=20.9 bh2=20.9 bg=17.5 h0=10.5 h=10.5 h2=10.5
v5_arena rows=40940 cfgs=534 cells=1888695 total_mib=615.2 bx=231.9 bh=60.0 bh2=60.0 bg=50.0 carry=48.3 h0=30.0 h=30.0
v5_arena rows=27328 cfgs=660 cells=592457 total_mib=374.4 bx=154.8 bh=40.0 bh2=40.0 bg=33.4 h0=20.0 h=20.0 h2=20.0
v5_arena rows=21785 cfgs=133 cells=176095 total_mib=279.8 bx=123.4 bh=31.9 bh2=31.9 bg=26.6 h0=16.0 h=16.0 h2=16.0
v5_arena rows=24019 cfgs=6832 cells=662877 total_mib=347.4 bx=136.1 bh=35.2 bh2=35.2 bg=29.3 carry=21.3 h0=17.6 h=17.6
v5_arena rows=14165 cfgs=4955 cells=581321 total_mib=207.8 bx=80.2 bh=20.7 bh2=20.7 bg=17.3 carry=12.2 h0=10.4 h=10.4
v5_arena rows=12443 cfgs=4438 cells=319728 total_mib=172.3 bx=70.5 bh=18.2 bh2=18.2 bg=15.2 h0=9.1 h=9.1 h2=9.1
v5_arena rows=26962 cfgs=5145 cells=751305 total_mib=374.1 bx=152.7 bh=39.5 bh2=39.5 bg=32.9 h0=19.7 h=19.7 h2=19.7
v5_arena rows=8351 cfgs=3519 cells=328891 total_mib=124.4 bx=47.3 bh=12.2 bh2=12.2 bg=10.2 carry=8.7 h0=6.1 h=6.1
v5_arena rows=70481 cfgs=429 cells=4366623 total_mib=1064.9 bx=399.3 bh=103.2 bh2=103.2 bg=86.0 carry=74.1 h0=51.6 h=51.6
v5_arena rows=12946 cfgs=5127 cells=365326 total_mib=181.6 bx=73.3 bh=19.0 bh2=19.0 bg=15.8 h0=9.5 h=9.5 h2=9.5
v5_arena rows=19154 cfgs=7453 cells=376626 total_mib=264.6 bx=108.5 bh=28.1 bh2=28.1 bg=23.4 h0=14.0 h=14.0 h2=14.0
v5_arena rows=12862 cfgs=5736 cells=322912 total_mib=181.3 bx=72.9 bh=18.8 bh2=18.8 bg=15.7 h0=9.4 h=9.4 h2=9.4
v5_arena rows=11798 cfgs=2458 cells=261864 total_mib=164.2 bx=66.8 bh=17.3 bh2=17.3 bg=14.4 h0=8.6 h=8.6 h2=8.6
v5_arena rows=13952 cfgs=4566 cells=267663 total_mib=200.8 bx=79.0 bh=20.4 bh2=20.4 bg=17.0 carry=12.3 h0=10.2 h=10.2
v5_arena rows=13450 cfgs=7046 cells=395619 total_mib=192.5 bx=76.2 bh=19.7 bh2=19.7 bg=16.5 h0=9.9 h=9.9 h2=9.9
v5_arena rows=6749 cfgs=4264 cells=249975 total_mib=99.9 bx=38.2 bh=9.9 bh2=9.9 bg=8.3 carry=5.9 h0=4.9 h=4.9
v5_arena rows=18709 cfgs=216 cells=87750 total_mib=249.9 bx=106.0 bh=27.4 bh2=27.4 bg=22.8 h0=13.7 h=13.7 h2=13.7
v5_arena rows=11023 cfgs=3013 cells=464079 total_mib=160.3 bx=62.4 bh=16.1 bh2=16.1 bg=13.5 carry=8.7 h0=8.1 h=8.1
v5_arena rows=2902 cfgs=976 cells=82406 total_mib=41.1 bx=16.4 bh=4.3 bh2=4.3 bg=3.5 h0=2.1 h=2.1 h2=2.1
v5_arena rows=15439 cfgs=3441 cells=528816 total_mib=220.4 bx=87.5 bh=22.6 bh2=22.6 bg=18.9 h0=11.3 h=11.3 h2=11.3
v5_arena rows=18871 cfgs=8733 cells=527618 total_mib=269.6 bx=106.9 bh=27.6 bh2=27.6 bg=23.1 h0=13.8 h=13.8 h2=13.8
v5_arena rows=63008 cfgs=224 cells=1385519 total_mib=851.2 bx=356.9 bh=92.3 bh2=92.3 bg=76.9 h0=46.1 h=46.1 h2=46.1
v5_arena rows=35722 cfgs=821 cells=187342 total_mib=489.1 bx=202.4 bh=52.3 bh2=52.3 bg=43.6 h0=26.2 h=26.2 h2=26.2
v5_arena rows=29436 cfgs=765 cells=1248002 total_mib=418.4 bx=166.7 bh=43.1 bh2=43.1 bg=35.9 h0=21.6 h=21.6 h2=21.6
v5_arena rows=8714 cfgs=4320 cells=319987 total_mib=125.0 bx=49.4 bh=12.8 bh2=12.8 bg=10.7 h0=6.4 h=6.4 h2=6.4
v5_arena rows=6042 cfgs=2580 cells=154222 total_mib=85.1 bx=34.2 bh=8.9 bh2=8.9 bg=7.4 h0=4.4 h=4.4 h2=4.4
v5_arena rows=10182 cfgs=7133 cells=366434 total_mib=150.5 bx=57.7 bh=14.9 bh2=14.9 bg=12.5 carry=8.8 h0=7.5 h=7.5
v5_arena rows=3828 cfgs=52 cells=23075 total_mib=48.9 bx=21.7 bh=5.6 bh2=5.6 bg=4.7 h0=2.8 h=2.8 h2=2.8
v5_arena rows=44402 cfgs=200 cells=1281015 total_mib=609.7 bx=251.5 bh=65.0 bh2=65.0 bg=54.2 h0=32.5 h=32.5 h2=32.5
v5_arena rows=10635 cfgs=3303 cells=283826 total_mib=150.0 bx=60.2 bh=15.6 bh2=15.6 bg=13.0 h0=7.8 h=7.8 h2=7.8
v5_arena rows=12859 cfgs=2432 cells=278054 total_mib=177.3 bx=72.8 bh=18.8 bh2=18.8 bg=15.7 h0=9.4 h=9.4 h2=9.4
v5_arena rows=10314 cfgs=2925 cells=280513 total_mib=144.0 bx=58.4 bh=15.1 bh2=15.1 bg=12.6 h0=7.6 h=7.6 h2=7.6
v5_arena rows=12527 cfgs=1773 cells=115211 total_mib=167.9 bx=71.0 bh=18.4 bh2=18.4 bg=15.3 h0=9.2 h=9.2 h2=9.2
v5_arena rows=11246 cfgs=6062 cells=300705 total_mib=158.9 bx=63.7 bh=16.5 bh2=16.5 bg=13.8 h0=8.2 h=8.2 h2=8.2
v5_arena rows=17131 cfgs=6344 cells=364855 total_mib=236.6 bx=97.0 bh=25.1 bh2=25.1 bg=21.0 h0=12.5 h=12.5 h2=12.5
v5_arena rows=30352 cfgs=300 cells=2046183 total_mib=453.0 bx=171.9 bh=44.5 bh2=44.5 bg=37.1 carry=22.8 h0=22.2 h=22.2
v5_arena rows=29134 cfgs=37 cells=110464 total_mib=369.9 bx=165.0 bh=42.7 bh2=42.7 bg=35.6 h0=21.3 h=21.3 h2=21.3
v5_arena rows=4233 cfgs=1261 cells=97424 total_mib=60.9 bx=24.0 bh=6.2 bh2=6.2 bg=5.2 carry=3.7 h0=3.1 h=3.1
v5_arena rows=69598 cfgs=123 cells=267599 total_mib=892.3 bx=394.3 bh=102.0 bh2=102.0 bg=85.0 h0=51.0 h=51.0 h2=51.0
v5_arena rows=27275 cfgs=7057 cells=1180387 total_mib=399.7 bx=154.5 bh=40.0 bh2=40.0 bg=33.3 carry=22.3 h0=20.0 h=20.0
v5_arena rows=26476 cfgs=755 cells=4663344 total_mib=483.1 bx=150.0 carry=43.8 bh=38.8 bh2=38.8 bg=32.3 h0=19.4 h=19.4
v5_arena rows=5014 cfgs=1574 cells=133378 total_mib=69.6 bx=28.4 bh=7.3 bh2=7.3 bg=6.1 h0=3.7 h=3.7 h2=3.7
v5_arena rows=16350 cfgs=6624 cells=447352 total_mib=229.3 bx=92.6 bh=24.0 bh2=24.0 bg=20.0 h0=12.0 h=12.0 h2=12.0
v5_arena rows=12984 cfgs=2728 cells=315842 total_mib=179.7 bx=73.6 bh=19.0 bh2=19.0 bg=15.9 h0=9.5 h=9.5 h2=9.5
v5_arena rows=42418 cfgs=268 cells=428488 total_mib=549.3 bx=240.3 bh=62.1 bh2=62.1 bg=51.8 h0=31.1 h=31.1 h2=31.1
v5_arena rows=4778 cfgs=2834 cells=173297 total_mib=69.8 bx=27.1 bh=7.0 bh2=7.0 bg=5.8 carry=3.7 h0=3.5 h=3.5
v5_arena rows=25536 cfgs=7345 cells=982698 total_mib=369.3 bx=144.7 bh=37.4 bh2=37.4 bg=31.2 carry=19.2 h0=18.7 h=18.7
v5_arena rows=1749 cfgs=697 cells=71522 total_mib=25.7 bx=9.9 bh=2.6 bh2=2.6 bg=2.1 carry=1.6 h0=1.3 h=1.3
v5_arena rows=7156 cfgs=1123 cells=87257 total_mib=95.5 bx=40.5 bh=10.5 bh2=10.5 bg=8.7 h0=5.2 h=5.2 h2=5.2
v5_arena rows=16119 cfgs=6730 cells=408657 total_mib=226.9 bx=91.3 bh=23.6 bh2=23.6 bg=19.7 h0=11.8 h=11.8 h2=11.8
v5_arena rows=1672 cfgs=1336 cells=49648 total_mib=24.7 bx=9.5 bh=2.4 bh2=2.4 bg=2.0 carry=1.6 h0=1.2 h=1.2
v5_arena rows=21379 cfgs=578 cells=3001603 total_mib=369.6 bx=121.1 bh=31.3 bh2=31.3 carry=30.6 bg=26.1 h0=15.7 h=15.7
v5_arena rows=2520 cfgs=2125 cells=155829 total_mib=40.0 bx=14.3 bh=3.7 bh2=3.7 carry=3.2 bg=3.1 h0=1.8 h=1.8
v5_arena rows=2146 cfgs=420 cells=36729 total_mib=28.6 bx=12.2 bh=3.1 bh2=3.1 bg=2.6 h0=1.6 h=1.6 h2=1.6
v5_arena rows=29641 cfgs=7111 cells=1093751 total_mib=426.4 bx=167.9 bh=43.4 bh2=43.4 bg=36.2 carry=22.4 h0=21.7 h=21.7
v5_arena rows=3814 cfgs=1186 cells=156812 total_mib=55.3 bx=21.6 bh=5.6 bh2=5.6 bg=4.7 carry=3.0 h0=2.8 h=2.8
v5_arena rows=35874 cfgs=226 cells=179559 total_mib=458.1 bx=203.2 bh=52.5 bh2=52.5 bg=43.8 h0=26.3 h=26.3 h2=26.3
v5_arena rows=33977 cfgs=884 cells=6353251 total_mib=661.3 bx=192.5 carry=67.2 bh=49.8 bh2=49.8 bg=41.5 h0=24.9 h=24.9
v5_arena rows=27310 cfgs=371 cells=426063 total_mib=375.0 bx=154.7 bh=40.0 bh2=40.0 bg=33.3 h0=20.0 h=20.0 h2=20.0
v5_arena rows=6036 cfgs=870 cells=233854 total_mib=85.7 bx=34.2 bh=8.8 bh2=8.8 bg=7.4 h0=4.4 h=4.4 h2=4.4
v5_arena rows=3320 cfgs=893 cells=28806 total_mib=44.8 bx=18.8 bh=4.9 bh2=4.9 bg=4.1 h0=2.4 h=2.4 h2=2.4
v5_arena rows=22833 cfgs=170 cells=896426 total_mib=317.2 bx=129.3 bh=33.4 bh2=33.4 bg=27.9 h0=16.7 h=16.7 h2=16.7
{"phase": "prestop", "wait_frac": 0.53, "merge_frac": 0.001, "solves": 58368, "games": 0, "decisions": 174991, "oversize_routes": 0, "card_exclusive_routes": 0, "exact_fallbacks": 0, "censored_games": 0, "dropped": 0, "node_caps": 3, "seconds": 40.05906658596359, "solves_per_s": 1457.0}
{"phase": "drained", "solves": 59608, "games": 0, "decisions": 183126, "oversize_routes": 0, "card_exclusive_routes": 0, "exact_fallbacks": 0, "censored_games": 4608, "dropped": 0, "node_caps": 3, "seconds": 43.469, "solves_per_s": 1371.3}
